##TITLE=      new experiment
##JCAMP-DX=   5.01   $$ Agilent Technologies, VNMR Software
$$ VNMR Version VERSION Revision REVISION, May 22, 2014
$$ 2026/09/30 20:21:22 -0700
$$ writedata version 9.4, 2007-03-15
$$   listparam.c 3.2 (2009-03-17_09:34)
##DATA TYPE=  NMR SPECTRUM
##DATA CLASS= XYDATA
##ORIGIN=     WB400.mrrc.com.(none)
##OWNER=      solids
##SPECTROMETER/DATA SYSTEM=   Varian VNMRS-400
##.OBSERVE FREQUENCY= 100.5245303  $$ MHz
##.OBSERVE NUCLEUS=   ^13C
$$solvent=dmso
##.FIELD=             9.39         $$ Tesla
##.ACQUISITION TIME=  0.0102400    $$ seconds
##.AVERAGES=          32768        $$ number of transients
##RESOLUTION=         3.052        $$ digital resolution in Hz
##.MAS FREQUENCY=     20000        $$ Hz
##.PHASE 0=           -127.9       $$ zero order phase correction (left edge)
##.PHASE 1=           -0.001146    $$ first order phase correction, deg/Hz
##$REFERENCE_POINT=   14969.660    $$ Referencing label
$$      Distance of the zero axis position (in Hz) from the last data
$$      point (right edge); positive values -> right edge is below 0 Hz
$$
$$ Varian specific parameters
$$ --------------------------
##$acqcycles=    1
##$acqdim=       1
##$acqpath=      <>
##$acqstatus=    (0..1)  101 0
##$ACQtime=      40.335779
##$ad=           5                 $$ usec
##$adir2tmplt=   <>
##$adirtmplt=    <>
##$aH90=         2660
##$aHhx=         1650
##$aHhy=         1525
##$aHmix=        2000
##$aHspinal=     2000
##$aHtppm=       2660
##$aHwaltz=      0
##$aHyx=         2000
##$alfa=         10                $$ usec
##$alock=        <n>
##$ampmode=      <dddd>
##$apptype=      <solidsseq1d>
##$Archive1=     <>
##$Archive2=     <>
##$archivedir=   <>
##$array=        <>
##$arraydelta=   1
##$arraydim=     1
##$arraydodc=    <n>
##$arraydscale=  <n>
##$arrayelemts=  0
##$arrayflip=    <n>
##$arraystart=   1
##$arraystop=    1
##$at=           0.01024
##$avwdir=       <>
##$aX180=        3500
##$aX90=         3550
##$aXdfs=        0
##$aXhx=         3550
##$aXyx=         875
##$aY90=         3950
##$aYhy=         3950
##$aYspinal=     0
##$aYtppm=       0
##$aYyx=         3225
##$aZ90=         2000
##$bHX=          0
##$bHY=          0
##$bs=           1
##$bYX=          0
##$celem=        1
##$chHspinal=    <dec>
##$chHtppm=      <dec>
##$chHwaltz=     <dec>
##$chHX=         <fr>
##$chHY=         <fr>
##$chXdfs=       <>
##$chYspinal=    <dec2>
##$chYtppm=      <dec2>
##$chYX=         <fr>
##$clearparams=  <frHX toHX chHspinal chHtppm chXdfs>
##$comment=      <>
##$concentration= 0
##$console=      <vnmrs>
##$cp=           <y>
##$ct=           32768
##$d1=           2                 $$ sec
##$d2=           0                 $$ sec
##$d3=           0                 $$ usec
##$dataid=       <>
##$dataProcessed= 0
##$date=         <Mar 29 2019>
##$datname=      <>
##$ddrpm=        <>
##$ddrtc=        10                $$ usec
##$dec2wave=     <g>
##$dec3wave=     <g>
##$decwave=      <g>
##$density=      1
##$dfrq=         399.7417658       $$ Hz
##$dfrq2=        40.5073595
##$dfrq3=        0
##$dHX=          75
##$dHY=          100
##$dm=           <n>
##$dm2=          <n>
##$dm3=          <n>
##$dmf=          9900
##$dmf2=         10000
##$dmf3=         10000
##$dmm=          <c>
##$dmm2=         <c>
##$dmm3=         <c>
##$dn=           <H1>
##$dn2=          <N15>
##$dn2shapes=    (0..2)  <> <> <>
##$dn3=          <>
##$dn3shapes=    (0..2)  <> <> <>
##$dnshapes=     (0..2)  <> <> <>
##$dod=          0.00999999977648  $$ sec
##$dof=          -3653.9           $$ Hz
##$dof2=         -2259.3           $$ Hz
##$dof3=         0                 $$ Hz
##$dp=           <y>
##$dpwr=         57
##$dpwr2=        57
##$dpwr3=        54
##$dreffrq=      399.743421015
##$dreffrq2=     40.5210591862
##$dres=         90
##$dres2=        1
##$dres3=        1
##$dseq=         <>
##$dseq2=        <>
##$dseq3=        <>
##$dutyc=        0.1
##$dwell=        0                 $$ usec
##$dYX=          0
##$email_=       <>
##$emailwhen=    <>
##$emessage=     <n>
##$explabel=     <tancpx>
##$explist=      <>
##$exppath=      </home/solids/vnmrsys/exp38/acqfil>
##$f1coef=       <>
##$f1SW=         <>
##$f2SW=         <>
##$faculty=      <>
##$fb=           13800
##$fdfdir=       <>
##$fdffile=      <>
##$fidid=        <>
##$file=         </home/solids/MRRC_CORE_DATA/Steve/2019_March_AntSilk/C13_AntSilk_CPMAS_good_20kHz.fid>
##$filename=     <>
##$filter=       44.0999984741
##$fn=           32768
##$frHX=         <dec>
##$frHY=         <dec>
##$frYX=         <dec2>
##$ftproc=       (0..1)  1 35
##$gain=         10
##$Gmap=         <lk>
##$Gmapname=     <>
##$go_id=        <exp38.solids.WB400.mrrc.com_1553877537_555700>
##$go_Options=   <go>
##$gxppars=      <>
##$H1reffrq=     399.743421015
##$hdmf=         600
##$hdof=         0                 $$ Hz
##$hdpsmode=     <n>
##$hdpwr=        1
##$hdpwrf=       4095
##$hdres=        9
##$hdseq=        <>
##$hdwave=       <SEDUCE1>
##$Hmixseq=      <>
##$homo=         <n>
##$homo2=        <n>
##$homo3=        <n>
##$hs=           <nn>
##$Hseq=         <tppm>
##$hsrotor=      <y>
##$hst=          0.00800000037998  $$ sec
##$ident=        <>
##$il=           <n>
##$in=           <n>
##$intstd=       <>
##$investigator= <>
##$IPrunid=      <>
##$iswt=         0
##$lb=           25
##$lcpeak_=      0
##$lllabel=      <>
##$load=         <n>
##$locdir=       <>
##$lockfreq_=    61.3632           $$ Hz
##$lockgain_=    0
##$lockphase_=   0
##$lockpower_=   0
##$longlist=     <>
##$lot=          <>
##$lpalg=        <lpfft>
##$lpalg1=       <lpfft>
##$lpext=        5
##$lpext1=       1
##$lpfilt=       32
##$lpfilt1=      32
##$lpnupts=      256
##$lpnupts1=     64
##$lpopt=        <b>
##$lpopt1=       <b>
##$lpprint=      0
##$lpprint1=     0
##$lptrace=      0
##$lptrace1=     0
##$marker1=      <>
##$marker2=      <>
##$markerfrq1=   0
##$markerfrq2=   0
##$method=       <z1z2>
##$mfslp=        <n>
##$MinSW=        <off>
##$modules=      <>
##$name=         <>
##$nameprefix=   <>
##$newmodules=   <>
##$ni=           1
##$nloop=        0
##$notebook=     <>
##$np=           1024
##$npts=         0
##$nt=           32768
##$obsSW=        <>
##$of1Xdfs=      0                 $$ Hz
##$of2Xdfs=      0                 $$ Hz
##$ofHX=         0                 $$ Hz
##$ofHY=         0                 $$ Hz
##$ofXdfs=       0                 $$ Hz
##$ofYX=         0                 $$ Hz
##$operator_=    <solids>
##$p1=           0                 $$ usec
##$p11console=   <>
##$pad=          0                 $$ sec
##$page=         <>
##$paramChanged= 0
##$parlabel=     <>
##$parver=       <VnmrJ VERSION 4.0 REVISION A>
##$parversion=   5.1
##$PFGflg=       <n>
##$phase=        1
##$phHspinal=    9.9864
##$phHtppm=      13.0086
##$phYspinal=    0
##$phYtppm=      0
##$plocklist=    <>
##$plotfile=     <>
##$pltopt=       <y>
##$pmode=        <full>
##$position1=    <>
##$position2=    <>
##$pp=           46.4000053406     $$ usec
##$pplvl=        55
##$pplvl_cf=     1
##$prcopt=       <y>
##$prescan=      (0..10)  <Not done> <Not done> <off> <off> <off> <off> <off> <on> <on> <> <>
##$priority=     5
##$probe_=       <3.2_MM_PENCIL>
##$probetype_=   <liquids>
##$proc=         <ft>
##$proccmd=      <wft>
##$procdim=      1
##$processid=    0
##$protocols=    <>
##$pslabel=      <tancpx>
##$pw=           5.99999904633     $$ usec
##$pw90=         0                 $$ usec
##$pwH90=        3                 $$ usec
##$pwHspinal=    8                 $$ usec
##$pwHtppm=      5.5               $$ usec
##$pwHwaltz=     0                 $$ usec
##$pwx=          15                $$ usec
##$pwX180=       5                 $$ usec
##$pwx2=         15                $$ usec
##$pwx2lvl=      55
##$pwx2lvl_cf=   1
##$pwX90=        3.5               $$ usec
##$pwXdfs=       0                 $$ usec
##$pwxlvl=       55
##$pwxlvl_cf=    1
##$pwY90=        5.25              $$ usec
##$pwYspinal=    0                 $$ usec
##$pwYtppm=      0                 $$ usec
##$pwZ90=        4                 $$ usec
##$queue=        <dayQ>
##$rd=           5                 $$ usec
##$ref=          651.583001501     $$ Hz
##$ref1=         0                 $$ Hz
##$reffrq2=      100.515085718
##$refsource1=   <dfrq>
##$refstd_=      <>
##$researchgroup= <>
##$retentiontime_= <>
##$rfband=       <ccc>
##$rfchnuclei=   <>
##$rof1=         0                 $$ usec
##$rof2=         24.975            $$ usec
##$sample=       <>
##$samplename=   <>
##$sampleowner=  <>
##$sampwt=       0
##$satdly=       0                 $$ sec
##$satfrq=       0                 $$ Hz
##$satmode=      <n>
##$satpwr=       0
##$saveglobal_=  (0..19)  <probe> <lcpeak> <loc> <lockpower> <lockgain> <lockphase> <lockfreq> <z0> <lkof> <vloc> <vrack> <vzone> <vproto> <pkpick> <parstyle> <operator> <studyid> <systemname> <probetype> <refstd>
##$saveshapes=   <>
##$scans=        <>
##$scoutinfo=    <>
##$sdirtmplt=    <>
##$seqfil=       <tancpx>
##$sfrq=         100.5245303
##$shHX=         <l>
##$shHY=         <l>
##$shims=        <>
##$showarray=    <horiz>
##$showcontent=  <s>
##$shownumbers=  <n>
##$shownumstyle= <auto>
##$shownumx=     0
##$shownumy=     0
##$shYX=         <l>
##$sn=           50
##$solvent=      <dmso>
##$srate=        20000             $$ Hz
##$sreffrq=      100.515563163
##$ss=           0
##$sspul=        <n>
##$strtext=      5
##$strtext1=     1
##$strtlp=       5
##$strtlp1=      2
##$strtpar=      <>
##$study=        <>
##$studyid_=     <tmpstudy>
##$studyowner=   <solids>
##$studystatus=  <Empty>
##$studytime=    0
##$svfopt=       <y>
##$svftmplt=     <>
##$sw=           50000
##$sw1=          16000
##$systemname_=  <WB400.mrrc.com-vnmrs400>
##$tau1=         0                 $$ usec
##$tau2=         0                 $$ usec
##$tau3=         0                 $$ usec
##$tHmix=        50000             $$ usec
##$tHX=          1000              $$ usec
##$tHY=          1000              $$ usec
##$time_exp=     <2 min, 57 sec>
##$time_plotted= <>
##$time_processed= <20260930T202034>
##$time_run=     <20190330T050110>
##$time_submitted= <20190329T093857>
##$time_submitted_local= <20190329T093857X09AMFriMar>
##$time_svfdate= <20190329T093857>
##$tin=          <n>
##$tn=           <C13>
##$tnshapes=     (0..2)  <> <> <>
##$tof=          -559              $$ Hz
##$toHX=         <obs>
##$toHY=         <dec2>
##$toYX=         <obs>
##$tpwr=         57
##$tpwr_cf=      1
##$tunemethod=   <n>
##$tXmix=        0                 $$ usec
##$tYX=          1000              $$ usec
##$user=         < 1-14-87>
##$username=     <Greg>
##$vloc_=        <A0>
##$volume=       0
##$vproto_=      <>
##$vrack_=       1
##$vtc=          25
##$vtwait=       1                 $$ sec
##$vzone_=       1
##$wbs=          <>
##$wdone=        <>
##$wds=          <>
##$werr=         <>
##$wexp=         <>
##$wnt=          <>
##$wshim=        <n>
##$wstart=       <>
##$wtfile=       <>
##$wtune=        <n>
##$x1=           -11400
##$x2y2=         -267
##$x3=           -2410
##$x4=           0
##$xy=           2600
##$xz=           -13390
##$xz2=          0
##$y1=           -1110
##$y3=           0
##$y4=           0
##$Yseq=         <>
##$yz=           -4480
##$yz2=          4
##$z0_=          0
##$z1=           1570
##$z1c=          -1044
##$z2=           -3744
##$z2c=          196
##$z2x2y2=       0
##$z2x3=         0
##$z2xy=         0
##$z2y3=         0
##$z3=           7130
##$z3c=          0
##$z3x=          0
##$z3x2y2=       0
##$z3x3=         0
##$z3xy=         0
##$z3y=          0
##$z3y3=         0
##$z4=           0
##$z4c=          0
##$z4x=          0
##$z4x2y2=       0
##$z4xy=         0
##$z4y=          0
##$z5=           0
##$z5x=          0
##$z5y=          0
##$z6=           0
##$z7=           0
##$z8=           0
##$zx2y2=        0
##$zx3=          0
##$zxy=          0
##$zy3=          0
##$rp=           -185.2
##$lp=           57.3
##$rfl=          14970.6      $$ Hz
##$rfp=          0.0          $$ Hz
##$reffrq=       100.5145009  $$ MHz
##$axis=         <p2>
##$th=           18.5         $$ mm
##$sp=           -14967.5     $$ Hz
##$wp=           49996.9      $$ Hz
##$cr=           20891.3      $$ Hz
##$delta=        4616.2       $$ Hz
##$dmg=          <ph>
##$aig=          <ai>
##$vs=           7539837.1
$$
$$ End of Varian specific parameters
$$ ---------------------------------
$$ data saved in "DIFDUP" format
$$ Y-values stored with extended (24-bit) integer precision
$$
##DELTAX=        -3.051757812
##XUNITS=        PPM
##YUNITS=        ARBITRARY UNITS      $$ (mm on paper)
##XFACTOR=       1.000000000000
##YFACTOR=       1.000000000000
##FIRSTXHz=        35029.426617
##LASTXHz=         -14967.521625
##NPOINTS=       16384
##MAXY=          65.177202
##MINY=          -0.894420
##FIRSTY=        -0.092690
##XYDATA=        (XY..XY))
348.501, -0.092690
348.471, -0.040174
348.441, 0.013718
348.410, 0.068125
348.380, 0.122134
348.349, 0.174805
348.319, 0.225194
348.289, 0.272375
348.258, 0.315462
348.228, 0.353634
348.198, 0.386161
348.167, 0.412413
348.137, 0.431888
348.107, 0.444226
348.076, 0.449212
348.046, 0.446788
348.015, 0.437060
347.985, 0.420291
347.955, 0.396898
347.924, 0.367440
347.894, 0.332611
347.864, 0.293212
347.833, 0.250141
347.803, 0.204357
347.773, 0.156876
347.742, 0.108723
347.712, 0.060917
347.681, 0.014442
347.651, -0.029779
347.621, -0.070907
347.590, -0.108208
347.560, -0.141069
347.530, -0.169018
347.499, -0.191731
347.469, -0.209036
347.439, -0.220922
347.408, -0.227527
347.378, -0.229145
347.347, -0.226191
347.317, -0.219221
347.287, -0.208877
347.256, -0.195896
347.226, -0.181063
347.196, -0.165210
347.165, -0.149166
347.135, -0.133751
347.105, -0.119745
347.074, -0.107864
347.044, -0.098730
347.014, -0.092879
346.983, -0.090711
346.953, -0.092512
346.922, -0.098417
346.892, -0.108430
346.862, -0.122413
346.831, -0.140088
346.801, -0.161059
346.771, -0.184810
346.740, -0.210726
346.710, -0.238121
346.680, -0.266236
346.649, -0.294288
346.619, -0.321475
346.588, -0.347004
346.558, -0.370108
346.528, -0.390089
346.497, -0.406308
346.467, -0.418227
346.437, -0.425410
346.406, -0.427542
346.376, -0.424433
346.346, -0.416026
346.315, -0.402396
346.285, -0.383751
346.254, -0.360414
346.224, -0.332832
346.194, -0.301548
346.163, -0.267193
346.133, -0.230460
346.103, -0.192098
346.072, -0.152881
346.042, -0.113591
346.012, -0.074993
345.981, -0.037825
345.951, -0.002766
345.921, 0.029572
345.890, 0.058662
345.860, 0.084075
345.829, 0.105491
345.799, 0.122699
345.769, 0.135610
345.738, 0.144249
345.708, 0.148756
345.678, 0.149380
345.647, 0.146459
345.617, 0.140430
345.587, 0.131797
345.556, 0.121115
345.526, 0.108991
345.495, 0.096040
345.465, 0.082889
345.435, 0.070148
345.404, 0.058394
345.374, 0.048157
345.344, 0.039903
345.313, 0.034022
345.283, 0.030821
345.253, 0.030509
345.222, 0.033199
345.192, 0.038900
345.161, 0.047524
345.131, 0.058881
345.101, 0.072699
345.070, 0.088610
345.040, 0.106188
345.010, 0.124938
344.979, 0.144326
344.949, 0.163788
344.919, 0.182745
344.888, 0.200625
344.858, 0.216873
344.827, 0.230965
344.797, 0.242435
344.767, 0.250875
344.736, 0.255948
344.706, 0.257406
344.676, 0.255085
344.645, 0.248918
344.615, 0.238933
344.585, 0.225250
344.554, 0.208087
344.524, 0.187739
344.494, 0.164586
344.463, 0.139069
344.433, 0.111689
344.402, 0.082984
344.372, 0.053527
344.342, 0.023895
344.311, -0.005328
344.281, -0.033585
344.251, -0.060342
344.220, -0.085113
344.190, -0.107468
344.160, -0.127043
344.129, -0.143546
344.099, -0.156764
344.068, -0.166572
344.038, -0.172924
344.008, -0.175858
343.977, -0.175493
343.947, -0.172015
343.917, -0.165680
343.886, -0.156796
343.856, -0.145718
343.826, -0.132824
343.795, -0.118521
343.765, -0.103213
343.734, -0.087299
343.704, -0.071160
343.674, -0.055136
343.643, -0.039535
343.613, -0.024611
343.583, -0.010554
343.552, 0.002502
343.522, 0.014489
343.492, 0.025402
343.461, 0.035301
343.431, 0.044303
343.401, 0.052573
343.370, 0.060320
343.340, 0.067782
343.309, 0.075222
343.279, 0.082908
343.249, 0.091101
343.218, 0.100047
343.188, 0.109959
343.158, 0.121016
343.127, 0.133333
343.097, 0.146978
343.067, 0.161946
343.036, 0.178163
343.006, 0.195487
342.975, 0.213696
342.945, 0.232511
342.915, 0.251586
342.884, 0.270525
342.854, 0.288887
342.824, 0.306203
342.793, 0.321990
342.763, 0.335763
342.733, 0.347047
342.702, 0.355404
342.672, 0.361376
342.641, 0.362309
342.611, 0.359317
342.581, 0.352216
342.550, 0.340916
342.520, 0.325419
342.490, 0.305830
342.459, 0.282352
342.429, 0.255284
342.399, 0.225016
342.368, 0.192018
342.338, 0.156826
342.308, 0.120039
342.277, 0.082286
342.247, 0.044221
342.216, 0.006509
342.186, -0.030211
342.156, -0.065326
342.125, -0.098274
342.095, -0.128558
342.065, -0.155761
342.034, -0.179557
342.004, -0.199717
341.974, -0.216119
341.943, -0.228743
341.913, -0.237675
341.882, -0.243101
341.852, -0.245300
341.822, -0.244628
341.791, -0.241503
341.761, -0.236407
341.731, -0.229837
341.700, -0.222315
341.670, -0.214356
341.640, -0.206446
341.609, -0.199032
341.579, -0.192502
341.548, -0.187168
341.518, -0.183263
341.488, -0.180921
341.457, -0.180175
341.427, -0.180968
341.397, -0.183141
341.366, -0.186439
341.336, -0.190531
341.306, -0.195014
341.275, -0.199435
341.245, -0.203302
341.214, -0.206113
341.184, -0.207365
341.154, -0.206594
341.123, -0.203367
341.093, -0.197331
341.063, -0.188212
341.032, -0.175838
341.002, -0.160144
340.972, -0.141189
340.941, -0.119152
340.911, -0.094335
340.881, -0.067160
340.850, -0.038153
340.820, -0.007941
340.789, 0.022774
340.759, 0.053237
340.729, 0.082647
340.698, 0.110202
340.668, 0.135115
340.638, 0.156641
340.607, 0.174109
340.577, 0.186933
340.547, 0.194642
340.516, 0.196916
340.486, 0.193563
340.455, 0.184565
340.425, 0.170064
340.395, 0.150367
340.364, 0.125946
340.334, 0.097420
340.304, 0.065545
340.273, 0.031191
340.243, -0.004680
340.213, -0.041042
340.182, -0.076839
340.152, -0.111013
340.121, -0.142537
340.091, -0.170450
340.061, -0.193887
340.030, -0.212105
340.000, -0.224511
339.970, -0.230681
339.939, -0.230385
339.909, -0.223580
339.879, -0.210430
339.848, -0.191297
339.818, -0.166739
339.788, -0.137485
339.757, -0.104424
339.727, -0.068584
339.696, -0.031087
339.666, 0.006867
339.636, 0.044053
339.605, 0.079238
339.575, 0.111237
339.545, 0.138940
339.514, 0.161349
339.484, 0.177611
339.454, 0.187044
339.423, 0.189163
339.393, 0.183695
339.362, 0.170587
339.332, 0.150013
339.302, 0.122372
339.271, 0.088280
339.241, 0.048548
339.211, 0.004163
339.180, -0.043737
339.150, -0.093896
339.120, -0.144983
339.089, -0.195625
339.059, -0.244439
339.028, -0.290089
338.998, -0.331307
338.968, -0.366946
338.937, -0.396003
338.907, -0.417646
338.877, -0.431247
338.846, -0.436392
338.816, -0.432896
338.786, -0.420807
338.755, -0.398273
338.725, -0.367915
338.695, -0.330441
338.664, -0.286730
338.634, -0.237824
338.603, -0.184893
338.573, -0.129187
338.543, -0.072018
338.512, -0.014712
338.482, 0.041428
338.452, 0.095160
338.421, 0.145331
338.391, 0.190914
338.361, 0.231031
338.330, 0.264981
338.300, 0.292246
338.269, 0.312507
338.239, 0.325650
338.209, 0.331757
338.178, 0.331103
338.148, 0.324141
338.118, 0.311477
338.087, 0.293861
338.057, 0.272141
338.027, 0.247247
337.996, 0.220156
337.966, 0.191861
337.935, 0.163342
337.905, 0.135529
337.875, 0.109279
337.844, 0.085364
337.814, 0.064429
337.784, 0.046995
337.753, 0.033437
337.723, 0.023991
337.693, 0.018740
337.662, 0.017628
337.632, 0.020466
337.601, 0.026946
337.571, 0.036659
337.541, 0.049113
337.510, 0.063755
337.480, 0.080000
337.450, 0.097244
337.419, 0.114897
337.389, 0.132394
337.359, 0.149229
337.328, 0.164955
337.298, 0.179209
337.268, 0.191717
337.237, 0.202301
337.207, 0.210878
337.176, 0.217459
337.146, 0.222144
337.116, 0.225112
337.085, 0.226604
337.055, 0.226910
337.025, 0.226352
336.994, 0.225269
336.964, 0.223994
336.934, 0.222836
336.903, 0.222069
336.873, 0.221910
336.842, 0.222506
336.812, 0.223938
336.782, 0.226198
336.751, 0.229196
336.721, 0.232760
336.691, 0.236639
336.660, 0.240510
336.630, 0.244004
336.600, 0.246694
336.569, 0.248136
336.539, 0.247876
336.508, 0.245469
336.478, 0.240500
336.448, 0.232601
336.417, 0.221473
336.387, 0.206891
336.357, 0.188727
336.326, 0.166957
336.296, 0.141661
336.266, 0.113027
336.235, 0.081359
336.205, 0.047053
336.175, 0.010607
336.144, -0.027407
336.114, -0.066352
336.083, -0.105546
336.053, -0.144279
336.023, -0.181840
335.992, -0.217536
335.962, -0.250718
335.932, -0.280787
335.901, -0.307234
335.871, -0.329637
335.841, -0.347686
335.810, -0.361188
335.780, -0.370073
335.749, -0.374394
335.719, -0.374329
335.689, -0.370167
335.658, -0.362306
335.628, -0.351233
335.598, -0.337508
335.567, -0.321743
335.537, -0.304590
335.507, -0.286702
335.476, -0.268726
335.446, -0.251276
335.415, -0.234905
335.385, -0.220099
335.355, -0.207250
335.324, -0.196650
335.294, -0.188479
335.264, -0.182798
335.233, -0.179555
335.203, -0.178575
335.173, -0.179585
335.142, -0.182207
335.112, -0.185983
335.081, -0.190391
335.051, -0.194863
335.021, -0.198805
334.990, -0.201619
334.960, -0.202730
334.930, -0.201601
334.899, -0.197758
334.869, -0.192349
334.839, -0.183528
334.808, -0.171101
334.778, -0.154990
334.748, -0.135232
334.717, -0.111988
334.687, -0.085534
334.656, -0.056255
334.626, -0.024636
334.596, 0.008756
334.565, 0.043293
334.535, 0.078293
334.505, 0.113049
334.474, 0.146850
334.444, 0.179008
334.414, 0.208862
334.383, 0.235817
334.353, 0.259351
334.322, 0.279032
334.292, 0.294528
334.262, 0.305619
334.231, 0.312195
334.201, 0.314271
334.171, 0.311962
334.140, 0.305499
334.110, 0.295202
334.080, 0.281479
334.049, 0.264802
334.019, 0.245694
333.988, 0.224709
333.958, 0.202418
333.928, 0.179379
333.897, 0.156128
333.867, 0.133162
333.837, 0.110919
333.806, 0.089772
333.776, 0.070013
333.746, 0.051852
333.715, 0.035411
333.685, 0.020728
333.655, 0.007755
333.624, -0.003628
333.594, -0.013603
333.563, -0.022417
333.533, -0.030339
333.503, -0.037674
333.472, -0.044729
333.442, -0.051805
333.412, -0.059171
333.381, -0.067066
333.351, -0.075670
333.321, -0.085094
333.290, -0.095397
333.260, -0.106544
333.229, -0.118429
333.199, -0.130872
333.169, -0.143618
333.138, -0.156347
333.108, -0.168697
333.078, -0.180256
333.047, -0.190594
333.017, -0.199267
332.987, -0.205847
332.956, -0.209939
332.926, -0.211180
332.895, -0.209279
332.865, -0.204016
332.835, -0.195262
332.804, -0.182982
332.774, -0.167251
332.744, -0.148241
332.713, -0.126237
332.683, -0.101628
332.653, -0.074891
332.622, -0.046584
332.592, -0.017345
332.562, 0.012151
332.531, 0.041188
332.501, 0.069040
332.470, 0.094992
332.440, 0.118355
332.410, 0.138494
332.379, 0.154849
332.349, 0.166943
332.319, 0.174410
332.288, 0.176993
332.258, 0.174565
332.228, 0.167130
332.197, 0.154826
332.167, 0.137916
332.136, 0.116788
332.106, 0.091946
332.076, 0.063987
332.045, 0.033594
332.015, 0.001515
331.985, -0.031464
331.954, -0.064531
331.924, -0.096888
331.894, -0.127755
331.863, -0.156400
331.833, -0.182164
331.802, -0.204468
331.772, -0.222841
331.742, -0.236924
331.711, -0.246480
331.681, -0.251400
331.651, -0.251708
331.620, -0.247547
331.590, -0.239189
331.560, -0.227002
331.529, -0.211461
331.499, -0.193110
331.468, -0.172560
331.438, -0.150459
331.408, -0.127472
331.377, -0.104261
331.347, -0.081463
331.317, -0.059668
331.286, -0.039404
331.256, -0.021121
331.226, -0.005166
331.195, 0.008206
331.165, 0.018861
331.135, 0.026777
331.104, 0.032043
331.074, 0.034863
331.043, 0.035540
331.013, 0.034468
330.983, 0.032733
330.952, 0.030246
330.922, 0.027578
330.892, 0.025326
330.861, 0.024077
330.831, 0.024400
330.801, 0.026830
330.770, 0.031828
330.740, 0.039789
330.709, 0.051011
330.679, 0.065683
330.649, 0.083883
330.618, 0.105567
330.588, 0.130572
330.558, 0.158610
330.527, 0.189282
330.497, 0.222077
330.467, 0.256392
330.436, 0.291553
330.406, 0.326811
330.375, 0.361382
330.345, 0.394459
330.315, 0.425240
330.284, 0.452934
330.254, 0.476801
330.224, 0.496166
330.193, 0.510430
330.163, 0.519097
330.133, 0.521783
330.102, 0.518222
330.072, 0.508290
330.042, 0.491983
330.011, 0.469441
329.981, 0.440940
329.950, 0.406872
329.920, 0.367746
329.890, 0.324182
329.859, 0.276879
329.829, 0.226608
329.799, 0.174194
329.768, 0.120485
329.738, 0.066351
329.708, 0.012642
329.677, -0.039825
329.647, -0.090273
329.616, -0.137998
329.586, -0.182374
329.556, -0.222876
329.525, -0.259070
329.495, -0.290648
329.465, -0.317400
329.434, -0.339239
329.404, -0.356187
329.374, -0.368369
329.343, -0.376005
329.313, -0.379397
329.282, -0.378928
329.252, -0.375027
329.222, -0.368166
329.191, -0.358837
329.161, -0.347544
329.131, -0.334774
329.100, -0.320991
329.070, -0.306617
329.040, -0.292024
329.009, -0.277515
328.979, -0.263325
328.949, -0.249608
328.918, -0.236447
328.888, -0.223837
328.857, -0.211702
328.827, -0.199900
328.797, -0.188223
328.766, -0.176415
328.736, -0.164181
328.706, -0.151209
328.675, -0.137172
328.645, -0.121756
328.615, -0.104666
328.584, -0.085644
328.554, -0.064493
328.523, -0.041072
328.493, -0.015315
328.463, 0.012755
328.432, 0.043026
328.402, 0.075299
328.372, 0.109281
328.341, 0.144588
328.311, 0.180752
328.281, 0.217242
328.250, 0.253453
328.220, 0.288736
328.189, 0.322411
328.159, 0.353787
328.129, 0.382171
328.098, 0.406897
328.068, 0.427338
328.038, 0.442932
328.007, 0.453188
327.977, 0.457713
327.947, 0.456224
327.916, 0.448546
327.886, 0.434642
327.855, 0.414590
327.825, 0.388610
327.795, 0.357053
327.764, 0.320385
327.734, 0.279194
327.704, 0.234170
327.673, 0.186090
327.643, 0.135806
327.613, 0.084218
327.582, 0.032258
327.552, -0.019129
327.522, -0.069011
327.491, -0.116490
327.461, -0.160723
327.430, -0.200937
327.400, -0.236450
327.370, -0.266693
327.339, -0.291207
327.309, -0.309659
327.279, -0.321862
327.248, -0.327749
327.218, -0.327392
327.188, -0.321000
327.157, -0.308897
327.127, -0.291518
327.096, -0.270861
327.066, -0.246081
327.036, -0.217864
327.005, -0.186934
326.975, -0.154051
326.945, -0.119979
326.914, -0.085473
326.884, -0.051255
326.854, -0.018007
326.823, 0.013649
326.793, 0.043170
326.762, 0.070086
326.732, 0.094018
326.702, 0.114686
326.671, 0.131897
326.641, 0.145552
326.611, 0.155646
326.580, 0.162248
326.550, 0.165504
326.520, 0.165625
326.489, 0.162869
326.459, 0.157535
326.429, 0.149948
326.398, 0.140444
326.368, 0.129357
326.337, 0.117013
326.307, 0.103720
326.277, 0.089745
326.246, 0.075330
326.216, 0.060667
326.186, 0.045914
326.155, 0.031177
326.125, 0.016518
326.095, 0.001969
326.064, -0.012478
326.034, -0.026858
326.003, -0.041220
325.973, -0.055627
325.943, -0.070140
325.912, -0.084817
325.882, -0.099702
325.852, -0.114806
325.821, -0.130120
325.791, -0.145597
325.761, -0.161156
325.730, -0.176668
325.700, -0.191978
325.669, -0.206885
325.639, -0.221168
325.609, -0.234570
325.578, -0.246819
325.548, -0.257636
325.518, -0.266744
325.487, -0.273874
325.457, -0.278775
325.427, -0.281235
325.396, -0.281079
325.366, -0.278182
325.336, -0.272467
325.305, -0.263928
325.275, -0.252619
325.244, -0.238661
325.214, -0.222239
325.184, -0.203598
325.153, -0.183045
325.123, -0.160934
325.093, -0.137657
325.062, -0.113640
325.032, -0.089327
325.002, -0.065169
324.971, -0.041608
324.941, -0.019077
324.910, 0.002032
324.880, 0.021363
324.850, 0.038606
324.819, 0.053516
324.789, 0.065913
324.759, 0.075678
324.728, 0.082775
324.698, 0.087228
324.668, 0.089123
324.637, 0.088623
324.607, 0.085932
324.576, 0.081311
324.546, 0.075048
324.516, 0.067457
324.485, 0.058871
324.455, 0.049614
324.425, 0.040010
324.394, 0.030352
324.364, 0.020905
324.334, 0.011893
324.303, 0.003496
324.273, -0.004168
324.242, -0.011022
324.212, -0.017051
324.182, -0.022296
324.151, -0.026841
324.121, -0.030817
324.091, -0.034386
324.060, -0.037741
324.030, -0.041090
324.000, -0.044638
323.969, -0.048595
323.939, -0.053147
323.909, -0.058454
323.878, -0.064640
323.848, -0.071780
323.817, -0.079902
323.787, -0.088980
323.757, -0.098924
323.726, -0.109596
323.696, -0.120796
323.666, -0.132280
323.635, -0.143759
323.605, -0.154907
323.575, -0.165380
323.544, -0.174814
323.514, -0.182851
323.483, -0.189139
323.453, -0.193356
323.423, -0.195205
323.392, -0.194446
323.362, -0.190886
323.332, -0.184394
323.301, -0.174908
323.271, -0.162438
323.241, -0.147054
323.210, -0.125652
323.180, -0.101696
323.149, -0.075455
323.119, -0.047246
323.089, -0.017429
323.058, 0.013611
323.028, 0.045468
322.998, 0.077733
322.967, 0.110003
322.937, 0.141894
322.907, 0.173053
322.876, 0.203160
322.846, 0.231950
322.816, 0.259199
322.785, 0.284742
322.755, 0.308471
322.724, 0.330326
322.694, 0.350301
322.664, 0.368430
322.633, 0.384787
322.603, 0.399467
322.573, 0.412587
322.542, 0.424264
322.512, 0.434613
322.482, 0.443729
322.451, 0.451684
322.421, 0.458513
322.390, 0.464209
322.360, 0.468718
322.330, 0.471939
322.299, 0.473722
322.269, 0.473875
322.239, 0.472157
322.208, 0.468304
322.178, 0.462033
322.148, 0.453044
322.117, 0.441053
322.087, 0.425791
322.056, 0.407031
322.026, 0.384591
321.996, 0.358365
321.965, 0.328319
321.935, 0.294518
321.905, 0.257127
321.874, 0.216411
321.844, 0.172751
321.814, 0.126632
321.783, 0.078644
321.753, 0.029469
321.722, -0.020126
321.692, -0.069318
321.662, -0.117227
321.631, -0.162952
321.601, -0.205595
321.571, -0.244277
321.540, -0.278172
321.510, -0.306528
321.480, -0.328692
321.449, -0.344130
321.419, -0.352450
321.389, -0.353414
321.358, -0.346957
321.328, -0.333188
321.297, -0.312388
321.267, -0.285024
321.237, -0.251726
321.206, -0.213280
321.176, -0.170612
321.146, -0.124761
321.115, -0.076861
321.085, -0.028104
321.055, 0.020285
321.024, 0.067083
320.994, 0.111102
320.963, 0.151218
320.933, 0.186411
320.903, 0.215784
320.872, 0.238590
320.842, 0.254261
320.812, 0.262413
320.781, 0.262865
320.751, 0.255645
320.721, 0.240986
320.690, 0.219321
320.660, 0.191273
320.629, 0.157636
320.599, 0.119357
320.569, 0.077501
320.538, 0.033238
320.508, -0.012209
320.478, -0.057586
320.447, -0.101640
320.417, -0.143164
320.387, -0.181023
320.356, -0.214177
320.326, -0.241725
320.296, -0.262922
320.265, -0.277189
320.235, -0.284134
320.204, -0.283566
320.174, -0.275485
320.144, -0.260098
320.113, -0.237782
320.083, -0.209109
320.053, -0.174792
320.022, -0.135684
319.992, -0.092759
319.962, -0.047055
319.931, 0.000318
319.901, 0.048236
319.870, 0.095577
319.840, 0.141253
319.810, 0.184240
319.779, 0.223591
319.749, 0.258477
319.719, 0.288186
319.688, 0.312143
319.658, 0.329926
319.628, 0.341261
319.597, 0.346030
319.567, 0.344266
319.536, 0.336138
319.506, 0.321954
319.476, 0.302137
319.445, 0.277215
319.415, 0.247794
319.385, 0.214553
319.354, 0.178214
319.324, 0.137151
319.294, 0.094489
319.263, 0.050979
319.233, 0.007337
319.203, -0.035755
319.172, -0.077669
319.142, -0.117832
319.111, -0.155746
319.081, -0.190974
319.051, -0.223156
319.020, -0.252003
318.990, -0.277297
318.960, -0.298881
318.929, -0.316661
318.899, -0.330594
318.869, -0.340688
318.838, -0.346989
318.808, -0.349575
318.777, -0.348561
318.747, -0.344078
318.717, -0.336280
318.686, -0.325341
318.656, -0.311445
318.626, -0.294797
318.595, -0.275613
318.565, -0.254128
318.535, -0.230593
318.504, -0.205286
318.474, -0.178498
318.443, -0.150552
318.413, -0.121790
318.383, -0.092583
318.352, -0.063331
318.322, -0.034449
318.292, -0.006377
318.261, 0.020430
318.231, 0.045517
318.201, 0.068417
318.170, 0.088683
318.140, 0.105876
318.109, 0.119598
318.079, 0.129479
318.049, 0.135212
318.018, 0.136545
317.988, 0.133301
317.958, 0.125385
317.927, 0.112785
317.897, 0.095590
317.867, 0.073974
317.836, 0.048219
317.806, 0.018691
317.776, -0.014151
317.745, -0.049769
317.715, -0.087551
317.684, -0.126829
317.654, -0.166892
317.624, -0.206996
317.593, -0.246392
317.563, -0.284337
317.533, -0.320110
317.502, -0.353035
317.472, -0.382496
317.442, -0.407952
317.411, -0.428950
317.381, -0.445136
317.350, -0.456268
317.320, -0.462214
317.290, -0.462955
317.259, -0.458592
317.229, -0.449338
317.199, -0.435501
317.168, -0.417495
317.138, -0.395805
317.108, -0.370996
317.077, -0.343670
317.047, -0.314476
317.016, -0.284067
316.986, -0.253109
316.956, -0.222236
316.925, -0.192060
316.895, -0.163137
316.865, -0.135959
316.834, -0.110950
316.804, -0.088454
316.774, -0.068727
316.743, -0.051938
316.713, -0.038168
316.683, -0.027413
316.652, -0.019590
316.622, -0.014544
316.591, -0.012055
316.561, -0.011853
316.531, -0.013625
316.500, -0.017036
316.470, -0.021721
316.440, -0.027321
316.409, -0.033484
316.379, -0.039869
316.349, -0.046161
316.318, -0.052074
316.288, -0.057365
316.257, -0.061830
316.227, -0.065295
316.197, -0.067641
316.166, -0.068782
316.136, -0.068665
316.106, -0.067272
316.075, -0.064613
316.045, -0.060707
316.015, -0.055604
315.984, -0.049348
315.954, -0.041997
315.923, -0.033604
315.893, -0.024218
315.863, -0.013887
315.832, -0.002648
315.802, 0.009465
315.772, 0.022423
315.741, 0.036200
315.711, 0.050766
315.681, 0.066081
315.650, 0.082102
315.620, 0.098759
315.590, 0.115965
315.559, 0.133612
315.529, 0.151554
315.498, 0.169623
315.468, 0.187620
315.438, 0.205826
315.407, 0.223464
315.377, 0.240249
315.347, 0.255882
315.316, 0.270055
315.286, 0.282456
315.256, 0.292791
315.225, 0.300776
315.195, 0.306172
315.164, 0.308774
315.134, 0.308433
315.104, 0.305067
315.073, 0.298661
315.043, 0.289275
315.013, 0.277058
314.982, 0.262232
314.952, 0.245102
314.922, 0.226051
314.891, 0.205527
314.861, 0.184032
314.830, 0.162118
314.800, 0.140362
314.770, 0.119357
314.739, 0.099680
314.709, 0.081894
314.679, 0.066519
314.648, 0.054000
314.618, 0.044711
314.588, 0.038936
314.557, 0.036837
314.527, 0.038473
314.496, 0.043774
314.466, 0.052543
314.436, 0.064464
314.405, 0.079102
314.375, 0.095919
314.345, 0.114280
314.314, 0.133470
314.284, 0.152736
314.254, 0.171279
314.223, 0.188297
314.193, 0.203013
314.163, 0.214694
314.132, 0.222670
314.102, 0.226377
314.071, 0.225356
314.041, 0.219290
314.011, 0.208002
313.980, 0.191475
313.950, 0.169854
313.920, 0.143444
313.889, 0.112701
313.859, 0.078230
313.829, 0.040761
313.798, 0.001136
313.768, -0.039724
313.737, -0.080842
313.707, -0.121206
313.677, -0.159816
313.646, -0.195705
313.616, -0.227966
313.586, -0.255797
313.555, -0.278501
313.525, -0.295536
313.495, -0.306515
313.464, -0.311225
313.434, -0.309636
313.403, -0.301899
313.373, -0.288341
313.343, -0.269464
313.312, -0.245916
313.282, -0.218479
313.252, -0.188042
313.221, -0.155567
313.191, -0.122072
313.161, -0.088578
313.130, -0.056081
313.100, -0.025536
313.070, 0.002204
313.039, 0.026389
313.009, 0.046413
312.978, 0.061836
312.948, 0.072393
312.918, 0.077993
312.887, 0.078744
312.857, 0.074933
312.827, 0.067025
312.796, 0.055636
312.766, 0.041521
312.736, 0.025550
312.705, 0.008664
312.675, -0.008149
312.644, -0.023882
312.614, -0.037566
312.584, -0.048282
312.553, -0.055213
312.523, -0.057668
312.493, -0.055102
312.462, -0.047151
312.432, -0.033637
312.402, -0.014586
312.371, 0.009769
312.341, 0.039006
312.310, 0.072502
312.280, 0.109461
312.250, 0.148943
312.219, 0.189881
312.189, 0.231119
312.159, 0.271449
312.128, 0.309643
312.098, 0.344497
312.068, 0.374877
312.037, 0.399739
312.007, 0.418176
311.976, 0.429445
311.946, 0.432997
311.916, 0.428484
311.885, 0.415794
311.855, 0.395034
311.825, 0.366552
311.794, 0.330906
311.764, 0.288873
311.734, 0.241408
311.703, 0.189631
311.673, 0.134797
311.643, 0.078239
311.612, 0.021360
311.582, -0.034432
311.551, -0.086269
311.521, -0.134313
311.491, -0.177344
311.460, -0.214285
311.430, -0.244220
311.400, -0.266430
311.369, -0.280403
311.339, -0.285854
311.309, -0.282724
311.278, -0.271189
311.248, -0.251637
311.217, -0.224671
311.187, -0.191080
311.157, -0.151817
311.126, -0.107965
311.096, -0.060708
311.066, -0.011307
311.035, 0.038964
311.005, 0.088824
310.975, 0.137035
310.944, 0.182433
310.914, 0.223958
310.883, 0.260681
310.853, 0.291824
310.823, 0.316768
310.792, 0.335084
310.762, 0.346522
310.732, 0.351013
310.701, 0.348674
310.671, 0.339779
310.641, 0.324770
310.610, 0.304208
310.580, 0.278773
310.550, 0.249240
310.519, 0.216439
310.489, 0.181237
310.458, 0.144518
310.428, 0.107148
310.398, 0.069960
310.367, 0.033727
310.337, -0.000849
310.307, -0.033155
310.276, -0.062674
310.246, -0.089000
310.216, -0.111826
310.185, -0.130964
310.155, -0.146314
310.124, -0.157891
310.094, -0.165782
310.064, -0.170160
310.033, -0.171261
310.003, -0.169368
309.973, -0.164807
309.942, -0.157934
309.912, -0.149107
309.882, -0.138692
309.851, -0.127053
309.821, -0.114535
309.790, -0.101467
309.760, -0.088157
309.730, -0.074882
309.699, -0.061909
309.669, -0.049470
309.639, -0.037788
309.608, -0.027070
309.578, -0.017514
309.548, -0.009307
309.517, -0.002635
309.487, 0.002307
309.457, 0.005327
309.426, 0.006231
309.396, 0.004821
309.365, 0.000897
309.335, -0.005731
309.305, -0.015256
309.274, -0.027833
309.244, -0.043606
309.214, -0.062677
309.183, -0.085101
309.153, -0.110883
309.123, -0.139962
309.092, -0.172200
309.062, -0.207383
309.031, -0.245214
309.001, -0.285310
308.971, -0.327206
308.940, -0.370340
308.910, -0.414091
308.880, -0.457762
308.849, -0.500601
308.819, -0.541815
308.789, -0.580592
308.758, -0.616110
308.728, -0.647569
308.697, -0.674199
308.667, -0.695291
308.637, -0.710215
308.606, -0.718442
308.576, -0.719554
308.546, -0.713265
308.515, -0.699434
308.485, -0.678073
308.455, -0.649340
308.424, -0.613567
308.394, -0.571225
308.363, -0.522930
308.333, -0.469437
308.303, -0.411611
308.272, -0.350419
308.242, -0.286899
308.212, -0.222138
308.181, -0.157247
308.151, -0.093336
308.121, -0.031479
308.090, 0.027303
308.060, 0.082077
308.030, 0.132008
307.999, 0.176385
307.969, 0.214642
307.938, 0.246366
307.908, 0.271304
307.878, 0.289361
307.847, 0.300615
307.817, 0.305291
307.787, 0.303772
307.756, 0.296565
307.726, 0.284307
307.696, 0.267722
307.665, 0.244118
307.635, 0.217845
307.604, 0.189787
307.574, 0.160828
307.544, 0.131838
307.513, 0.103640
307.483, 0.076995
307.453, 0.052586
307.422, 0.031003
307.392, 0.012723
307.362, -0.001879
307.331, -0.012559
307.301, -0.019179
307.270, -0.021734
307.240, -0.020307
307.210, -0.015100
307.179, -0.006397
307.149, 0.005439
307.119, 0.019987
307.088, 0.036774
307.058, 0.055296
307.028, 0.075035
306.997, 0.095473
306.967, 0.116102
306.937, 0.136440
306.906, 0.156039
306.876, 0.174499
306.845, 0.191457
306.815, 0.206618
306.785, 0.219728
306.754, 0.230603
306.724, 0.239099
306.694, 0.245131
306.663, 0.248658
306.633, 0.249679
306.603, 0.248238
306.572, 0.244397
306.542, 0.238251
306.511, 0.229920
306.481, 0.219534
306.451, 0.207246
306.420, 0.193212
306.390, 0.177608
306.360, 0.160625
306.329, 0.142449
306.299, 0.123296
306.269, 0.103401
306.238, 0.082993
306.208, 0.062342
306.177, 0.041737
306.147, 0.021478
306.117, 0.001889
306.086, -0.016677
306.056, -0.033869
306.026, -0.049309
305.995, -0.062620
305.965, -0.073427
305.935, -0.081371
305.904, -0.086104
305.874, -0.087322
305.844, -0.084759
305.813, -0.078207
305.783, -0.067524
305.752, -0.052649
305.722, -0.033606
305.692, -0.010515
305.661, 0.016406
305.631, 0.046838
305.601, 0.080351
305.570, 0.116425
305.540, 0.154448
305.510, 0.193719
305.479, 0.233473
305.449, 0.272891
305.418, 0.311114
305.388, 0.347274
305.358, 0.380512
305.327, 0.409989
305.297, 0.434936
305.267, 0.454646
305.236, 0.468518
305.206, 0.476067
305.176, 0.476948
305.145, 0.470957
305.115, 0.458053
305.084, 0.438357
305.054, 0.412162
305.024, 0.379918
304.993, 0.342229
304.963, 0.299841
304.933, 0.253630
304.902, 0.204565
304.872, 0.153697
304.842, 0.102128
304.811, 0.050994
304.781, 0.001404
304.750, -0.045555
304.720, -0.088875
304.690, -0.127631
304.659, -0.161017
304.629, -0.188382
304.599, -0.209223
304.568, -0.223204
304.538, -0.230179
304.508, -0.230177
304.477, -0.223408
304.447, -0.210255
304.417, -0.191262
304.386, -0.167107
304.356, -0.138593
304.325, -0.106612
304.295, -0.072126
304.265, -0.036136
304.234, 0.000352
304.204, 0.036359
304.174, 0.070948
304.143, 0.103266
304.113, 0.132556
304.083, 0.158187
304.052, 0.179658
304.022, 0.196628
303.991, 0.208886
303.961, 0.216395
303.931, 0.219261
303.900, 0.217727
303.870, 0.212156
303.840, 0.203035
303.809, 0.190926
303.779, 0.179489
303.749, 0.166358
303.718, 0.152214
303.688, 0.137724
303.657, 0.123520
303.627, 0.110168
303.597, 0.098161
303.566, 0.087891
303.536, 0.079645
303.506, 0.073590
303.475, 0.069785
303.445, 0.068152
303.415, 0.068512
303.384, 0.070582
303.354, 0.073991
303.324, 0.078291
303.293, 0.082983
303.263, 0.087545
303.232, 0.091443
303.202, 0.094160
303.172, 0.095206
303.141, 0.094160
303.111, 0.090679
303.081, 0.084506
303.050, 0.075486
303.020, 0.063574
302.990, 0.048851
302.959, 0.031489
302.929, 0.011787
302.898, -0.009869
302.868, -0.032996
302.838, -0.057060
302.807, -0.081467
302.777, -0.105600
302.747, -0.128837
302.716, -0.150572
302.686, -0.170236
302.656, -0.187335
302.625, -0.201435
302.595, -0.212216
302.564, -0.219452
302.534, -0.223042
302.504, -0.222997
302.473, -0.219459
302.443, -0.212673
302.413, -0.203004
302.382, -0.190894
302.352, -0.176879
302.322, -0.161543
302.291, -0.145506
302.261, -0.129406
302.230, -0.113865
302.200, -0.099477
302.170, -0.086783
302.139, -0.076231
302.109, -0.068196
302.079, -0.062937
302.048, -0.060597
302.018, -0.061198
301.988, -0.064627
301.957, -0.070661
301.927, -0.078960
301.897, -0.089075
301.866, -0.100482
301.836, -0.112584
301.805, -0.124736
301.775, -0.136272
301.745, -0.146523
301.714, -0.154867
301.684, -0.160709
301.654, -0.163539
301.623, -0.162935
301.593, -0.158591
301.563, -0.150324
301.532, -0.138069
301.502, -0.121919
301.471, -0.102093
301.441, -0.078949
301.411, -0.052954
301.380, -0.024697
301.350, 0.005137
301.320, 0.035797
301.289, 0.066485
301.259, 0.096366
301.229, 0.124612
301.198, 0.150411
301.168, 0.173008
301.137, 0.191710
301.107, 0.205916
301.077, 0.215135
301.046, 0.218993
301.016, 0.217242
300.986, 0.209772
300.955, 0.196611
300.925, 0.177915
300.895, 0.153959
300.864, 0.125136
300.834, 0.091932
300.804, 0.054919
300.773, 0.014729
300.743, -0.027969
300.712, -0.072480
300.682, -0.118115
300.652, -0.164195
300.621, -0.210087
300.591, -0.255204
300.561, -0.299022
300.530, -0.341088
300.500, -0.381035
300.470, -0.418564
300.439, -0.453462
300.409, -0.485581
300.378, -0.514844
300.348, -0.541225
300.318, -0.564737
300.287, -0.585419
300.257, -0.603327
300.227, -0.618507
300.196, -0.630994
300.166, -0.640796
300.136, -0.647879
300.105, -0.652163
300.075, -0.653518
300.044, -0.651768
300.014, -0.646682
299.984, -0.637984
299.953, -0.625375
299.923, -0.608524
299.893, -0.586294
299.862, -0.559178
299.832, -0.526898
299.802, -0.489215
299.771, -0.445971
299.741, -0.397091
299.711, -0.342610
299.680, -0.282681
299.650, -0.217589
299.619, -0.147769
299.589, -0.073771
299.559, 0.003684
299.528, 0.083758
299.498, 0.165494
299.468, 0.247830
299.437, 0.329610
299.407, 0.409625
299.377, 0.486636
299.346, 0.559408
299.316, 0.626718
299.285, 0.687421
299.255, 0.740468
299.225, 0.784931
299.194, 0.820029
299.164, 0.845162
299.134, 0.859931
299.103, 0.864148
299.073, 0.857836
299.043, 0.841251
299.012, 0.814869
298.982, 0.779381
298.951, 0.735659
298.921, 0.684765
298.891, 0.627905
298.860, 0.566402
298.830, 0.501671
298.800, 0.435164
298.769, 0.368350
298.739, 0.302675
298.709, 0.239518
298.678, 0.180152
298.648, 0.125730
298.617, 0.077249
298.587, 0.035517
298.557, 0.001151
298.526, -0.025435
298.496, -0.044048
298.466, -0.054703
298.435, -0.057608
298.405, -0.053171
298.375, -0.041960
298.344, -0.024689
298.314, -0.002197
298.284, 0.024605
298.253, 0.054749
298.223, 0.087239
298.192, 0.121095
298.162, 0.155380
298.132, 0.189229
298.101, 0.221872
298.071, 0.252644
298.041, 0.281028
298.010, 0.306635
297.980, 0.329225
297.950, 0.348692
297.919, 0.365076
297.889, 0.378543
297.858, 0.389350
297.828, 0.397848
297.798, 0.404450
297.767, 0.409607
297.737, 0.413779
297.707, 0.417406
297.676, 0.420880
297.646, 0.424542
297.616, 0.428635
297.585, 0.433300
297.555, 0.438570
297.524, 0.444361
297.494, 0.450449
297.464, 0.456512
297.433, 0.462116
297.403, 0.466728
297.373, 0.469751
297.342, 0.470533
297.312, 0.468406
297.282, 0.462701
297.251, 0.452789
297.221, 0.438104
297.191, 0.418176
297.160, 0.392657
297.130, 0.361340
297.099, 0.324168
297.069, 0.281277
297.039, 0.232977
297.008, 0.179756
296.978, 0.122282
296.948, 0.061399
296.917, -0.001916
296.887, -0.066541
296.857, -0.131275
296.826, -0.194838
296.796, -0.255923
296.765, -0.313235
296.735, -0.365532
296.705, -0.411645
296.674, -0.450534
296.644, -0.481316
296.614, -0.503296
296.583, -0.515981
296.553, -0.519120
296.523, -0.512695
296.492, -0.496932
296.462, -0.472320
296.431, -0.439556
296.401, -0.399570
296.371, -0.353483
296.340, -0.302573
296.310, -0.248248
296.280, -0.192006
296.249, -0.135385
296.219, -0.079931
296.189, -0.027136
296.158, 0.021592
296.128, 0.064962
296.098, 0.101867
296.067, 0.131381
296.037, 0.152814
296.006, 0.164922
295.976, 0.168296
295.946, 0.162997
295.915, 0.149350
295.885, 0.127908
295.855, 0.099459
295.824, 0.064998
295.794, 0.025677
295.764, -0.017221
295.733, -0.062313
295.703, -0.108173
295.672, -0.153379
295.642, -0.196543
295.612, -0.236359
295.581, -0.271645
295.551, -0.301381
295.521, -0.324737
295.490, -0.341091
295.460, -0.350051
295.430, -0.351468
295.399, -0.345433
295.369, -0.332269
295.338, -0.312524
295.308, -0.286952
295.278, -0.256478
295.247, -0.222170
295.217, -0.185213
295.187, -0.146849
295.156, -0.108358
295.126, -0.071002
295.096, -0.035985
295.065, -0.004424
295.035, 0.022688
295.004, 0.044525
294.974, 0.060440
294.944, 0.069992
294.913, 0.072948
294.883, 0.069301
294.853, 0.059269
294.822, 0.043259
294.792, 0.021891
294.762, -0.004054
294.731, -0.033644
294.701, -0.065837
294.671, -0.099517
294.640, -0.133523
294.610, -0.166682
294.579, -0.197872
294.549, -0.226035
294.519, -0.250215
294.488, -0.269591
294.458, -0.283504
294.428, -0.291473
294.397, -0.293210
294.367, -0.288616
294.337, -0.277816
294.306, -0.261108
294.276, -0.238984
294.245, -0.212092
294.215, -0.181232
294.185, -0.147308
294.154, -0.111318
294.124, -0.074301
294.094, -0.037320
294.063, -0.001414
294.033, 0.032420
294.003, 0.063278
293.972, 0.090364
293.942, 0.113007
293.911, 0.130702
293.881, 0.143105
293.851, 0.150051
293.820, 0.151551
293.790, 0.147793
293.760, 0.139130
293.729, 0.126068
293.699, 0.109246
293.669, 0.089409
293.638, 0.067389
293.608, 0.044071
293.578, 0.020357
293.547, -0.002851
293.517, -0.024688
293.486, -0.044358
293.456, -0.061152
293.426, -0.074483
293.395, -0.083879
293.365, -0.089027
293.335, -0.089765
293.304, -0.086082
293.274, -0.078128
293.244, -0.066198
293.213, -0.050721
293.183, -0.032253
293.152, -0.011438
293.122, 0.010995
293.092, 0.034264
293.061, 0.057568
293.031, 0.080109
293.001, 0.101119
292.970, 0.119877
292.940, 0.135748
292.910, 0.148201
292.879, 0.156809
292.849, 0.161279
292.818, 0.161460
292.788, 0.157335
292.758, 0.149034
292.727, 0.136814
292.697, 0.121068
292.667, 0.102291
292.636, 0.081078
292.606, 0.058097
292.576, 0.034057
292.545, 0.009715
292.515, -0.014182
292.484, -0.036911
292.454, -0.057784
292.424, -0.076188
292.393, -0.091585
292.363, -0.103549
292.333, -0.111766
292.302, -0.116041
292.272, -0.116314
292.242, -0.112649
292.211, -0.105245
292.181, -0.094410
292.151, -0.080563
292.120, -0.067665
292.090, -0.052865
292.059, -0.036816
292.029, -0.020202
291.999, -0.003733
291.968, 0.011893
291.938, 0.026008
291.908, 0.037983
291.877, 0.047262
291.847, 0.053362
291.817, 0.055904
291.786, 0.054607
291.756, 0.049305
291.725, 0.039942
291.695, 0.026589
291.665, 0.009419
291.634, -0.011289
291.604, -0.035155
291.574, -0.061719
291.543, -0.090452
291.513, -0.120767
291.483, -0.152045
291.452, -0.183644
291.422, -0.214919
291.391, -0.245251
291.361, -0.274033
291.331, -0.300718
291.300, -0.324812
291.270, -0.345892
291.240, -0.363611
291.209, -0.377701
291.179, -0.387981
291.149, -0.394368
291.118, -0.396850
291.088, -0.395500
291.058, -0.390466
291.027, -0.381968
290.997, -0.370281
290.966, -0.355725
290.936, -0.338665
290.906, -0.319484
290.875, -0.298591
290.845, -0.276390
290.815, -0.253283
290.784, -0.229663
290.754, -0.205897
290.724, -0.182322
290.693, -0.159247
290.663, -0.136941
290.632, -0.115634
290.602, -0.095518
290.572, -0.076737
290.541, -0.059406
290.511, -0.043603
290.481, -0.029363
290.450, -0.016700
290.420, -0.005602
290.390, 0.003971
290.359, 0.012068
290.329, 0.018762
290.298, 0.024130
290.268, 0.028260
290.238, 0.031241
290.207, 0.033172
290.177, 0.034144
290.147, 0.034254
290.116, 0.033598
290.086, 0.032270
290.056, 0.030361
290.025, 0.027959
289.995, 0.025155
289.965, 0.022033
289.934, 0.018676
289.904, 0.015161
289.873, 0.011560
289.843, 0.007943
289.813, 0.004363
289.782, 0.000869
289.752, -0.002501
289.722, -0.005731
289.691, -0.008819
289.661, -0.011784
289.631, -0.014660
289.600, -0.017511
289.570, -0.020422
289.539, -0.023503
289.509, -0.026881
289.479, -0.030710
289.448, -0.035161
289.418, -0.040416
289.388, -0.046666
289.357, -0.054108
289.327, -0.062933
289.297, -0.073322
289.266, -0.085437
289.236, -0.099413
289.205, -0.115353
289.175, -0.133312
289.145, -0.153305
289.114, -0.175280
289.084, -0.199134
289.054, -0.224700
289.023, -0.251734
288.993, -0.279941
288.963, -0.308955
288.932, -0.338353
288.902, -0.367656
288.871, -0.396336
288.841, -0.423841
288.811, -0.449587
288.780, -0.472978
288.750, -0.493421
288.720, -0.510344
288.689, -0.523211
288.659, -0.531523
288.629, -0.534846
288.598, -0.532829
288.568, -0.525197
288.538, -0.511775
288.507, -0.492491
288.477, -0.467386
288.446, -0.436610
288.416, -0.400425
288.386, -0.359193
288.355, -0.313391
288.325, -0.263576
288.295, -0.210398
288.264, -0.154557
288.234, -0.093109
288.204, -0.030559
288.173, 0.032279
288.143, 0.094604
288.112, 0.155625
288.082, 0.214599
288.052, 0.270842
288.021, 0.323737
287.991, 0.372753
287.961, 0.417461
287.930, 0.457534
287.900, 0.492758
287.870, 0.523021
287.839, 0.548328
287.809, 0.568792
287.778, 0.584620
287.748, 0.596102
287.718, 0.603607
287.687, 0.607561
287.657, 0.608435
287.627, 0.606720
287.596, 0.602920
287.566, 0.597523
287.536, 0.590999
287.505, 0.583761
287.475, 0.576175
287.445, 0.568537
287.414, 0.561068
287.384, 0.553901
287.353, 0.547085
287.323, 0.540585
287.293, 0.534286
287.262, 0.527989
287.232, 0.521437
287.202, 0.514318
287.171, 0.506281
287.141, 0.496945
287.111, 0.485927
287.080, 0.472856
287.050, 0.457382
287.019, 0.439201
286.989, 0.418068
286.959, 0.393813
286.928, 0.366349
286.898, 0.335675
286.868, 0.301895
286.837, 0.265208
286.807, 0.225919
286.777, 0.184416
286.746, 0.141183
286.716, 0.096780
286.685, 0.051830
286.655, 0.007000
286.625, -0.037007
286.594, -0.079479
286.564, -0.119710
286.534, -0.157021
286.503, -0.190780
286.473, -0.220414
286.443, -0.245432
286.412, -0.265433
286.382, -0.280125
286.352, -0.289324
286.321, -0.292962
286.291, -0.291097
286.260, -0.283899
286.230, -0.271653
286.200, -0.254743
286.169, -0.233653
286.139, -0.208943
286.109, -0.181233
286.078, -0.151195
286.048, -0.119528
286.018, -0.086937
285.987, -0.054119
285.957, -0.021738
285.926, 0.009576
285.896, 0.039261
285.866, 0.066826
285.835, 0.091863
285.805, 0.114049
285.775, 0.133160
285.744, 0.149070
285.714, 0.161743
285.684, 0.171231
285.653, 0.177672
285.623, 0.181272
285.592, 0.182304
285.562, 0.181077
285.532, 0.177942
285.501, 0.173261
285.471, 0.167404
285.441, 0.160725
285.410, 0.153549
285.380, 0.146175
285.350, 0.138846
285.319, 0.131746
285.289, 0.125006
285.258, 0.118686
285.228, 0.112791
285.198, 0.107255
285.167, 0.101959
285.137, 0.096739
285.107, 0.091391
285.076, 0.085674
285.046, 0.079337
285.016, 0.072131
284.985, 0.063811
284.955, 0.054157
284.925, 0.042988
284.894, 0.030168
284.864, 0.015627
284.833, -0.000651
284.803, -0.018604
284.773, -0.038088
284.742, -0.058895
284.712, -0.080738
284.682, -0.103259
284.651, -0.126040
284.621, -0.148612
284.591, -0.170468
284.560, -0.191069
284.530, -0.209867
284.499, -0.226316
284.469, -0.239889
284.439, -0.250101
284.408, -0.256513
284.378, -0.258746
284.348, -0.258907
284.317, -0.254393
284.287, -0.245102
284.257, -0.231027
284.226, -0.212279
284.196, -0.189074
284.165, -0.161735
284.135, -0.130687
284.105, -0.096452
284.074, -0.059637
284.044, -0.020918
284.014, 0.018967
283.983, 0.059238
283.953, 0.099091
283.923, 0.137712
283.892, 0.174302
283.862, 0.208079
283.832, 0.238316
283.801, 0.264348
283.771, 0.285580
283.740, 0.301506
283.710, 0.311728
283.680, 0.315948
283.649, 0.313995
283.619, 0.305804
283.589, 0.291444
283.558, 0.271098
283.528, 0.245067
283.498, 0.213760
283.467, 0.177695
283.437, 0.137478
283.406, 0.093800
283.376, 0.047409
283.346, -0.000885
283.315, -0.050238
283.285, -0.099777
283.255, -0.148638
283.224, -0.195958
283.194, -0.240900
283.164, -0.282671
283.133, -0.320538
283.103, -0.353833
283.072, -0.381966
283.042, -0.404440
283.012, -0.420860
282.981, -0.430936
282.951, -0.434485
282.921, -0.431442
282.890, -0.421858
282.860, -0.405896
282.830, -0.383821
282.799, -0.356015
282.769, -0.322954
282.738, -0.285200
282.708, -0.243398
282.678, -0.198256
282.647, -0.150543
282.617, -0.101061
282.587, -0.050640
282.556, -0.000112
282.526, 0.049685
282.496, 0.097947
282.465, 0.143908
282.435, 0.186851
282.405, 0.226126
282.374, 0.261172
282.344, 0.291513
282.313, 0.316780
282.283, 0.336712
282.253, 0.351163
282.222, 0.360105
282.192, 0.363636
282.162, 0.361960
282.131, 0.355401
282.101, 0.344388
282.071, 0.329442
282.040, 0.311169
282.010, 0.290244
281.979, 0.267397
281.949, 0.243396
281.919, 0.219011
281.888, 0.195029
281.858, 0.172213
281.828, 0.151280
281.797, 0.132888
281.767, 0.117633
281.737, 0.106007
281.706, 0.098413
281.676, 0.095131
281.645, 0.096330
281.615, 0.102055
281.585, 0.112219
281.554, 0.126622
281.524, 0.144939
281.494, 0.166745
281.463, 0.191520
281.433, 0.218647
281.403, 0.247462
281.372, 0.277243
281.342, 0.307245
281.312, 0.336717
281.281, 0.364917
281.251, 0.391143
281.220, 0.414740
281.190, 0.435122
281.160, 0.451791
281.129, 0.464342
281.099, 0.472481
281.069, 0.476021
281.038, 0.474896
281.008, 0.469144
280.978, 0.458927
280.947, 0.444492
280.917, 0.426183
280.886, 0.404431
280.856, 0.379712
280.826, 0.352549
280.795, 0.323500
280.765, 0.293110
280.735, 0.261923
280.704, 0.230441
280.674, 0.199122
280.644, 0.168353
280.613, 0.138448
280.583, 0.109634
280.552, 0.082040
280.522, 0.055702
280.492, 0.030573
280.461, 0.008854
280.431, -0.012032
280.401, -0.032377
280.370, -0.052527
280.340, -0.072862
280.310, -0.093780
280.279, -0.115678
280.249, -0.138918
280.219, -0.163834
280.188, -0.190683
280.158, -0.219647
280.127, -0.250807
280.097, -0.284145
280.067, -0.319517
280.036, -0.356669
280.006, -0.395217
279.976, -0.434675
279.945, -0.474438
279.915, -0.513810
279.885, -0.552026
279.854, -0.588261
279.824, -0.621654
279.793, -0.651345
279.763, -0.676480
279.733, -0.696267
279.702, -0.709978
279.672, -0.716983
279.642, -0.716781
279.611, -0.709003
279.581, -0.693453
279.551, -0.670097
279.520, -0.639079
279.490, -0.600737
279.459, -0.555576
279.429, -0.504279
279.399, -0.447683
279.368, -0.386768
279.338, -0.322625
279.308, -0.256436
279.277, -0.189449
279.247, -0.122934
279.217, -0.058158
279.186, 0.003654
279.156, 0.061345
279.125, 0.113862
279.095, 0.160283
279.065, 0.199843
279.034, 0.231954
279.004, 0.256215
278.974, 0.272429
278.943, 0.280612
278.913, 0.280975
278.883, 0.273930
278.852, 0.260070
278.822, 0.240149
278.792, 0.215068
278.761, 0.185834
278.731, 0.153533
278.700, 0.119308
278.670, 0.084306
278.640, 0.049656
278.609, 0.016427
278.579, -0.014395
278.549, -0.041948
278.518, -0.065512
278.488, -0.084527
278.458, -0.098623
278.427, -0.107612
278.397, -0.111505
278.366, -0.110509
278.336, -0.105015
278.306, -0.095586
278.275, -0.082937
278.245, -0.067923
278.215, -0.051491
278.184, -0.034664
278.154, -0.018506
278.124, -0.004085
278.093, 0.007561
278.063, 0.015457
278.032, 0.018712
278.002, 0.016572
277.972, 0.008424
277.941, -0.006182
277.911, -0.027507
277.881, -0.055616
277.850, -0.090384
277.820, -0.131478
277.790, -0.178386
277.759, -0.230411
277.729, -0.286696
277.699, -0.346252
277.668, -0.407968
277.638, -0.470660
277.607, -0.533084
277.577, -0.593974
277.547, -0.652086
277.516, -0.706212
277.486, -0.755224
277.456, -0.798091
277.425, -0.833920
277.395, -0.861957
277.365, -0.881623
277.334, -0.892516
277.304, -0.894420
277.273, -0.887311
277.243, -0.871355
277.213, -0.846893
277.182, -0.814438
277.152, -0.774656
277.122, -0.728353
277.091, -0.676433
277.061, -0.619911
277.031, -0.559841
277.000, -0.497327
276.970, -0.433477
276.939, -0.369389
276.909, -0.306107
276.879, -0.244628
276.848, -0.185842
276.818, -0.130559
276.788, -0.079459
276.757, -0.033096
276.727, 0.008106
276.697, 0.043871
276.666, 0.074053
276.636, 0.098649
276.606, 0.117788
276.575, 0.130164
276.545, 0.137686
276.514, 0.140813
276.484, 0.140082
276.454, 0.136099
276.423, 0.129517
276.393, 0.121017
276.363, 0.111302
276.332, 0.101069
276.302, 0.090995
276.272, 0.081728
276.241, 0.073865
276.211, 0.067952
276.180, 0.064458
276.150, 0.063785
276.120, 0.066245
276.089, 0.072063
276.059, 0.081377
276.029, 0.094238
275.998, 0.110597
275.968, 0.130327
275.938, 0.153217
275.907, 0.178976
275.877, 0.207247
275.846, 0.237605
275.816, 0.269583
275.786, 0.302660
275.755, 0.336286
275.725, 0.369892
275.695, 0.402899
275.664, 0.434723
275.634, 0.464805
275.604, 0.492594
275.573, 0.517586
275.543, 0.539317
275.512, 0.557380
275.482, 0.571432
275.452, 0.581198
275.421, 0.586483
275.391, 0.587172
275.361, 0.583237
275.330, 0.574736
275.300, 0.561816
275.270, 0.544707
275.239, 0.523716
275.209, 0.499232
275.179, 0.471704
275.148, 0.441641
275.118, 0.409600
275.087, 0.376170
275.057, 0.341962
275.027, 0.307590
274.996, 0.273664
274.966, 0.240771
274.936, 0.209459
274.905, 0.180226
274.875, 0.153508
274.845, 0.129661
274.814, 0.108963
274.784, 0.091600
274.753, 0.077664
274.723, 0.067146
274.693, 0.059944
274.662, 0.055859
274.632, 0.054605
274.602, 0.055820
274.571, 0.059077
274.541, 0.063892
274.511, 0.069740
274.480, 0.076079
274.450, 0.082357
274.419, 0.088039
274.389, 0.092622
274.359, 0.095640
274.328, 0.096700
274.298, 0.095478
274.268, 0.091737
274.237, 0.085338
274.207, 0.076239
274.177, 0.064504
274.146, 0.050290
274.116, 0.033858
274.086, 0.015561
274.055, -0.004185
274.025, -0.024891
273.994, -0.046020
273.964, -0.067007
273.934, -0.087280
273.903, -0.106278
273.873, -0.123464
273.843, -0.138355
273.812, -0.150537
273.782, -0.159673
273.752, -0.165528
273.721, -0.167970
273.691, -0.166979
273.660, -0.162656
273.630, -0.155214
273.600, -0.144975
273.569, -0.132360
273.539, -0.117888
273.509, -0.102141
273.478, -0.085756
273.448, -0.069412
273.418, -0.053790
273.387, -0.039566
273.357, -0.027380
273.326, -0.017809
273.296, -0.011364
273.266, -0.008449
273.235, -0.009364
273.205, -0.014277
273.175, -0.023238
273.144, -0.036150
273.114, -0.052788
273.084, -0.072794
273.053, -0.095694
273.023, -0.120906
272.993, -0.147761
272.962, -0.175520
272.932, -0.203405
272.901, -0.230611
272.871, -0.256346
272.841, -0.279849
272.810, -0.300414
272.780, -0.317419
272.750, -0.330345
272.719, -0.338779
272.689, -0.344305
272.659, -0.344947
272.628, -0.340728
272.598, -0.331811
272.567, -0.318508
272.537, -0.301257
272.507, -0.280620
272.476, -0.257249
272.446, -0.231882
272.416, -0.205308
272.385, -0.178332
272.355, -0.151769
272.325, -0.126401
272.294, -0.102948
272.264, -0.082057
272.233, -0.064262
272.203, -0.049985
272.173, -0.039503
272.142, -0.032948
272.112, -0.030299
272.082, -0.031386
272.051, -0.035887
272.021, -0.043349
271.991, -0.053194
271.960, -0.064747
271.930, -0.077256
271.899, -0.089909
271.869, -0.101886
271.839, -0.112359
271.808, -0.120544
271.778, -0.125718
271.748, -0.127251
271.717, -0.124624
271.687, -0.117461
271.657, -0.105528
271.626, -0.088754
271.596, -0.067239
271.566, -0.041249
271.535, -0.011207
271.505, 0.022304
271.474, 0.058574
271.444, 0.096773
271.414, 0.135985
271.383, 0.175228
271.353, 0.213487
271.323, 0.249751
271.292, 0.283029
271.262, 0.312399
271.232, 0.337025
271.201, 0.356185
271.171, 0.369295
271.140, 0.375932
271.110, 0.375841
271.080, 0.368951
271.049, 0.355366
271.019, 0.335378
270.989, 0.309449
270.958, 0.278198
270.928, 0.242392
270.898, 0.202920
270.867, 0.160760
270.837, 0.116963
270.806, 0.072620
270.776, 0.028829
270.746, -0.013327
270.715, -0.052819
270.685, -0.088691
270.655, -0.120084
270.624, -0.146261
270.594, -0.166619
270.564, -0.180703
270.533, -0.188208
270.503, -0.188993
270.473, -0.183069
270.442, -0.170593
270.412, -0.151864
270.381, -0.127301
270.351, -0.097435
270.321, -0.062881
270.290, -0.024318
270.260, 0.017521
270.230, 0.061887
270.199, 0.108027
270.169, 0.155205
270.139, 0.202712
270.108, 0.249900
270.078, 0.296170
270.047, 0.341003
270.017, 0.383946
269.987, 0.424634
269.956, 0.462770
269.926, 0.498136
269.896, 0.530579
269.865, 0.560005
269.835, 0.586370
269.805, 0.609669
269.774, 0.629922
269.744, 0.647164
269.713, 0.661436
269.683, 0.672783
269.653, 0.681224
269.622, 0.686778
269.592, 0.689429
269.562, 0.689150
269.531, 0.685893
269.501, 0.679589
269.471, 0.670165
269.440, 0.657549
269.410, 0.641664
269.379, 0.622462
269.349, 0.599913
269.319, 0.574031
269.288, 0.544874
269.258, 0.512553
269.228, 0.477243
269.197, 0.439192
269.167, 0.398698
269.137, 0.356150
269.106, 0.311983
269.076, 0.266699
269.046, 0.220848
269.015, 0.175017
268.985, 0.129816
268.954, 0.085868
268.924, 0.043778
268.894, 0.004139
268.863, -0.032508
268.833, -0.065682
268.803, -0.091841
268.772, -0.113793
268.742, -0.131328
268.712, -0.144333
268.681, -0.152812
268.651, -0.156891
268.620, -0.156803
268.590, -0.152896
268.560, -0.145615
268.529, -0.135494
268.499, -0.123144
268.469, -0.109219
268.438, -0.094423
268.408, -0.079465
268.378, -0.065052
268.347, -0.051853
268.317, -0.040504
268.286, -0.031557
268.256, -0.025490
268.226, -0.022674
268.195, -0.023376
268.165, -0.027742
268.135, -0.035802
268.104, -0.047458
268.074, -0.062508
268.044, -0.080634
268.013, -0.101425
267.983, -0.124387
267.953, -0.148967
267.922, -0.174563
267.892, -0.200548
267.861, -0.226294
267.831, -0.251187
267.801, -0.274645
267.770, -0.296148
267.740, -0.315233
267.710, -0.331531
267.679, -0.344750
267.649, -0.354705
267.619, -0.361306
267.588, -0.364558
267.558, -0.364562
267.527, -0.361504
267.497, -0.355633
267.467, -0.347270
267.436, -0.336776
267.406, -0.324530
267.376, -0.310927
267.345, -0.296353
267.315, -0.281171
267.285, -0.265697
267.254, -0.250192
267.224, -0.234865
267.193, -0.219838
267.163, -0.205166
267.133, -0.190820
267.102, -0.176699
267.072, -0.162633
267.042, -0.148390
267.011, -0.133688
266.981, -0.118213
266.951, -0.101627
266.920, -0.083593
266.890, -0.063793
266.860, -0.041934
266.829, -0.017780
266.799, 0.008851
266.768, 0.038055
266.738, 0.069848
266.708, 0.104147
266.677, 0.140772
266.647, 0.179455
266.617, 0.219819
266.586, 0.261410
266.556, 0.303694
266.526, 0.346074
266.495, 0.387900
266.465, 0.428500
266.434, 0.467183
266.404, 0.503271
266.374, 0.536107
266.343, 0.565084
266.313, 0.589661
266.283, 0.609374
266.252, 0.623848
266.222, 0.632815
266.192, 0.636112
266.161, 0.633691
266.131, 0.625612
266.100, 0.612047
266.070, 0.593261
266.040, 0.569620
266.009, 0.541558
265.979, 0.509573
265.949, 0.474213
265.918, 0.436049
265.888, 0.395664
265.858, 0.353632
265.827, 0.310507
265.797, 0.266802
265.766, 0.222978
265.736, 0.179440
265.706, 0.136522
265.675, 0.094484
265.645, 0.053515
265.615, 0.013736
265.584, -0.024804
265.554, -0.062103
265.524, -0.098223
265.493, -0.133247
265.463, -0.167286
265.433, -0.200461
265.402, -0.232885
265.372, -0.264658
265.341, -0.295840
265.311, -0.326454
265.281, -0.356485
265.250, -0.385843
265.220, -0.414390
265.190, -0.441933
265.159, -0.468219
265.129, -0.492946
265.099, -0.515774
265.068, -0.536327
265.038, -0.554219
265.007, -0.569055
264.977, -0.580459
264.947, -0.588077
264.916, -0.589594
264.886, -0.586761
264.856, -0.579393
264.825, -0.567385
264.795, -0.550721
264.765, -0.529472
264.734, -0.503809
264.704, -0.473988
264.673, -0.440359
264.643, -0.403349
264.613, -0.363458
264.582, -0.321232
264.552, -0.277275
264.522, -0.232202
264.491, -0.186643
264.461, -0.141212
264.431, -0.096507
264.400, -0.053076
264.370, -0.011411
264.340, 0.028064
264.309, 0.064997
264.279, 0.099122
264.248, 0.130266
264.218, 0.158330
264.188, 0.183305
264.157, 0.205253
264.127, 0.224303
264.097, 0.240633
264.066, 0.254464
264.036, 0.266036
264.006, 0.275602
263.975, 0.283399
263.945, 0.289642
263.914, 0.294513
263.884, 0.298138
263.854, 0.300588
263.823, 0.301862
263.793, 0.301901
263.763, 0.300567
263.732, 0.297668
263.702, 0.292947
263.672, 0.286108
263.641, 0.276818
263.611, 0.264736
263.580, 0.249509
263.550, 0.230817
263.520, 0.208374
263.489, 0.181952
263.459, 0.151397
263.429, 0.116647
263.398, 0.077736
263.368, 0.034824
263.338, -0.011827
263.307, -0.061833
263.277, -0.114690
263.247, -0.169793
263.216, -0.226438
263.186, -0.283846
263.155, -0.341169
263.125, -0.397532
263.095, -0.452040
263.064, -0.503815
263.034, -0.552007
263.004, -0.595845
262.973, -0.634641
262.943, -0.667815
262.913, -0.694920
262.882, -0.715659
262.852, -0.729883
262.821, -0.737614
262.791, -0.739032
262.761, -0.734472
262.730, -0.724425
262.700, -0.709513
262.670, -0.690466
262.639, -0.668108
262.609, -0.643328
262.579, -0.617044
262.548, -0.590182
262.518, -0.563638
262.487, -0.538246
262.457, -0.514763
262.427, -0.493836
262.396, -0.475972
262.366, -0.461531
262.336, -0.450717
262.305, -0.443563
262.275, -0.439932
262.245, -0.439535
262.214, -0.441920
262.184, -0.446515
262.153, -0.452623
262.123, -0.459472
262.093, -0.466224
262.062, -0.472027
262.032, -0.476025
262.002, -0.477410
261.971, -0.475439
261.941, -0.469472
261.911, -0.458991
261.880, -0.443636
261.850, -0.423197
261.820, -0.397643
261.789, -0.367124
261.759, -0.331964
261.728, -0.292658
261.698, -0.249856
261.668, -0.204338
261.637, -0.157009
261.607, -0.108836
261.577, -0.060854
261.546, -0.014108
261.516, 0.030380
261.486, 0.071627
261.455, 0.108748
261.425, 0.140970
261.394, 0.167652
261.364, 0.188330
261.334, 0.202706
261.303, 0.210678
261.273, 0.212332
261.243, 0.207949
261.212, 0.197985
261.182, 0.183068
261.152, 0.163963
261.121, 0.141553
261.091, 0.116813
261.060, 0.090776
261.030, 0.058155
261.000, 0.026323
260.969, -0.003736
260.939, -0.031112
260.909, -0.055011
260.878, -0.074773
260.848, -0.089895
260.818, -0.100045
260.787, -0.105073
260.757, -0.105012
260.727, -0.100073
260.696, -0.090637
260.666, -0.077240
260.635, -0.060545
260.605, -0.041324
260.575, -0.020423
260.544, 0.001266
260.514, 0.022848
260.484, 0.043441
260.453, 0.062227
260.423, 0.078477
260.393, 0.091568
260.362, 0.101016
260.332, 0.106500
260.301, 0.107856
260.271, 0.105103
260.241, 0.098422
260.210, 0.088175
260.180, 0.074868
260.150, 0.059150
260.119, 0.041785
260.089, 0.023624
260.059, 0.005573
260.028, -0.011427
259.998, -0.026452
259.967, -0.038611
259.937, -0.047083
259.907, -0.051143
259.876, -0.050198
259.846, -0.043794
259.816, -0.031641
259.785, -0.013619
259.755, 0.010217
259.725, 0.039635
259.694, 0.074235
259.664, 0.113461
259.633, 0.156623
259.603, 0.202911
259.573, 0.251426
259.542, 0.301207
259.512, 0.351255
259.482, 0.400577
259.451, 0.448202
259.421, 0.493210
259.391, 0.534769
259.360, 0.572143
259.330, 0.604720
259.300, 0.632021
259.269, 0.653715
259.239, 0.669613
259.208, 0.679671
259.178, 0.683990
259.148, 0.682799
259.117, 0.676439
259.087, 0.665344
259.057, 0.650033
259.026, 0.631069
258.996, 0.609054
258.966, 0.584596
258.935, 0.558288
258.905, 0.530685
258.874, 0.502302
258.844, 0.473582
258.814, 0.444893
258.783, 0.416523
258.753, 0.388674
258.723, 0.361464
258.692, 0.334938
258.662, 0.309065
258.632, 0.283765
258.601, 0.258911
258.571, 0.234351
258.540, 0.209921
258.510, 0.185469
258.480, 0.160865
258.449, 0.136017
258.419, 0.110890
258.389, 0.085506
258.358, 0.059959
258.328, 0.034416
258.298, 0.009117
258.267, -0.015633
258.237, -0.039459
258.207, -0.061948
258.176, -0.082640
258.146, -0.101062
258.115, -0.116741
258.085, -0.129214
258.055, -0.138066
258.024, -0.142929
257.994, -0.143516
257.964, -0.139625
257.933, -0.131158
257.903, -0.118130
257.873, -0.100672
257.842, -0.079035
257.812, -0.053587
257.781, -0.024805
257.751, 0.006730
257.721, 0.040358
257.690, 0.075346
257.660, 0.110911
257.630, 0.146251
257.599, 0.180550
257.569, 0.213019
257.539, 0.242906
257.508, 0.269524
257.478, 0.292264
257.447, 0.310619
257.417, 0.324186
257.387, 0.332688
257.356, 0.335968
257.326, 0.333994
257.296, 0.326853
257.265, 0.314750
257.235, 0.297989
257.205, 0.276961
257.174, 0.252131
257.144, 0.226735
257.114, 0.198602
257.083, 0.168293
257.053, 0.136365
257.022, 0.103347
256.992, 0.069732
256.962, 0.035956
256.931, 0.002395
256.901, -0.030651
256.871, -0.062950
256.840, -0.094342
256.810, -0.124741
256.780, -0.154114
256.749, -0.182478
256.719, -0.209888
256.688, -0.236417
256.658, -0.262146
256.628, -0.287137
256.597, -0.311434
256.567, -0.335034
256.537, -0.357877
256.506, -0.379854
256.476, -0.400772
256.446, -0.420379
256.415, -0.438359
256.385, -0.454322
256.354, -0.467840
256.324, -0.478446
256.294, -0.485651
256.263, -0.488972
256.233, -0.487948
256.203, -0.482170
256.172, -0.471289
256.142, -0.455059
256.112, -0.433343
256.081, -0.406131
256.051, -0.373560
256.020, -0.335922
255.990, -0.293661
255.960, -0.247383
255.929, -0.197837
255.899, -0.145909
255.869, -0.092605
255.838, -0.039023
255.808, 0.013681
255.778, 0.064308
255.747, 0.111667
255.717, 0.154605
255.687, 0.192042
255.656, 0.223011
255.626, 0.246686
255.595, 0.262416
255.565, 0.269755
255.535, 0.268467
255.504, 0.258559
255.474, 0.240265
255.444, 0.214069
255.413, 0.180674
255.383, 0.140998
255.353, 0.096145
255.322, 0.047380
255.292, -0.003915
255.261, -0.056277
255.231, -0.108208
255.201, -0.158216
255.170, -0.204871
255.140, -0.246836
255.110, -0.282926
255.079, -0.312131
255.049, -0.333657
255.019, -0.346950
254.988, -0.351712
254.958, -0.347917
254.927, -0.335798
254.897, -0.315858
254.867, -0.288836
254.836, -0.255691
254.806, -0.217568
254.776, -0.175759
254.745, -0.131660
254.715, -0.086719
254.685, -0.042388
254.654, -0.000076
254.624, 0.038898
254.594, 0.073362
254.563, 0.102315
254.533, 0.124980
254.502, 0.140809
254.472, 0.149523
254.442, 0.151111
254.411, 0.145831
254.381, 0.134198
254.351, 0.116971
254.320, 0.095122
254.290, 0.069807
254.260, 0.042306
254.229, 0.014000
254.199, -0.013695
254.168, -0.039378
254.138, -0.061705
254.108, -0.079461
254.077, -0.091581
254.047, -0.097205
254.017, -0.095714
253.986, -0.086746
253.956, -0.070220
253.926, -0.046343
253.895, -0.015603
253.865, 0.021240
253.834, 0.063182
253.804, 0.109005
253.774, 0.157315
253.743, 0.206590
253.713, 0.255229
253.683, 0.301613
253.652, 0.344152
253.622, 0.381352
253.592, 0.411850
253.561, 0.434491
253.531, 0.448332
253.501, 0.452714
253.470, 0.447266
253.440, 0.431920
253.409, 0.406932
253.379, 0.372862
253.349, 0.330564
253.318, 0.281166
253.288, 0.226020
253.258, 0.168618
253.227, 0.108700
253.197, 0.048043
253.167, -0.011557
253.136, -0.068330
253.106, -0.120595
253.075, -0.166811
253.045, -0.205641
253.015, -0.235972
252.984, -0.256973
252.954, -0.268105
252.924, -0.269151
252.893, -0.260210
252.863, -0.241699
252.833, -0.214336
252.802, -0.179110
252.772, -0.137253
252.741, -0.090188
252.711, -0.039487
252.681, 0.013182
252.650, 0.066119
252.620, 0.117642
252.590, 0.166148
252.559, 0.210167
252.529, 0.248402
252.499, 0.279778
252.468, 0.303477
252.438, 0.318952
252.407, 0.325949
252.377, 0.324511
252.347, 0.314971
252.316, 0.297927
252.286, 0.274228
252.256, 0.244932
252.225, 0.211261
252.195, 0.174564
252.165, 0.136252
252.134, 0.097754
252.104, 0.060467
252.074, 0.025685
252.043, -0.005424
252.013, -0.031882
251.982, -0.052919
251.952, -0.068015
251.922, -0.076906
251.891, -0.079605
251.861, -0.076381
251.831, -0.067769
251.800, -0.054535
251.770, -0.037648
251.740, -0.018239
251.709, 0.002429
251.679, 0.023034
251.648, 0.042219
251.618, 0.058668
251.588, 0.071144
251.557, 0.078541
251.527, 0.079931
251.497, 0.074600
251.466, 0.062075
251.436, 0.042154
251.406, 0.014906
251.375, -0.019315
251.345, -0.059884
251.314, -0.105929
251.284, -0.156345
251.254, -0.209835
251.223, -0.264957
251.193, -0.320165
251.163, -0.373873
251.132, -0.424487
251.102, -0.470482
251.072, -0.510444
251.041, -0.543115
251.011, -0.567448
250.981, -0.582629
250.950, -0.588121
250.920, -0.583673
250.889, -0.569333
250.859, -0.545444
250.829, -0.512648
250.798, -0.471846
250.768, -0.424180
250.738, -0.371000
250.707, -0.313806
250.677, -0.254217
250.647, -0.193902
250.616, -0.134542
250.586, -0.077761
250.555, -0.025086
250.525, 0.022108
250.495, 0.062638
250.464, 0.095544
250.434, 0.120126
250.404, 0.135963
250.373, 0.142906
250.343, 0.141099
250.313, 0.130958
250.282, 0.113156
250.252, 0.088593
250.221, 0.058365
250.191, 0.023720
250.161, -0.013981
250.130, -0.053321
250.100, -0.092866
250.070, -0.131221
250.039, -0.167072
250.009, -0.199231
249.979, -0.226676
249.948, -0.248579
249.918, -0.264326
249.887, -0.273539
249.857, -0.276086
249.827, -0.272072
249.796, -0.261823
249.766, -0.245895
249.736, -0.225011
249.705, -0.200069
249.675, -0.172071
249.645, -0.142109
249.614, -0.111309
249.584, -0.080794
249.554, -0.051644
249.523, -0.024853
249.493, -0.001297
249.462, 0.018294
249.432, 0.033368
249.402, 0.043562
249.371, 0.048201
249.341, 0.047828
249.311, 0.042681
249.280, 0.033175
249.250, 0.019898
249.220, 0.003578
249.189, -0.014946
249.159, -0.034748
249.128, -0.054861
249.098, -0.074311
249.068, -0.092144
249.037, -0.107467
249.007, -0.119478
248.977, -0.127496
248.946, -0.130974
248.916, -0.129522
248.886, -0.122922
248.855, -0.111121
248.825, -0.094236
248.794, -0.072544
248.764, -0.046468
248.734, -0.016562
248.703, 0.016520
248.673, 0.052046
248.643, 0.089226
248.612, 0.127255
248.582, 0.165335
248.552, 0.202699
248.521, 0.238640
248.491, 0.272528
248.461, 0.303838
248.430, 0.332150
248.400, 0.357159
248.369, 0.378686
248.339, 0.396665
248.309, 0.411141
248.278, 0.422254
248.248, 0.430226
248.218, 0.435342
248.187, 0.437924
248.157, 0.438316
248.127, 0.436857
248.096, 0.433859
248.066, 0.429595
248.035, 0.424272
248.005, 0.418029
247.975, 0.410920
247.944, 0.402919
247.914, 0.393909
247.884, 0.383693
247.853, 0.372021
247.823, 0.358577
247.793, 0.343021
247.762, 0.324992
247.732, 0.304147
247.701, 0.280177
247.671, 0.252830
247.641, 0.221940
247.610, 0.187446
247.580, 0.149404
247.550, 0.108011
247.519, 0.063594
247.489, 0.016640
247.459, -0.032232
247.428, -0.082269
247.398, -0.132599
247.368, -0.182249
247.337, -0.230180
247.307, -0.275308
247.276, -0.316542
247.246, -0.352816
247.216, -0.383122
247.185, -0.406562
247.155, -0.422355
247.125, -0.429893
247.094, -0.428757
247.064, -0.418733
247.034, -0.399842
247.003, -0.372336
246.973, -0.336703
246.942, -0.293667
246.912, -0.244161
246.882, -0.189318
246.851, -0.130436
246.821, -0.068942
246.791, -0.006362
246.760, 0.055730
246.730, 0.115760
246.700, 0.172186
246.669, 0.223561
246.639, 0.268566
246.608, 0.306058
246.578, 0.335095
246.548, 0.354969
246.517, 0.365245
246.487, 0.365752
246.457, 0.356593
246.426, 0.338160
246.396, 0.311102
246.366, 0.276321
246.335, 0.234933
246.305, 0.188240
246.274, 0.137694
246.244, 0.084842
246.214, 0.031284
246.183, -0.021373
246.153, -0.071570
246.123, -0.117838
246.092, -0.158849
246.062, -0.193451
246.032, -0.220706
246.001, -0.239905
245.971, -0.250617
245.941, -0.252663
245.910, -0.246143
245.880, -0.231428
245.849, -0.209133
245.819, -0.180111
245.789, -0.145411
245.758, -0.106246
245.728, -0.063961
245.698, -0.019975
245.667, 0.024250
245.637, 0.067272
245.607, 0.107700
245.576, 0.144237
245.546, 0.175735
245.515, 0.201211
245.485, 0.220027
245.455, 0.231485
245.424, 0.235259
245.394, 0.231276
245.364, 0.219695
245.333, 0.200909
245.303, 0.175524
245.273, 0.144343
245.242, 0.108327
245.212, 0.068571
245.181, 0.026260
245.151, -0.017362
245.121, -0.061036
245.090, -0.103530
245.060, -0.143671
245.030, -0.180371
244.999, -0.212690
244.969, -0.239814
244.939, -0.261114
244.908, -0.276139
244.878, -0.284628
244.848, -0.286516
244.817, -0.281923
244.787, -0.271139
244.756, -0.254624
244.726, -0.232966
244.696, -0.206872
244.665, -0.177129
244.635, -0.144590
244.605, -0.110126
244.574, -0.074614
244.544, -0.038895
244.514, -0.003764
244.483, 0.030069
244.453, 0.061983
244.422, 0.091469
244.392, 0.118135
244.362, 0.141708
244.331, 0.162045
244.301, 0.179112
244.271, 0.192992
244.240, 0.203858
244.210, 0.211972
244.180, 0.217653
244.149, 0.221270
244.119, 0.223218
244.088, 0.223896
244.058, 0.223697
244.028, 0.222977
243.997, 0.222058
243.967, 0.221206
243.937, 0.220619
243.906, 0.220441
243.876, 0.220737
243.846, 0.221505
243.815, 0.222687
243.785, 0.224170
243.755, 0.225792
243.724, 0.227362
243.694, 0.228677
243.663, 0.229525
243.633, 0.229702
243.603, 0.229029
243.572, 0.227368
243.542, 0.224613
243.512, 0.220725
243.481, 0.215713
243.451, 0.209653
243.421, 0.202684
243.390, 0.194991
243.360, 0.186822
243.329, 0.178456
243.299, 0.170212
243.269, 0.162420
243.238, 0.155421
243.208, 0.149537
243.178, 0.145076
243.147, 0.142307
243.117, 0.141438
243.087, 0.142631
243.056, 0.145967
243.026, 0.151463
242.995, 0.159045
242.965, 0.168573
242.935, 0.179825
242.904, 0.192516
242.874, 0.206291
242.844, 0.220762
242.813, 0.235482
242.783, 0.250006
242.753, 0.263869
242.722, 0.276619
242.692, 0.287834
242.661, 0.297126
242.631, 0.304164
242.601, 0.308682
242.570, 0.310489
242.540, 0.309472
242.510, 0.305605
242.479, 0.298944
242.449, 0.289627
242.419, 0.277871
242.388, 0.263950
242.358, 0.248209
242.328, 0.231024
242.297, 0.212808
242.267, 0.193981
242.236, 0.174966
242.206, 0.156166
242.176, 0.137959
242.145, 0.120665
242.115, 0.104559
242.085, 0.089842
242.054, 0.076653
242.024, 0.065047
241.994, 0.055005
241.963, 0.046441
241.933, 0.039197
241.902, 0.033050
241.872, 0.027739
241.842, 0.022951
241.811, 0.018365
241.781, 0.013635
241.751, 0.008429
241.720, 0.002435
241.690, -0.004628
241.660, -0.012997
241.629, -0.022855
241.599, -0.036444
241.568, -0.051683
241.538, -0.068546
241.508, -0.086938
241.477, -0.106693
241.447, -0.127578
241.417, -0.149310
241.386, -0.171558
241.356, -0.193959
241.326, -0.216124
241.295, -0.237671
241.265, -0.258210
241.235, -0.277388
241.204, -0.294873
241.174, -0.310394
241.143, -0.323721
241.113, -0.334703
241.083, -0.343246
241.052, -0.349336
241.022, -0.353022
240.992, -0.354426
240.961, -0.353732
240.931, -0.351179
240.901, -0.347043
240.870, -0.341646
240.840, -0.335316
240.809, -0.328396
240.779, -0.321220
240.749, -0.314099
240.718, -0.307314
240.688, -0.301106
240.658, -0.295661
240.627, -0.291106
240.597, -0.287504
240.567, -0.284866
240.536, -0.283123
240.506, -0.282162
240.475, -0.281805
240.445, -0.281843
240.415, -0.282022
240.384, -0.282074
240.354, -0.281719
240.324, -0.280681
240.293, -0.278704
240.263, -0.275567
240.233, -0.271080
240.202, -0.265119
240.172, -0.257612
240.141, -0.248562
240.111, -0.238035
240.081, -0.226174
240.050, -0.213189
240.020, -0.199350
239.990, -0.184991
239.959, -0.170491
239.929, -0.156261
239.899, -0.142740
239.868, -0.130376
239.838, -0.119604
239.808, -0.110846
239.777, -0.104483
239.747, -0.100844
239.716, -0.100213
239.686, -0.102783
239.656, -0.108682
239.625, -0.117950
239.595, -0.130547
239.565, -0.146337
239.534, -0.165109
239.504, -0.186566
239.474, -0.210355
239.443, -0.236044
239.413, -0.263167
239.382, -0.291215
239.352, -0.319656
239.322, -0.347950
239.291, -0.375561
239.261, -0.401963
239.231, -0.426677
239.200, -0.449238
239.170, -0.469245
239.140, -0.486345
239.109, -0.500246
239.079, -0.510711
239.048, -0.517565
239.018, -0.520695
238.988, -0.520041
238.957, -0.515587
238.927, -0.507372
238.897, -0.495455
238.866, -0.479940
238.836, -0.460938
238.806, -0.438579
238.775, -0.412999
238.745, -0.384343
238.715, -0.352742
238.684, -0.318330
238.654, -0.281233
238.623, -0.241577
238.593, -0.199475
238.563, -0.155060
238.532, -0.108455
238.502, -0.059809
238.472, -0.009287
238.441, 0.042919
238.411, 0.096579
238.381, 0.151421
238.350, 0.207133
238.320, 0.263347
238.289, 0.319650
238.259, 0.375568
238.229, 0.430588
238.198, 0.484147
238.168, 0.535651
238.138, 0.584470
238.107, 0.629973
238.077, 0.671515
238.047, 0.708475
238.016, 0.740253
237.986, 0.766307
237.955, 0.786147
237.925, 0.799378
237.895, 0.805681
237.864, 0.804859
237.834, 0.796827
237.804, 0.781629
237.773, 0.759434
237.743, 0.730549
237.713, 0.696201
237.682, 0.656156
237.652, 0.611080
237.622, 0.561745
237.591, 0.509002
237.561, 0.453776
237.530, 0.397020
237.500, 0.339723
237.470, 0.282859
237.439, 0.227382
237.409, 0.174192
237.379, 0.124117
237.348, 0.077892
237.318, 0.036148
237.288, -0.000625
237.257, -0.032051
237.227, -0.057913
237.196, -0.078130
237.166, -0.092771
237.136, -0.102037
237.105, -0.106260
237.075, -0.105884
237.045, -0.101461
237.014, -0.093608
236.984, -0.083014
236.954, -0.070392
236.923, -0.056485
236.893, -0.042011
236.862, -0.027665
236.832, -0.014085
236.802, -0.001852
236.771, 0.008547
236.741, 0.016719
236.711, 0.022375
236.680, 0.025324
236.650, 0.025499
236.620, 0.022930
236.589, 0.017749
236.559, 0.010174
236.528, 0.000496
236.498, -0.010922
236.468, -0.023679
236.437, -0.037351
236.407, -0.051497
236.377, -0.065687
236.346, -0.079513
236.316, -0.092616
236.286, -0.104676
236.255, -0.115447
236.225, -0.124745
236.195, -0.132466
236.164, -0.138576
236.134, -0.143116
236.103, -0.146192
236.073, -0.147977
236.043, -0.148680
236.012, -0.148559
235.982, -0.147889
235.952, -0.146959
235.921, -0.146048
235.891, -0.145418
235.861, -0.145296
235.830, -0.145876
235.800, -0.147289
235.769, -0.149613
235.739, -0.152861
235.709, -0.156987
235.678, -0.161879
235.648, -0.167371
235.618, -0.173249
235.587, -0.179263
235.557, -0.185128
235.527, -0.190559
235.496, -0.195260
235.466, -0.198963
235.435, -0.201427
235.405, -0.202452
235.375, -0.201891
235.344, -0.199680
235.314, -0.195807
235.284, -0.190352
235.253, -0.183463
235.223, -0.175378
235.193, -0.166387
235.162, -0.156860
235.132, -0.147195
235.102, -0.137846
235.071, -0.129266
235.041, -0.121926
235.010, -0.116262
234.980, -0.112682
234.950, -0.111529
234.919, -0.113075
234.889, -0.117501
234.859, -0.124890
234.828, -0.135206
234.798, -0.148300
234.768, -0.163904
234.737, -0.181629
234.707, -0.200984
234.676, -0.221372
234.646, -0.242116
234.616, -0.262477
234.585, -0.281669
234.555, -0.298887
234.525, -0.313337
234.494, -0.324260
234.464, -0.330946
234.434, -0.332784
234.403, -0.329266
234.373, -0.320020
234.342, -0.304818
234.312, -0.283597
234.282, -0.256464
234.251, -0.223704
234.221, -0.185772
234.191, -0.143298
234.160, -0.097055
234.130, -0.047975
234.100, 0.002921
234.069, 0.054494
234.039, 0.105560
234.009, 0.154901
233.978, 0.201300
233.948, 0.243574
233.917, 0.280629
233.887, 0.311446
233.857, 0.335162
233.826, 0.349791
233.796, 0.356079
233.766, 0.353703
233.735, 0.342547
233.705, 0.322718
233.675, 0.294551
233.644, 0.258584
233.614, 0.215572
233.583, 0.166454
233.553, 0.112335
233.523, 0.054461
233.492, -0.005810
233.462, -0.067051
233.432, -0.127783
233.401, -0.186535
233.371, -0.241861
233.341, -0.292388
233.310, -0.336845
233.280, -0.374100
233.249, -0.403176
233.219, -0.423294
233.189, -0.433865
233.158, -0.434538
233.128, -0.425176
233.098, -0.405873
233.067, -0.376953
233.037, -0.338958
233.007, -0.292623
232.976, -0.238877
232.946, -0.178800
232.915, -0.113615
232.885, -0.044639
232.855, 0.026733
232.824, 0.099068
232.794, 0.170925
232.764, 0.240896
232.733, 0.307620
232.703, 0.369832
232.673, 0.426368
232.642, 0.476209
232.612, 0.518488
232.582, 0.552506
232.551, 0.577745
232.521, 0.593877
232.490, 0.600753
232.460, 0.598428
232.430, 0.587119
232.399, 0.567227
232.369, 0.539298
232.339, 0.504021
232.308, 0.462206
232.278, 0.414766
232.248, 0.362679
232.217, 0.306991
232.187, 0.248766
232.156, 0.189083
232.126, 0.128999
232.096, 0.069539
232.065, 0.011669
232.035, -0.043713
232.005, -0.095804
231.974, -0.143894
231.944, -0.187396
231.914, -0.225829
231.883, -0.258839
231.853, -0.286197
231.822, -0.307797
231.792, -0.323648
231.762, -0.333882
231.731, -0.338728
231.701, -0.338522
231.671, -0.333670
231.640, -0.324668
231.610, -0.312057
231.580, -0.296435
231.549, -0.278424
231.519, -0.258665
231.489, -0.237793
231.458, -0.216451
231.428, -0.195236
231.397, -0.174723
231.367, -0.155428
231.337, -0.137822
231.306, -0.122302
231.276, -0.109200
231.246, -0.098765
231.215, -0.091183
231.185, -0.086538
231.155, -0.084853
231.124, -0.086070
231.094, -0.090058
231.063, -0.096620
231.033, -0.105498
231.003, -0.116383
230.972, -0.128927
230.942, -0.142744
230.912, -0.157429
230.881, -0.172559
230.851, -0.187715
230.821, -0.202480
230.790, -0.216461
230.760, -0.229278
230.729, -0.240602
230.699, -0.250124
230.669, -0.257589
230.638, -0.262794
230.608, -0.265582
230.578, -0.265838
230.547, -0.263516
230.517, -0.258604
230.487, -0.251140
230.456, -0.241200
230.426, -0.228895
230.396, -0.214372
230.365, -0.197790
230.335, -0.179329
230.304, -0.159183
230.274, -0.137540
230.244, -0.114591
230.213, -0.090518
230.183, -0.065492
230.153, -0.039671
230.122, -0.013196
230.092, 0.013809
230.062, 0.041231
230.031, 0.068977
230.001, 0.096957
229.970, 0.125094
229.940, 0.150778
229.910, 0.176460
229.879, 0.202049
229.849, 0.227442
229.819, 0.252514
229.788, 0.277124
229.758, 0.301105
229.728, 0.324261
229.697, 0.346370
229.667, 0.367185
229.636, 0.386436
229.606, 0.403835
229.576, 0.419074
229.545, 0.431853
229.515, 0.441864
229.485, 0.448817
229.454, 0.452442
229.424, 0.452507
229.394, 0.448817
229.363, 0.441238
229.333, 0.429691
229.302, 0.414174
229.272, 0.394755
229.242, 0.371589
229.211, 0.344906
229.181, 0.315019
229.151, 0.282317
229.120, 0.247264
229.090, 0.210380
229.060, 0.172241
229.029, 0.133456
228.999, 0.094665
228.969, 0.056501
228.938, 0.019600
228.908, -0.015442
228.877, -0.048067
228.847, -0.077784
228.817, -0.104178
228.786, -0.126927
228.756, -0.145803
228.726, -0.160696
228.695, -0.171600
228.665, -0.178627
228.635, -0.181993
228.604, -0.182029
228.574, -0.179146
228.543, -0.173841
228.513, -0.166665
228.483, -0.158224
228.452, -0.149138
228.422, -0.140028
228.392, -0.131489
228.361, -0.124077
228.331, -0.118271
228.301, -0.114475
228.270, -0.112981
228.240, -0.113963
228.209, -0.117478
228.179, -0.123441
228.149, -0.131635
228.118, -0.141715
228.088, -0.153208
228.058, -0.165545
228.027, -0.178048
227.997, -0.189983
227.967, -0.200558
227.936, -0.208964
227.906, -0.214395
227.876, -0.216088
227.845, -0.213335
227.815, -0.205522
227.784, -0.192141
227.754, -0.172835
227.724, -0.147384
227.693, -0.115747
227.663, -0.078048
227.633, -0.034597
227.602, 0.014134
227.572, 0.067499
227.542, 0.124705
227.511, 0.184829
227.481, 0.246840
227.450, 0.309625
227.420, 0.372031
227.390, 0.432874
227.359, 0.491002
227.329, 0.545304
227.299, 0.594759
227.268, 0.638452
227.238, 0.675610
227.208, 0.705623
227.177, 0.728056
227.147, 0.742666
227.116, 0.749404
227.086, 0.748418
227.056, 0.740042
227.025, 0.724783
226.995, 0.703311
226.965, 0.676425
226.934, 0.645029
226.904, 0.610101
226.874, 0.572664
226.843, 0.533745
226.813, 0.494346
226.782, 0.455408
226.752, 0.417785
226.722, 0.382206
226.691, 0.349274
226.661, 0.319423
226.631, 0.292926
226.600, 0.269879
226.570, 0.250210
226.540, 0.233679
226.509, 0.219898
226.479, 0.208344
226.449, 0.198392
226.418, 0.189331
226.388, 0.180409
226.357, 0.170851
226.327, 0.159906
226.297, 0.146874
226.266, 0.131136
226.236, 0.112187
226.206, 0.089653
226.175, 0.063314
226.145, 0.033128
226.115, -0.000787
226.084, -0.038125
226.054, -0.072347
226.023, -0.108891
225.993, -0.146988
225.963, -0.185758
225.932, -0.224235
225.902, -0.261397
225.872, -0.296208
225.841, -0.327651
225.811, -0.354767
225.781, -0.376685
225.750, -0.392658
225.720, -0.402098
225.689, -0.404588
225.659, -0.399909
225.629, -0.388049
225.598, -0.369205
225.568, -0.343793
225.538, -0.312413
225.507, -0.275861
225.477, -0.235081
225.447, -0.191159
225.416, -0.145265
225.386, -0.098639
225.356, -0.052530
225.325, -0.008171
225.295, 0.033269
225.264, 0.070721
225.234, 0.103254
225.204, 0.130098
225.173, 0.150681
225.143, 0.164642
225.113, 0.171835
225.082, 0.172349
225.052, 0.166489
225.022, 0.154772
224.991, 0.137910
224.961, 0.116776
224.930, 0.092381
224.900, 0.065832
224.870, 0.038299
224.839, 0.010961
224.809, -0.015021
224.779, -0.038553
224.748, -0.058657
224.718, -0.074489
224.688, -0.085380
224.657, -0.090857
224.627, -0.090661
224.596, -0.084766
224.566, -0.073361
224.536, -0.056861
224.505, -0.035882
224.475, -0.011230
224.445, 0.016141
224.414, 0.045148
224.384, 0.074629
224.354, 0.103387
224.323, 0.130220
224.293, 0.153979
224.263, 0.173603
224.232, 0.188160
224.202, 0.196887
224.171, 0.199205
224.141, 0.194763
224.111, 0.183434
224.080, 0.165338
224.050, 0.140827
224.020, 0.110485
223.989, 0.075104
223.959, 0.035666
223.929, -0.006699
223.898, -0.050739
223.868, -0.095141
223.837, -0.138549
223.807, -0.179639
223.777, -0.217144
223.746, -0.249907
223.716, -0.276920
223.686, -0.297365
223.655, -0.310633
223.625, -0.316356
223.595, -0.314416
223.564, -0.304949
223.534, -0.288354
223.503, -0.265261
223.473, -0.236528
223.443, -0.203212
223.412, -0.166512
223.382, -0.127761
223.352, -0.088358
223.321, -0.049726
223.291, -0.013271
223.261, 0.019676
223.230, 0.047905
223.200, 0.070355
223.169, 0.086168
223.139, 0.094706
223.109, 0.095585
223.078, 0.088680
223.048, 0.074131
223.018, 0.052343
222.987, 0.023979
222.957, -0.010084
222.927, -0.048754
222.896, -0.090783
222.866, -0.134797
222.836, -0.179350
222.805, -0.222957
222.775, -0.264171
222.744, -0.301596
222.714, -0.333969
222.684, -0.360172
222.653, -0.379290
222.623, -0.390631
222.593, -0.393753
222.562, -0.388478
222.532, -0.374894
222.502, -0.353357
222.471, -0.324470
222.441, -0.289081
222.410, -0.248228
222.380, -0.203123
222.350, -0.155112
222.319, -0.105617
222.289, -0.056096
222.259, -0.008002
222.228, 0.037274
222.198, 0.078444
222.168, 0.108480
222.137, 0.132309
222.107, 0.149182
222.076, 0.158583
222.046, 0.160243
222.016, 0.154147
221.985, 0.140533
221.955, 0.119877
221.925, 0.092878
221.894, 0.060431
221.864, 0.023589
221.834, -0.016463
221.803, -0.058455
221.773, -0.101076
221.743, -0.143025
221.712, -0.183036
221.682, -0.219937
221.651, -0.252674
221.621, -0.280358
221.591, -0.302280
221.560, -0.317929
221.530, -0.327018
221.500, -0.329478
221.469, -0.325459
221.439, -0.315316
221.409, -0.299600
221.378, -0.279024
221.348, -0.254443
221.317, -0.226811
221.287, -0.197152
221.257, -0.166524
221.226, -0.135970
221.196, -0.106492
221.166, -0.079006
221.135, -0.054318
221.105, -0.033096
221.075, -0.015839
221.044, -0.002879
221.014, 0.005643
220.983, 0.009768
220.953, 0.009723
220.923, 0.005903
220.892, -0.001147
220.862, -0.010750
220.832, -0.022129
220.801, -0.034437
220.771, -0.046789
220.741, -0.058292
220.710, -0.068089
220.680, -0.075382
220.650, -0.079461
220.619, -0.079740
220.589, -0.075764
220.558, -0.067236
220.528, -0.054019
220.498, -0.036154
220.467, -0.013833
220.437, 0.012578
220.407, 0.042580
220.376, 0.075543
220.346, 0.110742
220.316, 0.147369
220.285, 0.184572
220.255, 0.221481
220.224, 0.257249
220.194, 0.291062
220.164, 0.322188
220.133, 0.349982
220.103, 0.373933
220.073, 0.393648
220.042, 0.408891
220.012, 0.419576
219.982, 0.425771
219.951, 0.427695
219.921, 0.425697
219.890, 0.420261
219.860, 0.411969
219.830, 0.401488
219.799, 0.389536
219.769, 0.376866
219.739, 0.364234
219.708, 0.352364
219.678, 0.341935
219.648, 0.333547
219.617, 0.327706
219.587, 0.324799
219.556, 0.325096
219.526, 0.328723
219.496, 0.335672
219.465, 0.345796
219.435, 0.358821
219.405, 0.374345
219.374, 0.391872
219.344, 0.410805
219.314, 0.430491
219.283, 0.450226
219.253, 0.469288
219.223, 0.486955
219.192, 0.502535
219.162, 0.515378
219.131, 0.524908
219.101, 0.530630
219.071, 0.532145
219.040, 0.529159
219.010, 0.521498
218.980, 0.509094
218.949, 0.491999
218.919, 0.470366
218.889, 0.444447
218.858, 0.414580
218.828, 0.381172
218.797, 0.344685
218.767, 0.305618
218.737, 0.264494
218.706, 0.221834
218.676, 0.178146
218.646, 0.133918
218.615, 0.089587
218.585, 0.045553
218.555, 0.002149
218.524, -0.040343
218.494, -0.081708
218.463, -0.121784
218.433, -0.160473
218.403, -0.197711
218.372, -0.233483
218.342, -0.267795
218.312, -0.300675
218.281, -0.327842
218.251, -0.353632
218.221, -0.378051
218.190, -0.401086
218.160, -0.422683
218.130, -0.442760
218.099, -0.461188
218.069, -0.477803
218.038, -0.492402
218.008, -0.504754
217.978, -0.514601
217.947, -0.521680
217.917, -0.525711
217.887, -0.526441
217.856, -0.523630
217.826, -0.517087
217.796, -0.506661
217.765, -0.492270
217.735, -0.473901
217.704, -0.451626
217.674, -0.425596
217.644, -0.396058
217.613, -0.363339
217.583, -0.327856
217.553, -0.290095
217.522, -0.250619
217.492, -0.210038
217.462, -0.169003
217.431, -0.128183
217.401, -0.088261
217.370, -0.049895
217.340, -0.013719
217.310, 0.019694
217.279, 0.049825
217.249, 0.076246
217.219, 0.098620
217.188, 0.116719
217.158, 0.130416
217.128, 0.139697
217.097, 0.144663
217.067, 0.145514
217.036, 0.142550
217.006, 0.136153
216.976, 0.126779
216.945, 0.114938
216.915, 0.101170
216.885, 0.086043
216.854, 0.070110
216.824, 0.053906
216.794, 0.037927
216.763, 0.022609
216.733, 0.008322
216.703, -0.004649
216.672, -0.016119
216.642, -0.025978
216.611, -0.034228
216.581, -0.040960
216.551, -0.046349
216.520, -0.050647
216.490, -0.054176
216.460, -0.057296
216.429, -0.060410
216.399, -0.063921
216.369, -0.068240
216.338, -0.073750
216.308, -0.080784
216.277, -0.089620
216.247, -0.100469
216.217, -0.113443
216.186, -0.128576
216.156, -0.145790
216.126, -0.164913
216.095, -0.185681
216.065, -0.207728
216.035, -0.230611
216.004, -0.253823
215.974, -0.276798
215.943, -0.298930
215.913, -0.319609
215.883, -0.338222
215.852, -0.354180
215.822, -0.366944
215.792, -0.376026
215.761, -0.381039
215.731, -0.381667
215.701, -0.377719
215.670, -0.369109
215.640, -0.355868
215.610, -0.338153
215.579, -0.316231
215.549, -0.290484
215.518, -0.261386
215.488, -0.229497
215.458, -0.195455
215.427, -0.159938
215.397, -0.123661
215.367, -0.087350
215.336, -0.051719
215.306, -0.017456
215.276, 0.014804
215.245, 0.044488
215.215, 0.071108
215.184, 0.094264
215.154, 0.113658
215.124, 0.129101
215.093, 0.140513
215.063, 0.147915
215.033, 0.151440
215.002, 0.151312
214.972, 0.147839
214.942, 0.141400
214.911, 0.132439
214.881, 0.121430
214.850, 0.108877
214.820, 0.095299
214.790, 0.081198
214.759, 0.067061
214.729, 0.053326
214.699, 0.040400
214.668, 0.028621
214.638, 0.018264
214.608, 0.009538
214.577, 0.002577
214.547, -0.002550
214.517, -0.005849
214.486, -0.007380
214.456, -0.007257
214.425, -0.005646
214.395, -0.004994
214.365, -0.003274
214.334, -0.000723
214.304, 0.002416
214.274, 0.005913
214.243, 0.009543
214.213, 0.013113
214.183, 0.016455
214.152, 0.019434
214.122, 0.021948
214.091, 0.023939
214.061, 0.025377
214.031, 0.026269
214.000, 0.026652
213.970, 0.026578
213.940, 0.026131
213.909, 0.025395
213.879, 0.024463
213.849, 0.023428
213.818, 0.022375
213.788, 0.021376
213.757, 0.020484
213.727, 0.019742
213.697, 0.019165
213.666, 0.018746
213.636, 0.018465
213.606, 0.018282
213.575, 0.018142
213.545, 0.017989
213.515, 0.017753
213.484, 0.017372
213.454, 0.016791
213.423, 0.015971
213.393, 0.014883
213.363, 0.013527
213.332, 0.011924
213.302, 0.010118
213.272, 0.008188
213.241, 0.006222
213.211, 0.004345
213.181, 0.002681
213.150, 0.001382
213.120, 0.000593
213.090, 0.000452
213.059, 0.001095
213.029, 0.002628
212.998, 0.005131
212.968, 0.008648
212.938, 0.013176
212.907, 0.018671
212.877, 0.025029
212.847, 0.032099
212.816, 0.039677
212.786, 0.047504
212.756, 0.055286
212.725, 0.062688
212.695, 0.069341
212.664, 0.074866
212.634, 0.078884
212.604, 0.081018
212.573, 0.080919
212.543, 0.078279
212.513, 0.072834
212.482, 0.064392
212.452, 0.052833
212.422, 0.038122
212.391, 0.020321
212.361, -0.000418
212.330, -0.023839
212.300, -0.049597
212.270, -0.077251
212.239, -0.106279
212.209, -0.136096
212.179, -0.166054
212.148, -0.195466
212.118, -0.223625
212.088, -0.249825
212.057, -0.273371
212.027, -0.293624
211.997, -0.309991
211.966, -0.321962
211.936, -0.329125
211.905, -0.331174
211.875, -0.327934
211.845, -0.319348
211.814, -0.305504
211.784, -0.286617
211.754, -0.263041
211.723, -0.235248
211.693, -0.203830
211.663, -0.169468
211.632, -0.132932
211.602, -0.095043
211.571, -0.056673
211.541, -0.018702
211.511, 0.018005
211.480, 0.052604
211.450, 0.084313
211.420, 0.112423
211.389, 0.136324
211.359, 0.155514
211.329, 0.169620
211.298, 0.178395
211.268, 0.181736
211.237, 0.179672
211.207, 0.172372
211.177, 0.160132
211.146, 0.143366
211.116, 0.122593
211.086, 0.098417
211.055, 0.071509
211.025, 0.042587
210.995, 0.012395
210.964, -0.018323
210.934, -0.048833
210.904, -0.078453
210.873, -0.106545
210.843, -0.132553
210.812, -0.156001
210.782, -0.176509
210.752, -0.193817
210.721, -0.207754
210.691, -0.218258
210.661, -0.225380
210.630, -0.229256
210.600, -0.230115
210.570, -0.228262
210.539, -0.224054
210.509, -0.218290
210.478, -0.211010
210.448, -0.202661
210.418, -0.193681
210.387, -0.184483
210.357, -0.175449
210.327, -0.166907
210.296, -0.159128
210.266, -0.152320
210.236, -0.146615
210.205, -0.142072
210.175, -0.138677
210.144, -0.136343
210.114, -0.134926
210.084, -0.134216
210.053, -0.133963
210.023, -0.133883
209.993, -0.133662
209.962, -0.132983
209.932, -0.131522
209.902, -0.128981
209.871, -0.125079
209.841, -0.119578
209.810, -0.112272
209.780, -0.103027
209.750, -0.091747
209.719, -0.078407
209.689, -0.063025
209.659, -0.045691
209.628, -0.026542
209.598, -0.005765
209.568, 0.016417
209.537, 0.039744
209.507, 0.063930
209.477, 0.088682
209.446, 0.113697
209.416, 0.138673
209.385, 0.163331
209.355, 0.187401
209.325, 0.210648
209.294, 0.232856
209.264, 0.253857
209.234, 0.273512
209.203, 0.291717
209.173, 0.308408
209.143, 0.323551
209.112, 0.337135
209.082, 0.349183
209.051, 0.359724
209.021, 0.368804
208.991, 0.376473
208.960, 0.382779
208.930, 0.387764
208.900, 0.391454
208.869, 0.393868
208.839, 0.394997
208.809, 0.394815
208.778, 0.393277
208.748, 0.390315
208.717, 0.385847
208.687, 0.379779
208.657, 0.372008
208.626, 0.362416
208.596, 0.350905
208.566, 0.337375
208.535, 0.321743
208.505, 0.303954
208.475, 0.283976
208.444, 0.261810
208.414, 0.237499
208.384, 0.211121
208.353, 0.182806
208.323, 0.152714
208.292, 0.121058
208.262, 0.088088
208.232, 0.054092
208.201, 0.019386
208.171, -0.015682
208.141, -0.050752
208.110, -0.085443
208.080, -0.119377
208.050, -0.152176
208.019, -0.183476
207.989, -0.212932
207.958, -0.240219
207.928, -0.265053
207.898, -0.287181
207.867, -0.306390
207.837, -0.322518
207.807, -0.335442
207.776, -0.345094
207.746, -0.351442
207.716, -0.354504
207.685, -0.354341
207.655, -0.351053
207.624, -0.344769
207.594, -0.335655
207.564, -0.323903
207.533, -0.309724
207.503, -0.293345
207.473, -0.275015
207.442, -0.254977
207.412, -0.233493
207.382, -0.210821
207.351, -0.187226
207.321, -0.162959
207.290, -0.138288
207.260, -0.113460
207.230, -0.088725
207.199, -0.064329
207.169, -0.040519
207.139, -0.017523
207.108, 0.004428
207.078, 0.025108
207.048, 0.044303
207.017, 0.061806
206.987, 0.077432
206.957, 0.090992
206.926, 0.102329
206.896, 0.111307
206.865, 0.117808
206.835, 0.121750
206.805, 0.123081
206.774, 0.121789
206.744, 0.117902
206.714, 0.111486
206.683, 0.102659
206.653, 0.091580
206.623, 0.078647
206.592, 0.063919
206.562, 0.047688
206.531, 0.030281
206.501, 0.012056
206.471, -0.006596
206.440, -0.025278
206.410, -0.043575
206.380, -0.061082
206.349, -0.077395
206.319, -0.092138
206.289, -0.104967
206.258, -0.115573
206.228, -0.123697
206.197, -0.129138
206.167, -0.131756
206.137, -0.131482
206.106, -0.128306
206.076, -0.122295
206.046, -0.113582
206.015, -0.102367
205.985, -0.088901
205.955, -0.073496
205.924, -0.056498
205.894, -0.038289
205.864, -0.019271
205.833, 0.000145
205.803, 0.019556
205.772, 0.038574
205.742, 0.056838
205.712, 0.074021
205.681, 0.089856
205.651, 0.104118
205.621, 0.116654
205.590, 0.127367
205.560, 0.136233
205.530, 0.143288
205.499, 0.148633
205.469, 0.152418
205.438, 0.154848
205.408, 0.156163
205.378, 0.156628
205.347, 0.156528
205.317, 0.156146
205.287, 0.155766
205.256, 0.155642
205.226, 0.155996
205.196, 0.157017
205.165, 0.158835
205.135, 0.161530
205.104, 0.165116
205.074, 0.169558
205.044, 0.174750
205.013, 0.180535
204.983, 0.186701
204.953, 0.193003
204.922, 0.199161
204.892, 0.204868
204.862, 0.209823
204.831, 0.213721
204.801, 0.216280
204.771, 0.217256
204.740, 0.216437
204.710, 0.213683
204.679, 0.208904
204.649, 0.202086
204.619, 0.193295
204.588, 0.182659
204.558, 0.170392
204.528, 0.156775
204.497, 0.142143
204.467, 0.126884
204.437, 0.111427
204.406, 0.096226
204.376, 0.081738
204.345, 0.068416
204.315, 0.056684
204.285, 0.046926
204.254, 0.039472
204.224, 0.034571
204.194, 0.032402
204.163, 0.033042
204.133, 0.036471
204.103, 0.042574
204.072, 0.051131
204.042, 0.061820
204.011, 0.074241
203.981, 0.087907
203.951, 0.102271
203.920, 0.116736
203.890, 0.130679
203.860, 0.143457
203.829, 0.154452
203.799, 0.163070
203.769, 0.168770
203.738, 0.171081
203.708, 0.169622
203.677, 0.164111
203.647, 0.154389
203.617, 0.140401
203.586, 0.122239
203.556, 0.100109
203.526, 0.074334
203.495, 0.045362
203.465, 0.013736
203.435, -0.019914
203.404, -0.054887
203.374, -0.090432
203.344, -0.125779
203.313, -0.160145
203.283, -0.192777
203.252, -0.222963
203.222, -0.250052
203.192, -0.273480
203.161, -0.292793
203.131, -0.307640
203.101, -0.317809
203.070, -0.323215
203.040, -0.323908
203.010, -0.320079
202.979, -0.312038
202.949, -0.300223
202.918, -0.285164
202.888, -0.267492
202.858, -0.247899
202.827, -0.227121
202.797, -0.205929
202.767, -0.185084
202.736, -0.164751
202.706, -0.146210
202.676, -0.130099
202.645, -0.116972
202.615, -0.107279
202.584, -0.101361
202.554, -0.099441
202.524, -0.101615
202.493, -0.107848
202.463, -0.117980
202.433, -0.131732
202.402, -0.148723
202.372, -0.168460
202.342, -0.190379
202.311, -0.213840
202.281, -0.238164
202.251, -0.262637
202.220, -0.286535
202.190, -0.309153
202.159, -0.329798
202.129, -0.347836
202.099, -0.362684
202.068, -0.373832
202.038, -0.380856
202.008, -0.383414
201.977, -0.381264
201.947, -0.374258
201.917, -0.362342
201.886, -0.345558
201.856, -0.324034
201.825, -0.297980
201.795, -0.267675
201.765, -0.233465
201.734, -0.195751
201.704, -0.154970
201.674, -0.111597
201.643, -0.066136
201.613, -0.019092
201.583, 0.029014
201.552, 0.077666
201.522, 0.126354
201.491, 0.174581
201.461, 0.221867
201.431, 0.267750
201.400, 0.311790
201.370, 0.353576
201.340, 0.392721
201.309, 0.428857
201.279, 0.461656
201.249, 0.490814
201.218, 0.516059
201.188, 0.537157
201.158, 0.553913
201.127, 0.566176
201.097, 0.573838
201.066, 0.576849
201.036, 0.575208
201.006, 0.568982
200.975, 0.558302
200.945, 0.543371
200.915, 0.524466
200.884, 0.501934
200.854, 0.476201
200.824, 0.447764
200.793, 0.417182
200.763, 0.385083
200.732, 0.352142
200.702, 0.319075
200.672, 0.286627
200.641, 0.255548
200.611, 0.226594
200.581, 0.200478
200.550, 0.177880
200.520, 0.159411
200.490, 0.145600
200.459, 0.136874
200.429, 0.133530
200.398, 0.135750
200.368, 0.143555
200.338, 0.156820
200.307, 0.175264
200.277, 0.198446
200.247, 0.225783
200.216, 0.256540
200.186, 0.289869
200.156, 0.324805
200.125, 0.360299
200.095, 0.395251
200.064, 0.428525
200.034, 0.458992
200.004, 0.485554
199.973, 0.507184
199.943, 0.522951
199.913, 0.532053
199.882, 0.533841
199.852, 0.527848
199.822, 0.513802
199.791, 0.491639
199.761, 0.461516
199.731, 0.423809
199.700, 0.379101
199.670, 0.328184
199.639, 0.272028
199.609, 0.211760
199.579, 0.148646
199.548, 0.084037
199.518, 0.019347
199.488, -0.043984
199.457, -0.104551
199.427, -0.160999
199.397, -0.212082
199.366, -0.256696
199.336, -0.293903
199.305, -0.322972
199.275, -0.343394
199.245, -0.354904
199.214, -0.357486
199.184, -0.351376
199.154, -0.337059
199.123, -0.315254
199.093, -0.286890
199.063, -0.253091
199.032, -0.215133
199.002, -0.174404
198.971, -0.132373
198.941, -0.090546
198.911, -0.050408
198.880, -0.013397
198.850, 0.016152
198.820, 0.040037
198.789, 0.057233
198.759, 0.066910
198.729, 0.068475
198.698, 0.061573
198.668, 0.046101
198.638, 0.022210
198.607, -0.009695
198.577, -0.048986
198.546, -0.094806
198.516, -0.146123
198.486, -0.201749
198.455, -0.260370
198.425, -0.320598
198.395, -0.381011
198.364, -0.440192
198.334, -0.496759
198.304, -0.549432
198.273, -0.597039
198.243, -0.638571
198.212, -0.673187
198.182, -0.700252
198.152, -0.719339
198.121, -0.730235
198.091, -0.732951
198.061, -0.727699
198.030, -0.714886
198.000, -0.695098
197.970, -0.669070
197.939, -0.637648
197.909, -0.601782
197.878, -0.562464
197.848, -0.520711
197.818, -0.477529
197.787, -0.433867
197.757, -0.390621
197.727, -0.348569
197.696, -0.308375
197.666, -0.270569
197.636, -0.235536
197.605, -0.203507
197.575, -0.174570
197.544, -0.148673
197.514, -0.125635
197.484, -0.105160
197.453, -0.086873
197.423, -0.070319
197.393, -0.055016
197.362, -0.040456
197.332, -0.026148
197.302, -0.011630
197.271, 0.003496
197.241, 0.019554
197.211, 0.036780
197.180, 0.055304
197.150, 0.075152
197.119, 0.096239
197.089, 0.118378
197.059, 0.141286
197.028, 0.164602
196.998, 0.187899
196.968, 0.210710
196.937, 0.232547
196.907, 0.252919
196.877, 0.271373
196.846, 0.287500
196.816, 0.300968
196.785, 0.311533
196.755, 0.319059
196.725, 0.323535
196.694, 0.325056
196.664, 0.323864
196.634, 0.320309
196.603, 0.314852
196.573, 0.308058
196.543, 0.300562
196.512, 0.293066
196.482, 0.286289
196.451, 0.280960
196.421, 0.277777
196.391, 0.277382
196.360, 0.280330
196.330, 0.287073
196.300, 0.297922
196.269, 0.313039
196.239, 0.332422
196.209, 0.355898
196.178, 0.383115
196.148, 0.413560
196.118, 0.446543
196.087, 0.481255
196.057, 0.516745
196.026, 0.551980
195.996, 0.585859
195.966, 0.617264
195.935, 0.645069
195.905, 0.668205
195.875, 0.685681
195.844, 0.696626
195.814, 0.700308
195.784, 0.696184
195.753, 0.683899
195.723, 0.663322
195.692, 0.634540
195.662, 0.597872
195.632, 0.553864
195.601, 0.503271
195.571, 0.447044
195.541, 0.386309
195.510, 0.322324
195.480, 0.256457
195.450, 0.190142
195.419, 0.124835
195.389, 0.061976
195.358, 0.002953
195.328, -0.050962
195.298, -0.098625
195.267, -0.139066
195.237, -0.171513
195.207, -0.195424
195.176, -0.210496
195.146, -0.216668
195.116, -0.214133
195.085, -0.203332
195.055, -0.184931
195.025, -0.159805
194.994, -0.129014
194.964, -0.089160
194.933, -0.046182
194.903, -0.001480
194.873, 0.043508
194.842, 0.087350
194.812, 0.128661
194.782, 0.166152
194.751, 0.198648
194.721, 0.225126
194.691, 0.244759
194.660, 0.256903
194.630, 0.261144
194.599, 0.257284
194.569, 0.245347
194.539, 0.225587
194.508, 0.198454
194.478, 0.164579
194.448, 0.124769
194.417, 0.079962
194.387, 0.031205
194.357, -0.020395
194.326, -0.073677
194.296, -0.127488
194.265, -0.180695
194.235, -0.232230
194.205, -0.281112
194.174, -0.326467
194.144, -0.367547
194.114, -0.403764
194.083, -0.434666
194.053, -0.459964
194.023, -0.479528
193.992, -0.493369
193.962, -0.501644
193.931, -0.504626
193.901, -0.502690
193.871, -0.496307
193.840, -0.486004
193.810, -0.472345
193.780, -0.455910
193.749, -0.437285
193.719, -0.417018
193.689, -0.395634
193.658, -0.373581
193.628, -0.351264
193.598, -0.329003
193.567, -0.307040
193.537, -0.285551
193.506, -0.264640
193.476, -0.244338
193.446, -0.224639
193.415, -0.205473
193.385, -0.186771
193.355, -0.168430
193.324, -0.150359
193.294, -0.132479
193.264, -0.114744
193.233, -0.097153
193.203, -0.079743
193.172, -0.062616
193.142, -0.045937
193.112, -0.029919
193.081, -0.014837
193.051, -0.001010
193.021, 0.011190
192.990, 0.021384
192.960, 0.029171
192.930, 0.034154
192.899, 0.035949
192.869, 0.034226
192.838, 0.028698
192.808, 0.019153
192.778, 0.005455
192.747, -0.012427
192.717, -0.034428
192.687, -0.060359
192.656, -0.089945
192.626, -0.122774
192.596, -0.158349
192.565, -0.196065
192.535, -0.235244
192.505, -0.275137
192.474, -0.314945
192.444, -0.353846
192.413, -0.391004
192.383, -0.425612
192.353, -0.456889
192.322, -0.484114
192.292, -0.506658
192.262, -0.523980
192.231, -0.535669
192.201, -0.541419
192.171, -0.541086
192.140, -0.534649
192.110, -0.522242
192.079, -0.504133
192.049, -0.480727
192.019, -0.452561
191.988, -0.420269
191.958, -0.384582
191.928, -0.346317
191.897, -0.306333
191.867, -0.265521
191.837, -0.224786
191.806, -0.185016
191.776, -0.147062
191.745, -0.111719
191.715, -0.079701
191.685, -0.051642
191.654, -0.028058
191.624, -0.009352
191.594, 0.004204
191.563, 0.012456
191.533, 0.015386
191.503, 0.013105
191.472, 0.005845
191.442, -0.006057
191.412, -0.022156
191.381, -0.041916
191.351, -0.064728
191.320, -0.089936
191.290, -0.116827
191.260, -0.144679
191.229, -0.172753
191.199, -0.200333
191.169, -0.226721
191.138, -0.251258
191.108, -0.273343
191.078, -0.292529
191.047, -0.308266
191.017, -0.320170
190.986, -0.327942
190.956, -0.331379
190.926, -0.330367
190.895, -0.324873
190.865, -0.314958
190.835, -0.300763
190.804, -0.282509
190.774, -0.260479
190.744, -0.235023
190.713, -0.206548
190.683, -0.175499
190.652, -0.142347
190.622, -0.107600
190.592, -0.071773
190.561, -0.035380
190.531, 0.001065
190.501, 0.037079
190.470, 0.072186
190.440, 0.105964
190.410, 0.138021
190.379, 0.168030
190.349, 0.195707
190.318, 0.220840
190.288, 0.243276
190.258, 0.262946
190.227, 0.279831
190.197, 0.293998
190.167, 0.305578
190.136, 0.314767
190.106, 0.321824
190.076, 0.327056
190.045, 0.330825
190.015, 0.333532
189.985, 0.335586
189.954, 0.337429
189.924, 0.339496
189.893, 0.342212
189.863, 0.345974
189.833, 0.351141
189.802, 0.358019
189.772, 0.366850
189.742, 0.377797
189.711, 0.390940
189.681, 0.406264
189.651, 0.423664
189.620, 0.442920
189.590, 0.463728
189.559, 0.485684
189.529, 0.508299
189.499, 0.530997
189.468, 0.553151
189.438, 0.574072
189.408, 0.593060
189.377, 0.609384
189.347, 0.622343
189.317, 0.631262
189.286, 0.635538
189.256, 0.634626
189.225, 0.628110
189.195, 0.615679
189.165, 0.597173
189.134, 0.572569
189.104, 0.542019
189.074, 0.505840
189.043, 0.464518
189.013, 0.418687
188.983, 0.369159
188.952, 0.316864
188.922, 0.262865
188.892, 0.208307
188.861, 0.154414
188.831, 0.102441
188.800, 0.053658
188.770, 0.009283
188.740, -0.029505
188.709, -0.061645
188.679, -0.086196
188.649, -0.102387
188.618, -0.109622
188.588, -0.107523
188.558, -0.095933
188.527, -0.074929
188.497, -0.044821
188.466, -0.006154
188.436, 0.040302
188.406, 0.093565
188.375, 0.152477
188.345, 0.215726
188.315, 0.281871
188.284, 0.349388
188.254, 0.416715
188.224, 0.482284
188.193, 0.544571
188.163, 0.602127
188.132, 0.653636
188.102, 0.697933
188.072, 0.734054
188.041, 0.761239
188.011, 0.778978
187.981, 0.787001
187.950, 0.785306
187.920, 0.774135
187.890, 0.753976
187.859, 0.725550
187.829, 0.689781
187.799, 0.647762
187.768, 0.600730
187.738, 0.550020
187.707, 0.497030
187.677, 0.443167
187.647, 0.389825
187.616, 0.338308
187.586, 0.289832
187.556, 0.245462
187.525, 0.206089
187.495, 0.172419
187.465, 0.144938
187.434, 0.123909
187.404, 0.109381
187.373, 0.101179
187.343, 0.098930
187.313, 0.102077
187.282, 0.109906
187.252, 0.121580
187.222, 0.136177
187.191, 0.152716
187.161, 0.170216
187.131, 0.187719
187.100, 0.204349
187.070, 0.219309
187.039, 0.231963
187.009, 0.241819
186.979, 0.248578
186.948, 0.252119
186.918, 0.252533
186.888, 0.250096
186.857, 0.245281
186.827, 0.238712
186.797, 0.231172
186.766, 0.223539
186.736, 0.216787
186.705, 0.211907
186.675, 0.209904
186.645, 0.211726
186.614, 0.218245
186.584, 0.230198
186.554, 0.248166
186.523, 0.272547
186.493, 0.303517
186.463, 0.341024
186.432, 0.384787
186.402, 0.434270
186.372, 0.488733
186.341, 0.547199
186.311, 0.608529
186.280, 0.671408
186.250, 0.734422
186.220, 0.796069
186.189, 0.854831
186.159, 0.909208
186.129, 0.957787
186.098, 0.999259
186.068, 1.032495
186.038, 1.056559
186.007, 1.070774
185.977, 1.074721
185.946, 1.068274
185.916, 1.051606
185.886, 1.025194
185.855, 0.989798
185.825, 0.946461
185.795, 0.896467
185.764, 0.841315
185.734, 0.782668
185.704, 0.722315
185.673, 0.662105
185.643, 0.603915
185.612, 0.549558
185.582, 0.500772
185.552, 0.459126
185.521, 0.426006
185.491, 0.402544
185.461, 0.389614
185.430, 0.387776
185.400, 0.397283
185.370, 0.418057
185.339, 0.449713
185.309, 0.491542
185.279, 0.542576
185.248, 0.601561
185.218, 0.667059
185.187, 0.737454
185.157, 0.811022
185.127, 0.885972
185.096, 0.960509
185.066, 1.032892
185.036, 1.101483
185.005, 1.164792
184.975, 1.221539
184.945, 1.270667
184.914, 1.311397
184.884, 1.343221
184.853, 1.365949
184.823, 1.379667
184.793, 1.384775
184.762, 1.381929
184.732, 1.372038
184.702, 1.356226
184.671, 1.335788
184.641, 1.312150
184.611, 1.286813
184.580, 1.261307
184.550, 1.237140
184.519, 1.215742
184.489, 1.198434
184.459, 1.186370
184.428, 1.180513
184.398, 1.181592
184.368, 1.190112
184.337, 1.206302
184.307, 1.230150
184.277, 1.261377
184.246, 1.299486
184.216, 1.343747
184.185, 1.393259
184.155, 1.446969
184.125, 1.503718
184.094, 1.562274
184.064, 1.621394
184.034, 1.679854
184.003, 1.736498
183.973, 1.790280
183.943, 1.840297
183.912, 1.885819
183.882, 1.926315
183.852, 1.961461
183.821, 1.991166
183.791, 2.015548
183.760, 2.034942
183.730, 2.049886
183.700, 2.061095
183.669, 2.069421
183.639, 2.075843
183.609, 2.081409
183.578, 2.087214
183.548, 2.094337
183.518, 2.103825
183.487, 2.116643
183.457, 2.133641
183.426, 2.155523
183.396, 2.182825
183.366, 2.215899
183.335, 2.254892
183.305, 2.299744
183.275, 2.350206
183.244, 2.405834
183.214, 2.466014
183.184, 2.529981
183.153, 2.596857
183.123, 2.665667
183.092, 2.735399
183.062, 2.805006
183.032, 2.873485
183.001, 2.939881
182.971, 3.003337
182.941, 3.063118
182.910, 3.118647
182.880, 3.169507
182.850, 3.215477
182.819, 3.256516
182.789, 3.292792
182.759, 3.324644
182.728, 3.352604
182.698, 3.377338
182.667, 3.399667
182.637, 3.420489
182.607, 3.440798
182.576, 3.461600
182.546, 3.483917
182.516, 3.508733
182.485, 3.536965
182.455, 3.569423
182.425, 3.606802
182.394, 3.649639
182.364, 3.698310
182.333, 3.753003
182.303, 3.813735
182.273, 3.880334
182.242, 3.952466
182.212, 4.029629
182.182, 4.111184
182.151, 4.196372
182.121, 4.284356
182.091, 4.374231
182.060, 4.465082
182.030, 4.555985
181.999, 4.646066
181.969, 4.734524
181.939, 4.820656
181.908, 4.903871
181.878, 4.983737
181.848, 5.059968
181.817, 5.132433
181.787, 5.201185
181.757, 5.266427
181.726, 5.328522
181.696, 5.387968
181.666, 5.445387
181.635, 5.501495
181.605, 5.557079
181.574, 5.612962
181.544, 5.669990
181.514, 5.728993
181.483, 5.790740
181.453, 5.855946
181.423, 5.925219
181.392, 5.999075
181.362, 6.077863
181.332, 6.161835
181.301, 6.251071
181.271, 6.345531
181.240, 6.445023
181.210, 6.549242
181.180, 6.657775
181.149, 6.770120
181.119, 6.885709
181.089, 7.003938
181.058, 7.124190
181.028, 7.245869
180.998, 7.368414
180.967, 7.491344
180.937, 7.614248
180.906, 7.736845
180.876, 7.858976
180.846, 7.980593
180.815, 8.101819
180.785, 8.222916
180.755, 8.344255
180.724, 8.466362
180.694, 8.589857
180.664, 8.715479
180.633, 8.843995
180.603, 8.976267
180.572, 9.113145
180.542, 9.255474
180.512, 9.404084
180.481, 9.559729
180.451, 9.723072
180.421, 9.894694
180.390, 10.075002
180.360, 10.264327
180.330, 10.462798
180.299, 10.670430
180.269, 10.887057
180.239, 11.112393
180.208, 11.345992
180.178, 11.587305
180.147, 11.835674
180.117, 12.090370
180.087, 12.350600
180.056, 12.615550
180.026, 12.884398
179.996, 13.156367
179.965, 13.430697
179.935, 13.706753
179.905, 13.983947
179.874, 14.261836
179.844, 14.540093
179.813, 14.818547
179.783, 15.097144
179.753, 15.375990
179.722, 15.655326
179.692, 15.935521
179.662, 16.217051
179.631, 16.500496
179.601, 16.786512
179.571, 17.075808
179.540, 17.369123
179.510, 17.667203
179.479, 17.970757
179.449, 18.280478
179.419, 18.596955
179.388, 18.920724
179.358, 19.252182
179.328, 19.591633
179.297, 19.939235
179.267, 20.295017
179.237, 20.658875
179.206, 21.030558
179.176, 21.409699
179.146, 21.795814
179.115, 22.188323
179.085, 22.586547
179.054, 22.989755
179.024, 23.397185
178.994, 23.808016
178.963, 24.221485
178.933, 24.636802
178.903, 25.053258
178.872, 25.470195
178.842, 25.887050
178.812, 26.303347
178.781, 26.718740
178.751, 27.132971
178.720, 27.545943
178.690, 27.957648
178.660, 28.368222
178.629, 28.777907
178.599, 29.187056
178.569, 29.596122
178.538, 30.005634
178.508, 30.416178
178.478, 30.828426
178.447, 31.243026
178.417, 31.660681
178.386, 32.082067
178.356, 32.507872
178.326, 32.938691
178.295, 33.375127
178.265, 33.817677
178.235, 34.266803
178.204, 34.722842
178.174, 35.186075
178.144, 35.656696
178.113, 36.134782
178.083, 36.620355
178.053, 37.113332
178.022, 37.613540
177.992, 38.120768
177.961, 38.634713
177.931, 39.155015
177.901, 39.681273
177.870, 40.213042
177.840, 40.749871
177.810, 41.291247
177.779, 41.836679
177.749, 42.385647
177.719, 42.937630
177.688, 43.492125
177.658, 44.048656
177.627, 44.606717
177.597, 45.165833
177.567, 45.725546
177.536, 46.285416
177.506, 46.845023
177.476, 47.403898
177.445, 47.961658
177.415, 48.517894
177.385, 49.072200
177.354, 49.624154
177.324, 50.173371
177.293, 50.719428
177.263, 51.261912
177.233, 51.800385
177.202, 52.334409
177.172, 52.863547
177.142, 53.387339
177.111, 53.905289
177.081, 54.416942
177.051, 54.921787
177.020, 55.419333
176.990, 55.909068
176.959, 56.390479
176.929, 56.863046
176.899, 57.326271
176.868, 57.779619
176.838, 58.222607
176.808, 58.654722
176.777, 59.075475
176.747, 59.484406
176.717, 59.881024
176.686, 60.264938
176.656, 60.635709
176.626, 60.992939
176.595, 61.336296
176.565, 61.665432
176.534, 61.980070
176.504, 62.279936
176.474, 62.564829
176.443, 62.834567
176.413, 63.089029
176.383, 63.328125
176.352, 63.551824
176.322, 63.760135
176.292, 63.953102
176.261, 64.130861
176.231, 64.293540
176.200, 64.441351
176.170, 64.574535
176.140, 64.693355
176.109, 64.798159
176.079, 64.889263
176.049, 64.967059
176.018, 65.031947
175.988, 65.084318
175.958, 65.124611
175.927, 65.153240
175.897, 65.170627
175.866, 65.177202
175.836, 65.173356
175.806, 65.159468
175.775, 65.135936
175.745, 65.103078
175.715, 65.061231
175.684, 65.010692
175.654, 64.951723
175.624, 64.884588
175.593, 64.809506
175.563, 64.726712
175.533, 64.636399
175.502, 64.538781
175.472, 64.434053
175.441, 64.322410
175.411, 64.204118
175.381, 64.079394
175.350, 63.948525
175.320, 63.811820
175.290, 63.669626
175.259, 63.522321
175.229, 63.370370
175.199, 63.214220
175.168, 63.054444
175.138, 62.891583
175.107, 62.726272
175.077, 62.559167
175.047, 62.390968
175.016, 62.222392
174.986, 62.054186
174.956, 61.887096
174.925, 61.721890
174.895, 61.559286
174.865, 61.400060
174.834, 61.244890
174.804, 61.094455
174.773, 60.949404
174.743, 60.810302
174.713, 60.677676
174.682, 60.552032
174.652, 60.433755
174.622, 60.323205
174.591, 60.220679
174.561, 60.126386
174.531, 60.040507
174.500, 59.963141
174.470, 59.894362
174.439, 59.834187
174.409, 59.782561
174.379, 59.739449
174.348, 59.704720
174.318, 59.678263
174.288, 59.659933
174.257, 59.649544
174.227, 59.646882
174.197, 59.651745
174.166, 59.663884
174.136, 59.683036
174.106, 59.708897
174.075, 59.741153
174.045, 59.779417
174.014, 59.823292
173.984, 59.872323
173.954, 59.925999
173.923, 59.983732
173.893, 60.044902
173.863, 60.108780
173.832, 60.174603
173.802, 60.241526
173.772, 60.308646
173.741, 60.374951
173.711, 60.439432
173.680, 60.500995
173.650, 60.558501
173.620, 60.610805
173.589, 60.656738
173.559, 60.695153
173.529, 60.724868
173.498, 60.744833
173.468, 60.753956
173.438, 60.751295
173.407, 60.735989
173.377, 60.707202
173.346, 60.664368
173.316, 60.606922
173.286, 60.534502
173.255, 60.446912
173.225, 60.344053
173.195, 60.226047
173.164, 60.093082
173.134, 59.945558
173.104, 59.783971
173.073, 59.608934
173.043, 59.421169
173.013, 59.221469
172.982, 59.010671
172.952, 58.789693
172.921, 58.559419
172.891, 58.320753
172.861, 58.074562
172.830, 57.821684
172.800, 57.562841
172.770, 57.298758
172.739, 57.029963
172.709, 56.756953
172.679, 56.480083
172.648, 56.199623
172.618, 55.915718
172.587, 55.628398
172.557, 55.337616
172.527, 55.043238
172.496, 54.745068
172.466, 54.442841
172.436, 54.136279
172.405, 53.825050
172.375, 53.508904
172.345, 53.187541
172.314, 52.860712
172.284, 52.528273
172.253, 52.190096
172.223, 51.846167
172.193, 51.496544
172.162, 51.141388
172.132, 50.780961
172.102, 50.415603
172.071, 50.045729
172.041, 49.671866
172.011, 49.294573
171.980, 48.914482
171.950, 48.532235
171.920, 48.148502
171.889, 47.763956
171.859, 47.379235
171.828, 46.994937
171.798, 46.611635
171.768, 46.229787
171.737, 45.849794
171.707, 45.471966
171.677, 45.096497
171.646, 44.723509
171.616, 44.353001
171.586, 43.984884
171.555, 43.618975
171.525, 43.255020
171.494, 42.892693
171.464, 42.531633
171.434, 42.171432
171.403, 41.811669
171.373, 41.451936
171.343, 41.091826
171.312, 40.731007
171.282, 40.369170
171.252, 40.006081
171.221, 39.641606
171.191, 39.275660
171.160, 38.908281
171.130, 38.539591
171.100, 38.169792
171.069, 37.799194
171.039, 37.428158
171.009, 37.057115
170.978, 36.686555
170.948, 36.316982
170.918, 35.948940
170.887, 35.582972
170.857, 35.219537
170.826, 34.859162
170.796, 34.502227
170.766, 34.149083
170.735, 33.799996
170.705, 33.455117
170.675, 33.114550
170.644, 32.778243
170.614, 32.446068
170.584, 32.117798
170.553, 31.793125
170.523, 31.471649
170.493, 31.152895
170.462, 30.836358
170.432, 30.521487
170.401, 30.207724
170.371, 29.894496
170.341, 29.581254
170.310, 29.267484
170.280, 28.952718
170.250, 28.636558
170.219, 28.318663
170.189, 27.998808
170.159, 27.676797
170.128, 27.352576
170.098, 27.026131
170.067, 26.697538
170.037, 26.366946
170.007, 26.034552
169.976, 25.700590
169.946, 25.365354
169.916, 25.029107
169.885, 24.692129
169.855, 24.354677
169.825, 24.016975
169.794, 23.679198
169.764, 23.341443
169.733, 23.003771
169.703, 22.666160
169.673, 22.328511
169.642, 21.990651
169.612, 21.652346
169.582, 21.313317
169.551, 20.973218
169.521, 20.631709
169.491, 20.288412
169.460, 19.942975
169.430, 19.595071
169.400, 19.244416
169.369, 18.890836
169.339, 18.534194
169.308, 18.174476
169.278, 17.811810
169.248, 17.446429
169.217, 17.078711
169.187, 16.709169
169.157, 16.338450
169.126, 15.967332
169.096, 15.596696
169.066, 15.227545
169.035, 14.860936
169.005, 14.497983
168.974, 14.139849
168.944, 13.787678
168.914, 13.442579
168.883, 13.105624
168.853, 12.777777
168.823, 12.459890
168.792, 12.152687
168.762, 11.856710
168.732, 11.572353
168.701, 11.299803
168.671, 11.039045
168.640, 10.789899
168.610, 10.551949
168.580, 10.324638
168.549, 10.107227
168.519, 9.898833
168.489, 9.698462
168.458, 9.505028
168.428, 9.317376
168.398, 9.134332
168.367, 8.954740
168.337, 8.777471
168.307, 8.601476
168.276, 8.425798
168.246, 8.249645
168.215, 8.072331
168.185, 7.893365
168.155, 7.712431
168.124, 7.529384
168.094, 7.344285
168.064, 7.157361
168.033, 6.969008
168.003, 6.779764
167.973, 6.590299
167.942, 6.401384
167.912, 6.213852
167.881, 6.028580
167.851, 5.846445
167.821, 5.668300
167.790, 5.494941
167.760, 5.327068
167.730, 5.165273
167.699, 5.010008
167.669, 4.861575
167.639, 4.720114
167.608, 4.585584
167.578, 4.457786
167.547, 4.336359
167.517, 4.220787
167.487, 4.110427
167.456, 4.004535
167.426, 3.902274
167.396, 3.802767
167.365, 3.705123
167.335, 3.608469
167.305, 3.511975
167.274, 3.414908
167.244, 3.316644
167.213, 3.216699
167.183, 3.114756
167.153, 3.010674
167.122, 2.904506
167.092, 2.796495
167.062, 2.687086
167.031, 2.576899
167.001, 2.466721
166.971, 2.357494
166.940, 2.250270
166.910, 2.146194
166.880, 2.046461
166.849, 1.952275
166.819, 1.864820
166.788, 1.785213
166.758, 1.714465
166.728, 1.653452
166.697, 1.602872
166.667, 1.563226
166.637, 1.534793
166.606, 1.517619
166.576, 1.511501
166.546, 1.515988
166.515, 1.530390
166.485, 1.553794
166.454, 1.585076
166.424, 1.622936
166.394, 1.665931
166.363, 1.712501
166.333, 1.761027
166.303, 1.809866
166.272, 1.857391
166.242, 1.902043
166.212, 1.942368
166.181, 1.977059
166.151, 2.004993
166.120, 2.025252
166.090, 2.037164
166.060, 2.040299
166.029, 2.034488
165.999, 2.019836
165.969, 1.996694
165.938, 1.965667
165.908, 1.927564
165.878, 1.883404
165.847, 1.834362
165.817, 1.781748
165.787, 1.726941
165.756, 1.671369
165.726, 1.616452
165.695, 1.563569
165.665, 1.514005
165.635, 1.468927
165.604, 1.429336
165.574, 1.396047
165.544, 1.369663
165.513, 1.350568
165.483, 1.338903
165.453, 1.334578
165.422, 1.337278
165.392, 1.346467
165.361, 1.361422
165.331, 1.381248
165.301, 1.404917
165.270, 1.431300
165.240, 1.459201
165.210, 1.487407
165.179, 1.514715
165.149, 1.539985
165.119, 1.562167
165.088, 1.580335
165.058, 1.593716
165.027, 1.601722
164.997, 1.603956
164.967, 1.600226
164.936, 1.590553
164.906, 1.575165
164.876, 1.554490
164.845, 1.529139
164.815, 1.499870
164.785, 1.467600
164.754, 1.433330
164.724, 1.398132
164.693, 1.363124
164.663, 1.329410
164.633, 1.298064
164.602, 1.270080
164.572, 1.246352
164.542, 1.227651
164.511, 1.214584
164.481, 1.207589
164.451, 1.206926
164.420, 1.212661
164.390, 1.224682
164.360, 1.242690
164.329, 1.266217
164.299, 1.294658
164.268, 1.327274
164.238, 1.363230
164.208, 1.401624
164.177, 1.441521
164.147, 1.481984
164.117, 1.522096
164.086, 1.561006
164.056, 1.597956
164.026, 1.632294
163.995, 1.663506
163.965, 1.691222
163.934, 1.715238
163.904, 1.735512
163.874, 1.752159
163.843, 1.765451
163.813, 1.775807
163.783, 1.783762
163.752, 1.789955
163.722, 1.795097
163.692, 1.799956
163.661, 1.805303
163.631, 1.811903
163.600, 1.820476
163.570, 1.831666
163.540, 1.846022
163.509, 1.863967
163.479, 1.885785
163.449, 1.911612
163.418, 1.941423
163.388, 1.975022
163.358, 2.012067
163.327, 2.052059
163.297, 2.094376
163.267, 2.138265
163.236, 2.182903
163.206, 2.227398
163.175, 2.270829
163.145, 2.312274
163.115, 2.350844
163.084, 2.385722
163.054, 2.416178
163.024, 2.441610
162.993, 2.461555
162.963, 2.475719
162.933, 2.483980
162.902, 2.486401
162.872, 2.483226
162.841, 2.474891
162.811, 2.461990
162.781, 2.445268
162.750, 2.425608
162.720, 2.403990
162.690, 2.381474
162.659, 2.359153
162.629, 2.338123
162.599, 2.319460
162.568, 2.304163
162.538, 2.293136
162.507, 2.287151
162.477, 2.286830
162.447, 2.292610
162.416, 2.304736
162.386, 2.323248
162.356, 2.347977
162.325, 2.378544
162.295, 2.414376
162.265, 2.454715
162.234, 2.498648
162.204, 2.545120
162.174, 2.592976
162.143, 2.640988
162.113, 2.687902
162.082, 2.732463
162.052, 2.773458
162.022, 2.809756
161.991, 2.840341
161.961, 2.864338
161.931, 2.881042
161.900, 2.889942
161.870, 2.890736
161.840, 2.883335
161.809, 2.867874
161.779, 2.844697
161.748, 2.814356
161.718, 2.777596
161.688, 2.735315
161.657, 2.688559
161.627, 2.638477
161.597, 2.586294
161.566, 2.533265
161.536, 2.480653
161.506, 2.429680
161.475, 2.381500
161.445, 2.337163
161.414, 2.297584
161.384, 2.263534
161.354, 2.235599
161.323, 2.214189
161.293, 2.199512
161.263, 2.191592
161.232, 2.190262
161.202, 2.195179
161.172, 2.205844
161.141, 2.221621
161.111, 2.241762
161.080, 2.265447
161.050, 2.291795
161.020, 2.319915
160.989, 2.348928
160.959, 2.377995
160.929, 2.406360
160.898, 2.433360
160.868, 2.458452
160.838, 2.481237
160.807, 2.501456
160.777, 2.519010
160.747, 2.533952
160.716, 2.546486
160.686, 2.556953
160.655, 2.565817
160.625, 2.573643
160.595, 2.581074
160.564, 2.588807
160.534, 2.597560
160.504, 2.608042
160.473, 2.620933
160.443, 2.636844
160.413, 2.656302
160.382, 2.679718
160.352, 2.707375
160.321, 2.739416
160.291, 2.775829
160.261, 2.816452
160.230, 2.860960
160.200, 2.908894
160.170, 2.959656
160.139, 3.012537
160.109, 3.066737
160.079, 3.121384
160.048, 3.175573
160.018, 3.228386
159.987, 3.278930
159.957, 3.326357
159.927, 3.369902
159.896, 3.408906
159.866, 3.442840
159.836, 3.471316
159.805, 3.494112
159.775, 3.511178
159.745, 3.522631
159.714, 3.528767
159.684, 3.530039
159.654, 3.527054
159.623, 3.520558
159.593, 3.511399
159.562, 3.500519
159.532, 3.488914
159.502, 3.477604
159.471, 3.467614
159.441, 3.459932
159.411, 3.455481
159.380, 3.455096
159.350, 3.459505
159.320, 3.469291
159.289, 3.484896
159.259, 3.506600
159.228, 3.534518
159.198, 3.568594
159.168, 3.608621
159.137, 3.654241
159.107, 3.704961
159.077, 3.760171
159.046, 3.819171
159.016, 3.881193
158.986, 3.945435
158.955, 4.011081
158.925, 4.077334
158.894, 4.143444
158.864, 4.208726
158.834, 4.272591
158.803, 4.334563
158.773, 4.394283
158.743, 4.451536
158.712, 4.506242
158.682, 4.558461
158.652, 4.608394
158.621, 4.656358
158.591, 4.702786
158.561, 4.748196
158.530, 4.793184
158.500, 4.838387
158.469, 4.884461
158.439, 4.932057
158.409, 4.981792
158.378, 5.034223
158.348, 5.089825
158.318, 5.148970
158.287, 5.211906
158.257, 5.278750
158.227, 5.349476
158.196, 5.423905
158.166, 5.501715
158.135, 5.582445
158.105, 5.665498
158.075, 5.750158
158.044, 5.835615
158.014, 5.920979
157.984, 6.005301
157.953, 6.087609
157.923, 6.166932
157.893, 6.242312
157.862, 6.312851
157.832, 6.377715
157.801, 6.436172
157.771, 6.487599
157.741, 6.531501
157.710, 6.567522
157.680, 6.595454
157.650, 6.615234
157.619, 6.626939
157.589, 6.630789
157.559, 6.627133
157.528, 6.616433
157.498, 6.599245
157.467, 6.576203
157.437, 6.548002
157.407, 6.515369
157.376, 6.479046
157.346, 6.439762
157.316, 6.398226
157.285, 6.355090
157.255, 6.310953
157.225, 6.266333
157.194, 6.221670
157.164, 6.177306
157.134, 6.133499
157.103, 6.090401
157.073, 6.048094
157.042, 6.006567
157.012, 5.965747
156.982, 5.925499
156.951, 5.885654
156.921, 5.846006
156.891, 5.806343
156.860, 5.766457
156.830, 5.726160
156.800, 5.685291
156.769, 5.643743
156.739, 5.601457
156.708, 5.558436
156.678, 5.514753
156.648, 5.470544
156.617, 5.426005
156.587, 5.381403
156.557, 5.337058
156.526, 5.293321
156.496, 5.250588
156.466, 5.209271
156.435, 5.169790
156.405, 5.132553
156.374, 5.097947
156.344, 5.066325
156.314, 5.037992
156.283, 5.013190
156.253, 4.992095
156.223, 4.974815
156.192, 4.961370
156.162, 4.951709
156.132, 4.945694
156.101, 4.943124
156.071, 4.943721
156.041, 4.947146
156.010, 4.953019
155.980, 4.960918
155.949, 4.970395
155.919, 4.980992
155.889, 4.992246
155.858, 5.003713
155.828, 5.014978
155.798, 5.025650
155.767, 5.035387
155.737, 5.043906
155.707, 5.050968
155.676, 5.056394
155.646, 5.060070
155.615, 5.061919
155.585, 5.061937
155.555, 5.060146
155.524, 5.056611
155.494, 5.051431
155.464, 5.044712
155.433, 5.036576
155.403, 5.027138
155.373, 5.016503
155.342, 5.004758
155.312, 4.991959
155.281, 4.978137
155.251, 4.963279
155.221, 4.947346
155.190, 4.930250
155.160, 4.911874
155.130, 4.892081
155.099, 4.870698
155.069, 4.847544
155.039, 4.822436
155.008, 4.795193
154.978, 4.765652
154.947, 4.733678
154.917, 4.699170
154.887, 4.662081
154.856, 4.622415
154.826, 4.580235
154.796, 4.535673
154.765, 4.488933
154.735, 4.440287
154.705, 4.390066
154.674, 4.338667
154.644, 4.286541
154.614, 4.234185
154.583, 4.182118
154.553, 4.130891
154.522, 4.081053
154.492, 4.033147
154.462, 3.987688
154.431, 3.945156
154.401, 3.905972
154.371, 3.870497
154.340, 3.839011
154.310, 3.811709
154.280, 3.788697
154.249, 3.769984
154.219, 3.755473
154.188, 3.744982
154.158, 3.738239
154.128, 3.734880
154.097, 3.734469
154.067, 3.736509
154.037, 3.740459
154.006, 3.745734
153.976, 3.751738
153.946, 3.757871
153.915, 3.763547
153.885, 3.768206
153.854, 3.771338
153.824, 3.772483
153.794, 3.771255
153.763, 3.767346
153.733, 3.760516
153.703, 3.750629
153.672, 3.737629
153.642, 3.721542
153.612, 3.702488
153.581, 3.680649
153.551, 3.656291
153.521, 3.629729
153.490, 3.601323
153.460, 3.571470
153.429, 3.540588
153.399, 3.509116
153.369, 3.477465
153.338, 3.446058
153.308, 3.415278
153.278, 3.385477
153.247, 3.356965
153.217, 3.330005
153.187, 3.304812
153.156, 3.281543
153.126, 3.260305
153.095, 3.241157
153.065, 3.224108
153.035, 3.209131
153.004, 3.196154
152.974, 3.185085
152.944, 3.175810
152.913, 3.168197
152.883, 3.162107
152.853, 3.157411
152.822, 3.153979
152.792, 3.151701
152.761, 3.150472
152.731, 3.150219
152.701, 3.150880
152.670, 3.152416
152.640, 3.154808
152.610, 3.158054
152.579, 3.162162
152.549, 3.167155
152.519, 3.173046
152.488, 3.179861
152.458, 3.187609
152.428, 3.196287
152.397, 3.205872
152.367, 3.216329
152.336, 3.227584
152.306, 3.239550
152.276, 3.252100
152.245, 3.265084
152.215, 3.278331
152.185, 3.291640
152.154, 3.304797
152.124, 3.317572
152.094, 3.329729
152.063, 3.341038
152.033, 3.351262
152.002, 3.360197
151.972, 3.367648
151.942, 3.373450
151.911, 3.377473
151.881, 3.379631
151.851, 3.379873
151.820, 3.378201
151.790, 3.374655
151.760, 3.369334
151.729, 3.362365
151.699, 3.353932
151.668, 3.344245
151.638, 3.333550
151.608, 3.322118
151.577, 3.310239
151.547, 3.298206
151.517, 3.286325
151.486, 3.274885
151.456, 3.264168
151.426, 3.254440
151.395, 3.245932
151.365, 3.238853
151.334, 3.233377
151.304, 3.229633
151.274, 3.227719
151.243, 3.227699
151.213, 3.229593
151.183, 3.233386
151.152, 3.239043
151.122, 3.246488
151.092, 3.255635
151.061, 3.266373
151.031, 3.278589
151.001, 3.292151
150.970, 3.306934
150.940, 3.322811
150.909, 3.339666
150.879, 3.357382
150.849, 3.375858
150.818, 3.395002
150.788, 3.414727
150.758, 3.434960
150.727, 3.455630
150.697, 3.476667
150.667, 3.498006
150.636, 3.519572
150.606, 3.541286
150.575, 3.563050
150.545, 3.584764
150.515, 3.606296
150.484, 3.627506
150.454, 3.648226
150.424, 3.668276
150.393, 3.687455
150.363, 3.705552
150.333, 3.722336
150.302, 3.737580
150.272, 3.751063
150.241, 3.762562
150.211, 3.771874
150.181, 3.778824
150.150, 3.783263
150.120, 3.785086
150.090, 3.784231
150.059, 3.780690
150.029, 3.774509
149.999, 3.765791
149.968, 3.754700
149.938, 3.741462
149.908, 3.726344
149.877, 3.709685
149.847, 3.691847
149.816, 3.673236
149.786, 3.654282
149.756, 3.635423
149.725, 3.617098
149.695, 3.599732
149.665, 3.583728
149.634, 3.569441
149.604, 3.557176
149.574, 3.547177
149.543, 3.539613
149.513, 3.534570
149.482, 3.532053
149.452, 3.531970
149.422, 3.534149
149.391, 3.538334
149.361, 3.544175
149.331, 3.551270
149.300, 3.559142
149.270, 3.567278
149.240, 3.575120
149.209, 3.582112
149.179, 3.587682
149.148, 3.591300
149.118, 3.592453
149.088, 3.590698
149.057, 3.585661
149.027, 3.577047
148.997, 3.564666
148.966, 3.548433
148.936, 3.528370
148.906, 3.504622
148.875, 3.477442
148.845, 3.447197
148.815, 3.414356
148.784, 3.379476
148.754, 3.343197
148.723, 3.306219
148.693, 3.269285
148.663, 3.233160
148.632, 3.198613
148.602, 3.166395
148.572, 3.137212
148.541, 3.111713
148.511, 3.090469
148.481, 3.073952
148.450, 3.062527
148.420, 3.056440
148.389, 3.055800
148.359, 3.060594
148.329, 3.070670
148.298, 3.085751
148.268, 3.105427
148.238, 3.129192
148.207, 3.156426
148.177, 3.186434
148.147, 3.218454
148.116, 3.251678
148.086, 3.285279
148.055, 3.318423
148.025, 3.350296
147.995, 3.380130
147.964, 3.407200
147.934, 3.430877
147.904, 3.450610
147.873, 3.465965
147.843, 3.476608
147.813, 3.482331
147.782, 3.483047
147.752, 3.478797
147.721, 3.469730
147.691, 3.456120
147.661, 3.438327
147.630, 3.416820
147.600, 3.392133
147.570, 3.364865
147.539, 3.335656
147.509, 3.305181
147.479, 3.274115
147.448, 3.243139
147.418, 3.212897
147.388, 3.184013
147.357, 3.157047
147.327, 3.132499
147.296, 3.110806
147.266, 3.092325
147.236, 3.077327
147.205, 3.066004
147.175, 3.058460
147.145, 3.054721
147.114, 3.054742
147.084, 3.058392
147.054, 3.065487
147.023, 3.075790
146.993, 3.089006
146.962, 3.104819
146.932, 3.122878
146.902, 3.142817
146.871, 3.164265
146.841, 3.186853
146.811, 3.210220
146.780, 3.234025
146.750, 3.257948
146.720, 3.281705
146.689, 3.305030
146.659, 3.327701
146.628, 3.349533
146.598, 3.370372
146.568, 3.390101
146.537, 3.408640
146.507, 3.425939
146.477, 3.441985
146.446, 3.456779
146.416, 3.470361
146.386, 3.482786
146.355, 3.494126
146.325, 3.504468
146.295, 3.513915
146.264, 3.522573
146.234, 3.530563
146.203, 3.537998
146.173, 3.545004
146.143, 3.551698
146.112, 3.558195
146.082, 3.564608
146.052, 3.571043
146.021, 3.577587
145.991, 3.584329
145.961, 3.591337
145.930, 3.598673
145.900, 3.606373
145.869, 3.614466
145.839, 3.622949
145.809, 3.631818
145.778, 3.641036
145.748, 3.650554
145.718, 3.660298
145.687, 3.670186
145.657, 3.680106
145.627, 3.689944
145.596, 3.699570
145.566, 3.708847
145.535, 3.717628
145.505, 3.725778
145.475, 3.733154
145.444, 3.739632
145.414, 3.745091
145.384, 3.749440
145.353, 3.752600
145.323, 3.754526
145.293, 3.755196
145.262, 3.754625
145.232, 3.752855
145.202, 3.749970
145.171, 3.746072
145.141, 3.741305
145.110, 3.735826
145.080, 3.729835
145.050, 3.723522
145.019, 3.717108
144.989, 3.710798
144.959, 3.704807
144.928, 3.699328
144.898, 3.694531
144.868, 3.690563
144.837, 3.687532
144.807, 3.685498
144.776, 3.684485
144.746, 3.684454
144.716, 3.685323
144.685, 3.686953
144.655, 3.689158
144.625, 3.691703
144.594, 3.694312
144.564, 3.696677
144.534, 3.698464
144.503, 3.699325
144.473, 3.698913
144.442, 3.696884
144.412, 3.692925
144.382, 3.686750
144.351, 3.678119
144.321, 3.666844
144.291, 3.652811
144.260, 3.635970
144.230, 3.616352
144.200, 3.594066
144.169, 3.569299
144.139, 3.542311
144.108, 3.513443
144.078, 3.483086
144.048, 3.451697
144.017, 3.419762
143.987, 3.387797
143.957, 3.356326
143.926, 3.325870
143.896, 3.296926
143.866, 3.269953
143.835, 3.245348
143.805, 3.223456
143.775, 3.204527
143.744, 3.188729
143.714, 3.176137
143.683, 3.166728
143.653, 3.160374
143.623, 3.156869
143.592, 3.155906
143.562, 3.157118
143.532, 3.160064
143.501, 3.164274
143.471, 3.169237
143.441, 3.174449
143.410, 3.179414
143.380, 3.183686
143.349, 3.186854
143.319, 3.188604
143.289, 3.188703
143.258, 3.187028
143.228, 3.183575
143.198, 3.178457
143.167, 3.171914
143.137, 3.164315
143.107, 3.156131
143.076, 3.147951
143.046, 3.140436
143.015, 3.134328
142.985, 3.130403
142.955, 3.129456
142.924, 3.132272
142.894, 3.139601
142.864, 3.152115
142.833, 3.170395
142.803, 3.194897
142.773, 3.225931
142.742, 3.263643
142.712, 3.307993
142.682, 3.358755
142.651, 3.415505
142.621, 3.477625
142.590, 3.544318
142.560, 3.614605
142.530, 3.687369
142.499, 3.761358
142.469, 3.835225
142.439, 3.907565
142.408, 3.976949
142.378, 4.041955
142.348, 4.101224
142.317, 4.153481
142.287, 4.197592
142.256, 4.232573
142.226, 4.257652
142.196, 4.272262
142.165, 4.276093
142.135, 4.269070
142.105, 4.251392
142.074, 4.223511
142.044, 4.186130
142.014, 4.140177
141.983, 4.086805
141.953, 4.027335
141.922, 3.963240
141.892, 3.896101
141.862, 3.827562
141.831, 3.759287
141.801, 3.692915
141.771, 3.630017
141.740, 3.572051
141.710, 3.520325
141.680, 3.475957
141.649, 3.439852
141.619, 3.412680
141.588, 3.394849
141.558, 3.386510
141.528, 3.387552
141.497, 3.397604
141.467, 3.416055
141.437, 3.442083
141.406, 3.474665
141.376, 3.512631
141.346, 3.554683
141.315, 3.599453
141.285, 3.645535
141.255, 3.691537
141.224, 3.736110
141.194, 3.778008
141.163, 3.816099
141.133, 3.849432
141.103, 3.877218
141.072, 3.898903
141.042, 3.914131
141.012, 3.922786
140.981, 3.924971
140.951, 3.921009
140.921, 3.911422
140.890, 3.896914
140.860, 3.878329
140.829, 3.856649
140.799, 3.832924
140.769, 3.808260
140.738, 3.783767
140.708, 3.760525
140.678, 3.739544
140.647, 3.721746
140.617, 3.707904
140.587, 3.698655
140.556, 3.694440
140.526, 3.695535
140.495, 3.702001
140.465, 3.713723
140.435, 3.730384
140.404, 3.751502
140.374, 3.776426
140.344, 3.804394
140.313, 3.834521
140.283, 3.865867
140.253, 3.897428
140.222, 3.928227
140.192, 3.957286
140.162, 3.983714
140.131, 4.006691
140.101, 4.025533
140.070, 4.039686
140.040, 4.048756
140.010, 4.052521
139.979, 4.050933
139.949, 4.044121
139.919, 4.032375
139.888, 4.016149
139.858, 3.996036
139.828, 3.972745
139.797, 3.947076
139.767, 3.919895
139.736, 3.892099
139.706, 3.864597
139.676, 3.838263
139.645, 3.813920
139.615, 3.792308
139.585, 3.774067
139.554, 3.759707
139.524, 3.749599
139.494, 3.743975
139.463, 3.742903
139.433, 3.746314
139.402, 3.753982
139.372, 3.765551
139.342, 3.780557
139.311, 3.798431
139.281, 3.818526
139.251, 3.840156
139.220, 3.862600
139.190, 3.885146
139.160, 3.907113
139.129, 3.927872
139.099, 3.946866
139.069, 3.963637
139.038, 3.977835
139.008, 3.989228
138.977, 3.997713
138.947, 4.003319
138.917, 4.006190
138.886, 4.006596
138.856, 4.004907
138.826, 4.001589
138.795, 3.997164
138.765, 3.992219
138.735, 3.987352
138.704, 3.983176
138.674, 3.980272
138.643, 3.979187
138.613, 3.980395
138.583, 3.984294
138.552, 3.991175
138.522, 4.001228
138.492, 4.014524
138.461, 4.031016
138.431, 4.050535
138.401, 4.072802
138.370, 4.097438
138.340, 4.123975
138.309, 4.151866
138.279, 4.180522
138.249, 4.209312
138.218, 4.237611
138.188, 4.264785
138.158, 4.290259
138.127, 4.313499
138.097, 4.334051
138.067, 4.351557
138.036, 4.365756
138.006, 4.376509
137.975, 4.383795
137.945, 4.387712
137.915, 4.388475
137.884, 4.386414
137.854, 4.381969
137.824, 4.375652
137.793, 4.368060
137.763, 4.359832
137.733, 4.351646
137.702, 4.344189
137.672, 4.338138
137.642, 4.334128
137.611, 4.332755
137.581, 4.334531
137.550, 4.339890
137.520, 4.349158
137.490, 4.362560
137.459, 4.380195
137.429, 4.402048
137.399, 4.427985
137.368, 4.457755
137.338, 4.490998
137.308, 4.527267
137.277, 4.566019
137.247, 4.606656
137.216, 4.648520
137.186, 4.690922
137.156, 4.733161
137.125, 4.774529
137.095, 4.814351
137.065, 4.851980
137.034, 4.886823
137.004, 4.918347
136.974, 4.946095
136.943, 4.969693
136.913, 4.988850
136.882, 5.003365
136.852, 5.013125
136.822, 5.018113
136.791, 5.018381
136.761, 5.014074
136.731, 5.005395
136.700, 4.992617
136.670, 4.976059
136.640, 4.956092
136.609, 4.933116
136.579, 4.907559
136.549, 4.879864
136.518, 4.850487
136.488, 4.819878
136.457, 4.788499
136.427, 4.756790
136.397, 4.725190
136.366, 4.694119
136.336, 4.663988
136.306, 4.635181
136.275, 4.608078
136.245, 4.583026
136.215, 4.560366
136.184, 4.540413
136.154, 4.523464
136.123, 4.509792
136.093, 4.499641
136.063, 4.493234
136.032, 4.490753
136.002, 4.492344
135.972, 4.498113
135.941, 4.508119
135.911, 4.522360
135.881, 4.540771
135.850, 4.563238
135.820, 4.589554
135.789, 4.619460
135.759, 4.652607
135.729, 4.688573
135.698, 4.726867
135.668, 4.766919
135.638, 4.808093
135.607, 4.849701
135.577, 4.891003
135.547, 4.931218
135.516, 4.969547
135.486, 5.005184
135.456, 5.037330
135.425, 5.065210
135.395, 5.088090
135.364, 5.105310
135.334, 5.116273
135.304, 5.120486
135.273, 5.117559
135.243, 5.107227
135.213, 5.089347
135.182, 5.063920
135.152, 5.031084
135.122, 4.991117
135.091, 4.944433
135.061, 4.891577
135.030, 4.833218
135.000, 4.770123
134.970, 4.703164
134.939, 4.633275
134.909, 4.561448
134.879, 4.488710
134.848, 4.416094
134.818, 4.344625
134.788, 4.275289
134.757, 4.209024
134.727, 4.146689
134.696, 4.089054
134.666, 4.036784
134.636, 3.990426
134.605, 3.950400
134.575, 3.916994
134.545, 3.890360
134.514, 3.870523
134.484, 3.857377
134.454, 3.850694
134.423, 3.850138
134.393, 3.855269
134.362, 3.865566
134.332, 3.880443
134.302, 3.899254
134.271, 3.921321
134.241, 3.945947
134.211, 3.972425
134.180, 4.000069
134.150, 4.028205
134.120, 4.056209
134.089, 4.083490
134.059, 4.109518
134.029, 4.133812
133.998, 4.155966
133.968, 4.175627
133.937, 4.192507
133.907, 4.206378
133.877, 4.217071
133.846, 4.224466
133.816, 4.228494
133.786, 4.229127
133.755, 4.226370
133.725, 4.220262
133.695, 4.210866
133.664, 4.198270
133.634, 4.182581
133.603, 4.163920
133.573, 4.142428
133.543, 4.118258
133.512, 4.091585
133.482, 4.062594
133.452, 4.031497
133.421, 3.998529
133.391, 3.963944
133.361, 3.928024
133.330, 3.891087
133.300, 3.853470
133.269, 3.815538
133.239, 3.777690
133.209, 3.740344
133.178, 3.703932
133.148, 3.668916
133.118, 3.635740
133.087, 3.604865
133.057, 3.576732
133.027, 3.551760
132.996, 3.530336
132.966, 3.512809
132.936, 3.499464
132.905, 3.490533
132.875, 3.486174
132.844, 3.486467
132.814, 3.491417
132.784, 3.500928
132.753, 3.514835
132.723, 3.532884
132.693, 3.554743
132.662, 3.580010
132.632, 3.608224
132.602, 3.638871
132.571, 3.671411
132.541, 3.705276
132.510, 3.739894
132.480, 3.774715
132.450, 3.809209
132.419, 3.842897
132.389, 3.875359
132.359, 3.906249
132.328, 3.935306
132.298, 3.962359
132.268, 3.987333
132.237, 4.010260
132.207, 4.031260
132.176, 4.050557
132.146, 4.068454
132.116, 4.085327
132.085, 4.101617
132.055, 4.117809
132.025, 4.134412
131.994, 4.151942
131.964, 4.170911
131.934, 4.191796
131.903, 4.215020
131.873, 4.240948
131.842, 4.269862
131.812, 4.301950
131.782, 4.337296
131.751, 4.375887
131.721, 4.417591
131.691, 4.462180
131.660, 4.509322
131.630, 4.558595
131.600, 4.609507
131.569, 4.661508
131.539, 4.714000
131.509, 4.766377
131.478, 4.818034
131.448, 4.868388
131.417, 4.916909
131.387, 4.963141
131.357, 5.006705
131.326, 5.047337
131.296, 5.084883
131.266, 5.119318
131.235, 5.150745
131.205, 5.179403
131.175, 5.205648
131.144, 5.229961
131.114, 5.252921
131.083, 5.275191
131.053, 5.297499
131.023, 5.320616
130.992, 5.345323
130.962, 5.372387
130.932, 5.402535
130.901, 5.436426
130.871, 5.474622
130.841, 5.517568
130.810, 5.565573
130.780, 5.618789
130.749, 5.677210
130.719, 5.740646
130.689, 5.808749
130.658, 5.880988
130.628, 5.956686
130.598, 6.035018
130.567, 6.115031
130.537, 6.195682
130.507, 6.275852
130.476, 6.354379
130.446, 6.430100
130.416, 6.501877
130.385, 6.568630
130.355, 6.629364
130.324, 6.683214
130.294, 6.729457
130.264, 6.767540
130.233, 6.797102
130.203, 6.817973
130.173, 6.830203
130.142, 6.834033
130.112, 6.829916
130.082, 6.818491
130.051, 6.800568
130.021, 6.777113
129.990, 6.749209
129.960, 6.718035
129.930, 6.684828
129.899, 6.650860
129.869, 6.617377
129.839, 6.585589
129.808, 6.556629
129.778, 6.531513
129.748, 6.511130
129.717, 6.496196
129.687, 6.487256
129.656, 6.484662
129.626, 6.488561
129.596, 6.498905
129.565, 6.515442
129.535, 6.537747
129.505, 6.565208
129.474, 6.597078
129.444, 6.632479
129.414, 6.670433
129.383, 6.709902
129.353, 6.749805
129.323, 6.789077
129.292, 6.826659
129.262, 6.861576
129.231, 6.892919
129.201, 6.919915
129.171, 6.941911
129.140, 6.958409
129.110, 6.969075
129.080, 6.973749
129.049, 6.972435
129.019, 6.965312
128.989, 6.952708
128.958, 6.935107
128.928, 6.913123
128.897, 6.887465
128.867, 6.858947
128.837, 6.828434
128.806, 6.796825
128.776, 6.765033
128.746, 6.733957
128.715, 6.704453
128.685, 6.677318
128.655, 6.653266
128.624, 6.632919
128.594, 6.616788
128.563, 6.605267
128.533, 6.598626
128.503, 6.597013
128.472, 6.600454
128.442, 6.608865
128.412, 6.622049
128.381, 6.639718
128.351, 6.661508
128.321, 6.686980
128.290, 6.715653
128.260, 6.747007
128.229, 6.780504
128.199, 6.815609
128.169, 6.851788
128.138, 6.888526
128.108, 6.925352
128.078, 6.961817
128.047, 6.997524
128.017, 7.032120
127.987, 7.065292
127.956, 7.096771
127.926, 7.126331
127.896, 7.153772
127.865, 7.178926
127.835, 7.201644
127.804, 7.221792
127.774, 7.239235
127.744, 7.253842
127.713, 7.265472
127.683, 7.273985
127.653, 7.279207
127.622, 7.280972
127.592, 7.279098
127.562, 7.273384
127.531, 7.263635
127.501, 7.249660
127.470, 7.231281
127.440, 7.208327
127.410, 7.180669
127.379, 7.148223
127.349, 7.110940
127.319, 7.068844
127.288, 7.022011
127.258, 6.970594
127.228, 6.914827
127.197, 6.855019
127.167, 6.791551
127.136, 6.724885
127.106, 6.655552
127.076, 6.584134
127.045, 6.511274
127.015, 6.437643
126.985, 6.363940
126.954, 6.290868
126.924, 6.219118
126.894, 6.149361
126.863, 6.082212
126.833, 6.018238
126.803, 5.957920
126.772, 5.901661
126.742, 5.849759
126.711, 5.802405
126.681, 5.759682
126.651, 5.721560
126.620, 5.687892
126.590, 5.658428
126.560, 5.632820
126.529, 5.610627
126.499, 5.591343
126.469, 5.574395
126.438, 5.559172
126.408, 5.545047
126.377, 5.531385
126.347, 5.517569
126.317, 5.503026
126.286, 5.487233
126.256, 5.469734
126.226, 5.450166
126.195, 5.428251
126.165, 5.403827
126.135, 5.376830
126.104, 5.347303
126.074, 5.315403
126.043, 5.281377
126.013, 5.245573
125.983, 5.208406
125.952, 5.170362
125.922, 5.131971
125.892, 5.093790
125.861, 5.056386
125.831, 5.020318
125.801, 4.986111
125.770, 4.954246
125.740, 4.925144
125.710, 4.899141
125.679, 4.876488
125.649, 4.857344
125.618, 4.841758
125.588, 4.829678
125.558, 4.820950
125.527, 4.815326
125.497, 4.812456
125.467, 4.811932
125.436, 4.813271
125.406, 4.815942
125.376, 4.819392
125.345, 4.823050
125.315, 4.826350
125.284, 4.828760
125.254, 4.829784
125.224, 4.828986
125.193, 4.826008
125.163, 4.820571
125.133, 4.812490
125.102, 4.801676
125.072, 4.788142
125.042, 4.772000
125.011, 4.753447
124.981, 4.732773
124.950, 4.710336
124.920, 4.686553
124.890, 4.661887
124.859, 4.636823
124.829, 4.611857
124.799, 4.587471
124.768, 4.564114
124.738, 4.542195
124.708, 4.522050
124.677, 4.503949
124.647, 4.488058
124.616, 4.474461
124.586, 4.463131
124.556, 4.453943
124.525, 4.446663
124.495, 4.440971
124.465, 4.436457
124.434, 4.432642
124.404, 4.428980
124.374, 4.424900
124.343, 4.419797
124.313, 4.413076
124.283, 4.404160
124.252, 4.392518
124.222, 4.377683
124.191, 4.359272
124.161, 4.337000
124.131, 4.310703
124.100, 4.280332
124.070, 4.245982
124.040, 4.207879
124.009, 4.166389
123.979, 4.122000
123.949, 4.075338
123.918, 4.027127
123.888, 3.978191
123.857, 3.929420
123.827, 3.881764
123.797, 3.836197
123.766, 3.793695
123.736, 3.755205
123.706, 3.721630
123.675, 3.693790
123.645, 3.672408
123.615, 3.658079
123.584, 3.651265
123.554, 3.652259
123.523, 3.661198
123.493, 3.678037
123.463, 3.702555
123.432, 3.734360
123.402, 3.772886
123.372, 3.817411
123.341, 3.867082
123.311, 3.920917
123.281, 3.977836
123.250, 4.036697
123.220, 4.096313
123.190, 4.155483
123.159, 4.213025
123.129, 4.267804
123.098, 4.318768
123.068, 4.364961
123.038, 4.405567
123.007, 4.439909
122.977, 4.467489
122.947, 4.487986
122.916, 4.501269
122.886, 4.507398
122.856, 4.506629
122.825, 4.499403
122.795, 4.486326
122.764, 4.468172
122.734, 4.445844
122.704, 4.420358
122.673, 4.392810
122.643, 4.364359
122.613, 4.336185
122.582, 4.309449
122.552, 4.285281
122.522, 4.264736
122.491, 4.248765
122.461, 4.238193
122.430, 4.233694
122.400, 4.235767
122.370, 4.244730
122.339, 4.260699
122.309, 4.283593
122.279, 4.313128
122.248, 4.348829
122.218, 4.390029
122.188, 4.435898
122.157, 4.485453
122.127, 4.537591
122.096, 4.591106
122.066, 4.644733
122.036, 4.697164
122.005, 4.747099
121.975, 4.793255
121.945, 4.834427
121.914, 4.869497
121.884, 4.897473
121.854, 4.917513
121.823, 4.928944
121.793, 4.931277
121.763, 4.924234
121.732, 4.907737
121.702, 4.881930
121.671, 4.847149
121.641, 4.803951
121.611, 4.753064
121.580, 4.695395
121.550, 4.632001
121.520, 4.564059
121.489, 4.492843
121.459, 4.419699
121.429, 4.346002
121.398, 4.273130
121.368, 4.202435
121.337, 4.135209
121.307, 4.072656
121.277, 4.015868
121.246, 3.965801
121.216, 3.923254
121.186, 3.888848
121.155, 3.863039
121.125, 3.846081
121.095, 3.838046
121.064, 3.838823
121.034, 3.848117
121.003, 3.865478
120.973, 3.890299
120.943, 3.921843
120.912, 3.959271
120.882, 4.001656
120.852, 4.048007
120.821, 4.097304
120.791, 4.148522
120.761, 4.200645
120.730, 4.252707
120.700, 4.303794
120.670, 4.353086
120.639, 4.399847
120.609, 4.443463
120.578, 4.483437
120.548, 4.519396
120.518, 4.551102
120.487, 4.578442
120.457, 4.601422
120.427, 4.620172
120.396, 4.634917
120.366, 4.645983
120.336, 4.653768
120.305, 4.658735
120.275, 4.661386
120.244, 4.662258
120.214, 4.661884
120.184, 4.660805
120.153, 4.659527
120.123, 4.658528
120.093, 4.658227
120.062, 4.658997
120.032, 4.661135
120.002, 4.664872
119.971, 4.670359
119.941, 4.677676
119.910, 4.686833
119.880, 4.697763
119.850, 4.710343
119.819, 4.724396
119.789, 4.739691
119.759, 4.755966
119.728, 4.772931
119.698, 4.790279
119.668, 4.807697
119.637, 4.824877
119.607, 4.841520
119.577, 4.857352
119.546, 4.872119
119.516, 4.885606
119.485, 4.897634
119.455, 4.908053
119.425, 4.916765
119.394, 4.923699
119.364, 4.928825
119.334, 4.932147
119.303, 4.933698
119.273, 4.933534
119.243, 4.931731
119.212, 4.928382
119.182, 4.923579
119.151, 4.917427
119.121, 4.910021
119.091, 4.901454
119.060, 4.891806
119.030, 4.881147
119.000, 4.869522
118.969, 4.856969
118.939, 4.843502
118.909, 4.829120
118.878, 4.813810
118.848, 4.797535
118.817, 4.780255
118.787, 4.761919
118.757, 4.742468
118.726, 4.721851
118.696, 4.700000
118.666, 4.676867
118.635, 4.652408
118.605, 4.626581
118.575, 4.599370
118.544, 4.570763
118.514, 4.540770
118.483, 4.509411
118.453, 4.476729
118.423, 4.442780
118.392, 4.407642
118.362, 4.371405
118.332, 4.334180
118.301, 4.296091
118.271, 4.257267
118.241, 4.217870
118.210, 4.178059
118.180, 4.138014
118.150, 4.097922
118.119, 4.057985
118.089, 4.018418
118.058, 3.979446
118.028, 3.941305
117.998, 3.904245
117.967, 3.868525
117.937, 3.834417
117.907, 3.802203
117.876, 3.772172
117.846, 3.744622
117.816, 3.719856
117.785, 3.698175
117.755, 3.679884
117.724, 3.665269
117.694, 3.654618
117.664, 3.648193
117.633, 3.646233
117.603, 3.648950
117.573, 3.656519
117.542, 3.669072
117.512, 3.686690
117.482, 3.709397
117.451, 3.737167
117.421, 3.769903
117.390, 3.807440
117.360, 3.849554
117.330, 3.895951
117.299, 3.946261
117.269, 4.000068
117.239, 4.056886
117.208, 4.116190
117.178, 4.177398
117.148, 4.239911
117.117, 4.303100
117.087, 4.366332
117.057, 4.428968
117.026, 4.490396
116.996, 4.550026
116.965, 4.607309
116.935, 4.661755
116.905, 4.712934
116.874, 4.760488
116.844, 4.804144
116.814, 4.843700
116.783, 4.879069
116.753, 4.910223
116.723, 4.937242
116.692, 4.960285
116.662, 4.979581
116.631, 4.995432
116.601, 5.008202
116.571, 5.018283
116.540, 5.026116
116.510, 5.032149
116.480, 5.036835
116.449, 5.040610
116.419, 5.043879
116.389, 5.047015
116.358, 5.050331
116.328, 5.054075
116.297, 5.058423
116.267, 5.063475
116.237, 5.069248
116.206, 5.075674
116.176, 5.082617
116.146, 5.089856
116.115, 5.097107
116.085, 5.104032
116.055, 5.110250
116.024, 5.115350
115.994, 5.118906
115.964, 5.120494
115.933, 5.119710
115.903, 5.116176
115.872, 5.109573
115.842, 5.099636
115.812, 5.086176
115.781, 5.069090
115.751, 5.048362
115.721, 5.024067
115.690, 4.996379
115.660, 4.965566
115.630, 4.931982
115.599, 4.896053
115.569, 4.858286
115.538, 4.819238
115.508, 4.779501
115.478, 4.739703
115.447, 4.700463
115.417, 4.662404
115.387, 4.626109
115.356, 4.592111
115.326, 4.560894
115.296, 4.532855
115.265, 4.508302
115.235, 4.487449
115.204, 4.470403
115.174, 4.457169
115.144, 4.447646
115.113, 4.441617
115.083, 4.438779
115.053, 4.438740
115.022, 4.441026
114.992, 4.445113
114.962, 4.450414
114.931, 4.456327
114.901, 4.462238
114.870, 4.467531
114.840, 4.471626
114.810, 4.473973
114.779, 4.474082
114.749, 4.471534
114.719, 4.465977
114.688, 4.457163
114.658, 4.444916
114.628, 4.429163
114.597, 4.409921
114.567, 4.387286
114.537, 4.361439
114.506, 4.332621
114.476, 4.301143
114.445, 4.267349
114.415, 4.231617
114.385, 4.194333
114.354, 4.155885
114.324, 4.116650
114.294, 4.076965
114.263, 4.037132
114.233, 3.997400
114.203, 3.957955
114.172, 3.918927
114.142, 3.880371
114.111, 3.842286
114.081, 3.804603
114.051, 3.767203
114.020, 3.729910
113.990, 3.692534
113.960, 3.654846
113.929, 3.616622
113.899, 3.577637
113.869, 3.537696
113.838, 3.496645
113.808, 3.454379
113.777, 3.410855
113.747, 3.366117
113.717, 3.320271
113.686, 3.273540
113.656, 3.226204
113.626, 3.178666
113.595, 3.131383
113.565, 3.084897
113.535, 3.039821
113.504, 2.996802
113.474, 2.956529
113.444, 2.919702
113.413, 2.887007
113.383, 2.859106
113.352, 2.836611
113.322, 2.820061
113.292, 2.809898
113.261, 2.806463
113.231, 2.809964
113.201, 2.820473
113.170, 2.837912
113.140, 2.862057
113.110, 2.892523
113.079, 2.928771
113.049, 2.970124
113.018, 3.015772
112.988, 3.064777
112.958, 3.116115
112.927, 3.168669
112.897, 3.221283
112.867, 3.272760
112.836, 3.321916
112.806, 3.367586
112.776, 3.408669
112.745, 3.444139
112.715, 3.473084
112.684, 3.494711
112.654, 3.508399
112.624, 3.513670
112.593, 3.510231
112.563, 3.497981
112.533, 3.476997
112.502, 3.447540
112.472, 3.410070
112.442, 3.365190
112.411, 3.313665
112.381, 3.256401
112.350, 3.194408
112.320, 3.128784
112.290, 3.060682
112.259, 2.991298
112.229, 2.921817
112.199, 2.853405
112.168, 2.787161
112.138, 2.724124
112.108, 2.665207
112.077, 2.611205
112.047, 2.562775
112.017, 2.520408
111.986, 2.484428
111.956, 2.454993
111.925, 2.432091
111.895, 2.415528
111.865, 2.404967
111.834, 2.399915
111.804, 2.399750
111.774, 2.403740
111.743, 2.411067
111.713, 2.420839
111.683, 2.432140
111.652, 2.444032
111.622, 2.455601
111.591, 2.465963
111.561, 2.474314
111.531, 2.479932
111.500, 2.482212
111.470, 2.480666
111.440, 2.474958
111.409, 2.464896
111.379, 2.450458
111.349, 2.431761
111.318, 2.409102
111.288, 2.382913
111.257, 2.353767
111.227, 2.322370
111.197, 2.289527
111.166, 2.256128
111.136, 2.223136
111.106, 2.191543
111.075, 2.162357
111.045, 2.136570
111.015, 2.115136
110.984, 2.098938
110.954, 2.088778
110.924, 2.085333
110.893, 2.089154
110.863, 2.100650
110.832, 2.120060
110.802, 2.147462
110.772, 2.182753
110.741, 2.225662
110.711, 2.275745
110.681, 2.332390
110.650, 2.394843
110.620, 2.462210
110.590, 2.533480
110.559, 2.607552
110.529, 2.683249
110.498, 2.759353
110.468, 2.834622
110.438, 2.907831
110.407, 2.977783
110.377, 3.043351
110.347, 3.103483
110.316, 3.157249
110.286, 3.203832
110.256, 3.242573
110.225, 3.272959
110.195, 3.294649
110.164, 3.307468
110.134, 3.311412
110.104, 3.306652
110.073, 3.293507
110.043, 3.272445
110.013, 3.244076
109.982, 3.209115
109.952, 3.168373
109.922, 3.122731
109.891, 3.073125
109.861, 3.020509
109.831, 2.965831
109.800, 2.910023
109.770, 2.853961
109.739, 2.798466
109.709, 2.744257
109.679, 2.691963
109.648, 2.642100
109.618, 2.595063
109.588, 2.551122
109.557, 2.510432
109.527, 2.473019
109.497, 2.438799
109.466, 2.407591
109.436, 2.379124
109.405, 2.353059
109.375, 2.328999
109.345, 2.306522
109.314, 2.285193
109.284, 2.264574
109.254, 2.244268
109.223, 2.223919
109.193, 2.203226
109.163, 2.181972
109.132, 2.160021
109.102, 2.137327
109.071, 2.113947
109.041, 2.090025
109.011, 2.065801
108.980, 2.041595
108.950, 2.017798
108.920, 1.994861
108.889, 1.973270
108.859, 1.953537
108.829, 1.936165
108.798, 1.921639
108.768, 1.910409
108.737, 1.902850
108.707, 1.899257
108.677, 1.899830
108.646, 1.904657
108.616, 1.913697
108.586, 1.926788
108.555, 1.943628
108.525, 1.963791
108.495, 1.986728
108.464, 2.011778
108.434, 2.038179
108.404, 2.065106
108.373, 2.091657
108.343, 2.116922
108.312, 2.139964
108.282, 2.159887
108.252, 2.175835
108.221, 2.187036
108.191, 2.192811
108.161, 2.192617
108.130, 2.186044
108.100, 2.172852
108.070, 2.152970
108.039, 2.126499
108.009, 2.093726
107.978, 2.055107
107.948, 2.011262
107.918, 1.962971
107.887, 1.911132
107.857, 1.856759
107.827, 1.800938
107.796, 1.744814
107.766, 1.689549
107.736, 1.636282
107.705, 1.586120
107.675, 1.540083
107.644, 1.499088
107.614, 1.463920
107.584, 1.435203
107.553, 1.413400
107.523, 1.398771
107.493, 1.391405
107.462, 1.391173
107.432, 1.397778
107.402, 1.410730
107.371, 1.429382
107.341, 1.452936
107.311, 1.480489
107.280, 1.511035
107.250, 1.543513
107.219, 1.576841
107.189, 1.609942
107.159, 1.641771
107.128, 1.671369
107.098, 1.697863
107.068, 1.720518
107.037, 1.738738
107.007, 1.752095
106.977, 1.760333
106.946, 1.763371
106.916, 1.761321
106.885, 1.754453
106.855, 1.743204
106.825, 1.728156
106.794, 1.710004
106.764, 1.689546
106.734, 1.667643
106.703, 1.645193
106.673, 1.623098
106.643, 1.602234
106.612, 1.583417
106.582, 1.567381
106.551, 1.554744
106.521, 1.545995
106.491, 1.541483
106.460, 1.541387
106.430, 1.545729
106.400, 1.554371
106.369, 1.567009
106.339, 1.583207
106.309, 1.602396
106.278, 1.623898
106.248, 1.646965
106.218, 1.670795
106.187, 1.694566
106.157, 1.717464
106.126, 1.738728
106.096, 1.757666
106.066, 1.773690
106.035, 1.786331
106.005, 1.795279
105.975, 1.800378
105.944, 1.801645
105.914, 1.799280
105.884, 1.793647
105.853, 1.785286
105.823, 1.774881
105.792, 1.763252
105.762, 1.751325
105.732, 1.740109
105.701, 1.730651
105.671, 1.724019
105.641, 1.721253
105.610, 1.723338
105.580, 1.731163
105.550, 1.745498
105.519, 1.766958
105.489, 1.795982
105.458, 1.832813
105.428, 1.877489
105.398, 1.929830
105.367, 1.989448
105.337, 2.055739
105.307, 2.127906
105.276, 2.204981
105.246, 2.285845
105.216, 2.369252
105.185, 2.453876
105.155, 2.538337
105.124, 2.621245
105.094, 2.701238
105.064, 2.777017
105.033, 2.847391
105.003, 2.911300
104.973, 2.967858
104.942, 3.016366
104.912, 3.056339
104.882, 3.087521
104.851, 3.109879
104.821, 3.123623
104.791, 3.129175
104.760, 3.127187
104.730, 3.118484
104.699, 3.104073
104.669, 3.085083
104.639, 3.062759
104.608, 3.038401
104.578, 3.013346
104.548, 2.988914
104.517, 2.966372
104.487, 2.946912
104.457, 2.931594
104.426, 2.921336
104.396, 2.916879
104.365, 2.918773
104.335, 2.927351
104.305, 2.942740
104.274, 2.964856
104.244, 2.993391
104.214, 3.027846
104.183, 3.067545
104.153, 3.111649
104.123, 3.159196
104.092, 3.209115
104.062, 3.260273
104.031, 3.311510
104.001, 3.361665
103.971, 3.409615
103.940, 3.454313
103.910, 3.494814
103.880, 3.530298
103.849, 3.560101
103.819, 3.583730
103.789, 3.600869
103.758, 3.611397
103.728, 3.615382
103.698, 3.613074
103.667, 3.604905
103.637, 3.591462
103.606, 3.573473
103.576, 3.551787
103.546, 3.527338
103.515, 3.501126
103.485, 3.474177
103.455, 3.447517
103.424, 3.422146
103.394, 3.398993
103.364, 3.378909
103.333, 3.362629
103.303, 3.350760
103.272, 3.343750
103.242, 3.341896
103.212, 3.345322
103.181, 3.353987
103.151, 3.367680
103.121, 3.386029
103.090, 3.408518
103.060, 3.434493
103.030, 3.463196
102.999, 3.493770
102.969, 3.525307
102.938, 3.556847
102.908, 3.587423
102.878, 3.616084
102.847, 3.641921
102.817, 3.664093
102.787, 3.681843
102.756, 3.694528
102.726, 3.701632
102.696, 3.702773
102.665, 3.697724
102.635, 3.686406
102.604, 3.668907
102.574, 3.645461
102.544, 3.616450
102.513, 3.582393
102.483, 3.543935
102.453, 3.501828
102.422, 3.456910
102.392, 3.410087
102.362, 3.362313
102.331, 3.314564
102.301, 3.267811
102.271, 3.223007
102.240, 3.181062
102.210, 3.142805
102.179, 3.109001
102.149, 3.080297
102.119, 3.057237
102.088, 3.040227
102.058, 3.029553
102.028, 3.025351
101.997, 3.027626
101.967, 3.036242
101.937, 3.050923
101.906, 3.071280
101.876, 3.096808
101.845, 3.126892
101.815, 3.160836
101.785, 3.197878
101.754, 3.237199
101.724, 3.277954
101.694, 3.319276
101.663, 3.360309
101.633, 3.400224
101.603, 3.438234
101.572, 3.473602
101.542, 3.505676
101.511, 3.533882
101.481, 3.557753
101.451, 3.576918
101.420, 3.591112
101.390, 3.600201
101.360, 3.604148
101.329, 3.603032
101.299, 3.597038
101.269, 3.586443
101.238, 3.571619
101.208, 3.553008
101.178, 3.531112
101.147, 3.506489
101.117, 3.479712
101.086, 3.451384
101.056, 3.422098
101.026, 3.392433
100.995, 3.362934
100.965, 3.334099
100.935, 3.306375
100.904, 3.280125
100.874, 3.255655
100.844, 3.233172
100.813, 3.212808
100.783, 3.194604
100.752, 3.178517
100.722, 3.164430
100.692, 3.152143
100.661, 3.141403
100.631, 3.131898
100.601, 3.123278
100.570, 3.115167
100.540, 3.107174
100.510, 3.098918
100.479, 3.090027
100.449, 3.080161
100.418, 3.069027
100.388, 3.056385
100.358, 3.042051
100.327, 3.025923
100.297, 3.007968
100.267, 2.988227
100.236, 2.966822
100.206, 2.943944
100.176, 2.919849
100.145, 2.894849
100.115, 2.869307
100.085, 2.843614
100.054, 2.818183
100.024, 2.793433
99.993, 2.769765
99.963, 2.747556
99.933, 2.727146
99.902, 2.708814
99.872, 2.692774
99.842, 2.679159
99.811, 2.668018
99.781, 2.659317
99.751, 2.652917
99.720, 2.648597
99.690, 2.646048
99.659, 2.644884
99.629, 2.644648
99.599, 2.644835
99.568, 2.644891
99.538, 2.644250
99.508, 2.642336
99.477, 2.638590
99.447, 2.632491
99.417, 2.623568
99.386, 2.611420
99.356, 2.595738
99.325, 2.576308
99.295, 2.553029
99.265, 2.525918
99.234, 2.495114
99.204, 2.460876
99.174, 2.423581
99.143, 2.383717
99.113, 2.341870
99.083, 2.298718
99.052, 2.254999
99.022, 2.211502
98.991, 2.169042
98.961, 2.128438
98.931, 2.090496
98.900, 2.055968
98.870, 2.025555
98.840, 1.999862
98.809, 1.979400
98.779, 1.964558
98.749, 1.955588
98.718, 1.952612
98.688, 1.955605
98.658, 1.964395
98.627, 1.978665
98.597, 1.997975
98.566, 2.021746
98.536, 2.049307
98.506, 2.079880
98.475, 2.112626
98.445, 2.146650
98.415, 2.181030
98.384, 2.214836
98.354, 2.247166
98.324, 2.277145
98.293, 2.303966
98.263, 2.326892
98.232, 2.345289
98.202, 2.358616
98.172, 2.366457
98.141, 2.368509
98.111, 2.364592
98.081, 2.354651
98.050, 2.338740
98.020, 2.317024
97.990, 2.289764
97.959, 2.257309
97.929, 2.220077
97.898, 2.178546
97.868, 2.133229
97.838, 2.084665
97.807, 2.033411
97.777, 1.980011
97.747, 1.925003
97.716, 1.868890
97.686, 1.812152
97.656, 1.755221
97.625, 1.698492
97.595, 1.642317
97.565, 1.587001
97.534, 1.532816
97.504, 1.480001
97.473, 1.428761
97.443, 1.379284
97.413, 1.331740
97.382, 1.286295
97.352, 1.243118
97.322, 1.202372
97.291, 1.164234
97.261, 1.128893
97.231, 1.096543
97.200, 1.067391
97.170, 1.041643
97.139, 1.019510
97.109, 1.001191
97.079, 0.986864
97.048, 0.976681
97.018, 0.970754
96.988, 0.969146
96.957, 0.971853
96.927, 0.978813
96.897, 0.989871
96.866, 1.004795
96.836, 1.023266
96.805, 1.044870
96.775, 1.069110
96.745, 1.095409
96.714, 1.123116
96.684, 1.151521
96.654, 1.179865
96.623, 1.207366
96.593, 1.233239
96.563, 1.256702
96.532, 1.277015
96.502, 1.293504
96.472, 1.305564
96.441, 1.312701
96.411, 1.314536
96.380, 1.310830
96.350, 1.301486
96.320, 1.286564
96.289, 1.266288
96.259, 1.241028
96.229, 1.211319
96.198, 1.177820
96.168, 1.141326
96.138, 1.102723
96.107, 1.062987
96.077, 1.023127
96.046, 0.984191
96.016, 0.947206
95.986, 0.913157
95.955, 0.882959
95.925, 0.857419
95.895, 0.837219
95.864, 0.822887
95.834, 0.814771
95.804, 0.813049
95.773, 0.817687
95.743, 0.828471
95.712, 0.844984
95.682, 0.866636
95.652, 0.892667
95.621, 0.922179
95.591, 0.954154
95.561, 0.987496
95.530, 1.021055
95.500, 1.053668
95.470, 1.084199
95.439, 1.111573
95.409, 1.134810
95.378, 1.153058
95.348, 1.165631
95.318, 1.172022
95.287, 1.171921
95.257, 1.165243
95.227, 1.152109
95.196, 1.132875
95.166, 1.108088
95.136, 1.078494
95.105, 1.045012
95.075, 1.008696
95.045, 0.970717
95.014, 0.932306
94.984, 0.894730
94.953, 0.859247
94.923, 0.827058
94.893, 0.799274
94.862, 0.776868
94.832, 0.760658
94.802, 0.751255
94.771, 0.749063
94.741, 0.754239
94.711, 0.766709
94.680, 0.786144
94.650, 0.811979
94.619, 0.843426
94.589, 0.879490
94.559, 0.919008
94.528, 0.960665
94.498, 1.003052
94.468, 1.044702
94.437, 1.084125
94.407, 1.119865
94.377, 1.150541
94.346, 1.174894
94.316, 1.191812
94.285, 1.200390
94.255, 1.199931
94.225, 1.189996
94.194, 1.170396
94.164, 1.141209
94.134, 1.102786
94.103, 1.055734
94.073, 1.000903
94.043, 0.939351
94.012, 0.872339
93.982, 0.801271
93.952, 0.727668
93.921, 0.653116
93.891, 0.579227
93.860, 0.507596
93.830, 0.439746
93.800, 0.377100
93.769, 0.320928
93.739, 0.272324
93.709, 0.232174
93.678, 0.201135
93.648, 0.179617
93.618, 0.167783
93.587, 0.165542
93.557, 0.172558
93.526, 0.188269
93.496, 0.211900
93.466, 0.242499
93.435, 0.278952
93.405, 0.320039
93.375, 0.364460
93.344, 0.410859
93.314, 0.457894
93.284, 0.504244
93.253, 0.548663
93.223, 0.590003
93.192, 0.627237
93.162, 0.659497
93.132, 0.686076
93.101, 0.706451
93.071, 0.720275
93.041, 0.727392
93.010, 0.727821
92.980, 0.721751
92.950, 0.709518
92.919, 0.691596
92.889, 0.668566
92.859, 0.641101
92.828, 0.609931
92.798, 0.575823
92.767, 0.539553
92.737, 0.501886
92.707, 0.463551
92.676, 0.425228
92.646, 0.387520
92.616, 0.350960
92.585, 0.315989
92.555, 0.282957
92.525, 0.252125
92.494, 0.223667
92.464, 0.197668
92.433, 0.174154
92.403, 0.153081
92.373, 0.134363
92.342, 0.117882
92.312, 0.103497
92.282, 0.091061
92.251, 0.080435
92.221, 0.071497
92.191, 0.064140
92.160, 0.058304
92.130, 0.053953
92.099, 0.051086
92.069, 0.049737
92.039, 0.049965
92.008, 0.051862
91.978, 0.055514
91.948, 0.061031
91.917, 0.068499
91.887, 0.077997
91.857, 0.089567
91.826, 0.103221
91.796, 0.118910
91.765, 0.136548
91.735, 0.155967
91.705, 0.176954
91.674, 0.199228
91.644, 0.222454
91.614, 0.246227
91.583, 0.270120
91.553, 0.293652
91.523, 0.316329
91.492, 0.337638
91.462, 0.357078
91.432, 0.374165
91.401, 0.388443
91.371, 0.399511
91.340, 0.407021
91.310, 0.410701
91.280, 0.410360
91.249, 0.405878
91.219, 0.397236
91.189, 0.384503
91.158, 0.367832
91.128, 0.347450
91.098, 0.323670
91.067, 0.296858
91.037, 0.267440
91.006, 0.235869
90.976, 0.202628
90.946, 0.168208
90.915, 0.133099
90.885, 0.097767
90.855, 0.062647
90.824, 0.028143
90.794, -0.005400
90.764, -0.037688
90.733, -0.068483
90.703, -0.097608
90.672, -0.124936
90.642, -0.150394
90.612, -0.173955
90.581, -0.195620
90.551, -0.215418
90.521, -0.233396
90.490, -0.249597
90.460, -0.264057
90.430, -0.276793
90.399, -0.287794
90.369, -0.297012
90.339, -0.304361
90.308, -0.309708
90.278, -0.312887
90.247, -0.313685
90.217, -0.311861
90.187, -0.307144
90.156, -0.299264
90.126, -0.287935
90.096, -0.272905
90.065, -0.253932
90.035, -0.230179
90.005, -0.202184
89.974, -0.169903
89.944, -0.133375
89.913, -0.092753
89.883, -0.048276
89.853, -0.000312
89.822, 0.050682
89.792, 0.104125
89.762, 0.159346
89.731, 0.215592
89.701, 0.272039
89.671, 0.327810
89.640, 0.382002
89.610, 0.433703
89.579, 0.482033
89.549, 0.526140
89.519, 0.565261
89.488, 0.598716
89.458, 0.625957
89.428, 0.646556
89.397, 0.660251
89.367, 0.666938
89.337, 0.666687
89.306, 0.659729
89.276, 0.646476
89.245, 0.627486
89.215, 0.603473
89.185, 0.575261
89.154, 0.543788
89.124, 0.510055
89.094, 0.475122
89.063, 0.440043
89.033, 0.405872
89.003, 0.373598
88.972, 0.344143
88.942, 0.318309
88.912, 0.296771
88.881, 0.280046
88.851, 0.268494
88.820, 0.262277
88.790, 0.261391
88.760, 0.265640
88.729, 0.274660
88.699, 0.287924
88.669, 0.304764
88.638, 0.324395
88.608, 0.345946
88.578, 0.368473
88.547, 0.391020
88.517, 0.412627
88.486, 0.432379
88.456, 0.449429
88.426, 0.463030
88.395, 0.472562
88.365, 0.477558
88.335, 0.477704
88.304, 0.472871
88.274, 0.463106
88.244, 0.448637
88.213, 0.429857
88.183, 0.407323
88.152, 0.381720
88.122, 0.353869
88.092, 0.324648
88.061, 0.295015
88.031, 0.265934
88.001, 0.238373
87.970, 0.213245
87.940, 0.191399
87.910, 0.173563
87.879, 0.160359
87.849, 0.152230
87.819, 0.149474
87.788, 0.152209
87.758, 0.160365
87.727, 0.173698
87.697, 0.191804
87.667, 0.214109
87.636, 0.239928
87.606, 0.268441
87.576, 0.298764
87.545, 0.329964
87.515, 0.361088
87.485, 0.391206
87.454, 0.419437
87.424, 0.444985
87.393, 0.467170
87.363, 0.485444
87.333, 0.499425
87.302, 0.508896
87.272, 0.513835
87.242, 0.514395
87.211, 0.510915
87.181, 0.503901
87.151, 0.494031
87.120, 0.482097
87.090, 0.469017
87.059, 0.455776
87.029, 0.443415
86.999, 0.432983
86.968, 0.425503
86.938, 0.421938
86.908, 0.423168
86.877, 0.429938
86.847, 0.442851
86.817, 0.462338
86.786, 0.488639
86.756, 0.521792
86.726, 0.561634
86.695, 0.607796
86.665, 0.659712
86.634, 0.716630
86.604, 0.777638
86.574, 0.841686
86.543, 0.907603
86.513, 0.974145
86.483, 1.040023
86.452, 1.103928
86.422, 1.164582
86.392, 1.220753
86.361, 1.271312
86.331, 1.315238
86.300, 1.351664
86.270, 1.379881
86.240, 1.399370
86.209, 1.409799
86.179, 1.411041
86.149, 1.403167
86.118, 1.386446
86.088, 1.361328
86.058, 1.328441
86.027, 1.288554
85.997, 1.242578
85.966, 1.191517
85.936, 1.136469
85.906, 1.078568
85.875, 1.018980
85.845, 0.958864
85.815, 0.899353
85.784, 0.841527
85.754, 0.786394
85.724, 0.734858
85.693, 0.687740
85.663, 0.645722
85.632, 0.609373
85.602, 0.579123
85.572, 0.555285
85.541, 0.538031
85.511, 0.527427
85.481, 0.523406
85.450, 0.525816
85.420, 0.534393
85.390, 0.548813
85.359, 0.568657
85.329, 0.593475
85.299, 0.622761
85.268, 0.655985
85.238, 0.692586
85.207, 0.732006
85.177, 0.773675
85.147, 0.817034
85.116, 0.861537
85.086, 0.906653
85.056, 0.951872
85.025, 0.996711
84.995, 1.040707
84.965, 1.083435
84.934, 1.124495
84.904, 1.163521
84.873, 1.200174
84.843, 1.234160
84.813, 1.265214
84.782, 1.293121
84.752, 1.317690
84.722, 1.338797
84.691, 1.356343
84.661, 1.370295
84.631, 1.380663
84.600, 1.387512
84.570, 1.390966
84.539, 1.391199
84.509, 1.388436
84.479, 1.382961
84.448, 1.375101
84.418, 1.365222
84.388, 1.353730
84.357, 1.341059
84.327, 1.327662
84.297, 1.314000
84.266, 1.300523
84.236, 1.287692
84.206, 1.275912
84.175, 1.265576
84.145, 1.257018
84.114, 1.250522
84.084, 1.246305
84.054, 1.244521
84.023, 1.245237
83.993, 1.248461
83.963, 1.254115
83.932, 1.262049
83.902, 1.272049
83.872, 1.283847
83.841, 1.297119
83.811, 1.311510
83.780, 1.326632
83.750, 1.342105
83.720, 1.357533
83.689, 1.372559
83.659, 1.386841
83.629, 1.400099
83.598, 1.412103
83.568, 1.422691
83.538, 1.431771
83.507, 1.439335
83.477, 1.445443
83.446, 1.450241
83.416, 1.453940
83.386, 1.456812
83.355, 1.459187
83.325, 1.461435
83.295, 1.463938
83.264, 1.467108
83.234, 1.471332
83.204, 1.476986
83.173, 1.484405
83.143, 1.493865
83.113, 1.505592
83.082, 1.519731
83.052, 1.536341
83.021, 1.555407
82.991, 1.576821
82.961, 1.600406
82.930, 1.625900
82.900, 1.652989
82.870, 1.681300
82.839, 1.710434
82.809, 1.739968
82.779, 1.769485
82.748, 1.798590
82.718, 1.826920
82.687, 1.854181
82.657, 1.880141
82.627, 1.904656
82.596, 1.927684
82.566, 1.949270
82.536, 1.969578
82.505, 1.988857
82.475, 2.007456
82.445, 2.025804
82.414, 2.044390
82.384, 2.063754
82.353, 2.084453
82.323, 2.107044
82.293, 2.132062
82.262, 2.159973
82.232, 2.191177
82.202, 2.225955
82.171, 2.264473
82.141, 2.306741
82.111, 2.352619
82.080, 2.401791
82.050, 2.453776
82.019, 2.507923
81.989, 2.563427
81.959, 2.619333
81.928, 2.674574
81.898, 2.727985
81.868, 2.778340
81.837, 2.824385
81.807, 2.864879
81.777, 2.898634
81.746, 2.924547
81.716, 2.941654
81.686, 2.949148
81.655, 2.946428
81.625, 2.933115
81.594, 2.909071
81.564, 2.874435
81.534, 2.829599
81.503, 2.775229
81.473, 2.712246
81.443, 2.641814
81.412, 2.565306
81.382, 2.484284
81.352, 2.400438
81.321, 2.315575
81.291, 2.231531
81.260, 2.150162
81.230, 2.073255
81.200, 2.002505
81.169, 1.939459
81.139, 1.885464
81.109, 1.841632
81.078, 1.808814
81.048, 1.787577
81.018, 1.778173
80.987, 1.780551
80.957, 1.794347
80.926, 1.818907
80.896, 1.853299
80.866, 1.896344
80.835, 1.946666
80.805, 2.002712
80.775, 2.062827
80.744, 2.125283
80.714, 2.188344
80.684, 2.250320
80.653, 2.309613
80.623, 2.364761
80.593, 2.414490
80.562, 2.457746
80.532, 2.493720
80.501, 2.521869
80.471, 2.541930
80.441, 2.553915
80.410, 2.558112
80.380, 2.555046
80.350, 2.545483
80.319, 2.530375
80.289, 2.510825
80.259, 2.488050
80.228, 2.463318
80.198, 2.437920
80.167, 2.413109
80.137, 2.390045
80.107, 2.369776
80.076, 2.353177
80.046, 2.340935
80.016, 2.333520
79.985, 2.331168
79.955, 2.333881
79.925, 2.341435
79.894, 2.353374
79.864, 2.369053
79.833, 2.387654
79.803, 2.408227
79.773, 2.429731
79.742, 2.451076
79.712, 2.471174
79.682, 2.488982
79.651, 2.503551
79.621, 2.514069
79.591, 2.519892
79.560, 2.520580
79.530, 2.515928
79.499, 2.505963
79.469, 2.490968
79.439, 2.471470
79.408, 2.448220
79.378, 2.422182
79.348, 2.394497
79.317, 2.366441
79.287, 2.339391
79.257, 2.314761
79.226, 2.293961
79.196, 2.278341
79.166, 2.269136
79.135, 2.267418
79.105, 2.274056
79.074, 2.289671
79.044, 2.314609
79.014, 2.348925
78.983, 2.392357
78.953, 2.444341
78.923, 2.504016
78.892, 2.570241
78.862, 2.641626
78.832, 2.716582
78.801, 2.793355
78.771, 2.870090
78.740, 2.944885
78.710, 3.015853
78.680, 3.081184
78.649, 3.139216
78.619, 3.188466
78.589, 3.227709
78.558, 3.256009
78.528, 3.272752
78.498, 3.277672
78.467, 3.270880
78.437, 3.252830
78.406, 3.224349
78.376, 3.186588
78.346, 3.141000
78.315, 3.089300
78.285, 3.033398
78.255, 2.975358
78.224, 2.917330
78.194, 2.861469
78.164, 2.809885
78.133, 2.764570
78.103, 2.727332
78.073, 2.699743
78.042, 2.683086
78.012, 2.678315
77.981, 2.686029
77.951, 2.706449
77.921, 2.739416
77.890, 2.784390
77.860, 2.840481
77.830, 2.906469
77.799, 2.980850
77.769, 3.061877
77.739, 3.147636
77.708, 3.236083
77.678, 3.325139
77.647, 3.412734
77.617, 3.496885
77.587, 3.575759
77.556, 3.647732
77.526, 3.711434
77.496, 3.765801
77.465, 3.810097
77.435, 3.843942
77.405, 3.867319
77.374, 3.880564
77.344, 3.884364
77.313, 3.879729
77.283, 3.867932
77.253, 3.850498
77.222, 3.829125
77.192, 3.805634
77.162, 3.781911
77.131, 3.759837
77.101, 3.741220
77.071, 3.727746
77.040, 3.720918
77.010, 3.722007
76.980, 3.732017
76.949, 3.751638
76.919, 3.781248
76.888, 3.820892
76.858, 3.870284
76.828, 3.928824
76.797, 3.995619
76.767, 4.069524
76.737, 4.149173
76.706, 4.233042
76.676, 4.319492
76.646, 4.406832
76.615, 4.493377
76.585, 4.577510
76.554, 4.657734
76.524, 4.732715
76.494, 4.801339
76.463, 4.862747
76.433, 4.916349
76.403, 4.961857
76.372, 4.999284
76.342, 5.028942
76.312, 5.051425
76.281, 5.067592
76.251, 5.078525
76.220, 5.085495
76.190, 5.089913
76.160, 5.093278
76.129, 5.097128
76.099, 5.102980
76.069, 5.112272
76.038, 5.126325
76.008, 5.146288
75.978, 5.173097
75.947, 5.207447
75.917, 5.249763
75.886, 5.300199
75.856, 5.358609
75.826, 5.424573
75.795, 5.497413
75.765, 5.576196
75.735, 5.659787
75.704, 5.746877
75.674, 5.836034
75.644, 5.925746
75.613, 6.014478
75.583, 6.100714
75.553, 6.183025
75.522, 6.260098
75.492, 6.330789
75.461, 6.394159
75.431, 6.449503
75.401, 6.496379
75.370, 6.534614
75.340, 6.564309
75.310, 6.585840
75.279, 6.599842
75.249, 6.607188
75.219, 6.608960
75.188, 6.606410
75.158, 6.600923
75.127, 6.593977
75.097, 6.587087
75.067, 6.581758
75.036, 6.579447
75.006, 6.581515
74.976, 6.589178
74.945, 6.603482
74.915, 6.625265
74.885, 6.655145
74.854, 6.693495
74.824, 6.740433
74.793, 6.795841
74.763, 6.859351
74.733, 6.930372
74.702, 7.008110
74.672, 7.091598
74.642, 7.179731
74.611, 7.271288
74.581, 7.364987
74.551, 7.459522
74.520, 7.553590
74.490, 7.645945
74.460, 7.735413
74.429, 7.820945
74.399, 7.901636
74.368, 7.976733
74.338, 8.045670
74.308, 8.108054
74.277, 8.163706
74.247, 8.212624
74.217, 8.254968
74.186, 8.291091
74.156, 8.321492
74.126, 8.346766
74.095, 8.367643
74.065, 8.384910
74.034, 8.399416
74.004, 8.412030
73.974, 8.423596
73.943, 8.434951
73.913, 8.446872
73.883, 8.460067
73.852, 8.475169
73.822, 8.492707
73.792, 8.513102
73.761, 8.536664
73.731, 8.563634
73.700, 8.594110
73.670, 8.628115
73.640, 8.665595
73.609, 8.706416
73.579, 8.750388
73.549, 8.797278
73.518, 8.846830
73.488, 8.898765
73.458, 8.952810
73.427, 9.008703
73.397, 9.066202
73.367, 9.125095
73.336, 9.185188
73.306, 9.246351
73.275, 9.308464
73.245, 9.371467
73.215, 9.435299
73.184, 9.499969
73.154, 9.565452
73.124, 9.631780
73.093, 9.698960
73.063, 9.767007
73.033, 9.835906
73.002, 9.905642
72.972, 9.976162
72.941, 10.047376
72.911, 10.119170
72.881, 10.191379
72.850, 10.263814
72.820, 10.336257
72.790, 10.408428
72.759, 10.480057
72.729, 10.550833
72.699, 10.620441
72.668, 10.688548
72.638, 10.754831
72.607, 10.818965
72.577, 10.880671
72.547, 10.939648
72.516, 10.995646
72.486, 11.048455
72.456, 11.097886
72.425, 11.143781
72.395, 11.186027
72.365, 11.224548
72.334, 11.259307
72.304, 11.290280
72.273, 11.317484
72.243, 11.340948
72.213, 11.360732
72.182, 11.376913
72.152, 11.389565
72.122, 11.398786
72.091, 11.404675
72.061, 11.407344
72.031, 11.406891
72.000, 11.403438
71.970, 11.397120
71.940, 11.388057
71.909, 11.376415
71.879, 11.362354
71.848, 11.346052
71.818, 11.327731
71.788, 11.307622
71.757, 11.285998
71.727, 11.263144
71.697, 11.239386
71.666, 11.215085
71.636, 11.190611
71.606, 11.166363
71.575, 11.142726
71.545, 11.120121
71.514, 11.098942
71.484, 11.079557
71.454, 11.062321
71.423, 11.047528
71.393, 11.035411
71.363, 11.026145
71.332, 11.019819
71.302, 11.016433
71.272, 11.015890
71.241, 11.017987
71.211, 11.022412
71.180, 11.028753
71.150, 11.036519
71.120, 11.045107
71.089, 11.053831
71.059, 11.061966
71.029, 11.068715
70.998, 11.073291
70.968, 11.074852
70.938, 11.072628
70.907, 11.065865
70.877, 11.053876
70.847, 11.036067
70.816, 11.011962
70.786, 10.981207
70.755, 10.943599
70.725, 10.899076
70.695, 10.847752
70.664, 10.789891
70.634, 10.725923
70.604, 10.656444
70.573, 10.582154
70.543, 10.503905
70.513, 10.422641
70.482, 10.339356
70.452, 10.255113
70.421, 10.170976
70.391, 10.087985
70.361, 10.007143
70.330, 9.929347
70.300, 9.855404
70.270, 9.785977
70.239, 9.721549
70.209, 9.662452
70.179, 9.608799
70.148, 9.560536
70.118, 9.517386
70.087, 9.478880
70.057, 9.444377
70.027, 9.413072
69.996, 9.384006
69.966, 9.356139
69.936, 9.328302
69.905, 9.299333
69.875, 9.268013
69.845, 9.233171
69.814, 9.193715
69.784, 9.148635
69.753, 9.097055
69.723, 9.038274
69.693, 8.971765
69.662, 8.897204
69.632, 8.814499
69.602, 8.723772
69.571, 8.625378
69.541, 8.519888
69.511, 8.408072
69.480, 8.290888
69.450, 8.169466
69.420, 8.045044
69.389, 7.918993
69.359, 7.792708
69.328, 7.667637
69.298, 7.545205
69.268, 7.426801
69.237, 7.313711
69.207, 7.207123
69.177, 7.108069
69.146, 7.017427
69.116, 6.935884
69.086, 6.863929
69.055, 6.801853
69.025, 6.749736
68.994, 6.707470
68.964, 6.674749
68.934, 6.651110
68.903, 6.635926
68.873, 6.628458
68.843, 6.627857
68.812, 6.633209
68.782, 6.643556
68.752, 6.657928
68.721, 6.675368
68.691, 6.694964
68.660, 6.715854
68.630, 6.737267
68.600, 6.758523
68.569, 6.779058
68.539, 6.798400
68.509, 6.816214
68.478, 6.832257
68.448, 6.846402
68.418, 6.858609
68.387, 6.868925
68.357, 6.877459
68.327, 6.884376
68.296, 6.889859
68.266, 6.894128
68.235, 6.897386
68.205, 6.899842
68.175, 6.901658
68.144, 6.902975
68.114, 6.903896
68.084, 6.904475
68.053, 6.904728
68.023, 6.904637
67.993, 6.904146
67.962, 6.903189
67.932, 6.901683
67.901, 6.899553
67.871, 6.896746
67.841, 6.893239
67.810, 6.889054
67.780, 6.884291
67.750, 6.879095
67.719, 6.873712
67.689, 6.868454
67.659, 6.863732
67.628, 6.860030
67.598, 6.857922
67.567, 6.858040
67.537, 6.861076
67.507, 6.867761
67.476, 6.878850
67.446, 6.895094
67.416, 6.917233
67.385, 6.945960
67.355, 6.981909
67.325, 7.025627
67.294, 7.077570
67.264, 7.138067
67.234, 7.207329
67.203, 7.285425
67.173, 7.372294
67.142, 7.467728
67.112, 7.571391
67.082, 7.682815
67.051, 7.801439
67.021, 7.926585
66.991, 8.057522
66.960, 8.193450
66.930, 8.333571
66.900, 8.477054
66.869, 8.623108
66.839, 8.770987
66.808, 8.920004
66.778, 9.069557
66.748, 9.219170
66.717, 9.368444
66.687, 9.517114
66.657, 9.665031
66.626, 9.812171
66.596, 9.958602
66.566, 10.104490
66.535, 10.250099
66.505, 10.395724
66.474, 10.541695
66.444, 10.688383
66.414, 10.836103
66.383, 10.985158
66.353, 11.135766
66.323, 11.288079
66.292, 11.442117
66.262, 11.597800
66.232, 11.754900
66.201, 11.913056
66.171, 12.071769
66.140, 12.230392
66.110, 12.388163
66.080, 12.544223
66.049, 12.697606
66.019, 12.847294
65.989, 12.992217
65.958, 13.131320
65.928, 13.263554
65.898, 13.387938
65.867, 13.503569
65.837, 13.609692
65.807, 13.705659
65.776, 13.791003
65.746, 13.865451
65.715, 13.928907
65.685, 13.981489
65.655, 14.023524
65.624, 14.055531
65.594, 14.078218
65.564, 14.092453
65.533, 14.099262
65.503, 14.099767
65.473, 14.095205
65.442, 14.086843
65.412, 14.075994
65.381, 14.063922
65.351, 14.051866
65.321, 14.040964
65.290, 14.032255
65.260, 14.026623
65.230, 14.024806
65.199, 14.027377
65.169, 14.034698
65.139, 14.046973
65.108, 14.064209
65.078, 14.086240
65.047, 14.112743
65.017, 14.143257
64.987, 14.177201
64.956, 14.213912
64.926, 14.252667
64.896, 14.292704
64.865, 14.333291
64.835, 14.373712
64.805, 14.413311
64.774, 14.451515
64.744, 14.487872
64.714, 14.522043
64.683, 14.553831
64.653, 14.583161
64.622, 14.610116
64.592, 14.634899
64.562, 14.657835
64.531, 14.679354
64.501, 14.699983
64.471, 14.720280
64.440, 14.740864
64.410, 14.762345
64.380, 14.785319
64.349, 14.810336
64.319, 14.837856
64.288, 14.868257
64.258, 14.901787
64.228, 14.938589
64.197, 14.978633
64.167, 15.021761
64.137, 15.067686
64.106, 15.115963
64.076, 15.166035
64.046, 15.217238
64.015, 15.268819
63.985, 15.319976
63.954, 15.369867
63.924, 15.417640
63.894, 15.462494
63.863, 15.503669
63.833, 15.540479
63.803, 15.572350
63.772, 15.598867
63.742, 15.619723
63.712, 15.634787
63.681, 15.644091
63.651, 15.647839
63.621, 15.646391
63.590, 15.640246
63.560, 15.630060
63.529, 15.616586
63.499, 15.600669
63.469, 15.583237
63.438, 15.565225
63.408, 15.547589
63.378, 15.531265
63.347, 15.517105
63.317, 15.505909
63.287, 15.498354
63.256, 15.494991
63.226, 15.496243
63.195, 15.502365
63.165, 15.513464
63.135, 15.529508
63.104, 15.550296
63.074, 15.575486
63.044, 15.604650
63.013, 15.637238
62.983, 15.672630
62.953, 15.710170
62.922, 15.749174
62.892, 15.788992
62.861, 15.829006
62.831, 15.868635
62.801, 15.907435
62.770, 15.945059
62.740, 15.981288
62.710, 16.016047
62.679, 16.049410
62.649, 16.081598
62.619, 16.112971
62.588, 16.144043
62.558, 16.175431
62.527, 16.207860
62.497, 16.242136
62.467, 16.279111
62.436, 16.319668
62.406, 16.364689
62.376, 16.415017
62.345, 16.471438
62.315, 16.534674
62.285, 16.605307
62.254, 16.683820
62.224, 16.770558
62.194, 16.865696
62.163, 16.969270
62.133, 17.081184
62.102, 17.201151
62.072, 17.328785
62.042, 17.463567
62.011, 17.604864
61.981, 17.751981
61.951, 17.904150
61.920, 18.060579
61.890, 18.220461
61.860, 18.382997
61.829, 18.547434
61.799, 18.713069
61.768, 18.879292
61.738, 19.045553
61.708, 19.211407
61.677, 19.376514
61.647, 19.540626
61.617, 19.703585
61.586, 19.865337
61.556, 20.025868
61.526, 20.185252
61.495, 20.343581
61.465, 20.500968
61.434, 20.657525
61.404, 20.813336
61.374, 20.968430
61.343, 21.122808
61.313, 21.276357
61.283, 21.428888
61.252, 21.580107
61.222, 21.729652
61.192, 21.877018
61.161, 22.021640
61.131, 22.162838
61.101, 22.299898
61.070, 22.432041
61.040, 22.558454
61.009, 22.678337
60.979, 22.790899
60.949, 22.895401
60.918, 22.991187
60.888, 23.077685
60.858, 23.154448
60.827, 23.221175
60.797, 23.277716
60.767, 23.324079
60.736, 23.360459
60.706, 23.387195
60.675, 23.404800
60.645, 23.413954
60.615, 23.415447
60.584, 23.410191
60.554, 23.399198
60.524, 23.383530
60.493, 23.364274
60.463, 23.342529
60.433, 23.319344
60.402, 23.295706
60.372, 23.272521
60.341, 23.250543
60.311, 23.230396
60.281, 23.212557
60.250, 23.197304
60.220, 23.184735
60.190, 23.174783
60.159, 23.167190
60.129, 23.161527
60.099, 23.157230
60.068, 23.153611
60.038, 23.149863
60.007, 23.145143
59.977, 23.138539
59.947, 23.129174
59.916, 23.116168
59.886, 23.098743
59.856, 23.076207
59.825, 23.048008
59.795, 23.013739
59.765, 22.973182
59.734, 22.926300
59.704, 22.873264
59.674, 22.814446
59.643, 22.750403
59.613, 22.681918
59.582, 22.609898
59.552, 22.535435
59.522, 22.459727
59.491, 22.384065
59.461, 22.309812
59.431, 22.238327
59.400, 22.170974
59.370, 22.109049
59.340, 22.053767
59.309, 22.006221
59.279, 21.967353
59.248, 21.937933
59.218, 21.918525
59.188, 21.909485
59.157, 21.910955
59.127, 21.922853
59.097, 21.944869
59.066, 21.976506
59.036, 22.017063
59.006, 22.065672
58.975, 22.121324
58.945, 22.182887
58.914, 22.249147
58.884, 22.318860
58.854, 22.390745
58.823, 22.463550
58.793, 22.536083
58.763, 22.607229
58.732, 22.675992
58.702, 22.741513
58.672, 22.803091
58.641, 22.860205
58.611, 22.912502
58.581, 22.959837
58.550, 23.002233
58.520, 23.039917
58.489, 23.073281
58.459, 23.102875
58.429, 23.129385
58.398, 23.153626
58.368, 23.176494
58.338, 23.198970
58.307, 23.222065
58.277, 23.246796
58.247, 23.274188
58.216, 23.305214
58.186, 23.340787
58.155, 23.381728
58.125, 23.428762
58.095, 23.482491
58.064, 23.543383
58.034, 23.611746
58.004, 23.687778
57.973, 23.771485
57.943, 23.862740
57.913, 23.961263
57.882, 24.066640
57.852, 24.178327
57.821, 24.295647
57.791, 24.417838
57.761, 24.544032
57.730, 24.673295
57.700, 24.804646
57.670, 24.937054
57.639, 25.069468
57.609, 25.200865
57.579, 25.330196
57.548, 25.456480
57.518, 25.578792
57.488, 25.696270
57.457, 25.808101
57.427, 25.913628
57.396, 26.012280
57.366, 26.103587
57.336, 26.187234
57.305, 26.263047
57.275, 26.330973
57.245, 26.391126
57.214, 26.443769
57.184, 26.489295
57.154, 26.528268
57.123, 26.561376
57.093, 26.589439
57.062, 26.613408
57.032, 26.634354
57.002, 26.653415
56.971, 26.671827
56.941, 26.690895
56.911, 26.711946
56.880, 26.736323
56.850, 26.765366
56.820, 26.800404
56.789, 26.842680
56.759, 26.893355
56.728, 26.953515
56.698, 27.024111
56.668, 27.105925
56.637, 27.199593
56.607, 27.305565
56.577, 27.424091
56.546, 27.555239
56.516, 27.698843
56.486, 27.854548
56.455, 28.021804
56.425, 28.199843
56.394, 28.387720
56.364, 28.584352
56.334, 28.788470
56.303, 28.998703
56.273, 29.213596
56.243, 29.431596
56.212, 29.651126
56.182, 29.870595
56.152, 30.088444
56.121, 30.303141
56.091, 30.513231
56.061, 30.717372
56.030, 30.914327
56.000, 31.102982
55.969, 31.282407
55.939, 31.451797
55.909, 31.610526
55.878, 31.758118
55.848, 31.894272
55.818, 32.018815
55.787, 32.131709
55.757, 32.233067
55.727, 32.323070
55.696, 32.401997
55.666, 32.470188
55.635, 32.528026
55.605, 32.575911
55.575, 32.614251
55.544, 32.643431
55.514, 32.663811
55.484, 32.675716
55.453, 32.679411
55.423, 32.675128
55.393, 32.663057
55.362, 32.643325
55.332, 32.616046
55.301, 32.581287
55.271, 32.539147
55.241, 32.489723
55.210, 32.433145
55.180, 32.369599
55.150, 32.299358
55.119, 32.222783
55.089, 32.140365
55.059, 32.052707
55.028, 31.960578
54.998, 31.864875
54.968, 31.766698
54.937, 31.667263
54.907, 31.567956
54.876, 31.470292
54.846, 31.375946
54.816, 31.286675
54.785, 31.204309
54.755, 31.130773
54.725, 31.067974
54.694, 31.017864
54.664, 30.982306
54.634, 30.963118
54.603, 30.962039
54.573, 30.980648
54.542, 31.020383
54.512, 31.082488
54.482, 31.168058
54.451, 31.277936
54.421, 31.412763
54.391, 31.572992
54.360, 31.758819
54.330, 31.970289
54.300, 32.207213
54.269, 32.469283
54.239, 32.755985
54.208, 33.066725
54.178, 33.400785
54.148, 33.757359
54.117, 34.135640
54.087, 34.534723
54.057, 34.953742
54.026, 35.391814
53.996, 35.848080
53.966, 36.321695
53.935, 36.811814
53.905, 37.317662
53.875, 37.838416
53.844, 38.373262
53.814, 38.921348
53.783, 39.481739
53.753, 40.053432
53.723, 40.635296
53.692, 41.226027
53.662, 41.824147
53.632, 42.427930
53.601, 43.035460
53.571, 43.644490
53.541, 44.252510
53.510, 44.856730
53.480, 45.454036
53.449, 46.041027
53.419, 46.614040
53.389, 47.169160
53.358, 47.702242
53.328, 48.209002
53.298, 48.685030
53.267, 49.125861
53.237, 49.527033
53.207, 49.884188
53.176, 50.193125
53.146, 50.449902
53.115, 50.650876
53.085, 50.792761
53.055, 50.872796
53.024, 50.888720
52.994, 50.838852
52.964, 50.722105
52.933, 50.538126
52.903, 50.287215
52.873, 49.970346
52.842, 49.589237
52.812, 49.146241
52.781, 48.644382
52.751, 48.087301
52.721, 47.479176
52.690, 46.824695
52.660, 46.128919
52.630, 45.397291
52.599, 44.635451
52.569, 43.849234
52.539, 43.044515
52.508, 42.227106
52.478, 41.402753
52.448, 40.576938
52.417, 39.754862
52.387, 38.941404
52.356, 38.140975
52.326, 37.357503
52.296, 36.594448
52.265, 35.854670
52.235, 35.140504
52.205, 34.453708
52.174, 33.795495
52.144, 33.166529
52.114, 32.566984
52.083, 31.996565
52.053, 31.454557
52.022, 30.939880
51.992, 30.451163
51.962, 29.986784
51.931, 29.544935
51.901, 29.123699
51.871, 28.721109
51.840, 28.335198
51.810, 27.964034
51.780, 27.605832
51.749, 27.258901
51.719, 26.921765
51.688, 26.593141
51.658, 26.271974
51.628, 25.957435
51.597, 25.648927
51.567, 25.346112
51.537, 25.048847
51.506, 24.757206
51.476, 24.471454
51.446, 24.192012
51.415, 23.919439
51.385, 23.654384
51.355, 23.397585
51.324, 23.149811
51.294, 22.911853
51.263, 22.684467
51.233, 22.468383
51.203, 22.264264
51.172, 22.072700
51.142, 21.894156
51.112, 21.729011
51.081, 21.577506
51.051, 21.439776
51.021, 21.315821
50.990, 21.205520
50.960, 21.108633
50.929, 21.024843
50.899, 20.953690
50.869, 20.894653
50.838, 20.847144
50.808, 20.810486
50.778, 20.783991
50.747, 20.766913
50.717, 20.758491
50.687, 20.757948
50.656, 20.764538
50.626, 20.777499
50.595, 20.796077
50.565, 20.819579
50.535, 20.847325
50.504, 20.878676
50.474, 20.913027
50.444, 20.949829
50.413, 20.988562
50.383, 21.028756
50.353, 21.069992
50.322, 21.111876
50.292, 21.154068
50.262, 21.196269
50.231, 21.238198
50.201, 21.279629
50.170, 21.320360
50.140, 21.360223
50.110, 21.399053
50.079, 21.436737
50.049, 21.473154
50.019, 21.508207
49.988, 21.541812
49.958, 21.573894
49.928, 21.604378
49.897, 21.633165
49.867, 21.660180
49.836, 21.685303
49.806, 21.708443
49.776, 21.729449
49.745, 21.748155
49.715, 21.764381
49.685, 21.777922
49.654, 21.788516
49.624, 21.795927
49.594, 21.799818
49.563, 21.799908
49.533, 21.795822
49.502, 21.787204
49.472, 21.773700
49.442, 21.754911
49.411, 21.730466
49.381, 21.700013
49.351, 21.663188
49.320, 21.619699
49.290, 21.569242
49.260, 21.511600
49.229, 21.446576
49.199, 21.374066
49.168, 21.293978
49.138, 21.206350
49.108, 21.111257
49.077, 21.008829
49.047, 20.899312
49.017, 20.782988
48.986, 20.660187
48.956, 20.531323
48.926, 20.396828
48.895, 20.257197
48.865, 20.112915
48.835, 19.964516
48.804, 19.812498
48.774, 19.657366
48.743, 19.499602
48.713, 19.339637
48.683, 19.177877
48.652, 19.014655
48.622, 18.850264
48.592, 18.684908
48.561, 18.518767
48.531, 18.351903
48.501, 18.184368
48.470, 18.016132
48.440, 17.847111
48.409, 17.677208
48.379, 17.506265
48.349, 17.334153
48.318, 17.160699
48.288, 16.985768
48.258, 16.809237
48.227, 16.631026
48.197, 16.451103
48.167, 16.269491
48.136, 16.086280
48.106, 15.901629
48.075, 15.715773
48.045, 15.529018
48.015, 15.341729
47.984, 15.154341
47.954, 14.967353
47.924, 14.781285
47.893, 14.596695
47.863, 14.414148
47.833, 14.234217
47.802, 14.057438
47.772, 13.884323
47.742, 13.715303
47.711, 13.550776
47.681, 13.391015
47.650, 13.236222
47.620, 13.086473
47.590, 12.941738
47.559, 12.801882
47.529, 12.666647
47.499, 12.535650
47.468, 12.408438
47.438, 12.284423
47.408, 12.162986
47.377, 12.043419
47.347, 11.924984
47.316, 11.806902
47.286, 11.688444
47.256, 11.568862
47.225, 11.447471
47.195, 11.323659
47.165, 11.196892
47.134, 11.066747
47.104, 10.932915
47.074, 10.795215
47.043, 10.653609
47.013, 10.508203
46.982, 10.359231
46.952, 10.207077
46.922, 10.052254
46.891, 9.895373
46.861, 9.737157
46.831, 9.578443
46.800, 9.420084
46.770, 9.263022
46.740, 9.108206
46.709, 8.956580
46.679, 8.809093
46.648, 8.666628
46.618, 8.530036
46.588, 8.400072
46.557, 8.277429
46.527, 8.162688
46.497, 8.056331
46.466, 7.958728
46.436, 7.870142
46.406, 7.790740
46.375, 7.720567
46.345, 7.659592
46.315, 7.607688
46.284, 7.564681
46.254, 7.530306
46.223, 7.504277
46.193, 7.486264
46.163, 7.475923
46.132, 7.472907
46.102, 7.476870
46.072, 7.487480
46.041, 7.504423
46.011, 7.527411
45.981, 7.556176
45.950, 7.590490
45.920, 7.630127
45.889, 7.674883
45.859, 7.724578
45.829, 7.779031
45.798, 7.838038
45.768, 7.901387
45.738, 7.968839
45.707, 8.040128
45.677, 8.114931
45.647, 8.192877
45.616, 8.273554
45.586, 8.356484
45.555, 8.441119
45.525, 8.526892
45.495, 8.613156
45.464, 8.699230
45.434, 8.784430
45.404, 8.868017
45.373, 8.949289
45.343, 9.027545
45.313, 9.102099
45.282, 9.172355
45.252, 9.237741
45.222, 9.297803
45.191, 9.352158
45.161, 9.400563
45.130, 9.442869
45.100, 9.479076
45.070, 9.509288
45.039, 9.533770
45.009, 9.552898
44.979, 9.567164
44.948, 9.577192
44.918, 9.583668
44.888, 9.587393
44.857, 9.589202
44.827, 9.589972
44.796, 9.590605
44.766, 9.591985
44.736, 9.594963
44.705, 9.600346
44.675, 9.608866
44.645, 9.621156
44.614, 9.637729
44.584, 9.658991
44.554, 9.685215
44.523, 9.716520
44.493, 9.752900
44.462, 9.794196
44.432, 9.840128
44.402, 9.890291
44.371, 9.944155
44.341, 10.001119
44.311, 10.060495
44.280, 10.121530
44.250, 10.183455
44.220, 10.245485
44.189, 10.306844
44.159, 10.366801
44.129, 10.424662
44.098, 10.479801
44.068, 10.531712
44.037, 10.579960
44.007, 10.624226
43.977, 10.664315
43.946, 10.700160
43.916, 10.731789
43.886, 10.759370
43.855, 10.783158
43.825, 10.803523
43.795, 10.820910
43.764, 10.835839
43.734, 10.848883
43.703, 10.860638
43.673, 10.871736
43.643, 10.882797
43.612, 10.894431
43.582, 10.907219
43.552, 10.921688
43.521, 10.938290
43.491, 10.957434
43.461, 10.979435
43.430, 11.004520
43.400, 11.032848
43.369, 11.064470
43.339, 11.099364
43.309, 11.137433
43.278, 11.178495
43.248, 11.222301
43.218, 11.268573
43.187, 11.316956
43.157, 11.367096
43.127, 11.418586
43.096, 11.471033
43.066, 11.524030
43.035, 11.577186
43.005, 11.630138
42.975, 11.682555
42.944, 11.734128
42.914, 11.784584
42.884, 11.833714
42.853, 11.881336
42.823, 11.927321
42.793, 11.971587
42.762, 12.014089
42.732, 12.054820
42.702, 12.093808
42.671, 12.131123
42.641, 12.166847
42.610, 12.201077
42.580, 12.233944
42.550, 12.265566
42.519, 12.296087
42.489, 12.325636
42.459, 12.354355
42.428, 12.382358
42.398, 12.409758
42.368, 12.436682
42.337, 12.463207
42.307, 12.489423
42.276, 12.515413
42.246, 12.541230
42.216, 12.566933
42.185, 12.592553
42.155, 12.618144
42.125, 12.643711
42.094, 12.669301
42.064, 12.694929
42.034, 12.720602
42.003, 12.746351
41.973, 12.772197
41.942, 12.798157
41.912, 12.824260
41.882, 12.850536
41.851, 12.877016
41.821, 12.903753
41.791, 12.930790
41.760, 12.958205
41.730, 12.986057
41.700, 13.014437
41.669, 13.043443
41.639, 13.073210
41.609, 13.103845
41.578, 13.135520
41.548, 13.168393
41.517, 13.202654
41.487, 13.238506
41.457, 13.276175
41.426, 13.315903
41.396, 13.357922
41.366, 13.402513
41.335, 13.449916
41.305, 13.500418
41.275, 13.554260
41.244, 13.611698
41.214, 13.672959
41.183, 13.738239
41.153, 13.807704
41.123, 13.881488
41.092, 13.959654
41.062, 14.042238
41.032, 14.129195
41.001, 14.220419
40.971, 14.315730
40.941, 14.414894
40.910, 14.517579
40.880, 14.623416
40.849, 14.731944
40.819, 14.842644
40.789, 14.954965
40.758, 15.068297
40.728, 15.181997
40.698, 15.295427
40.667, 15.407906
40.637, 15.518787
40.607, 15.627451
40.576, 15.733318
40.546, 15.835822
40.516, 15.934533
40.485, 16.029023
40.455, 16.119011
40.424, 16.204263
40.394, 16.284683
40.364, 16.360248
40.333, 16.431039
40.303, 16.497224
40.273, 16.559073
40.242, 16.616904
40.212, 16.671123
40.182, 16.722167
40.151, 16.770490
40.121, 16.816581
40.090, 16.860893
40.060, 16.903855
40.030, 16.945859
39.999, 16.987208
39.969, 17.028134
39.939, 17.068774
39.908, 17.109127
39.878, 17.149118
39.848, 17.188521
39.817, 17.227005
39.787, 17.264123
39.756, 17.299327
39.726, 17.331974
39.696, 17.361342
39.665, 17.386661
39.635, 17.407139
39.605, 17.421962
39.574, 17.430354
39.544, 17.431560
39.514, 17.424933
39.483, 17.409898
39.453, 17.386020
39.422, 17.352995
39.392, 17.310689
39.362, 17.259132
39.331, 17.198542
39.301, 17.129319
39.271, 17.052020
39.240, 16.967416
39.210, 16.876387
39.180, 16.779983
39.149, 16.679371
39.119, 16.575789
39.089, 16.470533
39.058, 16.364952
39.028, 16.260352
38.997, 16.158022
38.967, 16.059159
38.937, 15.964874
38.906, 15.876122
38.876, 15.793704
38.846, 15.718238
38.815, 15.650153
38.785, 15.589676
38.755, 15.536799
38.724, 15.491342
38.694, 15.452889
38.663, 15.420874
38.633, 15.394568
38.603, 15.373064
38.572, 15.355406
38.542, 15.340507
38.512, 15.327282
38.481, 15.314638
38.451, 15.301481
38.421, 15.286824
38.390, 15.269753
38.360, 15.249494
38.329, 15.225449
38.299, 15.197145
38.269, 15.164347
38.238, 15.126987
38.208, 15.085208
38.178, 15.039336
38.147, 14.989905
38.117, 14.937586
38.087, 14.883194
38.056, 14.827685
38.026, 14.772064
37.996, 14.717408
37.965, 14.664802
37.935, 14.615311
37.904, 14.569928
37.874, 14.529568
37.844, 14.495020
37.813, 14.466919
37.783, 14.445725
37.753, 14.431738
37.722, 14.425013
37.692, 14.425442
37.662, 14.432703
37.631, 14.446298
37.601, 14.465532
37.570, 14.489584
37.540, 14.517496
37.510, 14.548229
37.479, 14.580665
37.449, 14.613690
37.419, 14.646171
37.388, 14.677062
37.358, 14.705382
37.328, 14.730255
37.297, 14.750990
37.267, 14.767035
37.236, 14.778035
37.206, 14.783834
37.176, 14.784490
37.145, 14.780260
37.115, 14.771589
37.085, 14.759126
37.054, 14.743646
37.024, 14.726093
36.994, 14.707500
36.963, 14.688960
36.933, 14.671618
36.902, 14.656599
36.872, 14.644987
36.842, 14.637779
36.811, 14.635872
36.781, 14.640004
36.751, 14.650733
36.720, 14.668421
36.690, 14.693242
36.660, 14.725121
36.629, 14.763778
36.599, 14.808707
36.569, 14.859194
36.538, 14.914348
36.508, 14.973114
36.477, 15.034284
36.447, 15.096571
36.417, 15.158631
36.386, 15.219071
36.356, 15.276532
36.326, 15.329710
36.295, 15.377385
36.265, 15.418477
36.235, 15.452074
36.204, 15.477431
36.174, 15.494033
36.143, 15.501588
36.113, 15.500028
36.083, 15.489547
36.052, 15.470547
36.022, 15.443652
35.992, 15.409715
35.961, 15.369747
35.931, 15.324915
35.901, 15.276509
35.870, 15.225887
35.840, 15.174480
35.809, 15.123692
35.779, 15.074917
35.749, 15.029481
35.718, 14.988578
35.688, 14.953276
35.658, 14.924482
35.627, 14.902910
35.597, 14.889067
35.567, 14.883224
35.536, 14.885455
35.506, 14.895581
35.476, 14.913232
35.445, 14.937805
35.415, 14.968522
35.384, 15.004449
35.354, 15.044501
35.324, 15.087493
35.293, 15.132144
35.263, 15.177157
35.233, 15.221212
35.202, 15.263020
35.172, 15.301338
35.142, 15.335026
35.111, 15.363044
35.081, 15.384510
35.050, 15.398692
35.020, 15.405018
34.990, 15.403133
34.959, 15.392841
34.929, 15.374158
34.899, 15.347271
34.868, 15.312580
34.838, 15.270613
34.808, 15.222064
34.777, 15.167777
34.747, 15.108695
34.716, 15.045843
34.686, 14.980322
34.656, 14.913270
34.625, 14.845841
34.595, 14.779174
34.565, 14.714392
34.534, 14.652542
34.504, 14.594629
34.474, 14.541541
34.443, 14.494085
34.413, 14.452948
34.383, 14.418694
34.352, 14.391770
34.322, 14.372475
34.291, 14.361007
34.261, 14.357426
34.231, 14.361671
34.200, 14.373568
34.170, 14.392855
34.140, 14.419169
34.109, 14.452066
34.079, 14.491024
34.049, 14.535486
34.018, 14.584850
33.988, 14.638466
33.957, 14.695700
33.927, 14.755876
33.897, 14.818358
33.866, 14.882522
33.836, 14.947750
33.806, 15.013489
33.775, 15.079207
33.745, 15.144434
33.715, 15.208741
33.684, 15.271767
33.654, 15.333216
33.623, 15.392834
33.593, 15.450431
33.563, 15.505886
33.532, 15.559125
33.502, 15.610132
33.472, 15.658945
33.441, 15.705624
33.411, 15.750282
33.381, 15.793071
33.350, 15.834155
33.320, 15.873717
33.289, 15.911944
33.259, 15.949048
33.229, 15.985209
33.198, 16.020616
33.168, 16.055427
33.138, 16.089779
33.107, 16.123783
33.077, 16.157509
33.047, 16.191008
33.016, 16.224259
32.986, 16.257238
32.956, 16.289856
32.925, 16.321983
32.895, 16.353477
32.864, 16.384141
32.834, 16.413750
32.804, 16.442077
32.773, 16.468867
32.743, 16.493869
32.713, 16.516812
32.682, 16.537471
32.652, 16.555605
32.622, 16.571016
32.591, 16.583547
32.561, 16.593063
32.530, 16.599494
32.500, 16.602804
32.470, 16.603038
32.439, 16.600271
32.409, 16.594654
32.379, 16.586360
32.348, 16.575653
32.318, 16.562820
32.288, 16.548186
32.257, 16.532118
32.227, 16.514995
32.196, 16.497216
32.166, 16.479173
32.136, 16.461266
32.105, 16.443864
32.075, 16.427307
32.045, 16.411903
32.014, 16.397917
31.984, 16.385574
31.954, 16.375018
31.923, 16.366355
31.893, 16.359637
31.863, 16.354857
31.832, 16.351946
31.802, 16.350808
31.771, 16.351290
31.741, 16.353236
31.711, 16.356448
31.680, 16.360730
31.650, 16.365895
31.620, 16.371784
31.589, 16.378260
31.559, 16.385235
31.529, 16.392661
31.498, 16.400563
31.468, 16.409061
31.437, 16.418304
31.407, 16.428559
31.377, 16.440140
31.346, 16.453463
31.316, 16.469002
31.286, 16.487301
31.255, 16.508926
31.225, 16.534531
31.195, 16.564736
31.164, 16.600218
31.134, 16.641619
31.103, 16.689565
31.073, 16.744621
31.043, 16.807300
31.012, 16.878046
30.982, 16.957184
30.952, 17.044963
30.921, 17.141503
30.891, 17.246797
30.861, 17.360724
30.830, 17.483027
30.800, 17.613331
30.770, 17.751129
30.739, 17.895818
30.709, 18.046706
30.678, 18.202991
30.648, 18.363816
30.618, 18.528290
30.587, 18.695463
30.557, 18.864401
30.527, 19.034168
30.496, 19.203859
30.466, 19.372609
30.436, 19.539631
30.405, 19.704203
30.375, 19.865699
30.344, 20.023591
30.314, 20.177441
30.284, 20.326941
30.253, 20.471872
30.223, 20.612105
30.193, 20.747626
30.162, 20.878487
30.132, 21.004832
30.102, 21.126835
30.071, 21.244720
30.041, 21.358745
30.010, 21.469173
29.980, 21.576247
29.950, 21.680191
29.919, 21.781179
29.889, 21.879371
29.859, 21.974825
29.828, 22.067542
29.798, 22.157455
29.768, 22.244412
29.737, 22.328202
29.707, 22.408532
29.676, 22.485053
29.646, 22.557360
29.616, 22.625030
29.585, 22.687581
29.555, 22.744552
29.525, 22.795476
29.494, 22.839908
29.464, 22.877472
29.434, 22.907820
29.403, 22.930680
29.373, 22.945881
29.343, 22.953345
29.312, 22.953089
29.282, 22.945240
29.251, 22.930047
29.221, 22.907857
29.191, 22.879138
29.160, 22.844432
29.130, 22.804388
29.100, 22.759730
29.069, 22.711233
29.039, 22.659721
29.009, 22.606053
28.978, 22.551065
28.948, 22.495617
28.917, 22.440531
28.887, 22.386575
28.857, 22.334453
28.826, 22.284803
28.796, 22.238184
28.766, 22.195026
28.735, 22.155683
28.705, 22.120412
28.675, 22.089333
28.644, 22.062491
28.614, 22.039803
28.583, 22.021135
28.553, 22.006228
28.523, 21.994806
28.492, 21.986482
28.462, 21.980879
28.432, 21.977569
28.401, 21.976114
28.371, 21.976084
28.341, 21.977087
28.310, 21.978738
28.280, 21.980706
28.250, 21.982712
28.219, 21.984551
28.189, 21.986067
28.158, 21.987168
28.128, 21.987854
28.098, 21.988171
28.067, 21.988231
28.037, 21.988208
28.007, 21.988329
27.976, 21.988834
27.946, 21.990025
27.916, 21.992204
27.885, 21.995680
27.855, 22.000762
27.824, 22.007736
27.794, 22.016867
27.764, 22.028380
27.733, 22.042472
27.703, 22.059271
27.673, 22.078852
27.642, 22.101261
27.612, 22.126436
27.582, 22.154318
27.551, 22.184734
27.521, 22.217510
27.490, 22.252389
27.460, 22.289108
27.430, 22.327320
27.399, 22.366723
27.369, 22.406948
27.339, 22.447641
27.308, 22.488446
27.278, 22.529011
27.248, 22.569017
27.217, 22.608164
27.187, 22.646172
27.156, 22.682838
27.126, 22.717944
27.096, 22.751360
27.065, 22.782990
27.035, 22.812787
27.005, 22.840753
26.974, 22.866939
26.944, 22.891443
26.914, 22.914402
26.883, 22.936003
26.853, 22.956482
26.823, 22.976070
26.792, 22.995086
26.762, 23.013837
26.731, 23.032679
26.701, 23.051981
26.671, 23.072128
26.640, 23.093541
26.610, 23.116620
26.580, 23.141818
26.549, 23.169565
26.519, 23.200320
26.489, 23.234528
26.458, 23.272635
26.428, 23.315114
26.397, 23.362404
26.367, 23.414949
26.337, 23.473164
26.306, 23.537479
26.276, 23.608278
26.246, 23.685923
26.215, 23.770754
26.185, 23.863064
26.155, 23.963110
26.124, 24.071111
26.094, 24.187202
26.063, 24.311488
26.033, 24.444001
26.003, 24.584687
25.972, 24.733440
25.942, 24.890088
25.912, 25.054343
25.881, 25.225882
25.851, 25.404282
25.821, 25.589046
25.790, 25.779615
25.760, 25.975349
25.730, 26.175577
25.699, 26.379545
25.669, 26.586476
25.638, 26.795556
25.608, 27.005925
25.578, 27.216746
25.547, 27.427160
25.517, 27.636330
25.487, 27.843427
25.456, 28.047681
25.426, 28.248331
25.396, 28.444699
25.365, 28.636158
25.335, 28.822136
25.304, 29.002164
25.274, 29.175822
25.244, 29.342784
25.213, 29.502802
25.183, 29.655702
25.153, 29.801395
25.122, 29.939856
25.092, 30.071117
25.062, 30.195268
25.031, 30.312482
25.001, 30.422918
24.970, 30.526810
24.940, 30.624375
24.910, 30.715871
24.879, 30.801546
24.849, 30.881635
24.819, 30.956377
24.788, 31.025962
24.758, 31.090563
24.728, 31.150339
24.697, 31.205380
24.667, 31.255776
24.637, 31.301558
24.606, 31.342733
24.576, 31.379294
24.545, 31.411187
24.515, 31.438353
24.485, 31.460702
24.454, 31.478179
24.424, 31.490718
24.394, 31.498250
24.363, 31.500768
24.333, 31.498257
24.303, 31.490770
24.272, 31.478382
24.242, 31.461260
24.211, 31.439575
24.181, 31.413600
24.151, 31.383644
24.120, 31.350085
24.090, 31.313366
24.060, 31.273970
24.029, 31.232403
23.999, 31.189260
23.969, 31.145152
23.938, 31.100674
23.908, 31.056476
23.877, 31.013190
23.847, 30.971411
23.817, 30.931729
23.786, 30.894678
23.756, 30.860764
23.726, 30.830379
23.695, 30.803899
23.665, 30.781566
23.635, 30.763561
23.604, 30.749951
23.574, 30.740715
23.543, 30.735716
23.513, 30.734713
23.483, 30.737382
23.452, 30.743316
23.422, 30.751972
23.392, 30.762769
23.361, 30.775051
23.331, 30.788118
23.301, 30.801200
23.270, 30.813535
23.240, 30.824332
23.210, 30.832814
23.179, 30.838213
23.149, 30.839834
23.118, 30.837006
23.088, 30.829135
23.058, 30.815699
23.027, 30.796291
22.997, 30.770610
22.967, 30.738408
22.936, 30.699623
22.906, 30.654278
22.876, 30.602525
22.845, 30.544604
22.815, 30.480922
22.784, 30.411940
22.754, 30.338246
22.724, 30.260518
22.693, 30.179495
22.663, 30.095984
22.633, 30.010851
22.602, 29.924995
22.572, 29.839312
22.542, 29.754730
22.511, 29.672147
22.481, 29.592428
22.450, 29.516426
22.420, 29.444919
22.390, 29.378606
22.359, 29.318159
22.329, 29.264113
22.299, 29.216982
22.268, 29.177126
22.238, 29.144856
22.208, 29.120374
22.177, 29.103809
22.147, 29.095183
22.117, 29.094459
22.086, 29.101509
22.056, 29.116167
22.025, 29.138190
21.995, 29.167294
21.965, 29.203184
21.934, 29.245490
21.904, 29.293865
21.874, 29.347941
21.843, 29.407355
21.813, 29.471723
21.783, 29.540720
21.752, 29.613992
21.722, 29.691230
21.691, 29.772148
21.661, 29.856473
21.631, 29.943943
21.600, 30.034338
21.570, 30.127432
21.540, 30.223022
21.509, 30.320912
21.479, 30.420905
21.449, 30.522799
21.418, 30.626404
21.388, 30.731471
21.357, 30.837798
21.327, 30.945120
21.297, 31.053173
21.266, 31.161657
21.236, 31.270283
21.206, 31.378698
21.175, 31.486571
21.145, 31.593569
21.115, 31.699292
21.084, 31.803417
21.054, 31.905612
21.024, 32.005523
20.993, 32.102877
20.963, 32.197396
20.932, 32.288877
20.902, 32.377131
20.872, 32.462067
20.841, 32.543633
20.811, 32.621852
20.781, 32.696782
20.750, 32.768614
20.720, 32.837551
20.690, 32.903872
20.659, 32.967923
20.629, 33.030081
20.598, 33.090762
20.568, 33.150402
20.538, 33.209454
20.507, 33.268355
20.477, 33.327528
20.447, 33.387326
20.416, 33.448090
20.386, 33.510052
20.356, 33.573371
20.325, 33.638093
20.295, 33.704157
20.264, 33.771375
20.234, 33.839422
20.204, 33.907839
20.173, 33.976029
20.143, 34.043292
20.113, 34.108738
20.082, 34.171439
20.052, 34.230302
20.022, 34.284182
19.991, 34.331856
19.961, 34.372066
19.930, 34.403545
19.900, 34.425019
19.870, 34.435265
19.839, 34.433124
19.809, 34.417524
19.779, 34.387531
19.748, 34.342322
19.718, 34.281279
19.688, 34.203973
19.657, 34.110148
19.627, 33.999794
19.597, 33.873103
19.566, 33.730524
19.536, 33.572693
19.505, 33.400498
19.475, 33.215033
19.445, 33.017557
19.414, 32.809503
19.384, 32.592454
19.354, 32.368128
19.323, 32.138277
19.293, 31.904738
19.263, 31.669344
19.232, 31.433905
19.202, 31.200185
19.171, 30.969828
19.141, 30.744372
19.111, 30.525189
19.080, 30.313470
19.050, 30.110204
19.020, 29.916136
18.989, 29.731817
18.959, 29.557519
18.929, 29.393316
18.898, 29.238991
18.868, 29.094180
18.837, 28.958245
18.807, 28.830392
18.777, 28.709686
18.746, 28.595066
18.716, 28.485346
18.686, 28.379328
18.655, 28.275776
18.625, 28.173491
18.595, 28.071334
18.564, 27.968249
18.534, 27.863332
18.504, 27.755829
18.473, 27.645182
18.443, 27.531044
18.412, 27.413279
18.382, 27.292016
18.352, 27.167594
18.321, 27.040615
18.291, 26.911888
18.261, 26.782444
18.230, 26.653505
18.200, 26.526459
18.170, 26.402821
18.139, 26.284211
18.109, 26.172320
18.078, 26.068821
18.048, 25.975417
18.018, 25.893701
17.987, 25.825201
17.957, 25.771299
17.927, 25.733185
17.896, 25.711877
17.866, 25.708145
17.836, 25.722539
17.805, 25.755307
17.775, 25.806472
17.744, 25.875801
17.714, 25.962765
17.684, 26.066642
17.653, 26.186457
17.623, 26.321051
17.593, 26.469111
17.562, 26.629189
17.532, 26.799763
17.502, 26.979249
17.471, 27.166071
17.441, 27.358691
17.410, 27.555647
17.380, 27.755603
17.350, 27.957377
17.319, 28.159972
17.289, 28.362613
17.259, 28.564748
17.228, 28.766069
17.198, 28.966523
17.168, 29.166337
17.137, 29.365946
17.107, 29.566039
17.077, 29.767495
17.046, 29.971410
17.016, 30.179005
16.985, 30.391613
16.955, 30.610660
16.925, 30.837587
16.894, 31.073817
16.864, 31.320724
16.834, 31.579590
16.803, 31.851529
16.773, 32.137470
16.743, 32.438166
16.712, 32.754078
16.682, 33.085423
16.651, 33.432128
16.621, 33.793814
16.591, 34.169818
16.560, 34.559175
16.530, 34.960626
16.500, 35.372671
16.469, 35.793529
16.439, 36.221242
16.409, 36.653644
16.378, 37.088443
16.348, 37.523221
16.317, 37.955510
16.287, 38.382822
16.257, 38.802678
16.226, 39.212664
16.196, 39.610474
16.166, 39.993912
16.135, 40.360959
16.105, 40.709774
16.075, 41.038722
16.044, 41.346401
16.014, 41.631618
15.984, 41.893438
15.953, 42.131139
15.923, 42.344230
15.892, 42.532432
15.862, 42.695647
15.832, 42.833988
15.801, 42.947681
15.771, 43.037111
15.741, 43.102738
15.710, 43.145134
15.680, 43.164881
15.650, 43.162642
15.619, 43.139042
15.589, 43.094715
15.558, 43.030250
15.528, 42.946211
15.498, 42.843088
15.467, 42.721350
15.437, 42.581351
15.407, 42.423436
15.376, 42.247856
15.346, 42.054836
15.316, 41.844558
15.285, 41.617156
15.255, 41.372775
15.224, 41.111542
15.194, 40.833601
15.164, 40.539103
15.133, 40.228273
15.103, 39.901331
15.073, 39.558570
15.042, 39.200359
15.012, 38.827122
14.982, 38.439341
14.951, 38.037573
14.921, 37.622422
14.891, 37.194559
14.860, 36.754700
14.830, 36.303599
14.799, 35.842041
14.769, 35.370816
14.739, 34.890747
14.708, 34.402640
14.678, 33.907266
14.648, 33.405391
14.617, 32.897772
14.587, 32.385078
14.557, 31.867981
14.526, 31.347091
14.496, 30.822990
14.465, 30.296189
14.435, 29.767201
14.405, 29.236495
14.374, 28.704529
14.344, 28.171742
14.314, 27.638585
14.283, 27.105511
14.253, 26.573010
14.223, 26.041602
14.192, 25.511823
14.162, 24.984276
14.131, 24.459624
14.101, 23.938576
14.071, 23.421893
14.040, 22.910391
14.010, 22.404927
13.980, 21.906416
13.949, 21.415791
13.919, 20.933996
13.889, 20.461987
13.858, 20.000700
13.828, 19.551039
13.797, 19.113856
13.767, 18.689959
13.737, 18.280056
13.706, 17.884750
13.676, 17.504554
13.646, 17.139837
13.615, 16.790840
13.585, 16.457692
13.555, 16.140341
13.524, 15.838649
13.494, 15.552286
13.464, 15.280837
13.433, 15.023744
13.403, 14.780380
13.372, 14.549993
13.342, 14.331798
13.312, 14.124927
13.281, 13.928522
13.251, 13.741685
13.221, 13.563549
13.190, 13.393261
13.160, 13.230047
13.130, 13.073158
13.099, 12.921969
13.069, 12.775900
13.038, 12.634497
13.008, 12.497401
12.978, 12.364345
12.947, 12.235165
12.917, 12.109800
12.887, 11.988243
12.856, 11.870606
12.826, 11.757026
12.796, 11.647699
12.765, 11.542850
12.735, 11.442743
12.704, 11.347598
12.674, 11.257663
12.644, 11.173119
12.613, 11.094162
12.583, 11.020874
12.553, 10.953325
12.522, 10.891513
12.492, 10.835357
12.462, 10.784727
12.431, 10.739412
12.401, 10.699172
12.371, 10.663682
12.340, 10.632588
12.310, 10.605527
12.279, 10.582071
12.249, 10.561811
12.219, 10.544319
12.188, 10.529179
12.158, 10.515992
12.128, 10.504395
12.097, 10.494036
12.067, 10.484618
12.037, 10.475850
12.006, 10.467495
11.976, 10.459345
11.945, 10.451225
11.915, 10.442961
11.885, 10.434411
11.854, 10.425416
11.824, 10.415840
11.794, 10.405510
11.763, 10.394246
11.733, 10.381813
11.703, 10.367955
11.672, 10.352385
11.642, 10.334749
11.611, 10.314655
11.581, 10.291682
11.551, 10.265352
11.520, 10.235170
11.490, 10.200623
11.460, 10.161190
11.429, 10.116358
11.399, 10.065630
11.369, 10.008568
11.338, 9.944781
11.308, 9.873952
11.278, 9.795862
11.247, 9.710375
11.217, 9.617499
11.186, 9.517348
11.156, 9.410169
11.126, 9.296340
11.095, 9.176389
11.065, 9.050941
11.035, 8.920751
11.004, 8.786662
10.974, 8.649633
10.944, 8.510651
10.913, 8.370765
10.883, 8.231029
10.852, 8.092507
10.822, 7.956202
10.792, 7.823079
10.761, 7.693997
10.731, 7.569725
10.701, 7.450898
10.670, 7.337994
10.640, 7.231354
10.610, 7.131143
10.579, 7.037363
10.549, 6.949855
10.518, 6.868295
10.488, 6.792222
10.458, 6.721043
10.427, 6.654056
10.397, 6.590472
10.367, 6.529465
10.336, 6.470154
10.306, 6.411678
10.276, 6.353190
10.245, 6.293917
10.215, 6.233152
10.184, 6.170313
10.154, 6.104928
10.124, 6.036683
10.093, 5.965396
10.063, 5.891064
10.033, 5.813821
10.002, 5.733964
9.972, 5.651923
9.942, 5.568259
9.911, 5.483622
9.881, 5.398756
9.851, 5.314450
9.820, 5.231517
9.790, 5.150758
9.759, 5.072946
9.729, 4.998782
9.699, 4.928880
9.668, 4.863732
9.638, 4.803709
9.608, 4.749010
9.577, 4.699703
9.547, 4.655668
9.517, 4.616638
9.486, 4.582189
9.456, 4.551756
9.425, 4.524645
9.395, 4.500083
9.365, 4.477197
9.334, 4.455098
9.304, 4.432860
9.274, 4.409596
9.243, 4.384460
9.213, 4.356700
9.183, 4.325659
9.152, 4.290830
9.122, 4.251849
9.091, 4.208533
9.061, 4.160860
9.031, 4.109011
9.000, 4.053319
8.970, 3.994303
8.940, 3.932621
8.909, 3.869070
8.879, 3.804539
8.849, 3.739997
8.818, 3.676440
8.788, 3.614887
8.758, 3.556298
8.727, 3.501589
8.697, 3.451557
8.666, 3.406878
8.636, 3.368054
8.606, 3.335422
8.575, 3.309112
8.545, 3.289059
8.515, 3.274981
8.484, 3.266405
8.454, 3.262652
8.424, 3.262902
8.393, 3.266162
8.363, 3.271345
8.332, 3.277268
8.302, 3.282732
8.272, 3.286515
8.241, 3.287463
8.211, 3.284483
8.181, 3.276627
8.150, 3.263089
8.120, 3.243268
8.090, 3.216770
8.059, 3.183447
8.029, 3.143384
7.998, 3.096932
7.968, 3.044674
7.938, 2.987443
7.907, 2.926269
7.877, 2.862381
7.847, 2.797151
7.816, 2.732072
7.786, 2.668694
7.756, 2.608603
7.725, 2.553342
7.695, 2.504390
7.665, 2.463093
7.634, 2.430640
7.604, 2.408003
7.573, 2.395926
7.543, 2.394872
7.513, 2.405025
7.482, 2.426259
7.452, 2.458164
7.422, 2.500019
7.391, 2.550831
7.361, 2.609348
7.331, 2.674096
7.300, 2.743403
7.270, 2.815466
7.239, 2.888380
7.209, 2.960194
7.179, 3.028956
7.148, 3.092790
7.118, 3.149906
7.088, 3.198688
7.057, 3.237704
7.027, 3.265759
6.997, 3.281921
6.966, 3.285547
6.936, 3.276286
6.905, 3.254094
6.875, 3.219223
6.845, 3.172218
6.814, 3.113889
6.784, 3.045291
6.754, 2.967678
6.723, 2.882484
6.693, 2.791262
6.663, 2.695658
6.632, 2.597342
6.602, 2.497987
6.571, 2.399204
6.541, 2.302523
6.511, 2.209325
6.480, 2.120856
6.450, 2.038157
6.420, 1.962073
6.389, 1.893221
6.359, 1.832012
6.329, 1.778623
6.298, 1.733036
6.268, 1.695023
6.238, 1.664194
6.207, 1.640004
6.177, 1.621787
6.146, 1.608792
6.116, 1.600203
6.086, 1.595180
6.055, 1.592896
6.025, 1.592544
5.995, 1.593383
5.964, 1.594750
5.934, 1.596082
5.904, 1.596911
5.873, 1.596901
5.843, 1.595819
5.812, 1.593547
5.782, 1.590067
5.752, 1.585457
5.721, 1.579854
5.691, 1.573464
5.661, 1.566511
5.630, 1.559238
5.600, 1.551876
5.570, 1.544617
5.539, 1.537611
5.509, 1.530942
5.478, 1.524616
5.448, 1.518557
5.418, 1.512596
5.387, 1.506496
5.357, 1.499926
5.327, 1.492499
5.296, 1.483773
5.266, 1.473279
5.236, 1.460534
5.205, 1.445072
5.175, 1.426466
5.145, 1.404353
5.114, 1.378451
5.084, 1.348596
5.053, 1.314736
5.023, 1.276975
4.993, 1.235554
4.962, 1.190874
4.932, 1.143483
4.902, 1.094080
4.871, 1.043489
4.841, 0.992652
4.811, 0.942593
4.780, 0.894402
4.750, 0.849189
4.719, 0.808070
4.689, 0.772103
4.659, 0.742277
4.628, 0.719457
4.598, 0.704373
4.568, 0.697557
4.537, 0.699358
4.507, 0.709887
4.477, 0.729025
4.446, 0.756400
4.416, 0.791407
4.385, 0.833202
4.355, 0.880725
4.325, 0.932713
4.294, 0.987749
4.264, 1.044276
4.234, 1.100661
4.203, 1.155209
4.173, 1.206246
4.143, 1.252136
4.112, 1.291349
4.082, 1.322492
4.051, 1.344363
4.021, 1.355981
3.991, 1.356619
3.960, 1.345829
3.930, 1.323460
3.900, 1.289667
3.869, 1.244904
3.839, 1.189917
3.809, 1.125738
3.778, 1.053633
3.748, 0.975097
3.718, 0.891787
3.687, 0.805504
3.657, 0.718115
3.626, 0.631517
3.596, 0.547580
3.566, 0.468103
3.535, 0.394742
3.505, 0.328991
3.475, 0.272110
3.444, 0.225123
3.414, 0.188765
3.384, 0.163471
3.353, 0.149368
3.323, 0.146278
3.292, 0.153719
3.262, 0.170914
3.232, 0.196843
3.201, 0.230252
3.171, 0.269704
3.141, 0.313617
3.110, 0.360327
3.080, 0.408125
3.050, 0.455319
3.019, 0.500280
2.989, 0.541495
2.958, 0.577617
2.928, 0.607494
2.898, 0.630215
2.867, 0.645123
2.837, 0.651853
2.807, 0.650322
2.776, 0.640742
2.746, 0.623599
2.716, 0.599654
2.685, 0.569907
2.655, 0.535555
2.625, 0.497973
2.594, 0.458659
2.564, 0.419183
2.533, 0.381148
2.503, 0.346129
2.473, 0.315629
2.442, 0.291037
2.412, 0.273570
2.382, 0.264249
2.351, 0.263861
2.321, 0.272929
2.291, 0.291710
2.260, 0.320167
2.230, 0.357989
2.199, 0.404582
2.169, 0.459094
2.139, 0.520434
2.108, 0.587312
2.078, 0.658266
2.048, 0.731705
2.017, 0.805957
1.987, 0.879315
1.957, 0.950085
1.926, 1.016626
1.896, 1.077403
1.865, 1.131022
1.835, 1.176270
1.805, 1.212150
1.774, 1.237890
1.744, 1.252984
1.714, 1.257181
1.683, 1.250499
1.653, 1.233216
1.623, 1.205862
1.592, 1.169198
1.562, 1.124188
1.532, 1.071973
1.501, 1.013834
1.471, 0.951159
1.440, 0.885398
1.410, 0.818024
1.380, 0.750494
1.349, 0.684214
1.319, 0.620498
1.289, 0.560532
1.258, 0.505362
1.228, 0.455854
1.198, 0.412687
1.167, 0.376333
1.137, 0.347065
1.106, 0.324949
1.076, 0.309846
1.046, 0.301435
1.015, 0.299233
0.985, 0.302595
0.955, 0.310763
0.924, 0.322879
0.894, 0.338014
0.864, 0.355211
0.833, 0.373502
0.803, 0.391932
0.772, 0.409605
0.742, 0.425689
0.712, 0.439446
0.681, 0.450242
0.651, 0.457581
0.621, 0.461080
0.590, 0.460499
0.560, 0.455732
0.530, 0.446802
0.499, 0.433858
0.469, 0.417156
0.438, 0.397049
0.408, 0.373970
0.378, 0.348417
0.347, 0.320927
0.317, 0.292054
0.287, 0.262366
0.256, 0.232408
0.226, 0.202697
0.196, 0.173698
0.165, 0.145823
0.135, 0.119411
0.105, 0.094722
0.074, 0.071940
0.044, 0.051171
0.013, 0.032439
-0.017, 0.015690
-0.047, 0.000809
-0.078, -0.012374
-0.108, -0.024086
-0.138, -0.034577
-0.169, -0.044128
-0.199, -0.053017
-0.229, -0.061534
-0.260, -0.069934
-0.290, -0.078463
-0.321, -0.087309
-0.351, -0.096633
-0.381, -0.106532
-0.412, -0.117057
-0.442, -0.128192
-0.472, -0.139870
-0.503, -0.151972
-0.533, -0.164320
-0.563, -0.176704
-0.594, -0.188866
-0.624, -0.200531
-0.655, -0.211402
-0.685, -0.221177
-0.715, -0.229554
-0.746, -0.236250
-0.776, -0.241005
-0.806, -0.243586
-0.837, -0.243807
-0.867, -0.241528
-0.897, -0.236662
-0.928, -0.229173
-0.958, -0.219084
-0.988, -0.206480
-1.019, -0.191496
-1.049, -0.174320
-1.080, -0.155189
-1.110, -0.134378
-1.140, -0.112202
-1.171, -0.088996
-1.201, -0.065112
-1.231, -0.040916
-1.262, -0.016773
-1.292, 0.006973
-1.322, 0.029982
-1.353, 0.051943
-1.383, 0.072577
-1.414, 0.091648
-1.444, 0.108958
-1.474, 0.124351
-1.505, 0.137725
-1.535, 0.149028
-1.565, 0.158249
-1.596, 0.165434
-1.626, 0.170661
-1.656, 0.174060
-1.687, 0.175794
-1.717, 0.176047
-1.748, 0.175038
-1.778, 0.173003
-1.808, 0.170185
-1.839, 0.166836
-1.869, 0.163204
-1.899, 0.159534
-1.930, 0.156059
-1.960, 0.152985
-1.990, 0.150508
-2.021, 0.148790
-2.051, 0.147967
-2.081, 0.148146
-2.112, 0.149393
-2.142, 0.151753
-2.173, 0.155234
-2.203, 0.159807
-2.233, 0.165417
-2.264, 0.171987
-2.294, 0.179411
-2.324, 0.187558
-2.355, 0.196282
-2.385, 0.205430
-2.415, 0.214832
-2.446, 0.224311
-2.476, 0.233695
-2.507, 0.242812
-2.537, 0.251496
-2.567, 0.259594
-2.598, 0.266957
-2.628, 0.273466
-2.658, 0.279009
-2.689, 0.283500
-2.719, 0.286869
-2.749, 0.289074
-2.780, 0.290094
-2.810, 0.289923
-2.841, 0.288581
-2.871, 0.286117
-2.901, 0.282586
-2.932, 0.278065
-2.962, 0.272642
-2.992, 0.266423
-3.023, 0.259518
-3.053, 0.252048
-3.083, 0.244130
-3.114, 0.235891
-3.144, 0.227455
-3.175, 0.218937
-3.205, 0.210445
-3.235, 0.202094
-3.266, 0.193973
-3.296, 0.186168
-3.326, 0.178752
-3.357, 0.171792
-3.387, 0.165336
-3.417, 0.159427
-3.448, 0.154094
-3.478, 0.149359
-3.508, 0.145236
-3.539, 0.141733
-3.569, 0.138848
-3.600, 0.136583
-3.630, 0.134934
-3.660, 0.133891
-3.691, 0.133448
-3.721, 0.133603
-3.751, 0.134347
-3.782, 0.135676
-3.812, 0.137584
-3.842, 0.140066
-3.873, 0.143116
-3.903, 0.146717
-3.934, 0.150854
-3.964, 0.155509
-3.994, 0.160638
-4.025, 0.166201
-4.055, 0.172135
-4.085, 0.181979
-4.116, 0.192025
-4.146, 0.202161
-4.176, 0.212250
-4.207, 0.222147
-4.237, 0.231678
-4.268, 0.240650
-4.298, 0.248860
-4.328, 0.256093
-4.359, 0.262119
-4.389, 0.266701
-4.419, 0.269610
-4.450, 0.270619
-4.480, 0.269511
-4.510, 0.266085
-4.541, 0.260165
-4.571, 0.251603
-4.601, 0.240291
-4.632, 0.226153
-4.662, 0.209161
-4.693, 0.189336
-4.723, 0.166749
-4.753, 0.141520
-4.784, 0.113823
-4.814, 0.083880
-4.844, 0.051964
-4.875, 0.018389
-4.905, -0.016494
-4.935, -0.052297
-4.966, -0.088611
-4.996, -0.125011
-5.027, -0.161064
-5.057, -0.196337
-5.087, -0.230406
-5.118, -0.262877
-5.148, -0.293375
-5.178, -0.321555
-5.209, -0.347134
-5.239, -0.369865
-5.269, -0.389559
-5.300, -0.406083
-5.330, -0.419356
-5.361, -0.429365
-5.391, -0.436148
-5.421, -0.439788
-5.452, -0.440428
-5.482, -0.438237
-5.512, -0.433427
-5.543, -0.426232
-5.573, -0.416902
-5.603, -0.405693
-5.634, -0.392865
-5.664, -0.378659
-5.695, -0.363309
-5.725, -0.347018
-5.755, -0.329967
-5.786, -0.312298
-5.816, -0.294121
-5.846, -0.275514
-5.877, -0.256524
-5.907, -0.237161
-5.937, -0.217414
-5.968, -0.197258
-5.998, -0.176654
-6.028, -0.155559
-6.059, -0.133937
-6.089, -0.111774
-6.120, -0.089074
-6.150, -0.065875
-6.180, -0.042255
-6.211, -0.018342
-6.241, 0.005689
-6.271, 0.029616
-6.302, 0.053158
-6.332, 0.075984
-6.362, 0.097728
-6.393, 0.117985
-6.423, 0.136316
-6.454, 0.152277
-6.484, 0.165416
-6.514, 0.175297
-6.545, 0.181513
-6.575, 0.183705
-6.605, 0.181569
-6.636, 0.174884
-6.666, 0.163516
-6.696, 0.147431
-6.727, 0.126709
-6.757, 0.101552
-6.788, 0.072275
-6.818, 0.039320
-6.848, 0.003241
-6.879, -0.035294
-6.909, -0.075523
-6.939, -0.116597
-6.970, -0.157615
-7.000, -0.197620
-7.030, -0.235642
-7.061, -0.270724
-7.091, -0.301942
-7.121, -0.328416
-7.152, -0.349369
-7.182, -0.364132
-7.213, -0.372163
-7.243, -0.373077
-7.273, -0.366652
-7.304, -0.352852
-7.334, -0.331818
-7.364, -0.303881
-7.395, -0.269553
-7.425, -0.229522
-7.455, -0.184630
-7.486, -0.135859
-7.516, -0.084303
-7.547, -0.031149
-7.577, 0.022367
-7.607, 0.074993
-7.638, 0.125476
-7.668, 0.172622
-7.698, 0.215318
-7.729, 0.252562
-7.759, 0.283504
-7.789, 0.307457
-7.820, 0.323928
-7.850, 0.332637
-7.881, 0.333520
-7.911, 0.326725
-7.941, 0.309581
-7.972, 0.285718
-8.002, 0.255911
-8.032, 0.221103
-8.063, 0.182383
-8.093, 0.140954
-8.123, 0.098090
-8.154, 0.055108
-8.184, 0.013315
-8.214, -0.026016
-8.245, -0.061698
-8.275, -0.092665
-8.306, -0.118001
-8.336, -0.136968
-8.366, -0.149040
-8.397, -0.153916
-8.427, -0.151523
-8.457, -0.142029
-8.488, -0.125842
-8.518, -0.103588
-8.548, -0.076106
-8.579, -0.044403
-8.609, -0.009650
-8.640, 0.026871
-8.670, 0.063801
-8.700, 0.099755
-8.731, 0.133349
-8.761, 0.163252
-8.791, 0.188236
-8.822, 0.207209
-8.852, 0.219248
-8.882, 0.223634
-8.913, 0.219874
-8.943, 0.207723
-8.974, 0.187196
-9.004, 0.158557
-9.034, 0.122333
-9.065, 0.079298
-9.095, 0.030430
-9.125, -0.023088
-9.156, -0.079922
-9.186, -0.138610
-9.216, -0.197611
-9.247, -0.255366
-9.277, -0.310316
-9.308, -0.360961
-9.338, -0.405916
-9.368, -0.443934
-9.399, -0.473952
-9.429, -0.495129
-9.459, -0.506850
-9.490, -0.508774
-9.520, -0.500820
-9.550, -0.483174
-9.581, -0.456295
-9.611, -0.420885
-9.641, -0.377884
-9.672, -0.328422
-9.702, -0.273804
-9.733, -0.215463
-9.763, -0.154911
-9.793, -0.093710
-9.824, -0.033407
-9.854, 0.024486
-9.884, 0.078559
-9.915, 0.127529
-9.945, 0.170286
-9.975, 0.205895
-10.006, 0.233661
-10.036, 0.253116
-10.067, 0.264027
-10.097, 0.266412
-10.127, 0.260515
-10.158, 0.246809
-10.188, 0.225967
-10.218, 0.198827
-10.249, 0.166376
-10.279, 0.129713
-10.309, 0.089990
-10.340, 0.048401
-10.370, 0.006123
-10.401, -0.035702
-10.431, -0.076029
-10.461, -0.113921
-10.492, -0.148578
-10.522, -0.179360
-10.552, -0.205804
-10.583, -0.227623
-10.613, -0.244724
-10.643, -0.257182
-10.674, -0.265240
-10.704, -0.269292
-10.734, -0.269850
-10.765, -0.267528
-10.795, -0.263006
-10.826, -0.256999
-10.856, -0.250227
-10.886, -0.243378
-10.917, -0.237078
-10.947, -0.231865
-10.977, -0.228179
-11.008, -0.226314
-11.038, -0.226426
-11.068, -0.228523
-11.099, -0.232468
-11.129, -0.237973
-11.160, -0.244617
-11.190, -0.251867
-11.220, -0.259096
-11.251, -0.265611
-11.281, -0.270678
-11.311, -0.273569
-11.342, -0.273580
-11.372, -0.270063
-11.402, -0.262470
-11.433, -0.250369
-11.463, -0.233485
-11.494, -0.211685
-11.524, -0.185027
-11.554, -0.153753
-11.585, -0.118286
-11.615, -0.079230
-11.645, -0.037347
-11.676, 0.006445
-11.706, 0.051122
-11.736, 0.095566
-11.767, 0.138608
-11.797, 0.182183
-11.827, 0.222009
-11.858, 0.256989
-11.888, 0.286137
-11.919, 0.308596
-11.949, 0.323686
-11.979, 0.330930
-12.010, 0.330069
-12.040, 0.321082
-12.070, 0.304189
-12.101, 0.279859
-12.131, 0.248789
-12.161, 0.211898
-12.192, 0.170296
-12.222, 0.125263
-12.253, 0.078201
-12.283, 0.030598
-12.313, -0.016016
-12.344, -0.060113
-12.374, -0.100222
-12.404, -0.134968
-12.435, -0.163121
-12.465, -0.183626
-12.495, -0.195655
-12.526, -0.198614
-12.556, -0.192182
-12.587, -0.176310
-12.617, -0.151231
-12.647, -0.117459
-12.678, -0.075766
-12.708, -0.027160
-12.738, 0.027135
-12.769, 0.085718
-12.799, 0.147063
-12.829, 0.209554
-12.860, 0.271541
-12.890, 0.331382
-12.921, 0.387503
-12.951, 0.438443
-12.981, 0.482899
-13.012, 0.519750
-13.042, 0.548119
-13.072, 0.567372
-13.103, 0.577156
-13.133, 0.577395
-13.163, 0.568293
-13.194, 0.550329
-13.224, 0.524238
-13.254, 0.490985
-13.285, 0.451728
-13.315, 0.407789
-13.346, 0.360601
-13.376, 0.311666
-13.406, 0.262505
-13.437, 0.214616
-13.467, 0.169409
-13.497, 0.128182
-13.528, 0.092067
-13.558, 0.062001
-13.588, 0.038697
-13.619, 0.022625
-13.649, 0.014001
-13.680, 0.012779
-13.710, 0.018667
-13.740, 0.031130
-13.771, 0.049408
-13.801, 0.072572
-13.831, 0.099521
-13.862, 0.129047
-13.892, 0.159872
-13.922, 0.190691
-13.953, 0.220220
-13.983, 0.247236
-14.014, 0.270616
-14.044, 0.289389
-14.074, 0.302751
-14.105, 0.310097
-14.135, 0.311041
-14.165, 0.305426
-14.196, 0.293327
-14.226, 0.275037
-14.256, 0.251066
-14.287, 0.222113
-14.317, 0.189035
-14.347, 0.152824
-14.378, 0.114557
-14.408, 0.075366
-14.439, 0.036394
-14.469, -0.001258
-14.499, -0.036556
-14.530, -0.068584
-14.560, -0.096567
-14.590, -0.119906
-14.621, -0.138203
-14.651, -0.151262
-14.681, -0.159111
-14.712, -0.161991
-14.742, -0.160358
-14.773, -0.154847
-14.803, -0.146267
-14.833, -0.135560
-14.864, -0.123781
-14.894, -0.112029
-14.924, -0.101435
-14.955, -0.093102
-14.985, -0.088074
-15.015, -0.087280
-15.046, -0.091506
-15.076, -0.101368
-15.107, -0.117267
-15.137, -0.139383
-15.167, -0.167664
-15.198, -0.201808
-15.228, -0.241272
-15.258, -0.285294
-15.289, -0.332896
-15.319, -0.382924
-15.349, -0.434082
-15.380, -0.484943
-15.410, -0.534042
-15.441, -0.579875
-15.471, -0.620978
-15.501, -0.655949
-15.532, -0.683512
-15.562, -0.702551
-15.592, -0.712145
-15.623, -0.711597
-15.653, -0.707774
-15.683, -0.693201
-15.714, -0.667985
-15.744, -0.632509
-15.774, -0.587426
-15.805, -0.533638
-15.835, -0.472273
-15.866, -0.404650
-15.896, -0.332255
-15.926, -0.256678
-15.957, -0.179591
-15.987, -0.102678
-16.017, -0.027597
-16.048, 0.044058
-16.078, 0.110812
-16.108, 0.171349
-16.139, 0.224539
-16.169, 0.269471
-16.200, 0.305475
-16.230, 0.332131
-16.260, 0.349285
-16.291, 0.357030
-16.321, 0.355707
-16.351, 0.345886
-16.382, 0.328340
-16.412, 0.304012
-16.442, 0.273976
-16.473, 0.239407
-16.503, 0.201540
-16.534, 0.161616
-16.564, 0.120848
-16.594, 0.080388
-16.625, 0.041279
-16.655, 0.004427
-16.685, -0.029420
-16.716, -0.059703
-16.746, -0.086048
-16.776, -0.108293
-16.807, -0.126473
-16.837, -0.140812
-16.867, -0.151713
-16.898, -0.159737
-16.928, -0.165575
-16.959, -0.170013
-16.989, -0.173900
-17.019, -0.178117
-17.050, -0.183538
-17.080, -0.190981
-17.110, -0.201193
-17.141, -0.214806
-17.171, -0.232313
-17.201, -0.254042
-17.232, -0.280142
-17.262, -0.310577
-17.293, -0.345110
-17.323, -0.383310
-17.353, -0.424569
-17.384, -0.468109
-17.414, -0.513005
-17.444, -0.558211
-17.475, -0.602593
-17.505, -0.644954
-17.535, -0.684086
-17.566, -0.718782
-17.596, -0.747902
-17.627, -0.770376
-17.657, -0.785264
-17.687, -0.791767
-17.718, -0.789258
-17.748, -0.777299
-17.778, -0.755662
-17.809, -0.724324
-17.839, -0.683481
-17.869, -0.633541
-17.900, -0.575108
-17.930, -0.508970
-17.960, -0.436087
-17.991, -0.357557
-18.021, -0.274590
-18.052, -0.188480
-18.082, -0.100577
-18.112, -0.012246
-18.143, 0.075152
-18.173, 0.160303
-18.203, 0.241956
-18.234, 0.318960
-18.264, 0.390269
-18.294, 0.454983
-18.325, 0.512339
-18.355, 0.561732
-18.386, 0.602713
-18.416, 0.635003
-18.446, 0.658468
-18.477, 0.673133
-18.507, 0.679153
-18.537, 0.676818
-18.568, 0.666523
-18.598, 0.648761
-18.628, 0.624101
-18.659, 0.593174
-18.689, 0.556657
-18.720, 0.515254
-18.750, 0.469683
-18.780, 0.420673
-18.811, 0.368938
-18.841, 0.315180
-18.871, 0.260076
-18.902, 0.204285
-18.932, 0.148430
-18.962, 0.093115
-18.993, 0.038903
-19.023, -0.013656
-19.054, -0.064045
-19.084, -0.111771
-19.114, -0.156358
-19.145, -0.197361
-19.175, -0.234346
-19.205, -0.266912
-19.236, -0.294687
-19.266, -0.317320
-19.296, -0.334510
-19.327, -0.345994
-19.357, -0.351569
-19.387, -0.351088
-19.418, -0.344483
-19.448, -0.331762
-19.479, -0.313028
-19.509, -0.291017
-19.539, -0.263487
-19.570, -0.230839
-19.600, -0.193586
-19.630, -0.152343
-19.661, -0.107833
-19.691, -0.060862
-19.721, -0.012325
-19.752, 0.036825
-19.782, 0.085575
-19.813, 0.132892
-19.843, 0.177726
-19.873, 0.219057
-19.904, 0.255896
-19.934, 0.287326
-19.964, 0.312517
-19.995, 0.330761
-20.025, 0.341480
-20.055, 0.344253
-20.086, 0.338827
-20.116, 0.325135
-20.147, 0.303294
-20.177, 0.273613
-20.207, 0.236584
-20.238, 0.192886
-20.268, 0.143357
-20.298, 0.088986
-20.329, 0.030886
-20.359, -0.029729
-20.389, -0.091575
-20.420, -0.153326
-20.450, -0.213658
-20.480, -0.271258
-20.511, -0.324886
-20.541, -0.373384
-20.572, -0.415718
-20.602, -0.451002
-20.632, -0.478510
-20.663, -0.497708
-20.693, -0.508254
-20.723, -0.510010
-20.754, -0.503045
-20.784, -0.487627
-20.814, -0.464218
-20.845, -0.433449
-20.875, -0.396111
-20.906, -0.353123
-20.936, -0.305516
-20.966, -0.254382
-20.997, -0.200870
-21.027, -0.146133
-21.057, -0.091306
-21.088, -0.037475
-21.118, 0.014351
-21.148, 0.063264
-21.179, 0.108480
-21.209, 0.149356
-21.240, 0.185398
-21.270, 0.216270
-21.300, 0.241793
-21.331, 0.261951
-21.361, 0.276866
-21.391, 0.286806
-21.422, 0.292144
-21.452, 0.293370
-21.482, 0.291030
-21.513, 0.285737
-21.543, 0.278126
-21.573, 0.268836
-21.604, 0.258483
-21.634, 0.247643
-21.665, 0.236827
-21.695, 0.226474
-21.725, 0.216922
-21.756, 0.208414
-21.786, 0.201088
-21.816, 0.194982
-21.847, 0.190021
-21.877, 0.186048
-21.907, 0.182822
-21.938, 0.180036
-21.968, 0.177332
-21.999, 0.174328
-22.029, 0.170623
-22.059, 0.165839
-22.090, 0.159615
-22.120, 0.151653
-22.150, 0.141710
-22.181, 0.129630
-22.211, 0.115347
-22.241, 0.098891
-22.272, 0.080391
-22.302, 0.060085
-22.333, 0.038296
-22.363, 0.015444
-22.393, -0.007986
-22.424, -0.031439
-22.454, -0.054324
-22.484, -0.076029
-22.515, -0.095941
-22.545, -0.113464
-22.575, -0.128053
-22.606, -0.139216
-22.636, -0.146557
-22.667, -0.149760
-22.697, -0.148636
-22.727, -0.143107
-22.758, -0.133230
-22.788, -0.119184
-22.818, -0.101276
-22.849, -0.079933
-22.879, -0.055688
-22.909, -0.029169
-22.940, -0.001083
-22.970, 0.027811
-23.000, 0.056716
-23.031, 0.084829
-23.061, 0.111359
-23.092, 0.135547
-23.122, 0.156698
-23.152, 0.174201
-23.183, 0.187533
-23.213, 0.196295
-23.243, 0.200207
-23.274, 0.199125
-23.304, 0.193042
-23.334, 0.182086
-23.365, 0.166512
-23.395, 0.152588
-23.426, 0.134925
-23.456, 0.114109
-23.486, 0.090805
-23.517, 0.065732
-23.547, 0.039639
-23.577, 0.013293
-23.608, -0.012559
-23.638, -0.037197
-23.668, -0.059960
-23.699, -0.080257
-23.729, -0.097586
-23.760, -0.111543
-23.790, -0.121837
-23.820, -0.128292
-23.851, -0.130848
-23.881, -0.129555
-23.911, -0.124577
-23.942, -0.116174
-23.972, -0.104701
-24.002, -0.090570
-24.033, -0.074265
-24.063, -0.056296
-24.093, -0.037201
-24.124, -0.017511
-24.154, 0.002256
-24.185, 0.021616
-24.215, 0.040137
-24.245, 0.057451
-24.276, 0.073255
-24.306, 0.087337
-24.336, 0.099559
-24.367, 0.109879
-24.397, 0.118329
-24.427, 0.125025
-24.458, 0.130149
-24.488, 0.133946
-24.519, 0.136710
-24.549, 0.138765
-24.579, 0.140454
-24.610, 0.142136
-24.640, 0.144144
-24.670, 0.146796
-24.701, 0.150368
-24.731, 0.155090
-24.761, 0.161134
-24.792, 0.168602
-24.822, 0.177529
-24.853, 0.187888
-24.883, 0.199569
-24.913, 0.212407
-24.944, 0.226166
-24.974, 0.240573
-25.004, 0.255303
-25.035, 0.270007
-25.065, 0.284317
-25.095, 0.297869
-25.126, 0.310304
-25.156, 0.321284
-25.187, 0.330510
-25.217, 0.337731
-25.247, 0.342742
-25.278, 0.345414
-25.308, 0.345662
-25.338, 0.343494
-25.369, 0.338965
-25.399, 0.332205
-25.429, 0.323398
-25.460, 0.312785
-25.490, 0.300645
-25.520, 0.287290
-25.551, 0.273053
-25.581, 0.258279
-25.612, 0.243307
-25.642, 0.228455
-25.672, 0.214015
-25.703, 0.200249
-25.733, 0.187360
-25.763, 0.175505
-25.794, 0.164776
-25.824, 0.155215
-25.854, 0.146784
-25.885, 0.139402
-25.915, 0.132917
-25.946, 0.127142
-25.976, 0.121829
-26.006, 0.116717
-26.037, 0.111508
-26.067, 0.105901
-26.097, 0.099595
-26.128, 0.092301
-26.158, 0.083753
-26.188, 0.073727
-26.219, 0.062034
-26.249, 0.048546
-26.280, 0.033184
-26.310, 0.015943
-26.340, -0.003128
-26.371, -0.023910
-26.401, -0.046226
-26.431, -0.069841
-26.462, -0.094469
-26.492, -0.119780
-26.522, -0.145414
-26.553, -0.170984
-26.583, -0.196088
-26.613, -0.220330
-26.644, -0.243320
-26.674, -0.264693
-26.705, -0.284107
-26.735, -0.301265
-26.765, -0.315914
-26.796, -0.327856
-26.826, -0.336944
-26.856, -0.343095
-26.887, -0.346282
-26.917, -0.346532
-26.947, -0.343930
-26.978, -0.338610
-27.008, -0.330749
-27.039, -0.320549
-27.069, -0.308256
-27.099, -0.294127
-27.130, -0.278431
-27.160, -0.261434
-27.190, -0.243410
-27.221, -0.224607
-27.251, -0.199838
-27.281, -0.174739
-27.312, -0.149501
-27.342, -0.124281
-27.373, -0.099211
-27.403, -0.074391
-27.433, -0.049896
-27.464, -0.025776
-27.494, -0.002064
-27.524, 0.021225
-27.555, 0.044084
-27.585, 0.066507
-27.615, 0.088486
-27.646, 0.110014
-27.676, 0.131068
-27.706, 0.151608
-27.737, 0.171578
-27.767, 0.190913
-27.798, 0.209512
-27.828, 0.227270
-27.858, 0.244058
-27.889, 0.259739
-27.919, 0.274166
-27.949, 0.287191
-27.980, 0.298668
-28.010, 0.308463
-28.040, 0.316458
-28.071, 0.322555
-28.101, 0.326687
-28.132, 0.328825
-28.162, 0.328973
-28.192, 0.327179
-28.223, 0.323534
-28.253, 0.318179
-28.283, 0.311289
-28.314, 0.303085
-28.344, 0.293819
-28.374, 0.283776
-28.405, 0.273261
-28.435, 0.262591
-28.466, 0.252088
-28.496, 0.242076
-28.526, 0.232854
-28.557, 0.224696
-28.587, 0.217844
-28.617, 0.212493
-28.648, 0.208790
-28.678, 0.206816
-28.708, 0.206596
-28.739, 0.208086
-28.769, 0.211176
-28.800, 0.215691
-28.830, 0.221390
-28.860, 0.227981
-28.891, 0.235120
-28.921, 0.242420
-28.951, 0.249467
-28.982, 0.255834
-29.012, 0.261079
-29.042, 0.264770
-29.073, 0.266498
-29.103, 0.265891
-29.133, 0.262614
-29.164, 0.256391
-29.194, 0.247015
-29.225, 0.234347
-29.255, 0.218331
-29.285, 0.198990
-29.316, 0.176430
-29.346, 0.150839
-29.376, 0.122481
-29.407, 0.091690
-29.437, 0.058866
-29.467, 0.024464
-29.498, -0.011027
-29.528, -0.047088
-29.559, -0.083184
-29.589, -0.118776
-29.619, -0.153350
-29.650, -0.186414
-29.680, -0.217516
-29.710, -0.246256
-29.741, -0.272300
-29.771, -0.295389
-29.801, -0.315333
-29.832, -0.332025
-29.862, -0.345448
-29.893, -0.355654
-29.923, -0.362786
-29.953, -0.367047
-29.984, -0.368708
-30.014, -0.368100
-30.044, -0.365589
-30.075, -0.361573
-30.105, -0.356470
-30.135, -0.350698
-30.166, -0.344665
-30.196, -0.338760
-30.226, -0.333327
-30.257, -0.328673
-30.287, -0.325042
-30.318, -0.322616
-30.348, -0.321508
-30.378, -0.321761
-30.409, -0.323340
-30.439, -0.326139
-30.469, -0.329989
-30.500, -0.334655
-30.530, -0.339848
-30.560, -0.345239
-30.591, -0.350462
-30.621, -0.355136
-30.652, -0.358867
-30.682, -0.361271
-30.712, -0.361980
-30.743, -0.360667
-30.773, -0.357038
-30.803, -0.350856
-30.834, -0.341952
-30.864, -0.330223
-30.894, -0.315642
-30.925, -0.298258
-30.955, -0.278201
-30.986, -0.255672
-31.016, -0.230950
-31.046, -0.204367
-31.077, -0.176318
-31.107, -0.150322
-31.137, -0.123773
-31.168, -0.097165
-31.198, -0.070994
-31.228, -0.045753
-31.259, -0.021912
-31.289, 0.000097
-31.319, 0.019889
-31.350, 0.037137
-31.380, 0.051586
-31.411, 0.063058
-31.441, 0.071456
-31.471, 0.076772
-31.502, 0.079083
-31.532, 0.078557
-31.562, 0.075440
-31.593, 0.070053
-31.623, 0.062790
-31.653, 0.054096
-31.684, 0.044464
-31.714, 0.034417
-31.745, 0.024488
-31.775, 0.015223
-31.805, 0.007142
-31.836, 0.000737
-31.866, -0.003542
-31.896, -0.005304
-31.927, -0.004230
-31.957, -0.000085
-31.987, 0.007280
-32.018, 0.017923
-32.048, 0.031797
-32.079, 0.048755
-32.109, 0.068564
-32.139, 0.090889
-32.170, 0.115320
-32.200, 0.141366
-32.230, 0.168481
-32.261, 0.196070
-32.291, 0.223508
-32.321, 0.250153
-32.352, 0.275373
-32.382, 0.298555
-32.413, 0.319131
-32.443, 0.336577
-32.473, 0.350454
-32.504, 0.360405
-32.534, 0.366173
-32.564, 0.367601
-32.595, 0.364659
-32.625, 0.357424
-32.655, 0.346099
-32.686, 0.330992
-32.716, 0.312526
-32.746, 0.291227
-32.777, 0.267696
-32.807, 0.242610
-32.838, 0.216704
-32.868, 0.190739
-32.898, 0.165495
-32.929, 0.141731
-32.959, 0.120185
-32.989, 0.101538
-33.020, 0.086392
-33.050, 0.075252
-33.080, 0.068516
-33.111, 0.066451
-33.141, 0.069181
-33.172, 0.076684
-33.202, 0.088787
-33.232, 0.105158
-33.263, 0.125324
-33.293, 0.148660
-33.323, 0.174419
-33.354, 0.201741
-33.384, 0.229673
-33.414, 0.257186
-33.445, 0.283213
-33.475, 0.306674
-33.506, 0.326489
-33.536, 0.341632
-33.566, 0.351146
-33.597, 0.354170
-33.627, 0.349977
-33.657, 0.337985
-33.688, 0.317790
-33.718, 0.289175
-33.748, 0.252125
-33.779, 0.206838
-33.809, 0.153718
-33.839, 0.093390
-33.870, 0.026673
-33.900, -0.045428
-33.931, -0.121736
-33.961, -0.200926
-33.991, -0.281559
-34.022, -0.362113
-34.052, -0.441010
-34.082, -0.516660
-34.113, -0.587492
-34.143, -0.652002
-34.173, -0.708780
-34.204, -0.756546
-34.234, -0.794191
-34.265, -0.820796
-34.295, -0.835660
-34.325, -0.838320
-34.356, -0.828567
-34.386, -0.806448
-34.416, -0.772270
-34.447, -0.726597
-34.477, -0.670231
-34.507, -0.604210
-34.538, -0.529764
-34.568, -0.448305
-34.599, -0.361375
-34.629, -0.270642
-34.659, -0.177819
-34.690, -0.084656
-34.720, 0.007114
-34.750, 0.095806
-34.781, 0.179840
-34.811, 0.257764
-34.841, 0.328280
-34.872, 0.390284
-34.902, 0.442889
-34.932, 0.485437
-34.963, 0.517099
-34.993, 0.538106
-35.024, 0.548534
-35.054, 0.548690
-35.084, 0.539096
-35.115, 0.520483
-35.145, 0.493755
-35.175, 0.459964
-35.206, 0.420278
-35.236, 0.375944
-35.266, 0.328255
-35.297, 0.278513
-35.327, 0.227993
-35.358, 0.177906
-35.388, 0.129374
-35.418, 0.083405
-35.449, 0.040862
-35.479, 0.002442
-35.509, -0.031315
-35.540, -0.060057
-35.570, -0.083609
-35.600, -0.101973
-35.631, -0.115315
-35.661, -0.123946
-35.692, -0.128312
-35.722, -0.128970
-35.752, -0.126548
-35.783, -0.121736
-35.813, -0.115248
-35.843, -0.107788
-35.874, -0.100036
-35.904, -0.092603
-35.934, -0.086029
-35.965, -0.080748
-35.995, -0.077078
-36.026, -0.075204
-36.056, -0.075179
-36.086, -0.076922
-36.117, -0.080220
-36.147, -0.084734
-36.177, -0.090020
-36.208, -0.095542
-36.238, -0.100693
-36.268, -0.104817
-36.299, -0.107241
-36.329, -0.107305
-36.359, -0.104376
-36.390, -0.097876
-36.420, -0.087323
-36.451, -0.072337
-36.481, -0.052658
-36.511, -0.028173
-36.542, 0.001089
-36.572, 0.034942
-36.602, 0.073045
-36.633, 0.114917
-36.663, 0.159928
-36.693, 0.207332
-36.724, 0.256283
-36.754, 0.305854
-36.785, 0.355059
-36.815, 0.402893
-36.845, 0.448356
-36.876, 0.490482
-36.906, 0.528366
-36.936, 0.561195
-36.967, 0.588278
-36.997, 0.609060
-37.027, 0.623142
-37.058, 0.630292
-37.088, 0.630466
-37.119, 0.623793
-37.149, 0.610588
-37.179, 0.591330
-37.210, 0.566663
-37.240, 0.537371
-37.270, 0.504357
-37.301, 0.468617
-37.331, 0.431211
-37.361, 0.393240
-37.392, 0.355799
-37.422, 0.319964
-37.452, 0.286748
-37.483, 0.257077
-37.513, 0.231765
-37.544, 0.211486
-37.574, 0.196760
-37.604, 0.187935
-37.635, 0.185181
-37.665, 0.188483
-37.695, 0.197638
-37.726, 0.212275
-37.756, 0.231850
-37.786, 0.255667
-37.817, 0.282904
-37.847, 0.312629
-37.878, 0.343830
-37.908, 0.375436
-37.938, 0.406356
-37.969, 0.435500
-37.999, 0.461819
-38.029, 0.484314
-38.060, 0.502078
-38.090, 0.514315
-38.120, 0.520351
-38.151, 0.519661
-38.181, 0.511873
-38.212, 0.496778
-38.242, 0.474331
-38.272, 0.444653
-38.303, 0.408021
-38.333, 0.364867
-38.363, 0.315751
-38.394, 0.261357
-38.424, 0.202477
-38.454, 0.139982
-38.485, 0.074804
-38.515, 0.007920
-38.546, -0.059681
-38.576, -0.126999
-38.606, -0.193065
-38.637, -0.256948
-38.667, -0.317768
-38.697, -0.374715
-38.728, -0.427065
-38.758, -0.474178
-38.788, -0.515518
-38.819, -0.550638
-38.849, -0.579926
-38.879, -0.602430
-38.910, -0.618017
-38.940, -0.626656
-38.971, -0.628402
-39.001, -0.623408
-39.031, -0.611902
-39.062, -0.594186
-39.092, -0.570634
-39.122, -0.541681
-39.153, -0.507818
-39.183, -0.469578
-39.213, -0.427549
-39.244, -0.382349
-39.274, -0.334633
-39.305, -0.285078
-39.335, -0.234387
-39.365, -0.183285
-39.396, -0.132499
-39.426, -0.082766
-39.456, -0.034820
-39.487, 0.010609
-39.517, 0.052814
-39.547, 0.091111
-39.578, 0.124859
-39.608, 0.153448
-39.639, 0.176341
-39.669, 0.193066
-39.699, 0.203228
-39.730, 0.206526
-39.760, 0.202759
-39.790, 0.191839
-39.821, 0.173797
-39.851, 0.148784
-39.881, 0.117084
-39.912, 0.079109
-39.942, 0.035399
-39.972, -0.013388
-40.003, -0.066474
-40.033, -0.122976
-40.064, -0.181930
-40.094, -0.242295
-40.124, -0.302976
-40.155, -0.362847
-40.185, -0.420780
-40.215, -0.475663
-40.246, -0.526428
-40.276, -0.572068
-40.306, -0.611676
-40.337, -0.644460
-40.367, -0.669757
-40.398, -0.687057
-40.428, -0.696017
-40.458, -0.696466
-40.489, -0.688416
-40.519, -0.672051
-40.549, -0.647733
-40.580, -0.615993
-40.610, -0.577507
-40.640, -0.533079
-40.671, -0.483629
-40.701, -0.430163
-40.732, -0.373736
-40.762, -0.315432
-40.792, -0.256328
-40.823, -0.197469
-40.853, -0.139836
-40.883, -0.084316
-40.914, -0.031682
-40.944, 0.017430
-40.974, 0.062536
-41.005, 0.103314
-41.035, 0.139611
-41.065, 0.171447
-41.096, 0.198996
-41.126, 0.222597
-41.157, 0.242712
-41.187, 0.259923
-41.217, 0.274899
-41.248, 0.288373
-41.278, 0.301099
-41.308, 0.313832
-41.339, 0.327291
-41.369, 0.342126
-41.399, 0.358891
-41.430, 0.378012
-41.460, 0.399770
-41.491, 0.424282
-41.521, 0.451486
-41.551, 0.481136
-41.582, 0.512801
-41.612, 0.545882
-41.642, 0.579611
-41.673, 0.613075
-41.703, 0.645244
-41.733, 0.675004
-41.764, 0.701189
-41.794, 0.722604
-41.825, 0.738097
-41.855, 0.746565
-41.885, 0.747015
-41.916, 0.738590
-41.946, 0.720609
-41.976, 0.692597
-42.007, 0.654304
-42.037, 0.605735
-42.067, 0.547142
-42.098, 0.479046
-42.128, 0.402225
-42.159, 0.317698
-42.189, 0.226716
-42.219, 0.130720
-42.250, 0.031329
-42.280, -0.069725
-42.310, -0.170619
-42.341, -0.269494
-42.371, -0.364504
-42.401, -0.453863
-42.432, -0.535895
-42.462, -0.609078
-42.492, -0.672082
-42.523, -0.723819
-42.553, -0.763456
-42.584, -0.790445
-42.614, -0.804546
-42.644, -0.805823
-42.675, -0.794649
-42.705, -0.774379
-42.735, -0.743273
-42.766, -0.702525
-42.796, -0.653550
-42.826, -0.597941
-42.857, -0.537420
-42.887, -0.473799
-42.918, -0.408927
-42.948, -0.344628
-42.978, -0.282668
-43.009, -0.224694
-43.039, -0.172202
-43.069, -0.126482
-43.100, -0.088597
-43.130, -0.059360
-43.160, -0.039302
-43.191, -0.028674
-43.221, -0.027440
-43.252, -0.035288
-43.282, -0.051641
-43.312, -0.075679
-43.343, -0.106374
-43.373, -0.142518
-43.403, -0.182773
-43.434, -0.225699
-43.464, -0.269811
-43.494, -0.313623
-43.525, -0.355697
-43.555, -0.394661
-43.585, -0.429288
-43.616, -0.458502
-43.646, -0.481416
-43.677, -0.497352
-43.707, -0.505860
-43.737, -0.506731
-43.768, -0.499979
-43.798, -0.485858
-43.828, -0.464834
-43.859, -0.437565
-43.889, -0.404883
-43.919, -0.367755
-43.950, -0.327255
-43.980, -0.284523
-44.011, -0.240727
-44.041, -0.197024
-44.071, -0.154525
-44.102, -0.114266
-44.132, -0.077159
-44.162, -0.043983
-44.193, -0.015349
-44.223, 0.008302
-44.253, 0.026724
-44.284, 0.039863
-44.314, 0.047850
-44.345, 0.051003
-44.375, 0.049797
-44.405, 0.044863
-44.436, 0.036945
-44.466, 0.026882
-44.496, 0.015580
-44.527, 0.003977
-44.557, -0.006992
-44.587, -0.016429
-44.618, -0.023491
-44.648, -0.027425
-44.678, -0.027602
-44.709, -0.023516
-44.739, -0.014813
-44.770, -0.001301
-44.800, 0.017053
-44.830, 0.040116
-44.861, 0.067602
-44.891, 0.099076
-44.921, 0.133978
-44.952, 0.171635
-44.982, 0.211283
-45.012, 0.252109
-45.043, 0.293248
-45.073, 0.333839
-45.104, 0.373037
-45.134, 0.410039
-45.164, 0.444115
-45.195, 0.474623
-45.225, 0.501025
-45.255, 0.522916
-45.286, 0.540014
-45.316, 0.552180
-45.346, 0.559408
-45.377, 0.561835
-45.407, 0.559718
-45.438, 0.553442
-45.468, 0.543481
-45.498, 0.530401
-45.529, 0.514833
-45.559, 0.497448
-45.589, 0.478938
-45.620, 0.459997
-45.650, 0.441297
-45.680, 0.423464
-45.711, 0.407067
-45.741, 0.392597
-45.772, 0.380453
-45.802, 0.370943
-45.832, 0.364260
-45.863, 0.360492
-45.893, 0.359622
-45.923, 0.361527
-45.954, 0.365981
-45.984, 0.372683
-46.014, 0.381245
-46.045, 0.391218
-46.075, 0.402113
-46.105, 0.413405
-46.136, 0.424559
-46.166, 0.435032
-46.197, 0.444312
-46.227, 0.451912
-46.257, 0.457386
-46.288, 0.460353
-46.318, 0.460491
-46.348, 0.457550
-46.379, 0.451359
-46.409, 0.441825
-46.439, 0.428929
-46.470, 0.412740
-46.500, 0.393381
-46.531, 0.371058
-46.561, 0.350728
-46.591, 0.328001
-46.622, 0.303223
-46.652, 0.276773
-46.682, 0.249058
-46.713, 0.220485
-46.743, 0.191474
-46.773, 0.162431
-46.804, 0.133746
-46.834, 0.105789
-46.865, 0.078895
-46.895, 0.053375
-46.925, 0.029482
-46.956, 0.007440
-46.986, -0.012582
-47.016, -0.030456
-47.047, -0.046107
-47.077, -0.059512
-47.107, -0.070684
-47.138, -0.079701
-47.168, -0.086673
-47.198, -0.091758
-47.229, -0.095156
-47.259, -0.097098
-47.290, -0.097861
-47.320, -0.097742
-47.350, -0.097067
-47.381, -0.096189
-47.411, -0.095472
-47.441, -0.095288
-47.472, -0.096021
-47.502, -0.098043
-47.532, -0.101724
-47.563, -0.107412
-47.593, -0.115429
-47.624, -0.126067
-47.654, -0.139569
-47.684, -0.156129
-47.715, -0.175879
-47.745, -0.198887
-47.775, -0.225149
-47.806, -0.254573
-47.836, -0.286993
-47.866, -0.322147
-47.897, -0.359689
-47.927, -0.399184
-47.958, -0.440113
-47.988, -0.481885
-48.018, -0.523826
-48.049, -0.565210
-48.079, -0.605263
-48.109, -0.643175
-48.140, -0.678117
-48.170, -0.709260
-48.200, -0.735799
-48.231, -0.756964
-48.261, -0.772043
-48.292, -0.780403
-48.322, -0.781509
-48.352, -0.774938
-48.383, -0.760397
-48.413, -0.737729
-48.443, -0.706937
-48.474, -0.668177
-48.504, -0.621767
-48.534, -0.568185
-48.565, -0.508062
-48.595, -0.442175
-48.625, -0.371438
-48.656, -0.296878
-48.686, -0.219618
-48.717, -0.140855
-48.747, -0.061842
-48.777, 0.016156
-48.808, 0.091874
-48.838, 0.164085
-48.868, 0.231616
-48.899, 0.293397
-48.929, 0.348457
-48.959, 0.395974
-48.990, 0.435270
-49.020, 0.465847
-49.051, 0.487384
-49.081, 0.499754
-49.111, 0.503016
-49.142, 0.497418
-49.172, 0.483392
-49.202, 0.461540
-49.233, 0.432606
-49.263, 0.397483
-49.293, 0.357156
-49.324, 0.312706
-49.354, 0.265261
-49.385, 0.215981
-49.415, 0.166019
-49.445, 0.116499
-49.476, 0.068481
-49.506, 0.022946
-49.536, -0.019233
-49.567, -0.057318
-49.597, -0.090701
-49.627, -0.118939
-49.658, -0.141745
-49.688, -0.158996
-49.718, -0.170731
-49.749, -0.177150
-49.779, -0.178588
-49.810, -0.175515
-49.840, -0.168518
-49.870, -0.158269
-49.901, -0.145516
-49.931, -0.131053
-49.961, -0.115694
-49.992, -0.100253
-50.022, -0.085521
-50.052, -0.072237
-50.083, -0.061075
-50.113, -0.052628
-50.144, -0.047385
-50.174, -0.045727
-50.204, -0.047913
-50.235, -0.054089
-50.265, -0.064268
-50.295, -0.078351
-50.326, -0.096123
-50.356, -0.117262
-50.386, -0.141358
-50.417, -0.170355
-50.447, -0.201269
-50.478, -0.233496
-50.508, -0.266413
-50.538, -0.299374
-50.569, -0.331748
-50.599, -0.362915
-50.629, -0.392294
-50.660, -0.419350
-50.690, -0.443605
-50.720, -0.464646
-50.751, -0.482130
-50.781, -0.495788
-50.811, -0.505433
-50.842, -0.510944
-50.872, -0.512282
-50.903, -0.509464
-50.933, -0.502582
-50.963, -0.491772
-50.994, -0.477223
-51.024, -0.459158
-51.054, -0.437834
-51.085, -0.413529
-51.115, -0.386540
-51.145, -0.357164
-51.176, -0.325709
-51.206, -0.292476
-51.237, -0.257766
-51.267, -0.221864
-51.297, -0.185059
-51.328, -0.147614
-51.358, -0.109802
-51.388, -0.071876
-51.419, -0.034092
-51.449, 0.003298
-51.479, 0.040040
-51.510, 0.075885
-51.540, 0.110571
-51.571, 0.143836
-51.601, 0.175412
-51.631, 0.205028
-51.662, 0.232404
-51.692, 0.257265
-51.722, 0.279336
-51.753, 0.298351
-51.783, 0.314052
-51.813, 0.326206
-51.844, 0.334599
-51.874, 0.339047
-51.905, 0.339405
-51.935, 0.335572
-51.965, 0.327493
-51.996, 0.315164
-52.026, 0.298646
-52.056, 0.278050
-52.087, 0.253553
-52.117, 0.225393
-52.147, 0.193867
-52.178, 0.159325
-52.208, 0.122170
-52.238, 0.082854
-52.269, 0.041864
-52.299, -0.000281
-52.330, -0.043040
-52.360, -0.085864
-52.390, -0.128193
-52.421, -0.169484
-52.451, -0.209208
-52.481, -0.246861
-52.512, -0.281976
-52.542, -0.314127
-52.572, -0.342948
-52.603, -0.368113
-52.633, -0.389366
-52.664, -0.406512
-52.694, -0.419417
-52.724, -0.428008
-52.755, -0.432285
-52.785, -0.432298
-52.815, -0.428158
-52.846, -0.420024
-52.876, -0.408109
-52.906, -0.392660
-52.937, -0.373968
-52.967, -0.352345
-52.998, -0.328127
-53.028, -0.301677
-53.058, -0.273361
-53.089, -0.243552
-53.119, -0.212632
-53.149, -0.180975
-53.180, -0.148958
-53.210, -0.116938
-53.240, -0.085278
-53.271, -0.054312
-53.301, -0.024375
-53.331, 0.004223
-53.362, 0.031184
-53.392, 0.056223
-53.423, 0.079083
-53.453, 0.099520
-53.483, 0.117308
-53.514, 0.132250
-53.544, 0.144173
-53.574, 0.152925
-53.605, 0.158393
-53.635, 0.160481
-53.665, 0.159138
-53.696, 0.154350
-53.726, 0.146134
-53.757, 0.134557
-53.787, 0.119718
-53.817, 0.101769
-53.848, 0.080900
-53.878, 0.057349
-53.908, 0.031391
-53.939, 0.003345
-53.969, -0.026437
-53.999, -0.057565
-54.030, -0.089630
-54.060, -0.122191
-54.091, -0.154799
-54.121, -0.186999
-54.151, -0.218328
-54.182, -0.248336
-54.212, -0.276591
-54.242, -0.302672
-54.273, -0.326207
-54.303, -0.350829
-54.333, -0.372254
-54.364, -0.390224
-54.394, -0.404540
-54.424, -0.415047
-54.455, -0.421654
-54.485, -0.424319
-54.516, -0.423058
-54.546, -0.417936
-54.576, -0.409064
-54.607, -0.396603
-54.637, -0.380745
-54.667, -0.361713
-54.698, -0.339763
-54.728, -0.315165
-54.758, -0.288210
-54.789, -0.259182
-54.819, -0.228380
-54.850, -0.196097
-54.880, -0.162620
-54.910, -0.128223
-54.941, -0.093173
-54.971, -0.057724
-55.001, -0.022120
-55.032, 0.013412
-55.062, 0.048650
-55.092, 0.083381
-55.123, 0.117393
-55.153, 0.150486
-55.184, 0.182444
-55.214, 0.213067
-55.244, 0.242134
-55.275, 0.269428
-55.305, 0.294724
-55.335, 0.317788
-55.366, 0.338385
-55.396, 0.356285
-55.426, 0.371256
-55.457, 0.383081
-55.487, 0.391552
-55.518, 0.396496
-55.548, 0.397761
-55.578, 0.395235
-55.609, 0.388855
-55.639, 0.378620
-55.669, 0.364575
-55.700, 0.346851
-55.730, 0.325634
-55.760, 0.301194
-55.791, 0.273878
-55.821, 0.244100
-55.851, 0.212351
-55.882, 0.179186
-55.912, 0.145214
-55.943, 0.111100
-55.973, 0.077534
-56.003, 0.045230
-56.034, 0.014914
-56.064, -0.012710
-56.094, -0.036963
-56.125, -0.057203
-56.155, -0.072861
-56.185, -0.083439
-56.216, -0.088538
-56.246, -0.087864
-56.277, -0.081232
-56.307, -0.068593
-56.337, -0.050021
-56.368, -0.025718
-56.398, 0.003980
-56.428, 0.038614
-56.459, 0.077607
-56.489, 0.120285
-56.519, 0.165875
-56.550, 0.213532
-56.580, 0.262360
-56.611, 0.311428
-56.641, 0.359788
-56.671, 0.406502
-56.702, 0.450663
-56.732, 0.491415
-56.762, 0.527967
-56.793, 0.559618
-56.823, 0.585765
-56.853, 0.605926
-56.884, 0.619728
-56.914, 0.626935
-56.944, 0.627432
-56.975, 0.621244
-57.005, 0.608502
-57.036, 0.589460
-57.066, 0.564471
-57.096, 0.533986
-57.127, 0.498516
-57.157, 0.458646
-57.187, 0.414991
-57.218, 0.368191
-57.248, 0.318894
-57.278, 0.267732
-57.309, 0.215318
-57.339, 0.162223
-57.370, 0.108966
-57.400, 0.056019
-57.430, 0.003778
-57.461, -0.047418
-57.491, -0.097291
-57.521, -0.145638
-57.552, -0.192298
-57.582, -0.237164
-57.612, -0.280171
-57.643, -0.321276
-57.673, -0.360459
-57.704, -0.397703
-57.734, -0.432985
-57.764, -0.466266
-57.795, -0.497486
-57.825, -0.526549
-57.855, -0.553326
-57.886, -0.577645
-57.916, -0.599300
-57.946, -0.618046
-57.977, -0.633608
-58.007, -0.645694
-58.038, -0.653994
-58.068, -0.658201
-58.098, -0.658025
-58.129, -0.653199
-58.159, -0.641193
-58.189, -0.624160
-58.220, -0.602009
-58.250, -0.574735
-58.280, -0.542435
-58.311, -0.505295
-58.341, -0.463616
-58.371, -0.417806
-58.402, -0.368384
-58.432, -0.315959
-58.463, -0.261237
-58.493, -0.205007
-58.523, -0.148111
-58.554, -0.091437
-58.584, -0.035899
-58.614, 0.017597
-58.645, 0.068161
-58.675, 0.114959
-58.705, 0.157222
-58.736, 0.194280
-58.766, 0.225573
-58.797, 0.250679
-58.827, 0.269312
-58.857, 0.281351
-58.888, 0.286826
-58.918, 0.285940
-58.948, 0.279052
-58.979, 0.266664
-59.009, 0.249426
-59.039, 0.228110
-59.070, 0.203578
-59.100, 0.176784
-59.131, 0.148717
-59.161, 0.120393
-59.191, 0.092827
-59.222, 0.066989
-59.252, 0.043784
-59.282, 0.024029
-59.313, 0.008421
-59.343, -0.002476
-59.373, -0.008259
-59.404, -0.008687
-59.434, -0.003693
-59.464, 0.006607
-59.495, 0.021928
-59.525, 0.041820
-59.556, 0.065673
-59.586, 0.092755
-59.616, 0.122207
-59.647, 0.153088
-59.677, 0.184398
-59.707, 0.215103
-59.738, 0.244171
-59.768, 0.270603
-59.798, 0.293455
-59.829, 0.311884
-59.859, 0.325151
-59.890, 0.332658
-59.920, 0.333963
-59.950, 0.328790
-59.981, 0.317041
-60.011, 0.298803
-60.041, 0.274333
-60.072, 0.244071
-60.102, 0.208607
-60.132, 0.168680
-60.163, 0.125148
-60.193, 0.078973
-60.224, 0.031186
-60.254, -0.017142
-60.284, -0.064917
-60.315, -0.111067
-60.345, -0.154559
-60.375, -0.194436
-60.406, -0.229825
-60.436, -0.259990
-60.466, -0.284311
-60.497, -0.302328
-60.527, -0.313739
-60.557, -0.318402
-60.588, -0.316343
-60.618, -0.307745
-60.649, -0.292947
-60.679, -0.272416
-60.709, -0.246754
-60.740, -0.216659
-60.770, -0.182907
-60.800, -0.146341
-60.831, -0.107830
-60.861, -0.068256
-60.891, -0.028488
-60.922, 0.010642
-60.952, 0.048359
-60.983, 0.083966
-61.013, 0.116847
-61.043, 0.146501
-61.074, 0.172526
-61.104, 0.194643
-61.134, 0.212683
-61.165, 0.226598
-61.195, 0.236441
-61.225, 0.242367
-61.256, 0.244624
-61.286, 0.243530
-61.317, 0.239460
-61.347, 0.232837
-61.377, 0.224115
-61.408, 0.213744
-61.438, 0.202180
-61.468, 0.189855
-61.499, 0.177165
-61.529, 0.164462
-61.559, 0.152043
-61.590, 0.140139
-61.620, 0.128924
-61.651, 0.118499
-61.681, 0.108897
-61.711, 0.100093
-61.742, 0.092003
-61.772, 0.084496
-61.802, 0.077398
-61.833, 0.070511
-61.863, 0.063614
-61.893, 0.056481
-61.924, 0.048899
-61.954, 0.040662
-61.984, 0.031598
-62.015, 0.024503
-62.045, 0.016348
-62.076, 0.007102
-62.106, -0.003227
-62.136, -0.014563
-62.167, -0.026784
-62.197, -0.039706
-62.227, -0.053097
-62.258, -0.066683
-62.288, -0.080148
-62.318, -0.093150
-62.349, -0.105332
-62.379, -0.116331
-62.410, -0.125778
-62.440, -0.133334
-62.470, -0.138671
-62.501, -0.141508
-62.531, -0.141604
-62.561, -0.138773
-62.592, -0.132894
-62.622, -0.123904
-62.652, -0.111817
-62.683, -0.096712
-62.713, -0.078744
-62.744, -0.058129
-62.774, -0.035155
-62.804, -0.010164
-62.835, 0.016448
-62.865, 0.044242
-62.895, 0.072749
-62.926, 0.101473
-62.956, 0.129907
-62.986, 0.157547
-63.017, 0.183900
-63.047, 0.208493
-63.077, 0.230889
-63.108, 0.250697
-63.138, 0.267578
-63.169, 0.281255
-63.199, 0.291521
-63.229, 0.298239
-63.260, 0.301357
-63.290, 0.300890
-63.320, 0.296948
-63.351, 0.289704
-63.381, 0.279416
-63.411, 0.266403
-63.442, 0.251051
-63.472, 0.233800
-63.503, 0.215132
-63.533, 0.195563
-63.563, 0.175632
-63.594, 0.155886
-63.624, 0.136872
-63.654, 0.119116
-63.685, 0.103117
-63.715, 0.089341
-63.745, 0.078189
-63.776, 0.070008
-63.806, 0.065070
-63.837, 0.063570
-63.867, 0.065612
-63.897, 0.071216
-63.928, 0.080305
-63.958, 0.092719
-63.988, 0.108200
-64.019, 0.126410
-64.049, 0.146931
-64.079, 0.169281
-64.110, 0.192914
-64.140, 0.217242
-64.170, 0.241641
-64.201, 0.265476
-64.231, 0.288109
-64.262, 0.308912
-64.292, 0.327296
-64.322, 0.342714
-64.353, 0.354682
-64.383, 0.362793
-64.413, 0.366727
-64.444, 0.366262
-64.474, 0.361282
-64.504, 0.351779
-64.535, 0.337861
-64.565, 0.319749
-64.596, 0.297765
-64.626, 0.272344
-64.656, 0.244008
-64.687, 0.213360
-64.717, 0.181065
-64.747, 0.147846
-64.778, 0.114447
-64.808, 0.081630
-64.838, 0.050148
-64.869, 0.020723
-64.899, -0.005974
-64.930, -0.029333
-64.960, -0.048834
-64.990, -0.064055
-65.021, -0.074691
-65.051, -0.080553
-65.081, -0.081579
-65.112, -0.077848
-65.142, -0.069560
-65.172, -0.057048
-65.203, -0.040757
-65.233, -0.021237
-65.264, 0.000862
-65.294, 0.024829
-65.324, 0.049887
-65.355, 0.075235
-65.385, 0.100063
-65.415, 0.123572
-65.446, 0.144999
-65.476, 0.163642
-65.506, 0.178880
-65.537, 0.190185
-65.567, 0.197153
-65.597, 0.199492
-65.628, 0.197055
-65.658, 0.189830
-65.689, 0.177946
-65.719, 0.161667
-65.749, 0.141388
-65.780, 0.117618
-65.810, 0.090971
-65.840, 0.062146
-65.871, 0.031739
-65.901, 0.000717
-65.931, -0.030107
-65.962, -0.059921
-65.992, -0.087950
-66.023, -0.113468
-66.053, -0.135830
-66.083, -0.154487
-66.114, -0.169006
-66.144, -0.179068
-66.174, -0.184500
-66.205, -0.185266
-66.235, -0.181460
-66.265, -0.173324
-66.296, -0.161221
-66.326, -0.145631
-66.357, -0.127135
-66.387, -0.106397
-66.417, -0.084143
-66.448, -0.061130
-66.478, -0.038142
-66.508, -0.015946
-66.539, 0.004721
-66.569, 0.023178
-66.599, 0.038816
-66.630, 0.051120
-66.660, 0.059680
-66.690, 0.064207
-66.721, 0.064530
-66.751, 0.060613
-66.782, 0.052537
-66.812, 0.040506
-66.842, 0.024840
-66.873, 0.005948
-66.903, -0.015678
-66.933, -0.039480
-66.964, -0.064862
-66.994, -0.091206
-67.024, -0.117894
-67.055, -0.144334
-67.085, -0.169979
-67.116, -0.194336
-67.146, -0.216999
-67.176, -0.237645
-67.207, -0.256058
-67.237, -0.272122
-67.267, -0.285836
-67.298, -0.297292
-67.328, -0.306691
-67.358, -0.314315
-67.389, -0.320522
-67.419, -0.325727
-67.450, -0.330386
-67.480, -0.334965
-67.510, -0.339933
-67.541, -0.345736
-67.571, -0.352769
-67.601, -0.361361
-67.632, -0.371763
-67.662, -0.384127
-67.692, -0.398498
-67.723, -0.414804
-67.753, -0.432867
-67.784, -0.452377
-67.814, -0.472928
-67.844, -0.494009
-67.875, -0.515028
-67.905, -0.535326
-67.935, -0.554195
-67.966, -0.570909
-67.996, -0.584743
-68.026, -0.595000
-68.057, -0.601044
-68.087, -0.602306
-68.117, -0.598329
-68.148, -0.588773
-68.178, -0.573441
-68.209, -0.552282
-68.239, -0.525411
-68.269, -0.493105
-68.300, -0.455801
-68.330, -0.414096
-68.360, -0.368725
-68.391, -0.320554
-68.421, -0.270551
-68.451, -0.219765
-68.482, -0.169302
-68.512, -0.120285
-68.543, -0.073831
-68.573, -0.031011
-68.603, 0.007171
-68.634, 0.039822
-68.664, 0.066172
-68.694, 0.085607
-68.725, 0.097699
-68.755, 0.102197
-68.785, 0.099059
-68.816, 0.088444
-68.846, 0.070718
-68.877, 0.046437
-68.907, 0.016355
-68.937, -0.018632
-68.968, -0.057464
-68.998, -0.098985
-69.028, -0.141947
-69.059, -0.185055
-69.089, -0.227004
-69.119, -0.266507
-69.150, -0.302339
-69.180, -0.333364
-69.210, -0.358578
-69.241, -0.377118
-69.271, -0.388304
-69.302, -0.391651
-69.332, -0.386882
-69.362, -0.373934
-69.393, -0.352970
-69.423, -0.324356
-69.453, -0.288672
-69.484, -0.246677
-69.514, -0.199299
-69.544, -0.147607
-69.575, -0.092776
-69.605, -0.036061
-69.636, 0.021243
-69.666, 0.077837
-69.696, 0.132448
-69.727, 0.183873
-69.757, 0.226416
-69.787, 0.263689
-69.818, 0.294859
-69.848, 0.319284
-69.878, 0.336506
-69.909, 0.346275
-69.939, 0.348547
-69.970, 0.343490
-70.000, 0.331468
-70.030, 0.313042
-70.061, 0.288942
-70.091, 0.260048
-70.121, 0.227365
-70.152, 0.191995
-70.182, 0.155093
-70.212, 0.117854
-70.243, 0.081464
-70.273, 0.047065
-70.303, 0.015735
-70.334, -0.011552
-70.364, -0.033954
-70.395, -0.050775
-70.425, -0.061496
-70.455, -0.065779
-70.486, -0.063481
-70.516, -0.054659
-70.546, -0.039560
-70.577, -0.018623
-70.607, 0.007539
-70.637, 0.038157
-70.668, 0.072322
-70.698, 0.109018
-70.729, 0.147143
-70.759, 0.185545
-70.789, 0.223051
-70.820, 0.258498
-70.850, 0.290762
-70.880, 0.318799
-70.911, 0.341658
-70.941, 0.358525
-70.971, 0.368721
-71.002, 0.371743
-71.032, 0.367262
-71.063, 0.355142
-71.093, 0.335438
-71.123, 0.308392
-71.154, 0.274434
-71.184, 0.234171
-71.214, 0.188364
-71.245, 0.137914
-71.275, 0.083840
-71.305, 0.027256
-71.336, -0.030665
-71.366, -0.088719
-71.397, -0.145683
-71.427, -0.200374
-71.457, -0.251654
-71.488, -0.298467
-71.518, -0.339864
-71.548, -0.375025
-71.579, -0.403278
-71.609, -0.424104
-71.639, -0.437172
-71.670, -0.442322
-71.700, -0.439577
-71.730, -0.429142
-71.761, -0.411393
-71.791, -0.386877
-71.822, -0.356274
-71.852, -0.320413
-71.882, -0.280217
-71.913, -0.236704
-71.943, -0.190953
-71.973, -0.144072
-72.004, -0.097191
-72.034, -0.051396
-72.064, -0.007753
-72.095, 0.032746
-72.125, 0.069209
-72.156, 0.100848
-72.186, 0.127002
-72.216, 0.147151
-72.247, 0.160931
-72.277, 0.168132
-72.307, 0.168700
-72.338, 0.162745
-72.368, 0.150521
-72.398, 0.132429
-72.429, 0.109002
-72.459, 0.080886
-72.490, 0.048819
-72.520, 0.013626
-72.550, -0.023829
-72.581, -0.062631
-72.611, -0.101868
-72.641, -0.140635
-72.672, -0.178066
-72.702, -0.213344
-72.732, -0.245731
-72.763, -0.274577
-72.793, -0.299333
-72.823, -0.319572
-72.854, -0.334975
-72.884, -0.345364
-72.915, -0.350676
-72.945, -0.350981
-72.975, -0.346464
-73.006, -0.337413
-73.036, -0.324224
-73.066, -0.307376
-73.097, -0.287414
-73.127, -0.264938
-73.157, -0.240580
-73.188, -0.214994
-73.218, -0.188825
-73.249, -0.162706
-73.279, -0.137226
-73.309, -0.112927
-73.340, -0.090286
-73.370, -0.069705
-73.400, -0.051502
-73.431, -0.035905
-73.461, -0.023053
-73.491, -0.012986
-73.522, -0.005659
-73.552, -0.000938
-73.583, 0.001383
-73.613, 0.006135
-73.643, 0.009100
-73.674, 0.010660
-73.704, 0.011229
-73.734, 0.011230
-73.765, 0.011093
-73.795, 0.011232
-73.825, 0.012048
-73.856, 0.013898
-73.886, 0.017088
-73.916, 0.021874
-73.947, 0.028449
-73.977, 0.036951
-74.008, 0.047430
-74.038, 0.059887
-74.068, 0.074243
-74.099, 0.090371
-74.129, 0.108080
-74.159, 0.127142
-74.190, 0.147282
-74.220, 0.168210
-74.250, 0.189611
-74.281, 0.211170
-74.311, 0.232579
-74.342, 0.253542
-74.372, 0.273800
-74.402, 0.293112
-74.433, 0.311286
-74.463, 0.328184
-74.493, 0.343702
-74.524, 0.357796
-74.554, 0.370466
-74.584, 0.381758
-74.615, 0.391757
-74.645, 0.400596
-74.676, 0.408413
-74.706, 0.415381
-74.736, 0.421679
-74.767, 0.427476
-74.797, 0.432942
-74.827, 0.438222
-74.858, 0.443426
-74.888, 0.448632
-74.918, 0.453876
-74.949, 0.459145
-74.979, 0.464373
-75.010, 0.469442
-75.040, 0.474183
-75.070, 0.478387
-75.101, 0.481793
-75.131, 0.484114
-75.161, 0.485032
-75.192, 0.484215
-75.222, 0.481328
-75.252, 0.476044
-75.283, 0.468056
-75.313, 0.457097
-75.343, 0.442931
-75.374, 0.425393
-75.404, 0.404379
-75.435, 0.379857
-75.465, 0.351884
-75.495, 0.320593
-75.526, 0.286208
-75.556, 0.249047
-75.586, 0.209501
-75.617, 0.168037
-75.647, 0.125200
-75.677, 0.081592
-75.708, 0.037859
-75.738, -0.005323
-75.769, -0.047258
-75.799, -0.087246
-75.829, -0.124605
-75.860, -0.158697
-75.890, -0.188914
-75.920, -0.214718
-75.951, -0.235665
-75.981, -0.251383
-76.011, -0.261612
-76.042, -0.266196
-76.072, -0.265098
-76.103, -0.258391
-76.133, -0.246274
-76.163, -0.229054
-76.194, -0.207142
-76.224, -0.181052
-76.254, -0.151387
-76.285, -0.118818
-76.315, -0.084080
-76.345, -0.047946
-76.376, -0.011220
-76.406, 0.025304
-76.436, 0.060822
-76.467, 0.094590
-76.497, 0.125880
-76.528, 0.154062
-76.558, 0.178556
-76.588, 0.198895
-76.619, 0.214700
-76.649, 0.225711
-76.679, 0.231781
-76.710, 0.232878
-76.740, 0.229087
-76.770, 0.220611
-76.801, 0.207750
-76.831, 0.190919
-76.862, 0.170600
-76.892, 0.147369
-76.922, 0.121842
-76.953, 0.094702
-76.983, 0.066636
-77.013, 0.038357
-77.044, 0.010559
-77.074, -0.016084
-77.104, -0.040937
-77.135, -0.063428
-77.165, -0.083060
-77.196, -0.099401
-77.226, -0.112127
-77.256, -0.121011
-77.287, -0.125929
-77.317, -0.126861
-77.347, -0.123900
-77.378, -0.117232
-77.408, -0.107161
-77.438, -0.094064
-77.469, -0.083103
-77.499, -0.070110
-77.530, -0.055678
-77.560, -0.040429
-77.590, -0.025020
-77.621, -0.010104
-77.651, 0.003662
-77.681, 0.015655
-77.712, 0.025288
-77.742, 0.032036
-77.772, 0.035438
-77.803, 0.035114
-77.833, 0.030780
-77.863, 0.022255
-77.894, 0.009446
-77.924, -0.007615
-77.955, -0.028794
-77.985, -0.053851
-78.015, -0.082446
-78.046, -0.114143
-78.076, -0.148420
-78.106, -0.184682
-78.137, -0.222277
-78.167, -0.260503
-78.197, -0.298628
-78.228, -0.335910
-78.258, -0.371608
-78.289, -0.404996
-78.319, -0.435396
-78.349, -0.462168
-78.380, -0.484751
-78.410, -0.502649
-78.440, -0.515471
-78.471, -0.522909
-78.501, -0.524778
-78.531, -0.520980
-78.562, -0.511540
-78.592, -0.496591
-78.623, -0.476369
-78.653, -0.451207
-78.683, -0.421533
-78.714, -0.387850
-78.744, -0.350728
-78.774, -0.310798
-78.805, -0.268725
-78.835, -0.225191
-78.865, -0.180899
-78.896, -0.136533
-78.926, -0.092768
-78.956, -0.050226
-78.987, -0.009492
-79.017, 0.028919
-79.048, 0.064552
-79.078, 0.097040
-79.108, 0.126093
-79.139, 0.151504
-79.169, 0.173157
-79.199, 0.191018
-79.230, 0.205131
-79.260, 0.215622
-79.290, 0.222670
-79.321, 0.226527
-79.351, 0.227477
-79.382, 0.225853
-79.412, 0.222003
-79.442, 0.216293
-79.473, 0.209088
-79.503, 0.200745
-79.533, 0.191603
-79.564, 0.181971
-79.594, 0.172128
-79.624, 0.162307
-79.655, 0.152704
-79.685, 0.143472
-79.716, 0.134703
-79.746, 0.126467
-79.776, 0.118782
-79.807, 0.111638
-79.837, 0.104985
-79.867, 0.098762
-79.898, 0.092884
-79.928, 0.087267
-79.958, 0.081818
-79.989, 0.076461
-80.019, 0.071123
-80.049, 0.065756
-80.080, 0.060332
-80.110, 0.054852
-80.141, 0.049336
-80.171, 0.043841
-80.201, 0.038436
-80.232, 0.033221
-80.262, 0.028310
-80.292, 0.023827
-80.323, 0.019897
-80.353, 0.016649
-80.383, 0.014190
-80.414, 0.012620
-80.444, 0.012006
-80.475, 0.012387
-80.505, 0.013761
-80.535, 0.016085
-80.566, 0.019276
-80.596, 0.023205
-80.626, 0.027696
-80.657, 0.032534
-80.687, 0.037472
-80.717, 0.042230
-80.748, 0.046508
-80.778, 0.050001
-80.809, 0.052393
-80.839, 0.053392
-80.869, 0.052715
-80.900, 0.050126
-80.930, 0.045430
-80.960, 0.038484
-80.991, 0.029209
-81.021, 0.017602
-81.051, 0.003731
-81.082, -0.012257
-81.112, -0.030137
-81.143, -0.049615
-81.173, -0.070324
-81.203, -0.091834
-81.234, -0.113673
-81.264, -0.135323
-81.294, -0.156255
-81.325, -0.169211
-81.355, -0.180372
-81.385, -0.189225
-81.416, -0.195312
-81.446, -0.198223
-81.476, -0.197636
-81.507, -0.193299
-81.537, -0.185071
-81.568, -0.172909
-81.598, -0.156878
-81.628, -0.137158
-81.659, -0.114036
-81.689, -0.087897
-81.719, -0.059222
-81.750, -0.028572
-81.780, 0.003419
-81.810, 0.036078
-81.841, 0.068698
-81.871, 0.100568
-81.902, 0.130980
-81.932, 0.159276
-81.962, 0.184835
-81.993, 0.207126
-82.023, 0.225700
-82.053, 0.240221
-82.084, 0.250470
-82.114, 0.256353
-82.144, 0.257912
-82.175, 0.255319
-82.205, 0.248872
-82.236, 0.238999
-82.266, 0.226226
-82.296, 0.211186
-82.327, 0.194577
-82.357, 0.177164
-82.387, 0.159737
-82.418, 0.143105
-82.448, 0.128054
-82.478, 0.115338
-82.509, 0.105645
-82.539, 0.099579
-82.569, 0.097645
-82.600, 0.100230
-82.630, 0.107583
-82.661, 0.119821
-82.691, 0.136911
-82.721, 0.158675
-82.752, 0.184794
-82.782, 0.214813
-82.812, 0.248155
-82.843, 0.284143
-82.873, 0.322004
-82.903, 0.360901
-82.934, 0.399956
-82.964, 0.438267
-82.995, 0.474938
-83.025, 0.509101
-83.055, 0.539941
-83.086, 0.566714
-83.116, 0.588767
-83.146, 0.605562
-83.177, 0.616670
-83.207, 0.621798
-83.237, 0.620787
-83.268, 0.613616
-83.298, 0.600389
-83.329, 0.581351
-83.359, 0.556846
-83.389, 0.527337
-83.420, 0.493368
-83.450, 0.455561
-83.480, 0.414585
-83.511, 0.371146
-83.541, 0.325963
-83.571, 0.279756
-83.602, 0.233211
-83.632, 0.186992
-83.662, 0.141697
-83.693, 0.097867
-83.723, 0.055967
-83.754, 0.016384
-83.784, -0.020575
-83.814, -0.054681
-83.845, -0.085792
-83.875, -0.113833
-83.905, -0.138800
-83.936, -0.160742
-83.966, -0.179760
-83.996, -0.195986
-84.027, -0.209585
-84.057, -0.220722
-84.088, -0.229582
-84.118, -0.236330
-84.148, -0.241124
-84.179, -0.244097
-84.209, -0.245365
-84.239, -0.245007
-84.270, -0.243086
-84.300, -0.239627
-84.330, -0.234646
-84.361, -0.228134
-84.391, -0.220075
-84.422, -0.210454
-84.452, -0.199253
-84.482, -0.186480
-84.513, -0.172154
-84.543, -0.156323
-84.573, -0.139078
-84.604, -0.120539
-84.634, -0.100871
-84.664, -0.080281
-84.695, -0.059016
-84.725, -0.037358
-84.756, -0.015629
-84.786, 0.005837
-84.816, 0.026680
-84.847, 0.046539
-84.877, 0.065055
-84.907, 0.081887
-84.938, 0.096720
-84.968, 0.109284
-84.998, 0.119345
-85.029, 0.126741
-85.059, 0.131361
-85.089, 0.133171
-85.120, 0.132206
-85.150, 0.128573
-85.181, 0.115521
-85.211, 0.100218
-85.241, 0.082959
-85.272, 0.064091
-85.302, 0.043992
-85.332, 0.023070
-85.363, 0.001738
-85.393, -0.019595
-85.423, -0.040539
-85.454, -0.060731
-85.484, -0.079859
-85.515, -0.097665
-85.545, -0.113959
-85.575, -0.128614
-85.606, -0.141585
-85.636, -0.152901
-85.666, -0.162667
-85.697, -0.171053
-85.727, -0.178298
-85.757, -0.184683
-85.788, -0.190539
-85.818, -0.196215
-85.849, -0.202071
-85.879, -0.208461
-85.909, -0.215724
-85.940, -0.224154
-85.970, -0.233998
-86.000, -0.245438
-86.031, -0.258589
-86.061, -0.273474
-86.091, -0.290041
-86.122, -0.308148
-86.152, -0.327567
-86.182, -0.347994
-86.213, -0.369057
-86.243, -0.390320
-86.274, -0.411312
-86.304, -0.431525
-86.334, -0.450445
-86.365, -0.467568
-86.395, -0.482414
-86.425, -0.494552
-86.456, -0.503607
-86.486, -0.509284
-86.516, -0.511376
-86.547, -0.509777
-86.577, -0.504477
-86.608, -0.495579
-86.638, -0.483286
-86.668, -0.467900
-86.699, -0.449817
-86.729, -0.429495
-86.759, -0.407467
-86.790, -0.384291
-86.820, -0.360555
-86.850, -0.336845
-86.881, -0.313717
-86.911, -0.291683
-86.942, -0.271194
-86.972, -0.252609
-87.002, -0.236190
-87.033, -0.222085
-87.063, -0.210325
-87.093, -0.200812
-87.124, -0.193328
-87.154, -0.187531
-87.184, -0.182986
-87.215, -0.179143
-87.245, -0.175402
-87.275, -0.171089
-87.306, -0.165519
-87.336, -0.158000
-87.367, -0.147869
-87.397, -0.134521
-87.427, -0.117431
-87.458, -0.096177
-87.488, -0.070483
-87.518, -0.040200
-87.549, -0.005358
-87.579, 0.033852
-87.609, 0.077056
-87.640, 0.123717
-87.670, 0.173123
-87.701, 0.224429
-87.731, 0.276643
-87.761, 0.328677
-87.792, 0.379369
-87.822, 0.427510
-87.852, 0.471881
-87.883, 0.511291
-87.913, 0.544614
-87.943, 0.570829
-87.974, 0.589037
-88.004, 0.598516
-88.035, 0.598726
-88.065, 0.589343
-88.095, 0.570265
-88.126, 0.541635
-88.156, 0.503823
-88.186, 0.457446
-88.217, 0.403325
-88.247, 0.342502
-88.277, 0.276183
-88.308, 0.205732
-88.338, 0.132621
-88.369, 0.058395
-88.399, -0.015361
-88.429, -0.087075
-88.460, -0.155232
-88.490, -0.218392
-88.520, -0.275261
-88.551, -0.324703
-88.581, -0.365779
-88.611, -0.397771
-88.642, -0.420200
-88.672, -0.432828
-88.702, -0.435680
-88.733, -0.429026
-88.763, -0.413378
-88.794, -0.389464
-88.824, -0.358216
-88.854, -0.320736
-88.885, -0.278254
-88.915, -0.232107
-88.945, -0.183689
-88.976, -0.134407
-89.006, -0.085649
-89.036, -0.038744
-89.067, 0.009028
-89.097, 0.052625
-89.128, 0.091108
-89.158, 0.123732
-89.188, 0.149936
-89.219, 0.169385
-89.249, 0.181950
-89.279, 0.187721
-89.310, 0.186989
-89.340, 0.180234
-89.370, 0.168103
-89.401, 0.151389
-89.431, 0.130996
-89.462, 0.107914
-89.492, 0.083180
-89.522, 0.057848
-89.553, 0.032946
-89.583, 0.009457
-89.613, -0.011722
-89.644, -0.029791
-89.674, -0.044096
-89.704, -0.054114
-89.735, -0.059496
-89.765, -0.060047
-89.795, -0.055749
-89.826, -0.046743
-89.856, -0.033325
-89.887, -0.015930
-89.917, 0.004883
-89.947, 0.028453
-89.978, 0.054045
-90.008, 0.080876
-90.038, 0.108131
-90.069, 0.135004
-90.099, 0.160715
-90.129, 0.184540
-90.160, 0.205816
-90.190, 0.223993
-90.221, 0.238612
-90.251, 0.249334
-90.281, 0.255952
-90.312, 0.258375
-90.342, 0.256644
-90.372, 0.250918
-90.403, 0.241463
-90.433, 0.228643
-90.463, 0.212906
-90.494, 0.194759
-90.524, 0.174762
-90.555, 0.153494
-90.585, 0.131541
-90.615, 0.109489
-90.646, 0.087885
-90.676, 0.067233
-90.706, 0.047984
-90.737, 0.030523
-90.767, 0.015154
-90.797, 0.002106
-90.828, -0.008472
-90.858, -0.016513
-90.889, -0.022023
-90.919, -0.025076
-90.949, -0.025811
-90.980, -0.024410
-91.010, -0.021099
-91.040, -0.016133
-91.071, -0.009779
-91.101, -0.002301
-91.131, 0.006029
-91.162, 0.014967
-91.192, 0.024290
-91.222, 0.033807
-91.253, 0.043360
-91.283, 0.052831
-91.314, 0.062133
-91.344, 0.071221
-91.374, 0.080079
-91.405, 0.088720
-91.435, 0.097176
-91.465, 0.105493
-91.496, 0.113724
-91.526, 0.121919
-91.556, 0.130123
-91.587, 0.138362
-91.617, 0.146642
-91.648, 0.154946
-91.678, 0.163227
-91.708, 0.171409
-91.739, 0.179384
-91.769, 0.187019
-91.799, 0.194157
-91.830, 0.200623
-91.860, 0.206227
-91.890, 0.210775
-91.921, 0.214078
-91.951, 0.215958
-91.982, 0.216246
-92.012, 0.214815
-92.042, 0.211558
-92.073, 0.206418
-92.103, 0.199372
-92.133, 0.190461
-92.164, 0.179755
-92.194, 0.167383
-92.224, 0.153523
-92.255, 0.138387
-92.285, 0.122227
-92.315, 0.105325
-92.346, 0.087980
-92.376, 0.070512
-92.407, 0.053231
-92.437, 0.036441
-92.467, 0.020436
-92.498, 0.005471
-92.528, -0.008232
-92.558, -0.020494
-92.589, -0.031189
-92.619, -0.040243
-92.649, -0.047646
-92.680, -0.053440
-92.710, -0.057729
-92.741, -0.060666
-92.771, -0.062462
-92.801, -0.063357
-92.832, -0.063642
-92.862, -0.063619
-92.892, -0.063613
-92.923, -0.063378
-92.953, -0.063805
-92.983, -0.065198
-93.014, -0.067838
-93.044, -0.071958
-93.075, -0.077759
-93.105, -0.085378
-93.135, -0.094912
-93.166, -0.106384
-93.196, -0.119764
-93.226, -0.134957
-93.257, -0.151814
-93.287, -0.170125
-93.317, -0.189631
-93.348, -0.210025
-93.378, -0.230974
-93.408, -0.252105
-93.439, -0.273030
-93.469, -0.293353
-93.500, -0.312673
-93.530, -0.330595
-93.560, -0.346747
-93.591, -0.360770
-93.621, -0.372345
-93.651, -0.381179
-93.682, -0.387031
-93.712, -0.389698
-93.742, -0.389028
-93.773, -0.384913
-93.803, -0.377301
-93.834, -0.366180
-93.864, -0.351599
-93.894, -0.333638
-93.925, -0.312430
-93.955, -0.288150
-93.985, -0.261005
-94.016, -0.231238
-94.046, -0.199126
-94.076, -0.164970
-94.107, -0.129095
-94.137, -0.091848
-94.168, -0.053593
-94.198, -0.014709
-94.228, 0.024416
-94.259, 0.063388
-94.289, 0.101809
-94.319, 0.139283
-94.350, 0.175415
-94.380, 0.209825
-94.410, 0.242141
-94.441, 0.272015
-94.471, 0.299116
-94.502, 0.323153
-94.532, 0.343859
-94.562, 0.361015
-94.593, 0.374445
-94.623, 0.384024
-94.653, 0.389676
-94.684, 0.391396
-94.714, 0.389225
-94.744, 0.383279
-94.775, 0.373727
-94.805, 0.360809
-94.835, 0.344814
-94.866, 0.326092
-94.896, 0.305040
-94.927, 0.282097
-94.957, 0.257726
-94.987, 0.232426
-95.018, 0.206691
-95.048, 0.181030
-95.078, 0.155926
-95.109, 0.131838
-95.139, 0.109193
-95.169, 0.088366
-95.200, 0.069663
-95.230, 0.053337
-95.261, 0.039549
-95.291, 0.028395
-95.321, 0.019874
-95.352, 0.013910
-95.382, 0.010342
-95.412, 0.008938
-95.443, 0.009391
-95.473, 0.011346
-95.503, 0.014391
-95.534, 0.018096
-95.564, 0.022004
-95.595, 0.025666
-95.625, 0.028642
-95.655, 0.030532
-95.686, 0.030979
-95.716, 0.029691
-95.746, 0.026449
-95.777, 0.021118
-95.807, 0.013655
-95.837, 0.004114
-95.868, -0.007367
-95.898, -0.020547
-95.928, -0.035102
-95.959, -0.050637
-95.989, -0.066697
-96.020, -0.082773
-96.050, -0.098333
-96.080, -0.112839
-96.111, -0.125761
-96.141, -0.136605
-96.171, -0.144930
-96.202, -0.150372
-96.232, -0.152653
-96.262, -0.151600
-96.293, -0.147165
-96.323, -0.139419
-96.354, -0.128563
-96.384, -0.114926
-96.414, -0.098960
-96.445, -0.081228
-96.475, -0.062393
-96.505, -0.043198
-96.536, -0.024442
-96.566, -0.006956
-96.596, 0.008418
-96.627, 0.020868
-96.657, 0.029629
-96.688, 0.034020
-96.718, 0.033460
-96.748, 0.027508
-96.779, 0.015331
-96.809, -0.002652
-96.839, -0.026389
-96.870, -0.055627
-96.900, -0.089936
-96.930, -0.128689
-96.961, -0.171096
-96.991, -0.216201
-97.021, -0.262925
-97.052, -0.310069
-97.082, -0.356366
-97.113, -0.400508
-97.143, -0.441178
-97.173, -0.477098
-97.204, -0.507060
-97.234, -0.529959
-97.264, -0.544849
-97.295, -0.550947
-97.325, -0.547676
-97.355, -0.534687
-97.386, -0.511869
-97.416, -0.479359
-97.447, -0.437546
-97.477, -0.387066
-97.507, -0.328786
-97.538, -0.263787
-97.568, -0.193340
-97.598, -0.118871
-97.629, -0.041926
-97.659, 0.035872
-97.689, 0.112861
-97.720, 0.187386
-97.750, 0.257846
-97.781, 0.322733
-97.811, 0.380684
-97.841, 0.430498
-97.872, 0.471189
-97.902, 0.501998
-97.932, 0.522422
-97.963, 0.532221
-97.993, 0.531430
-98.023, 0.520350
-98.054, 0.499544
-98.084, 0.469813
-98.115, 0.432176
-98.145, 0.387847
-98.175, 0.338187
-98.206, 0.284672
-98.236, 0.228855
-98.266, 0.172310
-98.297, 0.116604
-98.327, 0.063240
-98.357, 0.013620
-98.388, -0.030982
-98.418, -0.069468
-98.448, -0.100939
-98.479, -0.124712
-98.509, -0.140337
-98.540, -0.147611
-98.570, -0.146574
-98.600, -0.137498
-98.631, -0.120889
-98.661, -0.097456
-98.691, -0.068088
-98.722, -0.033834
-98.752, 0.004140
-98.782, 0.044582
-98.813, 0.086194
-98.843, 0.127647
-98.874, 0.167665
-98.904, 0.205012
-98.934, 0.238545
-98.965, 0.267240
-98.995, 0.290224
-99.025, 0.306777
-99.056, 0.316364
-99.086, 0.318626
-99.116, 0.313398
-99.147, 0.300700
-99.177, 0.280724
-99.208, 0.253830
-99.238, 0.220528
-99.268, 0.181450
-99.299, 0.137340
-99.329, 0.089015
-99.359, 0.037356
-99.390, -0.016736
-99.420, -0.072350
-99.450, -0.128593
-99.481, -0.184613
-99.511, -0.239617
-99.541, -0.292886
-99.572, -0.343788
-99.602, -0.391779
-99.633, -0.436416
-99.663, -0.477360
-99.693, -0.514359
-99.724, -0.547258
-99.754, -0.575979
-99.784, -0.600522
-99.815, -0.620939
-99.845, -0.637335
-99.875, -0.649842
-99.906, -0.658618
-99.936, -0.663822
-99.967, -0.665616
-99.997, -0.664138
-100.027, -0.659521
-100.058, -0.651862
-100.088, -0.641229
-100.118, -0.627672
-100.149, -0.611202
-100.179, -0.591820
-100.209, -0.569506
-100.240, -0.544231
-100.270, -0.515979
-100.301, -0.484736
-100.331, -0.450509
-100.361, -0.413344
-100.392, -0.373326
-100.422, -0.330588
-100.452, -0.285317
-100.483, -0.237762
-100.513, -0.188229
-100.543, -0.137091
-100.574, -0.084775
-100.604, -0.031765
-100.635, 0.019464
-100.665, 0.070296
-100.695, 0.120142
-100.726, 0.168399
-100.756, 0.214469
-100.786, 0.257771
-100.817, 0.297751
-100.847, 0.333905
-100.877, 0.365790
-100.908, 0.393028
-100.938, 0.415333
-100.968, 0.432499
-100.999, 0.444427
-101.029, 0.451109
-101.060, 0.452647
-101.090, 0.449235
-101.120, 0.441166
-101.151, 0.428816
-101.181, 0.412644
-101.211, 0.393167
-101.242, 0.370960
-101.272, 0.346627
-101.302, 0.320802
-101.333, 0.294117
-101.363, 0.267196
-101.394, 0.240627
-101.424, 0.214967
-101.454, 0.190708
-101.485, 0.168276
-101.515, 0.148020
-101.545, 0.130204
-101.576, 0.114999
-101.606, 0.102492
-101.636, 0.092668
-101.667, 0.085427
-101.697, 0.080586
-101.728, 0.077887
-101.758, 0.077001
-101.788, 0.077550
-101.819, 0.079110
-101.849, 0.081229
-101.879, 0.083444
-101.910, 0.085293
-101.940, 0.086327
-101.970, 0.086131
-102.001, 0.084329
-102.031, 0.080606
-102.061, 0.074707
-102.092, 0.066453
-102.122, 0.055749
-102.153, 0.042588
-102.183, 0.027043
-102.213, 0.009281
-102.244, -0.010448
-102.274, -0.031807
-102.304, -0.054392
-102.335, -0.077726
-102.365, -0.101283
-102.395, -0.124488
-102.426, -0.146736
-102.456, -0.167404
-102.487, -0.185879
-102.517, -0.201545
-102.547, -0.213831
-102.578, -0.222205
-102.608, -0.226194
-102.638, -0.225398
-102.669, -0.219507
-102.699, -0.208308
-102.729, -0.191690
-102.760, -0.169657
-102.790, -0.142333
-102.821, -0.109963
-102.851, -0.072913
-102.881, -0.031658
-102.912, 0.013203
-102.942, 0.060974
-102.972, 0.110863
-103.003, 0.162001
-103.033, 0.213454
-103.063, 0.264243
-103.094, 0.313357
-103.124, 0.359788
-103.154, 0.402528
-103.185, 0.440621
-103.215, 0.473160
-103.246, 0.499326
-103.276, 0.518388
-103.306, 0.529753
-103.337, 0.532944
-103.367, 0.527647
-103.397, 0.513704
-103.428, 0.491127
-103.458, 0.460095
-103.488, 0.420970
-103.519, 0.374270
-103.549, 0.320679
-103.580, 0.261027
-103.610, 0.196275
-103.640, 0.127497
-103.671, 0.055850
-103.701, -0.017439
-103.731, -0.091113
-103.762, -0.163909
-103.792, -0.234587
-103.822, -0.301961
-103.853, -0.364924
-103.883, -0.422487
-103.914, -0.473787
-103.944, -0.518118
-103.974, -0.554954
-104.005, -0.583944
-104.035, -0.604943
-104.065, -0.617996
-104.096, -0.623342
-104.126, -0.621414
-104.156, -0.612813
-104.187, -0.598299
-104.217, -0.578763
-104.248, -0.555199
-104.278, -0.528686
-104.308, -0.500343
-104.339, -0.471296
-104.369, -0.442646
-104.399, -0.415440
-104.430, -0.390631
-104.460, -0.369050
-104.490, -0.351389
-104.521, -0.337034
-104.551, -0.327446
-104.581, -0.322755
-104.612, -0.322897
-104.642, -0.327599
-104.673, -0.336399
-104.703, -0.348653
-104.733, -0.363557
-104.764, -0.380169
-104.794, -0.397450
-104.824, -0.414276
-104.855, -0.429492
-104.885, -0.441944
-104.915, -0.450518
-104.946, -0.454172
-104.976, -0.451982
-105.007, -0.443165
-105.037, -0.427107
-105.067, -0.403393
-105.098, -0.371828
-105.128, -0.332431
-105.158, -0.285458
-105.189, -0.231380
-105.219, -0.170900
-105.249, -0.104901
-105.280, -0.034457
-105.310, 0.039217
-105.341, 0.114796
-105.371, 0.190872
-105.401, 0.266006
-105.432, 0.338764
-105.462, 0.407759
-105.492, 0.471688
-105.523, 0.529375
-105.553, 0.579810
-105.583, 0.622159
-105.614, 0.655811
-105.644, 0.680381
-105.674, 0.695727
-105.705, 0.701944
-105.735, 0.699374
-105.766, 0.688580
-105.796, 0.670334
-105.826, 0.645599
-105.857, 0.615481
-105.887, 0.581210
-105.917, 0.544098
-105.948, 0.505494
-105.978, 0.466745
-106.008, 0.429163
-106.039, 0.393970
-106.069, 0.362283
-106.100, 0.335059
-106.130, 0.313084
-106.160, 0.296957
-106.191, 0.287061
-106.221, 0.283559
-106.251, 0.286404
-106.282, 0.295337
-106.312, 0.309905
-106.342, 0.329474
-106.373, 0.353263
-106.403, 0.380372
-106.434, 0.409805
-106.464, 0.440516
-106.494, 0.471444
-106.525, 0.501545
-106.555, 0.529823
-106.585, 0.555376
-106.616, 0.577402
-106.646, 0.595247
-106.676, 0.608403
-106.707, 0.616526
-106.737, 0.619452
-106.767, 0.617178
-106.798, 0.609871
-106.828, 0.597847
-106.859, 0.581557
-106.889, 0.561556
-106.919, 0.538494
-106.950, 0.513071
-106.980, 0.486010
-107.010, 0.458034
-107.041, 0.429836
-107.071, 0.402030
-107.101, 0.375163
-107.132, 0.349664
-107.162, 0.325839
-107.193, 0.303864
-107.223, 0.283771
-107.253, 0.265457
-107.284, 0.248693
-107.314, 0.233124
-107.344, 0.218293
-107.375, 0.203671
-107.405, 0.188675
-107.435, 0.172689
-107.466, 0.155108
-107.496, 0.135358
-107.527, 0.112927
-107.557, 0.087395
-107.587, 0.058462
-107.618, 0.025950
-107.648, -0.010161
-107.678, -0.049729
-107.709, -0.092455
-107.739, -0.137879
-107.769, -0.185380
-107.800, -0.234203
-107.830, -0.283480
-107.861, -0.332247
-107.891, -0.379466
-107.921, -0.424081
-107.952, -0.465030
-107.982, -0.501286
-108.012, -0.531900
-108.043, -0.556024
-108.073, -0.572943
-108.103, -0.582108
-108.134, -0.583150
-108.164, -0.575894
-108.194, -0.560384
-108.225, -0.536869
-108.255, -0.505805
-108.286, -0.467851
-108.316, -0.423844
-108.346, -0.374784
-108.377, -0.323226
-108.407, -0.268970
-108.437, -0.213315
-108.468, -0.157585
-108.498, -0.103088
-108.528, -0.051099
-108.559, -0.002796
-108.589, 0.040749
-108.620, 0.078611
-108.650, 0.110036
-108.680, 0.134447
-108.711, 0.151483
-108.741, 0.160971
-108.771, 0.162954
-108.802, 0.157672
-108.832, 0.145540
-108.862, 0.127152
-108.893, 0.103234
-108.923, 0.074634
-108.954, 0.042284
-108.984, 0.007167
-109.014, -0.029719
-109.045, -0.067379
-109.075, -0.104867
-109.105, -0.141307
-109.136, -0.175918
-109.166, -0.208033
-109.196, -0.237117
-109.227, -0.262775
-109.257, -0.284748
-109.287, -0.302932
-109.318, -0.317349
-109.348, -0.328138
-109.379, -0.335558
-109.409, -0.339941
-109.439, -0.341688
-109.470, -0.341237
-109.500, -0.339039
-109.530, -0.335528
-109.561, -0.331118
-109.591, -0.326150
-109.621, -0.320902
-109.652, -0.315558
-109.682, -0.310213
-109.713, -0.304860
-109.743, -0.299386
-109.773, -0.293590
-109.804, -0.287189
-109.834, -0.279829
-109.864, -0.271110
-109.895, -0.260605
-109.925, -0.247883
-109.955, -0.232540
-109.986, -0.214220
-110.016, -0.192631
-110.047, -0.167589
-110.077, -0.139009
-110.107, -0.106947
-110.138, -0.071596
-110.168, -0.033287
-110.198, 0.007494
-110.229, 0.050127
-110.259, 0.093861
-110.289, 0.137841
-110.320, 0.181117
-110.350, 0.222674
-110.381, 0.261471
-110.411, 0.296460
-110.441, 0.326623
-110.472, 0.351013
-110.502, 0.368777
-110.532, 0.379189
-110.563, 0.381679
-110.593, 0.375854
-110.623, 0.361522
-110.654, 0.338684
-110.684, 0.307572
-110.714, 0.268613
-110.745, 0.222450
-110.775, 0.169908
-110.806, 0.111987
-110.836, 0.049828
-110.866, -0.015321
-110.897, -0.082120
-110.927, -0.149200
-110.957, -0.215179
-110.988, -0.278716
-111.018, -0.338541
-111.048, -0.393492
-111.079, -0.442536
-111.109, -0.484822
-111.140, -0.519677
-111.170, -0.546634
-111.200, -0.565436
-111.231, -0.576051
-111.261, -0.578651
-111.291, -0.573609
-111.322, -0.561490
-111.352, -0.543011
-111.382, -0.519031
-111.413, -0.490512
-111.443, -0.458488
-111.474, -0.424025
-111.504, -0.388200
-111.534, -0.352046
-111.565, -0.316545
-111.595, -0.282574
-111.625, -0.250902
-111.656, -0.222156
-111.686, -0.196815
-111.716, -0.175195
-111.747, -0.157457
-111.777, -0.143589
-111.807, -0.133449
-111.838, -0.126746
-111.868, -0.123074
-111.899, -0.121943
-111.929, -0.122785
-111.959, -0.124993
-111.990, -0.127950
-112.020, -0.131048
-112.050, -0.133722
-112.081, -0.135466
-112.111, -0.135863
-112.141, -0.134591
-112.172, -0.131434
-112.202, -0.126299
-112.233, -0.116309
-112.263, -0.104494
-112.293, -0.091094
-112.324, -0.076434
-112.354, -0.060917
-112.384, -0.044997
-112.415, -0.029154
-112.445, -0.013878
-112.475, 0.000364
-112.506, 0.013149
-112.536, 0.024112
-112.567, 0.032978
-112.597, 0.039570
-112.627, 0.043828
-112.658, 0.045801
-112.688, 0.045668
-112.718, 0.043719
-112.749, 0.040359
-112.779, 0.036085
-112.809, 0.031472
-112.840, 0.027161
-112.870, 0.023814
-112.900, 0.022112
-112.931, 0.022709
-112.961, 0.026214
-112.992, 0.033164
-113.022, 0.043998
-113.052, 0.059036
-113.083, 0.078463
-113.113, 0.102315
-113.143, 0.130475
-113.174, 0.162663
-113.204, 0.198452
-113.234, 0.237266
-113.265, 0.278398
-113.295, 0.321039
-113.326, 0.364281
-113.356, 0.407171
-113.386, 0.448713
-113.417, 0.487922
-113.447, 0.523842
-113.477, 0.555583
-113.508, 0.582347
-113.538, 0.603457
-113.568, 0.618370
-113.599, 0.626717
-113.629, 0.628283
-113.660, 0.623044
-113.690, 0.611146
-113.720, 0.592913
-113.751, 0.568826
-113.781, 0.539520
-113.811, 0.505745
-113.842, 0.468357
-113.872, 0.428275
-113.902, 0.386463
-113.933, 0.343889
-113.963, 0.301499
-113.994, 0.260187
-114.024, 0.220761
-114.054, 0.183921
-114.085, 0.150244
-114.115, 0.120161
-114.145, 0.093950
-114.176, 0.071736
-114.206, 0.053479
-114.236, 0.038996
-114.267, 0.027970
-114.297, 0.019960
-114.327, 0.014428
-114.358, 0.010775
-114.388, 0.008343
-114.419, 0.006471
-114.449, 0.004509
-114.479, 0.001843
-114.510, -0.002060
-114.540, -0.007650
-114.570, -0.015261
-114.601, -0.025102
-114.631, -0.037247
-114.661, -0.051630
-114.692, -0.068042
-114.722, -0.086151
-114.753, -0.105503
-114.783, -0.125543
-114.813, -0.145640
-114.844, -0.165109
-114.874, -0.183241
-114.904, -0.199333
-114.935, -0.212711
-114.965, -0.222766
-114.995, -0.228982
-115.026, -0.230946
-115.056, -0.228387
-115.087, -0.221172
-115.117, -0.209332
-115.147, -0.193052
-115.178, -0.172673
-115.208, -0.148693
-115.238, -0.121735
-115.269, -0.092542
-115.299, -0.061949
-115.329, -0.030850
-115.360, -0.000175
-115.390, 0.029144
-115.420, 0.056214
-115.451, 0.080201
-115.481, 0.100366
-115.512, 0.116097
-115.542, 0.126924
-115.572, 0.132541
-115.603, 0.132822
-115.633, 0.127821
-115.663, 0.117779
-115.694, 0.103115
-115.724, 0.084412
-115.754, 0.062399
-115.785, 0.037933
-115.815, 0.011960
-115.846, -0.014504
-115.876, -0.040417
-115.906, -0.064748
-115.937, -0.086497
-115.967, -0.104747
-115.997, -0.118692
-116.028, -0.127655
-116.058, -0.131122
-116.088, -0.132149
-116.119, -0.127200
-116.149, -0.116329
-116.180, -0.099778
-116.210, -0.077980
-116.240, -0.051549
-116.271, -0.021241
-116.301, 0.012051
-116.331, 0.047341
-116.362, 0.083572
-116.392, 0.119656
-116.422, 0.154515
-116.453, 0.187104
-116.483, 0.216454
-116.513, 0.241703
-116.544, 0.262120
-116.574, 0.277130
-116.605, 0.286325
-116.635, 0.289484
-116.665, 0.286571
-116.696, 0.277737
-116.726, 0.263306
-116.756, 0.243766
-116.787, 0.219743
-116.817, 0.191983
-116.847, 0.161317
-116.878, 0.128635
-116.908, 0.094846
-116.939, 0.060857
-116.969, 0.027523
-116.999, -0.004367
-117.030, -0.034124
-117.060, -0.061182
-117.090, -0.085121
-117.121, -0.105666
-117.151, -0.122705
-117.181, -0.136285
-117.212, -0.146609
-117.242, -0.154016
-117.273, -0.158976
-117.303, -0.162055
-117.333, -0.163901
-117.364, -0.165201
-117.394, -0.166668
-117.424, -0.168988
-117.455, -0.172813
-117.485, -0.178710
-117.515, -0.187152
-117.546, -0.198479
-117.576, -0.212902
-117.607, -0.230468
-117.637, -0.251067
-117.667, -0.274431
-117.698, -0.300135
-117.728, -0.327616
-117.758, -0.356183
-117.789, -0.385049
-117.819, -0.413346
-117.849, -0.440170
-117.880, -0.464600
-117.910, -0.485735
-117.940, -0.502737
-117.971, -0.514853
-118.001, -0.521441
-118.032, -0.522009
-118.062, -0.516219
-118.092, -0.503922
-118.123, -0.485149
-118.153, -0.460127
-118.183, -0.429274
-118.214, -0.393180
-118.244, -0.352597
-118.274, -0.308434
-118.305, -0.261695
-118.335, -0.213486
-118.366, -0.164950
-118.396, -0.117257
-118.426, -0.071552
-118.457, -0.028926
-118.487, 0.009618
-118.517, 0.043201
-118.548, 0.071087
-118.578, 0.092709
-118.608, 0.107692
-118.639, 0.115851
-118.669, 0.117202
-118.700, 0.111966
-118.730, 0.100550
-118.760, 0.083537
-118.791, 0.061665
-118.821, 0.035806
-118.851, 0.006935
-118.882, -0.023901
-118.912, -0.055617
-118.942, -0.087128
-118.973, -0.117370
-119.003, -0.145340
-119.033, -0.170128
-119.064, -0.190931
-119.094, -0.207089
-119.125, -0.218085
-119.155, -0.223567
-119.185, -0.223352
-119.216, -0.217415
-119.246, -0.205898
-119.276, -0.189089
-119.307, -0.167405
-119.337, -0.141385
-119.367, -0.111646
-119.398, -0.078883
-119.428, -0.043825
-119.459, -0.007214
-119.489, 0.030218
-119.519, 0.067764
-119.550, 0.104785
-119.580, 0.140705
-119.610, 0.175038
-119.641, 0.207387
-119.671, 0.237459
-119.701, 0.265057
-119.732, 0.290085
-119.762, 0.312526
-119.793, 0.332442
-119.823, 0.349962
-119.853, 0.365251
-119.884, 0.378497
-119.914, 0.389906
-119.944, 0.399661
-119.975, 0.410935
-120.005, 0.420835
-120.035, 0.429421
-120.066, 0.436690
-120.096, 0.442573
-120.127, 0.446918
-120.157, 0.449517
-120.187, 0.450098
-120.218, 0.448339
-120.248, 0.443884
-120.278, 0.436356
-120.309, 0.425389
-120.339, 0.410634
-120.369, 0.391786
-120.400, 0.368616
-120.430, 0.340975
-120.460, 0.308822
-120.491, 0.272232
-120.521, 0.231413
-120.552, 0.186713
-120.582, 0.138619
-120.612, 0.087749
-120.643, 0.034853
-120.673, -0.019205
-120.703, -0.073468
-120.734, -0.126901
-120.764, -0.178427
-120.794, -0.226946
-120.825, -0.271373
-120.855, -0.310669
-120.886, -0.343876
-120.916, -0.370134
-120.946, -0.388726
-120.977, -0.399092
-121.007, -0.400856
-121.037, -0.393837
-121.068, -0.378058
-121.098, -0.353759
-121.128, -0.321388
-121.159, -0.281586
-121.189, -0.235188
-121.220, -0.183188
-121.250, -0.126723
-121.280, -0.067034
-121.311, -0.005439
-121.341, 0.056699
-121.371, 0.118024
-121.402, 0.177209
-121.432, 0.233007
-121.462, 0.284267
-121.493, 0.329987
-121.523, 0.369320
-121.553, 0.401615
-121.584, 0.426415
-121.614, 0.443478
-121.645, 0.452780
-121.675, 0.454502
-121.705, 0.449034
-121.736, 0.436951
-121.766, 0.418994
-121.796, 0.396040
-121.827, 0.369078
-121.857, 0.339175
-121.887, 0.307438
-121.918, 0.274985
-121.948, 0.242907
-121.979, 0.212231
-122.009, 0.183905
-122.039, 0.158754
-122.070, 0.137466
-122.100, 0.120577
-122.130, 0.108465
-122.161, 0.101324
-122.191, 0.099189
-122.221, 0.101925
-122.252, 0.109251
-122.282, 0.120745
-122.313, 0.135873
-122.343, 0.154005
-122.373, 0.174453
-122.404, 0.196484
-122.434, 0.219356
-122.464, 0.242351
-122.495, 0.264785
-122.525, 0.286048
-122.555, 0.305609
-122.586, 0.323043
-122.616, 0.338040
-122.646, 0.350404
-122.677, 0.360066
-122.707, 0.367070
-122.738, 0.371578
-122.768, 0.373844
-122.798, 0.374206
-122.829, 0.373065
-122.859, 0.370863
-122.889, 0.368064
-122.920, 0.365126
-122.950, 0.362484
-122.980, 0.360521
-123.011, 0.359560
-123.041, 0.359835
-123.072, 0.361488
-123.102, 0.364560
-123.132, 0.368982
-123.163, 0.374579
-123.193, 0.381073
-123.223, 0.388098
-123.254, 0.395206
-123.284, 0.401886
-123.314, 0.407590
-123.345, 0.411750
-123.375, 0.413800
-123.406, 0.413200
-123.436, 0.409465
-123.466, 0.402181
-123.497, 0.391028
-123.527, 0.375792
-123.557, 0.356383
-123.588, 0.332841
-123.618, 0.305344
-123.648, 0.274201
-123.679, 0.239848
-123.709, 0.202851
-123.740, 0.163867
-123.770, 0.123644
-123.800, 0.082993
-123.831, 0.042754
-123.861, 0.003800
-123.891, -0.033018
-123.922, -0.066898
-123.952, -0.097103
-123.982, -0.122987
-124.013, -0.144024
-124.043, -0.159824
-124.073, -0.170138
-124.104, -0.174882
-124.134, -0.174136
-124.165, -0.168142
-124.195, -0.157296
-124.225, -0.142152
-124.256, -0.123385
-124.286, -0.101795
-124.316, -0.078264
-124.347, -0.053744
-124.377, -0.029222
-124.407, -0.005697
-124.438, 0.015858
-124.468, 0.034516
-124.499, 0.049427
-124.529, 0.059843
-124.559, 0.065135
-124.590, 0.064819
-124.620, 0.058562
-124.650, 0.046186
-124.681, 0.027696
-124.711, 0.003248
-124.741, -0.026845
-124.772, -0.062118
-124.802, -0.101973
-124.833, -0.145700
-124.863, -0.192496
-124.893, -0.241491
-124.924, -0.291773
-124.954, -0.342407
-124.984, -0.392475
-125.015, -0.441092
-125.045, -0.487425
-125.075, -0.530725
-125.106, -0.570338
-125.136, -0.605720
-125.166, -0.636447
-125.197, -0.662222
-125.227, -0.682881
-125.258, -0.698386
-125.288, -0.708821
-125.318, -0.714381
-125.349, -0.715364
-125.379, -0.712152
-125.409, -0.705195
-125.440, -0.694986
-125.470, -0.682056
-125.500, -0.666944
-125.531, -0.650179
-125.561, -0.632261
-125.592, -0.613647
-125.622, -0.594750
-125.652, -0.575898
-125.683, -0.557355
-125.713, -0.539305
-125.743, -0.521844
-125.774, -0.504996
-125.804, -0.488703
-125.834, -0.472840
-125.865, -0.457226
-125.895, -0.441629
-125.926, -0.425782
-125.956, -0.409400
-125.986, -0.392195
-126.017, -0.373877
-126.047, -0.354190
-126.077, -0.332906
-126.108, -0.309847
-126.138, -0.284889
-126.168, -0.257970
-126.199, -0.229101
-126.229, -0.198358
-126.259, -0.165888
-126.290, -0.131912
-126.320, -0.096708
-126.351, -0.060615
-126.381, -0.024013
-126.411, 0.012673
-126.442, 0.048994
-126.472, 0.084484
-126.502, 0.118681
-126.533, 0.151126
-126.563, 0.181385
-126.593, 0.209050
-126.624, 0.233768
-126.654, 0.255224
-126.685, 0.273164
-126.715, 0.287391
-126.745, 0.297782
-126.776, 0.304269
-126.806, 0.306852
-126.836, 0.305596
-126.867, 0.300622
-126.897, 0.292108
-126.927, 0.280276
-126.958, 0.265387
-126.988, 0.247739
-127.019, 0.227646
-127.049, 0.205455
-127.079, 0.181501
-127.110, 0.156137
-127.140, 0.129709
-127.170, 0.102547
-127.201, 0.074972
-127.231, 0.047287
-127.261, 0.019771
-127.292, -0.007317
-127.322, -0.033742
-127.353, -0.059288
-127.383, -0.083764
-127.413, -0.106997
-127.444, -0.128837
-127.474, -0.149140
-127.504, -0.167786
-127.535, -0.184655
-127.565, -0.199651
-127.595, -0.212669
-127.626, -0.223621
-127.656, -0.232419
-127.686, -0.242279
-127.717, -0.249832
-127.747, -0.255017
-127.778, -0.257771
-127.808, -0.258051
-127.838, -0.255827
-127.869, -0.251078
-127.899, -0.243812
-127.929, -0.234056
-127.960, -0.221855
-127.990, -0.207296
-128.020, -0.190479
-128.051, -0.171552
-128.081, -0.150677
-128.112, -0.128061
-128.142, -0.103935
-128.172, -0.078566
-128.203, -0.052238
-128.233, -0.025271
-128.263, 0.002005
-128.294, 0.029236
-128.324, 0.056067
-128.354, 0.082127
-128.385, 0.107056
-128.415, 0.130491
-128.446, 0.152092
-128.476, 0.171529
-128.506, 0.188503
-128.537, 0.202740
-128.567, 0.214014
-128.597, 0.222127
-128.628, 0.226928
-128.658, 0.228312
-128.688, 0.226230
-128.719, 0.220680
-128.749, 0.211713
-128.779, 0.199426
-128.810, 0.183975
-128.840, 0.165564
-128.871, 0.144436
-128.901, 0.120877
-128.931, 0.095221
-128.962, 0.067824
-128.992, 0.039072
-129.022, 0.009376
-129.053, -0.020839
-129.083, -0.051144
-129.113, -0.081103
-129.144, -0.110287
-129.174, -0.138280
-129.205, -0.164686
-129.235, -0.189130
-129.265, -0.211273
-129.296, -0.230811
-129.326, -0.247479
-129.356, -0.261062
-129.387, -0.271393
-129.417, -0.278355
-129.447, -0.281887
-129.478, -0.281977
-129.508, -0.278675
-129.539, -0.272073
-129.569, -0.262313
-129.599, -0.249588
-129.630, -0.234129
-129.660, -0.216197
-129.690, -0.196087
-129.721, -0.174114
-129.751, -0.150607
-129.781, -0.125902
-129.812, -0.100331
-129.842, -0.074225
-129.872, -0.047890
-129.903, -0.021614
-129.933, 0.004343
-129.964, 0.029755
-129.994, 0.054432
-130.024, 0.078224
-130.055, 0.101026
-130.085, 0.122763
-130.115, 0.143411
-130.146, 0.162973
-130.176, 0.181485
-130.206, 0.199007
-130.237, 0.215618
-130.267, 0.231414
-130.298, 0.246480
-130.328, 0.260908
-130.358, 0.274770
-130.389, 0.288117
-130.419, 0.300965
-130.449, 0.313308
-130.480, 0.325081
-130.510, 0.336192
-130.540, 0.346495
-130.571, 0.355801
-130.601, 0.363876
-130.632, 0.370455
-130.662, 0.375236
-130.692, 0.377900
-130.723, 0.378112
-130.753, 0.375546
-130.783, 0.369884
-130.814, 0.360839
-130.844, 0.348165
-130.874, 0.331677
-130.905, 0.311253
-130.935, 0.286858
-130.966, 0.258547
-130.996, 0.226479
-131.026, 0.190918
-131.057, 0.152228
-131.087, 0.110890
-131.117, 0.067484
-131.148, 0.022682
-131.178, -0.022764
-131.208, -0.068029
-131.239, -0.112237
-131.269, -0.154491
-131.299, -0.193888
-131.330, -0.229533
-131.360, -0.260590
-131.391, -0.286287
-131.421, -0.305943
-131.451, -0.319005
-131.482, -0.325048
-131.512, -0.323816
-131.542, -0.311243
-131.573, -0.291402
-131.603, -0.264571
-131.633, -0.231221
-131.664, -0.192007
-131.694, -0.147755
-131.725, -0.099444
-131.755, -0.048194
-131.785, 0.004774
-131.816, 0.058149
-131.846, 0.110585
-131.876, 0.160720
-131.907, 0.207217
-131.937, 0.248800
-131.967, 0.284300
-131.998, 0.312683
-132.028, 0.333076
-132.059, 0.344805
-132.089, 0.347416
-132.119, 0.340686
-132.150, 0.324643
-132.180, 0.299562
-132.210, 0.265974
-132.241, 0.224641
-132.271, 0.176553
-132.301, 0.122897
-132.332, 0.065028
-132.362, 0.004434
-132.392, -0.057301
-132.423, -0.118541
-132.453, -0.177641
-132.484, -0.232993
-132.514, -0.283080
-132.544, -0.326510
-132.575, -0.362053
-132.605, -0.388682
-132.635, -0.405609
-132.666, -0.412300
-132.696, -0.408496
-132.726, -0.394219
-132.757, -0.369773
-132.787, -0.335742
-132.818, -0.292969
-132.848, -0.242535
-132.878, -0.185728
-132.909, -0.124010
-132.939, -0.058967
-132.969, 0.007722
-133.000, 0.074342
-133.030, 0.139195
-133.060, 0.200637
-133.091, 0.257127
-133.121, 0.307279
-133.152, 0.349892
-133.182, 0.383982
-133.212, 0.408826
-133.243, 0.423941
-133.273, 0.429147
-133.303, 0.424527
-133.334, 0.410437
-133.364, 0.387500
-133.394, 0.356564
-133.425, 0.318692
-133.455, 0.275118
-133.486, 0.227204
-133.516, 0.176404
-133.546, 0.124216
-133.577, 0.072128
-133.607, 0.021585
-133.637, -0.026073
-133.668, -0.069627
-133.698, -0.108036
-133.728, -0.140458
-133.759, -0.166276
-133.789, -0.185104
-133.819, -0.196808
-133.850, -0.201495
-133.880, -0.199515
-133.911, -0.191430
-133.941, -0.178003
-133.971, -0.160170
-134.002, -0.138985
-134.032, -0.115608
-134.062, -0.091247
-134.093, -0.067122
-134.123, -0.044419
-134.153, -0.024240
-134.184, -0.007591
-134.214, 0.004683
-134.245, 0.011908
-134.275, 0.013604
-134.305, 0.009514
-134.336, -0.000413
-134.366, -0.015987
-134.396, -0.036817
-134.427, -0.062302
-134.457, -0.091668
-134.487, -0.123996
-134.518, -0.158231
-134.548, -0.193254
-134.579, -0.227892
-134.609, -0.260975
-134.639, -0.291371
-134.670, -0.318027
-134.700, -0.340000
-134.730, -0.356501
-134.761, -0.366910
-134.791, -0.370806
-134.821, -0.367981
-134.852, -0.358441
-134.882, -0.342413
-134.912, -0.320331
-134.943, -0.292830
-134.973, -0.260718
-135.004, -0.224949
-135.034, -0.186593
-135.064, -0.146801
-135.095, -0.106765
-135.125, -0.067671
-135.155, -0.030670
-135.186, 0.003166
-135.216, 0.032885
-135.246, 0.057676
-135.277, 0.076909
-135.307, 0.090148
-135.338, 0.097158
-135.368, 0.097939
-135.398, 0.092696
-135.429, 0.078447
-135.459, 0.059214
-135.489, 0.035788
-135.520, 0.009108
-135.550, -0.019763
-135.580, -0.049692
-135.611, -0.079503
-135.641, -0.108006
-135.672, -0.134066
-135.702, -0.156615
-135.732, -0.174702
-135.763, -0.187520
-135.793, -0.194439
-135.823, -0.195029
-135.854, -0.189058
-135.884, -0.176525
-135.914, -0.157649
-135.945, -0.132857
-135.975, -0.102782
-136.005, -0.068237
-136.036, -0.030190
-136.066, 0.010265
-136.097, 0.051950
-136.127, 0.093635
-136.157, 0.134074
-136.188, 0.172058
-136.218, 0.206439
-136.248, 0.236174
-136.279, 0.260371
-136.309, 0.278287
-136.339, 0.289384
-136.370, 0.293326
-136.400, 0.289990
-136.431, 0.279485
-136.461, 0.262134
-136.491, 0.238466
-136.522, 0.209199
-136.552, 0.175217
-136.582, 0.137548
-136.613, 0.097326
-136.643, 0.055747
-136.673, 0.014049
-136.704, -0.026541
-136.734, -0.064840
-136.765, -0.099738
-136.795, -0.130248
-136.825, -0.155514
-136.856, -0.174852
-136.886, -0.187764
-136.916, -0.193948
-136.947, -0.193307
-136.977, -0.185949
-137.007, -0.172172
-137.038, -0.152463
-137.068, -0.127483
-137.099, -0.098015
-137.129, -0.064972
-137.159, -0.029343
-137.190, 0.007834
-137.220, 0.045501
-137.250, 0.082620
-137.281, 0.118202
-137.311, 0.151345
-137.341, 0.181256
-137.372, 0.207259
-137.402, 0.228846
-137.432, 0.245657
-137.463, 0.257516
-137.493, 0.264407
-137.524, 0.266484
-137.554, 0.264062
-137.584, 0.257599
-137.615, 0.247675
-137.645, 0.234972
-137.675, 0.220247
-137.706, 0.204307
-137.736, 0.187971
-137.766, 0.172058
-137.797, 0.157345
-137.827, 0.144546
-137.858, 0.134281
-137.888, 0.127076
-137.918, 0.123319
-137.949, 0.123278
-137.979, 0.127070
-138.009, 0.134673
-138.040, 0.145921
-138.070, 0.160524
-138.100, 0.178063
-138.131, 0.198012
-138.161, 0.219775
-138.192, 0.242676
-138.222, 0.266000
-138.252, 0.289016
-138.283, 0.311004
-138.313, 0.331272
-138.343, 0.349176
-138.374, 0.364142
-138.404, 0.375689
-138.434, 0.383435
-138.465, 0.387109
-138.495, 0.386554
-138.525, 0.381740
-138.556, 0.372749
-138.586, 0.359777
-138.617, 0.343114
-138.647, 0.323157
-138.677, 0.300368
-138.708, 0.275268
-138.738, 0.248422
-138.768, 0.220424
-138.799, 0.191871
-138.829, 0.163338
-138.859, 0.135387
-138.890, 0.108524
-138.920, 0.083202
-138.951, 0.059816
-138.981, 0.038672
-139.011, 0.020010
-139.042, 0.003987
-139.072, -0.009324
-139.102, -0.019918
-139.133, -0.027863
-139.163, -0.033290
-139.193, -0.036374
-139.224, -0.037348
-139.254, -0.036457
-139.285, -0.031481
-139.315, -0.025197
-139.345, -0.017886
-139.376, -0.009815
-139.406, -0.001235
-139.436, 0.007623
-139.467, 0.016556
-139.497, 0.025396
-139.527, 0.033993
-139.558, 0.042236
-139.588, 0.050032
-139.618, 0.057313
-139.649, 0.064022
-139.679, 0.070113
-139.710, 0.075536
-139.740, 0.080257
-139.770, 0.084215
-139.801, 0.087343
-139.831, 0.089559
-139.861, 0.090766
-139.892, 0.090842
-139.922, 0.089657
-139.952, 0.087059
-139.983, 0.082894
-140.013, 0.077003
-140.044, 0.069235
-140.074, 0.059443
-140.104, 0.047510
-140.135, 0.033347
-140.165, 0.016905
-140.195, -0.001824
-140.226, -0.022782
-140.256, -0.045860
-140.286, -0.070888
-140.317, -0.097634
-140.347, -0.125793
-140.378, -0.155009
-140.408, -0.184872
-140.438, -0.214926
-140.469, -0.244676
-140.499, -0.273611
-140.529, -0.301204
-140.560, -0.326939
-140.590, -0.350314
-140.620, -0.370867
-140.651, -0.388187
-140.681, -0.401928
-140.712, -0.411813
-140.742, -0.417661
-140.772, -0.419375
-140.803, -0.416963
-140.833, -0.410530
-140.863, -0.400279
-140.894, -0.386501
-140.924, -0.369578
-140.954, -0.349959
-140.985, -0.328153
-141.015, -0.304709
-141.045, -0.280209
-141.076, -0.255225
-141.106, -0.230321
-141.137, -0.206030
-141.167, -0.182835
-141.197, -0.161132
-141.228, -0.141251
-141.258, -0.123416
-141.288, -0.107756
-141.319, -0.094281
-141.349, -0.082897
-141.379, -0.073398
-141.410, -0.065495
-141.440, -0.058793
-141.471, -0.052836
-141.501, -0.047107
-141.531, -0.041066
-141.562, -0.034148
-141.592, -0.025816
-141.622, -0.015558
-141.653, -0.002936
-141.683, 0.012426
-141.713, 0.030784
-141.744, 0.052281
-141.774, 0.076932
-141.805, 0.104609
-141.835, 0.135036
-141.865, 0.167805
-141.896, 0.202357
-141.926, 0.238024
-141.956, 0.274014
-141.987, 0.309457
-142.017, 0.343419
-142.047, 0.374925
-142.078, 0.403003
-142.108, 0.426700
-142.138, 0.445124
-142.169, 0.457481
-142.199, 0.463088
-142.230, 0.461413
-142.260, 0.452091
-142.290, 0.434951
-142.321, 0.410022
-142.351, 0.377543
-142.381, 0.337961
-142.412, 0.291936
-142.442, 0.240318
-142.472, 0.184136
-142.503, 0.124569
-142.533, 0.062917
-142.564, 0.000578
-142.594, -0.061005
-142.624, -0.120377
-142.655, -0.176105
-142.685, -0.226827
-142.715, -0.271293
-142.746, -0.308396
-142.776, -0.337214
-142.806, -0.357032
-142.837, -0.367361
-142.867, -0.367978
-142.898, -0.358904
-142.928, -0.340430
-142.958, -0.313108
-142.989, -0.277730
-143.019, -0.235313
-143.049, -0.187076
-143.080, -0.134399
-143.110, -0.078805
-143.140, -0.021049
-143.171, 0.036388
-143.201, 0.091872
-143.232, 0.143810
-143.262, 0.190709
-143.292, 0.231210
-143.323, 0.264137
-143.353, 0.288505
-143.383, 0.303584
-143.414, 0.308896
-143.444, 0.304223
-143.474, 0.289640
-143.505, 0.265481
-143.535, 0.232353
-143.565, 0.191107
-143.596, 0.142804
-143.626, 0.088714
-143.657, 0.030245
-143.687, -0.031077
-143.717, -0.093657
-143.748, -0.155873
-143.778, -0.216135
-143.808, -0.272897
-143.839, -0.324750
-143.869, -0.370402
-143.899, -0.408764
-143.930, -0.438942
-143.960, -0.460277
-143.991, -0.472352
-144.021, -0.475006
-144.051, -0.468324
-144.082, -0.452643
-144.112, -0.428521
-144.142, -0.396729
-144.173, -0.358223
-144.203, -0.314108
-144.233, -0.265605
-144.264, -0.214016
-144.294, -0.160672
-144.325, -0.106918
-144.355, -0.054051
-144.385, -0.003294
-144.416, 0.044236
-144.446, 0.087553
-144.476, 0.125841
-144.507, 0.158454
-144.537, 0.184939
-144.567, 0.205033
-144.598, 0.218670
-144.628, 0.225975
-144.658, 0.227242
-144.689, 0.222922
-144.719, 0.213606
-144.750, 0.199986
-144.780, 0.182841
-144.810, 0.162993
-144.841, 0.141296
-144.871, 0.118582
-144.901, 0.095653
-144.932, 0.073237
-144.962, 0.051986
-144.992, 0.032439
-145.023, 0.015020
-145.053, 0.000013
-145.084, -0.012411
-145.114, -0.022232
-145.144, -0.029544
-145.175, -0.034562
-145.205, -0.037597
-145.235, -0.039042
-145.266, -0.039347
-145.296, -0.039009
-145.326, -0.038519
-145.357, -0.038373
-145.387, -0.039019
-145.418, -0.040855
-145.448, -0.044191
-145.478, -0.049256
-145.509, -0.056159
-145.539, -0.064908
-145.569, -0.075379
-145.600, -0.087338
-145.630, -0.100441
-145.660, -0.114236
-145.691, -0.128188
-145.721, -0.141688
-145.751, -0.154083
-145.782, -0.164694
-145.812, -0.172832
-145.843, -0.177843
-145.873, -0.179116
-145.903, -0.176112
-145.934, -0.168384
-145.964, -0.155605
-145.994, -0.137568
-146.025, -0.114213
-146.055, -0.085618
-146.085, -0.052021
-146.116, -0.013798
-146.146, 0.028523
-146.177, 0.074294
-146.207, 0.122750
-146.237, 0.173030
-146.268, 0.224196
-146.298, 0.275271
-146.328, 0.325250
-146.359, 0.373132
-146.389, 0.417948
-146.419, 0.458790
-146.450, 0.494826
-146.480, 0.525329
-146.511, 0.549697
-146.541, 0.567462
-146.571, 0.578308
-146.602, 0.582068
-146.632, 0.578739
-146.662, 0.568469
-146.693, 0.551559
-146.723, 0.528446
-146.753, 0.499688
-146.784, 0.465962
-146.814, 0.428018
-146.845, 0.386682
-146.875, 0.342818
-146.905, 0.297311
-146.936, 0.251042
-146.966, 0.204870
-146.996, 0.159599
-147.027, 0.115980
-147.057, 0.074677
-147.087, 0.036261
-147.118, 0.001201
-147.148, -0.030138
-147.178, -0.057506
-147.209, -0.080761
-147.239, -0.099868
-147.270, -0.114888
-147.300, -0.125971
-147.330, -0.133347
-147.361, -0.137314
-147.391, -0.138205
-147.421, -0.136409
-147.452, -0.132319
-147.482, -0.126355
-147.512, -0.118910
-147.543, -0.110377
-147.573, -0.101117
-147.604, -0.091460
-147.634, -0.081695
-147.664, -0.072077
-147.695, -0.062810
-147.725, -0.054066
-147.755, -0.045971
-147.786, -0.038627
-147.816, -0.032104
-147.846, -0.026455
-147.877, -0.021717
-147.907, -0.017922
-147.938, -0.015105
-147.968, -0.013303
-147.998, -0.012568
-148.029, -0.012959
-148.059, -0.014557
-148.089, -0.017458
-148.120, -0.021763
-148.150, -0.027588
-148.180, -0.035054
-148.211, -0.044271
-148.241, -0.055345
-148.271, -0.068351
-148.302, -0.083343
-148.332, -0.100333
-148.363, -0.119279
-148.393, -0.140090
-148.423, -0.162612
-148.454, -0.186619
-148.484, -0.211820
-148.514, -0.237855
-148.545, -0.264292
-148.575, -0.290642
-148.605, -0.316356
-148.636, -0.340849
-148.666, -0.363501
-148.697, -0.383673
-148.727, -0.400728
-148.757, -0.414039
-148.788, -0.423030
-148.818, -0.427168
-148.848, -0.425988
-148.879, -0.419121
-148.909, -0.406296
##END=
