##TITLE=      Hagfish alpha powder old (2023) - C13 - CPMAS - CT 2m - 35 kHz - 
##JCAMP-DX=   5.01   $$ Agilent Technologies, VNMR Software
$$ VNMR Version VERSION Revision REVISION, May 22, 2014
$$ 2026/09/29 18:24:14 -0700
$$ writedata version 9.4, 2007-03-15
$$   listparam.c 3.2 (2009-03-17_09:34)
##DATA TYPE=  NMR SPECTRUM
##DATA CLASS= XYDATA
##ORIGIN=     WB400.mrrc.com.(none)
##OWNER=      solids
##SPECTROMETER/DATA SYSTEM=   Varian VNMRS-400
##.OBSERVE FREQUENCY= 100.5240482  $$ MHz
##.OBSERVE NUCLEUS=   ^13C
$$solvent=dmso
##.FIELD=             9.39         $$ Tesla
##.ACQUISITION TIME=  0.0102400    $$ seconds
##.AVERAGES=          16384        $$ number of transients
##RESOLUTION=         3.052        $$ digital resolution in Hz
##.MAS FREQUENCY=     34999        $$ Hz
##.PHASE 0=           134.2        $$ zero order phase correction (left edge)
##.PHASE 1=           -0.000000    $$ first order phase correction, deg/Hz
##$REFERENCE_POINT=   14946.288    $$ Referencing label
$$      Distance of the zero axis position (in Hz) from the last data
$$      point (right edge); positive values -> right edge is below 0 Hz
$$
$$ Varian specific parameters
$$ --------------------------
##$acqcycles=    1
##$acqdim=       1
##$acqpath=      <>
##$acqstatus=    (0..1)  101 0
##$ACQtime=      72220.5972
##$ad=           10                $$ usec
##$adir2tmplt=   <>
##$adirtmplt=    <>
##$aH90=         3475
##$aHhx=         2900
##$aHhy=         1525
##$aHmix=        2000
##$aHspinal=     2000
##$aHtppm=       3475
##$aHwaltz=      0
##$aHyx=         2000
##$alfa=         10                $$ usec
##$alock=        <n>
##$ampmode=      <dddd>
##$apptype=      <solidsseq1d>
##$Archive1=     <>
##$Archive2=     <>
##$archivedir=   <>
##$array=        <>
##$arraydelta=   1
##$arraydim=     1
##$arraydodc=    <n>
##$arraydscale=  <n>
##$arrayelemts=  0
##$arrayflip=    <n>
##$arraystart=   1
##$arraystop=    20
##$at=           0.01024
##$avwdir=       <>
##$aX180=        3500
##$aX90=         3500
##$aXdfs=        0
##$aXhx=         3500
##$aXyx=         875
##$aY90=         2900
##$aYhy=         3950
##$aYspinal=     0
##$aYtppm=       0
##$aYyx=         3225
##$aZ90=         2000
##$bHX=          0
##$bHY=          0
##$bs=           1
##$bYX=          0
##$celem=        1
##$chHspinal=    <dec>
##$chHtppm=      <dec>
##$chHwaltz=     <dec>
##$chHX=         <fr>
##$chHY=         <fr>
##$chXdfs=       <>
##$chYspinal=    <dec2>
##$chYtppm=      <dec2>
##$chYX=         <fr>
##$clearparams=  <frHX toHX chHspinal chHtppm chXdfs>
##$comment=      <>
##$concentration= 0
##$console=      <vnmrs>
##$cp=           <y>
##$ct=           16384
##$d1=           3                 $$ sec
##$d2=           0                 $$ sec
##$d3=           0                 $$ usec
##$dataid=       <>
##$dataProcessed= 0
##$date=         <Oct 22 2024>
##$datname=      <>
##$ddrpm=        <>
##$ddrtc=        20                $$ usec
##$dec2wave=     <g>
##$dec3wave=     <g>
##$decwave=      <g>
##$density=      1
##$dfrq=         399.73942         $$ Hz
##$dfrq2=        40.5041504
##$dfrq3=        0
##$dHX=          125
##$dHY=          100
##$dm=           <n>
##$dm2=          <n>
##$dm3=          <n>
##$dmf=          9900
##$dmf2=         10000
##$dmf3=         10000
##$dmm=          <c>
##$dmm2=         <c>
##$dmm3=         <c>
##$dn=           <H1>
##$dn2=          <N15>
##$dn2shapes=    (0..2)  <> <> <>
##$dn3=          <>
##$dn3shapes=    (0..2)  <> <> <>
##$dnshapes=     (0..2)  <> <> <>
##$dod=          0.00999999977648  $$ sec
##$dof=          -5999.7           $$ Hz
##$dof2=         -5468.4           $$ Hz
##$dof3=         0                 $$ Hz
##$dp=           <y>
##$dpwr=         54
##$dpwr2=        57
##$dpwr3=        54
##$dreffrq=      399.743421015
##$dreffrq2=     40.5210591862
##$dres=         90
##$dres2=        1
##$dres3=        1
##$dseq=         <>
##$dseq2=        <>
##$dseq3=        <>
##$dutyc=        0.1
##$dwell=        0                 $$ usec
##$dYX=          0
##$email_=       <>
##$emailwhen=    <>
##$emessage=     <n>
##$explabel=     <tancpx>
##$explist=      <>
##$exppath=      </home/solids/vnmrsys/exp205/acqfil>
##$f1coef=       <>
##$f1SW=         <>
##$f2SW=         <>
##$faculty=      <>
##$fb=           13800
##$fdfdir=       <>
##$fdffile=      <>
##$fidid=        <>
##$file=         </home/solids/MRRC_CORE_DATA/Steve/2024_08_Hagfish/C13_Hagifish_alpha_powder_NA_2023_CPMAS_2msCT_35kHz.fid>
##$filename=     <>
##$filter=       44.0999984741
##$fn=           32768
##$frHX=         <dec>
##$frHY=         <dec>
##$frYX=         <dec2>
##$ftproc=       (0..1)  1 37
##$gain=         10
##$Gmap=         <lk>
##$Gmapname=     <>
##$go_id=        <exp205.solids.WB400.mrrc.com_1729643162_749796>
##$go_Options=   <go>
##$gxppars=      <>
##$H1reffrq=     399.743421015
##$hdmf=         600
##$hdof=         0                 $$ Hz
##$hdpsmode=     <n>
##$hdpwr=        1
##$hdpwrf=       4095
##$hdres=        9
##$hdseq=        <>
##$hdwave=       <SEDUCE1>
##$Hmixseq=      <>
##$homo=         <n>
##$homo2=        <n>
##$homo3=        <n>
##$hs=           <nn>
##$Hseq=         <tppm>
##$hsrotor=      <y>
##$hst=          0.00800000037998  $$ sec
##$ident=        <>
##$il=           <n>
##$in=           <n>
##$intstd=       <>
##$investigator= <>
##$IPrunid=      <>
##$iswt=         0
##$lb=           20
##$lcpeak_=      0
##$lllabel=      <>
##$load=         <n>
##$loc_=         0
##$locdir=       <>
##$lockfreq_=    61.3632           $$ Hz
##$lockgain_=    0
##$lockphase_=   0
##$lockpower_=   0
##$longlist=     <>
##$lot=          <>
##$lpalg=        <lpfft>
##$lpalg1=       <lpfft>
##$lpext=        5
##$lpext1=       1
##$lpfilt=       32
##$lpfilt1=      32
##$lpnupts=      256
##$lpnupts1=     64
##$lpopt=        <b>
##$lpopt1=       <b>
##$lpprint=      0
##$lpprint1=     0
##$lptrace=      0
##$lptrace1=     0
##$marker1=      <>
##$marker2=      <>
##$markerfrq1=   0
##$markerfrq2=   0
##$method=       <z1z2>
##$mfslp=        <n>
##$MinSW=        <off>
##$modules=      <>
##$name=         <>
##$nameprefix=   <>
##$newmodules=   <>
##$ni=           1
##$nloop=        0
##$notebook=     <>
##$np=           1024
##$npts=         0
##$nt=           16384
##$obsSW=        <>
##$of1Xdfs=      0                 $$ Hz
##$of2Xdfs=      0                 $$ Hz
##$ofHX=         0                 $$ Hz
##$ofHY=         0                 $$ Hz
##$ofXdfs=       0                 $$ Hz
##$ofYX=         0                 $$ Hz
##$operator_=    <solids>
##$p1=           0                 $$ usec
##$p11console=   <>
##$pad=          0                 $$ sec
##$page=         <>
##$paramChanged= 0
##$parlabel=     <>
##$parver=       <VnmrJ VERSION 4.0 REVISION A>
##$parversion=   5.1
##$PFGflg=       <n>
##$phase=        1
##$phHspinal=    9.9864
##$phHtppm=      13.4904
##$phYspinal=    0
##$phYtppm=      0
##$plocklist=    <>
##$plotfile=     <>
##$pltopt=       <y>
##$pmode=        <full>
##$position1=    <>
##$position2=    <>
##$pp=           46.4000053406     $$ usec
##$pplvl=        55
##$pplvl_cf=     1
##$prcopt=       <y>
##$prescan=      (0..10)  <Not done> <Not done> <off> <off> <off> <off> <off> <on> <on> <> <>
##$priority=     5
##$probe_=       <1.6_MM_FMAS>
##$probetype_=   <mas>
##$proc=         <ft>
##$proccmd=      <wft>
##$procdim=      1
##$processid=    0
##$protocols=    <>
##$pslabel=      <tancpx>
##$pw=           5.99999904633     $$ usec
##$pw90=         0                 $$ usec
##$pwH90=        1.4               $$ usec
##$pwHspinal=    8                 $$ usec
##$pwHtppm=      2.6               $$ usec
##$pwHwaltz=     0                 $$ usec
##$pwx=          15                $$ usec
##$pwX180=       5                 $$ usec
##$pwx2=         15                $$ usec
##$pwx2lvl=      55
##$pwx2lvl_cf=   1
##$pwX90=        2.5               $$ usec
##$pwXdfs=       0                 $$ usec
##$pwxlvl=       55
##$pwxlvl_cf=    1
##$pwY90=        5                 $$ usec
##$pwYspinal=    0                 $$ usec
##$pwYtppm=      0                 $$ usec
##$pwZ90=        4                 $$ usec
##$queue=        <dayQ>
##$rd=           10                $$ usec
##$ref=          651.583001501     $$ Hz
##$ref1=         0                 $$ Hz
##$reffrq2=      100.515085718
##$refsource1=   <dfrq>
##$refstd_=      <>
##$researchgroup= <>
##$retentiontime_= <>
##$rfband=       <ccc>
##$rfchnuclei=   <>
##$rof1=         0                 $$ usec
##$rof2=         24.975            $$ usec
##$sample=       <>
##$samplename=   <>
##$sampleowner=  <>
##$sampwt=       0
##$satdly=       0                 $$ sec
##$satfrq=       0                 $$ Hz
##$satmode=      <n>
##$satpwr=       0
##$saveglobal_=  (0..19)  <probe> <lcpeak> <loc> <lockpower> <lockgain> <lockphase> <lockfreq> <z0> <lkof> <vloc> <vrack> <vzone> <vproto> <pkpick> <parstyle> <operator> <studyid> <systemname> <probetype> <refstd>
##$saveshapes=   <>
##$scans=        <>
##$scoutinfo=    <>
##$sdirtmplt=    <>
##$seqfil=       <tancpx>
##$sfrq=         100.5240482
##$shHX=         <l>
##$shHY=         <l>
##$shims=        <>
##$showarray=    <horiz>
##$showcontent=  <s>
##$shownumbers=  <n>
##$shownumstyle= <auto>
##$shownumx=     0
##$shownumy=     0
##$shYX=         <l>
##$sn=           50
##$solvent=      <dmso>
##$srate=        34999             $$ Hz
##$sreffrq=      100.515563163
##$ss=           0
##$sspul=        <n>
##$strtext=      5
##$strtext1=     1
##$strtlp=       5
##$strtlp1=      2
##$strtpar=      <>
##$study=        <>
##$studyid_=     <tmpstudy>
##$studyowner=   <solids>
##$studystatus=  <Empty>
##$studytime=    0
##$svfopt=       <y>
##$svftmplt=     <>
##$sw=           50000
##$sw1=          16000
##$systemname_=  <WB400.mrrc.com-vnmrs400>
##$tau1=         0                 $$ usec
##$tau2=         0                 $$ usec
##$tau3=         0                 $$ usec
##$tHmix=        50000             $$ usec
##$tHX=          2000              $$ usec
##$tHY=          1000              $$ usec
##$time_exp=     <5 min, 26 sec>
##$time_plotted= <>
##$time_processed= <20260929T181807>
##$time_run=     <20241022T173120>
##$time_submitted= <20241022T172602>
##$time_submitted_local= <20241022T172602X05PMTueOct>
##$time_svfdate= <20241022T172602>
##$tin=          <n>
##$tn=           <C13>
##$tnshapes=     (0..2)  <> <> <>
##$tof=          -1041.1           $$ Hz
##$toHX=         <obs>
##$toHY=         <dec2>
##$toYX=         <obs>
##$tpwr=         59
##$tpwr_cf=      1
##$tunemethod=   <n>
##$tXmix=        0                 $$ usec
##$tYX=          1000              $$ usec
##$user=         < 1-14-87>
##$username=     <Greg>
##$vloc_=        <A0>
##$volume=       0
##$vproto_=      <>
##$vrack_=       1
##$vtc=          25
##$vtwait=       1                 $$ sec
##$vzone_=       1
##$wbs=          <>
##$wdone=        <>
##$wds=          <>
##$werr=         <>
##$wexp=         <>
##$wnt=          <>
##$wshim=        <n>
##$wstart=       <>
##$wtfile=       <>
##$wtune=        <n>
##$x1=           -785
##$x2y2=         0
##$x3=           0
##$x4=           0
##$xy=           0
##$xz=           60
##$xz2=          0
##$y1=           -20
##$y3=           0
##$y4=           0
##$Yseq=         <>
##$yz=           0
##$yz2=          0
##$z0_=          0
##$z1=           -370
##$z1c=          -1044
##$z2=           -170
##$z2c=          196
##$z2x2y2=       0
##$z2x3=         0
##$z2xy=         0
##$z2y3=         0
##$z3=           -20
##$z3c=          0
##$z3x=          0
##$z3x2y2=       0
##$z3x3=         0
##$z3xy=         0
##$z3y=          0
##$z3y3=         0
##$z4=           0
##$z4c=          0
##$z4x=          0
##$z4x2y2=       0
##$z4xy=         0
##$z4y=          0
##$z5=           0
##$z5x=          0
##$z5y=          0
##$z6=           0
##$z7=           0
##$z8=           0
##$zx2y2=        0
##$zx3=          0
##$zxy=          0
##$zy3=          0
##$rp=           134.2
##$lp=           0.0
##$rfl=          14947.2      $$ Hz
##$rfp=          0.0          $$ Hz
##$reffrq=       100.5139954  $$ MHz
##$axis=         <p2>
##$th=           16.7         $$ mm
##$sp=           -14944.1     $$ Hz
##$wp=           49996.9      $$ Hz
##$cr=           21992.9      $$ Hz
##$delta=        22485.4      $$ Hz
##$dmg=          <ph>
##$aig=          <ai>
##$vs=           10347538.3
$$
$$ End of Varian specific parameters
$$ ---------------------------------
$$ data saved in "DIFDUP" format
$$ Y-values stored with extended (24-bit) integer precision
$$
##DELTAX=        -3.051757812
##XUNITS=        PPM
##YUNITS=        ARBITRARY UNITS      $$ (mm on paper)
##XFACTOR=       1.000000000000
##YFACTOR=       1.000000000000
##FIRSTXHz=        35052.799216
##LASTXHz=         -14944.149027
##NPOINTS=       16384
##MAXY=          82.513722
##MINY=          -3.275298
##FIRSTY=        0.166437
##XYDATA=        (XY..XY))
348.736, 0.166437
348.705, 0.155654
348.675, 0.147126
348.644, 0.141250
348.614, 0.138329
348.584, 0.138544
348.553, 0.141962
348.523, 0.148530
348.493, 0.158082
348.462, 0.170344
348.432, 0.184951
348.402, 0.201452
348.371, 0.219344
348.341, 0.238066
348.310, 0.257044
348.280, 0.275695
348.250, 0.293453
348.219, 0.309788
348.189, 0.324221
348.159, 0.336347
348.128, 0.345833
348.098, 0.352438
348.068, 0.356018
348.037, 0.356520
348.007, 0.353995
347.976, 0.348578
347.946, 0.340490
347.916, 0.330020
347.885, 0.317515
347.855, 0.303369
347.825, 0.288004
347.794, 0.271843
347.764, 0.255310
347.734, 0.238802
347.703, 0.222677
347.673, 0.207239
347.642, 0.192733
347.612, 0.179323
347.582, 0.167103
347.551, 0.156082
347.521, 0.146191
347.491, 0.137281
347.460, 0.129143
347.430, 0.121496
347.400, 0.114015
347.369, 0.106341
347.339, 0.098098
347.309, 0.088902
347.278, 0.078392
347.248, 0.066222
347.217, 0.052107
347.187, 0.035817
347.157, 0.017193
347.126, -0.003837
347.096, -0.027257
347.066, -0.052951
347.035, -0.080703
347.005, -0.110204
346.975, -0.141046
346.944, -0.172740
346.914, -0.204715
346.883, -0.236343
346.853, -0.266940
346.823, -0.295794
346.792, -0.322174
346.762, -0.345362
346.732, -0.364650
346.701, -0.379391
346.671, -0.388977
346.641, -0.392902
346.610, -0.390729
346.580, -0.382153
346.549, -0.366968
346.519, -0.345109
346.489, -0.316636
346.458, -0.281754
346.428, -0.240801
346.398, -0.194244
346.367, -0.142682
346.337, -0.086837
346.307, -0.027524
346.276, 0.034331
346.246, 0.097741
346.216, 0.161651
346.185, 0.224972
346.155, 0.286593
346.124, 0.345405
346.094, 0.400321
346.064, 0.450303
346.033, 0.494371
346.003, 0.531635
345.973, 0.561297
345.942, 0.582681
345.912, 0.595245
345.882, 0.598589
345.851, 0.592459
345.821, 0.576767
345.790, 0.551582
345.760, 0.517141
345.730, 0.473831
345.699, 0.422204
345.669, 0.362952
345.639, 0.296906
345.608, 0.225013
345.578, 0.148329
345.548, 0.067998
345.517, -0.014769
345.487, -0.098725
345.456, -0.182586
345.426, -0.265080
345.396, -0.344946
345.365, -0.420982
345.335, -0.492044
345.305, -0.557087
345.274, -0.615160
345.244, -0.665446
345.214, -0.707268
345.183, -0.740101
345.153, -0.763568
345.122, -0.777473
345.092, -0.781774
345.062, -0.776601
345.031, -0.762240
345.001, -0.739129
344.971, -0.707846
344.940, -0.669096
344.910, -0.623686
344.880, -0.572514
344.849, -0.516544
344.819, -0.456787
344.789, -0.394271
344.758, -0.330030
344.728, -0.265065
344.697, -0.200346
344.667, -0.136760
344.637, -0.075136
344.606, -0.016192
344.576, 0.039458
344.546, 0.091310
344.515, 0.138982
344.485, 0.182214
344.455, 0.220860
344.424, 0.254894
344.394, 0.284378
344.363, 0.309484
344.333, 0.330443
344.303, 0.347559
344.272, 0.361177
344.242, 0.371659
344.212, 0.379382
344.181, 0.384703
344.151, 0.387962
344.121, 0.389448
344.090, 0.389396
344.060, 0.387975
344.029, 0.385281
343.999, 0.381337
343.969, 0.376086
343.938, 0.369403
343.908, 0.361095
343.878, 0.350911
343.847, 0.338559
343.817, 0.323720
343.787, 0.306063
343.756, 0.285264
343.726, 0.261026
343.695, 0.233090
343.665, 0.201271
343.635, 0.165453
343.604, 0.125611
343.574, 0.081826
343.544, 0.034292
343.513, -0.016692
343.483, -0.070699
343.453, -0.127199
343.422, -0.185560
343.392, -0.245050
343.362, -0.304872
343.331, -0.364161
343.301, -0.422023
343.270, -0.477549
343.240, -0.529837
343.210, -0.578036
343.179, -0.621339
343.149, -0.659038
343.119, -0.690526
343.088, -0.715329
343.058, -0.733110
343.028, -0.743695
342.997, -0.747064
342.967, -0.743374
342.936, -0.732939
342.906, -0.716228
342.876, -0.693868
342.845, -0.666606
342.815, -0.635301
342.785, -0.600902
342.754, -0.564417
342.724, -0.526882
342.694, -0.489788
342.663, -0.460655
342.633, -0.433493
342.602, -0.409168
342.572, -0.388454
342.542, -0.371987
342.511, -0.360256
342.481, -0.353583
342.451, -0.352137
342.420, -0.355892
342.390, -0.364674
342.360, -0.378124
342.329, -0.395745
342.299, -0.416901
342.269, -0.440836
342.238, -0.466717
342.208, -0.493632
342.177, -0.520639
342.147, -0.546784
342.117, -0.571142
342.086, -0.592828
342.056, -0.611039
342.026, -0.625063
341.995, -0.634307
341.965, -0.638314
341.935, -0.636761
341.904, -0.629484
341.874, -0.616466
341.843, -0.597832
341.813, -0.573856
341.783, -0.544934
341.752, -0.511573
341.722, -0.474366
341.692, -0.433987
341.661, -0.391143
341.631, -0.346567
341.601, -0.300995
341.570, -0.255131
341.540, -0.209631
341.509, -0.165083
341.479, -0.121997
341.449, -0.080781
341.418, -0.041746
341.388, -0.005083
341.358, 0.029120
341.327, 0.060876
341.297, 0.090303
341.267, 0.117604
341.236, 0.143052
341.206, 0.166968
341.175, 0.189723
341.145, 0.211687
341.115, 0.233241
341.084, 0.254731
341.054, 0.276471
341.024, 0.298708
340.993, 0.321624
340.963, 0.345323
340.933, 0.369818
340.902, 0.395030
340.872, 0.420800
340.842, 0.446881
340.811, 0.472949
340.781, 0.498628
340.750, 0.523492
340.720, 0.547088
340.690, 0.568954
340.659, 0.588640
340.629, 0.605733
340.599, 0.619862
340.568, 0.630733
340.538, 0.638137
340.508, 0.641961
340.477, 0.642200
340.447, 0.638962
340.416, 0.632464
340.386, 0.623043
340.356, 0.611120
340.325, 0.597226
340.295, 0.581949
340.265, 0.565935
340.234, 0.549872
340.204, 0.534444
340.174, 0.520319
340.143, 0.508129
340.113, 0.498426
340.082, 0.491687
340.052, 0.488259
340.022, 0.488376
339.991, 0.492120
339.961, 0.499428
339.931, 0.510073
339.900, 0.523683
339.870, 0.539738
339.840, 0.557581
339.809, 0.576444
339.779, 0.595465
339.748, 0.613710
339.718, 0.630213
339.688, 0.644002
339.657, 0.654131
339.627, 0.659713
339.597, 0.659962
339.566, 0.654214
339.536, 0.641951
339.506, 0.622846
339.475, 0.596753
339.445, 0.563743
339.415, 0.524103
339.384, 0.478330
339.354, 0.427139
339.323, 0.371433
339.293, 0.312300
339.263, 0.250971
339.232, 0.188805
339.202, 0.127241
339.172, 0.067763
339.141, 0.011852
339.111, -0.039042
339.081, -0.083563
339.050, -0.120474
339.020, -0.148704
338.989, -0.167391
338.959, -0.175894
338.929, -0.173834
338.898, -0.161104
338.868, -0.137881
338.838, -0.104633
338.807, -0.062100
338.777, -0.011295
338.747, 0.046523
338.716, 0.109888
338.686, 0.177143
338.655, 0.246495
338.625, 0.316059
338.595, 0.394293
338.564, 0.468881
338.534, 0.537958
338.504, 0.599768
338.473, 0.652703
338.443, 0.695365
338.413, 0.726590
338.382, 0.745489
338.352, 0.751475
338.322, 0.744267
338.291, 0.723920
338.261, 0.690812
338.230, 0.645639
338.200, 0.589398
338.170, 0.523355
338.139, 0.449028
338.109, 0.368124
338.079, 0.282514
338.048, 0.194173
338.018, 0.105131
337.988, 0.017411
337.957, -0.067019
337.927, -0.146300
337.896, -0.218732
337.866, -0.282825
337.836, -0.337331
337.805, -0.381283
337.775, -0.414015
337.745, -0.435185
337.714, -0.444779
337.684, -0.443111
337.654, -0.430811
337.623, -0.408808
337.593, -0.378300
337.562, -0.340711
337.532, -0.297667
337.502, -0.250933
337.471, -0.202361
337.441, -0.153845
337.411, -0.107262
337.380, -0.064404
337.350, -0.026949
337.320, 0.003613
337.289, 0.026008
337.259, 0.039228
337.228, 0.042549
337.198, 0.035568
337.168, 0.018214
337.137, -0.009260
337.107, -0.046262
337.077, -0.091899
337.046, -0.144969
337.016, -0.204027
336.986, -0.267399
336.955, -0.333243
336.925, -0.399591
336.895, -0.464418
336.864, -0.525681
336.834, -0.581389
336.803, -0.629661
336.773, -0.668776
336.743, -0.697228
336.712, -0.713770
336.682, -0.717454
336.652, -0.707656
336.621, -0.684108
336.591, -0.646897
336.561, -0.596478
336.530, -0.533663
336.500, -0.459603
336.469, -0.375757
336.439, -0.283862
336.409, -0.185885
336.378, -0.083976
336.348, 0.019594
336.318, 0.122488
336.287, 0.222366
336.257, 0.316950
336.227, 0.404080
336.196, 0.481782
336.166, 0.548301
336.135, 0.602179
336.105, 0.642267
336.075, 0.667780
336.044, 0.678295
336.014, 0.673779
335.984, 0.654589
335.953, 0.621455
335.923, 0.575463
335.893, 0.518030
335.862, 0.450861
335.832, 0.375895
335.801, 0.295265
335.771, 0.211224
335.741, 0.126095
335.710, 0.042195
335.680, -0.038227
335.650, -0.113049
335.619, -0.180339
335.589, -0.238418
335.559, -0.285889
335.528, -0.321691
335.498, -0.345133
335.468, -0.355903
335.437, -0.354080
335.407, -0.340138
335.376, -0.314931
335.346, -0.279659
335.316, -0.235847
335.285, -0.185298
335.255, -0.130038
335.225, -0.072258
335.194, -0.014255
335.164, 0.041637
335.134, 0.093126
335.103, 0.138012
335.073, 0.174263
335.042, 0.200077
335.012, 0.213939
334.982, 0.214662
334.951, 0.201427
334.921, 0.173818
334.891, 0.131841
334.860, 0.075925
334.830, 0.006920
334.800, -0.073918
334.769, -0.164959
334.739, -0.264236
334.708, -0.369486
334.678, -0.478215
334.648, -0.587755
334.617, -0.695332
334.587, -0.798140
334.557, -0.893725
334.526, -0.979115
334.496, -1.051824
334.466, -1.109620
334.435, -1.150568
334.405, -1.173086
334.375, -1.175989
334.344, -1.158517
334.314, -1.120365
334.283, -1.061688
334.253, -0.983089
334.223, -0.885632
334.192, -0.770795
334.162, -0.640447
334.132, -0.496799
334.101, -0.342360
334.071, -0.179878
334.041, -0.012273
334.010, 0.157428
333.980, 0.326160
333.949, 0.490885
333.919, 0.648664
333.889, 0.796711
333.858, 0.932465
333.828, 1.053632
333.798, 1.158236
333.767, 1.244654
333.737, 1.311635
333.707, 1.358340
333.676, 1.384332
333.646, 1.389584
333.615, 1.374472
333.585, 1.339749
333.555, 1.286520
333.524, 1.216219
333.494, 1.130557
333.464, 1.031482
333.433, 0.921138
333.403, 0.801809
333.373, 0.675859
333.342, 0.545698
333.312, 0.413720
333.281, 0.282261
333.251, 0.153546
333.221, 0.029661
333.190, -0.087490
333.160, -0.196217
333.130, -0.295057
333.099, -0.382807
333.069, -0.458533
333.039, -0.521559
333.008, -0.571494
332.978, -0.608208
332.948, -0.631839
332.917, -0.642756
332.887, -0.641560
332.856, -0.629056
332.826, -0.606227
332.796, -0.574216
332.765, -0.534278
332.735, -0.487777
332.705, -0.436139
332.674, -0.380828
332.644, -0.323315
332.614, -0.265054
332.583, -0.207452
332.553, -0.151843
332.522, -0.099473
332.492, -0.051466
332.462, -0.008813
332.431, 0.027640
332.401, 0.057223
332.371, 0.079425
332.340, 0.093928
332.310, 0.100602
332.280, 0.099493
332.249, 0.090850
332.219, 0.075087
332.188, 0.052803
332.158, 0.024747
332.128, -0.008183
332.097, -0.044962
332.067, -0.084463
332.037, -0.125489
332.006, -0.166773
331.976, -0.207042
331.946, -0.245020
331.915, -0.279475
331.885, -0.309247
331.855, -0.333280
331.824, -0.350642
331.794, -0.360572
331.763, -0.362496
331.733, -0.356041
331.703, -0.341068
331.672, -0.317672
331.642, -0.286195
331.612, -0.247228
331.581, -0.201601
331.551, -0.150372
331.521, -0.094807
331.490, -0.036359
331.460, 0.023373
331.429, 0.082673
331.399, 0.139753
331.369, 0.192805
331.338, 0.240043
331.308, 0.279752
331.278, 0.310353
331.247, 0.330441
331.217, 0.338824
331.187, 0.334596
331.156, 0.317137
331.126, 0.286173
331.095, 0.241783
331.065, 0.184417
331.035, 0.114897
331.004, 0.034413
330.974, -0.055491
330.944, -0.152952
330.913, -0.255822
330.883, -0.361719
330.853, -0.468070
330.822, -0.572192
330.792, -0.671339
330.761, -0.762795
330.731, -0.843931
330.701, -0.912282
330.670, -0.965622
330.640, -1.002028
330.610, -1.019937
330.579, -1.018198
330.549, -0.996118
330.519, -0.953488
330.488, -0.895635
330.458, -0.818317
330.428, -0.722832
330.397, -0.610953
330.367, -0.484870
330.336, -0.347172
330.306, -0.200778
330.276, -0.048846
330.245, 0.105286
330.215, 0.258194
330.185, 0.406445
330.154, 0.546703
330.124, 0.675807
330.094, 0.790859
330.063, 0.889299
330.033, 0.968975
330.002, 1.028201
329.972, 1.065807
329.942, 1.081157
329.911, 1.074182
329.881, 1.045376
329.851, 0.995767
329.820, 0.926909
329.790, 0.840822
329.760, 0.739939
329.729, 0.627036
329.699, 0.505157
329.668, 0.377508
329.638, 0.247402
329.608, 0.118131
329.577, -0.007116
329.547, -0.125329
329.517, -0.233777
329.486, -0.330072
329.456, -0.412248
329.426, -0.478790
329.395, -0.528687
329.365, -0.561455
329.334, -0.577134
329.304, -0.576285
329.274, -0.559962
329.243, -0.529674
329.213, -0.487340
329.183, -0.435212
329.152, -0.375800
329.122, -0.311811
329.092, -0.246041
329.061, -0.181298
329.031, -0.120309
329.001, -0.065644
328.970, -0.019631
328.940, 0.015707
328.909, 0.038729
328.879, 0.048195
328.849, 0.043334
328.818, 0.023826
328.788, -0.010151
328.758, -0.057963
328.727, -0.118528
328.697, -0.190354
328.667, -0.271588
328.636, -0.360070
328.606, -0.453417
328.575, -0.549073
328.545, -0.644399
328.515, -0.736743
328.484, -0.823530
328.454, -0.902325
328.424, -0.970886
328.393, -1.027265
328.363, -1.069807
328.333, -1.097231
328.302, -1.108634
328.272, -1.103514
328.241, -1.081774
328.211, -1.043713
328.181, -0.990000
328.150, -0.921650
328.120, -0.839978
328.090, -0.746558
328.059, -0.643160
328.029, -0.531703
327.999, -0.414189
327.968, -0.292648
327.938, -0.169073
327.908, -0.045390
327.877, 0.076612
327.847, 0.195306
327.816, 0.309275
327.786, 0.417308
327.756, 0.518434
327.725, 0.611913
327.695, 0.697251
327.665, 0.774156
327.634, 0.842541
327.604, 0.902494
327.574, 0.954227
327.543, 0.998070
327.513, 1.034414
327.482, 1.063676
327.452, 1.086281
327.422, 1.102615
327.391, 1.112997
327.361, 1.117675
327.331, 1.116796
327.300, 1.110412
327.270, 1.098466
327.240, 1.080815
327.209, 1.057245
327.179, 1.027484
327.148, 0.991228
327.118, 0.948189
327.088, 0.898110
327.057, 0.840813
327.027, 0.776228
326.997, 0.704421
326.966, 0.625648
326.936, 0.540331
326.906, 0.449133
326.875, 0.352911
326.845, 0.252758
326.814, 0.149980
326.784, 0.046071
326.754, -0.057308
326.723, -0.158344
326.693, -0.255158
326.663, -0.345812
326.632, -0.428387
326.602, -0.501036
326.572, -0.562027
326.541, -0.609832
326.511, -0.643152
326.481, -0.660981
326.450, -0.662656
326.420, -0.641972
326.389, -0.604943
326.359, -0.552087
326.329, -0.484335
326.298, -0.403033
326.268, -0.309915
326.238, -0.207061
326.207, -0.096866
326.177, 0.018021
326.147, 0.134770
326.116, 0.250424
326.086, 0.361991
326.055, 0.466518
326.025, 0.561172
325.995, 0.643320
325.964, 0.710602
325.934, 0.761000
325.904, 0.792901
325.873, 0.805139
325.843, 0.797048
325.813, 0.768471
325.782, 0.719772
325.752, 0.651846
325.721, 0.566092
325.691, 0.464366
325.661, 0.348968
325.630, 0.222557
325.600, 0.088096
325.570, -0.051228
325.539, -0.192086
325.509, -0.331080
325.479, -0.464862
325.448, -0.590186
325.418, -0.704010
325.387, -0.803570
325.357, -0.886450
325.327, -0.950635
325.296, -0.994575
325.266, -1.017193
325.236, -1.017943
325.205, -0.996791
325.175, -0.954220
325.145, -0.891215
325.114, -0.809220
325.084, -0.710113
325.054, -0.596133
325.023, -0.469827
324.993, -0.333989
324.962, -0.191578
324.932, -0.045648
324.902, 0.100736
324.871, 0.244553
324.841, 0.382913
324.811, 0.513113
324.780, 0.632698
324.750, 0.739495
324.720, 0.831672
324.689, 0.907751
324.659, 0.966627
324.628, 1.007585
324.598, 1.030283
324.568, 1.034748
324.537, 1.021351
324.507, 0.990779
324.477, 0.943993
324.446, 0.882205
324.416, 0.806805
324.386, 0.719346
324.355, 0.621476
324.325, 0.514898
324.294, 0.401340
324.264, 0.282494
324.234, 0.160004
324.203, 0.035420
324.173, -0.089814
324.143, -0.214380
324.112, -0.337100
324.082, -0.456932
324.052, -0.572976
324.021, -0.684469
323.991, -0.790766
323.961, -0.891329
323.930, -0.985714
323.900, -1.073555
323.869, -1.154535
323.839, -1.228380
323.809, -1.294832
323.778, -1.353648
323.748, -1.404583
323.718, -1.447366
323.687, -1.481730
323.657, -1.507383
323.627, -1.524025
323.596, -1.531352
323.566, -1.529066
323.535, -1.516893
323.505, -1.494593
323.475, -1.461981
323.444, -1.418937
323.414, -1.365440
323.384, -1.301562
323.353, -1.227494
323.323, -1.143565
323.293, -1.050232
323.262, -0.948102
323.232, -0.837922
323.201, -0.720577
323.171, -0.597089
323.141, -0.468600
323.110, -0.336356
323.080, -0.201685
323.050, -0.065983
323.019, 0.069318
322.989, 0.202771
322.959, 0.332945
322.928, 0.458452
322.898, 0.577969
322.867, 0.690266
322.837, 0.794236
322.807, 0.888895
322.776, 0.973422
322.746, 1.047158
322.716, 1.109614
322.685, 1.160492
322.655, 1.199659
322.625, 1.227173
322.594, 1.243254
322.564, 1.248283
322.534, 1.242789
322.503, 1.227430
322.473, 1.202981
322.442, 1.170306
322.412, 1.130345
322.382, 1.076753
322.351, 1.017898
322.321, 0.954822
322.291, 0.888570
322.260, 0.820162
322.230, 0.750591
322.200, 0.680805
322.169, 0.611693
322.139, 0.544085
322.108, 0.478743
322.078, 0.416346
322.048, 0.357505
322.017, 0.302744
321.987, 0.252505
321.957, 0.207155
321.926, 0.166973
321.896, 0.132155
321.866, 0.102820
321.835, 0.079000
321.805, 0.060649
321.774, 0.047636
321.744, 0.039749
321.714, 0.036695
321.683, 0.038095
321.653, 0.043493
321.623, 0.052358
321.592, 0.064074
321.562, 0.077963
321.532, 0.093278
321.501, 0.109221
321.471, 0.124948
321.441, 0.139586
321.410, 0.152245
321.380, 0.162041
321.349, 0.168113
321.319, 0.169637
321.289, 0.165863
321.258, 0.156135
321.228, 0.139896
321.198, 0.116736
321.167, 0.086398
321.137, 0.048803
321.107, 0.004058
321.076, -0.047520
321.046, -0.105413
321.015, -0.168882
320.985, -0.236985
320.955, -0.308580
320.924, -0.382341
320.894, -0.456777
320.864, -0.530267
320.833, -0.601088
320.803, -0.667453
320.773, -0.727553
320.742, -0.779609
320.712, -0.821915
320.681, -0.852879
320.651, -0.871080
320.621, -0.875323
320.590, -0.864656
320.560, -0.838431
320.530, -0.796325
320.499, -0.738372
320.469, -0.664968
320.439, -0.576895
320.408, -0.475294
320.378, -0.361690
320.347, -0.237930
320.317, -0.106174
320.287, 0.031151
320.256, 0.171400
320.226, 0.311773
320.196, 0.449382
320.165, 0.581302
320.135, 0.704663
320.105, 0.816714
320.074, 0.914890
320.044, 0.996890
320.014, 1.060742
319.983, 1.104844
319.953, 1.128037
319.922, 1.129629
319.892, 1.109425
319.862, 1.067739
319.831, 1.005412
319.801, 0.923783
319.771, 0.824678
319.740, 0.710359
319.710, 0.583487
319.680, 0.447058
319.649, 0.304331
319.619, 0.158744
319.588, 0.013839
319.558, -0.126833
319.528, -0.259803
319.497, -0.381766
319.467, -0.489677
319.437, -0.580832
319.406, -0.652932
319.376, -0.704156
319.346, -0.733206
319.315, -0.739348
319.285, -0.722443
319.254, -0.682945
319.224, -0.621904
319.194, -0.540932
319.163, -0.442180
319.133, -0.328276
319.103, -0.202273
319.072, -0.067554
319.042, 0.072247
319.012, 0.213322
318.981, 0.351808
318.951, 0.483879
318.920, 0.605849
318.890, 0.714262
318.860, 0.805993
318.829, 0.878325
318.799, 0.929029
318.769, 0.956420
318.738, 0.959399
318.708, 0.937507
318.678, 0.890906
318.647, 0.820414
318.617, 0.727462
318.587, 0.614065
318.556, 0.482786
318.526, 0.336649
318.495, 0.179080
318.465, 0.013820
318.435, -0.155185
318.404, -0.323874
318.374, -0.488179
318.344, -0.644126
318.313, -0.788095
318.283, -0.916465
318.253, -1.026150
318.222, -1.114527
318.192, -1.179518
318.161, -1.219626
318.131, -1.233986
318.101, -1.222375
318.070, -1.185230
318.040, -1.123622
318.010, -1.039242
317.979, -0.934340
317.949, -0.811675
317.919, -0.674450
317.888, -0.526202
317.858, -0.370733
317.827, -0.212003
317.797, -0.054028
317.767, 0.099227
317.736, 0.243952
317.706, 0.376578
317.676, 0.493884
317.645, 0.593060
317.615, 0.671794
317.585, 0.728315
317.554, 0.761441
317.524, 0.770596
317.494, 0.755835
317.463, 0.717814
317.433, 0.657785
317.402, 0.577548
317.372, 0.479400
317.342, 0.366063
317.311, 0.240615
317.281, 0.106399
317.251, -0.033059
317.220, -0.174162
317.190, -0.313320
317.160, -0.447060
317.129, -0.572099
317.099, -0.685439
317.068, -0.784439
317.038, -0.866872
317.008, -0.930976
316.977, -0.975497
316.947, -0.999708
316.917, -1.003408
316.886, -0.986922
316.856, -0.951075
316.826, -0.897156
316.795, -0.826875
316.765, -0.742280
316.734, -0.645727
316.704, -0.539771
316.674, -0.427106
316.643, -0.310474
316.613, -0.192595
316.583, -0.076082
316.552, 0.036628
316.522, 0.143344
316.492, 0.242162
316.461, 0.331522
316.431, 0.410235
316.400, 0.477502
316.370, 0.532925
316.340, 0.576492
316.309, 0.608565
316.279, 0.629846
316.249, 0.641333
316.218, 0.644274
316.188, 0.640106
316.158, 0.630389
316.127, 0.616755
316.097, 0.600823
316.067, 0.584141
316.036, 0.568136
316.006, 0.554044
315.975, 0.542869
315.945, 0.535353
315.915, 0.531936
315.884, 0.532751
315.854, 0.537615
315.824, 0.546038
315.793, 0.557249
315.763, 0.570219
315.733, 0.583712
315.702, 0.596321
315.672, 0.606540
315.641, 0.612815
315.611, 0.613613
315.581, 0.607474
315.550, 0.593097
315.520, 0.569366
315.490, 0.535429
315.459, 0.490725
315.429, 0.435024
315.399, 0.368443
315.368, 0.291466
315.338, 0.204932
315.307, 0.110024
315.277, 0.008245
315.247, -0.098626
315.216, -0.208582
315.186, -0.319446
315.156, -0.428925
315.125, -0.534703
315.095, -0.634489
315.065, -0.726107
315.034, -0.807550
315.004, -0.877060
314.973, -0.933181
314.943, -0.974804
314.913, -1.001208
314.882, -1.012093
314.852, -1.007584
314.822, -0.988232
314.791, -0.955004
314.761, -0.909254
314.731, -0.852673
314.700, -0.787250
314.670, -0.715198
314.640, -0.638885
314.609, -0.560765
314.579, -0.483289
314.548, -0.408821
314.518, -0.339581
314.488, -0.277544
314.457, -0.224390
314.427, -0.181440
314.397, -0.149614
314.366, -0.129396
314.336, -0.120814
314.306, -0.123442
314.275, -0.136410
314.245, -0.153007
314.214, -0.176988
314.184, -0.206363
314.154, -0.238896
314.123, -0.272167
314.093, -0.303662
314.063, -0.330854
314.032, -0.351310
314.002, -0.362747
313.972, -0.363148
313.941, -0.350812
313.911, -0.324440
313.880, -0.283178
313.850, -0.226658
313.820, -0.155026
313.789, -0.068953
313.759, 0.030376
313.729, 0.141293
313.698, 0.261678
313.668, 0.389015
313.638, 0.520469
313.607, 0.652967
313.577, 0.783280
313.547, 0.908119
313.516, 1.024243
313.486, 1.128554
313.455, 1.218182
313.425, 1.290585
313.395, 1.343633
313.364, 1.375665
313.334, 1.385554
313.304, 1.372735
313.273, 1.337237
313.243, 1.279684
313.213, 1.201287
313.182, 1.103801
313.152, 0.989485
313.121, 0.861043
313.091, 0.721540
313.061, 0.574321
313.030, 0.422912
313.000, 0.270928
312.970, 0.121959
312.939, -0.020526
312.909, -0.153274
312.879, -0.273336
312.848, -0.378153
312.818, -0.465626
312.787, -0.534157
312.757, -0.582699
312.727, -0.610767
312.696, -0.618452
312.666, -0.606403
312.636, -0.575782
312.605, -0.528250
312.575, -0.465875
312.545, -0.391080
312.514, -0.306556
312.484, -0.215178
312.453, -0.119911
312.423, -0.023716
312.393, 0.070529
312.362, 0.160127
312.332, 0.242621
312.302, 0.315878
312.271, 0.378134
312.241, 0.428040
312.211, 0.464675
312.180, 0.487574
312.150, 0.496716
312.120, 0.492511
312.089, 0.475745
312.059, 0.447577
312.028, 0.409441
311.998, 0.363011
311.968, 0.310115
311.937, 0.252677
311.907, 0.192627
311.877, 0.131853
311.846, 0.072103
311.816, 0.014951
311.786, -0.038263
311.755, -0.086475
311.725, -0.128920
311.694, -0.165160
311.664, -0.195077
311.634, -0.218863
311.603, -0.237003
311.573, -0.250237
311.543, -0.259521
311.512, -0.265972
311.482, -0.270819
311.452, -0.275326
311.421, -0.280750
311.391, -0.288248
311.360, -0.298872
311.330, -0.313460
311.300, -0.332631
311.269, -0.356729
311.239, -0.385813
311.209, -0.419632
311.178, -0.457645
311.148, -0.499005
311.118, -0.542614
311.087, -0.587136
311.057, -0.631055
311.026, -0.672726
310.996, -0.710438
310.966, -0.742468
310.935, -0.767166
310.905, -0.783002
310.875, -0.788644
310.844, -0.783004
310.814, -0.765299
310.784, -0.735081
310.753, -0.692277
310.723, -0.637199
310.693, -0.570556
310.662, -0.493436
310.632, -0.407297
310.601, -0.313913
310.571, -0.215354
310.541, -0.113908
310.510, -0.012029
310.480, 0.087742
310.450, 0.182848
310.419, 0.270793
310.389, 0.349219
310.359, 0.415979
310.328, 0.469204
310.298, 0.507368
310.267, 0.529321
310.237, 0.534349
310.207, 0.521115
310.176, 0.490892
310.146, 0.444334
310.116, 0.382554
310.085, 0.307080
310.055, 0.219819
310.025, 0.123002
309.994, 0.019131
309.964, -0.089098
309.933, -0.198865
309.903, -0.307304
309.873, -0.411586
309.842, -0.508975
309.812, -0.596933
309.782, -0.673147
309.751, -0.735627
309.721, -0.782723
309.691, -0.813179
309.660, -0.826151
309.630, -0.821231
309.600, -0.798439
309.569, -0.758218
309.539, -0.701419
309.508, -0.629247
309.478, -0.543251
309.448, -0.445251
309.417, -0.337300
309.387, -0.221614
309.357, -0.100526
309.326, 0.023595
309.296, 0.148374
309.266, 0.271510
309.235, 0.390813
309.205, 0.504261
309.174, 0.610009
309.144, 0.706463
309.114, 0.792256
309.083, 0.866297
309.053, 0.927751
309.023, 0.976053
308.992, 1.010895
308.962, 1.032207
308.932, 1.040140
308.901, 1.035041
308.871, 1.017439
308.840, 0.988001
308.810, 0.947507
308.780, 0.896838
308.749, 0.836943
308.719, 0.768806
308.689, 0.693448
308.658, 0.611903
308.628, 0.525198
308.598, 0.434366
308.567, 0.340410
308.537, 0.244346
308.506, 0.147151
308.476, 0.049810
308.446, -0.046708
308.415, -0.141434
308.385, -0.233409
308.355, -0.321673
308.324, -0.405276
308.294, -0.483278
308.264, -0.554755
308.233, -0.618819
308.203, -0.674638
308.173, -0.721419
308.142, -0.758473
308.112, -0.785215
308.081, -0.801182
308.051, -0.806061
308.021, -0.799718
307.990, -0.782193
307.960, -0.753756
307.930, -0.714872
307.899, -0.666243
307.869, -0.608784
307.839, -0.543635
307.808, -0.472130
307.778, -0.395785
307.747, -0.316273
307.717, -0.235376
307.687, -0.154965
307.656, -0.076933
307.626, -0.003163
307.596, 0.064527
307.565, 0.124445
307.535, 0.175057
307.505, 0.215051
307.474, 0.243376
307.444, 0.259268
307.413, 0.262289
307.383, 0.252356
307.353, 0.229722
307.322, 0.195013
307.292, 0.149184
307.262, 0.093523
307.231, 0.029606
307.201, -0.040746
307.171, -0.115513
307.140, -0.192532
307.110, -0.269567
307.080, -0.344365
307.049, -0.414738
307.019, -0.478616
306.988, -0.534119
306.958, -0.579620
306.928, -0.613788
306.897, -0.635627
306.867, -0.644528
306.837, -0.640274
306.806, -0.623051
306.776, -0.593434
306.746, -0.552395
306.715, -0.501241
306.685, -0.441591
306.654, -0.375309
306.624, -0.304473
306.594, -0.231248
306.563, -0.157880
306.533, -0.086568
306.503, -0.019419
306.472, 0.041632
306.442, 0.094895
306.412, 0.138980
306.381, 0.172836
306.351, 0.195802
306.320, 0.207628
306.290, 0.208479
306.260, 0.198934
306.229, 0.179978
306.199, 0.152944
306.169, 0.119500
306.138, 0.082492
306.108, 0.043107
306.078, 0.003582
306.047, -0.033797
306.017, -0.066800
305.986, -0.093305
305.956, -0.111395
305.926, -0.119421
305.895, -0.116063
305.865, -0.100404
305.835, -0.071934
305.804, -0.030604
305.774, 0.023169
305.744, 0.088512
305.713, 0.164116
305.683, 0.248275
305.653, 0.338915
305.622, 0.433685
305.592, 0.530011
305.561, 0.625182
305.531, 0.716442
305.501, 0.801065
305.470, 0.876455
305.440, 0.940235
305.410, 0.990314
305.379, 1.024967
305.349, 1.042888
305.319, 1.043245
305.288, 1.025701
305.258, 0.990450
305.227, 0.938186
305.197, 0.870107
305.167, 0.787883
305.136, 0.693591
305.106, 0.589674
305.076, 0.478852
305.045, 0.364054
305.015, 0.248309
304.985, 0.134676
304.954, 0.026142
304.924, -0.074469
304.893, -0.164578
304.863, -0.241933
304.833, -0.304668
304.802, -0.351355
304.772, -0.381055
304.742, -0.393324
304.711, -0.388243
304.681, -0.366385
304.651, -0.328803
304.620, -0.276999
304.590, -0.212850
304.559, -0.138560
304.529, -0.056588
304.499, 0.030454
304.468, 0.119860
304.438, 0.208929
304.408, 0.295046
304.377, 0.375765
304.347, 0.448884
304.317, 0.512488
304.286, 0.565045
304.256, 0.605393
304.226, 0.632811
304.195, 0.647001
304.165, 0.648103
304.134, 0.636666
304.104, 0.613625
304.074, 0.580250
304.043, 0.538103
304.013, 0.488976
303.983, 0.434811
303.952, 0.377645
303.922, 0.319533
303.892, 0.262470
303.861, 0.208334
303.831, 0.158832
303.800, 0.115419
303.770, 0.079289
303.740, 0.051334
303.709, 0.032100
303.679, 0.021820
303.649, 0.020390
303.618, 0.027388
303.588, 0.042119
303.558, 0.063629
303.527, 0.090761
303.497, 0.122209
303.466, 0.156563
303.436, 0.192373
303.406, 0.228190
303.375, 0.262645
303.345, 0.294483
303.315, 0.322590
303.284, 0.346063
303.254, 0.364199
303.224, 0.376545
303.193, 0.382878
303.163, 0.383213
303.133, 0.377788
303.102, 0.367053
303.072, 0.351611
303.041, 0.332211
303.011, 0.309695
302.981, 0.284950
302.950, 0.258872
302.920, 0.232313
302.890, 0.206050
302.859, 0.180745
302.829, 0.156906
302.799, 0.134875
302.768, 0.114814
302.738, 0.096685
302.707, 0.080282
302.677, 0.065202
302.647, 0.050903
302.616, 0.036724
302.586, 0.021905
302.556, 0.005646
302.525, -0.012865
302.495, -0.034384
302.465, -0.059600
302.434, -0.089068
302.404, -0.123168
302.373, -0.162094
302.343, -0.205818
302.313, -0.254066
302.282, -0.306328
302.252, -0.361849
302.222, -0.419650
302.191, -0.478542
302.161, -0.537180
302.131, -0.594074
302.100, -0.647656
302.070, -0.704728
302.039, -0.755325
302.009, -0.797959
301.979, -0.831279
301.948, -0.854128
301.918, -0.865587
301.888, -0.865010
301.857, -0.852069
301.827, -0.826758
301.797, -0.789420
301.766, -0.740739
301.736, -0.681712
301.706, -0.613659
301.675, -0.538148
301.645, -0.456984
301.614, -0.372124
301.584, -0.285648
301.554, -0.199666
301.523, -0.116275
301.493, -0.037479
301.463, 0.034873
301.432, 0.099142
301.402, 0.153948
301.372, 0.198225
301.341, 0.231235
301.311, 0.252603
301.280, 0.262315
301.250, 0.260718
301.220, 0.248493
301.189, 0.226643
301.159, 0.196424
301.129, 0.159313
301.098, 0.116937
301.068, 0.071017
301.038, 0.023292
301.007, -0.024548
300.977, -0.070933
300.946, -0.114474
300.916, -0.154016
300.886, -0.188687
300.855, -0.217941
300.825, -0.241574
300.795, -0.259731
300.764, -0.272911
300.734, -0.281951
300.704, -0.287971
300.673, -0.292353
300.643, -0.296677
300.612, -0.302650
300.582, -0.312035
300.552, -0.326576
300.521, -0.347921
300.491, -0.377531
300.461, -0.416622
300.430, -0.466086
300.400, -0.526444
300.370, -0.597785
300.339, -0.679764
300.309, -0.771555
300.279, -0.871869
300.248, -0.978967
300.218, -1.090714
300.187, -1.204586
300.157, -1.317793
300.127, -1.427314
300.096, -1.530008
300.066, -1.622694
300.036, -1.702281
300.005, -1.765839
299.975, -1.810722
299.945, -1.834644
299.914, -1.835789
299.884, -1.812868
299.853, -1.765169
299.823, -1.692622
299.793, -1.595809
299.762, -1.475969
299.732, -1.334981
299.702, -1.175321
299.671, -1.000022
299.641, -0.812579
299.611, -0.616867
299.580, -0.417038
299.550, -0.217414
299.519, -0.022345
299.489, 0.163886
299.459, 0.337216
299.428, 0.493893
299.398, 0.630607
299.368, 0.744561
299.337, 0.833587
299.307, 0.896187
299.277, 0.931579
299.246, 0.939724
299.216, 0.921339
299.186, 0.877851
299.155, 0.811371
299.125, 0.724630
299.094, 0.620885
299.064, 0.503837
299.034, 0.377507
299.003, 0.246120
298.973, 0.113974
298.943, -0.014665
298.912, -0.135726
298.882, -0.245412
298.852, -0.340355
298.821, -0.417661
298.791, -0.475034
298.760, -0.510811
298.730, -0.524008
298.700, -0.514359
298.669, -0.482285
298.639, -0.428879
298.609, -0.355882
298.578, -0.265583
298.548, -0.160775
298.518, -0.044642
298.487, 0.079353
298.457, 0.207561
298.426, 0.336280
298.396, 0.461858
298.366, 0.580824
298.335, 0.689963
298.305, 0.786437
298.275, 0.867860
298.244, 0.932348
298.214, 0.978585
298.184, 1.005829
298.153, 1.013942
298.123, 1.003365
298.092, 0.975093
298.062, 0.930618
298.032, 0.879657
298.001, 0.816735
297.971, 0.744424
297.941, 0.665484
297.910, 0.582762
297.880, 0.499095
297.850, 0.417203
297.819, 0.339619
297.789, 0.268600
297.759, 0.206051
297.728, 0.153491
297.698, 0.111988
297.667, 0.082166
297.637, 0.064175
297.607, 0.057715
297.576, 0.062063
297.546, 0.076111
297.516, 0.098422
297.485, 0.127311
297.455, 0.160889
297.425, 0.197174
297.394, 0.234146
297.364, 0.269853
297.333, 0.302474
297.303, 0.330387
297.273, 0.352243
297.242, 0.367000
297.212, 0.373983
297.182, 0.372886
297.151, 0.363789
297.121, 0.347167
297.091, 0.323826
297.060, 0.294911
297.030, 0.261847
296.999, 0.226261
296.969, 0.189934
296.939, 0.154732
296.908, 0.122512
296.878, 0.095065
296.848, 0.074029
296.817, 0.060832
296.787, 0.056627
296.757, 0.062234
296.726, 0.078125
296.696, 0.104370
296.665, 0.140658
296.635, 0.186272
296.605, 0.240123
296.574, 0.300787
296.544, 0.366542
296.514, 0.435435
296.483, 0.505323
296.453, 0.573981
296.423, 0.639152
296.392, 0.698642
296.362, 0.750386
296.332, 0.792531
296.301, 0.823491
296.271, 0.842008
296.240, 0.847218
296.210, 0.838652
296.180, 0.816285
296.149, 0.780520
296.119, 0.732197
296.089, 0.672552
296.058, 0.603199
296.028, 0.526057
295.998, 0.443309
295.967, 0.357334
295.937, 0.270597
295.906, 0.185628
295.876, 0.104892
295.846, 0.030739
295.815, -0.034681
295.785, -0.089485
295.755, -0.132110
295.724, -0.161354
295.694, -0.176422
295.664, -0.176930
295.633, -0.162944
295.603, -0.134924
295.572, -0.093739
295.542, -0.040616
295.512, 0.022902
295.481, 0.095008
295.451, 0.173710
295.421, 0.256884
295.390, 0.342352
295.360, 0.427958
295.330, 0.511638
295.299, 0.591474
295.269, 0.665767
295.239, 0.733082
295.208, 0.792285
295.178, 0.842565
295.147, 0.883460
295.117, 0.914851
295.087, 0.936942
295.056, 0.950260
295.026, 0.955590
294.996, 0.953952
294.965, 0.946539
294.935, 0.934662
294.905, 0.919680
294.874, 0.902953
294.844, 0.885757
294.813, 0.869248
294.783, 0.854393
294.753, 0.841944
294.722, 0.832390
294.692, 0.825936
294.662, 0.822499
294.631, 0.821708
294.601, 0.822914
294.571, 0.825217
294.540, 0.827516
294.510, 0.828537
294.479, 0.826910
294.449, 0.821210
294.419, 0.810038
294.388, 0.792082
294.358, 0.766181
294.328, 0.731378
294.297, 0.686994
294.267, 0.632659
294.237, 0.568348
294.206, 0.494409
294.176, 0.411570
294.145, 0.320944
294.115, 0.223986
294.085, 0.122488
294.054, 0.018522
294.024, -0.085626
293.994, -0.187507
293.963, -0.282967
293.933, -0.371118
293.903, -0.449516
293.872, -0.515896
293.842, -0.568250
293.812, -0.604895
293.781, -0.624533
293.751, -0.626334
293.720, -0.609956
293.690, -0.575583
293.660, -0.523937
293.629, -0.456276
293.599, -0.374369
293.569, -0.280468
293.538, -0.177241
293.508, -0.067713
293.478, 0.044814
293.447, 0.156852
293.417, 0.264829
293.386, 0.365190
293.356, 0.454496
293.326, 0.529532
293.295, 0.587409
293.265, 0.625639
293.235, 0.642233
293.204, 0.635754
293.174, 0.605372
293.144, 0.550885
293.113, 0.472763
293.083, 0.372114
293.052, 0.250673
293.022, 0.110773
292.992, -0.044735
292.961, -0.212544
292.931, -0.388976
292.901, -0.570080
292.870, -0.751749
292.840, -0.929814
292.810, -1.100167
292.779, -1.258863
292.749, -1.402240
292.719, -1.527001
292.688, -1.630302
292.658, -1.709841
292.627, -1.763889
292.597, -1.791352
292.567, -1.791799
292.536, -1.765429
292.506, -1.713098
292.476, -1.636272
292.445, -1.536964
292.415, -1.417692
292.385, -1.281395
292.354, -1.131328
292.324, -0.970994
292.293, -0.804034
292.263, -0.634107
292.233, -0.464824
292.202, -0.299622
292.172, -0.141688
292.142, 0.006118
292.111, 0.141337
292.081, 0.261966
292.051, 0.366492
292.020, 0.453911
291.990, 0.523751
291.959, 0.576051
291.929, 0.611334
291.899, 0.630580
291.868, 0.635170
291.838, 0.626820
291.808, 0.607517
291.777, 0.579442
291.747, 0.544880
291.717, 0.506163
291.686, 0.465566
291.656, 0.425244
291.625, 0.387158
291.595, 0.353031
291.565, 0.324270
291.534, 0.301965
291.504, 0.286825
291.474, 0.279194
291.443, 0.279039
291.413, 0.285959
291.383, 0.299229
291.352, 0.317818
291.322, 0.340438
291.292, 0.365605
291.261, 0.391691
291.231, 0.416991
291.200, 0.439783
291.170, 0.458389
291.140, 0.471246
291.109, 0.476958
291.079, 0.474329
291.049, 0.462432
291.018, 0.440619
290.988, 0.408554
290.958, 0.366219
290.927, 0.313915
290.897, 0.252255
290.866, 0.182145
290.836, 0.104745
290.806, 0.021444
290.775, -0.066184
290.745, -0.156447
290.715, -0.247557
290.684, -0.337716
290.654, -0.425140
290.624, -0.508127
290.593, -0.585109
290.563, -0.654665
290.532, -0.715599
290.502, -0.766932
290.472, -0.807945
290.441, -0.838184
290.411, -0.857456
290.381, -0.865830
290.350, -0.863624
290.320, -0.851381
290.290, -0.829844
290.259, -0.799911
290.229, -0.762622
290.198, -0.719091
290.168, -0.670483
290.138, -0.617967
290.107, -0.562674
290.077, -0.505664
290.047, -0.447904
290.016, -0.390209
289.986, -0.333259
289.956, -0.277564
289.925, -0.223459
289.895, -0.176922
289.865, -0.132134
289.834, -0.088931
289.804, -0.047033
289.773, -0.006033
289.743, 0.034546
289.713, 0.075235
289.682, 0.116571
289.652, 0.159088
289.622, 0.203245
289.591, 0.249440
289.561, 0.297939
289.531, 0.348880
289.500, 0.402243
289.470, 0.457831
289.439, 0.515275
289.409, 0.574028
289.379, 0.633353
289.348, 0.692372
289.318, 0.750046
289.288, 0.805221
289.257, 0.856645
289.227, 0.903013
289.197, 0.942986
289.166, 0.975245
289.136, 0.998511
289.105, 1.011607
289.075, 1.013464
289.045, 1.003185
289.014, 0.980049
288.984, 0.943549
288.954, 0.893427
288.923, 0.829656
288.893, 0.752471
288.863, 0.662375
288.832, 0.560114
288.802, 0.446688
288.772, 0.323316
288.741, 0.191434
288.711, 0.052640
288.680, -0.091306
288.650, -0.238540
288.620, -0.387118
288.589, -0.535069
288.559, -0.680419
288.529, -0.821245
288.498, -0.955693
288.468, -1.082037
288.438, -1.198688
288.407, -1.304248
288.377, -1.397510
288.346, -1.477498
288.316, -1.543462
288.286, -1.594904
288.255, -1.631579
288.225, -1.653481
288.195, -1.660845
288.164, -1.654145
288.134, -1.634057
288.104, -1.601457
288.073, -1.557385
288.043, -1.503028
288.012, -1.439686
287.982, -1.368739
287.952, -1.291628
287.921, -1.209813
287.891, -1.124744
287.861, -1.037843
287.830, -0.950456
287.800, -0.863851
287.770, -0.779177
287.739, -0.697468
287.709, -0.619603
287.678, -0.546306
287.648, -0.478142
287.618, -0.415511
287.587, -0.358643
287.557, -0.307613
287.527, -0.262344
287.496, -0.222616
287.466, -0.188081
287.436, -0.158294
287.405, -0.132713
287.375, -0.110734
287.345, -0.091715
287.314, -0.074991
287.284, -0.059909
287.253, -0.045839
287.223, -0.032206
287.193, -0.018510
287.162, -0.004338
287.132, 0.010612
287.102, 0.026524
287.071, 0.043452
287.041, 0.061318
287.011, 0.079914
286.980, 0.098895
286.950, 0.117801
286.919, 0.136056
286.889, 0.152995
286.859, 0.167881
286.828, 0.179918
286.798, 0.188300
286.768, 0.192212
286.737, 0.190882
286.707, 0.183597
286.677, 0.169742
286.646, 0.148818
286.616, 0.120478
286.585, 0.084544
286.555, 0.041033
286.525, -0.009841
286.494, -0.067636
286.464, -0.131700
286.434, -0.201167
286.403, -0.274956
286.373, -0.351797
286.343, -0.430257
286.312, -0.508748
286.282, -0.585587
286.251, -0.659011
286.221, -0.727240
286.191, -0.788500
286.160, -0.841093
286.130, -0.883428
286.100, -0.914077
286.069, -0.931814
286.039, -0.935661
286.009, -0.924917
285.978, -0.899201
285.948, -0.858459
285.918, -0.802988
285.887, -0.733438
285.857, -0.647484
285.826, -0.549789
285.796, -0.442009
285.766, -0.326076
285.735, -0.204156
285.705, -0.078613
285.675, 0.048057
285.644, 0.173293
285.614, 0.294518
285.584, 0.409219
285.553, 0.515011
285.523, 0.609699
285.492, 0.691349
285.462, 0.758330
285.432, 0.809381
285.401, 0.843638
285.371, 0.860660
285.341, 0.860468
285.310, 0.843528
285.280, 0.810757
285.250, 0.763508
285.219, 0.703523
285.189, 0.632900
285.158, 0.554042
285.128, 0.469580
285.098, 0.382309
285.067, 0.295117
285.037, 0.210890
285.007, 0.132438
284.976, 0.062411
284.946, 0.003214
284.916, -0.043046
284.885, -0.074657
284.855, -0.090314
284.825, -0.089213
284.794, -0.071035
284.764, -0.035984
284.733, 0.015216
284.703, 0.081332
284.673, 0.160668
284.642, 0.251083
284.612, 0.350070
284.582, 0.454821
284.551, 0.562294
284.521, 0.669313
284.491, 0.772650
284.460, 0.869125
284.430, 0.955696
284.399, 1.029546
284.369, 1.088170
284.339, 1.129451
284.308, 1.151735
284.278, 1.153856
284.248, 1.135203
284.217, 1.095729
284.187, 1.035955
284.157, 0.956956
284.126, 0.860347
284.096, 0.748232
284.065, 0.623138
284.035, 0.487954
284.005, 0.345852
283.974, 0.200184
283.944, 0.054403
283.914, -0.088054
283.883, -0.223842
283.853, -0.349835
283.823, -0.463177
283.792, -0.561391
283.762, -0.642432
283.731, -0.704760
283.701, -0.747359
283.671, -0.769781
283.640, -0.772140
283.610, -0.755111
283.580, -0.719903
283.549, -0.668206
283.519, -0.602148
283.489, -0.524216
283.458, -0.437179
283.428, -0.343996
283.398, -0.247727
283.367, -0.151437
283.337, -0.058081
283.306, 0.029553
283.276, 0.108962
283.246, 0.177980
283.215, 0.234866
283.185, 0.278321
283.155, 0.307561
283.124, 0.322307
283.094, 0.322805
283.064, 0.309797
283.033, 0.284502
283.003, 0.248566
282.972, 0.203993
282.942, 0.153084
282.912, 0.098352
282.881, 0.042432
282.851, -0.012005
282.821, -0.062353
282.790, -0.106147
282.760, -0.141167
282.730, -0.165497
282.699, -0.177603
282.669, -0.176380
282.638, -0.161193
282.608, -0.131907
282.578, -0.088884
282.547, -0.032981
282.517, 0.034482
282.487, 0.111756
282.456, 0.196717
282.426, 0.286949
282.396, 0.379796
282.365, 0.472465
282.335, 0.562113
282.304, 0.645935
282.274, 0.721252
282.244, 0.785603
282.213, 0.836808
282.183, 0.873062
282.153, 0.892970
282.122, 0.895609
282.092, 0.880534
282.062, 0.847812
282.031, 0.798017
282.001, 0.732200
281.971, 0.651849
281.940, 0.558875
281.910, 0.455498
281.879, 0.344231
281.849, 0.227754
281.819, 0.108861
281.788, -0.008226
281.758, -0.122192
281.728, -0.230456
281.697, -0.330669
281.667, -0.420794
281.637, -0.499142
281.606, -0.564444
281.576, -0.615854
281.545, -0.652990
281.515, -0.675920
281.485, -0.685166
281.454, -0.681655
281.424, -0.666686
281.394, -0.641877
281.363, -0.609106
281.333, -0.570422
281.303, -0.527991
281.272, -0.483987
281.242, -0.440544
281.211, -0.399663
281.181, -0.363127
281.151, -0.332467
281.120, -0.308888
281.090, -0.293228
281.060, -0.285949
281.029, -0.287083
280.999, -0.296287
280.969, -0.312802
280.938, -0.335529
280.908, -0.363036
280.878, -0.393627
280.847, -0.425402
280.817, -0.456325
280.786, -0.484300
280.756, -0.507253
280.726, -0.523190
280.695, -0.530293
280.665, -0.526976
280.635, -0.511946
280.604, -0.484259
280.574, -0.443349
280.544, -0.389062
280.513, -0.321669
280.483, -0.241854
280.452, -0.150719
280.422, -0.049726
280.392, 0.059306
280.361, 0.174299
280.331, 0.292934
280.301, 0.412750
280.270, 0.531199
280.240, 0.645724
280.210, 0.753838
280.179, 0.853199
280.149, 0.941657
280.118, 1.017342
280.088, 1.078696
280.058, 1.124513
280.027, 1.153962
279.997, 1.166630
279.967, 1.162477
279.936, 1.141868
279.906, 1.105526
279.876, 1.054511
279.845, 0.990159
279.815, 0.914054
279.784, 0.827949
279.754, 0.733721
279.724, 0.633286
279.693, 0.528568
279.663, 0.421410
279.633, 0.313542
279.602, 0.206522
279.572, 0.101704
279.542, 0.000203
279.511, -0.097119
279.481, -0.189657
279.451, -0.277058
279.420, -0.359214
279.390, -0.436222
279.359, -0.508359
279.329, -0.576051
279.299, -0.639798
279.268, -0.700151
279.238, -0.757647
279.208, -0.812762
279.177, -0.865869
279.147, -0.917181
279.117, -0.966735
279.086, -1.014359
279.056, -1.059651
279.025, -1.101985
278.995, -1.140512
278.965, -1.174173
278.934, -1.201743
278.904, -1.221849
278.874, -1.233041
278.843, -1.233838
278.813, -1.222779
278.783, -1.198509
278.752, -1.159827
278.722, -1.105741
278.691, -1.035565
278.661, -0.948920
278.631, -0.845819
278.600, -0.726678
278.570, -0.592342
278.540, -0.444097
278.509, -0.283658
278.479, -0.113139
278.449, 0.064962
278.418, 0.247837
278.388, 0.432406
278.358, 0.615416
278.327, 0.793495
278.297, 0.963267
278.266, 1.121415
278.236, 1.264804
278.206, 1.390544
278.175, 1.496092
278.145, 1.579319
278.115, 1.638595
278.084, 1.672809
278.054, 1.681448
278.024, 1.664596
277.993, 1.622940
277.963, 1.557768
277.932, 1.470945
277.902, 1.364849
277.872, 1.242319
277.841, 1.106586
277.811, 0.961177
277.781, 0.809813
277.750, 0.656321
277.720, 0.502899
277.690, 0.354869
277.659, 0.215712
277.629, 0.088600
277.598, -0.023711
277.568, -0.118934
277.538, -0.195327
277.507, -0.251740
277.477, -0.287630
277.447, -0.303089
277.416, -0.298822
277.386, -0.276124
277.356, -0.236827
277.325, -0.183258
277.295, -0.118140
277.264, -0.044526
277.234, 0.034310
277.204, 0.114979
277.173, 0.194064
277.143, 0.268253
277.113, 0.334407
277.082, 0.389692
277.052, 0.431629
277.022, 0.458203
276.991, 0.467890
276.961, 0.459725
276.931, 0.433315
276.900, 0.388857
276.870, 0.327118
276.839, 0.249416
276.809, 0.157587
276.779, 0.053900
276.748, -0.058993
276.718, -0.178133
276.688, -0.300365
276.657, -0.422416
276.627, -0.541003
276.597, -0.652916
276.566, -0.755123
276.536, -0.844847
276.505, -0.919651
276.475, -0.977500
276.445, -1.016804
276.414, -1.036481
276.384, -1.035947
276.354, -1.015157
276.323, -0.974568
276.293, -0.915136
276.263, -0.838268
276.232, -0.745775
276.202, -0.639814
276.171, -0.522815
276.141, -0.397408
276.111, -0.266351
276.080, -0.132440
276.050, 0.001564
276.020, 0.133005
275.989, 0.259413
275.959, 0.378545
275.929, 0.488452
275.898, 0.587514
275.868, 0.674456
275.837, 0.748382
275.807, 0.808763
275.777, 0.855441
275.746, 0.888594
275.716, 0.908719
275.686, 0.916583
275.655, 0.913195
275.625, 0.899728
275.595, 0.877493
275.564, 0.847873
275.534, 0.812257
275.504, 0.772017
275.473, 0.728438
275.443, 0.682691
275.412, 0.635794
275.382, 0.588592
275.352, 0.541740
275.321, 0.495696
275.291, 0.450720
275.261, 0.406897
275.230, 0.364140
275.200, 0.322227
275.170, 0.280825
275.139, 0.239528
275.109, 0.197894
275.078, 0.155487
275.048, 0.111900
275.018, 0.066799
274.987, 0.019967
274.957, -0.028705
274.927, -0.079162
274.896, -0.131199
274.866, -0.184435
274.836, -0.238343
274.805, -0.292238
274.775, -0.345306
274.744, -0.396620
274.714, -0.445184
274.684, -0.489957
274.653, -0.529893
274.623, -0.563986
274.593, -0.591297
274.562, -0.611016
274.532, -0.622472
274.502, -0.625177
274.471, -0.618858
274.441, -0.603456
274.411, -0.579167
274.380, -0.546417
274.350, -0.505873
274.319, -0.458436
274.289, -0.405212
274.259, -0.347477
274.228, -0.286661
274.198, -0.224300
274.168, -0.161988
274.137, -0.101339
274.107, -0.043939
274.077, 0.008709
274.046, 0.055213
274.016, 0.094358
273.985, 0.125118
273.955, 0.146704
273.925, 0.158576
273.894, 0.160469
273.864, 0.152391
273.834, 0.134634
273.803, 0.107754
273.773, 0.072560
273.743, 0.030091
273.712, -0.018430
273.682, -0.076016
273.651, -0.136752
273.621, -0.199050
273.591, -0.261309
273.560, -0.321935
273.530, -0.379404
273.500, -0.432300
273.469, -0.479345
273.439, -0.519446
273.409, -0.551712
273.378, -0.575473
273.348, -0.590314
273.317, -0.596050
273.287, -0.592747
273.257, -0.580702
273.226, -0.560440
273.196, -0.532668
273.166, -0.498279
273.135, -0.458287
273.105, -0.413831
273.075, -0.366098
273.044, -0.316312
273.014, -0.265697
272.984, -0.215427
272.953, -0.166605
272.923, -0.120229
272.892, -0.077172
272.862, -0.038167
272.832, -0.003780
272.801, 0.025588
272.771, 0.049699
272.741, 0.068481
272.710, 0.082021
272.680, 0.090539
272.650, 0.094384
272.619, 0.093997
272.589, 0.089908
272.558, 0.082692
272.528, 0.072949
272.498, 0.061279
272.467, 0.048261
272.437, 0.034428
272.407, 0.020251
272.376, 0.006118
272.346, -0.007679
272.316, -0.020941
272.285, -0.033569
272.255, -0.045572
272.224, -0.057050
272.194, -0.068193
272.164, -0.079261
272.133, -0.090575
272.103, -0.102499
272.073, -0.115411
272.042, -0.129699
272.012, -0.145727
271.982, -0.163825
271.951, -0.184271
271.921, -0.207259
271.890, -0.232911
271.860, -0.261247
271.830, -0.292180
271.799, -0.325523
271.769, -0.360972
271.739, -0.398128
271.708, -0.436487
271.678, -0.475450
271.648, -0.514349
271.617, -0.552443
271.587, -0.588952
271.557, -0.623064
271.526, -0.653958
271.496, -0.680820
271.465, -0.702860
271.435, -0.719342
271.405, -0.729588
271.374, -0.733009
271.344, -0.729101
271.314, -0.717469
271.283, -0.697844
271.253, -0.670073
271.223, -0.634139
271.192, -0.590157
271.162, -0.538380
271.131, -0.479189
271.101, -0.413093
271.071, -0.340731
271.040, -0.262846
271.010, -0.180286
270.980, -0.093999
270.949, -0.004997
270.919, 0.085639
270.889, 0.176780
270.858, 0.267272
270.828, 0.355945
270.797, 0.441642
270.767, 0.523228
270.737, 0.599613
270.706, 0.669773
270.676, 0.732762
270.646, 0.787739
270.615, 0.833982
270.585, 0.870898
270.555, 0.898039
270.524, 0.915124
270.494, 0.922036
270.464, 0.918835
270.433, 0.905769
270.403, 0.883256
270.372, 0.851911
270.342, 0.812511
270.312, 0.765999
270.281, 0.713470
270.251, 0.656151
270.221, 0.595384
270.190, 0.532591
270.160, 0.469253
270.130, 0.406882
270.099, 0.346979
270.069, 0.291010
270.038, 0.240361
270.008, 0.196311
269.978, 0.159995
269.947, 0.132375
269.917, 0.114207
269.887, 0.106021
269.856, 0.108103
269.826, 0.120472
269.796, 0.142882
269.765, 0.174809
269.735, 0.215475
269.704, 0.263840
269.674, 0.318640
269.644, 0.378396
269.613, 0.447758
269.583, 0.518649
269.553, 0.589193
269.522, 0.657479
269.492, 0.721595
269.462, 0.779691
269.431, 0.830018
269.401, 0.870992
269.370, 0.901225
269.340, 0.919572
269.310, 0.925175
269.279, 0.917478
269.249, 0.896248
269.219, 0.861601
269.188, 0.813989
269.158, 0.754197
269.128, 0.683334
269.097, 0.602790
269.067, 0.514214
269.037, 0.419476
269.006, 0.320595
268.976, 0.219707
268.945, 0.118993
268.915, 0.020628
268.885, -0.073294
268.854, -0.160799
268.824, -0.240111
268.794, -0.309680
268.763, -0.368250
268.733, -0.414880
268.703, -0.448967
268.672, -0.470269
268.642, -0.478919
268.611, -0.475396
268.581, -0.460529
268.551, -0.435456
268.520, -0.401594
268.490, -0.360587
268.460, -0.314266
268.429, -0.264562
268.399, -0.213469
268.369, -0.162972
268.338, -0.114976
268.308, -0.071247
268.277, -0.033360
268.247, -0.002635
268.217, 0.019895
268.186, 0.033525
268.156, 0.037903
268.126, 0.033028
268.095, 0.019274
268.065, -0.002646
268.035, -0.031684
268.004, -0.066508
267.974, -0.105537
267.943, -0.146993
267.913, -0.188981
267.883, -0.229521
267.852, -0.266648
267.822, -0.298456
267.792, -0.323196
267.761, -0.339305
267.731, -0.345484
267.701, -0.340748
267.670, -0.324464
267.640, -0.296375
267.610, -0.256618
267.579, -0.205740
267.549, -0.144675
267.518, -0.074733
267.488, 0.002437
267.458, 0.084893
267.427, 0.170456
267.397, 0.256761
267.367, 0.341344
267.336, 0.421704
267.306, 0.495379
267.276, 0.560019
267.245, 0.613469
267.215, 0.653824
267.184, 0.679487
267.154, 0.689223
267.124, 0.682213
267.093, 0.658054
267.063, 0.616789
267.033, 0.558919
267.002, 0.485367
266.972, 0.397470
266.942, 0.296940
266.911, 0.185807
266.881, 0.066380
266.850, -0.058832
266.820, -0.187192
266.790, -0.315998
266.759, -0.442565
266.729, -0.564297
266.699, -0.678755
266.668, -0.783720
266.638, -0.877256
266.608, -0.957757
266.577, -1.023962
266.547, -1.075021
266.517, -1.110476
266.486, -1.130272
266.456, -1.134746
266.425, -1.124609
266.395, -1.100908
266.365, -1.064977
266.334, -1.018408
266.304, -0.962972
266.274, -0.900573
266.243, -0.833181
266.213, -0.762775
266.183, -0.691278
266.152, -0.620506
266.122, -0.552114
266.091, -0.487558
266.061, -0.428051
266.031, -0.374554
266.000, -0.327751
265.970, -0.288033
265.940, -0.255528
265.909, -0.230089
265.879, -0.211328
265.849, -0.198651
265.818, -0.191281
265.788, -0.188307
265.757, -0.188718
265.727, -0.191461
265.697, -0.195471
265.666, -0.199724
265.636, -0.203260
265.606, -0.205244
265.575, -0.204958
265.545, -0.205893
265.515, -0.203632
265.484, -0.197967
265.454, -0.188879
265.423, -0.176503
265.393, -0.161129
265.363, -0.143191
265.332, -0.123221
265.302, -0.101827
265.272, -0.079671
265.241, -0.057429
265.211, -0.035759
265.181, -0.015275
265.150, 0.003484
265.120, 0.020067
265.090, 0.034140
265.059, 0.045487
265.029, 0.054027
264.998, 0.059804
264.968, 0.062991
264.938, 0.063866
264.907, 0.062812
264.877, 0.060274
264.847, 0.056759
264.816, 0.052799
264.786, 0.048918
264.756, 0.045625
264.725, 0.043370
264.695, 0.042530
264.664, 0.043401
264.634, 0.046168
264.604, 0.050912
264.573, 0.057593
264.543, 0.066065
264.513, 0.076090
264.482, 0.087327
264.452, 0.099380
264.422, 0.111807
264.391, 0.124140
264.361, 0.135924
264.330, 0.146740
264.300, 0.156227
264.270, 0.164119
264.239, 0.170247
264.209, 0.174576
264.179, 0.177201
264.148, 0.178361
264.118, 0.178434
264.088, 0.177926
264.057, 0.177463
264.027, 0.177766
263.997, 0.179627
263.966, 0.183865
263.936, 0.191310
263.905, 0.202744
263.875, 0.218886
263.845, 0.240334
263.814, 0.267538
263.784, 0.300764
263.754, 0.340083
263.723, 0.385329
263.693, 0.436107
263.663, 0.491773
263.632, 0.551456
263.602, 0.614068
263.571, 0.678320
263.541, 0.742763
263.511, 0.805840
263.480, 0.865910
263.450, 0.921317
263.420, 0.970449
263.389, 1.011786
263.359, 1.043953
263.329, 1.065790
263.298, 1.076399
263.268, 1.075167
263.237, 1.061825
263.207, 1.036464
263.177, 0.999539
263.146, 0.951886
263.116, 0.894697
263.086, 0.829507
263.055, 0.758146
263.025, 0.682699
262.995, 0.605449
262.964, 0.528810
262.934, 0.455249
262.903, 0.387212
262.873, 0.327059
262.843, 0.276958
262.812, 0.238839
262.782, 0.214319
262.752, 0.204623
262.721, 0.210571
262.691, 0.232507
262.661, 0.270303
262.630, 0.323337
262.600, 0.390510
262.570, 0.470261
262.539, 0.560623
262.509, 0.659255
262.478, 0.763531
262.448, 0.870594
262.418, 0.977455
262.387, 1.081081
262.357, 1.178493
262.327, 1.266839
262.296, 1.343506
262.266, 1.406191
262.236, 1.452972
262.205, 1.482380
262.175, 1.493431
262.144, 1.485672
262.114, 1.459187
262.084, 1.414597
262.053, 1.353037
262.023, 1.276116
261.993, 1.185875
261.962, 1.084704
261.932, 0.975266
261.902, 0.860416
261.871, 0.743090
261.841, 0.626211
261.810, 0.512601
261.780, 0.404860
261.750, 0.305299
261.719, 0.215851
261.689, 0.137999
261.659, 0.072734
261.628, 0.020516
261.598, -0.018751
261.568, -0.045695
261.537, -0.061482
261.507, -0.063960
261.476, -0.058985
261.446, -0.048982
261.416, -0.036634
261.385, -0.024792
261.355, -0.016370
261.325, -0.014236
261.294, -0.021108
261.264, -0.039439
261.234, -0.071326
261.203, -0.118431
261.173, -0.181894
261.143, -0.262281
261.112, -0.359557
261.082, -0.473047
261.051, -0.601458
261.021, -0.742892
260.991, -0.894896
260.960, -1.054522
260.930, -1.218412
260.900, -1.382893
260.869, -1.544077
260.839, -1.697995
260.809, -1.840702
260.778, -1.968401
260.748, -2.077571
260.717, -2.165076
260.687, -2.228262
260.657, -2.265040
260.626, -2.273975
260.596, -2.254312
260.566, -2.206028
260.535, -2.129829
260.505, -2.027130
260.475, -1.900039
260.444, -1.751282
260.414, -1.584122
260.383, -1.402286
260.353, -1.209842
260.323, -1.011090
260.292, -0.810442
260.262, -0.612277
260.232, -0.420839
260.201, -0.240108
260.171, -0.073687
260.141, 0.075288
260.110, 0.204235
260.080, 0.311181
260.050, 0.394824
260.019, 0.454529
259.989, 0.490349
259.958, 0.502993
259.928, 0.493790
259.898, 0.464624
259.867, 0.417857
259.837, 0.356250
259.807, 0.282837
259.776, 0.200839
259.746, 0.113544
259.716, 0.024197
259.685, -0.064109
259.655, -0.148537
259.624, -0.226571
259.594, -0.296115
259.564, -0.355539
259.533, -0.403716
259.503, -0.440042
259.473, -0.464436
259.442, -0.477326
259.412, -0.479599
259.382, -0.472557
259.351, -0.457847
259.321, -0.437373
259.290, -0.413211
259.260, -0.387520
259.230, -0.362439
259.199, -0.339994
259.169, -0.322012
259.139, -0.310042
259.108, -0.305287
259.078, -0.308548
259.048, -0.320195
259.017, -0.340138
258.987, -0.367836
258.956, -0.402311
258.926, -0.442178
258.896, -0.485714
258.865, -0.530902
258.835, -0.575531
258.805, -0.617270
258.774, -0.653766
258.744, -0.682749
258.714, -0.702108
258.683, -0.709999
258.653, -0.704921
258.623, -0.685779
258.592, -0.651952
258.562, -0.603323
258.531, -0.540307
258.501, -0.463852
258.471, -0.375415
258.440, -0.276934
258.410, -0.170768
258.380, -0.059628
258.349, 0.053506
258.319, 0.165490
258.289, 0.273112
258.258, 0.373202
258.228, 0.462748
258.197, 0.538997
258.167, 0.599554
258.137, 0.642470
258.106, 0.666323
258.076, 0.670269
258.046, 0.654083
258.015, 0.618181
257.985, 0.563613
257.955, 0.492035
257.924, 0.405677
257.894, 0.307267
257.863, 0.199944
257.833, 0.087172
257.803, -0.027376
257.772, -0.139939
257.742, -0.246786
257.712, -0.344345
257.681, -0.429316
257.651, -0.498786
257.621, -0.550332
257.590, -0.582092
257.560, -0.592862
257.529, -0.582095
257.499, -0.549970
257.469, -0.497375
257.438, -0.431166
257.408, -0.348259
257.378, -0.251432
257.347, -0.143951
257.317, -0.029467
257.287, 0.088107
257.256, 0.204719
257.226, 0.316300
257.196, 0.418915
257.165, 0.508880
257.135, 0.582889
257.104, 0.638124
257.074, 0.672345
257.044, 0.683983
257.013, 0.672176
256.983, 0.636814
256.953, 0.578550
256.922, 0.498775
256.892, 0.399590
256.862, 0.283732
256.831, 0.154502
256.801, 0.015649
256.770, -0.128723
256.740, -0.274312
256.710, -0.416730
256.679, -0.551646
256.649, -0.674932
256.619, -0.782782
256.588, -0.871838
256.558, -0.939293
256.528, -0.982976
256.497, -1.001431
256.467, -0.993947
256.436, -0.960596
256.406, -0.902225
256.376, -0.820417
256.345, -0.717461
256.315, -0.596265
256.285, -0.460275
256.254, -0.313356
256.224, -0.159679
256.194, -0.003599
256.163, 0.150497
256.133, 0.298308
256.103, 0.435755
256.072, 0.559110
256.042, 0.665095
256.011, 0.750978
255.981, 0.814667
255.951, 0.854742
255.920, 0.870507
255.890, 0.861992
255.860, 0.829947
255.829, 0.775805
255.799, 0.701623
255.769, 0.610015
255.738, 0.504054
255.708, 0.387169
255.677, 0.263037
255.647, 0.135450
255.617, 0.008204
255.586, -0.115023
255.556, -0.230795
255.526, -0.336012
255.495, -0.428002
255.465, -0.504606
255.435, -0.564235
255.404, -0.605900
255.374, -0.629239
255.343, -0.634514
255.313, -0.622582
255.283, -0.594858
255.252, -0.553252
255.222, -0.500098
255.192, -0.438056
255.161, -0.370026
255.131, -0.299035
255.101, -0.228130
255.070, -0.160279
255.040, -0.098271
255.009, -0.044605
254.979, -0.001432
254.949, 0.029534
254.918, 0.047052
254.888, 0.050402
254.858, 0.039401
254.827, 0.014401
254.797, -0.023737
254.767, -0.073666
254.736, -0.133620
254.706, -0.201468
254.676, -0.274799
254.645, -0.351010
254.615, -0.427393
254.584, -0.501230
254.554, -0.569892
254.524, -0.630927
254.493, -0.682139
254.463, -0.721667
254.433, -0.748047
254.402, -0.760245
254.372, -0.757710
254.342, -0.740373
254.311, -0.708654
254.281, -0.663436
254.250, -0.606044
254.220, -0.538179
254.190, -0.461873
254.159, -0.379407
254.129, -0.293238
254.099, -0.205906
254.068, -0.119961
254.038, -0.037862
254.008, 0.038099
253.977, 0.105878
253.947, 0.163732
253.916, 0.210303
253.886, 0.244635
253.856, 0.266222
253.825, 0.275006
253.795, 0.271396
253.765, 0.256235
253.734, 0.230777
253.704, 0.196646
253.674, 0.155761
253.643, 0.110298
253.613, 0.062592
253.582, 0.015064
253.552, -0.029855
253.522, -0.069815
253.491, -0.102619
253.461, -0.126306
253.431, -0.139217
253.400, -0.137766
253.370, -0.123322
253.340, -0.095416
253.309, -0.054027
253.279, 0.000400
253.249, 0.066989
253.218, 0.144424
253.188, 0.231010
253.157, 0.324725
253.127, 0.423256
253.097, 0.524094
253.066, 0.624590
253.036, 0.722045
253.006, 0.813786
252.975, 0.897241
252.945, 0.970026
252.915, 1.030000
252.884, 1.075345
252.854, 1.104610
252.823, 1.116750
252.793, 1.111164
252.763, 1.087714
252.732, 1.046720
252.702, 0.988957
252.672, 0.915639
252.641, 0.828373
252.611, 0.729127
252.581, 0.620168
252.550, 0.504001
252.520, 0.383304
252.489, 0.260856
252.459, 0.139466
252.429, 0.021888
252.398, -0.089233
252.368, -0.191446
252.338, -0.282535
252.307, -0.360597
252.277, -0.424057
252.247, -0.471736
252.216, -0.502851
252.186, -0.517034
252.156, -0.514340
252.125, -0.495243
252.095, -0.460588
252.064, -0.411604
252.034, -0.349832
252.004, -0.277105
251.973, -0.195472
251.943, -0.107163
251.913, -0.014523
251.882, 0.080051
251.852, 0.174173
251.822, 0.265513
251.791, 0.351866
251.761, 0.431205
251.730, 0.501712
251.700, 0.561833
251.670, 0.610298
251.639, 0.646154
251.609, 0.668777
251.579, 0.677877
251.548, 0.673499
251.518, 0.656024
251.488, 0.626132
251.457, 0.584803
251.427, 0.533270
251.396, 0.472989
251.366, 0.405609
251.336, 0.332917
251.305, 0.256804
251.275, 0.179217
251.245, 0.102105
251.214, 0.027395
251.184, -0.043073
251.154, -0.107568
251.123, -0.164509
251.093, -0.212505
251.062, -0.250371
251.032, -0.277150
251.002, -0.292134
250.971, -0.294874
250.941, -0.285179
250.911, -0.263122
250.880, -0.229020
250.850, -0.183448
250.820, -0.127189
250.789, -0.061242
250.759, 0.013217
250.729, 0.094869
250.698, 0.182260
250.668, 0.273850
250.637, 0.368045
250.607, 0.463219
250.577, 0.557761
250.546, 0.650095
250.516, 0.738716
250.486, 0.822207
250.455, 0.899281
250.425, 0.968788
250.395, 1.029740
250.364, 1.081320
250.334, 1.122892
250.303, 1.154007
250.273, 1.174414
250.243, 1.184037
250.212, 1.182985
250.182, 1.171538
250.152, 1.150131
250.121, 1.119334
250.091, 1.079841
250.061, 1.032447
250.030, 0.978030
250.000, 0.917517
249.969, 0.851874
249.939, 0.782079
249.909, 0.709101
249.878, 0.633881
249.848, 0.557322
249.818, 0.480260
249.787, 0.403462
249.757, 0.327623
249.727, 0.253338
249.696, 0.181120
249.666, 0.111397
249.636, 0.044498
249.605, -0.019323
249.575, -0.079886
249.544, -0.137089
249.514, -0.190869
249.484, -0.241221
249.453, -0.288169
249.423, -0.331757
249.393, -0.372044
249.362, -0.409087
249.332, -0.439733
249.302, -0.467223
249.271, -0.491568
249.241, -0.512770
249.210, -0.530796
249.180, -0.545597
249.150, -0.557112
249.119, -0.565262
249.089, -0.569973
249.059, -0.571167
249.028, -0.568785
248.998, -0.562789
248.968, -0.553184
248.937, -0.540004
248.907, -0.523351
248.876, -0.503375
248.846, -0.480288
248.816, -0.454376
248.785, -0.425982
248.755, -0.395520
248.725, -0.363460
248.694, -0.330319
248.664, -0.296664
248.634, -0.263083
248.603, -0.230183
248.573, -0.198568
248.542, -0.168825
248.512, -0.141513
248.482, -0.117133
248.451, -0.096123
248.421, -0.078845
248.391, -0.065565
248.360, -0.056451
248.330, -0.051553
248.300, -0.050819
248.269, -0.054079
248.239, -0.061054
248.209, -0.071355
248.178, -0.084510
248.148, -0.099955
248.117, -0.117070
248.087, -0.135179
248.057, -0.153575
248.026, -0.171554
247.996, -0.188413
247.966, -0.203479
247.935, -0.216138
247.905, -0.225841
247.875, -0.232114
247.844, -0.234592
247.814, -0.232999
247.783, -0.227182
247.753, -0.217088
247.723, -0.202779
247.692, -0.184422
247.662, -0.162268
247.632, -0.136663
247.601, -0.108015
247.571, -0.076782
247.541, -0.043460
247.510, -0.008557
247.480, 0.027422
247.449, 0.063988
247.419, 0.100692
247.389, 0.137131
247.358, 0.172964
247.328, 0.207913
247.298, 0.241770
247.267, 0.274402
247.237, 0.305741
247.207, 0.335774
247.176, 0.364542
247.146, 0.392116
247.115, 0.418595
247.085, 0.444072
247.055, 0.468630
247.024, 0.492319
246.994, 0.515140
246.964, 0.537019
246.933, 0.557816
246.903, 0.577301
246.873, 0.595142
246.842, 0.610927
246.812, 0.624140
246.782, 0.634193
246.751, 0.640423
246.721, 0.642118
246.690, 0.638537
246.660, 0.628932
246.630, 0.612582
246.599, 0.588819
246.569, 0.557058
246.539, 0.516829
246.508, 0.467803
246.478, 0.409828
246.448, 0.342929
246.417, 0.267354
246.387, 0.183564
246.356, 0.092242
246.326, -0.005696
246.296, -0.109129
246.265, -0.216730
246.235, -0.327001
246.205, -0.438307
246.174, -0.548895
246.144, -0.656948
246.114, -0.760631
246.083, -0.858136
246.053, -0.947732
246.022, -1.027812
245.992, -1.096951
245.962, -1.153930
245.931, -1.197794
245.901, -1.227879
245.871, -1.243835
245.840, -1.245642
245.810, -1.233622
245.780, -1.208427
245.749, -1.171048
245.719, -1.122765
245.689, -1.065132
245.658, -0.999939
245.628, -0.929153
245.597, -0.854875
245.567, -0.779268
245.537, -0.704515
245.506, -0.632730
245.476, -0.565918
245.446, -0.505903
245.415, -0.454279
245.385, -0.412355
245.355, -0.381122
245.324, -0.361211
245.294, -0.352878
245.263, -0.357385
245.233, -0.372833
245.203, -0.398334
245.172, -0.432651
245.142, -0.474241
245.112, -0.521286
245.081, -0.571760
245.051, -0.623476
245.021, -0.674163
244.990, -0.721529
244.960, -0.763323
244.929, -0.797423
244.899, -0.821881
244.869, -0.834997
244.838, -0.835362
244.808, -0.821909
244.778, -0.793950
244.747, -0.751192
244.717, -0.693746
244.687, -0.622139
244.656, -0.537293
244.626, -0.440499
244.595, -0.333381
244.565, -0.217857
244.535, -0.096081
244.504, 0.029626
244.474, 0.156827
244.444, 0.283047
244.413, 0.405842
244.383, 0.522864
244.353, 0.631926
244.322, 0.731067
244.292, 0.818598
244.262, 0.893138
244.231, 0.953668
244.201, 0.999536
244.170, 1.030475
244.140, 1.046593
244.110, 1.048380
244.079, 1.036663
244.049, 1.012586
244.019, 0.977557
243.988, 0.933220
243.958, 0.881357
243.928, 0.823880
243.897, 0.762725
243.867, 0.699819
243.836, 0.637001
243.806, 0.575978
243.776, 0.518263
243.745, 0.465149
243.715, 0.417649
243.685, 0.376496
243.654, 0.342104
243.624, 0.314588
243.594, 0.293741
243.563, 0.279072
243.533, 0.269823
243.502, 0.265004
243.472, 0.263432
243.442, 0.263780
243.411, 0.264637
243.381, 0.264549
243.351, 0.262079
243.320, 0.255868
243.290, 0.244683
243.260, 0.227463
243.229, 0.203362
243.199, 0.171786
243.168, 0.132414
243.138, 0.085226
243.108, 0.030505
243.077, -0.031179
243.047, -0.098947
243.017, -0.171660
242.986, -0.247936
242.956, -0.326188
242.926, -0.404666
242.895, -0.481506
242.865, -0.554787
242.835, -0.622571
242.804, -0.682977
242.774, -0.734215
242.743, -0.774651
242.713, -0.802854
242.683, -0.817625
242.652, -0.818046
242.622, -0.803513
242.592, -0.773729
242.561, -0.728754
242.531, -0.668976
242.501, -0.595128
242.470, -0.508263
242.440, -0.409737
242.409, -0.301175
242.379, -0.184442
242.349, -0.061603
242.318, 0.065126
242.288, 0.193424
242.258, 0.320918
242.227, 0.445232
242.197, 0.564035
242.167, 0.675092
242.136, 0.776309
242.106, 0.865776
242.075, 0.941810
242.045, 1.002976
242.015, 1.048125
241.984, 1.076408
241.954, 1.087298
241.924, 1.080583
241.893, 1.056385
241.863, 1.015139
241.833, 0.957592
241.802, 0.884785
241.772, 0.798017
241.742, 0.698831
241.711, 0.588987
241.681, 0.470408
241.650, 0.345155
241.620, 0.215392
241.590, 0.083331
241.559, -0.048793
241.529, -0.178778
241.499, -0.304489
241.468, -0.423891
241.438, -0.535089
241.408, -0.636369
241.377, -0.726216
241.347, -0.803342
241.316, -0.866712
241.286, -0.915556
241.256, -0.949389
241.225, -0.967081
241.195, -0.969633
241.165, -0.957396
241.134, -0.931005
241.104, -0.891337
241.074, -0.839506
241.043, -0.776844
241.013, -0.704853
240.982, -0.625179
240.952, -0.539584
240.922, -0.449897
240.891, -0.357983
240.861, -0.265689
240.831, -0.174816
240.800, -0.087079
240.770, -0.004059
240.740, 0.072823
240.709, 0.142338
240.679, 0.203476
240.648, 0.255467
240.618, 0.297792
240.588, 0.330207
240.557, 0.352719
240.527, 0.365599
240.497, 0.369369
240.466, 0.364778
240.436, 0.352782
240.406, 0.334506
240.375, 0.311224
240.345, 0.284305
240.315, 0.255174
240.284, 0.225279
240.254, 0.196035
240.223, 0.168790
240.193, 0.144776
240.163, 0.125076
240.132, 0.110586
240.102, 0.102001
240.072, 0.099770
240.041, 0.104100
240.011, 0.114942
239.981, 0.131997
239.950, 0.154715
239.920, 0.182317
239.889, 0.213824
239.859, 0.248085
239.829, 0.283798
239.798, 0.319567
239.768, 0.353947
239.738, 0.385481
239.707, 0.412747
239.677, 0.434404
239.647, 0.449242
239.616, 0.456216
239.586, 0.454480
239.555, 0.443409
239.525, 0.422636
239.495, 0.392051
239.464, 0.351817
239.434, 0.302350
239.404, 0.244335
239.373, 0.178673
239.343, 0.106491
239.313, 0.029069
239.282, -0.052153
239.252, -0.135656
239.222, -0.219862
239.191, -0.303197
239.161, -0.384113
239.130, -0.461152
239.100, -0.532977
239.070, -0.598404
239.039, -0.656426
239.009, -0.706254
238.979, -0.747310
238.948, -0.779235
238.918, -0.801900
238.888, -0.815390
238.857, -0.819980
238.827, -0.816121
238.796, -0.804408
238.766, -0.785545
238.736, -0.760308
238.705, -0.729514
238.675, -0.693980
238.645, -0.654478
238.614, -0.611727
238.584, -0.566336
238.554, -0.518799
238.523, -0.469486
238.493, -0.418616
238.462, -0.366274
238.432, -0.312404
238.402, -0.256843
238.371, -0.199325
238.341, -0.139522
238.311, -0.077070
238.280, -0.011616
238.250, 0.057159
238.220, 0.129480
238.189, 0.205457
238.159, 0.285047
238.128, 0.368010
238.098, 0.453908
238.068, 0.542076
238.037, 0.631612
238.007, 0.721400
237.977, 0.810096
237.946, 0.896178
237.916, 0.977966
237.886, 1.053664
237.855, 1.121412
237.825, 1.179355
237.795, 1.225690
237.764, 1.258724
237.734, 1.276972
237.703, 1.279184
237.673, 1.264422
237.643, 1.232105
237.612, 1.182058
237.582, 1.114543
237.552, 1.030277
237.521, 0.930428
237.491, 0.816632
237.461, 0.690951
237.430, 0.555836
237.400, 0.414083
237.369, 0.268760
237.339, 0.123141
237.309, -0.019386
237.278, -0.155418
237.248, -0.281618
237.218, -0.394822
237.187, -0.492133
237.157, -0.571693
237.127, -0.630727
237.096, -0.667647
237.066, -0.681444
237.035, -0.671720
237.005, -0.638711
236.975, -0.583310
236.944, -0.507038
236.914, -0.412018
236.884, -0.300935
236.853, -0.176953
236.823, -0.043644
236.793, 0.095121
236.762, 0.235263
236.732, 0.372626
236.701, 0.503090
236.671, 0.622681
236.641, 0.727705
236.610, 0.814843
236.580, 0.881261
236.550, 0.924687
236.519, 0.943490
236.489, 0.936726
236.459, 0.904167
236.428, 0.846315
236.398, 0.764392
236.368, 0.660304
236.337, 0.536583
236.307, 0.396323
236.276, 0.243090
236.246, 0.080804
236.216, -0.086355
236.185, -0.254088
236.155, -0.418088
236.125, -0.574169
236.094, -0.718399
236.064, -0.847199
236.034, -0.957446
236.003, -1.046573
235.973, -1.112617
235.942, -1.154301
235.912, -1.171034
235.882, -1.162943
235.851, -1.130836
235.821, -1.076197
235.791, -1.001103
235.760, -0.908177
235.730, -0.800483
235.700, -0.681430
235.669, -0.554670
235.639, -0.423975
235.608, -0.293120
235.578, -0.165772
235.548, -0.045379
235.517, 0.064931
235.487, 0.162446
235.457, 0.244928
235.426, 0.310690
235.396, 0.358619
235.366, 0.388205
235.335, 0.399535
235.305, 0.393277
235.275, 0.370635
235.244, 0.333317
235.214, 0.283428
235.183, 0.223426
235.153, 0.156008
235.123, 0.084025
235.092, 0.010380
235.062, -0.062066
235.032, -0.130593
235.001, -0.192700
234.971, -0.246188
234.941, -0.289220
234.910, -0.320371
234.880, -0.338654
234.849, -0.343552
234.819, -0.334996
234.789, -0.313381
234.758, -0.279496
234.728, -0.234512
234.698, -0.179916
234.667, -0.117428
234.637, -0.048951
234.607, 0.023501
234.576, 0.097911
234.546, 0.172303
234.515, 0.244825
234.485, 0.313805
234.455, 0.377816
234.424, 0.435702
234.394, 0.486614
234.364, 0.530032
234.333, 0.565748
234.303, 0.593875
234.273, 0.614813
234.242, 0.629198
234.212, 0.637887
234.181, 0.641881
234.151, 0.642266
234.121, 0.640166
234.090, 0.636670
234.060, 0.632778
234.030, 0.629345
233.999, 0.627030
233.969, 0.626272
233.939, 0.627246
233.908, 0.629866
233.878, 0.633770
233.848, 0.638346
233.817, 0.642738
233.787, 0.645902
233.756, 0.646640
233.726, 0.643652
233.696, 0.635616
233.665, 0.621233
233.635, 0.599297
233.605, 0.568775
233.574, 0.528856
233.544, 0.479000
233.514, 0.418999
233.483, 0.348996
233.453, 0.269525
233.422, 0.181491
233.392, 0.086193
233.362, -0.014720
233.331, -0.119276
233.301, -0.225218
233.271, -0.330102
233.240, -0.431325
233.210, -0.526230
233.180, -0.612186
233.149, -0.686674
233.119, -0.747362
233.088, -0.795339
233.058, -0.825770
233.028, -0.837378
232.997, -0.829353
232.967, -0.801392
232.937, -0.753728
232.906, -0.687128
232.876, -0.602896
232.846, -0.502828
232.815, -0.389184
232.785, -0.264622
232.754, -0.132126
232.724, 0.005071
232.694, 0.143589
232.663, 0.279988
232.633, 0.410869
232.603, 0.532973
232.572, 0.643276
232.542, 0.739071
232.512, 0.818044
232.481, 0.878343
232.451, 0.918620
232.421, 0.938068
232.390, 0.936441
232.360, 0.914033
232.329, 0.871687
232.299, 0.810732
232.269, 0.732951
232.238, 0.640507
232.208, 0.535869
232.178, 0.421733
232.147, 0.300928
232.117, 0.176325
232.087, 0.050752
232.056, -0.073099
232.026, -0.192747
231.995, -0.305997
231.965, -0.410993
231.935, -0.506260
231.904, -0.590741
231.874, -0.663812
231.844, -0.725266
231.813, -0.775313
231.783, -0.814542
231.753, -0.843866
231.722, -0.864485
231.692, -0.877806
231.661, -0.885377
231.631, -0.888812
231.601, -0.889726
231.570, -0.889643
231.540, -0.889951
231.510, -0.891823
231.479, -0.896188
231.449, -0.903672
231.419, -0.914596
231.388, -0.928944
231.358, -0.946385
231.328, -0.966284
231.297, -0.987729
231.267, -1.009577
231.236, -1.030515
231.206, -1.049106
231.176, -1.063867
231.145, -1.073334
231.115, -1.076127
231.085, -1.071030
231.054, -1.057033
231.024, -1.033398
230.994, -0.999699
230.963, -0.955839
230.933, -0.902095
230.902, -0.839099
230.872, -0.767821
230.842, -0.689571
230.811, -0.605937
230.781, -0.518736
230.751, -0.429968
230.720, -0.341731
230.690, -0.256156
230.660, -0.175326
230.629, -0.101197
230.599, -0.035535
230.568, 0.020164
230.538, 0.064726
230.508, 0.097342
230.477, 0.117625
230.447, 0.125599
230.417, 0.121729
230.386, 0.106907
230.356, 0.082411
230.326, 0.049879
230.295, 0.011258
230.265, -0.031281
230.234, -0.075397
230.204, -0.118668
230.174, -0.158686
230.143, -0.193131
230.113, -0.219865
230.083, -0.237002
230.052, -0.242991
230.022, -0.236667
229.992, -0.217300
229.961, -0.184625
229.931, -0.138867
229.901, -0.080732
229.870, -0.011395
229.840, 0.067547
229.809, 0.154104
229.779, 0.245972
229.749, 0.340604
229.718, 0.435293
229.688, 0.527264
229.658, 0.613763
229.627, 0.692159
229.597, 0.760021
229.567, 0.815218
229.536, 0.855976
229.506, 0.880950
229.475, 0.889271
229.445, 0.880574
229.415, 0.855015
229.384, 0.813267
229.354, 0.756494
229.324, 0.686334
229.293, 0.604818
229.263, 0.514321
229.233, 0.417489
229.202, 0.317134
229.172, 0.216156
229.141, 0.117449
229.111, 0.023794
229.081, -0.062212
229.050, -0.138884
229.020, -0.203624
228.990, -0.254876
228.959, -0.291539
228.929, -0.312997
228.899, -0.319130
228.868, -0.310320
228.838, -0.287417
228.807, -0.251714
228.777, -0.204893
228.747, -0.148948
228.716, -0.086134
228.686, -0.018871
228.656, 0.050346
228.625, 0.119016
228.595, 0.184739
228.565, 0.245286
228.534, 0.298668
228.504, 0.343220
228.474, 0.377623
228.443, 0.400969
228.413, 0.412762
228.382, 0.412944
228.352, 0.401868
228.322, 0.380283
228.291, 0.349296
228.261, 0.310323
228.231, 0.265018
228.200, 0.215214
228.170, 0.162842
228.140, 0.109861
228.109, 0.058171
228.079, 0.009544
228.048, -0.034432
228.018, -0.072432
227.988, -0.103424
227.957, -0.126717
227.927, -0.141972
227.897, -0.149218
227.866, -0.148841
227.836, -0.141563
227.806, -0.128401
227.775, -0.110632
227.745, -0.089726
227.714, -0.067287
227.684, -0.044978
227.654, -0.024456
227.623, -0.007289
227.593, 0.005099
227.563, 0.011511
227.532, 0.011005
227.502, 0.002971
227.472, -0.012866
227.441, -0.036414
227.411, -0.067196
227.381, -0.104382
227.350, -0.146806
227.320, -0.192996
227.289, -0.241222
227.259, -0.289569
227.229, -0.335990
227.198, -0.378388
227.168, -0.414687
227.138, -0.442917
227.107, -0.461273
227.077, -0.468192
227.047, -0.462418
227.016, -0.443043
226.986, -0.409548
226.955, -0.361831
226.925, -0.300222
226.895, -0.225459
226.864, -0.138691
226.834, -0.041441
226.804, 0.064451
226.773, 0.176876
226.743, 0.293519
226.713, 0.411940
226.682, 0.529640
226.652, 0.644157
226.621, 0.753110
226.591, 0.854316
226.561, 0.945813
226.530, 1.025948
226.500, 1.093405
226.470, 1.147244
226.439, 1.186919
226.409, 1.212291
226.379, 1.223607
226.348, 1.221483
226.318, 1.206874
226.287, 1.181024
226.257, 1.145397
226.227, 1.101636
226.196, 1.051481
226.166, 0.996700
226.136, 0.939015
226.105, 0.880051
226.075, 0.821259
226.045, 0.763875
226.014, 0.708864
225.984, 0.656905
225.954, 0.608354
225.923, 0.563264
225.893, 0.521365
225.862, 0.482109
225.832, 0.444692
225.802, 0.408105
225.771, 0.371179
225.741, 0.332660
225.711, 0.291261
225.680, 0.245742
225.650, 0.194955
225.620, 0.137943
225.589, 0.073956
225.559, 0.002539
225.528, -0.076457
225.498, -0.162843
225.468, -0.256070
225.437, -0.355227
225.407, -0.459069
225.377, -0.566037
225.346, -0.674298
225.316, -0.781796
225.286, -0.886320
225.255, -0.985562
225.225, -1.077209
225.194, -1.158999
225.164, -1.228818
225.134, -1.284751
225.103, -1.325174
225.073, -1.348789
225.043, -1.354690
225.012, -1.342389
224.982, -1.311876
224.952, -1.263531
224.921, -1.198213
224.891, -1.117202
224.861, -1.022164
224.830, -0.915103
224.800, -0.798303
224.769, -0.674252
224.739, -0.545578
224.709, -0.414953
224.678, -0.285033
224.648, -0.158350
224.618, -0.037267
224.587, 0.076115
224.557, 0.179995
224.527, 0.272938
224.496, 0.353891
224.466, 0.422221
224.435, 0.477701
224.405, 0.520518
224.375, 0.551238
224.344, 0.570772
224.314, 0.580320
224.284, 0.581322
224.253, 0.575386
224.223, 0.564212
224.193, 0.549516
224.162, 0.532972
224.132, 0.516113
224.101, 0.500293
224.071, 0.486610
224.041, 0.475870
224.010, 0.468548
223.980, 0.464777
223.950, 0.464323
223.919, 0.466613
223.889, 0.470742
223.859, 0.475530
223.828, 0.479535
223.798, 0.481155
223.767, 0.478658
223.737, 0.470281
223.707, 0.454275
223.676, 0.429024
223.646, 0.393072
223.616, 0.345226
223.585, 0.284588
223.555, 0.210624
223.525, 0.123188
223.494, 0.022561
223.464, -0.090572
223.434, -0.215089
223.403, -0.349491
223.373, -0.491907
223.342, -0.640166
223.312, -0.791850
223.282, -0.944360
223.251, -1.095002
223.221, -1.241072
223.191, -1.379918
223.160, -1.509056
223.130, -1.626215
223.100, -1.729431
223.069, -1.817096
223.039, -1.888017
223.008, -1.941429
222.978, -1.977051
222.948, -1.995065
222.917, -1.996115
222.887, -1.981270
222.857, -1.952008
222.826, -1.910136
222.796, -1.857746
222.766, -1.797121
222.735, -1.730679
222.705, -1.660860
222.674, -1.590069
222.644, -1.520571
222.614, -1.454432
222.583, -1.393439
222.553, -1.339041
222.523, -1.292295
222.492, -1.253857
222.462, -1.223929
222.432, -1.202278
222.401, -1.188244
222.371, -1.180767
222.340, -1.178415
222.310, -1.179462
222.280, -1.181930
222.249, -1.183675
222.219, -1.182454
222.189, -1.176017
222.158, -1.162177
222.128, -1.138909
222.098, -1.104390
222.067, -1.057103
222.037, -0.995864
222.007, -0.919880
221.976, -0.828778
221.946, -0.722619
221.915, -0.601904
221.885, -0.467562
221.855, -0.320926
221.824, -0.163691
221.794, 0.002138
221.764, 0.174286
221.733, 0.350301
221.703, 0.527608
221.673, 0.703581
221.642, 0.875628
221.612, 1.041249
221.581, 1.198101
221.551, 1.344081
221.521, 1.477337
221.490, 1.596340
221.460, 1.699896
221.430, 1.787166
221.399, 1.857671
221.369, 1.911283
221.339, 1.948211
221.308, 1.968964
221.278, 1.974320
221.247, 1.965282
221.217, 1.943022
221.187, 1.908843
221.156, 1.864106
221.126, 1.810196
221.096, 1.748465
221.065, 1.680194
221.035, 1.606545
221.005, 1.528553
220.974, 1.447076
220.944, 1.362820
220.914, 1.277927
220.883, 1.191132
220.853, 1.102631
220.822, 1.012508
220.792, 0.920740
220.762, 0.827242
220.731, 0.731897
220.701, 0.634607
220.671, 0.535307
220.640, 0.434026
220.610, 0.330899
220.580, 0.226202
220.549, 0.120359
220.519, 0.013977
220.488, -0.092184
220.458, -0.197193
220.428, -0.299974
220.397, -0.399320
220.367, -0.493936
220.337, -0.582460
220.306, -0.663517
220.276, -0.735751
220.246, -0.797881
220.215, -0.848731
220.185, -0.887297
220.154, -0.912760
220.124, -0.924538
220.094, -0.922295
220.063, -0.905982
220.033, -0.875827
220.003, -0.832344
219.972, -0.776324
219.942, -0.708818
219.912, -0.631106
219.881, -0.544672
219.851, -0.451144
219.820, -0.352276
219.790, -0.249880
219.760, -0.145776
219.729, -0.041752
219.699, 0.060492
219.669, 0.159380
219.638, 0.253511
219.608, 0.341680
219.578, 0.422898
219.547, 0.496427
219.517, 0.561758
219.487, 0.618632
219.456, 0.667014
219.426, 0.707078
219.395, 0.739172
219.365, 0.763801
219.335, 0.781566
219.304, 0.793148
219.274, 0.799247
219.244, 0.800545
219.213, 0.797683
219.183, 0.791204
219.153, 0.781541
219.122, 0.769008
219.092, 0.753754
219.061, 0.735791
219.031, 0.714987
219.001, 0.691084
218.970, 0.663718
218.940, 0.632455
218.910, 0.596817
218.879, 0.556348
218.849, 0.510615
218.819, 0.459312
218.788, 0.402244
218.758, 0.339413
218.727, 0.271029
218.697, 0.197548
218.667, 0.119682
218.636, 0.038428
218.606, -0.044959
218.576, -0.128958
218.545, -0.211822
218.515, -0.291604
218.485, -0.366219
218.454, -0.433478
218.424, -0.491178
218.393, -0.537150
218.363, -0.569351
218.333, -0.585931
218.302, -0.585306
218.272, -0.566221
218.242, -0.527836
218.211, -0.469740
218.181, -0.392036
218.151, -0.295329
218.120, -0.180768
218.090, -0.050028
218.060, 0.094715
218.029, 0.250799
217.999, 0.415153
217.968, 0.584347
217.938, 0.754677
217.908, 0.922267
217.877, 1.083140
217.847, 1.233362
217.817, 1.369117
217.786, 1.486821
217.756, 1.583247
217.726, 1.655582
217.695, 1.701534
217.665, 1.719416
217.634, 1.708164
217.604, 1.667422
217.574, 1.597508
217.543, 1.499466
217.513, 1.375008
217.483, 1.226500
217.452, 1.056883
217.422, 0.869614
217.392, 0.668564
217.361, 0.457937
217.331, 0.242127
217.300, 0.025635
217.270, -0.187069
217.240, -0.391663
217.209, -0.584075
217.179, -0.760591
217.149, -0.917960
217.118, -1.053454
217.088, -1.164951
217.058, -1.250967
217.027, -1.310686
216.997, -1.343969
216.967, -1.351347
216.936, -1.333968
216.906, -1.293582
216.875, -1.232040
216.845, -1.152446
216.815, -1.057838
216.784, -0.951523
216.754, -0.836944
216.724, -0.717600
216.693, -0.596930
216.663, -0.478215
216.633, -0.364493
216.602, -0.258487
216.572, -0.162521
216.541, -0.078478
216.511, -0.007764
216.481, 0.048719
216.450, 0.090572
216.420, 0.117887
216.390, 0.131219
216.359, 0.131548
216.329, 0.120227
216.299, 0.098911
216.268, 0.069488
216.238, 0.034012
216.207, -0.005385
216.177, -0.046568
216.147, -0.087471
216.116, -0.126171
216.086, -0.160938
216.056, -0.190306
216.025, -0.213097
215.995, -0.228452
215.965, -0.235854
215.934, -0.235137
215.904, -0.226453
215.873, -0.210278
215.843, -0.187369
215.813, -0.158723
215.782, -0.125537
215.752, -0.089157
215.722, -0.051004
215.691, -0.012546
215.661, 0.024782
215.631, 0.059615
215.600, 0.090710
215.570, 0.116990
215.540, 0.137576
215.509, 0.151807
215.479, 0.159267
215.448, 0.159781
215.418, 0.153416
215.388, 0.140469
215.357, 0.121447
215.327, 0.097048
215.297, 0.068106
215.266, 0.035587
215.236, 0.000529
215.206, -0.036001
215.175, -0.072937
215.145, -0.109246
215.114, -0.143984
215.084, -0.176305
215.054, -0.205491
215.023, -0.230978
214.993, -0.252351
214.963, -0.269376
214.932, -0.281960
214.902, -0.290179
214.872, -0.294245
214.841, -0.294488
214.811, -0.291348
214.780, -0.285339
214.750, -0.277018
214.720, -0.266980
214.689, -0.255815
214.659, -0.244092
214.629, -0.232351
214.598, -0.221067
214.568, -0.210651
214.538, -0.201443
214.507, -0.193715
214.477, -0.187658
214.446, -0.183408
214.416, -0.181039
214.386, -0.180594
214.355, -0.182077
214.325, -0.185491
214.295, -0.190834
214.264, -0.198127
214.234, -0.207418
214.204, -0.218792
214.173, -0.232370
214.143, -0.248328
214.113, -0.266861
214.082, -0.288208
214.052, -0.312612
214.021, -0.340318
213.991, -0.371543
213.961, -0.406466
213.930, -0.445182
213.900, -0.487700
213.870, -0.533903
213.839, -0.583536
213.809, -0.636188
213.779, -0.691272
213.748, -0.748020
213.718, -0.805495
213.687, -0.862583
213.657, -0.918016
213.627, -0.970399
213.596, -1.018231
213.566, -1.059939
213.536, -1.093944
213.505, -1.118681
213.475, -1.132669
213.445, -1.134561
213.414, -1.123192
213.384, -1.097633
213.353, -1.057239
213.323, -1.001690
213.293, -0.931021
213.262, -0.845649
213.232, -0.746393
213.202, -0.634460
213.171, -0.511454
213.141, -0.379347
213.111, -0.240424
213.080, -0.097270
213.050, 0.047315
213.020, 0.190362
212.989, 0.328835
212.959, 0.459689
212.928, 0.579954
212.898, 0.686840
212.868, 0.777801
212.837, 0.850626
212.807, 0.908134
212.777, 0.944354
212.746, 0.958455
212.716, 0.950167
212.686, 0.919792
212.655, 0.868223
212.625, 0.796922
212.594, 0.707911
212.564, 0.603708
212.534, 0.487291
212.503, 0.362007
212.473, 0.231507
212.443, 0.099637
212.412, -0.029654
212.382, -0.152418
212.352, -0.264818
212.321, -0.363225
212.291, -0.444336
212.260, -0.505242
212.230, -0.543526
212.200, -0.557325
212.169, -0.545391
212.139, -0.507123
212.109, -0.442589
212.078, -0.352530
212.048, -0.238345
212.018, -0.102055
211.987, 0.053746
211.957, 0.225946
211.926, 0.411017
211.896, 0.605076
211.866, 0.803997
211.835, 1.003522
211.805, 1.199344
211.775, 1.387234
211.744, 1.563138
211.714, 1.723258
211.684, 1.864164
211.653, 1.982850
211.623, 2.076815
211.593, 2.144098
211.562, 2.183320
211.532, 2.193711
211.501, 2.175100
211.471, 2.127898
211.441, 2.053095
211.410, 1.952197
211.380, 1.827183
211.350, 1.680448
211.319, 1.514724
211.289, 1.333002
211.259, 1.138467
211.228, 0.934411
211.198, 0.724149
211.167, 0.510959
211.137, 0.297995
211.107, 0.088248
211.076, -0.115534
211.046, -0.310867
211.016, -0.495577
210.985, -0.667818
210.955, -0.826096
210.925, -0.969248
210.894, -1.096470
210.864, -1.207269
210.833, -1.301455
210.803, -1.379130
210.773, -1.440623
210.742, -1.486483
210.712, -1.517430
210.682, -1.534320
210.651, -1.538110
210.621, -1.529825
210.591, -1.510531
210.560, -1.481311
210.530, -1.443232
210.500, -1.397351
210.469, -1.344674
210.439, -1.286175
210.408, -1.222780
210.378, -1.155366
210.348, -1.084773
210.317, -1.011803
210.287, -0.937220
210.257, -0.861780
210.226, -0.786202
210.196, -0.711209
210.166, -0.637500
210.135, -0.565768
210.105, -0.496704
210.074, -0.430967
210.044, -0.369199
210.014, -0.312008
209.983, -0.259951
209.953, -0.213524
209.923, -0.173151
209.892, -0.139157
209.862, -0.111764
209.832, -0.091079
209.801, -0.077076
209.771, -0.069595
209.740, -0.068329
209.710, -0.072844
209.680, -0.082558
209.649, -0.096774
209.619, -0.114679
209.589, -0.135376
209.558, -0.157889
209.528, -0.181216
209.498, -0.204339
209.467, -0.226258
209.437, -0.246028
209.406, -0.262783
209.376, -0.275780
209.346, -0.284410
209.315, -0.288233
209.285, -0.286986
209.255, -0.280616
209.224, -0.269258
209.194, -0.253261
209.164, -0.233166
209.133, -0.209702
209.103, -0.183759
209.073, -0.156358
209.042, -0.128639
209.012, -0.101795
208.981, -0.077056
208.951, -0.055641
208.921, -0.038704
208.890, -0.027304
208.860, -0.022371
208.830, -0.024649
208.799, -0.034679
208.769, -0.052769
208.739, -0.085054
208.708, -0.125253
208.678, -0.172887
208.647, -0.227224
208.617, -0.287274
208.587, -0.351818
208.556, -0.419439
208.526, -0.488550
208.496, -0.557434
208.465, -0.624295
208.435, -0.687299
208.405, -0.744623
208.374, -0.794518
208.344, -0.835333
208.313, -0.865577
208.283, -0.883955
208.253, -0.889408
208.222, -0.881129
208.192, -0.858598
208.162, -0.821598
208.131, -0.770204
208.101, -0.704791
208.071, -0.626039
208.040, -0.534882
208.010, -0.432517
207.979, -0.320347
207.949, -0.199965
207.919, -0.073098
207.888, 0.058413
207.858, 0.192684
207.828, 0.327803
207.797, 0.461894
207.767, 0.593141
207.737, 0.719836
207.706, 0.840399
207.676, 0.953410
207.646, 1.057636
207.615, 1.152030
207.585, 1.235748
207.554, 1.308160
207.524, 1.368830
207.494, 1.417527
207.463, 1.454201
207.433, 1.478965
207.403, 1.492084
207.372, 1.493954
207.342, 1.485072
207.312, 1.466021
207.281, 1.437449
207.251, 1.400043
207.220, 1.354524
207.190, 1.301612
207.160, 1.242031
207.129, 1.176495
207.099, 1.105694
207.069, 1.030304
207.038, 0.950974
207.008, 0.868337
206.978, 0.783007
206.947, 0.695594
206.917, 0.606695
206.886, 0.516913
206.856, 0.426857
206.826, 0.337147
206.795, 0.248412
206.765, 0.161306
206.735, 0.076485
206.704, -0.005376
206.674, -0.083609
206.644, -0.157540
206.613, -0.226529
206.583, -0.289946
206.553, -0.347223
206.522, -0.397835
206.492, -0.441344
206.461, -0.477388
206.431, -0.505717
206.401, -0.526190
206.370, -0.538785
206.340, -0.543617
206.310, -0.540928
206.279, -0.531086
206.249, -0.514594
206.219, -0.492069
206.188, -0.464239
206.158, -0.431907
206.127, -0.395966
206.097, -0.357347
206.067, -0.317012
206.036, -0.275924
206.006, -0.235018
205.976, -0.195188
205.945, -0.157254
205.915, -0.121941
205.885, -0.089866
205.854, -0.061516
205.824, -0.037239
205.793, -0.017241
205.763, -0.001569
205.733, 0.009866
205.702, 0.017297
205.672, 0.021098
205.642, 0.021740
205.611, 0.019807
205.581, 0.015949
205.551, 0.010875
205.520, 0.005318
205.490, 0.000018
205.459, -0.004311
205.429, -0.006999
205.399, -0.007440
205.368, -0.005129
205.338, 0.000353
205.308, 0.009299
205.277, 0.021876
205.247, 0.038123
205.217, 0.057954
205.186, 0.081153
205.156, 0.107388
205.126, 0.136216
205.095, 0.167113
205.065, 0.199471
205.034, 0.232635
205.004, 0.265909
204.974, 0.298591
204.943, 0.329983
204.913, 0.359411
204.883, 0.386255
204.852, 0.409952
204.822, 0.430021
204.792, 0.446069
204.761, 0.457797
204.731, 0.465014
204.700, 0.474938
204.670, 0.480283
204.640, 0.481174
204.609, 0.477825
204.579, 0.470548
204.549, 0.459726
204.518, 0.445818
204.488, 0.429333
204.458, 0.410833
204.427, 0.390911
204.397, 0.370171
204.366, 0.349238
204.336, 0.328739
204.306, 0.309280
204.275, 0.291449
204.245, 0.275808
204.215, 0.262896
204.184, 0.253190
204.154, 0.247139
204.124, 0.245128
204.093, 0.247491
204.063, 0.254504
204.032, 0.266366
204.002, 0.283204
203.972, 0.305083
203.941, 0.331952
203.911, 0.363699
203.881, 0.400095
203.850, 0.440823
203.820, 0.485443
203.790, 0.533416
203.759, 0.584076
203.729, 0.636654
203.699, 0.690261
203.668, 0.743895
203.638, 0.796465
203.607, 0.846777
203.577, 0.893575
203.547, 0.935543
203.516, 0.971330
203.486, 0.999591
203.456, 1.018987
203.425, 1.028252
203.395, 1.026200
203.365, 1.011777
203.334, 0.984089
203.304, 0.942429
203.273, 0.886332
203.243, 0.815579
203.213, 0.730236
203.182, 0.630667
203.152, 0.517555
203.122, 0.391887
203.091, 0.254984
203.061, 0.108455
203.031, -0.045801
203.000, -0.205634
202.970, -0.368678
202.939, -0.532398
202.909, -0.694139
202.879, -0.851187
202.848, -1.000838
202.818, -1.140443
202.788, -1.267509
202.757, -1.379728
202.727, -1.475067
202.697, -1.551818
202.666, -1.608631
202.636, -1.644595
202.606, -1.659242
202.575, -1.652574
202.545, -1.625087
202.514, -1.577738
202.484, -1.511968
202.454, -1.429635
202.423, -1.332999
202.393, -1.224648
202.363, -1.107448
202.332, -0.984460
202.302, -0.858867
202.272, -0.733876
202.241, -0.612654
202.211, -0.498218
202.180, -0.393365
202.150, -0.300590
202.120, -0.222010
202.089, -0.159320
202.059, -0.113725
202.029, -0.085918
201.998, -0.076066
201.968, -0.083787
201.938, -0.108179
201.907, -0.147842
201.877, -0.200920
201.846, -0.265161
201.816, -0.337984
201.786, -0.416552
201.755, -0.497877
201.725, -0.578886
201.695, -0.656544
201.664, -0.727923
201.634, -0.790308
201.604, -0.841271
201.573, -0.878758
201.543, -0.901141
201.512, -0.907276
201.482, -0.896530
201.452, -0.868820
201.421, -0.824577
201.391, -0.764779
201.361, -0.690884
201.330, -0.604796
201.300, -0.508810
201.270, -0.405520
201.239, -0.297766
201.209, -0.188515
201.179, -0.080786
201.148, 0.022461
201.118, 0.118403
201.087, 0.204454
201.057, 0.278350
201.027, 0.338200
200.996, 0.382575
200.966, 0.410523
200.936, 0.421624
200.905, 0.415986
200.875, 0.394240
200.845, 0.357535
200.814, 0.307481
200.784, 0.246103
200.753, 0.175782
200.723, 0.099176
200.693, 0.019127
200.662, -0.061417
200.632, -0.145544
200.602, -0.224346
200.571, -0.295129
200.541, -0.355462
200.511, -0.403244
200.480, -0.436775
200.450, -0.454784
200.419, -0.456509
200.389, -0.441669
200.359, -0.410510
200.328, -0.363747
200.298, -0.302584
200.268, -0.228638
200.237, -0.143893
200.207, -0.050644
200.177, 0.048592
200.146, 0.151157
200.116, 0.254324
200.085, 0.355402
200.055, 0.451802
200.025, 0.541121
199.994, 0.621224
199.964, 0.690295
199.934, 0.746891
199.903, 0.789978
199.873, 0.818961
199.843, 0.833683
199.812, 0.834427
199.782, 0.821898
199.752, 0.797181
199.721, 0.761704
199.691, 0.717177
199.660, 0.665542
199.630, 0.608879
199.600, 0.549357
199.569, 0.489145
199.539, 0.430348
199.509, 0.374927
199.478, 0.324652
199.448, 0.281038
199.418, 0.245293
199.387, 0.218299
199.357, 0.200585
199.326, 0.192313
199.296, 0.193288
199.266, 0.202970
199.235, 0.220499
199.205, 0.244746
199.175, 0.274338
199.144, 0.307729
199.114, 0.343251
199.084, 0.379166
199.053, 0.413751
199.023, 0.445338
198.992, 0.472375
198.962, 0.493483
198.932, 0.507502
198.901, 0.513507
198.871, 0.510871
198.841, 0.499244
198.810, 0.478582
198.780, 0.449134
198.750, 0.411433
198.719, 0.366264
198.689, 0.314639
198.659, 0.257760
198.628, 0.196965
198.598, 0.133687
198.567, 0.069414
198.537, 0.005617
198.507, -0.056266
198.476, -0.114911
198.446, -0.169108
198.416, -0.217832
198.385, -0.260233
198.355, -0.295674
198.325, -0.323749
198.294, -0.344251
198.264, -0.357199
198.233, -0.362805
198.203, -0.361458
198.173, -0.353696
198.142, -0.340174
198.112, -0.321633
198.082, -0.298861
198.051, -0.272658
198.021, -0.243797
197.991, -0.213004
197.960, -0.180919
197.930, -0.148086
197.899, -0.114915
197.869, -0.081706
197.839, -0.048610
197.808, -0.015666
197.778, 0.017223
197.748, 0.050234
197.717, 0.083642
197.687, 0.117760
197.657, 0.152928
197.626, 0.189483
197.596, 0.227711
197.565, 0.267838
197.535, 0.309990
197.505, 0.354166
197.474, 0.400230
197.444, 0.447880
197.414, 0.496657
197.383, 0.545940
197.353, 0.594939
197.323, 0.642736
197.292, 0.688277
197.262, 0.730422
197.232, 0.767960
197.201, 0.799658
197.171, 0.824309
197.140, 0.840741
197.110, 0.847896
197.080, 0.844853
197.049, 0.830872
197.019, 0.805424
196.989, 0.768228
196.958, 0.719268
196.928, 0.658817
196.898, 0.587428
196.867, 0.505954
196.837, 0.415525
196.806, 0.317535
196.776, 0.213618
196.746, 0.105600
196.715, -0.004511
196.685, -0.114603
196.655, -0.222499
196.624, -0.326000
196.594, -0.422956
196.564, -0.512669
196.533, -0.591868
196.503, -0.658836
196.472, -0.712112
196.442, -0.750503
196.412, -0.773144
196.381, -0.779505
196.351, -0.769413
196.321, -0.743066
196.290, -0.701016
196.260, -0.644176
196.230, -0.573793
196.199, -0.491414
196.169, -0.398879
196.139, -0.298243
196.108, -0.191759
196.078, -0.081811
196.047, 0.029120
196.017, 0.138531
195.987, 0.243943
195.956, 0.342948
195.926, 0.433276
195.896, 0.512828
195.865, 0.579729
195.835, 0.632364
195.805, 0.669417
195.774, 0.689891
195.744, 0.693130
195.713, 0.678838
195.683, 0.647074
195.653, 0.598262
195.622, 0.533177
195.592, 0.452934
195.562, 0.358962
195.531, 0.252981
195.501, 0.136976
195.471, 0.013151
195.440, -0.116098
195.410, -0.248248
195.379, -0.380661
195.349, -0.510661
195.319, -0.635568
195.288, -0.752740
195.258, -0.859632
195.228, -0.953830
195.197, -1.033110
195.167, -1.095462
195.137, -1.139133
195.106, -1.162663
195.076, -1.164914
195.045, -1.145093
195.015, -1.102769
194.985, -1.037881
194.954, -0.950760
194.924, -0.842107
194.894, -0.712998
194.863, -0.564873
194.833, -0.399505
194.803, -0.218984
194.772, -0.025674
194.742, 0.177832
194.712, 0.388726
194.681, 0.604074
194.651, 0.820850
194.620, 1.035990
194.590, 1.246446
194.560, 1.449262
194.529, 1.641600
194.499, 1.820836
194.469, 1.984573
194.438, 2.130709
194.408, 2.257472
194.378, 2.363458
194.347, 2.447648
194.317, 2.509430
194.286, 2.548616
194.256, 2.565428
194.226, 2.560485
194.195, 2.534795
194.165, 2.489718
194.135, 2.426922
194.104, 2.348336
194.074, 2.256112
194.044, 2.152541
194.013, 2.040024
193.983, 1.920969
193.952, 1.797759
193.922, 1.672676
193.892, 1.547843
193.861, 1.425167
193.831, 1.306309
193.801, 1.192622
193.770, 1.085138
193.740, 0.984546
193.710, 0.891187
193.679, 0.805050
193.649, 0.725804
193.618, 0.652804
193.588, 0.585140
193.558, 0.521683
193.527, 0.461133
193.497, 0.402081
193.467, 0.343063
193.436, 0.282645
193.406, 0.219464
193.376, 0.152300
193.345, 0.080133
193.315, 0.002195
193.285, -0.081986
193.254, -0.172566
193.224, -0.269354
193.193, -0.371802
193.163, -0.479009
193.133, -0.589756
193.102, -0.702499
193.072, -0.815450
193.042, -0.926593
193.011, -1.033768
192.981, -1.134731
192.951, -1.227214
192.920, -1.309022
192.890, -1.378087
192.859, -1.432557
192.829, -1.470854
192.799, -1.491724
192.768, -1.494316
192.738, -1.478201
192.708, -1.443404
192.677, -1.390412
192.647, -1.320193
192.617, -1.234158
192.586, -1.134148
192.556, -1.022366
192.525, -0.895605
192.495, -0.762406
192.465, -0.625751
192.434, -0.488703
192.404, -0.354356
192.374, -0.225717
192.343, -0.105638
192.313, 0.003280
192.283, 0.098736
192.252, 0.178827
192.222, 0.242079
192.192, 0.287501
192.161, 0.314589
192.131, 0.323372
192.100, 0.314375
192.070, 0.288614
192.040, 0.247559
192.009, 0.193074
191.979, 0.127370
191.949, 0.052923
191.918, -0.027615
191.888, -0.111479
191.858, -0.195899
191.827, -0.278172
191.797, -0.355774
191.766, -0.426406
191.736, -0.488086
191.706, -0.539193
191.675, -0.578538
191.645, -0.605370
191.615, -0.619406
191.584, -0.620829
191.554, -0.610277
191.524, -0.588815
191.493, -0.557883
191.463, -0.519242
191.432, -0.474924
191.402, -0.427130
191.372, -0.378168
191.341, -0.330356
191.311, -0.285964
191.281, -0.247097
191.250, -0.215645
191.220, -0.193200
191.190, -0.181028
191.159, -0.179978
191.129, -0.190498
191.098, -0.212576
191.068, -0.245780
191.038, -0.289237
191.007, -0.341687
190.977, -0.401505
190.947, -0.466783
190.916, -0.535364
190.886, -0.604936
190.856, -0.673091
190.825, -0.737442
190.795, -0.795655
190.765, -0.845568
190.734, -0.885238
190.704, -0.913025
190.673, -0.927635
190.643, -0.928156
190.613, -0.914096
190.582, -0.885413
190.552, -0.842479
190.522, -0.786104
190.491, -0.717474
190.461, -0.638137
190.431, -0.549937
190.400, -0.454952
190.370, -0.355417
190.339, -0.253670
190.309, -0.152060
190.279, -0.052867
190.248, 0.041769
190.218, 0.129892
190.188, 0.209835
190.157, 0.280227
190.127, 0.340072
190.097, 0.388736
190.066, 0.425985
190.036, 0.451975
190.005, 0.467240
189.975, 0.472652
189.945, 0.469406
189.914, 0.458938
189.884, 0.442895
189.854, 0.423041
189.823, 0.401214
189.793, 0.379233
189.763, 0.358847
189.732, 0.341648
189.702, 0.329021
189.671, 0.322098
189.641, 0.321707
189.611, 0.328341
189.580, 0.342127
189.550, 0.362851
189.520, 0.389934
189.489, 0.422468
189.459, 0.459250
189.429, 0.498817
189.398, 0.539508
189.368, 0.579512
189.338, 0.616953
189.307, 0.649943
189.277, 0.676669
189.246, 0.695437
189.216, 0.704760
189.186, 0.703406
189.155, 0.690450
189.125, 0.665309
189.095, 0.627774
189.064, 0.578029
189.034, 0.516639
189.004, 0.444559
188.973, 0.363093
188.943, 0.273866
188.912, 0.178788
188.882, 0.079971
188.852, -0.020315
188.821, -0.119711
188.791, -0.215840
188.761, -0.306405
188.730, -0.389224
188.700, -0.462328
188.670, -0.523991
188.639, -0.572830
188.609, -0.607796
188.578, -0.628253
188.548, -0.633967
188.518, -0.625137
188.487, -0.602371
188.457, -0.572648
188.427, -0.531387
188.396, -0.480308
188.366, -0.421405
188.336, -0.356897
188.305, -0.289165
188.275, -0.220685
188.245, -0.153938
188.214, -0.091369
188.184, -0.035285
188.153, 0.012176
188.123, 0.049129
188.093, 0.073982
188.062, 0.085486
188.032, 0.082747
188.002, 0.065279
187.971, 0.032983
187.941, -0.013826
187.911, -0.074457
187.880, -0.147846
187.850, -0.232601
187.819, -0.327028
187.789, -0.429189
187.759, -0.536955
187.728, -0.648049
187.698, -0.760123
187.668, -0.870797
187.637, -0.977733
187.607, -1.078680
187.577, -1.171528
187.546, -1.254352
187.516, -1.325449
187.485, -1.383376
187.455, -1.426968
187.425, -1.455360
187.394, -1.467994
187.364, -1.464616
187.334, -1.445272
187.303, -1.410307
187.273, -1.360324
187.243, -1.296179
187.212, -1.218948
187.182, -1.129894
187.151, -1.030431
187.121, -0.922094
187.091, -0.806509
187.060, -0.685347
187.030, -0.560298
187.000, -0.433050
186.969, -0.305227
186.939, -0.178420
186.909, -0.054103
186.878, 0.066342
186.848, 0.181663
186.818, 0.290739
186.787, 0.392597
186.757, 0.486412
186.726, 0.571519
186.696, 0.647396
186.666, 0.713691
186.635, 0.770192
186.605, 0.816832
186.575, 0.853702
186.544, 0.880994
186.514, 0.899048
186.484, 0.908313
186.453, 0.909332
186.423, 0.902746
186.392, 0.889280
186.362, 0.869719
186.332, 0.844904
186.301, 0.815717
186.271, 0.783054
186.241, 0.747844
186.210, 0.710986
186.180, 0.673371
186.150, 0.635854
186.119, 0.599235
186.089, 0.564257
186.058, 0.531579
186.028, 0.501776
185.998, 0.475324
185.967, 0.452594
185.937, 0.433847
185.907, 0.419229
185.876, 0.408771
185.846, 0.402407
185.816, 0.399952
185.785, 0.401130
185.755, 0.405587
185.724, 0.412903
185.694, 0.422586
185.664, 0.434134
185.633, 0.447005
185.603, 0.460678
185.573, 0.474643
185.542, 0.488431
185.512, 0.501643
185.482, 0.513923
185.451, 0.525025
185.421, 0.534781
185.391, 0.543134
185.360, 0.550113
185.330, 0.555849
185.299, 0.560566
185.269, 0.564562
185.239, 0.568208
185.208, 0.571921
185.178, 0.576146
185.148, 0.581341
185.117, 0.587951
185.087, 0.596388
185.057, 0.606990
185.026, 0.620043
184.996, 0.635719
184.965, 0.654089
184.935, 0.675097
184.905, 0.698573
184.874, 0.724208
184.844, 0.751575
184.814, 0.780124
184.783, 0.809218
184.753, 0.838121
184.723, 0.866050
184.692, 0.892186
184.662, 0.915689
184.631, 0.935764
184.601, 0.951656
184.571, 0.962693
184.540, 0.968328
184.510, 0.968128
184.480, 0.961841
184.449, 0.949375
184.419, 0.930823
184.389, 0.906477
184.358, 0.876802
184.328, 0.842454
184.298, 0.804244
184.267, 0.763132
184.237, 0.720195
184.206, 0.676588
184.176, 0.633526
184.146, 0.592227
184.115, 0.553894
184.085, 0.519651
184.055, 0.490535
184.024, 0.467434
183.994, 0.451078
183.964, 0.442002
183.933, 0.440526
183.903, 0.446755
183.872, 0.460559
183.842, 0.481588
183.812, 0.509284
183.781, 0.542887
183.751, 0.581477
183.721, 0.623997
183.690, 0.669296
183.660, 0.716154
183.630, 0.763360
183.599, 0.809705
183.569, 0.854084
183.538, 0.895481
183.508, 0.933050
183.478, 0.966120
183.447, 0.994235
183.417, 1.017166
183.387, 1.034919
183.356, 1.047729
183.326, 1.056076
183.296, 1.060633
183.265, 1.062276
183.235, 1.062022
183.204, 1.061012
183.174, 1.060441
183.144, 1.061549
183.113, 1.065526
183.083, 1.073512
183.053, 1.086504
183.022, 1.105348
182.992, 1.130676
182.962, 1.162902
182.931, 1.202171
182.901, 1.248373
182.871, 1.301111
182.840, 1.359738
182.810, 1.423349
182.779, 1.490822
182.749, 1.560852
182.719, 1.631988
182.688, 1.702687
182.658, 1.771380
182.628, 1.836495
182.597, 1.896558
182.567, 1.950211
182.537, 1.996306
182.506, 2.033901
182.476, 2.062356
182.445, 2.081318
182.415, 2.090785
182.385, 2.091065
182.354, 2.082830
182.324, 2.067064
182.294, 2.045062
182.263, 2.018375
182.233, 1.988789
182.203, 1.958250
182.172, 1.928828
182.142, 1.902609
182.111, 1.881687
182.081, 1.868052
182.051, 1.863550
182.020, 1.869800
181.990, 1.888167
181.960, 1.919700
181.929, 1.965099
181.899, 2.024688
181.869, 2.098411
181.838, 2.185836
181.808, 2.286157
181.778, 2.398219
181.747, 2.520584
181.717, 2.651536
181.686, 2.789190
181.656, 2.931486
181.626, 3.076339
181.595, 3.221625
181.565, 3.365325
181.535, 3.505527
181.504, 3.640544
181.474, 3.768925
181.444, 3.889523
181.413, 4.001497
181.383, 4.104380
181.352, 4.198039
181.322, 4.282700
181.292, 4.358917
181.261, 4.427533
181.231, 4.489665
181.201, 4.546620
181.170, 4.599847
181.140, 4.650883
181.110, 4.701262
181.079, 4.752470
181.049, 4.805853
181.018, 4.862582
180.988, 4.923579
180.958, 4.989487
180.927, 5.060594
180.897, 5.136901
180.867, 5.218002
180.836, 5.303183
180.806, 5.391386
180.776, 5.481276
180.745, 5.571270
180.715, 5.659605
180.684, 5.744388
180.654, 5.823709
180.624, 5.895659
180.593, 5.958467
180.563, 6.010550
180.533, 6.050586
180.502, 6.077583
180.472, 6.090947
180.442, 6.090503
180.411, 6.076543
180.381, 6.049834
180.351, 6.011624
180.320, 5.963609
180.290, 5.907912
180.259, 5.847031
180.229, 5.783772
180.199, 5.721177
180.168, 5.662421
180.138, 5.610755
180.108, 5.569377
180.077, 5.541347
180.047, 5.529491
180.017, 5.536312
179.986, 5.563909
179.956, 5.613902
179.925, 5.687388
179.895, 5.784891
179.865, 5.906359
179.834, 6.051136
179.804, 6.217982
179.774, 6.405132
179.743, 6.610328
179.713, 6.830874
179.683, 7.063751
179.652, 7.305671
179.622, 7.553210
179.591, 7.802906
179.561, 8.051338
179.531, 8.295282
179.500, 8.531764
179.470, 8.758179
179.440, 8.972359
179.409, 9.172626
179.379, 9.357880
179.349, 9.527577
179.318, 9.681777
179.288, 9.821120
179.257, 9.946805
179.227, 10.060524
179.197, 10.164429
179.166, 10.261018
179.136, 10.353085
179.106, 10.443574
179.075, 10.535522
179.045, 10.631909
179.015, 10.735581
178.984, 10.849135
178.954, 10.974837
178.924, 11.114518
178.893, 11.269545
178.863, 11.440725
178.832, 11.628326
178.802, 11.832006
178.772, 12.050857
178.741, 12.283438
178.711, 12.527796
178.681, 12.781538
178.650, 13.041903
178.620, 13.305889
178.590, 13.570289
178.559, 13.831854
178.529, 14.087377
178.498, 14.333803
178.468, 14.568351
178.438, 14.788588
178.407, 14.992527
178.377, 15.178721
178.347, 15.346258
178.316, 15.494900
178.286, 15.625010
178.256, 15.737612
178.225, 15.834351
178.195, 15.917453
178.164, 15.989689
178.134, 16.054288
178.104, 16.114884
178.073, 16.175375
178.043, 16.239861
178.013, 16.312501
177.982, 16.397454
177.952, 16.498715
177.922, 16.620061
177.891, 16.764926
177.861, 16.936323
177.831, 17.136775
177.800, 17.368271
177.770, 17.632184
177.739, 17.929314
177.709, 18.259794
177.679, 18.623168
177.648, 19.018392
177.618, 19.443852
177.588, 19.897468
177.557, 20.376693
177.527, 20.878642
177.497, 21.400096
177.466, 21.937671
177.436, 22.487850
177.405, 23.047051
177.375, 23.611768
177.345, 24.178544
177.314, 24.744120
177.284, 25.305464
177.254, 25.859792
177.223, 26.404641
177.193, 26.937839
177.163, 27.457607
177.132, 27.962442
177.102, 28.451229
177.071, 28.923139
177.041, 29.377644
177.011, 29.814497
176.980, 30.233665
176.950, 30.635367
176.920, 31.019954
176.889, 31.387922
176.859, 31.739904
176.829, 32.076603
176.798, 32.398773
176.768, 32.707254
176.737, 33.002863
176.707, 33.286489
176.677, 33.559033
176.646, 33.821415
176.616, 34.074588
176.586, 34.319546
176.555, 34.557332
176.525, 34.789024
176.495, 35.015790
176.464, 35.238842
176.434, 35.459472
176.404, 35.679036
176.373, 35.898973
176.343, 36.120742
176.312, 36.345842
176.282, 36.575826
176.252, 36.812164
176.221, 37.056356
176.191, 37.309798
176.161, 37.573774
176.130, 37.849422
176.100, 38.137746
176.070, 38.439501
176.039, 38.755214
176.009, 39.085187
175.978, 39.429398
175.948, 39.787578
175.918, 40.159148
175.887, 40.543279
175.857, 40.938866
175.827, 41.344541
175.796, 41.758763
175.766, 42.179805
175.736, 42.605813
175.705, 43.034874
175.675, 43.465062
175.644, 43.894464
175.614, 44.321290
175.584, 44.743873
175.553, 45.160775
175.523, 45.570765
175.493, 45.972902
175.462, 46.366574
175.432, 46.751471
175.402, 47.127625
175.371, 47.495408
175.341, 47.855502
175.310, 48.208901
175.280, 48.556827
175.250, 48.900758
175.219, 49.242310
175.189, 49.583251
175.159, 49.925361
175.128, 50.270472
175.098, 50.620261
175.068, 50.976350
175.037, 51.340149
175.007, 51.712868
174.977, 52.095406
174.946, 52.488395
174.916, 52.892145
174.885, 53.306637
174.855, 53.731538
174.825, 54.166217
174.794, 54.609733
174.764, 55.060927
174.734, 55.518464
174.703, 55.980844
174.673, 56.446473
174.643, 56.913758
174.612, 57.381156
174.582, 57.847219
174.551, 58.310655
174.521, 58.770396
174.491, 59.225656
174.460, 59.675909
174.430, 60.121008
174.400, 60.561099
174.369, 60.996700
174.339, 61.428647
174.309, 61.858091
174.278, 62.286458
174.248, 62.715405
174.217, 63.146732
174.187, 63.582405
174.157, 64.024379
174.126, 64.474600
174.096, 64.934942
174.066, 65.407048
174.035, 65.892410
174.005, 66.392144
173.975, 66.907069
173.944, 67.437587
173.914, 67.983699
173.884, 68.544949
173.853, 69.120448
173.823, 69.708851
173.792, 70.308439
173.762, 70.917060
173.732, 71.532242
173.701, 72.151263
173.671, 72.771122
173.641, 73.388694
173.610, 74.000751
173.580, 74.604095
173.550, 75.195550
173.519, 75.772094
173.489, 76.330903
173.458, 76.869399
173.428, 77.385338
173.398, 77.876763
173.367, 78.342143
173.337, 78.780331
173.307, 79.190538
173.276, 79.572393
173.246, 79.925896
173.216, 80.251347
173.185, 80.549398
173.155, 80.820917
173.124, 81.067033
173.094, 81.288967
173.064, 81.488074
173.033, 81.665752
173.003, 81.823386
172.973, 81.962261
172.942, 82.083627
172.912, 82.188551
172.882, 82.277933
172.851, 82.352477
172.821, 82.412720
172.790, 82.458943
172.760, 82.491279
172.730, 82.509614
172.699, 82.513722
172.669, 82.503220
172.639, 82.477610
172.608, 82.436354
172.578, 82.378853
172.548, 82.304526
172.517, 82.212816
172.487, 82.103256
172.457, 81.975485
172.426, 81.829222
172.396, 81.664376
172.365, 81.480986
172.335, 81.279220
172.305, 81.059438
172.274, 80.822097
172.244, 80.567795
172.214, 80.297228
172.183, 80.011119
172.153, 79.710316
172.123, 79.395595
172.092, 79.067744
172.062, 78.727486
172.031, 78.375452
172.001, 78.012150
171.971, 77.638014
171.940, 77.253231
171.910, 76.857893
171.880, 76.451928
171.849, 76.035067
171.819, 75.606937
171.789, 75.166970
171.758, 74.714535
171.728, 74.248895
171.697, 73.769256
171.667, 73.274809
171.637, 72.764738
171.606, 72.238296
171.576, 71.694802
171.546, 71.133707
171.515, 70.554565
171.485, 69.957119
171.455, 69.341306
171.424, 68.707219
171.394, 68.055200
171.364, 67.385756
171.333, 66.699600
171.303, 65.997623
171.272, 65.280891
171.242, 64.550593
171.212, 63.808053
171.181, 63.054670
171.151, 62.291911
171.121, 61.521258
171.090, 60.744209
171.060, 59.962194
171.030, 59.176630
170.999, 58.388809
170.969, 57.599975
170.938, 56.811213
170.908, 56.023528
170.878, 55.237777
170.847, 54.454717
170.817, 53.674968
170.787, 52.899078
170.756, 52.127473
170.726, 51.360492
170.696, 50.598458
170.665, 49.841598
170.635, 49.090160
170.604, 48.344351
170.574, 47.604377
170.544, 46.870458
170.513, 46.142829
170.483, 45.421740
170.453, 44.707470
170.422, 44.000289
170.392, 43.300485
170.362, 42.608338
170.331, 41.924076
170.301, 41.247936
170.270, 40.580065
170.240, 39.920523
170.210, 39.269342
170.179, 38.626398
170.149, 37.991494
170.119, 37.364298
170.088, 36.744367
170.058, 36.131182
170.028, 35.524092
169.997, 34.922362
169.967, 34.325216
169.937, 33.731847
169.906, 33.141437
169.876, 32.553190
169.845, 31.966381
169.815, 31.380389
169.785, 30.794750
169.754, 30.209121
169.724, 29.623409
169.694, 29.037707
169.663, 28.452398
169.633, 27.868073
169.603, 27.285610
169.572, 26.706137
169.542, 26.131001
169.511, 25.561772
169.481, 25.000201
169.451, 24.448191
169.420, 23.907708
169.390, 23.380759
169.360, 22.869343
169.329, 22.375341
169.299, 21.900513
169.269, 21.446411
169.238, 21.014288
169.208, 20.605105
169.177, 20.219462
169.147, 19.857526
169.117, 19.519068
169.086, 19.203406
169.056, 18.909443
169.026, 18.635606
168.995, 18.379949
168.965, 18.140176
168.935, 17.913638
168.904, 17.697457
168.874, 17.488561
168.843, 17.283752
168.813, 17.079823
168.783, 16.873606
168.752, 16.662072
168.722, 16.442414
168.692, 16.212109
168.661, 15.968994
168.631, 15.711319
168.601, 15.437813
168.570, 15.147699
168.540, 14.840719
168.510, 14.517141
168.479, 14.177742
168.449, 13.823794
168.418, 13.457015
168.388, 13.079526
168.358, 12.693791
168.327, 12.302519
168.297, 11.908609
168.267, 11.515061
168.236, 11.124897
168.206, 10.741045
168.176, 10.366278
168.145, 10.003137
168.115, 9.653865
168.084, 9.320339
168.054, 9.004013
168.024, 8.705900
167.993, 8.426578
167.963, 8.166123
167.933, 7.924173
167.902, 7.699914
167.872, 7.492157
167.842, 7.299364
167.811, 7.119693
167.781, 6.951108
167.750, 6.791413
167.720, 6.638358
167.690, 6.489689
167.659, 6.343251
167.629, 6.197039
167.599, 6.049289
167.568, 5.898507
167.538, 5.743526
167.508, 5.583571
167.477, 5.418235
167.447, 5.247517
167.417, 5.071815
167.386, 4.891916
167.356, 4.708952
167.325, 4.524375
167.295, 4.339912
167.265, 4.157498
167.234, 3.979218
167.204, 3.807245
167.174, 3.643774
167.143, 3.490934
167.113, 3.350772
167.083, 3.225129
167.052, 3.115640
167.022, 3.023672
166.991, 2.950268
166.961, 2.896152
166.931, 2.861684
166.900, 2.846869
166.870, 2.851368
166.840, 2.874484
166.809, 2.915209
166.779, 2.972251
166.749, 3.044058
166.718, 3.128865
166.688, 3.224745
166.657, 3.329638
166.627, 3.441425
166.597, 3.557936
166.566, 3.677014
166.536, 3.796572
166.506, 3.914578
166.475, 4.029124
166.445, 4.138433
166.415, 4.240871
166.384, 4.334971
166.354, 4.419418
166.323, 4.493067
166.293, 4.554929
166.263, 4.604173
166.232, 4.640100
166.202, 4.662136
166.172, 4.669830
166.141, 4.662840
166.111, 4.640908
166.081, 4.603868
166.050, 4.551651
166.020, 4.484253
165.990, 4.401755
165.959, 4.304324
165.929, 4.192236
165.898, 4.065854
165.868, 3.925663
165.838, 3.772280
165.807, 3.606460
165.777, 3.429105
165.747, 3.241283
165.716, 3.044219
165.686, 2.839315
165.656, 2.628133
165.625, 2.412392
165.595, 2.193930
165.564, 1.974738
165.534, 1.756887
165.504, 1.542497
165.473, 1.333725
165.443, 1.132717
165.413, 0.941540
165.382, 0.762174
165.352, 0.596436
165.322, 0.445954
165.291, 0.312110
165.261, 0.196015
165.230, 0.098466
165.200, 0.019932
165.170, -0.039477
165.139, -0.080006
165.109, -0.102265
165.079, -0.107208
165.048, -0.096122
165.018, -0.070590
164.988, -0.032461
164.957, 0.016212
164.927, 0.073204
164.896, 0.136200
164.866, 0.202825
164.836, 0.270742
164.805, 0.337688
164.775, 0.401550
164.745, 0.460407
164.714, 0.512591
164.684, 0.556724
164.654, 0.591753
164.623, 0.616967
164.593, 0.632025
164.563, 0.636940
164.532, 0.632078
164.502, 0.618132
164.471, 0.596103
164.441, 0.567243
164.411, 0.533019
164.380, 0.495059
164.350, 0.455091
164.320, 0.414877
164.289, 0.376163
164.259, 0.340610
164.229, 0.309748
164.198, 0.284915
164.168, 0.267219
164.137, 0.257496
164.107, 0.256303
164.077, 0.263873
164.046, 0.280142
164.016, 0.304719
163.986, 0.336937
163.955, 0.375857
163.925, 0.420302
163.895, 0.468909
163.864, 0.520166
163.834, 0.572459
163.803, 0.624146
163.773, 0.673588
163.743, 0.719207
163.712, 0.759543
163.682, 0.793296
163.652, 0.819344
163.621, 0.836809
163.591, 0.845046
163.561, 0.843681
163.530, 0.832596
163.500, 0.811937
163.470, 0.782099
163.439, 0.743704
163.409, 0.697571
163.378, 0.644691
163.348, 0.586170
163.318, 0.523228
163.287, 0.457115
163.257, 0.389093
163.227, 0.320392
163.196, 0.252182
163.166, 0.185533
163.136, 0.121392
163.105, 0.060559
163.075, 0.003701
163.044, -0.048707
163.014, -0.096317
162.984, -0.138952
162.953, -0.176566
162.923, -0.209234
162.893, -0.237126
162.862, -0.260494
162.832, -0.279623
162.802, -0.294842
162.771, -0.306460
162.741, -0.314770
162.710, -0.320021
162.680, -0.322409
162.650, -0.322054
162.619, -0.319016
162.589, -0.313285
162.559, -0.304787
162.528, -0.293397
162.498, -0.278968
162.468, -0.261323
162.437, -0.240309
162.407, -0.215793
162.376, -0.187710
162.346, -0.156053
162.316, -0.120336
162.285, -0.081364
162.255, -0.039468
162.225, 0.004885
162.194, 0.051108
162.164, 0.098507
162.134, 0.146265
162.103, 0.193502
162.073, 0.239273
162.043, 0.282614
162.012, 0.322575
161.982, 0.358263
161.951, 0.388863
161.921, 0.413707
161.891, 0.432281
161.860, 0.444282
161.830, 0.449622
161.800, 0.448471
161.769, 0.441250
161.739, 0.428648
161.709, 0.411602
161.678, 0.391294
161.648, 0.369115
161.617, 0.346630
161.587, 0.325527
161.557, 0.307586
161.526, 0.294595
161.496, 0.288301
161.466, 0.290348
161.435, 0.302208
161.405, 0.325122
161.375, 0.360051
161.344, 0.407610
161.314, 0.468052
161.283, 0.541220
161.253, 0.626545
161.223, 0.723033
161.192, 0.829283
161.162, 0.943511
161.132, 1.063593
161.101, 1.187113
161.071, 1.311425
161.041, 1.433736
161.010, 1.551185
160.980, 1.660920
160.949, 1.760200
160.919, 1.846482
160.889, 1.917502
160.858, 1.971351
160.828, 2.006556
160.798, 2.022132
160.767, 2.017622
160.737, 1.993132
160.707, 1.949346
160.676, 1.887504
160.646, 1.809398
160.616, 1.717314
160.585, 1.613989
160.555, 1.502526
160.524, 1.386309
160.494, 1.268917
160.464, 1.154009
160.433, 1.045224
160.403, 0.946072
160.373, 0.859823
160.342, 0.789419
160.312, 0.737374
160.282, 0.705701
160.251, 0.695844
160.221, 0.708653
160.190, 0.744335
160.160, 0.802461
160.130, 0.881975
160.099, 0.981234
160.069, 1.098057
160.039, 1.229796
160.008, 1.373427
159.978, 1.525640
159.948, 1.682954
159.917, 1.841828
159.887, 1.998776
159.856, 2.150480
159.826, 2.293910
159.796, 2.426407
159.765, 2.545782
159.735, 2.650386
159.705, 2.739173
159.674, 2.811722
159.644, 2.868264
159.614, 2.909675
159.583, 2.937443
159.553, 2.953629
159.523, 2.960804
159.492, 2.961959
159.462, 2.960413
159.431, 2.959712
159.401, 2.963510
159.371, 2.975460
159.340, 2.999087
159.310, 3.037678
159.280, 3.094190
159.249, 3.171138
159.219, 3.270528
159.189, 3.393788
159.158, 3.541725
159.128, 3.714500
159.097, 3.911627
159.067, 4.131975
159.037, 4.373827
159.006, 4.634910
158.976, 4.912479
158.946, 5.203406
158.915, 5.504257
158.885, 5.811410
158.855, 6.121164
158.824, 6.429831
158.794, 6.733859
158.763, 7.029921
158.733, 7.315006
158.703, 7.586496
158.672, 7.842233
158.642, 8.080559
158.612, 8.300346
158.581, 8.501008
158.551, 8.682493
158.521, 8.845256
158.490, 8.990214
158.460, 9.118696
158.429, 9.232371
158.399, 9.333176
158.369, 9.423224
158.338, 9.504718
158.308, 9.579861
158.278, 9.650785
158.247, 9.719450
158.217, 9.787600
158.187, 9.856672
158.156, 9.927791
158.126, 10.001697
158.096, 10.078757
158.065, 10.158954
158.035, 10.241897
158.004, 10.326867
157.974, 10.412842
157.944, 10.498540
157.913, 10.582510
157.883, 10.663190
157.853, 10.738965
157.822, 10.808231
157.792, 10.869499
157.762, 10.921433
157.731, 10.962906
157.701, 10.993059
157.670, 11.011333
157.640, 11.017459
157.610, 11.011550
157.579, 10.993980
157.549, 10.965473
157.519, 10.927011
157.488, 10.879785
157.458, 10.825181
157.428, 10.764710
157.397, 10.699903
157.367, 10.632303
157.336, 10.563347
157.306, 10.494328
157.276, 10.426345
157.245, 10.360235
157.215, 10.296535
157.185, 10.235455
157.154, 10.176885
157.124, 10.120367
157.094, 10.065131
157.063, 10.010111
157.033, 9.954000
157.003, 9.895291
156.972, 9.832346
156.942, 9.763476
156.911, 9.687005
156.881, 9.601348
156.851, 9.505102
156.820, 9.397102
156.790, 9.276499
156.760, 9.142805
156.729, 8.995948
156.699, 8.836298
156.669, 8.664681
156.638, 8.482371
156.608, 8.291076
156.577, 8.092910
156.547, 7.890322
156.517, 7.686049
156.486, 7.483024
156.456, 7.284298
156.426, 7.092929
156.395, 6.911910
156.365, 6.744026
156.335, 6.591807
156.304, 6.457399
156.274, 6.342497
156.243, 6.248277
156.213, 6.175347
156.183, 6.123691
156.152, 6.092683
156.122, 6.081058
156.092, 6.086956
156.061, 6.107953
156.031, 6.141128
156.001, 6.183137
155.970, 6.230314
155.940, 6.278755
155.909, 6.324460
155.879, 6.363417
155.849, 6.391765
155.818, 6.405868
155.788, 6.402454
155.758, 6.378701
155.727, 6.332341
155.697, 6.261721
155.667, 6.165857
155.636, 6.044470
155.606, 5.898013
155.576, 5.727626
155.545, 5.535154
155.515, 5.323045
155.484, 5.094328
155.454, 4.852481
155.424, 4.601365
155.393, 4.345092
155.363, 4.087907
155.333, 3.834072
155.302, 3.587740
155.272, 3.352818
155.242, 3.132894
155.211, 2.931101
155.181, 2.750036
155.150, 2.591713
155.120, 2.457490
155.090, 2.348045
155.059, 2.263376
155.029, 2.202799
154.999, 2.165001
154.968, 2.148064
154.938, 2.149560
154.908, 2.166623
154.877, 2.196056
154.847, 2.234419
154.816, 2.278160
154.786, 2.323710
154.756, 2.367622
154.725, 2.406637
154.695, 2.437810
154.665, 2.458594
154.634, 2.466901
154.604, 2.461159
154.574, 2.440356
154.543, 2.404052
154.513, 2.352386
154.482, 2.286047
154.452, 2.206251
154.422, 2.114663
154.391, 2.013375
154.361, 1.904780
154.331, 1.791514
154.300, 1.676350
154.270, 1.562115
154.240, 1.451579
154.209, 1.347377
154.179, 1.251913
154.149, 1.167300
154.118, 1.095277
154.088, 1.037170
154.057, 0.993853
154.027, 0.965738
153.997, 0.952751
153.966, 0.954362
153.936, 0.969596
153.906, 0.997097
153.875, 1.035156
153.845, 1.081797
153.815, 1.134817
153.784, 1.191911
153.754, 1.250703
153.723, 1.308850
153.693, 1.364116
153.663, 1.414443
153.632, 1.458012
153.602, 1.493300
153.572, 1.519123
153.541, 1.534670
153.511, 1.539515
153.481, 1.533640
153.450, 1.517396
153.420, 1.491517
153.389, 1.457072
153.359, 1.415421
153.329, 1.368163
153.298, 1.317098
153.268, 1.264140
153.238, 1.211275
153.207, 1.160477
153.177, 1.113662
153.147, 1.072614
153.116, 1.038949
153.086, 1.014045
153.056, 0.999034
153.025, 0.994747
152.995, 1.001704
152.964, 1.020106
152.934, 1.049845
152.904, 1.090490
152.873, 1.141335
152.843, 1.201406
152.813, 1.269503
152.782, 1.344236
152.752, 1.424077
152.722, 1.507384
152.691, 1.592474
152.661, 1.677639
152.630, 1.761213
152.600, 1.841598
152.570, 1.917298
152.539, 1.986954
152.509, 2.049362
152.479, 2.103488
152.448, 2.148491
152.418, 2.183717
152.388, 2.208690
152.357, 2.223131
152.327, 2.226920
152.296, 2.220100
152.266, 2.202848
152.236, 2.175471
152.205, 2.138362
152.175, 2.092010
152.145, 2.036958
152.114, 1.973803
152.084, 1.903170
152.054, 1.825701
152.023, 1.742061
151.993, 1.652903
151.962, 1.558897
151.932, 1.460712
151.902, 1.359016
151.871, 1.254485
151.841, 1.147812
151.811, 1.039697
151.780, 0.930875
151.750, 0.822087
151.720, 0.714124
151.689, 0.607783
151.659, 0.503905
151.629, 0.403345
151.598, 0.306973
151.568, 0.215666
151.537, 0.130289
151.507, 0.051685
151.477, -0.019341
151.446, -0.082039
151.416, -0.135749
151.386, -0.179896
151.355, -0.214026
151.325, -0.237812
151.295, -0.251080
151.264, -0.253808
151.234, -0.246148
151.203, -0.228416
151.173, -0.201100
151.143, -0.164859
151.112, -0.120504
151.082, -0.068998
151.052, -0.011424
151.021, 0.051019
150.991, 0.117054
150.961, 0.185344
150.930, 0.254520
150.900, 0.323214
150.869, 0.390078
150.839, 0.453813
150.809, 0.513208
150.778, 0.567132
150.748, 0.614588
150.718, 0.654700
150.687, 0.686745
150.657, 0.710143
150.627, 0.724475
150.596, 0.729466
150.566, 0.724998
150.535, 0.711084
150.505, 0.687873
150.475, 0.655620
150.444, 0.614684
150.414, 0.565508
150.384, 0.508598
150.353, 0.444515
150.323, 0.373863
150.293, 0.297263
150.262, 0.215361
150.232, 0.128809
150.202, 0.038263
150.171, -0.055607
150.141, -0.152138
150.110, -0.250648
150.080, -0.350445
150.050, -0.450820
150.019, -0.551026
149.989, -0.650287
149.959, -0.747787
149.928, -0.842657
149.898, -0.933987
149.868, -1.020819
149.837, -1.102145
149.807, -1.176931
149.776, -1.244112
149.746, -1.302624
149.716, -1.351408
149.685, -1.389449
149.655, -1.415793
149.625, -1.429584
149.594, -1.430074
149.564, -1.416688
149.534, -1.389015
149.503, -1.346858
149.473, -1.290267
149.442, -1.219524
149.412, -1.135192
149.382, -1.038107
149.351, -0.929379
149.321, -0.810385
149.291, -0.682754
149.260, -0.548348
149.230, -0.409233
149.200, -0.267625
149.169, -0.125860
149.139, 0.013657
149.109, 0.148519
149.078, 0.276351
149.048, 0.394897
149.017, 0.502055
148.987, 0.595945
148.957, 0.674948
148.926, 0.737765
148.896, 0.783443
148.866, 0.811416
148.835, 0.821500
148.805, 0.813931
148.775, 0.789336
148.744, 0.748741
148.714, 0.693516
148.683, 0.625365
148.653, 0.546264
148.623, 0.458411
148.592, 0.364151
148.562, 0.265931
148.532, 0.166213
148.501, 0.067397
148.471, -0.028232
148.441, -0.118593
148.410, -0.201851
148.380, -0.276484
148.349, -0.341322
148.319, -0.395585
148.289, -0.438903
148.258, -0.471330
148.228, -0.493322
148.198, -0.505741
148.167, -0.509814
148.137, -0.507090
148.107, -0.499380
148.076, -0.488710
148.046, -0.477232
148.015, -0.467165
147.985, -0.460691
147.955, -0.459913
147.924, -0.466747
147.894, -0.482856
147.864, -0.509600
147.833, -0.547957
147.803, -0.598502
147.773, -0.661357
147.742, -0.736179
147.712, -0.822163
147.682, -0.918033
147.651, -1.022095
147.621, -1.132261
147.590, -1.246100
147.560, -1.360914
147.530, -1.473802
147.499, -1.581755
147.469, -1.681727
147.439, -1.770741
147.408, -1.845969
147.378, -1.904815
147.348, -1.945013
147.317, -1.964688
147.287, -1.962418
147.256, -1.937290
147.226, -1.888944
147.196, -1.817584
147.165, -1.723985
147.135, -1.609502
147.105, -1.476014
147.074, -1.325921
147.044, -1.162053
147.014, -0.987638
146.983, -0.806198
146.953, -0.621473
146.922, -0.437331
146.892, -0.257668
146.862, -0.086313
146.831, 0.073064
146.801, 0.217059
146.771, 0.342593
146.740, 0.447011
146.710, 0.528131
146.680, 0.584309
146.649, 0.614467
146.619, 0.618118
146.588, 0.595388
146.558, 0.546992
146.528, 0.474224
146.497, 0.378916
146.467, 0.263390
146.437, 0.130410
146.406, -0.016903
146.376, -0.175140
146.346, -0.340683
146.315, -0.509799
146.285, -0.678722
146.255, -0.843740
146.224, -1.001281
146.194, -1.147978
146.163, -1.280760
146.133, -1.396899
146.103, -1.494067
146.072, -1.570378
146.042, -1.624419
146.012, -1.655276
145.981, -1.662523
145.951, -1.646232
145.921, -1.606961
145.890, -1.545713
145.860, -1.463919
145.829, -1.363376
145.799, -1.246214
145.769, -1.114844
145.738, -0.971881
145.708, -0.820089
145.678, -0.662342
145.647, -0.501531
145.617, -0.340522
145.587, -0.182103
145.556, -0.028912
145.526, 0.116576
145.495, 0.252127
145.465, 0.375762
145.435, 0.485786
145.404, 0.580820
145.374, 0.659806
145.344, 0.722019
145.313, 0.767069
145.283, 0.794888
145.253, 0.805735
145.222, 0.800157
145.192, 0.778992
145.162, 0.743318
145.131, 0.694444
145.101, 0.633867
145.070, 0.563235
145.040, 0.484318
145.010, 0.398963
144.979, 0.309065
144.949, 0.216512
144.919, 0.123168
144.888, 0.030823
144.858, -0.058834
144.828, -0.144246
144.797, -0.224021
144.767, -0.296950
144.736, -0.362029
144.706, -0.418478
144.676, -0.465753
144.645, -0.503544
144.615, -0.531787
144.585, -0.550649
144.554, -0.560536
144.524, -0.562059
144.494, -0.556026
144.463, -0.543417
144.433, -0.525363
144.402, -0.503103
144.372, -0.477951
144.342, -0.451275
144.311, -0.424439
144.281, -0.398790
144.251, -0.375587
144.220, -0.355999
144.190, -0.341046
144.160, -0.331590
144.129, -0.328286
144.099, -0.331577
144.068, -0.341680
144.038, -0.358562
144.008, -0.381953
143.977, -0.411339
143.947, -0.445981
143.917, -0.484935
143.886, -0.527057
143.856, -0.571060
143.826, -0.615540
143.795, -0.659001
143.765, -0.699917
143.735, -0.736772
143.704, -0.768096
143.674, -0.792525
143.643, -0.808829
143.613, -0.815958
143.583, -0.813087
143.552, -0.799625
143.522, -0.775252
143.492, -0.739928
143.461, -0.693910
143.431, -0.637735
143.401, -0.572222
143.370, -0.498451
143.340, -0.417738
143.309, -0.331600
143.279, -0.241716
143.249, -0.149886
143.218, -0.057976
143.188, 0.032120
143.158, 0.118545
143.127, 0.199520
143.097, 0.273394
143.067, 0.338695
143.036, 0.394160
143.006, 0.438767
142.975, 0.471766
142.945, 0.492694
142.915, 0.501386
142.884, 0.497964
142.854, 0.482838
142.824, 0.456680
142.793, 0.420399
142.763, 0.375115
142.733, 0.322107
142.702, 0.262775
142.672, 0.198597
142.642, 0.131079
142.611, 0.061705
142.581, -0.008115
142.550, -0.077073
142.520, -0.144008
142.490, -0.207938
142.459, -0.268082
142.429, -0.323879
142.399, -0.374987
142.368, -0.421285
142.338, -0.462871
142.308, -0.500019
142.277, -0.533190
142.247, -0.562960
142.216, -0.590011
142.186, -0.615076
142.156, -0.638897
142.125, -0.662182
142.095, -0.685566
142.065, -0.709566
142.034, -0.734554
142.004, -0.760719
141.974, -0.788060
141.943, -0.816359
141.913, -0.845179
141.882, -0.873894
141.852, -0.901663
141.822, -0.927498
141.791, -0.950260
141.761, -0.968728
141.731, -0.981622
141.700, -0.987670
141.670, -0.985644
141.640, -0.974438
141.609, -0.953082
141.579, -0.920829
141.548, -0.877175
141.518, -0.821897
141.488, -0.755078
141.457, -0.677140
141.427, -0.588827
141.397, -0.491214
141.366, -0.385678
141.336, -0.273892
141.306, -0.157751
141.275, -0.039357
141.245, 0.079066
141.215, 0.195214
141.184, 0.306801
141.154, 0.411590
141.123, 0.507508
141.093, 0.592688
141.063, 0.665536
141.032, 0.724799
141.002, 0.769613
140.972, 0.799522
140.941, 0.814534
140.911, 0.815102
140.881, 0.802139
140.850, 0.777002
140.820, 0.741447
140.789, 0.697593
140.759, 0.647867
140.729, 0.594919
140.698, 0.541573
140.668, 0.490706
140.638, 0.445194
140.607, 0.407794
140.577, 0.381082
140.547, 0.367341
140.516, 0.368513
140.486, 0.386095
140.455, 0.421127
140.425, 0.474113
140.395, 0.545013
140.364, 0.633224
140.334, 0.737591
140.304, 0.856428
140.273, 0.987551
140.243, 1.128347
140.213, 1.275830
140.182, 1.426714
140.152, 1.577532
140.121, 1.724696
140.091, 1.864625
140.061, 1.993836
140.030, 2.109037
140.000, 2.207240
139.970, 2.285833
139.939, 2.342663
139.909, 2.376105
139.879, 2.385098
139.848, 2.369193
139.818, 2.328564
139.788, 2.264009
139.757, 2.176934
139.727, 2.069313
139.696, 1.943638
139.666, 1.802875
139.636, 1.650353
139.605, 1.489709
139.575, 1.324774
139.545, 1.159487
139.514, 0.997801
139.484, 0.843565
139.454, 0.700447
139.423, 0.571839
139.393, 0.460783
139.362, 0.369901
139.332, 0.301345
139.302, 0.256746
139.271, 0.237203
139.241, 0.243254
139.211, 0.274901
139.180, 0.331624
139.150, 0.412389
139.120, 0.515733
139.089, 0.639782
139.059, 0.782344
139.028, 0.940951
138.998, 1.112959
138.968, 1.295599
138.937, 1.486069
138.907, 1.681599
138.877, 1.879515
138.846, 2.077299
138.816, 2.272653
138.786, 2.463523
138.755, 2.648149
138.725, 2.825082
138.695, 2.993189
138.664, 3.151661
138.634, 3.300016
138.603, 3.438059
138.573, 3.565882
138.543, 3.683817
138.512, 3.792415
138.482, 3.892396
138.452, 3.984619
138.421, 4.070031
138.391, 4.149653
138.361, 4.224506
138.330, 4.295619
138.300, 4.363968
138.269, 4.430478
138.239, 4.495985
138.209, 4.561252
138.178, 4.626926
138.148, 4.693564
138.118, 4.761625
138.087, 4.831487
138.057, 4.903429
138.027, 4.977685
137.996, 5.054409
137.966, 5.133726
137.935, 5.215718
137.905, 5.300447
137.875, 5.387948
137.844, 5.478257
137.814, 5.571385
137.784, 5.667331
137.753, 5.766077
137.723, 5.867581
137.693, 5.971754
137.662, 6.078466
137.632, 6.187530
137.601, 6.298683
137.571, 6.411577
137.541, 6.525778
137.510, 6.640751
137.480, 6.755864
137.450, 6.870385
137.419, 6.983490
137.389, 7.094273
137.359, 7.201761
137.328, 7.304938
137.298, 7.402765
137.268, 7.494207
137.237, 7.578273
137.207, 7.654031
137.176, 7.720661
137.146, 7.777466
137.116, 7.823923
137.085, 7.859680
137.055, 7.884620
137.025, 7.898830
136.994, 7.902650
136.964, 7.896639
136.934, 7.881610
136.903, 7.858576
136.873, 7.828753
136.842, 7.793526
136.812, 7.754401
136.782, 7.712977
136.751, 7.670896
136.721, 7.629786
136.691, 7.591202
136.660, 7.556606
136.630, 7.527287
136.600, 7.504317
136.569, 7.488527
136.539, 7.480454
136.508, 7.480337
136.478, 7.488081
136.448, 7.503266
136.417, 7.525148
136.387, 7.552672
136.357, 7.584510
136.326, 7.619088
136.296, 7.654639
136.266, 7.689257
136.235, 7.720961
136.205, 7.747745
136.174, 7.767672
136.144, 7.778918
136.114, 7.779846
136.083, 7.769062
136.053, 7.745468
136.023, 7.708311
135.992, 7.657212
135.962, 7.592194
135.932, 7.513683
135.901, 7.422501
135.871, 7.319868
135.841, 7.207343
135.810, 7.086796
135.780, 6.960359
135.749, 6.830352
135.719, 6.699206
135.689, 6.569407
135.658, 6.443394
135.628, 6.323492
135.598, 6.211825
135.567, 6.110262
135.537, 6.020326
135.507, 5.943171
135.476, 5.879501
135.446, 5.829587
135.415, 5.793206
135.385, 5.769677
135.355, 5.757855
135.324, 5.756170
135.294, 5.762684
135.264, 5.775125
135.233, 5.790978
135.203, 5.807551
135.173, 5.822073
135.142, 5.831766
135.112, 5.833949
135.081, 5.826115
135.051, 5.806031
135.021, 5.771789
134.990, 5.721899
134.960, 5.655313
134.930, 5.571487
134.899, 5.470395
134.869, 5.352535
134.839, 5.218925
134.808, 5.071067
134.778, 4.910919
134.748, 4.740828
134.717, 4.563475
134.687, 4.381785
134.656, 4.198842
134.626, 4.017805
134.596, 3.841812
134.565, 3.673893
134.535, 3.516873
134.505, 3.373294
134.474, 3.245354
134.444, 3.134836
134.414, 3.043066
134.383, 2.970881
134.353, 2.918615
134.322, 2.886102
134.292, 2.872692
134.262, 2.877271
134.231, 2.898336
134.201, 2.934027
134.171, 2.982202
134.140, 3.040532
134.110, 3.106552
134.080, 3.177768
134.049, 3.251741
134.019, 3.326147
133.988, 3.398871
133.958, 3.468065
133.928, 3.532196
133.897, 3.590094
133.867, 3.640976
133.837, 3.684461
133.806, 3.720571
133.776, 3.749704
133.746, 3.772604
133.715, 3.790335
133.685, 3.804199
133.654, 3.815699
133.624, 3.826454
133.594, 3.838123
133.563, 3.852347
133.533, 3.870657
133.503, 3.894424
133.472, 3.924784
133.442, 3.962593
133.412, 4.008391
133.381, 4.062359
133.351, 4.124323
133.321, 4.193744
133.290, 4.269729
133.260, 4.351077
133.229, 4.436298
133.199, 4.523682
133.169, 4.611352
133.138, 4.697345
133.108, 4.779667
133.078, 4.856388
133.047, 4.925715
133.017, 4.986049
132.987, 5.036068
132.956, 5.074787
132.926, 5.101586
132.895, 5.116264
132.865, 5.119057
132.835, 5.110631
132.804, 5.092090
132.774, 5.064950
132.744, 5.031097
132.713, 4.992737
132.683, 4.952343
132.653, 4.912574
132.622, 4.876202
132.592, 4.846038
132.561, 4.824828
132.531, 4.815196
132.501, 4.819541
132.470, 4.839978
132.440, 4.878280
132.410, 4.935807
132.379, 5.013483
132.349, 5.111764
132.319, 5.230609
132.288, 5.369519
132.258, 5.527525
132.227, 5.703232
132.197, 5.894863
132.167, 6.100312
132.136, 6.317213
132.106, 6.543017
132.076, 6.775060
132.045, 7.010640
132.015, 7.247115
131.985, 7.481953
131.954, 7.712827
131.924, 7.937660
131.894, 8.154674
131.863, 8.362455
131.833, 8.559951
131.802, 8.746506
131.772, 8.921865
131.742, 9.086143
131.711, 9.239822
131.681, 9.383706
131.651, 9.518875
131.620, 9.646642
131.590, 9.768470
131.560, 9.885949
131.529, 10.000690
131.499, 10.114288
131.468, 10.228259
131.438, 10.343968
131.408, 10.462613
131.377, 10.585149
131.347, 10.712289
131.317, 10.844468
131.286, 10.981853
131.256, 11.124307
131.226, 11.271491
131.195, 11.422761
131.165, 11.577322
131.134, 11.734202
131.104, 11.892322
131.074, 12.050515
131.043, 12.207632
131.013, 12.362566
130.983, 12.514271
130.952, 12.661858
130.922, 12.804603
130.892, 12.942008
130.861, 13.073763
130.831, 13.199837
130.801, 13.320427
130.770, 13.435989
130.740, 13.547173
130.709, 13.654849
130.679, 13.760063
130.649, 13.863984
130.618, 13.967852
130.588, 14.072973
130.558, 14.180618
130.527, 14.292020
130.497, 14.408305
130.467, 14.530437
130.436, 14.659223
130.406, 14.795241
130.375, 14.938834
130.345, 15.090094
130.315, 15.248877
130.284, 15.414779
130.254, 15.587149
130.224, 15.765137
130.193, 15.947709
130.163, 16.133654
130.133, 16.321658
130.102, 16.510356
130.072, 16.698330
130.041, 16.884182
130.011, 17.066567
129.981, 17.244235
129.950, 17.416066
129.920, 17.581078
129.890, 17.738474
129.859, 17.887634
129.829, 18.028123
129.799, 18.159702
129.768, 18.282279
129.738, 18.395957
129.707, 18.500922
129.677, 18.597537
129.647, 18.686154
129.616, 18.767227
129.586, 18.841201
129.556, 18.908471
129.525, 18.969438
129.495, 19.024363
129.465, 19.073452
129.434, 19.116798
129.404, 19.154349
129.374, 19.185981
129.343, 19.211457
129.313, 19.230434
129.282, 19.242530
129.252, 19.247311
129.222, 19.244362
129.191, 19.233280
129.161, 19.213744
129.131, 19.185547
129.100, 19.148606
129.070, 19.103015
129.040, 19.049083
129.009, 18.987319
128.979, 18.918446
128.948, 18.843426
128.918, 18.763439
128.888, 18.679852
128.857, 18.594205
128.827, 18.508176
128.797, 18.423492
128.766, 18.341953
128.736, 18.265319
128.706, 18.195256
128.675, 18.133274
128.645, 18.080699
128.614, 18.038553
128.584, 18.007562
128.554, 17.988078
128.523, 17.980058
128.493, 17.983007
128.463, 17.996045
128.432, 18.017806
128.402, 18.046531
128.372, 18.080078
128.341, 18.115963
128.311, 18.151403
128.281, 18.183398
128.250, 18.208822
128.220, 18.224467
128.189, 18.227178
128.159, 18.213892
128.129, 18.181794
128.098, 18.128349
128.068, 18.051394
128.038, 17.949212
128.007, 17.820603
127.977, 17.664924
127.947, 17.482104
127.916, 17.272690
127.886, 17.037801
127.855, 16.779164
127.825, 16.499015
127.795, 16.200106
127.764, 15.885603
127.734, 15.559014
127.704, 15.224095
127.673, 14.884799
127.643, 14.545100
127.613, 14.208950
127.582, 13.880146
127.552, 13.562260
127.521, 13.258518
127.491, 12.971767
127.461, 12.704356
127.430, 12.458126
127.400, 12.234370
127.370, 12.033763
127.339, 11.856437
127.309, 11.701938
127.279, 11.569293
127.248, 11.457012
127.218, 11.363211
127.187, 11.285594
127.157, 11.221626
127.127, 11.168553
127.096, 11.123500
127.066, 11.083579
127.036, 11.045945
127.005, 11.007908
126.975, 10.966973
126.945, 10.920926
126.914, 10.867875
126.884, 10.806255
126.854, 10.734909
126.823, 10.653070
126.793, 10.560335
126.762, 10.456684
126.732, 10.342422
126.702, 10.218146
126.671, 10.084703
126.641, 9.943134
126.611, 9.794597
126.580, 9.640331
126.550, 9.481577
126.520, 9.319539
126.489, 9.155303
126.459, 8.989837
126.428, 8.823912
126.398, 8.658117
126.368, 8.492817
126.337, 8.328161
126.307, 8.164096
126.277, 8.000390
126.246, 7.836640
126.216, 7.672343
126.186, 7.506908
126.155, 7.339727
126.125, 7.170200
126.094, 6.997823
126.064, 6.822193
126.034, 6.643076
126.003, 6.460435
125.973, 6.274456
125.943, 6.085565
125.912, 5.894438
125.882, 5.701980
125.852, 5.509326
125.821, 5.317801
125.791, 5.128886
125.760, 4.944161
125.730, 4.765260
125.700, 4.593800
125.669, 4.431329
125.639, 4.279249
125.609, 4.138758
125.578, 4.010799
125.548, 3.896000
125.518, 3.794640
125.487, 3.706621
125.457, 3.631438
125.427, 3.568197
125.396, 3.515618
125.366, 3.472055
125.335, 3.435550
125.305, 3.403886
125.275, 3.374644
125.244, 3.345301
125.214, 3.313287
125.184, 3.276097
125.153, 3.231365
125.123, 3.176969
125.093, 3.111099
125.062, 3.032346
125.032, 2.939758
125.001, 2.832900
124.971, 2.711886
124.941, 2.577391
124.910, 2.430667
124.880, 2.273514
124.850, 2.108243
124.819, 1.937627
124.789, 1.764809
124.759, 1.593245
124.728, 1.426568
124.698, 1.268509
124.667, 1.122757
124.637, 0.992859
124.607, 0.882088
124.576, 0.793341
124.546, 0.729017
124.516, 0.690964
124.485, 0.680358
124.455, 0.697672
124.425, 0.742639
124.394, 0.814221
124.364, 0.910639
124.334, 1.029383
124.303, 1.167274
124.273, 1.320546
124.242, 1.484928
124.212, 1.655755
124.182, 1.828102
124.151, 1.996908
124.121, 2.157115
124.091, 2.303817
124.060, 2.432388
124.030, 2.538622
124.000, 2.618851
123.969, 2.670049
123.939, 2.689921
123.908, 2.676976
123.878, 2.630562
123.848, 2.550902
123.817, 2.439072
123.787, 2.296994
123.757, 2.127364
123.726, 1.933593
123.696, 1.719702
123.666, 1.490219
123.635, 1.250051
123.605, 1.004347
123.574, 0.758358
123.544, 0.517299
123.514, 0.286208
123.483, 0.069801
123.453, -0.127634
123.423, -0.302354
123.392, -0.451249
123.362, -0.571924
123.332, -0.662733
123.301, -0.722810
123.271, -0.752096
123.240, -0.751283
123.210, -0.721809
123.180, -0.665772
123.149, -0.585869
123.119, -0.485287
123.089, -0.367607
123.058, -0.236691
123.028, -0.096552
122.998, 0.048751
122.967, 0.195249
122.937, 0.339155
122.907, 0.476985
122.876, 0.605637
122.846, 0.722458
122.815, 0.825325
122.785, 0.912660
122.755, 0.983475
122.724, 1.037345
122.694, 1.074422
122.664, 1.095380
122.633, 1.101386
122.603, 1.094003
122.573, 1.075166
122.542, 1.047054
122.512, 1.012034
122.481, 0.972556
122.451, 0.931077
122.421, 0.889967
122.390, 0.851438
122.360, 0.817469
122.330, 0.789763
122.299, 0.769685
122.269, 0.758246
122.239, 0.756066
122.208, 0.763399
122.178, 0.780113
122.147, 0.805743
122.117, 0.839504
122.087, 0.880348
122.056, 0.927013
122.026, 0.978080
121.996, 1.032032
121.965, 1.087327
121.935, 1.142442
121.905, 1.195949
121.874, 1.246542
121.844, 1.293105
121.813, 1.334726
121.783, 1.370737
121.753, 1.400717
121.722, 1.424505
121.692, 1.442178
121.662, 1.454056
121.631, 1.460651
121.601, 1.462662
121.571, 1.460913
121.540, 1.456318
121.510, 1.449844
121.480, 1.442461
121.449, 1.435088
121.419, 1.428571
121.388, 1.423634
121.358, 1.420868
121.328, 1.420687
121.297, 1.423339
121.267, 1.428881
121.237, 1.437210
121.206, 1.448047
121.176, 1.460985
121.146, 1.475499
121.115, 1.490994
121.085, 1.506820
121.054, 1.522341
121.024, 1.536954
120.994, 1.550132
120.963, 1.561463
120.933, 1.570680
120.903, 1.577680
120.872, 1.582554
120.842, 1.585573
120.812, 1.587219
120.781, 1.588139
120.751, 1.589161
120.720, 1.591242
120.690, 1.595453
120.660, 1.602910
120.629, 1.614766
120.599, 1.632122
120.569, 1.656002
120.538, 1.687293
120.508, 1.726697
120.478, 1.774687
120.447, 1.831473
120.417, 1.896966
120.387, 1.970757
120.356, 2.052113
120.326, 2.139981
120.295, 2.232979
120.265, 2.329452
120.235, 2.427478
120.204, 2.524931
120.174, 2.619530
120.144, 2.708902
120.113, 2.790644
120.083, 2.862403
120.053, 2.921945
120.022, 2.967230
119.992, 2.996469
119.961, 3.008214
119.931, 3.001380
119.901, 2.975324
119.870, 2.929858
119.840, 2.865283
119.810, 2.782399
119.779, 2.682502
119.749, 2.567358
119.719, 2.439183
119.688, 2.300593
119.658, 2.154548
119.627, 2.004287
119.597, 1.853252
119.567, 1.705010
119.536, 1.563166
119.506, 1.431264
119.476, 1.312729
119.445, 1.210751
119.415, 1.128228
119.385, 1.067686
119.354, 1.031225
119.324, 1.020458
119.293, 1.036486
119.263, 1.079860
119.233, 1.150586
119.202, 1.248112
119.172, 1.371360
119.142, 1.518739
119.111, 1.688205
119.081, 1.877298
119.051, 2.083215
119.020, 2.302866
118.990, 2.532968
118.960, 2.770094
118.929, 3.010764
118.899, 3.251535
118.868, 3.489049
118.838, 3.720106
118.808, 3.941742
118.777, 4.151266
118.747, 4.346302
118.717, 4.524825
118.686, 4.685203
118.656, 4.826166
118.626, 4.946856
118.595, 5.046793
118.565, 5.125857
118.534, 5.184274
118.504, 5.222588
118.474, 5.241601
118.443, 5.242355
118.413, 5.226089
118.383, 5.194182
118.352, 5.148108
118.322, 5.089421
118.292, 5.019684
118.261, 4.940452
118.231, 4.853248
118.200, 4.759522
118.170, 4.660648
118.140, 4.557911
118.109, 4.452494
118.079, 4.345480
118.049, 4.237867
118.018, 4.130557
117.988, 4.024387
117.958, 3.920130
117.927, 3.818521
117.897, 3.720269
117.866, 3.626068
117.836, 3.536614
117.806, 3.452625
117.775, 3.374830
117.745, 3.303991
117.715, 3.240898
117.684, 3.186358
117.654, 3.141194
117.624, 3.106233
117.593, 3.082288
117.563, 3.070132
117.533, 3.070488
117.502, 3.083998
117.472, 3.111197
117.441, 3.152499
117.411, 3.208164
117.381, 3.278278
117.350, 3.362748
117.320, 3.461266
117.290, 3.573324
117.259, 3.698194
117.229, 3.834933
117.199, 3.982398
117.168, 4.139245
117.138, 4.303967
117.107, 4.474907
117.077, 4.650281
117.047, 4.828232
117.016, 5.006846
116.986, 5.184206
116.956, 5.358425
116.925, 5.527692
116.895, 5.690306
116.865, 5.844725
116.834, 5.989589
116.804, 6.123759
116.773, 6.246332
116.743, 6.356681
116.713, 6.454448
116.682, 6.539553
116.652, 6.612210
116.622, 6.672898
116.591, 6.722356
116.561, 6.761556
116.531, 6.791680
116.500, 6.814073
116.470, 6.830218
116.440, 6.841684
116.409, 6.850079
116.379, 6.857001
116.348, 6.863999
116.318, 6.872513
116.288, 6.883841
116.257, 6.899082
116.227, 6.919117
116.197, 6.944562
116.166, 6.975754
116.136, 7.012724
116.106, 7.055198
116.075, 7.102588
116.045, 7.154003
116.014, 7.208256
115.984, 7.263899
115.954, 7.319255
115.923, 7.372442
115.893, 7.421431
115.863, 7.464093
115.832, 7.498248
115.802, 7.521727
115.772, 7.532423
115.741, 7.528357
115.711, 7.507723
115.680, 7.468952
115.650, 7.410750
115.620, 7.332148
115.589, 7.232534
115.559, 7.111679
115.529, 6.969759
115.498, 6.807358
115.468, 6.625477
115.438, 6.425510
115.407, 6.209234
115.377, 5.978774
115.346, 5.736558
115.316, 5.485279
115.286, 5.227826
115.255, 4.967236
115.225, 4.706616
115.195, 4.449084
115.164, 4.197690
115.134, 3.955349
115.104, 3.724775
115.073, 3.508419
115.043, 3.308393
115.013, 3.126452
114.982, 2.963923
114.952, 2.821685
114.921, 2.700144
114.891, 2.599229
114.861, 2.518391
114.830, 2.456604
114.800, 2.412433
114.770, 2.384017
114.739, 2.369152
114.709, 2.365352
114.679, 2.369893
114.648, 2.379903
114.618, 2.392438
114.587, 2.404552
114.557, 2.413389
114.527, 2.416253
114.496, 2.410689
114.466, 2.394543
114.436, 2.366036
114.405, 2.323809
114.375, 2.266953
114.345, 2.195066
114.314, 2.108224
114.284, 2.007030
114.253, 1.892554
114.223, 1.766355
114.193, 1.630392
114.162, 1.487006
114.132, 1.338845
114.102, 1.188789
114.071, 1.039870
114.041, 0.895195
114.011, 0.757855
113.980, 0.630828
113.950, 0.516907
113.920, 0.418609
113.889, 0.338103
113.859, 0.277142
113.828, 0.237018
113.798, 0.218521
113.768, 0.221878
113.737, 0.246794
113.707, 0.292409
113.677, 0.357338
113.646, 0.439700
113.616, 0.537160
113.586, 0.646982
113.555, 0.766123
113.525, 0.891286
113.494, 1.019019
113.464, 1.145806
113.434, 1.268154
113.403, 1.382706
113.373, 1.486297
113.343, 1.576060
113.312, 1.649500
113.282, 1.704545
113.252, 1.739625
113.221, 1.753687
113.191, 1.746223
113.160, 1.717291
113.130, 1.667506
113.100, 1.597999
113.069, 1.510416
113.039, 1.406836
113.009, 1.289730
112.978, 1.161879
112.948, 1.026300
112.918, 0.886167
112.887, 0.744699
112.857, 0.605114
112.826, 0.470500
112.796, 0.343755
112.766, 0.227523
112.735, 0.124094
112.705, 0.035394
112.675, -0.037092
112.644, -0.092339
112.614, -0.129797
112.584, -0.149384
112.553, -0.151490
112.523, -0.136941
112.493, -0.106959
112.462, -0.063132
112.432, -0.007331
112.401, 0.058329
112.371, 0.131570
112.341, 0.210022
112.310, 0.291285
112.280, 0.373016
112.250, 0.452966
112.219, 0.529059
112.189, 0.599441
112.159, 0.662524
112.128, 0.716990
112.098, 0.761852
112.067, 0.796440
112.037, 0.820397
112.007, 0.833677
111.976, 0.836520
111.946, 0.829413
111.916, 0.813064
111.885, 0.788341
111.855, 0.756250
111.825, 0.717851
111.794, 0.674248
111.764, 0.626504
111.733, 0.575622
111.703, 0.522499
111.673, 0.467890
111.642, 0.412387
111.612, 0.356409
111.582, 0.300189
111.551, 0.243773
111.521, 0.187049
111.491, 0.129747
111.460, 0.071483
111.430, 0.011782
111.399, -0.049882
111.369, -0.114032
111.339, -0.181168
111.308, -0.251691
111.278, -0.325899
111.248, -0.403917
111.217, -0.485690
111.187, -0.570938
111.157, -0.659163
111.126, -0.749616
111.096, -0.841313
111.066, -0.933057
111.035, -1.023429
111.005, -1.110845
110.974, -1.193581
110.944, -1.269836
110.914, -1.337751
110.883, -1.395505
110.853, -1.441339
110.823, -1.473630
110.792, -1.490953
110.762, -1.492123
110.732, -1.476250
110.701, -1.442775
110.671, -1.391514
110.640, -1.322671
110.610, -1.236848
110.580, -1.135066
110.549, -1.018728
110.519, -0.889617
110.489, -0.749857
110.458, -0.601871
110.428, -0.448333
110.398, -0.292105
110.367, -0.136175
110.337, 0.016420
110.306, 0.162649
110.276, 0.299568
110.246, 0.424400
110.215, 0.534573
110.185, 0.627804
110.155, 0.702142
110.124, 0.756019
110.094, 0.788269
110.064, 0.798164
110.033, 0.785426
110.003, 0.750229
109.973, 0.693169
109.942, 0.615280
109.912, 0.517970
109.881, 0.402993
109.851, 0.272414
109.821, 0.128534
109.790, -0.026153
109.760, -0.189021
109.730, -0.357378
109.699, -0.528529
109.669, -0.699823
109.639, -0.868721
109.608, -1.032833
109.578, -1.189970
109.547, -1.338184
109.517, -1.475773
109.487, -1.601333
109.456, -1.713752
109.426, -1.812212
109.396, -1.896192
109.365, -1.965459
109.335, -2.020040
109.305, -2.060216
109.274, -2.086480
109.244, -2.099514
109.213, -2.100167
109.183, -2.089404
109.153, -2.068272
109.122, -2.037904
109.092, -1.999438
109.062, -1.954044
109.031, -1.902839
109.001, -1.846934
108.971, -1.787365
108.940, -1.725108
108.910, -1.661067
108.879, -1.596054
108.849, -1.530812
108.819, -1.465995
108.788, -1.402177
108.758, -1.339861
108.728, -1.279481
108.697, -1.221406
108.667, -1.165944
108.637, -1.113354
108.606, -1.063844
108.576, -1.017581
108.546, -0.974677
108.515, -0.935211
108.485, -0.899220
108.454, -0.866690
108.424, -0.837563
108.394, -0.811737
108.363, -0.789057
108.333, -0.769328
108.303, -0.752296
108.272, -0.737665
108.242, -0.725096
108.212, -0.714216
108.181, -0.704621
108.151, -0.695888
108.120, -0.687592
108.090, -0.679323
108.060, -0.670677
108.029, -0.661312
107.999, -0.650942
107.969, -0.639350
107.938, -0.626418
107.908, -0.612136
107.878, -0.596608
107.847, -0.580071
107.817, -0.562891
107.786, -0.545571
107.756, -0.528729
107.726, -0.513121
107.695, -0.499588
107.665, -0.489063
107.635, -0.482522
107.604, -0.480985
107.574, -0.485462
107.544, -0.496910
107.513, -0.516222
107.483, -0.544166
107.452, -0.581356
107.422, -0.628221
107.392, -0.684964
107.361, -0.751549
107.331, -0.827665
107.301, -0.912715
107.270, -1.005824
107.240, -1.105825
107.210, -1.211270
107.179, -1.320471
107.149, -1.431496
107.119, -1.542237
107.088, -1.650433
107.058, -1.753741
107.027, -1.849773
106.997, -1.936175
106.967, -2.010676
106.936, -2.071163
106.906, -2.115743
106.876, -2.142787
106.845, -2.151007
106.815, -2.139481
106.785, -2.107715
106.754, -2.055646
106.724, -1.983679
106.693, -1.892688
106.663, -1.783999
106.633, -1.659386
106.602, -1.521032
106.572, -1.371488
106.542, -1.213611
106.511, -1.050511
106.481, -0.885476
106.451, -0.721895
106.420, -0.563169
106.390, -0.412650
106.359, -0.273523
106.329, -0.148761
106.299, -0.041036
106.268, 0.047353
106.238, 0.114536
106.208, 0.159109
106.177, 0.180179
106.147, 0.177389
106.117, 0.150919
106.086, 0.101476
106.056, 0.030287
106.026, -0.060947
105.995, -0.170084
105.965, -0.294612
105.934, -0.431707
105.904, -0.578309
105.874, -0.731200
105.843, -0.887087
105.813, -1.042691
105.783, -1.194826
105.752, -1.340463
105.722, -1.476832
105.692, -1.601458
105.661, -1.712231
105.631, -1.807439
105.600, -1.885813
105.570, -1.946528
105.540, -1.989220
105.509, -2.013974
105.479, -2.021303
105.449, -2.012115
105.418, -1.987669
105.388, -1.949522
105.358, -1.899477
105.327, -1.839506
105.297, -1.771699
105.266, -1.698170
105.236, -1.621019
105.206, -1.542249
105.175, -1.463706
105.145, -1.387034
105.115, -1.313634
105.084, -1.244626
105.054, -1.180817
105.024, -1.122707
104.993, -1.070470
104.963, -1.023982
104.932, -0.982821
104.902, -0.946312
104.872, -0.913565
104.841, -0.883517
104.811, -0.854971
104.781, -0.826678
104.750, -0.797362
104.720, -0.765795
104.690, -0.730844
104.659, -0.691511
104.629, -0.646992
104.599, -0.596700
104.568, -0.540289
104.538, -0.477683
104.507, -0.409080
104.477, -0.334935
104.447, -0.255973
104.416, -0.173141
104.386, -0.087587
104.356, -0.000630
104.325, 0.086305
104.295, 0.171721
104.265, 0.254113
104.234, 0.332020
104.204, 0.404077
104.173, 0.469078
104.143, 0.526011
104.113, 0.574101
104.082, 0.612869
104.052, 0.642119
104.022, 0.661988
103.991, 0.672939
103.961, 0.675752
103.931, 0.671522
103.900, 0.661624
103.870, 0.647672
103.839, 0.631494
103.809, 0.615058
103.779, 0.600424
103.748, 0.589682
103.718, 0.584885
103.688, 0.587978
103.657, 0.600735
103.627, 0.624696
103.597, 0.661118
103.566, 0.710911
103.536, 0.774611
103.506, 0.852334
103.475, 0.943763
103.445, 1.048149
103.414, 1.164291
103.384, 1.290574
103.354, 1.424985
103.323, 1.565166
103.293, 1.708440
103.263, 1.851900
103.232, 1.992461
103.202, 2.126936
103.172, 2.252120
103.141, 2.364864
103.111, 2.462165
103.080, 2.541240
103.050, 2.599605
103.020, 2.635136
102.989, 2.646147
102.959, 2.631420
102.929, 2.590264
102.898, 2.522530
102.868, 2.428628
102.838, 2.309543
102.807, 2.166789
102.777, 2.002420
102.746, 1.818965
102.716, 1.619385
102.686, 1.407008
102.655, 1.185456
102.625, 0.958568
102.595, 0.730316
102.564, 0.504709
102.534, 0.285702
102.504, 0.077119
102.473, -0.117445
102.443, -0.294705
102.412, -0.451751
102.382, -0.586123
102.352, -0.695851
102.321, -0.779508
102.291, -0.836236
102.261, -0.865751
102.230, -0.868359
102.200, -0.844928
102.170, -0.796863
102.139, -0.726071
102.109, -0.634904
102.079, -0.526094
102.048, -0.402687
102.018, -0.267965
101.987, -0.125349
101.957, 0.021662
101.927, 0.169604
101.896, 0.315106
101.866, 0.454994
101.836, 0.586347
101.805, 0.706571
101.775, 0.813452
101.745, 0.905204
101.714, 0.980496
101.684, 1.038471
101.653, 1.078766
101.623, 1.101484
101.593, 1.107190
101.562, 1.096873
101.532, 1.071900
101.502, 1.033969
101.471, 0.985040
101.441, 0.927275
101.411, 0.862955
101.380, 0.794422
101.350, 0.723987
101.319, 0.653872
101.289, 0.586130
101.259, 0.522600
101.228, 0.464834
101.198, 0.414068
101.168, 0.371186
101.137, 0.336691
101.107, 0.310711
101.077, 0.292987
101.046, 0.282901
101.016, 0.279505
100.985, 0.281543
100.955, 0.287527
100.925, 0.295766
100.894, 0.304446
100.864, 0.311705
100.834, 0.315677
100.803, 0.314580
100.773, 0.306786
100.743, 0.290874
100.712, 0.265689
100.682, 0.230401
100.652, 0.184525
100.621, 0.127967
100.591, 0.061029
100.560, -0.015593
100.530, -0.100797
100.500, -0.193127
100.469, -0.290786
100.439, -0.391695
100.409, -0.493544
100.378, -0.593859
100.348, -0.690072
100.318, -0.779593
100.287, -0.859890
100.257, -0.928570
100.226, -0.983448
100.196, -1.022612
100.166, -1.044499
100.135, -1.047930
100.105, -1.032165
100.075, -0.996925
100.044, -0.942415
100.014, -0.869320
99.984, -0.778800
99.953, -0.672458
99.923, -0.552305
99.892, -0.420713
99.862, -0.280341
99.832, -0.134082
99.801, 0.015025
99.771, 0.163880
99.741, 0.309391
99.710, 0.448576
99.680, 0.578626
99.650, 0.697001
99.619, 0.801473
99.589, 0.890207
99.559, 0.961801
99.528, 1.015313
99.498, 1.050291
99.467, 1.066769
99.437, 1.065277
99.407, 1.046798
99.376, 1.012744
99.346, 0.964906
99.316, 0.905391
99.285, 0.836557
99.255, 0.760931
99.225, 0.681145
99.194, 0.599831
99.164, 0.519563
99.133, 0.442758
99.103, 0.371620
99.073, 0.308059
99.042, 0.253650
99.012, 0.209578
98.982, 0.176611
98.951, 0.155085
98.921, 0.144892
98.891, 0.145500
98.860, 0.155973
98.830, 0.175010
98.799, 0.200998
98.769, 0.232057
98.739, 0.266132
98.708, 0.301043
98.678, 0.334581
98.648, 0.364572
98.617, 0.388959
98.587, 0.405889
98.557, 0.413754
98.526, 0.411266
98.496, 0.397501
98.465, 0.371941
98.435, 0.334481
98.405, 0.285451
98.374, 0.225615
98.344, 0.156133
98.314, 0.078552
98.283, -0.005269
98.253, -0.093179
98.223, -0.182829
98.192, -0.271733
98.162, -0.357347
98.132, -0.437141
98.101, -0.508698
98.071, -0.569763
98.040, -0.618345
98.010, -0.652761
97.980, -0.671699
97.949, -0.674258
97.919, -0.659983
97.889, -0.628885
97.858, -0.581442
97.828, -0.518592
97.798, -0.441713
97.767, -0.352567
97.737, -0.253284
97.706, -0.146273
97.676, -0.034175
97.646, 0.080223
97.615, 0.194058
97.585, 0.304481
97.555, 0.408719
97.524, 0.504164
97.494, 0.588445
97.464, 0.659485
97.433, 0.715552
97.403, 0.755316
97.372, 0.777866
97.342, 0.782735
97.312, 0.769902
97.281, 0.739794
97.251, 0.693253
97.221, 0.631518
97.190, 0.556156
97.160, 0.469055
97.130, 0.372317
97.099, 0.268225
97.069, 0.159164
97.038, 0.047550
97.008, -0.064231
96.978, -0.173892
96.947, -0.279303
96.917, -0.378549
96.887, -0.469960
96.856, -0.552161
96.826, -0.624097
96.796, -0.685027
96.765, -0.734548
96.735, -0.772577
96.705, -0.799335
96.674, -0.815321
96.644, -0.821262
96.613, -0.818097
96.583, -0.806913
96.553, -0.788895
96.522, -0.765281
96.492, -0.737300
96.462, -0.706148
96.431, -0.672915
96.401, -0.638565
96.371, -0.603904
96.340, -0.569554
96.310, -0.535924
96.279, -0.503235
96.249, -0.470734
96.219, -0.439009
96.188, -0.407714
96.158, -0.376363
96.128, -0.344359
96.097, -0.311053
96.067, -0.275754
96.037, -0.237800
96.006, -0.196584
95.976, -0.151616
95.945, -0.102531
95.915, -0.049155
95.885, 0.008490
95.854, 0.070153
95.824, 0.135354
95.794, 0.203374
95.763, 0.273274
95.733, 0.343880
95.703, 0.413848
95.672, 0.481679
95.642, 0.545750
95.612, 0.604369
95.581, 0.655835
95.551, 0.698468
95.520, 0.730690
95.490, 0.751061
95.460, 0.758336
95.429, 0.751518
95.399, 0.729885
95.369, 0.693040
95.338, 0.640931
95.308, 0.573867
95.278, 0.492529
95.247, 0.397948
95.217, 0.291522
95.186, 0.174965
95.156, 0.050286
95.126, -0.080264
95.095, -0.214241
95.065, -0.349053
95.035, -0.482038
95.004, -0.610527
94.974, -0.731901
94.944, -0.843665
94.913, -0.943503
94.883, -1.029357
94.852, -1.099453
94.822, -1.152364
94.792, -1.187032
94.761, -1.202827
94.731, -1.199517
94.701, -1.177308
94.670, -1.136827
94.640, -1.079111
94.610, -1.005569
94.579, -0.917954
94.549, -0.818310
94.518, -0.708940
94.488, -0.592321
94.458, -0.471062
94.427, -0.347825
94.397, -0.225274
94.367, -0.105999
94.336, 0.007540
94.306, 0.113073
94.276, 0.208565
94.245, 0.292269
94.215, 0.362754
94.185, 0.418943
94.154, 0.460107
94.124, 0.485902
94.093, 0.496346
94.063, 0.491816
94.033, 0.473018
94.002, 0.440971
93.972, 0.396963
93.942, 0.342504
93.911, 0.279279
93.881, 0.209108
93.851, 0.133880
93.820, 0.055513
93.790, -0.024123
93.759, -0.103222
93.729, -0.180117
93.699, -0.253299
93.668, -0.321478
93.638, -0.383586
93.608, -0.438808
93.577, -0.486597
93.547, -0.526677
93.517, -0.559046
93.486, -0.583947
93.456, -0.601878
93.425, -0.613545
93.395, -0.619844
93.365, -0.621822
93.334, -0.620640
93.304, -0.617543
93.274, -0.613795
93.243, -0.610665
93.213, -0.609367
93.183, -0.611030
93.152, -0.616672
93.122, -0.627155
93.091, -0.643162
93.061, -0.665191
93.031, -0.693528
93.000, -0.728248
92.970, -0.769208
92.940, -0.816057
92.909, -0.868249
92.879, -0.925058
92.849, -0.985592
92.818, -1.048839
92.788, -1.113681
92.758, -1.178922
92.727, -1.243335
92.697, -1.305693
92.666, -1.364795
92.636, -1.419502
92.606, -1.468761
92.575, -1.511646
92.545, -1.547362
92.515, -1.575276
92.484, -1.594918
92.454, -1.606009
92.424, -1.608428
92.393, -1.602253
92.363, -1.587712
92.332, -1.565198
92.302, -1.535239
92.272, -1.498482
92.241, -1.455655
92.211, -1.407578
92.181, -1.355083
92.150, -1.299032
92.120, -1.240262
92.090, -1.179574
92.059, -1.117704
92.029, -1.055296
91.998, -0.992894
91.968, -0.930934
91.938, -0.869715
91.907, -0.809415
91.877, -0.750084
91.847, -0.691655
91.816, -0.633948
91.786, -0.576694
91.756, -0.519540
91.725, -0.462100
91.695, -0.403949
91.665, -0.344664
91.634, -0.283854
91.604, -0.221185
91.573, -0.156400
91.543, -0.089354
91.513, -0.020027
91.482, 0.051456
91.452, 0.124812
91.422, 0.199594
91.391, 0.275192
91.361, 0.350820
91.331, 0.425553
91.300, 0.498316
91.270, 0.567934
91.239, 0.633124
91.209, 0.692552
91.179, 0.744864
91.148, 0.788714
91.118, 0.822804
91.088, 0.845939
91.057, 0.857044
91.027, 0.855224
90.997, 0.839770
90.966, 0.810218
90.936, 0.766357
90.905, 0.708261
90.875, 0.636275
90.845, 0.551045
90.814, 0.453515
90.784, 0.344892
90.754, 0.226643
90.723, 0.100476
90.693, -0.031718
90.663, -0.167880
90.632, -0.305854
90.602, -0.443415
90.571, -0.578342
90.541, -0.708452
90.511, -0.831683
90.480, -0.946117
90.450, -1.050057
90.420, -1.142043
90.389, -1.220944
90.359, -1.285928
90.329, -1.336534
90.298, -1.372661
90.268, -1.394602
90.238, -1.403010
90.207, -1.398903
90.177, -1.383637
90.146, -1.358872
90.116, -1.326529
90.086, -1.288741
90.055, -1.247800
90.025, -1.206100
89.995, -1.166054
89.964, -1.130052
89.934, -1.100376
89.904, -1.079151
89.873, -1.068275
89.843, -1.069366
89.812, -1.083709
89.782, -1.112229
89.752, -1.155453
89.721, -1.213484
89.691, -1.285992
89.661, -1.372240
89.630, -1.471056
89.600, -1.580893
89.570, -1.699842
89.539, -1.825697
89.509, -1.955974
89.478, -2.088011
89.448, -2.218991
89.418, -2.346052
89.387, -2.466323
89.357, -2.577011
89.327, -2.675457
89.296, -2.759221
89.266, -2.826119
89.236, -2.874279
89.205, -2.902196
89.175, -2.908753
89.145, -2.893254
89.114, -2.855427
89.084, -2.795423
89.053, -2.713840
89.023, -2.611653
88.993, -2.490232
88.962, -2.351266
88.932, -2.196744
88.902, -2.028900
88.871, -1.850144
88.841, -1.663007
88.811, -1.470103
88.780, -1.274030
88.750, -1.077353
88.719, -0.882512
88.689, -0.691808
88.659, -0.507329
88.628, -0.330945
88.598, -0.164244
88.568, -0.008563
88.537, 0.135081
88.507, 0.265942
88.477, 0.383575
88.446, 0.487799
88.416, 0.578675
88.385, 0.656505
88.355, 0.721769
88.325, 0.775103
88.294, 0.817265
88.264, 0.849093
88.234, 0.871467
88.203, 0.885268
88.173, 0.891364
88.143, 0.890553
88.112, 0.883576
88.082, 0.871056
88.051, 0.853528
88.021, 0.831408
87.991, 0.805014
87.960, 0.774542
87.930, 0.740113
87.900, 0.701776
87.869, 0.659533
87.839, 0.613346
87.809, 0.563197
87.778, 0.509087
87.748, 0.451080
87.718, 0.389315
87.687, 0.324040
87.657, 0.255622
87.626, 0.184574
87.596, 0.111539
87.566, 0.037319
87.535, -0.037141
87.505, -0.110749
87.475, -0.182312
87.444, -0.250519
87.414, -0.313995
87.384, -0.371309
87.353, -0.421039
87.323, -0.461766
87.292, -0.492144
87.262, -0.510925
87.232, -0.516996
87.201, -0.509402
87.171, -0.487397
87.141, -0.450446
87.110, -0.398259
87.080, -0.330801
87.050, -0.248297
87.019, -0.151221
86.989, -0.040320
86.958, 0.083440
86.928, 0.218862
86.898, 0.364574
86.867, 0.519023
86.837, 0.680553
86.807, 0.847409
86.776, 1.017808
86.746, 1.189941
86.716, 1.362065
86.685, 1.532491
86.655, 1.699667
86.624, 1.862159
86.594, 2.018731
86.564, 2.168324
86.533, 2.310106
86.503, 2.443442
86.473, 2.567935
86.442, 2.683391
86.412, 2.789828
86.382, 2.887440
86.351, 2.976591
86.321, 3.057779
86.291, 3.131612
86.260, 3.198757
86.230, 3.259937
86.199, 3.315870
86.169, 3.367248
86.139, 3.414701
86.108, 3.458783
86.078, 3.499923
86.048, 3.538445
86.017, 3.574514
85.987, 3.608160
85.957, 3.639261
85.926, 3.667566
85.896, 3.692686
85.865, 3.714118
85.835, 3.731279
85.805, 3.743519
85.774, 3.750144
85.744, 3.750472
85.714, 3.743834
85.683, 3.729629
85.653, 3.707341
85.623, 3.676572
85.592, 3.637069
85.562, 3.588739
85.531, 3.531666
85.501, 3.466122
85.471, 3.392568
85.440, 3.311660
85.410, 3.224224
85.380, 3.131256
85.349, 3.033902
85.319, 2.933428
85.289, 2.831186
85.258, 2.728593
85.228, 2.627090
85.198, 2.528120
85.167, 2.433061
85.137, 2.343232
85.106, 2.259825
85.076, 2.183915
85.046, 2.116387
85.015, 2.057962
84.985, 2.009147
84.955, 1.970263
84.924, 1.941402
84.894, 1.922456
84.864, 1.913124
84.833, 1.912929
84.803, 1.921215
84.772, 1.937208
84.742, 1.960018
84.712, 1.988678
84.681, 2.022170
84.651, 2.059467
84.621, 2.099560
84.590, 2.141491
84.560, 2.184368
84.530, 2.227402
84.499, 2.269925
84.469, 2.311410
84.438, 2.351453
84.408, 2.389813
84.378, 2.426383
84.347, 2.461211
84.317, 2.494449
84.287, 2.526374
84.256, 2.557342
84.226, 2.587783
84.196, 2.618155
84.165, 2.648934
84.135, 2.680575
84.104, 2.713502
84.074, 2.748063
84.044, 2.784520
84.013, 2.823030
83.983, 2.863636
83.953, 2.906243
83.922, 2.950628
83.892, 2.996449
83.862, 3.043232
83.831, 3.090392
83.801, 3.137259
83.771, 3.183090
83.740, 3.227099
83.710, 3.268487
83.679, 3.306453
83.649, 3.340258
83.619, 3.369218
83.588, 3.392756
83.558, 3.410416
83.528, 3.421881
83.497, 3.427009
83.467, 3.425814
83.437, 3.418489
83.406, 3.405408
83.376, 3.387106
83.345, 3.364273
83.315, 3.337732
83.285, 3.308406
83.254, 3.277309
83.224, 3.245481
83.194, 3.213977
83.163, 3.183814
83.133, 3.155944
83.103, 3.131199
83.072, 3.110265
83.042, 3.093656
83.011, 3.081686
82.981, 3.074423
82.951, 3.071717
82.920, 3.073152
82.890, 3.078087
82.860, 3.085628
82.829, 3.094669
82.799, 3.103919
82.769, 3.111923
82.738, 3.117106
82.708, 3.117828
82.677, 3.112428
82.647, 3.099270
82.617, 3.076809
82.586, 3.043637
82.556, 2.998544
82.526, 2.940554
82.495, 2.868979
82.465, 2.783445
82.435, 2.683937
82.404, 2.570796
82.374, 2.444745
82.344, 2.306879
82.313, 2.158660
82.283, 2.001878
82.252, 1.838635
82.222, 1.671293
82.192, 1.502416
82.161, 1.334723
82.131, 1.171008
82.101, 1.014080
82.070, 0.866680
82.040, 0.731431
82.010, 0.610730
81.979, 0.506713
81.949, 0.421180
81.918, 0.355544
81.888, 0.310781
81.858, 0.287406
81.827, 0.285447
81.797, 0.304426
81.767, 0.343385
81.736, 0.400883
81.706, 0.475036
81.676, 0.563557
81.645, 0.663815
81.615, 0.772890
81.584, 0.887661
81.554, 1.004868
81.524, 1.121200
81.493, 1.233388
81.463, 1.338280
81.433, 1.432938
81.402, 1.514699
81.372, 1.581250
81.342, 1.630700
81.311, 1.661619
81.281, 1.673075
81.251, 1.664673
81.220, 1.636550
81.190, 1.589387
81.159, 1.524369
81.129, 1.443177
81.099, 1.347923
81.068, 1.241116
81.038, 1.125553
81.008, 1.004298
80.977, 0.880556
80.947, 0.757602
80.917, 0.638693
80.886, 0.526987
80.856, 0.425442
80.825, 0.336755
80.795, 0.263271
80.765, 0.206948
80.734, 0.169280
80.704, 0.151277
80.674, 0.153438
80.643, 0.175735
80.613, 0.217624
80.583, 0.278064
80.552, 0.355541
80.522, 0.448130
80.491, 0.553536
80.461, 0.669170
80.431, 0.792213
80.400, 0.919706
80.370, 1.048622
80.340, 1.175962
80.309, 1.298818
80.279, 1.414467
80.249, 1.520439
80.218, 1.614575
80.188, 1.695080
80.157, 1.760578
80.127, 1.810126
80.097, 1.843253
80.066, 1.859933
80.036, 1.860602
80.006, 1.846133
79.975, 1.817783
79.945, 1.777176
79.915, 1.726222
79.884, 1.667067
79.854, 1.602035
79.824, 1.533532
79.793, 1.463990
79.763, 1.395796
79.732, 1.331207
79.702, 1.272295
79.672, 1.220892
79.641, 1.178527
79.611, 1.146392
79.581, 1.125318
79.550, 1.115736
79.520, 1.117699
79.490, 1.130861
79.459, 1.154511
79.429, 1.187584
79.398, 1.228719
79.368, 1.276294
79.338, 1.328472
79.307, 1.383277
79.277, 1.438648
79.247, 1.492504
79.216, 1.542807
79.186, 1.587633
79.156, 1.625225
79.125, 1.654048
79.095, 1.672830
79.064, 1.680606
79.034, 1.676749
79.004, 1.660982
78.973, 1.633382
78.943, 1.594385
78.913, 1.544781
78.882, 1.485665
78.852, 1.418422
78.822, 1.344685
78.791, 1.266274
78.761, 1.185166
78.730, 1.103411
78.700, 1.023091
78.670, 0.946247
78.639, 0.874843
78.609, 0.810668
78.579, 0.755327
78.548, 0.710177
78.518, 0.676288
78.488, 0.654414
78.457, 0.644972
78.427, 0.648043
78.397, 0.663349
78.366, 0.690277
78.336, 0.727889
78.305, 0.774956
78.275, 0.829978
78.245, 0.891252
78.214, 0.956891
78.184, 1.024894
78.154, 1.093200
78.123, 1.159733
78.093, 1.222473
78.063, 1.279507
78.032, 1.329086
78.002, 1.369653
77.971, 1.399912
77.941, 1.418849
77.911, 1.425762
77.880, 1.420287
77.850, 1.402394
77.820, 1.372407
77.789, 1.330987
77.759, 1.279113
77.729, 1.218067
77.698, 1.149395
77.668, 1.074868
77.637, 0.996440
77.607, 0.916196
77.577, 0.836303
77.546, 0.758951
77.516, 0.686300
77.486, 0.620427
77.455, 0.563260
77.425, 0.516558
77.395, 0.481827
77.364, 0.460319
77.334, 0.452979
77.304, 0.460424
77.273, 0.482931
77.243, 0.520427
77.212, 0.572488
77.182, 0.638364
77.152, 0.716961
77.121, 0.806924
77.091, 0.906621
77.061, 1.014203
77.030, 1.127658
77.000, 1.244854
76.970, 1.363594
76.939, 1.481673
76.909, 1.596939
76.878, 1.707334
76.848, 1.810980
76.818, 1.906192
76.787, 1.991558
76.757, 2.065938
76.727, 2.128550
76.696, 2.178954
76.666, 2.217054
76.636, 2.243162
76.605, 2.257952
76.575, 2.262461
76.544, 2.258046
76.514, 2.246393
76.484, 2.229450
76.453, 2.209386
76.423, 2.188534
76.393, 2.169348
76.362, 2.154322
76.332, 2.145950
76.302, 2.146631
76.271, 2.158634
76.241, 2.184028
76.210, 2.224624
76.180, 2.281907
76.150, 2.357031
76.119, 2.450753
76.089, 2.563424
76.059, 2.694958
76.028, 2.844837
75.998, 3.012125
75.968, 3.195472
75.937, 3.393141
75.907, 3.603055
75.877, 3.822857
75.846, 4.049927
75.816, 4.281483
75.785, 4.514637
75.755, 4.746457
75.725, 4.974050
75.694, 5.194632
75.664, 5.405595
75.634, 5.604586
75.603, 5.789558
75.573, 5.958820
75.543, 6.111092
75.512, 6.245539
75.482, 6.361776
75.451, 6.459896
75.421, 6.540463
75.391, 6.604503
75.360, 6.653462
75.330, 6.689190
75.300, 6.713865
75.269, 6.729965
75.239, 6.740184
75.209, 6.747359
75.178, 6.754399
75.148, 6.764215
75.117, 6.779639
75.087, 6.803330
75.057, 6.837734
75.026, 6.885006
74.996, 6.946947
74.966, 7.024963
74.935, 7.120041
74.905, 7.232718
74.875, 7.363068
74.844, 7.510703
74.814, 7.674799
74.784, 7.854124
74.753, 8.047077
74.723, 8.251709
74.692, 8.465833
74.662, 8.687058
74.632, 8.912864
74.601, 9.140673
74.571, 9.367926
74.541, 9.592171
74.510, 9.811117
74.480, 10.022681
74.450, 10.225080
74.419, 10.416856
74.389, 10.596914
74.358, 10.764565
74.328, 10.919467
74.298, 11.061767
74.267, 11.191928
74.237, 11.310801
74.207, 11.419585
74.176, 11.519738
74.146, 11.612970
74.116, 11.701141
74.085, 11.786229
74.055, 11.870261
74.024, 11.955225
73.994, 12.043003
73.964, 12.135365
73.933, 12.233822
73.903, 12.339657
73.873, 12.453852
73.842, 12.577050
73.812, 12.709560
73.782, 12.851342
73.751, 13.001992
73.721, 13.160786
73.690, 13.326698
73.660, 13.498436
73.630, 13.674479
73.599, 13.853150
73.569, 14.032617
73.539, 14.211040
73.508, 14.386555
73.478, 14.557351
73.448, 14.721784
73.417, 14.878342
73.387, 15.025733
73.357, 15.162931
73.326, 15.289191
73.296, 15.404080
73.265, 15.507462
73.235, 15.599504
73.205, 15.680691
73.174, 15.751757
73.144, 15.813708
73.114, 15.867722
73.083, 15.915155
73.053, 15.957477
73.023, 15.996187
72.992, 16.032828
72.962, 16.068847
72.931, 16.105633
72.901, 16.144405
72.871, 16.186188
72.840, 16.231831
72.810, 16.281903
72.780, 16.336704
72.749, 16.396295
72.719, 16.460460
72.689, 16.528744
72.658, 16.600431
72.628, 16.674644
72.597, 16.750305
72.567, 16.826225
72.537, 16.901121
72.506, 16.973667
72.476, 17.042582
72.446, 17.106602
72.415, 17.164569
72.385, 17.215468
72.355, 17.258462
72.324, 17.292899
72.294, 17.318333
72.263, 17.334579
72.233, 17.341636
72.203, 17.339773
72.172, 17.329447
72.142, 17.311318
72.112, 17.286184
72.081, 17.255037
72.051, 17.218904
72.021, 17.178900
71.990, 17.136186
71.960, 17.091877
71.930, 17.047031
71.899, 17.002640
71.869, 16.959574
71.838, 16.918556
71.808, 16.880167
71.778, 16.844799
71.747, 16.812701
71.717, 16.783924
71.687, 16.758376
71.656, 16.735829
71.626, 16.715910
71.596, 16.698164
71.565, 16.682063
71.535, 16.667028
71.504, 16.652500
71.474, 16.637910
71.444, 16.622741
71.413, 16.606568
71.383, 16.589018
71.353, 16.569875
71.322, 16.548973
71.292, 16.526322
71.262, 16.501995
71.231, 16.476209
71.201, 16.449213
71.170, 16.421378
71.140, 16.393077
71.110, 16.364715
71.079, 16.336662
71.049, 16.309252
71.019, 16.282741
70.988, 16.257286
70.958, 16.232939
70.928, 16.209584
70.897, 16.186965
70.867, 16.164686
70.837, 16.142180
70.806, 16.118754
70.776, 16.093588
70.745, 16.065774
70.715, 16.034318
70.685, 15.998215
70.654, 15.956473
70.624, 15.908140
70.594, 15.852356
70.563, 15.788429
70.533, 15.715831
70.503, 15.634251
70.472, 15.543627
70.442, 15.444177
70.411, 15.336376
70.381, 15.221032
70.351, 15.099211
70.320, 14.972226
70.290, 14.841671
70.260, 14.709336
70.229, 14.577146
70.199, 14.447160
70.169, 14.321469
70.138, 14.202151
70.108, 14.091195
70.077, 13.990462
70.047, 13.901555
70.017, 13.825843
69.986, 13.764337
69.956, 13.717680
69.926, 13.686109
69.895, 13.669419
69.865, 13.666956
69.835, 13.677645
69.804, 13.699965
69.774, 13.732011
69.743, 13.771528
69.713, 13.815981
69.683, 13.862607
69.652, 13.908499
69.622, 13.950675
69.592, 13.986209
69.561, 14.012274
69.531, 14.026243
69.501, 14.025788
69.470, 14.008963
69.440, 13.974216
69.410, 13.920523
69.379, 13.847376
69.349, 13.754838
69.318, 13.643529
69.288, 13.514661
69.258, 13.369982
69.227, 13.211737
69.197, 13.042637
69.167, 12.865767
69.136, 12.684540
69.106, 12.502568
69.076, 12.323587
69.045, 12.151342
69.015, 11.989517
68.984, 11.841599
68.954, 11.710785
68.924, 11.599932
68.893, 11.511440
68.863, 11.447202
68.833, 11.408544
68.802, 11.396241
68.772, 11.410396
68.742, 11.450565
68.711, 11.515693
68.681, 11.604164
68.650, 11.713858
68.620, 11.842219
68.590, 11.986330
68.559, 12.142981
68.529, 12.308780
68.499, 12.480228
68.468, 12.653839
68.438, 12.826208
68.408, 12.994107
68.377, 13.154577
68.347, 13.304989
68.316, 13.443097
68.286, 13.567092
68.256, 13.675638
68.225, 13.767855
68.195, 13.843371
68.165, 13.902269
68.134, 13.945088
68.104, 13.972716
68.074, 13.986457
68.043, 13.987854
68.013, 13.978686
67.983, 13.960899
67.952, 13.936499
67.922, 13.907516
67.891, 13.875904
67.861, 13.843526
67.831, 13.812049
67.800, 13.782942
67.770, 13.757414
67.740, 13.736388
67.709, 13.720536
67.679, 13.710188
67.649, 13.705459
67.618, 13.706163
67.588, 13.711906
67.557, 13.722119
67.527, 13.736067
67.497, 13.752934
67.466, 13.771828
67.436, 13.791882
67.406, 13.812246
67.375, 13.832155
67.345, 13.850987
67.315, 13.868226
67.284, 13.883530
67.254, 13.896744
67.223, 13.907888
67.193, 13.917118
67.163, 13.924765
67.132, 13.931294
67.102, 13.937254
67.072, 13.943256
67.041, 13.949941
67.011, 13.957939
66.981, 13.967811
66.950, 13.980042
66.920, 13.994994
66.890, 14.012854
66.859, 14.033683
66.829, 14.057327
66.798, 14.083465
66.768, 14.111579
66.738, 14.141018
66.707, 14.170943
66.677, 14.200465
66.647, 14.228600
66.616, 14.254334
66.586, 14.276695
66.556, 14.294783
66.525, 14.307821
66.495, 14.315198
66.464, 14.316512
66.434, 14.311649
66.404, 14.300712
66.373, 14.284166
66.343, 14.262736
66.313, 14.237457
66.282, 14.209664
66.252, 14.180929
66.222, 14.153063
66.191, 14.128011
66.161, 14.107875
66.130, 14.094785
66.100, 14.090833
66.070, 14.098035
66.039, 14.118254
66.009, 14.153083
65.979, 14.203838
65.948, 14.271470
65.918, 14.356537
65.888, 14.459153
65.857, 14.578967
65.827, 14.715141
65.796, 14.866432
65.766, 15.031103
65.736, 15.207022
65.705, 15.391736
65.675, 15.582482
65.645, 15.776312
65.614, 15.970132
65.584, 16.160827
65.554, 16.345313
65.523, 16.520683
65.493, 16.684267
65.463, 16.833706
65.432, 16.967065
65.402, 17.082844
65.371, 17.180080
65.341, 17.258349
65.311, 17.317806
65.280, 17.359134
65.250, 17.383626
65.220, 17.393032
65.189, 17.389597
65.159, 17.375928
65.129, 17.354995
65.098, 17.329943
65.068, 17.304074
65.037, 17.280668
65.007, 17.262964
64.977, 17.253992
64.946, 17.256507
64.916, 17.272877
64.886, 17.305047
64.855, 17.354426
64.825, 17.421881
64.795, 17.507683
64.764, 17.611531
64.734, 17.732504
64.703, 17.869153
64.673, 18.019503
64.643, 18.181152
64.612, 18.351307
64.582, 18.526915
64.552, 18.704748
64.521, 18.881484
64.491, 19.053853
64.461, 19.218721
64.430, 19.373199
64.400, 19.514712
64.369, 19.641149
64.339, 19.750843
64.309, 19.842677
64.278, 19.916135
64.248, 19.971256
64.218, 20.008683
64.187, 20.029606
64.157, 20.035783
64.127, 20.029399
64.096, 20.013008
64.066, 19.989530
64.036, 19.962036
64.005, 19.933715
63.975, 19.907784
63.944, 19.887317
63.914, 19.875189
63.884, 19.873999
63.853, 19.885909
63.823, 19.912668
63.793, 19.955497
63.762, 20.015067
63.732, 20.091484
63.702, 20.184301
63.671, 20.292485
63.641, 20.414544
63.610, 20.548483
63.580, 20.691972
63.550, 20.842343
63.519, 20.996749
63.489, 21.152210
63.459, 21.305778
63.428, 21.454565
63.398, 21.595923
63.368, 21.727471
63.337, 21.847223
63.307, 21.953637
63.276, 22.045637
63.246, 22.122747
63.216, 22.185008
63.185, 22.233021
63.155, 22.267944
63.125, 22.291422
63.094, 22.305557
63.064, 22.312790
63.034, 22.315936
63.003, 22.317922
62.973, 22.321823
62.943, 22.330702
62.912, 22.347516
62.882, 22.374999
62.851, 22.415582
62.821, 22.471304
62.791, 22.543737
62.760, 22.633946
62.730, 22.742409
62.700, 22.869022
62.669, 23.013111
62.639, 23.173405
62.609, 23.348082
62.578, 23.534845
62.548, 23.730993
62.517, 23.933452
62.487, 24.138913
62.457, 24.343919
62.426, 24.544982
62.396, 24.738667
62.366, 24.921725
62.335, 25.091166
62.305, 25.244392
62.275, 25.379221
62.244, 25.494016
62.214, 25.587703
62.183, 25.659794
62.153, 25.710435
62.123, 25.740391
62.092, 25.750977
62.062, 25.744127
62.032, 25.722211
62.001, 25.688064
61.971, 25.644821
61.941, 25.595909
61.910, 25.544844
61.880, 25.495217
61.849, 25.450526
61.819, 25.414113
61.789, 25.389030
61.758, 25.377989
61.728, 25.383246
61.698, 25.406559
61.667, 25.449129
61.637, 25.511576
61.607, 25.593912
61.576, 25.695576
61.546, 25.815401
61.516, 25.951688
61.485, 26.102265
61.455, 26.264525
61.424, 26.435518
61.394, 26.612058
61.364, 26.790780
61.333, 26.968251
61.303, 27.141075
61.273, 27.306015
61.242, 27.460007
61.212, 27.600341
61.182, 27.724625
61.151, 27.830977
61.121, 27.917927
61.090, 27.984586
61.060, 28.030591
61.030, 28.056098
60.999, 28.061820
60.969, 28.048948
60.939, 28.019157
60.908, 27.974528
60.878, 27.917462
60.848, 27.850668
60.817, 27.777035
60.787, 27.699563
60.756, 27.621274
60.726, 27.545157
60.696, 27.474039
60.665, 27.410567
60.635, 27.357091
60.605, 27.315659
60.574, 27.287897
60.544, 27.275045
60.514, 27.277901
60.483, 27.296796
60.453, 27.331636
60.423, 27.381873
60.392, 27.446545
60.362, 27.524338
60.331, 27.613575
60.301, 27.712353
60.271, 27.818508
60.240, 27.929754
60.210, 28.043702
60.180, 28.157990
60.149, 28.270282
60.119, 28.378351
60.089, 28.480202
60.058, 28.574044
60.028, 28.658397
59.997, 28.732113
59.967, 28.794405
59.937, 28.844901
59.906, 28.883611
59.876, 28.910949
59.846, 28.927785
59.815, 28.935318
59.785, 28.935142
59.755, 28.929182
59.724, 28.919641
59.694, 28.908994
59.663, 28.899847
59.633, 28.894983
59.603, 28.897208
59.572, 28.909387
59.542, 28.934262
59.512, 28.974473
59.481, 29.032471
59.451, 29.110440
59.421, 29.210273
59.390, 29.333481
59.360, 29.481213
59.329, 29.654130
59.299, 29.852462
59.269, 30.075968
59.238, 30.323844
59.208, 30.594856
59.178, 30.887246
59.147, 31.198801
59.117, 31.526849
59.087, 31.868328
59.056, 32.219813
59.026, 32.577579
58.996, 32.937653
58.965, 33.295895
58.935, 33.648042
58.904, 33.989832
58.874, 34.317052
58.844, 34.625605
58.813, 34.911621
58.783, 35.171510
58.753, 35.402043
58.722, 35.600426
58.692, 35.764331
58.662, 35.891989
58.631, 35.982219
58.601, 36.034412
58.570, 36.048619
58.540, 36.025524
58.510, 35.966418
58.479, 35.873218
58.449, 35.748396
58.419, 35.594994
58.388, 35.416488
58.358, 35.216770
58.328, 35.000083
58.297, 34.770864
58.267, 34.533740
58.236, 34.293408
58.206, 34.054504
58.176, 33.821519
58.145, 33.598757
58.115, 33.390181
58.085, 33.199363
58.054, 33.029394
58.024, 32.882862
57.994, 32.761755
57.963, 32.667447
57.933, 32.600685
57.902, 32.561561
57.872, 32.549558
57.842, 32.563527
57.811, 32.601782
57.781, 32.662067
57.751, 32.741753
57.720, 32.837778
57.690, 32.946831
57.660, 33.065383
57.629, 33.189812
57.599, 33.316486
57.569, 33.441888
57.538, 33.562665
57.508, 33.675742
57.477, 33.778390
57.447, 33.868321
57.417, 33.943713
57.386, 34.003242
57.356, 34.046164
57.326, 34.072260
57.295, 34.081914
57.265, 34.076006
57.235, 34.055942
57.204, 34.023596
57.174, 33.981233
57.143, 33.931472
57.113, 33.877157
57.083, 33.821353
57.052, 33.767173
57.022, 33.717753
56.992, 33.676136
56.961, 33.645197
56.931, 33.627544
56.901, 33.625505
56.870, 33.640995
56.840, 33.675556
56.809, 33.730212
56.779, 33.805552
56.749, 33.901650
56.718, 34.018132
56.688, 34.154130
56.658, 34.308370
56.627, 34.479187
56.597, 34.664595
56.567, 34.862305
56.536, 35.069877
56.506, 35.284702
56.476, 35.504132
56.445, 35.725528
56.415, 35.946355
56.384, 36.164222
56.354, 36.376916
56.324, 36.582532
56.293, 36.779456
56.263, 36.966384
56.233, 37.142375
56.202, 37.306859
56.172, 37.459599
56.142, 37.600709
56.111, 37.730612
56.081, 37.850022
56.050, 37.959903
56.020, 38.061381
55.990, 38.155751
55.959, 38.244388
55.929, 38.328720
55.899, 38.410134
55.868, 38.489955
55.838, 38.569435
55.808, 38.649649
55.777, 38.731519
55.747, 38.815748
55.716, 38.902864
55.686, 38.993166
55.656, 39.086739
55.625, 39.183499
55.595, 39.283208
55.565, 39.385462
55.534, 39.489766
55.504, 39.595559
55.474, 39.702263
55.443, 39.809339
55.413, 39.916260
55.382, 40.022643
55.352, 40.128219
55.322, 40.232905
55.291, 40.336753
55.261, 40.440073
55.231, 40.543342
55.200, 40.647252
55.170, 40.752662
55.140, 40.860649
55.109, 40.972371
55.079, 41.089153
55.049, 41.212320
55.018, 41.343268
54.988, 41.483343
54.957, 41.633817
54.927, 41.795828
54.897, 41.970340
54.866, 42.158116
54.836, 42.359645
54.806, 42.575143
54.775, 42.804527
54.745, 43.047394
54.715, 43.303020
54.684, 43.570369
54.654, 43.848107
54.623, 44.134651
54.593, 44.428190
54.563, 44.726686
54.532, 45.028027
54.502, 45.329968
54.472, 45.630284
54.441, 45.926783
54.411, 46.217331
54.381, 46.500005
54.350, 46.773077
54.320, 47.035046
54.289, 47.284742
54.259, 47.521297
54.229, 47.744204
54.198, 47.953286
54.168, 48.148720
54.138, 48.331033
54.107, 48.501054
54.077, 48.659878
54.047, 48.808821
54.016, 48.949402
53.986, 49.083248
53.955, 49.212033
53.925, 49.337425
53.895, 49.461016
53.864, 49.584275
53.834, 49.708446
53.804, 49.834572
53.773, 49.963337
53.743, 50.095154
53.713, 50.230076
53.682, 50.367750
53.652, 50.507504
53.622, 50.648313
53.591, 50.788781
53.561, 50.927282
53.530, 51.061904
53.500, 51.190565
53.470, 51.311083
53.439, 51.421181
53.409, 51.518634
53.379, 51.601311
53.348, 51.667225
53.318, 51.714658
53.288, 51.742182
53.257, 51.748722
53.227, 51.733594
53.196, 51.696570
53.166, 51.637848
53.136, 51.558110
53.105, 51.458484
53.075, 51.340511
53.045, 51.206149
53.014, 51.057692
52.984, 50.897720
52.954, 50.729024
52.923, 50.554492
52.893, 50.377135
52.862, 50.199871
52.832, 50.025515
52.802, 49.856633
52.771, 49.695543
52.741, 49.544148
52.711, 49.403939
52.680, 49.275908
52.650, 49.160523
52.620, 49.057679
52.589, 48.966734
52.559, 48.886437
52.529, 48.815039
52.498, 48.750295
52.468, 48.689503
52.437, 48.629560
52.407, 48.567092
52.377, 48.498508
52.346, 48.420095
52.316, 48.328115
52.286, 48.218918
52.255, 48.089046
52.225, 47.935312
52.195, 47.754882
52.164, 47.545397
52.134, 47.304992
52.103, 47.032386
52.073, 46.726906
52.043, 46.388490
52.012, 46.017738
51.982, 45.615860
51.952, 45.184688
51.921, 44.726603
51.891, 44.244470
51.861, 43.741590
51.830, 43.221647
51.800, 42.688510
51.769, 42.146268
51.739, 41.599070
51.709, 41.050981
51.678, 40.505977
51.648, 39.967780
51.618, 39.439828
51.587, 38.925131
51.557, 38.426297
51.527, 37.945395
51.496, 37.484009
51.466, 37.043121
51.435, 36.623187
51.405, 36.224114
51.375, 35.845311
51.344, 35.485672
51.314, 35.143717
51.284, 34.817573
51.253, 34.505098
51.223, 34.203922
51.193, 33.911584
51.162, 33.625547
51.132, 33.343328
51.102, 33.062547
51.071, 32.781022
51.041, 32.496827
51.010, 32.208317
50.980, 31.914219
50.950, 31.613623
50.919, 31.306032
50.889, 30.991322
50.859, 30.669783
50.828, 30.342066
50.798, 30.009175
50.768, 29.672383
50.737, 29.333232
50.707, 28.993461
50.676, 28.654920
50.646, 28.319536
50.616, 27.989242
50.585, 27.665882
50.555, 27.351203
50.525, 27.046778
50.494, 26.753943
50.464, 26.473783
50.434, 26.207117
50.403, 25.954420
50.373, 25.715878
50.342, 25.491357
50.312, 25.280423
50.282, 25.082391
50.251, 24.896312
50.221, 24.721024
50.191, 24.555226
50.160, 24.397488
50.130, 24.246341
50.100, 24.100296
50.069, 23.957883
50.039, 23.817777
50.008, 23.678737
49.978, 23.539729
49.948, 23.399892
49.917, 23.258638
49.887, 23.115583
49.857, 22.970614
49.826, 22.823855
49.796, 22.675657
49.766, 22.526622
49.735, 22.377503
49.705, 22.229223
49.675, 22.082837
49.644, 21.939430
49.614, 21.800173
49.583, 21.666183
49.553, 21.538535
49.523, 21.418183
49.492, 21.305954
49.462, 21.202509
49.432, 21.108264
49.401, 21.023456
49.371, 20.948043
49.341, 20.881767
49.310, 20.824090
49.280, 20.774256
49.249, 20.731303
49.219, 20.694031
49.189, 20.661106
49.158, 20.631036
49.128, 20.602228
49.098, 20.573048
49.067, 20.541819
49.037, 20.506917
49.007, 20.466748
48.976, 20.419842
48.946, 20.364876
48.915, 20.300649
48.885, 20.226219
48.855, 20.140780
48.824, 20.043813
48.794, 19.934988
48.764, 19.814253
48.733, 19.681742
48.703, 19.537818
48.673, 19.383060
48.642, 19.218224
48.612, 19.044199
48.582, 18.862020
48.551, 18.672826
48.521, 18.477806
48.490, 18.278192
48.460, 18.075235
48.430, 17.870126
48.399, 17.664034
48.369, 17.458025
48.339, 17.253092
48.308, 17.050094
48.278, 16.849745
48.248, 16.652635
48.217, 16.459188
48.187, 16.269693
48.156, 16.084265
48.126, 15.902873
48.096, 15.725361
48.065, 15.551419
48.035, 15.380653
48.005, 15.212516
47.974, 15.046438
47.944, 14.881726
47.914, 14.717666
47.883, 14.553512
47.853, 14.388490
47.822, 14.221853
47.792, 14.052878
47.762, 13.880891
47.731, 13.705263
47.701, 13.525485
47.671, 13.341102
47.640, 13.151783
47.610, 12.957343
47.580, 12.757718
47.549, 12.552971
47.519, 12.343320
47.488, 12.129177
47.458, 11.911062
47.428, 11.689676
47.397, 11.465890
47.367, 11.240676
47.337, 11.015182
47.306, 10.790672
47.276, 10.568520
47.246, 10.350156
47.215, 10.137118
47.185, 9.930952
47.155, 9.733216
47.124, 9.545451
47.094, 9.369130
47.063, 9.205648
47.033, 9.056258
47.003, 8.922066
46.972, 8.803979
46.942, 8.702688
46.912, 8.618629
46.881, 8.551975
46.851, 8.502609
46.821, 8.470121
46.790, 8.453806
46.760, 8.452650
46.729, 8.465377
46.699, 8.490431
46.669, 8.526045
46.638, 8.570227
46.608, 8.620856
46.578, 8.675705
46.547, 8.732479
46.517, 8.788918
46.487, 8.842823
46.456, 8.892133
46.426, 8.934986
46.395, 8.969781
46.365, 8.995228
46.335, 9.010405
46.304, 9.014783
46.274, 9.008282
46.244, 8.991280
46.213, 8.964623
46.183, 8.929618
46.153, 8.888024
46.122, 8.842031
46.092, 8.794206
46.062, 8.747426
46.031, 8.704861
46.001, 8.669854
45.970, 8.645855
45.940, 8.636338
45.910, 8.644713
45.879, 8.674231
45.849, 8.727889
45.819, 8.808350
45.788, 8.917873
45.758, 9.058223
45.728, 9.230652
45.697, 9.435790
45.667, 9.673682
45.636, 9.943747
45.606, 10.244771
45.576, 10.574925
45.545, 10.931843
45.515, 11.312601
45.485, 11.713848
45.454, 12.131868
45.424, 12.562636
45.394, 13.001961
45.363, 13.445550
45.333, 13.889138
45.302, 14.328588
45.272, 14.759998
45.242, 15.179756
45.211, 15.584696
45.181, 15.972098
45.151, 16.339787
45.120, 16.686192
45.090, 17.010328
45.060, 17.311835
45.029, 17.590970
44.999, 17.848583
44.968, 18.086059
44.938, 18.305261
44.908, 18.508486
44.877, 18.698374
44.847, 18.877780
44.817, 19.049735
44.786, 19.217324
44.756, 19.383567
44.726, 19.551394
44.695, 19.723463
44.665, 19.902145
44.635, 20.089476
44.604, 20.287032
44.574, 20.495948
44.543, 20.716889
44.513, 20.950040
44.483, 21.195080
44.452, 21.451285
44.422, 21.717496
44.392, 21.992234
44.361, 22.273676
44.331, 22.559858
44.301, 22.848617
44.270, 23.137768
44.240, 23.425119
44.209, 23.708600
44.179, 23.986297
44.149, 24.256554
44.118, 24.517975
44.088, 24.769492
44.058, 25.010393
44.027, 25.240347
43.997, 25.459352
43.967, 25.667772
43.936, 25.866290
43.906, 26.055857
43.875, 26.237632
43.845, 26.412940
43.815, 26.583209
43.784, 26.749887
43.754, 26.914361
43.724, 27.077924
43.693, 27.241664
43.663, 27.406469
43.633, 27.572909
43.602, 27.741295
43.572, 27.911574
43.541, 28.083364
43.511, 28.255961
43.481, 28.428361
43.450, 28.599302
43.420, 28.767305
43.390, 28.930724
43.359, 29.087841
43.329, 29.236928
43.299, 29.376340
43.268, 29.504546
43.238, 29.620273
43.208, 29.722528
43.177, 29.810668
43.147, 29.884477
43.116, 29.944162
43.086, 29.990394
43.056, 30.024334
43.025, 30.047575
42.995, 30.062154
42.965, 30.070505
42.934, 30.075337
42.904, 30.079673
42.874, 30.086637
42.843, 30.099457
42.813, 30.121311
42.782, 30.155251
42.752, 30.204071
42.722, 30.270254
42.691, 30.355849
42.661, 30.462397
42.631, 30.590862
42.600, 30.741626
42.570, 30.914398
42.540, 31.108260
42.509, 31.321636
42.479, 31.552335
42.448, 31.797654
42.418, 32.054356
42.388, 32.318828
42.357, 32.587171
42.327, 32.855286
42.297, 33.119004
42.266, 33.374236
42.236, 33.617082
42.206, 33.843900
42.175, 34.051524
42.145, 34.237241
42.115, 34.398984
42.084, 34.535333
42.054, 34.645597
42.023, 34.729794
41.993, 34.788724
41.963, 34.823905
41.932, 34.837533
41.902, 34.832401
41.872, 34.811902
41.841, 34.779825
41.811, 34.740297
41.781, 34.697665
41.750, 34.656348
41.720, 34.620711
41.689, 34.594935
41.659, 34.582901
41.629, 34.588054
41.598, 34.613333
41.568, 34.661056
41.538, 34.732857
41.507, 34.829669
41.477, 34.951646
41.447, 35.098219
41.416, 35.268063
41.386, 35.459161
41.355, 35.668885
41.325, 35.894037
41.295, 36.130965
41.264, 36.375653
41.234, 36.623870
41.204, 36.871228
41.173, 37.113371
41.143, 37.346045
41.113, 37.565248
41.082, 37.767252
41.052, 37.948831
41.021, 38.107179
40.991, 38.240093
40.961, 38.345969
40.930, 38.423773
40.900, 38.473120
40.870, 38.494229
40.839, 38.487876
40.809, 38.455364
40.779, 38.398431
40.748, 38.319252
40.718, 38.220247
40.688, 38.104065
40.657, 37.973499
40.627, 37.831386
40.596, 37.680498
40.566, 37.523495
40.536, 37.362860
40.505, 37.200828
40.475, 37.039334
40.445, 36.880023
40.414, 36.724179
40.384, 36.572763
40.354, 36.426387
40.323, 36.285392
40.293, 36.149777
40.262, 36.019367
40.232, 35.893768
40.202, 35.772443
40.171, 35.654751
40.141, 35.540038
40.111, 35.427653
40.080, 35.316955
40.050, 35.207426
40.020, 35.098664
39.989, 34.990356
39.959, 34.882369
39.928, 34.774672
39.898, 34.667378
39.868, 34.560674
39.837, 34.454850
39.807, 34.350226
39.777, 34.247113
39.746, 34.145759
39.716, 34.046402
39.686, 33.949073
39.655, 33.853689
39.625, 33.759992
39.594, 33.667506
39.564, 33.575506
39.534, 33.483102
39.503, 33.389167
39.473, 33.292377
39.443, 33.191281
39.412, 33.084288
39.382, 32.969751
39.352, 32.846004
39.321, 32.711476
39.291, 32.564655
39.261, 32.404258
39.230, 32.229239
39.200, 32.038855
39.169, 31.832711
39.139, 31.610819
39.109, 31.373633
39.078, 31.122022
39.048, 30.857311
39.018, 30.581270
38.987, 30.296050
38.957, 30.004208
38.927, 29.708569
38.896, 29.412195
38.866, 29.118335
38.835, 28.830270
38.805, 28.551310
38.775, 28.284603
38.744, 28.033116
38.714, 27.799489
38.684, 27.585989
38.653, 27.394425
38.623, 27.226081
38.593, 27.081670
38.562, 26.961297
38.532, 26.864475
38.501, 26.790108
38.471, 26.736476
38.441, 26.701378
38.410, 26.682090
38.380, 26.675488
38.350, 26.678137
38.319, 26.686374
38.289, 26.696431
38.259, 26.704502
38.228, 26.706934
38.198, 26.700239
38.168, 26.681283
38.137, 26.647322
38.107, 26.596081
38.076, 26.525883
38.046, 26.435611
38.016, 26.324810
37.985, 26.193665
37.955, 26.043005
37.925, 25.874257
37.894, 25.689430
37.864, 25.491036
37.834, 25.282016
37.803, 25.065639
37.773, 24.845443
37.742, 24.625092
37.712, 24.408301
37.682, 24.198681
37.651, 23.999708
37.621, 23.814580
37.591, 23.646122
37.560, 23.496766
37.530, 23.368456
37.500, 23.262611
37.469, 23.180090
37.439, 23.121222
37.408, 23.085803
37.378, 23.073065
37.348, 23.081819
37.317, 23.110430
37.287, 23.156921
37.257, 23.219058
37.226, 23.294388
37.196, 23.380387
37.166, 23.474467
37.135, 23.574145
37.105, 23.677061
37.074, 23.781064
37.044, 23.884291
37.014, 23.985159
36.983, 24.082478
36.953, 24.175419
36.923, 24.263539
36.892, 24.346754
36.862, 24.425354
36.832, 24.499918
36.801, 24.571347
36.771, 24.640738
36.741, 24.709363
36.710, 24.778598
36.680, 24.849861
36.649, 24.924540
36.619, 25.003947
36.589, 25.089241
36.558, 25.181397
36.528, 25.281147
36.498, 25.388979
36.467, 25.505068
36.437, 25.629321
36.407, 25.761345
36.376, 25.900457
36.346, 26.045726
36.315, 26.195993
36.285, 26.349913
36.255, 26.506006
36.224, 26.662678
36.194, 26.818325
36.164, 26.971324
36.133, 27.120132
36.103, 27.263311
36.073, 27.399567
36.042, 27.527815
36.012, 27.647153
35.981, 27.756951
35.951, 27.856825
35.921, 27.946642
35.890, 28.026525
35.860, 28.096857
35.830, 28.158238
35.799, 28.211487
35.769, 28.257596
35.739, 28.297723
35.708, 28.333122
35.678, 28.365158
35.648, 28.395239
35.617, 28.424812
35.587, 28.455285
35.556, 28.488087
35.526, 28.524562
35.496, 28.566004
35.465, 28.613654
35.435, 28.668631
35.405, 28.731989
35.374, 28.804691
35.344, 28.887616
35.314, 28.981540
35.283, 29.087189
35.253, 29.205182
35.222, 29.336078
35.192, 29.480364
35.162, 29.638454
35.131, 29.810647
35.101, 29.997182
35.071, 30.198204
35.040, 30.413702
35.010, 30.643603
34.980, 30.887629
34.949, 31.145366
34.919, 31.416244
34.888, 31.699477
34.858, 31.994081
34.828, 32.298899
34.797, 32.612554
34.767, 32.933493
34.737, 33.259978
34.706, 33.590127
34.676, 33.921952
34.646, 34.253383
34.615, 34.582332
34.585, 34.906748
34.554, 35.224686
34.524, 35.534367
34.494, 35.834249
34.463, 36.123080
34.433, 36.400022
34.403, 36.664629
34.372, 36.916995
34.342, 37.157731
34.312, 37.388015
34.281, 37.609649
34.251, 37.825002
34.221, 38.037054
34.190, 38.249313
34.160, 38.465815
34.129, 38.690998
34.099, 38.929664
34.069, 39.186883
34.038, 39.467808
34.008, 39.777634
33.978, 40.121390
33.947, 40.503866
33.917, 40.929408
33.887, 41.401825
33.856, 41.924252
33.826, 42.498985
33.795, 43.127463
33.765, 43.810090
33.735, 44.546245
33.704, 45.334159
33.674, 46.170995
33.644, 47.052802
33.613, 47.974540
33.583, 48.930197
33.553, 49.912830
33.522, 50.914752
33.492, 51.927558
33.461, 52.942424
33.431, 53.950119
33.401, 54.941351
33.370, 55.906797
33.340, 56.837434
33.310, 57.724591
33.279, 58.560206
33.249, 59.336944
33.219, 60.048389
33.188, 60.689088
33.158, 61.254705
33.127, 61.742084
33.097, 62.149219
33.067, 62.475394
33.036, 62.721034
33.006, 62.887733
32.976, 62.978160
32.945, 62.995968
32.915, 62.945658
32.885, 62.832477
32.854, 62.662219
32.824, 62.441154
32.794, 62.175781
32.763, 61.872733
32.733, 61.538590
32.702, 61.179768
32.672, 60.802373
32.642, 60.412064
32.611, 60.014056
32.581, 59.612923
32.551, 59.212660
32.520, 58.816587
32.490, 58.427416
32.460, 58.047186
32.429, 57.677385
32.399, 57.318967
32.368, 56.972418
32.338, 56.637851
32.308, 56.315101
32.277, 56.003805
32.247, 55.703520
32.217, 55.413747
32.186, 55.134116
32.156, 54.864324
32.126, 54.604332
32.095, 54.354294
32.065, 54.114645
32.034, 53.886089
32.004, 53.669608
31.974, 53.466413
31.943, 53.277922
31.913, 53.105698
31.883, 52.951406
31.852, 52.816733
31.822, 52.703282
31.792, 52.612565
31.761, 52.545865
31.731, 52.504185
31.701, 52.488229
31.670, 52.498266
31.640, 52.534172
31.609, 52.595378
31.579, 52.680849
31.549, 52.789115
31.518, 52.918283
31.488, 53.066067
31.458, 53.229858
31.427, 53.406822
31.397, 53.593895
31.367, 53.787942
31.336, 53.985797
31.306, 54.184398
31.275, 54.380804
31.245, 54.572337
31.215, 54.756617
31.184, 54.931656
31.154, 55.095861
31.124, 55.248104
31.093, 55.387703
31.063, 55.514450
31.033, 55.628542
31.002, 55.730620
30.972, 55.821658
30.941, 55.902917
30.911, 55.975867
30.881, 56.042091
30.850, 56.103245
30.820, 56.160881
30.790, 56.216458
30.759, 56.271186
30.729, 56.325976
30.699, 56.381356
30.668, 56.437460
30.638, 56.493979
30.607, 56.550083
30.577, 56.604521
30.547, 56.655566
30.516, 56.701064
30.486, 56.738522
30.456, 56.765136
30.425, 56.777863
30.395, 56.773559
30.365, 56.749035
30.334, 56.701198
30.304, 56.627079
30.274, 56.524038
30.243, 56.389748
30.213, 56.222356
30.182, 56.020496
30.152, 55.783403
30.122, 55.510911
30.091, 55.203434
30.061, 54.862079
30.031, 54.488502
30.000, 54.084958
29.970, 53.654200
29.940, 53.199467
29.909, 52.724298
29.879, 52.232562
29.848, 51.728265
29.818, 51.215492
29.788, 50.698312
29.757, 50.180645
29.727, 49.666207
29.697, 49.158350
29.666, 48.660116
29.636, 48.174072
29.606, 47.702296
29.575, 47.246373
29.545, 46.807379
29.514, 46.385882
29.484, 45.981977
29.454, 45.595299
29.423, 45.225137
29.393, 44.870454
29.363, 44.529938
29.332, 44.202169
29.302, 43.885607
29.272, 43.578719
29.241, 43.280058
29.211, 42.988310
29.180, 42.702386
29.150, 42.421440
29.120, 42.144934
29.089, 41.872628
29.059, 41.604626
29.029, 41.341354
28.998, 41.083514
28.968, 40.832090
28.938, 40.588271
28.907, 40.353423
28.877, 40.129016
28.847, 39.916508
28.816, 39.717401
28.786, 39.533029
28.755, 39.364591
28.725, 39.213041
28.695, 39.079092
28.664, 38.963117
28.634, 38.865188
28.604, 38.784984
28.573, 38.721885
28.543, 38.674918
28.513, 38.642809
28.482, 38.624039
28.452, 38.616868
28.421, 38.619434
28.391, 38.629751
28.361, 38.645851
28.330, 38.665843
28.300, 38.687945
28.270, 38.710586
28.239, 38.732419
28.209, 38.752441
28.179, 38.769960
28.148, 38.784664
28.118, 38.796594
28.087, 38.806186
28.057, 38.814206
28.027, 38.821749
27.996, 38.830182
27.966, 38.841047
27.936, 38.856113
27.905, 38.877160
27.875, 38.905978
27.845, 38.944316
27.814, 38.993715
27.784, 39.055552
27.754, 39.130872
27.723, 39.220409
27.693, 39.324495
27.662, 39.443077
27.632, 39.575650
27.602, 39.721333
27.571, 39.878812
27.541, 40.046442
27.511, 40.222237
27.480, 40.403971
27.450, 40.589243
27.420, 40.775551
27.389, 40.960368
27.359, 41.141264
27.328, 41.315930
27.298, 41.482370
27.268, 41.638846
27.237, 41.784042
27.207, 41.917091
27.177, 42.037599
27.146, 42.145699
27.116, 42.242035
27.086, 42.327785
27.055, 42.404595
27.025, 42.474575
26.994, 42.540220
26.964, 42.604375
26.934, 42.670112
26.903, 42.740641
26.873, 42.819293
26.843, 42.909327
26.812, 43.013878
26.782, 43.135897
26.752, 43.278030
26.721, 43.442536
26.691, 43.631254
26.660, 43.845572
26.630, 44.086328
26.600, 44.353864
26.569, 44.647993
26.539, 44.968032
26.509, 45.312812
26.478, 45.680739
26.448, 46.069879
26.418, 46.477965
26.387, 46.902545
26.357, 47.341002
26.327, 47.790675
26.296, 48.248936
26.266, 48.713220
26.235, 49.181177
26.205, 49.650665
26.175, 50.119812
26.144, 50.587097
26.114, 51.051287
26.084, 51.511515
26.053, 51.967272
26.023, 52.418352
25.993, 52.864787
25.962, 53.306916
25.932, 53.745196
25.901, 54.180238
25.871, 54.612682
25.841, 55.043171
25.810, 55.472232
25.780, 55.900258
25.750, 56.327435
25.719, 56.753640
25.689, 57.178520
25.659, 57.601310
25.628, 58.020934
25.598, 58.435963
25.567, 58.844619
25.537, 59.244799
25.507, 59.634105
25.476, 60.009948
25.446, 60.369504
25.416, 60.709897
25.385, 61.028156
25.355, 61.321374
25.325, 61.586716
25.294, 61.821554
25.264, 62.023486
25.233, 62.190392
25.203, 62.320512
25.173, 62.412491
25.142, 62.465336
25.112, 62.478550
25.082, 62.452039
25.051, 62.386115
25.021, 62.281522
24.991, 62.139358
24.960, 61.961069
24.930, 61.748386
24.900, 61.503232
24.869, 61.227750
24.839, 60.924174
24.808, 60.594801
24.778, 60.241960
24.748, 59.867887
24.717, 59.474784
24.687, 59.064731
24.657, 58.639655
24.626, 58.201333
24.596, 57.751411
24.566, 57.291370
24.535, 56.822544
24.505, 56.346185
24.474, 55.863431
24.444, 55.375399
24.414, 54.883157
24.383, 54.387789
24.353, 53.890466
24.323, 53.392418
24.292, 52.894950
24.262, 52.399530
24.232, 51.907701
24.201, 51.421222
24.171, 50.941852
24.140, 50.471535
24.110, 50.012219
24.080, 49.565888
24.049, 49.134478
24.019, 48.719873
23.989, 48.323780
23.958, 47.947719
23.928, 47.592923
23.898, 47.260311
23.867, 46.950423
23.837, 46.663383
23.807, 46.398817
23.776, 46.155939
23.746, 45.933405
23.715, 45.729435
23.685, 45.541761
23.655, 45.367695
23.624, 45.204173
23.594, 45.047842
23.564, 44.895071
23.533, 44.742155
23.503, 44.585276
23.473, 44.420719
23.442, 44.244904
23.412, 44.054530
23.381, 43.846648
23.351, 43.618795
23.321, 43.368996
23.290, 43.095914
23.260, 42.798867
23.230, 42.477855
23.199, 42.133582
23.169, 41.767486
23.139, 41.381637
23.108, 40.978797
23.078, 40.562246
23.047, 40.135804
23.017, 39.703670
22.987, 39.270346
22.956, 38.840520
22.926, 38.418930
22.896, 38.010264
22.865, 37.619034
22.835, 37.249441
22.805, 36.905292
22.774, 36.589909
22.744, 36.306025
22.713, 36.055738
22.683, 35.840479
22.653, 35.660949
22.622, 35.517170
22.592, 35.408438
22.562, 35.333428
22.531, 35.290207
22.501, 35.276300
22.471, 35.288810
22.440, 35.324488
22.410, 35.379848
22.380, 35.451256
22.349, 35.535081
22.319, 35.627754
22.288, 35.725900
22.258, 35.826447
22.228, 35.926632
22.197, 36.024178
22.167, 36.117223
22.137, 36.204474
22.106, 36.285123
22.076, 36.358911
22.046, 36.426066
22.015, 36.487313
21.985, 36.543770
21.954, 36.596925
21.924, 36.648549
21.894, 36.700618
21.863, 36.755232
21.833, 36.814523
21.803, 36.880572
21.772, 36.955333
21.742, 37.040555
21.712, 37.137729
21.681, 37.248023
21.651, 37.372235
21.620, 37.510799
21.590, 37.663767
21.560, 37.830765
21.529, 38.011071
21.499, 38.203618
21.469, 38.407051
21.438, 38.619713
21.408, 38.839816
21.378, 39.065413
21.347, 39.294476
21.317, 39.525009
21.287, 39.755056
21.256, 39.982784
21.226, 40.206540
21.195, 40.424883
21.165, 40.636635
21.135, 40.840864
21.104, 41.036940
21.074, 41.224489
21.044, 41.403450
21.013, 41.573977
20.983, 41.736464
20.953, 41.891450
20.922, 42.039668
20.892, 42.181895
20.861, 42.318958
20.831, 42.451686
20.801, 42.580844
20.770, 42.707095
20.740, 42.830955
20.710, 42.952807
20.679, 43.072818
20.649, 43.190945
20.619, 43.306993
20.588, 43.420526
20.558, 43.530976
20.527, 43.637587
20.497, 43.739500
20.467, 43.835773
20.436, 43.925424
20.406, 44.007490
20.376, 44.081041
20.345, 44.145258
20.315, 44.199448
20.285, 44.243083
20.254, 44.275843
20.224, 44.297584
20.193, 44.308449
20.163, 44.308769
20.133, 44.299074
20.102, 44.280127
20.072, 44.252841
20.042, 44.218270
20.011, 44.177542
19.981, 44.131857
19.951, 44.082365
19.920, 44.030172
19.890, 43.976262
19.860, 43.921461
19.829, 43.866360
19.799, 43.811311
19.768, 43.756366
19.738, 43.701276
19.708, 43.645461
19.677, 43.588022
19.647, 43.527737
19.617, 43.463106
19.586, 43.392371
19.556, 43.313533
19.526, 43.224420
19.495, 43.122786
19.465, 43.006294
19.434, 42.872645
19.404, 42.719594
19.374, 42.545083
19.343, 42.347238
19.313, 42.124435
19.283, 41.875411
19.252, 41.599204
19.222, 41.295256
19.192, 40.963431
19.161, 40.604009
19.131, 40.217642
19.100, 39.805417
19.070, 39.368792
19.040, 38.909527
19.009, 38.429722
18.979, 37.931675
18.949, 37.417909
18.918, 36.891054
18.888, 36.353810
18.858, 35.808919
18.827, 35.259040
18.797, 34.706771
18.766, 34.154533
18.736, 33.604624
18.706, 33.059091
18.675, 32.519778
18.645, 31.988276
18.615, 31.465995
18.584, 30.954040
18.554, 30.453374
18.524, 29.964753
18.493, 29.488756
18.463, 29.025849
18.433, 28.576445
18.402, 28.140844
18.372, 27.719399
18.341, 27.312431
18.311, 26.920342
18.281, 26.543557
18.250, 26.182655
18.220, 25.838238
18.190, 25.511069
18.159, 25.201916
18.129, 24.911719
18.099, 24.641359
18.068, 24.391817
18.038, 24.163996
18.007, 23.958773
17.977, 23.776915
17.947, 23.619022
17.916, 23.485539
17.886, 23.376651
17.856, 23.292309
17.825, 23.232158
17.795, 23.195549
17.765, 23.181486
17.734, 23.188678
17.704, 23.215520
17.673, 23.260076
17.643, 23.320185
17.613, 23.393425
17.582, 23.477219
17.552, 23.568826
17.522, 23.665462
17.491, 23.764322
17.461, 23.862655
17.431, 23.957821
17.400, 24.047389
17.370, 24.129124
17.340, 24.201123
17.309, 24.261759
17.279, 24.309823
17.248, 24.344446
17.218, 24.365193
17.188, 24.372002
17.157, 24.365214
17.127, 24.345512
17.097, 24.313952
17.066, 24.271817
17.036, 24.220679
17.006, 24.162268
16.975, 24.098423
16.945, 24.031050
16.914, 23.962063
16.884, 23.893263
16.854, 23.826376
16.823, 23.762884
16.793, 23.704099
16.763, 23.651027
16.732, 23.604432
16.702, 23.564708
16.672, 23.532009
16.641, 23.506120
16.611, 23.486573
16.580, 23.472614
16.550, 23.463271
16.520, 23.457362
16.489, 23.453585
16.459, 23.450491
16.429, 23.446652
16.398, 23.440578
16.368, 23.430883
16.338, 23.416251
16.307, 23.395536
16.277, 23.367732
16.246, 23.332054
16.216, 23.287921
16.186, 23.235025
16.155, 23.173229
16.125, 23.102669
16.095, 23.023635
16.064, 22.936684
16.034, 22.842429
16.004, 22.741685
15.973, 22.635323
15.943, 22.524263
15.913, 22.409457
15.882, 22.291805
15.852, 22.172208
15.821, 22.051411
15.791, 21.930128
15.761, 21.808917
15.730, 21.688223
15.700, 21.568347
15.670, 21.449495
15.639, 21.331750
15.609, 21.215102
15.579, 21.099479
15.548, 20.984766
15.518, 20.870829
15.487, 20.757545
15.457, 20.644891
15.427, 20.532817
15.396, 20.421446
15.366, 20.310966
15.336, 20.201696
15.305, 20.094060
15.275, 19.988619
15.245, 19.886002
15.214, 19.786914
15.184, 19.692100
15.153, 19.602335
15.123, 19.518323
15.093, 19.440707
15.062, 19.369960
15.032, 19.306395
15.002, 19.250074
14.971, 19.200799
14.941, 19.158053
14.911, 19.120937
14.880, 19.088218
14.850, 19.058282
14.819, 19.029133
14.789, 18.998411
14.759, 18.963457
14.728, 18.921302
14.698, 18.868767
14.668, 18.802543
14.637, 18.719193
14.607, 18.615356
14.577, 18.487740
14.546, 18.333292
14.516, 18.149251
14.486, 17.933288
14.455, 17.683560
14.425, 17.398806
14.394, 17.078415
14.364, 16.722512
14.334, 16.331954
14.303, 15.908398
14.273, 15.454276
14.243, 14.972795
14.212, 14.467866
14.182, 13.944094
14.152, 13.406684
14.121, 12.861328
14.091, 12.314088
14.060, 11.771318
14.030, 11.239475
14.000, 10.725037
13.969, 10.234263
13.939, 9.773178
13.909, 9.347318
13.878, 8.961680
13.848, 8.620544
13.818, 8.327425
13.787, 8.084937
13.757, 7.894786
13.726, 7.757676
13.696, 7.673334
13.666, 7.640480
13.635, 7.656911
13.605, 7.719498
13.575, 7.824324
13.544, 7.966726
13.514, 8.141464
13.484, 8.342812
13.453, 8.564721
13.423, 8.800959
13.393, 9.045257
13.362, 9.291479
13.332, 9.533753
13.301, 9.766590
13.271, 9.985042
13.241, 10.184773
13.210, 10.362190
13.180, 10.514444
13.150, 10.639577
13.119, 10.736409
13.089, 10.804672
13.059, 10.844872
13.028, 10.858344
12.998, 10.847076
12.967, 10.813747
12.937, 10.761492
12.907, 10.693932
12.876, 10.614908
12.846, 10.528496
12.816, 10.438752
12.785, 10.349680
12.755, 10.265094
12.725, 10.188457
12.694, 10.122844
12.664, 10.070833
12.633, 10.034436
12.603, 10.015074
12.573, 10.013503
12.542, 10.029867
12.512, 10.063649
12.482, 10.113739
12.451, 10.178455
12.421, 10.255625
12.391, 10.342643
12.360, 10.436579
12.330, 10.534218
12.299, 10.632251
12.269, 10.727252
12.239, 10.815899
12.208, 10.894975
12.178, 10.961509
12.148, 11.012802
12.117, 11.046587
12.087, 11.060970
12.057, 11.054534
12.026, 11.026378
11.996, 10.976089
11.966, 10.903718
11.935, 10.809856
11.905, 10.695495
11.874, 10.562032
11.844, 10.411227
11.814, 10.245125
11.783, 10.065983
11.753, 9.876213
11.723, 9.678301
11.692, 9.474740
11.662, 9.267961
11.632, 9.060277
11.601, 8.853805
11.571, 8.650461
11.540, 8.451867
11.510, 8.259369
11.480, 8.073992
11.449, 7.896453
11.419, 7.727143
11.389, 7.566154
11.358, 7.413292
11.328, 7.268124
11.298, 7.129982
11.267, 6.998035
11.237, 6.871300
11.206, 6.748726
11.176, 6.629191
11.146, 6.511589
11.115, 6.394829
11.085, 6.277927
11.055, 6.159951
11.024, 6.040130
10.994, 5.917817
10.964, 5.792549
10.933, 5.663972
10.903, 5.531940
10.872, 5.396420
10.842, 5.257531
10.812, 5.115512
10.781, 4.970695
10.751, 4.823489
10.721, 4.674355
10.690, 4.523777
10.660, 4.372263
10.630, 4.220264
10.599, 4.068247
10.569, 3.916594
10.539, 3.765642
10.508, 3.615659
10.478, 3.466850
10.447, 3.319342
10.417, 3.173228
10.387, 3.028537
10.356, 2.885269
10.326, 2.743413
10.296, 2.602959
10.265, 2.463912
10.235, 2.326321
10.205, 2.190276
10.174, 2.055952
10.144, 1.923591
10.113, 1.793537
10.083, 1.666204
10.053, 1.542114
10.022, 1.421868
9.992, 1.306139
9.962, 1.195659
9.931, 1.091227
9.901, 0.993617
9.871, 0.903642
9.840, 0.822064
9.810, 0.749589
9.779, 0.686844
9.749, 0.634353
9.719, 0.592501
9.688, 0.561522
9.658, 0.541481
9.628, 0.532280
9.597, 0.533616
9.567, 0.545021
9.537, 0.565830
9.506, 0.595230
9.476, 0.632248
9.446, 0.675793
9.415, 0.724664
9.385, 0.777609
9.354, 0.833329
9.324, 0.890532
9.294, 0.947963
9.263, 1.004449
9.233, 1.058906
9.203, 1.110408
9.172, 1.158170
9.142, 1.201624
9.112, 1.240363
9.081, 1.274223
9.051, 1.303229
9.020, 1.327633
8.990, 1.347853
8.960, 1.364507
8.929, 1.378342
8.899, 1.390245
8.869, 1.401162
8.838, 1.412100
8.808, 1.424065
8.778, 1.438036
8.747, 1.454890
8.717, 1.475419
8.686, 1.500230
8.656, 1.529782
8.626, 1.564302
8.595, 1.603802
8.565, 1.648056
8.535, 1.696604
8.504, 1.748744
8.474, 1.803575
8.444, 1.859966
8.413, 1.916657
8.383, 1.972223
8.352, 2.025169
8.322, 2.073938
8.292, 2.116993
8.261, 2.152820
8.231, 2.180028
8.201, 2.197364
8.170, 2.203767
8.140, 2.198392
8.110, 2.180676
8.079, 2.150320
8.049, 2.107340
8.019, 2.052047
7.988, 1.985075
7.958, 1.907336
7.927, 1.820036
7.897, 1.724601
7.867, 1.622685
7.836, 1.516089
7.806, 1.406736
7.776, 1.296601
7.745, 1.187663
7.715, 1.081840
7.685, 0.980950
7.654, 0.886627
7.624, 0.800310
7.593, 0.723168
7.563, 0.656090
7.533, 0.599640
7.502, 0.554057
7.472, 0.519230
7.442, 0.494729
7.411, 0.479790
7.381, 0.473370
7.351, 0.474156
7.320, 0.480632
7.290, 0.491104
7.259, 0.503779
7.229, 0.516809
7.199, 0.528364
7.168, 0.536683
7.138, 0.540142
7.108, 0.537305
7.077, 0.526979
7.047, 0.508250
7.017, 0.480523
6.986, 0.443544
6.956, 0.397413
6.926, 0.342574
6.895, 0.279840
6.865, 0.210324
6.834, 0.135452
6.804, 0.056884
6.774, -0.023499
6.743, -0.103705
6.713, -0.181612
6.683, -0.255125
6.652, -0.322179
6.622, -0.380842
6.592, -0.429353
6.561, -0.466201
6.531, -0.490160
6.500, -0.500348
6.470, -0.496248
6.440, -0.477741
6.409, -0.445108
6.379, -0.399035
6.349, -0.340592
6.318, -0.271217
6.288, -0.192665
6.258, -0.106977
6.227, -0.016400
6.197, 0.076639
6.166, 0.169645
6.136, 0.260095
6.106, 0.345525
6.075, 0.423589
6.045, 0.492154
6.015, 0.549327
5.984, 0.593541
5.954, 0.623569
5.924, 0.638596
5.893, 0.638211
5.863, 0.622435
5.832, 0.591707
5.802, 0.546896
5.772, 0.489237
5.741, 0.420324
5.711, 0.342042
5.681, 0.256529
5.650, 0.166098
5.620, 0.073166
5.590, -0.019797
5.559, -0.110361
5.529, -0.196198
5.499, -0.275140
5.468, -0.345268
5.438, -0.404918
5.407, -0.452781
5.377, -0.487883
5.347, -0.509652
5.316, -0.517893
5.286, -0.512819
5.256, -0.495006
5.225, -0.465388
5.195, -0.425220
5.165, -0.376026
5.134, -0.319546
5.104, -0.257693
5.073, -0.192477
5.043, -0.125936
5.013, -0.060090
4.982, 0.003123
4.952, 0.061928
4.922, 0.114728
4.891, 0.160184
4.861, 0.197217
4.831, 0.225062
4.800, 0.243261
4.770, 0.251686
4.739, 0.250510
4.709, 0.240214
4.679, 0.221537
4.648, 0.195465
4.618, 0.163171
4.588, 0.125974
4.557, 0.085292
4.527, 0.042578
4.497, -0.000728
4.466, -0.043245
4.436, -0.083710
4.405, -0.121009
4.375, -0.154231
4.345, -0.182683
4.314, -0.205906
4.284, -0.223701
4.254, -0.236125
4.223, -0.243474
4.193, -0.246279
4.163, -0.245266
4.132, -0.241339
4.102, -0.235525
4.072, -0.228946
4.041, -0.222755
4.011, -0.218106
3.980, -0.216087
3.950, -0.217698
3.920, -0.223776
3.889, -0.234994
3.859, -0.251801
3.829, -0.274419
3.798, -0.302820
3.768, -0.336727
3.738, -0.375603
3.707, -0.418686
3.677, -0.464980
3.646, -0.513326
3.616, -0.562388
3.586, -0.610742
3.555, -0.656883
3.525, -0.699302
3.495, -0.736510
3.464, -0.767112
3.434, -0.789827
3.404, -0.803551
3.373, -0.807382
3.343, -0.802444
3.312, -0.786538
3.282, -0.759534
3.252, -0.721565
3.221, -0.673064
3.191, -0.614702
3.161, -0.547412
3.130, -0.472335
3.100, -0.390798
3.070, -0.304265
3.039, -0.214316
3.009, -0.122571
2.979, -0.030660
2.948, 0.059819
2.918, 0.147352
2.887, 0.230553
2.857, 0.308179
2.827, 0.379195
2.796, 0.442760
2.766, 0.498270
2.736, 0.545341
2.705, 0.583838
2.675, 0.613843
2.645, 0.635650
2.614, 0.649739
2.584, 0.656761
2.553, 0.657486
2.523, 0.652787
2.493, 0.643589
2.462, 0.630851
2.432, 0.615493
2.402, 0.598407
2.371, 0.580396
2.341, 0.562154
2.311, 0.544240
2.280, 0.527088
2.250, 0.510959
2.219, 0.495973
2.189, 0.482096
2.159, 0.469162
2.128, 0.456869
2.098, 0.444835
2.068, 0.432587
2.037, 0.419624
2.007, 0.405423
1.977, 0.389487
1.946, 0.371362
1.916, 0.350683
1.885, 0.327179
1.855, 0.300713
1.825, 0.271287
1.794, 0.239066
1.764, 0.204364
1.734, 0.167657
1.703, 0.129567
1.673, 0.090853
1.643, 0.052386
1.612, 0.015120
1.582, -0.019922
1.552, -0.051704
1.521, -0.079199
1.491, -0.101419
1.460, -0.117469
1.430, -0.126565
1.400, -0.128070
1.369, -0.121525
1.339, -0.106665
1.309, -0.083444
1.278, -0.052031
1.248, -0.012822
1.218, 0.033563
1.187, 0.086299
1.157, 0.144364
1.126, 0.206577
1.096, 0.271599
1.066, 0.338014
1.035, 0.404319
1.005, 0.468999
0.975, 0.530542
0.944, 0.587499
0.914, 0.638504
0.884, 0.682344
0.853, 0.717948
0.823, 0.744449
0.792, 0.761189
0.762, 0.767750
0.732, 0.763953
0.701, 0.749856
0.671, 0.725766
0.641, 0.692223
0.610, 0.649975
0.580, 0.599970
0.550, 0.543314
0.519, 0.481263
0.489, 0.415158
0.458, 0.346421
0.428, 0.276501
0.398, 0.206841
0.367, 0.138840
0.337, 0.073836
0.307, 0.013055
0.276, -0.042393
0.246, -0.091561
0.216, -0.133651
0.185, -0.168051
0.155, -0.194326
0.125, -0.212235
0.094, -0.221709
0.064, -0.222863
0.033, -0.215964
0.003, -0.201437
-0.027, -0.179839
-0.058, -0.151840
-0.088, -0.118197
-0.118, -0.079757
-0.149, -0.037409
-0.179, 0.007921
-0.209, 0.055297
-0.240, 0.103770
-0.270, 0.152425
-0.301, 0.200361
-0.331, 0.246729
-0.361, 0.290721
-0.392, 0.331598
-0.422, 0.368669
-0.452, 0.401317
-0.483, 0.428994
-0.513, 0.451227
-0.543, 0.467602
-0.574, 0.477796
-0.604, 0.481547
-0.635, 0.478673
-0.665, 0.469070
-0.695, 0.449132
-0.726, 0.422489
-0.756, 0.389285
-0.786, 0.349731
-0.817, 0.304138
-0.847, 0.252897
-0.877, 0.196490
-0.908, 0.135489
-0.938, 0.070542
-0.968, 0.002379
-0.999, -0.068183
-1.029, -0.140286
-1.060, -0.212993
-1.090, -0.285348
-1.120, -0.356356
-1.151, -0.425026
-1.181, -0.490370
-1.211, -0.551443
-1.242, -0.607352
-1.272, -0.657289
-1.302, -0.700534
-1.333, -0.736501
-1.363, -0.764739
-1.394, -0.784950
-1.424, -0.797001
-1.454, -0.800948
-1.485, -0.797012
-1.515, -0.785603
-1.545, -0.767301
-1.576, -0.742851
-1.606, -0.713139
-1.636, -0.679181
-1.667, -0.642081
-1.697, -0.603025
-1.728, -0.563223
-1.758, -0.523891
-1.788, -0.486210
-1.819, -0.451291
-1.849, -0.420132
-1.879, -0.393602
-1.910, -0.372390
-1.940, -0.357005
-1.970, -0.347729
-2.001, -0.344636
-2.031, -0.347550
-2.062, -0.356076
-2.092, -0.369586
-2.122, -0.387255
-2.153, -0.408065
-2.183, -0.430839
-2.213, -0.454284
-2.244, -0.477021
-2.274, -0.497625
-2.304, -0.514684
-2.335, -0.526828
-2.365, -0.532790
-2.395, -0.531432
-2.426, -0.521803
-2.456, -0.503155
-2.487, -0.474994
-2.517, -0.437084
-2.547, -0.389459
-2.578, -0.332451
-2.608, -0.266662
-2.638, -0.192971
-2.669, -0.112500
-2.699, -0.026594
-2.729, 0.063212
-2.760, 0.155240
-2.790, 0.247713
-2.821, 0.338802
-2.851, 0.426677
-2.881, 0.509559
-2.912, 0.585768
-2.942, 0.653780
-2.972, 0.712248
-3.003, 0.760065
-3.033, 0.796368
-3.063, 0.820582
-3.094, 0.832413
-3.124, 0.831871
-3.155, 0.819252
-3.185, 0.795136
-3.215, 0.760346
-3.246, 0.715954
-3.276, 0.663204
-3.306, 0.603500
-3.337, 0.538352
-3.367, 0.469330
-3.397, 0.398017
-3.428, 0.325959
-3.458, 0.254632
-3.489, 0.185390
-3.519, 0.119432
-3.549, 0.057779
-3.580, 0.001248
-3.610, -0.049559
-3.640, -0.094263
-3.671, -0.132703
-3.701, -0.164932
-3.731, -0.191189
-3.762, -0.211885
-3.792, -0.227570
-3.822, -0.238900
-3.853, -0.246600
-3.883, -0.251426
-3.914, -0.254131
-3.944, -0.255436
-3.974, -0.255970
-4.005, -0.256287
-4.035, -0.256804
-4.065, -0.257810
-4.096, -0.259441
-4.126, -0.261692
-4.156, -0.264415
-4.187, -0.267334
-4.217, -0.270065
-4.248, -0.272143
-4.278, -0.273047
-4.308, -0.272245
-4.339, -0.269214
-4.369, -0.263487
-4.399, -0.254685
-4.430, -0.242547
-4.460, -0.226952
-4.490, -0.207961
-4.521, -0.185812
-4.551, -0.160937
-4.582, -0.133958
-4.612, -0.105684
-4.642, -0.077085
-4.673, -0.049274
-4.703, -0.023470
-4.733, -0.000956
-4.764, 0.024142
-4.794, 0.043369
-4.824, 0.055534
-4.855, 0.059567
-4.885, 0.054600
-4.915, 0.039965
-4.946, 0.015300
-4.976, -0.019483
-5.007, -0.064122
-5.037, -0.118025
-5.067, -0.180234
-5.098, -0.249461
-5.128, -0.324085
-5.158, -0.402189
-5.189, -0.481610
-5.219, -0.559982
-5.249, -0.634794
-5.280, -0.703470
-5.310, -0.763425
-5.341, -0.812162
-5.371, -0.847335
-5.401, -0.866827
-5.432, -0.868819
-5.462, -0.851870
-5.492, -0.814957
-5.523, -0.757536
-5.553, -0.679556
-5.583, -0.581514
-5.614, -0.464418
-5.644, -0.329823
-5.675, -0.179765
-5.705, -0.016762
-5.735, 0.156268
-5.766, 0.336055
-5.796, 0.519062
-5.826, 0.701559
-5.857, 0.879726
-5.887, 1.049735
-5.917, 1.207868
-5.948, 1.350581
-5.978, 1.474618
-6.009, 1.577090
-6.039, 1.655546
-6.069, 1.708042
-6.100, 1.733187
-6.130, 1.730176
-6.160, 1.698824
-6.191, 1.639554
-6.221, 1.553396
-6.251, 1.441958
-6.282, 1.307380
-6.312, 1.152274
-6.342, 0.979671
-6.373, 0.792927
-6.403, 0.595649
-6.434, 0.391591
-6.464, 0.184585
-6.494, -0.021580
-6.525, -0.223225
-6.555, -0.416883
-6.585, -0.599361
-6.616, -0.767820
-6.646, -0.919813
-6.676, -1.053356
-6.707, -1.166927
-6.737, -1.259505
-6.768, -1.330558
-6.798, -1.380042
-6.828, -1.408355
-6.859, -1.416336
-6.889, -1.405171
-6.919, -1.376386
-6.950, -1.331751
-6.980, -1.273229
-7.010, -1.202906
-7.041, -1.122927
-7.071, -1.035416
-7.102, -0.942440
-7.132, -0.845930
-7.162, -0.747648
-7.193, -0.649153
-7.223, -0.551761
-7.253, -0.456529
-7.284, -0.364265
-7.314, -0.275514
-7.344, -0.190571
-7.375, -0.109510
-7.405, -0.032220
-7.435, 0.041575
-7.466, 0.112261
-7.496, 0.180298
-7.527, 0.246175
-7.557, 0.310364
-7.587, 0.373271
-7.618, 0.435214
-7.648, 0.496375
-7.678, 0.556781
-7.709, 0.616293
-7.739, 0.674566
-7.769, 0.731093
-7.800, 0.785175
-7.830, 0.835953
-7.861, 0.882427
-7.891, 0.923476
-7.921, 0.957916
-7.952, 0.984523
-7.982, 1.002080
-8.012, 1.009415
-8.043, 1.005469
-8.073, 0.989307
-8.103, 0.960190
-8.134, 0.917583
-8.164, 0.861203
-8.195, 0.791040
-8.225, 0.707361
-8.255, 0.610733
-8.286, 0.502012
-8.316, 0.382344
-8.346, 0.253136
-8.377, 0.116039
-8.407, -0.027088
-8.437, -0.174213
-8.468, -0.323167
-8.498, -0.471708
-8.529, -0.617541
-8.559, -0.758409
-8.589, -0.892087
-8.620, -1.016480
-8.650, -1.129636
-8.680, -1.229797
-8.711, -1.315433
-8.741, -1.385261
-8.771, -1.438284
-8.802, -1.477739
-8.832, -1.499264
-8.862, -1.502757
-8.893, -1.488407
-8.923, -1.456688
-8.954, -1.408331
-8.984, -1.344331
-9.014, -1.265888
-9.045, -1.174387
-9.075, -1.071375
-9.105, -0.958524
-9.136, -0.837581
-9.166, -0.710366
-9.196, -0.578702
-9.227, -0.444420
-9.257, -0.309295
-9.288, -0.175052
-9.318, -0.043317
-9.348, 0.084377
-9.379, 0.206629
-9.409, 0.322166
-9.439, 0.429863
-9.470, 0.528745
-9.500, 0.617995
-9.530, 0.696940
-9.561, 0.765088
-9.591, 0.822073
-9.622, 0.867699
-9.652, 0.901904
-9.682, 0.924777
-9.713, 0.936535
-9.743, 0.937521
-9.773, 0.928210
-9.804, 0.909185
-9.834, 0.881130
-9.864, 0.844840
-9.895, 0.801188
-9.925, 0.751138
-9.956, 0.695707
-9.986, 0.635984
-10.016, 0.573088
-10.047, 0.508177
-10.077, 0.442416
-10.107, 0.376967
-10.138, 0.312968
-10.168, 0.251520
-10.198, 0.193653
-10.229, 0.140329
-10.259, 0.092402
-10.289, 0.050612
-10.320, 0.015560
-10.350, -0.012301
-10.381, -0.032679
-10.411, -0.045453
-10.441, -0.050690
-10.472, -0.048618
-10.502, -0.039665
-10.532, -0.024405
-10.563, -0.003591
-10.593, 0.021894
-10.623, 0.051038
-10.654, 0.082726
-10.684, 0.115780
-10.715, 0.148973
-10.745, 0.181074
-10.775, 0.210880
-10.806, 0.237235
-10.836, 0.259086
-10.866, 0.275492
-10.897, 0.285671
-10.927, 0.289010
-10.957, 0.285099
-10.988, 0.273733
-11.018, 0.254938
-11.049, 0.228954
-11.079, 0.196252
-11.109, 0.157506
-11.140, 0.113595
-11.170, 0.065560
-11.200, 0.014599
-11.231, -0.037981
-11.261, -0.090789
-11.291, -0.142412
-11.322, -0.191423
-11.352, -0.236448
-11.382, -0.276196
-11.413, -0.309500
-11.443, -0.335351
-11.474, -0.352935
-11.504, -0.361648
-11.534, -0.361136
-11.565, -0.351277
-11.595, -0.332222
-11.625, -0.304365
-11.656, -0.268356
-11.686, -0.225063
-11.716, -0.175568
-11.747, -0.121124
-11.777, -0.063128
-11.808, -0.003074
-11.838, 0.057481
-11.868, 0.116970
-11.899, 0.173847
-11.929, 0.226653
-11.959, 0.274039
-11.990, 0.314821
-12.020, 0.347990
-12.050, 0.372774
-12.081, 0.388625
-12.111, 0.395271
-12.142, 0.392680
-12.172, 0.381106
-12.202, 0.361050
-12.233, 0.333254
-12.263, 0.298674
-12.293, 0.258466
-12.324, 0.213936
-12.354, 0.166502
-12.384, 0.117668
-12.415, 0.068964
-12.445, 0.021908
-12.476, -0.022032
-12.506, -0.061488
-12.536, -0.095225
-12.567, -0.122170
-12.597, -0.141457
-12.627, -0.152435
-12.658, -0.154678
-12.688, -0.148013
-12.718, -0.132508
-12.749, -0.108465
-12.779, -0.076423
-12.809, -0.037120
-12.840, 0.008511
-12.870, 0.055779
-12.901, 0.107090
-12.931, 0.161154
-12.961, 0.216630
-12.992, 0.272155
-13.022, 0.326403
-13.052, 0.378091
-13.083, 0.426039
-13.113, 0.469175
-13.143, 0.506575
-13.174, 0.537475
-13.204, 0.561290
-13.235, 0.577609
-13.265, 0.586218
-13.295, 0.587070
-13.326, 0.580308
-13.356, 0.566224
-13.386, 0.545257
-13.417, 0.517960
-13.447, 0.485005
-13.477, 0.447116
-13.508, 0.405076
-13.538, 0.359689
-13.569, 0.311757
-13.599, 0.262050
-13.629, 0.211297
-13.660, 0.160164
-13.690, 0.109236
-13.720, 0.059004
-13.751, 0.009870
-13.781, -0.037865
-13.811, -0.083997
-13.842, -0.128413
-13.872, -0.171082
-13.903, -0.212058
-13.933, -0.251434
-13.963, -0.289370
-13.994, -0.326035
-14.024, -0.361628
-14.054, -0.396332
-14.085, -0.430331
-14.115, -0.463757
-14.145, -0.496720
-14.176, -0.529266
-14.206, -0.561392
-14.236, -0.593038
-14.267, -0.624082
-14.297, -0.654343
-14.328, -0.683597
-14.358, -0.711561
-14.388, -0.737940
-14.419, -0.762387
-14.449, -0.784571
-14.479, -0.804144
-14.510, -0.820780
-14.540, -0.834177
-14.570, -0.844074
-14.601, -0.850248
-14.631, -0.852545
-14.662, -0.850849
-14.692, -0.845137
-14.722, -0.835427
-14.753, -0.821814
-14.783, -0.804449
-14.813, -0.783541
-14.844, -0.759340
-14.874, -0.732143
-14.904, -0.702265
-14.935, -0.670044
-14.965, -0.635824
-14.996, -0.599941
-15.026, -0.562720
-15.056, -0.524458
-15.087, -0.485424
-15.117, -0.445855
-15.147, -0.405928
-15.178, -0.365807
-15.208, -0.325589
-15.238, -0.285354
-15.269, -0.245138
-15.299, -0.204950
-15.329, -0.164790
-15.360, -0.124650
-15.390, -0.084515
-15.421, -0.044393
-15.451, -0.004316
-15.481, 0.035655
-15.512, 0.075416
-15.542, 0.114812
-15.572, 0.153640
-15.603, 0.191637
-15.633, 0.228491
-15.663, 0.263831
-15.694, 0.297243
-15.724, 0.328279
-15.755, 0.356458
-15.785, 0.381291
-15.815, 0.402288
-15.846, 0.418964
-15.876, 0.430894
-15.906, 0.437674
-15.937, 0.438991
-15.967, 0.434597
-15.997, 0.424349
-16.028, 0.408209
-16.058, 0.386260
-16.089, 0.358698
-16.119, 0.325859
-16.149, 0.288189
-16.180, 0.246257
-16.210, 0.200740
-16.240, 0.152408
-16.271, 0.102117
-16.301, 0.050775
-16.331, -0.000670
-16.362, -0.051255
-16.392, -0.100032
-16.423, -0.146085
-16.453, -0.188571
-16.483, -0.226733
-16.514, -0.259926
-16.544, -0.287630
-16.574, -0.309490
-16.605, -0.325296
-16.635, -0.335025
-16.665, -0.338821
-16.696, -0.337011
-16.726, -0.330079
-16.756, -0.318685
-16.787, -0.303615
-16.817, -0.285788
-16.848, -0.266207
-16.878, -0.245953
-16.908, -0.221732
-16.939, -0.199076
-16.969, -0.179075
-16.999, -0.162762
-17.030, -0.151063
-17.060, -0.144793
-17.090, -0.144591
-17.121, -0.150935
-17.151, -0.164095
-17.182, -0.184131
-17.212, -0.210878
-17.242, -0.243942
-17.273, -0.282708
-17.303, -0.326362
-17.333, -0.373869
-17.364, -0.424038
-17.394, -0.475524
-17.424, -0.526865
-17.455, -0.576521
-17.485, -0.622915
-17.516, -0.664460
-17.546, -0.699620
-17.576, -0.726937
-17.607, -0.745075
-17.637, -0.752863
-17.667, -0.749326
-17.698, -0.733709
-17.728, -0.705504
-17.758, -0.664480
-17.789, -0.610676
-17.819, -0.544414
-17.850, -0.466301
-17.880, -0.377210
-17.910, -0.278271
-17.941, -0.170837
-17.971, -0.056468
-18.001, 0.063125
-18.032, 0.186087
-18.062, 0.310504
-18.092, 0.434416
-18.123, 0.555875
-18.153, 0.672995
-18.183, 0.783987
-18.214, 0.887218
-18.244, 0.981231
-18.275, 1.064794
-18.305, 1.136923
-18.335, 1.196906
-18.366, 1.244306
-18.396, 1.278994
-18.426, 1.301122
-18.457, 1.311129
-18.487, 1.309725
-18.517, 1.297867
-18.548, 1.276732
-18.578, 1.247675
-18.609, 1.212201
-18.639, 1.171907
-18.669, 1.128460
-18.700, 1.083527
-18.730, 1.038744
-18.760, 0.995649
-18.791, 0.955678
-18.821, 0.920085
-18.851, 0.889938
-18.882, 0.866070
-18.912, 0.849069
-18.943, 0.839256
-18.973, 0.836689
-19.003, 0.841145
-19.034, 0.852157
-19.064, 0.868988
-19.094, 0.890689
-19.125, 0.916111
-19.155, 0.943942
-19.185, 0.972744
-19.216, 1.001000
-19.246, 1.027145
-19.276, 1.049633
-19.307, 1.066955
-19.337, 1.077705
-19.368, 1.080607
-19.398, 1.074557
-19.428, 1.058645
-19.459, 1.032209
-19.489, 0.994815
-19.519, 0.946307
-19.550, 0.886782
-19.580, 0.816618
-19.610, 0.736444
-19.641, 0.647136
-19.671, 0.549783
-19.702, 0.445687
-19.732, 0.336291
-19.762, 0.223190
-19.793, 0.108047
-19.823, -0.007407
-19.853, -0.121452
-19.884, -0.232384
-19.914, -0.338583
-19.944, -0.438524
-19.975, -0.530832
-20.005, -0.614290
-20.036, -0.687885
-20.066, -0.750807
-20.096, -0.802463
-20.127, -0.842499
-20.157, -0.870780
-20.187, -0.887395
-20.218, -0.892649
-20.248, -0.887040
-20.278, -0.871239
-20.309, -0.846075
-20.339, -0.812498
-20.370, -0.771559
-20.400, -0.724386
-20.430, -0.672134
-20.461, -0.615981
-20.491, -0.557085
-20.521, -0.496571
-20.552, -0.435498
-20.582, -0.374858
-20.612, -0.315536
-20.643, -0.258327
-20.673, -0.203905
-20.703, -0.152838
-20.734, -0.105574
-20.764, -0.062455
-20.795, -0.023718
-20.825, 0.010498
-20.855, 0.040141
-20.886, 0.065227
-20.916, 0.085844
-20.946, 0.102121
-20.977, 0.116525
-21.007, 0.126973
-21.037, 0.133689
-21.068, 0.136913
-21.098, 0.136899
-21.129, 0.133898
-21.159, 0.128172
-21.189, 0.119974
-21.220, 0.109584
-21.250, 0.097274
-21.280, 0.083338
-21.311, 0.068084
-21.341, 0.051835
-21.371, 0.034946
-21.402, 0.017797
-21.432, 0.000790
-21.463, -0.015643
-21.493, -0.031048
-21.523, -0.044952
-21.554, -0.056881
-21.584, -0.066348
-21.614, -0.072892
-21.645, -0.076066
-21.675, -0.075483
-21.705, -0.070790
-21.736, -0.061739
-21.766, -0.048144
-21.796, -0.029945
-21.827, -0.007193
-21.857, 0.019925
-21.888, 0.051085
-21.918, 0.085818
-21.948, 0.123512
-21.979, 0.163417
-22.009, 0.204650
-22.039, 0.246211
-22.070, 0.286999
-22.100, 0.325838
-22.130, 0.361502
-22.161, 0.392740
-22.191, 0.418322
-22.222, 0.437054
-22.252, 0.447824
-22.282, 0.449639
-22.313, 0.441652
-22.343, 0.423188
-22.373, 0.393784
-22.404, 0.353203
-22.434, 0.301451
-22.464, 0.238789
-22.495, 0.165743
-22.525, 0.083089
-22.556, -0.008139
-22.586, -0.106690
-22.616, -0.211094
-22.647, -0.319719
-22.677, -0.430775
-22.707, -0.542389
-22.738, -0.652624
-22.768, -0.759540
-22.798, -0.861238
-22.829, -0.955913
-22.859, -1.041886
-22.890, -1.117672
-22.920, -1.181991
-22.950, -1.233833
-22.981, -1.272457
-23.011, -1.297437
-23.041, -1.308648
-23.072, -1.306294
-23.102, -1.290886
-23.132, -1.263245
-23.163, -1.224456
-23.193, -1.175862
-23.223, -1.119018
-23.254, -1.055652
-23.284, -0.987603
-23.315, -0.916799
-23.345, -0.845182
-23.375, -0.774666
-23.406, -0.707083
-23.436, -0.644139
-23.466, -0.587359
-23.497, -0.538060
-23.527, -0.497316
-23.557, -0.465927
-23.588, -0.444409
-23.618, -0.432985
-23.649, -0.431575
-23.679, -0.439818
-23.709, -0.457082
-23.740, -0.482487
-23.770, -0.514936
-23.800, -0.553156
-23.831, -0.595732
-23.861, -0.641157
-23.891, -0.687868
-23.922, -0.734306
-23.952, -0.778948
-23.983, -0.820357
-24.013, -0.857213
-24.043, -0.888359
-24.074, -0.912815
-24.104, -0.929809
-24.134, -0.938789
-24.165, -0.939426
-24.195, -0.931626
-24.225, -0.915513
-24.256, -0.891414
-24.286, -0.859854
-24.317, -0.821515
-24.347, -0.777221
-24.377, -0.727895
-24.408, -0.674534
-24.438, -0.618176
-24.468, -0.559864
-24.499, -0.500605
-24.529, -0.441358
-24.559, -0.383000
-24.590, -0.326302
-24.620, -0.271906
-24.650, -0.220333
-24.681, -0.171964
-24.711, -0.127036
-24.742, -0.085649
-24.772, -0.047789
-24.802, -0.013308
-24.833, 0.018017
-24.863, 0.046510
-24.893, 0.072531
-24.924, 0.096492
-24.954, 0.118803
-24.984, 0.139890
-25.015, 0.157062
-25.045, 0.173745
-25.076, 0.190217
-25.106, 0.206718
-25.136, 0.223398
-25.167, 0.240340
-25.197, 0.257552
-25.227, 0.274984
-25.258, 0.292515
-25.288, 0.309982
-25.318, 0.327186
-25.349, 0.343909
-25.379, 0.359925
-25.410, 0.375023
-25.440, 0.389007
-25.470, 0.401723
-25.501, 0.413061
-25.531, 0.422975
-25.561, 0.431462
-25.592, 0.438596
-25.622, 0.444502
-25.652, 0.449368
-25.683, 0.453423
-25.713, 0.456935
-25.743, 0.460195
-25.774, 0.463514
-25.804, 0.467181
-25.835, 0.471486
-25.865, 0.476668
-25.895, 0.482933
-25.926, 0.490415
-25.956, 0.499195
-25.986, 0.509275
-26.017, 0.520586
-26.047, 0.532980
-26.077, 0.546257
-26.108, 0.560151
-26.138, 0.574353
-26.169, 0.588525
-26.199, 0.602326
-26.229, 0.615408
-26.260, 0.627466
-26.290, 0.638236
-26.320, 0.647530
-26.351, 0.655230
-26.381, 0.661327
-26.411, 0.665914
-26.442, 0.669208
-26.472, 0.671530
-26.503, 0.673319
-26.533, 0.675114
-26.563, 0.677548
-26.594, 0.681316
-26.624, 0.687166
-26.654, 0.695861
-26.685, 0.708157
-26.715, 0.724763
-26.745, 0.746323
-26.776, 0.773364
-26.806, 0.806289
-26.837, 0.845335
-26.867, 0.890559
-26.897, 0.941812
-26.928, 0.998746
-26.958, 1.060787
-26.988, 1.127164
-27.019, 1.196890
-27.049, 1.268818
-27.079, 1.341634
-27.110, 1.413903
-27.140, 1.484109
-27.170, 1.550693
-27.201, 1.612099
-27.231, 1.666820
-27.262, 1.713447
-27.292, 1.750710
-27.322, 1.777530
-27.353, 1.793047
-27.383, 1.796650
-27.413, 1.788013
-27.444, 1.767088
-27.474, 1.734138
-27.504, 1.689699
-27.535, 1.634607
-27.565, 1.569930
-27.596, 1.496972
-27.626, 1.417208
-27.656, 1.332247
-27.687, 1.243767
-27.717, 1.153480
-27.747, 1.063054
-27.778, 0.974058
-27.808, 0.887909
-27.838, 0.805826
-27.869, 0.728773
-27.899, 0.657438
-27.930, 0.592196
-27.960, 0.533093
-27.990, 0.479854
-28.021, 0.431880
-28.051, 0.388278
-28.081, 0.347890
-28.112, 0.309337
-28.142, 0.271084
-28.172, 0.231480
-28.203, 0.188858
-28.233, 0.141577
-28.264, 0.088126
-28.294, 0.027170
-28.324, -0.042362
-28.355, -0.121226
-28.385, -0.209798
-28.415, -0.308041
-28.446, -0.415475
-28.476, -0.531152
-28.506, -0.653666
-28.537, -0.781168
-28.567, -0.911398
-28.597, -1.041727
-28.628, -1.169239
-28.658, -1.290784
-28.689, -1.403078
-28.719, -1.502808
-28.749, -1.586707
-28.780, -1.651684
-28.810, -1.694918
-28.840, -1.713958
-28.871, -1.706802
-28.901, -1.672000
-28.931, -1.608713
-28.962, -1.516772
-28.992, -1.396684
-29.023, -1.249688
-29.053, -1.077725
-29.083, -0.886089
-29.114, -0.675359
-29.144, -0.449362
-29.174, -0.212394
-29.205, 0.030848
-29.235, 0.275410
-29.265, 0.516184
-29.296, 0.748048
-29.326, 0.965993
-29.357, 1.165257
-29.387, 1.341451
-29.417, 1.490668
-29.448, 1.609602
-29.478, 1.695628
-29.508, 1.746867
-29.539, 1.762250
-29.569, 1.741534
-29.599, 1.685313
-29.630, 1.594993
-29.660, 1.472763
-29.690, 1.321513
-29.721, 1.144770
-29.751, 0.946591
-29.782, 0.731440
-29.812, 0.504079
-29.842, 0.269426
-29.873, 0.032423
-29.903, -0.202096
-29.933, -0.429543
-29.964, -0.645669
-29.994, -0.846705
-30.024, -1.029430
-30.055, -1.191246
-30.085, -1.330233
-30.116, -1.445187
-30.146, -1.535604
-30.176, -1.601701
-30.207, -1.644336
-30.237, -1.664989
-30.267, -1.665669
-30.298, -1.648827
-30.328, -1.617249
-30.358, -1.573960
-30.389, -1.522092
-30.419, -1.464775
-30.450, -1.405021
-30.480, -1.345627
-30.510, -1.289062
-30.541, -1.237400
-30.571, -1.192239
-30.601, -1.154672
-30.632, -1.125236
-30.662, -1.103928
-30.692, -1.090186
-30.723, -1.082961
-30.753, -1.080738
-30.784, -1.081623
-30.814, -1.083408
-30.844, -1.083680
-30.875, -1.079917
-30.905, -1.069603
-30.935, -1.050315
-30.966, -1.019844
-30.996, -0.976291
-31.026, -0.918138
-31.057, -0.844343
-31.087, -0.754383
-31.117, -0.648292
-31.148, -0.526699
-31.178, -0.390790
-31.209, -0.242336
-31.239, -0.083619
-31.269, 0.082621
-31.300, 0.253254
-31.330, 0.424853
-31.360, 0.593795
-31.391, 0.756363
-31.421, 0.908874
-31.451, 1.047768
-31.482, 1.169741
-31.512, 1.271831
-31.543, 1.351522
-31.573, 1.406815
-31.603, 1.436298
-31.634, 1.439186
-31.664, 1.415356
-31.694, 1.365342
-31.725, 1.290327
-31.755, 1.192110
-31.785, 1.073051
-31.816, 0.936003
-31.846, 0.784226
-31.877, 0.621289
-31.907, 0.450973
-31.937, 0.277152
-31.968, 0.103689
-31.998, -0.065687
-32.028, -0.227464
-32.059, -0.378466
-32.089, -0.515919
-32.119, -0.637533
-32.150, -0.741549
-32.180, -0.826779
-32.211, -0.892618
-32.241, -0.939049
-32.271, -0.966618
-32.302, -0.976397
-32.332, -0.969933
-32.362, -0.949170
-32.393, -0.916382
-32.423, -0.874074
-32.453, -0.824895
-32.484, -0.771533
-32.514, -0.716625
-32.544, -0.662666
-32.575, -0.611919
-32.605, -0.566349
-32.636, -0.527539
-32.666, -0.496670
-32.696, -0.474473
-32.727, -0.461206
-32.757, -0.456667
-32.787, -0.460204
-32.818, -0.470744
-32.848, -0.486853
-32.878, -0.506775
-32.909, -0.528523
-32.939, -0.549939
-32.970, -0.568782
-33.000, -0.582826
-33.030, -0.589917
-33.061, -0.588082
-33.091, -0.575579
-33.121, -0.546476
-33.152, -0.504216
-33.182, -0.448142
-33.212, -0.378034
-33.243, -0.294114
-33.273, -0.197065
-33.304, -0.088003
-33.334, 0.031557
-33.364, 0.159722
-33.395, 0.294295
-33.425, 0.432824
-33.455, 0.572667
-33.486, 0.711085
-33.516, 0.845294
-33.546, 0.972561
-33.577, 1.090265
-33.607, 1.195973
-33.637, 1.287502
-33.668, 1.362970
-33.698, 1.420843
-33.729, 1.459969
-33.759, 1.479599
-33.789, 1.479399
-33.820, 1.459444
-33.850, 1.420213
-33.880, 1.362564
-33.911, 1.287695
-33.941, 1.197121
-33.971, 1.092613
-34.002, 0.976151
-34.032, 0.849884
-34.063, 0.716056
-34.093, 0.576978
-34.123, 0.434955
-34.154, 0.292261
-34.184, 0.151074
-34.214, 0.013470
-34.245, -0.118640
-34.275, -0.243500
-34.305, -0.359553
-34.336, -0.465423
-34.366, -0.559958
-34.397, -0.642177
-34.427, -0.711310
-34.457, -0.766764
-34.488, -0.808124
-34.518, -0.835133
-34.548, -0.847680
-34.579, -0.845794
-34.609, -0.829631
-34.639, -0.799466
-34.670, -0.755681
-34.700, -0.698778
-34.731, -0.629359
-34.761, -0.548144
-34.791, -0.455968
-34.822, -0.353786
-34.852, -0.242679
-34.882, -0.123860
-34.913, 0.001319
-34.943, 0.131374
-34.973, 0.264686
-35.004, 0.399506
-35.034, 0.533974
-35.064, 0.666124
-35.095, 0.793921
-35.125, 0.915280
-35.156, 1.028097
-35.186, 1.130304
-35.216, 1.219896
-35.247, 1.294983
-35.277, 1.353842
-35.307, 1.394961
-35.338, 1.417087
-35.368, 1.419276
-35.398, 1.400922
-35.429, 1.361807
-35.459, 1.302109
-35.490, 1.222433
-35.520, 1.123811
-35.550, 1.007698
-35.581, 0.875957
-35.611, 0.730827
-35.641, 0.574890
-35.672, 0.411018
-35.702, 0.242306
-35.732, 0.072015
-35.763, -0.096515
-35.793, -0.259941
-35.824, -0.414998
-35.854, -0.558579
-35.884, -0.687836
-35.915, -0.800220
-35.945, -0.893587
-35.975, -0.966237
-36.006, -1.016964
-36.036, -1.045090
-36.066, -1.050493
-36.097, -1.033606
-36.127, -0.995414
-36.157, -0.937415
-36.188, -0.861592
-36.218, -0.770355
-36.249, -0.666469
-36.279, -0.552984
-36.309, -0.433150
-36.340, -0.310314
-36.370, -0.187838
-36.400, -0.069006
-36.431, 0.043081
-36.461, 0.145580
-36.491, 0.235980
-36.522, 0.312182
-36.552, 0.372546
-36.583, 0.415922
-36.613, 0.441694
-36.643, 0.449777
-36.674, 0.440609
-36.704, 0.415132
-36.734, 0.374747
-36.765, 0.321270
-36.795, 0.256855
-36.825, 0.183941
-36.856, 0.105148
-36.886, 0.023206
-36.917, -0.059145
-36.947, -0.139223
-36.977, -0.214508
-37.008, -0.282705
-37.038, -0.341814
-37.068, -0.390177
-37.099, -0.426553
-37.129, -0.450107
-37.159, -0.460447
-37.190, -0.464458
-37.220, -0.455785
-37.251, -0.435293
-37.281, -0.404211
-37.311, -0.364064
-37.342, -0.316628
-37.372, -0.263849
-37.402, -0.207769
-37.433, -0.150465
-37.463, -0.093970
-37.493, -0.040196
-37.524, 0.009111
-37.554, 0.052446
-37.584, 0.088574
-37.615, 0.116570
-37.645, 0.135850
-37.676, 0.146161
-37.706, 0.147583
-37.736, 0.140529
-37.767, 0.125682
-37.797, 0.103998
-37.827, 0.076612
-37.858, 0.044831
-37.888, 0.010035
-37.918, -0.026355
-37.949, -0.062961
-37.979, -0.098489
-38.010, -0.131791
-38.040, -0.161905
-38.070, -0.188105
-38.101, -0.209916
-38.131, -0.227136
-38.161, -0.239836
-38.192, -0.248360
-38.222, -0.253306
-38.252, -0.255488
-38.283, -0.255906
-38.313, -0.255693
-38.344, -0.256062
-38.374, -0.258257
-38.404, -0.263475
-38.435, -0.272836
-38.465, -0.287287
-38.495, -0.307596
-38.526, -0.334274
-38.556, -0.367561
-38.586, -0.407388
-38.617, -0.453376
-38.647, -0.504823
-38.678, -0.560740
-38.708, -0.619842
-38.738, -0.680609
-38.769, -0.741325
-38.799, -0.800130
-38.829, -0.855085
-38.860, -0.904238
-38.890, -0.945687
-38.920, -0.977661
-38.951, -0.998562
-38.981, -1.007058
-39.011, -1.002107
-39.042, -0.983018
-39.072, -0.949475
-39.103, -0.901564
-39.133, -0.839774
-39.163, -0.764996
-39.194, -0.678498
-39.224, -0.581895
-39.254, -0.477103
-39.285, -0.366289
-39.315, -0.251798
-39.345, -0.136085
-39.376, -0.021650
-39.406, 0.089050
-39.437, 0.193678
-39.467, 0.290072
-39.497, 0.376319
-39.528, 0.450818
-39.558, 0.512317
-39.588, 0.559951
-39.619, 0.593262
-39.649, 0.612208
-39.679, 0.617153
-39.710, 0.608849
-39.740, 0.588401
-39.771, 0.557214
-39.801, 0.516957
-39.831, 0.469481
-39.862, 0.416749
-39.892, 0.360776
-39.922, 0.303548
-39.953, 0.246946
-39.983, 0.192686
-40.013, 0.142258
-40.044, 0.096871
-40.074, 0.057417
-40.104, 0.024439
-40.135, -0.001873
-40.165, -0.021689
-40.196, -0.035532
-40.226, -0.044234
-40.256, -0.048909
-40.287, -0.050891
-40.317, -0.051694
-40.347, -0.052916
-40.378, -0.056201
-40.408, -0.063127
-40.438, -0.075173
-40.469, -0.093621
-40.499, -0.119516
-40.530, -0.153591
-40.560, -0.196238
-40.590, -0.247468
-40.621, -0.306912
-40.651, -0.373784
-40.681, -0.446928
-40.712, -0.524817
-40.742, -0.605613
-40.772, -0.687200
-40.803, -0.767265
-40.833, -0.843348
-40.864, -0.912938
-40.894, -0.973544
-40.924, -1.022779
-40.955, -1.058432
-40.985, -1.078562
-41.015, -1.081545
-41.046, -1.066136
-41.076, -1.031522
-41.106, -0.977355
-41.137, -0.903770
-41.167, -0.811372
-41.198, -0.701250
-41.228, -0.574935
-41.258, -0.428018
-41.289, -0.269137
-41.319, -0.100871
-41.349, 0.073976
-41.380, 0.252478
-41.410, 0.431631
-41.440, 0.608464
-41.471, 0.780103
-41.501, 0.943861
-41.531, 1.097290
-41.562, 1.238251
-41.592, 1.364952
-41.623, 1.475997
-41.653, 1.570393
-41.683, 1.647564
-41.714, 1.707343
-41.744, 1.749957
-41.774, 1.775980
-41.805, 1.786308
-41.835, 1.782091
-41.865, 1.764694
-41.896, 1.735601
-41.926, 1.696382
-41.957, 1.648608
-41.987, 1.593801
-42.017, 1.533368
-42.048, 1.468554
-42.078, 1.400412
-42.108, 1.329765
-42.139, 1.257187
-42.169, 1.183020
-42.199, 1.107354
-42.230, 1.030068
-42.260, 0.950856
-42.291, 0.869269
-42.321, 0.784758
-42.351, 0.696743
-42.382, 0.604659
-42.412, 0.508017
-42.442, 0.406467
-42.473, 0.299841
-42.503, 0.188213
-42.533, 0.071926
-42.564, -0.048383
-42.594, -0.171762
-42.625, -0.296948
-42.655, -0.422373
-42.685, -0.546206
-42.716, -0.666381
-42.746, -0.780651
-42.776, -0.886653
-42.807, -0.981986
-42.837, -1.064273
-42.867, -1.131262
-42.898, -1.180896
-42.928, -1.211395
-42.958, -1.221335
-42.989, -1.209715
-43.019, -1.175999
-43.050, -1.120181
-43.080, -1.042795
-43.110, -0.944932
-43.141, -0.828234
-43.171, -0.694871
-43.201, -0.547491
-43.232, -0.389181
-43.262, -0.223362
-43.292, -0.053734
-43.323, 0.115849
-43.353, 0.281455
-43.384, 0.439211
-43.414, 0.585398
-43.444, 0.716566
-43.475, 0.829629
-43.505, 0.921973
-43.535, 0.991518
-43.566, 1.036792
-43.596, 1.056987
-43.626, 1.051973
-43.657, 1.022309
-43.687, 0.969242
-43.718, 0.894656
-43.748, 0.801026
-43.778, 0.691350
-43.809, 0.569057
-43.839, 0.437894
-43.869, 0.301831
-43.900, 0.164922
-43.930, 0.031196
-43.960, -0.095475
-43.991, -0.211493
-44.021, -0.313647
-44.051, -0.399206
-44.082, -0.466013
-44.112, -0.512547
-44.143, -0.537975
-44.173, -0.542170
-44.203, -0.525721
-44.234, -0.489912
-44.264, -0.436700
-44.294, -0.368610
-44.325, -0.288704
-44.355, -0.200463
-44.385, -0.107676
-44.416, -0.014327
-44.446, 0.075537
-44.477, 0.157922
-44.507, 0.229026
-44.537, 0.285357
-44.568, 0.323830
-44.598, 0.341888
-44.628, 0.337577
-44.659, 0.309597
-44.689, 0.257369
-44.719, 0.181037
-44.750, 0.081490
-44.780, -0.039673
-44.811, -0.180180
-44.841, -0.337151
-44.871, -0.507181
-44.902, -0.686419
-44.932, -0.870698
-44.962, -1.055631
-44.993, -1.236757
-45.023, -1.409637
-45.053, -1.569998
-45.084, -1.713845
-45.114, -1.837550
-45.145, -1.937979
-45.175, -2.012544
-45.205, -2.059287
-45.236, -2.076911
-45.266, -2.064804
-45.296, -2.023990
-45.327, -1.954316
-45.357, -1.857205
-45.387, -1.734684
-45.418, -1.589305
-45.448, -1.424083
-45.478, -1.242397
-45.509, -1.047888
-45.539, -0.844367
-45.570, -0.635703
-45.600, -0.425732
-45.630, -0.218154
-45.661, -0.016443
-45.691, 0.176220
-45.721, 0.357031
-45.752, 0.523604
-45.782, 0.674007
-45.812, 0.806797
-45.843, 0.921013
-45.873, 1.016178
-45.904, 1.092277
-45.934, 1.149721
-45.964, 1.189299
-45.995, 1.212128
-46.025, 1.219597
-46.055, 1.213289
-46.086, 1.194932
-46.116, 1.166313
-46.146, 1.129232
-46.177, 1.085436
-46.207, 1.036558
-46.238, 0.984102
-46.268, 0.929375
-46.298, 0.873487
-46.329, 0.817319
-46.359, 0.761532
-46.389, 0.706580
-46.420, 0.652708
-46.450, 0.599980
-46.480, 0.548327
-46.511, 0.497564
-46.541, 0.447428
-46.571, 0.397636
-46.602, 0.347906
-46.632, 0.298000
-46.663, 0.247770
-46.693, 0.197162
-46.723, 0.146266
-46.754, 0.095312
-46.784, 0.044682
-46.814, -0.005090
-46.845, -0.053329
-46.875, -0.099232
-46.905, -0.141894
-46.936, -0.180346
-46.966, -0.213570
-46.997, -0.240560
-47.027, -0.260343
-47.057, -0.272028
-47.088, -0.274849
-47.118, -0.268187
-47.148, -0.251612
-47.179, -0.224910
-47.209, -0.188089
-47.239, -0.141400
-47.270, -0.085350
-47.300, -0.020674
-47.331, 0.051656
-47.361, 0.130471
-47.391, 0.214409
-47.422, 0.301974
-47.452, 0.391550
-47.482, 0.481475
-47.513, 0.570046
-47.543, 0.655591
-47.573, 0.736516
-47.604, 0.811326
-47.634, 0.878677
-47.665, 0.937403
-47.695, 0.986557
-47.725, 1.025407
-47.756, 1.053467
-47.786, 1.070496
-47.816, 1.076496
-47.847, 1.071691
-47.877, 1.056528
-47.907, 1.031639
-47.938, 0.997820
-47.968, 0.955992
-47.998, 0.907165
-48.029, 0.852414
-48.059, 0.792821
-48.090, 0.729458
-48.120, 0.663350
-48.150, 0.595439
-48.181, 0.526574
-48.211, 0.457484
-48.241, 0.388769
-48.272, 0.320894
-48.302, 0.254197
-48.332, 0.188896
-48.363, 0.125099
-48.393, 0.062818
-48.424, 0.002014
-48.454, -0.057397
-48.484, -0.115504
-48.515, -0.172380
-48.545, -0.228053
-48.575, -0.282478
-48.606, -0.335511
-48.636, -0.386903
-48.666, -0.436282
-48.697, -0.483148
-48.727, -0.526875
-48.758, -0.566732
-48.788, -0.601875
-48.818, -0.631396
-48.849, -0.654339
-48.879, -0.669734
-48.909, -0.676634
-48.940, -0.674167
-48.970, -0.661569
-49.000, -0.638230
-49.031, -0.603723
-49.061, -0.557859
-49.092, -0.500700
-49.122, -0.432601
-49.152, -0.354206
-49.183, -0.266473
-49.213, -0.170666
-49.243, -0.068343
-49.274, 0.038666
-49.304, 0.148290
-49.334, 0.258260
-49.365, 0.364160
-49.395, 0.465465
-49.425, 0.559623
-49.456, 0.644120
-49.486, 0.716539
-49.517, 0.774637
-49.547, 0.816401
-49.577, 0.840121
-49.608, 0.844442
-49.638, 0.828412
-49.668, 0.791510
-49.699, 0.733702
-49.729, 0.655421
-49.759, 0.557608
-49.790, 0.441664
-49.820, 0.309462
-49.851, 0.163281
-49.881, 0.005781
-49.911, -0.160065
-49.942, -0.331042
-49.972, -0.503759
-50.002, -0.674748
-50.033, -0.840527
-50.063, -0.997697
-50.093, -1.143035
-50.124, -1.273550
-50.154, -1.386591
-50.185, -1.479887
-50.215, -1.551619
-50.245, -1.600461
-50.276, -1.625615
-50.306, -1.626823
-50.336, -1.604389
-50.367, -1.559154
-50.397, -1.492469
-50.427, -1.406175
-50.458, -1.302542
-50.488, -1.184214
-50.518, -1.054125
-50.549, -0.915443
-50.579, -0.771467
-50.610, -0.625552
-50.640, -0.481023
-50.670, -0.341083
-50.701, -0.208746
-50.731, -0.086744
-50.761, 0.022520
-50.792, 0.117042
-50.822, 0.195251
-50.852, 0.256043
-50.883, 0.298808
-50.913, 0.323424
-50.944, 0.330248
-50.974, 0.320107
-51.004, 0.294242
-51.035, 0.254289
-51.065, 0.202205
-51.095, 0.140212
-51.126, 0.070726
-51.156, -0.003712
-51.186, -0.080509
-51.217, -0.157101
-51.247, -0.231021
-51.278, -0.299956
-51.308, -0.361824
-51.338, -0.414820
-51.369, -0.457441
-51.399, -0.488541
-51.429, -0.507354
-51.460, -0.513480
-51.490, -0.506904
-51.520, -0.487978
-51.551, -0.457387
-51.581, -0.416131
-51.612, -0.365477
-51.642, -0.306917
-51.672, -0.242098
-51.703, -0.172791
-51.733, -0.100817
-51.763, -0.027988
-51.794, 0.043937
-51.824, 0.113301
-51.854, 0.178615
-51.885, 0.238569
-51.915, 0.292087
-51.945, 0.338323
-51.976, 0.376704
-52.006, 0.406909
-52.037, 0.428876
-52.067, 0.442782
-52.097, 0.449027
-52.128, 0.448196
-52.158, 0.441032
-52.188, 0.428393
-52.219, 0.411215
-52.249, 0.390459
-52.279, 0.367081
-52.310, 0.341979
-52.340, 0.315972
-52.371, 0.289754
-52.401, 0.263877
-52.431, 0.238717
-52.462, 0.214496
-52.492, 0.191244
-52.522, 0.168827
-52.553, 0.146947
-52.583, 0.125178
-52.613, 0.102981
-52.644, 0.079741
-52.674, 0.054808
-52.705, 0.027542
-52.735, -0.002663
-52.765, -0.036314
-52.796, -0.073799
-52.826, -0.115341
-52.856, -0.160964
-52.887, -0.210483
-52.917, -0.263477
-52.947, -0.319278
-52.978, -0.376994
-53.008, -0.435490
-53.039, -0.493435
-53.069, -0.549321
-53.099, -0.601506
-53.130, -0.648256
-53.160, -0.687806
-53.190, -0.718406
-53.221, -0.738392
-53.251, -0.746245
-53.281, -0.740640
-53.312, -0.720521
-53.342, -0.685134
-53.372, -0.634082
-53.403, -0.566644
-53.433, -0.483933
-53.464, -0.386783
-53.494, -0.276446
-53.524, -0.154588
-53.555, -0.023261
-53.585, 0.115140
-53.615, 0.257923
-53.646, 0.402162
-53.676, 0.544770
-53.706, 0.682582
-53.737, 0.812431
-53.767, 0.931239
-53.798, 1.036106
-53.828, 1.124394
-53.858, 1.193810
-53.889, 1.242462
-53.919, 1.268948
-53.949, 1.272388
-53.980, 1.252460
-54.010, 1.209434
-54.040, 1.144166
-54.071, 1.058076
-54.101, 0.953153
-54.132, 0.831867
-54.162, 0.697139
-54.192, 0.552249
-54.223, 0.400757
-54.253, 0.246401
-54.283, 0.093001
-54.314, -0.055659
-54.344, -0.195925
-54.374, -0.324401
-54.405, -0.438024
-54.435, -0.534175
-54.465, -0.610741
-54.496, -0.666199
-54.526, -0.699655
-54.557, -0.710872
-54.587, -0.700285
-54.617, -0.669000
-54.648, -0.618750
-54.678, -0.551860
-54.708, -0.471166
-54.739, -0.379955
-54.769, -0.281843
-54.799, -0.180681
-54.830, -0.080425
-54.860, 0.014965
-54.891, 0.101676
-54.921, 0.176141
-54.951, 0.235165
-54.982, 0.276034
-55.012, 0.296595
-55.042, 0.295339
-55.073, 0.271470
-55.103, 0.224915
-55.133, 0.156370
-55.164, 0.067267
-55.194, -0.040232
-55.225, -0.163319
-55.255, -0.298573
-55.285, -0.442095
-55.316, -0.589582
-55.346, -0.736470
-55.376, -0.878058
-55.407, -1.009653
-55.437, -1.126692
-55.467, -1.224901
-55.498, -1.300422
-55.528, -1.349919
-55.559, -1.370701
-55.589, -1.360812
-55.619, -1.319081
-55.650, -1.245201
-55.680, -1.139716
-55.710, -1.004050
-55.741, -0.840458
-55.771, -0.651983
-55.801, -0.442380
-55.832, -0.216031
-55.862, 0.022200
-55.892, 0.267062
-55.923, 0.513087
-55.953, 0.754719
-55.984, 0.986480
-56.014, 1.203106
-56.044, 1.399719
-56.075, 1.571925
-56.105, 1.715979
-56.135, 1.828855
-56.166, 1.908348
-56.196, 1.953127
-56.226, 1.962782
-56.257, 1.937825
-56.287, 1.879686
-56.318, 1.790649
-56.348, 1.673823
-56.378, 1.533023
-56.409, 1.372688
-56.439, 1.197730
-56.469, 1.013422
-56.500, 0.825243
-56.530, 0.638723
-56.560, 0.459298
-56.591, 0.292159
-56.621, 0.142112
-56.652, 0.013457
-56.682, -0.090136
-56.712, -0.165709
-56.743, -0.211101
-56.773, -0.224978
-56.803, -0.206890
-56.834, -0.157239
-56.864, -0.077287
-56.894, 0.030911
-56.925, 0.164566
-56.955, 0.320231
-56.986, 0.493916
-57.016, 0.681201
-57.046, 0.877348
-57.077, 1.077448
-57.107, 1.276539
-57.137, 1.469750
-57.168, 1.652409
-57.198, 1.820166
-57.228, 1.969110
-57.259, 2.095830
-57.289, 2.197506
-57.319, 2.271960
-57.350, 2.317684
-57.380, 2.333857
-57.411, 2.320343
-57.441, 2.277662
-57.471, 2.206348
-57.502, 2.108696
-57.532, 1.986888
-57.562, 1.843518
-57.593, 1.681509
-57.623, 1.503997
-57.653, 1.314268
-57.684, 1.115647
-57.714, 0.911415
-57.745, 0.704729
-57.775, 0.498541
-57.805, 0.295554
-57.836, 0.098153
-57.866, -0.091620
-57.896, -0.272082
-57.927, -0.441936
-57.957, -0.600254
-57.987, -0.746464
-58.018, -0.880329
-58.048, -1.001894
-58.079, -1.111469
-58.109, -1.209557
-58.139, -1.296816
-58.170, -1.374005
-58.200, -1.441927
-58.230, -1.501394
-58.261, -1.553176
-58.291, -1.597963
-58.321, -1.636345
-58.352, -1.668793
-58.382, -1.695636
-58.412, -1.717065
-58.443, -1.733150
-58.473, -1.743840
-58.504, -1.748986
-58.534, -1.748382
-58.564, -1.741771
-58.595, -1.728899
-58.625, -1.709542
-58.655, -1.683530
-58.686, -1.650795
-58.716, -1.611376
-58.746, -1.565460
-58.777, -1.513384
-58.807, -1.455644
-58.838, -1.392895
-58.868, -1.325943
-58.898, -1.255731
-58.929, -1.183316
-58.959, -1.109833
-58.989, -1.036470
-59.020, -0.964426
-59.050, -0.894871
-59.080, -0.828902
-59.111, -0.767516
-59.141, -0.711554
-59.172, -0.661681
-59.202, -0.618366
-59.232, -0.581845
-59.263, -0.552112
-59.293, -0.528930
-59.323, -0.511829
-59.354, -0.500102
-59.384, -0.492862
-59.414, -0.489039
-59.445, -0.487443
-59.475, -0.486787
-59.506, -0.485752
-59.536, -0.483020
-59.566, -0.477326
-59.597, -0.467524
-59.627, -0.452604
-59.657, -0.431758
-59.688, -0.404401
-59.718, -0.370196
-59.748, -0.329082
-59.779, -0.281266
-59.809, -0.227246
-59.839, -0.167763
-59.870, -0.103820
-59.900, -0.036616
-59.931, 0.032474
-59.961, 0.101947
-59.991, 0.170229
-60.022, 0.235724
-60.052, 0.296876
-60.082, 0.352224
-60.113, 0.400447
-60.143, 0.440427
-60.173, 0.471275
-60.204, 0.492390
-60.234, 0.503450
-60.265, 0.504474
-60.295, 0.495778
-60.325, 0.478008
-60.356, 0.452105
-60.386, 0.419272
-60.416, 0.380955
-60.447, 0.338778
-60.477, 0.294506
-60.507, 0.249974
-60.538, 0.207032
-60.568, 0.167487
-60.599, 0.133028
-60.629, 0.105179
-60.659, 0.085246
-60.690, 0.074263
-60.720, 0.072957
-60.750, 0.081723
-60.781, 0.100602
-60.811, 0.129291
-60.841, 0.167116
-60.872, 0.213094
-60.902, 0.265928
-60.932, 0.324057
-60.963, 0.385717
-60.993, 0.448982
-61.024, 0.511821
-61.054, 0.572179
-61.084, 0.628033
-61.115, 0.677464
-61.145, 0.718701
-61.175, 0.750195
-61.206, 0.770667
-61.236, 0.779136
-61.266, 0.774967
-61.297, 0.757872
-61.327, 0.727938
-61.358, 0.685607
-61.388, 0.631665
-61.418, 0.567220
-61.449, 0.493661
-61.479, 0.412615
-61.509, 0.328514
-61.540, 0.240675
-61.570, 0.151094
-61.600, 0.061781
-61.631, -0.025328
-61.661, -0.108405
-61.692, -0.185807
-61.722, -0.256093
-61.752, -0.318106
-61.783, -0.370961
-61.813, -0.414093
-61.843, -0.447252
-61.874, -0.470507
-61.904, -0.484237
-61.934, -0.489089
-61.965, -0.485976
-61.995, -0.476006
-62.026, -0.460463
-62.056, -0.440734
-62.086, -0.418265
-62.117, -0.394504
-62.147, -0.370857
-62.177, -0.348617
-62.208, -0.328936
-62.238, -0.312775
-62.268, -0.300877
-62.299, -0.293736
-62.329, -0.291599
-62.359, -0.294444
-62.390, -0.301986
-62.420, -0.313709
-62.451, -0.328873
-62.481, -0.346552
-62.511, -0.365670
-62.542, -0.385043
-62.572, -0.403436
-62.602, -0.419592
-62.633, -0.432300
-62.663, -0.440425
-62.693, -0.442970
-62.724, -0.439092
-62.754, -0.428149
-62.785, -0.409729
-62.815, -0.383644
-62.845, -0.349960
-62.876, -0.308992
-62.906, -0.261280
-62.936, -0.207587
-62.967, -0.148869
-62.997, -0.086235
-63.027, -0.020923
-63.058, 0.045748
-63.088, 0.112424
-63.119, 0.177749
-63.149, 0.240428
-63.179, 0.299235
-63.210, 0.353087
-63.240, 0.401044
-63.270, 0.442350
-63.301, 0.476451
-63.331, 0.503000
-63.361, 0.521859
-63.392, 0.533100
-63.422, 0.536988
-63.453, 0.533957
-63.483, 0.524604
-63.513, 0.509632
-63.544, 0.489839
-63.574, 0.466071
-63.604, 0.439186
-63.635, 0.410028
-63.665, 0.379378
-63.695, 0.347929
-63.726, 0.316282
-63.756, 0.284885
-63.786, 0.254059
-63.817, 0.223964
-63.847, 0.194609
-63.878, 0.165862
-63.908, 0.137462
-63.938, 0.109023
-63.969, 0.080085
-63.999, 0.050121
-64.029, 0.018579
-64.060, -0.015091
-64.090, -0.051403
-64.120, -0.090799
-64.151, -0.133625
-64.181, -0.180102
-64.212, -0.230310
-64.242, -0.284165
-64.272, -0.341424
-64.303, -0.401670
-64.333, -0.464320
-64.363, -0.528647
-64.394, -0.593792
-64.424, -0.658783
-64.454, -0.722574
-64.485, -0.784081
-64.515, -0.842204
-64.546, -0.895879
-64.576, -0.944107
-64.606, -0.985990
-64.637, -1.020774
-64.667, -1.047863
-64.697, -1.066849
-64.728, -1.077532
-64.758, -1.079925
-64.788, -1.074256
-64.819, -1.060970
-64.849, -1.040703
-64.879, -1.014271
-64.910, -0.982647
-64.940, -0.946921
-64.971, -0.908263
-65.001, -0.867885
-65.031, -0.827004
-65.062, -0.786788
-65.092, -0.748335
-65.122, -0.712614
-65.153, -0.680445
-65.183, -0.652464
-65.213, -0.629107
-65.244, -0.610588
-65.274, -0.596901
-65.305, -0.587813
-65.335, -0.582885
-65.365, -0.581474
-65.396, -0.582781
-65.426, -0.585855
-65.456, -0.589657
-65.487, -0.593079
-65.517, -0.595002
-65.547, -0.594324
-65.578, -0.591313
-65.608, -0.583772
-65.639, -0.570932
-65.669, -0.552210
-65.699, -0.527231
-65.730, -0.495842
-65.760, -0.458123
-65.790, -0.414403
-65.821, -0.365216
-65.851, -0.311325
-65.881, -0.253682
-65.912, -0.193382
-65.942, -0.131647
-65.973, -0.069774
-66.003, -0.009091
-66.033, 0.049093
-66.064, 0.103542
-66.094, 0.153111
-66.124, 0.196832
-66.155, 0.233914
-66.185, 0.263799
-66.215, 0.286169
-66.246, 0.300970
-66.276, 0.308425
-66.306, 0.309007
-66.337, 0.303460
-66.367, 0.292749
-66.398, 0.278038
-66.428, 0.260660
-66.458, 0.242068
-66.489, 0.223785
-66.519, 0.207347
-66.549, 0.194268
-66.580, 0.185968
-66.610, 0.183730
-66.640, 0.188657
-66.671, 0.201630
-66.701, 0.223269
-66.732, 0.253924
-66.762, 0.293634
-66.792, 0.342145
-66.823, 0.398909
-66.853, 0.463085
-66.883, 0.533584
-66.914, 0.609081
-66.944, 0.688082
-66.974, 0.768938
-67.005, 0.849933
-67.035, 0.929313
-67.066, 1.005348
-67.096, 1.076401
-67.126, 1.140964
-67.157, 1.197719
-67.187, 1.245569
-67.217, 1.283690
-67.248, 1.311539
-67.278, 1.328877
-67.308, 1.335784
-67.339, 1.332643
-67.369, 1.320125
-67.400, 1.299174
-67.430, 1.270959
-67.460, 1.236845
-67.491, 1.198336
-67.521, 1.157033
-67.551, 1.114550
-67.582, 1.072486
-67.612, 1.032361
-67.642, 0.995549
-67.673, 0.963237
-67.703, 0.936388
-67.733, 0.915687
-67.764, 0.901547
-67.794, 0.894056
-67.825, 0.893001
-67.855, 0.897852
-67.885, 0.907801
-67.916, 0.921773
-67.946, 0.938461
-67.976, 0.956384
-68.007, 0.973924
-68.037, 0.989398
-68.067, 1.001100
-68.098, 1.007377
-68.128, 1.006685
-68.159, 0.997641
-68.189, 0.979080
-68.219, 0.950103
-68.250, 0.910113
-68.280, 0.858840
-68.310, 0.796363
-68.341, 0.723120
-68.371, 0.639893
-68.401, 0.547794
-68.432, 0.448251
-68.462, 0.342958
-68.493, 0.233828
-68.523, 0.122941
-68.553, 0.012492
-68.584, -0.095278
-68.614, -0.198156
-68.644, -0.294013
-68.675, -0.380870
-68.705, -0.456963
-68.735, -0.520775
-68.766, -0.571114
-68.796, -0.607128
-68.826, -0.628335
-68.857, -0.634638
-68.887, -0.626328
-68.918, -0.604081
-68.948, -0.568920
-68.978, -0.522212
-69.009, -0.465595
-69.039, -0.400965
-69.069, -0.330380
-69.100, -0.256023
-69.130, -0.180129
-69.160, -0.104924
-69.191, -0.032551
-69.221, 0.034987
-69.252, 0.095889
-69.282, 0.148610
-69.312, 0.191895
-69.343, 0.224820
-69.373, 0.246819
-69.403, 0.257687
-69.434, 0.257593
-69.464, 0.247058
-69.494, 0.226944
-69.525, 0.198406
-69.555, 0.162875
-69.586, 0.121984
-69.616, 0.078063
-69.646, 0.032475
-69.677, -0.012862
-69.707, -0.056048
-69.737, -0.095281
-69.768, -0.128911
-69.798, -0.155503
-69.828, -0.173867
-69.859, -0.183119
-69.889, -0.182695
-69.920, -0.172389
-69.950, -0.152346
-69.980, -0.123065
-70.011, -0.085398
-70.041, -0.040515
-70.071, 0.010130
-70.102, 0.064838
-70.132, 0.121708
-70.162, 0.178704
-70.193, 0.233711
-70.223, 0.284597
-70.253, 0.329285
-70.284, 0.365809
-70.314, 0.392376
-70.345, 0.407428
-70.375, 0.409682
-70.405, 0.398179
-70.436, 0.372325
-70.466, 0.331888
-70.496, 0.277052
-70.527, 0.208371
-70.557, 0.126800
-70.587, 0.033654
-70.618, -0.069416
-70.648, -0.180465
-70.679, -0.297298
-70.709, -0.417530
-70.739, -0.538646
-70.770, -0.658060
-70.800, -0.773184
-70.830, -0.881498
-70.861, -0.980616
-70.891, -1.068341
-70.921, -1.142724
-70.952, -1.202119
-70.982, -1.245230
-71.013, -1.271135
-71.043, -1.279309
-71.073, -1.269651
-71.104, -1.242474
-71.134, -1.198503
-71.164, -1.138853
-71.195, -1.065013
-71.225, -0.978783
-71.255, -0.882254
-71.286, -0.777734
-71.316, -0.667700
-71.347, -0.554739
-71.377, -0.441463
-71.407, -0.330457
-71.438, -0.224214
-71.468, -0.125061
-71.498, -0.035115
-71.529, 0.043798
-71.559, 0.110150
-71.589, 0.162782
-71.620, 0.200915
-71.650, 0.224178
-71.680, 0.232607
-71.711, 0.226651
-71.741, 0.207140
-71.772, 0.175296
-71.802, 0.132655
-71.832, 0.081067
-71.863, 0.022606
-71.893, -0.040462
-71.923, -0.105738
-71.954, -0.170784
-71.984, -0.233164
-72.014, -0.290515
-72.045, -0.340631
-72.075, -0.381506
-72.106, -0.411399
-72.136, -0.428882
-72.166, -0.432887
-72.197, -0.422739
-72.227, -0.398174
-72.257, -0.359355
-72.288, -0.306869
-72.318, -0.241721
-72.348, -0.165317
-72.379, -0.079412
-72.409, 0.013912
-72.440, 0.112306
-72.470, 0.213217
-72.500, 0.313956
-72.531, 0.411742
-72.561, 0.503826
-72.591, 0.587513
-72.622, 0.660274
-72.652, 0.719794
-72.682, 0.764039
-72.713, 0.791330
-72.743, 0.800377
-72.773, 0.790329
-72.804, 0.760798
-72.834, 0.711885
-72.865, 0.644170
-72.895, 0.558720
-72.925, 0.457064
-72.956, 0.341159
-72.986, 0.213334
-73.016, 0.076267
-73.047, -0.067118
-73.077, -0.213694
-73.107, -0.360223
-73.138, -0.503440
-73.168, -0.640117
-73.199, -0.767176
-73.229, -0.881745
-73.259, -0.981234
-73.290, -1.063421
-73.320, -1.126504
-73.350, -1.169129
-73.381, -1.190462
-73.411, -1.190195
-73.441, -1.168547
-73.472, -1.126278
-73.502, -1.064659
-73.533, -0.985449
-73.563, -0.890848
-73.593, -0.783425
-73.624, -0.666078
-73.654, -0.541934
-73.684, -0.419200
-73.715, -0.296318
-73.745, -0.176624
-73.775, -0.063347
-73.806, 0.040472
-73.836, 0.132072
-73.867, 0.209041
-73.897, 0.269380
-73.927, 0.311551
-73.958, 0.334520
-73.988, 0.337800
-74.018, 0.321430
-74.049, 0.286004
-74.079, 0.232640
-74.109, 0.162942
-74.140, 0.078972
-74.170, -0.016821
-74.200, -0.121661
-74.231, -0.232532
-74.261, -0.346247
-74.292, -0.459540
-74.322, -0.569149
-74.352, -0.671930
-74.383, -0.764914
-74.413, -0.845383
-74.443, -0.910971
-74.474, -0.959699
-74.504, -0.990041
-74.534, -1.000957
-74.565, -0.991910
-74.595, -0.962891
-74.626, -0.914406
-74.656, -0.847462
-74.686, -0.763530
-74.717, -0.664501
-74.747, -0.552635
-74.777, -0.430503
-74.808, -0.300889
-74.838, -0.166753
-74.868, -0.031105
-74.899, 0.103038
-74.929, 0.232750
-74.960, 0.355272
-74.990, 0.468078
-75.020, 0.568936
-75.051, 0.655962
-75.081, 0.727661
-75.111, 0.782960
-75.142, 0.821218
-75.172, 0.842242
-75.202, 0.846268
-75.233, 0.833941
-75.263, 0.806302
-75.293, 0.764722
-75.324, 0.710867
-75.354, 0.646636
-75.385, 0.574102
-75.415, 0.495454
-75.445, 0.412905
-75.476, 0.328665
-75.506, 0.244848
-75.536, 0.163443
-75.567, 0.086222
-75.597, 0.014752
-75.627, -0.049688
-75.658, -0.106105
-75.688, -0.153814
-75.719, -0.192440
-75.749, -0.221911
-75.779, -0.242443
-75.810, -0.254529
-75.840, -0.258876
-75.870, -0.256401
-75.901, -0.248164
-75.931, -0.235342
-75.961, -0.219155
-75.992, -0.200844
-76.022, -0.181602
-76.053, -0.162561
-76.083, -0.144721
-76.113, -0.128934
-76.144, -0.115881
-76.174, -0.106053
-76.204, -0.099736
-76.235, -0.097000
-76.265, -0.097726
-76.295, -0.101609
-76.326, -0.108173
-76.356, -0.116801
-76.387, -0.126768
-76.417, -0.137274
-76.447, -0.147481
-76.478, -0.156547
-76.508, -0.163658
-76.538, -0.168082
-76.569, -0.169172
-76.599, -0.166420
-76.629, -0.159460
-76.660, -0.148098
-76.690, -0.132301
-76.720, -0.112221
-76.751, -0.088170
-76.781, -0.060633
-76.812, -0.030223
-76.842, 0.002318
-76.872, 0.036163
-76.903, 0.070416
-76.933, 0.104165
-76.963, 0.136489
-76.994, 0.166520
-77.024, 0.193452
-77.054, 0.216581
-77.085, 0.235328
-77.115, 0.249267
-77.146, 0.258118
-77.176, 0.261786
-77.206, 0.260340
-77.237, 0.254027
-77.267, 0.243243
-77.297, 0.228531
-77.328, 0.210559
-77.358, 0.190089
-77.388, 0.167945
-77.419, 0.145004
-77.449, 0.122127
-77.480, 0.100165
-77.510, 0.079890
-77.540, 0.062008
-77.571, 0.047091
-77.601, 0.035591
-77.631, 0.027812
-77.662, 0.023896
-77.692, 0.023827
-77.722, 0.027428
-77.753, 0.042813
-77.783, 0.061104
-77.814, 0.081739
-77.844, 0.104079
-77.874, 0.127419
-77.905, 0.151044
-77.935, 0.174236
-77.965, 0.196332
-77.996, 0.216730
-78.026, 0.234940
-78.056, 0.250591
-78.087, 0.263463
-78.117, 0.273500
-78.147, 0.280799
-78.178, 0.285647
-78.208, 0.288480
-78.239, 0.289882
-78.269, 0.290570
-78.299, 0.291364
-78.330, 0.293154
-78.360, 0.296855
-78.390, 0.303396
-78.421, 0.313647
-78.451, 0.328401
-78.481, 0.348311
-78.512, 0.373894
-78.542, 0.405448
-78.573, 0.443071
-78.603, 0.486607
-78.633, 0.535650
-78.664, 0.589543
-78.694, 0.647378
-78.724, 0.707999
-78.755, 0.770044
-78.785, 0.831967
-78.815, 0.892075
-78.846, 0.948576
-78.876, 0.999630
-78.907, 1.043393
-78.937, 1.078089
-78.967, 1.102067
-78.998, 1.113822
-79.028, 1.112103
-79.058, 1.095908
-79.089, 1.064552
-79.119, 1.017692
-79.149, 0.955344
-79.180, 0.877907
-79.210, 0.786151
-79.240, 0.681220
-79.271, 0.564595
-79.301, 0.438087
-79.332, 0.303763
-79.362, 0.163930
-79.392, 0.021054
-79.423, -0.122295
-79.453, -0.263512
-79.483, -0.400019
-79.514, -0.529346
-79.544, -0.649184
-79.574, -0.757464
-79.605, -0.852397
-79.635, -0.932535
-79.666, -0.996801
-79.696, -1.044523
-79.726, -1.075451
-79.757, -1.089758
-79.787, -1.088041
-79.817, -1.071287
-79.848, -1.040862
-79.878, -0.998446
-79.908, -0.946007
-79.939, -0.885725
-79.969, -0.819936
-80.000, -0.751049
-80.030, -0.681507
-80.060, -0.613678
-80.091, -0.549816
-80.121, -0.491991
-80.151, -0.442014
-80.182, -0.401419
-80.212, -0.371398
-80.242, -0.352779
-80.273, -0.346019
-80.303, -0.351184
-80.334, -0.367961
-80.364, -0.395683
-80.394, -0.433341
-80.425, -0.479643
-80.455, -0.533035
-80.485, -0.591790
-80.516, -0.654029
-80.546, -0.717808
-80.576, -0.781180
-80.607, -0.842237
-80.637, -0.899187
-80.667, -0.950408
-80.698, -0.994483
-80.728, -1.030249
-80.759, -1.056825
-80.789, -1.073630
-80.819, -1.080383
-80.850, -1.077131
-80.880, -1.064199
-80.910, -1.042192
-80.941, -1.011961
-80.971, -0.974559
-81.001, -0.931202
-81.032, -0.883210
-81.062, -0.831967
-81.093, -0.778863
-81.123, -0.725229
-81.153, -0.672319
-81.184, -0.621235
-81.214, -0.572906
-81.244, -0.528044
-81.275, -0.487143
-81.305, -0.450448
-81.335, -0.417958
-81.366, -0.389428
-81.396, -0.364409
-81.427, -0.342232
-81.457, -0.322082
-81.487, -0.303008
-81.518, -0.283982
-81.548, -0.263944
-81.578, -0.241853
-81.609, -0.216724
-81.639, -0.187696
-81.669, -0.154054
-81.700, -0.115274
-81.730, -0.071057
-81.761, -0.021341
-81.791, 0.027211
-81.821, 0.080619
-81.852, 0.138187
-81.882, 0.198984
-81.912, 0.261881
-81.943, 0.325575
-81.973, 0.388646
-82.003, 0.449594
-82.034, 0.506888
-82.064, 0.559032
-82.094, 0.604628
-82.125, 0.642396
-82.155, 0.671260
-82.186, 0.690371
-82.216, 0.699163
-82.246, 0.697350
-82.277, 0.684980
-82.307, 0.662419
-82.337, 0.630361
-82.368, 0.589801
-82.398, 0.542022
-82.428, 0.488562
-82.459, 0.431146
-82.489, 0.371659
-82.520, 0.312074
-82.550, 0.254395
-82.580, 0.200593
-82.611, 0.152521
-82.641, 0.111895
-82.671, 0.080185
-82.702, 0.058597
-82.732, 0.048023
-82.762, 0.048995
-82.793, 0.061682
-82.823, 0.085869
-82.854, 0.120952
-82.884, 0.165975
-82.914, 0.219635
-82.945, 0.280339
-82.975, 0.346238
-83.005, 0.415291
-83.036, 0.485342
-83.066, 0.554177
-83.096, 0.619596
-83.127, 0.679492
-83.157, 0.731919
-83.187, 0.775174
-83.218, 0.807821
-83.248, 0.828779
-83.279, 0.837338
-83.309, 0.833205
-83.339, 0.816494
-83.370, 0.787761
-83.400, 0.747960
-83.430, 0.698439
-83.461, 0.640883
-83.491, 0.577274
-83.521, 0.509831
-83.552, 0.440940
-83.582, 0.373068
-83.613, 0.308701
-83.643, 0.250252
-83.673, 0.199990
-83.704, 0.159960
-83.734, 0.131923
-83.764, 0.117281
-83.795, 0.117056
-83.825, 0.131824
-83.855, 0.161712
-83.886, 0.206382
-83.916, 0.265042
-83.947, 0.336461
-83.977, 0.419006
-84.007, 0.510689
-84.038, 0.609228
-84.068, 0.712110
-84.098, 0.816665
-84.129, 0.920156
-84.159, 1.019854
-84.189, 1.113110
-84.220, 1.197450
-84.250, 1.270641
-84.281, 1.330761
-84.311, 1.376240
-84.341, 1.405926
-84.372, 1.419097
-84.402, 1.415493
-84.432, 1.395309
-84.463, 1.359190
-84.493, 1.308202
-84.523, 1.243802
-84.554, 1.167781
-84.584, 1.082198
-84.614, 0.989339
-84.645, 0.891617
-84.675, 0.791510
-84.706, 0.691480
-84.736, 0.593905
-84.766, 0.500996
-84.797, 0.414745
-84.827, 0.336860
-84.857, 0.268728
-84.888, 0.211366
-84.918, 0.165420
-84.948, 0.131136
-84.979, 0.108371
-85.009, 0.096616
-85.040, 0.095014
-85.070, 0.102399
-85.100, 0.117356
-85.131, 0.138259
-85.161, 0.163346
-85.191, 0.190783
-85.222, 0.218708
-85.252, 0.245328
-85.282, 0.268951
-85.313, 0.288056
-85.343, 0.301339
-85.374, 0.307749
-85.404, 0.306523
-85.434, 0.297197
-85.465, 0.279623
-85.495, 0.253964
-85.525, 0.220673
-85.556, 0.180484
-85.586, 0.134365
-85.616, 0.083489
-85.647, 0.029186
-85.677, -0.027117
-85.708, -0.083930
-85.738, -0.139767
-85.768, -0.193192
-85.799, -0.242866
-85.829, -0.287590
-85.859, -0.316556
-85.890, -0.338732
-85.920, -0.353527
-85.950, -0.360592
-85.981, -0.359808
-86.011, -0.351300
-86.041, -0.335409
-86.072, -0.312677
-86.102, -0.283813
-86.133, -0.249666
-86.163, -0.211177
-86.193, -0.169358
-86.224, -0.125231
-86.254, -0.079815
-86.284, -0.034061
-86.315, 0.011154
-86.345, 0.055064
-86.375, 0.097038
-86.406, 0.136581
-86.436, 0.173350
-86.467, 0.207149
-86.497, 0.237915
-86.527, 0.265712
-86.558, 0.290707
-86.588, 0.313131
-86.618, 0.333272
-86.649, 0.351430
-86.679, 0.367882
-86.709, 0.382866
-86.740, 0.396539
-86.770, 0.408958
-86.801, 0.420064
-86.831, 0.429668
-86.861, 0.437441
-86.892, 0.442915
-86.922, 0.445500
-86.952, 0.444498
-86.983, 0.439120
-87.013, 0.428518
-87.043, 0.411830
-87.074, 0.388203
-87.104, 0.356843
-87.134, 0.317055
-87.165, 0.268283
-87.195, 0.210150
-87.226, 0.142486
-87.256, 0.065359
-87.286, -0.020906
-87.317, -0.115707
-87.347, -0.218178
-87.377, -0.327184
-87.408, -0.441339
-87.438, -0.559034
-87.468, -0.678476
-87.499, -0.797722
-87.529, -0.914733
-87.560, -1.027426
-87.590, -1.133745
-87.620, -1.231697
-87.651, -1.319438
-87.681, -1.395303
-87.711, -1.457878
-87.742, -1.506038
-87.772, -1.538975
-87.802, -1.556249
-87.833, -1.557777
-87.863, -1.543859
-87.894, -1.515164
-87.924, -1.472705
-87.954, -1.417828
-87.985, -1.352157
-88.015, -1.277544
-88.045, -1.196024
-88.076, -1.109748
-88.106, -1.020905
-88.136, -0.931681
-88.167, -0.844159
-88.197, -0.760291
-88.228, -0.681804
-88.258, -0.610176
-88.288, -0.546583
-88.319, -0.491868
-88.349, -0.446522
-88.379, -0.410671
-88.410, -0.384087
-88.440, -0.366208
-88.470, -0.356157
-88.501, -0.352784
-88.531, -0.354719
-88.561, -0.360421
-88.592, -0.368246
-88.622, -0.376508
-88.653, -0.383539
-88.683, -0.387765
-88.713, -0.387755
-88.744, -0.382276
-88.774, -0.370347
-88.804, -0.351261
-88.835, -0.324625
-88.865, -0.290363
-88.895, -0.248721
-88.926, -0.200257
-88.956, -0.145813
-88.987, -0.086483
-89.017, -0.023569
-89.047, 0.041467
-89.078, 0.107072
-89.108, 0.171645
-89.138, 0.233627
-89.169, 0.291538
-89.199, 0.344043
-89.229, 0.390018
-89.260, 0.428574
-89.290, 0.459110
-89.321, 0.481324
-89.351, 0.495239
-89.381, 0.501182
-89.412, 0.499796
-89.442, 0.491987
-89.472, 0.478916
-89.503, 0.461922
-89.533, 0.442487
-89.563, 0.422161
-89.594, 0.402501
-89.624, 0.385007
-89.654, 0.371042
-89.685, 0.361780
-89.715, 0.358154
-89.746, 0.360792
-89.776, 0.369995
-89.806, 0.385704
-89.837, 0.407494
-89.867, 0.434576
-89.897, 0.453836
-89.928, 0.475807
-89.958, 0.498784
-89.988, 0.520848
-90.019, 0.539945
-90.049, 0.553959
-90.080, 0.560800
-90.110, 0.558477
-90.140, 0.545190
-90.171, 0.519408
-90.201, 0.479947
-90.231, 0.426017
-90.262, 0.357293
-90.292, 0.273938
-90.322, 0.176624
-90.353, 0.066545
-90.383, -0.054617
-90.414, -0.184701
-90.444, -0.321147
-90.474, -0.461035
-90.505, -0.601179
-90.535, -0.738221
-90.565, -0.868732
-90.596, -0.989308
-90.626, -1.096695
-90.656, -1.187886
-90.687, -1.260226
-90.717, -1.311502
-90.748, -1.340033
-90.778, -1.344725
-90.808, -1.325131
-90.839, -1.281471
-90.869, -1.214641
-90.899, -1.126212
-90.930, -1.018366
-90.960, -0.893883
-90.990, -0.756023
-91.021, -0.608457
-91.051, -0.455163
-91.081, -0.300294
-91.112, -0.148065
-91.142, -0.002611
-91.173, 0.132120
-91.203, 0.252516
-91.233, 0.355394
-91.264, 0.438121
-91.294, 0.498680
-91.324, 0.535753
-91.355, 0.548758
-91.385, 0.537879
-91.415, 0.504060
-91.446, 0.448984
-91.476, 0.375008
-91.507, 0.285128
-91.537, 0.182842
-91.567, 0.072090
-91.598, -0.042905
-91.628, -0.157747
-91.658, -0.268014
-91.689, -0.369395
-91.719, -0.457816
-91.749, -0.529588
-91.780, -0.581503
-91.810, -0.610955
-91.841, -0.616007
-91.871, -0.595471
-91.901, -0.548930
-91.932, -0.476769
-91.962, -0.380158
-91.992, -0.261023
-92.023, -0.121977
-92.053, 0.033738
-92.083, 0.202357
-92.114, 0.379721
-92.144, 0.561369
-92.175, 0.742697
-92.205, 0.919085
-92.235, 1.086030
-92.266, 1.239282
-92.296, 1.374977
-92.326, 1.489717
-92.357, 1.580693
-92.387, 1.645746
-92.417, 1.683421
-92.448, 1.693012
-92.478, 1.674550
-92.508, 1.628804
-92.539, 1.557237
-92.569, 1.461951
-92.600, 1.345615
-92.630, 1.211363
-92.660, 1.062704
-92.691, 0.903392
-92.721, 0.737331
-92.751, 0.568429
-92.782, 0.400498
-92.812, 0.237141
-92.842, 0.081653
-92.873, -0.063075
-92.903, -0.194620
-92.934, -0.311081
-92.964, -0.411116
-92.994, -0.493965
-93.025, -0.559429
-93.055, -0.607873
-93.085, -0.640147
-93.116, -0.657587
-93.146, -0.661885
-93.176, -0.655048
-93.207, -0.639297
-93.237, -0.616981
-93.268, -0.590477
-93.298, -0.562104
-93.328, -0.534043
-93.359, -0.508251
-93.389, -0.486405
-93.419, -0.469845
-93.450, -0.459542
-93.480, -0.456066
-93.510, -0.459595
-93.541, -0.469908
-93.571, -0.486419
-93.601, -0.508219
-93.632, -0.534113
-93.662, -0.562687
-93.693, -0.592380
-93.723, -0.621546
-93.753, -0.648522
-93.784, -0.671715
-93.814, -0.689652
-93.844, -0.701052
-93.875, -0.704873
-93.905, -0.700349
-93.935, -0.687032
-93.966, -0.666363
-93.996, -0.636968
-94.027, -0.599366
-94.057, -0.554368
-94.087, -0.503043
-94.118, -0.446689
-94.148, -0.386751
-94.178, -0.324797
-94.209, -0.262426
-94.239, -0.201227
-94.269, -0.142713
-94.300, -0.088258
-94.330, -0.039049
-94.361, 0.003941
-94.391, 0.040017
-94.421, 0.068752
-94.452, 0.090014
-94.482, 0.103966
-94.512, 0.111035
-94.543, 0.111911
-94.573, 0.107483
-94.603, 0.098827
-94.634, 0.087132
-94.664, 0.073652
-94.695, 0.059657
-94.725, 0.046362
-94.755, 0.034877
-94.786, 0.026165
-94.816, 0.020988
-94.846, 0.019872
-94.877, 0.023094
-94.907, 0.030652
-94.937, 0.042273
-94.968, 0.057422
-94.998, 0.075315
-95.028, 0.094960
-95.059, 0.115186
-95.089, 0.134708
-95.120, 0.152171
-95.150, 0.166209
-95.180, 0.175509
-95.211, 0.178867
-95.241, 0.175247
-95.271, 0.163833
-95.302, 0.144063
-95.332, 0.115675
-95.362, 0.078721
-95.393, 0.033578
-95.423, -0.019046
-95.454, -0.078142
-95.484, -0.142410
-95.514, -0.210303
-95.545, -0.280081
-95.575, -0.349862
-95.605, -0.417691
-95.636, -0.481591
-95.666, -0.539657
-95.696, -0.590099
-95.727, -0.631327
-95.757, -0.661996
-95.788, -0.681065
-95.818, -0.687829
-95.848, -0.681958
-95.879, -0.663501
-95.909, -0.632903
-95.939, -0.590979
-95.970, -0.538900
-96.000, -0.478148
-96.030, -0.410477
-96.061, -0.337848
-96.091, -0.262355
-96.122, -0.186174
-96.152, -0.111477
-96.182, -0.040347
-96.213, 0.025262
-96.243, 0.083620
-96.273, 0.133264
-96.304, 0.173052
-96.334, 0.202194
-96.364, 0.220280
-96.395, 0.227285
-96.425, 0.223574
-96.455, 0.209868
-96.486, 0.187226
-96.516, 0.156987
-96.547, 0.120733
-96.577, 0.080207
-96.607, 0.037265
-96.638, -0.006225
-96.668, -0.048429
-96.698, -0.087635
-96.729, -0.122313
-96.759, -0.151176
-96.789, -0.173229
-96.820, -0.187806
-96.850, -0.194600
-96.881, -0.193664
-96.911, -0.185420
-96.941, -0.170633
-96.972, -0.150378
-97.002, -0.126000
-97.032, -0.099061
-97.063, -0.071267
-97.093, -0.044395
-97.123, -0.020237
-97.154, -0.000502
-97.184, 0.013248
-97.215, 0.019672
-97.245, 0.017697
-97.275, 0.006593
-97.306, -0.014005
-97.336, -0.044062
-97.366, -0.083138
-97.397, -0.130386
-97.427, -0.184583
-97.457, -0.244145
-97.488, -0.307205
-97.518, -0.371654
-97.548, -0.435212
-97.579, -0.495517
-97.609, -0.550211
-97.640, -0.597011
-97.670, -0.633810
-97.700, -0.658752
-97.731, -0.670300
-97.761, -0.667300
-97.791, -0.649035
-97.822, -0.615250
-97.852, -0.566181
-97.882, -0.502553
-97.913, -0.425560
-97.943, -0.336833
-97.974, -0.238389
-98.004, -0.123616
-98.034, -0.004068
-98.065, 0.117498
-98.095, 0.238248
-98.125, 0.355386
-98.156, 0.466224
-98.186, 0.568306
-98.216, 0.659453
-98.247, 0.737884
-98.277, 0.802243
-98.308, 0.851670
-98.338, 0.885811
-98.368, 0.904857
-98.399, 0.909510
-98.429, 0.900974
-98.459, 0.880901
-98.490, 0.851342
-98.520, 0.814661
-98.550, 0.773449
-98.581, 0.730429
-98.611, 0.688355
-98.642, 0.649893
-98.672, 0.617540
-98.702, 0.593507
-98.733, 0.579639
-98.763, 0.577336
-98.793, 0.587494
-98.824, 0.610454
-98.854, 0.645992
-98.884, 0.693298
-98.915, 0.751012
-98.945, 0.817242
-98.975, 0.889650
-99.006, 0.965496
-99.036, 1.041757
-99.067, 1.115209
-99.097, 1.182568
-99.127, 1.240572
-99.158, 1.286133
-99.188, 1.316430
-99.218, 1.329035
-99.249, 1.321988
-99.279, 1.293915
-99.309, 1.244056
-99.340, 1.172328
-99.370, 1.079354
-99.401, 0.966441
-99.431, 0.835573
-99.461, 0.689364
-99.492, 0.530973
-99.522, 0.364033
-99.552, 0.192530
-99.583, 0.020701
-99.613, -0.147112
-99.643, -0.306583
-99.674, -0.453561
-99.704, -0.584163
-99.735, -0.694936
-99.765, -0.782950
-99.795, -0.845899
-99.826, -0.882173
-99.856, -0.890926
-99.886, -0.872088
-99.917, -0.826396
-99.947, -0.755354
-99.977, -0.661194
-100.008, -0.546812
-100.038, -0.415681
-100.069, -0.271734
-100.099, -0.119254
-100.129, 0.037272
-100.160, 0.193282
-100.190, 0.344292
-100.220, 0.486028
-100.251, 0.614562
-100.281, 0.726428
-100.311, 0.818743
-100.342, 0.889264
-100.372, 0.936485
-100.402, 0.959649
-100.433, 0.958782
-100.463, 0.934677
-100.494, 0.888856
-100.524, 0.823505
-100.554, 0.741405
-100.585, 0.645818
-100.615, 0.540386
-100.645, 0.428979
-100.676, 0.315585
-100.706, 0.204155
-100.736, 0.098479
-100.767, 0.002042
-100.797, -0.082078
-100.828, -0.151326
-100.858, -0.203744
-100.888, -0.238050
-100.919, -0.253661
-100.949, -0.250718
-100.979, -0.230071
-101.010, -0.193256
-101.040, -0.142416
-101.070, -0.080251
-101.101, -0.009891
-101.131, 0.065193
-101.162, 0.141332
-101.192, 0.214781
-101.222, 0.281851
-101.253, 0.339046
-101.283, 0.383182
-101.313, 0.411502
-101.344, 0.421792
-101.374, 0.412431
-101.404, 0.382474
-101.435, 0.331685
-101.465, 0.260546
-101.495, 0.170240
-101.526, 0.062637
-101.556, -0.059789
-101.587, -0.194029
-101.617, -0.336642
-101.647, -0.483853
-101.678, -0.631695
-101.708, -0.776129
-101.738, -0.913175
-101.769, -1.039047
-101.799, -1.150278
-101.829, -1.243827
-101.860, -1.317184
-101.890, -1.368443
-101.921, -1.396367
-101.951, -1.400422
-101.981, -1.380801
-102.012, -1.338397
-102.042, -1.274784
-102.072, -1.199028
-102.103, -1.106990
-102.133, -1.001854
-102.163, -0.887146
-102.194, -0.766611
-102.224, -0.644090
-102.255, -0.523388
-102.285, -0.408158
-102.315, -0.301769
-102.346, -0.207206
-102.376, -0.126962
-102.406, -0.062978
-102.437, -0.016570
-102.467, 0.011603
-102.497, 0.021554
-102.528, 0.013957
-102.558, -0.009883
-102.589, -0.048086
-102.619, -0.098259
-102.649, -0.157608
-102.680, -0.223009
-102.710, -0.291166
-102.740, -0.358678
-102.771, -0.422207
-102.801, -0.478577
-102.831, -0.524890
-102.862, -0.558629
-102.892, -0.577752
-102.922, -0.580766
-102.953, -0.566779
-102.983, -0.535532
-103.014, -0.487409
-103.044, -0.423439
-103.074, -0.345248
-103.105, -0.254999
-103.135, -0.155353
-103.165, -0.049333
-103.196, 0.059744
-103.226, 0.168398
-103.256, 0.273089
-103.287, 0.370371
-103.317, 0.456966
-103.348, 0.529917
-103.378, 0.586677
-103.408, 0.625196
-103.439, 0.643993
-103.469, 0.642227
-103.499, 0.619723
-103.530, 0.576986
-103.560, 0.515176
-103.590, 0.436110
-103.621, 0.342182
-103.651, 0.236307
-103.682, 0.121821
-103.712, 0.002390
-103.742, -0.118113
-103.773, -0.235727
-103.803, -0.346514
-103.833, -0.446704
-103.864, -0.532798
-103.894, -0.601679
-103.924, -0.650721
-103.955, -0.677852
-103.985, -0.681647
-104.015, -0.661351
-104.046, -0.616915
-104.076, -0.548994
-104.107, -0.458930
-104.137, -0.348722
-104.167, -0.220949
-104.198, -0.078708
-104.228, 0.074483
-104.258, 0.234799
-104.289, 0.398202
-104.319, 0.560581
-104.349, 0.717856
-104.380, 0.866115
-104.410, 1.001698
-104.441, 1.121344
-104.471, 1.222236
-104.501, 1.302119
-104.532, 1.359324
-104.562, 1.392837
-104.592, 1.402313
-104.623, 1.388069
-104.653, 1.351068
-104.683, 1.292889
-104.714, 1.215659
-104.744, 1.121998
-104.775, 1.014914
-104.805, 0.897722
-104.835, 0.773934
-104.866, 0.647156
-104.896, 0.520981
-104.926, 0.398870
-104.957, 0.284068
-104.987, 0.179504
-105.017, 0.087711
-105.048, 0.010762
-105.078, -0.049788
-105.109, -0.092934
-105.139, -0.118231
-105.169, -0.125811
-105.200, -0.116358
-105.230, -0.091063
-105.260, -0.051598
-105.291, -0.000036
-105.321, 0.061207
-105.351, 0.129478
-105.382, 0.201922
-105.412, 0.275650
-105.442, 0.347766
-105.473, 0.415472
-105.503, 0.476164
-105.534, 0.527501
-105.564, 0.567465
-105.594, 0.594428
-105.625, 0.607182
-105.655, 0.604969
-105.685, 0.587500
-105.716, 0.554948
-105.746, 0.507941
-105.776, 0.447519
-105.807, 0.375109
-105.837, 0.292460
-105.868, 0.201594
-105.898, 0.104734
-105.928, 0.004237
-105.959, -0.097498
-105.989, -0.198067
-106.019, -0.295167
-106.050, -0.386646
-106.080, -0.470557
-106.110, -0.536886
-106.141, -0.592605
-106.171, -0.636686
-106.202, -0.668460
-106.232, -0.687628
-106.262, -0.694246
-106.293, -0.688731
-106.323, -0.671820
-106.353, -0.644545
-106.384, -0.608188
-106.414, -0.564231
-106.444, -0.514304
-106.475, -0.460138
-106.505, -0.403483
-106.536, -0.346075
-106.566, -0.289570
-106.596, -0.235504
-106.627, -0.185232
-106.657, -0.139894
-106.687, -0.100402
-106.718, -0.067404
-106.748, -0.041267
-106.778, -0.022092
-106.809, -0.009703
-106.839, -0.003682
-106.869, -0.003366
-106.900, -0.007912
-106.930, -0.016301
-106.961, -0.027411
-106.991, -0.040028
-107.021, -0.052923
-107.052, -0.064891
-107.082, -0.074786
-107.112, -0.081574
-107.143, -0.084378
-107.173, -0.082490
-107.203, -0.075428
-107.234, -0.062932
-107.264, -0.044986
-107.295, -0.021816
-107.325, 0.006094
-107.355, 0.038055
-107.386, 0.073145
-107.416, 0.110283
-107.446, 0.148215
-107.477, 0.185596
-107.507, 0.221007
-107.537, 0.253015
-107.568, 0.280199
-107.598, 0.301218
-107.629, 0.314847
-107.659, 0.320019
-107.689, 0.315865
-107.720, 0.301734
-107.750, 0.277240
-107.780, 0.242269
-107.811, 0.196976
-107.841, 0.141823
-107.871, 0.077536
-107.902, 0.005116
-107.932, -0.074192
-107.962, -0.158925
-107.993, -0.247440
-108.023, -0.337945
-108.054, -0.428562
-108.084, -0.517345
-108.114, -0.602365
-108.145, -0.681727
-108.175, -0.753638
-108.205, -0.816451
-108.236, -0.868693
-108.266, -0.909116
-108.296, -0.936729
-108.327, -0.950803
-108.357, -0.950920
-108.388, -0.936939
-108.418, -0.909042
-108.448, -0.867687
-108.479, -0.813618
-108.509, -0.747822
-108.539, -0.671524
-108.570, -0.586124
-108.600, -0.493172
-108.630, -0.394317
-108.661, -0.291273
-108.691, -0.185753
-108.722, -0.079438
-108.752, 0.026078
-108.782, 0.129314
-108.813, 0.228956
-108.843, 0.323878
-108.873, 0.413170
-108.904, 0.496139
-108.934, 0.572346
-108.964, 0.641579
-108.995, 0.703861
-109.025, 0.759424
-109.056, 0.808697
-109.086, 0.852261
-109.116, 0.890831
-109.147, 0.925195
-109.177, 0.956192
-109.207, 0.984644
-109.238, 1.011334
-109.268, 1.036938
-109.298, 1.062005
-109.329, 1.086900
-109.359, 1.111795
-109.389, 1.136615
-109.420, 1.161050
-109.450, 1.184534
-109.481, 1.206246
-109.511, 1.225119
-109.541, 1.239877
-109.572, 1.249040
-109.602, 1.250992
-109.632, 1.244002
-109.663, 1.226281
-109.693, 1.196058
-109.723, 1.151633
-109.754, 1.091424
-109.784, 1.014053
-109.815, 0.918398
-109.845, 0.803650
-109.875, 0.669363
-109.906, 0.515509
-109.936, 0.342492
-109.966, 0.151194
-109.997, -0.057033
-110.027, -0.280344
-110.057, -0.516431
-110.088, -0.762545
-110.118, -1.015539
-110.149, -1.271900
-110.179, -1.535501
-110.209, -1.794664
-110.240, -2.045235
-110.270, -2.283010
-110.300, -2.503827
-110.331, -2.703648
-110.361, -2.878675
-110.391, -3.025411
-110.422, -3.140772
-110.452, -3.222145
-110.483, -3.267471
-110.513, -3.275298
-110.543, -3.244816
-110.574, -3.175903
-110.604, -3.069134
-110.634, -2.925777
-110.665, -2.747781
-110.695, -2.537740
-110.725, -2.298855
-110.756, -2.034854
-110.786, -1.749951
-110.816, -1.448718
-110.847, -1.136029
-110.877, -0.816942
-110.908, -0.496596
-110.938, -0.180102
-110.968, 0.127545
-110.999, 0.421593
-111.029, 0.697613
-111.059, 0.951594
-111.090, 1.180014
-111.120, 1.379910
-111.150, 1.548941
-111.181, 1.685400
-111.211, 1.788264
-111.242, 1.857183
-111.272, 1.892484
-111.302, 1.895139
-111.333, 1.866713
-111.363, 1.809354
-111.393, 1.725683
-111.424, 1.618749
-111.454, 1.491941
-111.484, 1.348907
-111.515, 1.193444
-111.545, 1.029431
-111.576, 0.860733
-111.606, 0.691097
-111.636, 0.524100
-111.667, 0.363052
-111.697, 0.210937
-111.727, 0.070367
-111.758, -0.056474
-111.788, -0.167845
-111.818, -0.262480
-111.849, -0.339590
-111.879, -0.398851
-111.909, -0.440391
-111.940, -0.464760
-111.970, -0.472883
-112.001, -0.466035
-112.031, -0.445752
-112.061, -0.413809
-112.092, -0.372137
-112.122, -0.322759
-112.152, -0.267738
-112.183, -0.209111
-112.213, -0.148828
-112.243, -0.088711
-112.274, -0.030393
-112.304, 0.024698
-112.335, 0.075392
-112.365, 0.120776
-112.395, 0.160229
-112.426, 0.193393
-112.456, 0.220205
-112.486, 0.240845
-112.517, 0.255748
-112.547, 0.265543
-112.577, 0.271044
-112.608, 0.273201
-112.638, 0.273065
-112.669, 0.271728
-112.699, 0.270302
-112.729, 0.269864
-112.760, 0.271415
-112.790, 0.275851
-112.820, 0.283927
-112.851, 0.296223
-112.881, 0.313139
-112.911, 0.334861
-112.942, 0.361375
-112.972, 0.392443
-113.003, 0.427634
-113.033, 0.466312
-113.063, 0.507668
-113.094, 0.550752
-113.124, 0.594486
-113.154, 0.637696
-113.185, 0.679166
-113.215, 0.717655
-113.245, 0.751942
-113.276, 0.780866
-113.306, 0.803361
-113.336, 0.818482
-113.367, 0.825452
-113.397, 0.823657
-113.428, 0.812713
-113.458, 0.792433
-113.488, 0.762875
-113.519, 0.724322
-113.549, 0.677290
-113.579, 0.622523
-113.610, 0.560972
-113.640, 0.493772
-113.670, 0.422234
-113.701, 0.347797
-113.731, 0.272010
-113.762, 0.196487
-113.792, 0.122877
-113.822, 0.052819
-113.853, -0.012088
-113.883, -0.070333
-113.913, -0.120517
-113.944, -0.161402
-113.974, -0.191921
-114.004, -0.211229
-114.035, -0.218697
-114.065, -0.213950
-114.096, -0.196868
-114.126, -0.167591
-114.156, -0.126524
-114.187, -0.074328
-114.217, -0.011902
-114.247, 0.064939
-114.278, 0.149553
-114.308, 0.240423
-114.338, 0.335905
-114.369, 0.434228
-114.399, 0.533551
-114.429, 0.631992
-114.460, 0.727671
-114.490, 0.818737
-114.521, 0.903423
-114.551, 0.980072
-114.581, 1.047157
-114.612, 1.103331
-114.642, 1.147448
-114.672, 1.178566
-114.703, 1.195986
-114.733, 1.199253
-114.763, 1.188154
-114.794, 1.162735
-114.824, 1.123285
-114.855, 1.070316
-114.885, 1.004580
-114.915, 0.927007
-114.946, 0.838721
-114.976, 0.740987
-115.006, 0.635200
-115.037, 0.522841
-115.067, 0.405448
-115.097, 0.284594
-115.128, 0.161845
-115.158, 0.038737
-115.189, -0.083256
-115.219, -0.202754
-115.249, -0.318473
-115.280, -0.429270
-115.310, -0.534138
-115.340, -0.632220
-115.371, -0.722828
-115.401, -0.805433
-115.431, -0.879665
-115.462, -0.945311
-115.492, -1.002309
-115.523, -1.050718
-115.553, -1.090728
-115.583, -1.122634
-115.614, -1.146797
-115.644, -1.163658
-115.674, -1.173699
-115.705, -1.177425
-115.735, -1.175348
-115.765, -1.167977
-115.796, -1.155795
-115.826, -1.139251
-115.856, -1.118750
-115.887, -1.094643
-115.917, -1.067229
-115.948, -1.036758
-115.978, -1.003423
-116.008, -0.967369
-116.039, -0.928707
-116.069, -0.887517
-116.099, -0.843859
-116.130, -0.797795
-116.160, -0.749380
-116.190, -0.698706
-116.221, -0.645885
-116.251, -0.591079
-116.282, -0.534501
-116.312, -0.476422
-116.342, -0.417186
-116.373, -0.357202
-116.403, -0.296945
-116.433, -0.236962
-116.464, -0.177855
-116.494, -0.120282
-116.524, -0.064939
-116.555, -0.012547
-116.585, 0.036161
-116.616, 0.080454
-116.646, 0.119628
-116.676, 0.153022
-116.707, 0.180033
-116.737, 0.200135
-116.767, 0.212899
-116.798, 0.218000
-116.828, 0.215245
-116.858, 0.204558
-116.889, 0.186014
-116.919, 0.159821
-116.950, 0.126332
-116.980, 0.086048
-117.010, 0.039584
-117.041, -0.012307
-117.071, -0.068767
-117.101, -0.128846
-117.132, -0.191518
-117.162, -0.255705
-117.192, -0.320290
-117.223, -0.384155
-117.253, -0.446186
-117.283, -0.505310
-117.314, -0.560521
-117.344, -0.610882
-117.375, -0.655565
-117.405, -0.693855
-117.435, -0.725175
-117.466, -0.749089
-117.496, -0.765314
-117.526, -0.773731
-117.557, -0.774378
-117.587, -0.767446
-117.617, -0.753288
-117.648, -0.732395
-117.678, -0.705394
-117.709, -0.673027
-117.739, -0.636137
-117.769, -0.595645
-117.800, -0.552532
-117.830, -0.507815
-117.860, -0.462520
-117.891, -0.417672
-117.921, -0.374245
-117.951, -0.333162
-117.982, -0.295271
-118.012, -0.261309
-118.043, -0.231902
-118.073, -0.207534
-118.103, -0.188544
-118.134, -0.175117
-118.164, -0.167268
-118.194, -0.164840
-118.225, -0.167516
-118.255, -0.174809
-118.285, -0.187532
-118.316, -0.203445
-118.346, -0.221622
-118.376, -0.241039
-118.407, -0.260568
-118.437, -0.279015
-118.468, -0.295143
-118.498, -0.307701
-118.528, -0.315444
-118.559, -0.317176
-118.589, -0.311771
-118.619, -0.298199
-118.650, -0.275563
-118.680, -0.243126
-118.710, -0.200323
-118.741, -0.146793
-118.771, -0.082390
-118.802, -0.007213
-118.832, 0.078410
-118.862, 0.173898
-118.893, 0.278424
-118.923, 0.390921
-118.953, 0.510089
-118.984, 0.634418
-119.014, 0.762202
-119.044, 0.891579
-119.075, 1.020538
-119.105, 1.146978
-119.136, 1.268742
-119.166, 1.383638
-119.196, 1.489511
-119.227, 1.584266
-119.257, 1.665922
-119.287, 1.732647
-119.318, 1.782806
-119.348, 1.814995
-119.378, 1.828079
-119.409, 1.821210
-119.439, 1.793864
-119.470, 1.745845
-119.500, 1.677305
-119.530, 1.588749
-119.561, 1.481017
-119.591, 1.355284
-119.621, 1.213041
-119.652, 1.056057
-119.682, 0.886367
-119.712, 0.706215
-119.743, 0.518022
-119.773, 0.324334
-119.803, 0.127785
-119.834, -0.068979
-119.864, -0.263324
-119.895, -0.452690
-119.925, -0.634647
-119.955, -0.806923
-119.986, -0.967464
-120.016, -1.114452
-120.046, -1.246344
-120.077, -1.361898
-120.107, -1.460178
-120.137, -1.540572
-120.168, -1.602786
-120.198, -1.646840
-120.229, -1.673058
-120.259, -1.682048
-120.289, -1.674664
-120.320, -1.651992
-120.350, -1.615308
-120.380, -1.566041
-120.411, -1.505738
-120.441, -1.436015
-120.471, -1.358531
-120.502, -1.274950
-120.532, -1.186895
-120.563, -1.095924
-120.593, -1.003513
-120.623, -0.911023
-120.654, -0.819680
-120.684, -0.730579
-120.714, -0.644665
-120.745, -0.562737
-120.775, -0.485454
-120.805, -0.413334
-120.836, -0.346781
-120.866, -0.286078
-120.897, -0.231428
-120.927, -0.182944
-120.957, -0.140685
-120.988, -0.104662
-121.018, -0.074859
-121.048, -0.051236
-121.079, -0.033741
-121.109, -0.022319
-121.139, -0.016910
-121.170, -0.017442
-121.200, -0.023838
-121.230, -0.035996
-121.261, -0.053778
-121.291, -0.077002
-121.322, -0.105434
-121.352, -0.138750
-121.382, -0.176543
-121.413, -0.218302
-121.443, -0.263411
-121.473, -0.311119
-121.504, -0.360567
-121.534, -0.410766
-121.564, -0.460624
-121.595, -0.508947
-121.625, -0.554455
-121.656, -0.595824
-121.686, -0.631699
-121.716, -0.660733
-121.747, -0.681627
-121.777, -0.693172
-121.807, -0.694284
-121.838, -0.684045
-121.868, -0.661757
-121.898, -0.626952
-121.929, -0.579457
-121.959, -0.519393
-121.990, -0.447206
-122.020, -0.363676
-122.050, -0.269921
-122.081, -0.167381
-122.111, -0.057808
-122.141, 0.056770
-122.172, 0.174081
-122.202, 0.291661
-122.232, 0.406915
-122.263, 0.517164
-122.293, 0.619732
-122.323, 0.712006
-122.354, 0.790785
-122.384, 0.854539
-122.415, 0.901288
-122.445, 0.929410
-122.475, 0.937672
-122.506, 0.925313
-122.536, 0.892051
-122.566, 0.838131
-122.597, 0.764319
-122.627, 0.671920
-122.657, 0.562747
-122.688, 0.439085
-122.718, 0.303667
-122.749, 0.159599
-122.779, 0.010285
-122.809, -0.140632
-122.840, -0.289385
-122.870, -0.432156
-122.900, -0.565185
-122.931, -0.684868
-122.961, -0.787848
-122.991, -0.871112
-123.022, -0.932069
-123.052, -0.968627
-123.083, -0.979256
-123.113, -0.963025
-123.143, -0.919658
-123.174, -0.849512
-123.204, -0.753617
-123.234, -0.633615
-123.265, -0.491758
-123.295, -0.330837
-123.325, -0.154118
-123.356, 0.034737
-123.386, 0.231753
-123.417, 0.432753
-123.447, 0.633457
-123.477, 0.829589
-123.508, 1.016973
-123.538, 1.191657
-123.568, 1.349993
-123.599, 1.488731
-123.629, 1.605096
-123.659, 1.696850
-123.690, 1.762350
-123.720, 1.800561
-123.750, 1.811093
-123.781, 1.794194
-123.811, 1.750726
-123.842, 1.682140
-123.872, 1.590418
-123.902, 1.478022
-123.933, 1.347812
-123.963, 1.202976
-123.993, 1.046923
-124.024, 0.883212
-124.054, 0.715432
-124.084, 0.547150
-124.115, 0.381773
-124.145, 0.222508
-124.176, 0.072270
-124.206, -0.066380
-124.236, -0.191287
-124.267, -0.300723
-124.297, -0.393441
-124.327, -0.468651
-124.358, -0.526053
-124.388, -0.565781
-124.418, -0.588409
-124.449, -0.594887
-124.479, -0.586508
-124.510, -0.564844
-124.540, -0.531685
-124.570, -0.488982
-124.601, -0.438769
-124.631, -0.383111
-124.661, -0.324036
-124.692, -0.263475
-124.722, -0.203225
-124.752, -0.144889
-124.783, -0.089856
-124.813, -0.039264
-124.844, 0.005997
-124.874, 0.045316
-124.904, 0.078334
-124.935, 0.104948
-124.965, 0.125280
-124.995, 0.139664
-125.026, 0.148594
-125.056, 0.152723
-125.086, 0.152781
-125.117, 0.149577
-125.147, 0.143941
-125.177, 0.136695
-125.208, 0.128613
-125.238, 0.120412
-125.269, 0.112703
-125.299, 0.106005
-125.329, 0.100700
-125.360, 0.097064
-125.390, 0.095240
-125.420, 0.095260
-125.451, 0.097046
-125.481, 0.100437
-125.511, 0.105198
-125.542, 0.111047
-125.572, 0.117667
-125.603, 0.124740
-125.633, 0.131961
-125.663, 0.139049
-125.694, 0.145780
-125.724, 0.151979
-125.754, 0.157539
-125.785, 0.162426
-125.815, 0.166665
-125.845, 0.170353
-125.876, 0.173632
-125.906, 0.176694
-125.937, 0.179740
-125.967, 0.182997
-125.997, 0.186669
-126.028, 0.190939
-126.058, 0.195930
-126.088, 0.201721
-126.119, 0.208303
-126.149, 0.215588
-126.179, 0.223393
-126.210, 0.231450
-126.240, 0.239395
-126.270, 0.246792
-126.301, 0.253129
-126.331, 0.257855
-126.362, 0.260377
-126.392, 0.257033
-126.422, 0.250319
-126.453, 0.239709
-126.483, 0.224741
-126.513, 0.205053
-126.544, 0.180397
-126.574, 0.150674
-126.604, 0.115925
-126.635, 0.076361
-126.665, 0.032359
-126.696, -0.015533
-126.726, -0.066619
-126.756, -0.120039
-126.787, -0.174828
-126.817, -0.229904
-126.847, -0.284122
-126.878, -0.336292
-126.908, -0.385226
-126.938, -0.429764
-126.969, -0.468827
-126.999, -0.501428
-127.030, -0.526741
-127.060, -0.544091
-127.090, -0.553016
-127.121, -0.553252
-127.151, -0.544782
-127.181, -0.527807
-127.212, -0.502774
-127.242, -0.470339
-127.272, -0.431376
-127.303, -0.386932
-127.333, -0.338206
-127.364, -0.286520
-127.394, -0.233268
-127.424, -0.179876
-127.455, -0.127764
-127.485, -0.078295
-127.515, -0.032735
-127.546, 0.007783
-127.576, 0.042307
-127.606, 0.070084
-127.637, 0.090587
-127.667, 0.103533
-127.697, 0.108899
-127.728, 0.106904
-127.758, 0.098016
-127.789, 0.082934
-127.819, 0.062565
-127.849, 0.037984
-127.880, 0.010407
-127.910, -0.018840
-127.940, -0.048399
-127.971, -0.076879
-128.001, -0.102945
-128.031, -0.125334
-128.062, -0.142905
-128.092, -0.154689
-128.123, -0.159900
-128.153, -0.157977
-128.183, -0.148600
-128.214, -0.131688
-128.244, -0.107423
-128.274, -0.076224
-128.305, -0.038748
-128.335, 0.004148
-128.365, 0.051411
-128.396, 0.101849
-128.426, 0.154163
-128.457, 0.206977
-128.487, 0.258896
-128.517, 0.308548
-128.548, 0.354617
-128.578, 0.395896
-128.608, 0.431307
-128.639, 0.459957
-128.669, 0.481134
-128.699, 0.494350
-128.730, 0.499334
-128.760, 0.496051
-128.790, 0.484689
-128.821, 0.465645
-128.851, 0.439509
-128.882, 0.407054
-128.912, 0.369178
-128.942, 0.326898
-128.973, 0.281295
-129.003, 0.233489
-129.033, 0.184595
-129.064, 0.135692
-129.094, 0.087776
-129.124, 0.041746
-129.155, -0.001626
-129.185, -0.041720
-129.216, -0.078084
-129.246, -0.110423
-129.276, -0.138619
-129.307, -0.162720
-129.337, -0.182923
-129.367, -0.199560
-129.398, -0.213071
-129.428, -0.223986
-129.458, -0.232891
-129.489, -0.240390
-129.519, -0.247093
-129.550, -0.253563
-129.580, -0.260309
-129.610, -0.267745
-129.641, -0.276175
-129.671, -0.285778
-129.701, -0.296602
-129.732, -0.308552
-129.762, -0.321387
-129.792, -0.334742
-129.823, -0.348136
-129.853, -0.360981
-129.884, -0.372619
-129.914, -0.382335
-129.944, -0.389404
-129.975, -0.393098
-130.005, -0.392741
-130.035, -0.387721
-130.066, -0.377532
-130.096, -0.361787
-130.126, -0.340244
-130.157, -0.312821
-130.187, -0.279614
-130.217, -0.240893
-130.248, -0.197098
-130.278, -0.148837
-130.309, -0.096872
-130.339, -0.042097
-130.369, 0.014485
-130.400, 0.071794
-130.430, 0.128698
-130.460, 0.181984
-130.491, 0.232597
-130.521, 0.279462
-130.551, 0.321598
-130.582, 0.358134
-130.612, 0.388347
-130.643, 0.411679
-130.673, 0.427746
-130.703, 0.436365
-130.734, 0.437542
-130.764, 0.431479
-130.794, 0.418558
-130.825, 0.399349
-130.855, 0.374548
-130.885, 0.345000
-130.916, 0.311628
-130.946, 0.275441
-130.977, 0.237464
-131.007, 0.198731
-131.037, 0.160239
-131.068, 0.122916
-131.098, 0.087597
-131.128, 0.054997
-131.159, 0.025687
-131.189, 0.000083
-131.219, -0.021563
-131.250, -0.039181
-131.280, -0.052860
-131.311, -0.062852
-131.341, -0.069561
-131.371, -0.073508
-131.402, -0.075330
-131.432, -0.075739
-131.462, -0.075494
-131.493, -0.075369
-131.523, -0.076129
-131.553, -0.078489
-131.584, -0.083099
-131.614, -0.090493
-131.644, -0.101099
-131.675, -0.115190
-131.705, -0.132886
-131.736, -0.154150
-131.766, -0.178772
-131.796, -0.206376
-131.827, -0.236442
-131.857, -0.268295
-131.887, -0.301155
-131.918, -0.334129
-131.948, -0.366258
-131.978, -0.396542
-132.009, -0.423960
-132.039, -0.447519
-132.070, -0.466267
-132.100, -0.479331
-132.130, -0.485945
-132.161, -0.485469
-132.191, -0.477417
-132.221, -0.461459
-132.252, -0.437447
-132.282, -0.405413
-132.312, -0.365575
-132.343, -0.318322
-132.373, -0.264222
-132.404, -0.203993
-132.434, -0.138500
-132.464, -0.068718
-132.495, 0.004275
-132.525, 0.079330
-132.555, 0.155256
-132.586, 0.230845
-132.616, 0.304893
-132.646, 0.376233
-132.677, 0.443754
-132.707, 0.506424
-132.737, 0.563305
-132.768, 0.613579
-132.798, 0.656547
-132.829, 0.691648
-132.859, 0.718457
-132.889, 0.736695
-132.920, 0.746227
-132.950, 0.747051
-132.980, 0.739297
-133.011, 0.723222
-133.041, 0.699198
-133.071, 0.667696
-133.102, 0.629279
-133.132, 0.584589
-133.163, 0.534338
-133.193, 0.479277
-133.223, 0.420214
-133.254, 0.357973
-133.284, 0.293403
-133.314, 0.227364
-133.345, 0.160703
-133.375, 0.094272
-133.405, 0.028893
-133.436, -0.034638
-133.466, -0.095550
-133.497, -0.153117
-133.527, -0.206660
-133.557, -0.255550
-133.588, -0.299226
-133.618, -0.337188
-133.648, -0.369010
-133.679, -0.394349
-133.709, -0.412954
-133.739, -0.424660
-133.770, -0.429408
-133.800, -0.427241
-133.831, -0.418318
-133.861, -0.402894
-133.891, -0.381349
-133.922, -0.354167
-133.952, -0.321944
-133.982, -0.285371
-134.013, -0.245239
-134.043, -0.202408
-134.073, -0.157820
-134.104, -0.112455
-134.134, -0.067338
-134.164, -0.023499
-134.195, 0.018033
-134.225, 0.056266
-134.256, 0.090261
-134.286, 0.119158
-134.316, 0.142185
-134.347, 0.158702
-134.377, 0.168202
-134.407, 0.170331
-134.438, 0.164904
-134.468, 0.151903
-134.498, 0.131050
-134.529, 0.103140
-134.559, 0.068690
-134.590, 0.028384
-134.620, -0.016945
-134.650, -0.066325
-134.681, -0.118687
-134.711, -0.172867
-134.741, -0.227650
-134.772, -0.281791
-134.802, -0.334067
-134.832, -0.383271
-134.863, -0.428284
-134.893, -0.468072
-134.924, -0.501743
-134.954, -0.528543
-134.984, -0.547900
-135.015, -0.559417
-135.045, -0.562903
-135.075, -0.558361
-135.106, -0.545996
-135.136, -0.526216
-135.166, -0.499591
-135.197, -0.466877
-135.227, -0.428953
-135.258, -0.386828
-135.288, -0.341586
-135.318, -0.294378
-135.349, -0.246364
-135.379, -0.198700
-135.409, -0.152485
-135.440, -0.108755
-135.470, -0.068433
-135.500, -0.032307
-135.531, -0.001020
-135.561, 0.024957
-135.591, 0.045341
-135.622, 0.060016
-135.652, 0.069059
-135.683, 0.072725
-135.713, 0.071428
-135.743, 0.065729
-135.774, 0.056313
-135.804, 0.043953
-135.834, 0.029505
-135.865, 0.013845
-135.895, -0.002140
-135.925, -0.017598
-135.956, -0.031743
-135.986, -0.043871
-136.017, -0.053410
-136.047, -0.059916
-136.077, -0.063115
-136.108, -0.062898
-136.138, -0.059336
-136.168, -0.052681
-136.199, -0.043350
-136.229, -0.031923
-136.259, -0.019132
-136.290, -0.005810
-136.320, 0.007099
-136.351, 0.018612
-136.381, 0.027705
-136.411, 0.033368
-136.442, 0.034646
-136.472, 0.030666
-136.502, 0.020670
-136.533, 0.004059
-136.563, -0.019591
-136.593, -0.050494
-136.624, -0.088646
-136.654, -0.133809
-136.684, -0.185503
-136.715, -0.243008
-136.745, -0.305384
-136.776, -0.371472
-136.806, -0.439921
-136.836, -0.509223
-136.867, -0.577744
-136.897, -0.643759
-136.927, -0.705505
-136.958, -0.761208
-136.988, -0.809153
-137.018, -0.847710
-137.049, -0.875395
-137.079, -0.890904
-137.110, -0.893153
-137.140, -0.881318
-137.170, -0.854858
-137.201, -0.813540
-137.231, -0.757452
-137.261, -0.687018
-137.292, -0.602984
-137.322, -0.506418
-137.352, -0.398691
-137.383, -0.281450
-137.413, -0.156584
-137.444, -0.026189
-137.474, 0.107474
-137.504, 0.242039
-137.535, 0.375079
-137.565, 0.504163
-137.595, 0.626914
-137.626, 0.741057
-137.656, 0.844477
-137.686, 0.935280
-137.717, 1.011811
-137.747, 1.072722
-137.778, 1.116986
-137.808, 1.143930
-137.838, 1.153259
-137.869, 1.145045
-137.899, 1.119749
-137.929, 1.078196
-137.960, 1.021564
-137.990, 0.951356
-138.020, 0.869360
-138.051, 0.777618
-138.081, 0.678366
-138.111, 0.573998
-138.142, 0.466990
-138.172, 0.359859
-138.203, 0.255086
-138.233, 0.155078
-138.263, 0.062096
-138.294, -0.021792
-138.324, -0.094765
-138.354, -0.155284
-138.385, -0.202135
-138.415, -0.234441
-138.445, -0.251709
-138.476, -0.253813
-138.506, -0.241001
-138.537, -0.213899
-138.567, -0.167932
-138.597, -0.109937
-138.628, -0.041500
-138.658, 0.035562
-138.688, 0.119211
-138.719, 0.207287
-138.749, 0.297533
-138.779, 0.387666
-138.810, 0.475428
-138.840, 0.558651
-138.871, 0.635314
-138.901, 0.703588
-138.931, 0.761882
-138.962, 0.808890
-138.992, 0.843615
-139.022, 0.865385
-139.053, 0.873888
-139.083, 0.869157
-139.113, 0.851569
-139.144, 0.821842
-139.174, 0.780986
-139.205, 0.730299
-139.235, 0.671304
-139.265, 0.605720
-139.296, 0.535397
-139.326, 0.462271
-139.356, 0.388298
-139.387, 0.315408
-139.417, 0.245434
-139.447, 0.180074
-139.478, 0.120832
-139.508, 0.068977
-139.538, 0.025504
-139.569, -0.008883
-139.599, -0.033811
-139.630, -0.049220
-139.660, -0.055395
-139.690, -0.052916
-139.721, -0.042682
-139.751, -0.025851
-139.781, -0.003814
-139.812, 0.021848
-139.842, 0.049411
-139.872, 0.077082
-139.903, 0.103025
-139.933, 0.125445
-139.964, 0.142630
-139.994, 0.153020
-140.024, 0.155243
-140.055, 0.148169
-140.085, 0.130953
-140.115, 0.103059
-140.146, 0.064272
-140.176, 0.014738
-140.206, -0.045073
-140.237, -0.114339
-140.267, -0.191927
-140.298, -0.276427
-140.328, -0.366162
-140.358, -0.459266
-140.389, -0.553711
-140.419, -0.647379
-140.449, -0.738107
-140.480, -0.823758
-140.510, -0.902290
-140.540, -0.971790
-140.571, -1.030557
-140.601, -1.077121
-140.631, -1.110322
-140.662, -1.129297
-140.692, -1.133556
-140.723, -1.122952
-140.753, -1.097714
-140.783, -1.058430
-140.814, -1.006027
-140.844, -0.941745
-140.874, -0.867116
-140.905, -0.783900
-140.935, -0.694044
-140.965, -0.599629
-140.996, -0.502801
-141.026, -0.405729
-141.057, -0.310529
-141.087, -0.219199
-141.117, -0.133591
-141.148, -0.055333
-141.178, 0.014198
-141.208, 0.073918
-141.239, 0.123056
-141.269, 0.161181
-141.299, 0.188200
-141.330, 0.204359
-141.360, 0.210229
-141.391, 0.206685
-141.421, 0.194874
-141.451, 0.176178
-141.482, 0.152161
-141.512, 0.124540
-141.542, 0.095100
-141.573, 0.065676
-141.603, 0.038063
-141.633, 0.013986
-141.664, -0.004953
-141.694, -0.017336
-141.725, -0.021952
-141.755, -0.017839
-141.785, -0.004310
-141.816, 0.019035
-141.846, 0.052297
-141.876, 0.095276
-141.907, 0.147478
-141.937, 0.208144
-141.967, 0.276253
-141.998, 0.350573
-142.028, 0.429680
-142.058, 0.512007
-142.089, 0.595884
-142.119, 0.679586
-142.150, 0.761368
-142.180, 0.839517
-142.210, 0.912396
-142.241, 0.978466
-142.271, 1.036338
-142.301, 1.084797
-142.332, 1.122818
-142.362, 1.149587
-142.392, 1.164518
-142.423, 1.167250
-142.453, 1.157649
-142.484, 1.135808
-142.514, 1.102021
-142.544, 1.056788
-142.575, 1.000771
-142.605, 0.929975
-142.635, 0.850182
-142.666, 0.762453
-142.696, 0.667942
-142.726, 0.567848
-142.757, 0.463412
-142.787, 0.355898
-142.818, 0.246553
-142.848, 0.136610
-142.878, 0.027276
-142.909, -0.080302
-142.939, -0.185019
-142.969, -0.285836
-143.000, -0.381780
-143.030, -0.471945
-143.060, -0.555496
-143.091, -0.631679
-143.121, -0.699808
-143.151, -0.759276
-143.182, -0.809560
-143.212, -0.850219
-143.243, -0.880902
-143.273, -0.901349
-143.303, -0.911407
-143.334, -0.911030
-143.364, -0.900281
-143.394, -0.879358
-143.425, -0.848584
-143.455, -0.808424
-143.485, -0.759482
-143.516, -0.702508
-143.546, -0.638402
-143.577, -0.568205
-143.607, -0.493086
-143.637, -0.414346
-143.668, -0.333387
-143.698, -0.251709
-143.728, -0.170871
-143.759, -0.092465
-143.789, -0.018097
-143.819, 0.050660
-143.850, 0.112296
-143.880, 0.165406
-143.911, 0.208716
-143.941, 0.241130
-143.971, 0.261758
-144.002, 0.269950
-144.032, 0.265316
-144.062, 0.247752
-144.093, 0.217450
-144.123, 0.174898
-144.153, 0.120898
-144.184, 0.056533
-144.214, -0.016837
-144.245, -0.097603
-144.275, -0.183945
-144.305, -0.273872
-144.336, -0.365259
-144.366, -0.455912
-144.396, -0.543623
-144.427, -0.626210
-144.457, -0.701600
-144.487, -0.767860
-144.518, -0.823272
-144.548, -0.866372
-144.578, -0.895985
-144.609, -0.911285
-144.639, -0.911790
-144.670, -0.897406
-144.700, -0.868421
-144.730, -0.825492
-144.761, -0.769656
-144.791, -0.702275
-144.821, -0.625022
-144.852, -0.539823
-144.882, -0.448811
-144.912, -0.354267
-144.943, -0.258551
-144.973, -0.164040
-145.004, -0.073057
-145.034, 0.012190
-145.064, 0.089680
-145.095, 0.157629
-145.125, 0.214549
-145.155, 0.259288
-145.186, 0.291066
-145.216, 0.309490
-145.246, 0.314578
-145.277, 0.306743
-145.307, 0.286806
-145.338, 0.255938
-145.368, 0.215648
-145.398, 0.167739
-145.429, 0.114233
-145.459, 0.057336
-145.489, -0.000644
-145.520, -0.057357
-145.550, -0.110492
-145.580, -0.157835
-145.611, -0.197338
-145.641, -0.227187
-145.672, -0.245848
-145.702, -0.252106
-145.732, -0.245124
-145.763, -0.224447
-145.793, -0.190019
-145.823, -0.142188
-145.854, -0.081695
-145.884, -0.009654
-145.914, 0.072494
-145.945, 0.163000
-145.975, 0.259880
-146.005, 0.360962
-146.036, 0.463952
-146.066, 0.566489
-146.097, 0.666236
-146.127, 0.760913
-146.157, 0.848384
-146.188, 0.926703
-146.218, 0.994173
-146.248, 1.049378
-146.279, 1.091230
-146.309, 1.118976
-146.339, 1.132229
-146.370, 1.130965
-146.400, 1.115500
-146.431, 1.086502
-146.461, 1.044929
-146.491, 0.992024
-146.522, 0.929252
-146.552, 0.858256
-146.582, 0.780812
-146.613, 0.698764
-146.643, 0.613970
-146.673, 0.528264
-146.704, 0.443384
-146.734, 0.360934
-146.765, 0.282352
-146.795, 0.208859
-146.825, 0.141453
-146.856, 0.080872
-146.886, 0.027604
-146.916, -0.018130
-146.947, -0.056355
-146.977, -0.087336
-147.007, -0.111541
-147.038, -0.129632
-147.068, -0.142406
-147.098, -0.150781
-147.129, -0.155744
-147.159, -0.158309
-147.190, -0.159481
-147.220, -0.160228
-147.250, -0.161419
-147.281, -0.163829
-147.311, -0.168092
-147.341, -0.174677
-147.372, -0.183912
-147.402, -0.195927
-147.432, -0.210699
-147.463, -0.228034
-147.493, -0.247598
-147.524, -0.268920
-147.554, -0.291424
-147.584, -0.314458
-147.615, -0.337325
-147.645, -0.359300
-147.675, -0.379674
-147.706, -0.397781
-147.736, -0.413021
-147.766, -0.424891
-147.797, -0.432995
-147.827, -0.437073
-147.858, -0.437001
-147.888, -0.432803
-147.918, -0.424641
-147.949, -0.412823
-147.979, -0.397779
-148.009, -0.380056
-148.040, -0.360287
-148.070, -0.339182
-148.100, -0.317491
-148.131, -0.295983
-148.161, -0.275416
-148.192, -0.256519
-148.222, -0.239953
-148.252, -0.226304
-148.283, -0.216051
-148.313, -0.209556
-148.343, -0.207060
-148.374, -0.208658
-148.404, -0.214320
-148.434, -0.223875
-148.465, -0.237030
-148.495, -0.253380
-148.525, -0.272419
-148.556, -0.293566
-148.586, -0.316183
-148.617, -0.339598
-148.647, -0.363126
-148.677, -0.386101
##END=
