##TITLE=      10 k PVP CPMAS 35 kHz
##JCAMP-DX=   5.01   $$ Agilent Technologies, VNMR Software
$$ VNMR Version VERSION Revision REVISION, May 22, 2014
$$ 2026/05/22 15:27:27 -0700
$$ writedata version 9.4, 2007-03-15
$$   listparam.c 3.2 (2009-03-17_09:34)
##DATA TYPE=  NMR SPECTRUM
##DATA CLASS= XYDATA
##ORIGIN=     WB400.mrrc.com.(none)
##OWNER=      solids
##SPECTROMETER/DATA SYSTEM=   Varian VNMRS-400
##.OBSERVE FREQUENCY= 100.5240406  $$ MHz
##.OBSERVE NUCLEUS=   ^13C
$$solvent=dmso
##.FIELD=             9.39         $$ Tesla
##.ACQUISITION TIME=  0.0102400    $$ seconds
##.AVERAGES=          16384        $$ number of transients
##RESOLUTION=         3.052        $$ digital resolution in Hz
##.MAS FREQUENCY=     35019        $$ Hz
##.PHASE 0=           139.0        $$ zero order phase correction (left edge)
##.PHASE 1=           -0.000265    $$ first order phase correction, deg/Hz
##$REFERENCE_POINT=   14951.888    $$ Referencing label
$$      Distance of the zero axis position (in Hz) from the last data
$$      point (right edge); positive values -> right edge is below 0 Hz
$$
$$ Varian specific parameters
$$ --------------------------
##$acqcycles=    1
##$acqdim=       1
##$acqpath=      <>
##$acqstatus=    (0..1)  101 0
##$ACQtime=      72220.5972
##$ad=           10                $$ usec
##$adir2tmplt=   <>
##$adirtmplt=    <>
##$aH90=         3675
##$aHhx=         3125
##$aHhy=         1525
##$aHmix=        2000
##$aHspinal=     2000
##$aHtppm=       3675
##$aHwaltz=      0
##$aHyx=         2000
##$alfa=         10                $$ usec
##$alock=        <n>
##$ampmode=      <dddd>
##$apptype=      <solidsseq1d>
##$Archive1=     <>
##$Archive2=     <>
##$archivedir=   <>
##$array=        <>
##$arraydelta=   1
##$arraydim=     1
##$arraydodc=    <n>
##$arraydscale=  <n>
##$arrayelemts=  0
##$arrayflip=    <n>
##$arraystart=   1
##$arraystop=    1
##$at=           0.01024
##$avwdir=       <>
##$aX180=        3500
##$aX90=         3050
##$aXdfs=        0
##$aXhx=         3050
##$aXyx=         875
##$aY90=         2900
##$aYhy=         3950
##$aYspinal=     0
##$aYtppm=       0
##$aYyx=         3225
##$aZ90=         2000
##$bHX=          0
##$bHY=          0
##$bs=           1
##$bYX=          0
##$celem=        1
##$chHspinal=    <dec>
##$chHtppm=      <dec>
##$chHwaltz=     <dec>
##$chHX=         <fr>
##$chHY=         <fr>
##$chXdfs=       <>
##$chYspinal=    <dec2>
##$chYtppm=      <dec2>
##$chYX=         <fr>
##$clearparams=  <frHX toHX chHspinal chHtppm chXdfs>
##$comment=      <>
##$concentration= 0
##$console=      <vnmrs>
##$cp=           <y>
##$ct=           16384
##$d1=           3                 $$ sec
##$d2=           0                 $$ sec
##$d3=           0                 $$ usec
##$dataid=       <>
##$dataProcessed= 0
##$date=         <Apr 10 2026>
##$datname=      <>
##$ddrpm=        <>
##$ddrtc=        20                $$ usec
##$dec2wave=     <g>
##$dec3wave=     <g>
##$decwave=      <g>
##$density=      1
##$dfrq=         399.7394066       $$ Hz
##$dfrq2=        40.5041504
##$dfrq3=        0
##$dHX=          125
##$dHY=          100
##$dm=           <n>
##$dm2=          <n>
##$dm3=          <n>
##$dmf=          9900
##$dmf2=         10000
##$dmf3=         10000
##$dmm=          <c>
##$dmm2=         <c>
##$dmm3=         <c>
##$dn=           <H1>
##$dn2=          <N15>
##$dn2shapes=    (0..2)  <> <> <>
##$dn3=          <>
##$dn3shapes=    (0..2)  <> <> <>
##$dnshapes=     (0..2)  <> <> <>
##$dod=          0.00999999977648  $$ sec
##$dof=          -6013.1           $$ Hz
##$dof2=         -5468.4           $$ Hz
##$dof3=         0                 $$ Hz
##$dp=           <y>
##$dpwr=         54
##$dpwr2=        57
##$dpwr3=        54
##$dreffrq=      399.743421015
##$dreffrq2=     40.5210591862
##$dres=         90
##$dres2=        1
##$dres3=        1
##$dseq=         <>
##$dseq2=        <>
##$dseq3=        <>
##$dutyc=        0.1
##$dwell=        0                 $$ usec
##$dYX=          0
##$email_=       <>
##$emailwhen=    <>
##$emessage=     <n>
##$explabel=     <tancpx>
##$explist=      <>
##$exppath=      </home/solids/vnmrsys/exp667/acqfil>
##$f1coef=       <>
##$f1SW=         <>
##$f2SW=         <>
##$faculty=      <>
##$fb=           13800
##$fdfdir=       <>
##$fdffile=      <>
##$fidid=        <>
##$file=         <exp>
##$filename=     <>
##$filter=       44.0999984741
##$fn=           32768
##$frHX=         <dec>
##$frHY=         <dec>
##$frYX=         <dec2>
##$ftproc=       (0..1)  1 21
##$gain=         10
##$Gmap=         <lk>
##$Gmapname=     <>
##$go_id=        <exp667.solids.WB400.mrrc.com_1775850733_618568>
##$go_Options=   <go>
##$gxppars=      <>
##$H1reffrq=     399.743421015
##$hdmf=         600
##$hdof=         0                 $$ Hz
##$hdpsmode=     <n>
##$hdpwr=        1
##$hdpwrf=       4095
##$hdres=        9
##$hdseq=        <>
##$hdwave=       <SEDUCE1>
##$Hmixseq=      <>
##$homo=         <n>
##$homo2=        <n>
##$homo3=        <n>
##$hs=           <nn>
##$Hseq=         <tppm>
##$hsrotor=      <y>
##$hst=          0.00800000037998  $$ sec
##$ident=        <>
##$il=           <n>
##$in=           <n>
##$intstd=       <>
##$investigator= <>
##$IPrunid=      <>
##$iswt=         0
##$lb=           10
##$lcpeak_=      0
##$lllabel=      <>
##$load=         <n>
##$loc_=         0
##$locdir=       <>
##$lockfreq_=    61.3632           $$ Hz
##$lockgain_=    0
##$lockphase_=   0
##$lockpower_=   0
##$longlist=     <>
##$lot=          <>
##$lpalg=        <lpfft>
##$lpalg1=       <lpfft>
##$lpext=        5
##$lpext1=       1
##$lpfilt=       32
##$lpfilt1=      32
##$lpnupts=      256
##$lpnupts1=     64
##$lpopt=        <b>
##$lpopt1=       <b>
##$lpprint=      0
##$lpprint1=     0
##$lptrace=      0
##$lptrace1=     0
##$marker1=      <>
##$marker2=      <>
##$markerfrq1=   0
##$markerfrq2=   0
##$method=       <z1z2>
##$mfslp=        <n>
##$MinSW=        <off>
##$modules=      <>
##$name=         <>
##$nameprefix=   <>
##$newmodules=   <>
##$ni=           1
##$nloop=        0
##$notebook=     <>
##$np=           1024
##$npts=         0
##$nt=           16384
##$obsSW=        <>
##$of1Xdfs=      0                 $$ Hz
##$of2Xdfs=      0                 $$ Hz
##$ofHX=         0                 $$ Hz
##$ofHY=         0                 $$ Hz
##$ofXdfs=       0                 $$ Hz
##$ofYX=         0                 $$ Hz
##$operator_=    <solids>
##$p1=           0                 $$ usec
##$p11console=   <>
##$pad=          0                 $$ sec
##$page=         <>
##$paramChanged= 0
##$parlabel=     <>
##$parver=       <VnmrJ VERSION 4.0 REVISION A>
##$parversion=   5.1
##$PFGflg=       <n>
##$phase=        1
##$phHspinal=    9.9864
##$phHtppm=      13.0086
##$phYspinal=    0
##$phYtppm=      0
##$plocklist=    <>
##$plotfile=     <>
##$pltopt=       <y>
##$pmode=        <full>
##$position1=    <>
##$position2=    <>
##$pp=           46.4000053406     $$ usec
##$pplvl=        55
##$pplvl_cf=     1
##$prcopt=       <y>
##$prescan=      (0..10)  <Not done> <Not done> <off> <off> <off> <off> <off> <on> <on> <> <>
##$priority=     5
##$probe_=       <1.6_MM_FMAS>
##$probetype_=   <mas>
##$proc=         <ft>
##$proccmd=      <wft>
##$procdim=      1
##$processid=    0
##$protocols=    <>
##$pslabel=      <tancpx>
##$pw=           5.99999904633     $$ usec
##$pw90=         0                 $$ usec
##$pwH90=        1.4               $$ usec
##$pwHspinal=    8                 $$ usec
##$pwHtppm=      2.7               $$ usec
##$pwHwaltz=     0                 $$ usec
##$pwx=          15                $$ usec
##$pwX180=       5                 $$ usec
##$pwx2=         15                $$ usec
##$pwx2lvl=      55
##$pwx2lvl_cf=   1
##$pwX90=        2.5               $$ usec
##$pwXdfs=       0                 $$ usec
##$pwxlvl=       55
##$pwxlvl_cf=    1
##$pwY90=        5                 $$ usec
##$pwYspinal=    0                 $$ usec
##$pwYtppm=      0                 $$ usec
##$pwZ90=        4                 $$ usec
##$queue=        <dayQ>
##$rd=           10                $$ usec
##$ref=          651.583001501     $$ Hz
##$ref1=         0                 $$ Hz
##$reffrq2=      100.515085718
##$refsource1=   <dfrq>
##$refstd_=      <>
##$researchgroup= <>
##$retentiontime_= <>
##$rfband=       <ccc>
##$rfchnuclei=   <>
##$rof1=         0                 $$ usec
##$rof2=         24.975            $$ usec
##$sample=       <>
##$samplename=   <>
##$sampleowner=  <>
##$sampwt=       0
##$satdly=       0                 $$ sec
##$satfrq=       0                 $$ Hz
##$satmode=      <n>
##$satpwr=       0
##$saveglobal_=  (0..19)  <probe> <lcpeak> <loc> <lockpower> <lockgain> <lockphase> <lockfreq> <z0> <lkof> <vloc> <vrack> <vzone> <vproto> <pkpick> <parstyle> <operator> <studyid> <systemname> <probetype> <refstd>
##$saveshapes=   <>
##$scans=        <>
##$scoutinfo=    <>
##$sdirtmplt=    <>
##$seqfil=       <tancpx>
##$sfrq=         100.5240406
##$shHX=         <l>
##$shHY=         <l>
##$shims=        <>
##$showarray=    <horiz>
##$showcontent=  <s>
##$shownumbers=  <n>
##$shownumstyle= <auto>
##$shownumx=     0
##$shownumy=     0
##$shYX=         <l>
##$sn=           50
##$solvent=      <dmso>
##$srate=        35019             $$ Hz
##$sreffrq=      100.515563163
##$ss=           0
##$sspul=        <n>
##$strtext=      5
##$strtext1=     1
##$strtlp=       5
##$strtlp1=      2
##$strtpar=      <>
##$study=        <>
##$studyid_=     <tmpstudy>
##$studyowner=   <solids>
##$studystatus=  <Empty>
##$studytime=    0
##$svfopt=       <y>
##$svftmplt=     <>
##$sw=           50000
##$sw1=          16000
##$systemname_=  <WB400.mrrc.com-vnmrs400>
##$tau1=         0                 $$ usec
##$tau2=         0                 $$ usec
##$tau3=         0                 $$ usec
##$tHmix=        50000             $$ usec
##$tHX=          2000              $$ usec
##$tHY=          1000              $$ usec
##$time_exp=     <5 min, 26 sec>
##$time_plotted= <>
##$time_processed= <20260413T162856>
##$time_run=     <20260410T125213>
##$time_submitted= <20260410T125213>
##$time_submitted_local= <20260410T125213X12PMFriApr>
##$time_svfdate= <20260410T125213>
##$tin=          <n>
##$tn=           <C13>
##$tnshapes=     (0..2)  <> <> <>
##$tof=          -1048.7           $$ Hz
##$toHX=         <obs>
##$toHY=         <dec2>
##$toYX=         <obs>
##$tpwr=         59
##$tpwr_cf=      1
##$tunemethod=   <n>
##$tXmix=        0                 $$ usec
##$tYX=          1000              $$ usec
##$user=         < 1-14-87>
##$username=     <Greg>
##$vloc_=        <A0>
##$volume=       0
##$vproto_=      <>
##$vrack_=       1
##$vtc=          25
##$vtwait=       1                 $$ sec
##$vzone_=       1
##$wbs=          <>
##$wdone=        <>
##$wds=          <>
##$werr=         <>
##$wexp=         <>
##$wnt=          <>
##$wshim=        <n>
##$wstart=       <>
##$wtfile=       <>
##$wtune=        <n>
##$x1=           -785
##$x2y2=         0
##$x3=           0
##$x4=           0
##$xy=           0
##$xz=           60
##$xz2=          0
##$y1=           -20
##$y3=           0
##$y4=           0
##$Yseq=         <>
##$yz=           0
##$yz2=          0
##$z0_=          0
##$z1=           -370
##$z1c=          -1044
##$z2=           -170
##$z2c=          196
##$z2x2y2=       0
##$z2x3=         0
##$z2xy=         0
##$z2y3=         0
##$z3=           -20
##$z3c=          0
##$z3x=          0
##$z3x2y2=       0
##$z3x3=         0
##$z3xy=         0
##$z3y=          0
##$z3y3=         0
##$z4=           0
##$z4c=          0
##$z4x=          0
##$z4x2y2=       0
##$z4xy=         0
##$z4y=          0
##$z5=           0
##$z5x=          0
##$z5y=          0
##$z6=           0
##$z7=           0
##$z8=           0
##$zx2y2=        0
##$zx3=          0
##$zxy=          0
##$zy3=          0
##$rp=           125.7
##$lp=           13.3
##$rfl=          14952.8      $$ Hz
##$rfp=          0.0          $$ Hz
##$reffrq=       100.5139934  $$ MHz
##$axis=         <p2>
##$th=           1.5          $$ mm
##$sp=           -14949.7     $$ Hz
##$wp=           49996.9      $$ Hz
##$cr=           1903.4       $$ Hz
##$delta=        19786.5      $$ Hz
##$dmg=          <ph>
##$aig=          <ai>
##$vs=           3667535.5
$$
$$ End of Varian specific parameters
$$ ---------------------------------
$$ data saved in "DIFDUP" format
$$ Y-values stored with extended (24-bit) integer precision
$$
##DELTAX=        -3.051757812
##XUNITS=        PPM
##YUNITS=        ARBITRARY UNITS      $$ (mm on paper)
##XFACTOR=       1.000000000000
##YFACTOR=       1.000000000000
##FIRSTXHz=        35047.199452
##LASTXHz=         -14949.748790
##NPOINTS=       16384
##MAXY=          86.340131
##MINY=          -1.059456
##FIRSTY=        -0.014026
##XYDATA=        (XY..XY))
348.680, -0.014026
348.649, -0.027005
348.619, -0.039370
348.589, -0.050983
348.558, -0.061686
348.528, -0.071314
348.498, -0.079689
348.467, -0.086638
348.437, -0.091997
348.407, -0.095612
348.376, -0.097358
348.346, -0.097138
348.315, -0.094889
348.285, -0.090598
348.255, -0.084289
348.224, -0.076044
348.194, -0.065989
348.164, -0.054302
348.133, -0.041209
348.103, -0.026973
348.073, -0.011901
348.042, 0.003674
348.012, 0.019401
347.981, 0.034911
347.951, 0.049838
347.921, 0.063825
347.890, 0.076535
347.860, 0.087655
347.830, 0.096917
347.799, 0.104092
347.769, 0.109007
347.739, 0.111545
347.708, 0.111649
347.678, 0.109323
347.648, 0.104628
347.617, 0.097686
347.587, 0.088671
347.556, 0.077799
347.526, 0.065329
347.496, 0.051547
347.465, 0.036760
347.435, 0.021283
347.405, 0.005435
347.374, -0.010482
347.344, -0.026175
347.314, -0.041392
347.283, -0.055901
347.253, -0.069520
347.222, -0.082104
347.192, -0.093559
347.162, -0.103826
347.131, -0.112904
347.101, -0.120818
347.071, -0.127636
347.040, -0.133448
347.010, -0.138376
346.980, -0.142539
346.949, -0.146072
346.919, -0.149103
346.888, -0.151746
346.858, -0.154099
346.828, -0.156230
346.797, -0.158180
346.767, -0.159951
346.737, -0.161514
346.706, -0.162807
346.676, -0.163727
346.646, -0.164149
346.615, -0.163916
346.585, -0.162863
346.554, -0.160810
346.524, -0.157582
346.494, -0.153010
346.463, -0.146945
346.433, -0.139268
346.403, -0.129901
346.372, -0.118801
346.342, -0.105993
346.312, -0.091540
346.281, -0.075576
346.251, -0.058287
346.221, -0.039922
346.190, -0.020776
346.160, -0.001197
346.129, 0.018433
346.099, 0.037704
346.069, 0.056188
346.038, 0.073452
346.008, 0.089074
345.978, 0.102659
345.947, 0.113836
345.917, 0.122294
345.887, 0.127782
345.856, 0.130112
345.826, 0.129178
345.795, 0.124956
345.765, 0.117509
345.735, 0.106983
345.704, 0.093611
345.674, 0.077704
345.644, 0.059641
345.613, 0.039865
345.583, 0.018868
345.553, -0.002830
345.522, -0.024679
345.492, -0.046131
345.461, -0.066648
345.431, -0.085718
345.401, -0.102871
345.370, -0.117688
345.340, -0.129820
345.310, -0.138990
345.279, -0.145003
345.249, -0.147748
345.219, -0.147198
345.188, -0.143419
345.158, -0.136544
345.128, -0.126785
345.097, -0.114418
345.067, -0.099771
345.036, -0.083203
345.006, -0.065107
344.976, -0.045882
344.945, -0.025924
344.915, -0.005611
344.885, 0.014709
344.854, 0.034730
344.824, 0.054192
344.794, 0.072900
344.763, 0.090710
344.733, 0.107543
344.702, 0.123384
344.672, 0.138271
344.642, 0.152292
344.611, 0.165574
344.581, 0.178276
344.551, 0.190571
344.520, 0.202640
344.490, 0.214650
344.460, 0.226749
344.429, 0.239043
344.399, 0.251599
344.368, 0.264424
344.338, 0.277460
344.308, 0.290586
344.277, 0.303606
344.247, 0.316263
344.217, 0.328234
344.186, 0.339143
344.156, 0.348565
344.126, 0.356056
344.095, 0.361145
344.065, 0.363369
344.034, 0.362288
344.004, 0.357494
343.974, 0.348643
343.943, 0.335459
343.913, 0.317763
343.883, 0.295470
343.852, 0.268620
343.822, 0.237359
343.792, 0.201972
343.761, 0.162856
343.731, 0.120533
343.701, 0.075629
343.670, 0.028879
343.640, -0.018915
343.609, -0.066878
343.579, -0.114105
343.549, -0.159665
343.518, -0.202639
343.488, -0.242144
343.458, -0.277362
343.427, -0.307542
343.397, -0.332053
343.367, -0.350381
343.336, -0.362152
343.306, -0.367147
343.275, -0.365300
343.245, -0.356709
343.215, -0.341632
343.184, -0.320475
343.154, -0.293784
343.124, -0.262232
343.093, -0.226596
343.063, -0.187737
343.033, -0.146563
343.002, -0.104016
342.972, -0.061046
342.941, -0.018566
342.911, 0.022563
342.881, 0.061547
342.850, 0.097705
342.820, 0.130466
342.790, 0.159396
342.759, 0.184201
342.729, 0.204740
342.699, 0.221015
342.668, 0.233173
342.638, 0.241498
342.607, 0.246387
342.577, 0.248349
342.547, 0.247958
342.516, 0.245863
342.486, 0.242726
342.456, 0.239222
342.425, 0.236004
342.395, 0.233671
342.365, 0.232757
342.334, 0.233695
342.304, 0.236815
342.274, 0.242320
342.243, 0.250281
342.213, 0.260634
342.182, 0.273178
342.152, 0.287579
342.122, 0.303393
342.091, 0.320066
342.061, 0.336963
342.031, 0.353386
342.000, 0.368603
341.970, 0.381867
341.940, 0.392459
341.909, 0.399685
341.879, 0.402937
341.848, 0.401696
341.818, 0.395551
341.788, 0.384235
341.757, 0.367607
341.727, 0.345695
341.697, 0.318672
341.666, 0.286864
341.636, 0.250744
341.606, 0.210918
341.575, 0.168106
341.545, 0.123130
341.514, 0.076874
341.484, 0.030273
341.454, -0.015718
341.423, -0.060161
341.393, -0.102155
341.363, -0.140868
341.332, -0.175555
341.302, -0.205590
341.272, -0.230474
341.241, -0.249858
341.211, -0.263544
341.181, -0.271499
341.150, -0.273841
341.120, -0.270846
341.089, -0.262929
341.059, -0.250626
341.029, -0.234591
340.998, -0.215550
340.968, -0.194295
340.938, -0.171650
340.907, -0.148441
340.877, -0.125472
340.847, -0.103509
340.816, -0.083230
340.786, -0.065237
340.755, -0.050012
340.725, -0.037920
340.695, -0.029191
340.664, -0.023922
340.634, -0.022072
340.604, -0.023476
340.573, -0.027842
340.543, -0.034779
340.513, -0.043806
340.482, -0.054378
340.452, -0.065900
340.421, -0.077761
340.391, -0.089423
340.361, -0.097486
340.330, -0.104167
340.300, -0.109014
340.270, -0.111656
340.239, -0.111827
340.209, -0.109371
340.179, -0.104261
340.148, -0.096579
340.118, -0.086533
340.087, -0.074437
340.057, -0.060715
340.027, -0.045858
339.996, -0.030435
339.966, -0.015059
339.936, -0.000363
339.905, 0.013018
339.875, 0.024472
339.845, 0.033435
339.814, 0.039408
339.784, 0.041980
339.754, 0.040838
339.723, 0.035785
339.693, 0.026745
339.662, 0.013771
339.632, -0.002963
339.602, -0.023159
339.571, -0.046403
339.541, -0.072185
339.511, -0.099907
339.480, -0.128905
339.450, -0.158474
339.420, -0.187876
339.389, -0.216379
339.359, -0.243271
339.328, -0.267882
339.298, -0.289608
339.268, -0.307926
339.237, -0.322408
339.207, -0.332732
339.177, -0.338697
339.146, -0.340218
339.116, -0.337331
339.086, -0.330188
339.055, -0.319049
339.025, -0.304271
338.994, -0.286298
338.964, -0.265634
338.934, -0.242837
338.903, -0.218491
338.873, -0.193190
338.843, -0.167522
338.812, -0.142039
338.782, -0.117251
338.752, -0.093607
338.721, -0.071480
338.691, -0.051164
338.661, -0.032863
338.630, -0.016688
338.600, -0.002663
338.569, 0.009280
338.539, 0.019283
338.509, 0.027557
338.478, 0.034373
338.448, 0.040046
338.418, 0.044911
338.387, 0.049321
338.357, 0.053626
338.327, 0.058148
338.296, 0.063181
338.266, 0.068968
338.235, 0.075694
338.205, 0.083484
338.175, 0.092384
338.144, 0.102369
338.114, 0.113341
338.084, 0.125130
338.053, 0.137503
338.023, 0.150169
337.993, 0.162795
337.962, 0.175011
337.932, 0.186431
337.901, 0.196659
337.871, 0.205310
337.841, 0.212017
337.810, 0.216454
337.780, 0.218337
337.750, 0.217439
337.719, 0.213596
337.689, 0.206721
337.659, 0.196788
337.628, 0.183854
337.598, 0.168040
337.567, 0.149542
337.537, 0.128612
337.507, 0.105556
337.476, 0.080724
337.446, 0.054502
337.416, 0.027296
337.385, -0.000477
337.355, -0.028396
337.325, -0.056053
337.294, -0.083058
337.264, -0.109047
337.234, -0.133687
337.203, -0.156683
337.173, -0.177785
337.142, -0.196776
337.112, -0.213485
337.082, -0.227774
337.051, -0.239541
337.021, -0.248715
336.991, -0.255249
336.960, -0.259107
336.930, -0.260276
336.900, -0.258743
336.869, -0.254504
336.839, -0.247549
336.808, -0.237871
336.778, -0.225462
336.748, -0.210304
336.717, -0.192390
336.687, -0.171716
336.657, -0.148291
336.626, -0.122142
336.596, -0.093325
336.566, -0.061930
336.535, -0.028093
336.505, 0.007998
336.474, 0.046094
336.444, 0.085882
336.414, 0.126982
336.383, 0.168932
336.353, 0.211210
336.323, 0.253218
336.292, 0.294297
336.262, 0.333738
336.232, 0.370786
336.201, 0.404662
336.171, 0.434577
336.140, 0.459748
336.110, 0.479429
336.080, 0.492917
336.049, 0.499585
336.019, 0.498908
335.989, 0.490464
335.958, 0.473973
335.928, 0.449301
335.898, 0.416478
335.867, 0.375708
335.837, 0.327366
335.807, 0.272009
335.776, 0.210364
335.746, 0.143326
335.715, 0.071933
335.685, -0.002642
335.655, -0.079116
335.624, -0.156128
335.594, -0.232266
335.564, -0.306092
335.533, -0.376189
335.503, -0.441183
335.473, -0.499783
335.442, -0.550814
335.412, -0.593244
335.381, -0.626212
335.351, -0.649058
335.321, -0.661327
335.290, -0.662803
335.260, -0.653498
335.230, -0.633663
335.199, -0.603787
335.169, -0.564582
335.139, -0.516963
335.108, -0.462041
335.078, -0.401075
335.047, -0.335468
335.017, -0.266711
334.987, -0.196359
334.956, -0.125985
334.926, -0.057156
334.896, 0.008627
334.865, 0.069943
334.835, 0.124655
334.805, 0.172464
334.774, 0.212411
334.744, 0.243732
334.714, 0.265889
334.683, 0.278562
334.653, 0.281674
334.622, 0.275366
334.592, 0.260015
334.562, 0.236201
334.531, 0.204695
334.501, 0.166442
334.471, 0.122531
334.440, 0.074158
334.410, 0.022610
334.380, -0.030787
334.349, -0.084684
334.319, -0.137754
334.288, -0.188717
334.258, -0.236380
334.228, -0.279647
334.197, -0.317562
334.167, -0.349309
334.137, -0.374245
334.106, -0.391900
334.076, -0.401982
334.046, -0.404389
334.015, -0.399191
333.985, -0.386632
333.954, -0.367117
333.924, -0.341190
333.894, -0.309529
333.863, -0.272909
333.833, -0.232191
333.803, -0.188292
333.772, -0.142172
333.742, -0.094792
333.712, -0.047108
333.681, -0.000038
333.651, 0.045551
333.620, 0.088864
333.590, 0.129193
333.560, 0.165931
333.529, 0.198575
333.499, 0.226740
333.469, 0.250156
333.438, 0.268675
333.408, 0.282261
333.378, 0.290990
333.347, 0.295041
333.317, 0.294689
333.287, 0.290284
333.256, 0.282255
333.226, 0.271082
333.195, 0.257288
333.165, 0.241423
333.135, 0.224055
333.104, 0.205749
333.074, 0.187057
333.044, 0.168501
333.013, 0.150576
332.983, 0.133721
332.953, 0.118326
332.922, 0.104715
332.892, 0.093145
332.861, 0.083810
332.831, 0.076820
332.801, 0.072216
332.770, 0.069970
332.740, 0.069982
332.710, 0.072086
332.679, 0.076057
332.649, 0.081618
332.619, 0.088444
332.588, 0.096172
332.558, 0.104414
332.527, 0.112760
332.497, 0.120792
332.467, 0.128098
332.436, 0.134274
332.406, 0.138937
332.376, 0.141741
332.345, 0.142376
332.315, 0.140582
332.285, 0.136156
332.254, 0.128958
332.224, 0.118915
332.193, 0.106023
332.163, 0.090352
332.133, 0.072044
332.102, 0.051310
332.072, 0.028430
332.042, 0.003749
332.011, -0.022337
331.981, -0.049380
331.951, -0.076897
331.920, -0.104374
331.890, -0.131280
331.860, -0.157083
331.829, -0.181260
331.799, -0.203304
331.768, -0.222742
331.738, -0.239148
331.708, -0.252154
331.677, -0.261451
331.647, -0.266805
331.617, -0.268063
331.586, -0.265158
331.556, -0.258105
331.526, -0.247007
331.495, -0.232050
331.465, -0.213507
331.434, -0.191715
331.404, -0.167085
331.374, -0.140083
331.343, -0.111219
331.313, -0.081038
331.283, -0.050100
331.252, -0.018981
331.222, 0.011754
331.192, 0.041562
331.161, 0.069924
331.131, 0.096367
331.100, 0.120471
331.070, 0.141870
331.040, 0.160269
331.009, 0.175438
330.979, 0.187222
330.949, 0.195532
330.918, 0.200353
330.888, 0.201733
330.858, 0.199779
330.827, 0.194648
330.797, 0.186545
330.767, 0.175713
330.736, 0.162413
330.706, 0.146931
330.675, 0.129557
330.645, 0.110583
330.615, 0.090294
330.584, 0.068960
330.554, 0.046834
330.524, 0.024154
330.493, 0.001125
330.463, -0.022061
330.433, -0.045238
330.402, -0.068252
330.372, -0.090969
330.341, -0.113262
330.311, -0.135003
330.281, -0.156066
330.250, -0.176317
330.220, -0.195608
330.190, -0.213776
330.159, -0.230633
330.129, -0.245981
330.099, -0.259586
330.068, -0.271210
330.038, -0.280589
330.007, -0.287457
329.977, -0.291538
329.947, -0.292566
329.916, -0.290291
329.886, -0.284491
329.856, -0.274982
329.825, -0.261627
329.795, -0.244345
329.765, -0.223134
329.734, -0.198066
329.704, -0.169293
329.673, -0.137061
329.643, -0.101702
329.613, -0.063643
329.582, -0.023393
329.552, 0.018465
329.522, 0.061279
329.491, 0.104346
329.461, 0.146917
329.431, 0.188231
329.400, 0.227519
329.370, 0.264042
329.340, 0.297086
329.309, 0.325323
329.279, 0.348877
329.248, 0.367283
329.218, 0.380193
329.188, 0.387383
329.157, 0.388764
329.127, 0.384394
329.097, 0.374468
329.066, 0.359328
329.036, 0.339448
329.006, 0.315410
328.975, 0.287922
328.945, 0.257763
328.914, 0.225776
328.884, 0.192844
328.854, 0.159869
328.823, 0.127723
328.793, 0.097247
328.763, 0.069205
328.732, 0.044269
328.702, 0.022996
328.672, 0.005810
328.641, -0.007014
328.611, -0.015365
328.580, -0.019284
328.550, -0.018979
328.520, -0.014817
328.489, -0.007296
328.459, 0.002947
328.429, 0.015174
328.398, 0.028564
328.368, 0.042245
328.338, 0.055322
328.307, 0.066906
328.277, 0.076143
328.246, 0.082261
328.216, 0.084574
328.186, 0.082527
328.155, 0.075706
328.125, 0.063865
328.095, 0.046930
328.064, 0.025005
328.034, -0.001622
328.004, -0.032480
327.973, -0.066946
327.943, -0.104246
327.913, -0.143479
327.882, -0.183649
327.852, -0.223692
327.821, -0.262508
327.791, -0.299001
327.761, -0.332105
327.730, -0.360825
327.700, -0.384262
327.670, -0.401648
327.639, -0.412374
327.609, -0.415993
327.579, -0.412253
327.548, -0.401100
327.518, -0.382672
327.487, -0.357303
327.457, -0.325513
327.427, -0.287987
327.396, -0.245554
327.366, -0.199159
327.336, -0.149846
327.305, -0.098702
327.275, -0.046842
327.245, 0.004634
327.214, 0.054672
327.184, 0.102296
327.153, 0.146640
327.123, 0.186968
327.093, 0.222699
327.062, 0.253411
327.032, 0.278864
327.002, 0.298985
326.971, 0.313877
326.941, 0.323805
326.911, 0.329169
326.880, 0.330500
326.850, 0.328422
326.820, 0.323625
326.789, 0.316836
326.759, 0.308787
326.728, 0.300182
326.698, 0.291665
326.668, 0.283793
326.637, 0.277019
326.607, 0.271655
326.577, 0.267877
326.546, 0.265705
326.516, 0.265006
326.486, 0.265492
326.455, 0.266742
326.425, 0.268204
326.394, 0.269239
326.364, 0.269121
326.334, 0.267088
326.303, 0.262372
326.273, 0.254225
326.243, 0.241962
326.212, 0.224991
326.182, 0.202844
326.152, 0.175212
326.121, 0.141954
326.091, 0.103126
326.060, 0.058984
326.030, 0.009993
326.000, -0.043184
325.969, -0.099687
325.939, -0.158492
325.909, -0.218416
325.878, -0.278165
325.848, -0.336369
325.818, -0.391608
325.787, -0.442468
325.757, -0.487582
325.726, -0.525666
325.696, -0.555574
325.666, -0.576320
325.635, -0.587131
325.605, -0.587459
325.575, -0.577017
325.544, -0.555782
325.514, -0.524012
325.484, -0.482238
325.453, -0.431259
325.423, -0.372113
325.393, -0.306070
325.362, -0.234583
325.332, -0.159255
325.301, -0.081799
325.271, -0.003990
325.241, 0.072392
325.210, 0.145594
325.180, 0.213956
325.150, 0.275948
325.119, 0.330207
325.089, 0.375590
325.059, 0.411180
325.028, 0.436330
324.998, 0.450669
324.967, 0.454111
324.937, 0.446849
324.907, 0.429352
324.876, 0.402343
324.846, 0.366776
324.816, 0.323801
324.785, 0.274731
324.755, 0.221004
324.725, 0.164125
324.694, 0.105648
324.664, 0.047099
324.633, -0.010039
324.603, -0.064388
324.573, -0.114689
324.542, -0.159863
324.512, -0.199007
324.482, -0.231434
324.451, -0.256669
324.421, -0.274468
324.391, -0.284805
324.360, -0.287868
324.330, -0.284044
324.300, -0.273894
324.269, -0.258127
324.239, -0.237578
324.208, -0.213165
324.178, -0.185871
324.148, -0.156689
324.117, -0.126608
324.087, -0.096572
324.057, -0.067460
324.026, -0.040054
323.996, -0.015025
323.966, 0.007087
323.935, 0.025873
323.905, 0.041062
323.874, 0.052532
323.844, 0.060285
323.814, 0.064450
323.783, 0.065378
323.753, 0.063272
323.723, 0.058529
323.692, 0.051592
323.662, 0.042929
323.632, 0.033018
323.601, 0.022323
323.571, 0.011278
323.540, 0.000265
323.510, -0.010385
323.480, -0.020409
323.449, -0.029620
323.419, -0.037892
323.389, -0.045183
323.358, -0.051505
323.328, -0.056919
323.298, -0.061544
323.267, -0.065514
323.237, -0.068992
323.206, -0.072128
323.176, -0.075078
323.146, -0.077960
323.115, -0.080864
323.085, -0.083833
323.055, -0.086865
323.024, -0.089901
322.994, -0.092836
322.964, -0.095514
322.933, -0.097738
322.903, -0.099286
322.873, -0.099907
322.842, -0.099348
322.812, -0.097367
322.781, -0.093742
322.751, -0.088289
322.721, -0.080878
322.690, -0.071439
322.660, -0.059978
322.630, -0.046580
322.599, -0.031410
322.569, -0.014719
322.539, 0.003164
322.508, 0.021846
322.478, 0.040864
322.447, 0.059720
322.417, 0.077884
322.387, 0.094818
322.356, 0.110000
322.326, 0.122941
322.296, 0.133207
322.265, 0.140433
322.235, 0.144356
322.205, 0.144810
322.174, 0.141755
322.144, 0.135270
322.113, 0.125562
322.083, 0.112962
322.053, 0.097921
322.022, 0.080993
321.992, 0.062816
321.962, 0.044098
321.931, 0.025594
321.901, 0.008067
321.871, -0.007730
321.840, -0.021084
321.810, -0.031352
321.779, -0.037987
321.749, -0.040566
321.719, -0.038804
321.688, -0.032576
321.658, -0.021919
321.628, -0.007050
321.597, 0.011645
321.567, 0.033621
321.537, 0.058179
321.506, 0.084489
321.476, 0.111624
321.446, 0.138575
321.415, 0.164296
321.385, 0.187735
321.354, 0.207874
321.324, 0.223759
321.294, 0.234548
321.263, 0.239537
321.233, 0.238183
321.203, 0.230145
321.172, 0.215283
321.142, 0.193683
321.112, 0.165654
321.081, 0.131730
321.051, 0.092650
321.020, 0.049345
320.990, 0.002911
320.960, -0.045428
320.929, -0.094349
320.899, -0.142480
320.869, -0.188442
320.838, -0.230893
320.808, -0.268572
320.778, -0.300348
320.747, -0.325251
320.717, -0.342518
320.686, -0.351609
320.656, -0.352240
320.626, -0.344385
320.595, -0.328287
320.565, -0.304457
320.535, -0.273646
320.504, -0.236839
320.474, -0.195211
320.444, -0.150102
320.413, -0.102959
320.383, -0.055301
320.353, -0.008661
320.322, 0.035465
320.292, 0.075669
320.261, 0.110679
320.231, 0.139405
320.201, 0.160980
320.170, 0.174789
320.140, 0.180496
320.110, 0.178060
320.079, 0.167731
320.049, 0.150056
320.019, 0.125858
319.988, 0.096209
319.958, 0.062402
319.927, 0.025903
319.897, -0.011694
319.867, -0.048720
319.836, -0.083490
319.806, -0.114359
319.776, -0.139780
319.745, -0.158359
319.715, -0.168905
319.685, -0.170476
319.654, -0.162412
319.624, -0.144366
319.593, -0.116318
319.563, -0.078588
319.533, -0.031819
319.502, 0.023017
319.472, 0.084666
319.442, 0.151619
319.411, 0.222151
319.381, 0.294379
319.351, 0.366317
319.320, 0.435942
319.290, 0.501242
319.259, 0.560293
319.229, 0.611314
319.199, 0.652721
319.168, 0.683177
319.138, 0.701639
319.108, 0.707383
319.077, 0.700032
319.047, 0.679566
319.017, 0.646321
318.986, 0.600983
318.956, 0.544562
318.926, 0.478361
318.895, 0.403935
318.865, 0.323048
318.834, 0.237607
318.804, 0.149615
318.774, 0.061103
318.743, -0.025928
318.713, -0.109575
318.683, -0.188071
318.652, -0.259854
318.622, -0.323597
318.592, -0.378254
318.561, -0.423071
318.531, -0.457616
318.500, -0.481770
318.470, -0.495729
318.440, -0.499985
318.409, -0.495296
318.379, -0.482655
318.349, -0.463247
318.318, -0.438399
318.288, -0.409530
318.258, -0.377431
318.227, -0.344213
318.197, -0.311248
318.166, -0.279790
318.136, -0.250939
318.106, -0.225594
318.075, -0.204428
318.045, -0.187870
318.015, -0.176102
317.984, -0.169038
317.954, -0.166357
317.924, -0.167508
317.893, -0.171740
317.863, -0.178143
317.832, -0.185680
317.802, -0.193238
317.772, -0.199676
317.741, -0.203872
317.711, -0.204779
317.681, -0.201459
317.650, -0.193138
317.620, -0.179232
317.590, -0.159380
317.559, -0.133468
317.529, -0.101636
317.499, -0.064277
317.468, -0.022040
317.438, 0.024200
317.407, 0.073354
317.377, 0.124165
317.347, 0.175243
317.316, 0.225113
317.286, 0.272258
317.256, 0.315182
317.225, 0.352457
317.195, 0.382770
317.165, 0.404978
317.134, 0.418142
317.104, 0.421572
317.073, 0.414847
317.043, 0.397840
317.013, 0.370725
316.982, 0.333976
316.952, 0.288361
316.922, 0.234919
316.891, 0.174936
316.861, 0.109899
316.831, 0.041466
316.800, -0.028595
316.770, -0.098452
316.739, -0.166268
316.709, -0.230250
316.679, -0.288713
316.648, -0.340117
316.618, -0.383126
316.588, -0.416636
316.557, -0.439819
316.527, -0.452131
316.497, -0.453338
316.466, -0.443517
316.436, -0.423044
316.406, -0.392590
316.375, -0.353087
316.345, -0.305701
316.314, -0.251795
316.284, -0.192879
316.254, -0.130562
316.223, -0.066505
316.193, -0.002372
316.163, 0.060233
316.132, 0.119803
316.102, 0.174977
316.072, 0.224573
316.041, 0.267631
316.011, 0.303426
315.980, 0.331488
315.950, 0.351612
315.920, 0.363852
315.889, 0.368517
315.859, 0.366143
315.829, 0.357481
315.798, 0.343455
315.768, 0.325128
315.738, 0.303664
315.707, 0.280282
315.677, 0.256216
315.646, 0.232669
315.616, 0.210774
315.586, 0.191554
315.555, 0.175894
315.525, 0.164510
315.495, 0.157928
315.464, 0.156471
315.434, 0.160259
315.404, 0.169197
315.373, 0.182999
315.343, 0.201189
315.312, 0.223131
315.282, 0.248052
315.252, 0.275073
315.221, 0.303241
315.191, 0.331567
315.161, 0.359064
315.130, 0.384771
315.100, 0.407800
315.070, 0.427358
315.039, 0.442773
315.009, 0.453518
314.979, 0.459225
314.948, 0.459695
314.918, 0.454903
314.887, 0.444991
314.857, 0.430265
314.827, 0.411177
314.796, 0.388308
314.766, 0.362348
314.736, 0.334066
314.705, 0.304280
314.675, 0.273840
314.645, 0.243583
314.614, 0.214314
314.584, 0.186781
314.553, 0.161646
314.523, 0.139468
314.493, 0.120690
314.462, 0.105625
314.432, 0.094449
314.402, 0.087207
314.371, 0.083803
314.341, 0.084027
314.311, 0.087552
314.280, 0.093959
314.250, 0.102751
314.219, 0.113380
314.189, 0.125265
314.159, 0.137813
314.128, 0.150449
314.098, 0.162631
314.068, 0.173869
314.037, 0.183744
314.007, 0.191918
313.977, 0.198146
313.946, 0.202285
313.916, 0.204282
313.885, 0.204189
313.855, 0.202143
313.825, 0.198365
313.794, 0.193139
313.764, 0.186806
313.734, 0.179741
313.703, 0.172339
313.673, 0.164993
313.643, 0.158082
313.612, 0.151944
313.582, 0.146877
313.552, 0.143107
313.521, 0.140797
313.491, 0.140025
313.460, 0.140794
313.430, 0.143021
313.400, 0.146547
313.369, 0.151138
313.339, 0.156504
313.309, 0.162299
313.278, 0.168146
313.248, 0.173643
313.218, 0.178388
313.187, 0.181992
313.157, 0.184092
313.126, 0.184368
313.096, 0.182564
313.066, 0.178481
313.035, 0.172006
313.005, 0.163103
312.975, 0.151828
312.944, 0.138317
312.914, 0.122789
312.884, 0.105533
312.853, 0.086913
312.823, 0.067336
312.792, 0.047250
312.762, 0.027132
312.732, 0.007463
312.701, -0.011814
312.671, -0.029725
312.641, -0.045865
312.610, -0.059882
312.580, -0.071500
312.550, -0.080512
312.519, -0.086802
312.489, -0.090345
312.459, -0.091204
312.428, -0.089536
312.398, -0.085584
312.367, -0.079670
312.337, -0.072186
312.307, -0.063583
312.276, -0.054356
312.246, -0.045031
312.216, -0.036142
312.185, -0.028230
312.155, -0.021810
312.125, -0.017364
312.094, -0.015335
312.064, -0.016096
312.033, -0.019954
312.003, -0.027132
311.973, -0.037773
311.942, -0.051923
311.912, -0.069550
311.882, -0.090517
311.851, -0.114611
311.821, -0.141538
311.791, -0.170934
311.760, -0.202365
311.730, -0.235354
311.699, -0.269382
311.669, -0.303896
311.639, -0.338340
311.608, -0.372147
311.578, -0.404764
311.548, -0.435661
311.517, -0.464333
311.487, -0.490328
311.457, -0.513237
311.426, -0.532703
311.396, -0.548439
311.365, -0.560223
311.335, -0.567893
311.305, -0.571367
311.274, -0.570618
311.244, -0.565696
311.214, -0.556710
311.183, -0.543828
311.153, -0.527282
311.123, -0.507350
311.092, -0.484357
311.062, -0.458669
311.032, -0.430687
311.001, -0.400842
310.971, -0.369586
310.940, -0.337388
310.910, -0.304725
310.880, -0.272080
310.849, -0.239929
310.819, -0.208743
310.789, -0.178971
310.758, -0.151041
310.728, -0.125354
310.698, -0.102273
310.667, -0.082115
310.637, -0.065156
310.606, -0.051615
310.576, -0.041650
310.546, -0.035362
310.515, -0.032779
310.485, -0.033865
310.455, -0.038513
310.424, -0.046546
310.394, -0.057717
310.364, -0.071713
310.333, -0.088165
310.303, -0.106637
310.272, -0.126655
310.242, -0.147701
310.212, -0.169229
310.181, -0.190675
310.151, -0.211468
310.121, -0.231046
310.090, -0.248864
310.060, -0.264412
310.030, -0.277226
309.999, -0.286900
309.969, -0.293095
309.939, -0.295551
309.908, -0.294092
309.878, -0.288634
309.847, -0.279189
309.817, -0.265859
309.787, -0.248840
309.756, -0.228418
309.726, -0.204961
309.696, -0.178906
309.665, -0.150754
309.635, -0.121050
309.605, -0.090373
309.574, -0.059319
309.544, -0.028481
309.513, 0.001559
309.483, 0.030256
309.453, 0.057108
309.422, 0.081679
309.392, 0.103606
309.362, 0.122603
309.331, 0.138486
309.301, 0.151155
309.271, 0.160613
309.240, 0.166953
309.210, 0.170361
309.179, 0.171106
309.149, 0.169527
309.119, 0.166028
309.088, 0.161056
309.058, 0.155088
309.028, 0.148617
308.997, 0.142131
308.967, 0.136102
308.937, 0.130964
308.906, 0.127099
308.876, 0.124827
308.845, 0.124397
308.815, 0.125974
308.785, 0.129636
308.754, 0.135371
308.724, 0.143084
308.694, 0.152589
308.663, 0.163627
308.633, 0.175872
308.603, 0.188945
308.572, 0.202421
308.542, 0.215856
308.512, 0.228791
308.481, 0.240782
308.451, 0.251404
308.420, 0.260275
308.390, 0.267067
308.360, 0.271524
308.329, 0.273460
308.299, 0.272780
308.269, 0.269476
308.238, 0.263634
308.208, 0.255428
308.178, 0.245115
308.147, 0.233034
308.117, 0.219586
308.086, 0.205232
308.056, 0.190467
308.026, 0.175810
307.995, 0.161788
307.965, 0.148922
307.935, 0.137693
307.904, 0.128550
307.874, 0.121882
307.844, 0.117998
307.813, 0.117135
307.783, 0.119439
307.752, 0.124957
307.722, 0.133641
307.692, 0.145350
307.661, 0.159850
307.631, 0.176823
307.601, 0.195873
307.570, 0.216544
307.540, 0.238327
307.510, 0.260681
307.479, 0.283041
307.449, 0.304840
307.418, 0.325523
307.388, 0.344561
307.358, 0.361464
307.327, 0.375797
307.297, 0.387182
307.267, 0.395317
307.236, 0.399972
307.206, 0.400995
307.176, 0.397194
307.145, 0.389699
307.115, 0.378580
307.085, 0.363985
307.054, 0.346118
307.024, 0.325226
306.993, 0.301601
306.963, 0.275564
306.933, 0.247448
306.902, 0.217605
306.872, 0.186372
306.842, 0.154086
306.811, 0.121060
306.781, 0.087591
306.751, 0.053941
306.720, 0.020351
306.690, -0.012971
306.659, -0.045842
306.629, -0.078108
306.599, -0.109635
306.568, -0.140305
306.538, -0.170011
306.508, -0.198657
306.477, -0.226142
306.447, -0.252367
306.417, -0.277219
306.386, -0.300580
306.356, -0.322319
306.325, -0.342288
306.295, -0.360338
306.265, -0.376303
306.234, -0.390020
306.204, -0.401326
306.174, -0.410068
306.143, -0.416112
306.113, -0.419350
306.083, -0.419707
306.052, -0.417151
306.022, -0.411700
305.992, -0.403425
305.961, -0.392461
305.931, -0.379008
305.900, -0.363320
305.870, -0.345726
305.840, -0.326603
305.809, -0.306389
305.779, -0.285556
305.749, -0.264616
305.718, -0.244092
305.688, -0.224522
305.658, -0.206423
305.627, -0.190290
305.597, -0.176574
305.566, -0.165667
305.536, -0.157886
305.506, -0.153462
305.475, -0.152529
305.445, -0.155112
305.415, -0.161127
305.384, -0.170376
305.354, -0.182551
305.324, -0.197237
305.293, -0.213924
305.263, -0.232007
305.232, -0.250828
305.202, -0.269665
305.172, -0.287769
305.141, -0.304381
305.111, -0.318760
305.081, -0.330201
305.050, -0.338056
305.020, -0.341763
304.990, -0.340859
304.959, -0.335005
304.929, -0.323986
304.898, -0.307735
304.868, -0.286334
304.838, -0.260012
304.807, -0.229146
304.777, -0.194253
304.747, -0.155979
304.716, -0.115075
304.686, -0.072390
304.656, -0.028843
304.625, 0.014612
304.595, 0.056996
304.565, 0.097345
304.534, 0.134731
304.504, 0.168294
304.473, 0.197266
304.443, 0.220992
304.413, 0.238949
304.382, 0.250766
304.352, 0.256237
304.322, 0.255317
304.291, 0.248137
304.261, 0.234997
304.231, 0.216355
304.200, 0.192818
304.170, 0.165127
304.139, 0.134132
304.109, 0.100770
304.079, 0.066048
304.048, 0.030993
304.018, -0.003349
303.988, -0.035959
303.957, -0.065867
303.927, -0.092185
303.897, -0.114113
303.866, -0.130980
303.836, -0.142248
303.805, -0.147530
303.775, -0.146594
303.745, -0.139368
303.714, -0.125945
303.684, -0.106569
303.654, -0.081629
303.623, -0.051649
303.593, -0.017260
303.563, 0.020802
303.532, 0.061735
303.502, 0.104685
303.471, 0.148773
303.441, 0.193116
303.411, 0.236853
303.380, 0.279166
303.350, 0.319297
303.320, 0.356571
303.289, 0.390405
303.259, 0.420319
303.229, 0.445946
303.198, 0.467037
303.168, 0.483454
303.138, 0.495175
303.107, 0.502284
303.077, 0.504964
303.046, 0.503481
303.016, 0.498176
302.986, 0.489453
302.955, 0.477752
302.925, 0.463546
302.895, 0.447317
302.864, 0.429545
302.834, 0.410697
302.804, 0.391211
302.773, 0.371484
302.743, 0.351869
302.712, 0.332670
302.682, 0.314131
302.652, 0.296441
302.621, 0.279731
302.591, 0.264076
302.561, 0.249503
302.530, 0.235993
302.500, 0.223486
302.470, 0.211891
302.439, 0.201094
302.409, 0.190955
302.378, 0.181332
302.348, 0.172069
302.318, 0.163017
302.287, 0.154029
302.257, 0.144966
302.227, 0.135702
302.196, 0.126118
302.166, 0.116110
302.136, 0.105590
302.105, 0.094474
302.075, 0.082693
302.045, 0.070183
302.014, 0.056884
301.984, 0.042744
301.953, 0.027713
301.923, 0.011738
301.893, -0.005221
301.862, -0.023214
301.832, -0.042273
301.802, -0.062429
301.771, -0.083702
301.741, -0.106094
301.711, -0.129588
301.680, -0.154145
301.650, -0.178261
301.619, -0.203262
301.589, -0.229015
301.559, -0.255333
301.528, -0.281993
301.498, -0.308728
301.468, -0.335234
301.437, -0.361163
301.407, -0.386136
301.377, -0.409743
301.346, -0.431556
301.316, -0.451140
301.285, -0.468056
301.255, -0.481876
301.225, -0.492203
301.194, -0.498677
301.164, -0.500990
301.134, -0.498893
301.103, -0.492219
301.073, -0.480880
301.043, -0.464885
301.012, -0.444342
300.982, -0.419456
300.951, -0.390544
300.921, -0.358013
300.891, -0.322372
300.860, -0.284211
300.830, -0.244191
300.800, -0.203045
300.769, -0.161538
300.739, -0.120465
300.709, -0.080625
300.678, -0.042806
300.648, -0.007756
300.618, 0.023828
300.587, 0.051332
300.557, 0.074222
300.526, 0.092082
300.496, 0.104612
300.466, 0.111643
300.435, 0.113141
300.405, 0.109208
300.375, 0.100082
300.344, 0.086136
300.314, 0.067857
300.284, 0.045843
300.253, 0.020786
300.223, -0.006555
300.192, -0.035366
300.162, -0.064807
300.132, -0.094030
300.101, -0.122207
300.071, -0.148553
300.041, -0.172348
300.010, -0.192951
299.980, -0.209828
299.950, -0.222558
299.919, -0.230847
299.889, -0.234536
299.858, -0.233605
299.828, -0.228161
299.798, -0.218455
299.767, -0.204842
299.737, -0.187803
299.707, -0.167898
299.676, -0.145767
299.646, -0.122105
299.616, -0.097627
299.585, -0.073070
299.555, -0.049142
299.524, -0.026526
299.494, -0.005837
299.464, 0.012374
299.433, 0.027662
299.403, 0.039675
299.373, 0.048184
299.342, 0.053072
299.312, 0.054343
299.282, 0.052124
299.251, 0.046647
299.221, 0.038253
299.191, 0.027361
299.160, 0.014470
299.130, 0.000135
299.099, -0.015062
299.069, -0.030519
299.039, -0.045647
299.008, -0.059878
298.978, -0.072686
298.948, -0.083621
298.917, -0.092300
298.887, -0.098436
298.857, -0.101838
298.826, -0.102423
298.796, -0.100211
298.765, -0.095329
298.735, -0.087997
298.705, -0.078533
298.674, -0.067329
298.644, -0.054835
298.614, -0.041557
298.583, -0.028023
298.553, -0.014771
298.523, -0.002327
298.492, 0.008812
298.462, 0.018194
298.431, 0.025436
298.401, 0.030231
298.371, 0.032365
298.340, 0.031722
298.310, 0.028291
298.280, 0.022166
298.249, 0.013549
298.219, 0.002740
298.189, -0.009872
298.158, -0.023818
298.128, -0.038552
298.098, -0.053500
298.067, -0.068039
298.037, -0.081546
298.006, -0.093403
297.976, -0.103016
297.946, -0.109846
297.915, -0.113411
297.885, -0.113319
297.855, -0.109264
297.824, -0.101049
297.794, -0.088591
297.764, -0.071924
297.733, -0.051198
297.703, -0.026680
297.672, 0.001252
297.642, 0.032117
297.612, 0.065354
297.581, 0.100314
297.551, 0.136302
297.521, 0.172573
297.490, 0.208368
297.460, 0.242925
297.430, 0.275502
297.399, 0.305388
297.369, 0.331937
297.338, 0.354570
297.308, 0.372793
297.278, 0.386212
297.247, 0.394538
297.217, 0.397599
297.187, 0.395335
297.156, 0.387803
297.126, 0.375175
297.096, 0.357729
297.065, 0.335841
297.035, 0.309977
297.004, 0.280676
296.974, 0.248540
296.944, 0.214217
296.913, 0.178374
296.883, 0.141704
296.853, 0.104887
296.822, 0.068581
296.792, 0.033420
296.762, -0.000023
296.731, -0.031226
296.701, -0.059737
296.671, -0.085187
296.640, -0.107283
296.610, -0.125817
296.579, -0.140668
296.549, -0.151798
296.519, -0.159248
296.488, -0.163135
296.458, -0.163640
296.428, -0.161002
296.397, -0.155510
296.367, -0.147491
296.337, -0.137296
296.306, -0.125290
296.276, -0.111854
296.245, -0.097351
296.215, -0.082136
296.185, -0.066541
296.154, -0.050872
296.124, -0.035951
296.094, -0.021448
296.063, -0.007548
296.033, 0.005602
296.003, 0.017906
295.972, 0.029303
295.942, 0.039764
295.911, 0.049307
295.881, 0.057969
295.851, 0.065810
295.820, 0.072908
295.790, 0.079353
295.760, 0.085236
295.729, 0.090651
295.699, 0.095679
295.669, 0.100390
295.638, 0.104842
295.608, 0.109071
295.578, 0.113085
295.547, 0.116882
295.517, 0.120428
295.486, 0.123675
295.456, 0.126550
295.426, 0.128965
295.395, 0.130825
295.365, 0.132023
295.335, 0.132455
295.304, 0.132010
295.274, 0.130592
295.244, 0.128119
295.213, 0.124522
295.183, 0.119758
295.152, 0.113803
295.122, 0.106668
295.092, 0.098388
295.061, 0.089031
295.031, 0.078690
295.001, 0.067492
294.970, 0.055579
294.940, 0.043123
294.910, 0.030305
294.879, 0.017321
294.849, 0.004365
294.818, -0.008366
294.788, -0.020685
294.758, -0.032427
294.727, -0.043435
294.697, -0.053599
294.667, -0.062826
294.636, -0.071070
294.606, -0.078316
294.576, -0.084600
294.545, -0.089990
294.515, -0.094599
294.484, -0.098573
294.454, -0.102093
294.424, -0.105367
294.393, -0.108613
294.363, -0.112067
294.333, -0.115965
294.302, -0.120531
294.272, -0.125968
294.242, -0.132450
294.211, -0.140115
294.181, -0.149049
294.151, -0.159277
294.120, -0.170767
294.090, -0.183416
294.059, -0.197047
294.029, -0.211411
293.999, -0.226190
293.968, -0.240998
293.938, -0.255389
293.908, -0.268856
293.877, -0.280863
293.847, -0.290839
293.817, -0.298203
293.786, -0.302370
293.756, -0.302779
293.725, -0.298903
293.695, -0.290273
293.665, -0.276489
293.634, -0.257238
293.604, -0.232308
293.574, -0.201603
293.543, -0.165153
293.513, -0.123115
293.483, -0.075782
293.452, -0.023588
293.422, 0.032910
293.391, 0.093024
293.361, 0.155955
293.331, 0.220795
293.300, 0.286568
293.270, 0.352221
293.240, 0.416666
293.209, 0.478797
293.179, 0.537524
293.149, 0.591780
293.118, 0.640577
293.088, 0.682992
293.057, 0.718235
293.027, 0.745629
292.997, 0.764660
292.966, 0.774972
292.936, 0.776385
292.906, 0.768914
292.875, 0.752742
292.845, 0.728245
292.815, 0.695976
292.784, 0.656645
292.754, 0.611114
292.724, 0.560369
292.693, 0.505502
292.663, 0.447683
292.632, 0.388126
292.602, 0.328066
292.572, 0.268726
292.541, 0.211285
292.511, 0.156850
292.481, 0.106429
292.450, 0.060907
292.420, 0.021025
292.390, -0.012640
292.359, -0.039681
292.329, -0.059880
292.298, -0.073197
292.268, -0.079778
292.238, -0.079936
292.207, -0.074157
292.177, -0.063072
292.147, -0.047418
292.116, -0.028056
292.086, -0.005905
292.056, 0.018063
292.025, 0.042861
291.995, 0.067522
291.964, 0.091109
291.934, 0.112770
291.904, 0.131725
291.873, 0.147328
291.843, 0.159056
291.813, 0.166519
291.782, 0.169502
291.752, 0.167925
291.722, 0.161871
291.691, 0.151570
291.661, 0.137387
291.631, 0.119808
291.600, 0.099418
291.570, 0.076884
291.539, 0.052929
291.509, 0.028305
291.479, 0.003766
291.448, -0.019955
291.418, -0.042177
291.388, -0.062283
291.357, -0.079756
291.327, -0.094182
291.297, -0.105271
291.266, -0.112864
291.236, -0.116937
291.205, -0.117598
291.175, -0.115094
291.145, -0.109779
291.114, -0.102123
291.084, -0.092690
291.054, -0.082103
291.023, -0.071029
290.993, -0.060171
290.963, -0.050216
290.932, -0.041831
290.902, -0.035624
290.871, -0.032130
290.841, -0.031789
290.811, -0.034931
290.780, -0.041754
290.750, -0.052332
290.720, -0.066588
290.689, -0.084312
290.659, -0.105168
290.629, -0.128678
290.598, -0.154053
290.568, -0.180836
290.537, -0.208281
290.507, -0.235598
290.477, -0.261969
290.446, -0.286572
290.416, -0.308628
290.386, -0.327399
290.355, -0.342232
290.325, -0.352573
290.295, -0.357987
290.264, -0.358179
290.234, -0.352987
290.204, -0.342418
290.173, -0.326622
290.143, -0.305906
290.112, -0.280725
290.082, -0.251658
290.052, -0.219411
290.021, -0.184781
289.991, -0.148640
289.961, -0.111914
289.930, -0.075548
289.900, -0.040485
289.870, -0.007639
289.839, 0.022136
289.809, 0.048066
289.778, 0.069482
289.748, 0.085831
289.718, 0.096706
289.687, 0.101839
289.657, 0.101124
289.627, 0.094605
289.596, 0.082486
289.566, 0.065114
289.536, 0.042971
289.505, 0.016663
289.475, -0.013108
289.444, -0.045557
289.414, -0.079838
289.384, -0.115080
289.353, -0.150400
289.323, -0.184934
289.293, -0.217861
289.262, -0.248424
289.232, -0.275946
289.202, -0.299862
289.171, -0.319711
289.141, -0.335167
289.110, -0.346029
289.080, -0.352232
289.050, -0.353843
289.019, -0.351054
288.989, -0.344178
288.959, -0.333624
288.928, -0.319892
288.898, -0.303553
288.868, -0.285225
288.837, -0.265557
288.807, -0.245204
288.777, -0.224810
288.746, -0.204984
288.716, -0.186284
288.685, -0.169197
288.655, -0.154131
288.625, -0.141397
288.594, -0.131207
288.564, -0.123664
288.534, -0.118762
288.503, -0.116393
288.473, -0.116345
288.443, -0.118313
288.412, -0.121911
288.382, -0.126688
288.351, -0.132137
288.321, -0.137713
288.291, -0.142855
288.260, -0.147000
288.230, -0.149600
288.200, -0.150141
288.169, -0.148159
288.139, -0.143251
288.109, -0.135089
288.078, -0.123433
288.048, -0.108135
288.017, -0.089141
287.987, -0.066501
287.957, -0.040361
287.926, -0.010964
287.896, 0.021355
287.866, 0.056182
287.835, 0.093029
287.805, 0.131344
287.775, 0.170530
287.744, 0.209950
287.714, 0.248953
287.684, 0.286877
287.653, 0.323070
287.623, 0.356897
287.592, 0.387762
287.562, 0.415115
287.532, 0.438458
287.501, 0.457360
287.471, 0.471466
287.441, 0.480493
287.410, 0.484241
287.380, 0.482594
287.350, 0.475520
287.319, 0.463065
287.289, 0.445356
287.258, 0.422591
287.228, 0.395040
287.198, 0.363028
287.167, 0.326940
287.137, 0.287199
287.107, 0.244270
287.076, 0.198641
287.046, 0.150820
287.016, 0.101324
286.985, 0.050672
286.955, -0.000627
286.924, -0.052075
286.894, -0.103200
286.864, -0.153553
286.833, -0.202722
286.803, -0.250327
286.773, -0.296031
286.742, -0.339544
286.712, -0.380609
286.682, -0.419020
286.651, -0.454619
286.621, -0.487285
286.590, -0.516934
286.560, -0.543530
286.530, -0.567065
286.499, -0.587564
286.469, -0.605079
286.439, -0.619682
286.408, -0.631468
286.378, -0.640541
286.348, -0.647013
286.317, -0.651003
286.287, -0.652628
286.257, -0.652001
286.226, -0.649233
286.196, -0.644420
286.165, -0.637651
286.135, -0.629003
286.105, -0.618539
286.074, -0.606310
286.044, -0.592362
286.014, -0.576724
285.983, -0.559429
285.953, -0.540502
285.923, -0.519972
285.892, -0.497870
285.862, -0.474244
285.831, -0.449149
285.801, -0.422662
285.771, -0.394881
285.740, -0.365929
285.710, -0.335958
285.680, -0.305144
285.649, -0.273697
285.619, -0.241855
285.589, -0.209879
285.558, -0.178057
285.528, -0.146690
285.497, -0.116104
285.467, -0.086617
285.437, -0.058553
285.406, -0.032227
285.376, -0.007932
285.346, 0.014070
285.315, 0.033550
285.285, 0.050330
285.255, 0.064281
285.224, 0.075346
285.194, 0.083530
285.163, 0.088913
285.133, 0.091653
285.103, 0.091982
285.072, 0.090206
285.042, 0.087164
285.012, 0.082837
284.981, 0.077727
284.951, 0.072377
284.921, 0.067361
284.890, 0.063272
284.860, 0.060704
284.830, 0.060235
284.799, 0.062408
284.769, 0.067719
284.738, 0.076591
284.708, 0.089370
284.678, 0.106294
284.647, 0.127502
284.617, 0.153003
284.587, 0.182685
284.556, 0.216300
284.526, 0.253474
284.496, 0.293702
284.465, 0.336362
284.435, 0.380723
284.404, 0.425959
284.374, 0.471169
284.344, 0.515397
284.313, 0.557658
284.283, 0.596951
284.253, 0.632307
284.222, 0.662794
284.192, 0.687554
284.162, 0.705824
284.131, 0.716966
284.101, 0.720482
284.070, 0.716027
284.040, 0.703431
284.010, 0.682709
283.979, 0.654059
283.949, 0.617864
283.919, 0.574687
283.888, 0.525264
283.858, 0.470486
283.828, 0.411376
283.797, 0.349074
283.767, 0.284796
283.737, 0.219820
283.706, 0.155444
283.676, 0.092955
283.645, 0.033598
283.615, -0.021466
283.585, -0.071171
283.554, -0.114597
283.524, -0.150979
283.494, -0.179739
283.463, -0.200489
283.433, -0.213054
283.403, -0.217470
283.372, -0.213984
283.342, -0.203051
283.311, -0.185322
283.281, -0.161617
283.251, -0.132913
283.220, -0.100309
283.190, -0.065005
283.160, -0.028257
283.129, 0.008644
283.099, 0.044428
283.069, 0.077856
283.038, 0.107774
283.008, 0.133139
282.977, 0.153043
282.947, 0.166745
282.917, 0.173686
282.886, 0.173505
282.856, 0.166043
282.826, 0.151359
282.795, 0.129711
282.765, 0.101557
282.735, 0.067536
282.704, 0.028449
282.674, -0.014764
282.643, -0.061058
282.613, -0.109305
282.583, -0.158338
282.552, -0.206979
282.522, -0.254070
282.492, -0.298519
282.461, -0.339314
282.431, -0.375565
282.401, -0.406524
282.370, -0.431599
282.340, -0.450379
282.310, -0.462632
282.279, -0.468318
282.249, -0.467579
282.218, -0.460736
282.188, -0.448269
282.158, -0.430809
282.127, -0.409104
282.097, -0.383999
282.067, -0.356405
282.036, -0.327269
282.006, -0.297544
281.976, -0.268154
281.945, -0.239959
281.915, -0.213752
281.884, -0.190203
281.854, -0.169854
281.824, -0.153105
281.793, -0.140196
281.763, -0.131208
281.733, -0.126054
281.702, -0.124492
281.672, -0.126135
281.642, -0.130461
281.611, -0.136843
281.581, -0.144557
281.550, -0.152827
281.520, -0.160841
281.490, -0.167787
281.459, -0.172878
281.429, -0.175388
281.399, -0.174674
281.368, -0.170206
281.338, -0.161577
281.308, -0.148534
281.277, -0.130980
281.247, -0.108985
281.217, -0.082783
281.186, -0.052782
281.156, -0.019519
281.125, 0.016302
281.095, 0.053887
281.065, 0.092330
281.034, 0.130666
281.004, 0.167901
280.974, 0.203024
280.943, 0.235059
280.913, 0.263085
280.883, 0.286279
280.852, 0.303924
280.822, 0.315457
280.791, 0.320464
280.761, 0.318718
280.731, 0.310172
280.700, 0.294981
280.670, 0.273473
280.640, 0.246178
280.609, 0.213779
280.579, 0.177119
280.549, 0.137157
280.518, 0.094964
280.488, 0.051673
280.457, 0.008448
280.427, -0.033544
280.397, -0.073167
280.366, -0.109360
280.336, -0.141159
280.306, -0.167728
280.275, -0.188399
280.245, -0.202672
280.215, -0.210242
280.184, -0.211006
280.154, -0.205067
280.123, -0.192736
280.093, -0.174518
280.063, -0.151095
280.032, -0.123320
280.002, -0.092165
279.972, -0.058719
279.941, -0.024133
279.911, 0.010396
279.881, 0.043679
279.850, 0.074560
279.820, 0.101964
279.790, 0.124918
279.759, 0.142588
279.729, 0.154308
279.698, 0.159599
279.668, 0.158185
279.638, 0.150005
279.607, 0.135211
279.577, 0.114183
279.547, 0.087492
279.516, 0.054146
279.486, 0.016841
279.456, -0.023350
279.425, -0.065239
279.395, -0.107570
279.364, -0.149047
279.334, -0.188367
279.304, -0.224285
279.273, -0.255618
279.243, -0.281307
279.213, -0.300433
279.182, -0.312259
279.152, -0.316239
279.122, -0.312048
279.091, -0.299583
279.061, -0.278981
279.030, -0.250593
279.000, -0.215006
278.970, -0.172996
278.939, -0.125529
278.909, -0.073724
278.879, -0.018826
278.848, 0.037845
278.818, 0.094906
278.788, 0.150974
278.757, 0.204690
278.727, 0.254769
278.696, 0.300030
278.666, 0.339432
278.636, 0.372100
278.605, 0.397354
278.575, 0.414725
278.545, 0.423970
278.514, 0.425065
278.484, 0.418224
278.454, 0.403872
278.423, 0.382642
278.393, 0.355347
278.363, 0.322956
278.332, 0.286570
278.302, 0.247373
278.271, 0.206606
278.241, 0.165534
278.211, 0.125391
278.180, 0.087360
278.150, 0.052522
278.120, 0.021838
278.089, -0.003888
278.059, -0.024025
278.029, -0.038145
277.998, -0.046011
277.968, -0.047603
277.937, -0.043105
277.907, -0.032901
277.877, -0.017558
277.846, 0.002196
277.816, 0.025500
277.786, 0.051377
277.755, 0.078782
277.725, 0.106625
277.695, 0.133814
277.664, 0.159289
277.634, 0.182056
277.603, 0.201213
277.573, 0.215988
277.543, 0.225755
277.512, 0.230061
277.482, 0.228630
277.452, 0.221378
277.421, 0.208411
277.391, 0.190020
277.361, 0.166668
277.330, 0.138980
277.300, 0.107713
277.270, 0.073741
277.239, 0.038012
277.209, 0.001528
277.178, -0.034687
277.148, -0.069635
277.118, -0.102354
277.087, -0.131967
277.057, -0.157699
277.027, -0.178904
276.996, -0.195076
276.966, -0.205880
276.936, -0.211139
276.905, -0.210850
276.875, -0.205175
276.844, -0.194438
276.814, -0.179096
276.784, -0.159736
276.753, -0.137038
276.723, -0.111764
276.693, -0.084711
276.662, -0.056696
276.632, -0.028517
276.602, -0.000927
276.571, 0.025389
276.541, 0.049851
276.510, 0.071986
276.480, 0.091462
276.450, 0.108087
276.419, 0.121817
276.389, 0.132755
276.359, 0.141148
276.328, 0.147375
276.298, 0.151922
276.268, 0.155375
276.237, 0.158379
276.207, 0.161626
276.176, 0.165814
276.146, 0.171616
276.116, 0.179660
276.085, 0.190487
276.055, 0.204539
276.025, 0.222122
275.994, 0.243399
275.964, 0.268365
275.934, 0.296855
275.903, 0.328525
275.873, 0.362870
275.843, 0.399226
275.812, 0.436794
275.782, 0.474654
275.751, 0.511798
275.721, 0.547162
275.691, 0.579657
275.660, 0.608197
275.630, 0.631751
275.600, 0.649370
275.569, 0.660223
275.539, 0.663623
275.509, 0.659064
275.478, 0.646236
275.448, 0.625045
275.417, 0.595617
275.387, 0.558312
275.357, 0.513708
275.326, 0.462601
275.296, 0.405972
275.266, 0.344979
275.235, 0.280919
275.205, 0.215185
275.175, 0.149244
275.144, 0.084582
275.114, 0.022666
275.083, -0.035099
275.053, -0.087413
275.023, -0.133116
274.992, -0.171229
274.962, -0.200977
274.932, -0.221821
274.901, -0.233466
274.871, -0.235880
274.841, -0.229284
274.810, -0.214162
274.780, -0.191234
274.749, -0.161440
274.719, -0.125916
274.689, -0.085954
274.658, -0.042968
274.628, 0.001546
274.598, 0.046061
274.567, 0.089056
274.537, 0.129068
274.507, 0.164727
274.476, 0.194804
274.446, 0.218239
274.416, 0.234181
274.385, 0.241998
274.355, 0.241307
274.324, 0.231973
274.294, 0.214118
274.264, 0.188105
274.233, 0.154540
274.203, 0.114231
274.173, 0.068176
274.142, 0.017524
274.112, -0.036458
274.082, -0.092436
274.051, -0.149034
274.021, -0.204892
273.990, -0.257731
273.960, -0.307296
273.930, -0.352495
273.899, -0.392393
273.869, -0.426236
273.839, -0.453480
273.808, -0.473794
273.778, -0.487071
273.748, -0.493424
273.717, -0.493183
273.687, -0.486871
273.656, -0.475193
273.626, -0.459002
273.596, -0.439271
273.565, -0.417053
273.535, -0.393454
273.505, -0.369591
273.474, -0.346550
273.444, -0.325357
273.414, -0.306941
273.383, -0.292107
273.353, -0.281508
273.323, -0.275626
273.292, -0.274766
273.262, -0.279033
273.231, -0.288346
273.201, -0.302434
273.171, -0.320853
273.140, -0.343000
273.110, -0.368134
273.080, -0.395404
273.049, -0.423877
273.019, -0.452568
272.989, -0.480472
272.958, -0.506601
272.928, -0.530010
272.897, -0.549826
272.867, -0.565274
272.837, -0.575707
272.806, -0.580607
272.776, -0.579615
272.746, -0.572531
272.715, -0.559312
272.685, -0.540077
272.655, -0.515089
272.624, -0.484759
272.594, -0.449607
272.563, -0.410256
272.533, -0.367410
272.503, -0.321827
272.472, -0.274285
272.442, -0.225574
272.412, -0.176459
272.381, -0.127665
272.351, -0.079856
272.321, -0.033617
272.290, 0.010557
272.260, 0.052264
272.229, 0.091207
272.199, 0.127190
272.169, 0.160114
272.138, 0.189965
272.108, 0.216811
272.078, 0.240780
272.047, 0.262047
272.017, 0.280818
271.987, 0.297308
271.956, 0.311726
271.926, 0.324263
271.896, 0.335064
271.865, 0.344230
271.835, 0.351801
271.804, 0.357752
271.774, 0.361987
271.744, 0.364349
271.713, 0.364615
271.683, 0.362514
271.653, 0.357730
271.622, 0.349929
271.592, 0.338764
271.562, 0.323901
271.531, 0.305036
271.501, 0.281917
271.470, 0.254363
271.440, 0.222272
271.410, 0.185653
271.379, 0.144618
271.349, 0.099415
271.319, 0.050400
271.288, -0.001929
271.258, -0.056962
271.228, -0.113974
271.197, -0.172142
271.167, -0.230560
271.136, -0.288262
271.106, -0.344242
271.076, -0.397492
271.045, -0.447008
271.015, -0.491839
270.985, -0.531099
270.954, -0.564006
270.924, -0.589892
270.894, -0.608238
270.863, -0.618677
270.833, -0.621021
270.802, -0.615256
270.772, -0.601556
270.742, -0.580270
270.711, -0.551922
270.681, -0.517197
270.651, -0.476919
270.620, -0.432031
270.590, -0.383576
270.560, -0.332657
270.529, -0.280415
270.499, -0.227998
270.469, -0.176523
270.438, -0.127051
270.408, -0.080559
270.377, -0.037904
270.347, 0.000179
270.317, 0.033120
270.286, 0.060513
270.256, 0.082124
270.226, 0.097902
270.195, 0.107972
270.165, 0.112627
270.135, 0.112320
270.104, 0.107639
270.074, 0.099298
270.043, 0.088098
270.013, 0.074914
269.983, 0.060656
269.952, 0.046246
269.922, 0.032586
269.892, 0.020530
269.861, 0.010859
269.831, 0.004255
269.801, 0.001284
269.770, 0.002379
269.740, 0.007828
269.709, 0.017762
269.679, 0.032164
269.649, 0.050864
269.618, 0.073542
269.588, 0.099756
269.558, 0.128934
269.527, 0.160417
269.497, 0.193465
269.467, 0.227288
269.436, 0.261062
269.406, 0.293970
269.376, 0.325207
269.345, 0.354022
269.315, 0.379727
269.284, 0.401722
269.254, 0.419509
269.224, 0.432705
269.193, 0.441046
269.163, 0.444405
269.133, 0.442775
269.102, 0.436279
269.072, 0.425151
269.042, 0.409738
269.011, 0.390479
268.981, 0.367888
268.950, 0.342529
268.920, 0.315017
268.890, 0.285980
268.859, 0.256043
268.829, 0.225808
268.799, 0.195838
268.768, 0.166644
268.738, 0.138657
268.708, 0.112242
268.677, 0.087657
268.647, 0.065073
268.616, 0.044573
268.586, 0.026128
268.556, 0.009634
268.525, -0.005100
268.495, -0.018337
268.465, -0.030557
268.434, -0.041962
268.404, -0.052948
268.374, -0.063914
268.343, -0.075260
268.313, -0.087356
268.282, -0.100541
268.252, -0.115094
268.222, -0.131235
268.191, -0.149103
268.161, -0.168752
268.131, -0.190151
268.100, -0.213170
268.070, -0.237589
268.040, -0.263101
268.009, -0.289313
267.979, -0.315761
267.949, -0.341908
267.918, -0.367177
267.888, -0.390948
267.857, -0.412586
267.827, -0.431450
267.797, -0.446907
267.766, -0.458367
267.736, -0.465279
267.706, -0.467159
267.675, -0.463604
267.645, -0.454292
267.615, -0.439019
267.584, -0.417679
267.554, -0.390294
267.523, -0.356995
267.493, -0.318047
267.463, -0.273831
267.432, -0.224835
267.402, -0.171677
267.372, -0.115048
267.341, -0.055746
267.311, 0.005362
267.281, 0.067362
267.250, 0.129291
267.220, 0.190162
267.189, 0.248996
267.159, 0.304827
267.129, 0.356719
267.098, 0.403811
267.068, 0.445294
267.038, 0.480474
267.007, 0.508745
266.977, 0.529640
266.947, 0.542816
266.916, 0.548078
266.886, 0.545370
266.856, 0.534804
266.825, 0.516636
266.795, 0.491268
266.764, 0.459252
266.734, 0.421280
266.704, 0.378156
266.673, 0.330800
266.643, 0.280217
266.613, 0.227486
266.582, 0.173738
266.552, 0.120129
266.522, 0.067814
266.491, 0.017932
266.461, -0.028434
266.430, -0.070263
266.400, -0.106628
266.370, -0.136722
266.339, -0.159870
266.309, -0.175539
266.279, -0.183368
266.248, -0.183167
266.218, -0.174921
266.188, -0.158798
266.157, -0.135143
266.127, -0.104478
266.096, -0.067473
266.066, -0.024962
266.036, 0.022100
266.005, 0.072653
265.975, 0.125545
265.945, 0.179572
265.914, 0.233496
265.884, 0.286079
265.854, 0.336108
265.823, 0.382428
265.793, 0.423966
265.762, 0.459762
265.732, 0.488971
265.702, 0.510915
265.671, 0.525077
265.641, 0.531113
265.611, 0.528872
265.580, 0.518382
265.550, 0.499864
265.520, 0.473714
265.489, 0.440501
265.459, 0.400937
265.429, 0.355871
265.398, 0.306266
265.368, 0.253163
265.337, 0.197669
265.307, 0.140911
265.277, 0.084021
265.246, 0.028103
265.216, -0.025797
265.186, -0.076711
265.155, -0.123779
265.125, -0.166263
265.095, -0.203565
265.064, -0.235239
265.034, -0.260998
265.003, -0.280719
264.973, -0.294443
264.943, -0.302355
264.912, -0.304797
264.882, -0.302231
264.852, -0.295240
264.821, -0.284492
264.791, -0.270725
264.761, -0.254726
264.730, -0.237300
264.700, -0.219248
264.669, -0.201338
264.639, -0.184289
264.609, -0.168751
264.578, -0.155282
264.548, -0.144335
264.518, -0.136245
264.487, -0.131231
264.457, -0.129378
264.427, -0.130652
264.396, -0.134895
264.366, -0.141839
264.335, -0.151117
264.305, -0.162272
264.275, -0.174778
264.244, -0.188064
264.214, -0.201526
264.184, -0.214548
264.153, -0.226522
264.123, -0.236880
264.093, -0.245093
264.062, -0.250694
264.032, -0.253303
264.002, -0.252625
263.971, -0.248457
263.941, -0.240710
263.910, -0.229386
263.880, -0.214600
263.850, -0.196559
263.819, -0.175564
263.789, -0.151995
263.759, -0.126300
263.728, -0.098989
263.698, -0.070603
263.668, -0.041713
263.637, -0.012897
263.607, 0.015273
263.576, 0.042247
263.546, 0.067512
263.516, 0.090597
263.485, 0.111098
263.455, 0.128668
263.425, 0.143037
263.394, 0.154009
263.364, 0.161469
263.334, 0.165376
263.303, 0.165760
263.273, 0.162730
263.242, 0.156452
263.212, 0.147150
263.182, 0.135099
263.151, 0.120612
263.121, 0.104034
263.091, 0.085731
263.060, 0.066082
263.030, 0.045471
263.000, 0.024276
262.969, 0.002874
262.939, -0.017362
262.909, -0.037115
262.878, -0.056078
262.848, -0.073966
262.817, -0.090524
262.787, -0.105528
262.757, -0.118787
262.726, -0.130137
262.696, -0.139446
262.666, -0.146618
262.635, -0.151581
262.605, -0.154299
262.575, -0.154759
262.544, -0.152986
262.514, -0.149032
262.483, -0.142977
262.453, -0.134935
262.423, -0.125054
262.392, -0.113507
262.362, -0.100506
262.332, -0.086286
262.301, -0.071115
262.271, -0.055295
262.241, -0.039143
262.210, -0.022998
262.180, -0.007221
262.149, 0.007824
262.119, 0.021767
262.089, 0.034248
262.058, 0.044915
262.028, 0.053447
261.998, 0.059555
261.967, 0.062994
261.937, 0.063572
261.907, 0.061162
261.876, 0.055708
261.846, 0.047228
261.815, 0.035828
261.785, 0.021699
261.755, 0.005114
261.724, -0.013564
261.694, -0.033895
261.664, -0.055363
261.633, -0.077391
261.603, -0.099351
261.573, -0.120575
261.542, -0.140376
261.512, -0.158065
261.482, -0.172970
261.451, -0.184455
261.421, -0.191938
261.390, -0.194914
261.360, -0.192972
261.330, -0.185805
261.299, -0.173232
261.269, -0.155207
261.239, -0.131814
261.208, -0.103292
261.178, -0.070019
261.148, -0.032504
261.117, 0.008603
261.087, 0.052542
261.056, 0.098452
261.026, 0.145391
260.996, 0.192360
260.965, 0.238323
260.935, 0.282243
260.905, 0.323102
260.874, 0.359931
260.844, 0.391831
260.814, 0.418012
260.783, 0.437794
260.753, 0.450653
260.722, 0.456208
260.692, 0.454257
260.662, 0.444770
260.631, 0.427895
260.601, 0.403955
260.571, 0.373440
260.540, 0.336993
260.510, 0.295390
260.480, 0.249530
260.449, 0.200395
260.419, 0.149035
260.388, 0.096530
260.358, 0.043969
260.328, -0.007585
260.297, -0.057132
260.267, -0.103742
260.237, -0.146597
260.206, -0.185011
260.176, -0.218435
260.146, -0.246484
260.115, -0.268938
260.085, -0.285743
260.055, -0.297014
260.024, -0.303024
259.994, -0.304193
259.963, -0.301069
259.933, -0.294308
259.903, -0.284656
259.872, -0.272916
259.842, -0.259920
259.812, -0.246504
259.781, -0.233484
259.751, -0.221620
259.721, -0.211594
259.690, -0.203990
259.660, -0.199281
259.629, -0.197799
259.599, -0.199739
259.569, -0.205147
259.538, -0.213921
259.508, -0.225815
259.478, -0.240453
259.447, -0.257329
259.417, -0.275842
259.387, -0.295302
259.356, -0.314961
259.326, -0.334033
259.295, -0.351727
259.265, -0.367262
259.235, -0.379903
259.204, -0.388976
259.174, -0.393905
259.144, -0.394200
259.113, -0.389511
259.083, -0.379607
259.053, -0.364404
259.022, -0.343957
258.992, -0.318462
258.962, -0.288246
258.931, -0.253770
258.901, -0.215594
258.870, -0.174387
258.840, -0.130880
258.810, -0.085870
258.779, -0.040182
258.749, 0.005350
258.719, 0.049905
258.688, 0.092693
258.658, 0.132983
258.628, 0.170113
258.597, 0.203514
258.567, 0.232715
258.536, 0.257356
258.506, 0.277195
258.476, 0.292108
258.445, 0.302091
258.415, 0.307251
258.385, 0.307805
258.354, 0.304071
258.324, 0.296445
258.294, 0.285401
258.263, 0.271469
258.233, 0.255216
258.202, 0.237242
258.172, 0.218148
258.142, 0.198537
258.111, 0.178988
258.081, 0.160046
258.051, 0.142218
258.020, 0.125954
257.990, 0.111646
257.960, 0.099622
257.929, 0.090137
257.899, 0.083381
257.868, 0.079478
257.838, 0.078475
257.808, 0.080363
257.777, 0.085071
257.747, 0.092474
257.717, 0.102397
257.686, 0.114621
257.656, 0.128892
257.626, 0.144924
257.595, 0.162405
257.565, 0.181002
257.535, 0.200369
257.504, 0.220145
257.474, 0.239966
257.443, 0.259464
257.413, 0.278271
257.383, 0.295786
257.352, 0.311893
257.322, 0.326254
257.292, 0.338540
257.261, 0.348448
257.231, 0.355695
257.201, 0.360033
257.170, 0.361244
257.140, 0.359155
257.109, 0.353639
257.079, 0.344616
257.049, 0.332066
257.018, 0.316033
256.988, 0.296620
256.958, 0.274000
256.927, 0.248416
256.897, 0.220181
256.867, 0.189672
256.836, 0.157332
256.806, 0.123656
256.775, 0.089198
256.745, 0.054544
256.715, 0.020310
256.684, -0.012870
256.654, -0.044367
256.624, -0.073564
256.593, -0.099876
256.563, -0.122766
256.533, -0.141767
256.502, -0.156485
256.472, -0.166625
256.441, -0.171992
256.411, -0.172512
256.381, -0.168229
256.350, -0.159313
256.320, -0.146058
256.290, -0.128877
256.259, -0.108301
256.229, -0.084957
256.199, -0.059562
256.168, -0.032901
256.138, -0.005809
256.108, 0.020857
256.077, 0.046237
256.047, 0.069493
256.016, 0.089840
255.986, 0.106566
255.956, 0.119052
255.925, 0.126802
255.895, 0.129452
255.865, 0.126785
255.834, 0.118746
255.804, 0.105444
255.774, 0.087149
255.743, 0.064293
255.713, 0.037456
255.682, 0.007352
255.652, -0.025185
255.622, -0.059234
255.591, -0.093802
255.561, -0.127861
255.531, -0.160378
255.500, -0.190336
255.470, -0.216779
255.440, -0.238830
255.409, -0.255727
255.379, -0.266835
255.348, -0.271685
255.318, -0.269970
255.288, -0.261571
255.257, -0.246547
255.227, -0.225151
255.197, -0.197807
255.166, -0.165114
255.136, -0.127810
255.106, -0.086770
255.075, -0.042965
255.045, 0.002561
255.015, 0.048723
254.984, 0.094428
254.954, 0.138610
254.923, 0.180258
254.893, 0.218446
254.863, 0.252365
254.832, 0.281341
254.802, 0.304856
254.772, 0.322561
254.741, 0.334282
254.711, 0.340023
254.681, 0.339965
254.650, 0.334449
254.620, 0.323968
254.589, 0.309144
254.559, 0.290698
254.529, 0.269436
254.498, 0.246206
254.468, 0.221871
254.438, 0.197284
254.407, 0.173246
254.377, 0.150485
254.347, 0.129634
254.316, 0.111199
254.286, 0.095552
254.255, 0.082913
254.225, 0.073343
254.195, 0.066754
254.164, 0.062905
254.134, 0.061411
254.104, 0.061768
254.073, 0.063371
254.043, 0.065536
254.013, 0.067534
253.982, 0.068612
253.952, 0.068030
253.921, 0.065097
253.891, 0.059187
253.861, 0.049775
253.830, 0.036457
253.800, 0.018975
253.770, -0.002779
253.739, -0.028745
253.709, -0.058700
253.679, -0.092252
253.648, -0.128857
253.618, -0.167829
253.588, -0.208368
253.557, -0.249571
253.527, -0.290474
253.496, -0.330074
253.466, -0.367370
253.436, -0.401381
253.405, -0.431197
253.375, -0.455998
253.345, -0.475090
253.314, -0.487918
253.284, -0.494101
253.254, -0.493427
253.223, -0.485883
253.193, -0.471639
253.162, -0.451052
253.132, -0.424660
253.102, -0.393155
253.071, -0.357370
253.041, -0.318255
253.011, -0.276834
252.980, -0.234192
252.950, -0.191425
252.920, -0.149615
252.889, -0.109791
252.859, -0.072904
252.828, -0.039793
252.798, -0.011157
252.768, 0.012454
252.737, 0.030665
252.707, 0.043278
252.677, 0.050280
252.646, 0.051834
252.616, 0.048275
252.586, 0.040090
252.555, 0.027904
252.525, 0.012456
252.495, -0.005442
252.464, -0.024915
252.434, -0.045071
252.403, -0.065023
252.373, -0.083927
252.343, -0.101014
252.312, -0.115599
252.282, -0.127119
252.252, -0.135147
252.221, -0.139393
252.191, -0.139730
252.161, -0.136180
252.130, -0.128910
252.100, -0.118231
252.069, -0.104571
252.039, -0.088468
252.009, -0.070531
251.978, -0.051428
251.948, -0.031851
251.918, -0.012489
251.887, 0.006002
251.857, 0.020942
251.827, 0.033898
251.796, 0.044456
251.766, 0.052324
251.735, 0.057347
251.705, 0.059505
251.675, 0.058924
251.644, 0.055866
251.614, 0.050721
251.584, 0.043995
251.553, 0.036290
251.523, 0.028278
251.493, 0.020678
251.462, 0.014230
251.432, 0.009664
251.401, 0.007670
251.371, 0.008869
251.341, 0.013793
251.310, 0.022858
251.280, 0.036341
251.250, 0.054375
251.219, 0.076930
251.189, 0.103814
251.159, 0.134675
251.128, 0.169004
251.098, 0.206151
251.068, 0.245344
251.037, 0.285704
251.007, 0.326277
250.976, 0.366062
250.946, 0.404031
250.916, 0.439180
250.885, 0.470539
250.855, 0.497210
250.825, 0.518398
250.794, 0.533432
250.764, 0.541780
250.734, 0.543076
250.703, 0.537115
250.673, 0.523880
250.642, 0.503520
250.612, 0.476357
250.582, 0.442875
250.551, 0.403701
250.521, 0.359589
250.491, 0.311394
250.460, 0.260046
250.430, 0.206532
250.400, 0.151852
250.369, 0.097010
250.339, 0.042967
250.308, -0.009364
250.278, -0.059158
250.248, -0.105681
250.217, -0.148319
250.187, -0.186582
250.157, -0.220105
250.126, -0.248667
250.096, -0.272165
250.066, -0.290631
250.035, -0.304202
250.005, -0.313120
249.974, -0.317711
249.944, -0.318362
249.914, -0.315517
249.883, -0.309636
249.853, -0.301196
249.823, -0.290664
249.792, -0.278478
249.762, -0.265043
249.732, -0.250716
249.701, -0.235796
249.671, -0.220514
249.641, -0.205051
249.610, -0.189526
249.580, -0.173997
249.549, -0.158485
249.519, -0.142966
249.489, -0.127397
249.458, -0.111720
249.428, -0.095875
249.398, -0.079820
249.367, -0.063534
249.337, -0.047024
249.307, -0.030344
249.276, -0.013595
249.246, 0.003079
249.215, 0.019483
249.185, 0.035374
249.155, 0.050480
249.124, 0.064490
249.094, 0.077084
249.064, 0.087933
249.033, 0.096720
249.003, 0.103154
248.973, 0.106983
248.942, 0.108013
248.912, 0.106119
248.881, 0.101249
248.851, 0.093447
248.821, 0.082845
248.790, 0.069670
248.760, 0.054247
248.730, 0.036985
248.699, 0.018371
248.669, -0.001037
248.639, -0.020633
248.608, -0.039783
248.578, -0.057836
248.548, -0.074154
248.517, -0.088129
248.487, -0.099210
248.456, -0.106924
248.426, -0.110889
248.396, -0.110838
248.365, -0.106629
248.335, -0.098249
248.305, -0.085832
248.274, -0.069645
248.244, -0.050098
248.214, -0.027719
248.183, -0.003155
248.153, 0.022862
248.122, 0.049513
248.092, 0.075944
248.062, 0.101271
248.031, 0.124623
248.001, 0.145158
247.971, 0.162100
247.940, 0.174764
247.910, 0.182572
247.880, 0.185083
247.849, 0.182004
247.819, 0.173203
247.788, 0.158719
247.758, 0.138752
247.728, 0.113668
247.697, 0.083994
247.667, 0.050385
247.637, 0.013620
247.606, -0.025426
247.576, -0.065813
247.546, -0.106563
247.515, -0.146688
247.485, -0.185224
247.454, -0.221262
247.424, -0.253978
247.394, -0.282652
247.363, -0.306696
247.333, -0.325675
247.303, -0.339306
247.272, -0.347486
247.242, -0.350274
247.212, -0.347896
247.181, -0.340732
247.151, -0.329308
247.121, -0.314267
247.090, -0.296349
247.060, -0.276360
247.029, -0.255150
246.999, -0.233574
246.969, -0.212467
246.938, -0.192611
246.908, -0.174711
246.878, -0.159362
246.847, -0.147039
246.817, -0.138068
246.787, -0.132632
246.756, -0.130749
246.726, -0.132283
246.695, -0.136940
246.665, -0.144298
246.635, -0.153803
246.604, -0.164805
246.574, -0.176581
246.544, -0.188354
246.513, -0.199341
246.483, -0.208767
246.453, -0.215905
246.422, -0.220102
246.392, -0.220808
246.361, -0.217599
246.331, -0.207443
246.301, -0.192969
246.270, -0.174224
246.240, -0.151419
246.210, -0.124935
246.179, -0.095309
246.149, -0.063217
246.119, -0.029458
246.088, 0.005077
246.058, 0.039426
246.027, 0.072595
245.997, 0.103586
245.967, 0.131432
245.936, 0.155229
245.906, 0.174167
245.876, 0.187565
245.845, 0.194887
245.815, 0.195762
245.785, 0.190003
245.754, 0.177623
245.724, 0.158815
245.694, 0.133973
245.663, 0.103673
245.633, 0.068650
245.602, 0.029791
245.572, -0.011901
245.542, -0.055331
245.511, -0.099343
245.481, -0.142758
245.451, -0.184400
245.420, -0.223140
245.390, -0.257921
245.360, -0.287786
245.329, -0.311912
245.299, -0.329626
245.268, -0.340416
245.238, -0.343954
245.208, -0.340094
245.177, -0.328872
245.147, -0.310509
245.117, -0.285381
245.086, -0.254019
245.056, -0.217089
245.026, -0.175357
244.995, -0.129675
244.965, -0.080945
244.934, -0.030095
244.904, 0.021946
244.874, 0.074283
244.843, 0.126066
244.813, 0.176518
244.783, 0.224958
244.752, 0.270798
244.722, 0.313565
244.692, 0.352900
244.661, 0.388554
244.631, 0.420389
244.601, 0.448362
244.570, 0.472515
244.540, 0.492962
244.509, 0.509870
244.479, 0.523441
244.449, 0.533889
244.418, 0.541432
244.388, 0.546261
244.358, 0.548540
244.327, 0.548388
244.297, 0.545868
244.267, 0.540986
244.236, 0.533694
244.206, 0.523887
244.175, 0.511414
244.145, 0.496092
244.115, 0.477717
244.084, 0.456080
244.054, 0.430988
244.024, 0.402280
243.993, 0.369857
243.963, 0.333684
243.933, 0.293824
243.902, 0.250443
243.872, 0.203819
243.841, 0.154355
243.811, 0.102579
243.781, 0.049139
243.750, -0.005200
243.720, -0.059574
243.690, -0.113038
243.659, -0.164582
243.629, -0.213165
243.599, -0.257740
243.568, -0.297285
243.538, -0.330840
243.507, -0.357537
243.477, -0.376626
243.447, -0.387517
243.416, -0.389790
243.386, -0.383234
243.356, -0.367846
243.325, -0.343853
243.295, -0.311708
243.265, -0.272090
243.234, -0.225895
243.204, -0.174214
243.174, -0.118308
243.143, -0.059580
243.113, 0.000458
243.082, 0.060232
243.052, 0.118145
243.022, 0.172622
242.991, 0.222158
242.961, 0.265360
242.931, 0.300989
242.900, 0.328001
242.870, 0.345576
242.840, 0.353156
242.809, 0.350445
242.779, 0.337444
242.748, 0.314439
242.718, 0.282001
242.688, 0.240970
242.657, 0.192444
242.627, 0.137730
242.597, 0.078331
242.566, 0.015880
242.536, -0.047888
242.506, -0.111197
242.475, -0.172276
242.445, -0.229418
242.414, -0.281023
242.384, -0.325651
242.354, -0.362059
242.323, -0.389250
242.293, -0.406490
242.263, -0.413336
242.232, -0.409650
242.202, -0.395603
242.172, -0.371671
242.141, -0.338620
242.111, -0.297480
242.080, -0.249519
242.050, -0.196202
242.020, -0.139152
241.989, -0.080090
241.959, -0.020797
241.929, 0.036949
241.898, 0.091418
241.868, 0.140994
241.838, 0.184200
241.807, 0.219767
241.777, 0.246652
241.747, 0.264079
241.716, 0.271549
241.686, 0.268868
241.655, 0.256140
241.625, 0.233769
241.595, 0.202437
241.564, 0.163090
241.534, 0.116903
241.504, 0.065241
241.473, 0.009623
241.443, -0.048329
241.413, -0.106941
241.382, -0.164533
241.352, -0.219474
241.321, -0.270221
241.291, -0.315376
241.261, -0.353717
241.230, -0.384237
241.200, -0.406164
241.170, -0.418989
241.139, -0.422469
241.109, -0.416640
241.079, -0.401798
241.048, -0.378496
241.018, -0.347513
240.987, -0.309840
240.957, -0.266630
240.927, -0.219172
240.896, -0.168840
240.866, -0.117055
240.836, -0.065239
240.805, -0.015735
240.775, 0.031127
240.745, 0.074176
240.714, 0.112395
240.684, 0.144949
240.654, 0.171211
240.623, 0.190766
240.593, 0.203430
240.562, 0.209244
240.532, 0.208467
240.502, 0.201557
240.471, 0.189158
240.441, 0.172074
240.411, 0.151232
240.380, 0.127649
240.350, 0.102407
240.320, 0.076600
240.289, 0.051308
240.259, 0.027555
240.228, 0.006285
240.198, -0.011678
240.168, -0.025650
240.137, -0.035107
240.107, -0.039696
240.077, -0.039251
240.046, -0.033784
240.016, -0.023492
239.986, -0.008740
239.955, 0.009958
239.925, 0.031948
239.894, 0.056470
239.864, 0.082684
239.834, 0.109699
239.803, 0.136600
239.773, 0.162484
239.743, 0.186489
239.712, 0.207820
239.682, 0.225775
239.652, 0.239768
239.621, 0.249345
239.591, 0.254201
239.560, 0.254177
239.530, 0.249274
239.500, 0.239646
239.469, 0.225592
239.439, 0.207544
239.409, 0.186050
239.378, 0.161761
239.348, 0.135396
239.318, 0.107734
239.287, 0.079569
239.257, 0.051704
239.227, 0.024915
239.196, -0.000072
239.166, -0.022598
239.135, -0.042097
239.105, -0.058102
239.075, -0.070262
239.044, -0.078350
239.014, -0.082266
238.984, -0.082034
238.953, -0.077804
238.923, -0.069833
238.893, -0.058482
238.862, -0.044201
238.832, -0.027512
238.801, -0.008992
238.771, 0.010757
238.741, 0.031105
238.710, 0.051432
238.680, 0.071137
238.650, 0.089660
238.619, 0.106489
238.589, 0.121181
238.559, 0.133358
238.528, 0.142728
238.498, 0.149083
238.467, 0.152296
238.437, 0.152324
238.407, 0.149203
238.376, 0.143046
238.346, 0.134025
238.316, 0.122367
238.285, 0.108350
238.255, 0.092281
238.225, 0.074497
238.194, 0.055347
238.164, 0.035181
238.134, 0.014356
238.103, -0.006786
238.073, -0.027918
238.042, -0.048728
238.012, -0.068927
237.982, -0.088242
237.951, -0.106428
237.921, -0.123244
237.891, -0.138482
237.860, -0.151932
237.830, -0.163403
237.800, -0.172705
237.769, -0.179653
237.739, -0.184068
237.708, -0.185772
237.678, -0.184593
237.648, -0.180359
237.617, -0.172915
237.587, -0.162122
237.557, -0.147857
237.526, -0.130035
237.496, -0.108605
237.466, -0.083569
237.435, -0.054980
237.405, -0.022960
237.374, 0.012291
237.344, 0.050504
237.314, 0.091313
237.283, 0.134272
237.253, 0.178848
237.223, 0.224424
237.192, 0.270305
237.162, 0.315728
237.132, 0.359878
237.101, 0.401898
237.071, 0.440910
237.040, 0.476033
237.010, 0.506411
236.980, 0.531228
236.949, 0.549745
236.919, 0.561304
236.889, 0.565372
236.858, 0.561547
236.828, 0.549584
236.798, 0.529412
236.767, 0.501133
236.737, 0.465044
236.707, 0.421632
236.676, 0.371572
236.646, 0.315715
236.615, 0.255080
236.585, 0.190833
236.555, 0.124258
236.524, 0.056738
236.494, -0.010286
236.464, -0.075345
236.433, -0.136977
236.403, -0.193769
236.373, -0.244399
236.342, -0.287656
236.312, -0.322497
236.281, -0.348061
236.251, -0.363701
236.221, -0.369008
236.190, -0.363828
236.160, -0.348260
236.130, -0.322677
236.099, -0.287704
236.069, -0.244213
236.039, -0.193307
236.008, -0.136290
235.978, -0.074638
235.947, -0.009961
235.917, 0.056042
235.887, 0.121612
235.856, 0.184999
235.826, 0.244486
235.796, 0.298456
235.765, 0.345415
235.735, 0.384048
235.705, 0.413253
235.674, 0.432167
235.644, 0.440197
235.613, 0.437031
235.583, 0.422654
235.553, 0.397350
235.522, 0.361688
235.492, 0.316521
235.462, 0.262951
235.431, 0.202312
235.401, 0.136128
235.371, 0.066077
235.340, -0.006057
235.310, -0.078428
235.280, -0.150264
235.249, -0.218659
235.219, -0.281864
235.188, -0.338275
235.158, -0.386452
235.128, -0.425158
235.097, -0.453404
235.067, -0.470458
235.037, -0.475868
235.006, -0.469469
234.976, -0.451393
234.946, -0.422050
234.915, -0.382125
234.885, -0.332549
234.854, -0.274479
234.824, -0.209264
234.794, -0.138401
234.763, -0.063503
234.733, 0.013750
234.703, 0.091646
234.672, 0.168494
234.642, 0.242666
234.612, 0.312618
234.581, 0.376955
234.551, 0.434437
234.520, 0.484018
234.490, 0.524858
234.460, 0.556339
234.429, 0.578080
234.399, 0.589921
234.369, 0.591936
234.338, 0.584399
234.308, 0.567791
234.278, 0.542766
234.247, 0.510118
234.217, 0.470772
234.187, 0.425739
234.156, 0.376094
234.126, 0.322931
234.095, 0.267356
234.065, 0.210436
234.035, 0.153188
234.004, 0.096553
233.974, 0.041374
233.944, -0.011611
233.913, -0.061786
233.883, -0.108657
233.853, -0.151859
233.822, -0.191141
233.792, -0.226372
233.761, -0.257526
233.731, -0.284670
233.701, -0.307946
233.670, -0.327560
233.640, -0.343762
233.610, -0.356831
233.579, -0.367063
233.549, -0.374747
233.519, -0.380165
233.488, -0.383574
233.458, -0.385202
233.427, -0.385239
233.397, -0.383841
233.367, -0.381132
233.336, -0.377196
233.306, -0.372098
233.276, -0.365883
233.245, -0.358583
233.215, -0.350228
233.185, -0.340866
233.154, -0.330560
233.124, -0.319396
233.093, -0.307503
233.063, -0.295047
233.033, -0.282238
233.002, -0.269333
232.972, -0.256629
232.942, -0.244460
232.911, -0.233196
232.881, -0.223221
232.851, -0.214935
232.820, -0.208727
232.790, -0.204967
232.760, -0.203996
232.729, -0.206101
232.699, -0.211495
232.668, -0.220324
232.638, -0.232630
232.608, -0.248362
232.577, -0.267354
232.547, -0.289330
232.517, -0.313903
232.486, -0.340573
232.456, -0.368745
232.426, -0.397729
232.395, -0.426764
232.365, -0.455032
232.334, -0.481678
232.304, -0.505834
232.274, -0.526644
232.243, -0.543289
232.213, -0.555009
232.183, -0.561133
232.152, -0.561095
232.122, -0.554457
232.092, -0.540927
232.061, -0.520370
232.031, -0.492820
232.000, -0.458479
231.970, -0.417722
231.940, -0.371093
231.909, -0.319290
231.879, -0.263150
231.849, -0.203640
231.818, -0.141821
231.788, -0.078837
231.758, -0.015874
231.727, 0.045861
231.697, 0.105174
231.666, 0.160910
231.636, 0.211985
231.606, 0.257410
231.575, 0.296326
231.545, 0.328007
231.515, 0.351893
231.484, 0.367595
231.454, 0.374908
231.424, 0.373804
231.393, 0.364450
231.363, 0.347180
231.333, 0.322502
231.302, 0.291067
231.272, 0.253666
231.241, 0.211197
231.211, 0.164650
231.181, 0.115067
231.150, 0.063535
231.120, 0.011146
231.090, -0.041025
231.059, -0.091942
231.029, -0.140637
230.999, -0.186220
230.968, -0.227906
230.938, -0.265017
230.907, -0.296999
230.877, -0.323434
230.847, -0.344021
230.816, -0.358598
230.786, -0.367128
230.756, -0.369684
230.725, -0.366450
230.695, -0.357708
230.665, -0.343818
230.634, -0.325204
230.604, -0.302348
230.573, -0.275768
230.543, -0.246004
230.513, -0.213609
230.482, -0.179129
230.452, -0.143110
230.422, -0.106071
230.391, -0.068508
230.361, -0.030889
230.331, 0.006350
230.300, 0.042805
230.270, 0.078106
230.240, 0.111907
230.209, 0.143895
230.179, 0.173776
230.148, 0.201283
230.118, 0.226163
230.088, 0.248185
230.057, 0.267129
230.027, 0.282792
229.997, 0.294989
229.966, 0.303552
229.936, 0.308339
229.906, 0.309234
229.875, 0.306157
229.845, 0.299065
229.814, 0.287963
229.784, 0.272912
229.754, 0.254030
229.723, 0.232771
229.693, 0.208120
229.663, 0.180401
229.632, 0.150014
229.602, 0.117431
229.572, 0.083186
229.541, 0.047884
229.511, 0.012169
229.480, -0.023266
229.450, -0.057700
229.420, -0.090405
229.389, -0.120658
229.359, -0.147759
229.329, -0.171046
229.298, -0.189924
229.268, -0.203873
229.238, -0.212474
229.207, -0.215406
229.177, -0.212478
229.146, -0.203625
229.116, -0.188918
229.086, -0.168569
229.055, -0.142921
229.025, -0.112448
228.995, -0.077739
228.964, -0.039497
228.934, 0.001496
228.904, 0.044390
228.873, 0.088290
228.843, 0.132275
228.813, 0.175436
228.782, 0.216892
228.752, 0.255813
228.721, 0.291454
228.691, 0.323169
228.661, 0.350424
228.630, 0.372819
228.600, 0.390099
228.570, 0.402157
228.539, 0.409033
228.509, 0.410913
228.479, 0.408123
228.448, 0.401112
228.418, 0.390436
228.387, 0.376740
228.357, 0.360732
228.327, 0.343160
228.296, 0.324780
228.266, 0.306338
228.236, 0.288535
228.205, 0.272010
228.175, 0.257310
228.145, 0.244874
228.114, 0.235025
228.084, 0.227945
228.053, 0.223674
228.023, 0.222122
227.993, 0.223052
227.962, 0.226106
227.932, 0.230811
227.902, 0.236597
227.871, 0.242821
227.841, 0.248794
227.811, 0.253801
227.780, 0.257136
227.750, 0.258123
227.720, 0.256149
227.689, 0.250683
227.659, 0.241306
227.628, 0.227722
227.598, 0.209771
227.568, 0.187453
227.537, 0.160908
227.507, 0.130438
227.477, 0.096483
227.446, 0.059617
227.416, 0.020528
227.386, -0.019997
227.355, -0.061109
227.325, -0.101916
227.294, -0.141517
227.264, -0.179025
227.234, -0.213610
227.203, -0.244511
227.173, -0.271080
227.143, -0.292787
227.112, -0.309253
227.082, -0.320256
227.052, -0.325737
227.021, -0.325810
226.991, -0.320748
226.960, -0.310982
226.930, -0.297082
226.900, -0.279737
226.869, -0.259727
226.839, -0.237897
226.809, -0.215133
226.778, -0.192315
226.748, -0.170294
226.718, -0.149861
226.687, -0.131710
226.657, -0.116419
226.626, -0.104422
226.596, -0.095993
226.566, -0.091232
226.535, -0.090064
226.505, -0.092238
226.475, -0.097330
226.444, -0.104762
226.414, -0.113817
226.384, -0.123672
226.353, -0.133418
226.323, -0.142102
226.293, -0.148752
226.262, -0.152425
226.232, -0.152240
226.201, -0.147411
226.171, -0.137279
226.141, -0.121346
226.110, -0.099296
226.080, -0.071012
226.050, -0.036591
226.019, 0.003656
225.989, 0.049207
225.959, 0.099329
225.928, 0.153110
225.898, 0.209478
225.867, 0.267226
225.837, 0.325053
225.807, 0.381602
225.776, 0.435503
225.746, 0.485410
225.716, 0.530051
225.685, 0.568271
225.655, 0.599058
225.625, 0.621593
225.594, 0.635263
225.564, 0.639702
225.533, 0.634781
225.503, 0.620641
225.473, 0.597669
225.442, 0.566508
225.412, 0.528024
225.382, 0.483287
225.351, 0.433539
225.321, 0.380163
225.291, 0.324624
225.260, 0.268443
225.230, 0.213134
225.199, 0.160169
225.169, 0.110924
225.139, 0.066641
225.108, 0.028381
225.078, -0.002996
225.048, -0.026872
225.017, -0.042881
224.987, -0.050921
224.957, -0.051162
224.926, -0.044031
224.896, -0.030206
224.866, -0.010588
224.835, 0.013728
224.805, 0.041491
224.774, 0.071333
224.744, 0.101811
224.714, 0.131464
224.683, 0.158853
224.653, 0.182612
224.623, 0.201493
224.592, 0.214407
224.562, 0.220459
224.532, 0.218978
224.501, 0.209544
224.471, 0.191995
224.440, 0.166439
224.410, 0.133247
224.380, 0.093044
224.349, 0.046691
224.319, -0.004745
224.289, -0.060024
224.258, -0.117767
224.228, -0.176507
224.198, -0.234989
224.167, -0.291442
224.137, -0.344397
224.106, -0.392482
224.076, -0.434459
224.046, -0.469265
224.015, -0.496035
223.985, -0.514143
223.955, -0.523201
223.924, -0.523083
223.894, -0.513919
223.864, -0.496094
223.833, -0.470223
223.803, -0.437145
223.773, -0.397885
223.742, -0.353619
223.712, -0.305642
223.681, -0.255322
223.651, -0.204067
223.621, -0.153265
223.590, -0.104261
223.560, -0.058303
223.530, -0.016513
223.499, 0.020141
223.469, 0.050878
223.439, 0.075118
223.408, 0.092495
223.378, 0.102864
223.347, 0.106296
223.317, 0.103071
223.287, 0.093662
223.256, 0.078716
223.226, 0.059026
223.196, 0.035500
223.165, 0.009129
223.135, -0.019041
223.105, -0.047955
223.074, -0.076573
223.044, -0.103909
223.013, -0.129059
222.983, -0.151220
222.953, -0.169726
222.922, -0.184050
222.892, -0.193820
222.862, -0.198825
222.831, -0.199012
222.801, -0.194484
222.771, -0.185488
222.740, -0.172395
222.710, -0.155685
222.679, -0.135935
222.649, -0.113775
222.619, -0.089875
222.588, -0.064929
222.558, -0.039612
222.528, -0.014573
222.497, 0.009592
222.467, 0.032355
222.437, 0.053262
222.406, 0.071955
222.376, 0.088165
222.346, 0.101723
222.315, 0.112546
222.285, 0.120637
222.254, 0.126076
222.224, 0.129003
222.194, 0.129605
222.163, 0.128105
222.133, 0.124739
222.103, 0.119744
222.072, 0.113344
222.042, 0.105736
222.012, 0.097084
221.981, 0.087502
221.951, 0.077061
221.920, 0.065777
221.890, 0.053625
221.860, 0.040539
221.829, 0.026416
221.799, 0.011135
221.769, -0.005432
221.738, -0.023403
221.708, -0.042881
221.678, -0.063918
221.647, -0.086520
221.617, -0.110622
221.586, -0.136083
221.556, -0.162668
221.526, -0.190057
221.495, -0.217832
221.465, -0.245485
221.435, -0.272424
221.404, -0.297986
221.374, -0.321444
221.344, -0.342036
221.313, -0.358981
221.283, -0.371502
221.252, -0.378852
221.222, -0.380341
221.192, -0.375360
221.161, -0.363406
221.131, -0.344103
221.101, -0.317224
221.070, -0.282708
221.040, -0.240667
221.010, -0.191396
220.979, -0.135372
220.949, -0.073252
220.919, -0.005870
220.888, 0.065798
220.858, 0.140627
220.827, 0.217389
220.797, 0.294765
220.767, 0.371392
220.736, 0.445873
220.706, 0.516838
220.676, 0.582957
220.645, 0.642986
220.615, 0.695792
220.585, 0.740380
220.554, 0.775922
220.524, 0.801776
220.493, 0.817499
220.463, 0.822857
220.433, 0.817831
220.402, 0.802613
220.372, 0.777597
220.342, 0.743367
220.311, 0.700682
220.281, 0.650449
220.251, 0.593698
220.220, 0.531553
220.190, 0.465209
220.159, 0.395889
220.129, 0.324821
220.099, 0.253208
220.068, 0.182196
220.038, 0.112854
220.008, 0.046145
219.977, -0.017074
219.947, -0.076093
219.917, -0.130326
219.886, -0.179338
219.856, -0.222835
219.826, -0.260658
219.795, -0.292775
219.765, -0.319275
219.734, -0.340339
219.704, -0.356237
219.674, -0.367297
219.643, -0.373903
219.613, -0.376457
219.583, -0.375382
219.552, -0.371087
219.522, -0.363972
219.492, -0.354401
219.461, -0.342711
219.431, -0.329192
219.400, -0.314099
219.370, -0.297646
219.340, -0.280017
219.309, -0.261365
219.279, -0.241831
219.249, -0.221540
219.218, -0.200637
219.188, -0.179259
219.158, -0.157587
219.127, -0.135827
219.097, -0.114223
219.066, -0.093064
219.036, -0.072687
219.006, -0.053465
218.975, -0.035813
218.945, -0.020176
218.915, -0.007007
218.884, 0.003229
218.854, 0.010082
218.824, 0.013139
218.793, 0.012037
218.763, 0.006483
218.732, -0.003733
218.702, -0.018702
218.672, -0.038511
218.641, -0.062890
218.611, -0.091545
218.581, -0.124030
218.550, -0.159755
218.520, -0.198001
218.490, -0.237914
218.459, -0.278536
218.429, -0.318818
218.399, -0.357647
218.368, -0.393878
218.338, -0.426368
218.307, -0.454000
218.277, -0.475726
218.247, -0.490604
218.216, -0.497816
218.186, -0.496712
218.156, -0.486845
218.125, -0.467963
218.095, -0.440054
218.065, -0.403343
218.034, -0.358299
218.004, -0.305629
217.973, -0.246265
217.943, -0.181350
217.913, -0.112210
217.882, -0.040324
217.852, 0.032718
217.822, 0.105250
217.791, 0.175578
217.761, 0.242027
217.731, 0.302988
217.700, 0.356962
217.670, 0.402602
217.639, 0.438768
217.609, 0.464544
217.579, 0.479272
217.548, 0.482586
217.518, 0.474411
217.488, 0.454975
217.457, 0.424811
217.427, 0.384731
217.397, 0.335820
217.366, 0.279404
217.336, 0.217008
217.305, 0.150324
217.275, 0.081156
217.245, 0.011377
217.214, -0.057131
217.184, -0.122524
217.154, -0.183047
217.123, -0.237091
217.093, -0.283233
217.063, -0.320275
217.032, -0.347277
217.002, -0.363592
216.972, -0.368867
216.941, -0.363067
216.911, -0.346461
216.880, -0.319626
216.850, -0.283414
216.820, -0.238939
216.789, -0.187534
216.759, -0.130711
216.729, -0.070120
216.698, -0.007504
216.668, 0.055370
216.638, 0.116733
216.607, 0.174893
216.577, 0.228267
216.546, 0.275428
216.516, 0.315139
216.486, 0.346395
216.455, 0.368442
216.425, 0.380799
216.395, 0.383250
216.364, 0.375873
216.334, 0.359003
216.304, 0.333238
216.273, 0.299406
216.243, 0.258538
216.212, 0.211829
216.182, 0.160611
216.152, 0.106296
216.121, 0.050344
216.091, -0.005782
216.061, -0.060664
216.030, -0.112963
216.000, -0.161453
215.970, -0.205061
215.939, -0.242881
215.909, -0.274202
215.879, -0.298522
215.848, -0.315541
215.818, -0.325175
215.787, -0.327539
215.757, -0.322938
215.727, -0.311848
215.696, -0.294884
215.666, -0.272790
215.636, -0.246389
215.605, -0.216567
215.575, -0.184233
215.545, -0.150293
215.514, -0.115614
215.484, -0.081008
215.453, -0.047199
215.423, -0.014813
215.393, 0.015641
215.362, 0.043782
215.332, 0.069350
215.302, 0.092217
215.271, 0.112375
215.241, 0.129921
215.211, 0.145051
215.180, 0.158037
215.150, 0.169209
215.119, 0.178933
215.089, 0.187590
215.059, 0.195557
215.028, 0.203184
214.998, 0.210777
214.968, 0.218586
214.937, 0.226792
214.907, 0.235495
214.877, 0.244721
214.846, 0.254412
214.816, 0.264432
214.785, 0.274586
214.755, 0.284619
214.725, 0.294235
214.694, 0.303112
214.664, 0.310927
214.634, 0.317368
214.603, 0.322155
214.573, 0.325050
214.543, 0.325890
214.512, 0.324580
214.482, 0.321119
214.452, 0.315594
214.421, 0.308189
214.391, 0.299180
214.360, 0.288932
214.330, 0.277887
214.300, 0.266546
214.269, 0.255458
214.239, 0.245199
214.209, 0.236343
214.178, 0.229449
214.148, 0.225033
214.118, 0.223542
214.087, 0.225342
214.057, 0.230689
214.026, 0.239722
213.996, 0.252443
213.966, 0.268724
213.935, 0.288286
213.905, 0.310718
213.875, 0.335475
213.844, 0.361894
213.814, 0.389211
213.784, 0.416588
213.753, 0.443128
213.723, 0.467907
213.692, 0.490007
213.662, 0.508544
213.632, 0.522692
213.601, 0.531723
213.571, 0.535021
213.541, 0.532121
213.510, 0.522709
213.480, 0.506649
213.450, 0.483989
213.419, 0.454964
213.389, 0.419988
213.359, 0.379654
213.328, 0.334709
213.298, 0.286044
213.267, 0.234659
213.237, 0.181640
213.207, 0.128121
213.176, 0.075262
213.146, 0.023769
213.116, -0.024850
213.085, -0.069600
213.055, -0.109611
213.025, -0.144151
212.994, -0.172666
212.964, -0.194790
212.933, -0.210356
212.903, -0.219406
212.873, -0.222191
212.842, -0.219156
212.812, -0.210934
212.782, -0.198318
212.751, -0.182249
212.721, -0.163767
212.691, -0.143993
212.660, -0.124082
212.630, -0.105193
212.599, -0.088443
212.569, -0.074873
212.539, -0.065418
212.508, -0.060866
212.478, -0.061841
212.448, -0.068769
212.417, -0.081876
212.387, -0.101172
212.357, -0.126450
212.326, -0.157285
212.296, -0.193062
212.265, -0.232978
212.235, -0.276077
212.205, -0.321272
212.174, -0.367388
212.144, -0.413193
212.114, -0.457437
212.083, -0.498891
212.053, -0.536392
212.023, -0.568873
211.992, -0.595403
211.962, -0.615209
211.932, -0.627708
211.901, -0.632527
211.871, -0.629504
211.840, -0.618703
211.810, -0.600406
211.780, -0.575114
211.749, -0.543511
211.719, -0.506465
211.689, -0.464985
211.658, -0.420197
211.628, -0.373295
211.598, -0.325521
211.567, -0.278115
211.537, -0.232276
211.506, -0.189130
211.476, -0.149684
211.446, -0.114810
211.415, -0.085211
211.385, -0.061397
211.355, -0.043672
211.324, -0.032136
211.294, -0.026674
211.264, -0.026968
211.233, -0.032504
211.203, -0.042602
211.172, -0.056430
211.142, -0.073043
211.112, -0.091411
211.081, -0.110455
211.051, -0.129087
211.021, -0.146253
210.990, -0.160955
210.960, -0.172296
210.930, -0.179515
210.899, -0.182001
210.869, -0.179317
210.838, -0.171223
210.808, -0.157678
210.778, -0.138838
210.747, -0.115059
210.717, -0.086880
210.687, -0.055007
210.656, -0.020286
210.626, 0.016323
210.596, 0.053778
210.565, 0.090991
210.535, 0.126861
210.505, 0.160323
210.474, 0.190368
210.444, 0.216085
210.413, 0.236696
210.383, 0.251575
210.353, 0.260273
210.322, 0.262534
210.292, 0.258303
210.262, 0.247732
210.231, 0.231169
210.201, 0.209156
210.171, 0.182407
210.140, 0.151786
210.110, 0.118282
210.079, 0.082975
210.049, 0.046999
210.019, 0.011520
209.988, -0.022324
209.958, -0.053439
209.928, -0.080823
209.897, -0.103584
209.867, -0.120991
209.837, -0.132471
209.806, -0.137644
209.776, -0.136327
209.745, -0.128550
209.715, -0.114540
209.685, -0.094725
209.654, -0.069713
209.624, -0.040278
209.594, -0.007334
209.563, 0.028095
209.533, 0.064912
209.503, 0.101969
209.472, 0.138113
209.442, 0.172220
209.412, 0.203227
209.381, 0.230167
209.351, 0.252196
209.320, 0.268617
209.290, 0.278910
209.260, 0.282727
209.229, 0.279925
209.199, 0.270552
209.169, 0.254849
209.138, 0.233241
209.108, 0.206325
209.078, 0.174841
209.047, 0.139665
209.017, 0.101761
208.986, 0.062164
208.956, 0.021947
208.926, -0.017813
208.895, -0.056067
208.865, -0.091828
208.835, -0.124195
208.804, -0.152373
208.774, -0.175707
208.744, -0.193684
208.713, -0.205955
208.683, -0.212332
208.652, -0.212801
208.622, -0.207505
208.592, -0.196743
208.561, -0.180952
208.531, -0.160689
208.501, -0.136617
208.470, -0.109470
208.440, -0.080034
208.410, -0.049126
208.379, -0.017559
208.349, 0.013876
208.318, 0.044445
208.288, 0.073469
208.258, 0.100366
208.227, 0.124651
208.197, 0.145951
208.167, 0.164005
208.136, 0.178676
208.106, 0.189934
208.076, 0.197871
208.045, 0.202664
208.015, 0.204583
207.985, 0.203965
207.954, 0.201203
207.924, 0.196720
207.893, 0.190953
207.863, 0.184337
207.833, 0.177285
207.802, 0.170169
207.772, 0.163309
207.742, 0.156964
207.711, 0.151319
207.681, 0.146482
207.651, 0.142479
207.620, 0.139601
207.590, 0.137392
207.559, 0.135668
207.529, 0.134196
207.499, 0.132695
207.468, 0.130864
207.438, 0.128392
207.408, 0.124967
207.377, 0.120304
207.347, 0.114149
207.317, 0.106296
207.286, 0.096600
207.256, 0.084983
207.225, 0.071438
207.195, 0.056038
207.165, 0.038929
207.134, 0.020329
207.104, 0.000529
207.074, -0.020135
207.043, -0.041271
207.013, -0.062461
206.983, -0.083267
206.952, -0.103249
206.922, -0.121989
206.891, -0.139091
206.861, -0.154208
206.831, -0.167051
206.800, -0.177407
206.770, -0.185131
206.740, -0.190174
206.709, -0.192564
206.679, -0.192427
206.649, -0.189966
206.618, -0.185463
206.588, -0.179270
206.558, -0.171791
206.527, -0.163474
206.497, -0.154795
206.466, -0.146230
206.436, -0.138256
206.406, -0.131319
206.375, -0.125818
206.345, -0.122104
206.315, -0.120447
206.284, -0.121038
206.254, -0.123982
206.224, -0.129280
206.193, -0.136848
206.163, -0.146497
206.132, -0.157952
206.102, -0.170860
206.072, -0.184794
206.041, -0.199275
206.011, -0.213783
205.981, -0.227770
205.950, -0.240695
205.920, -0.252026
205.890, -0.261261
205.859, -0.267955
205.829, -0.271731
205.798, -0.272280
205.768, -0.269400
205.738, -0.262975
205.707, -0.252998
205.677, -0.239567
205.647, -0.222880
205.616, -0.203233
205.586, -0.181008
205.556, -0.156659
205.525, -0.130709
205.495, -0.103715
205.465, -0.076266
205.434, -0.048956
205.404, -0.022361
205.373, 0.002969
205.343, 0.026529
205.313, 0.047890
205.282, 0.066691
205.252, 0.082669
205.222, 0.095656
205.191, 0.105581
205.161, 0.112484
205.131, 0.116500
205.100, 0.117863
205.070, 0.116885
205.039, 0.113959
205.009, 0.109538
204.979, 0.104106
204.948, 0.098179
204.918, 0.092279
204.888, 0.086910
204.857, 0.082545
204.827, 0.079605
204.797, 0.078448
204.766, 0.079354
204.736, 0.082507
204.705, 0.088003
204.675, 0.095822
204.645, 0.105853
204.614, 0.117881
204.584, 0.131593
204.554, 0.146596
204.523, 0.162423
204.493, 0.178543
204.463, 0.194390
204.432, 0.209376
204.402, 0.222900
204.371, 0.234384
204.341, 0.243279
204.311, 0.249093
204.280, 0.251398
204.250, 0.249852
204.220, 0.244202
204.189, 0.234309
204.159, 0.220136
204.129, 0.201761
204.098, 0.179373
204.068, 0.153270
204.038, 0.123850
204.007, 0.091600
203.977, 0.057086
203.946, 0.020939
203.916, -0.016168
203.886, -0.053532
203.855, -0.090436
203.825, -0.126175
203.795, -0.160066
203.764, -0.191475
203.734, -0.219818
203.704, -0.244590
203.673, -0.265363
203.643, -0.281808
203.612, -0.293688
203.582, -0.300873
203.552, -0.303329
203.521, -0.301134
203.491, -0.294451
203.461, -0.283540
203.430, -0.268739
203.400, -0.250460
203.370, -0.229168
203.339, -0.205380
203.309, -0.179645
203.278, -0.152533
203.248, -0.124612
203.218, -0.096459
203.187, -0.068619
203.157, -0.041618
203.127, -0.015936
203.096, 0.007984
203.066, 0.029760
203.036, 0.049059
203.005, 0.065620
202.975, 0.079235
202.944, 0.089769
202.914, 0.097140
202.884, 0.101340
202.853, 0.102412
202.823, 0.100464
202.793, 0.095648
202.762, 0.088172
202.732, 0.078286
202.702, 0.066282
202.671, 0.052488
202.641, 0.037265
202.611, 0.020993
202.580, 0.004085
202.550, -0.013036
202.519, -0.029929
202.489, -0.046156
202.459, -0.061264
202.428, -0.074813
202.398, -0.086369
202.368, -0.095518
202.337, -0.101866
202.307, -0.105048
202.277, -0.104743
202.246, -0.100670
202.216, -0.092601
202.185, -0.080372
202.155, -0.063884
202.125, -0.043114
202.094, -0.018111
202.064, 0.011819
202.034, 0.045618
202.003, 0.082967
201.973, 0.123470
201.943, 0.166641
201.912, 0.211915
201.882, 0.258655
201.851, 0.306159
201.821, 0.353672
201.791, 0.400405
201.760, 0.445538
201.730, 0.488248
201.700, 0.527725
201.669, 0.563186
201.639, 0.593894
201.609, 0.619183
201.578, 0.638467
201.548, 0.651266
201.518, 0.657207
201.487, 0.656048
201.457, 0.647685
201.426, 0.632151
201.396, 0.609625
201.366, 0.580428
201.335, 0.545016
201.305, 0.503982
201.275, 0.458024
201.244, 0.407948
201.214, 0.354637
201.184, 0.299037
201.153, 0.242128
201.123, 0.184905
201.092, 0.128347
201.062, 0.073399
201.032, 0.020938
201.001, -0.028239
200.971, -0.073446
200.941, -0.114111
200.910, -0.149804
200.880, -0.180240
200.850, -0.205283
200.819, -0.224950
200.789, -0.239408
200.758, -0.248962
200.728, -0.254046
200.698, -0.255203
200.667, -0.253067
200.637, -0.248344
200.607, -0.241783
200.576, -0.234146
200.546, -0.226190
200.516, -0.218637
200.485, -0.212150
200.455, -0.207310
200.424, -0.204593
200.394, -0.204362
200.364, -0.206848
200.333, -0.212144
200.303, -0.220200
200.273, -0.230837
200.242, -0.243740
200.212, -0.258477
200.182, -0.274511
200.151, -0.291233
200.121, -0.307965
200.091, -0.324000
200.060, -0.338627
200.030, -0.351155
199.999, -0.360944
199.969, -0.367423
199.939, -0.370124
199.908, -0.368699
199.878, -0.362928
199.848, -0.352743
199.817, -0.338227
199.787, -0.319621
199.757, -0.297311
199.726, -0.271830
199.696, -0.243829
199.665, -0.214077
199.635, -0.183417
199.605, -0.152750
199.574, -0.123004
199.544, -0.095101
199.514, -0.069923
199.483, -0.048287
199.453, -0.030903
199.423, -0.018366
199.392, -0.011107
199.362, -0.009396
199.331, -0.013315
199.301, -0.022754
199.271, -0.037410
199.240, -0.056785
199.210, -0.080202
199.180, -0.106826
199.149, -0.135670
199.119, -0.165639
199.089, -0.195555
199.058, -0.224195
199.028, -0.250318
198.998, -0.272717
198.967, -0.290252
198.937, -0.301885
198.906, -0.306714
198.876, -0.304016
198.846, -0.293252
198.815, -0.274113
198.785, -0.246515
198.755, -0.210618
198.724, -0.166824
198.694, -0.115775
198.664, -0.058330
198.633, 0.004442
198.603, 0.071295
198.572, 0.140835
198.542, 0.211559
198.512, 0.281890
198.481, 0.350222
198.451, 0.414956
198.421, 0.474556
198.390, 0.527572
198.360, 0.572699
198.330, 0.608795
198.299, 0.634919
198.269, 0.650352
198.238, 0.654625
198.208, 0.647511
198.178, 0.629054
198.147, 0.599540
198.117, 0.559517
198.087, 0.509747
198.056, 0.451203
198.026, 0.385046
197.996, 0.312574
197.965, 0.235197
197.935, 0.154406
197.904, 0.071712
197.874, -0.011361
197.844, -0.093349
197.813, -0.172858
197.783, -0.248609
197.753, -0.319460
197.722, -0.384435
197.692, -0.442740
197.662, -0.493773
197.631, -0.537132
197.601, -0.572620
197.571, -0.600228
197.540, -0.620137
197.510, -0.632689
197.479, -0.638382
197.449, -0.637829
197.419, -0.631748
197.388, -0.620917
197.358, -0.606166
197.328, -0.588326
197.297, -0.568221
197.267, -0.546631
197.237, -0.524272
197.206, -0.501782
197.176, -0.479697
197.145, -0.458450
197.115, -0.438356
197.085, -0.419613
197.054, -0.402308
197.024, -0.386416
196.994, -0.371817
196.963, -0.358301
196.933, -0.345597
196.903, -0.333373
196.872, -0.321269
196.842, -0.308906
196.811, -0.295916
196.781, -0.281942
196.751, -0.266675
196.720, -0.249848
196.690, -0.231263
196.660, -0.210784
196.629, -0.188360
196.599, -0.164006
196.569, -0.137824
196.538, -0.112212
196.508, -0.085167
196.477, -0.056973
196.447, -0.027962
196.417, 0.001513
196.386, 0.031071
196.356, 0.060332
196.326, 0.088924
196.295, 0.116499
196.265, 0.142735
196.235, 0.167363
196.204, 0.190148
196.174, 0.210925
196.144, 0.229568
196.113, 0.246018
196.083, 0.260269
196.052, 0.272358
196.022, 0.282365
195.992, 0.290410
195.961, 0.296626
195.931, 0.301174
195.901, 0.304212
195.870, 0.305892
195.840, 0.306356
195.810, 0.305721
195.779, 0.304078
195.749, 0.301484
195.718, 0.297959
195.688, 0.293497
195.658, 0.288046
195.627, 0.281536
195.597, 0.273868
195.567, 0.264936
195.536, 0.254623
195.506, 0.242818
195.476, 0.229429
195.445, 0.214391
195.415, 0.197672
195.384, 0.179290
195.354, 0.159314
195.324, 0.137873
195.293, 0.115160
195.263, 0.091432
195.233, 0.066999
195.202, 0.042243
195.172, 0.017580
195.142, -0.006528
195.111, -0.029592
195.081, -0.051110
195.051, -0.070587
195.020, -0.087545
194.990, -0.101543
194.959, -0.112193
194.929, -0.119174
194.899, -0.122254
194.868, -0.121291
194.838, -0.116249
194.808, -0.107204
194.777, -0.094340
194.747, -0.077964
194.717, -0.058477
194.686, -0.036393
194.656, -0.012304
194.625, 0.013120
194.595, 0.039161
194.565, 0.065062
194.534, 0.090057
194.504, 0.113390
194.474, 0.134345
194.443, 0.152261
194.413, 0.166559
194.383, 0.176757
194.352, 0.182494
194.322, 0.183536
194.291, 0.179789
194.261, 0.171306
194.231, 0.158292
194.200, 0.141082
194.170, 0.120157
194.140, 0.096111
194.109, 0.069653
194.079, 0.041568
194.049, 0.012704
194.018, -0.016053
193.988, -0.043810
193.957, -0.069688
193.927, -0.092863
193.897, -0.112576
193.866, -0.128165
193.836, -0.139083
193.806, -0.144925
193.775, -0.145427
193.745, -0.140482
193.715, -0.130144
193.684, -0.114628
193.654, -0.094304
193.624, -0.069671
193.593, -0.041366
193.563, -0.010128
193.532, 0.023230
193.502, 0.057829
193.472, 0.092771
193.441, 0.127155
193.411, 0.160112
193.381, 0.190832
193.350, 0.218591
193.320, 0.242765
193.290, 0.262869
193.259, 0.278554
193.229, 0.289624
193.198, 0.296049
193.168, 0.297949
193.138, 0.295609
193.107, 0.289452
193.077, 0.280029
193.047, 0.268007
193.016, 0.254133
192.986, 0.239220
192.956, 0.224106
192.925, 0.209633
192.895, 0.196618
192.864, 0.185816
192.834, 0.177899
192.804, 0.173428
192.773, 0.172834
192.743, 0.176396
192.713, 0.184239
192.682, 0.196311
192.652, 0.212399
192.622, 0.232120
192.591, 0.254934
192.561, 0.280162
192.530, 0.307005
192.500, 0.334562
192.470, 0.361864
192.439, 0.387902
192.409, 0.411653
192.379, 0.432126
192.348, 0.448373
192.318, 0.459541
192.288, 0.464886
192.257, 0.463805
192.227, 0.455852
192.197, 0.440757
192.166, 0.418439
192.136, 0.389010
192.105, 0.352770
192.075, 0.310207
192.045, 0.261986
192.014, 0.208928
191.984, 0.151988
191.954, 0.092236
191.923, 0.030822
191.893, -0.031057
191.863, -0.092182
191.832, -0.151351
191.802, -0.207411
191.771, -0.259289
191.741, -0.306018
191.711, -0.346771
191.680, -0.380865
191.650, -0.407803
191.620, -0.427260
191.589, -0.439109
191.559, -0.443411
191.529, -0.440411
191.498, -0.430535
191.468, -0.414369
191.437, -0.392641
191.407, -0.366199
191.377, -0.335981
191.346, -0.302994
191.316, -0.268279
191.286, -0.232884
191.255, -0.197830
191.225, -0.164091
191.195, -0.132559
191.164, -0.104031
191.134, -0.079179
191.104, -0.058545
191.073, -0.042524
191.043, -0.031363
191.012, -0.022496
190.982, -0.018526
190.952, -0.019258
190.921, -0.024366
190.891, -0.033413
190.861, -0.045867
190.830, -0.061127
190.800, -0.078541
190.770, -0.097426
190.739, -0.117099
190.709, -0.136895
190.678, -0.156195
190.648, -0.174431
190.618, -0.191119
190.587, -0.205865
190.557, -0.218368
190.527, -0.228442
190.496, -0.235998
190.466, -0.241064
190.436, -0.243762
190.405, -0.244306
190.375, -0.242990
190.344, -0.240171
190.314, -0.236259
190.284, -0.231689
190.253, -0.226906
190.223, -0.222349
190.193, -0.218430
190.162, -0.215515
190.132, -0.213909
190.102, -0.213848
190.071, -0.215482
190.041, -0.218867
190.010, -0.223968
189.980, -0.230650
189.950, -0.238689
189.919, -0.247770
189.889, -0.257504
189.859, -0.267430
189.828, -0.277044
189.798, -0.285800
189.768, -0.293139
189.737, -0.298501
189.707, -0.301350
189.677, -0.301179
189.646, -0.297552
189.616, -0.290093
189.585, -0.278515
189.555, -0.262632
189.525, -0.242359
189.494, -0.217725
189.464, -0.188874
189.434, -0.156057
189.403, -0.119638
189.373, -0.080081
189.343, -0.037937
189.312, 0.006157
189.282, 0.051513
189.251, 0.097388
189.221, 0.143017
189.191, 0.187627
189.160, 0.230450
189.130, 0.270755
189.100, 0.307850
189.069, 0.341115
189.039, 0.369998
189.009, 0.394050
188.978, 0.412909
188.948, 0.426332
188.917, 0.434183
188.887, 0.436443
188.857, 0.433203
188.826, 0.424660
188.796, 0.411116
188.766, 0.392969
188.735, 0.370687
188.705, 0.344819
188.675, 0.315959
188.644, 0.284742
188.614, 0.251829
188.583, 0.217884
188.553, 0.183566
188.523, 0.149509
188.492, 0.116314
188.462, 0.084536
188.432, 0.054664
188.401, 0.027128
188.371, 0.002282
188.341, -0.019602
188.310, -0.038323
188.280, -0.053765
188.250, -0.065893
188.219, -0.074739
188.189, -0.080414
188.158, -0.083082
188.128, -0.082968
188.098, -0.080345
188.067, -0.075520
188.037, -0.068821
188.007, -0.060609
187.976, -0.051238
187.946, -0.041071
187.916, -0.030454
187.885, -0.019719
187.855, -0.009173
187.824, 0.000906
187.794, 0.010280
187.764, 0.018742
187.733, 0.026139
187.703, 0.032351
187.673, 0.037306
187.642, 0.040972
187.612, 0.043365
187.582, 0.044534
187.551, 0.044568
187.521, 0.043591
187.490, 0.041749
187.460, 0.039226
187.430, 0.036210
187.399, 0.032916
187.369, 0.029566
187.339, 0.026387
187.308, 0.023606
187.278, 0.021442
187.248, 0.020114
187.217, 0.019816
187.187, 0.020731
187.157, 0.023013
187.126, 0.026793
187.096, 0.032166
187.065, 0.039198
187.035, 0.047913
187.005, 0.058299
186.974, 0.070299
186.944, 0.083813
186.914, 0.098700
186.883, 0.114769
186.853, 0.131796
186.823, 0.149507
186.792, 0.167591
186.762, 0.185711
186.731, 0.203490
186.701, 0.220535
186.671, 0.236433
186.640, 0.250763
186.610, 0.263102
186.580, 0.273036
186.549, 0.280173
186.519, 0.284144
186.489, 0.284622
186.458, 0.281328
186.428, 0.274039
186.397, 0.262599
186.367, 0.246927
186.337, 0.227028
186.306, 0.202985
186.276, 0.174976
186.246, 0.143276
186.215, 0.108243
186.185, 0.070324
186.155, 0.030053
186.124, -0.011963
186.094, -0.055045
186.063, -0.098466
186.033, -0.141456
186.003, -0.183216
185.972, -0.222940
185.942, -0.259833
185.912, -0.293120
185.881, -0.322079
185.851, -0.346045
185.821, -0.364441
185.790, -0.376773
185.760, -0.382675
185.730, -0.381888
185.699, -0.374297
185.669, -0.359918
185.638, -0.338918
185.608, -0.311593
185.578, -0.278389
185.547, -0.239878
185.517, -0.196758
185.487, -0.150710
185.456, -0.101748
185.426, -0.050838
185.396, 0.001002
185.365, 0.052726
185.335, 0.103283
185.304, 0.151647
185.274, 0.196824
185.244, 0.237898
185.213, 0.274036
185.183, 0.304511
185.153, 0.328723
185.122, 0.346211
185.092, 0.356657
185.062, 0.359906
185.031, 0.355954
185.001, 0.344954
184.970, 0.327207
184.940, 0.303158
184.910, 0.273377
184.879, 0.238543
184.849, 0.199430
184.819, 0.156877
184.788, 0.111777
184.758, 0.065043
184.728, 0.017585
184.697, -0.029705
184.667, -0.075986
184.637, -0.120482
184.606, -0.162502
184.576, -0.201451
184.545, -0.236850
184.515, -0.268334
184.485, -0.295665
184.454, -0.318729
184.424, -0.337522
184.394, -0.352163
184.363, -0.362866
184.333, -0.369929
184.303, -0.373725
184.272, -0.374674
184.242, -0.373233
184.211, -0.369866
184.181, -0.365033
184.151, -0.359167
184.120, -0.352652
184.090, -0.345819
184.060, -0.338922
184.029, -0.332138
183.999, -0.325556
183.969, -0.319175
183.938, -0.312909
183.908, -0.306590
183.877, -0.299981
183.847, -0.292781
183.817, -0.284649
183.786, -0.275216
183.756, -0.264107
183.726, -0.250961
183.695, -0.235445
183.665, -0.217285
183.635, -0.196274
183.604, -0.172291
183.574, -0.145313
183.543, -0.115433
183.513, -0.082854
183.483, -0.047895
183.452, -0.010991
183.422, 0.027317
183.392, 0.066392
183.361, 0.105523
183.331, 0.143933
183.301, 0.180813
183.270, 0.215338
183.240, 0.246700
183.210, 0.274133
183.179, 0.296939
183.149, 0.314518
183.118, 0.326393
183.088, 0.332221
183.058, 0.331827
183.027, 0.325202
182.997, 0.312522
182.967, 0.294147
182.936, 0.270621
182.906, 0.242657
182.876, 0.211134
182.845, 0.177060
182.815, 0.141570
182.784, 0.105879
182.754, 0.071258
182.724, 0.038998
182.693, 0.010372
182.663, -0.013403
182.633, -0.031196
182.602, -0.042008
182.572, -0.044988
182.542, -0.039475
182.511, -0.025023
182.481, -0.001397
182.450, 0.031389
182.420, 0.073085
182.390, 0.123201
182.359, 0.181017
182.329, 0.245598
182.299, 0.315822
182.268, 0.390395
182.238, 0.467901
182.208, 0.546827
182.177, 0.625612
182.147, 0.702677
182.116, 0.776482
182.086, 0.845563
182.056, 0.908560
182.025, 0.964277
181.995, 1.011692
181.965, 1.050000
181.934, 1.078626
181.904, 1.097240
181.874, 1.105774
181.843, 1.104408
181.813, 1.093570
181.783, 1.073921
181.752, 1.046335
181.722, 1.011868
181.691, 0.971732
181.661, 0.927249
181.631, 0.879823
181.600, 0.830890
181.570, 0.781879
181.540, 0.734171
181.509, 0.689065
181.479, 0.647735
181.449, 0.611203
181.418, 0.580313
181.388, 0.555709
181.357, 0.537824
181.327, 0.526873
181.297, 0.522855
181.266, 0.525555
181.236, 0.534565
181.206, 0.549299
181.175, 0.569025
181.145, 0.592885
181.115, 0.619940
181.084, 0.649192
181.054, 0.679631
181.023, 0.710266
180.993, 0.740163
180.963, 0.768471
180.932, 0.794456
180.902, 0.817523
180.872, 0.837232
180.841, 0.853313
180.811, 0.865669
180.781, 0.874383
180.750, 0.879699
180.720, 0.882021
180.690, 0.881889
180.659, 0.879954
180.629, 0.876959
180.598, 0.873703
180.568, 0.871000
180.538, 0.869672
180.507, 0.870489
180.477, 0.874156
180.447, 0.881277
180.416, 0.892334
180.386, 0.907668
180.356, 0.927463
180.325, 0.951736
180.295, 0.980335
180.264, 1.012949
180.234, 1.049107
180.204, 1.088199
180.173, 1.129499
180.143, 1.172187
180.113, 1.215375
180.082, 1.258147
180.052, 1.299576
180.022, 1.338780
179.991, 1.374930
179.961, 1.407300
179.930, 1.435282
179.900, 1.458413
179.870, 1.476397
179.839, 1.489108
179.809, 1.496612
179.779, 1.499158
179.748, 1.497171
179.718, 1.491247
179.688, 1.482133
179.657, 1.470702
179.627, 1.457934
179.596, 1.444874
179.566, 1.432609
179.536, 1.422230
179.505, 1.414802
179.475, 1.411324
179.445, 1.412703
179.414, 1.419727
179.384, 1.433036
179.354, 1.453108
179.323, 1.480244
179.293, 1.514569
179.263, 1.556016
179.232, 1.604352
179.202, 1.659168
179.171, 1.719915
179.141, 1.785921
179.111, 1.856420
179.080, 1.930572
179.050, 2.007519
179.020, 2.086395
178.989, 2.166384
178.959, 2.246728
178.929, 2.326788
178.898, 2.406044
178.868, 2.484135
178.837, 2.560876
178.807, 2.636266
178.777, 2.710495
178.746, 2.783948
178.716, 2.857195
178.686, 2.930976
178.655, 3.006192
178.625, 3.083864
178.595, 3.165123
178.564, 3.251164
178.534, 3.343220
178.503, 3.442518
178.473, 3.550257
178.443, 3.667550
178.412, 3.795415
178.382, 3.934730
178.352, 4.086218
178.321, 4.250417
178.291, 4.427684
178.261, 4.618153
178.230, 4.821768
178.200, 5.038273
178.169, 5.267230
178.139, 5.508015
178.109, 5.759879
178.078, 6.021932
178.048, 6.293209
178.018, 6.572686
177.987, 6.859318
177.957, 7.152076
177.927, 7.449979
177.896, 7.752121
177.866, 8.057711
177.836, 8.366107
177.805, 8.676795
177.775, 8.989460
177.744, 9.303947
177.714, 9.620287
177.684, 9.938699
177.653, 10.259553
177.623, 10.583371
177.593, 10.910827
177.562, 11.242676
177.532, 11.579759
177.502, 11.922956
177.471, 12.273158
177.441, 12.631234
177.410, 12.997988
177.380, 13.374138
177.350, 13.760282
177.319, 14.156874
177.289, 14.564205
177.259, 14.982385
177.228, 15.411329
177.198, 15.850769
177.168, 16.300237
177.137, 16.759082
177.107, 17.226491
177.076, 17.701492
177.046, 18.182999
177.016, 18.669810
176.985, 19.160669
176.955, 19.654268
176.925, 20.149294
176.894, 20.644473
176.864, 21.138578
176.834, 21.630461
176.803, 22.119098
176.773, 22.603575
176.743, 23.083146
176.712, 23.557201
176.682, 24.025303
176.651, 24.487181
176.621, 24.942704
176.591, 25.391907
176.560, 25.834942
176.530, 26.272068
176.500, 26.703645
176.469, 27.130081
176.439, 27.551807
176.409, 27.969282
176.378, 28.382918
176.348, 28.793073
176.317, 29.200030
176.287, 29.603973
176.257, 30.004948
176.226, 30.402865
176.196, 30.797480
176.166, 31.188392
176.135, 31.575035
176.105, 31.956693
176.075, 32.332480
176.044, 32.701401
176.014, 33.062312
175.983, 33.413985
175.953, 33.755095
175.923, 34.084293
175.892, 34.400174
175.862, 34.701337
175.832, 34.986422
175.801, 35.254108
175.771, 35.503152
175.741, 35.732414
175.710, 35.940865
175.680, 36.127602
175.649, 36.291881
175.619, 36.433078
175.589, 36.550765
175.558, 36.644640
175.528, 36.714561
175.498, 36.760516
175.467, 36.782667
175.437, 36.781200
175.407, 36.756591
175.376, 36.709207
175.346, 36.639579
175.316, 36.548323
175.285, 36.436038
175.255, 36.303372
175.224, 36.150971
175.194, 35.979488
175.164, 35.789532
175.133, 35.581707
175.103, 35.356572
175.073, 35.114639
175.042, 34.856393
175.012, 34.582241
174.982, 34.292591
174.951, 33.987785
174.921, 33.668123
174.890, 33.333886
174.860, 32.985345
174.830, 32.622729
174.799, 32.246282
174.769, 31.856236
174.739, 31.452836
174.708, 31.036336
174.678, 30.607018
174.648, 30.165186
174.617, 29.711160
174.587, 29.245321
174.556, 28.768053
174.526, 28.279791
174.496, 27.781013
174.465, 27.272216
174.435, 26.753935
174.405, 26.226741
174.374, 25.691237
174.344, 25.148060
174.314, 24.597849
174.283, 24.041297
174.253, 23.479108
174.222, 22.912019
174.192, 22.340782
174.162, 21.766156
174.131, 21.188955
174.101, 20.609980
174.071, 20.030084
174.040, 19.450096
174.010, 18.870919
173.980, 18.293429
173.949, 17.718546
173.919, 17.147181
173.889, 16.580268
173.858, 16.018735
173.828, 15.463507
173.797, 14.915519
173.767, 14.375665
173.737, 13.844822
173.706, 13.323834
173.676, 12.813500
173.646, 12.314568
173.615, 11.827707
173.585, 11.353527
173.555, 10.892540
173.524, 10.445185
173.494, 10.011782
173.463, 9.592564
173.433, 9.187642
173.403, 8.797035
173.372, 8.420636
173.342, 8.058250
173.312, 7.709563
173.281, 7.374193
173.251, 7.051659
173.221, 6.741411
173.190, 6.442833
173.160, 6.155287
173.129, 5.878088
173.099, 5.610541
173.069, 5.351954
173.038, 5.101670
173.008, 4.859037
172.978, 4.623479
172.947, 4.394459
172.917, 4.171528
172.887, 3.954293
172.856, 3.742463
172.826, 3.535829
172.796, 3.334271
172.765, 3.137746
172.735, 2.946299
172.704, 2.760035
172.674, 2.579139
172.644, 2.403834
172.613, 2.234389
172.583, 2.071090
172.553, 1.914250
172.522, 1.764160
172.492, 1.621105
172.462, 1.485339
172.431, 1.357067
172.401, 1.236445
172.370, 1.123576
172.340, 1.018483
172.310, 0.921129
172.279, 0.831400
172.249, 0.749115
172.219, 0.674017
172.188, 0.605804
172.158, 0.544099
172.128, 0.488505
172.097, 0.438567
172.067, 0.393828
172.036, 0.353808
172.006, 0.318040
171.976, 0.286053
171.945, 0.257419
171.915, 0.231734
171.885, 0.208637
171.854, 0.187812
171.824, 0.169006
171.794, 0.152012
171.763, 0.136673
171.733, 0.122889
171.702, 0.110606
171.672, 0.099814
171.642, 0.090524
171.611, 0.082779
171.581, 0.076637
171.551, 0.072156
171.520, 0.069377
171.490, 0.068333
171.460, 0.069028
171.429, 0.071416
171.399, 0.075422
171.369, 0.080910
171.338, 0.087700
171.308, 0.095555
171.277, 0.104189
171.247, 0.113264
171.217, 0.122399
171.186, 0.131189
171.156, 0.139195
171.126, 0.145971
171.095, 0.151080
171.065, 0.154088
171.035, 0.154597
171.004, 0.152250
170.974, 0.146748
170.943, 0.137859
170.913, 0.125436
170.883, 0.109412
170.852, 0.089823
170.822, 0.066801
170.792, 0.040575
170.761, 0.011481
170.731, -0.020062
170.701, -0.053534
170.670, -0.088346
170.640, -0.123844
170.609, -0.159321
170.579, -0.194032
170.549, -0.227227
170.518, -0.258146
170.488, -0.286059
170.458, -0.310272
170.427, -0.330151
170.397, -0.345133
170.367, -0.354760
170.336, -0.358665
170.306, -0.356605
170.276, -0.348460
170.245, -0.334243
170.215, -0.314100
170.184, -0.288308
170.154, -0.257275
170.124, -0.221528
170.093, -0.181708
170.063, -0.138554
170.033, -0.092888
170.002, -0.045601
169.972, 0.002373
169.942, 0.050068
169.911, 0.096512
169.881, 0.140749
169.850, 0.181856
169.820, 0.218967
169.790, 0.251286
169.759, 0.278107
169.729, 0.298838
169.699, 0.312997
169.668, 0.320234
169.638, 0.320333
169.608, 0.313223
169.577, 0.298970
169.547, 0.277784
169.516, 0.250002
169.486, 0.216099
169.456, 0.176666
169.425, 0.132398
169.395, 0.084078
169.365, 0.032566
169.334, -0.021221
169.304, -0.076326
169.274, -0.131781
169.243, -0.186609
169.213, -0.239862
169.182, -0.290626
169.152, -0.338048
169.122, -0.381343
169.091, -0.419817
169.061, -0.452879
169.031, -0.480049
169.000, -0.500955
168.970, -0.515364
168.940, -0.523163
168.909, -0.524369
168.879, -0.519116
168.849, -0.507667
168.818, -0.490392
168.788, -0.467764
168.757, -0.440345
168.727, -0.408770
168.697, -0.373743
168.666, -0.335998
168.636, -0.296313
168.606, -0.255466
168.575, -0.214222
168.545, -0.173338
168.515, -0.133518
168.484, -0.095410
168.454, -0.059605
168.423, -0.026604
168.393, 0.003174
168.363, 0.029410
168.332, 0.051886
168.302, 0.070475
168.272, 0.085156
168.241, 0.096007
168.211, 0.103185
168.181, 0.106947
168.150, 0.107594
168.120, 0.105509
168.089, 0.101101
168.059, 0.094817
168.029, 0.087111
167.998, 0.078445
167.968, 0.069248
167.938, 0.059923
167.907, 0.050829
167.877, 0.042260
167.847, 0.034451
167.816, 0.027551
167.786, 0.021637
167.755, 0.016698
167.725, 0.012644
167.695, 0.009310
167.664, 0.006458
167.634, 0.003789
167.604, 0.000955
167.573, -0.002425
167.543, -0.006756
167.513, -0.012439
167.482, -0.019867
167.452, -0.029390
167.422, -0.041316
167.391, -0.055879
167.361, -0.073235
167.330, -0.093446
167.300, -0.116467
167.270, -0.142141
167.239, -0.170192
167.209, -0.200236
167.179, -0.231768
167.148, -0.264184
167.118, -0.296782
167.088, -0.328782
167.057, -0.359345
167.027, -0.387581
166.996, -0.412595
166.966, -0.433484
166.936, -0.449382
166.905, -0.459477
166.875, -0.463036
166.845, -0.459432
166.814, -0.448160
166.784, -0.428864
166.754, -0.401342
166.723, -0.365570
166.693, -0.321702
166.662, -0.270066
166.632, -0.211179
166.602, -0.145731
166.571, -0.074575
166.541, 0.001297
166.511, 0.080756
166.480, 0.162577
166.450, 0.245455
166.420, 0.328043
166.389, 0.408973
166.359, 0.486894
166.329, 0.560503
166.298, 0.628363
166.268, 0.689566
166.237, 0.743126
166.207, 0.788212
166.177, 0.824171
166.146, 0.850537
166.116, 0.867042
166.086, 0.873624
166.055, 0.870426
166.025, 0.857781
165.995, 0.836221
165.964, 0.806436
165.934, 0.769276
165.903, 0.725713
165.873, 0.676825
165.843, 0.623758
165.812, 0.567701
165.782, 0.509858
165.752, 0.451414
165.721, 0.393500
165.691, 0.337184
165.661, 0.283428
165.630, 0.233075
165.600, 0.186833
165.569, 0.145262
165.539, 0.108761
165.509, 0.077573
165.478, 0.051778
165.448, 0.031307
165.418, 0.015941
165.387, 0.005339
165.357, -0.000959
165.327, -0.003498
165.296, -0.002900
165.266, 0.000173
165.235, 0.005028
165.205, 0.010981
165.175, 0.017361
165.144, 0.023548
165.114, 0.028975
165.084, 0.033165
165.053, 0.035719
165.023, 0.036346
164.993, 0.034851
164.962, 0.031150
164.932, 0.025260
164.902, 0.017296
164.871, 0.007461
164.841, -0.003963
164.810, -0.016635
164.780, -0.030161
164.750, -0.044124
164.719, -0.058089
164.689, -0.071626
164.659, -0.084326
164.628, -0.095818
164.598, -0.105774
164.568, -0.113936
164.537, -0.120107
164.507, -0.124171
164.476, -0.126082
164.446, -0.125878
164.416, -0.123669
164.385, -0.119633
164.355, -0.114005
164.325, -0.107078
164.294, -0.099170
164.264, -0.090635
164.234, -0.081827
164.203, -0.073103
164.173, -0.064797
164.142, -0.057216
164.112, -0.050620
164.082, -0.045224
164.051, -0.041175
164.021, -0.038561
163.991, -0.037402
163.960, -0.037649
163.930, -0.039187
163.900, -0.041847
163.869, -0.045401
163.839, -0.049583
163.808, -0.054093
163.778, -0.058613
163.748, -0.062815
163.717, -0.066383
163.687, -0.069015
163.657, -0.070449
163.626, -0.070460
163.596, -0.068879
163.566, -0.065600
163.535, -0.060581
163.505, -0.053854
163.475, -0.045521
163.444, -0.035750
163.414, -0.024780
163.383, -0.012903
163.353, -0.000467
163.323, 0.012146
163.292, 0.024523
163.262, 0.036240
163.232, 0.046870
163.201, 0.056001
163.171, 0.063248
163.141, 0.068269
163.110, 0.070769
163.080, 0.070522
163.049, 0.067370
163.019, 0.061231
162.989, 0.052108
162.958, 0.040089
162.928, 0.025337
162.898, 0.008104
162.867, -0.011296
162.837, -0.032468
162.807, -0.054976
162.776, -0.078330
162.746, -0.102013
162.715, -0.125483
162.685, -0.148200
162.655, -0.169629
162.624, -0.189257
162.594, -0.206611
162.564, -0.221260
162.533, -0.232835
162.503, -0.241028
162.473, -0.245608
162.442, -0.246426
162.412, -0.243406
162.382, -0.236556
162.351, -0.225966
162.321, -0.211805
162.290, -0.194308
162.260, -0.173781
162.230, -0.150582
162.199, -0.125119
162.169, -0.097837
162.139, -0.069213
162.108, -0.039733
162.078, -0.009891
162.048, 0.019820
162.017, 0.048923
161.987, 0.076968
161.956, 0.103532
161.926, 0.128232
161.896, 0.150731
161.865, 0.170741
161.835, 0.188024
161.805, 0.202400
161.774, 0.213742
161.744, 0.221980
161.714, 0.227097
161.683, 0.229130
161.653, 0.228165
161.622, 0.224329
161.592, 0.217799
161.562, 0.208782
161.531, 0.197522
161.501, 0.184290
161.471, 0.169373
161.440, 0.153086
161.410, 0.135750
161.380, 0.117694
161.349, 0.099253
161.319, 0.080755
161.288, 0.062527
161.258, 0.044884
161.228, 0.028126
161.197, 0.012536
161.167, -0.001627
161.137, -0.014125
161.106, -0.024754
161.076, -0.033334
161.046, -0.039727
161.015, -0.043823
160.985, -0.045556
160.955, -0.044896
160.924, -0.041852
160.894, -0.036474
160.863, -0.028855
160.833, -0.019121
160.803, -0.007440
160.772, 0.005989
160.742, 0.019576
160.712, 0.034421
160.681, 0.050238
160.651, 0.066728
160.621, 0.083576
160.590, 0.100467
160.560, 0.117077
160.529, 0.133094
160.499, 0.148215
160.469, 0.162159
160.438, 0.174666
160.408, 0.185507
160.378, 0.194487
160.347, 0.201446
160.317, 0.206269
160.287, 0.208882
160.256, 0.209250
160.226, 0.207384
160.195, 0.203332
160.165, 0.197187
160.135, 0.189070
160.104, 0.179133
160.074, 0.167551
160.044, 0.154522
160.013, 0.140249
159.983, 0.124944
159.953, 0.108817
159.922, 0.092069
159.892, 0.074886
159.861, 0.057437
159.831, 0.039865
159.801, 0.022291
159.770, 0.004799
159.740, -0.012551
159.710, -0.029734
159.679, -0.046750
159.649, -0.063629
159.619, -0.080417
159.588, -0.097184
159.558, -0.114008
159.528, -0.130974
159.497, -0.148163
159.467, -0.165646
159.436, -0.183484
159.406, -0.201707
159.376, -0.220324
159.345, -0.239310
159.315, -0.258592
159.285, -0.278067
159.254, -0.297584
159.224, -0.316949
159.194, -0.335927
159.163, -0.354243
159.133, -0.371588
159.102, -0.387628
159.072, -0.402000
159.042, -0.414335
159.011, -0.424254
158.981, -0.431390
158.951, -0.435386
158.920, -0.435917
158.890, -0.432689
158.860, -0.425460
158.829, -0.414034
158.799, -0.398288
158.768, -0.378161
158.738, -0.353669
158.708, -0.324908
158.677, -0.292049
158.647, -0.255346
158.617, -0.215126
158.586, -0.171796
158.556, -0.125827
158.526, -0.077750
158.495, -0.028150
158.465, 0.022346
158.435, 0.073078
158.404, 0.123372
158.374, 0.172541
158.343, 0.219908
158.313, 0.264810
158.283, 0.306619
158.252, 0.344743
158.222, 0.378648
158.192, 0.407861
158.161, 0.431983
158.131, 0.450687
158.101, 0.463741
158.070, 0.470993
158.040, 0.472388
158.009, 0.467965
157.979, 0.457846
157.949, 0.442254
157.918, 0.421490
157.888, 0.395941
157.858, 0.366062
157.827, 0.332383
157.797, 0.295484
157.767, 0.255993
157.736, 0.214579
157.706, 0.171930
157.675, 0.128754
157.645, 0.085760
157.615, 0.043647
157.584, 0.003091
157.554, -0.035260
157.524, -0.070806
157.493, -0.102999
157.463, -0.131350
157.433, -0.155446
157.402, -0.174951
157.372, -0.189614
157.341, -0.199271
157.311, -0.203856
157.281, -0.203387
157.250, -0.197988
157.220, -0.187866
157.190, -0.173323
157.159, -0.154742
157.129, -0.132583
157.099, -0.107374
157.068, -0.079700
157.038, -0.050196
157.008, -0.019532
156.977, 0.011607
156.947, 0.042525
156.916, 0.072529
156.886, 0.100965
156.856, 0.127203
156.825, 0.150672
156.795, 0.170865
156.765, 0.187356
156.734, 0.199805
156.704, 0.207973
156.674, 0.211722
156.643, 0.211028
156.613, 0.205975
156.582, 0.196760
156.552, 0.183686
156.522, 0.167156
156.491, 0.147663
156.461, 0.125785
156.431, 0.102164
156.400, 0.077488
156.370, 0.052484
156.340, 0.027897
156.309, 0.004454
156.279, -0.017138
156.248, -0.036212
156.218, -0.052170
156.188, -0.064488
156.157, -0.072748
156.127, -0.076634
156.097, -0.075950
156.066, -0.070633
156.036, -0.060745
156.006, -0.046480
155.975, -0.028161
155.945, -0.006231
155.915, 0.018764
155.884, 0.046167
155.854, 0.075253
155.823, 0.105241
155.793, 0.135303
155.763, 0.164592
155.732, 0.192285
155.702, 0.217570
155.672, 0.239709
155.641, 0.258026
155.611, 0.271944
155.581, 0.281007
155.550, 0.284872
155.520, 0.283346
155.489, 0.276378
155.459, 0.264057
155.429, 0.246624
155.398, 0.224456
155.368, 0.198061
155.338, 0.168061
155.307, 0.135175
155.277, 0.100197
155.247, 0.063974
155.216, 0.027401
155.186, -0.008649
155.155, -0.042429
155.125, -0.073999
155.095, -0.102615
155.064, -0.127622
155.034, -0.148478
155.004, -0.164753
154.973, -0.176173
154.943, -0.182602
154.913, -0.184054
154.882, -0.180686
154.852, -0.172805
154.821, -0.160837
154.791, -0.145341
154.761, -0.126961
154.730, -0.106428
154.700, -0.084524
154.670, -0.062067
154.639, -0.039883
154.609, -0.018767
154.579, 0.000518
154.548, 0.017284
154.518, 0.030928
154.488, 0.040958
154.457, 0.046996
154.427, 0.048806
154.396, 0.046281
154.366, 0.039460
154.336, 0.028517
154.305, 0.013764
154.275, -0.004379
154.245, -0.025371
154.214, -0.048600
154.184, -0.073368
154.154, -0.098947
154.123, -0.124576
154.093, -0.149503
154.062, -0.172998
154.032, -0.194385
154.002, -0.213049
153.971, -0.228469
153.941, -0.240221
153.911, -0.248003
153.880, -0.251626
153.850, -0.251034
153.820, -0.246293
153.789, -0.237593
153.759, -0.225234
153.728, -0.209617
153.698, -0.191234
153.668, -0.170639
153.637, -0.148444
153.607, -0.125283
153.577, -0.101801
153.546, -0.078629
153.516, -0.056368
153.486, -0.035561
153.455, -0.016691
153.425, -0.000154
153.394, 0.013741
153.364, 0.024796
153.334, 0.032900
153.303, 0.038056
153.273, 0.040358
153.243, 0.040001
153.212, 0.037254
153.182, 0.032456
153.152, 0.026002
153.121, 0.018323
153.091, 0.009869
153.061, 0.001086
153.030, -0.007586
153.000, -0.015748
152.969, -0.023046
152.939, -0.029195
152.909, -0.033972
152.878, -0.037243
152.848, -0.038953
152.818, -0.039141
152.787, -0.037922
152.757, -0.035498
152.727, -0.032137
152.696, -0.028171
152.666, -0.023986
152.635, -0.019985
152.605, -0.016607
152.575, -0.014285
152.544, -0.013432
152.514, -0.014437
152.484, -0.017637
152.453, -0.023316
152.423, -0.031679
152.393, -0.042859
152.362, -0.056895
152.332, -0.073747
152.301, -0.093278
152.271, -0.115268
152.241, -0.139417
152.210, -0.165355
152.180, -0.192648
152.150, -0.220813
152.119, -0.249335
152.089, -0.277682
152.059, -0.305312
152.028, -0.331703
151.998, -0.356352
151.968, -0.378802
151.937, -0.398645
151.907, -0.415545
151.876, -0.429222
151.846, -0.439489
151.816, -0.446229
151.785, -0.449409
151.755, -0.449077
151.725, -0.445353
151.694, -0.438426
151.664, -0.428549
151.634, -0.416013
151.603, -0.401163
151.573, -0.384363
151.542, -0.365992
151.512, -0.346442
151.482, -0.326088
151.451, -0.305295
151.421, -0.284395
151.391, -0.263701
151.360, -0.243476
151.330, -0.223949
151.300, -0.205303
151.269, -0.187677
151.239, -0.171178
151.208, -0.155865
151.178, -0.141773
151.148, -0.128908
151.117, -0.117256
151.087, -0.106788
151.057, -0.097475
151.026, -0.089277
150.996, -0.082171
150.966, -0.076134
150.935, -0.071163
150.905, -0.067265
150.874, -0.064467
150.844, -0.062803
150.814, -0.062327
150.783, -0.063098
150.753, -0.065175
150.723, -0.068616
150.692, -0.073472
150.662, -0.079775
150.632, -0.087531
150.601, -0.096719
150.571, -0.107286
150.541, -0.119135
150.510, -0.132126
150.480, -0.146076
150.449, -0.160754
150.419, -0.175889
150.389, -0.191174
150.358, -0.206264
150.328, -0.220792
150.298, -0.234372
150.267, -0.246615
150.237, -0.257136
150.207, -0.265564
150.176, -0.271561
150.146, -0.274827
150.115, -0.275112
150.085, -0.272230
150.055, -0.266058
150.024, -0.256552
149.994, -0.243745
149.964, -0.227751
149.933, -0.208761
149.903, -0.187046
149.873, -0.162941
149.842, -0.136846
149.812, -0.109211
149.781, -0.080521
149.751, -0.051288
149.721, -0.022034
149.690, 0.006726
149.660, 0.034502
149.630, 0.060837
149.599, 0.085322
149.569, 0.108630
149.539, 0.129478
149.508, 0.147676
149.478, 0.163122
149.447, 0.175803
149.417, 0.185797
149.387, 0.193269
149.356, 0.198457
149.326, 0.201678
149.296, 0.203304
149.265, 0.203755
149.235, 0.203482
149.205, 0.202952
149.174, 0.202631
149.144, 0.202967
149.114, 0.204373
149.083, 0.207217
149.053, 0.211801
149.022, 0.218357
148.992, 0.227032
148.962, 0.237888
148.931, 0.250891
148.901, 0.265925
148.871, 0.282777
148.840, 0.301156
148.810, 0.320702
148.780, 0.340985
148.749, 0.361533
148.719, 0.381841
148.688, 0.401382
148.658, 0.419640
148.628, 0.436102
148.597, 0.450297
148.567, 0.461800
148.537, 0.470247
148.506, 0.475348
148.476, 0.476894
148.446, 0.474763
148.415, 0.468931
148.385, 0.459458
148.354, 0.446500
148.324, 0.430295
148.294, 0.411158
148.263, 0.389472
148.233, 0.365670
148.203, 0.340231
148.172, 0.313657
148.142, 0.286460
148.112, 0.259150
148.081, 0.232221
148.051, 0.206128
148.021, 0.181288
147.990, 0.158064
147.960, 0.136752
147.929, 0.117592
147.899, 0.100740
147.869, 0.086293
147.838, 0.074277
147.808, 0.064651
147.778, 0.057322
147.747, 0.052144
147.717, 0.048933
147.687, 0.047481
147.656, 0.047558
147.626, 0.048926
147.595, 0.051358
147.565, 0.054634
147.535, 0.058562
147.504, 0.062973
147.474, 0.067736
147.444, 0.072756
147.413, 0.077975
147.383, 0.083368
147.353, 0.088943
147.322, 0.094734
147.292, 0.100796
147.261, 0.107184
147.231, 0.113963
147.201, 0.121186
147.170, 0.128881
147.140, 0.137051
147.110, 0.145657
147.079, 0.154618
147.049, 0.163800
147.019, 0.173011
146.988, 0.182010
146.958, 0.190500
146.927, 0.198133
146.897, 0.204520
146.867, 0.209240
146.836, 0.211850
146.806, 0.211900
146.776, 0.208947
146.745, 0.202573
146.715, 0.192401
146.685, 0.178110
146.654, 0.159454
146.624, 0.136273
146.594, 0.108509
146.563, 0.076216
146.533, 0.039565
146.502, -0.001150
146.472, -0.045507
146.442, -0.092966
146.411, -0.142871
146.381, -0.194462
146.351, -0.246884
146.320, -0.299210
146.290, -0.350462
146.260, -0.399624
146.229, -0.445669
146.199, -0.487594
146.168, -0.524428
146.138, -0.555271
146.108, -0.579314
146.077, -0.595854
146.047, -0.604324
146.017, -0.604305
145.986, -0.595537
145.956, -0.577936
145.926, -0.551589
145.895, -0.516764
145.865, -0.473897
145.834, -0.423600
145.804, -0.366626
145.774, -0.303874
145.743, -0.236358
145.713, -0.165188
145.683, -0.091544
145.652, -0.016650
145.622, 0.058248
145.592, 0.131919
145.561, 0.203166
145.531, 0.270853
145.500, 0.333938
145.470, 0.391475
145.440, 0.442653
145.409, 0.486797
145.379, 0.523388
145.349, 0.552062
145.318, 0.572618
145.288, 0.585019
145.258, 0.589385
145.227, 0.585978
145.197, 0.575207
145.167, 0.557595
145.136, 0.533771
145.106, 0.504454
145.075, 0.470426
145.045, 0.432512
145.015, 0.391567
144.984, 0.348441
144.954, 0.303977
144.924, 0.258975
144.893, 0.214188
144.863, 0.170306
144.833, 0.127943
144.802, 0.087619
144.772, 0.049780
144.741, 0.014763
144.711, -0.017180
144.681, -0.045891
144.650, -0.071302
144.620, -0.093420
144.590, -0.112327
144.559, -0.128168
144.529, -0.141130
144.499, -0.151449
144.468, -0.159381
144.438, -0.165202
144.407, -0.169187
144.377, -0.171605
144.347, -0.172713
144.316, -0.172737
144.286, -0.171878
144.256, -0.170300
144.225, -0.168128
144.195, -0.165443
144.165, -0.162291
144.134, -0.158677
144.104, -0.154567
144.074, -0.149901
144.043, -0.144589
144.013, -0.138524
143.982, -0.133277
143.952, -0.127025
143.922, -0.119643
143.891, -0.111008
143.861, -0.101018
143.831, -0.089589
143.800, -0.076665
143.770, -0.062218
143.740, -0.046257
143.709, -0.028831
143.679, -0.010026
143.648, 0.010033
143.618, 0.031177
143.588, 0.053197
143.557, 0.075857
143.527, 0.098879
143.497, 0.121959
143.466, 0.144767
143.436, 0.166961
143.406, 0.188176
143.375, 0.208054
143.345, 0.226220
143.314, 0.242326
143.284, 0.256024
143.254, 0.266992
143.223, 0.274932
143.193, 0.279588
143.163, 0.280730
143.132, 0.278190
143.102, 0.271829
143.072, 0.261582
143.041, 0.247428
143.011, 0.229410
142.980, 0.207633
142.950, 0.182254
142.920, 0.153501
142.889, 0.121659
142.859, 0.087064
142.829, 0.050115
142.798, 0.011247
142.768, -0.029055
142.738, -0.070276
142.707, -0.111866
142.677, -0.153257
142.647, -0.193877
142.616, -0.233145
142.586, -0.270489
142.555, -0.305362
142.525, -0.337233
142.495, -0.365618
142.464, -0.390072
142.434, -0.410216
142.404, -0.425719
142.373, -0.436327
142.343, -0.441861
142.313, -0.442215
142.282, -0.437364
142.252, -0.427370
142.221, -0.412375
142.191, -0.392590
142.161, -0.368316
142.130, -0.339916
142.100, -0.307815
142.070, -0.272500
142.039, -0.234503
142.009, -0.194395
141.979, -0.152772
141.948, -0.110248
141.918, -0.067448
141.887, -0.024982
141.857, 0.016544
141.827, 0.056556
141.796, 0.094510
141.766, 0.129907
141.736, 0.162293
141.705, 0.191277
141.675, 0.216516
141.645, 0.237744
141.614, 0.254747
141.584, 0.267388
141.554, 0.275585
141.523, 0.279330
141.493, 0.278665
141.462, 0.273696
141.432, 0.264584
141.402, 0.251525
141.371, 0.234779
141.341, 0.214621
141.311, 0.191377
141.280, 0.165387
141.250, 0.137017
141.220, 0.106650
141.189, 0.074682
141.159, 0.041515
141.128, 0.007559
141.098, -0.026778
141.068, -0.061085
141.037, -0.094959
141.007, -0.128005
140.977, -0.159831
140.946, -0.190059
140.916, -0.218325
140.886, -0.244276
140.855, -0.267586
140.825, -0.287943
140.794, -0.305062
140.764, -0.318689
140.734, -0.328595
140.703, -0.334600
140.673, -0.336552
140.643, -0.334345
140.612, -0.327933
140.582, -0.317307
140.552, -0.302523
140.521, -0.283690
140.491, -0.260978
140.460, -0.234620
140.430, -0.204900
140.400, -0.172162
140.369, -0.136810
140.339, -0.099285
140.309, -0.060077
140.278, -0.019710
140.248, 0.021269
140.218, 0.062295
140.187, 0.102800
140.157, 0.142226
140.127, 0.180031
140.096, 0.215703
140.066, 0.248781
140.035, 0.278845
140.005, 0.305555
139.975, 0.328630
139.944, 0.347881
139.914, 0.363192
139.884, 0.374544
139.853, 0.382006
139.823, 0.385726
139.793, 0.385944
139.762, 0.382971
139.732, 0.377186
139.701, 0.369027
139.671, 0.358971
139.641, 0.347525
139.610, 0.335220
139.580, 0.322573
139.550, 0.310090
139.519, 0.298251
139.489, 0.287480
139.459, 0.278147
139.428, 0.270552
139.398, 0.264910
139.367, 0.261357
139.337, 0.259931
139.307, 0.260584
139.276, 0.263176
139.246, 0.267483
139.216, 0.273202
139.185, 0.279965
139.155, 0.287350
139.125, 0.294893
139.094, 0.302106
139.064, 0.308494
139.033, 0.313574
139.003, 0.316887
138.973, 0.318018
138.942, 0.316617
138.912, 0.312390
138.882, 0.305147
138.851, 0.294771
138.821, 0.281256
138.791, 0.264688
138.760, 0.245259
138.730, 0.223248
138.700, 0.199032
138.669, 0.173061
138.639, 0.145852
138.608, 0.117973
138.578, 0.090030
138.548, 0.062647
138.517, 0.036445
138.487, 0.012025
138.457, -0.010043
138.426, -0.029249
138.396, -0.044786
138.366, -0.056649
138.335, -0.064568
138.305, -0.068367
138.274, -0.067974
138.244, -0.063424
138.214, -0.054855
138.183, -0.042495
138.153, -0.026669
138.123, -0.007778
138.092, 0.013711
138.062, 0.037279
138.032, 0.062372
138.001, 0.088415
137.971, 0.114835
137.940, 0.141062
137.910, 0.166565
137.880, 0.190846
137.849, 0.213463
137.819, 0.234039
137.789, 0.252260
137.758, 0.267888
137.728, 0.280761
137.698, 0.290783
137.667, 0.297931
137.637, 0.302242
137.607, 0.303804
137.576, 0.302749
137.546, 0.299245
137.515, 0.293468
137.485, 0.285611
137.455, 0.275857
137.424, 0.264377
137.394, 0.251313
137.364, 0.236778
137.333, 0.220852
137.303, 0.203563
137.273, 0.184907
137.242, 0.164841
137.212, 0.143281
137.181, 0.120127
137.151, 0.095251
137.121, 0.068522
137.090, 0.039815
137.060, 0.009024
137.030, -0.023935
136.999, -0.059085
136.969, -0.096417
136.939, -0.135836
136.908, -0.177188
136.878, -0.220231
136.847, -0.264647
136.817, -0.310030
136.787, -0.355903
136.756, -0.401707
136.726, -0.446833
136.696, -0.490610
136.665, -0.532341
136.635, -0.571307
136.605, -0.606792
136.574, -0.638104
136.544, -0.664585
136.513, -0.685649
136.483, -0.700786
136.453, -0.709583
136.422, -0.711741
136.392, -0.707087
136.362, -0.695583
136.331, -0.677324
136.301, -0.652552
136.271, -0.621638
136.240, -0.585089
136.210, -0.543522
136.180, -0.497667
136.149, -0.448324
136.119, -0.396371
136.088, -0.342716
136.058, -0.288292
136.028, -0.234014
135.997, -0.180774
135.967, -0.129396
135.937, -0.080642
135.906, -0.035158
135.876, 0.006511
135.846, 0.043953
135.815, 0.076882
135.785, 0.105159
135.754, 0.128777
135.724, 0.147865
135.694, 0.162669
135.663, 0.173548
135.633, 0.180958
135.603, 0.185417
135.572, 0.187504
135.542, 0.187816
135.512, 0.186961
135.481, 0.185523
135.451, 0.184035
135.420, 0.182977
135.390, 0.182737
135.360, 0.183610
135.329, 0.185775
135.299, 0.189300
135.269, 0.194129
135.238, 0.200095
135.208, 0.206914
135.178, 0.214205
135.147, 0.221507
135.117, 0.228284
135.086, 0.233962
135.056, 0.237944
135.026, 0.239638
134.995, 0.238477
134.965, 0.233949
134.935, 0.225618
134.904, 0.213147
134.874, 0.196310
134.844, 0.175016
134.813, 0.149311
134.783, 0.119386
134.753, 0.085580
134.722, 0.048369
134.692, 0.008367
134.661, -0.033695
134.631, -0.076986
134.601, -0.120599
134.570, -0.163569
134.540, -0.204907
134.510, -0.243626
134.479, -0.278769
134.449, -0.309439
134.419, -0.334825
134.388, -0.354224
134.358, -0.367077
134.327, -0.372964
134.297, -0.371638
134.267, -0.363022
134.236, -0.347222
134.206, -0.324513
134.176, -0.295345
134.145, -0.260327
134.115, -0.220211
134.085, -0.175864
134.054, -0.128263
134.024, -0.078448
133.993, -0.027509
133.963, 0.023451
133.933, 0.073343
133.902, 0.121118
133.872, 0.165798
133.842, 0.206500
133.811, 0.242450
133.781, 0.273011
133.751, 0.297688
133.720, 0.316140
133.690, 0.328188
133.660, 0.333804
133.629, 0.333117
133.599, 0.326395
133.568, 0.314039
133.538, 0.296564
133.508, 0.274575
133.477, 0.248754
133.447, 0.219836
133.417, 0.188582
133.386, 0.155756
133.356, 0.122116
133.326, 0.088377
133.295, 0.055205
133.265, 0.023200
133.234, -0.007120
133.204, -0.035316
133.174, -0.061050
133.143, -0.084074
133.113, -0.104229
133.083, -0.121450
133.052, -0.135748
133.022, -0.147205
132.992, -0.155960
132.961, -0.162205
132.931, -0.166163
132.900, -0.168081
132.870, -0.168210
132.840, -0.166807
132.809, -0.163431
132.779, -0.158985
132.749, -0.153664
132.718, -0.147634
132.688, -0.141031
132.658, -0.133961
132.627, -0.126500
132.597, -0.118705
132.566, -0.110613
132.536, -0.102251
132.506, -0.093644
132.475, -0.084825
132.445, -0.075835
132.415, -0.066740
132.384, -0.057625
132.354, -0.048608
132.324, -0.039836
132.293, -0.031490
132.263, -0.023775
132.233, -0.016924
132.202, -0.011187
132.172, -0.006822
132.141, -0.004089
132.111, -0.003237
132.081, -0.004488
132.050, -0.008031
132.020, -0.014007
131.990, -0.022499
131.959, -0.033521
131.929, -0.047012
131.899, -0.062829
131.868, -0.080744
131.838, -0.100441
131.807, -0.121530
131.777, -0.143540
131.747, -0.165936
131.716, -0.188131
131.686, -0.209498
131.656, -0.229393
131.625, -0.247165
131.595, -0.262186
131.565, -0.273864
131.534, -0.281669
131.504, -0.285146
131.473, -0.283939
131.443, -0.277804
131.413, -0.266619
131.382, -0.250398
131.352, -0.229287
131.322, -0.203577
131.291, -0.173693
131.261, -0.140184
131.231, -0.103715
131.200, -0.065051
131.170, -0.025036
131.139, 0.015430
131.109, 0.055419
131.079, 0.093995
131.048, 0.130245
131.018, 0.163308
130.988, 0.192400
130.957, 0.216840
130.927, 0.236067
130.897, 0.249663
130.866, 0.257372
130.836, 0.259098
130.806, 0.254921
130.775, 0.245089
130.745, 0.230025
130.714, 0.210301
130.684, 0.186634
130.654, 0.159857
130.623, 0.130914
130.593, 0.100808
130.563, 0.070589
130.532, 0.041324
130.502, 0.014056
130.472, -0.010216
130.441, -0.030579
130.411, -0.046215
130.380, -0.056439
130.350, -0.060722
130.320, -0.058688
130.289, -0.050147
130.259, -0.035080
130.229, -0.013656
130.198, 0.013780
130.168, 0.046720
130.138, 0.084505
130.107, 0.126341
130.077, 0.171328
130.046, 0.218484
130.016, 0.266771
129.986, 0.315128
129.955, 0.362499
129.925, 0.407853
129.895, 0.450237
129.864, 0.488769
129.834, 0.522683
129.804, 0.551339
129.773, 0.574240
129.743, 0.591038
129.713, 0.601549
129.682, 0.605734
129.652, 0.603725
129.621, 0.595781
129.591, 0.582303
129.561, 0.563807
129.530, 0.540902
129.500, 0.514274
129.470, 0.484662
129.439, 0.452830
129.409, 0.419549
129.379, 0.385571
129.348, 0.351607
129.318, 0.318311
129.287, 0.286261
129.257, 0.255944
129.227, 0.227749
129.196, 0.201962
129.166, 0.178759
129.136, 0.158209
129.105, 0.140279
129.075, 0.124839
129.045, 0.111681
129.014, 0.100518
128.984, 0.091012
128.953, 0.082774
128.923, 0.075408
128.893, 0.068488
128.862, 0.061607
128.832, 0.054377
128.802, 0.046441
128.771, 0.037494
128.741, 0.027275
128.711, 0.015593
128.680, 0.002317
128.650, -0.012620
128.619, -0.029218
128.589, -0.047414
128.559, -0.067095
128.528, -0.088093
128.498, -0.110202
128.468, -0.133183
128.437, -0.156774
128.407, -0.180702
128.377, -0.204688
128.346, -0.228457
128.316, -0.251745
128.286, -0.274306
128.255, -0.295914
128.225, -0.316371
128.194, -0.335496
128.164, -0.353146
128.134, -0.369187
128.103, -0.383519
128.073, -0.396051
128.043, -0.406706
128.012, -0.415422
127.982, -0.422133
127.952, -0.426772
127.921, -0.429280
127.891, -0.429585
127.860, -0.427608
127.830, -0.423267
127.800, -0.416474
127.769, -0.407145
127.739, -0.395196
127.709, -0.380552
127.678, -0.363160
127.648, -0.342991
127.618, -0.320045
127.587, -0.294370
127.557, -0.266056
127.526, -0.235256
127.496, -0.202181
127.466, -0.167104
127.435, -0.130375
127.405, -0.092402
127.375, -0.053666
127.344, -0.014699
127.314, 0.023913
127.284, 0.061541
127.253, 0.097531
127.223, 0.131052
127.193, 0.161602
127.162, 0.188541
127.132, 0.211262
127.101, 0.229223
127.071, 0.241958
127.041, 0.249088
127.010, 0.250346
126.980, 0.245587
126.950, 0.234795
126.919, 0.218087
126.889, 0.195723
126.859, 0.168099
126.828, 0.135746
126.798, 0.099311
126.767, 0.059557
126.737, 0.017336
126.707, -0.026433
126.676, -0.070771
126.646, -0.114689
126.616, -0.157193
126.585, -0.197323
126.555, -0.234175
126.525, -0.266932
126.494, -0.294876
126.464, -0.317427
126.433, -0.334146
126.403, -0.344756
126.373, -0.349153
126.342, -0.347399
126.312, -0.339738
126.282, -0.326578
126.251, -0.308484
126.221, -0.286164
126.191, -0.260446
126.160, -0.232256
126.130, -0.202591
126.099, -0.172484
126.069, -0.142983
126.039, -0.115112
126.008, -0.089837
125.978, -0.068047
125.948, -0.050516
125.917, -0.037881
125.887, -0.030625
125.857, -0.029056
125.826, -0.033299
125.796, -0.043289
125.766, -0.058771
125.735, -0.079309
125.705, -0.104292
125.674, -0.132954
125.644, -0.164392
125.614, -0.197604
125.583, -0.231496
125.553, -0.264935
125.523, -0.296768
125.492, -0.325864
125.462, -0.351143
125.432, -0.371610
125.401, -0.386382
125.371, -0.394721
125.340, -0.396046
125.310, -0.389965
125.280, -0.376275
125.249, -0.354969
125.219, -0.326255
125.189, -0.290526
125.158, -0.248374
125.128, -0.200554
125.098, -0.147984
125.067, -0.091702
125.037, -0.032850
125.006, 0.027356
124.976, 0.087662
124.946, 0.146816
124.915, 0.203582
124.885, 0.256789
124.855, 0.305352
124.824, 0.348303
124.794, 0.384809
124.764, 0.414202
124.733, 0.435975
124.703, 0.449815
124.672, 0.455591
124.642, 0.453354
124.612, 0.443348
124.581, 0.425975
124.551, 0.401805
124.521, 0.371543
124.490, 0.336005
124.460, 0.296115
124.430, 0.252848
124.399, 0.207234
124.369, 0.160314
124.339, 0.113116
124.308, 0.066636
124.278, 0.021814
124.247, -0.020496
124.217, -0.059526
124.187, -0.094621
124.156, -0.125246
124.126, -0.150988
124.096, -0.171560
124.065, -0.186806
124.035, -0.196692
124.005, -0.201294
123.974, -0.200795
123.944, -0.195473
123.913, -0.185678
123.883, -0.171830
123.853, -0.154393
123.822, -0.133860
123.792, -0.110746
123.762, -0.085563
123.731, -0.058820
123.701, -0.030990
123.671, -0.002533
123.640, 0.026143
123.610, 0.054665
123.579, 0.082711
123.549, 0.110005
123.519, 0.136310
123.488, 0.161441
123.458, 0.185241
123.428, 0.207594
123.397, 0.228403
123.367, 0.247597
123.337, 0.265114
123.306, 0.280904
123.276, 0.294911
123.246, 0.307089
123.215, 0.317371
123.185, 0.325697
123.154, 0.331991
123.124, 0.336171
123.094, 0.338153
123.063, 0.337849
123.033, 0.335176
123.003, 0.330062
122.972, 0.322450
122.942, 0.312304
122.912, 0.299617
122.881, 0.284419
122.851, 0.266779
122.820, 0.246808
122.790, 0.224672
122.760, 0.200582
122.729, 0.174802
122.699, 0.147641
122.669, 0.119458
122.638, 0.090650
122.608, 0.061650
122.578, 0.032913
122.547, 0.004910
122.517, -0.021878
122.486, -0.046982
122.456, -0.069949
122.426, -0.090355
122.395, -0.107824
122.365, -0.122025
122.335, -0.132695
122.304, -0.139640
122.274, -0.142748
122.244, -0.141988
122.213, -0.137415
122.183, -0.129175
122.152, -0.117496
122.122, -0.102688
122.092, -0.085141
122.061, -0.065313
122.031, -0.043714
122.001, -0.020910
121.970, 0.002505
121.940, 0.025915
121.910, 0.048693
121.879, 0.070228
121.849, 0.089927
121.819, 0.107233
121.788, 0.121639
121.758, 0.132702
121.727, 0.140046
121.697, 0.143379
121.667, 0.142491
121.636, 0.138358
121.606, 0.129867
121.576, 0.117089
121.545, 0.100194
121.515, 0.079429
121.485, 0.055131
121.454, 0.027709
121.424, -0.002361
121.393, -0.034544
121.363, -0.068265
121.333, -0.102916
121.302, -0.137864
121.272, -0.172473
121.242, -0.206108
121.211, -0.238153
121.181, -0.268017
121.151, -0.295150
121.120, -0.319048
121.090, -0.339264
121.059, -0.355410
121.029, -0.367174
120.999, -0.374312
120.968, -0.376661
120.938, -0.374136
120.908, -0.366727
120.877, -0.354506
120.847, -0.337622
120.817, -0.316294
120.786, -0.290814
120.756, -0.261543
120.725, -0.228890
120.695, -0.193325
120.665, -0.155362
120.634, -0.115554
120.604, -0.074485
120.574, -0.032756
120.543, 0.009011
120.513, 0.050195
120.483, 0.090174
120.452, 0.128344
120.422, 0.164126
120.392, 0.196964
120.361, 0.226348
120.331, 0.251819
120.300, 0.272967
120.270, 0.289453
120.240, 0.301007
120.209, 0.307436
120.179, 0.308629
120.149, 0.304562
120.118, 0.295300
120.088, 0.280996
120.058, 0.261893
120.027, 0.238322
119.997, 0.210696
119.966, 0.179511
119.936, 0.145331
119.906, 0.108781
119.875, 0.070543
119.845, 0.031335
119.815, -0.008096
119.784, -0.046991
119.754, -0.084593
119.724, -0.120166
119.693, -0.153002
119.663, -0.182446
119.632, -0.207912
119.602, -0.228886
119.572, -0.244949
119.541, -0.255786
119.511, -0.261197
119.481, -0.261098
119.450, -0.255527
119.420, -0.244649
119.390, -0.228752
119.359, -0.208246
119.329, -0.183648
119.299, -0.155575
119.268, -0.124735
119.238, -0.091903
119.207, -0.057908
119.177, -0.023613
119.147, 0.010107
119.116, 0.042389
119.086, 0.072402
119.056, 0.099371
119.025, 0.122592
118.995, 0.141462
118.965, 0.155488
118.934, 0.164304
118.904, 0.167685
118.873, 0.165557
118.843, 0.157991
118.813, 0.145216
118.782, 0.127612
118.752, 0.105698
118.722, 0.080126
118.691, 0.051658
118.661, 0.021157
118.631, -0.010439
118.600, -0.042144
118.570, -0.072948
118.539, -0.101841
118.509, -0.127848
118.479, -0.150048
118.448, -0.167607
118.418, -0.179800
118.388, -0.186028
118.357, -0.185850
118.327, -0.178984
118.297, -0.165322
118.266, -0.144945
118.236, -0.118106
118.205, -0.085247
118.175, -0.046977
118.145, -0.004062
118.114, 0.042591
118.084, 0.091959
118.054, 0.142924
118.023, 0.194305
117.993, 0.244889
117.963, 0.293460
117.932, 0.338831
117.902, 0.379875
117.872, 0.415561
117.841, 0.444976
117.811, 0.467353
117.780, 0.482089
117.750, 0.488771
117.720, 0.487174
117.689, 0.477283
117.659, 0.459281
117.629, 0.433558
117.598, 0.400690
117.568, 0.361433
117.538, 0.316696
117.507, 0.267525
117.477, 0.215067
117.446, 0.160544
117.416, 0.105226
117.386, 0.050383
117.355, -0.002735
117.325, -0.052939
117.295, -0.099131
117.264, -0.140326
117.234, -0.175689
117.204, -0.204551
117.173, -0.226423
117.143, -0.241007
117.112, -0.248207
117.082, -0.248122
117.052, -0.241052
117.021, -0.227466
116.991, -0.208009
116.961, -0.183464
116.930, -0.154736
116.900, -0.122820
116.870, -0.088770
116.839, -0.053668
116.809, -0.018589
116.778, 0.015429
116.748, 0.047412
116.718, 0.076489
116.687, 0.101903
116.657, 0.123046
116.627, 0.139465
116.596, 0.150879
116.566, 0.157179
116.536, 0.158435
116.505, 0.154884
116.475, 0.146924
116.445, 0.135093
116.414, 0.120054
116.384, 0.102563
116.353, 0.083453
116.323, 0.063590
116.293, 0.043855
116.262, 0.025101
116.232, 0.008136
116.202, -0.006321
116.171, -0.017648
116.141, -0.025360
116.111, -0.029111
116.080, -0.028720
116.050, -0.026398
116.019, -0.020066
115.989, -0.010040
115.959, 0.003206
115.928, 0.019064
115.898, 0.036806
115.868, 0.055604
115.837, 0.074562
115.807, 0.092754
115.777, 0.109238
115.746, 0.123108
115.716, 0.133510
115.685, 0.139683
115.655, 0.140984
115.625, 0.136911
115.594, 0.127126
115.564, 0.111467
115.534, 0.089960
115.503, 0.062822
115.473, 0.030453
115.443, -0.006559
115.412, -0.047470
115.382, -0.091388
115.352, -0.137306
115.321, -0.184123
115.291, -0.230688
115.260, -0.275824
115.230, -0.318375
115.200, -0.357232
115.169, -0.391377
115.139, -0.419908
115.109, -0.442074
115.078, -0.457297
115.048, -0.465200
115.018, -0.465600
114.987, -0.458546
114.957, -0.444292
114.926, -0.423308
114.896, -0.396256
114.866, -0.363983
114.835, -0.327481
114.805, -0.287878
114.775, -0.246378
114.744, -0.204242
114.714, -0.162745
114.684, -0.123132
114.653, -0.086584
114.623, -0.054174
114.592, -0.026838
114.562, -0.005342
114.532, 0.009743
114.501, 0.018059
114.471, 0.019472
114.441, 0.014081
114.410, 0.002215
114.380, -0.015580
114.350, -0.038550
114.319, -0.065772
114.289, -0.096164
114.258, -0.128532
114.228, -0.161603
114.198, -0.194071
114.167, -0.224637
114.137, -0.252048
114.107, -0.275146
114.076, -0.292904
114.046, -0.304454
114.016, -0.309137
113.985, -0.306501
113.955, -0.296336
113.925, -0.278683
113.894, -0.253826
113.864, -0.222292
113.833, -0.184839
113.803, -0.142435
113.773, -0.096221
113.742, -0.047486
113.712, 0.002375
113.682, 0.051903
113.651, 0.099629
113.621, 0.144105
113.591, 0.183961
113.560, 0.217952
113.530, 0.244980
113.499, 0.264152
113.469, 0.274801
113.439, 0.276500
113.408, 0.269094
113.378, 0.252695
113.348, 0.227685
113.317, 0.194706
113.287, 0.154646
113.257, 0.108600
113.226, 0.057858
113.196, 0.003843
113.165, -0.051911
113.135, -0.107820
113.105, -0.162293
113.074, -0.213782
113.044, -0.260835
113.014, -0.302133
112.983, -0.336533
112.953, -0.363113
112.923, -0.381189
112.892, -0.390345
112.862, -0.390445
112.832, -0.381635
112.801, -0.364343
112.771, -0.339259
112.740, -0.307324
112.710, -0.269696
112.680, -0.227706
112.649, -0.182827
112.619, -0.136627
112.589, -0.090713
112.558, -0.046684
112.528, -0.006082
112.498, 0.029663
112.467, 0.059268
112.437, 0.081656
112.406, 0.095972
112.376, 0.101623
112.346, 0.098290
112.315, 0.085947
112.285, 0.064862
112.255, 0.035589
112.224, -0.001061
112.194, -0.044011
112.164, -0.091986
112.133, -0.143535
112.103, -0.197065
112.072, -0.250910
112.042, -0.303371
112.012, -0.352765
111.981, -0.397482
111.951, -0.436034
111.921, -0.467091
111.890, -0.489543
111.860, -0.502506
111.830, -0.505375
111.799, -0.497824
111.769, -0.479823
111.738, -0.451651
111.708, -0.413860
111.678, -0.367285
111.647, -0.313006
111.617, -0.252325
111.587, -0.186716
111.556, -0.117792
111.526, -0.047253
111.496, 0.023158
111.465, 0.091718
111.435, 0.156754
111.405, 0.216713
111.374, 0.270173
111.344, 0.315918
111.313, 0.352941
111.283, 0.380486
111.253, 0.398060
111.222, 0.405434
111.192, 0.402662
111.162, 0.390055
111.131, 0.368179
111.101, 0.337826
111.071, 0.299989
111.040, 0.255823
111.010, 0.206612
110.979, 0.153723
110.949, 0.098574
110.919, 0.042568
110.888, -0.012924
110.858, -0.066616
110.828, -0.117336
110.797, -0.164070
110.767, -0.205972
110.737, -0.242387
110.706, -0.272868
110.676, -0.297182
110.645, -0.315302
110.615, -0.327397
110.585, -0.333829
110.554, -0.335115
110.524, -0.331920
110.494, -0.325007
110.463, -0.313577
110.433, -0.300162
110.403, -0.285654
110.372, -0.270919
110.342, -0.256765
110.311, -0.243906
110.281, -0.232959
110.251, -0.224392
110.220, -0.218530
110.190, -0.215546
110.160, -0.215444
110.129, -0.218077
110.099, -0.223143
110.069, -0.230206
110.038, -0.238721
110.008, -0.248034
109.978, -0.257437
109.947, -0.266173
109.917, -0.273479
109.886, -0.278610
109.856, -0.280869
109.826, -0.279630
109.795, -0.274377
109.765, -0.264698
109.735, -0.250328
109.704, -0.231135
109.674, -0.207149
109.644, -0.178549
109.613, -0.145656
109.583, -0.108935
109.552, -0.068970
109.522, -0.026443
109.492, 0.017877
109.461, 0.063169
109.431, 0.108577
109.401, 0.153254
109.370, 0.196371
109.340, 0.237153
109.310, 0.274905
109.279, 0.309027
109.249, 0.339035
109.218, 0.364575
109.188, 0.385428
109.158, 0.401529
109.127, 0.412941
109.097, 0.419870
109.067, 0.422645
109.036, 0.421712
109.006, 0.417610
108.976, 0.410941
108.945, 0.402366
108.915, 0.392569
108.885, 0.382226
108.854, 0.372002
108.824, 0.362495
108.793, 0.354250
108.763, 0.347717
108.733, 0.343244
108.702, 0.341066
108.672, 0.341299
108.642, 0.343936
108.611, 0.348852
108.581, 0.355811
108.551, 0.364478
108.520, 0.374426
108.490, 0.385167
108.459, 0.396165
108.429, 0.406857
108.399, 0.416682
108.368, 0.425096
108.338, 0.431599
108.308, 0.435759
108.277, 0.437221
108.247, 0.435731
108.217, 0.431139
108.186, 0.423415
108.156, 0.412642
108.125, 0.399025
108.095, 0.382876
108.065, 0.364607
108.034, 0.344722
108.004, 0.323787
107.974, 0.302426
107.943, 0.281274
107.913, 0.260987
107.883, 0.242186
107.852, 0.225452
107.822, 0.211300
107.791, 0.200158
107.761, 0.192343
107.731, 0.188059
107.700, 0.187380
107.670, 0.190243
107.640, 0.196446
107.609, 0.205660
107.579, 0.217427
107.549, 0.231181
107.518, 0.246257
107.488, 0.261915
107.458, 0.277365
107.427, 0.291787
107.397, 0.304365
107.366, 0.314300
107.336, 0.320858
107.306, 0.323373
107.275, 0.321283
107.245, 0.314150
107.215, 0.301677
107.184, 0.283709
107.154, 0.260259
107.124, 0.231501
107.093, 0.197766
107.063, 0.159550
107.032, 0.117481
107.002, 0.072323
106.972, 0.024949
106.941, -0.023686
106.911, -0.072564
106.881, -0.120634
106.850, -0.166842
106.820, -0.210157
106.790, -0.249601
106.759, -0.284277
106.729, -0.313385
106.698, -0.336259
106.668, -0.352368
106.638, -0.361344
106.607, -0.362978
106.577, -0.357240
106.547, -0.344266
106.516, -0.324362
106.486, -0.297985
106.456, -0.265743
106.425, -0.228366
106.395, -0.186698
106.364, -0.141661
106.334, -0.094240
106.304, -0.045457
106.273, 0.003663
106.243, 0.052103
106.213, 0.098890
106.182, 0.143118
106.152, 0.183954
106.122, 0.220677
106.091, 0.252675
106.061, 0.279457
106.031, 0.300673
106.000, 0.316097
105.970, 0.325646
105.939, 0.329366
105.909, 0.327420
105.879, 0.320089
105.848, 0.307756
105.818, 0.290881
105.788, 0.270001
105.757, 0.245700
105.727, 0.218599
105.697, 0.189338
105.666, 0.158552
105.636, 0.126871
105.605, 0.094886
105.575, 0.063153
105.545, 0.032178
105.514, 0.002402
105.484, -0.025792
105.454, -0.052095
105.423, -0.076264
105.393, -0.098128
105.363, -0.117575
105.332, -0.134564
105.302, -0.149102
105.271, -0.161254
105.241, -0.171123
105.211, -0.178845
105.180, -0.184588
105.150, -0.188535
105.120, -0.190883
105.089, -0.191842
105.059, -0.191609
105.029, -0.190391
104.998, -0.188377
104.968, -0.185747
104.938, -0.182672
104.907, -0.179301
104.877, -0.177209
104.846, -0.175086
104.816, -0.173037
104.786, -0.171156
104.755, -0.169525
104.725, -0.168213
104.695, -0.167275
104.664, -0.166753
104.634, -0.166682
104.604, -0.167079
104.573, -0.167951
104.543, -0.169294
104.512, -0.171085
104.482, -0.173286
104.452, -0.175842
104.421, -0.178678
104.391, -0.181700
104.361, -0.184799
104.330, -0.187839
104.300, -0.190674
104.270, -0.193133
104.239, -0.195037
104.209, -0.196197
104.178, -0.196415
104.148, -0.195488
104.118, -0.193229
104.087, -0.189454
104.057, -0.184003
104.027, -0.176739
103.996, -0.167552
103.966, -0.156380
103.936, -0.143198
103.905, -0.128033
103.875, -0.110965
103.844, -0.092123
103.814, -0.071706
103.784, -0.049954
103.753, -0.027161
103.723, -0.003679
103.693, 0.020114
103.662, 0.043798
103.632, 0.066930
103.602, 0.089057
103.571, 0.109724
103.541, 0.128485
103.511, 0.144922
103.480, 0.158657
103.450, 0.169351
103.419, 0.176736
103.389, 0.180601
103.359, 0.180830
103.328, 0.177373
103.298, 0.170278
103.268, 0.159677
103.237, 0.145796
103.207, 0.128936
103.177, 0.109483
103.146, 0.087882
103.116, 0.064646
103.085, 0.040324
103.055, 0.015496
103.025, -0.009240
102.994, -0.033296
102.964, -0.056095
102.934, -0.077097
102.903, -0.095814
102.873, -0.111818
102.843, -0.124758
102.812, -0.134367
102.782, -0.140469
102.751, -0.142984
102.721, -0.141925
102.691, -0.137408
102.660, -0.129634
102.630, -0.118884
102.600, -0.105518
102.569, -0.089950
102.539, -0.072646
102.509, -0.054100
102.478, -0.034818
102.448, -0.015307
102.417, 0.003941
102.387, 0.022476
102.357, 0.039882
102.326, 0.055812
102.296, 0.069985
102.266, 0.082189
102.235, 0.092293
102.205, 0.100250
102.175, 0.106080
102.144, 0.109884
102.114, 0.111816
102.084, 0.112093
102.053, 0.110962
102.023, 0.108701
101.992, 0.105599
101.962, 0.101932
101.932, 0.097960
101.901, 0.093910
101.871, 0.089950
101.841, 0.086194
101.810, 0.082685
101.780, 0.079389
101.750, 0.076191
101.719, 0.072904
101.689, 0.069264
101.658, 0.064942
101.628, 0.059553
101.598, 0.052673
101.567, 0.043856
101.537, 0.032648
101.507, 0.018612
101.476, 0.001346
101.446, -0.019494
101.416, -0.044175
101.385, -0.072870
101.355, -0.105636
101.324, -0.142414
101.294, -0.182998
101.264, -0.227053
101.233, -0.274093
101.203, -0.323505
101.173, -0.374536
101.142, -0.426322
101.112, -0.477902
101.082, -0.528232
101.051, -0.576218
101.021, -0.620744
100.991, -0.660700
100.960, -0.695010
100.930, -0.722663
100.899, -0.742757
100.869, -0.754509
100.839, -0.757298
100.808, -0.750676
100.778, -0.734394
100.748, -0.708411
100.717, -0.672907
100.687, -0.628280
100.657, -0.575152
100.626, -0.514342
100.596, -0.446866
100.565, -0.373908
100.535, -0.296795
100.505, -0.216967
100.474, -0.135940
100.444, -0.055265
100.414, 0.023497
100.383, 0.098830
100.353, 0.169291
100.323, 0.233557
100.292, 0.290446
100.262, 0.338961
100.231, 0.378304
100.201, 0.407903
100.171, 0.427422
100.140, 0.436770
100.110, 0.436102
100.080, 0.425813
100.049, 0.406524
100.019, 0.379058
99.989, 0.344428
99.958, 0.303797
99.928, 0.258446
99.897, 0.209740
99.867, 0.159089
99.837, 0.107903
99.806, 0.057568
99.776, 0.009388
99.746, -0.035433
99.715, -0.075829
99.685, -0.110902
99.655, -0.139937
99.624, -0.162418
99.594, -0.178045
99.564, -0.186727
99.533, -0.188586
99.503, -0.183944
99.472, -0.173309
99.442, -0.157351
99.412, -0.136885
99.381, -0.112832
99.351, -0.086191
99.321, -0.058016
99.290, -0.027821
99.260, 0.001812
99.230, 0.029903
99.199, 0.055546
99.169, 0.077952
99.138, 0.096456
99.108, 0.110544
99.078, 0.119865
99.047, 0.124231
99.017, 0.123625
98.987, 0.118193
98.956, 0.108237
98.926, 0.094197
98.896, 0.076637
98.865, 0.056223
98.835, 0.033693
98.804, 0.009842
98.774, -0.014520
98.744, -0.038583
98.713, -0.061566
98.683, -0.082745
98.653, -0.101469
98.622, -0.117181
98.592, -0.129437
98.562, -0.137904
98.531, -0.142380
98.501, -0.142788
98.471, -0.139172
98.440, -0.131691
98.410, -0.120608
98.379, -0.106286
98.349, -0.089147
98.319, -0.069676
98.288, -0.048390
98.258, -0.025820
98.228, -0.002489
98.197, 0.021104
98.167, 0.044508
98.137, 0.067322
98.106, 0.089222
98.076, 0.109961
98.045, 0.129377
98.015, 0.147389
97.985, 0.164002
97.954, 0.179298
97.924, 0.193423
97.894, 0.206579
97.863, 0.219009
97.833, 0.230984
97.803, 0.242776
97.772, 0.254653
97.742, 0.266854
97.711, 0.279576
97.681, 0.292959
97.651, 0.307077
97.620, 0.321928
97.590, 0.337424
97.560, 0.353402
97.529, 0.369609
97.499, 0.385724
97.469, 0.401355
97.438, 0.416053
97.408, 0.429334
97.377, 0.440692
97.347, 0.449614
97.317, 0.455607
97.286, 0.458211
97.256, 0.457024
97.226, 0.451714
97.195, 0.442045
97.165, 0.427872
97.135, 0.409171
97.104, 0.386038
97.074, 0.358686
97.044, 0.327446
97.013, 0.292768
96.983, 0.255202
96.952, 0.215388
96.922, 0.174040
96.892, 0.131926
96.861, 0.089843
96.831, 0.048595
96.801, 0.008974
96.770, -0.028276
96.740, -0.062469
96.710, -0.093003
96.679, -0.119383
96.649, -0.141230
96.618, -0.158299
96.588, -0.170477
96.558, -0.177798
96.527, -0.180431
96.497, -0.178680
96.467, -0.172970
96.436, -0.163836
96.406, -0.151900
96.376, -0.137852
96.345, -0.122424
96.315, -0.106371
96.284, -0.090434
96.254, -0.075329
96.224, -0.061705
96.193, -0.050138
96.163, -0.041103
96.133, -0.034950
96.102, -0.031907
96.072, -0.032060
96.042, -0.035358
96.011, -0.041607
95.981, -0.050479
95.950, -0.061526
95.920, -0.074191
95.890, -0.087835
95.859, -0.101744
95.829, -0.115172
95.799, -0.127354
95.768, -0.137541
95.738, -0.145022
95.708, -0.149152
95.677, -0.149375
95.647, -0.145248
95.617, -0.136453
95.586, -0.122814
95.556, -0.104304
95.525, -0.081052
95.495, -0.053338
95.465, -0.021587
95.434, 0.013636
95.404, 0.051655
95.374, 0.091686
95.343, 0.132873
95.313, 0.174303
95.283, 0.215045
95.252, 0.254165
95.222, 0.290765
95.191, 0.324002
95.161, 0.353122
95.131, 0.377468
95.100, 0.396518
95.070, 0.409881
95.040, 0.417321
95.009, 0.418758
94.979, 0.414271
94.949, 0.404082
94.918, 0.388571
94.888, 0.368235
94.857, 0.343696
94.827, 0.315658
94.797, 0.284899
94.766, 0.252242
94.736, 0.218524
94.706, 0.184576
94.675, 0.151193
94.645, 0.119115
94.615, 0.089003
94.584, 0.061416
94.554, 0.036804
94.524, 0.015494
94.493, -0.002314
94.463, -0.016559
94.432, -0.027301
94.402, -0.034720
94.372, -0.039110
94.341, -0.040861
94.311, -0.040434
94.281, -0.038361
94.250, -0.035194
94.220, -0.031512
94.190, -0.027882
94.159, -0.024835
94.129, -0.022860
94.098, -0.022380
94.068, -0.023731
94.038, -0.027161
94.007, -0.032813
93.977, -0.040728
93.947, -0.050848
93.916, -0.063007
93.886, -0.076949
93.856, -0.092342
93.825, -0.108784
93.795, -0.125823
93.764, -0.142977
93.734, -0.159751
93.704, -0.176497
93.673, -0.191906
93.643, -0.205564
93.613, -0.217106
93.582, -0.226246
93.552, -0.232777
93.522, -0.236579
93.491, -0.237632
93.461, -0.236000
93.430, -0.231844
93.400, -0.225395
93.370, -0.216972
93.339, -0.206937
93.309, -0.195702
93.279, -0.183697
93.248, -0.171366
93.218, -0.159141
93.188, -0.147417
93.157, -0.136555
93.127, -0.126845
93.097, -0.118510
93.066, -0.111692
93.036, -0.106440
93.005, -0.102711
92.975, -0.100376
92.945, -0.099220
92.914, -0.098944
92.884, -0.099199
92.854, -0.099565
92.823, -0.099605
92.793, -0.098853
92.763, -0.096858
92.732, -0.093185
92.702, -0.087441
92.671, -0.079300
92.641, -0.068506
92.611, -0.054900
92.580, -0.038423
92.550, -0.019121
92.520, 0.002845
92.489, 0.027203
92.459, 0.053573
92.429, 0.081485
92.398, 0.110374
92.368, 0.139613
92.337, 0.168521
92.307, 0.196393
92.277, 0.222508
92.246, 0.246172
92.216, 0.266724
92.186, 0.283569
92.155, 0.296186
92.125, 0.304167
92.095, 0.307210
92.064, 0.305144
92.034, 0.297931
92.003, 0.285675
91.973, 0.268611
91.943, 0.247107
91.912, 0.221650
91.882, 0.192835
91.852, 0.161340
91.821, 0.127917
91.791, 0.093350
91.761, 0.058455
91.730, 0.024031
91.700, -0.009147
91.670, -0.040370
91.639, -0.068998
91.609, -0.094496
91.578, -0.116440
91.548, -0.134537
91.518, -0.148623
91.487, -0.158683
91.457, -0.164823
91.427, -0.167296
91.396, -0.166469
91.366, -0.162812
91.336, -0.156879
91.305, -0.149295
91.275, -0.140723
91.244, -0.131833
91.214, -0.123291
91.184, -0.115721
91.153, -0.109682
91.123, -0.105648
91.093, -0.103987
91.062, -0.104943
91.032, -0.108625
91.002, -0.115000
90.971, -0.123891
90.941, -0.134983
90.910, -0.147820
90.880, -0.161833
90.850, -0.176348
90.819, -0.190608
90.789, -0.203804
90.759, -0.215099
90.728, -0.223651
90.698, -0.228663
90.668, -0.229389
90.637, -0.225172
90.607, -0.215477
90.577, -0.199907
90.546, -0.178223
90.516, -0.150361
90.485, -0.116435
90.455, -0.076755
90.425, -0.031809
90.394, 0.017735
90.364, 0.071051
90.334, 0.127160
90.303, 0.184964
90.273, 0.243277
90.243, 0.300847
90.212, 0.356391
90.182, 0.408637
90.151, 0.456354
90.121, 0.498389
90.091, 0.533699
90.060, 0.561383
90.030, 0.580710
90.000, 0.591140
89.969, 0.592336
89.939, 0.584193
89.909, 0.566823
89.878, 0.540569
89.848, 0.505989
89.817, 0.463853
89.787, 0.415114
89.757, 0.360895
89.726, 0.302447
89.696, 0.241131
89.666, 0.178374
89.635, 0.115636
89.605, 0.054370
89.575, -0.004014
89.544, -0.058183
89.514, -0.106921
89.483, -0.149155
89.453, -0.183982
89.423, -0.210698
89.392, -0.228798
89.362, -0.238009
89.332, -0.238280
89.301, -0.229786
89.271, -0.212921
89.241, -0.188288
89.210, -0.156677
89.180, -0.119049
89.150, -0.076496
89.119, -0.030229
89.089, 0.018463
89.058, 0.068248
89.028, 0.117789
88.998, 0.165758
88.967, 0.210901
88.937, 0.252036
88.907, 0.288109
88.876, 0.318198
88.846, 0.341545
88.816, 0.357569
88.785, 0.365879
88.755, 0.366274
88.724, 0.358754
88.694, 0.343509
88.664, 0.320916
88.633, 0.291521
88.603, 0.256028
88.573, 0.215268
88.542, 0.170198
88.512, 0.121849
88.482, 0.071320
88.451, 0.019738
88.421, -0.031759
88.390, -0.082063
88.360, -0.130104
88.330, -0.174892
88.299, -0.215521
88.269, -0.251207
88.239, -0.281286
88.208, -0.305235
88.178, -0.322684
88.148, -0.333410
88.117, -0.338281
88.087, -0.336454
88.056, -0.328158
88.026, -0.313770
87.996, -0.293780
87.965, -0.268800
87.935, -0.239527
87.905, -0.206740
87.874, -0.171272
87.844, -0.133993
87.814, -0.095780
87.783, -0.057516
87.753, -0.020048
87.723, 0.015814
87.692, 0.049329
87.662, 0.079829
87.631, 0.106742
87.601, 0.129594
87.571, 0.148031
87.540, 0.161808
87.510, 0.170810
87.480, 0.175033
87.449, 0.174606
87.419, 0.169764
87.389, 0.160848
87.358, 0.148302
87.328, 0.132652
87.297, 0.114493
87.267, 0.094478
87.237, 0.073296
87.206, 0.051658
87.176, 0.030276
87.146, 0.009847
87.115, -0.008968
87.085, -0.025556
87.055, -0.039376
87.024, -0.049965
86.994, -0.056957
86.963, -0.060090
86.933, -0.059214
86.903, -0.054299
86.872, -0.045436
86.842, -0.032832
86.812, -0.016815
86.781, 0.002184
86.751, 0.023626
86.721, 0.046890
86.690, 0.071281
86.660, 0.096046
86.630, 0.120395
86.599, 0.143525
86.569, 0.164629
86.538, 0.182926
86.508, 0.197684
86.478, 0.208232
86.447, 0.213983
86.417, 0.214454
86.387, 0.209276
86.356, 0.198207
86.326, 0.181147
86.296, 0.158135
86.265, 0.129357
86.235, 0.095144
86.204, 0.055962
86.174, 0.012412
86.144, -0.034791
86.113, -0.084821
86.083, -0.136779
86.053, -0.189692
86.022, -0.242548
85.992, -0.294319
85.962, -0.343980
85.931, -0.390539
85.901, -0.433052
85.870, -0.470658
85.840, -0.502590
85.810, -0.528194
85.779, -0.546951
85.749, -0.558478
85.719, -0.562547
85.688, -0.559083
85.658, -0.548166
85.628, -0.530027
85.597, -0.505046
85.567, -0.473725
85.536, -0.436698
85.506, -0.394691
85.476, -0.348520
85.445, -0.299053
85.415, -0.247205
85.385, -0.193899
85.354, -0.140062
85.324, -0.086577
85.294, -0.034292
85.263, 0.016022
85.233, 0.063672
85.203, 0.108065
85.172, 0.148712
85.142, 0.185240
85.111, 0.217385
85.081, 0.245006
85.051, 0.268066
85.020, 0.286632
84.990, 0.300868
84.960, 0.311015
84.929, 0.317381
84.899, 0.320330
84.869, 0.320251
84.838, 0.317558
84.808, 0.312666
84.777, 0.305977
84.747, 0.297864
84.717, 0.288664
84.686, 0.278666
84.656, 0.268108
84.626, 0.257165
84.595, 0.245958
84.565, 0.234550
84.535, 0.222951
84.504, 0.211126
84.474, 0.199002
84.443, 0.186486
84.413, 0.173464
84.383, 0.159820
84.352, 0.145452
84.322, 0.130276
84.292, 0.114243
84.261, 0.097344
84.231, 0.079616
84.201, 0.061154
84.170, 0.042105
84.140, 0.022670
84.110, 0.003105
84.079, -0.016294
84.049, -0.035192
84.018, -0.053225
83.988, -0.070027
83.958, -0.085223
83.927, -0.098457
83.897, -0.109413
83.867, -0.117814
83.836, -0.123448
83.806, -0.126180
83.776, -0.125955
83.745, -0.122811
83.715, -0.116887
83.684, -0.108417
83.654, -0.097735
83.624, -0.085260
83.593, -0.071496
83.563, -0.057015
83.533, -0.042441
83.502, -0.028430
83.472, -0.015651
83.442, -0.004766
83.411, 0.003596
83.381, 0.008858
83.350, 0.010526
83.320, 0.008196
83.290, 0.001581
83.259, -0.009479
83.229, -0.024998
83.199, -0.044851
83.168, -0.068761
83.138, -0.096303
83.108, -0.126914
83.077, -0.159904
83.047, -0.194472
83.016, -0.229733
82.986, -0.264733
82.956, -0.298480
82.925, -0.329980
82.895, -0.358257
82.865, -0.382393
82.834, -0.401551
82.804, -0.415006
82.774, -0.422176
82.743, -0.422635
82.713, -0.416134
82.683, -0.402622
82.652, -0.382239
82.622, -0.355324
82.591, -0.322415
82.561, -0.284230
82.531, -0.240010
82.500, -0.192429
82.470, -0.142628
82.440, -0.091845
82.409, -0.041359
82.379, 0.007532
82.349, 0.053554
82.318, 0.095500
82.288, 0.132251
82.257, 0.162831
82.227, 0.186425
82.197, 0.202407
82.166, 0.210364
82.136, 0.210114
82.106, 0.201706
82.075, 0.185435
82.045, 0.161825
82.015, 0.131620
81.984, 0.095773
81.954, 0.055407
81.923, 0.011801
81.893, -0.033659
81.863, -0.079517
81.832, -0.124278
81.802, -0.166463
81.772, -0.204649
81.741, -0.237502
81.711, -0.263832
81.681, -0.282611
81.650, -0.293024
81.620, -0.294474
81.589, -0.286612
81.559, -0.269350
81.529, -0.242864
81.498, -0.207582
81.468, -0.164194
81.438, -0.113611
81.407, -0.056956
81.377, 0.004467
81.347, 0.069221
81.316, 0.135757
81.286, 0.202476
81.256, 0.267751
81.225, 0.329989
81.195, 0.387667
81.164, 0.439381
81.134, 0.483868
81.104, 0.520058
81.073, 0.547089
81.043, 0.564335
81.013, 0.571420
80.982, 0.568229
80.952, 0.554902
80.922, 0.531833
80.891, 0.499659
80.861, 0.459231
80.830, 0.411598
80.800, 0.357970
80.770, 0.299689
80.739, 0.238175
80.709, 0.174912
80.679, 0.111386
80.648, 0.049053
80.618, -0.010700
80.588, -0.066591
80.557, -0.117475
80.527, -0.162369
80.496, -0.200483
80.466, -0.231224
80.436, -0.254210
80.405, -0.269277
80.375, -0.276479
80.345, -0.276063
80.314, -0.268476
80.284, -0.254331
80.254, -0.234390
80.223, -0.209525
80.193, -0.180704
80.163, -0.148952
80.132, -0.115311
80.102, -0.080820
80.071, -0.046481
80.041, -0.013223
80.011, 0.018108
79.980, 0.046785
79.950, 0.072211
79.920, 0.093926
79.889, 0.111618
79.859, 0.125134
79.829, 0.134454
79.798, 0.139709
79.768, 0.141147
79.737, 0.139135
79.707, 0.134122
79.677, 0.126631
79.646, 0.117232
79.616, 0.106513
79.586, 0.095064
79.555, 0.083444
79.525, 0.072171
79.495, 0.061697
79.464, 0.052388
79.434, 0.044523
79.403, 0.038277
79.373, 0.033723
79.343, 0.030821
79.312, 0.029439
79.282, 0.029343
79.252, 0.030229
79.221, 0.031716
79.191, 0.033383
79.161, 0.034775
79.130, 0.035435
79.100, 0.034905
79.069, 0.032776
79.039, 0.028684
79.009, 0.022336
78.978, 0.013524
78.948, 0.002144
78.918, -0.011808
78.887, -0.028221
78.857, -0.046870
78.827, -0.067414
78.796, -0.089423
78.766, -0.112360
78.736, -0.135618
78.705, -0.158525
78.675, -0.180370
78.644, -0.200421
78.614, -0.217952
78.584, -0.232261
78.553, -0.242700
78.523, -0.248689
78.493, -0.249742
78.462, -0.245477
78.432, -0.235650
78.402, -0.220136
78.371, -0.198964
78.341, -0.172300
78.310, -0.140467
78.280, -0.103913
78.250, -0.063226
78.219, -0.019097
78.189, 0.027674
78.159, 0.076219
78.128, 0.125608
78.098, 0.174889
78.068, 0.223098
78.037, 0.269299
78.007, 0.312606
77.976, 0.352199
77.946, 0.387358
77.916, 0.417473
77.885, 0.442069
77.855, 0.460820
77.825, 0.473539
77.794, 0.480211
77.764, 0.480971
77.734, 0.476114
77.703, 0.466073
77.673, 0.451417
77.642, 0.432824
77.612, 0.411076
77.582, 0.387014
77.551, 0.361540
77.521, 0.335562
77.491, 0.309998
77.460, 0.285719
77.430, 0.263547
77.400, 0.244215
77.369, 0.228364
77.339, 0.216496
77.309, 0.208987
77.278, 0.206061
77.248, 0.207788
77.217, 0.214081
77.187, 0.224695
77.157, 0.239234
77.126, 0.257170
77.096, 0.277849
77.066, 0.300509
77.035, 0.324310
77.005, 0.348353
76.975, 0.371698
76.944, 0.386173
76.914, 0.398088
76.883, 0.406577
76.853, 0.410831
76.823, 0.410152
76.792, 0.403946
76.762, 0.391769
76.732, 0.373314
76.701, 0.348445
76.671, 0.317182
76.641, 0.279726
76.610, 0.236431
76.580, 0.187820
76.549, 0.134559
76.519, 0.077449
76.489, 0.017402
76.458, -0.044573
76.428, -0.107402
76.398, -0.169961
76.367, -0.231121
76.337, -0.289749
76.307, -0.344765
76.276, -0.395137
76.246, -0.439929
76.216, -0.478312
76.185, -0.509587
76.155, -0.533194
76.124, -0.548736
76.094, -0.555976
76.064, -0.554850
76.033, -0.545464
76.003, -0.528088
75.973, -0.503153
75.942, -0.471243
75.912, -0.433066
75.882, -0.389457
75.851, -0.341344
75.821, -0.289737
75.790, -0.235693
75.760, -0.180306
75.730, -0.124676
75.699, -0.069890
75.669, -0.017000
75.639, 0.033002
75.608, 0.079195
75.578, 0.120748
75.548, 0.156940
75.517, 0.187159
75.487, 0.210916
75.456, 0.227850
75.426, 0.237732
75.396, 0.240453
75.365, 0.236038
75.335, 0.224620
75.305, 0.206449
75.274, 0.181876
75.244, 0.151332
75.214, 0.115327
75.183, 0.074443
75.153, 0.029299
75.122, -0.019448
75.092, -0.071115
75.062, -0.125005
75.031, -0.180431
75.001, -0.236711
74.971, -0.293184
74.940, -0.349220
74.910, -0.404218
74.880, -0.457622
74.849, -0.508917
74.819, -0.557631
74.789, -0.603341
74.758, -0.645674
74.728, -0.684304
74.697, -0.718947
74.667, -0.749375
74.637, -0.775401
74.606, -0.796882
74.576, -0.813723
74.546, -0.825870
74.515, -0.833315
74.485, -0.836094
74.455, -0.834284
74.424, -0.828015
74.394, -0.817459
74.363, -0.802832
74.333, -0.784403
74.303, -0.762484
74.272, -0.737444
74.242, -0.709689
74.212, -0.679675
74.181, -0.647900
74.151, -0.614899
74.121, -0.581248
74.090, -0.547541
74.060, -0.514393
74.029, -0.482434
73.999, -0.452290
73.969, -0.424578
73.938, -0.399896
73.908, -0.378804
73.878, -0.361817
73.847, -0.349388
73.817, -0.341902
73.787, -0.339665
73.756, -0.342885
73.726, -0.351676
73.695, -0.366045
73.665, -0.385891
73.635, -0.410999
73.604, -0.441045
73.574, -0.475598
73.544, -0.514128
73.513, -0.556012
73.483, -0.600544
73.453, -0.646958
73.422, -0.694432
73.392, -0.742113
73.362, -0.789132
73.331, -0.834624
73.301, -0.877755
73.270, -0.917724
73.240, -0.953799
73.210, -0.985334
73.179, -1.011769
73.149, -1.032660
73.119, -1.047679
73.088, -1.056632
73.058, -1.059456
73.028, -1.056219
72.997, -1.047125
72.967, -1.032507
72.936, -1.012808
72.906, -0.988586
72.876, -0.960487
72.845, -0.929228
72.815, -0.895586
72.785, -0.860370
72.754, -0.824401
72.724, -0.788502
72.694, -0.753456
72.663, -0.720006
72.633, -0.688819
72.602, -0.660493
72.572, -0.635518
72.542, -0.614280
72.511, -0.597049
72.481, -0.583981
72.451, -0.575106
72.420, -0.570338
72.390, -0.569484
72.360, -0.572242
72.329, -0.578231
72.299, -0.586989
72.269, -0.597990
72.238, -0.610680
72.208, -0.624471
72.177, -0.638780
72.147, -0.653040
72.117, -0.666708
72.086, -0.679302
72.056, -0.690397
72.026, -0.699641
71.995, -0.706781
71.965, -0.711635
71.935, -0.714127
71.904, -0.714269
71.874, -0.712166
71.843, -0.708004
71.813, -0.702045
71.783, -0.694608
71.752, -0.686072
71.722, -0.676839
71.692, -0.667332
71.661, -0.657981
71.631, -0.649193
71.601, -0.641350
71.570, -0.634788
71.540, -0.629786
71.509, -0.626557
71.479, -0.625233
71.449, -0.625871
71.418, -0.628440
71.388, -0.632825
71.358, -0.627867
71.327, -0.624272
71.297, -0.621703
71.267, -0.619783
71.236, -0.618081
71.206, -0.616150
71.175, -0.613515
71.145, -0.609720
71.115, -0.604320
71.084, -0.596900
71.054, -0.587094
71.024, -0.574592
70.993, -0.559150
70.963, -0.540602
70.933, -0.518847
70.902, -0.493875
70.872, -0.465748
70.842, -0.434606
70.811, -0.400648
70.781, -0.364141
70.750, -0.325390
70.720, -0.284741
70.690, -0.242552
70.659, -0.199192
70.629, -0.155018
70.599, -0.110361
70.568, -0.065514
70.538, -0.020721
70.508, 0.023839
70.477, 0.068052
70.447, 0.111886
70.416, 0.155383
70.386, 0.198667
70.356, 0.241931
70.325, 0.285452
70.295, 0.329551
70.265, 0.374612
70.234, 0.421051
70.204, 0.469305
70.174, 0.519820
70.143, 0.573026
70.113, 0.629317
70.082, 0.689053
70.052, 0.752517
70.022, 0.819921
69.991, 0.891372
69.961, 0.966888
69.931, 1.046360
69.900, 1.129569
69.870, 1.216168
69.840, 1.305697
69.809, 1.397575
69.779, 1.491106
69.749, 1.585506
69.718, 1.679900
69.688, 1.773342
69.657, 1.864835
69.627, 1.953349
69.597, 2.037838
69.566, 2.117265
69.536, 2.190620
69.506, 2.256942
69.475, 2.315343
69.445, 2.365007
69.415, 2.405234
69.384, 2.435427
69.354, 2.455122
69.323, 2.463983
69.293, 2.461821
69.263, 2.448578
69.232, 2.424350
69.202, 2.389358
69.172, 2.343962
69.141, 2.288645
69.111, 2.224004
69.081, 2.150733
69.050, 2.069616
69.020, 1.981508
68.989, 1.887329
68.959, 1.788031
68.929, 1.684598
68.898, 1.578022
68.868, 1.469302
68.838, 1.359403
68.807, 1.249283
68.777, 1.139843
68.747, 1.031947
68.716, 0.926395
68.686, 0.823927
68.655, 0.725216
68.625, 0.630860
68.595, 0.541380
68.564, 0.457229
68.534, 0.378776
68.504, 0.306316
68.473, 0.240069
68.443, 0.180185
68.413, 0.126736
68.382, 0.079734
68.352, 0.039116
68.322, 0.004762
68.291, -0.023507
68.261, -0.045930
68.230, -0.062798
68.200, -0.074449
68.170, -0.081265
68.139, -0.083672
68.109, -0.082134
68.079, -0.077136
68.048, -0.069199
68.018, -0.058852
67.988, -0.046644
67.957, -0.033122
67.927, -0.018836
67.896, -0.004319
67.866, 0.009913
67.836, 0.023370
67.805, 0.035605
67.775, 0.046207
67.745, 0.054826
67.714, 0.061163
67.684, 0.064993
67.654, 0.066154
67.623, 0.064556
67.593, 0.060194
67.562, 0.053129
67.532, 0.043506
67.502, 0.031535
67.471, 0.017493
67.441, 0.001724
67.411, -0.015386
67.380, -0.033403
67.350, -0.051867
67.320, -0.070298
67.289, -0.088208
67.259, -0.105122
67.228, -0.120585
67.198, -0.134179
67.168, -0.145527
67.137, -0.154323
67.107, -0.160320
67.077, -0.163350
67.046, -0.163326
67.016, -0.160253
66.986, -0.154220
66.955, -0.145403
66.925, -0.134059
66.895, -0.120530
66.864, -0.105218
66.834, -0.088584
66.803, -0.071134
66.773, -0.053406
66.743, -0.035954
66.712, -0.019325
66.682, -0.004056
66.652, 0.009350
66.621, 0.020441
66.591, 0.028827
66.561, 0.034194
66.530, 0.036313
66.500, 0.035050
66.469, 0.030367
66.439, 0.022335
66.409, 0.011123
66.378, -0.002998
66.348, -0.019661
66.318, -0.038419
66.287, -0.058746
66.257, -0.080057
66.227, -0.101722
66.196, -0.123079
66.166, -0.143456
66.135, -0.162190
66.105, -0.178640
66.075, -0.192204
66.044, -0.202346
66.014, -0.208600
65.984, -0.210580
65.953, -0.208007
65.923, -0.200704
65.893, -0.188600
65.862, -0.171745
65.832, -0.150292
65.802, -0.124510
65.771, -0.100288
65.741, -0.072562
65.710, -0.041875
65.680, -0.008834
65.650, 0.025897
65.619, 0.061624
65.589, 0.097632
65.559, 0.133203
65.528, 0.167637
65.498, 0.200267
65.468, 0.230475
65.437, 0.257699
65.407, 0.281459
65.376, 0.301352
65.346, 0.317069
65.316, 0.328398
65.285, 0.335220
65.255, 0.337517
65.225, 0.335367
65.194, 0.328933
65.164, 0.318464
65.134, 0.304275
65.103, 0.286752
65.073, 0.266323
65.042, 0.243455
65.012, 0.218636
64.982, 0.192372
64.951, 0.165152
64.921, 0.137462
64.891, 0.109755
64.860, 0.082450
64.830, 0.055919
64.800, 0.030487
64.769, 0.006415
64.739, -0.016087
64.708, -0.036873
64.678, -0.055859
64.648, -0.073014
64.617, -0.088359
64.587, -0.101963
64.557, -0.113938
64.526, -0.124426
64.496, -0.133594
64.466, -0.141629
64.435, -0.148722
64.405, -0.155069
64.375, -0.160853
64.344, -0.166253
64.314, -0.171418
64.283, -0.176477
64.253, -0.181533
64.223, -0.186658
64.192, -0.191891
64.162, -0.197246
64.132, -0.202699
64.101, -0.208207
64.071, -0.213702
64.041, -0.219094
64.010, -0.224281
63.980, -0.229154
63.949, -0.233599
63.919, -0.237505
63.889, -0.240763
63.858, -0.243287
63.828, -0.244998
63.798, -0.245842
63.767, -0.245786
63.737, -0.244828
63.707, -0.242986
63.676, -0.240312
63.646, -0.236874
63.615, -0.232779
63.585, -0.228141
63.555, -0.223111
63.524, -0.217835
63.494, -0.212491
63.464, -0.207253
63.433, -0.202299
63.403, -0.197808
63.373, -0.193950
63.342, -0.190883
63.312, -0.188753
63.281, -0.187683
63.251, -0.187779
63.221, -0.189117
63.190, -0.191754
63.160, -0.195710
63.130, -0.200988
63.099, -0.207554
63.069, -0.215353
63.039, -0.224297
63.008, -0.234288
62.978, -0.245195
62.948, -0.256879
62.917, -0.269170
62.887, -0.281912
62.856, -0.294920
62.826, -0.308017
62.796, -0.321022
62.765, -0.333763
62.735, -0.346070
62.705, -0.357788
62.674, -0.368775
62.644, -0.378905
62.614, -0.388077
62.583, -0.396205
62.553, -0.403224
62.522, -0.409105
62.492, -0.413828
62.462, -0.417410
62.431, -0.419887
62.401, -0.421319
62.371, -0.421788
62.340, -0.421402
62.310, -0.420276
62.280, -0.418555
62.249, -0.416384
62.219, -0.413925
62.188, -0.411342
62.158, -0.408808
62.128, -0.406485
62.097, -0.404536
62.067, -0.403104
62.037, -0.402333
62.006, -0.402330
61.976, -0.403195
61.946, -0.404987
61.915, -0.407751
61.885, -0.411484
61.855, -0.416155
61.824, -0.421694
61.794, -0.427996
61.763, -0.434915
61.733, -0.442268
61.703, -0.449836
61.672, -0.457372
61.642, -0.464594
61.612, -0.471196
61.581, -0.476849
61.551, -0.481224
61.521, -0.483969
61.490, -0.484746
61.460, -0.483219
61.429, -0.479078
61.399, -0.472032
61.369, -0.461833
61.338, -0.448269
61.308, -0.431191
61.278, -0.410498
61.247, -0.386167
61.217, -0.358232
61.187, -0.326818
61.156, -0.292118
61.126, -0.254407
61.095, -0.214032
61.065, -0.171429
61.035, -0.127094
61.004, -0.081594
60.974, -0.035541
60.944, 0.010387
60.913, 0.055491
60.883, 0.099043
60.853, 0.140310
60.822, 0.178555
60.792, 0.213072
60.761, 0.243184
60.731, 0.268270
60.701, 0.287766
60.670, 0.301197
60.640, 0.308172
60.610, 0.308409
60.579, 0.301736
60.549, 0.288101
60.519, 0.267577
60.488, 0.240363
60.458, 0.206782
60.428, 0.167282
60.397, 0.122430
60.367, 0.072901
60.336, 0.019467
60.306, -0.037020
60.276, -0.095632
60.245, -0.155394
60.215, -0.215299
60.185, -0.273427
60.154, -0.329666
60.124, -0.383023
60.094, -0.432560
60.063, -0.477407
60.033, -0.516777
60.002, -0.549977
59.972, -0.576442
59.942, -0.595723
59.911, -0.607506
59.881, -0.611620
59.851, -0.608036
59.820, -0.596866
59.790, -0.578363
59.760, -0.552901
59.729, -0.520991
59.699, -0.483242
59.668, -0.440349
59.638, -0.393095
59.608, -0.342312
59.577, -0.288869
59.547, -0.233654
59.517, -0.177539
59.486, -0.121388
59.456, -0.066003
59.426, -0.012131
59.395, 0.039559
59.365, 0.088494
59.334, 0.134200
59.304, 0.176317
59.274, 0.214600
59.243, 0.248920
59.213, 0.279265
59.183, 0.305728
59.152, 0.328516
59.122, 0.347911
59.092, 0.364288
59.061, 0.378073
59.031, 0.389749
59.001, 0.399815
58.970, 0.408788
58.940, 0.417174
58.909, 0.425453
58.879, 0.434061
58.849, 0.443373
58.818, 0.453701
58.788, 0.465274
58.758, 0.478229
58.727, 0.492618
58.697, 0.508387
58.667, 0.525411
58.636, 0.543460
58.606, 0.562247
58.575, 0.581405
58.545, 0.600522
58.515, 0.619147
58.484, 0.636818
58.454, 0.653067
58.424, 0.667450
58.393, 0.679553
58.363, 0.689024
58.333, 0.695575
58.302, 0.699006
58.272, 0.699214
58.241, 0.696195
58.211, 0.690057
58.181, 0.681018
58.150, 0.669406
58.120, 0.655648
58.090, 0.640265
58.059, 0.623858
58.029, 0.607095
57.999, 0.590686
57.968, 0.575368
57.938, 0.561879
57.908, 0.550940
57.877, 0.543227
57.847, 0.539352
57.816, 0.539838
57.786, 0.545105
57.756, 0.555450
57.725, 0.571034
57.695, 0.591877
57.665, 0.617838
57.634, 0.648640
57.604, 0.683844
57.574, 0.722874
57.543, 0.765032
57.513, 0.809494
57.482, 0.855355
57.452, 0.901631
57.422, 0.947301
57.391, 0.991308
57.361, 1.032628
57.331, 1.070255
57.300, 1.103259
57.270, 1.130789
57.240, 1.152121
57.209, 1.166663
57.179, 1.173961
57.148, 1.173747
57.118, 1.165908
57.088, 1.150522
57.057, 1.127831
57.027, 1.098254
56.997, 1.062364
56.966, 1.020876
56.936, 0.974630
56.906, 0.924562
56.875, 0.871690
56.845, 0.817068
56.814, 0.761774
56.784, 0.706879
56.754, 0.653407
56.723, 0.602323
56.693, 0.554497
56.663, 0.510694
56.632, 0.471549
56.602, 0.437554
56.572, 0.409056
56.541, 0.386245
56.511, 0.369161
56.481, 0.357701
56.450, 0.351623
56.420, 0.350572
56.389, 0.354087
56.359, 0.361633
56.329, 0.372614
56.298, 0.386415
56.268, 0.402401
56.238, 0.419971
56.207, 0.438565
56.177, 0.457689
56.147, 0.476935
56.116, 0.495997
56.086, 0.514680
56.055, 0.532906
56.025, 0.550720
55.995, 0.568284
55.964, 0.585860
55.934, 0.603817
55.904, 0.622597
55.873, 0.642707
55.843, 0.664680
55.813, 0.689071
55.782, 0.716415
55.752, 0.747212
55.721, 0.781882
55.691, 0.820772
55.661, 0.864106
55.630, 0.911990
55.600, 0.964384
55.570, 1.021096
55.539, 1.081791
55.509, 1.145981
55.479, 1.213030
55.448, 1.282184
55.418, 1.352571
55.388, 1.423245
55.357, 1.493184
55.327, 1.561349
55.296, 1.626697
55.266, 1.688228
55.236, 1.744991
55.205, 1.796160
55.175, 1.841023
55.145, 1.879030
55.114, 1.909805
55.084, 1.933170
55.054, 1.949156
55.023, 1.958000
54.993, 1.960142
54.962, 1.956236
54.932, 1.947117
54.902, 1.933784
54.871, 1.917371
54.841, 1.899129
54.811, 1.880363
54.780, 1.862431
54.750, 1.846662
54.720, 1.834351
54.689, 1.826703
54.659, 1.824798
54.628, 1.829546
54.598, 1.841677
54.568, 1.861704
54.537, 1.889907
54.507, 1.926317
54.477, 1.970727
54.446, 2.022683
54.416, 2.081495
54.386, 2.146273
54.355, 2.215928
54.325, 2.289221
54.294, 2.364804
54.264, 2.441243
54.234, 2.517080
54.203, 2.590871
54.173, 2.661228
54.143, 2.726878
54.112, 2.786680
54.082, 2.839694
54.052, 2.885190
54.021, 2.922674
53.991, 2.951923
53.961, 2.972983
53.930, 2.986176
53.900, 2.992093
53.869, 2.991585
53.839, 2.985729
53.809, 2.975819
53.778, 2.963307
53.748, 2.949786
53.718, 2.936927
53.687, 2.926442
53.657, 2.920031
53.627, 2.919335
53.596, 2.925886
53.566, 2.941074
53.535, 2.966085
53.505, 3.001891
53.475, 3.049215
53.444, 3.108503
53.414, 3.179923
53.384, 3.263351
53.353, 3.358386
53.323, 3.464362
53.293, 3.580349
53.262, 3.705212
53.232, 3.837621
53.201, 3.976107
53.171, 4.119083
53.141, 4.264918
53.110, 4.411943
53.080, 4.558552
53.050, 4.703185
53.019, 4.844429
52.989, 4.980994
52.959, 5.111796
52.928, 5.235964
52.898, 5.352849
52.867, 5.462035
52.837, 5.563369
52.807, 5.656913
52.776, 5.742976
52.746, 5.822066
52.716, 5.894885
52.685, 5.962280
52.655, 6.025229
52.625, 6.084783
52.594, 6.142051
52.564, 6.198139
52.534, 6.254131
52.503, 6.311029
52.473, 6.369757
52.442, 6.431079
52.412, 6.495624
52.382, 6.563840
52.351, 6.635995
52.321, 6.712155
52.291, 6.792199
52.260, 6.875811
52.230, 6.962519
52.200, 7.051673
52.169, 7.142503
52.139, 7.234115
52.108, 7.325554
52.078, 7.415801
52.048, 7.503811
52.017, 7.588567
51.987, 7.669088
51.957, 7.744452
51.926, 7.813842
51.896, 7.876539
51.866, 7.931970
51.835, 7.979673
51.805, 8.019360
51.774, 8.050879
51.744, 8.074212
51.714, 8.089479
51.683, 8.096932
51.653, 8.096914
51.623, 8.089861
51.592, 8.076280
51.562, 8.056710
51.532, 8.031723
51.501, 8.001899
51.471, 7.967776
51.441, 7.929883
51.410, 7.888671
51.380, 7.844536
51.349, 7.797811
51.319, 7.748743
51.289, 7.697497
51.258, 7.644178
51.228, 7.588795
51.198, 7.531328
51.167, 7.471687
51.137, 7.409768
51.107, 7.345439
51.076, 7.278580
51.046, 7.209073
51.015, 7.136863
50.985, 7.061917
50.955, 6.984282
50.924, 6.904073
50.894, 6.821499
50.864, 6.736837
50.833, 6.650478
50.803, 6.562871
50.773, 6.474572
50.742, 6.386188
50.712, 6.298405
50.681, 6.211940
50.651, 6.127542
50.621, 6.045973
50.590, 5.967997
50.560, 5.894335
50.530, 5.825675
50.499, 5.762641
50.469, 5.705787
50.439, 5.655567
50.408, 5.612345
50.378, 5.576367
50.347, 5.547786
50.317, 5.526631
50.287, 5.512827
50.256, 5.506192
50.226, 5.506456
50.196, 5.513259
50.165, 5.526180
50.135, 5.544731
50.105, 5.568397
50.074, 5.596626
50.044, 5.628879
50.014, 5.664608
49.983, 5.703289
49.953, 5.744443
49.922, 5.787631
49.892, 5.832460
49.862, 5.878623
49.831, 5.925839
49.801, 5.973928
49.771, 6.022742
49.740, 6.072203
49.710, 6.122287
49.680, 6.173016
49.649, 6.224431
49.619, 6.276624
49.588, 6.329679
49.558, 6.383705
49.528, 6.438795
49.497, 6.495048
49.467, 6.552522
49.437, 6.611279
49.406, 6.671342
49.376, 6.732715
49.346, 6.795371
49.315, 6.859282
49.285, 6.924369
49.254, 6.990568
49.224, 7.057802
49.194, 7.126000
49.163, 7.195085
49.133, 7.265025
49.103, 7.335790
49.072, 7.407391
49.042, 7.479873
49.012, 7.553308
48.981, 7.627836
48.951, 7.703596
48.920, 7.780790
48.890, 7.859642
48.860, 7.940398
48.829, 8.023324
48.799, 8.108686
48.769, 8.196748
48.738, 8.287750
48.708, 8.381914
48.678, 8.479427
48.647, 8.580405
48.617, 8.684937
48.587, 8.793034
48.556, 8.904637
48.526, 9.019621
48.495, 9.137808
48.465, 9.258939
48.435, 9.382704
48.404, 9.508742
48.374, 9.636670
48.344, 9.766064
48.313, 9.896493
48.283, 10.027556
48.253, 10.158853
48.222, 10.290037
48.192, 10.420807
48.161, 10.550931
48.131, 10.680267
48.101, 10.808752
48.070, 10.936415
48.040, 11.063389
48.010, 11.189886
47.979, 11.316221
47.949, 11.442777
47.919, 11.570000
47.888, 11.698393
47.858, 11.828492
47.827, 11.960827
47.797, 12.095932
47.767, 12.234297
47.736, 12.376355
47.706, 12.522459
47.676, 12.672857
47.645, 12.827701
47.615, 12.986996
47.585, 13.150601
47.554, 13.318263
47.524, 13.489562
47.494, 13.663946
47.463, 13.840740
47.433, 14.019144
47.402, 14.198299
47.372, 14.377249
47.342, 14.555011
47.311, 14.730612
47.281, 14.903067
47.251, 15.071477
47.220, 15.235034
47.190, 15.393028
47.160, 15.544919
47.129, 15.690326
47.099, 15.829076
47.068, 15.961188
47.038, 16.086926
47.008, 16.206744
46.977, 16.321318
46.947, 16.431542
46.917, 16.538495
46.886, 16.643416
46.856, 16.747687
46.826, 16.852799
46.795, 16.960298
46.765, 17.071769
46.734, 17.188785
46.704, 17.312873
46.674, 17.445454
46.643, 17.587839
46.613, 17.741171
46.583, 17.906405
46.552, 18.084295
46.522, 18.275359
46.492, 18.479879
46.461, 18.697896
46.431, 18.929233
46.400, 19.173472
46.370, 19.430027
46.340, 19.698091
46.309, 19.976747
46.279, 20.264942
46.249, 20.561572
46.218, 20.865479
46.188, 21.175525
46.158, 21.490610
46.127, 21.809708
46.097, 22.131927
46.067, 22.456489
46.036, 22.782815
46.006, 23.110476
45.975, 23.439260
45.945, 23.769136
45.915, 24.100275
45.884, 24.433008
45.854, 24.767839
45.824, 25.105407
45.793, 25.446447
45.763, 25.791764
45.733, 26.142215
45.702, 26.498630
45.672, 26.861804
45.641, 27.232467
45.611, 27.611206
45.581, 27.998494
45.550, 28.394614
45.520, 28.799649
45.490, 29.213505
45.459, 29.635858
45.429, 30.066189
45.399, 30.503781
45.368, 30.947721
45.338, 31.396954
45.307, 31.850305
45.277, 32.306473
45.247, 32.764123
45.216, 33.221920
45.186, 33.678531
45.156, 34.132712
45.125, 34.583312
45.095, 35.029340
45.065, 35.470009
45.034, 35.904670
45.004, 36.332976
44.973, 36.754757
44.943, 37.170179
44.913, 37.579550
44.882, 37.983419
44.852, 38.382630
44.822, 38.778137
44.791, 39.171040
44.761, 39.562586
44.731, 39.954095
44.700, 40.346888
44.670, 40.742249
44.640, 41.141497
44.609, 41.545659
44.579, 41.955763
44.548, 42.372615
44.518, 42.796766
44.488, 43.228545
44.457, 43.667989
44.427, 44.114988
44.397, 44.569029
44.366, 45.029451
44.336, 45.495338
44.306, 45.965516
44.275, 46.438738
44.245, 46.913574
44.214, 47.388483
44.184, 47.861999
44.154, 48.332507
44.123, 48.798577
44.093, 49.258853
44.063, 49.712161
44.032, 50.157436
44.002, 50.593909
43.972, 51.021067
43.941, 51.438653
43.911, 51.846630
43.880, 52.245364
43.850, 52.635370
43.820, 53.017527
43.789, 53.392863
43.759, 53.762587
43.729, 54.128167
43.698, 54.491106
43.668, 54.852982
43.638, 55.215371
43.607, 55.579887
43.577, 55.947998
43.547, 56.320986
43.516, 56.700026
43.486, 57.086071
43.455, 57.479817
43.425, 57.881596
43.395, 58.291626
43.364, 58.709615
43.334, 59.135050
43.304, 59.567122
43.273, 60.004769
43.243, 60.446560
43.213, 60.890882
43.182, 61.335901
43.152, 61.779599
43.121, 62.219887
43.091, 62.654490
43.061, 63.081098
43.030, 63.497473
43.000, 63.901269
42.970, 64.290321
42.939, 64.662502
42.909, 65.015759
42.879, 65.348185
42.848, 65.658055
42.818, 65.943756
42.787, 66.203821
42.757, 66.436966
42.727, 66.641945
42.696, 66.817693
42.666, 66.963294
42.636, 67.077831
42.605, 67.160497
42.575, 67.210486
42.545, 67.227063
42.514, 67.209496
42.484, 67.156977
42.453, 67.068772
42.423, 66.944076
42.393, 66.782118
42.362, 66.581980
42.332, 66.342930
42.302, 66.064088
42.271, 65.744682
42.241, 65.383980
42.211, 64.981285
42.180, 64.536119
42.150, 64.048007
42.120, 63.516728
42.089, 62.942245
42.059, 62.324705
42.028, 61.664475
41.998, 60.962289
41.968, 60.219026
41.937, 59.435861
41.907, 58.614370
41.877, 57.756203
41.846, 56.863415
41.816, 55.938242
41.786, 54.983069
41.755, 54.000500
41.725, 52.993395
41.694, 51.964467
41.664, 50.916726
41.634, 49.853067
41.603, 48.776426
41.573, 47.689625
41.543, 46.595379
41.512, 45.496328
41.482, 44.394894
41.452, 43.293313
41.421, 42.193676
41.391, 41.097780
41.360, 40.007201
41.330, 38.923408
41.300, 37.847536
41.269, 36.780614
41.239, 35.723457
41.209, 34.676765
41.178, 33.641108
41.148, 32.617015
41.118, 31.604936
41.087, 30.605320
41.057, 29.618621
41.027, 28.645371
40.996, 27.686160
40.966, 26.741667
40.935, 25.812673
40.905, 24.900109
40.875, 24.004999
40.844, 23.128495
40.814, 22.271836
40.784, 21.436393
40.753, 20.623554
40.723, 19.834784
40.693, 19.071530
40.662, 18.335250
40.632, 17.627309
40.601, 16.948995
40.571, 16.301455
40.541, 15.685701
40.510, 15.102526
40.480, 14.552521
40.450, 14.036047
40.419, 13.553227
40.389, 13.103917
40.359, 12.687729
40.328, 12.304028
40.298, 11.951956
40.267, 11.630448
40.237, 11.338252
40.207, 11.073959
40.176, 10.836060
40.146, 10.622954
40.116, 10.432994
40.085, 10.264559
40.055, 10.116035
40.025, 9.985900
39.994, 9.872723
39.964, 9.775218
39.933, 9.692244
39.903, 9.622825
39.873, 9.566180
39.842, 9.521685
39.812, 9.488919
39.782, 9.467604
39.751, 9.457617
39.721, 9.458956
39.691, 9.471726
39.660, 9.496093
39.630, 9.532244
39.600, 9.580384
39.569, 9.640667
39.539, 9.713193
39.508, 9.797950
39.478, 9.894805
39.448, 10.003489
39.417, 10.123568
39.387, 10.254429
39.357, 10.395299
39.326, 10.545236
39.296, 10.703130
39.266, 10.867740
39.235, 11.037723
39.205, 11.211627
39.174, 11.387969
39.144, 11.565236
39.114, 11.741952
39.083, 11.916685
39.053, 12.088127
39.023, 12.255096
38.992, 12.416574
38.962, 12.571754
38.932, 12.720051
38.901, 12.861105
38.871, 12.994827
38.840, 13.121360
38.810, 13.241102
38.780, 13.354685
38.749, 13.462954
38.719, 13.566929
38.689, 13.667797
38.658, 13.766857
38.628, 13.865481
38.598, 13.965069
38.567, 14.067012
38.537, 14.172630
38.506, 14.283162
38.476, 14.399687
38.446, 14.523118
38.415, 14.654152
38.385, 14.793261
38.355, 14.940667
38.324, 15.096335
38.294, 15.259974
38.264, 15.431046
38.233, 15.608771
38.203, 15.792162
38.173, 15.980035
38.142, 16.171077
38.112, 16.363839
38.081, 16.556821
38.051, 16.748491
38.021, 16.937339
37.990, 17.121919
37.960, 17.300887
37.930, 17.473049
37.899, 17.637409
37.869, 17.793137
37.839, 17.939662
37.808, 18.076655
37.778, 18.204044
37.747, 18.321988
37.717, 18.430906
37.687, 18.531437
37.656, 18.624439
37.626, 18.710926
37.596, 18.792060
37.565, 18.869122
37.535, 18.943437
37.505, 19.016362
37.474, 19.089225
37.444, 19.163291
37.413, 19.239737
37.383, 19.319565
37.353, 19.403629
37.322, 19.492585
37.292, 19.586855
37.262, 19.686641
37.231, 19.791892
37.201, 19.902340
37.171, 20.017468
37.140, 20.136538
37.110, 20.258641
37.080, 20.382681
37.049, 20.507421
37.019, 20.631549
36.988, 20.753663
36.958, 20.872341
36.928, 20.986188
36.897, 21.093853
36.867, 21.194072
36.837, 21.285723
36.806, 21.367825
36.776, 21.439577
36.746, 21.500395
36.715, 21.549889
36.685, 21.587906
36.654, 21.614511
36.624, 21.629980
36.594, 21.634829
36.563, 21.629731
36.533, 21.615556
36.503, 21.593301
36.472, 21.564111
36.442, 21.529185
36.412, 21.489803
36.381, 21.447242
36.351, 21.402795
36.320, 21.357688
36.290, 21.313087
36.260, 21.270052
36.229, 21.229522
36.199, 21.192293
36.169, 21.159003
36.138, 21.130114
36.108, 21.105944
36.078, 21.086613
36.047, 21.072082
36.017, 21.062150
35.986, 21.056491
35.956, 21.054628
35.926, 21.055993
35.895, 21.059921
35.865, 21.065697
35.835, 21.072563
35.804, 21.079758
35.774, 21.086521
35.744, 21.092151
35.713, 21.095983
35.683, 21.097454
35.653, 21.096068
35.622, 21.091472
35.592, 21.083418
35.561, 21.071789
35.531, 21.056601
35.501, 21.038007
35.470, 21.016295
35.440, 20.991877
35.410, 20.965276
35.379, 20.937128
35.349, 20.908165
35.319, 20.879199
35.288, 20.851098
35.258, 20.824795
35.227, 20.801227
35.197, 20.781371
35.167, 20.766177
35.136, 20.756590
35.106, 20.753524
35.076, 20.757822
35.045, 20.770292
35.015, 20.791659
34.985, 20.822572
34.954, 20.863590
34.924, 20.915178
34.893, 20.977716
34.863, 21.051478
34.833, 21.136653
34.802, 21.233318
34.772, 21.341488
34.742, 21.461061
34.711, 21.591889
34.681, 21.733717
34.651, 21.886260
34.620, 22.049158
34.590, 22.222016
34.559, 22.404395
34.529, 22.595837
34.499, 22.795875
34.468, 23.004026
34.438, 23.219835
34.408, 23.442854
34.377, 23.672651
34.347, 23.908855
34.317, 24.151129
34.286, 24.399208
34.256, 24.652880
34.226, 24.911996
34.195, 25.176513
34.165, 25.446447
34.134, 25.721912
34.104, 26.003117
34.074, 26.290347
34.043, 26.583999
34.013, 26.884550
33.983, 27.192568
33.952, 27.508706
33.922, 27.833694
33.892, 28.168342
33.861, 28.513512
33.831, 28.870128
33.800, 29.239174
33.770, 29.621650
33.740, 30.018591
33.709, 30.431050
33.679, 30.860089
33.649, 31.306743
33.618, 31.772036
33.588, 32.256984
33.558, 32.762550
33.527, 33.289655
33.497, 33.839180
33.466, 34.411928
33.436, 35.008677
33.406, 35.630108
33.375, 36.276852
33.345, 36.949467
33.315, 37.648499
33.284, 38.374341
33.254, 39.127396
33.224, 39.907995
33.193, 40.716429
33.163, 41.552884
33.133, 42.417579
33.102, 43.310587
33.072, 44.232019
33.041, 45.181911
33.011, 46.160189
32.981, 47.166781
32.950, 48.201576
32.920, 49.264281
32.890, 50.354603
32.859, 51.472027
32.829, 52.616042
32.799, 53.785912
32.768, 54.980759
32.738, 56.199444
32.707, 57.440685
32.677, 58.702941
32.647, 59.984304
32.616, 61.282722
32.586, 62.595736
32.556, 63.920523
32.525, 65.253966
32.495, 66.592543
32.465, 67.932330
32.434, 69.269110
32.404, 70.598189
32.373, 71.914504
32.343, 73.212701
32.313, 74.487023
32.282, 75.731455
32.252, 76.939688
32.222, 78.105157
32.191, 79.221151
32.161, 80.280849
32.131, 81.277319
32.100, 82.203628
32.070, 83.052993
32.039, 83.818701
32.009, 84.494297
31.979, 85.073621
31.948, 85.550841
31.918, 85.920639
31.888, 86.178173
31.857, 86.319226
31.827, 86.340131
31.797, 86.238064
31.766, 86.010787
31.736, 85.657016
31.706, 85.176166
31.675, 84.568528
31.645, 83.835278
31.614, 82.978358
31.584, 82.000667
31.554, 80.905834
31.523, 79.698298
31.493, 78.383193
31.463, 76.966461
31.432, 75.454556
31.402, 73.854593
31.372, 72.174092
31.341, 70.421047
31.311, 68.603819
31.280, 66.730882
31.250, 64.811038
31.220, 62.853014
31.189, 60.865650
31.159, 58.857527
31.129, 56.837229
31.098, 54.813006
31.068, 52.792744
31.038, 50.783998
31.007, 48.793920
30.977, 46.829037
30.946, 44.895549
30.916, 42.998920
30.886, 41.144174
30.855, 39.335639
30.825, 37.577092
30.795, 35.871751
30.764, 34.222222
30.734, 32.630533
30.704, 31.098229
30.673, 29.626290
30.643, 28.215249
30.612, 26.865193
30.582, 25.575856
30.552, 24.346564
30.521, 23.176356
30.491, 22.063993
30.461, 21.008054
30.430, 20.006890
30.400, 19.058741
30.370, 18.161706
30.339, 17.313867
30.309, 16.513225
30.279, 15.757775
30.248, 15.045518
30.218, 14.374517
30.187, 13.742828
30.157, 13.148603
30.127, 12.590044
30.096, 12.065429
30.066, 11.573103
30.036, 11.111481
30.005, 10.679042
29.975, 10.274359
29.945, 9.896052
29.914, 9.542777
29.884, 9.213253
29.853, 8.906236
29.823, 8.620517
29.793, 8.354921
29.762, 8.108268
29.732, 7.879418
29.702, 7.667225
29.671, 7.470583
29.641, 7.288343
29.611, 7.119402
29.580, 6.962648
29.550, 6.816977
29.519, 6.681304
29.489, 6.554553
29.459, 6.435681
29.428, 6.323656
29.398, 6.217485
29.368, 6.116213
29.337, 6.018939
29.307, 5.924794
29.277, 5.832984
29.246, 5.742789
29.216, 5.653532
29.186, 5.564627
29.155, 5.475565
29.125, 5.385930
29.094, 5.295368
29.064, 5.203628
29.034, 5.110531
29.003, 5.016008
28.973, 4.920054
28.943, 4.822736
28.912, 4.724211
28.882, 4.624689
28.852, 4.524459
28.821, 4.423847
28.791, 4.323229
28.760, 4.223017
28.730, 4.123641
28.700, 4.025553
28.669, 3.929189
28.639, 3.834992
28.609, 3.743380
28.578, 3.654732
28.548, 3.569384
28.518, 3.487632
28.487, 3.409706
28.457, 3.335763
28.426, 3.265886
28.396, 3.200086
28.366, 3.138293
28.335, 3.080353
28.305, 3.026037
28.275, 2.975038
28.244, 2.926979
28.214, 2.881423
28.184, 2.837878
28.153, 2.795813
28.123, 2.754671
28.092, 2.713873
28.062, 2.672833
28.032, 2.631009
28.001, 2.587867
27.971, 2.542919
27.941, 2.495738
27.910, 2.445978
27.880, 2.393380
27.850, 2.337769
27.819, 2.279081
27.789, 2.217357
27.759, 2.152766
27.728, 2.085558
27.698, 2.016108
27.667, 1.944897
27.637, 1.872489
27.607, 1.799513
27.576, 1.726684
27.546, 1.654748
27.516, 1.584485
27.485, 1.516676
27.455, 1.452085
27.425, 1.391438
27.394, 1.335413
27.364, 1.284590
27.333, 1.239461
27.303, 1.200405
27.273, 1.167674
27.242, 1.141366
27.212, 1.121444
27.182, 1.107717
27.151, 1.099854
27.121, 1.097363
27.091, 1.099620
27.060, 1.105890
27.030, 1.115332
26.999, 1.127009
26.969, 1.139924
26.939, 1.153055
26.908, 1.165361
26.878, 1.175816
26.848, 1.183448
26.817, 1.187350
26.787, 1.186724
26.757, 1.180881
26.726, 1.169275
26.696, 1.151526
26.666, 1.127417
26.635, 1.096910
26.605, 1.060137
26.574, 1.017423
26.544, 0.969261
26.514, 0.916288
26.483, 0.859289
26.453, 0.799173
26.423, 0.736938
26.392, 0.673646
26.362, 0.610401
26.332, 0.548309
26.301, 0.488450
26.271, 0.431851
26.240, 0.379446
26.210, 0.332063
26.180, 0.290387
26.149, 0.254943
26.119, 0.226083
26.089, 0.203990
26.058, 0.188640
26.028, 0.179826
25.998, 0.177160
25.967, 0.180089
25.937, 0.187892
25.906, 0.199729
25.876, 0.214646
25.846, 0.231607
25.815, 0.249536
25.785, 0.267329
25.755, 0.283907
25.724, 0.298247
25.694, 0.309387
25.664, 0.316494
25.633, 0.318852
25.603, 0.315916
25.572, 0.307301
25.542, 0.292815
25.512, 0.272447
25.481, 0.246387
25.451, 0.214995
25.421, 0.178818
25.390, 0.138551
25.360, 0.095030
25.330, 0.049199
25.299, 0.002091
25.269, -0.045217
25.239, -0.091612
25.208, -0.136013
25.178, -0.177366
25.147, -0.214703
25.117, -0.247147
25.087, -0.273961
25.056, -0.294544
25.026, -0.308473
24.996, -0.315489
24.965, -0.315522
24.935, -0.308683
24.905, -0.295266
24.874, -0.275725
24.844, -0.250673
24.813, -0.220851
24.783, -0.187123
24.753, -0.150424
24.722, -0.111751
24.692, -0.072127
24.662, -0.032584
24.631, 0.005897
24.601, 0.042376
24.571, 0.076009
24.540, 0.106050
24.510, 0.131884
24.479, 0.153035
24.449, 0.169177
24.419, 0.180134
24.388, 0.185889
24.358, 0.186572
24.328, 0.182464
24.297, 0.173962
24.267, 0.161588
24.237, 0.145946
24.206, 0.127718
24.176, 0.107621
24.145, 0.086412
24.115, 0.064828
24.085, 0.043599
24.054, 0.023384
24.024, 0.008675
23.994, -0.003895
23.963, -0.013898
23.933, -0.021033
23.903, -0.025101
23.872, -0.026034
23.842, -0.023870
23.812, -0.018772
23.781, -0.010993
23.751, -0.000895
23.720, 0.011098
23.690, 0.024486
23.660, 0.038738
23.629, 0.053286
23.599, 0.067575
23.569, 0.081044
23.538, 0.093185
23.508, 0.103520
23.478, 0.111657
23.447, 0.117260
23.417, 0.120097
23.386, 0.120015
23.356, 0.116980
23.326, 0.111036
23.295, 0.102342
23.265, 0.091137
23.235, 0.077761
23.204, 0.062611
23.174, 0.046172
23.144, 0.028959
23.113, 0.011552
23.083, -0.005468
23.052, -0.021489
23.022, -0.035921
22.992, -0.048169
22.961, -0.057687
22.931, -0.063951
22.901, -0.066507
22.870, -0.064930
22.840, -0.058884
22.810, -0.048085
22.779, -0.032328
22.749, -0.011462
22.719, 0.014573
22.688, 0.045786
22.658, 0.082111
22.627, 0.123440
22.597, 0.169593
22.567, 0.220357
22.536, 0.275469
22.506, 0.334646
22.476, 0.397563
22.445, 0.463887
22.415, 0.533261
22.385, 0.605340
22.354, 0.679762
22.324, 0.756184
22.293, 0.834265
22.263, 0.913695
22.233, 0.994174
22.202, 1.075444
22.172, 1.157264
22.142, 1.239451
22.111, 1.321850
22.081, 1.404364
22.051, 1.486936
22.020, 1.569579
21.990, 1.652353
21.959, 1.735384
21.929, 1.818859
21.899, 1.903039
21.868, 1.988241
21.838, 2.074855
21.808, 2.163328
21.777, 2.254173
21.747, 2.347956
21.717, 2.445295
21.686, 2.546850
21.656, 2.653322
21.625, 2.765431
21.595, 2.883920
21.565, 3.009529
21.534, 3.143000
21.504, 3.285053
21.474, 3.436377
21.443, 3.597628
21.413, 3.769401
21.383, 3.952250
21.352, 4.146659
21.322, 4.353035
21.292, 4.571726
21.261, 4.803019
21.231, 5.047112
21.200, 5.304166
21.170, 5.574284
21.140, 5.857535
21.109, 6.153956
21.079, 6.463580
21.049, 6.786455
21.018, 7.122651
20.988, 7.472277
20.958, 7.835514
20.927, 8.212628
20.897, 8.603980
20.866, 9.010035
20.836, 9.431394
20.806, 9.868777
20.775, 10.323045
20.745, 10.795178
20.715, 11.286305
20.684, 11.797648
20.654, 12.330548
20.624, 12.886425
20.593, 13.466754
20.563, 14.073056
20.532, 14.706836
20.502, 15.369593
20.472, 16.062735
20.441, 16.787608
20.411, 17.545409
20.381, 18.337161
20.350, 19.163724
20.320, 20.025712
20.290, 20.923514
20.259, 21.857239
20.229, 22.826741
20.198, 23.831573
20.168, 24.871022
20.138, 25.944080
20.107, 27.049476
20.077, 28.185667
20.047, 29.350902
20.016, 30.543185
19.986, 31.760348
19.956, 33.000074
19.925, 34.259902
19.895, 35.537286
19.865, 36.829612
19.834, 38.134228
19.804, 39.448452
19.773, 40.769645
19.743, 42.095203
19.713, 43.422410
19.682, 44.748811
19.652, 46.071875
19.622, 47.389033
19.591, 48.697904
19.561, 49.995954
19.531, 51.280729
19.500, 52.549696
19.470, 53.800252
19.439, 55.029757
19.409, 56.235386
19.379, 57.414132
19.348, 58.562951
19.318, 59.678468
19.288, 60.757201
19.257, 61.795443
19.227, 62.789272
19.197, 63.734579
19.166, 64.627111
19.136, 65.462465
19.105, 66.236132
19.075, 66.943563
19.045, 67.580174
19.014, 68.141527
18.984, 68.623184
18.954, 69.021038
18.923, 69.331165
18.893, 69.550080
18.863, 69.674630
18.832, 69.702173
18.802, 69.630656
18.772, 69.458612
18.741, 69.185234
18.711, 68.810338
18.680, 68.334622
18.650, 67.759333
18.620, 67.086597
18.589, 66.319128
18.559, 65.460448
18.529, 64.514627
18.498, 63.486397
18.468, 62.381039
18.438, 61.204236
18.407, 59.962115
18.377, 58.661057
18.346, 57.307700
18.316, 55.908792
18.286, 54.471118
18.255, 53.001353
18.225, 51.506099
18.195, 49.991737
18.164, 48.464392
18.134, 46.929748
18.104, 45.393271
18.073, 43.859837
18.043, 42.333959
18.012, 40.819781
17.982, 39.320822
17.952, 37.840238
17.921, 36.380823
17.891, 34.944858
17.861, 33.534306
17.830, 32.150827
17.800, 30.795793
17.770, 29.470295
17.739, 28.175317
17.709, 26.911628
17.678, 25.679926
17.648, 24.480829
17.618, 23.314901
17.587, 22.182715
17.557, 21.084823
17.527, 20.021781
17.496, 18.994148
17.466, 18.002483
17.436, 17.047325
17.405, 16.129172
17.375, 15.248454
17.345, 14.405537
17.314, 13.600612
17.284, 12.833778
17.253, 12.104917
17.223, 11.413741
17.193, 10.759706
17.162, 10.142045
17.132, 9.559743
17.102, 9.011546
17.071, 8.495941
17.041, 8.011222
17.011, 7.555435
16.980, 7.126506
16.950, 6.722189
16.919, 6.340179
16.889, 5.978101
16.859, 5.633628
16.828, 5.304478
16.798, 4.988475
16.768, 4.683626
16.737, 4.388159
16.707, 4.100547
16.677, 3.819548
16.646, 3.544241
16.616, 3.274050
16.585, 3.008719
16.555, 2.748344
16.525, 2.493330
16.494, 2.244399
16.464, 2.002518
16.434, 1.768875
16.403, 1.544832
16.373, 1.331886
16.343, 1.131568
16.312, 0.945398
16.282, 0.774830
16.251, 0.621202
16.221, 0.485650
16.191, 0.369073
16.160, 0.272077
16.130, 0.194974
16.100, 0.137703
16.069, 0.099860
16.039, 0.080671
16.009, 0.079012
15.978, 0.093414
15.948, 0.122112
15.918, 0.163070
15.887, 0.214034
15.857, 0.272582
15.826, 0.336206
15.796, 0.402343
15.766, 0.468470
15.735, 0.532148
15.705, 0.591093
15.675, 0.643238
15.644, 0.686772
15.614, 0.720184
15.584, 0.742312
15.553, 0.752338
15.523, 0.749836
15.492, 0.734738
15.462, 0.707341
15.432, 0.668285
15.401, 0.618536
15.371, 0.559307
15.341, 0.492055
15.310, 0.418396
15.280, 0.340082
15.250, 0.258914
15.219, 0.176687
15.189, 0.095153
15.158, 0.015953
15.128, -0.059423
15.098, -0.129687
15.067, -0.193775
15.037, -0.250867
15.007, -0.300418
14.976, -0.342138
14.946, -0.376016
14.916, -0.402277
14.885, -0.421369
14.855, -0.433947
14.825, -0.440814
14.794, -0.442895
14.764, -0.441181
14.733, -0.436703
14.703, -0.430455
14.673, -0.423387
14.642, -0.416344
14.612, -0.410036
14.582, -0.405016
14.551, -0.401651
14.521, -0.400110
14.491, -0.400382
14.460, -0.402255
14.430, -0.405326
14.399, -0.409053
14.369, -0.412759
14.339, -0.415664
14.308, -0.416928
14.278, -0.415692
14.248, -0.411129
14.217, -0.402471
14.187, -0.389047
14.157, -0.370334
14.126, -0.345974
14.096, -0.315807
14.065, -0.279882
14.035, -0.238476
14.005, -0.192086
13.974, -0.141426
13.944, -0.087408
13.914, -0.031122
13.883, 0.026191
13.853, 0.083194
13.823, 0.138481
13.792, 0.190618
13.762, 0.238206
13.731, 0.279919
13.701, 0.314551
13.671, 0.341062
13.640, 0.358619
13.610, 0.366618
13.580, 0.364724
13.549, 0.352876
13.519, 0.331301
13.489, 0.300506
13.458, 0.261285
13.428, 0.214673
13.398, 0.161953
13.367, 0.104578
13.337, 0.044170
13.306, -0.017550
13.276, -0.078817
13.246, -0.137855
13.215, -0.192947
13.185, -0.242477
13.155, -0.284989
13.124, -0.319219
13.094, -0.344144
13.064, -0.358993
13.033, -0.363304
13.003, -0.356910
12.972, -0.339943
12.942, -0.312848
12.912, -0.276350
12.881, -0.231441
12.851, -0.179343
12.821, -0.121475
12.790, -0.059413
12.760, 0.005168
12.730, 0.070544
12.699, 0.134977
12.669, 0.196784
12.638, 0.254372
12.608, 0.306297
12.578, 0.351291
12.547, 0.388296
12.517, 0.416492
12.487, 0.435331
12.456, 0.444520
12.426, 0.444035
12.396, 0.434117
12.365, 0.415263
12.335, 0.388182
12.305, 0.353794
12.274, 0.313178
12.244, 0.267534
12.213, 0.218162
12.183, 0.166401
12.153, 0.113592
12.122, 0.061048
12.092, 0.009998
12.062, -0.038420
12.031, -0.083224
12.001, -0.123568
11.971, -0.158799
11.940, -0.188438
11.910, -0.212200
11.879, -0.229985
11.849, -0.241878
11.819, -0.248112
11.788, -0.249084
11.758, -0.250736
11.728, -0.248232
11.697, -0.242244
11.667, -0.233484
11.637, -0.222666
11.606, -0.210498
11.576, -0.197638
11.545, -0.184682
11.515, -0.172143
11.485, -0.160444
11.454, -0.149893
11.424, -0.140699
11.394, -0.132956
11.363, -0.126655
11.333, -0.121695
11.303, -0.117893
11.272, -0.114995
11.242, -0.112698
11.211, -0.110672
11.181, -0.108577
11.151, -0.106078
11.120, -0.102863
11.090, -0.098665
11.060, -0.093276
11.029, -0.086543
10.999, -0.078396
10.969, -0.068832
10.938, -0.057928
10.908, -0.045827
10.878, -0.032743
10.847, -0.018936
10.817, -0.004712
10.786, 0.009596
10.756, 0.023648
10.726, 0.037103
10.695, 0.049644
10.665, 0.060989
10.635, 0.070895
10.604, 0.079184
10.574, 0.085740
10.544, 0.090525
10.513, 0.093562
10.483, 0.094954
10.452, 0.094857
10.422, 0.093494
10.392, 0.091127
10.361, 0.088059
10.331, 0.084601
10.301, 0.081079
10.270, 0.077797
10.240, 0.075035
10.210, 0.073032
10.179, 0.071969
10.149, 0.071958
10.118, 0.073058
10.088, 0.075227
10.058, 0.078367
10.027, 0.082294
9.997, 0.086770
9.967, 0.091490
9.936, 0.096116
9.906, 0.100270
9.876, 0.103580
9.845, 0.105668
9.815, 0.106194
9.784, 0.104856
9.754, 0.101424
9.724, 0.095739
9.693, 0.087741
9.663, 0.077465
9.633, 0.065060
9.602, 0.050770
9.572, 0.034962
9.542, 0.018086
9.511, 0.000690
9.481, -0.016616
9.451, -0.033171
9.420, -0.048284
9.390, -0.061252
9.359, -0.071406
9.329, -0.078117
9.299, -0.080834
9.268, -0.079100
9.238, -0.072580
9.208, -0.061074
9.177, -0.044539
9.147, -0.023087
9.117, 0.003001
9.086, 0.033283
9.056, 0.067159
9.025, 0.103889
8.995, 0.142606
8.965, 0.182347
8.934, 0.222068
8.904, 0.260692
8.874, 0.297124
8.843, 0.330308
8.813, 0.359239
8.783, 0.383009
8.752, 0.400842
8.722, 0.412115
8.691, 0.416387
8.661, 0.413409
8.631, 0.403154
8.600, 0.385809
8.570, 0.361778
8.540, 0.331676
8.509, 0.296314
8.479, 0.256679
8.449, 0.213896
8.418, 0.169216
8.388, 0.123958
8.358, 0.079494
8.327, 0.037170
8.297, -0.001695
8.266, -0.035882
8.236, -0.064295
8.206, -0.086006
8.175, -0.100276
8.145, -0.106595
8.115, -0.104691
8.084, -0.094541
8.054, -0.076388
8.024, -0.050721
7.993, -0.018271
7.963, 0.020003
7.932, 0.062948
7.902, 0.109246
7.872, 0.157460
7.841, 0.206060
7.811, 0.253484
7.781, 0.298173
7.750, 0.338627
7.720, 0.373446
7.690, 0.401369
7.659, 0.421321
7.629, 0.432440
7.598, 0.434107
7.568, 0.425961
7.538, 0.407916
7.507, 0.380161
7.477, 0.343165
7.447, 0.297649
7.416, 0.244574
7.386, 0.185124
7.356, 0.120649
7.325, 0.052649
7.295, -0.017286
7.264, -0.087509
7.234, -0.156371
7.204, -0.222260
7.173, -0.283653
7.143, -0.339153
7.113, -0.387533
7.082, -0.427765
7.052, -0.459042
7.022, -0.480804
6.991, -0.492755
6.961, -0.494851
6.931, -0.487320
6.900, -0.470625
6.870, -0.445471
6.839, -0.412762
6.809, -0.373586
6.779, -0.329171
6.748, -0.280847
6.718, -0.230018
6.688, -0.178103
6.657, -0.126505
6.627, -0.076572
6.597, -0.029564
6.566, 0.013394
6.536, 0.051323
6.505, 0.083428
6.475, 0.109109
6.445, 0.127959
6.414, 0.139800
6.384, 0.144647
6.354, 0.142719
6.323, 0.134416
6.293, 0.120306
6.263, 0.101096
6.232, 0.077614
6.202, 0.050757
6.171, 0.021487
6.141, -0.007739
6.111, -0.037435
6.080, -0.066677
6.050, -0.094608
6.020, -0.120466
5.989, -0.143602
5.959, -0.163503
5.929, -0.179782
5.898, -0.192214
5.868, -0.200713
5.837, -0.205339
5.807, -0.206290
5.777, -0.203877
5.746, -0.198523
5.716, -0.190737
5.686, -0.181083
5.655, -0.170170
5.625, -0.158623
5.595, -0.147053
5.564, -0.136045
5.534, -0.126127
5.504, -0.117755
5.473, -0.111300
5.443, -0.107029
5.412, -0.105098
5.382, -0.105557
5.352, -0.108335
5.321, -0.113257
5.291, -0.120036
5.261, -0.128299
5.230, -0.137596
5.200, -0.147411
5.170, -0.157180
5.139, -0.166330
5.109, -0.174267
5.078, -0.180426
5.048, -0.184273
5.018, -0.185335
4.987, -0.183207
4.957, -0.177565
4.927, -0.168191
4.896, -0.154974
4.866, -0.137902
4.836, -0.117091
4.805, -0.092753
4.775, -0.065217
4.744, -0.034902
4.714, -0.002315
4.684, 0.031963
4.653, 0.067295
4.623, 0.103007
4.593, 0.138399
4.562, 0.172773
4.532, 0.205437
4.502, 0.235743
4.471, 0.263087
4.441, 0.286931
4.411, 0.306816
4.380, 0.322369
4.350, 0.333318
4.319, 0.339490
4.289, 0.340820
4.259, 0.337349
4.228, 0.329216
4.198, 0.316663
4.168, 0.300019
4.137, 0.279690
4.107, 0.256152
4.077, 0.229936
4.046, 0.201610
4.016, 0.171770
3.985, 0.141022
3.955, 0.109968
3.925, 0.079191
3.894, 0.049240
3.864, 0.020627
3.834, -0.006195
3.803, -0.030837
3.773, -0.052973
3.743, -0.072353
3.712, -0.088804
3.682, -0.102227
3.651, -0.112599
3.621, -0.119964
3.591, -0.124433
3.560, -0.126178
3.530, -0.125417
3.500, -0.122409
3.469, -0.117447
3.439, -0.110842
3.409, -0.102919
3.378, -0.094000
3.348, -0.084403
3.317, -0.074427
3.287, -0.064348
3.257, -0.054407
3.226, -0.044817
3.196, -0.035745
3.166, -0.027324
3.135, -0.019644
3.105, -0.012751
3.075, -0.006660
3.044, -0.001351
3.014, 0.003224
2.984, 0.007136
2.953, 0.010468
2.923, 0.013315
2.892, 0.015777
2.862, 0.017940
2.832, 0.019884
2.801, 0.021670
2.771, 0.023338
2.741, 0.024902
2.710, 0.026343
2.680, 0.027615
2.650, 0.028650
2.619, 0.029339
2.589, 0.029558
2.558, 0.029162
2.528, 0.027990
2.498, 0.025877
2.467, 0.022654
2.437, 0.018162
2.407, 0.012268
2.376, 0.004851
2.346, -0.004171
2.316, -0.014841
2.285, -0.027146
2.255, -0.041039
2.224, -0.056404
2.194, -0.073081
2.164, -0.090843
2.133, -0.109423
2.103, -0.128492
2.073, -0.147691
2.042, -0.166622
2.012, -0.184864
1.982, -0.201986
1.951, -0.217556
1.921, -0.231151
1.891, -0.242385
1.860, -0.250903
1.830, -0.256408
1.799, -0.258664
1.769, -0.257511
1.739, -0.252876
1.708, -0.244771
1.678, -0.233298
1.648, -0.218658
1.617, -0.201139
1.587, -0.181120
1.557, -0.159053
1.526, -0.135461
1.496, -0.110918
1.465, -0.086046
1.435, -0.061471
1.405, -0.037838
1.374, -0.015773
1.344, 0.004141
1.314, 0.021364
1.283, 0.035437
1.253, 0.045981
1.223, 0.052718
1.192, 0.055495
1.162, 0.054259
1.131, 0.049093
1.101, 0.040197
1.071, 0.027890
1.040, 0.012606
1.010, -0.005122
0.980, -0.024688
0.949, -0.045399
0.919, -0.066531
0.889, -0.087339
0.858, -0.107075
0.828, -0.125015
0.797, -0.140487
0.767, -0.152899
0.737, -0.161741
0.706, -0.166620
0.676, -0.167277
0.646, -0.163583
0.615, -0.155558
0.585, -0.143368
0.555, -0.127322
0.524, -0.107865
0.494, -0.086570
0.464, -0.063099
0.433, -0.038215
0.403, -0.012727
0.372, 0.012516
0.342, 0.036669
0.312, 0.058908
0.281, 0.078473
0.251, 0.094679
0.221, 0.106972
0.190, 0.114910
0.160, 0.118221
0.130, 0.116787
0.099, 0.110676
0.069, 0.100128
0.038, 0.085559
0.008, 0.067548
-0.022, 0.046825
-0.053, 0.024243
-0.083, 0.000762
-0.113, -0.022595
-0.144, -0.044764
-0.174, -0.064690
-0.204, -0.081343
-0.235, -0.093783
-0.265, -0.101171
-0.296, -0.102818
-0.326, -0.098208
-0.356, -0.087023
-0.387, -0.069160
-0.417, -0.044750
-0.447, -0.014149
-0.478, 0.022049
-0.508, 0.063043
-0.538, 0.107821
-0.569, 0.155206
-0.599, 0.203876
-0.630, 0.252408
-0.660, 0.299317
-0.690, 0.343106
-0.721, 0.382308
-0.751, 0.415541
-0.781, 0.441551
-0.812, 0.459253
-0.842, 0.467773
-0.872, 0.466482
-0.903, 0.455030
-0.933, 0.433348
-0.963, 0.401675
-0.994, 0.360549
-1.024, 0.310800
-1.055, 0.253536
-1.085, 0.190108
-1.115, 0.122085
-1.146, 0.051201
-1.176, -0.020691
-1.206, -0.091671
-1.237, -0.159807
-1.267, -0.223229
-1.297, -0.280163
-1.328, -0.329006
-1.358, -0.368371
-1.389, -0.397130
-1.419, -0.414459
-1.449, -0.419865
-1.480, -0.413202
-1.510, -0.394691
-1.540, -0.364905
-1.571, -0.324769
-1.601, -0.275531
-1.631, -0.218728
-1.662, -0.156143
-1.692, -0.089757
-1.723, -0.021685
-1.753, 0.045874
-1.783, 0.110725
-1.814, 0.170714
-1.844, 0.223823
-1.874, 0.268217
-1.905, 0.302300
-1.935, 0.324770
-1.965, 0.334668
-1.996, 0.331396
-2.026, 0.314751
-2.056, 0.284926
-2.087, 0.242517
-2.117, 0.188496
-2.148, 0.124201
-2.178, 0.051280
-2.208, -0.028336
-2.239, -0.112503
-2.269, -0.198918
-2.299, -0.285193
-2.330, -0.368913
-2.360, -0.447718
-2.390, -0.519369
-2.421, -0.581812
-2.451, -0.633232
-2.482, -0.672121
-2.512, -0.697309
-2.542, -0.707999
-2.573, -0.703799
-2.603, -0.684715
-2.633, -0.651168
-2.664, -0.603967
-2.694, -0.544293
-2.724, -0.473659
-2.755, -0.393859
-2.785, -0.306928
-2.816, -0.215066
-2.846, -0.120591
-2.876, -0.025861
-2.907, 0.066794
-2.937, 0.155129
-2.967, 0.237051
-2.998, 0.310676
-3.028, 0.374372
-3.058, 0.426814
-3.089, 0.466998
-3.119, 0.494269
-3.150, 0.508336
-3.180, 0.509262
-3.210, 0.497454
-3.241, 0.473648
-3.271, 0.438869
-3.301, 0.394402
-3.332, 0.341732
-3.362, 0.282503
-3.392, 0.218466
-3.423, 0.151417
-3.453, 0.083142
-3.483, 0.015371
-3.514, -0.050277
-3.544, -0.112339
-3.575, -0.169542
-3.605, -0.220829
-3.635, -0.265399
-3.666, -0.302692
-3.696, -0.332413
-3.726, -0.354518
-3.757, -0.369216
-3.787, -0.376911
-3.817, -0.378222
-3.848, -0.373915
-3.878, -0.364881
-3.909, -0.352094
-3.939, -0.336562
-3.969, -0.319303
-4.000, -0.301285
-4.030, -0.283410
-4.060, -0.266468
-4.091, -0.251120
-4.121, -0.237872
-4.151, -0.227065
-4.182, -0.218870
-4.212, -0.213290
-4.243, -0.210162
-4.273, -0.209174
-4.303, -0.209888
-4.334, -0.211765
-4.364, -0.214184
-4.394, -0.216495
-4.425, -0.218019
-4.455, -0.218111
-4.485, -0.216171
-4.516, -0.211682
-4.546, -0.204229
-4.577, -0.193533
-4.607, -0.179444
-4.637, -0.161970
-4.668, -0.141269
-4.698, -0.117655
-4.728, -0.091580
-4.759, -0.063619
-4.789, -0.034461
-4.819, -0.004882
-4.850, 0.024301
-4.880, 0.052227
-4.910, 0.078061
-4.941, 0.100987
-4.971, 0.120267
-5.002, 0.135257
-5.032, 0.145434
-5.062, 0.150413
-5.093, 0.149973
-5.123, 0.145234
-5.153, 0.135135
-5.184, 0.119960
-5.214, 0.100159
-5.244, 0.076342
-5.275, 0.049246
-5.305, 0.019716
-5.336, -0.011307
-5.366, -0.042836
-5.396, -0.073850
-5.427, -0.103338
-5.457, -0.130317
-5.487, -0.153880
-5.518, -0.173202
-5.548, -0.187582
-5.578, -0.196450
-5.609, -0.199388
-5.639, -0.196137
-5.670, -0.186609
-5.700, -0.170872
-5.730, -0.149160
-5.761, -0.121849
-5.791, -0.089457
-5.821, -0.052607
-5.852, -0.012022
-5.882, 0.031512
-5.912, 0.077162
-5.943, 0.124079
-5.973, 0.171417
-6.003, 0.218366
-6.034, 0.264162
-6.064, 0.308112
-6.095, 0.349611
-6.125, 0.388145
-6.155, 0.423304
-6.186, 0.454785
-6.216, 0.482391
-6.246, 0.506023
-6.277, 0.525674
-6.307, 0.541419
-6.337, 0.553399
-6.368, 0.561810
-6.398, 0.566883
-6.429, 0.568877
-6.459, 0.568049
-6.489, 0.564657
-6.520, 0.558932
-6.550, 0.551084
-6.580, 0.541284
-6.611, 0.529664
-6.641, 0.516313
-6.671, 0.501290
-6.702, 0.484611
-6.732, 0.466273
-6.763, 0.446255
-6.793, 0.424529
-6.823, 0.401076
-6.854, 0.375894
-6.884, 0.349010
-6.914, 0.320495
-6.945, 0.290468
-6.975, 0.259106
-7.005, 0.226643
-7.036, 0.193377
-7.066, 0.159666
-7.097, 0.125920
-7.127, 0.092594
-7.157, 0.060180
-7.188, 0.029187
-7.218, 0.000126
-7.248, -0.026502
-7.279, -0.050232
-7.309, -0.070650
-7.339, -0.087410
-7.370, -0.100248
-7.400, -0.109004
-7.430, -0.113624
-7.461, -0.114172
-7.491, -0.110832
-7.522, -0.103910
-7.552, -0.093825
-7.582, -0.081103
-7.613, -0.066358
-7.643, -0.050281
-7.673, -0.033615
-7.704, -0.017135
-7.734, -0.001614
-7.764, 0.012193
-7.795, 0.023580
-7.825, 0.031913
-7.856, 0.036664
-7.886, 0.037422
-7.916, 0.033904
-7.947, 0.025989
-7.977, 0.013707
-8.007, -0.002746
-8.038, -0.023024
-8.068, -0.046624
-8.098, -0.072910
-8.129, -0.101124
-8.159, -0.130421
-8.190, -0.159888
-8.220, -0.188572
-8.250, -0.215517
-8.281, -0.239796
-8.311, -0.260545
-8.341, -0.276988
-8.372, -0.288468
-8.402, -0.294481
-8.432, -0.294680
-8.463, -0.288908
-8.493, -0.277185
-8.524, -0.259737
-8.554, -0.236969
-8.584, -0.209468
-8.615, -0.177979
-8.645, -0.143390
-8.675, -0.106699
-8.706, -0.068982
-8.736, -0.031355
-8.766, 0.005049
-8.797, 0.039133
-8.827, 0.069869
-8.857, 0.096329
-8.888, 0.117725
-8.918, 0.133428
-8.949, 0.142997
-8.979, 0.146199
-9.009, 0.143009
-9.040, 0.133622
-9.070, 0.118446
-9.100, 0.098090
-9.131, 0.073346
-9.161, 0.045166
-9.191, 0.014624
-9.222, -0.017105
-9.252, -0.048795
-9.283, -0.079209
-9.313, -0.107136
-9.343, -0.131429
-9.374, -0.151055
-9.404, -0.165121
-9.434, -0.172911
-9.465, -0.173912
-9.495, -0.167824
-9.525, -0.154591
-9.556, -0.134386
-9.586, -0.107619
-9.617, -0.074926
-9.647, -0.037151
-9.677, 0.004683
-9.708, 0.049403
-9.738, 0.095717
-9.768, 0.142257
-9.799, 0.187625
-9.829, 0.230430
-9.859, 0.269332
-9.890, 0.303085
-9.920, 0.330581
-9.950, 0.350867
-9.981, 0.363198
-10.011, 0.367037
-10.042, 0.362087
-10.072, 0.348290
-10.102, 0.325835
-10.133, 0.295143
-10.163, 0.256857
-10.193, 0.211827
-10.224, 0.161076
-10.254, 0.105764
-10.284, 0.047166
-10.315, -0.013376
-10.345, -0.074496
-10.376, -0.134833
-10.406, -0.193084
-10.436, -0.248026
-10.467, -0.298562
-10.497, -0.343742
-10.527, -0.382790
-10.558, -0.415116
-10.588, -0.440333
-10.618, -0.458260
-10.649, -0.468909
-10.679, -0.472493
-10.710, -0.469394
-10.740, -0.460160
-10.770, -0.445371
-10.801, -0.425894
-10.831, -0.402583
-10.861, -0.376330
-10.892, -0.348032
-10.922, -0.318574
-10.952, -0.288780
-10.983, -0.259407
-11.013, -0.231108
-11.044, -0.204418
-11.074, -0.179754
-11.104, -0.157388
-11.135, -0.137461
-11.165, -0.119982
-11.195, -0.104832
-11.226, -0.091785
-11.256, -0.080520
-11.286, -0.070645
-11.317, -0.061713
-11.347, -0.053254
-11.377, -0.044794
-11.408, -0.035879
-11.438, -0.026097
-11.469, -0.015098
-11.499, -0.002608
-11.529, 0.011548
-11.560, 0.027459
-11.590, 0.045098
-11.620, 0.064344
-11.651, 0.084973
-11.681, 0.106677
-11.711, 0.129062
-11.742, 0.151684
-11.772, 0.174054
-11.803, 0.195652
-11.833, 0.215967
-11.863, 0.234505
-11.894, 0.250809
-11.924, 0.264480
-11.954, 0.275194
-11.985, 0.282712
-12.015, 0.286894
-12.045, 0.287699
-12.076, 0.285193
-12.106, 0.279540
-12.137, 0.270997
-12.167, 0.259911
-12.197, 0.246698
-12.228, 0.231825
-12.258, 0.215803
-12.288, 0.199152
-12.319, 0.182402
-12.349, 0.166044
-12.379, 0.150545
-12.410, 0.136306
-12.440, 0.123655
-12.470, 0.112847
-12.501, 0.104038
-12.531, 0.097294
-12.562, 0.092588
-12.592, 0.089804
-12.622, 0.088744
-12.653, 0.089137
-12.683, 0.090663
-12.713, 0.092958
-12.744, 0.095637
-12.774, 0.098317
-12.804, 0.100630
-12.835, 0.102243
-12.865, 0.102881
-12.896, 0.102334
-12.926, 0.100472
-12.956, 0.097255
-12.987, 0.092739
-13.017, 0.087067
-13.047, 0.080480
-13.078, 0.073298
-13.108, 0.065913
-13.138, 0.058778
-13.169, 0.052373
-13.199, 0.047211
-13.230, 0.043789
-13.260, 0.042589
-13.290, 0.044036
-13.321, 0.048492
-13.351, 0.056228
-13.381, 0.067416
-13.412, 0.082106
-13.442, 0.100222
-13.472, 0.121563
-13.503, 0.145793
-13.533, 0.172455
-13.564, 0.200977
-13.594, 0.230688
-13.624, 0.260833
-13.655, 0.290600
-13.685, 0.319148
-13.715, 0.345621
-13.746, 0.369188
-13.776, 0.389066
-13.806, 0.404544
-13.837, 0.415015
-13.867, 0.419994
-13.897, 0.419130
-13.928, 0.412232
-13.958, 0.399268
-13.989, 0.380374
-14.019, 0.355846
-14.049, 0.326138
-14.080, 0.291849
-14.110, 0.253700
-14.140, 0.212515
-14.171, 0.169193
-14.201, 0.124687
-14.231, 0.079961
-14.262, 0.035968
-14.292, -0.006384
-14.323, -0.046259
-14.353, -0.082920
-14.383, -0.115763
-14.414, -0.144318
-14.444, -0.168273
-14.474, -0.187487
-14.505, -0.201980
-14.535, -0.211948
-14.565, -0.217732
-14.596, -0.219822
-14.626, -0.218827
-14.657, -0.215457
-14.687, -0.210489
-14.717, -0.204740
-14.748, -0.199041
-14.778, -0.194192
-14.808, -0.190942
-14.839, -0.189954
-14.869, -0.191780
-14.899, -0.196842
-14.930, -0.205400
-14.960, -0.217561
-14.991, -0.233256
-15.021, -0.252245
-15.051, -0.274126
-15.082, -0.298343
-15.112, -0.324196
-15.142, -0.350891
-15.173, -0.377527
-15.203, -0.403164
-15.233, -0.426832
-15.264, -0.447578
-15.294, -0.464491
-15.324, -0.476746
-15.355, -0.483624
-15.385, -0.484548
-15.416, -0.479097
-15.446, -0.467039
-15.476, -0.448327
-15.507, -0.423114
-15.537, -0.391751
-15.567, -0.354781
-15.598, -0.312921
-15.628, -0.267052
-15.658, -0.218178
-15.689, -0.167419
-15.719, -0.115955
-15.750, -0.065013
-15.780, -0.015812
-15.810, 0.030464
-15.841, 0.072701
-15.871, 0.109891
-15.901, 0.141164
-15.932, 0.165807
-15.962, 0.183293
-15.992, 0.193284
-16.023, 0.195660
-16.053, 0.190489
-16.084, 0.178058
-16.114, 0.158838
-16.144, 0.133477
-16.175, 0.102778
-16.205, 0.067669
-16.235, 0.029175
-16.266, -0.011609
-16.296, -0.053558
-16.326, -0.095552
-16.357, -0.136502
-16.387, -0.175425
-16.417, -0.211362
-16.448, -0.243506
-16.478, -0.271193
-16.509, -0.293912
-16.539, -0.311321
-16.569, -0.323242
-16.600, -0.329666
-16.630, -0.330742
-16.660, -0.326768
-16.691, -0.318171
-16.721, -0.305489
-16.751, -0.289346
-16.782, -0.270425
-16.812, -0.249444
-16.843, -0.227129
-16.873, -0.204187
-16.903, -0.181277
-16.934, -0.158998
-16.964, -0.137866
-16.994, -0.118296
-17.025, -0.100605
-17.055, -0.084986
-17.085, -0.071527
-17.116, -0.060198
-17.146, -0.050879
-17.177, -0.043349
-17.207, -0.037323
-17.237, -0.032451
-17.268, -0.028349
-17.298, -0.024617
-17.328, -0.020858
-17.359, -0.016696
-17.389, -0.011796
-17.419, -0.005886
-17.450, 0.001243
-17.480, 0.009717
-17.511, 0.019576
-17.541, 0.030776
-17.571, 0.043186
-17.602, 0.056599
-17.632, 0.070740
-17.662, 0.085275
-17.693, 0.099835
-17.723, 0.114026
-17.753, 0.127454
-17.784, 0.139740
-17.814, 0.150539
-17.844, 0.159558
-17.875, 0.166579
-17.905, 0.171458
-17.936, 0.174143
-17.966, 0.174685
-17.996, 0.173224
-18.027, 0.170001
-18.057, 0.165345
-18.087, 0.159670
-18.118, 0.153443
-18.148, 0.147185
-18.178, 0.141439
-18.209, 0.136755
-18.239, 0.133663
-18.270, 0.132648
-18.300, 0.134129
-18.330, 0.138438
-18.361, 0.145805
-18.391, 0.156333
-18.421, 0.169999
-18.452, 0.186633
-18.482, 0.205925
-18.512, 0.227427
-18.543, 0.250560
-18.573, 0.274624
-18.604, 0.298818
-18.634, 0.322260
-18.664, 0.344019
-18.695, 0.363131
-18.725, 0.378637
-18.755, 0.389617
-18.786, 0.395207
-18.816, 0.394647
-18.846, 0.387289
-18.877, 0.372638
-18.907, 0.350364
-18.938, 0.320317
-18.968, 0.282540
-18.998, 0.237271
-19.029, 0.184952
-19.059, 0.126210
-19.089, 0.061849
-19.120, -0.007170
-19.150, -0.079747
-19.180, -0.154676
-19.211, -0.230669
-19.241, -0.306402
-19.271, -0.380533
-19.302, -0.451748
-19.332, -0.518799
-19.363, -0.580520
-19.393, -0.635874
-19.423, -0.683975
-19.454, -0.724099
-19.484, -0.755721
-19.514, -0.778509
-19.545, -0.792332
-19.575, -0.797269
-19.605, -0.793595
-19.636, -0.781767
-19.666, -0.762412
-19.697, -0.736305
-19.727, -0.704338
-19.757, -0.667495
-19.788, -0.626821
-19.818, -0.583391
-19.848, -0.538274
-19.879, -0.492509
-19.909, -0.447068
-19.939, -0.402834
-19.970, -0.360584
-20.000, -0.320958
-20.031, -0.284455
-20.061, -0.251420
-20.091, -0.222042
-20.122, -0.196361
-20.152, -0.174262
-20.182, -0.155501
-20.213, -0.139709
-20.243, -0.126416
-20.273, -0.115078
-20.304, -0.105094
-20.334, -0.095830
-20.364, -0.086649
-20.395, -0.076936
-20.425, -0.066123
-20.456, -0.053706
-20.486, -0.039260
-20.516, -0.022471
-20.547, -0.003126
-20.577, 0.018866
-20.607, 0.043473
-20.638, 0.070540
-20.668, 0.099808
-20.698, 0.130898
-20.729, 0.163346
-20.759, 0.196611
-20.790, 0.230088
-20.820, 0.263134
-20.850, 0.295086
-20.881, 0.325283
-20.911, 0.353085
-20.941, 0.377895
-20.972, 0.399169
-21.002, 0.416446
-21.032, 0.429346
-21.063, 0.437596
-21.093, 0.441013
-21.124, 0.439529
-21.154, 0.433187
-21.184, 0.422129
-21.215, 0.406598
-21.245, 0.386927
-21.275, 0.363526
-21.306, 0.336873
-21.336, 0.307497
-21.366, 0.275966
-21.397, 0.242867
-21.427, 0.208795
-21.458, 0.174338
-21.488, 0.140067
-21.518, 0.106513
-21.549, 0.074174
-21.579, 0.043491
-21.609, 0.014854
-21.640, -0.011409
-21.670, -0.035030
-21.700, -0.055803
-21.731, -0.073582
-21.761, -0.088277
-21.791, -0.099848
-21.822, -0.108303
-21.852, -0.113690
-21.883, -0.116086
-21.913, -0.115607
-21.943, -0.112382
-21.974, -0.106560
-22.004, -0.098305
-22.034, -0.088392
-22.065, -0.076396
-22.095, -0.062504
-22.125, -0.046905
-22.156, -0.029796
-22.186, -0.011377
-22.217, 0.008139
-22.247, 0.028535
-22.277, 0.049578
-22.308, 0.071033
-22.338, 0.092641
-22.368, 0.114142
-22.399, 0.135257
-22.429, 0.155706
-22.459, 0.175199
-22.490, 0.193452
-22.520, 0.210178
-22.551, 0.225113
-22.581, 0.238004
-22.611, 0.248631
-22.642, 0.256806
-22.672, 0.262387
-22.702, 0.265286
-22.733, 0.265471
-22.763, 0.262973
-22.793, 0.257896
-22.824, 0.250407
-22.854, 0.240754
-22.885, 0.229246
-22.915, 0.216258
-22.945, 0.202226
-22.976, 0.187631
-23.006, 0.172994
-23.036, 0.158858
-23.067, 0.145774
-23.097, 0.134292
-23.127, 0.124930
-23.158, 0.118169
-23.188, 0.114436
-23.218, 0.114075
-23.249, 0.117351
-23.279, 0.124424
-23.310, 0.135341
-23.340, 0.150041
-23.370, 0.168331
-23.401, 0.189899
-23.431, 0.214323
-23.461, 0.241059
-23.492, 0.269470
-23.522, 0.298834
-23.552, 0.328357
-23.583, 0.357201
-23.613, 0.384500
-23.644, 0.409385
-23.674, 0.431015
-23.704, 0.448591
-23.735, 0.461391
-23.765, 0.468784
-23.795, 0.470252
-23.826, 0.465418
-23.856, 0.454042
-23.886, 0.436049
-23.917, 0.411527
-23.947, 0.380729
-23.978, 0.344066
-24.008, 0.302112
-24.038, 0.255577
-24.069, 0.205298
-24.099, 0.152216
-24.129, 0.097359
-24.160, 0.041802
-24.190, -0.013349
-24.220, -0.066991
-24.251, -0.118053
-24.281, -0.165527
-24.311, -0.208489
-24.342, -0.246133
-24.372, -0.277785
-24.403, -0.302925
-24.433, -0.321197
-24.463, -0.332425
-24.494, -0.336610
-24.524, -0.333935
-24.554, -0.324752
-24.585, -0.309578
-24.615, -0.289076
-24.645, -0.264027
-24.676, -0.235328
-24.706, -0.203942
-24.737, -0.170884
-24.767, -0.137192
-24.797, -0.103886
-24.828, -0.071952
-24.858, -0.042307
-24.888, -0.015774
-24.919, 0.006939
-24.949, 0.025256
-24.979, 0.038751
-25.010, 0.047158
-25.040, 0.050370
-25.071, 0.048449
-25.101, 0.041615
-25.131, 0.030238
-25.162, 0.014822
-25.192, -0.004006
-25.222, -0.025523
-25.253, -0.048933
-25.283, -0.073387
-25.313, -0.098017
-25.344, -0.121959
-25.374, -0.144373
-25.405, -0.164479
-25.435, -0.181575
-25.465, -0.195053
-25.496, -0.204417
-25.526, -0.209301
-25.556, -0.209473
-25.587, -0.204834
-25.617, -0.195433
-25.647, -0.181444
-25.678, -0.163171
-25.708, -0.141030
-25.738, -0.115536
-25.769, -0.087282
-25.799, -0.056921
-25.830, -0.025143
-25.860, 0.007350
-25.890, 0.039857
-25.921, 0.071710
-25.951, 0.102293
-25.981, 0.131048
-26.012, 0.157508
-26.042, 0.181293
-26.072, 0.202132
-26.103, 0.219861
-26.133, 0.234423
-26.164, 0.245871
-26.194, 0.254363
-26.224, 0.260144
-26.255, 0.263541
-26.285, 0.264951
-26.315, 0.264816
-26.346, 0.263615
-26.376, 0.261836
-26.406, 0.259962
-26.437, 0.258457
-26.467, 0.257741
-26.498, 0.258180
-26.528, 0.260071
-26.558, 0.263635
-26.589, 0.269009
-26.619, 0.276234
-26.649, 0.285264
-26.680, 0.295968
-26.710, 0.308128
-26.740, 0.321455
-26.771, 0.335596
-26.801, 0.350149
-26.831, 0.364681
-26.862, 0.378736
-26.892, 0.391860
-26.923, 0.403616
-26.953, 0.413599
-26.983, 0.421449
-27.014, 0.426870
-27.044, 0.429642
-27.074, 0.429620
-27.105, 0.426749
-27.135, 0.421066
-27.165, 0.412698
-27.196, 0.401857
-27.226, 0.388838
-27.257, 0.374004
-27.287, 0.357776
-27.317, 0.340626
-27.348, 0.323046
-27.378, 0.305541
-27.408, 0.288611
-27.439, 0.272731
-27.469, 0.258332
-27.499, 0.245785
-27.530, 0.235388
-27.560, 0.227356
-27.591, 0.221802
-27.621, 0.218739
-27.651, 0.216730
-27.682, 0.216916
-27.712, 0.218992
-27.742, 0.222553
-27.773, 0.227113
-27.803, 0.232105
-27.833, 0.236906
-27.864, 0.240857
-27.894, 0.243270
-27.925, 0.243468
-27.955, 0.240785
-27.985, 0.234608
-28.016, 0.224384
-28.046, 0.209645
-28.076, 0.190025
-28.107, 0.165276
-28.137, 0.135278
-28.167, 0.100048
-28.198, 0.059746
-28.228, 0.014678
-28.258, -0.034710
-28.289, -0.087838
-28.319, -0.144002
-28.350, -0.202386
-28.380, -0.262086
-28.410, -0.322124
-28.441, -0.381474
-28.471, -0.439085
-28.501, -0.493913
-28.532, -0.544929
-28.562, -0.591171
-28.592, -0.631746
-28.623, -0.665868
-28.653, -0.692869
-28.684, -0.712227
-28.714, -0.723570
-28.744, -0.726696
-28.775, -0.721576
-28.805, -0.708354
-28.835, -0.687350
-28.866, -0.659055
-28.896, -0.624108
-28.926, -0.583305
-28.957, -0.537555
-28.987, -0.487876
-29.018, -0.435360
-29.048, -0.381161
-29.078, -0.326447
-29.109, -0.272394
-29.139, -0.220139
-29.169, -0.170766
-29.200, -0.125269
-29.230, -0.084540
-29.260, -0.049332
-29.291, -0.020260
-29.321, 0.002228
-29.352, 0.017853
-29.382, 0.026517
-29.412, 0.028293
-29.443, 0.023436
-29.473, 0.012361
-29.503, -0.004357
-29.534, -0.026010
-29.564, -0.051767
-29.594, -0.080707
-29.625, -0.111835
-29.655, -0.144113
-29.685, -0.176492
-29.716, -0.207930
-29.746, -0.237427
-29.777, -0.264048
-29.807, -0.286952
-29.837, -0.305414
-29.868, -0.318839
-29.898, -0.326778
-29.928, -0.328949
-29.959, -0.325228
-29.989, -0.315666
-30.019, -0.300480
-30.050, -0.280043
-30.080, -0.254888
-30.111, -0.225675
-30.141, -0.193189
-30.171, -0.158298
-30.202, -0.121953
-30.232, -0.085142
-30.262, -0.048875
-30.293, -0.014151
-30.323, 0.018070
-30.353, 0.046890
-30.384, 0.071502
-30.414, 0.091203
-30.445, 0.105433
-30.475, 0.113764
-30.505, 0.115938
-30.536, 0.111862
-30.566, 0.101602
-30.596, 0.085399
-30.627, 0.063657
-30.657, 0.036928
-30.687, 0.005903
-30.718, -0.028607
-30.748, -0.065690
-30.778, -0.104368
-30.809, -0.143607
-30.839, -0.182356
-30.870, -0.219566
-30.900, -0.254225
-30.930, -0.285377
-30.961, -0.312153
-30.991, -0.333792
-31.021, -0.349660
-31.052, -0.359260
-31.082, -0.362255
-31.112, -0.358473
-31.143, -0.347901
-31.173, -0.330700
-31.204, -0.307184
-31.234, -0.277818
-31.264, -0.243212
-31.295, -0.204089
-31.325, -0.161267
-31.355, -0.115653
-31.386, -0.068202
-31.416, -0.019886
-31.446, 0.028309
-31.477, 0.075431
-31.507, 0.120578
-31.538, 0.162916
-31.568, 0.201717
-31.598, 0.236352
-31.629, 0.266326
-31.659, 0.291283
-31.689, 0.311008
-31.720, 0.325436
-31.750, 0.334643
-31.780, 0.338847
-31.811, 0.338395
-31.841, 0.333742
-31.872, 0.325450
-31.902, 0.314157
-31.932, 0.300557
-31.963, 0.285377
-31.993, 0.269358
-32.023, 0.253226
-32.054, 0.237667
-32.084, 0.223314
-32.114, 0.210718
-32.145, 0.200339
-32.175, 0.192524
-32.205, 0.187510
-32.236, 0.185396
-32.266, 0.186163
-32.297, 0.189665
-32.327, 0.195626
-32.357, 0.203671
-32.388, 0.213321
-32.418, 0.224018
-32.448, 0.235142
-32.479, 0.246023
-32.509, 0.255983
-32.539, 0.264336
-32.570, 0.270431
-32.600, 0.273660
-32.631, 0.273486
-32.661, 0.269457
-32.691, 0.261229
-32.722, 0.248572
-32.752, 0.231381
-32.782, 0.209684
-32.813, 0.183638
-32.843, 0.153535
-32.873, 0.119786
-32.904, 0.082913
-32.934, 0.043540
-32.965, 0.002366
-32.995, -0.039847
-33.025, -0.082299
-33.056, -0.124178
-33.086, -0.164674
-33.116, -0.203019
-33.147, -0.238493
-33.177, -0.270462
-33.207, -0.298381
-33.238, -0.321821
-33.268, -0.340478
-33.299, -0.351934
-33.329, -0.358410
-33.359, -0.360010
-33.390, -0.356988
-33.420, -0.349715
-33.450, -0.338686
-33.481, -0.324494
-33.511, -0.307811
-33.541, -0.289377
-33.572, -0.269967
-33.602, -0.250364
-33.632, -0.231346
-33.663, -0.213648
-33.693, -0.197945
-33.724, -0.184829
-33.754, -0.174788
-33.784, -0.168194
-33.815, -0.165283
-33.845, -0.166152
-33.875, -0.170753
-33.906, -0.178892
-33.936, -0.190244
-33.966, -0.204337
-33.997, -0.220603
-34.027, -0.238364
-34.058, -0.256868
-34.088, -0.275309
-34.118, -0.292854
-34.149, -0.308669
-34.179, -0.321947
-34.209, -0.331933
-34.240, -0.337954
-34.270, -0.339439
-34.300, -0.335936
-34.331, -0.327138
-34.361, -0.312885
-34.392, -0.293185
-34.422, -0.268203
-34.452, -0.238272
-34.483, -0.203877
-34.513, -0.165651
-34.543, -0.124348
-34.574, -0.080833
-34.604, -0.036058
-34.634, 0.008979
-34.665, 0.053247
-34.695, 0.095718
-34.725, 0.135404
-34.756, 0.171376
-34.786, 0.202801
-34.817, 0.228967
-34.847, 0.249303
-34.877, 0.263395
-34.908, 0.271011
-34.938, 0.272102
-34.968, 0.266804
-34.999, 0.255444
-35.029, 0.238526
-35.059, 0.216724
-35.090, 0.190856
-35.120, 0.161865
-35.151, 0.130799
-35.181, 0.098768
-35.211, 0.066926
-35.242, 0.036427
-35.272, 0.008392
-35.302, -0.016119
-35.333, -0.036142
-35.363, -0.050843
-35.393, -0.059537
-35.424, -0.061712
-35.454, -0.057051
-35.485, -0.045433
-35.515, -0.026950
-35.545, -0.001897
-35.576, 0.029227
-35.606, 0.065734
-35.636, 0.106772
-35.667, 0.151333
-35.697, 0.198296
-35.727, 0.246442
-35.758, 0.294510
-35.788, 0.341210
-35.819, 0.385270
-35.849, 0.425475
-35.879, 0.460691
-35.910, 0.489912
-35.940, 0.512274
-35.970, 0.527082
-36.001, 0.533845
-36.031, 0.532271
-36.061, 0.522283
-36.092, 0.504030
-36.122, 0.477863
-36.152, 0.444344
-36.183, 0.404219
-36.213, 0.358401
-36.244, 0.307945
-36.274, 0.254018
-36.304, 0.197863
-36.335, 0.140768
-36.365, 0.084033
-36.395, 0.028926
-36.426, -0.023342
-36.456, -0.071659
-36.486, -0.115030
-36.517, -0.152613
-36.547, -0.183734
-36.578, -0.207901
-36.608, -0.224822
-36.638, -0.234403
-36.669, -0.236748
-36.699, -0.232155
-36.729, -0.221098
-36.760, -0.204212
-36.790, -0.182274
-36.820, -0.156171
-36.851, -0.126882
-36.881, -0.095430
-36.912, -0.062872
-36.942, -0.030253
-36.972, 0.001422
-37.003, 0.031216
-37.033, 0.058284
-37.063, 0.081897
-37.094, 0.101459
-37.124, 0.116528
-37.154, 0.126816
-37.185, 0.132198
-37.215, 0.132709
-37.246, 0.128542
-37.276, 0.120034
-37.306, 0.107650
-37.337, 0.091964
-37.367, 0.073645
-37.397, 0.053425
-37.428, 0.032075
-37.458, 0.010378
-37.488, -0.010885
-37.519, -0.030980
-37.549, -0.049224
-37.579, -0.065019
-37.610, -0.077857
-37.640, -0.087345
-37.671, -0.093211
-37.701, -0.095302
-37.731, -0.093594
-37.762, -0.088188
-37.792, -0.079296
-37.822, -0.067240
-37.853, -0.052427
-37.883, -0.035344
-37.913, -0.016530
-37.944, 0.003440
-37.974, 0.023980
-38.005, 0.044506
-38.035, 0.064464
-38.065, 0.083343
-38.096, 0.100699
-38.126, 0.116158
-38.156, 0.129438
-38.187, 0.140345
-38.217, 0.148790
-38.247, 0.154784
-38.278, 0.158428
-38.308, 0.159914
-38.339, 0.159518
-38.369, 0.157581
-38.399, 0.154495
-38.430, 0.150692
-38.460, 0.146625
-38.490, 0.142741
-38.521, 0.139480
-38.551, 0.137246
-38.581, 0.136389
-38.612, 0.137207
-38.642, 0.139912
-38.672, 0.144644
-38.703, 0.151452
-38.733, 0.160293
-38.764, 0.171033
-38.794, 0.183455
-38.824, 0.197259
-38.855, 0.212076
-38.885, 0.227472
-38.915, 0.242269
-38.946, 0.256666
-38.976, 0.270141
-39.006, 0.282172
-39.037, 0.292253
-39.067, 0.299909
-39.098, 0.304712
-39.128, 0.306292
-39.158, 0.304342
-39.189, 0.298636
-39.219, 0.289027
-39.249, 0.275454
-39.280, 0.257935
-39.310, 0.236577
-39.340, 0.211565
-39.371, 0.183148
-39.401, 0.151643
-39.432, 0.117419
-39.462, 0.080885
-39.492, 0.042484
-39.523, 0.002673
-39.553, -0.038081
-39.583, -0.079314
-39.614, -0.120583
-39.644, -0.161457
-39.674, -0.201540
-39.705, -0.240467
-39.735, -0.277919
-39.766, -0.313606
-39.796, -0.347282
-39.826, -0.378739
-39.857, -0.407808
-39.887, -0.434341
-39.917, -0.458224
-39.948, -0.479362
-39.978, -0.497672
-40.008, -0.513083
-40.039, -0.525532
-40.069, -0.534948
-40.099, -0.541271
-40.130, -0.544428
-40.160, -0.544347
-40.191, -0.540956
-40.221, -0.534180
-40.251, -0.523955
-40.282, -0.510227
-40.312, -0.492959
-40.342, -0.472141
-40.373, -0.447797
-40.403, -0.419989
-40.433, -0.388835
-40.464, -0.354496
-40.494, -0.317201
-40.525, -0.277247
-40.555, -0.234985
-40.585, -0.190844
-40.616, -0.145310
-40.646, -0.098929
-40.676, -0.052298
-40.707, -0.006057
-40.737, 0.039124
-40.767, 0.082558
-40.798, 0.123557
-40.828, 0.161442
-40.859, 0.195576
-40.889, 0.225354
-40.919, 0.250251
-40.950, 0.269809
-40.980, 0.283671
-41.010, 0.291582
-41.041, 0.293405
-41.071, 0.289119
-41.101, 0.278837
-41.132, 0.262790
-41.162, 0.241335
-41.192, 0.214946
-41.223, 0.184199
-41.253, 0.149761
-41.284, 0.112389
-41.314, 0.072879
-41.344, 0.032081
-41.375, -0.009146
-41.405, -0.049944
-41.435, -0.089482
-41.466, -0.126977
-41.496, -0.161714
-41.526, -0.193063
-41.557, -0.220497
-41.587, -0.243598
-41.618, -0.262076
-41.648, -0.275765
-41.678, -0.284629
-41.709, -0.288761
-41.739, -0.288373
-41.769, -0.283792
-41.800, -0.275443
-41.830, -0.263834
-41.860, -0.249538
-41.891, -0.233174
-41.921, -0.215390
-41.952, -0.196840
-41.982, -0.178155
-42.012, -0.159934
-42.043, -0.142727
-42.073, -0.127006
-42.103, -0.113168
-42.134, -0.101513
-42.164, -0.092245
-42.194, -0.085465
-42.225, -0.081170
-42.255, -0.079260
-42.286, -0.079553
-42.316, -0.081781
-42.346, -0.085613
-42.377, -0.090666
-42.407, -0.096528
-42.437, -0.102768
-42.468, -0.108963
-42.498, -0.114709
-42.528, -0.119643
-42.559, -0.123452
-42.589, -0.125890
-42.619, -0.126792
-42.650, -0.126070
-42.680, -0.123728
-42.711, -0.119861
-42.741, -0.114639
-42.771, -0.108318
-42.802, -0.101219
-42.832, -0.093719
-42.862, -0.086232
-42.893, -0.079201
-42.923, -0.073071
-42.953, -0.068269
-42.984, -0.065201
-43.014, -0.064206
-43.045, -0.065573
-43.075, -0.069498
-43.105, -0.076095
-43.136, -0.085364
-43.166, -0.097211
-43.196, -0.111422
-43.227, -0.127690
-43.257, -0.145602
-43.287, -0.164656
-43.318, -0.184274
-43.348, -0.203822
-43.379, -0.222622
-43.409, -0.239979
-43.439, -0.255197
-43.470, -0.267605
-43.500, -0.276588
-43.530, -0.281587
-43.561, -0.282141
-43.591, -0.277894
-43.621, -0.268613
-43.652, -0.254193
-43.682, -0.234674
-43.713, -0.210240
-43.743, -0.181215
-43.773, -0.148063
-43.804, -0.111377
-43.834, -0.071863
-43.864, -0.030328
-43.895, 0.012341
-43.925, 0.055212
-43.955, 0.097309
-43.986, 0.137654
-44.016, 0.175294
-44.046, 0.209320
-44.077, 0.238891
-44.107, 0.263264
-44.138, 0.281806
-44.168, 0.294020
-44.198, 0.299552
-44.229, 0.298200
-44.259, 0.289924
-44.289, 0.274853
-44.320, 0.253265
-44.350, 0.225592
-44.380, 0.192410
-44.411, 0.154413
-44.441, 0.112413
-44.472, 0.067292
-44.502, 0.020008
-44.532, -0.028444
-44.563, -0.076188
-44.593, -0.123101
-44.623, -0.168223
-44.654, -0.210655
-44.684, -0.249572
-44.714, -0.284257
-44.745, -0.314093
-44.775, -0.338606
-44.806, -0.357443
-44.836, -0.370401
-44.866, -0.377417
-44.897, -0.378569
-44.927, -0.374066
-44.957, -0.364252
-44.988, -0.349580
-45.018, -0.330603
-45.048, -0.307965
-45.079, -0.282370
-45.109, -0.254575
-45.139, -0.225360
-45.170, -0.195519
-45.200, -0.165838
-45.231, -0.137068
-45.261, -0.109918
-45.291, -0.085040
-45.322, -0.063008
-45.352, -0.044311
-45.382, -0.029344
-45.413, -0.018403
-45.443, -0.011681
-45.473, -0.009259
-45.504, -0.011113
-45.534, -0.017125
-45.565, -0.027062
-45.595, -0.040614
-45.625, -0.057377
-45.656, -0.076881
-45.686, -0.098589
-45.716, -0.121909
-45.747, -0.146210
-45.777, -0.170840
-45.807, -0.195125
-45.838, -0.218388
-45.868, -0.239967
-45.899, -0.259221
-45.929, -0.275541
-45.959, -0.288357
-45.990, -0.297165
-46.020, -0.301513
-46.050, -0.301020
-46.081, -0.295391
-46.111, -0.284408
-46.141, -0.267935
-46.172, -0.245939
-46.202, -0.218467
-46.233, -0.185662
-46.263, -0.147763
-46.293, -0.105088
-46.324, -0.058041
-46.354, -0.007110
-46.384, 0.047157
-46.415, 0.104144
-46.445, 0.163188
-46.475, 0.223581
-46.506, 0.284593
-46.536, 0.345475
-46.566, 0.405478
-46.597, 0.463867
-46.627, 0.519934
-46.658, 0.573011
-46.688, 0.622485
-46.718, 0.667809
-46.749, 0.708516
-46.779, 0.744220
-46.809, 0.774633
-46.840, 0.799567
-46.870, 0.818941
-46.900, 0.832769
-46.931, 0.841174
-46.961, 0.844370
-46.992, 0.842668
-47.022, 0.836452
-47.052, 0.826179
-47.083, 0.812362
-47.113, 0.795547
-47.143, 0.776309
-47.174, 0.755221
-47.204, 0.732849
-47.234, 0.709725
-47.265, 0.686335
-47.295, 0.663105
-47.326, 0.640381
-47.356, 0.618429
-47.386, 0.597414
-47.417, 0.577404
-47.447, 0.558368
-47.477, 0.540173
-47.508, 0.522591
-47.538, 0.505308
-47.568, 0.487942
-47.599, 0.470044
-47.629, 0.451130
-47.660, 0.430696
-47.690, 0.408230
-47.720, 0.383247
-47.751, 0.355308
-47.781, 0.324031
-47.811, 0.289123
-47.842, 0.250395
-47.872, 0.207765
-47.902, 0.161294
-47.933, 0.111163
-47.963, 0.057706
-47.993, 0.001388
-48.024, -0.057195
-48.054, -0.117321
-48.085, -0.178160
-48.115, -0.238799
-48.145, -0.298254
-48.176, -0.355502
-48.206, -0.409510
-48.236, -0.459261
-48.267, -0.503780
-48.297, -0.542178
-48.327, -0.573659
-48.358, -0.597570
-48.388, -0.613400
-48.419, -0.620821
-48.449, -0.619686
-48.479, -0.610050
-48.510, -0.592162
-48.540, -0.566477
-48.570, -0.533637
-48.601, -0.494467
-48.631, -0.449940
-48.661, -0.401173
-48.692, -0.349386
-48.722, -0.295871
-48.753, -0.241960
-48.783, -0.188990
-48.813, -0.138259
-48.844, -0.090998
-48.874, -0.048331
-48.904, -0.011244
-48.935, 0.019442
-48.965, 0.043097
-48.995, 0.059300
-49.026, 0.067850
-49.056, 0.068775
-49.086, 0.062325
-49.117, 0.048971
-49.147, 0.029389
-49.178, 0.004437
-49.208, -0.024862
-49.238, -0.057360
-49.269, -0.091815
-49.299, -0.126924
-49.329, -0.161373
-49.360, -0.193861
-49.390, -0.223152
-49.420, -0.248104
-49.451, -0.267709
-49.481, -0.281118
-49.512, -0.287669
-49.542, -0.286907
-49.572, -0.278598
-49.603, -0.262736
-49.633, -0.239531
-49.663, -0.209424
-49.694, -0.173058
-49.724, -0.131258
-49.754, -0.085019
-49.785, -0.035460
-49.815, 0.016197
-49.846, 0.068668
-49.876, 0.120645
-49.906, 0.170833
-49.937, 0.217987
-49.967, 0.260943
-49.997, 0.298662
-50.028, 0.330240
-50.058, 0.354952
-50.088, 0.372251
-50.119, 0.381796
-50.149, 0.383443
-50.180, 0.375063
-50.210, 0.359112
-50.240, 0.336042
-50.271, 0.306468
-50.301, 0.271150
-50.331, 0.230975
-50.362, 0.186917
-50.392, 0.140012
-50.422, 0.091323
-50.453, 0.041916
-50.483, -0.007180
-50.513, -0.054992
-50.544, -0.100635
-50.574, -0.143334
-50.605, -0.182429
-50.635, -0.217402
-50.665, -0.247881
-50.696, -0.273635
-50.726, -0.294582
-50.756, -0.310770
-50.787, -0.322380
-50.817, -0.329700
-50.847, -0.333109
-50.878, -0.333063
-50.908, -0.330062
-50.939, -0.324646
-50.969, -0.317351
-50.999, -0.308708
-51.030, -0.299213
-51.060, -0.289311
-51.090, -0.279397
-51.121, -0.269783
-51.151, -0.260711
-51.181, -0.252343
-51.212, -0.244761
-51.242, -0.237977
-51.273, -0.231937
-51.303, -0.226532
-51.333, -0.221611
-51.364, -0.216994
-51.394, -0.212491
-51.424, -0.207907
-51.455, -0.203067
-51.485, -0.197819
-51.515, -0.192054
-51.546, -0.185702
-51.576, -0.178748
-51.607, -0.171227
-51.637, -0.163223
-51.667, -0.154871
-51.698, -0.146340
-51.728, -0.137829
-51.758, -0.129554
-51.789, -0.121729
-51.819, -0.114557
-51.849, -0.108210
-51.880, -0.102816
-51.910, -0.098444
-51.940, -0.095093
-51.971, -0.092684
-52.001, -0.091050
-52.032, -0.089937
-52.062, -0.089004
-52.092, -0.087831
-52.123, -0.085921
-52.153, -0.082725
-52.183, -0.077654
-52.214, -0.070094
-52.244, -0.059442
-52.274, -0.045119
-52.305, -0.026599
-52.335, -0.003435
-52.366, 0.024715
-52.396, 0.058067
-52.426, 0.096699
-52.457, 0.140523
-52.487, 0.189282
-52.517, 0.242544
-52.548, 0.299702
-52.578, 0.359985
-52.608, 0.422459
-52.639, 0.486056
-52.669, 0.549597
-52.700, 0.611816
-52.730, 0.671395
-52.760, 0.727002
-52.791, 0.777330
-52.821, 0.821133
-52.851, 0.857265
-52.882, 0.884722
-52.912, 0.902676
-52.942, 0.910499
-52.973, 0.907792
-53.003, 0.894406
-53.033, 0.870452
-53.064, 0.836302
-53.094, 0.792596
-53.125, 0.740215
-53.155, 0.680277
-53.185, 0.614096
-53.216, 0.543159
-53.246, 0.469083
-53.276, 0.393570
-53.307, 0.318361
-53.337, 0.245188
-53.367, 0.175723
-53.398, 0.111530
-53.428, 0.054023
-53.459, 0.004413
-53.489, -0.036310
-53.519, -0.067423
-53.550, -0.088474
-53.580, -0.099314
-53.610, -0.100084
-53.641, -0.091218
-53.671, -0.073421
-53.701, -0.047662
-53.732, -0.015118
-53.762, 0.022842
-53.793, 0.064718
-53.823, 0.108915
-53.853, 0.153803
-53.884, 0.197768
-53.914, 0.239262
-53.944, 0.276853
-53.975, 0.309278
-54.005, 0.335474
-54.035, 0.354615
-54.066, 0.366148
-54.096, 0.369795
-54.127, 0.365565
-54.157, 0.353762
-54.187, 0.334960
-54.218, 0.309985
-54.248, 0.279893
-54.278, 0.245922
-54.309, 0.209458
-54.339, 0.171971
-54.369, 0.134981
-54.400, 0.099990
-54.430, 0.068432
-54.460, 0.041623
-54.491, 0.020708
-54.521, 0.006626
-54.552, 0.000066
-54.582, 0.001443
-54.612, 0.010881
-54.643, 0.028203
-54.673, 0.052931
-54.703, 0.084301
-54.734, 0.121285
-54.764, 0.162617
-54.794, 0.206845
-54.825, 0.252360
-54.855, 0.297465
-54.886, 0.340424
-54.916, 0.379515
-54.946, 0.413101
-54.977, 0.439673
-55.007, 0.457908
-55.037, 0.466725
-55.068, 0.465305
-55.098, 0.453142
-55.128, 0.430053
-55.159, 0.396191
-55.189, 0.352049
-55.220, 0.298443
-55.250, 0.236500
-55.280, 0.167616
-55.311, 0.093417
-55.341, 0.015720
-55.371, -0.063534
-55.402, -0.142334
-55.432, -0.218660
-55.462, -0.290553
-55.493, -0.356167
-55.523, -0.413834
-55.553, -0.462115
-55.584, -0.499845
-55.614, -0.526167
-55.645, -0.540574
-55.675, -0.542904
-55.705, -0.533363
-55.736, -0.512512
-55.766, -0.481249
-55.796, -0.440781
-55.827, -0.392490
-55.857, -0.338185
-55.887, -0.279742
-55.918, -0.219154
-55.948, -0.158456
-55.979, -0.099679
-56.009, -0.044764
-56.039, 0.004483
-56.070, 0.046452
-56.100, 0.079783
-56.130, 0.103405
-56.161, 0.116566
-56.191, 0.118862
-56.221, 0.110241
-56.252, 0.091011
-56.282, 0.061819
-56.313, 0.023633
-56.343, -0.022286
-56.373, -0.074442
-56.404, -0.131130
-56.434, -0.190519
-56.464, -0.250689
-56.495, -0.309708
-56.525, -0.365687
-56.555, -0.416848
-56.586, -0.461572
-56.616, -0.498460
-56.647, -0.526369
-56.677, -0.544453
-56.707, -0.552187
-56.738, -0.549379
-56.768, -0.536179
-56.798, -0.513069
-56.829, -0.480842
-56.859, -0.440582
-56.889, -0.393617
-56.920, -0.341482
-56.950, -0.285861
-56.980, -0.228534
-57.011, -0.171317
-57.041, -0.116004
-57.072, -0.064305
-57.102, -0.017792
-57.132, 0.022148
-57.163, 0.054364
-57.193, 0.077973
-57.223, 0.092387
-57.254, 0.097328
-57.284, 0.092842
-57.314, 0.079282
-57.345, 0.057310
-57.375, 0.027858
-57.406, -0.007897
-57.436, -0.048576
-57.466, -0.092648
-57.497, -0.138477
-57.527, -0.184385
-57.557, -0.228698
-57.588, -0.269813
-57.618, -0.306243
-57.648, -0.336675
-57.679, -0.359994
-57.709, -0.375345
-57.740, -0.382143
-57.770, -0.380093
-57.800, -0.369201
-57.831, -0.349775
-57.861, -0.322409
-57.891, -0.287961
-57.922, -0.247529
-57.952, -0.202411
-57.982, -0.154057
-58.013, -0.104028
-58.043, -0.053940
-58.074, -0.005409
-58.104, 0.040000
-58.134, 0.080817
-58.165, 0.115732
-58.195, 0.143619
-58.225, 0.163583
-58.256, 0.174983
-58.286, 0.177456
-58.316, 0.170922
-58.347, 0.155598
-58.377, 0.131971
-58.407, 0.100796
-58.438, 0.063072
-58.468, 0.019997
-58.499, -0.027060
-58.529, -0.076603
-58.559, -0.127058
-58.590, -0.176827
-58.620, -0.224329
-58.650, -0.268049
-58.681, -0.306591
-58.711, -0.338716
-58.741, -0.363368
-58.772, -0.379718
-58.802, -0.387178
-58.833, -0.385415
-58.863, -0.374367
-58.893, -0.354220
-58.924, -0.325422
-58.954, -0.288651
-58.984, -0.244789
-59.015, -0.194905
-59.045, -0.140201
-59.075, -0.081990
-59.106, -0.021651
-59.136, 0.039422
-59.167, 0.099855
-59.197, 0.158325
-59.227, 0.213617
-59.258, 0.264634
-59.288, 0.310440
-59.318, 0.350279
-59.349, 0.383587
-59.379, 0.409998
-59.409, 0.429362
-59.440, 0.441719
-59.470, 0.447305
-59.500, 0.446529
-59.531, 0.439953
-59.561, 0.428267
-59.592, 0.412267
-59.622, 0.392812
-59.652, 0.370809
-59.683, 0.347171
-59.713, 0.322786
-59.743, 0.298509
-59.774, 0.275105
-59.804, 0.253262
-59.834, 0.233551
-59.865, 0.216425
-59.895, 0.202208
-59.926, 0.191097
-59.956, 0.183155
-59.986, 0.178328
-60.017, 0.176456
-60.047, 0.177273
-60.077, 0.180439
-60.108, 0.185550
-60.138, 0.192166
-60.168, 0.199811
-60.199, 0.208023
-60.229, 0.216337
-60.260, 0.224332
-60.290, 0.231624
-60.320, 0.237885
-60.351, 0.242851
-60.381, 0.246320
-60.411, 0.248167
-60.442, 0.248322
-60.472, 0.246785
-60.502, 0.243603
-60.533, 0.238868
-60.563, 0.232708
-60.594, 0.225266
-60.624, 0.216699
-60.654, 0.207157
-60.685, 0.196781
-60.715, 0.185680
-60.745, 0.173941
-60.776, 0.161608
-60.806, 0.148686
-60.836, 0.135145
-60.867, 0.120918
-60.897, 0.105907
-60.927, 0.089980
-60.958, 0.073006
-60.988, 0.054841
-61.019, 0.035351
-61.049, 0.014419
-61.079, -0.008029
-61.110, -0.032029
-61.140, -0.057564
-61.170, -0.084547
-61.201, -0.112829
-61.231, -0.142187
-61.261, -0.172322
-61.292, -0.202869
-61.322, -0.233399
-61.353, -0.263423
-61.383, -0.292421
-61.413, -0.319836
-61.444, -0.344079
-61.474, -0.365615
-61.504, -0.383908
-61.535, -0.398472
-61.565, -0.408878
-61.595, -0.414775
-61.626, -0.415919
-61.656, -0.412162
-61.687, -0.403477
-61.717, -0.389964
-61.747, -0.371844
-61.778, -0.349463
-61.808, -0.323289
-61.838, -0.293889
-61.869, -0.261932
-61.899, -0.228162
-61.929, -0.193378
-61.960, -0.158415
-61.990, -0.124126
-62.021, -0.091338
-62.051, -0.060848
-62.081, -0.033391
-62.112, -0.009619
-62.142, 0.009921
-62.172, 0.024802
-62.203, 0.034730
-62.233, 0.039546
-62.263, 0.039245
-62.294, 0.033969
-62.324, 0.023992
-62.354, 0.009729
-62.385, -0.008293
-62.415, -0.029440
-62.446, -0.052994
-62.476, -0.078185
-62.506, -0.104206
-62.537, -0.130232
-62.567, -0.155462
-62.597, -0.179133
-62.628, -0.200544
-62.658, -0.219074
-62.688, -0.234203
-62.719, -0.245532
-62.749, -0.252780
-62.780, -0.255795
-62.810, -0.254557
-62.840, -0.249179
-62.871, -0.239887
-62.901, -0.227019
-62.931, -0.211007
-62.962, -0.192360
-62.992, -0.171646
-63.022, -0.149463
-63.053, -0.126424
-63.083, -0.103138
-63.114, -0.080182
-63.144, -0.058082
-63.174, -0.037305
-63.205, -0.018236
-63.235, -0.001170
-63.265, 0.013692
-63.296, 0.026249
-63.326, 0.036495
-63.356, 0.044520
-63.387, 0.050495
-63.417, 0.054665
-63.447, 0.057329
-63.478, 0.058831
-63.508, 0.059537
-63.539, 0.059820
-63.569, 0.060032
-63.599, 0.060503
-63.630, 0.061515
-63.660, 0.063291
-63.690, 0.065981
-63.721, 0.069661
-63.751, 0.074322
-63.781, 0.079884
-63.812, 0.086184
-63.842, 0.092992
-63.873, 0.100020
-63.903, 0.106941
-63.933, 0.113398
-63.964, 0.119025
-63.994, 0.123466
-64.024, 0.126406
-64.055, 0.127560
-64.085, 0.126726
-64.115, 0.123774
-64.146, 0.118672
-64.176, 0.111490
-64.207, 0.102399
-64.237, 0.091684
-64.267, 0.079732
-64.298, 0.067022
-64.328, 0.054118
-64.358, 0.041645
-64.389, 0.030276
-64.419, 0.020704
-64.449, 0.013613
-64.480, 0.009662
-64.510, 0.009447
-64.541, 0.013484
-64.571, 0.022173
-64.601, 0.035792
-64.632, 0.054461
-64.662, 0.078141
-64.692, 0.106619
-64.723, 0.139503
-64.753, 0.176232
-64.783, 0.216072
-64.814, 0.258142
-64.844, 0.301422
-64.874, 0.344789
-64.905, 0.387038
-64.935, 0.426916
-64.966, 0.463164
-64.996, 0.494549
-65.026, 0.519900
-65.057, 0.538149
-65.087, 0.548369
-65.117, 0.549794
-65.148, 0.541865
-65.178, 0.524238
-65.208, 0.496811
-65.239, 0.459725
-65.269, 0.413378
-65.300, 0.358415
-65.330, 0.295714
-65.360, 0.226378
-65.391, 0.151697
-65.421, 0.073124
-65.451, -0.007761
-65.482, -0.089290
-65.512, -0.169760
-65.542, -0.247466
-65.573, -0.320755
-65.603, -0.388071
-65.634, -0.447992
-65.664, -0.499269
-65.694, -0.540872
-65.725, -0.572002
-65.755, -0.592125
-65.785, -0.600982
-65.816, -0.598592
-65.846, -0.585265
-65.876, -0.561572
-65.907, -0.528348
-65.937, -0.486653
-65.968, -0.437752
-65.998, -0.383074
-66.028, -0.324172
-66.059, -0.262678
-66.089, -0.200262
-66.119, -0.138578
-66.150, -0.079229
-66.180, -0.023711
-66.210, 0.026618
-66.241, 0.070578
-66.271, 0.107195
-66.301, 0.135725
-66.332, 0.155673
-66.362, 0.166801
-66.393, 0.169130
-66.423, 0.162930
-66.453, 0.148715
-66.484, 0.127212
-66.514, 0.099349
-66.544, 0.066215
-66.575, 0.029017
-66.605, -0.010941
-66.635, -0.052312
-66.666, -0.093746
-66.696, -0.133923
-66.727, -0.171601
-66.757, -0.205646
-66.787, -0.235064
-66.818, -0.259036
-66.848, -0.276924
-66.878, -0.288302
-66.909, -0.292955
-66.939, -0.290885
-66.969, -0.282305
-67.000, -0.267628
-67.030, -0.247447
-67.061, -0.222523
-67.091, -0.192876
-67.121, -0.160376
-67.152, -0.126094
-67.182, -0.091140
-67.212, -0.056627
-67.243, -0.023636
-67.273, 0.006810
-67.303, 0.033782
-67.334, 0.056472
-67.364, 0.074209
-67.394, 0.086479
-67.425, 0.092940
-67.455, 0.093424
-67.486, 0.087944
-67.516, 0.076688
-67.546, 0.060000
-67.577, 0.038388
-67.607, 0.012484
-67.637, -0.016968
-67.668, -0.049132
-67.698, -0.083119
-67.728, -0.117997
-67.759, -0.152836
-67.789, -0.186721
-67.820, -0.218786
-67.850, -0.248237
-67.880, -0.274369
-67.911, -0.296581
-67.941, -0.314399
-67.971, -0.327477
-68.002, -0.335603
-68.032, -0.338705
-68.062, -0.336846
-68.093, -0.330213
-68.123, -0.319115
-68.154, -0.303957
-68.184, -0.285233
-68.214, -0.263512
-68.245, -0.239404
-68.275, -0.213552
-68.305, -0.186604
-68.336, -0.159203
-68.366, -0.131953
-68.396, -0.105420
-68.427, -0.080098
-68.457, -0.056413
-68.488, -0.034702
-68.518, -0.015218
-68.548, 0.001892
-68.579, 0.016570
-68.609, 0.028849
-68.639, 0.038856
-68.670, 0.046789
-68.700, 0.052923
-68.730, 0.057586
-68.761, 0.061150
-68.791, 0.064020
-68.821, 0.066608
-68.852, 0.069328
-68.882, 0.072578
-68.913, 0.076725
-68.943, 0.082089
-68.973, 0.088945
-69.004, 0.097489
-69.034, 0.107856
-69.064, 0.120100
-69.095, 0.134192
-69.125, 0.150026
-69.155, 0.167416
-69.186, 0.186098
-69.216, 0.205742
-69.247, 0.225956
-69.277, 0.246298
-69.307, 0.266282
-69.338, 0.285398
-69.368, 0.303125
-69.398, 0.318935
-69.429, 0.332319
-69.459, 0.342791
-69.489, 0.349906
-69.520, 0.353277
-69.550, 0.352574
-69.581, 0.347542
-69.611, 0.338013
-69.641, 0.323902
-69.672, 0.305216
-69.702, 0.282060
-69.732, 0.254633
-69.763, 0.223226
-69.793, 0.188217
-69.823, 0.150067
-69.854, 0.109310
-69.884, 0.066544
-69.914, 0.022412
-69.945, -0.022396
-69.975, -0.067174
-70.006, -0.111207
-70.036, -0.153787
-70.066, -0.194232
-70.097, -0.231899
-70.127, -0.266199
-70.157, -0.296616
-70.188, -0.322712
-70.218, -0.344142
-70.248, -0.360666
-70.279, -0.372150
-70.309, -0.378574
-70.340, -0.380031
-70.370, -0.376729
-70.400, -0.368981
-70.431, -0.357207
-70.461, -0.341913
-70.491, -0.323681
-70.522, -0.303169
-70.552, -0.281069
-70.582, -0.258108
-70.613, -0.235022
-70.643, -0.212530
-70.674, -0.191325
-70.704, -0.172041
-70.734, -0.155243
-70.765, -0.141409
-70.795, -0.130902
-70.825, -0.123979
-70.856, -0.120759
-70.886, -0.121232
-70.916, -0.125246
-70.947, -0.132512
-70.977, -0.142616
-71.008, -0.155017
-71.038, -0.169064
-71.068, -0.184020
-71.099, -0.199070
-71.129, -0.213356
-71.159, -0.225991
-71.190, -0.236096
-71.220, -0.242819
-71.250, -0.245372
-71.281, -0.243046
-71.311, -0.235245
-71.341, -0.221509
-71.372, -0.201531
-71.402, -0.175170
-71.433, -0.142469
-71.463, -0.103657
-71.493, -0.059155
-71.524, -0.009563
-71.554, 0.044332
-71.584, 0.101592
-71.615, 0.161131
-71.645, 0.221753
-71.675, 0.282165
-71.706, 0.341028
-71.736, 0.396971
-71.767, 0.448643
-71.797, 0.494742
-71.827, 0.534053
-71.858, 0.565483
-71.888, 0.588094
-71.918, 0.601126
-71.949, 0.604034
-71.979, 0.596490
-72.009, 0.578408
-72.040, 0.549951
-72.070, 0.511527
-72.101, 0.463783
-72.131, 0.407594
-72.161, 0.344044
-72.192, 0.274395
-72.222, 0.200070
-72.252, 0.122601
-72.283, 0.043603
-72.313, -0.035270
-72.343, -0.112370
-72.374, -0.186091
-72.404, -0.254920
-72.435, -0.317458
-72.465, -0.372482
-72.495, -0.418946
-72.526, -0.456028
-72.556, -0.483140
-72.586, -0.499943
-72.617, -0.506350
-72.647, -0.502533
-72.677, -0.488899
-72.708, -0.466550
-72.738, -0.435869
-72.768, -0.397886
-72.799, -0.353771
-72.829, -0.304809
-72.860, -0.252353
-72.890, -0.197794
-72.920, -0.142510
-72.951, -0.087826
-72.981, -0.034990
-73.011, 0.014878
-73.042, 0.060802
-73.072, 0.101986
-73.102, 0.137829
-73.133, 0.167930
-73.163, 0.192107
-73.194, 0.210382
-73.224, 0.222988
-73.254, 0.230343
-73.285, 0.233028
-73.315, 0.231777
-73.345, 0.227429
-73.376, 0.220906
-73.406, 0.213182
-73.436, 0.205230
-73.467, 0.198001
-73.497, 0.192383
-73.528, 0.189172
-73.558, 0.189040
-73.588, 0.192518
-73.619, 0.199964
-73.649, 0.211564
-73.679, 0.227315
-73.710, 0.247035
-73.740, 0.270353
-73.770, 0.296738
-73.801, 0.325502
-73.831, 0.355842
-73.861, 0.386840
-73.892, 0.417519
-73.922, 0.446860
-73.953, 0.473844
-73.983, 0.497481
-74.013, 0.516848
-74.044, 0.531113
-74.074, 0.539573
-74.104, 0.541670
-74.135, 0.537008
-74.165, 0.525381
-74.195, 0.506760
-74.226, 0.481316
-74.256, 0.449396
-74.287, 0.411532
-74.317, 0.368408
-74.347, 0.320857
-74.378, 0.269820
-74.408, 0.216323
-74.438, 0.161455
-74.469, 0.106327
-74.499, 0.052033
-74.529, -0.000366
-74.560, -0.049879
-74.590, -0.095622
-74.621, -0.136830
-74.651, -0.172885
-74.681, -0.203327
-74.712, -0.227862
-74.742, -0.246377
-74.772, -0.258933
-74.803, -0.265751
-74.833, -0.267214
-74.863, -0.263848
-74.894, -0.256297
-74.924, -0.245304
-74.955, -0.231678
-74.985, -0.216283
-75.015, -0.199991
-75.046, -0.183663
-75.076, -0.168127
-75.106, -0.154148
-75.137, -0.142398
-75.167, -0.133456
-75.197, -0.127779
-75.228, -0.125691
-75.258, -0.127390
-75.288, -0.132935
-75.319, -0.142248
-75.349, -0.155137
-75.380, -0.171286
-75.410, -0.190280
-75.440, -0.211629
-75.471, -0.234774
-75.501, -0.259115
-75.531, -0.284028
-75.562, -0.308892
-75.592, -0.333102
-75.622, -0.356087
-75.653, -0.377335
-75.683, -0.396394
-75.714, -0.412892
-75.744, -0.426531
-75.774, -0.437110
-75.805, -0.444505
-75.835, -0.448681
-75.865, -0.449673
-75.896, -0.447587
-75.926, -0.442584
-75.956, -0.434868
-75.987, -0.424677
-76.017, -0.412265
-76.048, -0.397888
-76.078, -0.381793
-76.108, -0.364211
-76.139, -0.345346
-76.169, -0.325356
-76.199, -0.304367
-76.230, -0.282471
-76.260, -0.259704
-76.290, -0.236078
-76.321, -0.211573
-76.351, -0.186143
-76.382, -0.159738
-76.412, -0.132304
-76.442, -0.103802
-76.473, -0.074214
-76.503, -0.043563
-76.533, -0.011916
-76.564, 0.020599
-76.594, 0.053798
-76.624, 0.087423
-76.655, 0.121158
-76.685, 0.154605
-76.715, 0.187317
-76.746, 0.218789
-76.776, 0.248472
-76.807, 0.275785
-76.837, 0.300146
-76.867, 0.320968
-76.898, 0.337688
-76.928, 0.349791
-76.958, 0.356824
-76.989, 0.358414
-77.019, 0.354287
-77.049, 0.344279
-77.080, 0.328359
-77.110, 0.306611
-77.141, 0.279278
-77.171, 0.246717
-77.201, 0.209438
-77.232, 0.168059
-77.262, 0.123322
-77.292, 0.076053
-77.323, 0.027162
-77.353, -0.022392
-77.383, -0.071623
-77.414, -0.119545
-77.444, -0.165192
-77.475, -0.207660
-77.505, -0.246116
-77.535, -0.279834
-77.566, -0.308213
-77.596, -0.330793
-77.626, -0.347266
-77.657, -0.357498
-77.687, -0.361515
-77.717, -0.359518
-77.748, -0.351863
-77.778, -0.339069
-77.808, -0.321781
-77.839, -0.300767
-77.869, -0.276884
-77.900, -0.251056
-77.930, -0.224243
-77.960, -0.197416
-77.991, -0.171516
-78.021, -0.147440
-78.051, -0.125996
-78.082, -0.107891
-78.112, -0.093699
-78.142, -0.083850
-78.173, -0.078609
-78.203, -0.078072
-78.234, -0.082165
-78.264, -0.090637
-78.294, -0.103074
-78.325, -0.118920
-78.355, -0.138513
-78.385, -0.160003
-78.416, -0.182492
-78.446, -0.205024
-78.476, -0.226618
-78.507, -0.246291
-78.537, -0.263098
-78.568, -0.276155
-78.598, -0.284671
-78.628, -0.287974
-78.659, -0.285537
-78.689, -0.276980
-78.719, -0.262103
-78.750, -0.240888
-78.780, -0.213487
-78.810, -0.180247
-78.841, -0.141672
-78.871, -0.098429
-78.902, -0.051328
-78.932, -0.001291
-78.962, 0.050668
-78.993, 0.103463
-79.023, 0.155991
-79.053, 0.207129
-79.084, 0.255793
-79.114, 0.300956
-79.144, 0.341675
-79.175, 0.377126
-79.205, 0.406610
-79.235, 0.429592
-79.266, 0.445697
-79.296, 0.454726
-79.327, 0.456665
-79.357, 0.451676
-79.387, 0.440099
-79.418, 0.422427
-79.448, 0.399310
-79.478, 0.371522
-79.509, 0.339945
-79.539, 0.305538
-79.569, 0.269326
-79.600, 0.232340
-79.630, 0.195633
-79.661, 0.160219
-79.691, 0.127049
-79.721, 0.097008
-79.752, 0.070871
-79.782, 0.049294
-79.812, 0.032802
-79.843, 0.021770
-79.873, 0.016415
-79.903, 0.016813
-79.934, 0.022864
-79.964, 0.034334
-79.995, 0.050841
-80.025, 0.071877
-80.055, 0.096817
-80.086, 0.124945
-80.116, 0.155469
-80.146, 0.187540
-80.177, 0.220281
-80.207, 0.252805
-80.237, 0.284233
-80.268, 0.313725
-80.298, 0.340492
-80.329, 0.363819
-80.359, 0.383076
-80.389, 0.397734
-80.420, 0.407375
-80.450, 0.411703
-80.480, 0.410544
-80.511, 0.403849
-80.541, 0.391700
-80.571, 0.374292
-80.602, 0.351947
-80.632, 0.325088
-80.662, 0.294236
-80.693, 0.260003
-80.723, 0.223061
-80.754, 0.184152
-80.784, 0.144055
-80.814, 0.103577
-80.845, 0.063523
-80.875, 0.024711
-80.905, -0.012075
-80.936, -0.046083
-80.966, -0.076614
-80.996, -0.103026
-81.027, -0.124762
-81.057, -0.141341
-81.088, -0.152384
-81.118, -0.157601
-81.148, -0.156819
-81.179, -0.149966
-81.209, -0.137086
-81.239, -0.118328
-81.270, -0.093959
-81.300, -0.064334
-81.330, -0.029921
-81.361, 0.008735
-81.391, 0.051001
-81.422, 0.096174
-81.452, 0.143503
-81.482, 0.192185
-81.513, 0.241390
-81.543, 0.290280
-81.573, 0.338015
-81.604, 0.383775
-81.634, 0.426774
-81.664, 0.466280
-81.695, 0.501628
-81.725, 0.532225
-81.755, 0.557569
-81.786, 0.577273
-81.816, 0.591048
-81.847, 0.598729
-81.877, 0.600271
-81.907, 0.595753
-81.938, 0.585371
-81.968, 0.569447
-81.998, 0.548404
-82.029, 0.522771
-82.059, 0.493160
-82.089, 0.460272
-82.120, 0.424848
-82.150, 0.387678
-82.181, 0.349574
-82.211, 0.311347
-82.241, 0.273791
-82.272, 0.237662
-82.302, 0.203654
-82.332, 0.172401
-82.363, 0.144432
-82.393, 0.120179
-82.423, 0.099965
-82.454, 0.083988
-82.484, 0.072323
-82.515, 0.064920
-82.545, 0.061608
-82.575, 0.062095
-82.606, 0.065988
-82.636, 0.072793
-82.666, 0.081946
-82.697, 0.092818
-82.727, 0.104736
-82.757, 0.117009
-82.788, 0.128941
-82.818, 0.139868
-82.849, 0.149157
-82.879, 0.156245
-82.909, 0.160637
-82.940, 0.161945
-82.970, 0.159882
-83.000, 0.154273
-83.031, 0.145069
-83.061, 0.132342
-83.091, 0.116283
-83.122, 0.097199
-83.152, 0.075508
-83.182, 0.051708
-83.213, 0.026389
-83.243, 0.000189
-83.274, -0.026207
-83.304, -0.052098
-83.334, -0.076787
-83.365, -0.099601
-83.395, -0.119914
-83.425, -0.137159
-83.456, -0.150862
-83.486, -0.160635
-83.516, -0.166207
-83.547, -0.167424
-83.577, -0.164246
-83.608, -0.156767
-83.638, -0.145192
-83.668, -0.129852
-83.699, -0.111167
-83.729, -0.089656
-83.759, -0.065913
-83.790, -0.040586
-83.820, -0.014361
-83.850, 0.012055
-83.881, 0.037966
-83.911, 0.062696
-83.942, 0.085612
-83.972, 0.106128
-84.002, 0.123767
-84.033, 0.138119
-84.063, 0.148879
-84.093, 0.155848
-84.124, 0.158927
-84.154, 0.158132
-84.184, 0.153578
-84.215, 0.145473
-84.245, 0.134117
-84.275, 0.119875
-84.306, 0.103173
-84.336, 0.084479
-84.367, 0.064281
-84.397, 0.043077
-84.427, 0.021355
-84.458, -0.000426
-84.488, -0.021846
-84.518, -0.042540
-84.549, -0.062202
-84.579, -0.080601
-84.609, -0.097578
-84.640, -0.113051
-84.670, -0.127009
-84.701, -0.139514
-84.731, -0.150685
-84.761, -0.160693
-84.792, -0.169753
-84.822, -0.178104
-84.852, -0.185997
-84.883, -0.193678
-84.913, -0.201387
-84.943, -0.209328
-84.974, -0.217666
-85.004, -0.226518
-85.035, -0.235941
-85.065, -0.245936
-85.095, -0.256431
-85.126, -0.267299
-85.156, -0.278351
-85.186, -0.289348
-85.217, -0.300005
-85.247, -0.310008
-85.277, -0.319026
-85.308, -0.326723
-85.338, -0.332772
-85.369, -0.336879
-85.399, -0.338788
-85.429, -0.338293
-85.460, -0.335263
-85.490, -0.329638
-85.520, -0.321439
-85.551, -0.310776
-85.581, -0.297843
-85.611, -0.282919
-85.642, -0.266357
-85.672, -0.248580
-85.702, -0.230064
-85.733, -0.211324
-85.763, -0.192896
-85.794, -0.175324
-85.824, -0.159129
-85.854, -0.144802
-85.885, -0.132773
-85.915, -0.123405
-85.945, -0.116973
-85.976, -0.113643
-86.006, -0.113479
-86.036, -0.116420
-86.067, -0.122295
-86.097, -0.130804
-86.128, -0.141545
-86.158, -0.154010
-86.188, -0.167607
-86.219, -0.181673
-86.249, -0.195498
-86.279, -0.208347
-86.310, -0.219484
-86.340, -0.228197
-86.370, -0.233823
-86.401, -0.235775
-86.431, -0.233563
-86.462, -0.226807
-86.492, -0.215266
-86.522, -0.198844
-86.553, -0.177592
-86.583, -0.151723
-86.613, -0.121596
-86.644, -0.087721
-86.674, -0.050740
-86.704, -0.011407
-86.735, 0.029423
-86.765, 0.070828
-86.796, 0.111851
-86.826, 0.151516
-86.856, 0.188871
-86.887, 0.223016
-86.917, 0.253129
-86.947, 0.278503
-86.978, 0.298557
-87.008, 0.312874
-87.038, 0.321206
-87.069, 0.323490
-87.099, 0.319849
-87.129, 0.310599
-87.160, 0.296236
-87.190, 0.277428
-87.221, 0.254989
-87.251, 0.229866
-87.281, 0.203102
-87.312, 0.175806
-87.342, 0.149126
-87.372, 0.124199
-87.403, 0.102124
-87.433, 0.083925
-87.463, 0.070508
-87.494, 0.062641
-87.524, 0.060917
-87.555, 0.065739
-87.585, 0.077295
-87.615, 0.095551
-87.646, 0.120251
-87.676, 0.150913
-87.706, 0.186843
-87.737, 0.227148
-87.767, 0.270768
-87.797, 0.316491
-87.828, 0.363001
-87.858, 0.408905
-87.889, 0.452778
-87.919, 0.493206
-87.949, 0.528822
-87.980, 0.558354
-88.010, 0.580664
-88.040, 0.594779
-88.071, 0.599921
-88.101, 0.595540
-88.131, 0.581330
-88.162, 0.557239
-88.192, 0.523471
-88.222, 0.480497
-88.253, 0.429028
-88.283, 0.370008
-88.314, 0.304595
-88.344, 0.234115
-88.374, 0.160044
-88.405, 0.083959
-88.435, 0.007495
-88.465, -0.067690
-88.496, -0.139965
-88.526, -0.207767
-88.556, -0.269646
-88.587, -0.324299
-88.617, -0.370601
-88.648, -0.407640
-88.678, -0.434733
-88.708, -0.451449
-88.739, -0.457605
-88.769, -0.453281
-88.799, -0.438802
-88.830, -0.414734
-88.860, -0.381863
-88.890, -0.341166
-88.921, -0.293789
-88.951, -0.241006
-88.982, -0.184185
-89.012, -0.124756
-89.042, -0.064163
-89.073, -0.003829
-89.103, 0.054875
-89.133, 0.110672
-89.164, 0.162402
-89.194, 0.209051
-89.224, 0.249777
-89.255, 0.283907
-89.285, 0.310973
-89.316, 0.330694
-89.346, 0.342988
-89.376, 0.347949
-89.407, 0.345851
-89.437, 0.337123
-89.467, 0.322330
-89.498, 0.302147
-89.528, 0.277338
-89.558, 0.248728
-89.589, 0.217174
-89.619, 0.183099
-89.649, 0.147794
-89.680, 0.112066
-89.710, 0.076669
-89.741, 0.042273
-89.771, 0.009471
-89.801, -0.021248
-89.832, -0.049492
-89.862, -0.074975
-89.892, -0.097506
-89.923, -0.116988
-89.953, -0.133404
-89.983, -0.146817
-90.014, -0.157348
-90.044, -0.165159
-90.075, -0.170450
-90.105, -0.173431
-90.135, -0.174324
-90.166, -0.173343
-90.196, -0.170679
-90.226, -0.166507
-90.257, -0.160968
-90.287, -0.154174
-90.317, -0.146203
-90.348, -0.137109
-90.378, -0.126922
-90.409, -0.115659
-90.439, -0.103323
-90.469, -0.089928
-90.500, -0.075502
-90.530, -0.060088
-90.560, -0.043773
-90.591, -0.026682
-90.621, -0.008990
-90.651, 0.009080
-90.682, 0.027242
-90.712, 0.045158
-90.743, 0.062440
-90.773, 0.078650
-90.803, 0.093317
-90.834, 0.105951
-90.864, 0.116040
-90.894, 0.123089
-90.925, 0.126617
-90.955, 0.126189
-90.985, 0.121418
-91.016, 0.112004
-91.046, 0.097725
-91.076, 0.078468
-91.107, 0.054236
-91.137, 0.025145
-91.168, -0.008554
-91.198, -0.046493
-91.228, -0.088175
-91.259, -0.132986
-91.289, -0.180221
-91.319, -0.229073
-91.350, -0.278676
-91.380, -0.328110
-91.410, -0.376434
-91.441, -0.422704
-91.471, -0.466004
-91.502, -0.505470
-91.532, -0.540310
-91.562, -0.569833
-91.593, -0.593467
-91.623, -0.610773
-91.653, -0.621464
-91.684, -0.625407
-91.714, -0.622634
-91.744, -0.613336
-91.775, -0.597857
-91.805, -0.576690
-91.836, -0.550455
-91.866, -0.519891
-91.896, -0.485813
-91.927, -0.449117
-91.957, -0.410726
-91.987, -0.371575
-92.018, -0.332579
-92.048, -0.294605
-92.078, -0.258452
-92.109, -0.224819
-92.139, -0.194284
-92.169, -0.167299
-92.200, -0.144158
-92.230, -0.125014
-92.261, -0.109850
-92.291, -0.098502
-92.321, -0.090660
-92.352, -0.085874
-92.382, -0.083580
-92.412, -0.083121
-92.443, -0.083765
-92.473, -0.084724
-92.503, -0.085206
-92.534, -0.084423
-92.564, -0.081624
-92.595, -0.076136
-92.625, -0.067353
-92.655, -0.054804
-92.686, -0.038145
-92.716, -0.017176
-92.746, 0.008151
-92.777, 0.037715
-92.807, 0.071240
-92.837, 0.108291
-92.868, 0.148286
-92.898, 0.190523
-92.929, 0.234173
-92.959, 0.278334
-92.989, 0.322027
-93.020, 0.364245
-93.050, 0.403976
-93.080, 0.440221
-93.111, 0.472031
-93.141, 0.498543
-93.171, 0.518981
-93.202, 0.532700
-93.232, 0.539195
-93.263, 0.538110
-93.293, 0.529258
-93.323, 0.512610
-93.354, 0.488319
-93.384, 0.456688
-93.414, 0.418185
-93.445, 0.373418
-93.475, 0.323111
-93.505, 0.268106
-93.536, 0.209324
-93.566, 0.147745
-93.596, 0.084380
-93.627, 0.020270
-93.657, -0.043585
-93.688, -0.106199
-93.718, -0.166651
-93.748, -0.224096
-93.779, -0.277780
-93.809, -0.327051
-93.839, -0.371377
-93.870, -0.410338
-93.900, -0.443642
-93.930, -0.471113
-93.961, -0.492704
-93.991, -0.508463
-94.022, -0.518550
-94.052, -0.523211
-94.082, -0.522773
-94.113, -0.517625
-94.143, -0.508209
-94.173, -0.495000
-94.204, -0.478498
-94.234, -0.459212
-94.264, -0.437645
-94.295, -0.414299
-94.325, -0.389640
-94.356, -0.364122
-94.386, -0.338158
-94.416, -0.312120
-94.447, -0.286351
-94.477, -0.261155
-94.507, -0.236790
-94.538, -0.213482
-94.568, -0.191425
-94.598, -0.170776
-94.629, -0.151670
-94.659, -0.134205
-94.690, -0.118463
-94.720, -0.104499
-94.750, -0.092349
-94.781, -0.082028
-94.811, -0.073522
-94.841, -0.066804
-94.872, -0.061822
-94.902, -0.058498
-94.932, -0.056728
-94.963, -0.056378
-94.993, -0.057291
-95.023, -0.059275
-95.054, -0.062114
-95.084, -0.065563
-95.115, -0.069355
-95.145, -0.073197
-95.175, -0.076787
-95.206, -0.079809
-95.236, -0.078839
-95.266, -0.076677
-95.297, -0.073020
-95.327, -0.067605
-95.357, -0.060196
-95.388, -0.050600
-95.418, -0.038677
-95.449, -0.024350
-95.479, -0.007607
-95.509, 0.011496
-95.540, 0.032829
-95.570, 0.056189
-95.600, 0.081298
-95.631, 0.107821
-95.661, 0.135358
-95.691, 0.163465
-95.722, 0.191658
-95.752, 0.219434
-95.783, 0.246283
-95.813, 0.271701
-95.843, 0.295214
-95.874, 0.316386
-95.904, 0.334838
-95.934, 0.350266
-95.965, 0.362450
-95.995, 0.371255
-96.025, 0.376660
-96.056, 0.378732
-96.086, 0.377649
-96.116, 0.373688
-96.147, 0.367211
-96.177, 0.358663
-96.208, 0.348553
-96.238, 0.337433
-96.268, 0.325886
-96.299, 0.314497
-96.329, 0.303833
-96.359, 0.294418
-96.390, 0.286715
-96.420, 0.281101
-96.450, 0.277855
-96.481, 0.277127
-96.511, 0.278954
-96.542, 0.283220
-96.572, 0.289681
-96.602, 0.297953
-96.633, 0.307529
-96.663, 0.317784
-96.693, 0.327999
-96.724, 0.337380
-96.754, 0.345089
-96.784, 0.350274
-96.815, 0.352088
-96.845, 0.349738
-96.876, 0.342508
-96.906, 0.329793
-96.936, 0.311127
-96.967, 0.286204
-96.997, 0.254917
-97.027, 0.217342
-97.058, 0.173774
-97.088, 0.124718
-97.118, 0.070885
-97.149, 0.013183
-97.179, -0.047309
-97.210, -0.109358
-97.240, -0.171613
-97.270, -0.232645
-97.301, -0.290983
-97.331, -0.345161
-97.361, -0.393768
-97.392, -0.435483
-97.422, -0.469133
-97.452, -0.493723
-97.483, -0.508478
-97.513, -0.512878
-97.543, -0.506676
-97.574, -0.489920
-97.604, -0.462956
-97.635, -0.426431
-97.665, -0.381277
-97.695, -0.328699
-97.726, -0.270133
-97.756, -0.207219
-97.786, -0.141757
-97.817, -0.075643
-97.847, -0.010833
-97.877, 0.050742
-97.908, 0.107201
-97.938, 0.156800
-97.969, 0.197981
-97.999, 0.229414
-98.029, 0.250048
-98.060, 0.259151
-98.090, 0.256338
-98.120, 0.241582
-98.151, 0.215226
-98.181, 0.177975
-98.211, 0.130884
-98.242, 0.075330
-98.272, 0.012965
-98.303, -0.054320
-98.333, -0.124459
-98.363, -0.195267
-98.394, -0.264515
-98.424, -0.329992
-98.454, -0.389580
-98.485, -0.441318
-98.515, -0.483473
-98.545, -0.514591
-98.576, -0.533551
-98.606, -0.539604
-98.636, -0.532407
-98.667, -0.512029
-98.697, -0.478968
-98.728, -0.434129
-98.758, -0.378817
-98.788, -0.314687
-98.819, -0.243706
-98.849, -0.168092
-98.879, -0.090255
-98.910, -0.012716
-98.940, 0.061965
-98.970, 0.131269
-99.001, 0.192792
-99.031, 0.244331
-99.062, 0.283941
-99.092, 0.310014
-99.122, 0.321316
-99.153, 0.317040
-99.183, 0.296838
-99.213, 0.260823
-99.244, 0.209593
-99.274, 0.144191
-99.304, 0.066103
-99.335, -0.022796
-99.365, -0.120292
-99.396, -0.223892
-99.426, -0.330897
-99.456, -0.438482
-99.487, -0.543777
-99.517, -0.643951
-99.547, -0.736296
-99.578, -0.818303
-99.608, -0.887744
-99.638, -0.942726
-99.669, -0.981753
-99.699, -1.003767
-99.730, -1.008183
-99.760, -0.994894
-99.790, -0.964280
-99.821, -0.917187
-99.851, -0.854913
-99.881, -0.779147
-99.912, -0.691932
-99.942, -0.595593
-99.972, -0.492672
-100.003, -0.385842
-100.033, -0.277835
-100.063, -0.171351
-100.094, -0.068990
-100.124, 0.026836
-100.155, 0.113967
-100.185, 0.190556
-100.215, 0.255116
-100.246, 0.306570
-100.276, 0.344260
-100.306, 0.367973
-100.337, 0.377933
-100.367, 0.374781
-100.397, 0.359553
-100.428, 0.333636
-100.458, 0.298716
-100.489, 0.256720
-100.519, 0.209741
-100.549, 0.159984
-100.580, 0.109669
-100.610, 0.060975
-100.640, 0.015966
-100.671, -0.023478
-100.701, -0.055722
-100.731, -0.079419
-100.762, -0.093554
-100.792, -0.097473
-100.823, -0.090897
-100.853, -0.073927
-100.883, -0.049322
-100.914, -0.015615
-100.944, 0.026060
-100.974, 0.074289
-101.005, 0.127438
-101.035, 0.183703
-101.065, 0.241176
-101.096, 0.297904
-101.126, 0.351966
-101.157, 0.401521
-101.187, 0.444882
-101.217, 0.480557
-101.248, 0.507301
-101.278, 0.524156
-101.308, 0.530473
-101.339, 0.525933
-101.369, 0.510554
-101.399, 0.484677
-101.430, 0.448969
-101.460, 0.404376
-101.490, 0.352103
-101.521, 0.293566
-101.551, 0.230349
-101.582, 0.164143
-101.612, 0.096703
-101.642, 0.029781
-101.673, -0.034922
-101.703, -0.095804
-101.733, -0.151418
-101.764, -0.200506
-101.794, -0.242029
-101.824, -0.275200
-101.855, -0.299493
-101.885, -0.314656
-101.916, -0.320705
-101.946, -0.317912
-101.976, -0.306784
-102.007, -0.288048
-102.037, -0.262603
-102.067, -0.231492
-102.098, -0.195856
-102.128, -0.156899
-102.158, -0.115838
-102.189, -0.073861
-102.219, -0.032093
-102.250, 0.008438
-102.280, 0.046840
-102.310, 0.082366
-102.341, 0.114447
-102.371, 0.142688
-102.401, 0.166875
-102.432, 0.186973
-102.462, 0.203115
-102.492, 0.215576
-102.523, 0.224759
-102.553, 0.231166
-102.583, 0.235367
-102.614, 0.237972
-102.644, 0.239589
-102.675, 0.240810
-102.705, 0.242170
-102.735, 0.244119
-102.766, 0.247018
-102.796, 0.251098
-102.826, 0.256479
-102.857, 0.263138
-102.887, 0.270922
-102.917, 0.279561
-102.948, 0.288672
-102.978, 0.297780
-103.009, 0.306338
-103.039, 0.313753
-103.069, 0.319417
-103.100, 0.322727
-103.130, 0.323120
-103.160, 0.320094
-103.191, 0.313236
-103.221, 0.302239
-103.251, 0.286920
-103.282, 0.267233
-103.312, 0.243273
-103.343, 0.215274
-103.373, 0.183610
-103.403, 0.148771
-103.434, 0.111363
-103.464, 0.072077
-103.494, 0.031672
-103.525, -0.009066
-103.555, -0.049335
-103.585, -0.088354
-103.616, -0.125400
-103.646, -0.159817
-103.677, -0.191051
-103.707, -0.218673
-103.737, -0.242381
-103.768, -0.262026
-103.798, -0.277605
-103.828, -0.289263
-103.859, -0.297288
-103.889, -0.302095
-103.919, -0.304207
-103.950, -0.304233
-103.980, -0.302843
-104.010, -0.300742
-104.041, -0.298628
-104.071, -0.297172
-104.102, -0.296984
-104.132, -0.298586
-104.162, -0.302381
-104.193, -0.308643
-104.223, -0.317493
-104.253, -0.328893
-104.284, -0.342637
-104.314, -0.358360
-104.344, -0.375549
-104.375, -0.393551
-104.405, -0.411592
-104.436, -0.428823
-104.466, -0.444318
-104.496, -0.457139
-104.527, -0.466356
-104.557, -0.471080
-104.587, -0.470511
-104.618, -0.463954
-104.648, -0.450863
-104.678, -0.430866
-104.709, -0.403772
-104.739, -0.369598
-104.770, -0.328569
-104.800, -0.281125
-104.830, -0.227903
-104.861, -0.169730
-104.891, -0.107597
-104.921, -0.042637
-104.952, 0.023917
-104.982, 0.090749
-105.012, 0.156532
-105.043, 0.219943
-105.073, 0.279709
-105.104, 0.334652
-105.134, 0.383728
-105.164, 0.426051
-105.195, 0.460932
-105.225, 0.487891
-105.255, 0.506678
-105.286, 0.517275
-105.316, 0.519905
-105.346, 0.515011
-105.377, 0.503245
-105.407, 0.485454
-105.437, 0.462634
-105.468, 0.435899
-105.498, 0.406459
-105.529, 0.375560
-105.559, 0.344441
-105.589, 0.314307
-105.620, 0.286270
-105.650, 0.261321
-105.680, 0.240306
-105.711, 0.223864
-105.741, 0.212448
-105.771, 0.206287
-105.802, 0.205380
-105.832, 0.209506
-105.863, 0.218229
-105.893, 0.230921
-105.923, 0.246776
-105.954, 0.264861
-105.984, 0.284127
-106.014, 0.303466
-106.045, 0.321743
-106.075, 0.337857
-106.105, 0.350760
-106.136, 0.359508
-106.166, 0.363305
-106.197, 0.361529
-106.227, 0.353745
-106.257, 0.339753
-106.288, 0.319577
-106.318, 0.293462
-106.348, 0.261898
-106.379, 0.225578
-106.409, 0.185401
-106.439, 0.142420
-106.470, 0.097826
-106.500, 0.051484
-106.530, 0.006142
-106.561, -0.036863
-106.591, -0.076231
-106.622, -0.110748
-106.652, -0.139324
-106.682, -0.161039
-106.713, -0.175160
-106.743, -0.181191
-106.773, -0.178867
-106.804, -0.168185
-106.834, -0.149397
-106.864, -0.123007
-106.895, -0.089758
-106.925, -0.050611
-106.956, -0.006712
-106.986, 0.040634
-107.016, 0.090012
-107.047, 0.139939
-107.077, 0.188906
-107.107, 0.235417
-107.138, 0.278059
-107.168, 0.315520
-107.198, 0.346645
-107.229, 0.370465
-107.259, 0.386223
-107.290, 0.393400
-107.320, 0.391730
-107.350, 0.381200
-107.381, 0.362059
-107.411, 0.334793
-107.441, 0.300123
-107.472, 0.258970
-107.502, 0.212423
-107.532, 0.161712
-107.563, 0.108168
-107.593, 0.053166
-107.624, -0.001895
-107.654, -0.055654
-107.684, -0.106813
-107.715, -0.154192
-107.745, -0.196747
-107.775, -0.233604
-107.806, -0.264083
-107.836, -0.287710
-107.866, -0.304225
-107.897, -0.313584
-107.927, -0.315960
-107.957, -0.311717
-107.988, -0.301402
-108.018, -0.285715
-108.049, -0.265483
-108.079, -0.241639
-108.109, -0.215162
-108.140, -0.187066
-108.170, -0.158359
-108.200, -0.130010
-108.231, -0.102916
-108.261, -0.077875
-108.291, -0.055573
-108.322, -0.036558
-108.352, -0.021225
-108.383, -0.009822
-108.413, -0.002439
-108.443, 0.000977
-108.474, 0.000625
-108.504, -0.003181
-108.534, -0.010017
-108.565, -0.019384
-108.595, -0.030715
-108.625, -0.043425
-108.656, -0.056910
-108.686, -0.070593
-108.717, -0.083936
-108.747, -0.096459
-108.777, -0.107769
-108.808, -0.117561
-108.838, -0.125627
-108.868, -0.131873
-108.899, -0.136303
-108.929, -0.139026
-108.959, -0.140239
-108.990, -0.140224
-109.020, -0.139317
-109.051, -0.137907
-109.081, -0.136403
-109.111, -0.135220
-109.142, -0.134759
-109.172, -0.135382
-109.202, -0.137395
-109.233, -0.141044
-109.263, -0.146481
-109.293, -0.153774
-109.324, -0.162895
-109.354, -0.173720
-109.384, -0.186022
-109.415, -0.199500
-109.445, -0.213771
-109.476, -0.228389
-109.506, -0.242860
-109.536, -0.256671
-109.567, -0.269296
-109.597, -0.280221
-109.627, -0.288968
-109.658, -0.295113
-109.688, -0.298294
-109.718, -0.298247
-109.749, -0.294788
-109.779, -0.287850
-109.810, -0.277465
-109.840, -0.263781
-109.870, -0.247046
-109.901, -0.227617
-109.931, -0.205924
-109.961, -0.182482
-109.992, -0.157860
-110.022, -0.132666
-110.052, -0.107526
-110.083, -0.083069
-110.113, -0.059900
-110.144, -0.038588
-110.174, -0.019639
-110.204, -0.003492
-110.235, 0.009503
-110.265, 0.019084
-110.295, 0.025094
-110.326, 0.027477
-110.356, 0.026276
-110.386, 0.021630
-110.417, 0.013763
-110.447, 0.002979
-110.477, -0.010354
-110.508, -0.025827
-110.538, -0.042993
-110.569, -0.061395
-110.599, -0.080571
-110.629, -0.100080
-110.660, -0.119516
-110.690, -0.138512
-110.720, -0.156751
-110.751, -0.173984
-110.781, -0.190018
-110.811, -0.204731
-110.842, -0.218051
-110.872, -0.229978
-110.903, -0.240547
-110.933, -0.249838
-110.963, -0.257955
-110.994, -0.265018
-111.024, -0.271140
-111.054, -0.276432
-111.085, -0.280965
-111.115, -0.284787
-111.145, -0.287887
-111.176, -0.290217
-111.206, -0.291655
-111.237, -0.292036
-111.267, -0.291135
-111.297, -0.288679
-111.328, -0.284356
-111.358, -0.277825
-111.388, -0.268732
-111.419, -0.256725
-111.449, -0.241467
-111.479, -0.222663
-111.510, -0.200071
-111.540, -0.173513
-111.571, -0.142904
-111.601, -0.108253
-111.631, -0.069679
-111.662, -0.027410
-111.692, 0.018203
-111.722, 0.066700
-111.753, 0.117510
-111.783, 0.169963
-111.813, 0.223304
-111.844, 0.276709
-111.874, 0.329312
-111.904, 0.380219
-111.935, 0.428539
-111.965, 0.473405
-111.996, 0.514003
-112.026, 0.549599
-112.056, 0.579559
-112.087, 0.603365
-112.117, 0.620643
-112.147, 0.633767
-112.178, 0.640073
-112.208, 0.639663
-112.238, 0.632804
-112.269, 0.619913
-112.299, 0.601557
-112.330, 0.578431
-112.360, 0.551341
-112.390, 0.521173
-112.421, 0.488876
-112.451, 0.455424
-112.481, 0.421794
-112.512, 0.388925
-112.542, 0.357703
-112.572, 0.328922
-112.603, 0.303261
-112.633, 0.281275
-112.664, 0.263361
-112.694, 0.249759
-112.724, 0.240542
-112.755, 0.235612
-112.785, 0.234714
-112.815, 0.237432
-112.846, 0.243227
-112.876, 0.251431
-112.906, 0.261288
-112.937, 0.271977
-112.967, 0.282639
-112.997, 0.292414
-113.028, 0.300461
-113.058, 0.305997
-113.089, 0.308322
-113.119, 0.306841
-113.149, 0.301091
-113.180, 0.290749
-113.210, 0.275658
-113.240, 0.255816
-113.271, 0.231394
-113.301, 0.202719
-113.331, 0.170269
-113.362, 0.134655
-113.392, 0.096608
-113.423, 0.056946
-113.453, 0.016560
-113.483, -0.023632
-113.514, -0.062695
-113.544, -0.099724
-113.574, -0.133864
-113.605, -0.164336
-113.635, -0.190467
-113.665, -0.211710
-113.696, -0.227650
-113.726, -0.238034
-113.757, -0.242761
-113.787, -0.241892
-113.817, -0.235646
-113.848, -0.224383
-113.878, -0.208602
-113.908, -0.188916
-113.939, -0.166027
-113.969, -0.140711
-113.999, -0.113784
-114.030, -0.086081
-114.060, -0.058426
-114.091, -0.031606
-114.121, -0.006348
-114.151, 0.016703
-114.182, 0.036998
-114.212, 0.054106
-114.242, 0.067718
-114.273, 0.077647
-114.303, 0.083838
-114.333, 0.086355
-114.364, 0.085384
-114.394, 0.081196
-114.424, 0.074163
-114.455, 0.064710
-114.485, 0.053313
-114.516, 0.040465
-114.546, 0.026658
-114.576, 0.012367
-114.607, -0.001984
-114.637, -0.016029
-114.667, -0.029476
-114.698, -0.042122
-114.728, -0.053860
-114.758, -0.064683
-114.789, -0.074675
-114.819, -0.084020
-114.850, -0.092978
-114.880, -0.101881
-114.910, -0.111111
-114.941, -0.121082
-114.971, -0.132222
-115.001, -0.144948
-115.032, -0.159641
-115.062, -0.176629
-115.092, -0.196168
-115.123, -0.218418
-115.153, -0.243431
-115.184, -0.271143
-115.214, -0.301366
-115.244, -0.333784
-115.275, -0.367955
-115.305, -0.403323
-115.335, -0.439223
-115.366, -0.474906
-115.396, -0.509548
-115.426, -0.542284
-115.457, -0.572224
-115.487, -0.598489
-115.518, -0.620229
-115.548, -0.636663
-115.578, -0.647087
-115.609, -0.650922
-115.639, -0.647712
-115.669, -0.637159
-115.700, -0.619128
-115.730, -0.593654
-115.760, -0.560957
-115.791, -0.521425
-115.821, -0.475618
-115.851, -0.424252
-115.882, -0.368181
-115.912, -0.308379
-115.943, -0.245914
-115.973, -0.181917
-116.003, -0.117559
-116.034, -0.054012
-116.064, 0.007570
-116.094, 0.066097
-116.125, 0.120562
-116.155, 0.170064
-116.185, 0.213839
-116.216, 0.251274
-116.246, 0.281925
-116.277, 0.305521
-116.307, 0.321972
-116.337, 0.331365
-116.368, 0.333967
-116.398, 0.330199
-116.428, 0.320636
-116.459, 0.305975
-116.489, 0.287022
-116.519, 0.264664
-116.550, 0.239835
-116.580, 0.213503
-116.611, 0.186628
-116.641, 0.160142
-116.671, 0.134928
-116.702, 0.111782
-116.732, 0.091410
-116.762, 0.074401
-116.793, 0.061220
-116.823, 0.052192
-116.853, 0.047506
-116.884, 0.047213
-116.914, 0.051223
-116.944, 0.059323
-116.975, 0.071184
-117.005, 0.086375
-117.036, 0.104382
-117.066, 0.124623
-117.096, 0.146475
-117.127, 0.169286
-117.157, 0.192400
-117.187, 0.215177
-117.218, 0.237013
-117.248, 0.257349
-117.278, 0.275694
-117.309, 0.291624
-117.339, 0.304805
-117.370, 0.314990
-117.400, 0.322023
-117.430, 0.325834
-117.461, 0.326447
-117.491, 0.323959
-117.521, 0.318545
-117.552, 0.310437
-117.582, 0.299925
-117.612, 0.287334
-117.643, 0.273016
-117.673, 0.257336
-117.704, 0.240660
-117.734, 0.223349
-117.764, 0.203810
-117.795, 0.184278
-117.825, 0.165030
-117.855, 0.146298
-117.886, 0.128272
-117.916, 0.111093
-117.946, 0.094861
-117.977, 0.079634
-118.007, 0.065429
-118.038, 0.052226
-118.068, 0.039983
-118.098, 0.028629
-118.129, 0.018081
-118.159, 0.008245
-118.189, -0.000972
-118.220, -0.009663
-118.250, -0.017911
-118.280, -0.025787
-118.311, -0.033347
-118.341, -0.040623
-118.371, -0.047633
-118.402, -0.054376
-118.432, -0.060832
-118.463, -0.066962
-118.493, -0.072721
-118.523, -0.078051
-118.554, -0.082887
-118.584, -0.087172
-118.614, -0.090837
-118.645, -0.093840
-118.675, -0.096134
-118.705, -0.097699
-118.736, -0.098521
-118.766, -0.098617
-118.797, -0.098015
-118.827, -0.096764
-118.857, -0.094933
-118.888, -0.092611
-118.918, -0.089897
-118.948, -0.086904
-118.979, -0.083751
-119.009, -0.080565
-119.039, -0.077465
-119.070, -0.074573
-119.100, -0.071994
-119.131, -0.069829
-119.161, -0.068154
-119.191, -0.067033
-119.222, -0.066500
-119.252, -0.066573
-119.282, -0.067239
-119.313, -0.068462
-119.343, -0.070181
-119.373, -0.072317
-119.404, -0.074763
-119.434, -0.077393
-119.465, -0.080072
-119.495, -0.082645
-119.525, -0.084952
-119.556, -0.086824
-119.586, -0.088094
-119.616, -0.088602
-119.647, -0.088183
-119.677, -0.086695
-119.707, -0.083998
-119.738, -0.079982
-119.768, -0.074546
-119.798, -0.067615
-119.829, -0.059138
-119.859, -0.049094
-119.890, -0.037489
-119.920, -0.024354
-119.950, -0.009755
-119.981, 0.006213
-120.011, 0.023426
-120.041, 0.041727
-120.072, 0.060931
-120.102, 0.080821
-120.132, 0.101160
-120.163, 0.121677
-120.193, 0.142085
-120.224, 0.162076
-120.254, 0.181328
-120.284, 0.199504
-120.315, 0.216267
-120.345, 0.231272
-120.375, 0.244188
-120.406, 0.254695
-120.436, 0.262493
-120.466, 0.267309
-120.497, 0.268908
-120.527, 0.267095
-120.558, 0.261735
-120.588, 0.252745
-120.618, 0.240107
-120.649, 0.223878
-120.679, 0.204194
-120.709, 0.181261
-120.740, 0.155372
-120.770, 0.126903
-120.800, 0.096301
-120.831, 0.064093
-120.861, 0.030872
-120.891, -0.002712
-120.922, -0.035955
-120.952, -0.068126
-120.983, -0.098467
-121.013, -0.126217
-121.043, -0.150625
-121.074, -0.170976
-121.104, -0.186600
-121.134, -0.196896
-121.165, -0.201347
-121.195, -0.199539
-121.225, -0.191175
-121.256, -0.176086
-121.286, -0.154244
-121.317, -0.125771
-121.347, -0.090936
-121.377, -0.050162
-121.408, -0.004021
-121.438, 0.046775
-121.468, 0.101387
-121.499, 0.158857
-121.529, 0.218132
-121.559, 0.278079
-121.590, 0.337522
-121.620, 0.395248
-121.651, 0.450054
-121.681, 0.500757
-121.711, 0.546239
-121.742, 0.585461
-121.772, 0.617494
-121.802, 0.641541
-121.833, 0.656961
-121.863, 0.663280
-121.893, 0.660212
-121.924, 0.647656
-121.954, 0.625717
-121.985, 0.594689
-122.015, 0.555058
-122.045, 0.507488
-122.076, 0.452812
-122.106, 0.392005
-122.136, 0.326171
-122.167, 0.256502
-122.197, 0.184269
-122.227, 0.110779
-122.258, 0.037349
-122.288, -0.034723
-122.318, -0.104193
-122.349, -0.169893
-122.379, -0.230758
-122.410, -0.285849
-122.440, -0.334376
-122.470, -0.375707
-122.501, -0.409378
-122.531, -0.435106
-122.561, -0.452780
-122.592, -0.462471
-122.622, -0.464408
-122.652, -0.458978
-122.683, -0.446706
-122.713, -0.428237
-122.744, -0.404318
-122.774, -0.375759
-122.804, -0.343437
-122.835, -0.308247
-122.865, -0.271091
-122.895, -0.232847
-122.926, -0.194360
-122.956, -0.156410
-122.986, -0.119701
-123.017, -0.084852
-123.047, -0.052388
-123.078, -0.022725
-123.108, 0.003827
-123.138, 0.027053
-123.169, 0.046845
-123.199, 0.063192
-123.229, 0.076152
-123.260, 0.085867
-123.290, 0.092529
-123.320, 0.096376
-123.351, 0.097676
-123.381, 0.096714
-123.412, 0.093933
-123.442, 0.089456
-123.472, 0.083530
-123.503, 0.076392
-123.533, 0.068239
-123.563, 0.059224
-123.594, 0.049473
-123.624, 0.039069
-123.654, 0.028063
-123.685, 0.016486
-123.715, 0.004339
-123.745, -0.008378
-123.776, -0.021681
-123.806, -0.035560
-123.837, -0.050005
-123.867, -0.064970
-123.897, -0.080381
-123.928, -0.096120
-123.958, -0.112035
-123.988, -0.127918
-124.019, -0.143529
-124.049, -0.158574
-124.079, -0.172731
-124.110, -0.185649
-124.140, -0.196952
-124.171, -0.206258
-124.201, -0.213194
-124.231, -0.217395
-124.262, -0.218534
-124.292, -0.216331
-124.322, -0.210556
-124.353, -0.201055
-124.383, -0.187749
-124.413, -0.170655
-124.444, -0.149874
-124.474, -0.125611
-124.505, -0.098158
-124.535, -0.067911
-124.565, -0.035342
-124.596, -0.001012
-124.626, 0.034464
-124.656, 0.070413
-124.687, 0.106125
-124.717, 0.140876
-124.747, 0.173943
-124.778, 0.204624
-124.808, 0.232253
-124.838, 0.256224
-124.869, 0.276001
-124.899, 0.291141
-124.930, 0.301302
-124.960, 0.306246
-124.990, 0.305859
-125.021, 0.300141
-125.051, 0.289219
-125.081, 0.273326
-125.112, 0.252811
-125.142, 0.228124
-125.172, 0.199792
-125.203, 0.168422
-125.233, 0.134669
-125.264, 0.099226
-125.294, 0.062809
-125.324, 0.026121
-125.355, -0.010147
-125.385, -0.045347
-125.415, -0.078875
-125.446, -0.110209
-125.476, -0.138894
-125.506, -0.164568
-125.537, -0.186960
-125.567, -0.205898
-125.598, -0.221298
-125.628, -0.233176
-125.658, -0.241628
-125.689, -0.246828
-125.719, -0.249020
-125.749, -0.248495
-125.780, -0.245589
-125.810, -0.240661
-125.840, -0.234084
-125.871, -0.226224
-125.901, -0.217433
-125.932, -0.208039
-125.962, -0.198327
-125.992, -0.188538
-126.023, -0.178859
-126.053, -0.169427
-126.083, -0.160317
-126.114, -0.151549
-126.144, -0.143096
-126.174, -0.134880
-126.205, -0.126793
-126.235, -0.118690
-126.265, -0.110413
-126.296, -0.101792
-126.326, -0.092662
-126.357, -0.082870
-126.387, -0.072287
-126.417, -0.060819
-126.448, -0.048404
-126.478, -0.035030
-126.508, -0.020732
-126.539, -0.005596
-126.569, 0.010244
-126.599, 0.026609
-126.630, 0.043278
-126.660, 0.059992
-126.691, 0.076469
-126.721, 0.092407
-126.751, 0.107500
-126.782, 0.121440
-126.812, 0.133939
-126.842, 0.144733
-126.873, 0.153588
-126.903, 0.160318
-126.933, 0.164781
-126.964, 0.166896
-126.994, 0.166636
-127.025, 0.164034
-127.055, 0.159186
-127.085, 0.152242
-127.116, 0.143402
-127.146, 0.132910
-127.176, 0.121049
-127.207, 0.108128
-127.237, 0.094473
-127.267, 0.080415
-127.298, 0.066283
-127.328, 0.052387
-127.358, 0.039018
-127.389, 0.026425
-127.419, 0.014820
-127.450, 0.004370
-127.480, -0.004813
-127.510, -0.012669
-127.541, -0.019191
-127.571, -0.024419
-127.601, -0.028446
-127.632, -0.031403
-127.662, -0.033456
-127.692, -0.034794
-127.723, -0.035624
-127.753, -0.036164
-127.784, -0.036614
-127.814, -0.037173
-127.844, -0.038013
-127.875, -0.039277
-127.905, -0.041064
-127.935, -0.043439
-127.966, -0.046408
-127.996, -0.049943
-128.026, -0.053956
-128.057, -0.058320
-128.087, -0.062863
-128.118, -0.067385
-128.148, -0.071650
-128.178, -0.075410
-128.209, -0.078402
-128.239, -0.080373
-128.269, -0.081073
-128.300, -0.080282
-128.330, -0.077806
-128.360, -0.073498
-128.391, -0.067255
-128.421, -0.059033
-128.452, -0.048837
-128.482, -0.036745
-128.512, -0.022886
-128.543, -0.007451
-128.573, 0.009314
-128.603, 0.027117
-128.634, 0.045622
-128.664, 0.064467
-128.694, 0.083263
-128.725, 0.101615
-128.755, 0.119131
-128.785, 0.135428
-128.816, 0.150156
-128.846, 0.162988
-128.877, 0.173654
-128.907, 0.181929
-128.937, 0.187652
-128.968, 0.190722
-128.998, 0.191109
-129.028, 0.189926
-129.059, 0.186194
-129.089, 0.180069
-129.119, 0.171769
-129.150, 0.161556
-129.180, 0.149734
-129.211, 0.136635
-129.241, 0.122609
-129.271, 0.108011
-129.302, 0.093204
-129.332, 0.078519
-129.362, 0.064271
-129.393, 0.050738
-129.423, 0.038159
-129.453, 0.026714
-129.484, 0.016540
-129.514, 0.007708
-129.545, 0.000236
-129.575, -0.005922
-129.605, -0.010864
-129.636, -0.014740
-129.666, -0.017742
-129.696, -0.020107
-129.727, -0.022092
-129.757, -0.023983
-129.787, -0.026068
-129.818, -0.028645
-129.848, -0.031995
-129.879, -0.036385
-129.909, -0.042049
-129.939, -0.049192
-129.970, -0.057968
-130.000, -0.068493
-130.030, -0.080818
-130.061, -0.094952
-130.091, -0.110839
-130.121, -0.128373
-130.152, -0.147387
-130.182, -0.167670
-130.212, -0.188957
-130.243, -0.210948
-130.273, -0.233299
-130.304, -0.255648
-130.334, -0.277603
-130.364, -0.298763
-130.395, -0.318715
-130.425, -0.337057
-130.455, -0.353387
-130.486, -0.367325
-130.516, -0.378509
-130.546, -0.386613
-130.577, -0.391343
-130.607, -0.392444
-130.638, -0.389710
-130.668, -0.382982
-130.698, -0.372153
-130.729, -0.357171
-130.759, -0.338042
-130.789, -0.314837
-130.820, -0.287678
-130.850, -0.256755
-130.880, -0.222315
-130.911, -0.184669
-130.941, -0.144182
-130.972, -0.101279
-131.002, -0.056438
-131.032, -0.010189
-131.063, 0.036895
-131.093, 0.084200
-131.123, 0.131074
-131.154, 0.176846
-131.184, 0.220823
-131.214, 0.262306
-131.245, 0.300597
-131.275, 0.335007
-131.305, 0.364879
-131.336, 0.389592
-131.366, 0.408572
-131.397, 0.421308
-131.427, 0.427371
-131.457, 0.426411
-131.488, 0.418180
-131.518, 0.402535
-131.548, 0.379451
-131.579, 0.349024
-131.609, 0.311472
-131.639, 0.267149
-131.670, 0.216529
-131.700, 0.160210
-131.731, 0.098909
-131.761, 0.033444
-131.791, -0.035266
-131.822, -0.106224
-131.852, -0.178373
-131.882, -0.250610
-131.913, -0.321808
-131.943, -0.390844
-131.973, -0.456609
-132.004, -0.518046
-132.034, -0.574163
-132.065, -0.624058
-132.095, -0.666932
-132.125, -0.702120
-132.156, -0.729093
-132.186, -0.747475
-132.216, -0.757051
-132.247, -0.757778
-132.277, -0.749771
-132.307, -0.733315
-132.338, -0.708844
-132.368, -0.676945
-132.399, -0.638328
-132.429, -0.593815
-132.459, -0.544322
-132.490, -0.490831
-132.520, -0.434367
-132.550, -0.375974
-132.581, -0.316685
-132.611, -0.257505
-132.641, -0.199375
-132.672, -0.143161
-132.702, -0.089631
-132.732, -0.039440
-132.763, 0.006891
-132.793, 0.048969
-132.824, 0.086550
-132.854, 0.119521
-132.884, 0.147916
-132.915, 0.171894
-132.945, 0.191733
-132.975, 0.207807
-133.006, 0.220584
-133.036, 0.230589
-133.066, 0.238394
-133.097, 0.244584
-133.127, 0.249747
-133.158, 0.254439
-133.188, 0.259172
-133.218, 0.264390
-133.249, 0.270456
-133.279, 0.277634
-133.309, 0.286091
-133.340, 0.295872
-133.370, 0.306919
-133.400, 0.319061
-133.431, 0.332025
-133.461, 0.345448
-133.492, 0.358886
-133.522, 0.371841
-133.552, 0.383771
-133.583, 0.394114
-133.613, 0.402317
-133.643, 0.407848
-133.674, 0.410230
-133.704, 0.409049
-133.734, 0.403986
-133.765, 0.394827
-133.795, 0.381472
-133.826, 0.363952
-133.856, 0.342433
-133.886, 0.317209
-133.917, 0.288712
-133.947, 0.257486
-133.977, 0.224195
-134.008, 0.189585
-134.038, 0.154487
-134.068, 0.119775
-134.099, 0.086355
-134.129, 0.055127
-134.159, 0.026971
-134.190, 0.002706
-134.220, -0.016920
-134.251, -0.031266
-134.281, -0.039815
-134.311, -0.042192
-134.342, -0.038175
-134.372, -0.027714
-134.402, -0.010926
-134.433, 0.011899
-134.463, 0.040305
-134.493, 0.073674
-134.524, 0.111250
-134.554, 0.152145
-134.585, 0.195371
-134.615, 0.239860
-134.645, 0.284492
-134.676, 0.325884
-134.706, 0.365141
-134.736, 0.401161
-134.767, 0.432913
-134.797, 0.459453
-134.827, 0.479965
-134.858, 0.493763
-134.888, 0.500324
-134.919, 0.499295
-134.949, 0.490509
-134.979, 0.473980
-135.010, 0.449910
-135.040, 0.418683
-135.070, 0.380856
-135.101, 0.337140
-135.131, 0.288390
-135.161, 0.235575
-135.192, 0.179767
-135.222, 0.122101
-135.252, 0.063755
-135.283, 0.005922
-135.313, -0.050220
-135.344, -0.103537
-135.374, -0.152955
-135.404, -0.197501
-135.435, -0.236301
-135.465, -0.268622
-135.495, -0.293868
-135.526, -0.311604
-135.556, -0.321547
-135.586, -0.323586
-135.617, -0.317774
-135.647, -0.304319
-135.678, -0.283584
-135.708, -0.256066
-135.738, -0.222397
-135.769, -0.183318
-135.799, -0.139653
-135.829, -0.092314
-135.860, -0.042255
-135.890, 0.009523
-135.920, 0.062020
-135.951, 0.114227
-135.981, 0.165170
-136.012, 0.213905
-136.042, 0.259553
-136.072, 0.301293
-136.103, 0.338393
-136.133, 0.370208
-136.163, 0.396188
-136.194, 0.415894
-136.224, 0.428984
-136.254, 0.435222
-136.285, 0.434490
-136.315, 0.426772
-136.346, 0.412148
-136.376, 0.390803
-136.406, 0.363017
-136.437, 0.329158
-136.467, 0.289670
-136.497, 0.245077
-136.528, 0.195965
-136.558, 0.142983
-136.588, 0.086829
-136.619, 0.028245
-136.649, -0.031995
-136.679, -0.093087
-136.710, -0.154216
-136.740, -0.214562
-136.771, -0.273293
-136.801, -0.329601
-136.831, -0.382698
-136.862, -0.431823
-136.892, -0.476253
-136.922, -0.515322
-136.953, -0.548423
-136.983, -0.575016
-137.013, -0.594642
-137.044, -0.606932
-137.074, -0.611608
-137.105, -0.608497
-137.135, -0.597534
-137.165, -0.578765
-137.196, -0.552353
-137.226, -0.518575
-137.256, -0.477822
-137.287, -0.430601
-137.317, -0.377524
-137.347, -0.319301
-137.378, -0.256736
-137.408, -0.190706
-137.439, -0.122167
-137.469, -0.052109
-137.499, 0.018423
-137.530, 0.088380
-137.560, 0.156702
-137.590, 0.222357
-137.621, 0.284338
-137.651, 0.341700
-137.681, 0.393569
-137.712, 0.439151
-137.742, 0.477766
-137.773, 0.508838
-137.803, 0.531923
-137.833, 0.546709
-137.864, 0.553021
-137.894, 0.550830
-137.924, 0.540243
-137.955, 0.521514
-137.985, 0.495023
-138.015, 0.461280
-138.046, 0.420904
-138.076, 0.374624
-138.106, 0.323244
-138.137, 0.267648
-138.167, 0.208770
-138.198, 0.147579
-138.228, 0.085061
-138.258, 0.022200
-138.289, -0.040040
-138.319, -0.100728
-138.349, -0.158990
-138.380, -0.214013
-138.410, -0.265064
-138.440, -0.311499
-138.471, -0.352770
-138.501, -0.388428
-138.532, -0.418136
-138.562, -0.441656
-138.592, -0.458866
-138.623, -0.469735
-138.653, -0.474339
-138.683, -0.472844
-138.714, -0.465498
-138.744, -0.452622
-138.774, -0.434611
-138.805, -0.411895
-138.835, -0.384974
-138.866, -0.354356
-138.896, -0.320590
-138.926, -0.284225
-138.957, -0.245817
-138.987, -0.205916
-139.017, -0.165052
-139.048, -0.123745
-139.078, -0.082480
-139.108, -0.041708
-139.139, -0.001852
-139.169, 0.036709
-139.199, 0.073634
-139.230, 0.108622
-139.260, 0.141417
-139.291, 0.171798
-139.321, 0.199588
-139.351, 0.224650
-139.382, 0.246876
-139.412, 0.266204
-139.442, 0.282593
-139.473, 0.296037
-139.503, 0.306559
-139.533, 0.314207
-139.564, 0.319053
-139.594, 0.321184
-139.625, 0.320717
-139.655, 0.317774
-139.685, 0.312504
-139.716, 0.305057
-139.746, 0.295600
-139.776, 0.284309
-139.807, 0.271365
-139.837, 0.256947
-139.867, 0.241247
-139.898, 0.224450
-139.928, 0.206734
-139.959, 0.188281
-139.989, 0.169256
-140.019, 0.149820
-140.050, 0.130119
-140.080, 0.110285
-140.110, 0.090439
-140.141, 0.070677
-140.171, 0.051085
-140.201, 0.031727
-140.232, 0.012647
-140.262, -0.006124
-140.293, -0.023947
-140.323, -0.041455
-140.353, -0.058667
-140.384, -0.075613
-140.414, -0.092331
-140.444, -0.108864
-140.475, -0.125263
-140.505, -0.141578
-140.535, -0.157854
-140.566, -0.174129
-140.596, -0.190436
-140.626, -0.206796
-140.657, -0.223216
-140.687, -0.239686
-140.718, -0.256181
-140.748, -0.272661
-140.778, -0.289066
-140.809, -0.305321
-140.839, -0.321333
-140.869, -0.336996
-140.900, -0.352190
-140.930, -0.366784
-140.960, -0.380642
-140.991, -0.393620
-141.021, -0.405576
-141.052, -0.416364
-141.082, -0.425842
-141.112, -0.433879
-141.143, -0.440348
-141.173, -0.445136
-141.203, -0.448143
-141.234, -0.449282
-141.264, -0.448484
-141.294, -0.445694
-141.325, -0.440876
-141.355, -0.434009
-141.386, -0.425088
-141.416, -0.414126
-141.446, -0.401147
-141.477, -0.386197
-141.507, -0.369322
-141.537, -0.350595
-141.568, -0.330089
-141.598, -0.307896
-141.628, -0.284109
-141.659, -0.258840
-141.689, -0.232207
-141.719, -0.204338
-141.750, -0.175371
-141.780, -0.145461
-141.811, -0.114764
-141.841, -0.083458
-141.871, -0.051725
-141.902, -0.019763
-141.932, 0.012216
-141.962, 0.043988
-141.993, 0.075325
-142.023, 0.105984
-142.053, 0.135719
-142.084, 0.164275
-142.114, 0.191404
-142.145, 0.216852
-142.175, 0.240383
-142.205, 0.261765
-142.236, 0.280796
-142.266, 0.297284
-142.296, 0.311078
-142.327, 0.322054
-142.357, 0.330132
-142.387, 0.335277
-142.418, 0.337495
-142.448, 0.336845
-142.479, 0.333443
-142.509, 0.327448
-142.539, 0.319075
-142.570, 0.308583
-142.600, 0.296276
-142.630, 0.282499
-142.661, 0.267620
-142.691, 0.252037
-142.721, 0.236156
-142.752, 0.220388
-142.782, 0.205137
-142.813, 0.190787
-142.843, 0.177692
-142.873, 0.166165
-142.904, 0.156472
-142.934, 0.148813
-142.964, 0.143328
-142.995, 0.140081
-143.025, 0.139064
-143.055, 0.140182
-143.086, 0.143278
-143.116, 0.148106
-143.146, 0.154362
-143.177, 0.161673
-143.207, 0.169625
-143.238, 0.177757
-143.268, 0.185581
-143.298, 0.192605
-143.329, 0.198338
-143.359, 0.202305
-143.389, 0.204075
-143.420, 0.203257
-143.450, 0.199541
-143.480, 0.192680
-143.511, 0.182520
-143.541, 0.169002
-143.572, 0.152175
-143.602, 0.132185
-143.632, 0.109282
-143.663, 0.083817
-143.693, 0.056235
-143.723, 0.027056
-143.754, -0.003124
-143.784, -0.033661
-143.814, -0.063870
-143.845, -0.093059
-143.875, -0.120533
-143.906, -0.145622
-143.936, -0.167704
-143.966, -0.186220
-143.997, -0.200695
-144.027, -0.210759
-144.057, -0.216146
-144.088, -0.216720
-144.118, -0.212476
-144.148, -0.203541
-144.179, -0.190176
-144.209, -0.172770
-144.240, -0.151834
-144.270, -0.127986
-144.300, -0.101936
-144.331, -0.074467
-144.361, -0.046414
-144.391, -0.018638
-144.422, 0.007993
-144.452, 0.032638
-144.482, 0.054499
-144.513, 0.072846
-144.543, 0.087055
-144.573, 0.096593
-144.604, 0.101080
-144.634, 0.100265
-144.665, 0.094052
-144.695, 0.082504
-144.725, 0.065840
-144.756, 0.044432
-144.786, 0.018799
-144.816, -0.010416
-144.847, -0.042447
-144.877, -0.076442
-144.907, -0.111479
-144.938, -0.146587
-144.968, -0.180782
-144.999, -0.213093
-145.029, -0.242581
-145.059, -0.268384
-145.090, -0.289720
-145.120, -0.305925
-145.150, -0.316469
-145.181, -0.320965
-145.211, -0.319189
-145.241, -0.311082
-145.272, -0.296747
-145.302, -0.276462
-145.333, -0.250654
-145.363, -0.219896
-145.393, -0.184891
-145.424, -0.146446
-145.454, -0.105460
-145.484, -0.062888
-145.515, -0.019715
-145.545, 0.023060
-145.575, 0.064467
-145.606, 0.103576
-145.636, 0.139538
-145.666, 0.171592
-145.697, 0.199097
-145.727, 0.221535
-145.758, 0.238539
-145.788, 0.249877
-145.818, 0.255476
-145.849, 0.255412
-145.879, 0.249901
-145.909, 0.239295
-145.940, 0.224057
-145.970, 0.204756
-146.000, 0.182039
-146.031, 0.156612
-146.061, 0.129216
-146.092, 0.100601
-146.122, 0.071508
-146.152, 0.042643
-146.183, 0.014655
-146.213, -0.011881
-146.243, -0.036475
-146.274, -0.058744
-146.304, -0.078409
-146.334, -0.095306
-146.365, -0.109385
-146.395, -0.120703
-146.426, -0.129428
-146.456, -0.135814
-146.486, -0.140191
-146.517, -0.142962
-146.547, -0.144565
-146.577, -0.145467
-146.608, -0.146143
-146.638, -0.147050
-146.668, -0.148615
-146.699, -0.151218
-146.729, -0.155166
-146.760, -0.160697
-146.790, -0.167956
-146.820, -0.176996
-146.851, -0.187773
-146.881, -0.200143
-146.911, -0.213872
-146.942, -0.228644
-146.972, -0.244059
-147.002, -0.259661
-147.033, -0.274943
-147.063, -0.289370
-147.093, -0.302391
-147.124, -0.313464
-147.154, -0.322065
-147.185, -0.327715
-147.215, -0.329992
-147.245, -0.328543
-147.276, -0.323099
-147.306, -0.313483
-147.336, -0.299618
-147.367, -0.281528
-147.397, -0.259336
-147.427, -0.233274
-147.458, -0.203654
-147.488, -0.170881
-147.519, -0.135430
-147.549, -0.097837
-147.579, -0.058681
-147.610, -0.018575
-147.640, 0.021863
-147.670, 0.062011
-147.701, 0.101270
-147.731, 0.139072
-147.761, 0.174900
-147.792, 0.208289
-147.822, 0.238849
-147.853, 0.266264
-147.883, 0.290289
-147.913, 0.310769
-147.944, 0.327624
-147.974, 0.340853
-148.004, 0.350523
-148.035, 0.356770
-148.065, 0.359781
-148.095, 0.359792
-148.126, 0.357072
-148.156, 0.351914
-148.187, 0.344621
-148.217, 0.335501
-148.247, 0.324855
-148.278, 0.312963
-148.308, 0.300087
-148.338, 0.286458
-148.369, 0.272275
-148.399, 0.257699
-148.429, 0.242864
-148.460, 0.227866
-148.490, 0.212771
-148.520, 0.197624
-148.551, 0.182447
-148.581, 0.167252
-148.612, 0.152041
-148.642, 0.136821
-148.672, 0.121599
-148.703, 0.106400
-148.733, 0.091264
##END=
