##TITLE=      new experiment
##JCAMP-DX=   5.01   $$ Agilent Technologies, VNMR Software
$$ VNMR Version VERSION Revision REVISION, May 22, 2014
$$ 2026/05/22 15:44:54 -0700
$$ writedata version 9.4, 2007-03-15
$$   listparam.c 3.2 (2009-03-17_09:34)
##DATA TYPE=  NMR SPECTRUM
##DATA CLASS= XYDATA
##ORIGIN=     WB400.mrrc.com.(none)
##OWNER=      solids
##SPECTROMETER/DATA SYSTEM=   Varian VNMRS-400
##.OBSERVE FREQUENCY= 100.5240406  $$ MHz
##.OBSERVE NUCLEUS=   ^13C
$$solvent=dmso
##.FIELD=             9.39         $$ Tesla
##.ACQUISITION TIME=  0.0102400    $$ seconds
##.AVERAGES=          1024         $$ number of transients
##RESOLUTION=         3.052        $$ digital resolution in Hz
##.MAS FREQUENCY=     34994        $$ Hz
##.PHASE 0=           135.4        $$ zero order phase correction (left edge)
##.PHASE 1=           -0.000293    $$ first order phase correction, deg/Hz
##$REFERENCE_POINT=   14953.888    $$ Referencing label
$$      Distance of the zero axis position (in Hz) from the last data
$$      point (right edge); positive values -> right edge is below 0 Hz
$$
$$ Varian specific parameters
$$ --------------------------
##$acqcycles=    8
##$acqdim=       1
##$acqpath=      <>
##$acqstatus=    (0..1)  101 0
##$ACQtime=      72220.5972
##$ad=           10                $$ usec
##$adir2tmplt=   <>
##$adirtmplt=    <>
##$aH90=         3675
##$aHhx=         3125
##$aHhy=         1525
##$aHmix=        2000
##$aHspinal=     2000
##$aHtppm=       3675
##$aHwaltz=      0
##$aHyx=         2000
##$alfa=         10                $$ usec
##$alock=        <n>
##$ampmode=      <dddd>
##$apptype=      <solidsseq1d>
##$Archive1=     <>
##$Archive2=     <>
##$archivedir=   <>
##$array=        <tHX,numPeriods>
##$arraydelta=   1
##$arraydim=     8
##$arraydodc=    <n>
##$arraydscale=  <n>
##$arrayelemts=  2
##$arrayflip=    <n>
##$arraystart=   1
##$arraystop=    2
##$at=           0.01024
##$avwdir=       <>
##$aX180=        3500
##$aX90=         3050
##$aXdfs=        0
##$aXhx=         3050
##$aXyx=         875
##$aY90=         2900
##$aYhy=         3950
##$aYspinal=     0
##$aYtppm=       0
##$aYyx=         3225
##$aZ90=         2000
##$bHX=          0
##$bHY=          0
##$bs=           1
##$bYX=          0
##$celem=        8
##$chHspinal=    <dec>
##$chHtppm=      <dec>
##$chHwaltz=     <dec>
##$chHX=         <fr>
##$chHY=         <fr>
##$chXdfs=       <>
##$chYspinal=    <dec2>
##$chYtppm=      <dec2>
##$chYX=         <fr>
##$clearparams=  <frHX toHX chHspinal chHtppm chXdfs>
##$comment=      <>
##$concentration= 0
##$console=      <vnmrs>
##$cp=           <y>
##$ct=           1024
##$d1=           3                 $$ sec
##$d2=           0                 $$ sec
##$d3=           0                 $$ usec
##$dataid=       <>
##$dataProcessed= 0
##$date=         <May  4 2026>
##$datname=      <>
##$ddrpm=        <>
##$ddrtc=        20                $$ usec
##$dec2wave=     <g>
##$dec3wave=     <g>
##$decwave=      <g>
##$density=      1
##$dfrq=         399.7394066       $$ Hz
##$dfrq2=        40.5041504
##$dfrq3=        0
##$dHX=          125
##$dHY=          100
##$dm=           <n>
##$dm2=          <n>
##$dm3=          <n>
##$dmf=          9900
##$dmf2=         10000
##$dmf3=         10000
##$dmm=          <c>
##$dmm2=         <c>
##$dmm3=         <c>
##$dn=           <H1>
##$dn2=          <N15>
##$dn2shapes=    (0..2)  <> <> <>
##$dn3=          <>
##$dn3shapes=    (0..2)  <> <> <>
##$dnshapes=     (0..2)  <> <> <>
##$dod=          0.00999999977648  $$ sec
##$dof=          -6013.1           $$ Hz
##$dof2=         -5468.4           $$ Hz
##$dof3=         0                 $$ Hz
##$dp=           <y>
##$dpwr=         54
##$dpwr2=        57
##$dpwr3=        54
##$dreffrq=      399.743421015
##$dreffrq2=     40.5210591862
##$dres=         90
##$dres2=        1
##$dres3=        1
##$dseq=         <>
##$dseq2=        <>
##$dseq3=        <>
##$dutyc=        0.1
##$dwell=        0                 $$ usec
##$dYX=          0
##$email_=       <>
##$emailwhen=    <>
##$emessage=     <n>
##$explabel=     <tancpx>
##$explist=      <>
##$exppath=      </home/solids/vnmrsys/exp675/acqfil>
##$f1coef=       <>
##$f1SW=         <>
##$f2SW=         <>
##$faculty=      <>
##$fb=           13800
##$fdfdir=       <>
##$fdffile=      <>
##$fidid=        <>
##$file=         <exp>
##$filename=     <>
##$filter=       44.0999984741
##$fn=           32768
##$frHX=         <dec>
##$frHY=         <dec>
##$frYX=         <dec2>
##$ftproc=       (0..1)  1 2
##$gain=         10
##$Gmap=         <lk>
##$Gmapname=     <>
##$go_id=        <exp675.solids.WB400.mrrc.com_1777922628_964047>
##$go_Options=   <go>
##$gxppars=      <>
##$H1reffrq=     399.743421015
##$hdmf=         600
##$hdof=         0                 $$ Hz
##$hdpsmode=     <n>
##$hdpwr=        1
##$hdpwrf=       4095
##$hdres=        9
##$hdseq=        <>
##$hdwave=       <SEDUCE1>
##$Hmixseq=      <>
##$homo=         <n>
##$homo2=        <n>
##$homo3=        <n>
##$hs=           <nn>
##$Hseq=         <tppm>
##$hsrotor=      <y>
##$hst=          0.00800000037998  $$ sec
##$ident=        <>
##$il=           <n>
##$in=           <n>
##$intstd=       <>
##$investigator= <>
##$IPrunid=      <>
##$iswt=         0
##$lb=           5
##$lcpeak_=      0
##$lllabel=      <>
##$load=         <n>
##$loc_=         0
##$locdir=       <>
##$lockfreq_=    61.3632           $$ Hz
##$lockgain_=    0
##$lockphase_=   0
##$lockpower_=   0
##$longlist=     <>
##$lot=          <>
##$lpalg=        <lpfft>
##$lpalg1=       <lpfft>
##$lpext=        5
##$lpext1=       1
##$lpfilt=       32
##$lpfilt1=      32
##$lpnupts=      256
##$lpnupts1=     64
##$lpopt=        <b>
##$lpopt1=       <b>
##$lpprint=      0
##$lpprint1=     0
##$lptrace=      0
##$lptrace1=     0
##$marker1=      <>
##$marker2=      <>
##$markerfrq1=   0
##$markerfrq2=   0
##$method=       <z1z2>
##$mfslp=        <n>
##$MinSW=        <off>
##$modules=      <>
##$name=         <>
##$nameprefix=   <>
##$newmodules=   <>
##$ni=           1
##$nloop=        0
##$notebook=     <>
##$np=           1024
##$npts=         0
##$nt=           1024
##$numPeriods=   (0..3)  3 5 7 10
##$obsSW=        <>
##$of1Xdfs=      0                 $$ Hz
##$of2Xdfs=      0                 $$ Hz
##$ofHX=         0                 $$ Hz
##$ofHY=         0                 $$ Hz
##$ofXdfs=       0                 $$ Hz
##$ofYX=         0                 $$ Hz
##$operator_=    <solids>
##$p1=           0                 $$ usec
##$p11console=   <>
##$pad=          0                 $$ sec
##$page=         <>
##$paramChanged= 0
##$parlabel=     <>
##$parver=       <VnmrJ VERSION 4.0 REVISION A>
##$parversion=   5.1
##$PFGflg=       <n>
##$phase=        1
##$phHspinal=    9.9864
##$phHtppm=      13.0086
##$phYspinal=    0
##$phYtppm=      0
##$plocklist=    <>
##$plotfile=     <>
##$pltopt=       <y>
##$pmode=        <full>
##$position1=    <>
##$position2=    <>
##$pp=           46.4000053406     $$ usec
##$pplvl=        55
##$pplvl_cf=     1
##$prcopt=       <y>
##$prescan=      (0..10)  <Not done> <Not done> <off> <off> <off> <off> <off> <on> <on> <> <>
##$priority=     5
##$probe_=       <1.6_MM_FMAS>
##$probetype_=   <mas>
##$proc=         <ft>
##$proccmd=      <wft>
##$procdim=      1
##$processid=    0
##$protocols=    <>
##$pslabel=      <tancpx_multi>
##$pw=           5.99999904633     $$ usec
##$pw90=         0                 $$ usec
##$pwH90=        1.4               $$ usec
##$pwHspinal=    8                 $$ usec
##$pwHtppm=      2.7               $$ usec
##$pwHwaltz=     0                 $$ usec
##$pwx=          15                $$ usec
##$pwX180=       5                 $$ usec
##$pwx2=         15                $$ usec
##$pwx2lvl=      55
##$pwx2lvl_cf=   1
##$pwX90=        2.5               $$ usec
##$pwXdfs=       0                 $$ usec
##$pwxlvl=       55
##$pwxlvl_cf=    1
##$pwY90=        5                 $$ usec
##$pwYspinal=    0                 $$ usec
##$pwYtppm=      0                 $$ usec
##$pwZ90=        4                 $$ usec
##$queue=        <dayQ>
##$rd=           10                $$ usec
##$ref=          651.583001501     $$ Hz
##$ref1=         0                 $$ Hz
##$reffrq2=      100.515085718
##$refsource1=   <dfrq>
##$refstd_=      <>
##$researchgroup= <>
##$retentiontime_= <>
##$rfband=       <ccc>
##$rfchnuclei=   <>
##$rof1=         0                 $$ usec
##$rof2=         24.975            $$ usec
##$sample=       <>
##$samplename=   <>
##$sampleowner=  <>
##$sampwt=       0
##$satdly=       0                 $$ sec
##$satfrq=       0                 $$ Hz
##$satmode=      <n>
##$satpwr=       0
##$saveglobal_=  (0..19)  <probe> <lcpeak> <loc> <lockpower> <lockgain> <lockphase> <lockfreq> <z0> <lkof> <vloc> <vrack> <vzone> <vproto> <pkpick> <parstyle> <operator> <studyid> <systemname> <probetype> <refstd>
##$saveshapes=   <>
##$scans=        <>
##$scoutinfo=    <>
##$sdirtmplt=    <>
##$seqfil=       <tancpx_multi>
##$sfrq=         100.5240406
##$shHX=         <l>
##$shHY=         <l>
##$shims=        <>
##$showarray=    <horiz>
##$showcontent=  <s>
##$shownumbers=  <n>
##$shownumstyle= <auto>
##$shownumx=     0
##$shownumy=     0
##$shYX=         <l>
##$sn=           50
##$solvent=      <dmso>
##$srate=        34994             $$ Hz
##$sreffrq=      100.515563163
##$ss=           0
##$sspul=        <n>
##$strtext=      5
##$strtext1=     1
##$strtlp=       5
##$strtlp1=      2
##$strtpar=      <>
##$study=        <>
##$studyid_=     <tmpstudy>
##$studyowner=   <solids>
##$studystatus=  <Empty>
##$studytime=    0
##$svfopt=       <y>
##$svftmplt=     <>
##$sw=           50000
##$sw1=          16000
##$systemname_=  <WB400.mrrc.com-vnmrs400>
##$tau1=         0                 $$ usec
##$tau2=         0                 $$ usec
##$tau3=         0                 $$ usec
##$tHmix=        50000             $$ usec
##$tHX=          (0..1)  1000 1500   $$ usec
##$tHY=          1000              $$ usec
##$time_exp=     <5 min, 26 sec>
##$time_plotted= <>
##$time_processed= <20260522T145230>
##$time_run=     <20260504T122349>
##$time_submitted= <20260504T122348>
##$time_submitted_local= <20260504T122348X12PMMonMay>
##$time_svfdate= <20260504T122348>
##$tin=          <n>
##$tn=           <C13>
##$tnshapes=     (0..2)  <> <> <>
##$tof=          -1048.7           $$ Hz
##$toHX=         <obs>
##$toHY=         <dec2>
##$toYX=         <obs>
##$tpwr=         59
##$tpwr_cf=      1
##$tunemethod=   <n>
##$tXmix=        0                 $$ usec
##$tYX=          1000              $$ usec
##$tZF=          1
##$user=         < 1-14-87>
##$username=     <Greg>
##$vloc_=        <A0>
##$volume=       0
##$vproto_=      <>
##$vrack_=       1
##$vtc=          25
##$vtwait=       1                 $$ sec
##$vzone_=       1
##$wbs=          <>
##$wdone=        <>
##$wds=          <>
##$werr=         <>
##$wexp=         <>
##$wnt=          <>
##$wshim=        <n>
##$wstart=       <>
##$wtfile=       <>
##$wtune=        <n>
##$x1=           -785
##$x2y2=         0
##$x3=           0
##$x4=           0
##$xy=           0
##$xz=           60
##$xz2=          0
##$y1=           -20
##$y3=           0
##$y4=           0
##$Yseq=         <>
##$yz=           0
##$yz2=          0
##$z0_=          0
##$z1=           -370
##$z1c=          -1044
##$z2=           -170
##$z2c=          196
##$z2x2y2=       0
##$z2x3=         0
##$z2xy=         0
##$z2y3=         0
##$z3=           -20
##$z3c=          0
##$z3x=          0
##$z3x2y2=       0
##$z3x3=         0
##$z3xy=         0
##$z3y=          0
##$z3y3=         0
##$z4=           0
##$z4c=          0
##$z4x=          0
##$z4x2y2=       0
##$z4xy=         0
##$z4y=          0
##$z5=           0
##$z5x=          0
##$z5y=          0
##$z6=           0
##$z7=           0
##$z8=           0
##$zx2y2=        0
##$zx3=          0
##$zxy=          0
##$zy3=          0
##$rp=           120.8
##$lp=           14.6
##$tracenumber=  6
##$rfl=          14954.8      $$ Hz
##$rfp=          0.0          $$ Hz
##$reffrq=       100.5139954  $$ MHz
##$axis=         <p2>
##$th=           15.8         $$ mm
##$sp=           -14951.7     $$ Hz
##$wp=           49996.9      $$ Hz
##$cr=           1992.8       $$ Hz
##$delta=        2519.2       $$ Hz
##$dmg=          <ph>
##$aig=          <ai>
##$vs=           3347831.8
$$
$$ End of Varian specific parameters
$$ ---------------------------------
$$ data saved in "DIFDUP" format
$$ Y-values stored with extended (24-bit) integer precision
$$
##DELTAX=        -3.051757812
##XUNITS=        PPM
##YUNITS=        ARBITRARY UNITS      $$ (mm on paper)
##XFACTOR=       1.000000000000
##YFACTOR=       1.000000000000
##FIRSTXHz=        35045.199112
##LASTXHz=         -14951.749130
##NPOINTS=       16384
##MAXY=          92.968384
##MINY=          -3.359091
##FIRSTY=        -2.704559
##XYDATA=        (XY..XY))
348.660, -2.704559
348.630, -2.611176
348.599, -2.495388
348.569, -2.357565
348.538, -2.198639
348.508, -2.020115
348.478, -1.824051
348.447, -1.613018
348.417, -1.390051
348.387, -1.158586
348.356, -0.922371
348.326, -0.685389
348.296, -0.451744
348.265, -0.225575
348.235, -0.010927
348.204, 0.188326
348.174, 0.368607
348.144, 0.526710
348.113, 0.659899
348.083, 0.765954
348.053, 0.843254
348.022, 0.890794
347.992, 0.908219
347.962, 0.895815
347.931, 0.854511
347.901, 0.785827
347.870, 0.691842
347.840, 0.575124
347.810, 0.438653
347.779, 0.285739
347.749, 0.119930
347.719, -0.055085
347.688, -0.235571
347.658, -0.417852
347.628, -0.598388
347.597, -0.773866
347.567, -0.941276
347.537, -1.097965
347.506, -1.241690
347.476, -1.370652
347.445, -1.483511
347.415, -1.579395
347.385, -1.657879
347.354, -1.718974
347.324, -1.763075
347.294, -1.790927
347.263, -1.803557
347.233, -1.802225
347.203, -1.788344
347.172, -1.763424
347.142, -1.729003
347.111, -1.686595
347.081, -1.637616
347.051, -1.583360
347.020, -1.524942
346.990, -1.463290
346.960, -1.399110
346.929, -1.332900
346.899, -1.264938
346.869, -1.195319
346.838, -1.123965
346.808, -1.050671
346.777, -0.975134
346.747, -0.897013
346.717, -0.815947
346.686, -0.731640
346.656, -0.643865
346.626, -0.552529
346.595, -0.457690
346.565, -0.359592
346.535, -0.258669
346.504, -0.155563
346.474, -0.051101
346.444, 0.053697
346.413, 0.157673
346.383, 0.259534
346.352, 0.357924
346.322, 0.451448
346.292, 0.538745
346.261, 0.618520
346.231, 0.689628
346.201, 0.751094
346.170, 0.802189
346.140, 0.842449
346.110, 0.871721
346.079, 0.890177
346.049, 0.898332
346.018, 0.897026
345.988, 0.887434
345.958, 0.871021
345.927, 0.849505
345.897, 0.824814
345.867, 0.799019
345.836, 0.774275
345.806, 0.752744
345.776, 0.736517
345.745, 0.727550
345.715, 0.727577
345.684, 0.738048
345.654, 0.760071
345.624, 0.794358
345.593, 0.841182
345.563, 0.900358
345.533, 0.971226
345.502, 1.052659
345.472, 1.143076
345.442, 1.240491
345.411, 1.342545
345.381, 1.446574
345.350, 1.549695
345.320, 1.648874
345.290, 1.741018
345.259, 1.823080
345.229, 1.892135
345.199, 1.945493
345.168, 1.980769
345.138, 1.995971
345.108, 1.989569
345.077, 1.960556
345.047, 1.908469
345.017, 1.833443
344.986, 1.736199
344.956, 1.618046
344.925, 1.480847
344.895, 1.326981
344.865, 1.159279
344.834, 0.980961
344.804, 0.795542
344.774, 0.606751
344.743, 0.418416
344.713, 0.234377
344.683, 0.058378
344.652, -0.106040
344.622, -0.255619
344.591, -0.387484
344.561, -0.499204
344.531, -0.588869
344.500, -0.655119
344.470, -0.697184
344.440, -0.714902
344.409, -0.708706
344.379, -0.679610
344.349, -0.629168
344.318, -0.559433
344.288, -0.472885
344.257, -0.372357
344.227, -0.260959
344.197, -0.141985
344.166, -0.018823
344.136, 0.105135
344.106, 0.226590
344.075, 0.342406
344.045, 0.449698
344.015, 0.545904
343.984, 0.628831
343.954, 0.696707
343.923, 0.748204
343.893, 0.782473
343.863, 0.799128
343.832, 0.798259
343.802, 0.780383
343.772, 0.746439
343.741, 0.697733
343.711, 0.635877
343.681, 0.562751
343.650, 0.480430
343.620, 0.391118
343.590, 0.297095
343.559, 0.200639
343.529, 0.103981
343.498, 0.009242
343.468, -0.081608
343.438, -0.166800
343.407, -0.244789
343.377, -0.314280
343.347, -0.374245
343.316, -0.423932
343.286, -0.462851
343.256, -0.490780
343.225, -0.507739
343.195, -0.513972
343.164, -0.509929
343.134, -0.496213
343.104, -0.473590
343.073, -0.442921
343.043, -0.405150
343.013, -0.361271
342.982, -0.312309
342.952, -0.259284
342.922, -0.203209
342.891, -0.145056
342.861, -0.085765
342.830, -0.026216
342.800, 0.032756
342.770, 0.090377
342.739, 0.145916
342.709, 0.198695
342.679, 0.248079
342.648, 0.293468
342.618, 0.334292
342.588, 0.370011
342.557, 0.400108
342.527, 0.424092
342.497, 0.441490
342.466, 0.451867
342.436, 0.454812
342.405, 0.449968
342.375, 0.437030
342.345, 0.415755
342.314, 0.385980
342.284, 0.347642
342.254, 0.300776
342.223, 0.245546
342.193, 0.182244
342.163, 0.111293
342.132, 0.033272
342.102, -0.051111
342.071, -0.140992
342.041, -0.235376
342.011, -0.333140
341.980, -0.433059
341.950, -0.533810
341.920, -0.634012
341.889, -0.732233
341.859, -0.827049
341.829, -0.917034
341.798, -1.000830
341.768, -1.077157
341.737, -1.144856
341.707, -1.202902
341.677, -1.250447
341.646, -1.286833
341.616, -1.311614
341.586, -1.324561
341.555, -1.325689
341.525, -1.315230
341.495, -1.293656
341.464, -1.261657
341.434, -1.220123
341.403, -1.170127
341.373, -1.112906
341.343, -1.049815
341.312, -0.982316
341.282, -0.911923
341.252, -0.840175
341.221, -0.768604
341.191, -0.698684
341.161, -0.631809
341.130, -0.569253
341.100, -0.512138
341.070, -0.461411
341.039, -0.417824
341.009, -0.381910
340.978, -0.353974
340.948, -0.334091
340.918, -0.322093
340.887, -0.317585
340.857, -0.319945
340.827, -0.328344
340.796, -0.341765
340.766, -0.359025
340.736, -0.378802
340.705, -0.399665
340.675, -0.420114
340.644, -0.438603
340.614, -0.453592
340.584, -0.463565
340.553, -0.467090
340.523, -0.462837
340.493, -0.449624
340.462, -0.426442
340.432, -0.392499
340.402, -0.347232
340.371, -0.290341
340.341, -0.221806
340.310, -0.141905
340.280, -0.055920
340.250, 0.038469
340.219, 0.141574
340.189, 0.251912
340.159, 0.367712
340.128, 0.486957
340.098, 0.607391
340.068, 0.726572
340.037, 0.841902
340.007, 0.950681
339.977, 1.050156
339.946, 1.137586
339.916, 1.210290
339.885, 1.265723
339.855, 1.301535
339.825, 1.315634
339.794, 1.306250
339.764, 1.271996
339.734, 1.211922
339.703, 1.125564
339.673, 1.012979
339.643, 0.874785
339.612, 0.712170
339.582, 0.526908
339.551, 0.321344
339.521, 0.098387
339.491, -0.138543
339.460, -0.385542
339.430, -0.638304
339.400, -0.892180
339.369, -1.142284
339.339, -1.383577
339.309, -1.610973
339.278, -1.819470
339.248, -2.004248
339.217, -2.160798
339.187, -2.285031
339.157, -2.373393
339.126, -2.422973
339.096, -2.431581
339.066, -2.397835
339.035, -2.321220
339.005, -2.202122
338.975, -2.041859
338.944, -1.842672
338.914, -1.607697
338.883, -1.340925
338.853, -1.047118
338.823, -0.731732
338.792, -0.400792
338.762, -0.060764
338.732, 0.281586
338.701, 0.619356
338.671, 0.945658
338.641, 1.253800
338.610, 1.537441
338.580, 1.790752
338.550, 2.008565
338.519, 2.186514
338.489, 2.321136
338.458, 2.409981
338.428, 2.451676
338.398, 2.445959
338.367, 2.393704
338.337, 2.296898
338.307, 2.158596
338.276, 1.982846
338.246, 1.774586
338.216, 1.539522
338.185, 1.283973
338.155, 1.014714
338.124, 0.738790
338.094, 0.463335
338.064, 0.195378
338.033, -0.058336
338.003, -0.291536
337.973, -0.498585
337.942, -0.674627
337.912, -0.815721
337.882, -0.918938
337.851, -0.982438
337.821, -1.005507
337.790, -0.988575
337.760, -0.933190
337.730, -0.841971
337.699, -0.718511
337.669, -0.567284
337.639, -0.393497
337.608, -0.202948
337.578, -0.001834
337.548, 0.203408
337.517, 0.406307
337.487, 0.600532
337.456, 0.780088
337.426, 0.939467
337.396, 1.073829
337.365, 1.179115
337.335, 1.252174
337.305, 1.290837
337.274, 1.293972
337.244, 1.261519
337.214, 1.194467
337.183, 1.094826
337.153, 0.965562
337.123, 0.810486
337.092, 0.634158
337.062, 0.441733
337.031, 0.238809
337.001, 0.031261
336.971, -0.174917
336.940, -0.373808
336.910, -0.559724
336.880, -0.727371
336.849, -0.871993
336.819, -0.989501
336.789, -1.076581
336.758, -1.130776
336.728, -1.150543
336.697, -1.135287
336.667, -1.085359
336.637, -1.002033
336.606, -0.887464
336.576, -0.744602
336.546, -0.577114
336.515, -0.389261
336.485, -0.185779
336.455, 0.028259
336.424, 0.247578
336.394, 0.466845
336.363, 0.680810
336.333, 0.884438
336.303, 1.073026
336.272, 1.242315
336.242, 1.388585
336.212, 1.508727
336.181, 1.600300
336.151, 1.661565
336.121, 1.691505
336.090, 1.689816
336.060, 1.656891
336.030, 1.593783
335.999, 1.502139
335.969, 1.384154
335.938, 1.242486
335.908, 1.080174
335.878, 0.900557
335.847, 0.707181
335.817, 0.503731
335.787, 0.293924
335.756, 0.081458
335.726, -0.130075
335.696, -0.337243
335.665, -0.536824
335.635, -0.725848
335.604, -0.901634
335.574, -1.061815
335.544, -1.204339
335.513, -1.327499
335.483, -1.429921
335.453, -1.510566
335.422, -1.568720
335.392, -1.603992
335.362, -1.616298
335.331, -1.605858
335.301, -1.573174
335.270, -1.519034
335.240, -1.444499
335.210, -1.350895
335.179, -1.239803
335.149, -1.113062
335.119, -0.972755
335.088, -0.821199
335.058, -0.660929
335.028, -0.494692
334.997, -0.325413
334.967, -0.156168
334.936, 0.009842
334.906, 0.169350
334.876, 0.319053
334.845, 0.455692
334.815, 0.576101
334.785, 0.677276
334.754, 0.756461
334.724, 0.811210
334.694, 0.839471
334.663, 0.842661
334.633, 0.816724
334.603, 0.761193
334.572, 0.676253
334.542, 0.562767
334.511, 0.422298
334.481, 0.257117
334.451, 0.070187
334.420, -0.134869
334.390, -0.353831
334.360, -0.581943
334.329, -0.814014
334.299, -1.044533
334.269, -1.267793
334.238, -1.478020
334.208, -1.669534
334.177, -1.836897
334.147, -1.975062
334.117, -2.079523
334.086, -2.146463
334.056, -2.172865
334.026, -2.156641
333.995, -2.096704
333.965, -1.993034
333.935, -1.846719
333.904, -1.659953
333.874, -1.436011
333.843, -1.179190
333.813, -0.894722
333.783, -0.588656
333.752, -0.267711
333.722, 0.060887
333.692, 0.389594
333.661, 0.710746
333.631, 1.016764
333.601, 1.300363
333.570, 1.554761
333.540, 1.773856
333.509, 1.952432
333.479, 2.086280
333.449, 2.172353
333.418, 2.208845
333.388, 2.195259
333.358, 2.132431
333.327, 2.022511
333.297, 1.868919
333.267, 1.676244
333.236, 1.450127
333.206, 1.197099
333.176, 0.924402
333.145, 0.639781
333.115, 0.351258
333.084, 0.066908
333.054, -0.205378
333.024, -0.458113
332.993, -0.684444
332.963, -0.878336
332.933, -1.034759
332.902, -1.149808
332.872, -1.220841
332.842, -1.246524
332.811, -1.226875
332.781, -1.163252
332.750, -1.058298
332.720, -0.915856
332.690, -0.740836
332.659, -0.539063
332.629, -0.317089
332.599, -0.081986
332.568, 0.158875
332.538, 0.398056
332.508, 0.628274
332.477, 0.842634
332.447, 1.034830
332.416, 1.199339
332.386, 1.331574
332.356, 1.428030
332.325, 1.486363
332.295, 1.505465
332.265, 1.485460
332.234, 1.427705
332.204, 1.334715
332.174, 1.210069
332.143, 1.058278
332.113, 0.884628
332.083, 0.694994
332.052, 0.495644
332.022, 0.293022
331.991, 0.093540
331.961, -0.096634
331.931, -0.271778
331.900, -0.426798
331.870, -0.557386
331.840, -0.660159
331.809, -0.732753
331.779, -0.773890
331.749, -0.783411
331.718, -0.762262
331.688, -0.712449
331.657, -0.636964
331.627, -0.539658
331.597, -0.425117
331.566, -0.298486
331.536, -0.165291
331.506, -0.031251
331.475, 0.097932
331.445, 0.216753
331.415, 0.320102
331.384, 0.403433
331.354, 0.462919
331.323, 0.495579
331.293, 0.499377
331.263, 0.473290
331.232, 0.417338
331.202, 0.332591
331.172, 0.221120
331.141, 0.085938
331.111, -0.069096
331.081, -0.239410
331.050, -0.419870
331.020, -0.604931
330.989, -0.788831
330.959, -0.965755
330.929, -1.130044
330.898, -1.276337
330.868, -1.399773
330.838, -1.496113
330.807, -1.561878
330.777, -1.594446
330.747, -1.592136
330.716, -1.554243
330.686, -1.481057
330.656, -1.373838
330.625, -1.234785
330.595, -1.066946
330.564, -0.874131
330.534, -0.660784
330.504, -0.431859
330.473, -0.192658
330.443, 0.051310
330.413, 0.294501
330.382, 0.531477
330.352, 0.757057
330.322, 0.966458
330.291, 1.155402
330.261, 1.320221
330.230, 1.457942
330.200, 1.566324
330.170, 1.643914
330.139, 1.690029
330.109, 1.704757
330.079, 1.688910
330.048, 1.643973
330.018, 1.572028
329.988, 1.475662
329.957, 1.357877
329.927, 1.221978
329.896, 1.071479
329.866, 0.909990
329.836, 0.741105
329.805, 0.568343
329.775, 0.395025
329.745, 0.224235
329.714, 0.058746
329.684, -0.099008
329.654, -0.246982
329.623, -0.383493
329.593, -0.507258
329.562, -0.617349
329.532, -0.713191
329.502, -0.794494
329.471, -0.861259
329.441, -0.913688
329.411, -0.952166
329.380, -0.977201
329.350, -0.989395
329.320, -0.989390
329.289, -0.977853
329.259, -0.955440
329.229, -0.922797
329.198, -0.880532
329.168, -0.829240
329.137, -0.769490
329.107, -0.701862
329.077, -0.626186
329.046, -0.543869
329.016, -0.455618
328.986, -0.362238
328.955, -0.264645
328.925, -0.163889
328.895, -0.061161
328.864, 0.042198
328.834, 0.144713
328.803, 0.244779
328.773, 0.340695
328.743, 0.430678
328.712, 0.512928
328.682, 0.585656
328.652, 0.647152
328.621, 0.695823
328.591, 0.730275
328.561, 0.749344
328.530, 0.752170
328.500, 0.738230
328.469, 0.707388
328.439, 0.659912
328.409, 0.596505
328.378, 0.518294
328.348, 0.426831
328.318, 0.324066
328.287, 0.212302
328.257, 0.094149
328.227, -0.027537
328.196, -0.149737
328.166, -0.269345
328.136, -0.383264
328.105, -0.488486
328.075, -0.582190
328.044, -0.661825
328.014, -0.725197
327.984, -0.770527
327.953, -0.796523
327.923, -0.802418
327.893, -0.788003
327.862, -0.753625
327.832, -0.700201
327.802, -0.629175
327.771, -0.542488
327.741, -0.442512
327.710, -0.331982
327.680, -0.213907
327.650, -0.091481
327.619, 0.032019
327.589, 0.153337
327.559, 0.269339
327.528, 0.377113
327.498, 0.474053
327.468, 0.557945
327.437, 0.627035
327.407, 0.680072
327.376, 0.716347
327.346, 0.735711
327.316, 0.738563
327.285, 0.725829
327.255, 0.698936
327.225, 0.659729
327.194, 0.610424
327.164, 0.553515
327.134, 0.491682
327.103, 0.427694
327.073, 0.364317
327.042, 0.304205
327.012, 0.249824
326.982, 0.203353
326.951, 0.166620
326.921, 0.141039
326.891, 0.127577
326.860, 0.126708
326.830, 0.138430
326.800, 0.162250
326.769, 0.197240
326.739, 0.242047
326.709, 0.294984
326.678, 0.354073
326.648, 0.417148
326.617, 0.481917
326.587, 0.546069
326.557, 0.607355
326.526, 0.663674
326.496, 0.713141
326.466, 0.754169
326.435, 0.785508
326.405, 0.806298
326.375, 0.816082
326.344, 0.814820
326.314, 0.802879
326.283, 0.781002
326.253, 0.750272
326.223, 0.712055
326.192, 0.667932
326.162, 0.619623
326.132, 0.568919
326.101, 0.517584
326.071, 0.467284
326.041, 0.419509
326.010, 0.375504
325.980, 0.336208
325.949, 0.302215
325.919, 0.273743
325.889, 0.250617
325.858, 0.232273
325.828, 0.217788
325.798, 0.205907
325.767, 0.195102
325.737, 0.183638
325.707, 0.169647
325.676, 0.151218
325.646, 0.126486
325.616, 0.093719
325.585, 0.051413
325.555, -0.001625
325.524, -0.066210
325.494, -0.142711
325.464, -0.231016
325.433, -0.330483
325.403, -0.439957
325.373, -0.557764
325.342, -0.681742
325.312, -0.809299
325.282, -0.937475
325.251, -1.063027
325.221, -1.182531
325.190, -1.292481
325.160, -1.389412
325.130, -1.470014
325.099, -1.531240
325.069, -1.570430
325.039, -1.585399
325.008, -1.574532
324.978, -1.536853
324.948, -1.472076
324.917, -1.380639
324.887, -1.263707
324.856, -1.123163
324.826, -0.961566
324.796, -0.782089
324.765, -0.588449
324.735, -0.384798
324.705, -0.175611
324.674, 0.034431
324.644, 0.240579
324.614, 0.438151
324.583, 0.622659
324.553, 0.789943
324.522, 0.936285
324.492, 1.058513
324.462, 1.154089
324.431, 1.221178
324.401, 1.258686
324.371, 1.266292
324.340, 1.244434
324.310, 1.194294
324.280, 1.117749
324.249, 1.017295
324.219, 0.895965
324.189, 0.757231
324.158, 0.604884
324.128, 0.442916
324.097, 0.275398
324.067, 0.106356
324.037, -0.060352
324.006, -0.221135
323.976, -0.372778
323.946, -0.512508
323.915, -0.638076
323.885, -0.747780
323.855, -0.840499
323.824, -0.915696
323.794, -0.973388
323.763, -1.014115
323.733, -1.038883
323.703, -1.049089
323.672, -1.046440
323.642, -1.032862
323.612, -1.010404
323.581, -0.981133
323.551, -0.947056
323.521, -0.910014
323.490, -0.876697
323.460, -0.843338
323.429, -0.810901
323.399, -0.779968
323.369, -0.750734
323.338, -0.722997
323.308, -0.696194
323.278, -0.669440
323.247, -0.641580
323.217, -0.611258
323.187, -0.577000
323.156, -0.537301
323.126, -0.490704
323.095, -0.435910
323.065, -0.371842
323.035, -0.297734
323.004, -0.213199
322.974, -0.118271
322.944, -0.013459
322.913, 0.100253
322.883, 0.221392
322.853, 0.348026
322.822, 0.477794
322.792, 0.607972
322.762, 0.735540
322.731, 0.857280
322.701, 0.969859
322.670, 1.069950
322.640, 1.154338
322.610, 1.220029
322.579, 1.264360
322.549, 1.285095
322.519, 1.280516
322.488, 1.249501
322.458, 1.191570
322.428, 1.106937
322.397, 0.996507
322.367, 0.861888
322.336, 0.705354
322.306, 0.529800
322.276, 0.338674
322.245, 0.135885
322.215, -0.074294
322.185, -0.287339
322.154, -0.498596
322.124, -0.703414
322.094, -0.897261
322.063, -1.075861
322.033, -1.235295
322.002, -1.372118
321.972, -1.483448
321.942, -1.567025
321.911, -1.621298
321.881, -1.645423
321.851, -1.639302
321.820, -1.603566
321.790, -1.539544
321.760, -1.449214
321.729, -1.335147
321.699, -1.200410
321.669, -1.048490
321.638, -0.883173
321.608, -0.708450
321.577, -0.528402
321.547, -0.347091
321.517, -0.168454
321.486, 0.003793
321.456, 0.166234
321.426, 0.315831
321.395, 0.449982
321.365, 0.566562
321.335, 0.663949
321.304, 0.741032
321.274, 0.797202
321.243, 0.832344
321.213, 0.846780
321.183, 0.841244
321.152, 0.816821
321.122, 0.774884
321.092, 0.717036
321.061, 0.645040
321.031, 0.560764
321.001, 0.466120
320.970, 0.363004
320.940, 0.253270
320.909, 0.138671
320.879, 0.020857
320.849, -0.098653
320.818, -0.218474
320.788, -0.337351
320.758, -0.454143
320.727, -0.567813
320.697, -0.677386
320.667, -0.781943
320.636, -0.880583
320.606, -0.972389
320.575, -1.056421
320.545, -1.131681
320.515, -1.197113
320.484, -1.251595
320.454, -1.293937
320.424, -1.322915
320.393, -1.337266
320.363, -1.335752
320.333, -1.317170
320.302, -1.280426
320.272, -1.224567
320.242, -1.148845
320.211, -1.052769
320.181, -0.936157
320.150, -0.799190
320.120, -0.642446
320.090, -0.466938
320.059, -0.274133
320.029, -0.065961
319.999, 0.155190
319.968, 0.386492
319.938, 0.624715
319.908, 0.866272
319.877, 1.107288
319.847, 1.343665
319.816, 1.571185
319.786, 1.785586
319.756, 1.982671
319.725, 2.158411
319.695, 2.309044
319.665, 2.431172
319.634, 2.521860
319.604, 2.578705
319.574, 2.599923
319.543, 2.584385
319.513, 2.531677
319.482, 2.442096
319.452, 2.316673
319.422, 2.157148
319.391, 1.965934
319.361, 1.746069
319.331, 1.501133
319.300, 1.235189
319.270, 0.952662
319.240, 0.658261
319.209, 0.356849
319.179, 0.053343
319.148, -0.247397
319.118, -0.540677
319.088, -0.822071
319.057, -1.087503
319.027, -1.333333
318.997, -1.556415
318.966, -1.754152
318.936, -1.924514
318.906, -2.066076
318.875, -2.177994
318.845, -2.260004
318.815, -2.312387
318.784, -2.335923
318.754, -2.331840
318.723, -2.301752
318.693, -2.247591
318.663, -2.171530
318.632, -2.075930
318.602, -1.963243
318.572, -1.835975
318.541, -1.696606
318.511, -1.547551
318.481, -1.391110
318.450, -1.229445
318.420, -1.064550
318.389, -0.898243
318.359, -0.732164
318.329, -0.567778
318.298, -0.406390
318.268, -0.249167
318.238, -0.097157
318.207, 0.048684
318.177, 0.187468
318.147, 0.318349
318.116, 0.440506
318.086, 0.553130
318.055, 0.655404
318.025, 0.746514
317.995, 0.825641
317.964, 0.891988
317.934, 0.944781
317.904, 0.988103
317.873, 1.016535
317.843, 1.029573
317.813, 1.026868
317.782, 1.008257
317.752, 0.973807
317.722, 0.923834
317.691, 0.858930
317.661, 0.779973
317.630, 0.688146
317.600, 0.584922
317.570, 0.472053
317.539, 0.351544
317.509, 0.225620
317.479, 0.096679
317.448, -0.032765
317.418, -0.160147
317.388, -0.282910
317.357, -0.398586
317.327, -0.504862
317.296, -0.599650
317.266, -0.681158
317.236, -0.747939
317.205, -0.798950
317.175, -0.833580
317.145, -0.851680
317.114, -0.853566
317.084, -0.840020
317.054, -0.812257
317.023, -0.771900
316.993, -0.720915
316.962, -0.661555
316.932, -0.596273
316.902, -0.527650
316.871, -0.458292
316.841, -0.390746
316.811, -0.327393
316.780, -0.270382
316.750, -0.221524
316.720, -0.182237
316.689, -0.153488
316.659, -0.135742
316.628, -0.128945
316.598, -0.132514
316.568, -0.145358
316.537, -0.165900
316.507, -0.192138
316.477, -0.221707
316.446, -0.251968
316.416, -0.280097
316.386, -0.303191
316.355, -0.318377
316.325, -0.322926
316.295, -0.314358
316.264, -0.290541
316.234, -0.249787
316.203, -0.190928
316.173, -0.113378
316.143, -0.017165
316.112, 0.097034
316.082, 0.227906
316.052, 0.373520
316.021, 0.531387
315.991, 0.698509
315.961, 0.871484
315.930, 1.046595
315.900, 1.219939
315.869, 1.387544
315.839, 1.545502
315.809, 1.690098
315.778, 1.817941
315.748, 1.926077
315.718, 2.012092
315.687, 2.074211
315.657, 2.111354
315.627, 2.123191
315.596, 2.110156
315.566, 2.073446
315.535, 2.014998
315.505, 1.937422
315.475, 1.843929
315.444, 1.738232
315.414, 1.624426
315.384, 1.506859
315.353, 1.389993
315.323, 1.278248
315.293, 1.175866
315.262, 1.086764
315.232, 1.014402
315.201, 0.961666
315.171, 0.930767
315.141, 0.923161
315.110, 0.939495
315.080, 0.979587
315.050, 1.042407
315.019, 1.126125
314.989, 1.228148
314.959, 1.345210
314.928, 1.473466
314.898, 1.608614
314.868, 1.746027
314.837, 1.880908
314.807, 2.008433
314.776, 2.123904
314.746, 2.222901
314.716, 2.301419
314.685, 2.355987
314.655, 2.383799
314.625, 2.382764
314.594, 2.351595
314.564, 2.289844
314.534, 2.197895
314.503, 2.076965
314.473, 1.929048
314.442, 1.756858
314.412, 1.563722
314.382, 1.353499
314.351, 1.130423
314.321, 0.899000
314.291, 0.663853
314.260, 0.429581
314.230, 0.200627
314.200, -0.018845
314.169, -0.225082
314.139, -0.414823
314.108, -0.585395
314.078, -0.734758
314.048, -0.861554
314.017, -0.965106
313.987, -1.045418
313.957, -1.103125
313.926, -1.139456
313.896, -1.156143
313.866, -1.155344
313.835, -1.139528
313.805, -1.111387
313.775, -1.073705
313.744, -1.029252
313.714, -0.980689
313.683, -0.930453
313.653, -0.880682
313.623, -0.833150
313.592, -0.789208
313.562, -0.749752
313.532, -0.715213
313.501, -0.685563
313.471, -0.660344
313.441, -0.638709
313.410, -0.619486
313.380, -0.601253
313.349, -0.582412
313.319, -0.561290
313.289, -0.536223
313.258, -0.505647
313.228, -0.468188
313.198, -0.422733
313.167, -0.368490
313.137, -0.305052
313.107, -0.232417
313.076, -0.151011
313.046, -0.061679
313.015, 0.034328
312.985, 0.135398
312.955, 0.239614
312.924, 0.344818
312.894, 0.448686
312.864, 0.548830
312.833, 0.642876
312.803, 0.728558
312.773, 0.803817
312.742, 0.866862
312.712, 0.916266
312.681, 0.951009
312.651, 0.970528
312.621, 0.974740
312.590, 0.964046
312.560, 0.939329
312.530, 0.901918
312.499, 0.853534
312.469, 0.796240
312.439, 0.732354
312.408, 0.664362
312.378, 0.594830
312.348, 0.526296
312.317, 0.459105
312.287, 0.397542
312.256, 0.343509
312.226, 0.298543
312.196, 0.263746
312.165, 0.239742
312.135, 0.226654
312.105, 0.224104
312.074, 0.231226
312.044, 0.246696
312.014, 0.268795
311.983, 0.295469
311.953, 0.324426
311.922, 0.353217
311.892, 0.379343
311.862, 0.400367
311.831, 0.414002
311.801, 0.418227
311.771, 0.411362
311.740, 0.392150
311.710, 0.359824
311.680, 0.314131
311.649, 0.255377
311.619, 0.184408
311.588, 0.102593
311.558, 0.011790
311.528, -0.085732
311.497, -0.187369
311.467, -0.290267
311.437, -0.391452
311.406, -0.487926
311.376, -0.576794
311.346, -0.655383
311.315, -0.721339
311.285, -0.772751
311.255, -0.808212
311.224, -0.826908
311.194, -0.828646
311.163, -0.813893
311.133, -0.783768
311.103, -0.740017
311.072, -0.684958
311.042, -0.621417
311.012, -0.552623
310.981, -0.482106
310.951, -0.413555
310.921, -0.350702
310.890, -0.297170
310.860, -0.256336
310.829, -0.231194
310.799, -0.224242
310.769, -0.237357
310.738, -0.271733
310.708, -0.327795
310.678, -0.405175
310.647, -0.502692
310.617, -0.618386
310.587, -0.749553
310.556, -0.892836
310.526, -1.044318
310.495, -1.199645
310.465, -1.354184
310.435, -1.503164
310.404, -1.641848
310.374, -1.765708
310.344, -1.870570
310.313, -1.952793
310.283, -2.009392
310.253, -2.038162
310.222, -2.037776
310.192, -2.007846
310.161, -1.948961
310.131, -1.862692
310.101, -1.751548
310.070, -1.618921
310.040, -1.468984
310.010, -1.306565
309.979, -1.136996
309.949, -0.965939
309.919, -0.799202
309.888, -0.642552
309.858, -0.501498
309.828, -0.381125
309.797, -0.285895
309.767, -0.219495
309.736, -0.184691
309.706, -0.183233
309.676, -0.215749
309.645, -0.281736
309.615, -0.379530
309.585, -0.506354
309.554, -0.658390
309.524, -0.830869
309.494, -1.018238
309.463, -1.214308
309.433, -1.412445
309.402, -1.605792
309.372, -1.787475
309.342, -1.950826
309.311, -2.089604
309.281, -2.198201
309.251, -2.271829
309.220, -2.306681
309.190, -2.300069
309.160, -2.250527
309.129, -2.157865
309.099, -2.023200
309.068, -1.848930
309.038, -1.638684
309.008, -1.397215
308.977, -1.130279
308.947, -0.844449
308.917, -0.546956
308.886, -0.245443
308.856, 0.052231
308.826, 0.338247
308.795, 0.605035
308.765, 0.845513
308.734, 1.053285
308.704, 1.222837
308.674, 1.349686
308.643, 1.430516
308.613, 1.463265
308.583, 1.447184
308.552, 1.382839
308.522, 1.272105
308.492, 1.118081
308.461, 0.925011
308.431, 0.698129
308.401, 0.443522
308.370, 0.167929
308.340, -0.121446
308.309, -0.417150
308.279, -0.711687
308.249, -0.997728
308.218, -1.268316
308.188, -1.517045
308.158, -1.738209
308.127, -1.926963
308.097, -2.079415
308.067, -2.192694
308.036, -2.265014
308.006, -2.295663
307.975, -2.284981
307.945, -2.234323
307.915, -2.145949
307.884, -2.022943
307.854, -1.869064
307.824, -1.688626
307.793, -1.486328
307.763, -1.267116
307.733, -1.036010
307.702, -0.797979
307.672, -0.557788
307.641, -0.319886
307.611, -0.088298
307.581, 0.133445
307.550, 0.342373
307.520, 0.536104
307.490, 0.712868
307.459, 0.871464
307.429, 1.011261
307.399, 1.132120
307.368, 1.234343
307.338, 1.318581
307.308, 1.385765
307.277, 1.437003
307.247, 1.473503
307.216, 1.496478
307.186, 1.507093
307.156, 1.506379
307.125, 1.495208
307.095, 1.474242
307.065, 1.443929
307.034, 1.404501
307.004, 1.356004
306.974, 1.298312
306.943, 1.231194
306.913, 1.154358
306.882, 1.067527
306.852, 0.970495
306.822, 0.863217
306.791, 0.745850
306.761, 0.618831
306.731, 0.480459
306.700, 0.334302
306.670, 0.181845
306.640, 0.024949
306.609, -0.134172
306.579, -0.292980
306.548, -0.448674
306.518, -0.598254
306.488, -0.738612
306.457, -0.866636
306.427, -0.979297
306.397, -1.073778
306.366, -1.147566
306.336, -1.198577
306.306, -1.225235
306.275, -1.226561
306.245, -1.202242
306.214, -1.152677
306.184, -1.078993
306.154, -0.983056
306.123, -0.867434
306.093, -0.735356
306.063, -0.590615
306.032, -0.437493
306.002, -0.280620
305.972, -0.124850
305.941, 0.024897
305.911, 0.163785
305.881, 0.287233
305.850, 0.391058
305.820, 0.471629
305.789, 0.526011
305.759, 0.552066
305.729, 0.548555
305.698, 0.515204
305.668, 0.452732
305.638, 0.362867
305.607, 0.248306
305.577, 0.112668
305.547, -0.039615
305.516, -0.203404
305.486, -0.373014
305.455, -0.542368
305.425, -0.705193
305.395, -0.855203
305.364, -0.986312
305.334, -1.092821
305.304, -1.169608
305.273, -1.212302
305.243, -1.217451
305.213, -1.182623
305.182, -1.106526
305.152, -0.989065
305.121, -0.831374
305.091, -0.635798
305.061, -0.405855
305.030, -0.146152
305.000, 0.137742
304.970, 0.439429
304.939, 0.751871
304.909, 1.067580
304.879, 1.378832
304.848, 1.677889
304.818, 1.957218
304.787, 2.209714
304.757, 2.428907
304.727, 2.609150
304.696, 2.745790
304.666, 2.835296
304.636, 2.875371
304.605, 2.865017
304.575, 2.804574
304.545, 2.695695
304.514, 2.541316
304.484, 2.345562
304.454, 2.113629
304.423, 1.851645
304.393, 1.566477
304.362, 1.265559
304.332, 0.956663
304.302, 0.647695
304.271, 0.346462
304.241, 0.060478
304.211, -0.203254
304.180, -0.438420
304.150, -0.639560
304.120, -0.802197
304.089, -0.922945
304.059, -0.999582
304.028, -1.031078
303.998, -1.017602
303.968, -0.960489
303.937, -0.862168
303.907, -0.726069
303.877, -0.556497
303.846, -0.358497
303.816, -0.137676
303.786, 0.099950
303.755, 0.348155
303.725, 0.600668
303.694, 0.851353
303.664, 1.094370
303.634, 1.324331
303.603, 1.536421
303.573, 1.726508
303.543, 1.891218
303.512, 2.028015
303.482, 2.135198
303.452, 2.211919
303.421, 2.258161
303.391, 2.274678
303.361, 2.262931
303.330, 2.225003
303.300, 2.163488
303.269, 2.081384
303.239, 1.981972
303.209, 1.868692
303.178, 1.745034
303.148, 1.614414
303.118, 1.480077
303.087, 1.345009
303.057, 1.211859
303.027, 1.082885
302.996, 0.959919
302.966, 0.844337
302.935, 0.737060
302.905, 0.638580
302.875, 0.548976
302.844, 0.467967
302.814, 0.394964
302.784, 0.329141
302.753, 0.269494
302.723, 0.214919
302.693, 0.164276
302.662, 0.116464
302.632, 0.070477
302.601, 0.025446
302.571, -0.019308
302.541, -0.064254
302.510, -0.109623
302.480, -0.155422
302.450, -0.201429
302.419, -0.247221
302.389, -0.292200
302.359, -0.335634
302.328, -0.376708
302.298, -0.414560
302.267, -0.448343
302.237, -0.477274
302.207, -0.500676
302.176, -0.518024
302.146, -0.528974
302.116, -0.533393
302.085, -0.531374
302.055, -0.523238
302.025, -0.509525
301.994, -0.490980
301.964, -0.468528
301.934, -0.443226
301.903, -0.416233
301.873, -0.388750
301.842, -0.361974
301.812, -0.337039
301.782, -0.314965
301.751, -0.296611
301.721, -0.282630
301.691, -0.273436
301.660, -0.269169
301.630, -0.269695
301.600, -0.274595
301.569, -0.283169
301.539, -0.294468
301.508, -0.307315
301.478, -0.320355
301.448, -0.332110
301.417, -0.341027
301.387, -0.345555
301.357, -0.344202
301.326, -0.335608
301.296, -0.318600
301.266, -0.292262
301.235, -0.255985
301.205, -0.209491
301.174, -0.152890
301.144, -0.081383
301.114, -0.001152
301.083, 0.086526
301.053, 0.180026
301.023, 0.277405
300.992, 0.376451
300.962, 0.474761
300.932, 0.569802
300.901, 0.658993
300.871, 0.739794
300.840, 0.809792
300.810, 0.866771
300.780, 0.908806
300.749, 0.934331
300.719, 0.942196
300.689, 0.931721
300.658, 0.902720
300.628, 0.855539
300.598, 0.791038
300.567, 0.710589
300.537, 0.616042
300.507, 0.509676
300.476, 0.394136
300.446, 0.272359
300.415, 0.147490
300.385, 0.022791
300.355, -0.098464
300.324, -0.213078
300.294, -0.318046
300.264, -0.410625
300.233, -0.488443
300.203, -0.549553
300.173, -0.592520
300.142, -0.616437
300.112, -0.620978
300.081, -0.606408
300.051, -0.573564
300.021, -0.523843
299.990, -0.459158
299.960, -0.381878
299.930, -0.294753
299.899, -0.200840
299.869, -0.103399
299.839, -0.005801
299.808, 0.088585
299.778, 0.176482
299.747, 0.254816
299.717, 0.320807
299.687, 0.372055
299.656, 0.406609
299.626, 0.423023
299.596, 0.420415
299.565, 0.398475
299.535, 0.357475
299.505, 0.298273
299.474, 0.222271
299.444, 0.131373
299.414, 0.027937
299.383, -0.085308
299.353, -0.205354
299.322, -0.328975
299.292, -0.452859
299.262, -0.573676
299.231, -0.688204
299.201, -0.793399
299.171, -0.886501
299.140, -0.965096
299.110, -1.027199
299.080, -1.071299
299.049, -1.096398
299.019, -1.102032
298.988, -1.088289
298.958, -1.055788
298.928, -1.005662
298.897, -0.939507
298.867, -0.859350
298.837, -0.767569
298.806, -0.666820
298.776, -0.559971
298.746, -0.450000
298.715, -0.339933
298.685, -0.232728
298.654, -0.131224
298.624, -0.038041
298.594, 0.044464
298.563, 0.114279
298.533, 0.169769
298.503, 0.209717
298.472, 0.233345
298.442, 0.240321
298.412, 0.230766
298.381, 0.205221
298.351, 0.164622
298.320, 0.110293
298.290, 0.043848
298.260, -0.032820
298.229, -0.117627
298.199, -0.208335
298.169, -0.302639
298.138, -0.398217
298.108, -0.492801
298.078, -0.584215
298.047, -0.670457
298.017, -0.749718
297.987, -0.820429
297.956, -0.881288
297.926, -0.931280
297.895, -0.969693
297.865, -0.996108
297.835, -1.010411
297.804, -1.012753
297.774, -1.003554
297.744, -0.983459
297.713, -0.953315
297.683, -0.914132
297.653, -0.867052
297.622, -0.813300
297.592, -0.754150
297.561, -0.690901
297.531, -0.624821
297.501, -0.557137
297.470, -0.488995
297.440, -0.421443
297.410, -0.355414
297.379, -0.291717
297.349, -0.231019
297.319, -0.173854
297.288, -0.120617
297.258, -0.071580
297.227, -0.026890
297.197, 0.013413
297.167, 0.049384
297.136, 0.081154
297.106, 0.108914
297.076, 0.132905
297.045, 0.153396
297.015, 0.170673
296.985, 0.185019
296.954, 0.196713
296.924, 0.206012
296.894, 0.213145
296.863, 0.218318
296.833, 0.221696
296.802, 0.223415
296.772, 0.223570
296.742, 0.222233
296.711, 0.219445
296.681, 0.215226
296.651, 0.209573
296.620, 0.202482
296.590, 0.193931
296.560, 0.183905
296.529, 0.172383
296.499, 0.159365
296.468, 0.144851
296.438, 0.128859
296.408, 0.111424
296.377, 0.092591
296.347, 0.072433
296.317, 0.051038
296.286, 0.028510
296.256, 0.004974
296.226, -0.019426
296.195, -0.044529
296.165, -0.070159
296.134, -0.096111
296.104, -0.122173
296.074, -0.148101
296.043, -0.173637
296.013, -0.198499
295.983, -0.222375
295.952, -0.244938
295.922, -0.265832
295.892, -0.284679
295.861, -0.301069
295.831, -0.314584
295.800, -0.324784
295.770, -0.331218
295.740, -0.333425
295.709, -0.330955
295.679, -0.323373
295.649, -0.310259
295.618, -0.291244
295.588, -0.265996
295.558, -0.236815
295.527, -0.200964
295.497, -0.158364
295.467, -0.109038
295.436, -0.053140
295.406, 0.009051
295.375, 0.077106
295.345, 0.150454
295.315, 0.228355
295.284, 0.309932
295.254, 0.394149
295.224, 0.479827
295.193, 0.565662
295.163, 0.650231
295.133, 0.732022
295.102, 0.809454
295.072, 0.880904
295.041, 0.944737
295.011, 0.999349
294.981, 1.043193
294.950, 1.074821
294.920, 1.092918
294.890, 1.096339
294.859, 1.084156
294.829, 1.055664
294.799, 1.010437
294.768, 0.948340
294.738, 0.869543
294.707, 0.774557
294.677, 0.664212
294.647, 0.539675
294.616, 0.402444
294.586, 0.254321
294.556, 0.097406
294.525, -0.065949
294.495, -0.233164
294.465, -0.401485
294.434, -0.568018
294.404, -0.729802
294.373, -0.883845
294.343, -1.027198
294.313, -1.157021
294.282, -1.270630
294.252, -1.365566
294.222, -1.439654
294.191, -1.491057
294.161, -1.518316
294.131, -1.520407
294.100, -1.496762
294.070, -1.447299
294.040, -1.372444
294.009, -1.273123
293.979, -1.150771
293.948, -1.007308
293.918, -0.845114
293.888, -0.666984
293.857, -0.476088
293.827, -0.275927
293.797, -0.070223
293.766, 0.137102
293.736, 0.342044
293.706, 0.540575
293.675, 0.728749
293.645, 0.902778
293.614, 1.059111
293.584, 1.194534
293.554, 1.306239
293.523, 1.391877
293.493, 1.449649
293.463, 1.478331
293.432, 1.477328
293.402, 1.446695
293.372, 1.387141
293.341, 1.300032
293.311, 1.187382
293.280, 1.051790
293.250, 0.896431
293.220, 0.724954
293.189, 0.541440
293.159, 0.350292
293.129, 0.156151
293.098, -0.036214
293.068, -0.222009
293.038, -0.396535
293.007, -0.555296
292.977, -0.694109
292.947, -0.809209
292.916, -0.897350
292.886, -0.955888
292.855, -0.982854
292.825, -0.977015
292.795, -0.937928
292.764, -0.865943
292.734, -0.762233
292.704, -0.628758
292.673, -0.468246
292.643, -0.284140
292.613, -0.080529
292.582, 0.137953
292.552, 0.366218
292.521, 0.598840
292.491, 0.830182
292.461, 1.054537
292.430, 1.266254
292.400, 1.459886
292.370, 1.630313
292.339, 1.772897
292.309, 1.883558
292.279, 1.958936
292.248, 1.996439
292.218, 1.994330
292.187, 1.951786
292.157, 1.868922
292.127, 1.746809
292.096, 1.587443
292.066, 1.393710
292.036, 1.169343
292.005, 0.918809
291.975, 0.647224
291.945, 0.360236
291.914, 0.063883
291.884, -0.235557
291.853, -0.531706
291.823, -0.818251
291.793, -1.089085
291.762, -1.338477
291.732, -1.561201
291.702, -1.752655
291.671, -1.909000
291.641, -2.027224
291.611, -2.105234
291.580, -2.141899
291.550, -2.137070
291.520, -2.091582
291.489, -2.007217
291.459, -1.886661
291.428, -1.733433
291.398, -1.551769
291.368, -1.346521
291.337, -1.123013
291.307, -0.886906
291.277, -0.644046
291.246, -0.400297
291.216, -0.161401
291.186, 0.067187
291.155, 0.280427
291.125, 0.473837
291.094, 0.643595
291.064, 0.786628
291.034, 0.900689
291.003, 0.984415
290.973, 1.037317
290.943, 1.059801
290.912, 1.053127
290.882, 1.019355
290.852, 0.961277
290.821, 0.882289
290.791, 0.786321
290.760, 0.677668
290.730, 0.560869
290.700, 0.440564
290.669, 0.321338
290.639, 0.207585
290.609, 0.103376
290.578, 0.012323
290.548, -0.062525
290.518, -0.118763
290.487, -0.154714
290.457, -0.169463
290.426, -0.162891
290.396, -0.135658
290.366, -0.089180
290.335, -0.025584
290.305, 0.052387
290.275, 0.141452
290.244, 0.237901
290.214, 0.337745
290.184, 0.436824
290.153, 0.530964
290.123, 0.616118
290.093, 0.688486
290.062, 0.744673
290.032, 0.781784
290.001, 0.797540
289.971, 0.793088
289.941, 0.764841
289.910, 0.712750
289.880, 0.637566
289.850, 0.540812
289.819, 0.424762
289.789, 0.292367
289.759, 0.147173
289.728, -0.006800
289.698, -0.165164
289.667, -0.323317
289.637, -0.476567
289.607, -0.620315
289.576, -0.750170
289.546, -0.862114
289.516, -0.952629
289.485, -1.018822
289.455, -1.058523
289.425, -1.070364
289.394, -1.053840
289.364, -1.009343
289.333, -0.938147
289.303, -0.842404
289.273, -0.725081
289.242, -0.589877
289.212, -0.441127
289.182, -0.283675
289.151, -0.122732
289.121, 0.036278
289.091, 0.187885
289.060, 0.326740
289.030, 0.447787
289.000, 0.546408
288.969, 0.618596
288.939, 0.661069
288.908, 0.671396
288.878, 0.648082
288.848, 0.590633
288.817, 0.499587
288.787, 0.376528
288.757, 0.224044
288.726, 0.045683
288.696, -0.154142
288.666, -0.370255
288.635, -0.596870
288.605, -0.827734
288.574, -1.056305
288.544, -1.275929
288.514, -1.480044
288.483, -1.662347
288.453, -1.816989
288.423, -1.938750
288.392, -2.023183
288.362, -2.066764
288.332, -2.066986
288.301, -2.022458
288.271, -1.932941
288.240, -1.799382
288.210, -1.623892
288.180, -1.409705
288.149, -1.161094
288.119, -0.883274
288.089, -0.582251
288.058, -0.264683
288.028, 0.062301
287.998, 0.391294
287.967, 0.714806
287.937, 1.025466
287.906, 1.316204
287.876, 1.580460
287.846, 1.812349
287.815, 2.006813
287.785, 2.159754
287.755, 2.268148
287.724, 2.330109
287.694, 2.344943
287.664, 2.313150
287.633, 2.236410
287.603, 2.117526
287.573, 1.960342
287.542, 1.769621
287.512, 1.550925
287.481, 1.310442
287.451, 1.054824
287.421, 0.790997
287.390, 0.525971
287.360, 0.266660
287.330, 0.019692
287.299, -0.208776
287.269, -0.413187
287.239, -0.588753
287.208, -0.731552
287.178, -0.838622
287.147, -0.908020
287.117, -0.938858
287.087, -0.931295
287.056, -0.886522
287.026, -0.806685
286.996, -0.694823
286.965, -0.554748
286.935, -0.390928
286.905, -0.208338
286.874, -0.012314
286.844, 0.191609
286.813, 0.397854
286.783, 0.600958
286.753, 0.795730
286.722, 0.977374
286.692, 1.141617
286.662, 1.284817
286.631, 1.404031
286.601, 1.497081
286.571, 1.562579
286.540, 1.599941
286.510, 1.609370
286.479, 1.591809
286.449, 1.548880
286.419, 1.482816
286.388, 1.396350
286.358, 1.292622
286.328, 1.175046
286.297, 1.047209
286.267, 0.912733
286.237, 0.775179
286.206, 0.637913
286.176, 0.504031
286.146, 0.376259
286.115, 0.256900
286.085, 0.147756
286.054, 0.050131
286.024, -0.035204
285.994, -0.107996
285.963, -0.168492
285.933, -0.217380
285.903, -0.255752
285.872, -0.285017
285.842, -0.306836
285.812, -0.323024
285.781, -0.335472
285.751, -0.346054
285.720, -0.356548
285.690, -0.368547
285.660, -0.383405
285.629, -0.402171
285.599, -0.425559
285.569, -0.453902
285.538, -0.487160
285.508, -0.524914
285.478, -0.566394
285.447, -0.610512
285.417, -0.655907
285.386, -0.701013
285.356, -0.744127
285.326, -0.783472
285.295, -0.817299
285.265, -0.843943
285.235, -0.861914
285.204, -0.869954
285.174, -0.867116
285.144, -0.852786
285.113, -0.826764
285.083, -0.789232
285.053, -0.740809
285.022, -0.682520
284.992, -0.615775
284.961, -0.542330
284.931, -0.464234
284.901, -0.383769
284.870, -0.303374
284.840, -0.225553
284.810, -0.152810
284.779, -0.087542
284.749, -0.031969
284.719, 0.011956
284.688, 0.042611
284.658, 0.058778
284.627, 0.059674
284.597, 0.045004
284.567, 0.014974
284.536, -0.029716
284.506, -0.087880
284.476, -0.157870
284.445, -0.237639
284.415, -0.324789
284.385, -0.420300
284.354, -0.517662
284.324, -0.613915
284.293, -0.706092
284.263, -0.791318
284.233, -0.866891
284.202, -0.930384
284.172, -0.979707
284.142, -1.013192
284.111, -1.029632
284.081, -1.028328
284.051, -1.009101
284.020, -0.972317
283.990, -0.918852
283.959, -0.850077
283.929, -0.767805
283.899, -0.674245
283.868, -0.571900
283.838, -0.463524
283.808, -0.352002
283.777, -0.240275
283.747, -0.131236
283.717, -0.027644
283.686, 0.067969
283.656, 0.153364
283.626, 0.226672
283.595, 0.286451
283.565, 0.331710
283.534, 0.361948
283.504, 0.377151
283.474, 0.377780
283.443, 0.364756
283.413, 0.339394
283.383, 0.303382
283.352, 0.258672
283.322, 0.207447
283.292, 0.151997
283.261, 0.094659
283.231, 0.037725
283.200, -0.016642
283.170, -0.066493
283.140, -0.110150
283.109, -0.146270
283.079, -0.173887
283.049, -0.192443
283.018, -0.201798
282.988, -0.202235
282.958, -0.194428
282.927, -0.179419
282.897, -0.158570
282.866, -0.133492
282.836, -0.105977
282.806, -0.077933
282.775, -0.051280
282.745, -0.027880
282.715, -0.009446
282.684, 0.002527
282.654, 0.006830
282.624, 0.002625
282.593, -0.010554
282.563, -0.032720
282.533, -0.063457
282.502, -0.101909
282.472, -0.146788
282.441, -0.196429
282.411, -0.248829
282.381, -0.301723
282.350, -0.352654
282.320, -0.399073
282.290, -0.438418
282.259, -0.468227
282.229, -0.486227
282.199, -0.490435
282.168, -0.479239
282.138, -0.451484
282.107, -0.406525
282.077, -0.344281
282.047, -0.265275
282.016, -0.170629
281.986, -0.062063
281.956, 0.058129
281.925, 0.187135
281.895, 0.321691
281.865, 0.458166
281.834, 0.592650
281.804, 0.721085
281.773, 0.839366
281.743, 0.943473
281.713, 1.029596
281.682, 1.094252
281.652, 1.134410
281.622, 1.147582
281.591, 1.131926
281.561, 1.086313
281.531, 1.010390
281.500, 0.904594
281.470, 0.770184
281.439, 0.609212
281.409, 0.424507
281.379, 0.219584
281.348, -0.001408
281.318, -0.233804
281.288, -0.472523
281.257, -0.712209
281.227, -0.947367
281.197, -1.172502
281.166, -1.382263
281.136, -1.571606
281.106, -1.735906
281.075, -1.871089
281.045, -1.973758
281.014, -2.041263
280.984, -2.071803
280.954, -2.064450
280.923, -2.019202
280.893, -1.936978
280.863, -1.819587
280.832, -1.669705
280.802, -1.490791
280.772, -1.287006
280.741, -1.063110
280.711, -0.824343
280.680, -0.576279
280.650, -0.324704
280.620, -0.075454
280.589, 0.165723
280.559, 0.393308
280.529, 0.602160
280.498, 0.787609
280.468, 0.945605
280.438, 1.072796
280.407, 1.166597
280.377, 1.225260
280.346, 1.247888
280.316, 1.234478
280.286, 1.185881
280.255, 1.103783
280.225, 0.990654
280.195, 0.849672
280.164, 0.684648
280.134, 0.499919
280.104, 0.300221
280.073, 0.090603
280.043, -0.123723
280.012, -0.337502
279.982, -0.545550
279.952, -0.742894
279.921, -0.924855
279.891, -1.087180
279.861, -1.226124
279.830, -1.338508
279.800, -1.421798
279.770, -1.474150
279.739, -1.494437
279.709, -1.482246
279.679, -1.437892
279.648, -1.362380
279.618, -1.257376
279.587, -1.125154
279.557, -0.968534
279.527, -0.790801
279.496, -0.595631
279.466, -0.387003
279.436, -0.169099
279.405, 0.053789
279.375, 0.277342
279.345, 0.497325
279.314, 0.709661
279.284, 0.910518
279.253, 1.096385
279.223, 1.264134
279.193, 1.411076
279.162, 1.535023
279.132, 1.634289
279.102, 1.707739
279.071, 1.754796
279.041, 1.775422
279.011, 1.770127
278.980, 1.739921
278.950, 1.686308
278.919, 1.611212
278.889, 1.516940
278.859, 1.406128
278.828, 1.281658
278.798, 1.142827
278.768, 0.996595
278.737, 0.846191
278.707, 0.694805
278.677, 0.545524
278.646, 0.401258
278.616, 0.264681
278.586, 0.138174
278.555, 0.023767
278.525, -0.076889
278.494, -0.162570
278.464, -0.232487
278.434, -0.286305
278.403, -0.324138
278.373, -0.346543
278.343, -0.354490
278.312, -0.349338
278.282, -0.332792
278.252, -0.306836
278.221, -0.273697
278.191, -0.235762
278.160, -0.195517
278.130, -0.155465
278.100, -0.118063
278.069, -0.085635
278.039, -0.060315
278.009, -0.043970
277.978, -0.038148
277.948, -0.044016
277.918, -0.062340
277.887, -0.093429
277.857, -0.137135
277.826, -0.192843
277.796, -0.259486
277.766, -0.335554
277.735, -0.419144
277.705, -0.507997
277.675, -0.599568
277.644, -0.691087
277.614, -0.779637
277.584, -0.862249
277.553, -0.935970
277.523, -0.997968
277.492, -1.045610
277.462, -1.076554
277.432, -1.088818
277.401, -1.080855
277.371, -1.051600
277.341, -1.000540
277.310, -0.927717
277.280, -0.833760
277.250, -0.719879
277.219, -0.587851
277.189, -0.439985
277.159, -0.279071
277.128, -0.108323
277.098, 0.068702
277.067, 0.248193
277.037, 0.426171
277.007, 0.598604
276.976, 0.761495
276.946, 0.910999
276.916, 1.043520
276.885, 1.155806
276.855, 1.245033
276.825, 1.308881
276.794, 1.345605
276.764, 1.354072
276.733, 1.333791
276.703, 1.284930
276.673, 1.208309
276.642, 1.105382
276.612, 0.978186
276.582, 0.829293
276.551, 0.661741
276.521, 0.478951
276.491, 0.284630
276.460, 0.082681
276.430, -0.122901
276.399, -0.328129
276.369, -0.529137
276.339, -0.722254
276.308, -0.904112
276.278, -1.071701
276.248, -1.222457
276.217, -1.354289
276.187, -1.465624
276.157, -1.555425
276.126, -1.623197
276.096, -1.668957
276.065, -1.693221
276.035, -1.696954
276.005, -1.681517
275.974, -1.648596
275.944, -1.600142
275.914, -1.538282
275.883, -1.465253
275.853, -1.383308
275.823, -1.294665
275.792, -1.201407
275.762, -1.105461
275.732, -1.008511
275.701, -0.911988
275.671, -0.817025
275.640, -0.724458
275.610, -0.634816
275.580, -0.548348
275.549, -0.465030
275.519, -0.384619
275.489, -0.306686
275.458, -0.230676
275.428, -0.155947
275.398, -0.081852
275.367, -0.007778
275.337, 0.066796
275.306, 0.142250
275.276, 0.218771
275.246, 0.296341
275.215, 0.374695
275.185, 0.453332
275.155, 0.531491
275.124, 0.608188
275.094, 0.682234
275.064, 0.752266
275.033, 0.816802
275.003, 0.874296
274.972, 0.923184
274.942, 0.961973
274.912, 0.989276
274.881, 1.003898
274.851, 1.004886
274.821, 0.991583
274.790, 0.963664
274.760, 0.921186
274.730, 0.864591
274.699, 0.794730
274.669, 0.712840
274.639, 0.620543
274.608, 0.519793
274.578, 0.412842
274.547, 0.302175
274.517, 0.190449
274.487, 0.080408
274.456, -0.025187
274.426, -0.123651
274.396, -0.212449
274.365, -0.289282
274.335, -0.352155
274.305, -0.399447
274.274, -0.429961
274.244, -0.442962
274.213, -0.438209
274.183, -0.415970
274.153, -0.377001
274.122, -0.322545
274.092, -0.254281
274.062, -0.174279
274.031, -0.084939
274.001, 0.011088
273.971, 0.110981
273.940, 0.211832
273.910, 0.310743
273.879, 0.404919
273.849, 0.491744
273.819, 0.568866
273.788, 0.634281
273.758, 0.686371
273.728, 0.723976
273.697, 0.746406
273.667, 0.753474
273.637, 0.745479
273.606, 0.723210
273.576, 0.687893
273.545, 0.641168
273.515, 0.585000
273.485, 0.521642
273.454, 0.453525
273.424, 0.383196
273.394, 0.313220
273.363, 0.246088
273.333, 0.184146
273.303, 0.129505
273.272, 0.083975
273.242, 0.049008
273.212, 0.033594
273.181, 0.030394
273.151, 0.039559
273.120, 0.060786
273.090, 0.093326
273.060, 0.136028
273.029, 0.187365
272.999, 0.245510
272.969, 0.308380
272.938, 0.373732
272.908, 0.439231
272.878, 0.502526
272.847, 0.561352
272.817, 0.613591
272.786, 0.657350
272.756, 0.691029
272.726, 0.713374
272.695, 0.723517
272.665, 0.721007
272.635, 0.705820
272.604, 0.678365
272.574, 0.639463
272.544, 0.590325
272.513, 0.532505
272.483, 0.467839
272.452, 0.398401
272.422, 0.326418
272.392, 0.254202
272.361, 0.184070
272.331, 0.118271
272.301, 0.058907
272.270, 0.007880
272.240, -0.033194
272.210, -0.063009
272.179, -0.080625
272.149, -0.085490
272.119, -0.077458
272.088, -0.056781
272.058, -0.024109
272.027, 0.019547
271.997, 0.072837
271.967, 0.134137
271.936, 0.201581
271.906, 0.273146
271.876, 0.346699
271.845, 0.420077
271.815, 0.491144
271.785, 0.557869
271.754, 0.618372
271.724, 0.670997
271.693, 0.714337
271.663, 0.747297
271.633, 0.769098
271.602, 0.779304
271.572, 0.777828
271.542, 0.764933
271.511, 0.741195
271.481, 0.707501
271.451, 0.665000
271.420, 0.615064
271.390, 0.559249
271.359, 0.499230
271.329, 0.436757
271.299, 0.373603
271.268, 0.311496
271.238, 0.252085
271.208, 0.196886
271.177, 0.147239
271.147, 0.104274
271.117, 0.068892
271.086, 0.041729
271.056, 0.023165
271.025, 0.013293
270.995, 0.011949
270.965, 0.018706
270.934, 0.032898
270.904, 0.053644
270.874, 0.079867
270.843, 0.110341
270.813, 0.143715
270.783, 0.178548
270.752, 0.213353
270.722, 0.246634
270.692, 0.276919
270.661, 0.302797
270.631, 0.322946
270.600, 0.336171
270.570, 0.341429
270.540, 0.337843
270.509, 0.324734
270.479, 0.301630
270.449, 0.268281
270.418, 0.224670
270.388, 0.171011
270.358, 0.107757
270.327, 0.035601
270.297, -0.044540
270.266, -0.131522
270.236, -0.223994
270.206, -0.320410
270.175, -0.419049
270.145, -0.518039
270.115, -0.615384
270.084, -0.708986
270.054, -0.796691
270.024, -0.876318
269.993, -0.945700
269.963, -1.002731
269.932, -1.045401
269.902, -1.071855
269.872, -1.080428
269.841, -1.069700
269.811, -1.038537
269.781, -0.986133
269.750, -0.912049
269.720, -0.816248
269.690, -0.699114
269.659, -0.561481
269.629, -0.404631
269.598, -0.230295
269.568, -0.040646
269.538, 0.161725
269.507, 0.373859
269.477, 0.592458
269.447, 0.813958
269.416, 1.034585
269.386, 1.250452
269.356, 1.457627
269.325, 1.652234
269.295, 1.830546
269.265, 1.989083
269.234, 2.124697
269.204, 2.234673
269.173, 2.316797
269.143, 2.369441
269.113, 2.391601
269.082, 2.382965
269.052, 2.343909
269.022, 2.275528
268.991, 2.179597
268.961, 2.058568
268.931, 1.915485
268.900, 1.753929
268.870, 1.577918
268.839, 1.391814
268.809, 1.200181
268.779, 1.007679
268.748, 0.818914
268.718, 0.638309
268.688, 0.469973
268.657, 0.317560
268.627, 0.184173
268.597, 0.072245
268.566, -0.016537
268.536, -0.081284
268.505, -0.121963
268.475, -0.139381
268.445, -0.135186
268.414, -0.111814
268.384, -0.072418
268.354, -0.020775
268.323, 0.038846
268.293, 0.101813
268.263, 0.163281
268.232, 0.218382
268.202, 0.262370
268.172, 0.290814
268.141, 0.299751
268.111, 0.285847
268.080, 0.246541
268.050, 0.180149
268.020, 0.085978
267.989, -0.035650
267.959, -0.183317
267.929, -0.354564
267.898, -0.545908
267.868, -0.752911
267.838, -0.970323
267.807, -1.192173
267.777, -1.411987
267.746, -1.622945
267.716, -1.818102
267.686, -1.990602
267.655, -2.133901
267.625, -2.245299
267.595, -2.316219
267.564, -2.342317
267.534, -2.320361
267.504, -2.248353
267.473, -2.125639
267.443, -1.952974
267.412, -1.732546
267.382, -1.467956
267.352, -1.164157
267.321, -0.827332
267.291, -0.464777
267.261, -0.084698
267.230, 0.304012
267.200, 0.691986
267.170, 1.069669
267.139, 1.427570
267.109, 1.756545
267.078, 2.048057
267.048, 2.294434
267.018, 2.489095
266.987, 2.626761
266.957, 2.703607
266.927, 2.717415
266.896, 2.667610
266.866, 2.555334
266.836, 2.383402
266.805, 2.156246
266.775, 1.879780
266.745, 1.561265
266.714, 1.209082
266.684, 0.832511
266.653, 0.441459
266.623, 0.046167
266.593, -0.343050
266.562, -0.716154
266.532, -1.063621
266.502, -1.376752
266.471, -1.647907
266.441, -1.870715
266.411, -2.040283
266.380, -2.153291
266.350, -2.208108
266.319, -2.204819
266.289, -2.145203
266.259, -2.032668
266.228, -1.872145
266.198, -1.669901
266.168, -1.433364
266.137, -1.170868
266.107, -0.891394
266.077, -0.604302
266.046, -0.319017
266.016, -0.044763
265.985, 0.209731
265.955, 0.436490
265.925, 0.628531
265.894, 0.780066
265.864, 0.886670
265.834, 0.945397
265.803, 0.954859
265.773, 0.915247
265.743, 0.828300
265.712, 0.697248
265.682, 0.526671
265.651, 0.322347
265.621, 0.091069
265.591, -0.159604
265.560, -0.421577
265.530, -0.686489
265.500, -0.945966
265.469, -1.191897
265.439, -1.416674
265.409, -1.613422
265.378, -1.776211
265.348, -1.900207
265.318, -1.981820
265.287, -2.018796
265.257, -2.010243
265.226, -1.956650
265.196, -1.859846
265.166, -1.722900
265.135, -1.550009
265.105, -1.346344
265.075, -1.117858
265.044, -0.871086
265.014, -0.612925
264.984, -0.350409
264.953, -0.090483
264.923, 0.160216
264.892, 0.395550
264.862, 0.610070
264.832, 0.799151
264.801, 0.959134
264.771, 1.087384
264.741, 1.182354
264.710, 1.243588
264.680, 1.271683
264.650, 1.268243
264.619, 1.235768
264.589, 1.177528
264.558, 1.097429
264.528, 0.999830
264.498, 0.889382
264.467, 0.770830
264.437, 0.648861
264.407, 0.527907
264.376, 0.412006
264.346, 0.304662
264.316, 0.208739
264.285, 0.126367
264.255, 0.058905
264.225, 0.006905
264.194, -0.029860
264.164, -0.052374
264.133, -0.062281
264.103, -0.061818
264.073, -0.053669
264.042, -0.040858
264.012, -0.026577
263.982, -0.014059
263.951, -0.006411
263.921, -0.006484
263.891, -0.016729
263.860, -0.039091
263.830, -0.074910
263.799, -0.124860
263.769, -0.188897
263.739, -0.266264
263.708, -0.355486
263.678, -0.454438
263.648, -0.560400
263.617, -0.670170
263.587, -0.780166
263.557, -0.886572
263.526, -0.985480
263.496, -1.073044
263.465, -1.145614
263.435, -1.199908
263.405, -1.233127
263.374, -1.243082
263.344, -1.228284
263.314, -1.188028
263.283, -1.122430
263.253, -1.032453
263.223, -0.919876
263.192, -0.787280
263.162, -0.637944
263.131, -0.475778
263.101, -0.305172
263.071, -0.130883
263.040, 0.042137
263.010, 0.208897
262.980, 0.364537
262.949, 0.504488
262.919, 0.624637
262.889, 0.721462
262.858, 0.792164
262.828, 0.834763
262.798, 0.848183
262.767, 0.832288
262.737, 0.787918
262.706, 0.716850
262.676, 0.621776
262.646, 0.506206
262.615, 0.374390
262.585, 0.231170
262.555, 0.081847
262.524, -0.067990
262.494, -0.212629
262.464, -0.346411
262.433, -0.463917
262.403, -0.560120
262.372, -0.630560
262.342, -0.671473
262.312, -0.679917
262.281, -0.653864
262.251, -0.592269
262.221, -0.495113
262.190, -0.363400
262.160, -0.199151
262.130, -0.005340
262.099, 0.214182
262.069, 0.454792
262.038, 0.709895
262.008, 0.975032
261.978, 1.244073
261.947, 1.510706
261.917, 1.768599
261.887, 2.011574
261.856, 2.233754
261.826, 2.429724
261.796, 2.594655
261.765, 2.724432
261.735, 2.815730
261.704, 2.866103
261.674, 2.874020
261.644, 2.838886
261.613, 2.761049
261.583, 2.641757
261.553, 2.483117
261.522, 2.288026
261.492, 2.060081
261.462, 1.803477
261.431, 1.522891
261.401, 1.223376
261.371, 0.910219
261.340, 0.588831
261.310, 0.264625
261.279, -0.057106
261.249, -0.371288
261.219, -0.673158
261.188, -0.958354
261.158, -1.222972
261.128, -1.463635
261.097, -1.677510
261.067, -1.862352
261.037, -2.016496
261.006, -2.138872
260.976, -2.228973
260.945, -2.286836
260.915, -2.313016
260.885, -2.308535
260.854, -2.274846
260.824, -2.213771
260.794, -2.127468
260.763, -2.018373
260.733, -1.889144
260.703, -1.742624
260.672, -1.581783
260.642, -1.409685
260.611, -1.229436
260.581, -1.044158
260.551, -0.856939
260.520, -0.670807
260.490, -0.488699
260.460, -0.313422
260.429, -0.147627
260.399, 0.006216
260.369, 0.145854
260.338, 0.269278
260.308, 0.374746
260.278, 0.460813
260.247, 0.526360
260.217, 0.570601
260.186, 0.593120
260.156, 0.593873
260.126, 0.573199
260.095, 0.531833
260.065, 0.470892
260.035, 0.391861
260.004, 0.296587
259.974, 0.187242
259.944, 0.066277
259.913, -0.063607
259.883, -0.199520
259.852, -0.338450
259.822, -0.477327
259.792, -0.613086
259.761, -0.742749
259.731, -0.863505
259.701, -0.972773
259.670, -1.068272
259.640, -1.148096
259.610, -1.210747
259.579, -1.255207
259.549, -1.280942
259.518, -1.287942
259.488, -1.276711
259.458, -1.248260
259.427, -1.204078
259.397, -1.146090
259.367, -1.076596
259.336, -0.998205
259.306, -0.913747
259.276, -0.826188
259.245, -0.738531
259.215, -0.653720
259.184, -0.574534
259.154, -0.503500
259.124, -0.442796
259.093, -0.394184
259.063, -0.358935
259.033, -0.337784
259.002, -0.330894
258.972, -0.337851
258.942, -0.357661
258.911, -0.388787
258.881, -0.429180
258.851, -0.476368
258.820, -0.527519
258.790, -0.579536
258.759, -0.629182
258.729, -0.673179
258.699, -0.708330
258.668, -0.731641
258.638, -0.740429
258.608, -0.732445
258.577, -0.705940
258.547, -0.659772
258.517, -0.593447
258.486, -0.507161
258.456, -0.401826
258.425, -0.279047
258.395, -0.141099
258.365, 0.009132
258.334, 0.168222
258.304, 0.332317
258.274, 0.497238
258.243, 0.658613
258.213, 0.812013
258.183, 0.953099
258.152, 1.077757
258.122, 1.182242
258.091, 1.263296
258.061, 1.318282
258.031, 1.345259
258.000, 1.343070
257.970, 1.311390
257.940, 1.250752
257.909, 1.162542
257.879, 1.048964
257.849, 0.912996
257.818, 0.758296
257.788, 0.589096
257.758, 0.410078
257.727, 0.226238
257.697, 0.042720
257.666, -0.135335
257.636, -0.302957
257.606, -0.455496
257.575, -0.588774
257.545, -0.699229
257.515, -0.784014
257.484, -0.841099
257.454, -0.869340
257.424, -0.868514
257.393, -0.839328
257.363, -0.783405
257.332, -0.703223
257.302, -0.602044
257.272, -0.483810
257.241, -0.353014
257.211, -0.214558
257.181, -0.073591
257.150, 0.064650
257.120, 0.195021
257.090, 0.312628
257.059, 0.412996
257.029, 0.492204
256.998, 0.547021
256.968, 0.575015
256.938, 0.574624
256.907, 0.545218
256.877, 0.487109
256.847, 0.401563
256.816, 0.290740
256.786, 0.157638
256.756, 0.006001
256.725, -0.159807
256.695, -0.334935
256.664, -0.514194
256.634, -0.692231
256.604, -0.863679
256.573, -1.023342
256.543, -1.166345
256.513, -1.288286
256.482, -1.385368
256.452, -1.454518
256.422, -1.487654
256.391, -1.489198
256.361, -1.458657
256.331, -1.396456
256.300, -1.303907
256.270, -1.183161
256.239, -1.037125
256.209, -0.869370
256.179, -0.684006
256.148, -0.485547
256.118, -0.278770
256.088, -0.068555
256.057, 0.140254
256.027, 0.343003
255.997, 0.535371
255.966, 0.713477
255.936, 0.874006
255.905, 1.014279
255.875, 1.132319
255.845, 1.226892
255.814, 1.297511
255.784, 1.344423
255.754, 1.368571
255.723, 1.371531
255.693, 1.355427
255.663, 1.322835
255.632, 1.276669
255.602, 1.220060
255.571, 1.156231
255.541, 1.088379
255.511, 1.019536
255.480, 0.952489
255.450, 0.889653
255.420, 0.833011
255.389, 0.784037
255.359, 0.743675
255.329, 0.712297
255.298, 0.689727
255.268, 0.675263
255.237, 0.667715
255.207, 0.665486
255.177, 0.666649
255.146, 0.669036
255.116, 0.670362
255.086, 0.668309
255.055, 0.660662
255.025, 0.645399
254.995, 0.620802
254.964, 0.585539
254.934, 0.538739
254.904, 0.480047
254.873, 0.409668
254.843, 0.328369
254.812, 0.237482
254.782, 0.138863
254.752, 0.034856
254.721, -0.071796
254.691, -0.178021
254.661, -0.280538
254.630, -0.375951
254.600, -0.460893
254.570, -0.532127
254.539, -0.586680
254.509, -0.621957
254.478, -0.635846
254.448, -0.626806
254.418, -0.593955
254.387, -0.537108
254.357, -0.456825
254.327, -0.354412
254.296, -0.231914
254.266, -0.092068
254.236, 0.061749
254.205, 0.225614
254.175, 0.395141
254.144, 0.565623
254.114, 0.732137
254.084, 0.889709
254.053, 1.033431
254.023, 1.158623
253.993, 1.260957
253.962, 1.336605
253.932, 1.382333
253.902, 1.395621
253.871, 1.374733
253.841, 1.318786
253.811, 1.227775
253.780, 1.102592
253.750, 0.945009
253.719, 0.757646
253.689, 0.543893
253.659, 0.307847
253.628, 0.054194
253.598, -0.211904
253.568, -0.484940
253.537, -0.759205
253.507, -1.028933
253.477, -1.288443
253.446, -1.532293
253.416, -1.755389
253.385, -1.953149
253.355, -2.121579
253.325, -2.257385
253.294, -2.358038
253.264, -2.421832
253.234, -2.447904
253.203, -2.436267
253.173, -2.387763
253.143, -2.304054
253.112, -2.187549
253.082, -2.041343
253.051, -1.869118
253.021, -1.675045
252.991, -1.463672
252.960, -1.239806
252.930, -1.008386
252.900, -0.774367
252.869, -0.542596
252.839, -0.317710
252.809, -0.104021
252.778, 0.094572
252.748, 0.274662
252.717, 0.433385
252.687, 0.568487
252.657, 0.678342
252.626, 0.761962
252.596, 0.819007
252.566, 0.849746
252.535, 0.855044
252.505, 0.836300
252.475, 0.795389
252.444, 0.734601
252.414, 0.656557
252.384, 0.564133
252.353, 0.460375
252.323, 0.348414
252.292, 0.231379
252.262, 0.112329
252.232, -0.005831
252.201, -0.120410
252.171, -0.228993
252.141, -0.329484
252.110, -0.420152
252.080, -0.499647
252.050, -0.567026
252.019, -0.621746
251.989, -0.663676
251.958, -0.693058
251.928, -0.710506
251.898, -0.716946
251.867, -0.713604
251.837, -0.701936
251.807, -0.683594
251.776, -0.660358
251.746, -0.634094
251.716, -0.606690
251.685, -0.580000
251.655, -0.555800
251.624, -0.535736
251.594, -0.521280
251.564, -0.513690
251.533, -0.513979
251.503, -0.522895
251.473, -0.540905
251.442, -0.568174
251.412, -0.604575
251.382, -0.649697
251.351, -0.702845
251.321, -0.763076
251.290, -0.829220
251.260, -0.899913
251.230, -0.973630
251.199, -1.048743
251.169, -1.123542
251.139, -1.196306
251.108, -1.265330
251.078, -1.328982
251.048, -1.385741
251.017, -1.434245
250.987, -1.473319
250.957, -1.502012
250.926, -1.519620
250.896, -1.525710
250.865, -1.520124
250.835, -1.507397
250.805, -1.483515
250.774, -1.449147
250.744, -1.405204
250.714, -1.352809
250.683, -1.293280
250.653, -1.228070
250.623, -1.158742
250.592, -1.086909
250.562, -1.014191
250.531, -0.942169
250.501, -0.872332
250.471, -0.806025
250.440, -0.744428
250.410, -0.688497
250.380, -0.638943
250.349, -0.596217
250.319, -0.560477
250.289, -0.531601
250.258, -0.509179
250.228, -0.492533
250.197, -0.480729
250.167, -0.472620
250.137, -0.466874
250.106, -0.462018
250.076, -0.456495
250.046, -0.448707
250.015, -0.437081
249.985, -0.420112
249.955, -0.396425
249.924, -0.364820
249.894, -0.324315
249.864, -0.274198
249.833, -0.214034
249.803, -0.143703
249.772, -0.063409
249.742, 0.026327
249.712, 0.124672
249.681, 0.230509
249.651, 0.342452
249.621, 0.458909
249.590, 0.578117
249.560, 0.698187
249.530, 0.817192
249.499, 0.933196
249.469, 1.044337
249.438, 1.148887
249.408, 1.245291
249.378, 1.332243
249.347, 1.408713
249.317, 1.473981
249.287, 1.527675
249.256, 1.569763
249.226, 1.600571
249.196, 1.620755
249.165, 1.631290
249.135, 1.633424
249.104, 1.628631
249.074, 1.618567
249.044, 1.604984
249.013, 1.589695
248.983, 1.574474
248.953, 1.560998
248.922, 1.550775
248.892, 1.545084
248.862, 1.544918
248.831, 1.550928
248.801, 1.563402
248.770, 1.582228
248.740, 1.606888
248.710, 1.636465
248.679, 1.669661
248.649, 1.704835
248.619, 1.740040
248.588, 1.773090
248.558, 1.801630
248.528, 1.823210
248.497, 1.835376
248.467, 1.835743
248.437, 1.822094
248.406, 1.792462
248.376, 1.745205
248.345, 1.679071
248.315, 1.593272
248.285, 1.487512
248.254, 1.362030
248.224, 1.217605
248.194, 1.055559
248.163, 0.877737
248.133, 0.686464
248.103, 0.484499
248.072, 0.274961
248.042, 0.061255
248.011, -0.153024
247.981, -0.364186
247.951, -0.568544
247.920, -0.762530
247.890, -0.942778
247.860, -1.106234
247.829, -1.250236
247.799, -1.372587
247.769, -1.471625
247.738, -1.546265
247.708, -1.596017
247.677, -1.621012
247.647, -1.621987
247.617, -1.600253
247.586, -1.557648
247.556, -1.496498
247.526, -1.419509
247.495, -1.329709
247.465, -1.230336
247.435, -1.124744
247.404, -1.016299
247.374, -0.908277
247.343, -0.803764
247.313, -0.705574
247.283, -0.616158
247.252, -0.537553
247.222, -0.471315
247.192, -0.418499
247.161, -0.379637
247.131, -0.354734
247.101, -0.343302
247.070, -0.344384
247.040, -0.356613
247.010, -0.378268
246.979, -0.407367
246.949, -0.441733
246.918, -0.479098
246.888, -0.517186
246.858, -0.553804
246.827, -0.586927
246.797, -0.614780
246.767, -0.635898
246.736, -0.649175
246.706, -0.653918
246.676, -0.649854
246.645, -0.637144
246.615, -0.616363
246.584, -0.588487
246.554, -0.554826
246.524, -0.516997
246.493, -0.476821
246.463, -0.436272
246.433, -0.397379
246.402, -0.362146
246.372, -0.332458
246.342, -0.310008
246.311, -0.296208
246.281, -0.292137
246.250, -0.298471
246.220, -0.315460
246.190, -0.342890
246.159, -0.380087
246.129, -0.425916
246.099, -0.478821
246.068, -0.536857
246.038, -0.597763
246.008, -0.659021
245.977, -0.717950
245.947, -0.771783
245.917, -0.817781
245.886, -0.853310
245.856, -0.875949
245.825, -0.883571
245.795, -0.874430
245.765, -0.847217
245.734, -0.801135
245.704, -0.735917
245.674, -0.651866
245.643, -0.549834
245.613, -0.431236
245.583, -0.297992
245.552, -0.152488
245.522, 0.002489
245.491, 0.163840
245.461, 0.328235
245.431, 0.492217
245.400, 0.652301
245.370, 0.805079
245.340, 0.947320
245.309, 1.076067
245.279, 1.188728
245.249, 1.280365
245.218, 1.352086
245.188, 1.402772
245.157, 1.431865
245.127, 1.439388
245.097, 1.425935
245.066, 1.392639
245.036, 1.341133
245.006, 1.273491
244.975, 1.192154
244.945, 1.099847
244.915, 0.999495
244.884, 0.894124
244.854, 0.786767
244.823, 0.680373
244.793, 0.577714
244.763, 0.481315
244.732, 0.393366
244.702, 0.315695
244.672, 0.249700
244.641, 0.196334
244.611, 0.156095
244.581, 0.129030
244.550, 0.114759
244.520, 0.112507
244.490, 0.121159
244.459, 0.139314
244.429, 0.165356
244.398, 0.197523
244.368, 0.233989
244.338, 0.272931
244.307, 0.312606
244.277, 0.351419
244.247, 0.387973
244.216, 0.421125
244.186, 0.450013
244.156, 0.474084
244.125, 0.493101
244.095, 0.507137
244.064, 0.516555
244.034, 0.521974
244.004, 0.524233
243.973, 0.524337
243.943, 0.523392
243.913, 0.522554
243.882, 0.522954
243.852, 0.525643
243.822, 0.531525
243.791, 0.541310
243.761, 0.555464
243.730, 0.574180
243.700, 0.597352
243.670, 0.624566
243.639, 0.655107
243.609, 0.687974
243.579, 0.721913
243.548, 0.755461
243.518, 0.786994
243.488, 0.814799
243.457, 0.837133
243.427, 0.852299
243.397, 0.858720
243.366, 0.855004
243.336, 0.840015
243.305, 0.812934
243.275, 0.773291
243.245, 0.721026
243.214, 0.656491
243.184, 0.580467
243.154, 0.494152
243.123, 0.399143
243.093, 0.297390
243.063, 0.191156
243.032, 0.082933
243.002, -0.024613
242.971, -0.128738
242.941, -0.226702
242.911, -0.315864
242.880, -0.393764
242.850, -0.458216
242.820, -0.507376
242.789, -0.539816
242.759, -0.554582
242.729, -0.551212
242.698, -0.529790
242.668, -0.490934
242.637, -0.435784
242.607, -0.365978
242.577, -0.283606
242.546, -0.191139
242.516, -0.091367
242.486, 0.012698
242.455, 0.117913
242.425, 0.221103
242.395, 0.319167
242.364, 0.409174
242.334, 0.488462
242.303, 0.554720
242.273, 0.606071
242.243, 0.641127
242.212, 0.659038
242.182, 0.659520
242.152, 0.642862
242.121, 0.609917
242.091, 0.562074
242.061, 0.501210
242.030, 0.429619
242.000, 0.349945
241.970, 0.265082
241.939, 0.178077
241.909, 0.092029
241.878, 0.009971
241.848, -0.065228
241.818, -0.130962
241.787, -0.184995
241.757, -0.225517
241.727, -0.251237
241.696, -0.261416
241.666, -0.255900
241.636, -0.235138
241.605, -0.200162
241.575, -0.152567
241.544, -0.094457
241.514, -0.028378
241.484, 0.042760
241.453, 0.115782
241.423, 0.187356
241.393, 0.254099
241.362, 0.312699
241.332, 0.360024
241.302, 0.393237
241.271, 0.409895
241.241, 0.408043
241.210, 0.386288
241.180, 0.343856
241.150, 0.280637
241.119, 0.197202
241.089, 0.094803
241.059, -0.024653
241.028, -0.158648
240.998, -0.304108
240.968, -0.457504
240.937, -0.614920
240.907, -0.772191
240.876, -0.925005
240.846, -1.069029
240.816, -1.200044
240.785, -1.314053
240.755, -1.407417
240.725, -1.476958
240.694, -1.520052
240.664, -1.534716
240.634, -1.519672
240.603, -1.474390
240.573, -1.399114
240.543, -1.294859
240.512, -1.163398
240.482, -1.007218
240.451, -0.829458
240.421, -0.633841
240.391, -0.424560
240.360, -0.206195
240.330, 0.016425
240.300, 0.238329
240.269, 0.454541
240.239, 0.660202
240.209, 0.850693
240.178, 1.021749
240.148, 1.169567
240.117, 1.290890
240.087, 1.383095
240.057, 1.444241
240.026, 1.473119
239.996, 1.469267
239.966, 1.432976
239.935, 1.365271
239.905, 1.267882
239.875, 1.143182
239.844, 0.994124
239.814, 0.824167
239.783, 0.637173
239.753, 0.437318
239.723, 0.228978
239.692, 0.016628
239.662, -0.193419
239.632, -0.398649
239.601, -0.594918
239.571, -0.778380
239.541, -0.945565
239.510, -1.093456
239.480, -1.219535
239.450, -1.321831
239.419, -1.398938
239.389, -1.450040
239.358, -1.474898
239.328, -1.473838
239.298, -1.447723
239.267, -1.397916
239.237, -1.326227
239.207, -1.234852
239.176, -1.126322
239.146, -1.003417
239.116, -0.869109
239.085, -0.726480
239.055, -0.578654
239.024, -0.428737
238.994, -0.279735
238.964, -0.134512
238.933, 0.004276
238.903, 0.134218
238.873, 0.253186
238.842, 0.359368
238.812, 0.451290
238.782, 0.527820
238.751, 0.588183
238.721, 0.631951
238.690, 0.659036
238.660, 0.669671
238.630, 0.664391
238.599, 0.644006
238.569, 0.609573
238.539, 0.562355
238.508, 0.503798
238.478, 0.435492
238.448, 0.359127
238.417, 0.276469
238.387, 0.189323
238.356, 0.099500
238.326, 0.008783
238.296, -0.081091
238.265, -0.168461
238.235, -0.251763
238.205, -0.329551
238.174, -0.400505
238.144, -0.463451
238.114, -0.517368
238.083, -0.561391
238.053, -0.594826
238.023, -0.617133
237.992, -0.627946
237.962, -0.627065
237.931, -0.614443
237.901, -0.590191
237.871, -0.554567
237.840, -0.507975
237.810, -0.450946
237.780, -0.384140
237.749, -0.308325
237.719, -0.224376
237.689, -0.133258
237.658, -0.036014
237.628, 0.066235
237.597, 0.172328
237.567, 0.281049
237.537, 0.391155
237.506, 0.501389
237.476, 0.610491
237.446, 0.717209
237.415, 0.820320
237.385, 0.918638
237.355, 1.011031
237.324, 1.096429
237.294, 1.173850
237.263, 1.242394
237.233, 1.301274
237.203, 1.349815
237.172, 1.387467
237.142, 1.413811
237.112, 1.428584
237.081, 1.431657
237.051, 1.423062
237.021, 1.402982
236.990, 1.371759
236.960, 1.329886
236.929, 1.278010
236.899, 1.216912
236.869, 1.147518
236.838, 1.070868
236.808, 0.988112
236.778, 0.900495
236.747, 0.809331
236.717, 0.715996
236.687, 0.621889
236.656, 0.528425
236.626, 0.437004
236.596, 0.348984
236.565, 0.265667
236.535, 0.188263
236.504, 0.117878
236.474, 0.055486
236.444, 0.001915
236.413, -0.042168
236.383, -0.076278
236.353, -0.100111
236.322, -0.113563
236.292, -0.116709
236.262, -0.109831
236.231, -0.093387
236.201, -0.068009
236.170, -0.034491
236.140, 0.006242
236.110, 0.053135
236.079, 0.105047
236.049, 0.160773
236.019, 0.219062
235.988, 0.278662
235.958, 0.338334
235.928, 0.396894
235.897, 0.453231
235.867, 0.506329
235.836, 0.555290
235.806, 0.599363
235.776, 0.637930
235.745, 0.670539
235.715, 0.696890
235.685, 0.716844
235.654, 0.730404
235.624, 0.737711
235.594, 0.739018
235.563, 0.734684
235.533, 0.725130
235.503, 0.710830
235.472, 0.692275
235.442, 0.669947
235.411, 0.644292
235.381, 0.615699
235.351, 0.584468
235.320, 0.550811
235.290, 0.514818
235.260, 0.476467
235.229, 0.435606
235.199, 0.391983
235.169, 0.345234
235.138, 0.294917
235.108, 0.240520
235.077, 0.181512
235.047, 0.117363
235.017, 0.047575
234.986, -0.028258
234.956, -0.110430
234.926, -0.199072
234.895, -0.294130
234.865, -0.395316
234.835, -0.502093
234.804, -0.613657
234.774, -0.728919
234.743, -0.846513
234.713, -0.964789
234.683, -1.081857
234.652, -1.195593
234.622, -1.303696
234.592, -1.403720
234.561, -1.493154
234.531, -1.569475
234.501, -1.630218
234.470, -1.673053
234.440, -1.695871
234.409, -1.696841
234.379, -1.674499
234.349, -1.627806
234.318, -1.556208
234.288, -1.459690
234.258, -1.338806
234.227, -1.194697
234.197, -1.029111
234.167, -0.844377
234.136, -0.643396
234.106, -0.429583
234.076, -0.204713
234.045, 0.024853
234.015, 0.254560
233.984, 0.479663
233.954, 0.695322
233.924, 0.896735
233.893, 1.079251
233.863, 1.238489
233.833, 1.370464
233.802, 1.471681
233.772, 1.539255
233.742, 1.570989
233.711, 1.565445
233.681, 1.522005
233.650, 1.440899
233.620, 1.323227
233.590, 1.170934
233.559, 0.986795
233.529, 0.774354
233.499, 0.537852
233.468, 0.282122
233.438, 0.012497
233.408, -0.265331
233.377, -0.545436
233.347, -0.821807
233.316, -1.088492
233.286, -1.339754
233.256, -1.570184
233.225, -1.774874
233.195, -1.949506
233.165, -2.090469
233.134, -2.194950
233.104, -2.260993
233.074, -2.287552
233.043, -2.274491
233.013, -2.222603
232.982, -2.133565
232.952, -2.009891
232.922, -1.854862
232.891, -1.672418
232.861, -1.467068
232.831, -1.243746
232.800, -1.007692
232.770, -0.764300
232.740, -0.518987
232.709, -0.277038
232.679, -0.043489
232.649, 0.177014
232.618, 0.380323
232.588, 0.562874
232.557, 0.721782
232.527, 0.854880
232.497, 0.960775
232.466, 1.038842
232.436, 1.089224
232.406, 1.112807
232.375, 1.111157
232.345, 1.086461
232.315, 1.041436
232.284, 0.979241
232.254, 0.903356
232.223, 0.817480
232.193, 0.725411
232.163, 0.630927
232.132, 0.537683
232.102, 0.449095
232.072, 0.368262
232.041, 0.297880
232.011, 0.240166
231.981, 0.196829
231.950, 0.169021
231.920, 0.157342
231.889, 0.161829
231.859, 0.181980
231.829, 0.216806
231.798, 0.264870
231.768, 0.324353
231.738, 0.393124
231.707, 0.468828
231.677, 0.548964
231.647, 0.630976
231.616, 0.712324
231.586, 0.790578
231.556, 0.863484
231.525, 0.929025
231.495, 0.985476
231.464, 1.031444
231.434, 1.065902
231.404, 1.088200
231.373, 1.098065
231.343, 1.095595
231.313, 1.081236
231.282, 1.055747
231.252, 1.020166
231.222, 0.975753
231.191, 0.923941
231.161, 0.866285
231.130, 0.804395
231.100, 0.739893
231.070, 0.674355
231.039, 0.609264
231.009, 0.545969
230.979, 0.485650
230.948, 0.429302
230.918, 0.377709
230.888, 0.331444
230.857, 0.290858
230.827, 0.256109
230.796, 0.227163
230.766, 0.203817
230.736, 0.185732
230.705, 0.172459
230.675, 0.163470
230.645, 0.158196
230.614, 0.156047
230.584, 0.156451
230.554, 0.158870
230.523, 0.162816
230.493, 0.167887
230.462, 0.173734
230.432, 0.180111
230.402, 0.186839
230.371, 0.193796
230.341, 0.200927
230.311, 0.208206
230.280, 0.215623
230.250, 0.223154
230.220, 0.230757
230.189, 0.238337
230.159, 0.245730
230.129, 0.252685
230.098, 0.258875
230.068, 0.263860
230.037, 0.267114
230.007, 0.268021
229.977, 0.265887
229.946, 0.259977
229.916, 0.249516
229.886, 0.233730
229.855, 0.211892
229.825, 0.183332
229.795, 0.147493
229.764, 0.103955
229.734, 0.052477
229.703, -0.006978
229.673, -0.074225
229.643, -0.148829
229.612, -0.230098
229.582, -0.317090
229.552, -0.408613
229.521, -0.503237
229.491, -0.599338
229.461, -0.695113
229.430, -0.788631
229.400, -0.877890
229.369, -0.960851
229.339, -1.035517
229.309, -1.099981
229.278, -1.152490
229.248, -1.191503
229.218, -1.215739
229.187, -1.224233
229.157, -1.216373
229.127, -1.191920
229.096, -1.151048
229.066, -1.094339
229.036, -1.022778
229.005, -0.937753
228.975, -0.841006
228.944, -0.734610
228.914, -0.620918
228.884, -0.502498
228.853, -0.382069
228.823, -0.262435
228.793, -0.146412
228.762, -0.036738
228.732, 0.063986
228.702, 0.153369
228.671, 0.229310
228.641, 0.290035
228.610, 0.334162
228.580, 0.360732
228.550, 0.369235
228.519, 0.359619
228.489, 0.332035
228.459, 0.287612
228.428, 0.227636
228.398, 0.153771
228.368, 0.068032
228.337, -0.027302
228.307, -0.129734
228.276, -0.236622
228.246, -0.345253
228.216, -0.452925
228.185, -0.557011
228.155, -0.655027
228.125, -0.744704
228.094, -0.824037
228.064, -0.891344
228.034, -0.945284
228.003, -0.984905
227.973, -1.009642
227.942, -1.019332
227.912, -1.014198
227.882, -0.994829
227.851, -0.962157
227.821, -0.917414
227.791, -0.862087
227.760, -0.797860
227.730, -0.726578
227.700, -0.650164
227.669, -0.570578
227.639, -0.489756
227.609, -0.409550
227.578, -0.331697
227.548, -0.257753
227.517, -0.189077
227.487, -0.126799
227.457, -0.071790
227.426, -0.024673
227.396, 0.014204
227.366, 0.044743
227.335, 0.067083
227.305, 0.081590
227.275, 0.088826
227.244, 0.089520
227.214, 0.084525
227.183, 0.074802
227.153, 0.061365
227.123, 0.045262
227.092, 0.027533
227.062, 0.009184
227.032, -0.008837
227.001, -0.025666
226.971, -0.040537
226.941, -0.052792
226.910, -0.061887
226.880, -0.067398
226.849, -0.069019
226.819, -0.066545
226.789, -0.059876
226.758, -0.048999
226.728, -0.033975
226.698, -0.014925
226.667, 0.007980
226.637, 0.034533
226.607, 0.064506
226.576, 0.097653
226.546, 0.133717
226.515, 0.172441
226.485, 0.213555
226.455, 0.256786
226.424, 0.301857
226.394, 0.348468
226.364, 0.396300
226.333, 0.445004
226.303, 0.494199
226.273, 0.543455
226.242, 0.592303
226.212, 0.640218
226.182, 0.686633
226.151, 0.730933
226.121, 0.772467
226.090, 0.810552
226.060, 0.844497
226.030, 0.873613
225.999, 0.897235
225.969, 0.914741
225.939, 0.925584
225.908, 0.929304
225.878, 0.925557
225.848, 0.914139
225.817, 0.895004
225.787, 0.868271
225.756, 0.834251
225.726, 0.793441
225.696, 0.746528
225.665, 0.694377
225.635, 0.638034
225.605, 0.578688
225.574, 0.517654
225.544, 0.456347
225.514, 0.396237
225.483, 0.338816
225.453, 0.285550
225.422, 0.237843
225.392, 0.196977
225.362, 0.164090
225.331, 0.140122
225.301, 0.125785
225.271, 0.121530
225.240, 0.127532
225.210, 0.143670
225.180, 0.169522
225.149, 0.204366
225.119, 0.247207
225.089, 0.296780
225.058, 0.351597
225.028, 0.409976
224.997, 0.470098
224.967, 0.530052
224.937, 0.587895
224.906, 0.641707
224.876, 0.689659
224.846, 0.730063
224.815, 0.761431
224.785, 0.782524
224.755, 0.792395
224.724, 0.790428
224.694, 0.776353
224.663, 0.750268
224.633, 0.712646
224.603, 0.664311
224.572, 0.606434
224.542, 0.540490
224.512, 0.468225
224.481, 0.391602
224.451, 0.312738
224.421, 0.233846
224.390, 0.157165
224.360, 0.084895
224.329, 0.019118
224.299, -0.038261
224.269, -0.085569
224.238, -0.121435
224.208, -0.144822
224.178, -0.155069
224.147, -0.151906
224.117, -0.135477
224.087, -0.106325
224.056, -0.065392
224.026, -0.013975
223.995, 0.046306
223.965, 0.113551
223.935, 0.185648
223.904, 0.260342
223.874, 0.335296
223.844, 0.408168
223.813, 0.476694
223.783, 0.538750
223.753, 0.592429
223.722, 0.636092
223.692, 0.668431
223.662, 0.688512
223.631, 0.695792
223.601, 0.690156
223.570, 0.671905
223.540, 0.641760
223.510, 0.600828
223.479, 0.550570
223.449, 0.492755
223.419, 0.429403
223.388, 0.362711
223.358, 0.294987
223.328, 0.228570
223.297, 0.165754
223.267, 0.108704
223.236, 0.059391
223.206, 0.019509
223.176, -0.009570
223.145, -0.026854
223.115, -0.031773
223.085, -0.024201
223.054, -0.004464
223.024, 0.026651
222.994, 0.067929
222.963, 0.117743
222.933, 0.174111
222.902, 0.231240
222.872, 0.290104
222.842, 0.348012
222.811, 0.402196
222.781, 0.449887
222.751, 0.488400
222.720, 0.515226
222.690, 0.528114
222.660, 0.525129
222.629, 0.504735
222.599, 0.465832
222.568, 0.407816
222.538, 0.330592
222.508, 0.234597
222.477, 0.120787
222.447, -0.009363
222.417, -0.153897
222.386, -0.310438
222.356, -0.476217
222.326, -0.648161
222.295, -0.822963
222.265, -0.997168
222.235, -1.167260
222.204, -1.329748
222.174, -1.481258
222.143, -1.618620
222.113, -1.738952
222.083, -1.839719
222.052, -1.918815
222.022, -1.974596
221.992, -2.005944
221.961, -2.012259
221.931, -1.993504
221.901, -1.950186
221.870, -1.883339
221.840, -1.794494
221.809, -1.685648
221.779, -1.559199
221.749, -1.417889
221.718, -1.264725
221.688, -1.102917
221.658, -0.935788
221.627, -0.766703
221.597, -0.598968
221.567, -0.435786
221.536, -0.280153
221.506, -0.134819
221.475, -0.002210
221.445, 0.115605
221.415, 0.216953
221.384, 0.300583
221.354, 0.365689
221.324, 0.411896
221.293, 0.439261
221.263, 0.448245
221.233, 0.439699
221.202, 0.414805
221.172, 0.375050
221.142, 0.322155
221.111, 0.258043
221.081, 0.184758
221.050, 0.104427
221.020, 0.019181
220.990, -0.068871
220.959, -0.157719
220.929, -0.245488
220.899, -0.330474
220.868, -0.411173
220.838, -0.486315
220.808, -0.554878
220.777, -0.616086
220.747, -0.669418
220.716, -0.714594
220.686, -0.751568
220.656, -0.780502
220.625, -0.801733
220.595, -0.815755
220.565, -0.823180
220.534, -0.824705
220.504, -0.821071
220.474, -0.813030
220.443, -0.801332
220.413, -0.786667
220.382, -0.769654
220.352, -0.750829
220.322, -0.730614
220.291, -0.709322
220.261, -0.687139
220.231, -0.664140
220.200, -0.640293
220.170, -0.615468
220.140, -0.589454
220.109, -0.561988
220.079, -0.532764
220.048, -0.501479
220.018, -0.467834
219.988, -0.431579
219.957, -0.392525
219.927, -0.350572
219.897, -0.305718
219.866, -0.258081
219.836, -0.207905
219.806, -0.155562
219.775, -0.101544
219.745, -0.046463
219.715, 0.008963
219.684, 0.063937
219.654, 0.117599
219.623, 0.169061
219.593, 0.217428
219.563, 0.261838
219.532, 0.301494
219.502, 0.335697
219.472, 0.363871
219.441, 0.385605
219.411, 0.400669
219.381, 0.409031
219.350, 0.410876
219.320, 0.406614
219.289, 0.396873
219.259, 0.382503
219.229, 0.364540
219.198, 0.344205
219.168, 0.322859
219.138, 0.301975
219.107, 0.283090
219.077, 0.267754
219.047, 0.257487
219.016, 0.253739
218.986, 0.257803
218.955, 0.270803
218.925, 0.293625
218.895, 0.326880
218.864, 0.370872
218.834, 0.425563
218.804, 0.490560
218.773, 0.565112
218.743, 0.648093
218.713, 0.738028
218.682, 0.833114
218.652, 0.931269
218.621, 1.030144
218.591, 1.127204
218.561, 1.219781
218.530, 1.305157
218.500, 1.380596
218.470, 1.443479
218.439, 1.491327
218.409, 1.521921
218.379, 1.533322
218.348, 1.523988
218.318, 1.492798
218.288, 1.439111
218.257, 1.362793
218.227, 1.264244
218.196, 1.144414
218.166, 1.004782
218.136, 0.847336
218.105, 0.674549
218.075, 0.489317
218.045, 0.294907
218.014, 0.094870
217.984, -0.107032
217.954, -0.306920
217.923, -0.500890
217.893, -0.685123
217.862, -0.855964
217.832, -1.010031
217.802, -1.144286
217.771, -1.256132
217.741, -1.343481
217.711, -1.404786
217.680, -1.439102
217.650, -1.446111
217.620, -1.426124
217.589, -1.380062
217.559, -1.309454
217.528, -1.216368
217.498, -1.103374
217.468, -0.973455
217.437, -0.829935
217.407, -0.676388
217.377, -0.516536
217.346, -0.354139
217.316, -0.189137
217.286, -0.028854
217.255, 0.123411
217.225, 0.264688
217.195, 0.392432
217.164, 0.504561
217.134, 0.599512
217.103, 0.676284
217.073, 0.734434
217.043, 0.774083
217.012, 0.795891
216.982, 0.801016
216.952, 0.791071
216.921, 0.768049
216.891, 0.734245
216.861, 0.692179
216.830, 0.644496
216.800, 0.593868
216.769, 0.542905
216.739, 0.494069
216.709, 0.449581
216.678, 0.411349
216.648, 0.380898
216.618, 0.359331
216.587, 0.347293
216.557, 0.344939
216.527, 0.351949
216.496, 0.367539
216.466, 0.390490
216.435, 0.419203
216.405, 0.451749
216.375, 0.485955
216.344, 0.519482
216.314, 0.549910
216.284, 0.574832
216.253, 0.591952
216.223, 0.599169
216.193, 0.594654
216.162, 0.576937
216.132, 0.544957
216.101, 0.498130
216.071, 0.436351
216.041, 0.360043
216.010, 0.270132
215.980, 0.168044
215.950, 0.055665
215.919, -0.064722
215.889, -0.190482
215.859, -0.318723
215.828, -0.446377
215.798, -0.570295
215.768, -0.687346
215.737, -0.794518
215.707, -0.889011
215.676, -0.968332
215.646, -1.030371
215.616, -1.073477
215.585, -1.096506
215.555, -1.098875
215.525, -1.080567
215.494, -1.042152
215.464, -0.984763
215.434, -0.910074
215.403, -0.820242
215.373, -0.717851
215.342, -0.605833
215.312, -0.487387
215.282, -0.365873
215.251, -0.244714
215.221, -0.127303
215.191, -0.016898
215.160, 0.083483
215.130, 0.171135
215.100, 0.243748
215.069, 0.299481
215.039, 0.336991
215.008, 0.355489
214.978, 0.354739
214.948, 0.335062
214.917, 0.297317
214.887, 0.242864
214.857, 0.173511
214.826, 0.091457
214.796, -0.000795
214.766, -0.100506
214.735, -0.204804
214.705, -0.310773
214.675, -0.415532
214.644, -0.516333
214.614, -0.610646
214.583, -0.696211
214.553, -0.771121
214.523, -0.833853
214.492, -0.883305
214.462, -0.918814
214.432, -0.940159
214.401, -0.947544
214.371, -0.941574
214.341, -0.923206
214.310, -0.893712
214.280, -0.854597
214.249, -0.807552
214.219, -0.754364
214.189, -0.696854
214.158, -0.636799
214.128, -0.575871
214.098, -0.515562
214.067, -0.457150
214.037, -0.401642
214.007, -0.349754
213.976, -0.301885
213.946, -0.258127
213.915, -0.218262
213.885, -0.181800
213.855, -0.147992
213.824, -0.115902
213.794, -0.084442
213.764, -0.052443
213.733, -0.018712
213.703, 0.017901
213.673, 0.058435
213.642, 0.103763
213.612, 0.154530
213.581, 0.211124
213.551, 0.273620
213.521, 0.341775
213.490, 0.415007
213.460, 0.492403
213.430, 0.572733
213.399, 0.654483
213.369, 0.735891
213.339, 0.815005
213.308, 0.889745
213.278, 0.957961
213.248, 1.017517
213.217, 1.066358
213.187, 1.102582
213.156, 1.124509
213.126, 1.130757
213.096, 1.120272
213.065, 1.092391
213.035, 1.046872
213.005, 0.983901
212.974, 0.904111
212.944, 0.808561
212.914, 0.698711
212.883, 0.576396
212.853, 0.443761
212.822, 0.303217
212.792, 0.157351
212.762, 0.008869
212.731, -0.139490
212.701, -0.285035
212.671, -0.425208
212.640, -0.557636
212.610, -0.680223
212.580, -0.791193
212.549, -0.889139
212.519, -0.973064
212.488, -1.042390
212.458, -1.096974
212.428, -1.137095
212.397, -1.163432
212.367, -1.177035
212.337, -1.179261
212.306, -1.171740
212.276, -1.156292
212.246, -1.134863
212.215, -1.109453
212.185, -1.082042
212.154, -1.054515
212.124, -1.028593
212.094, -1.005780
212.063, -0.987309
212.033, -0.974103
212.003, -0.966739
211.972, -0.965444
211.942, -0.970086
211.912, -0.980188
211.881, -0.994951
211.851, -1.013285
211.821, -1.033861
211.790, -1.055165
211.760, -1.075544
211.729, -1.091862
211.699, -1.103834
211.669, -1.109811
211.638, -1.108269
211.608, -1.097866
211.578, -1.077487
211.547, -1.046285
211.517, -1.003710
211.487, -0.949521
211.456, -0.883802
211.426, -0.806942
211.395, -0.719630
211.365, -0.622816
211.335, -0.517677
211.304, -0.405579
211.274, -0.288014
211.244, -0.166552
211.213, -0.042787
211.183, 0.081723
211.153, 0.205499
211.122, 0.327209
211.092, 0.445682
211.061, 0.559953
211.031, 0.669294
211.001, 0.773201
210.970, 0.871417
210.940, 0.963912
210.910, 1.050863
210.879, 1.132629
210.849, 1.209710
210.819, 1.282699
210.788, 1.352241
210.758, 1.418982
210.728, 1.483503
210.697, 1.546296
210.667, 1.607697
210.636, 1.667864
210.606, 1.726734
210.576, 1.784013
210.545, 1.839159
210.515, 1.891391
210.485, 1.939694
210.454, 1.982850
210.424, 2.019475
210.394, 2.048061
210.363, 2.067032
210.333, 2.074806
210.302, 2.069856
210.272, 2.050781
210.242, 2.016365
210.211, 1.965647
210.181, 1.897974
210.151, 1.813047
210.120, 1.710962
210.090, 1.592236
210.060, 1.457821
210.029, 1.309096
209.999, 1.147860
209.968, 0.976293
209.938, 0.796915
209.908, 0.612530
209.877, 0.426153
209.847, 0.240930
209.817, 0.060063
209.786, -0.113286
209.756, -0.276095
209.726, -0.425547
209.695, -0.559134
209.665, -0.674720
209.634, -0.770618
209.604, -0.845634
209.574, -0.899106
209.543, -0.930929
209.513, -0.941564
209.483, -0.932015
209.452, -0.903807
209.422, -0.858939
209.392, -0.799824
209.361, -0.729213
209.331, -0.650102
209.301, -0.565653
209.270, -0.479085
209.240, -0.393575
209.209, -0.312157
209.179, -0.237625
209.149, -0.172448
209.118, -0.118693
209.088, -0.077956
209.058, -0.051311
209.027, -0.039289
208.997, -0.041850
208.967, -0.058388
208.936, -0.087764
208.906, -0.128336
208.875, -0.178020
208.845, -0.234355
208.815, -0.294597
208.784, -0.355805
208.754, -0.414941
208.724, -0.468975
208.693, -0.514988
208.663, -0.550276
208.633, -0.572437
208.602, -0.579461
208.572, -0.569802
208.541, -0.542429
208.511, -0.496880
208.481, -0.433273
208.450, -0.352320
208.420, -0.255314
208.390, -0.144089
208.359, -0.020984
208.329, 0.111228
208.299, 0.249414
208.268, 0.390167
208.238, 0.529911
208.207, 0.664992
208.177, 0.791783
208.147, 0.906793
208.116, 1.006763
208.086, 1.088751
208.056, 1.150223
208.025, 1.189115
207.995, 1.203900
207.965, 1.193609
207.934, 1.157882
207.904, 1.096949
207.874, 1.011641
207.843, 0.903353
207.813, 0.774007
207.782, 0.625999
207.752, 0.462140
207.722, 0.285568
207.691, 0.099679
207.661, -0.091973
207.631, -0.285745
207.600, -0.478011
207.570, -0.665237
207.540, -0.844065
207.509, -1.011378
207.479, -1.164370
207.448, -1.300595
207.418, -1.418016
207.388, -1.515014
207.357, -1.590433
207.327, -1.643567
207.297, -1.674156
207.266, -1.682380
207.236, -1.668815
207.206, -1.634423
207.175, -1.580492
207.145, -1.508602
207.114, -1.420566
207.084, -1.318402
207.054, -1.204256
207.023, -1.080372
206.993, -0.949042
206.963, -0.812557
206.932, -0.673180
206.902, -0.533099
206.872, -0.394409
206.841, -0.259090
206.811, -0.128979
206.781, -0.005762
206.750, 0.109036
206.720, 0.214055
206.689, 0.308108
206.659, 0.390180
206.629, 0.459432
206.598, 0.515185
206.568, 0.556949
206.538, 0.584391
206.507, 0.597354
206.477, 0.595851
206.447, 0.580076
206.416, 0.550395
206.386, 0.507356
206.355, 0.451684
206.325, 0.384294
206.295, 0.306280
206.264, 0.218918
206.234, 0.123663
206.204, 0.022134
206.173, -0.083890
206.143, -0.195841
206.113, -0.308345
206.082, -0.419278
206.052, -0.526463
206.021, -0.627689
205.991, -0.720779
205.961, -0.803600
205.930, -0.874123
205.900, -0.930476
205.870, -0.970977
205.839, -0.994185
205.809, -0.998935
205.779, -0.984385
205.748, -0.950039
205.718, -0.895778
205.687, -0.821873
205.657, -0.728999
205.627, -0.618229
205.596, -0.491033
205.566, -0.349253
205.536, -0.195067
205.505, -0.030973
205.475, 0.140276
205.445, 0.315723
205.414, 0.492252
205.384, 0.666661
205.354, 0.835737
205.323, 0.996298
205.293, 1.145289
205.262, 1.279819
205.232, 1.397245
205.202, 1.495213
205.171, 1.571709
205.141, 1.625107
205.111, 1.654189
205.080, 1.658176
205.050, 1.636736
205.020, 1.589989
204.989, 1.518495
204.959, 1.423252
204.928, 1.305654
204.898, 1.167453
204.868, 1.010750
204.837, 0.837916
204.807, 0.651569
204.777, 0.454507
204.746, 0.249660
204.716, 0.040040
204.686, -0.171311
204.655, -0.381375
204.625, -0.587197
204.594, -0.785930
204.564, -0.974872
204.534, -1.151499
204.503, -1.313496
204.473, -1.458770
204.443, -1.585475
204.412, -1.692028
204.382, -1.777114
204.352, -1.839694
204.321, -1.879006
204.291, -1.894572
204.260, -1.886191
204.230, -1.853947
204.200, -1.798187
204.169, -1.719539
204.139, -1.618897
204.109, -1.497405
204.078, -1.356473
204.048, -1.197751
204.018, -1.023125
203.987, -0.834704
203.957, -0.634802
203.927, -0.425923
203.896, -0.210743
203.866, 0.007931
203.835, 0.227180
203.805, 0.444012
203.775, 0.655407
203.744, 0.858355
203.714, 1.049914
203.684, 1.227250
203.653, 1.387702
203.623, 1.528831
203.593, 1.648477
203.562, 1.744808
203.532, 1.816371
203.501, 1.862136
203.471, 1.881532
203.441, 1.874475
203.410, 1.841387
203.380, 1.783196
203.350, 1.701345
203.319, 1.597764
203.289, 1.474835
203.259, 1.335360
203.228, 1.182502
203.198, 1.019706
203.167, 0.850642
203.137, 0.679101
203.107, 0.508917
203.076, 0.343862
203.046, 0.187553
203.016, 0.043376
202.985, -0.085639
202.955, -0.196870
202.925, -0.288181
202.894, -0.357990
202.864, -0.405299
202.834, -0.429737
202.803, -0.431552
202.773, -0.411614
202.742, -0.371390
202.712, -0.312890
202.682, -0.238605
202.651, -0.151435
202.621, -0.054593
202.591, 0.048490
202.560, 0.154284
202.530, 0.259260
202.500, 0.360019
202.469, 0.453381
202.439, 0.536514
202.408, 0.606999
202.378, 0.662924
202.348, 0.702947
202.317, 0.726326
202.287, 0.732962
202.257, 0.723378
202.226, 0.698709
202.196, 0.660662
202.166, 0.611446
202.135, 0.553695
202.105, 0.490366
202.074, 0.424632
202.044, 0.359771
202.014, 0.299024
201.983, 0.245482
201.953, 0.201958
201.923, 0.170885
201.892, 0.154196
201.862, 0.153252
201.832, 0.168772
201.801, 0.200778
201.771, 0.248598
201.740, 0.310837
201.710, 0.385433
201.680, 0.469697
201.649, 0.560397
201.619, 0.653854
201.589, 0.746055
201.558, 0.832805
201.528, 0.909838
201.498, 0.972992
201.467, 1.018349
201.437, 1.042373
201.407, 1.042056
201.376, 1.015038
201.346, 0.959699
201.315, 0.875258
201.285, 0.761814
201.255, 0.620370
201.224, 0.452845
201.194, 0.262038
201.164, 0.051556
201.133, -0.174266
201.103, -0.410479
201.073, -0.651661
201.042, -0.892064
201.012, -1.125797
200.981, -1.346974
200.951, -1.549925
200.921, -1.729340
200.890, -1.880453
200.860, -1.999177
200.830, -2.082252
200.799, -2.127330
200.769, -2.133071
200.739, -2.099180
200.708, -2.026426
200.678, -1.916620
200.647, -1.772575
200.617, -1.598010
200.587, -1.397445
200.556, -1.176366
200.526, -0.940176
200.496, -0.694909
200.465, -0.446748
200.435, -0.201849
200.405, 0.033858
200.374, 0.254837
200.344, 0.456124
200.314, 0.633450
200.283, 0.783386
200.253, 0.903425
200.222, 0.992041
200.192, 1.048733
200.162, 1.074009
200.131, 1.069357
200.101, 1.037174
200.071, 0.980667
200.040, 0.903733
200.010, 0.810808
199.980, 0.706705
199.949, 0.596451
199.919, 0.485095
199.888, 0.377539
199.858, 0.278361
199.828, 0.191677
199.797, 0.120975
199.767, 0.069026
199.737, 0.037783
199.706, 0.028320
199.676, 0.040822
199.646, 0.074569
199.615, 0.127999
199.585, 0.198758
199.554, 0.283805
199.524, 0.379532
199.494, 0.481904
199.463, 0.586622
199.433, 0.689270
199.403, 0.785499
199.372, 0.871185
199.342, 0.942582
199.312, 0.996458
199.281, 1.030226
199.251, 1.042027
199.220, 1.030806
199.190, 0.996346
199.160, 0.939267
199.129, 0.861014
199.099, 0.763790
199.069, 0.650464
199.038, 0.524475
199.008, 0.389688
198.978, 0.250241
198.947, 0.110400
198.917, -0.025626
198.887, -0.153833
198.856, -0.270592
198.826, -0.372781
198.795, -0.457926
198.765, -0.524278
198.735, -0.570909
198.704, -0.597745
198.674, -0.605568
198.644, -0.596005
198.613, -0.571463
198.583, -0.535042
198.553, -0.490425
198.522, -0.441719
198.492, -0.393318
198.461, -0.349707
198.431, -0.315297
198.401, -0.294228
198.370, -0.290205
198.340, -0.306315
198.310, -0.344907
198.279, -0.407446
198.249, -0.494429
198.219, -0.605336
198.188, -0.738591
198.158, -0.891585
198.127, -1.060731
198.097, -1.241545
198.067, -1.428787
198.036, -1.616592
198.006, -1.798672
197.976, -1.968502
197.945, -2.119551
197.915, -2.245487
197.885, -2.340406
197.854, -2.399048
197.824, -2.416989
197.793, -2.390812
197.763, -2.318262
197.733, -2.198347
197.702, -2.031422
197.672, -1.819199
197.642, -1.564766
197.611, -1.272497
197.581, -0.947983
197.551, -0.597871
197.520, -0.229709
197.490, 0.148274
197.460, 0.527387
197.429, 0.898726
197.399, 1.253430
197.368, 1.582942
197.338, 1.879247
197.308, 2.135129
197.277, 2.344361
197.247, 2.501911
197.217, 2.604075
197.186, 2.648603
197.156, 2.634752
197.126, 2.563311
197.095, 2.436579
197.065, 2.258296
197.034, 2.033519
197.004, 1.768480
196.974, 1.470393
196.943, 1.147245
196.913, 0.807546
196.883, 0.460085
196.852, 0.113680
196.822, -0.223090
196.792, -0.542118
196.761, -0.836003
196.731, -1.098247
196.700, -1.323419
196.670, -1.507299
196.640, -1.646966
196.609, -1.740850
196.579, -1.788734
196.549, -1.791728
196.518, -1.752180
196.488, -1.673575
196.458, -1.560371
196.427, -1.417837
196.397, -1.251843
196.367, -1.068660
196.336, -0.874727
196.306, -0.676444
196.275, -0.479952
196.245, -0.290944
196.215, -0.114482
196.184, 0.045138
196.154, 0.184515
196.124, 0.301212
196.093, 0.393810
196.063, 0.461905
196.033, 0.506082
196.002, 0.527844
195.972, 0.529514
195.941, 0.514108
195.911, 0.485187
195.881, 0.446677
195.850, 0.402716
195.820, 0.357448
195.790, 0.314861
195.759, 0.278610
195.729, 0.251882
195.699, 0.237241
195.668, 0.236550
195.638, 0.250884
195.607, 0.280495
195.577, 0.324806
195.547, 0.382440
195.516, 0.451275
195.486, 0.528545
195.456, 0.610949
195.425, 0.694795
195.395, 0.776153
195.365, 0.851029
195.334, 0.915522
195.304, 0.966011
195.273, 0.999293
195.243, 1.012747
195.213, 1.004439
195.182, 0.973235
195.152, 0.918857
195.122, 0.841925
195.091, 0.743957
195.061, 0.627332
195.031, 0.495229
195.000, 0.351522
194.970, 0.202036
194.940, 0.050261
194.909, -0.098678
194.879, -0.239593
194.848, -0.367411
194.818, -0.477358
194.788, -0.565151
194.757, -0.627153
194.727, -0.660523
194.697, -0.663337
194.666, -0.634674
194.636, -0.574678
194.606, -0.484573
194.575, -0.366650
194.545, -0.224212
194.514, -0.061482
194.484, 0.116513
194.454, 0.304103
194.423, 0.495140
194.393, 0.683199
194.363, 0.861775
194.332, 1.024505
194.302, 1.165367
194.272, 1.278878
194.241, 1.360283
194.211, 1.405713
194.180, 1.412315
194.150, 1.378355
194.120, 1.303282
194.089, 1.187757
194.059, 1.033636
194.029, 0.843918
193.998, 0.622664
193.968, 0.374867
193.938, 0.106305
193.907, -0.176643
193.877, -0.467188
193.846, -0.758337
193.816, -1.043121
193.786, -1.314792
193.755, -1.567037
193.725, -1.794161
193.695, -1.991255
193.664, -2.154340
193.634, -2.280466
193.604, -2.367791
193.573, -2.415613
193.543, -2.424376
193.513, -2.395610
193.482, -2.331877
193.452, -2.236640
193.421, -2.114143
193.391, -1.969237
193.361, -1.807198
193.330, -1.633542
193.300, -1.453824
193.270, -1.273435
193.239, -1.097428
193.209, -0.930335
193.179, -0.776025
193.148, -0.637575
193.118, -0.517182
193.087, -0.416092
193.057, -0.334592
193.027, -0.272012
192.996, -0.226771
192.966, -0.196463
192.936, -0.177971
192.905, -0.167596
192.875, -0.161228
192.845, -0.154511
192.814, -0.143040
192.784, -0.122534
192.753, -0.089030
192.723, -0.039047
192.693, 0.030250
192.662, 0.120923
192.632, 0.234156
192.602, 0.370177
192.571, 0.528220
192.541, 0.706520
192.511, 0.902347
192.480, 1.112070
192.450, 1.331257
192.420, 1.554804
192.389, 1.777097
192.359, 1.992177
192.328, 2.193933
192.298, 2.376312
192.268, 2.533502
192.237, 2.660141
192.207, 2.751488
192.177, 2.803598
192.146, 2.813464
192.116, 2.779123
192.086, 2.699747
192.055, 2.575685
192.025, 2.408475
191.994, 2.200817
191.964, 1.956513
191.934, 1.680369
191.903, 1.378072
191.873, 1.056023
191.843, 0.721175
191.812, 0.380827
191.782, 0.042430
191.752, -0.286625
191.721, -0.599218
191.691, -0.888689
191.660, -1.149022
191.630, -1.375015
191.600, -1.562406
191.569, -1.707987
191.539, -1.809681
191.509, -1.866577
191.478, -1.878949
191.448, -1.848219
191.418, -1.776898
191.387, -1.668504
191.357, -1.527429
191.326, -1.358810
191.296, -1.168364
191.266, -0.962209
191.235, -0.746693
191.205, -0.528207
191.175, -0.312997
191.144, -0.107009
191.114, 0.084280
191.084, 0.255994
191.053, 0.403973
191.023, 0.524875
190.993, 0.616222
190.962, 0.676447
190.932, 0.704901
190.901, 0.701833
190.871, 0.668337
190.841, 0.606298
190.810, 0.518279
190.780, 0.407441
190.750, 0.277404
190.719, 0.132130
190.689, -0.024215
190.659, -0.187387
190.628, -0.353189
190.598, -0.517596
190.567, -0.676852
190.537, -0.827564
190.507, -0.966785
190.476, -1.092052
190.446, -1.201440
190.416, -1.293563
190.385, -1.367583
190.355, -1.423186
190.325, -1.460542
190.294, -1.480264
190.264, -1.483343
190.233, -1.471077
190.203, -1.445002
190.173, -1.406815
190.142, -1.358299
190.112, -1.301251
190.082, -1.237425
190.051, -1.168463
190.021, -1.095870
189.991, -1.020954
189.960, -0.944822
189.930, -0.868366
189.900, -0.792253
189.869, -0.716952
189.839, -0.642741
189.808, -0.569736
189.778, -0.497940
189.748, -0.427259
189.717, -0.357552
189.687, -0.288668
189.657, -0.220481
189.626, -0.152916
189.596, -0.085981
189.566, -0.019783
189.535, 0.045469
189.505, 0.109456
189.474, 0.171758
189.444, 0.231869
189.414, 0.289219
189.383, 0.345613
189.353, 0.398029
189.323, 0.445892
189.292, 0.488682
189.262, 0.525985
189.232, 0.557521
189.201, 0.583162
189.171, 0.602960
189.140, 0.617152
189.110, 0.626169
189.080, 0.630631
189.049, 0.631320
189.019, 0.629172
188.989, 0.625233
188.958, 0.620618
188.928, 0.616472
188.898, 0.613913
188.867, 0.613981
188.837, 0.617582
188.806, 0.625448
188.776, 0.638076
188.746, 0.655702
188.715, 0.678261
188.685, 0.705375
188.655, 0.736338
188.624, 0.770127
188.594, 0.805407
188.564, 0.840578
188.533, 0.873805
188.503, 0.903078
188.473, 0.926268
188.442, 0.941217
188.412, 0.945799
188.381, 0.938004
188.351, 0.916025
188.321, 0.878330
188.290, 0.823735
188.260, 0.751481
188.230, 0.661273
188.199, 0.553323
188.169, 0.428384
188.139, 0.287756
188.108, 0.133271
188.078, -0.032722
188.047, -0.207408
188.017, -0.387553
187.987, -0.569598
187.956, -0.749724
187.926, -0.923965
187.896, -1.088309
187.865, -1.238798
187.835, -1.371660
187.805, -1.483394
187.774, -1.570894
187.744, -1.631528
187.713, -1.663225
187.683, -1.664548
187.653, -1.634738
187.622, -1.573746
187.592, -1.482254
187.562, -1.361650
187.531, -1.214016
187.501, -1.042082
187.471, -0.849135
187.440, -0.638965
187.410, -0.415757
187.379, -0.183979
187.349, 0.051719
187.319, 0.286642
187.288, 0.516158
187.258, 0.735813
187.228, 0.941455
187.197, 1.129326
187.167, 1.296154
187.137, 1.439228
187.106, 1.556455
187.076, 1.646404
187.046, 1.708319
187.015, 1.742121
186.985, 1.748411
186.954, 1.728400
186.924, 1.683872
186.894, 1.617126
186.863, 1.530885
186.833, 1.428209
186.803, 1.312396
186.772, 1.186890
186.742, 1.055179
186.712, 0.920695
186.681, 0.786719
186.651, 0.656314
186.620, 0.532235
186.590, 0.416879
186.560, 0.312234
186.529, 0.219854
186.499, 0.140840
186.469, 0.075838
186.438, 0.025047
186.408, -0.011735
186.378, -0.035098
186.347, -0.045952
186.317, -0.045471
186.286, -0.035044
186.256, -0.016197
186.226, 0.009470
186.195, 0.040340
186.165, 0.074848
186.135, 0.111533
186.104, 0.149081
186.074, 0.186368
186.044, 0.222477
186.013, 0.256730
185.983, 0.288685
185.953, 0.318121
185.922, 0.345046
185.892, 0.369655
185.861, 0.392308
185.831, 0.413493
185.801, 0.433776
185.770, 0.453771
185.740, 0.474091
185.710, 0.495297
185.679, 0.517871
185.649, 0.542175
185.619, 0.568431
185.588, 0.596689
185.558, 0.626815
185.527, 0.658503
185.497, 0.691263
185.467, 0.724436
185.436, 0.757221
185.406, 0.788698
185.376, 0.817862
185.345, 0.843660
185.315, 0.865031
185.285, 0.880951
185.254, 0.890468
185.224, 0.892743
185.193, 0.887088
185.163, 0.872996
185.133, 0.850157
185.102, 0.818486
185.072, 0.778125
185.042, 0.729445
185.011, 0.673048
184.981, 0.609729
184.951, 0.540480
184.920, 0.466445
184.890, 0.388894
184.859, 0.309172
184.829, 0.228677
184.799, 0.148802
184.768, 0.070901
184.738, -0.003762
184.708, -0.074030
184.677, -0.138907
184.647, -0.197568
184.617, -0.249391
184.586, -0.293959
184.556, -0.331075
184.526, -0.360749
184.495, -0.383205
184.465, -0.398842
184.434, -0.408223
184.404, -0.412043
184.374, -0.411104
184.343, -0.406262
184.313, -0.398406
184.283, -0.388405
184.252, -0.377093
184.222, -0.365210
184.192, -0.353390
184.161, -0.342130
184.131, -0.331774
184.100, -0.322499
184.070, -0.314309
184.040, -0.307038
184.009, -0.300366
183.979, -0.293825
183.949, -0.286830
183.918, -0.278695
183.888, -0.268691
183.858, -0.256049
183.827, -0.240021
183.797, -0.222423
183.766, -0.200134
183.736, -0.172659
183.706, -0.139672
183.675, -0.101017
183.645, -0.056749
183.615, -0.007136
183.584, 0.047327
183.554, 0.105930
183.524, 0.167729
183.493, 0.231592
183.463, 0.296204
183.432, 0.360095
183.402, 0.421679
183.372, 0.479300
183.341, 0.531259
183.311, 0.575874
183.281, 0.611508
183.250, 0.636641
183.220, 0.649892
183.190, 0.650071
183.159, 0.636211
183.129, 0.607607
183.099, 0.563838
183.068, 0.504788
183.038, 0.430655
183.007, 0.341961
182.977, 0.239550
182.947, 0.124571
182.916, -0.001539
182.886, -0.137078
182.856, -0.280104
182.825, -0.428484
182.795, -0.579934
182.765, -0.732052
182.734, -0.882383
182.704, -1.028454
182.673, -1.167837
182.643, -1.298191
182.613, -1.417303
182.582, -1.523146
182.552, -1.613918
182.522, -1.688066
182.491, -1.744337
182.461, -1.781779
182.431, -1.799782
182.400, -1.798086
182.370, -1.776767
182.339, -1.736263
182.309, -1.677355
182.279, -1.601143
182.248, -1.509036
182.218, -1.402723
182.188, -1.284137
182.157, -1.155417
182.127, -1.018877
182.097, -0.876944
182.066, -0.732124
182.036, -0.586954
182.006, -0.443942
181.975, -0.305524
181.945, -0.174025
181.914, -0.051593
181.884, 0.059826
181.854, 0.158536
181.823, 0.243113
181.793, 0.312457
181.763, 0.365786
181.732, 0.402671
181.702, 0.423035
181.672, 0.427160
181.641, 0.415673
181.611, 0.389540
181.580, 0.350028
181.550, 0.298703
181.520, 0.237362
181.489, 0.168015
181.459, 0.092828
181.429, 0.014072
181.398, -0.065922
181.368, -0.144835
181.338, -0.220402
181.307, -0.290473
181.277, -0.353066
181.246, -0.406416
181.216, -0.449012
181.186, -0.479650
181.155, -0.497446
181.125, -0.501870
181.095, -0.492757
181.064, -0.470300
181.034, -0.435063
181.004, -0.387948
180.973, -0.330176
180.943, -0.263251
180.912, -0.188919
180.882, -0.109120
180.852, -0.025926
180.821, 0.058510
180.791, 0.142025
180.761, 0.222493
180.730, 0.297904
180.700, 0.366416
180.670, 0.426401
180.639, 0.476502
180.609, 0.515671
180.579, 0.543191
180.548, 0.558701
180.518, 0.562209
180.487, 0.554088
180.457, 0.535053
180.427, 0.506150
180.396, 0.468715
180.366, 0.424322
180.336, 0.374750
180.305, 0.321906
180.275, 0.267771
180.245, 0.214341
180.214, 0.163543
180.184, 0.117197
180.153, 0.076930
180.123, 0.044145
180.093, 0.019963
180.062, 0.005189
180.032, 0.000294
180.002, 0.005392
179.971, 0.020241
179.941, 0.044264
179.911, 0.076557
179.880, 0.115940
179.850, 0.160994
179.819, 0.210119
179.789, 0.261592
179.759, 0.313646
179.728, 0.364523
179.698, 0.412560
179.668, 0.456253
179.637, 0.494316
179.607, 0.525750
179.577, 0.549877
179.546, 0.566393
179.516, 0.575388
179.485, 0.577348
179.455, 0.573173
179.425, 0.564144
179.394, 0.551897
179.364, 0.538392
179.334, 0.525834
179.303, 0.516623
179.273, 0.513280
179.243, 0.518359
179.212, 0.534362
179.182, 0.563662
179.152, 0.608416
179.121, 0.670486
179.091, 0.751366
179.060, 0.852127
179.030, 0.973373
179.000, 1.115189
178.969, 1.277147
178.939, 1.458281
178.909, 1.657117
178.878, 1.871696
178.848, 2.099619
178.818, 2.338115
178.787, 2.584102
178.757, 2.834290
178.726, 3.085246
178.696, 3.333517
178.666, 3.575719
178.635, 3.808627
178.605, 4.029276
178.575, 4.235051
178.544, 4.423775
178.514, 4.593741
178.484, 4.743804
178.453, 4.873385
178.423, 4.982511
178.392, 5.071811
178.362, 5.142501
178.332, 5.196337
178.301, 5.235600
178.271, 5.263012
178.241, 5.281663
178.210, 5.294934
178.180, 5.306407
178.150, 5.319778
178.119, 5.338747
178.089, 5.366943
178.059, 5.407826
178.028, 5.464616
177.998, 5.540210
177.967, 5.637149
177.937, 5.757541
177.907, 5.903058
177.876, 6.074915
177.846, 6.273857
177.816, 6.500190
177.785, 6.753805
177.755, 7.034210
177.725, 7.340593
177.694, 7.671848
177.664, 8.026698
177.633, 8.403687
177.603, 8.801296
177.573, 9.217990
177.542, 9.652274
177.512, 10.102735
177.482, 10.568111
177.451, 11.047282
177.421, 11.539327
177.391, 12.043503
177.360, 12.559250
177.330, 13.086182
177.299, 13.624062
177.269, 14.172738
177.239, 14.732140
177.208, 15.302192
177.178, 15.882807
177.148, 16.473790
177.117, 17.074816
177.087, 17.685380
177.057, 18.304766
177.026, 18.931995
176.996, 19.565860
176.965, 20.204848
176.935, 20.847210
176.905, 21.490957
176.874, 22.133892
176.844, 22.773666
176.814, 23.407825
176.783, 24.033883
176.753, 24.649402
176.723, 25.252046
176.692, 25.839684
176.662, 26.410449
176.632, 26.962828
176.601, 27.495715
176.571, 28.008466
176.540, 28.500959
176.510, 28.973586
176.480, 29.427291
176.449, 29.863563
176.419, 30.284409
176.389, 30.692286
176.358, 31.090068
176.328, 31.480974
176.298, 31.868446
176.267, 32.256074
176.237, 32.647459
176.206, 33.046143
176.176, 33.455412
176.146, 33.878250
176.115, 34.317217
176.085, 34.774297
176.055, 35.250894
176.024, 35.747612
175.994, 36.264383
175.964, 36.800304
175.933, 37.353634
175.903, 37.921895
175.872, 38.501773
175.842, 39.089284
175.812, 39.679774
175.781, 40.268022
175.751, 40.848435
175.721, 41.415056
175.690, 41.961757
175.660, 42.482378
175.630, 42.970894
175.599, 43.421478
175.569, 43.828675
175.539, 44.187630
175.508, 44.493990
175.478, 44.744140
175.447, 44.935368
175.417, 45.065632
175.387, 45.133861
175.356, 45.139887
175.326, 45.084346
175.296, 44.968779
175.265, 44.795462
175.235, 44.567441
175.205, 44.288266
175.174, 43.962120
175.144, 43.593490
175.113, 43.187231
175.083, 42.748263
175.053, 42.281642
175.022, 41.792256
174.992, 41.284892
174.962, 40.763936
174.931, 40.233573
174.901, 39.697384
174.871, 39.158550
174.840, 38.619750
174.810, 38.083093
174.779, 37.550151
174.749, 37.021998
174.719, 36.499167
174.688, 35.981860
174.658, 35.469809
174.628, 34.962411
174.597, 34.458898
174.567, 33.958263
174.537, 33.459399
174.506, 32.961165
174.476, 32.462438
174.445, 31.962192
174.415, 31.459505
174.385, 30.953617
174.354, 30.443970
174.324, 29.930185
174.294, 29.412095
174.263, 28.889706
174.233, 28.363226
174.203, 27.832976
174.172, 27.299409
174.142, 26.763039
174.112, 26.224417
174.081, 25.684093
174.051, 25.142575
174.020, 24.600270
173.990, 24.057509
173.960, 23.514481
173.929, 22.971225
173.899, 22.427641
173.869, 21.883501
173.838, 21.338434
173.808, 20.791984
173.778, 20.243599
173.747, 19.692737
173.717, 19.138818
173.686, 18.581357
173.656, 18.019946
173.626, 17.454333
173.595, 16.884455
173.565, 16.310479
173.535, 15.732824
173.504, 15.152200
173.474, 14.569593
173.444, 13.986280
173.413, 13.403845
173.383, 12.824104
173.352, 12.249121
173.322, 11.681137
173.292, 11.122538
173.261, 10.575804
173.231, 10.043405
173.201, 9.527792
173.170, 9.031275
173.140, 8.556010
173.110, 8.103902
173.079, 7.676558
173.049, 7.275250
173.018, 6.900876
172.988, 6.553910
172.958, 6.234416
172.927, 5.942043
172.897, 5.676014
172.867, 5.435175
172.836, 5.218008
172.806, 5.022692
172.776, 4.847162
172.745, 4.689137
172.715, 4.546228
172.685, 4.415964
172.654, 4.295904
172.624, 4.183658
172.593, 4.076979
172.563, 3.973806
172.533, 3.872303
172.502, 3.770914
172.472, 3.668370
172.442, 3.563693
172.411, 3.456235
172.381, 3.345630
172.351, 3.231783
172.320, 3.114846
172.290, 2.995185
172.259, 2.873311
172.229, 2.749845
172.199, 2.625469
172.168, 2.500873
172.138, 2.376689
172.108, 2.253471
172.077, 2.131641
172.047, 2.011459
172.017, 1.893020
171.986, 1.776213
171.956, 1.660750
171.925, 1.546159
171.895, 1.431828
171.865, 1.317006
171.834, 1.200871
171.804, 1.082569
171.774, 0.961253
171.743, 0.836146
171.713, 0.706604
171.683, 0.572147
171.652, 0.432523
171.622, 0.287733
171.592, 0.138076
171.561, -0.015845
171.531, -0.173104
171.500, -0.332468
171.470, -0.492403
171.440, -0.651115
171.409, -0.806584
171.379, -0.956631
171.349, -1.098976
171.318, -1.231289
171.288, -1.351296
171.258, -1.456845
171.227, -1.545976
171.197, -1.617004
171.166, -1.668571
171.136, -1.699735
171.106, -1.709984
171.075, -1.699286
171.045, -1.668101
171.015, -1.617400
170.984, -1.548632
170.954, -1.463697
170.924, -1.364913
170.893, -1.254944
170.863, -1.136730
170.832, -1.013397
170.802, -0.888185
170.772, -0.764323
170.741, -0.644961
170.711, -0.533053
170.681, -0.431267
170.650, -0.341915
170.620, -0.266877
170.590, -0.207530
170.559, -0.164720
170.529, -0.138737
170.498, -0.129307
170.468, -0.135596
170.438, -0.156250
170.407, -0.189458
170.377, -0.232979
170.347, -0.284267
170.316, -0.340522
170.286, -0.398819
170.256, -0.456192
170.225, -0.509747
170.195, -0.556765
170.165, -0.594797
170.134, -0.621751
170.104, -0.635967
170.073, -0.636276
170.043, -0.622049
170.013, -0.593214
169.982, -0.550264
169.952, -0.494237
169.922, -0.426691
169.891, -0.349644
169.861, -0.265502
169.831, -0.176979
169.800, -0.087015
169.770, 0.001351
169.739, 0.085069
169.709, 0.161186
169.679, 0.226957
169.648, 0.279937
169.618, 0.318065
169.588, 0.339747
169.557, 0.343900
169.527, 0.329997
169.497, 0.298085
169.466, 0.248799
169.436, 0.183311
169.405, 0.103321
169.375, 0.010989
169.345, -0.091139
169.314, -0.200222
169.284, -0.313212
169.254, -0.426948
169.223, -0.538289
169.193, -0.644192
169.163, -0.741821
169.132, -0.828633
169.102, -0.902475
169.071, -0.961633
169.041, -1.004888
169.011, -1.031547
168.980, -1.041446
168.950, -1.034963
168.920, -1.012975
168.889, -0.976808
168.859, -0.928190
168.829, -0.869161
168.798, -0.802005
168.768, -0.729142
168.738, -0.653023
168.707, -0.576053
168.677, -0.500474
168.646, -0.428284
168.616, -0.361160
168.586, -0.300395
168.555, -0.246850
168.525, -0.200911
168.495, -0.162492
168.464, -0.131037
168.434, -0.105551
168.404, -0.084637
168.373, -0.066569
168.343, -0.049366
168.312, -0.030893
168.282, -0.008938
168.252, 0.018663
168.221, 0.053937
168.191, 0.098658
168.161, 0.154263
168.130, 0.221769
168.100, 0.301693
168.070, 0.394007
168.039, 0.498103
168.009, 0.612782
167.978, 0.736257
167.948, 0.866200
167.918, 0.999780
167.887, 1.133739
167.857, 1.264502
167.827, 1.388255
167.796, 1.501092
167.766, 1.599123
167.736, 1.678615
167.705, 1.736123
167.675, 1.768611
167.645, 1.773559
167.614, 1.749099
167.584, 1.694062
167.553, 1.608060
167.523, 1.491538
167.493, 1.345778
167.462, 1.172897
167.432, 0.975812
167.402, 0.758184
167.371, 0.524335
167.341, 0.279131
167.311, 0.027893
167.280, -0.223792
167.250, -0.470160
167.219, -0.705474
167.189, -0.924153
167.159, -1.120941
167.128, -1.291040
167.098, -1.430263
167.068, -1.535129
167.037, -1.602985
167.007, -1.632065
166.977, -1.621554
166.946, -1.572203
166.916, -1.484544
166.885, -1.360645
166.855, -1.203465
166.825, -1.016778
166.794, -0.805070
166.764, -0.573422
166.734, -0.327374
166.703, -0.072799
166.673, 0.184276
166.643, 0.437795
166.612, 0.681842
166.582, 0.910768
166.551, 1.119354
166.521, 1.302892
166.491, 1.457330
166.460, 1.579324
166.430, 1.666322
166.400, 1.716595
166.369, 1.729271
166.339, 1.704309
166.309, 1.642497
166.278, 1.545403
166.248, 1.415305
166.218, 1.255122
166.187, 1.068322
166.157, 0.858827
166.126, 0.630904
166.096, 0.389054
166.066, 0.137912
166.035, -0.117859
166.005, -0.373673
165.975, -0.625111
165.944, -0.867991
165.914, -1.098456
165.884, -1.313018
165.853, -1.508605
165.823, -1.682600
165.792, -1.832843
165.762, -1.957662
165.732, -2.055852
165.701, -2.126667
165.671, -2.169798
165.641, -2.185358
165.610, -2.173832
165.580, -2.136057
165.550, -2.073182
165.519, -1.986627
165.489, -1.878070
165.458, -1.749382
165.428, -1.602619
165.398, -1.439991
165.367, -1.263834
165.337, -1.076592
165.307, -0.880782
165.276, -0.678992
165.246, -0.473856
165.216, -0.268025
165.185, -0.064164
165.155, 0.135085
165.124, 0.327128
165.094, 0.509438
165.064, 0.679596
165.033, 0.835320
165.003, 0.974502
164.973, 1.095251
164.942, 1.195941
164.912, 1.275232
164.882, 1.332136
164.851, 1.366027
164.821, 1.376698
164.791, 1.364372
164.760, 1.329729
164.730, 1.273909
164.699, 1.198521
164.669, 1.105617
164.639, 0.997685
164.608, 0.877587
164.578, 0.748533
164.548, 0.614010
164.517, 0.477693
164.487, 0.343387
164.457, 0.214919
164.426, 0.096045
164.396, -0.009647
164.365, -0.098840
164.335, -0.168582
164.305, -0.216376
164.274, -0.240270
164.244, -0.238916
164.214, -0.211634
164.183, -0.158442
164.153, -0.080087
164.123, 0.021966
164.092, 0.145548
164.062, 0.287830
164.031, 0.445383
164.001, 0.614260
163.971, 0.790088
163.940, 0.968194
163.910, 1.143716
163.880, 1.311734
163.849, 1.467416
163.819, 1.606154
163.789, 1.723685
163.758, 1.816229
163.728, 1.880598
163.698, 1.914298
163.667, 1.915602
163.637, 1.883614
163.606, 1.818304
163.576, 1.720519
163.546, 1.591966
163.515, 1.435177
163.485, 1.253444
163.455, 1.050729
163.424, 0.831566
163.394, 0.600930
163.364, 0.364109
163.333, 0.126549
163.303, -0.106290
163.272, -0.329081
163.242, -0.536791
163.212, -0.724807
163.181, -0.889061
163.151, -1.026154
163.121, -1.133431
163.090, -1.209049
163.060, -1.252032
163.030, -1.262277
162.999, -1.240550
162.969, -1.188456
162.938, -1.108370
162.908, -1.003378
162.878, -0.877154
162.847, -0.733864
162.817, -0.578026
162.787, -0.414380
162.756, -0.247748
162.726, -0.082893
162.696, 0.075623
162.665, 0.223546
162.635, 0.357067
162.604, 0.472908
162.574, 0.568400
162.544, 0.641546
162.513, 0.691055
162.483, 0.716359
162.453, 0.717604
162.422, 0.695613
162.392, 0.651847
162.362, 0.588327
162.331, 0.507553
162.301, 0.412410
162.271, 0.306061
162.240, 0.191839
162.210, 0.073133
162.179, -0.046714
162.149, -0.164515
162.119, -0.277323
162.088, -0.382516
162.058, -0.477864
162.028, -0.561579
161.997, -0.632344
161.967, -0.689328
161.937, -0.732186
161.906, -0.761038
161.876, -0.776432
161.845, -0.779297
161.815, -0.770879
161.785, -0.752676
161.754, -0.726364
161.724, -0.693716
161.694, -0.656529
161.663, -0.616549
161.633, -0.575402
161.603, -0.534537
161.572, -0.495182
161.542, -0.458301
161.511, -0.424575
161.481, -0.394389
161.451, -0.367843
161.420, -0.344759
161.390, -0.324718
161.360, -0.307098
161.329, -0.291111
161.299, -0.275869
161.269, -0.260184
161.238, -0.243376
161.208, -0.224578
161.178, -0.203038
161.147, -0.178165
161.117, -0.149564
161.086, -0.117067
161.056, -0.080740
161.026, -0.040901
160.995, 0.001900
160.965, 0.046895
160.935, 0.093125
160.904, 0.139485
160.874, 0.184768
160.844, 0.227717
160.813, 0.267082
160.783, 0.301676
160.752, 0.330430
160.722, 0.352448
160.692, 0.367048
160.661, 0.373799
160.631, 0.372552
160.601, 0.363448
160.570, 0.346925
160.540, 0.323710
160.510, 0.294790
160.479, 0.261382
160.449, 0.224886
160.418, 0.186833
160.388, 0.148814
160.358, 0.112427
160.327, 0.079195
160.297, 0.050505
160.267, 0.027539
160.236, 0.011218
160.206, 0.002153
160.176, 0.000595
160.145, 0.006424
160.115, 0.019122
160.084, 0.037787
160.054, 0.061144
160.024, 0.087580
159.993, 0.115197
159.963, 0.141869
159.933, 0.165321
159.902, 0.183202
159.872, 0.193185
159.842, 0.193049
159.811, 0.180781
159.781, 0.154655
159.751, 0.113320
159.720, 0.055870
159.690, -0.018093
159.659, -0.108417
159.629, -0.214375
159.599, -0.334652
159.568, -0.467356
159.538, -0.610055
159.508, -0.759815
159.477, -0.913278
159.447, -1.066744
159.417, -1.216268
159.386, -1.357763
159.356, -1.487129
159.325, -1.600368
159.295, -1.693699
159.265, -1.763687
159.234, -1.807352
159.204, -1.822259
159.174, -1.806611
159.143, -1.759315
159.113, -1.680030
159.083, -1.569198
159.052, -1.428036
159.022, -1.258534
158.991, -1.063399
158.961, -0.846006
158.931, -0.610301
158.900, -0.360710
158.870, -0.102034
158.840, 0.160700
158.809, 0.422344
158.779, 0.677787
158.749, 0.922071
158.718, 1.150527
158.688, 1.358900
158.657, 1.543453
158.627, 1.701048
158.597, 1.829241
158.566, 1.926311
158.536, 1.991310
158.506, 2.024057
158.475, 2.025131
158.445, 1.995837
158.415, 1.938137
158.384, 1.854586
158.354, 1.748241
158.324, 1.622548
158.293, 1.481239
158.263, 1.328204
158.232, 1.167381
158.202, 1.002641
158.172, 0.837654
158.141, 0.675818
158.111, 0.520147
158.081, 0.373211
158.050, 0.237073
158.020, 0.113246
157.990, 0.002688
157.959, -0.094205
157.929, -0.177578
157.898, -0.248076
157.868, -0.306791
157.838, -0.355186
157.807, -0.395027
157.777, -0.428280
157.747, -0.457032
157.716, -0.483379
157.686, -0.509356
157.656, -0.536821
157.625, -0.567403
157.595, -0.602415
157.564, -0.642804
157.534, -0.689120
157.504, -0.741477
157.473, -0.799561
157.443, -0.862632
157.413, -0.929552
157.382, -0.998836
157.352, -1.068689
157.322, -1.137105
157.291, -1.201910
157.261, -1.260871
157.231, -1.311765
157.200, -1.352475
157.170, -1.381075
157.139, -1.395896
157.109, -1.395603
157.079, -1.379248
157.048, -1.346322
157.018, -1.296777
156.988, -1.231035
156.957, -1.149998
156.927, -1.055019
156.897, -0.947872
156.866, -0.830698
156.836, -0.705950
156.805, -0.576319
156.775, -0.444650
156.745, -0.313857
156.714, -0.186841
156.684, -0.066387
156.654, 0.044900
156.623, 0.144705
156.593, 0.231038
156.563, 0.302321
156.532, 0.357427
156.502, 0.395713
156.471, 0.417033
156.441, 0.421756
156.411, 0.410729
156.380, 0.385283
156.350, 0.347146
156.320, 0.298433
156.289, 0.241544
156.259, 0.179119
156.229, 0.113929
156.198, 0.048819
156.168, -0.013396
156.137, -0.070010
156.107, -0.118505
156.077, -0.156617
156.046, -0.182412
156.016, -0.194344
155.986, -0.191258
155.955, -0.172477
155.925, -0.137769
155.895, -0.087375
155.864, -0.021977
155.834, 0.057315
155.804, 0.149003
155.773, 0.251248
155.743, 0.361938
155.712, 0.478745
155.682, 0.599175
155.652, 0.720678
155.621, 0.840689
155.591, 0.956694
155.561, 1.066410
155.530, 1.167560
155.500, 1.258195
155.470, 1.336650
155.439, 1.401567
155.409, 1.451935
155.378, 1.487086
155.348, 1.506703
155.318, 1.510809
155.287, 1.499752
155.257, 1.474170
155.227, 1.434953
155.196, 1.383224
155.166, 1.320263
155.136, 1.247477
155.105, 1.166353
155.075, 1.078385
155.044, 0.985065
155.014, 0.887808
154.984, 0.787933
154.953, 0.686618
154.923, 0.584892
154.893, 0.483598
154.862, 0.383399
154.832, 0.284774
154.802, 0.188010
154.771, 0.093239
154.741, 0.000429
154.710, -0.090565
154.680, -0.179990
154.650, -0.268166
154.619, -0.355432
154.589, -0.442133
154.559, -0.528583
154.528, -0.615021
154.498, -0.701600
154.468, -0.788360
154.437, -0.875193
154.407, -0.961858
154.377, -1.047952
154.346, -1.132915
154.316, -1.216041
154.285, -1.296487
154.255, -1.373287
154.225, -1.445375
154.194, -1.511617
154.164, -1.570833
154.134, -1.621839
154.103, -1.663471
154.073, -1.694626
154.043, -1.714290
154.012, -1.721575
153.982, -1.715747
153.951, -1.696246
153.921, -1.662712
153.891, -1.614996
153.860, -1.553180
153.830, -1.477571
153.800, -1.388699
153.769, -1.287322
153.739, -1.174403
153.709, -1.051099
153.678, -0.918723
153.648, -0.778746
153.617, -0.632738
153.587, -0.482355
153.557, -0.329295
153.526, -0.175274
153.496, -0.021978
153.466, 0.128959
153.435, 0.275988
153.405, 0.417675
153.375, 0.552727
153.344, 0.680006
153.314, 0.798557
153.284, 0.907608
153.253, 1.006584
153.223, 1.095106
153.192, 1.172991
153.162, 1.240236
153.132, 1.297019
153.101, 1.343674
153.071, 1.380676
153.041, 1.408618
153.010, 1.428189
152.980, 1.440148
152.950, 1.445305
152.919, 1.444485
152.889, 1.438516
152.858, 1.428199
152.828, 1.414296
152.798, 1.397505
152.767, 1.378450
152.737, 1.357675
152.707, 1.335628
152.676, 1.312665
152.646, 1.289056
152.616, 1.264970
152.585, 1.240509
152.555, 1.215693
152.524, 1.190499
152.494, 1.164854
152.464, 1.138663
152.433, 1.111820
152.403, 1.084228
152.373, 1.055817
152.342, 1.026556
152.312, 0.996462
152.282, 0.965617
152.251, 0.934172
152.221, 0.902355
152.190, 0.870456
152.160, 0.838845
152.130, 0.807951
152.099, 0.778256
152.069, 0.750278
152.039, 0.724559
152.008, 0.701642
151.978, 0.682052
151.948, 0.666277
151.917, 0.654740
151.887, 0.647784
151.857, 0.645651
151.826, 0.648463
151.796, 0.656208
151.765, 0.668731
151.735, 0.685730
151.705, 0.706742
151.674, 0.731171
151.644, 0.758267
151.614, 0.787168
151.583, 0.816892
151.553, 0.846390
151.523, 0.874547
151.492, 0.900228
151.462, 0.922307
151.431, 0.939706
151.401, 0.951418
151.371, 0.956563
151.340, 0.954391
151.310, 0.944347
151.280, 0.926064
151.249, 0.899403
151.219, 0.864457
151.189, 0.821568
151.158, 0.771317
151.128, 0.714520
151.097, 0.652216
151.067, 0.585643
151.037, 0.516200
151.006, 0.445429
150.976, 0.374952
150.946, 0.306442
150.915, 0.241564
150.885, 0.181928
150.855, 0.129035
150.824, 0.084239
150.794, 0.048686
150.763, 0.023282
150.733, 0.008653
150.703, 0.005127
150.672, 0.012700
150.642, 0.031039
150.612, 0.059475
150.581, 0.097023
150.551, 0.142390
150.521, 0.194012
150.490, 0.250101
150.460, 0.308676
150.430, 0.367640
150.399, 0.424819
150.369, 0.478036
150.338, 0.525181
150.308, 0.564260
150.278, 0.593471
150.247, 0.611261
150.217, 0.616365
150.187, 0.607858
150.156, 0.585192
150.126, 0.548205
150.096, 0.497148
150.065, 0.432666
150.035, 0.355792
150.004, 0.267925
149.974, 0.170780
149.944, 0.066347
149.913, -0.043168
149.883, -0.156255
149.853, -0.269637
149.822, -0.380878
149.792, -0.487608
149.762, -0.587599
149.731, -0.678832
149.701, -0.759563
149.670, -0.828369
149.640, -0.884198
149.610, -0.926392
149.579, -0.954710
149.549, -0.969337
149.519, -0.970858
149.488, -0.960246
149.458, -0.938819
149.428, -0.908194
149.397, -0.870223
149.367, -0.826922
149.337, -0.780404
149.306, -0.732791
149.276, -0.686140
149.245, -0.642363
149.215, -0.603151
149.185, -0.569915
149.154, -0.543723
149.124, -0.525258
149.094, -0.514791
149.063, -0.512161
149.033, -0.516776
149.003, -0.527640
148.972, -0.543366
148.942, -0.562249
148.911, -0.582312
148.881, -0.601383
148.851, -0.617185
148.820, -0.627423
148.790, -0.629879
148.760, -0.622510
148.729, -0.603536
148.699, -0.571537
148.669, -0.525521
148.638, -0.464989
148.608, -0.389991
148.577, -0.301163
148.547, -0.199722
148.517, -0.087487
148.486, 0.033176
148.456, 0.159373
148.426, 0.287773
148.395, 0.414678
148.365, 0.536126
148.335, 0.648005
148.304, 0.746181
148.274, 0.826620
148.243, 0.885521
148.213, 0.919450
148.183, 0.925460
148.152, 0.901208
148.122, 0.845048
148.092, 0.756116
148.061, 0.634401
148.031, 0.480765
148.001, 0.296974
147.970, 0.085674
147.940, -0.149641
147.910, -0.404702
147.879, -0.674540
147.849, -0.953610
147.818, -1.235920
147.788, -1.515172
147.758, -1.784932
147.727, -2.038786
147.697, -2.270526
147.667, -2.474305
147.636, -2.644809
147.606, -2.777409
147.576, -2.868286
147.545, -2.914564
147.515, -2.914385
147.484, -2.866990
147.454, -2.772743
147.424, -2.633148
147.393, -2.450821
147.363, -2.229437
147.333, -1.973644
147.302, -1.688965
147.272, -1.381649
147.242, -1.058530
147.211, -0.726849
147.181, -0.394077
147.150, -0.067721
147.120, 0.244857
147.090, 0.536639
147.059, 0.801111
147.029, 1.032447
146.999, 1.225634
146.968, 1.376611
146.938, 1.482358
146.908, 1.540964
146.877, 1.551676
146.847, 1.514900
146.817, 1.432177
146.786, 1.306140
146.756, 1.140433
146.725, 0.939590
146.695, 0.708932
146.665, 0.454401
146.634, 0.182398
146.604, -0.100372
146.574, -0.387100
146.543, -0.671025
146.513, -0.945630
146.483, -1.204786
146.452, -1.442913
146.422, -1.655108
146.391, -1.837248
146.361, -1.986091
146.331, -2.099322
146.300, -2.175602
146.270, -2.214563
146.240, -2.216796
146.209, -2.183800
146.179, -2.117921
146.149, -2.022257
146.118, -1.900541
146.088, -1.757037
146.057, -1.596387
146.027, -1.423476
145.997, -1.243293
145.966, -1.060780
145.936, -0.880703
145.906, -0.707515
145.875, -0.545250
145.845, -0.397415
145.815, -0.266916
145.784, -0.155985
145.754, -0.066158
145.723, 0.001764
145.693, 0.047702
145.663, 0.072272
145.632, 0.076752
145.602, 0.063010
145.572, 0.033435
145.541, -0.009164
145.511, -0.061640
145.481, -0.120638
145.450, -0.182688
145.420, -0.244321
145.390, -0.302184
145.359, -0.353130
145.329, -0.394321
145.298, -0.423308
145.268, -0.438094
145.238, -0.437195
145.207, -0.419672
145.177, -0.385158
145.147, -0.333848
145.116, -0.266506
145.086, -0.184414
145.056, -0.089343
145.025, 0.016513
144.995, 0.130600
144.964, 0.250087
144.934, 0.371948
144.904, 0.493057
144.873, 0.610269
144.843, 0.720519
144.813, 0.820909
144.782, 0.908781
144.752, 0.981803
144.722, 1.038022
144.691, 1.075925
144.661, 1.094475
144.630, 1.093137
144.600, 1.071899
144.570, 1.031258
144.539, 0.972223
144.509, 0.896271
144.479, 0.805311
144.448, 0.701642
144.418, 0.587879
144.388, 0.466888
144.357, 0.341715
144.327, 0.215498
144.296, 0.091393
144.266, -0.027515
144.236, -0.138287
144.205, -0.238209
144.175, -0.326551
144.145, -0.399563
144.114, -0.455584
144.084, -0.493414
144.054, -0.512340
144.023, -0.512144
143.993, -0.493119
143.963, -0.456061
143.932, -0.402245
143.902, -0.333396
143.871, -0.251645
143.841, -0.159474
143.811, -0.059648
143.780, 0.044848
143.750, 0.150895
143.720, 0.255318
143.689, 0.354963
143.659, 0.446798
143.629, 0.527977
143.598, 0.595930
143.568, 0.648423
143.537, 0.683634
143.507, 0.700197
143.477, 0.697242
143.446, 0.674441
143.416, 0.632002
143.386, 0.570685
143.355, 0.491786
143.325, 0.397109
143.295, 0.288934
143.264, 0.169949
143.234, 0.043191
143.203, -0.088021
143.173, -0.220185
143.143, -0.349691
143.112, -0.472936
143.082, -0.586387
143.052, -0.686722
143.021, -0.770876
142.991, -0.836166
142.961, -0.880335
142.930, -0.901647
142.900, -0.898931
142.870, -0.871615
142.839, -0.819760
142.809, -0.744067
142.778, -0.645870
142.748, -0.527100
142.718, -0.390262
142.687, -0.238355
142.657, -0.074825
142.627, 0.096543
142.596, 0.271713
142.566, 0.446487
142.536, 0.616636
142.505, 0.777997
142.475, 0.926579
142.444, 1.058688
142.414, 1.171001
142.384, 1.260689
142.353, 1.325458
142.323, 1.363643
142.293, 1.374235
142.262, 1.356929
142.232, 1.312114
142.202, 1.240884
142.171, 1.145001
142.141, 1.026848
142.110, 0.889380
142.080, 0.736025
142.050, 0.570612
142.019, 0.397266
141.989, 0.220277
141.959, 0.044032
141.928, -0.127157
141.898, -0.289114
141.868, -0.437946
141.837, -0.570121
141.807, -0.682567
141.776, -0.772744
141.746, -0.838700
141.716, -0.879119
141.685, -0.893345
141.655, -0.881384
141.625, -0.843890
141.594, -0.782139
141.564, -0.697968
141.534, -0.593722
141.503, -0.472176
141.473, -0.336434
141.443, -0.189854
141.412, -0.035927
141.382, 0.121810
141.351, 0.279891
141.321, 0.434991
141.291, 0.584042
141.260, 0.724289
141.230, 0.853369
141.200, 0.969352
141.169, 1.070785
141.139, 1.156704
141.109, 1.226633
141.078, 1.280580
141.048, 1.318999
141.017, 1.342749
140.987, 1.353032
140.957, 1.351341
140.926, 1.339369
140.896, 1.318946
140.866, 1.291962
140.835, 1.260266
140.805, 1.225621
140.775, 1.189619
140.744, 1.153631
140.714, 1.118758
140.683, 1.085798
140.653, 1.055225
140.623, 1.027188
140.592, 1.001516
140.562, 0.977740
140.532, 0.955128
140.501, 0.932743
140.471, 0.909484
140.441, 0.884159
140.410, 0.855545
140.380, 0.822469
140.349, 0.783859
140.319, 0.738826
140.289, 0.686712
140.258, 0.627139
140.228, 0.560044
140.198, 0.485716
140.167, 0.404784
140.137, 0.318245
140.107, 0.227405
140.076, 0.133881
140.046, 0.039540
140.016, -0.053564
139.985, -0.143251
139.955, -0.227291
139.924, -0.303491
139.894, -0.369769
139.864, -0.424249
139.833, -0.465315
139.803, -0.491706
139.773, -0.502560
139.742, -0.497468
139.712, -0.476502
139.682, -0.440238
139.651, -0.389749
139.621, -0.326593
139.590, -0.252773
139.560, -0.170680
139.530, -0.083046
139.499, 0.007167
139.469, 0.096828
139.439, 0.182764
139.408, 0.261841
139.378, 0.331080
139.348, 0.387775
139.317, 0.429559
139.287, 0.454513
139.256, 0.461245
139.226, 0.448937
139.196, 0.417402
139.165, 0.367098
139.135, 0.299135
139.105, 0.215263
139.074, 0.117827
139.044, 0.009709
139.014, -0.105745
138.983, -0.224818
138.953, -0.343530
138.923, -0.457757
138.892, -0.563359
138.862, -0.656293
138.831, -0.732749
138.801, -0.789286
138.771, -0.822913
138.740, -0.831220
138.710, -0.812447
138.680, -0.765554
138.649, -0.690275
138.619, -0.587131
138.589, -0.457436
138.558, -0.303278
138.528, -0.127469
138.497, 0.071285
138.467, 0.284177
138.437, 0.506698
138.406, 0.733988
138.376, 0.960967
138.346, 1.182477
138.315, 1.393407
138.285, 1.588845
138.255, 1.764208
138.224, 1.915356
138.194, 2.038718
138.163, 2.131375
138.133, 2.191142
138.103, 2.216626
138.072, 2.207249
138.042, 2.163275
138.012, 2.085783
137.981, 1.976636
137.951, 1.838431
137.921, 1.674406
137.890, 1.488369
137.860, 1.284576
137.829, 1.067612
137.799, 0.842278
137.769, 0.613448
137.738, 0.385950
137.708, 0.164438
137.678, -0.046727
137.647, -0.243580
137.617, -0.422647
137.587, -0.581027
137.556, -0.716437
137.526, -0.827273
137.496, -0.912616
137.465, -0.972237
137.435, -1.006586
137.404, -1.016748
137.374, -1.004389
137.344, -0.971706
137.313, -0.921320
137.283, -0.856219
137.253, -0.779640
137.222, -0.694982
137.192, -0.605696
137.162, -0.515208
137.131, -0.426804
137.101, -0.343569
137.070, -0.268289
137.040, -0.203399
137.010, -0.150942
136.979, -0.112506
136.949, -0.089227
136.919, -0.081761
136.888, -0.090291
136.858, -0.114555
136.828, -0.153855
136.797, -0.207112
136.767, -0.272899
136.736, -0.349504
136.706, -0.434980
136.676, -0.527214
136.645, -0.623970
136.615, -0.722979
136.585, -0.821963
136.554, -0.918716
136.524, -1.011134
136.494, -1.097266
136.463, -1.175347
136.433, -1.243831
136.402, -1.301394
136.372, -1.346975
136.342, -1.379755
136.311, -1.399177
136.281, -1.404931
136.251, -1.396941
136.220, -1.375364
136.190, -1.340552
136.160, -1.293053
136.129, -1.233577
136.099, -1.162982
136.069, -1.082243
136.038, -0.992443
136.008, -0.894749
135.977, -0.790391
135.947, -0.680649
135.917, -0.566839
135.886, -0.450297
135.856, -0.332368
135.826, -0.214394
135.795, -0.097711
135.765, 0.016378
135.735, 0.126592
135.704, 0.231695
135.674, 0.330505
135.643, 0.421900
135.613, 0.504836
135.583, 0.578348
135.552, 0.641576
135.522, 0.693766
135.492, 0.734288
135.461, 0.762644
135.431, 0.778477
135.401, 0.781586
135.370, 0.771926
135.340, 0.749613
135.309, 0.714926
135.279, 0.668308
135.249, 0.610352
135.218, 0.541806
135.188, 0.463548
135.158, 0.376573
135.127, 0.281985
135.097, 0.180959
135.067, 0.074734
135.036, -0.035420
135.006, -0.148223
134.976, -0.262415
134.945, -0.376765
134.915, -0.490117
134.884, -0.601382
134.854, -0.709573
134.824, -0.813809
134.793, -0.913331
134.763, -1.007495
134.733, -1.095778
134.702, -1.177779
134.672, -1.253199
134.642, -1.321839
134.611, -1.383579
134.581, -1.438370
134.550, -1.486203
134.520, -1.527098
134.490, -1.561092
134.459, -1.588209
134.429, -1.608457
134.399, -1.621811
134.368, -1.628208
134.338, -1.627546
134.308, -1.619681
134.277, -1.604439
134.247, -1.581623
134.216, -1.551026
134.186, -1.512464
134.156, -1.465778
134.125, -1.410866
134.095, -1.347721
134.065, -1.276438
134.034, -1.197243
134.004, -1.110517
133.974, -1.016811
133.943, -0.916856
133.913, -0.811570
133.882, -0.702059
133.852, -0.589608
133.822, -0.475666
133.791, -0.361817
133.761, -0.249760
133.731, -0.141266
133.700, -0.038138
133.670, 0.057840
133.640, 0.144949
133.609, 0.221586
133.579, 0.286317
133.549, 0.337924
133.518, 0.375455
133.488, 0.398258
133.457, 0.406018
133.427, 0.398772
133.397, 0.376937
133.366, 0.341298
133.336, 0.293006
133.306, 0.233561
133.275, 0.164767
133.245, 0.088713
133.215, 0.007687
133.184, -0.075849
133.154, -0.159355
133.123, -0.240269
133.093, -0.316088
133.063, -0.384445
133.032, -0.443175
133.002, -0.490386
132.972, -0.524528
132.941, -0.544427
132.911, -0.549342
132.881, -0.538985
132.850, -0.513536
132.820, -0.473643
132.789, -0.424682
132.759, -0.363897
132.729, -0.293193
132.698, -0.214792
132.668, -0.131173
132.638, -0.044990
132.607, 0.041004
132.577, 0.124048
132.547, 0.201456
132.516, 0.270716
132.486, 0.329547
132.456, 0.375997
132.425, 0.408489
132.395, 0.425881
132.364, 0.427499
132.334, 0.413160
132.304, 0.383179
132.273, 0.338353
132.243, 0.279940
132.213, 0.209607
132.182, 0.129383
132.152, 0.041586
132.122, -0.051260
132.091, -0.146502
132.061, -0.241458
132.030, -0.333500
132.000, -0.420149
131.970, -0.499154
131.939, -0.568570
131.909, -0.626827
131.879, -0.672769
131.848, -0.705702
131.818, -0.725409
131.788, -0.732152
131.757, -0.726659
131.727, -0.710082
131.696, -0.683966
131.666, -0.650169
131.636, -0.610794
131.605, -0.568107
131.575, -0.524441
131.545, -0.482103
131.514, -0.443278
131.484, -0.409938
131.454, -0.383760
131.423, -0.366053
131.393, -0.357687
131.362, -0.359062
131.332, -0.370069
131.302, -0.390080
131.271, -0.417967
131.241, -0.452118
131.211, -0.490495
131.180, -0.530691
131.150, -0.570015
131.120, -0.605580
131.089, -0.634411
131.059, -0.653546
131.029, -0.660157
130.998, -0.651651
130.968, -0.625779
130.937, -0.580734
130.907, -0.515228
130.877, -0.428570
130.846, -0.320704
130.816, -0.192254
130.786, -0.044523
130.755, 0.120524
130.725, 0.300284
130.695, 0.491583
130.664, 0.690747
130.634, 0.893704
130.603, 1.096083
130.573, 1.293351
130.543, 1.480920
130.512, 1.654303
130.482, 1.809232
130.452, 1.941788
130.421, 2.048524
130.391, 2.126568
130.361, 2.173714
130.330, 2.188496
130.300, 2.170230
130.269, 2.119051
130.239, 2.035904
130.209, 1.922532
130.178, 1.781424
130.148, 1.615749
130.118, 1.429269
130.087, 1.226233
130.057, 1.011251
130.027, 0.789176
129.996, 0.564953
129.966, 0.343490
129.935, 0.129517
129.905, -0.072543
129.875, -0.258696
129.844, -0.425480
129.814, -0.570055
129.784, -0.690276
129.753, -0.784730
129.723, -0.852772
129.693, -0.894517
129.662, -0.910822
129.632, -0.903236
129.602, -0.873939
129.571, -0.825662
129.541, -0.761581
129.510, -0.685208
129.480, -0.600276
129.450, -0.510618
129.419, -0.420035
129.389, -0.332194
129.359, -0.250491
129.328, -0.177982
129.298, -0.117269
129.268, -0.070444
129.237, -0.039037
129.207, -0.023978
129.176, -0.025591
129.146, -0.043598
129.116, -0.077148
129.085, -0.124864
129.055, -0.184902
129.025, -0.255026
128.994, -0.332696
128.964, -0.415157
128.934, -0.499545
128.903, -0.582970
128.873, -0.662624
128.842, -0.735873
128.812, -0.800324
128.782, -0.853910
128.751, -0.894940
128.721, -0.922148
128.691, -0.934713
128.660, -0.932280
128.630, -0.914945
128.600, -0.883245
128.569, -0.838130
128.539, -0.780896
128.509, -0.713157
128.478, -0.636770
128.448, -0.553762
128.417, -0.466269
128.387, -0.376466
128.357, -0.286490
128.326, -0.198386
128.296, -0.114051
128.266, -0.035177
128.235, 0.036776
128.205, 0.100610
128.175, 0.155413
128.144, 0.200547
128.114, 0.235664
128.083, 0.260669
128.053, 0.275714
128.023, 0.281160
127.992, 0.277542
127.962, 0.265530
127.932, 0.245895
127.901, 0.219466
127.871, 0.187094
127.841, 0.149621
127.810, 0.107852
127.780, 0.062535
127.749, 0.014360
127.719, -0.036075
127.689, -0.088226
127.658, -0.141627
127.628, -0.195856
127.598, -0.250520
127.567, -0.305240
127.537, -0.359615
127.507, -0.413207
127.476, -0.465518
127.446, -0.515970
127.415, -0.563886
127.385, -0.608490
127.355, -0.648906
127.324, -0.684162
127.294, -0.713210
127.264, -0.734951
127.233, -0.748263
127.203, -0.752051
127.173, -0.745277
127.142, -0.727025
127.112, -0.692497
127.082, -0.645200
127.051, -0.584863
127.021, -0.511519
126.990, -0.425554
126.960, -0.327722
126.930, -0.219162
126.899, -0.101411
126.869, 0.023612
126.839, 0.153635
126.808, 0.286066
126.778, 0.418049
126.748, 0.546519
126.717, 0.668303
126.687, 0.780184
126.656, 0.879005
126.626, 0.961765
126.596, 1.025717
126.565, 1.068472
126.535, 1.088072
126.505, 1.083089
126.474, 1.052680
126.444, 0.996656
126.414, 0.915507
126.383, 0.810408
126.353, 0.683245
126.322, 0.536560
126.292, 0.373521
126.262, 0.197844
126.231, 0.013713
126.201, -0.174329
126.171, -0.361496
126.140, -0.542889
126.110, -0.713631
126.080, -0.869009
126.049, -1.004606
126.019, -1.116439
125.988, -1.201069
125.958, -1.255731
125.928, -1.278388
125.897, -1.267841
125.867, -1.223731
125.837, -1.146592
125.806, -1.037821
125.776, -0.899659
125.746, -0.735123
125.715, -0.547919
125.685, -0.342347
125.655, -0.123168
125.624, 0.104531
125.594, 0.335492
125.563, 0.564434
125.533, 0.786218
125.503, 0.995991
125.472, 1.189334
125.442, 1.362388
125.412, 1.511972
125.381, 1.635657
125.351, 1.731849
125.321, 1.799813
125.290, 1.839687
125.260, 1.852457
125.229, 1.839923
125.199, 1.804609
125.169, 1.749666
125.138, 1.678772
125.108, 1.595973
125.078, 1.505547
125.047, 1.411850
125.017, 1.319152
124.987, 1.231494
124.956, 1.152533
124.926, 1.085425
124.895, 1.032698
124.865, 0.996175
124.835, 0.976903
124.804, 0.975118
124.774, 0.990240
124.744, 1.020896
124.713, 1.064975
124.683, 1.119693
124.653, 1.181713
124.622, 1.247266
124.592, 1.312288
124.562, 1.372570
124.531, 1.423936
124.501, 1.462384
124.470, 1.484257
124.440, 1.486385
124.410, 1.466212
124.379, 1.421919
124.349, 1.352493
124.319, 1.257804
124.288, 1.138625
124.258, 0.996631
124.228, 0.834364
124.197, 0.655170
124.167, 0.463109
124.136, 0.262821
124.106, 0.059408
124.076, -0.141751
124.045, -0.335156
124.015, -0.515371
123.985, -0.677205
123.954, -0.815881
123.924, -0.927204
123.894, -1.007706
123.863, -1.054769
123.833, -1.066726
123.802, -1.042920
123.772, -0.983749
123.742, -0.890666
123.711, -0.766141
123.681, -0.613598
123.651, -0.437317
123.620, -0.242303
123.590, -0.034146
123.560, 0.181164
123.529, 0.397410
123.499, 0.608348
123.468, 0.807902
123.438, 0.990346
123.408, 1.150496
123.377, 1.283860
123.347, 1.386784
123.317, 1.456566
123.286, 1.491543
123.256, 1.491121
123.226, 1.455812
123.195, 1.387198
123.165, 1.287875
123.135, 1.161368
123.104, 1.011999
123.074, 0.844759
123.043, 0.665122
123.013, 0.478868
122.983, 0.291894
122.952, 0.110010
122.922, -0.061249
122.892, -0.216808
122.861, -0.352214
122.831, -0.463790
122.801, -0.548740
122.770, -0.605255
122.740, -0.632554
122.709, -0.630899
122.679, -0.601596
122.649, -0.546929
122.618, -0.470078
122.588, -0.375004
122.558, -0.266309
122.527, -0.149069
122.497, -0.028647
122.467, 0.089479
122.436, 0.199927
122.406, 0.297591
122.375, 0.377828
122.345, 0.436614
122.315, 0.470701
122.284, 0.477714
122.254, 0.456260
122.224, 0.405957
122.193, 0.327476
122.163, 0.222500
122.133, 0.093690
122.102, -0.055416
122.072, -0.220509
122.042, -0.396665
122.011, -0.578495
121.981, -0.760338
121.950, -0.936452
121.920, -1.101197
121.890, -1.249237
121.859, -1.375718
121.829, -1.476428
121.799, -1.547948
121.768, -1.587761
121.738, -1.594348
121.708, -1.567231
121.677, -1.506991
121.647, -1.415259
121.616, -1.294657
121.586, -1.148703
121.556, -0.981712
121.525, -0.798628
121.495, -0.604887
121.465, -0.406214
121.434, -0.208440
121.404, -0.020752
121.374, 0.154822
121.343, 0.313278
121.313, 0.450223
121.282, 0.562036
121.252, 0.645974
121.222, 0.700255
121.191, 0.724121
121.161, 0.717844
121.131, 0.682712
121.100, 0.620981
121.070, 0.535769
121.040, 0.430968
121.009, 0.311080
120.979, 0.181061
120.948, 0.046141
120.918, -0.088352
120.888, -0.217206
120.857, -0.335483
120.827, -0.438710
120.797, -0.523041
120.766, -0.585379
120.736, -0.623494
120.706, -0.636106
120.675, -0.622918
120.645, -0.584637
120.615, -0.522943
120.584, -0.440433
120.554, -0.340519
120.523, -0.227322
120.493, -0.105510
120.463, 0.019859
120.432, 0.143525
120.402, 0.260212
120.372, 0.364822
120.341, 0.452611
120.311, 0.519381
120.281, 0.561618
120.250, 0.576635
120.220, 0.562671
120.189, 0.518979
120.159, 0.445834
120.129, 0.344576
120.098, 0.217542
120.068, 0.068021
120.038, -0.099861
120.007, -0.281267
119.977, -0.470802
119.947, -0.662694
119.916, -0.850978
119.886, -1.029700
119.855, -1.193116
119.825, -1.335874
119.795, -1.453209
119.764, -1.541089
119.734, -1.596365
119.704, -1.616872
119.673, -1.601512
119.643, -1.550277
119.613, -1.464280
119.582, -1.345691
119.552, -1.197688
119.521, -1.024348
119.491, -0.830508
119.461, -0.621611
119.430, -0.403525
119.400, -0.182343
119.370, 0.035811
119.339, 0.244989
119.309, 0.439618
119.279, 0.614688
119.248, 0.765912
119.218, 0.889866
119.188, 0.984110
119.157, 1.047257
119.127, 1.079024
119.096, 1.080233
119.066, 1.052775
119.036, 0.999550
119.005, 0.924355
118.975, 0.831754
118.945, 0.726911
118.914, 0.615422
118.884, 0.503098
118.854, 0.395773
118.823, 0.299094
118.793, 0.218321
118.762, 0.158136
118.732, 0.122473
118.702, 0.114376
118.671, 0.135883
118.641, 0.187942
118.611, 0.270372
118.580, 0.381843
118.550, 0.519924
118.520, 0.681140
118.489, 0.861089
118.459, 1.054556
118.428, 1.255709
118.398, 1.458259
118.368, 1.655674
118.337, 1.841387
118.307, 2.009019
118.277, 2.152578
118.246, 2.266663
118.216, 2.346641
118.186, 2.388811
118.155, 2.390520
118.125, 2.350266
118.095, 2.267751
118.064, 2.143898
118.034, 1.980837
118.003, 1.781842
117.973, 1.551240
117.943, 1.294281
117.912, 1.016984
117.882, 0.725952
117.852, 0.428173
117.821, 0.130823
117.791, -0.158971
117.761, -0.434322
117.730, -0.688805
117.700, -0.916630
117.669, -1.112820
117.639, -1.273348
117.609, -1.395245
117.578, -1.476676
117.548, -1.516981
117.518, -1.516673
117.487, -1.477412
117.457, -1.401920
117.427, -1.293893
117.396, -1.157863
117.366, -0.999044
117.335, -0.823148
117.305, -0.636216
117.275, -0.444406
117.244, -0.253808
117.214, -0.070250
117.184, 0.100869
117.153, 0.254750
117.123, 0.387318
117.093, 0.495338
117.062, 0.576491
117.032, 0.629420
117.001, 0.653743
116.971, 0.650044
116.941, 0.619807
116.910, 0.565344
116.880, 0.489692
116.850, 0.396485
116.819, 0.289809
116.789, 0.174042
116.759, 0.053701
116.728, -0.066723
116.698, -0.182923
116.668, -0.290919
116.637, -0.387190
116.607, -0.468778
116.576, -0.533382
116.546, -0.579409
116.516, -0.606017
116.485, -0.613111
116.455, -0.601317
116.425, -0.571948
116.394, -0.526912
116.364, -0.468625
116.334, -0.399906
116.303, -0.323842
116.273, -0.243665
116.242, -0.162611
116.212, -0.083799
116.182, -0.010101
116.151, 0.055965
116.121, 0.112334
116.091, 0.157469
116.060, 0.190403
116.030, 0.210779
116.000, 0.218851
115.969, 0.215457
115.939, 0.201973
115.908, 0.180248
115.878, 0.152523
115.848, 0.121319
115.817, 0.089320
115.787, 0.059261
115.757, 0.033804
115.726, 0.018491
115.696, 0.012384
115.666, 0.017221
115.635, 0.034237
115.605, 0.064096
115.574, 0.106855
115.544, 0.161931
115.514, 0.228123
115.483, 0.303620
115.453, 0.386068
115.423, 0.472646
115.392, 0.560157
115.362, 0.645139
115.332, 0.723994
115.301, 0.793120
115.271, 0.849045
115.241, 0.888562
115.210, 0.908853
115.180, 0.907605
115.149, 0.883112
115.119, 0.834355
115.089, 0.761053
115.058, 0.663693
115.028, 0.543546
114.998, 0.402634
114.967, 0.243677
114.937, 0.070030
114.907, -0.114426
114.876, -0.305389
114.846, -0.498282
114.815, -0.688395
114.785, -0.871027
114.755, -1.041643
114.724, -1.196032
114.694, -1.330424
114.664, -1.441637
114.633, -1.527161
114.603, -1.585258
114.573, -1.615014
114.542, -1.616362
114.512, -1.590092
114.481, -1.537825
114.451, -1.461947
114.421, -1.365536
114.390, -1.252253
114.360, -1.126219
114.330, -0.991871
114.299, -0.853813
114.269, -0.716652
114.239, -0.584854
114.208, -0.462580
114.178, -0.353545
114.148, -0.260895
114.117, -0.187108
114.087, -0.133899
114.056, -0.102165
114.026, -0.091970
113.996, -0.102538
113.965, -0.132285
113.935, -0.178876
113.905, -0.239318
113.874, -0.310069
113.844, -0.387162
113.814, -0.466346
113.783, -0.543254
113.753, -0.613550
113.722, -0.673088
113.692, -0.718063
113.662, -0.745152
113.631, -0.751639
113.601, -0.735514
113.571, -0.695543
113.540, -0.631333
113.510, -0.543343
113.480, -0.432876
113.449, -0.302042
113.419, -0.153695
113.388, 0.008660
113.358, 0.180988
113.328, 0.358856
113.297, 0.537564
113.267, 0.712323
113.237, 0.878404
113.206, 1.031296
113.176, 1.166858
113.146, 1.281452
113.115, 1.372067
113.085, 1.436414
113.054, 1.473011
113.024, 1.481202
112.994, 1.461208
112.963, 1.414093
112.933, 1.341729
112.903, 1.246726
112.872, 1.132346
112.842, 1.002383
112.812, 0.861033
112.781, 0.712749
112.751, 0.562099
112.721, 0.413595
112.690, 0.271561
112.660, 0.139975
112.629, 0.022359
112.599, -0.078342
112.569, -0.159852
112.538, -0.220623
112.508, -0.259873
112.478, -0.277592
112.447, -0.274528
112.417, -0.252147
112.387, -0.212558
112.356, -0.158412
112.326, -0.092808
112.295, -0.019160
112.265, 0.058944
112.235, 0.137871
112.204, 0.214097
112.174, 0.284319
112.144, 0.345599
112.113, 0.395470
112.083, 0.432007
112.053, 0.453913
112.022, 0.460555
111.992, 0.451983
111.961, 0.428914
111.931, 0.392700
111.901, 0.345271
111.870, 0.289038
111.840, 0.226813
111.810, 0.161667
111.779, 0.096828
111.749, 0.035521
111.719, -0.019140
111.688, -0.064301
111.658, -0.097480
111.627, -0.116669
111.597, -0.120431
111.567, -0.107961
111.536, -0.079124
111.506, -0.034480
111.476, 0.024741
111.445, 0.096654
111.415, 0.178811
111.385, 0.268264
111.354, 0.361679
111.324, 0.455461
111.294, 0.545882
111.263, 0.629228
111.233, 0.701941
111.202, 0.760744
111.172, 0.802791
111.142, 0.825770
111.111, 0.828006
111.081, 0.808526
111.051, 0.767119
111.020, 0.704357
110.990, 0.621582
110.960, 0.520875
110.929, 0.404996
110.899, 0.277286
110.868, 0.141570
110.838, 0.002005
110.808, -0.137038
110.777, -0.271155
110.747, -0.396049
110.717, -0.507690
110.686, -0.602473
110.656, -0.677340
110.626, -0.729909
110.595, -0.758567
110.565, -0.762524
110.534, -0.741880
110.504, -0.697602
110.474, -0.631529
110.443, -0.546300
110.413, -0.445272
110.383, -0.332415
110.352, -0.212177
110.322, -0.089322
110.292, 0.031224
110.261, 0.144557
110.231, 0.245972
110.201, 0.331126
110.170, 0.396210
110.140, 0.438087
110.109, 0.454415
110.079, 0.443745
110.049, 0.405595
110.018, 0.337837
109.988, 0.244599
109.958, 0.128330
109.927, -0.007629
109.897, -0.159159
109.867, -0.321485
109.836, -0.489340
109.806, -0.657136
109.775, -0.819142
109.745, -0.969709
109.715, -1.103440
109.684, -1.215388
109.654, -1.301246
109.624, -1.357494
109.593, -1.381532
109.563, -1.371800
109.533, -1.327830
109.502, -1.250301
109.472, -1.141016
109.441, -1.002875
109.411, -0.839795
109.381, -0.656595
109.350, -0.458845
109.320, -0.252708
109.290, -0.044732
109.259, 0.158348
109.229, 0.349834
109.199, 0.523281
109.168, 0.672704
109.138, 0.792785
109.107, 0.879051
109.077, 0.928027
109.047, 0.937366
109.016, 0.905914
108.986, 0.833793
108.956, 0.722384
108.925, 0.574309
108.895, 0.393355
108.865, 0.184368
108.834, -0.046889
108.804, -0.293915
108.774, -0.549651
108.743, -0.806723
108.713, -1.057631
108.682, -1.295015
108.652, -1.511849
108.622, -1.701674
108.591, -1.858796
108.561, -1.978444
108.531, -2.056928
108.500, -2.091744
108.470, -2.081640
108.440, -2.026659
108.409, -1.928121
108.379, -1.788588
108.348, -1.611767
108.318, -1.402395
108.288, -1.166090
108.257, -0.909171
108.227, -0.638455
108.197, -0.361064
108.166, -0.084192
108.136, 0.185103
108.106, 0.440112
108.075, 0.674666
108.045, 0.883306
108.014, 1.061446
107.984, 1.205487
107.954, 1.312894
107.923, 1.382260
107.893, 1.413314
107.863, 1.406904
107.832, 1.364944
107.802, 1.290316
107.772, 1.186760
107.741, 1.058746
107.711, 0.911290
107.681, 0.749804
107.650, 0.579905
107.620, 0.407239
107.589, 0.237303
107.559, 0.075282
107.529, -0.074101
107.498, -0.206705
107.468, -0.319095
107.438, -0.408593
107.407, -0.473353
107.377, -0.512362
107.347, -0.525427
107.316, -0.513161
107.286, -0.476891
107.255, -0.418592
107.225, -0.340773
107.195, -0.246373
107.164, -0.138622
107.134, -0.020912
107.104, 0.103330
107.073, 0.230755
107.043, 0.358218
107.013, 0.482871
106.982, 0.602243
106.952, 0.714300
106.921, 0.817484
106.891, 0.910725
106.861, 0.993443
106.830, 1.065509
106.800, 1.127202
106.770, 1.179154
106.739, 1.222261
106.709, 1.257600
106.679, 1.286340
106.648, 1.309644
106.618, 1.328592
106.587, 1.344085
106.557, 1.356778
106.527, 1.367040
106.496, 1.374897
106.466, 1.380021
106.436, 1.381730
106.405, 1.379013
106.375, 1.370569
106.345, 1.354860
106.314, 1.330201
106.284, 1.294837
106.254, 1.247043
106.223, 1.185223
106.193, 1.108016
106.162, 1.014397
106.132, 0.903764
106.102, 0.776005
106.071, 0.631579
106.041, 0.471544
106.011, 0.297581
105.980, 0.111982
105.950, -0.082367
105.920, -0.282054
105.889, -0.483204
105.859, -0.681587
105.828, -0.872743
105.798, -1.052083
105.768, -1.215067
105.737, -1.357335
105.707, -1.474849
105.677, -1.564053
105.646, -1.621989
105.616, -1.646427
105.586, -1.635956
105.555, -1.590059
105.525, -1.509161
105.494, -1.394652
105.464, -1.248855
105.434, -1.075009
105.403, -0.877165
105.373, -0.660107
105.343, -0.429212
105.312, -0.190295
105.282, 0.050554
105.252, 0.287134
105.221, 0.513350
105.191, 0.723371
105.160, 0.911822
105.130, 1.073945
105.100, 1.205750
105.069, 1.304140
105.039, 1.367016
105.009, 1.393320
104.978, 1.383096
104.948, 1.337478
104.918, 1.258644
104.887, 1.149756
104.857, 1.014846
104.827, 0.858702
104.796, 0.686692
104.766, 0.504592
104.735, 0.318408
104.705, 0.134163
104.675, -0.042288
104.644, -0.205458
104.614, -0.350404
104.584, -0.472887
104.553, -0.569507
104.523, -0.637823
104.493, -0.676416
104.462, -0.684937
104.432, -0.664098
104.401, -0.615667
104.371, -0.542381
104.341, -0.447840
104.310, -0.333113
104.280, -0.206419
104.250, -0.073104
104.219, 0.061272
104.189, 0.191123
104.159, 0.311026
104.128, 0.415943
104.098, 0.501370
104.067, 0.563518
104.037, 0.599430
104.007, 0.607099
103.976, 0.585551
103.946, 0.534856
103.916, 0.456151
103.885, 0.351596
103.855, 0.224305
103.825, 0.078236
103.794, -0.081942
103.764, -0.251005
103.734, -0.423364
103.703, -0.593244
103.673, -0.754901
103.642, -0.902812
103.612, -1.031870
103.582, -1.137560
103.551, -1.216132
103.521, -1.264725
103.491, -1.281472
103.460, -1.265567
103.430, -1.217315
103.400, -1.138112
103.369, -1.030411
103.339, -0.897639
103.308, -0.744104
103.278, -0.574832
103.248, -0.395414
103.217, -0.211812
103.187, -0.030173
103.157, 0.143390
103.126, 0.302999
103.096, 0.443210
103.066, 0.559186
103.035, 0.646883
103.005, 0.703170
102.974, 0.725945
102.944, 0.714201
102.914, 0.668070
102.883, 0.588825
102.853, 0.478832
102.823, 0.341478
102.792, 0.181062
102.762, 0.002660
102.732, -0.188044
102.701, -0.384944
102.671, -0.581718
102.640, -0.772012
102.610, -0.949667
102.580, -1.108913
102.549, -1.244555
102.519, -1.352135
102.489, -1.428080
102.458, -1.469814
102.428, -1.475834
102.398, -1.445756
102.367, -1.380319
102.337, -1.281360
102.307, -1.151745
102.276, -0.995268
102.246, -0.816521
102.215, -0.620748
102.185, -0.413662
102.155, -0.201263
102.124, 0.010369
102.094, 0.215251
102.064, 0.407711
102.033, 0.582545
102.003, 0.735198
101.973, 0.861891
101.942, 0.959724
101.912, 1.026782
101.881, 1.062154
101.851, 1.065956
101.821, 1.039312
101.790, 0.984289
101.760, 0.903814
101.730, 0.801558
101.699, 0.681795
101.669, 0.549251
101.639, 0.408925
101.608, 0.265909
101.578, 0.125221
101.547, -0.008381
101.517, -0.130551
101.487, -0.237510
101.456, -0.326169
101.426, -0.394220
101.396, -0.440212
101.365, -0.463599
101.335, -0.464730
101.305, -0.444840
101.274, -0.405981
101.244, -0.350958
101.213, -0.283200
101.183, -0.206651
101.153, -0.125597
101.122, -0.044539
101.092, 0.031997
101.062, 0.099602
101.031, 0.154166
101.001, 0.192003
100.971, 0.209988
100.940, 0.205683
100.910, 0.177404
100.880, 0.124289
100.849, 0.046336
100.819, -0.055607
100.788, -0.179855
100.758, -0.323961
100.728, -0.484773
100.697, -0.658559
100.667, -0.841112
100.637, -1.027908
100.606, -1.214237
100.576, -1.395368
100.546, -1.566687
100.515, -1.723868
100.485, -1.862985
100.454, -1.980648
100.424, -2.074103
100.394, -2.141311
100.363, -2.181014
100.333, -2.192746
100.303, -2.176860
100.272, -2.134491
100.242, -2.067514
100.212, -1.978469
100.181, -1.870470
100.151, -1.747105
100.120, -1.612300
100.090, -1.470202
100.060, -1.325033
100.029, -1.180966
99.999, -1.041994
99.969, -0.911792
99.938, -0.793642
99.908, -0.690316
99.878, -0.604012
99.847, -0.536313
99.817, -0.488140
99.787, -0.459765
99.756, -0.450818
99.726, -0.460327
99.695, -0.486772
99.665, -0.528168
99.635, -0.582141
99.604, -0.646038
99.574, -0.717016
99.544, -0.792163
99.513, -0.868596
99.483, -0.943560
99.453, -1.014522
99.422, -1.079251
99.392, -1.135875
99.361, -1.182945
99.331, -1.219448
99.301, -1.244833
99.270, -1.259000
99.240, -1.262273
99.210, -1.255366
99.179, -1.239327
99.149, -1.215474
99.119, -1.185317
99.088, -1.150477
99.058, -1.112609
99.027, -1.073319
98.997, -1.034077
98.967, -0.996161
98.936, -0.960590
98.906, -0.928073
98.876, -0.898986
98.845, -0.873342
98.815, -0.850799
98.785, -0.830670
98.754, -0.811951
98.724, -0.793367
98.693, -0.773431
98.663, -0.750501
98.633, -0.728398
98.602, -0.699881
98.572, -0.663324
98.542, -0.617266
98.511, -0.560472
98.481, -0.492019
98.451, -0.411326
98.420, -0.318221
98.390, -0.212954
98.360, -0.096213
98.329, 0.030876
98.299, 0.166771
98.268, 0.309554
98.238, 0.456971
98.208, 0.606508
98.177, 0.755452
98.147, 0.900981
98.117, 1.040256
98.086, 1.170496
98.056, 1.289075
98.026, 1.393619
97.995, 1.482062
97.965, 1.552730
97.934, 1.604390
97.904, 1.636295
97.874, 1.648211
97.843, 1.640422
97.813, 1.613729
97.783, 1.569427
97.752, 1.509253
97.722, 1.435350
97.692, 1.350185
97.661, 1.256478
97.631, 1.157120
97.600, 1.055074
97.570, 0.953288
97.540, 0.854612
97.509, 0.761699
97.479, 0.676932
97.449, 0.602352
97.418, 0.539607
97.388, 0.489905
97.358, 0.453973
97.327, 0.432063
97.297, 0.423954
97.266, 0.428956
97.236, 0.445952
97.206, 0.473453
97.175, 0.509646
97.145, 0.552472
97.115, 0.599696
97.084, 0.648989
97.054, 0.698016
97.024, 0.744508
96.993, 0.786341
96.963, 0.821619
96.933, 0.848714
96.902, 0.866339
96.872, 0.873573
96.841, 0.869885
96.811, 0.855166
96.781, 0.829705
96.750, 0.794181
96.720, 0.749633
96.690, 0.697424
96.659, 0.639194
96.629, 0.576785
96.599, 0.512198
96.568, 0.447517
96.538, 0.384834
96.507, 0.326194
96.477, 0.273523
96.447, 0.228576
96.416, 0.192886
96.386, 0.167709
96.356, 0.154016
96.325, 0.152452
96.295, 0.163334
96.265, 0.186653
96.234, 0.222077
96.204, 0.268982
96.173, 0.326479
96.143, 0.393442
96.113, 0.468555
96.082, 0.550364
96.052, 0.637313
96.022, 0.727792
95.991, 0.820184
95.961, 0.912917
95.931, 1.004481
95.900, 1.093474
95.870, 1.178617
95.840, 1.258782
95.809, 1.332995
95.779, 1.400441
95.748, 1.460455
95.718, 1.512528
95.688, 1.556275
95.657, 1.591433
95.627, 1.617825
95.597, 1.635361
95.566, 1.643995
95.536, 1.643721
95.506, 1.634555
95.475, 1.616522
95.445, 1.589651
95.414, 1.553968
95.384, 1.509511
95.354, 1.456327
95.323, 1.394496
95.293, 1.324144
95.263, 1.245465
95.232, 1.158747
95.202, 1.064387
95.172, 0.962930
95.141, 0.855074
95.111, 0.741695
95.080, 0.623849
95.050, 0.502790
95.020, 0.379954
94.989, 0.256953
94.959, 0.135549
94.929, 0.017633
94.898, -0.094832
94.868, -0.199824
94.838, -0.295357
94.807, -0.379502
94.777, -0.450477
94.746, -0.506692
94.716, -0.546822
94.686, -0.569853
94.655, -0.575157
94.625, -0.562517
94.595, -0.532174
94.564, -0.484843
94.534, -0.421736
94.504, -0.344542
94.473, -0.255412
94.443, -0.156933
94.413, -0.052068
94.382, 0.055917
94.352, 0.163520
94.321, 0.267101
94.291, 0.362971
94.261, 0.447513
94.230, 0.517287
94.200, 0.569124
94.170, 0.600248
94.139, 0.608375
94.109, 0.591782
94.079, 0.549403
94.048, 0.480870
94.018, 0.386565
93.987, 0.267626
93.957, 0.125960
93.927, -0.035810
93.896, -0.214360
93.866, -0.405760
93.836, -0.605555
93.805, -0.808880
93.775, -1.010563
93.745, -1.205292
93.714, -1.387728
93.684, -1.552677
93.653, -1.695220
93.623, -1.810859
93.593, -1.895667
93.562, -1.946384
93.532, -1.960542
93.502, -1.936522
93.471, -1.873653
93.441, -1.772216
93.411, -1.633458
93.380, -1.459587
93.350, -1.253707
93.320, -1.019771
93.289, -0.762456
93.259, -0.487070
93.228, -0.199403
93.198, 0.094412
93.168, 0.388079
93.137, 0.675289
93.107, 0.949878
93.077, 1.206020
93.046, 1.438351
93.016, 1.642127
92.986, 1.813336
92.955, 1.948810
92.925, 2.048480
92.894, 2.108875
92.864, 2.129695
92.834, 2.111625
92.803, 2.056312
92.773, 1.966287
92.743, 1.844889
92.712, 1.696157
92.682, 1.524706
92.652, 1.335588
92.621, 1.134124
92.591, 0.925767
92.560, 0.715935
92.530, 0.509864
92.500, 0.312441
92.469, 0.128095
92.439, -0.039326
92.409, -0.186651
92.378, -0.311465
92.348, -0.412150
92.318, -0.487899
92.287, -0.538731
92.257, -0.565434
92.226, -0.569538
92.196, -0.553216
92.166, -0.519189
92.135, -0.470629
92.105, -0.411025
92.075, -0.344038
92.044, -0.273385
92.014, -0.202701
91.984, -0.135408
91.953, -0.074591
91.923, -0.022905
91.893, 0.017513
91.862, 0.045110
91.832, 0.058966
91.801, 0.058807
91.771, 0.045006
91.741, 0.018545
91.710, -0.019016
91.680, -0.065622
91.650, -0.118821
91.619, -0.175846
91.589, -0.233741
91.559, -0.289480
91.528, -0.340091
91.498, -0.382778
91.467, -0.415034
91.437, -0.434743
91.407, -0.440284
91.376, -0.430588
91.346, -0.405201
91.316, -0.364313
91.285, -0.308767
91.255, -0.240047
91.225, -0.160222
91.194, -0.071909
91.164, 0.021822
91.133, 0.117550
91.103, 0.211612
91.073, 0.300231
91.042, 0.379639
91.012, 0.446222
90.982, 0.496649
90.951, 0.527988
90.921, 0.537826
90.891, 0.524372
90.860, 0.486527
90.830, 0.423953
90.799, 0.337101
90.769, 0.227226
90.739, 0.096369
90.708, -0.052677
90.678, -0.216448
90.648, -0.390881
90.617, -0.571424
90.587, -0.753169
90.557, -0.930989
90.526, -1.099683
90.496, -1.254124
90.466, -1.389421
90.435, -1.501060
90.405, -1.585049
90.374, -1.638034
90.344, -1.657414
90.314, -1.641419
90.283, -1.589192
90.253, -1.500797
90.223, -1.377254
90.192, -1.220520
90.162, -1.033429
90.132, -0.819640
90.101, -0.583539
90.071, -0.330127
90.040, -0.064884
90.010, 0.206369
89.980, 0.477627
89.949, 0.742855
89.919, 0.996157
89.889, 1.231918
89.858, 1.444963
89.828, 1.630671
89.798, 1.785117
89.767, 1.905139
89.737, 1.988444
89.706, 2.033617
89.676, 2.040184
89.646, 2.008592
89.615, 1.940178
89.585, 1.837124
89.555, 1.702386
89.524, 1.539593
89.494, 1.352943
89.464, 1.147080
89.433, 0.926954
89.403, 0.697696
89.373, 0.464469
89.342, 0.232334
89.312, 0.006129
89.281, -0.209655
89.251, -0.410976
89.221, -0.594338
89.190, -0.756842
89.160, -0.896253
89.130, -1.011009
89.099, -1.100254
89.069, -1.163795
89.039, -1.202096
89.008, -1.216208
88.978, -1.207711
88.947, -1.178637
88.917, -1.131382
88.887, -1.068594
88.856, -0.993106
88.826, -0.907805
88.796, -0.815562
88.765, -0.719123
88.735, -0.621049
88.705, -0.523627
88.674, -0.428829
88.644, -0.338264
88.613, -0.253159
88.583, -0.174338
88.553, -0.102233
88.522, -0.036905
88.492, 0.021928
88.462, 0.074845
88.431, 0.122669
88.401, 0.166413
88.371, 0.207201
88.340, 0.246219
88.310, 0.284640
88.279, 0.323566
88.249, 0.363960
88.219, 0.406615
88.188, 0.452098
88.158, 0.500734
88.128, 0.552571
88.097, 0.607392
88.067, 0.664704
88.037, 0.723770
88.006, 0.783621
87.976, 0.843104
87.946, 0.900921
87.915, 0.955682
87.885, 1.005947
87.854, 1.050299
87.824, 1.087382
87.794, 1.115967
87.763, 1.134980
87.733, 1.143569
87.703, 1.141108
87.672, 1.127242
87.642, 1.101891
87.612, 1.065256
87.581, 1.017808
87.551, 0.960284
87.520, 0.893648
87.490, 0.819060
87.460, 0.737839
87.429, 0.651423
87.399, 0.561305
87.369, 0.468997
87.338, 0.375976
87.308, 0.283642
87.278, 0.193263
87.247, 0.107301
87.217, 0.025336
87.186, -0.051911
87.156, -0.123944
87.126, -0.190485
87.095, -0.251478
87.065, -0.307059
87.035, -0.357544
87.004, -0.403395
86.974, -0.445180
86.944, -0.483534
86.913, -0.519120
86.883, -0.552580
86.852, -0.584500
86.822, -0.615361
86.792, -0.645521
86.761, -0.675172
86.731, -0.704338
86.701, -0.732846
86.670, -0.760343
86.640, -0.786297
86.610, -0.810009
86.579, -0.830651
86.549, -0.847295
86.519, -0.858956
86.488, -0.864637
86.458, -0.863380
86.427, -0.854318
86.397, -0.836723
86.367, -0.810055
86.336, -0.774000
86.306, -0.728515
86.276, -0.673839
86.245, -0.610528
86.215, -0.539445
86.185, -0.461764
86.154, -0.378944
86.124, -0.292706
86.093, -0.204984
86.063, -0.117885
86.033, -0.033612
86.002, 0.045580
85.972, 0.117483
85.942, 0.179979
85.911, 0.231140
85.881, 0.269279
85.851, 0.293030
85.820, 0.301385
85.790, 0.293764
85.759, 0.270026
85.729, 0.230512
85.699, 0.176027
85.668, 0.107851
85.638, 0.027696
85.608, -0.062318
85.577, -0.159735
85.547, -0.261822
85.517, -0.365647
85.486, -0.468168
85.456, -0.566332
85.426, -0.657168
85.395, -0.737873
85.365, -0.805920
85.334, -0.859137
85.304, -0.895780
85.274, -0.914604
85.243, -0.914906
85.213, -0.896557
85.183, -0.860025
85.152, -0.806357
85.122, -0.737167
85.092, -0.654582
85.061, -0.561194
85.031, -0.459974
85.000, -0.354177
84.970, -0.247255
84.940, -0.142732
84.909, -0.044098
84.879, 0.045313
84.849, 0.122427
84.818, 0.184548
84.788, 0.229443
84.758, 0.255435
84.727, 0.261463
84.697, 0.247125
84.666, 0.212716
84.636, 0.159225
84.606, 0.088316
84.575, 0.002288
84.545, -0.095983
84.515, -0.203133
84.484, -0.315402
84.454, -0.428762
84.424, -0.539023
84.393, -0.641981
84.363, -0.733555
84.332, -0.809912
84.302, -0.867606
84.272, -0.903691
84.241, -0.915837
84.211, -0.902414
84.181, -0.862559
84.150, -0.796223
84.120, -0.704198
84.090, -0.588109
84.059, -0.450378
84.029, -0.294173
83.999, -0.123331
83.968, 0.057749
83.938, 0.244231
83.907, 0.430971
83.877, 0.612673
83.847, 0.784041
83.816, 0.939940
83.786, 1.075551
83.756, 1.186524
83.725, 1.269108
83.695, 1.320279
83.665, 1.337836
83.634, 1.320484
83.604, 1.267874
83.573, 1.180646
83.543, 1.060404
83.513, 0.909693
83.482, 0.731930
83.452, 0.531322
83.422, 0.312745
83.391, 0.081615
83.361, -0.156265
83.331, -0.394870
83.300, -0.628125
83.270, -0.850073
83.239, -1.055061
83.209, -1.237891
83.179, -1.393975
83.148, -1.519472
83.118, -1.611401
83.088, -1.667734
83.057, -1.687440
83.027, -1.670537
82.997, -1.618082
82.966, -1.532149
82.936, -1.415758
82.905, -1.272808
82.875, -1.107946
82.845, -0.926441
82.814, -0.734037
82.784, -0.536774
82.754, -0.340832
82.723, -0.152332
82.693, 0.022821
82.663, 0.179121
82.632, 0.311607
82.602, 0.416018
82.572, 0.488900
82.541, 0.527709
82.511, 0.530879
82.480, 0.497864
82.450, 0.429149
82.420, 0.326227
82.389, 0.191564
82.359, 0.028504
82.329, -0.158809
82.298, -0.365567
82.268, -0.586439
82.238, -0.815717
82.207, -1.047482
82.177, -1.275777
82.146, -1.494765
82.116, -1.698899
82.086, -1.883065
82.055, -2.042729
82.025, -2.174042
81.995, -2.273952
81.964, -2.340258
81.934, -2.371682
81.904, -2.367862
81.873, -2.329364
81.843, -2.257640
81.812, -2.154970
81.782, -2.024388
81.752, -1.869570
81.721, -1.694725
81.691, -1.504462
81.661, -1.303646
81.630, -1.097265
81.600, -0.890273
81.570, -0.687469
81.539, -0.492355
81.509, -0.310007
81.479, -0.143991
81.448, 0.002725
81.418, 0.127846
81.387, 0.229784
81.357, 0.307685
81.327, 0.361417
81.296, 0.391565
81.266, 0.399357
81.236, 0.386640
81.205, 0.355763
81.175, 0.309513
81.145, 0.251000
81.114, 0.183554
81.084, 0.110606
81.053, 0.035593
81.023, -0.038168
80.993, -0.107561
80.962, -0.169773
80.932, -0.222354
80.902, -0.263294
80.871, -0.291056
80.841, -0.304614
80.811, -0.303439
80.780, -0.287528
80.750, -0.257341
80.719, -0.213791
80.689, -0.158178
80.659, -0.092122
80.628, -0.017494
80.598, 0.063650
80.568, 0.149164
80.537, 0.236902
80.507, 0.324766
80.477, 0.410805
80.446, 0.493276
80.416, 0.570688
80.385, 0.641861
80.355, 0.705941
80.325, 0.762431
80.294, 0.811191
80.264, 0.852424
80.234, 0.886656
80.203, 0.914702
80.173, 0.937624
80.143, 0.956678
80.112, 0.973241
80.082, 0.988770
80.052, 1.004718
80.021, 1.022479
79.991, 1.043325
79.960, 1.068344
79.930, 1.098397
79.900, 1.134075
79.869, 1.175673
79.839, 1.223160
79.809, 1.276179
79.778, 1.334053
79.748, 1.395792
79.718, 1.460130
79.687, 1.525552
79.657, 1.590350
79.626, 1.652664
79.596, 1.710548
79.566, 1.762027
79.535, 1.805161
79.505, 1.838100
79.475, 1.859153
79.444, 1.866839
79.414, 1.859923
79.384, 1.837474
79.353, 1.798885
79.323, 1.743891
79.292, 1.672597
79.262, 1.585450
79.232, 1.483261
79.201, 1.367159
79.171, 1.238591
79.141, 1.099249
79.110, 0.951063
79.080, 0.796129
79.050, 0.636674
79.019, 0.474986
78.989, 0.313380
78.959, 0.154128
78.928, -0.000574
78.898, -0.148671
78.867, -0.288263
78.837, -0.417663
78.807, -0.535403
78.776, -0.640275
78.746, -0.731322
78.716, -0.807850
78.685, -0.869431
78.655, -0.915889
78.625, -0.947281
78.594, -0.963888
78.564, -0.966182
78.533, -0.954813
78.503, -0.930562
78.473, -0.894335
78.442, -0.847116
78.412, -0.789967
78.382, -0.723971
78.351, -0.650247
78.321, -0.569902
78.291, -0.484042
78.260, -0.393748
78.230, -0.300070
78.199, -0.204029
78.169, -0.106616
78.139, -0.008785
78.108, 0.088534
78.078, 0.184435
78.048, 0.278034
78.017, 0.368471
77.987, 0.454891
77.957, 0.536470
77.926, 0.612398
77.896, 0.681892
77.865, 0.744204
77.835, 0.798636
77.805, 0.844535
77.774, 0.881335
77.744, 0.908560
77.714, 0.925837
77.683, 0.932920
77.653, 0.929711
77.623, 0.916267
77.592, 0.892813
77.562, 0.859750
77.532, 0.817666
77.501, 0.767327
77.471, 0.709679
77.440, 0.645824
77.410, 0.577017
77.380, 0.504625
77.349, 0.430120
77.319, 0.355020
77.289, 0.280876
77.258, 0.209212
77.228, 0.141501
77.198, 0.079107
77.167, 0.023251
77.137, -0.025026
77.106, -0.064899
77.076, -0.095796
77.046, -0.117402
77.015, -0.129696
76.985, -0.132945
76.955, -0.127709
76.924, -0.114817
76.894, -0.095365
76.864, -0.070669
76.833, -0.042242
76.803, -0.011737
76.772, 0.019101
76.742, 0.048485
76.712, 0.074654
76.681, 0.095929
76.651, 0.110769
76.621, 0.117834
76.590, 0.116025
76.560, 0.104548
76.530, 0.082930
76.499, 0.051056
76.469, 0.009182
76.438, -0.042057
76.408, -0.101665
76.378, -0.168296
76.347, -0.240299
76.317, -0.315757
76.287, -0.392533
76.256, -0.468350
76.226, -0.540854
76.196, -0.607688
76.165, -0.666573
76.135, -0.715384
76.105, -0.752230
76.074, -0.775517
76.044, -0.784013
76.013, -0.776908
75.983, -0.753840
75.953, -0.714938
75.922, -0.660825
75.892, -0.592617
75.862, -0.518521
75.831, -0.433955
75.801, -0.341342
75.771, -0.243436
75.740, -0.143234
75.710, -0.043904
75.679, 0.051315
75.649, 0.139219
75.619, 0.216719
75.588, 0.280967
75.558, 0.329431
75.528, 0.359993
75.497, 0.371027
75.467, 0.361456
75.437, 0.330812
75.406, 0.279256
75.376, 0.207606
75.345, 0.117319
75.315, 0.010471
75.285, -0.110282
75.254, -0.241784
75.224, -0.380441
75.194, -0.522329
75.163, -0.663287
75.133, -0.799056
75.103, -0.925379
75.072, -1.038134
75.042, -1.133466
75.012, -1.207891
74.981, -1.258419
74.951, -1.282638
74.920, -1.278816
74.890, -1.245944
74.860, -1.183799
74.829, -1.092954
74.799, -0.974791
74.769, -0.831456
74.738, -0.665847
74.708, -0.481514
74.678, -0.282595
74.647, -0.073701
74.617, 0.140202
74.586, 0.353928
74.556, 0.562198
74.526, 0.759795
74.495, 0.941700
74.465, 1.103224
74.435, 1.240160
74.404, 1.348874
74.374, 1.426417
74.344, 1.470617
74.313, 1.480123
74.283, 1.454466
74.252, 1.394051
74.222, 1.300164
74.192, 1.174930
74.161, 1.021255
74.131, 0.842747
74.101, 0.643624
74.070, 0.428582
74.040, 0.202689
74.010, -0.028782
73.979, -0.260473
73.949, -0.487098
73.918, -0.703577
73.888, -0.905190
73.858, -1.087675
73.827, -1.247362
73.797, -1.381247
73.767, -1.487075
73.736, -1.563388
73.706, -1.609546
73.676, -1.625736
73.645, -1.612948
73.615, -1.572928
73.585, -1.508113
73.554, -1.421550
73.524, -1.316787
73.493, -1.197765
73.463, -1.068688
73.433, -0.933895
73.402, -0.797728
73.372, -0.664398
73.342, -0.537868
73.311, -0.421729
73.281, -0.319114
73.251, -0.232598
73.220, -0.164138
73.190, -0.115034
73.159, -0.085893
73.129, -0.076635
73.099, -0.086506
73.068, -0.114125
73.038, -0.157539
73.008, -0.214298
72.977, -0.281552
72.947, -0.356147
72.917, -0.434740
72.886, -0.513905
72.856, -0.590264
72.825, -0.660579
72.795, -0.721881
72.765, -0.771541
72.734, -0.807372
72.704, -0.827690
72.674, -0.831364
72.643, -0.817844
72.613, -0.787179
72.583, -0.740010
72.552, -0.677538
72.522, -0.601479
72.491, -0.514009
72.461, -0.417685
72.431, -0.315352
72.400, -0.210060
72.370, -0.104950
72.340, -0.003157
72.309, 0.092289
72.279, 0.178571
72.249, 0.253164
72.218, 0.313914
72.188, 0.359115
72.158, 0.387550
72.127, 0.398524
72.097, 0.391889
72.066, 0.368037
72.036, 0.327881
72.006, 0.272819
71.975, 0.204693
71.945, 0.125702
71.915, 0.038353
71.884, -0.054645
71.854, -0.150463
71.824, -0.246240
71.793, -0.339191
71.763, -0.426679
71.732, -0.506316
71.702, -0.576019
71.672, -0.634087
71.641, -0.679245
71.611, -0.710676
71.581, -0.728044
71.550, -0.731492
71.520, -0.721637
71.490, -0.699527
71.459, -0.666613
71.429, -0.624677
71.398, -0.575778
71.368, -0.522169
71.338, -0.466216
71.307, -0.410319
71.277, -0.356820
71.247, -0.307931
71.216, -0.265651
71.186, -0.231699
71.156, -0.207459
71.125, -0.193930
71.095, -0.191701
71.065, -0.200925
71.034, -0.221318
71.004, -0.252179
70.973, -0.292401
70.943, -0.340526
70.913, -0.394787
70.882, -0.453165
70.852, -0.513470
70.822, -0.573410
70.791, -0.630653
70.761, -0.682932
70.731, -0.728093
70.700, -0.764176
70.670, -0.789477
70.639, -0.802596
70.609, -0.802480
70.579, -0.788452
70.548, -0.760225
70.518, -0.717907
70.488, -0.661985
70.457, -0.593305
70.427, -0.513029
70.397, -0.422598
70.366, -0.323664
70.336, -0.218041
70.305, -0.107623
70.275, 0.005666
70.245, 0.119958
70.214, 0.233494
70.184, 0.344691
70.154, 0.462854
70.123, 0.576231
70.093, 0.684021
70.063, 0.785765
70.032, 0.881307
70.002, 0.970835
69.971, 1.054833
69.941, 1.134062
69.911, 1.209515
69.880, 1.282380
69.850, 1.353961
69.820, 1.425639
69.789, 1.498786
69.759, 1.574712
69.729, 1.654598
69.698, 1.739429
69.668, 1.829949
69.638, 1.926612
69.607, 2.029541
69.577, 2.138517
69.546, 2.252949
69.516, 2.371896
69.486, 2.494067
69.455, 2.617858
69.425, 2.741386
69.395, 2.862542
69.364, 2.979049
69.334, 3.088533
69.304, 3.188585
69.273, 3.276848
69.243, 3.351083
69.212, 3.409241
69.182, 3.449532
69.152, 3.470493
69.121, 3.471015
69.091, 3.450413
69.061, 3.408421
69.030, 3.345227
69.000, 3.261475
68.970, 3.158234
68.939, 3.036981
68.909, 2.899553
68.878, 2.748100
68.848, 2.585026
68.818, 2.412905
68.787, 2.234421
68.757, 2.052281
68.727, 1.869141
68.696, 1.687524
68.666, 1.509756
68.636, 1.337893
68.605, 1.173673
68.575, 1.018465
68.544, 0.873251
68.514, 0.738594
68.484, 0.614643
68.453, 0.501142
68.423, 0.397458
68.393, 0.302609
68.362, 0.215332
68.332, 0.134129
68.302, 0.057339
68.271, -0.016791
68.241, -0.090017
68.211, -0.164043
68.180, -0.240424
68.150, -0.320513
68.119, -0.405387
68.089, -0.495804
68.059, -0.592159
68.028, -0.694453
67.998, -0.802285
67.968, -0.914853
67.937, -1.030966
67.907, -1.149088
67.877, -1.267365
67.846, -1.383702
67.816, -1.495817
67.785, -1.601326
67.755, -1.697821
67.725, -1.782958
67.694, -1.854545
67.664, -1.910622
67.634, -1.949534
67.603, -1.970020
67.573, -1.971247
67.543, -1.952874
67.512, -1.915071
67.482, -1.858551
67.451, -1.784547
67.421, -1.694816
67.391, -1.591585
67.360, -1.477516
67.330, -1.355622
67.300, -1.229205
67.269, -1.101759
67.239, -0.976873
67.209, -0.858125
67.178, -0.748990
67.148, -0.652716
67.118, -0.572249
67.087, -0.510119
67.057, -0.468370
67.026, -0.448489
66.996, -0.451353
66.966, -0.477194
66.935, -0.525572
66.905, -0.595385
66.875, -0.684892
66.844, -0.791736
66.814, -0.913011
66.784, -1.045334
66.753, -1.184933
66.723, -1.327744
66.692, -1.469516
66.662, -1.605936
66.632, -1.732736
66.601, -1.845818
66.571, -1.941359
66.541, -2.015928
66.510, -2.066575
66.480, -2.090919
66.450, -2.087216
66.419, -2.054408
66.389, -1.992161
66.358, -1.900880
66.328, -1.781696
66.298, -1.636452
66.267, -1.467654
66.237, -1.278406
66.207, -1.072341
66.176, -0.853528
66.146, -0.626371
66.116, -0.395498
66.085, -0.165650
66.055, 0.058437
66.024, 0.272146
65.994, 0.471093
65.964, 0.651227
65.933, 0.808924
65.903, 0.941072
65.873, 1.045135
65.842, 1.119215
65.812, 1.162080
65.782, 1.173181
65.751, 1.152664
65.721, 1.101346
65.691, 1.020689
65.660, 0.912754
65.630, 0.780142
65.599, 0.625927
65.569, 0.453571
65.539, 0.266850
65.508, 0.069751
65.478, -0.133608
65.448, -0.339071
65.417, -0.542538
65.387, -0.740037
65.357, -0.927809
65.326, -1.102369
65.296, -1.260566
65.265, -1.399631
65.235, -1.517210
65.205, -1.611393
65.174, -1.680723
65.144, -1.724209
65.114, -1.741297
65.083, -1.731880
65.053, -1.696262
65.023, -1.635128
64.992, -1.549504
64.962, -1.440731
64.931, -1.310424
64.901, -1.160416
64.871, -0.992729
64.840, -0.809534
64.810, -0.613112
64.780, -0.405821
64.749, -0.190064
64.719, 0.031728
64.689, 0.257131
64.658, 0.483740
64.628, 0.709182
64.598, 0.931134
64.567, 1.147329
64.537, 1.355568
64.506, 1.553724
64.476, 1.732315
64.446, 1.896828
64.415, 2.045424
64.385, 2.176367
64.355, 2.288061
64.324, 2.379044
64.294, 2.448030
64.264, 2.493914
64.233, 2.515803
64.203, 2.513039
64.172, 2.485212
64.142, 2.432206
64.112, 2.354192
64.081, 2.251670
64.051, 2.125474
64.021, 1.976783
63.990, 1.807125
63.960, 1.618381
63.930, 1.412755
63.899, 1.192786
63.869, 0.961301
63.838, 0.721384
63.808, 0.476344
63.778, 0.229652
63.747, -0.015106
63.717, -0.254290
63.687, -0.484277
63.656, -0.701528
63.626, -0.902654
63.596, -1.084492
63.565, -1.244165
63.535, -1.379150
63.504, -1.487331
63.474, -1.567055
63.444, -1.617169
63.413, -1.637045
63.383, -1.626607
63.353, -1.586337
63.322, -1.517268
63.292, -1.420963
63.262, -1.299496
63.231, -1.155394
63.201, -0.991600
63.171, -0.811403
63.140, -0.618370
63.110, -0.416272
63.079, -0.209004
63.049, -0.000499
63.019, 0.205354
62.988, 0.404785
62.958, 0.594228
62.928, 0.770386
62.897, 0.930293
62.867, 1.071376
62.837, 1.191496
62.806, 1.288967
62.776, 1.362606
62.745, 1.411712
62.715, 1.436082
62.685, 1.435987
62.654, 1.412151
62.624, 1.365711
62.594, 1.298184
62.563, 1.211404
62.533, 1.107473
62.503, 0.988704
62.472, 0.857548
62.442, 0.716556
62.411, 0.568296
62.381, 0.415315
62.351, 0.260078
62.320, 0.104930
62.290, -0.047941
62.260, -0.196536
62.229, -0.339069
62.199, -0.473970
62.169, -0.599903
62.138, -0.715758
62.108, -0.820639
62.077, -0.913857
62.047, -0.994901
62.017, -1.063429
61.986, -1.119232
61.956, -1.162212
61.926, -1.192364
61.895, -1.209751
61.865, -1.214471
61.835, -1.206662
61.804, -1.186478
61.774, -1.154092
61.744, -1.109685
61.713, -1.053452
61.683, -0.985622
61.652, -0.906464
61.622, -0.816297
61.592, -0.715525
61.561, -0.604643
61.531, -0.484268
61.501, -0.355154
61.470, -0.218212
61.440, -0.074517
61.410, 0.074666
61.379, 0.227900
61.349, 0.383571
61.318, 0.539894
61.288, 0.694932
61.258, 0.846628
61.227, 0.992836
61.197, 1.131350
61.167, 1.259961
61.136, 1.376501
61.106, 1.478888
61.076, 1.565194
61.045, 1.633684
61.015, 1.682870
60.984, 1.711572
60.954, 1.718941
60.924, 1.704497
60.893, 1.668173
60.863, 1.610312
60.833, 1.531685
60.802, 1.433475
60.772, 1.317276
60.742, 1.185051
60.711, 1.039105
60.681, 0.882017
60.651, 0.716611
60.620, 0.545871
60.590, 0.372875
60.559, 0.200719
60.529, 0.032447
60.499, -0.129030
60.468, -0.280998
60.438, -0.421021
60.408, -0.546982
60.377, -0.657150
60.347, -0.750208
60.317, -0.825289
60.286, -0.881987
60.256, -0.920352
60.225, -0.940895
60.195, -0.944551
60.165, -0.932635
60.134, -0.906810
60.104, -0.869008
60.074, -0.821390
60.043, -0.766249
60.013, -0.705945
59.983, -0.642825
59.952, -0.579157
59.922, -0.517046
59.891, -0.458379
59.861, -0.404760
59.831, -0.357474
59.800, -0.317438
59.770, -0.285198
59.740, -0.260903
59.709, -0.244331
59.679, -0.234879
59.649, -0.231623
59.618, -0.233348
59.588, -0.238611
59.557, -0.245791
59.527, -0.253171
59.497, -0.258999
59.466, -0.261575
59.436, -0.259308
59.406, -0.250795
59.375, -0.234878
59.345, -0.210703
59.315, -0.177746
59.284, -0.135867
59.254, -0.085303
59.224, -0.026692
59.193, 0.038962
59.163, 0.110300
59.132, 0.185653
59.102, 0.263089
59.072, 0.340488
59.041, 0.415608
59.011, 0.486151
58.981, 0.549864
58.950, 0.604606
58.920, 0.648437
58.890, 0.679683
58.859, 0.697008
58.829, 0.699479
58.798, 0.686593
58.768, 0.659745
58.738, 0.617968
58.707, 0.562202
58.677, 0.493857
58.647, 0.414770
58.616, 0.327167
58.586, 0.233590
58.556, 0.136830
58.525, 0.039838
58.495, -0.054370
58.464, -0.142801
58.434, -0.222591
58.404, -0.291094
58.373, -0.345982
58.343, -0.385314
58.313, -0.407614
58.282, -0.411931
58.252, -0.397872
58.222, -0.365636
58.191, -0.316011
58.161, -0.250364
58.130, -0.170614
58.100, -0.079174
58.070, 0.021107
58.039, 0.127038
58.009, 0.235158
57.979, 0.341865
57.948, 0.443502
57.918, 0.536487
57.888, 0.617409
57.857, 0.683149
57.827, 0.730974
57.797, 0.758624
57.766, 0.764396
57.736, 0.747187
57.705, 0.706561
57.675, 0.642750
57.645, 0.556650
57.614, 0.449828
57.584, 0.324456
57.554, 0.183273
57.523, 0.029493
57.493, -0.133277
57.463, -0.301146
57.432, -0.470039
57.402, -0.635836
57.371, -0.794470
57.341, -0.942056
57.311, -1.075002
57.280, -1.190118
57.250, -1.284692
57.220, -1.356584
57.189, -1.404274
57.159, -1.426910
57.129, -1.424318
57.098, -1.397006
57.068, -1.346143
57.037, -1.273514
57.007, -1.181465
56.977, -1.072807
56.946, -0.950751
56.916, -0.818789
56.886, -0.680582
56.855, -0.539855
56.825, -0.400268
56.795, -0.265329
56.764, -0.138253
56.734, -0.021897
56.704, 0.081337
56.673, 0.169562
56.643, 0.241462
56.612, 0.296313
56.582, 0.334011
56.552, 0.355031
56.521, 0.360432
56.491, 0.351786
56.461, 0.331129
56.430, 0.300860
56.400, 0.263677
56.370, 0.222465
56.339, 0.180187
56.309, 0.139795
56.278, 0.104108
56.248, 0.075725
56.218, 0.056939
56.187, 0.049635
56.157, 0.055267
56.127, 0.074772
56.096, 0.108564
56.066, 0.156513
56.036, 0.217960
56.005, 0.291732
55.975, 0.376207
55.944, 0.469348
55.914, 0.568800
55.884, 0.671964
55.853, 0.776095
55.823, 0.878393
55.793, 0.976123
55.762, 1.066684
55.732, 1.147739
55.702, 1.217261
55.671, 1.273639
55.641, 1.315720
55.610, 1.342865
55.580, 1.354957
55.550, 1.352434
55.519, 1.336252
55.489, 1.307878
55.459, 1.269224
55.428, 1.222596
55.398, 1.170622
55.368, 1.116141
55.337, 1.062127
55.307, 1.011585
55.277, 0.967430
55.246, 0.932403
55.216, 0.908955
55.185, 0.899180
55.155, 0.904717
55.125, 0.926696
55.094, 0.965680
55.064, 1.021652
55.034, 1.093986
55.003, 1.181466
54.973, 1.282307
54.943, 1.394210
54.912, 1.514421
54.882, 1.639813
54.851, 1.766973
54.821, 1.892314
54.791, 2.012181
54.760, 2.122964
54.730, 2.221209
54.700, 2.303747
54.669, 2.367771
54.639, 2.410960
54.609, 2.431530
54.578, 2.428331
54.548, 2.400873
54.517, 2.349373
54.487, 2.274739
54.457, 2.178598
54.426, 2.063228
54.396, 1.931536
54.366, 1.786968
54.335, 1.633445
54.305, 1.475247
54.275, 1.316917
54.244, 1.163140
54.214, 1.018623
54.184, 0.887972
54.153, 0.775577
54.123, 0.685493
54.092, 0.621334
54.062, 0.586186
54.032, 0.582517
54.001, 0.612114
53.971, 0.676054
53.941, 0.774655
53.910, 0.907479
53.880, 1.073334
53.850, 1.270319
53.819, 1.495847
53.789, 1.746737
53.758, 2.019268
53.728, 2.309274
53.698, 2.612244
53.667, 2.923443
53.637, 3.237984
53.607, 3.550975
53.576, 3.857606
53.546, 4.153267
53.516, 4.433617
53.485, 4.694718
53.455, 4.933064
53.424, 5.145678
53.394, 5.330140
53.364, 5.484646
53.333, 5.608010
53.303, 5.699677
53.273, 5.759697
53.242, 5.788746
53.212, 5.788046
53.182, 5.759349
53.151, 5.704863
53.121, 5.627196
53.090, 5.529292
53.060, 5.414358
53.030, 5.285758
52.999, 5.146990
52.969, 5.001560
52.939, 4.852950
52.908, 4.704527
52.878, 4.559486
52.848, 4.420795
52.817, 4.291160
52.787, 4.172962
52.757, 4.068252
52.726, 3.978701
52.696, 3.905624
52.665, 3.849933
52.635, 3.812173
52.605, 3.792511
52.574, 3.790767
52.544, 3.806421
52.514, 3.838667
52.483, 3.886418
52.453, 3.948352
52.423, 4.022962
52.392, 4.108586
52.362, 4.203440
52.331, 4.305687
52.301, 4.413437
52.271, 4.524832
52.240, 4.638056
52.210, 4.751383
52.180, 4.863204
52.149, 4.972059
52.119, 5.076662
52.089, 5.175932
52.058, 5.268992
52.028, 5.355202
51.997, 5.434154
51.967, 5.505677
51.937, 5.569841
51.906, 5.626945
51.876, 5.677491
51.846, 5.722198
51.815, 5.761947
51.785, 5.797772
51.755, 5.830825
51.724, 5.862338
51.694, 5.893597
51.663, 5.925893
51.633, 5.960480
51.603, 5.998551
51.572, 6.041172
51.542, 6.089277
51.512, 6.143603
51.481, 6.204671
51.451, 6.272769
51.421, 6.347918
51.390, 6.429852
51.360, 6.518038
51.330, 6.611643
51.299, 6.709560
51.269, 6.810427
51.238, 6.912640
51.208, 7.014384
51.178, 7.113697
51.147, 7.208464
51.117, 7.296529
51.087, 7.375685
51.056, 7.443790
51.026, 7.498778
50.996, 7.538748
50.965, 7.561995
50.935, 7.567084
50.904, 7.552872
50.874, 7.518577
50.844, 7.463777
50.813, 7.388464
50.783, 7.293014
50.753, 7.178240
50.722, 7.045341
50.692, 6.895897
50.662, 6.731837
50.631, 6.555396
50.601, 6.369049
50.570, 6.175481
50.540, 5.977490
50.510, 5.777942
50.479, 5.579677
50.449, 5.385456
50.419, 5.197860
50.388, 5.019264
50.358, 4.851735
50.328, 4.696998
50.297, 4.556392
50.267, 4.430839
50.237, 4.320799
50.206, 4.226306
50.176, 4.146942
50.145, 4.081864
50.115, 4.029832
50.085, 3.989283
50.054, 3.958359
50.024, 3.934988
49.994, 3.916946
49.963, 3.901965
49.933, 3.887780
49.903, 3.872253
49.872, 3.853421
49.842, 3.829591
49.811, 3.799414
49.781, 3.761935
49.751, 3.716636
49.720, 3.663495
49.690, 3.602983
49.660, 3.536084
49.629, 3.464266
49.599, 3.389472
49.569, 3.314059
49.538, 3.240744
49.508, 3.172527
49.477, 3.112619
49.447, 3.064333
49.417, 3.030992
49.386, 3.015807
49.356, 3.021799
49.326, 3.051686
49.295, 3.107770
49.265, 3.191866
49.235, 3.305224
49.204, 3.448454
49.174, 3.621500
49.143, 3.823589
49.113, 4.053237
49.083, 4.308254
49.052, 4.585783
49.022, 4.882334
48.992, 5.193876
48.961, 5.515904
48.931, 5.843563
48.901, 6.171745
48.870, 6.495205
48.840, 6.808733
48.810, 7.107246
48.779, 7.385950
48.749, 7.640442
48.718, 7.866862
48.688, 8.061984
48.658, 8.223313
48.627, 8.349164
48.597, 8.438742
48.567, 8.492133
48.536, 8.510362
48.506, 8.495367
48.476, 8.449961
48.445, 8.377782
48.415, 8.283209
48.384, 8.171267
48.354, 8.047525
48.324, 7.917933
48.293, 7.788711
48.263, 7.666173
48.233, 7.556579
48.202, 7.465993
48.172, 7.400101
48.142, 7.364092
48.111, 7.362511
48.081, 7.399137
48.050, 7.476890
48.020, 7.597750
47.990, 7.762688
47.959, 7.971633
47.929, 8.223483
47.899, 8.516104
47.868, 8.846364
47.838, 9.210240
47.808, 9.602857
47.777, 10.018641
47.747, 10.451425
47.716, 10.894611
47.686, 11.341309
47.656, 11.784505
47.625, 12.217256
47.595, 12.632805
47.565, 13.024803
47.534, 13.387420
47.504, 13.715494
47.474, 14.004693
47.443, 14.251566
47.413, 14.453664
47.383, 14.609610
47.352, 14.719104
47.322, 14.782957
47.291, 14.803061
47.261, 14.782348
47.231, 14.724742
47.200, 14.635026
47.170, 14.518766
47.140, 14.382168
47.109, 14.231921
47.079, 14.075045
47.049, 13.918728
47.018, 13.770154
46.988, 13.636331
46.957, 13.523925
46.927, 13.439094
46.897, 13.387373
46.866, 13.373510
46.836, 13.401377
46.806, 13.473901
46.775, 13.592957
46.745, 13.759374
46.715, 13.972892
46.684, 14.232219
46.654, 14.535033
46.623, 14.878069
46.593, 15.257224
46.563, 15.667648
46.532, 16.103888
46.502, 16.560046
46.472, 17.029891
46.441, 17.507081
46.411, 17.985302
46.381, 18.458431
46.350, 18.920700
46.320, 19.366845
46.290, 19.792244
46.259, 20.193036
46.229, 20.566203
46.198, 20.909653
46.168, 21.222301
46.138, 21.504004
46.107, 21.755654
46.077, 21.979081
46.047, 22.177039
46.016, 22.353064
45.986, 22.511437
45.956, 22.657000
45.925, 22.795072
45.895, 22.931245
45.864, 23.071278
45.834, 23.220876
45.804, 23.385572
45.773, 23.570567
45.743, 23.780556
45.713, 24.019625
45.682, 24.291154
45.652, 24.597675
45.622, 24.940844
45.591, 25.321386
45.561, 25.739085
45.530, 26.192813
45.500, 26.680505
45.470, 27.199325
45.439, 27.745675
45.409, 28.315338
45.379, 28.903613
45.348, 29.505442
45.318, 30.115578
45.288, 30.728733
45.257, 31.339733
45.227, 31.943695
45.196, 32.536137
45.166, 33.113170
45.136, 33.671521
45.105, 34.208714
45.075, 34.723108
45.045, 35.213968
45.014, 35.681291
44.984, 36.126185
44.954, 36.550422
44.923, 36.956648
44.893, 37.348076
44.863, 37.728557
44.832, 38.102410
44.802, 38.474120
44.771, 38.848407
44.741, 39.229859
44.711, 39.622995
44.680, 40.031799
44.650, 40.459919
44.620, 40.910303
44.589, 41.385126
44.559, 41.885828
44.529, 42.412777
44.498, 42.965638
44.468, 43.542971
44.437, 44.142568
44.407, 44.761281
44.377, 45.395260
44.346, 46.039952
44.316, 46.690335
44.286, 47.341086
44.255, 47.986548
44.225, 48.621130
44.195, 49.239441
44.164, 49.836359
44.134, 50.407298
44.103, 50.948342
44.073, 51.456375
44.043, 51.929156
44.012, 52.365479
43.982, 52.765210
43.952, 53.129253
43.921, 53.459651
43.891, 53.759415
43.861, 54.032498
43.830, 54.283820
43.800, 54.518905
43.769, 54.743879
43.739, 54.965204
43.709, 55.189643
43.678, 55.423890
43.648, 55.674375
43.618, 55.947224
43.587, 56.247959
43.557, 56.581303
43.527, 56.951037
43.496, 57.360009
43.466, 57.809857
43.436, 58.301017
43.405, 58.832787
43.375, 59.403157
43.344, 60.009014
43.314, 60.646140
43.284, 61.309312
43.253, 61.992470
43.223, 62.688920
43.193, 63.391462
43.162, 64.092498
43.132, 64.784495
43.102, 65.459887
43.071, 66.111475
43.041, 66.732531
43.010, 67.317029
42.980, 67.859713
42.950, 68.356263
42.919, 68.803400
42.889, 69.198879
42.859, 69.541597
42.828, 69.831552
42.798, 70.069684
42.768, 70.257966
42.737, 70.399244
42.707, 70.497001
42.676, 70.555287
42.646, 70.578554
42.616, 70.571423
42.585, 70.538514
42.555, 70.484246
42.525, 70.412736
42.494, 70.327500
42.464, 70.231451
42.434, 70.126697
42.403, 70.014444
42.373, 69.894994
42.343, 69.767676
42.312, 69.630917
42.282, 69.482173
42.251, 69.318129
42.221, 69.134701
42.191, 68.927336
42.160, 68.690913
42.130, 68.420140
42.100, 68.109629
42.069, 67.754122
42.039, 67.348599
42.009, 66.888574
41.978, 66.370229
41.948, 65.790452
41.917, 65.147132
41.887, 64.439032
41.857, 63.666185
41.826, 62.829495
41.796, 61.931071
41.766, 60.974127
41.735, 59.962713
41.705, 58.901852
41.675, 57.797302
41.644, 56.655457
41.614, 55.483047
41.583, 54.287101
41.553, 53.074750
41.523, 51.852993
41.492, 50.628456
41.462, 49.407402
41.432, 48.195386
41.401, 46.997331
41.371, 45.817220
41.341, 44.658201
41.310, 43.522416
41.280, 42.411103
41.249, 41.324530
41.219, 40.262197
41.189, 39.222695
41.158, 38.204083
41.128, 37.203785
41.098, 36.218953
41.067, 35.246441
41.037, 34.283103
41.007, 33.325924
40.976, 32.372154
40.946, 31.419478
40.916, 30.466146
40.885, 29.511090
40.855, 28.553965
40.824, 27.595247
40.794, 26.636213
40.764, 25.678974
40.733, 24.726376
40.703, 23.781976
40.673, 22.849899
40.642, 21.934756
40.612, 21.041461
40.582, 20.175082
40.551, 19.340675
40.521, 18.543115
40.490, 17.786920
40.460, 17.076085
40.430, 16.413930
40.399, 15.803031
40.369, 15.245028
40.339, 14.740620
40.308, 14.289487
40.278, 13.890318
40.248, 13.540798
40.217, 13.237678
40.187, 12.976879
40.156, 12.753602
40.126, 12.562454
40.096, 12.397630
40.065, 12.253091
40.035, 12.122743
40.005, 12.000634
39.974, 11.881130
39.944, 11.759105
39.914, 11.630090
39.883, 11.490432
39.853, 11.337379
39.823, 11.169190
39.792, 10.985177
39.762, 10.785720
39.731, 10.572248
39.701, 10.347180
39.671, 10.113870
39.640, 9.876442
39.610, 9.639676
39.580, 9.408837
39.549, 9.189494
39.519, 8.987318
39.489, 8.807891
39.458, 8.656515
39.428, 8.538026
39.397, 8.456610
39.367, 8.415662
39.337, 8.417664
39.306, 8.464085
39.276, 8.555331
39.246, 8.690683
39.215, 8.868349
39.185, 9.085490
39.155, 9.338291
39.124, 9.622080
39.094, 9.931473
39.063, 10.260529
39.033, 10.602925
39.003, 10.952160
38.972, 11.301751
38.942, 11.645429
38.912, 11.977330
38.881, 12.292170
38.851, 12.585424
38.821, 12.853414
38.790, 13.093477
38.760, 13.303992
38.729, 13.484437
38.699, 13.635387
38.669, 13.758490
38.638, 13.856394
38.608, 13.932655
38.578, 13.991583
38.547, 14.038145
38.517, 14.077723
38.487, 14.115985
38.456, 14.158650
38.426, 14.211325
38.396, 14.279279
38.365, 14.367297
38.335, 14.479480
38.304, 14.619141
38.274, 14.788648
38.244, 14.989384
38.213, 15.221650
38.183, 15.484679
38.153, 15.776630
38.122, 16.094658
38.092, 16.434975
38.062, 16.792985
38.031, 17.163396
38.001, 17.540412
37.970, 17.917867
37.940, 18.289446
37.910, 18.648859
37.879, 18.990033
37.849, 19.307274
37.819, 19.595475
37.788, 19.850229
37.758, 20.067968
37.728, 20.246059
37.697, 20.382902
37.667, 20.477910
37.636, 20.531586
37.606, 20.545446
37.576, 20.521998
37.545, 20.464633
37.515, 20.377536
37.485, 20.265530
37.454, 20.133981
37.424, 19.988571
37.394, 19.835173
37.363, 19.679670
37.333, 19.527796
37.302, 19.384977
37.272, 19.256166
37.242, 19.145758
37.211, 19.057449
37.181, 18.994175
37.151, 18.958048
37.120, 18.950325
37.090, 18.971409
37.060, 19.020877
37.029, 19.097519
36.999, 19.199423
36.969, 19.324040
36.938, 19.468325
36.908, 19.628810
36.877, 19.801762
36.847, 19.983308
36.817, 20.169541
36.786, 20.356658
36.756, 20.541060
36.726, 20.719460
36.695, 20.888954
36.665, 21.047099
36.635, 21.191939
36.604, 21.322056
36.574, 21.436545
36.543, 21.535022
36.513, 21.617572
36.483, 21.684716
36.452, 21.737341
36.422, 21.776628
36.392, 21.803946
36.361, 21.820806
36.331, 21.828760
36.301, 21.829296
36.270, 21.823799
36.240, 21.813437
36.209, 21.799162
36.179, 21.781623
36.149, 21.761151
36.118, 21.737753
36.088, 21.711124
36.058, 21.680662
36.027, 21.645497
35.997, 21.604553
35.967, 21.556612
35.936, 21.500375
35.906, 21.434530
35.876, 21.357854
35.845, 21.269281
35.815, 21.167972
35.784, 21.053382
35.754, 20.925338
35.724, 20.784066
35.693, 20.630230
35.663, 20.464957
35.633, 20.289846
35.602, 20.106930
35.572, 19.918668
35.542, 19.727899
35.511, 19.537765
35.481, 19.351666
35.450, 19.173153
35.420, 19.005848
35.390, 18.853358
35.359, 18.719190
35.329, 18.606620
35.299, 18.518632
35.268, 18.457849
35.238, 18.426436
35.208, 18.426061
35.177, 18.457839
35.147, 18.522314
35.116, 18.619442
35.086, 18.748598
35.056, 18.908597
35.025, 19.097730
34.995, 19.313822
34.965, 19.554290
34.934, 19.816211
34.904, 20.096415
34.874, 20.391580
34.843, 20.698298
34.813, 21.013178
34.782, 21.332936
34.752, 21.654476
34.722, 21.974943
34.691, 22.291812
34.661, 22.602906
34.631, 22.906478
34.600, 23.201187
34.570, 23.486138
34.540, 23.760858
34.509, 24.025303
34.479, 24.279802
34.449, 24.525024
34.418, 24.761940
34.388, 24.991762
34.357, 25.215879
34.327, 25.435785
34.297, 25.653052
34.266, 25.869238
34.236, 26.085856
34.206, 26.304296
34.175, 26.525829
34.145, 26.751543
34.115, 26.982339
34.084, 27.218933
34.054, 27.461829
34.023, 27.711366
33.993, 27.967713
33.963, 28.230919
33.932, 28.500956
33.902, 28.777727
33.872, 29.061182
33.841, 29.351265
33.811, 29.648080
33.781, 29.951846
33.750, 30.262996
33.720, 30.582145
33.689, 30.910229
33.659, 31.248397
33.629, 31.598115
33.598, 31.961120
33.568, 32.339422
33.538, 32.735290
33.507, 33.151198
33.477, 33.589800
33.447, 34.053944
33.416, 34.546477
33.386, 35.070279
33.355, 35.628262
33.325, 36.223205
33.295, 36.857686
33.264, 37.534182
33.234, 38.254770
33.204, 39.021356
33.173, 39.835348
33.143, 40.697917
33.113, 41.609732
33.082, 42.571062
33.052, 43.581773
33.022, 44.641328
32.991, 45.748724
32.961, 46.902654
32.930, 48.101345
32.900, 49.342822
32.870, 50.624707
32.839, 51.944388
32.809, 53.299122
32.779, 54.685861
32.748, 56.101458
32.718, 57.542666
32.688, 59.006137
32.657, 60.488423
32.627, 61.986076
32.596, 63.495513
32.566, 65.013185
32.536, 66.535411
32.505, 68.058574
32.475, 69.578891
32.445, 71.092480
32.414, 72.595355
32.384, 74.083466
32.354, 75.552495
32.323, 76.998055
32.293, 78.415527
32.262, 79.800056
32.232, 81.146588
32.202, 82.449932
32.171, 83.704666
32.141, 84.905131
32.111, 86.045604
32.080, 87.120157
32.050, 88.122833
32.020, 89.047671
31.989, 89.888747
31.959, 90.640168
31.929, 91.296243
31.898, 91.851514
31.868, 92.300860
31.837, 92.639594
31.807, 92.863329
31.777, 92.968384
31.746, 92.951511
31.716, 92.810300
31.686, 92.542841
31.655, 92.148132
31.625, 91.625803
31.595, 90.976424
31.564, 90.201267
31.534, 89.302408
31.503, 88.282792
31.473, 87.146003
31.443, 85.896491
31.412, 84.539280
31.382, 83.080161
31.352, 81.525361
31.321, 79.881743
31.291, 78.156505
31.261, 76.357347
31.230, 74.492203
31.200, 72.569208
31.169, 70.596666
31.139, 68.582978
31.109, 66.536583
31.078, 64.465781
31.048, 62.378777
31.018, 60.283703
30.987, 58.188296
30.957, 56.100086
30.927, 54.026338
30.896, 51.973883
30.866, 49.949181
30.835, 47.958293
30.805, 46.006841
30.775, 44.099950
30.744, 42.242272
30.714, 40.438025
30.684, 38.690892
30.653, 37.004087
30.623, 35.380288
30.593, 33.821638
30.562, 32.329884
30.532, 30.906199
30.502, 29.551301
30.471, 28.265412
30.441, 27.048345
30.410, 25.899409
30.380, 24.817540
30.350, 23.801253
30.319, 22.848721
30.289, 21.957779
30.259, 21.125933
30.228, 20.350482
30.198, 19.628472
30.168, 18.956793
30.137, 18.332218
30.107, 17.751429
30.076, 17.211103
30.046, 16.707930
30.016, 16.238681
29.985, 15.800213
29.955, 15.389614
29.925, 15.004101
29.894, 14.641170
29.864, 14.298559
29.834, 13.974302
29.803, 13.666710
29.773, 13.374420
29.742, 13.096360
29.712, 12.831757
29.682, 12.580104
29.651, 12.341146
29.621, 12.114836
29.591, 11.901331
29.560, 11.700903
29.530, 11.513913
29.500, 11.340773
29.469, 11.181875
29.439, 11.037557
29.408, 10.908039
29.378, 10.793390
29.348, 10.693490
29.317, 10.607993
29.287, 10.536286
29.257, 10.477495
29.226, 10.430458
29.196, 10.393745
29.166, 10.365647
29.135, 10.344191
29.105, 10.327217
29.075, 10.312350
29.044, 10.297083
29.014, 10.278831
28.983, 10.254971
28.953, 10.222919
28.923, 10.180174
28.892, 10.124389
28.862, 10.053448
28.832, 9.965501
28.801, 9.859003
28.771, 9.732803
28.741, 9.586155
28.710, 9.418736
28.680, 9.230675
28.649, 9.022544
28.619, 8.795400
28.589, 8.550697
28.558, 8.290303
28.528, 8.016450
28.498, 7.731697
28.467, 7.438842
28.437, 7.140885
28.407, 6.840956
28.376, 6.542226
28.346, 6.247851
28.315, 5.960888
28.285, 5.684227
28.255, 5.420521
28.224, 5.172139
28.194, 4.941088
28.164, 4.728993
28.133, 4.537055
28.103, 4.366031
28.073, 4.216219
28.042, 4.087462
28.012, 3.979186
27.982, 3.890388
27.951, 3.819692
27.921, 3.765387
27.890, 3.725507
27.860, 3.697861
27.830, 3.680104
27.799, 3.669820
27.769, 3.664587
27.739, 3.662032
27.708, 3.659913
27.678, 3.656167
27.648, 3.648976
27.617, 3.636807
27.587, 3.618434
27.556, 3.592997
27.526, 3.559997
27.496, 3.519291
27.465, 3.471106
27.435, 3.416007
27.405, 3.354882
27.374, 3.288899
27.344, 3.219444
27.314, 3.148100
27.283, 3.076575
27.253, 3.006645
27.222, 2.940083
27.192, 2.878614
27.162, 2.823856
27.131, 2.777265
27.101, 2.740064
27.071, 2.713245
27.040, 2.697514
27.010, 2.693259
26.980, 2.700544
26.949, 2.719119
26.919, 2.748410
26.888, 2.787552
26.858, 2.835388
26.828, 2.890532
26.797, 2.951394
26.767, 3.016242
26.737, 3.083222
26.706, 3.150444
26.676, 3.216033
26.646, 3.278165
26.615, 3.335126
26.585, 3.385368
26.555, 3.427540
26.524, 3.460547
26.494, 3.483523
26.463, 3.495920
26.433, 3.497470
26.403, 3.488210
26.372, 3.468447
26.342, 3.438782
26.312, 3.400058
26.281, 3.353332
26.251, 3.299843
26.221, 3.240964
26.190, 3.178170
26.160, 3.112987
26.129, 3.046927
26.099, 2.981464
26.069, 2.917994
26.038, 2.857773
26.008, 2.801911
25.978, 2.751320
25.947, 2.706715
25.917, 2.668594
25.887, 2.637222
25.856, 2.612650
25.826, 2.594721
25.795, 2.583080
25.765, 2.577201
25.735, 2.576415
25.704, 2.579942
25.674, 2.586928
25.644, 2.596464
25.613, 2.607641
25.583, 2.619570
25.553, 2.631420
25.522, 2.642435
25.492, 2.651958
25.462, 2.659456
25.431, 2.664513
25.401, 2.666844
25.370, 2.666276
25.340, 2.662762
25.310, 2.656332
25.279, 2.647101
25.249, 2.635215
25.219, 2.620847
25.188, 2.604151
25.158, 2.585225
25.128, 2.564096
25.097, 2.540688
25.067, 2.514791
25.036, 2.486050
25.006, 2.453947
24.976, 2.417807
24.945, 2.376790
24.915, 2.329906
24.885, 2.276042
24.854, 2.213978
24.824, 2.142429
24.794, 2.060093
24.763, 1.965684
24.733, 1.858004
24.702, 1.735975
24.672, 1.598706
24.642, 1.445541
24.611, 1.276115
24.581, 1.090391
24.551, 0.888702
24.520, 0.671771
24.490, 0.440746
24.460, 0.197189
24.429, -0.056919
24.399, -0.319207
24.368, -0.586924
24.338, -0.857010
24.308, -1.126124
24.277, -1.390736
24.247, -1.647175
24.217, -1.891739
24.186, -2.120755
24.156, -2.330693
24.126, -2.518235
24.095, -2.680385
24.065, -2.814522
24.035, -2.918511
24.004, -2.990727
23.974, -3.030149
23.943, -3.036366
23.913, -3.009618
23.883, -2.950791
23.852, -2.861422
23.822, -2.743645
23.792, -2.600183
23.761, -2.434245
23.731, -2.249488
23.701, -2.049904
23.670, -1.839744
23.640, -1.623389
23.609, -1.405266
23.579, -1.189705
23.549, -0.980869
23.518, -0.782602
23.488, -0.598383
23.458, -0.431187
23.427, -0.283459
23.397, -0.157019
23.367, -0.053051
23.336, 0.027956
23.306, 0.086165
23.275, 0.122421
23.245, 0.138176
23.215, 0.135475
23.184, 0.116850
23.154, 0.085263
23.124, 0.043993
23.093, -0.003438
23.063, -0.053421
23.033, -0.102325
23.002, -0.146647
22.972, -0.183082
22.941, -0.208654
22.911, -0.220929
22.881, -0.217671
22.850, -0.197308
22.820, -0.158873
22.790, -0.101977
22.759, -0.026860
22.729, 0.065667
22.699, 0.174220
22.668, 0.296919
22.638, 0.431436
22.608, 0.575104
22.577, 0.724973
22.547, 0.877942
22.516, 1.030841
22.486, 1.180560
22.456, 1.324130
22.425, 1.458836
22.395, 1.582295
22.365, 1.692559
22.334, 1.788138
22.304, 1.868085
22.274, 1.932004
22.243, 1.980073
22.213, 2.013022
22.182, 2.032119
22.152, 2.039110
22.122, 2.036182
22.091, 2.025853
22.061, 2.010919
22.031, 1.994333
22.000, 1.979117
21.970, 1.968255
21.940, 1.964587
21.909, 1.970719
21.879, 1.988934
21.848, 2.021108
21.818, 2.068658
21.788, 2.132487
21.757, 2.212966
21.727, 2.309916
21.697, 2.422624
21.666, 2.549869
21.636, 2.689989
21.606, 2.840926
21.575, 3.000315
21.545, 3.165592
21.515, 3.334080
21.484, 3.503104
21.454, 3.670117
21.423, 3.832782
21.393, 3.989116
21.363, 4.137552
21.332, 4.277043
21.302, 4.407136
21.272, 4.527999
21.241, 4.640490
21.211, 4.746121
21.181, 4.847098
21.150, 4.946254
21.120, 5.047000
21.089, 5.153274
21.059, 5.269417
21.029, 5.400083
20.998, 5.550139
20.968, 5.724494
20.938, 5.928026
20.907, 6.165404
20.877, 6.440987
20.847, 6.758690
20.816, 7.121899
20.786, 7.533365
20.755, 7.995121
20.725, 8.508451
20.695, 9.073843
20.664, 9.690995
20.634, 10.358828
20.604, 11.075511
20.573, 11.838556
20.543, 12.644864
20.513, 13.490875
20.482, 14.372613
20.452, 15.285895
20.421, 16.226398
20.391, 17.189841
20.361, 18.172078
20.330, 19.169290
20.300, 20.178032
20.270, 21.195381
20.239, 22.219020
20.209, 23.247300
20.179, 24.279273
20.148, 25.314724
20.118, 26.354172
20.088, 27.398823
20.057, 28.450504
20.027, 29.511626
19.996, 30.585028
19.966, 31.673897
19.936, 32.781620
19.905, 33.911661
19.875, 35.067332
19.845, 36.251795
19.814, 37.467761
19.784, 38.717373
19.754, 40.002204
19.723, 41.322924
19.693, 42.679465
19.662, 44.070757
19.632, 45.494690
19.602, 46.948218
19.571, 48.427257
19.541, 49.926784
19.511, 51.440808
19.480, 52.962531
19.450, 54.484522
19.420, 55.998646
19.389, 57.496366
19.359, 58.968876
19.328, 60.407205
19.298, 61.802447
19.268, 63.145832
19.237, 64.429056
19.207, 65.644151
19.177, 66.783988
19.146, 67.842003
19.116, 68.812539
19.086, 69.690943
19.055, 70.473365
19.025, 71.157059
18.994, 71.740218
18.964, 72.222005
18.934, 72.602419
18.903, 72.882398
18.873, 73.063616
18.843, 73.148316
18.812, 73.139377
18.782, 73.040014
18.752, 72.853841
18.721, 72.584541
18.691, 72.235965
18.661, 71.811862
18.630, 71.315880
18.600, 70.751436
18.569, 70.121709
18.539, 69.429578
18.509, 68.677521
18.478, 67.867748
18.448, 67.002065
18.418, 66.082081
18.387, 65.109101
18.357, 64.084263
18.327, 63.008571
18.296, 61.883097
18.266, 60.708878
18.235, 59.487120
18.205, 58.219263
18.175, 56.907047
18.144, 55.552581
18.114, 54.158410
18.084, 52.727513
18.053, 51.263406
18.023, 49.770039
17.993, 48.251830
17.962, 46.713703
17.932, 45.160911
17.901, 43.599047
17.871, 42.033970
17.841, 40.471603
17.810, 38.918009
17.780, 37.379111
17.750, 35.860702
17.719, 34.368272
17.689, 32.906833
17.659, 31.480998
17.628, 30.094775
17.598, 28.751470
17.568, 27.453717
17.537, 26.203392
17.507, 25.001608
17.476, 23.848698
17.446, 22.744285
17.416, 21.687294
17.385, 20.676032
17.355, 19.708227
17.325, 18.781229
17.294, 17.891988
17.264, 17.037260
17.234, 16.213703
17.203, 15.417960
17.173, 14.646851
17.142, 13.897429
17.112, 13.167073
17.082, 12.453646
17.051, 11.755473
17.021, 11.071464
16.991, 10.401101
16.960, 9.744497
16.930, 9.102319
16.900, 8.475836
16.869, 7.866782
16.839, 7.277359
16.808, 6.710106
16.778, 6.167814
16.748, 5.653413
16.717, 5.169859
16.687, 4.720014
16.657, 4.306527
16.626, 3.931717
16.596, 3.597483
16.566, 3.305182
16.535, 3.055608
16.505, 2.848868
16.474, 2.684395
16.444, 2.560894
16.414, 2.476383
16.383, 2.428179
16.353, 2.413007
16.323, 2.426990
16.292, 2.465793
16.262, 2.524705
16.232, 2.598765
16.201, 2.682853
16.171, 2.771865
16.141, 2.860798
16.110, 2.944907
16.080, 3.019814
16.049, 3.081616
16.019, 3.126981
15.989, 3.153234
15.958, 3.158408
15.928, 3.141301
15.898, 3.101458
15.867, 3.039230
15.837, 2.955673
15.807, 2.852561
15.776, 2.732266
15.746, 2.597725
15.715, 2.452307
15.685, 2.299696
15.655, 2.143790
15.624, 1.988575
15.594, 1.837983
15.564, 1.695771
15.533, 1.565414
15.503, 1.450000
15.473, 1.352121
15.442, 1.273812
15.412, 1.216484
15.381, 1.180893
15.351, 1.167109
15.321, 1.174535
15.290, 1.201905
15.260, 1.247371
15.230, 1.308523
15.199, 1.382491
15.169, 1.466029
15.139, 1.555623
15.108, 1.647593
15.078, 1.738216
15.047, 1.823830
15.017, 1.900954
14.987, 1.966378
14.956, 2.017269
14.926, 2.051237
14.896, 2.066421
14.865, 2.061510
14.835, 2.035796
14.805, 1.989167
14.774, 1.922111
14.744, 1.835679
14.714, 1.731446
14.683, 1.611454
14.653, 1.478118
14.622, 1.334179
14.592, 1.182569
14.562, 1.026345
14.531, 0.868575
14.501, 0.712249
14.471, 0.560174
14.440, 0.414899
14.410, 0.278653
14.380, 0.153260
14.349, 0.040105
14.319, -0.059897
14.288, -0.146303
14.258, -0.219155
14.228, -0.278960
14.197, -0.326626
14.167, -0.363448
14.137, -0.391006
14.106, -0.411134
14.076, -0.425798
14.046, -0.437032
14.015, -0.446845
13.985, -0.457147
13.954, -0.469652
13.924, -0.485805
13.894, -0.506734
13.863, -0.533188
13.833, -0.565506
13.803, -0.603586
13.772, -0.646888
13.742, -0.694454
13.712, -0.744924
13.681, -0.796579
13.651, -0.847411
13.621, -0.895177
13.590, -0.937502
13.560, -0.971924
13.529, -0.996034
13.499, -1.007537
13.469, -1.004349
13.438, -0.984681
13.408, -0.947115
13.378, -0.890682
13.347, -0.814894
13.317, -0.719790
13.287, -0.605961
13.256, -0.474560
13.226, -0.327267
13.195, -0.166269
13.165, 0.005780
13.135, 0.185846
13.104, 0.370565
13.074, 0.556362
13.044, 0.739524
13.013, 0.916316
12.983, 1.083079
12.953, 1.236349
12.922, 1.372940
12.892, 1.490054
12.861, 1.585339
12.831, 1.656991
12.801, 1.703785
12.770, 1.725115
12.740, 1.721015
12.710, 1.692168
12.679, 1.639873
12.649, 1.566008
12.619, 1.472978
12.588, 1.363648
12.558, 1.241249
12.527, 1.109280
12.497, 0.971406
12.467, 0.831369
12.436, 0.692838
12.406, 0.559329
12.376, 0.434093
12.345, 0.320024
12.315, 0.219577
12.285, 0.134691
12.254, 0.066753
12.224, 0.016546
12.194, -0.015750
12.163, -0.030561
12.133, -0.028895
12.102, -0.012289
12.072, 0.017242
12.042, 0.057285
12.011, 0.105110
11.981, 0.157789
11.951, 0.212277
11.920, 0.265539
11.890, 0.314648
11.860, 0.356898
11.829, 0.389897
11.799, 0.411650
11.768, 0.420640
11.738, 0.415884
11.708, 0.396967
11.677, 0.364067
11.647, 0.317954
11.617, 0.259970
11.586, 0.191985
11.556, 0.116345
11.526, 0.035782
11.495, -0.046653
11.465, -0.127721
11.434, -0.204082
11.404, -0.272421
11.374, -0.329569
11.343, -0.372607
11.313, -0.398986
11.283, -0.406612
11.252, -0.393943
11.222, -0.360048
11.192, -0.304662
11.161, -0.228219
11.131, -0.131841
11.101, -0.017352
11.070, 0.112789
11.040, 0.255522
11.009, 0.407289
10.979, 0.564109
10.949, 0.721704
10.918, 0.875612
10.888, 1.021332
10.858, 1.154449
10.827, 1.270768
10.797, 1.366453
10.767, 1.438153
10.736, 1.483096
10.706, 1.499205
10.675, 1.485156
10.645, 1.440443
10.615, 1.365407
10.584, 1.261236
10.554, 1.129953
10.524, 0.974371
10.493, 0.798022
10.463, 0.605064
10.433, 0.400170
10.402, 0.188412
10.372, -0.024896
10.341, -0.234334
10.311, -0.434544
10.281, -0.620360
10.250, -0.786989
10.220, -0.930134
10.190, -1.046121
10.159, -1.132013
10.129, -1.185708
10.099, -1.205992
10.068, -1.192591
10.038, -1.146177
10.007, -1.068365
9.977, -0.961659
9.947, -0.829397
9.916, -0.675651
9.886, -0.505121
9.856, -0.322993
9.825, -0.134802
9.795, 0.053738
9.765, 0.236881
9.734, 0.409038
9.704, 0.564920
9.674, 0.699700
9.643, 0.809148
9.613, 0.889764
9.582, 0.941160
9.552, 0.959287
9.522, 0.943333
9.491, 0.893484
9.461, 0.810897
9.431, 0.697685
9.400, 0.556847
9.370, 0.392190
9.340, 0.208212
9.309, 0.009984
9.279, -0.197013
9.248, -0.407027
9.218, -0.614221
9.188, -0.812817
9.157, -0.997289
9.127, -1.162495
9.097, -1.303845
9.066, -1.417422
9.036, -1.500092
9.006, -1.549591
8.975, -1.564594
8.945, -1.544735
8.914, -1.490634
8.884, -1.403850
8.854, -1.286850
8.823, -1.142918
8.793, -0.976069
8.763, -0.790913
8.732, -0.592528
8.702, -0.386307
8.672, -0.177798
8.641, 0.027458
8.611, 0.224085
8.580, 0.407031
8.550, 0.571707
8.520, 0.714117
8.489, 0.830964
8.459, 0.919741
8.429, 0.978799
8.398, 1.007373
8.368, 1.005591
8.338, 0.974476
8.307, 0.915879
8.277, 0.832424
8.247, 0.727404
8.216, 0.604696
8.186, 0.468605
8.155, 0.323744
8.125, 0.174878
8.095, 0.026791
8.064, -0.115877
8.034, -0.248767
8.004, -0.367922
7.973, -0.469915
7.943, -0.551934
7.913, -0.611865
7.882, -0.648356
7.852, -0.660816
7.821, -0.649452
7.791, -0.615225
7.761, -0.559822
7.730, -0.485569
7.700, -0.395361
7.670, -0.292545
7.639, -0.180813
7.609, -0.064062
7.579, 0.053730
7.548, 0.168636
7.518, 0.276915
7.487, 0.375135
7.457, 0.460280
7.427, 0.529846
7.396, 0.581916
7.366, 0.615228
7.336, 0.629190
7.305, 0.623909
7.275, 0.600165
7.245, 0.559385
7.214, 0.503573
7.184, 0.435256
7.154, 0.357355
7.123, 0.273115
7.093, 0.185963
7.062, 0.099390
7.032, 0.016824
7.002, -0.058482
6.971, -0.123582
6.941, -0.175938
6.911, -0.213508
6.880, -0.234817
6.850, -0.239028
6.820, -0.225961
6.789, -0.196108
6.759, -0.150619
6.728, -0.091268
6.698, -0.020399
6.668, 0.059158
6.637, 0.144185
6.607, 0.231174
6.577, 0.316449
6.546, 0.396301
6.516, 0.467107
6.486, 0.525468
6.455, 0.568318
6.425, 0.593041
6.394, 0.597580
6.364, 0.580498
6.334, 0.541044
6.303, 0.479204
6.273, 0.395695
6.243, 0.291975
6.212, 0.170198
6.182, 0.033160
6.152, -0.115778
6.121, -0.272783
6.091, -0.433678
6.060, -0.594048
6.030, -0.749390
6.000, -0.895244
5.969, -1.027332
5.939, -1.141702
5.909, -1.234832
5.878, -1.303764
5.848, -1.346191
5.818, -1.360538
5.787, -1.346002
5.757, -1.302601
5.727, -1.231165
5.696, -1.133326
5.666, -1.011459
5.635, -0.868631
5.605, -0.708499
5.575, -0.535204
5.544, -0.353251
5.514, -0.167372
5.484, 0.017620
5.453, 0.196966
5.423, 0.366114
5.393, 0.520852
5.362, 0.657428
5.332, 0.772669
5.301, 0.864066
5.271, 0.929854
5.241, 0.969060
5.210, 0.981519
5.180, 0.967882
5.150, 0.929588
5.119, 0.868806
5.089, 0.788369
5.059, 0.691679
5.028, 0.582596
4.998, 0.465308
4.967, 0.344202
4.937, 0.223731
4.907, 0.108254
4.876, 0.001920
4.846, -0.091475
4.816, -0.168600
4.785, -0.226690
4.755, -0.263631
4.725, -0.278019
4.694, -0.269198
4.664, -0.237283
4.633, -0.183135
4.603, -0.108342
4.573, -0.015153
4.542, 0.093597
4.512, 0.214583
4.482, 0.344095
4.451, 0.478165
4.421, 0.612697
4.391, 0.743589
4.360, 0.866869
4.330, 0.978824
4.300, 1.076103
4.269, 1.155829
4.239, 1.215676
4.208, 1.253945
4.178, 1.269602
4.148, 1.262300
4.117, 1.232389
4.087, 1.180881
4.057, 1.109420
4.026, 1.019374
3.996, 0.914263
3.966, 0.797164
3.935, 0.671425
3.905, 0.540570
3.874, 0.408162
3.844, 0.277702
3.814, 0.152503
3.783, 0.035592
3.753, -0.070383
3.723, -0.163242
3.692, -0.241323
3.662, -0.303539
3.632, -0.349387
3.601, -0.378967
3.571, -0.392950
3.540, -0.392548
3.510, -0.379457
3.480, -0.355787
3.449, -0.323973
3.419, -0.286683
3.389, -0.246716
3.358, -0.206892
3.328, -0.169950
3.298, -0.138447
3.267, -0.114666
3.237, -0.100525
3.207, -0.097521
3.176, -0.106662
3.146, -0.128448
3.115, -0.162836
3.085, -0.209261
3.055, -0.266642
3.024, -0.333437
2.994, -0.407681
2.964, -0.487078
2.933, -0.569071
2.903, -0.650943
2.873, -0.729902
2.842, -0.803199
2.812, -0.868218
2.781, -0.922573
2.751, -0.964192
2.721, -0.991397
2.690, -1.002966
2.660, -0.998176
2.630, -0.976832
2.599, -0.939283
2.569, -0.886408
2.539, -0.819589
2.508, -0.740668
2.478, -0.651887
2.447, -0.555809
2.417, -0.455243
2.387, -0.353131
2.356, -0.252465
2.326, -0.156182
2.296, -0.067057
2.265, 0.012389
2.235, 0.079972
2.205, 0.133921
2.174, 0.172943
2.144, 0.196270
2.113, 0.203683
2.083, 0.195524
2.053, 0.172688
2.022, 0.136601
1.992, 0.089168
1.962, 0.032721
1.931, -0.030065
1.901, -0.096241
1.871, -0.162688
1.840, -0.226217
1.810, -0.283667
1.780, -0.331998
1.749, -0.368399
1.719, -0.390364
1.688, -0.395782
1.658, -0.382984
1.628, -0.350810
1.597, -0.298637
1.567, -0.226391
1.537, -0.134553
1.506, -0.024139
1.476, 0.103333
1.446, 0.245892
1.415, 0.401184
1.385, 0.566528
1.354, 0.739008
1.324, 0.915563
1.294, 1.093064
1.263, 1.268412
1.233, 1.438622
1.203, 1.600890
1.172, 1.752689
1.142, 1.891801
1.112, 2.016380
1.081, 2.124977
1.051, 2.216576
1.020, 2.290575
0.990, 2.346798
0.960, 2.385452
0.929, 2.407129
0.899, 2.412706
0.869, 2.403339
0.838, 2.380383
0.808, 2.345333
0.778, 2.299761
0.747, 2.245247
0.717, 2.183317
0.686, 2.115421
0.656, 2.042834
0.626, 1.966664
0.595, 1.887805
0.565, 1.806931
0.535, 1.724493
0.504, 1.640709
0.474, 1.555608
0.444, 1.469045
0.413, 1.380731
0.383, 1.290287
0.353, 1.197277
0.322, 1.101276
0.292, 1.001890
0.261, 0.898822
0.231, 0.791913
0.201, 0.681167
0.170, 0.566786
0.140, 0.449178
0.110, 0.328975
0.079, 0.207026
0.049, 0.084380
0.019, -0.037725
-0.012, -0.157920
-0.042, -0.274714
-0.073, -0.386579
-0.103, -0.491971
-0.133, -0.589400
-0.164, -0.677487
-0.194, -0.755017
-0.224, -0.820987
-0.255, -0.874655
-0.285, -0.915559
-0.315, -0.943579
-0.346, -0.958908
-0.376, -0.962096
-0.407, -0.954007
-0.437, -0.935822
-0.467, -0.908997
-0.498, -0.875222
-0.528, -0.836359
-0.558, -0.794401
-0.589, -0.751385
-0.619, -0.709339
-0.649, -0.670204
-0.680, -0.635773
-0.710, -0.607618
-0.740, -0.587048
-0.771, -0.575043
-0.801, -0.572243
-0.832, -0.578900
-0.862, -0.594890
-0.892, -0.619684
-0.923, -0.652412
-0.953, -0.691847
-0.983, -0.736493
-1.014, -0.784599
-1.044, -0.834258
-1.074, -0.883455
-1.105, -0.930160
-1.135, -0.972388
-1.166, -1.008296
-1.196, -1.036238
-1.226, -1.054847
-1.257, -1.063072
-1.287, -1.060244
-1.317, -1.046093
-1.348, -1.020775
-1.378, -0.984860
-1.408, -0.939337
-1.439, -0.885562
-1.469, -0.825237
-1.500, -0.760325
-1.530, -0.691700
-1.560, -0.622970
-1.591, -0.556478
-1.621, -0.494523
-1.651, -0.439268
-1.682, -0.392657
-1.712, -0.356341
-1.742, -0.331594
-1.773, -0.319276
-1.803, -0.319775
-1.834, -0.332990
-1.864, -0.358311
-1.894, -0.394648
-1.925, -0.440438
-1.955, -0.493709
-1.985, -0.552128
-2.016, -0.613089
-2.046, -0.673790
-2.076, -0.731355
-2.107, -0.782903
-2.137, -0.825687
-2.167, -0.857186
-2.198, -0.875204
-2.228, -0.877958
-2.259, -0.864173
-2.289, -0.833128
-2.319, -0.784717
-2.350, -0.719453
-2.380, -0.638501
-2.410, -0.543638
-2.441, -0.437228
-2.471, -0.322148
-2.501, -0.201719
-2.532, -0.079604
-2.562, 0.040304
-2.593, 0.154005
-2.623, 0.257521
-2.653, 0.347033
-2.684, 0.419005
-2.714, 0.470318
-2.744, 0.498379
-2.775, 0.501230
-2.805, 0.477617
-2.835, 0.427082
-2.866, 0.349964
-2.896, 0.247448
-2.927, 0.121526
-2.957, -0.025016
-2.987, -0.188684
-3.018, -0.365347
-3.048, -0.550359
-3.078, -0.738673
-3.109, -0.924991
-3.139, -1.103920
-3.169, -1.270129
-3.200, -1.418503
-3.230, -1.544303
-3.260, -1.643318
-3.291, -1.711998
-3.321, -1.747552
-3.352, -1.748076
-3.382, -1.712591
-3.412, -1.641107
-3.443, -1.534625
-3.473, -1.395123
-3.503, -1.225520
-3.534, -1.029591
-3.564, -0.811872
-3.594, -0.577544
-3.625, -0.332281
-3.655, -0.082102
-3.686, 0.166808
-3.716, 0.408264
-3.746, 0.636263
-3.777, 0.845145
-3.807, 1.029772
-3.837, 1.185653
-3.868, 1.309087
-3.898, 1.397261
-3.928, 1.448335
-3.959, 1.461490
-3.989, 1.436941
-4.020, 1.375944
-4.050, 1.280751
-4.080, 1.154539
-4.111, 1.001316
-4.141, 0.825813
-4.171, 0.633333
-4.202, 0.429611
-4.232, 0.220637
-4.262, 0.012491
-4.293, -0.188816
-4.323, -0.377538
-4.354, -0.548337
-4.384, -0.696424
-4.414, -0.817701
-4.445, -0.908856
-4.475, -0.967461
-4.505, -0.992013
-4.536, -0.981974
-4.566, -0.937767
-4.596, -0.860756
-4.627, -0.753191
-4.657, -0.618123
-4.687, -0.459317
-4.718, -0.281126
-4.748, -0.088364
-4.779, 0.113854
-4.809, 0.320234
-4.839, 0.525477
-4.870, 0.724422
-4.900, 0.912180
-4.930, 1.084281
-4.961, 1.236772
-4.991, 1.366328
-5.021, 1.470331
-5.052, 1.546915
-5.082, 1.595006
-5.113, 1.614334
-5.143, 1.605411
-5.173, 1.569508
-5.204, 1.508579
-5.234, 1.425199
-5.264, 1.322475
-5.295, 1.203931
-5.325, 1.073403
-5.355, 0.934918
-5.386, 0.792574
-5.416, 0.650423
-5.447, 0.512350
-5.477, 0.381980
-5.507, 0.262571
-5.538, 0.156942
-5.568, 0.067402
-5.598, -0.004294
-5.629, -0.056981
-5.659, -0.090094
-5.689, -0.103663
-5.720, -0.098295
-5.750, -0.075126
-5.781, -0.035789
-5.811, 0.017666
-5.841, 0.082839
-5.872, 0.157052
-5.902, 0.237452
-5.932, 0.321077
-5.963, 0.404955
-5.993, 0.486184
-6.023, 0.562004
-6.054, 0.629873
-6.084, 0.687529
-6.114, 0.733036
-6.145, 0.764834
-6.175, 0.781753
-6.206, 0.783048
-6.236, 0.768391
-6.266, 0.737871
-6.297, 0.691975
-6.327, 0.631567
-6.357, 0.557851
-6.388, 0.472333
-6.418, 0.376772
-6.448, 0.273140
-6.479, 0.163557
-6.509, 0.050254
-6.540, -0.064497
-6.570, -0.178414
-6.600, -0.289260
-6.631, -0.394896
-6.661, -0.493305
-6.691, -0.582634
-6.722, -0.661221
-6.752, -0.727627
-6.782, -0.780640
-6.813, -0.819305
-6.843, -0.842919
-6.874, -0.851047
-6.904, -0.843511
-6.934, -0.820393
-6.965, -0.782029
-6.995, -0.728995
-7.025, -0.662093
-7.056, -0.582344
-7.086, -0.496069
-7.116, -0.399551
-7.147, -0.294338
-7.177, -0.182115
-7.207, -0.064670
-7.238, 0.056116
-7.268, 0.178309
-7.299, 0.299944
-7.329, 0.419055
-7.359, 0.533702
-7.390, 0.642006
-7.420, 0.742184
-7.450, 0.832567
-7.481, 0.911638
-7.511, 0.978066
-7.541, 1.030724
-7.572, 1.068718
-7.602, 1.091411
-7.633, 1.098437
-7.663, 1.089715
-7.693, 1.065460
-7.724, 1.026174
-7.754, 0.972661
-7.784, 0.905994
-7.815, 0.827517
-7.845, 0.738804
-7.875, 0.641638
-7.906, 0.537974
-7.936, 0.429888
-7.967, 0.319532
-7.997, 0.209096
-8.027, 0.100731
-8.058, -0.003482
-8.088, -0.101605
-8.118, -0.191879
-8.149, -0.272791
-8.179, -0.343098
-8.209, -0.401884
-8.240, -0.448580
-8.270, -0.482978
-8.301, -0.505256
-8.331, -0.515983
-8.361, -0.516088
-8.392, -0.506858
-8.422, -0.489904
-8.452, -0.467114
-8.483, -0.440607
-8.513, -0.412683
-8.543, -0.385739
-8.574, -0.362218
-8.604, -0.344522
-8.634, -0.334956
-8.665, -0.335631
-8.695, -0.348417
-8.726, -0.374864
-8.756, -0.416150
-8.786, -0.473029
-8.817, -0.545797
-8.847, -0.634266
-8.877, -0.737737
-8.908, -0.855015
-8.938, -0.984415
-8.968, -1.123787
-8.999, -1.270560
-9.029, -1.421787
-9.060, -1.574217
-9.090, -1.724358
-9.120, -1.868558
-9.151, -2.003100
-9.181, -2.124282
-9.211, -2.228508
-9.242, -2.312382
-9.272, -2.372795
-9.302, -2.406998
-9.333, -2.412680
-9.363, -2.388035
-9.394, -2.331807
-9.424, -2.243338
-9.454, -2.122581
-9.485, -1.970132
-9.515, -1.787207
-9.545, -1.575646
-9.576, -1.337856
-9.606, -1.076799
-9.636, -0.795913
-9.667, -0.499050
-9.697, -0.190414
-9.728, 0.125537
-9.758, 0.444174
-9.788, 0.760781
-9.819, 1.070659
-9.849, 1.369202
-9.879, 1.651995
-9.910, 1.914893
-9.940, 2.154103
-9.970, 2.366241
-10.001, 2.548402
-10.031, 2.698200
-10.061, 2.813814
-10.092, 2.894005
-10.122, 2.938138
-10.153, 2.946180
-10.183, 2.918688
-10.213, 2.856797
-10.244, 2.762185
-10.274, 2.637035
-10.304, 2.483984
-10.335, 2.306076
-10.365, 2.106692
-10.395, 1.889496
-10.426, 1.658359
-10.456, 1.417288
-10.487, 1.170370
-10.517, 0.921678
-10.547, 0.675233
-10.578, 0.434907
-10.608, 0.204391
-10.638, -0.012885
-10.669, -0.213785
-10.699, -0.395531
-10.729, -0.555717
-10.760, -0.692370
-10.790, -0.803949
-10.821, -0.889384
-10.851, -0.948062
-10.881, -0.979854
-10.912, -0.985090
-10.942, -0.964565
-10.972, -0.919498
-11.003, -0.851522
-11.033, -0.762648
-11.063, -0.655223
-11.094, -0.531884
-11.124, -0.395519
-11.154, -0.249200
-11.185, -0.096149
-11.215, 0.060348
-11.246, 0.216976
-11.276, 0.370465
-11.306, 0.517647
-11.337, 0.655509
-11.367, 0.781253
-11.397, 0.892343
-11.428, 0.986558
-11.458, 1.062029
-11.488, 1.117269
-11.519, 1.151206
-11.549, 1.163201
-11.580, 1.153057
-11.610, 1.121011
-11.640, 1.067746
-11.671, 0.994351
-11.701, 0.902309
-11.731, 0.793460
-11.762, 0.669949
-11.792, 0.534189
-11.822, 0.388796
-11.853, 0.236533
-11.883, 0.080240
-11.914, -0.077226
-11.944, -0.233052
-11.974, -0.384552
-12.005, -0.529208
-12.035, -0.664745
-12.065, -0.789171
-12.096, -0.900825
-12.126, -0.998420
-12.156, -1.081051
-12.187, -1.148237
-12.217, -1.199900
-12.248, -1.236387
-12.278, -1.258433
-12.308, -1.267138
-12.339, -1.263938
-12.369, -1.250564
-12.399, -1.228975
-12.430, -1.201308
-12.460, -1.169821
-12.490, -1.136810
-12.521, -1.104564
-12.551, -1.075268
-12.581, -1.050973
-12.612, -1.033511
-12.642, -1.022553
-12.673, -1.021252
-12.703, -1.030521
-12.733, -1.050886
-12.764, -1.082485
-12.794, -1.125042
-12.824, -1.177889
-12.855, -1.239969
-12.885, -1.309868
-12.915, -1.385844
-12.946, -1.465879
-12.976, -1.547722
-13.007, -1.628957
-13.037, -1.707047
-13.067, -1.779429
-13.098, -1.843551
-13.128, -1.896957
-13.158, -1.937338
-13.189, -1.962608
-13.219, -1.970946
-13.249, -1.960837
-13.280, -1.931141
-13.310, -1.881085
-13.341, -1.810321
-13.371, -1.718911
-13.401, -1.607344
-13.432, -1.476524
-13.462, -1.327747
-13.492, -1.162684
-13.523, -0.983333
-13.553, -0.792000
-13.583, -0.591223
-13.614, -0.383738
-13.644, -0.172422
-13.674, 0.039772
-13.705, 0.249867
-13.735, 0.454926
-13.766, 0.652101
-13.796, 0.838687
-13.826, 1.012178
-13.857, 1.170296
-13.887, 1.311047
-13.917, 1.432733
-13.948, 1.533991
-13.978, 1.613805
-14.008, 1.671520
-14.039, 1.706833
-14.069, 1.719806
-14.100, 1.710851
-14.130, 1.680710
-14.160, 1.630433
-14.191, 1.561364
-14.221, 1.475095
-14.251, 1.373448
-14.282, 1.258430
-14.312, 1.132190
-14.342, 0.996999
-14.373, 0.855187
-14.403, 0.709117
-14.434, 0.561147
-14.464, 0.413581
-14.494, 0.268644
-14.525, 0.128439
-14.555, -0.005076
-14.585, -0.130125
-14.616, -0.245130
-14.646, -0.348743
-14.676, -0.439856
-14.707, -0.517615
-14.737, -0.581432
-14.768, -0.630988
-14.798, -0.666233
-14.828, -0.687382
-14.859, -0.694913
-14.889, -0.689537
-14.919, -0.672204
-14.950, -0.644060
-14.980, -0.606433
-15.010, -0.560809
-15.041, -0.508797
-15.071, -0.452093
-15.101, -0.392454
-15.132, -0.331657
-15.162, -0.271470
-15.193, -0.213609
-15.223, -0.159718
-15.253, -0.111327
-15.284, -0.069839
-15.314, -0.036479
-15.344, -0.012312
-15.375, 0.001808
-15.405, 0.005223
-15.435, -0.002511
-15.466, -0.021624
-15.496, -0.052150
-15.527, -0.093920
-15.557, -0.146587
-15.587, -0.209653
-15.618, -0.282472
-15.648, -0.364290
-15.678, -0.454268
-15.709, -0.551511
-15.739, -0.655092
-15.769, -0.764081
-15.800, -0.877570
-15.830, -0.994693
-15.861, -1.114641
-15.891, -1.236678
-15.921, -1.360146
-15.952, -1.484465
-15.982, -1.609135
-16.012, -1.733729
-16.043, -1.857860
-16.073, -1.981198
-16.103, -2.103405
-16.134, -2.224152
-16.164, -2.343059
-16.195, -2.459695
-16.225, -2.573527
-16.255, -2.683925
-16.286, -2.790118
-16.316, -2.891196
-16.346, -2.986096
-16.377, -3.073598
-16.407, -3.152340
-16.437, -3.220819
-16.468, -3.277431
-16.498, -3.320493
-16.528, -3.348284
-16.559, -3.359091
-16.589, -3.351263
-16.620, -3.323271
-16.650, -3.273752
-16.680, -3.201586
-16.711, -3.105947
-16.741, -2.986360
-16.771, -2.842747
-16.802, -2.675476
-16.832, -2.485381
-16.862, -2.273800
-16.893, -2.042562
-16.923, -1.793993
-16.954, -1.530890
-16.984, -1.256493
-17.014, -0.974421
-17.045, -0.688614
-17.075, -0.403250
-17.105, -0.122661
-17.136, 0.148778
-17.166, 0.406737
-17.196, 0.647068
-17.227, 0.865881
-17.257, 1.059682
-17.288, 1.225462
-17.318, 1.360794
-17.348, 1.463909
-17.379, 1.533771
-17.409, 1.570118
-17.439, 1.573498
-17.470, 1.545266
-17.500, 1.487583
-17.530, 1.403368
-17.561, 1.296245
-17.591, 1.170461
-17.621, 1.030794
-17.652, 0.882418
-17.682, 0.730792
-17.713, 0.581515
-17.743, 0.440165
-17.773, 0.312165
-17.804, 0.202624
-17.834, 0.116196
-17.864, 0.056946
-17.895, 0.028233
-17.925, 0.032610
-17.955, 0.071734
-17.986, 0.146319
-18.016, 0.256106
-18.047, 0.399855
-18.077, 0.575361
-18.107, 0.779522
-18.138, 1.008404
-18.168, 1.257336
-18.198, 1.523911
-18.229, 1.799512
-18.259, 2.078075
-18.289, 2.353378
-18.320, 2.619213
-18.350, 2.869543
-18.381, 3.098684
-18.411, 3.301434
-18.441, 3.473221
-18.472, 3.610231
-18.502, 3.709488
-18.532, 3.768942
-18.563, 3.787506
-18.593, 3.765082
-18.623, 3.702541
-18.654, 3.601698
-18.684, 3.465227
-18.715, 3.296599
-18.745, 3.099941
-18.775, 2.879924
-18.806, 2.641625
-18.836, 2.390357
-18.866, 2.131517
-18.897, 1.870448
-18.927, 1.612259
-18.957, 1.361703
-18.988, 1.123047
-19.018, 0.899956
-19.048, 0.695410
-19.079, 0.511650
-19.109, 0.350127
-19.140, 0.211494
-19.170, 0.095627
-19.200, 0.001670
-19.231, -0.071914
-19.261, -0.127245
-19.291, -0.166925
-19.322, -0.193919
-19.352, -0.211420
-19.382, -0.222722
-19.413, -0.231084
-19.443, -0.239592
-19.474, -0.251043
-19.504, -0.267834
-19.534, -0.291865
-19.565, -0.324465
-19.595, -0.366349
-19.625, -0.417581
-19.656, -0.477581
-19.686, -0.545134
-19.716, -0.618452
-19.747, -0.695235
-19.777, -0.772755
-19.808, -0.847967
-19.838, -0.917630
-19.868, -0.978425
-19.899, -1.027094
-19.929, -1.060559
-19.959, -1.076057
-19.990, -1.071252
-20.020, -1.044332
-20.050, -0.994094
-20.081, -0.920015
-20.111, -0.822274
-20.142, -0.701784
-20.172, -0.560172
-20.202, -0.399749
-20.233, -0.223447
-20.263, -0.034731
-20.293, 0.162489
-20.324, 0.363988
-20.354, 0.565347
-20.384, 0.762107
-20.415, 0.949882
-20.445, 1.124536
-20.475, 1.282286
-20.506, 1.419840
-20.536, 1.534506
-20.567, 1.624271
-20.597, 1.687875
-20.627, 1.724852
-20.658, 1.735549
-20.688, 1.721110
-20.718, 1.683441
-20.749, 1.625152
-20.779, 1.549464
-20.809, 1.460107
-20.840, 1.361196
-20.870, 1.257086
-20.901, 1.152242
-20.931, 1.051073
-20.961, 0.957788
-20.992, 0.876258
-21.022, 0.809887
-21.052, 0.761477
-21.083, 0.733155
-21.113, 0.726285
-21.143, 0.741419
-21.174, 0.778281
-21.204, 0.835769
-21.235, 0.911985
-21.265, 1.004304
-21.295, 1.109449
-21.326, 1.223608
-21.356, 1.342551
-21.386, 1.461775
-21.417, 1.576658
-21.447, 1.682609
-21.477, 1.775222
-21.508, 1.850436
-21.538, 1.904666
-21.568, 1.934934
-21.599, 1.938975
-21.629, 1.915318
-21.660, 1.863350
-21.690, 1.783344
-21.720, 1.676461
-21.751, 1.544726
-21.781, 1.390978
-21.811, 1.218777
-21.842, 1.032311
-21.872, 0.836269
-21.902, 0.635694
-21.933, 0.435828
-21.963, 0.241962
-21.994, 0.059252
-22.024, -0.107426
-22.054, -0.253640
-22.085, -0.375538
-22.115, -0.469977
-22.145, -0.534613
-22.176, -0.568006
-22.206, -0.569638
-22.236, -0.539969
-22.267, -0.480402
-22.297, -0.393273
-22.328, -0.281776
-22.358, -0.149870
-22.388, -0.002175
-22.419, 0.156156
-22.449, 0.319601
-22.479, 0.482414
-22.510, 0.638795
-22.540, 0.783062
-22.570, 0.909810
-22.601, 1.014066
-22.631, 1.091446
-22.662, 1.138262
-22.692, 1.151643
-22.722, 1.129611
-22.753, 1.071142
-22.783, 0.976193
-22.813, 0.845703
-22.844, 0.681577
-22.874, 0.486620
-22.904, 0.264476
-22.935, 0.019517
-22.965, -0.243269
-22.995, -0.518410
-23.026, -0.800098
-23.056, -1.082342
-23.087, -1.359118
-23.117, -1.624528
-23.147, -1.872948
-23.178, -2.099161
-23.208, -2.298492
-23.238, -2.466904
-23.269, -2.601105
-23.299, -2.698603
-23.329, -2.757753
-23.360, -2.777794
-23.390, -2.758837
-23.421, -2.701849
-23.451, -2.608611
-23.481, -2.481653
-23.512, -2.324181
-23.542, -2.139975
-23.572, -1.933297
-23.603, -1.708766
-23.633, -1.471251
-23.663, -1.225742
-23.694, -0.977244
-23.724, -0.730653
-23.755, -0.495274
-23.785, -0.270875
-23.815, -0.061439
-23.846, 0.129499
-23.876, 0.298933
-23.906, 0.444418
-23.937, 0.564091
-23.967, 0.656699
-23.997, 0.721579
-24.028, 0.758658
-24.058, 0.768413
-24.089, 0.751840
-24.119, 0.710398
-24.149, 0.645968
-24.180, 0.560776
-24.210, 0.457346
-24.240, 0.338417
-24.271, 0.206895
-24.301, 0.065771
-24.331, -0.081924
-24.362, -0.233192
-24.392, -0.385106
-24.422, -0.534874
-24.453, -0.679867
-24.483, -0.817663
-24.514, -0.946075
-24.544, -1.063174
-24.574, -1.167307
-24.605, -1.257111
-24.635, -1.331514
-24.665, -1.389749
-24.696, -1.431342
-24.726, -1.456110
-24.756, -1.464158
-24.787, -1.455854
-24.817, -1.431832
-24.848, -1.392957
-24.878, -1.340322
-24.908, -1.275213
-24.939, -1.199096
-24.969, -1.113589
-24.999, -1.020429
-25.030, -0.921453
-25.060, -0.818559
-25.090, -0.713685
-25.121, -0.608758
-25.151, -0.505679
-25.182, -0.406280
-25.212, -0.312290
-25.242, -0.225304
-25.273, -0.146744
-25.303, -0.077842
-25.333, -0.019601
-25.364, 0.027224
-25.394, 0.062150
-25.424, 0.084968
-25.455, 0.095766
-25.485, 0.094922
-25.515, 0.083103
-25.546, 0.061252
-25.576, 0.030570
-25.607, -0.007512
-25.637, -0.051360
-25.667, -0.099180
-25.698, -0.149060
-25.728, -0.199020
-25.758, -0.247059
-25.789, -0.291214
-25.819, -0.329612
-25.849, -0.360516
-25.880, -0.382388
-25.910, -0.393924
-25.941, -0.394106
-25.971, -0.382226
-26.001, -0.357918
-26.032, -0.321181
-26.062, -0.272375
-26.092, -0.212225
-26.123, -0.141818
-26.153, -0.062560
-26.183, 0.023831
-26.214, 0.115392
-26.244, 0.209945
-26.275, 0.305156
-26.305, 0.398602
-26.335, 0.487837
-26.366, 0.570447
-26.396, 0.644129
-26.426, 0.706742
-26.457, 0.756384
-26.487, 0.791426
-26.517, 0.810573
-26.548, 0.812901
-26.578, 0.797877
-26.609, 0.765386
-26.639, 0.715729
-26.669, 0.649616
-26.700, 0.568161
-26.730, 0.472840
-26.760, 0.365453
-26.791, 0.248087
-26.821, 0.123050
-26.851, -0.007187
-26.882, -0.140055
-26.912, -0.272957
-26.942, -0.403332
-26.973, -0.528728
-27.003, -0.646862
-27.034, -0.755674
-27.064, -0.853380
-27.094, -0.938514
-27.125, -1.009959
-27.155, -1.066967
-27.185, -1.109165
-27.216, -1.136558
-27.246, -1.149520
-27.276, -1.148759
-27.307, -1.135291
-27.337, -1.110394
-27.368, -1.075566
-27.398, -1.032459
-27.428, -0.982825
-27.459, -0.928457
-27.489, -0.871125
-27.519, -0.812518
-27.550, -0.754186
-27.580, -0.697497
-27.610, -0.643579
-27.641, -0.593311
-27.671, -0.547264
-27.702, -0.505713
-27.732, -0.468624
-27.762, -0.435654
-27.793, -0.406172
-27.823, -0.379291
-27.853, -0.353886
-27.884, -0.328657
-27.914, -0.302166
-27.944, -0.272897
-27.975, -0.239307
-28.005, -0.199898
-28.035, -0.153262
-28.066, -0.098150
-28.096, -0.033512
-28.127, 0.041435
-28.157, 0.127190
-28.187, 0.223913
-28.218, 0.331424
-28.248, 0.449169
-28.278, 0.576227
-28.309, 0.711317
-28.339, 0.852820
-28.369, 0.998792
-28.400, 1.147022
-28.430, 1.295066
-28.461, 1.440299
-28.491, 1.579987
-28.521, 1.711336
-28.552, 1.831570
-28.582, 1.937999
-28.612, 2.028078
-28.643, 2.099483
-28.673, 2.150164
-28.703, 2.178413
-28.734, 2.182898
-28.764, 2.162714
-28.795, 2.117419
-28.825, 2.047047
-28.855, 1.952118
-28.886, 1.833653
-28.916, 1.693142
-28.946, 1.532543
-28.977, 1.354235
-29.007, 1.160982
-29.037, 0.955879
-29.068, 0.742298
-29.098, 0.523814
-29.129, 0.304142
-29.159, 0.087055
-29.189, -0.123685
-29.220, -0.324415
-29.250, -0.511640
-29.280, -0.682106
-29.311, -0.827293
-29.341, -0.950213
-29.371, -1.048727
-29.402, -1.121169
-29.432, -1.166390
-29.462, -1.183777
-29.493, -1.173262
-29.523, -1.135335
-29.554, -1.071025
-29.584, -0.981891
-29.614, -0.869969
-29.645, -0.737745
-29.675, -0.588097
-29.705, -0.424217
-29.736, -0.249573
-29.766, -0.067794
-29.796, 0.117387
-29.827, 0.302214
-29.857, 0.483008
-29.888, 0.656235
-29.918, 0.818592
-29.948, 0.967070
-29.979, 1.099046
-30.009, 1.212299
-30.039, 1.305096
-30.070, 1.376209
-30.100, 1.424932
-30.130, 1.451112
-30.161, 1.455121
-30.191, 1.437854
-30.222, 1.400696
-30.252, 1.345477
-30.282, 1.274414
-30.313, 1.190055
-30.343, 1.095198
-30.373, 0.992818
-30.404, 0.885976
-30.434, 0.777739
-30.464, 0.671089
-30.495, 0.568851
-30.525, 0.473598
-30.556, 0.387590
-30.586, 0.312712
-30.616, 0.250419
-30.647, 0.201700
-30.677, 0.167055
-30.707, 0.146485
-30.738, 0.139495
-30.768, 0.145111
-30.798, 0.161928
-30.829, 0.188143
-30.859, 0.221624
-30.889, 0.259977
-30.920, 0.300628
-30.950, 0.340912
-30.981, 0.378155
-31.011, 0.409766
-31.041, 0.433326
-31.072, 0.446668
-31.102, 0.447961
-31.132, 0.435753
-31.163, 0.409058
-31.193, 0.367365
-31.223, 0.310677
-31.254, 0.239519
-31.284, 0.154918
-31.315, 0.058388
-31.345, -0.048113
-31.375, -0.162247
-31.406, -0.281360
-31.436, -0.402566
-31.466, -0.522832
-31.497, -0.639083
-31.527, -0.748291
-31.557, -0.847579
-31.588, -0.934316
-31.618, -1.006206
-31.649, -1.061363
-31.679, -1.098373
-31.709, -1.116364
-31.740, -1.115012
-31.770, -1.094590
-31.800, -1.055935
-31.831, -1.000458
-31.861, -0.930071
-31.891, -0.847167
-31.922, -0.754505
-31.952, -0.655161
-31.982, -0.552407
-32.013, -0.449613
-32.043, -0.350135
-32.074, -0.257203
-32.104, -0.173807
-32.134, -0.102612
-32.165, -0.045833
-32.195, -0.005191
-32.225, 0.018181
-32.256, 0.023760
-32.286, 0.011678
-32.316, -0.017289
-32.347, -0.061725
-32.377, -0.119630
-32.408, -0.188459
-32.438, -0.265221
-32.468, -0.346560
-32.499, -0.428871
-32.529, -0.508421
-32.559, -0.581467
-32.590, -0.644398
-32.620, -0.693851
-32.650, -0.726832
-32.681, -0.740835
-32.711, -0.733938
-32.742, -0.704880
-32.772, -0.653114
-32.802, -0.578861
-32.833, -0.483106
-32.863, -0.367597
-32.893, -0.234804
-32.924, -0.087855
-32.954, 0.069542
-32.984, 0.233211
-33.015, 0.398627
-33.045, 0.561045
-33.076, 0.715661
-33.106, 0.857740
-33.136, 0.982792
-33.167, 1.086699
-33.197, 1.165861
-33.227, 1.217307
-33.258, 1.238823
-33.288, 1.229007
-33.318, 1.187354
-33.349, 1.114269
-33.379, 1.011089
-33.409, 0.880035
-33.440, 0.724190
-33.470, 0.547394
-33.501, 0.354150
-33.531, 0.149506
-33.561, -0.061101
-33.592, -0.271995
-33.622, -0.477425
-33.652, -0.671741
-33.683, -0.849562
-33.713, -1.005926
-33.743, -1.136457
-33.774, -1.237489
-33.804, -1.306175
-33.835, -1.340590
-33.865, -1.339769
-33.895, -1.303769
-33.926, -1.233641
-33.956, -1.131426
-33.986, -1.000079
-34.017, -0.843394
-34.047, -0.665886
-34.077, -0.472662
-34.108, -0.269258
-34.138, -0.061501
-34.169, 0.144693
-34.199, 0.343482
-34.229, 0.529261
-34.260, 0.696845
-34.290, 0.841608
-34.320, 0.959620
-34.351, 1.047758
-34.381, 1.103793
-34.411, 1.126451
-34.442, 1.115441
-34.472, 1.071450
-34.503, 0.996116
-34.533, 0.891973
-34.563, 0.762352
-34.594, 0.611285
-34.624, 0.443360
-34.654, 0.263583
-34.685, 0.077216
-34.715, -0.110381
-34.745, -0.293929
-34.776, -0.468374
-34.806, -0.629062
-34.836, -0.771849
-34.867, -0.899905
-34.897, -1.003817
-34.928, -1.081655
-34.958, -1.132352
-34.988, -1.155720
-35.019, -1.152447
-35.049, -1.124063
-35.079, -1.072869
-35.110, -1.001864
-35.140, -0.914624
-35.170, -0.815188
-35.201, -0.707920
-35.231, -0.597369
-35.262, -0.488108
-35.292, -0.384605
-35.322, -0.291069
-35.353, -0.211331
-35.383, -0.148718
-35.413, -0.105960
-35.444, -0.085119
-35.474, -0.087525
-35.504, -0.113748
-35.535, -0.163596
-35.565, -0.236129
-35.596, -0.329709
-35.626, -0.442046
-35.656, -0.570305
-35.687, -0.711177
-35.717, -0.861007
-35.747, -1.015903
-35.778, -1.171871
-35.808, -1.324910
-35.838, -1.471171
-35.869, -1.607026
-35.899, -1.729202
-35.929, -1.834845
-35.960, -1.921602
-35.990, -1.987662
-36.021, -2.031802
-36.051, -2.053380
-36.081, -2.052345
-36.112, -2.029194
-36.142, -1.984948
-36.172, -1.921075
-36.203, -1.839427
-36.233, -1.742165
-36.263, -1.631665
-36.294, -1.510427
-36.324, -1.380993
-36.355, -1.245862
-36.385, -1.107405
-36.415, -0.967798
-36.446, -0.828975
-36.476, -0.692564
-36.506, -0.559879
-36.537, -0.431890
-36.567, -0.309228
-36.597, -0.192205
-36.628, -0.080838
-36.658, 0.025114
-36.689, 0.126091
-36.719, 0.222688
-36.749, 0.315577
-36.780, 0.405466
-36.810, 0.493015
-36.840, 0.578793
-36.871, 0.663219
-36.901, 0.746523
-36.931, 0.828714
-36.962, 0.909556
-36.992, 0.988558
-37.023, 1.064993
-37.053, 1.137902
-37.083, 1.206131
-37.114, 1.268371
-37.144, 1.323220
-37.174, 1.369222
-37.205, 1.404950
-37.235, 1.429063
-37.265, 1.440374
-37.296, 1.437916
-37.326, 1.420991
-37.356, 1.389228
-37.387, 1.342617
-37.417, 1.281538
-37.448, 1.206772
-37.478, 1.119494
-37.508, 1.021275
-37.539, 0.914025
-37.569, 0.799977
-37.599, 0.681606
-37.630, 0.561579
-37.660, 0.442667
-37.690, 0.327677
-37.721, 0.219349
-37.751, 0.120300
-37.782, 0.032908
-37.812, -0.040732
-37.842, -0.098899
-37.873, -0.140287
-37.903, -0.164056
-37.933, -0.169856
-37.964, -0.157849
-37.994, -0.128691
-38.024, -0.083524
-38.055, -0.023937
-38.085, 0.048085
-38.116, 0.130221
-38.146, 0.219891
-38.176, 0.314339
-38.207, 0.410713
-38.237, 0.506169
-38.267, 0.597944
-38.298, 0.683456
-38.328, 0.760373
-38.358, 0.826691
-38.389, 0.880789
-38.419, 0.921474
-38.450, 0.948006
-38.480, 0.960124
-38.510, 0.958030
-38.541, 0.942381
-38.571, 0.914243
-38.601, 0.875055
-38.632, 0.826557
-38.662, 0.770731
-38.692, 0.709709
-38.723, 0.645705
-38.753, 0.580921
-38.783, 0.517471
-38.814, 0.457297
-38.844, 0.402105
-38.875, 0.353305
-38.905, 0.311955
-38.935, 0.278734
-38.966, 0.253922
-38.996, 0.237395
-39.026, 0.228640
-39.057, 0.226775
-39.087, 0.230602
-39.117, 0.238652
-39.148, 0.249254
-39.178, 0.260606
-39.209, 0.270856
-39.239, 0.278180
-39.269, 0.280861
-39.300, 0.277365
-39.330, 0.266412
-39.360, 0.247037
-39.391, 0.218633
-39.421, 0.180987
-39.451, 0.134311
-39.482, 0.079224
-39.512, 0.016767
-39.543, -0.051652
-39.573, -0.124278
-39.603, -0.199079
-39.634, -0.273808
-39.664, -0.346084
-39.694, -0.413463
-39.725, -0.473538
-39.755, -0.524017
-39.785, -0.562815
-39.816, -0.588116
-39.846, -0.598460
-39.876, -0.592785
-39.907, -0.570488
-39.937, -0.531428
-39.968, -0.475964
-39.998, -0.404935
-40.028, -0.319646
-40.059, -0.221822
-40.089, -0.113559
-40.119, 0.002735
-40.150, 0.124427
-40.180, 0.248745
-40.210, 0.372861
-40.241, 0.493987
-40.271, 0.609463
-40.302, 0.716854
-40.332, 0.814016
-40.362, 0.899172
-40.393, 0.970962
-40.423, 1.029724
-40.453, 1.073808
-40.484, 1.103296
-40.514, 1.118734
-40.544, 1.121124
-40.575, 1.111866
-40.605, 1.092699
-40.636, 1.065626
-40.666, 1.032835
-40.696, 0.996599
-40.727, 0.959186
-40.757, 0.922759
-40.787, 0.889286
-40.818, 0.860453
-40.848, 0.837587
-40.878, 0.821586
-40.909, 0.812883
-40.939, 0.811403
-40.970, 0.816560
-41.000, 0.827251
-41.030, 0.841898
-41.061, 0.858487
-41.091, 0.874623
-41.121, 0.887627
-41.152, 0.894617
-41.182, 0.892613
-41.212, 0.878659
-41.243, 0.849911
-41.273, 0.803786
-41.303, 0.738040
-41.334, 0.650891
-41.364, 0.541093
-41.395, 0.408022
-41.425, 0.251727
-41.455, 0.072970
-41.486, -0.126768
-41.516, -0.345283
-41.546, -0.579690
-41.577, -0.826466
-41.607, -1.081539
-41.637, -1.340361
-41.668, -1.598041
-41.698, -1.849448
-41.729, -2.089364
-41.759, -2.312610
-41.789, -2.514199
-41.820, -2.689459
-41.850, -2.834188
-41.880, -2.944751
-41.911, -3.018212
-41.941, -3.052405
-41.971, -3.046014
-42.002, -2.998617
-42.032, -2.910708
-42.063, -2.783693
-42.093, -2.619871
-42.123, -2.422368
-42.154, -2.195084
-42.184, -1.942573
-42.214, -1.669956
-42.245, -1.382776
-42.275, -1.086868
-42.305, -0.788212
-42.336, -0.492785
-42.366, -0.206419
-42.396, 0.065355
-42.427, 0.317415
-42.457, 0.545189
-42.488, 0.744749
-42.518, 0.912892
-42.548, 1.047213
-42.579, 1.146139
-42.609, 1.208951
-42.639, 1.235783
-42.670, 1.227590
-42.700, 1.186110
-42.730, 1.113784
-42.761, 1.013689
-42.791, 0.889428
-42.822, 0.745025
-42.852, 0.584819
-42.882, 0.413327
-42.913, 0.235132
-42.943, 0.054769
-42.973, -0.123397
-43.004, -0.295268
-43.034, -0.457106
-43.064, -0.605621
-43.095, -0.738020
-43.125, -0.852067
-43.156, -0.946106
-43.186, -1.019081
-43.216, -1.070530
-43.247, -1.100564
-43.277, -1.109843
-43.307, -1.099513
-43.338, -1.071170
-43.368, -1.026785
-43.398, -0.968622
-43.429, -0.899179
-43.459, -0.821099
-43.490, -0.737098
-43.520, -0.649893
-43.550, -0.562116
-43.581, -0.476272
-43.611, -0.394660
-43.641, -0.319345
-43.672, -0.252099
-43.702, -0.194396
-43.732, -0.147359
-43.763, -0.111782
-43.793, -0.088106
-43.823, -0.076427
-43.854, -0.076524
-43.884, -0.087860
-43.915, -0.109621
-43.945, -0.140740
-43.975, -0.179924
-44.006, -0.225703
-44.036, -0.276450
-44.066, -0.330426
-44.097, -0.385819
-44.127, -0.440763
-44.157, -0.493401
-44.188, -0.541892
-44.218, -0.584454
-44.249, -0.619393
-44.279, -0.645132
-44.309, -0.660234
-44.340, -0.663433
-44.370, -0.653654
-44.400, -0.630036
-44.431, -0.591955
-44.461, -0.539043
-44.491, -0.471198
-44.522, -0.388610
-44.552, -0.291765
-44.583, -0.181456
-44.613, -0.058781
-44.643, 0.074849
-44.674, 0.217713
-44.704, 0.367808
-44.734, 0.522856
-44.765, 0.680333
-44.795, 0.837494
-44.825, 0.991426
-44.856, 1.139089
-44.886, 1.277368
-44.917, 1.403132
-44.947, 1.513308
-44.977, 1.604942
-45.008, 1.675268
-45.038, 1.721789
-45.068, 1.742342
-45.099, 1.735163
-45.129, 1.698968
-45.159, 1.632974
-45.190, 1.536979
-45.220, 1.411377
-45.250, 1.257187
-45.281, 1.076059
-45.311, 0.870260
-45.342, 0.642663
-45.372, 0.396692
-45.402, 0.136276
-45.433, -0.134237
-45.463, -0.410143
-45.493, -0.686508
-45.524, -0.958256
-45.554, -1.220303
-45.584, -1.467658
-45.615, -1.695564
-45.645, -1.899615
-45.676, -2.075863
-45.706, -2.220932
-45.736, -2.332118
-45.767, -2.407455
-45.797, -2.445789
-45.827, -2.446812
-45.858, -2.411084
-45.888, -2.340039
-45.918, -2.235935
-45.949, -2.101832
-45.979, -1.935136
-46.010, -1.746598
-46.040, -1.541118
-46.070, -1.323982
-46.101, -1.100710
-46.131, -0.876922
-46.161, -0.658169
-46.192, -0.449791
-46.222, -0.256764
-46.252, -0.083567
-46.283, 0.065963
-46.313, 0.188718
-46.343, 0.282425
-46.374, 0.345708
-46.404, 0.378121
-46.435, 0.380171
-46.465, 0.353307
-46.495, 0.299858
-46.526, 0.222992
-46.556, 0.126607
-46.586, 0.015216
-46.617, -0.106186
-46.647, -0.232259
-46.677, -0.357491
-46.708, -0.476360
-46.738, -0.583495
-46.769, -0.673847
-46.799, -0.742831
-46.829, -0.786470
-46.860, -0.801525
-46.890, -0.785580
-46.920, -0.737122
-46.951, -0.655598
-46.981, -0.541420
-47.011, -0.395967
-47.042, -0.221535
-47.072, -0.021282
-47.103, 0.200869
-47.133, 0.440348
-47.163, 0.692071
-47.194, 0.950584
-47.224, 1.210229
-47.254, 1.465305
-47.285, 1.710237
-47.315, 1.939734
-47.345, 2.148940
-47.376, 2.333574
-47.406, 2.490044
-47.437, 2.615542
-47.467, 2.708122
-47.497, 2.766734
-47.528, 2.791247
-47.558, 2.782430
-47.588, 2.741915
-47.619, 2.672131
-47.649, 2.576208
-47.679, 2.457863
-47.710, 2.321284
-47.740, 2.170968
-47.770, 2.011593
-47.801, 1.847848
-47.831, 1.684288
-47.862, 1.525198
-47.892, 1.374448
-47.922, 1.235384
-47.953, 1.110735
-47.983, 1.002528
-48.013, 0.912057
-48.044, 0.839838
-48.074, 0.785632
-48.104, 0.748464
-48.135, 0.726691
-48.165, 0.718066
-48.196, 0.719843
-48.226, 0.728900
-48.256, 0.741857
-48.287, 0.755211
-48.317, 0.765486
-48.347, 0.769356
-48.378, 0.763787
-48.408, 0.746144
-48.438, 0.714310
-48.469, 0.666752
-48.499, 0.602609
-48.530, 0.521703
-48.560, 0.424567
-48.590, 0.312438
-48.621, 0.187205
-48.651, 0.051351
-48.681, -0.092125
-48.712, -0.239822
-48.742, -0.388052
-48.772, -0.532969
-48.803, -0.670711
-48.833, -0.797540
-48.864, -0.909972
-48.894, -1.004917
-48.924, -1.079791
-48.955, -1.132607
-48.985, -1.162074
-49.015, -1.167641
-49.046, -1.149530
-49.076, -1.108742
-49.106, -1.047035
-49.137, -0.966876
-49.167, -0.871365
-49.197, -0.764132
-49.228, -0.649229
-49.258, -0.530996
-49.289, -0.413903
-49.319, -0.302414
-49.349, -0.200817
-49.380, -0.113089
-49.410, -0.042742
-49.440, 0.007299
-49.471, 0.034815
-49.501, 0.038367
-49.531, 0.017382
-49.562, -0.027839
-49.592, -0.096085
-49.623, -0.185282
-49.653, -0.292531
-49.683, -0.414195
-49.714, -0.546004
-49.744, -0.683181
-49.774, -0.820602
-49.805, -0.952939
-49.835, -1.074851
-49.865, -1.181150
-49.896, -1.266970
-49.926, -1.327942
-49.957, -1.360344
-49.987, -1.361231
-50.017, -1.328560
-50.048, -1.261259
-50.078, -1.159302
-50.108, -1.023720
-50.139, -0.856603
-50.169, -0.661052
-50.199, -0.441124
-50.230, -0.201706
-50.260, 0.051596
-50.290, 0.312616
-50.321, 0.574805
-50.351, 0.831397
-50.382, 1.075631
-50.412, 1.300927
-50.442, 1.501084
-50.473, 1.670467
-50.503, 1.804179
-50.533, 1.898205
-50.564, 1.949537
-50.594, 1.956271
-50.624, 1.917683
-50.655, 1.834246
-50.685, 1.707631
-50.716, 1.540677
-50.746, 1.337319
-50.776, 1.102487
-50.807, 0.841965
-50.837, 0.562257
-50.867, 0.270394
-50.898, -0.026242
-50.928, -0.320124
-50.958, -0.603783
-50.989, -0.870003
-51.019, -1.112015
-51.050, -1.323672
-51.080, -1.499625
-51.110, -1.635438
-51.141, -1.727712
-51.171, -1.774163
-51.201, -1.773671
-51.232, -1.726296
-51.262, -1.633264
-51.292, -1.496916
-51.323, -1.320633
-51.353, -1.108728
-51.384, -0.866314
-51.414, -0.599165
-51.444, -0.313542
-51.475, -0.016021
-51.505, 0.286683
-51.535, 0.585438
-51.566, 0.876256
-51.596, 1.153063
-51.626, 1.410315
-51.657, 1.643130
-51.687, 1.847389
-51.717, 2.019824
-51.748, 2.158076
-51.778, 2.260713
-51.809, 2.327249
-51.839, 2.358105
-51.869, 2.354566
-51.900, 2.318702
-51.930, 2.253279
-51.960, 2.161649
-51.991, 2.047620
-52.021, 1.915334
-52.051, 1.769126
-52.082, 1.613384
-52.112, 1.452423
-52.143, 1.290363
-52.173, 1.131003
-52.203, 0.977738
-52.234, 0.833468
-52.264, 0.700546
-52.294, 0.580721
-52.325, 0.475136
-52.355, 0.384316
-52.385, 0.308190
-52.416, 0.246138
-52.446, 0.197032
-52.477, 0.159322
-52.507, 0.131105
-52.537, 0.110223
-52.568, 0.094351
-52.598, 0.081100
-52.628, 0.068108
-52.659, 0.053129
-52.689, 0.034124
-52.719, 0.009321
-52.750, -0.022714
-52.780, -0.063031
-52.811, -0.112268
-52.841, -0.170634
-52.871, -0.237908
-52.902, -0.313449
-52.932, -0.396232
-52.962, -0.484879
-52.993, -0.577724
-53.023, -0.672864
-53.053, -0.768229
-53.084, -0.861663
-53.114, -0.950974
-53.144, -1.034035
-53.175, -1.108833
-53.205, -1.173545
-53.236, -1.226579
-53.266, -1.266639
-53.296, -1.292743
-53.327, -1.304263
-53.357, -1.300931
-53.387, -1.282838
-53.418, -1.250428
-53.448, -1.204478
-53.478, -1.146066
-53.509, -1.076527
-53.539, -0.997414
-53.570, -0.910444
-53.600, -0.817446
-53.630, -0.720300
-53.661, -0.620895
-53.691, -0.521061
-53.721, -0.422534
-53.752, -0.326901
-53.782, -0.235583
-53.812, -0.149782
-53.843, -0.070481
-53.873, 0.001571
-53.904, 0.065876
-53.934, 0.122171
-53.964, 0.170406
-53.995, 0.210751
-54.025, 0.243547
-54.055, 0.269287
-54.086, 0.288590
-54.116, 0.302153
-54.146, 0.310727
-54.177, 0.315079
-54.207, 0.315958
-54.237, 0.314077
-54.268, 0.310078
-54.298, 0.304515
-54.329, 0.297837
-54.359, 0.290393
-54.389, 0.282406
-54.420, 0.273999
-54.450, 0.265180
-54.480, 0.255870
-54.511, 0.245908
-54.541, 0.235073
-54.571, 0.223102
-54.602, 0.209712
-54.632, 0.194617
-54.663, 0.177554
-54.693, 0.158293
-54.723, 0.136654
-54.754, 0.112521
-54.784, 0.085853
-54.814, 0.056682
-54.845, 0.025112
-54.875, -0.008674
-54.905, -0.044425
-54.936, -0.081843
-54.966, -0.120575
-54.997, -0.160247
-55.027, -0.200471
-55.057, -0.240850
-55.088, -0.281017
-55.118, -0.320628
-55.148, -0.359385
-55.179, -0.397048
-55.209, -0.433430
-55.239, -0.468411
-55.270, -0.501936
-55.300, -0.534006
-55.331, -0.564675
-55.361, -0.594043
-55.391, -0.622231
-55.422, -0.649386
-55.452, -0.675638
-55.482, -0.701100
-55.513, -0.725853
-55.543, -0.749915
-55.573, -0.773236
-55.604, -0.795685
-55.634, -0.817039
-55.664, -0.836978
-55.695, -0.855085
-55.725, -0.870844
-55.756, -0.883661
-55.786, -0.892856
-55.816, -0.897700
-55.847, -0.897425
-55.877, -0.891251
-55.907, -0.878411
-55.938, -0.858177
-55.968, -0.829892
-55.998, -0.793004
-56.029, -0.747078
-56.059, -0.691836
-56.090, -0.627172
-56.120, -0.553171
-56.150, -0.470120
-56.181, -0.378517
-56.211, -0.279071
-56.241, -0.172698
-56.272, -0.060511
-56.302, 0.056206
-56.332, 0.176003
-56.363, 0.297312
-56.393, 0.418469
-56.424, 0.537752
-56.454, 0.653424
-56.484, 0.763764
-56.515, 0.867121
-56.545, 0.961946
-56.575, 1.046826
-56.606, 1.120531
-56.636, 1.182033
-56.666, 1.230538
-56.697, 1.265505
-56.727, 1.286655
-56.757, 1.293984
-56.788, 1.287756
-56.818, 1.268503
-56.849, 1.237003
-56.879, 1.194259
-56.909, 1.141486
-56.940, 1.080062
-56.970, 1.011502
-57.000, 0.937421
-57.031, 0.859494
-57.061, 0.779406
-57.091, 0.696740
-57.122, 0.615190
-57.152, 0.536256
-57.183, 0.461323
-57.213, 0.391604
-57.243, 0.328145
-57.274, 0.271789
-57.304, 0.223166
-57.334, 0.182698
-57.365, 0.150595
-57.395, 0.126857
-57.425, 0.111297
-57.456, 0.103541
-57.486, 0.103070
-57.517, 0.109231
-57.547, 0.121263
-57.577, 0.138335
-57.608, 0.159569
-57.638, 0.184070
-57.668, 0.210950
-57.699, 0.239360
-57.729, 0.268509
-57.759, 0.297687
-57.790, 0.326272
-57.820, 0.353750
-57.851, 0.379718
-57.881, 0.403883
-57.911, 0.426073
-57.942, 0.446206
-57.972, 0.464306
-58.002, 0.480476
-58.033, 0.494882
-58.063, 0.507739
-58.093, 0.519291
-58.124, 0.529787
-58.154, 0.539471
-58.184, 0.548545
-58.215, 0.557177
-58.245, 0.565458
-58.276, 0.573413
-58.306, 0.580972
-58.336, 0.587986
-58.367, 0.594202
-58.397, 0.599277
-58.427, 0.602778
-58.458, 0.604197
-58.488, 0.602952
-58.518, 0.598413
-58.549, 0.589908
-58.579, 0.576753
-58.610, 0.558265
-58.640, 0.533789
-58.670, 0.502712
-58.701, 0.464499
-58.731, 0.418695
-58.761, 0.364962
-58.792, 0.303084
-58.822, 0.232998
-58.852, 0.154783
-58.883, 0.068693
-58.913, -0.024859
-58.944, -0.125277
-58.974, -0.231798
-59.004, -0.343493
-59.035, -0.459277
-59.065, -0.577916
-59.095, -0.698054
-59.126, -0.818215
-59.156, -0.936845
-59.186, -1.052313
-59.217, -1.162963
-59.247, -1.267116
-59.278, -1.363121
-59.308, -1.449367
-59.338, -1.524322
-59.369, -1.586556
-59.399, -1.634787
-59.429, -1.667868
-59.460, -1.684856
-59.490, -1.685010
-59.520, -1.667810
-59.551, -1.632980
-59.581, -1.580496
-59.611, -1.510592
-59.642, -1.423772
-59.672, -1.320794
-59.703, -1.202675
-59.733, -1.070678
-59.763, -0.926297
-59.794, -0.771231
-59.824, -0.607368
-59.854, -0.436746
-59.885, -0.261536
-59.915, -0.083990
-59.945, 0.093588
-59.976, 0.268881
-60.006, 0.439606
-60.037, 0.603550
-60.067, 0.758611
-60.097, 0.902845
-60.128, 1.034488
-60.158, 1.152007
-60.188, 1.254120
-60.219, 1.339820
-60.249, 1.408400
-60.279, 1.459469
-60.310, 1.492949
-60.340, 1.509092
-60.371, 1.508452
-60.401, 1.491891
-60.431, 1.460557
-60.462, 1.415840
-60.492, 1.359361
-60.522, 1.292925
-60.553, 1.218477
-60.583, 1.138061
-60.613, 1.053771
-60.644, 0.967699
-60.674, 0.881890
-60.704, 0.798291
-60.735, 0.718706
-60.765, 0.644758
-60.796, 0.577840
-60.826, 0.519107
-60.856, 0.469418
-60.887, 0.429347
-60.917, 0.399163
-60.947, 0.378823
-60.978, 0.367980
-61.008, 0.366014
-61.038, 0.372029
-61.069, 0.384898
-61.099, 0.403292
-61.130, 0.425727
-61.160, 0.450601
-61.190, 0.476248
-61.221, 0.500984
-61.251, 0.523156
-61.281, 0.541193
-61.312, 0.553653
-61.342, 0.559249
-61.372, 0.556911
-61.403, 0.545801
-61.433, 0.525323
-61.464, 0.495173
-61.494, 0.455314
-61.524, 0.405982
-61.555, 0.347696
-61.585, 0.281216
-61.615, 0.207529
-61.646, 0.127823
-61.676, 0.043437
-61.706, -0.044164
-61.737, -0.133446
-61.767, -0.222847
-61.798, -0.310826
-61.828, -0.395895
-61.858, -0.476682
-61.889, -0.551952
-61.919, -0.620652
-61.949, -0.681930
-61.980, -0.735162
-62.010, -0.779960
-62.040, -0.816180
-62.071, -0.843920
-62.101, -0.863506
-62.131, -0.875478
-62.162, -0.880565
-62.192, -0.879652
-62.223, -0.873749
-62.253, -0.863949
-62.283, -0.851388
-62.314, -0.837210
-62.344, -0.822509
-62.374, -0.808315
-62.405, -0.795530
-62.435, -0.784921
-62.465, -0.777077
-62.496, -0.772405
-62.526, -0.771099
-62.557, -0.773146
-62.587, -0.778329
-62.617, -0.786240
-62.648, -0.802205
-62.678, -0.819551
-62.708, -0.837404
-62.739, -0.854794
-62.769, -0.870699
-62.799, -0.884081
-62.830, -0.893929
-62.860, -0.899293
-62.891, -0.899336
-62.921, -0.893364
-62.951, -0.880840
-62.982, -0.861446
-63.012, -0.835068
-63.042, -0.801833
-63.073, -0.762098
-63.103, -0.716462
-63.133, -0.665740
-63.164, -0.610969
-63.194, -0.553355
-63.225, -0.494271
-63.255, -0.435199
-63.285, -0.377713
-63.316, -0.323411
-63.346, -0.273894
-63.376, -0.230706
-63.407, -0.195300
-63.437, -0.168991
-63.467, -0.152923
-63.498, -0.148029
-63.528, -0.155008
-63.558, -0.174308
-63.589, -0.206103
-63.619, -0.250284
-63.650, -0.306470
-63.680, -0.374004
-63.710, -0.451973
-63.741, -0.539222
-63.771, -0.634390
-63.801, -0.735927
-63.832, -0.842141
-63.862, -0.951228
-63.892, -1.061314
-63.923, -1.170489
-63.953, -1.276861
-63.984, -1.378580
-64.014, -1.473874
-64.044, -1.561092
-64.075, -1.638723
-64.105, -1.705429
-64.135, -1.760052
-64.166, -1.801640
-64.196, -1.829455
-64.226, -1.842970
-64.257, -1.841873
-64.287, -1.826071
-64.318, -1.795667
-64.348, -1.750961
-64.378, -1.692428
-64.409, -1.620705
-64.439, -1.536572
-64.469, -1.440936
-64.500, -1.334812
-64.530, -1.219305
-64.560, -1.095587
-64.591, -0.964890
-64.621, -0.828482
-64.651, -0.687658
-64.682, -0.543727
-64.712, -0.397997
-64.743, -0.251767
-64.773, -0.106321
-64.803, 0.037092
-64.834, 0.177249
-64.864, 0.312977
-64.894, 0.443160
-64.925, 0.566734
-64.955, 0.682713
-64.985, 0.790190
-65.016, 0.888347
-65.046, 0.976474
-65.077, 1.053971
-65.107, 1.120358
-65.137, 1.175296
-65.168, 1.218586
-65.198, 1.250184
-65.228, 1.270200
-65.259, 1.278911
-65.289, 1.276756
-65.319, 1.264328
-65.350, 1.242385
-65.380, 1.211824
-65.411, 1.173671
-65.441, 1.129068
-65.471, 1.079238
-65.502, 1.025476
-65.532, 0.969107
-65.562, 0.911462
-65.593, 0.853833
-65.623, 0.797459
-65.653, 0.743465
-65.684, 0.692855
-65.714, 0.646466
-65.745, 0.604941
-65.775, 0.568715
-65.805, 0.537987
-65.836, 0.512715
-65.866, 0.492613
-65.896, 0.477150
-65.927, 0.465561
-65.957, 0.456870
-65.987, 0.449912
-66.018, 0.443373
-66.048, 0.435820
-66.078, 0.425758
-66.109, 0.411674
-66.139, 0.392086
-66.170, 0.365607
-66.200, 0.330993
-66.230, 0.287193
-66.261, 0.233402
-66.291, 0.169104
-66.321, 0.094106
-66.352, 0.008563
-66.382, -0.086994
-66.412, -0.191664
-66.443, -0.304166
-66.473, -0.422862
-66.504, -0.545782
-66.534, -0.670661
-66.564, -0.794984
-66.595, -0.916051
-66.625, -1.031035
-66.655, -1.137054
-66.686, -1.231252
-66.716, -1.310874
-66.746, -1.373345
-66.777, -1.416346
-66.807, -1.437885
-66.838, -1.436368
-66.868, -1.410647
-66.898, -1.360069
-66.929, -1.284511
-66.959, -1.184407
-66.989, -1.060734
-67.020, -0.915030
-67.050, -0.749347
-67.080, -0.566231
-67.111, -0.368659
-67.141, -0.159980
-67.172, 0.056161
-67.202, 0.275902
-67.232, 0.495262
-67.263, 0.710226
-67.293, 0.916854
-67.323, 1.111360
-67.354, 1.290211
-67.384, 1.450221
-67.414, 1.588616
-67.445, 1.703098
-67.475, 1.791914
-67.505, 1.853877
-67.536, 1.888409
-67.566, 1.895530
-67.597, 1.875871
-67.627, 1.830637
-67.657, 1.761576
-67.688, 1.670919
-67.718, 1.561331
-67.748, 1.435821
-67.779, 1.297670
-67.809, 1.150334
-67.839, 0.997365
-67.870, 0.842304
-67.900, 0.688599
-67.931, 0.539519
-67.961, 0.398072
-67.991, 0.266928
-68.022, 0.148382
-68.052, 0.044283
-68.082, -0.043991
-68.113, -0.115547
-68.143, -0.169990
-68.173, -0.207412
-68.204, -0.218646
-68.234, -0.214398
-68.265, -0.196035
-68.295, -0.165252
-68.325, -0.124007
-68.356, -0.074453
-68.386, -0.018867
-68.416, 0.040421
-68.447, 0.101109
-68.477, 0.160976
-68.507, 0.217955
-68.538, 0.270187
-68.568, 0.316066
-68.598, 0.354273
-68.629, 0.383804
-68.659, 0.403993
-68.690, 0.414494
-68.720, 0.415299
-68.750, 0.406698
-68.781, 0.389271
-68.811, 0.363836
-68.841, 0.331420
-68.872, 0.293204
-68.902, 0.250481
-68.932, 0.204596
-68.963, 0.156904
-68.993, 0.108722
-69.024, 0.061274
-69.054, 0.015667
-69.084, -0.027142
-69.115, -0.066388
-69.145, -0.101487
-69.175, -0.132065
-69.206, -0.157948
-69.236, -0.179151
-69.266, -0.195867
-69.297, -0.208438
-69.327, -0.217331
-69.358, -0.223101
-69.388, -0.226358
-69.418, -0.227728
-69.449, -0.227814
-69.479, -0.227170
-69.509, -0.226261
-69.540, -0.225439
-69.570, -0.224923
-69.600, -0.224781
-69.631, -0.224927
-69.661, -0.225118
-69.692, -0.224969
-69.722, -0.223953
-69.752, -0.221442
-69.783, -0.216719
-69.813, -0.209020
-69.843, -0.197565
-69.874, -0.181605
-69.904, -0.160450
-69.934, -0.133519
-69.965, -0.100367
-69.995, -0.060725
-70.025, -0.014522
-70.056, 0.038086
-70.086, 0.096712
-70.117, 0.160732
-70.147, 0.229272
-70.177, 0.301238
-70.208, 0.375330
-70.238, 0.450064
-70.268, 0.523817
-70.299, 0.594861
-70.329, 0.661417
-70.359, 0.721696
-70.390, 0.773966
-70.420, 0.816592
-70.451, 0.848099
-70.481, 0.867211
-70.511, 0.872906
-70.542, 0.864445
-70.572, 0.841410
-70.602, 0.803731
-70.633, 0.751681
-70.663, 0.685897
-70.693, 0.607369
-70.724, 0.517415
-70.754, 0.417658
-70.785, 0.309997
-70.815, 0.196547
-70.845, 0.079600
-70.876, -0.038439
-70.906, -0.155114
-70.936, -0.267978
-70.967, -0.374658
-70.997, -0.472926
-71.027, -0.560740
-71.058, -0.636322
-71.088, -0.698180
-71.118, -0.745175
-71.149, -0.776534
-71.179, -0.791864
-71.210, -0.791185
-71.240, -0.774912
-71.270, -0.743842
-71.301, -0.699139
-71.331, -0.642300
-71.361, -0.575106
-71.392, -0.499585
-71.422, -0.417936
-71.452, -0.332492
-71.483, -0.245643
-71.513, -0.159768
-71.544, -0.077176
-71.574, -0.000050
-71.604, 0.069628
-71.635, 0.130109
-71.665, 0.179939
-71.695, 0.217985
-71.726, 0.243466
-71.756, 0.255972
-71.786, 0.255465
-71.817, 0.242284
-71.847, 0.217122
-71.878, 0.181000
-71.908, 0.135247
-71.938, 0.081450
-71.969, 0.021397
-71.999, -0.042958
-72.029, -0.109563
-72.060, -0.176339
-72.090, -0.241219
-72.120, -0.302224
-72.151, -0.357513
-72.181, -0.405443
-72.212, -0.444599
-72.242, -0.473861
-72.272, -0.492408
-72.303, -0.499762
-72.333, -0.495790
-72.363, -0.480708
-72.394, -0.455088
-72.424, -0.419824
-72.454, -0.376118
-72.485, -0.325440
-72.515, -0.269497
-72.545, -0.210175
-72.576, -0.149486
-72.606, -0.089525
-72.637, -0.032392
-72.667, 0.019852
-72.697, 0.065256
-72.728, 0.102027
-72.758, 0.128585
-72.788, 0.143610
-72.819, 0.146090
-72.849, 0.135339
-72.879, 0.111031
-72.910, 0.073223
-72.940, 0.022346
-72.971, -0.040786
-73.001, -0.115000
-73.031, -0.198778
-73.062, -0.290287
-73.092, -0.387441
-73.122, -0.487913
-73.153, -0.589216
-73.183, -0.688756
-73.213, -0.783879
-73.244, -0.871958
-73.274, -0.950439
-73.305, -1.016911
-73.335, -1.069172
-73.365, -1.105281
-73.396, -1.123603
-73.426, -1.122871
-73.456, -1.102204
-73.487, -1.061146
-73.517, -0.999685
-73.547, -0.918264
-73.578, -0.817767
-73.608, -0.699516
-73.639, -0.565257
-73.669, -0.417109
-73.699, -0.257538
-73.730, -0.089307
-73.760, 0.081962
-73.790, 0.255727
-73.821, 0.428712
-73.851, 0.597598
-73.881, 0.759107
-73.912, 0.910055
-73.942, 1.047444
-73.972, 1.168508
-74.003, 1.270779
-74.033, 1.352148
-74.064, 1.410907
-74.094, 1.445788
-74.124, 1.455986
-74.155, 1.441180
-74.185, 1.401548
-74.215, 1.337752
-74.246, 1.250931
-74.276, 1.142665
-74.306, 1.014953
-74.337, 0.870159
-74.367, 0.710969
-74.398, 0.540321
-74.428, 0.361353
-74.458, 0.177323
-74.489, -0.008452
-74.519, -0.192658
-74.549, -0.372087
-74.580, -0.543656
-74.610, -0.704499
-74.640, -0.852021
-74.671, -0.983930
-74.701, -1.098292
-74.732, -1.193552
-74.762, -1.268564
-74.792, -1.322596
-74.823, -1.355326
-74.853, -1.366849
-74.883, -1.357641
-74.914, -1.328541
-74.944, -1.280726
-74.974, -1.215646
-75.005, -1.134995
-75.035, -1.040667
-75.065, -0.934682
-75.096, -0.819151
-75.126, -0.696220
-75.157, -0.568012
-75.187, -0.436593
-75.217, -0.303923
-75.248, -0.171820
-75.278, -0.041933
-75.308, 0.084278
-75.339, 0.205558
-75.369, 0.320865
-75.399, 0.429369
-75.430, 0.530439
-75.460, 0.623633
-75.491, 0.708677
-75.521, 0.785444
-75.551, 0.853920
-75.582, 0.914177
-75.612, 0.966349
-75.642, 1.010594
-75.673, 1.047066
-75.703, 1.075900
-75.733, 1.097188
-75.764, 1.110951
-75.794, 1.117160
-75.825, 1.115696
-75.855, 1.106386
-75.885, 1.088988
-75.916, 1.063227
-75.946, 1.028804
-75.976, 0.985427
-76.007, 0.932837
-76.037, 0.870846
-76.067, 0.799364
-76.098, 0.718439
-76.128, 0.628280
-76.159, 0.529291
-76.189, 0.422089
-76.219, 0.307527
-76.250, 0.186699
-76.280, 0.060941
-76.310, -0.068169
-76.341, -0.198837
-76.371, -0.329060
-76.401, -0.456682
-76.432, -0.579419
-76.462, -0.694908
-76.492, -0.800780
-76.523, -0.894694
-76.553, -0.974418
-76.584, -1.037876
-76.614, -1.083244
-76.644, -1.108964
-76.675, -1.113839
-76.705, -1.097062
-76.735, -1.058262
-76.766, -0.997533
-76.796, -0.915465
-76.826, -0.813133
-76.857, -0.692096
-76.887, -0.554393
-76.918, -0.402496
-76.948, -0.239266
-76.978, -0.067901
-77.009, 0.108135
-77.039, 0.285185
-77.069, 0.459487
-77.100, 0.627262
-77.130, 0.784809
-77.160, 0.928584
-77.191, 1.055311
-77.221, 1.162043
-77.252, 1.246264
-77.282, 1.305929
-77.312, 1.339550
-77.343, 1.346217
-77.373, 1.325644
-77.403, 1.278159
-77.434, 1.204722
-77.464, 1.106898
-77.494, 0.986820
-77.525, 0.847130
-77.555, 0.690936
-77.586, 0.521713
-77.616, 0.343228
-77.646, 0.159433
-77.677, -0.025609
-77.707, -0.207866
-77.737, -0.383400
-77.768, -0.548501
-77.798, -0.699745
-77.828, -0.834117
-77.859, -0.949052
-77.889, -1.042525
-77.919, -1.113068
-77.950, -1.159829
-77.980, -1.182563
-78.011, -1.181648
-78.041, -1.158056
-78.071, -1.113311
-78.102, -1.049451
-78.132, -0.968956
-78.162, -0.874676
-78.193, -0.769734
-78.223, -0.657446
-78.253, -0.541219
-78.284, -0.424455
-78.314, -0.310439
-78.345, -0.202279
-78.375, -0.102782
-78.405, -0.014398
-78.436, 0.060836
-78.466, 0.121376
-78.496, 0.166179
-78.527, 0.194750
-78.557, 0.207125
-78.587, 0.203878
-78.618, 0.186082
-78.648, 0.155280
-78.679, 0.113421
-78.709, 0.062794
-78.739, 0.005960
-78.770, -0.054336
-78.800, -0.115251
-78.830, -0.173934
-78.861, -0.227617
-78.891, -0.273701
-78.921, -0.309825
-78.952, -0.333952
-78.982, -0.344425
-79.012, -0.340006
-79.043, -0.319937
-79.073, -0.283923
-79.104, -0.232187
-79.134, -0.165410
-79.164, -0.084753
-79.195, 0.008209
-79.225, 0.111525
-79.255, 0.222926
-79.286, 0.339902
-79.316, 0.455658
-79.346, 0.571532
-79.377, 0.684756
-79.407, 0.792623
-79.438, 0.892585
-79.468, 0.982318
-79.498, 1.059804
-79.529, 1.123360
-79.559, 1.171711
-79.589, 1.203996
-79.620, 1.219823
-79.650, 1.219232
-79.680, 1.202723
-79.711, 1.171217
-79.741, 1.126024
-79.772, 1.068802
-79.802, 1.001500
-79.832, 0.926281
-79.863, 0.845480
-79.893, 0.761496
-79.923, 0.676745
-79.954, 0.593569
-79.984, 0.514167
-80.014, 0.440526
-80.045, 0.374370
-80.075, 0.317097
-80.106, 0.269749
-80.136, 0.232978
-80.166, 0.207035
-80.197, 0.191752
-80.227, 0.186580
-80.257, 0.190586
-80.288, 0.202499
-80.318, 0.220751
-80.348, 0.243536
-80.379, 0.268869
-80.409, 0.294649
-80.439, 0.318740
-80.470, 0.339030
-80.500, 0.353518
-80.531, 0.360360
-80.561, 0.357957
-80.591, 0.344977
-80.622, 0.320432
-80.652, 0.283693
-80.682, 0.234521
-80.713, 0.173081
-80.743, 0.099930
-80.773, 0.016010
-80.804, -0.077377
-80.834, -0.178610
-80.865, -0.285797
-80.895, -0.396826
-80.925, -0.509439
-80.956, -0.621285
-80.986, -0.730008
-81.016, -0.833297
-81.047, -0.928986
-81.077, -1.015087
-81.107, -1.089870
-81.138, -1.151913
-81.168, -1.200140
-81.199, -1.233859
-81.229, -1.252767
-81.259, -1.256983
-81.290, -1.247015
-81.320, -1.223767
-81.350, -1.188499
-81.381, -1.142773
-81.411, -1.088429
-81.441, -1.027505
-81.472, -0.962184
-81.502, -0.894715
-81.533, -0.827345
-81.563, -0.762257
-81.593, -0.701490
-81.624, -0.646875
-81.654, -0.599974
-81.684, -0.562045
-81.715, -0.533993
-81.745, -0.516336
-81.775, -0.509205
-81.806, -0.512332
-81.836, -0.525060
-81.866, -0.546367
-81.897, -0.574909
-81.927, -0.609055
-81.958, -0.646949
-81.988, -0.686570
-82.018, -0.725806
-82.049, -0.762522
-82.079, -0.794637
-82.109, -0.820187
-82.140, -0.837409
-82.170, -0.844789
-82.200, -0.841127
-82.231, -0.825573
-82.261, -0.797669
-82.292, -0.757357
-82.322, -0.705005
-82.352, -0.641379
-82.383, -0.567637
-82.413, -0.485298
-82.443, -0.396182
-82.474, -0.302365
-82.504, -0.206111
-82.534, -0.109811
-82.565, -0.015883
-82.595, 0.073283
-82.626, 0.155417
-82.656, 0.228431
-82.686, 0.290506
-82.717, 0.340130
-82.747, 0.376166
-82.777, 0.397885
-82.808, 0.404980
-82.838, 0.397605
-82.868, 0.376336
-82.899, 0.342177
-82.929, 0.296518
-82.959, 0.241086
-82.990, 0.177889
-83.020, 0.109146
-83.051, 0.037214
-83.081, -0.035500
-83.111, -0.106618
-83.142, -0.173879
-83.172, -0.235217
-83.202, -0.288833
-83.233, -0.333264
-83.263, -0.367437
-83.293, -0.390704
-83.324, -0.402871
-83.354, -0.404209
-83.385, -0.395432
-83.415, -0.377694
-83.445, -0.352522
-83.476, -0.321782
-83.506, -0.287578
-83.536, -0.252206
-83.567, -0.218029
-83.597, -0.187396
-83.627, -0.162545
-83.658, -0.145489
-83.688, -0.137930
-83.719, -0.141184
-83.749, -0.156081
-83.779, -0.182927
-83.810, -0.221452
-83.840, -0.270780
-83.870, -0.329441
-83.901, -0.395374
-83.931, -0.465977
-83.961, -0.538169
-83.992, -0.608468
-84.022, -0.673091
-84.053, -0.728073
-84.083, -0.769398
-84.113, -0.793126
-84.144, -0.795538
-84.174, -0.773281
-84.204, -0.723495
-84.235, -0.643947
-84.265, -0.533141
-84.295, -0.390402
-84.326, -0.215970
-84.356, -0.011026
-84.386, 0.222273
-84.417, 0.480816
-84.447, 0.760556
-84.478, 1.056601
-84.508, 1.363291
-84.538, 1.674337
-84.569, 1.982955
-84.599, 2.282039
-84.629, 2.564346
-84.660, 2.822688
-84.690, 3.050125
-84.720, 3.240175
-84.751, 3.386995
-84.781, 3.485568
-84.812, 3.531869
-84.842, 3.522997
-84.872, 3.461373
-84.903, 3.342576
-84.933, 3.167630
-84.963, 2.938944
-84.994, 2.660265
-85.024, 2.336633
-85.054, 1.974255
-85.085, 1.580389
-85.115, 1.163166
-85.146, 0.731397
-85.176, 0.294352
-85.206, -0.138464
-85.237, -0.557563
-85.267, -0.953710
-85.297, -1.318170
-85.328, -1.642938
-85.358, -1.920948
-85.388, -2.146259
-85.419, -2.314232
-85.449, -2.421622
-85.479, -2.466706
-85.510, -2.449302
-85.540, -2.370779
-85.571, -2.234031
-85.601, -2.043390
-85.631, -1.804501
-85.662, -1.524189
-85.692, -1.210251
-85.722, -0.871259
-85.753, -0.516321
-85.783, -0.154836
-85.813, 0.203757
-85.844, 0.550235
-85.874, 0.875830
-85.905, 1.172464
-85.935, 1.432952
-85.965, 1.651190
-85.996, 1.822298
-86.026, 1.942734
-86.056, 2.010369
-86.087, 2.024526
-86.117, 1.985959
-86.147, 1.896811
-86.178, 1.760530
-86.208, 1.581736
-86.239, 1.366077
-86.269, 1.120036
-86.299, 0.850735
-86.330, 0.565728
-86.360, 0.272757
-86.390, -0.020455
-86.421, -0.306432
-86.451, -0.578145
-86.481, -0.829205
-86.512, -1.054016
-86.542, -1.247926
-86.573, -1.407311
-86.603, -1.529655
-86.633, -1.613576
-86.664, -1.658826
-86.694, -1.666249
-86.724, -1.637709
-86.755, -1.575988
-86.785, -1.484662
-86.815, -1.367937
-86.846, -1.230511
-86.876, -1.077374
-86.906, -0.913640
-86.937, -0.744377
-86.967, -0.574429
-86.998, -0.408268
-87.028, -0.249864
-87.058, -0.102556
-87.089, 0.031015
-87.119, 0.148978
-87.149, 0.250253
-87.180, 0.334549
-87.210, 0.402336
-87.240, 0.454780
-87.271, 0.493667
-87.301, 0.521292
-87.332, 0.540337
-87.362, 0.553742
-87.392, 0.564560
-87.423, 0.575809
-87.453, 0.590349
-87.483, 0.610732
-87.514, 0.639100
-87.544, 0.677087
-87.574, 0.725732
-87.605, 0.785436
-87.635, 0.855936
-87.666, 0.936299
-87.696, 1.024957
-87.726, 1.119754
-87.757, 1.218029
-87.787, 1.316706
-87.817, 1.412417
-87.848, 1.501626
-87.878, 1.580757
-87.908, 1.646346
-87.939, 1.695162
-87.969, 1.724345
-88.000, 1.731516
-88.030, 1.714886
-88.060, 1.673322
-88.091, 1.606417
-88.121, 1.514512
-88.151, 1.398696
-88.182, 1.260800
-88.212, 1.103330
-88.242, 0.929401
-88.273, 0.742637
-88.303, 0.547062
-88.333, 0.346970
-88.364, 0.146771
-88.394, -0.049141
-88.425, -0.236532
-88.455, -0.411480
-88.485, -0.570499
-88.516, -0.710652
-88.546, -0.829655
-88.576, -0.925946
-88.607, -0.998738
-88.637, -1.048037
-88.667, -1.074640
-88.698, -1.080103
-88.728, -1.066671
-88.759, -1.037211
-88.789, -0.995087
-88.819, -0.944044
-88.850, -0.888072
-88.880, -0.831255
-88.910, -0.777619
-88.941, -0.730993
-88.971, -0.694848
-89.001, -0.672189
-89.032, -0.665423
-89.062, -0.676283
-89.093, -0.705744
-89.123, -0.753991
-89.153, -0.820407
-89.184, -0.903581
-89.214, -1.001357
-89.244, -1.110904
-89.275, -1.228812
-89.305, -1.351207
-89.335, -1.473882
-89.366, -1.592456
-89.396, -1.702514
-89.426, -1.799771
-89.457, -1.880224
-89.487, -1.940299
-89.518, -1.976976
-89.548, -1.987907
-89.578, -1.971503
-89.609, -1.926999
-89.639, -1.854492
-89.669, -1.754947
-89.700, -1.630174
-89.730, -1.482780
-89.760, -1.316086
-89.791, -1.134023
-89.821, -0.941016
-89.852, -0.741835
-89.882, -0.541444
-89.912, -0.344845
-89.943, -0.156908
-89.973, 0.017771
-90.003, 0.175035
-90.034, 0.311274
-90.064, 0.423569
-90.094, 0.509746
-90.125, 0.568469
-90.155, 0.599259
-90.186, 0.602498
-90.216, 0.579416
-90.246, 0.532024
-90.277, 0.463044
-90.307, 0.375807
-90.337, 0.274114
-90.368, 0.162116
-90.398, 0.044151
-90.428, -0.077590
-90.459, -0.196663
-90.489, -0.309070
-90.520, -0.411238
-90.550, -0.500098
-90.580, -0.573228
-90.611, -0.628898
-90.641, -0.666151
-90.671, -0.684796
-90.702, -0.685429
-90.732, -0.669375
-90.762, -0.638639
-90.793, -0.595813
-90.823, -0.543965
-90.853, -0.486508
-90.884, -0.427072
-90.914, -0.369332
-90.945, -0.316878
-90.975, -0.273049
-91.005, -0.240800
-91.036, -0.222575
-91.066, -0.220195
-91.096, -0.234771
-91.127, -0.266655
-91.157, -0.315389
-91.187, -0.379718
-91.218, -0.457607
-91.248, -0.546313
-91.279, -0.642448
-91.309, -0.742110
-91.339, -0.840996
-91.370, -0.934563
-91.400, -1.018176
-91.430, -1.087278
-91.461, -1.137556
-91.491, -1.165096
-91.521, -1.166535
-91.552, -1.139193
-91.582, -1.081195
-91.613, -0.991522
-91.643, -0.870114
-91.673, -0.717876
-91.704, -0.536655
-91.734, -0.329246
-91.764, -0.099282
-91.795, 0.148833
-91.825, 0.410059
-91.855, 0.678859
-91.886, 0.949367
-91.916, 1.215548
-91.947, 1.471385
-91.977, 1.711060
-92.007, 1.929122
-92.038, 2.120652
-92.068, 2.281402
-92.098, 2.407924
-92.129, 2.497670
-92.159, 2.549047
-92.189, 2.561477
-92.220, 2.535379
-92.250, 2.472162
-92.280, 2.374158
-92.311, 2.244543
-92.341, 2.087218
-92.372, 1.906678
-92.402, 1.707872
-92.432, 1.496020
-92.463, 1.276468
-92.493, 1.054509
-92.523, 0.835211
-92.554, 0.623290
-92.584, 0.422947
-92.614, 0.237774
-92.645, 0.070640
-92.675, -0.076342
-92.706, -0.201882
-92.736, -0.305493
-92.766, -0.387487
-92.797, -0.448907
-92.827, -0.491457
-92.857, -0.517397
-92.888, -0.529429
-92.918, -0.530559
-92.948, -0.523949
-92.979, -0.512788
-93.009, -0.500131
-93.040, -0.488780
-93.070, -0.481136
-93.100, -0.479128
-93.131, -0.484087
-93.161, -0.496729
-93.191, -0.517098
-93.222, -0.544549
-93.252, -0.577802
-93.282, -0.614970
-93.313, -0.653645
-93.343, -0.690999
-93.373, -0.723889
-93.404, -0.749002
-93.434, -0.762997
-93.465, -0.762644
-93.495, -0.744980
-93.525, -0.707444
-93.556, -0.647996
-93.586, -0.565245
-93.616, -0.458526
-93.647, -0.327959
-93.677, -0.174507
-93.707, 0.000043
-93.738, 0.193081
-93.768, 0.401243
-93.799, 0.620475
-93.829, 0.846165
-93.859, 1.073239
-93.890, 1.296345
-93.920, 1.509985
-93.950, 1.708704
-93.981, 1.887248
-94.011, 2.040741
-94.041, 2.164846
-94.072, 2.255902
-94.102, 2.311049
-94.133, 2.328332
-94.163, 2.306783
-94.193, 2.246434
-94.224, 2.148351
-94.254, 2.014613
-94.284, 1.848239
-94.315, 1.653120
-94.345, 1.433885
-94.375, 1.195790
-94.406, 0.944544
-94.436, 0.686135
-94.467, 0.426661
-94.497, 0.172137
-94.527, -0.071676
-94.558, -0.299445
-94.588, -0.506434
-94.618, -0.688616
-94.649, -0.842811
-94.679, -0.966749
-94.709, -1.059135
-94.740, -1.119670
-94.770, -1.149031
-94.800, -1.148844
-94.831, -1.121587
-94.861, -1.070511
-94.892, -0.999499
-94.922, -0.912921
-94.952, -0.815484
-94.983, -0.712052
-95.013, -0.607468
-95.043, -0.506409
-95.074, -0.413196
-95.104, -0.331665
-95.134, -0.265030
-95.165, -0.215778
-95.195, -0.185601
-95.226, -0.175338
-95.256, -0.184960
-95.286, -0.213583
-95.317, -0.259515
-95.347, -0.320325
-95.377, -0.392953
-95.408, -0.473820
-95.438, -0.558973
-95.468, -0.644239
-95.499, -0.725387
-95.529, -0.798293
-95.560, -0.859092
-95.590, -0.904343
-95.620, -0.931140
-95.651, -0.937252
-95.681, -0.921205
-95.711, -0.882346
-95.742, -0.820883
-95.772, -0.737884
-95.802, -0.635262
-95.833, -0.515712
-95.863, -0.382638
-95.893, -0.240028
-95.924, -0.092346
-95.954, 0.055641
-95.985, 0.201906
-96.015, 0.338614
-96.045, 0.461018
-96.076, 0.564704
-96.106, 0.645751
-96.136, 0.700864
-96.167, 0.727494
-96.197, 0.723932
-96.227, 0.689370
-96.258, 0.623949
-96.288, 0.528750
-96.319, 0.405789
-96.349, 0.257946
-96.379, 0.088892
-96.410, -0.097023
-96.440, -0.294896
-96.470, -0.499421
-96.501, -0.705055
-96.531, -0.906177
-96.561, -1.097262
-96.592, -1.273052
-96.622, -1.428705
-96.653, -1.559957
-96.683, -1.663224
-96.713, -1.735730
-96.744, -1.775573
-96.774, -1.781772
-96.804, -1.754297
-96.835, -1.694066
-96.865, -1.602889
-96.895, -1.483421
-96.926, -1.339062
-96.956, -1.173855
-96.987, -0.992337
-97.017, -0.799414
-97.047, -0.600196
-97.078, -0.399847
-97.108, -0.203412
-97.138, -0.015689
-97.169, 0.158926
-97.199, 0.316566
-97.229, 0.453990
-97.260, 0.568670
-97.290, 0.658860
-97.320, 0.723619
-97.351, 0.762829
-97.381, 0.777170
-97.412, 0.768078
-97.442, 0.737687
-97.472, 0.688731
-97.503, 0.624448
-97.533, 0.548458
-97.563, 0.464642
-97.594, 0.376997
-97.624, 0.289517
-97.654, 0.206055
-97.685, 0.130204
-97.715, 0.065183
-97.746, 0.013747
-97.776, -0.021896
-97.806, -0.040138
-97.837, -0.040012
-97.867, -0.021211
-97.897, 0.015938
-97.928, 0.070475
-97.958, 0.140881
-97.988, 0.225124
-98.019, 0.320755
-98.049, 0.424991
-98.080, 0.534820
-98.110, 0.647111
-98.140, 0.758718
-98.171, 0.866588
-98.201, 0.967862
-98.231, 1.059964
-98.262, 1.140681
-98.292, 1.208239
-98.322, 1.261330
-98.353, 1.299169
-98.383, 1.321496
-98.414, 1.328571
-98.444, 1.321161
-98.474, 1.300491
-98.505, 1.268210
-98.535, 1.226308
-98.565, 1.177047
-98.596, 1.122884
-98.626, 1.066379
-98.656, 1.010100
-98.687, 0.956549
-98.717, 0.908058
-98.747, 0.866734
-98.778, 0.834373
-98.808, 0.812409
-98.839, 0.801867
-98.869, 0.803336
-98.899, 0.816946
-98.930, 0.842372
-98.960, 0.878833
-98.990, 0.925136
-99.021, 0.979700
-99.051, 1.040613
-99.081, 1.105681
-99.112, 1.172508
-99.142, 1.238553
-99.173, 1.301218
-99.203, 1.357908
-99.233, 1.406117
-99.264, 1.443502
-99.294, 1.467928
-99.324, 1.477547
-99.355, 1.470837
-99.385, 1.446647
-99.415, 1.404226
-99.446, 1.343237
-99.476, 1.263777
-99.507, 1.166370
-99.537, 1.051949
-99.567, 0.921838
-99.598, 0.777730
-99.628, 0.621633
-99.658, 0.455841
-99.689, 0.282867
-99.719, 0.105411
-99.749, -0.073719
-99.780, -0.251644
-99.810, -0.425489
-99.840, -0.592427
-99.871, -0.749732
-99.901, -0.894841
-99.932, -1.025389
-99.962, -1.139255
-99.992, -1.234598
-100.023, -1.309886
-100.053, -1.363924
-100.083, -1.395869
-100.114, -1.405247
-100.144, -1.391949
-100.174, -1.356244
-100.205, -1.298762
-100.235, -1.220491
-100.266, -1.122755
-100.296, -1.007190
-100.326, -0.875720
-100.357, -0.730530
-100.387, -0.574016
-100.417, -0.408763
-100.448, -0.237493
-100.478, -0.063018
-100.508, 0.111792
-100.539, 0.284077
-100.569, 0.451018
-100.600, 0.609893
-100.630, 0.758127
-100.660, 0.893324
-100.691, 1.013327
-100.721, 1.116241
-100.751, 1.200478
-100.782, 1.264777
-100.812, 1.308237
-100.842, 1.330326
-100.873, 1.330896
-100.903, 1.310178
-100.934, 1.268785
-100.964, 1.207690
-100.994, 1.128216
-101.025, 1.031992
-101.055, 0.920931
-101.085, 0.797186
-101.116, 0.663099
-101.146, 0.521149
-101.176, 0.373911
-101.207, 0.223986
-101.237, 0.073959
-101.267, -0.073672
-101.298, -0.216530
-101.328, -0.352411
-101.359, -0.479332
-101.389, -0.595565
-101.419, -0.699653
-101.450, -0.790445
-101.480, -0.867098
-101.510, -0.929084
-101.541, -0.979179
-101.571, -1.014448
-101.601, -1.035227
-101.632, -1.042088
-101.662, -1.035808
-101.693, -1.017326
-101.723, -0.987699
-101.753, -0.948063
-101.784, -0.899585
-101.814, -0.843422
-101.844, -0.780683
-101.875, -0.712397
-101.905, -0.639481
-101.935, -0.562727
-101.966, -0.482787
-101.996, -0.400166
-102.027, -0.315229
-102.057, -0.228218
-102.087, -0.139268
-102.118, -0.048436
-102.148, 0.044265
-102.178, 0.138832
-102.209, 0.235229
-102.239, 0.333347
-102.269, 0.432965
-102.300, 0.533717
-102.330, 0.635063
-102.361, 0.736248
-102.391, 0.836312
-102.421, 0.934065
-102.452, 1.028093
-102.482, 1.116778
-102.512, 1.198318
-102.543, 1.270767
-102.573, 1.332077
-102.603, 1.380151
-102.634, 1.412913
-102.664, 1.428366
-102.694, 1.424668
-102.725, 1.400199
-102.755, 1.353634
-102.786, 1.284008
-102.816, 1.190770
-102.846, 1.073840
-102.877, 0.933643
-102.907, 0.771131
-102.937, 0.587803
-102.968, 0.385689
-102.998, 0.167339
-103.028, -0.064225
-103.059, -0.305553
-103.089, -0.552842
-103.120, -0.802016
-103.150, -1.048813
-103.180, -1.288899
-103.211, -1.517958
-103.241, -1.731818
-103.271, -1.926550
-103.302, -2.098583
-103.332, -2.244795
-103.362, -2.362601
-103.393, -2.450036
-103.423, -2.505811
-103.454, -2.529346
-103.484, -2.520809
-103.514, -2.481109
-103.545, -2.411870
-103.575, -2.315407
-103.605, -2.194654
-103.636, -2.053098
-103.666, -1.894675
-103.696, -1.723664
-103.727, -1.544582
-103.757, -1.362047
-103.787, -1.180656
-103.818, -1.004856
-103.848, -0.838819
-103.879, -0.686335
-103.909, -0.550703
-103.939, -0.434637
-103.970, -0.340206
-104.000, -0.268770
-104.030, -0.220955
-104.061, -0.196642
-104.091, -0.194977
-104.121, -0.214410
-104.152, -0.252742
-104.182, -0.307203
-104.213, -0.374543
-104.243, -0.451129
-104.273, -0.533067
-104.304, -0.616314
-104.334, -0.696810
-104.364, -0.770590
-104.395, -0.833922
-104.425, -0.883393
-104.455, -0.916033
-104.486, -0.929381
-104.516, -0.921573
-104.547, -0.891373
-104.577, -0.838225
-104.607, -0.762245
-104.638, -0.664228
-104.668, -0.545613
-104.698, -0.408435
-104.729, -0.255260
-104.759, -0.089112
-104.789, 0.086619
-104.820, 0.268272
-104.850, 0.452029
-104.881, 0.634003
-104.911, 0.810368
-104.941, 0.977429
-104.972, 1.131741
-105.002, 1.270181
-105.032, 1.390026
-105.063, 1.489005
-105.093, 1.565350
-105.123, 1.617814
-105.154, 1.645693
-105.184, 1.648816
-105.214, 1.627532
-105.245, 1.582671
-105.275, 1.515511
-105.306, 1.427707
-105.336, 1.321258
-105.366, 1.198415
-105.397, 1.061618
-105.427, 0.913442
-105.457, 0.756507
-105.488, 0.593429
-105.518, 0.426766
-105.548, 0.258945
-105.579, 0.092245
-105.609, -0.071250
-105.640, -0.229672
-105.670, -0.381386
-105.700, -0.524982
-105.731, -0.659309
-105.761, -0.783412
-105.791, -0.896565
-105.822, -0.998219
-105.852, -1.088001
-105.882, -1.165677
-105.913, -1.231137
-105.943, -1.284367
-105.974, -1.325425
-106.004, -1.354444
-106.034, -1.371602
-106.065, -1.377131
-106.095, -1.371304
-106.125, -1.354435
-106.156, -1.326911
-106.186, -1.289178
-106.216, -1.241755
-106.247, -1.185266
-106.277, -1.120444
-106.308, -1.048128
-106.338, -0.969303
-106.368, -0.885081
-106.399, -0.796707
-106.429, -0.705552
-106.459, -0.613116
-106.490, -0.520973
-106.520, -0.430784
-106.550, -0.344234
-106.581, -0.263010
-106.611, -0.188747
-106.641, -0.122991
-106.672, -0.067136
-106.702, -0.022397
-106.733, 0.010258
-106.763, 0.030131
-106.793, 0.036852
-106.824, 0.030379
-106.854, 0.011048
-106.884, -0.020444
-106.915, -0.063029
-106.945, -0.115277
-106.975, -0.175451
-107.006, -0.241513
-107.036, -0.311198
-107.067, -0.382068
-107.097, -0.448294
-107.127, -0.510588
-107.158, -0.566418
-107.188, -0.613397
-107.218, -0.649341
-107.249, -0.672354
-107.279, -0.680887
-107.309, -0.673815
-107.340, -0.650461
-107.370, -0.610641
-107.401, -0.554681
-107.431, -0.483419
-107.461, -0.398182
-107.492, -0.300760
-107.522, -0.193348
-107.552, -0.078495
-107.583, 0.040989
-107.613, 0.162114
-107.643, 0.281811
-107.674, 0.397021
-107.704, 0.504823
-107.734, 0.602507
-107.765, 0.687698
-107.795, 0.758425
-107.826, 0.813202
-107.856, 0.851091
-107.886, 0.871745
-107.917, 0.875425
-107.947, 0.863013
-107.977, 0.835992
-108.008, 0.796398
-108.038, 0.746779
-108.068, 0.690104
-108.099, 0.629675
-108.129, 0.569014
-108.160, 0.511758
-108.190, 0.461526
-108.220, 0.421791
-108.251, 0.395763
-108.281, 0.386269
-108.311, 0.395640
-108.342, 0.425619
-108.372, 0.477287
-108.402, 0.550997
-108.433, 0.646349
-108.463, 0.762166
-108.494, 0.896523
-108.524, 1.046769
-108.554, 1.209601
-108.585, 1.381139
-108.615, 1.557035
-108.645, 1.732591
-108.676, 1.902892
-108.706, 2.062943
-108.736, 2.207828
-108.767, 2.332854
-108.797, 2.433677
-108.828, 2.506456
-108.858, 2.547964
-108.888, 2.555690
-108.919, 2.527916
-108.949, 2.463789
-108.979, 2.363346
-109.010, 2.227520
-109.040, 2.058128
-109.070, 1.857813
-109.101, 1.629996
-109.131, 1.378764
-109.161, 1.108770
-109.192, 0.825104
-109.222, 0.533153
-109.253, 0.238459
-109.283, -0.053436
-109.313, -0.337132
-109.344, -0.607515
-109.374, -0.859885
-109.404, -1.090075
-109.435, -1.294546
-109.465, -1.470464
-109.495, -1.615759
-109.526, -1.729152
-109.556, -1.810162
-109.587, -1.859089
-109.617, -1.876971
-109.647, -1.865526
-109.678, -1.827066
-109.708, -1.764413
-109.738, -1.680772
-109.769, -1.579633
-109.799, -1.464646
-109.829, -1.339501
-109.860, -1.207811
-109.890, -1.073015
-109.921, -0.938279
-109.951, -0.806403
-109.981, -0.679787
-110.012, -0.560357
-110.042, -0.449560
-110.072, -0.348353
-110.103, -0.257210
-110.133, -0.176168
-110.163, -0.104867
-110.194, -0.042605
-110.224, 0.011569
-110.254, 0.058795
-110.285, 0.100303
-110.315, 0.137349
-110.346, 0.171103
-110.376, 0.202603
-110.406, 0.232670
-110.437, 0.261878
-110.467, 0.290485
-110.497, 0.318440
-110.528, 0.345363
-110.558, 0.370559
-110.588, 0.393043
-110.619, 0.411594
-110.649, 0.424801
-110.680, 0.431135
-110.710, 0.429025
-110.740, 0.416947
-110.771, 0.393488
-110.801, 0.357452
-110.831, 0.307916
-110.862, 0.244306
-110.892, 0.166448
-110.922, 0.074624
-110.953, -0.030422
-110.983, -0.147470
-111.014, -0.274826
-111.044, -0.410359
-111.074, -0.551553
-111.105, -0.695561
-111.135, -0.839285
-111.165, -0.979471
-111.196, -1.112808
-111.226, -1.236031
-111.256, -1.346026
-111.287, -1.439938
-111.317, -1.515272
-111.348, -1.569979
-111.378, -1.602532
-111.408, -1.611991
-111.439, -1.598043
-111.469, -1.561026
-111.499, -1.501934
-111.530, -1.422386
-111.560, -1.324595
-111.590, -1.211308
-111.621, -1.085717
-111.651, -0.951368
-111.681, -0.812058
-111.712, -0.671711
-111.742, -0.534259
-111.773, -0.403519
-111.803, -0.283067
-111.833, -0.176139
-111.864, -0.085510
-111.894, -0.013420
-111.924, 0.038495
-111.955, 0.069266
-111.985, 0.078602
-112.015, 0.066908
-112.046, 0.035263
-112.076, -0.014627
-112.107, -0.080480
-112.137, -0.159519
-112.167, -0.248580
-112.198, -0.344210
-112.228, -0.442786
-112.258, -0.540649
-112.289, -0.634215
-112.319, -0.720102
-112.349, -0.795246
-112.380, -0.856994
-112.410, -0.903195
-112.441, -0.932274
-112.471, -0.943264
-112.501, -0.935845
-112.532, -0.910345
-112.562, -0.867715
-112.592, -0.809489
-112.623, -0.737728
-112.653, -0.656711
-112.683, -0.567497
-112.714, -0.473161
-112.744, -0.376905
-112.775, -0.281932
-112.805, -0.191328
-112.835, -0.107953
-112.866, -0.034322
-112.896, 0.027468
-112.926, 0.075825
-112.957, 0.109724
-112.987, 0.128731
-113.017, 0.133033
-113.048, 0.123416
-113.078, 0.101248
-113.108, 0.068416
-113.139, 0.027268
-113.169, -0.019488
-113.200, -0.068871
-113.230, -0.117753
-113.260, -0.162961
-113.291, -0.201407
-113.321, -0.230196
-113.351, -0.246745
-113.382, -0.248880
-113.412, -0.234910
-113.442, -0.203708
-113.473, -0.154754
-113.503, -0.088157
-113.534, -0.004668
-113.564, 0.094349
-113.594, 0.206949
-113.625, 0.330679
-113.655, 0.462649
-113.685, 0.599634
-113.716, 0.738181
-113.746, 0.874730
-113.776, 1.005729
-113.807, 1.127764
-113.837, 1.237672
-113.868, 1.332655
-113.898, 1.410372
-113.928, 1.469025
-113.959, 1.507421
-113.989, 1.525009
-114.019, 1.521907
-114.050, 1.498889
-114.080, 1.457369
-114.110, 1.399335
-114.141, 1.327294
-114.171, 1.244170
-114.201, 1.153209
-114.232, 1.057857
-114.262, 0.961642
-114.293, 0.868037
-114.323, 0.780344
-114.353, 0.701568
-114.384, 0.634308
-114.414, 0.580658
-114.444, 0.542131
-114.475, 0.519600
-114.505, 0.513250
-114.535, 0.522581
-114.566, 0.546402
-114.596, 0.582881
-114.627, 0.629595
-114.657, 0.683606
-114.687, 0.741571
-114.718, 0.799844
-114.748, 0.854609
-114.778, 0.902007
-114.809, 0.938280
-114.839, 0.959901
-114.869, 0.963699
-114.900, 0.946988
-114.930, 0.907661
-114.961, 0.844281
-114.991, 0.756143
-115.021, 0.643323
-115.052, 0.506686
-115.082, 0.347879
-115.112, 0.169305
-115.143, -0.025945
-115.173, -0.234166
-115.203, -0.451143
-115.234, -0.672274
-115.264, -0.892694
-115.295, -1.107414
-115.325, -1.311477
-115.355, -1.500097
-115.386, -1.668799
-115.416, -1.813557
-115.446, -1.930906
-115.477, -2.018053
-115.507, -2.072951
-115.537, -2.094374
-115.568, -2.081934
-115.598, -2.036111
-115.628, -1.958228
-115.659, -1.850416
-115.689, -1.715553
-115.720, -1.557177
-115.750, -1.379392
-115.780, -1.186741
-115.811, -0.984083
-115.841, -0.776451
-115.871, -0.568925
-115.902, -0.366478
-115.932, -0.173850
-115.962, 0.004575
-115.993, 0.164888
-116.023, 0.303744
-116.054, 0.418442
-116.084, 0.506984
-116.114, 0.568112
-116.145, 0.601315
-116.175, 0.606829
-116.205, 0.585602
-116.236, 0.539239
-116.266, 0.469950
-116.296, 0.380451
-116.327, 0.273879
-116.357, 0.153679
-116.388, 0.023510
-116.418, -0.112884
-116.448, -0.251771
-116.479, -0.389541
-116.509, -0.522799
-116.539, -0.648452
-116.570, -0.763784
-116.600, -0.866510
-116.630, -0.954812
-116.661, -1.027376
-116.691, -1.083381
-116.722, -1.122513
-116.752, -1.144917
-116.782, -1.151174
-116.813, -1.142236
-116.843, -1.119389
-116.873, -1.084152
-116.904, -1.038240
-116.934, -0.983459
-116.964, -0.921659
-116.995, -0.854647
-117.025, -0.784131
-117.055, -0.711663
-117.086, -0.638599
-117.116, -0.566051
-117.147, -0.494881
-117.177, -0.425675
-117.207, -0.358763
-117.238, -0.294210
-117.268, -0.231858
-117.298, -0.171354
-117.329, -0.112191
-117.359, -0.053752
-117.389, 0.004632
-117.420, 0.063638
-117.450, 0.123893
-117.481, 0.185926
-117.511, 0.250125
-117.541, 0.316705
-117.572, 0.385663
-117.602, 0.456774
-117.632, 0.529571
-117.663, 0.603351
-117.693, 0.677178
-117.723, 0.749913
-117.754, 0.820234
-117.784, 0.886687
-117.815, 0.947721
-117.845, 1.001747
-117.875, 1.047186
-117.906, 1.082530
-117.936, 1.106396
-117.966, 1.117583
-117.997, 1.115117
-118.027, 1.098300
-118.057, 1.066736
-118.088, 1.020376
-118.118, 0.959516
-118.148, 0.884820
-118.179, 0.797297
-118.209, 0.694024
-118.240, 0.580960
-118.270, 0.460070
-118.300, 0.333546
-118.331, 0.203773
-118.361, 0.073264
-118.391, -0.055395
-118.422, -0.179621
-118.452, -0.296879
-118.482, -0.404769
-118.513, -0.501059
-118.543, -0.583768
-118.574, -0.651195
-118.604, -0.701964
-118.634, -0.735065
-118.665, -0.749870
-118.695, -0.746144
-118.725, -0.724056
-118.756, -0.684161
-118.786, -0.627394
-118.816, -0.555031
-118.847, -0.468666
-118.877, -0.370163
-118.908, -0.261607
-118.938, -0.145256
-118.968, -0.023484
-118.999, 0.101281
-119.029, 0.226600
-119.059, 0.350099
-119.090, 0.469492
-119.120, 0.582659
-119.150, 0.687663
-119.181, 0.782804
-119.211, 0.866634
-119.242, 0.937988
-119.272, 0.995994
-119.302, 1.040073
-119.333, 1.069941
-119.363, 1.085612
-119.393, 1.087356
-119.424, 1.075701
-119.454, 1.051389
-119.484, 1.015366
-119.515, 0.968725
-119.545, 0.912688
-119.575, 0.848562
-119.606, 0.777703
-119.636, 0.701489
-119.667, 0.621280
-119.697, 0.538389
-119.727, 0.454070
-119.758, 0.369477
-119.788, 0.285667
-119.818, 0.203572
-119.849, 0.124007
-119.879, 0.047657
-119.909, -0.024912
-119.940, -0.093260
-119.970, -0.157039
-120.001, -0.216005
-120.031, -0.269991
-120.061, -0.318890
-120.092, -0.362641
-120.122, -0.401220
-120.152, -0.434604
-120.183, -0.462785
-120.213, -0.485728
-120.243, -0.503391
-120.274, -0.515701
-120.304, -0.522562
-120.335, -0.523847
-120.365, -0.519413
-120.395, -0.509110
-120.426, -0.492785
-120.456, -0.470305
-120.486, -0.441571
-120.517, -0.406535
-120.547, -0.365226
-120.577, -0.317763
-120.608, -0.264375
-120.638, -0.205422
-120.669, -0.141403
-120.699, -0.072971
-120.729, -0.000939
-120.760, 0.073722
-120.790, 0.149884
-120.820, 0.226273
-120.851, 0.301480
-120.881, 0.373994
-120.911, 0.442213
-120.942, 0.504493
-120.972, 0.559174
-121.002, 0.604625
-121.033, 0.639287
-121.063, 0.661723
-121.094, 0.670660
-121.124, 0.665033
-121.154, 0.644027
-121.185, 0.607133
-121.215, 0.554157
-121.245, 0.485262
-121.276, 0.400986
-121.306, 0.302257
-121.336, 0.190380
-121.367, 0.067047
-121.397, -0.065700
-121.428, -0.205488
-121.458, -0.349656
-121.488, -0.495310
-121.519, -0.639382
-121.549, -0.778695
-121.579, -0.910036
-121.610, -1.030243
-121.640, -1.136279
-121.670, -1.225310
-121.701, -1.294795
-121.731, -1.342554
-121.762, -1.366834
-121.792, -1.366385
-121.822, -1.340491
-121.853, -1.289014
-121.883, -1.212419
-121.913, -1.111782
-121.944, -0.988775
-121.974, -0.845644
-122.004, -0.685173
-122.035, -0.510615
-122.065, -0.325636
-122.095, -0.134219
-122.126, 0.059435
-122.156, 0.251001
-122.187, 0.436141
-122.217, 0.610630
-122.247, 0.770459
-122.278, 0.911940
-122.308, 1.031826
-122.338, 1.127389
-122.369, 1.196504
-122.399, 1.237728
-122.429, 1.250322
-122.460, 1.234307
-122.490, 1.190458
-122.521, 1.120281
-122.551, 1.026001
-122.581, 0.910493
-122.612, 0.777205
-122.642, 0.630075
-122.672, 0.473414
-122.703, 0.311796
-122.733, 0.149920
-122.763, -0.007518
-122.794, -0.155961
-122.824, -0.291124
-122.855, -0.409119
-122.885, -0.506568
-122.915, -0.580708
-122.946, -0.629466
-122.976, -0.651529
-123.006, -0.646380
-123.037, -0.614314
-123.067, -0.556428
-123.097, -0.474594
-123.128, -0.371389
-123.158, -0.250030
-123.189, -0.114264
-123.219, 0.031748
-123.249, 0.183553
-123.280, 0.336561
-123.310, 0.486180
-123.340, 0.627963
-123.371, 0.757754
-123.401, 0.871816
-123.431, 0.966965
-123.462, 1.040650
-123.492, 1.091057
-123.522, 1.117166
-123.553, 1.118773
-123.583, 1.096503
-123.614, 1.051802
-123.644, 0.986866
-123.674, 0.904586
-123.705, 0.808452
-123.735, 0.702413
-123.765, 0.595768
-123.796, 0.488021
-123.826, 0.383699
-123.856, 0.287219
-123.887, 0.202717
-123.917, 0.133915
-123.948, 0.083970
-123.978, 0.055363
-124.008, 0.049804
-124.039, 0.068161
-124.069, 0.110411
-124.099, 0.175627
-124.130, 0.261997
-124.160, 0.366873
-124.190, 0.486838
-124.221, 0.617814
-124.251, 0.755196
-124.282, 0.893978
-124.312, 1.028947
-124.342, 1.154825
-124.373, 1.266471
-124.403, 1.359050
-124.433, 1.428195
-124.464, 1.470181
-124.494, 1.482047
-124.524, 1.461738
-124.555, 1.408164
-124.585, 1.321286
-124.615, 1.202124
-124.646, 1.052760
-124.676, 0.876293
-124.707, 0.676761
-124.737, 0.459039
-124.767, 0.228694
-124.798, -0.008169
-124.828, -0.245090
-124.858, -0.475452
-124.889, -0.692675
-124.919, -0.890433
-124.949, -1.062847
-124.980, -1.204672
-125.010, -1.311479
-125.041, -1.379790
-125.071, -1.407207
-125.101, -1.392498
-125.132, -1.335646
-125.162, -1.237870
-125.192, -1.101604
-125.223, -0.930424
-125.253, -0.728964
-125.283, -0.502783
-125.314, -0.258198
-125.344, -0.002107
-125.375, 0.258217
-125.405, 0.515344
-125.435, 0.761904
-125.466, 0.990818
-125.496, 1.195500
-125.526, 1.370063
-125.557, 1.509498
-125.587, 1.609818
-125.617, 1.668178
-125.648, 1.682968
-125.678, 1.653845
-125.709, 1.581749
-125.739, 1.468865
-125.769, 1.318551
-125.800, 1.135225
-125.830, 0.924232
-125.860, 0.691662
-125.891, 0.444164
-125.921, 0.188727
-125.951, -0.067529
-125.982, -0.317589
-126.012, -0.554756
-126.042, -0.772861
-126.073, -0.966456
-126.103, -1.130978
-126.134, -1.262885
-126.164, -1.359764
-126.194, -1.420399
-126.225, -1.444793
-126.255, -1.434159
-126.285, -1.390871
-126.316, -1.318375
-126.346, -1.221058
-126.376, -1.104108
-126.407, -0.973319
-126.437, -0.834911
-126.468, -0.695299
-126.498, -0.560888
-126.528, -0.437853
-126.559, -0.331926
-126.589, -0.248207
-126.619, -0.190994
-126.650, -0.163621
-126.680, -0.168363
-126.710, -0.206345
-126.741, -0.277497
-126.771, -0.380557
-126.802, -0.513103
-126.832, -0.671625
-126.862, -0.851636
-126.893, -1.047804
-126.923, -1.254132
-126.953, -1.464131
-126.984, -1.671041
-127.014, -1.868026
-127.044, -2.048406
-127.075, -2.205862
-127.105, -2.334634
-127.136, -2.429708
-127.166, -2.486975
-127.196, -2.503363
-127.227, -2.476940
-127.257, -2.406969
-127.287, -2.293953
-127.318, -2.139615
-127.348, -1.946855
-127.378, -1.719672
-127.409, -1.463047
-127.439, -1.182807
-127.469, -0.885458
-127.500, -0.577991
-127.530, -0.267704
-127.561, 0.038024
-127.591, 0.331922
-127.621, 0.607033
-127.652, 0.856904
-127.682, 1.075754
-127.712, 1.258625
-127.743, 1.401509
-127.773, 1.501436
-127.803, 1.556547
-127.834, 1.566122
-127.864, 1.530578
-127.895, 1.451439
-127.925, 1.331273
-127.955, 1.173597
-127.986, 0.982775
-128.016, 0.763868
-128.046, 0.522494
-128.077, 0.264672
-128.107, -0.003361
-128.137, -0.275298
-128.168, -0.544938
-128.198, -0.806331
-128.229, -1.053926
-128.259, -1.282692
-128.289, -1.488222
-128.320, -1.666818
-128.350, -1.815553
-128.380, -1.932302
-128.411, -2.015764
-128.441, -2.065447
-128.471, -2.081636
-128.502, -2.065348
-128.532, -2.018265
-128.562, -1.942656
-128.593, -1.841277
-128.623, -1.717293
-128.654, -1.574166
-128.684, -1.415550
-128.714, -1.245209
-128.745, -1.066912
-128.775, -0.884354
-128.805, -0.701079
-128.836, -0.520419
-128.866, -0.345441
-128.896, -0.178901
-128.927, -0.023230
-128.957, 0.119500
-128.988, 0.247569
-129.018, 0.359610
-129.048, 0.454602
-129.079, 0.531846
-129.109, 0.590952
-129.139, 0.631807
-129.170, 0.654561
-129.200, 0.659592
-129.230, 0.647489
-129.261, 0.619036
-129.291, 0.575177
-129.322, 0.517250
-129.352, 0.446287
-129.382, 0.363673
-129.413, 0.270931
-129.443, 0.169712
-129.473, 0.061777
-129.504, -0.050993
-129.534, -0.166620
-129.564, -0.283032
-129.595, -0.398085
-129.625, -0.509582
-129.656, -0.615302
-129.686, -0.713031
-129.716, -0.800601
-129.747, -0.875933
-129.777, -0.937081
-129.807, -0.982288
-129.838, -1.010032
-129.868, -1.019082
-129.898, -1.008534
-129.929, -0.977869
-129.959, -0.926981
-129.989, -0.856212
-130.020, -0.766362
-130.050, -0.658703
-130.081, -0.534962
-130.111, -0.397317
-130.141, -0.248340
-130.172, -0.090963
-130.202, 0.071591
-130.232, 0.235887
-130.263, 0.398358
-130.293, 0.555403
-130.323, 0.703492
-130.354, 0.839258
-130.384, 0.959613
-130.415, 1.061837
-130.445, 1.143679
-130.475, 1.203426
-130.506, 1.239982
-130.536, 1.252909
-130.566, 1.242471
-130.597, 1.209629
-130.627, 1.156046
-130.657, 1.084047
-130.688, 0.996562
-130.718, 0.897060
-130.749, 0.789444
-130.779, 0.677945
-130.809, 0.566999
-130.840, 0.461110
-130.870, 0.364710
-130.900, 0.282020
-130.931, 0.216911
-130.961, 0.172764
-130.991, 0.152369
-131.022, 0.157807
-131.052, 0.190378
-131.083, 0.250532
-131.113, 0.337846
-131.143, 0.451014
-131.174, 0.587859
-131.204, 0.745397
-131.234, 0.919902
-131.265, 1.107006
-131.295, 1.301835
-131.325, 1.499125
-131.356, 1.693406
-131.386, 1.879143
-131.416, 2.050917
-131.447, 2.203588
-131.477, 2.332457
-131.508, 2.433412
-131.538, 2.503073
-131.568, 2.538880
-131.599, 2.539205
-131.629, 2.503395
-131.659, 2.431807
-131.690, 2.325801
-131.720, 2.187711
-131.750, 2.020776
-131.781, 1.829049
-131.811, 1.617277
-131.842, 1.390760
-131.872, 1.155189
-131.902, 0.916479
-131.933, 0.680586
-131.963, 0.453324
-131.993, 0.240194
-132.024, 0.046216
-132.054, -0.124229
-132.084, -0.267521
-132.115, -0.380908
-132.145, -0.462590
-132.176, -0.511762
-132.206, -0.528630
-132.236, -0.514394
-132.267, -0.471198
-132.297, -0.402050
-132.327, -0.310717
-132.358, -0.201588
-132.388, -0.079529
-132.418, 0.050288
-132.449, 0.182561
-132.479, 0.312031
-132.509, 0.433666
-132.540, 0.542820
-132.570, 0.635393
-132.601, 0.707969
-132.631, 0.757912
-132.661, 0.783471
-132.692, 0.783814
-132.722, 0.759065
-132.752, 0.710289
-132.783, 0.639441
-132.813, 0.549316
-132.843, 0.443425
-132.874, 0.325888
-132.904, 0.201275
-132.935, 0.074462
-132.965, -0.049553
-132.995, -0.165815
-133.026, -0.269591
-133.056, -0.356524
-133.086, -0.422797
-133.117, -0.465259
-133.147, -0.481537
-133.177, -0.470119
-133.208, -0.430416
-133.238, -0.362783
-133.269, -0.268510
-133.299, -0.149787
-133.329, -0.009640
-133.360, 0.148167
-133.390, 0.319254
-133.420, 0.498760
-133.451, 0.681497
-133.481, 0.862119
-133.511, 1.035283
-133.542, 1.195831
-133.572, 1.338940
-133.603, 1.460281
-133.633, 1.556142
-133.663, 1.623556
-133.694, 1.660379
-133.724, 1.665348
-133.754, 1.638125
-133.785, 1.579293
-133.815, 1.490324
-133.845, 1.373536
-133.876, 1.231996
-133.906, 1.069428
-133.936, 0.890086
-133.967, 0.698605
-133.997, 0.499866
-134.028, 0.298826
-134.058, 0.100375
-134.088, -0.090822
-134.119, -0.270463
-134.149, -0.434733
-134.179, -0.580412
-134.210, -0.704970
-134.240, -0.806608
-134.270, -0.884312
-134.301, -0.937854
-134.331, -0.967778
-134.362, -0.975355
-134.392, -0.962515
-134.422, -0.931764
-134.453, -0.886080
-134.483, -0.828791
-134.513, -0.763452
-134.544, -0.693710
-134.574, -0.623181
-134.604, -0.555307
-134.635, -0.493254
-134.665, -0.439796
-134.696, -0.397230
-134.726, -0.367306
-134.756, -0.351176
-134.787, -0.349366
-134.817, -0.361772
-134.847, -0.387681
-134.878, -0.428695
-134.908, -0.480132
-134.938, -0.539760
-134.969, -0.605011
-134.999, -0.673063
-135.030, -0.740971
-135.060, -0.805764
-135.090, -0.864560
-135.121, -0.914672
-135.151, -0.953709
-135.181, -0.979651
-135.212, -0.990929
-135.242, -0.986476
-135.272, -0.965764
-135.303, -0.928818
-135.333, -0.876215
-135.363, -0.809049
-135.394, -0.728920
-135.424, -0.637842
-135.455, -0.538203
-135.485, -0.432658
-135.515, -0.324054
-135.546, -0.215338
-135.576, -0.109445
-135.606, -0.009220
-135.637, 0.082681
-135.667, 0.163865
-135.697, 0.232280
-135.728, 0.286271
-135.758, 0.324616
-135.789, 0.346561
-135.819, 0.351833
-135.849, 0.340631
-135.880, 0.313603
-135.910, 0.271829
-135.940, 0.216749
-135.971, 0.150133
-136.001, 0.073998
-136.031, -0.009459
-136.062, -0.097920
-136.092, -0.189043
-136.123, -0.280515
-136.153, -0.370124
-136.183, -0.455813
-136.214, -0.535739
-136.244, -0.608310
-136.274, -0.672209
-136.305, -0.726420
-136.335, -0.770223
-136.365, -0.803203
-136.396, -0.825225
-136.426, -0.836417
-136.456, -0.837127
-136.487, -0.827901
-136.517, -0.809439
-136.548, -0.782545
-136.578, -0.748091
-136.608, -0.706988
-136.639, -0.660134
-136.669, -0.608393
-136.699, -0.552574
-136.730, -0.493412
-136.760, -0.431564
-136.790, -0.367602
-136.821, -0.302024
-136.851, -0.235272
-136.882, -0.167741
-136.912, -0.099815
-136.942, -0.031871
-136.973, 0.035668
-137.003, 0.102329
-137.033, 0.167562
-137.064, 0.230720
-137.094, 0.291045
-137.124, 0.347672
-137.155, 0.399626
-137.185, 0.445836
-137.216, 0.485162
-137.246, 0.516407
-137.276, 0.538376
-137.307, 0.549897
-137.337, 0.549885
-137.367, 0.537385
-137.398, 0.511623
-137.428, 0.472060
-137.458, 0.418434
-137.489, 0.350815
-137.519, 0.269619
-137.550, 0.175648
-137.580, 0.070100
-137.610, -0.045438
-137.641, -0.168994
-137.671, -0.298234
-137.701, -0.430511
-137.732, -0.562919
-137.762, -0.692352
-137.792, -0.815572
-137.823, -0.929306
-137.853, -1.030325
-137.883, -1.115540
-137.914, -1.182088
-137.944, -1.227432
-137.975, -1.249430
-138.005, -1.246417
-138.035, -1.217267
-138.066, -1.161437
-138.096, -1.079009
-138.126, -0.970691
-138.157, -0.837832
-138.187, -0.682385
-138.217, -0.506874
-138.248, -0.314343
-138.278, -0.108272
-138.309, 0.107507
-138.339, 0.328897
-138.369, 0.551658
-138.400, 0.771510
-138.430, 0.984250
-138.460, 1.185860
-138.491, 1.372615
-138.521, 1.541188
-138.551, 1.688723
-138.582, 1.812921
-138.612, 1.912084
-138.643, 1.985155
-138.673, 2.031742
-138.703, 2.052106
-138.734, 2.047144
-138.764, 2.018341
-138.794, 1.967718
-138.825, 1.897761
-138.855, 1.811314
-138.885, 1.711507
-138.916, 1.601629
-138.946, 1.485038
-138.976, 1.365045
-139.007, 1.244812
-139.037, 1.127255
-139.068, 1.014973
-139.098, 0.910147
-139.128, 0.814521
-139.159, 0.729334
-139.189, 0.655312
-139.219, 0.592672
-139.250, 0.541124
-139.280, 0.499916
-139.310, 0.467891
-139.341, 0.443536
-139.371, 0.425079
-139.402, 0.410557
-139.432, 0.397916
-139.462, 0.385110
-139.493, 0.370192
-139.523, 0.351384
-139.553, 0.327185
-139.584, 0.296417
-139.614, 0.258293
-139.644, 0.212457
-139.675, 0.158996
-139.705, 0.098460
-139.736, 0.031837
-139.766, -0.039465
-139.796, -0.113674
-139.827, -0.188717
-139.857, -0.262282
-139.887, -0.331917
-139.918, -0.395112
-139.948, -0.449393
-139.978, -0.492426
-140.009, -0.522100
-140.039, -0.536625
-140.070, -0.534591
-140.100, -0.515052
-140.130, -0.477565
-140.161, -0.422219
-140.191, -0.349668
-140.221, -0.261114
-140.252, -0.158286
-140.282, -0.043416
-140.312, 0.080832
-140.343, 0.211425
-140.373, 0.345046
-140.403, 0.478174
-140.434, 0.606493
-140.464, 0.727121
-140.495, 0.836573
-140.525, 0.931579
-140.555, 1.009181
-140.586, 1.066800
-140.616, 1.102341
-140.646, 1.114222
-140.677, 1.101433
-140.707, 1.063564
-140.737, 1.000801
-140.768, 0.913932
-140.798, 0.804307
-140.829, 0.673807
-140.859, 0.524775
-140.889, 0.359958
-140.920, 0.182416
-140.950, -0.004552
-140.980, -0.197515
-141.011, -0.392994
-141.041, -0.587551
-141.071, -0.777882
-141.102, -0.960896
-141.132, -1.133792
-141.163, -1.294096
-141.193, -1.439738
-141.223, -1.569063
-141.254, -1.680863
-141.284, -1.774368
-141.314, -1.849246
-141.345, -1.905577
-141.375, -1.943824
-141.405, -1.964773
-141.436, -1.969500
-141.466, -1.959306
-141.497, -1.935650
-141.527, -1.900093
-141.557, -1.854243
-141.588, -1.799686
-141.618, -1.737948
-141.648, -1.670444
-141.679, -1.598445
-141.709, -1.523050
-141.739, -1.445179
-141.770, -1.365559
-141.800, -1.284734
-141.830, -1.203070
-141.861, -1.120791
-141.891, -1.037993
-141.922, -0.954691
-141.952, -0.870833
-141.982, -0.786367
-142.013, -0.701251
-142.043, -0.615497
-142.073, -0.529205
-142.104, -0.442580
-142.134, -0.355953
-142.164, -0.269779
-142.195, -0.184656
-142.225, -0.101303
-142.256, -0.020543
-142.286, 0.056715
-142.316, 0.129511
-142.347, 0.196866
-142.377, 0.257836
-142.407, 0.311537
-142.438, 0.357200
-142.468, 0.394207
-142.498, 0.422135
-142.529, 0.440786
-142.559, 0.450208
-142.590, 0.450722
-142.620, 0.442922
-142.650, 0.427681
-142.681, 0.406130
-142.711, 0.379640
-142.741, 0.349791
-142.772, 0.318328
-142.802, 0.287110
-142.832, 0.258056
-142.863, 0.233084
-142.893, 0.214045
-142.923, 0.202663
-142.954, 0.200470
-142.984, 0.208755
-143.015, 0.228505
-143.045, 0.260365
-143.075, 0.304605
-143.106, 0.361096
-143.136, 0.429311
-143.166, 0.508306
-143.197, 0.596761
-143.227, 0.692996
-143.257, 0.795011
-143.288, 0.900544
-143.318, 1.007130
-143.349, 1.112171
-143.379, 1.213012
-143.409, 1.307015
-143.440, 1.391641
-143.470, 1.464530
-143.500, 1.523562
-143.531, 1.566938
-143.561, 1.593227
-143.591, 1.601420
-143.622, 1.590954
-143.652, 1.561746
-143.683, 1.514190
-143.713, 1.449160
-143.743, 1.367978
-143.774, 1.272391
-143.804, 1.164515
-143.834, 1.046780
-143.865, 0.921867
-143.895, 0.792631
-143.925, 0.662013
-143.956, 0.532979
-143.986, 0.408422
-144.017, 0.291085
-144.047, 0.183495
-144.077, 0.087885
-144.108, 0.006144
-144.138, -0.060229
-144.168, -0.110176
-144.199, -0.143085
-144.229, -0.158808
-144.259, -0.157657
-144.290, -0.140397
-144.320, -0.108190
-144.350, -0.062591
-144.381, -0.005470
-144.411, 0.061029
-144.442, 0.134563
-144.472, 0.212649
-144.502, 0.292744
-144.533, 0.372307
-144.563, 0.448874
-144.593, 0.520121
-144.624, 0.583916
-144.654, 0.638387
-144.684, 0.681951
-144.715, 0.713359
-144.745, 0.731709
-144.776, 0.736473
-144.806, 0.727490
-144.836, 0.704967
-144.867, 0.669454
-144.897, 0.621831
-144.927, 0.563271
-144.958, 0.495198
-144.988, 0.419244
-145.018, 0.337203
-145.049, 0.250988
-145.079, 0.162563
-145.110, 0.073909
-145.140, -0.013032
-145.170, -0.096397
-145.201, -0.174453
-145.231, -0.245627
-145.261, -0.308539
-145.292, -0.362031
-145.322, -0.405176
-145.352, -0.437311
-145.383, -0.458031
-145.413, -0.467188
-145.444, -0.464899
-145.474, -0.451534
-145.504, -0.427697
-145.535, -0.394216
-145.565, -0.352118
-145.595, -0.302610
-145.626, -0.247046
-145.656, -0.186908
-145.686, -0.123775
-145.717, -0.059285
-145.747, 0.004887
-145.777, 0.067057
-145.808, 0.125570
-145.838, 0.178827
-145.869, 0.225314
-145.899, 0.263634
-145.929, 0.292525
-145.960, 0.310896
-145.990, 0.317842
-146.020, 0.312674
-146.051, 0.294932
-146.081, 0.264398
-146.111, 0.221118
-146.142, 0.165405
-146.172, 0.097840
-146.203, 0.019278
-146.233, -0.069166
-146.263, -0.166116
-146.294, -0.269961
-146.324, -0.378878
-146.354, -0.490855
-146.385, -0.603727
-146.415, -0.715210
-146.445, -0.822956
-146.476, -0.924588
-146.506, -1.017755
-146.537, -1.100185
-146.567, -1.169741
-146.597, -1.224461
-146.628, -1.262627
-146.658, -1.282798
-146.688, -1.283860
-146.719, -1.265061
-146.749, -1.226045
-146.779, -1.166862
-146.810, -1.087999
-146.840, -0.990364
-146.870, -0.875283
-146.901, -0.744486
-146.931, -0.600071
-146.962, -0.444470
-146.992, -0.280393
-147.022, -0.110772
-147.053, 0.061300
-147.083, 0.232644
-147.113, 0.400065
-147.144, 0.560432
-147.174, 0.710748
-147.204, 0.848222
-147.235, 0.970345
-147.265, 1.074940
-147.296, 1.160213
-147.326, 1.224813
-147.356, 1.267834
-147.387, 1.288861
-147.417, 1.287949
-147.447, 1.265634
-147.478, 1.222894
-147.508, 1.161126
-147.538, 1.082093
-147.569, 0.987869
-147.599, 0.880773
-147.630, 0.763288
-147.660, 0.638008
-147.690, 0.507530
-147.721, 0.374397
-147.751, 0.241019
-147.781, 0.109604
-147.812, -0.017908
-147.842, -0.139884
-147.872, -0.255047
-147.903, -0.362498
-147.933, -0.461729
-147.964, -0.552622
-147.994, -0.635426
-148.024, -0.710743
-148.055, -0.779469
-148.085, -0.842748
-148.115, -0.901913
-148.146, -0.958412
-148.176, -1.013735
-148.206, -1.069340
-148.237, -1.126570
-148.267, -1.186601
-148.297, -1.250352
-148.328, -1.318446
-148.358, -1.391160
-148.389, -1.468390
-148.419, -1.549631
-148.449, -1.633981
-148.480, -1.720141
-148.510, -1.806459
-148.540, -1.890947
-148.571, -1.971362
-148.601, -2.045250
-148.631, -2.110046
-148.662, -2.163138
-148.692, -2.201966
-148.723, -2.224109
-148.753, -2.227384
##END=
