##TITLE=      10 k PVP CPMAS 35 kHz
##JCAMP-DX=   5.01   $$ Agilent Technologies, VNMR Software
$$ VNMR Version VERSION Revision REVISION, May 22, 2014
$$ 2026/05/22 15:27:10 -0700
$$ writedata version 9.4, 2007-03-15
$$   listparam.c 3.2 (2009-03-17_09:34)
##DATA TYPE=  NMR SPECTRUM
##DATA CLASS= XYDATA
##ORIGIN=     WB400.mrrc.com.(none)
##OWNER=      solids
##SPECTROMETER/DATA SYSTEM=   Varian VNMRS-400
##.OBSERVE FREQUENCY= 100.5240406  $$ MHz
##.OBSERVE NUCLEUS=   ^13C
$$solvent=dmso
##.FIELD=             9.39         $$ Tesla
##.ACQUISITION TIME=  0.0102400    $$ seconds
##.AVERAGES=          32768        $$ number of transients
##RESOLUTION=         3.052        $$ digital resolution in Hz
##.MAS FREQUENCY=     35005        $$ Hz
##.PHASE 0=           139.0        $$ zero order phase correction (left edge)
##.PHASE 1=           -0.000265    $$ first order phase correction, deg/Hz
##$REFERENCE_POINT=   14951.888    $$ Referencing label
$$      Distance of the zero axis position (in Hz) from the last data
$$      point (right edge); positive values -> right edge is below 0 Hz
$$
$$ Varian specific parameters
$$ --------------------------
##$acqcycles=    1
##$acqdim=       1
##$acqpath=      <>
##$acqstatus=    (0..1)  101 0
##$ACQtime=      72220.5972
##$ad=           10                $$ usec
##$adir2tmplt=   <>
##$adirtmplt=    <>
##$aH90=         3675
##$aHhx=         3125
##$aHhy=         1525
##$aHmix=        2000
##$aHspinal=     2000
##$aHtppm=       3675
##$aHwaltz=      0
##$aHyx=         2000
##$alfa=         10                $$ usec
##$alock=        <n>
##$ampmode=      <dddd>
##$apptype=      <solidsseq1d>
##$Archive1=     <>
##$Archive2=     <>
##$archivedir=   <>
##$array=        <>
##$arraydelta=   1
##$arraydim=     1
##$arraydodc=    <n>
##$arraydscale=  <n>
##$arrayelemts=  0
##$arrayflip=    <n>
##$arraystart=   1
##$arraystop=    1
##$at=           0.01024
##$avwdir=       <>
##$aX180=        3500
##$aX90=         3050
##$aXdfs=        0
##$aXhx=         3050
##$aXyx=         875
##$aY90=         2900
##$aYhy=         3950
##$aYspinal=     0
##$aYtppm=       0
##$aYyx=         3225
##$aZ90=         2000
##$bHX=          0
##$bHY=          0
##$bs=           1
##$bYX=          0
##$celem=        1
##$chHspinal=    <dec>
##$chHtppm=      <dec>
##$chHwaltz=     <dec>
##$chHX=         <fr>
##$chHY=         <fr>
##$chXdfs=       <>
##$chYspinal=    <dec2>
##$chYtppm=      <dec2>
##$chYX=         <fr>
##$clearparams=  <frHX toHX chHspinal chHtppm chXdfs>
##$comment=      <>
##$concentration= 0
##$console=      <vnmrs>
##$cp=           <y>
##$ct=           32768
##$d1=           3                 $$ sec
##$d2=           0                 $$ sec
##$d3=           0                 $$ usec
##$dataid=       <>
##$dataProcessed= 0
##$date=         <Mar  5 2026>
##$datname=      <>
##$ddrpm=        <>
##$ddrtc=        20                $$ usec
##$dec2wave=     <g>
##$dec3wave=     <g>
##$decwave=      <g>
##$density=      1
##$dfrq=         399.7394066       $$ Hz
##$dfrq2=        40.5041504
##$dfrq3=        0
##$dHX=          125
##$dHY=          100
##$dm=           <n>
##$dm2=          <n>
##$dm3=          <n>
##$dmf=          9900
##$dmf2=         10000
##$dmf3=         10000
##$dmm=          <c>
##$dmm2=         <c>
##$dmm3=         <c>
##$dn=           <H1>
##$dn2=          <N15>
##$dn2shapes=    (0..2)  <> <> <>
##$dn3=          <>
##$dn3shapes=    (0..2)  <> <> <>
##$dnshapes=     (0..2)  <> <> <>
##$dod=          0.00999999977648  $$ sec
##$dof=          -6013.1           $$ Hz
##$dof2=         -5468.4           $$ Hz
##$dof3=         0                 $$ Hz
##$dp=           <y>
##$dpwr=         54
##$dpwr2=        57
##$dpwr3=        54
##$dreffrq=      399.743421015
##$dreffrq2=     40.5210591862
##$dres=         90
##$dres2=        1
##$dres3=        1
##$dseq=         <>
##$dseq2=        <>
##$dseq3=        <>
##$dutyc=        0.1
##$dwell=        0                 $$ usec
##$dYX=          0
##$email_=       <>
##$emailwhen=    <>
##$emessage=     <n>
##$explabel=     <tancpx>
##$explist=      <>
##$exppath=      </home/solids/vnmrsys/exp666/acqfil>
##$f1coef=       <>
##$f1SW=         <>
##$f2SW=         <>
##$faculty=      <>
##$fb=           13800
##$fdfdir=       <>
##$fdffile=      <>
##$fidid=        <>
##$file=         <exp>
##$filename=     <>
##$filter=       44.0999984741
##$fn=           32768
##$frHX=         <dec>
##$frHY=         <dec>
##$frYX=         <dec2>
##$ftproc=       (0..1)  1 21
##$gain=         10
##$Gmap=         <lk>
##$Gmapname=     <>
##$go_id=        <exp666.solids.WB400.mrrc.com_1772748534_920731>
##$go_Options=   <go>
##$gxppars=      <>
##$H1reffrq=     399.743421015
##$hdmf=         600
##$hdof=         0                 $$ Hz
##$hdpsmode=     <n>
##$hdpwr=        1
##$hdpwrf=       4095
##$hdres=        9
##$hdseq=        <>
##$hdwave=       <SEDUCE1>
##$Hmixseq=      <>
##$homo=         <n>
##$homo2=        <n>
##$homo3=        <n>
##$hs=           <nn>
##$Hseq=         <tppm>
##$hsrotor=      <y>
##$hst=          0.00800000037998  $$ sec
##$ident=        <>
##$il=           <n>
##$in=           <n>
##$intstd=       <>
##$investigator= <>
##$IPrunid=      <>
##$iswt=         0
##$lb=           10
##$lcpeak_=      0
##$lllabel=      <>
##$load=         <n>
##$loc_=         0
##$locdir=       <>
##$lockfreq_=    61.3632           $$ Hz
##$lockgain_=    0
##$lockphase_=   0
##$lockpower_=   0
##$longlist=     <>
##$lot=          <>
##$lpalg=        <lpfft>
##$lpalg1=       <lpfft>
##$lpext=        5
##$lpext1=       1
##$lpfilt=       32
##$lpfilt1=      32
##$lpnupts=      256
##$lpnupts1=     64
##$lpopt=        <b>
##$lpopt1=       <b>
##$lpprint=      0
##$lpprint1=     0
##$lptrace=      0
##$lptrace1=     0
##$marker1=      <>
##$marker2=      <>
##$markerfrq1=   0
##$markerfrq2=   0
##$method=       <z1z2>
##$mfslp=        <n>
##$MinSW=        <off>
##$modules=      <>
##$name=         <>
##$nameprefix=   <>
##$newmodules=   <>
##$ni=           1
##$nloop=        0
##$notebook=     <>
##$np=           1024
##$npts=         0
##$nt=           32768
##$obsSW=        <>
##$of1Xdfs=      0                 $$ Hz
##$of2Xdfs=      0                 $$ Hz
##$ofHX=         0                 $$ Hz
##$ofHY=         0                 $$ Hz
##$ofXdfs=       0                 $$ Hz
##$ofYX=         0                 $$ Hz
##$operator_=    <solids>
##$p1=           0                 $$ usec
##$p11console=   <>
##$pad=          0                 $$ sec
##$page=         <>
##$paramChanged= 0
##$parlabel=     <>
##$parver=       <VnmrJ VERSION 4.0 REVISION A>
##$parversion=   5.1
##$PFGflg=       <n>
##$phase=        1
##$phHspinal=    9.9864
##$phHtppm=      13.0086
##$phYspinal=    0
##$phYtppm=      0
##$plocklist=    <>
##$plotfile=     <>
##$pltopt=       <y>
##$pmode=        <full>
##$position1=    <>
##$position2=    <>
##$pp=           46.4000053406     $$ usec
##$pplvl=        55
##$pplvl_cf=     1
##$prcopt=       <y>
##$prescan=      (0..10)  <Not done> <Not done> <off> <off> <off> <off> <off> <on> <on> <> <>
##$priority=     5
##$probe_=       <1.6_MM_FMAS>
##$probetype_=   <mas>
##$proc=         <ft>
##$proccmd=      <wft>
##$procdim=      1
##$processid=    0
##$protocols=    <>
##$pslabel=      <tancpx>
##$pw=           5.99999904633     $$ usec
##$pw90=         0                 $$ usec
##$pwH90=        1.4               $$ usec
##$pwHspinal=    8                 $$ usec
##$pwHtppm=      2.7               $$ usec
##$pwHwaltz=     0                 $$ usec
##$pwx=          15                $$ usec
##$pwX180=       5                 $$ usec
##$pwx2=         15                $$ usec
##$pwx2lvl=      55
##$pwx2lvl_cf=   1
##$pwX90=        2.5               $$ usec
##$pwXdfs=       0                 $$ usec
##$pwxlvl=       55
##$pwxlvl_cf=    1
##$pwY90=        5                 $$ usec
##$pwYspinal=    0                 $$ usec
##$pwYtppm=      0                 $$ usec
##$pwZ90=        4                 $$ usec
##$queue=        <dayQ>
##$rd=           10                $$ usec
##$ref=          651.583001501     $$ Hz
##$ref1=         0                 $$ Hz
##$reffrq2=      100.515085718
##$refsource1=   <dfrq>
##$refstd_=      <>
##$researchgroup= <>
##$retentiontime_= <>
##$rfband=       <ccc>
##$rfchnuclei=   <>
##$rof1=         0                 $$ usec
##$rof2=         24.975            $$ usec
##$sample=       <>
##$samplename=   <>
##$sampleowner=  <>
##$sampwt=       0
##$satdly=       0                 $$ sec
##$satfrq=       0                 $$ Hz
##$satmode=      <n>
##$satpwr=       0
##$saveglobal_=  (0..19)  <probe> <lcpeak> <loc> <lockpower> <lockgain> <lockphase> <lockfreq> <z0> <lkof> <vloc> <vrack> <vzone> <vproto> <pkpick> <parstyle> <operator> <studyid> <systemname> <probetype> <refstd>
##$saveshapes=   <>
##$scans=        <>
##$scoutinfo=    <>
##$sdirtmplt=    <>
##$seqfil=       <tancpx>
##$sfrq=         100.5240406
##$shHX=         <l>
##$shHY=         <l>
##$shims=        <>
##$showarray=    <horiz>
##$showcontent=  <s>
##$shownumbers=  <n>
##$shownumstyle= <auto>
##$shownumx=     0
##$shownumy=     0
##$shYX=         <l>
##$sn=           50
##$solvent=      <dmso>
##$srate=        35005             $$ Hz
##$sreffrq=      100.515563163
##$ss=           0
##$sspul=        <n>
##$strtext=      5
##$strtext1=     1
##$strtlp=       5
##$strtlp1=      2
##$strtpar=      <>
##$study=        <>
##$studyid_=     <tmpstudy>
##$studyowner=   <solids>
##$studystatus=  <Empty>
##$studytime=    0
##$svfopt=       <y>
##$svftmplt=     <>
##$sw=           50000
##$sw1=          16000
##$systemname_=  <WB400.mrrc.com-vnmrs400>
##$tau1=         0                 $$ usec
##$tau2=         0                 $$ usec
##$tau3=         0                 $$ usec
##$tHmix=        50000             $$ usec
##$tHX=          1000              $$ usec
##$tHY=          1000              $$ usec
##$time_exp=     <5 min, 26 sec>
##$time_plotted= <>
##$time_processed= <20260320T091032>
##$time_run=     <20260305T150950>
##$time_submitted= <20260305T150854>
##$time_submitted_local= <20260305T150854X03PMThuMar>
##$time_svfdate= <20260305T150854>
##$tin=          <n>
##$tn=           <C13>
##$tnshapes=     (0..2)  <> <> <>
##$tof=          -1048.7           $$ Hz
##$toHX=         <obs>
##$toHY=         <dec2>
##$toYX=         <obs>
##$tpwr=         59
##$tpwr_cf=      1
##$tunemethod=   <n>
##$tXmix=        0                 $$ usec
##$tYX=          1000              $$ usec
##$user=         < 1-14-87>
##$username=     <Greg>
##$vloc_=        <A0>
##$volume=       0
##$vproto_=      <>
##$vrack_=       1
##$vtc=          25
##$vtwait=       1                 $$ sec
##$vzone_=       1
##$wbs=          <>
##$wdone=        <>
##$wds=          <>
##$werr=         <>
##$wexp=         <>
##$wnt=          <>
##$wshim=        <n>
##$wstart=       <>
##$wtfile=       <>
##$wtune=        <n>
##$x1=           -785
##$x2y2=         0
##$x3=           0
##$x4=           0
##$xy=           0
##$xz=           60
##$xz2=          0
##$y1=           -20
##$y3=           0
##$y4=           0
##$Yseq=         <>
##$yz=           0
##$yz2=          0
##$z0_=          0
##$z1=           -370
##$z1c=          -1044
##$z2=           -170
##$z2c=          196
##$z2x2y2=       0
##$z2x3=         0
##$z2xy=         0
##$z2y3=         0
##$z3=           -20
##$z3c=          0
##$z3x=          0
##$z3x2y2=       0
##$z3x3=         0
##$z3xy=         0
##$z3y=          0
##$z3y3=         0
##$z4=           0
##$z4c=          0
##$z4x=          0
##$z4x2y2=       0
##$z4xy=         0
##$z4y=          0
##$z5=           0
##$z5x=          0
##$z5y=          0
##$z6=           0
##$z7=           0
##$z8=           0
##$zx2y2=        0
##$zx3=          0
##$zxy=          0
##$zy3=          0
##$rp=           125.7
##$lp=           13.3
##$rfl=          14952.8      $$ Hz
##$rfp=          0.0          $$ Hz
##$reffrq=       100.5139934  $$ MHz
##$axis=         <p2>
##$th=           1.5          $$ mm
##$sp=           -14949.7     $$ Hz
##$wp=           49996.9      $$ Hz
##$cr=           1756.7       $$ Hz
##$delta=        19786.5      $$ Hz
##$dmg=          <ph>
##$aig=          <ai>
##$vs=           4361458.9
$$
$$ End of Varian specific parameters
$$ ---------------------------------
$$ data saved in "DIFDUP" format
$$ Y-values stored with extended (24-bit) integer precision
$$
##DELTAX=        -3.051757812
##XUNITS=        PPM
##YUNITS=        ARBITRARY UNITS      $$ (mm on paper)
##XFACTOR=       1.000000000000
##YFACTOR=       1.000000000000
##FIRSTXHz=        35047.199452
##LASTXHz=         -14949.748790
##NPOINTS=       16384
##MAXY=          115.690620
##MINY=          -0.831900
##FIRSTY=        -0.267396
##XYDATA=        (XY..XY))
348.680, -0.267396
348.649, -0.261597
348.619, -0.257144
348.589, -0.254096
348.558, -0.252461
348.528, -0.252184
348.498, -0.253151
348.467, -0.255201
348.437, -0.258117
348.407, -0.261644
348.376, -0.265488
348.346, -0.269334
348.315, -0.272844
348.285, -0.275676
348.255, -0.277486
348.224, -0.277945
348.194, -0.276739
348.164, -0.273596
348.133, -0.268273
348.103, -0.260580
348.073, -0.250377
348.042, -0.237583
348.012, -0.222179
347.981, -0.204216
347.951, -0.183805
347.921, -0.161122
347.890, -0.136410
347.860, -0.109968
347.830, -0.082145
347.799, -0.053347
347.769, -0.024002
347.739, 0.005419
347.708, 0.034440
347.678, 0.062564
347.648, 0.089308
347.617, 0.114197
347.587, 0.136789
347.556, 0.156675
347.526, 0.173497
347.496, 0.186949
347.465, 0.196797
347.435, 0.202871
347.405, 0.205088
347.374, 0.203432
347.344, 0.197979
347.314, 0.188877
347.283, 0.176361
347.253, 0.160731
347.222, 0.142360
347.192, 0.121672
347.162, 0.099144
347.131, 0.075292
347.101, 0.050650
347.071, 0.025768
347.040, 0.001193
347.010, -0.022543
346.980, -0.044935
346.949, -0.065527
346.919, -0.083902
346.888, -0.099718
346.858, -0.112695
346.828, -0.122637
346.797, -0.129423
346.767, -0.133024
346.737, -0.133476
346.706, -0.130914
346.676, -0.125537
346.646, -0.117613
346.615, -0.107468
346.585, -0.095476
346.554, -0.082041
346.524, -0.067597
346.494, -0.052571
346.463, -0.037401
346.433, -0.022494
346.403, -0.008229
346.372, 0.005068
346.342, 0.017111
346.312, 0.027684
346.281, 0.036643
346.251, 0.043909
346.221, 0.049474
346.190, 0.053408
346.160, 0.055843
346.129, 0.056969
346.099, 0.057028
346.069, 0.056314
346.038, 0.055131
346.008, 0.053812
345.978, 0.052687
345.947, 0.052076
345.917, 0.052264
345.887, 0.053517
345.856, 0.056029
345.826, 0.059952
345.795, 0.065361
345.765, 0.072267
345.735, 0.080597
345.704, 0.090218
345.674, 0.100912
345.644, 0.112410
345.613, 0.124378
345.583, 0.136443
345.553, 0.148197
345.522, 0.159214
345.492, 0.169067
345.461, 0.177343
345.431, 0.183652
345.401, 0.187657
345.370, 0.189067
345.340, 0.187673
345.310, 0.183335
345.279, 0.176007
345.249, 0.165723
345.219, 0.152620
345.188, 0.136920
345.158, 0.118927
345.128, 0.099024
345.097, 0.077662
345.067, 0.055338
345.036, 0.032582
345.006, 0.009953
344.976, -0.011992
344.945, -0.032725
344.915, -0.051738
344.885, -0.068581
344.854, -0.082877
344.824, -0.094322
344.794, -0.102702
344.763, -0.107906
344.733, -0.109929
344.702, -0.108855
344.672, -0.104876
344.642, -0.098273
344.611, -0.089411
344.581, -0.078718
344.551, -0.066681
344.520, -0.053820
344.490, -0.040663
344.460, -0.027744
344.429, -0.015567
344.399, -0.004595
344.368, 0.004773
344.338, 0.012212
344.308, 0.017489
344.277, 0.020465
344.247, 0.021111
344.217, 0.019499
344.186, 0.015812
344.156, 0.010325
344.126, 0.003407
344.095, -0.004506
344.065, -0.012912
344.034, -0.021276
344.004, -0.029046
343.974, -0.035669
343.943, -0.040627
343.913, -0.043445
343.883, -0.043722
343.852, -0.041144
343.822, -0.035501
343.792, -0.026703
343.761, -0.014778
343.731, 0.000112
343.701, 0.017676
343.670, 0.037506
343.640, 0.059084
343.609, 0.081786
343.579, 0.104918
343.549, 0.127722
343.518, 0.149416
343.488, 0.169203
343.458, 0.186311
343.427, 0.200021
343.397, 0.209676
343.367, 0.214730
343.336, 0.214753
343.306, 0.209448
343.275, 0.198678
343.245, 0.182454
343.215, 0.160965
343.184, 0.134553
343.154, 0.103719
343.124, 0.069099
343.093, 0.031456
343.063, -0.008336
343.033, -0.049341
343.002, -0.090569
342.972, -0.131014
342.941, -0.169679
342.911, -0.205625
342.881, -0.237979
342.850, -0.265978
342.820, -0.288982
342.790, -0.306514
342.759, -0.318255
342.729, -0.324055
342.699, -0.323961
342.668, -0.318192
342.638, -0.307131
342.607, -0.291347
342.577, -0.271523
342.547, -0.248481
342.516, -0.223122
342.486, -0.196417
342.456, -0.169356
342.425, -0.142944
342.395, -0.118136
342.365, -0.095815
342.334, -0.076772
342.304, -0.061688
342.274, -0.051074
342.243, -0.045300
342.213, -0.044554
342.182, -0.048846
342.152, -0.058018
342.122, -0.071742
342.091, -0.089524
342.061, -0.110743
342.031, -0.134664
342.000, -0.160467
341.970, -0.187268
341.940, -0.214165
341.909, -0.240259
341.879, -0.264695
341.848, -0.286679
341.818, -0.305527
341.788, -0.320666
341.757, -0.331663
341.727, -0.338241
341.697, -0.340292
341.666, -0.337854
341.636, -0.331141
341.606, -0.320502
341.575, -0.306435
341.545, -0.289537
341.514, -0.270499
341.484, -0.250061
341.454, -0.229001
341.423, -0.208092
341.393, -0.188062
341.363, -0.169584
341.332, -0.153223
341.302, -0.139438
341.272, -0.128532
341.241, -0.120673
341.211, -0.115847
341.181, -0.113887
341.150, -0.114456
341.120, -0.117071
341.089, -0.121103
341.059, -0.125822
341.029, -0.130402
340.998, -0.133961
340.968, -0.135600
340.938, -0.134430
340.907, -0.129609
340.877, -0.120379
340.847, -0.106099
340.816, -0.086271
340.786, -0.060571
340.755, -0.028860
340.725, 0.008795
340.695, 0.052119
340.664, 0.100630
340.634, 0.153644
340.604, 0.210293
340.573, 0.269545
340.543, 0.330232
340.513, 0.391085
340.482, 0.450768
340.452, 0.507915
340.421, 0.561186
340.391, 0.609286
340.361, 0.651022
340.330, 0.685340
340.300, 0.711347
340.270, 0.728171
340.239, 0.735814
340.209, 0.733753
340.179, 0.721999
340.148, 0.700814
340.118, 0.670698
340.087, 0.632371
340.057, 0.586765
340.027, 0.534984
339.996, 0.478275
339.966, 0.417992
339.936, 0.355551
339.905, 0.292393
339.875, 0.229937
339.845, 0.169534
339.814, 0.112442
339.784, 0.059771
339.754, 0.012469
339.723, -0.028711
339.693, -0.063236
339.662, -0.090783
339.632, -0.111270
339.602, -0.124828
339.571, -0.131807
339.541, -0.132742
339.511, -0.128347
339.480, -0.119472
339.450, -0.107071
339.420, -0.092170
339.389, -0.075831
339.359, -0.059099
339.328, -0.042985
339.298, -0.028411
339.268, -0.016197
339.237, -0.007019
339.207, -0.001400
339.177, 0.000316
339.146, -0.002031
339.116, -0.008423
339.086, -0.018664
339.055, -0.032379
339.025, -0.049059
338.994, -0.068056
338.964, -0.088629
338.934, -0.109965
338.903, -0.131215
338.873, -0.151526
338.843, -0.170074
338.812, -0.186099
338.782, -0.198927
338.752, -0.207999
338.721, -0.212891
338.691, -0.213322
338.661, -0.209175
338.630, -0.200488
338.600, -0.187455
338.569, -0.170416
338.539, -0.149846
338.509, -0.126322
338.478, -0.100516
338.448, -0.073150
338.418, -0.044992
338.387, -0.016793
338.357, 0.010716
338.327, 0.036864
338.296, 0.061062
338.266, 0.082826
338.235, 0.101796
338.205, 0.117743
338.175, 0.130584
338.144, 0.140372
338.114, 0.147299
338.084, 0.151685
338.053, 0.153953
338.023, 0.154624
337.993, 0.154276
337.962, 0.153528
337.932, 0.153005
337.901, 0.153310
337.871, 0.155001
337.841, 0.158550
337.810, 0.164337
337.780, 0.172615
337.750, 0.183500
337.719, 0.196965
337.689, 0.212833
337.659, 0.230776
337.628, 0.250328
337.598, 0.270902
337.567, 0.291800
337.537, 0.312254
337.507, 0.331440
337.476, 0.348517
337.446, 0.362658
337.416, 0.373088
337.385, 0.379116
337.355, 0.380159
337.325, 0.375782
337.294, 0.365709
337.264, 0.349847
337.234, 0.328300
337.203, 0.301370
337.173, 0.269546
337.142, 0.233513
337.112, 0.194117
337.082, 0.152351
337.051, 0.109325
337.021, 0.066230
336.991, 0.024302
336.960, -0.015230
336.930, -0.051163
336.900, -0.082383
336.869, -0.107897
336.839, -0.126864
336.808, -0.138638
336.778, -0.142780
336.748, -0.139091
336.717, -0.127614
336.687, -0.108649
336.657, -0.082735
336.626, -0.050638
336.596, -0.013349
336.566, 0.027974
336.535, 0.072015
336.505, 0.117353
336.474, 0.162503
336.444, 0.205968
336.414, 0.246282
336.383, 0.282057
336.353, 0.312032
336.323, 0.335111
336.292, 0.350408
336.262, 0.357269
336.232, 0.355296
336.201, 0.344363
336.171, 0.324622
336.140, 0.296502
336.110, 0.260695
336.080, 0.218126
336.049, 0.169941
336.019, 0.117457
335.989, 0.062131
335.958, 0.005496
335.928, -0.050865
335.898, -0.105386
335.867, -0.156565
335.837, -0.203017
335.807, -0.243502
335.776, -0.276982
335.746, -0.302645
335.715, -0.319938
335.685, -0.328576
335.655, -0.328551
335.624, -0.320136
335.594, -0.303870
335.564, -0.280541
335.533, -0.251158
335.503, -0.216915
335.473, -0.179152
335.442, -0.139307
335.412, -0.098875
335.381, -0.059345
335.351, -0.022165
335.321, 0.011317
335.290, 0.039894
335.260, 0.062538
335.230, 0.078431
335.199, 0.087000
335.169, 0.087924
335.139, 0.081153
335.108, 0.066896
335.078, 0.045630
335.047, 0.018061
335.017, -0.014882
334.987, -0.052090
334.956, -0.092305
334.926, -0.134170
334.896, -0.176265
334.865, -0.217166
334.835, -0.255478
334.805, -0.289888
334.774, -0.319204
334.744, -0.342402
334.714, -0.358638
334.683, -0.367290
334.653, -0.367964
334.622, -0.360512
334.592, -0.345641
334.562, -0.323066
334.531, -0.293345
334.501, -0.257224
334.471, -0.215627
334.440, -0.169617
334.410, -0.120356
334.380, -0.069074
334.349, -0.017017
334.319, 0.034585
334.288, 0.084560
334.258, 0.131822
334.228, 0.175416
334.197, 0.214532
334.167, 0.248534
334.137, 0.276962
334.106, 0.299546
334.076, 0.316209
334.046, 0.327051
334.015, 0.332339
333.985, 0.332489
333.954, 0.328039
333.924, 0.319626
333.894, 0.307945
333.863, 0.293725
333.833, 0.277703
333.803, 0.260577
333.772, 0.242989
333.742, 0.225496
333.712, 0.208555
333.681, 0.192496
333.651, 0.177526
333.620, 0.163713
333.590, 0.150992
333.560, 0.139181
333.529, 0.127988
333.499, 0.117025
333.469, 0.105840
333.438, 0.093945
333.408, 0.080826
333.378, 0.065997
333.347, 0.049010
333.317, 0.029492
333.287, 0.007165
333.256, -0.018138
333.226, -0.046437
333.195, -0.077619
333.165, -0.111423
333.135, -0.147428
333.104, -0.185085
333.074, -0.223713
333.044, -0.262523
333.013, -0.300647
332.983, -0.337149
332.953, -0.371086
332.922, -0.401512
332.892, -0.427533
332.861, -0.448327
332.831, -0.463183
332.801, -0.471533
332.770, -0.472973
332.740, -0.467274
332.710, -0.454416
332.679, -0.434578
332.649, -0.408145
332.619, -0.375703
332.588, -0.338024
332.558, -0.296041
332.527, -0.250830
332.497, -0.203568
332.467, -0.155510
332.436, -0.107940
332.406, -0.062137
332.376, -0.019326
332.345, 0.019352
332.315, 0.052881
332.285, 0.080405
332.254, 0.101256
332.224, 0.114984
332.193, 0.121356
332.163, 0.120375
332.133, 0.112287
332.102, 0.097565
332.072, 0.076898
332.042, 0.051170
332.011, 0.021428
331.981, -0.011141
331.951, -0.045261
331.920, -0.079604
331.890, -0.112823
331.860, -0.143611
331.829, -0.170733
331.799, -0.193075
331.768, -0.209664
331.738, -0.219722
331.708, -0.222668
331.677, -0.218158
331.647, -0.206081
331.617, -0.186566
331.586, -0.159979
331.556, -0.126915
331.526, -0.088168
331.495, -0.044710
331.465, 0.002335
331.434, 0.051735
331.404, 0.102195
331.374, 0.152383
331.343, 0.200985
331.313, 0.246743
331.283, 0.288495
331.252, 0.325209
331.222, 0.356022
331.192, 0.380259
331.161, 0.397444
331.131, 0.407332
331.100, 0.409903
331.070, 0.405363
331.040, 0.394124
331.009, 0.376805
330.979, 0.354191
330.949, 0.327219
330.918, 0.296937
330.888, 0.264472
330.858, 0.230987
330.827, 0.197647
330.797, 0.165581
330.767, 0.135843
330.736, 0.109376
330.706, 0.086991
330.675, 0.069334
330.645, 0.056877
330.615, 0.049895
330.584, 0.048470
330.554, 0.052482
330.524, 0.061631
330.493, 0.075433
330.463, 0.093256
330.433, 0.114330
330.402, 0.137788
330.372, 0.162681
330.341, 0.188025
330.311, 0.212826
330.281, 0.236115
330.250, 0.256978
330.220, 0.274584
330.190, 0.288213
330.159, 0.297267
330.129, 0.301297
330.099, 0.300009
330.068, 0.293268
330.038, 0.281100
330.007, 0.263676
329.977, 0.241315
329.947, 0.214466
329.916, 0.183680
329.886, 0.149599
329.856, 0.112929
329.825, 0.074410
329.795, 0.034804
329.765, -0.005149
329.734, -0.044728
329.704, -0.083269
329.673, -0.120186
329.643, -0.154956
329.613, -0.187165
329.582, -0.216489
329.552, -0.242694
329.522, -0.265659
329.491, -0.285338
329.461, -0.301761
329.431, -0.315030
329.400, -0.325302
329.370, -0.332761
329.340, -0.337616
329.309, -0.340082
329.279, -0.340359
329.248, -0.338627
329.218, -0.335019
329.188, -0.329647
329.157, -0.322558
329.127, -0.313759
329.097, -0.303208
329.066, -0.290820
329.036, -0.276483
329.006, -0.260064
328.975, -0.241121
328.945, -0.219822
328.914, -0.196052
328.884, -0.169740
328.854, -0.140871
328.823, -0.109507
328.793, -0.075773
328.763, -0.039897
328.732, -0.002198
328.702, 0.036910
328.672, 0.076917
328.641, 0.117232
328.611, 0.157183
328.580, 0.196042
328.550, 0.233037
328.520, 0.267377
328.489, 0.298277
328.459, 0.324977
328.429, 0.346780
328.398, 0.363067
328.368, 0.373322
328.338, 0.377166
328.307, 0.374361
328.277, 0.364833
328.246, 0.348681
328.216, 0.326189
328.186, 0.297812
328.155, 0.264180
328.125, 0.226083
328.095, 0.184453
328.064, 0.140342
328.034, 0.094888
328.004, 0.049307
327.973, 0.004819
327.943, -0.037349
327.913, -0.076024
327.882, -0.110117
327.852, -0.138650
327.821, -0.160807
327.791, -0.175938
327.761, -0.183600
327.730, -0.183570
327.700, -0.175855
327.670, -0.160690
327.639, -0.138550
327.609, -0.110123
327.579, -0.076307
327.548, -0.038173
327.518, 0.003052
327.487, 0.046034
327.457, 0.089356
327.427, 0.131564
327.396, 0.171227
327.366, 0.206952
327.336, 0.237450
327.305, 0.261566
327.275, 0.278312
327.245, 0.286911
327.214, 0.286808
327.184, 0.277703
327.153, 0.259545
327.123, 0.232561
327.093, 0.197223
327.062, 0.154250
327.032, 0.104599
327.002, 0.049417
326.971, -0.009976
326.941, -0.072135
326.911, -0.135524
326.880, -0.198562
326.850, -0.259675
326.820, -0.317337
326.789, -0.370111
326.759, -0.416701
326.728, -0.455972
326.698, -0.487009
326.668, -0.509107
326.637, -0.521828
326.607, -0.524983
326.577, -0.518654
326.546, -0.503171
326.516, -0.479122
326.486, -0.447320
326.455, -0.408775
326.425, -0.364673
326.394, -0.316324
326.364, -0.265142
326.334, -0.212579
326.303, -0.160098
326.273, -0.109125
326.243, -0.061008
326.212, -0.016976
326.182, 0.021893
326.152, 0.054702
326.121, 0.080762
326.091, 0.099596
326.060, 0.110968
326.030, 0.114867
326.000, 0.111514
325.969, 0.101342
325.939, 0.084985
325.909, 0.063249
325.878, 0.037082
325.848, 0.007541
325.818, -0.024233
325.787, -0.057073
325.757, -0.089805
325.726, -0.121304
325.696, -0.150508
325.666, -0.176465
325.635, -0.198359
325.605, -0.215536
325.575, -0.227503
325.544, -0.233972
325.514, -0.234842
325.484, -0.230202
325.453, -0.220331
325.423, -0.205680
325.393, -0.186857
325.362, -0.164602
325.332, -0.139764
325.301, -0.113264
325.271, -0.086074
325.241, -0.059180
325.210, -0.033548
325.180, -0.010098
325.150, 0.010332
325.119, 0.026999
325.089, 0.039290
325.059, 0.046727
325.028, 0.048995
324.998, 0.045932
324.967, 0.037541
324.937, 0.023986
324.907, 0.005580
324.876, -0.017219
324.846, -0.043840
324.816, -0.073606
324.785, -0.105758
324.755, -0.139486
324.725, -0.173951
324.694, -0.208310
324.664, -0.241743
324.633, -0.273476
324.603, -0.302799
324.573, -0.329092
324.542, -0.351833
324.512, -0.370608
324.482, -0.385136
324.451, -0.395239
324.421, -0.400877
324.391, -0.402121
324.360, -0.399151
324.330, -0.392249
324.300, -0.381776
324.269, -0.368164
324.239, -0.351896
324.208, -0.333485
324.178, -0.313465
324.148, -0.292361
324.117, -0.270678
324.087, -0.248893
324.057, -0.227428
324.026, -0.206657
323.996, -0.186887
323.966, -0.168353
323.935, -0.151225
323.905, -0.135600
323.874, -0.121519
323.844, -0.108958
323.814, -0.097847
323.783, -0.088078
323.753, -0.079515
323.723, -0.072004
323.692, -0.065389
323.662, -0.059520
323.632, -0.054264
323.601, -0.049513
323.571, -0.045194
323.540, -0.041269
323.510, -0.037745
323.480, -0.034661
323.449, -0.032105
323.419, -0.030191
323.389, -0.029068
323.358, -0.028899
323.328, -0.031149
323.298, -0.034699
323.267, -0.039722
323.237, -0.046348
323.206, -0.054689
323.176, -0.064805
323.146, -0.076705
323.115, -0.090343
323.085, -0.105604
323.055, -0.122307
323.024, -0.140209
322.994, -0.158995
322.964, -0.178306
322.933, -0.197713
322.903, -0.216765
322.873, -0.234974
322.842, -0.251834
322.812, -0.266847
322.781, -0.279526
322.751, -0.289411
322.721, -0.296096
322.690, -0.299225
322.660, -0.298526
322.630, -0.293799
322.599, -0.284941
322.569, -0.271949
322.539, -0.254917
322.508, -0.234036
322.478, -0.209600
322.447, -0.181989
322.417, -0.151667
322.387, -0.119161
322.356, -0.085064
322.326, -0.050000
322.296, -0.014618
322.265, 0.020437
322.235, 0.054518
322.205, 0.087027
322.174, 0.117407
322.144, 0.145168
322.113, 0.169904
322.083, 0.191287
322.053, 0.209102
322.022, 0.223231
321.992, 0.233660
321.962, 0.240486
321.931, 0.243900
321.901, 0.244192
321.871, 0.241733
321.840, 0.236964
321.810, 0.230377
321.779, 0.222512
321.749, 0.213916
321.719, 0.205145
321.688, 0.196741
321.658, 0.189207
321.628, 0.182998
321.597, 0.178505
321.567, 0.176040
321.537, 0.175828
321.506, 0.178002
321.476, 0.182596
321.446, 0.189544
321.415, 0.198686
321.385, 0.209772
321.354, 0.222472
321.324, 0.236385
321.294, 0.251050
321.263, 0.265972
321.233, 0.280628
321.203, 0.294485
321.172, 0.307026
321.142, 0.317757
321.112, 0.326227
321.081, 0.332048
321.051, 0.334897
321.020, 0.334536
320.990, 0.330812
320.960, 0.323666
320.929, 0.313136
320.899, 0.299353
320.869, 0.282538
320.838, 0.262990
320.808, 0.241089
320.778, 0.217268
320.747, 0.192012
320.717, 0.165837
320.686, 0.139276
320.656, 0.112860
320.626, 0.087110
320.595, 0.062511
320.565, 0.039510
320.535, 0.018492
320.504, -0.000223
320.474, -0.016387
320.444, -0.029832
320.413, -0.040478
320.383, -0.048317
320.353, -0.053424
320.322, -0.055944
320.292, -0.056095
320.261, -0.054142
320.231, -0.050397
320.201, -0.045199
320.170, -0.038912
320.140, -0.031896
320.110, -0.024507
320.079, -0.017074
320.049, -0.009894
320.019, -0.003218
319.988, 0.002746
319.958, 0.007862
319.927, 0.012044
319.897, 0.015274
319.867, 0.017590
319.836, 0.019093
319.806, 0.019923
319.776, 0.020274
319.745, 0.020361
319.715, 0.020428
319.685, 0.020717
319.654, 0.021470
319.624, 0.022910
319.593, 0.025231
319.563, 0.028583
319.533, 0.033067
319.502, 0.038716
319.472, 0.045507
319.442, 0.053348
319.411, 0.062073
319.381, 0.071453
319.351, 0.081194
319.320, 0.090946
319.290, 0.100317
319.259, 0.108877
319.229, 0.116182
319.199, 0.121775
319.168, 0.125216
319.138, 0.126087
319.108, 0.124019
319.077, 0.118691
319.047, 0.109866
319.017, 0.097380
318.986, 0.081171
318.956, 0.061270
318.926, 0.037824
318.895, 0.011078
318.865, -0.018608
318.834, -0.050787
318.804, -0.084905
318.774, -0.120339
318.743, -0.156388
318.713, -0.192312
318.683, -0.227333
318.652, -0.260658
318.622, -0.291507
318.592, -0.319124
318.561, -0.342807
318.531, -0.361917
318.500, -0.375903
318.470, -0.384325
318.440, -0.386844
318.409, -0.383260
318.379, -0.373501
318.349, -0.357634
318.318, -0.335865
318.288, -0.308532
318.258, -0.276102
318.227, -0.239160
318.197, -0.198392
318.166, -0.154573
318.136, -0.108544
318.106, -0.061203
318.075, -0.013464
318.045, 0.033747
318.015, 0.079523
317.984, 0.122996
317.954, 0.163357
317.924, 0.199874
317.893, 0.231913
317.863, 0.258939
317.832, 0.280549
317.802, 0.296458
317.772, 0.306521
317.741, 0.310714
317.711, 0.309158
317.681, 0.304429
317.650, 0.294544
317.620, 0.279964
317.590, 0.261242
317.559, 0.239008
317.529, 0.213951
317.499, 0.186802
317.468, 0.158315
317.438, 0.129250
317.407, 0.100350
317.377, 0.072333
317.347, 0.045866
317.316, 0.021559
317.286, -0.000047
317.256, -0.018497
317.225, -0.033418
317.195, -0.044534
317.165, -0.051662
317.134, -0.054717
317.104, -0.053695
317.073, -0.048696
317.043, -0.039888
317.013, -0.027517
316.982, -0.011893
316.952, 0.006615
316.922, 0.027607
316.891, 0.050634
316.861, 0.075237
316.831, 0.100939
316.800, 0.127262
316.770, 0.153737
316.739, 0.179908
316.709, 0.205338
316.679, 0.229625
316.648, 0.252396
316.618, 0.273312
316.588, 0.292076
316.557, 0.308434
316.527, 0.322169
316.497, 0.333112
316.466, 0.341129
316.436, 0.346133
316.406, 0.348075
316.375, 0.346947
316.345, 0.342781
316.314, 0.335643
316.284, 0.325639
316.254, 0.312911
316.223, 0.297630
316.193, 0.280013
316.163, 0.260295
316.132, 0.238758
316.102, 0.215705
316.072, 0.191475
316.041, 0.166423
316.011, 0.140939
315.980, 0.115425
315.950, 0.090296
315.920, 0.065981
315.889, 0.042906
315.859, 0.021492
315.829, 0.002150
315.798, -0.014739
315.768, -0.028821
315.738, -0.039787
315.707, -0.047381
315.677, -0.051406
315.646, -0.051734
315.616, -0.048316
315.586, -0.041192
315.555, -0.030482
315.525, -0.016403
315.495, 0.000734
315.464, 0.020532
315.434, 0.042502
315.404, 0.066075
315.373, 0.090611
315.343, 0.115414
315.312, 0.139736
315.282, 0.162800
315.252, 0.183820
315.221, 0.202011
315.191, 0.216619
315.161, 0.226936
315.130, 0.232317
315.100, 0.232205
315.070, 0.226149
315.039, 0.213814
315.009, 0.195000
314.979, 0.169651
314.948, 0.137862
314.918, 0.099886
314.887, 0.056123
314.857, 0.007135
314.827, -0.046381
314.796, -0.103599
314.766, -0.163576
314.736, -0.225276
314.705, -0.287591
314.675, -0.349369
314.645, -0.409430
314.614, -0.466618
314.584, -0.519802
314.553, -0.567918
314.523, -0.609998
314.493, -0.645188
314.462, -0.672779
314.432, -0.692222
314.402, -0.703137
314.371, -0.705333
314.341, -0.698812
314.311, -0.683773
314.280, -0.660600
314.250, -0.629858
314.219, -0.592290
314.189, -0.548777
314.159, -0.500329
314.128, -0.448067
314.098, -0.393174
314.068, -0.336885
314.037, -0.280443
314.007, -0.225069
313.977, -0.171934
313.946, -0.122126
313.916, -0.076623
313.885, -0.036272
313.855, -0.001763
313.825, 0.026389
313.794, 0.047845
313.764, 0.062457
313.734, 0.070265
313.703, 0.071504
313.673, 0.066576
313.643, 0.056049
313.612, 0.040630
313.582, 0.021150
313.552, -0.001472
313.521, -0.026244
313.491, -0.052145
313.460, -0.078151
313.430, -0.103263
313.400, -0.126540
313.369, -0.147124
313.339, -0.164266
313.309, -0.177354
313.278, -0.185921
313.248, -0.189659
313.218, -0.188435
313.187, -0.182282
313.157, -0.171410
313.126, -0.156183
313.096, -0.137115
313.066, -0.114858
313.035, -0.090171
313.005, -0.063898
312.975, -0.036945
312.944, -0.010249
312.914, 0.015254
312.884, 0.038654
312.853, 0.059095
312.823, 0.075808
312.792, 0.088133
312.762, 0.095530
312.732, 0.097618
312.701, 0.094161
312.671, 0.085099
312.641, 0.070540
312.610, 0.050758
312.580, 0.026189
312.550, -0.002581
312.519, -0.034830
312.489, -0.069728
312.459, -0.106346
312.428, -0.143691
312.398, -0.180736
312.367, -0.216436
312.337, -0.249772
312.307, -0.279766
312.276, -0.305514
312.246, -0.326208
312.216, -0.341158
312.185, -0.349811
312.155, -0.351764
312.125, -0.346772
312.094, -0.334761
312.064, -0.317765
312.033, -0.294089
312.003, -0.264133
311.973, -0.228445
311.942, -0.187704
311.912, -0.142686
311.882, -0.094255
311.851, -0.043345
311.821, 0.009076
311.791, 0.062027
311.760, 0.114542
311.730, 0.165683
311.699, 0.214576
311.669, 0.260424
311.639, 0.302521
311.608, 0.340276
311.578, 0.373215
311.548, 0.400989
311.517, 0.423391
311.487, 0.440332
311.457, 0.451854
311.426, 0.458115
311.396, 0.459399
311.365, 0.456060
311.335, 0.448552
311.305, 0.437386
311.274, 0.423118
311.244, 0.406330
311.214, 0.387623
311.183, 0.367570
311.153, 0.346740
311.123, 0.325640
311.092, 0.304737
311.062, 0.284427
311.032, 0.265038
311.001, 0.246810
310.971, 0.229911
310.940, 0.214417
310.910, 0.200340
310.880, 0.187604
310.849, 0.176087
310.819, 0.165591
310.789, 0.155890
310.758, 0.146717
310.728, 0.137793
310.698, 0.128829
310.667, 0.119553
310.637, 0.109706
310.606, 0.099067
310.576, 0.087454
310.546, 0.074738
310.515, 0.060846
310.485, 0.045774
310.455, 0.029577
310.424, 0.012374
310.394, -0.005652
310.364, -0.024260
310.333, -0.043163
310.303, -0.062025
310.272, -0.080484
310.242, -0.098149
310.212, -0.114624
310.181, -0.129512
310.151, -0.142433
310.121, -0.153031
310.090, -0.160986
310.060, -0.166026
310.030, -0.167936
309.999, -0.166560
309.969, -0.161814
309.939, -0.153683
309.908, -0.142229
309.878, -0.127579
309.847, -0.109939
309.817, -0.089573
309.787, -0.066807
309.756, -0.042016
309.726, -0.015623
309.696, 0.011923
309.665, 0.040151
309.635, 0.068579
309.605, 0.096728
309.574, 0.124133
309.544, 0.150347
309.513, 0.174964
309.483, 0.197614
309.453, 0.217987
309.422, 0.235811
309.392, 0.250894
309.362, 0.263089
309.331, 0.272328
309.301, 0.278588
309.271, 0.281923
309.240, 0.282430
309.210, 0.280264
309.179, 0.275620
309.149, 0.268727
309.119, 0.259841
309.088, 0.249243
309.058, 0.237212
309.028, 0.224037
308.997, 0.209992
308.967, 0.195340
308.937, 0.180312
308.906, 0.165122
308.876, 0.149935
308.845, 0.134891
308.815, 0.120082
308.785, 0.105567
308.754, 0.091355
308.724, 0.077432
308.694, 0.063739
308.663, 0.050199
308.633, 0.036702
308.603, 0.023135
308.572, 0.009364
308.542, -0.004735
308.512, -0.019287
308.481, -0.034397
308.451, -0.050150
308.420, -0.066608
308.390, -0.083795
308.360, -0.101697
308.329, -0.120271
308.299, -0.139417
308.269, -0.159008
308.238, -0.178868
308.208, -0.198788
308.178, -0.218525
308.147, -0.237812
308.117, -0.256355
308.086, -0.273857
308.056, -0.290003
308.026, -0.304496
307.995, -0.317042
307.965, -0.327374
307.935, -0.335248
307.904, -0.340465
307.874, -0.342867
307.844, -0.342345
307.813, -0.338845
307.783, -0.332369
307.752, -0.322978
307.722, -0.310786
307.692, -0.295965
307.661, -0.278744
307.631, -0.259386
307.601, -0.238201
307.570, -0.215525
307.540, -0.191723
307.510, -0.167167
307.479, -0.142234
307.449, -0.117287
307.418, -0.092687
307.388, -0.068750
307.358, -0.045772
307.327, -0.023991
307.297, -0.003615
307.267, 0.015216
307.236, 0.032410
307.206, 0.047938
307.176, 0.061816
307.145, 0.074123
307.115, 0.084980
307.085, 0.094554
307.054, 0.103044
307.024, 0.110678
306.993, 0.117692
306.963, 0.124341
306.933, 0.130860
306.902, 0.137482
306.872, 0.144409
306.842, 0.151814
306.811, 0.159822
306.781, 0.168513
306.751, 0.177917
306.720, 0.188010
306.690, 0.198701
306.659, 0.209858
306.629, 0.221290
306.599, 0.232757
306.568, 0.243988
306.538, 0.254678
306.508, 0.264498
306.477, 0.273115
306.447, 0.280197
306.417, 0.286419
306.386, 0.290493
306.356, 0.292172
306.325, 0.291246
306.295, 0.287568
306.265, 0.281054
306.234, 0.271694
306.204, 0.259542
306.174, 0.244740
306.143, 0.227487
306.113, 0.208062
306.083, 0.186806
306.052, 0.164106
306.022, 0.140400
305.992, 0.116156
305.961, 0.091862
305.931, 0.068001
305.900, 0.045062
305.870, 0.023498
305.840, 0.003728
305.809, -0.013879
305.779, -0.029015
305.749, -0.041444
305.718, -0.051005
305.688, -0.057621
305.658, -0.061299
305.627, -0.062121
305.597, -0.060260
305.566, -0.055949
305.536, -0.049491
305.506, -0.041240
305.475, -0.031588
305.445, -0.020952
305.415, -0.009758
305.384, 0.001576
305.354, 0.012652
305.324, 0.023104
305.293, 0.032625
305.263, 0.040965
305.232, 0.047942
305.202, 0.053455
305.172, 0.057485
305.141, 0.060093
305.111, 0.061430
305.081, 0.061700
305.050, 0.061194
305.020, 0.060247
304.990, 0.059237
304.959, 0.058564
304.929, 0.058641
304.898, 0.059864
304.868, 0.062603
304.838, 0.067182
304.807, 0.073855
304.777, 0.082801
304.747, 0.094108
304.716, 0.107754
304.686, 0.123620
304.656, 0.141466
304.625, 0.160942
304.595, 0.181595
304.565, 0.202870
304.534, 0.224134
304.504, 0.244679
304.473, 0.263747
304.443, 0.280562
304.413, 0.294335
304.382, 0.304302
304.352, 0.309743
304.322, 0.310014
304.291, 0.304555
304.261, 0.292935
304.231, 0.274851
304.200, 0.250152
304.170, 0.218850
304.139, 0.181123
304.109, 0.137318
304.079, 0.087956
304.048, 0.033710
304.018, -0.024595
303.988, -0.086012
303.957, -0.149480
303.927, -0.213863
303.897, -0.277966
303.866, -0.340575
303.836, -0.400486
303.805, -0.456527
303.775, -0.507607
303.745, -0.552730
303.714, -0.591029
303.684, -0.621790
303.654, -0.644462
303.623, -0.658687
303.593, -0.664294
303.563, -0.661314
303.532, -0.649973
303.502, -0.630686
303.471, -0.604044
303.441, -0.570791
303.411, -0.531815
303.380, -0.488110
303.350, -0.440749
303.320, -0.390861
303.289, -0.339587
303.259, -0.288056
303.229, -0.237354
303.198, -0.188489
303.168, -0.142365
303.138, -0.099774
303.107, -0.061350
303.077, -0.027579
303.046, 0.001224
303.016, 0.024904
302.986, 0.043485
302.955, 0.057141
302.925, 0.066195
302.895, 0.071100
302.864, 0.072415
302.834, 0.070791
302.804, 0.066928
302.773, 0.061562
302.743, 0.055425
302.712, 0.049231
302.682, 0.043640
302.652, 0.039241
302.621, 0.036521
302.591, 0.035860
302.561, 0.037517
302.530, 0.041615
302.500, 0.048158
302.470, 0.057006
302.439, 0.067908
302.409, 0.080498
302.378, 0.094328
302.348, 0.108864
302.318, 0.123534
302.287, 0.137742
302.257, 0.150883
302.227, 0.162383
302.196, 0.171725
302.166, 0.178450
302.136, 0.182203
302.105, 0.182733
302.075, 0.179908
302.045, 0.173727
302.014, 0.164313
301.984, 0.151923
301.953, 0.136926
301.923, 0.119808
301.893, 0.101137
301.862, 0.081560
301.832, 0.061762
301.802, 0.042458
301.771, 0.024353
301.741, 0.008126
301.711, -0.005606
301.680, -0.016302
301.650, -0.023530
301.619, -0.026978
301.589, -0.026472
301.559, -0.021973
301.528, -0.013606
301.498, -0.001628
301.468, 0.013548
301.437, 0.031396
301.407, 0.051270
301.377, 0.072436
301.346, 0.094093
301.316, 0.115412
301.285, 0.135541
301.255, 0.153674
301.225, 0.169043
301.194, 0.180969
301.164, 0.188884
301.134, 0.192352
301.103, 0.191085
301.073, 0.184970
301.043, 0.174058
301.012, 0.158586
300.982, 0.138946
300.951, 0.115706
300.921, 0.089570
300.891, 0.061364
300.860, 0.032013
300.830, 0.002505
300.800, -0.026158
300.769, -0.052864
300.739, -0.076744
300.709, -0.096907
300.678, -0.112580
300.648, -0.123134
300.618, -0.128112
300.587, -0.127240
300.557, -0.120465
300.526, -0.107937
300.496, -0.090036
300.466, -0.067344
300.435, -0.040649
300.405, -0.010912
300.375, 0.020751
300.344, 0.053111
300.314, 0.084853
300.284, 0.114633
300.253, 0.141097
300.223, 0.162960
300.192, 0.179018
300.162, 0.188208
300.132, 0.189652
300.101, 0.182678
300.071, 0.166861
300.041, 0.142035
300.010, 0.108320
299.980, 0.066113
299.950, 0.016104
299.919, -0.040754
299.889, -0.103251
299.858, -0.169959
299.828, -0.239253
299.798, -0.309369
299.767, -0.378447
299.737, -0.444567
299.707, -0.505824
299.676, -0.560377
299.646, -0.606495
299.616, -0.642607
299.585, -0.667370
299.555, -0.679682
299.524, -0.678742
299.494, -0.664065
299.464, -0.635499
299.433, -0.593250
299.403, -0.537856
299.373, -0.470201
299.342, -0.391491
299.312, -0.303213
299.282, -0.207108
299.251, -0.105131
299.221, 0.000614
299.191, 0.107908
299.160, 0.214486
299.130, 0.318104
299.099, 0.416572
299.069, 0.507831
299.039, 0.590008
299.008, 0.661449
298.978, 0.720767
298.948, 0.766874
298.917, 0.799012
298.887, 0.816763
298.857, 0.820056
298.826, 0.809168
298.796, 0.784711
298.765, 0.747606
298.735, 0.699065
298.705, 0.640539
298.674, 0.573684
298.644, 0.500321
298.614, 0.422376
298.583, 0.341824
298.553, 0.260642
298.523, 0.180762
298.492, 0.104013
298.462, 0.032082
298.431, -0.033537
298.401, -0.091556
298.371, -0.140943
298.340, -0.180930
298.310, -0.211016
298.280, -0.230990
298.249, -0.240910
298.219, -0.241100
298.189, -0.232129
298.158, -0.214775
298.128, -0.190017
298.098, -0.158984
298.067, -0.122912
298.037, -0.083122
298.006, -0.040971
297.976, 0.002193
297.946, 0.045062
297.915, 0.086403
297.885, 0.125090
297.855, 0.160136
297.824, 0.190701
297.794, 0.216130
297.764, 0.235939
297.733, 0.249836
297.703, 0.257709
297.672, 0.259634
297.642, 0.255839
297.612, 0.246713
297.581, 0.232777
297.551, 0.214644
297.521, 0.193024
297.490, 0.168677
297.460, 0.142393
297.430, 0.114972
297.399, 0.087184
297.369, 0.059768
297.338, 0.033391
297.308, 0.008653
297.278, -0.013948
297.247, -0.034005
297.217, -0.051222
297.187, -0.065403
297.156, -0.076470
297.126, -0.084432
297.096, -0.089403
297.065, -0.091564
297.035, -0.091184
297.004, -0.088569
296.974, -0.084086
296.944, -0.078107
296.913, -0.071043
296.883, -0.063285
296.853, -0.055220
296.822, -0.047205
296.792, -0.039579
296.762, -0.032627
296.731, -0.026602
296.701, -0.021697
296.671, -0.018079
296.640, -0.015850
296.610, -0.015074
296.579, -0.015785
296.549, -0.017974
296.519, -0.021599
296.488, -0.026614
296.458, -0.032933
296.428, -0.040471
296.397, -0.049139
296.367, -0.058833
296.337, -0.069457
296.306, -0.080917
296.276, -0.093117
296.245, -0.105967
296.215, -0.119368
296.185, -0.133232
296.154, -0.147454
296.124, -0.161929
296.094, -0.176533
296.063, -0.191128
296.033, -0.205559
296.003, -0.219658
295.972, -0.233218
295.942, -0.246024
295.911, -0.257834
295.881, -0.268394
295.851, -0.277428
295.820, -0.284656
295.790, -0.289794
295.760, -0.292569
295.729, -0.292712
295.699, -0.289984
295.669, -0.284182
295.638, -0.275133
295.608, -0.262725
295.578, -0.246904
295.547, -0.227674
295.517, -0.205116
295.486, -0.179382
295.456, -0.150702
295.426, -0.119382
295.395, -0.085788
295.365, -0.050368
295.335, -0.013620
295.304, 0.023908
295.274, 0.061629
295.244, 0.098934
295.213, 0.135202
295.183, 0.169812
295.152, 0.201569
295.122, 0.230514
295.092, 0.256142
295.061, 0.278004
295.031, 0.295725
295.001, 0.309030
294.970, 0.317724
294.940, 0.321721
294.910, 0.321036
294.879, 0.315782
294.849, 0.306184
294.818, 0.292547
294.788, 0.275271
294.758, 0.254827
294.727, 0.231752
294.697, 0.206632
294.667, 0.180073
294.636, 0.152713
294.606, 0.125168
294.576, 0.098053
294.545, 0.071931
294.515, 0.047332
294.484, 0.024702
294.454, 0.004418
294.424, -0.013216
294.393, -0.028003
294.363, -0.039843
294.333, -0.048711
294.302, -0.054708
294.272, -0.057989
294.242, -0.058822
294.211, -0.057529
294.181, -0.054499
294.151, -0.050160
294.120, -0.044983
294.090, -0.039442
294.059, -0.034022
294.029, -0.029183
293.999, -0.025368
293.968, -0.022959
293.938, -0.022291
293.908, -0.023628
293.877, -0.027158
293.847, -0.032991
293.817, -0.041152
293.786, -0.051575
293.756, -0.064112
293.725, -0.078538
293.695, -0.094552
293.665, -0.111793
293.634, -0.129840
293.604, -0.148239
293.574, -0.166505
293.543, -0.184137
293.513, -0.200641
293.483, -0.215535
293.452, -0.228359
293.422, -0.238714
293.391, -0.246234
293.361, -0.250628
293.331, -0.251679
293.300, -0.249245
293.270, -0.243266
293.240, -0.233768
293.209, -0.220870
293.179, -0.204756
293.149, -0.185710
293.118, -0.164069
293.088, -0.140247
293.057, -0.114699
293.027, -0.087930
292.997, -0.060476
292.966, -0.032892
292.936, -0.005732
292.906, 0.020449
292.875, 0.045131
292.845, 0.067804
292.815, 0.088024
292.784, 0.105384
292.754, 0.119547
292.724, 0.130246
292.693, 0.137282
292.663, 0.140545
292.632, 0.139993
292.602, 0.135667
292.572, 0.127700
292.541, 0.116284
292.511, 0.101687
292.481, 0.084244
292.450, 0.064343
292.420, 0.042417
292.390, 0.018941
292.359, -0.005586
292.329, -0.030657
292.298, -0.055751
292.268, -0.080365
292.238, -0.104001
292.207, -0.126219
292.177, -0.146585
292.147, -0.164741
292.116, -0.180371
292.086, -0.193238
292.056, -0.203162
292.025, -0.210037
291.995, -0.213841
291.964, -0.214622
291.934, -0.212493
291.904, -0.207644
291.873, -0.200334
291.843, -0.190872
291.813, -0.179606
291.782, -0.166942
291.752, -0.153298
291.722, -0.139115
291.691, -0.124832
291.661, -0.110884
291.631, -0.097673
291.600, -0.085571
291.570, -0.074910
291.539, -0.065954
291.509, -0.058901
291.479, -0.053894
291.448, -0.050963
291.418, -0.050080
291.388, -0.051131
291.357, -0.053910
291.327, -0.058136
291.297, -0.063459
291.266, -0.069464
291.236, -0.075684
291.205, -0.081606
291.175, -0.086697
291.145, -0.090425
291.114, -0.092248
291.084, -0.091656
291.054, -0.088187
291.023, -0.081431
290.993, -0.071055
290.963, -0.056805
290.932, -0.038549
290.902, -0.016238
290.871, 0.010036
290.841, 0.040084
290.811, 0.073581
290.780, 0.110089
290.750, 0.149066
290.720, 0.189867
290.689, 0.231755
290.659, 0.273934
290.629, 0.315556
290.598, 0.355734
290.568, 0.393580
290.537, 0.428224
290.507, 0.458833
290.477, 0.484645
290.446, 0.504968
290.416, 0.519231
290.386, 0.526990
290.355, 0.527918
290.325, 0.521863
290.295, 0.508825
290.264, 0.488957
290.234, 0.462585
290.204, 0.430188
290.173, 0.392382
290.143, 0.349927
290.112, 0.303688
290.082, 0.254630
290.052, 0.203781
290.021, 0.152215
289.991, 0.101021
289.961, 0.051267
289.930, 0.003994
289.900, -0.039839
289.870, -0.079358
289.839, -0.113814
289.809, -0.142588
289.778, -0.165211
289.748, -0.181381
289.718, -0.190963
289.687, -0.193996
289.657, -0.190684
289.627, -0.181396
289.596, -0.166641
289.566, -0.147063
289.536, -0.123415
289.505, -0.097092
289.475, -0.068441
289.444, -0.038393
289.414, -0.007879
289.384, 0.022179
289.353, 0.050921
289.323, 0.077555
289.293, 0.101392
289.262, 0.121854
289.232, 0.138492
289.202, 0.151000
289.171, 0.159223
289.141, 0.163142
289.110, 0.162893
289.080, 0.158734
289.050, 0.151053
289.019, 0.140341
288.989, 0.127168
288.959, 0.112165
288.928, 0.096007
288.898, 0.079366
288.868, 0.062916
288.837, 0.047272
288.807, 0.033002
288.777, 0.020587
288.746, 0.010399
288.716, 0.002707
288.685, -0.002346
288.655, -0.004752
288.625, -0.004618
288.594, -0.002186
288.564, 0.002203
288.534, 0.008097
288.503, 0.014965
288.473, 0.022218
288.443, 0.029232
288.412, 0.035362
288.382, 0.039982
288.351, 0.042501
288.321, 0.042392
288.291, 0.039207
288.260, 0.032611
288.230, 0.022379
288.200, 0.008426
288.169, -0.009205
288.139, -0.030318
288.109, -0.054588
288.078, -0.081547
288.048, -0.110624
288.017, -0.141136
287.987, -0.172322
287.957, -0.203358
287.926, -0.233408
287.896, -0.261603
287.866, -0.287130
287.835, -0.309210
287.805, -0.327153
287.775, -0.340381
287.744, -0.348430
287.714, -0.350987
287.684, -0.347906
287.653, -0.339197
287.623, -0.325046
287.592, -0.305802
287.562, -0.281981
287.532, -0.254236
287.501, -0.223357
287.471, -0.190226
287.441, -0.155819
287.410, -0.121153
287.380, -0.087264
287.350, -0.055172
287.319, -0.025857
287.289, -0.000219
287.258, 0.020946
287.228, 0.036979
287.198, 0.047362
287.167, 0.051763
287.137, 0.050017
287.107, 0.042165
287.076, 0.028423
287.046, 0.009197
287.016, -0.014936
286.985, -0.043232
286.955, -0.074822
286.924, -0.108722
286.894, -0.143871
286.864, -0.179146
286.833, -0.213418
286.803, -0.245575
286.773, -0.274551
286.742, -0.299353
286.712, -0.319120
286.682, -0.333112
286.651, -0.340748
286.621, -0.341624
286.590, -0.335524
286.560, -0.322423
286.530, -0.302489
286.499, -0.276071
286.469, -0.243702
286.439, -0.206066
286.408, -0.163994
286.378, -0.118419
286.348, -0.070369
286.317, -0.020922
286.287, 0.028813
286.257, 0.077746
286.226, 0.124813
286.196, 0.169025
286.165, 0.209481
286.135, 0.245410
286.105, 0.276161
286.074, 0.301250
286.044, 0.320341
286.014, 0.333285
285.983, 0.340076
285.953, 0.340889
285.923, 0.336043
285.892, 0.326002
285.862, 0.311346
285.831, 0.292752
285.801, 0.270979
285.771, 0.246839
285.740, 0.221159
285.710, 0.194780
285.680, 0.168508
285.649, 0.143106
285.619, 0.119266
285.589, 0.097597
285.558, 0.078599
285.528, 0.062672
285.497, 0.050085
285.467, 0.040991
285.437, 0.035426
285.406, 0.033306
285.376, 0.034439
285.346, 0.038544
285.315, 0.045254
285.285, 0.054143
285.255, 0.064729
285.224, 0.076513
285.194, 0.088981
285.163, 0.101632
285.133, 0.113985
285.103, 0.125606
285.072, 0.136109
285.042, 0.145185
285.012, 0.152586
284.981, 0.158151
284.951, 0.161790
284.921, 0.163506
284.890, 0.163371
284.860, 0.161526
284.830, 0.158169
284.799, 0.153566
284.769, 0.148002
284.738, 0.141807
284.708, 0.135308
284.678, 0.128845
284.647, 0.122744
284.617, 0.117307
284.587, 0.112802
284.556, 0.109459
284.526, 0.107457
284.496, 0.106923
284.465, 0.107930
284.435, 0.110497
284.404, 0.114588
284.374, 0.120114
284.344, 0.126948
284.313, 0.134923
284.283, 0.143839
284.253, 0.153475
284.222, 0.163601
284.192, 0.173987
284.162, 0.184394
284.131, 0.194608
284.101, 0.204430
284.070, 0.213686
284.040, 0.222229
284.010, 0.229951
283.979, 0.236772
283.949, 0.242644
283.919, 0.247555
283.888, 0.251520
283.858, 0.255269
283.828, 0.258169
283.797, 0.260291
283.767, 0.261715
283.737, 0.262519
283.706, 0.262782
283.676, 0.262564
283.645, 0.261918
283.615, 0.260864
283.585, 0.259417
283.554, 0.257550
283.524, 0.255217
283.494, 0.252348
283.463, 0.248840
283.433, 0.244582
283.403, 0.239435
283.372, 0.233248
283.342, 0.225870
283.311, 0.217134
283.281, 0.206890
283.251, 0.194993
283.220, 0.181315
283.190, 0.165743
283.160, 0.148196
283.129, 0.128623
283.099, 0.106999
283.069, 0.083346
283.038, 0.057714
283.008, 0.030187
282.977, 0.000890
282.947, -0.030013
282.917, -0.062337
282.886, -0.095863
282.856, -0.130343
282.826, -0.165515
282.795, -0.201099
282.765, -0.236794
282.735, -0.272304
282.704, -0.307317
282.674, -0.341528
282.643, -0.374635
282.613, -0.406340
282.583, -0.436356
282.552, -0.464402
282.522, -0.490219
282.492, -0.513563
282.461, -0.534198
282.431, -0.551916
282.401, -0.566523
282.370, -0.577851
282.340, -0.585743
282.310, -0.590078
282.279, -0.590756
282.249, -0.587704
282.218, -0.580877
282.188, -0.570267
282.158, -0.555902
282.127, -0.537838
282.097, -0.516182
282.067, -0.491076
282.036, -0.462712
282.006, -0.431326
281.976, -0.397193
281.945, -0.360647
281.915, -0.322054
281.884, -0.281830
281.854, -0.240423
281.824, -0.198318
281.793, -0.156027
281.763, -0.114080
281.733, -0.073009
281.702, -0.033358
281.672, 0.004342
281.642, 0.039587
281.611, 0.071906
281.581, 0.100866
281.550, 0.126089
281.520, 0.147267
281.490, 0.164168
281.459, 0.176628
281.429, 0.184586
281.399, 0.188059
281.368, 0.187168
281.338, 0.182109
281.308, 0.173182
281.277, 0.160749
281.247, 0.145266
281.217, 0.127224
281.186, 0.107186
281.156, 0.085735
281.125, 0.063482
281.095, 0.041031
281.065, 0.018972
281.034, -0.002138
281.004, -0.021774
280.974, -0.039506
280.943, -0.054952
280.913, -0.067834
280.883, -0.077961
280.852, -0.085248
280.822, -0.089720
280.791, -0.091495
280.761, -0.090790
280.731, -0.087924
280.700, -0.083293
280.670, -0.077354
280.640, -0.070623
280.609, -0.063646
280.579, -0.056993
280.549, -0.051218
280.518, -0.046859
280.488, -0.044411
280.457, -0.044298
280.427, -0.046865
280.397, -0.052377
280.366, -0.060983
280.336, -0.072717
280.306, -0.087511
280.275, -0.105158
280.245, -0.125347
280.215, -0.147660
280.184, -0.171575
280.154, -0.196499
280.123, -0.221750
280.093, -0.246624
280.063, -0.270378
280.032, -0.292270
280.002, -0.311572
279.972, -0.327606
279.941, -0.339756
279.911, -0.347494
279.881, -0.350391
279.850, -0.348131
279.820, -0.340541
279.790, -0.327573
279.759, -0.309321
279.729, -0.286015
279.698, -0.258030
279.668, -0.225853
279.638, -0.190087
279.607, -0.151428
279.577, -0.110656
279.547, -0.068590
279.516, -0.026092
279.486, 0.015978
279.456, 0.056774
279.425, 0.095495
279.395, 0.131406
279.364, 0.163862
279.334, 0.192307
279.304, 0.216316
279.273, 0.235590
279.243, 0.249957
279.213, 0.259384
279.182, 0.263987
279.152, 0.263989
279.122, 0.259752
279.091, 0.251731
279.061, 0.240477
279.030, 0.226606
279.000, 0.210791
278.970, 0.193724
278.939, 0.176107
278.909, 0.158624
278.879, 0.141920
278.848, 0.126582
278.818, 0.113128
278.788, 0.101979
278.757, 0.093464
278.727, 0.087802
278.696, 0.085104
278.666, 0.085369
278.636, 0.088491
278.605, 0.094266
278.575, 0.102403
278.545, 0.112537
278.514, 0.124243
278.484, 0.137050
278.454, 0.150467
278.423, 0.164002
278.393, 0.177163
278.363, 0.189497
278.332, 0.200594
278.302, 0.210088
278.271, 0.217699
278.241, 0.224325
278.211, 0.228714
278.180, 0.230820
278.150, 0.230667
278.120, 0.228354
278.089, 0.224055
278.059, 0.217989
278.029, 0.210433
277.998, 0.201686
277.968, 0.192072
277.937, 0.181916
277.907, 0.171537
277.877, 0.161221
277.846, 0.151224
277.816, 0.141761
277.786, 0.132984
277.755, 0.124997
277.725, 0.117838
277.695, 0.111486
277.664, 0.105860
277.634, 0.100840
277.603, 0.096251
277.573, 0.091891
277.543, 0.087537
277.512, 0.082964
277.482, 0.077951
277.452, 0.072294
277.421, 0.065827
277.391, 0.058434
277.361, 0.050041
277.330, 0.040652
277.300, 0.030325
277.270, 0.019207
277.239, 0.007499
277.209, -0.004518
277.178, -0.016517
277.148, -0.028105
277.118, -0.038860
277.087, -0.048341
277.057, -0.056086
277.027, -0.061652
276.996, -0.064626
276.966, -0.064630
276.936, -0.061355
276.905, -0.054569
276.875, -0.044130
276.844, -0.030003
276.814, -0.012251
276.784, 0.008935
276.753, 0.033263
276.723, 0.060318
276.693, 0.089589
276.662, 0.120462
276.632, 0.152256
276.602, 0.184217
276.571, 0.215556
276.541, 0.245456
276.510, 0.273105
276.480, 0.297721
276.450, 0.318566
276.419, 0.334978
276.389, 0.346381
276.359, 0.352315
276.328, 0.352442
276.298, 0.346569
276.268, 0.334640
276.237, 0.316764
276.207, 0.293178
276.176, 0.264283
276.146, 0.230607
276.116, 0.192799
276.085, 0.151616
276.055, 0.107898
276.025, 0.062547
275.994, 0.016507
275.964, -0.029272
275.934, -0.073846
275.903, -0.116320
275.873, -0.155855
275.843, -0.191702
275.812, -0.223210
275.782, -0.249860
275.751, -0.271262
275.721, -0.287170
275.691, -0.297490
275.660, -0.302270
275.630, -0.301706
275.600, -0.296133
275.569, -0.286003
275.539, -0.271888
275.509, -0.254439
275.478, -0.234383
275.448, -0.212494
275.417, -0.189573
275.387, -0.166422
275.357, -0.143823
275.326, -0.122511
275.296, -0.103169
275.266, -0.086389
275.235, -0.072684
275.205, -0.062450
275.175, -0.055974
275.144, -0.053431
275.114, -0.054878
275.083, -0.060249
275.053, -0.069381
275.023, -0.082009
274.992, -0.097779
274.962, -0.116262
274.932, -0.136978
274.901, -0.159396
274.871, -0.182973
274.841, -0.207145
274.810, -0.231371
274.780, -0.255121
274.749, -0.277916
274.719, -0.299312
274.689, -0.318937
274.658, -0.336479
274.628, -0.351700
274.598, -0.364430
274.567, -0.374580
274.537, -0.382125
274.507, -0.387108
274.476, -0.389627
274.446, -0.389840
274.416, -0.387937
274.385, -0.384150
274.355, -0.378720
274.324, -0.371917
274.294, -0.363997
274.264, -0.355215
274.233, -0.345815
274.203, -0.336014
274.173, -0.326001
274.142, -0.315942
274.112, -0.305954
274.082, -0.296133
274.051, -0.286534
274.021, -0.277179
273.990, -0.268058
273.960, -0.259141
273.930, -0.250360
273.899, -0.241649
273.869, -0.232907
273.839, -0.224040
273.808, -0.214943
273.778, -0.205510
273.748, -0.195638
273.717, -0.185236
273.687, -0.174212
273.656, -0.162497
273.626, -0.150022
273.596, -0.136737
273.565, -0.122600
273.535, -0.107588
273.505, -0.091679
273.474, -0.074876
273.444, -0.057177
273.414, -0.038609
273.383, -0.019189
273.353, 0.001036
273.323, 0.022019
273.292, 0.043692
273.262, 0.065979
273.231, 0.088783
273.201, 0.111985
273.171, 0.135451
273.140, 0.159027
273.110, 0.182521
273.080, 0.205727
273.049, 0.228409
273.019, 0.250308
272.989, 0.271136
272.958, 0.290593
272.928, 0.308354
272.897, 0.324090
272.867, 0.337467
272.837, 0.348150
272.806, 0.355826
272.776, 0.360200
272.746, 0.361014
272.715, 0.358054
272.685, 0.351164
272.655, 0.340253
272.624, 0.325307
272.594, 0.304585
272.563, 0.280060
272.533, 0.251986
272.503, 0.220718
272.472, 0.186701
272.442, 0.150478
272.412, 0.112678
272.381, 0.073997
272.351, 0.035208
272.321, -0.002878
272.290, -0.039414
272.260, -0.073545
272.229, -0.104424
272.199, -0.131236
272.169, -0.153222
272.138, -0.169699
272.108, -0.180084
272.078, -0.183906
272.047, -0.180837
272.017, -0.170691
271.987, -0.153446
271.956, -0.129244
271.926, -0.098394
271.896, -0.061376
271.865, -0.018832
271.835, 0.028456
271.804, 0.079568
271.774, 0.133468
271.744, 0.189033
271.713, 0.245078
271.683, 0.300385
271.653, 0.353726
271.622, 0.403905
271.592, 0.449785
271.562, 0.490317
271.531, 0.524565
271.501, 0.551735
271.470, 0.571199
271.440, 0.582508
271.410, 0.585404
271.379, 0.579830
271.349, 0.565928
271.319, 0.544039
271.288, 0.514694
271.258, 0.478589
271.228, 0.436582
271.197, 0.389655
271.167, 0.338888
271.136, 0.285431
271.106, 0.230478
271.076, 0.175218
271.045, 0.120815
271.015, 0.068367
270.985, 0.018881
270.954, -0.026759
270.924, -0.067810
270.894, -0.103698
270.863, -0.134020
270.833, -0.158564
270.802, -0.177301
270.772, -0.190393
270.742, -0.198171
270.711, -0.201130
270.681, -0.199909
270.651, -0.195260
270.620, -0.188025
270.590, -0.179106
270.560, -0.169433
270.529, -0.159931
270.499, -0.151484
270.469, -0.144907
270.438, -0.140918
270.408, -0.140116
270.377, -0.142948
270.347, -0.149703
270.317, -0.160502
270.286, -0.175283
270.256, -0.193810
270.226, -0.215677
270.195, -0.240317
270.165, -0.267027
270.135, -0.294980
270.104, -0.323260
270.074, -0.350888
270.043, -0.376852
270.013, -0.400145
269.983, -0.419790
269.952, -0.434883
269.922, -0.444617
269.892, -0.448309
269.861, -0.445433
269.831, -0.435624
269.801, -0.418712
269.770, -0.394718
269.740, -0.363854
269.709, -0.326539
269.679, -0.283372
269.649, -0.235128
269.618, -0.182731
269.588, -0.127240
269.558, -0.069814
269.527, -0.011684
269.497, 0.045883
269.467, 0.101613
269.436, 0.154260
269.406, 0.202647
269.376, 0.245686
269.345, 0.282419
269.315, 0.312026
269.284, 0.333867
269.254, 0.347483
269.224, 0.352612
269.193, 0.349191
269.163, 0.337365
269.133, 0.317465
269.102, 0.290018
269.072, 0.255709
269.042, 0.215378
269.011, 0.169989
268.981, 0.120601
268.950, 0.068341
268.920, 0.014377
268.890, -0.040119
268.859, -0.093994
268.829, -0.146146
268.799, -0.195552
268.768, -0.241291
268.738, -0.282564
268.708, -0.318702
268.677, -0.349201
268.647, -0.373694
268.616, -0.391986
268.586, -0.404037
268.556, -0.409959
268.525, -0.410001
268.495, -0.404541
268.465, -0.394070
268.434, -0.379168
268.404, -0.360483
268.374, -0.338710
268.343, -0.314574
268.313, -0.288796
268.282, -0.262080
268.252, -0.235092
268.222, -0.208438
268.191, -0.182654
268.161, -0.158187
268.131, -0.135396
268.100, -0.114534
268.070, -0.095752
268.040, -0.079110
268.009, -0.064550
267.979, -0.051942
267.949, -0.041062
267.918, -0.031630
267.888, -0.023299
267.857, -0.015682
267.827, -0.008385
267.797, -0.000974
267.766, 0.006944
267.736, 0.015751
267.706, 0.025806
267.675, 0.037393
267.645, 0.050752
267.615, 0.066041
267.584, 0.083354
267.554, 0.102688
267.523, 0.123967
267.493, 0.147029
267.463, 0.171641
267.432, 0.197478
267.402, 0.224161
267.372, 0.251255
267.341, 0.278278
267.311, 0.304704
267.281, 0.329986
267.250, 0.353581
267.220, 0.374937
267.189, 0.393527
267.159, 0.408856
267.129, 0.420460
267.098, 0.427953
267.068, 0.430992
267.038, 0.429311
267.007, 0.422736
266.977, 0.411170
266.947, 0.395574
266.916, 0.375063
266.886, 0.349808
266.856, 0.320077
266.825, 0.286209
266.795, 0.248638
266.764, 0.207857
266.734, 0.164436
266.704, 0.118987
266.673, 0.072169
266.643, 0.024676
266.613, -0.022786
266.582, -0.069498
266.552, -0.114750
266.522, -0.157856
266.491, -0.198160
266.461, -0.235053
266.430, -0.267985
266.400, -0.296467
266.370, -0.320093
266.339, -0.338550
266.309, -0.351603
266.279, -0.359125
266.248, -0.361084
266.218, -0.357555
266.188, -0.348708
266.157, -0.334816
266.127, -0.316244
266.096, -0.293433
266.066, -0.266912
266.036, -0.237272
266.005, -0.205159
265.975, -0.171246
265.945, -0.136248
265.914, -0.100879
265.884, -0.065852
265.854, -0.031844
265.823, 0.000493
265.793, 0.030568
265.762, 0.057849
265.732, 0.081901
265.702, 0.102356
265.671, 0.118965
265.641, 0.131567
265.611, 0.140129
265.580, 0.144705
265.550, 0.145466
265.520, 0.142685
265.489, 0.136723
265.459, 0.128030
265.429, 0.117119
265.398, 0.104560
265.368, 0.090972
265.337, 0.076985
265.307, 0.063226
265.277, 0.050321
265.246, 0.038858
265.216, 0.029369
265.186, 0.022312
265.155, 0.018079
265.125, 0.016954
265.095, 0.019124
265.064, 0.024658
265.034, 0.033518
265.003, 0.045549
264.973, 0.060481
264.943, 0.077950
264.912, 0.097482
264.882, 0.118540
264.852, 0.140507
264.821, 0.162720
264.791, 0.184491
264.761, 0.205121
264.730, 0.223921
264.700, 0.240235
264.669, 0.253459
264.639, 0.263067
264.609, 0.268607
264.578, 0.269744
264.548, 0.266244
264.518, 0.258004
264.487, 0.245042
264.457, 0.227502
264.427, 0.205656
264.396, 0.179890
264.366, 0.150697
264.335, 0.118665
264.305, 0.084464
264.275, 0.048819
264.244, 0.012483
264.214, -0.023752
264.184, -0.059119
264.153, -0.092862
264.123, -0.124285
264.093, -0.152753
264.062, -0.177715
264.032, -0.198727
264.002, -0.215449
263.971, -0.227660
263.941, -0.235269
263.910, -0.238304
263.880, -0.236918
263.850, -0.231378
263.819, -0.222054
263.789, -0.209407
263.759, -0.193970
263.728, -0.176333
263.698, -0.157121
263.668, -0.136969
263.637, -0.116512
263.607, -0.096350
263.576, -0.077031
263.546, -0.059045
263.516, -0.042795
263.485, -0.028588
263.455, -0.016626
263.425, -0.007002
263.394, 0.000304
263.364, 0.005422
263.334, 0.008589
263.303, 0.010140
263.273, 0.010487
263.242, 0.010113
263.212, 0.009555
263.182, 0.009372
263.151, 0.010135
263.121, 0.012405
263.091, 0.016705
263.060, 0.023507
263.030, 0.033207
263.000, 0.046111
262.969, 0.062424
262.939, 0.082239
262.909, 0.105523
262.878, 0.132120
262.848, 0.161759
262.817, 0.194044
262.787, 0.228465
262.757, 0.264428
262.726, 0.301250
262.696, 0.338186
262.666, 0.374447
262.635, 0.409225
262.605, 0.441720
262.575, 0.471147
262.544, 0.496774
262.514, 0.517935
262.483, 0.534055
262.453, 0.544662
262.423, 0.549400
262.392, 0.548043
262.362, 0.540507
262.332, 0.526829
262.301, 0.507196
262.271, 0.481923
262.241, 0.451443
262.210, 0.416306
262.180, 0.377146
262.149, 0.334676
262.119, 0.289678
262.089, 0.242953
262.058, 0.195322
262.028, 0.147595
261.998, 0.100557
261.967, 0.054941
261.937, 0.011412
261.907, -0.029448
261.876, -0.067151
261.846, -0.101312
261.815, -0.131664
261.785, -0.158050
261.755, -0.180421
261.724, -0.198837
261.694, -0.213468
261.664, -0.224566
261.633, -0.232458
261.603, -0.237535
261.573, -0.240234
261.542, -0.241023
261.512, -0.240375
261.482, -0.238763
261.451, -0.236630
261.421, -0.234386
261.390, -0.232386
261.360, -0.230932
261.330, -0.229915
261.299, -0.229819
261.269, -0.230718
261.239, -0.232614
261.208, -0.235425
261.178, -0.239015
261.148, -0.243181
261.117, -0.247674
261.087, -0.252211
261.056, -0.256488
261.026, -0.260186
260.996, -0.263003
260.965, -0.264644
260.935, -0.264862
260.905, -0.263436
260.874, -0.260212
260.844, -0.255092
260.814, -0.248044
260.783, -0.239106
260.753, -0.228378
260.722, -0.216038
260.692, -0.202310
260.662, -0.187473
260.631, -0.171857
260.601, -0.155812
260.571, -0.139714
260.540, -0.123928
260.510, -0.108826
260.480, -0.094744
260.449, -0.081986
260.419, -0.070802
260.388, -0.061386
260.358, -0.053858
260.328, -0.048265
260.297, -0.044580
260.267, -0.042686
260.237, -0.042396
260.206, -0.043451
260.176, -0.045523
260.146, -0.048230
260.115, -0.051146
260.085, -0.053817
260.055, -0.055772
260.024, -0.056543
259.994, -0.055681
259.963, -0.052776
259.933, -0.047454
259.903, -0.039424
259.872, -0.028459
259.842, -0.014427
259.812, 0.002712
259.781, 0.022896
259.751, 0.045961
259.721, 0.071634
259.690, 0.099554
259.660, 0.129261
259.629, 0.160219
259.599, 0.191815
259.569, 0.223400
259.538, 0.254268
259.508, 0.283713
259.478, 0.311011
259.447, 0.335478
259.417, 0.356456
259.387, 0.373350
259.356, 0.385636
259.326, 0.392887
259.295, 0.394773
259.265, 0.391076
259.235, 0.381700
259.204, 0.366669
259.174, 0.346141
259.144, 0.320385
259.113, 0.289782
259.083, 0.254832
259.053, 0.216118
259.022, 0.174306
258.992, 0.130121
258.962, 0.084334
258.931, 0.037736
258.901, -0.008876
258.870, -0.054724
258.840, -0.099062
258.810, -0.141201
258.779, -0.180530
258.749, -0.216518
258.719, -0.248737
258.688, -0.276861
258.658, -0.300692
258.628, -0.320140
258.597, -0.335233
258.567, -0.346123
258.536, -0.353063
258.506, -0.356409
258.476, -0.356598
258.445, -0.354149
258.415, -0.349629
258.385, -0.343652
258.354, -0.336845
258.324, -0.329837
258.294, -0.323241
258.263, -0.317638
258.233, -0.313548
258.202, -0.311431
258.172, -0.311658
258.142, -0.314517
258.111, -0.320187
258.081, -0.328749
258.051, -0.340171
258.020, -0.354318
257.990, -0.370950
257.960, -0.389730
257.929, -0.410235
257.899, -0.431967
257.868, -0.454366
257.838, -0.476821
257.808, -0.498699
257.777, -0.519349
257.747, -0.538120
257.717, -0.554388
257.686, -0.567568
257.656, -0.577124
257.626, -0.582584
257.595, -0.583565
257.565, -0.579762
257.535, -0.570974
257.504, -0.557094
257.474, -0.538123
257.443, -0.514164
257.413, -0.485417
257.383, -0.452182
257.352, -0.414841
257.322, -0.373854
257.292, -0.329750
257.261, -0.283109
257.231, -0.234552
257.201, -0.184725
257.170, -0.134287
257.140, -0.083889
257.109, -0.034174
257.079, 0.014255
257.049, 0.060827
257.018, 0.105027
256.988, 0.146401
256.958, 0.184559
256.927, 0.219185
256.897, 0.250033
256.867, 0.276941
256.836, 0.299807
256.806, 0.318615
256.775, 0.333410
256.745, 0.344298
256.715, 0.351436
256.684, 0.355038
256.654, 0.355344
256.624, 0.352628
256.593, 0.347190
256.563, 0.339333
256.533, 0.329371
256.502, 0.317608
256.472, 0.304341
256.441, 0.289852
256.411, 0.274399
256.381, 0.258219
256.350, 0.241522
256.320, 0.224491
256.290, 0.207284
256.259, 0.190029
256.229, 0.172838
256.199, 0.155798
256.168, 0.138978
256.138, 0.122436
256.108, 0.106224
256.077, 0.090384
256.047, 0.074959
256.016, 0.059990
255.986, 0.045531
255.956, 0.031636
255.925, 0.018370
255.895, 0.005807
255.865, -0.005967
255.834, -0.016865
255.804, -0.026782
255.774, -0.035620
255.743, -0.043273
255.713, -0.049638
255.682, -0.055701
255.652, -0.060296
255.622, -0.063338
255.591, -0.064773
255.561, -0.064557
255.531, -0.062677
255.500, -0.059133
255.470, -0.053959
255.440, -0.047210
255.409, -0.038969
255.379, -0.029338
255.348, -0.018446
255.318, -0.006439
255.288, 0.006520
255.257, 0.020263
255.227, 0.034604
255.197, 0.049367
255.166, 0.064368
255.136, 0.079438
255.106, 0.094415
255.075, 0.109155
255.045, 0.123530
255.015, 0.137440
254.984, 0.150800
254.954, 0.163559
254.923, 0.175677
254.893, 0.187149
254.863, 0.197985
254.832, 0.208216
254.802, 0.217878
254.772, 0.227030
254.741, 0.235726
254.711, 0.244027
254.681, 0.251975
254.650, 0.259617
254.620, 0.266973
254.589, 0.274050
254.559, 0.280822
254.529, 0.287248
254.498, 0.293246
254.468, 0.298721
254.438, 0.303536
254.407, 0.307538
254.377, 0.310545
254.347, 0.312363
254.316, 0.312786
254.286, 0.311598
254.255, 0.308587
254.225, 0.303557
254.195, 0.296319
254.164, 0.286723
254.134, 0.274646
254.104, 0.260008
254.073, 0.242775
254.043, 0.222975
254.013, 0.200685
253.982, 0.176049
253.952, 0.149267
253.921, 0.120606
253.891, 0.090382
253.861, 0.058977
253.830, 0.026808
253.800, -0.005666
253.770, -0.037948
253.739, -0.069533
253.709, -0.099906
253.679, -0.128552
253.648, -0.154981
253.618, -0.178727
253.588, -0.199371
253.557, -0.216548
253.527, -0.229957
253.496, -0.239367
253.466, -0.244637
253.436, -0.245695
253.405, -0.242575
253.375, -0.235389
253.345, -0.224340
253.314, -0.209718
253.284, -0.191881
253.254, -0.171263
253.223, -0.148352
253.193, -0.123678
253.162, -0.097810
253.132, -0.071326
253.102, -0.044817
253.071, -0.018847
253.041, 0.006038
253.011, 0.029343
252.980, 0.050617
252.950, 0.069490
252.920, 0.085657
252.889, 0.098909
252.859, 0.109118
252.828, 0.116253
252.798, 0.120376
252.768, 0.121632
252.737, 0.120260
252.707, 0.116569
252.677, 0.110938
252.646, 0.103797
252.616, 0.095619
252.586, 0.086900
252.555, 0.078152
252.525, 0.069876
252.495, 0.062550
252.464, 0.056622
252.434, 0.052479
252.403, 0.050454
252.373, 0.050800
252.343, 0.053687
252.312, 0.059192
252.282, 0.067307
252.252, 0.077925
252.221, 0.090848
252.191, 0.105793
252.161, 0.122399
252.130, 0.140227
252.100, 0.158796
252.069, 0.177568
252.039, 0.195988
252.009, 0.213486
251.978, 0.229498
251.948, 0.243477
251.918, 0.254926
251.887, 0.263396
251.857, 0.268503
251.827, 0.269948
251.796, 0.267523
251.766, 0.261112
251.735, 0.250706
251.705, 0.236393
251.675, 0.218374
251.644, 0.196939
251.614, 0.172469
251.584, 0.145430
251.553, 0.116357
251.523, 0.085838
251.493, 0.054497
251.462, 0.022989
251.432, -0.008033
251.401, -0.037928
251.371, -0.066085
251.341, -0.091945
251.310, -0.115004
251.280, -0.134840
251.250, -0.151121
251.219, -0.163610
251.189, -0.172171
251.159, -0.176783
251.128, -0.177530
251.098, -0.174600
251.068, -0.168279
251.037, -0.158950
251.007, -0.147072
250.976, -0.133174
250.946, -0.117830
250.916, -0.101659
250.885, -0.085291
250.855, -0.069352
250.825, -0.054456
250.794, -0.041176
250.764, -0.030029
250.734, -0.021467
250.703, -0.015854
250.673, -0.013466
250.642, -0.014473
250.612, -0.018942
250.582, -0.026824
250.551, -0.037964
250.521, -0.052105
250.491, -0.068891
250.460, -0.087870
250.430, -0.108521
250.400, -0.130261
250.369, -0.152461
250.339, -0.174454
250.308, -0.195584
250.278, -0.215187
250.248, -0.232634
250.217, -0.247342
250.187, -0.258794
250.157, -0.266547
250.126, -0.270252
250.096, -0.269662
250.066, -0.264642
250.035, -0.253701
250.005, -0.238407
249.974, -0.218957
249.944, -0.195674
249.914, -0.168983
249.883, -0.139391
249.853, -0.107493
249.823, -0.073944
249.792, -0.039442
249.762, -0.004720
249.732, 0.029485
249.701, 0.062452
249.671, 0.093478
249.641, 0.121914
249.610, 0.147180
249.580, 0.168766
249.549, 0.186262
249.519, 0.199361
249.489, 0.207864
249.458, 0.211683
249.428, 0.210856
249.398, 0.205526
249.367, 0.195945
249.337, 0.182468
249.307, 0.165546
249.276, 0.145697
249.246, 0.123504
249.215, 0.099597
249.185, 0.074633
249.155, 0.049272
249.124, 0.024174
249.094, -0.000037
249.064, -0.022776
249.033, -0.043520
249.003, -0.061811
248.973, -0.077284
248.942, -0.089661
248.912, -0.098758
248.881, -0.104493
248.851, -0.106886
248.821, -0.106044
248.790, -0.102166
248.760, -0.095530
248.730, -0.086482
248.699, -0.075422
248.669, -0.062788
248.639, -0.049042
248.608, -0.034655
248.578, -0.020086
248.548, -0.005773
248.517, 0.007890
248.487, 0.020557
248.456, 0.031947
248.426, 0.041849
248.396, 0.050138
248.365, 0.056754
248.335, 0.061733
248.305, 0.065182
248.274, 0.067280
248.244, 0.068274
248.214, 0.068458
248.183, 0.068171
248.153, 0.067776
248.122, 0.067643
248.092, 0.068141
248.062, 0.069607
248.031, 0.072353
248.001, 0.076624
247.971, 0.082602
247.940, 0.090398
247.910, 0.100028
247.880, 0.111422
247.849, 0.124413
247.819, 0.138741
247.788, 0.154056
247.758, 0.169927
247.728, 0.185855
247.697, 0.201275
247.667, 0.215591
247.637, 0.228173
247.606, 0.238399
247.576, 0.245649
247.546, 0.249351
247.515, 0.248985
247.485, 0.244111
247.454, 0.234378
247.424, 0.219552
247.394, 0.199513
247.363, 0.174279
247.333, 0.143999
247.303, 0.108966
247.272, 0.069599
247.242, 0.026459
247.212, -0.019785
247.181, -0.068355
247.151, -0.118384
247.121, -0.168945
247.090, -0.219066
247.060, -0.267755
247.029, -0.314028
246.999, -0.356935
246.969, -0.395587
246.938, -0.429174
246.908, -0.456999
246.878, -0.478487
246.847, -0.493201
246.817, -0.500866
246.787, -0.501374
246.756, -0.494766
246.726, -0.481276
246.695, -0.461280
246.665, -0.435316
246.635, -0.404054
246.604, -0.368292
246.574, -0.328922
246.544, -0.286909
246.513, -0.243273
246.483, -0.199054
246.453, -0.155282
246.422, -0.112958
246.392, -0.073018
246.361, -0.036322
246.331, -0.003617
246.301, 0.024474
246.270, 0.047471
246.240, 0.065032
246.210, 0.076984
246.179, 0.083302
246.149, 0.084124
246.119, 0.079724
246.088, 0.070519
246.058, 0.057039
246.027, 0.039918
245.997, 0.019860
245.967, -0.002372
245.936, -0.025988
245.906, -0.050194
245.876, -0.074218
245.845, -0.097336
245.815, -0.118890
245.785, -0.138302
245.754, -0.155107
245.724, -0.168945
245.694, -0.179585
245.663, -0.186912
245.633, -0.190950
245.602, -0.191833
245.572, -0.189812
245.542, -0.185239
245.511, -0.178547
245.481, -0.170234
245.451, -0.160847
245.420, -0.150950
245.390, -0.141116
245.360, -0.131889
245.329, -0.123781
245.299, -0.117232
245.268, -0.112619
245.238, -0.110212
245.208, -0.110193
245.177, -0.112626
245.147, -0.117473
245.117, -0.124581
245.086, -0.133697
245.056, -0.144473
245.026, -0.156483
244.995, -0.169233
244.965, -0.182183
244.934, -0.194770
244.904, -0.206420
244.874, -0.216581
244.843, -0.224740
244.813, -0.230432
244.783, -0.233280
244.752, -0.232987
244.722, -0.229365
244.692, -0.222332
244.661, -0.211930
244.631, -0.198308
244.601, -0.181732
244.570, -0.162574
244.540, -0.141295
244.509, -0.118434
244.479, -0.094593
244.449, -0.070406
244.418, -0.047971
244.388, -0.026488
244.358, -0.006572
244.327, 0.011219
244.297, 0.026397
244.267, 0.038573
244.236, 0.047464
244.206, 0.052913
244.175, 0.054891
244.145, 0.053509
244.115, 0.049008
244.084, 0.041758
244.054, 0.032252
244.024, 0.021085
243.993, 0.008940
243.963, -0.003432
243.933, -0.015240
243.902, -0.025673
243.872, -0.033943
243.841, -0.039286
243.811, -0.041013
243.781, -0.038526
243.750, -0.031340
243.720, -0.019100
243.690, -0.001605
243.659, 0.021186
243.629, 0.049144
243.599, 0.081975
243.568, 0.119214
243.538, 0.160245
243.507, 0.204306
243.477, 0.250507
243.447, 0.297869
243.416, 0.345323
243.386, 0.391761
243.356, 0.436063
243.325, 0.477119
243.295, 0.513873
243.265, 0.545339
243.234, 0.570650
243.204, 0.589064
243.174, 0.599998
243.143, 0.603041
243.113, 0.597972
243.082, 0.584765
243.052, 0.563586
243.022, 0.534799
242.991, 0.498955
242.961, 0.456774
242.931, 0.409129
242.900, 0.357017
242.870, 0.301545
242.840, 0.243887
242.809, 0.185264
242.779, 0.126896
242.748, 0.069989
242.718, 0.015687
242.688, -0.034953
242.657, -0.080980
242.627, -0.121583
242.597, -0.156107
242.566, -0.184067
242.536, -0.205159
242.506, -0.219260
242.475, -0.226430
242.445, -0.226907
242.414, -0.221100
242.384, -0.209555
242.354, -0.192958
242.323, -0.172093
242.293, -0.147834
242.263, -0.121095
242.232, -0.092821
242.202, -0.063946
242.172, -0.035370
242.141, -0.007943
242.111, 0.017588
242.080, 0.040567
242.050, 0.060461
242.020, 0.076880
241.989, 0.089576
241.959, 0.098441
241.929, 0.103519
241.898, 0.104994
241.868, 0.103179
241.838, 0.098507
241.807, 0.091498
241.777, 0.082774
241.747, 0.072989
241.716, 0.062846
241.686, 0.053043
241.655, 0.044272
241.625, 0.037179
241.595, 0.032347
241.564, 0.030278
241.534, 0.031381
241.504, 0.035947
241.473, 0.044146
241.443, 0.056020
241.413, 0.071485
241.382, 0.090330
241.352, 0.112223
241.321, 0.136721
241.291, 0.163284
241.261, 0.191300
241.230, 0.220087
241.200, 0.248923
241.170, 0.277072
241.139, 0.303799
241.109, 0.328393
241.079, 0.350187
241.048, 0.368584
241.018, 0.383065
240.987, 0.393208
240.957, 0.398704
240.927, 0.399357
240.896, 0.395096
240.866, 0.385975
240.836, 0.372162
240.805, 0.353955
240.775, 0.331746
240.745, 0.306031
240.714, 0.277388
240.684, 0.246455
240.654, 0.213923
240.623, 0.180509
240.593, 0.146937
240.562, 0.113929
240.532, 0.082174
240.502, 0.052311
240.471, 0.024921
240.441, 0.000507
240.411, -0.020516
240.380, -0.037830
240.350, -0.051223
240.320, -0.060587
240.289, -0.065928
240.259, -0.067352
240.228, -0.065065
240.198, -0.059378
240.168, -0.050667
240.137, -0.039400
240.107, -0.026087
240.077, -0.011294
240.046, 0.004390
240.016, 0.020363
239.986, 0.036021
239.955, 0.050778
239.925, 0.064083
239.894, 0.075428
239.864, 0.084360
239.834, 0.090497
239.803, 0.093526
239.773, 0.093223
239.743, 0.089440
239.712, 0.082120
239.682, 0.071297
239.652, 0.057080
239.621, 0.039665
239.591, 0.019325
239.560, -0.003609
239.530, -0.028743
239.500, -0.055634
239.469, -0.083808
239.439, -0.112759
239.409, -0.141972
239.378, -0.170928
239.348, -0.199120
239.318, -0.226062
239.287, -0.251293
239.257, -0.274401
239.227, -0.295019
239.196, -0.312836
239.166, -0.327605
239.135, -0.339143
239.105, -0.347338
239.075, -0.352142
239.044, -0.353590
239.014, -0.351771
238.984, -0.346844
238.953, -0.339030
238.923, -0.328606
238.893, -0.315887
238.862, -0.301237
238.832, -0.285042
238.801, -0.267721
238.771, -0.249606
238.741, -0.231212
238.710, -0.212950
238.680, -0.195218
238.650, -0.178389
238.619, -0.162800
238.589, -0.148736
238.559, -0.136443
238.528, -0.126106
238.498, -0.117845
238.467, -0.111726
238.437, -0.107742
238.407, -0.105822
238.376, -0.105837
238.346, -0.107589
238.316, -0.110832
238.285, -0.115261
238.255, -0.120539
238.225, -0.126276
238.194, -0.132077
238.164, -0.137518
238.134, -0.142168
238.103, -0.145609
238.073, -0.147432
238.042, -0.147259
238.012, -0.144741
237.982, -0.139586
237.951, -0.131546
237.921, -0.120440
237.891, -0.106152
237.860, -0.088640
237.830, -0.067935
237.800, -0.044148
237.769, -0.017464
237.739, 0.011866
237.708, 0.043505
237.678, 0.077065
237.648, 0.112096
237.617, 0.148102
237.587, 0.184540
237.557, 0.220850
237.526, 0.256445
237.496, 0.290738
237.466, 0.323141
237.435, 0.353091
237.405, 0.380050
237.374, 0.403517
237.344, 0.423052
237.314, 0.438260
237.283, 0.448819
237.253, 0.454483
237.223, 0.455073
237.192, 0.450501
237.162, 0.440756
237.132, 0.425911
237.101, 0.406116
237.071, 0.381604
237.040, 0.352679
237.010, 0.319709
236.980, 0.283128
236.949, 0.243420
236.919, 0.201112
236.889, 0.156769
236.858, 0.110983
236.828, 0.064364
236.798, 0.017523
236.767, -0.028924
236.737, -0.074373
236.707, -0.118241
236.676, -0.159969
236.646, -0.199029
236.615, -0.234937
236.585, -0.267255
236.555, -0.295592
236.524, -0.319608
236.494, -0.339026
236.464, -0.353624
236.433, -0.363240
236.403, -0.367778
236.373, -0.367206
236.342, -0.361543
236.312, -0.350884
236.281, -0.335369
236.251, -0.315213
236.221, -0.290677
236.190, -0.262073
236.160, -0.229771
236.130, -0.194186
236.099, -0.155774
236.069, -0.115032
236.039, -0.072490
236.008, -0.028708
235.978, 0.015738
235.947, 0.060254
235.917, 0.104230
235.887, 0.147063
235.856, 0.188158
235.826, 0.226930
235.796, 0.262817
235.765, 0.295290
235.735, 0.323864
235.705, 0.348097
235.674, 0.367602
235.644, 0.382058
235.613, 0.391216
235.583, 0.394899
235.553, 0.393004
235.522, 0.385517
235.492, 0.372513
235.462, 0.354139
235.431, 0.330634
235.401, 0.302317
235.371, 0.269584
235.340, 0.232893
235.310, 0.192772
235.280, 0.149799
235.249, 0.104596
235.219, 0.057814
235.188, 0.010131
235.158, -0.037778
235.128, -0.085239
235.097, -0.131594
235.067, -0.176223
235.037, -0.218545
235.006, -0.258029
234.976, -0.294213
234.946, -0.326705
234.915, -0.355189
234.885, -0.379431
234.854, -0.399285
234.824, -0.414688
234.794, -0.425663
234.763, -0.432316
234.733, -0.434822
234.703, -0.433431
234.672, -0.428452
234.642, -0.420247
234.612, -0.409212
234.581, -0.395782
234.551, -0.380404
234.520, -0.363529
234.490, -0.345609
234.460, -0.327072
234.429, -0.308331
234.399, -0.289755
234.369, -0.271676
234.338, -0.254378
234.308, -0.238095
234.278, -0.223002
234.247, -0.209225
234.217, -0.196825
234.187, -0.185830
234.156, -0.176206
234.126, -0.167878
234.095, -0.160740
234.065, -0.154654
234.035, -0.149456
234.004, -0.144975
233.974, -0.141025
233.944, -0.137426
233.913, -0.134000
233.883, -0.130587
233.853, -0.127042
233.822, -0.123238
233.792, -0.119079
233.761, -0.114489
233.731, -0.109416
233.701, -0.103837
233.670, -0.097754
233.640, -0.091181
233.610, -0.084160
233.579, -0.076730
233.549, -0.068950
233.519, -0.060877
233.488, -0.052568
233.458, -0.044069
233.427, -0.035423
233.397, -0.026657
233.367, -0.017781
233.336, -0.008798
233.306, 0.000313
233.276, 0.009590
233.245, 0.019078
233.215, 0.028835
233.185, 0.038924
233.154, 0.049423
233.124, 0.061775
233.093, 0.074660
233.063, 0.088124
233.033, 0.102203
233.002, 0.116904
232.972, 0.132216
232.942, 0.148100
232.911, 0.164484
232.881, 0.181267
232.851, 0.198318
232.820, 0.215474
232.790, 0.232555
232.760, 0.249341
232.729, 0.265617
232.699, 0.281136
232.668, 0.295659
232.638, 0.308940
232.608, 0.320750
232.577, 0.330865
232.547, 0.339096
232.517, 0.345275
232.486, 0.349275
232.456, 0.351005
232.426, 0.350421
232.395, 0.347517
232.365, 0.342346
232.334, 0.334994
232.304, 0.325598
232.274, 0.314336
232.243, 0.301416
232.213, 0.287074
232.183, 0.271572
232.152, 0.255184
232.122, 0.238190
232.092, 0.220862
232.061, 0.203467
232.031, 0.186254
232.000, 0.169438
231.970, 0.153210
231.940, 0.137718
231.909, 0.123072
231.879, 0.109343
231.849, 0.096550
231.818, 0.084683
231.788, 0.073688
231.758, 0.063478
231.727, 0.053932
231.697, 0.044929
231.666, 0.036307
231.636, 0.027930
231.606, 0.019641
231.575, 0.011318
231.545, 0.002846
231.515, -0.005849
231.484, -0.014815
231.454, -0.024052
231.424, -0.033521
231.393, -0.043131
231.363, -0.052751
231.333, -0.062198
231.302, -0.071262
231.272, -0.079690
231.241, -0.087211
231.211, -0.093527
231.181, -0.098346
231.150, -0.101371
231.120, -0.102330
231.090, -0.100971
231.059, -0.097089
231.029, -0.090524
230.999, -0.081173
230.968, -0.069007
230.938, -0.054066
230.907, -0.036465
230.877, -0.016400
230.847, 0.005865
230.816, 0.029982
230.786, 0.055545
230.756, 0.082079
230.725, 0.109078
230.695, 0.135982
230.665, 0.162225
230.634, 0.187215
230.604, 0.210401
230.573, 0.231219
230.543, 0.249177
230.513, 0.263811
230.482, 0.274744
230.452, 0.281673
230.422, 0.284383
230.391, 0.282749
230.361, 0.276758
230.331, 0.266487
230.300, 0.252120
230.270, 0.233933
230.240, 0.212290
230.209, 0.187629
230.179, 0.160467
230.148, 0.131352
230.118, 0.100887
230.088, 0.069685
230.057, 0.038358
230.027, 0.007508
229.997, -0.022299
229.966, -0.050541
229.936, -0.076763
229.906, -0.100580
229.875, -0.121686
229.845, -0.139877
229.814, -0.155034
229.784, -0.167137
229.754, -0.176256
229.723, -0.182556
229.693, -0.186273
229.663, -0.187722
229.632, -0.187267
229.602, -0.185324
229.572, -0.182332
229.541, -0.178740
229.511, -0.175001
229.480, -0.171539
229.450, -0.168744
229.420, -0.166965
229.389, -0.166476
229.359, -0.167491
229.329, -0.170141
229.298, -0.174477
229.268, -0.180465
229.238, -0.187992
229.207, -0.196864
229.177, -0.206821
229.146, -0.217535
229.116, -0.228637
229.086, -0.239720
229.055, -0.250358
229.025, -0.260118
228.995, -0.268580
228.964, -0.275347
228.934, -0.280072
228.904, -0.282454
228.873, -0.282260
228.843, -0.279336
228.813, -0.273609
228.782, -0.265087
228.752, -0.253878
228.721, -0.240158
228.691, -0.224199
228.661, -0.206342
228.630, -0.186992
228.600, -0.166602
228.570, -0.145664
228.539, -0.124704
228.509, -0.104240
228.479, -0.084794
228.448, -0.066855
228.418, -0.050872
228.387, -0.037247
228.357, -0.026308
228.327, -0.018320
228.296, -0.013449
228.266, -0.011785
228.236, -0.013328
228.205, -0.017977
228.175, -0.025555
228.145, -0.035804
228.114, -0.048394
228.084, -0.062938
228.053, -0.078990
228.023, -0.096087
227.993, -0.113728
227.962, -0.131429
227.932, -0.148695
227.902, -0.165070
227.871, -0.180130
227.841, -0.193500
227.811, -0.204871
227.780, -0.213994
227.750, -0.220688
227.720, -0.224854
227.689, -0.226463
227.659, -0.225560
227.628, -0.222253
227.598, -0.216712
227.568, -0.209158
227.537, -0.199854
227.507, -0.190083
227.477, -0.179159
227.446, -0.167395
227.416, -0.155093
227.386, -0.142545
227.355, -0.130006
227.325, -0.117702
227.294, -0.105810
227.264, -0.094461
227.234, -0.083737
227.203, -0.073662
227.173, -0.064219
227.143, -0.055346
227.112, -0.046934
227.082, -0.038854
227.052, -0.030945
227.021, -0.023039
226.991, -0.014967
226.960, -0.006569
226.930, 0.002298
226.900, 0.011744
226.869, 0.021837
226.839, 0.032614
226.809, 0.044049
226.778, 0.056072
226.748, 0.068550
226.718, 0.081310
226.687, 0.094124
226.657, 0.106728
226.626, 0.118824
226.596, 0.130090
226.566, 0.140203
226.535, 0.148829
226.505, 0.155663
226.475, 0.160422
226.444, 0.162870
226.414, 0.162825
226.384, 0.160170
226.353, 0.154861
226.323, 0.146942
226.293, 0.136534
226.262, 0.123849
226.232, 0.109180
226.201, 0.092909
226.171, 0.075477
226.141, 0.057395
226.110, 0.039220
226.080, 0.021545
226.050, 0.004974
226.019, -0.009888
225.989, -0.022456
225.959, -0.032189
225.928, -0.038603
225.898, -0.041287
225.867, -0.039924
225.837, -0.034302
225.807, -0.024322
225.776, -0.010010
225.746, 0.008488
225.716, 0.030890
225.685, 0.056803
225.655, 0.085714
225.625, 0.117005
225.594, 0.149975
225.564, 0.183849
225.533, 0.217800
225.503, 0.250972
225.473, 0.282513
225.442, 0.311572
225.412, 0.337358
225.382, 0.359135
225.351, 0.376261
225.321, 0.388195
225.291, 0.394526
225.260, 0.394974
225.230, 0.389410
225.199, 0.377856
225.169, 0.360487
225.139, 0.337634
225.108, 0.309765
225.078, 0.277481
225.048, 0.241503
225.017, 0.202651
224.987, 0.161821
224.957, 0.119961
224.926, 0.078046
224.896, 0.037060
224.866, -0.002040
224.835, -0.038344
224.805, -0.071017
224.774, -0.099314
224.744, -0.122606
224.714, -0.140389
224.683, -0.152301
224.653, -0.158132
224.623, -0.157813
224.592, -0.151438
224.562, -0.139238
224.532, -0.121585
224.501, -0.098972
224.471, -0.072007
224.440, -0.041378
224.410, -0.007851
224.380, 0.027768
224.349, 0.064647
224.319, 0.101955
224.289, 0.138885
224.258, 0.174673
224.228, 0.208619
224.198, 0.240100
224.167, 0.268593
224.137, 0.293676
224.106, 0.315040
224.076, 0.332490
224.046, 0.345944
224.015, 0.355440
223.985, 0.361106
223.955, 0.363173
223.924, 0.361949
223.894, 0.357804
223.864, 0.351163
223.833, 0.342474
223.803, 0.332207
223.773, 0.320818
223.742, 0.308751
223.712, 0.296408
223.681, 0.284149
223.651, 0.272267
223.621, 0.260998
223.590, 0.250496
223.560, 0.240847
223.530, 0.232068
223.499, 0.224101
223.469, 0.216831
223.439, 0.210094
223.408, 0.203676
223.378, 0.197345
223.347, 0.190849
223.317, 0.183939
223.287, 0.176376
223.256, 0.167947
223.226, 0.158482
223.196, 0.147859
223.165, 0.136005
223.135, 0.122916
223.105, 0.108647
223.074, 0.093324
223.044, 0.077126
223.013, 0.060292
222.983, 0.043105
222.953, 0.025889
222.922, 0.008983
222.892, -0.007254
222.862, -0.022480
222.831, -0.036357
222.801, -0.048600
222.771, -0.058960
222.740, -0.067253
222.710, -0.073364
222.679, -0.077258
222.649, -0.078985
222.619, -0.078679
222.588, -0.076560
222.558, -0.072919
222.528, -0.068130
222.497, -0.062616
222.467, -0.056850
222.437, -0.051336
222.406, -0.046586
222.376, -0.043106
222.346, -0.041372
222.315, -0.041811
222.285, -0.044790
222.254, -0.050586
222.224, -0.059381
222.194, -0.071244
222.163, -0.086125
222.133, -0.103850
222.103, -0.124121
222.072, -0.146516
222.042, -0.170499
222.012, -0.195437
221.981, -0.220602
221.951, -0.245208
221.920, -0.268422
221.890, -0.289393
221.860, -0.307059
221.829, -0.320824
221.799, -0.329941
221.769, -0.333751
221.738, -0.331703
221.708, -0.323386
221.678, -0.308542
221.647, -0.287075
221.617, -0.259072
221.586, -0.224799
221.556, -0.184702
221.526, -0.139405
221.495, -0.089686
221.465, -0.036482
221.435, 0.019152
221.404, 0.076069
221.374, 0.133044
221.344, 0.188821
221.313, 0.242134
221.283, 0.291755
221.252, 0.336523
221.222, 0.375371
221.192, 0.407371
221.161, 0.431737
221.131, 0.447885
221.101, 0.455418
221.070, 0.454153
221.040, 0.444131
221.010, 0.425611
220.979, 0.399069
220.949, 0.365182
220.919, 0.324814
220.888, 0.278994
220.858, 0.228882
220.827, 0.175735
220.797, 0.120890
220.767, 0.065698
220.736, 0.011515
220.706, -0.040358
220.676, -0.088701
220.645, -0.132414
220.615, -0.170539
220.585, -0.202302
220.554, -0.227121
220.524, -0.244620
220.493, -0.254657
220.463, -0.257298
220.433, -0.252838
220.402, -0.241773
220.372, -0.224795
220.342, -0.202764
220.311, -0.176676
220.281, -0.147637
220.251, -0.116828
220.220, -0.085464
220.190, -0.054760
220.159, -0.025893
220.129, 0.000042
220.099, 0.022054
220.068, 0.039298
220.038, 0.051088
220.008, 0.056927
219.977, 0.056525
219.947, 0.049792
219.917, 0.036859
219.886, 0.018059
219.856, -0.006088
219.826, -0.034868
219.795, -0.067424
219.765, -0.102771
219.734, -0.139820
219.704, -0.177434
219.674, -0.214443
219.643, -0.249690
219.613, -0.282068
219.583, -0.310553
219.552, -0.334237
219.522, -0.352359
219.492, -0.364319
219.461, -0.369709
219.431, -0.368322
219.400, -0.360151
219.370, -0.345400
219.340, -0.324474
219.309, -0.297959
219.279, -0.266615
219.249, -0.231347
219.218, -0.193178
219.188, -0.153219
219.158, -0.112634
219.127, -0.072604
219.097, -0.034293
219.066, 0.001187
219.036, 0.032810
219.006, 0.059667
218.975, 0.080991
218.945, 0.096176
218.915, 0.104804
218.884, 0.106648
218.854, 0.101674
218.824, 0.090053
218.793, 0.072147
218.763, 0.048495
218.732, 0.019799
218.702, -0.013100
218.672, -0.049240
218.641, -0.087589
218.611, -0.127041
218.581, -0.166480
218.550, -0.204804
218.520, -0.240944
218.490, -0.273905
218.459, -0.302798
218.429, -0.326854
218.399, -0.345441
218.368, -0.358096
218.338, -0.364514
218.307, -0.364573
218.277, -0.358312
218.247, -0.345949
218.216, -0.327857
218.186, -0.304540
218.156, -0.276643
218.125, -0.244901
218.095, -0.210130
218.065, -0.173204
218.034, -0.135014
218.004, -0.096453
217.973, -0.058389
217.943, -0.021639
217.913, 0.013054
217.882, 0.045034
217.852, 0.073751
217.822, 0.098780
217.791, 0.119818
217.761, 0.136678
217.731, 0.149312
217.700, 0.157796
217.670, 0.162311
217.639, 0.163142
217.609, 0.160675
217.579, 0.155336
217.548, 0.147640
217.518, 0.138104
217.488, 0.127285
217.457, 0.115719
217.427, 0.103929
217.397, 0.092397
217.366, 0.081551
217.336, 0.071766
217.305, 0.063336
217.275, 0.056472
217.245, 0.051319
217.214, 0.047937
217.184, 0.046305
217.154, 0.046331
217.123, 0.047864
217.093, 0.050693
217.063, 0.054573
217.032, 0.059222
217.002, 0.064333
216.972, 0.069609
216.941, 0.074747
216.911, 0.079466
216.880, 0.083511
216.850, 0.086663
216.820, 0.088742
216.789, 0.089613
216.759, 0.089195
216.729, 0.087445
216.698, 0.084369
216.668, 0.080022
216.638, 0.074486
216.607, 0.067879
216.577, 0.060344
216.546, 0.052037
216.516, 0.043122
216.486, 0.033764
216.455, 0.024125
216.425, 0.014347
216.395, 0.004560
216.364, -0.005130
216.334, -0.014638
216.304, -0.023907
216.273, -0.032901
216.243, -0.041603
216.212, -0.051136
216.182, -0.060398
216.152, -0.069410
216.121, -0.078198
216.091, -0.086779
216.061, -0.095162
216.030, -0.103339
216.000, -0.111282
215.970, -0.118936
215.939, -0.126220
215.909, -0.133030
215.879, -0.139229
215.848, -0.144661
215.818, -0.149152
215.787, -0.152514
215.757, -0.154555
215.727, -0.155085
215.696, -0.153928
215.666, -0.150930
215.636, -0.145973
215.605, -0.138974
215.575, -0.129906
215.545, -0.118799
215.514, -0.105747
215.484, -0.090909
215.453, -0.074515
215.423, -0.056863
215.393, -0.038317
215.362, -0.019292
215.332, -0.000261
215.302, 0.018264
215.271, 0.035756
215.241, 0.051665
215.211, 0.065454
215.180, 0.076607
215.150, 0.084646
215.119, 0.089157
215.089, 0.089789
215.059, 0.086285
215.028, 0.078490
214.998, 0.066357
214.968, 0.049957
214.937, 0.029480
214.907, 0.005250
214.877, -0.022305
214.846, -0.052631
214.816, -0.085088
214.785, -0.118938
214.755, -0.153379
214.725, -0.187557
214.694, -0.220592
214.664, -0.251603
214.634, -0.279726
214.603, -0.304141
214.573, -0.324110
214.543, -0.338968
214.512, -0.348178
214.482, -0.351330
214.452, -0.348155
214.421, -0.338539
214.391, -0.322537
214.360, -0.300356
214.330, -0.272374
214.300, -0.239113
214.269, -0.201247
214.239, -0.159557
214.209, -0.114949
214.178, -0.068398
214.148, -0.020938
214.118, 0.026368
214.087, 0.072453
214.057, 0.116281
214.026, 0.156874
213.996, 0.193335
213.966, 0.224870
213.935, 0.250820
213.905, 0.270664
213.875, 0.284049
213.844, 0.290777
213.814, 0.290837
213.784, 0.284374
213.753, 0.271712
213.723, 0.253317
213.692, 0.229805
213.662, 0.201906
213.632, 0.170453
213.601, 0.136346
213.571, 0.100542
213.541, 0.064010
213.510, 0.027710
213.480, -0.007435
213.450, -0.040565
213.419, -0.070900
213.389, -0.097780
213.359, -0.120665
213.328, -0.139147
213.298, -0.152982
213.267, -0.162063
213.237, -0.166448
213.207, -0.166333
213.176, -0.162055
213.146, -0.154076
213.116, -0.142963
213.085, -0.129370
213.055, -0.114018
213.025, -0.097658
212.994, -0.081066
212.964, -0.064993
212.933, -0.050163
212.903, -0.037230
212.873, -0.026780
212.842, -0.019279
212.812, -0.015095
212.782, -0.014459
212.751, -0.017472
212.721, -0.024098
212.691, -0.034162
212.660, -0.047365
212.630, -0.063287
212.599, -0.081400
212.569, -0.101091
212.539, -0.121674
212.508, -0.142420
212.478, -0.162574
212.448, -0.181378
212.417, -0.198098
212.387, -0.212051
212.357, -0.222614
212.326, -0.229257
212.296, -0.231545
212.265, -0.229168
212.235, -0.221938
212.205, -0.209796
212.174, -0.192822
212.144, -0.171225
212.114, -0.145341
212.083, -0.115625
212.053, -0.082631
212.023, -0.047008
211.992, -0.009474
211.962, 0.029203
211.932, 0.068225
211.901, 0.106776
211.871, 0.144062
211.840, 0.179313
211.810, 0.211816
211.780, 0.240919
211.749, 0.266057
211.719, 0.286759
211.689, 0.302662
211.658, 0.313504
211.628, 0.319149
211.598, 0.319563
211.567, 0.314826
211.537, 0.305124
211.506, 0.290732
211.476, 0.272014
211.446, 0.249405
211.415, 0.223389
211.385, 0.194502
211.355, 0.163301
211.324, 0.130358
211.294, 0.096238
211.264, 0.061496
211.233, 0.026652
211.203, -0.007804
211.172, -0.041433
211.142, -0.073852
211.112, -0.104730
211.081, -0.133795
211.051, -0.160833
211.021, -0.185688
210.990, -0.208257
210.960, -0.228473
210.930, -0.246327
210.899, -0.261828
210.869, -0.275021
210.838, -0.285957
210.808, -0.294708
210.778, -0.301347
210.747, -0.305937
210.717, -0.308542
210.687, -0.309216
210.656, -0.307995
210.626, -0.304903
210.596, -0.298871
210.565, -0.290989
210.535, -0.281260
210.505, -0.269680
210.474, -0.256248
210.444, -0.240987
210.413, -0.223923
210.383, -0.205112
210.353, -0.184636
210.322, -0.162612
210.292, -0.139196
210.262, -0.114577
210.231, -0.088994
210.201, -0.062714
210.171, -0.036051
210.140, -0.009347
210.110, 0.017030
210.079, 0.042692
210.049, 0.067242
210.019, 0.090284
209.988, 0.111439
209.958, 0.130344
209.928, 0.146676
209.897, 0.160158
209.867, 0.170574
209.837, 0.177773
209.806, 0.181677
209.776, 0.182293
209.745, 0.179721
209.715, 0.174134
209.685, 0.165803
209.654, 0.155076
209.624, 0.142387
209.594, 0.128227
209.563, 0.113152
209.533, 0.097758
209.503, 0.082677
209.472, 0.068546
209.442, 0.056002
209.412, 0.045654
209.381, 0.038078
209.351, 0.033783
209.320, 0.033211
209.290, 0.036710
209.260, 0.044530
209.229, 0.056806
209.199, 0.073553
209.169, 0.094671
209.138, 0.119924
209.108, 0.148959
209.078, 0.181310
209.047, 0.216402
209.017, 0.253570
208.986, 0.292058
208.956, 0.331066
208.926, 0.369735
208.895, 0.407201
208.865, 0.442590
208.835, 0.475050
208.804, 0.503783
208.774, 0.528054
208.744, 0.547208
208.713, 0.560696
208.683, 0.568087
208.652, 0.569079
208.622, 0.563502
208.592, 0.551333
208.561, 0.532692
208.531, 0.507836
208.501, 0.477155
208.470, 0.441166
208.440, 0.400492
208.410, 0.355860
208.379, 0.308060
208.349, 0.257947
208.318, 0.206407
208.288, 0.154340
208.258, 0.102638
208.227, 0.052157
208.197, 0.003702
208.167, -0.041988
208.136, -0.084266
208.106, -0.122584
208.076, -0.156503
208.045, -0.185702
208.015, -0.209987
207.985, -0.229276
207.954, -0.243620
207.924, -0.253165
207.893, -0.258174
207.863, -0.258995
207.833, -0.256045
207.802, -0.249806
207.772, -0.240802
207.742, -0.229576
207.711, -0.216675
207.681, -0.202637
207.651, -0.187962
207.620, -0.173114
207.590, -0.158488
207.559, -0.144418
207.529, -0.131156
207.499, -0.118876
207.468, -0.107667
207.438, -0.097534
207.408, -0.088410
207.377, -0.080154
207.347, -0.072561
207.317, -0.065386
207.286, -0.058342
207.256, -0.051129
207.225, -0.043437
207.195, -0.034968
207.165, -0.025453
207.134, -0.014662
207.104, -0.002419
207.074, 0.011392
207.043, 0.026807
207.013, 0.043791
206.983, 0.062222
206.952, 0.081903
206.922, 0.102559
206.891, 0.123836
206.861, 0.145331
206.831, 0.166578
206.800, 0.187077
206.770, 0.206309
206.740, 0.223745
206.709, 0.238865
206.679, 0.251181
206.649, 0.260243
206.618, 0.265666
206.588, 0.267131
206.558, 0.264411
206.527, 0.257361
206.497, 0.245947
206.466, 0.230233
206.436, 0.210385
206.406, 0.186669
206.375, 0.159448
206.345, 0.129171
206.315, 0.096355
206.284, 0.061581
206.254, 0.025474
206.224, -0.011312
206.193, -0.048122
206.163, -0.084297
206.132, -0.119213
206.102, -0.152285
206.072, -0.182981
206.041, -0.210850
206.011, -0.235511
205.981, -0.256671
205.950, -0.274143
205.920, -0.287821
205.890, -0.297702
205.859, -0.303864
205.829, -0.306477
205.798, -0.305773
205.768, -0.302053
205.738, -0.295656
205.707, -0.286961
205.677, -0.276357
205.647, -0.264227
205.616, -0.250953
205.586, -0.236874
205.556, -0.222294
205.525, -0.207462
205.495, -0.192565
205.465, -0.177725
205.434, -0.162991
205.404, -0.148352
205.373, -0.133731
205.343, -0.118985
205.313, -0.103934
205.282, -0.088359
205.252, -0.072011
205.222, -0.054652
205.191, -0.036030
205.161, -0.015939
205.131, 0.005797
205.100, 0.029296
205.070, 0.054607
205.039, 0.081690
205.009, 0.110433
204.979, 0.140617
204.948, 0.172180
204.918, 0.204473
204.888, 0.237005
204.857, 0.269210
204.827, 0.300451
204.797, 0.330040
204.766, 0.357270
204.736, 0.381412
204.705, 0.401750
204.675, 0.417612
204.645, 0.428369
204.614, 0.433482
204.584, 0.432514
204.554, 0.425140
204.523, 0.411180
204.493, 0.390588
204.463, 0.363498
204.432, 0.330182
204.402, 0.291086
204.371, 0.246799
204.341, 0.198073
204.311, 0.145773
204.280, 0.090885
204.250, 0.034487
204.220, -0.022287
204.189, -0.078259
204.159, -0.132248
204.129, -0.183098
204.098, -0.229700
204.068, -0.271038
204.038, -0.306203
204.007, -0.334424
203.977, -0.355080
203.946, -0.367735
203.916, -0.372127
203.886, -0.368210
203.855, -0.356116
203.825, -0.336184
203.795, -0.308932
203.764, -0.275058
203.734, -0.235408
203.704, -0.190967
203.673, -0.142817
203.643, -0.092129
203.612, -0.040113
203.582, 0.012001
203.552, 0.063005
203.521, 0.111737
203.491, 0.157114
203.461, 0.198157
203.430, 0.234016
203.400, 0.263994
203.370, 0.287551
203.339, 0.304336
203.309, 0.314166
203.278, 0.317043
203.248, 0.313150
203.218, 0.302837
203.187, 0.286603
203.157, 0.265079
203.127, 0.239024
203.096, 0.209270
203.066, 0.176722
203.036, 0.142319
203.005, 0.107007
202.975, 0.071712
202.944, 0.037325
202.914, 0.004661
202.884, -0.025550
202.853, -0.052678
202.823, -0.076215
202.793, -0.095780
202.762, -0.111119
202.732, -0.122116
202.702, -0.128781
202.671, -0.131248
202.641, -0.129756
202.611, -0.124652
202.580, -0.116348
202.550, -0.105338
202.519, -0.092137
202.489, -0.077305
202.459, -0.061383
202.428, -0.044912
202.398, -0.028396
202.368, -0.012291
202.337, 0.003008
202.307, 0.017177
202.277, 0.029973
202.246, 0.041227
202.216, 0.050858
202.185, 0.058857
202.155, 0.065297
202.125, 0.070306
202.094, 0.074072
202.064, 0.076825
202.034, 0.078822
202.003, 0.080336
201.973, 0.081635
201.943, 0.082981
201.912, 0.084609
201.882, 0.086715
201.851, 0.089450
201.821, 0.092914
201.791, 0.097146
201.760, 0.102128
201.730, 0.107781
201.700, 0.113975
201.669, 0.120526
201.639, 0.127203
201.609, 0.133752
201.578, 0.139885
201.548, 0.145316
201.518, 0.149748
201.487, 0.152906
201.457, 0.154533
201.426, 0.154413
201.396, 0.152370
201.366, 0.148285
201.335, 0.142091
201.305, 0.133788
201.275, 0.123433
201.244, 0.111145
201.214, 0.097100
201.184, 0.081525
201.153, 0.064688
201.123, 0.046895
201.092, 0.028469
201.062, 0.009751
201.032, -0.008913
201.001, -0.027194
200.971, -0.044787
200.941, -0.061411
200.910, -0.076821
200.880, -0.090825
200.850, -0.103279
200.819, -0.114089
200.789, -0.123215
200.758, -0.130669
200.728, -0.136508
200.698, -0.140830
200.667, -0.143769
200.637, -0.145477
200.607, -0.146126
200.576, -0.145890
200.546, -0.144932
200.516, -0.143404
200.485, -0.141424
200.455, -0.139078
200.424, -0.136414
200.394, -0.133429
200.364, -0.130072
200.333, -0.126241
200.303, -0.121791
200.273, -0.116529
200.242, -0.110235
200.212, -0.102653
200.182, -0.093523
200.151, -0.082565
200.121, -0.069527
200.091, -0.054166
200.060, -0.036280
200.030, -0.015719
199.999, 0.007605
199.969, 0.033716
199.939, 0.062547
199.908, 0.093951
199.878, 0.127692
199.848, 0.163436
199.817, 0.200769
199.787, 0.239190
199.757, 0.278125
199.726, 0.316937
199.696, 0.354937
199.665, 0.391409
199.635, 0.425610
199.605, 0.456809
199.574, 0.484290
199.544, 0.507379
199.514, 0.525461
199.483, 0.537993
199.453, 0.544532
199.423, 0.544727
199.392, 0.538348
199.362, 0.525295
199.331, 0.505586
199.301, 0.478393
199.271, 0.444971
199.240, 0.405715
199.210, 0.361136
199.180, 0.311847
199.149, 0.258537
199.119, 0.201974
199.089, 0.142983
199.058, 0.082409
199.028, 0.021120
198.998, -0.040025
198.967, -0.100190
198.937, -0.158581
198.906, -0.214459
198.876, -0.267163
198.846, -0.316107
198.815, -0.360801
198.785, -0.400849
198.755, -0.435961
198.724, -0.465941
198.694, -0.490692
198.664, -0.510217
198.633, -0.524595
198.603, -0.533985
198.572, -0.538614
198.542, -0.538759
198.512, -0.534746
198.481, -0.526925
198.451, -0.515665
198.421, -0.501348
198.390, -0.484345
198.360, -0.465021
198.330, -0.443724
198.299, -0.420777
198.269, -0.396480
198.238, -0.371104
198.208, -0.344891
198.178, -0.318064
198.147, -0.290823
198.117, -0.263348
198.087, -0.235813
198.056, -0.208384
198.026, -0.181225
197.996, -0.154507
197.965, -0.128408
197.935, -0.103124
197.904, -0.078861
197.874, -0.055837
197.844, -0.034292
197.813, -0.014469
197.783, 0.003374
197.753, 0.018986
197.722, 0.032121
197.692, 0.042543
197.662, 0.050047
197.631, 0.054459
197.601, 0.055652
197.571, 0.053547
197.540, 0.048128
197.510, 0.039451
197.479, 0.027645
197.449, 0.012912
197.419, -0.004459
197.388, -0.024110
197.358, -0.045598
197.328, -0.068423
197.297, -0.092021
197.267, -0.115784
197.237, -0.139062
197.206, -0.161197
197.176, -0.181521
197.145, -0.199383
197.115, -0.214166
197.085, -0.225306
197.054, -0.232303
197.024, -0.234746
196.994, -0.232311
196.963, -0.224797
196.933, -0.212110
196.903, -0.194287
196.872, -0.171490
196.842, -0.143997
196.811, -0.112227
196.781, -0.076694
196.751, -0.038016
196.720, 0.003091
196.690, 0.045856
196.660, 0.089439
196.629, 0.132988
196.599, 0.175631
196.569, 0.216511
196.538, 0.254813
196.508, 0.289773
196.477, 0.320706
196.447, 0.347022
196.417, 0.368242
196.386, 0.384011
196.356, 0.394097
196.326, 0.398410
196.295, 0.396995
196.265, 0.390037
196.235, 0.377839
196.204, 0.360829
196.174, 0.339547
196.144, 0.314610
196.113, 0.286717
196.083, 0.256615
196.052, 0.225084
196.022, 0.192914
195.992, 0.160878
195.961, 0.129726
195.931, 0.100149
195.901, 0.072768
195.870, 0.048121
195.840, 0.026648
195.810, 0.008677
195.779, -0.005568
195.749, -0.015994
195.718, -0.022612
195.688, -0.025552
195.658, -0.025049
195.627, -0.021429
195.597, -0.015114
195.567, -0.006584
195.536, 0.003628
195.506, 0.014940
195.476, 0.026772
195.445, 0.038522
195.415, 0.049624
195.384, 0.059529
195.354, 0.067747
195.324, 0.073842
195.293, 0.077459
195.263, 0.078315
195.233, 0.076218
195.202, 0.071073
195.172, 0.062865
195.142, 0.051673
195.111, 0.037665
195.081, 0.021085
195.051, 0.002249
195.020, -0.018470
194.990, -0.040646
194.959, -0.063818
194.929, -0.087502
194.899, -0.111204
194.868, -0.134431
194.838, -0.156707
194.808, -0.177581
194.777, -0.196641
194.747, -0.213520
194.717, -0.227907
194.686, -0.239546
194.656, -0.248252
194.625, -0.253902
194.595, -0.256442
194.565, -0.255883
194.534, -0.252304
194.504, -0.245836
194.474, -0.236675
194.443, -0.225057
194.413, -0.211265
194.383, -0.195610
194.352, -0.178440
194.322, -0.160105
194.291, -0.140980
194.261, -0.121429
194.231, -0.101816
194.200, -0.082487
194.170, -0.063771
194.140, -0.045966
194.109, -0.029337
194.079, -0.014117
194.049, -0.000497
194.018, 0.011381
193.988, 0.021411
193.957, 0.029542
193.927, 0.035764
193.897, 0.040113
193.866, 0.042665
193.836, 0.043546
193.806, 0.042907
193.775, 0.040944
193.745, 0.037873
193.715, 0.033940
193.684, 0.030081
193.654, 0.025890
193.624, 0.021640
193.593, 0.017609
193.563, 0.014053
193.532, 0.011223
193.502, 0.009342
193.472, 0.008605
193.441, 0.009165
193.411, 0.011143
193.381, 0.014608
193.350, 0.019581
193.320, 0.026032
193.290, 0.033875
193.259, 0.042976
193.229, 0.053145
193.198, 0.064140
193.168, 0.075682
193.138, 0.087450
193.107, 0.099090
193.077, 0.110225
193.047, 0.120465
193.016, 0.129416
192.986, 0.136691
192.956, 0.141925
192.925, 0.144776
192.895, 0.144948
192.864, 0.142199
192.834, 0.136338
192.804, 0.127255
192.773, 0.114908
192.743, 0.099342
192.713, 0.080679
192.682, 0.059129
192.652, 0.034986
192.622, 0.008620
192.591, -0.019529
192.561, -0.048954
192.530, -0.079097
192.500, -0.109362
192.470, -0.139126
192.439, -0.167758
192.409, -0.194632
192.379, -0.219149
192.348, -0.240745
192.318, -0.258913
192.288, -0.273218
192.257, -0.283305
192.227, -0.288917
192.197, -0.289895
192.166, -0.286190
192.136, -0.277864
192.105, -0.265091
192.075, -0.248150
192.045, -0.227421
192.014, -0.203379
191.984, -0.176570
191.954, -0.147609
191.923, -0.117158
191.893, -0.085903
191.863, -0.054546
191.832, -0.023772
191.802, 0.005762
191.771, 0.033447
191.741, 0.058739
191.711, 0.081181
191.680, 0.100405
191.650, 0.116155
191.620, 0.128273
191.589, 0.136734
191.559, 0.141617
191.529, 0.143115
191.498, 0.141524
191.468, 0.137236
191.437, 0.130720
191.407, 0.122512
191.377, 0.113185
191.346, 0.103352
191.316, 0.093625
191.286, 0.084592
191.255, 0.076820
191.225, 0.070815
191.195, 0.067010
191.164, 0.065756
191.134, 0.067302
191.104, 0.071794
191.073, 0.079263
191.043, 0.089629
191.012, 0.102694
190.982, 0.118168
190.952, 0.135652
190.921, 0.154680
190.891, 0.174700
190.861, 0.195129
190.830, 0.215348
190.800, 0.234727
190.770, 0.252652
190.739, 0.268541
190.709, 0.281868
190.678, 0.292172
190.648, 0.299078
190.618, 0.302313
190.587, 0.301713
190.557, 0.297220
190.527, 0.288897
190.496, 0.276914
190.466, 0.261554
190.436, 0.243195
190.405, 0.222295
190.375, 0.199390
190.344, 0.175052
190.314, 0.149900
190.284, 0.124548
190.253, 0.099610
190.223, 0.075664
190.193, 0.053233
190.162, 0.032777
190.132, 0.014670
190.102, -0.000815
190.071, -0.013504
190.041, -0.023338
190.010, -0.030373
189.980, -0.034766
189.950, -0.036782
189.919, -0.036780
189.889, -0.035191
189.859, -0.032514
189.828, -0.029290
189.798, -0.026081
189.768, -0.023453
189.737, -0.021947
189.707, -0.022069
189.677, -0.024259
189.646, -0.028875
189.616, -0.036191
189.585, -0.046361
189.555, -0.059436
189.525, -0.075335
189.494, -0.093870
189.464, -0.114727
189.434, -0.137489
189.403, -0.161635
189.373, -0.186568
189.343, -0.211625
189.312, -0.236102
189.282, -0.259275
189.251, -0.280415
189.221, -0.298834
189.191, -0.313879
189.160, -0.324976
189.130, -0.331644
189.100, -0.333504
189.069, -0.330307
189.039, -0.321934
189.009, -0.308404
188.978, -0.289876
188.948, -0.266656
188.917, -0.239170
188.887, -0.207977
188.857, -0.173724
188.826, -0.137163
188.796, -0.099110
188.766, -0.060418
188.735, -0.021967
188.705, 0.015377
188.675, 0.050772
188.644, 0.083434
188.614, 0.112655
188.583, 0.137825
188.553, 0.158450
188.523, 0.174160
188.492, 0.184732
188.462, 0.190079
188.432, 0.190268
188.401, 0.185506
188.371, 0.176138
188.341, 0.162629
188.310, 0.145565
188.280, 0.125625
188.250, 0.103556
188.219, 0.080170
188.189, 0.056294
188.158, 0.032776
188.128, 0.010437
188.098, -0.009935
188.067, -0.027613
188.037, -0.043116
188.007, -0.054730
187.976, -0.062017
187.946, -0.064658
187.916, -0.062456
187.885, -0.055343
187.855, -0.043380
187.824, -0.026753
187.794, -0.005765
187.764, 0.019180
187.733, 0.047578
187.703, 0.078852
187.673, 0.112363
187.642, 0.147428
187.612, 0.183336
187.582, 0.219374
187.551, 0.254824
187.521, 0.289011
187.490, 0.321295
187.460, 0.351093
187.430, 0.377878
187.399, 0.401215
187.369, 0.420732
187.339, 0.436148
187.308, 0.447275
187.278, 0.454003
187.248, 0.456307
187.217, 0.454245
187.187, 0.447941
187.157, 0.437583
187.126, 0.423415
187.096, 0.405736
187.065, 0.384862
187.035, 0.361157
187.005, 0.334982
186.974, 0.306723
186.944, 0.276754
186.914, 0.245453
186.883, 0.213170
186.853, 0.180248
186.823, 0.146998
186.792, 0.113709
186.762, 0.080645
186.731, 0.048038
186.701, 0.016084
186.671, -0.015036
186.640, -0.045178
186.610, -0.074228
186.580, -0.102086
186.549, -0.128686
186.519, -0.153975
186.489, -0.177917
186.458, -0.200499
186.428, -0.221720
186.397, -0.241598
186.367, -0.260153
186.337, -0.277429
186.306, -0.293465
186.276, -0.308318
186.246, -0.322052
186.215, -0.334735
186.185, -0.346432
186.155, -0.357223
186.124, -0.367182
186.094, -0.376384
186.063, -0.384894
186.033, -0.392783
186.003, -0.400098
185.972, -0.406888
185.942, -0.413173
185.912, -0.418973
185.881, -0.424282
185.851, -0.429075
185.821, -0.433300
185.790, -0.436899
185.760, -0.439777
185.730, -0.441833
185.699, -0.442940
185.669, -0.442962
185.638, -0.441749
185.608, -0.439156
185.578, -0.435029
185.547, -0.429220
185.517, -0.421596
185.487, -0.412048
185.456, -0.400486
185.426, -0.386856
185.396, -0.371134
185.365, -0.353347
185.335, -0.333560
185.304, -0.311887
185.274, -0.288495
185.244, -0.263593
185.213, -0.237437
185.183, -0.210325
185.153, -0.182592
185.122, -0.154608
185.092, -0.126753
185.062, -0.099425
185.031, -0.073026
185.001, -0.047947
184.970, -0.024557
184.940, -0.003196
184.910, 0.015834
184.879, 0.032286
184.849, 0.045967
184.819, 0.056751
184.788, 0.064583
184.758, 0.069472
184.728, 0.071510
184.697, 0.070854
184.667, 0.067728
184.637, 0.062413
184.606, 0.055249
184.576, 0.046613
184.545, 0.036911
184.515, 0.026567
184.485, 0.016012
184.454, 0.005654
184.424, -0.004106
184.394, -0.012919
184.363, -0.020479
184.333, -0.026534
184.303, -0.030911
184.272, -0.033505
184.242, -0.034294
184.211, -0.033323
184.181, -0.030724
184.151, -0.026698
184.120, -0.021515
184.090, -0.015488
184.060, -0.008983
184.029, -0.002394
183.999, 0.003876
183.969, 0.009420
183.938, 0.013853
183.908, 0.016818
183.877, 0.018015
183.847, 0.017194
183.817, 0.014191
183.786, 0.008914
183.756, 0.001361
183.726, -0.008371
183.695, -0.020102
183.665, -0.033563
183.635, -0.048396
183.604, -0.064175
183.574, -0.080419
183.543, -0.096590
183.513, -0.112134
183.483, -0.126482
183.452, -0.139071
183.422, -0.149372
183.392, -0.156900
183.361, -0.161238
183.331, -0.162045
183.301, -0.159083
183.270, -0.152216
183.240, -0.141418
183.210, -0.126791
183.179, -0.108546
183.149, -0.087017
183.118, -0.062638
183.088, -0.035951
183.058, -0.007575
183.027, 0.021804
182.997, 0.051451
182.967, 0.080592
182.936, 0.108469
182.906, 0.134324
182.876, 0.157448
182.845, 0.177187
182.815, 0.192966
182.784, 0.204307
182.754, 0.210846
182.724, 0.212338
182.693, 0.208666
182.663, 0.199848
182.633, 0.186029
182.602, 0.167488
182.572, 0.144615
182.542, 0.117912
182.511, 0.087971
182.481, 0.055459
182.450, 0.021098
182.420, -0.014356
182.390, -0.048724
182.359, -0.082652
182.329, -0.115407
182.299, -0.146311
182.268, -0.174735
182.238, -0.200147
182.208, -0.222099
182.177, -0.240244
182.147, -0.254339
182.116, -0.264253
182.086, -0.269952
182.056, -0.271509
182.025, -0.269083
181.995, -0.262922
181.965, -0.253328
181.934, -0.240667
181.904, -0.225340
181.874, -0.207764
181.843, -0.188364
181.813, -0.167559
181.783, -0.145738
181.752, -0.123261
181.722, -0.100447
181.691, -0.077550
181.661, -0.054786
181.631, -0.032303
181.600, -0.010202
181.570, 0.011468
181.540, 0.032701
181.509, 0.053520
181.479, 0.073982
181.449, 0.094142
181.418, 0.114066
181.388, 0.133798
181.357, 0.153366
181.327, 0.172758
181.297, 0.191924
181.266, 0.210763
181.236, 0.229119
181.206, 0.246791
181.175, 0.263518
181.145, 0.278995
181.115, 0.292888
181.084, 0.304821
181.054, 0.314418
181.023, 0.321288
180.993, 0.325070
180.963, 0.325424
180.932, 0.322071
180.902, 0.314787
180.872, 0.303438
180.841, 0.287971
180.811, 0.268450
180.781, 0.245037
180.750, 0.218022
180.720, 0.187794
180.690, 0.154869
180.659, 0.119852
180.629, 0.083451
180.598, 0.046439
180.568, 0.009654
180.538, -0.026034
180.507, -0.059735
180.477, -0.090574
180.447, -0.117715
180.416, -0.140380
180.386, -0.157867
180.356, -0.169591
180.325, -0.175084
180.295, -0.174023
180.264, -0.166230
180.234, -0.151689
180.204, -0.130539
180.173, -0.103088
180.143, -0.069778
180.113, -0.031205
180.082, 0.011934
180.052, 0.058819
180.022, 0.108574
179.991, 0.160265
179.961, 0.212938
179.930, 0.265651
179.900, 0.317506
179.870, 0.367656
179.839, 0.415364
179.809, 0.460001
179.779, 0.501082
179.748, 0.538266
179.718, 0.571383
179.688, 0.600428
179.657, 0.625577
179.627, 0.647155
179.596, 0.665653
179.566, 0.681701
179.536, 0.696045
179.505, 0.709533
179.475, 0.723078
179.445, 0.737641
179.414, 0.754191
179.384, 0.773680
179.354, 0.797014
179.323, 0.825021
179.293, 0.858437
179.263, 0.897872
179.232, 0.943801
179.202, 0.996542
179.171, 1.056270
179.141, 1.122990
179.111, 1.196558
179.080, 1.276679
179.050, 1.362930
179.020, 1.454779
178.989, 1.551598
178.959, 1.652699
178.929, 1.757351
178.898, 1.864824
178.868, 1.974406
178.837, 2.085436
178.807, 2.197338
178.777, 2.309631
178.746, 2.421966
178.716, 2.534131
178.686, 2.646070
178.655, 2.757891
178.625, 2.869864
178.595, 2.982415
178.564, 3.096132
178.534, 3.211726
178.503, 3.330042
178.473, 3.452012
178.443, 3.578638
178.412, 3.710972
178.382, 3.850074
178.352, 3.996994
178.321, 4.152730
178.291, 4.318211
178.261, 4.494261
178.230, 4.681594
178.200, 4.880773
178.169, 5.092213
178.139, 5.316169
178.109, 5.552722
178.078, 5.801791
178.048, 6.063134
178.018, 6.336376
177.987, 6.620983
177.957, 6.916327
177.927, 7.221691
177.896, 7.536278
177.866, 7.859270
177.836, 8.189825
177.805, 8.527123
177.775, 8.870383
177.744, 9.218899
177.714, 9.572037
177.684, 9.929280
177.653, 10.290221
177.623, 10.654582
177.593, 11.022227
177.562, 11.393143
177.532, 11.767447
177.502, 12.145381
177.471, 12.527288
177.441, 12.913613
177.410, 13.304849
177.380, 13.701562
177.350, 14.104339
177.319, 14.513771
177.289, 14.930421
177.259, 15.354808
177.228, 15.787400
177.198, 16.228579
177.168, 16.678594
177.137, 17.137633
177.107, 17.605718
177.076, 18.082770
177.046, 18.568549
177.016, 19.062720
176.985, 19.564798
176.955, 20.074195
176.925, 20.590208
176.894, 21.112048
176.864, 21.638855
176.834, 22.169701
176.803, 22.703627
176.773, 23.239641
176.743, 23.776746
176.712, 24.313965
176.682, 24.850319
176.651, 25.384882
176.621, 25.916762
176.591, 26.445126
176.560, 26.969190
176.530, 27.488230
176.500, 28.001578
176.469, 28.508615
176.439, 29.008770
176.409, 29.501523
176.378, 29.986387
176.348, 30.462876
176.317, 30.930564
176.287, 31.388984
176.257, 31.837708
176.226, 32.276279
176.196, 32.704212
176.166, 33.121046
176.135, 33.526256
176.105, 33.919323
176.075, 34.299686
176.044, 34.666773
176.014, 35.020012
175.983, 35.358792
175.953, 35.682530
175.923, 35.990633
175.892, 36.282528
175.862, 36.557662
175.832, 36.815520
175.801, 37.055622
175.771, 37.277533
175.741, 37.480860
175.710, 37.665263
175.680, 37.830470
175.649, 37.976257
175.619, 38.102425
175.589, 38.208871
175.558, 38.295494
175.528, 38.362237
175.498, 38.409088
175.467, 38.436028
175.437, 38.443077
175.407, 38.430219
175.376, 38.397482
175.346, 38.344839
175.316, 38.272273
175.285, 38.179723
175.255, 38.067145
175.224, 37.934439
175.194, 37.781491
175.164, 37.608202
175.133, 37.414444
175.103, 37.200100
175.073, 36.965083
175.042, 36.709309
175.012, 36.432771
174.982, 36.135498
174.951, 35.817583
174.921, 35.479221
174.890, 35.120692
174.860, 34.742383
174.830, 34.344792
174.799, 33.928530
174.769, 33.494334
174.739, 33.043050
174.708, 32.575632
174.678, 32.093154
174.648, 31.596755
174.617, 31.087672
174.587, 30.567185
174.556, 30.036617
174.526, 29.497306
174.496, 28.950588
174.465, 28.397764
174.435, 27.840086
174.405, 27.278723
174.374, 26.714786
174.344, 26.149219
174.314, 25.582901
174.283, 25.016530
174.253, 24.450709
174.222, 23.885848
174.192, 23.322269
174.162, 22.760121
174.131, 22.199464
174.101, 21.640233
174.071, 21.082276
174.040, 20.525396
174.010, 19.969345
173.980, 19.413866
173.949, 18.858700
173.919, 18.303647
173.889, 17.748582
173.858, 17.193434
173.828, 16.638285
173.797, 16.083303
173.767, 15.528844
173.737, 14.975388
173.706, 14.423576
173.676, 13.874202
173.646, 13.328222
173.615, 12.786712
173.585, 12.250880
173.555, 11.722027
173.524, 11.201544
173.494, 10.690847
173.463, 10.191386
173.433, 9.704586
173.403, 9.231835
173.372, 8.774427
173.342, 8.333566
173.312, 7.910286
173.281, 7.505491
173.251, 7.119872
173.221, 6.753937
173.190, 6.407964
173.160, 6.082011
173.129, 5.775919
173.099, 5.489310
173.069, 5.221591
173.038, 4.971989
173.008, 4.739541
172.978, 4.523151
172.947, 4.321587
172.917, 4.133537
172.887, 3.957624
172.856, 3.792440
172.826, 3.636578
172.796, 3.488687
172.765, 3.347453
172.735, 3.211671
172.704, 3.080238
172.674, 2.952195
172.644, 2.826716
172.613, 2.703151
172.583, 2.580989
172.553, 2.459903
172.522, 2.339706
172.492, 2.220366
172.462, 2.101982
172.431, 1.984778
172.401, 1.869074
172.370, 1.755271
172.340, 1.643816
172.310, 1.535211
172.279, 1.429945
172.249, 1.328513
172.219, 1.231369
172.188, 1.138929
172.158, 1.051534
172.128, 0.969463
172.097, 0.892901
172.067, 0.821954
172.036, 0.756636
172.006, 0.696873
171.976, 0.642504
171.945, 0.593305
171.915, 0.548976
171.885, 0.509179
171.854, 0.473523
171.824, 0.441609
171.794, 0.413021
171.763, 0.387344
171.733, 0.364181
171.702, 0.343171
171.672, 0.323982
171.642, 0.306328
171.611, 0.289977
171.581, 0.274748
171.551, 0.260509
171.520, 0.247176
171.490, 0.234713
171.460, 0.223115
171.429, 0.212414
171.399, 0.202648
171.369, 0.193870
171.338, 0.186132
171.308, 0.179465
171.277, 0.173886
171.247, 0.169369
171.217, 0.165866
171.186, 0.163279
171.156, 0.161449
171.126, 0.160200
171.095, 0.159298
171.065, 0.158475
171.035, 0.157435
171.004, 0.155853
170.974, 0.153406
170.943, 0.149764
170.913, 0.144619
170.883, 0.137681
170.852, 0.128718
170.822, 0.117542
170.792, 0.104030
170.761, 0.088135
170.731, 0.069895
170.701, 0.049430
170.670, 0.026952
170.640, 0.002755
170.609, -0.022784
170.579, -0.049211
170.549, -0.076010
170.518, -0.102613
170.488, -0.128419
170.458, -0.152806
170.427, -0.175155
170.397, -0.194866
170.367, -0.211373
170.336, -0.224174
170.306, -0.232838
170.276, -0.237032
170.245, -0.236524
170.215, -0.231188
170.184, -0.221039
170.154, -0.206206
170.124, -0.186949
170.093, -0.163645
170.063, -0.136796
170.033, -0.107004
170.002, -0.074956
169.972, -0.041418
169.942, -0.007200
169.911, 0.026849
169.881, 0.059887
169.850, 0.091076
169.820, 0.119631
169.790, 0.144818
169.759, 0.166007
169.729, 0.182654
169.699, 0.194346
169.668, 0.200801
169.638, 0.201883
169.608, 0.197595
169.577, 0.188098
169.547, 0.173692
169.516, 0.154817
169.486, 0.132041
169.456, 0.106037
169.425, 0.077568
169.395, 0.047478
169.365, 0.016644
169.334, -0.014020
169.304, -0.043618
169.274, -0.071276
169.243, -0.096168
169.213, -0.117555
169.182, -0.134796
169.152, -0.147345
169.122, -0.154807
169.091, -0.156917
169.061, -0.153564
169.031, -0.144777
169.000, -0.130750
168.970, -0.111799
168.940, -0.088389
168.909, -0.061095
168.879, -0.030604
168.849, 0.002331
168.818, 0.036876
168.788, 0.072173
168.757, 0.107345
168.727, 0.141533
168.697, 0.173900
168.666, 0.203675
168.636, 0.230165
168.606, 0.252776
168.575, 0.271012
168.545, 0.284517
168.515, 0.293060
168.484, 0.296544
168.454, 0.295016
168.423, 0.288643
168.393, 0.277744
168.363, 0.262723
168.332, 0.244116
168.302, 0.222522
168.272, 0.198617
168.241, 0.173132
168.211, 0.146800
168.181, 0.120393
168.150, 0.094627
168.120, 0.070215
168.089, 0.047783
168.059, 0.027899
168.029, 0.010837
167.998, -0.002839
167.968, -0.012867
167.938, -0.019118
167.907, -0.021568
167.877, -0.020332
167.847, -0.015617
167.816, -0.007762
167.786, 0.002801
167.755, 0.015565
167.725, 0.029947
167.695, 0.045308
167.664, 0.060970
167.634, 0.076251
167.604, 0.090473
167.573, 0.102972
167.543, 0.113128
167.513, 0.120387
167.482, 0.124265
167.452, 0.124370
167.422, 0.120408
167.391, 0.112192
167.361, 0.099654
167.330, 0.082837
167.300, 0.061901
167.270, 0.037127
167.239, 0.008884
167.209, -0.022342
167.179, -0.055986
167.148, -0.091411
167.118, -0.127921
167.088, -0.164780
167.057, -0.201233
167.027, -0.236506
166.996, -0.269860
166.966, -0.300565
166.936, -0.327952
166.905, -0.351406
166.875, -0.370405
166.845, -0.384502
166.814, -0.393365
166.784, -0.396751
166.754, -0.394546
166.723, -0.386750
166.693, -0.373481
166.662, -0.354959
166.632, -0.331522
166.602, -0.303609
166.571, -0.271746
166.541, -0.236536
166.511, -0.198650
166.480, -0.158811
166.450, -0.117771
166.420, -0.076294
166.389, -0.035155
166.359, 0.004895
166.329, 0.043139
166.298, 0.078902
166.268, 0.111583
166.237, 0.140649
166.207, 0.165644
166.177, 0.186233
166.146, 0.202157
166.116, 0.213274
166.086, 0.219547
166.055, 0.221040
166.025, 0.217930
165.995, 0.210480
165.964, 0.199043
165.934, 0.184059
165.903, 0.166018
165.873, 0.145475
165.843, 0.123023
165.812, 0.099277
165.782, 0.074852
165.752, 0.050372
165.721, 0.026419
165.691, 0.003555
165.661, -0.017716
165.630, -0.036951
165.600, -0.053781
165.569, -0.067909
165.539, -0.079126
165.509, -0.087317
165.478, -0.092447
165.448, -0.094574
165.418, -0.093839
165.387, -0.090454
165.357, -0.084706
165.327, -0.076938
165.296, -0.067537
165.266, -0.056929
165.235, -0.045551
165.205, -0.033847
165.175, -0.022260
165.144, -0.011194
165.114, -0.001029
165.084, 0.007913
165.053, 0.015364
165.023, 0.021127
164.993, 0.025083
164.962, 0.027186
164.932, 0.027475
164.902, 0.026071
164.871, 0.023163
164.841, 0.019020
164.810, 0.013967
164.780, 0.008383
164.750, 0.002682
164.719, -0.002688
164.689, -0.007280
164.659, -0.010646
164.628, -0.012363
164.598, -0.012033
164.568, -0.009327
164.537, -0.003969
164.507, 0.004235
164.476, 0.015393
164.446, 0.029523
164.416, 0.046539
164.385, 0.066259
164.355, 0.088398
164.325, 0.112577
164.294, 0.138331
164.264, 0.165117
164.234, 0.192326
164.203, 0.219297
164.173, 0.245338
164.142, 0.269744
164.112, 0.291810
164.082, 0.310859
164.051, 0.326253
164.021, 0.337422
163.991, 0.343869
163.960, 0.345198
163.930, 0.341118
163.900, 0.331457
163.869, 0.316177
163.839, 0.295363
163.808, 0.269237
163.778, 0.238148
163.748, 0.202572
163.717, 0.163094
163.687, 0.120399
163.657, 0.075261
163.626, 0.028517
163.596, -0.018952
163.566, -0.066239
163.535, -0.112437
163.505, -0.156664
163.475, -0.198076
163.444, -0.235900
163.414, -0.269452
163.383, -0.298144
163.353, -0.321511
163.323, -0.339219
163.292, -0.351069
163.262, -0.357003
163.232, -0.357111
163.201, -0.351622
163.171, -0.340888
163.141, -0.325389
163.110, -0.305710
163.080, -0.282528
163.049, -0.256579
163.019, -0.228656
162.989, -0.199568
162.958, -0.170132
162.928, -0.141136
162.898, -0.113326
162.867, -0.087380
162.837, -0.063890
162.807, -0.043345
162.776, -0.026121
162.746, -0.012466
162.715, -0.002501
162.685, 0.003788
162.655, 0.006545
162.624, 0.006034
162.594, 0.002638
162.564, -0.003163
162.533, -0.012169
162.503, -0.022395
162.473, -0.033179
162.442, -0.043837
162.412, -0.053695
162.382, -0.062105
162.351, -0.068471
162.321, -0.072275
162.290, -0.073085
162.260, -0.070585
162.230, -0.064579
162.199, -0.054999
162.169, -0.041916
162.139, -0.025542
162.108, -0.006214
162.078, 0.015603
162.048, 0.039327
162.017, 0.064283
161.987, 0.089714
161.956, 0.114814
161.926, 0.138739
161.896, 0.160643
161.865, 0.179704
161.835, 0.195141
161.805, 0.206252
161.774, 0.212428
161.744, 0.213183
161.714, 0.208164
161.683, 0.197174
161.653, 0.180172
161.622, 0.157289
161.592, 0.128825
161.562, 0.095242
161.531, 0.057159
161.501, 0.015340
161.471, -0.029331
161.440, -0.075868
161.410, -0.123204
161.380, -0.170224
161.349, -0.215796
161.319, -0.258796
161.288, -0.298146
161.258, -0.332842
161.228, -0.361973
161.197, -0.384765
161.167, -0.400594
161.137, -0.409001
161.106, -0.409714
161.076, -0.402657
161.046, -0.387954
161.015, -0.365920
160.985, -0.337071
160.955, -0.302094
160.924, -0.261843
160.894, -0.217310
160.863, -0.169607
160.833, -0.119928
160.803, -0.069523
160.772, -0.019668
160.742, 0.028382
160.712, 0.073408
160.681, 0.114274
160.651, 0.149953
160.621, 0.179557
160.590, 0.202352
160.560, 0.217792
160.529, 0.225515
160.499, 0.225378
160.469, 0.217433
160.438, 0.201946
160.408, 0.179379
160.378, 0.150376
160.347, 0.115757
160.317, 0.076475
160.287, 0.033612
160.256, -0.011666
160.226, -0.058137
160.195, -0.104559
160.165, -0.149692
160.135, -0.192343
160.104, -0.231400
160.074, -0.265854
160.044, -0.294826
160.013, -0.317592
159.983, -0.333605
159.953, -0.342498
159.922, -0.344106
159.892, -0.338449
159.861, -0.325753
159.831, -0.306426
159.801, -0.281042
159.770, -0.250334
159.740, -0.215171
159.710, -0.176525
159.679, -0.135446
159.649, -0.093033
159.619, -0.050409
159.588, -0.008681
159.558, 0.031084
159.528, 0.067888
159.497, 0.100829
159.467, 0.129123
159.436, 0.152115
159.406, 0.169315
159.376, 0.180380
159.345, 0.185134
159.315, 0.183576
159.285, 0.175858
159.254, 0.162282
159.224, 0.143296
159.194, 0.119466
159.163, 0.091467
159.133, 0.060045
159.102, 0.026015
159.072, -0.009786
159.042, -0.046505
159.011, -0.083312
158.981, -0.119408
158.951, -0.154061
158.920, -0.186606
158.890, -0.216484
158.860, -0.243230
158.829, -0.266494
158.799, -0.286036
158.768, -0.301742
158.738, -0.313596
158.708, -0.321701
158.677, -0.326241
158.647, -0.327489
158.617, -0.325780
158.586, -0.321505
158.556, -0.315072
158.526, -0.306918
158.495, -0.297467
158.465, -0.287126
158.435, -0.276266
158.404, -0.265204
158.374, -0.254207
158.343, -0.243468
158.313, -0.233105
158.283, -0.223175
158.252, -0.213656
158.222, -0.204452
158.192, -0.195420
158.161, -0.186357
158.131, -0.177033
158.101, -0.167181
158.070, -0.156522
158.040, -0.144802
158.009, -0.131766
157.979, -0.117198
157.949, -0.100931
157.918, -0.082856
157.888, -0.062925
157.858, -0.041168
157.827, -0.017687
157.797, 0.007335
157.767, 0.033640
157.736, 0.060910
157.706, 0.088756
157.675, 0.116743
157.645, 0.144397
157.615, 0.171225
157.584, 0.196722
157.554, 0.220395
157.524, 0.241775
157.493, 0.260438
157.463, 0.276014
157.433, 0.288207
157.402, 0.296796
157.372, 0.301663
157.341, 0.302771
157.311, 0.300189
157.281, 0.294087
157.250, 0.284727
157.220, 0.272458
157.190, 0.257709
157.159, 0.240970
157.129, 0.222790
157.099, 0.203751
157.068, 0.184433
157.038, 0.167292
157.008, 0.151042
156.977, 0.136216
156.947, 0.123287
156.916, 0.112658
156.886, 0.104652
156.856, 0.099490
156.825, 0.097301
156.795, 0.098095
156.765, 0.101788
156.734, 0.108195
156.704, 0.117024
156.674, 0.127902
156.643, 0.140387
156.613, 0.153964
156.582, 0.168097
156.552, 0.182213
156.522, 0.195740
156.491, 0.208114
156.461, 0.218830
156.431, 0.227406
156.400, 0.233455
156.370, 0.236662
156.340, 0.236812
156.309, 0.233789
156.279, 0.227598
156.248, 0.218350
156.218, 0.206254
156.188, 0.191638
156.157, 0.174914
156.127, 0.156578
156.097, 0.137196
156.066, 0.117388
156.036, 0.097780
156.006, 0.079035
155.975, 0.061800
155.945, 0.046673
155.915, 0.034225
155.884, 0.024947
155.854, 0.019236
155.823, 0.017411
155.793, 0.019663
155.763, 0.026081
155.732, 0.036615
155.702, 0.051109
155.672, 0.069288
155.641, 0.090761
155.611, 0.115043
155.581, 0.141554
155.550, 0.169651
155.520, 0.198630
155.489, 0.227753
155.459, 0.256281
155.429, 0.283460
155.398, 0.308578
155.368, 0.330964
155.338, 0.350006
155.307, 0.365171
155.277, 0.376030
155.247, 0.382240
155.216, 0.383575
155.186, 0.379922
155.155, 0.371276
155.125, 0.357756
155.095, 0.339581
155.064, 0.317053
155.034, 0.290590
155.004, 0.260663
154.973, 0.227811
154.943, 0.192609
154.913, 0.155673
154.882, 0.117619
154.852, 0.079064
154.821, 0.040597
154.791, 0.002796
154.761, -0.033834
154.730, -0.068820
154.700, -0.101771
154.670, -0.132352
154.639, -0.160298
154.609, -0.185423
154.579, -0.207606
154.548, -0.226788
154.518, -0.242987
154.488, -0.256259
154.457, -0.266708
154.427, -0.274482
154.396, -0.279753
154.366, -0.282702
154.336, -0.283538
154.305, -0.282456
154.275, -0.279654
154.245, -0.275314
154.214, -0.269613
154.184, -0.262693
154.154, -0.254690
154.123, -0.245717
154.093, -0.235872
154.062, -0.225230
154.032, -0.213866
154.002, -0.201846
153.971, -0.189234
153.941, -0.176094
153.911, -0.162510
153.880, -0.148567
153.850, -0.134387
153.820, -0.120085
153.789, -0.105826
153.759, -0.091777
153.728, -0.078134
153.698, -0.065109
153.668, -0.052930
153.637, -0.041824
153.607, -0.032036
153.577, -0.023788
153.546, -0.017304
153.516, -0.012766
153.486, -0.010349
153.455, -0.010174
153.425, -0.012327
153.394, -0.016842
153.364, -0.023698
153.334, -0.032822
153.303, -0.044085
153.273, -0.057302
153.243, -0.072243
153.212, -0.088625
153.182, -0.106136
153.152, -0.124428
153.121, -0.143147
153.091, -0.161921
153.061, -0.180392
153.030, -0.198216
153.000, -0.215089
152.969, -0.230733
152.939, -0.244935
152.909, -0.257536
152.878, -0.268447
152.848, -0.277641
152.818, -0.285178
152.787, -0.291171
152.757, -0.295814
152.727, -0.299350
152.696, -0.302079
152.666, -0.304333
152.635, -0.306480
152.605, -0.308881
152.575, -0.311903
152.544, -0.315885
152.514, -0.321125
152.484, -0.327862
152.453, -0.336269
152.423, -0.346432
152.393, -0.358344
152.362, -0.371895
152.332, -0.386873
152.301, -0.402959
152.271, -0.419734
152.241, -0.436681
152.210, -0.453209
152.180, -0.468647
152.150, -0.482287
152.119, -0.493380
152.089, -0.501177
152.059, -0.504945
152.028, -0.503996
151.998, -0.497704
151.968, -0.485542
151.937, -0.467090
151.907, -0.442063
151.876, -0.410324
151.846, -0.371906
151.816, -0.326999
151.785, -0.275979
151.755, -0.219383
151.725, -0.157918
151.694, -0.092436
151.664, -0.023937
151.634, 0.046488
151.603, 0.117643
151.573, 0.188287
151.542, 0.256041
151.512, 0.320756
151.482, 0.381210
151.451, 0.436269
151.421, 0.484897
151.391, 0.526211
151.360, 0.559485
151.330, 0.584192
151.300, 0.600006
151.269, 0.606825
151.239, 0.604769
151.208, 0.594193
151.178, 0.575653
151.148, 0.549929
151.117, 0.517981
151.087, 0.480924
151.057, 0.440012
151.026, 0.396596
150.996, 0.352082
150.966, 0.307900
150.935, 0.265461
150.905, 0.226116
150.874, 0.191117
150.844, 0.161582
150.814, 0.138460
150.783, 0.122502
150.753, 0.114248
150.723, 0.114000
150.692, 0.121807
150.662, 0.137485
150.632, 0.160602
150.601, 0.190494
150.571, 0.226279
150.541, 0.266901
150.510, 0.311130
150.480, 0.357619
150.449, 0.404943
150.419, 0.451625
150.389, 0.496181
150.358, 0.537180
150.328, 0.573259
150.298, 0.603188
150.267, 0.625878
150.237, 0.640442
150.207, 0.646186
150.176, 0.642668
150.146, 0.629668
150.115, 0.607226
150.085, 0.575623
150.055, 0.535383
150.024, 0.487245
149.994, 0.432153
149.964, 0.371222
149.933, 0.305705
149.903, 0.236959
149.873, 0.166411
149.842, 0.095511
149.812, 0.025694
149.781, -0.041659
149.751, -0.105259
149.721, -0.163940
149.690, -0.216690
149.660, -0.262682
149.630, -0.301282
149.599, -0.332067
149.569, -0.354839
149.539, -0.369612
149.508, -0.376612
149.478, -0.376267
149.447, -0.369180
149.417, -0.356117
149.387, -0.337970
149.356, -0.315733
149.326, -0.290461
149.296, -0.263244
149.265, -0.235168
149.235, -0.207290
149.205, -0.180590
149.174, -0.155960
149.144, -0.134172
149.114, -0.115856
149.083, -0.101493
149.053, -0.091398
149.022, -0.085719
148.992, -0.084436
148.962, -0.087372
148.931, -0.094208
148.901, -0.104486
148.871, -0.117645
148.840, -0.133038
148.810, -0.149950
148.780, -0.167639
148.749, -0.185357
148.719, -0.202370
148.688, -0.217998
148.658, -0.231623
148.628, -0.242717
148.597, -0.250860
148.567, -0.255748
148.537, -0.257203
148.506, -0.255175
148.476, -0.249738
148.446, -0.241089
148.415, -0.229542
148.385, -0.215496
148.354, -0.199441
148.324, -0.181922
148.294, -0.163522
148.263, -0.144846
148.233, -0.126489
148.203, -0.109020
148.172, -0.092959
148.142, -0.078763
148.112, -0.066808
148.081, -0.057369
148.051, -0.050629
148.021, -0.046657
147.990, -0.045419
147.960, -0.046778
147.929, -0.050497
147.899, -0.056257
147.869, -0.063666
147.838, -0.072276
147.808, -0.081606
147.778, -0.091155
147.747, -0.100423
147.717, -0.108937
147.687, -0.116261
147.656, -0.122019
147.626, -0.125907
147.595, -0.127703
147.565, -0.127281
147.535, -0.124611
147.504, -0.119759
147.474, -0.112888
147.444, -0.104252
147.413, -0.094180
147.383, -0.083071
147.353, -0.071371
147.322, -0.059559
147.292, -0.048130
147.261, -0.037573
147.231, -0.028348
147.201, -0.020872
147.170, -0.015503
147.140, -0.012515
147.110, -0.012101
147.079, -0.014350
147.049, -0.019245
147.019, -0.026666
146.988, -0.036388
146.958, -0.048084
146.927, -0.061340
146.897, -0.075668
146.867, -0.090515
146.836, -0.105290
146.806, -0.119378
146.776, -0.132165
146.745, -0.143057
146.715, -0.151500
146.685, -0.157007
146.654, -0.159167
146.624, -0.157672
146.594, -0.152316
146.563, -0.143014
146.533, -0.129804
146.502, -0.112852
146.472, -0.092438
146.442, -0.068963
146.411, -0.042927
146.381, -0.014920
146.351, 0.014397
146.320, 0.044315
146.290, 0.074094
146.260, 0.102994
146.229, 0.130287
146.199, 0.155299
146.168, 0.177407
146.138, 0.196080
146.108, 0.210887
146.077, 0.221513
146.047, 0.227769
146.017, 0.229286
145.986, 0.226457
145.956, 0.219484
145.926, 0.208706
145.895, 0.194564
145.865, 0.177609
145.834, 0.158466
145.804, 0.137821
145.774, 0.116399
145.743, 0.094935
145.713, 0.074152
145.683, 0.054743
145.652, 0.037334
145.622, 0.022472
145.592, 0.010612
145.561, 0.002088
145.531, -0.002893
145.500, -0.004249
145.470, -0.002039
145.440, 0.003548
145.409, 0.012186
145.379, 0.023445
145.349, 0.036783
145.318, 0.051577
145.288, 0.067141
145.258, 0.082752
145.227, 0.097662
145.197, 0.111145
145.167, 0.122497
145.136, 0.131081
145.106, 0.136342
145.075, 0.137829
145.045, 0.135199
145.015, 0.128250
144.984, 0.116916
144.954, 0.101276
144.924, 0.081549
144.893, 0.058106
144.863, 0.031432
144.833, 0.002138
144.802, -0.029066
144.772, -0.061393
144.741, -0.094004
144.711, -0.126015
144.681, -0.156559
144.650, -0.184771
144.620, -0.209840
144.590, -0.231019
144.559, -0.247663
144.529, -0.259233
144.499, -0.265314
144.468, -0.265631
144.438, -0.260061
144.407, -0.248622
144.377, -0.231490
144.347, -0.208974
144.316, -0.181525
144.286, -0.149705
144.256, -0.114186
144.225, -0.075721
144.195, -0.035125
144.165, 0.006746
144.134, 0.049027
144.104, 0.090858
144.074, 0.131404
144.043, 0.169895
144.013, 0.205616
143.982, 0.237957
143.952, 0.266393
143.922, 0.290518
143.891, 0.310040
143.861, 0.324784
143.831, 0.334692
143.800, 0.339820
143.770, 0.340317
143.740, 0.336442
143.709, 0.328511
143.679, 0.316914
143.648, 0.302086
143.618, 0.284491
143.588, 0.264599
143.557, 0.242882
143.527, 0.219785
143.497, 0.195725
143.466, 0.171073
143.436, 0.146140
143.406, 0.121189
143.375, 0.096417
143.345, 0.071964
143.314, 0.047897
143.284, 0.024258
143.254, 0.001022
143.223, -0.021858
143.193, -0.044448
143.163, -0.066831
143.132, -0.089070
143.102, -0.111231
143.072, -0.133330
143.041, -0.155355
143.011, -0.177244
142.980, -0.198879
142.950, -0.220081
142.920, -0.240605
142.889, -0.260166
142.859, -0.278407
142.829, -0.294943
142.798, -0.309345
142.768, -0.321165
142.738, -0.329961
142.707, -0.335292
142.677, -0.336743
142.647, -0.333963
142.616, -0.326651
142.586, -0.314596
142.555, -0.297678
142.525, -0.275883
142.495, -0.249321
142.464, -0.218219
142.434, -0.182930
142.404, -0.143932
142.373, -0.101824
142.343, -0.057309
142.313, -0.011186
142.282, 0.035670
142.252, 0.082315
142.221, 0.127780
142.191, 0.171083
142.161, 0.211257
142.130, 0.247369
142.100, 0.278565
142.070, 0.304072
142.039, 0.323236
142.009, 0.335538
141.979, 0.340615
141.948, 0.338264
141.918, 0.328464
141.887, 0.311364
141.857, 0.287302
141.827, 0.256780
141.796, 0.220479
141.766, 0.179209
141.736, 0.133919
141.705, 0.085665
141.675, 0.035583
141.645, -0.015143
141.614, -0.065307
141.584, -0.113709
141.554, -0.159187
141.523, -0.200668
141.493, -0.237150
141.462, -0.267780
141.432, -0.291834
141.402, -0.308767
141.371, -0.318206
141.341, -0.319971
141.311, -0.314067
141.280, -0.300699
141.250, -0.280256
141.220, -0.253298
141.189, -0.220543
141.159, -0.182849
141.128, -0.141187
141.098, -0.096624
141.068, -0.050268
141.037, -0.003285
141.007, 0.043186
140.977, 0.088020
140.946, 0.130160
140.916, 0.168624
140.886, 0.202555
140.855, 0.231206
140.825, 0.253997
140.794, 0.270494
140.764, 0.280431
140.734, 0.283720
140.703, 0.280440
140.673, 0.270824
140.643, 0.255271
140.612, 0.234307
140.582, 0.208587
140.552, 0.178860
140.521, 0.147615
140.491, 0.114081
140.460, 0.079170
140.430, 0.043797
140.400, 0.008858
140.369, -0.024793
140.339, -0.056370
140.309, -0.085174
140.278, -0.110598
140.248, -0.132155
140.218, -0.149468
140.187, -0.162299
140.157, -0.170524
140.127, -0.174158
140.096, -0.173326
140.066, -0.168262
140.035, -0.159303
140.005, -0.146873
139.975, -0.131462
139.944, -0.113610
139.914, -0.093894
139.884, -0.072905
139.853, -0.051231
139.823, -0.029443
139.793, -0.008078
139.762, 0.012380
139.732, 0.031506
139.701, 0.048935
139.671, 0.064397
139.641, 0.077688
139.610, 0.088692
139.580, 0.097373
139.550, 0.103774
139.519, 0.108010
139.489, 0.110264
139.459, 0.110766
139.428, 0.109801
139.398, 0.107676
139.367, 0.104732
139.337, 0.101314
139.307, 0.097764
139.276, 0.094415
139.246, 0.091577
139.216, 0.089524
139.185, 0.088501
139.155, 0.088701
139.125, 0.090268
139.094, 0.093301
139.064, 0.097844
139.033, 0.103900
139.003, 0.111407
138.973, 0.120277
138.942, 0.130375
138.912, 0.141536
138.882, 0.153569
138.851, 0.166259
138.821, 0.179384
138.791, 0.192717
138.760, 0.206030
138.730, 0.219098
138.700, 0.231719
138.669, 0.243695
138.639, 0.254856
138.608, 0.265050
138.578, 0.274152
138.548, 0.282059
138.517, 0.288693
138.487, 0.293997
138.457, 0.297934
138.426, 0.300486
138.396, 0.301652
138.366, 0.301437
138.335, 0.299864
138.305, 0.296952
138.274, 0.292735
138.244, 0.287233
138.214, 0.280479
138.183, 0.272496
138.153, 0.263308
138.123, 0.252927
138.092, 0.241371
138.062, 0.228654
138.032, 0.214788
138.001, 0.199783
137.971, 0.183658
137.940, 0.166432
137.910, 0.148136
137.880, 0.128804
137.849, 0.108490
137.819, 0.087251
137.789, 0.065170
137.758, 0.042328
137.728, 0.018840
137.698, -0.005180
137.667, -0.029591
137.637, -0.054258
137.607, -0.079017
137.576, -0.103707
137.546, -0.128158
137.515, -0.152206
137.485, -0.175676
137.455, -0.198415
137.424, -0.220257
137.394, -0.241066
137.364, -0.260706
137.333, -0.279063
137.303, -0.296030
137.273, -0.311532
137.242, -0.325498
137.212, -0.337879
137.181, -0.348646
137.151, -0.357781
137.121, -0.365279
137.090, -0.371142
137.060, -0.375389
137.030, -0.378038
136.999, -0.379112
136.969, -0.378631
136.939, -0.376617
136.908, -0.373091
136.878, -0.368064
136.847, -0.361545
136.817, -0.353535
136.787, -0.344038
136.756, -0.333048
136.726, -0.320563
136.696, -0.306581
136.665, -0.291108
136.635, -0.274162
136.605, -0.255772
136.574, -0.235985
136.544, -0.214873
136.513, -0.192536
136.483, -0.169098
136.453, -0.144718
136.422, -0.119592
136.392, -0.093944
136.362, -0.068031
136.331, -0.042148
136.301, -0.016619
136.271, 0.008218
136.240, 0.032001
136.210, 0.054356
136.180, 0.074908
136.149, 0.093293
136.119, 0.109159
136.088, 0.122186
136.058, 0.132086
136.028, 0.138622
135.997, 0.141619
135.967, 0.140960
135.937, 0.136606
135.906, 0.128599
135.876, 0.117068
135.846, 0.102219
135.815, 0.084350
135.785, 0.063847
135.754, 0.041165
135.724, 0.016843
135.694, -0.008533
135.663, -0.034316
135.633, -0.059825
135.603, -0.084360
135.572, -0.107222
135.542, -0.127719
135.512, -0.145194
135.481, -0.159046
135.451, -0.168736
135.420, -0.173814
135.390, -0.173929
135.360, -0.168844
135.329, -0.158444
135.299, -0.142744
135.269, -0.121896
135.238, -0.096190
135.208, -0.066042
135.178, -0.032001
135.147, 0.005273
135.117, 0.045009
135.086, 0.086363
135.056, 0.128416
135.026, 0.168868
134.995, 0.208076
134.965, 0.245068
134.935, 0.278895
134.904, 0.308668
134.874, 0.333582
134.844, 0.352926
134.813, 0.366126
134.783, 0.372743
134.753, 0.372494
134.722, 0.365273
134.692, 0.351137
134.661, 0.330333
134.631, 0.303270
134.601, 0.270530
134.570, 0.232846
134.540, 0.191088
134.510, 0.146244
134.479, 0.099393
134.449, 0.051677
134.419, 0.004279
134.388, -0.041620
134.358, -0.084863
134.327, -0.124351
134.297, -0.159073
134.267, -0.188138
134.236, -0.210794
134.206, -0.226457
134.176, -0.234712
134.145, -0.235356
134.115, -0.228374
134.085, -0.213959
134.054, -0.192506
134.024, -0.164596
133.993, -0.130990
133.963, -0.092607
133.933, -0.050487
133.902, -0.005787
133.872, 0.040272
133.842, 0.086426
133.811, 0.131413
133.781, 0.173996
133.751, 0.213012
133.720, 0.247390
133.690, 0.276199
133.660, 0.298656
133.629, 0.314164
133.599, 0.322321
133.568, 0.322932
133.538, 0.316019
133.508, 0.301820
133.477, 0.280774
133.447, 0.253522
133.417, 0.220877
133.386, 0.183802
133.356, 0.143387
133.326, 0.100810
133.295, 0.057302
133.265, 0.014118
133.234, -0.027517
133.204, -0.066421
133.174, -0.101524
133.143, -0.131866
133.113, -0.156652
133.083, -0.175268
133.052, -0.187299
133.022, -0.192551
132.992, -0.191039
132.961, -0.183009
132.931, -0.168920
132.900, -0.149429
132.870, -0.125378
132.840, -0.097764
132.809, -0.067703
132.779, -0.036407
132.749, -0.005133
132.718, 0.024850
132.688, 0.052300
132.658, 0.076055
132.627, 0.095056
132.597, 0.108397
132.566, 0.115347
132.536, 0.115385
132.506, 0.108210
132.475, 0.093769
132.445, 0.072252
132.415, 0.044100
132.384, 0.009989
132.354, -0.029186
132.324, -0.072324
132.293, -0.118155
132.263, -0.165282
132.233, -0.212205
132.202, -0.257382
132.172, -0.299256
132.141, -0.336320
132.111, -0.367154
132.081, -0.390464
132.050, -0.405133
132.020, -0.410260
131.990, -0.405172
131.959, -0.389469
131.929, -0.363026
131.899, -0.326014
131.868, -0.278887
131.838, -0.222383
131.807, -0.157508
131.777, -0.085499
131.747, -0.007809
131.716, 0.073943
131.686, 0.158010
131.656, 0.242569
131.625, 0.325757
131.595, 0.405747
131.565, 0.480775
131.534, 0.549198
131.504, 0.609544
131.473, 0.660547
131.443, 0.701181
131.413, 0.730694
131.382, 0.748617
131.352, 0.754791
131.322, 0.749356
131.291, 0.732753
131.261, 0.705709
131.231, 0.669205
131.200, 0.624460
131.170, 0.572884
131.139, 0.516034
131.109, 0.455577
131.079, 0.393229
131.048, 0.330716
131.018, 0.269710
130.988, 0.211794
130.957, 0.158405
130.927, 0.110804
130.897, 0.070030
130.866, 0.036885
130.836, 0.011900
130.806, -0.004663
130.775, -0.012824
130.745, -0.012877
130.714, -0.005369
130.684, 0.008911
130.654, 0.028973
130.623, 0.053649
130.593, 0.081647
130.563, 0.111583
130.532, 0.142041
130.502, 0.171614
130.472, 0.198939
130.441, 0.222770
130.411, 0.241992
130.380, 0.255672
130.350, 0.263087
130.320, 0.263743
130.289, 0.257396
130.259, 0.244053
130.229, 0.223975
130.198, 0.197670
130.168, 0.165868
130.138, 0.129506
130.107, 0.089685
130.077, 0.047644
130.046, 0.004708
130.016, -0.037741
129.986, -0.078328
129.955, -0.115718
129.925, -0.148664
129.895, -0.176045
129.864, -0.196914
129.834, -0.210511
129.804, -0.216311
129.773, -0.214021
129.743, -0.203603
129.713, -0.185269
129.682, -0.159485
129.652, -0.126940
129.621, -0.088543
129.591, -0.045378
129.561, 0.001313
129.530, 0.049970
129.500, 0.099394
129.470, 0.148146
129.439, 0.194813
129.409, 0.238040
129.379, 0.276586
129.348, 0.309350
129.318, 0.335416
129.287, 0.354066
129.257, 0.364814
129.227, 0.367412
129.196, 0.361861
129.166, 0.348400
129.136, 0.327505
129.105, 0.299868
129.075, 0.266369
129.045, 0.228055
129.014, 0.186093
128.984, 0.141743
128.953, 0.096308
128.923, 0.051097
128.893, 0.007381
128.862, -0.033650
128.832, -0.070915
128.802, -0.103492
128.771, -0.130624
128.741, -0.151762
128.711, -0.166563
128.680, -0.174905
128.650, -0.176898
128.619, -0.172848
128.589, -0.163282
128.559, -0.148889
128.528, -0.130527
128.498, -0.109167
128.468, -0.085870
128.437, -0.061750
128.407, -0.037932
128.377, -0.015516
128.346, 0.004460
128.316, 0.021056
128.286, 0.033465
128.255, 0.041026
128.225, 0.043260
128.194, 0.039874
128.164, 0.030769
128.134, 0.016051
128.103, -0.003991
128.073, -0.028883
128.043, -0.057994
128.012, -0.090553
127.982, -0.125677
127.952, -0.162413
127.921, -0.199763
127.891, -0.236716
127.860, -0.272294
127.830, -0.305575
127.800, -0.335728
127.769, -0.362044
127.739, -0.383958
127.709, -0.401060
127.678, -0.413115
127.648, -0.420066
127.618, -0.422031
127.587, -0.419310
127.557, -0.412345
127.526, -0.401732
127.496, -0.388172
127.466, -0.372469
127.435, -0.355474
127.405, -0.338072
127.375, -0.321143
127.344, -0.305530
127.314, -0.291997
127.284, -0.281228
127.253, -0.273766
127.223, -0.270019
127.193, -0.270245
127.162, -0.274520
127.132, -0.282756
127.101, -0.294696
127.071, -0.309920
127.041, -0.327859
127.010, -0.347821
126.980, -0.369013
126.950, -0.390558
126.919, -0.411538
126.889, -0.431022
126.859, -0.448097
126.828, -0.461899
126.798, -0.471649
126.767, -0.476666
126.737, -0.476413
126.707, -0.470495
126.676, -0.458693
126.646, -0.440953
126.616, -0.417401
126.585, -0.388338
126.555, -0.354230
126.525, -0.315694
126.494, -0.273476
126.464, -0.228430
126.433, -0.181491
126.403, -0.133648
126.373, -0.085906
126.342, -0.039250
126.312, 0.005367
126.282, 0.047066
126.251, 0.085079
126.221, 0.118747
126.191, 0.147562
126.160, 0.171168
126.130, 0.189376
126.099, 0.202161
126.069, 0.209665
126.039, 0.212187
126.008, 0.210172
125.978, 0.204184
125.948, 0.194901
125.917, 0.183066
125.887, 0.169490
125.857, 0.154995
125.826, 0.140405
125.796, 0.126501
125.766, 0.114013
125.735, 0.103581
125.705, 0.095743
125.674, 0.090911
125.644, 0.089367
125.614, 0.091254
125.583, 0.096569
125.553, 0.105170
125.523, 0.116785
125.492, 0.131025
125.462, 0.147395
125.432, 0.165321
125.401, 0.184167
125.371, 0.203273
125.340, 0.221953
125.310, 0.239552
125.280, 0.255451
125.249, 0.269087
125.219, 0.279987
125.189, 0.287771
125.158, 0.292178
125.128, 0.293061
125.098, 0.290396
125.067, 0.284284
125.037, 0.274938
125.006, 0.262675
124.976, 0.247914
124.946, 0.231135
124.915, 0.212886
124.885, 0.193741
124.855, 0.174282
124.824, 0.155085
124.794, 0.136685
124.764, 0.119564
124.733, 0.104132
124.703, 0.090702
124.672, 0.079495
124.642, 0.070612
124.612, 0.064056
124.581, 0.059701
124.551, 0.057331
124.521, 0.056627
124.490, 0.057182
124.460, 0.058532
124.430, 0.060159
124.399, 0.061529
124.369, 0.062091
124.339, 0.061331
124.308, 0.058770
124.278, 0.053988
124.247, 0.046654
124.217, 0.036535
124.187, 0.023499
124.156, 0.007543
124.126, -0.011219
124.096, -0.032554
124.065, -0.056112
124.035, -0.081442
124.005, -0.107015
123.974, -0.133188
123.944, -0.159291
123.913, -0.184620
123.883, -0.208459
123.853, -0.230122
123.822, -0.248955
123.792, -0.264379
123.762, -0.275897
123.731, -0.283114
123.701, -0.285762
123.671, -0.283707
123.640, -0.276938
123.610, -0.265593
123.579, -0.249940
123.549, -0.230375
123.519, -0.207410
123.488, -0.181646
123.458, -0.153771
123.428, -0.124517
123.397, -0.094648
123.367, -0.064930
123.337, -0.036106
123.306, -0.008866
123.276, 0.016169
123.246, 0.038473
123.215, 0.057635
123.185, 0.073363
123.154, 0.085507
123.124, 0.094052
123.094, 0.099120
123.063, 0.100965
123.033, 0.099963
123.003, 0.096599
122.972, 0.091435
122.942, 0.085107
122.912, 0.078280
122.881, 0.071640
122.851, 0.065849
122.820, 0.061528
122.790, 0.059229
122.760, 0.059419
122.729, 0.062441
122.699, 0.068513
122.669, 0.077718
122.638, 0.089985
122.608, 0.105103
122.578, 0.122711
122.547, 0.142315
122.517, 0.163310
122.486, 0.184980
122.456, 0.206549
122.426, 0.227182
122.395, 0.246030
122.365, 0.262259
122.335, 0.275077
122.304, 0.283765
122.274, 0.287714
122.244, 0.286431
122.213, 0.279581
122.183, 0.267000
122.152, 0.248695
122.122, 0.224854
122.092, 0.195857
122.061, 0.162257
122.031, 0.124770
122.001, 0.084254
121.970, 0.041690
121.940, -0.001847
121.910, -0.045224
121.879, -0.087290
121.849, -0.126893
121.819, -0.162944
121.788, -0.194427
121.758, -0.220455
121.727, -0.240281
121.697, -0.253346
121.667, -0.259274
121.636, -0.257914
121.606, -0.249325
121.576, -0.233803
121.545, -0.211845
121.515, -0.184171
121.485, -0.151672
121.454, -0.115414
121.424, -0.076584
121.393, -0.036473
121.363, 0.003575
121.333, 0.042195
121.302, 0.078049
121.272, 0.109859
121.242, 0.136457
121.211, 0.156818
121.181, 0.170085
121.151, 0.175608
121.120, 0.172961
121.090, 0.161955
121.059, 0.142657
121.029, 0.115369
120.999, 0.080647
120.968, 0.039267
120.938, -0.007783
120.908, -0.059340
120.877, -0.114085
120.847, -0.170597
120.817, -0.227373
120.786, -0.282892
120.756, -0.335642
120.725, -0.384159
120.695, -0.427086
120.665, -0.463192
120.634, -0.491417
120.604, -0.510893
120.574, -0.520968
120.543, -0.521232
120.513, -0.511507
120.483, -0.491868
120.452, -0.462626
120.422, -0.424324
120.392, -0.377716
120.361, -0.323744
120.331, -0.263504
120.300, -0.198236
120.270, -0.129254
120.240, -0.057942
120.209, 0.014302
120.179, 0.086093
120.149, 0.156099
120.118, 0.223072
120.088, 0.285876
120.058, 0.343509
120.027, 0.395127
119.997, 0.440055
119.966, 0.477796
119.936, 0.508033
119.906, 0.530629
119.875, 0.545616
119.845, 0.553180
119.815, 0.553661
119.784, 0.547505
119.754, 0.535267
119.724, 0.517578
119.693, 0.495112
119.663, 0.468581
119.632, 0.438689
119.602, 0.406136
119.572, 0.371569
119.541, 0.335597
119.511, 0.298758
119.481, 0.261516
119.450, 0.224266
119.420, 0.187316
119.390, 0.150905
119.359, 0.115201
119.329, 0.080318
119.299, 0.046321
119.268, 0.013240
119.238, -0.018910
119.207, -0.050119
119.177, -0.080368
119.147, -0.109615
119.116, -0.137785
119.086, -0.164761
119.056, -0.190373
119.025, -0.214409
118.995, -0.236603
118.965, -0.256642
118.934, -0.274177
118.904, -0.288836
118.873, -0.300231
118.843, -0.307975
118.813, -0.311701
118.782, -0.311081
118.752, -0.305840
118.722, -0.295777
118.691, -0.280781
118.661, -0.260839
118.631, -0.236054
118.600, -0.206651
118.570, -0.172977
118.539, -0.135504
118.509, -0.095664
118.479, -0.053314
118.448, -0.009256
118.418, 0.035639
118.388, 0.080436
118.357, 0.124172
118.327, 0.165871
118.297, 0.204585
118.266, 0.239407
118.236, 0.269514
118.205, 0.294179
118.175, 0.312809
118.145, 0.324952
118.114, 0.330327
118.084, 0.328829
118.054, 0.320539
118.023, 0.305720
117.993, 0.284829
117.963, 0.258487
117.932, 0.227481
117.902, 0.192730
117.872, 0.155275
117.841, 0.116240
117.811, 0.076799
117.780, 0.038151
117.750, 0.001475
117.720, -0.032097
117.689, -0.061525
117.659, -0.085882
117.629, -0.104387
117.598, -0.116436
117.568, -0.121613
117.538, -0.119715
117.507, -0.110752
117.477, -0.094953
117.446, -0.072758
117.416, -0.044817
117.386, -0.011965
117.355, 0.024803
117.325, 0.064352
117.295, 0.105443
117.264, 0.146769
117.234, 0.186992
117.204, 0.224780
117.173, 0.258854
117.143, 0.288010
117.112, 0.311171
117.082, 0.327411
117.052, 0.335982
117.021, 0.336340
116.991, 0.328162
116.961, 0.311350
116.930, 0.286039
116.900, 0.252599
116.870, 0.211618
116.839, 0.163882
116.809, 0.110367
116.778, 0.052196
116.748, -0.009378
116.718, -0.073024
116.687, -0.137353
116.657, -0.200971
116.627, -0.262512
116.596, -0.320668
116.566, -0.374241
116.536, -0.422159
116.505, -0.463519
116.475, -0.497595
116.445, -0.523864
116.414, -0.542021
116.384, -0.551968
116.353, -0.553834
116.323, -0.547946
116.293, -0.534829
116.262, -0.515184
116.232, -0.489856
116.202, -0.459815
116.171, -0.426120
116.141, -0.389879
116.111, -0.352230
116.080, -0.314287
116.050, -0.277121
116.019, -0.241723
115.989, -0.208969
115.959, -0.179610
115.928, -0.154240
115.898, -0.133282
115.868, -0.116981
115.837, -0.105406
115.807, -0.098442
115.777, -0.095805
115.746, -0.097053
115.716, -0.101603
115.685, -0.108762
115.655, -0.117739
115.625, -0.127682
115.594, -0.137710
115.564, -0.146937
115.534, -0.154513
115.503, -0.159635
115.473, -0.161599
115.443, -0.159802
115.412, -0.153775
115.382, -0.143194
115.352, -0.127892
115.321, -0.107867
115.291, -0.083280
115.260, -0.054451
115.230, -0.021847
115.200, 0.013920
115.169, 0.052133
115.139, 0.091975
115.109, 0.132558
115.078, 0.172958
115.048, 0.212231
115.018, 0.249455
114.987, 0.283741
114.957, 0.314284
114.926, 0.340362
114.896, 0.361380
114.866, 0.376872
114.835, 0.386518
114.805, 0.390160
114.775, 0.387802
114.744, 0.379604
114.714, 0.365886
114.684, 0.347114
114.653, 0.323886
114.623, 0.296908
114.592, 0.266988
114.562, 0.234985
114.532, 0.201822
114.501, 0.168420
114.471, 0.135696
114.441, 0.104526
114.410, 0.075727
114.380, 0.050024
114.350, 0.028043
114.319, 0.010281
114.289, -0.002896
114.258, -0.011269
114.228, -0.014763
114.198, -0.013456
114.167, -0.007560
114.137, 0.002566
114.107, 0.016457
114.076, 0.033526
114.046, 0.053123
114.016, 0.074509
113.985, 0.096925
113.955, 0.119582
113.925, 0.141708
113.894, 0.162560
113.864, 0.181445
113.833, 0.197750
113.803, 0.210949
113.773, 0.220629
113.742, 0.226489
113.712, 0.228359
113.682, 0.226192
113.651, 0.220078
113.621, 0.210224
113.591, 0.196953
113.560, 0.180697
113.530, 0.161972
113.499, 0.141363
113.469, 0.119511
113.439, 0.097083
113.408, 0.074756
113.378, 0.053195
113.348, 0.033025
113.317, 0.014817
113.287, -0.000929
113.257, -0.013809
113.226, -0.023510
113.196, -0.029846
113.165, -0.032735
113.135, -0.032222
113.105, -0.028474
113.074, -0.021763
113.044, -0.012476
113.014, -0.000028
112.983, 0.013972
112.953, 0.028915
112.923, 0.044144
112.892, 0.058993
112.862, 0.072786
112.832, 0.084879
112.801, 0.094668
112.771, 0.101609
112.740, 0.105244
112.710, 0.105209
112.680, 0.101252
112.649, 0.093234
112.619, 0.081139
112.589, 0.065078
112.558, 0.045292
112.528, 0.022132
112.498, -0.003941
112.467, -0.032362
112.437, -0.062493
112.406, -0.093621
112.376, -0.125007
112.346, -0.155866
112.315, -0.185427
112.285, -0.212932
112.255, -0.237672
112.224, -0.258992
112.194, -0.276320
112.164, -0.289180
112.133, -0.297215
112.103, -0.300177
112.072, -0.297953
112.042, -0.290558
112.012, -0.278135
111.981, -0.260965
111.951, -0.239434
111.921, -0.214045
111.890, -0.185390
111.860, -0.154147
111.830, -0.121039
111.799, -0.086844
111.769, -0.052342
111.738, -0.018323
111.708, 0.014462
111.678, 0.045293
111.647, 0.073525
111.617, 0.098588
111.587, 0.120002
111.556, 0.137404
111.526, 0.150534
111.496, 0.159260
111.465, 0.163559
111.435, 0.163531
111.405, 0.159387
111.374, 0.151437
111.344, 0.140083
111.313, 0.125797
111.283, 0.109122
111.253, 0.090624
111.222, 0.070910
111.192, 0.050583
111.162, 0.030223
111.131, 0.010386
111.101, -0.008422
111.071, -0.025766
111.040, -0.041281
111.010, -0.054690
110.979, -0.065809
110.949, -0.074545
110.919, -0.080910
110.888, -0.084997
110.858, -0.086988
110.828, -0.087145
110.797, -0.085790
110.767, -0.083297
110.737, -0.080073
110.706, -0.076549
110.676, -0.073151
110.645, -0.070298
110.615, -0.068364
110.585, -0.067686
110.554, -0.068540
110.524, -0.071125
110.494, -0.075559
110.463, -0.081876
110.433, -0.090018
110.403, -0.099843
110.372, -0.111112
110.342, -0.123515
110.311, -0.136665
110.281, -0.150124
110.251, -0.163398
110.220, -0.175974
110.190, -0.187324
110.160, -0.196922
110.129, -0.204269
110.099, -0.208901
110.069, -0.210420
110.038, -0.208489
110.008, -0.202855
109.978, -0.193360
109.947, -0.179942
109.917, -0.162651
109.886, -0.141624
109.856, -0.117117
109.826, -0.089466
109.795, -0.059100
109.765, -0.026522
109.735, 0.007710
109.704, 0.042988
109.674, 0.078679
109.644, 0.114145
109.613, 0.148751
109.583, 0.181901
109.552, 0.213030
109.522, 0.241642
109.492, 0.267317
109.461, 0.289713
109.431, 0.308582
109.401, 0.323778
109.370, 0.335253
109.340, 0.343057
109.310, 0.347335
109.279, 0.348314
109.249, 0.346301
109.218, 0.341667
109.188, 0.334818
109.158, 0.326204
109.127, 0.316283
109.097, 0.305508
109.067, 0.294308
109.036, 0.283077
109.006, 0.272155
108.976, 0.261819
108.945, 0.252258
108.915, 0.243592
108.885, 0.235840
108.854, 0.228942
108.824, 0.222745
108.793, 0.217013
108.763, 0.211447
108.733, 0.205675
108.702, 0.199287
108.672, 0.191848
108.642, 0.182898
108.611, 0.171997
108.581, 0.158725
108.551, 0.142705
108.520, 0.123633
108.490, 0.101266
108.459, 0.075468
108.429, 0.046198
108.399, 0.013532
108.368, -0.022342
108.338, -0.061127
108.308, -0.102404
108.277, -0.145649
108.247, -0.190251
108.217, -0.235510
108.186, -0.280668
108.156, -0.324913
108.125, -0.367421
108.095, -0.407360
108.065, -0.443912
108.034, -0.476312
108.004, -0.503862
107.974, -0.525947
107.943, -0.542050
107.913, -0.551786
107.883, -0.554894
107.852, -0.551254
107.822, -0.540899
107.791, -0.523998
107.761, -0.500875
107.731, -0.471983
107.700, -0.437898
107.670, -0.399317
107.640, -0.357017
107.609, -0.311859
107.579, -0.264749
107.549, -0.216626
107.518, -0.168433
107.488, -0.122650
107.458, -0.078601
107.427, -0.037104
107.397, 0.001102
107.366, 0.035376
107.336, 0.065194
107.306, 0.090142
107.275, 0.109948
107.245, 0.124459
107.215, 0.133653
107.184, 0.137640
107.154, 0.136640
107.124, 0.130985
107.093, 0.121091
107.063, 0.107458
107.032, 0.090642
107.002, 0.071242
106.972, 0.049875
106.941, 0.027172
106.911, 0.003740
106.881, -0.019833
106.850, -0.043014
106.820, -0.065314
106.790, -0.086317
106.759, -0.105676
106.729, -0.123121
106.698, -0.138460
106.668, -0.151570
106.638, -0.162406
106.607, -0.170989
106.577, -0.177389
106.547, -0.181728
106.516, -0.184162
106.486, -0.184872
106.456, -0.184044
106.425, -0.181877
106.395, -0.178548
106.364, -0.174227
106.334, -0.169053
106.304, -0.163130
106.273, -0.156532
106.243, -0.149296
106.213, -0.141427
106.182, -0.132891
106.152, -0.123630
106.122, -0.113570
106.091, -0.102623
106.061, -0.090695
106.031, -0.077710
106.000, -0.063598
105.970, -0.048320
105.939, -0.031881
105.909, -0.014324
105.879, 0.004259
105.848, 0.023714
105.818, 0.043833
105.788, 0.064352
105.757, 0.084956
105.727, 0.105266
105.697, 0.124875
105.666, 0.143342
105.636, 0.160194
105.605, 0.174967
105.575, 0.187186
105.545, 0.196411
105.514, 0.202232
105.484, 0.204292
105.454, 0.202293
105.423, 0.196030
105.393, 0.185368
105.363, 0.170284
105.332, 0.150850
105.302, 0.127250
105.271, 0.099764
105.241, 0.068783
105.211, 0.034796
105.180, -0.001630
105.150, -0.039840
105.120, -0.079131
105.089, -0.118748
105.059, -0.157912
105.029, -0.195837
104.998, -0.231751
104.968, -0.264917
104.938, -0.294648
104.907, -0.320327
104.877, -0.341427
104.846, -0.357513
104.816, -0.368273
104.786, -0.373506
104.755, -0.373142
104.725, -0.367234
104.695, -0.355962
104.664, -0.339624
104.634, -0.318630
104.604, -0.293494
104.573, -0.264805
104.543, -0.233236
104.512, -0.199506
104.482, -0.164361
104.452, -0.128565
104.421, -0.092875
104.391, -0.058019
104.361, -0.024685
104.330, 0.006511
104.300, 0.035015
104.270, 0.060376
104.239, 0.082233
104.209, 0.100330
104.178, 0.114529
104.148, 0.124784
104.118, 0.131179
104.087, 0.133878
104.057, 0.133151
104.027, 0.129341
103.996, 0.122872
103.966, 0.114212
103.936, 0.103877
103.905, 0.092402
103.875, 0.080335
103.844, 0.068218
103.814, 0.056555
103.784, 0.045824
103.753, 0.036457
103.723, 0.028815
103.693, 0.023197
103.662, 0.019824
103.632, 0.018836
103.602, 0.020295
103.571, 0.024179
103.541, 0.030390
103.511, 0.038760
103.480, 0.049055
103.450, 0.060982
103.419, 0.074203
103.389, 0.088346
103.359, 0.103009
103.328, 0.117779
103.298, 0.132238
103.268, 0.145988
103.237, 0.158634
103.207, 0.169823
103.177, 0.179230
103.146, 0.186579
103.116, 0.191640
103.085, 0.194235
103.055, 0.194244
103.025, 0.191599
102.994, 0.186295
102.964, 0.178368
102.934, 0.167911
102.903, 0.155061
102.873, 0.140000
102.843, 0.122940
102.812, 0.104123
102.782, 0.083816
102.751, 0.062300
102.721, 0.039862
102.691, 0.016803
102.660, -0.006590
102.630, -0.030028
102.600, -0.053242
102.569, -0.075975
102.539, -0.097991
102.509, -0.119073
102.478, -0.139040
102.448, -0.157724
102.417, -0.174994
102.387, -0.190740
102.357, -0.204889
102.326, -0.217389
102.296, -0.228212
102.266, -0.237363
102.235, -0.244864
102.205, -0.250766
102.175, -0.255130
102.144, -0.258046
102.114, -0.259613
102.084, -0.259949
102.053, -0.259177
102.023, -0.257429
101.992, -0.253867
101.962, -0.249614
101.932, -0.244816
101.901, -0.239614
101.871, -0.234145
101.841, -0.228541
101.810, -0.222921
101.780, -0.217391
101.750, -0.212051
101.719, -0.206974
101.689, -0.202228
101.658, -0.197853
101.628, -0.193874
101.598, -0.190300
101.567, -0.187119
101.537, -0.184301
101.507, -0.181803
101.476, -0.179561
101.446, -0.177508
101.416, -0.175560
101.385, -0.173633
101.355, -0.171639
101.324, -0.169482
101.294, -0.167078
101.264, -0.164351
101.233, -0.161228
101.203, -0.157649
101.173, -0.153573
101.142, -0.148969
101.112, -0.143829
101.082, -0.138154
101.051, -0.131965
101.021, -0.125297
100.991, -0.118198
100.960, -0.110721
100.930, -0.102933
100.899, -0.094895
100.869, -0.086673
100.839, -0.078322
100.808, -0.069888
100.778, -0.061407
100.748, -0.052885
100.717, -0.044322
100.687, -0.035682
100.657, -0.026912
100.626, -0.017931
100.596, -0.008634
100.565, 0.001106
100.535, 0.011433
100.505, 0.022507
100.474, 0.034494
100.444, 0.047566
100.414, 0.061883
100.383, 0.077599
100.353, 0.094837
100.323, 0.113702
100.292, 0.134251
100.262, 0.156501
100.231, 0.180415
100.201, 0.205900
100.171, 0.232807
100.140, 0.260912
100.110, 0.289944
100.080, 0.319557
100.049, 0.349361
100.019, 0.378907
99.989, 0.407704
99.958, 0.435232
99.928, 0.460943
99.897, 0.484289
99.867, 0.504723
99.837, 0.521724
99.806, 0.534800
99.776, 0.543515
99.746, 0.547496
99.715, 0.546450
99.685, 0.540170
99.655, 0.528551
99.624, 0.511592
99.594, 0.489403
99.564, 0.462211
99.533, 0.430350
99.503, 0.394261
99.472, 0.354484
99.442, 0.311651
99.412, 0.266470
99.381, 0.219710
99.351, 0.172180
99.321, 0.124719
99.290, 0.078175
99.260, 0.033374
99.230, -0.008894
99.199, -0.047875
99.169, -0.082910
99.138, -0.113412
99.108, -0.138897
99.078, -0.159000
99.047, -0.173468
99.017, -0.182179
98.987, -0.185138
98.956, -0.182467
98.926, -0.174415
98.896, -0.161336
98.865, -0.143683
98.835, -0.121994
98.804, -0.096874
98.774, -0.068975
98.744, -0.038985
98.713, -0.007602
98.683, 0.024489
98.653, 0.056625
98.622, 0.088185
98.592, 0.118612
98.562, 0.147414
98.531, 0.174184
98.501, 0.198603
98.471, 0.220442
98.440, 0.239570
98.410, 0.255944
98.379, 0.269600
98.349, 0.280665
98.319, 0.289317
98.288, 0.295798
98.258, 0.300382
98.228, 0.303374
98.197, 0.305075
98.167, 0.305798
98.137, 0.305818
98.106, 0.305382
98.076, 0.304690
98.045, 0.303890
98.015, 0.303060
97.985, 0.302222
97.954, 0.301324
97.924, 0.300254
97.894, 0.298843
97.863, 0.296864
97.833, 0.294051
97.803, 0.290110
97.772, 0.284733
97.742, 0.277609
97.711, 0.268435
97.681, 0.256951
97.651, 0.242928
97.620, 0.226200
97.590, 0.206665
97.560, 0.184305
97.529, 0.159174
97.499, 0.131424
97.469, 0.101289
97.438, 0.069088
97.408, 0.035219
97.377, 0.000153
97.347, -0.035584
97.317, -0.071415
97.286, -0.106740
97.256, -0.140942
97.226, -0.173411
97.195, -0.203553
97.165, -0.230827
97.135, -0.254735
97.104, -0.274861
97.074, -0.290865
97.044, -0.302511
97.013, -0.309652
96.983, -0.312261
96.952, -0.310406
96.922, -0.304263
96.892, -0.294108
96.861, -0.280307
96.831, -0.263298
96.801, -0.243590
96.770, -0.221734
96.740, -0.198316
96.710, -0.173934
96.679, -0.149180
96.649, -0.124621
96.618, -0.100795
96.588, -0.078172
96.558, -0.057168
96.527, -0.038117
96.497, -0.021353
96.467, -0.006960
96.436, 0.004988
96.406, 0.014505
96.376, 0.021674
96.345, 0.026669
96.315, 0.029709
96.284, 0.031072
96.254, 0.031073
96.224, 0.030044
96.193, 0.028326
96.163, 0.026245
96.133, 0.024113
96.102, 0.022195
96.072, 0.020721
96.042, 0.019849
96.011, 0.019691
95.981, 0.020285
95.950, 0.021607
95.920, 0.023565
95.890, 0.026015
95.859, 0.028762
95.829, 0.031571
95.799, 0.034183
95.768, 0.036320
95.738, 0.037712
95.708, 0.038100
95.677, 0.037257
95.647, 0.034999
95.617, 0.031194
95.586, 0.025778
95.556, 0.018754
95.525, 0.010202
95.495, 0.000280
95.465, -0.010786
95.434, -0.022693
95.404, -0.035085
95.374, -0.047553
95.343, -0.059655
95.313, -0.070926
95.283, -0.080902
95.252, -0.089129
95.222, -0.095194
95.191, -0.098726
95.161, -0.099429
95.131, -0.097084
95.100, -0.091567
95.070, -0.082858
95.040, -0.071045
95.009, -0.056326
94.979, -0.039005
94.949, -0.019496
94.918, 0.001693
94.888, 0.023981
94.857, 0.046719
94.827, 0.069206
94.797, 0.090725
94.766, 0.110555
94.736, 0.127988
94.706, 0.142373
94.675, 0.153119
94.645, 0.159723
94.615, 0.161789
94.584, 0.159039
94.554, 0.151338
94.524, 0.138678
94.493, 0.121206
94.463, 0.099209
94.432, 0.073110
94.402, 0.043464
94.372, 0.010932
94.341, -0.023724
94.311, -0.059671
94.281, -0.096029
94.250, -0.131885
94.220, -0.166350
94.190, -0.198541
94.159, -0.227648
94.129, -0.252936
94.098, -0.273781
94.068, -0.289674
94.038, -0.300255
94.007, -0.305306
93.977, -0.304772
93.947, -0.298754
93.916, -0.287519
93.886, -0.271465
93.856, -0.251143
93.825, -0.227222
93.795, -0.200462
93.764, -0.171699
93.734, -0.141836
93.704, -0.111778
93.673, -0.082435
93.643, -0.054686
93.613, -0.029352
93.582, -0.007169
93.552, 0.011242
93.522, 0.025372
93.491, 0.034850
93.461, 0.039455
93.430, 0.039125
93.400, 0.033949
93.370, 0.024168
93.339, 0.010164
93.309, -0.007544
93.279, -0.028333
93.248, -0.051482
93.218, -0.076198
93.188, -0.101637
93.157, -0.126938
93.127, -0.151240
93.097, -0.173712
93.066, -0.193570
93.036, -0.210107
93.005, -0.222705
92.975, -0.230861
92.945, -0.234178
92.914, -0.232402
92.884, -0.225409
92.854, -0.213202
92.823, -0.195919
92.793, -0.173824
92.763, -0.147288
92.732, -0.116784
92.702, -0.082873
92.671, -0.046170
92.641, -0.007363
92.611, 0.032864
92.580, 0.073791
92.550, 0.114716
92.520, 0.154969
92.489, 0.193905
92.459, 0.230949
92.429, 0.265582
92.398, 0.297364
92.368, 0.325926
92.337, 0.350989
92.307, 0.372354
92.277, 0.389894
92.246, 0.403564
92.216, 0.413390
92.186, 0.419455
92.155, 0.421892
92.125, 0.420881
92.095, 0.416634
92.064, 0.409389
92.034, 0.399397
92.003, 0.386920
91.973, 0.372218
91.943, 0.355551
91.912, 0.337169
91.882, 0.317312
91.852, 0.296213
91.821, 0.274092
91.791, 0.251156
91.761, 0.227618
91.730, 0.203677
91.700, 0.179540
91.670, 0.155408
91.639, 0.131496
91.609, 0.108028
91.578, 0.085234
91.548, 0.063353
91.518, 0.042633
91.487, 0.023334
91.457, 0.005708
91.427, -0.009988
91.396, -0.023511
91.366, -0.034631
91.336, -0.043149
91.305, -0.048896
91.275, -0.051744
91.244, -0.051615
91.214, -0.048488
91.184, -0.042405
91.153, -0.033476
91.123, -0.021878
91.093, -0.007861
91.062, 0.008260
91.032, 0.026102
91.002, 0.043983
90.971, 0.062660
90.941, 0.081609
90.910, 0.100280
90.880, 0.118112
90.850, 0.134554
90.819, 0.149063
90.789, 0.161147
90.759, 0.170358
90.728, 0.176319
90.698, 0.178724
90.668, 0.177366
90.637, 0.172135
90.607, 0.163022
90.577, 0.150132
90.546, 0.133666
90.516, 0.113936
90.485, 0.091343
90.455, 0.066376
90.425, 0.039586
90.394, 0.011587
90.364, -0.016976
90.334, -0.045442
90.303, -0.073151
90.273, -0.099467
90.243, -0.123797
90.212, -0.145615
90.182, -0.164475
90.151, -0.180020
90.121, -0.192000
90.091, -0.200281
90.060, -0.204849
90.030, -0.205807
90.000, -0.203379
89.969, -0.197890
89.939, -0.189776
89.909, -0.179550
89.878, -0.167797
89.848, -0.155151
89.817, -0.142276
89.787, -0.129841
89.757, -0.118500
89.726, -0.108878
89.696, -0.101532
89.666, -0.096947
89.635, -0.095518
89.605, -0.097529
89.575, -0.103156
89.544, -0.112443
89.514, -0.125314
89.483, -0.141576
89.453, -0.160916
89.423, -0.182909
89.392, -0.207042
89.362, -0.232725
89.332, -0.259309
89.301, -0.286097
89.271, -0.312389
89.241, -0.337477
89.210, -0.360692
89.180, -0.381401
89.150, -0.399042
89.119, -0.413134
89.089, -0.423294
89.058, -0.429243
89.028, -0.430819
88.998, -0.427976
88.967, -0.420782
88.937, -0.409418
88.907, -0.394164
88.876, -0.375404
88.846, -0.353587
88.816, -0.329231
88.785, -0.302897
88.755, -0.275174
88.724, -0.246647
88.694, -0.217901
88.664, -0.189483
88.633, -0.161891
88.603, -0.135566
88.573, -0.110878
88.542, -0.088104
88.512, -0.067449
88.482, -0.049020
88.451, -0.032838
88.421, -0.018842
88.390, -0.006892
88.360, 0.003215
88.330, 0.011740
88.299, 0.018984
88.269, 0.025266
88.239, 0.030924
88.208, 0.036291
88.178, 0.041684
88.148, 0.047376
88.117, 0.053609
88.087, 0.060570
88.056, 0.068388
88.026, 0.077126
87.996, 0.086786
87.965, 0.097312
87.935, 0.108586
87.905, 0.120447
87.874, 0.132686
87.844, 0.145075
87.814, 0.157360
87.783, 0.169291
87.753, 0.180621
87.723, 0.191135
87.692, 0.200646
87.662, 0.209015
87.631, 0.216154
87.601, 0.222039
87.571, 0.226709
87.540, 0.230266
87.510, 0.232869
87.480, 0.234743
87.449, 0.236161
87.419, 0.237427
87.389, 0.238876
87.358, 0.240864
87.328, 0.243732
87.297, 0.247809
87.267, 0.253390
87.237, 0.260723
87.206, 0.269993
87.176, 0.281315
87.146, 0.294716
87.115, 0.310140
87.085, 0.327435
87.055, 0.346357
87.024, 0.366579
86.994, 0.387683
86.963, 0.409187
86.933, 0.430546
86.903, 0.451173
86.872, 0.470458
86.842, 0.487781
86.812, 0.502536
86.781, 0.514157
86.751, 0.522122
86.721, 0.525993
86.690, 0.525416
86.660, 0.520137
86.630, 0.510027
86.599, 0.495074
86.569, 0.475395
86.538, 0.451230
86.508, 0.422956
86.478, 0.391053
86.447, 0.356112
86.417, 0.318814
86.387, 0.279914
86.356, 0.240214
86.326, 0.200548
86.296, 0.161755
86.265, 0.124659
86.235, 0.090039
86.204, 0.058615
86.174, 0.031012
86.144, 0.007766
86.113, -0.010718
86.083, -0.024160
86.053, -0.032418
86.022, -0.035498
85.992, -0.033548
85.962, -0.026849
85.931, -0.015822
85.901, -0.001004
85.870, 0.016966
85.840, 0.037354
85.810, 0.059369
85.779, 0.082166
85.749, 0.104884
85.719, 0.126660
85.688, 0.146651
85.658, 0.164066
85.628, 0.178169
85.597, 0.188315
85.567, 0.193942
85.536, 0.194615
85.506, 0.190003
85.476, 0.181194
85.445, 0.166815
85.415, 0.146914
85.385, 0.121650
85.354, 0.091300
85.324, 0.056233
85.294, 0.016916
85.263, -0.026111
85.233, -0.072253
85.203, -0.120866
85.172, -0.171276
85.142, -0.222799
85.111, -0.274750
85.081, -0.326458
85.051, -0.377281
85.020, -0.426609
84.990, -0.473877
84.960, -0.518577
84.929, -0.560253
84.899, -0.598499
84.869, -0.632984
84.838, -0.663421
84.808, -0.689592
84.777, -0.711321
84.747, -0.728486
84.717, -0.741012
84.686, -0.748869
84.656, -0.752052
84.626, -0.750611
84.595, -0.744608
84.565, -0.734148
84.535, -0.719355
84.504, -0.700383
84.474, -0.677410
84.443, -0.650652
84.413, -0.620341
84.383, -0.586746
84.352, -0.550164
84.322, -0.510927
84.292, -0.469397
84.261, -0.425968
84.231, -0.381066
84.201, -0.335145
84.170, -0.288687
84.140, -0.242189
84.110, -0.196168
84.079, -0.151142
84.049, -0.107626
84.018, -0.066132
83.988, -0.027135
83.958, 0.008911
83.927, 0.041608
83.897, 0.070603
83.867, 0.095617
83.836, 0.116439
83.806, 0.132948
83.776, 0.145105
83.745, 0.152968
83.715, 0.156682
83.684, 0.156489
83.654, 0.152719
83.624, 0.145777
83.593, 0.136153
83.563, 0.124389
83.533, 0.111076
83.502, 0.096847
83.472, 0.082335
83.442, 0.068190
83.411, 0.055029
83.381, 0.043443
83.350, 0.033962
83.320, 0.027055
83.290, 0.023108
83.259, 0.022410
83.229, 0.025147
83.199, 0.031405
83.168, 0.041150
83.138, 0.054245
83.108, 0.070447
83.077, 0.089408
83.047, 0.110697
83.016, 0.133809
82.986, 0.158170
82.956, 0.183171
82.925, 0.208175
82.895, 0.232538
82.865, 0.255623
82.834, 0.276833
82.804, 0.295617
82.774, 0.311487
82.743, 0.324028
82.713, 0.332925
82.683, 0.337952
82.652, 0.338982
82.622, 0.336001
82.591, 0.329088
82.561, 0.318430
82.531, 0.304297
82.500, 0.287036
82.470, 0.267071
82.440, 0.244869
82.409, 0.220938
82.379, 0.195812
82.349, 0.170017
82.318, 0.144087
82.288, 0.118509
82.257, 0.093741
82.227, 0.070189
82.197, 0.048193
82.166, 0.028029
82.136, 0.009903
82.106, -0.006063
82.075, -0.019805
82.045, -0.031336
82.015, -0.040732
81.984, -0.048114
81.954, -0.053661
81.923, -0.057567
81.893, -0.060063
81.863, -0.061380
81.832, -0.061746
81.802, -0.061382
81.772, -0.060481
81.741, -0.059206
81.711, -0.057687
81.681, -0.056010
81.650, -0.054221
81.620, -0.052329
81.589, -0.050293
81.559, -0.048060
81.529, -0.045535
81.498, -0.042614
81.468, -0.039189
81.438, -0.035152
81.407, -0.030411
81.377, -0.024899
81.347, -0.018582
81.316, -0.011466
81.286, -0.003617
81.256, 0.004867
81.225, 0.013814
81.195, 0.023012
81.164, 0.032191
81.134, 0.041045
81.104, 0.049223
81.073, 0.056356
81.043, 0.062061
81.013, 0.065952
80.982, 0.067663
80.952, 0.066860
80.922, 0.063248
80.891, 0.056600
80.861, 0.046760
80.830, 0.033647
80.800, 0.017283
80.770, -0.002209
80.739, -0.024630
80.709, -0.049647
80.679, -0.076859
80.648, -0.105764
80.618, -0.135781
80.588, -0.166276
80.557, -0.196557
80.527, -0.225901
80.496, -0.253588
80.466, -0.278904
80.436, -0.301163
80.405, -0.319737
80.375, -0.334066
80.345, -0.343688
80.314, -0.348240
80.284, -0.347478
80.254, -0.341296
80.223, -0.329705
80.193, -0.312861
80.163, -0.291045
80.132, -0.264667
80.102, -0.234249
80.071, -0.200421
80.041, -0.163884
80.011, -0.125422
79.980, -0.085645
79.950, -0.045600
79.920, -0.006125
79.889, 0.031969
79.859, 0.067901
79.829, 0.100970
79.798, 0.130560
79.768, 0.156136
79.737, 0.177291
79.707, 0.193731
79.677, 0.205284
79.646, 0.211902
79.616, 0.213661
79.586, 0.210747
79.555, 0.203457
79.525, 0.192170
79.495, 0.177359
79.464, 0.159537
79.434, 0.139274
79.403, 0.117158
79.373, 0.093782
79.343, 0.069730
79.312, 0.045555
79.282, 0.021757
79.252, -0.001202
79.221, -0.022938
79.191, -0.043127
79.161, -0.061533
79.130, -0.077988
79.100, -0.092397
79.069, -0.104736
79.039, -0.115037
79.009, -0.123389
78.978, -0.129918
78.948, -0.134777
78.918, -0.138141
78.887, -0.140181
78.857, -0.141070
78.827, -0.140956
78.796, -0.139973
78.766, -0.138215
78.736, -0.135737
78.705, -0.132567
78.675, -0.128685
78.644, -0.124048
78.614, -0.118573
78.584, -0.112165
78.553, -0.104714
78.523, -0.096109
78.493, -0.086245
78.462, -0.075038
78.432, -0.062429
78.402, -0.048410
78.371, -0.033007
78.341, -0.016304
78.310, 0.001549
78.280, 0.020349
78.250, 0.039842
78.219, 0.059713
78.189, 0.079598
78.159, 0.099101
78.128, 0.117803
78.098, 0.135259
78.068, 0.151041
78.037, 0.164734
78.007, 0.175955
77.976, 0.184372
77.946, 0.189723
77.916, 0.191813
77.885, 0.190541
77.855, 0.185908
77.825, 0.177998
77.794, 0.167016
77.764, 0.153255
77.734, 0.137106
77.703, 0.119044
77.673, 0.099609
77.642, 0.079405
77.612, 0.059068
77.582, 0.039243
77.551, 0.020580
77.521, 0.003692
77.491, -0.010854
77.460, -0.022570
77.430, -0.031047
77.400, -0.035989
77.369, -0.037220
77.339, -0.034704
77.309, -0.028527
77.278, -0.018916
77.248, -0.006226
77.217, 0.009056
77.187, 0.026341
77.157, 0.044945
77.126, 0.064104
77.096, 0.083015
77.066, 0.100850
77.035, 0.116784
77.005, 0.130025
76.975, 0.139845
76.944, 0.145595
76.914, 0.146743
76.883, 0.142891
76.853, 0.133771
76.823, 0.119295
76.792, 0.099526
76.762, 0.074706
76.732, 0.045237
76.701, 0.011675
76.671, -0.025273
76.641, -0.064787
76.610, -0.105944
76.580, -0.147746
76.549, -0.189149
76.519, -0.229102
76.489, -0.266563
76.458, -0.300538
76.428, -0.330127
76.398, -0.354510
76.367, -0.373025
76.337, -0.385133
76.307, -0.390478
76.276, -0.388865
76.246, -0.380293
76.216, -0.364919
76.185, -0.343088
76.155, -0.315292
76.124, -0.282171
76.094, -0.244478
76.064, -0.203064
76.033, -0.158844
76.003, -0.112771
75.973, -0.065805
75.942, -0.018883
75.912, 0.027116
75.882, 0.071383
75.851, 0.113214
75.821, 0.152025
75.790, 0.187366
75.760, 0.218929
75.730, 0.246555
75.699, 0.270233
75.669, 0.290087
75.639, 0.306360
75.608, 0.319420
75.578, 0.329714
75.548, 0.337756
75.517, 0.344100
75.487, 0.349320
75.456, 0.353958
75.426, 0.358539
75.396, 0.363502
75.365, 0.369211
75.335, 0.375919
75.305, 0.383770
75.274, 0.392771
75.244, 0.402806
75.214, 0.413628
75.183, 0.424865
75.153, 0.436043
75.122, 0.446592
75.092, 0.455875
75.062, 0.463203
75.031, 0.467879
75.001, 0.469203
74.971, 0.466526
74.940, 0.459266
74.910, 0.446923
74.880, 0.429129
74.849, 0.405645
74.819, 0.376393
74.789, 0.341455
74.758, 0.301084
74.728, 0.255707
74.697, 0.205912
74.667, 0.152424
74.637, 0.096120
74.606, 0.037978
74.576, -0.020945
74.546, -0.079536
74.515, -0.136662
74.485, -0.198286
74.455, -0.256262
74.424, -0.309605
74.394, -0.357443
74.363, -0.399039
74.333, -0.433827
74.303, -0.461415
74.272, -0.481612
74.242, -0.494420
74.212, -0.500046
74.181, -0.498892
74.151, -0.491535
74.121, -0.478716
74.090, -0.461317
74.060, -0.440323
74.029, -0.416804
73.999, -0.391861
73.969, -0.366609
73.938, -0.342131
73.908, -0.319445
73.878, -0.299466
73.847, -0.282986
73.817, -0.270643
73.787, -0.262900
73.756, -0.260030
73.726, -0.262115
73.695, -0.269048
73.665, -0.280513
73.635, -0.296034
73.604, -0.314962
73.574, -0.336523
73.544, -0.359825
73.513, -0.383904
73.483, -0.407754
73.453, -0.430374
73.422, -0.450785
73.392, -0.468073
73.362, -0.481434
73.331, -0.490194
73.301, -0.493829
73.270, -0.492000
73.240, -0.484555
73.210, -0.471547
73.179, -0.453222
73.149, -0.430032
73.119, -0.402607
73.088, -0.371743
73.058, -0.338381
73.028, -0.303568
72.997, -0.268439
72.967, -0.234171
72.936, -0.201942
72.906, -0.172907
72.876, -0.148144
72.845, -0.128634
72.815, -0.115219
72.785, -0.108580
72.754, -0.109202
72.724, -0.117372
72.694, -0.133167
72.663, -0.156432
72.633, -0.186800
72.602, -0.223697
72.572, -0.266356
72.542, -0.313837
72.511, -0.365057
72.481, -0.418824
72.451, -0.473864
72.420, -0.528860
72.390, -0.582496
72.360, -0.633494
72.329, -0.680639
72.299, -0.722833
72.269, -0.759105
72.238, -0.788658
72.208, -0.810880
72.177, -0.825359
72.147, -0.831900
72.117, -0.830520
72.086, -0.821454
72.056, -0.805140
72.026, -0.782206
71.995, -0.753450
71.965, -0.719817
71.935, -0.682362
71.904, -0.642231
71.874, -0.600616
71.843, -0.558720
71.813, -0.517736
71.783, -0.478792
71.752, -0.442941
71.722, -0.411117
71.692, -0.384119
71.661, -0.362581
71.631, -0.346972
71.601, -0.337566
71.570, -0.334461
71.540, -0.337546
71.509, -0.346552
71.479, -0.361015
71.449, -0.380330
71.418, -0.403742
71.388, -0.430391
71.358, -0.459317
71.327, -0.489504
71.297, -0.519897
71.267, -0.549434
71.236, -0.577067
71.206, -0.601800
71.175, -0.622700
71.145, -0.638921
71.115, -0.649728
71.084, -0.654506
71.054, -0.652763
71.024, -0.644153
70.993, -0.628461
70.963, -0.605622
70.933, -0.575689
70.902, -0.538847
70.872, -0.495393
70.842, -0.445728
70.811, -0.390327
70.781, -0.329745
70.750, -0.264578
70.720, -0.195460
70.690, -0.123033
70.659, -0.047942
70.629, 0.029190
70.599, 0.107762
70.568, 0.187236
70.538, 0.267109
70.508, 0.346949
70.477, 0.426389
70.447, 0.505138
70.416, 0.582966
70.386, 0.659720
70.356, 0.735309
70.325, 0.809709
70.295, 0.882938
70.265, 0.955072
70.234, 1.026212
70.204, 1.096494
70.174, 1.166065
70.143, 1.235085
70.113, 1.303699
70.082, 1.372049
70.052, 1.440240
70.022, 1.508365
69.991, 1.576457
69.961, 1.644520
69.931, 1.712501
69.900, 1.780298
69.870, 1.847743
69.840, 1.914627
69.809, 1.980667
69.779, 2.045539
69.749, 2.108855
69.718, 2.170187
69.688, 2.229059
69.657, 2.284959
69.627, 2.337346
69.597, 2.385657
69.566, 2.429304
69.536, 2.467714
69.506, 2.500301
69.475, 2.526509
69.445, 2.545795
69.415, 2.557662
69.384, 2.561653
69.354, 2.557368
69.323, 2.544473
69.293, 2.522711
69.263, 2.491902
69.232, 2.451955
69.202, 2.402877
69.172, 2.344771
69.141, 2.277838
69.111, 2.202384
69.081, 2.118809
69.050, 2.027620
69.020, 1.929407
68.989, 1.824847
68.959, 1.726000
68.929, 1.622382
68.898, 1.514864
68.868, 1.404365
68.838, 1.291817
68.807, 1.178176
68.777, 1.064383
68.747, 0.951360
68.716, 0.839998
68.686, 0.731125
68.655, 0.625506
68.625, 0.523837
68.595, 0.426704
68.564, 0.334611
68.534, 0.247946
68.504, 0.166991
68.473, 0.091911
68.443, 0.022766
68.413, -0.040500
68.382, -0.098033
68.352, -0.150084
68.322, -0.196980
68.291, -0.239120
68.261, -0.276956
68.230, -0.310981
68.200, -0.341709
68.170, -0.369674
68.139, -0.395379
68.109, -0.419332
68.079, -0.441982
68.048, -0.463736
68.018, -0.484941
67.988, -0.505871
67.957, -0.526733
67.927, -0.547650
67.896, -0.568668
67.866, -0.589760
67.836, -0.610827
67.805, -0.631706
67.775, -0.652178
67.745, -0.671985
67.714, -0.690834
67.684, -0.708420
67.654, -0.724427
67.623, -0.738566
67.593, -0.750555
67.562, -0.760161
67.532, -0.767191
67.502, -0.771518
67.471, -0.773077
67.441, -0.771872
67.411, -0.767981
67.380, -0.761558
67.350, -0.752821
67.320, -0.742061
67.289, -0.729620
67.259, -0.715888
67.228, -0.701298
67.198, -0.686303
67.168, -0.671361
67.137, -0.656946
67.107, -0.643493
67.077, -0.631421
67.046, -0.621098
67.016, -0.612844
66.986, -0.606913
66.955, -0.603487
66.925, -0.602673
66.895, -0.604507
66.864, -0.608938
66.834, -0.615841
66.803, -0.625018
66.773, -0.636210
66.743, -0.649097
66.712, -0.663320
66.682, -0.678480
66.652, -0.694158
66.621, -0.709924
66.591, -0.725356
66.561, -0.740034
66.530, -0.753587
66.500, -0.765655
66.469, -0.775941
66.439, -0.784194
66.409, -0.790219
66.378, -0.793872
66.348, -0.795086
66.318, -0.793834
66.287, -0.790155
66.257, -0.784129
66.227, -0.775887
66.196, -0.765586
66.166, -0.753415
66.135, -0.739585
66.105, -0.724307
66.075, -0.707796
66.044, -0.690263
66.014, -0.671905
65.984, -0.652895
65.953, -0.633382
65.923, -0.613503
65.893, -0.593349
65.862, -0.573002
65.832, -0.552510
65.802, -0.531905
65.771, -0.511211
65.741, -0.490431
65.710, -0.469579
65.680, -0.448668
65.650, -0.427723
65.619, -0.406793
65.589, -0.385941
65.559, -0.365272
65.528, -0.344907
65.498, -0.325013
65.468, -0.305777
65.437, -0.287437
65.407, -0.270232
65.376, -0.254439
65.346, -0.240343
65.316, -0.228237
65.285, -0.218400
65.255, -0.211105
65.225, -0.206591
65.194, -0.205069
65.164, -0.206689
65.134, -0.211557
65.103, -0.219704
65.073, -0.231094
65.042, -0.245615
65.012, -0.263075
64.982, -0.283199
64.951, -0.305654
64.921, -0.330026
64.891, -0.355835
64.860, -0.382562
64.830, -0.409647
64.800, -0.436496
64.769, -0.462520
64.739, -0.487126
64.708, -0.509758
64.678, -0.529885
64.648, -0.547039
64.617, -0.560823
64.587, -0.570918
64.557, -0.577100
64.526, -0.579240
64.496, -0.577310
64.466, -0.571403
64.435, -0.561694
64.405, -0.548468
64.375, -0.532095
64.344, -0.513025
64.314, -0.491772
64.283, -0.468900
64.253, -0.444999
64.223, -0.420674
64.192, -0.396522
64.162, -0.373117
64.132, -0.350986
64.101, -0.330589
64.071, -0.312315
64.041, -0.296456
64.010, -0.283209
63.980, -0.272662
63.949, -0.264786
63.919, -0.259452
63.889, -0.256409
63.858, -0.255319
63.828, -0.255741
63.798, -0.257170
63.767, -0.259032
63.737, -0.260719
63.707, -0.261589
63.676, -0.261011
63.646, -0.258367
63.615, -0.253076
63.585, -0.244624
63.555, -0.232572
63.524, -0.216569
63.494, -0.196383
63.464, -0.180675
63.433, -0.160656
63.403, -0.136448
63.373, -0.108302
63.342, -0.076582
63.312, -0.041772
63.281, -0.004446
63.251, 0.034725
63.221, 0.075015
63.190, 0.115647
63.160, 0.155808
63.130, 0.194692
63.099, 0.231497
63.069, 0.265465
63.039, 0.295901
63.008, 0.322175
62.978, 0.343759
62.948, 0.360226
62.917, 0.371282
62.887, 0.376732
62.856, 0.376538
62.826, 0.370780
62.796, 0.359665
62.765, 0.343517
62.735, 0.322784
62.705, 0.297999
62.674, 0.269790
62.644, 0.238839
62.614, 0.205893
62.583, 0.171706
62.553, 0.137070
62.522, 0.102729
62.492, 0.069432
62.462, 0.037856
62.431, 0.008628
62.401, -0.017713
62.371, -0.040709
62.340, -0.060011
62.310, -0.075363
62.280, -0.086631
62.249, -0.093778
62.219, -0.096877
62.188, -0.096105
62.158, -0.091736
62.128, -0.084118
62.097, -0.073676
62.067, -0.060893
62.037, -0.046304
62.006, -0.030455
61.976, -0.013927
61.946, 0.002714
61.915, 0.018906
61.885, 0.034125
61.855, 0.047882
61.824, 0.059750
61.794, 0.069344
61.763, 0.076368
61.733, 0.080587
61.703, 0.081853
61.672, 0.080081
61.642, 0.075280
61.612, 0.067519
61.581, 0.056948
61.551, 0.043771
61.521, 0.028259
61.490, 0.010724
61.460, -0.008479
61.429, -0.028986
61.399, -0.050387
61.369, -0.072284
61.338, -0.094277
61.308, -0.115988
61.278, -0.137048
61.247, -0.157135
61.217, -0.175952
61.187, -0.193267
61.156, -0.208882
61.126, -0.222661
61.095, -0.234522
61.065, -0.244451
61.035, -0.252479
61.004, -0.258696
60.974, -0.263241
60.944, -0.266307
60.913, -0.268113
60.883, -0.268920
60.853, -0.269008
60.822, -0.268677
60.792, -0.268228
60.761, -0.267953
60.731, -0.268133
60.701, -0.269035
60.670, -0.270877
60.640, -0.273846
60.610, -0.278071
60.579, -0.283638
60.549, -0.290559
60.519, -0.298791
60.488, -0.308221
60.458, -0.318679
60.428, -0.329923
60.397, -0.341657
60.367, -0.353535
60.336, -0.365159
60.306, -0.376103
60.276, -0.385912
60.245, -0.394125
60.215, -0.400280
60.185, -0.403927
60.154, -0.404651
60.124, -0.402079
60.094, -0.395900
60.063, -0.385864
60.033, -0.371815
60.002, -0.353674
59.972, -0.331478
59.942, -0.305352
59.911, -0.275543
59.881, -0.242389
59.851, -0.206342
59.820, -0.167943
59.790, -0.127828
59.760, -0.086696
59.729, -0.045326
59.699, -0.004513
59.668, 0.034903
59.638, 0.072090
59.608, 0.106224
59.577, 0.136537
59.547, 0.162305
59.517, 0.182898
59.486, 0.197774
59.456, 0.206526
59.426, 0.208861
59.395, 0.204639
59.365, 0.193863
59.334, 0.176698
59.304, 0.153450
59.274, 0.124581
59.243, 0.090682
59.213, 0.052480
59.183, 0.010798
59.152, -0.033443
59.122, -0.079266
59.092, -0.125652
59.061, -0.171567
59.031, -0.215996
59.001, -0.257970
58.970, -0.296581
58.940, -0.331022
58.909, -0.360602
58.879, -0.384768
58.849, -0.403114
58.818, -0.415407
58.788, -0.421577
58.758, -0.421730
58.727, -0.416139
58.697, -0.405242
58.667, -0.389618
58.636, -0.369978
58.606, -0.347142
58.575, -0.322013
58.545, -0.295551
58.515, -0.268740
58.484, -0.242563
58.454, -0.217962
58.424, -0.195825
58.393, -0.176941
58.363, -0.161988
58.333, -0.151511
58.302, -0.145898
58.272, -0.145373
58.241, -0.149984
58.211, -0.159621
58.181, -0.173984
58.150, -0.192631
58.120, -0.214970
58.090, -0.240281
58.059, -0.267742
58.029, -0.296461
57.999, -0.325484
57.968, -0.350628
57.938, -0.374168
57.908, -0.395212
57.877, -0.412920
57.847, -0.426569
57.816, -0.435542
57.786, -0.439380
57.756, -0.437761
57.725, -0.430546
57.695, -0.417748
57.665, -0.399552
57.634, -0.376302
57.604, -0.348485
57.574, -0.316722
57.543, -0.281730
57.513, -0.244305
57.482, -0.205307
57.452, -0.165605
57.422, -0.126067
57.391, -0.087517
57.361, -0.050717
57.331, -0.016327
57.300, 0.015095
57.270, 0.043145
57.240, 0.067551
57.209, 0.088219
57.179, 0.105192
57.148, 0.118690
57.118, 0.129079
57.088, 0.136858
57.057, 0.142648
57.027, 0.147168
56.997, 0.151189
56.966, 0.155544
56.936, 0.161051
56.906, 0.168522
56.875, 0.178709
56.845, 0.192271
56.814, 0.209763
56.784, 0.231605
56.754, 0.258061
56.723, 0.289232
56.693, 0.325031
56.663, 0.365204
56.632, 0.409316
56.602, 0.456769
56.572, 0.506816
56.541, 0.558582
56.511, 0.611089
56.481, 0.663289
56.450, 0.714084
56.420, 0.762382
56.389, 0.807112
56.359, 0.847274
56.329, 0.881956
56.298, 0.910383
56.268, 0.931933
56.238, 0.946162
56.207, 0.952815
56.177, 0.951854
56.147, 0.943446
56.116, 0.927971
56.086, 0.906013
56.055, 0.878348
56.025, 0.845910
55.995, 0.809796
55.964, 0.771194
55.934, 0.731397
55.904, 0.691731
55.873, 0.653540
55.843, 0.618132
55.813, 0.586761
55.782, 0.560575
55.752, 0.540604
55.721, 0.527706
55.691, 0.522577
55.661, 0.525706
55.630, 0.537381
55.600, 0.557679
55.570, 0.586461
55.539, 0.623391
55.509, 0.667941
55.479, 0.719398
55.448, 0.776920
55.418, 0.839530
55.388, 0.906159
55.357, 0.975674
55.327, 1.046915
55.296, 1.118728
55.266, 1.189994
55.236, 1.259635
55.205, 1.326691
55.175, 1.390297
55.145, 1.449724
55.114, 1.504385
55.084, 1.553846
55.054, 1.597834
55.023, 1.636230
54.993, 1.669052
54.962, 1.696485
54.932, 1.718816
54.902, 1.736466
54.871, 1.749923
54.841, 1.759770
54.811, 1.766621
54.780, 1.771135
54.750, 1.773959
54.720, 1.775753
54.689, 1.777126
54.659, 1.778665
54.628, 1.780898
54.598, 1.784282
54.568, 1.789219
54.537, 1.796051
54.507, 1.805031
54.477, 1.816380
54.446, 1.830244
54.416, 1.846747
54.386, 1.865959
54.355, 1.887943
54.325, 1.912744
54.294, 1.940419
54.264, 1.971014
54.234, 2.004622
54.203, 2.041335
54.173, 2.081289
54.143, 2.124638
54.112, 2.171572
54.082, 2.222303
54.052, 2.277058
54.021, 2.336048
53.991, 2.399520
53.961, 2.467659
53.930, 2.540647
53.900, 2.618607
53.869, 2.701606
53.839, 2.789634
53.809, 2.882608
53.778, 2.980343
53.748, 3.082565
53.718, 3.188907
53.687, 3.298900
53.657, 3.411983
53.627, 3.527525
53.596, 3.644812
53.566, 3.763102
53.535, 3.881587
53.505, 3.999478
53.475, 4.115979
53.444, 4.230345
53.414, 4.341876
53.384, 4.449962
53.353, 4.554100
53.323, 4.653903
53.293, 4.749127
53.262, 4.839671
53.232, 4.925614
53.201, 5.007173
53.171, 5.084728
53.141, 5.158821
53.110, 5.230118
53.080, 5.299421
53.050, 5.367600
53.019, 5.435630
52.989, 5.504506
52.959, 5.575244
52.928, 5.648831
52.898, 5.726203
52.867, 5.808203
52.837, 5.895572
52.807, 5.988881
52.776, 6.088557
52.746, 6.194833
52.716, 6.307734
52.685, 6.427085
52.655, 6.552499
52.625, 6.683386
52.594, 6.818971
52.564, 6.958285
52.534, 7.100220
52.503, 7.243542
52.473, 7.386924
52.442, 7.528973
52.412, 7.668291
52.382, 7.803479
52.351, 7.933219
52.321, 8.056256
52.291, 8.171477
52.260, 8.277931
52.230, 8.374843
52.200, 8.461627
52.169, 8.537953
52.139, 8.603671
52.108, 8.658905
52.078, 8.703959
52.048, 8.739374
52.017, 8.765878
51.987, 8.784366
51.957, 8.795872
51.926, 8.801542
51.896, 8.802584
51.866, 8.800251
51.835, 8.795785
51.805, 8.790398
51.774, 8.785208
51.744, 8.781239
51.714, 8.779364
51.683, 8.780293
51.653, 8.784550
51.623, 8.792483
51.592, 8.804194
51.562, 8.819616
51.532, 8.838466
51.501, 8.860269
51.471, 8.884388
51.441, 8.910038
51.410, 8.936289
51.380, 8.962144
51.349, 8.986524
51.319, 9.008332
51.289, 9.026480
51.258, 9.039913
51.228, 9.047633
51.198, 9.048758
51.167, 9.042521
51.137, 9.028307
51.107, 9.005628
51.076, 8.974199
51.046, 8.933899
51.015, 8.884767
50.985, 8.827030
50.955, 8.761059
50.924, 8.687381
50.894, 8.606641
50.864, 8.519591
50.833, 8.427067
50.803, 8.329977
50.773, 8.229240
50.742, 8.125795
50.712, 8.020579
50.681, 7.914482
50.651, 7.808355
50.621, 7.702965
50.590, 7.599022
50.560, 7.497143
50.530, 7.397850
50.499, 7.301588
50.469, 7.208711
50.439, 7.119502
50.408, 7.034170
50.378, 6.952863
50.347, 6.875709
50.317, 6.802786
50.287, 6.734180
50.256, 6.669953
50.226, 6.610201
50.196, 6.555042
50.165, 6.504628
50.135, 6.459142
50.105, 6.418816
50.074, 6.383933
50.044, 6.354798
50.014, 6.331748
49.983, 6.315161
49.953, 6.305409
49.922, 6.302858
49.892, 6.307852
49.862, 6.320709
49.831, 6.341679
49.801, 6.370962
49.771, 6.408641
49.740, 6.454728
49.710, 6.509107
49.680, 6.571572
49.649, 6.641769
49.619, 6.719246
49.588, 6.803431
49.558, 6.893639
49.528, 6.989098
49.497, 7.088958
49.467, 7.192316
49.437, 7.298221
49.406, 7.405701
49.376, 7.513825
49.346, 7.621680
49.315, 7.728418
49.285, 7.833281
49.254, 7.935618
49.224, 8.034911
49.194, 8.130784
49.163, 8.223016
49.133, 8.311562
49.103, 8.396532
49.072, 8.478223
49.042, 8.557060
49.012, 8.633643
48.981, 8.708704
48.951, 8.783075
48.920, 8.857683
48.890, 8.933520
48.860, 9.011612
48.829, 9.093001
48.799, 9.178690
48.769, 9.269649
48.738, 9.366752
48.708, 9.470782
48.678, 9.582396
48.647, 9.702105
48.617, 9.830275
48.587, 9.967094
48.556, 10.112583
48.526, 10.266613
48.495, 10.428872
48.465, 10.598908
48.435, 10.776136
48.404, 10.959845
48.374, 11.149228
48.344, 11.343431
48.313, 11.541515
48.283, 11.742552
48.253, 11.945630
48.222, 12.149843
48.192, 12.354347
48.161, 12.558394
48.131, 12.761332
48.101, 12.962596
48.070, 13.161784
48.040, 13.358590
48.010, 13.552867
47.979, 13.744575
47.949, 13.933801
47.919, 14.120760
47.888, 14.305760
47.858, 14.489172
47.827, 14.671459
47.797, 14.853097
47.767, 15.034621
47.736, 15.216524
47.706, 15.399287
47.676, 15.583362
47.645, 15.769138
47.615, 15.956921
47.585, 16.146937
47.554, 16.339316
47.524, 16.534081
47.494, 16.731171
47.463, 16.930412
47.433, 17.131553
47.402, 17.334261
47.372, 17.538146
47.342, 17.742759
47.311, 17.947626
47.281, 18.152270
47.251, 18.356216
47.220, 18.559028
47.190, 18.760327
47.160, 18.959785
47.129, 19.157194
47.099, 19.352426
47.068, 19.545459
47.038, 19.736430
47.008, 19.925556
46.977, 20.113208
46.947, 20.299865
46.917, 20.486135
46.886, 20.672718
46.856, 20.860413
46.826, 21.050080
46.795, 21.242665
46.765, 21.439100
46.734, 21.640377
46.704, 21.847459
46.674, 22.061271
46.643, 22.282698
46.613, 22.512560
46.583, 22.751585
46.552, 23.000385
46.522, 23.259482
46.492, 23.529260
46.461, 23.809989
46.431, 24.101806
46.400, 24.404718
46.370, 24.718621
46.340, 25.043288
46.309, 25.378418
46.279, 25.723584
46.249, 26.078319
46.218, 26.442099
46.188, 26.814372
46.158, 27.194538
46.127, 27.582049
46.097, 27.976334
46.067, 28.376886
46.036, 28.783248
46.006, 29.195000
45.975, 29.611829
45.945, 30.033490
45.915, 30.459827
45.884, 30.890757
45.854, 31.326318
45.824, 31.766595
45.793, 32.211764
45.763, 32.662063
45.733, 33.117792
45.702, 33.579282
45.672, 34.046909
45.641, 34.521043
45.611, 35.002077
45.581, 35.490356
45.550, 35.986245
45.520, 36.489980
45.490, 37.001824
45.459, 37.521936
45.429, 38.050401
45.399, 38.587223
45.368, 39.132322
45.338, 39.685521
45.307, 40.246566
45.277, 40.815113
45.247, 41.390729
45.216, 41.972914
45.186, 42.561109
45.156, 43.154669
45.125, 43.752978
45.095, 44.355252
45.065, 44.960841
45.034, 45.569046
45.004, 46.179040
44.973, 46.790168
44.943, 47.401819
44.913, 48.013251
44.882, 48.623943
44.852, 49.233326
44.822, 49.840964
44.791, 50.446466
44.761, 51.049481
44.731, 51.649749
44.700, 52.247094
44.670, 52.841430
44.640, 53.432669
44.609, 54.020856
44.579, 54.606076
44.548, 55.188375
44.518, 55.768013
44.488, 56.345165
44.457, 56.920048
44.427, 57.492926
44.397, 58.064015
44.366, 58.633622
44.336, 59.202007
44.306, 59.769346
44.275, 60.335943
44.245, 60.901973
44.214, 61.467611
44.184, 62.033030
44.154, 62.598363
44.123, 63.163651
44.093, 63.729027
44.063, 64.294534
44.032, 64.860084
44.002, 65.425766
43.972, 65.991490
43.941, 66.557259
43.911, 67.122984
43.880, 67.688578
43.850, 68.254041
43.820, 68.819242
43.789, 69.384182
43.759, 69.948773
43.729, 70.512971
43.698, 71.076777
43.668, 71.640147
43.638, 72.203037
43.607, 72.765447
43.577, 73.327377
43.547, 73.888828
43.516, 74.449755
43.486, 75.010159
43.455, 75.569865
43.425, 76.128873
43.395, 76.686922
43.364, 77.243880
43.334, 77.799355
43.304, 78.352999
43.273, 78.904331
43.243, 79.452741
43.213, 79.997574
43.182, 80.537872
43.152, 81.072805
43.121, 81.601108
43.091, 82.121605
43.061, 82.632811
43.030, 83.133202
43.000, 83.621031
42.970, 84.094467
42.939, 84.551504
42.909, 84.990049
42.879, 85.407833
42.848, 85.802589
42.818, 86.171917
42.787, 86.513376
42.757, 86.824435
42.727, 87.102653
42.696, 87.345586
42.666, 87.550749
42.636, 87.715787
42.605, 87.838387
42.575, 87.916457
42.545, 87.947860
42.514, 87.930806
42.484, 87.863509
42.453, 87.744529
42.423, 87.572513
42.393, 87.346415
42.362, 87.065362
42.332, 86.728745
42.302, 86.336170
42.271, 85.887507
42.241, 85.382886
42.211, 84.822569
42.180, 84.207124
42.150, 83.537334
42.120, 82.814205
42.089, 82.038824
42.059, 81.212590
42.028, 80.336983
41.998, 79.413619
41.968, 78.444241
41.937, 77.430812
41.907, 76.375296
41.877, 75.279697
41.846, 74.146241
41.816, 72.977065
41.786, 71.774480
41.755, 70.540754
41.725, 69.278242
41.694, 67.989300
41.664, 66.676327
41.634, 65.341720
41.603, 63.987923
41.573, 62.617379
41.543, 61.232528
41.512, 59.835815
41.482, 58.429811
41.452, 57.016873
41.421, 55.599573
41.391, 54.180398
41.360, 52.761746
41.330, 51.346148
41.300, 49.936001
41.269, 48.533748
41.239, 47.141701
41.209, 45.762215
41.178, 44.397558
41.148, 43.049868
41.118, 41.721271
41.087, 40.413741
41.057, 39.129165
41.027, 37.869318
40.996, 36.635810
40.966, 35.430155
40.935, 34.253677
40.905, 33.107586
40.875, 31.992906
40.844, 30.910514
40.814, 29.861139
40.784, 28.845355
40.753, 27.863590
40.723, 26.916124
40.693, 26.003114
40.662, 25.124625
40.632, 24.280595
40.601, 23.470868
40.571, 22.695227
40.541, 21.953399
40.510, 21.245059
40.480, 20.569853
40.450, 19.927410
40.419, 19.317351
40.389, 18.739309
40.359, 18.192919
40.328, 17.677830
40.298, 17.193730
40.267, 16.740304
40.237, 16.317256
40.207, 15.924310
40.176, 15.561206
40.146, 15.227667
40.116, 14.923399
40.085, 14.648082
40.055, 14.401380
40.025, 14.182884
39.994, 13.992132
39.964, 13.828577
39.933, 13.691601
39.903, 13.580493
39.873, 13.494419
39.842, 13.432469
39.812, 13.393609
39.782, 13.376708
39.751, 13.380520
39.721, 13.403727
39.691, 13.444917
39.660, 13.502619
39.630, 13.575294
39.600, 13.661376
39.569, 13.759291
39.539, 13.867464
39.508, 13.984346
39.478, 14.108456
39.448, 14.238366
39.417, 14.372747
39.387, 14.510391
39.357, 14.650215
39.326, 14.791264
39.296, 14.932759
39.266, 15.074074
39.235, 15.214740
39.205, 15.354468
39.174, 15.493115
39.144, 15.630710
39.114, 15.767407
39.083, 15.903502
39.053, 16.039405
39.023, 16.175591
38.992, 16.312646
38.962, 16.451174
38.932, 16.591818
38.901, 16.735210
38.871, 16.881973
38.840, 17.032675
38.810, 17.187829
38.780, 17.347860
38.749, 17.513111
38.719, 17.683801
38.689, 17.860048
38.658, 18.041838
38.628, 18.229058
38.598, 18.421455
38.567, 18.618671
38.537, 18.820262
38.506, 19.025674
38.476, 19.234296
38.446, 19.445438
38.415, 19.658391
38.385, 19.872416
38.355, 20.086773
38.324, 20.300733
38.294, 20.513599
38.264, 20.724733
38.233, 20.933550
38.203, 21.139551
38.173, 21.342306
38.142, 21.541490
38.112, 21.736853
38.081, 21.928260
38.051, 22.115645
38.021, 22.299036
37.990, 22.478536
37.960, 22.654316
37.930, 22.826585
37.899, 22.995622
37.869, 23.161689
37.839, 23.325095
37.808, 23.486121
37.778, 23.645039
37.747, 23.802091
37.717, 23.957468
37.687, 24.111309
37.656, 24.263703
37.626, 24.414666
37.596, 24.564151
37.565, 24.712031
37.535, 24.858144
37.505, 25.002242
37.474, 25.144042
37.444, 25.283212
37.413, 25.419390
37.383, 25.552200
37.353, 25.681247
37.322, 25.806159
37.292, 25.926566
37.262, 26.042136
37.231, 26.152581
37.201, 26.257658
37.171, 26.357182
37.140, 26.451032
37.110, 26.539150
37.080, 26.621547
37.049, 26.698309
37.019, 26.769566
36.988, 26.835507
36.958, 26.896398
36.928, 26.952512
36.897, 27.004165
36.867, 27.051687
36.837, 27.095433
36.806, 27.135728
36.776, 27.172910
36.746, 27.207274
36.715, 27.239099
36.685, 27.268618
36.654, 27.296008
36.624, 27.321409
36.594, 27.344917
36.563, 27.366576
36.533, 27.386390
36.503, 27.404311
36.472, 27.420283
36.442, 27.434196
36.412, 27.445950
36.381, 27.455432
36.351, 27.462541
36.320, 27.467190
36.290, 27.469332
36.260, 27.468931
36.229, 27.466035
36.199, 27.460714
36.169, 27.453107
36.138, 27.443403
36.108, 27.431880
36.078, 27.418822
36.047, 27.404621
36.017, 27.389657
35.986, 27.374400
35.956, 27.359310
35.926, 27.344856
35.895, 27.331523
35.865, 27.319782
35.835, 27.310060
35.804, 27.302759
35.774, 27.298201
35.744, 27.296670
35.713, 27.298363
35.683, 27.303391
35.653, 27.311779
35.622, 27.323489
35.592, 27.338370
35.561, 27.356200
35.531, 27.376695
35.501, 27.399514
35.470, 27.424248
35.440, 27.450482
35.410, 27.477763
35.379, 27.505689
35.349, 27.533829
35.319, 27.561847
35.288, 27.589446
35.258, 27.616426
35.227, 27.642691
35.197, 27.668249
35.167, 27.693240
35.136, 27.717957
35.106, 27.742808
35.076, 27.768354
35.045, 27.795281
35.015, 27.824429
34.985, 27.856725
34.954, 27.893218
34.924, 27.935018
34.893, 27.983330
34.863, 28.039353
34.833, 28.104330
34.802, 28.179460
34.772, 28.265935
34.742, 28.364844
34.711, 28.477195
34.681, 28.603869
34.651, 28.745634
34.620, 28.903087
34.590, 29.076656
34.559, 29.266611
34.529, 29.473030
34.499, 29.695831
34.468, 29.934760
34.438, 30.189404
34.408, 30.459221
34.377, 30.743553
34.347, 31.041646
34.317, 31.352662
34.286, 31.675780
34.256, 32.010130
34.226, 32.354890
34.195, 32.709298
34.165, 33.072708
34.134, 33.444566
34.104, 33.824492
34.074, 34.212261
34.043, 34.607876
34.013, 35.011511
33.983, 35.423578
33.952, 35.844703
33.922, 36.275741
33.892, 36.717762
33.861, 37.172008
33.831, 37.639958
33.800, 38.123207
33.770, 38.623515
33.740, 39.142737
33.709, 39.682813
33.679, 40.245737
33.649, 40.833505
33.618, 41.448096
33.588, 42.091433
33.558, 42.765378
33.527, 43.471669
33.497, 44.211891
33.466, 44.987533
33.436, 45.799855
33.406, 46.649990
33.375, 47.538856
33.345, 48.467148
33.315, 49.435480
33.284, 50.444154
33.254, 51.493347
33.224, 52.583188
33.193, 53.713460
33.163, 54.884032
33.133, 56.094424
33.102, 57.344288
33.072, 58.633011
33.041, 59.960073
33.011, 61.324729
32.981, 62.726328
32.950, 64.164083
32.920, 65.637122
32.890, 67.144529
32.859, 68.685389
32.829, 70.258611
32.799, 71.863017
32.768, 73.497169
32.738, 75.159626
32.707, 76.848557
32.677, 78.562000
32.647, 80.297599
32.616, 82.052737
32.586, 83.824318
32.556, 85.608940
32.525, 87.402677
32.495, 89.201169
32.465, 90.999529
32.434, 92.792350
32.404, 94.573745
32.373, 96.337213
32.343, 98.075909
32.313, 99.782330
32.282, 101.448669
32.252, 103.066639
32.222, 104.627605
32.191, 106.122626
32.161, 107.542717
32.131, 108.878545
32.100, 110.120906
32.070, 111.260643
32.039, 112.288770
32.009, 113.196520
31.979, 113.975607
31.948, 114.618181
31.918, 115.117088
31.888, 115.465743
31.857, 115.658564
31.827, 115.690620
31.797, 115.558163
31.766, 115.258312
31.736, 114.789456
31.706, 114.150982
31.675, 113.343414
31.645, 112.368628
31.614, 111.229502
31.584, 109.930049
31.554, 108.475590
31.523, 106.872317
31.493, 105.127516
31.463, 103.249341
31.432, 101.246908
31.402, 99.129899
31.372, 96.908782
31.341, 94.594418
31.311, 92.198232
31.280, 89.731784
31.250, 87.206804
31.220, 84.635157
31.189, 82.028531
31.159, 79.398397
31.129, 76.756051
31.098, 74.112178
31.068, 71.477203
31.038, 68.860763
31.007, 66.271976
30.977, 63.719127
30.946, 61.209936
30.916, 58.751120
30.886, 56.348828
30.855, 54.008208
30.825, 51.733663
30.795, 49.528858
30.764, 47.396628
30.734, 45.339110
30.704, 43.357808
30.673, 41.453495
30.643, 39.626441
30.612, 37.876349
30.582, 36.202512
30.552, 34.603754
30.521, 33.078661
30.491, 31.625458
30.461, 30.242225
30.430, 28.926818
30.400, 27.677033
30.370, 26.490555
30.339, 25.365063
30.309, 24.298250
30.279, 23.287818
30.248, 22.331529
30.218, 21.427220
30.187, 20.572792
30.157, 19.766245
30.127, 19.005629
30.096, 18.289093
30.066, 17.614851
30.036, 16.981170
30.005, 16.386350
29.975, 15.828777
29.945, 15.306802
29.914, 14.818811
29.884, 14.363183
29.853, 13.938294
29.823, 13.542487
29.793, 13.174109
29.762, 12.831438
29.732, 12.512768
29.702, 12.216355
29.671, 11.940445
29.641, 11.683249
29.611, 11.443025
29.580, 11.218008
29.550, 11.006477
29.519, 10.806744
29.489, 10.617191
29.459, 10.436256
29.428, 10.262474
29.398, 10.094461
29.368, 9.930968
29.337, 9.770837
29.307, 9.613061
29.277, 9.456751
29.246, 9.301169
29.216, 9.145692
29.186, 8.989857
29.155, 8.833315
29.125, 8.675858
29.094, 8.517384
29.064, 8.357912
29.034, 8.197532
29.003, 8.036459
28.973, 7.874946
28.943, 7.713319
28.912, 7.551940
28.882, 7.391225
28.852, 7.231587
28.821, 7.073458
28.791, 6.917278
28.760, 6.763454
28.730, 6.612395
28.700, 6.464472
28.669, 6.320042
28.639, 6.179407
28.609, 6.042849
28.578, 5.910606
28.548, 5.782876
28.518, 5.659817
28.487, 5.541561
28.457, 5.428180
28.426, 5.319728
28.396, 5.216213
28.366, 5.117618
28.335, 5.023882
28.305, 4.934908
28.275, 4.850575
28.244, 4.770721
28.214, 4.695150
28.184, 4.623626
28.153, 4.555888
28.123, 4.491640
28.092, 4.430531
28.062, 4.372184
28.032, 4.316204
28.001, 4.262155
27.971, 4.209565
27.941, 4.157944
27.910, 4.106786
27.880, 4.055579
27.850, 4.003803
27.819, 3.950951
27.789, 3.896520
27.759, 3.840062
27.728, 3.781138
27.698, 3.719376
27.667, 3.654463
27.637, 3.586170
27.607, 3.514318
27.576, 3.438845
27.546, 3.359774
27.516, 3.277235
27.485, 3.191448
27.455, 3.102731
27.425, 3.011516
27.394, 2.918312
27.364, 2.823711
27.333, 2.728370
27.303, 2.633015
27.273, 2.538401
27.242, 2.445299
27.212, 2.354496
27.182, 2.266749
27.151, 2.182783
27.121, 2.103253
27.091, 2.028747
27.060, 1.959762
27.030, 1.896678
26.999, 1.839744
26.969, 1.789091
26.939, 1.744708
26.908, 1.706449
26.878, 1.674020
26.848, 1.647007
26.817, 1.624875
26.787, 1.606975
26.757, 1.592577
26.726, 1.580876
26.696, 1.571021
26.666, 1.562153
26.635, 1.553390
26.605, 1.543899
26.574, 1.532903
26.544, 1.519685
26.514, 1.503645
26.483, 1.484280
26.453, 1.461243
26.423, 1.434313
26.392, 1.403432
26.362, 1.368676
26.332, 1.330286
26.301, 1.288638
26.271, 1.244234
26.240, 1.197681
26.210, 1.149693
26.180, 1.101033
26.149, 1.052509
26.119, 1.004937
26.089, 0.959131
26.058, 0.915830
26.028, 0.875727
25.998, 0.839391
25.967, 0.807289
25.937, 0.779738
25.906, 0.756894
25.876, 0.738764
25.846, 0.725180
25.815, 0.715805
25.785, 0.710156
25.755, 0.707584
25.724, 0.707346
25.694, 0.708567
25.664, 0.710312
25.633, 0.711593
25.603, 0.711425
25.572, 0.708820
25.542, 0.702867
25.512, 0.692722
25.481, 0.677678
25.451, 0.657165
25.421, 0.630782
25.390, 0.598307
25.360, 0.559737
25.330, 0.515250
25.299, 0.465256
25.269, 0.410335
25.239, 0.351276
25.208, 0.289022
25.178, 0.224657
25.147, 0.159372
25.117, 0.094440
25.087, 0.031161
25.056, -0.029149
25.026, -0.085249
24.996, -0.135943
24.965, -0.180174
24.935, -0.217034
24.905, -0.245808
24.874, -0.265970
24.844, -0.277243
24.813, -0.279573
24.783, -0.273163
24.753, -0.258440
24.722, -0.236078
24.692, -0.206949
24.662, -0.172124
24.631, -0.132821
24.601, -0.090390
24.571, -0.046245
24.540, -0.001863
24.510, 0.041315
24.479, 0.081876
24.449, 0.118512
24.419, 0.150043
24.388, 0.175467
24.358, 0.193974
24.328, 0.204995
24.297, 0.208192
24.267, 0.203497
24.237, 0.191084
24.206, 0.171394
24.176, 0.145095
24.145, 0.113081
24.115, 0.076417
24.085, 0.036348
24.054, -0.005794
24.024, -0.048582
23.994, -0.090585
23.963, -0.130375
23.933, -0.166604
23.903, -0.193815
23.872, -0.215139
23.842, -0.229657
23.812, -0.236700
23.781, -0.235802
23.751, -0.226784
23.720, -0.209703
23.690, -0.184888
23.660, -0.152908
23.629, -0.114578
23.599, -0.070895
23.569, -0.023053
23.538, 0.027645
23.508, 0.079778
23.478, 0.131905
23.447, 0.182564
23.417, 0.230356
23.386, 0.273963
23.356, 0.312223
23.326, 0.344128
23.295, 0.368898
23.265, 0.385964
23.235, 0.395047
23.204, 0.396094
23.174, 0.389347
23.144, 0.375285
23.113, 0.354661
23.083, 0.328429
23.052, 0.297752
23.022, 0.263938
22.992, 0.228438
22.961, 0.192756
22.931, 0.158441
22.901, 0.127009
22.870, 0.099939
22.840, 0.078578
22.810, 0.064149
22.779, 0.057678
22.749, 0.060001
22.719, 0.071717
22.688, 0.093178
22.658, 0.124488
22.627, 0.165525
22.597, 0.215911
22.567, 0.275067
22.536, 0.342211
22.506, 0.416423
22.476, 0.496641
22.445, 0.581735
22.415, 0.670527
22.385, 0.761858
22.354, 0.854602
22.324, 0.947730
22.293, 1.040333
22.263, 1.131671
22.233, 1.221176
22.202, 1.308501
22.172, 1.393498
22.142, 1.476265
22.111, 1.557105
22.081, 1.636540
22.051, 1.715284
22.020, 1.794225
21.990, 1.874393
21.959, 1.956922
21.929, 2.043013
21.899, 2.133911
21.868, 2.230840
21.838, 2.334989
21.808, 2.447454
21.777, 2.569225
21.747, 2.701147
21.717, 2.843895
21.686, 2.997973
21.656, 3.163701
21.625, 3.341208
21.595, 3.530446
21.565, 3.731210
21.534, 3.943154
21.504, 4.165824
21.474, 4.398684
21.443, 4.641172
21.413, 4.892724
21.383, 5.152824
21.352, 5.421045
21.322, 5.697103
21.292, 5.980869
21.261, 6.272432
21.231, 6.572091
21.200, 6.880415
21.170, 7.198243
21.140, 7.526670
21.109, 7.867069
21.079, 8.221067
21.049, 8.590521
21.018, 8.977505
20.988, 9.384259
20.958, 9.813147
20.927, 10.266630
20.897, 10.747197
20.866, 11.257318
20.836, 11.799386
20.806, 12.375683
20.775, 12.988324
20.745, 13.639185
20.715, 14.329922
20.684, 15.061884
20.654, 15.836130
20.624, 16.653376
20.593, 17.514018
20.563, 18.418144
20.532, 19.365501
20.502, 20.355544
20.472, 21.387496
20.441, 22.460288
20.411, 23.572717
20.381, 24.723405
20.350, 25.910869
20.320, 27.133587
20.290, 28.390023
20.259, 29.678673
20.229, 30.998110
20.198, 32.347009
20.168, 33.724209
20.138, 35.128677
20.107, 36.559554
20.077, 38.016142
20.047, 39.497909
20.016, 41.004448
19.986, 42.535451
19.956, 44.090686
19.925, 45.670014
19.895, 47.273068
19.865, 48.899674
19.834, 50.549265
19.804, 52.221274
19.773, 53.914654
19.743, 55.628184
19.713, 57.360207
19.682, 59.108672
19.652, 60.871007
19.622, 62.644158
19.591, 64.424462
19.561, 66.207862
19.531, 67.989649
19.500, 69.764589
19.470, 71.526967
19.439, 73.270635
19.409, 74.988919
19.379, 76.674884
19.348, 78.321291
19.318, 79.920595
19.288, 81.465249
19.257, 82.947578
19.227, 84.359906
19.197, 85.694817
19.166, 86.944986
19.136, 88.103520
19.105, 89.163878
19.075, 90.119910
19.045, 90.966207
19.014, 91.697799
18.984, 92.310409
18.954, 92.800463
18.923, 93.165168
18.893, 93.402475
18.863, 93.511031
18.832, 93.490315
18.802, 93.340455
18.772, 93.062368
18.741, 92.657712
18.711, 92.128667
18.680, 91.478199
18.650, 90.709710
18.620, 89.827125
18.589, 88.834893
18.559, 87.737812
18.529, 86.541115
18.498, 85.250167
18.468, 83.870768
18.438, 82.408763
18.407, 80.870215
18.377, 79.261316
18.346, 77.588217
18.316, 75.857285
18.286, 74.074670
18.255, 72.246651
18.225, 70.379380
18.195, 68.479005
18.164, 66.551502
18.134, 64.602846
18.104, 62.638706
18.073, 60.664884
18.043, 58.686745
18.012, 56.709739
17.982, 54.739014
17.952, 52.779497
17.921, 50.835988
17.891, 48.913064
17.861, 47.015001
17.830, 45.145898
17.800, 43.309510
17.770, 41.509374
17.739, 39.748679
17.709, 38.030339
17.678, 36.356882
17.648, 34.730550
17.618, 33.153185
17.587, 31.626326
17.557, 30.151110
17.527, 28.728346
17.496, 27.358472
17.466, 26.041608
17.436, 24.777535
17.405, 23.565717
17.375, 22.405347
17.345, 21.295368
17.314, 20.234461
17.284, 19.221124
17.253, 18.253683
17.223, 17.330349
17.193, 16.449203
17.162, 15.608301
17.132, 14.805640
17.102, 14.039270
17.071, 13.307234
17.041, 12.607665
17.011, 11.938783
16.980, 11.298935
16.950, 10.686573
16.919, 10.100332
16.889, 9.538951
16.859, 9.001388
16.828, 8.486701
16.798, 7.994140
16.768, 7.523063
16.737, 7.072995
16.707, 6.643544
16.677, 6.234448
16.646, 5.845498
16.616, 5.476553
16.585, 5.127519
16.555, 4.798298
16.525, 4.488796
16.494, 4.198904
16.464, 3.928453
16.434, 3.677236
16.403, 3.444942
16.373, 3.231225
16.343, 3.035607
16.312, 2.857546
16.282, 2.696379
16.251, 2.551370
16.221, 2.421680
16.191, 2.306400
16.160, 2.204530
16.130, 2.115036
16.100, 2.036812
16.069, 1.968720
16.039, 1.909615
16.009, 1.858335
15.978, 1.813732
15.948, 1.774694
15.918, 1.740120
15.887, 1.709009
15.857, 1.680389
15.826, 1.653369
15.796, 1.627148
15.766, 1.601021
15.735, 1.574364
15.705, 1.546670
15.675, 1.517515
15.644, 1.486591
15.614, 1.453678
15.584, 1.418648
15.553, 1.381466
15.523, 1.342188
15.492, 1.300929
15.462, 1.257880
15.432, 1.213289
15.401, 1.167462
15.371, 1.120724
15.341, 1.073453
15.310, 1.026024
15.280, 0.978847
15.250, 0.932315
15.219, 0.886824
15.189, 0.842745
15.158, 0.800443
15.128, 0.760235
15.098, 0.722415
15.067, 0.687232
15.037, 0.654894
15.007, 0.625550
14.976, 0.599300
14.946, 0.576202
14.916, 0.556257
14.885, 0.539398
14.855, 0.525522
14.825, 0.514462
14.794, 0.506023
14.764, 0.499950
14.733, 0.495960
14.703, 0.493729
14.673, 0.492922
14.642, 0.493170
14.612, 0.494101
14.582, 0.495341
14.551, 0.496520
14.521, 0.497283
14.491, 0.497291
14.460, 0.496237
14.430, 0.493861
14.399, 0.489934
14.369, 0.484280
14.339, 0.476769
14.308, 0.467340
14.278, 0.455986
14.248, 0.442754
14.217, 0.427759
14.187, 0.411168
14.157, 0.393202
14.126, 0.374125
14.096, 0.354242
14.065, 0.333905
14.035, 0.313474
14.005, 0.293329
13.974, 0.273855
13.944, 0.255428
13.914, 0.238418
13.883, 0.223150
13.853, 0.209916
13.823, 0.198971
13.792, 0.190504
13.762, 0.184648
13.731, 0.181464
13.701, 0.180944
13.671, 0.183003
13.640, 0.187489
13.610, 0.194173
13.580, 0.202768
13.549, 0.212924
13.519, 0.224227
13.489, 0.236226
13.458, 0.248448
13.428, 0.260387
13.398, 0.271538
13.367, 0.281379
13.337, 0.289434
13.306, 0.295250
13.276, 0.298414
13.246, 0.298558
13.215, 0.295405
13.185, 0.288733
13.155, 0.278406
13.124, 0.264373
13.094, 0.246687
13.064, 0.225469
13.033, 0.200948
13.003, 0.173415
12.972, 0.143269
12.942, 0.110955
12.912, 0.076992
12.881, 0.041933
12.851, 0.006390
12.821, -0.029022
12.790, -0.063671
12.760, -0.096939
12.730, -0.128217
12.699, -0.156940
12.669, -0.182596
12.638, -0.204719
12.608, -0.222926
12.578, -0.236911
12.547, -0.246457
12.517, -0.251435
12.487, -0.251807
12.456, -0.247641
12.426, -0.239090
12.396, -0.226404
12.365, -0.209912
12.335, -0.190013
12.305, -0.167187
12.274, -0.141959
12.244, -0.114897
12.213, -0.086608
12.183, -0.057708
12.153, -0.028825
12.122, -0.000571
12.092, 0.026464
12.062, 0.051717
12.031, 0.074672
12.001, 0.094881
11.971, 0.111950
11.940, 0.125552
11.910, 0.135443
11.879, 0.141457
11.849, 0.143512
11.819, 0.141600
11.788, 0.135795
11.758, 0.126254
11.728, 0.113193
11.697, 0.096899
11.667, 0.077708
11.637, 0.056016
11.606, 0.032244
11.576, 0.006851
11.545, -0.019697
11.515, -0.046915
11.485, -0.074327
11.454, -0.101463
11.424, -0.127890
11.394, -0.153189
11.363, -0.176986
11.333, -0.198953
11.303, -0.218805
11.272, -0.236317
11.242, -0.251325
11.211, -0.263712
11.181, -0.273435
11.151, -0.280496
11.120, -0.284964
11.090, -0.286957
11.060, -0.286646
11.029, -0.284238
10.999, -0.279994
10.969, -0.274188
10.938, -0.267139
10.908, -0.259172
10.878, -0.250626
10.847, -0.241837
10.817, -0.233151
10.786, -0.224881
10.756, -0.217340
10.726, -0.210809
10.695, -0.205529
10.665, -0.201718
10.635, -0.199547
10.604, -0.199143
10.574, -0.200591
10.544, -0.203914
10.513, -0.209102
10.483, -0.216089
10.452, -0.224767
10.422, -0.234981
10.392, -0.246534
10.361, -0.259196
10.331, -0.272704
10.301, -0.286762
10.270, -0.301065
10.240, -0.315281
10.210, -0.332288
10.179, -0.348540
10.149, -0.363723
10.118, -0.377519
10.088, -0.389628
10.058, -0.399778
10.027, -0.407733
9.997, -0.413277
9.967, -0.416241
9.936, -0.416499
9.906, -0.413964
9.876, -0.408591
9.845, -0.400382
9.815, -0.389380
9.784, -0.375679
9.754, -0.359404
9.724, -0.340723
9.693, -0.319831
9.663, -0.296964
9.633, -0.272375
9.602, -0.246340
9.572, -0.219149
9.542, -0.191107
9.511, -0.162516
9.481, -0.133689
9.451, -0.104931
9.420, -0.076539
9.390, -0.048797
9.359, -0.021977
9.329, 0.003677
9.299, 0.027919
9.268, 0.050549
9.238, 0.071380
9.208, 0.090249
9.177, 0.107013
9.147, 0.121567
9.117, 0.133823
9.086, 0.143714
9.056, 0.151200
9.025, 0.156269
8.995, 0.158925
8.965, 0.159202
8.934, 0.157144
8.904, 0.152833
8.874, 0.146356
8.843, 0.137834
8.813, 0.127397
8.783, 0.115211
8.752, 0.101446
8.722, 0.086308
8.691, 0.070008
8.661, 0.052791
8.631, 0.034908
8.600, 0.016639
8.570, -0.001733
8.540, -0.019903
8.509, -0.037567
8.479, -0.054406
8.449, -0.070111
8.418, -0.084367
8.388, -0.096877
8.358, -0.107355
8.327, -0.115539
8.297, -0.121194
8.266, -0.124126
8.236, -0.124181
8.206, -0.121248
8.175, -0.115272
8.145, -0.106256
8.115, -0.094261
8.084, -0.079414
8.054, -0.061903
8.024, -0.041984
7.993, -0.019968
7.963, 0.003774
7.932, 0.028821
7.902, 0.054698
7.872, 0.080916
7.841, 0.106945
7.811, 0.132241
7.781, 0.156265
7.750, 0.178488
7.720, 0.198403
7.690, 0.215541
7.659, 0.229491
7.629, 0.239902
7.598, 0.246492
7.568, 0.249072
7.538, 0.247535
7.507, 0.241880
7.477, 0.232199
7.447, 0.218689
7.416, 0.201640
7.386, 0.181443
7.356, 0.158567
7.325, 0.133562
7.295, 0.107033
7.264, 0.079644
7.234, 0.052075
7.204, 0.025038
7.173, -0.000779
7.143, -0.024702
7.113, -0.046101
7.082, -0.064411
7.052, -0.079147
7.022, -0.089909
6.991, -0.096417
6.961, -0.098496
6.931, -0.096106
6.900, -0.089323
6.870, -0.078355
6.839, -0.063535
6.809, -0.045318
6.779, -0.024255
6.748, -0.000995
6.718, 0.023743
6.688, 0.049173
6.657, 0.074497
6.627, 0.098890
6.597, 0.121544
6.566, 0.141686
6.536, 0.158608
6.505, 0.171682
6.475, 0.180382
6.445, 0.184299
6.414, 0.183166
6.384, 0.176850
6.354, 0.165375
6.323, 0.148911
6.293, 0.127781
6.263, 0.102452
6.232, 0.073521
6.202, 0.041695
6.171, 0.007794
6.141, -0.027305
6.111, -0.062666
6.080, -0.097329
6.050, -0.130349
6.020, -0.160801
5.989, -0.187832
5.959, -0.210671
5.929, -0.228655
5.898, -0.241261
5.868, -0.248114
5.837, -0.249003
5.807, -0.243889
5.777, -0.232913
5.746, -0.216388
5.716, -0.194798
5.686, -0.168784
5.655, -0.139129
5.625, -0.106735
5.595, -0.072605
5.564, -0.037807
5.534, -0.003449
5.504, 0.029356
5.473, 0.059514
5.443, 0.085996
5.412, 0.107854
5.382, 0.124259
5.352, 0.134520
5.321, 0.138111
5.291, 0.134681
5.261, 0.124074
5.230, 0.106336
5.200, 0.081705
5.170, 0.050619
5.139, 0.013695
5.109, -0.028270
5.078, -0.074345
5.048, -0.123462
5.018, -0.174464
4.987, -0.226123
4.957, -0.277182
4.927, -0.326385
4.896, -0.372516
4.866, -0.414419
4.836, -0.451041
4.805, -0.481459
4.775, -0.504899
4.744, -0.520759
4.714, -0.528621
4.684, -0.528268
4.653, -0.519682
4.623, -0.503048
4.593, -0.478743
4.562, -0.447325
4.532, -0.409516
4.502, -0.366182
4.471, -0.318307
4.441, -0.268055
4.411, -0.215468
4.380, -0.161711
4.350, -0.107948
4.319, -0.055307
4.289, -0.004851
4.259, 0.042433
4.228, 0.085683
4.198, 0.124158
4.168, 0.157272
4.137, 0.184586
4.107, 0.205833
4.077, 0.220901
4.046, 0.229847
4.016, 0.232871
3.985, 0.230321
3.955, 0.222657
3.925, 0.210446
3.894, 0.194342
3.864, 0.175049
3.834, 0.153310
3.803, 0.129880
3.773, 0.105500
3.743, 0.080883
3.712, 0.056676
3.682, 0.033472
3.651, 0.011774
3.621, -0.008010
3.591, -0.025563
3.560, -0.040674
3.530, -0.053228
3.500, -0.063204
3.469, -0.070664
3.439, -0.075752
3.409, -0.078664
3.378, -0.079649
3.348, -0.078990
3.317, -0.076973
3.287, -0.073900
3.257, -0.070039
3.226, -0.065647
3.196, -0.060933
3.166, -0.056059
3.135, -0.051138
3.105, -0.046223
3.075, -0.041311
3.044, -0.036356
3.014, -0.031251
2.984, -0.025864
2.953, -0.020030
2.923, -0.013573
2.892, -0.006311
2.862, 0.001914
2.832, 0.011250
2.801, 0.021786
2.771, 0.033586
2.741, 0.046633
2.710, 0.060854
2.680, 0.076099
2.650, 0.092157
2.619, 0.108739
2.589, 0.125498
2.558, 0.142028
2.528, 0.157886
2.498, 0.172597
2.467, 0.185677
2.437, 0.196643
2.407, 0.205040
2.376, 0.210457
2.346, 0.212544
2.316, 0.211021
2.285, 0.205721
2.255, 0.196568
2.224, 0.183604
2.194, 0.166987
2.164, 0.147015
2.133, 0.124081
2.103, 0.098708
2.073, 0.071510
2.042, 0.043196
2.012, 0.014532
1.982, -0.013662
1.951, -0.040553
1.921, -0.065304
1.891, -0.087115
1.860, -0.105240
1.830, -0.119016
1.799, -0.127883
1.769, -0.131411
1.739, -0.129315
1.708, -0.121461
1.678, -0.107881
1.648, -0.088779
1.617, -0.064517
1.587, -0.035620
1.557, -0.002758
1.526, 0.033273
1.496, 0.071571
1.465, 0.111148
1.435, 0.150988
1.405, 0.190028
1.374, 0.227230
1.344, 0.261598
1.314, 0.292217
1.283, 0.318270
1.253, 0.339070
1.223, 0.354081
1.192, 0.362948
1.162, 0.365485
1.131, 0.361694
1.101, 0.351770
1.071, 0.336085
1.040, 0.315176
1.010, 0.289737
0.980, 0.260580
0.949, 0.228630
0.919, 0.194864
0.889, 0.160307
0.858, 0.125967
0.828, 0.092831
0.797, 0.061810
0.767, 0.033703
0.737, 0.009185
0.706, -0.011218
0.676, -0.027176
0.646, -0.038530
0.615, -0.045337
0.585, -0.047832
0.555, -0.046451
0.524, -0.041798
0.494, -0.034653
0.464, -0.025896
0.433, -0.016528
0.403, -0.007603
0.372, -0.000211
0.342, 0.004582
0.312, 0.005765
0.281, 0.002412
0.251, -0.006261
0.221, -0.020874
0.190, -0.041863
0.160, -0.069442
0.130, -0.103597
0.099, -0.144062
0.069, -0.190341
0.038, -0.241701
0.008, -0.297198
-0.022, -0.355671
-0.053, -0.415815
-0.083, -0.476185
-0.113, -0.535245
-0.144, -0.591424
-0.174, -0.643143
-0.204, -0.688882
-0.235, -0.727219
-0.265, -0.756876
-0.296, -0.776764
-0.326, -0.786021
-0.356, -0.784040
-0.387, -0.770495
-0.417, -0.745355
-0.447, -0.708896
-0.478, -0.661697
-0.508, -0.604616
-0.538, -0.538802
-0.569, -0.465633
-0.599, -0.386699
-0.630, -0.303761
-0.660, -0.218686
-0.690, -0.133413
-0.721, -0.049906
-0.751, 0.029937
-0.781, 0.104285
-0.812, 0.171477
-0.842, 0.230028
-0.872, 0.278697
-0.903, 0.316505
-0.933, 0.342774
-0.963, 0.357132
-0.994, 0.359533
-1.024, 0.350249
-1.055, 0.329872
-1.085, 0.299267
-1.115, 0.259585
-1.146, 0.212185
-1.176, 0.158628
-1.206, 0.100605
-1.237, 0.039900
-1.267, -0.021668
-1.297, -0.082297
-1.328, -0.140190
-1.358, -0.193793
-1.389, -0.241656
-1.419, -0.282526
-1.449, -0.315391
-1.480, -0.339494
-1.510, -0.354357
-1.540, -0.359782
-1.571, -0.355858
-1.601, -0.342944
-1.631, -0.321650
-1.662, -0.292816
-1.692, -0.257477
-1.723, -0.216825
-1.753, -0.172163
-1.783, -0.124864
-1.814, -0.076323
-1.844, -0.027913
-1.874, 0.019068
-1.905, 0.063424
-1.935, 0.104105
-1.965, 0.140244
-1.996, 0.171168
-2.026, 0.196427
-2.056, 0.215790
-2.087, 0.229263
-2.117, 0.237060
-2.148, 0.239610
-2.178, 0.237520
-2.208, 0.231551
-2.239, 0.222596
-2.269, 0.211627
-2.299, 0.199663
-2.330, 0.187735
-2.360, 0.176831
-2.390, 0.167879
-2.421, 0.161690
-2.451, 0.158945
-2.482, 0.160153
-2.512, 0.165643
-2.542, 0.175548
-2.573, 0.189799
-2.603, 0.208121
-2.633, 0.230058
-2.664, 0.254970
-2.694, 0.282070
-2.724, 0.310443
-2.755, 0.339085
-2.785, 0.366929
-2.816, 0.392908
-2.846, 0.415957
-2.876, 0.435084
-2.907, 0.449379
-2.937, 0.458077
-2.967, 0.460563
-2.998, 0.456405
-3.028, 0.445366
-3.058, 0.427431
-3.089, 0.402787
-3.119, 0.371836
-3.150, 0.335174
-3.180, 0.293583
-3.210, 0.247993
-3.241, 0.199469
-3.271, 0.149160
-3.301, 0.098285
-3.332, 0.048066
-3.362, -0.000292
-3.392, -0.045649
-3.423, -0.086968
-3.453, -0.123334
-3.483, -0.154010
-3.514, -0.178436
-3.544, -0.196262
-3.575, -0.207353
-3.605, -0.211791
-3.635, -0.209883
-3.666, -0.202135
-3.696, -0.189244
-3.726, -0.172070
-3.757, -0.151617
-3.787, -0.128973
-3.817, -0.105304
-3.848, -0.081793
-3.878, -0.059612
-3.909, -0.039874
-3.939, -0.023599
-3.969, -0.011673
-4.000, -0.004825
-4.030, -0.003596
-4.060, -0.008318
-4.091, -0.019114
-4.121, -0.035869
-4.151, -0.058252
-4.182, -0.085718
-4.212, -0.117513
-4.243, -0.152728
-4.273, -0.190279
-4.303, -0.228983
-4.334, -0.267579
-4.364, -0.304763
-4.394, -0.339236
-4.425, -0.369740
-4.455, -0.395107
-4.485, -0.414280
-4.516, -0.426368
-4.546, -0.430656
-4.577, -0.426643
-4.607, -0.414051
-4.637, -0.392836
-4.668, -0.363197
-4.698, -0.325566
-4.728, -0.280607
-4.759, -0.229177
-4.789, -0.172328
-4.819, -0.111265
-4.850, -0.047315
-4.880, 0.018104
-4.910, 0.083541
-4.941, 0.147529
-4.971, 0.208633
-5.002, 0.265501
-5.032, 0.316879
-5.062, 0.361657
-5.093, 0.398895
-5.123, 0.427849
-5.153, 0.447975
-5.184, 0.458957
-5.214, 0.460700
-5.244, 0.453344
-5.275, 0.437237
-5.305, 0.412929
-5.336, 0.381156
-5.366, 0.342818
-5.396, 0.298946
-5.427, 0.250675
-5.457, 0.199210
-5.487, 0.145802
-5.518, 0.091704
-5.548, 0.038137
-5.578, -0.013722
-5.609, -0.062788
-5.639, -0.108076
-5.670, -0.148732
-5.700, -0.184041
-5.730, -0.213438
-5.761, -0.236519
-5.791, -0.253036
-5.821, -0.262903
-5.852, -0.266175
-5.882, -0.263050
-5.912, -0.253844
-5.943, -0.238982
-5.973, -0.218974
-6.003, -0.194396
-6.034, -0.165878
-6.064, -0.134069
-6.095, -0.099631
-6.125, -0.063218
-6.155, -0.025452
-6.186, 0.013068
-6.216, 0.051805
-6.246, 0.090273
-6.277, 0.128037
-6.307, 0.164733
-6.337, 0.200054
-6.368, 0.233747
-6.398, 0.265612
-6.429, 0.295492
-6.459, 0.323267
-6.489, 0.348847
-6.520, 0.372155
-6.550, 0.393127
-6.580, 0.411703
-6.611, 0.427815
-6.641, 0.441389
-6.671, 0.452340
-6.702, 0.460570
-6.732, 0.465966
-6.763, 0.468409
-6.793, 0.467778
-6.823, 0.463952
-6.854, 0.456821
-6.884, 0.446295
-6.914, 0.432312
-6.945, 0.414854
-6.975, 0.393947
-7.005, 0.369671
-7.036, 0.342171
-7.066, 0.311665
-7.097, 0.278437
-7.127, 0.243005
-7.157, 0.205642
-7.188, 0.166850
-7.218, 0.127183
-7.248, 0.087252
-7.279, 0.047706
-7.309, 0.009214
-7.339, -0.027538
-7.370, -0.061878
-7.400, -0.093155
-7.430, -0.120769
-7.461, -0.144173
-7.491, -0.162904
-7.522, -0.176593
-7.552, -0.184972
-7.582, -0.187900
-7.613, -0.185350
-7.643, -0.177436
-7.673, -0.164396
-7.704, -0.146598
-7.734, -0.124534
-7.764, -0.098805
-7.795, -0.070118
-7.825, -0.039255
-7.856, -0.007070
-7.886, 0.025547
-7.916, 0.057680
-7.947, 0.088411
-7.977, 0.116855
-8.007, 0.142177
-8.038, 0.163605
-8.068, 0.180463
-8.098, 0.192187
-8.129, 0.198337
-8.159, 0.198609
-8.190, 0.192844
-8.220, 0.181039
-8.250, 0.163337
-8.281, 0.140030
-8.311, 0.111549
-8.341, 0.078464
-8.372, 0.041444
-8.402, 0.001269
-8.432, -0.041212
-8.463, -0.085092
-8.493, -0.129432
-8.524, -0.173283
-8.554, -0.215714
-8.584, -0.255837
-8.615, -0.292818
-8.645, -0.325910
-8.675, -0.354466
-8.706, -0.377950
-8.736, -0.395954
-8.766, -0.408205
-8.797, -0.414568
-8.827, -0.415047
-8.857, -0.409784
-8.888, -0.399045
-8.918, -0.383223
-8.949, -0.362814
-8.979, -0.338410
-9.009, -0.310667
-9.040, -0.280308
-9.070, -0.248083
-9.100, -0.214759
-9.131, -0.181097
-9.161, -0.147833
-9.191, -0.115659
-9.222, -0.085211
-9.252, -0.057045
-9.283, -0.031638
-9.313, -0.009363
-9.343, 0.009492
-9.374, 0.024757
-9.404, 0.036359
-9.434, 0.044324
-9.465, 0.048775
-9.495, 0.049923
-9.525, 0.048047
-9.556, 0.043499
-9.586, 0.036675
-9.617, 0.028012
-9.647, 0.017962
-9.677, 0.006994
-9.708, -0.004441
-9.738, -0.015908
-9.768, -0.027007
-9.799, -0.037378
-9.829, -0.046712
-9.859, -0.054762
-9.890, -0.061342
-9.920, -0.066330
-9.950, -0.069668
-9.981, -0.071361
-10.011, -0.071474
-10.042, -0.070117
-10.072, -0.067457
-10.102, -0.063686
-10.133, -0.059028
-10.163, -0.053727
-10.193, -0.048035
-10.224, -0.042194
-10.254, -0.036450
-10.284, -0.031017
-10.315, -0.026092
-10.345, -0.021842
-10.376, -0.018391
-10.406, -0.015832
-10.436, -0.014225
-10.467, -0.013576
-10.497, -0.013872
-10.527, -0.015062
-10.558, -0.017068
-10.588, -0.019784
-10.618, -0.023103
-10.649, -0.026893
-10.679, -0.031032
-10.710, -0.035394
-10.740, -0.039871
-10.770, -0.044362
-10.801, -0.048794
-10.831, -0.053109
-10.861, -0.057282
-10.892, -0.061306
-10.922, -0.065209
-10.952, -0.069028
-10.983, -0.072836
-11.013, -0.076703
-11.044, -0.080728
-11.074, -0.084995
-11.104, -0.089602
-11.135, -0.094629
-11.165, -0.100148
-11.195, -0.106198
-11.226, -0.112806
-11.256, -0.119957
-11.286, -0.127618
-11.317, -0.135710
-11.347, -0.144120
-11.377, -0.152714
-11.408, -0.161319
-11.438, -0.169741
-11.469, -0.177774
-11.499, -0.185193
-11.529, -0.191780
-11.560, -0.197324
-11.590, -0.201631
-11.620, -0.204530
-11.651, -0.205896
-11.681, -0.205640
-11.711, -0.203734
-11.742, -0.200198
-11.772, -0.195125
-11.803, -0.188663
-11.833, -0.181028
-11.863, -0.172493
-11.894, -0.163386
-11.924, -0.154083
-11.954, -0.144998
-11.985, -0.136562
-12.015, -0.129226
-12.045, -0.123427
-12.076, -0.119592
-12.106, -0.118094
-12.137, -0.119272
-12.167, -0.123373
-12.197, -0.130583
-12.228, -0.140967
-12.258, -0.154507
-12.288, -0.171052
-12.319, -0.190340
-12.349, -0.211995
-12.379, -0.235518
-12.410, -0.260309
-12.440, -0.285665
-12.470, -0.310806
-12.501, -0.334889
-12.531, -0.357020
-12.562, -0.376303
-12.592, -0.391831
-12.622, -0.402748
-12.653, -0.408244
-12.683, -0.407611
-12.713, -0.400249
-12.744, -0.385700
-12.774, -0.363658
-12.804, -0.334005
-12.835, -0.296801
-12.865, -0.252314
-12.896, -0.200448
-12.926, -0.142427
-12.956, -0.079096
-12.987, -0.011485
-13.017, 0.059222
-13.047, 0.131706
-13.078, 0.204553
-13.108, 0.276268
-13.138, 0.345338
-13.169, 0.410235
-13.199, 0.469494
-13.230, 0.521719
-13.260, 0.565642
-13.290, 0.600156
-13.321, 0.624338
-13.351, 0.637488
-13.381, 0.639148
-13.412, 0.629116
-13.442, 0.607474
-13.472, 0.574560
-13.503, 0.531005
-13.533, 0.477679
-13.564, 0.415717
-13.594, 0.346452
-13.624, 0.271421
-13.655, 0.192299
-13.685, 0.110885
-13.715, 0.029032
-13.746, -0.051375
-13.776, -0.128495
-13.806, -0.200544
-13.837, -0.265873
-13.867, -0.322991
-13.897, -0.370609
-13.928, -0.407669
-13.958, -0.433386
-13.989, -0.447246
-14.019, -0.449045
-14.049, -0.438860
-14.080, -0.417081
-14.110, -0.384375
-14.140, -0.341676
-14.171, -0.290159
-14.201, -0.231204
-14.231, -0.166356
-14.262, -0.097291
-14.292, -0.025755
-14.323, 0.046461
-14.353, 0.117599
-14.383, 0.185959
-14.414, 0.249953
-14.444, 0.308138
-14.474, 0.359277
-14.505, 0.402338
-14.535, 0.436541
-14.565, 0.461370
-14.596, 0.476578
-14.626, 0.482201
-14.657, 0.478536
-14.687, 0.466132
-14.717, 0.445785
-14.748, 0.418480
-14.778, 0.385390
-14.808, 0.347815
-14.839, 0.307155
-14.869, 0.264857
-14.899, 0.222379
-14.930, 0.181140
-14.960, 0.142491
-14.991, 0.107653
-15.021, 0.077713
-15.051, 0.053565
-15.082, 0.035915
-15.112, 0.025234
-15.142, 0.021783
-15.173, 0.025579
-15.203, 0.036421
-15.233, 0.053890
-15.264, 0.077377
-15.294, 0.106091
-15.324, 0.139105
-15.355, 0.175378
-15.385, 0.213790
-15.416, 0.253183
-15.446, 0.292398
-15.476, 0.330307
-15.507, 0.365856
-15.537, 0.398086
-15.567, 0.426162
-15.598, 0.449408
-15.628, 0.467312
-15.658, 0.479543
-15.689, 0.485952
-15.719, 0.486578
-15.750, 0.481637
-15.780, 0.471509
-15.810, 0.456724
-15.841, 0.437935
-15.871, 0.415904
-15.901, 0.391450
-15.932, 0.365453
-15.962, 0.338790
-15.992, 0.312322
-16.023, 0.286862
-16.053, 0.263150
-16.084, 0.241823
-16.114, 0.223405
-16.144, 0.208281
-16.175, 0.196695
-16.205, 0.188739
-16.235, 0.184363
-16.266, 0.183366
-16.296, 0.185422
-16.326, 0.190085
-16.357, 0.196810
-16.387, 0.204969
-16.417, 0.213897
-16.448, 0.222891
-16.478, 0.231254
-16.509, 0.238312
-16.539, 0.243444
-16.569, 0.246105
-16.600, 0.245844
-16.630, 0.242313
-16.660, 0.235301
-16.691, 0.224721
-16.721, 0.210614
-16.751, 0.193167
-16.782, 0.172681
-16.812, 0.149581
-16.843, 0.124389
-16.873, 0.097709
-16.903, 0.070215
-16.934, 0.042618
-16.964, 0.015635
-16.994, -0.010018
-17.025, -0.033657
-17.055, -0.054664
-17.085, -0.072493
-17.116, -0.086698
-17.146, -0.096946
-17.177, -0.103025
-17.207, -0.104856
-17.237, -0.102497
-17.268, -0.096136
-17.298, -0.086098
-17.328, -0.072813
-17.359, -0.056830
-17.389, -0.038774
-17.419, -0.019347
-17.450, 0.000703
-17.480, 0.020609
-17.511, 0.039593
-17.541, 0.056907
-17.571, 0.071851
-17.602, 0.083786
-17.632, 0.092164
-17.662, 0.096538
-17.693, 0.096573
-17.723, 0.092069
-17.753, 0.082952
-17.784, 0.069278
-17.814, 0.051242
-17.844, 0.029158
-17.875, 0.003464
-17.905, -0.025302
-17.936, -0.056513
-17.966, -0.089471
-17.996, -0.123425
-18.027, -0.157591
-18.057, -0.191182
-18.087, -0.223410
-18.118, -0.253525
-18.148, -0.280827
-18.178, -0.304683
-18.209, -0.324537
-18.239, -0.339934
-18.270, -0.350518
-18.300, -0.356054
-18.330, -0.356410
-18.361, -0.351579
-18.391, -0.341668
-18.421, -0.326888
-18.452, -0.307551
-18.482, -0.284066
-18.512, -0.256918
-18.543, -0.226665
-18.573, -0.193904
-18.604, -0.159282
-18.634, -0.123457
-18.664, -0.087101
-18.695, -0.051605
-18.725, -0.016872
-18.755, 0.016488
-18.786, 0.047920
-18.816, 0.076925
-18.846, 0.103071
-18.877, 0.125997
-18.907, 0.145414
-18.938, 0.161114
-18.968, 0.172971
-18.998, 0.180935
-19.029, 0.185032
-19.059, 0.185363
-19.089, 0.182091
-19.120, 0.175450
-19.150, 0.165713
-19.180, 0.153211
-19.211, 0.138301
-19.241, 0.121373
-19.271, 0.102835
-19.302, 0.083101
-19.332, 0.062585
-19.363, 0.041696
-19.393, 0.020819
-19.423, 0.000319
-19.454, -0.019476
-19.484, -0.038275
-19.514, -0.055831
-19.545, -0.071944
-19.575, -0.086471
-19.605, -0.099312
-19.636, -0.110434
-19.666, -0.119848
-19.697, -0.127619
-19.727, -0.133863
-19.757, -0.138739
-19.788, -0.142442
-19.818, -0.145203
-19.848, -0.147270
-19.879, -0.148920
-19.909, -0.150420
-19.939, -0.152042
-19.970, -0.154046
-20.000, -0.156672
-20.031, -0.160118
-20.061, -0.164554
-20.091, -0.170085
-20.122, -0.176784
-20.152, -0.184644
-20.182, -0.193606
-20.213, -0.203543
-20.243, -0.214271
-20.273, -0.225529
-20.304, -0.237022
-20.334, -0.248391
-20.364, -0.259247
-20.395, -0.269168
-20.425, -0.277724
-20.456, -0.284479
-20.486, -0.289018
-20.516, -0.290951
-20.547, -0.289938
-20.577, -0.285704
-20.607, -0.278046
-20.638, -0.266847
-20.668, -0.252091
-20.698, -0.233877
-20.729, -0.212402
-20.759, -0.187987
-20.790, -0.161060
-20.820, -0.132156
-20.850, -0.101905
-20.881, -0.071020
-20.911, -0.040287
-20.941, -0.010530
-20.972, 0.017391
-21.002, 0.042621
-21.032, 0.064327
-21.063, 0.081729
-21.093, 0.094117
-21.124, 0.100885
-21.154, 0.101559
-21.184, 0.095794
-21.215, 0.083421
-21.245, 0.064434
-21.275, 0.039024
-21.306, 0.007558
-21.336, -0.029411
-21.366, -0.071148
-21.397, -0.116760
-21.427, -0.165214
-21.458, -0.215344
-21.488, -0.265904
-21.518, -0.315581
-21.549, -0.363045
-21.579, -0.406975
-21.609, -0.446094
-21.640, -0.479227
-21.670, -0.505309
-21.700, -0.523446
-21.731, -0.532927
-21.761, -0.533254
-21.791, -0.524166
-21.822, -0.505646
-21.852, -0.477937
-21.883, -0.441527
-21.913, -0.397157
-21.943, -0.345791
-21.974, -0.288606
-22.004, -0.226949
-22.034, -0.162314
-22.065, -0.096298
-22.095, -0.030552
-22.125, 0.033264
-22.156, 0.093516
-22.186, 0.148660
-22.217, 0.197281
-22.247, 0.238137
-22.277, 0.270188
-22.308, 0.292645
-22.338, 0.304982
-22.368, 0.306959
-22.399, 0.298632
-22.429, 0.280356
-22.459, 0.252772
-22.490, 0.216795
-22.520, 0.173587
-22.551, 0.124528
-22.581, 0.071170
-22.611, 0.015207
-22.642, -0.041595
-22.672, -0.097427
-22.702, -0.150515
-22.733, -0.199145
-22.763, -0.241734
-22.793, -0.276870
-22.824, -0.303358
-22.854, -0.320242
-22.885, -0.326859
-22.915, -0.322828
-22.945, -0.308096
-22.976, -0.282905
-23.006, -0.247814
-23.036, -0.203663
-23.067, -0.151560
-23.097, -0.092834
-23.127, -0.029019
-23.158, 0.038220
-23.188, 0.107109
-23.218, 0.175846
-23.249, 0.242622
-23.279, 0.305706
-23.310, 0.363466
-23.340, 0.414441
-23.370, 0.457360
-23.401, 0.491198
-23.431, 0.515184
-23.461, 0.528830
-23.492, 0.531942
-23.522, 0.524621
-23.552, 0.507253
-23.583, 0.480489
-23.613, 0.445231
-23.644, 0.402591
-23.674, 0.353858
-23.704, 0.300454
-23.735, 0.243892
-23.765, 0.185723
-23.795, 0.127491
-23.826, 0.070692
-23.856, 0.016718
-23.886, -0.033170
-23.917, -0.077884
-23.947, -0.116535
-23.978, -0.148447
-24.008, -0.173186
-24.038, -0.190547
-24.069, -0.200561
-24.099, -0.203487
-24.129, -0.199783
-24.160, -0.190096
-24.190, -0.175212
-24.220, -0.156055
-24.251, -0.133610
-24.281, -0.108920
-24.311, -0.083020
-24.342, -0.056919
-24.372, -0.031550
-24.403, -0.007755
-24.433, 0.013767
-24.463, 0.032909
-24.494, 0.048826
-24.524, 0.061298
-24.554, 0.070283
-24.585, 0.075906
-24.615, 0.078455
-24.645, 0.078358
-24.676, 0.076165
-24.706, 0.072512
-24.737, 0.068104
-24.767, 0.063674
-24.797, 0.059955
-24.828, 0.057645
-24.858, 0.057380
-24.888, 0.059699
-24.919, 0.065037
-24.949, 0.073685
-24.979, 0.085792
-25.010, 0.101352
-25.040, 0.120206
-25.071, 0.142038
-25.101, 0.166399
-25.131, 0.192713
-25.162, 0.220309
-25.192, 0.248428
-25.222, 0.276273
-25.253, 0.303023
-25.283, 0.327879
-25.313, 0.350075
-25.344, 0.368925
-25.374, 0.383843
-25.405, 0.394365
-25.435, 0.400167
-25.465, 0.401078
-25.496, 0.397093
-25.526, 0.388365
-25.556, 0.375210
-25.587, 0.358085
-25.617, 0.337578
-25.647, 0.314394
-25.678, 0.289308
-25.708, 0.263163
-25.738, 0.236816
-25.769, 0.211122
-25.799, 0.186890
-25.830, 0.164862
-25.860, 0.145678
-25.890, 0.129854
-25.921, 0.117767
-25.951, 0.109625
-25.981, 0.105477
-26.012, 0.105196
-26.042, 0.108485
-26.072, 0.114892
-26.103, 0.123819
-26.133, 0.134551
-26.164, 0.146265
-26.194, 0.158082
-26.224, 0.169077
-26.255, 0.178333
-26.285, 0.184958
-26.315, 0.188130
-26.346, 0.187118
-26.376, 0.181322
-26.406, 0.170288
-26.437, 0.153732
-26.467, 0.131548
-26.498, 0.103823
-26.528, 0.070830
-26.558, 0.033030
-26.589, -0.008949
-26.619, -0.054323
-26.649, -0.102177
-26.680, -0.151501
-26.710, -0.201208
-26.740, -0.250176
-26.771, -0.297283
-26.801, -0.341445
-26.831, -0.381648
-26.862, -0.416976
-26.892, -0.446648
-26.923, -0.470036
-26.953, -0.486694
-26.983, -0.496357
-27.014, -0.498965
-27.044, -0.494652
-27.074, -0.483744
-27.105, -0.466752
-27.135, -0.444348
-27.165, -0.417344
-27.196, -0.386672
-27.226, -0.353341
-27.257, -0.318419
-27.287, -0.282983
-27.317, -0.248099
-27.348, -0.214786
-27.378, -0.183977
-27.408, -0.156499
-27.439, -0.133048
-27.469, -0.114168
-27.499, -0.100240
-27.530, -0.091477
-27.560, -0.087912
-27.591, -0.089409
-27.621, -0.095677
-27.651, -0.106270
-27.682, -0.120620
-27.712, -0.138056
-27.742, -0.157823
-27.773, -0.179114
-27.803, -0.201103
-27.833, -0.222957
-27.864, -0.243889
-27.894, -0.263154
-27.925, -0.280097
-27.955, -0.294146
-27.985, -0.304850
-28.016, -0.311871
-28.046, -0.315000
-28.076, -0.314152
-28.107, -0.309362
-28.137, -0.300776
-28.167, -0.288643
-28.198, -0.273291
-28.228, -0.255113
-28.258, -0.234557
-28.289, -0.212089
-28.319, -0.188178
-28.350, -0.163280
-28.380, -0.137825
-28.410, -0.112187
-28.441, -0.086684
-28.471, -0.061561
-28.501, -0.036993
-28.532, -0.013077
-28.562, 0.010167
-28.592, 0.032781
-28.623, 0.054866
-28.653, 0.076571
-28.684, 0.098077
-28.714, 0.119573
-28.744, 0.141255
-28.775, 0.163289
-28.805, 0.185816
-28.835, 0.208919
-28.866, 0.232626
-28.896, 0.256882
-28.926, 0.281564
-28.957, 0.306458
-28.987, 0.331280
-29.018, 0.355663
-29.048, 0.379180
-29.078, 0.401349
-29.109, 0.421647
-29.139, 0.439539
-29.169, 0.454483
-29.200, 0.465962
-29.230, 0.473504
-29.260, 0.476695
-29.291, 0.475212
-29.321, 0.468825
-29.352, 0.457420
-29.382, 0.441012
-29.412, 0.419741
-29.443, 0.393875
-29.473, 0.363825
-29.503, 0.330112
-29.534, 0.293372
-29.564, 0.254331
-29.594, 0.213792
-29.625, 0.172612
-29.655, 0.131658
-29.685, 0.091815
-29.716, 0.053923
-29.746, 0.018773
-29.777, -0.012926
-29.807, -0.040568
-29.837, -0.063667
-29.868, -0.081893
-29.898, -0.095051
-29.928, -0.103116
-29.959, -0.106212
-29.989, -0.104627
-30.019, -0.098792
-30.050, -0.089266
-30.080, -0.076733
-30.111, -0.061938
-30.141, -0.045729
-30.171, -0.028963
-30.202, -0.012510
-30.232, 0.002208
-30.262, 0.014969
-30.293, 0.025053
-30.323, 0.031852
-30.353, 0.034873
-30.384, 0.033771
-30.414, 0.028348
-30.445, 0.018559
-30.475, 0.004538
-30.505, -0.013446
-30.536, -0.034972
-30.566, -0.059497
-30.596, -0.086356
-30.627, -0.114810
-30.657, -0.144056
-30.687, -0.173254
-30.718, -0.201579
-30.748, -0.228220
-30.778, -0.252424
-30.809, -0.273518
-30.839, -0.290940
-30.870, -0.304253
-30.900, -0.313157
-30.930, -0.317496
-30.961, -0.317277
-30.991, -0.312652
-31.021, -0.303926
-31.052, -0.291534
-31.082, -0.276031
-31.112, -0.258069
-31.143, -0.238379
-31.173, -0.217737
-31.204, -0.196938
-31.234, -0.176767
-31.264, -0.157981
-31.295, -0.141263
-31.325, -0.127216
-31.355, -0.116330
-31.386, -0.108972
-31.416, -0.105370
-31.446, -0.105611
-31.477, -0.109615
-31.507, -0.117183
-31.538, -0.127952
-31.568, -0.141458
-31.598, -0.157107
-31.629, -0.174234
-31.659, -0.192096
-31.689, -0.209923
-31.720, -0.226921
-31.750, -0.242324
-31.780, -0.255403
-31.811, -0.265481
-31.841, -0.271986
-31.872, -0.274449
-31.902, -0.272512
-31.932, -0.265962
-31.963, -0.254707
-31.993, -0.238816
-32.023, -0.218471
-32.054, -0.193996
-32.084, -0.165821
-32.114, -0.134479
-32.145, -0.100586
-32.175, -0.064817
-32.205, -0.027879
-32.236, 0.009502
-32.266, 0.046609
-32.297, 0.082754
-32.327, 0.117303
-32.357, 0.149681
-32.388, 0.179396
-32.418, 0.206054
-32.448, 0.229355
-32.479, 0.249099
-32.509, 0.265189
-32.539, 0.277623
-32.570, 0.286485
-32.600, 0.291942
-32.631, 0.294221
-32.661, 0.293595
-32.691, 0.290379
-32.722, 0.284896
-32.752, 0.277476
-32.782, 0.268429
-32.813, 0.258047
-32.843, 0.246577
-32.873, 0.234227
-32.904, 0.221149
-32.934, 0.207449
-32.965, 0.193179
-32.995, 0.178346
-33.025, 0.162923
-33.056, 0.146849
-33.086, 0.130053
-33.116, 0.112451
-33.147, 0.093982
-33.177, 0.074600
-33.207, 0.054300
-33.238, 0.033128
-33.268, 0.011184
-33.299, -0.011359
-33.329, -0.034268
-33.359, -0.057238
-33.390, -0.079893
-33.420, -0.101801
-33.450, -0.122480
-33.481, -0.141415
-33.511, -0.158067
-33.541, -0.171901
-33.572, -0.182397
-33.602, -0.189077
-33.632, -0.191525
-33.663, -0.189405
-33.693, -0.182476
-33.724, -0.170616
-33.754, -0.153827
-33.784, -0.132240
-33.815, -0.106136
-33.845, -0.075926
-33.875, -0.042152
-33.906, -0.005477
-33.936, 0.033328
-33.966, 0.073411
-33.997, 0.113853
-34.027, 0.153704
-34.058, 0.192010
-34.088, 0.227834
-34.118, 0.260297
-34.149, 0.288606
-34.179, 0.312075
-34.209, 0.330158
-34.240, 0.342460
-34.270, 0.348766
-34.300, 0.349035
-34.331, 0.343418
-34.361, 0.332252
-34.392, 0.316051
-34.422, 0.295490
-34.452, 0.271391
-34.483, 0.244688
-34.513, 0.216411
-34.543, 0.187640
-34.574, 0.159474
-34.604, 0.132989
-34.634, 0.109219
-34.665, 0.089090
-34.695, 0.073411
-34.725, 0.062834
-34.756, 0.057834
-34.786, 0.058678
-34.817, 0.065432
-34.847, 0.077932
-34.877, 0.095806
-34.908, 0.118466
-34.938, 0.145147
-34.968, 0.174893
-34.999, 0.206632
-35.029, 0.239170
-35.059, 0.271250
-35.090, 0.301592
-35.120, 0.328930
-35.151, 0.352056
-35.181, 0.369869
-35.211, 0.381397
-35.242, 0.385856
-35.272, 0.382653
-35.302, 0.371430
-35.333, 0.352061
-35.363, 0.324679
-35.393, 0.289664
-35.424, 0.247634
-35.454, 0.199434
-35.485, 0.146111
-35.515, 0.088877
-35.545, 0.029090
-35.576, -0.031817
-35.606, -0.092347
-35.636, -0.151008
-35.667, -0.206354
-35.697, -0.257024
-35.727, -0.301790
-35.758, -0.339596
-35.788, -0.369592
-35.819, -0.391153
-35.849, -0.403903
-35.879, -0.407735
-35.910, -0.402789
-35.940, -0.389477
-35.970, -0.368443
-36.001, -0.340558
-36.031, -0.306698
-36.061, -0.268264
-36.092, -0.226581
-36.122, -0.183050
-36.152, -0.139103
-36.183, -0.096146
-36.213, -0.055521
-36.244, -0.018467
-36.274, 0.013935
-36.304, 0.040779
-36.335, 0.061368
-36.365, 0.075231
-36.395, 0.082145
-36.426, 0.082119
-36.456, 0.075420
-36.486, 0.062526
-36.517, 0.044132
-36.547, 0.021109
-36.578, -0.005519
-36.608, -0.034625
-36.638, -0.065008
-36.669, -0.095447
-36.699, -0.124732
-36.729, -0.151725
-36.760, -0.175378
-36.790, -0.194787
-36.820, -0.209212
-36.851, -0.218117
-36.881, -0.221164
-36.912, -0.218248
-36.942, -0.209480
-36.972, -0.195203
-37.003, -0.175951
-37.033, -0.152454
-37.063, -0.125600
-37.094, -0.096403
-37.124, -0.065965
-37.154, -0.035440
-37.185, -0.005991
-37.215, 0.021248
-37.246, 0.045220
-37.276, 0.064976
-37.306, 0.079716
-37.337, 0.088801
-37.367, 0.091799
-37.397, 0.088483
-37.428, 0.078844
-37.458, 0.063094
-37.488, 0.041660
-37.519, 0.015162
-37.549, -0.015595
-37.579, -0.049658
-37.610, -0.085960
-37.640, -0.123346
-37.671, -0.160618
-37.701, -0.196573
-37.731, -0.230048
-37.762, -0.259946
-37.792, -0.285282
-37.822, -0.305219
-37.853, -0.319080
-37.883, -0.326380
-37.913, -0.326834
-37.944, -0.320372
-37.974, -0.307130
-38.005, -0.287449
-38.035, -0.261862
-38.065, -0.231071
-38.096, -0.195921
-38.126, -0.157373
-38.156, -0.116474
-38.187, -0.074310
-38.217, -0.031988
-38.247, 0.009419
-38.278, 0.048897
-38.308, 0.085520
-38.339, 0.118479
-38.369, 0.147111
-38.399, 0.170914
-38.430, 0.189553
-38.460, 0.202869
-38.490, 0.210881
-38.521, 0.213775
-38.551, 0.211892
-38.581, 0.205706
-38.612, 0.195806
-38.642, 0.182872
-38.672, 0.167630
-38.703, 0.150847
-38.733, 0.133280
-38.764, 0.115654
-38.794, 0.098636
-38.824, 0.082807
-38.855, 0.068643
-38.885, 0.056505
-38.915, 0.046617
-38.946, 0.039067
-38.976, 0.033814
-39.006, 0.030686
-39.037, 0.029395
-39.067, 0.029549
-39.098, 0.030686
-39.128, 0.032279
-39.158, 0.033779
-39.189, 0.034630
-39.219, 0.034310
-39.249, 0.032340
-39.280, 0.028324
-39.310, 0.021960
-39.340, 0.013065
-39.371, 0.001581
-39.401, -0.012413
-39.432, -0.028701
-39.462, -0.046940
-39.492, -0.066648
-39.523, -0.087250
-39.553, -0.108081
-39.583, -0.128409
-39.614, -0.147466
-39.644, -0.164479
-39.674, -0.178702
-39.705, -0.189445
-39.735, -0.196096
-39.766, -0.198173
-39.796, -0.195322
-39.826, -0.187353
-39.857, -0.174245
-39.887, -0.156166
-39.917, -0.133471
-39.948, -0.106692
-39.978, -0.076535
-40.008, -0.043861
-40.039, -0.009664
-40.069, 0.024957
-40.099, 0.058838
-40.130, 0.090775
-40.160, 0.119566
-40.191, 0.144059
-40.221, 0.163180
-40.251, 0.175971
-40.282, 0.181636
-40.312, 0.179559
-40.342, 0.169337
-40.373, 0.150797
-40.403, 0.124007
-40.433, 0.089276
-40.464, 0.047176
-40.494, -0.001505
-40.525, -0.055755
-40.555, -0.114374
-40.585, -0.175998
-40.616, -0.239144
-40.646, -0.302244
-40.676, -0.363693
-40.707, -0.421893
-40.737, -0.475305
-40.767, -0.522487
-40.798, -0.562136
-40.828, -0.593141
-40.859, -0.614595
-40.889, -0.625848
-40.919, -0.626504
-40.950, -0.616448
-40.980, -0.595849
-41.010, -0.565156
-41.041, -0.525080
-41.071, -0.476590
-41.101, -0.420865
-41.132, -0.359282
-41.162, -0.293359
-41.192, -0.224724
-41.223, -0.155058
-41.253, -0.086061
-41.284, -0.019386
-41.314, 0.043389
-41.344, 0.100827
-41.375, 0.151649
-41.405, 0.194789
-41.435, 0.229415
-41.466, 0.254953
-41.496, 0.271096
-41.526, 0.277815
-41.557, 0.275364
-41.587, 0.264251
-41.618, 0.245245
-41.648, 0.219329
-41.678, 0.187690
-41.709, 0.151657
-41.739, 0.112682
-41.769, 0.072289
-41.800, 0.031787
-41.830, -0.007060
-41.860, -0.042789
-41.891, -0.074045
-41.921, -0.099622
-41.952, -0.118498
-41.982, -0.129858
-42.012, -0.133120
-42.043, -0.127955
-42.073, -0.114286
-42.103, -0.092299
-42.134, -0.062429
-42.164, -0.025346
-42.194, 0.018064
-42.225, 0.066718
-42.255, 0.119378
-42.286, 0.174690
-42.316, 0.231203
-42.346, 0.287431
-42.377, 0.341884
-42.407, 0.393115
-42.437, 0.439747
-42.468, 0.480531
-42.498, 0.514351
-42.528, 0.540282
-42.559, 0.557591
-42.589, 0.565770
-42.619, 0.564530
-42.650, 0.553834
-42.680, 0.533855
-42.711, 0.505013
-42.741, 0.467933
-42.771, 0.423434
-42.802, 0.372496
-42.832, 0.316260
-42.862, 0.255966
-42.893, 0.192936
-42.923, 0.128539
-42.953, 0.064156
-42.984, 0.001139
-43.014, -0.059212
-43.045, -0.115687
-43.075, -0.167187
-43.105, -0.212754
-43.136, -0.251583
-43.166, -0.283050
-43.196, -0.306703
-43.227, -0.322291
-43.257, -0.329744
-43.287, -0.329182
-43.318, -0.320894
-43.348, -0.305349
-43.379, -0.283145
-43.409, -0.255021
-43.439, -0.221817
-43.470, -0.184465
-43.500, -0.143939
-43.530, -0.101271
-43.561, -0.057476
-43.591, -0.013566
-43.621, 0.029486
-43.652, 0.070764
-43.682, 0.109438
-43.713, 0.144769
-43.743, 0.176122
-43.773, 0.202975
-43.804, 0.224944
-43.834, 0.241754
-43.864, 0.253267
-43.895, 0.259465
-43.925, 0.260442
-43.955, 0.256409
-43.986, 0.247667
-44.016, 0.234604
-44.046, 0.217682
-44.077, 0.197415
-44.107, 0.174358
-44.138, 0.149083
-44.168, 0.122188
-44.198, 0.094247
-44.229, 0.065816
-44.259, 0.037434
-44.289, 0.009576
-44.320, -0.017331
-44.350, -0.042916
-44.380, -0.066878
-44.411, -0.088977
-44.441, -0.109063
-44.472, -0.127034
-44.502, -0.142866
-44.532, -0.156597
-44.563, -0.168313
-44.593, -0.178160
-44.623, -0.186312
-44.654, -0.192984
-44.684, -0.198400
-44.714, -0.202801
-44.745, -0.206435
-44.775, -0.209526
-44.806, -0.212292
-44.836, -0.214923
-44.866, -0.217569
-44.897, -0.220352
-44.927, -0.223346
-44.957, -0.226579
-44.988, -0.230038
-45.018, -0.233664
-45.048, -0.237355
-45.079, -0.240970
-45.109, -0.244335
-45.139, -0.247247
-45.170, -0.249493
-45.200, -0.250838
-45.231, -0.251051
-45.261, -0.249909
-45.291, -0.247204
-45.322, -0.242754
-45.352, -0.236401
-45.382, -0.228046
-45.413, -0.217624
-45.443, -0.205123
-45.473, -0.190588
-45.504, -0.174120
-45.534, -0.155880
-45.565, -0.136080
-45.595, -0.114982
-45.625, -0.092904
-45.656, -0.070195
-45.686, -0.047227
-45.716, -0.024418
-45.747, -0.002174
-45.777, 0.019081
-45.807, 0.038950
-45.838, 0.057048
-45.868, 0.073023
-45.899, 0.086570
-45.929, 0.097440
-45.959, 0.105437
-45.990, 0.110435
-46.020, 0.112385
-46.050, 0.111305
-46.081, 0.107298
-46.111, 0.100530
-46.141, 0.091246
-46.172, 0.079746
-46.202, 0.066399
-46.233, 0.051612
-46.263, 0.035823
-46.293, 0.019505
-46.324, 0.003140
-46.354, -0.012803
-46.384, -0.027858
-46.415, -0.041600
-46.445, -0.053640
-46.475, -0.063647
-46.506, -0.071355
-46.536, -0.076562
-46.566, -0.079155
-46.597, -0.079099
-46.627, -0.076444
-46.658, -0.071317
-46.688, -0.063935
-46.718, -0.054581
-46.749, -0.043606
-46.779, -0.031412
-46.809, -0.018451
-46.840, -0.005202
-46.870, 0.007847
-46.900, 0.020204
-46.931, 0.031389
-46.961, 0.040955
-46.992, 0.048501
-47.022, 0.053682
-47.052, 0.056225
-47.083, 0.055931
-47.113, 0.052689
-47.143, 0.046479
-47.174, 0.037370
-47.204, 0.025531
-47.234, 0.011206
-47.265, -0.005263
-47.295, -0.023472
-47.326, -0.042952
-47.356, -0.063182
-47.386, -0.083602
-47.417, -0.103639
-47.447, -0.122712
-47.477, -0.140255
-47.508, -0.155728
-47.538, -0.168642
-47.568, -0.178561
-47.599, -0.184953
-47.629, -0.187707
-47.660, -0.186643
-47.690, -0.181665
-47.720, -0.172797
-47.751, -0.160144
-47.781, -0.143922
-47.811, -0.124441
-47.842, -0.102092
-47.872, -0.077352
-47.902, -0.050756
-47.933, -0.022892
-47.963, 0.005620
-47.993, 0.034136
-48.024, 0.062011
-48.054, 0.088613
-48.085, 0.113343
-48.115, 0.135644
-48.145, 0.155022
-48.176, 0.171051
-48.206, 0.183390
-48.236, 0.191786
-48.267, 0.196084
-48.297, 0.196224
-48.327, 0.192251
-48.358, 0.184298
-48.388, 0.172601
-48.419, 0.157476
-48.449, 0.139315
-48.479, 0.118585
-48.510, 0.095790
-48.540, 0.071493
-48.570, 0.046273
-48.601, 0.020728
-48.631, -0.004552
-48.661, -0.028990
-48.692, -0.052033
-48.722, -0.073177
-48.753, -0.091963
-48.783, -0.107995
-48.813, -0.120944
-48.844, -0.130554
-48.874, -0.136646
-48.904, -0.139121
-48.935, -0.137954
-48.965, -0.133198
-48.995, -0.124975
-49.026, -0.113481
-49.056, -0.098959
-49.086, -0.081718
-49.117, -0.062097
-49.147, -0.040478
-49.178, -0.017262
-49.208, 0.007130
-49.238, 0.032283
-49.269, 0.057772
-49.299, 0.083191
-49.329, 0.108157
-49.360, 0.132308
-49.390, 0.155322
-49.420, 0.176909
-49.451, 0.196826
-49.481, 0.214866
-49.512, 0.230875
-49.542, 0.244745
-49.572, 0.256413
-49.603, 0.265859
-49.633, 0.273105
-49.663, 0.278215
-49.694, 0.281286
-49.724, 0.282447
-49.754, 0.281855
-49.785, 0.279692
-49.815, 0.276154
-49.846, 0.271448
-49.876, 0.265795
-49.906, 0.259413
-49.937, 0.252520
-49.967, 0.245328
-49.997, 0.238037
-50.028, 0.230832
-50.058, 0.223883
-50.088, 0.217334
-50.119, 0.211306
-50.149, 0.205894
-50.180, 0.201169
-50.210, 0.197167
-50.240, 0.193892
-50.271, 0.191327
-50.301, 0.189418
-50.331, 0.188083
-50.362, 0.187216
-50.392, 0.186689
-50.422, 0.186344
-50.453, 0.186011
-50.483, 0.185506
-50.513, 0.184631
-50.544, 0.183193
-50.574, 0.180982
-50.605, 0.177808
-50.635, 0.173490
-50.665, 0.167851
-50.696, 0.160742
-50.726, 0.152040
-50.756, 0.141654
-50.787, 0.129520
-50.817, 0.115610
-50.847, 0.099938
-50.878, 0.082559
-50.908, 0.063560
-50.939, 0.043074
-50.969, 0.021270
-50.999, -0.001646
-51.030, -0.025445
-51.060, -0.049865
-51.090, -0.074621
-51.121, -0.099424
-51.151, -0.123961
-51.181, -0.147936
-51.212, -0.171044
-51.242, -0.193004
-51.273, -0.213547
-51.303, -0.232442
-51.333, -0.249486
-51.364, -0.264506
-51.394, -0.277388
-51.424, -0.288051
-51.455, -0.296466
-51.485, -0.302654
-51.515, -0.306674
-51.546, -0.308642
-51.576, -0.308706
-51.607, -0.307059
-51.637, -0.303914
-51.667, -0.299517
-51.698, -0.294128
-51.728, -0.288017
-51.758, -0.281452
-51.789, -0.274701
-51.819, -0.268010
-51.849, -0.261605
-51.880, -0.255688
-51.910, -0.250424
-51.940, -0.245939
-51.971, -0.242318
-52.001, -0.239604
-52.032, -0.237797
-52.062, -0.236856
-52.092, -0.236698
-52.123, -0.237201
-52.153, -0.238219
-52.183, -0.239580
-52.214, -0.241092
-52.244, -0.242551
-52.274, -0.243759
-52.305, -0.244510
-52.335, -0.244618
-52.366, -0.243919
-52.396, -0.242268
-52.426, -0.239553
-52.457, -0.235698
-52.487, -0.230657
-52.517, -0.224432
-52.548, -0.217062
-52.578, -0.208614
-52.608, -0.199194
-52.639, -0.188940
-52.669, -0.178011
-52.700, -0.166580
-52.730, -0.154832
-52.760, -0.142959
-52.791, -0.131146
-52.821, -0.119562
-52.851, -0.108364
-52.882, -0.097676
-52.912, -0.087600
-52.942, -0.078193
-52.973, -0.069488
-53.003, -0.061466
-53.033, -0.054085
-53.064, -0.047257
-53.094, -0.040857
-53.125, -0.034747
-53.155, -0.028758
-53.185, -0.022711
-53.216, -0.016419
-53.246, -0.009701
-53.276, -0.002385
-53.307, 0.005681
-53.337, 0.014619
-53.367, 0.024538
-53.398, 0.035461
-53.428, 0.047392
-53.459, 0.060282
-53.489, 0.074030
-53.519, 0.088481
-53.550, 0.103446
-53.580, 0.118678
-53.610, 0.133901
-53.641, 0.148809
-53.671, 0.163076
-53.701, 0.176367
-53.732, 0.188348
-53.762, 0.198700
-53.793, 0.207132
-53.823, 0.213384
-53.853, 0.217254
-53.884, 0.218584
-53.914, 0.217295
-53.944, 0.213373
-53.975, 0.206877
-54.005, 0.197950
-54.035, 0.186802
-54.066, 0.173727
-54.096, 0.159084
-54.127, 0.143288
-54.157, 0.126805
-54.187, 0.110140
-54.218, 0.093819
-54.248, 0.078383
-54.278, 0.064364
-54.309, 0.052271
-54.339, 0.042579
-54.369, 0.035707
-54.400, 0.032019
-54.430, 0.031795
-54.460, 0.035230
-54.491, 0.042429
-54.521, 0.053395
-54.552, 0.068039
-54.582, 0.086166
-54.612, 0.107487
-54.643, 0.131631
-54.673, 0.158146
-54.703, 0.186510
-54.734, 0.216152
-54.764, 0.246460
-54.794, 0.276801
-54.825, 0.306538
-54.855, 0.335043
-54.886, 0.361723
-54.916, 0.386014
-54.946, 0.407428
-54.977, 0.425533
-55.007, 0.439976
-55.037, 0.450503
-55.068, 0.456937
-55.098, 0.459200
-55.128, 0.457304
-55.159, 0.451349
-55.189, 0.441513
-55.220, 0.428049
-55.250, 0.411271
-55.280, 0.391537
-55.311, 0.369243
-55.341, 0.344800
-55.371, 0.318631
-55.402, 0.291149
-55.432, 0.262741
-55.462, 0.233768
-55.493, 0.204539
-55.523, 0.175318
-55.553, 0.146313
-55.584, 0.117670
-55.614, 0.089478
-55.645, 0.061770
-55.675, 0.034523
-55.705, 0.007679
-55.736, -0.018863
-55.766, -0.045221
-55.796, -0.071526
-55.827, -0.097909
-55.857, -0.124478
-55.887, -0.151322
-55.918, -0.178485
-55.948, -0.205959
-55.979, -0.233684
-56.009, -0.261523
-56.039, -0.289284
-56.070, -0.316697
-56.100, -0.343431
-56.130, -0.369088
-56.161, -0.393223
-56.191, -0.415347
-56.221, -0.434945
-56.252, -0.451489
-56.282, -0.464455
-56.313, -0.473350
-56.343, -0.477711
-56.373, -0.477145
-56.404, -0.471335
-56.434, -0.460057
-56.464, -0.443198
-56.495, -0.420757
-56.525, -0.392862
-56.555, -0.359777
-56.586, -0.321891
-56.616, -0.279721
-56.647, -0.233908
-56.677, -0.185200
-56.707, -0.134432
-56.738, -0.082523
-56.768, -0.030437
-56.798, 0.020825
-56.829, 0.070263
-56.859, 0.116892
-56.889, 0.159781
-56.920, 0.198068
-56.950, 0.230983
-56.980, 0.257881
-57.011, 0.278252
-57.041, 0.291734
-57.072, 0.298129
-57.102, 0.297412
-57.132, 0.289727
-57.163, 0.275383
-57.193, 0.254857
-57.223, 0.228769
-57.254, 0.197880
-57.284, 0.163053
-57.314, 0.125252
-57.345, 0.085497
-57.375, 0.044848
-57.406, 0.004369
-57.436, -0.034892
-57.466, -0.071939
-57.497, -0.105850
-57.527, -0.135807
-57.557, -0.161107
-57.588, -0.181184
-57.618, -0.195628
-57.648, -0.204189
-57.679, -0.206775
-57.709, -0.203466
-57.740, -0.194490
-57.770, -0.180231
-57.800, -0.161201
-57.831, -0.138031
-57.861, -0.111441
-57.891, -0.082229
-57.922, -0.051240
-57.952, -0.019332
-57.982, 0.012637
-58.013, 0.043835
-58.043, 0.073491
-58.074, 0.100902
-58.104, 0.125461
-58.134, 0.146667
-58.165, 0.164134
-58.195, 0.177606
-58.225, 0.186952
-58.256, 0.192163
-58.286, 0.193358
-58.316, 0.190762
-58.347, 0.184703
-58.377, 0.175585
-58.407, 0.163882
-58.438, 0.150121
-58.468, 0.134845
-58.499, 0.118610
-58.529, 0.101961
-58.559, 0.085414
-58.590, 0.069431
-58.620, 0.054425
-58.650, 0.040731
-58.681, 0.028612
-58.711, 0.018245
-58.741, 0.009728
-58.772, 0.003084
-58.802, -0.001754
-58.833, -0.004900
-58.863, -0.006529
-58.893, -0.006860
-58.924, -0.006130
-58.954, -0.004593
-58.984, -0.002501
-59.015, -0.000082
-59.045, 0.002468
-59.075, 0.004988
-59.106, 0.007376
-59.136, 0.009585
-59.167, 0.011009
-59.197, 0.012344
-59.227, 0.013726
-59.258, 0.015345
-59.288, 0.017429
-59.318, 0.020238
-59.349, 0.024050
-59.379, 0.029141
-59.409, 0.035780
-59.440, 0.044202
-59.470, 0.054585
-59.500, 0.067056
-59.531, 0.081658
-59.561, 0.098352
-59.592, 0.117004
-59.622, 0.137379
-59.652, 0.159143
-59.683, 0.181867
-59.713, 0.205031
-59.743, 0.228041
-59.774, 0.250239
-59.804, 0.270928
-59.834, 0.289380
-59.865, 0.304868
-59.895, 0.316697
-59.926, 0.324216
-59.956, 0.326842
-59.986, 0.324103
-60.017, 0.315630
-60.047, 0.301199
-60.077, 0.280736
-60.108, 0.254325
-60.138, 0.222222
-60.168, 0.184840
-60.199, 0.142765
-60.229, 0.096728
-60.260, 0.047601
-60.290, -0.003634
-60.320, -0.055901
-60.351, -0.108057
-60.381, -0.158931
-60.411, -0.207353
-60.442, -0.252186
-60.472, -0.292360
-60.502, -0.326906
-60.533, -0.354990
-60.563, -0.375932
-60.594, -0.389227
-60.624, -0.394578
-60.654, -0.391889
-60.685, -0.381284
-60.715, -0.363096
-60.745, -0.337876
-60.776, -0.306357
-60.806, -0.269457
-60.836, -0.228239
-60.867, -0.183883
-60.897, -0.137654
-60.927, -0.090877
-60.958, -0.044878
-60.988, -0.000953
-61.019, 0.039665
-61.049, 0.075849
-61.079, 0.106606
-61.110, 0.131125
-61.140, 0.148767
-61.170, 0.159127
-61.201, 0.162008
-61.231, 0.157459
-61.261, 0.145756
-61.292, 0.127387
-61.322, 0.103057
-61.353, 0.073658
-61.383, 0.040241
-61.413, 0.003982
-61.444, -0.033847
-61.474, -0.071925
-61.504, -0.108913
-61.535, -0.143502
-61.565, -0.174449
-61.595, -0.200614
-61.626, -0.220992
-61.656, -0.234751
-61.687, -0.241256
-61.717, -0.240068
-61.747, -0.230986
-61.778, -0.214034
-61.808, -0.189461
-61.838, -0.157731
-61.869, -0.119522
-61.899, -0.075691
-61.929, -0.027247
-61.960, 0.024665
-61.990, 0.078821
-62.021, 0.133931
-62.051, 0.188689
-62.081, 0.241810
-62.112, 0.292071
-62.142, 0.338320
-62.172, 0.379541
-62.203, 0.414861
-62.233, 0.443570
-62.263, 0.465138
-62.294, 0.479241
-62.324, 0.485741
-62.354, 0.484697
-62.385, 0.476346
-62.415, 0.461114
-62.446, 0.439568
-62.476, 0.412405
-62.506, 0.380437
-62.537, 0.344549
-62.567, 0.305672
-62.597, 0.264759
-62.628, 0.222753
-62.658, 0.180561
-62.688, 0.139025
-62.719, 0.098909
-62.749, 0.060881
-62.780, 0.025486
-62.810, -0.006837
-62.840, -0.035777
-62.871, -0.061152
-62.901, -0.082889
-62.931, -0.101018
-62.962, -0.115674
-62.992, -0.127061
-63.022, -0.135440
-63.053, -0.141121
-63.083, -0.144428
-63.114, -0.145698
-63.144, -0.145242
-63.174, -0.143347
-63.205, -0.140256
-63.235, -0.136165
-63.265, -0.131208
-63.296, -0.125458
-63.326, -0.118935
-63.356, -0.111603
-63.387, -0.103384
-63.417, -0.094165
-63.447, -0.083817
-63.478, -0.072211
-63.508, -0.059221
-63.539, -0.044763
-63.569, -0.028789
-63.599, -0.011323
-63.630, 0.007553
-63.660, 0.027669
-63.690, 0.048765
-63.721, 0.070499
-63.751, 0.092442
-63.781, 0.114084
-63.812, 0.134854
-63.842, 0.154117
-63.873, 0.171215
-63.903, 0.185473
-63.933, 0.196223
-63.964, 0.202842
-63.994, 0.204761
-64.024, 0.201500
-64.055, 0.192690
-64.085, 0.178089
-64.115, 0.157603
-64.146, 0.131306
-64.176, 0.099434
-64.207, 0.062393
-64.237, 0.020765
-64.267, -0.024706
-64.298, -0.073140
-64.328, -0.123522
-64.358, -0.174741
-64.389, -0.225608
-64.419, -0.274904
-64.449, -0.321406
-64.480, -0.363919
-64.510, -0.401323
-64.541, -0.432604
-64.571, -0.456895
-64.601, -0.473491
-64.632, -0.481895
-64.662, -0.481815
-64.692, -0.473198
-64.723, -0.456231
-64.753, -0.431335
-64.783, -0.399154
-64.814, -0.360565
-64.844, -0.316616
-64.874, -0.268535
-64.905, -0.217668
-64.935, -0.164774
-64.966, -0.112023
-64.996, -0.060909
-65.026, -0.012877
-65.057, 0.030704
-65.087, 0.068605
-65.117, 0.099761
-65.148, 0.123308
-65.178, 0.138612
-65.208, 0.145286
-65.239, 0.143217
-65.269, 0.132550
-65.300, 0.113700
-65.330, 0.087334
-65.360, 0.054355
-65.391, 0.015869
-65.421, -0.026846
-65.451, -0.072373
-65.482, -0.119220
-65.512, -0.165835
-65.542, -0.210693
-65.573, -0.252310
-65.603, -0.289305
-65.634, -0.320448
-65.664, -0.344691
-65.694, -0.361194
-65.725, -0.369369
-65.755, -0.368879
-65.785, -0.359665
-65.816, -0.341930
-65.846, -0.316149
-65.876, -0.283036
-65.907, -0.243527
-65.937, -0.198749
-65.968, -0.149985
-65.998, -0.098622
-66.028, -0.046123
-66.059, 0.006044
-66.089, 0.056432
-66.119, 0.103682
-66.150, 0.146537
-66.180, 0.183927
-66.210, 0.214952
-66.241, 0.238947
-66.271, 0.255487
-66.301, 0.264393
-66.332, 0.265750
-66.362, 0.259891
-66.393, 0.247377
-66.423, 0.228998
-66.453, 0.205711
-66.484, 0.178640
-66.514, 0.149003
-66.544, 0.118099
-66.575, 0.087229
-66.605, 0.057690
-66.635, 0.030688
-66.666, 0.007332
-66.696, -0.011425
-66.727, -0.024814
-66.757, -0.032276
-66.787, -0.033476
-66.818, -0.028326
-66.848, -0.016969
-66.878, 0.000204
-66.909, 0.022594
-66.939, 0.049385
-66.969, 0.079604
-67.000, 0.112129
-67.030, 0.145752
-67.061, 0.179190
-67.091, 0.211173
-67.121, 0.240436
-67.152, 0.265817
-67.182, 0.286248
-67.212, 0.300836
-67.243, 0.308853
-67.273, 0.309799
-67.303, 0.303392
-67.334, 0.289598
-67.364, 0.268616
-67.394, 0.240889
-67.425, 0.207078
-67.455, 0.168050
-67.486, 0.124836
-67.516, 0.078621
-67.546, 0.030681
-67.577, -0.017634
-67.607, -0.064972
-67.637, -0.109990
-67.668, -0.151419
-67.698, -0.188097
-67.728, -0.219000
-67.759, -0.243280
-67.789, -0.260290
-67.820, -0.269592
-67.850, -0.270985
-67.880, -0.264489
-67.911, -0.250362
-67.941, -0.229065
-67.971, -0.201266
-68.002, -0.167796
-68.032, -0.129641
-68.062, -0.087877
-68.093, -0.043671
-68.123, 0.001789
-68.154, 0.047322
-68.184, 0.091789
-68.214, 0.134124
-68.245, 0.173388
-68.275, 0.208767
-68.305, 0.239617
-68.336, 0.265468
-68.366, 0.286041
-68.396, 0.301243
-68.427, 0.311171
-68.457, 0.316093
-68.488, 0.316444
-68.518, 0.312784
-68.548, 0.305800
-68.579, 0.296246
-68.609, 0.284931
-68.639, 0.272683
-68.670, 0.260315
-68.700, 0.248582
-68.730, 0.238175
-68.761, 0.229675
-68.791, 0.223543
-68.821, 0.220094
-68.852, 0.219499
-68.882, 0.221768
-68.913, 0.226763
-68.943, 0.234193
-68.973, 0.243638
-69.004, 0.254557
-69.034, 0.266325
-69.064, 0.278232
-69.095, 0.289540
-69.125, 0.299497
-69.155, 0.307371
-69.186, 0.312473
-69.216, 0.314194
-69.247, 0.312019
-69.277, 0.305559
-69.307, 0.294553
-69.338, 0.278895
-69.368, 0.258621
-69.398, 0.233930
-69.429, 0.205161
-69.459, 0.172796
-69.489, 0.137432
-69.520, 0.099771
-69.550, 0.060590
-69.581, 0.020718
-69.611, -0.018988
-69.641, -0.057677
-69.672, -0.094532
-69.702, -0.128796
-69.732, -0.159793
-69.763, -0.186949
-69.793, -0.209818
-69.823, -0.228088
-69.854, -0.241586
-69.884, -0.250287
-69.914, -0.254315
-69.945, -0.253919
-69.975, -0.249486
-70.006, -0.241500
-70.036, -0.230545
-70.066, -0.217261
-70.097, -0.202333
-70.127, -0.186461
-70.157, -0.170339
-70.188, -0.154620
-70.218, -0.139903
-70.248, -0.126708
-70.279, -0.115461
-70.309, -0.106472
-70.340, -0.099942
-70.370, -0.095941
-70.400, -0.094422
-70.431, -0.095214
-70.461, -0.098049
-70.491, -0.102553
-70.522, -0.108275
-70.552, -0.114711
-70.582, -0.121317
-70.613, -0.127529
-70.643, -0.132805
-70.674, -0.136613
-70.704, -0.139479
-70.734, -0.140015
-70.765, -0.137917
-70.795, -0.132969
-70.825, -0.125075
-70.856, -0.114240
-70.886, -0.100594
-70.916, -0.084363
-70.947, -0.065881
-70.977, -0.045573
-71.008, -0.023937
-71.038, -0.001522
-71.068, 0.021087
-71.099, 0.043284
-71.129, 0.064475
-71.159, 0.084092
-71.190, 0.101618
-71.220, 0.116597
-71.250, 0.128658
-71.281, 0.137522
-71.311, 0.143014
-71.341, 0.145069
-71.372, 0.143721
-71.402, 0.139126
-71.433, 0.131519
-71.463, 0.121240
-71.493, 0.108692
-71.524, 0.094342
-71.554, 0.078698
-71.584, 0.062283
-71.615, 0.045624
-71.645, 0.029231
-71.675, 0.013573
-71.706, -0.000934
-71.736, -0.013943
-71.767, -0.025189
-71.797, -0.034495
-71.827, -0.041777
-71.858, -0.047055
-71.888, -0.050428
-71.918, -0.052095
-71.949, -0.052327
-71.979, -0.051460
-72.009, -0.049886
-72.040, -0.048021
-72.070, -0.046305
-72.101, -0.045174
-72.131, -0.045042
-72.161, -0.046287
-72.192, -0.049238
-72.222, -0.054150
-72.252, -0.061201
-72.283, -0.070494
-72.313, -0.082026
-72.343, -0.095721
-72.374, -0.111398
-72.404, -0.128809
-72.435, -0.147623
-72.465, -0.167448
-72.495, -0.187851
-72.526, -0.208359
-72.556, -0.228482
-72.586, -0.247742
-72.617, -0.265671
-72.647, -0.281835
-72.677, -0.295853
-72.708, -0.307405
-72.738, -0.316234
-72.768, -0.322171
-72.799, -0.325124
-72.829, -0.325088
-72.860, -0.322133
-72.890, -0.316402
-72.920, -0.308111
-72.951, -0.297539
-72.981, -0.284983
-73.011, -0.270796
-73.042, -0.255330
-73.072, -0.238949
-73.102, -0.221987
-73.133, -0.204762
-73.163, -0.187549
-73.194, -0.170570
-73.224, -0.154000
-73.254, -0.137941
-73.285, -0.122440
-73.315, -0.107491
-73.345, -0.093017
-73.376, -0.078908
-73.406, -0.065007
-73.436, -0.051138
-73.467, -0.037106
-73.497, -0.022719
-73.528, -0.007808
-73.558, 0.007767
-73.588, 0.024113
-73.619, 0.041271
-73.649, 0.059221
-73.679, 0.077880
-73.710, 0.097083
-73.740, 0.116601
-73.770, 0.136130
-73.801, 0.155306
-73.831, 0.173716
-73.861, 0.190912
-73.892, 0.206418
-73.922, 0.219753
-73.953, 0.230463
-73.983, 0.238116
-74.013, 0.242347
-74.044, 0.242850
-74.074, 0.239418
-74.104, 0.231951
-74.135, 0.220459
-74.165, 0.205070
-74.195, 0.186052
-74.226, 0.163787
-74.256, 0.138780
-74.287, 0.111641
-74.317, 0.083082
-74.347, 0.053884
-74.378, 0.024885
-74.408, -0.003054
-74.438, -0.029063
-74.469, -0.052301
-74.499, -0.071982
-74.529, -0.087402
-74.560, -0.097962
-74.590, -0.103196
-74.621, -0.102790
-74.651, -0.096590
-74.681, -0.084616
-74.712, -0.067077
-74.742, -0.044349
-74.772, -0.016985
-74.803, 0.014301
-74.833, 0.048657
-74.863, 0.085119
-74.894, 0.122617
-74.924, 0.160036
-74.955, 0.196230
-74.985, 0.230058
-75.015, 0.260432
-75.046, 0.286335
-75.076, 0.306873
-75.106, 0.321274
-75.137, 0.328951
-75.167, 0.329499
-75.197, 0.322719
-75.228, 0.308623
-75.258, 0.287431
-75.288, 0.259588
-75.319, 0.225729
-75.349, 0.186674
-75.380, 0.143406
-75.410, 0.097036
-75.440, 0.048778
-75.471, -0.000091
-75.501, -0.048273
-75.531, -0.094478
-75.562, -0.137466
-75.592, -0.176096
-75.622, -0.209338
-75.653, -0.236331
-75.683, -0.256381
-75.714, -0.268998
-75.744, -0.273913
-75.774, -0.271075
-75.805, -0.260655
-75.835, -0.243036
-75.865, -0.218825
-75.896, -0.188787
-75.926, -0.153858
-75.956, -0.115109
-75.987, -0.073698
-76.017, -0.030847
-76.048, 0.012199
-76.078, 0.054221
-76.108, 0.094032
-76.139, 0.130561
-76.169, 0.162840
-76.199, 0.190056
-76.230, 0.211563
-76.260, 0.226916
-76.290, 0.235853
-76.321, 0.238330
-76.351, 0.234496
-76.382, 0.224696
-76.412, 0.209462
-76.442, 0.189476
-76.473, 0.165554
-76.503, 0.139815
-76.533, 0.112066
-76.564, 0.083349
-76.594, 0.054709
-76.624, 0.027160
-76.655, 0.001666
-76.685, -0.020906
-76.715, -0.039802
-76.746, -0.054406
-76.776, -0.064257
-76.807, -0.069065
-76.837, -0.068706
-76.867, -0.063235
-76.898, -0.052877
-76.928, -0.038014
-76.958, -0.019169
-76.989, 0.003011
-77.019, 0.027773
-77.049, 0.054293
-77.080, 0.081700
-77.110, 0.109104
-77.141, 0.135617
-77.171, 0.160396
-77.201, 0.182647
-77.232, 0.201670
-77.262, 0.216857
-77.292, 0.227724
-77.323, 0.233907
-77.353, 0.235176
-77.383, 0.231447
-77.414, 0.222754
-77.444, 0.209266
-77.475, 0.191266
-77.505, 0.169130
-77.535, 0.143330
-77.566, 0.114404
-77.596, 0.082928
-77.626, 0.049513
-77.657, 0.014780
-77.687, -0.020668
-77.717, -0.056244
-77.748, -0.091412
-77.778, -0.125684
-77.808, -0.158633
-77.839, -0.189907
-77.869, -0.219217
-77.900, -0.246348
-77.930, -0.271146
-77.960, -0.293517
-77.991, -0.313429
-78.021, -0.330878
-78.051, -0.345901
-78.082, -0.358549
-78.112, -0.368885
-78.142, -0.376962
-78.173, -0.382829
-78.203, -0.386512
-78.234, -0.388011
-78.264, -0.387296
-78.294, -0.384311
-78.325, -0.378975
-78.355, -0.371184
-78.385, -0.360809
-78.416, -0.347728
-78.446, -0.331817
-78.476, -0.312971
-78.507, -0.291112
-78.537, -0.266209
-78.568, -0.238283
-78.598, -0.207418
-78.628, -0.173776
-78.659, -0.137604
-78.689, -0.099229
-78.719, -0.059070
-78.750, -0.017625
-78.780, 0.024516
-78.810, 0.066707
-78.841, 0.108229
-78.871, 0.148337
-78.902, 0.186242
-78.932, 0.221161
-78.962, 0.252320
-78.993, 0.278988
-79.023, 0.300492
-79.053, 0.316239
-79.084, 0.325735
-79.114, 0.328614
-79.144, 0.324629
-79.175, 0.313688
-79.205, 0.295856
-79.235, 0.271347
-79.266, 0.240528
-79.296, 0.203920
-79.327, 0.162185
-79.357, 0.116114
-79.387, 0.066594
-79.418, 0.014607
-79.448, -0.038805
-79.478, -0.092562
-79.509, -0.145581
-79.539, -0.196788
-79.569, -0.245172
-79.600, -0.289771
-79.630, -0.329742
-79.661, -0.364346
-79.691, -0.392984
-79.721, -0.415196
-79.752, -0.430703
-79.782, -0.439365
-79.812, -0.441211
-79.843, -0.436431
-79.873, -0.425371
-79.903, -0.408492
-79.934, -0.386394
-79.964, -0.359766
-79.995, -0.329373
-80.025, -0.296039
-80.055, -0.260605
-80.086, -0.223930
-80.116, -0.186839
-80.146, -0.150115
-80.177, -0.114500
-80.207, -0.080622
-80.237, -0.049039
-80.268, -0.020212
-80.298, 0.005534
-80.329, 0.027962
-80.359, 0.046949
-80.389, 0.062479
-80.420, 0.074633
-80.450, 0.083568
-80.480, 0.089505
-80.511, 0.092730
-80.541, 0.093550
-80.571, 0.092296
-80.602, 0.089298
-80.632, 0.084869
-80.662, 0.079287
-80.693, 0.072795
-80.723, 0.065576
-80.754, 0.057762
-80.784, 0.049417
-80.814, 0.040558
-80.845, 0.031125
-80.875, 0.021028
-80.905, 0.010124
-80.936, -0.001747
-80.966, -0.014756
-80.996, -0.029084
-81.027, -0.044881
-81.057, -0.062263
-81.088, -0.081298
-81.118, -0.101989
-81.148, -0.124258
-81.179, -0.147953
-81.209, -0.172816
-81.239, -0.198514
-81.270, -0.224615
-81.300, -0.250599
-81.330, -0.275878
-81.361, -0.299801
-81.391, -0.321671
-81.422, -0.340765
-81.452, -0.356357
-81.482, -0.367742
-81.513, -0.374259
-81.543, -0.375304
-81.573, -0.370377
-81.604, -0.359080
-81.634, -0.341156
-81.664, -0.316473
-81.695, -0.285075
-81.725, -0.247167
-81.755, -0.203112
-81.786, -0.153439
-81.816, -0.098838
-81.847, -0.040138
-81.877, 0.021699
-81.907, 0.085617
-81.938, 0.150477
-81.968, 0.215087
-81.998, 0.278236
-82.029, 0.338724
-82.059, 0.395400
-82.089, 0.447182
-82.120, 0.493098
-82.150, 0.532303
-82.181, 0.564117
-82.211, 0.588023
-82.241, 0.603715
-82.272, 0.611010
-82.302, 0.610061
-82.332, 0.601149
-82.363, 0.584762
-82.393, 0.561564
-82.423, 0.532387
-82.454, 0.498189
-82.484, 0.460043
-82.515, 0.419110
-82.545, 0.376588
-82.575, 0.333682
-82.606, 0.291587
-82.636, 0.251427
-82.666, 0.214230
-82.697, 0.180917
-82.727, 0.152259
-82.757, 0.128851
-82.788, 0.111102
-82.818, 0.099230
-82.849, 0.093249
-82.879, 0.092968
-82.909, 0.098009
-82.940, 0.107805
-82.970, 0.121637
-83.000, 0.138635
-83.031, 0.157827
-83.061, 0.178153
-83.091, 0.198513
-83.122, 0.217789
-83.152, 0.234889
-83.182, 0.248771
-83.213, 0.258496
-83.243, 0.263232
-83.274, 0.262301
-83.304, 0.255191
-83.334, 0.241577
-83.365, 0.221328
-83.395, 0.194521
-83.425, 0.161433
-83.456, 0.122538
-83.486, 0.078498
-83.516, 0.030139
-83.547, -0.021562
-83.577, -0.075513
-83.608, -0.130535
-83.638, -0.185387
-83.668, -0.238806
-83.699, -0.289540
-83.729, -0.336386
-83.759, -0.378214
-83.790, -0.414009
-83.820, -0.442889
-83.850, -0.464134
-83.881, -0.477202
-83.911, -0.481745
-83.942, -0.477619
-83.972, -0.464883
-84.002, -0.443801
-84.033, -0.414832
-84.063, -0.378619
-84.093, -0.335969
-84.124, -0.287833
-84.154, -0.235281
-84.184, -0.179474
-84.215, -0.121631
-84.245, -0.063005
-84.275, -0.004845
-84.306, 0.051632
-84.336, 0.105273
-84.367, 0.155007
-84.397, 0.199877
-84.427, 0.239068
-84.458, 0.271902
-84.488, 0.297872
-84.518, 0.316636
-84.549, 0.328035
-84.579, 0.332076
-84.609, 0.328936
-84.640, 0.318951
-84.670, 0.302604
-84.701, 0.280509
-84.731, 0.253390
-84.761, 0.222057
-84.792, 0.187396
-84.822, 0.150332
-84.852, 0.111812
-84.883, 0.072786
-84.913, 0.034175
-84.943, -0.003138
-84.974, -0.038331
-85.004, -0.070661
-85.035, -0.099477
-85.065, -0.124220
-85.095, -0.144449
-85.126, -0.159830
-85.156, -0.170140
-85.186, -0.175270
-85.217, -0.175222
-85.247, -0.170096
-85.277, -0.160093
-85.308, -0.145493
-85.338, -0.126655
-85.369, -0.104000
-85.399, -0.078003
-85.429, -0.049176
-85.460, -0.018064
-85.490, 0.014775
-85.520, 0.048769
-85.551, 0.083354
-85.581, 0.117970
-85.611, 0.152078
-85.642, 0.185159
-85.672, 0.216723
-85.702, 0.246309
-85.733, 0.273496
-85.763, 0.297892
-85.794, 0.319152
-85.824, 0.336960
-85.854, 0.351052
-85.885, 0.361198
-85.915, 0.367212
-85.945, 0.368953
-85.976, 0.366322
-86.006, 0.359265
-86.036, 0.347784
-86.067, 0.331916
-86.097, 0.311759
-86.128, 0.287461
-86.158, 0.259224
-86.188, 0.227303
-86.219, 0.192012
-86.249, 0.153716
-86.279, 0.112836
-86.310, 0.069846
-86.340, 0.025264
-86.370, -0.020347
-86.401, -0.066390
-86.431, -0.112238
-86.462, -0.157244
-86.492, -0.200761
-86.522, -0.242132
-86.553, -0.280733
-86.583, -0.315959
-86.613, -0.347252
-86.644, -0.374109
-86.674, -0.396101
-86.704, -0.412882
-86.735, -0.424197
-86.765, -0.429898
-86.796, -0.429945
-86.826, -0.424413
-86.856, -0.413497
-86.887, -0.397509
-86.917, -0.376876
-86.947, -0.352130
-86.978, -0.323904
-87.008, -0.292914
-87.038, -0.259941
-87.069, -0.225831
-87.099, -0.191449
-87.129, -0.157679
-87.160, -0.125392
-87.190, -0.095424
-87.221, -0.068561
-87.251, -0.045506
-87.281, -0.026866
-87.312, -0.013139
-87.342, -0.004683
-87.372, -0.001725
-87.403, -0.004334
-87.433, -0.012430
-87.463, -0.025777
-87.494, -0.043988
-87.524, -0.066535
-87.555, -0.092763
-87.585, -0.121903
-87.615, -0.153090
-87.646, -0.185399
-87.676, -0.217852
-87.706, -0.249459
-87.737, -0.279242
-87.767, -0.306258
-87.797, -0.329635
-87.828, -0.348592
-87.858, -0.362465
-87.889, -0.370724
-87.919, -0.373005
-87.949, -0.369098
-87.980, -0.358978
-88.010, -0.342791
-88.040, -0.320873
-88.071, -0.295446
-88.101, -0.265436
-88.131, -0.231641
-88.162, -0.194972
-88.192, -0.156446
-88.222, -0.117137
-88.253, -0.078158
-88.283, -0.040633
-88.314, -0.005645
-88.344, 0.025771
-88.374, 0.052677
-88.405, 0.074249
-88.435, 0.089810
-88.465, 0.098843
-88.496, 0.101023
-88.526, 0.096203
-88.556, 0.084446
-88.587, 0.066011
-88.617, 0.041354
-88.648, 0.011107
-88.678, -0.023926
-88.708, -0.062796
-88.739, -0.104432
-88.769, -0.147683
-88.799, -0.191326
-88.830, -0.234120
-88.860, -0.274838
-88.890, -0.312290
-88.921, -0.345368
-88.951, -0.373073
-88.982, -0.394543
-89.012, -0.409083
-89.042, -0.416167
-89.073, -0.415478
-89.103, -0.406898
-89.133, -0.390516
-89.164, -0.366630
-89.194, -0.335732
-89.224, -0.298498
-89.255, -0.255766
-89.285, -0.208511
-89.316, -0.157821
-89.346, -0.104868
-89.376, -0.050864
-89.407, 0.002961
-89.437, 0.055395
-89.467, 0.105291
-89.498, 0.151570
-89.528, 0.193280
-89.558, 0.229604
-89.589, 0.259881
-89.619, 0.283628
-89.649, 0.300544
-89.680, 0.310523
-89.710, 0.313644
-89.741, 0.310171
-89.771, 0.300539
-89.801, 0.285342
-89.832, 0.265306
-89.862, 0.241267
-89.892, 0.214147
-89.923, 0.184920
-89.953, 0.154588
-89.983, 0.124147
-90.014, 0.094556
-90.044, 0.066714
-90.075, 0.041431
-90.105, 0.019409
-90.135, 0.001221
-90.166, -0.012703
-90.196, -0.022083
-90.226, -0.026792
-90.257, -0.026864
-90.287, -0.022477
-90.317, -0.013949
-90.348, -0.001730
-90.378, 0.013624
-90.409, 0.031472
-90.439, 0.051098
-90.469, 0.071750
-90.500, 0.092657
-90.530, 0.113053
-90.560, 0.132206
-90.591, 0.149432
-90.621, 0.164123
-90.651, 0.175760
-90.682, 0.183926
-90.712, 0.188316
-90.743, 0.188745
-90.773, 0.185154
-90.803, 0.177593
-90.834, 0.166242
-90.864, 0.151375
-90.894, 0.133362
-90.925, 0.112658
-90.955, 0.089776
-90.985, 0.065272
-91.016, 0.039738
-91.046, 0.013764
-91.076, -0.012065
-91.107, -0.037194
-91.137, -0.061106
-91.168, -0.083345
-91.198, -0.103523
-91.228, -0.121329
-91.259, -0.136521
-91.289, -0.148955
-91.319, -0.158566
-91.350, -0.165356
-91.380, -0.169418
-91.410, -0.170894
-91.441, -0.169990
-91.471, -0.166951
-91.502, -0.162052
-91.532, -0.155585
-91.562, -0.147843
-91.593, -0.139119
-91.623, -0.129672
-91.653, -0.119742
-91.684, -0.109528
-91.714, -0.099184
-91.744, -0.088807
-91.775, -0.078448
-91.805, -0.068117
-91.836, -0.057754
-91.866, -0.047283
-91.896, -0.036562
-91.927, -0.025442
-91.957, -0.013744
-91.987, -0.001282
-92.018, 0.012129
-92.048, 0.026666
-92.078, 0.042471
-92.109, 0.059672
-92.139, 0.078350
-92.169, 0.098535
-92.200, 0.120210
-92.230, 0.143302
-92.261, 0.167681
-92.291, 0.193158
-92.321, 0.219498
-92.352, 0.246404
-92.382, 0.273548
-92.412, 0.300561
-92.443, 0.327047
-92.473, 0.352596
-92.503, 0.376787
-92.534, 0.399200
-92.564, 0.419440
-92.595, 0.437130
-92.625, 0.451934
-92.655, 0.463549
-92.686, 0.471732
-92.716, 0.476297
-92.746, 0.477118
-92.777, 0.474133
-92.807, 0.467351
-92.837, 0.456851
-92.868, 0.442765
-92.898, 0.425298
-92.929, 0.404712
-92.959, 0.381327
-92.989, 0.355496
-93.020, 0.327619
-93.050, 0.298138
-93.080, 0.267497
-93.111, 0.236181
-93.141, 0.204663
-93.171, 0.173426
-93.202, 0.142934
-93.232, 0.113646
-93.263, 0.085999
-93.293, 0.060396
-93.323, 0.037202
-93.354, 0.016756
-93.384, -0.000674
-93.414, -0.014835
-93.445, -0.025555
-93.475, -0.032698
-93.505, -0.036194
-93.536, -0.036035
-93.566, -0.032257
-93.596, -0.024985
-93.627, -0.014376
-93.657, -0.000663
-93.688, 0.015861
-93.718, 0.034865
-93.748, 0.055939
-93.779, 0.078650
-93.809, 0.102510
-93.839, 0.129749
-93.870, 0.157057
-93.900, 0.183875
-93.930, 0.209611
-93.961, 0.233683
-93.991, 0.255518
-94.022, 0.274576
-94.052, 0.290336
-94.082, 0.302331
-94.113, 0.310155
-94.143, 0.313469
-94.173, 0.312017
-94.204, 0.305634
-94.234, 0.294245
-94.264, 0.277900
-94.295, 0.256733
-94.325, 0.231005
-94.356, 0.201075
-94.386, 0.167416
-94.416, 0.130589
-94.447, 0.091254
-94.477, 0.050131
-94.507, 0.008015
-94.538, -0.034260
-94.568, -0.075837
-94.598, -0.115857
-94.629, -0.153471
-94.659, -0.187881
-94.690, -0.218337
-94.720, -0.244181
-94.750, -0.264847
-94.781, -0.279893
-94.811, -0.289002
-94.841, -0.292009
-94.872, -0.288894
-94.902, -0.279786
-94.932, -0.264975
-94.963, -0.244889
-94.993, -0.220110
-95.023, -0.191327
-95.054, -0.159344
-95.084, -0.125057
-95.115, -0.089415
-95.145, -0.053412
-95.175, -0.018041
-95.206, 0.015711
-95.236, 0.046918
-95.266, 0.074716
-95.297, 0.098352
-95.327, 0.117183
-95.357, 0.130721
-95.388, 0.138623
-95.418, 0.140726
-95.449, 0.137031
-95.479, 0.127726
-95.509, 0.113158
-95.540, 0.093842
-95.570, 0.070437
-95.600, 0.043727
-95.631, 0.014608
-95.661, -0.015955
-95.691, -0.046946
-95.722, -0.077330
-95.752, -0.106091
-95.783, -0.132246
-95.813, -0.154902
-95.843, -0.173263
-95.874, -0.186658
-95.904, -0.194567
-95.934, -0.196635
-95.965, -0.192683
-95.995, -0.182715
-96.025, -0.166910
-96.056, -0.145630
-96.086, -0.119402
-96.116, -0.088893
-96.147, -0.054905
-96.177, -0.018342
-96.208, 0.019820
-96.238, 0.058560
-96.268, 0.096850
-96.299, 0.133664
-96.329, 0.168047
-96.359, 0.199110
-96.390, 0.226077
-96.420, 0.248295
-96.450, 0.265260
-96.481, 0.276633
-96.511, 0.282233
-96.542, 0.282061
-96.572, 0.276278
-96.602, 0.265208
-96.633, 0.249325
-96.663, 0.229218
-96.693, 0.205592
-96.724, 0.179226
-96.754, 0.150952
-96.784, 0.121623
-96.815, 0.092089
-96.845, 0.063153
-96.876, 0.035570
-96.906, 0.009999
-96.936, -0.013012
-96.967, -0.033035
-96.997, -0.049777
-97.027, -0.063093
-97.058, -0.072983
-97.088, -0.079579
-97.118, -0.083155
-97.149, -0.084100
-97.179, -0.082900
-97.210, -0.080125
-97.240, -0.076388
-97.270, -0.072344
-97.301, -0.068638
-97.331, -0.065890
-97.361, -0.064672
-97.392, -0.065478
-97.422, -0.068709
-97.452, -0.074649
-97.483, -0.083463
-97.513, -0.095177
-97.543, -0.109688
-97.574, -0.126761
-97.604, -0.146032
-97.635, -0.167038
-97.665, -0.189210
-97.695, -0.211913
-97.726, -0.234469
-97.756, -0.256169
-97.786, -0.276314
-97.817, -0.294239
-97.847, -0.309333
-97.877, -0.321072
-97.908, -0.329038
-97.938, -0.332932
-97.969, -0.332589
-97.999, -0.327990
-98.029, -0.319265
-98.060, -0.306686
-98.090, -0.290658
-98.120, -0.271713
-98.151, -0.250489
-98.181, -0.227703
-98.211, -0.204130
-98.242, -0.180576
-98.272, -0.157844
-98.303, -0.136710
-98.333, -0.117888
-98.363, -0.102006
-98.394, -0.089580
-98.424, -0.080994
-98.454, -0.076486
-98.485, -0.076129
-98.515, -0.079836
-98.545, -0.087353
-98.576, -0.098271
-98.606, -0.112039
-98.636, -0.127972
-98.667, -0.145292
-98.697, -0.163139
-98.728, -0.180609
-98.758, -0.196790
-98.788, -0.210791
-98.819, -0.221775
-98.849, -0.228994
-98.879, -0.231822
-98.910, -0.229775
-98.940, -0.222541
-98.970, -0.209982
-99.001, -0.192160
-99.031, -0.169336
-99.062, -0.141958
-99.092, -0.110660
-99.122, -0.076245
-99.153, -0.039655
-99.183, -0.001949
-99.213, 0.035727
-99.244, 0.072189
-99.274, 0.106242
-99.304, 0.136719
-99.335, 0.162532
-99.365, 0.182695
-99.396, 0.196374
-99.426, 0.202900
-99.456, 0.201817
-99.487, 0.192876
-99.517, 0.176067
-99.547, 0.151614
-99.578, 0.119975
-99.608, 0.081836
-99.638, 0.036051
-99.669, -0.014276
-99.699, -0.067919
-99.730, -0.123541
-99.760, -0.179726
-99.790, -0.235026
-99.821, -0.287998
-99.851, -0.337262
-99.881, -0.381526
-99.912, -0.419640
-99.942, -0.450621
-99.972, -0.473690
-100.003, -0.488295
-100.033, -0.494121
-100.063, -0.491113
-100.094, -0.479461
-100.124, -0.459605
-100.155, -0.432219
-100.185, -0.398183
-100.215, -0.358560
-100.246, -0.314559
-100.276, -0.267500
-100.306, -0.218769
-100.337, -0.169772
-100.367, -0.121896
-100.397, -0.076463
-100.428, -0.034685
-100.458, 0.002370
-100.489, 0.033805
-100.519, 0.058937
-100.549, 0.077297
-100.580, 0.088658
-100.610, 0.093032
-100.640, 0.090673
-100.671, 0.082056
-100.701, 0.067874
-100.731, 0.048997
-100.762, 0.026455
-100.792, 0.001395
-100.823, -0.024959
-100.853, -0.051340
-100.883, -0.076491
-100.914, -0.099196
-100.944, -0.118327
-100.974, -0.132881
-101.005, -0.142008
-101.035, -0.145045
-101.065, -0.141535
-101.096, -0.131236
-101.126, -0.114134
-101.157, -0.090451
-101.187, -0.060612
-101.217, -0.025254
-101.248, 0.014797
-101.278, 0.058565
-101.308, 0.104948
-101.339, 0.152756
-101.369, 0.200743
-101.399, 0.247657
-101.430, 0.292271
-101.460, 0.333424
-101.490, 0.370059
-101.521, 0.401248
-101.551, 0.426229
-101.582, 0.444423
-101.612, 0.455451
-101.642, 0.459142
-101.673, 0.455538
-101.703, 0.444890
-101.733, 0.427647
-101.764, 0.404443
-101.794, 0.376065
-101.824, 0.343438
-101.855, 0.307590
-101.885, 0.269620
-101.916, 0.230653
-101.946, 0.191827
-101.976, 0.154236
-102.007, 0.118908
-102.037, 0.086775
-102.067, 0.058643
-102.098, 0.035175
-102.128, 0.016862
-102.158, 0.004034
-102.189, -0.003172
-102.219, -0.004790
-102.250, -0.001035
-102.280, 0.007720
-102.310, 0.020953
-102.341, 0.038015
-102.371, 0.058157
-102.401, 0.080550
-102.432, 0.104322
-102.462, 0.128580
-102.492, 0.152445
-102.523, 0.175070
-102.553, 0.195682
-102.583, 0.213589
-102.614, 0.228210
-102.644, 0.239086
-102.675, 0.245894
-102.705, 0.248455
-102.735, 0.246733
-102.766, 0.240831
-102.796, 0.230992
-102.826, 0.217580
-102.857, 0.201067
-102.887, 0.182014
-102.917, 0.161058
-102.948, 0.138878
-102.978, 0.116185
-103.009, 0.093685
-103.039, 0.072069
-103.069, 0.051985
-103.100, 0.034015
-103.130, 0.018666
-103.160, 0.006351
-103.191, -0.002618
-103.221, -0.008049
-103.251, -0.009859
-103.282, -0.008082
-103.312, -0.002861
-103.343, 0.005544
-103.373, 0.016792
-103.403, 0.030442
-103.434, 0.046003
-103.464, 0.062910
-103.494, 0.080579
-103.525, 0.098393
-103.555, 0.115747
-103.585, 0.132049
-103.616, 0.146732
-103.646, 0.159287
-103.677, 0.169261
-103.707, 0.176275
-103.737, 0.180027
-103.768, 0.180303
-103.798, 0.176984
-103.828, 0.170035
-103.859, 0.159517
-103.889, 0.145572
-103.919, 0.128429
-103.950, 0.108388
-103.980, 0.085810
-104.010, 0.061113
-104.041, 0.034756
-104.071, 0.007232
-104.102, -0.020950
-104.132, -0.049279
-104.162, -0.077237
-104.193, -0.104335
-104.223, -0.130111
-104.253, -0.154127
-104.284, -0.176004
-104.314, -0.195409
-104.344, -0.212061
-104.375, -0.225757
-104.405, -0.236342
-104.436, -0.243740
-104.466, -0.247942
-104.496, -0.248998
-104.527, -0.247028
-104.557, -0.242214
-104.587, -0.234792
-104.618, -0.225053
-104.648, -0.213333
-104.678, -0.200009
-104.709, -0.185481
-104.739, -0.170184
-104.770, -0.154564
-104.800, -0.139071
-104.830, -0.124151
-104.861, -0.110250
-104.891, -0.097775
-104.921, -0.087119
-104.952, -0.078634
-104.982, -0.072616
-105.012, -0.069321
-105.043, -0.068938
-105.073, -0.071594
-105.104, -0.077341
-105.134, -0.086164
-105.164, -0.097968
-105.195, -0.112584
-105.225, -0.129776
-105.255, -0.149221
-105.286, -0.170555
-105.316, -0.193321
-105.346, -0.217036
-105.377, -0.241165
-105.407, -0.264841
-105.437, -0.287768
-105.468, -0.309364
-105.498, -0.329027
-105.529, -0.346188
-105.559, -0.360315
-105.589, -0.370904
-105.620, -0.377530
-105.650, -0.379821
-105.680, -0.377496
-105.711, -0.370359
-105.741, -0.358313
-105.771, -0.341359
-105.802, -0.319602
-105.832, -0.293244
-105.863, -0.262589
-105.893, -0.228043
-105.923, -0.190090
-105.954, -0.149285
-105.984, -0.106262
-106.014, -0.061699
-106.045, -0.016307
-106.075, 0.029176
-106.105, 0.074018
-106.136, 0.117492
-106.166, 0.158901
-106.197, 0.197610
-106.227, 0.233020
-106.257, 0.264618
-106.288, 0.291983
-106.318, 0.314773
-106.348, 0.332755
-106.379, 0.345792
-106.409, 0.353867
-106.439, 0.357052
-106.470, 0.355520
-106.500, 0.349554
-106.530, 0.339491
-106.561, 0.325767
-106.591, 0.308866
-106.622, 0.289322
-106.652, 0.267703
-106.682, 0.244590
-106.713, 0.220568
-106.743, 0.196203
-106.773, 0.172051
-106.804, 0.148607
-106.834, 0.126338
-106.864, 0.105623
-106.895, 0.086810
-106.925, 0.070141
-106.956, 0.055808
-106.986, 0.043916
-107.016, 0.034494
-107.047, 0.027508
-107.077, 0.022854
-107.107, 0.020370
-107.138, 0.019849
-107.168, 0.021034
-107.198, 0.023649
-107.229, 0.027387
-107.259, 0.031939
-107.290, 0.036989
-107.320, 0.042233
-107.350, 0.047383
-107.381, 0.052185
-107.411, 0.056399
-107.441, 0.059840
-107.472, 0.062350
-107.502, 0.063820
-107.532, 0.064179
-107.563, 0.063399
-107.593, 0.061494
-107.624, 0.058514
-107.654, 0.054541
-107.684, 0.049697
-107.715, 0.044110
-107.745, 0.037940
-107.775, 0.031366
-107.806, 0.024563
-107.836, 0.017715
-107.866, 0.011010
-107.897, 0.004633
-107.927, -0.001246
-107.957, -0.006464
-107.988, -0.010866
-108.018, -0.014322
-108.049, -0.016707
-108.079, -0.017921
-108.109, -0.017884
-108.140, -0.016523
-108.170, -0.013792
-108.200, -0.009665
-108.231, -0.004128
-108.261, 0.002811
-108.291, 0.011134
-108.322, 0.020787
-108.352, 0.031713
-108.383, 0.043830
-108.413, 0.057042
-108.443, 0.071229
-108.474, 0.086258
-108.504, 0.101977
-108.534, 0.118209
-108.565, 0.134778
-108.595, 0.151483
-108.625, 0.168117
-108.656, 0.184463
-108.686, 0.200304
-108.717, 0.215415
-108.747, 0.229590
-108.777, 0.242622
-108.808, 0.254319
-108.838, 0.264517
-108.868, 0.273074
-108.899, 0.279886
-108.929, 0.284875
-108.959, 0.288009
-108.990, 0.289299
-109.020, 0.288802
-109.051, 0.286612
-109.081, 0.282883
-109.111, 0.277797
-109.142, 0.271582
-109.172, 0.264498
-109.202, 0.256834
-109.233, 0.248887
-109.263, 0.240983
-109.293, 0.233426
-109.324, 0.226525
-109.354, 0.220560
-109.384, 0.215781
-109.415, 0.212400
-109.445, 0.210567
-109.476, 0.210385
-109.506, 0.211886
-109.536, 0.215035
-109.567, 0.219720
-109.597, 0.225769
-109.627, 0.232930
-109.658, 0.240895
-109.688, 0.249297
-109.718, 0.257722
-109.749, 0.265730
-109.779, 0.272855
-109.810, 0.278625
-109.840, 0.282580
-109.870, 0.284297
-109.901, 0.283379
-109.931, 0.279508
-109.961, 0.272427
-109.992, 0.261971
-110.022, 0.248065
-110.052, 0.230746
-110.083, 0.210153
-110.113, 0.186540
-110.144, 0.160265
-110.174, 0.131790
-110.204, 0.101660
-110.235, 0.070512
-110.265, 0.039034
-110.295, 0.007969
-110.326, -0.021922
-110.356, -0.049873
-110.386, -0.075134
-110.417, -0.097003
-110.447, -0.114840
-110.477, -0.128085
-110.508, -0.136295
-110.538, -0.139128
-110.569, -0.136390
-110.599, -0.128021
-110.629, -0.114109
-110.660, -0.094881
-110.690, -0.070721
-110.720, -0.042137
-110.751, -0.009756
-110.781, 0.025683
-110.811, 0.063352
-110.842, 0.102379
-110.872, 0.141833
-110.903, 0.180783
-110.933, 0.218314
-110.963, 0.253551
-110.994, 0.285684
-111.024, 0.314002
-111.054, 0.337897
-111.085, 0.356901
-111.115, 0.370681
-111.145, 0.379065
-111.176, 0.382252
-111.206, 0.380163
-111.237, 0.373080
-111.267, 0.361441
-111.297, 0.345797
-111.328, 0.326819
-111.358, 0.305257
-111.388, 0.281926
-111.419, 0.257669
-111.449, 0.233346
-111.479, 0.209791
-111.510, 0.187783
-111.540, 0.168037
-111.571, 0.151168
-111.601, 0.137666
-111.631, 0.127898
-111.662, 0.122072
-111.692, 0.120257
-111.722, 0.122355
-111.753, 0.128116
-111.783, 0.137148
-111.813, 0.148931
-111.844, 0.162809
-111.874, 0.178048
-111.904, 0.193832
-111.935, 0.209294
-111.965, 0.223551
-111.996, 0.235728
-112.026, 0.244971
-112.056, 0.250502
-112.087, 0.251616
-112.117, 0.247718
-112.147, 0.238338
-112.178, 0.223143
-112.208, 0.201946
-112.238, 0.174722
-112.269, 0.141592
-112.299, 0.102844
-112.330, 0.058890
-112.360, 0.010292
-112.390, -0.042279
-112.421, -0.098054
-112.451, -0.156185
-112.481, -0.215776
-112.512, -0.275887
-112.542, -0.335587
-112.572, -0.393952
-112.603, -0.450104
-112.633, -0.503226
-112.664, -0.552570
-112.694, -0.597495
-112.724, -0.637456
-112.755, -0.672021
-112.785, -0.700886
-112.815, -0.723869
-112.846, -0.740892
-112.876, -0.752002
-112.906, -0.757351
-112.937, -0.757187
-112.967, -0.751834
-112.997, -0.741697
-113.028, -0.727224
-113.058, -0.708912
-113.089, -0.687278
-113.119, -0.662852
-113.149, -0.636162
-113.180, -0.607720
-113.210, -0.578022
-113.240, -0.547526
-113.271, -0.516652
-113.301, -0.485789
-113.331, -0.455270
-113.362, -0.425397
-113.392, -0.396422
-113.423, -0.368562
-113.453, -0.341997
-113.483, -0.316879
-113.514, -0.293327
-113.544, -0.271443
-113.574, -0.251308
-113.605, -0.232990
-113.635, -0.216538
-113.665, -0.202001
-113.696, -0.189416
-113.726, -0.178796
-113.757, -0.170157
-113.787, -0.163501
-113.817, -0.158799
-113.848, -0.156019
-113.878, -0.155093
-113.908, -0.155936
-113.939, -0.158427
-113.969, -0.162418
-113.999, -0.167729
-114.030, -0.174151
-114.060, -0.181438
-114.091, -0.189328
-114.121, -0.197530
-114.151, -0.205744
-114.182, -0.213660
-114.212, -0.220970
-114.242, -0.227377
-114.273, -0.232609
-114.303, -0.236421
-114.333, -0.238614
-114.364, -0.239038
-114.394, -0.237602
-114.424, -0.234277
-114.455, -0.229111
-114.485, -0.222213
-114.516, -0.213774
-114.546, -0.204046
-114.576, -0.193345
-114.607, -0.182041
-114.637, -0.170545
-114.667, -0.159302
-114.698, -0.148762
-114.728, -0.139382
-114.758, -0.131600
-114.789, -0.125817
-114.819, -0.122373
-114.850, -0.121551
-114.880, -0.123547
-114.910, -0.128460
-114.941, -0.136289
-114.971, -0.146920
-115.001, -0.160135
-115.032, -0.175601
-115.062, -0.192883
-115.092, -0.211451
-115.123, -0.230701
-115.153, -0.249955
-115.184, -0.268501
-115.214, -0.285598
-115.244, -0.300509
-115.275, -0.312519
-115.305, -0.320970
-115.335, -0.325268
-115.366, -0.324922
-115.396, -0.319551
-115.426, -0.308902
-115.457, -0.292865
-115.487, -0.271486
-115.518, -0.244953
-115.548, -0.213617
-115.578, -0.177963
-115.609, -0.138616
-115.639, -0.096308
-115.669, -0.051872
-115.700, -0.006208
-115.730, 0.039734
-115.760, 0.084993
-115.791, 0.128623
-115.821, 0.169719
-115.851, 0.207447
-115.882, 0.241074
-115.912, 0.269986
-115.943, 0.293710
-115.973, 0.311926
-116.003, 0.324482
-116.034, 0.331387
-116.064, 0.332825
-116.094, 0.329133
-116.125, 0.320795
-116.155, 0.308422
-116.185, 0.292731
-116.216, 0.274513
-116.246, 0.254614
-116.277, 0.233894
-116.307, 0.213194
-116.337, 0.193319
-116.368, 0.174992
-116.398, 0.158835
-116.428, 0.145343
-116.459, 0.134868
-116.489, 0.127601
-116.519, 0.123566
-116.550, 0.122621
-116.580, 0.124460
-116.611, 0.128619
-116.641, 0.134510
-116.671, 0.141425
-116.702, 0.148564
-116.732, 0.155080
-116.762, 0.160101
-116.793, 0.162769
-116.823, 0.162268
-116.853, 0.157871
-116.884, 0.148960
-116.914, 0.135057
-116.944, 0.115854
-116.975, 0.090736
-117.005, 0.060258
-117.036, 0.024695
-117.066, -0.015483
-117.096, -0.059614
-117.127, -0.106863
-117.157, -0.156236
-117.187, -0.206617
-117.218, -0.256797
-117.248, -0.305510
-117.278, -0.351473
-117.309, -0.393423
-117.339, -0.430168
-117.370, -0.460614
-117.400, -0.483807
-117.430, -0.498967
-117.461, -0.505506
-117.491, -0.503064
-117.521, -0.491514
-117.552, -0.470961
-117.582, -0.441763
-117.612, -0.404498
-117.643, -0.359964
-117.673, -0.309150
-117.704, -0.253209
-117.734, -0.193422
-117.764, -0.131159
-117.795, -0.067839
-117.825, -0.004891
-117.855, 0.056298
-117.886, 0.114413
-117.916, 0.168261
-117.946, 0.216796
-117.977, 0.259147
-118.007, 0.294651
-118.038, 0.322860
-118.068, 0.343553
-118.098, 0.356733
-118.129, 0.362628
-118.159, 0.361667
-118.189, 0.354470
-118.220, 0.341813
-118.250, 0.324596
-118.280, 0.303818
-118.311, 0.280528
-118.341, 0.255790
-118.371, 0.230649
-118.402, 0.206089
-118.432, 0.182996
-118.463, 0.162140
-118.493, 0.144145
-118.523, 0.129460
-118.554, 0.118368
-118.584, 0.110966
-118.614, 0.107170
-118.645, 0.106734
-118.675, 0.109251
-118.705, 0.114188
-118.736, 0.120905
-118.766, 0.128685
-118.797, 0.136776
-118.827, 0.144416
-118.857, 0.150873
-118.888, 0.155471
-118.918, 0.157631
-118.948, 0.156889
-118.979, 0.152924
-119.009, 0.145565
-119.039, 0.134817
-119.070, 0.120840
-119.100, 0.103969
-119.131, 0.084685
-119.161, 0.063612
-119.191, 0.041478
-119.222, 0.019100
-119.252, -0.002648
-119.282, -0.022884
-119.313, -0.040735
-119.343, -0.055384
-119.373, -0.066104
-119.404, -0.072288
-119.434, -0.073475
-119.465, -0.069379
-119.495, -0.059896
-119.525, -0.045121
-119.556, -0.025354
-119.586, -0.001078
-119.616, 0.027024
-119.647, 0.058112
-119.677, 0.091210
-119.707, 0.125229
-119.738, 0.159007
-119.768, 0.191348
-119.798, 0.221063
-119.829, 0.247008
-119.859, 0.268130
-119.890, 0.283496
-119.920, 0.292328
-119.950, 0.294051
-119.981, 0.288284
-120.011, 0.274880
-120.041, 0.253927
-120.072, 0.225743
-120.102, 0.190883
-120.132, 0.150102
-120.163, 0.104352
-120.193, 0.054745
-120.224, 0.002519
-120.254, -0.051001
-120.284, -0.104445
-120.315, -0.156443
-120.345, -0.205662
-120.375, -0.250861
-120.406, -0.290914
-120.436, -0.324858
-120.466, -0.351919
-120.497, -0.371533
-120.527, -0.383367
-120.558, -0.387315
-120.588, -0.383518
-120.618, -0.372341
-120.649, -0.354362
-120.679, -0.330348
-120.709, -0.301238
-120.740, -0.268088
-120.770, -0.232052
-120.800, -0.194334
-120.831, -0.156146
-120.861, -0.118668
-120.891, -0.083016
-120.922, -0.050190
-120.952, -0.021054
-120.983, 0.003693
-121.013, 0.023539
-121.043, 0.038167
-121.074, 0.047475
-121.104, 0.051548
-121.134, 0.050676
-121.165, 0.045322
-121.195, 0.036113
-121.225, 0.023789
-121.256, 0.009203
-121.286, -0.006742
-121.317, -0.023110
-121.347, -0.038980
-121.377, -0.053475
-121.408, -0.065802
-121.438, -0.075272
-121.468, -0.081335
-121.499, -0.083589
-121.529, -0.081803
-121.559, -0.075917
-121.590, -0.066045
-121.620, -0.052467
-121.651, -0.035613
-121.681, -0.016045
-121.711, 0.005564
-121.742, 0.028460
-121.772, 0.051848
-121.802, 0.074905
-121.833, 0.096835
-121.863, 0.116883
-121.893, 0.134384
-121.924, 0.148765
-121.954, 0.159593
-121.985, 0.166572
-122.015, 0.169566
-122.045, 0.168602
-122.076, 0.163858
-122.106, 0.155668
-122.136, 0.144503
-122.167, 0.130952
-122.197, 0.115694
-122.227, 0.099474
-122.258, 0.083069
-122.288, 0.067269
-122.318, 0.052817
-122.349, 0.040407
-122.379, 0.030641
-122.410, 0.024005
-122.440, 0.020848
-122.470, 0.021368
-122.501, 0.025611
-122.531, 0.033445
-122.561, 0.044586
-122.592, 0.058600
-122.622, 0.074918
-122.652, 0.092851
-122.683, 0.111628
-122.713, 0.130415
-122.744, 0.147872
-122.774, 0.163632
-122.804, 0.176882
-122.835, 0.186882
-122.865, 0.192992
-122.895, 0.194701
-122.926, 0.191647
-122.956, 0.183631
-122.986, 0.170627
-123.017, 0.152788
-123.047, 0.130444
-123.078, 0.104073
-123.108, 0.074322
-123.138, 0.041951
-123.169, 0.007817
-123.199, -0.027154
-123.229, -0.061989
-123.260, -0.095728
-123.290, -0.127442
-123.320, -0.156261
-123.351, -0.181419
-123.381, -0.202275
-123.412, -0.218328
-123.442, -0.229248
-123.472, -0.234873
-123.503, -0.235217
-123.533, -0.230472
-123.563, -0.220995
-123.594, -0.207288
-123.624, -0.189981
-123.654, -0.169805
-123.685, -0.147564
-123.715, -0.124087
-123.745, -0.100226
-123.776, -0.076788
-123.806, -0.054517
-123.837, -0.034073
-123.867, -0.015989
-123.897, -0.000662
-123.928, 0.011667
-123.958, 0.020921
-123.988, 0.027190
-124.019, 0.030717
-124.049, 0.031893
-124.079, 0.031242
-124.110, 0.029390
-124.140, 0.027032
-124.171, 0.024911
-124.201, 0.023774
-124.231, 0.024334
-124.262, 0.027238
-124.292, 0.033038
-124.322, 0.042147
-124.353, 0.054830
-124.383, 0.071165
-124.413, 0.091050
-124.444, 0.114186
-124.474, 0.140073
-124.505, 0.168039
-124.535, 0.197247
-124.565, 0.226713
-124.596, 0.255353
-124.626, 0.282013
-124.656, 0.305509
-124.687, 0.324685
-124.717, 0.338434
-124.747, 0.345770
-124.778, 0.345850
-124.808, 0.338024
-124.838, 0.321868
-124.869, 0.297207
-124.899, 0.264129
-124.930, 0.223011
-124.960, 0.174499
-124.990, 0.119509
-125.021, 0.059205
-125.051, -0.005029
-125.081, -0.071621
-125.112, -0.138874
-125.142, -0.204993
-125.172, -0.268158
-125.203, -0.326566
-125.233, -0.378511
-125.264, -0.422416
-125.294, -0.456902
-125.324, -0.480829
-125.355, -0.493354
-125.385, -0.493927
-125.415, -0.482355
-125.446, -0.458781
-125.476, -0.423717
-125.506, -0.378001
-125.537, -0.322798
-125.567, -0.259557
-125.598, -0.189975
-125.628, -0.115938
-125.658, -0.039472
-125.689, 0.037325
-125.719, 0.112341
-125.749, 0.183528
-125.780, 0.248956
-125.810, 0.306882
-125.840, 0.355795
-125.871, 0.394474
-125.901, 0.422025
-125.932, 0.437909
-125.962, 0.441951
-125.992, 0.434354
-126.023, 0.415689
-126.053, 0.386872
-126.083, 0.349137
-126.114, 0.303995
-126.144, 0.253176
-126.174, 0.198579
-126.205, 0.142201
-126.235, 0.086079
-126.265, 0.032213
-126.296, -0.017494
-126.326, -0.061304
-126.357, -0.097695
-126.387, -0.125421
-126.417, -0.143547
-126.448, -0.151481
-126.478, -0.148988
-126.508, -0.136203
-126.539, -0.113633
-126.569, -0.082116
-126.599, -0.042814
-126.630, 0.002840
-126.660, 0.053183
-126.691, 0.106377
-126.721, 0.160484
-126.751, 0.213514
-126.782, 0.263509
-126.812, 0.308591
-126.842, 0.347036
-126.873, 0.377326
-126.903, 0.398202
-126.933, 0.408699
-126.964, 0.408180
-126.994, 0.396361
-127.025, 0.373308
-127.055, 0.339440
-127.085, 0.295516
-127.116, 0.242601
-127.146, 0.182036
-127.176, 0.115384
-127.207, 0.044391
-127.237, -0.029082
-127.267, -0.103114
-127.298, -0.175787
-127.328, -0.245251
-127.358, -0.309773
-127.389, -0.367792
-127.419, -0.417978
-127.450, -0.459245
-127.480, -0.490803
-127.510, -0.512164
-127.541, -0.523154
-127.571, -0.523905
-127.601, -0.514851
-127.632, -0.496699
-127.662, -0.470398
-127.692, -0.437104
-127.723, -0.398128
-127.753, -0.354891
-127.784, -0.308880
-127.814, -0.261578
-127.844, -0.214432
-127.875, -0.168793
-127.905, -0.125884
-127.935, -0.086747
-127.966, -0.052233
-127.996, -0.022968
-128.026, 0.000655
-128.057, 0.018485
-128.087, 0.030590
-128.118, 0.037265
-128.148, 0.038996
-128.178, 0.036431
-128.209, 0.030353
-128.239, 0.021642
-128.269, 0.011215
-128.300, 0.000016
-128.330, -0.011056
-128.360, -0.021160
-128.391, -0.029570
-128.421, -0.035688
-128.452, -0.039070
-128.482, -0.039455
-128.512, -0.036756
-128.543, -0.030156
-128.573, -0.020843
-128.603, -0.009255
-128.634, 0.004038
-128.664, 0.018346
-128.694, 0.032902
-128.725, 0.046895
-128.755, 0.059501
-128.785, 0.069930
-128.816, 0.077455
-128.846, 0.081448
-128.877, 0.081412
-128.907, 0.076998
-128.937, 0.068036
-128.968, 0.054534
-128.998, 0.036689
-129.028, 0.014880
-129.059, -0.010334
-129.089, -0.038249
-129.119, -0.068028
-129.150, -0.098730
-129.180, -0.129357
-129.211, -0.158870
-129.241, -0.186255
-129.271, -0.210539
-129.302, -0.230839
-129.332, -0.246390
-129.362, -0.256589
-129.393, -0.261000
-129.423, -0.259383
-129.453, -0.251709
-129.484, -0.238159
-129.514, -0.219113
-129.545, -0.195146
-129.575, -0.167007
-129.605, -0.135594
-129.636, -0.101914
-129.666, -0.067054
-129.696, -0.032135
-129.727, 0.001718
-129.757, 0.033435
-129.787, 0.062027
-129.818, 0.086633
-129.848, 0.106541
-129.879, 0.121231
-129.909, 0.130381
-129.939, 0.133892
-129.970, 0.131885
-130.000, 0.124699
-130.030, 0.112881
-130.061, 0.097171
-130.091, 0.078457
-130.121, 0.057766
-130.152, 0.036209
-130.182, 0.014946
-130.212, -0.004865
-130.243, -0.022102
-130.273, -0.035731
-130.304, -0.044847
-130.334, -0.048710
-130.364, -0.046770
-130.395, -0.038702
-130.425, -0.024417
-130.455, -0.004067
-130.486, 0.021954
-130.516, 0.053012
-130.546, 0.088266
-130.577, 0.126677
-130.607, 0.167057
-130.638, 0.208104
-130.668, 0.248441
-130.698, 0.286673
-130.729, 0.321430
-130.759, 0.351413
-130.789, 0.375451
-130.820, 0.392532
-130.850, 0.401847
-130.880, 0.402829
-130.911, 0.395158
-130.941, 0.378790
-130.972, 0.353963
-131.002, 0.321181
-131.032, 0.281213
-131.063, 0.235060
-131.093, 0.183934
-131.123, 0.129210
-131.154, 0.072393
-131.184, 0.015055
-131.214, -0.041204
-131.245, -0.094815
-131.275, -0.144288
-131.305, -0.188273
-131.336, -0.225590
-131.366, -0.255277
-131.397, -0.276620
-131.427, -0.289183
-131.457, -0.292813
-131.488, -0.287653
-131.518, -0.274135
-131.548, -0.252967
-131.579, -0.225110
-131.609, -0.191743
-131.639, -0.154226
-131.670, -0.114053
-131.700, -0.072805
-131.731, -0.032099
-131.761, 0.006480
-131.791, 0.041407
-131.822, 0.071290
-131.852, 0.094908
-131.882, 0.111249
-131.913, 0.119550
-131.943, 0.119319
-131.973, 0.110343
-132.004, 0.092718
-132.034, 0.066818
-132.065, 0.033306
-132.095, -0.006906
-132.125, -0.052665
-132.156, -0.102639
-132.186, -0.155337
-132.216, -0.209177
-132.247, -0.262513
-132.277, -0.313716
-132.307, -0.361196
-132.338, -0.403470
-132.368, -0.439205
-132.399, -0.467251
-132.429, -0.486682
-132.459, -0.496820
-132.490, -0.497253
-132.520, -0.487849
-132.550, -0.468752
-132.581, -0.440377
-132.611, -0.403393
-132.641, -0.358702
-132.672, -0.307400
-132.702, -0.250759
-132.732, -0.190164
-132.763, -0.127088
-132.793, -0.063036
-132.824, 0.000490
-132.854, 0.062047
-132.884, 0.120276
-132.915, 0.173956
-132.945, 0.222020
-132.975, 0.263589
-133.006, 0.297985
-133.036, 0.324749
-133.066, 0.343642
-133.097, 0.354644
-133.127, 0.357938
-133.158, 0.353905
-133.188, 0.343101
-133.218, 0.326226
-133.249, 0.304094
-133.279, 0.277613
-133.309, 0.247742
-133.340, 0.215467
-133.370, 0.181761
-133.400, 0.147565
-133.431, 0.113753
-133.461, 0.081116
-133.492, 0.050345
-133.522, 0.022008
-133.552, -0.003439
-133.583, -0.025668
-133.613, -0.044478
-133.643, -0.059781
-133.674, -0.071596
-133.704, -0.080029
-133.734, -0.085263
-133.765, -0.087539
-133.795, -0.087136
-133.826, -0.084348
-133.856, -0.079472
-133.886, -0.072788
-133.917, -0.064548
-133.947, -0.054958
-133.977, -0.044188
-134.008, -0.032337
-134.038, -0.019465
-134.068, -0.005574
-134.099, 0.009376
-134.129, 0.025459
-134.159, 0.042775
-134.190, 0.061437
-134.220, 0.081546
-134.251, 0.103189
-134.281, 0.126420
-134.311, 0.149982
-134.342, 0.175079
-134.372, 0.201590
-134.402, 0.229319
-134.433, 0.257984
-134.463, 0.287231
-134.493, 0.316629
-134.524, 0.345678
-134.554, 0.373824
-134.585, 0.400465
-134.615, 0.424976
-134.645, 0.446720
-134.676, 0.465075
-134.706, 0.479443
-134.736, 0.489277
-134.767, 0.494103
-134.797, 0.493532
-134.827, 0.487277
-134.858, 0.475165
-134.888, 0.457146
-134.919, 0.433303
-134.949, 0.403839
-134.979, 0.369095
-135.010, 0.329524
-135.040, 0.285698
-135.070, 0.238267
-135.101, 0.187984
-135.131, 0.135647
-135.161, 0.082100
-135.192, 0.028196
-135.222, -0.025204
-135.252, -0.077278
-135.283, -0.127240
-135.313, -0.174379
-135.344, -0.218058
-135.374, -0.257743
-135.404, -0.292994
-135.435, -0.323490
-135.465, -0.349024
-135.495, -0.369502
-135.526, -0.384933
-135.556, -0.395439
-135.586, -0.401227
-135.617, -0.402578
-135.647, -0.399843
-135.678, -0.393424
-135.708, -0.383748
-135.738, -0.371268
-135.769, -0.356431
-135.799, -0.339678
-135.829, -0.321420
-135.860, -0.302039
-135.890, -0.281875
-135.920, -0.261221
-135.951, -0.240319
-135.981, -0.219371
-136.012, -0.198528
-136.042, -0.177911
-136.072, -0.157600
-136.103, -0.137655
-136.133, -0.118130
-136.163, -0.099065
-136.194, -0.080511
-136.224, -0.062534
-136.254, -0.045219
-136.285, -0.028685
-136.315, -0.013079
-136.346, 0.001428
-136.376, 0.014617
-136.406, 0.026246
-136.437, 0.036065
-136.467, 0.043788
-136.497, 0.049141
-136.528, 0.051855
-136.558, 0.051673
-136.588, 0.048387
-136.619, 0.041825
-136.649, 0.031877
-136.679, 0.018509
-136.710, 0.001756
-136.740, -0.018246
-136.771, -0.041281
-136.801, -0.067033
-136.831, -0.095101
-136.862, -0.124994
-136.892, -0.156152
-136.922, -0.187942
-136.953, -0.219688
-136.983, -0.250679
-137.013, -0.280195
-137.044, -0.307515
-137.074, -0.331948
-137.105, -0.352856
-137.135, -0.369661
-137.165, -0.381882
-137.196, -0.389123
-137.226, -0.391115
-137.256, -0.387714
-137.287, -0.378898
-137.317, -0.364782
-137.347, -0.345612
-137.378, -0.321754
-137.408, -0.293685
-137.439, -0.261986
-137.469, -0.227316
-137.499, -0.190401
-137.530, -0.151999
-137.560, -0.112892
-137.590, -0.073853
-137.621, -0.035625
-137.651, 0.001102
-137.681, 0.035699
-137.712, 0.067638
-137.742, 0.096489
-137.773, 0.121931
-137.803, 0.143769
-137.833, 0.161925
-137.864, 0.176443
-137.894, 0.187476
-137.924, 0.195281
-137.955, 0.200209
-137.985, 0.202669
-138.015, 0.203138
-138.046, 0.202114
-138.076, 0.200109
-138.106, 0.197620
-138.137, 0.195109
-138.167, 0.192990
-138.198, 0.191601
-138.228, 0.191199
-138.258, 0.191944
-138.289, 0.193896
-138.319, 0.197009
-138.349, 0.201130
-138.380, 0.206018
-138.410, 0.211331
-138.440, 0.216667
-138.471, 0.221557
-138.501, 0.225500
-138.532, 0.227974
-138.562, 0.228460
-138.592, 0.226472
-138.623, 0.221566
-138.653, 0.213374
-138.683, 0.201607
-138.714, 0.186081
-138.744, 0.166726
-138.774, 0.143589
-138.805, 0.116847
-138.835, 0.086785
-138.866, 0.053822
-138.896, 0.018474
-138.926, -0.018649
-138.957, -0.056866
-138.987, -0.095431
-139.017, -0.133578
-139.048, -0.170518
-139.078, -0.205495
-139.108, -0.237782
-139.139, -0.266716
-139.169, -0.291725
-139.199, -0.312333
-139.230, -0.328189
-139.260, -0.339062
-139.291, -0.344870
-139.321, -0.345661
-139.351, -0.341620
-139.382, -0.333077
-139.412, -0.320456
-139.442, -0.304315
-139.473, -0.285276
-139.503, -0.264041
-139.533, -0.241350
-139.564, -0.217968
-139.594, -0.194650
-139.625, -0.172130
-139.655, -0.151086
-139.685, -0.132128
-139.716, -0.115774
-139.746, -0.102445
-139.776, -0.092444
-139.807, -0.085957
-139.837, -0.083049
-139.867, -0.083658
-139.898, -0.087610
-139.928, -0.094629
-139.959, -0.104347
-139.989, -0.116316
-140.019, -0.130036
-140.050, -0.144963
-140.080, -0.160540
-140.110, -0.177692
-140.141, -0.194403
-140.171, -0.210178
-140.201, -0.224575
-140.232, -0.237222
-140.262, -0.247834
-140.293, -0.256207
-140.323, -0.262224
-140.353, -0.265864
-140.384, -0.267186
-140.414, -0.266332
-140.444, -0.263506
-140.475, -0.258972
-140.505, -0.253039
-140.535, -0.246038
-140.566, -0.238311
-140.596, -0.230190
-140.626, -0.221996
-140.657, -0.214008
-140.687, -0.206456
-140.718, -0.199522
-140.748, -0.193320
-140.778, -0.187902
-140.809, -0.183243
-140.839, -0.179271
-140.869, -0.175838
-140.900, -0.172764
-140.930, -0.169814
-140.960, -0.166740
-140.991, -0.163273
-141.021, -0.159156
-141.052, -0.154138
-141.082, -0.148011
-141.112, -0.140607
-141.143, -0.131810
-141.173, -0.121573
-141.203, -0.109919
-141.234, -0.096946
-141.264, -0.082820
-141.294, -0.067779
-141.325, -0.052121
-141.355, -0.036201
-141.386, -0.020410
-141.416, -0.005157
-141.446, 0.009128
-141.477, 0.022030
-141.507, 0.033166
-141.537, 0.042193
-141.568, 0.048828
-141.598, 0.052870
-141.628, 0.054200
-141.659, 0.052797
-141.689, 0.048747
-141.719, 0.042233
-141.750, 0.033548
-141.780, 0.023079
-141.811, 0.011295
-141.841, -0.001254
-141.871, -0.013968
-141.902, -0.026207
-141.932, -0.037316
-141.962, -0.046651
-141.993, -0.053595
-142.023, -0.057589
-142.053, -0.058144
-142.084, -0.054879
-142.114, -0.047516
-142.145, -0.035908
-142.175, -0.020052
-142.205, -0.000076
-142.236, 0.023729
-142.266, 0.050948
-142.296, 0.081029
-142.327, 0.113289
-142.357, 0.146964
-142.387, 0.181196
-142.418, 0.215074
-142.448, 0.247656
-142.479, 0.278003
-142.509, 0.305200
-142.539, 0.328392
-142.570, 0.346800
-142.600, 0.359757
-142.630, 0.366730
-142.661, 0.367327
-142.691, 0.361321
-142.721, 0.348654
-142.752, 0.329446
-142.782, 0.303987
-142.813, 0.272732
-142.843, 0.236293
-142.873, 0.195420
-142.904, 0.150972
-142.934, 0.103914
-142.964, 0.055262
-142.995, 0.006077
-143.025, -0.042575
-143.055, -0.089658
-143.086, -0.134184
-143.116, -0.175244
-143.146, -0.212039
-143.177, -0.243888
-143.207, -0.270266
-143.238, -0.290793
-143.268, -0.305259
-143.298, -0.313611
-143.329, -0.315969
-143.359, -0.312608
-143.389, -0.303938
-143.420, -0.290504
-143.450, -0.272959
-143.480, -0.252042
-143.511, -0.228542
-143.541, -0.203294
-143.572, -0.177140
-143.602, -0.150896
-143.632, -0.125349
-143.663, -0.101210
-143.693, -0.079113
-143.723, -0.059592
-143.754, -0.043068
-143.784, -0.029839
-143.814, -0.020082
-143.845, -0.013849
-143.875, -0.011074
-143.906, -0.011576
-143.936, -0.015077
-143.966, -0.021211
-143.997, -0.029548
-144.027, -0.039606
-144.057, -0.050870
-144.088, -0.062815
-144.118, -0.074930
-144.148, -0.086720
-144.179, -0.097742
-144.209, -0.107604
-144.240, -0.115984
-144.270, -0.122632
-144.300, -0.127380
-144.331, -0.130145
-144.361, -0.130923
-144.391, -0.129779
-144.422, -0.126853
-144.452, -0.122345
-144.482, -0.116493
-144.513, -0.109575
-144.543, -0.101885
-144.573, -0.093726
-144.604, -0.085386
-144.634, -0.077137
-144.665, -0.069217
-144.695, -0.061818
-144.725, -0.055087
-144.756, -0.049109
-144.786, -0.043919
-144.816, -0.039497
-144.847, -0.035760
-144.877, -0.032583
-144.907, -0.029800
-144.938, -0.027211
-144.968, -0.024600
-144.999, -0.021735
-145.029, -0.018391
-145.059, -0.014361
-145.090, -0.009457
-145.120, -0.003535
-145.150, 0.003508
-145.181, 0.011722
-145.211, 0.021100
-145.241, 0.031580
-145.272, 0.043034
-145.302, 0.055282
-145.333, 0.068097
-145.363, 0.081202
-145.393, 0.094292
-145.424, 0.107037
-145.454, 0.119097
-145.484, 0.130135
-145.515, 0.139824
-145.545, 0.147870
-145.575, 0.154018
-145.606, 0.158062
-145.636, 0.159853
-145.666, 0.159312
-145.697, 0.156429
-145.727, 0.151264
-145.758, 0.143947
-145.788, 0.134680
-145.818, 0.123724
-145.849, 0.111396
-145.879, 0.098056
-145.909, 0.084095
-145.940, 0.069923
-145.970, 0.055952
-146.000, 0.042587
-146.031, 0.030207
-146.061, 0.019160
-146.092, 0.009738
-146.122, 0.002174
-146.152, -0.003363
-146.183, -0.006778
-146.213, -0.008055
-146.243, -0.007253
-146.274, -0.004505
-146.304, -0.000016
-146.334, 0.005946
-146.365, 0.013067
-146.395, 0.020980
-146.426, 0.029303
-146.456, 0.037633
-146.486, 0.045569
-146.517, 0.052730
-146.547, 0.058765
-146.577, 0.063361
-146.608, 0.066266
-146.638, 0.067295
-146.668, 0.066335
-146.699, 0.063350
-146.729, 0.058387
-146.760, 0.051573
-146.790, 0.043113
-146.820, 0.033285
-146.851, 0.022428
-146.881, 0.010938
-146.911, -0.000758
-146.942, -0.012199
-146.972, -0.022917
-147.002, -0.032450
-147.033, -0.040352
-147.063, -0.046218
-147.093, -0.049689
-147.124, -0.050470
-147.154, -0.048341
-147.185, -0.043159
-147.215, -0.034870
-147.245, -0.023516
-147.276, -0.009218
-147.306, 0.007804
-147.336, 0.027253
-147.367, 0.048751
-147.397, 0.071861
-147.427, 0.096090
-147.458, 0.120905
-147.488, 0.145750
-147.519, 0.170057
-147.549, 0.193267
-147.579, 0.214845
-147.610, 0.234290
-147.640, 0.251151
-147.670, 0.265045
-147.701, 0.275656
-147.731, 0.282751
-147.761, 0.286184
-147.792, 0.285897
-147.822, 0.281925
-147.853, 0.274384
-147.883, 0.263481
-147.913, 0.249494
-147.944, 0.232768
-147.974, 0.213707
-148.004, 0.192760
-148.035, 0.170405
-148.065, 0.147140
-148.095, 0.123467
-148.126, 0.099879
-148.156, 0.076846
-148.187, 0.054802
-148.217, 0.034137
-148.247, 0.015191
-148.278, -0.001763
-148.308, -0.016519
-148.338, -0.028940
-148.369, -0.038959
-148.399, -0.046583
-148.429, -0.051887
-148.460, -0.055009
-148.490, -0.056140
-148.520, -0.055529
-148.551, -0.053459
-148.581, -0.050242
-148.612, -0.046215
-148.642, -0.041718
-148.672, -0.037097
-148.703, -0.032673
-148.733, -0.028759
##END=
