Filename,2026_04_15_Naphthalene_Hermetic_DSC
Instrument name,DSC2A-00468 (192.168.1.100)
Operator,Yarger
rundate,4/15/2026
Sample name,2026_04_15_Naphthalene_Hermetic_DSC
proceduresegments,Data Off ; Equilibrate 30.00 °C; Data On ; Ramp 10.00 °C/min to 95.00 °C; Data Off ; Isothermal 1.0 min; Data On ; Ramp 10.00 °C/min to 30.00 °C; Data Off ; Isothermal 1.0 min; Data On ; Ramp 10.00 °C/min to 95.00 °C
[File Parameters]
Run date,4/15/2026 8:04:57 PM
Trios version,5.1.1.46572
Original File Name,
Current File Name,D:\DSC2500\JYarger\2026_04_15_Naphthalene_Hermetic_DSC.tri
[Procedure]
Procedure Name,DSC_30C_95C_10Cmin_x2
Sample Name,2026_04_15_Naphthalene_Hermetic_DSC
Sample Mass,5.45 mg
Reference Sample Mass,0 mg
Pan Mass,56.38 mg
Pan Number,8
Reference Pan Mass,56.19 mg
Reference Pan Number,1
Pan Type,Tzero Aluminum Hermetic
Comments,Remote DSC for ASU online pchem lab (CHM 343).  Hermetic sealed Al pan/lids.
Project Name,ASU Online Pchem Lab (CHM343)
Operator,Yarger
Test,Custom
Unload Max Temperature,30
Unload Min Temperature,30
Load Max Temperature,30
Load Min Temperature,30
Stop on Gas Flow Error,Yes
[Signal List]
Signal #1,Time (min)
Signal #2,Temperature (°C)
Signal #3,Heat Flow (mW)
Signal #4,Delta T (µV)
Signal #5,Delta Tzero (µV)
Signal #6,Tzero Temperature (°C)
Signal #7,Cell Purge (mL/min)
Signal #8,Heater Temp (°C)
Signal #9,Power Delivered (W)
Signal #10,Reference Junction Temperature (°C)
Signal #11,Flange Temperature (°C)
Signal #12,Heat Flow Phase (rad)
Signal #13,Total Heat Capacity (J/°C)
Signal #14,Heat Capacity (J/°C)
[Configuration]
Company Name,ASU
Instrument Name,DSC2A-00468
Instrument Type,DSC2500
Serial Number,DSC2A-00468
IP,192.168.1.100
Location of Instrument,MRRC
DisplayType,Unknown
Sample Interval ,0.1 s/pt
Selected Heat Flow,T4P
Exotherm Direction,Down
Cell Serial,DRC2-00792
Lid Type,Standard
Cooler,RCS 90
Leave Cooler on at End of Sequence,On
Gas 2,Nitrogen
Gas Selected,Channel 1
Flow Rate,50 mL/min
Secondary Purge,On
Licensed Heat Flow,Heat Flow T4P
Modulation Licensed,Yes
[Versions]
Common IDD Version,1
Cortex Version,VER 2.10.2.31
Driver,5.0.0.6
GDM Version,1.0.3.3
TouchscreenVersion,1.0.0.16145
FEP Version,1.2.1.21
FEP Bootloader,2.0.0.5
AutoSampler Version,2.1.1.26
Auto Sampler Bootloader,2.0.0.5
FCM Version,1.1.0.3
FCM Bootloader,2.0.0.5
[Experiment Logs]
Experiment Log Entry # 1,Data On set to 0
Experiment Log Entry # 3,Equilibrate Segment 30 (C) Started
Experiment Log Entry # 5,Air Cool is off.
Experiment Log Entry # 7,Data On set to 1
Experiment Log Entry # 9,Ramp Segment 10 C/min to 95 Started
Experiment Log Entry # 11,Data On set to 0
Experiment Log Entry # 13,Isothermal Segment 1 min started
Experiment Log Entry # 15,Data On set to 1
Experiment Log Entry # 17,Ramp Segment 10 C/min to 30 Started
Experiment Log Entry # 19,Data On set to 0
Experiment Log Entry # 21,Isothermal Segment 1 min started
Experiment Log Entry # 23,Data On set to 1
Experiment Log Entry # 25,Ramp Segment 10 C/min to 95 Started
[Method Log]
Method Log Entry # 1,Data Off
Method Log Entry # 2,Equilibrate 30 °C
Method Log Entry # 3,Data On
Method Log Entry # 4,(Ramp 49796) Ramp 10 °C/minute to 95 °C
Method Log Entry # 5,Data Off
Method Log Entry # 6,Isothermal 1 minutes
Method Log Entry # 7,Data On
Method Log Entry # 8,(Ramp 49800) Ramp 10 °C/minute to 30 °C
Method Log Entry # 9,Data Off
Method Log Entry # 10,Isothermal 1 minutes
Method Log Entry # 11,Data On
Method Log Entry # 12,(Ramp 49804) Ramp 10 °C/minute to 95 °C
Cell Serial,DRC2-00792
[T1 Calibration]
Slope,-0.008529666
Offset,9.636258
Initial Temperature,98.23
GUID,f8bfdadc-4977-4fdf-ba6d-0ba9134940c3
[TZero Calibration]
Date Applied,11/29/2022 4:06:13 PM
Description,From -89.059 °C to 396.009 °C at 20.000°C/min
Gas Type,Nitrogen
Pan Type,None
Source Files 1,C:\Users\yargerlab\Desktop\DSC Data\General\TZero_calibration_11_29_22_2nd(2).tri
Source Files 2,C:\Users\yargerlab\Desktop\DSC Data\General\TZero_calibration_11_29_22_2nd(3).tri
Delta T Offset,13.05235
Delta T Slope,-0.007271007
Delta T0 Offset,-13.69128
Delta T0 Slope,0.06063341
[Temperature Calibration]
Date Applied,11/29/2022 7:12:28 PM
Description,From 106.590 °C to 186.590 °C at 10.000°C/min
Gas Type,Nitrogen
Pan Type,Tzero Aluminum Hermetic
Source Files 1,C:\Users\yargerlab\Desktop\DSC Data\General\Indium(6).tri
Measured 1,157.391
Known 1,156.598
[Cell Constant Calibration]
Date Applied,11/29/2022 7:12:29 PM
Description,From 106.590 °C to 186.590 °C at 10.000°C/min
Gas Type,Nitrogen
Pan Type,Tzero Aluminum Hermetic
Source Files 1,C:\Users\yargerlab\Desktop\DSC Data\General\Indium(6).tri
T4P KCell,1.006051
Onset Slope,63.26126 mW/°C
[Direct Cp Calibration]
Date Applied,11/30/2022 11:04:51 AM
Description,From -79.983 °C to 298.409 °C at 10.000°C/min
Gas Type,Nitrogen
Pan Type,Tzero Aluminum Hermetic
Source Files 1,C:\Users\yargerlab\Desktop\DSC Data\General\Sapphire_Heat_Capacity_11_30_22.tri
[Rev Cp Calibration]
Date Applied,11/30/2022 1:58:51 PM
Description,From -79.996 °C to 292.812 °C at 3.000°C/min
Gas Type,Nitrogen
Pan Type,Tzero Aluminum Hermetic
Source Files 1,C:\Users\yargerlab\Desktop\DSC Data\General\Sapphire_MDSC_Calibration_11_30_22.tri
[step]
Ramp 10.00 °C/min to 95.00 °C
Time,Temperature,Heat Flow (Normalized)
min,°C,W/g
0.00,29.99,0.014
0.00,29.99,0.013
0.00,29.99,0.012
0.01,29.99,0.012
0.01,30.00,0.011
0.01,30.00,0.011
0.01,30.00,0.010
0.01,30.00,0.010
0.01,30.00,0.009
0.01,30.00,0.009
0.02,30.01,0.009
0.02,30.01,0.008
0.02,30.01,0.008
0.02,30.01,0.008
0.02,30.01,0.008
0.03,30.01,0.008
0.03,30.02,0.008
0.03,30.02,0.008
0.03,30.02,0.008
0.03,30.02,0.007
0.03,30.02,0.007
0.03,30.03,0.007
0.04,30.03,0.007
0.04,30.03,0.007
0.04,30.03,0.007
0.04,30.04,0.007
0.04,30.04,0.007
0.05,30.04,0.008
0.05,30.04,0.008
0.05,30.04,0.008
0.05,30.05,0.008
0.05,30.05,0.009
0.05,30.05,0.009
0.05,30.06,0.009
0.06,30.06,0.010
0.06,30.06,0.010
0.06,30.07,0.011
0.06,30.07,0.012
0.06,30.08,0.013
0.07,30.08,0.014
0.07,30.08,0.015
0.07,30.09,0.017
0.07,30.09,0.019
0.07,30.10,0.021
0.07,30.10,0.024
0.08,30.11,0.026
0.08,30.11,0.028
0.08,30.12,0.031
0.08,30.12,0.033
0.08,30.13,0.035
0.08,30.13,0.037
0.08,30.14,0.039
0.09,30.15,0.041
0.09,30.15,0.043
0.09,30.16,0.044
0.09,30.17,0.047
0.09,30.17,0.049
0.09,30.18,0.051
0.10,30.19,0.053
0.10,30.19,0.055
0.10,30.20,0.057
0.10,30.21,0.059
0.10,30.22,0.061
0.11,30.23,0.063
0.11,30.24,0.065
0.11,30.24,0.068
0.11,30.25,0.070
0.11,30.26,0.073
0.11,30.27,0.075
0.12,30.28,0.076
0.12,30.29,0.078
0.12,30.30,0.080
0.12,30.31,0.082
0.12,30.32,0.084
0.12,30.33,0.086
0.13,30.34,0.088
0.13,30.35,0.090
0.13,30.36,0.092
0.13,30.37,0.094
0.13,30.38,0.096
0.13,30.39,0.098
0.14,30.40,0.100
0.14,30.41,0.103
0.14,30.42,0.104
0.14,30.43,0.106
0.14,30.44,0.107
0.14,30.45,0.108
0.14,30.47,0.110
0.15,30.48,0.112
0.15,30.49,0.113
0.15,30.50,0.114
0.15,30.51,0.117
0.15,30.52,0.119
0.16,30.54,0.121
0.16,30.55,0.122
0.16,30.56,0.124
0.16,30.57,0.125
0.16,30.59,0.126
0.16,30.60,0.128
0.16,30.61,0.129
0.17,30.62,0.130
0.17,30.63,0.131
0.17,30.65,0.132
0.17,30.66,0.133
0.17,30.67,0.136
0.18,30.69,0.137
0.18,30.70,0.138
0.18,30.71,0.139
0.18,30.72,0.141
0.18,30.74,0.142
0.18,30.75,0.144
0.19,30.76,0.145
0.19,30.78,0.146
0.19,30.79,0.147
0.19,30.80,0.148
0.19,30.82,0.148
0.19,30.83,0.150
0.19,30.84,0.150
0.20,30.86,0.151
0.20,30.87,0.152
0.20,30.88,0.153
0.20,30.90,0.154
0.20,30.91,0.155
0.21,30.92,0.156
0.21,30.94,0.158
0.21,30.95,0.159
0.21,30.97,0.160
0.21,30.98,0.161
0.21,30.99,0.162
0.21,31.01,0.163
0.22,31.02,0.164
0.22,31.03,0.164
0.22,31.05,0.165
0.22,31.06,0.166
0.22,31.08,0.167
0.23,31.09,0.167
0.23,31.11,0.168
0.23,31.12,0.169
0.23,31.13,0.170
0.23,31.15,0.171
0.23,31.16,0.171
0.24,31.18,0.172
0.24,31.19,0.172
0.24,31.21,0.173
0.24,31.22,0.174
0.24,31.23,0.175
0.24,31.25,0.177
0.24,31.26,0.178
0.25,31.28,0.179
0.25,31.29,0.180
0.25,31.31,0.180
0.25,31.32,0.181
0.25,31.34,0.182
0.26,31.35,0.182
0.26,31.37,0.182
0.26,31.38,0.183
0.26,31.40,0.183
0.26,31.41,0.183
0.26,31.42,0.184
0.26,31.44,0.185
0.27,31.46,0.185
0.27,31.47,0.186
0.27,31.49,0.187
0.27,31.50,0.188
0.27,31.52,0.188
0.28,31.53,0.189
0.28,31.55,0.190
0.28,31.56,0.191
0.28,31.58,0.191
0.28,31.59,0.192
0.28,31.61,0.192
0.29,31.62,0.193
0.29,31.64,0.193
0.29,31.65,0.193
0.29,31.67,0.194
0.29,31.68,0.194
0.29,31.70,0.194
0.30,31.71,0.195
0.30,31.73,0.195
0.30,31.75,0.196
0.30,31.76,0.197
0.30,31.78,0.198
0.30,31.79,0.199
0.30,31.81,0.199
0.31,31.82,0.199
0.31,31.84,0.200
0.31,31.85,0.200
0.31,31.87,0.200
0.31,31.88,0.201
0.31,31.90,0.201
0.32,31.92,0.201
0.32,31.93,0.201
0.32,31.95,0.202
0.32,31.96,0.202
0.32,31.98,0.202
0.33,31.99,0.202
0.33,32.01,0.203
0.33,32.03,0.203
0.33,32.04,0.204
0.33,32.06,0.204
0.33,32.07,0.205
0.34,32.09,0.206
0.34,32.10,0.206
0.34,32.12,0.206
0.34,32.14,0.206
0.34,32.15,0.206
0.34,32.17,0.206
0.35,32.18,0.207
0.35,32.20,0.207
0.35,32.21,0.208
0.35,32.23,0.208
0.35,32.25,0.209
0.35,32.26,0.209
0.35,32.28,0.210
0.36,32.30,0.210
0.36,32.31,0.211
0.36,32.33,0.211
0.36,32.34,0.211
0.36,32.36,0.211
0.36,32.37,0.211
0.37,32.39,0.211
0.37,32.41,0.211
0.37,32.42,0.212
0.37,32.44,0.212
0.37,32.46,0.212
0.38,32.47,0.212
0.38,32.49,0.213
0.38,32.50,0.213
0.38,32.52,0.213
0.38,32.53,0.213
0.38,32.55,0.213
0.39,32.57,0.213
0.39,32.58,0.214
0.39,32.60,0.214
0.39,32.62,0.214
0.39,32.63,0.215
0.39,32.65,0.215
0.40,32.66,0.215
0.40,32.68,0.215
0.40,32.70,0.215
0.40,32.71,0.216
0.40,32.73,0.216
0.40,32.75,0.216
0.40,32.76,0.216
0.41,32.78,0.216
0.41,32.79,0.216
0.41,32.81,0.216
0.41,32.83,0.217
0.41,32.84,0.217
0.41,32.86,0.217
0.42,32.87,0.217
0.42,32.89,0.217
0.42,32.91,0.218
0.42,32.92,0.218
0.42,32.94,0.218
0.43,32.96,0.218
0.43,32.97,0.218
0.43,32.99,0.218
0.43,33.00,0.218
0.43,33.02,0.218
0.43,33.04,0.218
0.44,33.05,0.218
0.44,33.07,0.219
0.44,33.09,0.219
0.44,33.10,0.219
0.44,33.12,0.219
0.44,33.14,0.219
0.45,33.15,0.220
0.45,33.17,0.220
0.45,33.18,0.220
0.45,33.20,0.220
0.45,33.22,0.220
0.45,33.23,0.220
0.45,33.25,0.220
0.46,33.27,0.220
0.46,33.28,0.220
0.46,33.30,0.220
0.46,33.32,0.221
0.46,33.33,0.221
0.46,33.35,0.221
0.47,33.36,0.221
0.47,33.38,0.221
0.47,33.40,0.221
0.47,33.41,0.221
0.47,33.43,0.221
0.48,33.45,0.221
0.48,33.46,0.221
0.48,33.48,0.221
0.48,33.50,0.222
0.48,33.51,0.222
0.48,33.53,0.222
0.49,33.54,0.222
0.49,33.56,0.222
0.49,33.58,0.222
0.49,33.59,0.222
0.49,33.61,0.222
0.49,33.63,0.222
0.50,33.64,0.222
0.50,33.66,0.223
0.50,33.68,0.223
0.50,33.69,0.223
0.50,33.71,0.223
0.50,33.73,0.223
0.50,33.74,0.223
0.51,33.76,0.223
0.51,33.78,0.223
0.51,33.79,0.223
0.51,33.81,0.223
0.51,33.82,0.223
0.51,33.84,0.223
0.52,33.86,0.223
0.52,33.87,0.223
0.52,33.89,0.223
0.52,33.91,0.223
0.52,33.92,0.223
0.53,33.94,0.223
0.53,33.96,0.223
0.53,33.97,0.224
0.53,33.99,0.224
0.53,34.01,0.224
0.53,34.02,0.224
0.53,34.04,0.224
0.54,34.06,0.224
0.54,34.07,0.224
0.54,34.09,0.224
0.54,34.10,0.224
0.54,34.12,0.224
0.55,34.14,0.224
0.55,34.15,0.224
0.55,34.17,0.224
0.55,34.19,0.224
0.55,34.20,0.224
0.55,34.22,0.224
0.55,34.24,0.224
0.56,34.25,0.224
0.56,34.27,0.224
0.56,34.29,0.225
0.56,34.30,0.225
0.56,34.32,0.225
0.57,34.34,0.225
0.57,34.35,0.225
0.57,34.37,0.225
0.57,34.38,0.225
0.57,34.40,0.225
0.57,34.42,0.225
0.58,34.43,0.225
0.58,34.45,0.225
0.58,34.47,0.225
0.58,34.48,0.225
0.58,34.50,0.225
0.58,34.52,0.225
0.58,34.53,0.225
0.59,34.55,0.225
0.59,34.57,0.225
0.59,34.58,0.225
0.59,34.60,0.225
0.59,34.62,0.225
0.60,34.63,0.226
0.60,34.65,0.226
0.60,34.67,0.226
0.60,34.68,0.226
0.60,34.70,0.226
0.60,34.72,0.226
0.60,34.73,0.226
0.61,34.75,0.226
0.61,34.77,0.226
0.61,34.78,0.226
0.61,34.80,0.226
0.61,34.82,0.226
0.62,34.83,0.226
0.62,34.85,0.226
0.62,34.86,0.226
0.62,34.88,0.226
0.62,34.90,0.226
0.62,34.91,0.226
0.63,34.93,0.226
0.63,34.95,0.226
0.63,34.97,0.226
0.63,34.98,0.227
0.63,35.00,0.227
0.63,35.01,0.227
0.63,35.03,0.227
0.64,35.05,0.227
0.64,35.06,0.227
0.64,35.08,0.227
0.64,35.10,0.227
0.64,35.11,0.227
0.65,35.13,0.227
0.65,35.15,0.227
0.65,35.16,0.227
0.65,35.18,0.227
0.65,35.20,0.227
0.65,35.21,0.227
0.65,35.23,0.227
0.66,35.25,0.227
0.66,35.26,0.227
0.66,35.28,0.227
0.66,35.30,0.227
0.66,35.31,0.227
0.67,35.33,0.227
0.67,35.35,0.227
0.67,35.36,0.227
0.67,35.38,0.227
0.67,35.40,0.227
0.67,35.41,0.227
0.68,35.43,0.227
0.68,35.45,0.227
0.68,35.46,0.227
0.68,35.48,0.227
0.68,35.50,0.227
0.68,35.51,0.228
0.68,35.53,0.228
0.69,35.55,0.228
0.69,35.56,0.228
0.69,35.58,0.228
0.69,35.60,0.228
0.69,35.61,0.228
0.70,35.63,0.228
0.70,35.64,0.228
0.70,35.66,0.228
0.70,35.68,0.228
0.70,35.69,0.228
0.70,35.71,0.228
0.70,35.73,0.228
0.71,35.74,0.228
0.71,35.76,0.228
0.71,35.78,0.228
0.71,35.79,0.228
0.71,35.81,0.228
0.72,35.83,0.228
0.72,35.84,0.228
0.72,35.86,0.228
0.72,35.88,0.228
0.72,35.89,0.228
0.72,35.91,0.228
0.73,35.93,0.228
0.73,35.94,0.228
0.73,35.96,0.228
0.73,35.98,0.228
0.73,35.99,0.228
0.73,36.01,0.228
0.73,36.03,0.228
0.74,36.04,0.228
0.74,36.06,0.228
0.74,36.08,0.229
0.74,36.09,0.229
0.74,36.11,0.229
0.75,36.13,0.229
0.75,36.14,0.229
0.75,36.16,0.229
0.75,36.17,0.229
0.75,36.19,0.229
0.75,36.21,0.229
0.75,36.23,0.229
0.76,36.24,0.229
0.76,36.26,0.229
0.76,36.28,0.229
0.76,36.29,0.229
0.76,36.31,0.229
0.77,36.33,0.229
0.77,36.34,0.229
0.77,36.36,0.229
0.77,36.37,0.229
0.77,36.39,0.229
0.77,36.41,0.229
0.78,36.43,0.229
0.78,36.44,0.229
0.78,36.46,0.229
0.78,36.47,0.229
0.78,36.49,0.229
0.78,36.51,0.229
0.78,36.52,0.229
0.79,36.54,0.229
0.79,36.56,0.229
0.79,36.57,0.229
0.79,36.59,0.229
0.79,36.61,0.229
0.80,36.62,0.229
0.80,36.64,0.229
0.80,36.66,0.229
0.80,36.67,0.229
0.80,36.69,0.229
0.80,36.71,0.229
0.80,36.72,0.229
0.81,36.74,0.229
0.81,36.76,0.229
0.81,36.77,0.229
0.81,36.79,0.229
0.81,36.81,0.229
0.82,36.82,0.230
0.82,36.84,0.230
0.82,36.86,0.230
0.82,36.87,0.230
0.82,36.89,0.230
0.82,36.91,0.230
0.83,36.92,0.230
0.83,36.94,0.230
0.83,36.96,0.230
0.83,36.97,0.230
0.83,36.99,0.230
0.83,37.01,0.230
0.83,37.02,0.230
0.84,37.04,0.230
0.84,37.06,0.230
0.84,37.07,0.230
0.84,37.09,0.230
0.84,37.11,0.230
0.85,37.12,0.230
0.85,37.14,0.230
0.85,37.16,0.230
0.85,37.17,0.230
0.85,37.19,0.230
0.85,37.21,0.230
0.85,37.22,0.230
0.86,37.24,0.230
0.86,37.26,0.230
0.86,37.27,0.230
0.86,37.29,0.230
0.86,37.31,0.230
0.87,37.32,0.230
0.87,37.34,0.230
0.87,37.36,0.230
0.87,37.37,0.230
0.87,37.39,0.230
0.87,37.41,0.230
0.88,37.42,0.230
0.88,37.44,0.230
0.88,37.46,0.230
0.88,37.47,0.231
0.88,37.49,0.231
0.88,37.51,0.231
0.88,37.52,0.231
0.89,37.54,0.231
0.89,37.56,0.231
0.89,37.57,0.231
0.89,37.59,0.231
0.89,37.61,0.231
0.90,37.62,0.231
0.90,37.64,0.231
0.90,37.65,0.231
0.90,37.67,0.231
0.90,37.69,0.231
0.90,37.71,0.231
0.90,37.72,0.231
0.91,37.74,0.231
0.91,37.76,0.231
0.91,37.77,0.231
0.91,37.79,0.231
0.91,37.80,0.231
0.92,37.82,0.231
0.92,37.84,0.231
0.92,37.85,0.231
0.92,37.87,0.231
0.92,37.89,0.231
0.92,37.90,0.231
0.93,37.92,0.231
0.93,37.94,0.231
0.93,37.95,0.231
0.93,37.97,0.231
0.93,37.99,0.231
0.93,38.00,0.231
0.93,38.02,0.231
0.94,38.04,0.231
0.94,38.05,0.231
0.94,38.07,0.231
0.94,38.09,0.231
0.94,38.10,0.231
0.95,38.12,0.231
0.95,38.14,0.231
0.95,38.16,0.231
0.95,38.17,0.231
0.95,38.19,0.231
0.95,38.20,0.231
0.95,38.22,0.231
0.96,38.24,0.231
0.96,38.26,0.231
0.96,38.27,0.231
0.96,38.29,0.231
0.96,38.30,0.232
0.97,38.32,0.232
0.97,38.34,0.232
0.97,38.35,0.232
0.97,38.37,0.232
0.97,38.39,0.232
0.97,38.41,0.232
0.98,38.42,0.232
0.98,38.44,0.232
0.98,38.46,0.232
0.98,38.47,0.232
0.98,38.49,0.232
0.98,38.50,0.232
0.98,38.52,0.232
0.99,38.54,0.232
0.99,38.55,0.232
0.99,38.57,0.232
0.99,38.59,0.232
0.99,38.60,0.232
1.00,38.62,0.232
1.00,38.64,0.232
1.00,38.65,0.232
1.00,38.67,0.232
1.00,38.69,0.232
1.00,38.70,0.232
1.00,38.72,0.232
1.01,38.74,0.232
1.01,38.75,0.232
1.01,38.77,0.232
1.01,38.79,0.232
1.01,38.80,0.232
1.02,38.82,0.232
1.02,38.84,0.232
1.02,38.85,0.232
1.02,38.87,0.232
1.02,38.89,0.232
1.02,38.90,0.232
1.03,38.92,0.232
1.03,38.94,0.232
1.03,38.95,0.232
1.03,38.97,0.232
1.03,38.99,0.232
1.03,39.00,0.232
1.03,39.02,0.232
1.04,39.04,0.232
1.04,39.05,0.232
1.04,39.07,0.232
1.04,39.09,0.232
1.04,39.10,0.232
1.05,39.12,0.232
1.05,39.14,0.232
1.05,39.15,0.232
1.05,39.17,0.232
1.05,39.19,0.232
1.05,39.20,0.232
1.05,39.22,0.232
1.06,39.24,0.232
1.06,39.25,0.233
1.06,39.27,0.233
1.06,39.29,0.233
1.06,39.30,0.233
1.07,39.32,0.233
1.07,39.34,0.233
1.07,39.35,0.233
1.07,39.37,0.233
1.07,39.39,0.233
1.07,39.40,0.233
1.08,39.42,0.233
1.08,39.44,0.233
1.08,39.45,0.233
1.08,39.47,0.233
1.08,39.49,0.233
1.08,39.50,0.233
1.08,39.52,0.233
1.09,39.54,0.233
1.09,39.55,0.233
1.09,39.57,0.233
1.09,39.59,0.233
1.09,39.60,0.233
1.09,39.62,0.233
1.10,39.64,0.233
1.10,39.65,0.233
1.10,39.67,0.233
1.10,39.69,0.233
1.10,39.70,0.233
1.11,39.72,0.233
1.11,39.74,0.233
1.11,39.75,0.233
1.11,39.77,0.233
1.11,39.79,0.233
1.11,39.80,0.233
1.12,39.82,0.233
1.12,39.83,0.233
1.12,39.85,0.233
1.12,39.87,0.233
1.12,39.88,0.233
1.12,39.90,0.233
1.13,39.92,0.233
1.13,39.94,0.233
1.13,39.95,0.233
1.13,39.97,0.233
1.13,39.99,0.233
1.13,40.00,0.233
1.13,40.02,0.233
1.14,40.03,0.233
1.14,40.05,0.233
1.14,40.07,0.233
1.14,40.09,0.233
1.14,40.10,0.233
1.14,40.12,0.233
1.15,40.14,0.233
1.15,40.15,0.233
1.15,40.17,0.233
1.15,40.19,0.233
1.15,40.20,0.233
1.16,40.22,0.233
1.16,40.23,0.233
1.16,40.25,0.233
1.16,40.27,0.233
1.16,40.29,0.233
1.16,40.30,0.233
1.17,40.32,0.234
1.17,40.33,0.234
1.17,40.35,0.234
1.17,40.37,0.234
1.17,40.39,0.234
1.17,40.40,0.234
1.18,40.42,0.234
1.18,40.43,0.234
1.18,40.45,0.234
1.18,40.47,0.234
1.18,40.48,0.234
1.18,40.50,0.234
1.18,40.52,0.234
1.19,40.53,0.234
1.19,40.55,0.234
1.19,40.57,0.234
1.19,40.58,0.234
1.19,40.60,0.234
1.19,40.62,0.234
1.20,40.64,0.234
1.20,40.65,0.234
1.20,40.67,0.234
1.20,40.69,0.234
1.20,40.70,0.234
1.21,40.72,0.234
1.21,40.73,0.234
1.21,40.75,0.234
1.21,40.77,0.234
1.21,40.79,0.234
1.21,40.80,0.234
1.22,40.82,0.234
1.22,40.83,0.234
1.22,40.85,0.234
1.22,40.87,0.234
1.22,40.89,0.234
1.22,40.90,0.234
1.23,40.92,0.234
1.23,40.93,0.234
1.23,40.95,0.234
1.23,40.97,0.234
1.23,40.98,0.234
1.23,41.00,0.234
1.23,41.02,0.234
1.24,41.03,0.234
1.24,41.05,0.234
1.24,41.07,0.234
1.24,41.08,0.234
1.24,41.10,0.234
1.24,41.12,0.234
1.25,41.13,0.234
1.25,41.15,0.234
1.25,41.17,0.234
1.25,41.18,0.234
1.25,41.20,0.234
1.26,41.22,0.234
1.26,41.24,0.234
1.26,41.25,0.234
1.26,41.27,0.234
1.26,41.28,0.234
1.26,41.30,0.234
1.27,41.32,0.234
1.27,41.33,0.234
1.27,41.35,0.234
1.27,41.37,0.234
1.27,41.38,0.234
1.27,41.40,0.235
1.28,41.42,0.235
1.28,41.43,0.235
1.28,41.45,0.235
1.28,41.47,0.235
1.28,41.48,0.235
1.28,41.50,0.235
1.28,41.52,0.235
1.29,41.53,0.235
1.29,41.55,0.235
1.29,41.57,0.235
1.29,41.58,0.235
1.29,41.60,0.235
1.29,41.62,0.235
1.30,41.63,0.235
1.30,41.65,0.235
1.30,41.67,0.235
1.30,41.68,0.235
1.30,41.70,0.235
1.31,41.72,0.235
1.31,41.73,0.235
1.31,41.75,0.235
1.31,41.77,0.235
1.31,41.78,0.235
1.31,41.80,0.235
1.32,41.82,0.235
1.32,41.83,0.235
1.32,41.85,0.235
1.32,41.87,0.235
1.32,41.88,0.235
1.32,41.90,0.235
1.33,41.92,0.235
1.33,41.93,0.235
1.33,41.95,0.235
1.33,41.97,0.235
1.33,41.98,0.235
1.33,42.00,0.235
1.33,42.02,0.235
1.34,42.03,0.235
1.34,42.05,0.235
1.34,42.07,0.235
1.34,42.08,0.235
1.34,42.10,0.235
1.34,42.12,0.235
1.35,42.13,0.235
1.35,42.15,0.235
1.35,42.17,0.235
1.35,42.18,0.235
1.35,42.20,0.235
1.36,42.22,0.235
1.36,42.23,0.235
1.36,42.25,0.235
1.36,42.27,0.235
1.36,42.28,0.235
1.36,42.30,0.235
1.37,42.32,0.235
1.37,42.33,0.235
1.37,42.35,0.235
1.37,42.37,0.235
1.37,42.38,0.235
1.37,42.40,0.235
1.38,42.42,0.235
1.38,42.43,0.235
1.38,42.45,0.235
1.38,42.47,0.235
1.38,42.48,0.235
1.38,42.50,0.235
1.38,42.52,0.235
1.39,42.53,0.235
1.39,42.55,0.235
1.39,42.57,0.236
1.39,42.58,0.236
1.39,42.60,0.236
1.39,42.62,0.236
1.40,42.63,0.236
1.40,42.65,0.236
1.40,42.67,0.236
1.40,42.68,0.236
1.40,42.70,0.236
1.41,42.72,0.236
1.41,42.73,0.236
1.41,42.75,0.236
1.41,42.77,0.236
1.41,42.78,0.236
1.41,42.80,0.236
1.42,42.82,0.236
1.42,42.84,0.236
1.42,42.85,0.236
1.42,42.87,0.236
1.42,42.88,0.236
1.42,42.90,0.236
1.43,42.92,0.236
1.43,42.93,0.236
1.43,42.95,0.236
1.43,42.97,0.236
1.43,42.98,0.236
1.43,43.00,0.236
1.43,43.02,0.236
1.44,43.04,0.236
1.44,43.05,0.236
1.44,43.07,0.236
1.44,43.08,0.236
1.44,43.10,0.236
1.44,43.12,0.236
1.45,43.13,0.236
1.45,43.15,0.236
1.45,43.17,0.236
1.45,43.18,0.236
1.45,43.20,0.236
1.46,43.22,0.236
1.46,43.23,0.236
1.46,43.25,0.236
1.46,43.27,0.236
1.46,43.28,0.236
1.46,43.30,0.236
1.47,43.32,0.236
1.47,43.33,0.236
1.47,43.35,0.236
1.47,43.37,0.236
1.47,43.38,0.236
1.47,43.40,0.236
1.48,43.42,0.236
1.48,43.44,0.236
1.48,43.45,0.236
1.48,43.47,0.236
1.48,43.48,0.236
1.48,43.50,0.236
1.48,43.52,0.236
1.49,43.54,0.236
1.49,43.55,0.236
1.49,43.57,0.236
1.49,43.58,0.236
1.49,43.60,0.236
1.49,43.62,0.236
1.50,43.63,0.236
1.50,43.65,0.236
1.50,43.67,0.236
1.50,43.68,0.236
1.50,43.70,0.236
1.51,43.72,0.236
1.51,43.73,0.236
1.51,43.75,0.237
1.51,43.77,0.237
1.51,43.78,0.237
1.51,43.80,0.237
1.52,43.82,0.237
1.52,43.83,0.237
1.52,43.85,0.237
1.52,43.87,0.237
1.52,43.88,0.237
1.52,43.90,0.237
1.53,43.92,0.237
1.53,43.93,0.237
1.53,43.95,0.237
1.53,43.97,0.237
1.53,43.98,0.237
1.53,44.00,0.237
1.53,44.02,0.237
1.54,44.03,0.237
1.54,44.05,0.237
1.54,44.07,0.237
1.54,44.08,0.237
1.54,44.10,0.237
1.54,44.12,0.237
1.55,44.13,0.237
1.55,44.15,0.237
1.55,44.17,0.237
1.55,44.18,0.237
1.55,44.20,0.237
1.56,44.22,0.237
1.56,44.23,0.237
1.56,44.25,0.237
1.56,44.27,0.237
1.56,44.28,0.237
1.56,44.30,0.237
1.57,44.32,0.237
1.57,44.33,0.237
1.57,44.35,0.237
1.57,44.37,0.237
1.57,44.38,0.237
1.57,44.40,0.237
1.58,44.42,0.237
1.58,44.43,0.237
1.58,44.45,0.237
1.58,44.47,0.237
1.58,44.48,0.237
1.58,44.50,0.237
1.58,44.52,0.237
1.59,44.53,0.237
1.59,44.55,0.237
1.59,44.57,0.237
1.59,44.58,0.237
1.59,44.60,0.237
1.59,44.62,0.237
1.60,44.63,0.237
1.60,44.65,0.237
1.60,44.67,0.237
1.60,44.68,0.237
1.60,44.70,0.237
1.61,44.72,0.237
1.61,44.73,0.237
1.61,44.75,0.237
1.61,44.77,0.237
1.61,44.78,0.237
1.61,44.80,0.237
1.62,44.82,0.237
1.62,44.83,0.237
1.62,44.85,0.237
1.62,44.87,0.237
1.62,44.88,0.237
1.62,44.90,0.237
1.63,44.92,0.237
1.63,44.93,0.237
1.63,44.95,0.237
1.63,44.97,0.237
1.63,44.98,0.237
1.63,45.00,0.237
1.63,45.02,0.238
1.64,45.03,0.238
1.64,45.05,0.238
1.64,45.07,0.238
1.64,45.08,0.238
1.64,45.10,0.238
1.64,45.12,0.238
1.65,45.13,0.238
1.65,45.15,0.238
1.65,45.17,0.238
1.65,45.18,0.238
1.65,45.20,0.238
1.66,45.22,0.238
1.66,45.23,0.238
1.66,45.25,0.238
1.66,45.27,0.238
1.66,45.28,0.238
1.66,45.30,0.238
1.67,45.32,0.238
1.67,45.33,0.238
1.67,45.35,0.238
1.67,45.37,0.238
1.67,45.39,0.238
1.67,45.40,0.238
1.68,45.42,0.238
1.68,45.43,0.238
1.68,45.45,0.238
1.68,45.47,0.238
1.68,45.48,0.238
1.68,45.50,0.238
1.68,45.52,0.238
1.69,45.53,0.238
1.69,45.55,0.238
1.69,45.57,0.238
1.69,45.59,0.238
1.69,45.60,0.238
1.69,45.62,0.238
1.70,45.63,0.238
1.70,45.65,0.238
1.70,45.67,0.238
1.70,45.68,0.238
1.70,45.70,0.238
1.71,45.72,0.238
1.71,45.73,0.238
1.71,45.75,0.238
1.71,45.77,0.238
1.71,45.78,0.238
1.71,45.80,0.238
1.72,45.82,0.238
1.72,45.83,0.238
1.72,45.85,0.238
1.72,45.87,0.238
1.72,45.88,0.238
1.72,45.90,0.238
1.73,45.92,0.238
1.73,45.93,0.238
1.73,45.95,0.238
1.73,45.97,0.238
1.73,45.98,0.238
1.73,46.00,0.238
1.73,46.02,0.238
1.74,46.03,0.238
1.74,46.05,0.238
1.74,46.07,0.239
1.74,46.08,0.239
1.74,46.10,0.239
1.74,46.12,0.239
1.75,46.14,0.239
1.75,46.15,0.239
1.75,46.17,0.239
1.75,46.18,0.239
1.75,46.20,0.239
1.76,46.22,0.239
1.76,46.23,0.239
1.76,46.25,0.239
1.76,46.27,0.239
1.76,46.28,0.239
1.76,46.30,0.239
1.77,46.32,0.239
1.77,46.33,0.239
1.77,46.35,0.239
1.77,46.37,0.239
1.77,46.38,0.239
1.77,46.40,0.239
1.78,46.42,0.239
1.78,46.43,0.239
1.78,46.45,0.239
1.78,46.47,0.239
1.78,46.48,0.239
1.78,46.50,0.239
1.78,46.52,0.239
1.79,46.53,0.239
1.79,46.55,0.239
1.79,46.57,0.239
1.79,46.58,0.239
1.79,46.60,0.239
1.79,46.62,0.239
1.80,46.63,0.239
1.80,46.65,0.239
1.80,46.67,0.239
1.80,46.68,0.239
1.80,46.70,0.239
1.81,46.72,0.239
1.81,46.73,0.239
1.81,46.75,0.239
1.81,46.77,0.239
1.81,46.78,0.239
1.81,46.80,0.239
1.82,46.82,0.239
1.82,46.83,0.239
1.82,46.85,0.239
1.82,46.87,0.239
1.82,46.88,0.239
1.82,46.90,0.239
1.83,46.92,0.239
1.83,46.93,0.239
1.83,46.95,0.239
1.83,46.97,0.239
1.83,46.98,0.239
1.83,47.00,0.239
1.83,47.02,0.239
1.84,47.03,0.239
1.84,47.05,0.240
1.84,47.07,0.240
1.84,47.08,0.240
1.84,47.10,0.240
1.84,47.12,0.240
1.85,47.13,0.240
1.85,47.15,0.240
1.85,47.17,0.240
1.85,47.18,0.240
1.85,47.20,0.240
1.86,47.22,0.240
1.86,47.23,0.240
1.86,47.25,0.240
1.86,47.27,0.240
1.86,47.29,0.240
1.86,47.30,0.240
1.87,47.32,0.240
1.87,47.34,0.240
1.87,47.35,0.240
1.87,47.37,0.240
1.87,47.39,0.240
1.87,47.40,0.240
1.88,47.42,0.240
1.88,47.43,0.240
1.88,47.45,0.240
1.88,47.47,0.240
1.88,47.49,0.240
1.88,47.50,0.240
1.88,47.52,0.240
1.89,47.54,0.240
1.89,47.55,0.240
1.89,47.57,0.240
1.89,47.58,0.240
1.89,47.60,0.240
1.89,47.62,0.240
1.90,47.64,0.240
1.90,47.65,0.240
1.90,47.67,0.240
1.90,47.68,0.240
1.90,47.70,0.240
1.91,47.72,0.240
1.91,47.73,0.240
1.91,47.75,0.240
1.91,47.77,0.240
1.91,47.78,0.240
1.91,47.80,0.240
1.92,47.82,0.240
1.92,47.84,0.240
1.92,47.85,0.240
1.92,47.87,0.240
1.92,47.89,0.240
1.92,47.90,0.240
1.93,47.92,0.240
1.93,47.94,0.240
1.93,47.95,0.240
1.93,47.97,0.240
1.93,47.99,0.240
1.93,48.00,0.240
1.93,48.02,0.240
1.94,48.04,0.240
1.94,48.05,0.240
1.94,48.07,0.240
1.94,48.08,0.240
1.94,48.10,0.240
1.94,48.12,0.241
1.95,48.13,0.241
1.95,48.15,0.241
1.95,48.17,0.241
1.95,48.18,0.241
1.95,48.20,0.241
1.96,48.22,0.241
1.96,48.24,0.241
1.96,48.25,0.241
1.96,48.27,0.241
1.96,48.28,0.241
1.96,48.30,0.241
1.97,48.32,0.241
1.97,48.33,0.241
1.97,48.35,0.241
1.97,48.37,0.241
1.97,48.38,0.241
1.97,48.40,0.241
1.98,48.42,0.241
1.98,48.44,0.241
1.98,48.45,0.241
1.98,48.47,0.241
1.98,48.49,0.241
1.98,48.50,0.241
1.98,48.52,0.241
1.99,48.54,0.241
1.99,48.55,0.241
1.99,48.57,0.241
1.99,48.59,0.241
1.99,48.60,0.241
1.99,48.62,0.241
2.00,48.64,0.241
2.00,48.65,0.241
2.00,48.67,0.241
2.00,48.69,0.241
2.00,48.70,0.241
2.01,48.72,0.241
2.01,48.74,0.241
2.01,48.75,0.241
2.01,48.77,0.241
2.01,48.79,0.241
2.01,48.80,0.241
2.02,48.82,0.241
2.02,48.84,0.241
2.02,48.85,0.241
2.02,48.87,0.241
2.02,48.89,0.241
2.02,48.90,0.241
2.03,48.92,0.241
2.03,48.94,0.241
2.03,48.95,0.241
2.03,48.97,0.241
2.03,48.99,0.241
2.03,49.00,0.241
2.03,49.02,0.241
2.04,49.04,0.241
2.04,49.05,0.241
2.04,49.07,0.241
2.04,49.09,0.241
2.04,49.10,0.241
2.04,49.12,0.241
2.05,49.14,0.241
2.05,49.15,0.241
2.05,49.17,0.241
2.05,49.19,0.241
2.05,49.20,0.241
2.06,49.22,0.242
2.06,49.24,0.242
2.06,49.25,0.242
2.06,49.27,0.242
2.06,49.29,0.242
2.06,49.30,0.242
2.07,49.32,0.242
2.07,49.34,0.242
2.07,49.35,0.242
2.07,49.37,0.242
2.07,49.39,0.242
2.07,49.40,0.242
2.08,49.42,0.242
2.08,49.44,0.242
2.08,49.45,0.242
2.08,49.47,0.242
2.08,49.49,0.242
2.08,49.50,0.242
2.08,49.52,0.242
2.09,49.54,0.242
2.09,49.55,0.242
2.09,49.57,0.242
2.09,49.59,0.242
2.09,49.60,0.242
2.09,49.62,0.242
2.10,49.64,0.242
2.10,49.65,0.242
2.10,49.67,0.242
2.10,49.69,0.242
2.10,49.70,0.242
2.11,49.72,0.242
2.11,49.74,0.242
2.11,49.75,0.242
2.11,49.77,0.242
2.11,49.79,0.242
2.11,49.80,0.242
2.12,49.82,0.242
2.12,49.84,0.242
2.12,49.85,0.242
2.12,49.87,0.242
2.12,49.89,0.242
2.12,49.90,0.242
2.13,49.92,0.242
2.13,49.94,0.242
2.13,49.95,0.242
2.13,49.97,0.242
2.13,49.99,0.242
2.13,50.00,0.242
2.14,50.02,0.242
2.14,50.04,0.242
2.14,50.05,0.242
2.14,50.07,0.242
2.14,50.09,0.242
2.14,50.10,0.242
2.14,50.12,0.242
2.15,50.14,0.242
2.15,50.15,0.242
2.15,50.17,0.242
2.15,50.19,0.242
2.15,50.20,0.242
2.16,50.22,0.242
2.16,50.24,0.242
2.16,50.25,0.242
2.16,50.27,0.242
2.16,50.29,0.242
2.16,50.30,0.242
2.16,50.32,0.243
2.17,50.34,0.243
2.17,50.35,0.243
2.17,50.37,0.243
2.17,50.39,0.243
2.17,50.40,0.243
2.18,50.42,0.243
2.18,50.44,0.243
2.18,50.45,0.243
2.18,50.47,0.243
2.18,50.49,0.243
2.18,50.50,0.243
2.19,50.52,0.243
2.19,50.54,0.243
2.19,50.55,0.243
2.19,50.57,0.243
2.19,50.59,0.243
2.19,50.60,0.243
2.19,50.62,0.243
2.20,50.64,0.243
2.20,50.65,0.243
2.20,50.67,0.243
2.20,50.69,0.243
2.20,50.70,0.243
2.21,50.72,0.243
2.21,50.74,0.243
2.21,50.76,0.243
2.21,50.77,0.243
2.21,50.79,0.243
2.21,50.80,0.243
2.21,50.82,0.243
2.22,50.84,0.243
2.22,50.85,0.243
2.22,50.87,0.243
2.22,50.89,0.243
2.22,50.90,0.243
2.23,50.92,0.243
2.23,50.94,0.243
2.23,50.96,0.243
2.23,50.97,0.243
2.23,50.99,0.243
2.23,51.00,0.243
2.24,51.02,0.243
2.24,51.04,0.243
2.24,51.05,0.243
2.24,51.07,0.243
2.24,51.09,0.243
2.24,51.10,0.243
2.24,51.12,0.243
2.25,51.14,0.243
2.25,51.15,0.243
2.25,51.17,0.243
2.25,51.19,0.243
2.25,51.20,0.243
2.26,51.22,0.243
2.26,51.24,0.243
2.26,51.25,0.243
2.26,51.27,0.243
2.26,51.29,0.243
2.26,51.30,0.243
2.26,51.32,0.243
2.27,51.34,0.243
2.27,51.35,0.243
2.27,51.37,0.243
2.27,51.39,0.243
2.27,51.41,0.244
2.28,51.42,0.244
2.28,51.44,0.244
2.28,51.45,0.244
2.28,51.47,0.244
2.28,51.49,0.244
2.28,51.50,0.244
2.29,51.52,0.244
2.29,51.54,0.244
2.29,51.55,0.244
2.29,51.57,0.244
2.29,51.59,0.244
2.29,51.60,0.244
2.29,51.62,0.244
2.30,51.64,0.244
2.30,51.66,0.244
2.30,51.67,0.244
2.30,51.69,0.244
2.30,51.71,0.244
2.31,51.72,0.244
2.31,51.74,0.244
2.31,51.76,0.244
2.31,51.77,0.244
2.31,51.79,0.244
2.31,51.81,0.244
2.31,51.82,0.244
2.32,51.84,0.244
2.32,51.86,0.244
2.32,51.87,0.244
2.32,51.89,0.244
2.32,51.91,0.244
2.33,51.92,0.244
2.33,51.94,0.244
2.33,51.95,0.244
2.33,51.97,0.244
2.33,51.99,0.244
2.33,52.01,0.244
2.34,52.02,0.244
2.34,52.04,0.244
2.34,52.06,0.244
2.34,52.07,0.244
2.34,52.09,0.244
2.34,52.11,0.244
2.34,52.12,0.244
2.35,52.14,0.244
2.35,52.16,0.244
2.35,52.17,0.244
2.35,52.19,0.244
2.35,52.20,0.244
2.36,52.22,0.244
2.36,52.24,0.244
2.36,52.26,0.244
2.36,52.27,0.244
2.36,52.29,0.244
2.36,52.31,0.244
2.36,52.32,0.244
2.37,52.34,0.244
2.37,52.36,0.244
2.37,52.37,0.244
2.37,52.39,0.244
2.37,52.41,0.244
2.38,52.42,0.244
2.38,52.44,0.244
2.38,52.46,0.244
2.38,52.47,0.245
2.38,52.49,0.245
2.38,52.50,0.245
2.39,52.52,0.245
2.39,52.54,0.245
2.39,52.56,0.245
2.39,52.57,0.245
2.39,52.59,0.245
2.39,52.61,0.245
2.39,52.62,0.245
2.40,52.64,0.245
2.40,52.66,0.245
2.40,52.67,0.245
2.40,52.69,0.245
2.40,52.71,0.245
2.41,52.72,0.245
2.41,52.74,0.245
2.41,52.76,0.245
2.41,52.77,0.245
2.41,52.79,0.245
2.41,52.81,0.245
2.41,52.82,0.245
2.42,52.84,0.245
2.42,52.86,0.245
2.42,52.87,0.245
2.42,52.89,0.245
2.42,52.91,0.245
2.43,52.92,0.245
2.43,52.94,0.245
2.43,52.96,0.245
2.43,52.97,0.245
2.43,52.99,0.245
2.43,53.01,0.245
2.44,53.02,0.245
2.44,53.04,0.245
2.44,53.05,0.245
2.44,53.07,0.245
2.44,53.09,0.245
2.44,53.11,0.245
2.44,53.12,0.245
2.45,53.14,0.245
2.45,53.16,0.245
2.45,53.17,0.245
2.45,53.19,0.245
2.45,53.20,0.245
2.46,53.22,0.245
2.46,53.24,0.245
2.46,53.26,0.245
2.46,53.27,0.245
2.46,53.29,0.245
2.46,53.31,0.245
2.46,53.32,0.245
2.47,53.34,0.245
2.47,53.35,0.245
2.47,53.37,0.245
2.47,53.39,0.245
2.47,53.41,0.245
2.48,53.42,0.245
2.48,53.44,0.245
2.48,53.46,0.245
2.48,53.47,0.245
2.48,53.49,0.245
2.48,53.51,0.245
2.49,53.52,0.245
2.49,53.54,0.245
2.49,53.56,0.245
2.49,53.57,0.246
2.49,53.59,0.246
2.49,53.61,0.246
2.49,53.62,0.246
2.50,53.64,0.246
2.50,53.66,0.246
2.50,53.67,0.246
2.50,53.69,0.246
2.50,53.71,0.246
2.51,53.72,0.246
2.51,53.74,0.246
2.51,53.76,0.246
2.51,53.77,0.246
2.51,53.79,0.246
2.51,53.81,0.246
2.51,53.82,0.246
2.52,53.84,0.246
2.52,53.86,0.246
2.52,53.87,0.246
2.52,53.89,0.246
2.52,53.91,0.246
2.53,53.92,0.246
2.53,53.94,0.246
2.53,53.96,0.246
2.53,53.97,0.246
2.53,53.99,0.246
2.53,54.01,0.246
2.54,54.02,0.246
2.54,54.04,0.246
2.54,54.06,0.246
2.54,54.07,0.246
2.54,54.09,0.246
2.54,54.11,0.246
2.54,54.12,0.246
2.55,54.14,0.246
2.55,54.16,0.246
2.55,54.17,0.246
2.55,54.19,0.246
2.55,54.21,0.246
2.56,54.22,0.246
2.56,54.24,0.246
2.56,54.26,0.246
2.56,54.27,0.246
2.56,54.29,0.246
2.56,54.31,0.246
2.56,54.32,0.246
2.57,54.34,0.246
2.57,54.36,0.246
2.57,54.37,0.246
2.57,54.39,0.246
2.57,54.41,0.246
2.58,54.42,0.246
2.58,54.44,0.246
2.58,54.46,0.246
2.58,54.47,0.246
2.58,54.49,0.246
2.58,54.51,0.246
2.59,54.52,0.246
2.59,54.54,0.246
2.59,54.56,0.246
2.59,54.57,0.246
2.59,54.59,0.247
2.59,54.61,0.247
2.59,54.62,0.247
2.60,54.64,0.247
2.60,54.66,0.247
2.60,54.67,0.247
2.60,54.69,0.247
2.60,54.71,0.247
2.61,54.72,0.247
2.61,54.74,0.247
2.61,54.76,0.247
2.61,54.78,0.247
2.61,54.79,0.247
2.61,54.81,0.247
2.61,54.82,0.247
2.62,54.84,0.247
2.62,54.86,0.247
2.62,54.87,0.247
2.62,54.89,0.247
2.62,54.91,0.247
2.63,54.92,0.247
2.63,54.94,0.247
2.63,54.96,0.247
2.63,54.97,0.247
2.63,54.99,0.247
2.63,55.01,0.247
2.64,55.02,0.247
2.64,55.04,0.247
2.64,55.06,0.247
2.64,55.07,0.247
2.64,55.09,0.247
2.64,55.11,0.247
2.64,55.12,0.247
2.65,55.14,0.247
2.65,55.16,0.247
2.65,55.18,0.247
2.65,55.19,0.247
2.65,55.21,0.247
2.66,55.23,0.247
2.66,55.24,0.247
2.66,55.26,0.247
2.66,55.28,0.247
2.66,55.29,0.247
2.66,55.31,0.247
2.66,55.33,0.247
2.67,55.34,0.247
2.67,55.36,0.247
2.67,55.38,0.247
2.67,55.39,0.247
2.67,55.41,0.247
2.68,55.43,0.247
2.68,55.44,0.247
2.68,55.46,0.247
2.68,55.47,0.247
2.68,55.49,0.247
2.68,55.51,0.247
2.69,55.52,0.247
2.69,55.54,0.247
2.69,55.56,0.247
2.69,55.58,0.247
2.69,55.59,0.247
2.69,55.61,0.247
2.69,55.62,0.247
2.70,55.64,0.247
2.70,55.66,0.247
2.70,55.68,0.248
2.70,55.69,0.248
2.70,55.71,0.248
2.71,55.72,0.248
2.71,55.74,0.248
2.71,55.76,0.248
2.71,55.78,0.248
2.71,55.79,0.248
2.71,55.81,0.248
2.71,55.83,0.248
2.72,55.84,0.248
2.72,55.86,0.248
2.72,55.88,0.248
2.72,55.89,0.248
2.72,55.91,0.248
2.73,55.92,0.248
2.73,55.94,0.248
2.73,55.96,0.248
2.73,55.98,0.248
2.73,55.99,0.248
2.73,56.01,0.248
2.74,56.03,0.248
2.74,56.04,0.248
2.74,56.06,0.248
2.74,56.08,0.248
2.74,56.09,0.248
2.74,56.11,0.248
2.74,56.13,0.248
2.75,56.14,0.248
2.75,56.16,0.248
2.75,56.18,0.248
2.75,56.19,0.248
2.75,56.21,0.248
2.76,56.23,0.248
2.76,56.24,0.248
2.76,56.26,0.248
2.76,56.28,0.248
2.76,56.29,0.248
2.76,56.31,0.248
2.76,56.32,0.248
2.77,56.34,0.248
2.77,56.36,0.248
2.77,56.38,0.248
2.77,56.39,0.248
2.77,56.41,0.248
2.78,56.43,0.248
2.78,56.44,0.248
2.78,56.46,0.248
2.78,56.48,0.248
2.78,56.49,0.248
2.78,56.51,0.248
2.79,56.53,0.248
2.79,56.54,0.248
2.79,56.56,0.248
2.79,56.58,0.248
2.79,56.59,0.248
2.79,56.61,0.248
2.79,56.63,0.248
2.80,56.64,0.248
2.80,56.66,0.248
2.80,56.68,0.248
2.80,56.69,0.249
2.80,56.71,0.249
2.81,56.73,0.249
2.81,56.74,0.249
2.81,56.76,0.249
2.81,56.78,0.249
2.81,56.79,0.249
2.81,56.81,0.249
2.81,56.83,0.249
2.82,56.84,0.249
2.82,56.86,0.249
2.82,56.88,0.249
2.82,56.89,0.249
2.82,56.91,0.249
2.83,56.93,0.249
2.83,56.94,0.249
2.83,56.96,0.249
2.83,56.98,0.249
2.83,56.99,0.249
2.83,57.01,0.249
2.84,57.03,0.249
2.84,57.04,0.249
2.84,57.06,0.249
2.84,57.08,0.249
2.84,57.09,0.249
2.84,57.11,0.249
2.84,57.13,0.249
2.85,57.14,0.249
2.85,57.16,0.249
2.85,57.18,0.249
2.85,57.19,0.249
2.85,57.21,0.249
2.86,57.23,0.249
2.86,57.24,0.249
2.86,57.26,0.249
2.86,57.28,0.249
2.86,57.29,0.249
2.86,57.31,0.249
2.86,57.33,0.249
2.87,57.34,0.249
2.87,57.36,0.249
2.87,57.38,0.249
2.87,57.39,0.249
2.87,57.41,0.249
2.88,57.43,0.249
2.88,57.44,0.249
2.88,57.46,0.249
2.88,57.48,0.249
2.88,57.49,0.249
2.88,57.51,0.249
2.89,57.53,0.249
2.89,57.54,0.249
2.89,57.56,0.249
2.89,57.58,0.249
2.89,57.59,0.249
2.89,57.61,0.249
2.89,57.63,0.249
2.90,57.64,0.249
2.90,57.66,0.249
2.90,57.68,0.249
2.90,57.69,0.250
2.90,57.71,0.250
2.91,57.73,0.250
2.91,57.74,0.250
2.91,57.76,0.250
2.91,57.78,0.250
2.91,57.79,0.250
2.91,57.81,0.250
2.91,57.83,0.250
2.92,57.84,0.250
2.92,57.86,0.250
2.92,57.88,0.250
2.92,57.89,0.250
2.92,57.91,0.250
2.93,57.93,0.250
2.93,57.94,0.250
2.93,57.96,0.250
2.93,57.98,0.250
2.93,57.99,0.250
2.93,58.01,0.250
2.94,58.03,0.250
2.94,58.04,0.250
2.94,58.06,0.250
2.94,58.08,0.250
2.94,58.09,0.250
2.94,58.11,0.250
2.94,58.13,0.250
2.95,58.14,0.250
2.95,58.16,0.250
2.95,58.18,0.250
2.95,58.19,0.250
2.95,58.21,0.250
2.96,58.23,0.250
2.96,58.24,0.250
2.96,58.26,0.250
2.96,58.28,0.250
2.96,58.29,0.250
2.96,58.31,0.250
2.96,58.33,0.250
2.97,58.34,0.250
2.97,58.36,0.250
2.97,58.38,0.250
2.97,58.39,0.250
2.97,58.41,0.250
2.98,58.43,0.250
2.98,58.44,0.250
2.98,58.46,0.250
2.98,58.48,0.250
2.98,58.49,0.250
2.98,58.51,0.250
2.99,58.53,0.250
2.99,58.54,0.250
2.99,58.56,0.250
2.99,58.58,0.250
2.99,58.59,0.250
2.99,58.61,0.250
2.99,58.63,0.250
3.00,58.64,0.250
3.00,58.66,0.250
3.00,58.68,0.250
3.00,58.69,0.250
3.00,58.71,0.250
3.01,58.73,0.251
3.01,58.74,0.251
3.01,58.76,0.251
3.01,58.78,0.251
3.01,58.79,0.251
3.01,58.81,0.251
3.01,58.83,0.251
3.02,58.84,0.251
3.02,58.86,0.251
3.02,58.88,0.251
3.02,58.89,0.251
3.02,58.91,0.251
3.03,58.93,0.251
3.03,58.94,0.251
3.03,58.96,0.251
3.03,58.98,0.251
3.03,58.99,0.251
3.03,59.01,0.251
3.04,59.03,0.251
3.04,59.04,0.251
3.04,59.06,0.251
3.04,59.08,0.251
3.04,59.10,0.251
3.04,59.11,0.251
3.04,59.13,0.251
3.05,59.15,0.251
3.05,59.16,0.251
3.05,59.18,0.251
3.05,59.19,0.251
3.05,59.21,0.251
3.06,59.23,0.251
3.06,59.24,0.251
3.06,59.26,0.251
3.06,59.28,0.251
3.06,59.30,0.251
3.06,59.31,0.251
3.06,59.33,0.251
3.07,59.35,0.251
3.07,59.36,0.251
3.07,59.38,0.251
3.07,59.39,0.251
3.07,59.41,0.251
3.08,59.43,0.251
3.08,59.45,0.251
3.08,59.46,0.251
3.08,59.48,0.251
3.08,59.50,0.251
3.08,59.51,0.251
3.09,59.53,0.251
3.09,59.54,0.251
3.09,59.56,0.251
3.09,59.58,0.251
3.09,59.59,0.251
3.09,59.61,0.251
3.09,59.63,0.251
3.10,59.64,0.251
3.10,59.66,0.251
3.10,59.68,0.251
3.10,59.69,0.251
3.10,59.71,0.251
3.11,59.73,0.251
3.11,59.75,0.252
3.11,59.76,0.252
3.11,59.78,0.252
3.11,59.80,0.252
3.11,59.81,0.252
3.11,59.83,0.252
3.12,59.84,0.252
3.12,59.86,0.252
3.12,59.88,0.252
3.12,59.90,0.252
3.12,59.91,0.252
3.13,59.93,0.252
3.13,59.94,0.252
3.13,59.96,0.252
3.13,59.98,0.252
3.13,59.99,0.252
3.13,60.01,0.252
3.14,60.03,0.252
3.14,60.04,0.252
3.14,60.06,0.252
3.14,60.08,0.252
3.14,60.09,0.252
3.14,60.11,0.252
3.14,60.13,0.252
3.15,60.14,0.252
3.15,60.16,0.252
3.15,60.18,0.252
3.15,60.20,0.252
3.15,60.21,0.252
3.16,60.23,0.252
3.16,60.24,0.252
3.16,60.26,0.252
3.16,60.28,0.252
3.16,60.30,0.252
3.16,60.31,0.252
3.16,60.33,0.252
3.17,60.35,0.252
3.17,60.36,0.252
3.17,60.38,0.252
3.17,60.40,0.252
3.17,60.41,0.252
3.18,60.43,0.252
3.18,60.45,0.252
3.18,60.46,0.252
3.18,60.48,0.252
3.18,60.50,0.252
3.18,60.51,0.252
3.19,60.53,0.252
3.19,60.55,0.252
3.19,60.56,0.252
3.19,60.58,0.252
3.19,60.60,0.252
3.19,60.61,0.252
3.19,60.63,0.252
3.20,60.65,0.252
3.20,60.66,0.252
3.20,60.68,0.252
3.20,60.70,0.252
3.20,60.71,0.252
3.21,60.73,0.253
3.21,60.75,0.253
3.21,60.76,0.253
3.21,60.78,0.253
3.21,60.80,0.253
3.21,60.81,0.253
3.21,60.83,0.253
3.22,60.85,0.253
3.22,60.86,0.253
3.22,60.88,0.253
3.22,60.90,0.253
3.22,60.91,0.253
3.23,60.93,0.253
3.23,60.95,0.253
3.23,60.96,0.253
3.23,60.98,0.253
3.23,61.00,0.253
3.23,61.01,0.253
3.24,61.03,0.253
3.24,61.05,0.253
3.24,61.06,0.253
3.24,61.08,0.253
3.24,61.10,0.253
3.24,61.11,0.253
3.24,61.13,0.253
3.25,61.15,0.253
3.25,61.16,0.253
3.25,61.18,0.253
3.25,61.20,0.253
3.25,61.21,0.253
3.26,61.23,0.253
3.26,61.25,0.253
3.26,61.26,0.253
3.26,61.28,0.253
3.26,61.30,0.253
3.26,61.31,0.253
3.26,61.33,0.253
3.27,61.35,0.253
3.27,61.36,0.253
3.27,61.38,0.253
3.27,61.40,0.253
3.27,61.41,0.253
3.28,61.43,0.253
3.28,61.45,0.253
3.28,61.46,0.253
3.28,61.48,0.253
3.28,61.50,0.253
3.28,61.51,0.253
3.29,61.53,0.253
3.29,61.55,0.253
3.29,61.56,0.253
3.29,61.58,0.253
3.29,61.60,0.253
3.29,61.61,0.253
3.29,61.63,0.253
3.30,61.65,0.253
3.30,61.66,0.254
3.30,61.68,0.254
3.30,61.70,0.254
3.30,61.72,0.254
3.31,61.73,0.254
3.31,61.75,0.254
3.31,61.76,0.254
3.31,61.78,0.254
3.31,61.80,0.254
3.31,61.81,0.254
3.31,61.83,0.254
3.32,61.85,0.254
3.32,61.86,0.254
3.32,61.88,0.254
3.32,61.90,0.254
3.32,61.91,0.254
3.33,61.93,0.254
3.33,61.95,0.254
3.33,61.97,0.254
3.33,61.98,0.254
3.33,62.00,0.254
3.33,62.01,0.254
3.34,62.03,0.254
3.34,62.05,0.254
3.34,62.06,0.254
3.34,62.08,0.254
3.34,62.10,0.254
3.34,62.12,0.254
3.34,62.13,0.254
3.35,62.15,0.254
3.35,62.17,0.254
3.35,62.18,0.254
3.35,62.20,0.254
3.35,62.21,0.254
3.36,62.23,0.254
3.36,62.25,0.254
3.36,62.26,0.254
3.36,62.28,0.254
3.36,62.30,0.254
3.36,62.31,0.254
3.36,62.33,0.254
3.37,62.35,0.254
3.37,62.37,0.254
3.37,62.38,0.254
3.37,62.40,0.254
3.37,62.42,0.254
3.38,62.43,0.254
3.38,62.45,0.254
3.38,62.47,0.254
3.38,62.48,0.254
3.38,62.50,0.254
3.38,62.52,0.254
3.39,62.53,0.254
3.39,62.55,0.255
3.39,62.57,0.255
3.39,62.58,0.255
3.39,62.60,0.255
3.39,62.62,0.255
3.39,62.63,0.255
3.40,62.65,0.255
3.40,62.66,0.255
3.40,62.68,0.255
3.40,62.70,0.255
3.40,62.72,0.255
3.41,62.73,0.255
3.41,62.75,0.255
3.41,62.76,0.255
3.41,62.78,0.255
3.41,62.80,0.255
3.41,62.81,0.255
3.41,62.83,0.255
3.42,62.85,0.255
3.42,62.86,0.255
3.42,62.88,0.255
3.42,62.90,0.255
3.42,62.91,0.255
3.43,62.93,0.255
3.43,62.95,0.255
3.43,62.97,0.255
3.43,62.98,0.255
3.43,63.00,0.255
3.43,63.02,0.255
3.44,63.03,0.255
3.44,63.05,0.255
3.44,63.07,0.255
3.44,63.08,0.255
3.44,63.10,0.255
3.44,63.12,0.255
3.44,63.13,0.255
3.45,63.15,0.255
3.45,63.17,0.255
3.45,63.18,0.255
3.45,63.20,0.255
3.45,63.22,0.255
3.46,63.23,0.255
3.46,63.25,0.255
3.46,63.27,0.255
3.46,63.28,0.255
3.46,63.30,0.255
3.46,63.31,0.255
3.46,63.33,0.255
3.47,63.35,0.255
3.47,63.37,0.255
3.47,63.38,0.255
3.47,63.40,0.255
3.47,63.42,0.255
3.48,63.43,0.255
3.48,63.45,0.255
3.48,63.47,0.255
3.48,63.48,0.255
3.48,63.50,0.255
3.48,63.52,0.256
3.49,63.53,0.256
3.49,63.55,0.256
3.49,63.57,0.256
3.49,63.58,0.256
3.49,63.60,0.256
3.49,63.62,0.256
3.49,63.63,0.256
3.50,63.65,0.256
3.50,63.67,0.256
3.50,63.68,0.256
3.50,63.70,0.256
3.50,63.72,0.256
3.51,63.73,0.256
3.51,63.75,0.256
3.51,63.77,0.256
3.51,63.78,0.256
3.51,63.80,0.256
3.51,63.82,0.256
3.51,63.83,0.256
3.52,63.85,0.256
3.52,63.87,0.256
3.52,63.88,0.256
3.52,63.90,0.256
3.52,63.92,0.256
3.53,63.93,0.256
3.53,63.95,0.256
3.53,63.97,0.256
3.53,63.98,0.256
3.53,64.00,0.256
3.53,64.02,0.256
3.54,64.03,0.256
3.54,64.05,0.256
3.54,64.07,0.256
3.54,64.08,0.256
3.54,64.10,0.256
3.54,64.12,0.256
3.54,64.13,0.256
3.55,64.15,0.256
3.55,64.17,0.256
3.55,64.18,0.256
3.55,64.20,0.256
3.55,64.22,0.256
3.56,64.23,0.256
3.56,64.25,0.256
3.56,64.27,0.256
3.56,64.28,0.256
3.56,64.30,0.256
3.56,64.32,0.256
3.56,64.33,0.256
3.57,64.35,0.256
3.57,64.37,0.256
3.57,64.38,0.256
3.57,64.40,0.256
3.57,64.42,0.256
3.58,64.43,0.256
3.58,64.45,0.257
3.58,64.47,0.257
3.58,64.48,0.257
3.58,64.50,0.257
3.58,64.52,0.257
3.59,64.53,0.257
3.59,64.55,0.257
3.59,64.57,0.257
3.59,64.58,0.257
3.59,64.60,0.257
3.59,64.62,0.257
3.59,64.63,0.257
3.60,64.65,0.257
3.60,64.67,0.257
3.60,64.68,0.257
3.60,64.70,0.257
3.60,64.72,0.257
3.61,64.73,0.257
3.61,64.75,0.257
3.61,64.77,0.257
3.61,64.78,0.257
3.61,64.80,0.257
3.61,64.82,0.257
3.61,64.83,0.257
3.62,64.85,0.257
3.62,64.87,0.257
3.62,64.88,0.257
3.62,64.90,0.257
3.62,64.92,0.257
3.63,64.93,0.257
3.63,64.95,0.257
3.63,64.97,0.257
3.63,64.98,0.257
3.63,65.00,0.257
3.63,65.02,0.257
3.64,65.03,0.257
3.64,65.05,0.257
3.64,65.07,0.257
3.64,65.08,0.257
3.64,65.10,0.257
3.64,65.12,0.257
3.64,65.13,0.257
3.65,65.15,0.257
3.65,65.17,0.257
3.65,65.18,0.257
3.65,65.20,0.257
3.65,65.22,0.257
3.66,65.23,0.257
3.66,65.25,0.257
3.66,65.27,0.257
3.66,65.28,0.257
3.66,65.30,0.257
3.66,65.32,0.257
3.66,65.33,0.257
3.67,65.35,0.257
3.67,65.37,0.258
3.67,65.38,0.258
3.67,65.40,0.258
3.67,65.42,0.258
3.68,65.43,0.258
3.68,65.45,0.258
3.68,65.47,0.258
3.68,65.48,0.258
3.68,65.50,0.258
3.68,65.52,0.258
3.69,65.53,0.258
3.69,65.55,0.258
3.69,65.57,0.258
3.69,65.58,0.258
3.69,65.60,0.258
3.69,65.62,0.258
3.69,65.63,0.258
3.70,65.65,0.258
3.70,65.67,0.258
3.70,65.68,0.258
3.70,65.70,0.258
3.70,65.72,0.258
3.71,65.73,0.258
3.71,65.75,0.258
3.71,65.77,0.258
3.71,65.78,0.258
3.71,65.80,0.258
3.71,65.82,0.258
3.71,65.83,0.258
3.72,65.85,0.258
3.72,65.87,0.258
3.72,65.88,0.258
3.72,65.90,0.258
3.72,65.92,0.258
3.73,65.93,0.258
3.73,65.95,0.258
3.73,65.97,0.258
3.73,65.98,0.258
3.73,66.00,0.258
3.73,66.02,0.258
3.74,66.03,0.258
3.74,66.05,0.258
3.74,66.07,0.258
3.74,66.08,0.258
3.74,66.10,0.258
3.74,66.12,0.258
3.74,66.13,0.258
3.75,66.15,0.258
3.75,66.17,0.258
3.75,66.18,0.258
3.75,66.20,0.258
3.75,66.22,0.258
3.76,66.23,0.258
3.76,66.25,0.258
3.76,66.27,0.258
3.76,66.28,0.259
3.76,66.30,0.259
3.76,66.32,0.259
3.76,66.34,0.259
3.77,66.35,0.259
3.77,66.37,0.259
3.77,66.38,0.259
3.77,66.40,0.259
3.77,66.42,0.259
3.78,66.44,0.259
3.78,66.45,0.259
3.78,66.47,0.259
3.78,66.48,0.259
3.78,66.50,0.259
3.78,66.52,0.259
3.79,66.54,0.259
3.79,66.55,0.259
3.79,66.57,0.259
3.79,66.59,0.259
3.79,66.60,0.259
3.79,66.62,0.259
3.79,66.63,0.259
3.80,66.65,0.259
3.80,66.67,0.259
3.80,66.69,0.259
3.80,66.70,0.259
3.80,66.72,0.259
3.81,66.74,0.259
3.81,66.75,0.259
3.81,66.77,0.259
3.81,66.78,0.259
3.81,66.80,0.259
3.81,66.82,0.259
3.81,66.83,0.259
3.82,66.85,0.259
3.82,66.87,0.259
3.82,66.89,0.259
3.82,66.90,0.259
3.82,66.92,0.259
3.83,66.93,0.259
3.83,66.95,0.259
3.83,66.97,0.259
3.83,66.98,0.259
3.83,67.00,0.259
3.83,67.02,0.259
3.84,67.03,0.259
3.84,67.05,0.259
3.84,67.07,0.259
3.84,67.08,0.259
3.84,67.10,0.259
3.84,67.12,0.259
3.84,67.13,0.260
3.85,67.15,0.260
3.85,67.17,0.260
3.85,67.18,0.260
3.85,67.20,0.260
3.85,67.22,0.260
3.86,67.24,0.260
3.86,67.25,0.260
3.86,67.27,0.260
3.86,67.28,0.260
3.86,67.30,0.260
3.86,67.32,0.260
3.86,67.33,0.260
3.87,67.35,0.260
3.87,67.37,0.260
3.87,67.38,0.260
3.87,67.40,0.260
3.87,67.42,0.260
3.88,67.43,0.260
3.88,67.45,0.260
3.88,67.47,0.260
3.88,67.49,0.260
3.88,67.50,0.260
3.88,67.52,0.260
3.89,67.53,0.260
3.89,67.55,0.260
3.89,67.57,0.260
3.89,67.58,0.260
3.89,67.60,0.260
3.89,67.62,0.260
3.89,67.64,0.260
3.90,67.65,0.260
3.90,67.67,0.260
3.90,67.69,0.260
3.90,67.70,0.260
3.90,67.72,0.260
3.91,67.74,0.260
3.91,67.75,0.260
3.91,67.77,0.260
3.91,67.79,0.260
3.91,67.80,0.260
3.91,67.82,0.260
3.91,67.83,0.260
3.92,67.85,0.260
3.92,67.87,0.260
3.92,67.89,0.260
3.92,67.90,0.260
3.92,67.92,0.260
3.93,67.93,0.260
3.93,67.95,0.261
3.93,67.97,0.261
3.93,67.99,0.261
3.93,68.00,0.261
3.93,68.02,0.261
3.94,68.04,0.261
3.94,68.05,0.261
3.94,68.07,0.261
3.94,68.09,0.261
3.94,68.10,0.261
3.94,68.12,0.261
3.94,68.14,0.261
3.95,68.15,0.261
3.95,68.17,0.261
3.95,68.19,0.261
3.95,68.20,0.261
3.95,68.22,0.261
3.96,68.24,0.261
3.96,68.25,0.261
3.96,68.27,0.261
3.96,68.29,0.261
3.96,68.30,0.261
3.96,68.32,0.261
3.96,68.34,0.261
3.97,68.35,0.261
3.97,68.37,0.261
3.97,68.39,0.261
3.97,68.40,0.261
3.97,68.42,0.261
3.98,68.44,0.261
3.98,68.45,0.261
3.98,68.47,0.261
3.98,68.48,0.261
3.98,68.50,0.261
3.98,68.52,0.261
3.99,68.54,0.261
3.99,68.55,0.261
3.99,68.57,0.261
3.99,68.59,0.261
3.99,68.60,0.261
3.99,68.62,0.261
3.99,68.64,0.261
4.00,68.65,0.261
4.00,68.67,0.261
4.00,68.69,0.261
4.00,68.70,0.261
4.00,68.72,0.261
4.01,68.74,0.261
4.01,68.75,0.261
4.01,68.77,0.261
4.01,68.79,0.262
4.01,68.80,0.262
4.01,68.82,0.262
4.01,68.84,0.262
4.02,68.85,0.262
4.02,68.87,0.262
4.02,68.89,0.262
4.02,68.90,0.262
4.02,68.92,0.262
4.03,68.94,0.262
4.03,68.95,0.262
4.03,68.97,0.262
4.03,68.99,0.262
4.03,69.00,0.262
4.03,69.02,0.262
4.04,69.04,0.262
4.04,69.05,0.262
4.04,69.07,0.262
4.04,69.09,0.262
4.04,69.10,0.262
4.04,69.12,0.262
4.04,69.14,0.262
4.05,69.15,0.262
4.05,69.17,0.262
4.05,69.19,0.262
4.05,69.20,0.262
4.05,69.22,0.262
4.06,69.24,0.262
4.06,69.25,0.262
4.06,69.27,0.262
4.06,69.29,0.262
4.06,69.30,0.262
4.06,69.32,0.262
4.06,69.34,0.262
4.07,69.35,0.262
4.07,69.37,0.262
4.07,69.39,0.262
4.07,69.40,0.262
4.07,69.42,0.262
4.08,69.44,0.262
4.08,69.45,0.262
4.08,69.47,0.262
4.08,69.49,0.262
4.08,69.50,0.262
4.08,69.52,0.262
4.09,69.54,0.262
4.09,69.55,0.262
4.09,69.57,0.262
4.09,69.59,0.262
4.09,69.60,0.263
4.09,69.62,0.263
4.09,69.64,0.263
4.10,69.65,0.263
4.10,69.67,0.263
4.10,69.69,0.263
4.10,69.70,0.263
4.10,69.72,0.263
4.11,69.74,0.263
4.11,69.75,0.263
4.11,69.77,0.263
4.11,69.79,0.263
4.11,69.80,0.263
4.11,69.82,0.263
4.11,69.84,0.263
4.12,69.85,0.263
4.12,69.87,0.263
4.12,69.89,0.263
4.12,69.90,0.263
4.12,69.92,0.263
4.13,69.94,0.263
4.13,69.95,0.263
4.13,69.97,0.263
4.13,69.99,0.263
4.13,70.00,0.263
4.13,70.02,0.263
4.14,70.04,0.263
4.14,70.05,0.263
4.14,70.07,0.263
4.14,70.09,0.263
4.14,70.10,0.263
4.14,70.12,0.263
4.14,70.14,0.263
4.15,70.15,0.263
4.15,70.17,0.263
4.15,70.19,0.263
4.15,70.20,0.263
4.15,70.22,0.263
4.16,70.24,0.263
4.16,70.25,0.263
4.16,70.27,0.263
4.16,70.29,0.263
4.16,70.30,0.263
4.16,70.32,0.263
4.16,70.34,0.263
4.17,70.35,0.263
4.17,70.37,0.263
4.17,70.39,0.264
4.17,70.40,0.264
4.17,70.42,0.264
4.18,70.44,0.264
4.18,70.45,0.264
4.18,70.47,0.264
4.18,70.49,0.264
4.18,70.50,0.264
4.18,70.52,0.264
4.19,70.54,0.264
4.19,70.55,0.264
4.19,70.57,0.264
4.19,70.59,0.264
4.19,70.60,0.264
4.19,70.62,0.264
4.19,70.64,0.264
4.20,70.65,0.264
4.20,70.67,0.264
4.20,70.69,0.264
4.20,70.70,0.264
4.20,70.72,0.264
4.21,70.74,0.264
4.21,70.75,0.264
4.21,70.77,0.264
4.21,70.79,0.264
4.21,70.80,0.264
4.21,70.82,0.264
4.21,70.84,0.264
4.22,70.85,0.264
4.22,70.87,0.264
4.22,70.89,0.264
4.22,70.90,0.264
4.22,70.92,0.264
4.23,70.94,0.264
4.23,70.95,0.264
4.23,70.97,0.264
4.23,70.99,0.264
4.23,71.00,0.264
4.23,71.02,0.264
4.24,71.04,0.264
4.24,71.05,0.264
4.24,71.07,0.264
4.24,71.09,0.264
4.24,71.10,0.264
4.24,71.12,0.264
4.24,71.14,0.264
4.25,71.15,0.265
4.25,71.17,0.265
4.25,71.19,0.265
4.25,71.20,0.265
4.25,71.22,0.265
4.26,71.24,0.265
4.26,71.26,0.265
4.26,71.27,0.265
4.26,71.29,0.265
4.26,71.30,0.265
4.26,71.32,0.265
4.26,71.34,0.265
4.27,71.36,0.265
4.27,71.37,0.265
4.27,71.39,0.265
4.27,71.40,0.265
4.27,71.42,0.265
4.28,71.44,0.265
4.28,71.45,0.265
4.28,71.47,0.265
4.28,71.49,0.265
4.28,71.50,0.265
4.28,71.52,0.265
4.29,71.54,0.265
4.29,71.55,0.265
4.29,71.57,0.265
4.29,71.59,0.265
4.29,71.60,0.265
4.29,71.62,0.265
4.30,71.64,0.265
4.30,71.66,0.265
4.30,71.67,0.265
4.30,71.69,0.265
4.30,71.71,0.265
4.30,71.72,0.265
4.30,71.74,0.265
4.31,71.76,0.265
4.31,71.77,0.265
4.31,71.79,0.265
4.31,71.80,0.265
4.31,71.82,0.265
4.31,71.84,0.265
4.32,71.85,0.266
4.32,71.87,0.266
4.32,71.89,0.266
4.32,71.91,0.266
4.32,71.92,0.266
4.33,71.94,0.266
4.33,71.96,0.266
4.33,71.97,0.266
4.33,71.99,0.266
4.33,72.00,0.266
4.33,72.02,0.266
4.34,72.04,0.266
4.34,72.06,0.266
4.34,72.07,0.266
4.34,72.09,0.266
4.34,72.11,0.266
4.34,72.12,0.266
4.35,72.14,0.266
4.35,72.16,0.266
4.35,72.17,0.266
4.35,72.19,0.266
4.35,72.21,0.266
4.35,72.22,0.266
4.35,72.24,0.266
4.36,72.26,0.266
4.36,72.27,0.266
4.36,72.29,0.266
4.36,72.30,0.266
4.36,72.32,0.266
4.36,72.34,0.266
4.37,72.36,0.266
4.37,72.37,0.266
4.37,72.39,0.266
4.37,72.40,0.266
4.37,72.42,0.266
4.38,72.44,0.266
4.38,72.46,0.266
4.38,72.47,0.266
4.38,72.49,0.266
4.38,72.50,0.266
4.38,72.52,0.266
4.39,72.54,0.266
4.39,72.56,0.266
4.39,72.57,0.267
4.39,72.59,0.267
4.39,72.61,0.267
4.39,72.62,0.267
4.40,72.64,0.267
4.40,72.66,0.267
4.40,72.67,0.267
4.40,72.69,0.267
4.40,72.71,0.267
4.40,72.72,0.267
4.40,72.74,0.267
4.41,72.76,0.267
4.41,72.77,0.267
4.41,72.79,0.267
4.41,72.81,0.267
4.41,72.82,0.267
4.41,72.84,0.267
4.42,72.86,0.267
4.42,72.87,0.267
4.42,72.89,0.267
4.42,72.91,0.267
4.42,72.92,0.267
4.43,72.94,0.267
4.43,72.96,0.267
4.43,72.97,0.267
4.43,72.99,0.267
4.43,73.01,0.267
4.43,73.02,0.267
4.44,73.04,0.267
4.44,73.06,0.267
4.44,73.07,0.267
4.44,73.09,0.267
4.44,73.11,0.267
4.44,73.12,0.267
4.45,73.14,0.267
4.45,73.16,0.267
4.45,73.17,0.267
4.45,73.19,0.267
4.45,73.21,0.267
4.45,73.22,0.267
4.45,73.24,0.267
4.46,73.26,0.267
4.46,73.27,0.267
4.46,73.29,0.267
4.46,73.31,0.267
4.46,73.32,0.268
4.46,73.34,0.268
4.47,73.36,0.268
4.47,73.37,0.268
4.47,73.39,0.268
4.47,73.41,0.268
4.47,73.42,0.268
4.48,73.44,0.268
4.48,73.46,0.268
4.48,73.47,0.268
4.48,73.49,0.268
4.48,73.51,0.268
4.48,73.52,0.268
4.49,73.54,0.268
4.49,73.56,0.268
4.49,73.57,0.268
4.49,73.59,0.268
4.49,73.61,0.268
4.49,73.62,0.268
4.50,73.64,0.268
4.50,73.66,0.268
4.50,73.67,0.268
4.50,73.69,0.268
4.50,73.71,0.268
4.50,73.72,0.268
4.50,73.74,0.268
4.51,73.76,0.268
4.51,73.77,0.268
4.51,73.79,0.268
4.51,73.81,0.268
4.51,73.82,0.268
4.51,73.84,0.268
4.52,73.86,0.268
4.52,73.87,0.268
4.52,73.89,0.268
4.52,73.91,0.268
4.52,73.92,0.268
4.53,73.94,0.268
4.53,73.96,0.268
4.53,73.97,0.268
4.53,73.99,0.268
4.53,74.01,0.269
4.53,74.02,0.269
4.54,74.04,0.269
4.54,74.06,0.269
4.54,74.07,0.269
4.54,74.09,0.269
4.54,74.11,0.269
4.54,74.12,0.269
4.55,74.14,0.269
4.55,74.16,0.269
4.55,74.17,0.269
4.55,74.19,0.269
4.55,74.21,0.269
4.55,74.22,0.269
4.55,74.24,0.269
4.56,74.26,0.269
4.56,74.27,0.269
4.56,74.29,0.269
4.56,74.31,0.269
4.56,74.32,0.269
4.56,74.34,0.269
4.57,74.36,0.269
4.57,74.37,0.269
4.57,74.39,0.269
4.57,74.41,0.269
4.57,74.42,0.269
4.58,74.44,0.269
4.58,74.46,0.269
4.58,74.47,0.269
4.58,74.49,0.269
4.58,74.51,0.270
4.58,74.52,0.270
4.59,74.54,0.270
4.59,74.56,0.270
4.59,74.57,0.270
4.59,74.59,0.270
4.59,74.61,0.270
4.59,74.62,0.270
4.60,74.64,0.270
4.60,74.66,0.270
4.60,74.67,0.270
4.60,74.69,0.270
4.60,74.71,0.270
4.60,74.72,0.270
4.60,74.74,0.270
4.61,74.76,0.270
4.61,74.77,0.270
4.61,74.79,0.270
4.61,74.81,0.270
4.61,74.82,0.270
4.61,74.84,0.270
4.62,74.86,0.270
4.62,74.87,0.270
4.62,74.89,0.270
4.62,74.91,0.270
4.62,74.92,0.270
4.63,74.94,0.270
4.63,74.96,0.270
4.63,74.97,0.270
4.63,74.99,0.270
4.63,75.01,0.270
4.63,75.02,0.270
4.64,75.04,0.270
4.64,75.06,0.270
4.64,75.07,0.270
4.64,75.09,0.271
4.64,75.11,0.271
4.64,75.12,0.271
4.65,75.14,0.271
4.65,75.16,0.271
4.65,75.18,0.271
4.65,75.19,0.271
4.65,75.21,0.271
4.65,75.22,0.271
4.65,75.24,0.271
4.66,75.26,0.271
4.66,75.27,0.271
4.66,75.29,0.271
4.66,75.31,0.271
4.66,75.32,0.271
4.66,75.34,0.271
4.67,75.36,0.271
4.67,75.37,0.271
4.67,75.39,0.271
4.67,75.41,0.271
4.67,75.42,0.271
4.68,75.44,0.271
4.68,75.46,0.271
4.68,75.48,0.271
4.68,75.49,0.271
4.68,75.51,0.272
4.68,75.52,0.272
4.69,75.54,0.272
4.69,75.56,0.272
4.69,75.57,0.272
4.69,75.59,0.272
4.69,75.61,0.272
4.69,75.62,0.272
4.70,75.64,0.272
4.70,75.66,0.272
4.70,75.67,0.272
4.70,75.69,0.272
4.70,75.71,0.272
4.70,75.72,0.272
4.70,75.74,0.272
4.71,75.76,0.272
4.71,75.78,0.272
4.71,75.79,0.272
4.71,75.81,0.272
4.71,75.82,0.272
4.71,75.84,0.272
4.72,75.86,0.272
4.72,75.88,0.272
4.72,75.89,0.272
4.72,75.91,0.272
4.72,75.92,0.272
4.73,75.94,0.273
4.73,75.96,0.273
4.73,75.97,0.273
4.73,75.99,0.273
4.73,76.01,0.273
4.73,76.03,0.273
4.74,76.04,0.273
4.74,76.06,0.273
4.74,76.08,0.273
4.74,76.09,0.274
4.74,76.11,0.274
4.74,76.12,0.274
4.75,76.14,0.274
4.75,76.16,0.274
4.75,76.17,0.274
4.75,76.19,0.274
4.75,76.21,0.274
4.75,76.22,0.274
4.75,76.24,0.274
4.76,76.26,0.274
4.76,76.27,0.274
4.76,76.29,0.274
4.76,76.31,0.274
4.76,76.32,0.274
4.76,76.34,0.274
4.77,76.36,0.275
4.77,76.37,0.275
4.77,76.39,0.275
4.77,76.41,0.275
4.77,76.42,0.275
4.78,76.44,0.275
4.78,76.46,0.275
4.78,76.47,0.275
4.78,76.49,0.275
4.78,76.51,0.275
4.78,76.52,0.276
4.79,76.54,0.276
4.79,76.56,0.276
4.79,76.57,0.277
4.79,76.59,0.277
4.79,76.61,0.277
4.79,76.62,0.277
4.80,76.64,0.277
4.80,76.66,0.277
4.80,76.67,0.277
4.80,76.69,0.277
4.80,76.71,0.277
4.80,76.72,0.278
4.80,76.74,0.278
4.81,76.76,0.278
4.81,76.77,0.279
4.81,76.79,0.279
4.81,76.81,0.279
4.81,76.82,0.280
4.81,76.84,0.280
4.82,76.86,0.281
4.82,76.87,0.281
4.82,76.89,0.282
4.82,76.91,0.282
4.82,76.92,0.283
4.83,76.94,0.283
4.83,76.96,0.283
4.83,76.97,0.284
4.83,76.99,0.284
4.83,77.01,0.284
4.83,77.02,0.285
4.84,77.04,0.285
4.84,77.06,0.286
4.84,77.07,0.287
4.84,77.09,0.287
4.84,77.11,0.288
4.84,77.12,0.288
4.85,77.14,0.289
4.85,77.16,0.290
4.85,77.17,0.291
4.85,77.19,0.292
4.85,77.21,0.293
4.85,77.22,0.295
4.85,77.24,0.296
4.86,77.26,0.298
4.86,77.27,0.300
4.86,77.29,0.301
4.86,77.31,0.303
4.86,77.32,0.304
4.86,77.34,0.305
4.87,77.35,0.306
4.87,77.37,0.307
4.87,77.39,0.308
4.87,77.40,0.309
4.87,77.42,0.310
4.88,77.44,0.312
4.88,77.45,0.314
4.88,77.47,0.316
4.88,77.49,0.318
4.88,77.50,0.321
4.88,77.52,0.324
4.89,77.54,0.326
4.89,77.55,0.329
4.89,77.57,0.332
4.89,77.58,0.334
4.89,77.60,0.337
4.89,77.62,0.340
4.90,77.63,0.344
4.90,77.65,0.347
4.90,77.67,0.351
4.90,77.68,0.356
4.90,77.70,0.360
4.90,77.71,0.365
4.90,77.73,0.370
4.91,77.75,0.375
4.91,77.76,0.381
4.91,77.78,0.387
4.91,77.79,0.393
4.91,77.81,0.399
4.91,77.83,0.406
4.92,77.84,0.413
4.92,77.86,0.420
4.92,77.87,0.427
4.92,77.89,0.435
4.92,77.90,0.443
4.93,77.92,0.450
4.93,77.93,0.460
4.93,77.95,0.470
4.93,77.96,0.480
4.93,77.98,0.491
4.93,77.99,0.503
4.94,78.01,0.515
4.94,78.02,0.528
4.94,78.04,0.542
4.94,78.05,0.556
4.94,78.07,0.572
4.94,78.08,0.587
4.95,78.10,0.604
4.95,78.11,0.623
4.95,78.12,0.641
4.95,78.14,0.661
4.95,78.15,0.681
4.95,78.17,0.703
4.95,78.18,0.725
4.96,78.19,0.748
4.96,78.20,0.773
4.96,78.22,0.799
4.96,78.23,0.826
4.96,78.24,0.854
4.96,78.26,0.882
4.97,78.27,0.911
4.97,78.28,0.941
4.97,78.29,0.972
4.97,78.30,1.003
4.97,78.31,1.035
4.98,78.32,1.067
4.98,78.34,1.099
4.98,78.35,1.132
4.98,78.36,1.165
4.98,78.37,1.198
4.98,78.38,1.232
4.99,78.39,1.266
4.99,78.40,1.300
4.99,78.41,1.334
4.99,78.42,1.368
4.99,78.43,1.402
4.99,78.43,1.436
5.00,78.44,1.471
5.00,78.45,1.505
5.00,78.46,1.538
5.00,78.47,1.572
5.00,78.48,1.605
5.00,78.49,1.639
5.00,78.49,1.673
5.01,78.50,1.706
5.01,78.51,1.739
5.01,78.52,1.771
5.01,78.53,1.803
5.01,78.53,1.834
5.01,78.54,1.865
5.02,78.55,1.897
5.02,78.56,1.930
5.02,78.56,1.962
5.02,78.57,1.994
5.02,78.58,2.026
5.03,78.59,2.057
5.03,78.59,2.089
5.03,78.60,2.119
5.03,78.61,2.148
5.03,78.61,2.176
5.03,78.62,2.204
5.04,78.63,2.234
5.04,78.63,2.264
5.04,78.64,2.294
5.04,78.65,2.324
5.04,78.66,2.354
5.04,78.66,2.383
5.05,78.67,2.411
5.05,78.68,2.440
5.05,78.68,2.468
5.05,78.69,2.496
5.05,78.70,2.524
5.05,78.70,2.552
5.05,78.71,2.580
5.06,78.72,2.607
5.06,78.72,2.634
5.06,78.73,2.662
5.06,78.74,2.689
5.06,78.74,2.716
5.06,78.75,2.742
5.07,78.76,2.768
5.07,78.76,2.795
5.07,78.77,2.821
5.07,78.78,2.846
5.07,78.78,2.872
5.08,78.79,2.897
5.08,78.80,2.922
5.08,78.80,2.947
5.08,78.81,2.972
5.08,78.82,2.996
5.08,78.83,3.021
5.09,78.83,3.044
5.09,78.84,3.068
5.09,78.85,3.092
5.09,78.85,3.116
5.09,78.86,3.139
5.09,78.87,3.162
5.10,78.87,3.184
5.10,78.88,3.206
5.10,78.89,3.228
5.10,78.90,3.250
5.10,78.91,3.272
5.10,78.91,3.294
5.10,78.92,3.315
5.11,78.93,3.335
5.11,78.94,3.356
5.11,78.94,3.377
5.11,78.95,3.397
5.11,78.96,3.417
5.11,78.96,3.437
5.12,78.97,3.457
5.12,78.98,3.477
5.12,78.99,3.497
5.12,79.00,3.517
5.12,79.00,3.536
5.13,79.01,3.556
5.13,79.02,3.575
5.13,79.03,3.594
5.13,79.04,3.613
5.13,79.05,3.631
5.13,79.05,3.650
5.14,79.06,3.669
5.14,79.07,3.687
5.14,79.08,3.705
5.14,79.09,3.724
5.14,79.10,3.743
5.14,79.10,3.762
5.15,79.11,3.781
5.15,79.12,3.800
5.15,79.13,3.818
5.15,79.14,3.837
5.15,79.15,3.856
5.15,79.16,3.875
5.15,79.17,3.894
5.16,79.17,3.912
5.16,79.18,3.931
5.16,79.19,3.950
5.16,79.20,3.969
5.16,79.21,3.989
5.16,79.22,4.009
5.17,79.23,4.029
5.17,79.24,4.049
5.17,79.24,4.070
5.17,79.25,4.090
5.17,79.26,4.111
5.18,79.27,4.132
5.18,79.28,4.153
5.18,79.29,4.173
5.18,79.30,4.194
5.18,79.31,4.214
5.18,79.32,4.235
5.19,79.33,4.256
5.19,79.34,4.276
5.19,79.34,4.297
5.19,79.35,4.317
5.19,79.36,4.339
5.19,79.37,4.360
5.20,79.38,4.382
5.20,79.39,4.403
5.20,79.40,4.425
5.20,79.41,4.446
5.20,79.42,4.467
5.20,79.43,4.488
5.20,79.43,4.509
5.21,79.44,4.530
5.21,79.45,4.552
5.21,79.46,4.573
5.21,79.47,4.594
5.21,79.48,4.616
5.21,79.49,4.638
5.22,79.50,4.660
5.22,79.51,4.682
5.22,79.51,4.704
5.22,79.52,4.725
5.22,79.53,4.746
5.23,79.54,4.768
5.23,79.55,4.790
5.23,79.56,4.811
5.23,79.57,4.831
5.23,79.58,4.852
5.23,79.58,4.873
5.24,79.59,4.894
5.24,79.60,4.914
5.24,79.61,4.935
5.24,79.62,4.955
5.24,79.63,4.975
5.24,79.64,4.995
5.25,79.65,5.015
5.25,79.66,5.035
5.25,79.67,5.054
5.25,79.67,5.074
5.25,79.68,5.093
5.25,79.69,5.112
5.25,79.70,5.131
5.26,79.71,5.150
5.26,79.72,5.170
5.26,79.73,5.188
5.26,79.74,5.208
5.26,79.75,5.226
5.26,79.76,5.245
5.27,79.77,5.263
5.27,79.78,5.281
5.27,79.79,5.299
5.27,79.79,5.317
5.27,79.80,5.334
5.28,79.81,5.351
5.28,79.82,5.368
5.28,79.83,5.385
5.28,79.84,5.402
5.28,79.85,5.419
5.28,79.86,5.435
5.29,79.87,5.452
5.29,79.88,5.469
5.29,79.89,5.485
5.29,79.90,5.502
5.29,79.91,5.518
5.29,79.92,5.533
5.30,79.93,5.548
5.30,79.94,5.563
5.30,79.95,5.577
5.30,79.96,5.591
5.30,79.97,5.605
5.30,79.98,5.619
5.30,79.99,5.634
5.31,80.00,5.649
5.31,80.01,5.664
5.31,80.02,5.680
5.31,80.03,5.695
5.31,80.04,5.711
5.31,80.05,5.726
5.32,80.06,5.742
5.32,80.07,5.758
5.32,80.08,5.773
5.32,80.09,5.788
5.32,80.10,5.803
5.33,80.11,5.817
5.33,80.12,5.830
5.33,80.13,5.842
5.33,80.14,5.854
5.33,80.15,5.865
5.33,80.16,5.875
5.34,80.17,5.885
5.34,80.19,5.894
5.34,80.20,5.903
5.34,80.21,5.912
5.34,80.22,5.921
5.34,80.23,5.929
5.35,80.24,5.937
5.35,80.25,5.946
5.35,80.26,5.953
5.35,80.28,5.961
5.35,80.29,5.967
5.35,80.30,5.974
5.35,80.31,5.979
5.36,80.32,5.984
5.36,80.34,5.987
5.36,80.35,5.989
5.36,80.36,5.989
5.36,80.37,5.988
5.36,80.38,5.986
5.37,80.40,5.983
5.37,80.41,5.979
5.37,80.42,5.974
5.37,80.44,5.971
5.37,80.45,5.968
5.38,80.46,5.966
5.38,80.48,5.965
5.38,80.49,5.965
5.38,80.50,5.966
5.38,80.52,5.967
5.38,80.53,5.969
5.39,80.55,5.973
5.39,80.56,5.976
5.39,80.57,5.980
5.39,80.59,5.985
5.39,80.60,5.991
5.39,80.62,5.998
5.40,80.63,6.005
5.40,80.64,6.011
5.40,80.66,6.015
5.40,80.67,6.019
5.40,80.69,6.019
5.40,80.70,6.019
5.40,80.71,6.014
5.41,80.73,6.008
5.41,80.74,5.999
5.41,80.76,5.989
5.41,80.77,5.977
5.41,80.79,5.965
5.41,80.81,5.953
5.42,80.82,5.940
5.42,80.84,5.928
5.42,80.85,5.916
5.42,80.87,5.906
5.42,80.89,5.895
5.43,80.90,5.885
5.43,80.92,5.874
5.43,80.94,5.864
5.43,80.95,5.852
5.43,80.97,5.840
5.43,80.99,5.827
5.44,81.00,5.812
5.44,81.02,5.794
5.44,81.04,5.775
5.44,81.06,5.753
5.44,81.08,5.729
5.44,81.09,5.701
5.45,81.11,5.671
5.45,81.13,5.639
5.45,81.15,5.605
5.45,81.17,5.570
5.45,81.19,5.534
5.45,81.21,5.497
5.45,81.23,5.460
5.46,81.25,5.421
5.46,81.27,5.379
5.46,81.29,5.335
5.46,81.32,5.287
5.46,81.34,5.235
5.46,81.36,5.178
5.47,81.38,5.115
5.47,81.41,5.046
5.47,81.43,4.969
5.47,81.46,4.885
5.47,81.48,4.795
5.48,81.51,4.698
5.48,81.54,4.597
5.48,81.57,4.491
5.48,81.60,4.382
5.48,81.63,4.273
5.48,81.66,4.164
5.49,81.69,4.057
5.49,81.73,3.951
5.49,81.76,3.847
5.49,81.79,3.744
5.49,81.83,3.642
5.49,81.86,3.540
5.50,81.90,3.441
5.50,81.94,3.343
5.50,81.97,3.246
5.50,82.01,3.154
5.50,82.05,3.066
5.50,82.08,2.983
5.50,82.12,2.906
5.51,82.16,2.833
5.51,82.20,2.766
5.51,82.24,2.702
5.51,82.27,2.643
5.51,82.31,2.586
5.51,82.35,2.532
5.52,82.39,2.479
5.52,82.43,2.428
5.52,82.46,2.379
5.52,82.50,2.330
5.52,82.54,2.281
5.53,82.58,2.232
5.53,82.61,2.183
5.53,82.65,2.133
5.53,82.69,2.085
5.53,82.72,2.037
5.53,82.76,1.991
5.54,82.80,1.946
5.54,82.83,1.904
5.54,82.87,1.864
5.54,82.91,1.828
5.54,82.94,1.793
5.54,82.98,1.760
5.55,83.01,1.730
5.55,83.05,1.702
5.55,83.08,1.673
5.55,83.12,1.647
5.55,83.15,1.622
5.55,83.19,1.598
5.55,83.22,1.574
5.56,83.25,1.552
5.56,83.29,1.529
5.56,83.32,1.508
5.56,83.35,1.487
5.56,83.39,1.466
5.56,83.42,1.446
5.57,83.45,1.425
5.57,83.48,1.406
5.57,83.51,1.386
5.57,83.55,1.368
5.57,83.58,1.350
5.58,83.61,1.332
5.58,83.64,1.315
5.58,83.67,1.298
5.58,83.70,1.281
5.58,83.73,1.265
5.58,83.76,1.250
5.59,83.79,1.234
5.59,83.82,1.218
5.59,83.85,1.204
5.59,83.87,1.188
5.59,83.90,1.174
5.59,83.93,1.159
5.60,83.96,1.144
5.60,83.99,1.130
5.60,84.02,1.115
5.60,84.04,1.102
5.60,84.07,1.088
5.60,84.10,1.075
5.60,84.13,1.062
5.61,84.15,1.049
5.61,84.18,1.036
5.61,84.21,1.024
5.61,84.23,1.012
5.61,84.26,1.000
5.61,84.28,0.989
5.62,84.31,0.977
5.62,84.34,0.967
5.62,84.36,0.955
5.62,84.39,0.945
5.62,84.41,0.935
5.63,84.44,0.924
5.63,84.46,0.914
5.63,84.49,0.904
5.63,84.51,0.894
5.63,84.54,0.884
5.63,84.56,0.873
5.64,84.59,0.863
5.64,84.61,0.853
5.64,84.64,0.843
5.64,84.66,0.834
5.64,84.68,0.826
5.64,84.71,0.817
5.65,84.73,0.808
5.65,84.76,0.800
5.65,84.78,0.791
5.65,84.80,0.783
5.65,84.82,0.775
5.65,84.85,0.767
5.65,84.87,0.759
5.66,84.89,0.751
5.66,84.92,0.744
5.66,84.94,0.737
5.66,84.96,0.731
5.66,84.99,0.723
5.66,85.01,0.717
5.67,85.03,0.710
5.67,85.05,0.703
5.67,85.07,0.696
5.67,85.10,0.687
5.67,85.12,0.679
5.68,85.14,0.670
5.68,85.16,0.663
5.68,85.18,0.657
5.68,85.21,0.652
5.68,85.23,0.648
5.68,85.25,0.645
5.69,85.27,0.641
5.69,85.29,0.637
5.69,85.31,0.632
5.69,85.33,0.626
5.69,85.35,0.620
5.69,85.37,0.613
5.70,85.40,0.606
5.70,85.42,0.599
5.70,85.44,0.592
5.70,85.46,0.586
5.70,85.48,0.582
5.70,85.50,0.578
5.70,85.52,0.573
5.71,85.54,0.569
5.71,85.56,0.565
5.71,85.58,0.561
5.71,85.60,0.557
5.71,85.62,0.553
5.71,85.64,0.549
5.72,85.66,0.545
5.72,85.68,0.540
5.72,85.70,0.536
5.72,85.72,0.532
5.72,85.74,0.528
5.73,85.76,0.524
5.73,85.78,0.520
5.73,85.80,0.517
5.73,85.82,0.514
5.73,85.84,0.510
5.73,85.86,0.507
5.74,85.88,0.503
5.74,85.90,0.499
5.74,85.92,0.495
5.74,85.94,0.491
5.74,85.96,0.487
5.74,85.98,0.484
5.75,86.00,0.480
5.75,86.02,0.477
5.75,86.03,0.474
5.75,86.05,0.472
5.75,86.07,0.469
5.75,86.09,0.467
5.75,86.11,0.465
5.76,86.13,0.462
5.76,86.15,0.459
5.76,86.17,0.456
5.76,86.19,0.453
5.76,86.20,0.450
5.76,86.22,0.447
5.77,86.24,0.444
5.77,86.26,0.441
5.77,86.28,0.439
5.77,86.30,0.436
5.77,86.32,0.434
5.78,86.34,0.432
5.78,86.35,0.430
5.78,86.37,0.427
5.78,86.39,0.425
5.78,86.41,0.423
5.78,86.43,0.421
5.79,86.45,0.418
5.79,86.47,0.417
5.79,86.48,0.415
5.79,86.50,0.413
5.79,86.52,0.410
5.79,86.54,0.408
5.80,86.56,0.407
5.80,86.57,0.405
5.80,86.59,0.403
5.80,86.61,0.402
5.80,86.63,0.400
5.80,86.65,0.398
5.80,86.67,0.397
5.81,86.68,0.395
5.81,86.70,0.393
5.81,86.72,0.391
5.81,86.74,0.389
5.81,86.75,0.388
5.81,86.77,0.386
5.82,86.79,0.384
5.82,86.81,0.383
5.82,86.83,0.382
5.82,86.84,0.380
5.82,86.86,0.378
5.83,86.88,0.377
5.83,86.90,0.375
5.83,86.92,0.374
5.83,86.93,0.373
5.83,86.95,0.372
5.83,86.97,0.370
5.84,86.99,0.369
5.84,87.01,0.368
5.84,87.02,0.367
5.84,87.04,0.365
5.84,87.06,0.363
5.84,87.08,0.362
5.85,87.09,0.361
5.85,87.11,0.359
5.85,87.13,0.358
5.85,87.15,0.357
5.85,87.16,0.356
5.85,87.18,0.355
5.85,87.20,0.354
5.86,87.22,0.354
5.86,87.23,0.354
5.86,87.25,0.353
5.86,87.27,0.352
5.86,87.29,0.352
5.86,87.30,0.351
5.87,87.32,0.350
5.87,87.34,0.348
5.87,87.36,0.346
5.87,87.37,0.345
5.87,87.39,0.344
5.88,87.41,0.343
5.88,87.43,0.342
5.88,87.44,0.341
5.88,87.46,0.340
5.88,87.48,0.340
5.88,87.50,0.339
5.89,87.51,0.338
5.89,87.53,0.337
5.89,87.55,0.337
5.89,87.56,0.336
5.89,87.58,0.335
5.89,87.60,0.335
5.90,87.62,0.335
5.90,87.63,0.335
5.90,87.65,0.334
5.90,87.67,0.333
5.90,87.69,0.332
5.90,87.70,0.331
5.90,87.72,0.330
5.91,87.74,0.329
5.91,87.75,0.329
5.91,87.77,0.329
5.91,87.79,0.328
5.91,87.81,0.328
5.91,87.82,0.327
5.92,87.84,0.327
5.92,87.86,0.326
5.92,87.87,0.325
5.92,87.89,0.324
5.92,87.91,0.323
5.93,87.93,0.323
5.93,87.94,0.322
5.93,87.96,0.321
5.93,87.98,0.321
5.93,87.99,0.321
5.93,88.01,0.320
5.94,88.03,0.320
5.94,88.04,0.319
5.94,88.06,0.319
5.94,88.08,0.318
5.94,88.10,0.318
5.94,88.11,0.318
5.95,88.13,0.318
5.95,88.15,0.318
5.95,88.16,0.318
5.95,88.18,0.317
5.95,88.20,0.317
5.95,88.22,0.317
5.95,88.23,0.316
5.96,88.25,0.315
5.96,88.27,0.315
5.96,88.28,0.314
5.96,88.30,0.314
5.96,88.32,0.314
5.96,88.34,0.314
5.97,88.35,0.313
5.97,88.37,0.313
5.97,88.39,0.313
5.97,88.40,0.313
5.97,88.42,0.312
5.98,88.44,0.312
5.98,88.45,0.311
5.98,88.47,0.311
5.98,88.49,0.311
5.98,88.50,0.311
5.98,88.52,0.311
5.99,88.54,0.311
5.99,88.55,0.311
5.99,88.57,0.310
5.99,88.59,0.310
5.99,88.61,0.310
5.99,88.62,0.309
6.00,88.64,0.309
6.00,88.66,0.308
6.00,88.67,0.308
6.00,88.69,0.307
6.00,88.71,0.307
6.00,88.72,0.307
6.00,88.74,0.307
6.01,88.76,0.307
6.01,88.77,0.307
6.01,88.79,0.307
6.01,88.81,0.307
6.01,88.83,0.307
6.01,88.84,0.307
6.02,88.86,0.306
6.02,88.88,0.306
6.02,88.89,0.306
6.02,88.91,0.306
6.02,88.93,0.306
6.03,88.94,0.306
6.03,88.96,0.306
6.03,88.98,0.305
6.03,88.99,0.305
6.03,89.01,0.305
6.03,89.03,0.304
6.04,89.04,0.304
6.04,89.06,0.304
6.04,89.08,0.304
6.04,89.09,0.304
6.04,89.11,0.304
6.04,89.13,0.304
6.05,89.15,0.304
6.05,89.16,0.303
6.05,89.18,0.303
6.05,89.20,0.303
6.05,89.21,0.303
6.05,89.23,0.303
6.05,89.25,0.303
6.06,89.26,0.303
6.06,89.28,0.302
6.06,89.30,0.302
6.06,89.31,0.302
6.06,89.33,0.302
6.06,89.35,0.302
6.07,89.36,0.302
6.07,89.38,0.302
6.07,89.40,0.302
6.07,89.41,0.302
6.07,89.43,0.302
6.08,89.45,0.302
6.08,89.46,0.302
6.08,89.48,0.301
6.08,89.50,0.301
6.08,89.51,0.301
6.08,89.53,0.301
6.09,89.55,0.301
6.09,89.56,0.301
6.09,89.58,0.301
6.09,89.60,0.301
6.09,89.61,0.300
6.09,89.63,0.300
6.10,89.65,0.300
6.10,89.67,0.300
6.10,89.68,0.300
6.10,89.70,0.300
6.10,89.72,0.300
6.10,89.73,0.300
6.10,89.75,0.300
6.11,89.77,0.300
6.11,89.78,0.300
6.11,89.80,0.300
6.11,89.82,0.300
6.11,89.83,0.300
6.11,89.85,0.300
6.12,89.87,0.300
6.12,89.88,0.299
6.12,89.90,0.299
6.12,89.92,0.299
6.12,89.93,0.299
6.13,89.95,0.299
6.13,89.97,0.299
6.13,89.98,0.299
6.13,90.00,0.299
6.13,90.02,0.299
6.13,90.03,0.299
6.14,90.05,0.299
6.14,90.07,0.299
6.14,90.08,0.299
6.14,90.10,0.299
6.14,90.12,0.299
6.14,90.13,0.299
6.15,90.15,0.299
6.15,90.17,0.299
6.15,90.18,0.299
6.15,90.20,0.299
6.15,90.22,0.299
6.15,90.23,0.299
6.15,90.25,0.299
6.16,90.27,0.298
6.16,90.29,0.298
6.16,90.30,0.298
6.16,90.32,0.298
6.16,90.34,0.298
6.16,90.35,0.298
6.17,90.37,0.298
6.17,90.38,0.298
6.17,90.40,0.298
6.17,90.42,0.298
6.17,90.44,0.298
6.18,90.45,0.298
6.18,90.47,0.298
6.18,90.49,0.298
6.18,90.50,0.298
6.18,90.52,0.298
6.18,90.54,0.298
6.19,90.55,0.298
6.19,90.57,0.298
6.19,90.59,0.298
6.19,90.60,0.298
6.19,90.62,0.298
6.19,90.64,0.298
6.20,90.65,0.298
6.20,90.67,0.298
6.20,90.69,0.298
6.20,90.70,0.298
6.20,90.72,0.298
6.20,90.73,0.298
6.20,90.75,0.298
6.21,90.77,0.298
6.21,90.79,0.298
6.21,90.80,0.298
6.21,90.82,0.298
6.21,90.84,0.298
6.21,90.85,0.298
6.22,90.87,0.298
6.22,90.89,0.298
6.22,90.90,0.298
6.22,90.92,0.298
6.22,90.94,0.298
6.23,90.95,0.298
6.23,90.97,0.298
6.23,90.99,0.298
6.23,91.00,0.298
6.23,91.02,0.298
6.23,91.04,0.298
6.24,91.05,0.298
6.24,91.07,0.298
6.24,91.09,0.298
6.24,91.10,0.298
6.24,91.12,0.297
6.24,91.14,0.297
6.25,91.15,0.297
6.25,91.17,0.297
6.25,91.19,0.297
6.25,91.20,0.297
6.25,91.22,0.297
6.25,91.24,0.297
6.25,91.25,0.297
6.26,91.27,0.297
6.26,91.29,0.297
6.26,91.30,0.297
6.26,91.32,0.297
6.26,91.34,0.297
6.26,91.35,0.297
6.27,91.37,0.297
6.27,91.39,0.297
6.27,91.40,0.297
6.27,91.42,0.297
6.27,91.44,0.297
6.28,91.45,0.297
6.28,91.47,0.297
6.28,91.49,0.297
6.28,91.50,0.297
6.28,91.52,0.297
6.28,91.54,0.297
6.29,91.55,0.297
6.29,91.57,0.297
6.29,91.59,0.297
6.29,91.60,0.297
6.29,91.62,0.297
6.29,91.64,0.297
6.30,91.65,0.297
6.30,91.67,0.297
6.30,91.69,0.297
6.30,91.70,0.297
6.30,91.72,0.297
6.30,91.74,0.297
6.30,91.75,0.297
6.31,91.77,0.297
6.31,91.79,0.297
6.31,91.80,0.297
6.31,91.82,0.297
6.31,91.84,0.297
6.31,91.85,0.297
6.32,91.87,0.297
6.32,91.89,0.297
6.32,91.90,0.297
6.32,91.92,0.297
6.32,91.94,0.297
6.33,91.95,0.297
6.33,91.97,0.297
6.33,91.99,0.297
6.33,92.00,0.297
6.33,92.02,0.297
6.33,92.04,0.297
6.34,92.05,0.297
6.34,92.07,0.297
6.34,92.09,0.297
6.34,92.10,0.297
6.34,92.12,0.297
6.34,92.14,0.297
6.35,92.15,0.297
6.35,92.17,0.297
6.35,92.19,0.297
6.35,92.20,0.297
6.35,92.22,0.296
6.35,92.24,0.296
6.35,92.26,0.296
6.36,92.27,0.296
6.36,92.29,0.296
6.36,92.31,0.296
6.36,92.32,0.296
6.36,92.34,0.296
6.36,92.36,0.296
6.37,92.37,0.296
6.37,92.39,0.296
6.37,92.40,0.296
6.37,92.42,0.296
6.37,92.44,0.296
6.38,92.46,0.296
6.38,92.47,0.296
6.38,92.49,0.296
6.38,92.51,0.296
6.38,92.52,0.296
6.38,92.54,0.296
6.39,92.56,0.296
6.39,92.57,0.296
6.39,92.59,0.296
6.39,92.60,0.296
6.39,92.62,0.296
6.39,92.64,0.296
6.40,92.66,0.296
6.40,92.67,0.296
6.40,92.69,0.296
6.40,92.70,0.296
6.40,92.72,0.296
6.40,92.74,0.296
6.40,92.76,0.296
6.41,92.77,0.296
6.41,92.79,0.296
6.41,92.81,0.296
6.41,92.82,0.296
6.41,92.84,0.296
6.41,92.86,0.296
6.42,92.87,0.296
6.42,92.89,0.296
6.42,92.91,0.296
6.42,92.92,0.296
6.42,92.94,0.296
6.43,92.96,0.296
6.43,92.97,0.296
6.43,92.99,0.296
6.43,93.01,0.296
6.43,93.02,0.296
6.43,93.04,0.296
6.44,93.06,
6.44,93.07,
6.44,93.09,
6.44,93.11,
6.44,93.12,
6.44,93.14,
6.45,93.16,
6.45,93.17,
6.45,93.19,
6.45,93.20,
6.45,93.22,
6.45,93.24,
6.45,93.26,
6.46,93.27,
6.46,93.29,
6.46,93.30,
6.46,93.32,
6.46,93.34,
6.46,93.36,
6.47,93.37,
6.47,93.39,
6.47,93.41,
6.47,93.42,
6.47,93.44,
6.48,93.46,
6.48,93.47,
6.48,93.49,
6.48,93.51,
6.48,93.52,
6.48,93.54,
6.49,,
6.49,,
6.49,,
6.49,,
6.49,,

[step]
Ramp 10.00 °C/min to 30.00 °C
Time,Temperature,Heat Flow (Normalized)
min,°C,W/g
7.49,95.13,-0.035
7.50,95.13,-0.035
7.50,95.13,-0.035
7.50,95.13,-0.035
7.50,95.13,-0.035
7.50,95.13,-0.035
7.50,95.13,-0.035
7.50,95.13,-0.035
7.51,95.13,-0.035
7.51,95.13,-0.035
7.51,95.13,-0.035
7.51,95.13,-0.035
7.51,95.13,-0.036
7.51,95.13,-0.036
7.52,95.13,-0.036
7.52,95.13,-0.036
7.52,95.13,-0.036
7.52,95.12,-0.036
7.52,95.12,-0.036
7.53,95.12,-0.036
7.53,95.12,-0.036
7.53,95.12,-0.036
7.53,95.12,-0.036
7.53,95.12,-0.036
7.53,95.12,-0.036
7.54,95.12,-0.036
7.54,95.12,-0.037
7.54,95.12,-0.037
7.54,95.12,-0.038
7.54,95.11,-0.038
7.54,95.11,-0.039
7.55,95.11,-0.041
7.55,95.11,-0.042
7.55,95.11,-0.044
7.55,95.11,-0.046
7.55,95.11,-0.048
7.55,95.10,-0.050
7.55,95.10,-0.052
7.56,95.10,-0.054
7.56,95.10,-0.056
7.56,95.10,-0.058
7.56,95.09,-0.060
7.56,95.09,-0.063
7.56,95.09,-0.065
7.57,95.08,-0.067
7.57,95.08,-0.069
7.57,95.08,-0.071
7.57,95.07,-0.074
7.57,95.07,-0.076
7.58,95.06,-0.079
7.58,95.06,-0.081
7.58,95.06,-0.084
7.58,95.05,-0.087
7.58,95.05,-0.090
7.58,95.04,-0.093
7.59,95.04,-0.096
7.59,95.03,-0.098
7.59,95.03,-0.101
7.59,95.02,-0.104
7.59,95.01,-0.106
7.59,95.01,-0.109
7.60,95.00,-0.112
7.60,94.99,-0.115
7.60,94.99,-0.119
7.60,94.98,-0.123
7.60,94.97,-0.126
7.60,94.97,-0.129
7.60,94.96,-0.132
7.61,94.95,-0.135
7.61,94.94,-0.138
7.61,94.93,-0.141
7.61,94.93,-0.145
7.61,94.92,-0.148
7.61,94.91,-0.151
7.62,94.90,-0.155
7.62,94.89,-0.158
7.62,94.88,-0.161
7.62,94.88,-0.163
7.62,94.87,-0.166
7.63,94.86,-0.168
7.63,94.85,-0.171
7.63,94.84,-0.174
7.63,94.83,-0.176
7.63,94.82,-0.180
7.63,94.81,-0.183
7.64,94.80,-0.186
7.64,94.79,-0.188
7.64,94.78,-0.191
7.64,94.77,-0.194
7.64,94.76,-0.197
7.64,94.75,-0.199
7.65,94.74,-0.202
7.65,94.73,-0.205
7.65,94.71,-0.207
7.65,94.70,-0.210
7.65,94.69,-0.212
7.65,94.68,-0.214
7.65,94.67,-0.216
7.66,94.66,-0.218
7.66,94.65,-0.220
7.66,94.64,-0.223
7.66,94.62,-0.226
7.66,94.61,-0.228
7.66,94.60,-0.230
7.67,94.59,-0.232
7.67,94.58,-0.234
7.67,94.57,-0.235
7.67,94.55,-0.236
7.67,94.54,-0.238
7.68,94.53,-0.239
7.68,94.52,-0.240
7.68,94.50,-0.242
7.68,94.49,-0.245
7.68,94.48,-0.247
7.68,94.47,-0.249
7.69,94.45,-0.251
7.69,94.44,-0.252
7.69,94.43,-0.254
7.69,94.42,-0.255
7.69,94.40,-0.257
7.69,94.39,-0.258
7.70,94.38,-0.260
7.70,94.36,-0.261
7.70,94.35,-0.263
7.70,94.34,-0.265
7.70,94.33,-0.267
7.70,94.31,-0.268
7.70,94.30,-0.270
7.71,94.29,-0.271
7.71,94.27,-0.272
7.71,94.26,-0.273
7.71,94.25,-0.274
7.71,94.23,-0.276
7.71,94.22,-0.277
7.72,94.21,-0.278
7.72,94.19,-0.279
7.72,94.18,-0.281
7.72,94.16,-0.282
7.72,94.15,-0.283
7.73,94.14,-0.285
7.73,94.12,-0.286
7.73,94.11,-0.286
7.73,94.10,-0.287
7.73,94.08,-0.289
7.73,94.07,-0.289
7.74,94.05,-0.290
7.74,94.04,-0.291
7.74,94.03,-0.293
7.74,94.01,-0.294
7.74,94.00,-0.295
7.74,93.98,-0.297
7.75,93.97,-0.298
7.75,93.96,-0.299
7.75,93.94,-0.299
7.75,93.93,-0.300
7.75,93.91,-0.301
7.75,93.90,-0.302
7.75,93.88,-0.303
7.76,93.87,-0.304
7.76,93.86,-0.306
7.76,93.84,-0.307
7.76,93.83,-0.308
7.76,93.81,-0.309
7.76,93.80,-0.309
7.77,93.78,-0.309
7.77,93.77,-0.309
7.77,93.75,-0.310
7.77,93.74,-0.310
7.77,93.72,-0.311
7.78,93.71,-0.312
7.78,93.69,-0.314
7.78,93.68,-0.316
7.78,93.66,-0.317
7.78,93.65,-0.318
7.78,93.64,-0.319
7.79,93.62,-0.320
7.79,93.60,-0.320
7.79,93.59,-0.320
7.79,93.58,-0.320
7.79,93.56,-0.321
7.79,93.55,-0.322
7.80,93.53,-0.322
7.80,93.52,-0.323
7.80,93.50,-0.323
7.80,93.48,-0.323
7.80,93.47,-0.323
7.80,93.45,-0.325
7.80,93.44,-0.326
7.81,93.42,-0.326
7.81,93.41,-0.326
7.81,93.39,-0.327
7.81,93.38,-0.328
7.81,93.36,-0.329
7.81,93.35,-0.329
7.82,93.33,-0.329
7.82,93.32,-0.330
7.82,93.30,-0.330
7.82,93.29,-0.331
7.82,93.27,-0.331
7.83,93.25,-0.332
7.83,93.24,-0.332
7.83,93.22,-0.332
7.83,93.21,-0.333
7.83,93.19,-0.334
7.83,93.18,-0.334
7.84,93.16,-0.335
7.84,93.15,-0.335
7.84,93.13,-0.336
7.84,93.12,-0.336
7.84,93.10,-0.337
7.84,93.08,-0.337
7.85,93.07,-0.338
7.85,93.05,-0.338
7.85,93.04,-0.338
7.85,93.02,-0.339
7.85,93.01,-0.339
7.85,92.99,-0.339
7.85,92.97,-0.339
7.86,92.96,-0.339
7.86,92.94,-0.339
7.86,92.93,-0.340
7.86,92.91,-0.340
7.86,92.90,-0.340
7.86,92.88,-0.341
7.87,92.86,-0.341
7.87,92.85,-0.342
7.87,92.83,-0.342
7.87,92.82,-0.343
7.87,92.80,-0.343
7.88,92.79,-0.343
7.88,92.77,-0.343
7.88,92.76,-0.343
7.88,92.74,-0.343
7.88,92.72,-0.343
7.88,92.71,-0.343
7.89,92.69,-0.343
7.89,92.67,-0.343
7.89,92.66,-0.344
7.89,92.64,-0.345
7.89,92.63,-0.345
7.89,92.61,-0.346
7.90,92.59,-0.347
7.90,92.58,-0.347
7.90,92.56,-0.347
7.90,92.55,-0.347
7.90,92.53,-0.347
7.90,92.52,-0.347
7.90,92.50,-0.348
7.91,92.48,-0.348
7.91,92.47,-0.348
7.91,92.45,-0.348
7.91,92.44,-0.348
7.91,92.42,-0.348
7.91,92.40,-0.348
7.92,92.39,-0.348
7.92,92.37,-0.349
7.92,92.36,-0.349
7.92,92.34,-0.349
7.92,92.32,-0.349
7.93,92.31,-0.349
7.93,92.29,-0.349
7.93,92.28,-0.349
7.93,92.26,-0.349
7.93,92.24,-0.349
7.93,92.23,-0.350
7.94,92.21,-0.350
7.94,92.20,-0.350
7.94,92.18,-0.350
7.94,92.16,-0.350
7.94,92.15,-0.350
7.94,92.13,-0.351
7.95,92.11,-0.351
7.95,92.10,-0.351
7.95,92.08,-0.351
7.95,92.07,-0.351
7.95,92.05,-0.352
7.95,92.03,-0.352
7.95,92.02,-0.352
7.96,92.00,-0.352
7.96,91.99,-0.352
7.96,91.97,-0.352
7.96,91.95,-0.353
7.96,91.94,-0.353
7.96,91.92,-0.353
7.97,91.90,-0.353
7.97,91.89,-0.353
7.97,91.87,-0.353
7.97,91.86,-0.353
7.97,91.84,-0.353
7.98,91.82,-0.353
7.98,91.81,-0.353
7.98,91.79,-0.354
7.98,91.78,-0.354
7.98,91.76,-0.354
7.98,91.74,-0.354
7.99,91.73,-0.355
7.99,91.71,-0.355
7.99,91.69,-0.355
7.99,91.68,-0.355
7.99,91.66,-0.355
7.99,91.64,-0.355
8.00,91.63,-0.355
8.00,91.61,-0.355
8.00,91.60,-0.355
8.00,91.58,-0.355
8.00,91.56,-0.355
8.00,91.55,-0.355
8.00,91.53,-0.355
8.01,91.51,-0.355
8.01,91.50,-0.355
8.01,91.48,-0.355
8.01,91.47,-0.355
8.01,91.45,-0.356
8.01,91.43,-0.356
8.02,91.42,-0.356
8.02,91.40,-0.356
8.02,91.38,-0.356
8.02,91.37,-0.356
8.02,91.35,-0.356
8.03,91.34,-0.356
8.03,91.32,-0.356
8.03,91.30,-0.356
8.03,91.29,-0.356
8.03,91.27,-0.356
8.03,91.25,-0.356
8.04,91.24,-0.356
8.04,91.22,-0.356
8.04,91.20,-0.356
8.04,91.19,-0.356
8.04,91.17,-0.356
8.04,91.16,-0.356
8.05,91.14,-0.357
8.05,91.12,-0.357
8.05,91.11,-0.357
8.05,91.09,-0.357
8.05,91.07,-0.357
8.05,91.06,-0.357
8.05,91.04,-0.357
8.06,91.02,-0.357
8.06,91.01,-0.357
8.06,90.99,-0.357
8.06,90.98,-0.357
8.06,90.96,-0.357
8.06,90.94,-0.357
8.07,90.93,-0.357
8.07,90.91,-0.357
8.07,90.89,-0.357
8.07,90.88,-0.357
8.07,90.86,-0.357
8.08,90.84,-0.357
8.08,90.83,-0.357
8.08,90.81,-0.357
8.08,90.80,-0.357
8.08,90.78,-0.357
8.08,90.76,-0.357
8.09,90.75,-0.358
8.09,90.73,-0.358
8.09,90.71,-0.358
8.09,90.70,-0.358
8.09,90.68,-0.358
8.09,90.66,-0.358
8.10,90.65,-0.358
8.10,90.63,-0.358
8.10,90.61,-0.358
8.10,90.60,-0.358
8.10,90.58,-0.358
8.10,90.57,-0.358
8.10,90.55,-0.358
8.11,90.53,-0.358
8.11,90.52,-0.358
8.11,90.50,-0.358
8.11,90.48,-0.358
8.11,90.47,-0.358
8.11,90.45,-0.358
8.12,90.43,-0.358
8.12,90.42,-0.358
8.12,90.40,-0.358
8.12,90.38,-0.358
8.12,90.37,-0.358
8.13,90.35,-0.358
8.13,90.34,-0.358
8.13,90.32,-0.358
8.13,90.30,-0.358
8.13,90.29,-0.358
8.13,90.27,-0.358
8.14,90.25,-0.358
8.14,90.24,-0.358
8.14,90.22,-0.358
8.14,90.20,-0.358
8.14,90.19,-0.358
8.14,90.17,-0.358
8.15,90.15,-0.358
8.15,90.14,-0.358
8.15,90.12,-0.358
8.15,90.10,-0.358
8.15,90.09,-0.358
8.15,90.07,-0.358
8.15,90.05,-0.358
8.16,90.04,-0.358
8.16,90.02,-0.358
8.16,90.01,-0.358
8.16,89.99,-0.359
8.16,89.97,-0.359
8.16,89.96,-0.359
8.17,89.94,-0.359
8.17,89.92,-0.359
8.17,89.91,-0.359
8.17,89.89,-0.359
8.17,89.87,-0.359
8.18,89.86,-0.359
8.18,89.84,-0.359
8.18,89.82,-0.359
8.18,89.81,-0.359
8.18,89.79,-0.359
8.18,89.78,-0.359
8.19,89.76,-0.359
8.19,89.74,-0.359
8.19,89.73,-0.359
8.19,89.71,-0.359
8.19,89.69,-0.359
8.19,89.68,-0.359
8.20,89.66,-0.359
8.20,89.64,-0.359
8.20,89.63,-0.359
8.20,89.61,-0.359
8.20,89.59,-0.359
8.20,89.58,-0.359
8.20,89.56,-0.359
8.21,89.54,-0.359
8.21,89.53,-0.359
8.21,89.51,-0.359
8.21,89.49,-0.359
8.21,89.48,-0.359
8.21,89.46,-0.359
8.22,89.44,-0.359
8.22,89.43,-0.359
8.22,89.41,-0.359
8.22,89.40,-0.359
8.22,89.38,-0.359
8.23,89.36,-0.359
8.23,89.35,-0.359
8.23,89.33,-0.359
8.23,89.31,-0.359
8.23,89.30,-0.359
8.23,89.28,-0.359
8.24,89.26,-0.359
8.24,89.25,-0.359
8.24,89.23,-0.359
8.24,89.21,-0.359
8.24,89.20,-0.359
8.24,89.18,-0.359
8.25,89.16,-0.359
8.25,89.15,-0.360
8.25,89.13,-0.360
8.25,89.11,-0.360
8.25,89.10,-0.360
8.25,89.08,-0.360
8.25,89.06,-0.360
8.26,89.05,-0.360
8.26,89.03,-0.360
8.26,89.02,-0.360
8.26,89.00,-0.360
8.26,88.98,-0.360
8.26,88.96,-0.360
8.27,88.95,-0.360
8.27,88.93,-0.360
8.27,88.92,-0.360
8.27,88.90,-0.360
8.27,88.88,-0.360
8.28,88.87,-0.360
8.28,88.85,-0.360
8.28,88.83,-0.360
8.28,88.82,-0.360
8.28,88.80,-0.360
8.28,88.78,-0.360
8.29,88.77,-0.360
8.29,88.75,-0.360
8.29,88.73,-0.360
8.29,88.72,-0.360
8.29,88.70,-0.360
8.29,88.68,-0.360
8.30,88.67,-0.360
8.30,88.65,-0.360
8.30,88.64,-0.360
8.30,88.62,-0.360
8.30,88.60,-0.360
8.30,88.59,-0.360
8.30,88.57,-0.360
8.31,88.55,-0.360
8.31,88.54,-0.360
8.31,88.52,-0.360
8.31,88.50,-0.360
8.31,88.49,-0.360
8.31,88.47,-0.360
8.32,88.45,-0.360
8.32,88.44,-0.360
8.32,88.42,-0.360
8.32,88.40,-0.360
8.32,88.39,-0.360
8.33,88.37,-0.360
8.33,88.35,-0.360
8.33,88.34,-0.360
8.33,88.32,-0.360
8.33,88.30,-0.360
8.33,88.29,-0.360
8.34,88.27,-0.360
8.34,88.25,-0.360
8.34,88.24,-0.360
8.34,88.22,-0.360
8.34,88.21,-0.360
8.34,88.19,-0.360
8.35,88.17,-0.360
8.35,88.15,-0.360
8.35,88.14,-0.360
8.35,88.12,-0.360
8.35,88.11,-0.360
8.35,88.09,-0.360
8.35,88.07,-0.360
8.36,88.06,-0.360
8.36,88.04,-0.360
8.36,88.02,-0.360
8.36,88.01,-0.360
8.36,87.99,-0.360
8.36,87.97,-0.360
8.37,87.96,-0.360
8.37,87.94,-0.360
8.37,87.92,-0.360
8.37,87.91,-0.360
8.37,87.89,-0.360
8.38,87.87,-0.360
8.38,87.86,-0.360
8.38,87.84,-0.360
8.38,87.82,-0.360
8.38,87.81,-0.360
8.38,87.79,-0.360
8.39,87.77,-0.360
8.39,87.76,-0.360
8.39,87.74,-0.360
8.39,87.72,-0.360
8.39,87.71,-0.360
8.39,87.69,-0.360
8.40,87.67,-0.360
8.40,87.66,-0.360
8.40,87.64,-0.360
8.40,87.62,-0.360
8.40,87.61,-0.360
8.40,87.59,-0.360
8.40,87.58,-0.360
8.41,87.56,-0.360
8.41,87.54,-0.360
8.41,87.53,-0.360
8.41,87.51,-0.360
8.41,87.49,-0.360
8.41,87.48,-0.360
8.42,87.46,-0.360
8.42,87.44,-0.360
8.42,87.42,-0.360
8.42,87.41,-0.360
8.42,87.39,-0.360
8.43,87.38,-0.360
8.43,87.36,-0.360
8.43,87.34,-0.360
8.43,87.33,-0.360
8.43,87.31,-0.360
8.43,87.29,-0.360
8.44,87.28,-0.360
8.44,87.26,-0.360
8.44,87.24,-0.360
8.44,87.23,-0.360
8.44,87.21,-0.360
8.44,87.19,-0.360
8.45,87.18,-0.360
8.45,87.16,-0.360
8.45,87.14,-0.360
8.45,87.13,-0.360
8.45,87.11,-0.360
8.45,87.09,-0.360
8.45,87.08,-0.360
8.46,87.06,-0.360
8.46,87.05,-0.360
8.46,87.03,-0.360
8.46,87.01,-0.360
8.46,87.00,-0.360
8.46,86.98,-0.360
8.47,86.96,-0.360
8.47,86.95,-0.360
8.47,86.93,-0.360
8.47,86.91,-0.360
8.47,86.90,-0.360
8.48,86.88,-0.360
8.48,86.86,-0.360
8.48,86.85,-0.360
8.48,86.83,-0.360
8.48,86.81,-0.360
8.48,86.80,-0.360
8.49,86.78,-0.360
8.49,86.76,-0.360
8.49,86.75,-0.360
8.49,86.73,-0.360
8.49,86.71,-0.360
8.49,86.70,-0.360
8.50,86.68,-0.360
8.50,86.66,-0.360
8.50,86.65,-0.360
8.50,86.63,-0.360
8.50,86.61,-0.360
8.50,86.60,-0.360
8.50,86.58,-0.360
8.51,86.56,-0.360
8.51,86.55,-0.360
8.51,86.53,-0.360
8.51,86.51,-0.360
8.51,86.50,-0.360
8.51,86.48,-0.360
8.52,86.47,-0.360
8.52,86.45,-0.360
8.52,86.43,-0.360
8.52,86.41,-0.360
8.52,86.40,-0.360
8.53,86.38,-0.360
8.53,86.36,-0.360
8.53,86.35,-0.360
8.53,86.33,-0.360
8.53,86.32,-0.360
8.53,86.30,-0.360
8.53,86.28,-0.360
8.54,86.26,-0.360
8.54,86.25,-0.360
8.54,86.23,-0.360
8.54,86.22,-0.360
8.54,86.20,-0.360
8.55,86.18,-0.360
8.55,86.17,-0.360
8.55,86.15,-0.360
8.55,86.13,-0.360
8.55,86.12,-0.360
8.55,86.10,-0.360
8.55,86.08,-0.360
8.56,86.07,-0.360
8.56,86.05,-0.360
8.56,86.03,-0.360
8.56,86.02,-0.360
8.56,86.00,-0.360
8.57,85.98,-0.360
8.57,85.97,-0.360
8.57,85.95,-0.360
8.57,85.93,-0.360
8.57,85.92,-0.360
8.57,85.90,-0.360
8.58,85.88,-0.360
8.58,85.87,-0.360
8.58,85.85,-0.360
8.58,85.83,-0.360
8.58,85.82,-0.360
8.58,85.80,-0.360
8.58,85.78,-0.360
8.59,85.77,-0.360
8.59,85.75,-0.360
8.59,85.73,-0.360
8.59,85.72,-0.360
8.59,85.70,-0.360
8.60,85.68,-0.360
8.60,85.67,-0.360
8.60,85.65,-0.360
8.60,85.63,-0.360
8.60,85.62,-0.360
8.60,85.60,-0.360
8.60,85.58,-0.360
8.61,85.57,-0.360
8.61,85.55,-0.360
8.61,85.53,-0.360
8.61,85.52,-0.360
8.61,85.50,-0.360
8.62,85.49,-0.360
8.62,85.47,-0.360
8.62,85.45,-0.360
8.62,85.44,-0.360
8.62,85.42,-0.360
8.62,85.40,-0.360
8.63,85.39,-0.360
8.63,85.37,-0.360
8.63,85.35,-0.360
8.63,85.34,-0.360
8.63,85.32,-0.360
8.63,85.30,-0.360
8.63,85.29,-0.360
8.64,85.27,-0.360
8.64,85.25,-0.360
8.64,85.24,-0.360
8.64,85.22,-0.360
8.64,85.20,-0.360
8.65,85.19,-0.360
8.65,85.17,-0.360
8.65,85.15,-0.360
8.65,85.14,-0.360
8.65,85.12,-0.360
8.65,85.10,-0.360
8.65,85.09,-0.360
8.66,85.07,-0.360
8.66,85.05,-0.360
8.66,85.04,-0.360
8.66,85.02,-0.360
8.66,85.00,-0.360
8.67,84.99,-0.360
8.67,84.97,-0.360
8.67,84.95,-0.360
8.67,84.94,-0.360
8.67,84.92,-0.360
8.67,84.90,-0.360
8.68,84.89,-0.360
8.68,84.87,-0.360
8.68,84.85,-0.360
8.68,84.84,-0.360
8.68,84.82,-0.360
8.68,84.80,-0.360
8.68,84.79,-0.360
8.69,84.77,-0.360
8.69,84.75,-0.360
8.69,84.74,-0.360
8.69,84.72,-0.360
8.69,84.70,-0.360
8.70,84.69,-0.360
8.70,84.67,-0.360
8.70,84.65,-0.360
8.70,84.64,-0.360
8.70,84.62,-0.360
8.70,84.61,-0.360
8.70,84.59,-0.360
8.71,84.57,-0.360
8.71,84.55,-0.360
8.71,84.54,-0.360
8.71,84.52,-0.360
8.71,84.50,-0.360
8.72,84.49,-0.360
8.72,84.47,-0.360
8.72,84.46,-0.360
8.72,84.44,-0.360
8.72,84.42,-0.360
8.72,84.41,-0.360
8.73,84.39,-0.360
8.73,84.37,-0.360
8.73,84.35,-0.360
8.73,84.34,-0.360
8.73,84.32,-0.360
8.73,84.30,-0.360
8.73,84.29,-0.360
8.74,84.27,-0.360
8.74,84.25,-0.360
8.74,84.24,-0.360
8.74,84.22,-0.360
8.74,84.21,-0.360
8.75,84.19,-0.360
8.75,84.17,-0.360
8.75,84.15,-0.360
8.75,84.14,-0.360
8.75,84.12,-0.360
8.75,84.11,-0.360
8.75,84.09,-0.360
8.76,84.07,-0.360
8.76,84.06,-0.360
8.76,84.04,-0.360
8.76,84.02,-0.360
8.76,84.01,-0.360
8.77,83.99,-0.360
8.77,83.97,-0.360
8.77,83.95,-0.360
8.77,83.94,-0.360
8.77,83.92,-0.360
8.77,83.91,-0.360
8.78,83.89,-0.360
8.78,83.87,-0.360
8.78,83.86,-0.360
8.78,83.84,-0.360
8.78,83.82,-0.360
8.78,83.81,-0.360
8.78,83.79,-0.360
8.79,83.77,-0.360
8.79,83.76,-0.360
8.79,83.74,-0.360
8.79,83.72,-0.360
8.79,83.71,-0.360
8.80,83.69,-0.360
8.80,83.67,-0.360
8.80,83.66,-0.360
8.80,83.64,-0.360
8.80,83.62,-0.360
8.80,83.61,-0.360
8.80,83.59,-0.360
8.81,83.57,-0.360
8.81,83.56,-0.360
8.81,83.54,-0.360
8.81,83.52,-0.360
8.81,83.51,-0.360
8.82,83.49,-0.360
8.82,83.47,-0.360
8.82,83.46,-0.360
8.82,83.44,-0.360
8.82,83.42,-0.360
8.82,83.41,-0.360
8.83,83.39,-0.360
8.83,83.37,-0.360
8.83,83.36,-0.360
8.83,83.34,-0.360
8.83,83.32,-0.360
8.83,83.31,-0.360
8.83,83.29,-0.360
8.84,83.27,-0.360
8.84,83.26,-0.360
8.84,83.24,-0.359
8.84,83.22,-0.359
8.84,83.21,-0.359
8.85,83.19,-0.359
8.85,83.18,-0.359
8.85,83.16,-0.359
8.85,83.14,-0.359
8.85,83.13,-0.359
8.85,83.11,-0.359
8.85,83.09,-0.359
8.86,83.08,-0.359
8.86,83.06,-0.359
8.86,83.04,-0.359
8.86,83.03,-0.359
8.86,83.01,-0.359
8.87,82.99,-0.359
8.87,82.97,-0.359
8.87,82.96,-0.359
8.87,82.94,-0.359
8.87,82.92,-0.359
8.87,82.91,-0.359
8.88,82.89,-0.359
8.88,82.87,-0.359
8.88,82.86,-0.359
8.88,82.84,-0.359
8.88,82.83,-0.359
8.88,82.81,-0.359
8.88,82.79,-0.359
8.89,82.77,-0.359
8.89,82.76,-0.359
8.89,82.74,-0.359
8.89,82.73,-0.359
8.89,82.71,-0.359
8.90,82.69,-0.359
8.90,82.68,-0.359
8.90,82.66,-0.359
8.90,82.64,-0.359
8.90,82.63,-0.359
8.90,82.61,-0.359
8.90,82.59,-0.359
8.91,82.58,-0.359
8.91,82.56,-0.359
8.91,82.54,-0.359
8.91,82.53,-0.359
8.91,82.51,-0.359
8.92,82.49,-0.359
8.92,82.48,-0.359
8.92,82.46,-0.359
8.92,82.44,-0.359
8.92,82.43,-0.359
8.92,82.41,-0.359
8.93,82.39,-0.359
8.93,82.38,-0.359
8.93,82.36,-0.359
8.93,82.34,-0.359
8.93,82.33,-0.359
8.93,82.31,-0.359
8.93,82.29,-0.359
8.94,82.28,-0.359
8.94,82.26,-0.359
8.94,82.24,-0.359
8.94,82.23,-0.359
8.94,82.21,-0.359
8.95,82.19,-0.359
8.95,82.18,-0.359
8.95,82.16,-0.359
8.95,82.14,-0.359
8.95,82.13,-0.359
8.95,82.11,-0.359
8.95,82.09,-0.359
8.96,82.08,-0.359
8.96,82.06,-0.359
8.96,82.04,-0.359
8.96,82.03,-0.359
8.96,82.01,-0.359
8.97,81.99,-0.359
8.97,81.98,-0.359
8.97,81.96,-0.359
8.97,81.94,-0.359
8.97,81.93,-0.359
8.97,81.91,-0.359
8.98,81.89,-0.359
8.98,81.88,-0.359
8.98,81.86,-0.359
8.98,81.84,-0.359
8.98,81.83,-0.359
8.98,81.81,-0.359
8.98,81.79,-0.359
8.99,81.78,-0.359
8.99,81.76,-0.359
8.99,81.74,-0.359
8.99,81.73,-0.359
8.99,81.71,-0.359
9.00,81.69,-0.359
9.00,81.68,-0.359
9.00,81.66,-0.359
9.00,81.64,-0.359
9.00,81.63,-0.359
9.00,81.61,-0.359
9.00,81.59,-0.359
9.01,81.58,-0.359
9.01,81.56,-0.359
9.01,81.54,-0.359
9.01,81.53,-0.359
9.01,81.51,-0.359
9.02,81.49,-0.359
9.02,81.48,-0.359
9.02,81.46,-0.359
9.02,81.44,-0.359
9.02,81.43,-0.359
9.02,81.41,-0.359
9.03,81.39,-0.359
9.03,81.38,-0.359
9.03,81.36,-0.359
9.03,81.34,-0.359
9.03,81.33,-0.359
9.03,81.31,-0.359
9.03,81.30,-0.359
9.04,81.28,-0.359
9.04,81.26,-0.359
9.04,81.25,-0.359
9.04,81.23,-0.359
9.04,81.21,-0.359
9.05,81.20,-0.359
9.05,81.18,-0.359
9.05,81.16,-0.359
9.05,81.14,-0.359
9.05,81.13,-0.359
9.05,81.11,-0.359
9.05,81.10,-0.359
9.06,81.08,-0.359
9.06,81.06,-0.359
9.06,81.04,-0.359
9.06,81.03,-0.359
9.06,81.01,-0.359
9.07,81.00,-0.359
9.07,80.98,-0.359
9.07,80.96,-0.359
9.07,80.95,-0.359
9.07,80.93,-0.359
9.07,80.91,-0.359
9.08,80.90,-0.359
9.08,80.88,-0.358
9.08,80.86,-0.358
9.08,80.85,-0.358
9.08,80.83,-0.358
9.08,80.81,-0.358
9.08,80.80,-0.358
9.09,80.78,-0.358
9.09,80.76,-0.358
9.09,80.75,-0.358
9.09,80.73,-0.358
9.09,80.71,-0.358
9.10,80.70,-0.358
9.10,80.68,-0.358
9.10,80.66,-0.358
9.10,80.65,-0.358
9.10,80.63,-0.358
9.10,80.61,-0.358
9.10,80.60,-0.358
9.11,80.58,-0.358
9.11,80.56,-0.358
9.11,80.55,-0.358
9.11,80.53,-0.358
9.11,80.51,-0.358
9.12,80.50,-0.358
9.12,80.48,-0.358
9.12,80.46,-0.358
9.12,80.45,-0.358
9.12,80.43,-0.358
9.12,80.41,-0.358
9.13,80.40,-0.358
9.13,80.38,-0.358
9.13,80.36,-0.358
9.13,80.35,-0.358
9.13,80.33,-0.358
9.13,80.31,-0.358
9.13,80.30,-0.358
9.14,80.28,-0.358
9.14,80.26,-0.358
9.14,80.25,-0.358
9.14,80.23,-0.358
9.14,80.21,-0.358
9.15,80.20,-0.358
9.15,80.18,-0.358
9.15,80.16,-0.358
9.15,80.15,-0.358
9.15,80.13,-0.358
9.15,80.11,-0.358
9.15,80.10,-0.358
9.16,80.08,-0.358
9.16,80.06,-0.358
9.16,80.05,-0.358
9.16,80.03,-0.358
9.16,80.01,-0.358
9.17,80.00,-0.358
9.17,79.98,-0.358
9.17,79.96,-0.358
9.17,79.95,-0.358
9.17,79.93,-0.358
9.17,79.91,-0.358
9.18,79.90,-0.358
9.18,79.88,-0.358
9.18,79.86,-0.358
9.18,79.85,-0.358
9.18,79.83,-0.358
9.18,79.81,-0.358
9.18,79.80,-0.358
9.19,79.78,-0.358
9.19,79.77,-0.358
9.19,79.75,-0.358
9.19,79.73,-0.358
9.19,79.71,-0.358
9.20,79.70,-0.358
9.20,79.68,-0.358
9.20,79.66,-0.358
9.20,79.65,-0.358
9.20,79.63,-0.358
9.20,79.61,-0.358
9.20,79.60,-0.358
9.21,79.58,-0.358
9.21,79.56,-0.358
9.21,79.55,-0.358
9.21,79.53,-0.358
9.21,79.51,-0.358
9.22,79.50,-0.358
9.22,79.48,-0.358
9.22,79.46,-0.358
9.22,79.45,-0.358
9.22,79.43,-0.358
9.22,79.41,-0.358
9.23,79.40,-0.358
9.23,79.38,-0.358
9.23,79.36,-0.357
9.23,79.35,-0.357
9.23,79.33,-0.357
9.23,79.31,-0.357
9.23,79.30,-0.357
9.24,79.28,-0.357
9.24,79.26,-0.357
9.24,79.25,-0.357
9.24,79.23,-0.357
9.24,79.22,-0.357
9.25,79.20,-0.357
9.25,79.18,-0.357
9.25,79.17,-0.357
9.25,79.15,-0.357
9.25,79.13,-0.357
9.25,79.12,-0.357
9.25,79.10,-0.357
9.26,79.08,-0.357
9.26,79.06,-0.357
9.26,79.05,-0.357
9.26,79.03,-0.357
9.26,79.02,-0.357
9.27,79.00,-0.357
9.27,78.98,-0.357
9.27,78.97,-0.357
9.27,78.95,-0.357
9.27,78.93,-0.357
9.27,78.92,-0.357
9.28,78.90,-0.357
9.28,78.88,-0.357
9.28,78.87,-0.357
9.28,78.85,-0.357
9.28,78.83,-0.357
9.28,78.82,-0.357
9.28,78.80,-0.357
9.29,78.78,-0.357
9.29,78.77,-0.357
9.29,78.75,-0.357
9.29,78.73,-0.357
9.29,78.72,-0.357
9.30,78.70,-0.357
9.30,78.68,-0.357
9.30,78.67,-0.357
9.30,78.65,-0.357
9.30,78.63,-0.357
9.30,78.62,-0.357
9.30,78.60,-0.357
9.31,78.58,-0.357
9.31,78.57,-0.357
9.31,78.55,-0.357
9.31,78.53,-0.357
9.31,78.52,-0.357
9.32,78.50,-0.357
9.32,78.48,-0.357
9.32,78.47,-0.357
9.32,78.45,-0.357
9.32,78.43,-0.357
9.32,78.42,-0.357
9.33,78.40,-0.357
9.33,78.38,-0.357
9.33,78.37,-0.357
9.33,78.35,-0.357
9.33,78.33,-0.357
9.33,78.32,-0.357
9.33,78.30,-0.357
9.34,78.28,-0.357
9.34,78.27,-0.357
9.34,78.25,-0.357
9.34,78.23,-0.357
9.34,78.22,-0.357
9.35,78.20,-0.357
9.35,78.18,-0.357
9.35,78.17,-0.357
9.35,78.15,-0.357
9.35,78.13,-0.357
9.35,78.12,-0.357
9.35,78.10,-0.357
9.36,78.08,-0.357
9.36,78.07,-0.357
9.36,78.05,-0.357
9.36,78.03,-0.357
9.36,78.02,-0.357
9.37,78.00,-0.356
9.37,77.98,-0.356
9.37,77.97,-0.356
9.37,77.95,-0.356
9.37,77.93,-0.356
9.37,77.92,-0.356
9.38,77.90,-0.356
9.38,77.88,-0.356
9.38,77.87,-0.356
9.38,77.85,-0.356
9.38,77.83,-0.356
9.38,77.82,-0.356
9.38,77.80,-0.356
9.39,77.78,-0.356
9.39,77.77,-0.356
9.39,77.75,-0.356
9.39,77.73,-0.356
9.39,77.72,-0.356
9.40,77.70,-0.356
9.40,77.68,-0.356
9.40,77.67,-0.356
9.40,77.65,-0.356
9.40,77.63,-0.356
9.40,77.62,-0.356
9.40,77.60,-0.356
9.41,77.58,-0.356
9.41,77.57,-0.356
9.41,77.55,-0.356
9.41,77.53,-0.356
9.41,77.52,-0.356
9.42,77.50,-0.356
9.42,77.48,-0.356
9.42,77.47,-0.356
9.42,77.45,-0.356
9.42,77.43,-0.356
9.42,77.42,-0.356
9.43,77.40,-0.356
9.43,77.39,-0.356
9.43,77.37,-0.356
9.43,77.35,-0.356
9.43,77.33,-0.356
9.43,77.32,-0.356
9.43,77.30,-0.356
9.44,77.28,-0.356
9.44,77.27,-0.356
9.44,77.25,-0.356
9.44,77.23,-0.356
9.44,77.22,-0.356
9.45,77.20,-0.356
9.45,77.18,-0.356
9.45,77.17,-0.356
9.45,77.15,-0.356
9.45,77.13,-0.356
9.45,77.12,-0.356
9.45,77.10,-0.356
9.46,77.08,-0.356
9.46,77.07,-0.356
9.46,77.05,-0.356
9.46,77.03,-0.356
9.46,77.02,-0.356
9.47,77.00,-0.356
9.47,76.98,-0.356
9.47,76.97,-0.356
9.47,76.95,-0.356
9.47,76.93,-0.356
9.47,76.92,-0.356
9.48,76.90,-0.356
9.48,76.88,-0.356
9.48,76.87,-0.356
9.48,76.85,-0.356
9.48,76.83,-0.356
9.48,76.82,-0.356
9.48,76.80,-0.356
9.49,76.78,-0.356
9.49,76.77,-0.356
9.49,76.75,-0.355
9.49,76.73,-0.355
9.49,76.72,-0.355
9.50,76.70,-0.355
9.50,76.69,-0.355
9.50,76.67,-0.355
9.50,76.65,-0.355
9.50,76.64,-0.355
9.50,76.62,-0.355
9.50,76.60,-0.355
9.51,76.59,-0.355
9.51,76.57,-0.355
9.51,76.55,-0.355
9.51,76.54,-0.355
9.51,76.52,-0.355
9.52,76.50,-0.355
9.52,76.49,-0.355
9.52,76.47,-0.355
9.52,76.45,-0.355
9.52,76.44,-0.355
9.52,76.42,-0.355
9.53,76.40,-0.355
9.53,76.38,-0.355
9.53,76.37,-0.355
9.53,76.35,-0.355
9.53,76.34,-0.355
9.53,76.32,-0.355
9.53,76.30,-0.355
9.54,76.29,-0.355
9.54,76.27,-0.355
9.54,76.25,-0.355
9.54,76.24,-0.355
9.54,76.22,-0.355
9.55,76.20,-0.355
9.55,76.19,-0.355
9.55,76.17,-0.355
9.55,76.15,-0.355
9.55,76.13,-0.355
9.55,76.12,-0.355
9.55,76.10,-0.355
9.56,76.09,-0.355
9.56,76.07,-0.355
9.56,76.05,-0.355
9.56,76.04,-0.355
9.56,76.02,-0.355
9.57,76.00,-0.355
9.57,75.99,-0.355
9.57,75.97,-0.355
9.57,75.95,-0.355
9.57,75.94,-0.355
9.57,75.92,-0.355
9.58,75.90,-0.355
9.58,75.89,-0.355
9.58,75.87,-0.355
9.58,75.85,-0.355
9.58,75.83,-0.355
9.58,75.82,-0.355
9.58,75.80,-0.355
9.59,75.79,-0.355
9.59,75.77,-0.355
9.59,75.75,-0.355
9.59,75.74,-0.355
9.59,75.72,-0.355
9.60,75.70,-0.355
9.60,75.69,-0.355
9.60,75.67,-0.355
9.60,75.65,-0.355
9.60,75.64,-0.355
9.60,75.62,-0.355
9.60,75.60,-0.355
9.61,75.59,-0.355
9.61,75.57,-0.355
9.61,75.55,-0.355
9.61,75.54,-0.355
9.61,75.52,-0.355
9.62,75.50,-0.355
9.62,75.49,-0.354
9.62,75.47,-0.354
9.62,75.45,-0.354
9.62,75.44,-0.354
9.62,75.42,-0.354
9.63,75.40,-0.354
9.63,75.39,-0.354
9.63,75.37,-0.354
9.63,75.35,-0.354
9.63,75.34,-0.354
9.63,75.32,-0.354
9.63,75.30,-0.354
9.64,75.29,-0.354
9.64,75.27,-0.354
9.64,75.25,-0.354
9.64,75.24,-0.354
9.64,75.22,-0.354
9.65,75.20,-0.354
9.65,75.19,-0.354
9.65,75.17,-0.354
9.65,75.15,-0.354
9.65,75.14,-0.354
9.65,75.12,-0.354
9.65,75.10,-0.354
9.66,75.09,-0.354
9.66,75.07,-0.354
9.66,75.05,-0.354
9.66,75.04,-0.354
9.66,75.02,-0.354
9.67,75.00,-0.354
9.67,74.99,-0.354
9.67,74.97,-0.354
9.67,74.95,-0.354
9.67,74.94,-0.354
9.67,74.92,-0.354
9.68,74.90,-0.354
9.68,74.89,-0.354
9.68,74.87,-0.354
9.68,74.85,-0.354
9.68,74.84,-0.354
9.68,74.82,-0.354
9.68,74.80,-0.354
9.69,74.79,-0.354
9.69,74.77,-0.354
9.69,74.75,-0.354
9.69,74.74,-0.354
9.69,74.72,-0.354
9.70,74.70,-0.354
9.70,74.69,-0.354
9.70,74.67,-0.354
9.70,74.65,-0.354
9.70,74.64,-0.354
9.70,74.62,-0.354
9.70,74.60,-0.354
9.71,74.59,-0.354
9.71,74.57,-0.354
9.71,74.55,-0.354
9.71,74.54,-0.354
9.71,74.52,-0.354
9.72,74.50,-0.354
9.72,74.49,-0.354
9.72,74.47,-0.354
9.72,74.45,-0.354
9.72,74.44,-0.354
9.72,74.42,-0.354
9.73,74.40,-0.354
9.73,74.39,-0.353
9.73,74.37,-0.353
9.73,74.35,-0.353
9.73,74.34,-0.353
9.73,74.32,-0.353
9.73,74.30,-0.353
9.74,74.29,-0.353
9.74,74.27,-0.353
9.74,74.26,-0.353
9.74,74.24,-0.353
9.74,74.22,-0.353
9.75,74.20,-0.353
9.75,74.19,-0.353
9.75,74.17,-0.353
9.75,74.15,-0.353
9.75,74.14,-0.353
9.75,74.12,-0.353
9.75,74.10,-0.353
9.76,74.09,-0.353
9.76,74.07,-0.353
9.76,74.05,-0.353
9.76,74.04,-0.353
9.76,74.02,-0.353
9.77,74.01,-0.353
9.77,73.99,-0.353
9.77,73.97,-0.353
9.77,73.95,-0.353
9.77,73.94,-0.353
9.77,73.92,-0.353
9.78,73.90,-0.353
9.78,73.89,-0.353
9.78,73.87,-0.353
9.78,73.85,-0.353
9.78,73.84,-0.353
9.78,73.82,-0.353
9.78,73.80,-0.353
9.79,73.79,-0.353
9.79,73.77,-0.353
9.79,73.76,-0.353
9.79,73.74,-0.353
9.79,73.72,-0.353
9.80,73.71,-0.353
9.80,73.69,-0.353
9.80,73.67,-0.353
9.80,73.65,-0.353
9.80,73.64,-0.353
9.80,73.62,-0.353
9.80,73.61,-0.353
9.81,73.59,-0.353
9.81,73.57,-0.353
9.81,73.56,-0.353
9.81,73.54,-0.353
9.81,73.52,-0.353
9.82,73.51,-0.353
9.82,73.49,-0.353
9.82,73.47,-0.353
9.82,73.45,-0.353
9.82,73.44,-0.353
9.82,73.42,-0.353
9.83,73.41,-0.353
9.83,73.39,-0.353
9.83,73.37,-0.353
9.83,73.36,-0.353
9.83,73.34,-0.353
9.83,73.32,-0.353
9.83,73.31,-0.353
9.84,73.29,-0.353
9.84,73.27,-0.353
9.84,73.26,-0.353
9.84,73.24,-0.353
9.84,73.22,-0.353
9.85,73.21,-0.353
9.85,73.19,-0.353
9.85,73.17,-0.353
9.85,73.16,-0.353
9.85,73.14,-0.353
9.85,73.12,-0.353
9.85,73.11,-0.352
9.86,73.09,-0.352
9.86,73.07,-0.352
9.86,73.06,-0.352
9.86,73.04,-0.352
9.86,73.02,-0.352
9.87,73.01,-0.352
9.87,72.99,-0.352
9.87,72.97,-0.352
9.87,72.96,-0.352
9.87,72.94,-0.352
9.87,72.92,-0.352
9.88,72.91,-0.352
9.88,72.89,-0.352
9.88,72.87,-0.352
9.88,72.86,-0.352
9.88,72.84,-0.352
9.88,72.82,-0.352
9.88,72.81,-0.352
9.89,72.79,-0.352
9.89,72.77,-0.352
9.89,72.76,-0.352
9.89,72.74,-0.352
9.89,72.72,-0.352
9.90,72.71,-0.352
9.90,72.69,-0.352
9.90,72.67,-0.352
9.90,72.66,-0.352
9.90,72.64,-0.352
9.90,72.62,-0.352
9.90,72.61,-0.352
9.91,72.59,-0.352
9.91,72.57,-0.352
9.91,72.56,-0.352
9.91,72.54,-0.352
9.91,72.52,-0.352
9.92,72.51,-0.352
9.92,72.49,-0.352
9.92,72.47,-0.352
9.92,72.46,-0.352
9.92,72.44,-0.352
9.92,72.42,-0.352
9.93,72.41,-0.352
9.93,72.39,-0.352
9.93,72.37,-0.352
9.93,72.36,-0.352
9.93,72.34,-0.352
9.93,72.32,-0.352
9.93,72.31,-0.352
9.94,72.29,-0.352
9.94,72.27,-0.352
9.94,72.26,-0.352
9.94,72.24,-0.352
9.94,72.22,-0.352
9.95,72.21,-0.352
9.95,72.19,-0.352
9.95,72.17,-0.352
9.95,72.16,-0.352
9.95,72.14,-0.352
9.95,72.12,-0.352
9.95,72.11,-0.352
9.96,72.09,-0.352
9.96,72.07,-0.352
9.96,72.06,-0.352
9.96,72.04,-0.352
9.96,72.02,-0.352
9.97,72.01,-0.352
9.97,71.99,-0.352
9.97,71.97,-0.352
9.97,71.96,-0.352
9.97,71.94,-0.352
9.97,71.92,-0.351
9.98,71.91,-0.351
9.98,71.89,-0.351
9.98,71.87,-0.351
9.98,71.86,-0.351
9.98,71.84,-0.351
9.98,71.82,-0.351
9.98,71.81,-0.351
9.99,71.79,-0.351
9.99,71.77,-0.351
9.99,71.76,-0.351
9.99,71.74,-0.351
9.99,71.72,-0.351
10.00,71.71,-0.351
10.00,71.69,-0.351
10.00,71.67,-0.351
10.00,71.66,-0.351
10.00,71.64,-0.351
10.00,71.62,-0.351
10.00,71.61,-0.351
10.01,71.59,-0.351
10.01,71.57,-0.351
10.01,71.56,-0.351
10.01,71.54,-0.351
10.01,71.52,-0.351
10.02,71.51,-0.351
10.02,71.49,-0.351
10.02,71.47,-0.351
10.02,71.46,-0.351
10.02,71.44,-0.351
10.02,71.42,-0.351
10.03,71.41,-0.351
10.03,71.39,-0.351
10.03,71.37,-0.351
10.03,71.36,-0.351
10.03,71.34,-0.351
10.03,71.32,-0.351
10.03,71.31,-0.351
10.04,71.29,-0.351
10.04,71.27,-0.351
10.04,71.26,-0.351
10.04,71.24,-0.351
10.04,71.22,-0.351
10.05,71.21,-0.351
10.05,71.19,-0.351
10.05,71.18,-0.351
10.05,71.16,-0.351
10.05,71.14,-0.351
10.05,71.12,-0.351
10.05,71.11,-0.351
10.06,71.09,-0.351
10.06,71.07,-0.351
10.06,71.06,-0.351
10.06,71.04,-0.351
10.06,71.03,-0.351
10.07,71.01,-0.351
10.07,70.99,-0.351
10.07,70.97,-0.351
10.07,70.96,-0.351
10.07,70.94,-0.351
10.07,70.93,-0.351
10.08,70.91,-0.351
10.08,70.89,-0.351
10.08,70.87,-0.350
10.08,70.86,-0.350
10.08,70.84,-0.350
10.08,70.82,-0.350
10.08,70.81,-0.350
10.09,70.79,-0.350
10.09,70.77,-0.350
10.09,70.76,-0.350
10.09,70.74,-0.350
10.09,70.72,-0.350
10.10,70.71,-0.350
10.10,70.69,-0.350
10.10,70.67,-0.350
10.10,70.66,-0.350
10.10,70.64,-0.350
10.10,70.62,-0.350
10.10,70.61,-0.350
10.11,70.59,-0.350
10.11,70.58,-0.350
10.11,70.56,-0.350
10.11,70.54,-0.350
10.11,70.53,-0.350
10.12,70.51,-0.350
10.12,70.49,-0.350
10.12,70.48,-0.350
10.12,70.46,-0.350
10.12,70.44,-0.350
10.12,70.43,-0.350
10.13,70.41,-0.350
10.13,70.39,-0.350
10.13,70.38,-0.350
10.13,70.36,-0.350
10.13,70.34,-0.350
10.13,70.33,-0.350
10.13,70.31,-0.350
10.14,70.29,-0.350
10.14,70.28,-0.350
10.14,70.26,-0.350
10.14,70.24,-0.350
10.14,70.22,-0.350
10.15,70.21,-0.350
10.15,70.19,-0.350
10.15,70.18,-0.350
10.15,70.16,-0.350
10.15,70.14,-0.350
10.15,70.13,-0.350
10.15,70.11,-0.350
10.16,70.09,-0.350
10.16,70.08,-0.350
10.16,70.06,-0.350
10.16,70.04,-0.350
10.16,70.03,-0.350
10.17,70.01,-0.350
10.17,69.99,-0.350
10.17,69.98,-0.350
10.17,69.96,-0.350
10.17,69.94,-0.350
10.17,69.93,-0.350
10.18,69.91,-0.350
10.18,69.89,-0.350
10.18,69.88,-0.350
10.18,69.86,-0.350
10.18,69.84,-0.350
10.18,69.83,-0.350
10.18,69.81,-0.350
10.19,69.79,-0.350
10.19,69.78,-0.350
10.19,69.76,-0.350
10.19,69.74,-0.349
10.19,69.73,-0.349
10.20,69.71,-0.349
10.20,69.69,-0.349
10.20,69.68,-0.349
10.20,69.66,-0.349
10.20,69.64,-0.349
10.20,69.63,-0.349
10.20,69.61,-0.349
10.21,69.59,-0.349
10.21,69.58,-0.349
10.21,69.56,-0.349
10.21,69.54,-0.349
10.21,69.53,-0.349
10.22,69.51,-0.349
10.22,69.49,-0.349
10.22,69.48,-0.349
10.22,69.46,-0.349
10.22,69.44,-0.349
10.22,69.43,-0.349
10.23,69.41,-0.349
10.23,69.39,-0.349
10.23,69.38,-0.349
10.23,69.36,-0.349
10.23,69.34,-0.349
10.23,69.33,-0.349
10.23,69.31,-0.349
10.24,69.29,-0.349
10.24,69.28,-0.349
10.24,69.26,-0.349
10.24,69.24,-0.349
10.24,69.23,-0.349
10.25,69.21,-0.349
10.25,69.19,-0.349
10.25,69.18,-0.349
10.25,69.16,-0.349
10.25,69.14,-0.349
10.25,69.13,-0.349
10.25,69.11,-0.349
10.26,69.09,-0.349
10.26,69.08,-0.349
10.26,69.06,-0.349
10.26,69.04,-0.349
10.26,69.03,-0.349
10.27,69.01,-0.349
10.27,68.99,-0.349
10.27,68.98,-0.349
10.27,68.96,-0.349
10.27,68.94,-0.349
10.27,68.93,-0.349
10.28,68.91,-0.349
10.28,68.89,-0.349
10.28,68.88,-0.349
10.28,68.86,-0.349
10.28,68.84,-0.349
10.28,68.83,-0.349
10.28,68.81,-0.349
10.29,68.79,-0.349
10.29,68.78,-0.349
10.29,68.76,-0.349
10.29,68.74,-0.349
10.29,68.73,-0.349
10.30,68.71,-0.349
10.30,68.69,-0.349
10.30,68.68,-0.349
10.30,68.66,-0.349
10.30,68.64,-0.349
10.30,68.63,-0.349
10.30,68.61,-0.349
10.31,68.59,-0.349
10.31,68.58,-0.349
10.31,68.56,-0.349
10.31,68.54,-0.348
10.31,68.53,-0.348
10.32,68.51,-0.348
10.32,68.49,-0.348
10.32,68.48,-0.348
10.32,68.46,-0.348
10.32,68.44,-0.348
10.32,68.43,-0.348
10.33,68.41,-0.348
10.33,68.39,-0.348
10.33,68.38,-0.348
10.33,68.36,-0.348
10.33,68.34,-0.348
10.33,68.33,-0.348
10.33,68.31,-0.348
10.34,68.29,-0.348
10.34,68.28,-0.348
10.34,68.26,-0.348
10.34,68.24,-0.348
10.34,68.23,-0.348
10.35,68.21,-0.348
10.35,68.19,-0.348
10.35,68.18,-0.348
10.35,68.16,-0.348
10.35,68.14,-0.348
10.35,68.13,-0.348
10.35,68.11,-0.348
10.36,68.09,-0.348
10.36,68.08,-0.348
10.36,68.06,-0.348
10.36,68.04,-0.348
10.36,68.03,-0.348
10.37,68.01,-0.348
10.37,67.99,-0.348
10.37,67.98,-0.348
10.37,67.96,-0.348
10.37,67.94,-0.348
10.37,67.93,-0.348
10.38,67.91,-0.348
10.38,67.89,-0.348
10.38,67.88,-0.348
10.38,67.86,-0.348
10.38,67.84,-0.348
10.38,67.83,-0.348
10.38,67.81,-0.348
10.39,67.79,-0.348
10.39,67.78,-0.348
10.39,67.76,-0.348
10.39,67.74,-0.348
10.39,67.73,-0.348
10.40,67.71,-0.348
10.40,67.69,-0.348
10.40,67.68,-0.348
10.40,67.66,-0.348
10.40,67.64,-0.348
10.40,67.63,-0.348
10.40,67.61,-0.348
10.41,67.59,-0.348
10.41,67.58,-0.348
10.41,67.56,-0.348
10.41,67.54,-0.348
10.41,67.53,-0.348
10.42,67.51,-0.348
10.42,67.49,-0.348
10.42,67.48,-0.348
10.42,67.46,-0.348
10.42,67.44,-0.348
10.42,67.43,-0.348
10.43,67.41,-0.348
10.43,67.39,-0.348
10.43,67.38,-0.348
10.43,67.36,-0.348
10.43,67.34,-0.348
10.43,67.33,-0.348
10.43,67.31,-0.347
10.44,67.29,-0.347
10.44,67.28,-0.347
10.44,67.26,-0.347
10.44,67.24,-0.347
10.44,67.23,-0.347
10.45,67.21,-0.347
10.45,67.20,-0.347
10.45,67.18,-0.347
10.45,67.16,-0.347
10.45,67.15,-0.347
10.45,67.13,-0.347
10.45,67.11,-0.347
10.46,67.09,-0.347
10.46,67.08,-0.347
10.46,67.06,-0.347
10.46,67.04,-0.347
10.46,67.03,-0.347
10.47,67.01,-0.347
10.47,67.00,-0.347
10.47,66.98,-0.347
10.47,66.96,-0.347
10.47,66.94,-0.347
10.47,66.93,-0.347
10.48,66.91,-0.347
10.48,66.89,-0.347
10.48,66.88,-0.347
10.48,66.86,-0.347
10.48,66.84,-0.347
10.48,66.83,-0.347
10.48,66.81,-0.347
10.49,66.79,-0.347
10.49,66.78,-0.347
10.49,66.76,-0.347
10.49,66.74,-0.347
10.49,66.73,-0.347
10.50,66.71,-0.347
10.50,66.69,-0.347
10.50,66.68,-0.347
10.50,66.66,-0.347
10.50,66.64,-0.347
10.50,66.63,-0.347
10.50,66.61,-0.347
10.51,66.59,-0.347
10.51,66.58,-0.347
10.51,66.56,-0.347
10.51,66.54,-0.347
10.51,66.53,-0.347
10.52,66.51,-0.347
10.52,66.50,-0.347
10.52,66.48,-0.347
10.52,66.46,-0.347
10.52,66.45,-0.347
10.52,66.43,-0.347
10.53,66.41,-0.347
10.53,66.39,-0.347
10.53,66.38,-0.347
10.53,66.36,-0.347
10.53,66.34,-0.347
10.53,66.33,-0.347
10.53,66.31,-0.347
10.54,66.29,-0.347
10.54,66.28,-0.347
10.54,66.26,-0.347
10.54,66.25,-0.347
10.54,66.23,-0.347
10.55,66.21,-0.347
10.55,66.19,-0.347
10.55,66.18,-0.347
10.55,66.16,-0.347
10.55,66.15,-0.347
10.55,66.13,-0.347
10.55,66.11,-0.347
10.56,66.10,-0.347
10.56,66.08,-0.347
10.56,66.06,-0.347
10.56,66.05,-0.347
10.56,66.03,-0.347
10.57,66.01,-0.347
10.57,66.00,-0.347
10.57,65.98,-0.347
10.57,65.96,-0.347
10.57,65.95,-0.347
10.57,65.93,-0.347
10.58,65.91,-0.347
10.58,65.90,-0.347
10.58,65.88,-0.347
10.58,65.86,-0.346
10.58,65.85,-0.346
10.58,65.83,-0.346
10.58,65.81,-0.346
10.59,65.80,-0.346
10.59,65.78,-0.346
10.59,65.76,-0.346
10.59,65.75,-0.346
10.59,65.73,-0.346
10.60,65.71,-0.346
10.60,65.70,-0.346
10.60,65.68,-0.346
10.60,65.66,-0.346
10.60,65.65,-0.346
10.60,65.63,-0.346
10.60,65.61,-0.346
10.61,65.60,-0.346
10.61,65.58,-0.346
10.61,65.56,-0.346
10.61,65.55,-0.346
10.61,65.53,-0.346
10.62,65.51,-0.346
10.62,65.50,-0.346
10.62,65.48,-0.346
10.62,65.46,-0.346
10.62,65.45,-0.346
10.62,65.43,-0.346
10.63,65.41,-0.346
10.63,65.40,-0.346
10.63,65.38,-0.346
10.63,65.36,-0.346
10.63,65.35,-0.346
10.63,65.33,-0.346
10.63,65.31,-0.346
10.64,65.30,-0.346
10.64,65.28,-0.346
10.64,65.26,-0.346
10.64,65.25,-0.346
10.64,65.23,-0.346
10.65,65.21,-0.346
10.65,65.20,-0.346
10.65,65.18,-0.346
10.65,65.16,-0.346
10.65,65.15,-0.346
10.65,65.13,-0.346
10.65,65.11,-0.346
10.66,65.10,-0.346
10.66,65.08,-0.346
10.66,65.06,-0.346
10.66,65.05,-0.346
10.66,65.03,-0.346
10.67,65.01,-0.346
10.67,65.00,-0.346
10.67,64.98,-0.346
10.67,64.96,-0.346
10.67,64.95,-0.346
10.67,64.93,-0.346
10.68,64.91,-0.346
10.68,64.90,-0.346
10.68,64.88,-0.346
10.68,64.86,-0.346
10.68,64.85,-0.346
10.68,64.83,-0.346
10.68,64.81,-0.346
10.69,64.80,-0.346
10.69,64.78,-0.346
10.69,64.76,-0.346
10.69,64.75,-0.346
10.69,64.73,-0.346
10.70,64.71,-0.346
10.70,64.70,-0.346
10.70,64.68,-0.346
10.70,64.66,-0.346
10.70,64.65,-0.346
10.70,64.63,-0.346
10.70,64.61,-0.346
10.71,64.60,-0.346
10.71,64.58,-0.346
10.71,64.57,-0.346
10.71,64.55,-0.346
10.71,64.53,-0.346
10.72,64.52,-0.346
10.72,64.50,-0.346
10.72,64.48,-0.346
10.72,64.46,-0.346
10.72,64.45,-0.346
10.72,64.43,-0.345
10.73,64.41,-0.345
10.73,64.40,-0.345
10.73,64.38,-0.345
10.73,64.37,-0.345
10.73,64.35,-0.345
10.73,64.33,-0.345
10.73,64.32,-0.345
10.74,64.30,-0.345
10.74,64.28,-0.345
10.74,64.27,-0.345
10.74,64.25,-0.345
10.74,64.23,-0.345
10.75,64.21,-0.345
10.75,64.20,-0.345
10.75,64.18,-0.345
10.75,64.16,-0.345
10.75,64.15,-0.345
10.75,64.13,-0.345
10.75,64.12,-0.345
10.76,64.10,-0.345
10.76,64.08,-0.345
10.76,64.07,-0.345
10.76,64.05,-0.345
10.76,64.03,-0.345
10.77,64.01,-0.345
10.77,64.00,-0.345
10.77,63.98,-0.345
10.77,63.97,-0.345
10.77,63.95,-0.345
10.77,63.93,-0.345
10.78,63.92,-0.345
10.78,63.90,-0.345
10.78,63.88,-0.345
10.78,63.87,-0.345
10.78,63.85,-0.345
10.78,63.83,-0.345
10.78,63.82,-0.345
10.79,63.80,-0.345
10.79,63.78,-0.345
10.79,63.77,-0.345
10.79,63.75,-0.345
10.79,63.73,-0.345
10.80,63.72,-0.345
10.80,63.70,-0.345
10.80,63.68,-0.345
10.80,63.67,-0.345
10.80,63.65,-0.345
10.80,63.63,-0.345
10.80,63.62,-0.345
10.81,63.60,-0.345
10.81,63.58,-0.345
10.81,63.57,-0.345
10.81,63.55,-0.345
10.81,63.53,-0.345
10.82,63.52,-0.345
10.82,63.50,-0.345
10.82,63.48,-0.345
10.82,63.47,-0.345
10.82,63.45,-0.345
10.82,63.43,-0.345
10.83,63.42,-0.345
10.83,63.40,-0.345
10.83,63.38,-0.345
10.83,63.36,-0.345
10.83,63.35,-0.345
10.83,63.33,-0.345
10.83,63.32,-0.345
10.84,63.30,-0.345
10.84,63.28,-0.345
10.84,63.27,-0.345
10.84,63.25,-0.345
10.84,63.23,-0.345
10.85,63.21,-0.345
10.85,63.20,-0.345
10.85,63.18,-0.345
10.85,63.17,-0.345
10.85,63.15,-0.345
10.85,63.13,-0.345
10.85,63.12,-0.344
10.86,63.10,-0.344
10.86,63.08,-0.344
10.86,63.07,-0.344
10.86,63.05,-0.344
10.86,63.03,-0.344
10.87,63.01,-0.344
10.87,63.00,-0.344
10.87,62.98,-0.344
10.87,62.97,-0.344
10.87,62.95,-0.344
10.87,62.93,-0.344
10.88,62.92,-0.344
10.88,62.90,-0.344
10.88,62.88,-0.344
10.88,62.87,-0.344
10.88,62.85,-0.344
10.88,62.83,-0.344
10.88,62.82,-0.344
10.89,62.80,-0.344
10.89,62.78,-0.344
10.89,62.77,-0.344
10.89,62.75,-0.344
10.89,62.73,-0.344
10.90,62.72,-0.344
10.90,62.70,-0.344
10.90,62.68,-0.344
10.90,62.67,-0.344
10.90,62.65,-0.344
10.90,62.63,-0.344
10.90,62.62,-0.344
10.91,62.60,-0.344
10.91,62.58,-0.344
10.91,62.57,-0.344
10.91,62.55,-0.344
10.91,62.53,-0.344
10.92,62.52,-0.344
10.92,62.50,-0.344
10.92,62.48,-0.344
10.92,62.47,-0.344
10.92,62.45,-0.344
10.92,62.43,-0.344
10.93,62.42,-0.344
10.93,62.40,-0.344
10.93,62.38,-0.344
10.93,62.37,-0.344
10.93,62.35,-0.344
10.93,62.33,-0.344
10.93,62.32,-0.344
10.94,62.30,-0.344
10.94,62.28,-0.344
10.94,62.27,-0.344
10.94,62.25,-0.344
10.94,62.23,-0.344
10.95,62.22,-0.344
10.95,62.20,-0.344
10.95,62.18,-0.344
10.95,62.17,-0.344
10.95,62.15,-0.344
10.95,62.13,-0.344
10.95,62.12,-0.344
10.96,62.10,-0.344
10.96,62.08,-0.344
10.96,62.07,-0.344
10.96,62.05,-0.344
10.96,62.03,-0.344
10.97,62.02,-0.344
10.97,62.00,-0.344
10.97,61.98,-0.344
10.97,61.97,-0.344
10.97,61.95,-0.344
10.97,61.93,-0.344
10.98,61.92,-0.344
10.98,61.90,-0.344
10.98,61.88,-0.344
10.98,61.87,-0.344
10.98,61.85,-0.344
10.98,61.83,-0.344
10.98,61.82,-0.344
10.99,61.80,-0.344
10.99,61.78,-0.344
10.99,61.77,-0.344
10.99,61.75,-0.343
10.99,61.73,-0.343
11.00,61.72,-0.343
11.00,61.70,-0.343
11.00,61.68,-0.343
11.00,61.67,-0.343
11.00,61.65,-0.343
11.00,61.64,-0.343
11.00,61.62,-0.343
11.01,61.60,-0.343
11.01,61.58,-0.343
11.01,61.57,-0.343
11.01,61.55,-0.343
11.01,61.53,-0.343
11.02,61.52,-0.343
11.02,61.50,-0.343
11.02,61.48,-0.343
11.02,61.47,-0.343
11.02,61.45,-0.343
11.02,61.43,-0.343
11.03,61.42,-0.343
11.03,61.40,-0.343
11.03,61.38,-0.343
11.03,61.37,-0.343
11.03,61.35,-0.343
11.03,61.33,-0.343
11.03,61.32,-0.343
11.04,61.30,-0.343
11.04,61.28,-0.343
11.04,61.27,-0.343
11.04,61.25,-0.343
11.04,61.23,-0.343
11.05,61.22,-0.343
11.05,61.20,-0.343
11.05,61.18,-0.343
11.05,61.17,-0.343
11.05,61.15,-0.343
11.05,61.13,-0.343
11.05,61.12,-0.343
11.06,61.10,-0.343
11.06,61.08,-0.343
11.06,61.07,-0.343
11.06,61.05,-0.343
11.06,61.03,-0.343
11.07,61.02,-0.343
11.07,61.00,-0.343
11.07,60.99,-0.343
11.07,60.97,-0.343
11.07,60.95,-0.343
11.07,60.94,-0.343
11.08,60.92,-0.343
11.08,60.90,-0.343
11.08,60.89,-0.343
11.08,60.87,-0.343
11.08,60.85,-0.343
11.08,60.84,-0.343
11.08,60.82,-0.343
11.09,60.80,-0.343
11.09,60.79,-0.343
11.09,60.77,-0.343
11.09,60.75,-0.343
11.09,60.73,-0.343
11.10,60.72,-0.343
11.10,60.70,-0.343
11.10,60.68,-0.343
11.10,60.67,-0.343
11.10,60.65,-0.343
11.10,60.63,-0.343
11.10,60.62,-0.343
11.11,60.60,-0.343
11.11,60.59,-0.343
11.11,60.57,-0.343
11.11,60.55,-0.343
11.11,60.53,-0.343
11.12,60.52,-0.343
11.12,60.50,-0.343
11.12,60.49,-0.343
11.12,60.47,-0.343
11.12,60.45,-0.343
11.12,60.43,-0.343
11.13,60.42,-0.343
11.13,60.40,-0.343
11.13,60.38,-0.343
11.13,60.37,-0.343
11.13,60.35,-0.343
11.13,60.33,-0.343
11.13,60.32,-0.343
11.14,60.30,-0.343
11.14,60.28,-0.343
11.14,60.27,-0.343
11.14,60.25,-0.342
11.14,60.24,-0.342
11.15,60.22,-0.342
11.15,60.20,-0.342
11.15,60.18,-0.342
11.15,60.17,-0.342
11.15,60.15,-0.342
11.15,60.13,-0.342
11.15,60.12,-0.342
11.16,60.10,-0.342
11.16,60.09,-0.342
11.16,60.07,-0.342
11.16,60.05,-0.342
11.16,60.04,-0.342
11.17,60.02,-0.342
11.17,60.00,-0.342
11.17,59.99,-0.342
11.17,59.97,-0.342
11.17,59.95,-0.342
11.17,59.93,-0.342
11.18,59.92,-0.342
11.18,59.90,-0.342
11.18,59.89,-0.342
11.18,59.87,-0.342
11.18,59.85,-0.342
11.18,59.84,-0.342
11.18,59.82,-0.342
11.19,59.80,-0.342
11.19,59.78,-0.342
11.19,59.77,-0.342
11.19,59.75,-0.342
11.19,59.74,-0.342
11.20,59.72,-0.342
11.20,59.70,-0.342
11.20,59.69,-0.342
11.20,59.67,-0.342
11.20,59.65,-0.342
11.20,59.64,-0.342
11.20,59.62,-0.342
11.21,59.60,-0.342
11.21,59.58,-0.342
11.21,59.57,-0.342
11.21,59.55,-0.342
11.21,59.54,-0.342
11.22,59.52,-0.342
11.22,59.50,-0.342
11.22,59.49,-0.342
11.22,59.47,-0.342
11.22,59.45,-0.342
11.22,59.44,-0.342
11.23,59.42,-0.342
11.23,59.40,-0.342
11.23,59.39,-0.342
11.23,59.37,-0.342
11.23,59.35,-0.342
11.23,59.34,-0.342
11.23,59.32,-0.342
11.24,59.30,-0.342
11.24,59.29,-0.342
11.24,59.27,-0.342
11.24,59.25,-0.342
11.24,59.24,-0.342
11.25,59.22,-0.342
11.25,59.20,-0.342
11.25,59.19,-0.342
11.25,59.17,-0.342
11.25,59.15,-0.342
11.25,59.14,-0.342
11.25,59.12,-0.342
11.26,59.10,-0.342
11.26,59.09,-0.342
11.26,59.07,-0.342
11.26,59.05,-0.342
11.26,59.04,-0.342
11.27,59.02,-0.342
11.27,59.00,-0.342
11.27,58.99,-0.342
11.27,58.97,-0.342
11.27,58.95,-0.342
11.27,58.94,-0.342
11.28,58.92,-0.342
11.28,58.90,-0.342
11.28,58.89,-0.342
11.28,58.87,-0.342
11.28,58.85,-0.342
11.28,58.84,-0.342
11.28,58.82,-0.341
11.29,58.80,-0.341
11.29,58.79,-0.341
11.29,58.77,-0.341
11.29,58.75,-0.341
11.29,58.74,-0.341
11.30,58.72,-0.341
11.30,58.70,-0.341
11.30,58.69,-0.341
11.30,58.67,-0.341
11.30,58.65,-0.341
11.30,58.64,-0.341
11.30,58.62,-0.341
11.31,58.60,-0.341
11.31,58.59,-0.341
11.31,58.57,-0.341
11.31,58.55,-0.341
11.31,58.54,-0.341
11.32,58.52,-0.341
11.32,58.50,-0.341
11.32,58.49,-0.341
11.32,58.47,-0.341
11.32,58.45,-0.341
11.32,58.44,-0.341
11.33,58.42,-0.341
11.33,58.40,-0.341
11.33,58.39,-0.341
11.33,58.37,-0.341
11.33,58.35,-0.341
11.33,58.34,-0.341
11.33,58.32,-0.341
11.34,58.30,-0.341
11.34,58.29,-0.341
11.34,58.27,-0.341
11.34,58.25,-0.341
11.34,58.24,-0.341
11.35,58.22,-0.341
11.35,58.20,-0.341
11.35,58.19,-0.341
11.35,58.17,-0.341
11.35,58.15,-0.341
11.35,58.14,-0.341
11.35,58.12,-0.341
11.36,58.10,-0.341
11.36,58.09,-0.341
11.36,58.07,-0.341
11.36,58.05,-0.341
11.36,58.04,-0.341
11.37,58.02,-0.341
11.37,58.00,-0.341
11.37,57.99,-0.341
11.37,57.97,-0.341
11.37,57.95,-0.341
11.37,57.94,-0.341
11.38,57.92,-0.341
11.38,57.90,-0.341
11.38,57.89,-0.341
11.38,57.87,-0.341
11.38,57.85,-0.341
11.38,57.84,-0.341
11.38,57.82,-0.341
11.39,57.80,-0.341
11.39,57.79,-0.341
11.39,57.77,-0.341
11.39,57.75,-0.341
11.39,57.74,-0.341
11.40,57.72,-0.341
11.40,57.70,-0.341
11.40,57.69,-0.341
11.40,57.67,-0.341
11.40,57.65,-0.341
11.40,57.64,-0.341
11.40,57.62,-0.341
11.41,57.60,-0.341
11.41,57.59,-0.341
11.41,57.57,-0.341
11.41,57.55,-0.341
11.41,57.54,-0.341
11.42,57.52,-0.341
11.42,57.51,-0.341
11.42,57.49,-0.341
11.42,57.47,-0.341
11.42,57.45,-0.341
11.42,57.44,-0.341
11.43,57.42,-0.341
11.43,57.40,-0.341
11.43,57.39,-0.341
11.43,57.37,-0.341
11.43,57.35,-0.341
11.43,57.34,-0.341
11.43,57.32,-0.341
11.44,57.31,-0.341
11.44,57.29,-0.341
11.44,57.27,-0.341
11.44,57.26,-0.341
11.44,57.24,-0.341
11.45,57.22,-0.341
11.45,57.20,-0.341
11.45,57.19,-0.341
11.45,57.17,-0.341
11.45,57.15,-0.341
11.45,57.14,-0.341
11.45,57.12,-0.341
11.46,57.10,-0.341
11.46,57.09,-0.341
11.46,57.07,-0.341
11.46,57.05,-0.340
11.46,57.04,-0.340
11.47,57.02,-0.340
11.47,57.00,-0.340
11.47,56.99,-0.340
11.47,56.97,-0.340
11.47,56.96,-0.340
11.47,56.94,-0.340
11.48,56.92,-0.340
11.48,56.90,-0.340
11.48,56.89,-0.340
11.48,56.87,-0.340
11.48,56.85,-0.340
11.48,56.84,-0.340
11.48,56.82,-0.340
11.49,56.80,-0.340
11.49,56.79,-0.340
11.49,56.77,-0.340
11.49,56.76,-0.340
11.49,56.74,-0.340
11.50,56.72,-0.340
11.50,56.71,-0.340
11.50,56.69,-0.340
11.50,56.67,-0.340
11.50,56.65,-0.340
11.50,56.64,-0.340
11.50,56.62,-0.340
11.51,56.61,-0.340
11.51,56.59,-0.340
11.51,56.57,-0.340
11.51,56.56,-0.340
11.51,56.54,-0.340
11.52,56.52,-0.340
11.52,56.51,-0.340
11.52,56.49,-0.340
11.52,56.47,-0.340
11.52,56.46,-0.340
11.52,56.44,-0.340
11.53,56.42,-0.340
11.53,56.40,-0.340
11.53,56.39,-0.340
11.53,56.37,-0.340
11.53,56.36,-0.340
11.53,56.34,-0.340
11.53,56.32,-0.340
11.54,56.31,-0.340
11.54,56.29,-0.340
11.54,56.27,-0.340
11.54,56.26,-0.340
11.54,56.24,-0.340
11.55,56.22,-0.340
11.55,56.21,-0.340
11.55,56.19,-0.340
11.55,56.17,-0.340
11.55,56.16,-0.340
11.55,56.14,-0.340
11.55,56.12,-0.340
11.56,56.11,-0.340
11.56,56.09,-0.340
11.56,56.07,-0.340
11.56,56.06,-0.340
11.56,56.04,-0.340
11.57,56.02,-0.340
11.57,56.01,-0.340
11.57,55.99,-0.340
11.57,55.97,-0.340
11.57,55.96,-0.340
11.57,55.94,-0.340
11.58,55.92,-0.340
11.58,55.91,-0.340
11.58,55.89,-0.340
11.58,55.87,-0.340
11.58,55.86,-0.340
11.58,55.84,-0.340
11.58,55.82,-0.340
11.59,55.81,-0.340
11.59,55.79,-0.340
11.59,55.77,-0.340
11.59,55.75,-0.340
11.59,55.74,-0.340
11.60,55.72,-0.340
11.60,55.71,-0.340
11.60,55.69,-0.340
11.60,55.67,-0.340
11.60,55.66,-0.340
11.60,55.64,-0.340
11.60,55.62,-0.340
11.61,55.61,-0.340
11.61,55.59,-0.340
11.61,55.57,-0.340
11.61,55.56,-0.340
11.61,55.54,-0.340
11.62,55.52,-0.340
11.62,55.51,-0.339
11.62,55.49,-0.339
11.62,55.47,-0.339
11.62,55.46,-0.339
11.62,55.44,-0.339
11.63,55.42,-0.339
11.63,55.41,-0.339
11.63,55.39,-0.339
11.63,55.37,-0.339
11.63,55.36,-0.339
11.63,55.34,-0.339
11.63,55.32,-0.339
11.64,55.31,-0.339
11.64,55.29,-0.339
11.64,55.27,-0.339
11.64,55.26,-0.339
11.64,55.24,-0.339
11.65,55.22,-0.339
11.65,55.21,-0.339
11.65,55.19,-0.339
11.65,55.17,-0.339
11.65,55.16,-0.339
11.65,55.14,-0.339
11.65,55.12,-0.339
11.66,55.11,-0.339
11.66,55.09,-0.339
11.66,55.07,-0.339
11.66,55.06,-0.339
11.66,55.04,-0.339
11.67,55.02,-0.339
11.67,55.01,-0.339
11.67,54.99,-0.339
11.67,54.97,-0.339
11.67,54.96,-0.339
11.67,54.94,-0.339
11.68,54.92,-0.339
11.68,54.91,-0.339
11.68,54.89,-0.339
11.68,54.87,-0.339
11.68,54.86,-0.339
11.68,54.84,-0.339
11.68,54.82,-0.339
11.69,54.81,-0.339
11.69,54.79,-0.339
11.69,54.77,-0.339
11.69,54.76,-0.339
11.69,54.74,-0.339
11.70,54.72,-0.339
11.70,54.71,-0.339
11.70,54.69,-0.339
11.70,54.67,-0.339
11.70,54.66,-0.339
11.70,54.64,-0.339
11.70,54.62,-0.339
11.71,54.61,-0.339
11.71,54.59,-0.339
11.71,54.57,-0.339
11.71,54.56,-0.339
11.71,54.54,-0.339
11.72,54.52,-0.339
11.72,54.51,-0.339
11.72,54.49,-0.339
11.72,54.47,-0.339
11.72,54.46,-0.339
11.72,54.44,-0.339
11.73,54.42,-0.339
11.73,54.41,-0.339
11.73,54.39,-0.339
11.73,54.37,-0.339
11.73,54.36,-0.339
11.73,54.34,-0.339
11.73,54.32,-0.339
11.74,54.31,-0.339
11.74,54.29,-0.339
11.74,54.27,-0.339
11.74,54.26,-0.339
11.74,54.24,-0.339
11.75,54.22,-0.339
11.75,54.21,-0.339
11.75,54.19,-0.339
11.75,54.17,-0.339
11.75,54.16,-0.339
11.75,54.14,-0.339
11.75,54.12,-0.339
11.76,54.11,-0.339
11.76,54.09,-0.339
11.76,54.07,-0.339
11.76,54.06,-0.339
11.76,54.04,-0.339
11.77,54.02,-0.339
11.77,54.01,-0.339
11.77,53.99,-0.339
11.77,53.97,-0.339
11.77,53.96,-0.339
11.77,53.94,-0.339
11.78,53.92,-0.339
11.78,53.91,-0.339
11.78,53.89,-0.339
11.78,53.87,-0.339
11.78,53.86,-0.339
11.78,53.84,-0.339
11.78,53.83,-0.338
11.79,53.81,-0.338
11.79,53.79,-0.338
11.79,53.78,-0.338
11.79,53.76,-0.338
11.79,53.74,-0.338
11.80,53.72,-0.338
11.80,53.71,-0.338
11.80,53.69,-0.338
11.80,53.67,-0.338
11.80,53.66,-0.338
11.80,53.64,-0.338
11.80,53.62,-0.338
11.81,53.61,-0.338
11.81,53.59,-0.338
11.81,53.58,-0.338
11.81,53.56,-0.338
11.81,53.54,-0.338
11.82,53.52,-0.338
11.82,53.51,-0.338
11.82,53.49,-0.338
11.82,53.47,-0.338
11.82,53.46,-0.338
11.82,53.44,-0.338
11.83,53.42,-0.338
11.83,53.41,-0.338
11.83,53.39,-0.338
11.83,53.37,-0.338
11.83,53.36,-0.338
11.83,53.34,-0.338
11.83,53.33,-0.338
11.84,53.31,-0.338
11.84,53.29,-0.338
11.84,53.28,-0.338
11.84,53.26,-0.338
11.84,53.24,-0.338
11.85,53.22,-0.338
11.85,53.21,-0.338
11.85,53.19,-0.338
11.85,53.17,-0.338
11.85,53.16,-0.338
11.85,53.14,-0.338
11.85,53.12,-0.338
11.86,53.11,-0.338
11.86,53.09,-0.338
11.86,53.07,-0.338
11.86,53.06,-0.338
11.86,53.04,-0.338
11.87,53.02,-0.338
11.87,53.01,-0.338
11.87,52.99,-0.338
11.87,52.97,-0.338
11.87,52.96,-0.338
11.87,52.94,-0.338
11.88,52.92,-0.338
11.88,52.91,-0.338
11.88,52.89,-0.338
11.88,52.87,-0.338
11.88,52.86,-0.338
11.88,52.84,-0.338
11.88,52.83,-0.338
11.89,52.81,-0.338
11.89,52.79,-0.338
11.89,52.77,-0.338
11.89,52.76,-0.338
11.89,52.74,-0.338
11.90,52.73,-0.338
11.90,52.71,-0.338
11.90,52.69,-0.338
11.90,52.68,-0.338
11.90,52.66,-0.338
11.90,52.64,-0.338
11.90,52.62,-0.338
11.91,52.61,-0.338
11.91,52.59,-0.338
11.91,52.57,-0.338
11.91,52.56,-0.338
11.91,52.54,-0.338
11.92,52.52,-0.338
11.92,52.51,-0.338
11.92,52.49,-0.338
11.92,52.48,-0.338
11.92,52.46,-0.338
11.92,52.44,-0.338
11.93,52.42,-0.338
11.93,52.41,-0.338
11.93,52.39,-0.338
11.93,52.37,-0.338
11.93,52.36,-0.338
11.93,52.34,-0.338
11.93,52.32,-0.338
11.94,52.31,-0.338
11.94,52.29,-0.338
11.94,52.27,-0.338
11.94,52.26,-0.338
11.94,52.24,-0.337
11.95,52.22,-0.337
11.95,52.21,-0.337
11.95,52.19,-0.337
11.95,52.18,-0.337
11.95,52.16,-0.337
11.95,52.14,-0.337
11.95,52.13,-0.337
11.96,52.11,-0.337
11.96,52.09,-0.337
11.96,52.08,-0.337
11.96,52.06,-0.337
11.96,52.04,-0.337
11.97,52.03,-0.337
11.97,52.01,-0.337
11.97,51.99,-0.337
11.97,51.97,-0.337
11.97,51.96,-0.337
11.97,51.94,-0.337
11.98,51.93,-0.337
11.98,51.91,-0.337
11.98,51.89,-0.337
11.98,51.88,-0.337
11.98,51.86,-0.337
11.98,51.84,-0.337
11.98,51.83,-0.337
11.99,51.81,-0.337
11.99,51.79,-0.337
11.99,51.77,-0.337
11.99,51.76,-0.337
11.99,51.74,-0.337
12.00,51.73,-0.337
12.00,51.71,-0.337
12.00,51.69,-0.337
12.00,51.68,-0.337
12.00,51.66,-0.337
12.00,51.64,-0.337
12.00,51.63,-0.337
12.01,51.61,-0.337
12.01,51.59,-0.337
12.01,51.58,-0.337
12.01,51.56,-0.337
12.01,51.54,-0.337
12.02,51.53,-0.337
12.02,51.51,-0.337
12.02,51.49,-0.337
12.02,51.48,-0.337
12.02,51.46,-0.337
12.02,51.44,-0.337
12.03,51.43,-0.337
12.03,51.41,-0.337
12.03,51.39,-0.337
12.03,51.38,-0.337
12.03,51.36,-0.337
12.03,51.34,-0.337
12.03,51.33,-0.337
12.04,51.31,-0.337
12.04,51.29,-0.337
12.04,51.28,-0.337
12.04,51.26,-0.337
12.04,51.24,-0.337
12.05,51.23,-0.337
12.05,51.21,-0.337
12.05,51.19,-0.337
12.05,51.18,-0.337
12.05,51.16,-0.337
12.05,51.14,-0.337
12.05,51.13,-0.337
12.06,51.11,-0.337
12.06,51.09,-0.337
12.06,51.08,-0.337
12.06,51.06,-0.337
12.06,51.04,-0.337
12.07,51.03,-0.337
12.07,51.01,-0.337
12.07,50.99,-0.337
12.07,50.98,-0.337
12.07,50.96,-0.337
12.07,50.94,-0.337
12.08,50.93,-0.337
12.08,50.91,-0.337
12.08,50.89,-0.337
12.08,50.88,-0.337
12.08,50.86,-0.337
12.08,50.84,-0.337
12.08,50.83,-0.337
12.09,50.81,-0.336
12.09,50.79,-0.336
12.09,50.78,-0.336
12.09,50.76,-0.336
12.09,50.74,-0.336
12.10,50.73,-0.336
12.10,50.71,-0.336
12.10,50.69,-0.336
12.10,50.68,-0.336
12.10,50.66,-0.336
12.10,50.64,-0.336
12.10,50.63,-0.336
12.11,50.61,-0.336
12.11,50.59,-0.336
12.11,50.58,-0.336
12.11,50.56,-0.336
12.11,50.54,-0.336
12.12,50.53,-0.336
12.12,50.51,-0.336
12.12,50.49,-0.336
12.12,50.48,-0.336
12.12,50.46,-0.336
12.12,50.44,-0.371
12.13,50.43,-0.789
12.13,50.41,-1.972
12.13,50.39,-4.118
12.13,50.38,-7.198
12.13,50.39,-11.288
12.13,50.51,-18.809
12.13,50.76,-30.166
12.14,51.10,-43.957
12.14,51.51,-58.175
12.14,52.09,-70.866
12.14,53.11,-81.414
12.14,54.26,-88.276
12.15,55.34,-90.524
12.15,56.23,-87.924
12.15,56.86,-80.468
12.15,57.24,-68.572
12.15,57.43,-55.758
12.15,57.52,-44.427
12.15,57.54,-35.433
12.16,57.52,-28.842
12.16,57.47,-24.228
12.16,57.41,-20.877
12.16,57.33,-18.310
12.16,57.24,-16.267
12.17,57.14,-14.596
12.17,57.04,-13.202
12.17,56.94,-12.026
12.17,56.83,-11.024
12.17,56.73,-10.166
12.17,56.62,-9.429
12.18,56.50,-8.794
12.18,56.39,-8.245
12.18,56.28,-7.767
12.18,56.17,-7.351
12.18,56.06,-6.987
12.18,55.95,-6.678
12.18,55.84,-6.415
12.19,55.73,-6.180
12.19,55.62,-5.960
12.19,55.51,-5.747
12.19,55.41,-5.555
12.19,55.30,-5.369
12.20,55.19,-5.179
12.20,55.09,-4.987
12.20,54.99,-4.801
12.20,54.89,-4.626
12.20,54.79,-4.477
12.20,54.69,-4.358
12.20,54.59,-4.260
12.21,54.49,-4.177
12.21,54.40,-4.100
12.21,54.30,-4.029
12.21,54.21,-3.961
12.21,54.12,-3.894
12.22,54.03,-3.829
12.22,53.94,-3.766
12.22,53.85,-3.702
12.22,53.76,-3.641
12.22,53.67,-3.581
12.22,53.59,-3.523
12.23,53.50,-3.464
12.23,53.42,-3.408
12.23,53.34,-3.351
12.23,53.26,-3.298
12.23,53.18,-3.244
12.23,53.10,-3.192
12.23,53.02,-3.141
12.24,52.94,-3.092
12.24,52.87,-3.043
12.24,52.79,-2.997
12.24,52.72,-2.951
12.24,52.64,-2.905
12.25,52.57,-2.860
12.25,52.50,-2.816
12.25,52.43,-2.774
12.25,52.36,-2.733
12.25,52.29,-2.692
12.25,52.22,-2.651
12.25,52.16,-2.612
12.26,52.09,-2.574
12.26,52.03,-2.537
12.26,51.96,-2.500
12.26,51.90,-2.464
12.26,51.84,-2.428
12.27,51.77,-2.394
12.27,51.71,-2.360
12.27,51.65,-2.326
12.27,51.59,-2.294
12.27,51.53,-2.262
12.27,51.47,-2.229
12.28,51.42,-2.198
12.28,51.36,-2.168
12.28,51.30,-2.138
12.28,51.24,-2.110
12.28,51.19,-2.081
12.28,51.13,-2.053
12.28,51.08,-2.025
12.29,51.03,-1.998
12.29,50.97,-1.971
12.29,50.92,-1.944
12.29,50.87,-1.919
12.29,50.82,-1.892
12.30,50.77,-1.867
12.30,50.72,-1.842
12.30,50.67,-1.819
12.30,50.62,-1.795
12.30,50.57,-1.771
12.30,50.52,-1.749
12.30,50.48,-1.726
12.31,50.43,-1.703
12.31,50.38,-1.682
12.31,50.34,-1.661
12.31,50.29,-1.640
12.31,50.25,-1.619
12.32,50.20,-1.597
12.32,50.16,-1.577
12.32,50.12,-1.556
12.32,50.07,-1.537
12.32,50.03,-1.518
12.32,49.99,-1.498
12.33,49.95,-1.479
12.33,49.90,-1.461
12.33,49.86,-1.443
12.33,49.82,-1.426
12.33,49.78,-1.408
12.33,49.74,-1.391
12.33,49.70,-1.373
12.34,49.66,-1.356
12.34,49.63,-1.340
12.34,49.59,-1.324
12.34,49.55,-1.308
12.34,49.51,-1.292
12.35,49.47,-1.277
12.35,49.44,-1.262
12.35,49.40,-1.247
12.35,49.36,-1.232
12.35,49.33,-1.217
12.35,49.29,-1.202
12.35,49.26,-1.187
12.36,49.22,-1.173
12.36,49.19,-1.159
12.36,49.15,-1.145
12.36,49.12,-1.131
12.36,49.08,-1.118
12.37,49.05,-1.106
12.37,49.02,-1.094
12.37,48.99,-1.082
12.37,48.95,-1.070
12.37,48.92,-1.058
12.37,48.89,-1.046
12.38,48.86,-1.034
12.38,48.82,-1.022
12.38,48.79,-1.010
12.38,48.76,-0.998
12.38,48.73,-0.987
12.38,48.70,-0.976
12.38,48.67,-0.965
12.39,48.64,-0.955
12.39,48.61,-0.944
12.39,48.58,-0.934
12.39,48.55,-0.925
12.39,48.52,-0.915
12.40,48.49,-0.904
12.40,48.46,-0.894
12.40,48.43,-0.884
12.40,48.40,-0.875
12.40,48.37,-0.866
12.40,48.34,-0.857
12.40,48.32,-0.848
12.41,48.29,-0.839
12.41,48.26,-0.831
12.41,48.23,-0.822
12.41,48.21,-0.815
12.41,48.18,-0.806
12.42,48.15,-0.797
12.42,48.13,-0.789
12.42,48.10,-0.782
12.42,48.07,-0.774
12.42,48.05,-0.767
12.42,48.02,-0.760
12.43,47.99,-0.752
12.43,47.97,-0.745
12.43,47.94,-0.738
12.43,47.92,-0.731
12.43,47.89,-0.724
12.43,47.87,-0.717
12.43,47.84,-0.710
12.44,47.81,-0.703
12.44,47.79,-0.697
12.44,47.76,-0.690
12.44,47.74,-0.684
12.44,47.72,-0.678
12.45,47.69,-0.673
12.45,47.67,-0.667
12.45,47.64,-0.661
12.45,47.62,-0.655
12.45,47.60,-0.650
12.45,47.57,-0.644
12.45,47.55,-0.639
12.46,47.52,-0.633
12.46,47.50,-0.627
12.46,47.48,-0.622
12.46,47.45,-0.616
12.46,47.43,-0.611
12.47,47.41,-0.606
12.47,47.38,-0.602
12.47,47.36,-0.597
12.47,47.34,-0.592
12.47,47.32,-0.588
12.47,47.29,-0.583
12.48,47.27,-0.579
12.48,47.25,-0.574
12.48,47.23,-0.569
12.48,47.21,-0.565
12.48,47.18,-0.561
12.48,47.16,-0.557
12.48,47.14,-0.554
12.49,47.12,-0.550
12.49,47.10,-0.545
12.49,47.07,-0.541
12.49,47.05,-0.537
12.49,47.03,-0.533
12.50,47.01,-0.529
12.50,46.99,-0.525
12.50,46.97,-0.521
12.50,46.95,-0.518
12.50,46.92,-0.514
12.50,46.90,-0.511
12.50,46.88,-0.508
12.51,46.86,-0.505
12.51,46.84,-0.502
12.51,46.82,-0.499
12.51,46.80,-0.496
12.51,46.78,-0.493
12.52,46.76,-0.490
12.52,46.74,-0.486
12.52,46.72,-0.483
12.52,46.70,-0.479
12.52,46.68,-0.476
12.52,46.66,-0.474
12.53,46.64,-0.472
12.53,46.62,-0.469
12.53,46.60,-0.466
12.53,46.58,-0.463
12.53,46.56,-0.460
12.53,46.54,-0.457
12.53,46.52,-0.454
12.54,46.50,-0.452
12.54,46.48,-0.449
12.54,46.46,-0.447
12.54,46.44,-0.444
12.54,46.42,-0.442
12.55,46.40,-0.440
12.55,46.38,-0.437
12.55,46.36,-0.436
12.55,46.34,-0.433
12.55,46.32,-0.431
12.55,46.30,-0.429
12.55,46.28,-0.429
12.56,46.26,-0.427
12.56,46.24,-0.425
12.56,46.22,-0.423
12.56,46.20,-0.421
12.56,46.19,-0.418
12.57,46.17,-0.416
12.57,46.15,-0.414
12.57,46.13,-0.412
12.57,46.11,-0.410
12.57,46.09,-0.408
12.57,46.07,-0.407
12.58,46.05,-0.405
12.58,46.04,-0.403
12.58,46.02,-0.401
12.58,46.00,-0.399
12.58,45.98,-0.397
12.58,45.96,-0.396
12.58,45.94,-0.395
12.59,45.92,-0.394
12.59,45.90,-0.393
12.59,45.89,-0.392
12.59,45.87,-0.390
12.59,45.85,-0.389
12.60,45.83,-0.387
12.60,45.81,-0.385
12.60,45.79,-0.383
12.60,45.77,-0.381
12.60,45.76,-0.379
12.60,45.74,-0.378
12.60,45.72,-0.378
12.61,45.70,-0.376
12.61,45.68,-0.375
12.61,45.67,-0.373
12.61,45.65,-0.373
12.61,45.63,-0.372
12.62,45.61,-0.372
12.62,45.59,-0.371
12.62,45.57,-0.369
12.62,45.56,-0.368
12.62,45.54,-0.366
12.62,45.52,-0.366
12.63,45.50,-0.364
12.63,45.48,-0.363
12.63,45.47,-0.362
12.63,45.45,-0.361
12.63,45.43,-0.359
12.63,45.41,-0.358
12.63,45.40,-0.357
12.64,45.38,-0.356
12.64,45.36,-0.356
12.64,45.34,-0.355
12.64,45.32,-0.354
12.64,45.31,-0.353
12.65,45.29,-0.353
12.65,45.27,-0.352
12.65,45.25,-0.352
12.65,45.23,-0.351
12.65,45.22,-0.350
12.65,45.20,-0.348
12.65,45.18,-0.347
12.66,45.16,-0.345
12.66,45.15,-0.344
12.66,45.13,-0.343
12.66,45.11,-0.342
12.66,45.09,-0.342
12.67,45.08,-0.342
12.67,45.06,-0.341
12.67,45.04,-0.341
12.67,45.02,-0.341
12.67,45.01,-0.341
12.67,44.99,-0.340
12.68,44.97,-0.339
12.68,44.95,-0.338
12.68,44.94,-0.336
12.68,44.92,-0.335
12.68,44.90,-0.335
12.68,44.88,-0.335
12.68,44.87,-0.334
12.69,44.85,-0.333
12.69,44.83,-0.333
12.69,44.81,-0.333
12.69,44.80,-0.332
12.69,44.78,-0.332
12.70,44.76,-0.332
12.70,44.75,-0.331
12.70,44.73,-0.330
12.70,44.71,-0.330
12.70,44.69,-0.330
12.70,44.68,-0.329
12.70,44.66,-0.328
12.71,44.64,-0.328
12.71,44.62,-0.327
12.71,44.61,-0.326
12.71,44.59,-0.326
12.71,44.57,-0.325
12.72,44.56,-0.324
12.72,44.54,-0.323
12.72,44.52,-0.323
12.72,44.50,-0.323
12.72,44.49,-0.322
12.72,44.47,-0.322
12.73,44.45,-0.322
12.73,44.44,-0.322
12.73,44.42,-0.322
12.73,44.40,-0.321
12.73,44.38,-0.321
12.73,44.37,-0.321
12.73,44.35,-0.321
12.74,44.33,-0.321
12.74,44.32,-0.320
12.74,44.30,-0.320
12.74,44.28,-0.320
12.74,44.26,-0.320
12.75,44.25,-0.319
12.75,44.23,-0.319
12.75,44.21,-0.318
12.75,44.20,-0.318
12.75,44.18,-0.317
12.75,44.16,-0.317
12.75,44.14,-0.317
12.76,44.13,-0.316
12.76,44.11,-0.316
12.76,44.09,-0.316
12.76,44.08,-0.315
12.76,44.06,-0.315
12.77,44.04,-0.314
12.77,44.03,-0.314
12.77,44.01,-0.314
12.77,43.99,-0.314
12.77,43.97,-0.313
12.77,43.96,-0.313
12.78,43.94,-0.313
12.78,43.92,-0.312
12.78,43.91,-0.312
12.78,43.89,-0.312
12.78,43.87,-0.312
12.78,43.86,-0.312
12.78,43.84,-0.312
12.79,43.82,-0.311
12.79,43.81,-0.311
12.79,43.79,-0.311
12.79,43.77,-0.311
12.79,43.75,-0.311
12.80,43.74,-0.310
12.80,43.72,-0.310
12.80,43.70,-0.310
12.80,43.69,-0.310
12.80,43.67,-0.309
12.80,43.65,-0.309
12.80,43.64,-0.309
12.81,43.62,-0.309
12.81,43.60,-0.309
12.81,43.59,-0.309
12.81,43.57,-0.309
12.81,43.55,-0.309
12.82,43.54,-0.309
12.82,43.52,-0.309
12.82,43.50,-0.309
12.82,43.48,-0.309
12.82,43.47,-0.309
12.82,43.45,-0.309
12.83,43.43,-0.308
12.83,43.42,-0.308
12.83,43.40,-0.308
12.83,43.38,-0.307
12.83,43.37,-0.307
12.83,43.35,-0.307
12.83,43.33,-0.306
12.84,43.32,-0.306
12.84,43.30,-0.306
12.84,43.28,-0.306
12.84,43.27,-0.306
12.84,43.25,-0.306
12.85,43.23,-0.306
12.85,43.22,-0.305
12.85,43.20,-0.305
12.85,43.18,-0.305
12.85,43.17,-0.305
12.85,43.15,-0.305
12.85,43.13,-0.305
12.86,43.12,-0.305
12.86,43.10,-0.305
12.86,43.08,-0.305
12.86,43.06,-0.305
12.86,43.05,-0.305
12.87,43.03,-0.304
12.87,43.01,-0.304
12.87,43.00,-0.304
12.87,42.98,-0.304
12.87,42.96,-0.304
12.87,42.95,-0.304
12.88,42.93,-0.304
12.88,42.91,-0.304
12.88,42.90,-0.303
12.88,42.88,-0.303
12.88,42.86,-0.303
12.88,42.85,-0.303
12.88,42.83,-0.303
12.89,42.81,-0.303
12.89,42.80,-0.303
12.89,42.78,-0.303
12.89,42.76,-0.302
12.89,42.75,-0.302
12.90,42.73,-0.302
12.90,42.71,-0.302
12.90,42.69,-0.302
12.90,42.68,-0.302
12.90,42.66,-0.302
12.90,42.64,-0.302
12.90,42.63,-0.302
12.91,42.61,-0.302
12.91,42.60,-0.302
12.91,42.58,-0.302
12.91,42.56,-0.302
12.91,42.54,-0.302
12.92,42.53,-0.302
12.92,42.51,-0.302
12.92,42.49,-0.301
12.92,42.48,-0.301
12.92,42.46,-0.301
12.92,42.44,-0.301
12.93,42.43,-0.301
12.93,42.41,-0.301
12.93,42.39,-0.301
12.93,42.38,-0.301
12.93,42.36,-0.301
12.93,42.34,-0.301
12.93,42.33,-0.301
12.94,42.31,-0.300
12.94,42.29,-0.300
12.94,42.28,-0.300
12.94,42.26,-0.300
12.94,42.24,-0.300
12.95,42.23,-0.300
12.95,42.21,-0.300
12.95,42.19,-0.300
12.95,42.18,-0.300
12.95,42.16,-0.300
12.95,42.14,-0.300
12.95,42.13,-0.300
12.96,42.11,-0.300
12.96,42.09,-0.300
12.96,42.08,-0.300
12.96,42.06,-0.300
12.96,42.04,-0.300
12.97,42.03,-0.300
12.97,42.01,-0.300
12.97,41.99,-0.300
12.97,41.98,-0.300
12.97,41.96,-0.300
12.97,41.94,-0.300
12.98,41.93,-0.299
12.98,41.91,-0.299
12.98,41.89,-0.299
12.98,41.88,-0.299
12.98,41.86,-0.299
12.98,41.84,-0.299
12.98,41.83,-0.299
12.99,41.81,-0.299
12.99,41.79,-0.299
12.99,41.78,-0.299
12.99,41.76,-0.299
12.99,41.74,-0.299
13.00,41.73,-0.299
13.00,41.71,-0.299
13.00,41.69,-0.299
13.00,41.68,-0.299
13.00,41.66,-0.299
13.00,41.64,-0.299
13.00,41.63,-0.299
13.01,41.61,-0.299
13.01,41.59,-0.299
13.01,41.57,-0.299
13.01,41.56,-0.299
13.01,41.54,-0.299
13.02,41.52,-0.299
13.02,41.51,-0.299
13.02,41.49,-0.299
13.02,41.47,-0.299
13.02,41.46,-0.299
13.02,41.44,-0.299
13.03,41.43,-0.298
13.03,41.41,-0.298
13.03,41.39,-0.298
13.03,41.38,-0.298
13.03,41.36,-0.298
13.03,41.34,-0.298
13.03,41.33,-0.298
13.04,41.31,-0.298
13.04,41.29,-0.298
13.04,41.28,-0.298
13.04,41.26,-0.298
13.04,41.24,-0.298
13.05,41.22,-0.298
13.05,41.21,-0.298
13.05,41.19,-0.298
13.05,41.18,-0.298
13.05,41.16,-0.298
13.05,41.14,-0.298
13.05,41.12,-0.298
13.06,41.11,-0.298
13.06,41.09,-0.298
13.06,41.07,-0.298
13.06,41.06,-0.298
13.06,41.04,-0.298
13.07,41.02,-0.298
13.07,41.01,-0.298
13.07,40.99,-0.298
13.07,40.98,-0.298
13.07,40.96,-0.298
13.07,40.94,-0.298
13.08,40.93,-0.298
13.08,40.91,-0.298
13.08,40.89,-0.298
13.08,40.88,-0.298
13.08,40.86,-0.298
13.08,40.84,-0.297
13.08,40.83,-0.297
13.09,40.81,-0.297
13.09,40.79,-0.297
13.09,40.78,-0.297
13.09,40.76,-0.297
13.09,40.74,-0.297
13.10,40.72,-0.297
13.10,40.71,-0.297
13.10,40.69,-0.297
13.10,40.67,-0.297
13.10,40.66,-0.297
13.10,40.64,-0.297
13.10,40.62,-0.297
13.11,40.61,-0.297
13.11,40.59,-0.297
13.11,40.58,-0.297
13.11,40.56,-0.297
13.11,40.54,-0.297
13.12,40.53,-0.297
13.12,40.51,-0.297
13.12,40.49,-0.297
13.12,40.48,-0.297
13.12,40.46,-0.297
13.12,40.44,-0.297
13.13,40.43,-0.297
13.13,40.41,-0.297
13.13,40.39,-0.297
13.13,40.38,-0.297
13.13,40.36,-0.296
13.13,40.34,-0.296
13.13,40.32,-0.296
13.14,40.31,-0.296
13.14,40.29,-0.296
13.14,40.27,-0.296
13.14,40.26,-0.296
13.14,40.24,-0.296
13.15,40.22,-0.296
13.15,40.21,-0.296
13.15,40.19,-0.296
13.15,40.17,-0.296
13.15,40.16,-0.296
13.15,40.14,-0.296
13.15,40.13,-0.296
13.16,40.11,-0.296
13.16,40.09,-0.296
13.16,40.08,-0.296
13.16,40.06,-0.296
13.16,40.04,-0.296
13.17,40.03,-0.296
13.17,40.01,-0.296
13.17,39.99,-0.296
13.17,39.97,-0.296
13.17,39.96,-0.296
13.17,39.94,-0.296
13.18,39.93,-0.296
13.18,39.91,-0.296
13.18,39.89,-0.296
13.18,39.88,-0.296
13.18,39.86,-0.296
13.18,39.84,-0.296
13.18,39.83,-0.296
13.19,39.81,-0.296
13.19,39.79,-0.296
13.19,39.77,-0.296
13.19,39.76,-0.296
13.19,39.74,-0.295
13.20,39.73,-0.295
13.20,39.71,-0.295
13.20,39.69,-0.295
13.20,39.68,-0.295
13.20,39.66,-0.295
13.20,39.64,-0.295
13.20,39.62,-0.295
13.21,39.61,-0.295
13.21,39.59,-0.295
13.21,39.58,-0.295
13.21,39.56,-0.295
13.21,39.54,-0.295
13.22,39.53,-0.295
13.22,39.51,-0.295
13.22,39.49,-0.295
13.22,39.48,-0.295
13.22,39.46,-0.295
13.22,39.44,-0.295
13.23,39.42,-0.295
13.23,39.41,-0.295
13.23,39.39,-0.295
13.23,39.38,-0.295
13.23,39.36,-0.295
13.23,39.34,-0.295
13.23,39.32,-0.295
13.24,39.31,-0.295
13.24,39.29,-0.295
13.24,39.28,-0.295
13.24,39.26,-0.295
13.24,39.24,-0.295
13.25,39.22,-0.295
13.25,39.21,-0.295
13.25,39.19,-0.295
13.25,39.17,-0.295
13.25,39.16,-0.295
13.25,39.14,-0.295
13.25,39.12,-0.294
13.26,39.11,-0.294
13.26,39.09,-0.294
13.26,39.08,-0.294
13.26,39.06,-0.294
13.26,39.04,-0.294
13.27,39.03,-0.294
13.27,39.01,-0.294
13.27,38.99,-0.294
13.27,38.98,-0.294
13.27,38.96,-0.294
13.27,38.94,-0.294
13.28,38.93,-0.294
13.28,38.91,-0.294
13.28,38.89,-0.294
13.28,38.88,-0.294
13.28,38.86,-0.294
13.28,38.84,-0.294
13.28,38.83,-0.294
13.29,38.81,-0.294
13.29,38.79,-0.294
13.29,38.78,-0.294
13.29,38.76,-0.294
13.29,38.74,-0.294
13.30,38.73,-0.294
13.30,38.71,-0.294
13.30,38.69,-0.294
13.30,38.67,-0.294
13.30,38.66,-0.294
13.30,38.64,-0.294
13.30,38.63,-0.294
13.31,38.61,-0.294
13.31,38.59,-0.294
13.31,38.58,-0.294
13.31,38.56,-0.294
13.31,38.54,-0.294
13.32,38.53,-0.293
13.32,38.51,-0.293
13.32,38.49,-0.293
13.32,38.48,-0.293
13.32,38.46,-0.293
13.32,38.44,-0.293
13.33,38.43,-0.293
13.33,38.41,-0.293
13.33,38.39,-0.293
13.33,38.38,-0.293
13.33,38.36,-0.293
13.33,38.34,-0.293
13.33,38.33,-0.293
13.34,38.31,-0.293
13.34,38.29,-0.293
13.34,38.28,-0.293
13.34,38.26,-0.293
13.34,38.24,-0.293
13.35,38.23,-0.293
13.35,38.21,-0.293
13.35,38.19,-0.293
13.35,38.18,-0.293
13.35,38.16,-0.293
13.35,38.14,-0.293
13.35,38.13,-0.293
13.36,38.11,-0.293
13.36,38.09,-0.293
13.36,38.08,-0.293
13.36,38.06,-0.293
13.36,38.04,-0.293
13.37,38.03,-0.293
13.37,38.01,-0.293
13.37,37.99,-0.293
13.37,37.98,-0.293
13.37,37.96,-0.293
13.37,37.94,-0.293
13.38,37.93,-0.292
13.38,37.91,-0.292
13.38,37.89,-0.292
13.38,37.88,-0.292
13.38,37.86,-0.292
13.38,37.84,-0.292
13.38,37.83,-0.292
13.39,37.81,-0.292
13.39,37.79,-0.292
13.39,37.78,-0.292
13.39,37.76,-0.292
13.39,37.74,-0.292
13.40,37.73,-0.292
13.40,37.71,-0.292
13.40,37.69,-0.292
13.40,37.68,-0.292
13.40,37.66,-0.292
13.40,37.64,-0.292
13.40,37.63,-0.292
13.41,37.61,-0.292
13.41,37.59,-0.292
13.41,37.58,-0.292
13.41,37.56,-0.292
13.41,37.54,-0.292
13.42,37.53,-0.292
13.42,37.51,-0.292
13.42,37.49,-0.292
13.42,37.48,-0.292
13.42,37.46,-0.292
13.42,37.44,-0.292
13.43,37.43,-0.292
13.43,37.41,-0.292
13.43,37.39,-0.292
13.43,37.38,-0.292
13.43,37.36,-0.292
13.43,37.34,-0.292
13.43,37.33,-0.292
13.44,37.31,-0.292
13.44,37.29,-0.292
13.44,37.28,-0.292
13.44,37.26,-0.291
13.44,37.24,-0.291
13.45,37.23,-0.291
13.45,37.21,-0.291
13.45,37.19,-0.291
13.45,37.18,-0.291
13.45,37.16,-0.291
13.45,37.14,-0.291
13.45,37.13,-0.291
13.46,37.11,-0.291
13.46,37.09,-0.291
13.46,37.08,-0.291
13.46,37.06,-0.291
13.46,37.04,-0.291
13.47,37.03,-0.291
13.47,37.01,-0.291
13.47,36.99,-0.291
13.47,36.98,-0.291
13.47,36.96,-0.291
13.47,36.94,-0.291
13.48,36.93,-0.291
13.48,36.91,-0.291
13.48,36.89,-0.291
13.48,36.88,-0.291
13.48,36.86,-0.291
13.48,36.84,-0.291
13.48,36.83,-0.291
13.49,36.81,-0.291
13.49,36.79,-0.291
13.49,36.78,-0.291
13.49,36.76,-0.291
13.49,36.74,-0.291
13.50,36.73,-0.291
13.50,36.71,-0.291
13.50,36.70,-0.291
13.50,36.68,-0.291
13.50,36.66,-0.291
13.50,36.65,-0.290
13.50,36.63,-0.290
13.51,36.61,-0.290
13.51,36.59,-0.290
13.51,36.58,-0.290
13.51,36.56,-0.290
13.51,36.54,-0.290
13.52,36.53,-0.290
13.52,36.51,-0.290
13.52,36.50,-0.290
13.52,36.48,-0.290
13.52,36.46,-0.290
13.52,36.44,-0.290
13.53,36.43,-0.290
13.53,36.41,-0.290
13.53,36.39,-0.290
13.53,36.38,-0.290
13.53,36.36,-0.290
13.53,36.34,-0.290
13.53,36.33,-0.290
13.54,36.31,-0.290
13.54,36.29,-0.290
13.54,36.28,-0.290
13.54,36.26,-0.290
13.54,36.24,-0.290
13.55,36.23,-0.290
13.55,36.21,-0.290
13.55,36.19,-0.290
13.55,36.18,-0.290
13.55,36.16,-0.290
13.55,36.14,-0.290
13.55,36.13,-0.290
13.56,36.11,-0.290
13.56,36.09,-0.290
13.56,36.08,-0.290
13.56,36.06,-0.290
13.56,36.04,-0.290
13.57,36.03,-0.290
13.57,36.01,-0.290
13.57,35.99,-0.290
13.57,35.98,-0.290
13.57,35.96,-0.290
13.57,35.94,-0.290
13.58,35.93,-0.290
13.58,35.91,-0.290
13.58,35.89,-0.290
13.58,35.88,-0.290
13.58,35.86,-0.289
13.58,35.84,-0.289
13.58,35.83,-0.289
13.59,35.81,-0.289
13.59,35.79,-0.289
13.59,35.78,-0.289
13.59,35.76,-0.289
13.59,35.74,-0.289
13.60,35.73,-0.289
13.60,35.71,-0.289
13.60,35.69,-0.289
13.60,35.68,-0.289
13.60,35.66,-0.289
13.60,35.64,-0.289
13.60,35.63,-0.289
13.61,35.61,-0.289
13.61,35.59,-0.289
13.61,35.58,-0.289
13.61,35.56,-0.289
13.61,35.54,-0.289
13.62,35.53,-0.289
13.62,35.51,-0.289
13.62,35.50,-0.289
13.62,35.48,-0.289
13.62,35.46,-0.289
13.62,35.44,-0.289
13.63,35.43,-0.289
13.63,35.41,-0.289
13.63,35.39,-0.289
13.63,35.38,-0.289
13.63,35.36,-0.289
13.63,35.34,-0.289
13.63,35.33,-0.289
13.64,35.31,-0.289
13.64,35.30,-0.289
13.64,35.28,-0.289
13.64,35.26,-0.289
13.64,35.25,-0.289
13.65,35.23,-0.289
13.65,35.21,-0.289
13.65,35.19,-0.289
13.65,35.18,-0.289
13.65,35.16,-0.289
13.65,35.15,-0.289
13.65,35.13,-0.289
13.66,35.11,-0.289
13.66,35.09,-0.289
13.66,35.08,-0.289
13.66,35.06,-0.289
13.66,35.05,-0.289
13.67,35.03,-0.289
13.67,35.01,-0.289
13.67,35.00,-0.288
13.67,34.98,-0.288
13.67,34.96,-0.288
13.67,34.95,-0.288
13.68,34.93,-0.288
13.68,34.91,-0.288
13.68,34.89,-0.288
13.68,34.88,-0.288
13.68,34.86,-0.288
13.68,34.84,-0.288
13.68,34.83,-0.288
13.69,34.81,-0.288
13.69,34.79,-0.288
13.69,34.78,-0.288
13.69,34.76,-0.288
13.69,34.75,-0.288
13.70,34.73,-0.288
13.70,34.71,-0.288
13.70,34.70,-0.288
13.70,34.68,-0.288
13.70,34.66,-0.288
13.70,34.65,-0.288
13.70,34.63,-0.288
13.71,34.61,-0.288
13.71,34.60,-0.288
13.71,34.58,-0.288
13.71,34.56,-0.288
13.71,34.55,-0.288
13.72,34.53,-0.288
13.72,34.51,-0.288
13.72,34.50,-0.288
13.72,34.48,-0.288
13.72,34.46,-0.288
13.72,34.45,-0.288
13.73,34.43,-0.288
13.73,34.41,-0.288
13.73,34.40,-0.288
13.73,34.38,-0.288
13.73,34.36,-0.288
13.73,34.35,-0.288
13.73,34.33,-0.288
13.74,34.31,-0.288
13.74,34.30,-0.288
13.74,34.28,-0.288
13.74,34.26,-0.288
13.74,34.25,-0.288
13.75,34.23,-0.288
13.75,34.21,-0.288
13.75,34.20,-0.288
13.75,34.18,-0.288
13.75,34.16,-0.288
13.75,34.15,-0.288
13.75,34.13,-0.288
13.76,34.11,-0.288
13.76,34.10,-0.287
13.76,34.08,-0.287
13.76,34.06,-0.287
13.76,34.05,-0.287
13.77,34.03,-0.287
13.77,34.01,-0.287
13.77,34.00,-0.287
13.77,33.98,-0.287
13.77,33.96,-0.287
13.77,33.95,-0.287
13.78,33.93,-0.287
13.78,33.91,-0.287
13.78,33.90,-0.287
13.78,33.88,-0.287
13.78,33.86,-0.287
13.78,33.85,-0.287
13.78,33.83,-0.287
13.79,33.81,-0.287
13.79,33.80,-0.287
13.79,33.78,-0.287
13.79,33.76,-0.287
13.79,33.75,-0.287
13.80,33.73,-0.287
13.80,33.71,-0.287
13.80,33.70,-0.287
13.80,33.68,-0.287
13.80,33.66,-0.287
13.80,33.65,-0.287
13.80,33.63,-0.287
13.81,33.61,-0.287
13.81,33.60,-0.287
13.81,33.58,-0.287
13.81,33.56,-0.287
13.81,33.55,-0.287
13.82,33.53,-0.287
13.82,33.51,-0.287
13.82,33.50,-0.287
13.82,33.48,-0.287
13.82,33.46,-0.287
13.82,33.45,-0.287
13.83,33.43,-0.287
13.83,33.41,-0.287
13.83,33.40,-0.287
13.83,33.38,-0.287
13.83,33.36,-0.287
13.83,33.35,-0.287
13.83,33.33,-0.287
13.84,33.31,-0.287
13.84,33.30,-0.287
13.84,33.28,-0.287
13.84,33.26,-0.287
13.84,33.25,-0.287
13.85,33.23,-0.286
13.85,33.21,-0.286
13.85,33.20,-0.286
13.85,33.18,-0.286
13.85,33.16,-0.286
13.85,33.15,-0.286
13.85,33.13,-0.286
13.86,33.11,-0.286
13.86,33.10,-0.286
13.86,33.08,-0.286
13.86,33.06,-0.286
13.86,33.05,-0.286
13.87,33.03,-0.286
13.87,33.01,-0.286
13.87,33.00,-0.286
13.87,32.98,-0.286
13.87,32.96,-0.286
13.87,32.95,-0.286
13.88,32.93,-0.286
13.88,32.91,-0.286
13.88,32.90,-0.286
13.88,32.88,-0.286
13.88,32.86,-0.286
13.88,32.85,-0.286
13.88,32.83,-0.286
13.89,32.81,-0.286
13.89,32.80,-0.286
13.89,32.78,-0.286
13.89,32.76,-0.286
13.89,32.75,-0.286
13.90,32.73,-0.286
13.90,32.71,-0.286
13.90,32.70,-0.286
13.90,32.68,-0.286
13.90,32.66,-0.286
13.90,32.65,-0.286
13.90,32.63,-0.286
13.91,32.61,-0.286
13.91,32.60,-0.286
13.91,32.58,-0.286
13.91,32.56,-0.286
13.91,32.55,-0.285
13.92,32.53,-0.285
13.92,32.51,-0.285
13.92,32.50,-0.285
13.92,32.48,-0.285
13.92,32.47,-0.285
13.92,32.45,-0.285
13.93,32.43,-0.285
13.93,32.41,-0.285
13.93,32.40,-0.285
13.93,32.38,-0.285
13.93,32.37,-0.285
13.93,32.35,-0.285
13.93,32.33,-0.285
13.94,32.31,
13.94,32.30,
13.94,32.28,
13.94,32.26,
13.94,32.25,
13.95,32.23,
13.95,32.21,
13.95,32.20,
13.95,32.18,
13.95,32.16,
13.95,32.15,
13.95,32.13,
13.96,32.12,
13.96,32.10,
13.96,32.08,
13.96,32.07,
13.96,32.05,
13.97,32.03,
13.97,32.02,
13.97,32.00,
13.97,31.98,
13.97,31.97,
13.97,31.95,
13.98,31.93,
13.98,31.91,
13.98,31.90,
13.98,31.88,
13.98,31.87,
13.98,31.85,
13.98,31.83,
13.99,,
13.99,,
13.99,,
13.99,,
13.99,,

[step]
Ramp 10.00 °C/min to 95.00 °C
Time,Temperature,Heat Flow (Normalized)
min,°C,W/g
15.00,30.14,-0.029
15.00,30.13,-0.029
15.00,30.14,-0.029
15.00,30.13,-0.029
15.00,30.13,-0.029
15.00,30.14,-0.029
15.00,30.14,-0.029
15.01,30.13,-0.029
15.01,30.14,-0.029
15.01,30.14,-0.029
15.01,30.13,-0.029
15.01,30.13,-0.029
15.02,30.14,-0.029
15.02,30.14,-0.029
15.02,30.14,-0.029
15.02,30.14,-0.029
15.02,30.14,-0.029
15.02,30.14,-0.029
15.03,30.14,-0.029
15.03,30.14,-0.029
15.03,30.14,-0.029
15.03,30.14,-0.029
15.03,30.14,-0.028
15.03,30.14,-0.028
15.03,30.14,-0.028
15.04,30.14,-0.028
15.04,30.14,-0.028
15.04,30.14,-0.028
15.04,30.15,-0.028
15.04,30.15,-0.028
15.05,30.15,-0.028
15.05,30.15,-0.027
15.05,30.15,-0.026
15.05,30.15,-0.026
15.05,30.15,-0.025
15.05,30.16,-0.024
15.05,30.16,-0.022
15.06,30.16,-0.021
15.06,30.16,-0.019
15.06,30.16,-0.017
15.06,30.17,-0.016
15.06,30.17,-0.015
15.07,30.17,-0.013
15.07,30.18,-0.011
15.07,30.18,-0.010
15.07,30.18,-0.008
15.07,30.19,-0.006
15.07,30.19,-0.003
15.08,30.19,-0.002
15.08,30.20,0.000
15.08,30.20,0.002
15.08,30.21,0.004
15.08,30.21,0.006
15.08,30.22,0.008
15.08,30.22,0.009
15.09,30.22,0.011
15.09,30.23,0.013
15.09,30.24,0.015
15.09,30.24,0.017
15.09,30.25,0.020
15.10,30.25,0.022
15.10,30.26,0.024
15.10,30.27,0.026
15.10,30.27,0.028
15.10,30.28,0.031
15.10,30.29,0.033
15.10,30.29,0.035
15.11,30.30,0.038
15.11,30.31,0.040
15.11,30.32,0.042
15.11,30.32,0.044
15.11,30.33,0.047
15.12,30.34,0.049
15.12,30.35,0.051
15.12,30.36,0.053
15.12,30.36,0.055
15.12,30.37,0.058
15.12,30.38,0.060
15.13,30.39,0.062
15.13,30.40,0.065
15.13,30.41,0.066
15.13,30.42,0.069
15.13,30.43,0.070
15.13,30.44,0.072
15.13,30.45,0.074
15.14,30.46,0.077
15.14,30.47,0.079
15.14,30.48,0.081
15.14,30.49,0.082
15.14,30.50,0.084
15.15,30.51,0.086
15.15,30.52,0.088
15.15,30.53,0.090
15.15,30.54,0.092
15.15,30.55,0.093
15.15,30.56,0.095
15.15,30.58,0.097
15.16,30.59,0.099
15.16,30.60,0.101
15.16,30.61,0.102
15.16,30.62,0.104
15.16,30.63,0.106
15.17,30.64,0.107
15.17,30.65,0.109
15.17,30.67,0.110
15.17,30.68,0.111
15.17,30.69,0.113
15.17,30.70,0.114
15.18,30.72,0.116
15.18,30.73,0.117
15.18,30.74,0.118
15.18,30.75,0.120
15.18,30.76,0.122
15.18,30.78,0.123
15.18,30.79,0.124
15.19,30.80,0.126
15.19,30.81,0.128
15.19,30.83,0.129
15.19,30.84,0.130
15.19,30.85,0.132
15.20,30.86,0.133
15.20,30.88,0.134
15.20,30.89,0.135
15.20,30.90,0.136
15.20,30.92,0.137
15.20,30.93,0.137
15.20,30.94,0.139
15.21,30.95,0.140
15.21,30.97,0.141
15.21,30.98,0.142
15.21,30.99,0.143
15.21,31.01,0.144
15.22,31.02,0.146
15.22,31.03,0.147
15.22,31.05,0.148
15.22,31.06,0.149
15.22,31.07,0.150
15.22,31.09,0.151
15.23,31.10,0.152
15.23,31.11,0.153
15.23,31.13,0.154
15.23,31.14,0.155
15.23,31.15,0.155
15.23,31.17,0.156
15.23,31.18,0.156
15.24,31.19,0.157
15.24,31.21,0.158
15.24,31.22,0.159
15.24,31.24,0.160
15.24,31.25,0.161
15.25,31.27,0.162
15.25,31.28,0.163
15.25,31.29,0.164
15.25,31.31,0.165
15.25,31.32,0.166
15.25,31.34,0.167
15.25,31.35,0.168
15.26,31.36,0.169
15.26,31.38,0.170
15.26,31.39,0.171
15.26,31.41,0.171
15.26,31.42,0.172
15.27,31.44,0.173
15.27,31.45,0.174
15.27,31.46,0.175
15.27,31.48,0.175
15.27,31.49,0.176
15.27,31.51,0.176
15.28,31.52,0.176
15.28,31.54,0.177
15.28,31.55,0.177
15.28,31.57,0.178
15.28,31.58,0.179
15.28,31.60,0.180
15.28,31.61,0.180
15.29,31.63,0.181
15.29,31.64,0.183
15.29,31.66,0.183
15.29,31.67,0.184
15.29,31.68,0.185
15.30,31.70,0.185
15.30,31.71,0.185
15.30,31.73,0.186
15.30,31.74,0.187
15.30,31.76,0.187
15.30,31.77,0.188
15.30,31.79,0.188
15.31,31.80,0.189
15.31,31.82,0.189
15.31,31.84,0.189
15.31,31.85,0.190
15.31,31.87,0.190
15.32,31.88,0.191
15.32,31.90,0.191
15.32,31.91,0.192
15.32,31.93,0.192
15.32,31.94,0.193
15.32,31.96,0.193
15.33,31.97,0.194
15.33,31.99,0.194
15.33,32.00,0.194
15.33,32.02,0.195
15.33,32.03,0.195
15.33,32.05,0.196
15.33,32.06,0.196
15.34,32.08,0.197
15.34,32.10,0.198
15.34,32.11,0.199
15.34,32.13,0.199
15.34,32.14,0.199
15.35,32.16,0.199
15.35,32.17,0.199
15.35,32.19,0.199
15.35,32.20,0.199
15.35,32.22,0.200
15.35,32.23,0.200
15.35,32.25,0.200
15.36,32.27,0.201
15.36,32.28,0.202
15.36,32.30,0.202
15.36,32.31,0.203
15.36,32.33,0.204
15.37,32.34,0.204
15.37,32.36,0.204
15.37,32.37,0.204
15.37,32.39,0.205
15.37,32.41,0.205
15.37,32.42,0.205
15.38,32.44,0.206
15.38,32.45,0.206
15.38,32.47,0.206
15.38,32.48,0.206
15.38,32.50,0.207
15.38,32.52,0.207
15.38,32.53,0.207
15.39,32.55,0.207
15.39,32.56,0.207
15.39,32.58,0.207
15.39,32.60,0.208
15.39,32.61,0.208
15.40,32.63,0.208
15.40,32.64,0.208
15.40,32.66,0.208
15.40,32.67,0.209
15.40,32.69,0.209
15.40,32.71,0.210
15.40,32.72,0.210
15.41,32.74,0.210
15.41,32.75,0.210
15.41,32.77,0.211
15.41,32.79,0.211
15.41,32.80,0.211
15.42,32.82,0.211
15.42,32.83,0.212
15.42,32.85,0.212
15.42,32.87,0.212
15.42,32.88,0.212
15.42,32.90,0.212
15.43,32.91,0.213
15.43,32.93,0.213
15.43,32.95,0.213
15.43,32.96,0.213
15.43,32.98,0.214
15.43,32.99,0.214
15.43,33.01,0.214
15.44,33.03,0.214
15.44,33.04,0.214
15.44,33.06,0.214
15.44,33.07,0.214
15.44,33.09,0.214
15.45,33.11,0.214
15.45,33.12,0.215
15.45,33.14,0.215
15.45,33.15,0.215
15.45,33.17,0.216
15.45,33.19,0.216
15.45,33.20,0.217
15.46,33.22,0.217
15.46,33.23,0.217
15.46,33.25,0.217
15.46,33.27,0.217
15.46,33.28,0.217
15.47,33.30,0.217
15.47,33.32,0.217
15.47,33.33,0.217
15.47,33.35,0.217
15.47,33.36,0.218
15.47,33.38,0.218
15.48,33.40,0.218
15.48,33.41,0.218
15.48,33.43,0.218
15.48,33.44,0.218
15.48,33.46,0.218
15.48,33.48,0.218
15.48,33.49,0.218
15.49,33.51,0.218
15.49,33.53,0.219
15.49,33.54,0.219
15.49,33.56,0.219
15.49,33.57,0.219
15.50,33.59,0.219
15.50,33.61,0.219
15.50,33.62,0.219
15.50,33.64,0.219
15.50,33.66,0.219
15.50,33.67,0.219
15.50,33.69,0.220
15.51,33.71,0.220
15.51,33.72,0.220
15.51,33.74,0.220
15.51,33.75,0.220
15.51,33.77,0.221
15.52,33.79,0.221
15.52,33.80,0.221
15.52,33.82,0.221
15.52,33.84,0.221
15.52,33.85,0.221
15.52,33.87,0.221
15.53,33.88,0.221
15.53,33.90,0.221
15.53,33.92,0.221
15.53,33.93,0.221
15.53,33.95,0.221
15.53,33.96,0.221
15.53,33.98,0.222
15.54,34.00,0.222
15.54,34.01,0.222
15.54,34.03,0.222
15.54,34.05,0.222
15.54,34.06,0.222
15.55,34.08,0.222
15.55,34.09,0.222
15.55,34.11,0.222
15.55,34.13,0.222
15.55,34.14,0.222
15.55,34.16,0.222
15.55,34.18,0.222
15.56,34.19,0.222
15.56,34.21,0.222
15.56,34.23,0.222
15.56,34.24,0.222
15.56,34.26,0.223
15.57,34.27,0.223
15.57,34.29,0.223
15.57,34.31,0.223
15.57,34.32,0.223
15.57,34.34,0.223
15.57,34.36,0.223
15.58,34.37,0.223
15.58,34.39,0.223
15.58,34.41,0.223
15.58,34.42,0.223
15.58,34.44,0.223
15.58,34.46,0.223
15.58,34.47,0.223
15.59,34.49,0.223
15.59,34.50,0.223
15.59,34.52,0.223
15.59,34.54,0.223
15.59,34.55,0.223
15.60,34.57,0.224
15.60,34.59,0.224
15.60,34.60,0.224
15.60,34.62,0.224
15.60,34.64,0.224
15.60,34.65,0.224
15.60,34.67,0.224
15.61,34.69,0.224
15.61,34.70,0.224
15.61,34.72,0.224
15.61,34.74,0.224
15.61,34.75,0.224
15.62,34.77,0.224
15.62,34.78,0.224
15.62,34.80,0.225
15.62,34.82,0.225
15.62,34.83,0.225
15.62,34.85,0.225
15.63,34.87,0.225
15.63,34.88,0.225
15.63,34.90,0.225
15.63,34.92,0.225
15.63,34.93,0.225
15.63,34.95,0.225
15.63,34.96,0.225
15.64,34.98,0.225
15.64,35.00,0.225
15.64,35.01,0.225
15.64,35.03,0.225
15.64,35.05,0.225
15.65,35.06,0.225
15.65,35.08,0.225
15.65,35.10,0.225
15.65,35.11,0.225
15.65,35.13,0.226
15.65,35.15,0.226
15.65,35.16,0.226
15.66,35.18,0.226
15.66,35.19,0.226
15.66,35.21,0.226
15.66,35.23,0.226
15.66,35.24,0.226
15.67,35.26,0.226
15.67,35.28,0.226
15.67,35.29,0.226
15.67,35.31,0.226
15.67,35.33,0.226
15.67,35.34,0.226
15.68,35.36,0.226
15.68,35.38,0.226
15.68,35.39,0.226
15.68,35.41,0.226
15.68,35.43,0.226
15.68,35.44,0.226
15.68,35.46,0.226
15.69,35.48,0.226
15.69,35.49,0.226
15.69,35.51,0.226
15.69,35.52,0.226
15.69,35.54,0.226
15.70,35.56,0.227
15.70,35.57,0.227
15.70,35.59,0.227
15.70,35.61,0.227
15.70,35.62,0.227
15.70,35.64,0.227
15.70,35.66,0.227
15.71,35.67,0.227
15.71,35.69,0.227
15.71,35.71,0.227
15.71,35.72,0.227
15.71,35.74,0.227
15.72,35.76,0.227
15.72,35.77,0.227
15.72,35.79,0.227
15.72,35.81,0.227
15.72,35.82,0.227
15.72,35.84,0.227
15.73,35.86,0.227
15.73,35.87,0.227
15.73,35.89,0.227
15.73,35.90,0.227
15.73,35.92,0.227
15.73,35.94,0.227
15.73,35.95,0.227
15.74,35.97,0.227
15.74,35.99,0.227
15.74,36.00,0.228
15.74,36.02,0.228
15.74,36.04,0.228
15.75,36.05,0.228
15.75,36.07,0.228
15.75,36.09,0.228
15.75,36.10,0.228
15.75,36.12,0.228
15.75,36.14,0.228
15.75,36.15,0.228
15.76,36.17,0.228
15.76,36.19,0.228
15.76,36.20,0.228
15.76,36.22,0.228
15.76,36.23,0.228
15.77,36.25,0.228
15.77,36.27,0.228
15.77,36.28,0.228
15.77,36.30,0.228
15.77,36.32,0.228
15.77,36.33,0.228
15.78,36.35,0.228
15.78,36.37,0.228
15.78,36.38,0.228
15.78,36.40,0.228
15.78,36.42,0.228
15.78,36.43,0.228
15.78,36.45,0.228
15.79,36.47,0.228
15.79,36.48,0.228
15.79,36.50,0.229
15.79,36.52,0.229
15.79,36.53,0.229
15.80,36.55,0.229
15.80,36.57,0.229
15.80,36.58,0.229
15.80,36.60,0.229
15.80,36.62,0.229
15.80,36.63,0.229
15.80,36.65,0.229
15.81,36.67,0.229
15.81,36.68,0.229
15.81,36.70,0.229
15.81,36.71,0.229
15.81,36.73,0.229
15.82,36.75,0.229
15.82,36.76,0.229
15.82,36.78,0.229
15.82,36.80,0.229
15.82,36.81,0.229
15.82,36.83,0.229
15.83,36.85,0.229
15.83,36.86,0.229
15.83,36.88,0.229
15.83,36.90,0.229
15.83,36.91,0.229
15.83,36.93,0.229
15.83,36.95,0.230
15.84,36.96,0.230
15.84,36.98,0.230
15.84,37.00,0.230
15.84,37.01,0.230
15.84,37.03,0.230
15.85,37.05,0.230
15.85,37.06,0.230
15.85,37.08,0.230
15.85,37.10,0.230
15.85,37.11,0.230
15.85,37.13,0.230
15.85,37.14,0.230
15.86,37.16,0.230
15.86,37.18,0.230
15.86,37.19,0.230
15.86,37.21,0.230
15.86,37.23,0.230
15.87,37.24,0.230
15.87,37.26,0.230
15.87,37.28,0.230
15.87,37.29,0.230
15.87,37.31,0.230
15.87,37.33,0.230
15.88,37.34,0.230
15.88,37.36,0.230
15.88,37.38,0.230
15.88,37.39,0.230
15.88,37.41,0.230
15.88,37.43,0.230
15.88,37.44,0.230
15.89,37.46,0.230
15.89,37.48,0.231
15.89,37.49,0.231
15.89,37.51,0.231
15.89,37.53,0.231
15.90,37.54,0.231
15.90,37.56,0.231
15.90,37.58,0.231
15.90,37.59,0.231
15.90,37.61,0.231
15.90,37.63,0.231
15.90,37.64,0.231
15.91,37.66,0.231
15.91,37.68,0.231
15.91,37.69,0.231
15.91,37.71,0.231
15.91,37.72,0.231
15.92,37.74,0.231
15.92,37.76,0.231
15.92,37.78,0.231
15.92,37.79,0.231
15.92,37.81,0.231
15.92,37.82,0.231
15.93,37.84,0.231
15.93,37.86,0.231
15.93,37.88,0.231
15.93,37.89,0.231
15.93,37.91,0.231
15.93,37.93,0.231
15.93,37.94,0.231
15.94,37.96,0.231
15.94,37.97,0.231
15.94,37.99,0.231
15.94,38.01,0.231
15.94,38.02,0.231
15.95,38.04,0.231
15.95,38.06,0.232
15.95,38.07,0.232
15.95,38.09,0.232
15.95,38.11,0.232
15.95,38.12,0.232
15.95,38.14,0.232
15.96,38.16,0.232
15.96,38.17,0.232
15.96,38.19,0.232
15.96,38.21,0.232
15.96,38.22,0.232
15.97,38.24,0.232
15.97,38.26,0.232
15.97,38.27,0.232
15.97,38.29,0.232
15.97,38.31,0.232
15.97,38.32,0.232
15.98,38.34,0.232
15.98,38.36,0.232
15.98,38.37,0.232
15.98,38.39,0.232
15.98,38.41,0.232
15.98,38.42,0.232
15.98,38.44,0.232
15.99,38.46,0.232
15.99,38.47,0.232
15.99,38.49,0.232
15.99,38.51,0.232
15.99,38.52,0.232
16.00,38.54,0.232
16.00,38.56,0.232
16.00,38.57,0.232
16.00,38.59,0.232
16.00,38.61,0.232
16.00,38.62,0.232
16.00,38.64,0.232
16.01,38.66,0.232
16.01,38.67,0.233
16.01,38.69,0.233
16.01,38.71,0.233
16.01,38.72,0.233
16.02,38.74,0.233
16.02,38.75,0.233
16.02,38.77,0.233
16.02,38.79,0.233
16.02,38.81,0.233
16.02,38.82,0.233
16.03,38.84,0.233
16.03,38.85,0.233
16.03,38.87,0.233
16.03,38.89,0.233
16.03,38.90,0.233
16.03,38.92,0.233
16.03,38.94,0.233
16.04,38.95,0.233
16.04,38.97,0.233
16.04,38.99,0.233
16.04,39.00,0.233
16.04,39.02,0.233
16.05,39.04,0.233
16.05,39.05,0.233
16.05,39.07,0.233
16.05,39.09,0.233
16.05,39.10,0.233
16.05,39.12,0.233
16.05,39.14,0.233
16.06,39.15,0.233
16.06,39.17,0.233
16.06,39.19,0.233
16.06,39.20,0.233
16.06,39.22,0.233
16.07,39.24,0.233
16.07,39.25,0.233
16.07,39.27,0.233
16.07,39.29,0.233
16.07,39.30,0.233
16.07,39.32,0.233
16.08,39.34,0.234
16.08,39.35,0.234
16.08,39.37,0.234
16.08,39.39,0.234
16.08,39.40,0.234
16.08,39.42,0.234
16.08,39.44,0.234
16.09,39.45,0.234
16.09,39.47,0.234
16.09,39.49,0.234
16.09,39.50,0.234
16.09,39.52,0.234
16.10,39.54,0.234
16.10,39.55,0.234
16.10,39.57,0.234
16.10,39.59,0.234
16.10,39.60,0.234
16.10,39.62,0.234
16.10,39.64,0.234
16.11,39.65,0.234
16.11,39.67,0.234
16.11,39.69,0.234
16.11,39.70,0.234
16.11,39.72,0.234
16.12,39.74,0.234
16.12,39.75,0.234
16.12,39.77,0.234
16.12,39.79,0.234
16.12,39.80,0.234
16.12,39.82,0.234
16.13,39.84,0.234
16.13,39.85,0.234
16.13,39.87,0.234
16.13,39.89,0.234
16.13,39.90,0.234
16.13,39.92,0.234
16.13,39.94,0.234
16.14,39.95,0.234
16.14,39.97,0.234
16.14,39.99,0.234
16.14,40.00,0.235
16.14,40.02,0.235
16.15,40.04,0.235
16.15,40.05,0.235
16.15,40.07,0.235
16.15,40.09,0.235
16.15,40.10,0.235
16.15,40.12,0.235
16.15,40.14,0.235
16.16,40.15,0.235
16.16,40.17,0.235
16.16,40.19,0.235
16.16,40.20,0.235
16.16,40.22,0.235
16.17,40.23,0.235
16.17,40.25,0.235
16.17,40.27,0.235
16.17,40.28,0.235
16.17,40.30,0.235
16.17,40.32,0.235
16.18,40.34,0.235
16.18,40.35,0.235
16.18,40.37,0.235
16.18,40.38,0.235
16.18,40.40,0.235
16.18,40.42,0.235
16.18,40.44,0.235
16.19,40.45,0.235
16.19,40.47,0.235
16.19,40.48,0.235
16.19,40.50,0.235
16.19,40.52,0.235
16.20,40.53,0.235
16.20,40.55,0.235
16.20,40.57,0.235
16.20,40.58,0.235
16.20,40.60,0.235
16.20,40.62,0.235
16.20,40.63,0.235
16.21,40.65,0.235
16.21,40.67,0.235
16.21,40.68,0.235
16.21,40.70,0.235
16.21,40.72,0.235
16.22,40.73,0.235
16.22,40.75,0.235
16.22,40.77,0.235
16.22,40.78,0.235
16.22,40.80,0.235
16.22,40.82,0.236
16.23,40.83,0.236
16.23,40.85,0.236
16.23,40.87,0.236
16.23,40.88,0.236
16.23,40.90,0.236
16.23,40.92,0.236
16.23,40.93,0.236
16.24,40.95,0.236
16.24,40.97,0.236
16.24,40.98,0.236
16.24,41.00,0.236
16.24,41.02,0.236
16.25,41.03,0.236
16.25,41.05,0.236
16.25,41.07,0.236
16.25,41.08,0.236
16.25,41.10,0.236
16.25,41.12,0.236
16.25,41.13,0.236
16.26,41.15,0.236
16.26,41.17,0.236
16.26,41.18,0.236
16.26,41.20,0.236
16.26,41.22,0.236
16.27,41.23,0.236
16.27,41.25,0.236
16.27,41.27,0.236
16.27,41.28,0.236
16.27,41.30,0.236
16.27,41.32,0.236
16.28,41.33,0.236
16.28,41.35,0.236
16.28,41.37,0.236
16.28,41.38,0.236
16.28,41.40,0.236
16.28,41.42,0.236
16.28,41.43,0.236
16.29,41.45,0.236
16.29,41.47,0.236
16.29,41.48,0.236
16.29,41.50,0.236
16.29,41.52,0.236
16.30,41.53,0.236
16.30,41.55,0.236
16.30,41.57,0.236
16.30,41.58,0.236
16.30,41.60,0.236
16.30,41.62,0.237
16.30,41.63,0.237
16.31,41.65,0.237
16.31,41.67,0.237
16.31,41.68,0.237
16.31,41.70,0.237
16.31,41.72,0.237
16.32,41.73,0.237
16.32,41.75,0.237
16.32,41.77,0.237
16.32,41.78,0.237
16.32,41.80,0.237
16.32,41.82,0.237
16.33,41.83,0.237
16.33,41.85,0.237
16.33,41.87,0.237
16.33,41.88,0.237
16.33,41.90,0.237
16.33,41.92,0.237
16.33,41.93,0.237
16.34,41.95,0.237
16.34,41.97,0.237
16.34,41.98,0.237
16.34,42.00,0.237
16.34,42.02,0.237
16.35,42.03,0.237
16.35,42.05,0.237
16.35,42.06,0.237
16.35,42.08,0.237
16.35,42.10,0.237
16.35,42.11,0.237
16.35,42.13,0.237
16.36,42.15,0.237
16.36,42.17,0.237
16.36,42.18,0.237
16.36,42.20,0.237
16.36,42.22,0.237
16.37,42.23,0.237
16.37,42.25,0.237
16.37,42.27,0.237
16.37,42.28,0.237
16.37,42.30,0.237
16.37,42.32,0.237
16.38,42.33,0.237
16.38,42.35,0.237
16.38,42.37,0.237
16.38,42.38,0.237
16.38,42.40,0.237
16.38,42.41,0.237
16.38,42.43,0.237
16.39,42.45,0.237
16.39,42.46,0.237
16.39,42.48,0.237
16.39,42.50,0.237
16.39,42.52,0.237
16.40,42.53,0.237
16.40,42.55,0.237
16.40,42.56,0.238
16.40,42.58,0.238
16.40,42.60,0.238
16.40,42.62,0.238
16.40,42.63,0.238
16.41,42.65,0.238
16.41,42.67,0.238
16.41,42.68,0.238
16.41,42.70,0.238
16.41,42.72,0.238
16.42,42.73,0.238
16.42,42.75,0.238
16.42,42.77,0.238
16.42,42.78,0.238
16.42,42.80,0.238
16.42,42.81,0.238
16.43,42.83,0.238
16.43,42.85,0.238
16.43,42.86,0.238
16.43,42.88,0.238
16.43,42.90,0.238
16.43,42.91,0.238
16.43,42.93,0.238
16.44,42.95,0.238
16.44,42.97,0.238
16.44,42.98,0.238
16.44,43.00,0.238
16.44,43.01,0.238
16.45,43.03,0.238
16.45,43.05,0.238
16.45,43.07,0.238
16.45,43.08,0.238
16.45,43.10,0.238
16.45,43.11,0.238
16.45,43.13,0.238
16.46,43.15,0.238
16.46,43.16,0.238
16.46,43.18,0.238
16.46,43.20,0.238
16.46,43.21,0.238
16.47,43.23,0.238
16.47,43.25,0.238
16.47,43.26,0.238
16.47,43.28,0.238
16.47,43.30,0.238
16.47,43.31,0.238
16.48,43.33,0.238
16.48,43.35,0.238
16.48,43.36,0.238
16.48,43.38,0.238
16.48,43.40,0.238
16.48,43.41,0.238
16.48,43.43,0.238
16.49,43.45,0.238
16.49,43.46,0.238
16.49,43.48,0.238
16.49,43.50,0.238
16.49,43.51,0.238
16.50,43.53,0.238
16.50,43.55,0.238
16.50,43.57,0.238
16.50,43.58,0.238
16.50,43.60,0.238
16.50,43.61,0.239
16.50,43.63,0.239
16.51,43.65,0.239
16.51,43.66,0.239
16.51,43.68,0.239
16.51,43.70,0.239
16.51,43.71,0.239
16.52,43.73,0.239
16.52,43.75,0.239
16.52,43.76,0.239
16.52,43.78,0.239
16.52,43.80,0.239
16.52,43.81,0.239
16.53,43.83,0.239
16.53,43.85,0.239
16.53,43.86,0.239
16.53,43.88,0.239
16.53,43.90,0.239
16.53,43.91,0.239
16.53,43.93,0.239
16.54,43.95,0.239
16.54,43.96,0.239
16.54,43.98,0.239
16.54,44.00,0.239
16.54,44.01,0.239
16.55,44.03,0.239
16.55,44.05,0.239
16.55,44.06,0.239
16.55,44.08,0.239
16.55,44.10,0.239
16.55,44.11,0.239
16.55,44.13,0.239
16.56,44.15,0.239
16.56,44.16,0.239
16.56,44.18,0.239
16.56,44.20,0.239
16.56,44.21,0.239
16.57,44.23,0.239
16.57,44.25,0.239
16.57,44.26,0.239
16.57,44.28,0.239
16.57,44.30,0.239
16.57,44.31,0.239
16.58,44.33,0.239
16.58,44.35,0.239
16.58,44.36,0.239
16.58,44.38,0.239
16.58,44.40,0.239
16.58,44.41,0.239
16.58,44.43,0.239
16.59,44.45,0.239
16.59,44.46,0.239
16.59,44.48,0.240
16.59,44.50,0.240
16.59,44.51,0.240
16.60,44.53,0.240
16.60,44.55,0.240
16.60,44.56,0.240
16.60,44.58,0.240
16.60,44.60,0.240
16.60,44.61,0.240
16.60,44.63,0.240
16.61,44.65,0.240
16.61,44.66,0.240
16.61,44.68,0.240
16.61,44.70,0.240
16.61,44.71,0.240
16.62,44.73,0.240
16.62,44.75,0.240
16.62,44.76,0.240
16.62,44.78,0.240
16.62,44.80,0.240
16.62,44.81,0.240
16.63,44.83,0.240
16.63,44.85,0.240
16.63,44.86,0.240
16.63,44.88,0.240
16.63,44.90,0.240
16.63,44.91,0.240
16.63,44.93,0.240
16.64,44.95,0.240
16.64,44.96,0.240
16.64,44.98,0.240
16.64,45.00,0.240
16.64,45.01,0.240
16.65,45.03,0.240
16.65,45.05,0.240
16.65,45.06,0.240
16.65,45.08,0.240
16.65,45.10,0.240
16.65,45.11,0.240
16.65,45.13,0.240
16.66,45.15,0.240
16.66,45.16,0.240
16.66,45.18,0.240
16.66,45.20,0.240
16.66,45.21,0.240
16.67,45.23,0.240
16.67,45.25,0.240
16.67,45.26,0.240
16.67,45.28,0.240
16.67,45.30,0.240
16.67,45.31,0.240
16.68,45.33,0.240
16.68,45.35,0.240
16.68,45.36,0.240
16.68,45.38,0.240
16.68,45.40,0.240
16.68,45.41,0.240
16.68,45.43,0.240
16.69,45.45,0.240
16.69,45.46,0.240
16.69,45.48,0.240
16.69,45.50,0.240
16.69,45.51,0.240
16.70,45.53,0.240
16.70,45.55,0.240
16.70,45.56,0.240
16.70,45.58,0.240
16.70,45.60,0.240
16.70,45.61,0.240
16.70,45.63,0.241
16.71,45.65,0.241
16.71,45.67,0.241
16.71,45.68,0.241
16.71,45.70,0.241
16.71,45.71,0.241
16.72,45.73,0.241
16.72,45.75,0.241
16.72,45.76,0.241
16.72,45.78,0.241
16.72,45.80,0.241
16.72,45.81,0.241
16.73,45.83,0.241
16.73,45.85,0.241
16.73,45.86,0.241
16.73,45.88,0.241
16.73,45.90,0.241
16.73,45.91,0.241
16.73,45.93,0.241
16.74,45.95,0.241
16.74,45.96,0.241
16.74,45.98,0.241
16.74,46.00,0.241
16.74,46.01,0.241
16.75,46.03,0.241
16.75,46.05,0.241
16.75,46.06,0.241
16.75,46.08,0.241
16.75,46.10,0.241
16.75,46.11,0.241
16.75,46.13,0.241
16.76,46.15,0.241
16.76,46.16,0.241
16.76,46.18,0.241
16.76,46.20,0.241
16.76,46.21,0.241
16.77,46.23,0.241
16.77,46.25,0.241
16.77,46.26,0.241
16.77,46.28,0.241
16.77,46.30,0.241
16.77,46.31,0.241
16.78,46.33,0.241
16.78,46.35,0.241
16.78,46.36,0.241
16.78,46.38,0.241
16.78,46.40,0.241
16.78,46.41,0.241
16.78,46.43,0.241
16.79,46.45,0.241
16.79,46.46,0.241
16.79,46.48,0.241
16.79,46.50,0.241
16.79,46.51,0.241
16.80,46.53,0.241
16.80,46.55,0.241
16.80,46.56,0.241
16.80,46.58,0.241
16.80,46.60,0.241
16.80,46.61,0.241
16.80,46.63,0.241
16.81,46.65,0.241
16.81,46.66,0.241
16.81,46.68,0.241
16.81,46.70,0.241
16.81,46.71,0.241
16.82,46.73,0.242
16.82,46.75,0.242
16.82,46.76,0.242
16.82,46.78,0.242
16.82,46.80,0.242
16.82,46.81,0.242
16.83,46.83,0.242
16.83,46.85,0.242
16.83,46.86,0.242
16.83,46.88,0.242
16.83,46.90,0.242
16.83,46.91,0.242
16.83,46.93,0.242
16.84,46.95,0.242
16.84,46.96,0.242
16.84,46.98,0.242
16.84,47.00,0.242
16.84,47.01,0.242
16.85,47.03,0.242
16.85,47.05,0.242
16.85,47.06,0.242
16.85,47.08,0.242
16.85,47.10,0.242
16.85,47.11,0.242
16.85,47.13,0.242
16.86,47.15,0.242
16.86,47.16,0.242
16.86,47.18,0.242
16.86,47.20,0.242
16.86,47.21,0.242
16.87,47.23,0.242
16.87,47.25,0.242
16.87,47.26,0.242
16.87,47.28,0.242
16.87,47.30,0.242
16.87,47.31,0.242
16.88,47.33,0.242
16.88,47.35,0.242
16.88,47.37,0.242
16.88,47.38,0.242
16.88,47.40,0.242
16.88,47.42,0.242
16.88,47.43,0.242
16.89,47.45,0.242
16.89,47.47,0.242
16.89,47.48,0.242
16.89,47.50,0.242
16.89,47.51,0.242
16.90,47.53,0.242
16.90,47.55,0.242
16.90,47.57,0.242
16.90,47.58,0.242
16.90,47.60,0.242
16.90,47.62,0.242
16.90,47.63,0.242
16.91,47.65,0.242
16.91,47.67,0.242
16.91,47.68,0.242
16.91,47.70,0.242
16.91,47.72,0.242
16.92,47.73,0.242
16.92,47.75,0.242
16.92,47.77,0.242
16.92,47.78,0.242
16.92,47.80,0.242
16.92,47.82,0.242
16.93,47.83,0.242
16.93,47.85,0.242
16.93,47.86,0.242
16.93,47.88,0.242
16.93,47.90,0.242
16.93,47.92,0.242
16.93,47.93,0.242
16.94,47.95,0.242
16.94,47.97,0.242
16.94,47.98,0.243
16.94,48.00,0.243
16.94,48.02,0.243
16.95,48.03,0.243
16.95,48.05,0.243
16.95,48.06,0.243
16.95,48.08,0.243
16.95,48.10,0.243
16.95,48.12,0.243
16.95,48.13,0.243
16.96,48.15,0.243
16.96,48.16,0.243
16.96,48.18,0.243
16.96,48.20,0.243
16.96,48.21,0.243
16.97,48.23,0.243
16.97,48.25,0.243
16.97,48.26,0.243
16.97,48.28,0.243
16.97,48.30,0.243
16.97,48.31,0.243
16.98,48.33,0.243
16.98,48.35,0.243
16.98,48.36,0.243
16.98,48.38,0.243
16.98,48.40,0.243
16.98,48.41,0.243
16.98,48.43,0.243
16.99,48.45,0.243
16.99,48.46,0.243
16.99,48.48,0.243
16.99,48.50,0.243
16.99,48.52,0.243
17.00,48.53,0.243
17.00,48.55,0.243
17.00,48.57,0.243
17.00,48.58,0.243
17.00,48.60,0.243
17.00,48.62,0.243
17.00,48.63,0.243
17.01,48.65,0.243
17.01,48.67,0.243
17.01,48.68,0.243
17.01,48.70,0.243
17.01,48.72,0.243
17.02,48.73,0.243
17.02,48.75,0.243
17.02,48.77,0.243
17.02,48.78,0.243
17.02,48.80,0.243
17.02,48.81,0.243
17.03,48.83,0.243
17.03,48.85,0.243
17.03,48.87,0.243
17.03,48.88,0.243
17.03,48.90,0.243
17.03,48.92,0.243
17.03,48.93,0.243
17.04,48.95,0.243
17.04,48.97,0.243
17.04,48.98,0.243
17.04,49.00,0.243
17.04,49.02,0.243
17.05,49.03,0.243
17.05,49.05,0.243
17.05,49.07,0.243
17.05,49.08,0.243
17.05,49.10,0.243
17.05,49.12,0.243
17.05,49.13,0.243
17.06,49.15,0.243
17.06,49.17,0.244
17.06,49.18,0.244
17.06,49.20,0.244
17.06,49.22,0.244
17.07,49.23,0.244
17.07,49.25,0.244
17.07,49.27,0.244
17.07,49.28,0.244
17.07,49.30,0.244
17.07,49.32,0.244
17.08,49.33,0.244
17.08,49.35,0.244
17.08,49.37,0.244
17.08,49.38,0.244
17.08,49.40,0.244
17.08,49.42,0.244
17.08,49.43,0.244
17.09,49.45,0.244
17.09,49.47,0.244
17.09,49.48,0.244
17.09,49.50,0.244
17.09,49.52,0.244
17.09,49.53,0.244
17.10,49.55,0.244
17.10,49.57,0.244
17.10,49.58,0.244
17.10,49.60,0.244
17.10,49.62,0.244
17.11,49.63,0.244
17.11,49.65,0.244
17.11,49.67,0.244
17.11,49.68,0.244
17.11,49.70,0.244
17.11,49.72,0.244
17.12,49.73,0.244
17.12,49.75,0.244
17.12,49.77,0.244
17.12,49.78,0.244
17.12,49.80,0.244
17.12,49.82,0.244
17.13,49.83,0.244
17.13,49.85,0.244
17.13,49.87,0.244
17.13,49.88,0.244
17.13,49.90,0.244
17.13,49.92,0.244
17.13,49.93,0.244
17.14,49.95,0.244
17.14,49.97,0.244
17.14,49.98,0.244
17.14,50.00,0.244
17.14,50.02,0.244
17.14,50.03,0.244
17.15,50.05,0.244
17.15,50.07,0.244
17.15,50.08,0.244
17.15,50.10,0.244
17.15,50.12,0.244
17.16,50.13,0.244
17.16,50.15,0.244
17.16,50.17,0.244
17.16,50.18,0.244
17.16,50.20,0.244
17.16,50.22,0.244
17.17,50.23,0.244
17.17,50.25,0.244
17.17,50.27,0.244
17.17,50.28,0.244
17.17,50.30,0.244
17.17,50.32,0.244
17.18,50.33,0.244
17.18,50.35,0.244
17.18,50.37,0.245
17.18,50.38,0.245
17.18,50.40,0.245
17.18,50.42,0.245
17.18,50.43,0.245
17.19,50.45,0.245
17.19,50.47,0.245
17.19,50.48,0.245
17.19,50.50,0.245
17.19,50.52,0.245
17.19,50.53,0.245
17.20,50.55,0.245
17.20,50.57,0.245
17.20,50.58,0.245
17.20,50.60,0.245
17.20,50.62,0.245
17.21,50.63,0.245
17.21,50.65,0.245
17.21,50.67,0.245
17.21,50.69,0.245
17.21,50.70,0.245
17.21,50.72,0.245
17.22,50.74,0.245
17.22,50.75,0.245
17.22,50.77,0.245
17.22,50.78,0.245
17.22,50.80,0.245
17.22,50.82,0.245
17.23,50.83,0.245
17.23,50.85,0.245
17.23,50.87,0.245
17.23,50.88,0.245
17.23,50.90,0.245
17.23,50.92,0.245
17.23,50.94,0.245
17.24,50.95,0.245
17.24,50.97,0.245
17.24,50.98,0.245
17.24,51.00,0.245
17.24,51.02,0.245
17.24,51.03,0.245
17.25,51.05,0.245
17.25,51.07,0.245
17.25,51.08,0.245
17.25,51.10,0.245
17.25,51.12,0.245
17.26,51.13,0.245
17.26,51.15,0.245
17.26,51.17,0.245
17.26,51.18,0.245
17.26,51.20,0.245
17.26,51.22,0.245
17.27,51.23,0.245
17.27,51.25,0.245
17.27,51.27,0.245
17.27,51.28,0.245
17.27,51.30,0.245
17.27,51.32,0.245
17.28,51.33,0.245
17.28,51.35,0.245
17.28,51.37,0.245
17.28,51.38,0.245
17.28,51.40,0.245
17.28,51.42,0.245
17.28,51.43,0.246
17.29,51.45,0.246
17.29,51.47,0.246
17.29,51.48,0.246
17.29,51.50,0.246
17.29,51.52,0.246
17.29,51.53,0.246
17.30,51.55,0.246
17.30,51.57,0.246
17.30,51.58,0.246
17.30,51.60,0.246
17.30,51.62,0.246
17.31,51.63,0.246
17.31,51.65,0.246
17.31,51.67,0.246
17.31,51.68,0.246
17.31,51.70,0.246
17.31,51.72,0.246
17.32,51.74,0.246
17.32,51.75,0.246
17.32,51.77,0.246
17.32,51.79,0.246
17.32,51.80,0.246
17.32,51.82,0.246
17.33,51.84,0.246
17.33,51.85,0.246
17.33,51.87,0.246
17.33,51.89,0.246
17.33,51.90,0.246
17.33,51.92,0.246
17.33,51.94,0.246
17.34,51.95,0.246
17.34,51.97,0.246
17.34,51.99,0.246
17.34,52.00,0.246
17.34,52.02,0.246
17.34,52.04,0.246
17.35,52.05,0.246
17.35,52.07,0.246
17.35,52.09,0.246
17.35,52.10,0.246
17.35,52.12,0.246
17.36,52.13,0.246
17.36,52.15,0.246
17.36,52.17,0.246
17.36,52.19,0.246
17.36,52.20,0.246
17.36,52.22,0.246
17.37,52.23,0.246
17.37,52.25,0.246
17.37,52.27,0.246
17.37,52.29,0.246
17.37,52.30,0.246
17.37,52.32,0.246
17.38,52.34,0.246
17.38,52.35,0.246
17.38,52.37,0.246
17.38,52.39,0.246
17.38,52.40,0.246
17.38,52.42,0.246
17.38,52.44,0.246
17.39,52.45,0.246
17.39,52.47,0.246
17.39,52.49,0.246
17.39,52.50,0.246
17.39,52.52,0.246
17.39,52.54,0.246
17.40,52.55,0.246
17.40,52.57,0.246
17.40,52.59,0.246
17.40,52.60,0.246
17.40,52.62,0.246
17.41,52.64,0.246
17.41,52.65,0.246
17.41,52.67,0.246
17.41,52.69,0.246
17.41,52.70,0.247
17.41,52.72,0.247
17.42,52.74,0.247
17.42,52.75,0.247
17.42,52.77,0.247
17.42,52.79,0.247
17.42,52.80,0.247
17.42,52.82,0.247
17.43,52.84,0.247
17.43,52.85,0.247
17.43,52.87,0.247
17.43,52.89,0.247
17.43,52.90,0.247
17.43,52.92,0.247
17.43,52.94,0.247
17.44,52.95,0.247
17.44,52.97,0.247
17.44,52.99,0.247
17.44,53.00,0.247
17.44,53.02,0.247
17.44,53.04,0.247
17.45,53.05,0.247
17.45,53.07,0.247
17.45,53.09,0.247
17.45,53.10,0.247
17.45,53.12,0.247
17.46,53.14,0.247
17.46,53.15,0.247
17.46,53.17,0.247
17.46,53.19,0.247
17.46,53.20,0.247
17.46,53.22,0.247
17.47,53.24,0.247
17.47,53.25,0.247
17.47,53.27,0.247
17.47,53.29,0.247
17.47,53.30,0.247
17.47,53.32,0.247
17.48,53.34,0.247
17.48,53.35,0.247
17.48,53.37,0.247
17.48,53.39,0.247
17.48,53.40,0.247
17.48,53.42,0.247
17.48,53.44,0.247
17.49,53.45,0.247
17.49,53.47,0.247
17.49,53.49,0.247
17.49,53.50,0.247
17.49,53.52,0.247
17.49,53.54,0.247
17.50,53.55,0.247
17.50,53.57,0.247
17.50,53.59,0.247
17.50,53.60,0.247
17.50,53.62,0.247
17.51,53.64,0.247
17.51,53.65,0.247
17.51,53.67,0.247
17.51,53.69,0.247
17.51,53.70,0.247
17.51,53.72,0.247
17.52,53.74,0.247
17.52,53.75,0.247
17.52,53.77,0.247
17.52,53.79,0.247
17.52,53.80,0.247
17.52,53.82,0.247
17.53,53.84,0.247
17.53,53.85,0.247
17.53,53.87,0.247
17.53,53.89,0.247
17.53,53.90,0.247
17.53,53.92,0.247
17.53,53.94,0.247
17.54,53.95,0.247
17.54,53.97,0.247
17.54,53.99,0.247
17.54,54.00,0.247
17.54,54.02,0.247
17.54,54.04,0.248
17.55,54.05,0.248
17.55,54.07,0.248
17.55,54.09,0.248
17.55,54.10,0.248
17.55,54.12,0.248
17.56,54.14,0.248
17.56,54.15,0.248
17.56,54.17,0.248
17.56,54.19,0.248
17.56,54.20,0.248
17.56,54.22,0.248
17.57,54.24,0.248
17.57,54.26,0.248
17.57,54.27,0.248
17.57,54.29,0.248
17.57,54.30,0.248
17.57,54.32,0.248
17.58,54.34,0.248
17.58,54.35,0.248
17.58,54.37,0.248
17.58,54.39,0.248
17.58,54.40,0.248
17.58,54.42,0.248
17.58,54.44,0.248
17.59,54.45,0.248
17.59,54.47,0.248
17.59,54.49,0.248
17.59,54.50,0.248
17.59,54.52,0.248
17.59,54.54,0.248
17.60,54.55,0.248
17.60,54.57,0.248
17.60,54.59,0.248
17.60,54.61,0.248
17.60,54.62,0.248
17.61,54.64,0.248
17.61,54.66,0.248
17.61,54.67,0.248
17.61,54.69,0.248
17.61,54.70,0.248
17.61,54.72,0.248
17.62,54.74,0.248
17.62,54.75,0.248
17.62,54.77,0.248
17.62,54.79,0.248
17.62,54.80,0.248
17.62,54.82,0.248
17.63,54.84,0.248
17.63,54.86,0.248
17.63,54.87,0.248
17.63,54.89,0.248
17.63,54.91,0.248
17.63,54.92,0.248
17.63,54.94,0.248
17.64,54.96,0.248
17.64,54.97,0.248
17.64,54.99,0.248
17.64,55.01,0.248
17.64,55.02,0.248
17.64,55.04,0.248
17.65,55.06,0.248
17.65,55.07,0.248
17.65,55.09,0.248
17.65,55.10,0.248
17.65,55.12,0.248
17.66,55.14,0.248
17.66,55.16,0.248
17.66,55.17,0.248
17.66,55.19,0.248
17.66,55.20,0.248
17.66,55.22,0.248
17.67,55.24,0.248
17.67,55.26,0.248
17.67,55.27,0.248
17.67,55.29,0.248
17.67,55.31,0.248
17.67,55.32,0.249
17.68,55.34,0.249
17.68,55.35,0.249
17.68,55.37,0.249
17.68,55.39,0.249
17.68,55.41,0.249
17.68,55.42,0.249
17.68,55.44,0.249
17.69,55.46,0.249
17.69,55.47,0.249
17.69,55.49,0.249
17.69,55.51,0.249
17.69,55.52,0.249
17.69,55.54,0.249
17.70,55.56,0.249
17.70,55.57,0.249
17.70,55.59,0.249
17.70,55.61,0.249
17.70,55.62,0.249
17.71,55.64,0.249
17.71,55.66,0.249
17.71,55.67,0.249
17.71,55.69,0.249
17.71,55.71,0.249
17.71,55.72,0.249
17.72,55.74,0.249
17.72,55.76,0.249
17.72,55.77,0.249
17.72,55.79,0.249
17.72,55.81,0.249
17.72,55.82,0.249
17.73,55.84,0.249
17.73,55.86,0.249
17.73,55.87,0.249
17.73,55.89,0.249
17.73,55.91,0.249
17.73,55.92,0.249
17.73,55.94,0.249
17.74,55.96,0.249
17.74,55.97,0.249
17.74,55.99,0.249
17.74,56.01,0.249
17.74,56.02,0.249
17.74,56.04,0.249
17.75,56.06,0.249
17.75,56.07,0.249
17.75,56.09,0.249
17.75,56.11,0.249
17.75,56.12,0.249
17.76,56.14,0.249
17.76,56.16,0.249
17.76,56.17,0.249
17.76,56.19,0.249
17.76,56.21,0.249
17.76,56.22,0.249
17.77,56.24,0.249
17.77,56.26,0.249
17.77,56.27,0.249
17.77,56.29,0.249
17.77,56.31,0.249
17.77,56.32,0.249
17.78,56.34,0.249
17.78,56.36,0.249
17.78,56.37,0.249
17.78,56.39,0.249
17.78,56.41,0.249
17.78,56.42,0.249
17.78,56.44,0.249
17.79,56.46,0.249
17.79,56.47,0.249
17.79,56.49,0.250
17.79,56.51,0.250
17.79,56.52,0.250
17.79,56.54,0.250
17.80,56.56,0.250
17.80,56.57,0.250
17.80,56.59,0.250
17.80,56.61,0.250
17.80,56.62,0.250
17.81,56.64,0.250
17.81,56.66,0.250
17.81,56.67,0.250
17.81,56.69,0.250
17.81,56.71,0.250
17.81,56.72,0.250
17.82,56.74,0.250
17.82,56.76,0.250
17.82,56.77,0.250
17.82,56.79,0.250
17.82,56.81,0.250
17.82,56.82,0.250
17.83,56.84,0.250
17.83,56.86,0.250
17.83,56.87,0.250
17.83,56.89,0.250
17.83,56.91,0.250
17.83,56.92,0.250
17.83,56.94,0.250
17.84,56.96,0.250
17.84,56.97,0.250
17.84,56.99,0.250
17.84,57.01,0.250
17.84,57.02,0.250
17.84,57.04,0.250
17.85,57.06,0.250
17.85,57.07,0.250
17.85,57.09,0.250
17.85,57.11,0.250
17.85,57.12,0.250
17.86,57.14,0.250
17.86,57.16,0.250
17.86,57.17,0.250
17.86,57.19,0.250
17.86,57.21,0.250
17.86,57.22,0.250
17.87,57.24,0.250
17.87,57.26,0.250
17.87,57.27,0.250
17.87,57.29,0.250
17.87,57.31,0.250
17.87,57.32,0.250
17.88,57.34,0.250
17.88,57.36,0.250
17.88,57.37,0.250
17.88,57.39,0.250
17.88,57.41,0.250
17.88,57.42,0.250
17.88,57.44,0.250
17.89,57.46,0.250
17.89,57.47,0.250
17.89,57.49,0.250
17.89,57.51,0.250
17.89,57.52,0.250
17.89,57.54,0.250
17.90,57.56,0.251
17.90,57.57,0.251
17.90,57.59,0.251
17.90,57.61,0.251
17.90,57.62,0.251
17.91,57.64,0.251
17.91,57.66,0.251
17.91,57.67,0.251
17.91,57.69,0.251
17.91,57.71,0.251
17.91,57.72,0.251
17.92,57.74,0.251
17.92,57.76,0.251
17.92,57.77,0.251
17.92,57.79,0.251
17.92,57.81,0.251
17.92,57.83,0.251
17.93,57.84,0.251
17.93,57.86,0.251
17.93,57.88,0.251
17.93,57.89,0.251
17.93,57.91,0.251
17.93,57.92,0.251
17.93,57.94,0.251
17.94,57.96,0.251
17.94,57.97,0.251
17.94,57.99,0.251
17.94,58.01,0.251
17.94,58.03,0.251
17.94,58.04,0.251
17.95,58.06,0.251
17.95,58.07,0.251
17.95,58.09,0.251
17.95,58.11,0.251
17.95,58.12,0.251
17.96,58.14,0.251
17.96,58.16,0.251
17.96,58.17,0.251
17.96,58.19,0.251
17.96,58.21,0.251
17.96,58.22,0.251
17.97,58.24,0.251
17.97,58.26,0.251
17.97,58.27,0.251
17.97,58.29,0.251
17.97,58.31,0.251
17.97,58.32,0.251
17.98,58.34,0.251
17.98,58.36,0.251
17.98,58.37,0.251
17.98,58.39,0.251
17.98,58.41,0.251
17.98,58.43,0.251
17.98,58.44,0.251
17.99,58.46,0.251
17.99,58.48,0.251
17.99,58.49,0.251
17.99,58.51,0.251
17.99,58.53,0.251
17.99,58.54,0.251
18.00,58.56,0.251
18.00,58.57,0.251
18.00,58.59,0.251
18.00,58.61,0.251
18.00,58.63,0.251
18.01,58.64,0.251
18.01,58.66,0.252
18.01,58.68,0.252
18.01,58.69,0.252
18.01,58.71,0.252
18.01,58.73,0.252
18.02,58.74,0.252
18.02,58.76,0.252
18.02,58.77,0.252
18.02,58.79,0.252
18.02,58.81,0.252
18.02,58.83,0.252
18.03,58.84,0.252
18.03,58.86,0.252
18.03,58.88,0.252
18.03,58.89,0.252
18.03,58.91,0.252
18.03,58.93,0.252
18.03,58.94,0.252
18.04,58.96,0.252
18.04,58.97,0.252
18.04,58.99,0.252
18.04,59.01,0.252
18.04,59.02,0.252
18.04,59.04,0.252
18.05,59.06,0.252
18.05,59.08,0.252
18.05,59.09,0.252
18.05,59.11,0.252
18.05,59.13,0.252
18.06,59.14,0.252
18.06,59.16,0.252
18.06,59.18,0.252
18.06,59.19,0.252
18.06,59.21,0.252
18.06,59.23,0.252
18.07,59.24,0.252
18.07,59.26,0.252
18.07,59.28,0.252
18.07,59.29,0.252
18.07,59.31,0.252
18.07,59.32,0.252
18.08,59.34,0.252
18.08,59.36,0.252
18.08,59.38,0.252
18.08,59.39,0.252
18.08,59.41,0.252
18.08,59.43,0.252
18.08,59.44,0.252
18.09,59.46,0.252
18.09,59.48,0.252
18.09,59.49,0.252
18.09,59.51,0.252
18.09,59.53,0.252
18.09,59.54,0.252
18.10,59.56,0.252
18.10,59.58,0.252
18.10,59.59,0.252
18.10,59.61,0.252
18.10,59.63,0.252
18.11,59.64,0.252
18.11,59.66,0.252
18.11,59.67,0.252
18.11,59.69,0.252
18.11,59.71,0.252
18.11,59.73,0.252
18.12,59.74,0.253
18.12,59.76,0.253
18.12,59.78,0.253
18.12,59.79,0.253
18.12,59.81,0.253
18.12,59.83,0.253
18.13,59.84,0.253
18.13,59.86,0.253
18.13,59.88,0.253
18.13,59.89,0.253
18.13,59.91,0.253
18.13,59.93,0.253
18.13,59.94,0.253
18.14,59.96,0.253
18.14,59.98,0.253
18.14,59.99,0.253
18.14,60.01,0.253
18.14,60.03,0.253
18.14,60.04,0.253
18.15,60.06,0.253
18.15,60.08,0.253
18.15,60.09,0.253
18.15,60.11,0.253
18.15,60.13,0.253
18.16,60.14,0.253
18.16,60.16,0.253
18.16,60.18,0.253
18.16,60.19,0.253
18.16,60.21,0.253
18.16,60.23,0.253
18.17,60.24,0.253
18.17,60.26,0.253
18.17,60.28,0.253
18.17,60.29,0.253
18.17,60.31,0.253
18.17,60.33,0.253
18.18,60.34,0.253
18.18,60.36,0.253
18.18,60.38,0.253
18.18,60.39,0.253
18.18,60.41,0.253
18.18,60.43,0.253
18.18,60.44,0.253
18.19,60.46,0.253
18.19,60.48,0.253
18.19,60.49,0.253
18.19,60.51,0.253
18.19,60.53,0.253
18.19,60.54,0.253
18.20,60.56,0.253
18.20,60.58,0.253
18.20,60.59,0.253
18.20,60.61,0.253
18.20,60.63,0.253
18.21,60.64,0.253
18.21,60.66,0.253
18.21,60.68,0.253
18.21,60.69,0.253
18.21,60.71,0.253
18.21,60.73,0.253
18.22,60.74,0.253
18.22,60.76,0.253
18.22,60.78,0.253
18.22,60.79,0.253
18.22,60.81,0.253
18.22,60.83,0.253
18.23,60.84,0.253
18.23,60.86,0.253
18.23,60.88,0.253
18.23,60.89,0.253
18.23,60.91,0.253
18.23,60.93,0.253
18.23,60.94,0.253
18.24,60.96,0.253
18.24,60.98,0.253
18.24,60.99,0.253
18.24,61.01,0.253
18.24,61.03,0.253
18.24,61.04,0.253
18.25,61.06,0.253
18.25,61.08,0.253
18.25,61.09,0.254
18.25,61.11,0.254
18.25,61.13,0.254
18.26,61.14,0.254
18.26,61.16,0.254
18.26,61.18,0.254
18.26,61.19,0.254
18.26,61.21,0.254
18.26,61.23,0.254
18.27,61.24,0.254
18.27,61.26,0.254
18.27,61.28,0.254
18.27,61.29,0.254
18.27,61.31,0.254
18.27,61.33,0.254
18.28,61.34,0.254
18.28,61.36,0.254
18.28,61.38,0.254
18.28,61.39,0.254
18.28,61.41,0.254
18.28,61.43,0.254
18.28,61.44,0.254
18.29,61.46,0.254
18.29,61.48,0.254
18.29,61.49,0.254
18.29,61.51,0.254
18.29,61.53,0.254
18.29,61.54,0.254
18.30,61.56,0.254
18.30,61.58,0.254
18.30,61.59,0.254
18.30,61.61,0.254
18.30,61.63,0.254
18.31,61.64,0.254
18.31,61.66,0.254
18.31,61.68,0.254
18.31,61.69,0.254
18.31,61.71,0.254
18.31,61.73,0.254
18.32,61.74,0.254
18.32,61.76,0.254
18.32,61.78,0.254
18.32,61.80,0.254
18.32,61.81,0.254
18.32,61.83,0.254
18.33,61.84,0.254
18.33,61.86,0.254
18.33,61.88,0.254
18.33,61.89,0.254
18.33,61.91,0.254
18.33,61.93,0.254
18.33,61.95,0.254
18.34,61.96,0.254
18.34,61.98,0.254
18.34,61.99,0.254
18.34,62.01,0.254
18.34,62.03,0.254
18.34,62.05,0.254
18.35,62.06,0.254
18.35,62.08,0.254
18.35,62.09,0.254
18.35,62.11,0.255
18.35,62.13,0.255
18.36,62.15,0.255
18.36,62.16,0.255
18.36,62.18,0.255
18.36,62.19,0.255
18.36,62.21,0.255
18.36,62.23,0.255
18.37,62.24,0.255
18.37,62.26,0.255
18.37,62.28,0.255
18.37,62.30,0.255
18.37,62.31,0.255
18.37,62.33,0.255
18.38,62.34,0.255
18.38,62.36,0.255
18.38,62.38,0.255
18.38,62.40,0.255
18.38,62.41,0.255
18.38,62.43,0.255
18.38,62.44,0.255
18.39,62.46,0.255
18.39,62.48,0.255
18.39,62.49,0.255
18.39,62.51,0.255
18.39,62.53,0.255
18.39,62.54,0.255
18.40,62.56,0.255
18.40,62.58,0.255
18.40,62.60,0.255
18.40,62.61,0.255
18.40,62.63,0.255
18.41,62.65,0.255
18.41,62.66,0.255
18.41,62.68,0.255
18.41,62.69,0.255
18.41,62.71,0.255
18.41,62.73,0.255
18.42,62.74,0.255
18.42,62.76,0.255
18.42,62.78,0.255
18.42,62.79,0.255
18.42,62.81,0.255
18.42,62.83,0.255
18.43,62.84,0.255
18.43,62.86,0.255
18.43,62.88,0.255
18.43,62.89,0.255
18.43,62.91,0.255
18.43,62.93,0.255
18.43,62.94,0.255
18.44,62.96,0.255
18.44,62.98,0.255
18.44,63.00,0.255
18.44,63.01,0.255
18.44,63.03,0.255
18.44,63.04,0.255
18.45,63.06,0.256
18.45,63.08,0.256
18.45,63.09,0.256
18.45,63.11,0.256
18.45,63.13,0.256
18.46,63.14,0.256
18.46,63.16,0.256
18.46,63.18,0.256
18.46,63.19,0.256
18.46,63.21,0.256
18.46,63.23,0.256
18.47,63.25,0.256
18.47,63.26,0.256
18.47,63.28,0.256
18.47,63.30,0.256
18.47,63.31,0.256
18.47,63.33,0.256
18.48,63.34,0.256
18.48,63.36,0.256
18.48,63.38,0.256
18.48,63.39,0.256
18.48,63.41,0.256
18.48,63.43,0.256
18.48,63.45,0.256
18.49,63.46,0.256
18.49,63.48,0.256
18.49,63.49,0.256
18.49,63.51,0.256
18.49,63.53,0.256
18.49,63.54,0.256
18.50,63.56,0.256
18.50,63.58,0.256
18.50,63.60,0.256
18.50,63.61,0.256
18.50,63.63,0.256
18.51,63.65,0.256
18.51,63.66,0.256
18.51,63.68,0.256
18.51,63.70,0.256
18.51,63.71,0.256
18.51,63.73,0.256
18.52,63.75,0.256
18.52,63.76,0.256
18.52,63.78,0.256
18.52,63.80,0.256
18.52,63.81,0.256
18.52,63.83,0.256
18.53,63.85,0.256
18.53,63.86,0.256
18.53,63.88,0.256
18.53,63.90,0.256
18.53,63.91,0.256
18.53,63.93,0.256
18.53,63.95,0.256
18.54,63.96,0.256
18.54,63.98,0.257
18.54,64.00,0.257
18.54,64.01,0.257
18.54,64.03,0.257
18.54,64.05,0.257
18.55,64.06,0.257
18.55,64.08,0.257
18.55,64.10,0.257
18.55,64.11,0.257
18.55,64.13,0.257
18.56,64.15,0.257
18.56,64.16,0.257
18.56,64.18,0.257
18.56,64.20,0.257
18.56,64.21,0.257
18.56,64.23,0.257
18.57,64.25,0.257
18.57,64.26,0.257
18.57,64.28,0.257
18.57,64.30,0.257
18.57,64.31,0.257
18.57,64.33,0.257
18.58,64.35,0.257
18.58,64.36,0.257
18.58,64.38,0.257
18.58,64.40,0.257
18.58,64.41,0.257
18.58,64.43,0.257
18.58,64.45,0.257
18.59,64.46,0.257
18.59,64.48,0.257
18.59,64.50,0.257
18.59,64.51,0.257
18.59,64.53,0.257
18.59,64.55,0.257
18.60,64.56,0.257
18.60,64.58,0.257
18.60,64.60,0.257
18.60,64.61,0.257
18.60,64.63,0.257
18.61,64.65,0.257
18.61,64.66,0.257
18.61,64.68,0.257
18.61,64.70,0.257
18.61,64.71,0.257
18.61,64.73,0.257
18.62,64.75,0.257
18.62,64.76,0.257
18.62,64.78,0.257
18.62,64.80,0.258
18.62,64.81,0.258
18.62,64.83,0.258
18.63,64.85,0.258
18.63,64.86,0.258
18.63,64.88,0.258
18.63,64.90,0.258
18.63,64.91,0.258
18.63,64.93,0.258
18.63,64.95,0.258
18.64,64.96,0.258
18.64,64.98,0.258
18.64,65.00,0.258
18.64,65.01,0.258
18.64,65.03,0.258
18.64,65.05,0.258
18.65,65.06,0.258
18.65,65.08,0.258
18.65,65.10,0.258
18.65,65.11,0.258
18.65,65.13,0.258
18.66,65.15,0.258
18.66,65.16,0.258
18.66,65.18,0.258
18.66,65.20,0.258
18.66,65.21,0.258
18.66,65.23,0.258
18.67,65.25,0.258
18.67,65.26,0.258
18.67,65.28,0.258
18.67,65.30,0.258
18.67,65.31,0.258
18.67,65.33,0.258
18.68,65.35,0.258
18.68,65.36,0.258
18.68,65.38,0.258
18.68,65.40,0.258
18.68,65.41,0.258
18.68,65.43,0.258
18.68,65.45,0.258
18.69,65.46,0.258
18.69,65.48,0.258
18.69,65.50,0.258
18.69,65.51,0.258
18.69,65.53,0.258
18.69,65.55,0.258
18.70,65.56,0.258
18.70,65.58,0.258
18.70,65.60,0.258
18.70,65.61,0.258
18.70,65.63,0.258
18.71,65.65,0.258
18.71,65.66,0.258
18.71,65.68,0.258
18.71,65.70,0.258
18.71,65.71,0.258
18.71,65.73,0.258
18.72,65.75,0.259
18.72,65.76,0.259
18.72,65.78,0.259
18.72,65.80,0.259
18.72,65.81,0.259
18.72,65.83,0.259
18.73,65.85,0.259
18.73,65.86,0.259
18.73,65.88,0.259
18.73,65.90,0.259
18.73,65.92,0.259
18.73,65.93,0.259
18.73,65.95,0.259
18.74,65.96,0.259
18.74,65.98,0.259
18.74,66.00,0.259
18.74,66.02,0.259
18.74,66.03,0.259
18.74,66.05,0.259
18.75,66.06,0.259
18.75,66.08,0.259
18.75,66.10,0.259
18.75,66.12,0.259
18.75,66.13,0.259
18.76,66.15,0.259
18.76,66.16,0.259
18.76,66.18,0.259
18.76,66.20,0.259
18.76,66.21,0.259
18.76,66.23,0.259
18.77,66.25,0.259
18.77,66.26,0.259
18.77,66.28,0.259
18.77,66.30,0.259
18.77,66.32,0.259
18.77,66.33,0.259
18.78,66.35,0.259
18.78,66.37,0.259
18.78,66.38,0.259
18.78,66.40,0.259
18.78,66.42,0.259
18.78,66.43,0.259
18.78,66.45,0.259
18.79,66.46,0.259
18.79,66.48,0.259
18.79,66.50,0.259
18.79,66.51,0.259
18.79,66.53,0.259
18.79,66.55,0.259
18.80,66.57,0.259
18.80,66.58,0.259
18.80,66.60,0.259
18.80,66.61,0.259
18.80,66.63,0.259
18.81,66.65,0.260
18.81,66.66,0.260
18.81,66.68,0.260
18.81,66.70,0.260
18.81,66.72,0.260
18.81,66.73,0.260
18.82,66.75,0.260
18.82,66.77,0.260
18.82,66.78,0.260
18.82,66.80,0.260
18.82,66.82,0.260
18.82,66.83,0.260
18.83,66.85,0.260
18.83,66.87,0.260
18.83,66.88,0.260
18.83,66.90,0.260
18.83,66.92,0.260
18.83,66.93,0.260
18.83,66.95,0.260
18.84,66.97,0.260
18.84,66.98,0.260
18.84,67.00,0.260
18.84,67.02,0.260
18.84,67.03,0.260
18.84,67.05,0.260
18.85,67.07,0.260
18.85,67.08,0.260
18.85,67.10,0.260
18.85,67.12,0.260
18.85,67.13,0.260
18.86,67.15,0.260
18.86,67.17,0.260
18.86,67.18,0.260
18.86,67.20,0.260
18.86,67.22,0.260
18.86,67.23,0.260
18.87,67.25,0.260
18.87,67.27,0.260
18.87,67.28,0.260
18.87,67.30,0.260
18.87,67.32,0.260
18.87,67.33,0.260
18.88,67.35,0.260
18.88,67.37,0.260
18.88,67.38,0.260
18.88,67.40,0.260
18.88,67.42,0.260
18.88,67.43,0.260
18.88,67.45,0.260
18.89,67.47,0.260
18.89,67.48,0.260
18.89,67.50,0.260
18.89,67.52,0.261
18.89,67.53,0.261
18.89,67.55,0.261
18.90,67.57,0.261
18.90,67.58,0.261
18.90,67.60,0.261
18.90,67.62,0.261
18.90,67.63,0.261
18.91,67.65,0.261
18.91,67.67,0.261
18.91,67.68,0.261
18.91,67.70,0.261
18.91,67.72,0.261
18.91,67.73,0.261
18.92,67.75,0.261
18.92,67.77,0.261
18.92,67.78,0.261
18.92,67.80,0.261
18.92,67.82,0.261
18.92,67.83,0.261
18.93,67.85,0.261
18.93,67.87,0.261
18.93,67.88,0.261
18.93,67.90,0.261
18.93,67.92,0.261
18.93,67.93,0.261
18.93,67.95,0.261
18.94,67.97,0.261
18.94,67.98,0.261
18.94,68.00,0.261
18.94,68.02,0.261
18.94,68.03,0.261
18.94,68.05,0.261
18.95,68.07,0.261
18.95,68.08,0.261
18.95,68.10,0.261
18.95,68.12,0.261
18.95,68.13,0.261
18.96,68.15,0.261
18.96,68.17,0.261
18.96,68.18,0.261
18.96,68.20,0.261
18.96,68.22,0.261
18.96,68.23,0.261
18.97,68.25,0.261
18.97,68.27,0.261
18.97,68.28,0.261
18.97,68.30,0.262
18.97,68.32,0.262
18.97,68.33,0.262
18.98,68.35,0.262
18.98,68.37,0.262
18.98,68.38,0.262
18.98,68.40,0.262
18.98,68.42,0.262
18.98,68.43,0.262
18.98,68.45,0.262
18.99,68.47,0.262
18.99,68.48,0.262
18.99,68.50,0.262
18.99,68.52,0.262
18.99,68.53,0.262
18.99,68.55,0.262
19.00,68.57,0.262
19.00,68.58,0.262
19.00,68.60,0.262
19.00,68.62,0.262
19.00,68.63,0.262
19.01,68.65,0.262
19.01,68.67,0.262
19.01,68.68,0.262
19.01,68.70,0.262
19.01,68.72,0.262
19.01,68.73,0.262
19.02,68.75,0.262
19.02,68.77,0.262
19.02,68.78,0.262
19.02,68.80,0.262
19.02,68.82,0.262
19.02,68.83,0.262
19.03,68.85,0.262
19.03,68.87,0.262
19.03,68.88,0.262
19.03,68.90,0.262
19.03,68.92,0.262
19.03,68.93,0.262
19.03,68.95,0.262
19.04,68.97,0.262
19.04,68.98,0.262
19.04,69.00,0.262
19.04,69.02,0.262
19.04,69.03,0.262
19.04,69.05,0.262
19.05,69.07,0.262
19.05,69.08,0.262
19.05,69.10,0.262
19.05,69.12,0.262
19.05,69.13,0.262
19.06,69.15,0.262
19.06,69.17,0.262
19.06,69.18,0.262
19.06,69.20,0.262
19.06,69.22,0.262
19.06,69.23,0.262
19.07,69.25,0.262
19.07,69.27,0.263
19.07,69.28,0.263
19.07,69.30,0.263
19.07,69.32,0.263
19.07,69.33,0.263
19.08,69.35,0.263
19.08,69.37,0.263
19.08,69.38,0.263
19.08,69.40,0.263
19.08,69.42,0.263
19.08,69.43,0.263
19.08,69.45,0.263
19.09,69.47,0.263
19.09,69.48,0.263
19.09,69.50,0.263
19.09,69.52,0.263
19.09,69.53,0.263
19.09,69.55,0.263
19.10,69.57,0.263
19.10,69.58,0.263
19.10,69.60,0.263
19.10,69.62,0.263
19.10,69.63,0.263
19.11,69.65,0.263
19.11,69.67,0.263
19.11,69.68,0.263
19.11,69.70,0.263
19.11,69.72,0.263
19.11,69.73,0.263
19.12,69.75,0.263
19.12,69.77,0.263
19.12,69.78,0.263
19.12,69.80,0.263
19.12,69.82,0.263
19.12,69.83,0.263
19.13,69.85,0.263
19.13,69.87,0.263
19.13,69.88,0.263
19.13,69.90,0.263
19.13,69.92,0.263
19.13,69.93,0.263
19.13,69.95,0.263
19.14,69.97,0.263
19.14,69.99,0.263
19.14,70.00,0.263
19.14,70.02,0.263
19.14,70.03,0.263
19.14,70.05,0.264
19.15,70.07,0.264
19.15,70.08,0.264
19.15,70.10,0.264
19.15,70.12,0.264
19.15,70.13,0.264
19.16,70.15,0.264
19.16,70.17,0.264
19.16,70.18,0.264
19.16,70.20,0.264
19.16,70.22,0.264
19.16,70.23,0.264
19.17,70.25,0.264
19.17,70.27,0.264
19.17,70.28,0.264
19.17,70.30,0.264
19.17,70.32,0.264
19.17,70.33,0.264
19.18,70.35,0.264
19.18,70.37,0.264
19.18,70.39,0.264
19.18,70.40,0.264
19.18,70.42,0.264
19.18,70.44,0.264
19.18,70.45,0.264
19.19,70.47,0.264
19.19,70.49,0.264
19.19,70.50,0.264
19.19,70.52,0.264
19.19,70.53,0.264
19.19,70.55,0.264
19.20,70.57,0.264
19.20,70.58,0.264
19.20,70.60,0.264
19.20,70.62,0.264
19.20,70.64,0.264
19.21,70.65,0.264
19.21,70.67,0.264
19.21,70.69,0.264
19.21,70.70,0.264
19.21,70.72,0.264
19.21,70.74,0.264
19.22,70.75,0.264
19.22,70.77,0.264
19.22,70.79,0.264
19.22,70.80,0.264
19.22,70.82,0.264
19.22,70.84,0.265
19.23,70.85,0.265
19.23,70.87,0.265
19.23,70.89,0.265
19.23,70.90,0.265
19.23,70.92,0.265
19.23,70.93,0.265
19.23,70.95,0.265
19.24,70.97,0.265
19.24,70.99,0.265
19.24,71.00,0.265
19.24,71.02,0.265
19.24,71.04,0.265
19.24,71.05,0.265
19.25,71.07,0.265
19.25,71.09,0.265
19.25,71.10,0.265
19.25,71.12,0.265
19.25,71.13,0.265
19.26,71.15,0.265
19.26,71.17,0.265
19.26,71.19,0.265
19.26,71.20,0.265
19.26,71.22,0.265
19.26,71.24,0.265
19.27,71.25,0.265
19.27,71.27,0.265
19.27,71.29,0.265
19.27,71.30,0.265
19.27,71.32,0.265
19.27,71.34,0.265
19.28,71.35,0.265
19.28,71.37,0.265
19.28,71.39,0.265
19.28,71.40,0.265
19.28,71.42,0.265
19.28,71.44,0.265
19.28,71.45,0.265
19.29,71.47,0.265
19.29,71.49,0.265
19.29,71.50,0.265
19.29,71.52,0.265
19.29,71.54,0.265
19.29,71.55,0.265
19.30,71.57,0.265
19.30,71.59,0.265
19.30,71.60,0.265
19.30,71.62,0.266
19.30,71.64,0.266
19.31,71.65,0.266
19.31,71.67,0.266
19.31,71.69,0.266
19.31,71.70,0.266
19.31,71.72,0.266
19.31,71.74,0.266
19.32,71.75,0.266
19.32,71.77,0.266
19.32,71.79,0.266
19.32,71.80,0.266
19.32,71.82,0.266
19.32,71.84,0.266
19.33,71.85,0.266
19.33,71.87,0.266
19.33,71.89,0.266
19.33,71.90,0.266
19.33,71.92,0.266
19.33,71.94,0.266
19.33,71.95,0.266
19.34,71.97,0.266
19.34,71.99,0.266
19.34,72.00,0.266
19.34,72.02,0.266
19.34,72.04,0.266
19.34,72.05,0.266
19.35,72.07,0.266
19.35,72.09,0.266
19.35,72.10,0.266
19.35,72.12,0.266
19.35,72.14,0.266
19.36,72.15,0.266
19.36,72.17,0.266
19.36,72.19,0.266
19.36,72.20,0.266
19.36,72.22,0.266
19.36,72.24,0.266
19.37,72.25,0.266
19.37,72.27,0.266
19.37,72.29,0.266
19.37,72.30,0.266
19.37,72.32,0.266
19.37,72.34,0.266
19.38,72.35,0.266
19.38,72.37,0.266
19.38,72.39,0.267
19.38,72.40,0.267
19.38,72.42,0.267
19.38,72.44,0.267
19.38,72.45,0.267
19.39,72.47,0.267
19.39,72.49,0.267
19.39,72.50,0.267
19.39,72.52,0.267
19.39,72.54,0.267
19.39,72.55,0.267
19.40,72.57,0.267
19.40,72.59,0.267
19.40,72.60,0.267
19.40,72.62,0.267
19.40,72.64,0.267
19.41,72.65,0.267
19.41,72.67,0.267
19.41,72.69,0.267
19.41,72.70,0.267
19.41,72.72,0.267
19.41,72.74,0.267
19.42,72.75,0.267
19.42,72.77,0.267
19.42,72.79,0.267
19.42,72.80,0.267
19.42,72.82,0.267
19.42,72.84,0.267
19.43,72.85,0.267
19.43,72.87,0.267
19.43,72.89,0.267
19.43,72.90,0.267
19.43,72.92,0.267
19.43,72.94,0.267
19.43,72.95,0.267
19.44,72.97,0.267
19.44,72.99,0.268
19.44,73.00,0.268
19.44,73.02,0.268
19.44,73.04,0.268
19.44,73.05,0.268
19.45,73.07,0.268
19.45,73.09,0.268
19.45,73.10,0.268
19.45,73.12,0.268
19.45,73.14,0.268
19.46,73.15,0.268
19.46,73.17,0.268
19.46,73.19,0.268
19.46,73.20,0.268
19.46,73.22,0.268
19.46,73.24,0.268
19.47,73.25,0.268
19.47,73.27,0.268
19.47,73.29,0.268
19.47,73.30,0.268
19.47,73.32,0.268
19.47,73.34,0.268
19.48,73.35,0.268
19.48,73.37,0.268
19.48,73.39,0.268
19.48,73.40,0.268
19.48,73.42,0.268
19.48,73.44,0.268
19.48,73.45,0.268
19.49,73.47,0.268
19.49,73.49,0.268
19.49,73.50,0.268
19.49,73.52,0.268
19.49,73.54,0.268
19.49,73.55,0.268
19.50,73.57,0.268
19.50,73.59,0.268
19.50,73.60,0.268
19.50,73.62,0.268
19.50,73.64,0.268
19.51,73.65,0.269
19.51,73.67,0.269
19.51,73.69,0.269
19.51,73.70,0.269
19.51,73.72,0.269
19.51,73.74,0.269
19.52,73.75,0.269
19.52,73.77,0.269
19.52,73.79,0.269
19.52,73.80,0.269
19.52,73.82,0.269
19.52,73.84,0.269
19.53,73.85,0.269
19.53,73.87,0.269
19.53,73.89,0.269
19.53,73.90,0.269
19.53,73.92,0.269
19.53,73.94,0.269
19.53,73.95,0.269
19.54,73.97,0.269
19.54,73.99,0.269
19.54,74.00,0.269
19.54,74.02,0.269
19.54,74.04,0.269
19.54,74.05,0.269
19.55,74.07,0.269
19.55,74.09,0.269
19.55,74.10,0.269
19.55,74.12,0.269
19.55,74.14,0.269
19.56,74.15,0.269
19.56,74.17,0.269
19.56,74.19,0.269
19.56,74.20,0.270
19.56,74.22,0.270
19.56,74.24,0.270
19.57,74.25,0.270
19.57,74.27,0.270
19.57,74.29,0.270
19.57,74.30,0.270
19.57,74.32,0.270
19.57,74.34,0.270
19.58,74.35,0.270
19.58,74.37,0.270
19.58,74.39,0.270
19.58,74.40,0.270
19.58,74.42,0.270
19.58,74.44,0.270
19.58,74.45,0.270
19.59,74.47,0.270
19.59,74.49,0.270
19.59,74.50,0.270
19.59,74.52,0.270
19.59,74.54,0.270
19.59,74.55,0.270
19.60,74.57,0.270
19.60,74.59,0.270
19.60,74.60,0.270
19.60,74.62,0.270
19.60,74.64,0.270
19.61,74.65,0.270
19.61,74.67,0.270
19.61,74.69,0.270
19.61,74.70,0.271
19.61,74.72,0.271
19.61,74.74,0.271
19.62,74.75,0.271
19.62,74.77,0.271
19.62,74.79,0.271
19.62,74.80,0.271
19.62,74.82,0.271
19.62,74.84,0.271
19.63,74.85,0.271
19.63,74.87,0.271
19.63,74.89,0.271
19.63,74.90,0.271
19.63,74.92,0.271
19.63,74.94,0.271
19.63,74.95,0.271
19.64,74.97,0.271
19.64,74.99,0.271
19.64,75.00,0.271
19.64,75.02,0.271
19.64,75.04,0.271
19.64,75.05,0.271
19.65,75.07,0.271
19.65,75.09,0.271
19.65,75.11,0.271
19.65,75.12,0.271
19.65,75.14,0.271
19.66,75.15,0.271
19.66,75.17,0.271
19.66,75.19,0.271
19.66,75.20,0.271
19.66,75.22,0.271
19.66,75.24,0.272
19.67,75.25,0.272
19.67,75.27,0.272
19.67,75.29,0.272
19.67,75.30,0.272
19.67,75.32,0.272
19.67,75.34,0.272
19.68,75.35,0.272
19.68,75.37,0.272
19.68,75.39,0.272
19.68,75.40,0.272
19.68,75.42,0.272
19.68,75.44,0.272
19.68,75.45,0.272
19.69,75.47,0.272
19.69,75.49,0.272
19.69,75.51,0.272
19.69,75.52,0.272
19.69,75.54,0.272
19.69,75.56,0.272
19.70,75.57,0.272
19.70,75.59,0.272
19.70,75.61,0.272
19.70,75.62,0.272
19.70,75.64,0.273
19.71,75.66,0.273
19.71,75.67,0.273
19.71,75.69,0.273
19.71,75.71,0.273
19.71,75.72,0.273
19.71,75.74,0.273
19.72,75.76,0.273
19.72,75.77,0.273
19.72,75.79,0.273
19.72,75.81,0.273
19.72,75.82,0.273
19.72,75.84,0.273
19.73,75.85,0.273
19.73,75.87,0.273
19.73,75.89,0.273
19.73,75.91,0.273
19.73,75.92,0.273
19.73,75.94,0.273
19.73,75.96,0.273
19.74,75.97,0.273
19.74,75.99,0.273
19.74,76.00,0.273
19.74,76.02,0.273
19.74,76.04,0.274
19.74,76.06,0.274
19.75,76.07,0.274
19.75,76.09,0.274
19.75,76.11,0.274
19.75,76.12,0.274
19.75,76.14,0.274
19.76,76.15,0.274
19.76,76.17,0.274
19.76,76.19,0.274
19.76,76.20,0.274
19.76,76.22,0.274
19.76,76.24,0.274
19.77,76.25,0.275
19.77,76.27,0.275
19.77,76.29,0.275
19.77,76.30,0.275
19.77,76.32,0.275
19.77,76.34,0.275
19.78,76.35,0.275
19.78,76.37,0.275
19.78,76.39,0.275
19.78,76.41,0.275
19.78,76.42,0.275
19.78,76.44,0.276
19.78,76.46,0.276
19.79,76.47,0.276
19.79,76.49,0.276
19.79,76.50,0.276
19.79,76.52,0.277
19.79,76.54,0.277
19.79,76.55,0.278
19.80,76.57,0.278
19.80,76.59,0.278
19.80,76.60,0.279
19.80,76.62,0.279
19.80,76.64,0.279
19.81,76.65,0.279
19.81,76.67,0.280
19.81,76.69,0.280
19.81,76.70,0.280
19.81,76.72,0.281
19.81,76.74,0.281
19.82,76.75,0.281
19.82,76.77,0.282
19.82,76.79,0.282
19.82,76.80,0.282
19.82,76.82,0.283
19.82,76.84,0.284
19.83,76.85,0.285
19.83,76.87,0.285
19.83,76.89,0.286
19.83,76.90,0.286
19.83,76.92,0.287
19.83,76.94,0.287
19.83,76.95,0.288
19.84,76.97,0.289
19.84,76.99,0.289
19.84,77.00,0.290
19.84,77.02,0.290
19.84,77.04,0.291
19.84,77.05,0.291
19.85,77.07,0.292
19.85,77.09,0.293
19.85,77.10,0.294
19.85,77.12,0.295
19.85,77.14,0.296
19.86,77.15,0.298
19.86,77.17,0.299
19.86,77.19,0.301
19.86,77.20,0.302
19.86,77.22,0.304
19.86,77.23,0.305
19.87,77.25,0.306
19.87,77.27,0.307
19.87,77.28,0.308
19.87,77.30,0.309
19.87,77.32,0.312
19.87,77.33,0.314
19.88,77.35,0.316
19.88,77.37,0.317
19.88,77.38,0.319
19.88,77.40,0.321
19.88,77.42,0.324
19.88,77.43,0.325
19.88,77.45,0.328
19.89,77.47,0.330
19.89,77.48,0.333
19.89,77.50,0.336
19.89,77.51,0.339
19.89,77.53,0.342
19.89,77.55,0.346
19.90,77.56,0.350
19.90,77.58,0.354
19.90,77.60,0.358
19.90,77.61,0.363
19.90,77.63,0.367
19.91,77.64,0.373
19.91,77.66,0.379
19.91,77.68,0.385
19.91,77.69,0.392
19.91,77.71,0.398
19.91,77.72,0.406
19.92,77.74,0.413
19.92,77.75,0.422
19.92,77.77,0.431
19.92,77.78,0.440
19.92,77.80,0.450
19.92,77.82,0.461
19.93,77.83,0.472
19.93,77.85,0.483
19.93,77.86,0.496
19.93,77.88,0.509
19.93,77.89,0.523
19.93,77.91,0.537
19.93,77.92,0.552
19.94,77.93,0.568
19.94,77.95,0.584
19.94,77.96,0.600
19.94,77.98,0.617
19.94,77.99,0.634
19.94,78.00,0.652
19.95,78.02,0.670
19.95,78.03,0.688
19.95,78.05,0.708
19.95,78.06,0.728
19.95,78.07,0.749
19.96,78.08,0.770
19.96,78.10,0.791
19.96,78.11,0.813
19.96,78.12,0.836
19.96,78.14,0.859
19.96,78.15,0.883
19.97,78.16,0.907
19.97,78.17,0.931
19.97,78.19,0.956
19.97,78.20,0.982
19.97,78.21,1.007
19.97,78.22,1.034
19.98,78.23,1.061
19.98,78.24,1.089
19.98,78.25,1.117
19.98,78.26,1.146
19.98,78.28,1.175
19.98,78.29,1.205
19.98,78.30,1.234
19.99,78.31,1.264
19.99,78.32,1.294
19.99,78.33,1.324
19.99,78.34,1.354
19.99,78.35,1.385
19.99,78.36,1.415
20.00,78.37,1.445
20.00,78.38,1.476
20.00,78.39,1.507
20.00,78.39,1.538
20.00,78.40,1.569
20.01,78.41,1.600
20.01,78.42,1.632
20.01,78.43,1.661
20.01,78.44,1.692
20.01,78.45,1.721
20.01,78.45,1.750
20.02,78.46,1.779
20.02,78.47,1.809
20.02,78.48,1.839
20.02,78.49,1.870
20.02,78.50,1.901
20.02,78.50,1.932
20.03,78.51,1.964
20.03,78.52,1.994
20.03,78.53,2.024
20.03,78.54,2.053
20.03,78.54,2.082
20.03,78.55,2.109
20.03,78.56,2.137
20.04,78.56,2.166
20.04,78.57,2.196
20.04,78.58,2.226
20.04,78.59,2.255
20.04,78.59,2.283
20.04,78.60,2.311
20.05,78.61,2.339
20.05,78.62,2.366
20.05,78.62,2.394
20.05,78.63,2.422
20.05,78.64,2.449
20.06,78.65,2.476
20.06,78.65,2.503
20.06,78.66,2.529
20.06,78.67,2.555
20.06,78.68,2.582
20.06,78.68,2.607
20.07,78.69,2.633
20.07,78.70,2.659
20.07,78.70,2.685
20.07,78.71,2.710
20.07,78.72,2.736
20.07,78.73,2.760
20.08,78.73,2.784
20.08,78.74,2.808
20.08,78.75,2.832
20.08,78.75,2.856
20.08,78.76,2.879
20.08,78.77,2.902
20.08,78.78,2.926
20.09,78.78,2.948
20.09,78.79,2.970
20.09,78.80,2.993
20.09,78.81,3.014
20.09,78.81,3.036
20.09,78.82,3.056
20.10,78.83,3.078
20.10,78.84,3.098
20.10,78.84,3.119
20.10,78.85,3.139
20.10,78.86,3.160
20.11,78.87,3.180
20.11,78.88,3.201
20.11,78.88,3.221
20.11,78.89,3.241
20.11,78.90,3.260
20.11,78.91,3.280
20.12,78.92,3.299
20.12,78.92,3.319
20.12,78.93,3.339
20.12,78.94,3.359
20.12,78.95,3.378
20.12,78.96,3.398
20.13,78.97,3.418
20.13,78.97,3.438
20.13,78.98,3.457
20.13,78.99,3.476
20.13,79.00,3.495
20.13,79.01,3.515
20.13,79.02,3.534
20.14,79.02,3.554
20.14,79.03,3.573
20.14,79.04,3.593
20.14,79.05,3.613
20.14,79.06,3.633
20.14,79.07,3.654
20.15,79.08,3.674
20.15,79.09,3.695
20.15,79.10,3.715
20.15,79.10,3.736
20.15,79.11,3.756
20.16,79.12,3.776
20.16,79.13,3.797
20.16,79.14,3.817
20.16,79.15,3.838
20.16,79.16,3.859
20.16,79.17,3.881
20.17,79.17,3.902
20.17,79.18,3.923
20.17,79.19,3.945
20.17,79.20,3.966
20.17,79.21,3.988
20.17,79.22,4.010
20.18,79.23,4.031
20.18,79.24,4.053
20.18,79.24,4.075
20.18,79.25,4.097
20.18,79.26,4.120
20.18,79.27,4.142
20.18,79.28,4.165
20.19,79.29,4.188
20.19,79.30,4.211
20.19,79.30,4.234
20.19,79.31,4.257
20.19,79.32,4.280
20.19,79.33,4.303
20.20,79.34,4.327
20.20,79.35,4.351
20.20,79.36,4.374
20.20,79.37,4.398
20.20,79.38,4.420
20.21,79.38,4.444
20.21,79.39,4.467
20.21,79.40,4.489
20.21,79.41,4.512
20.21,79.42,4.535
20.21,79.43,4.558
20.22,79.43,4.581
20.22,79.44,4.604
20.22,79.45,4.628
20.22,79.46,4.652
20.22,79.47,4.675
20.22,79.48,4.699
20.23,79.49,4.722
20.23,79.49,4.745
20.23,79.50,4.768
20.23,79.51,4.791
20.23,79.52,4.815
20.23,79.53,4.838
20.23,79.54,4.862
20.24,79.54,4.885
20.24,79.55,4.909
20.24,79.56,4.933
20.24,79.57,4.956
20.24,79.58,4.978
20.24,79.59,5.001
20.25,79.59,5.024
20.25,79.60,5.047
20.25,79.61,5.070
20.25,79.62,5.092
20.25,79.63,5.114
20.26,79.64,5.136
20.26,79.64,5.158
20.26,79.65,5.180
20.26,79.66,5.202
20.26,79.67,5.225
20.26,79.68,5.246
20.27,79.69,5.269
20.27,79.69,5.292
20.27,79.70,5.315
20.27,79.71,5.336
20.27,79.72,5.358
20.27,79.73,5.379
20.28,79.74,5.401
20.28,79.74,5.423
20.28,79.75,5.444
20.28,79.76,5.465
20.28,79.77,5.485
20.28,79.78,5.505
20.28,79.79,5.524
20.29,79.80,5.544
20.29,79.81,5.564
20.29,79.81,5.583
20.29,79.82,5.603
20.29,79.83,5.623
20.29,79.84,5.643
20.30,79.85,5.664
20.30,79.86,5.684
20.30,79.87,5.703
20.30,79.87,5.722
20.30,79.88,5.740
20.31,79.89,5.758
20.31,79.90,5.775
20.31,79.91,5.791
20.31,79.92,5.807
20.31,79.93,5.824
20.31,79.94,5.840
20.32,79.95,5.856
20.32,79.96,5.872
20.32,79.97,5.887
20.32,79.98,5.903
20.32,79.98,5.919
20.32,79.99,5.934
20.33,80.00,5.950
20.33,80.01,5.963
20.33,80.02,5.977
20.33,80.03,5.990
20.33,80.04,6.003
20.33,80.05,6.015
20.33,80.06,6.026
20.34,80.07,6.038
20.34,80.08,6.050
20.34,80.09,6.062
20.34,80.10,6.073
20.34,80.11,6.084
20.34,80.12,6.094
20.35,80.13,6.102
20.35,80.15,6.110
20.35,80.16,6.117
20.35,80.17,6.123
20.35,80.18,6.127
20.36,80.19,6.132
20.36,80.20,6.137
20.36,80.21,6.141
20.36,80.22,6.146
20.36,80.23,6.150
20.36,80.25,6.153
20.37,80.26,6.157
20.37,80.27,6.160
20.37,80.28,6.164
20.37,80.29,6.167
20.37,80.31,6.171
20.37,80.32,6.176
20.38,80.33,6.181
20.38,80.34,6.185
20.38,80.36,6.191
20.38,80.37,6.197
20.38,80.38,6.202
20.38,80.39,6.207
20.38,80.41,6.212
20.39,80.42,6.217
20.39,80.43,6.222
20.39,80.45,6.227
20.39,80.46,6.234
20.39,80.47,6.240
20.39,80.48,6.247
20.40,80.50,6.254
20.40,80.51,6.260
20.40,80.52,6.268
20.40,80.54,6.274
20.40,80.55,6.280
20.41,80.56,6.286
20.41,80.58,6.292
20.41,80.59,6.297
20.41,80.60,6.302
20.41,80.62,6.306
20.41,80.63,6.309
20.42,80.64,6.312
20.42,80.66,6.313
20.42,80.67,6.312
20.42,80.69,6.309
20.42,80.70,6.303
20.42,80.72,6.295
20.43,80.73,6.285
20.43,80.74,6.273
20.43,80.76,6.258
20.43,80.77,6.241
20.43,80.79,6.223
20.43,80.81,6.203
20.43,80.82,6.180
20.44,80.84,6.156
20.44,80.85,6.129
20.44,80.87,6.100
20.44,80.89,6.068
20.44,80.91,6.032
20.44,80.92,5.992
20.45,80.94,5.947
20.45,80.96,5.895
20.45,80.98,5.836
20.45,81.00,5.768
20.45,81.02,5.690
20.46,81.04,5.605
20.46,81.07,5.511
20.46,81.09,5.409
20.46,81.12,5.302
20.46,81.14,5.191
20.46,81.17,5.078
20.47,81.20,4.966
20.47,81.23,4.855
20.47,81.26,4.747
20.47,81.29,4.642
20.47,81.32,4.542
20.47,81.35,4.447
20.48,81.39,4.356
20.48,81.42,4.268
20.48,81.45,4.183
20.48,81.49,4.100
20.48,81.52,4.017
20.48,81.55,3.935
20.48,81.59,3.853
20.49,81.62,3.770
20.49,81.66,3.687
20.49,81.70,3.602
20.49,81.73,3.516
20.49,81.77,3.430
20.49,81.80,3.344
20.50,81.84,3.256
20.50,81.88,3.167
20.50,81.92,3.077
20.50,81.96,2.987
20.50,81.99,2.897
20.51,82.03,2.809
20.51,82.07,2.721
20.51,82.11,2.635
20.51,82.15,2.553
20.51,82.19,2.476
20.51,82.23,2.403
20.52,82.27,2.336
20.52,82.31,2.274
20.52,82.35,2.217
20.52,82.39,2.166
20.52,82.43,2.118
20.52,82.47,2.074
20.53,82.51,2.034
20.53,82.55,1.995
20.53,82.59,1.959
20.53,82.63,1.925
20.53,82.66,1.892
20.53,82.70,1.860
20.53,82.74,1.830
20.54,82.77,1.801
20.54,82.81,1.773
20.54,82.85,1.746
20.54,82.88,1.719
20.54,82.92,1.693
20.54,82.95,1.669
20.55,82.99,1.644
20.55,83.02,1.621
20.55,83.06,1.599
20.55,83.09,1.577
20.55,83.13,1.555
20.56,83.16,1.534
20.56,83.19,1.513
20.56,83.23,1.492
20.56,83.26,1.472
20.56,83.29,1.452
20.56,83.32,1.433
20.57,83.36,1.414
20.57,83.39,1.395
20.57,83.42,1.377
20.57,83.45,1.359
20.57,83.48,1.342
20.57,83.51,1.325
20.58,83.54,1.308
20.58,83.57,1.292
20.58,83.60,1.275
20.58,83.63,1.258
20.58,83.66,1.242
20.58,83.69,1.226
20.58,83.72,1.210
20.59,83.75,1.194
20.59,83.78,1.179
20.59,83.81,1.165
20.59,83.83,1.151
20.59,83.86,1.137
20.59,83.89,1.124
20.60,83.92,1.110
20.60,83.95,1.096
20.60,83.97,1.083
20.60,84.00,1.070
20.60,84.03,1.057
20.61,84.06,1.044
20.61,84.08,1.032
20.61,84.11,1.020
20.61,84.14,1.009
20.61,84.16,0.996
20.61,84.19,0.984
20.62,84.21,0.972
20.62,84.24,0.960
20.62,84.26,0.949
20.62,84.29,0.939
20.62,84.32,0.928
20.62,84.34,0.918
20.63,84.37,0.909
20.63,84.39,0.898
20.63,84.41,0.888
20.63,84.44,0.878
20.63,84.46,0.868
20.63,84.49,0.859
20.63,84.51,0.849
20.64,84.54,0.839
20.64,84.56,0.831
20.64,84.59,0.822
20.64,84.61,0.813
20.64,84.63,0.805
20.64,84.66,0.797
20.65,84.68,0.787
20.65,84.70,0.779
20.65,84.73,0.770
20.65,84.75,0.762
20.65,84.77,0.754
20.66,84.79,0.747
20.66,84.82,0.740
20.66,84.84,0.733
20.66,84.86,0.727
20.66,84.88,0.722
20.66,84.91,0.715
20.67,84.93,0.708
20.67,84.95,0.700
20.67,84.97,0.691
20.67,85.00,0.683
20.67,85.02,0.674
20.67,85.04,0.666
20.68,85.06,0.660
20.68,85.08,0.654
20.68,85.10,0.650
20.68,85.13,0.646
20.68,85.15,0.643
20.68,85.17,0.639
20.68,85.19,0.635
20.69,85.21,0.629
20.69,85.23,0.623
20.69,85.25,0.617
20.69,85.27,0.610
20.69,85.30,0.603
20.69,85.32,0.596
20.70,85.34,0.590
20.70,85.36,0.585
20.70,85.38,0.580
20.70,85.40,0.575
20.70,85.42,0.571
20.71,85.44,0.567
20.71,85.46,0.563
20.71,85.48,0.560
20.71,85.50,0.556
20.71,85.52,0.552
20.71,85.54,0.547
20.72,85.56,0.543
20.72,85.58,0.539
20.72,85.60,0.534
20.72,85.62,0.530
20.72,85.64,0.525
20.72,85.66,0.521
20.73,85.68,0.516
20.73,85.70,0.512
20.73,85.72,0.509
20.73,85.74,0.506
20.73,85.76,0.502
20.73,85.78,0.499
20.73,85.80,0.496
20.74,85.82,0.493
20.74,85.84,0.489
20.74,85.86,0.486
20.74,85.88,0.483
20.74,85.90,0.479
20.74,85.92,0.475
20.75,85.93,0.471
20.75,85.95,0.468
20.75,85.97,0.466
20.75,85.99,0.463
20.75,86.01,0.460
20.76,86.03,0.458
20.76,86.05,0.456
20.76,86.07,0.454
20.76,86.09,0.451
20.76,86.10,0.449
20.76,86.12,0.446
20.77,86.14,0.444
20.77,86.16,0.441
20.77,86.18,0.438
20.77,86.20,0.435
20.77,86.22,0.432
20.77,86.23,0.429
20.78,86.25,0.428
20.78,86.27,0.426
20.78,86.29,0.423
20.78,86.31,0.421
20.78,86.33,0.419
20.78,86.35,0.417
20.78,86.36,0.415
20.79,86.38,0.412
20.79,86.40,0.410
20.79,86.42,0.408
20.79,86.44,0.407
20.79,86.46,0.405
20.79,86.47,0.403
20.80,86.49,0.401
20.80,86.51,0.398
20.80,86.53,0.397
20.80,86.55,0.395
20.80,86.57,0.393
20.81,86.58,0.391
20.81,86.60,0.390
20.81,86.62,0.389
20.81,86.64,0.388
20.81,86.66,0.386
20.81,86.67,0.384
20.82,86.69,0.382
20.82,86.71,0.381
20.82,86.73,0.379
20.82,86.74,0.378
20.82,86.76,0.376
20.82,86.78,0.375
20.83,86.80,0.374
20.83,86.81,0.372
20.83,86.83,0.371
20.83,86.85,0.370
20.83,86.87,0.369
20.83,86.89,0.367
20.83,86.90,0.366
20.84,86.92,0.365
20.84,86.94,0.363
20.84,86.96,0.363
20.84,86.98,0.362
20.84,86.99,0.360
20.84,87.01,0.359
20.85,87.03,0.357
20.85,87.04,0.356
20.85,87.06,0.355
20.85,87.08,0.354
20.85,87.10,0.353
20.86,87.12,0.352
20.86,87.13,0.351
20.86,87.15,0.351
20.86,87.17,0.350
20.86,87.19,0.348
20.86,87.20,0.347
20.87,87.22,0.346
20.87,87.24,0.345
20.87,87.26,0.345
20.87,87.27,0.344
20.87,87.29,0.343
20.87,87.31,0.342
20.88,87.33,0.341
20.88,87.34,0.341
20.88,87.36,0.340
20.88,87.38,0.339
20.88,87.39,0.338
20.88,87.41,0.337
20.88,87.43,0.336
20.89,87.45,0.336
20.89,87.46,0.335
20.89,87.48,0.334
20.89,87.50,0.334
20.89,87.51,0.333
20.89,87.53,0.332
20.90,87.55,0.331
20.90,87.57,0.330
20.90,87.58,0.330
20.90,87.60,0.329
20.90,87.62,0.329
20.91,87.64,0.328
20.91,87.65,0.328
20.91,87.67,0.327
20.91,87.69,0.327
20.91,87.71,0.327
20.91,87.72,0.326
20.92,87.74,0.325
20.92,87.76,0.325
20.92,87.77,0.324
20.92,87.79,0.324
20.92,87.81,0.324
20.92,87.82,0.323
20.93,87.84,0.322
20.93,87.86,0.321
20.93,87.87,0.320
20.93,87.89,0.319
20.93,87.91,0.319
20.93,87.93,0.319
20.93,87.94,0.318
20.94,87.96,0.318
20.94,87.98,0.318
20.94,88.00,0.318
20.94,88.01,0.317
20.94,88.03,0.317
20.94,88.05,0.316
20.95,88.06,0.316
20.95,88.08,0.315
20.95,88.10,0.314
20.95,88.11,0.314
20.95,88.13,0.314
20.96,88.15,0.313
20.96,88.17,0.313
20.96,88.18,0.313
20.96,88.20,0.312
20.96,88.22,0.312
20.96,88.23,0.312
20.97,88.25,0.312
20.97,88.27,0.312
20.97,88.28,0.311
20.97,88.30,0.311
20.97,88.32,0.311
20.97,88.34,0.310
20.98,88.35,0.310
20.98,88.37,0.310
20.98,88.39,0.310
20.98,88.40,0.309
20.98,88.42,0.309
20.98,88.44,0.309
20.98,88.45,0.309
20.99,88.47,0.308
20.99,88.49,0.308
20.99,88.50,0.308
20.99,88.52,0.308
20.99,88.54,0.308
20.99,88.56,0.308
21.00,88.57,0.308
21.00,88.59,0.307
21.00,88.61,0.307
21.00,88.62,0.307
21.00,88.64,0.307
21.01,88.66,0.307
21.01,88.67,0.307
21.01,88.69,0.306
21.01,88.71,0.306
21.01,88.72,0.306
21.01,88.74,0.306
21.02,88.76,0.306
21.02,88.77,0.305
21.02,88.79,0.305
21.02,88.81,0.305
21.02,88.82,0.304
21.02,88.84,0.304
21.03,88.86,0.304
21.03,88.88,0.303
21.03,88.89,0.303
21.03,88.91,0.303
21.03,88.93,0.303
21.03,88.94,0.303
21.03,88.96,0.303
21.04,88.98,0.303
21.04,88.99,0.302
21.04,89.01,0.302
21.04,89.03,0.302
21.04,89.04,0.302
21.04,89.06,0.302
21.05,89.08,0.301
21.05,89.09,0.301
21.05,89.11,0.301
21.05,89.13,0.301
21.05,89.14,0.301
21.06,89.16,0.301
21.06,89.18,0.301
21.06,89.19,0.301
21.06,89.21,0.301
21.06,89.23,0.301
21.06,89.24,0.301
21.07,89.26,0.301
21.07,89.28,0.300
21.07,89.30,0.300
21.07,89.31,0.300
21.07,89.33,0.300
21.07,89.35,0.300
21.08,89.36,0.300
21.08,89.38,0.300
21.08,89.40,0.300
21.08,89.41,0.300
21.08,89.43,0.300
21.08,89.45,0.300
21.08,89.46,0.300
21.09,89.48,0.300
21.09,89.50,0.300
21.09,89.51,0.300
21.09,89.53,0.300
21.09,89.55,0.300
21.09,89.56,0.300
21.10,89.58,0.300
21.10,89.60,0.300
21.10,89.61,0.299
21.10,89.63,0.299
21.10,89.65,0.299
21.11,89.66,0.299
21.11,89.68,0.299
21.11,89.70,0.299
21.11,89.71,0.299
21.11,89.73,0.299
21.11,89.75,0.299
21.12,89.76,0.299
21.12,89.78,0.299
21.12,89.80,0.299
21.12,89.81,0.299
21.12,89.83,0.298
21.12,89.85,0.298
21.13,89.86,0.298
21.13,89.88,0.298
21.13,89.90,0.298
21.13,89.92,0.298
21.13,89.93,0.298
21.13,89.95,0.298
21.13,89.97,0.298
21.14,89.98,0.298
21.14,90.00,0.298
21.14,90.01,0.298
21.14,90.03,0.298
21.14,90.05,0.298
21.14,90.07,0.298
21.15,90.08,0.298
21.15,90.10,0.298
21.15,90.12,0.298
21.15,90.13,0.298
21.15,90.15,0.298
21.16,90.17,0.298
21.16,90.18,0.298
21.16,90.20,0.298
21.16,90.22,0.298
21.16,90.23,0.297
21.16,90.25,0.297
21.17,90.27,0.297
21.17,90.28,0.297
21.17,90.30,0.297
21.17,90.32,0.297
21.17,90.33,0.297
21.17,90.35,0.297
21.18,90.37,0.297
21.18,90.38,0.297
21.18,90.40,0.297
21.18,90.42,0.297
21.18,90.43,0.297
21.18,90.45,0.297
21.18,90.47,0.297
21.19,90.48,0.297
21.19,90.50,0.297
21.19,90.52,0.297
21.19,90.53,0.297
21.19,90.55,0.297
21.19,90.57,0.297
21.20,90.58,0.297
21.20,90.60,0.297
21.20,90.62,0.297
21.20,90.63,0.297
21.20,90.65,0.297
21.21,90.67,0.297
21.21,90.68,0.297
21.21,90.70,0.297
21.21,90.72,0.297
21.21,90.73,0.297
21.21,90.75,0.297
21.22,90.77,0.297
21.22,90.78,0.297
21.22,90.80,0.297
21.22,90.82,0.297
21.22,90.83,0.297
21.22,90.85,0.297
21.23,90.87,0.297
21.23,90.88,0.297
21.23,90.90,0.297
21.23,90.92,0.297
21.23,90.93,0.297
21.23,90.95,0.297
21.23,90.97,0.297
21.24,90.99,0.297
21.24,91.00,0.297
21.24,91.02,0.297
21.24,91.03,0.297
21.24,91.05,0.297
21.24,91.07,0.297
21.25,91.08,0.297
21.25,91.10,0.297
21.25,91.12,0.297
21.25,91.14,0.297
21.25,91.15,0.296
21.26,91.17,0.296
21.26,91.18,0.296
21.26,91.20,0.296
21.26,91.22,0.296
21.26,91.24,0.296
21.26,91.25,0.296
21.27,91.27,0.296
21.27,91.29,0.296
21.27,91.30,0.296
21.27,91.32,0.296
21.27,91.33,0.296
21.27,91.35,0.296
21.28,91.37,0.296
21.28,91.38,0.296
21.28,91.40,0.296
21.28,91.42,0.296
21.28,91.44,0.296
21.28,91.45,0.296
21.28,91.47,0.296
21.29,91.49,0.296
21.29,91.50,0.296
21.29,91.52,0.296
21.29,91.54,0.296
21.29,91.55,0.296
21.29,91.57,0.296
21.30,91.59,0.296
21.30,91.60,0.296
21.30,91.62,0.296
21.30,91.64,0.296
21.30,91.65,0.296
21.31,91.67,0.296
21.31,91.69,0.296
21.31,91.70,0.296
21.31,91.72,0.296
21.31,91.74,0.296
21.31,91.75,0.296
21.32,91.77,0.296
21.32,91.79,0.296
21.32,91.80,0.296
21.32,91.82,0.296
21.32,91.84,0.296
21.32,91.85,0.296
21.33,91.87,0.296
21.33,91.89,0.296
21.33,91.90,0.296
21.33,91.92,0.296
21.33,91.94,0.296
21.33,91.95,0.296
21.33,91.97,0.296
21.34,91.98,0.296
21.34,92.00,0.296
21.34,92.02,0.296
21.34,92.04,0.296
21.34,92.05,0.296
21.34,92.07,0.296
21.35,92.09,0.296
21.35,92.10,0.296
21.35,92.12,0.296
21.35,92.14,0.296
21.35,92.15,0.296
21.36,92.17,0.296
21.36,92.19,0.296
21.36,92.20,0.296
21.36,92.22,0.296
21.36,92.24,0.296
21.36,92.25,0.296
21.37,92.27,0.296
21.37,92.29,0.296
21.37,92.30,0.296
21.37,92.32,0.296
21.37,92.34,0.296
21.37,92.35,0.296
21.38,92.37,0.296
21.38,92.39,0.296
21.38,92.40,0.296
21.38,92.42,0.296
21.38,92.44,0.296
21.38,92.45,0.296
21.38,92.47,0.296
21.39,92.49,0.296
21.39,92.50,0.296
21.39,92.52,0.296
21.39,92.54,0.296
21.39,92.55,0.296
21.39,92.57,0.296
21.40,92.59,0.296
21.40,92.60,0.296
21.40,92.62,0.296
21.40,92.64,0.296
21.40,92.65,0.296
21.41,92.67,0.296
21.41,92.69,0.296
21.41,92.70,0.296
21.41,92.72,0.296
21.41,92.74,0.295
21.41,92.75,0.295
21.42,92.77,0.295
21.42,92.79,0.295
21.42,92.80,0.295
21.42,92.82,0.295
21.42,92.84,0.295
21.42,92.85,0.295
21.43,92.87,0.295
21.43,92.89,0.295
21.43,92.90,0.295
21.43,92.92,0.295
21.43,92.94,0.295
21.43,92.95,0.295
21.43,92.97,0.295
21.44,92.99,
21.44,93.00,
21.44,93.02,
21.44,93.04,
21.44,93.05,
21.44,93.07,
21.45,93.09,
21.45,93.10,
21.45,93.12,
21.45,93.14,
21.45,93.15,
21.46,93.17,
21.46,93.19,
21.46,93.20,
21.46,93.22,
21.46,93.24,
21.46,93.25,
21.47,93.27,
21.47,93.29,
21.47,93.30,
21.47,93.32,
21.47,93.34,
21.47,93.35,
21.48,93.37,
21.48,93.39,
21.48,93.40,
21.48,93.42,
21.48,93.44,
21.48,93.45,
21.48,93.47,
21.49,,
21.49,,
21.49,,
21.49,,
21.49,,

