Filename,2026_06_23_CBD_Xtal_Al_Hermetic_30C_120C_20Cmin_DSC
Instrument name,DSC2A-00468 (192.168.1.100)
Operator,JLY
rundate,6/23/2026
Sample name,2026_06_23_CBD_Xtal_Al_Hermetic_30C_120C_20Cmin_DSC
proceduresegments,Data Off ; Equilibrate 30.00 °C; Data On ; Ramp 20.00 °C/min to 120.00 °C; Data Off ; Isothermal 0.1 min; Data On ; Ramp 20.00 °C/min to 30.00 °C
[File Parameters]
Run date,6/23/2026 1:40:00 PM
Trios version,5.1.1.46572
Original File Name,
Current File Name,D:\DSC2500\JYarger\2026_06_23_CBD_Xtal_Al_Hermetic_30C_120C_20Cmin_DSC.tri
[Procedure]
Procedure Name,DSC_20Cmin_30C_120C_x1
Sample Name,2026_06_23_CBD_Xtal_Al_Hermetic_30C_120C_20Cmin_DSC
Sample Mass,11.26 mg
Reference Sample Mass,0 mg
Pan Mass,52.25 mg
Pan Number,30
Reference Pan Mass,52.53 mg
Reference Pan Number,46
Pan Type,Tzero Aluminum Hermetic
Comments,DSC samples are in DSC Consumables Tzero Hermetic Aluminium pans/lids.  Google Sheet: DSC_Y2_Tray_Binary_CoCrystals_Pharma_June2026.
Project Name,Pharma
Operator,JLY
Test,Custom
Unload Max Temperature,30
Unload Min Temperature,30
Load Max Temperature,30
Load Min Temperature,30
Stop on Gas Flow Error,Yes
[Signal List]
Signal #1,Time (min)
Signal #2,Temperature (°C)
Signal #3,Heat Flow (mW)
Signal #4,Delta T (µV)
Signal #5,Delta Tzero (µV)
Signal #6,Tzero Temperature (°C)
Signal #7,Cell Purge (mL/min)
Signal #8,Heater Temp (°C)
Signal #9,Power Delivered (W)
Signal #10,Reference Junction Temperature (°C)
Signal #11,Flange Temperature (°C)
Signal #12,Heat Flow Phase (rad)
Signal #13,Total Heat Capacity (J/°C)
Signal #14,Heat Capacity (J/°C)
[Configuration]
Company Name,ASU
Instrument Name,DSC2A-00468
Instrument Type,DSC2500
Serial Number,DSC2A-00468
IP,192.168.1.100
Location of Instrument,MRRC
DisplayType,Unknown
Sample Interval ,0.1 s/pt
Selected Heat Flow,T4P
Exotherm Direction,Down
Cell Serial,DRC2-00792
Lid Type,Standard
Cooler,RCS 90
Leave Cooler on at End of Sequence,On
Gas 2,Nitrogen
Gas Selected,Channel 1
Flow Rate,50 mL/min
Secondary Purge,On
Licensed Heat Flow,Heat Flow T4P
Modulation Licensed,Yes
[Versions]
Common IDD Version,1
Cortex Version,VER 2.10.2.31
Driver,5.0.0.6
GDM Version,1.0.3.3
TouchscreenVersion,1.0.0.16145
FEP Version,1.2.1.21
FEP Bootloader,2.0.0.5
AutoSampler Version,2.1.1.26
Auto Sampler Bootloader,2.0.0.5
FCM Version,1.1.0.3
FCM Bootloader,2.0.0.5
[Experiment Logs]
Experiment Log Entry # 1,Data On set to 0
Experiment Log Entry # 3,Equilibrate Segment 30 (C) Started
Experiment Log Entry # 5,Air Cool is off.
Experiment Log Entry # 7,Data On set to 1
Experiment Log Entry # 9,Ramp Segment 20 C/min to 120 Started
Experiment Log Entry # 11,Data On set to 0
Experiment Log Entry # 13,Isothermal Segment 0.1 min started
Experiment Log Entry # 15,Data On set to 1
Experiment Log Entry # 17,Ramp Segment 20 C/min to 30 Started
[Method Log]
Method Log Entry # 1,Data Off
Method Log Entry # 2,Equilibrate 30 °C
Method Log Entry # 3,Data On
Method Log Entry # 4,(Ramp 4163) Ramp 20 °C/minute to 120 °C
Method Log Entry # 5,Data Off
Method Log Entry # 6,Isothermal 0.1 minutes
Method Log Entry # 7,Data On
Method Log Entry # 8,(Ramp 4167) Ramp 20 °C/minute to 30 °C
Cell Serial,DRC2-00792
[T1 Calibration]
Slope,-0.008529666
Offset,9.636258
Initial Temperature,98.23
GUID,f8bfdadc-4977-4fdf-ba6d-0ba9134940c3
[TZero Calibration]
Date Applied,11/29/2022 4:06:13 PM
Description,From -89.059 °C to 396.009 °C at 20.000°C/min
Gas Type,Nitrogen
Pan Type,None
Source Files 1,C:\Users\yargerlab\Desktop\DSC Data\General\TZero_calibration_11_29_22_2nd(2).tri
Source Files 2,C:\Users\yargerlab\Desktop\DSC Data\General\TZero_calibration_11_29_22_2nd(3).tri
Delta T Offset,13.05235
Delta T Slope,-0.007271007
Delta T0 Offset,-13.69128
Delta T0 Slope,0.06063341
[Temperature Calibration]
Date Applied,11/29/2022 7:12:28 PM
Description,From 106.590 °C to 186.590 °C at 10.000°C/min
Gas Type,Nitrogen
Pan Type,Tzero Aluminum Hermetic
Source Files 1,C:\Users\yargerlab\Desktop\DSC Data\General\Indium(6).tri
Measured 1,157.391
Known 1,156.598
[Cell Constant Calibration]
Date Applied,11/29/2022 7:12:29 PM
Description,From 106.590 °C to 186.590 °C at 10.000°C/min
Gas Type,Nitrogen
Pan Type,Tzero Aluminum Hermetic
Source Files 1,C:\Users\yargerlab\Desktop\DSC Data\General\Indium(6).tri
T4P KCell,1.006051
Onset Slope,63.26126 mW/°C
[Direct Cp Calibration]
Date Applied,11/30/2022 11:04:51 AM
Description,From -79.983 °C to 298.409 °C at 10.000°C/min
Gas Type,Nitrogen
Pan Type,Tzero Aluminum Hermetic
Source Files 1,C:\Users\yargerlab\Desktop\DSC Data\General\Sapphire_Heat_Capacity_11_30_22.tri
[Rev Cp Calibration]
Date Applied,11/30/2022 1:58:51 PM
Description,From -79.996 °C to 292.812 °C at 3.000°C/min
Gas Type,Nitrogen
Pan Type,Tzero Aluminum Hermetic
Source Files 1,C:\Users\yargerlab\Desktop\DSC Data\General\Sapphire_MDSC_Calibration_11_30_22.tri
[step]
Ramp 20.00 °C/min to 120.00 °C
Time,Temperature,Heat Flow (Normalized)
min,°C,W/g
0.00,30.09,-0.038
0.00,30.09,-0.037
0.00,30.09,-0.037
0.01,30.09,-0.037
0.01,30.08,-0.037
0.01,30.08,-0.037
0.01,30.08,-0.037
0.01,30.08,-0.036
0.01,30.09,-0.036
0.01,30.09,-0.036
0.02,30.09,-0.036
0.02,30.09,-0.035
0.02,30.09,-0.035
0.02,30.09,-0.035
0.02,30.09,-0.034
0.03,30.09,-0.034
0.03,30.09,-0.034
0.03,30.09,-0.033
0.03,30.09,-0.033
0.03,30.09,-0.033
0.03,30.09,-0.033
0.03,30.09,-0.032
0.04,30.09,-0.032
0.04,30.10,-0.032
0.04,30.10,-0.032
0.04,30.10,-0.032
0.04,30.10,-0.031
0.05,30.10,-0.031
0.05,30.10,-0.031
0.05,30.11,-0.030
0.05,30.11,-0.030
0.05,30.11,-0.030
0.05,30.11,-0.030
0.05,30.12,-0.029
0.06,30.12,-0.029
0.06,30.12,-0.029
0.06,30.13,-0.029
0.06,30.13,-0.029
0.06,30.14,-0.028
0.07,30.14,-0.028
0.07,30.15,-0.028
0.07,30.15,-0.028
0.07,30.16,-0.027
0.07,30.16,-0.027
0.07,30.17,-0.027
0.08,30.17,-0.026
0.08,30.18,-0.026
0.08,30.19,-0.025
0.08,30.19,-0.024
0.08,30.20,-0.023
0.08,30.21,-0.023
0.08,30.22,-0.022
0.09,30.23,-0.022
0.09,30.23,-0.021
0.09,30.24,-0.020
0.09,30.25,-0.019
0.09,30.26,-0.019
0.09,30.27,-0.017
0.10,30.28,-0.016
0.10,30.30,-0.015
0.10,30.31,-0.014
0.10,30.32,-0.013
0.10,30.33,-0.012
0.11,30.34,-0.010
0.11,30.36,-0.009
0.11,30.37,-0.007
0.11,30.39,-0.005
0.11,30.40,-0.003
0.11,30.41,-0.002
0.12,30.43,0.001
0.12,30.44,0.002
0.12,30.46,0.004
0.12,30.48,0.006
0.12,30.49,0.008
0.12,30.51,0.011
0.13,30.52,0.013
0.13,30.54,0.015
0.13,30.56,0.018
0.13,30.58,0.020
0.13,30.59,0.023
0.13,30.61,0.026
0.14,30.63,0.029
0.14,30.65,0.031
0.14,30.67,0.034
0.14,30.69,0.037
0.14,30.71,0.040
0.14,30.73,0.044
0.14,30.75,0.047
0.15,30.77,0.050
0.15,30.79,0.053
0.15,30.81,0.057
0.15,30.83,0.060
0.15,30.85,0.063
0.16,30.87,0.067
0.16,30.89,0.070
0.16,30.92,0.073
0.16,30.94,0.077
0.16,30.96,0.081
0.16,30.98,0.084
0.16,31.01,0.088
0.17,31.03,0.091
0.17,31.05,0.095
0.17,31.07,0.099
0.17,31.10,0.103
0.17,31.12,0.106
0.18,31.14,0.110
0.18,31.17,0.114
0.18,31.19,0.118
0.18,31.21,0.121
0.18,31.24,0.125
0.18,31.26,0.128
0.19,31.29,0.132
0.19,31.31,0.136
0.19,31.33,0.139
0.19,31.36,0.143
0.19,31.38,0.147
0.19,31.41,0.150
0.19,31.43,0.154
0.20,31.46,0.158
0.20,31.48,0.161
0.20,31.51,0.165
0.20,31.54,0.169
0.20,31.56,0.172
0.21,31.59,0.176
0.21,31.61,0.179
0.21,31.64,0.182
0.21,31.66,0.185
0.21,31.69,0.189
0.21,31.71,0.192
0.21,31.74,0.195
0.22,31.77,0.199
0.22,31.79,0.202
0.22,31.82,0.206
0.22,31.84,0.209
0.22,31.87,0.212
0.23,31.90,0.215
0.23,31.92,0.218
0.23,31.95,0.221
0.23,31.98,0.224
0.23,32.00,0.227
0.23,32.03,0.230
0.24,32.06,0.233
0.24,32.08,0.236
0.24,32.11,0.239
0.24,32.14,0.243
0.24,32.16,0.245
0.24,32.19,0.248
0.24,32.22,0.251
0.25,32.24,0.253
0.25,32.27,0.256
0.25,32.30,0.259
0.25,32.33,0.261
0.25,32.35,0.264
0.26,32.38,0.266
0.26,32.41,0.269
0.26,32.44,0.272
0.26,32.46,0.274
0.26,32.49,0.277
0.26,32.52,0.279
0.26,32.55,0.282
0.27,32.58,0.285
0.27,32.60,0.287
0.27,32.63,0.290
0.27,32.66,0.292
0.27,32.69,0.294
0.28,32.72,0.296
0.28,32.75,0.299
0.28,32.77,0.301
0.28,32.80,0.303
0.28,32.83,0.306
0.28,32.86,0.308
0.29,32.89,0.310
0.29,32.92,0.312
0.29,32.95,0.314
0.29,32.97,0.316
0.29,33.00,0.318
0.29,33.03,0.320
0.30,33.06,0.322
0.30,33.09,0.324
0.30,33.12,0.326
0.30,33.15,0.328
0.30,33.18,0.330
0.30,33.21,0.332
0.30,33.23,0.334
0.31,33.26,0.336
0.31,33.29,0.339
0.31,33.32,0.341
0.31,33.35,0.343
0.31,33.38,0.345
0.31,33.41,0.346
0.32,33.44,0.348
0.32,33.47,0.350
0.32,33.50,0.352
0.32,33.53,0.353
0.32,33.56,0.355
0.33,33.59,0.356
0.33,33.62,0.358
0.33,33.65,0.360
0.33,33.68,0.362
0.33,33.71,0.364
0.33,33.74,0.365
0.34,33.77,0.367
0.34,33.80,0.369
0.34,33.83,0.370
0.34,33.86,0.371
0.34,33.89,0.373
0.34,33.92,0.374
0.35,33.95,0.376
0.35,33.98,0.378
0.35,34.01,0.379
0.35,34.04,0.381
0.35,34.07,0.383
0.35,34.10,0.384
0.35,34.13,0.386
0.36,34.16,0.387
0.36,34.19,0.389
0.36,34.22,0.390
0.36,34.25,0.391
0.36,34.28,0.393
0.36,34.31,0.394
0.37,34.34,0.395
0.37,34.37,0.397
0.37,34.40,0.398
0.37,34.44,0.399
0.37,34.47,0.401
0.38,34.50,0.402
0.38,34.53,0.404
0.38,34.56,0.405
0.38,34.59,0.406
0.38,34.62,0.407
0.38,34.65,0.408
0.39,34.68,0.410
0.39,34.71,0.411
0.39,34.74,0.412
0.39,34.77,0.413
0.39,34.80,0.414
0.39,34.83,0.415
0.40,34.87,0.416
0.40,34.90,0.418
0.40,34.93,0.419
0.40,34.96,0.420
0.40,34.99,0.421
0.40,35.02,0.422
0.40,35.05,0.424
0.41,35.08,0.425
0.41,35.11,0.426
0.41,35.15,0.427
0.41,35.18,0.429
0.41,35.21,0.430
0.41,35.24,0.430
0.42,35.27,0.431
0.42,35.30,0.432
0.42,35.33,0.433
0.42,35.37,0.433
0.42,35.40,0.434
0.43,35.43,0.435
0.43,35.46,0.436
0.43,35.49,0.437
0.43,35.52,0.438
0.43,35.55,0.439
0.43,35.58,0.440
0.44,35.62,0.441
0.44,35.65,0.442
0.44,35.68,0.443
0.44,35.71,0.444
0.44,35.74,0.445
0.44,35.77,0.446
0.45,35.80,0.447
0.45,35.84,0.447
0.45,35.87,0.448
0.45,35.90,0.449
0.45,35.93,0.449
0.45,35.96,0.450
0.45,36.00,0.451
0.46,36.03,0.452
0.46,36.06,0.452
0.46,36.09,0.453
0.46,36.12,0.454
0.46,36.15,0.455
0.46,36.19,0.455
0.47,36.22,0.456
0.47,36.25,0.457
0.47,36.28,0.458
0.47,36.31,0.459
0.47,36.34,0.460
0.48,36.38,0.460
0.48,36.41,0.461
0.48,36.44,0.462
0.48,36.47,0.463
0.48,36.51,0.463
0.48,36.54,0.464
0.49,36.57,0.465
0.49,36.60,0.465
0.49,36.63,0.466
0.49,36.66,0.466
0.49,36.70,0.467
0.49,36.73,0.467
0.50,36.76,0.468
0.50,36.79,0.469
0.50,36.82,0.469
0.50,36.86,0.470
0.50,36.89,0.471
0.50,36.92,0.471
0.50,36.95,0.472
0.51,36.99,0.473
0.51,37.02,0.473
0.51,37.05,0.474
0.51,37.08,0.475
0.51,37.11,0.476
0.51,37.15,0.477
0.52,37.18,0.477
0.52,37.21,0.478
0.52,37.24,0.479
0.52,37.27,0.479
0.52,37.31,0.480
0.53,37.34,0.480
0.53,37.37,0.481
0.53,37.40,0.481
0.53,37.44,0.481
0.53,37.47,0.482
0.53,37.50,0.482
0.53,37.53,0.482
0.54,37.57,0.483
0.54,37.60,0.484
0.54,37.63,0.484
0.54,37.66,0.485
0.54,37.69,0.485
0.55,37.73,0.486
0.55,37.76,0.486
0.55,37.79,0.486
0.55,37.82,0.487
0.55,37.85,0.487
0.55,37.89,0.487
0.55,37.92,0.488
0.56,37.95,0.488
0.56,37.98,0.489
0.56,38.02,0.489
0.56,38.05,0.489
0.56,38.08,0.490
0.57,38.12,0.490
0.57,38.15,0.490
0.57,38.18,0.491
0.57,38.21,0.491
0.57,38.24,0.491
0.57,38.28,0.492
0.58,38.31,0.492
0.58,38.34,0.493
0.58,38.37,0.494
0.58,38.41,0.494
0.58,38.44,0.494
0.58,38.47,0.495
0.58,38.50,0.495
0.59,38.54,0.495
0.59,38.57,0.495
0.59,38.60,0.496
0.59,38.63,0.496
0.59,38.67,0.497
0.60,38.70,0.497
0.60,38.73,0.497
0.60,38.76,0.498
0.60,38.80,0.498
0.60,38.83,0.498
0.60,38.86,0.498
0.60,38.90,0.498
0.61,38.93,0.499
0.61,38.96,0.499
0.61,38.99,0.500
0.61,39.02,0.500
0.61,39.06,0.500
0.62,39.09,0.501
0.62,39.12,0.501
0.62,39.16,0.501
0.62,39.19,0.502
0.62,39.22,0.502
0.62,39.25,0.502
0.63,39.29,0.502
0.63,39.32,0.503
0.63,39.35,0.503
0.63,39.38,0.503
0.63,39.42,0.504
0.63,39.45,0.504
0.63,39.48,0.504
0.64,39.52,0.504
0.64,39.55,0.504
0.64,39.58,0.505
0.64,39.61,0.505
0.64,39.65,0.505
0.65,39.68,0.505
0.65,39.71,0.505
0.65,39.75,0.506
0.65,39.78,0.506
0.65,39.81,0.506
0.65,39.84,0.507
0.65,39.88,0.507
0.66,39.91,0.508
0.66,39.94,0.508
0.66,39.97,0.508
0.66,40.01,0.508
0.66,40.04,0.509
0.67,40.07,0.509
0.67,40.11,0.509
0.67,40.14,0.509
0.67,40.17,0.510
0.67,40.20,0.510
0.67,40.24,0.510
0.68,40.27,0.510
0.68,40.30,0.511
0.68,40.33,0.511
0.68,40.37,0.511
0.68,40.40,0.511
0.68,40.43,0.511
0.68,40.47,0.511
0.69,40.50,0.512
0.69,40.53,0.512
0.69,40.56,0.512
0.69,40.60,0.512
0.69,40.63,0.513
0.70,40.66,0.513
0.70,40.70,0.513
0.70,40.73,0.513
0.70,40.76,0.513
0.70,40.79,0.513
0.70,40.83,0.514
0.70,40.86,0.514
0.71,40.89,0.514
0.71,40.93,0.514
0.71,40.96,0.514
0.71,40.99,0.514
0.71,41.02,0.515
0.72,41.06,0.515
0.72,41.09,0.515
0.72,41.12,0.515
0.72,41.16,0.515
0.72,41.19,0.516
0.72,41.22,0.516
0.73,41.25,0.516
0.73,41.29,0.516
0.73,41.32,0.516
0.73,41.35,0.517
0.73,41.39,0.517
0.73,41.42,0.517
0.73,41.45,0.517
0.74,41.48,0.517
0.74,41.52,0.517
0.74,41.55,0.517
0.74,41.58,0.517
0.74,41.62,0.517
0.75,41.65,0.518
0.75,41.68,0.518
0.75,41.71,0.518
0.75,41.75,0.518
0.75,41.78,0.518
0.75,41.81,0.518
0.75,41.85,0.519
0.76,41.88,0.519
0.76,41.91,0.519
0.76,41.94,0.519
0.76,41.98,0.520
0.76,42.01,0.520
0.77,42.04,0.520
0.77,42.08,0.520
0.77,42.11,0.520
0.77,42.14,0.520
0.77,42.18,0.520
0.77,42.21,0.520
0.78,42.24,0.520
0.78,42.28,0.520
0.78,42.31,0.521
0.78,42.34,0.521
0.78,42.37,0.521
0.78,42.41,0.521
0.78,42.44,0.521
0.79,42.47,0.522
0.79,42.51,0.522
0.79,42.54,0.522
0.79,42.57,0.522
0.79,42.61,0.522
0.80,42.64,0.522
0.80,42.67,0.522
0.80,42.70,0.523
0.80,42.74,0.523
0.80,42.77,0.523
0.80,42.80,0.523
0.80,42.84,0.523
0.81,42.87,0.523
0.81,42.90,0.523
0.81,42.93,0.523
0.81,42.97,0.523
0.81,43.00,0.523
0.82,43.03,0.523
0.82,43.07,0.523
0.82,43.10,0.523
0.82,43.13,0.524
0.82,43.17,0.524
0.82,43.20,0.524
0.83,43.23,0.524
0.83,43.27,0.524
0.83,43.30,0.524
0.83,43.33,0.524
0.83,43.36,0.524
0.83,43.40,0.524
0.83,43.43,0.525
0.84,43.46,0.525
0.84,43.50,0.525
0.84,43.53,0.525
0.84,43.56,0.525
0.84,43.60,0.525
0.85,43.63,0.525
0.85,43.66,0.525
0.85,43.70,0.525
0.85,43.73,0.525
0.85,43.76,0.526
0.85,43.79,0.526
0.85,43.83,0.526
0.86,43.86,0.526
0.86,43.89,0.526
0.86,43.93,0.526
0.86,43.96,0.526
0.86,43.99,0.526
0.87,44.03,0.527
0.87,44.06,0.527
0.87,44.09,0.527
0.87,44.13,0.527
0.87,44.16,0.527
0.87,44.19,0.527
0.88,44.22,0.527
0.88,44.26,0.527
0.88,44.29,0.527
0.88,44.32,0.527
0.88,44.36,0.527
0.88,44.39,0.527
0.88,44.42,0.528
0.89,44.46,0.528
0.89,44.49,0.528
0.89,44.52,0.528
0.89,44.56,0.528
0.89,44.59,0.528
0.90,44.62,0.528
0.90,44.66,0.528
0.90,44.69,0.528
0.90,44.72,0.528
0.90,44.76,0.528
0.90,44.79,0.528
0.90,44.82,0.529
0.91,44.85,0.529
0.91,44.89,0.529
0.91,44.92,0.529
0.91,44.95,0.529
0.91,44.99,0.529
0.92,45.02,0.529
0.92,45.05,0.530
0.92,45.09,0.530
0.92,45.12,0.530
0.92,45.15,0.530
0.92,45.19,0.530
0.93,45.22,0.530
0.93,45.25,0.530
0.93,45.28,0.530
0.93,45.32,0.530
0.93,45.35,0.531
0.93,45.38,0.531
0.93,45.42,0.531
0.94,45.45,0.531
0.94,45.48,0.531
0.94,45.52,0.531
0.94,45.55,0.531
0.94,45.58,0.531
0.95,45.62,0.531
0.95,45.65,0.532
0.95,45.68,0.532
0.95,45.72,0.532
0.95,45.75,0.532
0.95,45.78,0.532
0.95,45.82,0.532
0.96,45.85,0.532
0.96,45.88,0.532
0.96,45.92,0.532
0.96,45.95,0.532
0.96,45.98,0.532
0.97,46.02,0.532
0.97,46.05,0.532
0.97,46.08,0.532
0.97,46.11,0.532
0.97,46.15,0.532
0.97,46.18,0.532
0.98,46.21,0.533
0.98,46.25,0.533
0.98,46.28,0.533
0.98,46.31,0.533
0.98,46.35,0.533
0.98,46.38,0.533
0.98,46.41,0.533
0.99,46.44,0.533
0.99,46.48,0.533
0.99,46.51,0.534
0.99,46.55,0.534
0.99,46.58,0.534
1.00,46.61,0.534
1.00,46.65,0.534
1.00,46.68,0.534
1.00,46.71,0.534
1.00,46.75,0.534
1.00,46.78,0.534
1.00,46.81,0.534
1.01,46.84,0.534
1.01,46.88,0.534
1.01,46.91,0.534
1.01,46.95,0.534
1.01,46.98,0.534
1.02,47.01,0.534
1.02,47.04,0.535
1.02,47.08,0.535
1.02,47.11,0.535
1.02,47.14,0.535
1.02,47.18,0.535
1.03,47.21,0.535
1.03,47.24,0.536
1.03,47.28,0.536
1.03,47.31,0.536
1.03,47.34,0.536
1.03,47.38,0.536
1.03,47.41,0.536
1.04,47.44,0.536
1.04,47.48,0.536
1.04,47.51,0.536
1.04,47.54,0.536
1.04,47.58,0.536
1.05,47.61,0.536
1.05,47.64,0.536
1.05,47.68,0.536
1.05,47.71,0.536
1.05,47.74,0.536
1.05,47.77,0.536
1.05,47.81,0.536
1.06,47.84,0.537
1.06,47.87,0.537
1.06,47.91,0.537
1.06,47.94,0.537
1.06,47.97,0.537
1.07,48.01,0.537
1.07,48.04,0.537
1.07,48.07,0.537
1.07,48.11,0.537
1.07,48.14,0.537
1.07,48.17,0.537
1.08,48.21,0.537
1.08,48.24,0.537
1.08,48.27,0.538
1.08,48.31,0.538
1.08,48.34,0.538
1.08,48.37,0.538
1.08,48.41,0.538
1.09,48.44,0.538
1.09,48.47,0.538
1.09,48.51,0.538
1.09,48.54,0.538
1.09,48.57,0.538
1.09,48.61,0.538
1.10,48.64,0.539
1.10,48.67,0.539
1.10,48.70,0.539
1.10,48.74,0.539
1.10,48.77,0.539
1.11,48.81,0.539
1.11,48.84,0.539
1.11,48.87,0.539
1.11,48.90,0.539
1.11,48.94,0.539
1.11,48.97,0.539
1.12,49.00,0.539
1.12,49.04,0.539
1.12,49.07,0.539
1.12,49.10,0.539
1.12,49.14,0.539
1.12,49.17,0.540
1.13,49.20,0.540
1.13,49.24,0.540
1.13,49.27,0.540
1.13,49.30,0.540
1.13,49.34,0.540
1.13,49.37,0.540
1.13,49.40,0.540
1.14,49.44,0.540
1.14,49.47,0.540
1.14,49.50,0.540
1.14,49.54,0.540
1.14,49.57,0.540
1.14,49.60,0.540
1.15,49.64,0.540
1.15,49.67,0.541
1.15,49.70,0.541
1.15,49.74,0.541
1.15,49.77,0.541
1.16,49.80,0.541
1.16,49.83,0.541
1.16,49.87,0.541
1.16,49.90,0.541
1.16,49.93,0.541
1.16,49.97,0.541
1.17,50.00,0.541
1.17,50.03,0.541
1.17,50.07,0.541
1.17,50.10,0.541
1.17,50.13,0.541
1.17,50.17,0.542
1.18,50.20,0.542
1.18,50.23,0.542
1.18,50.27,0.542
1.18,50.30,0.542
1.18,50.33,0.542
1.18,50.37,0.542
1.18,50.40,0.542
1.19,50.43,0.542
1.19,50.47,0.542
1.19,50.50,0.542
1.19,50.53,0.542
1.19,50.57,0.542
1.19,50.60,0.542
1.20,50.63,0.542
1.20,50.67,0.543
1.20,50.70,0.543
1.20,50.73,0.543
1.20,50.77,0.543
1.21,50.80,0.543
1.21,50.83,0.543
1.21,50.87,0.543
1.21,50.90,0.543
1.21,50.93,0.543
1.21,50.97,0.544
1.22,51.00,0.544
1.22,51.03,0.544
1.22,51.07,0.544
1.22,51.10,0.544
1.22,51.13,0.544
1.22,51.17,0.544
1.23,51.20,0.544
1.23,51.23,0.544
1.23,51.27,0.544
1.23,51.30,0.544
1.23,51.33,0.545
1.23,51.37,0.545
1.23,51.40,0.545
1.24,51.43,0.545
1.24,51.47,0.545
1.24,51.50,0.545
1.24,51.53,0.545
1.24,51.56,0.545
1.24,51.60,0.545
1.25,51.63,0.545
1.25,51.67,0.545
1.25,51.70,0.545
1.25,51.73,0.546
1.25,51.76,0.546
1.26,51.80,0.546
1.26,51.83,0.546
1.26,51.86,0.546
1.26,51.90,0.546
1.26,51.93,0.546
1.26,51.96,0.546
1.27,52.00,0.546
1.27,52.03,0.546
1.27,52.06,0.546
1.27,52.10,0.546
1.27,52.13,0.546
1.27,52.16,0.546
1.28,52.20,0.547
1.28,52.23,0.547
1.28,52.26,0.547
1.28,52.30,0.547
1.28,52.33,0.547
1.28,52.36,0.547
1.28,52.40,0.547
1.29,52.43,0.547
1.29,52.46,0.547
1.29,52.50,0.547
1.29,52.53,0.547
1.29,52.56,0.547
1.29,52.60,0.547
1.30,52.63,0.547
1.30,52.66,0.548
1.30,52.70,0.548
1.30,52.73,0.548
1.30,52.76,0.548
1.31,52.80,0.548
1.31,52.83,0.548
1.31,52.86,0.548
1.31,52.90,0.548
1.31,52.93,0.548
1.31,52.96,0.549
1.32,53.00,0.549
1.32,53.03,0.549
1.32,53.06,0.549
1.32,53.10,0.549
1.32,53.13,0.549
1.32,53.16,0.549
1.33,53.20,0.549
1.33,53.23,0.549
1.33,53.26,0.549
1.33,53.30,0.550
1.33,53.33,0.550
1.33,53.36,0.550
1.33,53.39,0.550
1.34,53.43,0.550
1.34,53.46,0.550
1.34,53.50,0.550
1.34,53.53,0.550
1.34,53.56,0.550
1.34,53.59,0.550
1.35,53.63,0.550
1.35,53.66,0.550
1.35,53.69,0.550
1.35,53.73,0.550
1.35,53.76,0.550
1.36,53.79,0.551
1.36,53.83,0.551
1.36,53.86,0.551
1.36,53.89,0.551
1.36,53.93,0.551
1.36,53.96,0.551
1.37,53.99,0.551
1.37,54.03,0.551
1.37,54.06,0.552
1.37,54.09,0.552
1.37,54.13,0.552
1.37,54.16,0.552
1.38,54.19,0.552
1.38,54.23,0.552
1.38,54.26,0.552
1.38,54.29,0.552
1.38,54.33,0.552
1.38,54.36,0.552
1.38,54.39,0.553
1.39,54.43,0.553
1.39,54.46,0.553
1.39,54.49,0.553
1.39,54.53,0.553
1.39,54.56,0.553
1.39,54.59,0.553
1.40,54.63,0.553
1.40,54.66,0.553
1.40,54.69,0.553
1.40,54.73,0.553
1.40,54.76,0.553
1.41,54.79,0.554
1.41,54.83,0.554
1.41,54.86,0.554
1.41,54.89,0.554
1.41,54.93,0.554
1.41,54.96,0.554
1.42,54.99,0.554
1.42,55.03,0.554
1.42,55.06,0.554
1.42,55.09,0.554
1.42,55.13,0.554
1.42,55.16,0.554
1.43,55.19,0.555
1.43,55.23,0.555
1.43,55.26,0.555
1.43,55.29,0.555
1.43,55.33,0.555
1.43,55.36,0.555
1.43,55.39,0.555
1.44,55.43,0.556
1.44,55.46,0.556
1.44,55.49,0.556
1.44,55.53,0.556
1.44,55.56,0.556
1.44,55.59,0.556
1.45,55.63,0.556
1.45,55.66,0.556
1.45,55.69,0.556
1.45,55.73,0.556
1.45,55.76,0.557
1.46,55.79,0.557
1.46,55.83,0.557
1.46,55.86,0.557
1.46,55.89,0.557
1.46,55.93,0.557
1.46,55.96,0.558
1.47,55.99,0.558
1.47,56.03,0.558
1.47,56.06,0.558
1.47,56.09,0.558
1.47,56.12,0.558
1.47,56.16,0.558
1.48,56.19,0.558
1.48,56.22,0.558
1.48,56.26,0.558
1.48,56.29,0.558
1.48,56.32,0.558
1.48,56.36,0.558
1.48,56.39,0.559
1.49,56.42,0.559
1.49,56.46,0.559
1.49,56.49,0.559
1.49,56.52,0.559
1.49,56.56,0.559
1.49,56.59,0.559
1.50,56.62,0.559
1.50,56.66,0.559
1.50,56.69,0.559
1.50,56.72,0.560
1.50,56.76,0.560
1.51,56.79,0.560
1.51,56.82,0.560
1.51,56.86,0.560
1.51,56.89,0.560
1.51,56.92,0.560
1.51,56.96,0.560
1.52,56.99,0.561
1.52,57.02,0.561
1.52,57.06,0.561
1.52,57.09,0.561
1.52,57.12,0.561
1.52,57.16,0.561
1.53,57.19,0.561
1.53,57.22,0.561
1.53,57.26,0.561
1.53,57.29,0.562
1.53,57.32,0.562
1.53,57.36,0.562
1.53,57.39,0.562
1.54,57.42,0.562
1.54,57.46,0.563
1.54,57.49,0.563
1.54,57.52,0.563
1.54,57.56,0.563
1.54,57.59,0.563
1.55,57.62,0.563
1.55,57.66,0.564
1.55,57.69,0.564
1.55,57.72,0.564
1.55,57.76,0.564
1.56,57.79,0.564
1.56,57.82,0.564
1.56,57.86,0.564
1.56,57.89,0.564
1.56,57.92,0.565
1.56,57.96,0.565
1.57,57.99,0.565
1.57,58.02,0.565
1.57,58.05,0.566
1.57,58.09,0.566
1.57,58.12,0.566
1.57,58.16,0.566
1.58,58.19,0.566
1.58,58.22,0.566
1.58,58.26,0.566
1.58,58.29,0.566
1.58,58.32,0.566
1.58,58.36,0.567
1.58,58.39,0.567
1.59,58.42,0.567
1.59,58.45,0.567
1.59,58.49,0.567
1.59,58.52,0.567
1.59,58.55,0.567
1.59,58.59,0.567
1.60,58.62,0.568
1.60,58.66,0.568
1.60,58.69,0.568
1.60,58.72,0.568
1.60,58.75,0.569
1.61,58.79,0.569
1.61,58.82,0.569
1.61,58.85,0.569
1.61,58.89,0.569
1.61,58.92,0.570
1.61,58.95,0.570
1.62,58.99,0.570
1.62,59.02,0.570
1.62,59.05,0.570
1.62,59.09,0.570
1.62,59.12,0.570
1.62,59.15,0.571
1.63,59.19,0.571
1.63,59.22,0.571
1.63,59.25,0.571
1.63,59.29,0.572
1.63,59.32,0.572
1.63,59.35,0.572
1.63,59.39,0.572
1.64,59.42,0.572
1.64,59.45,0.572
1.64,59.49,0.573
1.64,59.52,0.573
1.64,59.55,0.573
1.64,59.59,0.574
1.65,59.62,0.574
1.65,59.65,0.574
1.65,59.69,0.574
1.65,59.72,0.575
1.65,59.75,0.575
1.66,59.79,0.575
1.66,59.82,0.575
1.66,59.85,0.575
1.66,59.88,0.575
1.66,59.92,0.575
1.66,59.95,0.576
1.67,59.99,0.576
1.67,60.02,0.576
1.67,60.05,0.577
1.67,60.08,0.577
1.67,60.12,0.578
1.67,60.15,0.578
1.68,60.18,0.579
1.68,60.22,0.579
1.68,60.25,0.579
1.68,60.28,0.579
1.68,60.32,0.579
1.68,60.35,0.579
1.68,60.38,0.579
1.69,60.42,0.579
1.69,60.45,0.580
1.69,60.48,0.580
1.69,60.52,0.580
1.69,60.55,0.581
1.69,60.58,0.581
1.70,60.62,0.581
1.70,60.65,0.581
1.70,60.68,0.582
1.70,60.72,0.582
1.70,60.75,0.582
1.71,60.78,0.583
1.71,60.82,0.583
1.71,60.85,0.584
1.71,60.88,0.584
1.71,60.91,0.584
1.71,60.95,0.584
1.72,60.98,0.584
1.72,61.01,0.584
1.72,61.05,0.585
1.72,61.08,0.585
1.72,61.12,0.585
1.72,61.15,0.585
1.73,61.18,0.586
1.73,61.21,0.586
1.73,61.25,0.587
1.73,61.28,0.587
1.73,61.31,0.587
1.73,61.35,0.588
1.73,61.38,0.588
1.74,61.41,0.588
1.74,61.45,0.589
1.74,61.48,0.589
1.74,61.51,0.589
1.74,61.55,0.590
1.74,61.58,0.590
1.75,61.61,0.591
1.75,61.65,0.591
1.75,61.68,0.591
1.75,61.71,0.592
1.75,61.75,0.592
1.76,61.78,0.593
1.76,61.81,0.593
1.76,61.84,0.594
1.76,61.88,0.595
1.76,61.91,0.595
1.76,61.94,0.595
1.77,61.98,0.596
1.77,62.01,0.596
1.77,62.04,0.597
1.77,62.08,0.597
1.77,62.11,0.597
1.77,62.14,0.598
1.78,62.18,0.598
1.78,62.21,0.599
1.78,62.24,0.600
1.78,62.28,0.600
1.78,62.31,0.600
1.78,62.34,0.601
1.78,62.37,0.602
1.79,62.41,0.602
1.79,62.44,0.603
1.79,62.47,0.603
1.79,62.51,0.604
1.79,62.54,0.604
1.79,62.57,0.605
1.80,62.61,0.605
1.80,62.64,0.606
1.80,62.67,0.606
1.80,62.71,0.607
1.80,62.74,0.607
1.81,62.77,0.608
1.81,62.80,0.609
1.81,62.84,0.610
1.81,62.87,0.611
1.81,62.90,0.611
1.81,62.94,0.612
1.82,62.97,0.613
1.82,63.00,0.614
1.82,63.04,0.615
1.82,63.07,0.615
1.82,63.10,0.616
1.82,63.13,0.617
1.83,63.17,0.617
1.83,63.20,0.618
1.83,63.23,0.619
1.83,63.27,0.620
1.83,63.30,0.620
1.83,63.33,0.622
1.83,63.37,0.623
1.84,63.40,0.623
1.84,63.43,0.624
1.84,63.47,0.625
1.84,63.50,0.626
1.84,63.53,0.627
1.84,63.56,0.629
1.85,63.60,0.630
1.85,63.63,0.631
1.85,63.66,0.631
1.85,63.70,0.632
1.85,63.73,0.633
1.86,63.76,0.634
1.86,63.79,0.635
1.86,63.83,0.637
1.86,63.86,0.638
1.86,63.89,0.639
1.86,63.93,0.641
1.87,63.96,0.643
1.87,63.99,0.644
1.87,64.02,0.645
1.87,64.06,0.647
1.87,64.09,0.648
1.87,64.12,0.649
1.88,64.15,0.651
1.88,64.19,0.652
1.88,64.22,0.653
1.88,64.25,0.655
1.88,64.29,0.657
1.88,64.32,0.659
1.88,64.35,0.661
1.89,64.38,0.663
1.89,64.41,0.665
1.89,64.45,0.667
1.89,64.48,0.669
1.89,64.51,0.672
1.89,64.55,0.674
1.90,64.58,0.676
1.90,64.61,0.679
1.90,64.64,0.681
1.90,64.68,0.684
1.90,64.71,0.686
1.91,64.74,0.688
1.91,64.77,0.691
1.91,64.80,0.693
1.91,64.84,0.696
1.91,64.87,0.699
1.91,64.90,0.701
1.92,64.93,0.704
1.92,64.96,0.707
1.92,65.00,0.711
1.92,65.03,0.714
1.92,65.06,0.718
1.92,65.09,0.722
1.93,65.12,0.725
1.93,65.16,0.729
1.93,65.19,0.733
1.93,65.22,0.737
1.93,65.25,0.741
1.93,65.28,0.745
1.93,65.32,0.750
1.94,65.35,0.754
1.94,65.38,0.759
1.94,65.41,0.763
1.94,65.44,0.768
1.94,65.47,0.772
1.94,65.50,0.777
1.95,65.54,0.782
1.95,65.57,0.787
1.95,65.60,0.792
1.95,65.63,0.798
1.95,65.66,0.804
1.96,65.69,0.810
1.96,65.72,0.816
1.96,65.75,0.822
1.96,65.78,0.828
1.96,65.81,0.834
1.96,65.85,0.841
1.97,65.88,0.848
1.97,65.91,0.855
1.97,65.94,0.862
1.97,65.97,0.870
1.97,66.00,0.878
1.97,66.03,0.885
1.98,66.06,0.892
1.98,66.09,0.900
1.98,66.12,0.907
1.98,66.15,0.914
1.98,66.18,0.922
1.98,66.21,0.929
1.98,66.24,0.937
1.99,66.27,0.945
1.99,66.30,0.952
1.99,66.32,0.961
1.99,66.35,0.969
1.99,66.38,0.977
1.99,66.41,0.986
2.00,66.44,0.994
2.00,66.47,1.003
2.00,66.50,1.012
2.00,66.53,1.021
2.00,66.56,1.030
2.01,66.59,1.039
2.01,66.62,1.048
2.01,66.64,1.058
2.01,66.67,1.067
2.01,66.70,1.076
2.01,66.73,1.086
2.02,66.76,1.095
2.02,66.79,1.104
2.02,66.81,1.114
2.02,66.84,1.124
2.02,66.87,1.134
2.02,66.90,1.144
2.03,66.93,1.154
2.03,66.95,1.164
2.03,66.98,1.175
2.03,67.01,1.186
2.03,67.04,1.196
2.03,67.07,1.207
2.03,67.09,1.217
2.04,67.12,1.227
2.04,67.15,1.238
2.04,67.18,1.248
2.04,67.20,1.259
2.04,67.23,1.269
2.04,67.26,1.280
2.05,67.28,1.290
2.05,67.31,1.301
2.05,67.34,1.311
2.05,67.36,1.322
2.05,67.39,1.332
2.06,67.42,1.342
2.06,67.44,1.353
2.06,67.47,1.363
2.06,67.50,1.374
2.06,67.52,1.385
2.06,67.55,1.396
2.07,67.58,1.406
2.07,67.60,1.418
2.07,67.63,1.429
2.07,67.66,1.441
2.07,67.68,1.452
2.07,67.71,1.464
2.08,67.74,1.476
2.08,67.76,1.488
2.08,67.79,1.501
2.08,67.81,1.513
2.08,67.84,1.526
2.08,67.87,1.538
2.08,67.89,1.551
2.09,67.92,1.563
2.09,67.94,1.576
2.09,67.97,1.588
2.09,68.00,1.601
2.09,68.02,1.613
2.09,68.05,1.626
2.10,68.07,1.639
2.10,68.10,1.651
2.10,68.12,1.664
2.10,68.15,1.677
2.10,68.17,1.691
2.11,68.20,1.704
2.11,68.22,1.717
2.11,68.25,1.730
2.11,68.27,1.743
2.11,68.30,1.755
2.11,68.32,1.767
2.12,68.35,1.780
2.12,68.37,1.792
2.12,68.40,1.804
2.12,68.42,1.816
2.12,68.45,1.829
2.12,68.47,1.842
2.13,68.50,1.855
2.13,68.52,1.868
2.13,68.55,1.881
2.13,68.57,1.895
2.13,68.59,1.909
2.13,68.62,1.923
2.14,68.64,1.936
2.14,68.67,1.950
2.14,68.69,1.964
2.14,68.72,1.977
2.14,68.74,1.991
2.14,68.76,2.004
2.14,68.79,2.017
2.15,68.81,2.030
2.15,68.84,2.043
2.15,68.86,2.056
2.15,68.89,2.068
2.15,68.91,2.081
2.16,68.93,2.093
2.16,68.96,2.105
2.16,68.98,2.117
2.16,69.01,2.129
2.16,69.03,2.142
2.16,69.06,2.155
2.16,69.08,2.167
2.17,69.10,2.180
2.17,69.13,2.193
2.17,69.15,2.206
2.17,69.17,2.219
2.17,69.20,2.231
2.18,69.22,2.244
2.18,69.25,2.257
2.18,69.27,2.270
2.18,69.29,2.282
2.18,69.32,2.295
2.18,69.34,2.307
2.19,69.37,2.319
2.19,69.39,2.331
2.19,69.42,2.343
2.19,69.44,2.355
2.19,69.46,2.368
2.19,69.49,2.381
2.19,69.51,2.393
2.20,69.53,2.406
2.20,69.56,2.418
2.20,69.58,2.431
2.20,69.61,2.443
2.20,69.63,2.455
2.21,69.65,2.467
2.21,69.68,2.478
2.21,69.70,2.490
2.21,69.73,2.501
2.21,69.75,2.512
2.21,69.78,2.523
2.21,69.80,2.534
2.22,69.82,2.545
2.22,69.85,2.555
2.22,69.87,2.565
2.22,69.90,2.575
2.22,69.92,2.584
2.23,69.94,2.594
2.23,69.97,2.604
2.23,69.99,2.613
2.23,70.02,2.622
2.23,70.04,2.631
2.23,70.07,2.640
2.24,70.09,2.649
2.24,70.12,2.658
2.24,70.14,2.666
2.24,70.17,2.674
2.24,70.19,2.681
2.24,70.22,2.688
2.24,70.24,2.696
2.25,70.27,2.702
2.25,70.29,2.709
2.25,70.32,2.717
2.25,70.34,2.725
2.25,70.37,2.733
2.26,70.40,2.743
2.26,70.42,2.752
2.26,70.45,2.763
2.26,70.47,2.773
2.26,70.50,2.783
2.26,70.52,2.793
2.26,70.55,2.802
2.27,70.57,2.811
2.27,70.60,2.819
2.27,70.63,2.826
2.27,70.65,2.834
2.27,70.68,2.841
2.28,70.70,2.849
2.28,70.73,2.857
2.28,70.76,2.867
2.28,70.78,2.878
2.28,70.81,2.890
2.28,70.83,2.903
2.29,70.86,2.916
2.29,70.88,2.928
2.29,70.91,2.941
2.29,70.93,2.952
2.29,70.96,2.962
2.29,70.99,2.971
2.29,71.01,2.980
2.30,71.04,2.989
2.30,71.06,2.998
2.30,71.09,3.008
2.30,71.12,3.018
2.30,71.14,3.029
2.31,71.17,3.041
2.31,71.19,3.054
2.31,71.22,3.066
2.31,71.24,3.079
2.31,71.27,3.092
2.31,71.29,3.105
2.31,71.32,3.119
2.32,71.34,3.132
2.32,71.37,3.144
2.32,71.39,3.156
2.32,71.42,3.167
2.32,71.44,3.177
2.33,71.47,3.186
2.33,71.50,3.194
2.33,71.52,3.200
2.33,71.55,3.206
2.33,71.57,3.211
2.33,71.60,3.215
2.34,71.62,3.219
2.34,71.65,3.223
2.34,71.68,3.227
2.34,71.70,3.231
2.34,71.73,3.235
2.34,71.76,3.239
2.34,71.78,3.243
2.35,71.81,3.246
2.35,71.84,3.249
2.35,71.86,3.251
2.35,71.89,3.252
2.35,71.92,3.253
2.36,71.94,3.254
2.36,71.97,3.255
2.36,72.00,3.256
2.36,72.03,3.256
2.36,72.06,3.257
2.36,72.09,3.257
2.36,72.11,3.256
2.37,72.14,3.255
2.37,72.17,3.252
2.37,72.20,3.250
2.37,72.23,3.246
2.37,72.26,3.242
2.38,72.29,3.237
2.38,72.32,3.232
2.38,72.35,3.227
2.38,72.38,3.221
2.38,72.41,3.214
2.38,72.44,3.208
2.39,72.47,3.201
2.39,72.50,3.194
2.39,72.54,3.187
2.39,72.57,3.182
2.39,72.60,3.176
2.39,72.63,3.171
2.39,72.67,3.167
2.40,72.70,3.164
2.40,72.73,3.160
2.40,72.76,3.158
2.40,72.79,3.157
2.40,72.83,3.156
2.41,72.86,3.156
2.41,72.89,3.156
2.41,72.93,3.156
2.41,72.96,3.156
2.41,72.99,3.154
2.41,73.02,3.150
2.41,73.06,3.145
2.42,73.09,3.139
2.42,73.12,3.131
2.42,73.16,3.123
2.42,73.19,3.113
2.42,73.22,3.103
2.43,73.26,3.093
2.43,73.29,3.082
2.43,73.33,3.071
2.43,73.36,3.060
2.43,73.40,3.049
2.43,73.43,3.037
2.44,73.47,3.026
2.44,73.50,3.015
2.44,73.54,3.004
2.44,73.58,2.993
2.44,73.61,2.982
2.44,73.65,2.971
2.44,73.69,2.960
2.45,73.72,2.950
2.45,73.76,2.940
2.45,73.80,2.930
2.45,73.83,2.919
2.45,73.87,2.909
2.46,73.91,2.898
2.46,73.95,2.886
2.46,73.98,2.873
2.46,74.02,2.860
2.46,74.06,2.846
2.46,74.10,2.832
2.46,74.14,2.817
2.47,74.18,2.802
2.47,74.21,2.787
2.47,74.25,2.771
2.47,74.29,2.755
2.47,74.33,2.738
2.48,74.37,2.723
2.48,74.41,2.708
2.48,74.45,2.693
2.48,74.49,2.679
2.48,74.53,2.667
2.48,74.57,2.655
2.49,74.61,2.645
2.49,74.65,2.635
2.49,74.69,2.626
2.49,74.73,2.617
2.49,74.77,2.610
2.49,74.81,2.602
2.49,74.85,2.595
2.50,74.89,2.587
2.50,74.93,2.579
2.50,74.97,2.569
2.50,75.01,2.559
2.50,75.05,2.548
2.51,75.09,2.536
2.51,75.13,2.524
2.51,75.17,2.511
2.51,75.21,2.498
2.51,75.26,2.484
2.51,75.30,2.470
2.51,75.34,2.456
2.52,75.38,2.441
2.52,75.42,2.426
2.52,75.46,2.409
2.52,75.50,2.392
2.52,75.54,2.374
2.53,75.59,2.356
2.53,75.63,2.337
2.53,75.67,2.318
2.53,75.71,2.298
2.53,75.75,2.278
2.53,75.80,2.258
2.54,75.84,2.237
2.54,75.88,2.216
2.54,75.93,2.195
2.54,75.97,2.174
2.54,76.01,2.153
2.54,76.06,2.132
2.54,76.10,2.110
2.55,76.15,2.089
2.55,76.19,2.068
2.55,76.23,2.046
2.55,76.28,2.025
2.55,76.32,2.003
2.56,76.37,1.981
2.56,76.41,1.959
2.56,76.46,1.938
2.56,76.50,1.917
2.56,76.55,1.896
2.56,76.60,1.875
2.56,76.64,1.854
2.57,76.69,1.834
2.57,76.73,1.813
2.57,76.78,1.792
2.57,76.83,1.772
2.57,76.87,1.752
2.58,76.92,1.732
2.58,76.96,1.713
2.58,77.01,1.693
2.58,77.06,1.674
2.58,77.10,1.656
2.58,77.15,1.638
2.59,77.20,1.620
2.59,77.24,1.602
2.59,77.29,1.585
2.59,77.34,1.568
2.59,77.38,1.552
2.59,77.43,1.536
2.59,77.47,1.521
2.60,77.52,1.506
2.60,77.57,1.491
2.60,77.61,1.477
2.60,77.66,1.464
2.60,77.71,1.450
2.61,77.75,1.438
2.61,77.80,1.425
2.61,77.84,1.413
2.61,77.89,1.402
2.61,77.94,1.391
2.61,77.98,1.380
2.61,78.03,1.369
2.62,78.07,1.359
2.62,78.12,1.349
2.62,78.16,1.339
2.62,78.21,1.329
2.62,78.25,1.320
2.63,78.30,1.311
2.63,78.34,1.302
2.63,78.38,1.293
2.63,78.43,1.284
2.63,78.47,1.276
2.63,78.52,1.268
2.64,78.56,1.260
2.64,78.60,1.252
2.64,78.65,1.244
2.64,78.69,1.237
2.64,78.73,1.229
2.64,78.78,1.222
2.64,78.82,1.215
2.65,78.86,1.207
2.65,78.90,1.200
2.65,78.95,1.193
2.65,78.99,1.186
2.65,79.03,1.180
2.66,79.08,1.174
2.66,79.12,1.167
2.66,79.16,1.161
2.66,79.20,1.155
2.66,79.24,1.149
2.66,79.28,1.143
2.66,79.33,1.138
2.67,79.37,1.132
2.67,79.41,1.126
2.67,79.45,1.120
2.67,79.49,1.115
2.67,79.53,1.109
2.68,79.57,1.104
2.68,79.61,1.098
2.68,79.66,1.093
2.68,79.70,1.088
2.68,79.74,1.083
2.68,79.78,1.078
2.69,79.82,1.073
2.69,79.86,1.068
2.69,79.90,1.063
2.69,79.94,1.059
2.69,79.98,1.054
2.69,80.02,1.050
2.69,80.06,1.045
2.70,80.10,1.040
2.70,80.14,1.036
2.70,80.18,1.032
2.70,80.22,1.027
2.70,80.26,1.023
2.71,80.30,1.019
2.71,80.33,1.015
2.71,80.37,1.011
2.71,80.41,1.007
2.71,80.45,1.003
2.71,80.49,0.999
2.71,80.53,0.995
2.72,80.57,0.991
2.72,80.61,0.988
2.72,80.65,0.984
2.72,80.68,0.980
2.72,80.72,0.977
2.73,80.76,0.973
2.73,80.80,0.970
2.73,80.84,0.967
2.73,80.88,0.963
2.73,80.91,0.960
2.73,80.95,0.956
2.74,80.99,0.953
2.74,81.03,0.950
2.74,81.07,0.947
2.74,81.10,0.943
2.74,81.14,0.940
2.74,81.18,0.937
2.74,81.22,0.934
2.75,81.25,0.931
2.75,81.29,0.928
2.75,81.33,0.925
2.75,81.37,0.922
2.75,81.40,0.919
2.76,81.44,0.916
2.76,81.48,0.914
2.76,81.52,0.911
2.76,81.55,0.909
2.76,81.59,0.907
2.76,81.63,0.904
2.76,81.67,0.902
2.77,81.70,0.899
2.77,81.74,0.897
2.77,81.78,0.894
2.77,81.81,0.891
2.77,81.85,0.889
2.78,81.89,0.887
2.78,81.92,0.884
2.78,81.96,0.882
2.78,82.00,0.880
2.78,82.03,0.878
2.78,82.07,0.876
2.79,82.11,0.874
2.79,82.14,0.872
2.79,82.18,0.870
2.79,82.22,0.868
2.79,82.25,0.865
2.79,82.29,0.863
2.79,82.32,0.861
2.80,82.36,0.859
2.80,82.40,0.857
2.80,82.43,0.855
2.80,82.47,0.853
2.80,82.50,0.852
2.81,82.54,0.850
2.81,82.58,0.848
2.81,82.61,0.847
2.81,82.65,0.845
2.81,82.68,0.843
2.81,82.72,0.842
2.81,82.76,0.840
2.82,82.79,0.838
2.82,82.83,0.836
2.82,82.86,0.835
2.82,82.90,0.833
2.82,82.93,0.831
2.83,82.97,0.830
2.83,83.01,0.828
2.83,83.04,0.827
2.83,83.08,0.825
2.83,83.11,0.824
2.83,83.15,0.822
2.84,83.18,0.821
2.84,83.22,0.820
2.84,83.25,0.818
2.84,83.29,0.817
2.84,83.32,0.816
2.84,83.36,0.814
2.84,83.40,0.813
2.85,83.43,0.812
2.85,83.47,0.811
2.85,83.50,0.809
2.85,83.54,0.808
2.85,83.57,0.806
2.86,83.61,0.805
2.86,83.64,0.804
2.86,83.68,0.803
2.86,83.71,0.802
2.86,83.75,0.801
2.86,83.78,0.800
2.86,83.82,0.799
2.87,83.85,0.798
2.87,83.89,0.797
2.87,83.92,0.796
2.87,83.96,0.795
2.87,83.99,0.794
2.88,84.03,0.793
2.88,84.06,0.791
2.88,84.10,0.790
2.88,84.13,0.789
2.88,84.17,0.788
2.88,84.20,0.787
2.89,84.23,0.786
2.89,84.27,0.785
2.89,84.30,0.785
2.89,84.34,0.784
2.89,84.37,0.783
2.89,84.41,0.782
2.89,84.44,0.781
2.90,84.48,0.781
2.90,84.51,0.780
2.90,84.55,0.779
2.90,84.58,0.778
2.90,84.62,0.777
2.91,84.65,0.777
2.91,84.68,0.776
2.91,84.72,0.775
2.91,84.75,0.775
2.91,84.79,0.774
2.91,84.82,0.773
2.91,84.86,0.772
2.92,84.89,0.771
2.92,84.93,0.770
2.92,84.96,0.769
2.92,84.99,0.769
2.92,85.03,0.768
2.93,85.06,0.767
2.93,85.10,0.767
2.93,85.13,0.766
2.93,85.17,0.766
2.93,85.20,0.765
2.93,85.24,0.765
2.94,85.27,0.764
2.94,85.30,0.763
2.94,85.34,0.762
2.94,85.37,0.762
2.94,85.41,0.761
2.94,85.44,0.761
2.94,85.47,0.760
2.95,85.51,0.760
2.95,85.54,0.759
2.95,85.58,0.759
2.95,85.61,0.759
2.95,85.65,0.758
2.96,85.68,0.758
2.96,85.71,0.758
2.96,85.75,0.757
2.96,85.78,0.757
2.96,85.82,0.756
2.96,85.85,0.756
2.96,85.89,0.755
2.97,85.92,0.754
2.97,85.95,0.754
2.97,85.99,0.753
2.97,86.02,0.752
2.97,86.06,0.752
2.98,86.09,0.751
2.98,86.12,0.751
2.98,86.16,0.751
2.98,86.19,0.751
2.98,86.23,0.751
2.98,86.26,0.750
2.99,86.29,0.750
2.99,86.33,0.750
2.99,86.36,0.749
2.99,86.40,0.749
2.99,86.43,0.748
2.99,86.46,0.747
2.99,86.50,0.747
3.00,86.53,0.747
3.00,86.56,0.746
3.00,86.60,0.746
3.00,86.63,0.746
3.00,86.67,0.746
3.01,86.70,0.746
3.01,86.73,0.745
3.01,86.77,0.745
3.01,86.80,0.745
3.01,86.84,0.744
3.01,86.87,0.744
3.01,86.90,0.744
3.02,86.94,0.743
3.02,86.97,0.743
3.02,87.01,0.743
3.02,87.04,0.743
3.02,87.07,0.742
3.03,87.11,0.742
3.03,87.14,0.742
3.03,87.17,0.741
3.03,87.21,0.741
3.03,87.24,0.741
3.03,87.28,0.740
3.04,87.31,0.740
3.04,87.34,0.740
3.04,87.38,0.740
3.04,87.41,0.740
3.04,87.45,0.740
3.04,87.48,0.740
3.04,87.51,0.740
3.05,87.55,0.739
3.05,87.58,0.739
3.05,87.61,0.739
3.05,87.65,0.739
3.05,87.68,0.738
3.06,87.71,0.738
3.06,87.75,0.738
3.06,87.78,0.738
3.06,87.82,0.738
3.06,87.85,0.738
3.06,87.88,0.737
3.06,87.92,0.737
3.07,87.95,0.737
3.07,87.98,0.737
3.07,88.02,0.736
3.07,88.05,0.736
3.07,88.09,0.736
3.08,88.12,0.736
3.08,88.15,0.735
3.08,88.19,0.735
3.08,88.22,0.735
3.08,88.25,0.735
3.08,88.29,0.735
3.09,88.32,0.735
3.09,88.35,0.735
3.09,88.39,0.735
3.09,88.42,0.735
3.09,88.46,0.735
3.09,88.49,0.734
3.09,88.52,0.734
3.10,88.56,0.734
3.10,88.59,0.734
3.10,88.62,0.734
3.10,88.66,0.734
3.10,88.69,0.734
3.11,88.72,0.733
3.11,88.76,0.733
3.11,88.79,0.733
3.11,88.82,0.733
3.11,88.86,0.733
3.11,88.89,0.733
3.11,88.93,0.733
3.12,88.96,0.733
3.12,88.99,0.733
3.12,89.03,0.732
3.12,89.06,0.732
3.12,89.09,0.732
3.13,89.13,0.732
3.13,89.16,0.732
3.13,89.19,0.732
3.13,89.23,0.732
3.13,89.26,0.732
3.13,89.30,0.732
3.14,89.33,0.732
3.14,89.36,0.731
3.14,89.40,0.731
3.14,89.43,0.731
3.14,89.46,0.731
3.14,89.50,0.731
3.14,89.53,0.731
3.15,89.56,0.731
3.15,89.60,0.731
3.15,89.63,0.731
3.15,89.67,0.731
3.15,89.70,0.731
3.16,89.73,0.731
3.16,89.77,0.731
3.16,89.80,0.731
3.16,89.83,0.731
3.16,89.87,0.731
3.16,89.90,0.731
3.16,89.93,0.731
3.17,89.97,0.730
3.17,90.00,0.730
3.17,90.03,0.730
3.17,90.07,0.730
3.17,90.10,0.730
3.18,90.13,0.730
3.18,90.17,0.730
3.18,90.20,0.730
3.18,90.24,0.730
3.18,90.27,0.730
3.18,90.30,0.730
3.19,90.33,0.730
3.19,90.37,0.730
3.19,90.40,0.730
3.19,90.44,0.730
3.19,90.47,0.730
3.19,90.50,0.730
3.19,90.54,0.730
3.20,90.57,0.730
3.20,90.60,0.730
3.20,90.64,0.730
3.20,90.67,0.730
3.20,90.70,0.730
3.21,90.74,0.730
3.21,90.77,0.730
3.21,90.81,0.730
3.21,90.84,0.730
3.21,90.87,0.730
3.21,90.91,0.730
3.21,90.94,0.730
3.22,90.97,0.730
3.22,91.01,0.730
3.22,91.04,0.730
3.22,91.07,0.730
3.22,91.11,0.730
3.23,91.14,0.730
3.23,91.17,0.730
3.23,91.21,0.730
3.23,91.24,0.730
3.23,91.27,0.730
3.23,91.31,0.730
3.24,91.34,0.730
3.24,91.37,0.730
3.24,91.41,0.730
3.24,91.44,0.730
3.24,91.47,0.730
3.24,91.51,0.730
3.24,91.54,0.730
3.25,91.57,0.730
3.25,91.61,0.730
3.25,91.64,0.730
3.25,91.68,0.730
3.25,91.71,0.730
3.26,91.74,0.730
3.26,91.77,0.730
3.26,91.81,0.730
3.26,91.84,0.730
3.26,91.88,0.730
3.26,91.91,0.730
3.26,91.94,0.730
3.27,91.98,0.730
3.27,92.01,0.730
3.27,92.04,0.730
3.27,92.08,0.730
3.27,92.11,0.730
3.28,92.14,0.730
3.28,92.18,0.730
3.28,92.21,0.730
3.28,92.24,0.729
3.28,92.28,0.729
3.28,92.31,0.729
3.29,92.34,0.729
3.29,92.38,0.729
3.29,92.41,0.729
3.29,92.44,0.729
3.29,92.48,0.729
3.29,92.51,0.729
3.29,92.54,0.729
3.30,92.58,0.729
3.30,92.61,0.729
3.30,92.65,0.729
3.30,92.68,0.729
3.30,92.71,0.729
3.31,92.75,0.729
3.31,92.78,0.729
3.31,92.81,0.729
3.31,92.85,0.729
3.31,92.88,0.729
3.31,92.91,0.729
3.31,92.95,0.729
3.32,92.98,0.729
3.32,93.01,0.729
3.32,93.05,0.729
3.32,93.08,0.729
3.32,93.11,0.729
3.33,93.15,0.729
3.33,93.18,0.729
3.33,93.21,0.729
3.33,93.25,0.729
3.33,93.28,0.729
3.33,93.31,0.729
3.34,93.35,0.729
3.34,93.38,0.729
3.34,93.41,0.729
3.34,93.45,0.729
3.34,93.48,0.729
3.34,93.51,0.729
3.34,93.55,0.729
3.35,93.58,0.729
3.35,93.62,0.729
3.35,93.65,0.729
3.35,93.68,0.729
3.35,93.72,0.729
3.36,93.75,0.729
3.36,93.78,0.729
3.36,93.82,0.729
3.36,93.85,0.729
3.36,93.88,0.729
3.36,93.92,0.729
3.36,93.95,0.729
3.37,93.98,0.729
3.37,94.02,0.729
3.37,94.05,0.729
3.37,94.08,0.729
3.37,94.11,0.729
3.38,94.15,0.729
3.38,94.18,0.729
3.38,94.22,0.729
3.38,94.25,0.729
3.38,94.28,0.729
3.38,94.32,0.729
3.39,94.35,0.729
3.39,94.38,0.729
3.39,94.42,0.729
3.39,94.45,0.729
3.39,94.48,0.729
3.39,94.52,0.729
3.39,94.55,0.729
3.40,94.58,0.729
3.40,94.62,0.729
3.40,94.65,0.729
3.40,94.68,0.729
3.40,94.72,0.729
3.41,94.75,0.729
3.41,94.78,0.729
3.41,94.82,0.729
3.41,94.85,0.729
3.41,94.88,0.729
3.41,94.92,0.729
3.41,94.95,0.729
3.42,94.98,0.729
3.42,95.02,0.729
3.42,95.05,0.729
3.42,95.09,0.729
3.42,95.12,0.729
3.43,95.15,0.729
3.43,95.19,0.729
3.43,95.22,0.729
3.43,95.25,0.729
3.43,95.28,0.729
3.43,95.32,0.729
3.44,95.35,0.729
3.44,95.39,0.729
3.44,95.42,0.729
3.44,95.45,0.729
3.44,95.49,0.729
3.44,95.52,0.729
3.44,95.55,0.729
3.45,95.59,0.729
3.45,95.62,0.729
3.45,95.65,0.729
3.45,95.69,0.729
3.45,95.72,0.729
3.46,95.75,0.729
3.46,95.79,0.729
3.46,95.82,0.729
3.46,95.85,0.729
3.46,95.89,0.729
3.46,95.92,0.729
3.46,95.95,0.729
3.47,95.99,0.729
3.47,96.02,0.729
3.47,96.05,0.729
3.47,96.09,0.729
3.47,96.12,0.729
3.48,96.15,0.729
3.48,96.19,0.729
3.48,96.22,0.729
3.48,96.25,0.729
3.48,96.29,0.729
3.48,96.32,0.729
3.49,96.36,0.729
3.49,96.39,0.729
3.49,96.42,0.729
3.49,96.45,0.729
3.49,96.49,0.729
3.49,96.52,0.729
3.49,96.56,0.729
3.50,96.59,0.729
3.50,96.62,0.729
3.50,96.65,0.729
3.50,96.69,0.729
3.50,96.72,0.729
3.51,96.75,0.730
3.51,96.79,0.730
3.51,96.82,0.730
3.51,96.86,0.730
3.51,96.89,0.730
3.51,96.92,0.730
3.51,96.96,0.730
3.52,96.99,0.730
3.52,97.02,0.730
3.52,97.06,0.730
3.52,97.09,0.730
3.52,97.12,0.730
3.53,97.16,0.730
3.53,97.19,0.730
3.53,97.22,0.730
3.53,97.26,0.730
3.53,97.29,0.730
3.53,97.32,0.730
3.54,97.36,0.730
3.54,97.39,0.730
3.54,97.42,0.730
3.54,97.46,0.730
3.54,97.49,0.730
3.54,97.52,0.730
3.54,97.56,0.730
3.55,97.59,0.730
3.55,97.62,0.730
3.55,97.66,0.730
3.55,97.69,0.730
3.55,97.72,0.730
3.56,97.76,0.730
3.56,97.79,0.730
3.56,97.82,0.730
3.56,97.86,0.730
3.56,97.89,0.730
3.56,97.92,0.730
3.56,97.96,0.730
3.57,97.99,0.730
3.57,98.02,0.730
3.57,98.06,0.730
3.57,98.09,0.730
3.57,98.12,0.730
3.58,98.16,0.730
3.58,98.19,0.730
3.58,98.23,0.730
3.58,98.26,0.730
3.58,98.29,0.730
3.58,98.33,0.730
3.59,98.36,0.730
3.59,98.39,0.730
3.59,98.43,0.730
3.59,98.46,0.730
3.59,98.49,0.730
3.59,98.53,0.730
3.59,98.56,0.730
3.60,98.59,0.730
3.60,98.63,0.730
3.60,98.66,0.730
3.60,98.69,0.730
3.60,98.73,0.730
3.61,98.76,0.730
3.61,98.79,0.730
3.61,98.83,0.730
3.61,98.86,0.730
3.61,98.89,0.730
3.61,98.93,0.730
3.61,98.96,0.730
3.62,98.99,0.730
3.62,99.03,0.730
3.62,99.06,0.731
3.62,99.09,0.731
3.62,99.13,0.731
3.63,99.16,0.731
3.63,99.19,0.731
3.63,99.23,0.731
3.63,99.26,0.731
3.63,99.29,0.731
3.63,99.33,0.731
3.64,99.36,0.731
3.64,99.39,0.731
3.64,99.43,0.731
3.64,99.46,0.731
3.64,99.50,0.731
3.64,99.53,0.731
3.64,99.56,0.731
3.65,99.59,0.731
3.65,99.63,0.731
3.65,99.66,0.731
3.65,99.69,0.731
3.65,99.73,0.731
3.66,99.76,0.731
3.66,99.80,0.731
3.66,99.83,0.731
3.66,99.86,0.731
3.66,99.90,0.731
3.66,99.93,0.731
3.66,99.96,0.731
3.67,100.00,0.731
3.67,100.03,0.731
3.67,100.06,0.731
3.67,100.10,0.731
3.67,100.13,0.731
3.68,100.16,0.731
3.68,100.20,0.731
3.68,100.23,0.731
3.68,100.26,0.731
3.68,100.30,0.731
3.68,100.33,0.731
3.69,100.36,0.731
3.69,100.40,0.731
3.69,100.43,0.731
3.69,100.46,0.731
3.69,100.50,0.731
3.69,100.53,0.731
3.69,100.56,0.731
3.70,100.60,0.731
3.70,100.63,0.731
3.70,100.66,0.731
3.70,100.70,0.731
3.70,100.73,0.731
3.71,100.76,0.731
3.71,100.80,0.732
3.71,100.83,0.732
3.71,100.86,0.732
3.71,100.90,0.732
3.71,100.93,0.732
3.71,100.96,0.732
3.72,101.00,0.732
3.72,101.03,0.732
3.72,101.06,0.732
3.72,101.10,0.732
3.72,101.13,0.732
3.73,101.16,0.732
3.73,101.20,0.732
3.73,101.23,0.732
3.73,101.27,0.732
3.73,101.30,0.732
3.73,101.33,0.732
3.74,101.37,0.732
3.74,101.40,0.732
3.74,101.43,0.732
3.74,101.47,0.732
3.74,101.50,0.732
3.74,101.53,0.732
3.74,101.57,0.732
3.75,101.60,0.732
3.75,101.63,0.732
3.75,101.67,0.732
3.75,101.70,0.732
3.75,101.73,0.732
3.76,101.77,0.732
3.76,101.80,0.732
3.76,101.83,0.732
3.76,101.87,0.732
3.76,101.90,0.733
3.76,101.93,0.733
3.76,101.97,0.733
3.77,102.00,0.733
3.77,102.03,0.733
3.77,102.07,0.733
3.77,102.10,0.733
3.77,102.13,0.733
3.78,102.17,0.733
3.78,102.20,0.733
3.78,102.23,0.733
3.78,102.27,0.733
3.78,102.30,0.733
3.78,102.33,0.733
3.79,102.37,0.733
3.79,102.40,0.733
3.79,102.43,0.733
3.79,102.47,0.733
3.79,102.50,0.733
3.79,102.54,0.733
3.79,102.57,0.733
3.80,102.60,0.733
3.80,102.63,0.733
3.80,102.67,0.733
3.80,102.70,0.733
3.80,102.73,0.733
3.81,102.77,0.733
3.81,102.80,0.733
3.81,102.84,0.733
3.81,102.87,0.733
3.81,102.90,0.733
3.81,102.94,0.733
3.81,102.97,0.733
3.82,103.00,0.733
3.82,103.04,0.733
3.82,103.07,0.733
3.82,103.10,0.733
3.82,103.14,0.733
3.83,103.17,0.733
3.83,103.20,0.734
3.83,103.24,0.734
3.83,103.27,0.734
3.83,103.30,0.734
3.83,103.34,0.734
3.84,103.37,0.734
3.84,103.40,0.734
3.84,103.44,0.734
3.84,103.47,0.734
3.84,103.50,0.734
3.84,103.54,0.734
3.84,103.57,0.734
3.85,103.60,0.734
3.85,103.64,0.734
3.85,103.67,0.734
3.85,103.70,0.734
3.85,103.74,0.734
3.86,103.77,0.734
3.86,103.81,0.734
3.86,103.84,0.734
3.86,103.87,0.734
3.86,103.90,0.734
3.86,103.94,0.734
3.86,103.97,0.734
3.87,104.01,0.734
3.87,104.04,0.734
3.87,104.07,0.734
3.87,104.10,0.734
3.87,104.14,0.734
3.88,104.17,0.734
3.88,104.21,0.734
3.88,104.24,0.734
3.88,104.27,0.734
3.88,104.30,0.734
3.88,104.34,0.734
3.89,104.37,0.734
3.89,104.40,0.734
3.89,104.44,0.734
3.89,104.47,0.734
3.89,104.51,0.734
3.89,104.54,0.734
3.89,104.57,0.735
3.90,104.61,0.735
3.90,104.64,0.735
3.90,104.67,0.735
3.90,104.71,0.735
3.90,104.74,0.735
3.91,104.77,0.735
3.91,104.81,0.735
3.91,104.84,0.735
3.91,104.87,0.735
3.91,104.91,0.735
3.91,104.94,0.735
3.91,104.97,0.735
3.92,105.01,0.735
3.92,105.04,0.735
3.92,105.07,0.735
3.92,105.11,0.735
3.92,105.14,0.735
3.93,105.17,0.735
3.93,105.21,0.735
3.93,105.24,0.735
3.93,105.27,0.735
3.93,105.31,0.735
3.93,105.34,0.735
3.94,105.37,0.735
3.94,105.41,0.735
3.94,105.44,0.735
3.94,105.47,0.735
3.94,105.51,0.735
3.94,105.54,0.735
3.94,105.57,0.735
3.95,105.61,0.735
3.95,105.64,0.735
3.95,105.67,0.735
3.95,105.71,0.735
3.95,105.74,0.735
3.96,105.78,0.735
3.96,105.81,0.735
3.96,105.84,0.735
3.96,105.87,0.735
3.96,105.91,0.735
3.96,105.94,0.736
3.96,105.97,0.736
3.97,106.01,0.736
3.97,106.04,0.736
3.97,106.07,0.736
3.97,106.11,0.736
3.97,106.14,0.736
3.98,106.18,0.736
3.98,106.21,0.736
3.98,106.24,0.736
3.98,106.28,0.736
3.98,106.31,0.736
3.98,106.34,0.736
3.99,106.38,0.736
3.99,106.41,0.736
3.99,106.44,0.736
3.99,106.48,0.736
3.99,106.51,0.736
3.99,106.54,0.736
3.99,106.57,0.736
4.00,106.61,0.736
4.00,106.64,0.736
4.00,106.68,0.736
4.00,106.71,0.736
4.00,106.74,0.736
4.01,106.78,0.736
4.01,106.81,0.736
4.01,106.84,0.736
4.01,106.88,0.736
4.01,106.91,0.737
4.01,106.94,0.737
4.01,106.98,0.737
4.02,107.01,0.737
4.02,107.04,0.737
4.02,107.08,0.737
4.02,107.11,0.737
4.02,107.14,0.737
4.03,107.18,0.737
4.03,107.21,0.737
4.03,107.25,0.737
4.03,107.28,0.737
4.03,107.31,0.737
4.03,107.34,0.737
4.04,107.38,0.737
4.04,107.41,0.737
4.04,107.44,0.737
4.04,107.48,0.737
4.04,107.51,0.737
4.04,107.54,0.737
4.04,107.58,0.737
4.05,107.61,0.737
4.05,107.64,0.737
4.05,107.68,0.737
4.05,107.71,0.737
4.05,107.75,0.737
4.06,107.78,0.737
4.06,107.81,0.737
4.06,107.85,0.738
4.06,107.88,0.738
4.06,107.91,0.738
4.06,107.95,0.738
4.06,107.98,0.738
4.07,108.01,0.738
4.07,108.05,0.738
4.07,108.08,0.738
4.07,108.11,0.738
4.07,108.15,0.738
4.08,108.18,0.738
4.08,108.21,0.738
4.08,108.25,0.738
4.08,108.28,0.738
4.08,108.31,0.738
4.08,108.35,0.738
4.09,108.38,0.738
4.09,108.41,0.738
4.09,108.45,0.738
4.09,108.48,0.738
4.09,108.51,0.738
4.09,108.55,0.738
4.09,108.58,0.738
4.10,108.61,0.738
4.10,108.65,0.738
4.10,108.68,0.738
4.10,108.71,0.738
4.10,108.75,0.738
4.11,108.78,0.738
4.11,108.81,0.738
4.11,108.85,0.738
4.11,108.88,0.738
4.11,108.91,0.738
4.11,108.95,0.738
4.11,108.98,0.738
4.12,109.01,0.738
4.12,109.05,0.738
4.12,109.08,0.738
4.12,109.11,0.739
4.12,109.15,0.739
4.13,109.18,0.739
4.13,109.21,0.739
4.13,109.25,0.739
4.13,109.28,0.739
4.13,109.32,0.739
4.13,109.35,0.739
4.14,109.38,0.739
4.14,109.41,0.739
4.14,109.45,0.739
4.14,109.48,0.739
4.14,109.51,0.739
4.14,109.55,0.739
4.14,109.58,0.739
4.15,109.61,0.739
4.15,109.65,0.739
4.15,109.68,0.739
4.15,109.72,0.739
4.15,109.75,0.739
4.16,109.78,0.739
4.16,109.81,0.739
4.16,109.85,0.739
4.16,109.88,0.739
4.16,109.92,0.739
4.16,109.95,0.739
4.16,109.98,0.739
4.17,110.02,0.739
4.17,110.05,0.739
4.17,110.08,0.739
4.17,110.12,0.739
4.17,110.15,0.739
4.18,110.18,0.739
4.18,110.22,0.739
4.18,110.25,0.739
4.18,110.28,0.739
4.18,110.32,0.739
4.18,110.35,0.739
4.19,110.38,0.739
4.19,110.42,0.739
4.19,110.45,0.739
4.19,110.48,0.739
4.19,110.52,0.740
4.19,110.55,0.740
4.19,110.58,0.740
4.20,110.62,0.740
4.20,110.65,0.740
4.20,110.68,0.740
4.20,110.72,0.740
4.20,110.75,0.740
4.21,110.78,0.740
4.21,110.82,0.740
4.21,110.85,0.740
4.21,110.89,0.740
4.21,110.92,0.740
4.21,110.95,0.740
4.21,110.99,0.740
4.22,111.02,0.740
4.22,111.05,0.740
4.22,111.08,0.740
4.22,111.12,0.740
4.22,111.15,0.740
4.23,111.18,0.740
4.23,111.22,0.740
4.23,111.25,0.740
4.23,111.29,0.740
4.23,111.32,0.740
4.23,111.35,0.740
4.24,111.39,0.740
4.24,111.42,0.740
4.24,111.45,0.740
4.24,111.48,0.740
4.24,111.52,0.740
4.24,111.55,0.741
4.24,111.59,0.741
4.25,111.62,0.741
4.25,111.65,0.741
4.25,111.69,0.741
4.25,111.72,0.741
4.25,111.75,0.741
4.26,111.79,0.741
4.26,111.82,0.741
4.26,111.85,0.741
4.26,111.89,0.741
4.26,111.92,0.741
4.26,111.95,0.741
4.26,111.99,0.741
4.27,112.02,0.741
4.27,112.05,0.741
4.27,112.09,0.741
4.27,112.12,0.741
4.27,112.15,0.741
4.28,112.19,0.741
4.28,112.22,0.741
4.28,112.25,0.741
4.28,112.29,0.741
4.28,112.32,0.741
4.28,112.35,0.741
4.29,112.39,0.741
4.29,112.42,0.741
4.29,112.45,0.741
4.29,112.49,0.741
4.29,112.52,0.741
4.29,112.56,0.741
4.30,112.59,0.742
4.30,112.62,0.742
4.30,112.65,0.742
4.30,112.69,0.742
4.30,112.72,0.742
4.30,112.75,0.742
4.30,112.79,0.742
4.31,112.82,0.742
4.31,112.85,0.742
4.31,112.89,0.742
4.31,112.92,0.742
4.31,112.96,0.742
4.31,112.99,0.742
4.32,113.02,0.742
4.32,113.05,0.742
4.32,113.09,0.742
4.32,113.12,0.742
4.32,113.15,0.742
4.33,113.19,0.742
4.33,113.22,0.742
4.33,113.25,0.742
4.33,113.29,0.742
4.33,113.32,0.742
4.33,113.35,0.742
4.34,113.39,0.742
4.34,113.42,0.742
4.34,113.46,0.742
4.34,113.49,0.742
4.34,113.52,0.742
4.34,113.56,0.742
4.35,113.59,0.743
4.35,113.62,0.743
4.35,113.66,0.743
4.35,113.69,0.743
4.35,113.72,0.743
4.35,113.76,0.744
4.35,113.79,0.745
4.36,113.82,0.746
4.36,113.86,0.747
4.36,113.89,0.748
4.36,113.92,0.748
4.36,113.96,0.748
4.36,113.99,0.748
4.37,114.02,0.748
4.37,114.06,0.748
4.37,114.09,0.748
4.37,114.12,0.748
4.37,114.16,0.748
4.38,114.19,0.748
4.38,114.22,0.748
4.38,114.26,0.748
4.38,114.29,0.748
4.38,114.32,0.748
4.38,114.36,0.748
4.39,114.39,0.748
4.39,114.42,0.748
4.39,114.46,0.748
4.39,114.49,0.748
4.39,114.52,0.748
4.39,114.56,0.748
4.40,114.59,0.748
4.40,114.62,0.748
4.40,114.66,0.748
4.40,114.69,0.748
4.40,114.72,0.748
4.40,114.76,0.748
4.40,114.79,0.748
4.41,114.83,0.748
4.41,114.86,0.748
4.41,114.89,0.748
4.41,114.92,0.748
4.41,114.96,0.748
4.41,114.99,0.748
4.42,115.02,0.748
4.42,115.06,0.748
4.42,115.09,0.748
4.42,115.12,0.748
4.42,115.16,0.748
4.43,115.19,0.748
4.43,115.22,0.748
4.43,115.26,0.748
4.43,115.29,0.748
4.43,115.33,0.748
4.43,115.36,0.748
4.44,115.39,0.748
4.44,115.43,0.748
4.44,115.46,0.748
4.44,115.49,0.748
4.44,115.53,0.748
4.44,115.56,0.748
4.45,115.59,
4.45,115.62,
4.45,115.66,
4.45,115.69,
4.45,115.73,
4.45,115.76,
4.45,115.79,
4.46,115.83,
4.46,115.86,
4.46,115.89,
4.46,115.93,
4.46,115.96,
4.46,115.99,
4.47,116.03,
4.47,116.06,
4.47,116.09,
4.47,116.13,
4.47,116.16,
4.48,116.19,
4.48,116.23,
4.48,116.26,
4.48,116.29,
4.48,116.33,
4.48,116.36,
4.49,116.39,
4.49,116.43,
4.49,116.46,
4.49,116.49,
4.49,116.53,
4.49,116.56,
4.50,,
4.50,,
4.50,,
4.50,,
4.50,,

[step]
Ramp 20.00 °C/min to 30.00 °C
Time,Temperature,Heat Flow (Normalized)
min,°C,W/g
4.60,118.55,0.704
4.60,118.57,0.724
4.61,118.59,0.722
4.61,118.61,0.720
4.61,118.64,0.717
4.61,118.66,0.714
4.61,118.68,0.712
4.61,118.70,0.709
4.62,118.72,0.706
4.62,118.74,0.702
4.62,118.75,0.699
4.62,118.77,0.696
4.62,118.79,0.693
4.63,118.81,0.689
4.63,118.83,0.685
4.63,118.84,0.681
4.63,118.86,0.677
4.63,118.88,0.673
4.63,118.89,0.669
4.64,118.91,0.664
4.64,118.92,0.659
4.64,118.94,0.655
4.64,118.95,0.650
4.64,118.97,0.645
4.64,118.98,0.640
4.65,118.99,0.635
4.65,119.01,0.629
4.65,119.02,0.624
4.65,119.03,0.618
4.65,119.04,0.612
4.65,119.05,0.607
4.65,119.07,0.601
4.66,119.08,0.595
4.66,119.09,0.589
4.66,119.10,0.583
4.66,119.11,0.577
4.66,119.12,0.571
4.66,119.13,0.564
4.67,119.13,0.558
4.67,119.14,0.551
4.67,119.15,0.544
4.67,119.16,0.537
4.67,119.16,0.530
4.68,119.17,0.522
4.68,119.18,0.515
4.68,119.18,0.508
4.68,119.19,0.500
4.68,119.19,0.492
4.68,119.20,0.484
4.69,119.20,0.476
4.69,119.20,0.469
4.69,119.20,0.461
4.69,119.21,0.453
4.69,119.21,0.445
4.69,119.21,0.437
4.70,119.21,0.429
4.70,119.21,0.420
4.70,119.21,0.411
4.70,119.21,0.402
4.70,119.21,0.393
4.70,119.21,0.384
4.70,119.21,0.374
4.71,119.20,0.365
4.71,119.20,0.355
4.71,119.20,0.345
4.71,119.19,0.335
4.71,119.19,0.325
4.71,119.18,0.315
4.72,119.18,0.306
4.72,119.17,0.296
4.72,119.17,0.286
4.72,119.16,0.276
4.72,119.15,0.265
4.73,119.15,0.255
4.73,119.14,0.244
4.73,119.13,0.233
4.73,119.12,0.223
4.73,119.11,0.212
4.73,119.10,0.201
4.74,119.10,0.191
4.74,119.08,0.180
4.74,119.07,0.169
4.74,119.06,0.158
4.74,119.05,0.147
4.74,119.04,0.137
4.75,119.03,0.126
4.75,119.02,0.115
4.75,119.00,0.104
4.75,118.99,0.093
4.75,118.98,0.083
4.75,118.97,0.072
4.75,118.95,0.061
4.76,118.94,0.050
4.76,118.93,0.040
4.76,118.91,0.029
4.76,118.90,0.019
4.76,118.88,0.008
4.76,118.87,-0.002
4.77,118.85,-0.012
4.77,118.84,-0.023
4.77,118.82,-0.033
4.77,118.80,-0.043
4.77,118.79,-0.053
4.78,118.77,-0.063
4.78,118.75,-0.072
4.78,118.73,-0.082
4.78,118.72,-0.092
4.78,118.70,-0.101
4.78,118.68,-0.111
4.79,118.66,-0.120
4.79,118.65,-0.129
4.79,118.63,-0.138
4.79,118.61,-0.147
4.79,118.59,-0.156
4.79,118.57,-0.165
4.80,118.55,-0.173
4.80,118.53,-0.182
4.80,118.51,-0.190
4.80,118.49,-0.198
4.80,118.47,-0.206
4.80,118.45,-0.215
4.80,118.43,-0.223
4.81,118.41,-0.231
4.81,118.39,-0.238
4.81,118.37,-0.246
4.81,118.35,-0.254
4.81,118.33,-0.262
4.81,118.31,-0.269
4.82,118.29,-0.276
4.82,118.27,-0.283
4.82,118.24,-0.290
4.82,118.22,-0.297
4.82,118.20,-0.304
4.83,118.18,-0.311
4.83,118.16,-0.317
4.83,118.13,-0.324
4.83,118.11,-0.330
4.83,118.09,-0.336
4.83,118.07,-0.343
4.84,118.04,-0.349
4.84,118.02,-0.355
4.84,118.00,-0.361
4.84,117.97,-0.367
4.84,117.95,-0.373
4.84,117.93,-0.378
4.85,117.90,-0.384
4.85,117.88,-0.390
4.85,117.86,-0.395
4.85,117.83,-0.400
4.85,117.81,-0.406
4.85,117.78,-0.411
4.85,117.76,-0.416
4.86,117.74,-0.421
4.86,117.71,-0.426
4.86,117.69,-0.431
4.86,117.66,-0.436
4.86,117.64,-0.441
4.86,117.61,-0.446
4.87,117.59,-0.451
4.87,117.56,-0.456
4.87,117.54,-0.460
4.87,117.51,-0.465
4.87,117.49,-0.469
4.88,117.46,-0.474
4.88,117.43,-0.478
4.88,117.41,-0.482
4.88,117.38,-0.486
4.88,117.36,-0.491
4.88,117.33,-0.495
4.89,117.30,-0.499
4.89,117.28,-0.503
4.89,117.25,-0.507
4.89,117.23,-0.511
4.89,117.20,-0.515
4.89,117.17,-0.518
4.90,117.15,-0.522
4.90,117.12,-0.525
4.90,117.09,-0.529
4.90,117.07,-0.532
4.90,117.04,-0.536
4.90,117.01,-0.540
4.90,116.99,-0.543
4.91,116.96,-0.547
4.91,116.93,-0.550
4.91,116.90,-0.554
4.91,116.88,-0.557
4.91,116.85,-0.560
4.91,116.82,-0.563
4.92,116.79,-0.566
4.92,116.77,-0.569
4.92,116.74,-0.573
4.92,116.71,-0.576
4.92,116.68,-0.579
4.93,116.65,-0.582
4.93,116.63,-0.585
4.93,116.60,-0.588
4.93,116.57,-0.591
4.93,116.54,-0.594
4.93,116.51,-0.596
4.94,116.48,-0.599
4.94,116.46,-0.601
4.94,116.43,-0.604
4.94,116.40,-0.607
4.94,116.37,-0.609
4.94,116.34,-0.612
4.95,116.31,-0.614
4.95,116.28,-0.617
4.95,116.26,-0.620
4.95,116.23,-0.622
4.95,116.20,-0.624
4.95,116.17,-0.627
4.95,116.14,-0.628
4.96,116.11,-0.631
4.96,116.08,-0.633
4.96,116.05,-0.636
4.96,116.02,-0.638
4.96,116.00,-0.640
4.96,115.97,-0.642
4.97,115.94,-0.644
4.97,115.91,-0.646
4.97,115.88,-0.648
4.97,115.85,-0.650
4.97,115.82,-0.652
4.98,115.79,-0.654
4.98,115.76,-0.656
4.98,115.73,-0.658
4.98,115.70,-0.659
4.98,115.67,-0.662
4.98,115.64,-0.663
4.99,115.61,-0.665
4.99,115.58,-0.667
4.99,115.55,-0.669
4.99,115.52,-0.670
4.99,115.49,-0.672
4.99,115.46,-0.674
5.00,115.43,-0.676
5.00,115.40,-0.677
5.00,115.37,-0.679
5.00,115.34,-0.680
5.00,115.31,-0.682
5.00,115.28,-0.683
5.00,115.25,-0.684
5.01,115.22,-0.686
5.01,115.19,-0.687
5.01,115.16,-0.689
5.01,115.13,-0.691
5.01,115.10,-0.692
5.01,115.07,-0.693
5.02,115.04,-0.695
5.02,115.01,-0.696
5.02,114.98,-0.697
5.02,114.95,-0.699
5.02,114.92,-0.700
5.03,114.89,-0.701
5.03,114.86,-0.703
5.03,114.82,-0.704
5.03,114.79,-0.706
5.03,114.76,-0.707
5.03,114.73,-0.708
5.04,114.70,-0.709
5.04,114.67,-0.710
5.04,114.64,-0.711
5.04,114.61,-0.712
5.04,114.58,-0.713
5.04,114.55,-0.714
5.05,114.52,-0.715
5.05,114.49,-0.717
5.05,114.45,-0.718
5.05,114.42,-0.719
5.05,114.39,-0.720
5.05,114.36,-0.721
5.05,114.33,-0.722
5.06,114.30,-0.722
5.06,114.27,-0.724
5.06,114.24,-0.725
5.06,114.21,-0.726
5.06,114.17,-0.727
5.06,114.14,-0.728
5.07,114.11,-0.729
5.07,114.08,-0.730
5.07,114.05,-0.730
5.07,114.02,-0.731
5.07,113.99,-0.732
5.08,113.96,-0.732
5.08,113.92,-0.733
5.08,113.89,-0.734
5.08,113.86,-0.735
5.08,113.83,-0.736
5.08,113.80,-0.737
5.09,113.77,-0.738
5.09,113.74,-0.739
5.09,113.70,-0.740
5.09,113.67,-0.740
5.09,113.64,-0.741
5.09,113.61,-0.742
5.10,113.58,-0.742
5.10,113.55,-0.743
5.10,113.51,-0.744
5.10,113.48,-0.744
5.10,113.45,-0.745
5.10,113.42,-0.745
5.10,113.39,-0.746
5.11,113.36,-0.747
5.11,113.32,-0.747
5.11,113.29,-0.748
5.11,113.26,-0.749
5.11,113.23,-0.750
5.11,113.20,-0.750
5.12,113.17,-0.751
5.12,113.13,-0.752
5.12,113.10,-0.753
5.12,113.07,-0.753
5.12,113.04,-0.753
5.13,113.01,-0.754
5.13,112.98,-0.754
5.13,112.94,-0.754
5.13,112.91,-0.755
5.13,112.88,-0.755
5.13,112.85,-0.756
5.14,112.81,-0.756
5.14,112.78,-0.757
5.14,112.75,-0.757
5.14,112.72,-0.758
5.14,112.69,-0.759
5.14,112.66,-0.759
5.15,112.62,-0.760
5.15,112.59,-0.761
5.15,112.56,-0.761
5.15,112.53,-0.762
5.15,112.50,-0.762
5.15,112.46,-0.762
5.15,112.43,-0.763
5.16,112.40,-0.763
5.16,112.37,-0.763
5.16,112.34,-0.763
5.16,112.30,-0.764
5.16,112.27,-0.764
5.16,112.24,-0.764
5.17,112.21,-0.764
5.17,112.18,-0.765
5.17,112.14,-0.765
5.17,112.11,-0.765
5.17,112.08,-0.766
5.18,112.05,-0.767
5.18,112.01,-0.767
5.18,111.98,-0.768
5.18,111.95,-0.768
5.18,111.92,-0.768
5.18,111.89,-0.769
5.19,111.85,-0.769
5.19,111.82,-0.769
5.19,111.79,-0.770
5.19,111.76,-0.770
5.19,111.73,-0.770
5.19,111.69,-0.770
5.20,111.66,-0.771
5.20,111.63,-0.771
5.20,111.59,-0.771
5.20,111.56,-0.772
5.20,111.53,-0.772
5.20,111.50,-0.773
5.20,111.47,-0.773
5.21,111.43,-0.773
5.21,111.40,-0.773
5.21,111.37,-0.774
5.21,111.33,-0.774
5.21,111.30,-0.774
5.21,111.27,-0.774
5.22,111.24,-0.774
5.22,111.21,-0.774
5.22,111.17,-0.774
5.22,111.14,-0.774
5.22,111.11,-0.775
5.23,111.08,-0.775
5.23,111.04,-0.775
5.23,111.01,-0.776
5.23,110.98,-0.776
5.23,110.95,-0.776
5.23,110.91,-0.776
5.24,110.88,-0.777
5.24,110.85,-0.777
5.24,110.82,-0.777
5.24,110.78,-0.777
5.24,110.75,-0.778
5.24,110.72,-0.778
5.25,110.69,-0.778
5.25,110.65,-0.778
5.25,110.62,-0.778
5.25,110.59,-0.779
5.25,110.56,-0.779
5.25,110.52,-0.779
5.25,110.49,-0.779
5.26,110.46,-0.779
5.26,110.43,-0.780
5.26,110.39,-0.780
5.26,110.36,-0.780
5.26,110.33,-0.780
5.26,110.30,-0.780
5.27,110.26,-0.780
5.27,110.23,-0.780
5.27,110.20,-0.780
5.27,110.17,-0.781
5.27,110.13,-0.781
5.28,110.10,-0.781
5.28,110.07,-0.781
5.28,110.04,-0.781
5.28,110.00,-0.781
5.28,109.97,-0.782
5.28,109.94,-0.782
5.29,109.91,-0.782
5.29,109.87,-0.782
5.29,109.84,-0.782
5.29,109.81,-0.782
5.29,109.77,-0.782
5.29,109.74,-0.782
5.30,109.71,-0.782
5.30,109.68,-0.782
5.30,109.65,-0.782
5.30,109.61,-0.782
5.30,109.58,-0.782
5.30,109.55,-0.782
5.30,109.51,-0.782
5.31,109.48,-0.783
5.31,109.45,-0.783
5.31,109.42,-0.783
5.31,109.38,-0.783
5.31,109.35,-0.784
5.31,109.32,-0.784
5.32,109.29,-0.784
5.32,109.25,-0.784
5.32,109.22,-0.784
5.32,109.19,-0.784
5.32,109.15,-0.784
5.33,109.12,-0.784
5.33,109.09,-0.784
5.33,109.06,-0.784
5.33,109.02,-0.784
5.33,108.99,-0.784
5.33,108.96,-0.784
5.34,108.92,-0.784
5.34,108.89,-0.784
5.34,108.86,-0.784
5.34,108.83,-0.785
5.34,108.80,-0.785
5.34,108.76,-0.785
5.35,108.73,-0.785
5.35,108.70,-0.785
5.35,108.66,-0.785
5.35,108.63,-0.785
5.35,108.60,-0.785
5.35,108.56,-0.785
5.35,108.53,-0.785
5.36,108.50,-0.785
5.36,108.47,-0.785
5.36,108.43,-0.786
5.36,108.40,-0.786
5.36,108.37,-0.786
5.36,108.34,-0.786
5.37,108.30,-0.786
5.37,108.27,-0.786
5.37,108.24,-0.786
5.37,108.20,-0.786
5.37,108.17,-0.786
5.38,108.14,-0.786
5.38,108.11,-0.786
5.38,108.07,-0.786
5.38,108.04,-0.786
5.38,108.01,-0.786
5.38,107.97,-0.786
5.39,107.94,-0.786
5.39,107.91,-0.786
5.39,107.88,-0.786
5.39,107.84,-0.786
5.39,107.81,-0.786
5.39,107.78,-0.786
5.40,107.74,-0.786
5.40,107.71,-0.786
5.40,107.68,-0.787
5.40,107.64,-0.787
5.40,107.61,-0.787
5.40,107.58,-0.787
5.40,107.55,-0.787
5.41,107.52,-0.787
5.41,107.48,-0.787
5.41,107.45,-0.787
5.41,107.42,-0.787
5.41,107.38,-0.787
5.41,107.35,-0.787
5.42,107.32,-0.787
5.42,107.29,-0.787
5.42,107.25,-0.787
5.42,107.22,-0.787
5.42,107.19,-0.787
5.43,107.15,-0.787
5.43,107.12,-0.787
5.43,107.09,-0.787
5.43,107.05,-0.787
5.43,107.02,-0.787
5.43,106.99,-0.787
5.44,106.95,-0.787
5.44,106.92,-0.787
5.44,106.89,-0.787
5.44,106.86,-0.787
5.44,106.82,-0.787
5.44,106.79,-0.787
5.45,106.76,-0.787
5.45,106.72,-0.787
5.45,106.69,-0.787
5.45,106.66,-0.787
5.45,106.63,-0.787
5.45,106.59,-0.787
5.45,106.56,-0.787
5.46,106.53,-0.787
5.46,106.49,-0.787
5.46,106.46,-0.787
5.46,106.43,-0.787
5.46,106.40,-0.787
5.46,106.36,-0.787
5.47,106.33,-0.787
5.47,106.30,-0.787
5.47,106.27,-0.787
5.47,106.23,-0.787
5.47,106.20,-0.787
5.48,106.17,-0.787
5.48,106.13,-0.787
5.48,106.10,-0.787
5.48,106.07,-0.788
5.48,106.03,-0.788
5.48,106.00,-0.788
5.49,105.97,-0.788
5.49,105.94,-0.788
5.49,105.90,-0.788
5.49,105.87,-0.788
5.49,105.84,-0.788
5.49,105.80,-0.788
5.50,105.77,-0.788
5.50,105.74,-0.788
5.50,105.70,-0.788
5.50,105.67,-0.788
5.50,105.64,-0.788
5.50,105.60,-0.788
5.50,105.57,-0.788
5.51,105.54,-0.788
5.51,105.51,-0.788
5.51,105.47,-0.788
5.51,105.44,-0.788
5.51,105.41,-0.788
5.51,105.37,-0.788
5.52,105.34,-0.788
5.52,105.31,-0.788
5.52,105.28,-0.788
5.52,105.24,-0.788
5.52,105.21,-0.788
5.53,105.18,-0.788
5.53,105.14,-0.788
5.53,105.11,-0.788
5.53,105.08,-0.788
5.53,105.04,-0.788
5.53,105.01,-0.788
5.54,104.98,-0.788
5.54,104.94,-0.788
5.54,104.91,-0.788
5.54,104.88,-0.788
5.54,104.85,-0.788
5.54,104.81,-0.788
5.55,104.78,-0.788
5.55,104.75,-0.788
5.55,104.71,-0.788
5.55,104.68,-0.788
5.55,104.65,-0.788
5.55,104.62,-0.788
5.55,104.58,-0.788
5.56,104.55,-0.788
5.56,104.52,-0.788
5.56,104.48,-0.788
5.56,104.45,-0.788
5.56,104.42,-0.788
5.56,104.38,-0.788
5.57,104.35,-0.788
5.57,104.32,-0.788
5.57,104.28,-0.788
5.57,104.25,-0.788
5.57,104.22,-0.788
5.58,104.19,-0.788
5.58,104.15,-0.788
5.58,104.12,-0.788
5.58,104.09,-0.788
5.58,104.05,-0.788
5.58,104.02,-0.788
5.59,103.99,-0.788
5.59,103.95,-0.788
5.59,103.92,-0.788
5.59,103.89,-0.788
5.59,103.86,-0.788
5.59,103.82,-0.788
5.60,103.79,-0.788
5.60,103.76,-0.788
5.60,103.72,-0.788
5.60,103.69,-0.788
5.60,103.66,-0.788
5.60,103.63,-0.788
5.60,103.59,-0.788
5.61,103.56,-0.788
5.61,103.53,-0.788
5.61,103.49,-0.788
5.61,103.46,-0.788
5.61,103.43,-0.788
5.61,103.39,-0.788
5.62,103.36,-0.788
5.62,103.33,-0.788
5.62,103.29,-0.788
5.62,103.26,-0.788
5.62,103.23,-0.788
5.63,103.19,-0.788
5.63,103.16,-0.788
5.63,103.13,-0.788
5.63,103.10,-0.788
5.63,103.06,-0.788
5.63,103.03,-0.788
5.64,103.00,-0.788
5.64,102.96,-0.788
5.64,102.93,-0.788
5.64,102.90,-0.788
5.64,102.86,-0.788
5.64,102.83,-0.788
5.65,102.80,-0.788
5.65,102.76,-0.788
5.65,102.73,-0.788
5.65,102.70,-0.788
5.65,102.67,-0.788
5.65,102.63,-0.788
5.65,102.60,-0.788
5.66,102.57,-0.788
5.66,102.53,-0.788
5.66,102.50,-0.788
5.66,102.47,-0.788
5.66,102.43,-0.788
5.66,102.40,-0.788
5.67,102.37,-0.788
5.67,102.33,-0.788
5.67,102.30,-0.788
5.67,102.27,-0.788
5.67,102.24,-0.788
5.68,102.20,-0.788
5.68,102.17,-0.788
5.68,102.14,-0.788
5.68,102.10,-0.788
5.68,102.07,-0.788
5.68,102.04,-0.788
5.69,102.00,-0.788
5.69,101.97,-0.788
5.69,101.94,-0.788
5.69,101.90,-0.788
5.69,101.87,-0.788
5.69,101.84,-0.788
5.70,101.81,-0.788
5.70,101.77,-0.788
5.70,101.74,-0.788
5.70,101.71,-0.788
5.70,101.67,-0.788
5.70,101.64,-0.788
5.70,101.61,-0.788
5.71,101.57,-0.788
5.71,101.54,-0.788
5.71,101.51,-0.788
5.71,101.47,-0.788
5.71,101.44,-0.788
5.71,101.41,-0.788
5.72,101.37,-0.788
5.72,101.34,-0.788
5.72,101.31,-0.788
5.72,101.28,-0.788
5.72,101.24,-0.788
5.73,101.21,-0.788
5.73,101.18,-0.788
5.73,101.14,-0.788
5.73,101.11,-0.788
5.73,101.08,-0.788
5.73,101.04,-0.788
5.74,101.01,-0.788
5.74,100.98,-0.787
5.74,100.94,-0.787
5.74,100.91,-0.787
5.74,100.88,-0.787
5.74,100.84,-0.787
5.75,100.81,-0.787
5.75,100.78,-0.787
5.75,100.75,-0.787
5.75,100.71,-0.787
5.75,100.68,-0.787
5.75,100.65,-0.787
5.75,100.61,-0.787
5.76,100.58,-0.787
5.76,100.55,-0.787
5.76,100.51,-0.787
5.76,100.48,-0.787
5.76,100.45,-0.787
5.76,100.41,-0.787
5.77,100.38,-0.787
5.77,100.35,-0.787
5.77,100.31,-0.787
5.77,100.28,-0.787
5.77,100.25,-0.787
5.78,100.22,-0.787
5.78,100.18,-0.787
5.78,100.15,-0.787
5.78,100.12,-0.787
5.78,100.08,-0.787
5.78,100.05,-0.787
5.79,100.02,-0.787
5.79,99.98,-0.787
5.79,99.95,-0.787
5.79,99.92,-0.787
5.79,99.88,-0.787
5.79,99.85,-0.787
5.80,99.82,-0.787
5.80,99.78,-0.787
5.80,99.75,-0.787
5.80,99.72,-0.787
5.80,99.69,-0.787
5.80,99.65,-0.787
5.80,99.62,-0.787
5.81,99.59,-0.787
5.81,99.55,-0.787
5.81,99.52,-0.787
5.81,99.49,-0.787
5.81,99.45,-0.787
5.81,99.42,-0.786
5.82,99.39,-0.786
5.82,99.35,-0.786
5.82,99.32,-0.786
5.82,99.29,-0.786
5.82,99.26,-0.786
5.83,99.22,-0.786
5.83,99.19,-0.786
5.83,99.16,-0.786
5.83,99.12,-0.786
5.83,99.09,-0.786
5.83,99.06,-0.786
5.84,99.02,-0.786
5.84,98.99,-0.786
5.84,98.96,-0.786
5.84,98.92,-0.786
5.84,98.89,-0.786
5.84,98.86,-0.786
5.85,98.82,-0.786
5.85,98.79,-0.786
5.85,98.76,-0.786
5.85,98.72,-0.786
5.85,98.69,-0.786
5.85,98.66,-0.786
5.85,98.62,-0.786
5.86,98.59,-0.786
5.86,98.56,-0.786
5.86,98.52,-0.786
5.86,98.49,-0.786
5.86,98.46,-0.786
5.86,98.43,-0.786
5.87,98.39,-0.786
5.87,98.36,-0.786
5.87,98.33,-0.786
5.87,98.29,-0.785
5.87,98.26,-0.785
5.88,98.23,-0.785
5.88,98.19,-0.785
5.88,98.16,-0.785
5.88,98.13,-0.785
5.88,98.09,-0.785
5.88,98.06,-0.785
5.89,98.03,-0.785
5.89,97.99,-0.785
5.89,97.96,-0.785
5.89,97.93,-0.785
5.89,97.90,-0.785
5.89,97.86,-0.785
5.90,97.83,-0.785
5.90,97.80,-0.785
5.90,97.76,-0.785
5.90,97.73,-0.785
5.90,97.70,-0.785
5.90,97.66,-0.785
5.90,97.63,-0.785
5.91,97.60,-0.785
5.91,97.56,-0.785
5.91,97.53,-0.785
5.91,97.50,-0.785
5.91,97.46,-0.785
5.91,97.43,-0.785
5.92,97.40,-0.785
5.92,97.37,-0.785
5.92,97.33,-0.785
5.92,97.30,-0.785
5.92,97.27,-0.785
5.93,97.23,-0.785
5.93,97.20,-0.784
5.93,97.17,-0.784
5.93,97.13,-0.784
5.93,97.10,-0.784
5.93,97.07,-0.784
5.94,97.03,-0.784
5.94,97.00,-0.784
5.94,96.97,-0.784
5.94,96.93,-0.784
5.94,96.90,-0.784
5.94,96.87,-0.784
5.95,96.83,-0.784
5.95,96.80,-0.784
5.95,96.77,-0.784
5.95,96.73,-0.784
5.95,96.70,-0.784
5.95,96.67,-0.784
5.95,96.63,-0.784
5.96,96.60,-0.784
5.96,96.57,-0.784
5.96,96.53,-0.784
5.96,96.50,-0.784
5.96,96.47,-0.784
5.96,96.44,-0.784
5.97,96.40,-0.784
5.97,96.37,-0.784
5.97,96.34,-0.784
5.97,96.30,-0.784
5.97,96.27,-0.784
5.98,96.24,-0.784
5.98,96.20,-0.783
5.98,96.17,-0.783
5.98,96.14,-0.783
5.98,96.10,-0.783
5.98,96.07,-0.783
5.99,96.04,-0.783
5.99,96.00,-0.783
5.99,95.97,-0.783
5.99,95.94,-0.783
5.99,95.90,-0.783
5.99,95.87,-0.783
6.00,95.84,-0.783
6.00,95.81,-0.783
6.00,95.77,-0.783
6.00,95.74,-0.783
6.00,95.71,-0.783
6.00,95.67,-0.783
6.00,95.64,-0.783
6.01,95.61,-0.783
6.01,95.57,-0.783
6.01,95.54,-0.783
6.01,95.51,-0.783
6.01,95.47,-0.783
6.01,95.44,-0.783
6.02,95.41,-0.783
6.02,95.38,-0.782
6.02,95.34,-0.782
6.02,95.31,-0.782
6.02,95.27,-0.782
6.03,95.24,-0.782
6.03,95.21,-0.782
6.03,95.18,-0.782
6.03,95.14,-0.782
6.03,95.11,-0.782
6.03,95.08,-0.782
6.04,95.04,-0.782
6.04,95.01,-0.782
6.04,94.98,-0.782
6.04,94.94,-0.782
6.04,94.91,-0.782
6.04,94.88,-0.782
6.05,94.84,-0.782
6.05,94.81,-0.782
6.05,94.78,-0.782
6.05,94.74,-0.782
6.05,94.71,-0.782
6.05,94.68,-0.782
6.05,94.64,-0.781
6.06,94.61,-0.781
6.06,94.58,-0.781
6.06,94.54,-0.781
6.06,94.51,-0.781
6.06,94.48,-0.781
6.06,94.45,-0.781
6.07,94.41,-0.781
6.07,94.38,-0.781
6.07,94.34,-0.781
6.07,94.31,-0.781
6.07,94.28,-0.781
6.08,94.25,-0.781
6.08,94.21,-0.781
6.08,94.18,-0.781
6.08,94.15,-0.781
6.08,94.11,-0.781
6.08,94.08,-0.781
6.09,94.05,-0.781
6.09,94.01,-0.781
6.09,93.98,-0.781
6.09,93.95,-0.781
6.09,93.91,-0.781
6.09,93.88,-0.780
6.10,93.85,-0.780
6.10,93.81,-0.780
6.10,93.78,-0.780
6.10,93.75,-0.780
6.10,93.71,-0.780
6.10,93.68,-0.780
6.10,93.65,-0.780
6.11,93.61,-0.780
6.11,93.58,-0.780
6.11,93.55,-0.780
6.11,93.51,-0.780
6.11,93.48,-0.780
6.11,93.45,-0.780
6.12,93.41,-0.780
6.12,93.38,-0.780
6.12,93.35,-0.780
6.12,93.32,-0.780
6.12,93.28,-0.780
6.13,93.25,-0.780
6.13,93.22,-0.780
6.13,93.18,-0.780
6.13,93.15,-0.780
6.13,93.12,-0.780
6.13,93.08,-0.780
6.14,93.05,-0.780
6.14,93.02,-0.779
6.14,92.98,-0.779
6.14,92.95,-0.779
6.14,92.92,-0.779
6.14,92.88,-0.779
6.15,92.85,-0.779
6.15,92.82,-0.779
6.15,92.78,-0.779
6.15,92.75,-0.779
6.15,92.72,-0.779
6.15,92.68,-0.779
6.15,92.65,-0.779
6.16,92.62,-0.779
6.16,92.58,-0.779
6.16,92.55,-0.779
6.16,92.52,-0.779
6.16,92.49,-0.779
6.16,92.45,-0.779
6.17,92.42,-0.779
6.17,92.39,-0.779
6.17,92.35,-0.778
6.17,92.32,-0.778
6.17,92.29,-0.778
6.18,92.25,-0.778
6.18,92.22,-0.778
6.18,92.19,-0.778
6.18,92.15,-0.778
6.18,92.12,-0.778
6.18,92.09,-0.778
6.19,92.05,-0.778
6.19,92.02,-0.778
6.19,91.99,-0.778
6.19,91.95,-0.778
6.19,91.92,-0.778
6.19,91.89,-0.778
6.20,91.85,-0.778
6.20,91.82,-0.778
6.20,91.79,-0.777
6.20,91.75,-0.777
6.20,91.72,-0.777
6.20,91.69,-0.777
6.20,91.66,-0.777
6.21,91.62,-0.777
6.21,91.59,-0.777
6.21,91.56,-0.777
6.21,91.52,-0.777
6.21,91.49,-0.777
6.21,91.46,-0.777
6.22,91.42,-0.777
6.22,91.39,-0.777
6.22,91.36,-0.777
6.22,91.32,-0.777
6.22,91.29,-0.777
6.23,91.26,-0.777
6.23,91.22,-0.777
6.23,91.19,-0.777
6.23,91.16,-0.776
6.23,91.12,-0.776
6.23,91.09,-0.776
6.24,91.06,-0.776
6.24,91.02,-0.776
6.24,90.99,-0.776
6.24,90.96,-0.776
6.24,90.92,-0.776
6.24,90.89,-0.776
6.25,90.86,-0.776
6.25,90.83,-0.776
6.25,90.79,-0.776
6.25,90.76,-0.776
6.25,90.72,-0.776
6.25,90.69,-0.776
6.25,90.66,-0.776
6.26,90.62,-0.776
6.26,90.59,-0.776
6.26,90.56,-0.776
6.26,90.52,-0.776
6.26,90.49,-0.776
6.26,90.46,-0.776
6.27,90.43,-0.776
6.27,90.39,-0.776
6.27,90.36,-0.776
6.27,90.33,-0.775
6.27,90.29,-0.775
6.28,90.26,-0.775
6.28,90.23,-0.775
6.28,90.19,-0.775
6.28,90.16,-0.775
6.28,90.13,-0.775
6.28,90.09,-0.775
6.29,90.06,-0.775
6.29,90.03,-0.775
6.29,89.99,-0.775
6.29,89.96,-0.775
6.29,89.93,-0.775
6.29,89.89,-0.775
6.30,89.86,-0.775
6.30,89.83,-0.775
6.30,89.80,-0.775
6.30,89.76,-0.775
6.30,89.73,-0.775
6.30,89.70,-0.775
6.30,89.66,-0.775
6.31,89.63,-0.774
6.31,89.59,-0.774
6.31,89.56,-0.774
6.31,89.53,-0.774
6.31,89.50,-0.774
6.31,89.46,-0.774
6.32,89.43,-0.774
6.32,89.40,-0.774
6.32,89.36,-0.774
6.32,89.33,-0.774
6.32,89.30,-0.774
6.33,89.26,-0.774
6.33,89.23,-0.774
6.33,89.20,-0.774
6.33,89.16,-0.774
6.33,89.13,-0.774
6.33,89.10,-0.774
6.34,89.06,-0.773
6.34,89.03,-0.773
6.34,89.00,-0.773
6.34,88.96,-0.773
6.34,88.93,-0.773
6.34,88.90,-0.773
6.35,88.87,-0.773
6.35,88.83,-0.773
6.35,88.80,-0.773
6.35,88.77,-0.773
6.35,88.73,-0.773
6.35,88.70,-0.772
6.35,88.67,-0.772
6.36,88.63,-0.772
6.36,88.60,-0.772
6.36,88.57,-0.772
6.36,88.53,-0.772
6.36,88.50,-0.772
6.36,88.47,-0.772
6.37,88.43,-0.772
6.37,88.40,-0.772
6.37,88.37,-0.772
6.37,88.33,-0.772
6.37,88.30,-0.772
6.38,88.27,-0.772
6.38,88.23,-0.772
6.38,88.20,-0.772
6.38,88.17,-0.772
6.38,88.13,-0.772
6.38,88.10,-0.772
6.39,88.07,-0.772
6.39,88.03,-0.772
6.39,88.00,-0.772
6.39,87.97,-0.772
6.39,87.93,-0.772
6.39,87.90,-0.772
6.40,87.87,-0.772
6.40,87.83,-0.772
6.40,87.80,-0.772
6.40,87.77,-0.771
6.40,87.73,-0.771
6.40,87.70,-0.771
6.40,87.67,-0.771
6.41,87.64,-0.771
6.41,87.60,-0.771
6.41,87.57,-0.771
6.41,87.54,-0.771
6.41,87.50,-0.771
6.41,87.47,-0.771
6.42,87.44,-0.771
6.42,87.40,-0.771
6.42,87.37,-0.771
6.42,87.34,-0.771
6.42,87.30,-0.771
6.43,87.27,-0.771
6.43,87.24,-0.771
6.43,87.20,-0.771
6.43,87.17,-0.771
6.43,87.14,-0.771
6.43,87.10,-0.771
6.44,87.07,-0.771
6.44,87.04,-0.771
6.44,87.00,-0.771
6.44,86.97,-0.771
6.44,86.94,-0.771
6.44,86.90,-0.770
6.45,86.87,-0.770
6.45,86.84,-0.770
6.45,86.80,-0.770
6.45,86.77,-0.770
6.45,86.74,-0.770
6.45,86.70,-0.770
6.45,86.67,-0.770
6.46,86.64,-0.770
6.46,86.60,-0.770
6.46,86.57,-0.770
6.46,86.54,-0.770
6.46,86.50,-0.770
6.46,86.47,-0.770
6.47,86.44,-0.770
6.47,86.41,-0.770
6.47,86.37,-0.770
6.47,86.34,-0.770
6.47,86.31,-0.770
6.48,86.27,-0.770
6.48,86.24,-0.769
6.48,86.21,-0.769
6.48,86.17,-0.769
6.48,86.14,-0.769
6.48,86.11,-0.769
6.49,86.07,-0.769
6.49,86.04,-0.769
6.49,86.01,-0.769
6.49,85.97,-0.769
6.49,85.94,-0.769
6.49,85.91,-0.769
6.50,85.87,-0.769
6.50,85.84,-0.769
6.50,85.81,-0.769
6.50,85.78,-0.769
6.50,85.74,-0.769
6.50,85.71,-0.769
6.50,85.67,-0.769
6.51,85.64,-0.769
6.51,85.61,-0.769
6.51,85.57,-0.769
6.51,85.54,-0.769
6.51,85.51,-0.769
6.51,85.47,-0.769
6.52,85.44,-0.769
6.52,85.41,-0.769
6.52,85.38,-0.769
6.52,85.34,-0.769
6.52,85.31,-0.768
6.53,85.27,-0.768
6.53,85.24,-0.768
6.53,85.21,-0.768
6.53,85.18,-0.768
6.53,85.14,-0.768
6.53,85.11,-0.768
6.54,85.08,-0.768
6.54,85.04,-0.768
6.54,85.01,-0.768
6.54,84.98,-0.768
6.54,84.94,-0.768
6.54,84.91,-0.768
6.55,84.88,-0.768
6.55,84.84,-0.768
6.55,84.81,-0.768
6.55,84.78,-0.768
6.55,84.74,-0.768
6.55,84.71,-0.768
6.55,84.68,-0.768
6.56,84.64,-0.768
6.56,84.61,-0.768
6.56,84.58,-0.768
6.56,84.54,-0.768
6.56,84.51,-0.768
6.56,84.48,-0.768
6.57,84.45,-0.768
6.57,84.41,-0.768
6.57,84.38,-0.767
6.57,84.34,-0.767
6.57,84.31,-0.767
6.58,84.28,-0.767
6.58,84.24,-0.767
6.58,84.21,-0.767
6.58,84.18,-0.767
6.58,84.15,-0.767
6.58,84.11,-0.767
6.59,84.08,-0.767
6.59,84.05,-0.767
6.59,84.01,-0.767
6.59,83.98,-0.767
6.59,83.95,-0.767
6.59,83.91,-0.767
6.60,83.88,-0.767
6.60,83.85,-0.767
6.60,83.81,-0.767
6.60,83.78,-0.767
6.60,83.75,-0.767
6.60,83.71,-0.767
6.60,83.68,-0.767
6.61,83.65,-0.767
6.61,83.61,-0.767
6.61,83.58,-0.767
6.61,83.55,-0.767
6.61,83.51,-0.766
6.61,83.48,-0.766
6.62,83.45,-0.766
6.62,83.41,-0.766
6.62,83.38,-0.766
6.62,83.35,-0.766
6.62,83.31,-0.766
6.63,83.28,-0.766
6.63,83.25,-0.766
6.63,83.21,-0.766
6.63,83.18,-0.766
6.63,83.15,-0.766
6.63,83.12,-0.766
6.64,83.08,-0.766
6.64,83.05,-0.766
6.64,83.02,-0.766
6.64,82.98,-0.766
6.64,82.95,-0.766
6.64,82.92,-0.766
6.65,82.88,-0.766
6.65,82.85,-0.766
6.65,82.81,-0.766
6.65,82.78,-0.766
6.65,82.75,-0.766
6.65,82.71,-0.766
6.65,82.68,-0.766
6.66,82.65,-0.766
6.66,82.62,-0.766
6.66,82.58,-0.765
6.66,82.55,-0.765
6.66,82.52,-0.765
6.66,82.48,-0.765
6.67,82.45,-0.765
6.67,82.42,-0.765
6.67,82.38,-0.765
6.67,82.35,-0.765
6.67,82.32,-0.765
6.68,82.28,-0.765
6.68,82.25,-0.765
6.68,82.22,-0.765
6.68,82.18,-0.765
6.68,82.15,-0.765
6.68,82.12,-0.765
6.69,82.08,-0.765
6.69,82.05,-0.765
6.69,82.02,-0.765
6.69,81.98,-0.765
6.69,81.95,-0.765
6.69,81.92,-0.765
6.70,81.88,-0.765
6.70,81.85,-0.765
6.70,81.82,-0.765
6.70,81.78,-0.765
6.70,81.75,-0.765
6.70,81.72,-0.765
6.70,81.68,-0.765
6.71,81.65,-0.765
6.71,81.62,-0.765
6.71,81.58,-0.765
6.71,81.55,-0.765
6.71,81.52,-0.765
6.71,81.49,-0.765
6.72,81.45,-0.764
6.72,81.42,-0.764
6.72,81.39,-0.764
6.72,81.35,-0.764
6.72,81.32,-0.764
6.73,81.29,-0.764
6.73,81.25,-0.764
6.73,81.22,-0.764
6.73,81.19,-0.764
6.73,81.15,-0.764
6.73,81.12,-0.764
6.74,81.09,-0.764
6.74,81.05,-0.764
6.74,81.02,-0.764
6.74,80.99,-0.764
6.74,80.95,-0.764
6.74,80.92,-0.764
6.75,80.89,-0.764
6.75,80.85,-0.764
6.75,80.82,-0.764
6.75,80.79,-0.764
6.75,80.75,-0.764
6.75,80.72,-0.764
6.75,80.69,-0.764
6.76,80.65,-0.764
6.76,80.62,-0.764
6.76,80.59,-0.764
6.76,80.55,-0.764
6.76,80.52,-0.763
6.76,80.49,-0.763
6.77,80.45,-0.763
6.77,80.42,-0.763
6.77,80.39,-0.763
6.77,80.35,-0.763
6.77,80.32,-0.763
6.78,80.29,-0.763
6.78,80.25,-0.763
6.78,80.22,-0.763
6.78,80.19,-0.763
6.78,80.16,-0.763
6.78,80.12,-0.763
6.79,80.09,-0.763
6.79,80.06,-0.763
6.79,80.02,-0.763
6.79,79.99,-0.763
6.79,79.96,-0.763
6.79,79.92,-0.763
6.80,79.89,-0.763
6.80,79.86,-0.763
6.80,79.82,-0.763
6.80,79.79,-0.763
6.80,79.76,-0.763
6.80,79.72,-0.763
6.80,79.69,-0.763
6.81,79.66,-0.763
6.81,79.62,-0.762
6.81,79.59,-0.762
6.81,79.56,-0.762
6.81,79.52,-0.762
6.81,79.49,-0.762
6.82,79.46,-0.762
6.82,79.42,-0.762
6.82,79.39,-0.762
6.82,79.36,-0.762
6.82,79.32,-0.762
6.83,79.29,-0.762
6.83,79.26,-0.762
6.83,79.22,-0.762
6.83,79.19,-0.762
6.83,79.16,-0.762
6.83,79.13,-0.762
6.84,79.09,-0.762
6.84,79.06,-0.762
6.84,79.03,-0.762
6.84,78.99,-0.762
6.84,78.96,-0.762
6.84,78.93,-0.762
6.85,78.89,-0.761
6.85,78.86,-0.761
6.85,78.83,-0.761
6.85,78.79,-0.761
6.85,78.76,-0.761
6.85,78.73,-0.761
6.85,78.69,-0.761
6.86,78.66,-0.761
6.86,78.63,-0.761
6.86,78.59,-0.761
6.86,78.56,-0.761
6.86,78.53,-0.761
6.86,78.49,-0.761
6.87,78.46,-0.761
6.87,78.43,-0.761
6.87,78.39,-0.761
6.87,78.36,-0.761
6.87,78.33,-0.761
6.88,78.29,-0.761
6.88,78.26,-0.761
6.88,78.23,-0.761
6.88,78.19,-0.761
6.88,78.16,-0.761
6.88,78.13,-0.761
6.89,78.09,-0.761
6.89,78.06,-0.761
6.89,78.03,-0.761
6.89,77.99,-0.761
6.89,77.96,-0.761
6.89,77.93,-0.761
6.90,77.89,-0.761
6.90,77.86,-0.761
6.90,77.83,-0.760
6.90,77.79,-0.760
6.90,77.76,-0.760
6.90,77.73,-0.760
6.90,77.69,-0.760
6.91,77.66,-0.760
6.91,77.63,-0.760
6.91,77.59,-0.760
6.91,77.56,-0.760
6.91,77.53,-0.760
6.91,77.49,-0.760
6.92,77.46,-0.760
6.92,77.43,-0.760
6.92,77.39,-0.760
6.92,77.36,-0.760
6.92,77.33,-0.760
6.93,77.29,-0.760
6.93,77.26,-0.760
6.93,77.23,-0.760
6.93,77.19,-0.760
6.93,77.16,-0.760
6.93,77.13,-0.760
6.94,77.09,-0.760
6.94,77.06,-0.760
6.94,77.03,-0.760
6.94,76.99,-0.760
6.94,76.96,-0.760
6.94,76.93,-0.760
6.95,76.89,-0.759
6.95,76.86,-0.759
6.95,76.83,-0.759
6.95,76.80,-0.759
6.95,76.76,-0.759
6.95,76.73,-0.759
6.95,76.70,-0.759
6.96,76.66,-0.759
6.96,76.63,-0.759
6.96,76.60,-0.759
6.96,76.56,-0.759
6.96,76.53,-0.759
6.96,76.50,-0.759
6.97,76.46,-0.758
6.97,76.43,-0.758
6.97,76.40,-0.758
6.97,76.36,-0.758
6.97,76.33,-0.758
6.98,76.30,-0.758
6.98,76.26,-0.758
6.98,76.23,-0.758
6.98,76.20,-0.758
6.98,76.16,-0.758
6.98,76.13,-0.758
6.99,76.10,-0.758
6.99,76.06,-0.757
6.99,76.03,-0.757
6.99,76.00,-0.757
6.99,75.96,-0.756
6.99,75.93,-0.756
7.00,75.90,-0.756
7.00,75.86,-0.756
7.00,75.83,-0.756
7.00,75.80,-0.756
7.00,75.76,-0.756
7.00,75.73,-0.756
7.00,75.70,-0.756
7.01,75.67,-0.756
7.01,75.63,-0.756
7.01,75.60,-0.756
7.01,75.57,-0.755
7.01,75.53,-0.755
7.01,75.50,-0.755
7.02,75.47,-0.755
7.02,75.43,-0.755
7.02,75.40,-0.755
7.02,75.37,-0.755
7.02,75.33,-0.755
7.03,75.30,-0.755
7.03,75.27,-0.755
7.03,75.23,-0.755
7.03,75.20,-0.755
7.03,75.17,-0.755
7.03,75.13,-0.755
7.04,75.10,-0.754
7.04,75.07,-0.754
7.04,75.03,-0.754
7.04,75.00,-0.754
7.04,74.97,-0.754
7.04,74.93,-0.754
7.05,74.90,-0.754
7.05,74.87,-0.754
7.05,74.84,-0.753
7.05,74.80,-0.753
7.05,74.77,-0.753
7.05,74.74,-0.753
7.05,74.70,-0.753
7.06,74.67,-0.753
7.06,74.64,-0.753
7.06,74.60,-0.753
7.06,74.57,-0.753
7.06,74.54,-0.753
7.06,74.50,-0.753
7.07,74.47,-0.753
7.07,74.44,-0.753
7.07,74.40,-0.753
7.07,74.37,-0.753
7.07,74.34,-0.753
7.08,74.30,-0.753
7.08,74.27,-0.753
7.08,74.24,-0.753
7.08,74.20,-0.753
7.08,74.17,-0.753
7.08,74.14,-0.753
7.09,74.10,-0.753
7.09,74.07,-0.753
7.09,74.04,-0.753
7.09,74.00,-0.753
7.09,73.97,-0.753
7.09,73.94,-0.753
7.10,73.90,-0.753
7.10,73.87,-0.753
7.10,73.84,-0.753
7.10,73.80,-0.753
7.10,73.77,-0.753
7.10,73.74,-0.752
7.10,73.70,-0.752
7.11,73.67,-0.752
7.11,73.64,-0.752
7.11,73.60,-0.752
7.11,73.57,-0.752
7.11,73.54,-0.752
7.11,73.50,-0.752
7.12,73.47,-0.752
7.12,73.44,-0.752
7.12,73.41,-0.752
7.12,73.37,-0.752
7.12,73.34,-0.752
7.13,73.31,-0.752
7.13,73.27,-0.752
7.13,73.24,-0.752
7.13,73.21,-0.752
7.13,73.17,-0.752
7.13,73.14,-0.752
7.14,73.11,-0.752
7.14,73.07,-0.752
7.14,73.04,-0.752
7.14,73.01,-0.752
7.14,72.97,-0.752
7.14,72.94,-0.752
7.15,72.91,-0.752
7.15,72.87,-0.752
7.15,72.84,-0.752
7.15,72.81,-0.751
7.15,72.77,-0.751
7.15,72.74,-0.751
7.15,72.71,-0.751
7.16,72.67,-0.751
7.16,72.64,-0.751
7.16,72.61,-0.751
7.16,72.57,-0.751
7.16,72.54,-0.751
7.16,72.51,-0.751
7.17,72.48,-0.751
7.17,72.44,-0.751
7.17,72.41,-0.751
7.17,72.38,-0.751
7.17,72.34,-0.751
7.18,72.31,-0.751
7.18,72.28,-0.751
7.18,72.24,-0.751
7.18,72.21,-0.751
7.18,72.18,-0.751
7.18,72.14,-0.751
7.19,72.11,-0.751
7.19,72.08,-0.751
7.19,72.04,-0.751
7.19,72.01,-0.751
7.19,71.98,-0.751
7.19,71.94,-0.750
7.20,71.91,-0.750
7.20,71.88,-0.750
7.20,71.84,-0.750
7.20,71.81,-0.750
7.20,71.78,-0.750
7.20,71.74,-0.750
7.20,71.71,-0.750
7.21,71.68,-0.750
7.21,71.64,-0.750
7.21,71.61,-0.750
7.21,71.58,-0.750
7.21,71.54,-0.750
7.21,71.51,-0.750
7.22,71.48,-0.750
7.22,71.45,-0.750
7.22,71.41,-0.750
7.22,71.38,-0.750
7.22,71.35,-0.750
7.23,71.31,-0.750
7.23,71.28,-0.749
7.23,71.25,-0.749
7.23,71.21,-0.749
7.23,71.18,-0.749
7.23,71.15,-0.749
7.24,71.11,-0.749
7.24,71.08,-0.749
7.24,71.05,-0.749
7.24,71.01,-0.749
7.24,70.98,-0.749
7.24,70.95,-0.749
7.25,70.91,-0.749
7.25,70.88,-0.749
7.25,70.85,-0.749
7.25,70.81,-0.748
7.25,70.78,-0.748
7.25,70.75,-0.748
7.25,70.71,-0.748
7.26,70.68,-0.748
7.26,70.65,-0.748
7.26,70.61,-0.748
7.26,70.58,-0.748
7.26,70.55,-0.748
7.26,70.51,-0.748
7.27,70.48,-0.748
7.27,70.45,-0.748
7.27,70.42,-0.748
7.27,70.38,-0.748
7.27,70.35,-0.748
7.28,70.32,-0.748
7.28,70.28,-0.748
7.28,70.25,-0.747
7.28,70.21,-0.747
7.28,70.18,-0.747
7.28,70.15,-0.747
7.29,70.12,-0.747
7.29,70.08,-0.747
7.29,70.05,-0.747
7.29,70.02,-0.747
7.29,69.98,-0.747
7.29,69.95,-0.747
7.30,69.92,-0.747
7.30,69.88,-0.747
7.30,69.85,-0.747
7.30,69.82,-0.747
7.30,69.78,-0.747
7.30,69.75,-0.747
7.30,69.72,-0.747
7.31,69.68,-0.746
7.31,69.65,-0.746
7.31,69.62,-0.746
7.31,69.58,-0.746
7.31,69.55,-0.746
7.31,69.52,-0.746
7.32,69.48,-0.746
7.32,69.45,-0.746
7.32,69.42,-0.746
7.32,69.38,-0.746
7.32,69.35,-0.746
7.33,69.32,-0.746
7.33,69.28,-0.746
7.33,69.25,-0.746
7.33,69.22,-0.746
7.33,69.19,-0.746
7.33,69.15,-0.746
7.34,69.12,-0.746
7.34,69.09,-0.746
7.34,69.05,-0.746
7.34,69.02,-0.746
7.34,68.99,-0.746
7.34,68.95,-0.746
7.35,68.92,-0.746
7.35,68.89,-0.745
7.35,68.85,-0.745
7.35,68.82,-0.745
7.35,68.79,-0.745
7.35,68.75,-0.745
7.35,68.72,-0.745
7.36,68.69,-0.745
7.36,68.65,-0.745
7.36,68.62,-0.745
7.36,68.59,-0.745
7.36,68.55,-0.745
7.36,68.52,-0.745
7.37,68.49,-0.745
7.37,68.45,-0.745
7.37,68.42,-0.745
7.37,68.39,-0.745
7.37,68.35,-0.745
7.38,68.32,-0.745
7.38,68.29,-0.745
7.38,68.25,-0.745
7.38,68.22,-0.745
7.38,68.19,-0.745
7.38,68.15,-0.745
7.39,68.12,-0.745
7.39,68.09,-0.745
7.39,68.06,-0.745
7.39,68.02,-0.745
7.39,67.99,-0.745
7.39,67.96,-0.745
7.40,67.92,-0.745
7.40,67.89,-0.745
7.40,67.86,-0.745
7.40,67.82,-0.744
7.40,67.79,-0.744
7.40,67.76,-0.744
7.40,67.72,-0.744
7.41,67.69,-0.744
7.41,67.65,-0.744
7.41,67.62,-0.744
7.41,67.59,-0.744
7.41,67.56,-0.744
7.41,67.52,-0.744
7.42,67.49,-0.744
7.42,67.46,-0.744
7.42,67.42,-0.744
7.42,67.39,-0.744
7.42,67.36,-0.744
7.43,67.32,-0.744
7.43,67.29,-0.744
7.43,67.26,-0.744
7.43,67.22,-0.744
7.43,67.19,-0.744
7.43,67.16,-0.744
7.44,67.12,-0.744
7.44,67.09,-0.744
7.44,67.06,-0.744
7.44,67.02,-0.744
7.44,66.99,-0.744
7.44,66.96,-0.744
7.45,66.92,-0.744
7.45,66.89,-0.744
7.45,66.86,-0.744
7.45,66.82,-0.744
7.45,66.79,-0.744
7.45,66.76,-0.744
7.45,66.72,-0.744
7.46,66.69,-0.744
7.46,66.66,-0.744
7.46,66.62,-0.744
7.46,66.59,-0.744
7.46,66.56,-0.744
7.46,66.52,-0.744
7.47,66.49,-0.744
7.47,66.46,-0.744
7.47,66.42,-0.744
7.47,66.39,-0.744
7.47,66.36,-0.744
7.48,66.32,-0.744
7.48,66.29,-0.744
7.48,66.26,-0.744
7.48,66.22,-0.744
7.48,66.19,-0.744
7.48,66.16,-0.744
7.49,66.12,-0.744
7.49,66.09,-0.744
7.49,66.06,-0.744
7.49,66.02,-0.743
7.49,65.99,-0.743
7.49,65.96,-0.743
7.50,65.92,-0.743
7.50,65.89,-0.743
7.50,65.86,-0.743
7.50,65.82,-0.743
7.50,65.79,-0.743
7.50,65.76,-0.743
7.50,65.73,-0.743
7.51,65.69,-0.743
7.51,65.66,-0.743
7.51,65.63,-0.743
7.51,65.59,-0.743
7.51,65.56,-0.743
7.51,65.52,-0.743
7.52,65.49,-0.743
7.52,65.46,-0.743
7.52,65.42,-0.743
7.52,65.39,-0.743
7.52,65.36,-0.743
7.53,65.32,-0.743
7.53,65.29,-0.743
7.53,65.26,-0.743
7.53,65.22,-0.743
7.53,65.19,-0.743
7.53,65.16,-0.743
7.54,65.13,-0.743
7.54,65.09,-0.742
7.54,65.06,-0.742
7.54,65.03,-0.742
7.54,64.99,-0.742
7.54,64.96,-0.742
7.55,64.93,-0.742
7.55,64.89,-0.742
7.55,64.86,-0.742
7.55,64.83,-0.742
7.55,64.79,-0.742
7.55,64.76,-0.741
7.55,64.72,-0.741
7.56,64.69,-0.741
7.56,64.66,-0.741
7.56,64.63,-0.741
7.56,64.59,-0.741
7.56,64.56,-0.741
7.56,64.53,-0.741
7.57,64.49,-0.741
7.57,64.46,-0.741
7.57,64.43,-0.741
7.57,64.39,-0.741
7.57,64.36,-0.741
7.58,64.33,-0.741
7.58,64.29,-0.741
7.58,64.26,-0.740
7.58,64.23,-0.740
7.58,64.19,-0.740
7.58,64.16,-0.740
7.59,64.13,-0.740
7.59,64.09,-0.740
7.59,64.06,-0.740
7.59,64.03,-0.740
7.59,63.99,-0.740
7.59,63.96,-0.740
7.60,63.93,-0.740
7.60,63.89,-0.740
7.60,63.86,-0.740
7.60,63.83,-0.740
7.60,63.79,-0.740
7.60,63.76,-0.740
7.60,63.73,-0.740
7.61,63.69,-0.739
7.61,63.66,-0.739
7.61,63.63,-0.739
7.61,63.59,-0.739
7.61,63.56,-0.739
7.61,63.53,-0.739
7.62,63.50,-0.739
7.62,63.46,-0.739
7.62,63.43,-0.739
7.62,63.40,-0.739
7.62,63.36,-0.739
7.63,63.33,-0.739
7.63,63.30,-0.739
7.63,63.26,-0.739
7.63,63.23,-0.738
7.63,63.20,-0.738
7.63,63.16,-0.738
7.64,63.13,-0.738
7.64,63.10,-0.738
7.64,63.06,-0.738
7.64,63.03,-0.738
7.64,63.00,-0.738
7.64,62.96,-0.738
7.65,62.93,-0.738
7.65,62.90,-0.738
7.65,62.86,-0.738
7.65,62.83,-0.738
7.65,62.80,-0.738
7.65,62.76,-0.738
7.65,62.73,-0.738
7.66,62.70,-0.738
7.66,62.66,-0.738
7.66,62.63,-0.737
7.66,62.60,-0.737
7.66,62.56,-0.737
7.66,62.53,-0.737
7.67,62.50,-0.737
7.67,62.46,-0.737
7.67,62.43,-0.737
7.67,62.40,-0.737
7.67,62.37,-0.737
7.68,62.33,-0.737
7.68,62.30,-0.737
7.68,62.27,-0.737
7.68,62.23,-0.737
7.68,62.20,-0.737
7.68,62.17,-0.737
7.69,62.13,-0.736
7.69,62.10,-0.736
7.69,62.06,-0.736
7.69,62.03,-0.736
7.69,62.00,-0.736
7.69,61.97,-0.736
7.70,61.93,-0.736
7.70,61.90,-0.736
7.70,61.87,-0.736
7.70,61.83,-0.736
7.70,61.80,-0.736
7.70,61.77,-0.736
7.70,61.73,-0.736
7.71,61.70,-0.736
7.71,61.67,-0.736
7.71,61.63,-0.736
7.71,61.60,-0.735
7.71,61.57,-0.735
7.71,61.53,-0.735
7.72,61.50,-0.735
7.72,61.47,-0.735
7.72,61.43,-0.735
7.72,61.40,-0.735
7.72,61.37,-0.735
7.73,61.33,-0.735
7.73,61.30,-0.735
7.73,61.27,-0.735
7.73,61.24,-0.735
7.73,61.20,-0.735
7.73,61.17,-0.734
7.74,61.14,-0.734
7.74,61.10,-0.734
7.74,61.07,-0.734
7.74,61.04,-0.734
7.74,61.00,-0.734
7.74,60.97,-0.734
7.75,60.94,-0.734
7.75,60.90,-0.734
7.75,60.87,-0.734
7.75,60.84,-0.734
7.75,60.80,-0.733
7.75,60.77,-0.733
7.75,60.74,-0.733
7.76,60.70,-0.733
7.76,60.67,-0.733
7.76,60.64,-0.733
7.76,60.60,-0.733
7.76,60.57,-0.733
7.76,60.54,-0.733
7.77,60.50,-0.733
7.77,60.47,-0.733
7.77,60.44,-0.733
7.77,60.40,-0.733
7.77,60.37,-0.733
7.78,60.34,-0.733
7.78,60.31,-0.733
7.78,60.27,-0.733
7.78,60.24,-0.733
7.78,60.20,-0.733
7.78,60.17,-0.733
7.79,60.14,-0.733
7.79,60.11,-0.733
7.79,60.07,-0.733
7.79,60.04,-0.732
7.79,60.01,-0.732
7.79,59.97,-0.732
7.80,59.94,-0.732
7.80,59.91,-0.732
7.80,59.87,-0.732
7.80,59.84,-0.732
7.80,59.81,-0.732
7.80,59.77,-0.732
7.80,59.74,-0.732
7.81,59.71,-0.732
7.81,59.67,-0.732
7.81,59.64,-0.732
7.81,59.61,-0.732
7.81,59.57,-0.732
7.81,59.54,-0.732
7.82,59.51,-0.732
7.82,59.47,-0.732
7.82,59.44,-0.732
7.82,59.41,-0.732
7.82,59.37,-0.732
7.83,59.34,-0.731
7.83,59.31,-0.731
7.83,59.27,-0.731
7.83,59.24,-0.731
7.83,59.21,-0.731
7.83,59.18,-0.731
7.84,59.14,-0.731
7.84,59.11,-0.731
7.84,59.08,-0.731
7.84,59.04,-0.731
7.84,59.01,-0.731
7.84,58.98,-0.731
7.85,58.94,-0.731
7.85,58.91,-0.731
7.85,58.88,-0.731
7.85,58.84,-0.731
7.85,58.81,-0.731
7.85,58.78,-0.731
7.85,58.74,-0.731
7.86,58.71,-0.731
7.86,58.68,-0.731
7.86,58.64,-0.731
7.86,58.61,-0.731
7.86,58.58,-0.730
7.86,58.54,-0.730
7.87,58.51,-0.730
7.87,58.48,-0.730
7.87,58.44,-0.730
7.87,58.41,-0.730
7.87,58.38,-0.730
7.88,58.34,-0.730
7.88,58.31,-0.730
7.88,58.28,-0.730
7.88,58.24,-0.730
7.88,58.21,-0.730
7.88,58.18,-0.730
7.89,58.14,-0.730
7.89,58.11,-0.730
7.89,58.08,-0.730
7.89,58.04,-0.730
7.89,58.01,-0.730
7.89,57.98,-0.730
7.90,57.95,-0.730
7.90,57.91,-0.730
7.90,57.88,-0.730
7.90,57.85,-0.730
7.90,57.81,-0.729
7.90,57.78,-0.729
7.90,57.75,-0.729
7.91,57.71,-0.729
7.91,57.68,-0.729
7.91,57.65,-0.729
7.91,57.61,-0.729
7.91,57.58,-0.729
7.91,57.55,-0.729
7.92,57.51,-0.729
7.92,57.48,-0.729
7.92,57.45,-0.729
7.92,57.41,-0.729
7.92,57.38,-0.729
7.93,57.35,-0.729
7.93,57.31,-0.729
7.93,57.28,-0.729
7.93,57.25,-0.729
7.93,57.21,-0.729
7.93,57.18,-0.729
7.94,57.15,-0.729
7.94,57.11,-0.729
7.94,57.08,-0.729
7.94,57.05,-0.729
7.94,57.02,-0.729
7.94,56.98,-0.728
7.95,56.95,-0.728
7.95,56.91,-0.728
7.95,56.88,-0.728
7.95,56.85,-0.728
7.95,56.82,-0.728
7.95,56.78,-0.728
7.95,56.75,-0.728
7.96,56.72,-0.728
7.96,56.68,-0.728
7.96,56.65,-0.728
7.96,56.62,-0.728
7.96,56.58,-0.728
7.96,56.55,-0.728
7.97,56.52,-0.728
7.97,56.48,-0.728
7.97,56.45,-0.727
7.97,56.42,-0.727
7.97,56.38,-0.727
7.98,56.35,-0.727
7.98,56.32,-0.727
7.98,56.28,-0.727
7.98,56.25,-0.727
7.98,56.22,-0.727
7.98,56.18,-0.727
7.99,56.15,-0.727
7.99,56.12,-0.727
7.99,56.08,-0.727
7.99,56.05,-0.727
7.99,56.02,-0.727
7.99,55.98,-0.727
8.00,55.95,-0.727
8.00,55.92,-0.727
8.00,55.88,-0.727
8.00,55.85,-0.727
8.00,55.82,-0.726
8.00,55.78,-0.726
8.00,55.75,-0.726
8.01,55.72,-0.726
8.01,55.69,-0.726
8.01,55.65,-0.726
8.01,55.62,-0.726
8.01,55.59,-0.726
8.01,55.55,-0.726
8.02,55.52,-0.726
8.02,55.49,-0.726
8.02,55.45,-0.726
8.02,55.42,-0.726
8.02,55.39,-0.726
8.03,55.35,-0.726
8.03,55.32,-0.726
8.03,55.29,-0.726
8.03,55.25,-0.726
8.03,55.22,-0.726
8.03,55.19,-0.726
8.04,55.15,-0.726
8.04,55.12,-0.726
8.04,55.09,-0.726
8.04,55.05,-0.726
8.04,55.02,-0.725
8.04,54.99,-0.725
8.05,54.95,-0.725
8.05,54.92,-0.725
8.05,54.89,-0.725
8.05,54.86,-0.725
8.05,54.82,-0.725
8.05,54.79,-0.725
8.05,54.76,-0.725
8.06,54.72,-0.725
8.06,54.69,-0.725
8.06,54.66,-0.725
8.06,54.62,-0.725
8.06,54.59,-0.725
8.06,54.56,-0.725
8.07,54.52,-0.725
8.07,54.49,-0.725
8.07,54.46,-0.725
8.07,54.42,-0.725
8.07,54.39,-0.725
8.08,54.36,-0.725
8.08,54.32,-0.725
8.08,54.29,-0.725
8.08,54.26,-0.724
8.08,54.22,-0.724
8.08,54.19,-0.724
8.09,54.16,-0.724
8.09,54.12,-0.724
8.09,54.09,-0.724
8.09,54.06,-0.724
8.09,54.02,-0.724
8.09,53.99,-0.724
8.10,53.96,-0.724
8.10,53.92,-0.723
8.10,53.89,-0.723
8.10,53.86,-0.723
8.10,53.82,-0.723
8.10,53.79,-0.723
8.10,53.76,-0.723
8.11,53.73,-0.723
8.11,53.69,-0.723
8.11,53.66,-0.723
8.11,53.63,-0.723
8.11,53.59,-0.723
8.11,53.56,-0.723
8.12,53.53,-0.723
8.12,53.49,-0.723
8.12,53.46,-0.723
8.12,53.43,-0.723
8.12,53.39,-0.723
8.13,53.36,-0.723
8.13,53.33,-0.723
8.13,53.29,-0.722
8.13,53.26,-0.722
8.13,53.23,-0.722
8.13,53.19,-0.722
8.14,53.16,-0.722
8.14,53.13,-0.722
8.14,53.09,-0.722
8.14,53.06,-0.722
8.14,53.03,-0.722
8.14,53.00,-0.722
8.15,52.96,-0.722
8.15,52.93,-0.722
8.15,52.90,-0.722
8.15,52.86,-0.722
8.15,52.83,-0.722
8.15,52.79,-0.722
8.15,52.76,-0.721
8.16,52.73,-0.721
8.16,52.70,-0.721
8.16,52.66,-0.721
8.16,52.63,-0.721
8.16,52.60,-0.721
8.16,52.56,-0.721
8.17,52.53,-0.721
8.17,52.50,-0.721
8.17,52.46,-0.721
8.17,52.43,-0.721
8.17,52.40,-0.721
8.18,52.36,-0.721
8.18,52.33,-0.721
8.18,52.30,-0.721
8.18,52.26,-0.721
8.18,52.23,-0.721
8.18,52.20,-0.720
8.19,52.16,-0.720
8.19,52.13,-0.720
8.19,52.10,-0.720
8.19,52.06,-0.720
8.19,52.03,-0.720
8.19,52.00,-0.720
8.20,51.96,-0.720
8.20,51.93,-0.720
8.20,51.90,-0.720
8.20,51.86,-0.720
8.20,51.83,-0.720
8.20,51.80,-0.720
8.20,51.76,-0.720
8.21,51.73,-0.720
8.21,51.70,-0.720
8.21,51.67,-0.720
8.21,51.63,-0.720
8.21,51.60,-0.720
8.21,51.57,-0.720
8.22,51.53,-0.720
8.22,51.50,-0.720
8.22,51.47,-0.720
8.22,51.43,-0.720
8.22,51.40,-0.720
8.23,51.37,-0.720
8.23,51.33,-0.720
8.23,51.30,-0.720
8.23,51.27,-0.720
8.23,51.23,-0.720
8.23,51.20,-0.720
8.24,51.17,-0.719
8.24,51.13,-0.719
8.24,51.10,-0.719
8.24,51.07,-0.719
8.24,51.03,-0.719
8.24,51.00,-0.719
8.25,50.97,-0.719
8.25,50.94,-0.719
8.25,50.90,-0.719
8.25,50.87,-0.719
8.25,50.84,-0.719
8.25,50.80,-0.719
8.25,50.77,-0.718
8.26,50.74,-0.718
8.26,50.70,-0.718
8.26,50.67,-0.718
8.26,50.64,-0.718
8.26,50.60,-0.718
8.26,50.57,-0.718
8.27,50.54,-0.718
8.27,50.50,-0.718
8.27,50.47,-0.718
8.27,50.44,-0.718
8.27,50.40,-0.718
8.28,50.37,-0.718
8.28,50.34,-0.718
8.28,50.30,-0.718
8.28,50.27,-0.718
8.28,50.24,-0.718
8.28,50.20,-0.718
8.29,50.17,-0.718
8.29,50.14,-0.718
8.29,50.10,-0.717
8.29,50.07,-0.717
8.29,50.04,-0.717
8.29,50.00,-0.717
8.30,49.97,-0.717
8.30,49.94,-0.717
8.30,49.90,-0.717
8.30,49.87,-0.717
8.30,49.84,-0.717
8.30,49.80,-0.717
8.30,49.77,-0.717
8.31,49.74,-0.717
8.31,49.70,-0.717
8.31,49.67,-0.717
8.31,49.64,-0.717
8.31,49.61,-0.717
8.31,49.57,-0.717
8.32,49.54,-0.717
8.32,49.51,-0.717
8.32,49.47,-0.717
8.32,49.44,-0.717
8.32,49.41,-0.717
8.33,49.37,-0.717
8.33,49.34,-0.716
8.33,49.31,-0.716
8.33,49.27,-0.716
8.33,49.24,-0.716
8.33,49.21,-0.716
8.34,49.17,-0.716
8.34,49.14,-0.716
8.34,49.11,-0.716
8.34,49.07,-0.716
8.34,49.04,-0.716
8.34,49.01,-0.716
8.35,48.97,-0.715
8.35,48.94,-0.715
8.35,48.91,-0.715
8.35,48.87,-0.715
8.35,48.84,-0.715
8.35,48.81,-0.715
8.35,48.77,-0.715
8.36,48.74,-0.715
8.36,48.71,-0.715
8.36,48.68,-0.715
8.36,48.64,-0.715
8.36,48.61,-0.715
8.36,48.58,-0.715
8.37,48.54,-0.714
8.37,48.51,-0.714
8.37,48.48,-0.714
8.37,48.44,-0.714
8.37,48.41,-0.714
8.38,48.37,-0.714
8.38,48.34,-0.714
8.38,48.31,-0.714
8.38,48.28,-0.714
8.38,48.24,-0.714
8.38,48.21,-0.714
8.39,48.18,-0.714
8.39,48.14,-0.714
8.39,48.11,-0.714
8.39,48.08,-0.714
8.39,48.04,-0.714
8.39,48.01,-0.714
8.40,47.98,-0.714
8.40,47.95,-0.714
8.40,47.91,-0.714
8.40,47.88,-0.714
8.40,47.85,-0.714
8.40,47.81,-0.714
8.40,47.78,-0.713
8.41,47.74,-0.713
8.41,47.71,-0.713
8.41,47.68,-0.713
8.41,47.65,-0.713
8.41,47.61,-0.713
8.41,47.58,-0.713
8.42,47.55,-0.713
8.42,47.51,-0.713
8.42,47.48,-0.713
8.42,47.45,-0.713
8.42,47.41,-0.713
8.43,47.38,-0.713
8.43,47.35,-0.713
8.43,47.31,-0.713
8.43,47.28,-0.713
8.43,47.25,-0.713
8.43,47.21,-0.713
8.44,47.18,-0.713
8.44,47.15,-0.712
8.44,47.11,-0.712
8.44,47.08,-0.712
8.44,47.05,-0.712
8.44,47.01,-0.712
8.45,46.98,-0.712
8.45,46.95,-0.712
8.45,46.91,-0.712
8.45,46.88,-0.712
8.45,46.85,-0.712
8.45,46.82,-0.712
8.45,46.78,-0.712
8.46,46.75,-0.712
8.46,46.72,-0.712
8.46,46.68,-0.712
8.46,46.65,-0.712
8.46,46.62,-0.711
8.46,46.58,-0.711
8.47,46.55,-0.711
8.47,46.52,-0.711
8.47,46.48,-0.711
8.47,46.45,-0.711
8.47,46.42,-0.711
8.48,46.38,-0.711
8.48,46.35,-0.711
8.48,46.32,-0.711
8.48,46.28,-0.711
8.48,46.25,-0.711
8.48,46.22,-0.711
8.49,46.19,-0.711
8.49,46.15,-0.711
8.49,46.12,-0.711
8.49,46.09,-0.710
8.49,46.05,-0.710
8.49,46.02,-0.710
8.50,45.99,-0.710
8.50,45.95,-0.710
8.50,45.92,-0.710
8.50,45.89,-0.710
8.50,45.85,-0.710
8.50,45.82,-0.710
8.50,45.79,-0.710
8.51,45.75,-0.710
8.51,45.72,-0.710
8.51,45.69,-0.710
8.51,45.65,-0.710
8.51,45.62,-0.710
8.51,45.59,-0.710
8.52,45.55,-0.710
8.52,45.52,-0.709
8.52,45.49,-0.709
8.52,45.45,-0.709
8.52,45.42,-0.709
8.53,45.39,-0.709
8.53,45.35,-0.709
8.53,45.32,-0.709
8.53,45.29,-0.709
8.53,45.25,-0.709
8.53,45.22,-0.709
8.53,45.19,-0.709
8.54,45.16,-0.709
8.54,45.12,-0.709
8.54,45.09,-0.709
8.54,45.05,-0.709
8.54,45.02,-0.709
8.55,44.99,-0.709
8.55,44.95,-0.709
8.55,44.92,-0.709
8.55,44.89,-0.709
8.55,44.86,-0.709
8.55,44.82,-0.709
8.55,44.79,-0.709
8.56,44.76,-0.709
8.56,44.72,-0.709
8.56,44.69,-0.709
8.56,44.66,-0.709
8.56,44.62,-0.708
8.57,44.59,-0.708
8.57,44.56,-0.708
8.57,44.52,-0.708
8.57,44.49,-0.708
8.57,44.46,-0.708
8.57,44.42,-0.708
8.58,44.39,-0.708
8.58,44.36,-0.708
8.58,44.33,-0.708
8.58,44.29,-0.708
8.58,44.26,-0.708
8.58,44.22,-0.708
8.58,44.19,-0.708
8.59,44.16,-0.707
8.59,44.13,-0.707
8.59,44.09,-0.707
8.59,44.06,-0.707
8.59,44.03,-0.707
8.60,43.99,-0.707
8.60,43.96,-0.707
8.60,43.93,-0.707
8.60,43.89,-0.707
8.60,43.86,-0.707
8.60,43.83,-0.707
8.60,43.79,-0.707
8.61,43.76,-0.707
8.61,43.73,-0.707
8.61,43.69,-0.707
8.61,43.66,-0.707
8.61,43.63,-0.707
8.62,43.59,-0.707
8.62,43.56,-0.707
8.62,43.53,-0.706
8.62,43.49,-0.706
8.62,43.46,-0.706
8.62,43.43,-0.706
8.63,43.39,-0.706
8.63,43.36,-0.706
8.63,43.33,-0.706
8.63,43.29,-0.706
8.63,43.26,-0.706
8.63,43.23,-0.706
8.63,43.19,-0.706
8.64,43.16,-0.706
8.64,43.13,-0.706
8.64,43.09,-0.706
8.64,43.06,-0.706
8.64,43.03,-0.706
8.65,43.00,-0.706
8.65,42.96,-0.706
8.65,42.93,-0.706
8.65,42.90,-0.706
8.65,42.86,-0.706
8.65,42.83,-0.705
8.65,42.80,-0.705
8.66,42.76,-0.705
8.66,42.73,-0.705
8.66,42.70,-0.705
8.66,42.66,-0.705
8.66,42.63,-0.705
8.67,42.60,-0.705
8.67,42.56,-0.705
8.67,42.53,-0.705
8.67,42.50,-0.705
8.67,42.46,-0.705
8.67,42.43,-0.705
8.68,42.40,-0.705
8.68,42.36,-0.705
8.68,42.33,-0.705
8.68,42.30,-0.705
8.68,42.27,-0.705
8.68,42.23,-0.705
8.68,42.20,-0.705
8.69,42.16,-0.705
8.69,42.13,-0.705
8.69,42.10,-0.705
8.69,42.07,-0.705
8.69,42.03,-0.705
8.70,42.00,-0.705
8.70,41.97,-0.704
8.70,41.93,-0.704
8.70,41.90,-0.704
8.70,41.87,-0.704
8.70,41.83,-0.704
8.70,41.80,-0.704
8.71,41.77,-0.704
8.71,41.73,-0.704
8.71,41.70,-0.704
8.71,41.67,-0.704
8.71,41.63,-0.704
8.72,41.60,-0.704
8.72,41.57,-0.704
8.72,41.53,-0.704
8.72,41.50,-0.704
8.72,41.47,-0.703
8.72,41.43,-0.703
8.73,41.40,-0.703
8.73,41.37,-0.703
8.73,41.33,-0.703
8.73,41.30,-0.703
8.73,41.27,-0.703
8.73,41.23,-0.703
8.73,41.20,-0.703
8.74,41.17,-0.703
8.74,41.13,-0.703
8.74,41.10,-0.703
8.74,41.07,-0.703
8.74,41.03,-0.703
8.75,41.00,-0.703
8.75,40.97,-0.703
8.75,40.93,-0.703
8.75,40.90,-0.703
8.75,40.87,-0.703
8.75,40.83,-0.703
8.75,40.80,-0.703
8.76,40.77,-0.703
8.76,40.74,-0.703
8.76,40.70,-0.703
8.76,40.67,-0.703
8.76,40.64,-0.702
8.77,40.60,-0.702
8.77,40.57,-0.702
8.77,40.54,-0.702
8.77,40.50,-0.702
8.77,40.47,-0.702
8.77,40.44,-0.702
8.78,40.40,-0.702
8.78,40.37,-0.702
8.78,40.34,-0.702
8.78,40.30,-0.702
8.78,40.27,-0.702
8.78,40.24,-0.702
8.78,40.20,-0.702
8.79,40.17,-0.702
8.79,40.14,-0.702
8.79,40.10,-0.701
8.79,40.07,-0.701
8.79,40.04,-0.701
8.80,40.00,-0.701
8.80,39.97,-0.701
8.80,39.94,-0.701
8.80,39.90,-0.701
8.80,39.87,-0.701
8.80,39.84,-0.701
8.80,39.80,-0.701
8.81,39.77,-0.701
8.81,39.74,-0.701
8.81,39.70,-0.701
8.81,39.67,-0.701
8.81,39.64,-0.701
8.82,39.60,-0.701
8.82,39.57,-0.701
8.82,39.54,-0.701
8.82,39.50,-0.701
8.82,39.47,-0.701
8.82,39.44,-0.701
8.83,39.40,-0.701
8.83,39.37,-0.701
8.83,39.34,-0.700
8.83,39.30,-0.700
8.83,39.27,-0.700
8.83,39.24,-0.700
8.83,39.20,-0.700
8.84,39.17,-0.700
8.84,39.14,-0.700
8.84,39.11,-0.700
8.84,39.07,-0.700
8.84,39.04,-0.700
8.85,39.01,-0.700
8.85,38.97,-0.700
8.85,38.94,-0.700
8.85,38.91,-0.700
8.85,38.87,-0.700
8.85,38.84,-0.700
8.85,38.81,-0.700
8.86,38.77,-0.700
8.86,38.74,-0.700
8.86,38.71,-0.700
8.86,38.67,-0.700
8.86,38.64,-0.700
8.87,38.61,-0.700
8.87,38.57,-0.700
8.87,38.54,-0.700
8.87,38.51,-0.699
8.87,38.47,-0.699
8.87,38.44,-0.699
8.88,38.41,-0.699
8.88,38.37,-0.699
8.88,38.34,-0.699
8.88,38.31,-0.699
8.88,38.27,-0.699
8.88,38.24,-0.699
8.88,38.21,-0.699
8.89,38.17,-0.699
8.89,38.14,-0.699
8.89,38.11,-0.699
8.89,38.07,-0.699
8.89,38.04,-0.699
8.90,38.01,-0.699
8.90,37.97,-0.699
8.90,37.94,-0.699
8.90,37.91,-0.699
8.90,37.87,-0.699
8.90,37.84,-0.699
8.90,37.81,-0.699
8.91,37.77,-0.699
8.91,37.74,-0.699
8.91,37.71,-0.699
8.91,37.67,-0.699
8.91,37.64,-0.699
8.92,37.61,-0.699
8.92,37.57,-0.699
8.92,37.54,-0.699
8.92,37.51,-0.698
8.92,37.47,-0.698
8.92,37.44,-0.698
8.93,37.41,-0.698
8.93,37.37,-0.698
8.93,37.34,-0.698
8.93,37.31,-0.698
8.93,37.27,-0.698
8.93,37.24,-0.698
8.93,37.21,-0.698
8.94,37.17,-0.698
8.94,37.14,-0.698
8.94,37.11,-0.698
8.94,37.07,-0.698
8.94,37.04,-0.698
8.95,37.01,-0.698
8.95,36.97,-0.698
8.95,36.94,-0.698
8.95,36.91,-0.698
8.95,36.87,-0.698
8.95,36.84,-0.698
8.95,36.81,-0.698
8.96,36.77,-0.698
8.96,36.74,-0.697
8.96,36.71,-0.697
8.96,36.67,-0.697
8.96,36.64,-0.697
8.97,36.61,-0.697
8.97,36.57,-0.697
8.97,36.54,-0.697
8.97,36.51,-0.697
8.97,36.47,-0.697
8.97,36.44,-0.697
8.98,36.41,-0.697
8.98,36.37,-0.697
8.98,36.34,-0.697
8.98,36.31,-0.697
8.98,36.27,-0.697
8.98,36.24,-0.697
8.98,36.21,-0.697
8.99,36.17,-0.697
8.99,36.14,-0.697
8.99,36.11,-0.697
8.99,36.07,-0.697
8.99,36.04,-0.697
9.00,36.01,-0.697
9.00,35.97,-0.697
9.00,35.94,-0.697
9.00,35.91,-0.697
9.00,35.87,-0.697
9.00,35.84,-0.697
9.00,35.81,-0.697
9.01,35.77,-0.696
9.01,35.74,-0.696
9.01,35.71,-0.696
9.01,35.67,-0.696
9.01,35.64,-0.696
9.02,35.61,-0.696
9.02,35.57,-0.696
9.02,35.54,-0.696
9.02,35.51,-0.696
9.02,35.47,-0.696
9.02,35.44,-0.696
9.03,35.41,-0.696
9.03,35.37,-0.696
9.03,35.34,-0.696
9.03,35.31,-0.696
9.03,35.27,-0.696
9.03,35.24,-0.696
9.03,35.21,-0.696
9.04,35.17,-0.696
9.04,35.14,-0.696
9.04,35.11,-0.696
9.04,35.07,-0.696
9.04,35.04,-0.696
9.05,35.01,-0.696
9.05,34.97,-0.695
9.05,34.94,-0.695
9.05,34.91,-0.695
9.05,34.87,-0.695
9.05,34.84,
9.05,34.81,
9.06,34.77,
9.06,34.74,
9.06,34.71,
9.06,34.67,
9.06,34.64,
9.07,34.61,
9.07,34.57,
9.07,34.54,
9.07,34.51,
9.07,34.47,
9.07,34.44,
9.08,34.41,
9.08,34.37,
9.08,34.34,
9.08,34.31,
9.08,34.27,
9.08,34.24,
9.08,34.21,
9.09,34.17,
9.09,34.14,
9.09,34.11,
9.09,34.08,
9.09,34.04,
9.10,34.01,
9.10,33.98,
9.10,33.94,
9.10,33.91,
9.10,33.87,
9.10,,
9.10,,
9.11,,
9.11,,
9.11,,

