Filename,2026_04_15_Ibuprofen_Hermetic_DSC
Instrument name,DSC2A-00468 (192.168.1.100)
Operator,Yarger
rundate,4/15/2026
Sample name,2026_04_15_Ibuprofen_Hermetic_DSC
proceduresegments,Data Off ; Equilibrate -80.00 °C; Data On ; Ramp 10.00 °C/min to 90.00 °C; Data Off ; Isothermal 1.0 min; Data On ; Ramp 10.00 °C/min to -80.00 °C; Data Off ; Isothermal 1.0 min; Data On ; Ramp 10.00 °C/min to 90.00 °C
[File Parameters]
Run date,4/15/2026 4:53:31 PM
Trios version,5.1.1.46572
Original File Name,
Current File Name,D:\DSC2500\JYarger\2026_04_15_Ibuprofen_Hermetic_DSC.tri
[Procedure]
Procedure Name,DSC_n80C_90C_10Cmin_x2
Sample Name,2026_04_15_Ibuprofen_Hermetic_DSC
Sample Mass,8.16 mg
Reference Sample Mass,0 mg
Pan Mass,56.6 mg
Pan Number,5
Reference Pan Mass,56.19 mg
Reference Pan Number,1
Pan Type,Tzero Aluminum Hermetic
Comments,Remote DSC for ASU online pchem lab (CHM 343).  Hermetic sealed Al pan/lids.
Project Name,ASU Online Pchem Lab (CHM343)
Operator,Yarger
Test,Custom
Unload Max Temperature,30
Unload Min Temperature,30
Load Max Temperature,30
Load Min Temperature,30
Stop on Gas Flow Error,Yes
[Signal List]
Signal #1,Time (min)
Signal #2,Temperature (°C)
Signal #3,Heat Flow (mW)
Signal #4,Delta T (µV)
Signal #5,Delta Tzero (µV)
Signal #6,Tzero Temperature (°C)
Signal #7,Cell Purge (mL/min)
Signal #8,Heater Temp (°C)
Signal #9,Power Delivered (W)
Signal #10,Reference Junction Temperature (°C)
Signal #11,Flange Temperature (°C)
Signal #12,Heat Flow Phase (rad)
Signal #13,Total Heat Capacity (J/°C)
Signal #14,Heat Capacity (J/°C)
[Configuration]
Company Name,ASU
Instrument Name,DSC2A-00468
Instrument Type,DSC2500
Serial Number,DSC2A-00468
IP,192.168.1.100
Location of Instrument,MRRC
DisplayType,Unknown
Sample Interval ,0.1 s/pt
Selected Heat Flow,T4P
Exotherm Direction,Down
Cell Serial,DRC2-00792
Lid Type,Standard
Cooler,RCS 90
Leave Cooler on at End of Sequence,On
Gas 2,Nitrogen
Gas Selected,Channel 1
Flow Rate,50 mL/min
Secondary Purge,On
Licensed Heat Flow,Heat Flow T4P
Modulation Licensed,Yes
[Versions]
Common IDD Version,1
Cortex Version,VER 2.10.2.31
Driver,5.0.0.6
GDM Version,1.0.3.3
TouchscreenVersion,1.0.0.16145
FEP Version,1.2.1.21
FEP Bootloader,2.0.0.5
AutoSampler Version,2.1.1.26
Auto Sampler Bootloader,2.0.0.5
FCM Version,1.1.0.3
FCM Bootloader,2.0.0.5
[Experiment Logs]
Experiment Log Entry # 1,Data On set to 0
Experiment Log Entry # 3,Equilibrate Segment -80 (C) Started
Experiment Log Entry # 5,Air Cool is off.
Experiment Log Entry # 7,Data On set to 1
Experiment Log Entry # 9,Ramp Segment 10 C/min to 90 Started
Experiment Log Entry # 11,Data On set to 0
Experiment Log Entry # 13,Isothermal Segment 1 min started
Experiment Log Entry # 15,Data On set to 1
Experiment Log Entry # 17,Ramp Segment 10 C/min to -80 Started
Experiment Log Entry # 19,Data On set to 0
Experiment Log Entry # 21,Isothermal Segment 1 min started
Experiment Log Entry # 23,Data On set to 1
Experiment Log Entry # 25,Ramp Segment 10 C/min to 90 Started
[Method Log]
Method Log Entry # 1,Data Off
Method Log Entry # 2,Equilibrate -80 °C
Method Log Entry # 3,Data On
Method Log Entry # 4,(Ramp 15783) Ramp 10 °C/minute to 90 °C
Method Log Entry # 5,Data Off
Method Log Entry # 6,Isothermal 1 minutes
Method Log Entry # 7,Data On
Method Log Entry # 8,(Ramp 15787) Ramp 10 °C/minute to -80 °C
Method Log Entry # 9,Data Off
Method Log Entry # 10,Isothermal 1 minutes
Method Log Entry # 11,Data On
Method Log Entry # 12,(Ramp 15791) Ramp 10 °C/minute to 90 °C
Cell Serial,DRC2-00792
[T1 Calibration]
Slope,-0.008529666
Offset,9.636258
Initial Temperature,98.23
GUID,f8bfdadc-4977-4fdf-ba6d-0ba9134940c3
[TZero Calibration]
Date Applied,11/29/2022 4:06:13 PM
Description,From -89.059 °C to 396.009 °C at 20.000°C/min
Gas Type,Nitrogen
Pan Type,None
Source Files 1,C:\Users\yargerlab\Desktop\DSC Data\General\TZero_calibration_11_29_22_2nd(2).tri
Source Files 2,C:\Users\yargerlab\Desktop\DSC Data\General\TZero_calibration_11_29_22_2nd(3).tri
Delta T Offset,13.05235
Delta T Slope,-0.007271007
Delta T0 Offset,-13.69128
Delta T0 Slope,0.06063341
[Temperature Calibration]
Date Applied,11/29/2022 7:12:28 PM
Description,From 106.590 °C to 186.590 °C at 10.000°C/min
Gas Type,Nitrogen
Pan Type,Tzero Aluminum Hermetic
Source Files 1,C:\Users\yargerlab\Desktop\DSC Data\General\Indium(6).tri
Measured 1,157.391
Known 1,156.598
[Cell Constant Calibration]
Date Applied,11/29/2022 7:12:29 PM
Description,From 106.590 °C to 186.590 °C at 10.000°C/min
Gas Type,Nitrogen
Pan Type,Tzero Aluminum Hermetic
Source Files 1,C:\Users\yargerlab\Desktop\DSC Data\General\Indium(6).tri
T4P KCell,1.006051
Onset Slope,63.26126 mW/°C
[Direct Cp Calibration]
Date Applied,11/30/2022 11:04:51 AM
Description,From -79.983 °C to 298.409 °C at 10.000°C/min
Gas Type,Nitrogen
Pan Type,Tzero Aluminum Hermetic
Source Files 1,C:\Users\yargerlab\Desktop\DSC Data\General\Sapphire_Heat_Capacity_11_30_22.tri
[Rev Cp Calibration]
Date Applied,11/30/2022 1:58:51 PM
Description,From -79.996 °C to 292.812 °C at 3.000°C/min
Gas Type,Nitrogen
Pan Type,Tzero Aluminum Hermetic
Source Files 1,C:\Users\yargerlab\Desktop\DSC Data\General\Sapphire_MDSC_Calibration_11_30_22.tri
[step]
Ramp 10.00 °C/min to 90.00 °C
Time,Temperature,Heat Flow (Normalized)
min,°C,W/g
0.00,-79.72,-0.039
0.00,-79.73,-0.039
0.00,-79.73,-0.039
0.01,-79.73,-0.039
0.01,-79.73,-0.039
0.01,-79.73,-0.039
0.01,-79.73,-0.039
0.01,-79.73,-0.039
0.01,-79.73,-0.038
0.01,-79.73,-0.038
0.02,-79.73,-0.038
0.02,-79.73,-0.038
0.02,-79.73,-0.038
0.02,-79.73,-0.038
0.02,-79.73,-0.037
0.03,-79.73,-0.037
0.03,-79.73,-0.037
0.03,-79.73,-0.037
0.03,-79.74,-0.037
0.03,-79.73,-0.036
0.03,-79.73,-0.036
0.03,-79.73,-0.035
0.04,-79.73,-0.035
0.04,-79.73,-0.034
0.04,-79.73,-0.034
0.04,-79.73,-0.033
0.04,-79.73,-0.032
0.05,-79.73,-0.032
0.05,-79.73,-0.031
0.05,-79.73,-0.030
0.05,-79.73,-0.030
0.05,-79.73,-0.029
0.05,-79.73,-0.029
0.05,-79.73,-0.028
0.06,-79.73,-0.027
0.06,-79.72,-0.027
0.06,-79.72,-0.026
0.06,-79.72,-0.025
0.06,-79.72,-0.024
0.07,-79.72,-0.024
0.07,-79.71,-0.023
0.07,-79.71,-0.022
0.07,-79.71,-0.021
0.07,-79.70,-0.021
0.07,-79.70,-0.020
0.08,-79.70,-0.019
0.08,-79.69,-0.018
0.08,-79.69,-0.017
0.08,-79.68,-0.016
0.08,-79.68,-0.015
0.08,-79.68,-0.014
0.08,-79.67,-0.013
0.09,-79.67,-0.011
0.09,-79.66,-0.010
0.09,-79.66,-0.009
0.09,-79.65,-0.008
0.09,-79.65,-0.007
0.09,-79.64,-0.006
0.10,-79.64,-0.005
0.10,-79.63,-0.004
0.10,-79.62,-0.003
0.10,-79.62,-0.002
0.10,-79.61,0.000
0.11,-79.60,0.001
0.11,-79.60,0.002
0.11,-79.59,0.003
0.11,-79.58,0.004
0.11,-79.57,0.006
0.11,-79.57,0.007
0.12,-79.56,0.009
0.12,-79.55,0.010
0.12,-79.54,0.012
0.12,-79.54,0.013
0.12,-79.53,0.014
0.12,-79.52,0.016
0.13,-79.51,0.017
0.13,-79.50,0.018
0.13,-79.49,0.019
0.13,-79.48,0.021
0.13,-79.47,0.022
0.13,-79.46,0.024
0.14,-79.45,0.025
0.14,-79.44,0.026
0.14,-79.43,0.028
0.14,-79.42,0.029
0.14,-79.41,0.031
0.14,-79.40,0.032
0.14,-79.39,0.034
0.15,-79.39,0.035
0.15,-79.37,0.037
0.15,-79.36,0.038
0.15,-79.35,0.040
0.15,-79.34,0.041
0.16,-79.33,0.043
0.16,-79.32,0.044
0.16,-79.31,0.045
0.16,-79.30,0.046
0.16,-79.29,0.047
0.16,-79.27,0.049
0.16,-79.26,0.050
0.17,-79.25,0.052
0.17,-79.24,0.054
0.17,-79.23,0.055
0.17,-79.22,0.056
0.17,-79.21,0.057
0.18,-79.19,0.059
0.18,-79.18,0.060
0.18,-79.17,0.061
0.18,-79.16,0.062
0.18,-79.15,0.063
0.18,-79.13,0.065
0.19,-79.12,0.066
0.19,-79.11,0.068
0.19,-79.10,0.069
0.19,-79.08,0.071
0.19,-79.07,0.072
0.19,-79.06,0.073
0.19,-79.05,0.074
0.20,-79.04,0.075
0.20,-79.02,0.076
0.20,-79.01,0.077
0.20,-79.00,0.078
0.20,-78.98,0.079
0.21,-78.97,0.081
0.21,-78.96,0.082
0.21,-78.95,0.083
0.21,-78.93,0.084
0.21,-78.92,0.086
0.21,-78.91,0.087
0.21,-78.90,0.088
0.22,-78.88,0.089
0.22,-78.87,0.090
0.22,-78.86,0.091
0.22,-78.84,0.092
0.22,-78.83,0.093
0.23,-78.82,0.094
0.23,-78.81,0.095
0.23,-78.79,0.096
0.23,-78.78,0.097
0.23,-78.77,0.098
0.23,-78.75,0.099
0.24,-78.74,0.100
0.24,-78.73,0.101
0.24,-78.71,0.102
0.24,-78.70,0.103
0.24,-78.69,0.104
0.24,-78.67,0.105
0.24,-78.66,0.105
0.25,-78.65,0.107
0.25,-78.63,0.108
0.25,-78.62,0.108
0.25,-78.60,0.109
0.25,-78.59,0.110
0.26,-78.58,0.111
0.26,-78.56,0.112
0.26,-78.55,0.113
0.26,-78.54,0.114
0.26,-78.52,0.114
0.26,-78.51,0.115
0.26,-78.49,0.116
0.27,-78.48,0.117
0.27,-78.47,0.117
0.27,-78.45,0.118
0.27,-78.44,0.118
0.27,-78.43,0.119
0.28,-78.41,0.120
0.28,-78.40,0.120
0.28,-78.38,0.122
0.28,-78.37,0.123
0.28,-78.35,0.124
0.28,-78.34,0.124
0.29,-78.33,0.125
0.29,-78.31,0.126
0.29,-78.30,0.126
0.29,-78.28,0.127
0.29,-78.27,0.127
0.29,-78.25,0.128
0.30,-78.24,0.128
0.30,-78.23,0.129
0.30,-78.21,0.130
0.30,-78.20,0.131
0.30,-78.18,0.132
0.30,-78.17,0.133
0.30,-78.15,0.133
0.31,-78.14,0.134
0.31,-78.13,0.134
0.31,-78.11,0.134
0.31,-78.10,0.135
0.31,-78.08,0.136
0.31,-78.07,0.136
0.32,-78.05,0.137
0.32,-78.04,0.137
0.32,-78.02,0.138
0.32,-78.01,0.139
0.32,-77.99,0.139
0.33,-77.98,0.140
0.33,-77.96,0.141
0.33,-77.95,0.142
0.33,-77.93,0.142
0.33,-77.92,0.142
0.33,-77.90,0.143
0.34,-77.89,0.143
0.34,-77.88,0.144
0.34,-77.86,0.144
0.34,-77.85,0.144
0.34,-77.83,0.144
0.34,-77.82,0.145
0.35,-77.80,0.146
0.35,-77.78,0.147
0.35,-77.77,0.147
0.35,-77.75,0.148
0.35,-77.74,0.149
0.35,-77.72,0.149
0.35,-77.71,0.150
0.36,-77.69,0.150
0.36,-77.68,0.150
0.36,-77.66,0.150
0.36,-77.65,0.150
0.36,-77.63,0.151
0.36,-77.62,0.151
0.37,-77.60,0.152
0.37,-77.59,0.153
0.37,-77.57,0.154
0.37,-77.56,0.154
0.37,-77.54,0.154
0.38,-77.53,0.155
0.38,-77.51,0.155
0.38,-77.50,0.155
0.38,-77.48,0.155
0.38,-77.46,0.156
0.38,-77.45,0.156
0.39,-77.43,0.157
0.39,-77.42,0.157
0.39,-77.40,0.157
0.39,-77.39,0.158
0.39,-77.37,0.157
0.39,-77.36,0.158
0.40,-77.34,0.158
0.40,-77.33,0.159
0.40,-77.31,0.159
0.40,-77.30,0.159
0.40,-77.28,0.160
0.40,-77.27,0.161
0.40,-77.25,0.161
0.41,-77.23,0.162
0.41,-77.22,0.162
0.41,-77.20,0.162
0.41,-77.19,0.163
0.41,-77.17,0.163
0.41,-77.16,0.163
0.42,-77.14,0.163
0.42,-77.13,0.163
0.42,-77.11,0.163
0.42,-77.09,0.163
0.42,-77.08,0.163
0.43,-77.06,0.163
0.43,-77.05,0.163
0.43,-77.03,0.164
0.43,-77.02,0.165
0.43,-77.00,0.165
0.43,-76.98,0.166
0.44,-76.97,0.166
0.44,-76.95,0.166
0.44,-76.94,0.166
0.44,-76.92,0.166
0.44,-76.91,0.166
0.44,-76.89,0.166
0.45,-76.88,0.166
0.45,-76.86,0.167
0.45,-76.84,0.167
0.45,-76.83,0.168
0.45,-76.81,0.168
0.45,-76.80,0.168
0.45,-76.78,0.169
0.46,-76.77,0.169
0.46,-76.75,0.169
0.46,-76.73,0.169
0.46,-76.72,0.169
0.46,-76.70,0.169
0.46,-76.69,0.170
0.47,-76.67,0.170
0.47,-76.66,0.171
0.47,-76.64,0.171
0.47,-76.62,0.171
0.47,-76.61,0.171
0.48,-76.59,0.171
0.48,-76.58,0.171
0.48,-76.56,0.171
0.48,-76.54,0.171
0.48,-76.53,0.171
0.48,-76.51,0.171
0.49,-76.50,0.171
0.49,-76.48,0.172
0.49,-76.46,0.172
0.49,-76.45,0.173
0.49,-76.43,0.173
0.49,-76.42,0.173
0.50,-76.40,0.173
0.50,-76.39,0.174
0.50,-76.37,0.174
0.50,-76.35,0.174
0.50,-76.34,0.174
0.50,-76.32,0.174
0.50,-76.30,0.174
0.51,-76.29,0.174
0.51,-76.27,0.174
0.51,-76.26,0.175
0.51,-76.24,0.175
0.51,-76.23,0.175
0.51,-76.21,0.175
0.52,-76.19,0.175
0.52,-76.18,0.175
0.52,-76.16,0.175
0.52,-76.15,0.175
0.52,-76.13,0.175
0.53,-76.11,0.176
0.53,-76.10,0.176
0.53,-76.08,0.176
0.53,-76.06,0.176
0.53,-76.05,0.177
0.53,-76.03,0.177
0.53,-76.02,0.177
0.54,-76.00,0.177
0.54,-75.98,0.177
0.54,-75.97,0.177
0.54,-75.95,0.177
0.54,-75.94,0.177
0.55,-75.92,0.177
0.55,-75.90,0.177
0.55,-75.89,0.178
0.55,-75.87,0.178
0.55,-75.85,0.178
0.55,-75.84,0.178
0.55,-75.82,0.178
0.56,-75.81,0.178
0.56,-75.79,0.178
0.56,-75.78,0.178
0.56,-75.76,0.178
0.56,-75.74,0.178
0.57,-75.73,0.178
0.57,-75.71,0.179
0.57,-75.70,0.179
0.57,-75.68,0.179
0.57,-75.66,0.179
0.57,-75.65,0.179
0.58,-75.63,0.179
0.58,-75.62,0.179
0.58,-75.60,0.179
0.58,-75.58,0.179
0.58,-75.57,0.180
0.58,-75.55,0.180
0.58,-75.53,0.180
0.59,-75.52,0.180
0.59,-75.50,0.180
0.59,-75.48,0.180
0.59,-75.47,0.180
0.59,-75.45,0.180
0.60,-75.44,0.180
0.60,-75.42,0.180
0.60,-75.40,0.180
0.60,-75.39,0.180
0.60,-75.37,0.180
0.60,-75.35,0.180
0.60,-75.34,0.180
0.61,-75.32,0.181
0.61,-75.31,0.181
0.61,-75.29,0.181
0.61,-75.27,0.181
0.61,-75.26,0.181
0.62,-75.24,0.181
0.62,-75.22,0.181
0.62,-75.21,0.181
0.62,-75.19,0.181
0.62,-75.18,0.181
0.62,-75.16,0.181
0.63,-75.14,0.181
0.63,-75.13,0.181
0.63,-75.11,0.181
0.63,-75.09,0.181
0.63,-75.08,0.181
0.63,-75.06,0.181
0.63,-75.05,0.181
0.64,-75.03,0.181
0.64,-75.01,0.182
0.64,-75.00,0.182
0.64,-74.98,0.182
0.64,-74.96,0.182
0.65,-74.95,0.182
0.65,-74.93,0.182
0.65,-74.92,0.182
0.65,-74.90,0.182
0.65,-74.88,0.182
0.65,-74.87,0.182
0.65,-74.85,0.182
0.66,-74.83,0.182
0.66,-74.82,0.182
0.66,-74.80,0.182
0.66,-74.79,0.182
0.66,-74.77,0.182
0.67,-74.75,0.182
0.67,-74.74,0.182
0.67,-74.72,0.182
0.67,-74.70,0.182
0.67,-74.69,0.183
0.67,-74.67,0.183
0.68,-74.65,0.183
0.68,-74.64,0.183
0.68,-74.62,0.183
0.68,-74.61,0.183
0.68,-74.59,0.183
0.68,-74.57,0.183
0.68,-74.56,0.183
0.69,-74.54,0.183
0.69,-74.52,0.183
0.69,-74.51,0.183
0.69,-74.49,0.183
0.69,-74.47,0.183
0.70,-74.46,0.183
0.70,-74.44,0.183
0.70,-74.43,0.184
0.70,-74.41,0.184
0.70,-74.39,0.184
0.70,-74.38,0.184
0.70,-74.36,0.184
0.71,-74.34,0.184
0.71,-74.33,0.184
0.71,-74.31,0.184
0.71,-74.30,0.184
0.71,-74.28,0.184
0.72,-74.26,0.184
0.72,-74.25,0.184
0.72,-74.23,0.184
0.72,-74.21,0.184
0.72,-74.20,0.184
0.72,-74.18,0.184
0.73,-74.16,0.184
0.73,-74.15,0.184
0.73,-74.13,0.184
0.73,-74.12,0.184
0.73,-74.10,0.184
0.73,-74.08,0.184
0.73,-74.07,0.184
0.74,-74.05,0.184
0.74,-74.03,0.184
0.74,-74.02,0.184
0.74,-74.00,0.184
0.74,-73.98,0.184
0.75,-73.97,0.184
0.75,-73.95,0.184
0.75,-73.93,0.184
0.75,-73.92,0.185
0.75,-73.90,0.185
0.75,-73.88,0.185
0.75,-73.87,0.185
0.76,-73.85,0.185
0.76,-73.84,0.185
0.76,-73.82,0.185
0.76,-73.80,0.185
0.76,-73.79,0.185
0.77,-73.77,0.185
0.77,-73.75,0.185
0.77,-73.74,0.185
0.77,-73.72,0.185
0.77,-73.71,0.185
0.77,-73.69,0.185
0.78,-73.67,0.185
0.78,-73.66,0.185
0.78,-73.64,0.185
0.78,-73.62,0.185
0.78,-73.61,0.185
0.78,-73.59,0.185
0.78,-73.57,0.185
0.79,-73.56,0.185
0.79,-73.54,0.185
0.79,-73.52,0.185
0.79,-73.51,0.185
0.79,-73.49,0.185
0.80,-73.48,0.185
0.80,-73.46,0.185
0.80,-73.44,0.185
0.80,-73.43,0.185
0.80,-73.41,0.185
0.80,-73.39,0.185
0.80,-73.38,0.185
0.81,-73.36,0.185
0.81,-73.34,0.185
0.81,-73.33,0.185
0.81,-73.31,0.186
0.81,-73.29,0.186
0.82,-73.28,0.186
0.82,-73.26,0.186
0.82,-73.24,0.186
0.82,-73.23,0.186
0.82,-73.21,0.186
0.82,-73.19,0.186
0.83,-73.18,0.186
0.83,-73.16,0.186
0.83,-73.14,0.186
0.83,-73.13,0.186
0.83,-73.11,0.186
0.83,-73.10,0.186
0.83,-73.08,0.186
0.84,-73.06,0.186
0.84,-73.05,0.186
0.84,-73.03,0.186
0.84,-73.01,0.186
0.84,-73.00,0.186
0.85,-72.98,0.186
0.85,-72.97,0.186
0.85,-72.95,0.186
0.85,-72.93,0.186
0.85,-72.91,0.186
0.85,-72.90,0.186
0.85,-72.88,0.186
0.86,-72.87,0.186
0.86,-72.85,0.186
0.86,-72.83,0.186
0.86,-72.82,0.186
0.86,-72.80,0.186
0.87,-72.78,0.186
0.87,-72.77,0.186
0.87,-72.75,0.186
0.87,-72.73,0.186
0.87,-72.72,0.186
0.87,-72.70,0.186
0.88,-72.68,0.186
0.88,-72.67,0.186
0.88,-72.65,0.186
0.88,-72.63,0.186
0.88,-72.62,0.186
0.88,-72.60,0.186
0.88,-72.58,0.186
0.89,-72.57,0.186
0.89,-72.55,0.186
0.89,-72.53,0.186
0.89,-72.52,0.187
0.89,-72.50,0.187
0.90,-72.49,0.187
0.90,-72.47,0.187
0.90,-72.45,0.187
0.90,-72.44,0.187
0.90,-72.42,0.187
0.90,-72.41,0.187
0.90,-72.39,0.187
0.91,-72.37,0.187
0.91,-72.35,0.187
0.91,-72.34,0.187
0.91,-72.32,0.187
0.91,-72.31,0.187
0.92,-72.29,0.187
0.92,-72.27,0.187
0.92,-72.26,0.187
0.92,-72.24,0.187
0.92,-72.22,0.187
0.92,-72.21,0.187
0.93,-72.19,0.187
0.93,-72.17,0.187
0.93,-72.16,0.187
0.93,-72.14,0.187
0.93,-72.12,0.187
0.93,-72.11,0.187
0.93,-72.09,0.187
0.94,-72.07,0.187
0.94,-72.06,0.187
0.94,-72.04,0.187
0.94,-72.02,0.188
0.94,-72.01,0.188
0.95,-71.99,0.188
0.95,-71.97,0.188
0.95,-71.96,0.188
0.95,-71.94,0.188
0.95,-71.92,0.188
0.95,-71.91,0.188
0.95,-71.89,0.188
0.96,-71.87,0.188
0.96,-71.86,0.188
0.96,-71.84,0.188
0.96,-71.83,0.188
0.96,-71.81,0.188
0.97,-71.79,0.188
0.97,-71.77,0.188
0.97,-71.76,0.188
0.97,-71.74,0.188
0.97,-71.73,0.188
0.97,-71.71,0.188
0.98,-71.69,0.188
0.98,-71.68,0.188
0.98,-71.66,0.188
0.98,-71.65,0.188
0.98,-71.63,0.188
0.98,-71.61,0.188
0.98,-71.59,0.188
0.99,-71.58,0.188
0.99,-71.56,0.188
0.99,-71.54,0.188
0.99,-71.53,0.188
0.99,-71.51,0.188
1.00,-71.49,0.188
1.00,-71.48,0.188
1.00,-71.46,0.188
1.00,-71.45,0.188
1.00,-71.43,0.188
1.00,-71.41,0.188
1.00,-71.40,0.188
1.01,-71.38,0.188
1.01,-71.36,0.188
1.01,-71.35,0.188
1.01,-71.33,0.188
1.01,-71.31,0.188
1.02,-71.30,0.188
1.02,-71.28,0.188
1.02,-71.26,0.188
1.02,-71.25,0.188
1.02,-71.23,0.188
1.02,-71.21,0.188
1.03,-71.20,0.188
1.03,-71.18,0.188
1.03,-71.17,0.188
1.03,-71.15,0.188
1.03,-71.13,0.188
1.03,-71.11,0.188
1.03,-71.10,0.188
1.04,-71.08,0.188
1.04,-71.06,0.188
1.04,-71.05,0.188
1.04,-71.03,0.188
1.04,-71.01,0.188
1.05,-71.00,0.188
1.05,-70.98,0.189
1.05,-70.97,0.189
1.05,-70.95,0.189
1.05,-70.93,0.189
1.05,-70.92,0.189
1.05,-70.90,0.189
1.06,-70.88,0.189
1.06,-70.87,0.189
1.06,-70.85,0.189
1.06,-70.83,0.189
1.06,-70.82,0.189
1.07,-70.80,0.189
1.07,-70.78,0.189
1.07,-70.77,0.189
1.07,-70.75,0.189
1.07,-70.73,0.189
1.07,-70.71,0.189
1.08,-70.70,0.189
1.08,-70.68,0.189
1.08,-70.67,0.189
1.08,-70.65,0.189
1.08,-70.63,0.189
1.08,-70.62,0.189
1.08,-70.60,0.189
1.09,-70.58,0.189
1.09,-70.57,0.189
1.09,-70.55,0.189
1.09,-70.54,0.189
1.09,-70.52,0.189
1.09,-70.50,0.189
1.10,-70.48,0.189
1.10,-70.47,0.189
1.10,-70.45,0.189
1.10,-70.44,0.189
1.10,-70.42,0.189
1.11,-70.40,0.189
1.11,-70.39,0.189
1.11,-70.37,0.189
1.11,-70.35,0.189
1.11,-70.34,0.189
1.11,-70.32,0.189
1.12,-70.30,0.189
1.12,-70.29,0.189
1.12,-70.27,0.189
1.12,-70.25,0.189
1.12,-70.24,0.189
1.12,-70.22,0.189
1.13,-70.20,0.189
1.13,-70.19,0.189
1.13,-70.17,0.189
1.13,-70.15,0.189
1.13,-70.14,0.189
1.13,-70.12,0.189
1.13,-70.10,0.189
1.14,-70.09,0.189
1.14,-70.07,0.189
1.14,-70.05,0.189
1.14,-70.04,0.189
1.14,-70.02,0.189
1.14,-70.00,0.189
1.15,-69.99,0.189
1.15,-69.97,0.189
1.15,-69.95,0.189
1.15,-69.94,0.189
1.15,-69.92,0.189
1.16,-69.90,0.189
1.16,-69.89,0.190
1.16,-69.87,0.190
1.16,-69.86,0.190
1.16,-69.84,0.190
1.16,-69.82,0.190
1.17,-69.81,0.190
1.17,-69.79,0.190
1.17,-69.77,0.190
1.17,-69.76,0.190
1.17,-69.74,0.190
1.17,-69.72,0.190
1.18,-69.71,0.190
1.18,-69.69,0.190
1.18,-69.67,0.190
1.18,-69.66,0.190
1.18,-69.64,0.190
1.18,-69.62,0.190
1.18,-69.61,0.190
1.19,-69.59,0.190
1.19,-69.57,0.190
1.19,-69.56,0.190
1.19,-69.54,0.190
1.19,-69.52,0.190
1.19,-69.51,0.190
1.20,-69.49,0.190
1.20,-69.47,0.190
1.20,-69.46,0.190
1.20,-69.44,0.190
1.20,-69.42,0.190
1.21,-69.41,0.190
1.21,-69.39,0.190
1.21,-69.37,0.190
1.21,-69.36,0.190
1.21,-69.34,0.190
1.21,-69.32,0.190
1.22,-69.31,0.190
1.22,-69.29,0.190
1.22,-69.27,0.190
1.22,-69.26,0.190
1.22,-69.24,0.190
1.22,-69.22,0.190
1.23,-69.21,0.190
1.23,-69.19,0.190
1.23,-69.17,0.190
1.23,-69.16,0.190
1.23,-69.14,0.190
1.23,-69.12,0.190
1.23,-69.11,0.190
1.24,-69.09,0.190
1.24,-69.07,0.190
1.24,-69.06,0.190
1.24,-69.04,0.190
1.24,-69.03,0.190
1.24,-69.01,0.190
1.25,-68.99,0.190
1.25,-68.98,0.190
1.25,-68.96,0.190
1.25,-68.94,0.190
1.25,-68.92,0.190
1.26,-68.91,0.190
1.26,-68.89,0.190
1.26,-68.88,0.190
1.26,-68.86,0.190
1.26,-68.84,0.190
1.26,-68.83,0.190
1.27,-68.81,0.190
1.27,-68.79,0.190
1.27,-68.78,0.190
1.27,-68.76,0.190
1.27,-68.74,0.190
1.27,-68.73,0.190
1.28,-68.71,0.190
1.28,-68.69,0.191
1.28,-68.68,0.191
1.28,-68.66,0.191
1.28,-68.64,0.191
1.28,-68.63,0.191
1.28,-68.61,0.191
1.29,-68.59,0.191
1.29,-68.58,0.191
1.29,-68.56,0.191
1.29,-68.54,0.191
1.29,-68.53,0.191
1.29,-68.51,0.191
1.30,-68.49,0.191
1.30,-68.48,0.191
1.30,-68.46,0.191
1.30,-68.44,0.191
1.30,-68.43,0.191
1.31,-68.41,0.191
1.31,-68.39,0.191
1.31,-68.38,0.191
1.31,-68.36,0.191
1.31,-68.34,0.191
1.31,-68.33,0.191
1.32,-68.31,0.191
1.32,-68.29,0.191
1.32,-68.28,0.191
1.32,-68.26,0.191
1.32,-68.25,0.191
1.32,-68.23,0.191
1.33,-68.21,0.191
1.33,-68.19,0.191
1.33,-68.18,0.191
1.33,-68.16,0.191
1.33,-68.15,0.191
1.33,-68.13,0.191
1.33,-68.11,0.191
1.34,-68.10,0.191
1.34,-68.08,0.191
1.34,-68.06,0.191
1.34,-68.04,0.191
1.34,-68.03,0.191
1.34,-68.01,0.191
1.35,-68.00,0.191
1.35,-67.98,0.191
1.35,-67.96,0.191
1.35,-67.95,0.191
1.35,-67.93,0.191
1.36,-67.91,0.191
1.36,-67.90,0.191
1.36,-67.88,0.191
1.36,-67.86,0.191
1.36,-67.84,0.191
1.36,-67.83,0.191
1.37,-67.81,0.191
1.37,-67.80,0.191
1.37,-67.78,0.191
1.37,-67.76,0.191
1.37,-67.75,0.191
1.37,-67.73,0.191
1.38,-67.71,0.191
1.38,-67.70,0.191
1.38,-67.68,0.191
1.38,-67.66,0.191
1.38,-67.65,0.191
1.38,-67.63,0.191
1.38,-67.61,0.191
1.39,-67.60,0.191
1.39,-67.58,0.191
1.39,-67.56,0.191
1.39,-67.55,0.191
1.39,-67.53,0.191
1.39,-67.51,0.191
1.40,-67.50,0.191
1.40,-67.48,0.191
1.40,-67.46,0.191
1.40,-67.45,0.191
1.40,-67.43,0.191
1.41,-67.42,0.191
1.41,-67.40,0.192
1.41,-67.38,0.192
1.41,-67.36,0.192
1.41,-67.35,0.192
1.41,-67.33,0.192
1.42,-67.31,0.192
1.42,-67.30,0.192
1.42,-67.28,0.192
1.42,-67.27,0.192
1.42,-67.25,0.192
1.42,-67.23,0.192
1.43,-67.21,0.192
1.43,-67.20,0.192
1.43,-67.18,0.192
1.43,-67.16,0.192
1.43,-67.15,0.192
1.43,-67.13,0.192
1.43,-67.12,0.192
1.44,-67.10,0.192
1.44,-67.08,0.192
1.44,-67.07,0.192
1.44,-67.05,0.192
1.44,-67.03,0.192
1.44,-67.02,0.192
1.45,-67.00,0.192
1.45,-66.98,0.192
1.45,-66.96,0.192
1.45,-66.95,0.192
1.45,-66.93,0.192
1.46,-66.92,0.192
1.46,-66.90,0.192
1.46,-66.88,0.192
1.46,-66.87,0.192
1.46,-66.85,0.192
1.46,-66.83,0.192
1.47,-66.81,0.192
1.47,-66.80,0.192
1.47,-66.78,0.192
1.47,-66.77,0.192
1.47,-66.75,0.192
1.47,-66.73,0.192
1.48,-66.72,0.192
1.48,-66.70,0.192
1.48,-66.68,0.192
1.48,-66.67,0.192
1.48,-66.65,0.192
1.48,-66.63,0.192
1.48,-66.62,0.192
1.49,-66.60,0.192
1.49,-66.59,0.192
1.49,-66.57,0.192
1.49,-66.55,0.192
1.49,-66.53,0.192
1.49,-66.52,0.192
1.50,-66.50,0.192
1.50,-66.48,0.192
1.50,-66.47,0.192
1.50,-66.45,0.192
1.50,-66.43,0.192
1.51,-66.42,0.192
1.51,-66.40,0.192
1.51,-66.38,0.192
1.51,-66.37,0.192
1.51,-66.35,0.192
1.51,-66.33,0.192
1.52,-66.32,0.192
1.52,-66.30,0.192
1.52,-66.28,0.192
1.52,-66.27,0.192
1.52,-66.25,0.192
1.52,-66.23,0.192
1.53,-66.22,0.192
1.53,-66.20,0.192
1.53,-66.18,0.192
1.53,-66.17,0.192
1.53,-66.15,0.192
1.53,-66.13,0.192
1.53,-66.12,0.192
1.54,-66.10,0.192
1.54,-66.08,0.192
1.54,-66.07,0.192
1.54,-66.05,0.192
1.54,-66.03,0.192
1.54,-66.02,0.192
1.55,-66.00,0.192
1.55,-65.99,0.192
1.55,-65.97,0.192
1.55,-65.95,0.192
1.55,-65.94,0.192
1.56,-65.92,0.192
1.56,-65.90,0.192
1.56,-65.89,0.192
1.56,-65.87,0.192
1.56,-65.85,0.192
1.56,-65.84,0.192
1.57,-65.82,0.192
1.57,-65.80,0.192
1.57,-65.79,0.192
1.57,-65.77,0.192
1.57,-65.75,0.192
1.57,-65.74,0.192
1.58,-65.72,0.192
1.58,-65.70,0.193
1.58,-65.69,0.193
1.58,-65.67,0.193
1.58,-65.65,0.193
1.58,-65.64,0.193
1.58,-65.62,0.193
1.59,-65.60,0.193
1.59,-65.59,0.193
1.59,-65.57,0.193
1.59,-65.55,0.193
1.59,-65.54,0.193
1.59,-65.52,0.193
1.60,-65.50,0.193
1.60,-65.49,0.193
1.60,-65.47,0.193
1.60,-65.45,0.193
1.60,-65.44,0.193
1.61,-65.42,0.193
1.61,-65.40,0.193
1.61,-65.39,0.193
1.61,-65.37,0.193
1.61,-65.35,0.193
1.61,-65.34,0.193
1.62,-65.32,0.193
1.62,-65.30,0.193
1.62,-65.29,0.193
1.62,-65.27,0.193
1.62,-65.25,0.193
1.62,-65.24,0.193
1.63,-65.22,0.193
1.63,-65.20,0.193
1.63,-65.19,0.193
1.63,-65.17,0.193
1.63,-65.15,0.193
1.63,-65.14,0.193
1.63,-65.12,0.193
1.64,-65.10,0.193
1.64,-65.09,0.193
1.64,-65.07,0.193
1.64,-65.06,0.193
1.64,-65.04,0.193
1.64,-65.02,0.193
1.65,-65.00,0.193
1.65,-64.99,0.193
1.65,-64.97,0.193
1.65,-64.95,0.193
1.65,-64.94,0.193
1.66,-64.92,0.193
1.66,-64.90,0.193
1.66,-64.89,0.193
1.66,-64.87,0.193
1.66,-64.85,0.193
1.66,-64.84,0.193
1.67,-64.82,0.193
1.67,-64.81,0.193
1.67,-64.79,0.193
1.67,-64.77,0.193
1.67,-64.75,0.193
1.67,-64.74,0.193
1.68,-64.72,0.193
1.68,-64.70,0.193
1.68,-64.69,0.193
1.68,-64.67,0.193
1.68,-64.65,0.193
1.68,-64.64,0.193
1.68,-64.62,0.193
1.69,-64.61,0.193
1.69,-64.59,0.193
1.69,-64.57,0.193
1.69,-64.55,0.193
1.69,-64.54,0.193
1.69,-64.52,0.193
1.70,-64.50,0.193
1.70,-64.49,0.193
1.70,-64.47,0.193
1.70,-64.45,0.193
1.70,-64.44,0.193
1.71,-64.42,0.193
1.71,-64.41,0.193
1.71,-64.39,0.193
1.71,-64.37,0.193
1.71,-64.36,0.193
1.71,-64.34,0.193
1.72,-64.32,0.193
1.72,-64.31,0.193
1.72,-64.29,0.193
1.72,-64.27,0.193
1.72,-64.26,0.193
1.72,-64.24,0.193
1.73,-64.22,0.193
1.73,-64.20,0.193
1.73,-64.19,0.193
1.73,-64.17,0.193
1.73,-64.16,0.193
1.73,-64.14,0.193
1.73,-64.12,0.193
1.74,-64.11,0.193
1.74,-64.09,0.193
1.74,-64.07,0.193
1.74,-64.06,0.193
1.74,-64.04,0.193
1.74,-64.02,0.193
1.75,-64.01,0.193
1.75,-63.99,0.193
1.75,-63.97,0.193
1.75,-63.96,0.193
1.75,-63.94,0.193
1.76,-63.92,0.193
1.76,-63.91,0.194
1.76,-63.89,0.194
1.76,-63.87,0.194
1.76,-63.86,0.194
1.76,-63.84,0.194
1.77,-63.82,0.194
1.77,-63.81,0.194
1.77,-63.79,0.194
1.77,-63.77,0.194
1.77,-63.76,0.194
1.77,-63.74,0.194
1.78,-63.72,0.194
1.78,-63.71,0.194
1.78,-63.69,0.194
1.78,-63.67,0.194
1.78,-63.66,0.194
1.78,-63.64,0.194
1.78,-63.62,0.194
1.79,-63.61,0.194
1.79,-63.59,0.194
1.79,-63.57,0.194
1.79,-63.56,0.194
1.79,-63.54,0.194
1.79,-63.52,0.194
1.80,-63.51,0.194
1.80,-63.49,0.194
1.80,-63.47,0.194
1.80,-63.46,0.194
1.80,-63.44,0.194
1.81,-63.42,0.194
1.81,-63.41,0.194
1.81,-63.39,0.194
1.81,-63.37,0.194
1.81,-63.36,0.194
1.81,-63.34,0.194
1.82,-63.32,0.194
1.82,-63.31,0.194
1.82,-63.29,0.194
1.82,-63.28,0.194
1.82,-63.26,0.194
1.82,-63.24,0.194
1.83,-63.22,0.194
1.83,-63.21,0.194
1.83,-63.19,0.194
1.83,-63.17,0.194
1.83,-63.16,0.194
1.83,-63.14,0.194
1.83,-63.12,0.194
1.84,-63.11,0.194
1.84,-63.09,0.194
1.84,-63.08,0.194
1.84,-63.06,0.194
1.84,-63.04,0.194
1.84,-63.03,0.194
1.85,-63.01,0.194
1.85,-62.99,0.194
1.85,-62.98,0.194
1.85,-62.96,0.194
1.85,-62.94,0.194
1.86,-62.93,0.194
1.86,-62.91,0.194
1.86,-62.89,0.194
1.86,-62.87,0.194
1.86,-62.86,0.194
1.86,-62.84,0.194
1.87,-62.83,0.194
1.87,-62.81,0.194
1.87,-62.79,0.194
1.87,-62.78,0.194
1.87,-62.76,0.194
1.87,-62.74,0.194
1.88,-62.73,0.194
1.88,-62.71,0.194
1.88,-62.69,0.194
1.88,-62.68,0.194
1.88,-62.66,0.194
1.88,-62.64,0.194
1.88,-62.63,0.194
1.89,-62.61,0.194
1.89,-62.59,0.194
1.89,-62.58,0.194
1.89,-62.56,0.194
1.89,-62.54,0.194
1.89,-62.53,0.194
1.90,-62.51,0.194
1.90,-62.49,0.194
1.90,-62.48,0.194
1.90,-62.46,0.194
1.90,-62.44,0.194
1.91,-62.43,0.194
1.91,-62.41,0.194
1.91,-62.39,0.194
1.91,-62.38,0.194
1.91,-62.36,0.194
1.91,-62.34,0.194
1.92,-62.33,0.194
1.92,-62.31,0.194
1.92,-62.29,0.194
1.92,-62.28,0.194
1.92,-62.26,0.194
1.92,-62.24,0.194
1.93,-62.23,0.194
1.93,-62.21,0.194
1.93,-62.20,0.194
1.93,-62.18,0.194
1.93,-62.16,0.194
1.93,-62.14,0.194
1.93,-62.13,0.194
1.94,-62.11,0.194
1.94,-62.09,0.194
1.94,-62.08,0.194
1.94,-62.06,0.194
1.94,-62.04,0.194
1.94,-62.03,0.194
1.95,-62.01,0.194
1.95,-62.00,0.194
1.95,-61.98,0.194
1.95,-61.96,0.194
1.95,-61.94,0.194
1.96,-61.93,0.194
1.96,-61.91,0.194
1.96,-61.89,0.194
1.96,-61.88,0.194
1.96,-61.86,0.195
1.96,-61.85,0.195
1.97,-61.83,0.195
1.97,-61.81,0.195
1.97,-61.79,0.195
1.97,-61.78,0.195
1.97,-61.76,0.195
1.97,-61.75,0.195
1.98,-61.73,0.195
1.98,-61.71,0.195
1.98,-61.70,0.195
1.98,-61.68,0.195
1.98,-61.66,0.195
1.98,-61.64,0.195
1.98,-61.63,0.195
1.99,-61.61,0.195
1.99,-61.60,0.195
1.99,-61.58,0.195
1.99,-61.56,0.195
1.99,-61.55,0.195
1.99,-61.53,0.195
2.00,-61.51,0.195
2.00,-61.50,0.195
2.00,-61.48,0.195
2.00,-61.46,0.195
2.00,-61.45,0.195
2.01,-61.43,0.195
2.01,-61.41,0.195
2.01,-61.40,0.195
2.01,-61.38,0.195
2.01,-61.36,0.195
2.01,-61.35,0.195
2.02,-61.33,0.195
2.02,-61.31,0.195
2.02,-61.30,0.195
2.02,-61.28,0.195
2.02,-61.26,0.195
2.02,-61.25,0.195
2.03,-61.23,0.195
2.03,-61.21,0.195
2.03,-61.20,0.195
2.03,-61.18,0.195
2.03,-61.16,0.195
2.03,-61.15,0.195
2.03,-61.13,0.195
2.04,-61.11,0.195
2.04,-61.10,0.195
2.04,-61.08,0.195
2.04,-61.06,0.195
2.04,-61.05,0.195
2.04,-61.03,0.195
2.05,-61.01,0.195
2.05,-60.99,0.195
2.05,-60.98,0.195
2.05,-60.96,0.195
2.05,-60.95,0.195
2.06,-60.93,0.195
2.06,-60.91,0.195
2.06,-60.90,0.195
2.06,-60.88,0.195
2.06,-60.86,0.195
2.06,-60.85,0.195
2.07,-60.83,0.195
2.07,-60.81,0.195
2.07,-60.79,0.195
2.07,-60.78,0.195
2.07,-60.76,0.195
2.07,-60.75,0.195
2.08,-60.73,0.195
2.08,-60.71,0.195
2.08,-60.70,0.195
2.08,-60.68,0.195
2.08,-60.66,0.195
2.08,-60.65,0.195
2.08,-60.63,0.195
2.09,-60.61,0.195
2.09,-60.60,0.195
2.09,-60.58,0.195
2.09,-60.56,0.195
2.09,-60.55,0.195
2.09,-60.53,0.195
2.10,-60.51,0.195
2.10,-60.50,0.195
2.10,-60.48,0.195
2.10,-60.46,0.195
2.10,-60.45,0.195
2.11,-60.43,0.195
2.11,-60.41,0.195
2.11,-60.40,0.195
2.11,-60.38,0.195
2.11,-60.36,0.195
2.11,-60.35,0.195
2.12,-60.33,0.195
2.12,-60.31,0.195
2.12,-60.30,0.195
2.12,-60.28,0.195
2.12,-60.26,0.195
2.12,-60.25,0.195
2.13,-60.23,0.195
2.13,-60.21,0.195
2.13,-60.20,0.195
2.13,-60.18,0.195
2.13,-60.16,0.195
2.13,-60.15,0.195
2.14,-60.13,0.195
2.14,-60.11,0.195
2.14,-60.10,0.195
2.14,-60.08,0.195
2.14,-60.06,0.196
2.14,-60.05,0.196
2.14,-60.03,0.196
2.15,-60.01,0.196
2.15,-60.00,0.196
2.15,-59.98,0.196
2.15,-59.96,0.196
2.15,-59.95,0.196
2.16,-59.93,0.196
2.16,-59.92,0.196
2.16,-59.90,0.196
2.16,-59.88,0.196
2.16,-59.87,0.196
2.16,-59.85,0.196
2.16,-59.83,0.196
2.17,-59.81,0.196
2.17,-59.80,0.196
2.17,-59.78,0.196
2.17,-59.76,0.196
2.17,-59.75,0.196
2.18,-59.73,0.196
2.18,-59.71,0.196
2.18,-59.70,0.196
2.18,-59.68,0.196
2.18,-59.67,0.196
2.18,-59.65,0.196
2.19,-59.63,0.196
2.19,-59.61,0.196
2.19,-59.60,0.196
2.19,-59.58,0.196
2.19,-59.57,0.196
2.19,-59.55,0.196
2.19,-59.53,0.196
2.20,-59.52,0.196
2.20,-59.50,0.196
2.20,-59.48,0.196
2.20,-59.47,0.196
2.20,-59.45,0.196
2.21,-59.43,0.196
2.21,-59.41,0.196
2.21,-59.40,0.196
2.21,-59.38,0.196
2.21,-59.37,0.196
2.21,-59.35,0.196
2.21,-59.33,0.196
2.22,-59.32,0.196
2.22,-59.30,0.196
2.22,-59.28,0.196
2.22,-59.26,0.196
2.22,-59.25,0.196
2.23,-59.23,0.196
2.23,-59.22,0.196
2.23,-59.20,0.196
2.23,-59.18,0.196
2.23,-59.17,0.196
2.23,-59.15,0.196
2.24,-59.13,0.196
2.24,-59.12,0.196
2.24,-59.10,0.196
2.24,-59.08,0.196
2.24,-59.07,0.196
2.24,-59.05,0.196
2.24,-59.03,0.196
2.25,-59.02,0.196
2.25,-59.00,0.196
2.25,-58.98,0.196
2.25,-58.97,0.196
2.25,-58.95,0.196
2.26,-58.93,0.196
2.26,-58.92,0.196
2.26,-58.90,0.196
2.26,-58.88,0.196
2.26,-58.87,0.196
2.26,-58.85,0.196
2.26,-58.83,0.196
2.27,-58.82,0.196
2.27,-58.80,0.196
2.27,-58.78,0.196
2.27,-58.77,0.196
2.27,-58.75,0.196
2.28,-58.73,0.196
2.28,-58.72,0.196
2.28,-58.70,0.196
2.28,-58.68,0.196
2.28,-58.67,0.196
2.28,-58.65,0.196
2.29,-58.63,0.196
2.29,-58.62,0.196
2.29,-58.60,0.196
2.29,-58.58,0.196
2.29,-58.57,0.196
2.29,-58.55,0.196
2.29,-58.53,0.196
2.30,-58.52,0.196
2.30,-58.50,0.196
2.30,-58.48,0.196
2.30,-58.47,0.196
2.30,-58.45,0.196
2.31,-58.43,0.197
2.31,-58.42,0.197
2.31,-58.40,0.197
2.31,-58.38,0.197
2.31,-58.36,0.197
2.31,-58.35,0.197
2.31,-58.33,0.197
2.32,-58.32,0.197
2.32,-58.30,0.197
2.32,-58.28,0.197
2.32,-58.27,0.197
2.32,-58.25,0.197
2.33,-58.23,0.197
2.33,-58.22,0.197
2.33,-58.20,0.197
2.33,-58.18,0.197
2.33,-58.17,0.197
2.33,-58.15,0.197
2.34,-58.13,0.197
2.34,-58.12,0.197
2.34,-58.10,0.197
2.34,-58.08,0.197
2.34,-58.07,0.197
2.34,-58.05,0.197
2.34,-58.03,0.197
2.35,-58.02,0.197
2.35,-58.00,0.197
2.35,-57.98,0.197
2.35,-57.97,0.197
2.35,-57.95,0.197
2.36,-57.93,0.197
2.36,-57.92,0.197
2.36,-57.90,0.197
2.36,-57.88,0.197
2.36,-57.87,0.197
2.36,-57.85,0.197
2.36,-57.83,0.197
2.37,-57.82,0.197
2.37,-57.80,0.197
2.37,-57.78,0.197
2.37,-57.77,0.197
2.37,-57.75,0.197
2.38,-57.73,0.197
2.38,-57.72,0.197
2.38,-57.70,0.197
2.38,-57.68,0.197
2.38,-57.67,0.197
2.38,-57.65,0.197
2.39,-57.63,0.197
2.39,-57.62,0.197
2.39,-57.60,0.197
2.39,-57.58,0.197
2.39,-57.57,0.197
2.39,-57.55,0.197
2.39,-57.53,0.197
2.40,-57.52,0.197
2.40,-57.50,0.197
2.40,-57.48,0.197
2.40,-57.47,0.197
2.40,-57.45,0.197
2.41,-57.43,0.197
2.41,-57.42,0.197
2.41,-57.40,0.197
2.41,-57.38,0.197
2.41,-57.37,0.197
2.41,-57.35,0.197
2.41,-57.33,0.197
2.42,-57.32,0.197
2.42,-57.30,0.197
2.42,-57.28,0.197
2.42,-57.27,0.197
2.42,-57.25,0.197
2.43,-57.23,0.197
2.43,-57.22,0.197
2.43,-57.20,0.197
2.43,-57.18,0.197
2.43,-57.17,0.197
2.43,-57.15,0.197
2.44,-57.13,0.197
2.44,-57.12,0.197
2.44,-57.10,0.197
2.44,-57.08,0.197
2.44,-57.07,0.197
2.44,-57.05,0.197
2.44,-57.03,0.197
2.45,-57.02,0.198
2.45,-57.00,0.198
2.45,-56.98,0.198
2.45,-56.97,0.198
2.45,-56.95,0.198
2.46,-56.93,0.198
2.46,-56.92,0.198
2.46,-56.90,0.198
2.46,-56.88,0.198
2.46,-56.87,0.198
2.46,-56.85,0.198
2.46,-56.83,0.198
2.47,-56.82,0.198
2.47,-56.80,0.198
2.47,-56.78,0.198
2.47,-56.77,0.198
2.47,-56.75,0.198
2.48,-56.73,0.198
2.48,-56.72,0.198
2.48,-56.70,0.198
2.48,-56.68,0.198
2.48,-56.67,0.198
2.48,-56.65,0.198
2.49,-56.63,0.198
2.49,-56.62,0.198
2.49,-56.60,0.198
2.49,-56.58,0.198
2.49,-56.57,0.198
2.49,-56.55,0.198
2.49,-56.53,0.198
2.50,-56.52,0.198
2.50,-56.50,0.198
2.50,-56.48,0.198
2.50,-56.47,0.198
2.50,-56.45,0.198
2.51,-56.43,0.198
2.51,-56.42,0.198
2.51,-56.40,0.198
2.51,-56.38,0.198
2.51,-56.37,0.198
2.51,-56.35,0.198
2.51,-56.33,0.198
2.52,-56.32,0.198
2.52,-56.30,0.198
2.52,-56.28,0.198
2.52,-56.27,0.198
2.52,-56.25,0.198
2.53,-56.23,0.198
2.53,-56.22,0.198
2.53,-56.20,0.198
2.53,-56.18,0.198
2.53,-56.17,0.198
2.53,-56.15,0.198
2.54,-56.13,0.198
2.54,-56.12,0.198
2.54,-56.10,0.198
2.54,-56.08,0.198
2.54,-56.07,0.198
2.54,-56.05,0.198
2.54,-56.03,0.198
2.55,-56.02,0.198
2.55,-56.00,0.198
2.55,-55.98,0.198
2.55,-55.97,0.198
2.55,-55.95,0.198
2.56,-55.93,0.198
2.56,-55.92,0.198
2.56,-55.90,0.198
2.56,-55.88,0.198
2.56,-55.87,0.198
2.56,-55.85,0.198
2.56,-55.83,0.198
2.57,-55.82,0.198
2.57,-55.80,0.198
2.57,-55.78,0.198
2.57,-55.77,0.198
2.57,-55.75,0.198
2.58,-55.73,0.198
2.58,-55.72,0.198
2.58,-55.70,0.198
2.58,-55.68,0.198
2.58,-55.67,0.198
2.58,-55.65,0.198
2.59,-55.63,0.198
2.59,-55.62,0.198
2.59,-55.60,0.198
2.59,-55.58,0.198
2.59,-55.57,0.198
2.59,-55.55,0.198
2.59,-55.53,0.198
2.60,-55.52,0.198
2.60,-55.50,0.198
2.60,-55.48,0.198
2.60,-55.47,0.198
2.60,-55.45,0.198
2.61,-55.43,0.198
2.61,-55.42,0.198
2.61,-55.40,0.199
2.61,-55.38,0.199
2.61,-55.37,0.199
2.61,-55.35,0.199
2.61,-55.33,0.199
2.62,-55.32,0.199
2.62,-55.30,0.199
2.62,-55.28,0.199
2.62,-55.27,0.199
2.62,-55.25,0.199
2.63,-55.23,0.199
2.63,-55.22,0.199
2.63,-55.20,0.199
2.63,-55.18,0.199
2.63,-55.17,0.199
2.63,-55.15,0.199
2.64,-55.13,0.199
2.64,-55.12,0.199
2.64,-55.10,0.199
2.64,-55.08,0.199
2.64,-55.07,0.199
2.64,-55.05,0.199
2.64,-55.03,0.199
2.65,-55.02,0.199
2.65,-55.00,0.199
2.65,-54.98,0.199
2.65,-54.97,0.199
2.65,-54.95,0.199
2.66,-54.93,0.199
2.66,-54.92,0.199
2.66,-54.90,0.199
2.66,-54.88,0.199
2.66,-54.87,0.199
2.66,-54.85,0.199
2.66,-54.83,0.199
2.67,-54.82,0.199
2.67,-54.80,0.199
2.67,-54.78,0.199
2.67,-54.77,0.199
2.67,-54.75,0.199
2.68,-54.73,0.199
2.68,-54.72,0.199
2.68,-54.70,0.199
2.68,-54.68,0.199
2.68,-54.67,0.199
2.68,-54.65,0.199
2.69,-54.63,0.199
2.69,-54.62,0.199
2.69,-54.60,0.199
2.69,-54.58,0.199
2.69,-54.57,0.199
2.69,-54.55,0.199
2.69,-54.53,0.199
2.70,-54.52,0.199
2.70,-54.50,0.199
2.70,-54.48,0.199
2.70,-54.47,0.199
2.70,-54.45,0.199
2.71,-54.43,0.199
2.71,-54.42,0.199
2.71,-54.40,0.199
2.71,-54.38,0.199
2.71,-54.37,0.199
2.71,-54.35,0.199
2.71,-54.33,0.199
2.72,-54.31,0.199
2.72,-54.30,0.199
2.72,-54.28,0.199
2.72,-54.27,0.199
2.72,-54.25,0.199
2.73,-54.23,0.199
2.73,-54.21,0.199
2.73,-54.20,0.199
2.73,-54.18,0.199
2.73,-54.16,0.199
2.73,-54.15,0.199
2.74,-54.13,0.199
2.74,-54.12,0.199
2.74,-54.10,0.199
2.74,-54.08,0.199
2.74,-54.07,0.199
2.74,-54.05,0.199
2.74,-54.03,0.199
2.75,-54.01,0.199
2.75,-54.00,0.199
2.75,-53.98,0.199
2.75,-53.96,0.199
2.75,-53.95,0.199
2.76,-53.93,0.199
2.76,-53.91,0.200
2.76,-53.90,0.200
2.76,-53.88,0.200
2.76,-53.87,0.200
2.76,-53.85,0.200
2.76,-53.83,0.200
2.77,-53.81,0.200
2.77,-53.80,0.200
2.77,-53.78,0.200
2.77,-53.76,0.200
2.77,-53.75,0.200
2.78,-53.73,0.200
2.78,-53.72,0.200
2.78,-53.70,0.200
2.78,-53.68,0.200
2.78,-53.66,0.200
2.78,-53.65,0.200
2.79,-53.63,0.200
2.79,-53.61,0.200
2.79,-53.60,0.200
2.79,-53.58,0.200
2.79,-53.56,0.200
2.79,-53.55,0.200
2.79,-53.53,0.200
2.80,-53.51,0.200
2.80,-53.50,0.200
2.80,-53.48,0.200
2.80,-53.46,0.200
2.80,-53.45,0.200
2.81,-53.43,0.200
2.81,-53.41,0.200
2.81,-53.40,0.200
2.81,-53.38,0.200
2.81,-53.36,0.200
2.81,-53.35,0.200
2.81,-53.33,0.200
2.82,-53.31,0.200
2.82,-53.30,0.200
2.82,-53.28,0.200
2.82,-53.26,0.200
2.82,-53.25,0.200
2.83,-53.23,0.200
2.83,-53.21,0.200
2.83,-53.20,0.200
2.83,-53.18,0.200
2.83,-53.16,0.200
2.83,-53.15,0.200
2.84,-53.13,0.200
2.84,-53.11,0.200
2.84,-53.10,0.200
2.84,-53.08,0.200
2.84,-53.06,0.200
2.84,-53.05,0.200
2.84,-53.03,0.200
2.85,-53.01,0.200
2.85,-53.00,0.200
2.85,-52.98,0.200
2.85,-52.96,0.200
2.85,-52.95,0.200
2.86,-52.93,0.200
2.86,-52.91,0.200
2.86,-52.90,0.200
2.86,-52.88,0.200
2.86,-52.86,0.200
2.86,-52.85,0.200
2.86,-52.83,0.200
2.87,-52.81,0.200
2.87,-52.80,0.200
2.87,-52.78,0.200
2.87,-52.76,0.200
2.87,-52.75,0.200
2.88,-52.73,0.200
2.88,-52.71,0.200
2.88,-52.70,0.200
2.88,-52.68,0.200
2.88,-52.66,0.200
2.88,-52.65,0.200
2.89,-52.63,0.200
2.89,-52.61,0.200
2.89,-52.60,0.201
2.89,-52.58,0.201
2.89,-52.56,0.201
2.89,-52.55,0.201
2.89,-52.53,0.201
2.90,-52.51,0.201
2.90,-52.50,0.201
2.90,-52.48,0.201
2.90,-52.46,0.201
2.90,-52.45,0.201
2.91,-52.43,0.201
2.91,-52.41,0.201
2.91,-52.40,0.201
2.91,-52.38,0.201
2.91,-52.36,0.201
2.91,-52.35,0.201
2.91,-52.33,0.201
2.92,-52.31,0.201
2.92,-52.30,0.201
2.92,-52.28,0.201
2.92,-52.26,0.201
2.92,-52.24,0.201
2.93,-52.23,0.201
2.93,-52.21,0.201
2.93,-52.20,0.201
2.93,-52.18,0.201
2.93,-52.16,0.201
2.93,-52.15,0.201
2.94,-52.13,0.201
2.94,-52.11,0.201
2.94,-52.09,0.201
2.94,-52.08,0.201
2.94,-52.06,0.201
2.94,-52.04,0.201
2.94,-52.03,0.201
2.95,-52.01,0.201
2.95,-51.99,0.201
2.95,-51.98,0.201
2.95,-51.96,0.201
2.95,-51.95,0.201
2.96,-51.93,0.201
2.96,-51.91,0.201
2.96,-51.89,0.201
2.96,-51.88,0.201
2.96,-51.86,0.201
2.96,-51.84,0.201
2.96,-51.83,0.201
2.97,-51.81,0.201
2.97,-51.79,0.201
2.97,-51.78,0.201
2.97,-51.76,0.201
2.97,-51.74,0.201
2.98,-51.73,0.201
2.98,-51.71,0.201
2.98,-51.70,0.201
2.98,-51.68,0.201
2.98,-51.66,0.201
2.98,-51.64,0.201
2.99,-51.63,0.201
2.99,-51.61,0.201
2.99,-51.59,0.202
2.99,-51.58,0.202
2.99,-51.56,0.202
2.99,-51.54,0.202
2.99,-51.53,0.202
3.00,-51.51,0.202
3.00,-51.49,0.202
3.00,-51.48,0.202
3.00,-51.46,0.202
3.00,-51.44,0.202
3.01,-51.43,0.202
3.01,-51.41,0.202
3.01,-51.39,0.202
3.01,-51.38,0.202
3.01,-51.36,0.202
3.01,-51.34,0.202
3.01,-51.33,0.202
3.02,-51.31,0.202
3.02,-51.29,0.202
3.02,-51.28,0.202
3.02,-51.26,0.202
3.02,-51.24,0.202
3.03,-51.23,0.202
3.03,-51.21,0.202
3.03,-51.19,0.202
3.03,-51.18,0.202
3.03,-51.16,0.202
3.03,-51.14,0.202
3.04,-51.13,0.202
3.04,-51.11,0.202
3.04,-51.09,0.202
3.04,-51.08,0.202
3.04,-51.06,0.202
3.04,-51.04,0.202
3.04,-51.03,0.202
3.05,-51.01,0.202
3.05,-50.99,0.202
3.05,-50.98,0.202
3.05,-50.96,0.202
3.05,-50.94,0.202
3.06,-50.93,0.202
3.06,-50.91,0.202
3.06,-50.89,0.202
3.06,-50.88,0.202
3.06,-50.86,0.202
3.06,-50.84,0.202
3.06,-50.83,0.202
3.07,-50.81,0.202
3.07,-50.79,0.202
3.07,-50.78,0.202
3.07,-50.76,0.202
3.07,-50.74,0.202
3.08,-50.72,0.202
3.08,-50.71,0.202
3.08,-50.69,0.202
3.08,-50.67,0.202
3.08,-50.66,0.202
3.08,-50.64,0.202
3.09,-50.62,0.202
3.09,-50.61,0.202
3.09,-50.59,0.202
3.09,-50.58,0.202
3.09,-50.56,0.202
3.09,-50.54,0.202
3.09,-50.53,0.202
3.10,-50.51,0.202
3.10,-50.49,0.202
3.10,-50.47,0.202
3.10,-50.46,0.202
3.10,-50.44,0.202
3.11,-50.43,0.202
3.11,-50.41,0.202
3.11,-50.39,0.202
3.11,-50.37,0.202
3.11,-50.36,0.202
3.11,-50.34,0.202
3.11,-50.32,0.202
3.12,-50.31,0.202
3.12,-50.29,0.202
3.12,-50.27,0.202
3.12,-50.26,0.202
3.12,-50.24,0.202
3.13,-50.22,0.202
3.13,-50.21,0.202
3.13,-50.19,0.202
3.13,-50.17,0.202
3.13,-50.16,0.202
3.13,-50.14,0.202
3.14,-50.12,0.202
3.14,-50.11,0.202
3.14,-50.09,0.202
3.14,-50.07,0.202
3.14,-50.06,0.202
3.14,-50.04,0.202
3.14,-50.02,0.202
3.15,-50.01,0.202
3.15,-49.99,0.202
3.15,-49.97,0.202
3.15,-49.96,0.202
3.15,-49.94,0.203
3.16,-49.92,0.203
3.16,-49.91,0.203
3.16,-49.89,0.203
3.16,-49.87,0.203
3.16,-49.86,0.203
3.16,-49.84,0.203
3.16,-49.82,0.203
3.17,-49.81,0.203
3.17,-49.79,0.203
3.17,-49.77,0.203
3.17,-49.76,0.203
3.17,-49.74,0.203
3.18,-49.72,0.203
3.18,-49.71,0.203
3.18,-49.69,0.203
3.18,-49.67,0.203
3.18,-49.66,0.203
3.18,-49.64,0.203
3.19,-49.62,0.203
3.19,-49.61,0.203
3.19,-49.59,0.203
3.19,-49.57,0.203
3.19,-49.56,0.203
3.19,-49.54,0.203
3.19,-49.52,0.203
3.20,-49.51,0.203
3.20,-49.49,0.203
3.20,-49.47,0.203
3.20,-49.45,0.203
3.20,-49.44,0.203
3.21,-49.42,0.203
3.21,-49.40,0.203
3.21,-49.39,0.203
3.21,-49.37,0.203
3.21,-49.36,0.203
3.21,-49.34,0.203
3.21,-49.32,0.203
3.22,-49.30,0.203
3.22,-49.29,0.203
3.22,-49.27,0.203
3.22,-49.26,0.203
3.22,-49.24,0.203
3.23,-49.22,0.203
3.23,-49.21,0.203
3.23,-49.19,0.203
3.23,-49.17,0.203
3.23,-49.16,0.203
3.23,-49.14,0.203
3.24,-49.12,0.203
3.24,-49.10,0.203
3.24,-49.09,0.203
3.24,-49.07,0.203
3.24,-49.05,0.203
3.24,-49.04,0.203
3.24,-49.02,0.203
3.25,-49.00,0.203
3.25,-48.99,0.203
3.25,-48.97,0.203
3.25,-48.95,0.203
3.25,-48.94,0.203
3.26,-48.92,0.203
3.26,-48.90,0.203
3.26,-48.89,0.203
3.26,-48.87,0.203
3.26,-48.85,0.203
3.26,-48.84,0.203
3.26,-48.82,0.203
3.27,-48.80,0.203
3.27,-48.79,0.203
3.27,-48.77,0.203
3.27,-48.75,0.203
3.27,-48.74,0.203
3.28,-48.72,0.203
3.28,-48.71,0.203
3.28,-48.69,0.203
3.28,-48.67,0.203
3.28,-48.65,0.203
3.28,-48.64,0.203
3.29,-48.62,0.203
3.29,-48.61,0.203
3.29,-48.59,0.203
3.29,-48.57,0.203
3.29,-48.55,0.203
3.29,-48.54,0.203
3.29,-48.52,0.203
3.30,-48.50,0.203
3.30,-48.49,0.203
3.30,-48.47,0.203
3.30,-48.45,0.203
3.30,-48.44,0.203
3.31,-48.42,0.203
3.31,-48.40,0.203
3.31,-48.39,0.203
3.31,-48.37,0.203
3.31,-48.35,0.203
3.31,-48.34,0.203
3.31,-48.32,0.203
3.32,-48.30,0.203
3.32,-48.29,0.203
3.32,-48.27,0.203
3.32,-48.25,0.203
3.32,-48.24,0.203
3.33,-48.22,0.203
3.33,-48.20,0.204
3.33,-48.19,0.204
3.33,-48.17,0.204
3.33,-48.15,0.204
3.33,-48.14,0.204
3.34,-48.12,0.204
3.34,-48.10,0.204
3.34,-48.09,0.204
3.34,-48.07,0.204
3.34,-48.05,0.204
3.34,-48.04,0.204
3.34,-48.02,0.204
3.35,-48.00,0.204
3.35,-47.99,0.204
3.35,-47.97,0.204
3.35,-47.95,0.204
3.35,-47.94,0.204
3.36,-47.92,0.204
3.36,-47.90,0.204
3.36,-47.89,0.204
3.36,-47.87,0.204
3.36,-47.85,0.204
3.36,-47.84,0.204
3.36,-47.82,0.204
3.37,-47.80,0.204
3.37,-47.79,0.204
3.37,-47.77,0.204
3.37,-47.75,0.204
3.37,-47.73,0.204
3.38,-47.72,0.204
3.38,-47.70,0.204
3.38,-47.69,0.204
3.38,-47.67,0.204
3.38,-47.65,0.204
3.38,-47.64,0.204
3.39,-47.62,0.204
3.39,-47.60,0.204
3.39,-47.58,0.204
3.39,-47.57,0.204
3.39,-47.55,0.204
3.39,-47.54,0.204
3.39,-47.52,0.204
3.40,-47.50,0.204
3.40,-47.49,0.204
3.40,-47.47,0.204
3.40,-47.45,0.204
3.40,-47.43,0.204
3.41,-47.42,0.204
3.41,-47.40,0.204
3.41,-47.38,0.204
3.41,-47.37,0.204
3.41,-47.35,0.204
3.41,-47.33,0.204
3.41,-47.32,0.204
3.42,-47.30,0.204
3.42,-47.29,0.204
3.42,-47.27,0.204
3.42,-47.25,0.204
3.42,-47.24,0.204
3.43,-47.22,0.204
3.43,-47.20,0.204
3.43,-47.18,0.204
3.43,-47.17,0.204
3.43,-47.15,0.204
3.43,-47.14,0.204
3.44,-47.12,0.204
3.44,-47.10,0.204
3.44,-47.09,0.204
3.44,-47.07,0.204
3.44,-47.05,0.204
3.44,-47.03,0.204
3.44,-47.02,0.204
3.45,-47.00,0.204
3.45,-46.98,0.204
3.45,-46.97,0.204
3.45,-46.95,0.204
3.45,-46.93,0.204
3.46,-46.92,0.204
3.46,-46.90,0.204
3.46,-46.88,0.204
3.46,-46.87,0.204
3.46,-46.85,0.204
3.46,-46.83,0.204
3.46,-46.82,0.204
3.47,-46.80,0.204
3.47,-46.78,0.204
3.47,-46.77,0.204
3.47,-46.75,0.204
3.47,-46.73,0.204
3.48,-46.72,0.204
3.48,-46.70,0.204
3.48,-46.68,0.204
3.48,-46.67,0.204
3.48,-46.65,0.204
3.48,-46.63,0.204
3.49,-46.62,0.204
3.49,-46.60,0.204
3.49,-46.58,0.204
3.49,-46.57,0.204
3.49,-46.55,0.204
3.49,-46.53,0.204
3.49,-46.52,0.204
3.50,-46.50,0.204
3.50,-46.48,0.204
3.50,-46.47,0.205
3.50,-46.45,0.205
3.50,-46.43,0.205
3.51,-46.42,0.205
3.51,-46.40,0.205
3.51,-46.38,0.205
3.51,-46.37,0.205
3.51,-46.35,0.205
3.51,-46.33,0.205
3.51,-46.32,0.205
3.52,-46.30,0.205
3.52,-46.28,0.205
3.52,-46.27,0.205
3.52,-46.25,0.205
3.52,-46.23,0.205
3.53,-46.22,0.205
3.53,-46.20,0.205
3.53,-46.18,0.205
3.53,-46.17,0.205
3.53,-46.15,0.205
3.53,-46.13,0.205
3.54,-46.12,0.205
3.54,-46.10,0.205
3.54,-46.08,0.205
3.54,-46.07,0.205
3.54,-46.05,0.205
3.54,-46.03,0.205
3.54,-46.02,0.205
3.55,-46.00,0.205
3.55,-45.98,0.205
3.55,-45.97,0.205
3.55,-45.95,0.205
3.55,-45.93,0.205
3.56,-45.91,0.205
3.56,-45.90,0.205
3.56,-45.88,0.205
3.56,-45.86,0.205
3.56,-45.85,0.205
3.56,-45.83,0.205
3.56,-45.82,0.205
3.57,-45.80,0.205
3.57,-45.78,0.205
3.57,-45.77,0.205
3.57,-45.75,0.205
3.57,-45.73,0.205
3.58,-45.71,0.205
3.58,-45.70,0.205
3.58,-45.68,0.205
3.58,-45.66,0.205
3.58,-45.65,0.205
3.58,-45.63,0.205
3.59,-45.61,0.205
3.59,-45.60,0.205
3.59,-45.58,0.205
3.59,-45.56,0.205
3.59,-45.55,0.205
3.59,-45.53,0.205
3.59,-45.51,0.205
3.60,-45.50,0.205
3.60,-45.48,0.205
3.60,-45.46,0.205
3.60,-45.45,0.205
3.60,-45.43,0.205
3.61,-45.41,0.205
3.61,-45.40,0.205
3.61,-45.38,0.205
3.61,-45.36,0.205
3.61,-45.35,0.205
3.61,-45.33,0.205
3.61,-45.31,0.205
3.62,-45.30,0.205
3.62,-45.28,0.205
3.62,-45.26,0.205
3.62,-45.25,0.205
3.62,-45.23,0.205
3.63,-45.21,0.205
3.63,-45.20,0.205
3.63,-45.18,0.205
3.63,-45.16,0.205
3.63,-45.15,0.205
3.63,-45.13,0.205
3.64,-45.11,0.205
3.64,-45.10,0.205
3.64,-45.08,0.205
3.64,-45.07,0.205
3.64,-45.05,0.205
3.64,-45.03,0.205
3.64,-45.01,0.205
3.65,-45.00,0.205
3.65,-44.98,0.205
3.65,-44.96,0.205
3.65,-44.95,0.205
3.65,-44.93,0.205
3.66,-44.91,0.205
3.66,-44.90,0.205
3.66,-44.88,0.205
3.66,-44.86,0.205
3.66,-44.85,0.205
3.66,-44.83,0.205
3.66,-44.81,0.205
3.67,-44.80,0.206
3.67,-44.78,0.206
3.67,-44.76,0.206
3.67,-44.75,0.206
3.67,-44.73,0.206
3.68,-44.71,0.206
3.68,-44.70,0.206
3.68,-44.68,0.206
3.68,-44.66,0.206
3.68,-44.65,0.206
3.68,-44.63,0.206
3.69,-44.61,0.206
3.69,-44.60,0.206
3.69,-44.58,0.206
3.69,-44.56,0.206
3.69,-44.55,0.206
3.69,-44.53,0.206
3.69,-44.51,0.206
3.70,-44.50,0.206
3.70,-44.48,0.206
3.70,-44.46,0.206
3.70,-44.45,0.206
3.70,-44.43,0.206
3.71,-44.41,0.206
3.71,-44.40,0.206
3.71,-44.38,0.206
3.71,-44.36,0.206
3.71,-44.35,0.206
3.71,-44.33,0.206
3.71,-44.31,0.206
3.72,-44.30,0.206
3.72,-44.28,0.206
3.72,-44.26,0.206
3.72,-44.25,0.206
3.72,-44.23,0.206
3.73,-44.21,0.206
3.73,-44.20,0.206
3.73,-44.18,0.206
3.73,-44.16,0.206
3.73,-44.15,0.206
3.73,-44.13,0.206
3.74,-44.11,0.206
3.74,-44.10,0.206
3.74,-44.08,0.206
3.74,-44.06,0.206
3.74,-44.04,0.206
3.74,-44.03,0.206
3.74,-44.01,0.206
3.75,-43.99,0.206
3.75,-43.98,0.206
3.75,-43.96,0.206
3.75,-43.95,0.206
3.75,-43.93,0.206
3.76,-43.91,0.206
3.76,-43.89,0.206
3.76,-43.88,0.206
3.76,-43.86,0.206
3.76,-43.84,0.206
3.76,-43.83,0.206
3.76,-43.81,0.206
3.77,-43.79,0.206
3.77,-43.78,0.206
3.77,-43.76,0.206
3.77,-43.74,0.206
3.77,-43.73,0.206
3.78,-43.71,0.206
3.78,-43.69,0.206
3.78,-43.68,0.206
3.78,-43.66,0.206
3.78,-43.64,0.206
3.78,-43.63,0.206
3.79,-43.61,0.206
3.79,-43.59,0.206
3.79,-43.58,0.206
3.79,-43.56,0.206
3.79,-43.55,0.206
3.79,-43.53,0.206
3.79,-43.51,0.206
3.80,-43.49,0.206
3.80,-43.48,0.206
3.80,-43.46,0.206
3.80,-43.44,0.206
3.80,-43.43,0.206
3.81,-43.41,0.206
3.81,-43.39,0.206
3.81,-43.38,0.206
3.81,-43.36,0.206
3.81,-43.34,0.206
3.81,-43.33,0.206
3.81,-43.31,0.206
3.82,-43.29,0.206
3.82,-43.28,0.206
3.82,-43.26,0.206
3.82,-43.24,0.206
3.82,-43.23,0.206
3.83,-43.21,0.206
3.83,-43.19,0.206
3.83,-43.18,0.206
3.83,-43.16,0.206
3.83,-43.14,0.206
3.83,-43.13,0.207
3.84,-43.11,0.207
3.84,-43.09,0.207
3.84,-43.08,0.207
3.84,-43.06,0.207
3.84,-43.04,0.207
3.84,-43.03,0.207
3.84,-43.01,0.207
3.85,-42.99,0.207
3.85,-42.98,0.207
3.85,-42.96,0.207
3.85,-42.94,0.207
3.85,-42.93,0.207
3.86,-42.91,0.207
3.86,-42.89,0.207
3.86,-42.88,0.207
3.86,-42.86,0.207
3.86,-42.84,0.207
3.86,-42.83,0.207
3.86,-42.81,0.207
3.87,-42.79,0.207
3.87,-42.77,0.207
3.87,-42.76,0.207
3.87,-42.74,0.207
3.87,-42.73,0.207
3.88,-42.71,0.207
3.88,-42.69,0.207
3.88,-42.68,0.207
3.88,-42.66,0.207
3.88,-42.64,0.207
3.88,-42.62,0.207
3.89,-42.61,0.207
3.89,-42.59,0.207
3.89,-42.58,0.207
3.89,-42.56,0.207
3.89,-42.54,0.207
3.89,-42.53,0.207
3.89,-42.51,0.207
3.90,-42.49,0.207
3.90,-42.48,0.207
3.90,-42.46,0.207
3.90,-42.44,0.207
3.90,-42.42,0.207
3.91,-42.41,0.207
3.91,-42.39,0.207
3.91,-42.37,0.207
3.91,-42.36,0.207
3.91,-42.34,0.207
3.91,-42.32,0.207
3.91,-42.31,0.207
3.92,-42.29,0.207
3.92,-42.27,0.207
3.92,-42.26,0.207
3.92,-42.24,0.207
3.92,-42.22,0.207
3.93,-42.21,0.207
3.93,-42.19,0.207
3.93,-42.17,0.207
3.93,-42.16,0.207
3.93,-42.14,0.207
3.93,-42.12,0.207
3.94,-42.11,0.207
3.94,-42.09,0.207
3.94,-42.07,0.207
3.94,-42.06,0.207
3.94,-42.04,0.207
3.94,-42.02,0.207
3.94,-42.01,0.207
3.95,-41.99,0.207
3.95,-41.97,0.207
3.95,-41.96,0.207
3.95,-41.94,0.207
3.95,-41.92,0.207
3.96,-41.91,0.207
3.96,-41.89,0.207
3.96,-41.87,0.207
3.96,-41.86,0.207
3.96,-41.84,0.207
3.96,-41.82,0.207
3.96,-41.81,0.207
3.97,-41.79,0.207
3.97,-41.77,0.207
3.97,-41.76,0.207
3.97,-41.74,0.207
3.97,-41.72,0.207
3.98,-41.71,0.207
3.98,-41.69,0.207
3.98,-41.67,0.207
3.98,-41.66,0.207
3.98,-41.64,0.207
3.98,-41.62,0.207
3.99,-41.61,0.207
3.99,-41.59,0.207
3.99,-41.57,0.207
3.99,-41.56,0.207
3.99,-41.54,0.207
3.99,-41.52,0.207
3.99,-41.51,0.207
4.00,-41.49,0.207
4.00,-41.47,0.207
4.00,-41.46,0.207
4.00,-41.44,0.207
4.00,-41.42,0.208
4.01,-41.41,0.208
4.01,-41.39,0.208
4.01,-41.37,0.208
4.01,-41.36,0.208
4.01,-41.34,0.208
4.01,-41.32,0.208
4.01,-41.31,0.208
4.02,-41.29,0.208
4.02,-41.27,0.208
4.02,-41.26,0.208
4.02,-41.24,0.208
4.02,-41.22,0.208
4.03,-41.21,0.208
4.03,-41.19,0.208
4.03,-41.17,0.208
4.03,-41.16,0.208
4.03,-41.14,0.208
4.03,-41.12,0.208
4.04,-41.11,0.208
4.04,-41.09,0.208
4.04,-41.07,0.208
4.04,-41.06,0.208
4.04,-41.04,0.208
4.04,-41.02,0.208
4.04,-41.01,0.208
4.05,-40.99,0.208
4.05,-40.97,0.208
4.05,-40.96,0.208
4.05,-40.94,0.208
4.05,-40.92,0.208
4.06,-40.91,0.208
4.06,-40.89,0.208
4.06,-40.87,0.208
4.06,-40.86,0.208
4.06,-40.84,0.208
4.06,-40.82,0.208
4.06,-40.81,0.208
4.07,-40.79,0.208
4.07,-40.77,0.208
4.07,-40.75,0.208
4.07,-40.74,0.208
4.07,-40.72,0.208
4.08,-40.71,0.208
4.08,-40.69,0.208
4.08,-40.67,0.208
4.08,-40.66,0.208
4.08,-40.64,0.208
4.08,-40.62,0.208
4.09,-40.61,0.208
4.09,-40.59,0.208
4.09,-40.57,0.208
4.09,-40.56,0.208
4.09,-40.54,0.208
4.09,-40.52,0.208
4.09,-40.51,0.208
4.10,-40.49,0.208
4.10,-40.47,0.208
4.10,-40.46,0.208
4.10,-40.44,0.208
4.10,-40.42,0.208
4.11,-40.40,0.208
4.11,-40.39,0.208
4.11,-40.37,0.208
4.11,-40.35,0.208
4.11,-40.34,0.208
4.11,-40.32,0.208
4.11,-40.31,0.208
4.12,-40.29,0.208
4.12,-40.27,0.208
4.12,-40.26,0.208
4.12,-40.24,0.208
4.12,-40.22,0.208
4.13,-40.20,0.208
4.13,-40.19,0.208
4.13,-40.17,0.208
4.13,-40.15,0.208
4.13,-40.14,0.208
4.13,-40.12,0.208
4.14,-40.10,0.208
4.14,-40.09,0.208
4.14,-40.07,0.208
4.14,-40.05,0.208
4.14,-40.04,0.208
4.14,-40.02,0.208
4.14,-40.00,0.208
4.15,-39.99,0.208
4.15,-39.97,0.208
4.15,-39.96,0.208
4.15,-39.94,0.208
4.15,-39.92,0.208
4.16,-39.91,0.208
4.16,-39.89,0.208
4.16,-39.87,0.208
4.16,-39.85,0.208
4.16,-39.84,0.208
4.16,-39.82,0.208
4.16,-39.80,0.209
4.17,-39.79,0.209
4.17,-39.77,0.209
4.17,-39.75,0.209
4.17,-39.74,0.209
4.17,-39.72,0.209
4.18,-39.70,0.209
4.18,-39.69,0.209
4.18,-39.67,0.209
4.18,-39.65,0.209
4.18,-39.64,0.209
4.18,-39.62,0.209
4.19,-39.60,0.209
4.19,-39.59,0.209
4.19,-39.57,0.209
4.19,-39.55,0.209
4.19,-39.54,0.209
4.19,-39.52,0.209
4.19,-39.50,0.209
4.20,-39.49,0.209
4.20,-39.47,0.209
4.20,-39.45,0.209
4.20,-39.44,0.209
4.20,-39.42,0.209
4.21,-39.40,0.209
4.21,-39.39,0.209
4.21,-39.37,0.209
4.21,-39.35,0.209
4.21,-39.34,0.209
4.21,-39.32,0.209
4.21,-39.30,0.209
4.22,-39.29,0.209
4.22,-39.27,0.209
4.22,-39.25,0.209
4.22,-39.24,0.209
4.22,-39.22,0.209
4.23,-39.20,0.209
4.23,-39.19,0.209
4.23,-39.17,0.209
4.23,-39.15,0.209
4.23,-39.14,0.209
4.23,-39.12,0.209
4.24,-39.10,0.209
4.24,-39.09,0.209
4.24,-39.07,0.209
4.24,-39.05,0.209
4.24,-39.03,0.209
4.24,-39.02,0.209
4.24,-39.00,0.209
4.25,-38.99,0.209
4.25,-38.97,0.209
4.25,-38.95,0.209
4.25,-38.94,0.209
4.25,-38.92,0.209
4.26,-38.90,0.209
4.26,-38.88,0.209
4.26,-38.87,0.209
4.26,-38.85,0.209
4.26,-38.84,0.209
4.26,-38.82,0.209
4.26,-38.80,0.209
4.27,-38.79,0.209
4.27,-38.77,0.209
4.27,-38.75,0.209
4.27,-38.74,0.209
4.27,-38.72,0.209
4.28,-38.70,0.209
4.28,-38.68,0.209
4.28,-38.67,0.209
4.28,-38.65,0.209
4.28,-38.63,0.209
4.28,-38.62,0.209
4.29,-38.60,0.209
4.29,-38.59,0.209
4.29,-38.57,0.209
4.29,-38.55,0.209
4.29,-38.53,0.209
4.29,-38.52,0.209
4.30,-38.50,0.209
4.30,-38.49,0.209
4.30,-38.47,0.209
4.30,-38.45,0.209
4.30,-38.44,0.209
4.30,-38.42,0.209
4.30,-38.40,0.209
4.31,-38.38,0.209
4.31,-38.37,0.209
4.31,-38.35,0.209
4.31,-38.33,0.209
4.31,-38.32,0.209
4.31,-38.30,0.209
4.32,-38.29,0.209
4.32,-38.27,0.210
4.32,-38.25,0.210
4.32,-38.24,0.210
4.32,-38.22,0.210
4.33,-38.20,0.210
4.33,-38.18,0.210
4.33,-38.17,0.210
4.33,-38.15,0.210
4.33,-38.14,0.210
4.33,-38.12,0.210
4.34,-38.10,0.210
4.34,-38.08,0.210
4.34,-38.07,0.210
4.34,-38.05,0.210
4.34,-38.03,0.210
4.34,-38.02,0.210
4.35,-38.00,0.210
4.35,-37.98,0.210
4.35,-37.97,0.210
4.35,-37.95,0.210
4.35,-37.93,0.210
4.35,-37.92,0.210
4.35,-37.90,0.210
4.36,-37.88,0.210
4.36,-37.87,0.210
4.36,-37.85,0.210
4.36,-37.83,0.210
4.36,-37.82,0.210
4.36,-37.80,0.210
4.37,-37.78,0.210
4.37,-37.77,0.210
4.37,-37.75,0.210
4.37,-37.73,0.210
4.37,-37.72,0.210
4.38,-37.70,0.210
4.38,-37.68,0.210
4.38,-37.67,0.210
4.38,-37.65,0.210
4.38,-37.63,0.210
4.38,-37.62,0.210
4.39,-37.60,0.210
4.39,-37.58,0.210
4.39,-37.57,0.210
4.39,-37.55,0.210
4.39,-37.53,0.210
4.39,-37.52,0.210
4.40,-37.50,0.210
4.40,-37.48,0.210
4.40,-37.47,0.210
4.40,-37.45,0.210
4.40,-37.43,0.210
4.40,-37.42,0.210
4.40,-37.40,0.210
4.41,-37.38,0.210
4.41,-37.37,0.210
4.41,-37.35,0.210
4.41,-37.33,0.210
4.41,-37.32,0.210
4.41,-37.30,0.210
4.42,-37.28,0.210
4.42,-37.26,0.210
4.42,-37.25,0.210
4.42,-37.23,0.210
4.42,-37.21,0.210
4.43,-37.20,0.210
4.43,-37.18,0.210
4.43,-37.17,0.210
4.43,-37.15,0.210
4.43,-37.13,0.210
4.43,-37.11,0.210
4.44,-37.10,0.210
4.44,-37.08,0.210
4.44,-37.07,0.210
4.44,-37.05,0.210
4.44,-37.03,0.210
4.44,-37.01,0.210
4.45,-37.00,0.210
4.45,-36.98,0.210
4.45,-36.97,0.210
4.45,-36.95,0.210
4.45,-36.93,0.210
4.45,-36.91,0.210
4.45,-36.90,0.210
4.46,-36.88,0.210
4.46,-36.87,0.210
4.46,-36.85,0.210
4.46,-36.83,0.210
4.46,-36.81,0.210
4.46,-36.80,0.210
4.47,-36.78,0.210
4.47,-36.76,0.210
4.47,-36.75,0.210
4.47,-36.73,0.210
4.47,-36.71,0.210
4.48,-36.70,0.210
4.48,-36.68,0.210
4.48,-36.66,0.210
4.48,-36.65,0.211
4.48,-36.63,0.211
4.48,-36.61,0.211
4.49,-36.60,0.211
4.49,-36.58,0.211
4.49,-36.56,0.211
4.49,-36.55,0.211
4.49,-36.53,0.211
4.49,-36.51,0.211
4.50,-36.50,0.211
4.50,-36.48,0.211
4.50,-36.46,0.211
4.50,-36.45,0.211
4.50,-36.43,0.211
4.50,-36.41,0.211
4.50,-36.40,0.211
4.51,-36.38,0.211
4.51,-36.36,0.211
4.51,-36.35,0.211
4.51,-36.33,0.211
4.51,-36.31,0.211
4.51,-36.30,0.211
4.52,-36.28,0.211
4.52,-36.26,0.211
4.52,-36.25,0.211
4.52,-36.23,0.211
4.52,-36.21,0.211
4.53,-36.20,0.211
4.53,-36.18,0.211
4.53,-36.16,0.211
4.53,-36.15,0.211
4.53,-36.13,0.211
4.53,-36.11,0.211
4.54,-36.10,0.211
4.54,-36.08,0.211
4.54,-36.06,0.211
4.54,-36.05,0.211
4.54,-36.03,0.211
4.54,-36.01,0.211
4.55,-36.00,0.211
4.55,-35.98,0.211
4.55,-35.96,0.211
4.55,-35.95,0.211
4.55,-35.93,0.211
4.55,-35.91,0.211
4.55,-35.90,0.211
4.56,-35.88,0.211
4.56,-35.86,0.211
4.56,-35.85,0.211
4.56,-35.83,0.211
4.56,-35.81,0.211
4.56,-35.80,0.211
4.57,-35.78,0.211
4.57,-35.76,0.211
4.57,-35.75,0.211
4.57,-35.73,0.211
4.57,-35.71,0.211
4.58,-35.70,0.211
4.58,-35.68,0.211
4.58,-35.66,0.211
4.58,-35.65,0.211
4.58,-35.63,0.211
4.58,-35.61,0.211
4.59,-35.60,0.211
4.59,-35.58,0.211
4.59,-35.56,0.211
4.59,-35.55,0.211
4.59,-35.53,0.211
4.59,-35.51,0.211
4.60,-35.50,0.211
4.60,-35.48,0.211
4.60,-35.46,0.211
4.60,-35.45,0.211
4.60,-35.43,0.211
4.60,-35.41,0.211
4.60,-35.40,0.211
4.61,-35.38,0.211
4.61,-35.36,0.211
4.61,-35.35,0.211
4.61,-35.33,0.211
4.61,-35.31,0.211
4.61,-35.30,0.211
4.62,-35.28,0.211
4.62,-35.26,0.211
4.62,-35.25,0.211
4.62,-35.23,0.211
4.62,-35.21,0.211
4.63,-35.20,0.211
4.63,-35.18,0.211
4.63,-35.16,0.211
4.63,-35.15,0.211
4.63,-35.13,0.211
4.63,-35.11,0.211
4.64,-35.10,0.211
4.64,-35.08,0.211
4.64,-35.06,0.211
4.64,-35.05,0.211
4.64,-35.03,0.211
4.64,-35.01,0.211
4.65,-35.00,0.211
4.65,-34.98,0.211
4.65,-34.96,0.211
4.65,-34.95,0.211
4.65,-34.93,0.212
4.65,-34.91,0.212
4.65,-34.90,0.212
4.66,-34.88,0.212
4.66,-34.86,0.212
4.66,-34.85,0.212
4.66,-34.83,0.212
4.66,-34.81,0.212
4.66,-34.80,0.212
4.67,-34.78,0.212
4.67,-34.76,0.212
4.67,-34.75,0.212
4.67,-34.73,0.212
4.67,-34.71,0.212
4.68,-34.70,0.212
4.68,-34.68,0.212
4.68,-34.66,0.212
4.68,-34.65,0.212
4.68,-34.63,0.212
4.68,-34.61,0.212
4.69,-34.60,0.212
4.69,-34.58,0.212
4.69,-34.56,0.212
4.69,-34.55,0.212
4.69,-34.53,0.212
4.69,-34.51,0.212
4.70,-34.50,0.212
4.70,-34.48,0.212
4.70,-34.46,0.212
4.70,-34.45,0.212
4.70,-34.43,0.212
4.70,-34.41,0.212
4.70,-34.39,0.212
4.71,-34.38,0.212
4.71,-34.36,0.212
4.71,-34.34,0.212
4.71,-34.33,0.212
4.71,-34.31,0.212
4.71,-34.29,0.212
4.72,-34.28,0.212
4.72,-34.26,0.212
4.72,-34.24,0.212
4.72,-34.23,0.212
4.72,-34.21,0.212
4.73,-34.19,0.212
4.73,-34.18,0.212
4.73,-34.16,0.212
4.73,-34.14,0.212
4.73,-34.13,0.212
4.73,-34.11,0.212
4.74,-34.09,0.212
4.74,-34.08,0.212
4.74,-34.06,0.212
4.74,-34.04,0.212
4.74,-34.03,0.212
4.74,-34.01,0.212
4.75,-33.99,0.212
4.75,-33.98,0.212
4.75,-33.96,0.212
4.75,-33.95,0.212
4.75,-33.93,0.212
4.75,-33.91,0.212
4.75,-33.90,0.212
4.76,-33.88,0.212
4.76,-33.86,0.212
4.76,-33.84,0.212
4.76,-33.83,0.212
4.76,-33.81,0.212
4.76,-33.79,0.212
4.77,-33.78,0.212
4.77,-33.76,0.212
4.77,-33.74,0.212
4.77,-33.73,0.212
4.77,-33.71,0.212
4.78,-33.69,0.212
4.78,-33.68,0.212
4.78,-33.66,0.212
4.78,-33.64,0.212
4.78,-33.63,0.212
4.78,-33.61,0.212
4.79,-33.59,0.212
4.79,-33.58,0.212
4.79,-33.56,0.212
4.79,-33.54,0.212
4.79,-33.53,0.212
4.79,-33.51,0.212
4.80,-33.49,0.212
4.80,-33.48,0.212
4.80,-33.46,0.212
4.80,-33.44,0.212
4.80,-33.43,0.212
4.80,-33.41,0.212
4.80,-33.39,0.212
4.81,-33.38,0.212
4.81,-33.36,0.212
4.81,-33.34,0.212
4.81,-33.33,0.213
4.81,-33.31,0.213
4.81,-33.29,0.213
4.82,-33.28,0.213
4.82,-33.26,0.213
4.82,-33.24,0.213
4.82,-33.23,0.213
4.82,-33.21,0.213
4.83,-33.19,0.213
4.83,-33.18,0.213
4.83,-33.16,0.213
4.83,-33.14,0.213
4.83,-33.13,0.213
4.83,-33.11,0.213
4.84,-33.09,0.213
4.84,-33.08,0.213
4.84,-33.06,0.213
4.84,-33.04,0.213
4.84,-33.03,0.213
4.84,-33.01,0.213
4.85,-32.99,0.213
4.85,-32.98,0.213
4.85,-32.96,0.213
4.85,-32.94,0.213
4.85,-32.93,0.213
4.85,-32.91,0.213
4.85,-32.89,0.213
4.86,-32.88,0.213
4.86,-32.86,0.213
4.86,-32.84,0.213
4.86,-32.82,0.213
4.86,-32.81,0.213
4.86,-32.79,0.213
4.87,-32.77,0.213
4.87,-32.76,0.213
4.87,-32.74,0.213
4.87,-32.72,0.213
4.87,-32.71,0.213
4.88,-32.69,0.213
4.88,-32.68,0.213
4.88,-32.66,0.213
4.88,-32.64,0.213
4.88,-32.63,0.213
4.88,-32.61,0.213
4.89,-32.59,0.213
4.89,-32.58,0.213
4.89,-32.56,0.213
4.89,-32.54,0.213
4.89,-32.53,0.213
4.89,-32.51,0.213
4.90,-32.49,0.213
4.90,-32.48,0.213
4.90,-32.46,0.213
4.90,-32.44,0.213
4.90,-32.43,0.213
4.90,-32.41,0.213
4.90,-32.39,0.213
4.91,-32.38,0.213
4.91,-32.36,0.213
4.91,-32.34,0.213
4.91,-32.33,0.213
4.91,-32.31,0.213
4.91,-32.29,0.213
4.92,-32.27,0.213
4.92,-32.26,0.213
4.92,-32.24,0.213
4.92,-32.22,0.213
4.92,-32.21,0.213
4.93,-32.19,0.213
4.93,-32.17,0.213
4.93,-32.16,0.213
4.93,-32.14,0.213
4.93,-32.13,0.213
4.93,-32.11,0.213
4.94,-32.09,0.213
4.94,-32.07,0.213
4.94,-32.06,0.213
4.94,-32.04,0.213
4.94,-32.02,0.213
4.94,-32.01,0.213
4.95,-31.99,0.213
4.95,-31.97,0.213
4.95,-31.96,0.213
4.95,-31.94,0.213
4.95,-31.92,0.213
4.95,-31.91,0.213
4.95,-31.89,0.213
4.96,-31.87,0.213
4.96,-31.86,0.213
4.96,-31.84,0.213
4.96,-31.82,0.213
4.96,-31.81,0.213
4.96,-31.79,0.213
4.97,-31.77,0.213
4.97,-31.76,0.213
4.97,-31.74,0.213
4.97,-31.73,0.213
4.97,-31.71,0.213
4.98,-31.69,0.214
4.98,-31.67,0.214
4.98,-31.66,0.214
4.98,-31.64,0.214
4.98,-31.62,0.214
4.98,-31.61,0.214
4.99,-31.59,0.214
4.99,-31.57,0.214
4.99,-31.56,0.214
4.99,-31.54,0.214
4.99,-31.53,0.214
4.99,-31.51,0.214
5.00,-31.49,0.214
5.00,-31.47,0.214
5.00,-31.46,0.214
5.00,-31.44,0.214
5.00,-31.42,0.214
5.00,-31.41,0.214
5.00,-31.39,0.214
5.01,-31.37,0.214
5.01,-31.36,0.214
5.01,-31.34,0.214
5.01,-31.33,0.214
5.01,-31.31,0.214
5.01,-31.29,0.214
5.02,-31.27,0.214
5.02,-31.26,0.214
5.02,-31.24,0.214
5.02,-31.22,0.214
5.02,-31.21,0.214
5.03,-31.19,0.214
5.03,-31.17,0.214
5.03,-31.16,0.214
5.03,-31.14,0.214
5.03,-31.12,0.214
5.03,-31.11,0.214
5.04,-31.09,0.214
5.04,-31.07,0.214
5.04,-31.06,0.214
5.04,-31.04,0.214
5.04,-31.02,0.214
5.04,-31.01,0.214
5.05,-30.99,0.214
5.05,-30.97,0.214
5.05,-30.96,0.214
5.05,-30.94,0.214
5.05,-30.92,0.214
5.05,-30.91,0.214
5.05,-30.89,0.214
5.06,-30.87,0.214
5.06,-30.86,0.214
5.06,-30.84,0.214
5.06,-30.82,0.214
5.06,-30.81,0.214
5.06,-30.79,0.214
5.07,-30.77,0.214
5.07,-30.76,0.214
5.07,-30.74,0.214
5.07,-30.72,0.214
5.07,-30.71,0.214
5.08,-30.69,0.214
5.08,-30.67,0.214
5.08,-30.66,0.214
5.08,-30.64,0.214
5.08,-30.62,0.214
5.08,-30.61,0.214
5.09,-30.59,0.214
5.09,-30.57,0.214
5.09,-30.56,0.214
5.09,-30.54,0.214
5.09,-30.52,0.214
5.09,-30.51,0.214
5.10,-30.49,0.214
5.10,-30.47,0.214
5.10,-30.46,0.214
5.10,-30.44,0.214
5.10,-30.42,0.214
5.10,-30.41,0.214
5.10,-30.39,0.214
5.11,-30.37,0.214
5.11,-30.36,0.214
5.11,-30.34,0.214
5.11,-30.32,0.214
5.11,-30.31,0.214
5.11,-30.29,0.214
5.12,-30.27,0.214
5.12,-30.26,0.215
5.12,-30.24,0.215
5.12,-30.22,0.215
5.12,-30.21,0.215
5.13,-30.19,0.215
5.13,-30.17,0.215
5.13,-30.16,0.215
5.13,-30.14,0.215
5.13,-30.12,0.215
5.13,-30.11,0.215
5.14,-30.09,0.215
5.14,-30.07,0.215
5.14,-30.05,0.215
5.14,-30.04,0.215
5.14,-30.02,0.215
5.14,-30.01,0.215
5.15,-29.99,0.215
5.15,-29.97,0.215
5.15,-29.96,0.215
5.15,-29.94,0.215
5.15,-29.92,0.215
5.15,-29.91,0.215
5.15,-29.89,0.215
5.16,-29.87,0.215
5.16,-29.85,0.215
5.16,-29.84,0.215
5.16,-29.82,0.215
5.16,-29.81,0.215
5.16,-29.79,0.215
5.17,-29.77,0.215
5.17,-29.75,0.215
5.17,-29.74,0.215
5.17,-29.72,0.215
5.17,-29.70,0.215
5.18,-29.69,0.215
5.18,-29.67,0.215
5.18,-29.66,0.215
5.18,-29.64,0.215
5.18,-29.62,0.215
5.18,-29.61,0.215
5.19,-29.59,0.215
5.19,-29.57,0.215
5.19,-29.56,0.215
5.19,-29.54,0.215
5.19,-29.52,0.215
5.19,-29.50,0.215
5.20,-29.49,0.215
5.20,-29.47,0.215
5.20,-29.45,0.215
5.20,-29.44,0.215
5.20,-29.42,0.215
5.20,-29.40,0.215
5.20,-29.39,0.215
5.21,-29.37,0.215
5.21,-29.35,0.215
5.21,-29.34,0.215
5.21,-29.32,0.215
5.21,-29.30,0.215
5.21,-29.29,0.215
5.22,-29.27,0.215
5.22,-29.26,0.215
5.22,-29.24,0.215
5.22,-29.22,0.215
5.22,-29.21,0.215
5.23,-29.19,0.215
5.23,-29.17,0.215
5.23,-29.16,0.215
5.23,-29.14,0.215
5.23,-29.12,0.215
5.23,-29.11,0.215
5.24,-29.09,0.215
5.24,-29.07,0.215
5.24,-29.05,0.215
5.24,-29.04,0.215
5.24,-29.02,0.215
5.24,-29.00,0.215
5.25,-28.99,0.215
5.25,-28.97,0.215
5.25,-28.95,0.215
5.25,-28.94,0.215
5.25,-28.92,0.215
5.25,-28.90,0.215
5.25,-28.89,0.215
5.26,-28.87,0.215
5.26,-28.85,0.215
5.26,-28.84,0.215
5.26,-28.82,0.215
5.26,-28.80,0.215
5.26,-28.79,0.215
5.27,-28.77,0.215
5.27,-28.75,0.215
5.27,-28.74,0.215
5.27,-28.72,0.215
5.27,-28.70,0.215
5.28,-28.69,0.215
5.28,-28.67,0.215
5.28,-28.65,0.215
5.28,-28.64,0.215
5.28,-28.62,0.215
5.28,-28.60,0.215
5.29,-28.59,0.215
5.29,-28.57,0.215
5.29,-28.55,0.215
5.29,-28.54,0.215
5.29,-28.52,0.215
5.29,-28.50,0.216
5.30,-28.49,0.216
5.30,-28.47,0.216
5.30,-28.45,0.216
5.30,-28.44,0.216
5.30,-28.42,0.216
5.30,-28.40,0.216
5.30,-28.39,0.216
5.31,-28.37,0.216
5.31,-28.35,0.216
5.31,-28.34,0.216
5.31,-28.32,0.216
5.31,-28.30,0.216
5.31,-28.29,0.216
5.32,-28.27,0.216
5.32,-28.25,0.216
5.32,-28.24,0.216
5.32,-28.22,0.216
5.32,-28.20,0.216
5.33,-28.19,0.216
5.33,-28.17,0.216
5.33,-28.15,0.216
5.33,-28.14,0.216
5.33,-28.12,0.216
5.33,-28.10,0.216
5.34,-28.09,0.216
5.34,-28.07,0.216
5.34,-28.05,0.216
5.34,-28.04,0.216
5.34,-28.02,0.216
5.34,-28.00,0.216
5.35,-27.99,0.216
5.35,-27.97,0.216
5.35,-27.95,0.216
5.35,-27.94,0.216
5.35,-27.92,0.216
5.35,-27.90,0.216
5.35,-27.89,0.216
5.36,-27.87,0.216
5.36,-27.85,0.216
5.36,-27.84,0.216
5.36,-27.82,0.216
5.36,-27.80,0.216
5.36,-27.79,0.216
5.37,-27.77,0.216
5.37,-27.75,0.216
5.37,-27.73,0.216
5.37,-27.72,0.216
5.37,-27.70,0.216
5.38,-27.69,0.216
5.38,-27.67,0.216
5.38,-27.65,0.216
5.38,-27.64,0.216
5.38,-27.62,0.216
5.38,-27.60,0.216
5.39,-27.59,0.216
5.39,-27.57,0.216
5.39,-27.55,0.216
5.39,-27.54,0.216
5.39,-27.52,0.216
5.39,-27.50,0.216
5.40,-27.49,0.216
5.40,-27.47,0.216
5.40,-27.45,0.216
5.40,-27.44,0.216
5.40,-27.42,0.216
5.40,-27.40,0.216
5.40,-27.39,0.216
5.41,-27.37,0.216
5.41,-27.35,0.216
5.41,-27.33,0.216
5.41,-27.32,0.216
5.41,-27.30,0.216
5.41,-27.28,0.216
5.42,-27.27,0.216
5.42,-27.25,0.216
5.42,-27.24,0.216
5.42,-27.22,0.216
5.42,-27.20,0.216
5.43,-27.18,0.216
5.43,-27.17,0.216
5.43,-27.15,0.216
5.43,-27.13,0.216
5.43,-27.12,0.216
5.43,-27.10,0.216
5.44,-27.08,0.217
5.44,-27.07,0.217
5.44,-27.05,0.217
5.44,-27.03,0.217
5.44,-27.02,0.217
5.44,-27.00,0.217
5.45,-26.98,0.217
5.45,-26.97,0.217
5.45,-26.95,0.217
5.45,-26.93,0.217
5.45,-26.92,0.217
5.45,-26.90,0.217
5.45,-26.88,0.217
5.46,-26.87,0.217
5.46,-26.85,0.217
5.46,-26.83,0.217
5.46,-26.82,0.217
5.46,-26.80,0.217
5.46,-26.78,0.217
5.47,-26.77,0.217
5.47,-26.75,0.217
5.47,-26.74,0.217
5.47,-26.72,0.217
5.47,-26.70,0.217
5.48,-26.68,0.217
5.48,-26.67,0.217
5.48,-26.65,0.217
5.48,-26.63,0.217
5.48,-26.62,0.217
5.48,-26.60,0.217
5.49,-26.58,0.217
5.49,-26.57,0.217
5.49,-26.55,0.217
5.49,-26.53,0.217
5.49,-26.52,0.217
5.49,-26.50,0.217
5.50,-26.48,0.217
5.50,-26.47,0.217
5.50,-26.45,0.217
5.50,-26.43,0.217
5.50,-26.42,0.217
5.50,-26.40,0.217
5.50,-26.38,0.217
5.51,-26.37,0.217
5.51,-26.35,0.217
5.51,-26.33,0.217
5.51,-26.32,0.217
5.51,-26.30,0.217
5.51,-26.28,0.217
5.52,-26.27,0.217
5.52,-26.25,0.217
5.52,-26.23,0.217
5.52,-26.22,0.217
5.52,-26.20,0.217
5.53,-26.18,0.217
5.53,-26.17,0.217
5.53,-26.15,0.217
5.53,-26.13,0.217
5.53,-26.12,0.217
5.53,-26.10,0.217
5.54,-26.08,0.217
5.54,-26.07,0.217
5.54,-26.05,0.217
5.54,-26.03,0.217
5.54,-26.01,0.217
5.54,-26.00,0.217
5.55,-25.98,0.217
5.55,-25.97,0.217
5.55,-25.95,0.217
5.55,-25.93,0.217
5.55,-25.92,0.217
5.55,-25.90,0.217
5.55,-25.88,0.217
5.56,-25.87,0.217
5.56,-25.85,0.217
5.56,-25.83,0.217
5.56,-25.82,0.217
5.56,-25.80,0.217
5.56,-25.78,0.217
5.57,-25.77,0.217
5.57,-25.75,0.217
5.57,-25.73,0.217
5.57,-25.72,0.217
5.57,-25.70,0.217
5.58,-25.68,0.217
5.58,-25.67,0.217
5.58,-25.65,0.217
5.58,-25.63,0.217
5.58,-25.62,0.217
5.58,-25.60,0.217
5.59,-25.58,0.217
5.59,-25.56,0.217
5.59,-25.55,0.218
5.59,-25.53,0.218
5.59,-25.51,0.218
5.59,-25.50,0.218
5.60,-25.48,0.218
5.60,-25.47,0.218
5.60,-25.45,0.218
5.60,-25.43,0.218
5.60,-25.42,0.218
5.60,-25.40,0.218
5.60,-25.38,0.218
5.61,-25.37,0.218
5.61,-25.35,0.218
5.61,-25.33,0.218
5.61,-25.32,0.218
5.61,-25.30,0.218
5.61,-25.28,0.218
5.62,-25.27,0.218
5.62,-25.25,0.218
5.62,-25.23,0.218
5.62,-25.22,0.218
5.62,-25.20,0.218
5.63,-25.18,0.218
5.63,-25.17,0.218
5.63,-25.15,0.218
5.63,-25.13,0.218
5.63,-25.11,0.218
5.63,-25.10,0.218
5.64,-25.08,0.218
5.64,-25.06,0.218
5.64,-25.05,0.218
5.64,-25.03,0.218
5.64,-25.02,0.218
5.64,-25.00,0.218
5.65,-24.98,0.218
5.65,-24.97,0.218
5.65,-24.95,0.218
5.65,-24.93,0.218
5.65,-24.91,0.218
5.65,-24.90,0.218
5.65,-24.88,0.218
5.66,-24.86,0.218
5.66,-24.85,0.218
5.66,-24.83,0.218
5.66,-24.82,0.218
5.66,-24.80,0.218
5.66,-24.78,0.218
5.67,-24.76,0.218
5.67,-24.75,0.218
5.67,-24.73,0.218
5.67,-24.71,0.218
5.67,-24.70,0.218
5.68,-24.68,0.218
5.68,-24.66,0.218
5.68,-24.65,0.218
5.68,-24.63,0.218
5.68,-24.62,0.218
5.68,-24.60,0.218
5.69,-24.58,0.218
5.69,-24.56,0.218
5.69,-24.55,0.218
5.69,-24.53,0.218
5.69,-24.51,0.218
5.69,-24.50,0.218
5.70,-24.48,0.218
5.70,-24.46,0.218
5.70,-24.45,0.218
5.70,-24.43,0.218
5.70,-24.42,0.218
5.70,-24.40,0.218
5.70,-24.38,0.218
5.71,-24.36,0.218
5.71,-24.35,0.218
5.71,-24.33,0.218
5.71,-24.31,0.218
5.71,-24.30,0.218
5.71,-24.28,0.218
5.72,-24.26,0.218
5.72,-24.25,0.218
5.72,-24.23,0.218
5.72,-24.21,0.218
5.72,-24.20,0.218
5.73,-24.18,0.218
5.73,-24.16,0.218
5.73,-24.15,0.218
5.73,-24.13,0.218
5.73,-24.11,0.218
5.73,-24.10,0.218
5.74,-24.08,0.218
5.74,-24.06,0.218
5.74,-24.05,0.218
5.74,-24.03,0.218
5.74,-24.01,0.218
5.74,-24.00,0.218
5.75,-23.98,0.218
5.75,-23.96,0.218
5.75,-23.95,0.218
5.75,-23.93,0.218
5.75,-23.91,0.218
5.75,-23.90,0.218
5.75,-23.88,0.218
5.76,-23.86,0.219
5.76,-23.85,0.219
5.76,-23.83,0.219
5.76,-23.81,0.219
5.76,-23.80,0.219
5.76,-23.78,0.219
5.77,-23.76,0.219
5.77,-23.75,0.219
5.77,-23.73,0.219
5.77,-23.71,0.219
5.77,-23.70,0.219
5.78,-23.68,0.219
5.78,-23.66,0.219
5.78,-23.65,0.219
5.78,-23.63,0.219
5.78,-23.61,0.219
5.78,-23.60,0.219
5.79,-23.58,0.219
5.79,-23.56,0.219
5.79,-23.55,0.219
5.79,-23.53,0.219
5.79,-23.51,0.219
5.79,-23.50,0.219
5.80,-23.48,0.219
5.80,-23.46,0.219
5.80,-23.45,0.219
5.80,-23.43,0.219
5.80,-23.41,0.219
5.80,-23.40,0.219
5.80,-23.38,0.219
5.81,-23.36,0.219
5.81,-23.35,0.219
5.81,-23.33,0.219
5.81,-23.31,0.219
5.81,-23.30,0.219
5.81,-23.28,0.219
5.82,-23.26,0.219
5.82,-23.25,0.219
5.82,-23.23,0.219
5.82,-23.21,0.219
5.82,-23.20,0.219
5.83,-23.18,0.219
5.83,-23.16,0.219
5.83,-23.15,0.219
5.83,-23.13,0.219
5.83,-23.11,0.219
5.83,-23.10,0.219
5.84,-23.08,0.219
5.84,-23.06,0.219
5.84,-23.05,0.219
5.84,-23.03,0.219
5.84,-23.01,0.219
5.84,-23.00,0.219
5.85,-22.98,0.219
5.85,-22.96,0.219
5.85,-22.95,0.219
5.85,-22.93,0.219
5.85,-22.91,0.219
5.85,-22.90,0.219
5.85,-22.88,0.219
5.86,-22.86,0.219
5.86,-22.85,0.219
5.86,-22.83,0.219
5.86,-22.81,0.219
5.86,-22.80,0.219
5.86,-22.78,0.219
5.87,-22.76,0.219
5.87,-22.75,0.219
5.87,-22.73,0.219
5.87,-22.71,0.219
5.87,-22.70,0.219
5.88,-22.68,0.219
5.88,-22.66,0.219
5.88,-22.65,0.219
5.88,-22.63,0.219
5.88,-22.61,0.219
5.88,-22.60,0.219
5.89,-22.58,0.219
5.89,-22.56,0.219
5.89,-22.55,0.219
5.89,-22.53,0.219
5.89,-22.51,0.219
5.89,-22.50,0.219
5.90,-22.48,0.219
5.90,-22.46,0.219
5.90,-22.45,0.219
5.90,-22.43,0.219
5.90,-22.41,0.219
5.90,-22.40,0.220
5.90,-22.38,0.220
5.91,-22.36,0.220
5.91,-22.35,0.220
5.91,-22.33,0.220
5.91,-22.31,0.220
5.91,-22.30,0.220
5.91,-22.28,0.220
5.92,-22.26,0.220
5.92,-22.25,0.220
5.92,-22.23,0.220
5.92,-22.21,0.220
5.92,-22.20,0.220
5.93,-22.18,0.220
5.93,-22.16,0.220
5.93,-22.15,0.220
5.93,-22.13,0.220
5.93,-22.11,0.220
5.93,-22.10,0.220
5.94,-22.08,0.220
5.94,-22.06,0.220
5.94,-22.05,0.220
5.94,-22.03,0.220
5.94,-22.01,0.220
5.94,-22.00,0.220
5.95,-21.98,0.220
5.95,-21.96,0.220
5.95,-21.95,0.220
5.95,-21.93,0.220
5.95,-21.91,0.220
5.95,-21.90,0.220
5.95,-21.88,0.220
5.96,-21.86,0.220
5.96,-21.85,0.220
5.96,-21.83,0.220
5.96,-21.81,0.220
5.96,-21.79,0.220
5.96,-21.78,0.220
5.97,-21.76,0.220
5.97,-21.75,0.220
5.97,-21.73,0.220
5.97,-21.71,0.220
5.97,-21.70,0.220
5.98,-21.68,0.220
5.98,-21.66,0.220
5.98,-21.65,0.220
5.98,-21.63,0.220
5.98,-21.61,0.220
5.98,-21.60,0.220
5.99,-21.58,0.220
5.99,-21.56,0.220
5.99,-21.55,0.220
5.99,-21.53,0.220
5.99,-21.51,0.220
5.99,-21.49,0.220
6.00,-21.48,0.220
6.00,-21.46,0.220
6.00,-21.45,0.220
6.00,-21.43,0.220
6.00,-21.41,0.220
6.00,-21.40,0.220
6.00,-21.38,0.220
6.01,-21.36,0.220
6.01,-21.35,0.220
6.01,-21.33,0.220
6.01,-21.31,0.220
6.01,-21.30,0.220
6.01,-21.28,0.220
6.02,-21.26,0.220
6.02,-21.25,0.220
6.02,-21.23,0.220
6.02,-21.21,0.220
6.02,-21.20,0.220
6.03,-21.18,0.220
6.03,-21.16,0.220
6.03,-21.14,0.220
6.03,-21.13,0.220
6.03,-21.11,0.220
6.03,-21.09,0.220
6.04,-21.08,0.220
6.04,-21.06,0.220
6.04,-21.05,0.220
6.04,-21.03,0.220
6.04,-21.01,0.220
6.04,-21.00,0.220
6.05,-20.98,0.220
6.05,-20.96,0.220
6.05,-20.95,0.220
6.05,-20.93,0.220
6.05,-20.91,0.220
6.05,-20.89,0.220
6.05,-20.88,0.221
6.06,-20.86,0.221
6.06,-20.85,0.221
6.06,-20.83,0.221
6.06,-20.81,0.221
6.06,-20.79,0.221
6.06,-20.78,0.221
6.07,-20.76,0.221
6.07,-20.74,0.221
6.07,-20.73,0.221
6.07,-20.71,0.221
6.07,-20.69,0.221
6.08,-20.68,0.221
6.08,-20.66,0.221
6.08,-20.65,0.221
6.08,-20.63,0.221
6.08,-20.61,0.221
6.08,-20.59,0.221
6.09,-20.58,0.221
6.09,-20.56,0.221
6.09,-20.55,0.221
6.09,-20.53,0.221
6.09,-20.51,0.221
6.09,-20.49,0.221
6.10,-20.48,0.221
6.10,-20.46,0.221
6.10,-20.45,0.221
6.10,-20.43,0.221
6.10,-20.41,0.221
6.10,-20.40,0.221
6.10,-20.38,0.221
6.11,-20.36,0.221
6.11,-20.34,0.221
6.11,-20.33,0.221
6.11,-20.31,0.221
6.11,-20.29,0.221
6.11,-20.28,0.221
6.12,-20.26,0.221
6.12,-20.24,0.221
6.12,-20.23,0.221
6.12,-20.21,0.221
6.12,-20.20,0.221
6.13,-20.18,0.221
6.13,-20.16,0.221
6.13,-20.15,0.221
6.13,-20.13,0.221
6.13,-20.11,0.221
6.13,-20.10,0.221
6.14,-20.08,0.221
6.14,-20.06,0.221
6.14,-20.04,0.221
6.14,-20.03,0.221
6.14,-20.01,0.221
6.14,-19.99,0.221
6.15,-19.98,0.221
6.15,-19.96,0.221
6.15,-19.94,0.221
6.15,-19.93,0.221
6.15,-19.91,0.221
6.15,-19.89,0.221
6.15,-19.88,0.221
6.16,-19.86,0.221
6.16,-19.84,0.221
6.16,-19.83,0.221
6.16,-19.81,0.221
6.16,-19.79,0.221
6.16,-19.78,0.221
6.17,-19.76,0.221
6.17,-19.74,0.221
6.17,-19.73,0.221
6.17,-19.71,0.221
6.17,-19.69,0.221
6.18,-19.68,0.221
6.18,-19.66,0.221
6.18,-19.64,0.221
6.18,-19.63,0.221
6.18,-19.61,0.221
6.18,-19.59,0.221
6.19,-19.58,0.221
6.19,-19.56,0.221
6.19,-19.54,0.221
6.19,-19.53,0.221
6.19,-19.51,0.221
6.19,-19.49,0.221
6.20,-19.48,0.221
6.20,-19.46,0.221
6.20,-19.44,0.221
6.20,-19.43,0.221
6.20,-19.41,0.222
6.20,-19.39,0.222
6.20,-19.38,0.222
6.21,-19.36,0.222
6.21,-19.34,0.222
6.21,-19.33,0.222
6.21,-19.31,0.222
6.21,-19.29,0.222
6.21,-19.28,0.222
6.22,-19.26,0.222
6.22,-19.24,0.222
6.22,-19.23,0.222
6.22,-19.21,0.222
6.22,-19.19,0.222
6.23,-19.18,0.222
6.23,-19.16,0.222
6.23,-19.14,0.222
6.23,-19.13,0.222
6.23,-19.11,0.222
6.23,-19.09,0.222
6.24,-19.08,0.222
6.24,-19.06,0.222
6.24,-19.04,0.222
6.24,-19.03,0.222
6.24,-19.01,0.222
6.24,-18.99,0.222
6.25,-18.98,0.222
6.25,-18.96,0.222
6.25,-18.94,0.222
6.25,-18.93,0.222
6.25,-18.91,0.222
6.25,-18.89,0.222
6.25,-18.88,0.222
6.26,-18.86,0.222
6.26,-18.84,0.222
6.26,-18.83,0.222
6.26,-18.81,0.222
6.26,-18.79,0.222
6.26,-18.78,0.222
6.27,-18.76,0.222
6.27,-18.74,0.222
6.27,-18.73,0.222
6.27,-18.71,0.222
6.27,-18.69,0.222
6.28,-18.68,0.222
6.28,-18.66,0.222
6.28,-18.64,0.222
6.28,-18.63,0.222
6.28,-18.61,0.222
6.28,-18.59,0.222
6.29,-18.58,0.222
6.29,-18.56,0.222
6.29,-18.54,0.222
6.29,-18.53,0.222
6.29,-18.51,0.222
6.29,-18.49,0.222
6.30,-18.48,0.222
6.30,-18.46,0.222
6.30,-18.44,0.222
6.30,-18.43,0.222
6.30,-18.41,0.222
6.30,-18.39,0.222
6.30,-18.38,0.222
6.31,-18.36,0.223
6.31,-18.34,0.223
6.31,-18.33,0.223
6.31,-18.31,0.223
6.31,-18.29,0.223
6.31,-18.28,0.223
6.32,-18.26,0.223
6.32,-18.24,0.223
6.32,-18.23,0.223
6.32,-18.21,0.223
6.32,-18.19,0.223
6.33,-18.18,0.223
6.33,-18.16,0.223
6.33,-18.14,0.223
6.33,-18.13,0.223
6.33,-18.11,0.223
6.33,-18.09,0.223
6.34,-18.08,0.223
6.34,-18.06,0.223
6.34,-18.04,0.223
6.34,-18.02,0.223
6.34,-18.01,0.223
6.34,-17.99,0.223
6.35,-17.98,0.223
6.35,-17.96,0.223
6.35,-17.94,0.223
6.35,-17.93,0.223
6.35,-17.91,0.223
6.35,-17.89,0.223
6.35,-17.88,0.223
6.36,-17.86,0.223
6.36,-17.84,0.223
6.36,-17.82,0.223
6.36,-17.81,0.223
6.36,-17.79,0.223
6.36,-17.78,0.223
6.37,-17.76,0.223
6.37,-17.74,0.223
6.37,-17.73,0.223
6.37,-17.71,0.223
6.37,-17.69,0.223
6.38,-17.67,0.223
6.38,-17.66,0.223
6.38,-17.64,0.223
6.38,-17.63,0.223
6.38,-17.61,0.223
6.38,-17.59,0.223
6.39,-17.58,0.223
6.39,-17.56,0.223
6.39,-17.54,0.223
6.39,-17.52,0.223
6.39,-17.51,0.223
6.39,-17.49,0.223
6.40,-17.47,0.223
6.40,-17.46,0.223
6.40,-17.44,0.223
6.40,-17.42,0.223
6.40,-17.41,0.223
6.40,-17.39,0.223
6.40,-17.37,0.223
6.41,-17.36,0.223
6.41,-17.34,0.223
6.41,-17.32,0.223
6.41,-17.31,0.223
6.41,-17.29,0.223
6.41,-17.27,0.223
6.42,-17.26,0.223
6.42,-17.24,0.223
6.42,-17.22,0.223
6.42,-17.21,0.223
6.42,-17.19,0.223
6.43,-17.17,0.223
6.43,-17.16,0.223
6.43,-17.14,0.223
6.43,-17.12,0.223
6.43,-17.11,0.223
6.43,-17.09,0.223
6.44,-17.07,0.223
6.44,-17.06,0.223
6.44,-17.04,0.223
6.44,-17.02,0.223
6.44,-17.01,0.223
6.44,-16.99,0.223
6.45,-16.97,0.223
6.45,-16.96,0.223
6.45,-16.94,0.223
6.45,-16.92,0.224
6.45,-16.91,0.224
6.45,-16.89,0.224
6.45,-16.87,0.224
6.46,-16.86,0.224
6.46,-16.84,0.224
6.46,-16.82,0.224
6.46,-16.81,0.224
6.46,-16.79,0.224
6.46,-16.77,0.224
6.47,-16.76,0.224
6.47,-16.74,0.224
6.47,-16.72,0.224
6.47,-16.71,0.224
6.47,-16.69,0.224
6.48,-16.67,0.224
6.48,-16.66,0.224
6.48,-16.64,0.224
6.48,-16.62,0.224
6.48,-16.61,0.224
6.48,-16.59,0.224
6.49,-16.57,0.224
6.49,-16.56,0.224
6.49,-16.54,0.224
6.49,-16.52,0.224
6.49,-16.51,0.224
6.49,-16.49,0.224
6.50,-16.47,0.224
6.50,-16.46,0.224
6.50,-16.44,0.224
6.50,-16.42,0.224
6.50,-16.41,0.224
6.50,-16.39,0.224
6.50,-16.37,0.224
6.51,-16.36,0.224
6.51,-16.34,0.224
6.51,-16.32,0.224
6.51,-16.31,0.224
6.51,-16.29,0.224
6.51,-16.27,0.224
6.52,-16.26,0.224
6.52,-16.24,0.224
6.52,-16.22,0.224
6.52,-16.21,0.224
6.52,-16.19,0.224
6.53,-16.17,0.224
6.53,-16.16,0.224
6.53,-16.14,0.224
6.53,-16.12,0.224
6.53,-16.11,0.224
6.53,-16.09,0.224
6.54,-16.07,0.224
6.54,-16.05,0.224
6.54,-16.04,0.224
6.54,-16.02,0.224
6.54,-16.01,0.224
6.54,-15.99,0.224
6.55,-15.97,0.224
6.55,-15.96,0.224
6.55,-15.94,0.224
6.55,-15.92,0.224
6.55,-15.91,0.224
6.55,-15.89,0.224
6.55,-15.87,0.224
6.56,-15.86,0.224
6.56,-15.84,0.224
6.56,-15.82,0.224
6.56,-15.81,0.224
6.56,-15.79,0.224
6.56,-15.77,0.224
6.57,-15.76,0.224
6.57,-15.74,0.224
6.57,-15.72,0.224
6.57,-15.71,0.224
6.57,-15.69,0.224
6.58,-15.67,0.224
6.58,-15.66,0.224
6.58,-15.64,0.224
6.58,-15.62,0.224
6.58,-15.61,0.224
6.58,-15.59,0.224
6.59,-15.57,0.224
6.59,-15.55,0.224
6.59,-15.54,0.224
6.59,-15.52,0.224
6.59,-15.51,0.224
6.59,-15.49,0.224
6.60,-15.47,0.224
6.60,-15.46,0.224
6.60,-15.44,0.224
6.60,-15.42,0.224
6.60,-15.41,0.224
6.60,-15.39,0.224
6.60,-15.37,0.224
6.61,-15.36,0.224
6.61,-15.34,0.224
6.61,-15.32,0.224
6.61,-15.30,0.224
6.61,-15.29,0.225
6.61,-15.27,0.225
6.62,-15.25,0.225
6.62,-15.24,0.225
6.62,-15.22,0.225
6.62,-15.21,0.225
6.62,-15.19,0.225
6.63,-15.17,0.225
6.63,-15.15,0.225
6.63,-15.14,0.225
6.63,-15.12,0.225
6.63,-15.11,0.225
6.63,-15.09,0.225
6.64,-15.07,0.225
6.64,-15.05,0.225
6.64,-15.04,0.225
6.64,-15.02,0.225
6.64,-15.00,0.225
6.64,-14.99,0.225
6.65,-14.97,0.225
6.65,-14.95,0.225
6.65,-14.94,0.225
6.65,-14.92,0.225
6.65,-14.90,0.225
6.65,-14.89,0.225
6.65,-14.87,0.225
6.66,-14.85,0.225
6.66,-14.84,0.225
6.66,-14.82,0.225
6.66,-14.80,0.225
6.66,-14.79,0.225
6.66,-14.77,0.225
6.67,-14.75,0.225
6.67,-14.74,0.225
6.67,-14.72,0.225
6.67,-14.70,0.225
6.67,-14.69,0.225
6.68,-14.67,0.225
6.68,-14.65,0.225
6.68,-14.64,0.225
6.68,-14.62,0.225
6.68,-14.60,0.225
6.68,-14.59,0.225
6.69,-14.57,0.225
6.69,-14.55,0.225
6.69,-14.54,0.225
6.69,-14.52,0.225
6.69,-14.50,0.225
6.69,-14.49,0.225
6.70,-14.47,0.225
6.70,-14.45,0.225
6.70,-14.44,0.225
6.70,-14.42,0.225
6.70,-14.40,0.225
6.70,-14.39,0.225
6.70,-14.37,0.225
6.71,-14.35,0.225
6.71,-14.34,0.225
6.71,-14.32,0.225
6.71,-14.30,0.225
6.71,-14.29,0.225
6.71,-14.27,0.225
6.72,-14.25,0.225
6.72,-14.24,0.225
6.72,-14.22,0.225
6.72,-14.20,0.225
6.72,-14.19,0.225
6.73,-14.17,0.225
6.73,-14.15,0.225
6.73,-14.14,0.225
6.73,-14.12,0.225
6.73,-14.10,0.225
6.73,-14.09,0.225
6.74,-14.07,0.225
6.74,-14.05,0.225
6.74,-14.04,0.225
6.74,-14.02,0.225
6.74,-14.00,0.225
6.74,-13.98,0.225
6.75,-13.97,0.225
6.75,-13.95,0.225
6.75,-13.93,0.225
6.75,-13.92,0.225
6.75,-13.90,0.225
6.75,-13.89,0.225
6.75,-13.87,0.225
6.76,-13.85,0.225
6.76,-13.84,0.225
6.76,-13.82,0.225
6.76,-13.80,0.226
6.76,-13.79,0.226
6.76,-13.77,0.226
6.77,-13.75,0.226
6.77,-13.74,0.226
6.77,-13.72,0.226
6.77,-13.70,0.226
6.77,-13.69,0.226
6.78,-13.67,0.226
6.78,-13.65,0.226
6.78,-13.64,0.226
6.78,-13.62,0.226
6.78,-13.60,0.226
6.78,-13.58,0.226
6.79,-13.57,0.226
6.79,-13.55,0.226
6.79,-13.54,0.226
6.79,-13.52,0.226
6.79,-13.50,0.226
6.79,-13.49,0.226
6.80,-13.47,0.226
6.80,-13.45,0.226
6.80,-13.43,0.226
6.80,-13.42,0.226
6.80,-13.40,0.226
6.80,-13.39,0.226
6.80,-13.37,0.226
6.81,-13.35,0.226
6.81,-13.34,0.226
6.81,-13.32,0.226
6.81,-13.30,0.226
6.81,-13.29,0.226
6.81,-13.27,0.226
6.82,-13.25,0.226
6.82,-13.23,0.226
6.82,-13.22,0.226
6.82,-13.20,0.226
6.82,-13.18,0.226
6.83,-13.17,0.226
6.83,-13.15,0.226
6.83,-13.13,0.226
6.83,-13.12,0.226
6.83,-13.10,0.226
6.83,-13.08,0.226
6.84,-13.07,0.226
6.84,-13.05,0.226
6.84,-13.03,0.226
6.84,-13.02,0.226
6.84,-13.00,0.226
6.84,-12.99,0.226
6.85,-12.97,0.226
6.85,-12.95,0.226
6.85,-12.93,0.226
6.85,-12.92,0.226
6.85,-12.90,0.226
6.85,-12.89,0.226
6.85,-12.87,0.226
6.86,-12.85,0.226
6.86,-12.83,0.226
6.86,-12.82,0.226
6.86,-12.80,0.226
6.86,-12.78,0.226
6.86,-12.77,0.226
6.87,-12.75,0.226
6.87,-12.73,0.226
6.87,-12.72,0.226
6.87,-12.70,0.226
6.87,-12.68,0.226
6.88,-12.67,0.226
6.88,-12.65,0.226
6.88,-12.64,0.226
6.88,-12.62,0.226
6.88,-12.60,0.226
6.88,-12.58,0.226
6.89,-12.57,0.226
6.89,-12.55,0.226
6.89,-12.54,0.226
6.89,-12.52,0.226
6.89,-12.50,0.226
6.89,-12.48,0.226
6.90,-12.47,0.226
6.90,-12.45,0.226
6.90,-12.43,0.226
6.90,-12.42,0.226
6.90,-12.40,0.226
6.90,-12.38,0.227
6.90,-12.37,0.227
6.91,-12.35,0.227
6.91,-12.33,0.227
6.91,-12.32,0.227
6.91,-12.30,0.227
6.91,-12.28,0.227
6.91,-12.27,0.227
6.92,-12.25,0.227
6.92,-12.23,0.227
6.92,-12.22,0.227
6.92,-12.20,0.227
6.92,-12.18,0.227
6.93,-12.17,0.227
6.93,-12.15,0.227
6.93,-12.13,0.227
6.93,-12.12,0.227
6.93,-12.10,0.227
6.93,-12.08,0.227
6.94,-12.07,0.227
6.94,-12.05,0.227
6.94,-12.03,0.227
6.94,-12.02,0.227
6.94,-12.00,0.227
6.94,-11.98,0.227
6.95,-11.97,0.227
6.95,-11.95,0.227
6.95,-11.93,0.227
6.95,-11.92,0.227
6.95,-11.90,0.227
6.95,-11.88,0.227
6.95,-11.87,0.227
6.96,-11.85,0.227
6.96,-11.83,0.227
6.96,-11.82,0.227
6.96,-11.80,0.227
6.96,-11.78,0.227
6.96,-11.77,0.227
6.97,-11.75,0.227
6.97,-11.73,0.227
6.97,-11.72,0.227
6.97,-11.70,0.227
6.97,-11.68,0.227
6.98,-11.67,0.227
6.98,-11.65,0.227
6.98,-11.63,0.227
6.98,-11.62,0.227
6.98,-11.60,0.227
6.98,-11.58,0.227
6.99,-11.57,0.227
6.99,-11.55,0.227
6.99,-11.53,0.227
6.99,-11.52,0.227
6.99,-11.50,0.227
6.99,-11.48,0.227
7.00,-11.47,0.227
7.00,-11.45,0.227
7.00,-11.43,0.227
7.00,-11.42,0.227
7.00,-11.40,0.227
7.00,-11.38,0.227
7.00,-11.37,0.227
7.01,-11.35,0.227
7.01,-11.33,0.227
7.01,-11.32,0.227
7.01,-11.30,0.227
7.01,-11.28,0.227
7.01,-11.27,0.227
7.02,-11.25,0.227
7.02,-11.23,0.227
7.02,-11.22,0.227
7.02,-11.20,0.227
7.02,-11.18,0.227
7.03,-11.17,0.227
7.03,-11.15,0.227
7.03,-11.13,0.227
7.03,-11.12,0.227
7.03,-11.10,0.227
7.03,-11.08,0.227
7.04,-11.07,0.227
7.04,-11.05,0.227
7.04,-11.03,0.227
7.04,-11.02,0.227
7.04,-11.00,0.227
7.04,-10.98,0.227
7.05,-10.97,0.227
7.05,-10.95,0.227
7.05,-10.93,0.227
7.05,-10.91,0.227
7.05,-10.90,0.227
7.05,-10.88,0.227
7.05,-10.87,0.227
7.06,-10.85,0.227
7.06,-10.83,0.227
7.06,-10.82,0.227
7.06,-10.80,0.228
7.06,-10.78,0.228
7.06,-10.77,0.228
7.07,-10.75,0.228
7.07,-10.73,0.228
7.07,-10.72,0.228
7.07,-10.70,0.228
7.07,-10.68,0.228
7.08,-10.67,0.228
7.08,-10.65,0.228
7.08,-10.63,0.228
7.08,-10.62,0.228
7.08,-10.60,0.228
7.08,-10.58,0.228
7.09,-10.57,0.228
7.09,-10.55,0.228
7.09,-10.53,0.228
7.09,-10.52,0.228
7.09,-10.50,0.228
7.09,-10.48,0.228
7.10,-10.47,0.228
7.10,-10.45,0.228
7.10,-10.43,0.228
7.10,-10.42,0.228
7.10,-10.40,0.228
7.10,-10.38,0.228
7.10,-10.37,0.228
7.11,-10.35,0.228
7.11,-10.33,0.228
7.11,-10.32,0.228
7.11,-10.30,0.228
7.11,-10.28,0.228
7.11,-10.27,0.228
7.12,-10.25,0.228
7.12,-10.23,0.228
7.12,-10.22,0.228
7.12,-10.20,0.228
7.12,-10.18,0.228
7.13,-10.17,0.228
7.13,-10.15,0.228
7.13,-10.13,0.228
7.13,-10.12,0.228
7.13,-10.10,0.228
7.13,-10.08,0.228
7.14,-10.06,0.228
7.14,-10.05,0.228
7.14,-10.03,0.228
7.14,-10.02,0.228
7.14,-10.00,0.228
7.14,-9.98,0.228
7.15,-9.96,0.228
7.15,-9.95,0.228
7.15,-9.93,0.228
7.15,-9.92,0.228
7.15,-9.90,0.228
7.15,-9.88,0.228
7.15,-9.87,0.228
7.16,-9.85,0.228
7.16,-9.83,0.228
7.16,-9.82,0.228
7.16,-9.80,0.228
7.16,-9.78,0.228
7.16,-9.77,0.228
7.17,-9.75,0.228
7.17,-9.73,0.228
7.17,-9.71,0.228
7.17,-9.70,0.228
7.17,-9.68,0.228
7.18,-9.67,0.228
7.18,-9.65,0.228
7.18,-9.63,0.228
7.18,-9.62,0.228
7.18,-9.60,0.228
7.18,-9.58,0.228
7.19,-9.57,0.228
7.19,-9.55,0.228
7.19,-9.53,0.228
7.19,-9.52,0.228
7.19,-9.50,0.228
7.19,-9.48,0.228
7.20,-9.47,0.228
7.20,-9.45,0.228
7.20,-9.43,0.228
7.20,-9.42,0.228
7.20,-9.40,0.228
7.20,-9.38,0.228
7.20,-9.37,0.229
7.21,-9.35,0.229
7.21,-9.33,0.229
7.21,-9.31,0.229
7.21,-9.30,0.229
7.21,-9.28,0.229
7.21,-9.27,0.229
7.22,-9.25,0.229
7.22,-9.23,0.229
7.22,-9.22,0.229
7.22,-9.20,0.229
7.22,-9.18,0.229
7.23,-9.17,0.229
7.23,-9.15,0.229
7.23,-9.13,0.229
7.23,-9.12,0.229
7.23,-9.10,0.229
7.23,-9.08,0.229
7.24,-9.07,0.229
7.24,-9.05,0.229
7.24,-9.03,0.229
7.24,-9.01,0.229
7.24,-9.00,0.229
7.24,-8.98,0.229
7.25,-8.97,0.229
7.25,-8.95,0.229
7.25,-8.93,0.229
7.25,-8.92,0.229
7.25,-8.90,0.229
7.25,-8.88,0.229
7.25,-8.87,0.229
7.26,-8.85,0.229
7.26,-8.83,0.229
7.26,-8.82,0.229
7.26,-8.80,0.229
7.26,-8.78,0.229
7.26,-8.76,0.229
7.27,-8.75,0.229
7.27,-8.73,0.229
7.27,-8.72,0.229
7.27,-8.70,0.229
7.27,-8.68,0.229
7.28,-8.66,0.229
7.28,-8.65,0.229
7.28,-8.63,0.229
7.28,-8.61,0.229
7.28,-8.60,0.229
7.28,-8.58,0.229
7.29,-8.57,0.229
7.29,-8.55,0.229
7.29,-8.53,0.229
7.29,-8.51,0.229
7.29,-8.50,0.229
7.29,-8.48,0.229
7.30,-8.47,0.229
7.30,-8.45,0.229
7.30,-8.43,0.229
7.30,-8.42,0.229
7.30,-8.40,0.229
7.30,-8.38,0.229
7.30,-8.36,0.229
7.31,-8.35,0.229
7.31,-8.33,0.229
7.31,-8.31,0.229
7.31,-8.30,0.229
7.31,-8.28,0.229
7.31,-8.26,0.229
7.32,-8.25,0.229
7.32,-8.23,0.229
7.32,-8.21,0.229
7.32,-8.20,0.229
7.32,-8.18,0.229
7.33,-8.16,0.229
7.33,-8.15,0.229
7.33,-8.13,0.229
7.33,-8.11,0.229
7.33,-8.10,0.229
7.33,-8.08,0.229
7.34,-8.07,0.229
7.34,-8.05,0.229
7.34,-8.03,0.229
7.34,-8.01,0.229
7.34,-8.00,0.229
7.34,-7.98,0.229
7.35,-7.96,0.229
7.35,-7.95,0.229
7.35,-7.93,0.229
7.35,-7.91,0.229
7.35,-7.90,0.229
7.35,-7.88,0.230
7.35,-7.87,0.230
7.36,-7.85,0.230
7.36,-7.83,0.230
7.36,-7.81,0.230
7.36,-7.80,0.230
7.36,-7.78,0.230
7.36,-7.76,0.230
7.37,-7.75,0.230
7.37,-7.73,0.230
7.37,-7.72,0.230
7.37,-7.70,0.230
7.37,-7.68,0.230
7.38,-7.66,0.230
7.38,-7.65,0.230
7.38,-7.63,0.230
7.38,-7.61,0.230
7.38,-7.60,0.230
7.38,-7.58,0.230
7.39,-7.56,0.230
7.39,-7.55,0.230
7.39,-7.53,0.230
7.39,-7.51,0.230
7.39,-7.50,0.230
7.39,-7.48,0.230
7.40,-7.46,0.230
7.40,-7.45,0.230
7.40,-7.43,0.230
7.40,-7.41,0.230
7.40,-7.40,0.230
7.40,-7.38,0.230
7.40,-7.36,0.230
7.41,-7.35,0.230
7.41,-7.33,0.230
7.41,-7.31,0.230
7.41,-7.30,0.230
7.41,-7.28,0.230
7.41,-7.26,0.230
7.42,-7.25,0.230
7.42,-7.23,0.230
7.42,-7.21,0.230
7.42,-7.20,0.230
7.42,-7.18,0.230
7.43,-7.16,0.230
7.43,-7.15,0.230
7.43,-7.13,0.230
7.43,-7.11,0.230
7.43,-7.10,0.230
7.43,-7.08,0.230
7.44,-7.06,0.230
7.44,-7.05,0.230
7.44,-7.03,0.230
7.44,-7.01,0.230
7.44,-7.00,0.230
7.44,-6.98,0.230
7.45,-6.96,0.230
7.45,-6.95,0.230
7.45,-6.93,0.230
7.45,-6.91,0.230
7.45,-6.90,0.230
7.45,-6.88,0.230
7.45,-6.86,0.230
7.46,-6.85,0.230
7.46,-6.83,0.230
7.46,-6.81,0.230
7.46,-6.80,0.230
7.46,-6.78,0.230
7.46,-6.76,0.230
7.47,-6.75,0.230
7.47,-6.73,0.230
7.47,-6.71,0.230
7.47,-6.70,0.230
7.47,-6.68,0.230
7.48,-6.66,0.230
7.48,-6.65,0.230
7.48,-6.63,0.230
7.48,-6.61,0.230
7.48,-6.60,0.230
7.48,-6.58,0.230
7.49,-6.56,0.230
7.49,-6.55,0.230
7.49,-6.53,0.230
7.49,-6.51,0.230
7.49,-6.50,0.230
7.49,-6.48,0.231
7.50,-6.46,0.231
7.50,-6.45,0.231
7.50,-6.43,0.231
7.50,-6.41,0.231
7.50,-6.40,0.231
7.50,-6.38,0.231
7.50,-6.36,0.231
7.51,-6.35,0.231
7.51,-6.33,0.231
7.51,-6.31,0.231
7.51,-6.30,0.231
7.51,-6.28,0.231
7.51,-6.26,0.231
7.52,-6.24,0.231
7.52,-6.23,0.231
7.52,-6.21,0.231
7.52,-6.20,0.231
7.52,-6.18,0.231
7.53,-6.16,0.231
7.53,-6.15,0.231
7.53,-6.13,0.231
7.53,-6.11,0.231
7.53,-6.09,0.231
7.53,-6.08,0.231
7.54,-6.06,0.231
7.54,-6.04,0.231
7.54,-6.03,0.231
7.54,-6.01,0.231
7.54,-5.99,0.231
7.54,-5.98,0.231
7.55,-5.96,0.231
7.55,-5.94,0.231
7.55,-5.93,0.231
7.55,-5.91,0.231
7.55,-5.89,0.231
7.55,-5.88,0.231
7.55,-5.86,0.231
7.56,-5.84,0.231
7.56,-5.83,0.231
7.56,-5.81,0.231
7.56,-5.79,0.231
7.56,-5.78,0.231
7.56,-5.76,0.231
7.57,-5.74,0.231
7.57,-5.73,0.231
7.57,-5.71,0.231
7.57,-5.69,0.231
7.57,-5.68,0.231
7.58,-5.66,0.231
7.58,-5.64,0.231
7.58,-5.63,0.231
7.58,-5.61,0.231
7.58,-5.60,0.231
7.58,-5.58,0.231
7.59,-5.56,0.231
7.59,-5.54,0.231
7.59,-5.53,0.231
7.59,-5.51,0.231
7.59,-5.49,0.231
7.59,-5.48,0.231
7.60,-5.46,0.231
7.60,-5.44,0.231
7.60,-5.43,0.231
7.60,-5.41,0.231
7.60,-5.39,0.231
7.60,-5.38,0.232
7.60,-5.36,0.232
7.61,-5.34,0.232
7.61,-5.33,0.232
7.61,-5.31,0.232
7.61,-5.29,0.232
7.61,-5.28,0.232
7.61,-5.26,0.232
7.62,-5.24,0.232
7.62,-5.23,0.232
7.62,-5.21,0.232
7.62,-5.19,0.232
7.62,-5.18,0.232
7.63,-5.16,0.232
7.63,-5.14,0.232
7.63,-5.13,0.232
7.63,-5.11,0.232
7.63,-5.09,0.232
7.63,-5.08,0.232
7.64,-5.06,0.232
7.64,-5.04,0.232
7.64,-5.03,0.232
7.64,-5.01,0.232
7.64,-4.99,0.232
7.64,-4.98,0.232
7.65,-4.96,0.232
7.65,-4.94,0.232
7.65,-4.93,0.232
7.65,-4.91,0.232
7.65,-4.89,0.232
7.65,-4.88,0.232
7.65,-4.86,0.232
7.66,-4.84,0.232
7.66,-4.83,0.232
7.66,-4.81,0.232
7.66,-4.79,0.232
7.66,-4.78,0.232
7.66,-4.76,0.232
7.67,-4.74,0.232
7.67,-4.73,0.232
7.67,-4.71,0.232
7.67,-4.69,0.232
7.67,-4.68,0.232
7.68,-4.66,0.232
7.68,-4.64,0.232
7.68,-4.63,0.232
7.68,-4.61,0.232
7.68,-4.59,0.232
7.68,-4.58,0.232
7.69,-4.56,0.232
7.69,-4.54,0.232
7.69,-4.52,0.232
7.69,-4.51,0.232
7.69,-4.49,0.232
7.69,-4.48,0.232
7.70,-4.46,0.232
7.70,-4.44,0.232
7.70,-4.42,0.232
7.70,-4.41,0.232
7.70,-4.39,0.232
7.70,-4.38,0.232
7.70,-4.36,0.232
7.71,-4.34,0.232
7.71,-4.33,0.232
7.71,-4.31,0.232
7.71,-4.29,0.232
7.71,-4.28,0.232
7.71,-4.26,0.232
7.72,-4.24,0.232
7.72,-4.23,0.232
7.72,-4.21,0.232
7.72,-4.19,0.233
7.72,-4.18,0.233
7.73,-4.16,0.233
7.73,-4.14,0.233
7.73,-4.13,0.233
7.73,-4.11,0.233
7.73,-4.09,0.233
7.73,-4.07,0.233
7.74,-4.06,0.233
7.74,-4.04,0.233
7.74,-4.02,0.233
7.74,-4.01,0.233
7.74,-3.99,0.233
7.74,-3.97,0.233
7.75,-3.96,0.233
7.75,-3.94,0.233
7.75,-3.93,0.233
7.75,-3.91,0.233
7.75,-3.89,0.233
7.75,-3.87,0.233
7.75,-3.86,0.233
7.76,-3.84,0.233
7.76,-3.82,0.233
7.76,-3.81,0.233
7.76,-3.79,0.233
7.76,-3.77,0.233
7.76,-3.76,0.233
7.77,-3.74,0.233
7.77,-3.72,0.233
7.77,-3.71,0.233
7.77,-3.69,0.233
7.77,-3.68,0.233
7.78,-3.66,0.233
7.78,-3.64,0.233
7.78,-3.63,0.233
7.78,-3.61,0.233
7.78,-3.59,0.233
7.78,-3.57,0.233
7.79,-3.56,0.233
7.79,-3.54,0.233
7.79,-3.52,0.233
7.79,-3.51,0.233
7.79,-3.49,0.233
7.79,-3.47,0.233
7.80,-3.46,0.233
7.80,-3.44,0.233
7.80,-3.43,0.233
7.80,-3.41,0.233
7.80,-3.39,0.233
7.80,-3.37,0.233
7.80,-3.36,0.233
7.81,-3.34,0.233
7.81,-3.32,0.233
7.81,-3.31,0.233
7.81,-3.29,0.233
7.81,-3.27,0.233
7.81,-3.26,0.233
7.82,-3.24,0.233
7.82,-3.22,0.233
7.82,-3.21,0.233
7.82,-3.19,0.233
7.82,-3.17,0.233
7.83,-3.16,0.233
7.83,-3.14,0.233
7.83,-3.12,0.233
7.83,-3.11,0.233
7.83,-3.09,0.233
7.83,-3.07,0.233
7.84,-3.06,0.233
7.84,-3.04,0.233
7.84,-3.02,0.233
7.84,-3.01,0.233
7.84,-2.99,0.233
7.84,-2.97,0.233
7.85,-2.96,0.233
7.85,-2.94,0.234
7.85,-2.92,0.234
7.85,-2.91,0.234
7.85,-2.89,0.234
7.85,-2.87,0.234
7.85,-2.86,0.234
7.86,-2.84,0.234
7.86,-2.82,0.234
7.86,-2.81,0.234
7.86,-2.79,0.234
7.86,-2.77,0.234
7.86,-2.76,0.234
7.87,-2.74,0.234
7.87,-2.72,0.234
7.87,-2.71,0.234
7.87,-2.69,0.234
7.87,-2.67,0.234
7.88,-2.66,0.234
7.88,-2.64,0.234
7.88,-2.62,0.234
7.88,-2.61,0.234
7.88,-2.59,0.234
7.88,-2.57,0.234
7.89,-2.56,0.234
7.89,-2.54,0.234
7.89,-2.52,0.234
7.89,-2.51,0.234
7.89,-2.49,0.234
7.89,-2.47,0.234
7.90,-2.46,0.234
7.90,-2.44,0.234
7.90,-2.42,0.234
7.90,-2.41,0.234
7.90,-2.39,0.234
7.90,-2.37,0.234
7.90,-2.36,0.234
7.91,-2.34,0.234
7.91,-2.32,0.234
7.91,-2.31,0.234
7.91,-2.29,0.234
7.91,-2.27,0.234
7.91,-2.25,0.234
7.92,-2.24,0.234
7.92,-2.22,0.234
7.92,-2.20,0.234
7.92,-2.19,0.234
7.92,-2.17,0.234
7.93,-2.16,0.234
7.93,-2.14,0.234
7.93,-2.12,0.234
7.93,-2.11,0.234
7.93,-2.09,0.234
7.93,-2.07,0.234
7.94,-2.06,0.234
7.94,-2.04,0.234
7.94,-2.02,0.234
7.94,-2.00,0.234
7.94,-1.99,0.234
7.94,-1.97,0.234
7.95,-1.96,0.234
7.95,-1.94,0.234
7.95,-1.92,0.234
7.95,-1.90,0.234
7.95,-1.89,0.234
7.95,-1.87,0.234
7.95,-1.85,0.234
7.96,-1.84,0.234
7.96,-1.82,0.234
7.96,-1.80,0.234
7.96,-1.79,0.234
7.96,-1.77,0.234
7.96,-1.75,0.234
7.97,-1.74,0.234
7.97,-1.72,0.235
7.97,-1.70,0.235
7.97,-1.69,0.235
7.97,-1.67,0.235
7.98,-1.65,0.235
7.98,-1.64,0.235
7.98,-1.62,0.235
7.98,-1.60,0.235
7.98,-1.59,0.235
7.98,-1.57,0.235
7.99,-1.55,0.235
7.99,-1.54,0.235
7.99,-1.52,0.235
7.99,-1.50,0.235
7.99,-1.49,0.235
7.99,-1.47,0.235
8.00,-1.45,0.235
8.00,-1.44,0.235
8.00,-1.42,0.235
8.00,-1.40,0.235
8.00,-1.39,0.235
8.00,-1.37,0.235
8.00,-1.35,0.235
8.01,-1.34,0.235
8.01,-1.32,0.235
8.01,-1.30,0.235
8.01,-1.29,0.235
8.01,-1.27,0.235
8.01,-1.25,0.235
8.02,-1.24,0.235
8.02,-1.22,0.235
8.02,-1.20,0.235
8.02,-1.19,0.235
8.02,-1.17,0.235
8.03,-1.15,0.235
8.03,-1.14,0.235
8.03,-1.12,0.235
8.03,-1.10,0.235
8.03,-1.09,0.235
8.03,-1.07,0.235
8.04,-1.05,0.235
8.04,-1.04,0.235
8.04,-1.02,0.235
8.04,-1.00,0.235
8.04,-0.99,0.235
8.04,-0.97,0.235
8.05,-0.95,0.235
8.05,-0.94,0.235
8.05,-0.92,0.235
8.05,-0.90,0.235
8.05,-0.89,0.235
8.05,-0.87,0.235
8.05,-0.85,0.235
8.06,-0.84,0.235
8.06,-0.82,0.235
8.06,-0.81,0.235
8.06,-0.79,0.235
8.06,-0.77,0.235
8.06,-0.75,0.235
8.07,-0.74,0.235
8.07,-0.72,0.235
8.07,-0.70,0.235
8.07,-0.69,0.235
8.07,-0.67,0.235
8.08,-0.65,0.235
8.08,-0.64,0.235
8.08,-0.62,0.235
8.08,-0.60,0.235
8.08,-0.59,0.235
8.08,-0.57,0.235
8.09,-0.55,0.235
8.09,-0.54,0.235
8.09,-0.52,0.235
8.09,-0.50,0.235
8.09,-0.49,0.235
8.09,-0.47,0.235
8.10,-0.45,0.235
8.10,-0.44,0.235
8.10,-0.42,0.236
8.10,-0.40,0.236
8.10,-0.39,0.236
8.10,-0.37,0.236
8.10,-0.35,0.236
8.11,-0.33,0.236
8.11,-0.32,0.236
8.11,-0.30,0.236
8.11,-0.29,0.236
8.11,-0.27,0.236
8.11,-0.25,0.236
8.12,-0.24,0.236
8.12,-0.22,0.236
8.12,-0.20,0.236
8.12,-0.19,0.236
8.12,-0.17,0.236
8.13,-0.15,0.236
8.13,-0.14,0.236
8.13,-0.12,0.236
8.13,-0.10,0.236
8.13,-0.09,0.236
8.13,-0.07,0.236
8.14,-0.05,0.236
8.14,-0.04,0.236
8.14,-0.02,0.236
8.14,0.00,0.236
8.14,0.01,0.236
8.14,0.03,0.236
8.15,0.05,0.236
8.15,0.06,0.236
8.15,0.08,0.236
8.15,0.10,0.236
8.15,0.12,0.236
8.15,0.13,0.236
8.15,0.15,0.236
8.16,0.17,0.236
8.16,0.18,0.236
8.16,0.20,0.236
8.16,0.22,0.236
8.16,0.23,0.236
8.16,0.25,0.236
8.17,0.27,0.236
8.17,0.28,0.236
8.17,0.30,0.236
8.17,0.31,0.236
8.17,0.33,0.236
8.18,0.35,0.236
8.18,0.37,0.236
8.18,0.38,0.236
8.18,0.40,0.236
8.18,0.42,0.236
8.18,0.43,0.236
8.19,0.45,0.236
8.19,0.46,0.236
8.19,0.48,0.236
8.19,0.50,0.236
8.19,0.51,0.236
8.19,0.53,0.236
8.20,0.55,0.236
8.20,0.57,0.236
8.20,0.58,0.236
8.20,0.60,0.236
8.20,0.62,0.236
8.20,0.63,0.236
8.20,0.65,0.236
8.21,0.67,0.236
8.21,0.68,0.236
8.21,0.70,0.236
8.21,0.72,0.236
8.21,0.73,0.236
8.21,0.75,0.236
8.22,0.77,0.236
8.22,0.78,0.236
8.22,0.80,0.237
8.22,0.82,0.237
8.22,0.83,0.237
8.23,0.85,0.237
8.23,0.87,0.237
8.23,0.88,0.237
8.23,0.90,0.237
8.23,0.92,0.237
8.23,0.93,0.237
8.24,0.95,0.237
8.24,0.96,0.237
8.24,0.98,0.237
8.24,1.00,0.237
8.24,1.02,0.237
8.24,1.03,0.237
8.25,1.05,0.237
8.25,1.07,0.237
8.25,1.08,0.237
8.25,1.10,0.237
8.25,1.12,0.237
8.25,1.13,0.237
8.25,1.15,0.237
8.26,1.17,0.237
8.26,1.18,0.237
8.26,1.20,0.237
8.26,1.22,0.237
8.26,1.23,0.237
8.26,1.25,0.237
8.27,1.27,0.237
8.27,1.28,0.237
8.27,1.30,0.237
8.27,1.32,0.237
8.27,1.33,0.237
8.28,1.35,0.237
8.28,1.37,0.237
8.28,1.38,0.237
8.28,1.40,0.237
8.28,1.42,0.237
8.28,1.43,0.237
8.29,1.45,0.237
8.29,1.47,0.237
8.29,1.48,0.237
8.29,1.50,0.237
8.29,1.52,0.237
8.29,1.53,0.237
8.30,1.55,0.237
8.30,1.57,0.237
8.30,1.58,0.237
8.30,1.60,0.237
8.30,1.62,0.237
8.30,1.63,0.237
8.30,1.65,0.237
8.31,1.67,0.237
8.31,1.68,0.237
8.31,1.70,0.237
8.31,1.72,0.237
8.31,1.73,0.237
8.31,1.75,0.237
8.32,1.77,0.237
8.32,1.78,0.237
8.32,1.80,0.237
8.32,1.82,0.237
8.32,1.83,0.237
8.33,1.85,0.237
8.33,1.87,0.237
8.33,1.88,0.237
8.33,1.90,0.237
8.33,1.91,0.237
8.33,1.93,0.237
8.34,1.95,0.237
8.34,1.97,0.237
8.34,1.98,0.237
8.34,2.00,0.237
8.34,2.02,0.237
8.34,2.03,0.237
8.35,2.05,0.237
8.35,2.07,0.237
8.35,2.08,0.237
8.35,2.10,0.237
8.35,2.12,0.237
8.35,2.13,0.237
8.35,2.15,0.237
8.36,2.17,0.237
8.36,2.18,0.237
8.36,2.20,0.238
8.36,2.22,0.238
8.36,2.23,0.238
8.36,2.25,0.238
8.37,2.27,0.238
8.37,2.28,0.238
8.37,2.30,0.238
8.37,2.32,0.238
8.37,2.33,0.238
8.38,2.35,0.238
8.38,2.37,0.238
8.38,2.38,0.238
8.38,2.40,0.238
8.38,2.42,0.238
8.38,2.43,0.238
8.39,2.45,0.238
8.39,2.47,0.238
8.39,2.48,0.238
8.39,2.50,0.238
8.39,2.52,0.238
8.39,2.53,0.238
8.40,2.55,0.238
8.40,2.57,0.238
8.40,2.58,0.238
8.40,2.60,0.238
8.40,2.62,0.238
8.40,2.64,0.238
8.40,2.65,0.238
8.41,2.67,0.238
8.41,2.69,0.238
8.41,2.70,0.238
8.41,2.72,0.238
8.41,2.73,0.238
8.41,2.75,0.238
8.42,2.77,0.238
8.42,2.78,0.238
8.42,2.80,0.238
8.42,2.82,0.238
8.42,2.83,0.238
8.43,2.85,0.238
8.43,2.87,0.238
8.43,2.88,0.238
8.43,2.90,0.238
8.43,2.92,0.238
8.43,2.94,0.238
8.44,2.95,0.238
8.44,2.97,0.238
8.44,2.99,0.238
8.44,3.00,0.238
8.44,3.02,0.238
8.44,3.04,0.238
8.45,3.05,0.238
8.45,3.07,0.238
8.45,3.09,0.238
8.45,3.10,0.238
8.45,3.12,0.238
8.45,3.14,0.238
8.45,3.15,0.238
8.46,3.17,0.238
8.46,3.19,0.238
8.46,3.20,0.238
8.46,3.22,0.238
8.46,3.24,0.238
8.46,3.25,0.238
8.47,3.27,0.238
8.47,3.29,0.238
8.47,3.30,0.238
8.47,3.32,0.238
8.47,3.34,0.238
8.48,3.35,0.238
8.48,3.37,0.238
8.48,3.39,0.238
8.48,3.40,0.238
8.48,3.42,0.238
8.48,3.44,0.238
8.49,3.45,0.239
8.49,3.47,0.239
8.49,3.49,0.239
8.49,3.50,0.239
8.49,3.52,0.239
8.49,3.54,0.239
8.50,3.55,0.239
8.50,3.57,0.239
8.50,3.59,0.239
8.50,3.60,0.239
8.50,3.62,0.239
8.50,3.64,0.239
8.50,3.65,0.239
8.51,3.67,0.239
8.51,3.69,0.239
8.51,3.70,0.239
8.51,3.72,0.239
8.51,3.74,0.239
8.51,3.75,0.239
8.52,3.77,0.239
8.52,3.79,0.239
8.52,3.80,0.239
8.52,3.82,0.239
8.52,3.84,0.239
8.53,3.85,0.239
8.53,3.87,0.239
8.53,3.89,0.239
8.53,3.90,0.239
8.53,3.92,0.239
8.53,3.94,0.239
8.53,3.95,0.239
8.54,3.97,0.239
8.54,3.99,0.239
8.54,4.00,0.239
8.54,4.02,0.239
8.54,4.04,0.239
8.55,4.05,0.239
8.55,4.07,0.239
8.55,4.09,0.239
8.55,4.10,0.239
8.55,4.12,0.239
8.55,4.14,0.239
8.55,4.15,0.239
8.56,4.17,0.239
8.56,4.19,0.239
8.56,4.20,0.239
8.56,4.22,0.239
8.56,4.24,0.239
8.57,4.25,0.239
8.57,4.27,0.239
8.57,4.29,0.239
8.57,4.30,0.239
8.57,4.32,0.239
8.57,4.34,0.239
8.58,4.35,0.239
8.58,4.37,0.239
8.58,4.39,0.239
8.58,4.40,0.239
8.58,4.42,0.239
8.58,4.44,0.239
8.58,4.45,0.239
8.59,4.47,0.239
8.59,4.49,0.239
8.59,4.50,0.239
8.59,4.52,0.239
8.59,4.54,0.239
8.60,4.55,0.239
8.60,4.57,0.239
8.60,4.59,0.239
8.60,4.60,0.240
8.60,4.62,0.240
8.60,4.64,0.240
8.60,4.65,0.240
8.61,4.67,0.240
8.61,4.69,0.240
8.61,4.70,0.240
8.61,4.72,0.240
8.61,4.74,0.240
8.62,4.75,0.240
8.62,4.77,0.240
8.62,4.79,0.240
8.62,4.81,0.240
8.62,4.82,0.240
8.62,4.84,0.240
8.63,4.85,0.240
8.63,4.87,0.240
8.63,4.89,0.240
8.63,4.90,0.240
8.63,4.92,0.240
8.63,4.94,0.240
8.63,4.95,0.240
8.64,4.97,0.240
8.64,4.99,0.240
8.64,5.00,0.240
8.64,5.02,0.240
8.64,5.04,0.240
8.65,5.05,0.240
8.65,5.07,0.240
8.65,5.09,0.240
8.65,5.10,0.240
8.65,5.12,0.240
8.65,5.14,0.240
8.65,5.15,0.240
8.66,5.17,0.240
8.66,5.19,0.240
8.66,5.20,0.240
8.66,5.22,0.240
8.66,5.24,0.240
8.67,5.25,0.240
8.67,5.27,0.240
8.67,5.29,0.240
8.67,5.30,0.240
8.67,5.32,0.240
8.67,5.34,0.240
8.68,5.35,0.240
8.68,5.37,0.240
8.68,5.39,0.240
8.68,5.40,0.240
8.68,5.42,0.240
8.68,5.44,0.240
8.68,5.45,0.240
8.69,5.47,0.240
8.69,5.49,0.240
8.69,5.51,0.240
8.69,5.52,0.240
8.69,5.54,0.240
8.70,5.56,0.240
8.70,5.57,0.240
8.70,5.59,0.240
8.70,5.60,0.240
8.70,5.62,0.240
8.70,5.64,0.240
8.70,5.65,0.240
8.71,5.67,0.240
8.71,5.69,0.240
8.71,5.71,0.241
8.71,5.72,0.241
8.71,5.74,0.241
8.72,5.76,0.241
8.72,5.77,0.241
8.72,5.79,0.241
8.72,5.81,0.241
8.72,5.82,0.241
8.72,5.84,0.241
8.73,5.85,0.241
8.73,5.87,0.241
8.73,5.89,0.241
8.73,5.91,0.241
8.73,5.92,0.241
8.73,5.94,0.241
8.73,5.95,0.241
8.74,5.97,0.241
8.74,5.99,0.241
8.74,6.00,0.241
8.74,6.02,0.241
8.74,6.04,0.241
8.75,6.06,0.241
8.75,6.07,0.241
8.75,6.09,0.241
8.75,6.11,0.241
8.75,6.12,0.241
8.75,6.14,0.241
8.75,6.16,0.241
8.76,6.17,0.241
8.76,6.19,0.241
8.76,6.21,0.241
8.76,6.22,0.241
8.76,6.24,0.241
8.77,6.26,0.241
8.77,6.27,0.241
8.77,6.29,0.241
8.77,6.31,0.241
8.77,6.32,0.241
8.77,6.34,0.241
8.78,6.36,0.241
8.78,6.37,0.241
8.78,6.39,0.241
8.78,6.41,0.241
8.78,6.42,0.241
8.78,6.44,0.241
8.78,6.46,0.241
8.79,6.47,0.241
8.79,6.49,0.241
8.79,6.51,0.241
8.79,6.52,0.241
8.79,6.54,0.241
8.80,6.56,0.241
8.80,6.57,0.241
8.80,6.59,0.241
8.80,6.61,0.241
8.80,6.62,0.241
8.80,6.64,0.241
8.80,6.66,0.241
8.81,6.67,0.241
8.81,6.69,0.241
8.81,6.71,0.242
8.81,6.72,0.242
8.81,6.74,0.242
8.82,6.76,0.242
8.82,6.77,0.242
8.82,6.79,0.242
8.82,6.81,0.242
8.82,6.82,0.242
8.82,6.84,0.242
8.83,6.86,0.242
8.83,6.87,0.242
8.83,6.89,0.242
8.83,6.91,0.242
8.83,6.93,0.242
8.83,6.94,0.242
8.83,6.96,0.242
8.84,6.97,0.242
8.84,6.99,0.242
8.84,7.01,0.242
8.84,7.02,0.242
8.84,7.04,0.242
8.85,7.06,0.242
8.85,7.07,0.242
8.85,7.09,0.242
8.85,7.11,0.242
8.85,7.12,0.242
8.85,7.14,0.242
8.85,7.16,0.242
8.86,7.18,0.242
8.86,7.19,0.242
8.86,7.21,0.242
8.86,7.22,0.242
8.86,7.24,0.242
8.87,7.26,0.242
8.87,7.27,0.242
8.87,7.29,0.242
8.87,7.31,0.242
8.87,7.32,0.242
8.87,7.34,0.242
8.88,7.36,0.242
8.88,7.38,0.242
8.88,7.39,0.242
8.88,7.41,0.242
8.88,7.43,0.242
8.88,7.44,0.242
8.88,7.46,0.242
8.89,7.48,0.242
8.89,7.49,0.242
8.89,7.51,0.242
8.89,7.53,0.242
8.89,7.54,0.242
8.90,7.56,0.242
8.90,7.58,0.242
8.90,7.59,0.242
8.90,7.61,0.242
8.90,7.63,0.242
8.90,7.64,0.242
8.90,7.66,0.242
8.91,7.68,0.242
8.91,7.69,0.242
8.91,7.71,0.242
8.91,7.73,0.242
8.91,7.74,0.242
8.92,7.76,0.242
8.92,7.78,0.242
8.92,7.79,0.242
8.92,7.81,0.242
8.92,7.83,0.242
8.92,7.84,0.242
8.93,7.86,0.242
8.93,7.88,0.242
8.93,7.89,0.242
8.93,7.91,0.242
8.93,7.93,0.242
8.93,7.94,0.243
8.93,7.96,0.243
8.94,7.98,0.243
8.94,7.99,0.243
8.94,8.01,0.243
8.94,8.03,0.243
8.94,8.04,0.243
8.95,8.06,0.243
8.95,8.08,0.243
8.95,8.09,0.243
8.95,8.11,0.243
8.95,8.13,0.243
8.95,8.14,0.243
8.95,8.16,0.243
8.96,8.18,0.243
8.96,8.19,0.243
8.96,8.21,0.243
8.96,8.23,0.243
8.96,8.24,0.243
8.97,8.26,0.243
8.97,8.28,0.243
8.97,8.29,0.243
8.97,8.31,0.243
8.97,8.33,0.243
8.97,8.34,0.243
8.98,8.36,0.243
8.98,8.38,0.243
8.98,8.39,0.243
8.98,8.41,0.243
8.98,8.43,0.243
8.98,8.44,0.243
8.98,8.46,0.243
8.99,8.48,0.243
8.99,8.49,0.243
8.99,8.51,0.243
8.99,8.53,0.243
8.99,8.54,0.243
9.00,8.56,0.243
9.00,8.58,0.243
9.00,8.59,0.243
9.00,8.61,0.243
9.00,8.63,0.243
9.00,8.64,0.243
9.00,8.66,0.243
9.01,8.68,0.243
9.01,8.69,0.243
9.01,8.71,0.243
9.01,8.73,0.243
9.01,8.74,0.243
9.02,8.76,0.243
9.02,8.78,0.243
9.02,8.80,0.243
9.02,8.81,0.243
9.02,8.83,0.243
9.02,8.84,0.243
9.03,8.86,0.243
9.03,8.88,0.243
9.03,8.89,0.243
9.03,8.91,0.243
9.03,8.93,0.243
9.03,8.94,0.243
9.03,8.96,0.243
9.04,8.98,0.243
9.04,8.99,0.243
9.04,9.01,0.243
9.04,9.03,0.243
9.04,9.05,0.243
9.05,9.06,0.243
9.05,9.08,0.243
9.05,9.10,0.243
9.05,9.11,0.243
9.05,9.13,0.243
9.05,9.14,0.243
9.05,9.16,0.243
9.06,9.18,0.243
9.06,9.19,0.243
9.06,9.21,0.243
9.06,9.23,0.243
9.06,9.24,0.243
9.07,9.26,0.243
9.07,9.28,0.243
9.07,9.30,0.243
9.07,9.31,0.243
9.07,9.33,0.243
9.07,9.35,0.243
9.08,9.36,0.243
9.08,9.38,0.244
9.08,9.39,0.244
9.08,9.41,0.244
9.08,9.43,0.244
9.08,9.45,0.244
9.08,9.46,0.244
9.09,9.48,0.244
9.09,9.49,0.244
9.09,9.51,0.244
9.09,9.53,0.244
9.09,9.54,0.244
9.10,9.56,0.244
9.10,9.58,0.244
9.10,9.59,0.244
9.10,9.61,0.244
9.10,9.63,0.244
9.10,9.64,0.244
9.10,9.66,0.244
9.11,9.68,0.244
9.11,9.69,0.244
9.11,9.71,0.244
9.11,9.73,0.244
9.11,9.74,0.244
9.12,9.76,0.244
9.12,9.78,0.244
9.12,9.79,0.244
9.12,9.81,0.244
9.12,9.83,0.244
9.12,9.84,0.244
9.13,9.86,0.244
9.13,9.88,0.244
9.13,9.89,0.244
9.13,9.91,0.244
9.13,9.93,0.244
9.13,9.94,0.244
9.13,9.96,0.244
9.14,9.98,0.244
9.14,9.99,0.244
9.14,10.01,0.244
9.14,10.03,0.244
9.14,10.04,0.244
9.15,10.06,0.244
9.15,10.08,0.244
9.15,10.09,0.244
9.15,10.11,0.244
9.15,10.13,0.244
9.15,10.14,0.244
9.15,10.16,0.244
9.16,10.18,0.244
9.16,10.19,0.244
9.16,10.21,0.244
9.16,10.23,0.244
9.16,10.24,0.244
9.17,10.26,0.244
9.17,10.28,0.244
9.17,10.29,0.244
9.17,10.31,0.244
9.17,10.33,0.244
9.17,10.34,0.244
9.18,10.36,0.244
9.18,10.38,0.244
9.18,10.39,0.244
9.18,10.41,0.244
9.18,10.43,0.244
9.18,10.44,0.244
9.18,10.46,0.244
9.19,10.48,0.244
9.19,10.49,0.244
9.19,10.51,0.244
9.19,10.53,0.244
9.19,10.54,0.244
9.20,10.56,0.244
9.20,10.58,0.244
9.20,10.59,0.244
9.20,10.61,0.244
9.20,10.63,0.244
9.20,10.64,0.244
9.20,10.66,0.244
9.21,10.68,0.244
9.21,10.69,0.245
9.21,10.71,0.245
9.21,10.73,0.245
9.21,10.74,0.245
9.22,10.76,0.245
9.22,10.78,0.245
9.22,10.79,0.245
9.22,10.81,0.245
9.22,10.83,0.245
9.22,10.84,0.245
9.23,10.86,0.245
9.23,10.88,0.245
9.23,10.89,0.245
9.23,10.91,0.245
9.23,10.93,0.245
9.23,10.94,0.245
9.23,10.96,0.245
9.24,10.98,0.245
9.24,10.99,0.245
9.24,11.01,0.245
9.24,11.03,0.245
9.24,11.04,0.245
9.25,11.06,0.245
9.25,11.08,0.245
9.25,11.09,0.245
9.25,11.11,0.245
9.25,11.13,0.245
9.25,11.14,0.245
9.25,11.16,0.245
9.26,11.18,0.245
9.26,11.19,0.245
9.26,11.21,0.245
9.26,11.23,0.245
9.26,11.24,0.245
9.27,11.26,0.245
9.27,11.28,0.245
9.27,11.29,0.245
9.27,11.31,0.245
9.27,11.33,0.245
9.27,11.34,0.245
9.28,11.36,0.245
9.28,11.38,0.245
9.28,11.39,0.245
9.28,11.41,0.245
9.28,11.43,0.245
9.28,11.44,0.245
9.28,11.46,0.245
9.29,11.48,0.245
9.29,11.49,0.245
9.29,11.51,0.245
9.29,11.53,0.245
9.29,11.54,0.245
9.30,11.56,0.245
9.30,11.58,0.245
9.30,11.59,0.245
9.30,11.61,0.245
9.30,11.63,0.245
9.30,11.64,0.245
9.30,11.66,0.245
9.31,11.68,0.245
9.31,11.69,0.245
9.31,11.71,0.245
9.31,11.73,0.245
9.31,11.74,0.246
9.32,11.76,0.246
9.32,11.78,0.246
9.32,11.80,0.246
9.32,11.81,0.246
9.32,11.83,0.246
9.32,11.85,0.246
9.33,11.86,0.246
9.33,11.88,0.246
9.33,11.89,0.246
9.33,11.91,0.246
9.33,11.93,0.246
9.33,11.94,0.246
9.33,11.96,0.246
9.34,11.98,0.246
9.34,11.99,0.246
9.34,12.01,0.246
9.34,12.03,0.246
9.34,12.04,0.246
9.35,12.06,0.246
9.35,12.08,0.246
9.35,12.09,0.246
9.35,12.11,0.246
9.35,12.13,0.246
9.35,12.14,0.246
9.35,12.16,0.246
9.36,12.18,0.246
9.36,12.19,0.246
9.36,12.21,0.246
9.36,12.23,0.246
9.36,12.24,0.246
9.37,12.26,0.246
9.37,12.28,0.246
9.37,12.30,0.246
9.37,12.31,0.246
9.37,12.33,0.246
9.37,12.34,0.246
9.38,12.36,0.246
9.38,12.38,0.246
9.38,12.39,0.246
9.38,12.41,0.246
9.38,12.43,0.246
9.38,12.44,0.246
9.38,12.46,0.246
9.39,12.48,0.246
9.39,12.50,0.246
9.39,12.51,0.246
9.39,12.53,0.246
9.39,12.54,0.246
9.40,12.56,0.246
9.40,12.58,0.246
9.40,12.59,0.246
9.40,12.61,0.246
9.40,12.63,0.246
9.40,12.65,0.246
9.40,12.66,0.246
9.41,12.68,0.246
9.41,12.70,0.246
9.41,12.71,0.246
9.41,12.73,0.247
9.41,12.75,0.247
9.42,12.76,0.247
9.42,12.78,0.247
9.42,12.79,0.247
9.42,12.81,0.247
9.42,12.83,0.247
9.42,12.85,0.247
9.43,12.86,0.247
9.43,12.88,0.247
9.43,12.90,0.247
9.43,12.91,0.247
9.43,12.93,0.247
9.43,12.95,0.247
9.43,12.96,0.247
9.44,12.98,0.247
9.44,13.00,0.247
9.44,13.01,0.247
9.44,13.03,0.247
9.44,13.04,0.247
9.45,13.06,0.247
9.45,13.08,0.247
9.45,13.10,0.247
9.45,13.11,0.247
9.45,13.13,0.247
9.45,13.15,0.247
9.45,13.16,0.247
9.46,13.18,0.247
9.46,13.20,0.247
9.46,13.21,0.247
9.46,13.23,0.247
9.46,13.25,0.247
9.47,13.26,0.247
9.47,13.28,0.247
9.47,13.30,0.247
9.47,13.31,0.247
9.47,13.33,0.247
9.47,13.35,0.247
9.48,13.36,0.247
9.48,13.38,0.247
9.48,13.40,0.247
9.48,13.41,0.247
9.48,13.43,0.247
9.48,13.45,0.247
9.48,13.46,0.247
9.49,13.48,0.247
9.49,13.50,0.247
9.49,13.51,0.247
9.49,13.53,0.247
9.49,13.55,0.247
9.50,13.56,0.247
9.50,13.58,0.247
9.50,13.60,0.247
9.50,13.61,0.247
9.50,13.63,0.247
9.50,13.65,0.247
9.50,13.66,0.247
9.51,13.68,0.247
9.51,13.70,0.247
9.51,13.71,0.247
9.51,13.73,0.247
9.51,13.75,0.247
9.52,13.76,0.248
9.52,13.78,0.248
9.52,13.80,0.248
9.52,13.81,0.248
9.52,13.83,0.248
9.52,13.85,0.248
9.53,13.86,0.248
9.53,13.88,0.248
9.53,13.90,0.248
9.53,13.91,0.248
9.53,13.93,0.248
9.53,13.95,0.248
9.53,13.96,0.248
9.54,13.98,0.248
9.54,14.00,0.248
9.54,14.01,0.248
9.54,14.03,0.248
9.54,14.05,0.248
9.55,14.06,0.248
9.55,14.08,0.248
9.55,14.10,0.248
9.55,14.11,0.248
9.55,14.13,0.248
9.55,14.15,0.248
9.55,14.16,0.248
9.56,14.18,0.248
9.56,14.20,0.248
9.56,14.21,0.248
9.56,14.23,0.248
9.56,14.25,0.248
9.57,14.26,0.248
9.57,14.28,0.248
9.57,14.30,0.248
9.57,14.31,0.248
9.57,14.33,0.248
9.57,14.35,0.248
9.58,14.36,0.248
9.58,14.38,0.248
9.58,14.40,0.248
9.58,14.41,0.248
9.58,14.43,0.248
9.58,14.45,0.248
9.58,14.46,0.248
9.59,14.48,0.248
9.59,14.50,0.248
9.59,14.51,0.248
9.59,14.53,0.248
9.59,14.55,0.248
9.60,14.56,0.248
9.60,14.58,0.248
9.60,14.60,0.248
9.60,14.61,0.248
9.60,14.63,0.248
9.60,14.65,0.248
9.60,14.66,0.248
9.61,14.68,0.248
9.61,14.70,0.248
9.61,14.71,0.248
9.61,14.73,0.248
9.61,14.75,0.248
9.62,14.76,0.248
9.62,14.78,0.248
9.62,14.80,0.248
9.62,14.81,0.248
9.62,14.83,0.249
9.62,14.85,0.249
9.63,14.86,0.249
9.63,14.88,0.249
9.63,14.90,0.249
9.63,14.91,0.249
9.63,14.93,0.249
9.63,14.95,0.249
9.63,14.96,0.249
9.64,14.98,0.249
9.64,15.00,0.249
9.64,15.01,0.249
9.64,15.03,0.249
9.64,15.05,0.249
9.65,15.06,0.249
9.65,15.08,0.249
9.65,15.10,0.249
9.65,15.12,0.249
9.65,15.13,0.249
9.65,15.15,0.249
9.65,15.17,0.249
9.66,15.18,0.249
9.66,15.20,0.249
9.66,15.21,0.249
9.66,15.23,0.249
9.66,15.25,0.249
9.67,15.26,0.249
9.67,15.28,0.249
9.67,15.30,0.249
9.67,15.32,0.249
9.67,15.33,0.249
9.67,15.35,0.249
9.68,15.36,0.249
9.68,15.38,0.249
9.68,15.40,0.249
9.68,15.41,0.249
9.68,15.43,0.249
9.68,15.45,0.249
9.68,15.47,0.249
9.69,15.48,0.249
9.69,15.50,0.249
9.69,15.52,0.249
9.69,15.53,0.249
9.69,15.55,0.249
9.70,15.57,0.249
9.70,15.58,0.249
9.70,15.60,0.249
9.70,15.61,0.249
9.70,15.63,0.249
9.70,15.65,0.249
9.70,15.66,0.249
9.71,15.68,0.249
9.71,15.70,0.249
9.71,15.72,0.249
9.71,15.73,0.249
9.71,15.75,0.249
9.72,15.77,0.249
9.72,15.78,0.249
9.72,15.80,0.249
9.72,15.82,0.250
9.72,15.83,0.250
9.72,15.85,0.250
9.73,15.87,0.250
9.73,15.88,0.250
9.73,15.90,0.250
9.73,15.92,0.250
9.73,15.93,0.250
9.73,15.95,0.250
9.73,15.97,0.250
9.74,15.98,0.250
9.74,16.00,0.250
9.74,16.02,0.250
9.74,16.03,0.250
9.74,16.05,0.250
9.75,16.07,0.250
9.75,16.08,0.250
9.75,16.10,0.250
9.75,16.12,0.250
9.75,16.13,0.250
9.75,16.15,0.250
9.75,16.17,0.250
9.76,16.18,0.250
9.76,16.20,0.250
9.76,16.22,0.250
9.76,16.23,0.250
9.76,16.25,0.250
9.77,16.27,0.250
9.77,16.28,0.250
9.77,16.30,0.250
9.77,16.32,0.250
9.77,16.33,0.250
9.77,16.35,0.250
9.78,16.37,0.250
9.78,16.38,0.250
9.78,16.40,0.250
9.78,16.42,0.250
9.78,16.43,0.250
9.78,16.45,0.250
9.78,16.47,0.250
9.79,16.48,0.250
9.79,16.50,0.250
9.79,16.52,0.250
9.79,16.53,0.250
9.79,16.55,0.250
9.80,16.57,0.250
9.80,16.58,0.250
9.80,16.60,0.250
9.80,16.62,0.250
9.80,16.63,0.250
9.80,16.65,0.250
9.80,16.67,0.250
9.81,16.68,0.250
9.81,16.70,0.250
9.81,16.72,0.250
9.81,16.73,0.250
9.81,16.75,0.250
9.82,16.77,0.251
9.82,16.78,0.251
9.82,16.80,0.251
9.82,16.82,0.251
9.82,16.83,0.251
9.82,16.85,0.251
9.83,16.87,0.251
9.83,16.88,0.251
9.83,16.90,0.251
9.83,16.92,0.251
9.83,16.93,0.251
9.83,16.95,0.251
9.83,16.97,0.251
9.84,16.98,0.251
9.84,17.00,0.251
9.84,17.02,0.251
9.84,17.03,0.251
9.84,17.05,0.251
9.85,17.07,0.251
9.85,17.08,0.251
9.85,17.10,0.251
9.85,17.12,0.251
9.85,17.13,0.251
9.85,17.15,0.251
9.85,17.17,0.251
9.86,17.18,0.251
9.86,17.20,0.251
9.86,17.22,0.251
9.86,17.23,0.251
9.86,17.25,0.251
9.87,17.27,0.251
9.87,17.29,0.251
9.87,17.30,0.251
9.87,17.32,0.251
9.87,17.33,0.251
9.87,17.35,0.251
9.88,17.37,0.251
9.88,17.38,0.251
9.88,17.40,0.251
9.88,17.42,0.251
9.88,17.43,0.251
9.88,17.45,0.251
9.88,17.47,0.251
9.89,17.48,0.251
9.89,17.50,0.251
9.89,17.52,0.251
9.89,17.53,0.251
9.89,17.55,0.251
9.90,17.57,0.251
9.90,17.58,0.251
9.90,17.60,0.251
9.90,17.62,0.251
9.90,17.63,0.251
9.90,17.65,0.251
9.90,17.67,0.251
9.91,17.69,0.251
9.91,17.70,0.251
9.91,17.72,0.251
9.91,17.74,0.251
9.91,17.75,0.251
9.92,17.77,0.251
9.92,17.78,0.251
9.92,17.80,0.251
9.92,17.82,0.251
9.92,17.83,0.251
9.92,17.85,0.251
9.93,17.87,0.251
9.93,17.89,0.251
9.93,17.90,0.251
9.93,17.92,0.252
9.93,17.94,0.252
9.93,17.95,0.252
9.93,17.97,0.252
9.94,17.98,0.252
9.94,18.00,0.252
9.94,18.02,0.252
9.94,18.04,0.252
9.94,18.05,0.252
9.95,18.07,0.252
9.95,18.09,0.252
9.95,18.10,0.252
9.95,18.12,0.252
9.95,18.13,0.252
9.95,18.15,0.252
9.95,18.17,0.252
9.96,18.19,0.252
9.96,18.20,0.252
9.96,18.22,0.252
9.96,18.24,0.252
9.96,18.25,0.252
9.97,18.27,0.252
9.97,18.29,0.252
9.97,18.30,0.252
9.97,18.32,0.252
9.97,18.34,0.252
9.97,18.35,0.252
9.98,18.37,0.252
9.98,18.39,0.252
9.98,18.40,0.252
9.98,18.42,0.252
9.98,18.44,0.252
9.98,18.45,0.252
9.98,18.47,0.252
9.99,18.48,0.252
9.99,18.50,0.252
9.99,18.52,0.252
9.99,18.54,0.252
9.99,18.55,0.252
10.00,18.57,0.252
10.00,18.59,0.252
10.00,18.60,0.252
10.00,18.62,0.252
10.00,18.64,0.252
10.00,18.65,0.252
10.00,18.67,0.252
10.01,18.69,0.252
10.01,18.70,0.252
10.01,18.72,0.252
10.01,18.74,0.252
10.01,18.75,0.252
10.02,18.77,0.252
10.02,18.79,0.252
10.02,18.80,0.252
10.02,18.82,0.252
10.02,18.84,0.252
10.02,18.85,0.252
10.03,18.87,0.252
10.03,18.89,0.252
10.03,18.90,0.252
10.03,18.92,0.252
10.03,18.94,0.252
10.03,18.95,0.253
10.03,18.97,0.253
10.04,18.99,0.253
10.04,19.00,0.253
10.04,19.02,0.253
10.04,19.04,0.253
10.04,19.05,0.253
10.05,19.07,0.253
10.05,19.09,0.253
10.05,19.10,0.253
10.05,19.12,0.253
10.05,19.14,0.253
10.05,19.15,0.253
10.05,19.17,0.253
10.06,19.19,0.253
10.06,19.20,0.253
10.06,19.22,0.253
10.06,19.24,0.253
10.06,19.25,0.253
10.07,19.27,0.253
10.07,19.29,0.253
10.07,19.30,0.253
10.07,19.32,0.253
10.07,19.34,0.253
10.07,19.35,0.253
10.08,19.37,0.253
10.08,19.39,0.253
10.08,19.40,0.253
10.08,19.42,0.253
10.08,19.44,0.253
10.08,19.45,0.253
10.08,19.47,0.253
10.09,19.49,0.253
10.09,19.50,0.253
10.09,19.52,0.253
10.09,19.54,0.253
10.09,19.55,0.253
10.10,19.57,0.253
10.10,19.59,0.253
10.10,19.60,0.253
10.10,19.62,0.253
10.10,19.64,0.253
10.10,19.65,0.253
10.10,19.67,0.253
10.11,19.69,0.253
10.11,19.70,0.253
10.11,19.72,0.253
10.11,19.74,0.253
10.11,19.75,0.253
10.12,19.77,0.253
10.12,19.79,0.253
10.12,19.80,0.253
10.12,19.82,0.253
10.12,19.84,0.253
10.12,19.85,0.253
10.13,19.87,0.253
10.13,19.89,0.253
10.13,19.90,0.253
10.13,19.92,0.253
10.13,19.94,0.253
10.13,19.95,0.253
10.13,19.97,0.254
10.14,19.99,0.254
10.14,20.00,0.254
10.14,20.02,0.254
10.14,20.04,0.254
10.14,20.05,0.254
10.15,20.07,0.254
10.15,20.09,0.254
10.15,20.10,0.254
10.15,20.12,0.254
10.15,20.14,0.254
10.15,20.15,0.254
10.15,20.17,0.254
10.16,20.19,0.254
10.16,20.20,0.254
10.16,20.22,0.254
10.16,20.24,0.254
10.16,20.25,0.254
10.17,20.27,0.254
10.17,20.29,0.254
10.17,20.31,0.254
10.17,20.32,0.254
10.17,20.34,0.254
10.17,20.35,0.254
10.18,20.37,0.254
10.18,20.39,0.254
10.18,20.40,0.254
10.18,20.42,0.254
10.18,20.44,0.254
10.18,20.45,0.254
10.18,20.47,0.254
10.19,20.49,0.254
10.19,20.50,0.254
10.19,20.52,0.254
10.19,20.54,0.254
10.19,20.55,0.254
10.20,20.57,0.254
10.20,20.59,0.254
10.20,20.60,0.254
10.20,20.62,0.254
10.20,20.64,0.254
10.20,20.66,0.254
10.20,20.67,0.254
10.21,20.69,0.254
10.21,20.70,0.254
10.21,20.72,0.254
10.21,20.74,0.254
10.21,20.75,0.254
10.22,20.77,0.254
10.22,20.79,0.254
10.22,20.81,0.254
10.22,20.82,0.254
10.22,20.84,0.254
10.22,20.86,0.254
10.23,20.87,0.254
10.23,20.89,0.254
10.23,20.90,0.254
10.23,20.92,0.254
10.23,20.94,0.254
10.23,20.96,0.254
10.23,20.97,0.254
10.24,20.99,0.254
10.24,21.00,0.254
10.24,21.02,0.254
10.24,21.04,0.254
10.24,21.06,0.254
10.25,21.07,0.254
10.25,21.09,0.255
10.25,21.11,0.255
10.25,21.12,0.255
10.25,21.14,0.255
10.25,21.15,0.255
10.25,21.17,0.255
10.26,21.19,0.255
10.26,21.20,0.255
10.26,21.22,0.255
10.26,21.24,0.255
10.26,21.26,0.255
10.27,21.27,0.255
10.27,21.29,0.255
10.27,21.31,0.255
10.27,21.32,0.255
10.27,21.34,0.255
10.27,21.36,0.255
10.28,21.37,0.255
10.28,21.39,0.255
10.28,21.40,0.255
10.28,21.42,0.255
10.28,21.44,0.255
10.28,21.45,0.255
10.28,21.47,0.255
10.29,21.49,0.255
10.29,21.51,0.255
10.29,21.52,0.255
10.29,21.54,0.255
10.29,21.56,0.255
10.30,21.57,0.255
10.30,21.59,0.255
10.30,21.61,0.255
10.30,21.62,0.255
10.30,21.64,0.255
10.30,21.66,0.255
10.30,21.67,0.255
10.31,21.69,0.255
10.31,21.71,0.255
10.31,21.72,0.255
10.31,21.74,0.255
10.31,21.76,0.255
10.32,21.77,0.255
10.32,21.79,0.255
10.32,21.81,0.255
10.32,21.82,0.255
10.32,21.84,0.255
10.32,21.86,0.255
10.33,21.87,0.255
10.33,21.89,0.255
10.33,21.91,0.255
10.33,21.92,0.256
10.33,21.94,0.256
10.33,21.96,0.256
10.33,21.97,0.256
10.34,21.99,0.256
10.34,22.01,0.256
10.34,22.02,0.256
10.34,22.04,0.256
10.34,22.06,0.256
10.35,22.07,0.256
10.35,22.09,0.256
10.35,22.11,0.256
10.35,22.12,0.256
10.35,22.14,0.256
10.35,22.16,0.256
10.35,22.17,0.256
10.36,22.19,0.256
10.36,22.21,0.256
10.36,22.22,0.256
10.36,22.24,0.256
10.36,22.26,0.256
10.37,22.27,0.256
10.37,22.29,0.256
10.37,22.31,0.256
10.37,22.32,0.256
10.37,22.34,0.256
10.37,22.36,0.256
10.38,22.37,0.256
10.38,22.39,0.256
10.38,22.41,0.256
10.38,22.42,0.256
10.38,22.44,0.256
10.38,22.46,0.256
10.38,22.47,0.256
10.39,22.49,0.256
10.39,22.51,0.256
10.39,22.52,0.256
10.39,22.54,0.256
10.39,22.56,0.256
10.40,22.57,0.256
10.40,22.59,0.256
10.40,22.61,0.256
10.40,22.62,0.256
10.40,22.64,0.256
10.40,22.66,0.256
10.40,22.67,0.256
10.41,22.69,0.256
10.41,22.71,0.256
10.41,22.72,0.256
10.41,22.74,0.256
10.41,22.76,0.256
10.42,22.77,0.256
10.42,22.79,0.256
10.42,22.81,0.256
10.42,22.82,0.256
10.42,22.84,0.256
10.42,22.86,0.256
10.43,22.87,0.256
10.43,22.89,0.256
10.43,22.91,0.256
10.43,22.92,0.256
10.43,22.94,0.256
10.43,22.96,0.257
10.43,22.97,0.257
10.44,22.99,0.257
10.44,23.01,0.257
10.44,23.02,0.257
10.44,23.04,0.257
10.44,23.06,0.257
10.45,23.07,0.257
10.45,23.09,0.257
10.45,23.11,0.257
10.45,23.12,0.257
10.45,23.14,0.257
10.45,23.16,0.257
10.45,23.17,0.257
10.46,23.19,0.257
10.46,23.21,0.257
10.46,23.22,0.257
10.46,23.24,0.257
10.46,23.26,0.257
10.47,23.27,0.257
10.47,23.29,0.257
10.47,23.31,0.257
10.47,23.32,0.257
10.47,23.34,0.257
10.47,23.36,0.257
10.48,23.38,0.257
10.48,23.39,0.257
10.48,23.41,0.257
10.48,23.43,0.257
10.48,23.44,0.257
10.48,23.46,0.257
10.48,23.47,0.257
10.49,23.49,0.257
10.49,23.51,0.257
10.49,23.52,0.257
10.49,23.54,0.257
10.49,23.56,0.257
10.50,23.57,0.257
10.50,23.59,0.257
10.50,23.61,0.257
10.50,23.63,0.257
10.50,23.64,0.257
10.50,23.66,0.257
10.50,23.68,0.257
10.51,23.69,0.257
10.51,23.71,0.257
10.51,23.72,0.257
10.51,23.74,0.257
10.51,23.76,0.257
10.52,23.77,0.257
10.52,23.79,0.257
10.52,23.81,0.257
10.52,23.83,0.257
10.52,23.84,0.257
10.52,23.86,0.257
10.53,23.88,0.257
10.53,23.89,0.257
10.53,23.91,0.257
10.53,23.93,0.257
10.53,23.94,0.258
10.53,23.96,0.258
10.53,23.98,0.258
10.54,23.99,0.258
10.54,24.01,0.258
10.54,24.02,0.258
10.54,24.04,0.258
10.54,24.06,0.258
10.55,24.07,0.258
10.55,24.09,0.258
10.55,24.11,0.258
10.55,24.13,0.258
10.55,24.14,0.258
10.55,24.16,0.258
10.55,24.18,0.258
10.56,24.19,0.258
10.56,24.21,0.258
10.56,24.22,0.258
10.56,24.24,0.258
10.56,24.26,0.258
10.57,24.28,0.258
10.57,24.29,0.258
10.57,24.31,0.258
10.57,24.33,0.258
10.57,24.34,0.258
10.57,24.36,0.258
10.58,24.38,0.258
10.58,24.39,0.258
10.58,24.41,0.258
10.58,24.43,0.258
10.58,24.44,0.258
10.58,24.46,0.258
10.58,24.48,0.258
10.59,24.49,0.258
10.59,24.51,0.258
10.59,24.53,0.258
10.59,24.54,0.258
10.59,24.56,0.258
10.60,24.58,0.258
10.60,24.59,0.258
10.60,24.61,0.258
10.60,24.63,0.258
10.60,24.64,0.258
10.60,24.66,0.258
10.60,24.68,0.258
10.61,24.69,0.258
10.61,24.71,0.258
10.61,24.73,0.258
10.61,24.74,0.258
10.61,24.76,0.258
10.62,24.78,0.258
10.62,24.79,0.258
10.62,24.81,0.258
10.62,24.83,0.258
10.62,24.84,0.258
10.62,24.86,0.258
10.63,24.88,0.258
10.63,24.89,0.258
10.63,24.91,0.258
10.63,24.92,0.258
10.63,24.94,0.258
10.63,24.96,0.258
10.63,24.98,0.258
10.64,24.99,0.258
10.64,25.01,0.258
10.64,25.03,0.258
10.64,25.04,0.258
10.64,25.06,0.258
10.65,25.08,0.258
10.65,25.09,0.258
10.65,25.11,0.259
10.65,25.13,0.259
10.65,25.14,0.259
10.65,25.16,0.259
10.65,25.18,0.259
10.66,25.19,0.259
10.66,25.21,0.259
10.66,25.23,0.259
10.66,25.24,0.259
10.66,25.26,0.259
10.67,25.28,0.259
10.67,25.29,0.259
10.67,25.31,0.259
10.67,25.33,0.259
10.67,25.34,0.259
10.67,25.36,0.259
10.68,25.38,0.259
10.68,25.39,0.259
10.68,25.41,0.259
10.68,25.43,0.259
10.68,25.44,0.259
10.68,25.46,0.259
10.68,25.48,0.259
10.69,25.49,0.259
10.69,25.51,0.259
10.69,25.53,0.259
10.69,25.54,0.259
10.69,25.56,0.259
10.70,25.58,0.259
10.70,25.59,0.259
10.70,25.61,0.259
10.70,25.63,0.259
10.70,25.64,0.259
10.70,25.66,0.259
10.70,25.68,0.259
10.71,25.69,0.259
10.71,25.71,0.259
10.71,25.73,0.259
10.71,25.74,0.259
10.71,25.76,0.259
10.72,25.78,0.259
10.72,25.79,0.259
10.72,25.81,0.259
10.72,25.83,0.259
10.72,25.84,0.259
10.72,25.86,0.259
10.73,25.88,0.259
10.73,25.89,0.259
10.73,25.91,0.259
10.73,25.93,0.259
10.73,25.94,0.259
10.73,25.96,0.259
10.73,25.98,0.259
10.74,25.99,0.259
10.74,26.01,0.259
10.74,26.03,0.259
10.74,26.04,0.259
10.74,26.06,0.260
10.75,26.08,0.260
10.75,26.09,0.260
10.75,26.11,0.260
10.75,26.13,0.260
10.75,26.14,0.260
10.75,26.16,0.260
10.75,26.18,0.260
10.76,26.19,0.260
10.76,26.21,0.260
10.76,26.23,0.260
10.76,26.24,0.260
10.76,26.26,0.260
10.77,26.28,0.260
10.77,26.29,0.260
10.77,26.31,0.260
10.77,26.33,0.260
10.77,26.34,0.260
10.77,26.36,0.260
10.78,26.38,0.260
10.78,26.39,0.260
10.78,26.41,0.260
10.78,26.43,0.260
10.78,26.44,0.260
10.78,26.46,0.260
10.78,26.48,0.260
10.79,26.49,0.260
10.79,26.51,0.260
10.79,26.53,0.260
10.79,26.54,0.260
10.79,26.56,0.260
10.80,26.58,0.260
10.80,26.59,0.260
10.80,26.61,0.260
10.80,26.63,0.260
10.80,26.64,0.260
10.80,26.66,0.260
10.80,26.68,0.260
10.81,26.69,0.260
10.81,26.71,0.260
10.81,26.73,0.260
10.81,26.74,0.260
10.81,26.76,0.260
10.82,26.78,0.260
10.82,26.79,0.260
10.82,26.81,0.260
10.82,26.83,0.260
10.82,26.84,0.260
10.82,26.86,0.260
10.83,26.88,0.260
10.83,26.89,0.260
10.83,26.91,0.260
10.83,26.93,0.260
10.83,26.94,0.260
10.83,26.96,0.260
10.83,26.98,0.260
10.84,27.00,0.260
10.84,27.01,0.260
10.84,27.03,0.260
10.84,27.04,0.260
10.84,27.06,0.260
10.85,27.08,0.260
10.85,27.09,0.260
10.85,27.11,0.260
10.85,27.13,0.260
10.85,27.14,0.260
10.85,27.16,0.260
10.85,27.18,0.260
10.86,27.19,0.260
10.86,27.21,0.261
10.86,27.23,0.261
10.86,27.25,0.261
10.86,27.26,0.261
10.87,27.28,0.261
10.87,27.30,0.261
10.87,27.31,0.261
10.87,27.33,0.261
10.87,27.34,0.261
10.87,27.36,0.261
10.88,27.38,0.261
10.88,27.39,0.261
10.88,27.41,0.261
10.88,27.43,0.261
10.88,27.44,0.261
10.88,27.46,0.261
10.88,27.48,0.261
10.89,27.49,0.261
10.89,27.51,0.261
10.89,27.53,0.261
10.89,27.54,0.261
10.89,27.56,0.261
10.90,27.58,0.261
10.90,27.59,0.261
10.90,27.61,0.261
10.90,27.63,0.261
10.90,27.64,0.261
10.90,27.66,0.261
10.90,27.68,0.261
10.91,27.69,0.261
10.91,27.71,0.261
10.91,27.73,0.261
10.91,27.75,0.261
10.91,27.76,0.261
10.92,27.78,0.261
10.92,27.80,0.261
10.92,27.81,0.261
10.92,27.83,0.261
10.92,27.85,0.261
10.92,27.86,0.261
10.93,27.88,0.261
10.93,27.89,0.261
10.93,27.91,0.261
10.93,27.93,0.261
10.93,27.95,0.261
10.93,27.96,0.261
10.93,27.98,0.261
10.94,28.00,0.261
10.94,28.01,0.261
10.94,28.03,0.261
10.94,28.05,0.261
10.94,28.06,0.261
10.95,28.08,0.261
10.95,28.09,0.261
10.95,28.11,0.261
10.95,28.13,0.261
10.95,28.15,0.261
10.95,28.16,0.261
10.95,28.18,0.261
10.96,28.19,0.261
10.96,28.21,0.261
10.96,28.23,0.261
10.96,28.24,0.261
10.96,28.26,0.261
10.97,28.28,0.261
10.97,28.30,0.261
10.97,28.31,0.261
10.97,28.33,0.261
10.97,28.34,0.261
10.97,28.36,0.262
10.98,28.38,0.262
10.98,28.40,0.262
10.98,28.41,0.262
10.98,28.43,0.262
10.98,28.45,0.262
10.98,28.46,0.262
10.98,28.48,0.262
10.99,28.50,0.262
10.99,28.51,0.262
10.99,28.53,0.262
10.99,28.54,0.262
10.99,28.56,0.262
11.00,28.58,0.262
11.00,28.59,0.262
11.00,28.61,0.262
11.00,28.63,0.262
11.00,28.65,0.262
11.00,28.66,0.262
11.00,28.68,0.262
11.01,28.70,0.262
11.01,28.71,0.262
11.01,28.73,0.262
11.01,28.75,0.262
11.01,28.76,0.262
11.02,28.78,0.262
11.02,28.79,0.262
11.02,28.81,0.262
11.02,28.83,0.262
11.02,28.85,0.262
11.02,28.86,0.262
11.03,28.88,0.262
11.03,28.89,0.262
11.03,28.91,0.262
11.03,28.93,0.262
11.03,28.95,0.262
11.03,28.96,0.262
11.03,28.98,0.262
11.04,29.00,0.262
11.04,29.01,0.262
11.04,29.03,0.262
11.04,29.05,0.262
11.04,29.06,0.262
11.05,29.08,0.262
11.05,29.10,0.262
11.05,29.11,0.262
11.05,29.13,0.262
11.05,29.15,0.262
11.05,29.16,0.262
11.05,29.18,0.262
11.06,29.20,0.262
11.06,29.21,0.262
11.06,29.23,0.262
11.06,29.25,0.262
11.06,29.26,0.262
11.07,29.28,0.262
11.07,29.30,0.262
11.07,29.31,0.262
11.07,29.33,0.262
11.07,29.35,0.262
11.07,29.36,0.262
11.08,29.38,0.262
11.08,29.40,0.262
11.08,29.41,0.262
11.08,29.43,0.262
11.08,29.45,0.262
11.08,29.46,0.262
11.08,29.48,0.262
11.09,29.50,0.262
11.09,29.51,0.263
11.09,29.53,0.263
11.09,29.55,0.263
11.09,29.56,0.263
11.10,29.58,0.263
11.10,29.60,0.263
11.10,29.61,0.263
11.10,29.63,0.263
11.10,29.65,0.263
11.10,29.66,0.263
11.10,29.68,0.263
11.11,29.70,0.263
11.11,29.71,0.263
11.11,29.73,0.263
11.11,29.75,0.263
11.11,29.76,0.263
11.12,29.78,0.263
11.12,29.80,0.263
11.12,29.81,0.263
11.12,29.83,0.263
11.12,29.85,0.263
11.12,29.86,0.263
11.13,29.88,0.263
11.13,29.90,0.263
11.13,29.91,0.263
11.13,29.93,0.263
11.13,29.95,0.263
11.13,29.96,0.263
11.13,29.98,0.263
11.14,30.00,0.263
11.14,30.01,0.263
11.14,30.03,0.263
11.14,30.05,0.263
11.14,30.06,0.263
11.15,30.08,0.263
11.15,30.10,0.263
11.15,30.11,0.263
11.15,30.13,0.263
11.15,30.15,0.263
11.15,30.16,0.263
11.15,30.18,0.263
11.16,30.20,0.263
11.16,30.21,0.263
11.16,30.23,0.263
11.16,30.25,0.263
11.16,30.26,0.263
11.17,30.28,0.263
11.17,30.30,0.263
11.17,30.31,0.263
11.17,30.33,0.263
11.17,30.35,0.263
11.17,30.36,0.263
11.18,30.38,0.263
11.18,30.40,0.263
11.18,30.41,0.263
11.18,30.43,0.263
11.18,30.45,0.263
11.18,30.46,0.263
11.18,30.48,0.263
11.19,30.50,0.263
11.19,30.51,0.264
11.19,30.53,0.264
11.19,30.55,0.264
11.19,30.56,0.264
11.20,30.58,0.264
11.20,30.60,0.264
11.20,30.62,0.264
11.20,30.63,0.264
11.20,30.65,0.264
11.20,30.66,0.264
11.20,30.68,0.264
11.21,30.70,0.264
11.21,30.71,0.264
11.21,30.73,0.264
11.21,30.75,0.264
11.21,30.76,0.264
11.22,30.78,0.264
11.22,30.80,0.264
11.22,30.81,0.264
11.22,30.83,0.264
11.22,30.85,0.264
11.22,30.86,0.264
11.23,30.88,0.264
11.23,30.90,0.264
11.23,30.91,0.264
11.23,30.93,0.264
11.23,30.95,0.264
11.23,30.96,0.264
11.23,30.98,0.264
11.24,31.00,0.264
11.24,31.01,0.264
11.24,31.03,0.264
11.24,31.05,0.264
11.24,31.06,0.264
11.25,31.08,0.264
11.25,31.10,0.264
11.25,31.12,0.264
11.25,31.13,0.264
11.25,31.15,0.264
11.25,31.17,0.264
11.25,31.18,0.264
11.26,31.20,0.264
11.26,31.22,0.264
11.26,31.23,0.264
11.26,31.25,0.264
11.26,31.26,0.264
11.27,31.28,0.264
11.27,31.30,0.264
11.27,31.31,0.264
11.27,31.33,0.264
11.27,31.35,0.264
11.27,31.36,0.264
11.28,31.38,0.264
11.28,31.40,0.264
11.28,31.42,0.264
11.28,31.43,0.264
11.28,31.45,0.264
11.28,31.47,0.264
11.28,31.48,0.264
11.29,31.50,0.264
11.29,31.51,0.264
11.29,31.53,0.264
11.29,31.55,0.264
11.29,31.57,0.264
11.30,31.58,0.264
11.30,31.60,0.264
11.30,31.62,0.265
11.30,31.63,0.265
11.30,31.65,0.265
11.30,31.67,0.265
11.30,31.68,0.265
11.31,31.70,0.265
11.31,31.72,0.265
11.31,31.73,0.265
11.31,31.75,0.265
11.31,31.77,0.265
11.32,31.78,0.265
11.32,31.80,0.265
11.32,31.82,0.265
11.32,31.83,0.265
11.32,31.85,0.265
11.32,31.87,0.265
11.33,31.88,0.265
11.33,31.90,0.265
11.33,31.92,0.265
11.33,31.93,0.265
11.33,31.95,0.265
11.33,31.97,0.265
11.33,31.98,0.265
11.34,32.00,0.265
11.34,32.01,0.265
11.34,32.03,0.265
11.34,32.05,0.265
11.34,32.07,0.265
11.35,32.08,0.265
11.35,32.10,0.265
11.35,32.12,0.265
11.35,32.13,0.265
11.35,32.15,0.265
11.35,32.17,0.265
11.35,32.18,0.265
11.36,32.20,0.265
11.36,32.22,0.265
11.36,32.23,0.265
11.36,32.25,0.265
11.36,32.27,0.265
11.37,32.28,0.265
11.37,32.30,0.265
11.37,32.32,0.265
11.37,32.33,0.265
11.37,32.35,0.265
11.37,32.37,0.265
11.38,32.38,0.265
11.38,32.40,0.265
11.38,32.42,0.265
11.38,32.43,0.265
11.38,32.45,0.265
11.38,32.47,0.265
11.38,32.48,0.265
11.39,32.50,0.265
11.39,32.52,0.265
11.39,32.53,0.265
11.39,32.55,0.265
11.39,32.57,0.265
11.40,32.58,0.265
11.40,32.60,0.265
11.40,32.62,0.266
11.40,32.63,0.266
11.40,32.65,0.266
11.40,32.67,0.266
11.40,32.68,0.266
11.41,32.70,0.266
11.41,32.72,0.266
11.41,32.73,0.266
11.41,32.75,0.266
11.41,32.77,0.266
11.42,32.78,0.266
11.42,32.80,0.266
11.42,32.82,0.266
11.42,32.83,0.266
11.42,32.85,0.266
11.42,32.87,0.266
11.43,32.88,0.266
11.43,32.90,0.266
11.43,32.92,0.266
11.43,32.93,0.266
11.43,32.95,0.266
11.43,32.97,0.266
11.43,32.98,0.266
11.44,33.00,0.266
11.44,33.02,0.266
11.44,33.03,0.266
11.44,33.05,0.266
11.44,33.07,0.266
11.45,33.08,0.266
11.45,33.10,0.266
11.45,33.12,0.266
11.45,33.13,0.266
11.45,33.15,0.266
11.45,33.17,0.266
11.45,33.18,0.266
11.46,33.20,0.266
11.46,33.22,0.266
11.46,33.23,0.266
11.46,33.25,0.266
11.46,33.27,0.266
11.47,33.28,0.266
11.47,33.30,0.266
11.47,33.32,0.266
11.47,33.33,0.266
11.47,33.35,0.266
11.47,33.37,0.266
11.48,33.38,0.266
11.48,33.40,0.266
11.48,33.42,0.266
11.48,33.43,0.266
11.48,33.45,0.266
11.48,33.47,0.266
11.48,33.48,0.266
11.49,33.50,0.266
11.49,33.52,0.266
11.49,33.53,0.266
11.49,33.55,0.266
11.49,33.57,0.266
11.50,33.58,0.266
11.50,33.60,0.266
11.50,33.62,0.266
11.50,33.63,0.266
11.50,33.65,0.267
11.50,33.67,0.267
11.50,33.68,0.267
11.51,33.70,0.267
11.51,33.72,0.267
11.51,33.73,0.267
11.51,33.75,0.267
11.51,33.77,0.267
11.52,33.79,0.267
11.52,33.80,0.267
11.52,33.82,0.267
11.52,33.83,0.267
11.52,33.85,0.267
11.52,33.87,0.267
11.53,33.88,0.267
11.53,33.90,0.267
11.53,33.92,0.267
11.53,33.94,0.267
11.53,33.95,0.267
11.53,33.97,0.267
11.53,33.98,0.267
11.54,34.00,0.267
11.54,34.02,0.267
11.54,34.03,0.267
11.54,34.05,0.267
11.54,34.07,0.267
11.55,34.08,0.267
11.55,34.10,0.267
11.55,34.12,0.267
11.55,34.13,0.267
11.55,34.15,0.267
11.55,34.17,0.267
11.55,34.18,0.267
11.56,34.20,0.267
11.56,34.22,0.267
11.56,34.23,0.267
11.56,34.25,0.267
11.56,34.27,0.267
11.57,34.29,0.267
11.57,34.30,0.267
11.57,34.32,0.267
11.57,34.34,0.267
11.57,34.35,0.267
11.57,34.37,0.267
11.58,34.39,0.267
11.58,34.40,0.267
11.58,34.42,0.267
11.58,34.43,0.267
11.58,34.45,0.267
11.58,34.47,0.267
11.58,34.49,0.267
11.59,34.50,0.267
11.59,34.52,0.267
11.59,34.54,0.267
11.59,34.55,0.267
11.59,34.57,0.267
11.60,34.59,0.267
11.60,34.60,0.267
11.60,34.62,0.267
11.60,34.64,0.267
11.60,34.65,0.267
11.60,34.67,0.267
11.60,34.69,0.267
11.61,34.70,0.267
11.61,34.72,0.268
11.61,34.73,0.268
11.61,34.75,0.268
11.61,34.77,0.268
11.62,34.79,0.268
11.62,34.80,0.268
11.62,34.82,0.268
11.62,34.84,0.268
11.62,34.85,0.268
11.62,34.87,0.268
11.63,34.89,0.268
11.63,34.90,0.268
11.63,34.92,0.268
11.63,34.93,0.268
11.63,34.95,0.268
11.63,34.97,0.268
11.63,34.98,0.268
11.64,35.00,0.268
11.64,35.02,0.268
11.64,35.04,0.268
11.64,35.05,0.268
11.64,35.07,0.268
11.65,35.09,0.268
11.65,35.10,0.268
11.65,35.12,0.268
11.65,35.14,0.268
11.65,35.15,0.268
11.65,35.17,0.268
11.65,35.19,0.268
11.66,35.20,0.268
11.66,35.22,0.268
11.66,35.24,0.268
11.66,35.25,0.268
11.66,35.27,0.268
11.67,35.28,0.268
11.67,35.30,0.268
11.67,35.32,0.268
11.67,35.34,0.268
11.67,35.35,0.268
11.67,35.37,0.268
11.68,35.39,0.268
11.68,35.40,0.268
11.68,35.42,0.268
11.68,35.44,0.268
11.68,35.45,0.268
11.68,35.47,0.268
11.68,35.49,0.268
11.69,35.50,0.268
11.69,35.52,0.268
11.69,35.54,0.268
11.69,35.55,0.268
11.69,35.57,0.268
11.70,35.59,0.268
11.70,35.60,0.268
11.70,35.62,0.268
11.70,35.64,0.268
11.70,35.65,0.268
11.70,35.67,0.268
11.70,35.69,0.268
11.71,35.70,0.268
11.71,35.72,0.268
11.71,35.74,0.268
11.71,35.75,0.269
11.71,35.77,0.269
11.72,35.79,0.269
11.72,35.80,0.269
11.72,35.82,0.269
11.72,35.84,0.269
11.72,35.85,0.269
11.72,35.87,0.269
11.73,35.89,0.269
11.73,35.90,0.269
11.73,35.92,0.269
11.73,35.94,0.269
11.73,35.95,0.269
11.73,35.97,0.269
11.73,35.99,0.269
11.74,36.00,0.269
11.74,36.02,0.269
11.74,36.04,0.269
11.74,36.05,0.269
11.74,36.07,0.269
11.75,36.09,0.269
11.75,36.10,0.269
11.75,36.12,0.269
11.75,36.14,0.269
11.75,36.15,0.269
11.75,36.17,0.269
11.75,36.19,0.269
11.76,36.20,0.269
11.76,36.22,0.269
11.76,36.24,0.269
11.76,36.25,0.269
11.76,36.27,0.269
11.77,36.29,0.269
11.77,36.30,0.269
11.77,36.32,0.269
11.77,36.34,0.269
11.77,36.35,0.269
11.77,36.37,0.269
11.78,36.39,0.269
11.78,36.40,0.269
11.78,36.42,0.269
11.78,36.44,0.269
11.78,36.45,0.269
11.78,36.47,0.269
11.78,36.49,0.269
11.79,36.50,0.269
11.79,36.52,0.269
11.79,36.54,0.269
11.79,36.55,0.269
11.79,36.57,0.269
11.80,36.59,0.269
11.80,36.60,0.269
11.80,36.62,0.269
11.80,36.64,0.269
11.80,36.65,0.269
11.80,36.67,0.269
11.80,36.69,0.269
11.81,36.70,0.269
11.81,36.72,0.269
11.81,36.74,0.269
11.81,36.75,0.269
11.81,36.77,0.269
11.82,36.79,0.269
11.82,36.80,0.269
11.82,36.82,0.269
11.82,36.84,0.270
11.82,36.85,0.270
11.82,36.87,0.270
11.83,36.89,0.270
11.83,36.90,0.270
11.83,36.92,0.270
11.83,36.94,0.270
11.83,36.96,0.270
11.83,36.97,0.270
11.83,36.99,0.270
11.84,37.00,0.270
11.84,37.02,0.270
11.84,37.04,0.270
11.84,37.05,0.270
11.84,37.07,0.270
11.85,37.09,0.270
11.85,37.10,0.270
11.85,37.12,0.270
11.85,37.14,0.270
11.85,37.15,0.270
11.85,37.17,0.270
11.85,37.19,0.270
11.86,37.21,0.270
11.86,37.22,0.270
11.86,37.24,0.270
11.86,37.25,0.270
11.86,37.27,0.270
11.87,37.29,0.270
11.87,37.30,0.270
11.87,37.32,0.270
11.87,37.34,0.270
11.87,37.35,0.270
11.87,37.37,0.270
11.88,37.39,0.270
11.88,37.40,0.270
11.88,37.42,0.270
11.88,37.44,0.270
11.88,37.45,0.270
11.88,37.47,0.270
11.88,37.49,0.270
11.89,37.51,0.270
11.89,37.52,0.270
11.89,37.54,0.270
11.89,37.55,0.270
11.89,37.57,0.270
11.90,37.59,0.270
11.90,37.60,0.270
11.90,37.62,0.270
11.90,37.64,0.270
11.90,37.65,0.270
11.90,37.67,0.270
11.90,37.69,0.270
11.91,37.70,0.270
11.91,37.72,0.270
11.91,37.74,0.270
11.91,37.75,0.270
11.91,37.77,0.270
11.92,37.79,0.270
11.92,37.81,0.270
11.92,37.82,0.270
11.92,37.84,0.270
11.92,37.85,0.270
11.92,37.87,0.270
11.93,37.89,0.270
11.93,37.90,0.270
11.93,37.92,0.271
11.93,37.94,0.271
11.93,37.96,0.271
11.93,37.97,0.271
11.93,37.99,0.271
11.94,38.01,0.271
11.94,38.02,0.271
11.94,38.04,0.271
11.94,38.05,0.271
11.94,38.07,0.271
11.95,38.09,0.271
11.95,38.11,0.271
11.95,38.12,0.271
11.95,38.14,0.271
11.95,38.16,0.271
11.95,38.17,0.271
11.95,38.19,0.271
11.96,38.21,0.271
11.96,38.22,0.271
11.96,38.24,0.271
11.96,38.25,0.271
11.96,38.27,0.271
11.97,38.29,0.271
11.97,38.31,0.271
11.97,38.32,0.271
11.97,38.34,0.271
11.97,38.36,0.271
11.97,38.37,0.271
11.98,38.39,0.271
11.98,38.41,0.271
11.98,38.42,0.271
11.98,38.44,0.271
11.98,38.46,0.271
11.98,38.47,0.271
11.98,38.49,0.271
11.99,38.51,0.271
11.99,38.52,0.271
11.99,38.54,0.271
11.99,38.56,0.271
11.99,38.57,0.271
12.00,38.59,0.271
12.00,38.61,0.271
12.00,38.62,0.271
12.00,38.64,0.271
12.00,38.66,0.271
12.00,38.67,0.271
12.00,38.69,0.271
12.01,38.71,0.271
12.01,38.72,0.271
12.01,38.74,0.271
12.01,38.76,0.271
12.01,38.77,0.271
12.02,38.79,0.271
12.02,38.81,0.271
12.02,38.82,0.271
12.02,38.84,0.271
12.02,38.86,0.272
12.02,38.87,0.272
12.03,38.89,0.272
12.03,38.91,0.272
12.03,38.92,0.272
12.03,38.94,0.272
12.03,38.96,0.272
12.03,38.97,0.272
12.03,38.99,0.272
12.04,39.01,0.272
12.04,39.02,0.272
12.04,39.04,0.272
12.04,39.05,0.272
12.04,39.07,0.272
12.05,39.09,0.272
12.05,39.11,0.272
12.05,39.12,0.272
12.05,39.14,0.272
12.05,39.16,0.272
12.05,39.17,0.272
12.05,39.19,0.272
12.06,39.21,0.272
12.06,39.22,0.272
12.06,39.24,0.272
12.06,39.26,0.272
12.06,39.27,0.272
12.07,39.29,0.272
12.07,39.31,0.272
12.07,39.32,0.272
12.07,39.34,0.272
12.07,39.36,0.272
12.07,39.37,0.272
12.08,39.39,0.272
12.08,39.41,0.272
12.08,39.42,0.272
12.08,39.44,0.272
12.08,39.46,0.272
12.08,39.47,0.272
12.08,39.49,0.272
12.09,39.51,0.272
12.09,39.52,0.272
12.09,39.54,0.272
12.09,39.56,0.272
12.09,39.57,0.272
12.10,39.59,0.272
12.10,39.61,0.272
12.10,39.62,0.272
12.10,39.64,0.272
12.10,39.66,0.272
12.10,39.67,0.272
12.10,39.69,0.272
12.11,39.71,0.272
12.11,39.72,0.272
12.11,39.74,0.272
12.11,39.76,0.272
12.11,39.77,0.272
12.12,39.79,0.272
12.12,39.81,0.272
12.12,39.82,0.273
12.12,39.84,0.273
12.12,39.86,0.273
12.12,39.87,0.273
12.13,39.89,0.273
12.13,39.91,0.273
12.13,39.92,0.273
12.13,39.94,0.273
12.13,39.96,0.273
12.13,39.97,0.273
12.13,39.99,0.273
12.14,40.01,0.273
12.14,40.02,0.273
12.14,40.04,0.273
12.14,40.06,0.273
12.14,40.07,0.273
12.15,40.09,0.273
12.15,40.11,0.273
12.15,40.12,0.273
12.15,40.14,0.273
12.15,40.16,0.273
12.15,40.17,0.273
12.15,40.19,0.273
12.16,40.21,0.273
12.16,40.22,0.273
12.16,40.24,0.273
12.16,40.26,0.273
12.16,40.27,0.273
12.17,40.29,0.273
12.17,40.31,0.273
12.17,40.32,0.273
12.17,40.34,0.273
12.17,40.36,0.273
12.17,40.37,0.273
12.18,40.39,0.273
12.18,40.41,0.273
12.18,40.42,0.273
12.18,40.44,0.273
12.18,40.46,0.273
12.18,40.47,0.273
12.18,40.49,0.273
12.19,40.51,0.273
12.19,40.52,0.273
12.19,40.54,0.273
12.19,40.56,0.273
12.19,40.57,0.273
12.20,40.59,0.273
12.20,40.61,0.273
12.20,40.62,0.273
12.20,40.64,0.273
12.20,40.66,0.273
12.20,40.67,0.273
12.20,40.69,0.273
12.21,40.71,0.273
12.21,40.73,0.273
12.21,40.74,0.273
12.21,40.76,0.273
12.21,40.77,0.274
12.22,40.79,0.274
12.22,40.81,0.274
12.22,40.82,0.274
12.22,40.84,0.274
12.22,40.86,0.274
12.22,40.87,0.274
12.23,40.89,0.274
12.23,40.91,0.274
12.23,40.92,0.274
12.23,40.94,0.274
12.23,40.96,0.274
12.23,40.97,0.274
12.23,40.99,0.274
12.24,41.01,0.274
12.24,41.02,0.274
12.24,41.04,0.274
12.24,41.06,0.274
12.24,41.07,0.274
12.25,41.09,0.274
12.25,41.11,0.274
12.25,41.12,0.274
12.25,41.14,0.274
12.25,41.16,0.274
12.25,41.18,0.274
12.25,41.19,0.274
12.26,41.21,0.274
12.26,41.22,0.274
12.26,41.24,0.274
12.26,41.26,0.274
12.26,41.27,0.274
12.27,41.29,0.274
12.27,41.31,0.274
12.27,41.32,0.274
12.27,41.34,0.274
12.27,41.36,0.274
12.27,41.38,0.274
12.28,41.39,0.274
12.28,41.41,0.274
12.28,41.43,0.274
12.28,41.44,0.274
12.28,41.46,0.274
12.28,41.47,0.274
12.28,41.49,0.274
12.29,41.51,0.274
12.29,41.52,0.274
12.29,41.54,0.274
12.29,41.56,0.274
12.29,41.57,0.274
12.30,41.59,0.274
12.30,41.61,0.274
12.30,41.62,0.274
12.30,41.64,0.274
12.30,41.66,0.274
12.30,41.68,0.274
12.30,41.69,0.274
12.31,41.71,0.274
12.31,41.72,0.274
12.31,41.74,0.274
12.31,41.76,0.274
12.31,41.78,0.274
12.32,41.79,0.274
12.32,41.81,0.275
12.32,41.82,0.275
12.32,41.84,0.275
12.32,41.86,0.275
12.32,41.88,0.275
12.33,41.89,0.275
12.33,41.91,0.275
12.33,41.92,0.275
12.33,41.94,0.275
12.33,41.96,0.275
12.33,41.98,0.275
12.33,41.99,0.275
12.34,42.01,0.275
12.34,42.02,0.275
12.34,42.04,0.275
12.34,42.06,0.275
12.34,42.07,0.275
12.35,42.09,0.275
12.35,42.11,0.275
12.35,42.13,0.275
12.35,42.14,0.275
12.35,42.16,0.275
12.35,42.17,0.275
12.35,42.19,0.275
12.36,42.21,0.275
12.36,42.23,0.275
12.36,42.24,0.275
12.36,42.26,0.275
12.36,42.28,0.275
12.37,42.29,0.275
12.37,42.31,0.275
12.37,42.33,0.275
12.37,42.34,0.275
12.37,42.36,0.275
12.37,42.38,0.275
12.38,42.39,0.275
12.38,42.41,0.275
12.38,42.42,0.275
12.38,42.44,0.275
12.38,42.46,0.275
12.38,42.48,0.275
12.38,42.49,0.275
12.39,42.51,0.275
12.39,42.53,0.275
12.39,42.54,0.275
12.39,42.56,0.275
12.39,42.58,0.275
12.40,42.59,0.275
12.40,42.61,0.275
12.40,42.63,0.275
12.40,42.64,0.275
12.40,42.66,0.275
12.40,42.67,0.275
12.40,42.69,0.275
12.41,42.71,0.275
12.41,42.73,0.275
12.41,42.74,0.275
12.41,42.76,0.275
12.41,42.78,0.275
12.42,42.79,0.276
12.42,42.81,0.276
12.42,42.83,0.276
12.42,42.84,0.276
12.42,42.86,0.276
12.42,42.88,0.276
12.43,42.89,0.276
12.43,42.91,0.276
12.43,42.93,0.276
12.43,42.94,0.276
12.43,42.96,0.276
12.43,42.98,0.276
12.43,42.99,0.276
12.44,43.01,0.276
12.44,43.03,0.276
12.44,43.04,0.276
12.44,43.06,0.276
12.44,43.08,0.276
12.45,43.09,0.276
12.45,43.11,0.276
12.45,43.13,0.276
12.45,43.14,0.276
12.45,43.16,0.276
12.45,43.18,0.276
12.45,43.19,0.276
12.46,43.21,0.276
12.46,43.23,0.276
12.46,43.24,0.276
12.46,43.26,0.276
12.46,43.28,0.276
12.47,43.29,0.276
12.47,43.31,0.276
12.47,43.33,0.276
12.47,43.34,0.276
12.47,43.36,0.276
12.47,43.38,0.276
12.48,43.39,0.276
12.48,43.41,0.276
12.48,43.43,0.276
12.48,43.44,0.276
12.48,43.46,0.276
12.48,43.48,0.276
12.48,43.49,0.276
12.49,43.51,0.276
12.49,43.53,0.276
12.49,43.54,0.276
12.49,43.56,0.276
12.49,43.58,0.276
12.50,43.59,0.276
12.50,43.61,0.276
12.50,43.63,0.276
12.50,43.64,0.276
12.50,43.66,0.276
12.50,43.68,0.276
12.50,43.69,0.276
12.51,43.71,0.276
12.51,43.73,0.277
12.51,43.74,0.277
12.51,43.76,0.277
12.51,43.78,0.277
12.52,43.79,0.277
12.52,43.81,0.277
12.52,43.83,0.277
12.52,43.84,0.277
12.52,43.86,0.277
12.52,43.88,0.277
12.53,43.89,0.277
12.53,43.91,0.277
12.53,43.93,0.277
12.53,43.94,0.277
12.53,43.96,0.277
12.53,43.98,0.277
12.53,43.99,0.277
12.54,44.01,0.277
12.54,44.03,0.277
12.54,44.04,0.277
12.54,44.06,0.277
12.54,44.08,0.277
12.55,44.09,0.277
12.55,44.11,0.277
12.55,44.13,0.277
12.55,44.14,0.277
12.55,44.16,0.277
12.55,44.18,0.277
12.55,44.19,0.277
12.56,44.21,0.277
12.56,44.23,0.277
12.56,44.24,0.277
12.56,44.26,0.277
12.56,44.28,0.277
12.57,44.29,0.277
12.57,44.31,0.277
12.57,44.33,0.277
12.57,44.34,0.277
12.57,44.36,0.277
12.57,44.38,0.277
12.58,44.39,0.277
12.58,44.41,0.277
12.58,44.43,0.277
12.58,44.44,0.277
12.58,44.46,0.277
12.58,44.48,0.277
12.58,44.49,0.277
12.59,44.51,0.277
12.59,44.53,0.277
12.59,44.54,0.278
12.59,44.56,0.278
12.59,44.58,0.278
12.60,44.59,0.278
12.60,44.61,0.278
12.60,44.63,0.278
12.60,44.64,0.278
12.60,44.66,0.278
12.60,44.68,0.278
12.60,44.69,0.278
12.61,44.71,0.278
12.61,44.73,0.278
12.61,44.74,0.278
12.61,44.76,0.278
12.61,44.78,0.278
12.62,44.79,0.278
12.62,44.81,0.278
12.62,44.83,0.278
12.62,44.84,0.278
12.62,44.86,0.278
12.62,44.88,0.278
12.63,44.89,0.278
12.63,44.91,0.278
12.63,44.93,0.278
12.63,44.94,0.278
12.63,44.96,0.278
12.63,44.98,0.278
12.63,44.99,0.278
12.64,45.01,0.278
12.64,45.03,0.278
12.64,45.04,0.278
12.64,45.06,0.278
12.64,45.08,0.278
12.65,45.09,0.278
12.65,45.11,0.278
12.65,45.13,0.278
12.65,45.14,0.278
12.65,45.16,0.278
12.65,45.18,0.278
12.65,45.19,0.278
12.66,45.21,0.278
12.66,45.23,0.278
12.66,45.24,0.278
12.66,45.26,0.278
12.66,45.28,0.278
12.67,45.29,0.278
12.67,45.31,0.278
12.67,45.33,0.278
12.67,45.34,0.278
12.67,45.36,0.278
12.67,45.38,0.278
12.68,45.39,0.278
12.68,45.41,0.278
12.68,45.43,0.278
12.68,45.44,0.279
12.68,45.46,0.279
12.68,45.48,0.279
12.68,45.50,0.279
12.69,45.51,0.279
12.69,45.53,0.279
12.69,45.55,0.279
12.69,45.56,0.279
12.69,45.58,0.279
12.70,45.59,0.279
12.70,45.61,0.279
12.70,45.63,0.279
12.70,45.64,0.279
12.70,45.66,0.279
12.70,45.68,0.279
12.70,45.70,0.279
12.71,45.71,0.279
12.71,45.73,0.279
12.71,45.75,0.279
12.71,45.76,0.279
12.71,45.78,0.279
12.72,45.80,0.279
12.72,45.81,0.279
12.72,45.83,0.279
12.72,45.85,0.279
12.72,45.86,0.279
12.72,45.88,0.279
12.73,45.89,0.279
12.73,45.91,0.279
12.73,45.93,0.279
12.73,45.95,0.279
12.73,45.96,0.279
12.73,45.98,0.279
12.73,46.00,0.279
12.74,46.01,0.279
12.74,46.03,0.279
12.74,46.05,0.279
12.74,46.06,0.279
12.74,46.08,0.279
12.75,46.10,0.279
12.75,46.11,0.279
12.75,46.13,0.279
12.75,46.14,0.279
12.75,46.16,0.279
12.75,46.18,0.279
12.75,46.20,0.279
12.76,46.21,0.279
12.76,46.23,0.279
12.76,46.25,0.279
12.76,46.26,0.279
12.76,46.28,0.279
12.77,46.29,0.279
12.77,46.31,0.280
12.77,46.33,0.280
12.77,46.35,0.280
12.77,46.36,0.280
12.77,46.38,0.280
12.78,46.40,0.280
12.78,46.41,0.280
12.78,46.43,0.280
12.78,46.44,0.280
12.78,46.46,0.280
12.78,46.48,0.280
12.78,46.50,0.280
12.79,46.51,0.280
12.79,46.53,0.280
12.79,46.54,0.280
12.79,46.56,0.280
12.79,46.58,0.280
12.80,46.59,0.280
12.80,46.61,0.280
12.80,46.63,0.280
12.80,46.65,0.280
12.80,46.66,0.280
12.80,46.68,0.280
12.80,46.70,0.280
12.81,46.71,0.280
12.81,46.73,0.280
12.81,46.75,0.280
12.81,46.76,0.280
12.81,46.78,0.280
12.82,46.79,0.280
12.82,46.81,0.280
12.82,46.83,0.280
12.82,46.84,0.280
12.82,46.86,0.280
12.82,46.88,0.280
12.83,46.89,0.280
12.83,46.91,0.280
12.83,46.93,0.280
12.83,46.94,0.280
12.83,46.96,0.280
12.83,46.98,0.280
12.83,46.99,0.280
12.84,47.01,0.280
12.84,47.03,0.280
12.84,47.04,0.280
12.84,47.06,0.280
12.84,47.08,0.280
12.85,47.10,0.280
12.85,47.11,0.280
12.85,47.13,0.280
12.85,47.15,0.280
12.85,47.16,0.280
12.85,47.18,0.280
12.85,47.20,0.280
12.86,47.21,0.280
12.86,47.23,0.280
12.86,47.25,0.281
12.86,47.26,0.281
12.86,47.28,0.281
12.87,47.30,0.281
12.87,47.31,0.281
12.87,47.33,0.281
12.87,47.35,0.281
12.87,47.36,0.281
12.87,47.38,0.281
12.88,47.40,0.281
12.88,47.41,0.281
12.88,47.43,0.281
12.88,47.45,0.281
12.88,47.46,0.281
12.88,47.48,0.281
12.88,47.50,0.281
12.89,47.51,0.281
12.89,47.53,0.281
12.89,47.55,0.281
12.89,47.56,0.281
12.89,47.58,0.281
12.90,47.60,0.281
12.90,47.61,0.281
12.90,47.63,0.281
12.90,47.65,0.281
12.90,47.66,0.281
12.90,47.68,0.281
12.90,47.70,0.281
12.91,47.71,0.281
12.91,47.73,0.281
12.91,47.75,0.281
12.91,47.76,0.281
12.91,47.78,0.281
12.92,47.80,0.281
12.92,47.81,0.281
12.92,47.83,0.281
12.92,47.85,0.281
12.92,47.86,0.281
12.92,47.88,0.281
12.93,47.90,0.281
12.93,47.91,0.281
12.93,47.93,0.281
12.93,47.95,0.281
12.93,47.96,0.281
12.93,47.98,0.281
12.93,48.00,0.281
12.94,48.01,0.281
12.94,48.03,0.281
12.94,48.05,0.281
12.94,48.06,0.281
12.94,48.08,0.281
12.95,48.10,0.281
12.95,48.11,0.281
12.95,48.13,0.281
12.95,48.15,0.282
12.95,48.16,0.282
12.95,48.18,0.282
12.95,48.20,0.282
12.96,48.21,0.282
12.96,48.23,0.282
12.96,48.25,0.282
12.96,48.26,0.282
12.96,48.28,0.282
12.97,48.30,0.282
12.97,48.31,0.282
12.97,48.33,0.282
12.97,48.35,0.282
12.97,48.36,0.282
12.97,48.38,0.282
12.98,48.40,0.282
12.98,48.41,0.282
12.98,48.43,0.282
12.98,48.45,0.282
12.98,48.46,0.282
12.98,48.48,0.282
12.98,48.50,0.282
12.99,48.51,0.282
12.99,48.53,0.282
12.99,48.55,0.282
12.99,48.56,0.282
12.99,48.58,0.282
13.00,48.60,0.282
13.00,48.61,0.282
13.00,48.63,0.282
13.00,48.65,0.282
13.00,48.66,0.282
13.00,48.68,0.282
13.00,48.70,0.282
13.01,48.71,0.282
13.01,48.73,0.282
13.01,48.75,0.282
13.01,48.76,0.282
13.01,48.78,0.282
13.02,48.80,0.282
13.02,48.81,0.282
13.02,48.83,0.282
13.02,48.85,0.282
13.02,48.86,0.282
13.02,48.88,0.282
13.03,48.90,0.282
13.03,48.91,0.282
13.03,48.93,0.282
13.03,48.95,0.282
13.03,48.96,0.282
13.03,48.98,0.282
13.03,49.00,0.282
13.04,49.01,0.282
13.04,49.03,0.282
13.04,49.05,0.282
13.04,49.06,0.282
13.04,49.08,0.283
13.05,49.10,0.283
13.05,49.11,0.283
13.05,49.13,0.283
13.05,49.15,0.283
13.05,49.16,0.283
13.05,49.18,0.283
13.05,49.20,0.283
13.06,49.21,0.283
13.06,49.23,0.283
13.06,49.25,0.283
13.06,49.26,0.283
13.06,49.28,0.283
13.07,49.30,0.283
13.07,49.31,0.283
13.07,49.33,0.283
13.07,49.35,0.283
13.07,49.36,0.283
13.07,49.38,0.283
13.08,49.40,0.283
13.08,49.42,0.283
13.08,49.43,0.283
13.08,49.45,0.283
13.08,49.47,0.283
13.08,49.48,0.283
13.08,49.50,0.283
13.09,49.51,0.283
13.09,49.53,0.283
13.09,49.55,0.283
13.09,49.56,0.283
13.09,49.58,0.283
13.10,49.60,0.283
13.10,49.61,0.283
13.10,49.63,0.283
13.10,49.65,0.283
13.10,49.67,0.283
13.10,49.68,0.283
13.10,49.70,0.283
13.11,49.72,0.283
13.11,49.73,0.283
13.11,49.75,0.283
13.11,49.77,0.283
13.11,49.78,0.283
13.12,49.80,0.283
13.12,49.81,0.283
13.12,49.83,0.283
13.12,49.85,0.283
13.12,49.86,0.283
13.12,49.88,0.283
13.13,49.90,0.283
13.13,49.91,0.283
13.13,49.93,0.283
13.13,49.95,0.283
13.13,49.97,0.283
13.13,49.98,0.283
13.13,50.00,0.283
13.14,50.01,0.283
13.14,50.03,0.283
13.14,50.05,0.283
13.14,50.07,0.284
13.14,50.08,0.284
13.15,50.10,0.284
13.15,50.12,0.284
13.15,50.13,0.284
13.15,50.15,0.284
13.15,50.17,0.284
13.15,50.18,0.284
13.15,50.20,0.284
13.16,50.22,0.284
13.16,50.23,0.284
13.16,50.25,0.284
13.16,50.27,0.284
13.16,50.28,0.284
13.17,50.30,0.284
13.17,50.32,0.284
13.17,50.33,0.284
13.17,50.35,0.284
13.17,50.37,0.284
13.17,50.38,0.284
13.18,50.40,0.284
13.18,50.42,0.284
13.18,50.43,0.284
13.18,50.45,0.284
13.18,50.47,0.284
13.18,50.48,0.284
13.18,50.50,0.284
13.19,50.52,0.284
13.19,50.53,0.284
13.19,50.55,0.284
13.19,50.57,0.284
13.19,50.58,0.284
13.20,50.60,0.284
13.20,50.62,0.284
13.20,50.63,0.284
13.20,50.65,0.284
13.20,50.67,0.284
13.20,50.68,0.284
13.20,50.70,0.284
13.21,50.72,0.284
13.21,50.73,0.284
13.21,50.75,0.284
13.21,50.77,0.284
13.21,50.78,0.284
13.22,50.80,0.284
13.22,50.82,0.284
13.22,50.83,0.284
13.22,50.85,0.284
13.22,50.87,0.284
13.22,50.88,0.284
13.23,50.90,0.284
13.23,50.92,0.284
13.23,50.93,0.284
13.23,50.95,0.284
13.23,50.97,0.284
13.23,50.98,0.284
13.23,51.00,0.284
13.24,51.02,0.284
13.24,51.03,0.284
13.24,51.05,0.285
13.24,51.07,0.285
13.24,51.08,0.285
13.25,51.10,0.285
13.25,51.12,0.285
13.25,51.13,0.285
13.25,51.15,0.285
13.25,51.17,0.285
13.25,51.18,0.285
13.25,51.20,0.285
13.26,51.22,0.285
13.26,51.23,0.285
13.26,51.25,0.285
13.26,51.27,0.285
13.26,51.28,0.285
13.27,51.30,0.285
13.27,51.32,0.285
13.27,51.33,0.285
13.27,51.35,0.285
13.27,51.37,0.285
13.27,51.38,0.285
13.28,51.40,0.285
13.28,51.42,0.285
13.28,51.43,0.285
13.28,51.45,0.285
13.28,51.47,0.285
13.28,51.48,0.285
13.28,51.50,0.285
13.29,51.52,0.285
13.29,51.53,0.285
13.29,51.55,0.285
13.29,51.57,0.285
13.29,51.58,0.285
13.30,51.60,0.285
13.30,51.62,0.285
13.30,51.63,0.285
13.30,51.65,0.285
13.30,51.67,0.285
13.30,51.68,0.285
13.30,51.70,0.285
13.31,51.72,0.285
13.31,51.73,0.285
13.31,51.75,0.285
13.31,51.77,0.285
13.31,51.78,0.285
13.32,51.80,0.285
13.32,51.82,0.285
13.32,51.83,0.285
13.32,51.85,0.285
13.32,51.87,0.285
13.32,51.88,0.285
13.33,51.90,0.285
13.33,51.92,0.285
13.33,51.93,0.285
13.33,51.95,0.285
13.33,51.97,0.285
13.33,51.98,0.285
13.33,52.00,0.285
13.34,52.02,0.285
13.34,52.04,0.285
13.34,52.05,0.285
13.34,52.07,0.285
13.34,52.08,0.286
13.35,52.10,0.286
13.35,52.12,0.286
13.35,52.13,0.286
13.35,52.15,0.286
13.35,52.17,0.286
13.35,52.18,0.286
13.35,52.20,0.286
13.36,52.22,0.286
13.36,52.23,0.286
13.36,52.25,0.286
13.36,52.27,0.286
13.36,52.28,0.286
13.37,52.30,0.286
13.37,52.32,0.286
13.37,52.34,0.286
13.37,52.35,0.286
13.37,52.37,0.286
13.37,52.38,0.286
13.38,52.40,0.286
13.38,52.42,0.286
13.38,52.44,0.286
13.38,52.45,0.286
13.38,52.47,0.286
13.38,52.48,0.286
13.38,52.50,0.286
13.39,52.52,0.286
13.39,52.53,0.286
13.39,52.55,0.286
13.39,52.57,0.286
13.39,52.58,0.286
13.40,52.60,0.286
13.40,52.62,0.286
13.40,52.64,0.286
13.40,52.65,0.286
13.40,52.67,0.286
13.40,52.69,0.286
13.40,52.70,0.286
13.41,52.72,0.286
13.41,52.73,0.286
13.41,52.75,0.286
13.41,52.77,0.286
13.41,52.78,0.286
13.42,52.80,0.286
13.42,52.82,0.286
13.42,52.83,0.286
13.42,52.85,0.286
13.42,52.87,0.286
13.42,52.88,0.286
13.43,52.90,0.286
13.43,52.92,0.286
13.43,52.94,0.286
13.43,52.95,0.286
13.43,52.97,0.286
13.43,52.98,0.286
13.43,53.00,0.286
13.44,53.02,0.286
13.44,53.04,0.286
13.44,53.05,0.287
13.44,53.07,0.287
13.44,53.09,0.287
13.45,53.10,0.287
13.45,53.12,0.287
13.45,53.14,0.287
13.45,53.15,0.287
13.45,53.17,0.287
13.45,53.19,0.287
13.45,53.20,0.287
13.46,53.22,0.287
13.46,53.23,0.287
13.46,53.25,0.287
13.46,53.27,0.287
13.46,53.29,0.287
13.47,53.30,0.287
13.47,53.32,0.287
13.47,53.34,0.287
13.47,53.35,0.287
13.47,53.37,0.287
13.47,53.39,0.287
13.48,53.40,0.287
13.48,53.42,0.287
13.48,53.43,0.287
13.48,53.45,0.287
13.48,53.47,0.287
13.48,53.48,0.287
13.48,53.50,0.287
13.49,53.52,0.287
13.49,53.54,0.287
13.49,53.55,0.287
13.49,53.57,0.287
13.49,53.59,0.287
13.50,53.60,0.287
13.50,53.62,0.287
13.50,53.64,0.287
13.50,53.65,0.287
13.50,53.67,0.287
13.50,53.69,0.287
13.50,53.70,0.287
13.51,53.72,0.287
13.51,53.74,0.287
13.51,53.75,0.287
13.51,53.77,0.287
13.51,53.78,0.287
13.52,53.80,0.287
13.52,53.82,0.287
13.52,53.84,0.287
13.52,53.85,0.287
13.52,53.87,0.287
13.52,53.89,0.287
13.53,53.90,0.287
13.53,53.92,0.287
13.53,53.94,0.287
13.53,53.95,0.287
13.53,53.97,0.287
13.53,53.99,0.287
13.53,54.00,0.288
13.54,54.02,0.288
13.54,54.04,0.288
13.54,54.05,0.288
13.54,54.07,0.288
13.54,54.09,0.288
13.55,54.10,0.288
13.55,54.12,0.288
13.55,54.14,0.288
13.55,54.15,0.288
13.55,54.17,0.288
13.55,54.19,0.288
13.55,54.20,0.288
13.56,54.22,0.288
13.56,54.24,0.288
13.56,54.25,0.288
13.56,54.27,0.288
13.56,54.29,0.288
13.57,54.30,0.288
13.57,54.32,0.288
13.57,54.34,0.288
13.57,54.35,0.288
13.57,54.37,0.288
13.57,54.39,0.288
13.58,54.40,0.288
13.58,54.42,0.288
13.58,54.44,0.288
13.58,54.45,0.288
13.58,54.47,0.288
13.58,54.49,0.288
13.58,54.50,0.288
13.59,54.52,0.288
13.59,54.54,0.288
13.59,54.55,0.288
13.59,54.57,0.288
13.59,54.59,0.288
13.60,54.60,0.288
13.60,54.62,0.288
13.60,54.64,0.288
13.60,54.65,0.288
13.60,54.67,0.288
13.60,54.69,0.288
13.60,54.70,0.288
13.61,54.72,0.288
13.61,54.74,0.288
13.61,54.75,0.288
13.61,54.77,0.288
13.61,54.79,0.288
13.62,54.80,0.288
13.62,54.82,0.288
13.62,54.84,0.288
13.62,54.85,0.288
13.62,54.87,0.288
13.62,54.89,0.288
13.63,54.90,0.288
13.63,54.92,0.288
13.63,54.94,0.288
13.63,54.95,0.288
13.63,54.97,0.288
13.63,54.99,0.288
13.63,55.00,0.288
13.64,55.02,0.288
13.64,55.04,0.288
13.64,55.05,0.288
13.64,55.07,0.289
13.64,55.09,0.289
13.65,55.10,0.289
13.65,55.12,0.289
13.65,55.14,0.289
13.65,55.15,0.289
13.65,55.17,0.289
13.65,55.19,0.289
13.65,55.20,0.289
13.66,55.22,0.289
13.66,55.24,0.289
13.66,55.25,0.289
13.66,55.27,0.289
13.66,55.29,0.289
13.67,55.30,0.289
13.67,55.32,0.289
13.67,55.34,0.289
13.67,55.35,0.289
13.67,55.37,0.289
13.67,55.39,0.289
13.68,55.40,0.289
13.68,55.42,0.289
13.68,55.44,0.289
13.68,55.45,0.289
13.68,55.47,0.289
13.68,55.49,0.289
13.68,55.50,0.289
13.69,55.52,0.289
13.69,55.54,0.289
13.69,55.55,0.289
13.69,55.57,0.289
13.69,55.59,0.289
13.70,55.60,0.289
13.70,55.62,0.289
13.70,55.64,0.289
13.70,55.65,0.289
13.70,55.67,0.289
13.70,55.69,0.289
13.70,55.70,0.289
13.71,55.72,0.289
13.71,55.74,0.289
13.71,55.75,0.289
13.71,55.77,0.289
13.71,55.79,0.289
13.72,55.80,0.289
13.72,55.82,0.289
13.72,55.84,0.289
13.72,55.85,0.289
13.72,55.87,0.289
13.72,55.89,0.289
13.73,55.90,0.289
13.73,55.92,0.289
13.73,55.94,0.289
13.73,55.95,0.289
13.73,55.97,0.289
13.73,55.99,0.289
13.73,56.00,0.289
13.74,56.02,0.289
13.74,56.04,0.289
13.74,56.05,0.290
13.74,56.07,0.290
13.74,56.09,0.290
13.75,56.10,0.290
13.75,56.12,0.290
13.75,56.14,0.290
13.75,56.15,0.290
13.75,56.17,0.290
13.75,56.19,0.290
13.75,56.20,0.290
13.76,56.22,0.290
13.76,56.24,0.290
13.76,56.25,0.290
13.76,56.27,0.290
13.76,56.29,0.290
13.77,56.30,0.290
13.77,56.32,0.290
13.77,56.34,0.290
13.77,56.35,0.290
13.77,56.37,0.290
13.77,56.39,0.290
13.78,56.40,0.290
13.78,56.42,0.290
13.78,56.44,0.290
13.78,56.45,0.290
13.78,56.47,0.290
13.78,56.49,0.290
13.78,56.50,0.290
13.79,56.52,0.290
13.79,56.54,0.290
13.79,56.55,0.290
13.79,56.57,0.290
13.79,56.59,0.290
13.80,56.60,0.290
13.80,56.62,0.290
13.80,56.64,0.290
13.80,56.65,0.290
13.80,56.67,0.290
13.80,56.69,0.290
13.80,56.71,0.290
13.81,56.72,0.290
13.81,56.74,0.290
13.81,56.76,0.290
13.81,56.77,0.290
13.81,56.79,0.290
13.82,56.80,0.290
13.82,56.82,0.290
13.82,56.84,0.290
13.82,56.85,0.290
13.82,56.87,0.290
13.82,56.89,0.290
13.83,56.90,0.290
13.83,56.92,0.290
13.83,56.94,0.290
13.83,56.96,0.290
13.83,56.97,0.290
13.83,56.99,0.291
13.83,57.00,0.291
13.84,57.02,0.291
13.84,57.04,0.291
13.84,57.05,0.291
13.84,57.07,0.291
13.84,57.09,0.291
13.85,57.10,0.291
13.85,57.12,0.291
13.85,57.14,0.291
13.85,57.16,0.291
13.85,57.17,0.291
13.85,57.19,0.291
13.85,57.20,0.291
13.86,57.22,0.291
13.86,57.24,0.291
13.86,57.26,0.291
13.86,57.27,0.291
13.86,57.29,0.291
13.87,57.31,0.291
13.87,57.32,0.291
13.87,57.34,0.291
13.87,57.36,0.291
13.87,57.37,0.291
13.87,57.39,0.291
13.88,57.41,0.291
13.88,57.42,0.291
13.88,57.44,0.291
13.88,57.46,0.291
13.88,57.47,0.291
13.88,57.49,0.291
13.88,57.51,0.291
13.89,57.52,0.291
13.89,57.54,0.291
13.89,57.55,0.291
13.89,57.57,0.291
13.89,57.59,0.291
13.90,57.61,0.291
13.90,57.62,0.291
13.90,57.64,0.291
13.90,57.65,0.291
13.90,57.67,0.291
13.90,57.69,0.291
13.90,57.71,0.291
13.91,57.72,0.291
13.91,57.74,0.291
13.91,57.75,0.291
13.91,57.77,0.291
13.91,57.79,0.291
13.92,57.80,0.291
13.92,57.82,0.291
13.92,57.84,0.291
13.92,57.86,0.291
13.92,57.87,0.291
13.92,57.89,0.291
13.93,57.91,0.291
13.93,57.92,0.291
13.93,57.94,0.291
13.93,57.96,0.291
13.93,57.97,0.291
13.93,57.99,0.291
13.93,58.00,0.292
13.94,58.02,0.292
13.94,58.04,0.292
13.94,58.05,0.292
13.94,58.07,0.292
13.94,58.09,0.292
13.95,58.11,0.292
13.95,58.12,0.292
13.95,58.14,0.292
13.95,58.15,0.292
13.95,58.17,0.292
13.95,58.19,0.292
13.95,58.21,0.292
13.96,58.22,0.292
13.96,58.24,0.292
13.96,58.26,0.292
13.96,58.27,0.292
13.96,58.29,0.292
13.97,58.31,0.292
13.97,58.32,0.292
13.97,58.34,0.292
13.97,58.36,0.292
13.97,58.37,0.292
13.97,58.39,0.292
13.98,58.41,0.292
13.98,58.42,0.292
13.98,58.44,0.292
13.98,58.45,0.292
13.98,58.47,0.292
13.98,58.49,0.292
13.98,58.51,0.292
13.99,58.52,0.292
13.99,58.54,0.292
13.99,58.55,0.292
13.99,58.57,0.292
13.99,58.59,0.292
14.00,58.61,0.292
14.00,58.62,0.292
14.00,58.64,0.292
14.00,58.66,0.292
14.00,58.67,0.292
14.00,58.69,0.292
14.00,58.71,0.292
14.01,58.72,0.292
14.01,58.74,0.292
14.01,58.76,0.292
14.01,58.77,0.292
14.01,58.79,0.292
14.02,58.81,0.292
14.02,58.82,0.292
14.02,58.84,0.292
14.02,58.86,0.292
14.02,58.87,0.292
14.02,58.89,0.292
14.03,58.91,0.292
14.03,58.92,0.292
14.03,58.94,0.293
14.03,58.96,0.293
14.03,58.97,0.293
14.03,58.99,0.293
14.03,59.01,0.293
14.04,59.02,0.293
14.04,59.04,0.293
14.04,59.06,0.293
14.04,59.07,0.293
14.04,59.09,0.293
14.05,59.11,0.293
14.05,59.12,0.293
14.05,59.14,0.293
14.05,59.16,0.293
14.05,59.17,0.293
14.05,59.19,0.293
14.05,59.21,0.293
14.06,59.22,0.293
14.06,59.24,0.293
14.06,59.26,0.293
14.06,59.27,0.293
14.06,59.29,0.293
14.07,59.31,0.293
14.07,59.32,0.293
14.07,59.34,0.293
14.07,59.36,0.293
14.07,59.37,0.293
14.07,59.39,0.293
14.08,59.41,0.293
14.08,59.42,0.293
14.08,59.44,0.293
14.08,59.46,0.293
14.08,59.47,0.293
14.08,59.49,0.293
14.08,59.51,0.293
14.09,59.52,0.293
14.09,59.54,0.293
14.09,59.56,0.293
14.09,59.57,0.293
14.09,59.59,0.293
14.10,59.61,0.293
14.10,59.62,0.293
14.10,59.64,0.293
14.10,59.66,0.293
14.10,59.67,0.293
14.10,59.69,0.293
14.10,59.71,0.293
14.11,59.72,0.293
14.11,59.74,0.293
14.11,59.76,0.293
14.11,59.77,0.293
14.11,59.79,0.293
14.12,59.81,0.294
14.12,59.82,0.294
14.12,59.84,0.294
14.12,59.86,0.294
14.12,59.87,0.294
14.12,59.89,0.294
14.13,59.91,0.294
14.13,59.92,0.294
14.13,59.94,0.294
14.13,59.96,0.294
14.13,59.97,0.294
14.13,59.99,0.294
14.13,60.01,0.294
14.14,60.02,0.294
14.14,60.04,0.294
14.14,60.06,0.294
14.14,60.07,0.294
14.14,60.09,0.294
14.15,60.11,0.294
14.15,60.12,0.294
14.15,60.14,0.294
14.15,60.16,0.294
14.15,60.17,0.294
14.15,60.19,0.294
14.15,60.21,0.294
14.16,60.22,0.294
14.16,60.24,0.294
14.16,60.26,0.294
14.16,60.28,0.294
14.16,60.29,0.294
14.17,60.31,0.294
14.17,60.33,0.294
14.17,60.34,0.294
14.17,60.36,0.294
14.17,60.37,0.294
14.17,60.39,0.294
14.18,60.41,0.294
14.18,60.42,0.294
14.18,60.44,0.294
14.18,60.46,0.294
14.18,60.47,0.294
14.18,60.49,0.294
14.18,60.51,0.294
14.19,60.52,0.294
14.19,60.54,0.294
14.19,60.56,0.294
14.19,60.57,0.294
14.19,60.59,0.294
14.20,60.61,0.294
14.20,60.62,0.294
14.20,60.64,0.294
14.20,60.66,0.294
14.20,60.67,0.294
14.20,60.69,0.294
14.20,60.71,0.294
14.21,60.73,0.294
14.21,60.74,0.294
14.21,60.76,0.294
14.21,60.77,0.294
14.21,60.79,0.294
14.22,60.81,0.294
14.22,60.83,0.294
14.22,60.84,0.294
14.22,60.86,0.294
14.22,60.88,0.294
14.22,60.89,0.295
14.23,60.91,0.295
14.23,60.93,0.295
14.23,60.94,0.295
14.23,60.96,0.295
14.23,60.98,0.295
14.23,60.99,0.295
14.23,61.01,0.295
14.24,61.03,0.295
14.24,61.04,0.295
14.24,61.06,0.295
14.24,61.07,0.295
14.24,61.09,0.295
14.25,61.11,0.295
14.25,61.13,0.295
14.25,61.14,0.295
14.25,61.16,0.295
14.25,61.18,0.295
14.25,61.19,0.295
14.25,61.21,0.295
14.26,61.23,0.295
14.26,61.24,0.295
14.26,61.26,0.295
14.26,61.27,0.295
14.26,61.29,0.295
14.27,61.31,0.295
14.27,61.33,0.295
14.27,61.34,0.295
14.27,61.36,0.295
14.27,61.37,0.295
14.27,61.39,0.295
14.28,61.41,0.295
14.28,61.43,0.295
14.28,61.44,0.295
14.28,61.46,0.295
14.28,61.48,0.295
14.28,61.49,0.295
14.28,61.51,0.295
14.29,61.53,0.295
14.29,61.54,0.295
14.29,61.56,0.295
14.29,61.58,0.295
14.29,61.59,0.295
14.30,61.61,0.295
14.30,61.63,0.295
14.30,61.64,0.295
14.30,61.66,0.295
14.30,61.68,0.295
14.30,61.69,0.295
14.30,61.71,0.295
14.31,61.72,0.295
14.31,61.74,0.295
14.31,61.76,0.295
14.31,61.78,0.295
14.31,61.79,0.295
14.32,61.81,0.295
14.32,61.83,0.295
14.32,61.84,0.295
14.32,61.86,0.295
14.32,61.87,0.296
14.32,61.89,0.296
14.33,61.91,0.296
14.33,61.93,0.296
14.33,61.94,0.296
14.33,61.96,0.296
14.33,61.98,0.296
14.33,61.99,0.296
14.33,62.01,0.296
14.34,62.03,0.296
14.34,62.04,0.296
14.34,62.06,0.296
14.34,62.08,0.296
14.34,62.09,0.296
14.35,62.11,0.296
14.35,62.13,0.296
14.35,62.14,0.296
14.35,62.16,0.296
14.35,62.18,0.296
14.35,62.19,0.296
14.35,62.21,0.296
14.36,62.23,0.296
14.36,62.24,0.296
14.36,62.26,0.296
14.36,62.28,0.296
14.36,62.29,0.296
14.37,62.31,0.296
14.37,62.33,0.296
14.37,62.34,0.296
14.37,62.36,0.296
14.37,62.38,0.296
14.37,62.39,0.296
14.38,62.41,0.296
14.38,62.43,0.296
14.38,62.44,0.296
14.38,62.46,0.296
14.38,62.48,0.296
14.38,62.49,0.296
14.38,62.51,0.296
14.39,62.53,0.296
14.39,62.54,0.296
14.39,62.56,0.296
14.39,62.58,0.296
14.39,62.59,0.296
14.40,62.61,0.296
14.40,62.63,0.296
14.40,62.64,0.296
14.40,62.66,0.296
14.40,62.68,0.296
14.40,62.69,0.296
14.40,62.71,0.296
14.41,62.73,0.296
14.41,62.74,0.296
14.41,62.76,0.296
14.41,62.78,0.296
14.41,62.79,0.297
14.42,62.81,0.297
14.42,62.83,0.297
14.42,62.85,0.297
14.42,62.86,0.297
14.42,62.88,0.297
14.42,62.90,0.297
14.43,62.91,0.297
14.43,62.93,0.297
14.43,62.95,0.297
14.43,62.96,0.297
14.43,62.98,0.297
14.43,63.00,0.297
14.43,63.01,0.297
14.44,63.03,0.297
14.44,63.05,0.297
14.44,63.06,0.297
14.44,63.08,0.297
14.44,63.10,0.297
14.45,63.11,0.297
14.45,63.13,0.297
14.45,63.15,0.297
14.45,63.16,0.297
14.45,63.18,0.297
14.45,63.20,0.297
14.45,63.21,0.297
14.46,63.23,0.297
14.46,63.25,0.297
14.46,63.27,0.297
14.46,63.28,0.297
14.46,63.30,0.297
14.47,63.32,0.297
14.47,63.33,0.297
14.47,63.35,0.297
14.47,63.36,0.297
14.47,63.38,0.297
14.47,63.40,0.297
14.48,63.42,0.297
14.48,63.43,0.297
14.48,63.45,0.297
14.48,63.46,0.297
14.48,63.48,0.297
14.48,63.50,0.297
14.48,63.51,0.297
14.49,63.53,0.297
14.49,63.55,0.297
14.49,63.57,0.297
14.49,63.58,0.297
14.49,63.60,0.297
14.50,63.62,0.297
14.50,63.63,0.297
14.50,63.65,0.297
14.50,63.67,0.297
14.50,63.68,0.297
14.50,63.70,0.297
14.50,63.72,0.297
14.51,63.73,0.297
14.51,63.75,0.298
14.51,63.76,0.298
14.51,63.78,0.298
14.51,63.80,0.298
14.52,63.82,0.298
14.52,63.83,0.298
14.52,63.85,0.298
14.52,63.87,0.298
14.52,63.88,0.298
14.52,63.90,0.298
14.53,63.92,0.298
14.53,63.93,0.298
14.53,63.95,0.298
14.53,63.97,0.298
14.53,63.98,0.298
14.53,64.00,0.298
14.53,64.02,0.298
14.54,64.03,0.298
14.54,64.05,0.298
14.54,64.07,0.298
14.54,64.08,0.298
14.54,64.10,0.298
14.55,64.11,0.298
14.55,64.13,0.298
14.55,64.15,0.298
14.55,64.17,0.298
14.55,64.18,0.298
14.55,64.20,0.298
14.55,64.22,0.298
14.56,64.23,0.298
14.56,64.25,0.298
14.56,64.27,0.298
14.56,64.28,0.298
14.56,64.30,0.298
14.57,64.32,0.298
14.57,64.33,0.298
14.57,64.35,0.298
14.57,64.37,0.298
14.57,64.38,0.298
14.57,64.40,0.298
14.58,64.42,0.298
14.58,64.43,0.298
14.58,64.45,0.298
14.58,64.47,0.298
14.58,64.48,0.298
14.58,64.50,0.298
14.58,64.52,0.298
14.59,64.53,0.298
14.59,64.55,0.298
14.59,64.57,0.298
14.59,64.58,0.298
14.59,64.60,0.298
14.60,64.62,0.298
14.60,64.63,0.298
14.60,64.65,0.298
14.60,64.67,0.298
14.60,64.68,0.298
14.60,64.70,0.298
14.60,64.72,0.298
14.61,64.73,0.298
14.61,64.75,0.298
14.61,64.77,0.298
14.61,64.78,0.298
14.61,64.80,0.298
14.62,64.82,0.298
14.62,64.83,0.298
14.62,64.85,0.298
14.62,64.87,0.299
14.62,64.88,0.299
14.62,64.90,0.299
14.63,64.92,0.299
14.63,64.93,0.299
14.63,64.95,0.299
14.63,64.97,0.299
14.63,64.98,0.299
14.63,65.00,0.299
14.63,65.02,0.299
14.64,65.03,0.299
14.64,65.05,0.299
14.64,65.07,0.299
14.64,65.08,0.299
14.64,65.10,0.299
14.65,65.12,0.299
14.65,65.13,0.299
14.65,65.15,0.299
14.65,65.17,0.299
14.65,65.18,0.299
14.65,65.20,0.299
14.65,65.22,0.299
14.66,65.23,0.299
14.66,65.25,0.299
14.66,65.27,0.299
14.66,65.28,0.299
14.66,65.30,0.299
14.67,65.32,0.299
14.67,65.33,0.299
14.67,65.35,0.299
14.67,65.37,0.299
14.67,65.38,0.299
14.67,65.40,0.299
14.68,65.42,0.299
14.68,65.43,0.299
14.68,65.45,0.299
14.68,65.47,0.299
14.68,65.48,0.299
14.68,65.50,0.299
14.68,65.52,0.299
14.69,65.53,0.299
14.69,65.55,0.299
14.69,65.57,0.299
14.69,65.58,0.299
14.69,65.60,0.299
14.70,65.62,0.299
14.70,65.63,0.299
14.70,65.65,0.299
14.70,65.67,0.299
14.70,65.68,0.299
14.70,65.70,0.299
14.70,65.72,0.299
14.71,65.73,0.299
14.71,65.75,0.299
14.71,65.77,0.299
14.71,65.78,0.299
14.71,65.80,0.299
14.72,65.82,0.299
14.72,65.83,0.299
14.72,65.85,0.299
14.72,65.86,0.299
14.72,65.88,0.299
14.72,65.90,0.299
14.73,65.91,0.299
14.73,65.93,0.299
14.73,65.95,0.299
14.73,65.96,0.299
14.73,65.98,0.299
14.73,66.00,0.299
14.73,66.01,0.299
14.74,66.03,0.299
14.74,66.05,0.299
14.74,66.06,0.299
14.74,66.08,0.299
14.74,66.10,0.299
14.75,66.11,0.299
14.75,66.13,0.299
14.75,66.15,0.299
14.75,66.16,0.299
14.75,66.18,0.299
14.75,66.20,0.299
14.75,66.21,0.299
14.76,66.23,0.299
14.76,66.25,0.299
14.76,66.26,0.300
14.76,66.28,0.300
14.76,66.30,0.300
14.77,66.31,0.300
14.77,66.33,0.300
14.77,66.35,0.300
14.77,66.36,0.300
14.77,66.38,0.300
14.77,66.40,0.300
14.78,66.41,0.300
14.78,66.43,0.300
14.78,66.45,0.300
14.78,66.46,0.300
14.78,66.48,0.300
14.78,66.50,0.300
14.78,66.51,0.300
14.79,66.53,0.300
14.79,66.55,0.300
14.79,66.56,0.300
14.79,66.58,0.300
14.79,66.59,0.300
14.80,66.61,0.300
14.80,66.63,0.300
14.80,66.65,0.300
14.80,66.66,0.300
14.80,66.68,0.300
14.80,66.70,0.300
14.80,66.71,0.300
14.81,66.73,0.300
14.81,66.75,0.300
14.81,66.76,0.300
14.81,66.78,0.300
14.81,66.80,0.300
14.82,66.81,0.300
14.82,66.83,0.300
14.82,66.85,0.300
14.82,66.86,0.300
14.82,66.88,0.300
14.82,66.89,0.300
14.83,66.91,0.300
14.83,66.93,0.300
14.83,66.94,0.300
14.83,66.96,0.300
14.83,66.98,0.300
14.83,66.99,0.300
14.83,67.01,0.300
14.84,67.03,0.300
14.84,67.04,0.300
14.84,67.06,0.300
14.84,67.08,0.300
14.84,67.09,0.300
14.85,67.11,0.300
14.85,67.13,0.300
14.85,67.15,0.300
14.85,67.16,0.300
14.85,67.18,0.300
14.85,67.19,0.300
14.85,67.21,0.300
14.86,67.23,0.300
14.86,67.25,0.300
14.86,67.26,0.300
14.86,67.28,0.300
14.86,67.29,0.300
14.87,67.31,0.300
14.87,67.33,0.300
14.87,67.34,0.300
14.87,67.36,0.300
14.87,67.38,0.300
14.87,67.40,0.300
14.88,67.41,0.300
14.88,67.43,0.300
14.88,67.44,0.300
14.88,67.46,0.301
14.88,67.48,0.301
14.88,67.49,0.301
14.88,67.51,0.301
14.89,67.53,0.301
14.89,67.54,0.301
14.89,67.56,0.301
14.89,67.58,0.301
14.89,67.59,0.301
14.90,67.61,0.301
14.90,67.63,0.301
14.90,67.64,0.301
14.90,67.66,0.301
14.90,67.68,0.301
14.90,67.69,0.301
14.90,67.71,0.301
14.91,67.73,0.301
14.91,67.74,0.301
14.91,67.76,0.301
14.91,67.78,0.301
14.91,67.79,0.301
14.92,67.81,0.301
14.92,67.83,0.301
14.92,67.85,0.301
14.92,67.86,0.301
14.92,67.88,0.301
14.92,67.90,0.301
14.93,67.91,0.301
14.93,67.93,0.301
14.93,67.95,0.301
14.93,67.96,0.301
14.93,67.98,0.301
14.93,67.99,0.301
14.93,68.01,0.301
14.94,68.03,0.301
14.94,68.04,0.301
14.94,68.06,0.301
14.94,68.08,0.301
14.94,68.10,0.301
14.95,68.11,0.301
14.95,68.13,0.301
14.95,68.15,0.301
14.95,68.16,0.301
14.95,68.18,0.301
14.95,68.20,0.301
14.95,68.21,0.301
14.96,68.23,0.301
14.96,68.25,0.301
14.96,68.26,0.301
14.96,68.28,0.301
14.96,68.29,0.301
14.97,68.31,0.302
14.97,68.33,0.302
14.97,68.34,0.302
14.97,68.36,0.302
14.97,68.38,0.302
14.97,68.39,0.302
14.98,68.41,0.302
14.98,68.43,0.302
14.98,68.44,0.302
14.98,68.46,0.302
14.98,68.48,0.302
14.98,68.50,0.302
14.98,68.51,0.302
14.99,68.53,0.302
14.99,68.55,0.302
14.99,68.56,0.302
14.99,68.58,0.302
14.99,68.60,0.302
15.00,68.61,0.302
15.00,68.63,0.302
15.00,68.65,0.302
15.00,68.66,0.302
15.00,68.68,0.302
15.00,68.69,0.302
15.00,68.71,0.302
15.01,68.73,0.302
15.01,68.75,0.302
15.01,68.76,0.302
15.01,68.78,0.302
15.01,68.80,0.302
15.02,68.81,0.302
15.02,68.83,0.302
15.02,68.85,0.302
15.02,68.86,0.302
15.02,68.88,0.302
15.02,68.90,0.302
15.03,68.91,0.302
15.03,68.93,0.303
15.03,68.95,0.303
15.03,68.96,0.303
15.03,68.98,0.303
15.03,68.99,0.303
15.03,69.01,0.303
15.04,69.03,0.303
15.04,69.05,0.303
15.04,69.06,0.303
15.04,69.08,0.303
15.04,69.09,0.303
15.05,69.11,0.303
15.05,69.13,0.303
15.05,69.15,0.303
15.05,69.16,0.303
15.05,69.18,0.303
15.05,69.20,0.303
15.05,69.21,0.303
15.06,69.23,0.303
15.06,69.25,0.303
15.06,69.26,0.303
15.06,69.28,0.303
15.06,69.30,0.303
15.07,69.31,0.303
15.07,69.33,0.303
15.07,69.35,0.303
15.07,69.36,0.303
15.07,69.38,0.303
15.07,69.39,0.304
15.08,69.41,0.304
15.08,69.43,0.304
15.08,69.45,0.304
15.08,69.46,0.304
15.08,69.48,0.304
15.08,69.50,0.304
15.08,69.51,0.304
15.09,69.53,0.304
15.09,69.55,0.304
15.09,69.56,0.304
15.09,69.58,0.304
15.09,69.60,0.304
15.10,69.61,0.304
15.10,69.63,0.304
15.10,69.65,0.304
15.10,69.66,0.304
15.10,69.68,0.304
15.10,69.69,0.304
15.10,69.71,0.304
15.11,69.73,0.304
15.11,69.75,0.304
15.11,69.76,0.305
15.11,69.78,0.305
15.11,69.80,0.305
15.12,69.81,0.305
15.12,69.83,0.305
15.12,69.85,0.305
15.12,69.86,0.305
15.12,69.88,0.305
15.12,69.90,0.305
15.13,69.91,0.305
15.13,69.93,0.305
15.13,69.95,0.305
15.13,69.96,0.305
15.13,69.98,0.305
15.13,70.00,0.305
15.13,70.01,0.305
15.14,70.03,0.305
15.14,70.05,0.305
15.14,70.06,0.305
15.14,70.08,0.305
15.14,70.10,0.306
15.15,70.11,0.306
15.15,70.13,0.306
15.15,70.15,0.306
15.15,70.16,0.306
15.15,70.18,0.306
15.15,70.20,0.306
15.15,70.21,0.306
15.16,70.23,0.306
15.16,70.25,0.306
15.16,70.26,0.306
15.16,70.28,0.306
15.16,70.30,0.306
15.17,70.31,0.306
15.17,70.33,0.306
15.17,70.35,0.306
15.17,70.36,0.306
15.17,70.38,0.306
15.17,70.40,0.306
15.18,70.41,0.307
15.18,70.43,0.307
15.18,70.45,0.307
15.18,70.46,0.307
15.18,70.48,0.307
15.18,70.50,0.307
15.18,70.51,0.307
15.19,70.53,0.307
15.19,70.55,0.307
15.19,70.56,0.307
15.19,70.58,0.307
15.19,70.60,0.307
15.20,70.61,0.307
15.20,70.63,0.307
15.20,70.65,0.307
15.20,70.66,0.307
15.20,70.68,0.308
15.20,70.70,0.308
15.20,70.71,0.308
15.21,70.73,0.308
15.21,70.75,0.309
15.21,70.76,0.309
15.21,70.78,0.309
15.21,70.80,0.309
15.22,70.81,0.309
15.22,70.83,0.309
15.22,70.85,0.309
15.22,70.86,0.309
15.22,70.88,0.309
15.22,70.90,0.309
15.23,70.91,0.309
15.23,70.93,0.310
15.23,70.95,0.310
15.23,70.96,0.310
15.23,70.98,0.310
15.23,71.00,0.310
15.23,71.01,0.311
15.24,71.03,0.311
15.24,71.05,0.311
15.24,71.06,0.311
15.24,71.08,0.311
15.24,71.10,0.311
15.25,71.11,0.311
15.25,71.13,0.311
15.25,71.15,0.311
15.25,71.16,0.312
15.25,71.18,0.312
15.25,71.20,0.312
15.25,71.21,0.312
15.26,71.23,0.312
15.26,71.25,0.313
15.26,71.26,0.313
15.26,71.28,0.313
15.26,71.30,0.313
15.27,71.31,0.314
15.27,71.33,0.314
15.27,71.35,0.314
15.27,71.36,0.314
15.27,71.38,0.315
15.27,71.39,0.315
15.28,71.41,0.315
15.28,71.43,0.315
15.28,71.44,0.315
15.28,71.46,0.315
15.28,71.48,0.316
15.28,71.49,0.316
15.28,71.51,0.316
15.29,71.53,0.317
15.29,71.54,0.317
15.29,71.56,0.317
15.29,71.58,0.318
15.29,71.59,0.318
15.30,71.61,0.318
15.30,71.63,0.318
15.30,71.65,0.318
15.30,71.66,0.318
15.30,71.68,0.319
15.30,71.70,0.319
15.30,71.71,0.319
15.31,71.73,0.320
15.31,71.74,0.320
15.31,71.76,0.321
15.31,71.78,0.321
15.31,71.79,0.322
15.32,71.81,0.322
15.32,71.83,0.323
15.32,71.84,0.323
15.32,71.86,0.323
15.32,71.88,0.324
15.32,71.89,0.324
15.33,71.91,0.324
15.33,71.93,0.325
15.33,71.94,0.325
15.33,71.96,0.325
15.33,71.98,0.325
15.33,71.99,0.325
15.33,72.01,0.326
15.34,72.03,0.326
15.34,72.04,0.327
15.34,72.06,0.327
15.34,72.08,0.328
15.34,72.09,0.329
15.35,72.11,0.330
15.35,72.13,0.331
15.35,72.14,0.331
15.35,72.16,0.331
15.35,72.18,0.332
15.35,72.19,0.332
15.35,72.21,0.332
15.36,72.22,0.333
15.36,72.24,0.333
15.36,72.26,0.334
15.36,72.27,0.335
15.36,72.29,0.336
15.37,72.31,0.336
15.37,72.32,0.337
15.37,72.34,0.338
15.37,72.36,0.338
15.37,72.37,0.339
15.37,72.39,0.340
15.38,72.41,0.340
15.38,72.42,0.341
15.38,72.44,0.342
15.38,72.46,0.343
15.38,72.47,0.344
15.38,72.49,0.345
15.38,72.51,0.345
15.39,72.52,0.346
15.39,72.54,0.347
15.39,72.55,0.347
15.39,72.57,0.349
15.39,72.59,0.350
15.40,72.60,0.350
15.40,72.62,0.351
15.40,72.64,0.352
15.40,72.65,0.354
15.40,72.67,0.355
15.40,72.69,0.356
15.40,72.70,0.357
15.41,72.72,0.358
15.41,72.73,0.359
15.41,72.75,0.361
15.41,72.77,0.362
15.41,72.78,0.363
15.42,72.80,0.364
15.42,72.82,0.366
15.42,72.83,0.367
15.42,72.85,0.369
15.42,72.87,0.370
15.42,72.88,0.371
15.43,72.90,0.373
15.43,72.91,0.375
15.43,72.93,0.377
15.43,72.95,0.378
15.43,72.96,0.380
15.43,72.98,0.382
15.43,72.99,0.385
15.44,73.01,0.386
15.44,73.03,0.388
15.44,73.04,0.390
15.44,73.06,0.392
15.44,73.08,0.394
15.45,73.09,0.397
15.45,73.11,0.399
15.45,73.12,0.401
15.45,73.14,0.404
15.45,73.15,0.406
15.45,73.17,0.409
15.45,73.19,0.412
15.46,73.20,0.415
15.46,73.22,0.418
15.46,73.23,0.421
15.46,73.25,0.424
15.46,73.27,0.427
15.47,73.28,0.431
15.47,73.30,0.434
15.47,73.31,0.437
15.47,73.33,0.441
15.47,73.34,0.444
15.47,73.36,0.448
15.48,73.37,0.451
15.48,73.39,0.456
15.48,73.41,0.460
15.48,73.42,0.464
15.48,73.44,0.469
15.48,73.45,0.473
15.48,73.47,0.478
15.49,73.48,0.483
15.49,73.50,0.488
15.49,73.51,0.493
15.49,73.53,0.498
15.49,73.54,0.503
15.50,73.56,0.507
15.50,73.57,0.513
15.50,73.59,0.519
15.50,73.60,0.524
15.50,73.62,0.530
15.50,73.63,0.536
15.50,73.65,0.542
15.51,73.66,0.548
15.51,73.68,0.555
15.51,73.69,0.561
15.51,73.71,0.568
15.51,73.72,0.574
15.52,73.74,0.582
15.52,73.75,0.589
15.52,73.77,0.596
15.52,73.78,0.604
15.52,73.79,0.611
15.52,73.81,0.619
15.53,73.82,0.627
15.53,73.84,0.635
15.53,73.85,0.643
15.53,73.86,0.651
15.53,73.88,0.660
15.53,73.89,0.668
15.53,73.91,0.677
15.54,73.92,0.685
15.54,73.93,0.694
15.54,73.95,0.703
15.54,73.96,0.712
15.54,73.97,0.721
15.55,73.99,0.731
15.55,74.00,0.741
15.55,74.01,0.751
15.55,74.03,0.761
15.55,74.04,0.772
15.55,74.05,0.782
15.55,74.07,0.793
15.56,74.08,0.803
15.56,74.09,0.814
15.56,74.10,0.825
15.56,74.12,0.835
15.56,74.13,0.846
15.57,74.14,0.856
15.57,74.16,0.867
15.57,74.17,0.878
15.57,74.18,0.889
15.57,74.19,0.900
15.57,74.20,0.910
15.58,74.22,0.920
15.58,74.23,0.929
15.58,74.24,0.938
15.58,74.26,0.948
15.58,74.27,0.957
15.58,74.28,0.968
15.58,74.29,0.978
15.59,74.30,0.989
15.59,74.32,1.001
15.59,74.33,1.013
15.59,74.34,1.026
15.59,74.35,1.039
15.60,74.36,1.053
15.60,74.37,1.065
15.60,74.39,1.078
15.60,74.40,1.089
15.60,74.41,1.100
15.60,74.42,1.110
15.60,74.43,1.120
15.61,74.44,1.130
15.61,74.46,1.139
15.61,74.47,1.150
15.61,74.48,1.160
15.61,74.49,1.170
15.62,74.50,1.181
15.62,74.51,1.192
15.62,74.52,1.202
15.62,74.54,1.211
15.62,74.55,1.219
15.62,74.56,1.227
15.63,74.57,1.235
15.63,74.58,1.243
15.63,74.59,1.251
15.63,74.60,1.258
15.63,74.62,1.265
15.63,74.63,1.273
15.63,74.64,1.280
15.64,74.65,1.288
15.64,74.66,1.294
15.64,74.68,1.302
15.64,74.69,1.309
15.64,74.70,1.316
15.65,74.71,1.324
15.65,74.72,1.332
15.65,74.74,1.340
15.65,74.75,1.348
15.65,74.76,1.356
15.65,74.77,1.364
15.65,74.78,1.373
15.66,74.79,1.381
15.66,74.81,1.389
15.66,74.82,1.397
15.66,74.83,1.405
15.66,74.84,1.414
15.67,74.85,1.423
15.67,74.87,1.433
15.67,74.88,1.443
15.67,74.89,1.453
15.67,74.90,1.463
15.67,74.91,1.474
15.68,74.93,1.485
15.68,74.94,1.496
15.68,74.95,1.507
15.68,74.96,1.519
15.68,74.97,1.530
15.68,74.98,1.542
15.68,74.99,1.554
15.69,75.01,1.566
15.69,75.02,1.577
15.69,75.03,1.589
15.69,75.04,1.600
15.69,75.05,1.612
15.70,75.06,1.624
15.70,75.07,1.635
15.70,75.09,1.646
15.70,75.10,1.656
15.70,75.11,1.666
15.70,75.12,1.676
15.70,75.13,1.685
15.71,75.14,1.693
15.71,75.15,1.703
15.71,75.17,1.712
15.71,75.18,1.722
15.71,75.19,1.732
15.72,75.20,1.743
15.72,75.21,1.754
15.72,75.22,1.766
15.72,75.23,1.778
15.72,75.24,1.789
15.72,75.25,1.801
15.73,75.27,1.812
15.73,75.28,1.823
15.73,75.29,1.835
15.73,75.30,1.846
15.73,75.31,1.856
15.73,75.32,1.867
15.73,75.33,1.877
15.74,75.34,1.887
15.74,75.35,1.897
15.74,75.37,1.906
15.74,75.38,1.915
15.74,75.39,1.924
15.75,75.40,1.933
15.75,75.41,1.943
15.75,75.42,1.952
15.75,75.43,1.961
15.75,75.44,1.971
15.75,75.46,1.980
15.75,75.47,1.989
15.76,75.48,1.999
15.76,75.49,2.009
15.76,75.50,2.018
15.76,75.51,2.028
15.76,75.52,2.037
15.77,75.53,2.048
15.77,75.54,2.060
15.77,75.56,2.071
15.77,75.57,2.083
15.77,75.58,2.096
15.77,75.59,2.108
15.78,75.60,2.121
15.78,75.61,2.134
15.78,75.62,2.147
15.78,75.63,2.160
15.78,75.64,2.172
15.78,75.65,2.185
15.78,75.67,2.198
15.79,75.68,2.211
15.79,75.69,2.224
15.79,75.70,2.236
15.79,75.71,2.249
15.79,75.72,2.260
15.80,75.73,2.272
15.80,75.74,2.283
15.80,75.75,2.294
15.80,75.76,2.304
15.80,75.77,2.314
15.80,75.78,2.325
15.80,75.79,2.335
15.81,75.80,2.345
15.81,75.81,2.356
15.81,75.82,2.367
15.81,75.83,2.379
15.81,75.85,2.391
15.82,75.86,2.402
15.82,75.87,2.414
15.82,75.88,2.427
15.82,75.89,2.439
15.82,75.90,2.450
15.82,75.91,2.461
15.83,75.92,2.472
15.83,75.93,2.483
15.83,75.94,2.494
15.83,75.95,2.505
15.83,75.96,2.516
15.83,75.97,2.527
15.83,75.98,2.540
15.84,75.99,2.553
15.84,76.00,2.566
15.84,76.01,2.579
15.84,76.03,2.592
15.84,76.04,2.605
15.85,76.05,2.618
15.85,76.06,2.630
15.85,76.07,2.642
15.85,76.08,2.654
15.85,76.09,2.665
15.85,76.10,2.678
15.85,76.11,2.691
15.86,76.12,2.704
15.86,76.13,2.720
15.86,76.14,2.736
15.86,76.15,2.755
15.86,76.16,2.776
15.87,76.17,2.799
15.87,76.18,2.823
15.87,76.19,2.847
15.87,76.20,2.872
15.87,76.20,2.897
15.87,76.21,2.921
15.88,76.22,2.944
15.88,76.23,2.966
15.88,76.24,2.987
15.88,76.25,3.008
15.88,76.25,3.028
15.88,76.26,3.048
15.88,76.27,3.067
15.89,76.28,3.086
15.89,76.29,3.103
15.89,76.29,3.120
15.89,76.30,3.134
15.89,76.31,3.147
15.90,76.32,3.158
15.90,76.33,3.168
15.90,76.33,3.176
15.90,76.34,3.182
15.90,76.35,3.189
15.90,76.36,3.195
15.90,76.37,3.201
15.91,76.38,3.208
15.91,76.39,3.216
15.91,76.40,3.227
15.91,76.41,3.239
15.91,76.42,3.253
15.92,76.42,3.269
15.92,76.44,3.285
15.92,76.44,3.302
15.92,76.45,3.319
15.92,76.46,3.334
15.92,76.47,3.348
15.93,76.48,3.361
15.93,76.49,3.372
15.93,76.50,3.382
15.93,76.51,3.392
15.93,76.52,3.401
15.93,76.53,3.410
15.93,76.54,3.420
15.94,76.55,3.431
15.94,76.55,3.442
15.94,76.56,3.454
15.94,76.57,3.466
15.94,76.58,3.477
15.95,76.59,3.489
15.95,76.60,3.499
15.95,76.61,3.510
15.95,76.62,3.521
15.95,76.63,3.531
15.95,76.64,3.541
15.95,76.65,3.550
15.96,76.66,3.559
15.96,76.67,3.568
15.96,76.68,3.577
15.96,76.69,3.586
15.96,76.70,3.597
15.97,76.71,3.608
15.97,76.72,3.619
15.97,76.73,3.630
15.97,76.74,3.642
15.97,76.75,3.653
15.97,76.76,3.665
15.98,76.77,3.676
15.98,76.78,3.686
15.98,76.79,3.696
15.98,76.80,3.706
15.98,76.81,3.716
15.98,76.82,3.725
15.98,76.83,3.735
15.99,76.84,3.745
15.99,76.85,3.755
15.99,76.87,3.765
15.99,76.88,3.774
15.99,76.89,3.782
16.00,76.90,3.788
16.00,76.91,3.793
16.00,76.92,3.795
16.00,76.93,3.796
16.00,76.94,3.795
16.00,76.95,3.793
16.00,76.96,3.791
16.01,76.98,3.790
16.01,76.99,3.791
16.01,77.00,3.794
16.01,77.01,3.798
16.01,77.03,3.804
16.02,77.04,3.812
16.02,77.05,3.821
16.02,77.06,3.831
16.02,77.07,3.842
16.02,77.08,3.853
16.02,77.10,3.865
16.03,77.11,3.875
16.03,77.12,3.885
16.03,77.13,3.894
16.03,77.14,3.901
16.03,77.16,3.907
16.03,77.17,3.911
16.03,77.18,3.913
16.04,77.19,3.915
16.04,77.21,3.917
16.04,77.22,3.917
16.04,77.23,3.916
16.04,77.24,3.913
16.05,77.26,3.909
16.05,77.27,3.903
16.05,77.28,3.896
16.05,77.30,3.889
16.05,77.31,3.881
16.05,77.32,3.873
16.05,77.34,3.867
16.06,77.35,3.864
16.06,77.37,3.863
16.06,77.38,3.867
16.06,77.40,3.873
16.06,77.41,3.881
16.07,77.43,3.892
16.07,77.44,3.903
16.07,77.45,3.914
16.07,77.47,3.924
16.07,77.48,3.931
16.07,77.50,3.934
16.08,77.51,3.934
16.08,77.52,3.930
16.08,77.54,3.924
16.08,77.55,3.917
16.08,77.57,3.908
16.08,77.58,3.901
16.08,77.60,3.896
16.09,77.61,3.894
16.09,77.63,3.896
16.09,77.64,3.899
16.09,77.66,3.906
16.09,77.67,3.914
16.10,77.69,3.922
16.10,77.70,3.930
16.10,77.72,3.936
16.10,77.73,3.940
16.10,77.75,3.944
16.10,77.76,3.946
16.10,77.78,3.948
16.11,77.79,3.949
16.11,77.81,3.950
16.11,77.82,3.951
16.11,77.84,3.952
16.11,77.85,3.953
16.12,77.87,3.954
16.12,77.88,3.954
16.12,77.90,3.954
16.12,77.91,3.954
16.12,77.93,3.953
16.12,77.94,3.952
16.13,77.96,3.949
16.13,77.97,3.945
16.13,77.99,3.940
16.13,78.01,3.934
16.13,78.02,3.928
16.13,78.04,3.920
16.13,78.05,3.913
16.14,78.07,3.905
16.14,78.09,3.897
16.14,78.10,3.891
16.14,78.12,3.884
16.14,78.14,3.878
16.15,78.16,3.871
16.15,78.17,3.863
16.15,78.19,3.856
16.15,78.21,3.849
16.15,78.22,3.841
16.15,78.24,3.833
16.15,78.26,3.824
16.16,78.28,3.815
16.16,78.29,3.807
16.16,78.31,3.797
16.16,78.33,3.786
16.16,78.35,3.774
16.17,78.37,3.761
16.17,78.39,3.747
16.17,78.41,3.733
16.17,78.42,3.719
16.17,78.44,3.704
16.17,78.46,3.690
16.18,78.48,3.676
16.18,78.50,3.662
16.18,78.52,3.647
16.18,78.54,3.631
16.18,78.56,3.613
16.18,78.58,3.594
16.18,78.60,3.574
16.19,78.62,3.552
16.19,78.65,3.529
16.19,78.67,3.507
16.19,78.69,3.484
16.19,78.71,3.463
16.20,78.73,3.444
16.20,78.76,3.426
16.20,78.78,3.410
16.20,78.80,3.394
16.20,78.82,3.379
16.20,78.84,3.363
16.20,78.87,3.347
16.21,78.89,3.331
16.21,78.91,3.313
16.21,78.94,3.294
16.21,78.96,3.273
16.21,78.98,3.251
16.22,79.01,3.227
16.22,79.03,3.202
16.22,79.05,3.176
16.22,79.08,3.149
16.22,79.10,3.122
16.22,79.12,3.093
16.23,79.15,3.064
16.23,79.18,3.034
16.23,79.20,3.004
16.23,79.23,2.974
16.23,79.25,2.943
16.23,79.28,2.911
16.23,79.31,2.880
16.24,79.33,2.848
16.24,79.36,2.816
16.24,79.39,2.785
16.24,79.41,2.753
16.24,79.44,2.722
16.25,79.47,2.691
16.25,79.50,2.661
16.25,79.53,2.631
16.25,79.55,2.602
16.25,79.58,2.574
16.25,79.61,2.546
16.25,79.64,2.518
16.26,79.67,2.492
16.26,79.70,2.466
16.26,79.72,2.440
16.26,79.75,2.415
16.26,79.78,2.390
16.27,79.81,2.366
16.27,79.84,2.343
16.27,79.87,2.320
16.27,79.90,2.297
16.27,79.92,2.275
16.27,79.95,2.254
16.28,79.98,2.232
16.28,80.01,2.211
16.28,80.04,2.191
16.28,80.07,2.171
16.28,80.10,2.151
16.28,80.13,2.131
16.28,80.15,2.111
16.29,80.18,2.091
16.29,80.21,2.072
16.29,80.24,2.052
16.29,80.27,2.033
16.29,80.30,2.015
16.30,80.33,1.996
16.30,80.35,1.978
16.30,80.38,1.960
16.30,80.41,1.942
16.30,80.44,1.924
16.30,80.47,1.906
16.30,80.49,1.888
16.31,80.52,1.870
16.31,80.55,1.852
16.31,80.58,1.834
16.31,80.61,1.816
16.31,80.63,1.799
16.32,80.66,1.781
16.32,80.69,1.763
16.32,80.72,1.745
16.32,80.74,1.727
16.32,80.77,1.710
16.32,80.80,1.692
16.33,80.83,1.675
16.33,80.86,1.657
16.33,80.88,1.639
16.33,80.91,1.621
16.33,80.94,1.604
16.33,80.97,1.586
16.33,80.99,1.568
16.34,81.02,1.549
16.34,81.05,1.531
16.34,81.08,1.512
16.34,81.10,1.494
16.34,81.13,1.475
16.35,81.16,1.456
16.35,81.19,1.437
16.35,81.21,1.418
16.35,81.24,1.399
16.35,81.27,1.380
16.35,81.29,1.360
16.35,81.32,1.341
16.36,81.35,1.323
16.36,81.38,1.304
16.36,81.40,1.286
16.36,81.43,1.268
16.36,81.46,1.250
16.37,81.49,1.233
16.37,81.51,1.216
16.37,81.54,1.199
16.37,81.57,1.183
16.37,81.59,1.168
16.37,81.62,1.153
16.38,81.65,1.138
16.38,81.68,1.124
16.38,81.70,1.111
16.38,81.73,1.097
16.38,81.76,1.085
16.38,81.78,1.073
16.38,81.81,1.062
16.39,81.83,1.050
16.39,81.86,1.039
16.39,81.89,1.028
16.39,81.91,1.017
16.39,81.94,1.006
16.40,81.96,0.996
16.40,81.99,0.985
16.40,82.01,0.975
16.40,82.04,0.965
16.40,82.06,0.956
16.40,82.09,0.947
16.40,82.12,0.938
16.41,82.14,0.929
16.41,82.17,0.920
16.41,82.19,0.911
16.41,82.21,0.903
16.41,82.24,0.895
16.42,82.26,0.887
16.42,82.29,0.880
16.42,82.31,0.872
16.42,82.34,0.865
16.42,82.36,0.857
16.42,82.38,0.850
16.43,82.41,0.842
16.43,82.43,0.835
16.43,82.46,0.828
16.43,82.48,0.821
16.43,82.50,0.814
16.43,82.53,0.807
16.43,82.55,0.801
16.44,82.57,0.794
16.44,82.60,0.788
16.44,82.62,0.782
16.44,82.64,0.776
16.44,82.66,0.771
16.45,82.69,0.765
16.45,82.71,0.759
16.45,82.73,0.754
16.45,82.76,0.748
16.45,82.78,0.742
16.45,82.80,0.736
16.45,82.82,0.730
16.46,82.84,0.725
16.46,82.87,0.720
16.46,82.89,0.715
16.46,82.91,0.710
16.46,82.93,0.705
16.47,82.95,0.700
16.47,82.98,0.695
16.47,83.00,0.691
16.47,83.02,0.686
16.47,83.04,0.681
16.47,83.06,0.677
16.48,83.08,0.672
16.48,83.10,0.667
16.48,83.13,0.663
16.48,83.15,0.659
16.48,83.17,0.654
16.48,83.19,0.650
16.48,83.21,0.646
16.49,83.23,0.642
16.49,83.25,0.637
16.49,83.27,0.633
16.49,83.29,0.629
16.49,83.31,0.625
16.50,83.33,0.622
16.50,83.36,0.618
16.50,83.37,0.615
16.50,83.40,0.613
16.50,83.42,0.610
16.50,83.44,0.607
16.50,83.46,0.603
16.51,83.48,0.600
16.51,83.50,0.596
16.51,83.52,0.592
16.51,83.54,0.588
16.51,83.56,0.584
16.52,83.58,0.580
16.52,83.60,0.576
16.52,83.62,0.571
16.52,83.64,0.568
16.52,83.66,0.565
16.52,83.68,0.562
16.53,83.70,0.559
16.53,83.72,0.557
16.53,83.74,0.555
16.53,83.75,0.553
16.53,83.77,0.552
16.53,83.79,0.550
16.53,83.81,0.548
16.54,83.83,0.545
16.54,83.85,0.543
16.54,83.87,0.541
16.54,83.89,0.538
16.54,83.91,0.535
16.55,83.93,0.532
16.55,83.95,0.530
16.55,83.97,0.527
16.55,83.99,0.525
16.55,84.01,0.522
16.55,84.03,0.519
16.55,84.04,0.517
16.56,84.06,0.514
16.56,84.08,0.512
16.56,84.10,0.509
16.56,84.12,0.507
16.56,84.14,0.505
16.57,84.16,0.502
16.57,84.18,0.500
16.57,84.20,0.498
16.57,84.21,0.496
16.57,84.23,0.495
16.57,84.25,0.493
16.58,84.27,0.492
16.58,84.29,0.490
16.58,84.31,0.489
16.58,84.33,0.487
16.58,84.34,0.485
16.58,84.36,0.483
16.58,84.38,0.482
16.59,84.40,0.480
16.59,84.42,0.478
16.59,84.44,0.476
16.59,84.46,0.474
16.59,84.47,0.473
16.60,84.49,0.471
16.60,84.51,0.470
16.60,84.53,0.469
16.60,84.55,0.467
16.60,84.57,0.466
16.60,84.59,0.464
16.60,84.60,0.463
16.61,84.62,0.461
16.61,84.64,0.459
16.61,84.66,0.457
16.61,84.68,0.456
16.61,84.69,0.454
16.62,84.71,0.453
16.62,84.73,0.452
16.62,84.75,0.451
16.62,84.77,0.449
16.62,84.78,0.448
16.62,84.80,0.447
16.63,84.82,0.446
16.63,84.84,0.445
16.63,84.85,0.444
16.63,84.87,0.443
16.63,84.89,0.441
16.63,84.91,0.440
16.63,84.93,0.439
16.64,84.94,0.438
16.64,84.96,0.437
16.64,84.98,0.436
16.64,85.00,0.435
16.64,85.02,0.434
16.65,85.03,0.432
16.65,85.05,0.431
16.65,85.07,0.430
16.65,85.09,0.429
16.65,85.10,0.428
16.65,85.12,0.427
16.65,85.14,0.426
16.66,85.16,0.425
16.66,85.18,0.425
16.66,85.19,0.424
16.66,85.21,0.423
16.66,85.23,0.422
16.67,85.25,0.421
16.67,85.26,0.420
16.67,85.28,0.419
16.67,85.30,0.418
16.67,85.32,0.418
16.67,85.33,0.417
16.68,85.35,0.416
16.68,85.37,0.415
16.68,85.39,0.414
16.68,85.40,0.413
16.68,85.42,0.413
16.68,85.44,0.412
16.68,85.46,0.412
16.69,85.47,0.411
16.69,85.49,0.410
16.69,85.51,0.410
16.69,85.52,0.409
16.69,85.54,0.408
16.70,85.56,0.408
16.70,85.58,0.407
16.70,85.59,0.406
16.70,85.61,0.406
16.70,85.63,0.405
16.70,85.65,0.404
16.70,85.66,0.404
16.71,85.68,0.403
16.71,85.70,0.403
16.71,85.72,0.403
16.71,85.73,0.402
16.71,85.75,0.401
16.72,85.77,0.401
16.72,85.79,0.400
16.72,85.80,0.399
16.72,85.82,0.399
16.72,85.84,0.398
16.72,85.85,0.397
16.73,85.87,0.397
16.73,85.89,0.396
16.73,85.91,0.396
16.73,85.92,0.395
16.73,85.94,0.395
16.73,85.96,0.394
16.73,85.97,0.394
16.74,85.99,0.394
16.74,86.01,0.393
16.74,86.03,0.393
16.74,86.04,0.393
16.74,86.06,0.392
16.75,86.08,0.392
16.75,86.09,0.392
16.75,86.11,0.391
16.75,86.13,0.390
16.75,86.15,0.389
16.75,86.16,0.389
16.75,86.18,0.388
16.76,86.20,0.388
16.76,86.21,0.388
16.76,86.23,0.388
16.76,86.25,0.387
16.76,86.27,0.387
16.77,86.28,0.387
16.77,86.30,0.387
16.77,86.32,0.386
16.77,86.33,0.385
16.77,86.35,0.385
16.77,86.37,0.385
16.78,86.38,0.385
16.78,86.40,0.385
16.78,86.42,0.385
16.78,86.44,0.385
16.78,86.45,0.384
16.78,86.47,0.384
16.78,86.49,0.384
16.79,86.50,0.383
16.79,86.52,0.383
16.79,86.54,0.383
16.79,86.56,0.382
16.79,86.57,0.382
16.80,86.59,0.381
16.80,86.61,0.381
16.80,86.62,0.381
16.80,86.64,0.380
16.80,86.66,0.380
16.80,86.67,0.380
16.80,86.69,0.380
16.81,86.71,0.380
16.81,86.72,0.380
16.81,86.74,0.380
16.81,86.76,0.380
16.81,86.78,0.380
16.82,86.79,0.380
16.82,86.81,0.380
16.82,86.83,0.379
16.82,86.84,0.378
16.82,86.86,0.378
16.82,86.88,0.377
16.83,86.89,0.377
16.83,86.91,0.377
16.83,86.93,0.377
16.83,86.95,0.377
16.83,86.96,0.377
16.83,86.98,0.377
16.83,87.00,0.376
16.84,87.01,0.376
16.84,87.03,0.376
16.84,87.05,0.376
16.84,87.06,0.375
16.84,87.08,0.375
16.85,87.10,0.375
16.85,87.11,0.375
16.85,87.13,0.375
16.85,87.15,0.374
16.85,87.17,0.374
16.85,87.18,0.374
16.85,87.20,0.374
16.86,87.22,0.374
16.86,87.23,0.374
16.86,87.25,0.374
16.86,87.27,0.374
16.86,87.28,0.374
16.87,87.30,0.374
16.87,87.32,0.374
16.87,87.33,0.374
16.87,87.35,0.374
16.87,87.37,0.373
16.87,87.38,0.373
16.88,87.40,0.373
16.88,87.42,0.373
16.88,87.43,0.373
16.88,87.45,0.373
16.88,87.47,0.373
16.88,87.49,0.373
16.88,87.50,0.373
16.89,87.52,0.372
16.89,87.53,0.372
16.89,87.55,0.372
16.89,87.57,0.372
16.89,87.59,0.372
16.90,87.60,0.372
16.90,87.62,0.372
16.90,87.63,0.371
16.90,87.65,0.371
16.90,87.67,0.371
16.90,87.69,0.371
16.90,87.70,0.371
16.91,87.72,0.371
16.91,87.74,0.371
16.91,87.75,0.371
16.91,87.77,0.371
16.91,87.79,0.371
16.92,87.80,0.370
16.92,87.82,0.370
16.92,87.84,0.370
16.92,87.85,0.370
16.92,87.87,0.370
16.92,87.89,0.370
16.93,87.90,0.370
16.93,87.92,0.370
16.93,87.94,0.370
16.93,87.96,0.370
16.93,87.97,0.370
16.93,87.99,0.370
16.93,88.00,
16.94,88.02,
16.94,88.04,
16.94,88.05,
16.94,88.07,
16.94,88.09,
16.95,88.11,
16.95,88.12,
16.95,88.14,
16.95,88.16,
16.95,88.17,
16.95,88.19,
16.95,88.21,
16.96,88.22,
16.96,88.24,
16.96,88.26,
16.96,88.27,
16.96,88.29,
16.97,88.31,
16.97,88.32,
16.97,88.34,
16.97,88.36,
16.97,88.37,
16.97,88.39,
16.98,88.41,
16.98,88.42,
16.98,88.44,
16.98,88.46,
16.98,88.47,
16.98,88.49,
16.98,,
16.99,,
16.99,,
16.99,,
16.99,,

[step]
Ramp 10.00 °C/min to -80.00 °C
Time,Temperature,Heat Flow (Normalized)
min,°C,W/g
17.99,90.13,-0.022
17.99,90.13,-0.022
18.00,90.13,-0.022
18.00,90.13,-0.022
18.00,90.13,-0.022
18.00,90.13,-0.022
18.00,90.13,-0.022
18.01,90.13,-0.022
18.01,90.13,-0.022
18.01,90.13,-0.022
18.01,90.13,-0.022
18.01,90.13,-0.022
18.01,90.13,-0.022
18.02,90.13,-0.022
18.02,90.13,-0.022
18.02,90.13,-0.022
18.02,90.13,-0.022
18.02,90.13,-0.022
18.02,90.13,-0.022
18.03,90.12,-0.022
18.03,90.12,-0.022
18.03,90.12,-0.022
18.03,90.12,-0.022
18.03,90.12,-0.022
18.03,90.12,-0.022
18.03,90.12,-0.022
18.04,90.12,-0.022
18.04,90.12,-0.022
18.04,90.12,-0.023
18.04,90.12,-0.023
18.04,90.12,-0.023
18.04,90.11,-0.024
18.05,90.11,-0.024
18.05,90.11,-0.025
18.05,90.11,-0.026
18.05,90.11,-0.027
18.05,90.11,-0.029
18.06,90.10,-0.030
18.06,90.10,-0.031
18.06,90.10,-0.033
18.06,90.10,-0.034
18.06,90.09,-0.036
18.06,90.09,-0.037
18.07,90.09,-0.039
18.07,90.08,-0.040
18.07,90.08,-0.042
18.07,90.08,-0.044
18.07,90.07,-0.045
18.07,90.07,-0.047
18.08,90.06,-0.048
18.08,90.06,-0.050
18.08,90.06,-0.052
18.08,90.05,-0.054
18.08,90.05,-0.056
18.08,90.04,-0.058
18.08,90.04,-0.060
18.09,90.03,-0.062
18.09,90.02,-0.065
18.09,90.02,-0.067
18.09,90.01,-0.070
18.09,90.01,-0.072
18.09,90.00,-0.074
18.10,89.99,-0.077
18.10,89.99,-0.079
18.10,89.98,-0.082
18.10,89.98,-0.084
18.10,89.97,-0.087
18.11,89.96,-0.090
18.11,89.95,-0.093
18.11,89.95,-0.096
18.11,89.94,-0.099
18.11,89.93,-0.102
18.11,89.92,-0.105
18.12,89.91,-0.108
18.12,89.91,-0.111
18.12,89.90,-0.114
18.12,89.89,-0.117
18.12,89.88,-0.120
18.12,89.87,-0.123
18.13,89.86,-0.126
18.13,89.85,-0.129
18.13,89.84,-0.132
18.13,89.84,-0.136
18.13,89.82,-0.138
18.13,89.82,-0.141
18.13,89.81,-0.145
18.14,89.80,-0.148
18.14,89.79,-0.151
18.14,89.78,-0.154
18.14,89.77,-0.157
18.14,89.76,-0.160
18.14,89.75,-0.163
18.15,89.74,-0.166
18.15,89.73,-0.169
18.15,89.71,-0.172
18.15,89.70,-0.174
18.15,89.69,-0.177
18.16,89.68,-0.180
18.16,89.67,-0.182
18.16,89.66,-0.186
18.16,89.65,-0.188
18.16,89.64,-0.191
18.16,89.63,-0.194
18.17,89.62,-0.197
18.17,89.61,-0.199
18.17,89.59,-0.202
18.17,89.58,-0.204
18.17,89.57,-0.206
18.17,89.56,-0.209
18.18,89.55,-0.211
18.18,89.54,-0.213
18.18,89.52,-0.216
18.18,89.51,-0.218
18.18,89.50,-0.221
18.18,89.49,-0.224
18.18,89.48,-0.226
18.19,89.47,-0.228
18.19,89.45,-0.231
18.19,89.44,-0.233
18.19,89.43,-0.235
18.19,89.41,-0.237
18.19,89.40,-0.239
18.20,89.39,-0.241
18.20,89.38,-0.243
18.20,89.37,-0.245
18.20,89.35,-0.247
18.20,89.34,-0.249
18.21,89.33,-0.251
18.21,89.32,-0.253
18.21,89.30,-0.254
18.21,89.29,-0.256
18.21,89.28,-0.259
18.21,89.26,-0.261
18.22,89.25,-0.263
18.22,89.24,-0.264
18.22,89.23,-0.266
18.22,89.21,-0.268
18.22,89.20,-0.269
18.22,89.19,-0.271
18.23,89.17,-0.273
18.23,89.16,-0.274
18.23,89.15,-0.275
18.23,89.13,-0.277
18.23,89.12,-0.279
18.23,89.11,-0.280
18.23,89.09,-0.282
18.24,89.08,-0.283
18.24,89.06,-0.285
18.24,89.05,-0.286
18.24,89.04,-0.288
18.24,89.03,-0.290
18.24,89.01,-0.291
18.25,89.00,-0.293
18.25,88.98,-0.294
18.25,88.97,-0.296
18.25,88.96,-0.298
18.25,88.94,-0.299
18.26,88.93,-0.301
18.26,88.91,-0.301
18.26,88.90,-0.302
18.26,88.89,-0.304
18.26,88.87,-0.305
18.26,88.86,-0.306
18.27,88.84,-0.307
18.27,88.83,-0.308
18.27,88.82,-0.310
18.27,88.80,-0.311
18.27,88.79,-0.312
18.27,88.77,-0.313
18.28,88.76,-0.314
18.28,88.74,-0.315
18.28,88.73,-0.316
18.28,88.72,-0.317
18.28,88.70,-0.319
18.28,88.69,-0.320
18.28,88.67,-0.322
18.29,88.66,-0.323
18.29,88.64,-0.325
18.29,88.63,-0.326
18.29,88.61,-0.327
18.29,88.60,-0.327
18.29,88.59,-0.328
18.30,88.57,-0.329
18.30,88.56,-0.329
18.30,88.54,-0.330
18.30,88.53,-0.331
18.30,88.51,-0.332
18.31,88.50,-0.333
18.31,88.48,-0.335
18.31,88.47,-0.336
18.31,88.45,-0.337
18.31,88.44,-0.337
18.31,88.42,-0.338
18.32,88.41,-0.339
18.32,88.39,-0.340
18.32,88.38,-0.341
18.32,88.36,-0.341
18.32,88.35,-0.342
18.32,88.33,-0.343
18.33,88.32,-0.344
18.33,88.30,-0.344
18.33,88.29,-0.346
18.33,88.27,-0.346
18.33,88.26,-0.347
18.33,88.24,-0.348
18.33,88.23,-0.349
18.34,88.21,-0.349
18.34,88.20,-0.350
18.34,88.18,-0.351
18.34,88.17,-0.351
18.34,88.15,-0.352
18.34,88.14,-0.352
18.35,88.12,-0.353
18.35,88.11,-0.354
18.35,88.09,-0.355
18.35,88.08,-0.356
18.35,88.06,-0.356
18.36,88.04,-0.357
18.36,88.03,-0.357
18.36,88.01,-0.358
18.36,88.00,-0.359
18.36,87.98,-0.359
18.36,87.97,-0.359
18.37,87.95,-0.360
18.37,87.94,-0.360
18.37,87.92,-0.360
18.37,87.91,-0.361
18.37,87.89,-0.362
18.37,87.87,-0.362
18.38,87.86,-0.363
18.38,87.84,-0.364
18.38,87.83,-0.365
18.38,87.81,-0.366
18.38,87.80,-0.366
18.38,87.78,-0.367
18.38,87.77,-0.367
18.39,87.75,-0.367
18.39,87.74,-0.367
18.39,87.72,-0.368
18.39,87.70,-0.368
18.39,87.69,-0.368
18.39,87.67,-0.369
18.40,87.66,-0.369
18.40,87.64,-0.370
18.40,87.63,-0.370
18.40,87.61,-0.371
18.40,87.59,-0.372
18.41,87.58,-0.372
18.41,87.56,-0.372
18.41,87.55,-0.373
18.41,87.53,-0.373
18.41,87.51,-0.374
18.41,87.50,-0.374
18.42,87.48,-0.374
18.42,87.47,-0.375
18.42,87.45,-0.375
18.42,87.44,-0.376
18.42,87.42,-0.376
18.42,87.40,-0.376
18.43,87.39,-0.376
18.43,87.37,-0.377
18.43,87.36,-0.377
18.43,87.34,-0.378
18.43,87.33,-0.378
18.43,87.31,-0.378
18.43,87.29,-0.378
18.44,87.28,-0.379
18.44,87.26,-0.379
18.44,87.25,-0.379
18.44,87.23,-0.380
18.44,87.21,-0.381
18.44,87.20,-0.381
18.45,87.18,-0.381
18.45,87.17,-0.381
18.45,87.15,-0.382
18.45,87.13,-0.381
18.45,87.12,-0.381
18.46,87.10,-0.381
18.46,87.09,-0.381
18.46,87.07,-0.382
18.46,87.05,-0.382
18.46,87.04,-0.382
18.46,87.02,-0.382
18.47,87.01,-0.383
18.47,86.99,-0.383
18.47,86.97,-0.384
18.47,86.96,-0.384
18.47,86.94,-0.384
18.47,86.93,-0.385
18.48,86.91,-0.385
18.48,86.89,-0.385
18.48,86.88,-0.385
18.48,86.86,-0.385
18.48,86.85,-0.385
18.48,86.83,-0.386
18.48,86.81,-0.386
18.49,86.80,-0.386
18.49,86.78,-0.386
18.49,86.76,-0.387
18.49,86.75,-0.387
18.49,86.73,-0.387
18.49,86.72,-0.388
18.50,86.70,-0.388
18.50,86.68,-0.388
18.50,86.67,-0.388
18.50,86.65,-0.388
18.50,86.64,-0.389
18.51,86.62,-0.389
18.51,86.60,-0.389
18.51,86.59,-0.389
18.51,86.57,-0.389
18.51,86.55,-0.389
18.51,86.54,-0.389
18.52,86.52,-0.389
18.52,86.51,-0.390
18.52,86.49,-0.390
18.52,86.47,-0.390
18.52,86.46,-0.390
18.52,86.44,-0.390
18.53,86.43,-0.390
18.53,86.41,-0.390
18.53,86.39,-0.390
18.53,86.38,-0.391
18.53,86.36,-0.391
18.53,86.34,-0.391
18.53,86.33,-0.391
18.54,86.31,-0.392
18.54,86.30,-0.392
18.54,86.28,-0.392
18.54,86.26,-0.392
18.54,86.25,-0.392
18.54,86.23,-0.392
18.55,86.22,-0.392
18.55,86.20,-0.392
18.55,86.18,-0.392
18.55,86.17,-0.392
18.55,86.15,-0.392
18.56,86.13,-0.392
18.56,86.12,-0.393
18.56,86.10,-0.393
18.56,86.08,-0.393
18.56,86.07,-0.393
18.56,86.05,-0.393
18.57,86.04,-0.393
18.57,86.02,-0.393
18.57,86.00,-0.393
18.57,85.99,-0.393
18.57,85.97,-0.393
18.57,85.95,-0.393
18.58,85.94,-0.394
18.58,85.92,-0.394
18.58,85.91,-0.394
18.58,85.89,-0.394
18.58,85.87,-0.394
18.58,85.86,-0.394
18.58,85.84,-0.394
18.59,85.82,-0.395
18.59,85.81,-0.395
18.59,85.79,-0.395
18.59,85.77,-0.395
18.59,85.76,-0.395
18.59,85.74,-0.395
18.60,85.73,-0.395
18.60,85.71,-0.395
18.60,85.69,-0.395
18.60,85.68,-0.395
18.60,85.66,-0.395
18.61,85.64,-0.395
18.61,85.63,-0.395
18.61,85.61,-0.395
18.61,85.59,-0.395
18.61,85.58,-0.395
18.61,85.56,-0.395
18.62,85.55,-0.396
18.62,85.53,-0.396
18.62,85.51,-0.396
18.62,85.50,-0.396
18.62,85.48,-0.396
18.62,85.46,-0.396
18.63,85.45,-0.396
18.63,85.43,-0.396
18.63,85.42,-0.396
18.63,85.40,-0.397
18.63,85.38,-0.397
18.63,85.37,-0.397
18.63,85.35,-0.397
18.64,85.33,-0.397
18.64,85.32,-0.397
18.64,85.30,-0.397
18.64,85.28,-0.397
18.64,85.27,-0.397
18.64,85.25,-0.397
18.65,85.23,-0.397
18.65,85.22,-0.397
18.65,85.20,-0.397
18.65,85.18,-0.397
18.65,85.17,-0.397
18.66,85.15,-0.397
18.66,85.14,-0.397
18.66,85.12,-0.397
18.66,85.10,-0.397
18.66,85.09,-0.397
18.66,85.07,-0.397
18.67,85.05,-0.397
18.67,85.04,-0.397
18.67,85.02,-0.397
18.67,85.00,-0.397
18.67,84.99,-0.398
18.67,84.97,-0.398
18.68,84.96,-0.398
18.68,84.94,-0.398
18.68,84.92,-0.398
18.68,84.91,-0.398
18.68,84.89,-0.398
18.68,84.87,-0.398
18.68,84.86,-0.398
18.69,84.84,-0.398
18.69,84.82,-0.398
18.69,84.81,-0.398
18.69,84.79,-0.398
18.69,84.78,-0.398
18.69,84.76,-0.398
18.70,84.74,-0.398
18.70,84.73,-0.398
18.70,84.71,-0.398
18.70,84.69,-0.398
18.70,84.68,-0.398
18.71,84.66,-0.398
18.71,84.64,-0.398
18.71,84.63,-0.398
18.71,84.61,-0.399
18.71,84.59,-0.399
18.71,84.58,-0.399
18.72,84.56,-0.399
18.72,84.54,-0.399
18.72,84.53,-0.399
18.72,84.51,-0.399
18.72,84.49,-0.399
18.72,84.48,-0.399
18.73,84.46,-0.399
18.73,84.44,-0.399
18.73,84.43,-0.399
18.73,84.41,-0.399
18.73,84.40,-0.399
18.73,84.38,-0.399
18.73,84.36,-0.399
18.74,84.35,-0.399
18.74,84.33,-0.399
18.74,84.31,-0.399
18.74,84.30,-0.399
18.74,84.28,-0.399
18.74,84.26,-0.399
18.75,84.25,-0.399
18.75,84.23,-0.399
18.75,84.21,-0.399
18.75,84.20,-0.399
18.75,84.18,-0.399
18.76,84.16,-0.399
18.76,84.15,-0.399
18.76,84.13,-0.399
18.76,84.11,-0.399
18.76,84.10,-0.399
18.76,84.08,-0.399
18.77,84.07,-0.399
18.77,84.05,-0.399
18.77,84.03,-0.399
18.77,84.02,-0.399
18.77,84.00,-0.399
18.77,83.98,-0.399
18.78,83.97,-0.399
18.78,83.95,-0.399
18.78,83.93,-0.400
18.78,83.92,-0.400
18.78,83.90,-0.400
18.78,83.88,-0.400
18.78,83.87,-0.400
18.79,83.85,-0.400
18.79,83.83,-0.400
18.79,83.82,-0.400
18.79,83.80,-0.400
18.79,83.79,-0.400
18.79,83.77,-0.400
18.80,83.75,-0.400
18.80,83.74,-0.400
18.80,83.72,-0.400
18.80,83.70,-0.400
18.80,83.69,-0.400
18.81,83.67,-0.400
18.81,83.65,-0.400
18.81,83.64,-0.400
18.81,83.62,-0.400
18.81,83.60,-0.400
18.81,83.59,-0.400
18.82,83.57,-0.400
18.82,83.55,-0.400
18.82,83.54,-0.400
18.82,83.52,-0.400
18.82,83.50,-0.400
18.82,83.49,-0.400
18.83,83.47,-0.400
18.83,83.45,-0.400
18.83,83.44,-0.400
18.83,83.42,-0.400
18.83,83.41,-0.400
18.83,83.39,-0.400
18.83,83.37,-0.400
18.84,83.36,-0.400
18.84,83.34,-0.400
18.84,83.32,-0.400
18.84,83.31,-0.400
18.84,83.29,-0.400
18.84,83.27,-0.400
18.85,83.26,-0.400
18.85,83.24,-0.400
18.85,83.22,-0.400
18.85,83.21,-0.400
18.85,83.19,-0.400
18.86,83.17,-0.400
18.86,83.16,-0.400
18.86,83.14,-0.400
18.86,83.12,-0.400
18.86,83.11,-0.400
18.86,83.09,-0.400
18.87,83.07,-0.400
18.87,83.06,-0.400
18.87,83.04,-0.400
18.87,83.03,-0.400
18.87,83.01,-0.400
18.87,82.99,-0.400
18.88,82.98,-0.400
18.88,82.96,-0.400
18.88,82.94,-0.401
18.88,82.93,-0.401
18.88,82.91,-0.401
18.88,82.89,-0.401
18.88,82.88,-0.401
18.89,82.86,-0.401
18.89,82.84,-0.401
18.89,82.83,-0.401
18.89,82.81,-0.401
18.89,82.79,-0.401
18.89,82.78,-0.401
18.90,82.76,-0.401
18.90,82.74,-0.401
18.90,82.73,-0.401
18.90,82.71,-0.401
18.90,82.69,-0.401
18.91,82.68,-0.401
18.91,82.66,-0.401
18.91,82.64,-0.401
18.91,82.63,-0.401
18.91,82.61,-0.401
18.91,82.59,-0.401
18.92,82.58,-0.401
18.92,82.56,-0.401
18.92,82.54,-0.401
18.92,82.53,-0.401
18.92,82.51,-0.401
18.92,82.49,-0.401
18.93,82.48,-0.401
18.93,82.46,-0.401
18.93,82.44,-0.401
18.93,82.43,-0.401
18.93,82.41,-0.401
18.93,82.39,-0.401
18.93,82.38,-0.401
18.94,82.36,-0.401
18.94,82.35,-0.401
18.94,82.33,-0.401
18.94,82.31,-0.401
18.94,82.30,-0.401
18.94,82.28,-0.401
18.95,82.26,-0.401
18.95,82.24,-0.401
18.95,82.23,-0.401
18.95,82.21,-0.401
18.95,82.20,-0.401
18.96,82.18,-0.401
18.96,82.16,-0.401
18.96,82.15,-0.401
18.96,82.13,-0.401
18.96,82.11,-0.401
18.96,82.10,-0.401
18.97,82.08,-0.401
18.97,82.06,-0.401
18.97,82.05,-0.401
18.97,82.03,-0.401
18.97,82.01,-0.401
18.97,82.00,-0.401
18.98,81.98,-0.401
18.98,81.96,-0.401
18.98,81.95,-0.401
18.98,81.93,-0.401
18.98,81.91,-0.401
18.98,81.90,-0.401
18.98,81.88,-0.401
18.99,81.86,-0.401
18.99,81.85,-0.401
18.99,81.83,-0.401
18.99,81.82,-0.401
18.99,81.80,-0.401
18.99,81.78,-0.401
19.00,81.77,-0.401
19.00,81.75,-0.401
19.00,81.73,-0.401
19.00,81.72,-0.401
19.00,81.70,-0.401
19.01,81.68,-0.401
19.01,81.67,-0.401
19.01,81.65,-0.401
19.01,81.63,-0.401
19.01,81.62,-0.401
19.01,81.60,-0.401
19.02,81.58,-0.401
19.02,81.57,-0.401
19.02,81.55,-0.401
19.02,81.53,-0.401
19.02,81.52,-0.401
19.02,81.50,-0.401
19.03,81.48,-0.401
19.03,81.47,-0.401
19.03,81.45,-0.401
19.03,81.43,-0.401
19.03,81.42,-0.401
19.03,81.40,-0.401
19.03,81.38,-0.401
19.04,81.37,-0.402
19.04,81.35,-0.402
19.04,81.33,-0.402
19.04,81.32,-0.402
19.04,81.30,-0.402
19.04,81.28,-0.402
19.05,81.27,-0.402
19.05,81.25,-0.402
19.05,81.23,-0.402
19.05,81.22,-0.402
19.05,81.20,-0.402
19.06,81.18,-0.402
19.06,81.17,-0.402
19.06,81.15,-0.402
19.06,81.13,-0.402
19.06,81.12,-0.402
19.06,81.10,-0.402
19.07,81.09,-0.402
19.07,81.07,-0.402
19.07,81.05,-0.402
19.07,81.04,-0.402
19.07,81.02,-0.402
19.07,81.00,-0.402
19.08,80.99,-0.402
19.08,80.97,-0.402
19.08,80.95,-0.402
19.08,80.94,-0.402
19.08,80.92,-0.402
19.08,80.90,-0.402
19.08,80.88,-0.402
19.09,80.87,-0.402
19.09,80.85,-0.402
19.09,80.84,-0.402
19.09,80.82,-0.402
19.09,80.80,-0.402
19.09,80.79,-0.402
19.10,80.77,-0.402
19.10,80.75,-0.402
19.10,80.74,-0.402
19.10,80.72,-0.402
19.10,80.70,-0.402
19.11,80.69,-0.402
19.11,80.67,-0.402
19.11,80.65,-0.402
19.11,80.64,-0.402
19.11,80.62,-0.402
19.11,80.60,-0.402
19.12,80.59,-0.402
19.12,80.57,-0.402
19.12,80.55,-0.402
19.12,80.54,-0.402
19.12,80.52,-0.402
19.12,80.50,-0.402
19.13,80.49,-0.402
19.13,80.47,-0.402
19.13,80.45,-0.402
19.13,80.44,-0.402
19.13,80.42,-0.402
19.13,80.40,-0.402
19.13,80.39,-0.402
19.14,80.37,-0.402
19.14,80.35,-0.402
19.14,80.34,-0.402
19.14,80.32,-0.402
19.14,80.30,-0.402
19.14,80.29,-0.402
19.15,80.27,-0.402
19.15,80.25,-0.402
19.15,80.24,-0.402
19.15,80.22,-0.402
19.15,80.20,-0.402
19.16,80.19,-0.402
19.16,80.17,-0.402
19.16,80.15,-0.402
19.16,80.14,-0.402
19.16,80.12,-0.402
19.16,80.10,-0.402
19.17,80.09,-0.402
19.17,80.07,-0.402
19.17,80.06,-0.402
19.17,80.04,-0.402
19.17,80.02,-0.402
19.17,80.00,-0.402
19.18,79.99,-0.402
19.18,79.97,-0.402
19.18,79.96,-0.402
19.18,79.94,-0.402
19.18,79.92,-0.402
19.18,79.91,-0.402
19.18,79.89,-0.402
19.19,79.87,-0.402
19.19,79.86,-0.402
19.19,79.84,-0.402
19.19,79.82,-0.402
19.19,79.81,-0.402
19.19,79.79,-0.402
19.20,79.77,-0.402
19.20,79.76,-0.402
19.20,79.74,-0.402
19.20,79.72,-0.402
19.20,79.71,-0.402
19.21,79.69,-0.402
19.21,79.67,-0.402
19.21,79.66,-0.402
19.21,79.64,-0.402
19.21,79.62,-0.402
19.21,79.61,-0.402
19.22,79.59,-0.402
19.22,79.57,-0.402
19.22,79.56,-0.402
19.22,79.54,-0.402
19.22,79.52,-0.402
19.22,79.51,-0.402
19.23,79.49,-0.402
19.23,79.47,-0.402
19.23,79.46,-0.402
19.23,79.44,-0.402
19.23,79.42,-0.402
19.23,79.41,-0.402
19.23,79.39,-0.402
19.24,79.37,-0.402
19.24,79.36,-0.402
19.24,79.34,-0.402
19.24,79.32,-0.402
19.24,79.31,-0.402
19.24,79.29,-0.402
19.25,79.27,-0.402
19.25,79.26,-0.402
19.25,79.24,-0.402
19.25,79.22,-0.402
19.25,79.21,-0.402
19.26,79.19,-0.402
19.26,79.17,-0.402
19.26,79.16,-0.402
19.26,79.14,-0.402
19.26,79.12,-0.402
19.26,79.11,-0.402
19.27,79.09,-0.402
19.27,79.07,-0.402
19.27,79.06,-0.402
19.27,79.04,-0.402
19.27,79.02,-0.402
19.27,79.01,-0.402
19.28,78.99,-0.402
19.28,78.97,-0.402
19.28,78.96,-0.402
19.28,78.94,-0.402
19.28,78.92,-0.402
19.28,78.91,-0.402
19.28,78.89,-0.402
19.29,78.88,-0.402
19.29,78.86,-0.401
19.29,78.84,-0.401
19.29,78.83,-0.401
19.29,78.81,-0.401
19.29,78.79,-0.401
19.30,78.78,-0.401
19.30,78.76,-0.401
19.30,78.74,-0.401
19.30,78.73,-0.401
19.30,78.71,-0.401
19.31,78.69,-0.401
19.31,78.68,-0.401
19.31,78.66,-0.401
19.31,78.64,-0.401
19.31,78.62,-0.401
19.31,78.61,-0.401
19.32,78.59,-0.401
19.32,78.58,-0.401
19.32,78.56,-0.401
19.32,78.54,-0.401
19.32,78.53,-0.401
19.32,78.51,-0.401
19.33,78.49,-0.401
19.33,78.48,-0.401
19.33,78.46,-0.401
19.33,78.44,-0.401
19.33,78.43,-0.401
19.33,78.41,-0.401
19.33,78.39,-0.401
19.34,78.38,-0.401
19.34,78.36,-0.401
19.34,78.34,-0.401
19.34,78.33,-0.401
19.34,78.31,-0.401
19.34,78.29,-0.401
19.35,78.28,-0.401
19.35,78.26,-0.401
19.35,78.24,-0.401
19.35,78.23,-0.401
19.35,78.21,-0.401
19.36,78.19,-0.401
19.36,78.18,-0.401
19.36,78.16,-0.401
19.36,78.14,-0.401
19.36,78.13,-0.401
19.36,78.11,-0.401
19.37,78.09,-0.401
19.37,78.08,-0.401
19.37,78.06,-0.401
19.37,78.04,-0.401
19.37,78.03,-0.401
19.37,78.01,-0.401
19.38,77.99,-0.401
19.38,77.98,-0.401
19.38,77.96,-0.401
19.38,77.94,-0.401
19.38,77.93,-0.401
19.38,77.91,-0.401
19.38,77.89,-0.401
19.39,77.88,-0.401
19.39,77.86,-0.401
19.39,77.84,-0.401
19.39,77.83,-0.401
19.39,77.81,-0.401
19.39,77.79,-0.401
19.40,77.78,-0.401
19.40,77.76,-0.401
19.40,77.74,-0.401
19.40,77.73,-0.401
19.40,77.71,-0.401
19.41,77.69,-0.401
19.41,77.68,-0.401
19.41,77.66,-0.401
19.41,77.64,-0.401
19.41,77.63,-0.401
19.41,77.61,-0.401
19.42,77.60,-0.401
19.42,77.58,-0.401
19.42,77.56,-0.401
19.42,77.54,-0.401
19.42,77.53,-0.401
19.42,77.51,-0.401
19.43,77.49,-0.401
19.43,77.48,-0.401
19.43,77.46,-0.401
19.43,77.44,-0.401
19.43,77.43,-0.401
19.43,77.41,-0.401
19.43,77.39,-0.401
19.44,77.38,-0.401
19.44,77.36,-0.401
19.44,77.35,-0.401
19.44,77.33,-0.401
19.44,77.31,-0.401
19.44,77.30,-0.401
19.45,77.28,-0.401
19.45,77.26,-0.401
19.45,77.24,-0.401
19.45,77.23,-0.401
19.45,77.21,-0.401
19.46,77.20,-0.401
19.46,77.18,-0.401
19.46,77.16,-0.401
19.46,77.14,-0.401
19.46,77.13,-0.401
19.46,77.11,-0.401
19.47,77.09,-0.401
19.47,77.08,-0.401
19.47,77.06,-0.401
19.47,77.04,-0.401
19.47,77.03,-0.401
19.47,77.01,-0.401
19.48,76.99,-0.401
19.48,76.98,-0.401
19.48,76.96,-0.401
19.48,76.94,-0.401
19.48,76.93,-0.401
19.48,76.91,-0.401
19.48,76.89,-0.400
19.49,76.88,-0.400
19.49,76.86,-0.400
19.49,76.85,-0.400
19.49,76.83,-0.400
19.49,76.81,-0.400
19.49,76.80,-0.400
19.50,76.78,-0.400
19.50,76.76,-0.400
19.50,76.75,-0.400
19.50,76.73,-0.400
19.50,76.71,-0.400
19.51,76.70,-0.400
19.51,76.68,-0.400
19.51,76.66,-0.400
19.51,76.65,-0.400
19.51,76.63,-0.400
19.51,76.61,-0.400
19.52,76.60,-0.400
19.52,76.58,-0.400
19.52,76.56,-0.400
19.52,76.55,-0.400
19.52,76.53,-0.400
19.52,76.51,-0.400
19.53,76.50,-0.400
19.53,76.48,-0.400
19.53,76.46,-0.400
19.53,76.45,-0.400
19.53,76.43,-0.400
19.53,76.41,-0.400
19.53,76.40,-0.400
19.54,76.38,-0.400
19.54,76.36,-0.400
19.54,76.35,-0.400
19.54,76.33,-0.400
19.54,76.31,-0.400
19.54,76.30,-0.400
19.55,76.28,-0.400
19.55,76.26,-0.400
19.55,76.25,-0.400
19.55,76.23,-0.400
19.55,76.21,-0.400
19.56,76.20,-0.400
19.56,76.18,-0.400
19.56,76.16,-0.400
19.56,76.15,-0.400
19.56,76.13,-0.400
19.56,76.11,-0.400
19.57,76.10,-0.400
19.57,76.08,-0.400
19.57,76.06,-0.400
19.57,76.05,-0.400
19.57,76.03,-0.400
19.57,76.01,-0.400
19.58,76.00,-0.400
19.58,75.98,-0.400
19.58,75.96,-0.400
19.58,75.95,-0.400
19.58,75.93,-0.400
19.58,75.91,-0.400
19.58,75.90,-0.400
19.59,75.88,-0.400
19.59,75.86,-0.400
19.59,75.85,-0.400
19.59,75.83,-0.400
19.59,75.81,-0.400
19.59,75.80,-0.400
19.60,75.78,-0.400
19.60,75.76,-0.399
19.60,75.75,-0.399
19.60,75.73,-0.399
19.60,75.71,-0.399
19.61,75.70,-0.399
19.61,75.68,-0.399
19.61,75.66,-0.399
19.61,75.65,-0.399
19.61,75.63,-0.399
19.61,75.62,-0.399
19.62,75.60,-0.399
19.62,75.58,-0.399
19.62,75.56,-0.399
19.62,75.55,-0.399
19.62,75.53,-0.399
19.62,75.51,-0.399
19.63,75.50,-0.399
19.63,75.48,-0.399
19.63,75.46,-0.399
19.63,75.45,-0.399
19.63,75.43,-0.399
19.63,75.41,-0.399
19.63,75.40,-0.399
19.64,75.38,-0.399
19.64,75.36,-0.399
19.64,75.35,-0.399
19.64,75.33,-0.399
19.64,75.32,-0.399
19.64,75.30,-0.399
19.65,75.28,-0.399
19.65,75.26,-0.399
19.65,75.25,-0.399
19.65,75.23,-0.399
19.65,75.21,-0.399
19.66,75.20,-0.399
19.66,75.18,-0.399
19.66,75.17,-0.399
19.66,75.15,-0.399
19.66,75.13,-0.399
19.66,75.12,-0.399
19.67,75.10,-0.399
19.67,75.08,-0.399
19.67,75.07,-0.399
19.67,75.05,-0.399
19.67,75.03,-0.399
19.67,75.01,-0.399
19.68,75.00,-0.399
19.68,74.98,-0.399
19.68,74.97,-0.399
19.68,74.95,-0.399
19.68,74.93,-0.399
19.68,74.92,-0.399
19.68,74.90,-0.398
19.69,74.88,-0.398
19.69,74.86,-0.398
19.69,74.85,-0.398
19.69,74.83,-0.398
19.69,74.82,-0.398
19.69,74.80,-0.398
19.70,74.78,-0.398
19.70,74.76,-0.398
19.70,74.75,-0.398
19.70,74.73,-0.398
19.70,74.71,-0.398
19.71,74.70,-0.398
19.71,74.68,-0.398
19.71,74.66,-0.398
19.71,74.65,-0.398
19.71,74.63,-0.398
19.71,74.62,-0.398
19.72,74.60,-0.398
19.72,74.58,-0.398
19.72,74.57,-0.398
19.72,74.55,-0.398
19.72,74.53,-0.398
19.72,74.52,-0.398
19.73,74.50,-0.398
19.73,74.48,-0.398
19.73,74.46,-0.398
19.73,74.45,-0.398
19.73,74.43,-0.398
19.73,74.42,-0.398
19.73,74.40,-0.398
19.74,74.38,-0.398
19.74,74.36,-0.398
19.74,74.35,-0.398
19.74,74.33,-0.398
19.74,74.32,-0.398
19.74,74.30,-0.398
19.75,74.28,-0.398
19.75,74.27,-0.398
19.75,74.25,-0.398
19.75,74.23,-0.398
19.75,74.22,-0.398
19.76,74.20,-0.398
19.76,74.18,-0.398
19.76,74.17,-0.398
19.76,74.15,-0.398
19.76,74.13,-0.398
19.76,74.12,-0.398
19.77,74.10,-0.398
19.77,74.08,-0.398
19.77,74.07,-0.398
19.77,74.05,-0.398
19.77,74.03,-0.398
19.77,74.02,-0.398
19.78,74.00,-0.398
19.78,73.98,-0.398
19.78,73.97,-0.398
19.78,73.95,-0.398
19.78,73.93,-0.398
19.78,73.92,-0.398
19.78,73.90,-0.398
19.79,73.88,-0.398
19.79,73.87,-0.398
19.79,73.85,-0.398
19.79,73.83,-0.398
19.79,73.82,-0.397
19.79,73.80,-0.397
19.80,73.78,-0.397
19.80,73.77,-0.397
19.80,73.75,-0.397
19.80,73.73,-0.397
19.80,73.72,-0.397
19.81,73.70,-0.397
19.81,73.68,-0.397
19.81,73.67,-0.397
19.81,73.65,-0.397
19.81,73.63,-0.397
19.81,73.62,-0.397
19.82,73.60,-0.397
19.82,73.58,-0.397
19.82,73.57,-0.397
19.82,73.55,-0.397
19.82,73.53,-0.397
19.82,73.52,-0.397
19.83,73.50,-0.397
19.83,73.48,-0.397
19.83,73.47,-0.397
19.83,73.45,-0.397
19.83,73.43,-0.397
19.83,73.42,-0.397
19.83,73.40,-0.397
19.84,73.38,-0.397
19.84,73.37,-0.397
19.84,73.35,-0.397
19.84,73.33,-0.397
19.84,73.32,-0.397
19.84,73.30,-0.397
19.85,73.28,-0.397
19.85,73.27,-0.397
19.85,73.25,-0.397
19.85,73.23,-0.397
19.85,73.22,-0.397
19.86,73.20,-0.397
19.86,73.18,-0.397
19.86,73.17,-0.397
19.86,73.15,-0.397
19.86,73.13,-0.397
19.86,73.12,-0.397
19.87,73.10,-0.397
19.87,73.08,-0.397
19.87,73.07,-0.397
19.87,73.05,-0.397
19.87,73.03,-0.397
19.87,73.02,-0.397
19.88,73.00,-0.397
19.88,72.98,-0.397
19.88,72.97,-0.397
19.88,72.95,-0.397
19.88,72.93,-0.397
19.88,72.92,-0.397
19.88,72.90,-0.397
19.89,72.88,-0.397
19.89,72.87,-0.397
19.89,72.85,-0.397
19.89,72.83,-0.396
19.89,72.82,-0.396
19.89,72.80,-0.396
19.90,72.79,-0.396
19.90,72.77,-0.396
19.90,72.75,-0.396
19.90,72.73,-0.396
19.90,72.72,-0.396
19.91,72.70,-0.396
19.91,72.68,-0.396
19.91,72.67,-0.396
19.91,72.65,-0.396
19.91,72.63,-0.396
19.91,72.62,-0.396
19.92,72.60,-0.396
19.92,72.58,-0.396
19.92,72.57,-0.396
19.92,72.55,-0.396
19.92,72.54,-0.396
19.92,72.52,-0.396
19.93,72.50,-0.396
19.93,72.48,-0.396
19.93,72.47,-0.396
19.93,72.45,-0.396
19.93,72.44,-0.396
19.93,72.42,-0.396
19.93,72.40,-0.396
19.94,72.38,-0.396
19.94,72.37,-0.396
19.94,72.35,-0.396
19.94,72.34,-0.396
19.94,72.32,-0.396
19.94,72.30,-0.396
19.95,72.28,-0.396
19.95,72.27,-0.396
19.95,72.25,-0.396
19.95,72.24,-0.396
19.95,72.22,-0.396
19.96,72.20,-0.396
19.96,72.18,-0.396
19.96,72.17,-0.396
19.96,72.15,-0.396
19.96,72.13,-0.396
19.96,72.12,-0.396
19.97,72.10,-0.396
19.97,72.08,-0.396
19.97,72.07,-0.396
19.97,72.05,-0.396
19.97,72.04,-0.396
19.97,72.02,-0.396
19.98,72.00,-0.396
19.98,71.99,-0.396
19.98,71.97,-0.396
19.98,71.95,-0.396
19.98,71.93,-0.396
19.98,71.92,-0.396
19.98,71.90,-0.396
19.99,71.89,-0.396
19.99,71.87,-0.396
19.99,71.85,-0.396
19.99,71.83,-0.396
19.99,71.82,-0.396
19.99,71.80,-0.396
20.00,71.79,-0.396
20.00,71.77,-0.396
20.00,71.75,-0.396
20.00,71.74,-0.396
20.00,71.72,-0.395
20.01,71.70,-0.395
20.01,71.69,-0.395
20.01,71.67,-0.395
20.01,71.65,-0.395
20.01,71.64,-0.395
20.01,71.62,-0.395
20.02,71.60,-0.395
20.02,71.58,-0.395
20.02,71.57,-0.395
20.02,71.55,-0.395
20.02,71.54,-0.395
20.02,71.52,-0.395
20.03,71.50,-0.395
20.03,71.48,-0.395
20.03,71.47,-0.395
20.03,71.45,-0.395
20.03,71.43,-0.395
20.03,71.42,-0.395
20.03,71.40,-0.395
20.04,71.39,-0.395
20.04,71.37,-0.395
20.04,71.35,-0.395
20.04,71.34,-0.395
20.04,71.32,-0.395
20.04,71.30,-0.395
20.05,71.29,-0.395
20.05,71.27,-0.395
20.05,71.25,-0.395
20.05,71.24,-0.395
20.05,71.22,-0.395
20.06,71.20,-0.395
20.06,71.19,-0.395
20.06,71.17,-0.395
20.06,71.15,-0.395
20.06,71.14,-0.395
20.06,71.12,-0.395
20.07,71.10,-0.395
20.07,71.09,-0.395
20.07,71.07,-0.395
20.07,71.05,-0.395
20.07,71.04,-0.395
20.07,71.02,-0.395
20.08,71.00,-0.395
20.08,70.99,-0.395
20.08,70.97,-0.395
20.08,70.95,-0.395
20.08,70.94,-0.395
20.08,70.92,-0.395
20.08,70.90,-0.395
20.09,70.88,-0.395
20.09,70.87,-0.395
20.09,70.85,-0.395
20.09,70.84,-0.395
20.09,70.82,-0.395
20.09,70.80,-0.395
20.10,70.79,-0.395
20.10,70.77,-0.395
20.10,70.75,-0.395
20.10,70.74,-0.395
20.10,70.72,-0.395
20.11,70.70,-0.395
20.11,70.69,-0.395
20.11,70.67,-0.395
20.11,70.65,-0.395
20.11,70.64,-0.395
20.11,70.62,-0.394
20.12,70.60,-0.394
20.12,70.59,-0.394
20.12,70.57,-0.394
20.12,70.55,-0.394
20.12,70.54,-0.394
20.12,70.52,-0.394
20.13,70.50,-0.394
20.13,70.49,-0.394
20.13,70.47,-0.394
20.13,70.45,-0.394
20.13,70.44,-0.394
20.13,70.42,-0.394
20.13,70.40,-0.394
20.14,70.39,-0.394
20.14,70.37,-0.394
20.14,70.35,-0.394
20.14,70.34,-0.394
20.14,70.32,-0.394
20.14,70.30,-0.394
20.15,70.29,-0.394
20.15,70.27,-0.394
20.15,70.25,-0.394
20.15,70.24,-0.394
20.15,70.22,-0.394
20.16,70.20,-0.394
20.16,70.19,-0.394
20.16,70.17,-0.394
20.16,70.15,-0.394
20.16,70.14,-0.394
20.16,70.12,-0.394
20.17,70.10,-0.394
20.17,70.09,-0.394
20.17,70.07,-0.394
20.17,70.05,-0.394
20.17,70.04,-0.394
20.17,70.02,-0.394
20.18,70.00,-0.394
20.18,69.99,-0.394
20.18,69.97,-0.394
20.18,69.95,-0.394
20.18,69.94,-0.394
20.18,69.92,-0.394
20.18,69.90,-0.394
20.19,69.89,-0.394
20.19,69.87,-0.394
20.19,69.85,-0.394
20.19,69.84,-0.394
20.19,69.82,-0.394
20.19,69.80,-0.394
20.20,69.79,-0.394
20.20,69.77,-0.394
20.20,69.75,-0.394
20.20,69.74,-0.394
20.20,69.72,-0.394
20.21,69.70,-0.393
20.21,69.69,-0.393
20.21,69.67,-0.393
20.21,69.65,-0.393
20.21,69.64,-0.393
20.21,69.62,-0.393
20.22,69.60,-0.393
20.22,69.59,-0.393
20.22,69.57,-0.393
20.22,69.55,-0.393
20.22,69.54,-0.393
20.22,69.52,-0.393
20.23,69.50,-0.393
20.23,69.49,-0.393
20.23,69.47,-0.393
20.23,69.45,-0.393
20.23,69.44,-0.393
20.23,69.42,-0.393
20.23,69.40,-0.393
20.24,69.39,-0.393
20.24,69.37,-0.393
20.24,69.35,-0.393
20.24,69.34,-0.393
20.24,69.32,-0.393
20.24,69.30,-0.393
20.25,69.29,-0.393
20.25,69.27,-0.393
20.25,69.25,-0.393
20.25,69.24,-0.393
20.25,69.22,-0.393
20.26,69.20,-0.393
20.26,69.19,-0.393
20.26,69.17,-0.393
20.26,69.15,-0.393
20.26,69.14,-0.393
20.26,69.12,-0.393
20.27,69.10,-0.393
20.27,69.09,-0.393
20.27,69.07,-0.393
20.27,69.05,-0.393
20.27,69.04,-0.393
20.27,69.02,-0.393
20.28,69.00,-0.393
20.28,68.99,-0.393
20.28,68.97,-0.393
20.28,68.95,-0.393
20.28,68.94,-0.393
20.28,68.92,-0.393
20.28,68.90,-0.393
20.29,68.89,-0.393
20.29,68.87,-0.393
20.29,68.86,-0.393
20.29,68.84,-0.393
20.29,68.82,-0.393
20.29,68.81,-0.393
20.30,68.79,-0.393
20.30,68.77,-0.393
20.30,68.76,-0.393
20.30,68.74,-0.393
20.30,68.72,-0.392
20.31,68.71,-0.392
20.31,68.69,-0.392
20.31,68.67,-0.392
20.31,68.66,-0.392
20.31,68.64,-0.392
20.31,68.62,-0.392
20.32,68.61,-0.392
20.32,68.59,-0.392
20.32,68.57,-0.392
20.32,68.56,-0.392
20.32,68.54,-0.392
20.32,68.52,-0.392
20.33,68.51,-0.392
20.33,68.49,-0.392
20.33,68.47,-0.392
20.33,68.46,-0.392
20.33,68.44,-0.392
20.33,68.42,-0.392
20.33,68.41,-0.392
20.34,68.39,-0.392
20.34,68.37,-0.392
20.34,68.36,-0.392
20.34,68.34,-0.392
20.34,68.32,-0.392
20.34,68.31,-0.392
20.35,68.29,-0.392
20.35,68.27,-0.392
20.35,68.26,-0.392
20.35,68.24,-0.392
20.35,68.22,-0.392
20.36,68.21,-0.392
20.36,68.19,-0.392
20.36,68.17,-0.392
20.36,68.16,-0.392
20.36,68.14,-0.392
20.36,68.12,-0.392
20.37,68.11,-0.392
20.37,68.09,-0.392
20.37,68.07,-0.392
20.37,68.06,-0.392
20.37,68.04,-0.392
20.37,68.02,-0.392
20.38,68.01,-0.392
20.38,67.99,-0.392
20.38,67.97,-0.392
20.38,67.96,-0.392
20.38,67.94,-0.392
20.38,67.92,-0.392
20.38,67.91,-0.392
20.39,67.89,-0.392
20.39,67.87,-0.392
20.39,67.86,-0.392
20.39,67.84,-0.392
20.39,67.82,-0.392
20.39,67.81,-0.392
20.40,67.79,-0.392
20.40,67.77,-0.392
20.40,67.76,-0.391
20.40,67.74,-0.391
20.40,67.72,-0.391
20.41,67.71,-0.391
20.41,67.69,-0.391
20.41,67.67,-0.391
20.41,67.66,-0.391
20.41,67.64,-0.391
20.41,67.62,-0.391
20.42,67.61,-0.391
20.42,67.59,-0.391
20.42,67.57,-0.391
20.42,67.56,-0.391
20.42,67.54,-0.391
20.42,67.52,-0.391
20.43,67.51,-0.391
20.43,67.49,-0.391
20.43,67.47,-0.391
20.43,67.46,-0.391
20.43,67.44,-0.391
20.43,67.42,-0.391
20.43,67.41,-0.391
20.44,67.39,-0.391
20.44,67.37,-0.391
20.44,67.36,-0.391
20.44,67.34,-0.391
20.44,67.32,-0.391
20.44,67.31,-0.391
20.45,67.29,-0.391
20.45,67.27,-0.391
20.45,67.26,-0.391
20.45,67.24,-0.391
20.45,67.22,-0.391
20.46,67.21,-0.391
20.46,67.19,-0.391
20.46,67.17,-0.391
20.46,67.16,-0.391
20.46,67.14,-0.391
20.46,67.12,-0.391
20.47,67.11,-0.391
20.47,67.09,-0.391
20.47,67.07,-0.391
20.47,67.06,-0.391
20.47,67.04,-0.391
20.47,67.02,-0.391
20.48,67.01,-0.391
20.48,66.99,-0.391
20.48,66.97,-0.391
20.48,66.96,-0.391
20.48,66.94,-0.391
20.48,66.92,-0.391
20.48,66.91,-0.391
20.49,66.89,-0.391
20.49,66.87,-0.391
20.49,66.86,-0.391
20.49,66.84,-0.391
20.49,66.82,-0.391
20.49,66.81,-0.391
20.50,66.79,-0.391
20.50,66.77,-0.391
20.50,66.76,-0.391
20.50,66.74,-0.391
20.50,66.72,-0.391
20.51,66.71,-0.391
20.51,66.69,-0.390
20.51,66.67,-0.390
20.51,66.66,-0.390
20.51,66.64,-0.390
20.51,66.62,-0.390
20.52,66.61,-0.390
20.52,66.59,-0.390
20.52,66.57,-0.390
20.52,66.56,-0.390
20.52,66.54,-0.390
20.52,66.52,-0.390
20.53,66.51,-0.390
20.53,66.49,-0.390
20.53,66.47,-0.390
20.53,66.46,-0.390
20.53,66.44,-0.390
20.53,66.42,-0.390
20.53,66.41,-0.390
20.54,66.39,-0.390
20.54,66.37,-0.390
20.54,66.36,-0.390
20.54,66.34,-0.390
20.54,66.32,-0.390
20.54,66.31,-0.390
20.55,66.29,-0.390
20.55,66.27,-0.390
20.55,66.26,-0.390
20.55,66.24,-0.390
20.55,66.22,-0.390
20.56,66.21,-0.390
20.56,66.19,-0.390
20.56,66.17,-0.390
20.56,66.16,-0.390
20.56,66.14,-0.390
20.56,66.12,-0.390
20.57,66.11,-0.390
20.57,66.09,-0.390
20.57,66.08,-0.390
20.57,66.06,-0.390
20.57,66.04,-0.390
20.57,66.02,-0.390
20.58,66.01,-0.390
20.58,65.99,-0.390
20.58,65.97,-0.390
20.58,65.96,-0.390
20.58,65.94,-0.390
20.58,65.93,-0.390
20.58,65.91,-0.390
20.59,65.89,-0.390
20.59,65.88,-0.390
20.59,65.86,-0.390
20.59,65.84,-0.390
20.59,65.83,-0.390
20.59,65.81,-0.390
20.60,65.79,-0.390
20.60,65.77,-0.390
20.60,65.76,-0.390
20.60,65.74,-0.390
20.60,65.72,-0.389
20.61,65.71,-0.389
20.61,65.69,-0.389
20.61,65.67,-0.389
20.61,65.66,-0.389
20.61,65.64,-0.389
20.61,65.62,-0.389
20.62,65.61,-0.389
20.62,65.59,-0.389
20.62,65.58,-0.389
20.62,65.56,-0.389
20.62,65.54,-0.389
20.62,65.53,-0.389
20.63,65.51,-0.389
20.63,65.49,-0.389
20.63,65.47,-0.389
20.63,65.46,-0.389
20.63,65.44,-0.389
20.63,65.43,-0.389
20.63,65.41,-0.389
20.64,65.39,-0.389
20.64,65.38,-0.389
20.64,65.36,-0.389
20.64,65.34,-0.389
20.64,65.32,-0.389
20.64,65.31,-0.389
20.65,65.29,-0.389
20.65,65.28,-0.389
20.65,65.26,-0.389
20.65,65.24,-0.389
20.65,65.23,-0.389
20.66,65.21,-0.389
20.66,65.19,-0.389
20.66,65.18,-0.389
20.66,65.16,-0.389
20.66,65.14,-0.389
20.66,65.13,-0.389
20.67,65.11,-0.389
20.67,65.09,-0.389
20.67,65.08,-0.389
20.67,65.06,-0.389
20.67,65.04,-0.389
20.67,65.03,-0.389
20.68,65.01,-0.389
20.68,64.99,-0.389
20.68,64.98,-0.389
20.68,64.96,-0.389
20.68,64.94,-0.389
20.68,64.93,-0.389
20.68,64.91,-0.389
20.69,64.89,-0.389
20.69,64.88,-0.389
20.69,64.86,-0.389
20.69,64.84,-0.389
20.69,64.83,-0.389
20.69,64.81,-0.389
20.70,64.79,-0.389
20.70,64.78,-0.389
20.70,64.76,-0.389
20.70,64.74,-0.389
20.70,64.73,-0.389
20.71,64.71,-0.389
20.71,64.69,-0.389
20.71,64.68,-0.389
20.71,64.66,-0.388
20.71,64.64,-0.388
20.71,64.63,-0.388
20.72,64.61,-0.388
20.72,64.59,-0.388
20.72,64.58,-0.388
20.72,64.56,-0.388
20.72,64.54,-0.388
20.72,64.53,-0.388
20.73,64.51,-0.388
20.73,64.49,-0.388
20.73,64.48,-0.388
20.73,64.46,-0.388
20.73,64.44,-0.388
20.73,64.43,-0.388
20.73,64.41,-0.388
20.74,64.39,-0.388
20.74,64.38,-0.388
20.74,64.36,-0.388
20.74,64.34,-0.388
20.74,64.33,-0.388
20.74,64.31,-0.388
20.75,64.29,-0.388
20.75,64.28,-0.388
20.75,64.26,-0.388
20.75,64.24,-0.388
20.75,64.23,-0.388
20.76,64.21,-0.388
20.76,64.19,-0.388
20.76,64.18,-0.388
20.76,64.16,-0.388
20.76,64.14,-0.388
20.76,64.13,-0.388
20.77,64.11,-0.388
20.77,64.09,-0.388
20.77,64.08,-0.388
20.77,64.06,-0.388
20.77,64.04,-0.388
20.77,64.03,-0.388
20.78,64.01,-0.388
20.78,63.99,-0.388
20.78,63.98,-0.388
20.78,63.96,-0.388
20.78,63.94,-0.388
20.78,63.93,-0.388
20.78,63.91,-0.388
20.79,63.89,-0.388
20.79,63.88,-0.388
20.79,63.86,-0.388
20.79,63.84,-0.388
20.79,63.83,-0.388
20.79,63.81,-0.388
20.80,63.79,-0.388
20.80,63.78,-0.388
20.80,63.76,-0.388
20.80,63.74,-0.388
20.80,63.73,-0.388
20.81,63.71,-0.388
20.81,63.69,-0.388
20.81,63.68,-0.388
20.81,63.66,-0.388
20.81,63.64,-0.388
20.81,63.63,-0.388
20.82,63.61,-0.388
20.82,63.59,-0.388
20.82,63.58,-0.388
20.82,63.56,-0.388
20.82,63.54,-0.388
20.82,63.53,-0.388
20.83,63.51,-0.387
20.83,63.49,-0.387
20.83,63.48,-0.387
20.83,63.46,-0.387
20.83,63.44,-0.387
20.83,63.43,-0.387
20.83,63.41,-0.387
20.84,63.39,-0.387
20.84,63.38,-0.387
20.84,63.36,-0.387
20.84,63.34,-0.387
20.84,63.33,-0.387
20.84,63.31,-0.387
20.85,63.29,-0.387
20.85,63.28,-0.387
20.85,63.26,-0.387
20.85,63.24,-0.387
20.85,63.23,-0.387
20.86,63.21,-0.387
20.86,63.19,-0.387
20.86,63.18,-0.387
20.86,63.16,-0.387
20.86,63.15,-0.387
20.86,63.13,-0.387
20.87,63.11,-0.387
20.87,63.09,-0.387
20.87,63.08,-0.387
20.87,63.06,-0.387
20.87,63.04,-0.387
20.87,63.03,-0.387
20.88,63.01,-0.387
20.88,62.99,-0.387
20.88,62.98,-0.387
20.88,62.96,-0.387
20.88,62.94,-0.387
20.88,62.93,-0.387
20.88,62.91,-0.387
20.89,62.89,-0.387
20.89,62.88,-0.387
20.89,62.86,-0.387
20.89,62.84,-0.387
20.89,62.83,-0.387
20.89,62.81,-0.387
20.90,62.79,-0.387
20.90,62.78,-0.387
20.90,62.76,-0.387
20.90,62.74,-0.387
20.90,62.73,-0.387
20.91,62.71,-0.387
20.91,62.69,-0.387
20.91,62.68,-0.387
20.91,62.66,-0.387
20.91,62.65,-0.387
20.91,62.63,-0.387
20.92,62.61,-0.387
20.92,62.59,-0.387
20.92,62.58,-0.387
20.92,62.56,-0.387
20.92,62.54,-0.387
20.92,62.53,-0.387
20.93,62.51,-0.387
20.93,62.49,-0.387
20.93,62.48,-0.386
20.93,62.46,-0.386
20.93,62.44,-0.386
20.93,62.43,-0.386
20.93,62.41,-0.386
20.94,62.39,-0.386
20.94,62.38,-0.386
20.94,62.36,-0.386
20.94,62.34,-0.386
20.94,62.33,-0.386
20.94,62.31,-0.386
20.95,62.29,-0.386
20.95,62.28,-0.386
20.95,62.26,-0.386
20.95,62.25,-0.386
20.95,62.23,-0.386
20.96,62.21,-0.386
20.96,62.19,-0.386
20.96,62.18,-0.386
20.96,62.16,-0.386
20.96,62.14,-0.386
20.96,62.13,-0.386
20.97,62.11,-0.386
20.97,62.10,-0.386
20.97,62.08,-0.386
20.97,62.06,-0.386
20.97,62.05,-0.386
20.97,62.03,-0.386
20.98,62.01,-0.386
20.98,62.00,-0.386
20.98,61.98,-0.386
20.98,61.96,-0.386
20.98,61.94,-0.386
20.98,61.93,-0.386
20.98,61.91,-0.386
20.99,61.90,-0.386
20.99,61.88,-0.386
20.99,61.86,-0.386
20.99,61.85,-0.386
20.99,61.83,-0.386
20.99,61.81,-0.386
21.00,61.80,-0.386
21.00,61.78,-0.386
21.00,61.76,-0.386
21.00,61.74,-0.386
21.00,61.73,-0.386
21.01,61.71,-0.386
21.01,61.70,-0.386
21.01,61.68,-0.386
21.01,61.66,-0.386
21.01,61.65,-0.386
21.01,61.63,-0.386
21.02,61.61,-0.386
21.02,61.60,-0.386
21.02,61.58,-0.386
21.02,61.56,-0.386
21.02,61.55,-0.386
21.02,61.53,-0.386
21.03,61.51,-0.386
21.03,61.50,-0.386
21.03,61.48,-0.386
21.03,61.46,-0.386
21.03,61.45,-0.386
21.03,61.43,-0.386
21.03,61.41,-0.386
21.04,61.40,-0.386
21.04,61.38,-0.385
21.04,61.36,-0.385
21.04,61.35,-0.385
21.04,61.33,-0.385
21.04,61.31,-0.385
21.05,61.30,-0.385
21.05,61.28,-0.385
21.05,61.26,-0.385
21.05,61.25,-0.385
21.05,61.23,-0.385
21.06,61.21,-0.385
21.06,61.20,-0.385
21.06,61.18,-0.385
21.06,61.16,-0.385
21.06,61.15,-0.385
21.06,61.13,-0.385
21.07,61.11,-0.385
21.07,61.10,-0.385
21.07,61.08,-0.385
21.07,61.06,-0.385
21.07,61.05,-0.385
21.07,61.03,-0.385
21.08,61.01,-0.385
21.08,61.00,-0.385
21.08,60.98,-0.385
21.08,60.96,-0.385
21.08,60.95,-0.385
21.08,60.93,-0.385
21.08,60.91,-0.385
21.09,60.90,-0.385
21.09,60.88,-0.385
21.09,60.86,-0.385
21.09,60.85,-0.385
21.09,60.83,-0.385
21.09,60.81,-0.385
21.10,60.80,-0.385
21.10,60.78,-0.385
21.10,60.76,-0.385
21.10,60.75,-0.385
21.10,60.73,-0.385
21.11,60.71,-0.385
21.11,60.70,-0.385
21.11,60.68,-0.385
21.11,60.66,-0.385
21.11,60.65,-0.385
21.11,60.63,-0.385
21.12,60.61,-0.385
21.12,60.60,-0.385
21.12,60.58,-0.385
21.12,60.56,-0.385
21.12,60.55,-0.385
21.12,60.53,-0.385
21.13,60.51,-0.385
21.13,60.50,-0.385
21.13,60.48,-0.384
21.13,60.46,-0.384
21.13,60.45,-0.384
21.13,60.43,-0.384
21.13,60.41,-0.384
21.14,60.40,-0.384
21.14,60.38,-0.384
21.14,60.36,-0.384
21.14,60.35,-0.384
21.14,60.33,-0.384
21.14,60.31,-0.384
21.15,60.30,-0.384
21.15,60.28,-0.384
21.15,60.26,-0.384
21.15,60.25,-0.384
21.15,60.23,-0.384
21.16,60.21,-0.384
21.16,60.20,-0.384
21.16,60.18,-0.384
21.16,60.16,-0.384
21.16,60.15,-0.384
21.16,60.13,-0.384
21.17,60.11,-0.384
21.17,60.10,-0.384
21.17,60.08,-0.384
21.17,60.06,-0.384
21.17,60.05,-0.384
21.17,60.03,-0.384
21.18,60.01,-0.384
21.18,60.00,-0.384
21.18,59.98,-0.384
21.18,59.96,-0.384
21.18,59.95,-0.384
21.18,59.93,-0.384
21.18,59.91,-0.384
21.19,59.90,-0.384
21.19,59.88,-0.384
21.19,59.86,-0.384
21.19,59.85,-0.384
21.19,59.83,-0.384
21.19,59.81,-0.384
21.20,59.80,-0.384
21.20,59.78,-0.384
21.20,59.76,-0.384
21.20,59.75,-0.384
21.20,59.73,-0.384
21.21,59.72,-0.384
21.21,59.70,-0.384
21.21,59.68,-0.384
21.21,59.66,-0.384
21.21,59.65,-0.384
21.21,59.63,-0.384
21.22,59.61,-0.384
21.22,59.60,-0.384
21.22,59.58,-0.384
21.22,59.56,-0.384
21.22,59.55,-0.384
21.22,59.53,-0.384
21.23,59.51,-0.384
21.23,59.50,-0.384
21.23,59.48,-0.384
21.23,59.46,-0.384
21.23,59.45,-0.384
21.23,59.43,-0.383
21.23,59.41,-0.383
21.24,59.40,-0.383
21.24,59.38,-0.383
21.24,59.37,-0.383
21.24,59.35,-0.383
21.24,59.33,-0.383
21.24,59.32,-0.383
21.25,59.30,-0.383
21.25,59.28,-0.383
21.25,59.26,-0.383
21.25,59.25,-0.383
21.25,59.23,-0.383
21.26,59.21,-0.383
21.26,59.20,-0.383
21.26,59.18,-0.383
21.26,59.16,-0.383
21.26,59.15,-0.383
21.26,59.13,-0.383
21.27,59.11,-0.383
21.27,59.10,-0.383
21.27,59.08,-0.383
21.27,59.07,-0.383
21.27,59.05,-0.383
21.27,59.03,-0.383
21.28,59.01,-0.383
21.28,59.00,-0.383
21.28,58.98,-0.383
21.28,58.97,-0.383
21.28,58.95,-0.383
21.28,58.93,-0.383
21.28,58.92,-0.383
21.29,58.90,-0.383
21.29,58.88,-0.383
21.29,58.87,-0.383
21.29,58.85,-0.383
21.29,58.83,-0.383
21.29,58.82,-0.383
21.30,58.80,-0.383
21.30,58.78,-0.383
21.30,58.77,-0.383
21.30,58.75,-0.383
21.30,58.73,-0.383
21.31,58.72,-0.383
21.31,58.70,-0.383
21.31,58.68,-0.383
21.31,58.67,-0.383
21.31,58.65,-0.383
21.31,58.63,-0.383
21.32,58.61,-0.383
21.32,58.60,-0.383
21.32,58.58,-0.383
21.32,58.57,-0.383
21.32,58.55,-0.383
21.32,58.53,-0.383
21.33,58.52,-0.383
21.33,58.50,-0.383
21.33,58.48,-0.383
21.33,58.47,-0.383
21.33,58.45,-0.383
21.33,58.43,-0.383
21.33,58.42,-0.383
21.34,58.40,-0.383
21.34,58.38,-0.383
21.34,58.36,-0.383
21.34,58.35,-0.383
21.34,58.33,-0.383
21.34,58.32,-0.383
21.35,58.30,-0.383
21.35,58.28,-0.383
21.35,58.27,-0.382
21.35,58.25,-0.382
21.35,58.23,-0.382
21.36,58.22,-0.382
21.36,58.20,-0.382
21.36,58.18,-0.382
21.36,58.17,-0.382
21.36,58.15,-0.382
21.36,58.13,-0.382
21.37,58.12,-0.382
21.37,58.10,-0.382
21.37,58.08,-0.382
21.37,58.07,-0.382
21.37,58.05,-0.382
21.37,58.03,-0.382
21.38,58.02,-0.382
21.38,58.00,-0.382
21.38,57.98,-0.382
21.38,57.97,-0.382
21.38,57.95,-0.382
21.38,57.93,-0.382
21.38,57.92,-0.382
21.39,57.90,-0.382
21.39,57.88,-0.382
21.39,57.87,-0.382
21.39,57.85,-0.382
21.39,57.83,-0.382
21.39,57.82,-0.382
21.40,57.80,-0.382
21.40,57.78,-0.382
21.40,57.76,-0.382
21.40,57.75,-0.382
21.40,57.73,-0.382
21.41,57.72,-0.382
21.41,57.70,-0.382
21.41,57.68,-0.382
21.41,57.67,-0.382
21.41,57.65,-0.382
21.41,57.63,-0.382
21.42,57.62,-0.382
21.42,57.60,-0.382
21.42,57.58,-0.382
21.42,57.57,-0.382
21.42,57.55,-0.382
21.42,57.53,-0.382
21.43,57.51,-0.382
21.43,57.50,-0.382
21.43,57.48,-0.382
21.43,57.47,-0.382
21.43,57.45,-0.382
21.43,57.43,-0.382
21.43,57.42,-0.382
21.44,57.40,-0.382
21.44,57.38,-0.382
21.44,57.37,-0.382
21.44,57.35,-0.382
21.44,57.33,-0.382
21.44,57.32,-0.382
21.45,57.30,-0.382
21.45,57.28,-0.382
21.45,57.27,-0.382
21.45,57.25,-0.382
21.45,57.23,-0.382
21.46,57.22,-0.382
21.46,57.20,-0.382
21.46,57.18,-0.382
21.46,57.17,-0.382
21.46,57.15,-0.382
21.46,57.13,-0.382
21.47,57.12,-0.382
21.47,57.10,-0.382
21.47,57.08,-0.382
21.47,57.07,-0.382
21.47,57.05,-0.382
21.47,57.03,-0.382
21.48,57.02,-0.382
21.48,57.00,-0.382
21.48,56.98,-0.382
21.48,56.97,-0.381
21.48,56.95,-0.381
21.48,56.93,-0.381
21.48,56.92,-0.381
21.49,56.90,-0.381
21.49,56.88,-0.381
21.49,56.87,-0.381
21.49,56.85,-0.381
21.49,56.83,-0.381
21.49,56.82,-0.381
21.50,56.80,-0.381
21.50,56.78,-0.381
21.50,56.77,-0.381
21.50,56.75,-0.381
21.50,56.73,-0.381
21.51,56.72,-0.381
21.51,56.70,-0.381
21.51,56.68,-0.381
21.51,56.67,-0.381
21.51,56.65,-0.381
21.51,56.63,-0.381
21.52,56.62,-0.381
21.52,56.60,-0.381
21.52,56.58,-0.381
21.52,56.57,-0.381
21.52,56.55,-0.381
21.52,56.53,-0.381
21.53,56.52,-0.381
21.53,56.50,-0.381
21.53,56.48,-0.381
21.53,56.47,-0.381
21.53,56.45,-0.381
21.53,56.43,-0.381
21.53,56.42,-0.381
21.54,56.40,-0.381
21.54,56.38,-0.381
21.54,56.37,-0.381
21.54,56.35,-0.381
21.54,56.33,-0.381
21.54,56.32,-0.381
21.55,56.30,-0.381
21.55,56.28,-0.381
21.55,56.27,-0.381
21.55,56.25,-0.381
21.55,56.23,-0.381
21.56,56.22,-0.381
21.56,56.20,-0.381
21.56,56.18,-0.381
21.56,56.17,-0.381
21.56,56.15,-0.381
21.56,56.13,-0.381
21.57,56.12,-0.381
21.57,56.10,-0.381
21.57,56.08,-0.381
21.57,56.07,-0.381
21.57,56.05,-0.381
21.57,56.03,-0.381
21.58,56.02,-0.381
21.58,56.00,-0.381
21.58,55.98,-0.381
21.58,55.97,-0.381
21.58,55.95,-0.381
21.58,55.93,-0.381
21.58,55.92,-0.381
21.59,55.90,-0.381
21.59,55.88,-0.381
21.59,55.87,-0.381
21.59,55.85,-0.381
21.59,55.83,-0.380
21.59,55.82,-0.380
21.60,55.80,-0.380
21.60,55.78,-0.380
21.60,55.77,-0.380
21.60,55.75,-0.380
21.60,55.73,-0.380
21.61,55.72,-0.380
21.61,55.70,-0.380
21.61,55.68,-0.380
21.61,55.67,-0.380
21.61,55.65,-0.380
21.61,55.63,-0.380
21.62,55.62,-0.380
21.62,55.60,-0.380
21.62,55.58,-0.380
21.62,55.57,-0.380
21.62,55.55,-0.380
21.62,55.53,-0.380
21.63,55.52,-0.380
21.63,55.50,-0.380
21.63,55.48,-0.380
21.63,55.47,-0.380
21.63,55.45,-0.380
21.63,55.43,-0.380
21.63,55.42,-0.380
21.64,55.40,-0.380
21.64,55.38,-0.380
21.64,55.37,-0.380
21.64,55.35,-0.380
21.64,55.33,-0.380
21.64,55.32,-0.380
21.65,55.30,-0.380
21.65,55.28,-0.380
21.65,55.27,-0.380
21.65,55.25,-0.380
21.65,55.23,-0.380
21.66,55.22,-0.380
21.66,55.20,-0.380
21.66,55.18,-0.380
21.66,55.17,-0.380
21.66,55.15,-0.380
21.66,55.13,-0.380
21.67,55.12,-0.380
21.67,55.10,-0.380
21.67,55.08,-0.380
21.67,55.07,-0.380
21.67,55.05,-0.380
21.67,55.03,-0.380
21.68,55.02,-0.380
21.68,55.00,-0.380
21.68,54.98,-0.380
21.68,54.97,-0.380
21.68,54.95,-0.380
21.68,54.93,-0.380
21.68,54.92,-0.380
21.69,54.90,-0.380
21.69,54.88,-0.380
21.69,54.87,-0.380
21.69,54.85,-0.380
21.69,54.83,-0.380
21.69,54.82,-0.379
21.70,54.80,-0.379
21.70,54.78,-0.379
21.70,54.77,-0.379
21.70,54.75,-0.379
21.70,54.73,-0.379
21.71,54.72,-0.379
21.71,54.70,-0.379
21.71,54.68,-0.379
21.71,54.67,-0.379
21.71,54.65,-0.379
21.71,54.64,-0.379
21.72,54.62,-0.379
21.72,54.60,-0.379
21.72,54.59,-0.379
21.72,54.57,-0.379
21.72,54.55,-0.379
21.72,54.54,-0.379
21.73,54.52,-0.379
21.73,54.50,-0.379
21.73,54.48,-0.379
21.73,54.47,-0.379
21.73,54.45,-0.379
21.73,54.44,-0.379
21.73,54.42,-0.379
21.74,54.40,-0.379
21.74,54.39,-0.379
21.74,54.37,-0.379
21.74,54.35,-0.379
21.74,54.34,-0.379
21.74,54.32,-0.379
21.75,54.30,-0.379
21.75,54.29,-0.379
21.75,54.27,-0.379
21.75,54.25,-0.379
21.75,54.24,-0.379
21.76,54.22,-0.379
21.76,54.20,-0.379
21.76,54.19,-0.379
21.76,54.17,-0.379
21.76,54.15,-0.379
21.76,54.14,-0.379
21.77,54.12,-0.379
21.77,54.10,-0.379
21.77,54.08,-0.379
21.77,54.07,-0.379
21.77,54.05,-0.379
21.77,54.04,-0.379
21.78,54.02,-0.379
21.78,54.00,-0.379
21.78,53.99,-0.379
21.78,53.97,-0.379
21.78,53.95,-0.379
21.78,53.94,-0.379
21.78,53.92,-0.379
21.79,53.90,-0.379
21.79,53.89,-0.379
21.79,53.87,-0.379
21.79,53.85,-0.379
21.79,53.84,-0.379
21.79,53.82,-0.379
21.80,53.80,-0.379
21.80,53.79,-0.379
21.80,53.77,-0.379
21.80,53.75,-0.379
21.80,53.74,-0.378
21.81,53.72,-0.378
21.81,53.70,-0.378
21.81,53.69,-0.378
21.81,53.67,-0.378
21.81,53.65,-0.378
21.81,53.64,-0.378
21.82,53.62,-0.378
21.82,53.60,-0.378
21.82,53.59,-0.378
21.82,53.57,-0.378
21.82,53.55,-0.378
21.82,53.54,-0.378
21.83,53.52,-0.378
21.83,53.50,-0.378
21.83,53.48,-0.378
21.83,53.47,-0.378
21.83,53.45,-0.378
21.83,53.44,-0.378
21.83,53.42,-0.378
21.84,53.40,-0.378
21.84,53.39,-0.378
21.84,53.37,-0.378
21.84,53.35,-0.378
21.84,53.34,-0.378
21.84,53.32,-0.378
21.85,53.30,-0.378
21.85,53.29,-0.378
21.85,53.27,-0.378
21.85,53.25,-0.378
21.85,53.24,-0.378
21.86,53.22,-0.378
21.86,53.20,-0.378
21.86,53.19,-0.378
21.86,53.17,-0.378
21.86,53.15,-0.378
21.86,53.14,-0.378
21.87,53.12,-0.378
21.87,53.10,-0.378
21.87,53.09,-0.378
21.87,53.07,-0.378
21.87,53.05,-0.378
21.87,53.04,-0.378
21.88,53.02,-0.378
21.88,53.00,-0.378
21.88,52.99,-0.378
21.88,52.97,-0.378
21.88,52.95,-0.378
21.88,52.94,-0.378
21.88,52.92,-0.378
21.89,52.90,-0.378
21.89,52.89,-0.378
21.89,52.87,-0.378
21.89,52.85,-0.378
21.89,52.84,-0.378
21.89,52.82,-0.378
21.90,52.80,-0.378
21.90,52.79,-0.378
21.90,52.77,-0.378
21.90,52.75,-0.378
21.90,52.74,-0.378
21.91,52.72,-0.378
21.91,52.70,-0.378
21.91,52.69,-0.378
21.91,52.67,-0.378
21.91,52.65,-0.378
21.91,52.64,-0.378
21.92,52.62,-0.378
21.92,52.60,-0.378
21.92,52.59,-0.378
21.92,52.57,-0.378
21.92,52.55,-0.378
21.92,52.54,-0.378
21.93,52.52,-0.378
21.93,52.50,-0.378
21.93,52.49,-0.378
21.93,52.47,-0.377
21.93,52.45,-0.377
21.93,52.44,-0.377
21.93,52.42,-0.377
21.94,52.40,-0.377
21.94,52.39,-0.377
21.94,52.37,-0.377
21.94,52.35,-0.377
21.94,52.34,-0.377
21.94,52.32,-0.377
21.95,52.30,-0.377
21.95,52.29,-0.377
21.95,52.27,-0.377
21.95,52.25,-0.377
21.95,52.24,-0.377
21.96,52.22,-0.377
21.96,52.20,-0.377
21.96,52.19,-0.377
21.96,52.17,-0.377
21.96,52.15,-0.377
21.96,52.14,-0.377
21.97,52.12,-0.377
21.97,52.10,-0.377
21.97,52.09,-0.377
21.97,52.07,-0.377
21.97,52.05,-0.377
21.97,52.04,-0.377
21.98,52.02,-0.377
21.98,52.00,-0.377
21.98,51.99,-0.377
21.98,51.97,-0.377
21.98,51.95,-0.377
21.98,51.94,-0.377
21.98,51.92,-0.377
21.99,51.90,-0.377
21.99,51.89,-0.377
21.99,51.87,-0.377
21.99,51.85,-0.377
21.99,51.84,-0.377
21.99,51.82,-0.377
22.00,51.80,-0.377
22.00,51.79,-0.377
22.00,51.77,-0.377
22.00,51.76,-0.377
22.00,51.74,-0.377
22.01,51.72,-0.377
22.01,51.71,-0.377
22.01,51.69,-0.377
22.01,51.67,-0.377
22.01,51.65,-0.377
22.01,51.64,-0.377
22.02,51.62,-0.377
22.02,51.60,-0.377
22.02,51.59,-0.377
22.02,51.57,-0.377
22.02,51.55,-0.377
22.02,51.54,-0.377
22.03,51.52,-0.377
22.03,51.50,-0.377
22.03,51.49,-0.377
22.03,51.47,-0.377
22.03,51.45,-0.377
22.03,51.44,-0.377
22.03,51.42,-0.377
22.04,51.40,-0.377
22.04,51.39,-0.377
22.04,51.37,-0.377
22.04,51.35,-0.376
22.04,51.34,-0.376
22.04,51.32,-0.376
22.05,51.30,-0.376
22.05,51.29,-0.376
22.05,51.27,-0.376
22.05,51.25,-0.376
22.05,51.24,-0.376
22.06,51.22,-0.376
22.06,51.21,-0.376
22.06,51.19,-0.376
22.06,51.17,-0.376
22.06,51.16,-0.376
22.06,51.14,-0.376
22.07,51.12,-0.376
22.07,51.11,-0.376
22.07,51.09,-0.376
22.07,51.07,-0.376
22.07,51.06,-0.376
22.07,51.04,-0.376
22.08,51.02,-0.376
22.08,51.01,-0.376
22.08,50.99,-0.376
22.08,50.97,-0.376
22.08,50.96,-0.376
22.08,50.94,-0.376
22.08,50.92,-0.376
22.09,50.90,-0.376
22.09,50.89,-0.376
22.09,50.87,-0.376
22.09,50.86,-0.376
22.09,50.84,-0.376
22.09,50.82,-0.376
22.10,50.81,-0.376
22.10,50.79,-0.376
22.10,50.77,-0.376
22.10,50.76,-0.376
22.10,50.74,-0.376
22.11,50.72,-0.376
22.11,50.70,-0.376
22.11,50.69,-0.376
22.11,50.67,-0.376
22.11,50.65,-0.376
22.11,50.64,-0.376
22.12,50.62,-0.376
22.12,50.60,-0.376
22.12,50.59,-0.376
22.12,50.57,-0.376
22.12,50.56,-0.376
22.12,50.54,-0.376
22.13,50.52,-0.376
22.13,50.50,-0.376
22.13,50.49,-0.376
22.13,50.47,-0.376
22.13,50.46,-0.376
22.13,50.44,-0.376
22.13,50.42,-0.376
22.14,50.41,-0.376
22.14,50.39,-0.375
22.14,50.37,-0.375
22.14,50.36,-0.375
22.14,50.34,-0.375
22.14,50.32,-0.375
22.15,50.31,-0.375
22.15,50.29,-0.375
22.15,50.27,-0.375
22.15,50.26,-0.375
22.15,50.24,-0.375
22.16,50.22,-0.375
22.16,50.21,-0.375
22.16,50.19,-0.375
22.16,50.17,-0.375
22.16,50.16,-0.375
22.16,50.14,-0.375
22.17,50.12,-0.375
22.17,50.11,-0.375
22.17,50.09,-0.375
22.17,50.07,-0.375
22.17,50.06,-0.375
22.17,50.04,-0.375
22.18,50.02,-0.375
22.18,50.01,-0.375
22.18,49.99,-0.375
22.18,49.97,-0.375
22.18,49.95,-0.375
22.18,49.94,-0.375
22.18,49.92,-0.375
22.19,49.91,-0.375
22.19,49.89,-0.375
22.19,49.87,-0.375
22.19,49.86,-0.375
22.19,49.84,-0.375
22.19,49.82,-0.375
22.20,49.81,-0.375
22.20,49.79,-0.375
22.20,49.77,-0.375
22.20,49.76,-0.375
22.20,49.74,-0.375
22.21,49.72,-0.375
22.21,49.71,-0.375
22.21,49.69,-0.375
22.21,49.67,-0.375
22.21,49.66,-0.375
22.21,49.64,-0.375
22.22,49.62,-0.375
22.22,49.61,-0.375
22.22,49.59,-0.375
22.22,49.57,-0.375
22.22,49.56,-0.375
22.22,49.54,-0.375
22.23,49.52,-0.375
22.23,49.51,-0.375
22.23,49.49,-0.375
22.23,49.47,-0.375
22.23,49.46,-0.375
22.23,49.44,-0.375
22.23,49.42,-0.375
22.24,49.41,-0.375
22.24,49.39,-0.375
22.24,49.37,-0.375
22.24,49.36,-0.375
22.24,49.34,-0.375
22.24,49.32,-0.375
22.25,49.31,-0.375
22.25,49.29,-0.375
22.25,49.27,-0.375
22.25,49.26,-0.375
22.25,49.24,-0.375
22.26,49.22,-0.375
22.26,49.21,-0.375
22.26,49.19,-0.375
22.26,49.17,-0.375
22.26,49.16,-0.375
22.26,49.14,-0.375
22.27,49.12,-0.375
22.27,49.11,-0.375
22.27,49.09,-0.375
22.27,49.07,-0.375
22.27,49.06,-0.374
22.27,49.04,-0.374
22.28,49.02,-0.374
22.28,49.01,-0.374
22.28,48.99,-0.374
22.28,48.97,-0.374
22.28,48.96,-0.374
22.28,48.94,-0.374
22.28,48.92,-0.374
22.29,48.91,-0.374
22.29,48.89,-0.374
22.29,48.87,-0.374
22.29,48.86,-0.374
22.29,48.84,-0.374
22.29,48.82,-0.374
22.30,48.81,-0.374
22.30,48.79,-0.374
22.30,48.77,-0.374
22.30,48.76,-0.374
22.30,48.74,-0.374
22.31,48.72,-0.374
22.31,48.71,-0.374
22.31,48.69,-0.374
22.31,48.67,-0.374
22.31,48.66,-0.374
22.31,48.64,-0.374
22.32,48.62,-0.374
22.32,48.61,-0.374
22.32,48.59,-0.374
22.32,48.57,-0.374
22.32,48.56,-0.374
22.32,48.54,-0.374
22.33,48.52,-0.374
22.33,48.51,-0.374
22.33,48.49,-0.374
22.33,48.47,-0.374
22.33,48.46,-0.374
22.33,48.44,-0.374
22.33,48.42,-0.374
22.34,48.41,-0.374
22.34,48.39,-0.374
22.34,48.38,-0.374
22.34,48.36,-0.374
22.34,48.34,-0.374
22.34,48.32,-0.374
22.35,48.31,-0.374
22.35,48.29,-0.374
22.35,48.27,-0.374
22.35,48.26,-0.374
22.35,48.24,-0.374
22.36,48.22,-0.374
22.36,48.21,-0.374
22.36,48.19,-0.374
22.36,48.17,-0.374
22.36,48.16,-0.374
22.36,48.14,-0.374
22.37,48.12,-0.374
22.37,48.11,-0.374
22.37,48.09,-0.374
22.37,48.08,-0.374
22.37,48.06,-0.374
22.37,48.04,-0.374
22.38,48.03,-0.373
22.38,48.01,-0.373
22.38,47.99,-0.373
22.38,47.97,-0.373
22.38,47.96,-0.373
22.38,47.94,-0.373
22.38,47.92,-0.373
22.39,47.91,-0.373
22.39,47.89,-0.373
22.39,47.88,-0.373
22.39,47.86,-0.373
22.39,47.84,-0.373
22.39,47.82,-0.373
22.40,47.81,-0.373
22.40,47.79,-0.373
22.40,47.77,-0.373
22.40,47.76,-0.373
22.40,47.74,-0.373
22.41,47.72,-0.373
22.41,47.71,-0.373
22.41,47.69,-0.373
22.41,47.67,-0.373
22.41,47.66,-0.373
22.41,47.64,-0.373
22.42,47.62,-0.373
22.42,47.61,-0.373
22.42,47.59,-0.373
22.42,47.58,-0.373
22.42,47.56,-0.373
22.42,47.54,-0.373
22.43,47.52,-0.373
22.43,47.51,-0.373
22.43,47.49,-0.373
22.43,47.48,-0.373
22.43,47.46,-0.373
22.43,47.44,-0.373
22.43,47.42,-0.373
22.44,47.41,-0.373
22.44,47.39,-0.373
22.44,47.37,-0.373
22.44,47.36,-0.373
22.44,47.34,-0.373
22.44,47.33,-0.373
22.45,47.31,-0.373
22.45,47.29,-0.373
22.45,47.27,-0.373
22.45,47.26,-0.373
22.45,47.24,-0.373
22.46,47.22,-0.373
22.46,47.21,-0.373
22.46,47.19,-0.373
22.46,47.18,-0.373
22.46,47.16,-0.373
22.46,47.14,-0.373
22.47,47.12,-0.373
22.47,47.11,-0.373
22.47,47.09,-0.373
22.47,47.07,-0.373
22.47,47.06,-0.373
22.47,47.04,-0.373
22.48,47.02,-0.373
22.48,47.01,-0.373
22.48,46.99,-0.373
22.48,46.97,-0.373
22.48,46.96,-0.373
22.48,46.94,-0.373
22.48,46.93,-0.372
22.49,46.91,-0.372
22.49,46.89,-0.372
22.49,46.87,-0.372
22.49,46.86,-0.372
22.49,46.84,-0.372
22.49,46.83,-0.372
22.50,46.81,-0.372
22.50,46.79,-0.372
22.50,46.78,-0.372
22.50,46.76,-0.372
22.50,46.74,-0.372
22.51,46.73,-0.372
22.51,46.71,-0.372
22.51,46.69,-0.372
22.51,46.67,-0.372
22.51,46.66,-0.372
22.51,46.64,-0.372
22.52,46.63,-0.372
22.52,46.61,-0.372
22.52,46.59,-0.372
22.52,46.58,-0.372
22.52,46.56,-0.372
22.52,46.54,-0.372
22.53,46.53,-0.372
22.53,46.51,-0.372
22.53,46.49,-0.372
22.53,46.48,-0.372
22.53,46.46,-0.372
22.53,46.44,-0.372
22.53,46.43,-0.372
22.54,46.41,-0.372
22.54,46.39,-0.372
22.54,46.37,-0.372
22.54,46.36,-0.372
22.54,46.34,-0.372
22.54,46.33,-0.372
22.55,46.31,-0.372
22.55,46.29,-0.372
22.55,46.28,-0.372
22.55,46.26,-0.372
22.55,46.24,-0.372
22.56,46.23,-0.372
22.56,46.21,-0.372
22.56,46.19,-0.372
22.56,46.18,-0.372
22.56,46.16,-0.372
22.56,46.14,-0.372
22.57,46.13,-0.372
22.57,46.11,-0.372
22.57,46.09,-0.372
22.57,46.08,-0.372
22.57,46.06,-0.372
22.57,46.04,-0.372
22.58,46.03,-0.372
22.58,46.01,-0.372
22.58,45.99,-0.372
22.58,45.98,-0.372
22.58,45.96,-0.372
22.58,45.94,-0.372
22.58,45.93,-0.372
22.59,45.91,-0.372
22.59,45.89,-0.372
22.59,45.88,-0.372
22.59,45.86,-0.372
22.59,45.84,-0.372
22.59,45.83,-0.372
22.60,45.81,-0.372
22.60,45.79,-0.372
22.60,45.78,-0.372
22.60,45.76,-0.372
22.60,45.74,-0.372
22.61,45.73,-0.372
22.61,45.71,-0.372
22.61,45.69,-0.371
22.61,45.68,-0.371
22.61,45.66,-0.371
22.61,45.64,-0.371
22.62,45.63,-0.371
22.62,45.61,-0.371
22.62,45.59,-0.371
22.62,45.58,-0.371
22.62,45.56,-0.371
22.62,45.54,-0.371
22.63,45.53,-0.371
22.63,45.51,-0.371
22.63,45.49,-0.371
22.63,45.48,-0.371
22.63,45.46,-0.371
22.63,45.44,-0.371
22.63,45.43,-0.371
22.64,45.41,-0.371
22.64,45.39,-0.371
22.64,45.38,-0.371
22.64,45.36,-0.371
22.64,45.34,-0.371
22.64,45.33,-0.371
22.65,45.31,-0.371
22.65,45.29,-0.371
22.65,45.28,-0.371
22.65,45.26,-0.371
22.65,45.24,-0.371
22.66,45.23,-0.371
22.66,45.21,-0.371
22.66,45.19,-0.371
22.66,45.18,-0.371
22.66,45.16,-0.371
22.66,45.14,-0.371
22.67,45.13,-0.371
22.67,45.11,-0.371
22.67,45.09,-0.371
22.67,45.08,-0.371
22.67,45.06,-0.371
22.67,45.04,-0.371
22.68,45.03,-0.371
22.68,45.01,-0.371
22.68,44.99,-0.371
22.68,44.98,-0.371
22.68,44.96,-0.371
22.68,44.94,-0.371
22.68,44.93,-0.371
22.69,44.91,-0.371
22.69,44.89,-0.371
22.69,44.88,-0.371
22.69,44.86,-0.371
22.69,44.84,-0.371
22.69,44.83,-0.371
22.70,44.81,-0.371
22.70,44.79,-0.371
22.70,44.78,-0.371
22.70,44.76,-0.371
22.70,44.74,-0.371
22.71,44.73,-0.371
22.71,44.71,-0.371
22.71,44.69,-0.371
22.71,44.68,-0.371
22.71,44.66,-0.371
22.71,44.64,-0.371
22.72,44.63,-0.371
22.72,44.61,-0.371
22.72,44.59,-0.371
22.72,44.58,-0.371
22.72,44.56,-0.371
22.72,44.54,-0.371
22.73,44.53,-0.371
22.73,44.51,-0.371
22.73,44.49,-0.371
22.73,44.48,-0.370
22.73,44.46,-0.370
22.73,44.44,-0.370
22.73,44.43,-0.370
22.74,44.41,-0.370
22.74,44.39,-0.370
22.74,44.38,-0.370
22.74,44.36,-0.370
22.74,44.34,-0.370
22.74,44.33,-0.370
22.75,44.31,-0.370
22.75,44.29,-0.370
22.75,44.28,-0.370
22.75,44.26,-0.370
22.75,44.24,-0.370
22.76,44.23,-0.370
22.76,44.21,-0.370
22.76,44.19,-0.370
22.76,44.18,-0.370
22.76,44.16,-0.370
22.76,44.14,-0.370
22.77,44.13,-0.370
22.77,44.11,-0.370
22.77,44.09,-0.370
22.77,44.08,-0.370
22.77,44.06,-0.370
22.77,44.04,-0.370
22.78,44.03,-0.370
22.78,44.01,-0.370
22.78,44.00,-0.370
22.78,43.98,-0.370
22.78,43.96,-0.370
22.78,43.94,-0.370
22.78,43.93,-0.370
22.79,43.91,-0.370
22.79,43.90,-0.370
22.79,43.88,-0.370
22.79,43.86,-0.370
22.79,43.84,-0.370
22.79,43.83,-0.370
22.80,43.81,-0.370
22.80,43.79,-0.370
22.80,43.78,-0.370
22.80,43.76,-0.370
22.80,43.75,-0.370
22.81,43.73,-0.370
22.81,43.71,-0.370
22.81,43.69,-0.370
22.81,43.68,-0.370
22.81,43.66,-0.370
22.81,43.64,-0.370
22.82,43.63,-0.370
22.82,43.61,-0.370
22.82,43.59,-0.370
22.82,43.58,-0.370
22.82,43.56,-0.370
22.82,43.54,-0.370
22.83,43.53,-0.370
22.83,43.51,-0.370
22.83,43.50,-0.369
22.83,43.48,-0.369
22.83,43.46,-0.369
22.83,43.44,-0.369
22.83,43.43,-0.369
22.84,43.41,-0.369
22.84,43.40,-0.369
22.84,43.38,-0.369
22.84,43.36,-0.369
22.84,43.35,-0.369
22.84,43.33,-0.369
22.85,43.31,-0.369
22.85,43.30,-0.369
22.85,43.28,-0.369
22.85,43.26,-0.369
22.85,43.24,-0.369
22.86,43.23,-0.369
22.86,43.21,-0.369
22.86,43.19,-0.369
22.86,43.18,-0.369
22.86,43.16,-0.369
22.86,43.14,-0.369
22.87,43.13,-0.369
22.87,43.11,-0.369
22.87,43.10,-0.369
22.87,43.08,-0.369
22.87,43.06,-0.369
22.87,43.05,-0.369
22.88,43.03,-0.369
22.88,43.01,-0.369
22.88,43.00,-0.369
22.88,42.98,-0.369
22.88,42.96,-0.369
22.88,42.95,-0.369
22.88,42.93,-0.369
22.89,42.91,-0.369
22.89,42.89,-0.369
22.89,42.88,-0.369
22.89,42.86,-0.369
22.89,42.85,-0.369
22.89,42.83,-0.369
22.90,42.81,-0.369
22.90,42.79,-0.369
22.90,42.78,-0.369
22.90,42.76,-0.369
22.90,42.74,-0.369
22.91,42.73,-0.369
22.91,42.71,-0.369
22.91,42.70,-0.369
22.91,42.68,-0.369
22.91,42.66,-0.369
22.91,42.65,-0.369
22.92,42.63,-0.369
22.92,42.61,-0.369
22.92,42.60,-0.369
22.92,42.58,-0.369
22.92,42.56,-0.369
22.92,42.55,-0.369
22.93,42.53,-0.369
22.93,42.51,-0.369
22.93,42.50,-0.369
22.93,42.48,-0.369
22.93,42.46,-0.369
22.93,42.45,-0.369
22.93,42.43,-0.369
22.94,42.41,-0.369
22.94,42.40,-0.369
22.94,42.38,-0.369
22.94,42.36,-0.369
22.94,42.35,-0.369
22.94,42.33,-0.369
22.95,42.31,-0.369
22.95,42.30,-0.368
22.95,42.28,-0.368
22.95,42.26,-0.368
22.95,42.25,-0.368
22.96,42.23,-0.368
22.96,42.21,-0.368
22.96,42.20,-0.368
22.96,42.18,-0.368
22.96,42.16,-0.368
22.96,42.15,-0.368
22.97,42.13,-0.368
22.97,42.11,-0.368
22.97,42.10,-0.368
22.97,42.08,-0.368
22.97,42.06,-0.368
22.97,42.05,-0.368
22.98,42.03,-0.368
22.98,42.01,-0.368
22.98,42.00,-0.368
22.98,41.98,-0.368
22.98,41.96,-0.368
22.98,41.95,-0.368
22.98,41.93,-0.368
22.99,41.91,-0.368
22.99,41.90,-0.368
22.99,41.88,-0.368
22.99,41.86,-0.368
22.99,41.85,-0.368
22.99,41.83,-0.368
23.00,41.81,-0.368
23.00,41.80,-0.368
23.00,41.78,-0.368
23.00,41.76,-0.368
23.00,41.75,-0.368
23.01,41.73,-0.368
23.01,41.71,-0.368
23.01,41.70,-0.368
23.01,41.68,-0.368
23.01,41.66,-0.368
23.01,41.65,-0.368
23.02,41.63,-0.368
23.02,41.61,-0.368
23.02,41.60,-0.368
23.02,41.58,-0.368
23.02,41.56,-0.368
23.02,41.55,-0.368
23.03,41.53,-0.368
23.03,41.51,-0.368
23.03,41.50,-0.368
23.03,41.48,-0.368
23.03,41.46,-0.368
23.03,41.45,-0.368
23.03,41.43,-0.368
23.04,41.41,-0.368
23.04,41.40,-0.368
23.04,41.38,-0.368
23.04,41.36,-0.368
23.04,41.35,-0.368
23.04,41.33,-0.368
23.05,41.31,-0.368
23.05,41.30,-0.368
23.05,41.28,-0.368
23.05,41.26,-0.368
23.05,41.25,-0.368
23.06,41.23,-0.368
23.06,41.21,-0.368
23.06,41.20,-0.368
23.06,41.18,-0.367
23.06,41.16,-0.367
23.06,41.15,-0.367
23.07,41.13,-0.367
23.07,41.11,-0.367
23.07,41.10,-0.367
23.07,41.08,-0.367
23.07,41.06,-0.367
23.07,41.05,-0.367
23.08,41.03,-0.367
23.08,41.01,-0.367
23.08,41.00,-0.367
23.08,40.98,-0.367
23.08,40.96,-0.367
23.08,40.95,-0.367
23.08,40.93,-0.367
23.09,40.91,-0.367
23.09,40.90,-0.367
23.09,40.88,-0.367
23.09,40.86,-0.367
23.09,40.85,-0.367
23.09,40.83,-0.367
23.10,40.81,-0.367
23.10,40.80,-0.367
23.10,40.78,-0.367
23.10,40.76,-0.367
23.10,40.75,-0.367
23.11,40.73,-0.367
23.11,40.71,-0.367
23.11,40.70,-0.367
23.11,40.68,-0.367
23.11,40.67,-0.367
23.11,40.65,-0.367
23.12,40.63,-0.367
23.12,40.61,-0.367
23.12,40.60,-0.367
23.12,40.58,-0.367
23.12,40.56,-0.367
23.12,40.55,-0.367
23.13,40.53,-0.367
23.13,40.51,-0.367
23.13,40.50,-0.367
23.13,40.48,-0.367
23.13,40.47,-0.367
23.13,40.45,-0.367
23.13,40.43,-0.367
23.14,40.41,-0.367
23.14,40.40,-0.367
23.14,40.38,-0.367
23.14,40.36,-0.367
23.14,40.35,-0.367
23.14,40.33,-0.367
23.15,40.32,-0.367
23.15,40.30,-0.367
23.15,40.28,-0.367
23.15,40.26,-0.367
23.15,40.25,-0.367
23.16,40.23,-0.367
23.16,40.21,-0.367
23.16,40.20,-0.367
23.16,40.18,-0.367
23.16,40.16,-0.367
23.16,40.15,-0.367
23.17,40.13,-0.367
23.17,40.12,-0.367
23.17,40.10,-0.366
23.17,40.08,-0.366
23.17,40.06,-0.366
23.17,40.05,-0.366
23.18,40.03,-0.366
23.18,40.02,-0.366
23.18,40.00,-0.366
23.18,39.98,-0.366
23.18,39.97,-0.366
23.18,39.95,-0.366
23.18,39.93,-0.366
23.19,39.91,-0.366
23.19,39.90,-0.366
23.19,39.88,-0.366
23.19,39.87,-0.366
23.19,39.85,-0.366
23.19,39.83,-0.366
23.20,39.82,-0.366
23.20,39.80,-0.366
23.20,39.78,-0.366
23.20,39.77,-0.366
23.20,39.75,-0.366
23.21,39.73,-0.366
23.21,39.72,-0.366
23.21,39.70,-0.366
23.21,39.68,-0.366
23.21,39.67,-0.366
23.21,39.65,-0.366
23.22,39.63,-0.366
23.22,39.61,-0.366
23.22,39.60,-0.366
23.22,39.58,-0.366
23.22,39.57,-0.366
23.22,39.55,-0.366
23.23,39.53,-0.366
23.23,39.52,-0.366
23.23,39.50,-0.366
23.23,39.48,-0.366
23.23,39.47,-0.366
23.23,39.45,-0.366
23.23,39.43,-0.366
23.24,39.42,-0.366
23.24,39.40,-0.366
23.24,39.38,-0.366
23.24,39.37,-0.366
23.24,39.35,-0.366
23.24,39.33,-0.366
23.25,39.32,-0.366
23.25,39.30,-0.366
23.25,39.28,-0.366
23.25,39.27,-0.366
23.25,39.25,-0.366
23.26,39.23,-0.366
23.26,39.22,-0.366
23.26,39.20,-0.366
23.26,39.18,-0.366
23.26,39.17,-0.366
23.26,39.15,-0.366
23.27,39.13,-0.366
23.27,39.12,-0.366
23.27,39.10,-0.366
23.27,39.08,-0.366
23.27,39.07,-0.366
23.27,39.05,-0.366
23.28,39.03,-0.366
23.28,39.02,-0.366
23.28,39.00,-0.366
23.28,38.98,-0.366
23.28,38.96,-0.366
23.28,38.95,-0.366
23.28,38.93,-0.366
23.29,38.92,-0.366
23.29,38.90,-0.365
23.29,38.88,-0.365
23.29,38.87,-0.365
23.29,38.85,-0.365
23.29,38.83,-0.365
23.30,38.82,-0.365
23.30,38.80,-0.365
23.30,38.78,-0.365
23.30,38.77,-0.365
23.30,38.75,-0.365
23.31,38.73,-0.365
23.31,38.72,-0.365
23.31,38.70,-0.365
23.31,38.68,-0.365
23.31,38.67,-0.365
23.31,38.65,-0.365
23.32,38.63,-0.365
23.32,38.62,-0.365
23.32,38.60,-0.365
23.32,38.58,-0.365
23.32,38.57,-0.365
23.32,38.55,-0.365
23.33,38.53,-0.365
23.33,38.52,-0.365
23.33,38.50,-0.365
23.33,38.48,-0.365
23.33,38.47,-0.365
23.33,38.45,-0.365
23.33,38.43,-0.365
23.34,38.42,-0.365
23.34,38.40,-0.365
23.34,38.38,-0.365
23.34,38.37,-0.365
23.34,38.35,-0.365
23.34,38.33,-0.365
23.35,38.32,-0.365
23.35,38.30,-0.365
23.35,38.28,-0.365
23.35,38.27,-0.365
23.35,38.25,-0.365
23.36,38.23,-0.365
23.36,38.22,-0.365
23.36,38.20,-0.365
23.36,38.18,-0.365
23.36,38.17,-0.365
23.36,38.15,-0.365
23.37,38.13,-0.365
23.37,38.12,-0.365
23.37,38.10,-0.365
23.37,38.08,-0.365
23.37,38.07,-0.365
23.37,38.05,-0.365
23.38,38.03,-0.365
23.38,38.02,-0.365
23.38,38.00,-0.365
23.38,37.98,-0.365
23.38,37.97,-0.365
23.38,37.95,-0.365
23.38,37.93,-0.365
23.39,37.92,-0.365
23.39,37.90,-0.365
23.39,37.88,-0.365
23.39,37.87,-0.365
23.39,37.85,-0.365
23.39,37.83,-0.365
23.40,37.82,-0.365
23.40,37.80,-0.365
23.40,37.78,-0.365
23.40,37.77,-0.365
23.40,37.75,-0.365
23.41,37.73,-0.364
23.41,37.72,-0.364
23.41,37.70,-0.364
23.41,37.68,-0.364
23.41,37.67,-0.364
23.41,37.65,-0.364
23.42,37.63,-0.364
23.42,37.62,-0.364
23.42,37.60,-0.364
23.42,37.58,-0.364
23.42,37.57,-0.364
23.42,37.55,-0.364
23.43,37.53,-0.364
23.43,37.52,-0.364
23.43,37.50,-0.364
23.43,37.48,-0.364
23.43,37.47,-0.364
23.43,37.45,-0.364
23.43,37.43,-0.364
23.44,37.42,-0.364
23.44,37.40,-0.364
23.44,37.38,-0.364
23.44,37.37,-0.364
23.44,37.35,-0.364
23.44,37.33,-0.364
23.45,37.32,-0.364
23.45,37.30,-0.364
23.45,37.28,-0.364
23.45,37.27,-0.364
23.45,37.25,-0.364
23.46,37.23,-0.364
23.46,37.22,-0.364
23.46,37.20,-0.364
23.46,37.18,-0.364
23.46,37.17,-0.364
23.46,37.15,-0.364
23.47,37.14,-0.364
23.47,37.12,-0.364
23.47,37.10,-0.364
23.47,37.08,-0.364
23.47,37.07,-0.364
23.47,37.05,-0.364
23.48,37.03,-0.364
23.48,37.02,-0.364
23.48,37.00,-0.364
23.48,36.98,-0.364
23.48,36.97,-0.364
23.48,36.95,-0.364
23.48,36.93,-0.364
23.49,36.92,-0.364
23.49,36.90,-0.364
23.49,36.88,-0.364
23.49,36.87,-0.364
23.49,36.85,-0.364
23.49,36.84,-0.364
23.50,36.82,-0.364
23.50,36.80,-0.364
23.50,36.78,-0.364
23.50,36.77,-0.364
23.50,36.75,-0.364
23.51,36.73,-0.364
23.51,36.72,-0.364
23.51,36.70,-0.364
23.51,36.68,-0.364
23.51,36.67,-0.364
23.51,36.65,-0.364
23.52,36.64,-0.364
23.52,36.62,-0.364
23.52,36.60,-0.364
23.52,36.58,-0.364
23.52,36.57,-0.364
23.52,36.55,-0.364
23.53,36.53,-0.364
23.53,36.52,-0.363
23.53,36.50,-0.363
23.53,36.48,-0.363
23.53,36.47,-0.363
23.53,36.45,-0.363
23.53,36.44,-0.363
23.54,36.42,-0.363
23.54,36.40,-0.363
23.54,36.39,-0.363
23.54,36.37,-0.363
23.54,36.35,-0.363
23.54,36.34,-0.363
23.55,36.32,-0.363
23.55,36.30,-0.363
23.55,36.29,-0.363
23.55,36.27,-0.363
23.55,36.25,-0.363
23.56,36.24,-0.363
23.56,36.22,-0.363
23.56,36.20,-0.363
23.56,36.19,-0.363
23.56,36.17,-0.363
23.56,36.15,-0.363
23.57,36.14,-0.363
23.57,36.12,-0.363
23.57,36.10,-0.363
23.57,36.09,-0.363
23.57,36.07,-0.363
23.57,36.05,-0.363
23.58,36.04,-0.363
23.58,36.02,-0.363
23.58,36.00,-0.363
23.58,35.99,-0.363
23.58,35.97,-0.363
23.58,35.95,-0.363
23.58,35.94,-0.363
23.59,35.92,-0.363
23.59,35.90,-0.363
23.59,35.89,-0.363
23.59,35.87,-0.363
23.59,35.85,-0.363
23.59,35.84,-0.363
23.60,35.82,-0.363
23.60,35.80,-0.363
23.60,35.79,-0.363
23.60,35.77,-0.363
23.60,35.75,-0.363
23.61,35.74,-0.363
23.61,35.72,-0.363
23.61,35.70,-0.363
23.61,35.69,-0.363
23.61,35.67,-0.363
23.61,35.65,-0.363
23.62,35.64,-0.363
23.62,35.62,-0.363
23.62,35.60,-0.363
23.62,35.59,-0.363
23.62,35.57,-0.363
23.62,35.55,-0.363
23.63,35.54,-0.363
23.63,35.52,-0.363
23.63,35.50,-0.363
23.63,35.49,-0.363
23.63,35.47,-0.363
23.63,35.45,-0.363
23.63,35.44,-0.363
23.64,35.42,-0.363
23.64,35.40,-0.363
23.64,35.39,-0.363
23.64,35.37,-0.363
23.64,35.35,-0.363
23.64,35.34,-0.362
23.65,35.32,-0.362
23.65,35.30,-0.362
23.65,35.29,-0.362
23.65,35.27,-0.362
23.65,35.25,-0.362
23.66,35.24,-0.362
23.66,35.22,-0.362
23.66,35.20,-0.362
23.66,35.19,-0.362
23.66,35.17,-0.362
23.66,35.15,-0.362
23.67,35.14,-0.362
23.67,35.12,-0.362
23.67,35.10,-0.362
23.67,35.09,-0.362
23.67,35.07,-0.362
23.67,35.05,-0.362
23.68,35.04,-0.362
23.68,35.02,-0.362
23.68,35.00,-0.362
23.68,34.99,-0.362
23.68,34.97,-0.362
23.68,34.95,-0.362
23.68,34.94,-0.362
23.69,34.92,-0.362
23.69,34.90,-0.362
23.69,34.89,-0.362
23.69,34.87,-0.362
23.69,34.85,-0.362
23.69,34.84,-0.362
23.70,34.82,-0.362
23.70,34.81,-0.362
23.70,34.79,-0.362
23.70,34.77,-0.362
23.70,34.75,-0.362
23.71,34.74,-0.362
23.71,34.72,-0.362
23.71,34.70,-0.362
23.71,34.69,-0.362
23.71,34.67,-0.362
23.71,34.65,-0.362
23.72,34.64,-0.362
23.72,34.62,-0.362
23.72,34.60,-0.362
23.72,34.59,-0.362
23.72,34.57,-0.362
23.72,34.55,-0.362
23.73,34.54,-0.362
23.73,34.52,-0.362
23.73,34.51,-0.362
23.73,34.49,-0.362
23.73,34.47,-0.362
23.73,34.45,-0.362
23.73,34.44,-0.362
23.74,34.42,-0.362
23.74,34.41,-0.362
23.74,34.39,-0.362
23.74,34.37,-0.362
23.74,34.35,-0.362
23.74,34.34,-0.362
23.75,34.32,-0.362
23.75,34.30,-0.362
23.75,34.29,-0.362
23.75,34.27,-0.362
23.75,34.26,-0.362
23.76,34.24,-0.362
23.76,34.22,-0.362
23.76,34.20,-0.362
23.76,34.19,-0.362
23.76,34.17,-0.361
23.76,34.16,-0.361
23.77,34.14,-0.361
23.77,34.12,-0.361
23.77,34.11,-0.361
23.77,34.09,-0.361
23.77,34.07,-0.361
23.77,34.06,-0.361
23.78,34.04,-0.361
23.78,34.02,-0.361
23.78,34.01,-0.361
23.78,33.99,-0.361
23.78,33.97,-0.361
23.78,33.96,-0.361
23.78,33.94,-0.361
23.79,33.92,-0.361
23.79,33.91,-0.361
23.79,33.89,-0.361
23.79,33.87,-0.361
23.79,33.86,-0.361
23.79,33.84,-0.361
23.80,33.82,-0.361
23.80,33.81,-0.361
23.80,33.79,-0.361
23.80,33.77,-0.361
23.80,33.76,-0.361
23.81,33.74,-0.361
23.81,33.72,-0.361
23.81,33.71,-0.361
23.81,33.69,-0.361
23.81,33.67,-0.361
23.81,33.66,-0.361
23.82,33.64,-0.361
23.82,33.62,-0.361
23.82,33.61,-0.361
23.82,33.59,-0.361
23.82,33.57,-0.361
23.82,33.55,-0.361
23.83,33.54,-0.361
23.83,33.52,-0.361
23.83,33.51,-0.361
23.83,33.49,-0.361
23.83,33.47,-0.361
23.83,33.46,-0.361
23.83,33.44,-0.361
23.84,33.42,-0.361
23.84,33.41,-0.361
23.84,33.39,-0.361
23.84,33.37,-0.361
23.84,33.35,-0.361
23.84,33.34,-0.361
23.85,33.32,-0.361
23.85,33.30,-0.361
23.85,33.29,-0.361
23.85,33.27,-0.361
23.85,33.25,-0.361
23.86,33.24,-0.361
23.86,33.22,-0.361
23.86,33.21,-0.361
23.86,33.19,-0.361
23.86,33.17,-0.361
23.86,33.16,-0.361
23.87,33.14,-0.361
23.87,33.12,-0.361
23.87,33.11,-0.361
23.87,33.09,-0.361
23.87,33.07,-0.361
23.87,33.06,-0.361
23.88,33.04,-0.361
23.88,33.02,-0.361
23.88,33.00,-0.361
23.88,32.99,-0.361
23.88,32.97,-0.361
23.88,32.96,-0.361
23.88,32.94,-0.360
23.89,32.92,-0.360
23.89,32.90,-0.360
23.89,32.89,-0.360
23.89,32.87,-0.360
23.89,32.86,-0.360
23.89,32.84,-0.360
23.90,32.82,-0.360
23.90,32.81,-0.360
23.90,32.79,-0.360
23.90,32.77,-0.360
23.90,32.76,-0.360
23.91,32.74,-0.360
23.91,32.72,-0.360
23.91,32.71,-0.360
23.91,32.69,-0.360
23.91,32.67,-0.360
23.91,32.66,-0.360
23.92,32.64,-0.360
23.92,32.62,-0.360
23.92,32.61,-0.360
23.92,32.59,-0.360
23.92,32.57,-0.360
23.92,32.56,-0.360
23.93,32.54,-0.360
23.93,32.52,-0.360
23.93,32.51,-0.360
23.93,32.49,-0.360
23.93,32.47,-0.360
23.93,32.46,-0.360
23.93,32.44,-0.360
23.94,32.42,-0.360
23.94,32.41,-0.360
23.94,32.39,-0.360
23.94,32.37,-0.360
23.94,32.36,-0.360
23.94,32.34,-0.360
23.95,32.32,-0.360
23.95,32.31,-0.360
23.95,32.29,-0.360
23.95,32.27,-0.360
23.95,32.26,-0.360
23.96,32.24,-0.360
23.96,32.22,-0.360
23.96,32.21,-0.360
23.96,32.19,-0.360
23.96,32.17,-0.360
23.96,32.16,-0.360
23.97,32.14,-0.360
23.97,32.12,-0.360
23.97,32.11,-0.360
23.97,32.09,-0.360
23.97,32.07,-0.360
23.97,32.06,-0.360
23.98,32.04,-0.360
23.98,32.02,-0.360
23.98,32.01,-0.360
23.98,31.99,-0.359
23.98,31.97,-0.359
23.98,31.96,-0.359
23.98,31.94,-0.359
23.99,31.92,-0.359
23.99,31.91,-0.359
23.99,31.89,-0.359
23.99,31.87,-0.359
23.99,31.86,-0.359
23.99,31.84,-0.359
24.00,31.82,-0.359
24.00,31.81,-0.359
24.00,31.79,-0.359
24.00,31.77,-0.359
24.00,31.76,-0.359
24.01,31.74,-0.359
24.01,31.72,-0.359
24.01,31.71,-0.359
24.01,31.69,-0.359
24.01,31.67,-0.359
24.01,31.66,-0.359
24.02,31.64,-0.359
24.02,31.62,-0.359
24.02,31.61,-0.359
24.02,31.59,-0.359
24.02,31.57,-0.359
24.02,31.56,-0.359
24.03,31.54,-0.359
24.03,31.52,-0.359
24.03,31.51,-0.359
24.03,31.49,-0.359
24.03,31.47,-0.359
24.03,31.46,-0.359
24.03,31.44,-0.359
24.04,31.42,-0.359
24.04,31.41,-0.359
24.04,31.39,-0.359
24.04,31.37,-0.359
24.04,31.36,-0.359
24.04,31.34,-0.359
24.05,31.32,-0.359
24.05,31.31,-0.359
24.05,31.29,-0.359
24.05,31.27,-0.359
24.05,31.26,-0.359
24.06,31.24,-0.359
24.06,31.22,-0.359
24.06,31.21,-0.359
24.06,31.19,-0.359
24.06,31.17,-0.359
24.06,31.16,-0.359
24.07,31.14,-0.359
24.07,31.12,-0.359
24.07,31.11,-0.359
24.07,31.09,-0.359
24.07,31.07,-0.359
24.07,31.06,-0.359
24.08,31.04,-0.359
24.08,31.02,-0.359
24.08,31.01,-0.359
24.08,30.99,-0.359
24.08,30.97,-0.359
24.08,30.96,-0.359
24.08,30.94,-0.359
24.09,30.92,-0.359
24.09,30.91,-0.359
24.09,30.89,-0.359
24.09,30.87,-0.359
24.09,30.86,-0.359
24.09,30.84,-0.359
24.10,30.82,-0.359
24.10,30.81,-0.359
24.10,30.79,-0.359
24.10,30.77,-0.358
24.10,30.76,-0.358
24.11,30.74,-0.358
24.11,30.72,-0.358
24.11,30.71,-0.358
24.11,30.69,-0.358
24.11,30.68,-0.358
24.11,30.66,-0.358
24.12,30.64,-0.358
24.12,30.62,-0.358
24.12,30.61,-0.358
24.12,30.59,-0.358
24.12,30.58,-0.358
24.12,30.56,-0.358
24.13,30.54,-0.358
24.13,30.52,-0.358
24.13,30.51,-0.358
24.13,30.49,-0.358
24.13,30.48,-0.358
24.13,30.46,-0.358
24.13,30.44,-0.358
24.14,30.43,-0.358
24.14,30.41,-0.358
24.14,30.39,-0.358
24.14,30.38,-0.358
24.14,30.36,-0.358
24.14,30.34,-0.358
24.15,30.33,-0.358
24.15,30.31,-0.358
24.15,30.29,-0.358
24.15,30.27,-0.358
24.15,30.26,-0.358
24.16,30.24,-0.358
24.16,30.23,-0.358
24.16,30.21,-0.358
24.16,30.19,-0.358
24.16,30.18,-0.358
24.16,30.16,-0.358
24.17,30.14,-0.358
24.17,30.13,-0.358
24.17,30.11,-0.358
24.17,30.09,-0.358
24.17,30.07,-0.358
24.17,30.06,-0.358
24.18,30.04,-0.358
24.18,30.02,-0.358
24.18,30.01,-0.358
24.18,29.99,-0.358
24.18,29.98,-0.358
24.18,29.96,-0.358
24.18,29.94,-0.358
24.19,29.93,-0.358
24.19,29.91,-0.358
24.19,29.89,-0.358
24.19,29.88,-0.358
24.19,29.86,-0.358
24.19,29.84,-0.358
24.20,29.83,-0.358
24.20,29.81,-0.358
24.20,29.79,-0.358
24.20,29.78,-0.358
24.20,29.76,-0.358
24.21,29.74,-0.358
24.21,29.73,-0.358
24.21,29.71,-0.358
24.21,29.69,-0.358
24.21,29.68,-0.358
24.21,29.66,-0.358
24.22,29.64,-0.358
24.22,29.63,-0.358
24.22,29.61,-0.358
24.22,29.59,-0.358
24.22,29.58,-0.358
24.22,29.56,-0.358
24.23,29.54,-0.358
24.23,29.53,-0.358
24.23,29.51,-0.358
24.23,29.49,-0.358
24.23,29.48,-0.357
24.23,29.46,-0.357
24.23,29.44,-0.357
24.24,29.43,-0.357
24.24,29.41,-0.357
24.24,29.39,-0.357
24.24,29.38,-0.357
24.24,29.36,-0.357
24.24,29.34,-0.357
24.25,29.32,-0.357
24.25,29.31,-0.357
24.25,29.29,-0.357
24.25,29.28,-0.357
24.25,29.26,-0.357
24.26,29.24,-0.357
24.26,29.23,-0.357
24.26,29.21,-0.357
24.26,29.19,-0.357
24.26,29.18,-0.357
24.26,29.16,-0.357
24.27,29.14,-0.357
24.27,29.13,-0.357
24.27,29.11,-0.357
24.27,29.09,-0.357
24.27,29.08,-0.357
24.27,29.06,-0.357
24.28,29.04,-0.357
24.28,29.03,-0.357
24.28,29.01,-0.357
24.28,28.99,-0.357
24.28,28.98,-0.357
24.28,28.96,-0.357
24.28,28.94,-0.357
24.29,28.93,-0.357
24.29,28.91,-0.357
24.29,28.89,-0.357
24.29,28.88,-0.357
24.29,28.86,-0.357
24.29,28.84,-0.357
24.30,28.83,-0.357
24.30,28.81,-0.357
24.30,28.79,-0.357
24.30,28.78,-0.357
24.30,28.76,-0.357
24.31,28.74,-0.357
24.31,28.73,-0.357
24.31,28.71,-0.357
24.31,28.69,-0.357
24.31,28.68,-0.357
24.31,28.66,-0.357
24.32,28.64,-0.357
24.32,28.63,-0.357
24.32,28.61,-0.357
24.32,28.59,-0.357
24.32,28.58,-0.357
24.32,28.56,-0.357
24.33,28.54,-0.357
24.33,28.53,-0.357
24.33,28.51,-0.357
24.33,28.49,-0.357
24.33,28.48,-0.357
24.33,28.46,-0.357
24.33,28.44,-0.357
24.34,28.43,-0.357
24.34,28.41,-0.357
24.34,28.39,-0.357
24.34,28.38,-0.357
24.34,28.36,-0.357
24.34,28.34,-0.357
24.35,28.33,-0.357
24.35,28.31,-0.357
24.35,28.29,-0.357
24.35,28.28,-0.357
24.35,28.26,-0.357
24.36,28.24,-0.357
24.36,28.23,-0.356
24.36,28.21,-0.356
24.36,28.19,-0.356
24.36,28.18,-0.356
24.36,28.16,-0.356
24.37,28.14,-0.356
24.37,28.13,-0.356
24.37,28.11,-0.356
24.37,28.09,-0.356
24.37,28.08,-0.356
24.37,28.06,-0.356
24.38,28.04,-0.356
24.38,28.03,-0.356
24.38,28.01,-0.356
24.38,27.99,-0.356
24.38,27.98,-0.356
24.38,27.96,-0.356
24.38,27.94,-0.356
24.39,27.93,-0.356
24.39,27.91,-0.356
24.39,27.89,-0.356
24.39,27.88,-0.356
24.39,27.86,-0.356
24.39,27.84,-0.356
24.40,27.83,-0.356
24.40,27.81,-0.356
24.40,27.79,-0.356
24.40,27.78,-0.356
24.40,27.76,-0.356
24.41,27.74,-0.356
24.41,27.73,-0.356
24.41,27.71,-0.356
24.41,27.69,-0.356
24.41,27.68,-0.356
24.41,27.66,-0.356
24.42,27.65,-0.356
24.42,27.63,-0.356
24.42,27.61,-0.356
24.42,27.59,-0.356
24.42,27.58,-0.356
24.42,27.56,-0.356
24.43,27.54,-0.356
24.43,27.53,-0.356
24.43,27.51,-0.356
24.43,27.49,-0.356
24.43,27.48,-0.356
24.43,27.46,-0.356
24.43,27.44,-0.356
24.44,27.43,-0.356
24.44,27.41,-0.356
24.44,27.39,-0.356
24.44,27.38,-0.356
24.44,27.36,-0.356
24.44,27.34,-0.356
24.45,27.33,-0.356
24.45,27.31,-0.356
24.45,27.29,-0.355
24.45,27.28,-0.355
24.45,27.26,-0.355
24.46,27.24,-0.355
24.46,27.23,-0.355
24.46,27.21,-0.355
24.46,27.19,-0.355
24.46,27.18,-0.355
24.46,27.16,-0.355
24.47,27.14,-0.355
24.47,27.13,-0.355
24.47,27.11,-0.355
24.47,27.09,-0.355
24.47,27.08,-0.355
24.47,27.06,-0.355
24.48,27.04,-0.355
24.48,27.03,-0.355
24.48,27.01,-0.355
24.48,27.00,-0.355
24.48,26.98,-0.355
24.48,26.96,-0.355
24.48,26.94,-0.355
24.49,26.93,-0.355
24.49,26.91,-0.355
24.49,26.89,-0.355
24.49,26.88,-0.355
24.49,26.86,-0.355
24.49,26.85,-0.355
24.50,26.83,-0.355
24.50,26.81,-0.355
24.50,26.80,-0.355
24.50,26.78,-0.355
24.50,26.76,-0.355
24.51,26.75,-0.355
24.51,26.73,-0.355
24.51,26.71,-0.355
24.51,26.70,-0.355
24.51,26.68,-0.355
24.51,26.66,-0.355
24.52,26.64,-0.355
24.52,26.63,-0.355
24.52,26.61,-0.355
24.52,26.60,-0.355
24.52,26.58,-0.355
24.52,26.56,-0.355
24.53,26.55,-0.355
24.53,26.53,-0.355
24.53,26.51,-0.355
24.53,26.50,-0.355
24.53,26.48,-0.355
24.53,26.46,-0.355
24.53,26.45,-0.355
24.54,26.43,-0.355
24.54,26.41,-0.355
24.54,26.40,-0.355
24.54,26.38,-0.355
24.54,26.36,-0.355
24.54,26.35,-0.355
24.55,26.33,-0.355
24.55,26.31,-0.355
24.55,26.30,-0.355
24.55,26.28,-0.355
24.55,26.26,-0.355
24.56,26.25,-0.355
24.56,26.23,-0.355
24.56,26.21,-0.355
24.56,26.19,-0.355
24.56,26.18,-0.355
24.56,26.16,-0.355
24.57,26.15,-0.355
24.57,26.13,-0.355
24.57,26.11,-0.355
24.57,26.10,-0.355
24.57,26.08,-0.355
24.57,26.06,-0.355
24.58,26.05,-0.355
24.58,26.03,-0.355
24.58,26.01,-0.355
24.58,26.00,-0.355
24.58,25.98,-0.354
24.58,25.96,-0.354
24.58,25.95,-0.354
24.59,25.93,-0.354
24.59,25.91,-0.354
24.59,25.90,-0.354
24.59,25.88,-0.354
24.59,25.86,-0.354
24.59,25.85,-0.354
24.60,25.83,-0.354
24.60,25.81,-0.354
24.60,25.80,-0.354
24.60,25.78,-0.354
24.60,25.76,-0.354
24.61,25.75,-0.354
24.61,25.73,-0.354
24.61,25.71,-0.354
24.61,25.70,-0.354
24.61,25.68,-0.354
24.61,25.66,-0.354
24.62,25.65,-0.354
24.62,25.63,-0.354
24.62,25.61,-0.354
24.62,25.60,-0.354
24.62,25.58,-0.354
24.62,25.56,-0.354
24.63,25.55,-0.354
24.63,25.53,-0.354
24.63,25.51,-0.354
24.63,25.50,-0.354
24.63,25.48,-0.354
24.63,25.46,-0.354
24.63,25.45,-0.354
24.64,25.43,-0.354
24.64,25.41,-0.354
24.64,25.40,-0.354
24.64,25.38,-0.354
24.64,25.36,-0.354
24.64,25.35,-0.354
24.65,25.33,-0.354
24.65,25.31,-0.354
24.65,25.30,-0.354
24.65,25.28,-0.354
24.65,25.26,-0.354
24.66,25.25,-0.354
24.66,25.23,-0.354
24.66,25.21,-0.354
24.66,25.20,-0.354
24.66,25.18,-0.354
24.66,25.16,-0.354
24.67,25.15,-0.354
24.67,25.13,-0.354
24.67,25.11,-0.354
24.67,25.10,-0.354
24.67,25.08,-0.354
24.67,25.06,-0.354
24.68,25.05,-0.354
24.68,25.03,-0.354
24.68,25.01,-0.354
24.68,25.00,-0.353
24.68,24.98,-0.353
24.68,24.96,-0.353
24.68,24.95,-0.353
24.69,24.93,-0.353
24.69,24.91,-0.353
24.69,24.90,-0.353
24.69,24.88,-0.353
24.69,24.86,-0.353
24.69,24.85,-0.353
24.70,24.83,-0.353
24.70,24.81,-0.353
24.70,24.80,-0.353
24.70,24.78,-0.353
24.70,24.76,-0.353
24.71,24.75,-0.353
24.71,24.73,-0.353
24.71,24.71,-0.353
24.71,24.70,-0.353
24.71,24.68,-0.353
24.71,24.66,-0.353
24.72,24.65,-0.353
24.72,24.63,-0.353
24.72,24.61,-0.353
24.72,24.60,-0.353
24.72,24.58,-0.353
24.72,24.56,-0.353
24.73,24.55,-0.353
24.73,24.53,-0.353
24.73,24.51,-0.353
24.73,24.50,-0.353
24.73,24.48,-0.353
24.73,24.46,-0.353
24.73,24.45,-0.353
24.74,24.43,-0.353
24.74,24.41,-0.353
24.74,24.40,-0.353
24.74,24.38,-0.353
24.74,24.36,-0.353
24.74,24.35,-0.353
24.75,24.33,-0.353
24.75,24.32,-0.353
24.75,24.30,-0.353
24.75,24.28,-0.353
24.75,24.26,-0.353
24.76,24.25,-0.353
24.76,24.23,-0.353
24.76,24.21,-0.353
24.76,24.20,-0.353
24.76,24.18,-0.353
24.76,24.16,-0.353
24.77,24.15,-0.353
24.77,24.13,-0.353
24.77,24.11,-0.353
24.77,24.10,-0.353
24.77,24.08,-0.353
24.77,24.06,-0.353
24.78,24.05,-0.353
24.78,24.03,-0.353
24.78,24.01,-0.353
24.78,24.00,-0.353
24.78,23.98,-0.353
24.78,23.97,-0.353
24.78,23.95,-0.353
24.79,23.93,-0.353
24.79,23.92,-0.353
24.79,23.90,-0.353
24.79,23.88,-0.353
24.79,23.86,-0.353
24.79,23.85,-0.353
24.80,23.83,-0.353
24.80,23.81,-0.353
24.80,23.80,-0.353
24.80,23.78,-0.353
24.80,23.76,-0.353
24.81,23.75,-0.353
24.81,23.73,-0.353
24.81,23.71,-0.353
24.81,23.70,-0.353
24.81,23.68,-0.353
24.81,23.66,-0.353
24.82,23.65,-0.353
24.82,23.63,-0.352
24.82,23.61,-0.352
24.82,23.60,-0.352
24.82,23.58,-0.352
24.82,23.57,-0.352
24.83,23.55,-0.352
24.83,23.53,-0.352
24.83,23.51,-0.352
24.83,23.50,-0.352
24.83,23.48,-0.352
24.83,23.47,-0.352
24.83,23.45,-0.352
24.84,23.43,-0.352
24.84,23.41,-0.352
24.84,23.40,-0.352
24.84,23.38,-0.352
24.84,23.37,-0.352
24.84,23.35,-0.352
24.85,23.33,-0.352
24.85,23.32,-0.352
24.85,23.30,-0.352
24.85,23.28,-0.352
24.85,23.26,-0.352
24.86,23.25,-0.352
24.86,23.23,-0.352
24.86,23.21,-0.352
24.86,23.20,-0.352
24.86,23.18,-0.352
24.86,23.17,-0.352
24.87,23.15,-0.352
24.87,23.13,-0.352
24.87,23.11,-0.352
24.87,23.10,-0.352
24.87,23.08,-0.352
24.87,23.07,-0.352
24.88,23.05,-0.352
24.88,23.03,-0.352
24.88,23.02,-0.352
24.88,23.00,-0.352
24.88,22.98,-0.352
24.88,22.97,-0.352
24.88,22.95,-0.352
24.89,22.93,-0.352
24.89,22.92,-0.352
24.89,22.90,-0.352
24.89,22.88,-0.352
24.89,22.87,-0.352
24.89,22.85,-0.352
24.90,22.83,-0.352
24.90,22.82,-0.352
24.90,22.80,-0.352
24.90,22.78,-0.352
24.90,22.77,-0.352
24.91,22.75,-0.352
24.91,22.73,-0.352
24.91,22.72,-0.352
24.91,22.70,-0.352
24.91,22.68,-0.352
24.91,22.67,-0.352
24.92,22.65,-0.352
24.92,22.63,-0.352
24.92,22.62,-0.352
24.92,22.60,-0.352
24.92,22.58,-0.352
24.92,22.57,-0.352
24.93,22.55,-0.352
24.93,22.53,-0.352
24.93,22.52,-0.352
24.93,22.50,-0.352
24.93,22.48,-0.351
24.93,22.47,-0.351
24.93,22.45,-0.351
24.94,22.43,-0.351
24.94,22.42,-0.351
24.94,22.40,-0.351
24.94,22.38,-0.351
24.94,22.37,-0.351
24.94,22.35,-0.351
24.95,22.33,-0.351
24.95,22.32,-0.351
24.95,22.30,-0.351
24.95,22.28,-0.351
24.95,22.27,-0.351
24.96,22.25,-0.351
24.96,22.23,-0.351
24.96,22.22,-0.351
24.96,22.20,-0.351
24.96,22.18,-0.351
24.96,22.17,-0.351
24.97,22.15,-0.351
24.97,22.13,-0.351
24.97,22.12,-0.351
24.97,22.10,-0.351
24.97,22.08,-0.351
24.97,22.07,-0.351
24.98,22.05,-0.351
24.98,22.03,-0.351
24.98,22.02,-0.351
24.98,22.00,-0.351
24.98,21.98,-0.351
24.98,21.97,-0.351
24.98,21.95,-0.351
24.99,21.93,-0.351
24.99,21.92,-0.351
24.99,21.90,-0.351
24.99,21.88,-0.351
24.99,21.87,-0.351
24.99,21.85,-0.351
25.00,21.83,-0.351
25.00,21.82,-0.351
25.00,21.80,-0.351
25.00,21.78,-0.351
25.00,21.77,-0.351
25.01,21.75,-0.351
25.01,21.73,-0.351
25.01,21.72,-0.351
25.01,21.70,-0.351
25.01,21.68,-0.351
25.01,21.67,-0.351
25.02,21.65,-0.351
25.02,21.63,-0.351
25.02,21.62,-0.351
25.02,21.60,-0.351
25.02,21.58,-0.351
25.02,21.57,-0.351
25.03,21.55,-0.351
25.03,21.53,-0.351
25.03,21.52,-0.351
25.03,21.50,-0.351
25.03,21.48,-0.351
25.03,21.47,-0.351
25.03,21.45,-0.351
25.04,21.43,-0.351
25.04,21.42,-0.351
25.04,21.40,-0.351
25.04,21.38,-0.351
25.04,21.37,-0.351
25.04,21.35,-0.351
25.05,21.33,-0.351
25.05,21.32,-0.351
25.05,21.30,-0.351
25.05,21.28,-0.351
25.05,21.27,-0.351
25.06,21.25,-0.350
25.06,21.23,-0.350
25.06,21.22,-0.350
25.06,21.20,-0.350
25.06,21.18,-0.350
25.06,21.17,-0.350
25.07,21.15,-0.350
25.07,21.13,-0.350
25.07,21.12,-0.350
25.07,21.10,-0.350
25.07,21.08,-0.350
25.07,21.07,-0.350
25.08,21.05,-0.350
25.08,21.03,-0.350
25.08,21.02,-0.350
25.08,21.00,-0.350
25.08,20.98,-0.350
25.08,20.97,-0.350
25.08,20.95,-0.350
25.09,20.93,-0.350
25.09,20.92,-0.350
25.09,20.90,-0.350
25.09,20.88,-0.350
25.09,20.87,-0.350
25.09,20.85,-0.350
25.10,20.83,-0.350
25.10,20.82,-0.350
25.10,20.80,-0.350
25.10,20.78,-0.350
25.10,20.77,-0.350
25.11,20.75,-0.350
25.11,20.73,-0.350
25.11,20.72,-0.350
25.11,20.70,-0.350
25.11,20.68,-0.350
25.11,20.67,-0.350
25.12,20.65,-0.350
25.12,20.63,-0.350
25.12,20.62,-0.350
25.12,20.60,-0.350
25.12,20.58,-0.350
25.12,20.57,-0.350
25.13,20.55,-0.350
25.13,20.53,-0.350
25.13,20.52,-0.350
25.13,20.50,-0.350
25.13,20.48,-0.350
25.13,20.47,-0.350
25.13,20.45,-0.350
25.14,20.43,-0.350
25.14,20.42,-0.350
25.14,20.40,-0.350
25.14,20.38,-0.350
25.14,20.37,-0.350
25.14,20.35,-0.350
25.15,20.33,-0.350
25.15,20.32,-0.349
25.15,20.30,-0.349
25.15,20.28,-0.349
25.15,20.27,-0.349
25.16,20.25,-0.349
25.16,20.23,-0.349
25.16,20.22,-0.349
25.16,20.20,-0.349
25.16,20.18,-0.349
25.16,20.17,-0.349
25.17,20.15,-0.349
25.17,20.13,-0.349
25.17,20.12,-0.349
25.17,20.10,-0.349
25.17,20.08,-0.349
25.17,20.07,-0.349
25.18,20.05,-0.349
25.18,20.03,-0.349
25.18,20.02,-0.349
25.18,20.00,-0.349
25.18,19.98,-0.349
25.18,19.97,-0.349
25.18,19.95,-0.349
25.19,19.93,-0.349
25.19,19.92,-0.349
25.19,19.90,-0.349
25.19,19.88,-0.349
25.19,19.87,-0.349
25.19,19.85,-0.349
25.20,19.83,-0.349
25.20,19.82,-0.349
25.20,19.80,-0.349
25.20,19.78,-0.349
25.20,19.77,-0.349
25.21,19.75,-0.349
25.21,19.73,-0.349
25.21,19.72,-0.349
25.21,19.70,-0.349
25.21,19.68,-0.349
25.21,19.67,-0.349
25.22,19.65,-0.349
25.22,19.63,-0.349
25.22,19.62,-0.349
25.22,19.60,-0.349
25.22,19.58,-0.349
25.22,19.57,-0.349
25.23,19.55,-0.349
25.23,19.53,-0.349
25.23,19.52,-0.349
25.23,19.50,-0.349
25.23,19.48,-0.349
25.23,19.47,-0.349
25.23,19.45,-0.349
25.24,19.43,-0.349
25.24,19.42,-0.349
25.24,19.40,-0.349
25.24,19.38,-0.349
25.24,19.37,-0.349
25.24,19.35,-0.349
25.25,19.33,-0.349
25.25,19.32,-0.349
25.25,19.30,-0.348
25.25,19.28,-0.348
25.25,19.27,-0.348
25.26,19.25,-0.348
25.26,19.23,-0.348
25.26,19.22,-0.348
25.26,19.20,-0.348
25.26,19.18,-0.348
25.26,19.17,-0.348
25.27,19.15,-0.348
25.27,19.13,-0.348
25.27,19.12,-0.348
25.27,19.10,-0.348
25.27,19.08,-0.348
25.27,19.07,-0.348
25.28,19.05,-0.348
25.28,19.03,-0.348
25.28,19.02,-0.348
25.28,19.00,-0.348
25.28,18.98,-0.348
25.28,18.97,-0.348
25.28,18.95,-0.348
25.29,18.94,-0.348
25.29,18.92,-0.348
25.29,18.90,-0.348
25.29,18.88,-0.348
25.29,18.87,-0.348
25.29,18.85,-0.348
25.30,18.83,-0.348
25.30,18.82,-0.348
25.30,18.80,-0.348
25.30,18.78,-0.348
25.30,18.77,-0.348
25.31,18.75,-0.348
25.31,18.73,-0.348
25.31,18.72,-0.348
25.31,18.70,-0.348
25.31,18.68,-0.348
25.31,18.67,-0.348
25.32,18.65,-0.348
25.32,18.63,-0.348
25.32,18.62,-0.348
25.32,18.60,-0.348
25.32,18.58,-0.348
25.32,18.57,-0.348
25.33,18.55,-0.348
25.33,18.54,-0.348
25.33,18.52,-0.348
25.33,18.50,-0.348
25.33,18.49,-0.348
25.33,18.47,-0.348
25.33,18.45,-0.348
25.34,18.43,-0.348
25.34,18.42,-0.348
25.34,18.40,-0.348
25.34,18.39,-0.348
25.34,18.37,-0.348
25.34,18.35,-0.348
25.35,18.34,-0.347
25.35,18.32,-0.347
25.35,18.30,-0.347
25.35,18.29,-0.347
25.35,18.27,-0.347
25.36,18.25,-0.347
25.36,18.24,-0.347
25.36,18.22,-0.347
25.36,18.20,-0.347
25.36,18.19,-0.347
25.36,18.17,-0.347
25.37,18.15,-0.347
25.37,18.14,-0.347
25.37,18.12,-0.347
25.37,18.10,-0.347
25.37,18.09,-0.347
25.37,18.07,-0.347
25.38,18.05,-0.347
25.38,18.04,-0.347
25.38,18.02,-0.347
25.38,18.00,-0.347
25.38,17.99,-0.347
25.38,17.97,-0.347
25.38,17.95,-0.347
25.39,17.94,-0.347
25.39,17.92,-0.347
25.39,17.90,-0.347
25.39,17.89,-0.347
25.39,17.87,-0.347
25.39,17.85,-0.347
25.40,17.84,-0.347
25.40,17.82,-0.347
25.40,17.80,-0.347
25.40,17.79,-0.347
25.40,17.77,-0.347
25.41,17.75,-0.347
25.41,17.74,-0.347
25.41,17.72,-0.347
25.41,17.70,-0.347
25.41,17.69,-0.347
25.41,17.67,-0.347
25.42,17.65,-0.347
25.42,17.64,-0.347
25.42,17.62,-0.347
25.42,17.60,-0.347
25.42,17.59,-0.347
25.42,17.57,-0.347
25.43,17.55,-0.347
25.43,17.54,-0.347
25.43,17.52,-0.347
25.43,17.50,-0.347
25.43,17.49,-0.347
25.43,17.47,-0.347
25.43,17.45,-0.347
25.44,17.44,-0.347
25.44,17.42,-0.347
25.44,17.40,-0.347
25.44,17.39,-0.347
25.44,17.37,-0.346
25.44,17.35,-0.346
25.45,17.34,-0.346
25.45,17.32,-0.346
25.45,17.30,-0.346
25.45,17.29,-0.346
25.45,17.27,-0.346
25.46,17.25,-0.346
25.46,17.24,-0.346
25.46,17.22,-0.346
25.46,17.20,-0.346
25.46,17.19,-0.346
25.46,17.17,-0.346
25.47,17.15,-0.346
25.47,17.14,-0.346
25.47,17.12,-0.346
25.47,17.10,-0.346
25.47,17.09,-0.346
25.47,17.07,-0.346
25.48,17.05,-0.346
25.48,17.04,-0.346
25.48,17.02,-0.346
25.48,17.00,-0.346
25.48,16.99,-0.346
25.48,16.97,-0.346
25.48,16.95,-0.346
25.49,16.94,-0.346
25.49,16.92,-0.346
25.49,16.90,-0.346
25.49,16.89,-0.346
25.49,16.87,-0.346
25.49,16.85,-0.346
25.50,16.84,-0.346
25.50,16.82,-0.346
25.50,16.80,-0.346
25.50,16.79,-0.346
25.50,16.77,-0.346
25.51,16.75,-0.346
25.51,16.74,-0.346
25.51,16.72,-0.346
25.51,16.71,-0.346
25.51,16.69,-0.346
25.51,16.67,-0.346
25.52,16.66,-0.346
25.52,16.64,-0.346
25.52,16.62,-0.346
25.52,16.60,-0.346
25.52,16.59,-0.346
25.52,16.57,-0.346
25.53,16.55,-0.346
25.53,16.54,-0.346
25.53,16.52,-0.346
25.53,16.50,-0.346
25.53,16.49,-0.346
25.53,16.47,-0.346
25.53,16.46,-0.346
25.54,16.44,-0.346
25.54,16.42,-0.346
25.54,16.41,-0.346
25.54,16.39,-0.346
25.54,16.37,-0.346
25.54,16.35,-0.346
25.55,16.34,-0.346
25.55,16.32,-0.346
25.55,16.30,-0.346
25.55,16.29,-0.346
25.55,16.27,-0.346
25.56,16.26,-0.346
25.56,16.24,-0.346
25.56,16.22,-0.345
25.56,16.21,-0.345
25.56,16.19,-0.345
25.56,16.17,-0.345
25.57,16.15,-0.345
25.57,16.14,-0.345
25.57,16.12,-0.345
25.57,16.11,-0.345
25.57,16.09,-0.345
25.57,16.07,-0.345
25.58,16.06,-0.345
25.58,16.04,-0.345
25.58,16.02,-0.345
25.58,16.01,-0.345
25.58,15.99,-0.345
25.58,15.97,-0.345
25.58,15.96,-0.345
25.59,15.94,-0.345
25.59,15.92,-0.345
25.59,15.91,-0.345
25.59,15.89,-0.345
25.59,15.87,-0.345
25.59,15.86,-0.345
25.60,15.84,-0.345
25.60,15.82,-0.345
25.60,15.81,-0.345
25.60,15.79,-0.345
25.60,15.77,-0.345
25.61,15.76,-0.345
25.61,15.74,-0.345
25.61,15.72,-0.345
25.61,15.71,-0.345
25.61,15.69,-0.345
25.61,15.67,-0.345
25.62,15.66,-0.345
25.62,15.64,-0.345
25.62,15.62,-0.345
25.62,15.61,-0.344
25.62,15.59,-0.344
25.62,15.57,-0.344
25.63,15.56,-0.344
25.63,15.54,-0.344
25.63,15.52,-0.344
25.63,15.51,-0.344
25.63,15.49,-0.344
25.63,15.47,-0.344
25.63,15.46,-0.344
25.64,15.44,-0.344
25.64,15.42,-0.344
25.64,15.41,-0.344
25.64,15.39,-0.344
25.64,15.37,-0.344
25.64,15.36,-0.344
25.65,15.34,-0.344
25.65,15.32,-0.344
25.65,15.31,-0.344
25.65,15.29,-0.344
25.65,15.27,-0.344
25.66,15.26,-0.344
25.66,15.24,-0.344
25.66,15.22,-0.344
25.66,15.21,-0.344
25.66,15.19,-0.344
25.66,15.17,-0.344
25.67,15.16,-0.344
25.67,15.14,-0.344
25.67,15.12,-0.344
25.67,15.11,-0.344
25.67,15.09,-0.344
25.67,15.07,-0.344
25.68,15.06,-0.344
25.68,15.04,-0.344
25.68,15.02,-0.344
25.68,15.01,-0.344
25.68,14.99,-0.344
25.68,14.97,-0.344
25.68,14.96,-0.344
25.69,14.94,-0.344
25.69,14.92,-0.344
25.69,14.91,-0.344
25.69,14.89,-0.344
25.69,14.88,-0.344
25.69,14.86,-0.344
25.70,14.84,-0.344
25.70,14.82,-0.344
25.70,14.81,-0.344
25.70,14.79,-0.344
25.70,14.77,-0.344
25.71,14.76,-0.344
25.71,14.74,-0.344
25.71,14.72,-0.344
25.71,14.71,-0.344
25.71,14.69,-0.344
25.71,14.68,-0.344
25.72,14.66,-0.344
25.72,14.64,-0.344
25.72,14.62,-0.344
25.72,14.61,-0.344
25.72,14.59,-0.344
25.72,14.57,-0.344
25.73,14.56,-0.344
25.73,14.54,-0.344
25.73,14.53,-0.344
25.73,14.51,-0.344
25.73,14.49,-0.344
25.73,14.48,-0.344
25.73,14.46,-0.344
25.74,14.44,-0.344
25.74,14.43,-0.344
25.74,14.41,-0.344
25.74,14.39,-0.344
25.74,14.37,-0.344
25.74,14.36,-0.344
25.75,14.34,-0.344
25.75,14.33,-0.344
25.75,14.31,-0.344
25.75,14.29,-0.343
25.75,14.28,-0.343
25.76,14.26,-0.343
25.76,14.24,-0.343
25.76,14.23,-0.343
25.76,14.21,-0.343
25.76,14.19,-0.343
25.76,14.18,-0.343
25.77,14.16,-0.343
25.77,14.14,-0.343
25.77,14.13,-0.343
25.77,14.11,-0.343
25.77,14.09,-0.343
25.77,14.08,-0.343
25.78,14.06,-0.343
25.78,14.04,-0.343
25.78,14.03,-0.343
25.78,14.01,-0.343
25.78,13.99,-0.343
25.78,13.98,-0.343
25.78,13.96,-0.343
25.79,13.94,-0.343
25.79,13.93,-0.343
25.79,13.91,-0.343
25.79,13.89,-0.343
25.79,13.88,-0.343
25.79,13.86,-0.343
25.80,13.84,-0.343
25.80,13.83,-0.343
25.80,13.81,-0.343
25.80,13.79,-0.343
25.80,13.78,-0.343
25.81,13.76,-0.343
25.81,13.74,-0.343
25.81,13.73,-0.343
25.81,13.71,-0.343
25.81,13.69,-0.343
25.81,13.68,-0.343
25.82,13.66,-0.343
25.82,13.64,-0.343
25.82,13.63,-0.343
25.82,13.61,-0.343
25.82,13.59,-0.343
25.82,13.58,-0.343
25.83,13.56,-0.343
25.83,13.54,-0.343
25.83,13.53,-0.343
25.83,13.51,-0.343
25.83,13.49,-0.343
25.83,13.48,-0.343
25.83,13.46,-0.343
25.84,13.44,-0.343
25.84,13.43,-0.343
25.84,13.41,-0.343
25.84,13.39,-0.343
25.84,13.38,-0.343
25.84,13.36,-0.343
25.85,13.35,-0.343
25.85,13.33,-0.343
25.85,13.31,-0.343
25.85,13.29,-0.343
25.85,13.28,-0.343
25.86,13.26,-0.343
25.86,13.24,-0.343
25.86,13.23,-0.343
25.86,13.21,-0.343
25.86,13.19,-0.343
25.86,13.18,-0.343
25.87,13.16,-0.343
25.87,13.14,-0.343
25.87,13.13,-0.343
25.87,13.11,-0.343
25.87,13.09,-0.343
25.87,13.08,-0.343
25.88,13.06,-0.342
25.88,13.04,-0.342
25.88,13.03,-0.342
25.88,13.01,-0.342
25.88,13.00,-0.342
25.88,12.98,-0.342
25.88,12.96,-0.342
25.89,12.94,-0.342
25.89,12.93,-0.342
25.89,12.91,-0.342
25.89,12.90,-0.342
25.89,12.88,-0.342
25.89,12.86,-0.342
25.90,12.84,-0.342
25.90,12.83,-0.342
25.90,12.81,-0.342
25.90,12.79,-0.342
25.90,12.78,-0.342
25.91,12.76,-0.342
25.91,12.75,-0.342
25.91,12.73,-0.342
25.91,12.71,-0.342
25.91,12.69,-0.342
25.91,12.68,-0.342
25.92,12.66,-0.342
25.92,12.64,-0.342
25.92,12.63,-0.342
25.92,12.61,-0.342
25.92,12.59,-0.342
25.92,12.58,-0.342
25.93,12.56,-0.342
25.93,12.54,-0.342
25.93,12.53,-0.342
25.93,12.51,-0.342
25.93,12.49,-0.342
25.93,12.48,-0.342
25.93,12.46,-0.342
25.94,12.45,-0.342
25.94,12.43,-0.342
25.94,12.41,-0.342
25.94,12.40,-0.342
25.94,12.38,-0.342
25.94,12.36,-0.342
25.95,12.35,-0.342
25.95,12.33,-0.342
25.95,12.31,-0.342
25.95,12.30,-0.342
25.95,12.28,-0.342
25.96,12.26,-0.342
25.96,12.24,-0.342
25.96,12.23,-0.342
25.96,12.21,-0.342
25.96,12.19,-0.342
25.96,12.18,-0.342
25.97,12.16,-0.342
25.97,12.15,-0.342
25.97,12.13,-0.342
25.97,12.11,-0.342
25.97,12.10,-0.342
25.97,12.08,-0.342
25.98,12.06,-0.342
25.98,12.04,-0.342
25.98,12.03,-0.342
25.98,12.01,-0.342
25.98,12.00,-0.342
25.98,11.98,-0.342
25.98,11.96,-0.342
25.99,11.94,-0.342
25.99,11.93,-0.342
25.99,11.91,-0.342
25.99,11.89,-0.342
25.99,11.88,-0.342
25.99,11.86,-0.342
26.00,11.85,-0.341
26.00,11.83,-0.341
26.00,11.81,-0.341
26.00,11.80,-0.341
26.00,11.78,-0.341
26.01,11.76,-0.341
26.01,11.75,-0.341
26.01,11.73,-0.341
26.01,11.71,-0.341
26.01,11.69,-0.341
26.01,11.68,-0.341
26.02,11.66,-0.341
26.02,11.65,-0.341
26.02,11.63,-0.341
26.02,11.61,-0.341
26.02,11.60,-0.341
26.02,11.58,-0.341
26.03,11.56,-0.341
26.03,11.55,-0.341
26.03,11.53,-0.341
26.03,11.51,-0.341
26.03,11.50,-0.341
26.03,11.48,-0.341
26.03,11.46,-0.341
26.04,11.45,-0.341
26.04,11.43,-0.341
26.04,11.41,-0.341
26.04,11.40,-0.341
26.04,11.38,-0.341
26.04,11.36,-0.341
26.05,11.35,-0.341
26.05,11.33,-0.341
26.05,11.31,-0.341
26.05,11.30,-0.341
26.05,11.28,-0.341
26.06,11.26,-0.341
26.06,11.25,-0.341
26.06,11.23,-0.341
26.06,11.21,-0.341
26.06,11.20,-0.341
26.06,11.18,-0.341
26.07,11.16,-0.341
26.07,11.15,-0.341
26.07,11.13,-0.341
26.07,11.11,-0.341
26.07,11.10,-0.341
26.07,11.08,-0.341
26.08,11.07,-0.341
26.08,11.05,-0.341
26.08,11.03,-0.341
26.08,11.01,-0.341
26.08,11.00,-0.341
26.08,10.98,-0.341
26.08,10.96,-0.341
26.09,10.95,-0.341
26.09,10.93,-0.341
26.09,10.91,-0.341
26.09,10.90,-0.341
26.09,10.88,-0.341
26.09,10.86,-0.341
26.10,10.85,-0.340
26.10,10.83,-0.340
26.10,10.81,-0.340
26.10,10.80,-0.340
26.10,10.78,-0.340
26.11,10.76,-0.340
26.11,10.75,-0.340
26.11,10.73,-0.340
26.11,10.72,-0.340
26.11,10.70,-0.340
26.11,10.68,-0.340
26.12,10.67,-0.340
26.12,10.65,-0.340
26.12,10.63,-0.340
26.12,10.61,-0.340
26.12,10.60,-0.340
26.12,10.58,-0.340
26.13,10.56,-0.340
26.13,10.55,-0.340
26.13,10.53,-0.340
26.13,10.52,-0.340
26.13,10.50,-0.340
26.13,10.48,-0.340
26.13,10.47,-0.340
26.14,10.45,-0.340
26.14,10.43,-0.340
26.14,10.41,-0.340
26.14,10.40,-0.340
26.14,10.38,-0.340
26.14,10.37,-0.340
26.15,10.35,-0.340
26.15,10.33,-0.340
26.15,10.32,-0.340
26.15,10.30,-0.340
26.15,10.28,-0.340
26.16,10.27,-0.340
26.16,10.25,-0.340
26.16,10.23,-0.340
26.16,10.22,-0.340
26.16,10.20,-0.340
26.16,10.18,-0.340
26.17,10.17,-0.340
26.17,10.15,-0.340
26.17,10.13,-0.340
26.17,10.12,-0.340
26.17,10.10,-0.340
26.17,10.08,-0.340
26.18,10.07,-0.340
26.18,10.05,-0.340
26.18,10.03,-0.340
26.18,10.02,-0.340
26.18,10.00,-0.340
26.18,9.98,-0.340
26.18,9.97,-0.340
26.19,9.95,-0.340
26.19,9.93,-0.340
26.19,9.92,-0.340
26.19,9.90,-0.340
26.19,9.88,-0.340
26.19,9.87,-0.340
26.20,9.85,-0.340
26.20,9.83,-0.340
26.20,9.82,-0.340
26.20,9.80,-0.340
26.20,9.78,-0.340
26.21,9.77,-0.340
26.21,9.75,-0.340
26.21,9.73,-0.340
26.21,9.72,-0.340
26.21,9.70,-0.340
26.21,9.68,-0.340
26.22,9.67,-0.340
26.22,9.65,-0.340
26.22,9.63,-0.340
26.22,9.62,-0.340
26.22,9.60,-0.340
26.22,9.59,-0.339
26.23,9.57,-0.339
26.23,9.55,-0.339
26.23,9.53,-0.339
26.23,9.52,-0.339
26.23,9.50,-0.339
26.23,9.48,-0.339
26.23,9.47,-0.339
26.24,9.45,-0.339
26.24,9.43,-0.339
26.24,9.42,-0.339
26.24,9.40,-0.339
26.24,9.39,-0.339
26.24,9.37,-0.339
26.25,9.35,-0.339
26.25,9.34,-0.339
26.25,9.32,-0.339
26.25,9.30,-0.339
26.25,9.28,-0.339
26.26,9.27,-0.339
26.26,9.25,-0.339
26.26,9.23,-0.339
26.26,9.22,-0.339
26.26,9.20,-0.339
26.26,9.19,-0.339
26.27,9.17,-0.339
26.27,9.15,-0.339
26.27,9.14,-0.339
26.27,9.12,-0.339
26.27,9.10,-0.339
26.27,9.08,-0.339
26.28,9.07,-0.339
26.28,9.05,-0.339
26.28,9.04,-0.339
26.28,9.02,-0.339
26.28,9.00,-0.339
26.28,8.98,-0.339
26.28,8.97,-0.339
26.29,8.95,-0.339
26.29,8.93,-0.339
26.29,8.92,-0.339
26.29,8.90,-0.339
26.29,8.88,-0.339
26.29,8.87,-0.339
26.30,8.85,-0.339
26.30,8.84,-0.339
26.30,8.82,-0.339
26.30,8.80,-0.339
26.30,8.79,-0.339
26.31,8.77,-0.339
26.31,8.75,-0.339
26.31,8.74,-0.339
26.31,8.72,-0.339
26.31,8.70,-0.339
26.31,8.69,-0.339
26.32,8.67,-0.339
26.32,8.65,-0.339
26.32,8.64,-0.339
26.32,8.62,-0.339
26.32,8.60,-0.339
26.32,8.59,-0.338
26.33,8.57,-0.338
26.33,8.55,-0.338
26.33,8.54,-0.338
26.33,8.52,-0.338
26.33,8.50,-0.338
26.33,8.49,-0.338
26.33,8.47,-0.338
26.34,8.45,-0.338
26.34,8.44,-0.338
26.34,8.42,-0.338
26.34,8.40,-0.338
26.34,8.39,-0.338
26.34,8.37,-0.338
26.35,8.35,-0.338
26.35,8.34,-0.338
26.35,8.32,-0.338
26.35,8.30,-0.338
26.35,8.29,-0.338
26.36,8.27,-0.338
26.36,8.25,-0.338
26.36,8.24,-0.338
26.36,8.22,-0.338
26.36,8.20,-0.338
26.36,8.19,-0.338
26.37,8.17,-0.338
26.37,8.15,-0.338
26.37,8.14,-0.338
26.37,8.12,-0.338
26.37,8.10,-0.338
26.37,8.09,-0.338
26.38,8.07,-0.338
26.38,8.05,-0.338
26.38,8.04,-0.338
26.38,8.02,-0.338
26.38,8.00,-0.338
26.38,7.99,-0.338
26.38,7.97,-0.338
26.39,7.95,-0.338
26.39,7.94,-0.338
26.39,7.92,-0.338
26.39,7.90,-0.338
26.39,7.89,-0.338
26.39,7.87,-0.338
26.40,7.86,-0.338
26.40,7.84,-0.338
26.40,7.82,-0.338
26.40,7.80,-0.338
26.40,7.79,-0.338
26.41,7.77,-0.338
26.41,7.76,-0.338
26.41,7.74,-0.338
26.41,7.72,-0.338
26.41,7.70,-0.338
26.41,7.69,-0.338
26.42,7.67,-0.338
26.42,7.65,-0.338
26.42,7.64,-0.338
26.42,7.62,-0.338
26.42,7.60,-0.338
26.42,7.59,-0.338
26.43,7.57,-0.338
26.43,7.55,-0.338
26.43,7.54,-0.338
26.43,7.52,-0.338
26.43,7.50,-0.338
26.43,7.49,-0.338
26.43,7.47,-0.338
26.44,7.45,-0.338
26.44,7.44,-0.338
26.44,7.42,-0.338
26.44,7.40,-0.338
26.44,7.39,-0.338
26.44,7.37,-0.338
26.45,7.35,-0.338
26.45,7.34,-0.338
26.45,7.32,-0.338
26.45,7.30,-0.337
26.45,7.29,-0.337
26.46,7.27,-0.337
26.46,7.25,-0.337
26.46,7.24,-0.337
26.46,7.22,-0.337
26.46,7.20,-0.337
26.46,7.19,-0.337
26.47,7.17,-0.337
26.47,7.15,-0.337
26.47,7.14,-0.337
26.47,7.12,-0.337
26.47,7.10,-0.337
26.47,7.09,-0.337
26.48,7.07,-0.337
26.48,7.06,-0.337
26.48,7.04,-0.337
26.48,7.02,-0.337
26.48,7.01,-0.337
26.48,6.99,-0.337
26.48,6.97,-0.337
26.49,6.96,-0.337
26.49,6.94,-0.337
26.49,6.92,-0.337
26.49,6.90,-0.337
26.49,6.89,-0.337
26.49,6.87,-0.337
26.50,6.86,-0.337
26.50,6.84,-0.337
26.50,6.82,-0.337
26.50,6.81,-0.337
26.50,6.79,-0.337
26.51,6.77,-0.337
26.51,6.75,-0.337
26.51,6.74,-0.337
26.51,6.72,-0.337
26.51,6.71,-0.337
26.51,6.69,-0.337
26.52,6.67,-0.337
26.52,6.66,-0.337
26.52,6.64,-0.337
26.52,6.62,-0.337
26.52,6.61,-0.337
26.52,6.59,-0.337
26.53,6.57,-0.337
26.53,6.55,-0.337
26.53,6.54,-0.337
26.53,6.52,-0.337
26.53,6.50,-0.337
26.53,6.49,-0.337
26.53,6.47,-0.337
26.54,6.46,-0.337
26.54,6.44,-0.337
26.54,6.42,-0.337
26.54,6.41,-0.337
26.54,6.39,-0.337
26.54,6.37,-0.337
26.55,6.36,-0.337
26.55,6.34,-0.337
26.55,6.32,-0.337
26.55,6.31,-0.337
26.55,6.29,-0.337
26.56,6.27,-0.337
26.56,6.26,-0.337
26.56,6.24,-0.337
26.56,6.22,-0.337
26.56,6.20,-0.337
26.56,6.19,-0.337
26.57,6.17,-0.337
26.57,6.16,-0.337
26.57,6.14,-0.337
26.57,6.12,-0.337
26.57,6.10,-0.337
26.57,6.09,-0.337
26.58,6.07,-0.336
26.58,6.06,-0.336
26.58,6.04,-0.336
26.58,6.02,-0.336
26.58,6.01,-0.336
26.58,5.99,-0.336
26.58,5.97,-0.336
26.59,5.96,-0.336
26.59,5.94,-0.336
26.59,5.92,-0.336
26.59,5.91,-0.336
26.59,5.89,-0.336
26.59,5.87,-0.336
26.60,5.86,-0.336
26.60,5.84,-0.336
26.60,5.82,-0.336
26.60,5.81,-0.336
26.60,5.79,-0.336
26.61,5.77,-0.336
26.61,5.76,-0.336
26.61,5.74,-0.336
26.61,5.72,-0.336
26.61,5.71,-0.336
26.61,5.69,-0.336
26.62,5.67,-0.336
26.62,5.66,-0.336
26.62,5.64,-0.336
26.62,5.62,-0.336
26.62,5.61,-0.336
26.62,5.59,-0.336
26.63,5.57,-0.336
26.63,5.56,-0.336
26.63,5.54,-0.336
26.63,5.52,-0.336
26.63,5.51,-0.336
26.63,5.49,-0.336
26.63,5.47,-0.336
26.64,5.46,-0.336
26.64,5.44,-0.336
26.64,5.42,-0.336
26.64,5.41,-0.336
26.64,5.39,-0.336
26.64,5.37,-0.336
26.65,5.36,-0.336
26.65,5.34,-0.336
26.65,5.32,-0.336
26.65,5.31,-0.336
26.65,5.29,-0.336
26.66,5.27,-0.336
26.66,5.26,-0.336
26.66,5.24,-0.336
26.66,5.22,-0.336
26.66,5.21,-0.336
26.66,5.19,-0.336
26.67,5.17,-0.336
26.67,5.16,-0.336
26.67,5.14,-0.336
26.67,5.12,-0.336
26.67,5.11,-0.336
26.67,5.09,-0.336
26.68,5.07,-0.336
26.68,5.06,-0.336
26.68,5.04,-0.336
26.68,5.02,-0.336
26.68,5.01,-0.336
26.68,4.99,-0.336
26.68,4.97,-0.336
26.69,4.96,-0.336
26.69,4.94,-0.336
26.69,4.92,-0.336
26.69,4.91,-0.336
26.69,4.89,-0.336
26.69,4.87,-0.336
26.70,4.86,-0.336
26.70,4.84,-0.336
26.70,4.82,-0.336
26.70,4.81,-0.336
26.70,4.79,-0.335
26.71,4.77,-0.335
26.71,4.76,-0.335
26.71,4.74,-0.335
26.71,4.72,-0.335
26.71,4.71,-0.335
26.71,4.69,-0.335
26.72,4.67,-0.335
26.72,4.66,-0.335
26.72,4.64,-0.335
26.72,4.63,-0.335
26.72,4.61,-0.335
26.72,4.59,-0.335
26.73,4.57,-0.335
26.73,4.56,-0.335
26.73,4.54,-0.335
26.73,4.52,-0.335
26.73,4.51,-0.335
26.73,4.49,-0.335
26.73,4.47,-0.335
26.74,4.46,-0.335
26.74,4.44,-0.335
26.74,4.42,-0.335
26.74,4.41,-0.335
26.74,4.39,-0.335
26.74,4.37,-0.335
26.75,4.36,-0.335
26.75,4.34,-0.335
26.75,4.32,-0.335
26.75,4.31,-0.335
26.75,4.29,-0.335
26.76,4.27,-0.335
26.76,4.26,-0.335
26.76,4.24,-0.335
26.76,4.22,-0.335
26.76,4.21,-0.335
26.76,4.19,-0.335
26.77,4.18,-0.335
26.77,4.16,-0.335
26.77,4.14,-0.335
26.77,4.12,-0.335
26.77,4.11,-0.335
26.77,4.09,-0.335
26.78,4.08,-0.335
26.78,4.06,-0.335
26.78,4.04,-0.335
26.78,4.03,-0.335
26.78,4.01,-0.335
26.78,3.99,-0.335
26.78,3.98,-0.335
26.79,3.96,-0.335
26.79,3.94,-0.335
26.79,3.93,-0.335
26.79,3.91,-0.335
26.79,3.89,-0.335
26.79,3.87,-0.335
26.80,3.86,-0.335
26.80,3.84,-0.335
26.80,3.83,-0.335
26.80,3.81,-0.335
26.80,3.79,-0.335
26.81,3.77,-0.335
26.81,3.76,-0.335
26.81,3.74,-0.335
26.81,3.72,-0.335
26.81,3.71,-0.335
26.81,3.69,-0.335
26.82,3.68,-0.335
26.82,3.66,-0.335
26.82,3.64,-0.335
26.82,3.63,-0.335
26.82,3.61,-0.335
26.82,3.59,-0.335
26.83,3.58,-0.335
26.83,3.56,-0.335
26.83,3.54,-0.335
26.83,3.52,-0.335
26.83,3.51,-0.335
26.83,3.49,-0.335
26.83,3.48,-0.335
26.84,3.46,-0.335
26.84,3.44,-0.335
26.84,3.42,-0.335
26.84,3.41,-0.335
26.84,3.39,-0.335
26.84,3.37,-0.335
26.85,3.36,-0.335
26.85,3.34,-0.335
26.85,3.33,-0.335
26.85,3.31,-0.335
26.85,3.29,-0.335
26.86,3.28,-0.335
26.86,3.26,-0.335
26.86,3.24,-0.335
26.86,3.23,-0.334
26.86,3.21,-0.334
26.86,3.19,-0.334
26.87,3.18,-0.334
26.87,3.16,-0.334
26.87,3.14,-0.334
26.87,3.13,-0.334
26.87,3.11,-0.334
26.87,3.09,-0.334
26.88,3.08,-0.334
26.88,3.06,-0.334
26.88,3.04,-0.334
26.88,3.03,-0.334
26.88,3.01,-0.334
26.88,2.99,-0.334
26.88,2.98,-0.334
26.89,2.96,-0.334
26.89,2.94,-0.334
26.89,2.93,-0.334
26.89,2.91,-0.334
26.89,2.89,-0.334
26.89,2.87,-0.334
26.90,2.86,-0.334
26.90,2.84,-0.334
26.90,2.83,-0.334
26.90,2.81,-0.334
26.90,2.79,-0.334
26.91,2.77,-0.334
26.91,2.76,-0.334
26.91,2.74,-0.334
26.91,2.72,-0.334
26.91,2.71,-0.334
26.91,2.69,-0.334
26.92,2.68,-0.334
26.92,2.66,-0.334
26.92,2.64,-0.334
26.92,2.63,-0.334
26.92,2.61,-0.334
26.92,2.59,-0.334
26.93,2.58,-0.334
26.93,2.56,-0.334
26.93,2.54,-0.334
26.93,2.52,-0.334
26.93,2.51,-0.334
26.93,2.49,-0.334
26.93,2.47,-0.334
26.94,2.46,-0.334
26.94,2.44,-0.334
26.94,2.42,-0.334
26.94,2.41,-0.334
26.94,2.39,-0.334
26.94,2.37,-0.334
26.95,2.36,-0.334
26.95,2.34,-0.334
26.95,2.33,-0.334
26.95,2.31,-0.334
26.95,2.29,-0.334
26.96,2.27,-0.334
26.96,2.26,-0.334
26.96,2.24,-0.334
26.96,2.22,-0.334
26.96,2.21,-0.334
26.96,2.19,-0.334
26.97,2.17,-0.334
26.97,2.16,-0.334
26.97,2.14,-0.334
26.97,2.12,-0.334
26.97,2.11,-0.334
26.97,2.09,-0.334
26.98,2.08,-0.334
26.98,2.06,-0.334
26.98,2.04,-0.334
26.98,2.02,-0.334
26.98,2.01,-0.334
26.98,1.99,-0.334
26.98,1.97,-0.334
26.99,1.96,-0.334
26.99,1.94,-0.334
26.99,1.92,-0.334
26.99,1.91,-0.334
26.99,1.89,-0.334
26.99,1.87,-0.334
27.00,1.86,-0.334
27.00,1.84,-0.334
27.00,1.83,-0.334
27.00,1.81,-0.334
27.00,1.79,-0.334
27.01,1.77,-0.334
27.01,1.76,-0.334
27.01,1.74,-0.334
27.01,1.72,-0.334
27.01,1.71,-0.334
27.01,1.69,-0.334
27.02,1.67,-0.334
27.02,1.66,-0.334
27.02,1.64,-0.334
27.02,1.62,-0.334
27.02,1.61,-0.334
27.02,1.59,-0.334
27.03,1.58,-0.334
27.03,1.56,-0.334
27.03,1.54,-0.334
27.03,1.53,-0.334
27.03,1.51,-0.334
27.03,1.49,-0.334
27.03,1.47,-0.333
27.04,1.46,-0.333
27.04,1.44,-0.333
27.04,1.42,-0.333
27.04,1.41,-0.333
27.04,1.39,-0.333
27.04,1.37,-0.333
27.05,1.36,-0.333
27.05,1.34,-0.333
27.05,1.32,-0.333
27.05,1.31,-0.333
27.05,1.29,-0.333
27.06,1.27,-0.333
27.06,1.26,-0.333
27.06,1.24,-0.333
27.06,1.23,-0.333
27.06,1.21,-0.333
27.06,1.19,-0.333
27.07,1.18,-0.333
27.07,1.16,-0.333
27.07,1.14,-0.333
27.07,1.12,-0.333
27.07,1.11,-0.333
27.07,1.09,-0.333
27.08,1.08,-0.333
27.08,1.06,-0.333
27.08,1.04,-0.333
27.08,1.02,-0.333
27.08,1.01,-0.333
27.08,0.99,-0.333
27.08,0.97,-0.333
27.09,0.96,-0.333
27.09,0.94,-0.333
27.09,0.92,-0.333
27.09,0.91,-0.333
27.09,0.89,-0.333
27.09,0.87,-0.333
27.10,0.86,-0.333
27.10,0.84,-0.333
27.10,0.82,-0.333
27.10,0.81,-0.333
27.10,0.79,-0.333
27.11,0.77,-0.333
27.11,0.76,-0.333
27.11,0.74,-0.333
27.11,0.72,-0.333
27.11,0.71,-0.333
27.11,0.69,-0.333
27.12,0.67,-0.333
27.12,0.66,-0.333
27.12,0.64,-0.333
27.12,0.62,-0.333
27.12,0.61,-0.333
27.12,0.59,-0.333
27.13,0.57,-0.333
27.13,0.56,-0.333
27.13,0.54,-0.333
27.13,0.52,-0.333
27.13,0.51,-0.333
27.13,0.49,-0.333
27.13,0.47,-0.333
27.14,0.46,-0.333
27.14,0.44,-0.333
27.14,0.42,-0.333
27.14,0.41,-0.333
27.14,0.39,-0.333
27.14,0.37,-0.333
27.15,0.36,-0.333
27.15,0.34,-0.333
27.15,0.32,-0.333
27.15,0.31,-0.333
27.15,0.29,-0.333
27.16,0.27,-0.333
27.16,0.26,-0.333
27.16,0.24,-0.333
27.16,0.22,-0.333
27.16,0.21,-0.333
27.16,0.19,-0.333
27.17,0.17,-0.333
27.17,0.16,-0.333
27.17,0.14,-0.333
27.17,0.12,-0.333
27.17,0.11,-0.333
27.17,0.09,-0.333
27.18,0.07,-0.333
27.18,0.06,-0.333
27.18,0.04,-0.333
27.18,0.02,-0.333
27.18,0.01,-0.333
27.18,-0.01,-0.333
27.18,-0.03,-0.333
27.19,-0.04,-0.333
27.19,-0.06,-0.333
27.19,-0.08,-0.333
27.19,-0.09,-0.333
27.19,-0.11,-0.333
27.19,-0.13,-0.333
27.20,-0.14,-0.333
27.20,-0.16,-0.333
27.20,-0.18,-0.333
27.20,-0.19,-0.333
27.20,-0.21,-0.333
27.21,-0.23,-0.333
27.21,-0.24,-0.333
27.21,-0.26,-0.333
27.21,-0.28,-0.333
27.21,-0.29,-0.332
27.21,-0.31,-0.332
27.22,-0.33,-0.332
27.22,-0.35,-0.332
27.22,-0.36,-0.332
27.22,-0.38,-0.332
27.22,-0.39,-0.332
27.22,-0.41,-0.332
27.23,-0.43,-0.332
27.23,-0.44,-0.332
27.23,-0.46,-0.332
27.23,-0.48,-0.332
27.23,-0.49,-0.332
27.23,-0.51,-0.332
27.23,-0.53,-0.332
27.24,-0.54,-0.332
27.24,-0.56,-0.332
27.24,-0.58,-0.332
27.24,-0.60,-0.332
27.24,-0.61,-0.332
27.24,-0.63,-0.332
27.25,-0.65,-0.332
27.25,-0.66,-0.332
27.25,-0.68,-0.332
27.25,-0.70,-0.332
27.25,-0.71,-0.332
27.26,-0.73,-0.332
27.26,-0.75,-0.332
27.26,-0.76,-0.332
27.26,-0.78,-0.332
27.26,-0.79,-0.332
27.26,-0.81,-0.332
27.27,-0.83,-0.332
27.27,-0.84,-0.332
27.27,-0.86,-0.332
27.27,-0.88,-0.332
27.27,-0.89,-0.332
27.27,-0.91,-0.332
27.28,-0.93,-0.332
27.28,-0.94,-0.332
27.28,-0.96,-0.332
27.28,-0.98,-0.332
27.28,-1.00,-0.332
27.28,-1.01,-0.332
27.28,-1.03,-0.332
27.29,-1.05,-0.332
27.29,-1.06,-0.332
27.29,-1.08,-0.332
27.29,-1.10,-0.332
27.29,-1.11,-0.332
27.29,-1.13,-0.332
27.30,-1.14,-0.332
27.30,-1.16,-0.332
27.30,-1.18,-0.332
27.30,-1.19,-0.332
27.30,-1.21,-0.332
27.31,-1.23,-0.332
27.31,-1.24,-0.332
27.31,-1.26,-0.332
27.31,-1.28,-0.332
27.31,-1.29,-0.332
27.31,-1.31,-0.332
27.32,-1.33,-0.332
27.32,-1.34,-0.332
27.32,-1.36,-0.332
27.32,-1.38,-0.332
27.32,-1.40,-0.332
27.32,-1.41,-0.332
27.33,-1.43,-0.332
27.33,-1.45,-0.332
27.33,-1.46,-0.332
27.33,-1.48,-0.332
27.33,-1.50,-0.332
27.33,-1.51,-0.332
27.33,-1.53,-0.332
27.34,-1.55,-0.332
27.34,-1.56,-0.332
27.34,-1.58,-0.332
27.34,-1.60,-0.332
27.34,-1.61,-0.332
27.34,-1.63,-0.332
27.35,-1.65,-0.332
27.35,-1.66,-0.332
27.35,-1.68,-0.332
27.35,-1.69,-0.332
27.35,-1.71,-0.332
27.36,-1.73,-0.332
27.36,-1.74,-0.332
27.36,-1.76,-0.332
27.36,-1.78,-0.331
27.36,-1.80,-0.331
27.36,-1.81,-0.331
27.37,-1.83,-0.331
27.37,-1.85,-0.331
27.37,-1.86,-0.331
27.37,-1.88,-0.331
27.37,-1.90,-0.331
27.37,-1.91,-0.331
27.38,-1.93,-0.331
27.38,-1.95,-0.331
27.38,-1.96,-0.331
27.38,-1.98,-0.331
27.38,-2.00,-0.331
27.38,-2.01,-0.331
27.38,-2.03,-0.331
27.39,-2.05,-0.331
27.39,-2.06,-0.331
27.39,-2.08,-0.331
27.39,-2.10,-0.331
27.39,-2.11,-0.331
27.39,-2.13,-0.331
27.40,-2.15,-0.331
27.40,-2.16,-0.331
27.40,-2.18,-0.331
27.40,-2.20,-0.331
27.40,-2.21,-0.331
27.41,-2.23,-0.331
27.41,-2.25,-0.331
27.41,-2.26,-0.331
27.41,-2.28,-0.331
27.41,-2.30,-0.331
27.41,-2.31,-0.331
27.42,-2.33,-0.331
27.42,-2.35,-0.331
27.42,-2.36,-0.331
27.42,-2.38,-0.331
27.42,-2.40,-0.331
27.42,-2.41,-0.331
27.43,-2.43,-0.331
27.43,-2.45,-0.331
27.43,-2.46,-0.331
27.43,-2.48,-0.331
27.43,-2.50,-0.331
27.43,-2.51,-0.331
27.43,-2.53,-0.331
27.44,-2.55,-0.331
27.44,-2.56,-0.331
27.44,-2.58,-0.331
27.44,-2.60,-0.331
27.44,-2.61,-0.331
27.44,-2.63,-0.331
27.45,-2.65,-0.331
27.45,-2.66,-0.331
27.45,-2.68,-0.331
27.45,-2.70,-0.331
27.45,-2.71,-0.331
27.46,-2.73,-0.331
27.46,-2.75,-0.331
27.46,-2.76,-0.331
27.46,-2.78,-0.331
27.46,-2.80,-0.331
27.46,-2.81,-0.331
27.47,-2.83,-0.331
27.47,-2.85,-0.331
27.47,-2.86,-0.331
27.47,-2.88,-0.331
27.47,-2.90,-0.331
27.47,-2.91,-0.331
27.48,-2.93,-0.331
27.48,-2.95,-0.331
27.48,-2.96,-0.331
27.48,-2.98,-0.331
27.48,-3.00,-0.331
27.48,-3.01,-0.331
27.48,-3.03,-0.331
27.49,-3.05,-0.331
27.49,-3.06,-0.331
27.49,-3.08,-0.331
27.49,-3.10,-0.331
27.49,-3.11,-0.331
27.49,-3.13,-0.331
27.50,-3.15,-0.331
27.50,-3.16,-0.331
27.50,-3.18,-0.331
27.50,-3.20,-0.331
27.50,-3.21,-0.331
27.51,-3.23,-0.331
27.51,-3.25,-0.331
27.51,-3.26,-0.331
27.51,-3.28,-0.331
27.51,-3.30,-0.331
27.51,-3.31,-0.331
27.52,-3.33,-0.331
27.52,-3.35,-0.331
27.52,-3.36,-0.331
27.52,-3.38,-0.331
27.52,-3.40,-0.331
27.52,-3.41,-0.330
27.53,-3.43,-0.330
27.53,-3.45,-0.330
27.53,-3.46,-0.330
27.53,-3.48,-0.330
27.53,-3.50,-0.330
27.53,-3.51,-0.330
27.53,-3.53,-0.330
27.54,-3.55,-0.330
27.54,-3.56,-0.330
27.54,-3.58,-0.330
27.54,-3.60,-0.330
27.54,-3.61,-0.330
27.54,-3.63,-0.330
27.55,-3.65,-0.330
27.55,-3.66,-0.330
27.55,-3.68,-0.330
27.55,-3.70,-0.330
27.55,-3.71,-0.330
27.56,-3.73,-0.330
27.56,-3.75,-0.330
27.56,-3.76,-0.330
27.56,-3.78,-0.330
27.56,-3.80,-0.330
27.56,-3.81,-0.330
27.57,-3.83,-0.330
27.57,-3.85,-0.330
27.57,-3.86,-0.330
27.57,-3.88,-0.330
27.57,-3.90,-0.330
27.57,-3.91,-0.330
27.58,-3.93,-0.330
27.58,-3.95,-0.330
27.58,-3.96,-0.330
27.58,-3.98,-0.330
27.58,-4.00,-0.330
27.58,-4.01,-0.330
27.58,-4.03,-0.330
27.59,-4.05,-0.330
27.59,-4.06,-0.330
27.59,-4.08,-0.330
27.59,-4.10,-0.330
27.59,-4.12,-0.330
27.59,-4.13,-0.330
27.60,-4.15,-0.330
27.60,-4.17,-0.330
27.60,-4.18,-0.330
27.60,-4.20,-0.330
27.60,-4.21,-0.330
27.61,-4.23,-0.330
27.61,-4.25,-0.330
27.61,-4.26,-0.330
27.61,-4.28,-0.330
27.61,-4.30,-0.330
27.61,-4.31,-0.330
27.62,-4.33,-0.330
27.62,-4.35,-0.330
27.62,-4.36,-0.330
27.62,-4.38,-0.330
27.62,-4.40,-0.330
27.62,-4.41,-0.330
27.63,-4.43,-0.330
27.63,-4.45,-0.330
27.63,-4.47,-0.330
27.63,-4.48,-0.330
27.63,-4.50,-0.330
27.63,-4.52,-0.330
27.63,-4.53,-0.330
27.64,-4.55,-0.330
27.64,-4.57,-0.330
27.64,-4.58,-0.330
27.64,-4.60,-0.330
27.64,-4.62,-0.330
27.64,-4.63,-0.330
27.65,-4.65,-0.330
27.65,-4.67,-0.330
27.65,-4.68,-0.330
27.65,-4.70,-0.330
27.65,-4.72,-0.330
27.66,-4.73,-0.330
27.66,-4.75,-0.330
27.66,-4.76,-0.330
27.66,-4.78,-0.330
27.66,-4.80,-0.330
27.66,-4.82,-0.330
27.67,-4.83,-0.330
27.67,-4.85,-0.329
27.67,-4.87,-0.329
27.67,-4.88,-0.329
27.67,-4.90,-0.329
27.67,-4.92,-0.329
27.68,-4.93,-0.329
27.68,-4.95,-0.329
27.68,-4.96,-0.329
27.68,-4.98,-0.329
27.68,-5.00,-0.329
27.68,-5.02,-0.329
27.68,-5.03,-0.329
27.69,-5.05,-0.329
27.69,-5.07,-0.329
27.69,-5.08,-0.329
27.69,-5.10,-0.329
27.69,-5.12,-0.329
27.69,-5.13,-0.329
27.70,-5.15,-0.329
27.70,-5.17,-0.329
27.70,-5.18,-0.329
27.70,-5.20,-0.329
27.70,-5.22,-0.329
27.71,-5.23,-0.329
27.71,-5.25,-0.329
27.71,-5.27,-0.329
27.71,-5.28,-0.329
27.71,-5.30,-0.329
27.71,-5.32,-0.329
27.72,-5.33,-0.329
27.72,-5.35,-0.329
27.72,-5.37,-0.329
27.72,-5.38,-0.329
27.72,-5.40,-0.329
27.72,-5.42,-0.329
27.73,-5.43,-0.329
27.73,-5.45,-0.329
27.73,-5.47,-0.329
27.73,-5.48,-0.329
27.73,-5.50,-0.329
27.73,-5.52,-0.329
27.73,-5.53,-0.329
27.74,-5.55,-0.329
27.74,-5.56,-0.329
27.74,-5.58,-0.329
27.74,-5.60,-0.329
27.74,-5.62,-0.329
27.74,-5.63,-0.329
27.75,-5.65,-0.329
27.75,-5.67,-0.329
27.75,-5.68,-0.329
27.75,-5.70,-0.329
27.75,-5.72,-0.329
27.76,-5.73,-0.329
27.76,-5.75,-0.329
27.76,-5.77,-0.329
27.76,-5.78,-0.329
27.76,-5.80,-0.329
27.76,-5.82,-0.329
27.77,-5.83,-0.329
27.77,-5.85,-0.329
27.77,-5.87,-0.329
27.77,-5.88,-0.329
27.77,-5.90,-0.329
27.77,-5.91,-0.329
27.78,-5.93,-0.329
27.78,-5.95,-0.329
27.78,-5.97,-0.329
27.78,-5.98,-0.329
27.78,-6.00,-0.329
27.78,-6.02,-0.329
27.78,-6.03,-0.329
27.79,-6.05,-0.329
27.79,-6.07,-0.329
27.79,-6.08,-0.329
27.79,-6.10,-0.329
27.79,-6.12,-0.329
27.79,-6.13,-0.329
27.80,-6.15,-0.329
27.80,-6.17,-0.329
27.80,-6.18,-0.329
27.80,-6.20,-0.329
27.80,-6.22,-0.329
27.81,-6.23,-0.329
27.81,-6.25,-0.329
27.81,-6.27,-0.329
27.81,-6.28,-0.329
27.81,-6.30,-0.329
27.81,-6.32,-0.329
27.82,-6.33,-0.328
27.82,-6.35,-0.328
27.82,-6.37,-0.328
27.82,-6.38,-0.328
27.82,-6.40,-0.328
27.82,-6.41,-0.328
27.83,-6.43,-0.328
27.83,-6.45,-0.328
27.83,-6.47,-0.328
27.83,-6.48,-0.328
27.83,-6.50,-0.328
27.83,-6.52,-0.328
27.83,-6.53,-0.328
27.84,-6.55,-0.328
27.84,-6.57,-0.328
27.84,-6.58,-0.328
27.84,-6.60,-0.328
27.84,-6.62,-0.328
27.84,-6.63,-0.328
27.85,-6.65,-0.328
27.85,-6.67,-0.328
27.85,-6.68,-0.328
27.85,-6.70,-0.328
27.85,-6.72,-0.328
27.86,-6.73,-0.328
27.86,-6.75,-0.328
27.86,-6.77,-0.328
27.86,-6.78,-0.328
27.86,-6.80,-0.328
27.86,-6.82,-0.328
27.87,-6.83,-0.328
27.87,-6.85,-0.328
27.87,-6.87,-0.328
27.87,-6.88,-0.328
27.87,-6.90,-0.328
27.87,-6.92,-0.328
27.88,-6.93,-0.328
27.88,-6.95,-0.328
27.88,-6.97,-0.328
27.88,-6.98,-0.328
27.88,-7.00,-0.328
27.88,-7.02,-0.328
27.88,-7.03,-0.328
27.89,-7.05,-0.328
27.89,-7.07,-0.328
27.89,-7.08,-0.328
27.89,-7.10,-0.328
27.89,-7.12,-0.328
27.89,-7.13,-0.328
27.90,-7.15,-0.328
27.90,-7.17,-0.328
27.90,-7.18,-0.328
27.90,-7.20,-0.328
27.90,-7.22,-0.328
27.91,-7.23,-0.328
27.91,-7.25,-0.328
27.91,-7.27,-0.328
27.91,-7.28,-0.328
27.91,-7.30,-0.328
27.91,-7.32,-0.328
27.92,-7.33,-0.328
27.92,-7.35,-0.328
27.92,-7.37,-0.328
27.92,-7.38,-0.328
27.92,-7.40,-0.328
27.92,-7.42,-0.328
27.93,-7.43,-0.328
27.93,-7.45,-0.328
27.93,-7.47,-0.328
27.93,-7.48,-0.328
27.93,-7.50,-0.328
27.93,-7.52,-0.328
27.93,-7.54,-0.328
27.94,-7.55,-0.328
27.94,-7.57,-0.328
27.94,-7.59,-0.327
27.94,-7.60,-0.327
27.94,-7.62,-0.326
27.94,-7.63,-0.326
27.95,-7.65,-0.325
27.95,-7.67,-0.324
27.95,-7.68,-0.324
27.95,-7.70,-0.324
27.95,-7.72,-0.324
27.96,-7.74,-0.324
27.96,-7.75,-0.324
27.96,-7.77,-0.324
27.96,-7.78,-0.324
27.96,-7.80,-0.324
27.96,-7.82,-0.324
27.97,-7.83,-0.324
27.97,-7.85,-0.324
27.97,-7.87,-0.324
27.97,-7.88,-0.324
27.97,-7.90,-0.324
27.97,-7.92,-0.324
27.98,-7.93,-0.324
27.98,-7.95,-0.324
27.98,-7.97,-0.324
27.98,-7.98,-0.324
27.98,-8.00,-0.324
27.98,-8.02,-0.324
27.98,-8.03,-0.324
27.99,-8.05,-0.324
27.99,-8.07,-0.324
27.99,-8.09,-0.324
27.99,-8.10,-0.324
27.99,-8.12,-0.324
27.99,-8.13,-0.324
28.00,-8.15,-0.324
28.00,-8.17,-0.324
28.00,-8.18,-0.324
28.00,-8.20,-0.324
28.00,-8.22,-0.324
28.01,-8.23,-0.324
28.01,-8.25,-0.324
28.01,-8.27,-0.324
28.01,-8.28,-0.324
28.01,-8.30,-0.324
28.01,-8.32,-0.324
28.02,-8.33,-0.324
28.02,-8.35,-0.324
28.02,-8.37,-0.324
28.02,-8.38,-0.324
28.02,-8.40,-0.324
28.02,-8.42,-0.324
28.03,-8.44,-0.324
28.03,-8.45,-0.324
28.03,-8.47,-0.324
28.03,-8.48,-0.324
28.03,-8.50,-0.324
28.03,-8.52,-0.324
28.03,-8.53,-0.324
28.04,-8.55,-0.324
28.04,-8.57,-0.324
28.04,-8.58,-0.324
28.04,-8.60,-0.324
28.04,-8.62,-0.324
28.04,-8.63,-0.324
28.05,-8.65,-0.324
28.05,-8.67,-0.324
28.05,-8.68,-0.324
28.05,-8.70,-0.324
28.05,-8.72,-0.324
28.06,-8.73,-0.324
28.06,-8.75,-0.324
28.06,-8.77,-0.324
28.06,-8.78,-0.325
28.06,-8.80,-0.325
28.06,-8.82,-0.325
28.07,-8.83,-0.325
28.07,-8.85,-0.325
28.07,-8.87,-0.325
28.07,-8.88,-0.325
28.07,-8.90,-0.325
28.07,-8.92,-0.325
28.08,-8.94,-0.325
28.08,-8.95,-0.325
28.08,-8.97,-0.325
28.08,-8.98,-0.325
28.08,-9.00,-0.325
28.08,-9.02,-0.325
28.08,-9.03,-0.325
28.09,-9.05,-0.325
28.09,-9.07,-0.325
28.09,-9.08,-0.325
28.09,-9.10,-0.325
28.09,-9.12,-0.325
28.09,-9.14,-0.325
28.10,-9.15,-0.325
28.10,-9.17,-0.325
28.10,-9.19,-0.325
28.10,-9.20,-0.325
28.10,-9.22,-0.325
28.11,-9.24,-0.325
28.11,-9.25,-0.325
28.11,-9.27,-0.325
28.11,-9.28,-0.325
28.11,-9.30,-0.325
28.11,-9.32,-0.325
28.12,-9.33,-0.325
28.12,-9.35,-0.325
28.12,-9.37,-0.325
28.12,-9.38,-0.325
28.12,-9.40,-0.325
28.12,-9.42,-0.325
28.13,-9.43,-0.325
28.13,-9.45,-0.325
28.13,-9.47,-0.325
28.13,-9.49,-0.325
28.13,-9.50,-0.325
28.13,-9.52,-0.325
28.13,-9.54,-0.325
28.14,-9.55,-0.325
28.14,-9.57,-0.325
28.14,-9.59,-0.325
28.14,-9.60,-0.325
28.14,-9.62,-0.325
28.14,-9.64,-0.325
28.15,-9.65,-0.325
28.15,-9.67,-0.325
28.15,-9.68,-0.325
28.15,-9.70,-0.325
28.15,-9.72,-0.325
28.16,-9.73,-0.325
28.16,-9.75,-0.325
28.16,-9.77,-0.325
28.16,-9.78,-0.325
28.16,-9.80,-0.325
28.16,-9.82,-0.325
28.17,-9.83,-0.325
28.17,-9.85,-0.325
28.17,-9.87,-0.325
28.17,-9.88,-0.325
28.17,-9.90,-0.325
28.17,-9.92,-0.325
28.18,-9.94,-0.325
28.18,-9.95,-0.325
28.18,-9.97,-0.325
28.18,-9.99,-0.325
28.18,-10.00,-0.325
28.18,-10.02,-0.325
28.18,-10.04,-0.325
28.19,-10.05,-0.325
28.19,-10.07,-0.325
28.19,-10.09,-0.325
28.19,-10.10,-0.325
28.19,-10.12,-0.325
28.19,-10.14,-0.325
28.20,-10.15,-0.325
28.20,-10.17,-0.325
28.20,-10.19,-0.325
28.20,-10.20,-0.325
28.20,-10.22,-0.325
28.21,-10.23,-0.325
28.21,-10.25,-0.325
28.21,-10.27,-0.325
28.21,-10.29,-0.325
28.21,-10.30,-0.325
28.21,-10.32,-0.325
28.22,-10.34,-0.325
28.22,-10.35,-0.325
28.22,-10.37,-0.325
28.22,-10.39,-0.325
28.22,-10.40,-0.325
28.22,-10.42,-0.325
28.23,-10.44,-0.325
28.23,-10.45,-0.325
28.23,-10.47,-0.325
28.23,-10.49,-0.325
28.23,-10.50,-0.325
28.23,-10.52,-0.325
28.23,-10.53,-0.325
28.24,-10.55,-0.325
28.24,-10.57,-0.325
28.24,-10.59,-0.325
28.24,-10.60,-0.325
28.24,-10.62,-0.325
28.24,-10.64,-0.325
28.25,-10.65,-0.325
28.25,-10.67,-0.325
28.25,-10.69,-0.325
28.25,-10.70,-0.325
28.25,-10.72,-0.325
28.26,-10.74,-0.325
28.26,-10.75,-0.325
28.26,-10.77,-0.325
28.26,-10.79,-0.325
28.26,-10.80,-0.325
28.26,-10.82,-0.325
28.27,-10.84,-0.325
28.27,-10.85,-0.325
28.27,-10.87,-0.325
28.27,-10.89,-0.325
28.27,-10.90,-0.325
28.27,-10.92,-0.325
28.28,-10.94,-0.325
28.28,-10.95,-0.325
28.28,-10.97,-0.325
28.28,-10.99,-0.325
28.28,-11.00,-0.325
28.28,-11.02,-0.325
28.28,-11.04,-0.325
28.29,-11.05,-0.325
28.29,-11.07,-0.325
28.29,-11.09,-0.325
28.29,-11.10,-0.325
28.29,-11.12,-0.325
28.29,-11.14,-0.325
28.30,-11.15,-0.324
28.30,-11.17,-0.324
28.30,-11.19,-0.324
28.30,-11.20,-0.324
28.30,-11.22,-0.324
28.31,-11.24,-0.324
28.31,-11.25,-0.324
28.31,-11.27,-0.324
28.31,-11.29,-0.324
28.31,-11.30,-0.324
28.31,-11.32,-0.324
28.32,-11.34,-0.324
28.32,-11.35,-0.324
28.32,-11.37,-0.324
28.32,-11.39,-0.324
28.32,-11.40,-0.324
28.32,-11.42,-0.324
28.33,-11.44,-0.324
28.33,-11.45,-0.324
28.33,-11.47,-0.324
28.33,-11.49,-0.324
28.33,-11.50,-0.324
28.33,-11.52,-0.324
28.33,-11.54,-0.324
28.34,-11.55,-0.324
28.34,-11.57,-0.324
28.34,-11.59,-0.324
28.34,-11.60,-0.324
28.34,-11.62,-0.324
28.34,-11.64,-0.324
28.35,-11.65,-0.324
28.35,-11.67,-0.324
28.35,-11.69,-0.324
28.35,-11.70,-0.324
28.35,-11.72,-0.324
28.36,-11.74,-0.324
28.36,-11.75,-0.324
28.36,-11.77,-0.324
28.36,-11.79,-0.324
28.36,-11.80,-0.324
28.36,-11.82,-0.324
28.37,-11.84,-0.324
28.37,-11.85,-0.324
28.37,-11.87,-0.324
28.37,-11.89,-0.324
28.37,-11.90,-0.324
28.37,-11.92,-0.324
28.38,-11.94,-0.324
28.38,-11.95,-0.324
28.38,-11.97,-0.324
28.38,-11.99,-0.324
28.38,-12.00,-0.324
28.38,-12.02,-0.324
28.38,-12.04,-0.324
28.39,-12.05,-0.324
28.39,-12.07,-0.324
28.39,-12.09,-0.324
28.39,-12.10,-0.324
28.39,-12.12,-0.324
28.39,-12.14,-0.324
28.40,-12.15,-0.324
28.40,-12.17,-0.324
28.40,-12.19,-0.324
28.40,-12.20,-0.324
28.40,-12.22,-0.324
28.41,-12.24,-0.324
28.41,-12.25,-0.324
28.41,-12.27,-0.324
28.41,-12.29,-0.324
28.41,-12.30,-0.324
28.41,-12.32,-0.324
28.42,-12.34,-0.324
28.42,-12.35,-0.324
28.42,-12.37,-0.324
28.42,-12.39,-0.324
28.42,-12.40,-0.324
28.42,-12.42,-0.324
28.43,-12.44,-0.324
28.43,-12.45,-0.324
28.43,-12.47,-0.324
28.43,-12.49,-0.324
28.43,-12.50,-0.324
28.43,-12.52,-0.324
28.43,-12.54,-0.324
28.44,-12.55,-0.324
28.44,-12.57,-0.324
28.44,-12.59,-0.324
28.44,-12.60,-0.324
28.44,-12.62,-0.324
28.44,-12.64,-0.324
28.45,-12.65,-0.324
28.45,-12.67,-0.324
28.45,-12.69,-0.324
28.45,-12.70,-0.324
28.45,-12.72,-0.324
28.46,-12.74,-0.324
28.46,-12.75,-0.324
28.46,-12.77,-0.324
28.46,-12.79,-0.324
28.46,-12.80,-0.324
28.46,-12.82,-0.324
28.47,-12.84,-0.324
28.47,-12.85,-0.324
28.47,-12.87,-0.324
28.47,-12.89,-0.324
28.47,-12.90,-0.324
28.47,-12.92,-0.324
28.48,-12.94,-0.324
28.48,-12.95,-0.324
28.48,-12.97,-0.324
28.48,-12.99,-0.324
28.48,-13.00,-0.324
28.48,-13.02,-0.324
28.48,-13.04,-0.324
28.49,-13.05,-0.324
28.49,-13.07,-0.324
28.49,-13.09,-0.324
28.49,-13.10,-0.324
28.49,-13.12,-0.324
28.49,-13.14,-0.324
28.50,-13.15,-0.324
28.50,-13.17,-0.324
28.50,-13.19,-0.324
28.50,-13.20,-0.324
28.50,-13.22,-0.324
28.51,-13.24,-0.324
28.51,-13.25,-0.324
28.51,-13.27,-0.324
28.51,-13.29,-0.324
28.51,-13.30,-0.324
28.51,-13.32,-0.324
28.52,-13.34,-0.324
28.52,-13.35,-0.324
28.52,-13.37,-0.324
28.52,-13.39,-0.324
28.52,-13.40,-0.324
28.52,-13.42,-0.324
28.53,-13.44,-0.324
28.53,-13.45,-0.324
28.53,-13.47,-0.324
28.53,-13.49,-0.324
28.53,-13.50,-0.324
28.53,-13.52,-0.324
28.53,-13.54,-0.324
28.54,-13.55,-0.324
28.54,-13.57,-0.324
28.54,-13.59,-0.324
28.54,-13.60,-0.324
28.54,-13.62,-0.324
28.54,-13.64,-0.324
28.55,-13.65,-0.323
28.55,-13.67,-0.323
28.55,-13.69,-0.323
28.55,-13.70,-0.323
28.55,-13.72,-0.323
28.56,-13.74,-0.323
28.56,-13.75,-0.323
28.56,-13.77,-0.323
28.56,-13.79,-0.323
28.56,-13.80,-0.323
28.56,-13.82,-0.323
28.57,-13.84,-0.323
28.57,-13.85,-0.323
28.57,-13.87,-0.323
28.57,-13.89,-0.323
28.57,-13.90,-0.323
28.57,-13.92,-0.323
28.58,-13.94,-0.323
28.58,-13.95,-0.323
28.58,-13.97,-0.323
28.58,-13.99,-0.323
28.58,-14.00,-0.323
28.58,-14.02,-0.323
28.58,-14.04,-0.323
28.59,-14.05,-0.323
28.59,-14.07,-0.323
28.59,-14.09,-0.323
28.59,-14.10,-0.323
28.59,-14.12,-0.323
28.59,-14.14,-0.323
28.60,-14.15,-0.323
28.60,-14.17,-0.323
28.60,-14.19,-0.323
28.60,-14.20,-0.323
28.60,-14.22,-0.323
28.61,-14.24,-0.323
28.61,-14.25,-0.323
28.61,-14.27,-0.323
28.61,-14.29,-0.323
28.61,-14.30,-0.323
28.61,-14.32,-0.323
28.62,-14.34,-0.323
28.62,-14.35,-0.323
28.62,-14.37,-0.323
28.62,-14.39,-0.323
28.62,-14.40,-0.323
28.62,-14.42,-0.323
28.63,-14.44,-0.323
28.63,-14.45,-0.323
28.63,-14.47,-0.323
28.63,-14.49,-0.323
28.63,-14.51,-0.323
28.63,-14.52,-0.323
28.63,-14.54,-0.323
28.64,-14.55,-0.323
28.64,-14.57,-0.323
28.64,-14.59,-0.323
28.64,-14.60,-0.323
28.64,-14.62,-0.323
28.64,-14.64,-0.323
28.65,-14.65,-0.323
28.65,-14.67,-0.323
28.65,-14.69,-0.323
28.65,-14.70,-0.323
28.65,-14.72,-0.323
28.66,-14.74,-0.323
28.66,-14.75,-0.323
28.66,-14.77,-0.323
28.66,-14.79,-0.323
28.66,-14.80,-0.323
28.66,-14.82,-0.323
28.67,-14.84,-0.323
28.67,-14.85,-0.323
28.67,-14.87,-0.323
28.67,-14.89,-0.323
28.67,-14.90,-0.323
28.67,-14.92,-0.323
28.68,-14.94,-0.323
28.68,-14.95,-0.323
28.68,-14.97,-0.323
28.68,-14.99,-0.323
28.68,-15.00,-0.323
28.68,-15.02,-0.323
28.68,-15.04,-0.323
28.69,-15.05,-0.323
28.69,-15.07,-0.323
28.69,-15.09,-0.323
28.69,-15.10,-0.323
28.69,-15.12,-0.323
28.69,-15.14,-0.323
28.70,-15.15,-0.323
28.70,-15.17,-0.323
28.70,-15.19,-0.323
28.70,-15.20,-0.323
28.70,-15.22,-0.323
28.71,-15.24,-0.323
28.71,-15.25,-0.323
28.71,-15.27,-0.323
28.71,-15.29,-0.323
28.71,-15.30,-0.323
28.71,-15.32,-0.323
28.72,-15.34,-0.323
28.72,-15.35,-0.323
28.72,-15.37,-0.323
28.72,-15.39,-0.323
28.72,-15.40,-0.323
28.72,-15.42,-0.323
28.73,-15.44,-0.323
28.73,-15.45,-0.323
28.73,-15.47,-0.322
28.73,-15.49,-0.322
28.73,-15.50,-0.322
28.73,-15.52,-0.322
28.73,-15.54,-0.322
28.74,-15.55,-0.322
28.74,-15.57,-0.322
28.74,-15.59,-0.322
28.74,-15.60,-0.322
28.74,-15.62,-0.322
28.74,-15.64,-0.322
28.75,-15.65,-0.322
28.75,-15.67,-0.322
28.75,-15.69,-0.322
28.75,-15.70,-0.322
28.75,-15.72,-0.322
28.76,-15.74,-0.322
28.76,-15.75,-0.322
28.76,-15.77,-0.322
28.76,-15.79,-0.322
28.76,-15.80,-0.322
28.76,-15.82,-0.322
28.77,-15.84,-0.322
28.77,-15.85,-0.322
28.77,-15.87,-0.322
28.77,-15.89,-0.322
28.77,-15.90,-0.322
28.77,-15.92,-0.322
28.78,-15.94,-0.322
28.78,-15.95,-0.322
28.78,-15.97,-0.322
28.78,-15.99,-0.322
28.78,-16.01,-0.322
28.78,-16.02,-0.322
28.78,-16.04,-0.322
28.79,-16.05,-0.322
28.79,-16.07,-0.322
28.79,-16.09,-0.322
28.79,-16.10,-0.322
28.79,-16.12,-0.322
28.79,-16.14,-0.322
28.80,-16.15,-0.322
28.80,-16.17,-0.322
28.80,-16.19,-0.322
28.80,-16.20,-0.322
28.80,-16.22,-0.322
28.81,-16.24,-0.322
28.81,-16.25,-0.322
28.81,-16.27,-0.322
28.81,-16.29,-0.322
28.81,-16.30,-0.322
28.81,-16.32,-0.322
28.82,-16.34,-0.322
28.82,-16.35,-0.322
28.82,-16.37,-0.322
28.82,-16.39,-0.322
28.82,-16.40,-0.322
28.82,-16.42,-0.322
28.83,-16.44,-0.322
28.83,-16.45,-0.322
28.83,-16.47,-0.322
28.83,-16.49,-0.322
28.83,-16.51,-0.322
28.83,-16.52,-0.322
28.83,-16.54,-0.322
28.84,-16.55,-0.322
28.84,-16.57,-0.322
28.84,-16.59,-0.322
28.84,-16.60,-0.322
28.84,-16.62,-0.322
28.84,-16.64,-0.322
28.85,-16.65,-0.322
28.85,-16.67,-0.322
28.85,-16.69,-0.322
28.85,-16.70,-0.322
28.85,-16.72,-0.322
28.86,-16.74,-0.322
28.86,-16.75,-0.322
28.86,-16.77,-0.322
28.86,-16.79,-0.322
28.86,-16.80,-0.322
28.86,-16.82,-0.322
28.87,-16.84,-0.322
28.87,-16.85,-0.322
28.87,-16.87,-0.321
28.87,-16.89,-0.321
28.87,-16.90,-0.321
28.87,-16.92,-0.321
28.88,-16.94,-0.321
28.88,-16.95,-0.321
28.88,-16.97,-0.321
28.88,-16.99,-0.321
28.88,-17.00,-0.321
28.88,-17.02,-0.321
28.88,-17.04,-0.321
28.89,-17.05,-0.321
28.89,-17.07,-0.321
28.89,-17.09,-0.321
28.89,-17.10,-0.321
28.89,-17.12,-0.321
28.89,-17.14,-0.321
28.90,-17.15,-0.321
28.90,-17.17,-0.321
28.90,-17.19,-0.321
28.90,-17.20,-0.321
28.90,-17.22,-0.321
28.91,-17.24,-0.321
28.91,-17.25,-0.321
28.91,-17.27,-0.321
28.91,-17.29,-0.321
28.91,-17.31,-0.321
28.91,-17.32,-0.321
28.92,-17.34,-0.321
28.92,-17.35,-0.321
28.92,-17.37,-0.321
28.92,-17.39,-0.321
28.92,-17.40,-0.321
28.92,-17.42,-0.321
28.93,-17.44,-0.321
28.93,-17.45,-0.321
28.93,-17.47,-0.321
28.93,-17.49,-0.321
28.93,-17.50,-0.321
28.93,-17.52,-0.321
28.93,-17.54,-0.321
28.94,-17.56,-0.321
28.94,-17.57,-0.321
28.94,-17.59,-0.321
28.94,-17.60,-0.321
28.94,-17.62,-0.321
28.94,-17.64,-0.321
28.95,-17.66,-0.321
28.95,-17.67,-0.321
28.95,-17.69,-0.321
28.95,-17.70,-0.321
28.95,-17.72,-0.321
28.96,-17.74,-0.321
28.96,-17.75,-0.321
28.96,-17.77,-0.321
28.96,-17.79,-0.321
28.96,-17.80,-0.321
28.96,-17.82,-0.321
28.97,-17.84,-0.321
28.97,-17.85,-0.321
28.97,-17.87,-0.321
28.97,-17.89,-0.321
28.97,-17.90,-0.321
28.97,-17.92,-0.321
28.98,-17.94,-0.321
28.98,-17.95,-0.321
28.98,-17.97,-0.321
28.98,-17.99,-0.321
28.98,-18.01,-0.321
28.98,-18.02,-0.321
28.98,-18.04,-0.321
28.99,-18.05,-0.321
28.99,-18.07,-0.321
28.99,-18.09,-0.321
28.99,-18.10,-0.321
28.99,-18.12,-0.321
28.99,-18.14,-0.321
29.00,-18.15,-0.321
29.00,-18.17,-0.321
29.00,-18.19,-0.321
29.00,-18.20,-0.321
29.00,-18.22,-0.321
29.01,-18.24,-0.321
29.01,-18.25,-0.321
29.01,-18.27,-0.321
29.01,-18.29,-0.321
29.01,-18.31,-0.321
29.01,-18.32,-0.321
29.02,-18.34,-0.321
29.02,-18.35,-0.321
29.02,-18.37,-0.321
29.02,-18.39,-0.321
29.02,-18.40,-0.321
29.02,-18.42,-0.321
29.03,-18.44,-0.321
29.03,-18.45,-0.321
29.03,-18.47,-0.321
29.03,-18.49,-0.321
29.03,-18.51,-0.321
29.03,-18.52,-0.321
29.03,-18.54,-0.321
29.04,-18.55,-0.321
29.04,-18.57,-0.321
29.04,-18.59,-0.321
29.04,-18.60,-0.321
29.04,-18.62,-0.321
29.04,-18.64,-0.321
29.05,-18.65,-0.321
29.05,-18.67,-0.321
29.05,-18.69,-0.321
29.05,-18.70,-0.321
29.05,-18.72,-0.321
29.06,-18.74,-0.321
29.06,-18.75,-0.320
29.06,-18.77,-0.320
29.06,-18.79,-0.320
29.06,-18.80,-0.320
29.06,-18.82,-0.320
29.07,-18.84,-0.320
29.07,-18.85,-0.320
29.07,-18.87,-0.320
29.07,-18.89,-0.320
29.07,-18.91,-0.320
29.07,-18.92,-0.320
29.08,-18.94,-0.320
29.08,-18.95,-0.320
29.08,-18.97,-0.320
29.08,-18.99,-0.320
29.08,-19.00,-0.320
29.08,-19.02,-0.320
29.08,-19.04,-0.320
29.09,-19.06,-0.320
29.09,-19.07,-0.320
29.09,-19.09,-0.320
29.09,-19.11,-0.320
29.09,-19.12,-0.320
29.09,-19.14,-0.320
29.10,-19.15,-0.320
29.10,-19.17,-0.320
29.10,-19.19,-0.320
29.10,-19.20,-0.320
29.10,-19.22,-0.320
29.11,-19.24,-0.320
29.11,-19.25,-0.320
29.11,-19.27,-0.320
29.11,-19.29,-0.320
29.11,-19.30,-0.320
29.11,-19.32,-0.320
29.12,-19.34,-0.320
29.12,-19.35,-0.320
29.12,-19.37,-0.320
29.12,-19.39,-0.320
29.12,-19.40,-0.320
29.12,-19.42,-0.320
29.13,-19.44,-0.320
29.13,-19.45,-0.320
29.13,-19.47,-0.320
29.13,-19.49,-0.320
29.13,-19.50,-0.320
29.13,-19.52,-0.320
29.13,-19.54,-0.320
29.14,-19.55,-0.320
29.14,-19.57,-0.320
29.14,-19.59,-0.320
29.14,-19.60,-0.320
29.14,-19.62,-0.320
29.14,-19.64,-0.320
29.15,-19.65,-0.320
29.15,-19.67,-0.320
29.15,-19.69,-0.320
29.15,-19.70,-0.320
29.15,-19.72,-0.320
29.16,-19.74,-0.320
29.16,-19.76,-0.320
29.16,-19.77,-0.320
29.16,-19.79,-0.320
29.16,-19.81,-0.320
29.16,-19.82,-0.320
29.17,-19.84,-0.320
29.17,-19.86,-0.320
29.17,-19.87,-0.320
29.17,-19.89,-0.320
29.17,-19.90,-0.320
29.17,-19.92,-0.320
29.18,-19.94,-0.320
29.18,-19.95,-0.320
29.18,-19.97,-0.320
29.18,-19.99,-0.320
29.18,-20.00,-0.320
29.18,-20.02,-0.320
29.18,-20.04,-0.320
29.19,-20.05,-0.320
29.19,-20.07,-0.320
29.19,-20.09,-0.320
29.19,-20.11,-0.320
29.19,-20.12,-0.320
29.19,-20.14,-0.320
29.20,-20.16,-0.320
29.20,-20.17,-0.320
29.20,-20.19,-0.320
29.20,-20.20,-0.320
29.20,-20.22,-0.320
29.21,-20.24,-0.320
29.21,-20.25,-0.320
29.21,-20.27,-0.320
29.21,-20.29,-0.320
29.21,-20.30,-0.320
29.21,-20.32,-0.320
29.22,-20.34,-0.320
29.22,-20.36,-0.320
29.22,-20.37,-0.320
29.22,-20.39,-0.320
29.22,-20.40,-0.320
29.22,-20.42,-0.320
29.23,-20.44,-0.320
29.23,-20.45,-0.320
29.23,-20.47,-0.320
29.23,-20.49,-0.320
29.23,-20.51,-0.320
29.23,-20.52,-0.320
29.23,-20.54,-0.320
29.24,-20.56,-0.320
29.24,-20.57,-0.320
29.24,-20.59,-0.320
29.24,-20.61,-0.320
29.24,-20.62,-0.320
29.24,-20.64,-0.320
29.25,-20.65,-0.320
29.25,-20.67,-0.320
29.25,-20.69,-0.320
29.25,-20.71,-0.320
29.25,-20.72,-0.320
29.26,-20.74,-0.320
29.26,-20.75,-0.320
29.26,-20.77,-0.319
29.26,-20.79,-0.319
29.26,-20.80,-0.319
29.26,-20.82,-0.319
29.27,-20.84,-0.319
29.27,-20.85,-0.319
29.27,-20.87,-0.319
29.27,-20.89,-0.319
29.27,-20.91,-0.319
29.27,-20.92,-0.319
29.28,-20.94,-0.319
29.28,-20.96,-0.319
29.28,-20.97,-0.319
29.28,-20.99,-0.319
29.28,-21.00,-0.319
29.28,-21.02,-0.319
29.28,-21.04,-0.319
29.29,-21.05,-0.319
29.29,-21.07,-0.319
29.29,-21.09,-0.319
29.29,-21.11,-0.319
29.29,-21.12,-0.319
29.29,-21.14,-0.319
29.30,-21.16,-0.319
29.30,-21.17,-0.319
29.30,-21.19,-0.319
29.30,-21.21,-0.319
29.30,-21.22,-0.319
29.31,-21.24,-0.319
29.31,-21.26,-0.319
29.31,-21.27,-0.319
29.31,-21.29,-0.319
29.31,-21.30,-0.319
29.31,-21.32,-0.319
29.32,-21.34,-0.319
29.32,-21.35,-0.319
29.32,-21.37,-0.319
29.32,-21.39,-0.319
29.32,-21.40,-0.319
29.32,-21.42,-0.319
29.33,-21.44,-0.319
29.33,-21.45,-0.319
29.33,-21.47,-0.319
29.33,-21.49,-0.319
29.33,-21.50,-0.319
29.33,-21.52,-0.319
29.33,-21.54,-0.319
29.34,-21.55,-0.319
29.34,-21.57,-0.319
29.34,-21.59,-0.319
29.34,-21.60,-0.319
29.34,-21.62,-0.319
29.34,-21.64,-0.319
29.35,-21.65,-0.319
29.35,-21.67,-0.319
29.35,-21.69,-0.319
29.35,-21.71,-0.319
29.35,-21.72,-0.319
29.36,-21.74,-0.319
29.36,-21.76,-0.319
29.36,-21.77,-0.319
29.36,-21.79,-0.319
29.36,-21.80,-0.319
29.36,-21.82,-0.319
29.37,-21.84,-0.319
29.37,-21.85,-0.319
29.37,-21.87,-0.319
29.37,-21.89,-0.319
29.37,-21.91,-0.319
29.37,-21.92,-0.319
29.38,-21.94,-0.319
29.38,-21.95,-0.319
29.38,-21.97,-0.319
29.38,-21.99,-0.319
29.38,-22.00,-0.319
29.38,-22.02,-0.319
29.38,-22.04,-0.319
29.39,-22.06,-0.319
29.39,-22.07,-0.319
29.39,-22.09,-0.319
29.39,-22.11,-0.319
29.39,-22.12,-0.319
29.39,-22.14,-0.319
29.40,-22.15,-0.319
29.40,-22.17,-0.319
29.40,-22.19,-0.319
29.40,-22.20,-0.319
29.40,-22.22,-0.319
29.41,-22.24,-0.319
29.41,-22.25,-0.319
29.41,-22.27,-0.319
29.41,-22.29,-0.319
29.41,-22.31,-0.319
29.41,-22.32,-0.319
29.42,-22.34,-0.319
29.42,-22.36,-0.319
29.42,-22.37,-0.319
29.42,-22.39,-0.319
29.42,-22.40,-0.319
29.42,-22.42,-0.319
29.43,-22.44,-0.319
29.43,-22.46,-0.319
29.43,-22.47,-0.319
29.43,-22.49,-0.319
29.43,-22.51,-0.318
29.43,-22.52,-0.318
29.43,-22.54,-0.318
29.44,-22.56,-0.318
29.44,-22.57,-0.318
29.44,-22.59,-0.318
29.44,-22.61,-0.318
29.44,-22.62,-0.318
29.44,-22.64,-0.318
29.45,-22.66,-0.318
29.45,-22.67,-0.318
29.45,-22.69,-0.318
29.45,-22.71,-0.318
29.45,-22.72,-0.318
29.46,-22.74,-0.318
29.46,-22.76,-0.318
29.46,-22.77,-0.318
29.46,-22.79,-0.318
29.46,-22.81,-0.318
29.46,-22.82,-0.318
29.47,-22.84,-0.318
29.47,-22.86,-0.318
29.47,-22.87,-0.318
29.47,-22.89,-0.318
29.47,-22.91,-0.318
29.47,-22.92,-0.318
29.48,-22.94,-0.318
29.48,-22.96,-0.318
29.48,-22.97,-0.318
29.48,-22.99,-0.318
29.48,-23.01,-0.318
29.48,-23.02,-0.318
29.48,-23.04,-0.318
29.49,-23.05,-0.318
29.49,-23.07,-0.318
29.49,-23.09,-0.318
29.49,-23.11,-0.318
29.49,-23.12,-0.318
29.49,-23.14,-0.318
29.50,-23.16,-0.318
29.50,-23.17,-0.318
29.50,-23.19,-0.318
29.50,-23.20,-0.318
29.50,-23.22,-0.318
29.51,-23.24,-0.318
29.51,-23.26,-0.318
29.51,-23.27,-0.318
29.51,-23.29,-0.318
29.51,-23.31,-0.318
29.51,-23.32,-0.318
29.52,-23.34,-0.318
29.52,-23.35,-0.318
29.52,-23.37,-0.318
29.52,-23.39,-0.318
29.52,-23.40,-0.318
29.52,-23.42,-0.318
29.53,-23.44,-0.318
29.53,-23.46,-0.318
29.53,-23.47,-0.318
29.53,-23.49,-0.318
29.53,-23.50,-0.318
29.53,-23.52,-0.318
29.53,-23.54,-0.318
29.54,-23.56,-0.318
29.54,-23.57,-0.318
29.54,-23.59,-0.318
29.54,-23.61,-0.318
29.54,-23.62,-0.318
29.54,-23.64,-0.318
29.55,-23.66,-0.318
29.55,-23.67,-0.318
29.55,-23.69,-0.318
29.55,-23.71,-0.318
29.55,-23.72,-0.318
29.56,-23.74,-0.318
29.56,-23.76,-0.318
29.56,-23.77,-0.318
29.56,-23.79,-0.318
29.56,-23.81,-0.318
29.56,-23.82,-0.318
29.57,-23.84,-0.318
29.57,-23.86,-0.318
29.57,-23.87,-0.318
29.57,-23.89,-0.318
29.57,-23.90,-0.318
29.57,-23.92,-0.318
29.58,-23.94,-0.318
29.58,-23.96,-0.318
29.58,-23.97,-0.318
29.58,-23.99,-0.318
29.58,-24.00,-0.318
29.58,-24.02,-0.318
29.58,-24.04,-0.317
29.59,-24.06,-0.317
29.59,-24.07,-0.317
29.59,-24.09,-0.317
29.59,-24.11,-0.317
29.59,-24.12,-0.317
29.59,-24.14,-0.317
29.60,-24.16,-0.317
29.60,-24.17,-0.317
29.60,-24.19,-0.317
29.60,-24.20,-0.317
29.60,-24.22,-0.317
29.61,-24.24,-0.317
29.61,-24.25,-0.317
29.61,-24.27,-0.317
29.61,-24.29,-0.317
29.61,-24.31,-0.317
29.61,-24.32,-0.317
29.62,-24.34,-0.317
29.62,-24.35,-0.317
29.62,-24.37,-0.317
29.62,-24.39,-0.317
29.62,-24.40,-0.317
29.62,-24.42,-0.317
29.63,-24.44,-0.317
29.63,-24.46,-0.317
29.63,-24.47,-0.317
29.63,-24.49,-0.317
29.63,-24.51,-0.317
29.63,-24.52,-0.317
29.63,-24.54,-0.317
29.64,-24.55,-0.317
29.64,-24.57,-0.317
29.64,-24.59,-0.317
29.64,-24.61,-0.317
29.64,-24.62,-0.317
29.64,-24.64,-0.317
29.65,-24.66,-0.317
29.65,-24.67,-0.317
29.65,-24.69,-0.317
29.65,-24.71,-0.317
29.65,-24.72,-0.317
29.66,-24.74,-0.317
29.66,-24.75,-0.317
29.66,-24.77,-0.317
29.66,-24.79,-0.317
29.66,-24.81,-0.317
29.66,-24.82,-0.317
29.67,-24.84,-0.317
29.67,-24.86,-0.317
29.67,-24.87,-0.317
29.67,-24.89,-0.317
29.67,-24.91,-0.317
29.67,-24.92,-0.317
29.68,-24.94,-0.317
29.68,-24.96,-0.317
29.68,-24.97,-0.317
29.68,-24.99,-0.317
29.68,-25.00,-0.317
29.68,-25.02,-0.317
29.68,-25.04,-0.317
29.69,-25.06,-0.317
29.69,-25.07,-0.317
29.69,-25.09,-0.317
29.69,-25.10,-0.317
29.69,-25.12,-0.317
29.69,-25.14,-0.317
29.70,-25.15,-0.317
29.70,-25.17,-0.317
29.70,-25.19,-0.317
29.70,-25.21,-0.317
29.70,-25.22,-0.317
29.71,-25.24,-0.317
29.71,-25.26,-0.317
29.71,-25.27,-0.317
29.71,-25.29,-0.317
29.71,-25.31,-0.317
29.71,-25.32,-0.317
29.72,-25.34,-0.317
29.72,-25.35,-0.317
29.72,-25.37,-0.317
29.72,-25.39,-0.317
29.72,-25.40,-0.317
29.72,-25.42,-0.317
29.73,-25.44,-0.317
29.73,-25.45,-0.317
29.73,-25.47,-0.317
29.73,-25.49,-0.316
29.73,-25.50,-0.316
29.73,-25.52,-0.316
29.73,-25.54,-0.316
29.74,-25.55,-0.316
29.74,-25.57,-0.316
29.74,-25.59,-0.316
29.74,-25.61,-0.316
29.74,-25.62,-0.316
29.74,-25.64,-0.316
29.75,-25.66,-0.316
29.75,-25.67,-0.316
29.75,-25.69,-0.316
29.75,-25.71,-0.316
29.75,-25.72,-0.316
29.76,-25.74,-0.316
29.76,-25.75,-0.316
29.76,-25.77,-0.316
29.76,-25.79,-0.316
29.76,-25.81,-0.316
29.76,-25.82,-0.316
29.77,-25.84,-0.316
29.77,-25.86,-0.316
29.77,-25.87,-0.316
29.77,-25.89,-0.316
29.77,-25.91,-0.316
29.77,-25.92,-0.316
29.78,-25.94,-0.316
29.78,-25.95,-0.316
29.78,-25.97,-0.316
29.78,-25.99,-0.316
29.78,-26.00,-0.316
29.78,-26.02,-0.316
29.78,-26.04,-0.316
29.79,-26.06,-0.316
29.79,-26.07,-0.316
29.79,-26.09,-0.316
29.79,-26.11,-0.316
29.79,-26.12,-0.316
29.79,-26.14,-0.316
29.80,-26.16,-0.316
29.80,-26.17,-0.316
29.80,-26.19,-0.316
29.80,-26.21,-0.316
29.80,-26.22,-0.316
29.81,-26.24,-0.316
29.81,-26.26,-0.316
29.81,-26.27,-0.316
29.81,-26.29,-0.316
29.81,-26.31,-0.316
29.81,-26.32,-0.316
29.82,-26.34,-0.316
29.82,-26.36,-0.316
29.82,-26.37,-0.316
29.82,-26.39,-0.316
29.82,-26.41,-0.316
29.82,-26.42,-0.316
29.83,-26.44,-0.316
29.83,-26.45,-0.316
29.83,-26.47,-0.316
29.83,-26.49,-0.316
29.83,-26.51,-0.316
29.83,-26.52,-0.316
29.83,-26.54,-0.316
29.84,-26.56,-0.316
29.84,-26.57,-0.316
29.84,-26.59,-0.316
29.84,-26.61,-0.316
29.84,-26.62,-0.316
29.84,-26.64,-0.316
29.85,-26.65,-0.316
29.85,-26.67,-0.316
29.85,-26.69,-0.316
29.85,-26.71,-0.316
29.85,-26.72,-0.316
29.86,-26.74,-0.316
29.86,-26.76,-0.316
29.86,-26.77,-0.316
29.86,-26.79,-0.316
29.86,-26.81,-0.316
29.86,-26.82,-0.316
29.87,-26.84,-0.316
29.87,-26.85,-0.316
29.87,-26.87,-0.316
29.87,-26.89,-0.316
29.87,-26.90,-0.316
29.87,-26.92,-0.316
29.88,-26.94,-0.316
29.88,-26.95,-0.316
29.88,-26.97,-0.316
29.88,-26.99,-0.316
29.88,-27.01,-0.316
29.88,-27.02,-0.316
29.88,-27.04,-0.316
29.89,-27.05,-0.316
29.89,-27.07,-0.316
29.89,-27.09,-0.316
29.89,-27.11,-0.316
29.89,-27.12,-0.316
29.89,-27.14,-0.316
29.90,-27.15,-0.316
29.90,-27.17,-0.316
29.90,-27.19,-0.316
29.90,-27.21,-0.316
29.90,-27.22,-0.316
29.91,-27.24,-0.316
29.91,-27.25,-0.316
29.91,-27.27,-0.316
29.91,-27.29,-0.315
29.91,-27.30,-0.315
29.91,-27.32,-0.315
29.92,-27.34,-0.315
29.92,-27.35,-0.315
29.92,-27.37,-0.315
29.92,-27.39,-0.315
29.92,-27.40,-0.315
29.92,-27.42,-0.315
29.93,-27.44,-0.315
29.93,-27.45,-0.315
29.93,-27.47,-0.315
29.93,-27.49,-0.315
29.93,-27.51,-0.315
29.93,-27.52,-0.315
29.93,-27.54,-0.315
29.94,-27.56,-0.315
29.94,-27.57,-0.315
29.94,-27.59,-0.315
29.94,-27.60,-0.315
29.94,-27.62,-0.315
29.94,-27.64,-0.315
29.95,-27.66,-0.315
29.95,-27.67,-0.315
29.95,-27.69,-0.315
29.95,-27.71,-0.315
29.95,-27.72,-0.315
29.96,-27.74,-0.315
29.96,-27.76,-0.315
29.96,-27.77,-0.315
29.96,-27.79,-0.315
29.96,-27.80,-0.315
29.96,-27.82,-0.315
29.97,-27.84,-0.315
29.97,-27.85,-0.315
29.97,-27.87,-0.315
29.97,-27.89,-0.315
29.97,-27.90,-0.315
29.97,-27.92,-0.315
29.98,-27.94,-0.315
29.98,-27.95,-0.315
29.98,-27.97,-0.315
29.98,-27.99,-0.315
29.98,-28.00,-0.315
29.98,-28.02,-0.315
29.98,-28.04,-0.315
29.99,-28.06,-0.315
29.99,-28.07,-0.315
29.99,-28.09,-0.315
29.99,-28.11,-0.315
29.99,-28.12,-0.315
29.99,-28.14,-0.315
30.00,-28.16,-0.315
30.00,-28.17,-0.315
30.00,-28.19,-0.315
30.00,-28.20,-0.315
30.00,-28.22,-0.315
30.01,-28.24,-0.315
30.01,-28.25,-0.315
30.01,-28.27,-0.315
30.01,-28.29,-0.315
30.01,-28.30,-0.315
30.01,-28.32,-0.315
30.02,-28.34,-0.315
30.02,-28.35,-0.315
30.02,-28.37,-0.315
30.02,-28.39,-0.315
30.02,-28.40,-0.315
30.02,-28.42,-0.315
30.03,-28.44,-0.315
30.03,-28.45,-0.315
30.03,-28.47,-0.315
30.03,-28.49,-0.315
30.03,-28.51,-0.315
30.03,-28.52,-0.315
30.03,-28.54,-0.315
30.04,-28.56,-0.315
30.04,-28.57,-0.315
30.04,-28.59,-0.315
30.04,-28.60,-0.315
30.04,-28.62,-0.315
30.04,-28.64,-0.315
30.05,-28.65,-0.315
30.05,-28.67,-0.315
30.05,-28.69,-0.315
30.05,-28.70,-0.315
30.05,-28.72,-0.315
30.06,-28.74,-0.315
30.06,-28.75,-0.315
30.06,-28.77,-0.315
30.06,-28.79,-0.315
30.06,-28.80,-0.315
30.06,-28.82,-0.315
30.07,-28.84,-0.315
30.07,-28.86,-0.315
30.07,-28.87,-0.315
30.07,-28.89,-0.315
30.07,-28.91,-0.315
30.07,-28.92,-0.315
30.08,-28.94,-0.315
30.08,-28.96,-0.315
30.08,-28.97,-0.315
30.08,-28.99,-0.315
30.08,-29.01,-0.315
30.08,-29.02,-0.315
30.08,-29.04,-0.315
30.09,-29.05,-0.315
30.09,-29.07,-0.315
30.09,-29.09,-0.315
30.09,-29.10,-0.315
30.09,-29.12,-0.315
30.09,-29.14,-0.315
30.10,-29.15,-0.315
30.10,-29.17,-0.314
30.10,-29.19,-0.314
30.10,-29.21,-0.314
30.10,-29.22,-0.314
30.11,-29.24,-0.314
30.11,-29.26,-0.314
30.11,-29.27,-0.314
30.11,-29.29,-0.314
30.11,-29.31,-0.314
30.11,-29.32,-0.314
30.12,-29.34,-0.314
30.12,-29.35,-0.314
30.12,-29.37,-0.314
30.12,-29.39,-0.314
30.12,-29.40,-0.314
30.12,-29.42,-0.314
30.13,-29.44,-0.314
30.13,-29.45,-0.314
30.13,-29.47,-0.314
30.13,-29.49,-0.314
30.13,-29.50,-0.314
30.13,-29.52,-0.314
30.13,-29.54,-0.314
30.14,-29.55,-0.314
30.14,-29.57,-0.314
30.14,-29.59,-0.314
30.14,-29.61,-0.314
30.14,-29.62,-0.314
30.14,-29.64,-0.314
30.15,-29.66,-0.314
30.15,-29.67,-0.314
30.15,-29.69,-0.314
30.15,-29.70,-0.314
30.15,-29.72,-0.314
30.16,-29.74,-0.314
30.16,-29.76,-0.314
30.16,-29.77,-0.314
30.16,-29.79,-0.314
30.16,-29.81,-0.314
30.16,-29.82,-0.314
30.17,-29.84,-0.314
30.17,-29.86,-0.314
30.17,-29.87,-0.314
30.17,-29.89,-0.314
30.17,-29.91,-0.314
30.17,-29.92,-0.314
30.18,-29.94,-0.314
30.18,-29.96,-0.314
30.18,-29.97,-0.314
30.18,-29.99,-0.314
30.18,-30.01,-0.314
30.18,-30.02,-0.314
30.18,-30.04,-0.314
30.19,-30.06,-0.314
30.19,-30.07,-0.314
30.19,-30.09,-0.314
30.19,-30.10,-0.314
30.19,-30.12,-0.314
30.19,-30.14,-0.314
30.20,-30.15,-0.314
30.20,-30.17,-0.314
30.20,-30.19,-0.314
30.20,-30.20,-0.314
30.20,-30.22,-0.314
30.21,-30.24,-0.314
30.21,-30.26,-0.314
30.21,-30.27,-0.314
30.21,-30.29,-0.314
30.21,-30.30,-0.314
30.21,-30.32,-0.314
30.22,-30.34,-0.314
30.22,-30.35,-0.314
30.22,-30.37,-0.314
30.22,-30.39,-0.314
30.22,-30.40,-0.314
30.22,-30.42,-0.314
30.23,-30.44,-0.314
30.23,-30.45,-0.314
30.23,-30.47,-0.314
30.23,-30.49,-0.314
30.23,-30.50,-0.314
30.23,-30.52,-0.314
30.23,-30.54,-0.314
30.24,-30.56,-0.314
30.24,-30.57,-0.314
30.24,-30.59,-0.314
30.24,-30.60,-0.314
30.24,-30.62,-0.314
30.24,-30.64,-0.314
30.25,-30.65,-0.314
30.25,-30.67,-0.314
30.25,-30.69,-0.314
30.25,-30.70,-0.314
30.25,-30.72,-0.314
30.26,-30.74,-0.314
30.26,-30.75,-0.314
30.26,-30.77,-0.314
30.26,-30.79,-0.314
30.26,-30.80,-0.314
30.26,-30.82,-0.314
30.27,-30.84,-0.314
30.27,-30.86,-0.314
30.27,-30.87,-0.314
30.27,-30.89,-0.314
30.27,-30.91,-0.314
30.27,-30.92,-0.313
30.28,-30.94,-0.313
30.28,-30.95,-0.313
30.28,-30.97,-0.313
30.28,-30.99,-0.313
30.28,-31.00,-0.313
30.28,-31.02,-0.313
30.28,-31.04,-0.313
30.29,-31.05,-0.313
30.29,-31.07,-0.313
30.29,-31.09,-0.313
30.29,-31.10,-0.313
30.29,-31.12,-0.313
30.29,-31.14,-0.313
30.30,-31.15,-0.313
30.30,-31.17,-0.313
30.30,-31.19,-0.313
30.30,-31.21,-0.313
30.30,-31.22,-0.313
30.31,-31.24,-0.313
30.31,-31.26,-0.313
30.31,-31.27,-0.313
30.31,-31.29,-0.313
30.31,-31.30,-0.313
30.31,-31.32,-0.313
30.32,-31.34,-0.313
30.32,-31.35,-0.313
30.32,-31.37,-0.313
30.32,-31.39,-0.313
30.32,-31.40,-0.313
30.32,-31.42,-0.313
30.33,-31.44,-0.313
30.33,-31.45,-0.313
30.33,-31.47,-0.313
30.33,-31.49,-0.313
30.33,-31.50,-0.313
30.33,-31.52,-0.313
30.33,-31.54,-0.313
30.34,-31.55,-0.313
30.34,-31.57,-0.313
30.34,-31.59,-0.313
30.34,-31.60,-0.313
30.34,-31.62,-0.313
30.34,-31.64,-0.313
30.35,-31.65,-0.313
30.35,-31.67,-0.313
30.35,-31.69,-0.313
30.35,-31.70,-0.313
30.35,-31.72,-0.313
30.36,-31.74,-0.313
30.36,-31.75,-0.313
30.36,-31.77,-0.313
30.36,-31.79,-0.313
30.36,-31.80,-0.313
30.36,-31.82,-0.313
30.37,-31.84,-0.313
30.37,-31.85,-0.313
30.37,-31.87,-0.313
30.37,-31.89,-0.313
30.37,-31.90,-0.313
30.37,-31.92,-0.313
30.38,-31.94,-0.313
30.38,-31.95,-0.313
30.38,-31.97,-0.313
30.38,-31.99,-0.313
30.38,-32.00,-0.313
30.38,-32.02,-0.313
30.38,-32.04,-0.313
30.39,-32.05,-0.313
30.39,-32.07,-0.313
30.39,-32.09,-0.313
30.39,-32.10,-0.313
30.39,-32.12,-0.313
30.39,-32.14,-0.313
30.40,-32.16,-0.313
30.40,-32.17,-0.313
30.40,-32.19,-0.313
30.40,-32.21,-0.313
30.40,-32.22,-0.313
30.41,-32.24,-0.313
30.41,-32.26,-0.313
30.41,-32.27,-0.313
30.41,-32.29,-0.313
30.41,-32.30,-0.313
30.41,-32.32,-0.313
30.42,-32.34,-0.313
30.42,-32.35,-0.313
30.42,-32.37,-0.313
30.42,-32.39,-0.313
30.42,-32.41,-0.313
30.42,-32.42,-0.313
30.43,-32.44,-0.313
30.43,-32.45,-0.313
30.43,-32.47,-0.313
30.43,-32.49,-0.313
30.43,-32.51,-0.313
30.43,-32.52,-0.313
30.43,-32.54,-0.313
30.44,-32.55,-0.313
30.44,-32.57,-0.313
30.44,-32.59,-0.313
30.44,-32.60,-0.313
30.44,-32.62,-0.313
30.44,-32.64,-0.313
30.45,-32.65,-0.313
30.45,-32.67,-0.313
30.45,-32.69,-0.313
30.45,-32.70,-0.313
30.45,-32.72,-0.312
30.46,-32.74,-0.312
30.46,-32.76,-0.312
30.46,-32.77,-0.312
30.46,-32.79,-0.312
30.46,-32.80,-0.312
30.46,-32.82,-0.312
30.47,-32.84,-0.312
30.47,-32.85,-0.312
30.47,-32.87,-0.312
30.47,-32.89,-0.312
30.47,-32.90,-0.312
30.47,-32.92,-0.312
30.48,-32.94,-0.312
30.48,-32.96,-0.312
30.48,-32.97,-0.312
30.48,-32.99,-0.312
30.48,-33.00,-0.312
30.48,-33.02,-0.312
30.48,-33.04,-0.312
30.49,-33.05,-0.312
30.49,-33.07,-0.312
30.49,-33.09,-0.312
30.49,-33.10,-0.312
30.49,-33.12,-0.312
30.49,-33.14,-0.312
30.50,-33.15,-0.312
30.50,-33.17,-0.312
30.50,-33.19,-0.312
30.50,-33.20,-0.312
30.50,-33.22,-0.312
30.51,-33.24,-0.312
30.51,-33.25,-0.312
30.51,-33.27,-0.312
30.51,-33.29,-0.312
30.51,-33.30,-0.312
30.51,-33.32,-0.312
30.52,-33.34,-0.312
30.52,-33.35,-0.312
30.52,-33.37,-0.312
30.52,-33.39,-0.312
30.52,-33.40,-0.312
30.52,-33.42,-0.312
30.53,-33.44,-0.312
30.53,-33.45,-0.312
30.53,-33.47,-0.312
30.53,-33.49,-0.312
30.53,-33.50,-0.312
30.53,-33.52,-0.312
30.53,-33.54,-0.312
30.54,-33.55,-0.312
30.54,-33.57,-0.312
30.54,-33.59,-0.312
30.54,-33.60,-0.312
30.54,-33.62,-0.312
30.54,-33.64,-0.312
30.55,-33.65,-0.312
30.55,-33.67,-0.312
30.55,-33.69,-0.312
30.55,-33.70,-0.312
30.55,-33.72,-0.312
30.56,-33.74,-0.312
30.56,-33.75,-0.312
30.56,-33.77,-0.312
30.56,-33.79,-0.312
30.56,-33.80,-0.312
30.56,-33.82,-0.312
30.57,-33.84,-0.312
30.57,-33.86,-0.312
30.57,-33.87,-0.312
30.57,-33.89,-0.312
30.57,-33.90,-0.312
30.57,-33.92,-0.312
30.58,-33.94,-0.312
30.58,-33.95,-0.312
30.58,-33.97,-0.312
30.58,-33.99,-0.312
30.58,-34.00,-0.312
30.58,-34.02,-0.312
30.58,-34.04,-0.312
30.59,-34.06,-0.312
30.59,-34.07,-0.312
30.59,-34.09,-0.312
30.59,-34.10,-0.312
30.59,-34.12,-0.312
30.59,-34.14,-0.312
30.60,-34.16,-0.312
30.60,-34.17,-0.312
30.60,-34.19,-0.312
30.60,-34.20,-0.312
30.60,-34.22,-0.312
30.61,-34.24,-0.312
30.61,-34.25,-0.312
30.61,-34.27,-0.312
30.61,-34.29,-0.312
30.61,-34.30,-0.312
30.61,-34.32,-0.312
30.62,-34.34,-0.312
30.62,-34.35,-0.312
30.62,-34.37,-0.312
30.62,-34.39,-0.312
30.62,-34.40,-0.312
30.62,-34.42,-0.312
30.63,-34.44,-0.312
30.63,-34.45,-0.312
30.63,-34.47,-0.312
30.63,-34.49,-0.312
30.63,-34.51,-0.312
30.63,-34.52,-0.312
30.63,-34.54,-0.312
30.64,-34.55,-0.312
30.64,-34.57,-0.312
30.64,-34.59,-0.311
30.64,-34.61,-0.311
30.64,-34.62,-0.311
30.64,-34.64,-0.311
30.65,-34.65,-0.311
30.65,-34.67,-0.311
30.65,-34.69,-0.311
30.65,-34.70,-0.311
30.65,-34.72,-0.311
30.66,-34.74,-0.311
30.66,-34.75,-0.311
30.66,-34.77,-0.311
30.66,-34.79,-0.311
30.66,-34.80,-0.311
30.66,-34.82,-0.311
30.67,-34.84,-0.311
30.67,-34.85,-0.311
30.67,-34.87,-0.311
30.67,-34.89,-0.311
30.67,-34.90,-0.311
30.67,-34.92,-0.311
30.68,-34.94,-0.311
30.68,-34.95,-0.311
30.68,-34.97,-0.311
30.68,-34.99,-0.311
30.68,-35.01,-0.311
30.68,-35.02,-0.311
30.68,-35.04,-0.311
30.69,-35.05,-0.311
30.69,-35.07,-0.311
30.69,-35.09,-0.311
30.69,-35.10,-0.311
30.69,-35.12,-0.311
30.69,-35.14,-0.311
30.70,-35.15,-0.311
30.70,-35.17,-0.311
30.70,-35.19,-0.311
30.70,-35.20,-0.311
30.70,-35.22,-0.311
30.71,-35.24,-0.311
30.71,-35.25,-0.311
30.71,-35.27,-0.311
30.71,-35.29,-0.311
30.71,-35.31,-0.311
30.71,-35.32,-0.311
30.72,-35.34,-0.311
30.72,-35.35,-0.311
30.72,-35.37,-0.311
30.72,-35.39,-0.311
30.72,-35.41,-0.311
30.72,-35.42,-0.311
30.73,-35.44,-0.311
30.73,-35.45,-0.311
30.73,-35.47,-0.311
30.73,-35.49,-0.311
30.73,-35.50,-0.311
30.73,-35.52,-0.311
30.73,-35.54,-0.311
30.74,-35.55,-0.311
30.74,-35.57,-0.311
30.74,-35.59,-0.311
30.74,-35.61,-0.311
30.74,-35.62,-0.311
30.74,-35.64,-0.311
30.75,-35.66,-0.311
30.75,-35.67,-0.311
30.75,-35.69,-0.311
30.75,-35.70,-0.311
30.75,-35.72,-0.311
30.76,-35.74,-0.311
30.76,-35.75,-0.311
30.76,-35.77,-0.311
30.76,-35.79,-0.311
30.76,-35.80,-0.311
30.76,-35.82,-0.311
30.77,-35.84,-0.311
30.77,-35.85,-0.311
30.77,-35.87,-0.311
30.77,-35.89,-0.311
30.77,-35.91,-0.311
30.77,-35.92,-0.311
30.78,-35.94,-0.311
30.78,-35.95,-0.311
30.78,-35.97,-0.311
30.78,-35.99,-0.311
30.78,-36.00,-0.311
30.78,-36.02,-0.311
30.78,-36.04,-0.311
30.79,-36.05,-0.311
30.79,-36.07,-0.311
30.79,-36.09,-0.311
30.79,-36.10,-0.311
30.79,-36.12,-0.311
30.79,-36.14,-0.311
30.80,-36.15,-0.311
30.80,-36.17,-0.311
30.80,-36.19,-0.311
30.80,-36.20,-0.311
30.80,-36.22,-0.311
30.81,-36.24,-0.311
30.81,-36.25,-0.311
30.81,-36.27,-0.311
30.81,-36.29,-0.311
30.81,-36.30,-0.311
30.81,-36.32,-0.311
30.82,-36.34,-0.310
30.82,-36.35,-0.310
30.82,-36.37,-0.310
30.82,-36.39,-0.310
30.82,-36.40,-0.310
30.82,-36.42,-0.310
30.83,-36.44,-0.310
30.83,-36.45,-0.310
30.83,-36.47,-0.310
30.83,-36.49,-0.310
30.83,-36.50,-0.310
30.83,-36.52,-0.310
30.83,-36.54,-0.310
30.84,-36.55,-0.310
30.84,-36.57,-0.310
30.84,-36.59,-0.310
30.84,-36.60,-0.310
30.84,-36.62,-0.310
30.84,-36.64,-0.310
30.85,-36.65,-0.310
30.85,-36.67,-0.310
30.85,-36.69,-0.310
30.85,-36.70,-0.310
30.85,-36.72,-0.310
30.86,-36.73,-0.310
30.86,-36.75,-0.310
30.86,-36.77,-0.310
30.86,-36.79,-0.310
30.86,-36.80,-0.310
30.86,-36.82,-0.310
30.87,-36.84,-0.310
30.87,-36.85,-0.310
30.87,-36.87,-0.310
30.87,-36.89,-0.310
30.87,-36.90,-0.310
30.87,-36.92,-0.310
30.88,-36.94,-0.310
30.88,-36.95,-0.310
30.88,-36.97,-0.310
30.88,-36.99,-0.310
30.88,-37.00,-0.310
30.88,-37.02,-0.310
30.88,-37.04,-0.310
30.89,-37.05,-0.310
30.89,-37.07,-0.310
30.89,-37.09,-0.310
30.89,-37.10,-0.310
30.89,-37.12,-0.310
30.89,-37.14,-0.310
30.90,-37.15,-0.310
30.90,-37.17,-0.310
30.90,-37.19,-0.310
30.90,-37.20,-0.310
30.90,-37.22,-0.310
30.91,-37.24,-0.310
30.91,-37.25,-0.310
30.91,-37.27,-0.310
30.91,-37.29,-0.310
30.91,-37.30,-0.310
30.91,-37.32,-0.310
30.92,-37.34,-0.310
30.92,-37.35,-0.310
30.92,-37.37,-0.310
30.92,-37.39,-0.310
30.92,-37.40,-0.310
30.92,-37.42,-0.310
30.93,-37.44,-0.310
30.93,-37.45,-0.310
30.93,-37.47,-0.310
30.93,-37.49,-0.310
30.93,-37.50,-0.310
30.93,-37.52,-0.310
30.93,-37.54,-0.310
30.94,-37.55,-0.310
30.94,-37.57,-0.310
30.94,-37.59,-0.310
30.94,-37.60,-0.310
30.94,-37.62,-0.310
30.94,-37.64,-0.310
30.95,-37.65,-0.310
30.95,-37.67,-0.310
30.95,-37.69,-0.310
30.95,-37.70,-0.310
30.95,-37.72,-0.310
30.96,-37.74,-0.310
30.96,-37.75,-0.310
30.96,-37.77,-0.310
30.96,-37.79,-0.310
30.96,-37.80,-0.310
30.96,-37.82,-0.310
30.97,-37.84,-0.310
30.97,-37.85,-0.310
30.97,-37.87,-0.310
30.97,-37.89,-0.310
30.97,-37.90,-0.310
30.97,-37.92,-0.310
30.98,-37.94,-0.310
30.98,-37.95,-0.310
30.98,-37.97,-0.310
30.98,-37.99,-0.310
30.98,-38.00,-0.310
30.98,-38.02,-0.310
30.98,-38.04,-0.310
30.99,-38.05,-0.310
30.99,-38.07,-0.310
30.99,-38.09,-0.310
30.99,-38.10,-0.310
30.99,-38.12,-0.310
30.99,-38.14,-0.310
31.00,-38.15,-0.310
31.00,-38.17,-0.310
31.00,-38.19,-0.310
31.00,-38.20,-0.310
31.00,-38.22,-0.310
31.01,-38.24,-0.310
31.01,-38.25,-0.309
31.01,-38.27,-0.309
31.01,-38.29,-0.309
31.01,-38.30,-0.309
31.01,-38.32,-0.309
31.02,-38.34,-0.309
31.02,-38.35,-0.309
31.02,-38.37,-0.309
31.02,-38.39,-0.309
31.02,-38.40,-0.309
31.02,-38.42,-0.309
31.03,-38.44,-0.309
31.03,-38.45,-0.309
31.03,-38.47,-0.309
31.03,-38.49,-0.309
31.03,-38.50,-0.309
31.03,-38.52,-0.309
31.03,-38.54,-0.309
31.04,-38.55,-0.309
31.04,-38.57,-0.309
31.04,-38.59,-0.309
31.04,-38.60,-0.309
31.04,-38.62,-0.309
31.04,-38.64,-0.309
31.05,-38.65,-0.309
31.05,-38.67,-0.309
31.05,-38.68,-0.309
31.05,-38.70,-0.309
31.05,-38.72,-0.309
31.06,-38.73,-0.309
31.06,-38.75,-0.309
31.06,-38.77,-0.309
31.06,-38.79,-0.309
31.06,-38.80,-0.309
31.06,-38.82,-0.309
31.07,-38.84,-0.309
31.07,-38.85,-0.309
31.07,-38.87,-0.309
31.07,-38.89,-0.309
31.07,-38.90,-0.309
31.07,-38.92,-0.309
31.08,-38.94,-0.309
31.08,-38.95,-0.309
31.08,-38.97,-0.309
31.08,-38.99,-0.309
31.08,-39.00,-0.309
31.08,-39.02,-0.309
31.08,-39.04,-0.309
31.09,-39.05,-0.309
31.09,-39.07,-0.309
31.09,-39.09,-0.309
31.09,-39.10,-0.309
31.09,-39.12,-0.309
31.09,-39.14,-0.309
31.10,-39.15,-0.309
31.10,-39.17,-0.309
31.10,-39.19,-0.309
31.10,-39.20,-0.309
31.10,-39.22,-0.309
31.11,-39.24,-0.309
31.11,-39.25,-0.309
31.11,-39.27,-0.309
31.11,-39.28,-0.309
31.11,-39.30,-0.309
31.11,-39.32,-0.309
31.12,-39.34,-0.309
31.12,-39.35,-0.309
31.12,-39.37,-0.309
31.12,-39.39,-0.309
31.12,-39.40,-0.309
31.12,-39.42,-0.309
31.13,-39.44,-0.309
31.13,-39.45,-0.309
31.13,-39.47,-0.309
31.13,-39.49,-0.309
31.13,-39.50,-0.309
31.13,-39.52,-0.309
31.13,-39.54,-0.309
31.14,-39.55,-0.309
31.14,-39.57,-0.309
31.14,-39.58,-0.309
31.14,-39.60,-0.309
31.14,-39.62,-0.309
31.14,-39.64,-0.309
31.15,-39.65,-0.309
31.15,-39.67,-0.309
31.15,-39.69,-0.309
31.15,-39.70,-0.309
31.15,-39.72,-0.309
31.16,-39.74,-0.309
31.16,-39.75,-0.309
31.16,-39.77,-0.309
31.16,-39.79,-0.309
31.16,-39.80,-0.309
31.16,-39.82,-0.309
31.17,-39.84,-0.309
31.17,-39.85,-0.308
31.17,-39.87,-0.308
31.17,-39.89,-0.308
31.17,-39.90,-0.308
31.17,-39.92,-0.308
31.18,-39.94,-0.308
31.18,-39.95,-0.308
31.18,-39.97,-0.308
31.18,-39.99,-0.308
31.18,-40.00,-0.308
31.18,-40.02,-0.308
31.18,-40.04,-0.308
31.19,-40.05,-0.308
31.19,-40.07,-0.308
31.19,-40.09,-0.308
31.19,-40.10,-0.308
31.19,-40.12,-0.308
31.19,-40.14,-0.308
31.20,-40.15,-0.308
31.20,-40.17,-0.308
31.20,-40.18,-0.308
31.20,-40.20,-0.308
31.20,-40.22,-0.308
31.21,-40.24,-0.308
31.21,-40.25,-0.308
31.21,-40.27,-0.308
31.21,-40.29,-0.308
31.21,-40.30,-0.308
31.21,-40.32,-0.308
31.22,-40.34,-0.308
31.22,-40.35,-0.308
31.22,-40.37,-0.308
31.22,-40.39,-0.308
31.22,-40.40,-0.308
31.22,-40.42,-0.308
31.23,-40.44,-0.308
31.23,-40.45,-0.308
31.23,-40.47,-0.308
31.23,-40.49,-0.308
31.23,-40.50,-0.308
31.23,-40.52,-0.308
31.23,-40.53,-0.308
31.24,-40.55,-0.308
31.24,-40.57,-0.308
31.24,-40.59,-0.308
31.24,-40.60,-0.308
31.24,-40.62,-0.308
31.24,-40.64,-0.308
31.25,-40.65,-0.308
31.25,-40.67,-0.308
31.25,-40.69,-0.308
31.25,-40.70,-0.308
31.25,-40.72,-0.308
31.26,-40.74,-0.308
31.26,-40.75,-0.308
31.26,-40.77,-0.308
31.26,-40.79,-0.308
31.26,-40.80,-0.308
31.26,-40.82,-0.308
31.27,-40.84,-0.308
31.27,-40.85,-0.308
31.27,-40.87,-0.308
31.27,-40.89,-0.308
31.27,-40.90,-0.308
31.27,-40.92,-0.308
31.28,-40.94,-0.308
31.28,-40.95,-0.308
31.28,-40.97,-0.308
31.28,-40.99,-0.308
31.28,-41.00,-0.308
31.28,-41.02,-0.308
31.28,-41.04,-0.308
31.29,-41.05,-0.308
31.29,-41.07,-0.308
31.29,-41.09,-0.308
31.29,-41.10,-0.308
31.29,-41.12,-0.307
31.29,-41.14,-0.307
31.30,-41.15,-0.307
31.30,-41.17,-0.307
31.30,-41.19,-0.307
31.30,-41.20,-0.307
31.30,-41.22,-0.307
31.31,-41.24,-0.307
31.31,-41.25,-0.307
31.31,-41.27,-0.307
31.31,-41.29,-0.307
31.31,-41.30,-0.307
31.31,-41.32,-0.307
31.32,-41.34,-0.307
31.32,-41.35,-0.307
31.32,-41.37,-0.307
31.32,-41.38,-0.307
31.32,-41.40,-0.307
31.32,-41.42,-0.307
31.33,-41.44,-0.307
31.33,-41.45,-0.307
31.33,-41.47,-0.307
31.33,-41.49,-0.307
31.33,-41.50,-0.307
31.33,-41.52,-0.307
31.33,-41.54,-0.307
31.34,-41.55,-0.307
31.34,-41.57,-0.307
31.34,-41.59,-0.307
31.34,-41.60,-0.307
31.34,-41.62,-0.307
31.34,-41.64,-0.307
31.35,-41.65,-0.307
31.35,-41.67,-0.307
31.35,-41.69,-0.307
31.35,-41.70,-0.307
31.35,-41.72,-0.307
31.36,-41.74,-0.307
31.36,-41.75,-0.307
31.36,-41.77,-0.307
31.36,-41.79,-0.307
31.36,-41.80,-0.307
31.36,-41.82,-0.307
31.37,-41.84,-0.307
31.37,-41.85,-0.307
31.37,-41.87,-0.307
31.37,-41.89,-0.307
31.37,-41.90,-0.307
31.37,-41.92,-0.307
31.38,-41.94,-0.307
31.38,-41.95,-0.307
31.38,-41.97,-0.306
31.38,-41.99,-0.306
31.38,-42.00,-0.306
31.38,-42.02,-0.306
31.38,-42.04,-0.306
31.39,-42.05,-0.306
31.39,-42.07,-0.306
31.39,-42.09,-0.306
31.39,-42.10,-0.306
31.39,-42.12,-0.306
31.39,-42.14,-0.306
31.40,-42.15,-0.306
31.40,-42.17,-0.306
31.40,-42.19,-0.306
31.40,-42.20,-0.306
31.40,-42.22,-0.306
31.41,-42.24,-0.306
31.41,-42.25,-0.306
31.41,-42.27,-0.306
31.41,-42.29,-0.306
31.41,-42.30,-0.306
31.41,-42.32,-0.306
31.42,-42.34,-0.306
31.42,-42.35,-0.306
31.42,-42.37,-0.306
31.42,-42.39,-0.306
31.42,-42.40,-0.306
31.42,-42.42,-0.306
31.43,-42.44,-0.306
31.43,-42.45,-0.306
31.43,-42.47,-0.306
31.43,-42.49,-0.306
31.43,-42.50,-0.306
31.43,-42.52,-0.306
31.43,-42.54,-0.306
31.44,-42.55,-0.306
31.44,-42.57,-0.306
31.44,-42.59,-0.306
31.44,-42.60,-0.306
31.44,-42.62,-0.306
31.44,-42.64,-0.306
31.45,-42.65,-0.306
31.45,-42.67,-0.306
31.45,-42.69,-0.306
31.45,-42.70,-0.306
31.45,-42.72,-0.306
31.46,-42.74,-0.306
31.46,-42.75,-0.306
31.46,-42.77,-0.305
31.46,-42.79,-0.305
31.46,-42.80,-0.305
31.46,-42.82,-0.305
31.47,-42.84,-0.305
31.47,-42.85,-0.305
31.47,-42.87,-0.305
31.47,-42.89,-0.305
31.47,-42.90,-0.305
31.47,-42.92,-0.305
31.48,-42.94,-0.305
31.48,-42.95,-0.305
31.48,-42.97,-0.305
31.48,-42.99,-0.305
31.48,-43.00,-0.305
31.48,-43.02,-0.305
31.48,-43.04,-0.305
31.49,-43.05,-0.305
31.49,-43.07,-0.305
31.49,-43.09,-0.305
31.49,-43.10,-0.305
31.49,-43.12,-0.305
31.49,-43.14,-0.305
31.50,-43.15,-0.305
31.50,-43.17,-0.305
31.50,-43.19,-0.305
31.50,-43.20,-0.305
31.50,-43.22,-0.305
31.51,-43.24,-0.305
31.51,-43.25,-0.305
31.51,-43.27,-0.305
31.51,-43.29,-0.305
31.51,-43.30,-0.305
31.51,-43.32,-0.304
31.52,-43.34,-0.304
31.52,-43.35,-0.304
31.52,-43.37,-0.304
31.52,-43.39,-0.304
31.52,-43.40,-0.304
31.52,-43.42,-0.304
31.53,-43.44,-0.304
31.53,-43.45,-0.304
31.53,-43.47,-0.304
31.53,-43.49,-0.304
31.53,-43.50,-0.304
31.53,-43.52,-0.304
31.53,-43.54,-0.304
31.54,-43.56,-0.304
31.54,-43.57,-0.304
31.54,-43.59,-0.304
31.54,-43.60,-0.303
31.54,-43.62,-0.303
31.54,-43.64,-0.303
31.55,-43.65,-0.303
31.55,-43.67,-0.303
31.55,-43.69,-0.303
31.55,-43.70,-0.303
31.55,-43.72,-0.303
31.56,-43.74,-0.303
31.56,-43.76,-0.303
31.56,-43.77,-0.303
31.56,-43.79,-0.303
31.56,-43.80,-0.303
31.56,-43.82,-0.303
31.57,-43.84,-0.303
31.57,-43.85,-0.303
31.57,-43.87,-0.303
31.57,-43.89,-0.303
31.57,-43.90,-0.303
31.57,-43.92,-0.303
31.58,-43.94,-0.302
31.58,-43.95,-0.302
31.58,-43.97,-0.302
31.58,-43.99,-0.302
31.58,-44.00,-0.302
31.58,-44.02,-0.302
31.58,-44.04,-0.302
31.59,-44.05,-0.302
31.59,-44.07,-0.302
31.59,-44.09,-0.302
31.59,-44.10,-0.302
31.59,-44.12,-0.302
31.59,-44.14,-0.302
31.60,-44.15,-0.302
31.60,-44.17,-0.302
31.60,-44.19,-0.302
31.60,-44.21,-0.302
31.60,-44.22,-0.302
31.61,-44.24,-0.302
31.61,-44.26,-0.302
31.61,-44.27,-0.302
31.61,-44.29,-0.302
31.61,-44.30,-0.302
31.61,-44.32,-0.302
31.62,-44.34,-0.301
31.62,-44.36,-0.301
31.62,-44.37,-0.301
31.62,-44.39,-0.301
31.62,-44.40,-0.301
31.62,-44.42,-0.301
31.63,-44.44,-0.301
31.63,-44.45,-0.300
31.63,-44.47,-0.300
31.63,-44.49,-0.300
31.63,-44.51,-0.300
31.63,-44.52,-0.300
31.63,-44.54,-0.300
31.64,-44.56,-0.300
31.64,-44.57,-0.300
31.64,-44.59,-0.300
31.64,-44.61,-0.300
31.64,-44.62,-0.300
31.64,-44.64,-0.300
31.65,-44.65,-0.300
31.65,-44.67,-0.300
31.65,-44.69,-0.300
31.65,-44.70,-0.300
31.65,-44.72,-0.300
31.66,-44.74,-0.300
31.66,-44.76,-0.300
31.66,-44.77,-0.300
31.66,-44.79,-0.300
31.66,-44.81,-0.300
31.66,-44.82,-0.299
31.67,-44.84,-0.299
31.67,-44.86,-0.299
31.67,-44.87,-0.299
31.67,-44.89,-0.299
31.67,-44.90,-0.299
31.67,-44.92,-0.299
31.68,-44.94,-0.299
31.68,-44.96,-0.299
31.68,-44.97,-0.299
31.68,-44.99,-0.299
31.68,-45.01,-0.299
31.68,-45.02,-0.299
31.68,-45.04,-0.299
31.69,-45.06,-0.298
31.69,-45.07,-0.298
31.69,-45.09,-0.298
31.69,-45.11,-0.298
31.69,-45.12,-0.298
31.69,-45.14,-0.298
31.70,-45.16,-0.298
31.70,-45.17,-0.298
31.70,-45.19,-0.298
31.70,-45.21,-0.298
31.70,-45.22,-0.298
31.71,-45.24,-0.298
31.71,-45.26,-0.298
31.71,-45.27,-0.298
31.71,-45.29,-0.298
31.71,-45.31,-0.298
31.71,-45.32,-0.298
31.72,-45.34,-0.298
31.72,-45.36,-0.298
31.72,-45.37,-0.298
31.72,-45.39,-0.298
31.72,-45.41,-0.298
31.72,-45.42,-0.298
31.73,-45.44,-0.297
31.73,-45.46,-0.297
31.73,-45.47,-0.297
31.73,-45.49,-0.297
31.73,-45.51,-0.297
31.73,-45.52,-0.297
31.73,-45.54,-0.297
31.74,-45.56,-0.297
31.74,-45.57,-0.297
31.74,-45.59,-0.297
31.74,-45.61,-0.297
31.74,-45.62,-0.297
31.74,-45.64,-0.297
31.75,-45.66,-0.297
31.75,-45.68,-0.297
31.75,-45.69,-0.296
31.75,-45.71,-0.296
31.75,-45.72,-0.296
31.76,-45.74,-0.296
31.76,-45.76,-0.296
31.76,-45.77,-0.295
31.76,-45.79,-0.295
31.76,-45.81,-0.295
31.76,-45.82,-0.295
31.77,-45.84,-0.295
31.77,-45.86,-0.295
31.77,-45.87,-0.295
31.77,-45.89,-0.295
31.77,-45.91,-0.295
31.77,-45.92,-0.295
31.78,-45.94,-0.295
31.78,-45.96,-0.295
31.78,-45.97,-0.294
31.78,-45.99,-0.294
31.78,-46.01,-0.294
31.78,-46.02,-0.293
31.78,-46.04,-0.293
31.79,-46.06,-0.293
31.79,-46.07,-0.293
31.79,-46.09,-0.293
31.79,-46.11,-0.293
31.79,-46.12,-0.293
31.79,-46.14,-0.293
31.80,-46.16,-0.293
31.80,-46.17,-0.293
31.80,-46.19,-0.293
31.80,-46.21,-0.293
31.80,-46.23,-0.293
31.81,-46.24,-0.292
31.81,-46.26,-0.292
31.81,-46.28,-0.292
31.81,-46.29,-0.292
31.81,-46.31,-0.292
31.81,-46.33,-0.292
31.82,-46.34,-0.292
31.82,-46.36,-0.292
31.82,-46.37,-0.292
31.82,-46.39,-0.292
31.82,-46.41,-0.292
31.82,-46.43,-0.292
31.83,-46.44,-0.291
31.83,-46.46,-0.291
31.83,-46.48,-0.291
31.83,-46.49,-0.291
31.83,-46.51,-0.291
31.83,-46.53,-0.291
31.83,-46.54,-0.291
31.84,-46.56,-0.291
31.84,-46.58,-0.291
31.84,-46.59,-0.291
31.84,-46.61,-0.291
31.84,-46.63,-0.291
31.84,-46.64,-0.291
31.85,-46.66,-0.291
31.85,-46.68,-0.290
31.85,-46.69,-0.290
31.85,-46.71,-0.290
31.85,-46.73,-0.290
31.86,-46.74,-0.290
31.86,-46.76,-0.290
31.86,-46.78,-0.290
31.86,-46.79,-0.290
31.86,-46.81,-0.290
31.86,-46.83,-0.290
31.87,-46.84,-0.290
31.87,-46.86,-0.290
31.87,-46.88,-0.290
31.87,-46.89,-0.290
31.87,-46.91,-0.290
31.87,-46.93,-0.289
31.88,-46.94,-0.289
31.88,-46.96,-0.289
31.88,-46.98,-0.289
31.88,-46.99,-0.289
31.88,-47.01,-0.289
31.88,-47.03,-0.289
31.88,-47.05,-0.289
31.89,-47.06,-0.289
31.89,-47.08,-0.289
31.89,-47.09,-0.288
31.89,-47.11,-0.288
31.89,-47.13,-0.288
31.89,-47.14,-0.288
31.90,-47.16,-0.288
31.90,-47.18,-0.288
31.90,-47.19,-0.288
31.90,-47.21,-0.288
31.90,-47.23,-0.288
31.91,-47.25,-0.288
31.91,-47.26,-0.288
31.91,-47.28,-0.287
31.91,-47.30,-0.287
31.91,-47.31,-0.287
31.91,-47.33,-0.287
31.92,-47.35,-0.287
31.92,-47.36,-0.287
31.92,-47.38,-0.287
31.92,-47.39,-0.287
31.92,-47.41,-0.287
31.92,-47.43,-0.287
31.93,-47.44,-0.287
31.93,-47.46,-0.287
31.93,-47.48,-0.287
31.93,-47.50,-0.287
31.93,-47.51,-0.287
31.93,-47.53,-0.287
31.93,-47.55,-0.286
31.94,-47.56,-0.286
31.94,-47.58,-0.286
31.94,-47.59,-0.285
31.94,-47.61,-0.285
31.94,-47.63,-0.285
31.94,-47.65,-0.285
31.95,-47.66,-0.285
31.95,-47.68,-0.285
31.95,-47.70,-0.285
31.95,-47.71,-0.285
31.95,-47.73,-0.285
31.96,-47.75,-0.285
31.96,-47.76,-0.285
31.96,-47.78,-0.284
31.96,-47.80,-0.284
31.96,-47.81,-0.284
31.96,-47.83,-0.284
31.97,-47.85,-0.283
31.97,-47.86,-0.283
31.97,-47.88,-0.283
31.97,-47.90,-0.283
31.97,-47.91,-0.283
31.97,-47.93,-0.283
31.98,-47.95,-0.283
31.98,-47.96,-0.283
31.98,-47.98,-0.283
31.98,-48.00,-0.283
31.98,-48.01,-0.283
31.98,-48.03,-0.283
31.98,-48.05,-0.283
31.99,-48.06,-0.283
31.99,-48.08,-0.283
31.99,-48.10,-0.283
31.99,-48.11,-0.283
31.99,-48.13,-0.282
31.99,-48.15,-0.282
32.00,-48.16,-0.282
32.00,-48.18,-0.282
32.00,-48.20,-0.282
32.00,-48.21,-0.282
32.00,-48.23,-0.282
32.01,-48.25,-0.282
32.01,-48.26,-0.281
32.01,-48.28,-0.281
32.01,-48.30,-0.281
32.01,-48.31,-0.281
32.01,-48.33,-0.281
32.02,-48.35,-0.281
32.02,-48.36,-0.281
32.02,-48.38,-0.281
32.02,-48.40,-0.281
32.02,-48.42,-0.281
32.02,-48.43,-0.281
32.03,-48.45,-0.281
32.03,-48.47,-0.281
32.03,-48.48,-0.281
32.03,-48.50,-0.281
32.03,-48.52,-0.280
32.03,-48.53,-0.280
32.03,-48.55,-0.280
32.04,-48.57,-0.280
32.04,-48.58,-0.280
32.04,-48.60,-0.280
32.04,-48.62,-0.280
32.04,-48.63,-0.280
32.04,-48.65,-0.280
32.05,-48.67,-0.280
32.05,-48.68,-0.280
32.05,-48.70,-0.280
32.05,-48.72,-0.280
32.05,-48.73,-0.279
32.06,-48.75,-0.279
32.06,-48.77,-0.279
32.06,-48.78,-0.279
32.06,-48.80,-0.279
32.06,-48.82,-0.279
32.06,-48.83,-0.278
32.07,-48.85,-0.278
32.07,-48.87,-0.278
32.07,-48.88,-0.278
32.07,-48.90,-0.278
32.07,-48.92,-0.278
32.07,-48.93,-0.278
32.08,-48.95,-0.278
32.08,-48.97,-0.278
32.08,-48.98,-0.278
32.08,-49.00,-0.277
32.08,-49.02,-0.277
32.08,-49.03,-0.277
32.08,-49.05,-0.277
32.09,-49.07,-0.277
32.09,-49.08,-0.277
32.09,-49.10,-0.277
32.09,-49.12,-0.277
32.09,-49.13,-0.277
32.09,-49.15,-0.277
32.10,-49.17,-0.277
32.10,-49.18,-0.277
32.10,-49.20,-0.277
32.10,-49.22,-0.277
32.10,-49.24,-0.277
32.11,-49.25,-0.277
32.11,-49.27,-0.276
32.11,-49.28,-0.276
32.11,-49.30,-0.276
32.11,-49.32,-0.276
32.11,-49.33,-0.276
32.12,-49.35,-0.276
32.12,-49.37,-0.276
32.12,-49.38,-0.275
32.12,-49.40,-0.275
32.12,-49.42,-0.275
32.12,-49.43,-0.275
32.13,-49.45,-0.275
32.13,-49.47,-0.275
32.13,-49.48,-0.275
32.13,-49.50,-0.275
32.13,-49.52,-0.275
32.13,-49.54,-0.275
32.13,-49.55,-0.275
32.14,-49.57,-0.275
32.14,-49.59,-0.275
32.14,-49.60,-0.275
32.14,-49.62,-0.274
32.14,-49.63,-0.274
32.14,-49.65,-0.274
32.15,-49.67,-0.274
32.15,-49.68,-0.274
32.15,-49.70,-0.274
32.15,-49.72,-0.274
32.15,-49.74,-0.274
32.16,-49.75,-0.274
32.16,-49.77,-0.274
32.16,-49.79,-0.273
32.16,-49.80,-0.273
32.16,-49.82,-0.273
32.16,-49.84,-0.273
32.17,-49.85,-0.273
32.17,-49.87,-0.273
32.17,-49.89,-0.273
32.17,-49.90,-0.273
32.17,-49.92,-0.273
32.17,-49.94,-0.273
32.18,-49.95,-0.272
32.18,-49.97,-0.272
32.18,-49.99,-0.272
32.18,-50.00,-0.272
32.18,-50.02,-0.272
32.18,-50.04,-0.272
32.18,-50.05,-0.272
32.19,-50.07,-0.272
32.19,-50.09,-0.272
32.19,-50.10,-0.272
32.19,-50.12,-0.272
32.19,-50.14,-0.272
32.19,-50.15,-0.272
32.20,-50.17,-0.272
32.20,-50.19,-0.272
32.20,-50.20,-0.272
32.20,-50.22,-0.272
32.20,-50.24,-0.271
32.21,-50.25,-0.271
32.21,-50.27,-0.271
32.21,-50.29,-0.271
32.21,-50.30,-0.271
32.21,-50.32,-0.271
32.21,-50.34,-0.271
32.22,-50.35,-0.271
32.22,-50.37,-0.271
32.22,-50.39,-0.271
32.22,-50.40,-0.270
32.22,-50.42,-0.270
32.22,-50.44,-0.270
32.23,-50.46,-0.270
32.23,-50.47,-0.270
32.23,-50.49,-0.270
32.23,-50.51,-0.270
32.23,-50.52,-0.270
32.23,-50.54,-0.270
32.23,-50.55,-0.270
32.24,-50.57,-0.270
32.24,-50.59,-0.270
32.24,-50.61,-0.269
32.24,-50.62,-0.269
32.24,-50.64,-0.269
32.24,-50.66,-0.269
32.25,-50.67,-0.269
32.25,-50.69,-0.269
32.25,-50.70,-0.269
32.25,-50.72,-0.269
32.25,-50.74,-0.269
32.26,-50.76,-0.269
32.26,-50.77,-0.269
32.26,-50.79,-0.269
32.26,-50.81,-0.269
32.26,-50.82,-0.268
32.26,-50.84,-0.268
32.27,-50.86,-0.268
32.27,-50.87,-0.268
32.27,-50.89,-0.268
32.27,-50.91,-0.267
32.27,-50.92,-0.267
32.27,-50.94,-0.267
32.28,-50.96,-0.267
32.28,-50.97,-0.267
32.28,-50.99,-0.267
32.28,-51.00,-0.267
32.28,-51.02,-0.267
32.28,-51.04,-0.267
32.28,-51.05,-0.267
32.29,-51.07,-0.267
32.29,-51.09,-0.267
32.29,-51.11,-0.267
32.29,-51.12,-0.267
32.29,-51.14,-0.266
32.29,-51.16,-0.266
32.30,-51.18,-0.266
32.30,-51.19,-0.266
32.30,-51.21,-0.266
32.30,-51.23,-0.266
32.30,-51.24,-0.266
32.31,-51.26,-0.266
32.31,-51.27,-0.266
32.31,-51.29,-0.266
32.31,-51.31,-0.266
32.31,-51.32,-0.266
32.31,-51.34,-0.266
32.32,-51.36,-0.265
32.32,-51.37,-0.265
32.32,-51.39,-0.265
32.32,-51.41,-0.265
32.32,-51.42,-0.265
32.32,-51.44,-0.265
32.33,-51.46,-0.265
32.33,-51.47,-0.265
32.33,-51.49,-0.265
32.33,-51.51,-0.265
32.33,-51.53,-0.265
32.33,-51.54,-0.265
32.33,-51.56,-0.265
32.34,-51.57,-0.265
32.34,-51.59,-0.265
32.34,-51.61,-0.265
32.34,-51.62,-0.265
32.34,-51.64,-0.264
32.34,-51.66,-0.264
32.35,-51.67,-0.264
32.35,-51.69,-0.264
32.35,-51.71,-0.264
32.35,-51.72,-0.264
32.35,-51.74,-0.264
32.36,-51.76,-0.264
32.36,-51.77,-0.264
32.36,-51.79,-0.264
32.36,-51.81,-0.264
32.36,-51.83,-0.264
32.36,-51.84,-0.264
32.37,-51.86,-0.264
32.37,-51.88,-0.264
32.37,-51.89,-0.264
32.37,-51.91,-0.264
32.37,-51.93,-0.264
32.37,-51.94,-0.264
32.38,-51.96,-0.263
32.38,-51.98,-0.263
32.38,-51.99,-0.263
32.38,-52.01,-0.263
32.38,-52.03,-0.263
32.38,-52.04,-0.263
32.38,-52.06,-0.263
32.39,-52.08,-0.263
32.39,-52.09,-0.263
32.39,-52.11,-0.263
32.39,-52.13,-0.263
32.39,-52.14,-0.263
32.39,-52.16,-0.263
32.40,-52.18,-0.263
32.40,-52.19,-0.263
32.40,-52.21,-0.263
32.40,-52.23,-0.263
32.40,-52.24,-0.262
32.41,-52.26,-0.262
32.41,-52.28,-0.262
32.41,-52.29,-0.262
32.41,-52.31,-0.262
32.41,-52.33,-0.262
32.41,-52.34,-0.262
32.42,-52.36,-0.261
32.42,-52.38,-0.261
32.42,-52.39,-0.261
32.42,-52.41,-0.261
32.42,-52.43,-0.261
32.42,-52.44,-0.261
32.43,-52.46,-0.261
32.43,-52.48,-0.261
32.43,-52.50,-0.261
32.43,-52.51,-0.261
32.43,-52.53,-0.261
32.43,-52.55,-0.261
32.43,-52.56,-0.261
32.44,-52.58,-0.261
32.44,-52.59,-0.261
32.44,-52.61,-0.261
32.44,-52.63,-0.261
32.44,-52.65,-0.260
32.44,-52.66,-0.260
32.45,-52.68,-0.260
32.45,-52.69,-0.260
32.45,-52.71,-0.260
32.45,-52.73,-0.260
32.45,-52.74,-0.260
32.46,-52.76,-0.260
32.46,-52.78,-0.260
32.46,-52.79,-0.260
32.46,-52.81,-0.260
32.46,-52.83,-0.260
32.46,-52.84,-0.260
32.47,-52.86,-0.260
32.47,-52.88,-0.260
32.47,-52.90,-0.260
32.47,-52.91,-0.260
32.47,-52.93,-0.260
32.47,-52.95,-0.260
32.48,-52.96,-0.259
32.48,-52.98,-0.259
32.48,-53.00,-0.259
32.48,-53.01,-0.259
32.48,-53.03,-0.259
32.48,-53.05,-0.259
32.48,-53.06,-0.259
32.49,-53.08,-0.259
32.49,-53.10,-0.259
32.49,-53.11,-0.259
32.49,-53.13,-0.259
32.49,-53.15,-0.259
32.49,-53.16,-0.259
32.50,-53.18,-0.259
32.50,-53.20,-0.258
32.50,-53.21,-0.258
32.50,-53.23,-0.258
32.50,-53.25,-0.258
32.51,-53.26,-0.258
32.51,-53.28,-0.257
32.51,-53.30,-0.257
32.51,-53.31,-0.257
32.51,-53.33,-0.257
32.51,-53.35,-0.257
32.52,-53.36,-0.257
32.52,-53.38,-0.257
32.52,-53.40,-0.257
32.52,-53.41,-0.257
32.52,-53.43,-0.257
32.52,-53.45,-0.257
32.53,-53.46,-0.257
32.53,-53.48,-0.257
32.53,-53.50,-0.256
32.53,-53.51,-0.256
32.53,-53.53,-0.256
32.53,-53.55,-0.256
32.53,-53.56,-0.256
32.54,-53.58,-0.256
32.54,-53.60,-0.256
32.54,-53.61,-0.256
32.54,-53.63,-0.256
32.54,-53.65,-0.256
32.54,-53.66,-0.256
32.55,-53.68,-0.256
32.55,-53.70,-0.256
32.55,-53.71,-0.256
32.55,-53.73,-0.256
32.55,-53.75,-0.255
32.56,-53.76,-0.255
32.56,-53.78,-0.255
32.56,-53.80,-0.255
32.56,-53.81,-0.255
32.56,-53.83,-0.255
32.56,-53.85,-0.255
32.57,-53.86,-0.255
32.57,-53.88,-0.255
32.57,-53.90,-0.255
32.57,-53.91,-0.255
32.57,-53.93,-0.255
32.57,-53.95,-0.255
32.58,-53.96,-0.255
32.58,-53.98,-0.255
32.58,-54.00,-0.255
32.58,-54.01,-0.255
32.58,-54.03,-0.255
32.58,-54.05,-0.255
32.58,-54.06,-0.255
32.59,-54.08,-0.255
32.59,-54.10,-0.255
32.59,-54.11,-0.255
32.59,-54.13,-0.254
32.59,-54.15,-0.254
32.59,-54.16,-0.254
32.60,-54.18,-0.254
32.60,-54.20,-0.254
32.60,-54.21,-0.254
32.60,-54.23,-0.254
32.60,-54.25,-0.254
32.61,-54.26,-0.254
32.61,-54.28,-0.254
32.61,-54.30,-0.254
32.61,-54.32,-0.254
32.61,-54.33,-0.254
32.61,-54.35,-0.254
32.62,-54.36,-0.254
32.62,-54.38,-0.253
32.62,-54.40,-0.253
32.62,-54.41,-0.253
32.62,-54.43,-0.253
32.62,-54.45,-0.253
32.63,-54.47,-0.253
32.63,-54.48,-0.253
32.63,-54.50,-0.253
32.63,-54.52,-0.253
32.63,-54.53,-0.253
32.63,-54.55,-0.253
32.63,-54.57,-0.253
32.64,-54.58,-0.253
32.64,-54.60,-0.253
32.64,-54.62,-0.253
32.64,-54.63,-0.253
32.64,-54.65,-0.253
32.64,-54.67,-0.252
32.65,-54.68,-0.252
32.65,-54.70,-0.252
32.65,-54.72,-0.252
32.65,-54.73,-0.252
32.65,-54.75,-0.252
32.66,-54.77,-0.252
32.66,-54.78,-0.252
32.66,-54.80,-0.252
32.66,-54.82,-0.252
32.66,-54.83,-0.252
32.66,-54.85,-0.252
32.67,-54.87,-0.252
32.67,-54.88,-0.252
32.67,-54.90,-0.252
32.67,-54.92,-0.252
32.67,-54.93,-0.252
32.67,-54.95,-0.252
32.68,-54.97,-0.252
32.68,-54.98,-0.252
32.68,-55.00,-0.252
32.68,-55.02,-0.252
32.68,-55.03,-0.252
32.68,-55.05,-0.252
32.68,-55.07,-0.252
32.69,-55.08,-0.252
32.69,-55.10,-0.252
32.69,-55.12,-0.252
32.69,-55.13,-0.251
32.69,-55.15,-0.251
32.69,-55.17,-0.251
32.70,-55.18,-0.251
32.70,-55.20,-0.251
32.70,-55.22,-0.251
32.70,-55.23,-0.251
32.70,-55.25,-0.251
32.71,-55.27,-0.251
32.71,-55.28,-0.251
32.71,-55.30,-0.251
32.71,-55.32,-0.251
32.71,-55.33,-0.251
32.71,-55.35,-0.251
32.72,-55.37,-0.251
32.72,-55.38,-0.251
32.72,-55.40,-0.251
32.72,-55.42,-0.251
32.72,-55.43,-0.251
32.72,-55.45,-0.251
32.73,-55.47,-0.250
32.73,-55.48,-0.250
32.73,-55.50,-0.250
32.73,-55.52,-0.250
32.73,-55.53,-0.250
32.73,-55.55,-0.250
32.73,-55.57,-0.250
32.74,-55.59,-0.250
32.74,-55.60,-0.250
32.74,-55.62,-0.250
32.74,-55.63,-0.250
32.74,-55.65,-0.250
32.74,-55.67,-0.250
32.75,-55.68,-0.250
32.75,-55.70,-0.250
32.75,-55.72,-0.249
32.75,-55.73,-0.249
32.75,-55.75,-0.249
32.76,-55.77,-0.249
32.76,-55.78,-0.249
32.76,-55.80,-0.249
32.76,-55.82,-0.249
32.76,-55.83,-0.249
32.76,-55.85,-0.249
32.77,-55.87,-0.249
32.77,-55.89,-0.249
32.77,-55.90,-0.249
32.77,-55.92,-0.249
32.77,-55.93,-0.249
32.77,-55.95,-0.249
32.78,-55.97,-0.249
32.78,-55.98,-0.249
32.78,-56.00,-0.249
32.78,-56.02,-0.249
32.78,-56.04,-0.249
32.78,-56.05,-0.249
32.78,-56.07,-0.249
32.79,-56.08,-0.249
32.79,-56.10,-0.249
32.79,-56.12,-0.249
32.79,-56.13,-0.249
32.79,-56.15,-0.249
32.79,-56.17,-0.249
32.80,-56.18,-0.249
32.80,-56.20,-0.249
32.80,-56.22,-0.249
32.80,-56.23,-0.248
32.80,-56.25,-0.248
32.81,-56.27,-0.248
32.81,-56.29,-0.248
32.81,-56.30,-0.248
32.81,-56.32,-0.248
32.81,-56.34,-0.248
32.81,-56.35,-0.248
32.82,-56.37,-0.248
32.82,-56.38,-0.248
32.82,-56.40,-0.248
32.82,-56.42,-0.248
32.82,-56.44,-0.248
32.82,-56.45,-0.248
32.83,-56.47,-0.248
32.83,-56.49,-0.248
32.83,-56.50,-0.248
32.83,-56.52,-0.248
32.83,-56.53,-0.247
32.83,-56.55,-0.247
32.83,-56.57,-0.247
32.84,-56.59,-0.247
32.84,-56.60,-0.247
32.84,-56.62,-0.247
32.84,-56.64,-0.247
32.84,-56.65,-0.247
32.84,-56.67,-0.247
32.85,-56.68,-0.247
32.85,-56.70,-0.247
32.85,-56.72,-0.247
32.85,-56.73,-0.247
32.85,-56.75,-0.247
32.86,-56.77,-0.247
32.86,-56.79,-0.247
32.86,-56.80,-0.247
32.86,-56.82,-0.247
32.86,-56.84,-0.247
32.86,-56.85,-0.247
32.87,-56.87,-0.247
32.87,-56.89,-0.247
32.87,-56.90,-0.246
32.87,-56.92,-0.246
32.87,-56.94,-0.246
32.87,-56.95,-0.246
32.88,-56.97,-0.246
32.88,-56.99,-0.246
32.88,-57.00,-0.246
32.88,-57.02,-0.246
32.88,-57.04,-0.246
32.88,-57.05,-0.246
32.88,-57.07,-0.246
32.89,-57.08,-0.246
32.89,-57.10,-0.246
32.89,-57.12,-0.246
32.89,-57.13,-0.246
32.89,-57.15,-0.246
32.89,-57.17,-0.246
32.90,-57.19,-0.246
32.90,-57.20,-0.246
32.90,-57.22,-0.246
32.90,-57.24,-0.246
32.90,-57.25,-0.246
32.91,-57.27,-0.246
32.91,-57.29,-0.245
32.91,-57.30,-0.245
32.91,-57.32,-0.245
32.91,-57.34,-0.245
32.91,-57.35,-0.245
32.92,-57.37,-0.245
32.92,-57.39,-0.245
32.92,-57.40,-0.245
32.92,-57.42,-0.245
32.92,-57.43,-0.245
32.92,-57.45,-0.245
32.93,-57.47,-0.245
32.93,-57.49,-0.245
32.93,-57.50,-0.245
32.93,-57.52,-0.245
32.93,-57.54,-0.245
32.93,-57.55,-0.245
32.93,-57.57,-0.245
32.94,-57.59,-0.245
32.94,-57.60,-0.245
32.94,-57.62,-0.245
32.94,-57.64,-0.244
32.94,-57.65,-0.244
32.94,-57.67,-0.244
32.95,-57.69,-0.244
32.95,-57.70,-0.244
32.95,-57.72,-0.244
32.95,-57.74,-0.244
32.95,-57.75,-0.244
32.96,-57.77,-0.244
32.96,-57.79,-0.244
32.96,-57.80,-0.244
32.96,-57.82,-0.244
32.96,-57.84,-0.244
32.96,-57.85,-0.244
32.97,-57.87,-0.244
32.97,-57.89,-0.244
32.97,-57.90,-0.244
32.97,-57.92,-0.244
32.97,-57.94,-0.244
32.97,-57.95,-0.244
32.98,-57.97,-0.244
32.98,-57.99,-0.244
32.98,-58.00,-0.244
32.98,-58.02,-0.244
32.98,-58.04,-0.244
32.98,-58.05,-0.244
32.98,-58.07,-0.244
32.99,-58.09,-0.244
32.99,-58.10,-0.243
32.99,-58.12,-0.243
32.99,-58.14,-0.243
32.99,-58.15,-0.243
32.99,-58.17,-0.243
33.00,-58.19,-0.243
33.00,-58.20,-0.243
33.00,-58.22,-0.243
33.00,-58.24,-0.243
33.00,-58.25,-0.243
33.01,-58.27,-0.243
33.01,-58.29,-0.243
33.01,-58.31,-0.243
33.01,-58.32,-0.243
33.01,-58.34,-0.243
33.01,-58.36,-0.243
33.02,-58.37,-0.243
33.02,-58.39,-0.243
33.02,-58.40,-0.243
33.02,-58.42,-0.243
33.02,-58.44,-0.243
33.02,-58.46,-0.243
33.03,-58.47,-0.243
33.03,-58.49,-0.243
33.03,-58.50,-0.243
33.03,-58.52,-0.243
33.03,-58.54,-0.243
33.03,-58.55,-0.243
33.03,-58.57,-0.242
33.04,-58.59,-0.242
33.04,-58.60,-0.242
33.04,-58.62,-0.242
33.04,-58.64,-0.242
33.04,-58.65,-0.242
33.04,-58.67,-0.242
33.05,-58.69,-0.242
33.05,-58.71,-0.241
33.05,-58.72,-0.241
33.05,-58.74,-0.241
33.05,-58.75,-0.241
33.06,-58.77,-0.241
33.06,-58.79,-0.241
33.06,-58.80,-0.241
33.06,-58.82,-0.241
33.06,-58.84,-0.241
33.06,-58.86,-0.241
33.07,-58.87,-0.241
33.07,-58.89,-0.241
33.07,-58.90,-0.241
33.07,-58.92,-0.241
33.07,-58.94,-0.241
33.07,-58.95,-0.241
33.08,-58.97,-0.241
33.08,-58.99,-0.241
33.08,-59.00,-0.241
33.08,-59.02,-0.241
33.08,-59.04,-0.241
33.08,-59.05,-0.241
33.08,-59.07,-0.241
33.09,-59.09,-0.241
33.09,-59.11,-0.241
33.09,-59.12,-0.240
33.09,-59.14,-0.240
33.09,-59.16,-0.240
33.09,-59.17,-0.240
33.10,-59.19,-0.240
33.10,-59.21,-0.240
33.10,-59.22,-0.240
33.10,-59.24,-0.240
33.10,-59.25,-0.240
33.11,-59.27,-0.240
33.11,-59.29,-0.240
33.11,-59.31,-0.240
33.11,-59.32,-0.240
33.11,-59.34,-0.240
33.11,-59.35,-0.240
33.12,-59.37,-0.240
33.12,-59.39,-0.240
33.12,-59.40,-0.240
33.12,-59.42,-0.240
33.12,-59.44,-0.240
33.12,-59.45,-0.240
33.13,-59.47,-0.239
33.13,-59.49,-0.239
33.13,-59.50,-0.239
33.13,-59.52,-0.239
33.13,-59.54,-0.239
33.13,-59.56,-0.239
33.13,-59.57,-0.239
33.14,-59.59,-0.239
33.14,-59.61,-0.239
33.14,-59.62,-0.239
33.14,-59.64,-0.239
33.14,-59.66,-0.239
33.14,-59.67,-0.239
33.15,-59.69,-0.239
33.15,-59.70,-0.239
33.15,-59.72,-0.239
33.15,-59.74,-0.239
33.15,-59.76,-0.239
33.16,-59.77,-0.239
33.16,-59.79,-0.239
33.16,-59.81,-0.239
33.16,-59.82,-0.238
33.16,-59.84,-0.238
33.16,-59.86,-0.238
33.17,-59.87,-0.238
33.17,-59.89,-0.238
33.17,-59.91,-0.238
33.17,-59.92,-0.238
33.17,-59.94,-0.238
33.17,-59.95,-0.238
33.18,-59.97,-0.238
33.18,-59.99,-0.238
33.18,-60.00,-0.238
33.18,-60.02,-0.238
33.18,-60.04,-0.238
33.18,-60.05,-0.238
33.18,-60.07,-0.238
33.19,-60.09,-0.238
33.19,-60.11,-0.238
33.19,-60.12,-0.238
33.19,-60.14,-0.238
33.19,-60.16,-0.238
33.19,-60.17,-0.238
33.20,-60.19,-0.238
33.20,-60.21,-0.238
33.20,-60.22,-0.238
33.20,-60.24,-0.238
33.20,-60.25,-0.238
33.21,-60.27,-0.238
33.21,-60.29,-0.238
33.21,-60.30,-0.238
33.21,-60.32,-0.238
33.21,-60.34,-0.237
33.21,-60.36,-0.237
33.22,-60.37,-0.237
33.22,-60.39,-0.237
33.22,-60.41,-0.237
33.22,-60.42,-0.237
33.22,-60.44,-0.237
33.22,-60.45,-0.237
33.23,-60.47,-0.237
33.23,-60.49,-0.237
33.23,-60.50,-0.237
33.23,-60.52,-0.237
33.23,-60.54,-0.237
33.23,-60.56,-0.237
33.23,-60.57,-0.237
33.24,-60.59,-0.237
33.24,-60.61,-0.236
33.24,-60.62,-0.236
33.24,-60.64,-0.236
33.24,-60.66,-0.236
33.24,-60.67,-0.236
33.25,-60.69,-0.236
33.25,-60.71,-0.236
33.25,-60.72,-0.236
33.25,-60.74,-0.236
33.25,-60.76,-0.236
33.26,-60.77,-0.236
33.26,-60.79,-0.236
33.26,-60.81,-0.236
33.26,-60.82,-0.236
33.26,-60.84,-0.236
33.26,-60.86,-0.236
33.27,-60.87,-0.236
33.27,-60.89,-0.236
33.27,-60.91,-0.236
33.27,-60.92,-0.236
33.27,-60.94,-0.236
33.27,-60.95,-0.235
33.28,-60.97,-0.235
33.28,-60.99,-0.235
33.28,-61.01,-0.235
33.28,-61.02,-0.235
33.28,-61.04,-0.235
33.28,-61.05,-0.235
33.28,-61.07,-0.235
33.29,-61.09,-0.235
33.29,-61.10,-0.235
33.29,-61.12,-0.235
33.29,-61.14,-0.235
33.29,-61.15,-0.235
33.29,-61.17,-0.235
33.30,-61.19,-0.235
33.30,-61.21,-0.235
33.30,-61.22,-0.235
33.30,-61.24,-0.235
33.30,-61.26,-0.235
33.31,-61.27,-0.235
33.31,-61.29,-0.235
33.31,-61.30,-0.235
33.31,-61.32,-0.235
33.31,-61.34,-0.235
33.31,-61.36,-0.235
33.32,-61.37,-0.234
33.32,-61.39,-0.234
33.32,-61.41,-0.234
33.32,-61.42,-0.234
33.32,-61.44,-0.234
33.32,-61.46,-0.234
33.33,-61.47,-0.234
33.33,-61.49,-0.234
33.33,-61.51,-0.234
33.33,-61.52,-0.234
33.33,-61.54,-0.234
33.33,-61.56,-0.234
33.33,-61.57,-0.234
33.34,-61.59,-0.234
33.34,-61.61,-0.234
33.34,-61.62,-0.234
33.34,-61.64,-0.234
33.34,-61.65,-0.234
33.34,-61.67,-0.234
33.35,-61.69,-0.234
33.35,-61.71,-0.234
33.35,-61.72,-0.234
33.35,-61.74,-0.234
33.35,-61.76,-0.234
33.36,-61.77,-0.234
33.36,-61.79,-0.234
33.36,-61.81,-0.234
33.36,-61.82,-0.234
33.36,-61.84,-0.234
33.36,-61.86,-0.234
33.37,-61.87,-0.233
33.37,-61.89,-0.233
33.37,-61.91,-0.233
33.37,-61.92,-0.233
33.37,-61.94,-0.233
33.37,-61.96,-0.233
33.38,-61.97,-0.233
33.38,-61.99,-0.233
33.38,-62.01,-0.233
33.38,-62.02,-0.233
33.38,-62.04,-0.233
33.38,-62.06,-0.233
33.38,-62.07,-0.233
33.39,-62.09,-0.233
33.39,-62.11,-0.233
33.39,-62.12,-0.233
33.39,-62.14,-0.233
33.39,-62.15,-0.232
33.39,-62.17,-0.232
33.40,-62.19,-0.232
33.40,-62.21,-0.232
33.40,-62.22,-0.232
33.40,-62.24,-0.232
33.40,-62.26,-0.232
33.41,-62.27,-0.232
33.41,-62.29,-0.232
33.41,-62.31,-0.232
33.41,-62.32,-0.232
33.41,-62.34,-0.232
33.41,-62.35,-0.232
33.42,-62.37,-0.232
33.42,-62.39,-0.232
33.42,-62.41,-0.232
33.42,-62.42,-0.232
33.42,-62.44,-0.232
33.42,-62.45,-0.232
33.43,-62.47,-0.232
33.43,-62.49,-0.231
33.43,-62.51,-0.231
33.43,-62.52,-0.231
33.43,-62.54,-0.231
33.43,-62.56,-0.231
33.43,-62.57,-0.231
33.44,-62.59,-0.231
33.44,-62.60,-0.231
33.44,-62.62,-0.231
33.44,-62.64,-0.231
33.44,-62.66,-0.231
33.44,-62.67,-0.231
33.45,-62.69,-0.231
33.45,-62.71,-0.231
33.45,-62.72,-0.231
33.45,-62.74,-0.231
33.45,-62.76,-0.231
33.46,-62.77,-0.231
33.46,-62.79,-0.231
33.46,-62.81,-0.231
33.46,-62.82,-0.231
33.46,-62.84,-0.231
33.46,-62.86,-0.231
33.47,-62.87,-0.231
33.47,-62.89,-0.231
33.47,-62.91,-0.231
33.47,-62.92,-0.231
33.47,-62.94,-0.231
33.47,-62.96,-0.230
33.48,-62.97,-0.230
33.48,-62.99,-0.230
33.48,-63.01,-0.230
33.48,-63.02,-0.230
33.48,-63.04,-0.230
33.48,-63.06,-0.230
33.48,-63.07,-0.230
33.49,-63.09,-0.230
33.49,-63.11,-0.230
33.49,-63.12,-0.230
33.49,-63.14,-0.230
33.49,-63.16,-0.230
33.49,-63.17,-0.230
33.50,-63.19,-0.230
33.50,-63.20,-0.230
33.50,-63.22,-0.230
33.50,-63.24,-0.230
33.50,-63.25,-0.230
33.51,-63.27,-0.230
33.51,-63.29,-0.230
33.51,-63.30,-0.230
33.51,-63.32,-0.230
33.51,-63.34,-0.230
33.51,-63.36,-0.230
33.52,-63.37,-0.230
33.52,-63.39,-0.230
33.52,-63.41,-0.230
33.52,-63.42,-0.230
33.52,-63.44,-0.230
33.52,-63.45,-0.230
33.53,-63.47,-0.230
33.53,-63.49,-0.230
33.53,-63.51,-0.230
33.53,-63.52,-0.230
33.53,-63.54,-0.230
33.53,-63.56,-0.230
33.53,-63.57,-0.229
33.54,-63.59,-0.229
33.54,-63.61,-0.229
33.54,-63.62,-0.229
33.54,-63.64,-0.229
33.54,-63.65,-0.229
33.54,-63.67,-0.229
33.55,-63.69,-0.229
33.55,-63.71,-0.229
33.55,-63.72,-0.229
33.55,-63.74,-0.229
33.55,-63.76,-0.229
33.56,-63.77,-0.229
33.56,-63.79,-0.229
33.56,-63.81,-0.229
33.56,-63.82,-0.229
33.56,-63.84,-0.229
33.56,-63.85,-0.229
33.57,-63.87,-0.229
33.57,-63.89,-0.229
33.57,-63.91,-0.229
33.57,-63.92,-0.229
33.57,-63.94,-0.229
33.57,-63.95,-0.229
33.58,-63.97,-0.229
33.58,-63.99,-0.229
33.58,-64.00,-0.229
33.58,-64.02,-0.229
33.58,-64.04,-0.229
33.58,-64.05,-0.229
33.58,-64.07,-0.229
33.59,-64.09,-0.229
33.59,-64.11,-0.229
33.59,-64.12,-0.228
33.59,-64.14,-0.228
33.59,-64.15,-0.228
33.59,-64.17,-0.228
33.60,-64.19,-0.228
33.60,-64.20,-0.228
33.60,-64.22,-0.228
33.60,-64.24,-0.228
33.60,-64.25,-0.228
33.61,-64.27,-0.228
33.61,-64.29,-0.228
33.61,-64.30,-0.228
33.61,-64.32,-0.228
33.61,-64.34,-0.228
33.61,-64.36,-0.228
33.62,-64.37,-0.228
33.62,-64.39,-0.228
33.62,-64.40,-0.228
33.62,-64.42,-0.228
33.62,-64.44,-0.228
33.62,-64.46,-0.228
33.63,-64.47,-0.228
33.63,-64.49,-0.227
33.63,-64.50,-0.227
33.63,-64.52,-0.227
33.63,-64.54,-0.227
33.63,-64.55,-0.227
33.63,-64.57,-0.227
33.64,-64.59,-0.227
33.64,-64.60,-0.227
33.64,-64.62,-0.227
33.64,-64.64,-0.227
33.64,-64.66,-0.227
33.64,-64.67,-0.227
33.65,-64.69,-0.227
33.65,-64.70,-0.227
33.65,-64.72,-0.227
33.65,-64.74,-0.227
33.65,-64.75,-0.227
33.66,-64.77,-0.227
33.66,-64.79,-0.227
33.66,-64.80,-0.227
33.66,-64.82,-0.227
33.66,-64.84,-0.227
33.66,-64.85,-0.227
33.67,-64.87,-0.227
33.67,-64.89,-0.227
33.67,-64.90,-0.227
33.67,-64.92,-0.227
33.67,-64.94,-0.227
33.67,-64.96,-0.227
33.68,-64.97,-0.227
33.68,-64.99,-0.227
33.68,-65.00,-0.227
33.68,-65.02,-0.227
33.68,-65.04,-0.227
33.68,-65.05,-0.227
33.68,-65.07,-0.227
33.69,-65.09,-0.226
33.69,-65.11,-0.226
33.69,-65.12,-0.226
33.69,-65.14,-0.226
33.69,-65.15,-0.226
33.69,-65.17,-0.226
33.70,-65.19,-0.226
33.70,-65.20,-0.226
33.70,-65.22,-0.226
33.70,-65.24,-0.226
33.70,-65.25,-0.226
33.71,-65.27,-0.226
33.71,-65.29,-0.226
33.71,-65.30,-0.226
33.71,-65.32,-0.226
33.71,-65.34,-0.226
33.71,-65.35,-0.226
33.72,-65.37,-0.226
33.72,-65.39,-0.226
33.72,-65.40,-0.226
33.72,-65.42,-0.226
33.72,-65.44,-0.226
33.72,-65.45,-0.226
33.73,-65.47,-0.226
33.73,-65.49,-0.226
33.73,-65.50,-0.226
33.73,-65.52,-0.226
33.73,-65.54,-0.226
33.73,-65.55,-0.226
33.73,-65.57,-0.226
33.74,-65.59,-0.226
33.74,-65.60,-0.226
33.74,-65.62,-0.226
33.74,-65.64,-0.226
33.74,-65.65,-0.226
33.74,-65.67,-0.226
33.75,-65.69,-0.226
33.75,-65.70,-0.226
33.75,-65.72,-0.226
33.75,-65.74,-0.226
33.75,-65.75,-0.226
33.76,-65.77,-0.225
33.76,-65.79,-0.225
33.76,-65.80,-0.225
33.76,-65.82,-0.225
33.76,-65.84,-0.225
33.76,-65.85,-0.225
33.77,-65.87,-0.225
33.77,-65.89,-0.225
33.77,-65.90,-0.225
33.77,-65.92,-0.225
33.77,-65.94,-0.225
33.77,-65.95,-0.225
33.78,-65.97,-0.225
33.78,-65.99,-0.225
33.78,-66.00,-0.225
33.78,-66.02,-0.225
33.78,-66.04,-0.225
33.78,-66.05,-0.225
33.78,-66.07,-0.225
33.79,-66.09,-0.225
33.79,-66.10,-0.225
33.79,-66.12,-0.225
33.79,-66.13,-0.225
33.79,-66.15,-0.225
33.79,-66.17,-0.225
33.80,-66.19,-0.225
33.80,-66.20,-0.225
33.80,-66.22,-0.224
33.80,-66.24,-0.224
33.80,-66.25,-0.224
33.81,-66.27,-0.224
33.81,-66.28,-0.224
33.81,-66.30,-0.224
33.81,-66.32,-0.224
33.81,-66.34,-0.224
33.81,-66.35,-0.224
33.82,-66.37,-0.224
33.82,-66.38,-0.224
33.82,-66.40,-0.224
33.82,-66.42,-0.224
33.82,-66.44,-0.224
33.82,-66.45,-0.224
33.83,-66.47,-0.224
33.83,-66.48,-0.224
33.83,-66.50,-0.224
33.83,-66.52,-0.224
33.83,-66.53,-0.224
33.83,-66.55,-0.224
33.83,-66.57,-0.224
33.84,-66.58,-0.224
33.84,-66.60,-0.224
33.84,-66.62,-0.224
33.84,-66.63,-0.224
33.84,-66.65,-0.224
33.84,-66.67,-0.224
33.85,-66.68,-0.224
33.85,-66.70,-0.224
33.85,-66.72,-0.224
33.85,-66.74,-0.224
33.85,-66.75,-0.224
33.86,-66.77,-0.224
33.86,-66.78,-0.224
33.86,-66.80,-0.224
33.86,-66.82,-0.224
33.86,-66.83,-0.224
33.86,-66.85,-0.224
33.87,-66.86,-0.224
33.87,-66.88,-0.224
33.87,-66.90,-0.224
33.87,-66.92,-0.223
33.87,-66.93,-0.223
33.87,-66.95,-0.223
33.88,-66.97,-0.223
33.88,-66.98,-0.223
33.88,-67.00,-0.223
33.88,-67.01,-0.223
33.88,-67.03,-0.223
33.88,-67.05,-0.223
33.88,-67.07,-0.223
33.89,-67.08,-0.223
33.89,-67.10,-0.223
33.89,-67.12,-0.223
33.89,-67.13,-0.223
33.89,-67.15,-0.223
33.89,-67.17,-0.223
33.90,-67.18,-0.223
33.90,-67.20,-0.223
33.90,-67.21,-0.223
33.90,-67.23,-0.223
33.90,-67.25,-0.223
33.91,-67.26,-0.223
33.91,-67.28,-0.223
33.91,-67.30,-0.223
33.91,-67.31,-0.223
33.91,-67.33,-0.222
33.91,-67.35,-0.222
33.92,-67.36,-0.222
33.92,-67.38,-0.222
33.92,-67.40,-0.222
33.92,-67.41,-0.222
33.92,-67.43,-0.222
33.92,-67.45,-0.222
33.93,-67.46,-0.222
33.93,-67.48,-0.222
33.93,-67.50,-0.222
33.93,-67.51,-0.222
33.93,-67.53,-0.222
33.93,-67.54,-0.222
33.93,-67.56,-0.222
33.94,-67.58,-0.222
33.94,-67.60,-0.222
33.94,-67.61,-0.222
33.94,-67.63,-0.222
33.94,-67.64,-0.222
33.94,-67.66,-0.222
33.95,-67.68,-0.222
33.95,-67.69,-0.222
33.95,-67.71,-0.222
33.95,-67.73,-0.222
33.95,-67.74,-0.222
33.96,-67.76,-0.222
33.96,-67.78,-0.222
33.96,-67.79,-0.222
33.96,-67.81,-0.222
33.96,-67.83,-0.222
33.96,-67.84,-0.221
33.97,-67.86,-0.221
33.97,-67.88,-0.221
33.97,-67.89,-0.221
33.97,-67.91,-0.221
33.97,-67.93,-0.221
33.97,-67.94,-0.221
33.98,-67.96,-0.221
33.98,-67.98,-0.221
33.98,-67.99,-0.221
33.98,-68.01,-0.221
33.98,-68.02,-0.221
33.98,-68.04,-0.221
33.98,-68.06,-0.221
33.99,-68.07,-0.221
33.99,-68.09,-0.221
33.99,-68.11,-0.221
33.99,-68.12,-0.221
33.99,-68.14,-0.221
33.99,-68.16,-0.221
34.00,-68.17,-0.221
34.00,-68.19,-0.221
34.00,-68.21,-0.220
34.00,-68.22,-0.220
34.00,-68.24,-0.220
34.01,-68.25,-0.220
34.01,-68.27,-0.220
34.01,-68.29,-0.220
34.01,-68.30,-0.220
34.01,-68.32,-0.220
34.01,-68.33,-0.220
34.02,-68.35,-0.221
34.02,-68.37,-0.223
34.02,-68.38,-0.225
34.02,-68.40,-0.227
34.02,-68.42,-0.228
34.02,-68.43,-0.228
34.03,-68.45,-0.227
34.03,-68.47,-0.227
34.03,-68.48,-0.227
34.03,-68.50,-0.227
34.03,-68.51,-0.227
34.03,-68.53,-0.227
34.03,-68.54,-0.226
34.04,-68.56,-0.226
34.04,-68.58,-0.225
34.04,-68.60,-0.225
34.04,-68.61,-0.224
34.04,-68.63,-0.223
34.04,-68.64,-0.222
34.05,-68.66,-0.221
34.05,-68.68,-0.220
34.05,-68.69,-0.220
34.05,-68.71,-0.219
34.05,-68.72,-0.219
34.06,-68.74,-0.219
34.06,-68.76,-0.219
34.06,-68.77,-0.219
34.06,-68.79,-0.219
34.06,-68.81,-0.218
34.06,-68.82,-0.218
34.07,-68.84,-0.218
34.07,-68.85,-0.218
34.07,-68.87,-0.218
34.07,-68.89,-0.218
34.07,-68.90,-0.218
34.07,-68.92,-0.218
34.08,-68.94,-0.217
34.08,-68.95,-0.217
34.08,-68.97,-0.217
34.08,-68.99,-0.217
34.08,-69.00,-0.217
34.08,-69.02,-0.217
34.08,-69.03,-0.217
34.09,-69.05,-0.217
34.09,-69.07,-0.217
34.09,-69.08,-0.216
34.09,-69.10,-0.216
34.09,-69.12,-0.216
34.09,-69.13,-0.216
34.10,-69.15,-0.216
34.10,-69.16,-0.216
34.10,-69.18,-0.216
34.10,-69.19,-0.216
34.10,-69.21,-0.216
34.11,-69.23,-0.215
34.11,-69.24,-0.215
34.11,-69.26,-0.215
34.11,-69.28,-0.215
34.11,-69.29,-0.215
34.11,-69.31,-0.214
34.12,-69.33,-0.214
34.12,-69.34,-0.213
34.12,-69.36,-0.213
34.12,-69.37,-0.213
34.12,-69.39,-0.213
34.12,-69.40,-0.213
34.13,-69.42,-0.213
34.13,-69.44,-0.213
34.13,-69.45,-0.213
34.13,-69.47,-0.213
34.13,-69.48,-0.213
34.13,-69.50,-0.213
34.14,-69.52,-0.213
34.14,-69.53,-0.213
34.14,-69.55,-0.213
34.14,-69.57,-0.213
34.14,-69.58,-0.212
34.14,-69.60,-0.212
34.14,-69.61,-0.212
34.15,-69.63,-0.212
34.15,-69.65,-0.212
34.15,-69.66,-0.212
34.15,-69.68,-0.212
34.15,-69.69,-0.212
34.16,-69.71,-0.212
34.16,-69.73,-0.212
34.16,-69.74,-0.212
34.16,-69.76,-0.212
34.16,-69.77,-0.212
34.16,-69.79,-0.212
34.16,-69.80,-0.212
34.17,-69.82,-0.212
34.17,-69.84,-0.212
34.17,-69.85,-0.212
34.17,-69.87,-0.212
34.17,-69.88,-0.212
34.18,-69.90,-0.212
34.18,-69.91,-0.212
34.18,-69.93,-0.212
34.18,-69.95,-0.212
34.18,-69.96,-0.212
34.18,-69.98,-0.211
34.19,-69.99,-0.211
34.19,-70.01,-0.211
34.19,-70.03,-0.211
34.19,-70.04,-0.211
34.19,-70.06,-0.211
34.19,-70.07,-0.211
34.19,-70.09,-0.211
34.20,-70.10,-0.211
34.20,-70.12,-0.211
34.20,-70.14,-0.210
34.20,-70.15,-0.210
34.20,-70.17,-0.210
34.21,-70.18,-0.210
34.21,-70.20,-0.210
34.21,-70.21,-0.210
34.21,-70.23,-0.210
34.21,-70.25,-0.210
34.21,-70.26,-0.210
34.21,-70.28,-0.210
34.22,-70.29,-0.210
34.22,-70.31,-0.209
34.22,-70.32,-0.209
34.22,-70.34,-0.209
34.22,-70.35,-0.209
34.23,-70.37,-0.209
34.23,-70.39,-0.209
34.23,-70.40,-0.208
34.23,-70.42,-0.208
34.23,-70.43,-0.208
34.23,-70.45,-0.208
34.24,-70.47,-0.207
34.24,-70.48,-0.207
34.24,-70.50,-0.207
34.24,-70.51,-0.207
34.24,-70.53,-0.207
34.24,-70.54,-0.207
34.24,-70.56,-0.207
34.25,-70.57,-0.207
34.25,-70.59,-0.207
34.25,-70.61,-0.207
34.25,-70.62,-0.207
34.25,-70.64,-0.207
34.26,-70.65,-0.206
34.26,-70.67,-0.206
34.26,-70.68,-0.206
34.26,-70.70,-0.206
34.26,-70.71,-0.206
34.26,-70.73,-0.206
34.26,-70.74,-0.206
34.27,-70.76,-0.206
34.27,-70.77,-0.206
34.27,-70.79,-0.206
34.27,-70.81,-0.206
34.27,-70.82,-0.206
34.28,-70.84,-0.206
34.28,-70.85,-0.206
34.28,-70.87,-0.206
34.28,-70.88,-0.206
34.28,-70.90,-0.205
34.28,-70.91,-0.205
34.29,-70.93,-0.205
34.29,-70.95,-0.204
34.29,-70.96,-0.204
34.29,-70.97,-0.204
34.29,-70.99,-0.204
34.29,-71.01,-0.204
34.29,-71.02,-0.204
34.30,-71.04,-0.204
34.30,-71.05,-0.204
34.30,-71.07,-0.204
34.30,-71.08,-0.204
34.30,-71.10,-0.204
34.31,-71.11,-0.204
34.31,-71.13,-0.204
34.31,-71.14,-0.203
34.31,-71.16,-0.203
34.31,-71.17,-0.203
34.31,-71.19,-0.203
34.31,-71.21,-0.203
34.32,-71.22,-0.203
34.32,-71.24,-0.203
34.32,-71.25,-0.203
34.32,-71.27,-0.203
34.32,-71.28,-0.203
34.33,-71.30,-0.203
34.33,-71.31,-0.202
34.33,-71.33,-0.202
34.33,-71.34,-0.202
34.33,-71.36,-0.202
34.33,-71.37,-0.202
34.34,-71.39,-0.202
34.34,-71.40,-0.202
34.34,-71.42,-0.202
34.34,-71.43,-0.202
34.34,-71.45,-0.202
34.34,-71.46,-0.202
34.34,-71.48,-0.202
34.35,-71.49,-0.202
34.35,-71.51,-0.202
34.35,-71.52,-0.202
34.35,-71.54,-0.201
34.35,-71.55,-0.201
34.36,-71.57,-0.201
34.36,-71.58,-0.201
34.36,-71.60,-0.201
34.36,-71.62,-0.201
34.36,-71.63,-0.201
34.36,-71.64,-0.200
34.36,-71.66,-0.200
34.37,-71.67,-0.200
34.37,-71.69,-0.200
34.37,-71.70,-0.200
34.37,-71.72,-0.200
34.37,-71.74,-0.200
34.38,-71.75,-0.200
34.38,-71.76,-0.200
34.38,-71.78,-0.200
34.38,-71.79,-0.200
34.38,-71.81,-0.200
34.38,-71.82,-0.199
34.39,-71.84,-0.199
34.39,-71.85,-0.199
34.39,-71.87,-0.199
34.39,-71.88,-0.199
34.39,-71.90,-0.199
34.39,-71.91,-0.198
34.39,-71.93,-0.198
34.40,-71.94,-0.198
34.40,-71.96,-0.198
34.40,-71.97,-0.198
34.40,-71.99,-0.198
34.40,-72.00,-0.198
34.41,-72.02,-0.198
34.41,-72.03,-0.198
34.41,-72.05,-0.198
34.41,-72.06,-0.198
34.41,-72.08,-0.198
34.41,-72.09,-0.198
34.41,-72.11,-0.198
34.42,-72.12,-0.198
34.42,-72.14,-0.198
34.42,-72.15,-0.198
34.42,-72.17,-0.197
34.42,-72.18,-0.197
34.43,-72.19,-0.197
34.43,-72.21,-0.196
34.43,-72.22,-0.196
34.43,-72.24,-0.196
34.43,-72.25,-0.196
34.43,-72.27,-0.195
34.44,-72.28,-0.195
34.44,-72.30,-0.195
34.44,-72.31,-0.195
34.44,-72.33,-0.195
34.44,-72.34,-0.195
34.44,-72.36,-0.195
34.44,-72.37,-0.195
34.45,-72.39,-0.195
34.45,-72.40,-0.195
34.45,-72.42,-0.194
34.45,-72.43,-0.194
34.45,-72.45,-0.194
34.46,-72.46,-0.194
34.46,-72.48,-0.194
34.46,-72.49,-0.194
34.46,-72.51,-0.194
34.46,-72.52,-0.194
34.46,-72.53,-0.194
34.46,-72.55,-0.194
34.47,-72.56,-0.194
34.47,-72.58,-0.193
34.47,-72.59,-0.193
34.47,-72.61,-0.193
34.47,-72.62,-0.193
34.48,-72.64,-0.193
34.48,-72.65,-0.193
34.48,-72.67,-0.193
34.48,-72.68,-0.193
34.48,-72.69,-0.193
34.48,-72.71,-0.193
34.49,-72.72,-0.193
34.49,-72.74,-0.193
34.49,-72.75,-0.193
34.49,-72.77,-0.193
34.49,-72.78,-0.192
34.49,-72.79,-0.192
34.49,-72.81,-0.192
34.50,-72.82,-0.192
34.50,-72.84,-0.192
34.50,-72.85,-0.192
34.50,-72.87,-0.192
34.50,-72.88,-0.192
34.51,-72.90,-0.192
34.51,-72.91,-0.192
34.51,-72.93,-0.191
34.51,-72.94,-0.191
34.51,-72.95,-0.191
34.51,-72.97,-0.191
34.51,-72.98,-0.191
34.52,-73.00,-0.191
34.52,-73.01,-0.191
34.52,-73.03,-0.191
34.52,-73.04,-0.190
34.52,-73.06,-0.190
34.53,-73.07,-0.190
34.53,-73.08,-0.190
34.53,-73.10,-0.190
34.53,-73.11,-0.190
34.53,-73.13,-0.190
34.53,-73.14,-0.190
34.54,-73.16,-0.190
34.54,-73.17,-0.190
34.54,-73.19,-0.190
34.54,-73.20,-0.189
34.54,-73.21,-0.189
34.54,-73.23,-0.189
34.54,-73.24,-0.189
34.55,-73.25,-0.189
34.55,-73.27,-0.189
34.55,-73.28,-0.189
34.55,-73.30,-0.188
34.55,-73.31,-0.188
34.56,-73.33,-0.188
34.56,-73.34,-0.188
34.56,-73.36,-0.188
34.56,-73.37,-0.188
34.56,-73.38,-0.188
34.56,-73.40,-0.188
34.56,-73.41,-0.188
34.57,-73.42,-0.188
34.57,-73.44,-0.188
34.57,-73.45,-0.188
34.57,-73.47,-0.187
34.57,-73.48,-0.187
34.58,-73.50,-0.187
34.58,-73.51,-0.187
34.58,-73.53,-0.187
34.58,-73.54,-0.187
34.58,-73.55,-0.187
34.58,-73.57,-0.186
34.59,-73.58,-0.186
34.59,-73.60,-0.186
34.59,-73.61,-0.186
34.59,-73.62,-0.186
34.59,-73.64,-0.186
34.59,-73.65,-0.186
34.59,-73.67,-0.186
34.60,-73.68,-0.186
34.60,-73.69,-0.186
34.60,-73.71,-0.186
34.60,-73.72,-0.186
34.60,-73.74,-0.186
34.61,-73.75,-0.186
34.61,-73.77,-0.186
34.61,-73.78,-0.185
34.61,-73.79,-0.185
34.61,-73.81,-0.185
34.61,-73.82,-0.185
34.61,-73.83,-0.185
34.62,-73.85,-0.185
34.62,-73.86,-0.185
34.62,-73.88,-0.185
34.62,-73.89,-0.185
34.62,-73.90,-0.184
34.63,-73.92,-0.184
34.63,-73.93,-0.184
34.63,-73.95,-0.184
34.63,-73.96,-0.184
34.63,-73.97,-0.184
34.63,-73.99,-0.184
34.64,-74.00,-0.183
34.64,-74.02,-0.183
34.64,-74.03,-0.183
34.64,-74.04,-0.183
34.64,-74.06,-0.183
34.64,-74.07,-0.183
34.64,-74.08,-0.183
34.65,-74.10,-0.183
34.65,-74.11,-0.183
34.65,-74.12,-0.183
34.65,-74.14,-0.183
34.65,-74.15,-0.183
34.66,-74.17,-0.182
34.66,-74.18,-0.182
34.66,-74.20,-0.182
34.66,-74.21,-0.182
34.66,-74.22,-0.182
34.66,-74.24,-0.182
34.66,-74.25,-0.182
34.67,-74.26,-0.182
34.67,-74.28,-0.182
34.67,-74.29,-0.182
34.67,-74.30,-0.182
34.67,-74.32,-0.182
34.68,-74.33,-0.182
34.68,-74.35,-0.182
34.68,-74.36,-0.181
34.68,-74.37,-0.181
34.68,-74.39,-0.181
34.68,-74.40,-0.181
34.69,-74.41,-0.181
34.69,-74.43,-0.181
34.69,-74.44,-0.180
34.69,-74.46,-0.180
34.69,-74.47,-0.180
34.69,-74.48,-0.179
34.69,-74.50,-0.179
34.70,-74.51,-0.179
34.70,-74.52,-0.179
34.70,-74.54,-0.179
34.70,-74.55,-0.179
34.70,-74.56,-0.179
34.71,-74.58,-0.179
34.71,-74.59,-0.179
34.71,-74.60,-0.179
34.71,-74.62,-0.179
34.71,-74.63,-0.179
34.71,-74.65,-0.178
34.71,-74.66,-0.178
34.72,-74.67,-0.178
34.72,-74.69,-0.178
34.72,-74.70,-0.178
34.72,-74.71,-0.178
34.72,-74.73,-0.178
34.73,-74.74,-0.178
34.73,-74.75,-0.178
34.73,-74.77,-0.178
34.73,-74.78,-0.178
34.73,-74.79,-0.178
34.73,-74.81,-0.178
34.74,-74.82,-0.178
34.74,-74.83,-0.178
34.74,-74.85,-0.178
34.74,-74.86,-0.178
34.74,-74.87,-0.178
34.74,-74.89,-0.178
34.74,-74.90,-0.178
34.75,-74.91,-0.177
34.75,-74.93,-0.177
34.75,-74.94,-0.177
34.75,-74.96,-0.177
34.75,-74.97,-0.177
34.76,-74.98,-0.177
34.76,-75.00,-0.177
34.76,-75.01,-0.177
34.76,-75.02,-0.177
34.76,-75.04,-0.176
34.76,-75.05,-0.176
34.76,-75.06,-0.176
34.77,-75.08,-0.176
34.77,-75.09,-0.176
34.77,-75.10,-0.176
34.77,-75.12,-0.176
34.77,-75.13,-0.176
34.78,-75.14,-0.176
34.78,-75.15,-0.176
34.78,-75.17,-0.175
34.78,-75.18,-0.175
34.78,-75.19,-0.175
34.78,-75.21,-0.175
34.79,-75.22,-0.175
34.79,-75.24,-0.174
34.79,-75.25,-0.174
34.79,-75.26,-0.174
34.79,-75.27,-0.174
34.79,-75.29,-0.174
34.79,-75.30,-0.174
34.80,-75.32,-0.174
34.80,-75.33,-0.174
34.80,-75.34,-0.174
34.80,-75.35,-0.174
34.80,-75.37,-0.174
34.81,-75.38,-0.174
34.81,-75.39,-0.174
34.81,-75.41,-0.174
34.81,-75.42,-0.174
34.81,-75.43,-0.174
34.81,-75.45,-0.174
34.81,-75.46,-0.174
34.82,-75.47,-0.173
34.82,-75.49,-0.173
34.82,-75.50,-0.173
34.82,-75.51,-0.173
34.82,-75.53,-0.173
34.83,-75.54,-0.173
34.83,-75.55,-0.173
34.83,-75.56,-0.173
34.83,-75.58,-0.173
34.83,-75.59,-0.172
34.83,-75.60,-0.172
34.84,-75.61,-0.172
34.84,-75.63,-0.172
34.84,-75.64,-0.172
34.84,-75.66,-0.172
34.84,-75.67,-0.172
34.84,-75.68,-0.172
34.84,-75.69,-0.172
34.85,-75.71,-0.172
34.85,-75.72,-0.172
34.85,-75.73,-0.172
34.85,-75.75,-0.171
34.85,-75.76,-0.171
34.86,-75.77,-0.171
34.86,-75.78,-0.171
34.86,-75.80,-0.171
34.86,-75.81,-0.171
34.86,-75.82,-0.171
34.86,-75.84,-0.171
34.86,-75.85,-0.171
34.87,-75.86,-0.171
34.87,-75.88,-0.171
34.87,-75.89,-0.171
34.87,-75.90,-0.171
34.87,-75.91,-0.171
34.88,-75.93,-0.170
34.88,-75.94,-0.170
34.88,-75.95,-0.170
34.88,-75.97,-0.170
34.88,-75.98,-0.170
34.88,-75.99,-0.170
34.89,-76.00,-0.170
34.89,-76.02,-0.170
34.89,-76.03,-0.170
34.89,-76.04,-0.170
34.89,-76.06,-0.170
34.89,-76.07,-0.170
34.89,-76.08,-0.170
34.90,-76.09,-0.170
34.90,-76.11,-0.169
34.90,-76.12,-0.169
34.90,-76.13,-0.169
34.90,-76.14,-0.168
34.91,-76.16,-0.168
34.91,-76.17,-0.168
34.91,-76.18,-0.168
34.91,-76.19,-0.168
34.91,-76.21,-0.168
34.91,-76.22,-0.168
34.91,-76.23,-0.168
34.92,-76.25,-0.168
34.92,-76.26,-0.168
34.92,-76.27,-0.167
34.92,-76.28,-0.167
34.92,-76.30,-0.167
34.93,-76.31,-0.167
34.93,-76.32,-0.167
34.93,-76.33,-0.167
34.93,-76.35,-0.167
34.93,-76.36,-0.167
34.93,-76.37,-0.167
34.94,-76.38,-0.167
34.94,-76.40,
34.94,-76.41,
34.94,-76.42,
34.94,-76.44,
34.94,-76.45,
34.94,-76.46,
34.95,-76.47,
34.95,-76.49,
34.95,-76.50,
34.95,-76.51,
34.95,-76.52,
34.96,-76.54,
34.96,-76.55,
34.96,-76.56,
34.96,-76.57,
34.96,-76.59,
34.96,-76.60,
34.96,-76.61,
34.97,-76.62,
34.97,-76.64,
34.97,-76.65,
34.97,-76.66,
34.97,-76.67,
34.98,-76.69,
34.98,-76.70,
34.98,-76.71,
34.98,-76.72,
34.98,-76.74,
34.98,-76.75,
34.99,-76.76,
34.99,,
34.99,,
34.99,,
34.99,,
34.99,,

[step]
Ramp 10.00 °C/min to 90.00 °C
Time,Temperature,Heat Flow (Normalized),Heat Capacity (Normalized)
min,°C,W/g,J/(g.°C)
35.99,-80.31,0.005,0.000
36.00,-80.31,0.005,0.313
36.00,-80.31,0.005,0.309
36.00,-80.31,0.005,0.306
36.00,-80.31,0.005,0.303
36.00,-80.30,0.005,0.300
36.01,-80.30,0.005,0.296
36.01,-80.30,0.005,0.292
36.01,-80.30,0.005,0.288
36.01,-80.30,0.005,0.000
36.01,-80.30,0.005,0.000
36.01,-80.30,0.005,0.000
36.01,-80.30,0.005,0.000
36.02,-80.30,0.005,0.000
36.02,-80.30,0.005,0.000
36.02,-80.30,0.005,0.000
36.02,-80.30,0.005,0.000
36.02,-80.29,0.005,0.000
36.03,-80.29,0.005,0.000
36.03,-80.29,0.005,0.000
36.03,-80.29,0.005,0.000
36.03,-80.29,0.005,0.000
36.03,-80.29,0.005,0.000
36.03,-80.29,0.005,0.215
36.04,-80.29,0.005,0.209
36.04,-80.29,0.005,0.204
36.04,-80.29,0.005,0.199
36.04,-80.29,0.005,0.194
36.04,-80.28,0.005,0.189
36.04,-80.28,0.005,0.185
36.04,-80.28,0.005,0.180
36.05,-80.28,0.005,0.176
36.05,-80.28,0.005,0.172
36.05,-80.28,0.005,0.000
36.05,-80.28,0.005,0.163
36.05,-80.28,0.005,0.000
36.06,-80.28,0.005,0.154
36.06,-80.27,0.005,0.149
36.06,-80.27,0.005,0.145
36.06,-80.27,0.005,0.141
36.06,-80.27,0.005,0.137
36.06,-80.27,0.005,0.133
36.06,-80.27,0.005,0.130
36.07,-80.27,0.005,0.127
36.07,-80.27,0.005,0.124
36.07,-80.27,0.005,0.121
36.07,-80.26,0.005,0.119
36.07,-80.26,0.005,0.116
36.08,-80.26,0.005,0.114
36.08,-80.26,0.005,0.111
36.08,-80.26,0.005,0.109
36.08,-80.26,0.005,0.107
36.08,-80.25,0.005,0.105
36.08,-80.25,0.005,0.104
36.09,-80.25,0.005,0.105
36.09,-80.25,0.006,0.108
36.09,-80.25,0.006,0.113
36.09,-80.24,0.006,0.118
36.09,-80.24,0.007,0.124
36.09,-80.24,0.007,0.130
36.09,-80.23,0.008,0.140
36.10,-80.23,0.009,0.153
36.10,-80.23,0.010,0.166
36.10,-80.22,0.011,0.183
36.10,-80.22,0.012,0.198
36.10,-80.21,0.014,0.216
36.11,-80.21,0.015,0.234
36.11,-80.21,0.016,0.248
36.11,-80.20,0.018,0.265
36.11,-80.20,0.019,0.277
36.11,-80.19,0.020,0.289
36.11,-80.19,0.021,0.297
36.11,-80.18,0.022,0.309
36.12,-80.18,0.023,0.321
36.12,-80.17,0.024,0.332
36.12,-80.17,0.026,0.344
36.12,-80.16,0.027,0.358
36.12,-80.16,0.029,0.371
36.13,-80.15,0.030,0.380
36.13,-80.14,0.031,0.394
36.13,-80.14,0.033,0.404
36.13,-80.13,0.034,0.417
36.13,-80.12,0.035,0.428
36.13,-80.11,0.037,0.439
36.14,-80.11,0.038,0.448
36.14,-80.10,0.039,0.455
36.14,-80.09,0.041,0.465
36.14,-80.08,0.042,0.472
36.14,-80.08,0.044,0.483
36.14,-80.07,0.045,0.494
36.14,-80.06,0.047,0.506
36.15,-80.05,0.049,0.516
36.15,-80.04,0.050,0.524
36.15,-80.03,0.052,0.535
36.15,-80.03,0.054,0.549
36.15,-80.02,0.055,0.556
36.16,-80.01,0.057,0.568
36.16,-80.00,0.058,0.571
36.16,-79.99,0.059,0.575
36.16,-79.98,0.060,0.581
36.16,-79.97,0.063,0.594
36.16,-79.96,0.064,0.603
36.16,-79.95,0.066,0.611
36.17,-79.94,0.068,0.619
36.17,-79.93,0.069,0.626
36.17,-79.92,0.071,0.634
36.17,-79.91,0.073,0.642
36.17,-79.90,0.074,0.650
36.18,-79.89,0.076,0.656
36.18,-79.88,0.077,0.658
36.18,-79.87,0.078,0.660
36.18,-79.86,0.080,0.668
36.18,-79.85,0.081,0.672
36.18,-79.83,0.082,0.678
36.19,-79.82,0.083,0.678
36.19,-79.81,0.084,0.681
36.19,-79.80,0.086,0.686
36.19,-79.79,0.087,0.688
36.19,-79.78,0.089,0.694
36.19,-79.76,0.090,0.698
36.19,-79.75,0.091,0.703
36.20,-79.74,0.093,0.709
36.20,-79.73,0.094,0.714
36.20,-79.72,0.096,0.722
36.20,-79.70,0.097,0.725
36.20,-79.69,0.098,0.729
36.21,-79.68,0.100,0.735
36.21,-79.67,0.101,0.738
36.21,-79.65,0.102,0.740
36.21,-79.64,0.104,0.744
36.21,-79.63,0.104,0.745
36.21,-79.62,0.105,0.747
36.21,-79.61,0.106,0.749
36.22,-79.59,0.107,0.750
36.22,-79.58,0.108,0.753
36.22,-79.57,0.109,0.754
36.22,-79.55,0.110,0.755
36.22,-79.54,0.111,0.759
36.23,-79.53,0.112,0.760
36.23,-79.52,0.113,0.763
36.23,-79.51,0.114,0.765
36.23,-79.49,0.115,0.767
36.23,-79.48,0.116,0.770
36.23,-79.47,0.117,0.769
36.24,-79.45,0.117,0.770
36.24,-79.44,0.118,0.773
36.24,-79.43,0.119,0.774
36.24,-79.41,0.120,0.776
36.24,-79.40,0.121,0.777
36.24,-79.39,0.121,0.776
36.24,-79.37,0.123,0.784
36.25,-79.36,0.124,0.788
36.25,-79.35,0.125,0.791
36.25,-79.33,0.126,0.796
36.25,-79.32,0.127,0.799
36.25,-79.31,0.127,0.800
36.26,-79.29,0.128,0.803
36.26,-79.28,0.129,0.803
36.26,-79.27,0.130,0.805
36.26,-79.25,0.130,0.806
36.26,-79.24,0.131,0.805
36.26,-79.23,0.131,0.808
36.26,-79.21,0.132,0.810
36.27,-79.20,0.132,0.808
36.27,-79.18,0.133,0.809
36.27,-79.17,0.134,0.812
36.27,-79.16,0.134,0.813
36.27,-79.14,0.135,0.817
36.28,-79.13,0.136,0.818
36.28,-79.12,0.136,0.818
36.28,-79.10,0.137,0.820
36.28,-79.09,0.138,0.822
36.28,-79.07,0.139,0.825
36.28,-79.06,0.139,0.828
36.29,-79.05,0.140,0.828
36.29,-79.03,0.140,0.826
36.29,-79.02,0.141,0.830
36.29,-79.00,0.142,0.832
36.29,-78.99,0.142,0.835
36.29,-78.97,0.143,0.838
36.29,-78.96,0.144,0.839
36.30,-78.95,0.144,0.841
36.30,-78.93,0.145,0.842
36.30,-78.92,0.145,0.843
36.30,-78.91,0.146,0.847
36.30,-78.89,0.146,0.847
36.31,-78.88,0.146,0.846
36.31,-78.86,0.147,0.849
36.31,-78.85,0.147,0.849
36.31,-78.83,0.148,0.851
36.31,-78.82,0.148,0.852
36.31,-78.80,0.149,0.853
36.31,-78.79,0.149,0.854
36.32,-78.78,0.149,0.851
36.32,-78.76,0.150,0.855
36.32,-78.75,0.150,0.855
36.32,-78.73,0.151,0.858
36.32,-78.72,0.152,0.862
36.33,-78.70,0.153,0.865
36.33,-78.69,0.153,0.867
36.33,-78.67,0.154,0.868
36.33,-78.66,0.154,0.870
36.33,-78.64,0.155,0.873
36.33,-78.63,0.155,0.873
36.34,-78.61,0.156,0.873
36.34,-78.60,0.156,0.875
36.34,-78.59,0.157,0.876
36.34,-78.57,0.157,0.879
36.34,-78.55,0.157,0.878
36.34,-78.54,0.158,0.881
36.34,-78.52,0.159,0.884
36.35,-78.51,0.159,0.882
36.35,-78.49,0.159,0.883
36.35,-78.48,0.159,0.884
36.35,-78.47,0.160,0.883
36.35,-78.45,0.160,0.884
36.36,-78.43,0.160,0.884
36.36,-78.42,0.160,0.884
36.36,-78.41,0.161,0.886
36.36,-78.39,0.161,0.886
36.36,-78.37,0.162,0.888
36.36,-78.36,0.162,0.890
36.36,-78.35,0.163,0.891
36.37,-78.33,0.163,0.892
36.37,-78.31,0.163,0.893
36.37,-78.30,0.164,0.895
36.37,-78.28,0.164,0.897
36.37,-78.27,0.165,0.898
36.38,-78.25,0.165,0.900
36.38,-78.24,0.166,0.901
36.38,-78.22,0.166,0.902
36.38,-78.21,0.166,0.902
36.38,-78.19,0.166,0.901
36.38,-78.18,0.166,0.900
36.39,-78.16,0.166,0.899
36.39,-78.15,0.166,0.897
36.39,-78.13,0.166,0.897
36.39,-78.12,0.166,0.896
36.39,-78.10,0.166,0.897
36.39,-78.08,0.167,0.899
36.39,-78.07,0.168,0.903
36.40,-78.05,0.168,0.905
36.40,-78.04,0.169,0.909
36.40,-78.02,0.170,0.911
36.40,-78.01,0.170,0.912
36.40,-77.99,0.170,0.912
36.41,-77.98,0.171,0.913
36.41,-77.96,0.171,0.912
36.41,-77.95,0.171,0.911
36.41,-77.93,0.171,0.911
36.41,-77.92,0.171,0.910
36.41,-77.90,0.171,0.910
36.41,-77.88,0.171,0.911
36.42,-77.87,0.171,0.912
36.42,-77.85,0.172,0.912
36.42,-77.84,0.172,0.912
36.42,-77.82,0.172,0.913
36.42,-77.81,0.172,0.913
36.43,-77.79,0.172,0.913
36.43,-77.77,0.172,0.913
36.43,-77.76,0.173,0.914
36.43,-77.74,0.173,0.916
36.43,-77.73,0.173,0.918
36.43,-77.71,0.174,0.920
36.44,-77.70,0.174,0.921
36.44,-77.68,0.175,0.923
36.44,-77.66,0.175,0.924
36.44,-77.65,0.175,0.924
36.44,-77.63,0.175,0.924
36.44,-77.62,0.175,0.924
36.44,-77.60,0.175,0.923
36.45,-77.59,0.175,0.923
36.45,-77.57,0.175,0.923
36.45,-77.55,0.176,0.923
36.45,-77.54,0.176,0.924
36.45,-77.52,0.176,0.924
36.46,-77.51,0.176,0.924
36.46,-77.49,0.176,0.925
36.46,-77.48,0.177,0.925
36.46,-77.46,0.177,0.927
36.46,-77.44,0.177,0.927
36.46,-77.43,0.177,0.928
36.46,-77.41,0.177,0.928
36.47,-77.40,0.177,0.928
36.47,-77.38,0.177,0.927
36.47,-77.37,0.177,0.927
36.47,-77.35,0.177,0.927
36.47,-77.33,0.177,0.927
36.48,-77.32,0.178,0.926
36.48,-77.30,0.178,0.927
36.48,-77.29,0.178,0.928
36.48,-77.27,0.179,0.930
36.48,-77.25,0.179,0.932
36.48,-77.24,0.179,0.934
36.49,-77.22,0.179,0.934
36.49,-77.21,0.180,0.934
36.49,-77.19,0.180,0.934
36.49,-77.18,0.180,0.934
36.49,-77.16,0.180,0.934
36.49,-77.14,0.180,0.934
36.49,-77.13,0.180,0.934
36.50,-77.11,0.180,0.934
36.50,-77.10,0.180,0.934
36.50,-77.08,0.180,0.934
36.50,-77.06,0.180,0.934
36.50,-77.05,0.180,0.935
36.51,-77.03,0.181,0.936
36.51,-77.01,0.181,0.938
36.51,-77.00,0.181,0.939
36.51,-76.98,0.182,0.940
36.51,-76.97,0.182,0.940
36.51,-76.95,0.182,0.940
36.51,-76.93,0.182,0.940
36.52,-76.92,0.182,0.940
36.52,-76.90,0.182,0.940
36.52,-76.89,0.182,0.940
36.52,-76.87,0.182,0.940
36.52,-76.85,0.182,0.940
36.53,-76.84,0.182,0.940
36.53,-76.82,0.182,0.940
36.53,-76.81,0.182,0.941
36.53,-76.79,0.182,0.941
36.53,-76.77,0.182,0.941
36.53,-76.76,0.182,0.941
36.54,-76.74,0.182,0.941
36.54,-76.73,0.183,0.941
36.54,-76.71,0.183,0.940
36.54,-76.69,0.183,0.940
36.54,-76.68,0.183,0.940
36.54,-76.66,0.183,0.940
36.54,-76.65,0.183,0.940
36.55,-76.63,0.183,0.939
36.55,-76.61,0.183,0.940
36.55,-76.60,0.183,0.940
36.55,-76.58,0.183,0.941
36.55,-76.56,0.183,0.941
36.56,-76.55,0.183,0.942
36.56,-76.53,0.183,0.943
36.56,-76.52,0.184,0.943
36.56,-76.50,0.184,0.943
36.56,-76.49,0.184,0.943
36.56,-76.47,0.184,0.943
36.56,-76.45,0.184,0.943
36.57,-76.44,0.184,0.943
36.57,-76.42,0.184,0.943
36.57,-76.40,0.184,0.943
36.57,-76.39,0.184,0.942
36.57,-76.37,0.184,0.942
36.58,-76.36,0.184,0.942
36.58,-76.34,0.184,0.942
36.58,-76.32,0.184,0.943
36.58,-76.31,0.184,0.943
36.58,-76.29,0.184,0.944
36.58,-76.27,0.184,0.944
36.59,-76.26,0.184,0.944
36.59,-76.24,0.184,0.945
36.59,-76.23,0.184,0.945
36.59,-76.21,0.185,0.945
36.59,-76.19,0.185,0.945
36.59,-76.18,0.185,0.945
36.59,-76.16,0.185,0.945
36.60,-76.15,0.185,0.946
36.60,-76.13,0.185,0.946
36.60,-76.11,0.185,0.947
36.60,-76.10,0.185,0.948
36.60,-76.08,0.186,0.948
36.61,-76.06,0.186,0.949
36.61,-76.05,0.186,0.949
36.61,-76.03,0.186,0.949
36.61,-76.02,0.186,0.949
36.61,-76.00,0.186,0.949
36.61,-75.98,0.186,0.949
36.61,-75.97,0.186,0.950
36.62,-75.95,0.186,0.950
36.62,-75.94,0.186,0.950
36.62,-75.92,0.186,0.950
36.62,-75.90,0.186,0.950
36.62,-75.89,0.186,0.950
36.63,-75.87,0.186,0.950
36.63,-75.85,0.186,0.950
36.63,-75.84,0.186,0.950
36.63,-75.82,0.186,0.950
36.63,-75.80,0.186,0.949
36.63,-75.79,0.186,0.949
36.64,-75.77,0.186,0.949
36.64,-75.75,0.186,0.949
36.64,-75.74,0.186,0.949
36.64,-75.72,0.186,0.949
36.64,-75.71,0.186,0.950
36.64,-75.69,0.187,0.950
36.64,-75.67,0.187,0.950
36.65,-75.66,0.187,0.951
36.65,-75.64,0.187,0.951
36.65,-75.62,0.187,0.951
36.65,-75.61,0.187,0.952
36.65,-75.59,0.187,0.952
36.66,-75.57,0.187,0.952
36.66,-75.56,0.187,0.952
36.66,-75.54,0.187,0.952
36.66,-75.53,0.187,0.952
36.66,-75.51,0.187,0.952
36.66,-75.49,0.187,0.952
36.66,-75.48,0.187,0.951
36.67,-75.46,0.187,0.951
36.67,-75.44,0.187,0.951
36.67,-75.43,0.187,0.951
36.67,-75.41,0.187,0.951
36.67,-75.39,0.187,0.951
36.68,-75.38,0.187,0.951
36.68,-75.36,0.187,0.952
36.68,-75.35,0.187,0.952
36.68,-75.33,0.187,0.952
36.68,-75.31,0.187,0.953
36.68,-75.30,0.187,0.953
36.69,-75.28,0.187,0.954
36.69,-75.27,0.188,0.954
36.69,-75.25,0.188,0.954
36.69,-75.23,0.188,0.954
36.69,-75.22,0.188,0.954
36.69,-75.20,0.188,0.954
36.69,-75.18,0.188,0.954
36.70,-75.17,0.188,0.954
36.70,-75.15,0.188,0.954
36.70,-75.13,0.188,0.954
36.70,-75.12,0.188,0.954
36.70,-75.10,0.188,0.954
36.71,-75.08,0.188,0.954
36.71,-75.07,0.188,0.954
36.71,-75.05,0.188,0.954
36.71,-75.04,0.188,0.954
36.71,-75.02,0.188,0.954
36.71,-75.00,0.188,0.954
36.71,-74.99,0.188,0.954
36.72,-74.97,0.188,0.954
36.72,-74.95,0.188,0.954
36.72,-74.94,0.188,0.954
36.72,-74.92,0.188,0.954
36.72,-74.90,0.188,0.954
36.73,-74.89,0.188,0.954
36.73,-74.87,0.188,0.954
36.73,-74.86,0.188,0.954
36.73,-74.84,0.188,0.954
36.73,-74.82,0.188,0.955
36.73,-74.80,0.188,0.955
36.74,-74.79,0.188,0.955
36.74,-74.77,0.188,0.955
36.74,-74.76,0.188,0.955
36.74,-74.74,0.188,0.956
36.74,-74.72,0.188,0.956
36.74,-74.71,0.188,0.956
36.74,-74.69,0.188,0.956
36.75,-74.67,0.188,0.956
36.75,-74.66,0.188,0.956
36.75,-74.64,0.188,0.956
36.75,-74.63,0.188,0.956
36.75,-74.61,0.188,0.957
36.76,-74.59,0.188,0.957
36.76,-74.58,0.189,0.957
36.76,-74.56,0.189,0.957
36.76,-74.54,0.189,0.957
36.76,-74.53,0.189,0.957
36.76,-74.51,0.189,0.957
36.76,-74.49,0.189,0.957
36.77,-74.48,0.189,0.957
36.77,-74.46,0.189,0.957
36.77,-74.44,0.189,0.957
36.77,-74.43,0.189,0.957
36.77,-74.41,0.189,0.957
36.78,-74.39,0.189,0.957
36.78,-74.38,0.189,0.957
36.78,-74.36,0.189,0.958
36.78,-74.35,0.189,0.958
36.78,-74.33,0.189,0.958
36.78,-74.31,0.189,0.958
36.79,-74.30,0.189,0.958
36.79,-74.28,0.189,0.958
36.79,-74.26,0.189,0.958
36.79,-74.25,0.189,0.958
36.79,-74.23,0.189,0.958
36.79,-74.21,0.189,0.958
36.79,-74.20,0.189,0.958
36.80,-74.18,0.189,0.958
36.80,-74.17,0.189,0.958
36.80,-74.15,0.189,0.958
36.80,-74.13,0.189,0.958
36.80,-74.12,0.189,0.958
36.81,-74.10,0.189,0.958
36.81,-74.08,0.189,0.958
36.81,-74.07,0.189,0.958
36.81,-74.05,0.189,0.958
36.81,-74.04,0.189,0.958
36.81,-74.02,0.189,0.959
36.81,-74.00,0.189,0.959
36.82,-73.98,0.189,0.959
36.82,-73.97,0.189,0.959
36.82,-73.95,0.189,0.959
36.82,-73.93,0.189,0.959
36.82,-73.92,0.189,0.959
36.83,-73.90,0.189,0.959
36.83,-73.88,0.189,0.959
36.83,-73.87,0.189,0.959
36.83,-73.85,0.189,0.959
36.83,-73.83,0.189,0.959
36.83,-73.82,0.189,0.960
36.84,-73.80,0.189,0.960
36.84,-73.79,0.189,0.960
36.84,-73.77,0.189,0.960
36.84,-73.75,0.189,0.960
36.84,-73.74,0.189,0.960
36.84,-73.72,0.189,0.960
36.84,-73.70,0.189,0.960
36.85,-73.69,0.189,0.960
36.85,-73.67,0.189,0.960
36.85,-73.65,0.189,0.961
36.85,-73.64,0.189,0.961
36.85,-73.62,0.190,0.961
36.86,-73.60,0.190,0.961
36.86,-73.59,0.190,0.961
36.86,-73.57,0.190,0.961
36.86,-73.56,0.190,0.962
36.86,-73.54,0.190,0.962
36.86,-73.52,0.190,0.962
36.86,-73.51,0.190,0.962
36.87,-73.49,0.190,0.962
36.87,-73.47,0.190,0.963
36.87,-73.46,0.190,0.963
36.87,-73.44,0.190,0.963
36.87,-73.42,0.190,0.963
36.88,-73.41,0.190,0.963
36.88,-73.39,0.190,0.963
36.88,-73.37,0.190,0.963
36.88,-73.36,0.190,0.963
36.88,-73.34,0.190,0.963
36.88,-73.32,0.190,0.963
36.89,-73.31,0.190,0.963
36.89,-73.29,0.190,0.964
36.89,-73.28,0.190,0.964
36.89,-73.26,0.190,0.964
36.89,-73.24,0.190,0.964
36.89,-73.22,0.190,0.964
36.89,-73.21,0.190,0.964
36.90,-73.19,0.190,0.964
36.90,-73.18,0.190,0.964
36.90,-73.16,0.190,0.964
36.90,-73.14,0.190,0.964
36.90,-73.13,0.190,0.964
36.91,-73.11,0.190,0.964
36.91,-73.09,0.190,0.964
36.91,-73.08,0.190,0.964
36.91,-73.06,0.190,0.964
36.91,-73.04,0.190,0.964
36.91,-73.03,0.190,0.964
36.91,-73.01,0.190,0.964
36.92,-72.99,0.190,0.964
36.92,-72.98,0.190,0.965
36.92,-72.96,0.190,0.965
36.92,-72.94,0.190,0.965
36.92,-72.93,0.190,0.966
36.93,-72.91,0.190,0.966
36.93,-72.90,0.190,0.966
36.93,-72.88,0.190,0.966
36.93,-72.86,0.190,0.966
36.93,-72.84,0.190,0.966
36.93,-72.83,0.190,0.966
36.94,-72.81,0.190,0.966
36.94,-72.79,0.190,0.966
36.94,-72.78,0.190,0.966
36.94,-72.76,0.190,0.966
36.94,-72.74,0.190,0.966
36.94,-72.73,0.190,0.966
36.94,-72.71,0.191,0.966
36.95,-72.69,0.191,0.966
36.95,-72.68,0.191,0.966
36.95,-72.66,0.191,0.966
36.95,-72.65,0.191,0.966
36.95,-72.63,0.191,0.966
36.96,-72.61,0.191,0.966
36.96,-72.60,0.191,0.967
36.96,-72.58,0.191,0.967
36.96,-72.56,0.191,0.967
36.96,-72.55,0.191,0.967
36.96,-72.53,0.191,0.967
36.96,-72.51,0.191,0.968
36.97,-72.50,0.191,0.968
36.97,-72.48,0.191,0.968
36.97,-72.47,0.191,0.968
36.97,-72.45,0.191,0.968
36.97,-72.43,0.191,0.968
36.98,-72.42,0.191,0.968
36.98,-72.40,0.191,0.968
36.98,-72.38,0.191,0.968
36.98,-72.37,0.191,0.968
36.98,-72.35,0.191,0.969
36.98,-72.33,0.191,0.969
36.99,-72.32,0.191,0.969
36.99,-72.30,0.191,0.969
36.99,-72.28,0.191,0.969
36.99,-72.27,0.191,0.969
36.99,-72.25,0.191,0.969
36.99,-72.23,0.191,0.969
36.99,-72.22,0.191,0.969
37.00,-72.20,0.191,0.969
37.00,-72.18,0.191,0.969
37.00,-72.17,0.191,0.969
37.00,-72.15,0.191,0.969
37.00,-72.13,0.191,0.969
37.01,-72.12,0.191,0.970
37.01,-72.10,0.191,0.970
37.01,-72.08,0.191,0.970
37.01,-72.07,0.191,0.970
37.01,-72.05,0.191,0.970
37.01,-72.03,0.191,0.970
37.01,-72.02,0.191,0.971
37.02,-72.00,0.191,0.971
37.02,-71.99,0.191,0.971
37.02,-71.97,0.191,0.971
37.02,-71.95,0.191,0.971
37.02,-71.94,0.191,0.971
37.03,-71.92,0.191,0.971
37.03,-71.90,0.191,0.971
37.03,-71.89,0.191,0.971
37.03,-71.87,0.191,0.971
37.03,-71.85,0.191,0.971
37.03,-71.84,0.191,0.972
37.04,-71.82,0.191,0.972
37.04,-71.80,0.191,0.972
37.04,-71.79,0.191,0.972
37.04,-71.77,0.191,0.972
37.04,-71.75,0.191,0.973
37.04,-71.74,0.191,0.973
37.04,-71.72,0.191,0.973
37.05,-71.70,0.191,0.973
37.05,-71.69,0.191,0.973
37.05,-71.67,0.191,0.973
37.05,-71.65,0.192,0.973
37.05,-71.64,0.192,0.973
37.06,-71.62,0.192,0.973
37.06,-71.60,0.192,0.973
37.06,-71.59,0.192,0.973
37.06,-71.57,0.192,0.973
37.06,-71.56,0.192,0.973
37.06,-71.54,0.192,0.974
37.06,-71.52,0.192,0.973
37.07,-71.51,0.192,0.973
37.07,-71.49,0.192,0.973
37.07,-71.47,0.192,0.973
37.07,-71.46,0.192,0.973
37.07,-71.44,0.192,0.974
37.08,-71.42,0.192,0.974
37.08,-71.41,0.192,0.974
37.08,-71.39,0.192,0.974
37.08,-71.37,0.192,0.974
37.08,-71.36,0.192,0.974
37.08,-71.34,0.192,0.974
37.09,-71.32,0.192,0.974
37.09,-71.31,0.192,0.974
37.09,-71.29,0.192,0.975
37.09,-71.27,0.192,0.975
37.09,-71.26,0.192,0.975
37.09,-71.24,0.192,0.975
37.09,-71.22,0.192,0.975
37.10,-71.21,0.192,0.975
37.10,-71.19,0.192,0.975
37.10,-71.17,0.192,0.975
37.10,-71.16,0.192,0.975
37.10,-71.14,0.192,0.975
37.11,-71.12,0.192,0.975
37.11,-71.11,0.192,0.975
37.11,-71.09,0.192,0.976
37.11,-71.07,0.192,0.976
37.11,-71.06,0.192,0.976
37.11,-71.04,0.192,0.976
37.11,-71.02,0.192,0.976
37.12,-71.01,0.192,0.976
37.12,-70.99,0.192,0.976
37.12,-70.98,0.192,0.976
37.12,-70.96,0.192,0.976
37.12,-70.94,0.192,0.976
37.13,-70.92,0.192,0.977
37.13,-70.91,0.192,0.977
37.13,-70.89,0.192,0.977
37.13,-70.88,0.192,0.977
37.13,-70.86,0.192,0.977
37.13,-70.84,0.192,0.978
37.14,-70.82,0.192,0.978
37.14,-70.81,0.192,0.978
37.14,-70.79,0.192,0.978
37.14,-70.78,0.192,0.978
37.14,-70.76,0.192,0.978
37.14,-70.74,0.192,0.978
37.14,-70.73,0.192,0.978
37.15,-70.71,0.192,0.978
37.15,-70.69,0.192,0.979
37.15,-70.68,0.192,0.979
37.15,-70.66,0.192,0.979
37.15,-70.64,0.192,0.979
37.16,-70.63,0.192,0.979
37.16,-70.61,0.192,0.979
37.16,-70.60,0.192,0.979
37.16,-70.58,0.192,0.979
37.16,-70.56,0.192,0.979
37.16,-70.54,0.193,0.979
37.16,-70.53,0.193,0.979
37.17,-70.51,0.193,0.979
37.17,-70.49,0.193,0.979
37.17,-70.48,0.193,0.979
37.17,-70.46,0.193,0.979
37.17,-70.44,0.193,0.979
37.18,-70.43,0.193,0.979
37.18,-70.41,0.193,0.980
37.18,-70.40,0.193,0.980
37.18,-70.38,0.193,0.980
37.18,-70.36,0.193,0.980
37.18,-70.35,0.193,0.980
37.19,-70.33,0.193,0.980
37.19,-70.31,0.193,0.980
37.19,-70.29,0.193,0.981
37.19,-70.28,0.193,0.981
37.19,-70.26,0.193,0.981
37.19,-70.25,0.193,0.981
37.19,-70.23,0.193,0.980
37.20,-70.21,0.193,0.981
37.20,-70.20,0.193,0.981
37.20,-70.18,0.193,0.981
37.20,-70.16,0.193,0.981
37.20,-70.15,0.193,0.981
37.21,-70.13,0.193,0.982
37.21,-70.11,0.193,0.982
37.21,-70.10,0.193,0.982
37.21,-70.08,0.193,0.982
37.21,-70.06,0.193,0.982
37.21,-70.05,0.193,0.982
37.21,-70.03,0.193,0.982
37.22,-70.01,0.193,0.982
37.22,-70.00,0.193,0.982
37.22,-69.98,0.193,0.982
37.22,-69.96,0.193,0.982
37.22,-69.95,0.193,0.982
37.23,-69.93,0.193,0.982
37.23,-69.91,0.193,0.982
37.23,-69.90,0.193,0.982
37.23,-69.88,0.193,0.983
37.23,-69.87,0.193,0.983
37.23,-69.85,0.193,0.983
37.24,-69.83,0.193,0.983
37.24,-69.81,0.193,0.983
37.24,-69.80,0.193,0.983
37.24,-69.78,0.193,0.983
37.24,-69.76,0.193,0.983
37.24,-69.75,0.193,0.983
37.24,-69.73,0.193,0.983
37.25,-69.71,0.193,0.984
37.25,-69.70,0.193,0.984
37.25,-69.68,0.193,0.984
37.25,-69.66,0.193,0.984
37.25,-69.65,0.193,0.984
37.26,-69.63,0.193,0.984
37.26,-69.61,0.193,0.984
37.26,-69.60,0.193,0.984
37.26,-69.58,0.193,0.984
37.26,-69.56,0.193,0.984
37.26,-69.55,0.193,0.985
37.26,-69.53,0.193,0.985
37.27,-69.52,0.193,0.985
37.27,-69.50,0.193,0.986
37.27,-69.48,0.193,0.986
37.27,-69.47,0.193,0.986
37.27,-69.45,0.193,0.986
37.28,-69.43,0.194,0.986
37.28,-69.42,0.194,0.986
37.28,-69.40,0.194,0.985
37.28,-69.38,0.194,0.985
37.28,-69.37,0.194,0.985
37.28,-69.35,0.194,0.985
37.29,-69.33,0.194,0.985
37.29,-69.32,0.194,0.985
37.29,-69.30,0.194,0.986
37.29,-69.28,0.194,0.986
37.29,-69.27,0.194,0.986
37.29,-69.25,0.194,0.986
37.29,-69.23,0.194,0.987
37.30,-69.22,0.194,0.988
37.30,-69.20,0.194,0.988
37.30,-69.18,0.194,0.989
37.30,-69.17,0.194,0.989
37.30,-69.15,0.194,0.989
37.31,-69.13,0.194,0.989
37.31,-69.12,0.194,0.989
37.31,-69.10,0.194,0.989
37.31,-69.08,0.194,0.989
37.31,-69.07,0.194,0.989
37.31,-69.05,0.194,0.989
37.31,-69.03,0.194,0.989
37.32,-69.02,0.194,0.989
37.32,-69.00,0.194,0.989
37.32,-68.98,0.194,0.989
37.32,-68.97,0.194,0.989
37.32,-68.95,0.194,0.989
37.33,-68.93,0.194,0.989
37.33,-68.92,0.194,0.989
37.33,-68.90,0.194,0.989
37.33,-68.88,0.194,0.989
37.33,-68.87,0.194,0.989
37.33,-68.85,0.194,0.989
37.34,-68.83,0.194,0.989
37.34,-68.82,0.194,0.989
37.34,-68.80,0.194,0.989
37.34,-68.78,0.194,0.990
37.34,-68.77,0.194,0.990
37.34,-68.75,0.194,0.990
37.34,-68.73,0.194,0.990
37.35,-68.72,0.194,0.991
37.35,-68.70,0.194,0.991
37.35,-68.68,0.194,0.991
37.35,-68.67,0.194,0.991
37.35,-68.65,0.194,0.991
37.36,-68.63,0.194,0.991
37.36,-68.62,0.194,0.991
37.36,-68.60,0.194,0.992
37.36,-68.58,0.195,0.992
37.36,-68.57,0.195,0.992
37.36,-68.55,0.195,0.992
37.36,-68.54,0.195,0.992
37.37,-68.52,0.195,0.992
37.37,-68.50,0.195,0.992
37.37,-68.49,0.195,0.992
37.37,-68.47,0.195,0.992
37.37,-68.45,0.195,0.992
37.38,-68.43,0.195,0.992
37.38,-68.42,0.195,0.992
37.38,-68.40,0.195,0.992
37.38,-68.38,0.195,0.992
37.38,-68.37,0.195,0.992
37.38,-68.35,0.195,0.992
37.39,-68.34,0.195,0.992
37.39,-68.32,0.195,0.993
37.39,-68.30,0.195,0.993
37.39,-68.29,0.195,0.993
37.39,-68.27,0.195,0.993
37.39,-68.25,0.195,0.993
37.39,-68.24,0.195,0.993
37.40,-68.22,0.195,0.993
37.40,-68.20,0.195,0.993
37.40,-68.19,0.195,0.994
37.40,-68.17,0.195,0.994
37.40,-68.15,0.195,0.994
37.41,-68.14,0.195,0.994
37.41,-68.12,0.195,0.994
37.41,-68.10,0.195,0.995
37.41,-68.09,0.195,0.995
37.41,-68.07,0.195,0.995
37.41,-68.05,0.195,0.995
37.41,-68.03,0.195,0.995
37.42,-68.02,0.195,0.995
37.42,-68.00,0.195,0.995
37.42,-67.99,0.195,0.995
37.42,-67.97,0.195,0.995
37.42,-67.95,0.195,0.995
37.43,-67.94,0.195,0.995
37.43,-67.92,0.195,0.995
37.43,-67.90,0.195,0.995
37.43,-67.89,0.195,0.995
37.43,-67.87,0.195,0.995
37.43,-67.85,0.195,0.995
37.44,-67.84,0.195,0.995
37.44,-67.82,0.195,0.995
37.44,-67.80,0.195,0.995
37.44,-67.79,0.195,0.996
37.44,-67.77,0.195,0.996
37.44,-67.75,0.195,0.996
37.44,-67.74,0.195,0.996
37.45,-67.72,0.195,0.996
37.45,-67.70,0.195,0.996
37.45,-67.69,0.195,0.996
37.45,-67.67,0.195,0.997
37.45,-67.65,0.195,0.997
37.46,-67.64,0.195,0.997
37.46,-67.62,0.195,0.997
37.46,-67.60,0.195,0.997
37.46,-67.59,0.195,0.997
37.46,-67.57,0.195,0.997
37.46,-67.55,0.195,0.997
37.46,-67.54,0.195,0.997
37.47,-67.52,0.195,0.997
37.47,-67.50,0.195,0.997
37.47,-67.49,0.195,0.997
37.47,-67.47,0.195,0.997
37.47,-67.45,0.195,0.997
37.48,-67.44,0.195,0.997
37.48,-67.42,0.195,0.997
37.48,-67.40,0.195,0.997
37.48,-67.39,0.195,0.997
37.48,-67.37,0.195,0.998
37.48,-67.35,0.195,0.998
37.49,-67.34,0.195,0.998
37.49,-67.32,0.195,0.998
37.49,-67.30,0.195,0.998
37.49,-67.29,0.195,0.998
37.49,-67.27,0.195,0.998
37.49,-67.26,0.195,0.998
37.49,-67.24,0.195,0.999
37.50,-67.22,0.195,0.999
37.50,-67.20,0.196,0.999
37.50,-67.19,0.196,0.999
37.50,-67.17,0.196,0.999
37.50,-67.15,0.196,0.999
37.51,-67.14,0.196,0.999
37.51,-67.12,0.196,0.999
37.51,-67.11,0.196,0.999
37.51,-67.09,0.196,0.999
37.51,-67.07,0.196,1.000
37.51,-67.06,0.196,1.000
37.51,-67.04,0.196,1.000
37.52,-67.02,0.196,1.000
37.52,-67.00,0.196,1.000
37.52,-66.99,0.196,1.000
37.52,-66.97,0.196,1.000
37.52,-66.96,0.196,1.000
37.53,-66.94,0.196,1.000
37.53,-66.92,0.196,1.000
37.53,-66.90,0.196,1.000
37.53,-66.89,0.196,1.000
37.53,-66.87,0.196,1.000
37.53,-66.86,0.196,1.001
37.54,-66.84,0.196,1.001
37.54,-66.82,0.196,1.001
37.54,-66.80,0.196,1.001
37.54,-66.79,0.196,1.001
37.54,-66.77,0.196,1.001
37.54,-66.76,0.196,1.001
37.54,-66.74,0.196,1.001
37.55,-66.72,0.196,1.001
37.55,-66.71,0.196,1.001
37.55,-66.69,0.196,1.001
37.55,-66.67,0.196,1.001
37.55,-66.66,0.196,1.001
37.56,-66.64,0.196,1.002
37.56,-66.62,0.196,1.002
37.56,-66.61,0.196,1.002
37.56,-66.59,0.196,1.002
37.56,-66.57,0.196,1.002
37.56,-66.56,0.196,1.002
37.56,-66.54,0.196,1.002
37.57,-66.52,0.196,1.003
37.57,-66.51,0.196,1.003
37.57,-66.49,0.196,1.003
37.57,-66.47,0.196,1.003
37.57,-66.46,0.196,1.003
37.58,-66.44,0.196,1.003
37.58,-66.42,0.196,1.003
37.58,-66.41,0.196,1.004
37.58,-66.39,0.196,1.004
37.58,-66.37,0.196,1.004
37.58,-66.36,0.196,1.004
37.59,-66.34,0.196,1.004
37.59,-66.32,0.196,1.004
37.59,-66.31,0.196,1.004
37.59,-66.29,0.196,1.004
37.59,-66.27,0.196,1.004
37.59,-66.26,0.196,1.004
37.59,-66.24,0.196,1.004
37.60,-66.22,0.196,1.004
37.60,-66.21,0.196,1.004
37.60,-66.19,0.196,1.004
37.60,-66.17,0.196,1.004
37.60,-66.16,0.196,1.004
37.61,-66.14,0.196,1.005
37.61,-66.12,0.196,1.005
37.61,-66.11,0.196,1.005
37.61,-66.09,0.196,1.005
37.61,-66.07,0.196,1.005
37.61,-66.06,0.196,1.005
37.61,-66.04,0.196,1.005
37.62,-66.03,0.196,1.005
37.62,-66.01,0.196,1.005
37.62,-65.99,0.196,1.005
37.62,-65.98,0.196,1.005
37.62,-65.96,0.196,1.006
37.63,-65.94,0.196,1.006
37.63,-65.92,0.196,1.006
37.63,-65.91,0.196,1.006
37.63,-65.89,0.197,1.006
37.63,-65.87,0.197,1.007
37.63,-65.86,0.197,1.007
37.64,-65.84,0.197,1.007
37.64,-65.82,0.197,1.007
37.64,-65.81,0.197,1.007
37.64,-65.79,0.197,1.007
37.64,-65.78,0.197,1.007
37.64,-65.76,0.197,1.007
37.64,-65.74,0.197,1.007
37.65,-65.73,0.197,1.007
37.65,-65.71,0.197,1.007
37.65,-65.69,0.197,1.007
37.65,-65.68,0.197,1.007
37.65,-65.66,0.197,1.007
37.66,-65.64,0.197,1.007
37.66,-65.63,0.197,1.007
37.66,-65.61,0.197,1.007
37.66,-65.59,0.197,1.007
37.66,-65.58,0.197,1.007
37.66,-65.56,0.197,1.007
37.66,-65.54,0.197,1.007
37.67,-65.53,0.197,1.007
37.67,-65.51,0.197,1.008
37.67,-65.49,0.197,1.008
37.67,-65.48,0.197,1.008
37.67,-65.46,0.197,1.008
37.68,-65.44,0.197,1.009
37.68,-65.43,0.197,1.009
37.68,-65.41,0.197,1.009
37.68,-65.39,0.197,1.009
37.68,-65.38,0.197,1.009
37.68,-65.36,0.197,1.009
37.69,-65.34,0.197,1.009
37.69,-65.33,0.197,1.009
37.69,-65.31,0.197,1.009
37.69,-65.29,0.197,1.009
37.69,-65.28,0.197,1.009
37.69,-65.26,0.197,1.009
37.69,-65.24,0.197,1.009
37.70,-65.23,0.197,1.009
37.70,-65.21,0.197,1.009
37.70,-65.19,0.197,1.009
37.70,-65.17,0.197,1.009
37.70,-65.16,0.197,1.010
37.71,-65.14,0.197,1.010
37.71,-65.13,0.197,1.010
37.71,-65.11,0.197,1.010
37.71,-65.09,0.197,1.010
37.71,-65.08,0.197,1.011
37.71,-65.06,0.197,1.011
37.71,-65.04,0.197,1.011
37.72,-65.03,0.197,1.011
37.72,-65.01,0.197,1.011
37.72,-64.99,0.197,1.011
37.72,-64.98,0.197,1.011
37.72,-64.96,0.197,1.011
37.73,-64.94,0.197,1.011
37.73,-64.93,0.197,1.011
37.73,-64.91,0.197,1.011
37.73,-64.89,0.197,1.011
37.73,-64.88,0.197,1.012
37.73,-64.86,0.197,1.012
37.74,-64.84,0.197,1.012
37.74,-64.83,0.197,1.012
37.74,-64.81,0.197,1.012
37.74,-64.79,0.197,1.012
37.74,-64.78,0.197,1.012
37.74,-64.76,0.197,1.012
37.74,-64.74,0.197,1.012
37.75,-64.73,0.197,1.012
37.75,-64.71,0.197,1.012
37.75,-64.69,0.197,1.012
37.75,-64.68,0.197,1.012
37.75,-64.66,0.197,1.012
37.76,-64.65,0.197,1.012
37.76,-64.63,0.197,1.012
37.76,-64.61,0.197,1.012
37.76,-64.59,0.197,1.012
37.76,-64.58,0.198,1.012
37.76,-64.56,0.198,1.012
37.76,-64.54,0.198,1.013
37.77,-64.53,0.198,1.013
37.77,-64.51,0.198,1.013
37.77,-64.49,0.198,1.013
37.77,-64.48,0.198,1.013
37.77,-64.46,0.198,1.013
37.78,-64.45,0.198,1.013
37.78,-64.43,0.198,1.014
37.78,-64.41,0.198,1.014
37.78,-64.40,0.198,1.014
37.78,-64.38,0.198,1.014
37.78,-64.36,0.198,1.014
37.79,-64.35,0.198,1.014
37.79,-64.33,0.198,1.014
37.79,-64.31,0.198,1.014
37.79,-64.29,0.198,1.014
37.79,-64.28,0.198,1.014
37.79,-64.26,0.198,1.014
37.79,-64.25,0.198,1.014
37.80,-64.23,0.198,1.014
37.80,-64.21,0.198,1.014
37.80,-64.19,0.198,1.014
37.80,-64.18,0.198,1.015
37.80,-64.16,0.198,1.015
37.81,-64.14,0.198,1.015
37.81,-64.13,0.198,1.015
37.81,-64.11,0.198,1.015
37.81,-64.10,0.198,1.015
37.81,-64.08,0.198,1.015
37.81,-64.06,0.198,1.016
37.81,-64.05,0.198,1.016
37.82,-64.03,0.198,1.016
37.82,-64.01,0.198,1.016
37.82,-64.00,0.198,1.016
37.82,-63.98,0.198,1.016
37.82,-63.96,0.198,1.016
37.83,-63.95,0.198,1.016
37.83,-63.93,0.198,1.016
37.83,-63.91,0.198,1.016
37.83,-63.90,0.198,1.016
37.83,-63.88,0.198,1.016
37.83,-63.86,0.198,1.016
37.84,-63.85,0.198,1.017
37.84,-63.83,0.198,1.017
37.84,-63.81,0.198,1.017
37.84,-63.80,0.198,1.017
37.84,-63.78,0.198,1.017
37.84,-63.76,0.198,1.017
37.84,-63.75,0.198,1.017
37.85,-63.73,0.198,1.017
37.85,-63.71,0.198,1.017
37.85,-63.70,0.198,1.017
37.85,-63.68,0.198,1.018
37.85,-63.66,0.198,1.018
37.86,-63.65,0.198,1.018
37.86,-63.63,0.198,1.018
37.86,-63.61,0.198,1.019
37.86,-63.60,0.198,1.019
37.86,-63.58,0.198,1.019
37.86,-63.56,0.198,1.019
37.86,-63.55,0.198,1.019
37.87,-63.53,0.198,1.019
37.87,-63.51,0.198,1.019
37.87,-63.50,0.198,1.019
37.87,-63.48,0.198,1.019
37.87,-63.46,0.198,1.019
37.88,-63.45,0.198,1.019
37.88,-63.43,0.198,1.019
37.88,-63.41,0.198,1.019
37.88,-63.40,0.198,1.019
37.88,-63.38,0.198,1.019
37.88,-63.36,0.199,1.019
37.89,-63.35,0.199,1.019
37.89,-63.33,0.199,1.019
37.89,-63.31,0.199,1.020
37.89,-63.30,0.199,1.020
37.89,-63.28,0.199,1.020
37.89,-63.26,0.199,1.020
37.89,-63.25,0.199,1.020
37.90,-63.23,0.199,1.020
37.90,-63.21,0.199,1.020
37.90,-63.20,0.199,1.020
37.90,-63.18,0.199,1.020
37.90,-63.16,0.199,1.020
37.91,-63.15,0.199,1.020
37.91,-63.13,0.199,1.021
37.91,-63.11,0.199,1.021
37.91,-63.10,0.199,1.021
37.91,-63.08,0.199,1.021
37.91,-63.06,0.199,1.021
37.91,-63.05,0.199,1.021
37.92,-63.03,0.199,1.021
37.92,-63.02,0.199,1.021
37.92,-63.00,0.199,1.021
37.92,-62.98,0.199,1.021
37.92,-62.96,0.199,1.021
37.93,-62.95,0.199,1.021
37.93,-62.93,0.199,1.022
37.93,-62.91,0.199,1.022
37.93,-62.90,0.199,1.022
37.93,-62.88,0.199,1.022
37.93,-62.86,0.199,1.022
37.94,-62.85,0.199,1.022
37.94,-62.83,0.199,1.022
37.94,-62.82,0.199,1.022
37.94,-62.80,0.199,1.022
37.94,-62.78,0.199,1.022
37.94,-62.77,0.199,1.022
37.94,-62.75,0.199,1.022
37.95,-62.73,0.199,1.022
37.95,-62.72,0.199,1.022
37.95,-62.70,0.199,1.023
37.95,-62.68,0.199,1.023
37.95,-62.67,0.199,1.023
37.96,-62.65,0.199,1.023
37.96,-62.63,0.199,1.023
37.96,-62.62,0.199,1.023
37.96,-62.60,0.199,1.023
37.96,-62.58,0.199,1.023
37.96,-62.57,0.199,1.023
37.96,-62.55,0.199,1.023
37.97,-62.53,0.199,1.023
37.97,-62.52,0.199,1.024
37.97,-62.50,0.199,1.024
37.97,-62.48,0.199,1.024
37.97,-62.47,0.199,1.024
37.98,-62.45,0.199,1.024
37.98,-62.43,0.199,1.024
37.98,-62.42,0.199,1.024
37.98,-62.40,0.199,1.024
37.98,-62.38,0.199,1.024
37.98,-62.37,0.199,1.024
37.99,-62.35,0.199,1.024
37.99,-62.33,0.199,1.024
37.99,-62.32,0.199,1.024
37.99,-62.30,0.199,1.025
37.99,-62.28,0.199,1.025
37.99,-62.27,0.199,1.025
37.99,-62.25,0.199,1.025
38.00,-62.23,0.199,1.026
38.00,-62.22,0.199,1.026
38.00,-62.20,0.199,1.026
38.00,-62.18,0.199,1.026
38.00,-62.17,0.199,1.026
38.01,-62.15,0.199,1.027
38.01,-62.13,0.199,1.027
38.01,-62.12,0.199,1.027
38.01,-62.10,0.199,1.027
38.01,-62.08,0.200,1.027
38.01,-62.07,0.200,1.027
38.01,-62.05,0.200,1.027
38.02,-62.03,0.200,1.027
38.02,-62.02,0.200,1.027
38.02,-62.00,0.200,1.027
38.02,-61.98,0.200,1.027
38.02,-61.97,0.200,1.027
38.03,-61.95,0.200,1.027
38.03,-61.93,0.200,1.027
38.03,-61.92,0.200,1.027
38.03,-61.90,0.200,1.027
38.03,-61.88,0.200,1.027
38.03,-61.87,0.200,1.027
38.04,-61.85,0.200,1.027
38.04,-61.83,0.200,1.027
38.04,-61.82,0.200,1.027
38.04,-61.80,0.200,1.027
38.04,-61.78,0.200,1.027
38.04,-61.77,0.200,1.027
38.04,-61.75,0.200,1.027
38.05,-61.73,0.200,1.028
38.05,-61.72,0.200,1.028
38.05,-61.70,0.200,1.028
38.05,-61.68,0.200,1.028
38.05,-61.67,0.200,1.028
38.06,-61.65,0.200,1.028
38.06,-61.63,0.200,1.029
38.06,-61.62,0.200,1.029
38.06,-61.60,0.200,1.029
38.06,-61.58,0.200,1.029
38.06,-61.57,0.200,1.029
38.06,-61.55,0.200,1.029
38.07,-61.53,0.200,1.029
38.07,-61.52,0.200,1.029
38.07,-61.50,0.200,1.029
38.07,-61.48,0.200,1.029
38.07,-61.47,0.200,1.029
38.08,-61.45,0.200,1.029
38.08,-61.43,0.200,1.029
38.08,-61.42,0.200,1.029
38.08,-61.40,0.200,1.029
38.08,-61.39,0.200,1.029
38.08,-61.37,0.200,1.029
38.09,-61.35,0.200,1.030
38.09,-61.33,0.200,1.030
38.09,-61.32,0.200,1.030
38.09,-61.30,0.200,1.030
38.09,-61.28,0.200,1.030
38.09,-61.27,0.200,1.030
38.09,-61.25,0.200,1.030
38.10,-61.24,0.200,1.030
38.10,-61.22,0.200,1.030
38.10,-61.20,0.200,1.030
38.10,-61.19,0.200,1.030
38.10,-61.17,0.200,1.031
38.11,-61.15,0.200,1.031
38.11,-61.14,0.200,1.031
38.11,-61.12,0.200,1.031
38.11,-61.10,0.200,1.031
38.11,-61.09,0.200,1.031
38.11,-61.07,0.200,1.031
38.11,-61.05,0.200,1.031
38.12,-61.04,0.200,1.031
38.12,-61.02,0.200,1.031
38.12,-61.00,0.200,1.031
38.12,-60.99,0.200,1.031
38.12,-60.97,0.200,1.031
38.13,-60.95,0.200,1.032
38.13,-60.94,0.200,1.032
38.13,-60.92,0.200,1.032
38.13,-60.90,0.200,1.032
38.13,-60.89,0.200,1.032
38.13,-60.87,0.200,1.032
38.14,-60.85,0.200,1.033
38.14,-60.84,0.200,1.033
38.14,-60.82,0.200,1.033
38.14,-60.80,0.200,1.033
38.14,-60.79,0.201,1.033
38.14,-60.77,0.201,1.033
38.14,-60.75,0.201,1.033
38.15,-60.74,0.201,1.033
38.15,-60.72,0.201,1.033
38.15,-60.70,0.201,1.033
38.15,-60.68,0.201,1.033
38.15,-60.67,0.201,1.033
38.16,-60.65,0.201,1.033
38.16,-60.64,0.201,1.033
38.16,-60.62,0.201,1.033
38.16,-60.60,0.201,1.034
38.16,-60.59,0.201,1.034
38.16,-60.57,0.201,1.034
38.16,-60.55,0.201,1.034
38.17,-60.54,0.201,1.034
38.17,-60.52,0.201,1.034
38.17,-60.50,0.201,1.034
38.17,-60.49,0.201,1.034
38.17,-60.47,0.201,1.034
38.18,-60.45,0.201,1.035
38.18,-60.44,0.201,1.035
38.18,-60.42,0.201,1.035
38.18,-60.40,0.201,1.035
38.18,-60.39,0.201,1.035
38.18,-60.37,0.201,1.035
38.19,-60.35,0.201,1.035
38.19,-60.34,0.201,1.035
38.19,-60.32,0.201,1.035
38.19,-60.30,0.201,1.035
38.19,-60.29,0.201,1.035
38.19,-60.27,0.201,1.035
38.19,-60.25,0.201,1.035
38.20,-60.24,0.201,1.035
38.20,-60.22,0.201,1.035
38.20,-60.20,0.201,1.035
38.20,-60.19,0.201,1.035
38.20,-60.17,0.201,1.036
38.21,-60.15,0.201,1.036
38.21,-60.14,0.201,1.036
38.21,-60.12,0.201,1.036
38.21,-60.10,0.201,1.036
38.21,-60.09,0.201,1.036
38.21,-60.07,0.201,1.036
38.21,-60.05,0.201,1.036
38.22,-60.04,0.201,1.036
38.22,-60.02,0.201,1.036
38.22,-60.00,0.201,1.036
38.22,-59.99,0.201,1.036
38.22,-59.97,0.201,1.036
38.23,-59.95,0.201,1.036
38.23,-59.94,0.201,1.037
38.23,-59.92,0.201,1.037
38.23,-59.90,0.201,1.037
38.23,-59.89,0.201,1.037
38.23,-59.87,0.201,1.037
38.24,-59.86,0.201,1.037
38.24,-59.84,0.201,1.037
38.24,-59.82,0.201,1.037
38.24,-59.80,0.201,1.038
38.24,-59.79,0.201,1.038
38.24,-59.77,0.201,1.038
38.24,-59.75,0.201,1.038
38.25,-59.74,0.201,1.038
38.25,-59.72,0.202,1.038
38.25,-59.70,0.202,1.039
38.25,-59.69,0.202,1.039
38.25,-59.67,0.202,1.039
38.26,-59.65,0.202,1.039
38.26,-59.64,0.202,1.039
38.26,-59.62,0.202,1.039
38.26,-59.60,0.202,1.039
38.26,-59.59,0.202,1.039
38.26,-59.57,0.202,1.039
38.26,-59.55,0.202,1.039
38.27,-59.54,0.202,1.039
38.27,-59.52,0.202,1.039
38.27,-59.50,0.202,1.039
38.27,-59.49,0.202,1.039
38.27,-59.47,0.202,1.039
38.28,-59.45,0.202,1.039
38.28,-59.44,0.202,1.039
38.28,-59.42,0.202,1.040
38.28,-59.41,0.202,1.040
38.28,-59.39,0.202,1.040
38.28,-59.37,0.202,1.040
38.29,-59.35,0.202,1.040
38.29,-59.34,0.202,1.040
38.29,-59.32,0.202,1.040
38.29,-59.30,0.202,1.040
38.29,-59.29,0.202,1.040
38.29,-59.27,0.202,1.040
38.29,-59.25,0.202,1.040
38.30,-59.24,0.202,1.040
38.30,-59.22,0.202,1.040
38.30,-59.20,0.202,1.040
38.30,-59.19,0.202,1.041
38.30,-59.17,0.202,1.041
38.31,-59.16,0.202,1.041
38.31,-59.14,0.202,1.042
38.31,-59.12,0.202,1.042
38.31,-59.11,0.202,1.042
38.31,-59.09,0.202,1.042
38.31,-59.07,0.202,1.042
38.31,-59.05,0.202,1.042
38.32,-59.04,0.202,1.042
38.32,-59.02,0.202,1.042
38.32,-59.01,0.202,1.042
38.32,-58.99,0.202,1.042
38.32,-58.97,0.202,1.042
38.33,-58.95,0.202,1.042
38.33,-58.94,0.202,1.043
38.33,-58.92,0.202,1.043
38.33,-58.91,0.202,1.043
38.33,-58.89,0.202,1.043
38.33,-58.87,0.202,1.043
38.34,-58.86,0.202,1.043
38.34,-58.84,0.202,1.043
38.34,-58.82,0.202,1.043
38.34,-58.81,0.202,1.043
38.34,-58.79,0.202,1.044
38.34,-58.77,0.202,1.044
38.34,-58.75,0.202,1.044
38.35,-58.74,0.203,1.044
38.35,-58.72,0.203,1.044
38.35,-58.71,0.203,1.044
38.35,-58.69,0.203,1.044
38.35,-58.67,0.203,1.044
38.36,-58.66,0.203,1.044
38.36,-58.64,0.203,1.044
38.36,-58.62,0.203,1.044
38.36,-58.61,0.203,1.045
38.36,-58.59,0.203,1.045
38.36,-58.57,0.203,1.045
38.36,-58.56,0.203,1.045
38.37,-58.54,0.203,1.045
38.37,-58.52,0.203,1.045
38.37,-58.51,0.203,1.045
38.37,-58.49,0.203,1.045
38.37,-58.47,0.203,1.045
38.38,-58.45,0.203,1.045
38.38,-58.44,0.203,1.045
38.38,-58.42,0.203,1.045
38.38,-58.41,0.203,1.045
38.38,-58.39,0.203,1.046
38.38,-58.37,0.203,1.046
38.39,-58.36,0.203,1.046
38.39,-58.34,0.203,1.046
38.39,-58.32,0.203,1.047
38.39,-58.31,0.203,1.047
38.39,-58.29,0.203,1.047
38.39,-58.27,0.203,1.047
38.39,-58.26,0.203,1.047
38.40,-58.24,0.203,1.047
38.40,-58.22,0.203,1.047
38.40,-58.21,0.203,1.047
38.40,-58.19,0.203,1.047
38.40,-58.17,0.203,1.047
38.41,-58.16,0.203,1.048
38.41,-58.14,0.203,1.048
38.41,-58.12,0.203,1.048
38.41,-58.11,0.203,1.048
38.41,-58.09,0.203,1.048
38.41,-58.07,0.203,1.048
38.41,-58.06,0.203,1.048
38.42,-58.04,0.203,1.048
38.42,-58.02,0.203,1.049
38.42,-58.01,0.203,1.049
38.42,-57.99,0.203,1.049
38.42,-57.97,0.203,1.049
38.43,-57.96,0.203,1.049
38.43,-57.94,0.203,1.049
38.43,-57.92,0.203,1.049
38.43,-57.91,0.203,1.049
38.43,-57.89,0.203,1.049
38.43,-57.87,0.203,1.049
38.44,-57.86,0.203,1.049
38.44,-57.84,0.203,1.049
38.44,-57.82,0.203,1.049
38.44,-57.81,0.203,1.050
38.44,-57.79,0.203,1.050
38.44,-57.77,0.204,1.051
38.44,-57.76,0.204,1.052
38.45,-57.74,0.204,1.052
38.45,-57.72,0.204,1.052
38.45,-57.71,0.204,1.052
38.45,-57.69,0.204,1.052
38.45,-57.67,0.204,1.052
38.46,-57.66,0.204,1.052
38.46,-57.64,0.204,1.052
38.46,-57.62,0.204,1.052
38.46,-57.61,0.204,1.052
38.46,-57.59,0.204,1.052
38.46,-57.57,0.204,1.052
38.46,-57.56,0.204,1.052
38.47,-57.54,0.204,1.053
38.47,-57.52,0.204,1.053
38.47,-57.51,0.204,1.053
38.47,-57.49,0.204,1.054
38.47,-57.47,0.204,1.054
38.48,-57.46,0.204,1.054
38.48,-57.44,0.204,1.054
38.48,-57.42,0.204,1.054
38.48,-57.41,0.204,1.054
38.48,-57.39,0.204,1.054
38.48,-57.37,0.204,1.054
38.49,-57.36,0.204,1.054
38.49,-57.34,0.204,1.054
38.49,-57.32,0.204,1.054
38.49,-57.31,0.204,1.054
38.49,-57.29,0.204,1.054
38.49,-57.27,0.204,1.054
38.49,-57.26,0.204,1.054
38.50,-57.24,0.204,1.054
38.50,-57.22,0.204,1.054
38.50,-57.21,0.204,1.055
38.50,-57.19,0.204,1.055
38.50,-57.17,0.204,1.055
38.51,-57.16,0.204,1.055
38.51,-57.14,0.204,1.055
38.51,-57.12,0.204,1.055
38.51,-57.11,0.204,1.055
38.51,-57.09,0.204,1.055
38.51,-57.07,0.204,1.055
38.51,-57.06,0.204,1.055
38.52,-57.04,0.205,1.056
38.52,-57.02,0.205,1.056
38.52,-57.01,0.205,1.056
38.52,-56.99,0.205,1.056
38.52,-56.97,0.205,1.056
38.53,-56.96,0.205,1.056
38.53,-56.94,0.205,1.056
38.53,-56.92,0.205,1.056
38.53,-56.91,0.205,1.056
38.53,-56.89,0.205,1.056
38.53,-56.87,0.205,1.056
38.54,-56.86,0.205,1.057
38.54,-56.84,0.205,1.057
38.54,-56.82,0.205,1.057
38.54,-56.81,0.205,1.057
38.54,-56.79,0.205,1.057
38.54,-56.77,0.205,1.057
38.54,-56.76,0.205,1.057
38.55,-56.74,0.205,1.057
38.55,-56.72,0.205,1.057
38.55,-56.71,0.205,1.058
38.55,-56.69,0.205,1.058
38.55,-56.67,0.205,1.058
38.56,-56.66,0.205,1.058
38.56,-56.64,0.205,1.058
38.56,-56.62,0.205,1.058
38.56,-56.61,0.205,1.058
38.56,-56.59,0.205,1.058
38.56,-56.57,0.205,1.058
38.56,-56.56,0.205,1.058
38.57,-56.54,0.205,1.058
38.57,-56.52,0.205,1.058
38.57,-56.51,0.205,1.059
38.57,-56.49,0.205,1.059
38.57,-56.48,0.205,1.059
38.58,-56.46,0.205,1.059
38.58,-56.44,0.205,1.059
38.58,-56.42,0.205,1.059
38.58,-56.41,0.205,1.060
38.58,-56.39,0.205,1.060
38.58,-56.37,0.205,1.060
38.59,-56.36,0.205,1.060
38.59,-56.34,0.205,1.060
38.59,-56.32,0.205,1.060
38.59,-56.31,0.205,1.060
38.59,-56.29,0.205,1.060
38.59,-56.27,0.205,1.060
38.59,-56.26,0.205,1.060
38.60,-56.24,0.205,1.060
38.60,-56.22,0.205,1.061
38.60,-56.21,0.206,1.061
38.60,-56.19,0.206,1.061
38.60,-56.17,0.206,1.061
38.61,-56.16,0.206,1.061
38.61,-56.14,0.206,1.061
38.61,-56.12,0.206,1.061
38.61,-56.11,0.206,1.061
38.61,-56.09,0.206,1.061
38.61,-56.07,0.206,1.061
38.61,-56.06,0.206,1.061
38.62,-56.04,0.206,1.062
38.62,-56.03,0.206,1.062
38.62,-56.01,0.206,1.062
38.62,-55.99,0.206,1.062
38.62,-55.97,0.206,1.062
38.63,-55.96,0.206,1.062
38.63,-55.94,0.206,1.062
38.63,-55.92,0.206,1.063
38.63,-55.91,0.206,1.063
38.63,-55.89,0.206,1.063
38.63,-55.87,0.206,1.063
38.64,-55.86,0.206,1.063
38.64,-55.84,0.206,1.063
38.64,-55.82,0.206,1.063
38.64,-55.81,0.206,1.063
38.64,-55.79,0.206,1.063
38.64,-55.77,0.206,1.063
38.64,-55.76,0.206,1.063
38.65,-55.74,0.206,1.063
38.65,-55.72,0.206,1.064
38.65,-55.71,0.206,1.064
38.65,-55.69,0.206,1.065
38.65,-55.67,0.206,1.065
38.66,-55.66,0.206,1.065
38.66,-55.64,0.206,1.065
38.66,-55.62,0.206,1.066
38.66,-55.61,0.206,1.066
38.66,-55.59,0.206,1.066
38.66,-55.57,0.206,1.066
38.66,-55.56,0.206,1.066
38.67,-55.54,0.206,1.066
38.67,-55.52,0.206,1.066
38.67,-55.51,0.206,1.066
38.67,-55.49,0.206,1.066
38.67,-55.47,0.206,1.066
38.68,-55.46,0.206,1.066
38.68,-55.44,0.207,1.066
38.68,-55.43,0.207,1.066
38.68,-55.41,0.207,1.066
38.68,-55.39,0.207,1.066
38.68,-55.37,0.207,1.066
38.69,-55.36,0.207,1.066
38.69,-55.34,0.207,1.066
38.69,-55.32,0.207,1.066
38.69,-55.31,0.207,1.066
38.69,-55.29,0.207,1.066
38.69,-55.27,0.207,1.066
38.69,-55.26,0.207,1.066
38.70,-55.24,0.207,1.066
38.70,-55.22,0.207,1.067
38.70,-55.21,0.207,1.067
38.70,-55.19,0.207,1.067
38.70,-55.17,0.207,1.067
38.71,-55.16,0.207,1.067
38.71,-55.14,0.207,1.067
38.71,-55.12,0.207,1.068
38.71,-55.11,0.207,1.068
38.71,-55.09,0.207,1.068
38.71,-55.07,0.207,1.068
38.71,-55.06,0.207,1.068
38.72,-55.04,0.207,1.068
38.72,-55.02,0.207,1.068
38.72,-55.01,0.207,1.068
38.72,-54.99,0.207,1.068
38.72,-54.97,0.207,1.069
38.73,-54.96,0.207,1.069
38.73,-54.94,0.207,1.069
38.73,-54.92,0.207,1.069
38.73,-54.91,0.207,1.070
38.73,-54.89,0.207,1.070
38.73,-54.87,0.207,1.070
38.74,-54.86,0.207,1.070
38.74,-54.84,0.207,1.070
38.74,-54.82,0.207,1.070
38.74,-54.81,0.207,1.070
38.74,-54.79,0.207,1.070
38.74,-54.77,0.207,1.070
38.74,-54.76,0.207,1.070
38.75,-54.74,0.207,1.070
38.75,-54.72,0.207,1.070
38.75,-54.71,0.207,1.070
38.75,-54.69,0.207,1.071
38.75,-54.67,0.207,1.071
38.76,-54.66,0.207,1.071
38.76,-54.64,0.207,1.071
38.76,-54.62,0.208,1.071
38.76,-54.61,0.208,1.071
38.76,-54.59,0.208,1.071
38.76,-54.57,0.208,1.071
38.76,-54.56,0.208,1.072
38.77,-54.54,0.208,1.072
38.77,-54.52,0.208,1.072
38.77,-54.51,0.208,1.072
38.77,-54.49,0.208,1.072
38.77,-54.47,0.208,1.072
38.78,-54.46,0.208,1.072
38.78,-54.44,0.208,1.072
38.78,-54.42,0.208,1.073
38.78,-54.41,0.208,1.073
38.78,-54.39,0.208,1.073
38.78,-54.37,0.208,1.073
38.79,-54.36,0.208,1.074
38.79,-54.34,0.208,1.074
38.79,-54.32,0.208,1.074
38.79,-54.30,0.208,1.075
38.79,-54.29,0.208,1.075
38.79,-54.27,0.208,1.075
38.79,-54.25,0.208,1.075
38.80,-54.24,0.208,1.075
38.80,-54.22,0.208,1.076
38.80,-54.21,0.208,1.076
38.80,-54.19,0.208,1.076
38.80,-54.17,0.208,1.076
38.81,-54.15,0.208,1.076
38.81,-54.14,0.208,1.076
38.81,-54.12,0.208,1.076
38.81,-54.10,0.208,1.076
38.81,-54.09,0.208,1.076
38.81,-54.07,0.209,1.077
38.81,-54.05,0.209,1.077
38.82,-54.04,0.209,1.077
38.82,-54.02,0.209,1.077
38.82,-54.00,0.209,1.077
38.82,-53.99,0.209,1.077
38.82,-53.97,0.209,1.077
38.83,-53.95,0.209,1.077
38.83,-53.94,0.209,1.077
38.83,-53.92,0.209,1.078
38.83,-53.91,0.209,1.078
38.83,-53.89,0.209,1.078
38.83,-53.87,0.209,1.078
38.84,-53.86,0.209,1.078
38.84,-53.84,0.209,1.078
38.84,-53.82,0.209,1.078
38.84,-53.80,0.209,1.079
38.84,-53.79,0.209,1.079
38.84,-53.77,0.209,1.079
38.84,-53.76,0.209,1.079
38.85,-53.74,0.209,1.079
38.85,-53.72,0.209,1.080
38.85,-53.70,0.209,1.080
38.85,-53.69,0.209,1.080
38.85,-53.67,0.209,1.080
38.86,-53.66,0.209,1.080
38.86,-53.64,0.209,1.080
38.86,-53.62,0.209,1.080
38.86,-53.60,0.209,1.080
38.86,-53.59,0.209,1.080
38.86,-53.57,0.209,1.080
38.86,-53.55,0.209,1.081
38.87,-53.54,0.209,1.081
38.87,-53.52,0.209,1.081
38.87,-53.50,0.209,1.081
38.87,-53.49,0.209,1.081
38.87,-53.47,0.209,1.082
38.88,-53.45,0.209,1.082
38.88,-53.44,0.209,1.082
38.88,-53.42,0.209,1.082
38.88,-53.40,0.209,1.082
38.88,-53.39,0.209,1.082
38.88,-53.37,0.210,1.082
38.89,-53.35,0.210,1.082
38.89,-53.34,0.210,1.082
38.89,-53.32,0.210,1.083
38.89,-53.30,0.210,1.083
38.89,-53.29,0.210,1.083
38.89,-53.27,0.210,1.083
38.89,-53.25,0.210,1.083
38.90,-53.24,0.210,1.084
38.90,-53.22,0.210,1.084
38.90,-53.21,0.210,1.084
38.90,-53.19,0.210,1.084
38.90,-53.17,0.210,1.084
38.91,-53.15,0.210,1.084
38.91,-53.14,0.210,1.085
38.91,-53.12,0.210,1.085
38.91,-53.10,0.210,1.085
38.91,-53.09,0.210,1.085
38.91,-53.07,0.210,1.085
38.91,-53.05,0.210,1.086
38.92,-53.04,0.210,1.086
38.92,-53.02,0.210,1.086
38.92,-53.00,0.210,1.086
38.92,-52.99,0.210,1.086
38.92,-52.97,0.210,1.086
38.93,-52.95,0.210,1.086
38.93,-52.94,0.210,1.086
38.93,-52.92,0.210,1.086
38.93,-52.90,0.210,1.086
38.93,-52.89,0.210,1.086
38.93,-52.87,0.210,1.086
38.94,-52.85,0.210,1.087
38.94,-52.84,0.210,1.087
38.94,-52.82,0.210,1.087
38.94,-52.80,0.210,1.087
38.94,-52.79,0.210,1.088
38.94,-52.77,0.210,1.088
38.94,-52.75,0.210,1.088
38.95,-52.74,0.210,1.088
38.95,-52.72,0.210,1.088
38.95,-52.70,0.210,1.088
38.95,-52.69,0.210,1.088
38.95,-52.67,0.210,1.088
38.96,-52.65,0.211,1.088
38.96,-52.64,0.211,1.089
38.96,-52.62,0.211,1.089
38.96,-52.60,0.211,1.089
38.96,-52.59,0.211,1.089
38.96,-52.57,0.211,1.089
38.96,-52.55,0.211,1.089
38.97,-52.54,0.211,1.090
38.97,-52.52,0.211,1.090
38.97,-52.50,0.211,1.090
38.97,-52.49,0.211,1.090
38.97,-52.47,0.211,1.090
38.98,-52.45,0.211,1.090
38.98,-52.44,0.211,1.090
38.98,-52.42,0.211,1.091
38.98,-52.40,0.211,1.091
38.98,-52.39,0.211,1.091
38.98,-52.37,0.211,1.091
38.99,-52.35,0.211,1.091
38.99,-52.34,0.211,1.092
38.99,-52.32,0.211,1.092
38.99,-52.30,0.211,1.092
38.99,-52.29,0.211,1.092
38.99,-52.27,0.211,1.092
38.99,-52.25,0.211,1.092
39.00,-52.23,0.211,1.092
39.00,-52.22,0.211,1.092
39.00,-52.20,0.211,1.092
39.00,-52.19,0.211,1.093
39.00,-52.17,0.211,1.093
39.01,-52.15,0.211,1.093
39.01,-52.14,0.211,1.093
39.01,-52.12,0.211,1.093
39.01,-52.10,0.211,1.094
39.01,-52.09,0.211,1.094
39.01,-52.07,0.211,1.094
39.01,-52.05,0.211,1.094
39.02,-52.04,0.211,1.095
39.02,-52.02,0.212,1.095
39.02,-52.00,0.212,1.096
39.02,-51.99,0.212,1.096
39.02,-51.97,0.212,1.097
39.03,-51.95,0.212,1.097
39.03,-51.94,0.212,1.097
39.03,-51.92,0.212,1.098
39.03,-51.90,0.212,1.098
39.03,-51.89,0.212,1.098
39.03,-51.87,0.212,1.098
39.04,-51.85,0.212,1.099
39.04,-51.84,0.212,1.099
39.04,-51.82,0.212,1.099
39.04,-51.80,0.212,1.099
39.04,-51.79,0.212,1.099
39.04,-51.77,0.212,1.099
39.04,-51.75,0.212,1.099
39.05,-51.74,0.212,1.099
39.05,-51.72,0.212,1.100
39.05,-51.70,0.212,1.100
39.05,-51.69,0.213,1.100
39.05,-51.67,0.213,1.101
39.06,-51.65,0.213,1.101
39.06,-51.64,0.213,1.101
39.06,-51.62,0.213,1.101
39.06,-51.60,0.213,1.102
39.06,-51.59,0.213,1.102
39.06,-51.57,0.213,1.102
39.06,-51.55,0.213,1.102
39.07,-51.54,0.213,1.102
39.07,-51.52,0.213,1.102
39.07,-51.50,0.213,1.102
39.07,-51.49,0.213,1.102
39.07,-51.47,0.213,1.103
39.08,-51.45,0.213,1.103
39.08,-51.44,0.213,1.103
39.08,-51.42,0.213,1.103
39.08,-51.40,0.213,1.104
39.08,-51.39,0.213,1.104
39.08,-51.37,0.213,1.104
39.09,-51.35,0.213,1.105
39.09,-51.34,0.213,1.105
39.09,-51.32,0.213,1.105
39.09,-51.30,0.213,1.105
39.09,-51.29,0.213,1.106
39.09,-51.27,0.213,1.106
39.09,-51.25,0.213,1.106
39.10,-51.24,0.213,1.106
39.10,-51.22,0.213,1.106
39.10,-51.20,0.213,1.106
39.10,-51.19,0.214,1.106
39.10,-51.17,0.214,1.106
39.11,-51.15,0.214,1.107
39.11,-51.14,0.214,1.107
39.11,-51.12,0.214,1.107
39.11,-51.10,0.214,1.107
39.11,-51.09,0.214,1.107
39.11,-51.07,0.214,1.108
39.11,-51.05,0.214,1.108
39.12,-51.04,0.214,1.108
39.12,-51.02,0.214,1.108
39.12,-51.00,0.214,1.108
39.12,-50.99,0.214,1.108
39.12,-50.97,0.214,1.108
39.13,-50.95,0.214,1.108
39.13,-50.94,0.214,1.108
39.13,-50.92,0.214,1.108
39.13,-50.90,0.214,1.109
39.13,-50.89,0.214,1.109
39.13,-50.87,0.214,1.109
39.14,-50.85,0.214,1.109
39.14,-50.84,0.214,1.109
39.14,-50.82,0.214,1.109
39.14,-50.80,0.214,1.110
39.14,-50.79,0.214,1.111
39.14,-50.77,0.215,1.111
39.14,-50.75,0.215,1.112
39.15,-50.74,0.215,1.112
39.15,-50.72,0.215,1.112
39.15,-50.70,0.215,1.113
39.15,-50.69,0.215,1.113
39.15,-50.67,0.215,1.113
39.16,-50.65,0.215,1.113
39.16,-50.64,0.215,1.113
39.16,-50.62,0.215,1.113
39.16,-50.60,0.215,1.114
39.16,-50.59,0.215,1.114
39.16,-50.57,0.215,1.114
39.16,-50.55,0.215,1.115
39.17,-50.54,0.215,1.115
39.17,-50.52,0.215,1.115
39.17,-50.50,0.215,1.115
39.17,-50.48,0.215,1.116
39.17,-50.47,0.215,1.116
39.18,-50.45,0.215,1.116
39.18,-50.44,0.215,1.117
39.18,-50.42,0.216,1.118
39.18,-50.40,0.216,1.118
39.18,-50.39,0.216,1.118
39.18,-50.37,0.216,1.118
39.19,-50.35,0.216,1.118
39.19,-50.34,0.216,1.119
39.19,-50.32,0.216,1.119
39.19,-50.30,0.216,1.119
39.19,-50.29,0.216,1.119
39.19,-50.27,0.216,1.119
39.19,-50.25,0.216,1.119
39.20,-50.24,0.216,1.120
39.20,-50.22,0.216,1.120
39.20,-50.20,0.216,1.120
39.20,-50.19,0.216,1.121
39.20,-50.17,0.216,1.121
39.21,-50.15,0.216,1.122
39.21,-50.14,0.216,1.122
39.21,-50.12,0.217,1.123
39.21,-50.10,0.217,1.124
39.21,-50.09,0.217,1.124
39.21,-50.07,0.217,1.124
39.21,-50.05,0.217,1.125
39.22,-50.04,0.217,1.126
39.22,-50.02,0.217,1.126
39.22,-50.00,0.217,1.126
39.22,-49.98,0.217,1.126
39.22,-49.97,0.217,1.127
39.23,-49.95,0.217,1.127
39.23,-49.93,0.217,1.128
39.23,-49.92,0.218,1.129
39.23,-49.90,0.218,1.129
39.23,-49.88,0.218,1.129
39.23,-49.87,0.218,1.129
39.24,-49.85,0.218,1.129
39.24,-49.83,0.218,1.130
39.24,-49.82,0.218,1.130
39.24,-49.80,0.218,1.130
39.24,-49.79,0.218,1.130
39.24,-49.77,0.218,1.130
39.24,-49.75,0.218,1.130
39.25,-49.73,0.218,1.130
39.25,-49.72,0.218,1.131
39.25,-49.70,0.218,1.132
39.25,-49.68,0.218,1.133
39.25,-49.67,0.219,1.134
39.26,-49.65,0.219,1.135
39.26,-49.64,0.219,1.136
39.26,-49.62,0.219,1.136
39.26,-49.60,0.219,1.137
39.26,-49.59,0.219,1.137
39.26,-49.57,0.219,1.137
39.26,-49.55,0.219,1.138
39.27,-49.53,0.219,1.138
39.27,-49.52,0.219,1.139
39.27,-49.50,0.219,1.139
39.27,-49.49,0.219,1.139
39.27,-49.47,0.219,1.139
39.28,-49.45,0.219,1.139
39.28,-49.44,0.219,1.139
39.28,-49.42,0.220,1.140
39.28,-49.40,0.220,1.140
39.28,-49.39,0.220,1.141
39.28,-49.37,0.220,1.142
39.29,-49.35,0.220,1.143
39.29,-49.33,0.221,1.145
39.29,-49.32,0.221,1.146
39.29,-49.30,0.221,1.146
39.29,-49.28,0.221,1.147
39.29,-49.27,0.221,1.147
39.29,-49.25,0.221,1.147
39.30,-49.23,0.221,1.147
39.30,-49.22,0.221,1.147
39.30,-49.20,0.221,1.148
39.30,-49.18,0.221,1.148
39.30,-49.17,0.221,1.148
39.31,-49.15,0.221,1.148
39.31,-49.14,0.221,1.149
39.31,-49.12,0.221,1.150
39.31,-49.10,0.222,1.150
39.31,-49.09,0.222,1.151
39.31,-49.07,0.222,1.152
39.31,-49.05,0.222,1.153
39.32,-49.04,0.222,1.154
39.32,-49.02,0.222,1.155
39.32,-49.00,0.222,1.155
39.32,-48.99,0.222,1.156
39.32,-48.97,0.223,1.156
39.33,-48.95,0.223,1.157
39.33,-48.94,0.223,1.157
39.33,-48.92,0.223,1.158
39.33,-48.90,0.223,1.158
39.33,-48.89,0.223,1.158
39.33,-48.87,0.223,1.158
39.34,-48.85,0.223,1.158
39.34,-48.84,0.223,1.158
39.34,-48.82,0.223,1.159
39.34,-48.80,0.223,1.159
39.34,-48.79,0.223,1.160
39.34,-48.77,0.223,1.161
39.34,-48.75,0.224,1.163
39.35,-48.74,0.224,1.165
39.35,-48.72,0.225,1.167
39.35,-48.70,0.225,1.168
39.35,-48.69,0.225,1.169
39.35,-48.67,0.225,1.170
39.36,-48.65,0.225,1.170
39.36,-48.64,0.225,1.170
39.36,-48.62,0.225,1.171
39.36,-48.60,0.225,1.171
39.36,-48.59,0.225,1.171
39.36,-48.57,0.225,1.172
39.36,-48.55,0.225,1.172
39.37,-48.54,0.225,1.172
39.37,-48.52,0.225,1.173
39.37,-48.50,0.226,1.173
39.37,-48.49,0.226,1.174
39.37,-48.47,0.226,1.176
39.38,-48.45,0.226,1.177
39.38,-48.44,0.227,1.179
39.38,-48.42,0.227,1.181
39.38,-48.40,0.227,1.182
39.38,-48.39,0.227,1.183
39.38,-48.37,0.227,1.183
39.39,-48.35,0.228,1.184
39.39,-48.34,0.228,1.184
39.39,-48.32,0.228,1.184
39.39,-48.30,0.228,1.185
39.39,-48.29,0.228,1.185
39.39,-48.27,0.228,1.186
39.39,-48.25,0.228,1.186
39.40,-48.24,0.228,1.187
39.40,-48.22,0.228,1.188
39.40,-48.20,0.228,1.188
39.40,-48.19,0.228,1.188
39.40,-48.17,0.228,1.189
39.41,-48.15,0.228,1.189
39.41,-48.14,0.228,1.189
39.41,-48.12,0.228,1.189
39.41,-48.10,0.229,1.189
39.41,-48.09,0.229,1.190
39.41,-48.07,0.229,1.191
39.41,-48.05,0.229,1.191
39.42,-48.04,0.229,1.192
39.42,-48.02,0.229,1.192
39.42,-48.00,0.229,1.193
39.42,-47.99,0.229,1.193
39.42,-47.97,0.229,1.194
39.43,-47.95,0.229,1.194
39.43,-47.94,0.230,1.194
39.43,-47.92,0.230,1.195
39.43,-47.90,0.230,1.196
39.43,-47.89,0.230,1.197
39.43,-47.87,0.230,1.197
39.44,-47.85,0.230,1.198
39.44,-47.84,0.230,1.198
39.44,-47.82,0.230,1.198
39.44,-47.80,0.230,1.199
39.44,-47.79,0.230,1.200
39.44,-47.77,0.231,1.201
39.44,-47.75,0.231,1.202
39.45,-47.74,0.231,1.204
39.45,-47.72,0.232,1.206
39.45,-47.70,0.232,1.208
39.45,-47.69,0.232,1.209
39.45,-47.67,0.232,1.210
39.46,-47.65,0.233,1.211
39.46,-47.64,0.233,1.212
39.46,-47.62,0.233,1.212
39.46,-47.60,0.233,1.213
39.46,-47.59,0.233,1.214
39.46,-47.57,0.233,1.215
39.46,-47.56,0.234,1.216
39.47,-47.54,0.234,1.218
39.47,-47.52,0.234,1.219
39.47,-47.50,0.234,1.220
39.47,-47.49,0.234,1.222
39.47,-47.47,0.235,1.223
39.48,-47.46,0.235,1.224
39.48,-47.44,0.235,1.225
39.48,-47.42,0.235,1.226
39.48,-47.40,0.235,1.226
39.48,-47.39,0.235,1.227
39.48,-47.37,0.235,1.228
39.49,-47.36,0.236,1.229
39.49,-47.34,0.236,1.229
39.49,-47.32,0.236,1.231
39.49,-47.31,0.236,1.232
39.49,-47.29,0.236,1.232
39.49,-47.27,0.236,1.233
39.49,-47.26,0.237,1.234
39.50,-47.24,0.237,1.235
39.50,-47.22,0.237,1.236
39.50,-47.20,0.237,1.237
39.50,-47.19,0.237,1.238
39.50,-47.17,0.238,1.240
39.51,-47.16,0.238,1.241
39.51,-47.14,0.238,1.243
39.51,-47.12,0.238,1.244
39.51,-47.11,0.239,1.245
39.51,-47.09,0.239,1.246
39.51,-47.07,0.239,1.246
39.51,-47.06,0.239,1.247
39.52,-47.04,0.239,1.248
39.52,-47.02,0.239,1.249
39.52,-47.01,0.239,1.250
39.52,-46.99,0.240,1.251
39.52,-46.97,0.240,1.253
39.53,-46.96,0.240,1.254
39.53,-46.94,0.241,1.256
39.53,-46.92,0.241,1.258
39.53,-46.91,0.241,1.259
39.53,-46.89,0.241,1.260
39.53,-46.87,0.242,1.261
39.54,-46.86,0.242,1.262
39.54,-46.84,0.242,1.262
39.54,-46.82,0.242,1.263
39.54,-46.81,0.242,1.264
39.54,-46.79,0.242,1.265
39.54,-46.77,0.242,1.266
39.54,-46.76,0.243,1.267
39.55,-46.74,0.243,1.268
39.55,-46.72,0.243,1.269
39.55,-46.71,0.243,1.270
39.55,-46.69,0.243,1.271
39.55,-46.67,0.243,1.272
39.56,-46.66,0.244,1.273
39.56,-46.64,0.244,1.275
39.56,-46.62,0.244,1.277
39.56,-46.61,0.245,1.279
39.56,-46.59,0.245,1.280
39.56,-46.57,0.245,1.281
39.56,-46.56,0.245,1.281
39.57,-46.54,0.245,1.282
39.57,-46.52,0.245,1.283
39.57,-46.51,0.246,1.284
39.57,-46.49,0.246,1.284
39.57,-46.47,0.246,1.286
39.58,-46.46,0.246,1.287
39.58,-46.44,0.247,1.289
39.58,-46.43,0.247,1.292
39.58,-46.41,0.247,1.294
39.58,-46.39,0.248,1.296
39.58,-46.38,0.248,1.297
39.59,-46.36,0.248,1.299
39.59,-46.34,0.249,1.301
39.59,-46.33,0.249,1.302
39.59,-46.31,0.249,1.304
39.59,-46.29,0.249,1.305
39.59,-46.28,0.249,1.306
39.59,-46.26,0.250,1.307
39.60,-46.24,0.250,1.309
39.60,-46.23,0.250,1.311
39.60,-46.21,0.251,1.312
39.60,-46.19,0.251,1.314
39.60,-46.18,0.251,1.315
39.61,-46.16,0.251,1.317
39.61,-46.14,0.252,1.318
39.61,-46.13,0.252,1.319
39.61,-46.11,0.252,1.320
39.61,-46.09,0.252,1.321
39.61,-46.08,0.253,1.324
39.61,-46.06,0.253,1.326
39.62,-46.04,0.253,1.328
39.62,-46.03,0.254,1.331
39.62,-46.01,0.254,1.332
39.62,-45.99,0.254,1.334
39.62,-45.98,0.254,1.335
39.63,-45.96,0.255,1.335
39.63,-45.94,0.255,1.336
39.63,-45.93,0.255,1.337
39.63,-45.91,0.255,1.338
39.63,-45.90,0.255,1.340
39.63,-45.88,0.256,1.342
39.64,-45.86,0.256,1.343
39.64,-45.85,0.256,1.345
39.64,-45.83,0.257,1.347
39.64,-45.81,0.257,1.349
39.64,-45.80,0.257,1.350
39.64,-45.78,0.258,1.351
39.64,-45.76,0.258,1.353
39.65,-45.75,0.258,1.354
39.65,-45.73,0.258,1.355
39.65,-45.71,0.259,1.357
39.65,-45.70,0.259,1.358
39.65,-45.68,0.259,1.359
39.66,-45.66,0.259,1.361
39.66,-45.65,0.260,1.363
39.66,-45.63,0.260,1.365
39.66,-45.61,0.260,1.367
39.66,-45.60,0.261,1.369
39.66,-45.58,0.261,1.372
39.66,-45.56,0.262,1.375
39.67,-45.55,0.262,1.377
39.67,-45.53,0.263,1.379
39.67,-45.52,0.263,1.382
39.67,-45.50,0.264,1.385
39.67,-45.48,0.264,1.387
39.68,-45.47,0.264,1.388
39.68,-45.45,0.264,1.388
39.68,-45.43,0.264,1.389
39.68,-45.42,0.264,1.389
39.68,-45.40,0.264,1.390
39.68,-45.38,0.265,1.391
39.69,-45.37,0.265,1.393
39.69,-45.35,0.266,1.396
39.69,-45.33,0.266,1.400
39.69,-45.32,0.268,1.407
39.69,-45.30,0.268,1.412
39.69,-45.28,0.269,1.414
39.69,-45.27,0.269,1.415
39.70,-45.25,0.269,1.414
39.70,-45.23,0.269,1.414
39.70,-45.22,0.269,1.414
39.70,-45.20,0.269,1.414
39.70,-45.18,0.269,1.414
39.71,-45.17,0.269,1.414
39.71,-45.15,0.269,1.416
39.71,-45.14,0.270,1.419
39.71,-45.12,0.271,1.424
39.71,-45.10,0.272,1.429
39.71,-45.09,0.272,1.433
39.71,-45.07,0.273,1.435
39.72,-45.05,0.273,1.439
39.72,-45.04,0.274,1.441
39.72,-45.02,0.274,1.442
39.72,-45.00,0.274,1.443
39.72,-44.99,0.274,1.444
39.73,-44.97,0.274,1.445
39.73,-44.95,0.274,1.445
39.73,-44.94,0.275,1.446
39.73,-44.92,0.275,1.447
39.73,-44.90,0.275,1.450
39.73,-44.89,0.276,1.452
39.74,-44.87,0.276,1.455
39.74,-44.86,0.276,1.456
39.74,-44.84,0.277,1.457
39.74,-44.82,0.277,1.458
39.74,-44.81,0.277,1.461
39.74,-44.79,0.278,1.463
39.74,-44.77,0.278,1.465
39.75,-44.76,0.278,1.468
39.75,-44.74,0.279,1.471
39.75,-44.72,0.280,1.476
39.75,-44.71,0.281,1.482
39.75,-44.69,0.281,1.484
39.76,-44.67,0.282,1.486
39.76,-44.66,0.282,1.488
39.76,-44.64,0.282,1.489
39.76,-44.63,0.282,1.489
39.76,-44.61,0.282,1.489
39.76,-44.59,0.282,1.489
39.76,-44.58,0.283,1.490
39.77,-44.56,0.283,1.492
39.77,-44.54,0.283,1.495
39.77,-44.52,0.284,1.499
39.77,-44.51,0.285,1.504
39.77,-44.49,0.286,1.508
39.78,-44.48,0.287,1.514
39.78,-44.46,0.288,1.518
39.78,-44.44,0.288,1.520
39.78,-44.43,0.288,1.520
39.78,-44.41,0.288,1.520
39.78,-44.40,0.288,1.520
39.79,-44.38,0.288,1.521
39.79,-44.36,0.288,1.522
39.79,-44.35,0.289,1.524
39.79,-44.33,0.289,1.527
39.79,-44.31,0.289,1.528
39.79,-44.30,0.290,1.529
39.79,-44.28,0.290,1.531
39.80,-44.26,0.290,1.532
39.80,-44.25,0.290,1.532
39.80,-44.23,0.290,1.533
39.80,-44.21,0.291,1.534
39.80,-44.20,0.291,1.537
39.81,-44.18,0.292,1.540
39.81,-44.16,0.293,1.544
39.81,-44.15,0.294,1.549
39.81,-44.13,0.294,1.553
39.81,-44.11,0.295,1.556
39.81,-44.10,0.296,1.559
39.81,-44.08,0.296,1.562
39.82,-44.07,0.296,1.564
39.82,-44.05,0.297,1.566
39.82,-44.03,0.297,1.568
39.82,-44.02,0.297,1.569
39.82,-44.00,0.297,1.570
39.83,-43.98,0.297,1.569
39.83,-43.97,0.297,1.570
39.83,-43.95,0.298,1.571
39.83,-43.93,0.298,1.572
39.83,-43.92,0.299,1.575
39.83,-43.90,0.299,1.578
39.84,-43.89,0.300,1.582
39.84,-43.87,0.301,1.585
39.84,-43.85,0.301,1.588
39.84,-43.83,0.301,1.589
39.84,-43.82,0.301,1.590
39.84,-43.80,0.302,1.591
39.84,-43.79,0.302,1.591
39.85,-43.77,0.302,1.591
39.85,-43.75,0.302,1.593
39.85,-43.74,0.302,1.594
39.85,-43.72,0.302,1.596
39.85,-43.70,0.303,1.599
39.86,-43.69,0.304,1.604
39.86,-43.67,0.305,1.607
39.86,-43.66,0.305,1.608
39.86,-43.64,0.305,1.611
39.86,-43.62,0.306,1.612
39.86,-43.60,0.306,1.613
39.86,-43.59,0.306,1.613
39.87,-43.57,0.306,1.613
39.87,-43.56,0.306,1.613
39.87,-43.54,0.306,1.613
39.87,-43.52,0.306,1.613
39.87,-43.51,0.306,1.614
39.88,-43.49,0.307,1.615
39.88,-43.47,0.307,1.616
39.88,-43.46,0.307,1.618
39.88,-43.44,0.308,1.620
39.88,-43.42,0.308,1.622
39.88,-43.41,0.309,1.625
39.89,-43.39,0.309,1.627
39.89,-43.38,0.309,1.628
39.89,-43.36,0.309,1.628
39.89,-43.34,0.309,1.629
39.89,-43.33,0.309,1.629
39.89,-43.31,0.310,1.629
39.89,-43.29,0.310,1.629
39.90,-43.28,0.310,1.629
39.90,-43.26,0.310,1.629
39.90,-43.24,0.310,1.629
39.90,-43.23,0.310,1.630
39.90,-43.21,0.310,1.630
39.91,-43.19,0.310,1.631
39.91,-43.18,0.310,1.632
39.91,-43.16,0.311,1.633
39.91,-43.14,0.311,1.634
39.91,-43.13,0.311,1.634
39.91,-43.11,0.311,1.635
39.91,-43.09,0.311,1.635
39.92,-43.08,0.311,1.635
39.92,-43.06,0.311,1.635
39.92,-43.05,0.311,1.636
39.92,-43.03,0.311,1.636
39.92,-43.01,0.312,1.636
39.93,-43.00,0.312,1.636
39.93,-42.98,0.312,1.636
39.93,-42.96,0.312,1.636
39.93,-42.95,0.312,1.636
39.93,-42.93,0.312,1.636
39.93,-42.91,0.312,1.636
39.94,-42.89,0.312,1.635
39.94,-42.88,0.312,1.635
39.94,-42.86,0.312,1.635
39.94,-42.85,0.312,1.635
39.94,-42.83,0.312,1.635
39.94,-42.81,0.312,1.635
39.94,-42.80,0.312,1.635
39.95,-42.78,0.312,1.635
39.95,-42.76,0.312,1.636
39.95,-42.75,0.312,1.636
39.95,-42.73,0.312,1.635
39.95,-42.71,0.312,1.635
39.96,-42.70,0.312,1.635
39.96,-42.68,0.312,1.634
39.96,-42.66,0.312,1.634
39.96,-42.65,0.312,1.634
39.96,-42.63,0.312,1.634
39.96,-42.61,0.312,1.634
39.96,-42.60,0.312,1.633
39.97,-42.58,0.312,1.633
39.97,-42.56,0.312,1.633
39.97,-42.55,0.312,1.633
39.97,-42.53,0.312,1.633
39.97,-42.51,0.312,1.632
39.98,-42.50,0.312,1.632
39.98,-42.48,0.312,1.631
39.98,-42.46,0.312,1.630
39.98,-42.45,0.312,1.630
39.98,-42.43,0.312,1.629
39.98,-42.41,0.312,1.629
39.99,-42.40,0.312,1.628
39.99,-42.38,0.312,1.628
39.99,-42.36,0.312,1.627
39.99,-42.35,0.312,1.626
39.99,-42.33,0.312,1.626
39.99,-42.31,0.312,1.625
39.99,-42.30,0.312,1.625
40.00,-42.28,0.312,1.624
40.00,-42.26,0.312,1.624
40.00,-42.25,0.312,1.623
40.00,-42.23,0.311,1.622
40.00,-42.21,0.311,1.621
40.01,-42.20,0.311,1.620
40.01,-42.18,0.311,1.619
40.01,-42.16,0.311,1.618
40.01,-42.15,0.310,1.616
40.01,-42.13,0.310,1.615
40.01,-42.11,0.310,1.613
40.01,-42.10,0.310,1.612
40.02,-42.08,0.309,1.610
40.02,-42.06,0.309,1.609
40.02,-42.05,0.309,1.608
40.02,-42.03,0.309,1.606
40.02,-42.01,0.309,1.604
40.03,-42.00,0.308,1.603
40.03,-41.98,0.308,1.601
40.03,-41.96,0.308,1.600
40.03,-41.94,0.308,1.598
40.03,-41.93,0.307,1.596
40.03,-41.91,0.307,1.594
40.04,-41.89,0.306,1.592
40.04,-41.88,0.306,1.589
40.04,-41.86,0.306,1.588
40.04,-41.84,0.305,1.586
40.04,-41.83,0.305,1.584
40.04,-41.81,0.305,1.583
40.04,-41.79,0.305,1.581
40.05,-41.78,0.304,1.580
40.05,-41.76,0.304,1.579
40.05,-41.74,0.304,1.578
40.05,-41.73,0.304,1.576
40.05,-41.71,0.303,1.575
40.06,-41.69,0.303,1.573
40.06,-41.68,0.303,1.571
40.06,-41.66,0.302,1.568
40.06,-41.64,0.302,1.566
40.06,-41.62,0.302,1.564
40.06,-41.61,0.301,1.562
40.06,-41.59,0.301,1.560
40.07,-41.58,0.301,1.559
40.07,-41.56,0.300,1.556
40.07,-41.54,0.300,1.555
40.07,-41.52,0.300,1.554
40.07,-41.51,0.299,1.553
40.08,-41.49,0.299,1.551
40.08,-41.47,0.299,1.548
40.08,-41.46,0.298,1.546
40.08,-41.44,0.298,1.545
40.08,-41.42,0.298,1.544
40.08,-41.41,0.298,1.543
40.09,-41.39,0.298,1.543
40.09,-41.37,0.297,1.541
40.09,-41.36,0.297,1.540
40.09,-41.34,0.297,1.539
40.09,-41.32,0.297,1.538
40.09,-41.31,0.297,1.537
40.09,-41.29,0.297,1.536
40.10,-41.27,0.296,1.535
40.10,-41.26,0.296,1.535
40.10,-41.24,0.296,1.534
40.10,-41.22,0.296,1.534
40.10,-41.20,0.296,1.534
40.11,-41.19,0.296,1.532
40.11,-41.17,0.296,1.531
40.11,-41.16,0.295,1.529
40.11,-41.14,0.295,1.527
40.11,-41.12,0.294,1.524
40.11,-41.11,0.294,1.521
40.11,-41.09,0.293,1.518
40.12,-41.07,0.293,1.516
40.12,-41.05,0.293,1.516
40.12,-41.04,0.293,1.515
40.12,-41.02,0.293,1.515
40.12,-41.00,0.292,1.514
40.13,-40.99,0.292,1.514
40.13,-40.97,0.292,1.514
40.13,-40.95,0.292,1.514
40.13,-40.93,0.292,1.514
40.13,-40.92,0.292,1.514
40.13,-40.90,0.292,1.513
40.14,-40.88,0.292,1.513
40.14,-40.87,0.292,1.513
40.14,-40.85,0.292,1.512
40.14,-40.83,0.292,1.511
40.14,-40.82,0.292,1.511
40.14,-40.80,0.291,1.510
40.14,-40.78,0.291,1.509
40.15,-40.77,0.291,1.508
40.15,-40.75,0.291,1.507
40.15,-40.73,0.291,1.507
40.15,-40.72,0.291,1.506
40.15,-40.70,0.290,1.505
40.16,-40.68,0.290,1.505
40.16,-40.67,0.290,1.504
40.16,-40.65,0.290,1.504
40.16,-40.63,0.290,1.503
40.16,-40.62,0.290,1.502
40.16,-40.60,0.290,1.501
40.16,-40.58,0.289,1.500
40.17,-40.56,0.289,1.499
40.17,-40.55,0.289,1.498
40.17,-40.53,0.289,1.498
40.17,-40.51,0.289,1.498
40.17,-40.50,0.289,1.498
40.18,-40.48,0.289,1.498
40.18,-40.46,0.289,1.498
40.18,-40.45,0.289,1.498
40.18,-40.43,0.289,1.497
40.18,-40.41,0.289,1.497
40.18,-40.40,0.289,1.496
40.19,-40.38,0.288,1.496
40.19,-40.36,0.288,1.495
40.19,-40.35,0.288,1.494
40.19,-40.33,0.288,1.493
40.19,-40.31,0.288,1.493
40.19,-40.29,0.288,1.492
40.19,-40.28,0.288,1.492
40.20,-40.26,0.288,1.493
40.20,-40.24,0.288,1.493
40.20,-40.23,0.288,1.493
40.20,-40.21,0.288,1.493
40.20,-40.19,0.288,1.493
40.21,-40.18,0.288,1.493
40.21,-40.16,0.288,1.492
40.21,-40.15,0.287,1.492
40.21,-40.13,0.287,1.491
40.21,-40.11,0.287,1.491
40.21,-40.09,0.287,1.491
40.21,-40.08,0.287,1.490
40.22,-40.06,0.287,1.490
40.22,-40.04,0.287,1.490
40.22,-40.03,0.287,1.490
40.22,-40.01,0.287,1.490
40.22,-39.99,0.287,1.490
40.23,-39.98,0.287,1.490
40.23,-39.96,0.287,1.490
40.23,-39.94,0.287,1.490
40.23,-39.93,0.287,1.490
40.23,-39.91,0.287,1.489
40.23,-39.89,0.287,1.489
40.24,-39.88,0.286,1.489
40.24,-39.86,0.286,1.489
40.24,-39.84,0.286,1.488
40.24,-39.82,0.286,1.488
40.24,-39.81,0.286,1.488
40.24,-39.79,0.286,1.488
40.24,-39.78,0.286,1.488
40.25,-39.76,0.286,1.488
40.25,-39.74,0.286,1.488
40.25,-39.73,0.286,1.488
40.25,-39.71,0.286,1.488
40.25,-39.69,0.286,1.488
40.26,-39.67,0.286,1.488
40.26,-39.66,0.286,1.487
40.26,-39.64,0.286,1.487
40.26,-39.62,0.286,1.487
40.26,-39.61,0.286,1.487
40.26,-39.59,0.286,1.487
40.26,-39.57,0.286,1.488
40.27,-39.56,0.286,1.488
40.27,-39.54,0.286,1.488
40.27,-39.52,0.286,1.488
40.27,-39.51,0.286,1.488
40.27,-39.49,0.286,1.487
40.28,-39.47,0.286,1.487
40.28,-39.46,0.286,1.487
40.28,-39.44,0.286,1.487
40.28,-39.42,0.286,1.487
40.28,-39.41,0.286,1.487
40.28,-39.39,0.286,1.487
40.29,-39.37,0.286,1.487
40.29,-39.36,0.286,1.487
40.29,-39.34,0.286,1.487
40.29,-39.32,0.286,1.487
40.29,-39.30,0.285,1.486
40.29,-39.29,0.285,1.486
40.29,-39.27,0.285,1.487
40.30,-39.26,0.285,1.487
40.30,-39.24,0.285,1.487
40.30,-39.22,0.285,1.487
40.30,-39.20,0.285,1.486
40.30,-39.19,0.285,1.486
40.31,-39.17,0.285,1.486
40.31,-39.16,0.285,1.486
40.31,-39.14,0.285,1.486
40.31,-39.12,0.285,1.486
40.31,-39.11,0.285,1.486
40.31,-39.09,0.285,1.486
40.31,-39.07,0.285,1.486
40.32,-39.06,0.285,1.486
40.32,-39.04,0.285,1.486
40.32,-39.02,0.285,1.486
40.32,-39.00,0.285,1.485
40.32,-38.99,0.285,1.485
40.33,-38.97,0.285,1.485
40.33,-38.95,0.285,1.484
40.33,-38.94,0.285,1.484
40.33,-38.92,0.285,1.484
40.33,-38.91,0.285,1.484
40.33,-38.89,0.285,1.484
40.34,-38.87,0.285,1.485
40.34,-38.85,0.285,1.485
40.34,-38.84,0.285,1.485
40.34,-38.82,0.285,1.484
40.34,-38.80,0.285,1.484
40.34,-38.78,0.285,1.484
40.34,-38.77,0.284,1.484
40.35,-38.75,0.284,1.483
40.35,-38.74,0.284,1.483
40.35,-38.72,0.284,1.483
40.35,-38.70,0.284,1.483
40.35,-38.69,0.284,1.483
40.36,-38.67,0.284,1.483
40.36,-38.65,0.284,1.483
40.36,-38.64,0.284,1.483
40.36,-38.62,0.284,1.483
40.36,-38.60,0.284,1.483
40.36,-38.59,0.284,1.483
40.36,-38.57,0.284,1.483
40.37,-38.55,0.284,1.483
40.37,-38.54,0.284,1.482
40.37,-38.52,0.284,1.482
40.37,-38.50,0.284,1.482
40.37,-38.49,0.284,1.482
40.38,-38.47,0.284,1.482
40.38,-38.45,0.284,1.482
40.38,-38.44,0.284,1.482
40.38,-38.42,0.284,1.482
40.38,-38.40,0.284,1.482
40.38,-38.38,0.284,1.482
40.39,-38.37,0.284,1.482
40.39,-38.35,0.284,1.482
40.39,-38.34,0.284,1.482
40.39,-38.32,0.284,1.482
40.39,-38.30,0.284,1.482
40.39,-38.29,0.284,1.482
40.39,-38.27,0.284,1.482
40.40,-38.25,0.284,1.482
40.40,-38.23,0.284,1.481
40.40,-38.22,0.284,1.481
40.40,-38.20,0.284,1.481
40.40,-38.18,0.284,1.481
40.41,-38.17,0.284,1.481
40.41,-38.15,0.284,1.480
40.41,-38.13,0.284,1.480
40.41,-38.12,0.284,1.480
40.41,-38.10,0.284,1.480
40.41,-38.08,0.284,1.480
40.41,-38.07,0.283,1.480
40.42,-38.05,0.283,1.480
40.42,-38.03,0.283,1.480
40.42,-38.02,0.283,1.480
40.42,-38.00,0.283,1.480
40.42,-37.98,0.283,1.480
40.43,-37.97,0.283,1.480
40.43,-37.95,0.283,1.480
40.43,-37.93,0.283,1.480
40.43,-37.92,0.283,1.479
40.43,-37.90,0.283,1.479
40.43,-37.88,0.283,1.479
40.44,-37.87,0.283,1.479
40.44,-37.85,0.283,1.479
40.44,-37.83,0.283,1.479
40.44,-37.82,0.283,1.479
40.44,-37.80,0.283,1.479
40.44,-37.78,0.283,1.479
40.44,-37.77,0.283,1.479
40.45,-37.75,0.283,1.479
40.45,-37.73,0.283,1.479
40.45,-37.72,0.283,1.479
40.45,-37.70,0.283,1.479
40.45,-37.68,0.283,1.479
40.46,-37.66,0.283,1.479
40.46,-37.65,0.283,1.479
40.46,-37.63,0.283,1.479
40.46,-37.62,0.283,1.478
40.46,-37.60,0.283,1.478
40.46,-37.58,0.283,1.478
40.46,-37.57,0.283,1.478
40.47,-37.55,0.283,1.477
40.47,-37.53,0.283,1.477
40.47,-37.52,0.283,1.477
40.47,-37.50,0.283,1.477
40.47,-37.48,0.283,1.477
40.48,-37.46,0.283,1.477
40.48,-37.45,0.283,1.477
40.48,-37.43,0.283,1.477
40.48,-37.42,0.283,1.477
40.48,-37.40,0.283,1.477
40.48,-37.38,0.283,1.477
40.49,-37.36,0.283,1.477
40.49,-37.35,0.282,1.477
40.49,-37.33,0.282,1.477
40.49,-37.31,0.282,1.477
40.49,-37.30,0.282,1.477
40.49,-37.28,0.282,1.476
40.49,-37.26,0.282,1.476
40.50,-37.25,0.282,1.477
40.50,-37.23,0.282,1.477
40.50,-37.21,0.282,1.476
40.50,-37.20,0.282,1.476
40.50,-37.18,0.282,1.476
40.51,-37.16,0.282,1.476
40.51,-37.15,0.282,1.476
40.51,-37.13,0.282,1.476
40.51,-37.11,0.282,1.476
40.51,-37.10,0.282,1.475
40.51,-37.08,0.282,1.475
40.51,-37.06,0.282,1.475
40.52,-37.05,0.282,1.475
40.52,-37.03,0.282,1.475
40.52,-37.01,0.282,1.475
40.52,-37.00,0.282,1.475
40.52,-36.98,0.282,1.475
40.53,-36.97,0.282,1.475
40.53,-36.95,0.282,1.475
40.53,-36.93,0.282,1.475
40.53,-36.91,0.282,1.475
40.53,-36.90,0.282,1.474
40.53,-36.88,0.282,1.474
40.54,-36.86,0.282,1.474
40.54,-36.85,0.282,1.474
40.54,-36.83,0.282,1.474
40.54,-36.81,0.282,1.474
40.54,-36.80,0.282,1.474
40.54,-36.78,0.282,1.474
40.54,-36.76,0.282,1.474
40.55,-36.75,0.282,1.474
40.55,-36.73,0.282,1.474
40.55,-36.71,0.282,1.474
40.55,-36.70,0.282,1.474
40.55,-36.68,0.282,1.474
40.56,-36.66,0.282,1.474
40.56,-36.65,0.282,1.475
40.56,-36.63,0.282,1.475
40.56,-36.61,0.282,1.475
40.56,-36.60,0.282,1.475
40.56,-36.58,0.282,1.475
40.56,-36.56,0.282,1.475
40.57,-36.55,0.282,1.475
40.57,-36.53,0.282,1.475
40.57,-36.51,0.282,1.475
40.57,-36.50,0.282,1.475
40.57,-36.48,0.282,1.475
40.58,-36.46,0.282,1.475
40.58,-36.45,0.282,1.475
40.58,-36.43,0.282,1.475
40.58,-36.41,0.282,1.475
40.58,-36.40,0.282,1.475
40.58,-36.38,0.282,1.475
40.59,-36.36,0.282,1.475
40.59,-36.35,0.282,1.475
40.59,-36.33,0.282,1.475
40.59,-36.31,0.282,1.475
40.59,-36.30,0.282,1.475
40.59,-36.28,0.282,1.475
40.59,-36.26,0.282,1.474
40.60,-36.25,0.282,1.474
40.60,-36.23,0.281,1.474
40.60,-36.21,0.281,1.474
40.60,-36.20,0.281,1.474
40.60,-36.18,0.281,1.475
40.61,-36.16,0.281,1.475
40.61,-36.15,0.281,1.475
40.61,-36.13,0.281,1.475
40.61,-36.11,0.281,1.475
40.61,-36.10,0.281,1.475
40.61,-36.08,0.281,1.474
40.61,-36.06,0.281,1.474
40.62,-36.05,0.281,1.474
40.62,-36.03,0.281,1.474
40.62,-36.01,0.281,1.474
40.62,-36.00,0.281,1.473
40.62,-35.98,0.281,1.473
40.63,-35.96,0.281,1.473
40.63,-35.95,0.281,1.473
40.63,-35.93,0.281,1.473
40.63,-35.91,0.281,1.473
40.63,-35.89,0.281,1.474
40.63,-35.88,0.281,1.474
40.64,-35.86,0.281,1.474
40.64,-35.84,0.281,1.474
40.64,-35.83,0.281,1.474
40.64,-35.81,0.281,1.474
40.64,-35.79,0.281,1.474
40.64,-35.78,0.281,1.474
40.64,-35.76,0.281,1.474
40.65,-35.74,0.281,1.474
40.65,-35.73,0.281,1.474
40.65,-35.71,0.281,1.474
40.65,-35.69,0.281,1.473
40.65,-35.68,0.281,1.473
40.66,-35.66,0.281,1.473
40.66,-35.64,0.281,1.473
40.66,-35.63,0.281,1.473
40.66,-35.61,0.281,1.473
40.66,-35.59,0.281,1.473
40.66,-35.58,0.281,1.473
40.66,-35.56,0.281,1.474
40.67,-35.55,0.281,1.474
40.67,-35.53,0.281,1.474
40.67,-35.51,0.281,1.473
40.67,-35.49,0.281,1.473
40.67,-35.48,0.281,1.473
40.68,-35.46,0.281,1.473
40.68,-35.44,0.281,1.473
40.68,-35.43,0.281,1.473
40.68,-35.41,0.281,1.473
40.68,-35.39,0.281,1.473
40.68,-35.38,0.281,1.474
40.69,-35.36,0.281,1.474
40.69,-35.34,0.281,1.474
40.69,-35.33,0.281,1.474
40.69,-35.31,0.281,1.474
40.69,-35.29,0.281,1.474
40.69,-35.28,0.281,1.474
40.69,-35.26,0.281,1.474
40.70,-35.24,0.281,1.474
40.70,-35.23,0.281,1.474
40.70,-35.21,0.281,1.474
40.70,-35.19,0.281,1.473
40.70,-35.18,0.281,1.473
40.71,-35.16,0.281,1.473
40.71,-35.14,0.281,1.473
40.71,-35.13,0.281,1.473
40.71,-35.11,0.281,1.473
40.71,-35.09,0.281,1.473
40.71,-35.08,0.281,1.473
40.71,-35.06,0.281,1.473
40.72,-35.04,0.281,1.473
40.72,-35.03,0.281,1.474
40.72,-35.01,0.281,1.474
40.72,-34.99,0.281,1.473
40.72,-34.98,0.281,1.474
40.73,-34.96,0.281,1.474
40.73,-34.94,0.281,1.474
40.73,-34.93,0.281,1.474
40.73,-34.91,0.281,1.474
40.73,-34.89,0.281,1.474
40.73,-34.87,0.281,1.474
40.74,-34.86,0.281,1.474
40.74,-34.84,0.281,1.474
40.74,-34.83,0.281,1.473
40.74,-34.81,0.281,1.473
40.74,-34.79,0.281,1.473
40.74,-34.78,0.281,1.474
40.74,-34.76,0.281,1.474
40.75,-34.74,0.281,1.474
40.75,-34.73,0.281,1.474
40.75,-34.71,0.281,1.474
40.75,-34.69,0.281,1.474
40.75,-34.67,0.281,1.474
40.76,-34.66,0.281,1.474
40.76,-34.64,0.281,1.474
40.76,-34.63,0.281,1.474
40.76,-34.61,0.281,1.474
40.76,-34.59,0.281,1.473
40.76,-34.57,0.281,1.473
40.76,-34.56,0.281,1.473
40.77,-34.54,0.281,1.473
40.77,-34.53,0.281,1.473
40.77,-34.51,0.281,1.474
40.77,-34.49,0.281,1.474
40.77,-34.48,0.281,1.474
40.78,-34.46,0.281,1.474
40.78,-34.44,0.281,1.474
40.78,-34.42,0.281,1.474
40.78,-34.41,0.281,1.474
40.78,-34.39,0.281,1.474
40.78,-34.38,0.281,1.474
40.79,-34.36,0.281,1.474
40.79,-34.34,0.281,1.473
40.79,-34.32,0.281,1.473
40.79,-34.31,0.281,1.473
40.79,-34.29,0.281,1.473
40.79,-34.28,0.281,1.473
40.79,-34.26,0.281,1.473
40.80,-34.24,0.281,1.473
40.80,-34.22,0.281,1.473
40.80,-34.21,0.281,1.473
40.80,-34.19,0.281,1.473
40.80,-34.17,0.281,1.474
40.81,-34.16,0.281,1.474
40.81,-34.14,0.281,1.474
40.81,-34.12,0.281,1.474
40.81,-34.11,0.281,1.474
40.81,-34.09,0.281,1.474
40.81,-34.08,0.281,1.474
40.81,-34.06,0.281,1.473
40.82,-34.04,0.281,1.473
40.82,-34.02,0.281,1.473
40.82,-34.01,0.281,1.473
40.82,-33.99,0.281,1.473
40.82,-33.98,0.281,1.473
40.83,-33.96,0.281,1.473
40.83,-33.94,0.281,1.474
40.83,-33.92,0.281,1.474
40.83,-33.91,0.281,1.474
40.83,-33.89,0.281,1.474
40.83,-33.87,0.281,1.474
40.84,-33.86,0.281,1.474
40.84,-33.84,0.281,1.473
40.84,-33.82,0.281,1.473
40.84,-33.81,0.281,1.473
40.84,-33.79,0.281,1.473
40.84,-33.77,0.281,1.473
40.84,-33.76,0.281,1.473
40.85,-33.74,0.281,1.473
40.85,-33.72,0.281,1.473
40.85,-33.71,0.281,1.474
40.85,-33.69,0.281,1.474
40.85,-33.67,0.281,1.474
40.86,-33.66,0.281,1.474
40.86,-33.64,0.281,1.474
40.86,-33.62,0.281,1.474
40.86,-33.61,0.281,1.474
40.86,-33.59,0.281,1.475
40.86,-33.57,0.281,1.475
40.86,-33.56,0.281,1.475
40.87,-33.54,0.281,1.475
40.87,-33.52,0.281,1.475
40.87,-33.51,0.281,1.475
40.87,-33.49,0.281,1.475
40.87,-33.47,0.281,1.475
40.88,-33.46,0.281,1.475
40.88,-33.44,0.281,1.475
40.88,-33.42,0.281,1.475
40.88,-33.41,0.281,1.475
40.88,-33.39,0.281,1.475
40.88,-33.37,0.281,1.475
40.89,-33.36,0.281,1.474
40.89,-33.34,0.281,1.474
40.89,-33.32,0.281,1.474
40.89,-33.31,0.281,1.474
40.89,-33.29,0.281,1.474
40.89,-33.27,0.281,1.475
40.89,-33.26,0.281,1.475
40.90,-33.24,0.281,1.475
40.90,-33.22,0.281,1.475
40.90,-33.21,0.281,1.475
40.90,-33.19,0.281,1.475
40.90,-33.17,0.281,1.475
40.91,-33.16,0.281,1.475
40.91,-33.14,0.281,1.475
40.91,-33.12,0.281,1.475
40.91,-33.11,0.281,1.475
40.91,-33.09,0.281,1.475
40.91,-33.07,0.281,1.475
40.91,-33.06,0.281,1.475
40.92,-33.04,0.281,1.474
40.92,-33.02,0.281,1.474
40.92,-33.01,0.281,1.474
40.92,-32.99,0.281,1.474
40.92,-32.97,0.281,1.474
40.93,-32.96,0.281,1.474
40.93,-32.94,0.281,1.474
40.93,-32.92,0.281,1.474
40.93,-32.90,0.281,1.474
40.93,-32.89,0.281,1.474
40.93,-32.87,0.281,1.474
40.94,-32.86,0.281,1.474
40.94,-32.84,0.281,1.475
40.94,-32.82,0.281,1.475
40.94,-32.81,0.281,1.475
40.94,-32.79,0.281,1.475
40.94,-32.77,0.281,1.475
40.94,-32.75,0.281,1.475
40.95,-32.74,0.281,1.475
40.95,-32.72,0.281,1.475
40.95,-32.70,0.281,1.475
40.95,-32.69,0.281,1.475
40.95,-32.67,0.281,1.475
40.96,-32.66,0.281,1.475
40.96,-32.64,0.281,1.475
40.96,-32.62,0.281,1.475
40.96,-32.60,0.281,1.475
40.96,-32.59,0.281,1.475
40.96,-32.57,0.281,1.475
40.96,-32.56,0.281,1.475
40.97,-32.54,0.281,1.475
40.97,-32.52,0.281,1.475
40.97,-32.51,0.281,1.475
40.97,-32.49,0.281,1.475
40.97,-32.47,0.281,1.475
40.98,-32.46,0.281,1.475
40.98,-32.44,0.281,1.475
40.98,-32.42,0.281,1.475
40.98,-32.41,0.281,1.475
40.98,-32.39,0.281,1.475
40.98,-32.37,0.281,1.475
40.99,-32.35,0.281,1.475
40.99,-32.34,0.281,1.475
40.99,-32.32,0.281,1.476
40.99,-32.30,0.281,1.476
40.99,-32.29,0.281,1.476
40.99,-32.27,0.281,1.476
40.99,-32.25,0.281,1.476
41.00,-32.24,0.281,1.476
41.00,-32.22,0.281,1.476
41.00,-32.21,0.281,1.476
41.00,-32.19,0.281,1.476
41.00,-32.17,0.281,1.476
41.01,-32.15,0.281,1.476
41.01,-32.14,0.281,1.476
41.01,-32.12,0.281,1.476
41.01,-32.10,0.281,1.476
41.01,-32.09,0.281,1.476
41.01,-32.07,0.281,1.476
41.01,-32.05,0.281,1.476
41.02,-32.04,0.281,1.476
41.02,-32.02,0.281,1.476
41.02,-32.00,0.281,1.476
41.02,-31.99,0.281,1.476
41.02,-31.97,0.281,1.477
41.03,-31.95,0.281,1.477
41.03,-31.94,0.281,1.477
41.03,-31.92,0.281,1.477
41.03,-31.90,0.281,1.477
41.03,-31.89,0.281,1.477
41.03,-31.87,0.281,1.477
41.04,-31.85,0.281,1.477
41.04,-31.84,0.281,1.477
41.04,-31.82,0.281,1.477
41.04,-31.80,0.281,1.477
41.04,-31.79,0.281,1.477
41.04,-31.77,0.281,1.477
41.04,-31.75,0.281,1.477
41.05,-31.74,0.281,1.477
41.05,-31.72,0.281,1.477
41.05,-31.70,0.281,1.477
41.05,-31.69,0.281,1.477
41.05,-31.67,0.281,1.477
41.06,-31.65,0.281,1.477
41.06,-31.64,0.281,1.477
41.06,-31.62,0.281,1.477
41.06,-31.60,0.281,1.477
41.06,-31.59,0.281,1.477
41.06,-31.57,0.281,1.477
41.06,-31.55,0.281,1.477
41.07,-31.54,0.281,1.477
41.07,-31.52,0.281,1.477
41.07,-31.50,0.281,1.477
41.07,-31.49,0.281,1.477
41.07,-31.47,0.281,1.477
41.08,-31.45,0.281,1.477
41.08,-31.44,0.281,1.477
41.08,-31.42,0.281,1.477
41.08,-31.40,0.281,1.478
41.08,-31.39,0.281,1.478
41.08,-31.37,0.281,1.478
41.09,-31.35,0.281,1.478
41.09,-31.34,0.281,1.478
41.09,-31.32,0.281,1.477
41.09,-31.30,0.281,1.478
41.09,-31.29,0.281,1.478
41.09,-31.27,0.281,1.478
41.09,-31.25,0.281,1.478
41.10,-31.24,0.281,1.478
41.10,-31.22,0.281,1.478
41.10,-31.20,0.281,1.478
41.10,-31.19,0.281,1.478
41.10,-31.17,0.281,1.478
41.11,-31.15,0.281,1.478
41.11,-31.14,0.281,1.478
41.11,-31.12,0.281,1.478
41.11,-31.10,0.281,1.478
41.11,-31.09,0.281,1.478
41.11,-31.07,0.281,1.478
41.11,-31.05,0.281,1.478
41.12,-31.04,0.281,1.478
41.12,-31.02,0.281,1.478
41.12,-31.00,0.281,1.479
41.12,-30.99,0.281,1.479
41.12,-30.97,0.281,1.479
41.13,-30.95,0.281,1.479
41.13,-30.94,0.281,1.479
41.13,-30.92,0.281,1.479
41.13,-30.90,0.281,1.479
41.13,-30.89,0.281,1.479
41.13,-30.87,0.281,1.479
41.14,-30.85,0.281,1.480
41.14,-30.84,0.281,1.480
41.14,-30.82,0.281,1.480
41.14,-30.80,0.281,1.480
41.14,-30.79,0.281,1.480
41.14,-30.77,0.281,1.479
41.14,-30.75,0.281,1.479
41.15,-30.73,0.281,1.479
41.15,-30.72,0.281,1.479
41.15,-30.70,0.281,1.479
41.15,-30.68,0.281,1.479
41.15,-30.67,0.281,1.479
41.16,-30.65,0.281,1.479
41.16,-30.64,0.281,1.479
41.16,-30.62,0.281,1.479
41.16,-30.60,0.281,1.479
41.16,-30.59,0.281,1.479
41.16,-30.57,0.281,1.479
41.16,-30.55,0.281,1.479
41.17,-30.54,0.281,1.479
41.17,-30.52,0.281,1.479
41.17,-30.50,0.281,1.479
41.17,-30.49,0.281,1.479
41.17,-30.47,0.281,1.479
41.18,-30.45,0.281,1.480
41.18,-30.44,0.281,1.480
41.18,-30.42,0.281,1.480
41.18,-30.40,0.281,1.480
41.18,-30.38,0.281,1.480
41.18,-30.37,0.281,1.480
41.19,-30.35,0.281,1.480
41.19,-30.34,0.281,1.481
41.19,-30.32,0.281,1.481
41.19,-30.30,0.281,1.481
41.19,-30.28,0.281,1.481
41.19,-30.27,0.281,1.481
41.19,-30.25,0.281,1.481
41.20,-30.23,0.281,1.480
41.20,-30.22,0.281,1.480
41.20,-30.20,0.281,1.480
41.20,-30.18,0.281,1.480
41.20,-30.17,0.281,1.480
41.21,-30.15,0.281,1.480
41.21,-30.13,0.281,1.480
41.21,-30.12,0.281,1.480
41.21,-30.10,0.281,1.480
41.21,-30.08,0.281,1.480
41.21,-30.07,0.281,1.480
41.21,-30.05,0.281,1.480
41.22,-30.03,0.281,1.480
41.22,-30.02,0.281,1.480
41.22,-30.00,0.281,1.480
41.22,-29.98,0.281,1.481
41.22,-29.97,0.281,1.481
41.23,-29.95,0.281,1.481
41.23,-29.93,0.281,1.481
41.23,-29.92,0.281,1.481
41.23,-29.90,0.281,1.481
41.23,-29.88,0.281,1.481
41.23,-29.87,0.281,1.481
41.24,-29.85,0.281,1.481
41.24,-29.83,0.281,1.482
41.24,-29.82,0.281,1.482
41.24,-29.80,0.281,1.482
41.24,-29.78,0.281,1.482
41.24,-29.77,0.281,1.482
41.24,-29.75,0.281,1.482
41.25,-29.73,0.281,1.482
41.25,-29.72,0.281,1.483
41.25,-29.70,0.281,1.483
41.25,-29.68,0.281,1.483
41.25,-29.67,0.281,1.483
41.26,-29.65,0.281,1.482
41.26,-29.63,0.281,1.482
41.26,-29.62,0.281,1.482
41.26,-29.60,0.281,1.482
41.26,-29.58,0.281,1.482
41.26,-29.57,0.281,1.482
41.26,-29.55,0.281,1.482
41.27,-29.53,0.281,1.482
41.27,-29.52,0.281,1.482
41.27,-29.50,0.281,1.482
41.27,-29.48,0.281,1.482
41.27,-29.47,0.281,1.482
41.28,-29.45,0.281,1.483
41.28,-29.43,0.281,1.483
41.28,-29.42,0.281,1.483
41.28,-29.40,0.281,1.483
41.28,-29.38,0.281,1.483
41.28,-29.37,0.281,1.483
41.29,-29.35,0.281,1.483
41.29,-29.33,0.281,1.483
41.29,-29.32,0.281,1.483
41.29,-29.30,0.281,1.483
41.29,-29.28,0.281,1.483
41.29,-29.27,0.281,1.483
41.29,-29.25,0.281,1.483
41.30,-29.23,0.281,1.483
41.30,-29.22,0.281,1.483
41.30,-29.20,0.281,1.483
41.30,-29.18,0.281,1.483
41.30,-29.17,0.281,1.483
41.31,-29.15,0.281,1.483
41.31,-29.13,0.281,1.483
41.31,-29.12,0.281,1.484
41.31,-29.10,0.281,1.484
41.31,-29.08,0.281,1.484
41.31,-29.07,0.281,1.484
41.31,-29.05,0.281,1.484
41.32,-29.03,0.281,1.484
41.32,-29.02,0.281,1.484
41.32,-29.00,0.281,1.484
41.32,-28.98,0.281,1.484
41.32,-28.97,0.281,1.484
41.33,-28.95,0.281,1.485
41.33,-28.93,0.281,1.484
41.33,-28.92,0.281,1.484
41.33,-28.90,0.281,1.484
41.33,-28.88,0.281,1.484
41.33,-28.87,0.281,1.484
41.34,-28.85,0.281,1.484
41.34,-28.83,0.281,1.484
41.34,-28.82,0.281,1.484
41.34,-28.80,0.281,1.484
41.34,-28.78,0.281,1.484
41.34,-28.77,0.281,1.485
41.34,-28.75,0.281,1.485
41.35,-28.73,0.281,1.485
41.35,-28.72,0.281,1.485
41.35,-28.70,0.282,1.485
41.35,-28.68,0.282,1.486
41.35,-28.67,0.282,1.486
41.36,-28.65,0.282,1.486
41.36,-28.63,0.282,1.486
41.36,-28.62,0.282,1.486
41.36,-28.60,0.282,1.486
41.36,-28.58,0.282,1.486
41.36,-28.56,0.282,1.487
41.36,-28.55,0.282,1.487
41.37,-28.53,0.282,1.486
41.37,-28.52,0.282,1.486
41.37,-28.50,0.282,1.486
41.37,-28.48,0.282,1.486
41.37,-28.47,0.282,1.486
41.38,-28.45,0.282,1.486
41.38,-28.43,0.282,1.486
41.38,-28.42,0.282,1.486
41.38,-28.40,0.282,1.486
41.38,-28.38,0.282,1.486
41.38,-28.36,0.282,1.486
41.39,-28.35,0.282,1.486
41.39,-28.33,0.282,1.486
41.39,-28.32,0.282,1.486
41.39,-28.30,0.282,1.486
41.39,-28.28,0.282,1.486
41.39,-28.27,0.282,1.486
41.39,-28.25,0.282,1.486
41.40,-28.23,0.282,1.486
41.40,-28.21,0.282,1.487
41.40,-28.20,0.282,1.487
41.40,-28.18,0.282,1.487
41.40,-28.16,0.282,1.488
41.41,-28.15,0.282,1.488
41.41,-28.13,0.282,1.488
41.41,-28.11,0.282,1.488
41.41,-28.10,0.282,1.488
41.41,-28.08,0.282,1.488
41.41,-28.06,0.282,1.488
41.41,-28.05,0.282,1.488
41.42,-28.03,0.282,1.488
41.42,-28.02,0.282,1.488
41.42,-28.00,0.282,1.488
41.42,-27.98,0.282,1.488
41.42,-27.96,0.282,1.489
41.43,-27.95,0.282,1.489
41.43,-27.93,0.282,1.489
41.43,-27.92,0.282,1.489
41.43,-27.90,0.282,1.489
41.43,-27.88,0.282,1.489
41.43,-27.86,0.282,1.489
41.44,-27.85,0.282,1.489
41.44,-27.83,0.282,1.489
41.44,-27.81,0.282,1.488
41.44,-27.80,0.282,1.488
41.44,-27.78,0.282,1.488
41.44,-27.76,0.282,1.488
41.44,-27.75,0.282,1.488
41.45,-27.73,0.282,1.488
41.45,-27.71,0.282,1.489
41.45,-27.70,0.282,1.489
41.45,-27.68,0.282,1.489
41.45,-27.66,0.282,1.489
41.46,-27.65,0.282,1.489
41.46,-27.63,0.282,1.490
41.46,-27.61,0.282,1.490
41.46,-27.60,0.282,1.490
41.46,-27.58,0.282,1.490
41.46,-27.56,0.282,1.490
41.46,-27.55,0.282,1.490
41.47,-27.53,0.282,1.490
41.47,-27.51,0.282,1.490
41.47,-27.50,0.282,1.490
41.47,-27.48,0.282,1.490
41.47,-27.46,0.282,1.490
41.48,-27.45,0.282,1.490
41.48,-27.43,0.282,1.490
41.48,-27.41,0.282,1.490
41.48,-27.40,0.282,1.490
41.48,-27.38,0.282,1.490
41.48,-27.36,0.282,1.490
41.49,-27.35,0.282,1.490
41.49,-27.33,0.282,1.490
41.49,-27.31,0.282,1.490
41.49,-27.30,0.282,1.490
41.49,-27.28,0.282,1.490
41.49,-27.26,0.282,1.490
41.49,-27.25,0.282,1.490
41.50,-27.23,0.282,1.490
41.50,-27.21,0.282,1.490
41.50,-27.20,0.282,1.490
41.50,-27.18,0.282,1.490
41.50,-27.16,0.282,1.490
41.51,-27.15,0.282,1.491
41.51,-27.13,0.282,1.491
41.51,-27.11,0.282,1.491
41.51,-27.10,0.282,1.491
41.51,-27.08,0.282,1.491
41.51,-27.06,0.282,1.491
41.51,-27.05,0.282,1.491
41.52,-27.03,0.282,1.491
41.52,-27.01,0.282,1.491
41.52,-27.00,0.282,1.491
41.52,-26.98,0.282,1.491
41.52,-26.96,0.282,1.491
41.53,-26.95,0.282,1.491
41.53,-26.93,0.282,1.491
41.53,-26.91,0.282,1.491
41.53,-26.90,0.282,1.491
41.53,-26.88,0.282,1.491
41.53,-26.86,0.282,1.491
41.54,-26.85,0.282,1.491
41.54,-26.83,0.282,1.492
41.54,-26.81,0.282,1.492
41.54,-26.80,0.282,1.492
41.54,-26.78,0.282,1.492
41.54,-26.76,0.282,1.492
41.54,-26.75,0.282,1.492
41.55,-26.73,0.282,1.492
41.55,-26.71,0.282,1.492
41.55,-26.70,0.282,1.492
41.55,-26.68,0.282,1.492
41.55,-26.66,0.282,1.492
41.56,-26.65,0.282,1.492
41.56,-26.63,0.282,1.492
41.56,-26.61,0.282,1.492
41.56,-26.60,0.282,1.492
41.56,-26.58,0.282,1.492
41.56,-26.56,0.282,1.492
41.56,-26.55,0.282,1.491
41.57,-26.53,0.282,1.492
41.57,-26.51,0.282,1.492
41.57,-26.50,0.282,1.492
41.57,-26.48,0.282,1.492
41.57,-26.46,0.282,1.492
41.58,-26.45,0.282,1.492
41.58,-26.43,0.282,1.492
41.58,-26.41,0.282,1.492
41.58,-26.40,0.282,1.492
41.58,-26.38,0.282,1.492
41.58,-26.36,0.282,1.492
41.59,-26.35,0.283,1.492
41.59,-26.33,0.283,1.492
41.59,-26.31,0.283,1.493
41.59,-26.30,0.283,1.493
41.59,-26.28,0.283,1.493
41.59,-26.26,0.283,1.493
41.59,-26.25,0.283,1.493
41.60,-26.23,0.283,1.493
41.60,-26.21,0.283,1.493
41.60,-26.20,0.283,1.493
41.60,-26.18,0.283,1.493
41.60,-26.16,0.283,1.493
41.61,-26.15,0.283,1.493
41.61,-26.13,0.283,1.493
41.61,-26.11,0.283,1.493
41.61,-26.09,0.283,1.493
41.61,-26.08,0.283,1.493
41.61,-26.06,0.283,1.493
41.61,-26.05,0.283,1.493
41.62,-26.03,0.283,1.493
41.62,-26.01,0.283,1.494
41.62,-26.00,0.283,1.494
41.62,-25.98,0.283,1.494
41.62,-25.96,0.283,1.494
41.63,-25.94,0.283,1.494
41.63,-25.93,0.283,1.494
41.63,-25.91,0.283,1.494
41.63,-25.90,0.283,1.494
41.63,-25.88,0.283,1.494
41.63,-25.86,0.283,1.494
41.64,-25.85,0.283,1.494
41.64,-25.83,0.283,1.494
41.64,-25.81,0.283,1.494
41.64,-25.80,0.283,1.494
41.64,-25.78,0.283,1.494
41.64,-25.76,0.283,1.494
41.64,-25.75,0.283,1.494
41.65,-25.73,0.283,1.494
41.65,-25.71,0.283,1.494
41.65,-25.69,0.283,1.494
41.65,-25.68,0.283,1.494
41.65,-25.66,0.283,1.494
41.66,-25.64,0.283,1.495
41.66,-25.63,0.283,1.495
41.66,-25.61,0.283,1.495
41.66,-25.59,0.283,1.495
41.66,-25.58,0.283,1.495
41.66,-25.56,0.283,1.495
41.66,-25.54,0.283,1.495
41.67,-25.53,0.283,1.495
41.67,-25.51,0.283,1.495
41.67,-25.50,0.283,1.495
41.67,-25.48,0.283,1.495
41.67,-25.46,0.283,1.495
41.68,-25.44,0.283,1.495
41.68,-25.43,0.283,1.495
41.68,-25.41,0.283,1.495
41.68,-25.39,0.283,1.495
41.68,-25.38,0.283,1.495
41.68,-25.36,0.283,1.495
41.69,-25.34,0.283,1.495
41.69,-25.33,0.283,1.495
41.69,-25.31,0.283,1.495
41.69,-25.29,0.283,1.495
41.69,-25.28,0.283,1.495
41.69,-25.26,0.283,1.495
41.69,-25.25,0.283,1.495
41.70,-25.23,0.283,1.495
41.70,-25.21,0.283,1.495
41.70,-25.19,0.283,1.495
41.70,-25.18,0.283,1.495
41.70,-25.16,0.283,1.495
41.71,-25.14,0.283,1.495
41.71,-25.13,0.283,1.495
41.71,-25.11,0.283,1.495
41.71,-25.09,0.283,1.495
41.71,-25.08,0.283,1.495
41.71,-25.06,0.283,1.495
41.71,-25.04,0.283,1.495
41.72,-25.03,0.283,1.496
41.72,-25.01,0.283,1.496
41.72,-24.99,0.283,1.496
41.72,-24.98,0.283,1.496
41.72,-24.96,0.283,1.496
41.73,-24.94,0.283,1.496
41.73,-24.93,0.283,1.496
41.73,-24.91,0.283,1.496
41.73,-24.89,0.283,1.496
41.73,-24.88,0.283,1.496
41.73,-24.86,0.283,1.496
41.74,-24.84,0.283,1.496
41.74,-24.83,0.283,1.496
41.74,-24.81,0.283,1.496
41.74,-24.79,0.283,1.496
41.74,-24.78,0.283,1.496
41.74,-24.76,0.283,1.496
41.74,-24.74,0.283,1.496
41.75,-24.73,0.283,1.497
41.75,-24.71,0.283,1.497
41.75,-24.69,0.283,1.497
41.75,-24.68,0.283,1.497
41.75,-24.66,0.283,1.497
41.76,-24.64,0.283,1.498
41.76,-24.63,0.283,1.498
41.76,-24.61,0.283,1.498
41.76,-24.59,0.283,1.498
41.76,-24.58,0.283,1.497
41.76,-24.56,0.283,1.497
41.76,-24.54,0.283,1.497
41.77,-24.53,0.283,1.497
41.77,-24.51,0.283,1.497
41.77,-24.49,0.283,1.497
41.77,-24.48,0.283,1.497
41.77,-24.46,0.283,1.497
41.78,-24.44,0.283,1.497
41.78,-24.43,0.283,1.498
41.78,-24.41,0.283,1.498
41.78,-24.39,0.283,1.498
41.78,-24.37,0.283,1.498
41.78,-24.36,0.283,1.498
41.79,-24.34,0.283,1.499
41.79,-24.33,0.283,1.499
41.79,-24.31,0.283,1.499
41.79,-24.29,0.283,1.498
41.79,-24.28,0.283,1.498
41.79,-24.26,0.283,1.498
41.79,-24.24,0.283,1.498
41.80,-24.22,0.283,1.498
41.80,-24.21,0.283,1.498
41.80,-24.19,0.283,1.498
41.80,-24.17,0.283,1.498
41.80,-24.16,0.283,1.499
41.81,-24.14,0.283,1.499
41.81,-24.13,0.283,1.499
41.81,-24.11,0.283,1.499
41.81,-24.09,0.283,1.499
41.81,-24.07,0.283,1.499
41.81,-24.06,0.283,1.499
41.81,-24.04,0.283,1.499
41.82,-24.02,0.283,1.499
41.82,-24.01,0.283,1.499
41.82,-23.99,0.283,1.499
41.82,-23.98,0.283,1.499
41.82,-23.96,0.283,1.499
41.83,-23.94,0.283,1.500
41.83,-23.93,0.283,1.500
41.83,-23.91,0.283,1.500
41.83,-23.89,0.283,1.500
41.83,-23.88,0.283,1.500
41.83,-23.86,0.283,1.500
41.84,-23.84,0.283,1.499
41.84,-23.83,0.283,1.499
41.84,-23.81,0.283,1.499
41.84,-23.79,0.283,1.499
41.84,-23.77,0.283,1.499
41.84,-23.76,0.283,1.499
41.84,-23.74,0.283,1.499
41.85,-23.73,0.283,1.500
41.85,-23.71,0.283,1.500
41.85,-23.69,0.283,1.500
41.85,-23.68,0.283,1.500
41.85,-23.66,0.283,1.500
41.86,-23.64,0.283,1.500
41.86,-23.63,0.283,1.500
41.86,-23.61,0.283,1.500
41.86,-23.59,0.283,1.500
41.86,-23.58,0.283,1.500
41.86,-23.56,0.283,1.499
41.86,-23.54,0.283,1.499
41.87,-23.52,0.283,1.499
41.87,-23.51,0.283,1.499
41.87,-23.49,0.283,1.499
41.87,-23.48,0.283,1.499
41.87,-23.46,0.283,1.500
41.88,-23.44,0.283,1.500
41.88,-23.42,0.283,1.500
41.88,-23.41,0.283,1.501
41.88,-23.39,0.283,1.501
41.88,-23.37,0.283,1.501
41.88,-23.36,0.283,1.501
41.89,-23.34,0.283,1.501
41.89,-23.33,0.283,1.501
41.89,-23.31,0.283,1.501
41.89,-23.29,0.283,1.501
41.89,-23.27,0.283,1.501
41.89,-23.26,0.283,1.501
41.89,-23.24,0.283,1.501
41.90,-23.22,0.283,1.501
41.90,-23.21,0.283,1.501
41.90,-23.19,0.283,1.501
41.90,-23.17,0.283,1.501
41.90,-23.16,0.283,1.501
41.91,-23.14,0.283,1.501
41.91,-23.12,0.283,1.502
41.91,-23.11,0.283,1.502
41.91,-23.09,0.283,1.502
41.91,-23.07,0.284,1.502
41.91,-23.06,0.284,1.502
41.91,-23.04,0.284,1.502
41.92,-23.02,0.284,1.502
41.92,-23.01,0.284,1.502
41.92,-22.99,0.284,1.502
41.92,-22.97,0.284,1.502
41.92,-22.96,0.284,1.501
41.93,-22.94,0.284,1.501
41.93,-22.92,0.284,1.501
41.93,-22.91,0.284,1.501
41.93,-22.89,0.284,1.501
41.93,-22.88,0.284,1.501
41.93,-22.86,0.284,1.501
41.94,-22.84,0.284,1.502
41.94,-22.82,0.284,1.502
41.94,-22.81,0.284,1.502
41.94,-22.79,0.284,1.502
41.94,-22.77,0.284,1.503
41.94,-22.76,0.284,1.503
41.94,-22.74,0.284,1.503
41.95,-22.72,0.284,1.503
41.95,-22.71,0.284,1.503
41.95,-22.69,0.284,1.503
41.95,-22.67,0.284,1.503
41.95,-22.66,0.284,1.503
41.96,-22.64,0.284,1.503
41.96,-22.62,0.284,1.503
41.96,-22.61,0.284,1.503
41.96,-22.59,0.284,1.503
41.96,-22.57,0.284,1.503
41.96,-22.56,0.284,1.504
41.96,-22.54,0.284,1.504
41.97,-22.52,0.284,1.504
41.97,-22.51,0.284,1.504
41.97,-22.49,0.284,1.504
41.97,-22.47,0.284,1.504
41.97,-22.46,0.284,1.504
41.98,-22.44,0.284,1.504
41.98,-22.42,0.284,1.504
41.98,-22.41,0.284,1.504
41.98,-22.39,0.284,1.504
41.98,-22.37,0.284,1.504
41.98,-22.36,0.284,1.504
41.99,-22.34,0.284,1.503
41.99,-22.32,0.284,1.503
41.99,-22.31,0.284,1.503
41.99,-22.29,0.284,1.503
41.99,-22.27,0.284,1.504
41.99,-22.26,0.284,1.504
41.99,-22.24,0.284,1.504
42.00,-22.22,0.284,1.504
42.00,-22.21,0.284,1.505
42.00,-22.19,0.284,1.505
42.00,-22.17,0.284,1.505
42.00,-22.16,0.284,1.505
42.01,-22.14,0.284,1.505
42.01,-22.12,0.284,1.505
42.01,-22.11,0.284,1.505
42.01,-22.09,0.284,1.505
42.01,-22.07,0.284,1.505
42.01,-22.06,0.284,1.505
42.01,-22.04,0.284,1.505
42.02,-22.02,0.284,1.505
42.02,-22.01,0.284,1.505
42.02,-21.99,0.284,1.505
42.02,-21.97,0.284,1.505
42.02,-21.96,0.284,1.505
42.03,-21.94,0.284,1.505
42.03,-21.92,0.284,1.504
42.03,-21.91,0.284,1.504
42.03,-21.89,0.284,1.504
42.03,-21.87,0.284,1.504
42.03,-21.86,0.284,1.504
42.04,-21.84,0.284,1.505
42.04,-21.82,0.284,1.505
42.04,-21.81,0.284,1.505
42.04,-21.79,0.284,1.506
42.04,-21.77,0.284,1.506
42.04,-21.76,0.284,1.506
42.04,-21.74,0.284,1.506
42.05,-21.72,0.284,1.506
42.05,-21.70,0.284,1.506
42.05,-21.69,0.284,1.506
42.05,-21.67,0.284,1.506
42.05,-21.66,0.284,1.506
42.06,-21.64,0.284,1.506
42.06,-21.62,0.284,1.506
42.06,-21.60,0.284,1.506
42.06,-21.59,0.284,1.506
42.06,-21.57,0.284,1.506
42.06,-21.55,0.284,1.506
42.06,-21.54,0.284,1.506
42.07,-21.52,0.284,1.506
42.07,-21.51,0.284,1.506
42.07,-21.49,0.284,1.506
42.07,-21.47,0.284,1.507
42.07,-21.46,0.284,1.507
42.08,-21.44,0.284,1.507
42.08,-21.42,0.284,1.506
42.08,-21.40,0.284,1.506
42.08,-21.39,0.284,1.506
42.08,-21.37,0.284,1.506
42.08,-21.36,0.284,1.506
42.09,-21.34,0.284,1.506
42.09,-21.32,0.284,1.507
42.09,-21.30,0.284,1.507
42.09,-21.29,0.284,1.507
42.09,-21.27,0.284,1.507
42.09,-21.25,0.284,1.507
42.09,-21.24,0.284,1.507
42.10,-21.22,0.284,1.507
42.10,-21.20,0.284,1.507
42.10,-21.19,0.284,1.508
42.10,-21.17,0.284,1.508
42.10,-21.15,0.284,1.508
42.11,-21.14,0.284,1.508
42.11,-21.12,0.284,1.508
42.11,-21.10,0.284,1.508
42.11,-21.09,0.284,1.508
42.11,-21.07,0.284,1.507
42.11,-21.06,0.284,1.507
42.11,-21.04,0.284,1.507
42.12,-21.02,0.284,1.507
42.12,-21.00,0.284,1.507
42.12,-20.99,0.284,1.507
42.12,-20.97,0.284,1.507
42.12,-20.95,0.284,1.508
42.13,-20.94,0.285,1.508
42.13,-20.92,0.285,1.508
42.13,-20.90,0.285,1.508
42.13,-20.89,0.285,1.508
42.13,-20.87,0.285,1.508
42.13,-20.85,0.285,1.508
42.14,-20.84,0.285,1.508
42.14,-20.82,0.285,1.508
42.14,-20.81,0.285,1.508
42.14,-20.79,0.285,1.509
42.14,-20.77,0.285,1.509
42.14,-20.75,0.285,1.509
42.14,-20.74,0.285,1.509
42.15,-20.72,0.285,1.509
42.15,-20.70,0.285,1.509
42.15,-20.69,0.285,1.509
42.15,-20.67,0.285,1.509
42.15,-20.65,0.285,1.509
42.16,-20.64,0.285,1.509
42.16,-20.62,0.285,1.509
42.16,-20.60,0.285,1.509
42.16,-20.59,0.285,1.509
42.16,-20.57,0.285,1.509
42.16,-20.55,0.285,1.509
42.16,-20.54,0.285,1.509
42.17,-20.52,0.285,1.509
42.17,-20.50,0.285,1.509
42.17,-20.49,0.285,1.509
42.17,-20.47,0.285,1.509
42.17,-20.45,0.285,1.509
42.18,-20.44,0.285,1.509
42.18,-20.42,0.285,1.509
42.18,-20.40,0.285,1.509
42.18,-20.39,0.285,1.509
42.18,-20.37,0.285,1.509
42.18,-20.35,0.285,1.509
42.19,-20.34,0.285,1.509
42.19,-20.32,0.285,1.509
42.19,-20.30,0.285,1.509
42.19,-20.29,0.285,1.509
42.19,-20.27,0.285,1.509
42.19,-20.25,0.285,1.509
42.19,-20.24,0.285,1.509
42.20,-20.22,0.285,1.509
42.20,-20.20,0.285,1.510
42.20,-20.19,0.285,1.510
42.20,-20.17,0.285,1.510
42.20,-20.15,0.285,1.510
42.21,-20.14,0.285,1.510
42.21,-20.12,0.285,1.510
42.21,-20.10,0.285,1.510
42.21,-20.09,0.285,1.510
42.21,-20.07,0.285,1.510
42.21,-20.05,0.285,1.510
42.21,-20.04,0.285,1.510
42.22,-20.02,0.285,1.510
42.22,-20.00,0.285,1.510
42.22,-19.99,0.285,1.510
42.22,-19.97,0.285,1.511
42.22,-19.95,0.285,1.511
42.23,-19.94,0.285,1.511
42.23,-19.92,0.285,1.511
42.23,-19.90,0.285,1.511
42.23,-19.89,0.285,1.511
42.23,-19.87,0.285,1.511
42.23,-19.85,0.285,1.511
42.24,-19.84,0.285,1.511
42.24,-19.82,0.285,1.511
42.24,-19.80,0.285,1.511
42.24,-19.79,0.285,1.511
42.24,-19.77,0.285,1.511
42.24,-19.75,0.285,1.511
42.24,-19.74,0.285,1.511
42.25,-19.72,0.285,1.511
42.25,-19.70,0.285,1.511
42.25,-19.69,0.285,1.511
42.25,-19.67,0.285,1.511
42.25,-19.65,0.285,1.511
42.26,-19.64,0.285,1.511
42.26,-19.62,0.285,1.511
42.26,-19.60,0.285,1.511
42.26,-19.59,0.285,1.512
42.26,-19.57,0.285,1.512
42.26,-19.55,0.285,1.512
42.26,-19.53,0.285,1.512
42.27,-19.52,0.285,1.512
42.27,-19.50,0.285,1.512
42.27,-19.49,0.285,1.512
42.27,-19.47,0.285,1.512
42.27,-19.45,0.285,1.512
42.28,-19.44,0.285,1.512
42.28,-19.42,0.285,1.512
42.28,-19.40,0.285,1.512
42.28,-19.39,0.285,1.513
42.28,-19.37,0.285,1.513
42.28,-19.35,0.285,1.513
42.29,-19.33,0.285,1.513
42.29,-19.32,0.285,1.513
42.29,-19.30,0.285,1.513
42.29,-19.29,0.285,1.513
42.29,-19.27,0.285,1.513
42.29,-19.25,0.285,1.513
42.29,-19.23,0.285,1.513
42.30,-19.22,0.285,1.513
42.30,-19.20,0.285,1.513
42.30,-19.18,0.285,1.513
42.30,-19.17,0.285,1.513
42.30,-19.15,0.285,1.513
42.31,-19.13,0.285,1.513
42.31,-19.12,0.285,1.513
42.31,-19.10,0.285,1.513
42.31,-19.08,0.285,1.513
42.31,-19.07,0.285,1.513
42.31,-19.05,0.285,1.513
42.31,-19.03,0.285,1.513
42.32,-19.02,0.285,1.513
42.32,-19.00,0.285,1.513
42.32,-18.98,0.285,1.513
42.32,-18.97,0.285,1.514
42.32,-18.95,0.285,1.514
42.33,-18.93,0.285,1.514
42.33,-18.92,0.285,1.514
42.33,-18.90,0.285,1.514
42.33,-18.88,0.285,1.514
42.33,-18.87,0.285,1.514
42.33,-18.85,0.285,1.514
42.34,-18.83,0.285,1.514
42.34,-18.82,0.285,1.514
42.34,-18.80,0.285,1.514
42.34,-18.79,0.285,1.514
42.34,-18.77,0.285,1.514
42.34,-18.75,0.285,1.514
42.34,-18.73,0.285,1.514
42.35,-18.72,0.285,1.514
42.35,-18.70,0.285,1.514
42.35,-18.68,0.285,1.514
42.35,-18.67,0.285,1.514
42.35,-18.65,0.285,1.514
42.36,-18.63,0.285,1.514
42.36,-18.62,0.285,1.514
42.36,-18.60,0.285,1.515
42.36,-18.58,0.285,1.515
42.36,-18.57,0.285,1.515
42.36,-18.55,0.285,1.515
42.36,-18.53,0.285,1.515
42.37,-18.52,0.285,1.515
42.37,-18.50,0.285,1.515
42.37,-18.48,0.285,1.515
42.37,-18.47,0.285,1.515
42.37,-18.45,0.285,1.515
42.38,-18.43,0.285,1.515
42.38,-18.42,0.285,1.515
42.38,-18.40,0.286,1.515
42.38,-18.38,0.286,1.515
42.38,-18.37,0.286,1.516
42.38,-18.35,0.286,1.516
42.39,-18.33,0.286,1.516
42.39,-18.32,0.286,1.516
42.39,-18.30,0.286,1.516
42.39,-18.28,0.286,1.516
42.39,-18.27,0.286,1.517
42.39,-18.25,0.286,1.517
42.39,-18.23,0.286,1.517
42.40,-18.22,0.286,1.517
42.40,-18.20,0.286,1.517
42.40,-18.18,0.286,1.517
42.40,-18.17,0.286,1.516
42.40,-18.15,0.286,1.516
42.41,-18.13,0.286,1.516
42.41,-18.12,0.286,1.516
42.41,-18.10,0.286,1.517
42.41,-18.08,0.286,1.517
42.41,-18.07,0.286,1.517
42.41,-18.05,0.286,1.517
42.41,-18.03,0.286,1.517
42.42,-18.02,0.286,1.517
42.42,-18.00,0.286,1.517
42.42,-17.98,0.286,1.517
42.42,-17.97,0.286,1.517
42.42,-17.95,0.286,1.517
42.43,-17.93,0.286,1.517
42.43,-17.92,0.286,1.517
42.43,-17.90,0.286,1.517
42.43,-17.88,0.286,1.517
42.43,-17.87,0.286,1.517
42.43,-17.85,0.286,1.517
42.44,-17.83,0.286,1.517
42.44,-17.82,0.286,1.517
42.44,-17.80,0.286,1.517
42.44,-17.78,0.286,1.517
42.44,-17.77,0.286,1.517
42.44,-17.75,0.286,1.517
42.44,-17.73,0.286,1.517
42.45,-17.72,0.286,1.517
42.45,-17.70,0.286,1.518
42.45,-17.68,0.286,1.518
42.45,-17.67,0.286,1.518
42.45,-17.65,0.286,1.518
42.46,-17.63,0.286,1.518
42.46,-17.61,0.286,1.518
42.46,-17.60,0.286,1.518
42.46,-17.58,0.286,1.518
42.46,-17.57,0.286,1.518
42.46,-17.55,0.286,1.518
42.46,-17.53,0.286,1.518
42.47,-17.52,0.286,1.518
42.47,-17.50,0.286,1.518
42.47,-17.48,0.286,1.518
42.47,-17.47,0.286,1.518
42.47,-17.45,0.286,1.518
42.48,-17.43,0.286,1.518
42.48,-17.41,0.286,1.518
42.48,-17.40,0.286,1.518
42.48,-17.38,0.286,1.518
42.48,-17.37,0.286,1.518
42.48,-17.35,0.286,1.518
42.49,-17.33,0.286,1.518
42.49,-17.32,0.286,1.519
42.49,-17.30,0.286,1.519
42.49,-17.28,0.286,1.519
42.49,-17.27,0.286,1.519
42.49,-17.25,0.286,1.519
42.49,-17.23,0.286,1.519
42.50,-17.22,0.286,1.519
42.50,-17.20,0.286,1.519
42.50,-17.18,0.286,1.519
42.50,-17.16,0.286,1.519
42.50,-17.15,0.286,1.519
42.51,-17.13,0.286,1.519
42.51,-17.11,0.286,1.519
42.51,-17.10,0.286,1.519
42.51,-17.08,0.286,1.519
42.51,-17.07,0.286,1.519
42.51,-17.05,0.286,1.519
42.51,-17.03,0.286,1.519
42.52,-17.02,0.286,1.519
42.52,-17.00,0.286,1.519
42.52,-16.98,0.286,1.519
42.52,-16.97,0.286,1.519
42.52,-16.95,0.286,1.519
42.53,-16.93,0.286,1.520
42.53,-16.91,0.286,1.520
42.53,-16.90,0.286,1.520
42.53,-16.88,0.286,1.520
42.53,-16.86,0.286,1.520
42.53,-16.85,0.286,1.520
42.54,-16.83,0.286,1.519
42.54,-16.81,0.286,1.519
42.54,-16.80,0.286,1.519
42.54,-16.78,0.286,1.520
42.54,-16.76,0.286,1.520
42.54,-16.75,0.286,1.520
42.54,-16.73,0.286,1.520
42.55,-16.71,0.286,1.520
42.55,-16.70,0.286,1.520
42.55,-16.68,0.286,1.520
42.55,-16.66,0.286,1.520
42.55,-16.65,0.286,1.520
42.56,-16.63,0.286,1.520
42.56,-16.61,0.286,1.520
42.56,-16.60,0.286,1.520
42.56,-16.58,0.286,1.520
42.56,-16.56,0.286,1.520
42.56,-16.55,0.286,1.521
42.56,-16.53,0.286,1.521
42.57,-16.51,0.286,1.521
42.57,-16.50,0.286,1.521
42.57,-16.48,0.286,1.521
42.57,-16.46,0.286,1.521
42.57,-16.45,0.286,1.521
42.58,-16.43,0.286,1.521
42.58,-16.41,0.286,1.521
42.58,-16.40,0.286,1.521
42.58,-16.38,0.286,1.521
42.58,-16.36,0.286,1.521
42.58,-16.35,0.286,1.521
42.59,-16.33,0.286,1.521
42.59,-16.31,0.286,1.521
42.59,-16.30,0.286,1.521
42.59,-16.28,0.286,1.521
42.59,-16.26,0.286,1.521
42.59,-16.25,0.286,1.521
42.59,-16.23,0.286,1.521
42.60,-16.21,0.286,1.521
42.60,-16.20,0.286,1.521
42.60,-16.18,0.286,1.522
42.60,-16.16,0.286,1.522
42.60,-16.15,0.286,1.522
42.61,-16.13,0.286,1.522
42.61,-16.11,0.286,1.522
42.61,-16.10,0.286,1.522
42.61,-16.08,0.286,1.522
42.61,-16.06,0.286,1.522
42.61,-16.05,0.286,1.522
42.61,-16.03,0.286,1.522
42.62,-16.01,0.286,1.522
42.62,-16.00,0.286,1.522
42.62,-15.98,0.286,1.522
42.62,-15.96,0.286,1.522
42.62,-15.95,0.286,1.522
42.63,-15.93,0.286,1.522
42.63,-15.91,0.286,1.522
42.63,-15.90,0.286,1.522
42.63,-15.88,0.286,1.522
42.63,-15.86,0.287,1.522
42.63,-15.85,0.287,1.522
42.64,-15.83,0.287,1.522
42.64,-15.81,0.287,1.522
42.64,-15.80,0.287,1.522
42.64,-15.78,0.287,1.522
42.64,-15.76,0.287,1.522
42.64,-15.75,0.287,1.522
42.64,-15.73,0.287,1.523
42.65,-15.71,0.287,1.523
42.65,-15.70,0.287,1.523
42.65,-15.68,0.287,1.523
42.65,-15.66,0.287,1.523
42.65,-15.65,0.287,1.523
42.66,-15.63,0.287,1.523
42.66,-15.61,0.287,1.524
42.66,-15.60,0.287,1.524
42.66,-15.58,0.287,1.524
42.66,-15.56,0.287,1.524
42.66,-15.55,0.287,1.524
42.66,-15.53,0.287,1.524
42.67,-15.51,0.287,1.524
42.67,-15.50,0.287,1.524
42.67,-15.48,0.287,1.524
42.67,-15.46,0.287,1.524
42.67,-15.44,0.287,1.524
42.68,-15.43,0.287,1.524
42.68,-15.41,0.287,1.524
42.68,-15.40,0.287,1.524
42.68,-15.38,0.287,1.524
42.68,-15.36,0.287,1.524
42.68,-15.35,0.287,1.524
42.69,-15.33,0.287,1.524
42.69,-15.31,0.287,1.524
42.69,-15.30,0.287,1.524
42.69,-15.28,0.287,1.524
42.69,-15.26,0.287,1.524
42.69,-15.24,0.287,1.524
42.69,-15.23,0.287,1.524
42.70,-15.21,0.287,1.524
42.70,-15.20,0.287,1.524
42.70,-15.18,0.287,1.524
42.70,-15.16,0.287,1.524
42.70,-15.15,0.287,1.524
42.71,-15.13,0.287,1.525
42.71,-15.11,0.287,1.525
42.71,-15.10,0.287,1.525
42.71,-15.08,0.287,1.525
42.71,-15.06,0.287,1.525
42.71,-15.04,0.287,1.525
42.71,-15.03,0.287,1.525
42.72,-15.01,0.287,1.525
42.72,-14.99,0.287,1.525
42.72,-14.98,0.287,1.525
42.72,-14.96,0.287,1.525
42.72,-14.95,0.287,1.525
42.73,-14.93,0.287,1.525
42.73,-14.91,0.287,1.525
42.73,-14.90,0.287,1.525
42.73,-14.88,0.287,1.525
42.73,-14.86,0.287,1.525
42.73,-14.84,0.287,1.525
42.74,-14.83,0.287,1.525
42.74,-14.81,0.287,1.525
42.74,-14.79,0.287,1.526
42.74,-14.78,0.287,1.526
42.74,-14.76,0.287,1.526
42.74,-14.74,0.287,1.526
42.74,-14.73,0.287,1.526
42.75,-14.71,0.287,1.526
42.75,-14.69,0.287,1.526
42.75,-14.68,0.287,1.526
42.75,-14.66,0.287,1.526
42.75,-14.64,0.287,1.526
42.76,-14.63,0.287,1.526
42.76,-14.61,0.287,1.526
42.76,-14.59,0.287,1.526
42.76,-14.58,0.287,1.526
42.76,-14.56,0.287,1.526
42.76,-14.54,0.287,1.526
42.76,-14.53,0.287,1.526
42.77,-14.51,0.287,1.526
42.77,-14.49,0.287,1.526
42.77,-14.48,0.287,1.526
42.77,-14.46,0.287,1.526
42.77,-14.44,0.287,1.526
42.78,-14.43,0.287,1.526
42.78,-14.41,0.287,1.526
42.78,-14.39,0.287,1.526
42.78,-14.38,0.287,1.526
42.78,-14.36,0.287,1.526
42.78,-14.34,0.287,1.526
42.79,-14.33,0.287,1.526
42.79,-14.31,0.287,1.526
42.79,-14.29,0.287,1.526
42.79,-14.28,0.287,1.526
42.79,-14.26,0.287,1.526
42.79,-14.24,0.287,1.526
42.79,-14.23,0.287,1.527
42.80,-14.21,0.287,1.527
42.80,-14.19,0.287,1.527
42.80,-14.18,0.287,1.527
42.80,-14.16,0.287,1.527
42.80,-14.14,0.287,1.527
42.81,-14.13,0.287,1.527
42.81,-14.11,0.287,1.527
42.81,-14.09,0.287,1.527
42.81,-14.08,0.287,1.527
42.81,-14.06,0.287,1.527
42.81,-14.04,0.287,1.527
42.81,-14.03,0.287,1.527
42.82,-14.01,0.287,1.527
42.82,-13.99,0.287,1.527
42.82,-13.98,0.287,1.527
42.82,-13.96,0.287,1.527
42.82,-13.94,0.287,1.527
42.83,-13.93,0.287,1.527
42.83,-13.91,0.287,1.527
42.83,-13.89,0.287,1.528
42.83,-13.88,0.287,1.528
42.83,-13.86,0.287,1.528
42.83,-13.84,0.287,1.528
42.84,-13.83,0.287,1.528
42.84,-13.81,0.287,1.528
42.84,-13.79,0.287,1.529
42.84,-13.78,0.287,1.529
42.84,-13.76,0.287,1.529
42.84,-13.74,0.287,1.529
42.84,-13.73,0.287,1.529
42.85,-13.71,0.287,1.529
42.85,-13.69,0.287,1.529
42.85,-13.68,0.287,1.529
42.85,-13.66,0.287,1.529
42.85,-13.64,0.287,1.529
42.86,-13.63,0.287,1.529
42.86,-13.61,0.287,1.529
42.86,-13.59,0.287,1.528
42.86,-13.57,0.287,1.528
42.86,-13.56,0.287,1.528
42.86,-13.54,0.287,1.528
42.86,-13.52,0.287,1.529
42.87,-13.51,0.287,1.529
42.87,-13.49,0.287,1.529
42.87,-13.48,0.287,1.529
42.87,-13.46,0.287,1.529
42.87,-13.44,0.287,1.529
42.88,-13.43,0.287,1.530
42.88,-13.41,0.287,1.530
42.88,-13.39,0.287,1.530
42.88,-13.37,0.287,1.530
42.88,-13.36,0.287,1.530
42.88,-13.34,0.287,1.530
42.89,-13.32,0.287,1.530
42.89,-13.31,0.287,1.530
42.89,-13.29,0.287,1.530
42.89,-13.27,0.287,1.530
42.89,-13.26,0.287,1.530
42.89,-13.24,0.287,1.530
42.89,-13.22,0.287,1.530
42.90,-13.21,0.287,1.530
42.90,-13.19,0.287,1.530
42.90,-13.17,0.287,1.530
42.90,-13.16,0.287,1.530
42.90,-13.14,0.287,1.530
42.91,-13.13,0.287,1.530
42.91,-13.11,0.287,1.530
42.91,-13.09,0.287,1.530
42.91,-13.08,0.287,1.530
42.91,-13.06,0.287,1.530
42.91,-13.04,0.287,1.530
42.91,-13.02,0.288,1.530
42.92,-13.01,0.288,1.530
42.92,-12.99,0.288,1.530
42.92,-12.97,0.288,1.530
42.92,-12.96,0.288,1.531
42.92,-12.94,0.288,1.531
42.93,-12.92,0.288,1.531
42.93,-12.91,0.288,1.531
42.93,-12.89,0.288,1.531
42.93,-12.88,0.288,1.531
42.93,-12.86,0.288,1.531
42.93,-12.84,0.288,1.531
42.94,-12.82,0.288,1.531
42.94,-12.81,0.288,1.531
42.94,-12.79,0.288,1.531
42.94,-12.77,0.288,1.531
42.94,-12.76,0.288,1.531
42.94,-12.74,0.288,1.531
42.94,-12.72,0.288,1.531
42.95,-12.71,0.288,1.531
42.95,-12.69,0.288,1.531
42.95,-12.67,0.288,1.532
42.95,-12.66,0.288,1.532
42.95,-12.64,0.288,1.532
42.96,-12.62,0.288,1.532
42.96,-12.61,0.288,1.532
42.96,-12.59,0.288,1.532
42.96,-12.57,0.288,1.532
42.96,-12.56,0.288,1.532
42.96,-12.54,0.288,1.532
42.96,-12.52,0.288,1.532
42.97,-12.51,0.288,1.532
42.97,-12.49,0.288,1.532
42.97,-12.47,0.288,1.532
42.97,-12.46,0.288,1.532
42.97,-12.44,0.288,1.532
42.98,-12.42,0.288,1.532
42.98,-12.41,0.288,1.532
42.98,-12.39,0.288,1.532
42.98,-12.37,0.288,1.533
42.98,-12.36,0.288,1.533
42.98,-12.34,0.288,1.533
42.99,-12.32,0.288,1.533
42.99,-12.31,0.288,1.533
42.99,-12.29,0.288,1.533
42.99,-12.27,0.288,1.534
42.99,-12.26,0.288,1.534
42.99,-12.24,0.288,1.533
42.99,-12.22,0.288,1.533
43.00,-12.21,0.288,1.533
43.00,-12.19,0.288,1.533
43.00,-12.17,0.288,1.533
43.00,-12.16,0.288,1.533
43.00,-12.14,0.288,1.533
43.01,-12.12,0.288,1.533
43.01,-12.11,0.288,1.533
43.01,-12.09,0.288,1.533
43.01,-12.07,0.288,1.533
43.01,-12.06,0.288,1.533
43.01,-12.04,0.288,1.534
43.01,-12.02,0.288,1.534
43.02,-12.01,0.288,1.534
43.02,-11.99,0.288,1.534
43.02,-11.97,0.288,1.534
43.02,-11.96,0.288,1.534
43.02,-11.94,0.288,1.534
43.03,-11.92,0.288,1.534
43.03,-11.91,0.288,1.534
43.03,-11.89,0.288,1.534
43.03,-11.87,0.288,1.534
43.03,-11.86,0.288,1.534
43.03,-11.84,0.288,1.534
43.04,-11.82,0.288,1.534
43.04,-11.81,0.288,1.534
43.04,-11.79,0.288,1.534
43.04,-11.77,0.288,1.534
43.04,-11.76,0.288,1.534
43.04,-11.74,0.288,1.534
43.04,-11.72,0.288,1.534
43.05,-11.71,0.288,1.534
43.05,-11.69,0.288,1.534
43.05,-11.67,0.288,1.534
43.05,-11.66,0.288,1.534
43.05,-11.64,0.288,1.534
43.06,-11.62,0.288,1.534
43.06,-11.61,0.288,1.535
43.06,-11.59,0.288,1.535
43.06,-11.57,0.288,1.535
43.06,-11.56,0.288,1.535
43.06,-11.54,0.288,1.535
43.06,-11.52,0.288,1.535
43.07,-11.51,0.288,1.535
43.07,-11.49,0.288,1.535
43.07,-11.47,0.288,1.535
43.07,-11.46,0.288,1.535
43.07,-11.44,0.288,1.535
43.08,-11.42,0.288,1.535
43.08,-11.41,0.288,1.535
43.08,-11.39,0.288,1.535
43.08,-11.37,0.288,1.535
43.08,-11.36,0.288,1.535
43.08,-11.34,0.288,1.535
43.09,-11.32,0.288,1.535
43.09,-11.31,0.288,1.535
43.09,-11.29,0.288,1.535
43.09,-11.27,0.288,1.535
43.09,-11.26,0.288,1.536
43.09,-11.24,0.288,1.536
43.09,-11.22,0.288,1.536
43.10,-11.20,0.288,1.536
43.10,-11.19,0.288,1.536
43.10,-11.17,0.288,1.536
43.10,-11.16,0.288,1.536
43.10,-11.14,0.288,1.536
43.11,-11.12,0.288,1.536
43.11,-11.11,0.288,1.536
43.11,-11.09,0.288,1.536
43.11,-11.07,0.288,1.536
43.11,-11.06,0.288,1.536
43.11,-11.04,0.288,1.536
43.11,-11.02,0.288,1.537
43.12,-11.01,0.288,1.537
43.12,-10.99,0.288,1.537
43.12,-10.97,0.288,1.537
43.12,-10.96,0.288,1.537
43.12,-10.94,0.288,1.537
43.13,-10.92,0.288,1.537
43.13,-10.90,0.288,1.537
43.13,-10.89,0.288,1.536
43.13,-10.87,0.288,1.536
43.13,-10.86,0.288,1.536
43.13,-10.84,0.288,1.536
43.14,-10.82,0.288,1.536
43.14,-10.81,0.288,1.536
43.14,-10.79,0.288,1.537
43.14,-10.77,0.288,1.537
43.14,-10.75,0.288,1.537
43.14,-10.74,0.288,1.537
43.14,-10.72,0.288,1.537
43.15,-10.70,0.288,1.538
43.15,-10.69,0.288,1.538
43.15,-10.67,0.288,1.537
43.15,-10.66,0.288,1.537
43.15,-10.64,0.288,1.537
43.16,-10.62,0.288,1.537
43.16,-10.60,0.288,1.537
43.16,-10.59,0.288,1.537
43.16,-10.57,0.288,1.537
43.16,-10.56,0.288,1.537
43.16,-10.54,0.288,1.537
43.16,-10.52,0.288,1.537
43.17,-10.50,0.288,1.538
43.17,-10.49,0.288,1.538
43.17,-10.47,0.288,1.538
43.17,-10.45,0.288,1.538
43.17,-10.44,0.289,1.538
43.18,-10.42,0.289,1.538
43.18,-10.40,0.289,1.538
43.18,-10.39,0.289,1.538
43.18,-10.37,0.289,1.538
43.18,-10.35,0.289,1.538
43.18,-10.34,0.289,1.538
43.19,-10.32,0.289,1.538
43.19,-10.30,0.289,1.538
43.19,-10.29,0.289,1.538
43.19,-10.27,0.289,1.538
43.19,-10.26,0.289,1.538
43.19,-10.24,0.289,1.538
43.19,-10.22,0.289,1.538
43.20,-10.20,0.289,1.539
43.20,-10.19,0.289,1.539
43.20,-10.17,0.289,1.539
43.20,-10.15,0.289,1.539
43.20,-10.14,0.289,1.539
43.21,-10.12,0.289,1.539
43.21,-10.10,0.289,1.539
43.21,-10.09,0.289,1.539
43.21,-10.07,0.289,1.539
43.21,-10.05,0.289,1.540
43.21,-10.04,0.289,1.540
43.21,-10.02,0.289,1.540
43.22,-10.00,0.289,1.540
43.22,-9.99,0.289,1.540
43.22,-9.97,0.289,1.540
43.22,-9.95,0.289,1.540
43.22,-9.94,0.289,1.540
43.23,-9.92,0.289,1.540
43.23,-9.90,0.289,1.540
43.23,-9.89,0.289,1.540
43.23,-9.87,0.289,1.540
43.23,-9.85,0.289,1.540
43.23,-9.84,0.289,1.540
43.24,-9.82,0.289,1.540
43.24,-9.80,0.289,1.540
43.24,-9.79,0.289,1.540
43.24,-9.77,0.289,1.540
43.24,-9.75,0.289,1.540
43.24,-9.74,0.289,1.540
43.24,-9.72,0.289,1.540
43.25,-9.70,0.289,1.540
43.25,-9.69,0.289,1.540
43.25,-9.67,0.289,1.540
43.25,-9.65,0.289,1.540
43.25,-9.64,0.289,1.540
43.26,-9.62,0.289,1.540
43.26,-9.60,0.289,1.540
43.26,-9.59,0.289,1.541
43.26,-9.57,0.289,1.541
43.26,-9.55,0.289,1.541
43.26,-9.54,0.289,1.541
43.26,-9.52,0.289,1.541
43.27,-9.50,0.289,1.541
43.27,-9.49,0.289,1.541
43.27,-9.47,0.289,1.541
43.27,-9.45,0.289,1.540
43.27,-9.44,0.289,1.540
43.28,-9.42,0.289,1.540
43.28,-9.40,0.289,1.540
43.28,-9.39,0.289,1.540
43.28,-9.37,0.289,1.540
43.28,-9.35,0.289,1.540
43.28,-9.34,0.289,1.541
43.29,-9.32,0.289,1.541
43.29,-9.30,0.289,1.541
43.29,-9.29,0.289,1.541
43.29,-9.27,0.289,1.541
43.29,-9.25,0.289,1.541
43.29,-9.24,0.289,1.541
43.29,-9.22,0.289,1.541
43.30,-9.20,0.289,1.541
43.30,-9.19,0.289,1.541
43.30,-9.17,0.289,1.541
43.30,-9.15,0.289,1.541
43.30,-9.14,0.289,1.541
43.31,-9.12,0.289,1.541
43.31,-9.10,0.289,1.541
43.31,-9.09,0.289,1.542
43.31,-9.07,0.289,1.542
43.31,-9.05,0.289,1.542
43.31,-9.04,0.289,1.542
43.31,-9.02,0.289,1.542
43.32,-9.00,0.289,1.542
43.32,-8.99,0.289,1.542
43.32,-8.97,0.289,1.542
43.32,-8.95,0.289,1.542
43.32,-8.94,0.289,1.543
43.33,-8.92,0.289,1.543
43.33,-8.90,0.289,1.543
43.33,-8.89,0.289,1.543
43.33,-8.87,0.289,1.543
43.33,-8.85,0.289,1.543
43.33,-8.84,0.289,1.543
43.34,-8.82,0.289,1.543
43.34,-8.80,0.289,1.543
43.34,-8.79,0.289,1.543
43.34,-8.77,0.289,1.543
43.34,-8.75,0.289,1.543
43.34,-8.74,0.289,1.543
43.34,-8.72,0.289,1.543
43.35,-8.70,0.289,1.543
43.35,-8.69,0.289,1.543
43.35,-8.67,0.289,1.543
43.35,-8.65,0.289,1.543
43.35,-8.64,0.289,1.543
43.36,-8.62,0.289,1.543
43.36,-8.60,0.289,1.543
43.36,-8.59,0.289,1.543
43.36,-8.57,0.289,1.543
43.36,-8.55,0.289,1.543
43.36,-8.54,0.289,1.543
43.36,-8.52,0.289,1.543
43.37,-8.50,0.289,1.544
43.37,-8.49,0.289,1.544
43.37,-8.47,0.289,1.544
43.37,-8.45,0.289,1.544
43.37,-8.43,0.289,1.544
43.38,-8.42,0.289,1.544
43.38,-8.40,0.289,1.545
43.38,-8.38,0.289,1.545
43.38,-8.37,0.289,1.545
43.38,-8.35,0.289,1.545
43.38,-8.34,0.289,1.545
43.39,-8.32,0.289,1.545
43.39,-8.30,0.289,1.545
43.39,-8.29,0.289,1.545
43.39,-8.27,0.289,1.545
43.39,-8.25,0.290,1.545
43.39,-8.23,0.290,1.545
43.39,-8.22,0.290,1.545
43.40,-8.20,0.290,1.545
43.40,-8.18,0.290,1.544
43.40,-8.17,0.290,1.545
43.40,-8.15,0.290,1.545
43.40,-8.13,0.290,1.545
43.41,-8.12,0.290,1.545
43.41,-8.10,0.290,1.545
43.41,-8.09,0.290,1.545
43.41,-8.07,0.290,1.545
43.41,-8.05,0.290,1.545
43.41,-8.04,0.290,1.545
43.41,-8.02,0.290,1.545
43.42,-8.00,0.290,1.545
43.42,-7.98,0.290,1.545
43.42,-7.97,0.290,1.545
43.42,-7.95,0.290,1.545
43.42,-7.93,0.290,1.545
43.43,-7.92,0.290,1.545
43.43,-7.90,0.290,1.545
43.43,-7.89,0.290,1.546
43.43,-7.87,0.290,1.546
43.43,-7.85,0.290,1.546
43.43,-7.83,0.290,1.546
43.44,-7.82,0.290,1.546
43.44,-7.80,0.290,1.546
43.44,-7.78,0.290,1.546
43.44,-7.77,0.290,1.546
43.44,-7.75,0.290,1.546
43.44,-7.73,0.290,1.546
43.44,-7.72,0.290,1.546
43.45,-7.70,0.290,1.546
43.45,-7.68,0.290,1.546
43.45,-7.67,0.290,1.546
43.45,-7.65,0.290,1.546
43.45,-7.63,0.290,1.546
43.46,-7.62,0.290,1.546
43.46,-7.60,0.290,1.546
43.46,-7.58,0.290,1.546
43.46,-7.57,0.290,1.546
43.46,-7.55,0.290,1.546
43.46,-7.53,0.290,1.546
43.46,-7.52,0.290,1.546
43.47,-7.50,0.290,1.546
43.47,-7.48,0.290,1.546
43.47,-7.47,0.290,1.547
43.47,-7.45,0.290,1.547
43.47,-7.43,0.290,1.547
43.48,-7.42,0.290,1.547
43.48,-7.40,0.290,1.548
43.48,-7.38,0.290,1.548
43.48,-7.37,0.290,1.548
43.48,-7.35,0.290,1.548
43.48,-7.33,0.290,1.548
43.49,-7.32,0.290,1.548
43.49,-7.30,0.290,1.548
43.49,-7.28,0.290,1.548
43.49,-7.27,0.290,1.548
43.49,-7.25,0.290,1.548
43.49,-7.23,0.290,1.548
43.49,-7.22,0.290,1.548
43.50,-7.20,0.290,1.548
43.50,-7.18,0.290,1.548
43.50,-7.17,0.290,1.548
43.50,-7.15,0.290,1.548
43.50,-7.13,0.290,1.548
43.51,-7.12,0.290,1.548
43.51,-7.10,0.290,1.548
43.51,-7.08,0.290,1.548
43.51,-7.07,0.290,1.548
43.51,-7.05,0.290,1.548
43.51,-7.03,0.290,1.548
43.51,-7.02,0.290,1.548
43.52,-7.00,0.290,1.548
43.52,-6.98,0.290,1.548
43.52,-6.97,0.290,1.548
43.52,-6.95,0.290,1.548
43.52,-6.93,0.290,1.548
43.53,-6.92,0.290,1.548
43.53,-6.90,0.290,1.548
43.53,-6.88,0.290,1.548
43.53,-6.87,0.290,1.548
43.53,-6.85,0.290,1.548
43.53,-6.83,0.290,1.548
43.54,-6.82,0.290,1.548
43.54,-6.80,0.290,1.548
43.54,-6.78,0.290,1.549
43.54,-6.77,0.290,1.549
43.54,-6.75,0.290,1.549
43.54,-6.73,0.290,1.549
43.54,-6.71,0.290,1.549
43.55,-6.70,0.290,1.549
43.55,-6.68,0.290,1.549
43.55,-6.67,0.290,1.549
43.55,-6.65,0.290,1.549
43.55,-6.63,0.290,1.549
43.56,-6.61,0.290,1.549
43.56,-6.60,0.290,1.549
43.56,-6.58,0.290,1.549
43.56,-6.57,0.290,1.549
43.56,-6.55,0.290,1.549
43.56,-6.53,0.290,1.549
43.56,-6.52,0.290,1.549
43.57,-6.50,0.290,1.550
43.57,-6.48,0.290,1.550
43.57,-6.46,0.290,1.550
43.57,-6.45,0.290,1.550
43.57,-6.43,0.290,1.550
43.58,-6.42,0.290,1.550
43.58,-6.40,0.290,1.550
43.58,-6.38,0.290,1.550
43.58,-6.37,0.290,1.550
43.58,-6.35,0.290,1.550
43.58,-6.33,0.290,1.550
43.59,-6.32,0.290,1.550
43.59,-6.30,0.290,1.550
43.59,-6.28,0.290,1.550
43.59,-6.27,0.290,1.550
43.59,-6.25,0.290,1.550
43.59,-6.23,0.290,1.550
43.59,-6.22,0.290,1.550
43.60,-6.20,0.290,1.550
43.60,-6.18,0.290,1.550
43.60,-6.17,0.290,1.550
43.60,-6.15,0.290,1.550
43.60,-6.13,0.290,1.550
43.61,-6.12,0.290,1.550
43.61,-6.10,0.290,1.550
43.61,-6.08,0.290,1.550
43.61,-6.06,0.290,1.551
43.61,-6.05,0.290,1.551
43.61,-6.03,0.290,1.551
43.61,-6.02,0.290,1.551
43.62,-6.00,0.290,1.551
43.62,-5.98,0.290,1.551
43.62,-5.97,0.290,1.551
43.62,-5.95,0.290,1.552
43.62,-5.93,0.291,1.552
43.63,-5.91,0.291,1.552
43.63,-5.90,0.291,1.551
43.63,-5.88,0.291,1.551
43.63,-5.86,0.291,1.551
43.63,-5.85,0.291,1.551
43.63,-5.83,0.291,1.551
43.64,-5.81,0.291,1.551
43.64,-5.80,0.291,1.551
43.64,-5.78,0.291,1.552
43.64,-5.76,0.291,1.552
43.64,-5.75,0.291,1.552
43.64,-5.73,0.291,1.552
43.64,-5.72,0.291,1.553
43.65,-5.70,0.291,1.553
43.65,-5.68,0.291,1.553
43.65,-5.66,0.291,1.553
43.65,-5.65,0.291,1.553
43.65,-5.63,0.291,1.553
43.66,-5.61,0.291,1.552
43.66,-5.60,0.291,1.552
43.66,-5.58,0.291,1.552
43.66,-5.56,0.291,1.552
43.66,-5.55,0.291,1.552
43.66,-5.53,0.291,1.552
43.66,-5.51,0.291,1.552
43.67,-5.50,0.291,1.552
43.67,-5.48,0.291,1.553
43.67,-5.46,0.291,1.553
43.67,-5.45,0.291,1.553
43.67,-5.43,0.291,1.553
43.68,-5.41,0.291,1.553
43.68,-5.40,0.291,1.553
43.68,-5.38,0.291,1.553
43.68,-5.36,0.291,1.553
43.68,-5.35,0.291,1.553
43.68,-5.33,0.291,1.553
43.69,-5.31,0.291,1.554
43.69,-5.30,0.291,1.554
43.69,-5.28,0.291,1.554
43.69,-5.26,0.291,1.554
43.69,-5.25,0.291,1.554
43.69,-5.23,0.291,1.554
43.69,-5.21,0.291,1.554
43.70,-5.20,0.291,1.554
43.70,-5.18,0.291,1.554
43.70,-5.16,0.291,1.554
43.70,-5.15,0.291,1.554
43.70,-5.13,0.291,1.554
43.71,-5.11,0.291,1.554
43.71,-5.10,0.291,1.554
43.71,-5.08,0.291,1.554
43.71,-5.06,0.291,1.554
43.71,-5.05,0.291,1.554
43.71,-5.03,0.291,1.554
43.71,-5.01,0.291,1.554
43.72,-5.00,0.291,1.554
43.72,-4.98,0.291,1.554
43.72,-4.96,0.291,1.554
43.72,-4.95,0.291,1.554
43.72,-4.93,0.291,1.554
43.73,-4.91,0.291,1.555
43.73,-4.90,0.291,1.555
43.73,-4.88,0.291,1.555
43.73,-4.86,0.291,1.555
43.73,-4.85,0.291,1.555
43.73,-4.83,0.291,1.555
43.74,-4.81,0.291,1.555
43.74,-4.80,0.291,1.555
43.74,-4.78,0.291,1.555
43.74,-4.76,0.291,1.555
43.74,-4.75,0.291,1.555
43.74,-4.73,0.291,1.555
43.74,-4.71,0.291,1.555
43.75,-4.70,0.291,1.555
43.75,-4.68,0.291,1.555
43.75,-4.66,0.291,1.555
43.75,-4.65,0.291,1.555
43.75,-4.63,0.291,1.555
43.76,-4.61,0.291,1.556
43.76,-4.60,0.291,1.556
43.76,-4.58,0.291,1.556
43.76,-4.56,0.291,1.556
43.76,-4.55,0.291,1.556
43.76,-4.53,0.291,1.556
43.76,-4.51,0.291,1.556
43.77,-4.50,0.291,1.556
43.77,-4.48,0.291,1.557
43.77,-4.46,0.291,1.557
43.77,-4.45,0.291,1.557
43.77,-4.43,0.291,1.557
43.78,-4.41,0.291,1.557
43.78,-4.40,0.291,1.557
43.78,-4.38,0.291,1.557
43.78,-4.36,0.291,1.557
43.78,-4.35,0.291,1.557
43.78,-4.33,0.291,1.556
43.79,-4.31,0.291,1.556
43.79,-4.30,0.291,1.556
43.79,-4.28,0.291,1.556
43.79,-4.26,0.291,1.556
43.79,-4.25,0.291,1.556
43.79,-4.23,0.291,1.556
43.79,-4.21,0.291,1.557
43.80,-4.20,0.291,1.557
43.80,-4.18,0.291,1.557
43.80,-4.16,0.291,1.557
43.80,-4.14,0.291,1.558
43.80,-4.13,0.291,1.558
43.81,-4.11,0.291,1.558
43.81,-4.09,0.291,1.558
43.81,-4.08,0.291,1.558
43.81,-4.06,0.291,1.558
43.81,-4.05,0.291,1.558
43.81,-4.03,0.291,1.558
43.81,-4.01,0.291,1.558
43.82,-4.00,0.291,1.558
43.82,-3.98,0.292,1.558
43.82,-3.96,0.292,1.559
43.82,-3.95,0.292,1.559
43.82,-3.93,0.292,1.559
43.83,-3.91,0.292,1.559
43.83,-3.89,0.292,1.559
43.83,-3.88,0.292,1.559
43.83,-3.86,0.292,1.559
43.83,-3.84,0.292,1.559
43.83,-3.83,0.292,1.559
43.84,-3.81,0.292,1.558
43.84,-3.80,0.292,1.558
43.84,-3.78,0.292,1.559
43.84,-3.76,0.292,1.559
43.84,-3.75,0.292,1.559
43.84,-3.73,0.292,1.559
43.84,-3.71,0.292,1.559
43.85,-3.69,0.292,1.559
43.85,-3.68,0.292,1.559
43.85,-3.66,0.292,1.559
43.85,-3.64,0.292,1.559
43.85,-3.63,0.292,1.559
43.86,-3.61,0.292,1.559
43.86,-3.59,0.292,1.559
43.86,-3.58,0.292,1.559
43.86,-3.56,0.292,1.559
43.86,-3.54,0.292,1.559
43.86,-3.53,0.292,1.559
43.86,-3.51,0.292,1.559
43.87,-3.49,0.292,1.559
43.87,-3.48,0.292,1.560
43.87,-3.46,0.292,1.560
43.87,-3.45,0.292,1.560
43.87,-3.43,0.292,1.560
43.88,-3.41,0.292,1.560
43.88,-3.40,0.292,1.560
43.88,-3.38,0.292,1.560
43.88,-3.36,0.292,1.560
43.88,-3.34,0.292,1.559
43.88,-3.33,0.292,1.559
43.89,-3.31,0.292,1.559
43.89,-3.29,0.292,1.559
43.89,-3.28,0.292,1.559
43.89,-3.26,0.292,1.558
43.89,-3.24,0.292,1.559
43.89,-3.23,0.292,1.559
43.89,-3.21,0.292,1.559
43.90,-3.19,0.292,1.559
43.90,-3.18,0.292,1.560
43.90,-3.16,0.292,1.560
43.90,-3.15,0.292,1.560
43.90,-3.13,0.292,1.560
43.91,-3.11,0.292,1.560
43.91,-3.09,0.292,1.560
43.91,-3.08,0.292,1.560
43.91,-3.06,0.292,1.560
43.91,-3.04,0.292,1.560
43.91,-3.03,0.292,1.560
43.91,-3.01,0.292,1.560
43.92,-3.00,0.292,1.560
43.92,-2.98,0.292,1.560
43.92,-2.96,0.292,1.560
43.92,-2.94,0.292,1.560
43.92,-2.93,0.292,1.560
43.93,-2.91,0.292,1.561
43.93,-2.89,0.292,1.561
43.93,-2.88,0.292,1.561
43.93,-2.86,0.292,1.561
43.93,-2.84,0.292,1.561
43.93,-2.83,0.292,1.561
43.94,-2.81,0.292,1.561
43.94,-2.79,0.292,1.561
43.94,-2.78,0.292,1.561
43.94,-2.76,0.292,1.561
43.94,-2.74,0.292,1.561
43.94,-2.73,0.292,1.561
43.94,-2.71,0.292,1.561
43.95,-2.69,0.292,1.562
43.95,-2.68,0.292,1.562
43.95,-2.66,0.292,1.562
43.95,-2.64,0.292,1.562
43.95,-2.63,0.292,1.562
43.96,-2.61,0.292,1.562
43.96,-2.59,0.292,1.562
43.96,-2.58,0.292,1.562
43.96,-2.56,0.292,1.562
43.96,-2.54,0.292,1.562
43.96,-2.53,0.292,1.562
43.96,-2.51,0.292,1.562
43.97,-2.49,0.292,1.562
43.97,-2.48,0.292,1.562
43.97,-2.46,0.292,1.562
43.97,-2.44,0.292,1.562
43.97,-2.43,0.292,1.562
43.98,-2.41,0.292,1.562
43.98,-2.39,0.292,1.562
43.98,-2.38,0.292,1.562
43.98,-2.36,0.292,1.562
43.98,-2.34,0.292,1.563
43.98,-2.33,0.292,1.563
43.99,-2.31,0.292,1.563
43.99,-2.29,0.292,1.563
43.99,-2.27,0.292,1.564
43.99,-2.26,0.292,1.564
43.99,-2.24,0.292,1.564
43.99,-2.22,0.292,1.563
43.99,-2.21,0.292,1.563
44.00,-2.19,0.293,1.563
44.00,-2.18,0.293,1.563
44.00,-2.16,0.293,1.563
44.00,-2.14,0.293,1.563
44.00,-2.12,0.293,1.563
44.01,-2.11,0.293,1.563
44.01,-2.09,0.293,1.563
44.01,-2.08,0.293,1.563
44.01,-2.06,0.293,1.563
44.01,-2.04,0.293,1.563
44.01,-2.02,0.293,1.563
44.01,-2.01,0.293,1.563
44.02,-1.99,0.293,1.563
44.02,-1.98,0.293,1.563
44.02,-1.96,0.293,1.563
44.02,-1.94,0.293,1.563
44.02,-1.93,0.293,1.563
44.03,-1.91,0.293,1.563
44.03,-1.89,0.293,1.563
44.03,-1.88,0.293,1.563
44.03,-1.86,0.293,1.563
44.03,-1.84,0.293,1.564
44.03,-1.83,0.293,1.564
44.04,-1.81,0.293,1.564
44.04,-1.79,0.293,1.564
44.04,-1.77,0.293,1.565
44.04,-1.76,0.293,1.565
44.04,-1.74,0.293,1.565
44.04,-1.72,0.293,1.565
44.04,-1.71,0.293,1.565
44.05,-1.69,0.293,1.565
44.05,-1.68,0.293,1.565
44.05,-1.66,0.293,1.565
44.05,-1.64,0.293,1.565
44.05,-1.62,0.293,1.565
44.06,-1.61,0.293,1.565
44.06,-1.59,0.293,1.565
44.06,-1.57,0.293,1.565
44.06,-1.56,0.293,1.566
44.06,-1.54,0.293,1.565
44.06,-1.52,0.293,1.565
44.06,-1.51,0.293,1.565
44.07,-1.49,0.293,1.565
44.07,-1.47,0.293,1.565
44.07,-1.46,0.293,1.565
44.07,-1.44,0.293,1.565
44.07,-1.42,0.293,1.565
44.08,-1.41,0.293,1.565
44.08,-1.39,0.293,1.565
44.08,-1.37,0.293,1.565
44.08,-1.36,0.293,1.566
44.08,-1.34,0.293,1.566
44.08,-1.32,0.293,1.566
44.09,-1.31,0.293,1.567
44.09,-1.29,0.293,1.567
44.09,-1.27,0.293,1.567
44.09,-1.26,0.293,1.567
44.09,-1.24,0.293,1.568
44.09,-1.22,0.293,1.568
44.09,-1.21,0.293,1.568
44.10,-1.19,0.293,1.568
44.10,-1.17,0.293,1.568
44.10,-1.16,0.293,1.568
44.10,-1.14,0.293,1.568
44.10,-1.12,0.293,1.568
44.11,-1.11,0.293,1.568
44.11,-1.09,0.293,1.568
44.11,-1.07,0.293,1.568
44.11,-1.06,0.293,1.568
44.11,-1.04,0.293,1.568
44.11,-1.02,0.293,1.568
44.11,-1.01,0.293,1.568
44.12,-0.99,0.293,1.568
44.12,-0.97,0.293,1.568
44.12,-0.96,0.293,1.568
44.12,-0.94,0.293,1.568
44.12,-0.92,0.293,1.568
44.13,-0.91,0.293,1.568
44.13,-0.89,0.293,1.568
44.13,-0.87,0.293,1.568
44.13,-0.86,0.293,1.568
44.13,-0.84,0.293,1.568
44.13,-0.82,0.293,1.568
44.14,-0.81,0.293,1.568
44.14,-0.79,0.293,1.568
44.14,-0.77,0.293,1.568
44.14,-0.76,0.293,1.569
44.14,-0.74,0.293,1.569
44.14,-0.72,0.293,1.569
44.14,-0.71,0.293,1.569
44.15,-0.69,0.293,1.569
44.15,-0.67,0.293,1.569
44.15,-0.66,0.293,1.569
44.15,-0.64,0.293,1.569
44.15,-0.62,0.293,1.569
44.16,-0.61,0.293,1.569
44.16,-0.59,0.293,1.569
44.16,-0.57,0.293,1.569
44.16,-0.56,0.293,1.569
44.16,-0.54,0.293,1.569
44.16,-0.52,0.293,1.569
44.16,-0.51,0.293,1.569
44.17,-0.49,0.293,1.569
44.17,-0.47,0.293,1.569
44.17,-0.46,0.293,1.569
44.17,-0.44,0.293,1.569
44.17,-0.42,0.293,1.569
44.18,-0.41,0.293,1.569
44.18,-0.39,0.293,1.569
44.18,-0.37,0.293,1.569
44.18,-0.36,0.293,1.569
44.18,-0.34,0.294,1.569
44.18,-0.32,0.294,1.569
44.19,-0.31,0.294,1.569
44.19,-0.29,0.294,1.569
44.19,-0.27,0.294,1.569
44.19,-0.26,0.294,1.569
44.19,-0.24,0.294,1.570
44.19,-0.22,0.294,1.570
44.19,-0.21,0.294,1.570
44.20,-0.19,0.294,1.570
44.20,-0.17,0.294,1.570
44.20,-0.16,0.294,1.570
44.20,-0.14,0.294,1.570
44.20,-0.12,0.294,1.570
44.21,-0.11,0.294,1.570
44.21,-0.09,0.294,1.570
44.21,-0.07,0.294,1.571
44.21,-0.06,0.294,1.571
44.21,-0.04,0.294,1.571
44.21,-0.02,0.294,1.570
44.21,-0.01,0.294,1.570
44.22,0.01,0.294,1.570
44.22,0.03,0.294,1.570
44.22,0.04,0.294,1.570
44.22,0.06,0.294,1.570
44.22,0.08,0.294,1.570
44.23,0.10,0.294,1.571
44.23,0.11,0.294,1.571
44.23,0.13,0.294,1.571
44.23,0.14,0.294,1.571
44.23,0.16,0.294,1.571
44.23,0.18,0.294,1.571
44.24,0.19,0.294,1.571
44.24,0.21,0.294,1.571
44.24,0.23,0.294,1.571
44.24,0.24,0.294,1.571
44.24,0.26,0.294,1.571
44.24,0.28,0.294,1.571
44.24,0.29,0.294,1.571
44.25,0.31,0.294,1.571
44.25,0.33,0.294,1.571
44.25,0.34,0.294,1.571
44.25,0.36,0.294,1.572
44.25,0.38,0.294,1.572
44.26,0.39,0.294,1.572
44.26,0.41,0.294,1.572
44.26,0.43,0.294,1.572
44.26,0.45,0.294,1.572
44.26,0.46,0.294,1.572
44.26,0.48,0.294,1.572
44.26,0.49,0.294,1.572
44.27,0.51,0.294,1.572
44.27,0.53,0.294,1.572
44.27,0.55,0.294,1.572
44.27,0.56,0.294,1.572
44.27,0.58,0.294,1.572
44.28,0.60,0.294,1.572
44.28,0.61,0.294,1.572
44.28,0.63,0.294,1.572
44.28,0.65,0.294,1.572
44.28,0.66,0.294,1.572
44.28,0.68,0.294,1.572
44.29,0.70,0.294,1.572
44.29,0.71,0.294,1.572
44.29,0.73,0.294,1.573
44.29,0.75,0.294,1.573
44.29,0.76,0.294,1.573
44.29,0.78,0.294,1.573
44.29,0.80,0.294,1.573
44.30,0.81,0.294,1.573
44.30,0.83,0.294,1.573
44.30,0.85,0.294,1.573
44.30,0.86,0.294,1.573
44.30,0.88,0.294,1.573
44.31,0.89,0.294,1.573
44.31,0.91,0.294,1.573
44.31,0.93,0.294,1.573
44.31,0.94,0.294,1.573
44.31,0.96,0.294,1.573
44.31,0.98,0.294,1.573
44.31,1.00,0.294,1.573
44.32,1.01,0.294,1.573
44.32,1.03,0.294,1.573
44.32,1.05,0.294,1.573
44.32,1.06,0.294,1.573
44.32,1.08,0.294,1.574
44.33,1.10,0.294,1.574
44.33,1.11,0.294,1.574
44.33,1.13,0.294,1.574
44.33,1.15,0.294,1.574
44.33,1.16,0.294,1.574
44.33,1.18,0.294,1.574
44.34,1.20,0.294,1.573
44.34,1.21,0.294,1.573
44.34,1.23,0.294,1.573
44.34,1.25,0.294,1.573
44.34,1.26,0.294,1.573
44.34,1.28,0.294,1.573
44.34,1.30,0.294,1.573
44.35,1.31,0.294,1.574
44.35,1.33,0.294,1.574
44.35,1.35,0.294,1.574
44.35,1.36,0.294,1.574
44.35,1.38,0.294,1.574
44.36,1.40,0.294,1.574
44.36,1.41,0.294,1.574
44.36,1.43,0.294,1.574
44.36,1.45,0.294,1.574
44.36,1.46,0.294,1.575
44.36,1.48,0.294,1.575
44.36,1.50,0.294,1.575
44.37,1.51,0.294,1.575
44.37,1.53,0.294,1.575
44.37,1.55,0.294,1.575
44.37,1.56,0.294,1.575
44.37,1.58,0.295,1.575
44.38,1.60,0.295,1.575
44.38,1.61,0.295,1.576
44.38,1.63,0.295,1.576
44.38,1.65,0.295,1.576
44.38,1.66,0.295,1.576
44.38,1.68,0.295,1.576
44.39,1.70,0.295,1.576
44.39,1.71,0.295,1.576
44.39,1.73,0.295,1.576
44.39,1.75,0.295,1.576
44.39,1.76,0.295,1.576
44.39,1.78,0.295,1.576
44.39,1.80,0.295,1.576
44.40,1.81,0.295,1.576
44.40,1.83,0.295,1.576
44.40,1.85,0.295,1.576
44.40,1.86,0.295,1.576
44.40,1.88,0.295,1.576
44.41,1.90,0.295,1.576
44.41,1.91,0.295,1.576
44.41,1.93,0.295,1.576
44.41,1.95,0.295,1.576
44.41,1.96,0.295,1.576
44.41,1.98,0.295,1.576
44.41,2.00,0.295,1.576
44.42,2.01,0.295,1.576
44.42,2.03,0.295,1.577
44.42,2.05,0.295,1.576
44.42,2.06,0.295,1.576
44.42,2.08,0.295,1.576
44.43,2.10,0.295,1.576
44.43,2.11,0.295,1.576
44.43,2.13,0.295,1.577
44.43,2.15,0.295,1.577
44.43,2.16,0.295,1.577
44.43,2.18,0.295,1.577
44.44,2.20,0.295,1.577
44.44,2.21,0.295,1.577
44.44,2.23,0.295,1.577
44.44,2.25,0.295,1.577
44.44,2.27,0.295,1.577
44.44,2.28,0.295,1.577
44.44,2.30,0.295,1.577
44.45,2.31,0.295,1.577
44.45,2.33,0.295,1.577
44.45,2.35,0.295,1.577
44.45,2.37,0.295,1.577
44.45,2.38,0.295,1.577
44.46,2.40,0.295,1.577
44.46,2.42,0.295,1.578
44.46,2.43,0.295,1.578
44.46,2.45,0.295,1.578
44.46,2.47,0.295,1.578
44.46,2.48,0.295,1.578
44.46,2.50,0.295,1.578
44.47,2.51,0.295,1.578
44.47,2.53,0.295,1.578
44.47,2.55,0.295,1.578
44.47,2.56,0.295,1.578
44.47,2.58,0.295,1.578
44.48,2.60,0.295,1.578
44.48,2.61,0.295,1.579
44.48,2.63,0.295,1.579
44.48,2.65,0.295,1.579
44.48,2.66,0.295,1.579
44.48,2.68,0.295,1.579
44.49,2.70,0.295,1.579
44.49,2.71,0.295,1.579
44.49,2.73,0.295,1.579
44.49,2.75,0.295,1.579
44.49,2.77,0.295,1.579
44.49,2.78,0.295,1.579
44.49,2.80,0.295,1.578
44.50,2.81,0.295,1.578
44.50,2.83,0.295,1.578
44.50,2.85,0.295,1.579
44.50,2.87,0.295,1.579
44.50,2.88,0.295,1.579
44.51,2.90,0.295,1.579
44.51,2.91,0.295,1.579
44.51,2.93,0.295,1.579
44.51,2.95,0.295,1.579
44.51,2.96,0.295,1.580
44.51,2.98,0.295,1.580
44.51,3.00,0.295,1.580
44.52,3.01,0.295,1.580
44.52,3.03,0.295,1.580
44.52,3.05,0.295,1.580
44.52,3.07,0.295,1.580
44.52,3.08,0.295,1.580
44.53,3.10,0.295,1.580
44.53,3.12,0.295,1.580
44.53,3.13,0.295,1.580
44.53,3.15,0.295,1.580
44.53,3.17,0.295,1.580
44.53,3.18,0.295,1.580
44.54,3.20,0.295,1.580
44.54,3.21,0.295,1.580
44.54,3.23,0.295,1.581
44.54,3.25,0.295,1.581
44.54,3.27,0.295,1.581
44.54,3.28,0.296,1.581
44.54,3.30,0.296,1.582
44.55,3.32,0.296,1.582
44.55,3.33,0.296,1.582
44.55,3.35,0.296,1.582
44.55,3.37,0.296,1.582
44.55,3.38,0.296,1.582
44.56,3.40,0.296,1.582
44.56,3.42,0.296,1.582
44.56,3.43,0.296,1.582
44.56,3.45,0.296,1.582
44.56,3.46,0.296,1.582
44.56,3.48,0.296,1.582
44.56,3.50,0.296,1.582
44.57,3.52,0.296,1.582
44.57,3.53,0.296,1.582
44.57,3.55,0.296,1.582
44.57,3.57,0.296,1.582
44.57,3.58,0.296,1.582
44.58,3.60,0.296,1.582
44.58,3.62,0.296,1.582
44.58,3.63,0.296,1.582
44.58,3.65,0.296,1.582
44.58,3.66,0.296,1.582
44.58,3.68,0.296,1.582
44.59,3.70,0.296,1.582
44.59,3.71,0.296,1.582
44.59,3.73,0.296,1.582
44.59,3.75,0.296,1.582
44.59,3.77,0.296,1.582
44.59,3.78,0.296,1.582
44.59,3.80,0.296,1.582
44.60,3.82,0.296,1.582
44.60,3.83,0.296,1.582
44.60,3.85,0.296,1.582
44.60,3.87,0.296,1.583
44.60,3.88,0.296,1.583
44.61,3.90,0.296,1.583
44.61,3.92,0.296,1.583
44.61,3.93,0.296,1.583
44.61,3.95,0.296,1.582
44.61,3.97,0.296,1.582
44.61,3.98,0.296,1.582
44.61,4.00,0.296,1.582
44.62,4.02,0.296,1.582
44.62,4.03,0.296,1.582
44.62,4.05,0.296,1.583
44.62,4.07,0.296,1.583
44.62,4.08,0.296,1.583
44.63,4.10,0.296,1.583
44.63,4.12,0.296,1.583
44.63,4.13,0.296,1.583
44.63,4.15,0.296,1.584
44.63,4.17,0.296,1.584
44.63,4.18,0.296,1.584
44.64,4.20,0.296,1.584
44.64,4.22,0.296,1.584
44.64,4.23,0.296,1.584
44.64,4.25,0.296,1.584
44.64,4.27,0.296,1.584
44.64,4.28,0.296,1.584
44.64,4.30,0.296,1.584
44.65,4.32,0.296,1.584
44.65,4.33,0.296,1.584
44.65,4.35,0.296,1.584
44.65,4.37,0.296,1.584
44.65,4.38,0.296,1.583
44.66,4.40,0.296,1.583
44.66,4.42,0.296,1.583
44.66,4.43,0.296,1.583
44.66,4.45,0.296,1.584
44.66,4.47,0.296,1.584
44.66,4.48,0.296,1.584
44.66,4.50,0.296,1.584
44.67,4.52,0.296,1.585
44.67,4.53,0.296,1.585
44.67,4.55,0.296,1.585
44.67,4.57,0.296,1.585
44.67,4.58,0.296,1.585
44.68,4.60,0.296,1.585
44.68,4.62,0.296,1.585
44.68,4.63,0.296,1.584
44.68,4.65,0.296,1.584
44.68,4.67,0.296,1.584
44.68,4.68,0.296,1.584
44.69,4.70,0.296,1.584
44.69,4.72,0.296,1.584
44.69,4.73,0.296,1.584
44.69,4.75,0.296,1.584
44.69,4.77,0.296,1.585
44.69,4.78,0.296,1.585
44.69,4.80,0.296,1.585
44.70,4.82,0.296,1.585
44.70,4.83,0.296,1.585
44.70,4.85,0.296,1.585
44.70,4.87,0.296,1.585
44.70,4.89,0.296,1.585
44.71,4.90,0.296,1.585
44.71,4.92,0.296,1.585
44.71,4.93,0.296,1.585
44.71,4.95,0.296,1.585
44.71,4.97,0.296,1.585
44.71,4.98,0.296,1.585
44.71,5.00,0.296,1.586
44.72,5.02,0.296,1.586
44.72,5.03,0.297,1.586
44.72,5.05,0.297,1.586
44.72,5.07,0.297,1.586
44.72,5.08,0.297,1.586
44.73,5.10,0.297,1.586
44.73,5.12,0.297,1.586
44.73,5.14,0.297,1.586
44.73,5.15,0.297,1.586
44.73,5.17,0.297,1.586
44.73,5.18,0.297,1.586
44.74,5.20,0.297,1.586
44.74,5.22,0.297,1.586
44.74,5.23,0.297,1.586
44.74,5.25,0.297,1.586
44.74,5.27,0.297,1.586
44.74,5.28,0.297,1.586
44.74,5.30,0.297,1.586
44.75,5.32,0.297,1.586
44.75,5.34,0.297,1.587
44.75,5.35,0.297,1.587
44.75,5.37,0.297,1.587
44.75,5.38,0.297,1.587
44.76,5.40,0.297,1.587
44.76,5.42,0.297,1.587
44.76,5.44,0.297,1.587
44.76,5.45,0.297,1.587
44.76,5.47,0.297,1.587
44.76,5.48,0.297,1.587
44.76,5.50,0.297,1.587
44.77,5.52,0.297,1.587
44.77,5.53,0.297,1.587
44.77,5.55,0.297,1.587
44.77,5.57,0.297,1.587
44.77,5.58,0.297,1.587
44.78,5.60,0.297,1.587
44.78,5.62,0.297,1.587
44.78,5.64,0.297,1.587
44.78,5.65,0.297,1.587
44.78,5.67,0.297,1.587
44.78,5.68,0.297,1.587
44.79,5.70,0.297,1.587
44.79,5.72,0.297,1.587
44.79,5.74,0.297,1.587
44.79,5.75,0.297,1.588
44.79,5.77,0.297,1.588
44.79,5.79,0.297,1.588
44.79,5.80,0.297,1.588
44.80,5.82,0.297,1.588
44.80,5.84,0.297,1.588
44.80,5.85,0.297,1.588
44.80,5.87,0.297,1.588
44.80,5.89,0.297,1.588
44.81,5.90,0.297,1.588
44.81,5.92,0.297,1.588
44.81,5.94,0.297,1.588
44.81,5.95,0.297,1.588
44.81,5.97,0.297,1.588
44.81,5.98,0.297,1.588
44.81,6.00,0.297,1.588
44.82,6.02,0.297,1.588
44.82,6.03,0.297,1.588
44.82,6.05,0.297,1.588
44.82,6.07,0.297,1.588
44.82,6.08,0.297,1.588
44.83,6.10,0.297,1.588
44.83,6.12,0.297,1.589
44.83,6.14,0.297,1.589
44.83,6.15,0.297,1.589
44.83,6.17,0.297,1.589
44.83,6.19,0.297,1.588
44.84,6.20,0.297,1.588
44.84,6.22,0.297,1.588
44.84,6.24,0.297,1.588
44.84,6.25,0.297,1.588
44.84,6.27,0.297,1.588
44.84,6.29,0.297,1.588
44.84,6.30,0.297,1.588
44.85,6.32,0.297,1.588
44.85,6.34,0.297,1.588
44.85,6.35,0.297,1.588
44.85,6.37,0.297,1.589
44.85,6.39,0.297,1.589
44.86,6.40,0.297,1.589
44.86,6.42,0.297,1.589
44.86,6.44,0.297,1.589
44.86,6.45,0.297,1.589
44.86,6.47,0.297,1.589
44.86,6.49,0.297,1.588
44.86,6.50,0.297,1.588
44.87,6.52,0.297,1.588
44.87,6.54,0.297,1.588
44.87,6.55,0.297,1.589
44.87,6.57,0.297,1.589
44.87,6.59,0.297,1.589
44.88,6.60,0.297,1.589
44.88,6.62,0.297,1.589
44.88,6.64,0.297,1.590
44.88,6.65,0.297,1.590
44.88,6.67,0.297,1.590
44.88,6.69,0.297,1.590
44.89,6.70,0.297,1.589
44.89,6.72,0.297,1.589
44.89,6.74,0.297,1.589
44.89,6.75,0.297,1.589
44.89,6.77,0.297,1.589
44.89,6.79,0.297,1.589
44.89,6.80,0.297,1.589
44.90,6.82,0.297,1.590
44.90,6.84,0.297,1.590
44.90,6.85,0.297,1.590
44.90,6.87,0.297,1.590
44.90,6.89,0.297,1.590
44.91,6.90,0.297,1.590
44.91,6.92,0.298,1.590
44.91,6.94,0.298,1.590
44.91,6.95,0.298,1.590
44.91,6.97,0.298,1.590
44.91,6.99,0.298,1.590
44.91,7.00,0.298,1.590
44.92,7.02,0.298,1.590
44.92,7.04,0.298,1.590
44.92,7.05,0.298,1.590
44.92,7.07,0.298,1.590
44.92,7.09,0.298,1.590
44.93,7.10,0.298,1.590
44.93,7.12,0.298,1.591
44.93,7.14,0.298,1.591
44.93,7.15,0.298,1.591
44.93,7.17,0.298,1.591
44.93,7.19,0.298,1.591
44.94,7.20,0.298,1.591
44.94,7.22,0.298,1.591
44.94,7.24,0.298,1.591
44.94,7.25,0.298,1.591
44.94,7.27,0.298,1.591
44.94,7.29,0.298,1.591
44.94,7.30,0.298,1.591
44.95,7.32,0.298,1.592
44.95,7.34,0.298,1.592
44.95,7.36,0.298,1.592
44.95,7.37,0.298,1.591
44.95,7.39,0.298,1.591
44.96,7.40,0.298,1.591
44.96,7.42,0.298,1.591
44.96,7.44,0.298,1.591
44.96,7.46,0.298,1.591
44.96,7.47,0.298,1.591
44.96,7.49,0.298,1.592
44.96,7.51,0.298,1.592
44.97,7.52,0.298,1.592
44.97,7.54,0.298,1.592
44.97,7.56,0.298,1.592
44.97,7.57,0.298,1.592
44.97,7.59,0.298,1.592
44.98,7.60,0.298,1.592
44.98,7.62,0.298,1.592
44.98,7.64,0.298,1.592
44.98,7.65,0.298,1.592
44.98,7.67,0.298,1.592
44.98,7.69,0.298,1.593
44.99,7.71,0.298,1.593
44.99,7.72,0.298,1.593
44.99,7.74,0.298,1.593
44.99,7.76,0.298,1.593
44.99,7.77,0.298,1.593
44.99,7.79,0.298,1.593
44.99,7.81,0.298,1.593
45.00,7.82,0.298,1.593
45.00,7.84,0.298,1.593
45.00,7.86,0.298,1.593
45.00,7.87,0.298,1.593
45.00,7.89,0.298,1.593
45.01,7.91,0.298,1.593
45.01,7.92,0.298,1.593
45.01,7.94,0.298,1.593
45.01,7.95,0.298,1.593
45.01,7.97,0.298,1.594
45.01,7.99,0.298,1.594
45.01,8.01,0.298,1.594
45.02,8.02,0.298,1.594
45.02,8.04,0.298,1.594
45.02,8.06,0.298,1.594
45.02,8.07,0.298,1.594
45.02,8.09,0.298,1.594
45.03,8.11,0.298,1.594
45.03,8.12,0.298,1.594
45.03,8.14,0.298,1.594
45.03,8.16,0.298,1.594
45.03,8.17,0.298,1.594
45.03,8.19,0.298,1.594
45.04,8.21,0.298,1.594
45.04,8.22,0.298,1.595
45.04,8.24,0.298,1.595
45.04,8.26,0.298,1.595
45.04,8.27,0.298,1.595
45.04,8.29,0.298,1.595
45.04,8.31,0.298,1.595
45.05,8.32,0.298,1.595
45.05,8.34,0.298,1.595
45.05,8.36,0.298,1.595
45.05,8.37,0.298,1.595
45.05,8.39,0.298,1.595
45.06,8.41,0.298,1.595
45.06,8.42,0.298,1.596
45.06,8.44,0.298,1.596
45.06,8.46,0.298,1.596
45.06,8.47,0.298,1.596
45.06,8.49,0.299,1.596
45.06,8.51,0.299,1.596
45.07,8.52,0.299,1.596
45.07,8.54,0.299,1.596
45.07,8.56,0.299,1.596
45.07,8.57,0.299,1.596
45.07,8.59,0.299,1.596
45.08,8.61,0.299,1.596
45.08,8.62,0.299,1.596
45.08,8.64,0.299,1.596
45.08,8.66,0.299,1.596
45.08,8.67,0.299,1.596
45.08,8.69,0.299,1.596
45.09,8.71,0.299,1.596
45.09,8.72,0.299,1.597
45.09,8.74,0.299,1.597
45.09,8.76,0.299,1.597
45.09,8.77,0.299,1.597
45.09,8.79,0.299,1.597
45.09,8.81,0.299,1.597
45.10,8.82,0.299,1.597
45.10,8.84,0.299,1.597
45.10,8.86,0.299,1.597
45.10,8.87,0.299,1.597
45.10,8.89,0.299,1.597
45.11,8.91,0.299,1.597
45.11,8.92,0.299,1.597
45.11,8.94,0.299,1.597
45.11,8.96,0.299,1.597
45.11,8.97,0.299,1.597
45.11,8.99,0.299,1.597
45.11,9.01,0.299,1.597
45.12,9.02,0.299,1.597
45.12,9.04,0.299,1.597
45.12,9.06,0.299,1.598
45.12,9.07,0.299,1.598
45.12,9.09,0.299,1.598
45.13,9.11,0.299,1.598
45.13,9.12,0.299,1.598
45.13,9.14,0.299,1.598
45.13,9.16,0.299,1.598
45.13,9.17,0.299,1.598
45.13,9.19,0.299,1.598
45.14,9.21,0.299,1.598
45.14,9.22,0.299,1.598
45.14,9.24,0.299,1.599
45.14,9.26,0.299,1.599
45.14,9.27,0.299,1.599
45.14,9.29,0.299,1.599
45.14,9.31,0.299,1.599
45.15,9.32,0.299,1.599
45.15,9.34,0.299,1.599
45.15,9.36,0.299,1.599
45.15,9.37,0.299,1.599
45.15,9.39,0.299,1.599
45.16,9.41,0.299,1.599
45.16,9.42,0.299,1.599
45.16,9.44,0.299,1.599
45.16,9.46,0.299,1.599
45.16,9.47,0.299,1.599
45.16,9.49,0.299,1.599
45.16,9.51,0.299,1.599
45.17,9.52,0.299,1.599
45.17,9.54,0.299,1.600
45.17,9.56,0.299,1.600
45.17,9.58,0.299,1.600
45.17,9.59,0.299,1.600
45.18,9.61,0.299,1.600
45.18,9.62,0.299,1.600
45.18,9.64,0.299,1.599
45.18,9.66,0.299,1.599
45.18,9.68,0.299,1.599
45.18,9.69,0.299,1.600
45.19,9.71,0.299,1.600
45.19,9.73,0.299,1.600
45.19,9.74,0.299,1.600
45.19,9.76,0.299,1.600
45.19,9.78,0.299,1.600
45.19,9.79,0.299,1.601
45.19,9.81,0.299,1.601
45.20,9.83,0.299,1.601
45.20,9.84,0.299,1.601
45.20,9.86,0.299,1.601
45.20,9.87,0.299,1.601
45.20,9.89,0.299,1.601
45.21,9.91,0.299,1.601
45.21,9.93,0.299,1.600
45.21,9.94,0.299,1.600
45.21,9.96,0.299,1.601
45.21,9.97,0.299,1.601
45.21,9.99,0.299,1.601
45.21,10.01,0.299,1.601
45.22,10.03,0.299,1.601
45.22,10.04,0.299,1.601
45.22,10.06,0.299,1.601
45.22,10.07,0.299,1.601
45.22,10.09,0.300,1.601
45.23,10.11,0.300,1.602
45.23,10.13,0.300,1.602
45.23,10.14,0.300,1.602
45.23,10.16,0.300,1.602
45.23,10.17,0.300,1.602
45.23,10.19,0.300,1.602
45.24,10.21,0.300,1.602
45.24,10.22,0.300,1.602
45.24,10.24,0.300,1.602
45.24,10.26,0.300,1.602
45.24,10.27,0.300,1.602
45.24,10.29,0.300,1.602
45.24,10.31,0.300,1.602
45.25,10.33,0.300,1.602
45.25,10.34,0.300,1.602
45.25,10.36,0.300,1.602
45.25,10.38,0.300,1.602
45.25,10.39,0.300,1.603
45.26,10.41,0.300,1.603
45.26,10.43,0.300,1.603
45.26,10.44,0.300,1.603
45.26,10.46,0.300,1.603
45.26,10.48,0.300,1.603
45.26,10.49,0.300,1.603
45.26,10.51,0.300,1.603
45.27,10.53,0.300,1.603
45.27,10.54,0.300,1.603
45.27,10.56,0.300,1.603
45.27,10.58,0.300,1.603
45.27,10.59,0.300,1.603
45.28,10.61,0.300,1.603
45.28,10.63,0.300,1.603
45.28,10.64,0.300,1.603
45.28,10.66,0.300,1.604
45.28,10.68,0.300,1.604
45.28,10.69,0.300,1.604
45.29,10.71,0.300,1.604
45.29,10.73,0.300,1.604
45.29,10.74,0.300,1.604
45.29,10.76,0.300,1.604
45.29,10.78,0.300,1.604
45.29,10.79,0.300,1.604
45.29,10.81,0.300,1.604
45.30,10.83,0.300,1.605
45.30,10.84,0.300,1.605
45.30,10.86,0.300,1.605
45.30,10.88,0.300,1.605
45.30,10.89,0.300,1.605
45.31,10.91,0.300,1.605
45.31,10.93,0.300,1.604
45.31,10.94,0.300,1.604
45.31,10.96,0.300,1.604
45.31,10.98,0.300,1.604
45.31,10.99,0.300,1.604
45.31,11.01,0.300,1.604
45.32,11.03,0.300,1.605
45.32,11.04,0.300,1.605
45.32,11.06,0.300,1.605
45.32,11.08,0.300,1.605
45.32,11.09,0.300,1.605
45.33,11.11,0.300,1.605
45.33,11.13,0.300,1.605
45.33,11.14,0.300,1.605
45.33,11.16,0.300,1.605
45.33,11.18,0.300,1.605
45.33,11.19,0.300,1.605
45.34,11.21,0.300,1.605
45.34,11.23,0.300,1.605
45.34,11.24,0.300,1.605
45.34,11.26,0.300,1.605
45.34,11.28,0.300,1.605
45.34,11.29,0.300,1.605
45.34,11.31,0.300,1.606
45.35,11.33,0.300,1.606
45.35,11.34,0.300,1.606
45.35,11.36,0.300,1.606
45.35,11.38,0.300,1.606
45.35,11.39,0.300,1.606
45.36,11.41,0.300,1.606
45.36,11.43,0.300,1.606
45.36,11.44,0.300,1.606
45.36,11.46,0.300,1.606
45.36,11.48,0.300,1.606
45.36,11.49,0.300,1.606
45.36,11.51,0.300,1.606
45.37,11.53,0.300,1.606
45.37,11.54,0.300,1.606
45.37,11.56,0.300,1.606
45.37,11.58,0.300,1.606
45.37,11.59,0.300,1.606
45.38,11.61,0.300,1.606
45.38,11.63,0.300,1.606
45.38,11.64,0.301,1.607
45.38,11.66,0.301,1.607
45.38,11.68,0.301,1.607
45.38,11.69,0.301,1.607
45.39,11.71,0.301,1.607
45.39,11.73,0.301,1.607
45.39,11.74,0.301,1.607
45.39,11.76,0.301,1.606
45.39,11.78,0.301,1.606
45.39,11.79,0.301,1.606
45.39,11.81,0.301,1.606
45.40,11.83,0.301,1.606
45.40,11.84,0.301,1.606
45.40,11.86,0.301,1.606
45.40,11.88,0.301,1.606
45.40,11.89,0.301,1.606
45.41,11.91,0.301,1.606
45.41,11.93,0.301,1.607
45.41,11.94,0.301,1.607
45.41,11.96,0.301,1.607
45.41,11.98,0.301,1.607
45.41,11.99,0.301,1.607
45.41,12.01,0.301,1.607
45.42,12.03,0.301,1.607
45.42,12.04,0.301,1.607
45.42,12.06,0.301,1.607
45.42,12.08,0.301,1.607
45.42,12.09,0.301,1.607
45.43,12.11,0.301,1.607
45.43,12.13,0.301,1.607
45.43,12.14,0.301,1.608
45.43,12.16,0.301,1.608
45.43,12.18,0.301,1.608
45.43,12.19,0.301,1.608
45.44,12.21,0.301,1.608
45.44,12.23,0.301,1.608
45.44,12.24,0.301,1.608
45.44,12.26,0.301,1.608
45.44,12.28,0.301,1.607
45.44,12.29,0.301,1.607
45.44,12.31,0.301,1.608
45.45,12.33,0.301,1.608
45.45,12.34,0.301,1.608
45.45,12.36,0.301,1.608
45.45,12.38,0.301,1.608
45.45,12.39,0.301,1.608
45.46,12.41,0.301,1.608
45.46,12.43,0.301,1.608
45.46,12.44,0.301,1.608
45.46,12.46,0.301,1.608
45.46,12.48,0.301,1.608
45.46,12.50,0.301,1.608
45.46,12.51,0.301,1.608
45.47,12.53,0.301,1.609
45.47,12.55,0.301,1.609
45.47,12.56,0.301,1.609
45.47,12.58,0.301,1.609
45.47,12.60,0.301,1.609
45.48,12.61,0.301,1.609
45.48,12.63,0.301,1.609
45.48,12.64,0.301,1.609
45.48,12.66,0.301,1.609
45.48,12.68,0.301,1.609
45.48,12.70,0.301,1.609
45.49,12.71,0.301,1.609
45.49,12.73,0.301,1.609
45.49,12.75,0.301,1.609
45.49,12.76,0.301,1.609
45.49,12.78,0.301,1.610
45.49,12.80,0.301,1.610
45.49,12.81,0.301,1.610
45.50,12.83,0.301,1.610
45.50,12.85,0.301,1.610
45.50,12.86,0.301,1.610
45.50,12.88,0.301,1.610
45.50,12.90,0.301,1.610
45.51,12.91,0.301,1.610
45.51,12.93,0.301,1.610
45.51,12.95,0.301,1.610
45.51,12.96,0.301,1.610
45.51,12.98,0.301,1.611
45.51,13.00,0.301,1.611
45.51,13.01,0.301,1.611
45.52,13.03,0.301,1.611
45.52,13.05,0.301,1.611
45.52,13.06,0.302,1.611
45.52,13.08,0.302,1.612
45.52,13.10,0.302,1.612
45.53,13.11,0.302,1.612
45.53,13.13,0.302,1.612
45.53,13.15,0.302,1.612
45.53,13.16,0.302,1.612
45.53,13.18,0.302,1.612
45.53,13.20,0.302,1.612
45.54,13.21,0.302,1.612
45.54,13.23,0.302,1.612
45.54,13.25,0.302,1.612
45.54,13.26,0.302,1.612
45.54,13.28,0.302,1.612
45.54,13.30,0.302,1.612
45.54,13.31,0.302,1.612
45.55,13.33,0.302,1.612
45.55,13.35,0.302,1.612
45.55,13.36,0.302,1.612
45.55,13.38,0.302,1.612
45.55,13.40,0.302,1.613
45.56,13.41,0.302,1.613
45.56,13.43,0.302,1.613
45.56,13.45,0.302,1.613
45.56,13.46,0.302,1.613
45.56,13.48,0.302,1.613
45.56,13.50,0.302,1.613
45.56,13.51,0.302,1.613
45.57,13.53,0.302,1.613
45.57,13.55,0.302,1.613
45.57,13.56,0.302,1.613
45.57,13.58,0.302,1.613
45.57,13.60,0.302,1.613
45.58,13.61,0.302,1.614
45.58,13.63,0.302,1.614
45.58,13.65,0.302,1.614
45.58,13.66,0.302,1.614
45.58,13.68,0.302,1.614
45.58,13.70,0.302,1.614
45.59,13.71,0.302,1.615
45.59,13.73,0.302,1.615
45.59,13.75,0.302,1.615
45.59,13.77,0.302,1.615
45.59,13.78,0.302,1.615
45.59,13.80,0.302,1.615
45.59,13.81,0.302,1.615
45.60,13.83,0.302,1.615
45.60,13.85,0.302,1.615
45.60,13.86,0.302,1.616
45.60,13.88,0.302,1.616
45.60,13.90,0.302,1.616
45.61,13.91,0.302,1.616
45.61,13.93,0.302,1.616
45.61,13.95,0.302,1.616
45.61,13.96,0.302,1.615
45.61,13.98,0.302,1.615
45.61,14.00,0.302,1.615
45.61,14.02,0.302,1.615
45.62,14.03,0.302,1.615
45.62,14.05,0.302,1.616
45.62,14.06,0.302,1.616
45.62,14.08,0.302,1.616
45.62,14.10,0.302,1.616
45.63,14.11,0.302,1.616
45.63,14.13,0.302,1.616
45.63,14.15,0.302,1.616
45.63,14.16,0.302,1.616
45.63,14.18,0.302,1.616
45.63,14.20,0.302,1.616
45.64,14.21,0.302,1.617
45.64,14.23,0.302,1.617
45.64,14.25,0.302,1.617
45.64,14.26,0.302,1.617
45.64,14.28,0.302,1.617
45.64,14.30,0.302,1.617
45.64,14.31,0.302,1.617
45.65,14.33,0.302,1.617
45.65,14.35,0.302,1.617
45.65,14.36,0.302,1.617
45.65,14.38,0.302,1.617
45.65,14.40,0.302,1.617
45.66,14.41,0.302,1.617
45.66,14.43,0.302,1.617
45.66,14.45,0.302,1.617
45.66,14.46,0.302,1.617
45.66,14.48,0.302,1.617
45.66,14.50,0.302,1.617
45.66,14.51,0.302,1.617
45.67,14.53,0.303,1.617
45.67,14.55,0.303,1.617
45.67,14.56,0.303,1.617
45.67,14.58,0.303,1.618
45.67,14.60,0.303,1.618
45.68,14.62,0.303,1.618
45.68,14.63,0.303,1.618
45.68,14.65,0.303,1.618
45.68,14.66,0.303,1.617
45.68,14.68,0.303,1.617
45.68,14.70,0.303,1.617
45.69,14.71,0.303,1.617
45.69,14.73,0.303,1.618
45.69,14.75,0.303,1.618
45.69,14.76,0.303,1.618
45.69,14.78,0.303,1.618
45.69,14.80,0.303,1.618
45.69,14.81,0.303,1.618
45.70,14.83,0.303,1.618
45.70,14.85,0.303,1.618
45.70,14.86,0.303,1.618
45.70,14.88,0.303,1.618
45.70,14.90,0.303,1.618
45.71,14.92,0.303,1.618
45.71,14.93,0.303,1.619
45.71,14.95,0.303,1.619
45.71,14.97,0.303,1.619
45.71,14.98,0.303,1.619
45.71,15.00,0.303,1.619
45.71,15.02,0.303,1.620
45.72,15.03,0.303,1.620
45.72,15.05,0.303,1.620
45.72,15.07,0.303,1.620
45.72,15.08,0.303,1.620
45.72,15.10,0.303,1.620
45.73,15.11,0.303,1.620
45.73,15.13,0.303,1.620
45.73,15.15,0.303,1.620
45.73,15.17,0.303,1.620
45.73,15.18,0.303,1.620
45.73,15.20,0.303,1.620
45.74,15.22,0.303,1.620
45.74,15.23,0.303,1.620
45.74,15.25,0.303,1.620
45.74,15.27,0.303,1.620
45.74,15.28,0.303,1.620
45.74,15.30,0.303,1.620
45.74,15.31,0.303,1.620
45.75,15.33,0.303,1.620
45.75,15.35,0.303,1.620
45.75,15.37,0.303,1.620
45.75,15.38,0.303,1.620
45.75,15.40,0.303,1.620
45.76,15.42,0.303,1.620
45.76,15.43,0.303,1.620
45.76,15.45,0.303,1.620
45.76,15.47,0.303,1.620
45.76,15.48,0.303,1.621
45.76,15.50,0.303,1.621
45.76,15.52,0.303,1.621
45.77,15.53,0.303,1.620
45.77,15.55,0.303,1.620
45.77,15.57,0.303,1.621
45.77,15.58,0.303,1.621
45.77,15.60,0.303,1.621
45.78,15.62,0.303,1.621
45.78,15.63,0.303,1.621
45.78,15.65,0.303,1.621
45.78,15.66,0.303,1.621
45.78,15.68,0.303,1.621
45.78,15.70,0.303,1.621
45.79,15.72,0.303,1.621
45.79,15.73,0.303,1.621
45.79,15.75,0.303,1.621
45.79,15.77,0.303,1.621
45.79,15.78,0.303,1.621
45.79,15.80,0.303,1.621
45.79,15.82,0.303,1.621
45.80,15.83,0.303,1.621
45.80,15.85,0.303,1.622
45.80,15.87,0.303,1.622
45.80,15.88,0.303,1.622
45.80,15.90,0.303,1.622
45.81,15.92,0.303,1.622
45.81,15.93,0.303,1.622
45.81,15.95,0.303,1.622
45.81,15.97,0.303,1.623
45.81,15.98,0.303,1.623
45.81,16.00,0.303,1.623
45.81,16.02,0.303,1.623
45.82,16.03,0.303,1.623
45.82,16.05,0.303,1.623
45.82,16.07,0.304,1.623
45.82,16.08,0.304,1.623
45.82,16.10,0.304,1.623
45.83,16.11,0.304,1.623
45.83,16.13,0.304,1.623
45.83,16.15,0.304,1.623
45.83,16.17,0.304,1.622
45.83,16.18,0.304,1.623
45.83,16.20,0.304,1.623
45.84,16.22,0.304,1.623
45.84,16.23,0.304,1.623
45.84,16.25,0.304,1.623
45.84,16.26,0.304,1.623
45.84,16.28,0.304,1.623
45.84,16.30,0.304,1.623
45.84,16.32,0.304,1.624
45.85,16.33,0.304,1.624
45.85,16.35,0.304,1.624
45.85,16.37,0.304,1.624
45.85,16.38,0.304,1.624
45.85,16.40,0.304,1.624
45.86,16.42,0.304,1.624
45.86,16.43,0.304,1.624
45.86,16.45,0.304,1.624
45.86,16.47,0.304,1.624
45.86,16.48,0.304,1.624
45.86,16.50,0.304,1.624
45.86,16.52,0.304,1.624
45.87,16.53,0.304,1.624
45.87,16.55,0.304,1.624
45.87,16.57,0.304,1.624
45.87,16.58,0.304,1.624
45.87,16.60,0.304,1.624
45.88,16.62,0.304,1.624
45.88,16.63,0.304,1.624
45.88,16.65,0.304,1.624
45.88,16.67,0.304,1.624
45.88,16.68,0.304,1.624
45.88,16.70,0.304,1.625
45.89,16.72,0.304,1.625
45.89,16.73,0.304,1.625
45.89,16.75,0.304,1.625
45.89,16.77,0.304,1.625
45.89,16.78,0.304,1.625
45.89,16.80,0.304,1.625
45.89,16.82,0.304,1.625
45.90,16.83,0.304,1.625
45.90,16.85,0.304,1.625
45.90,16.87,0.304,1.625
45.90,16.88,0.304,1.625
45.90,16.90,0.304,1.625
45.91,16.92,0.304,1.626
45.91,16.93,0.304,1.626
45.91,16.95,0.304,1.626
45.91,16.97,0.304,1.626
45.91,16.98,0.304,1.626
45.91,17.00,0.304,1.626
45.91,17.02,0.304,1.626
45.92,17.03,0.304,1.626
45.92,17.05,0.304,1.626
45.92,17.07,0.304,1.626
45.92,17.08,0.304,1.626
45.92,17.10,0.304,1.626
45.93,17.12,0.304,1.626
45.93,17.13,0.304,1.626
45.93,17.15,0.304,1.626
45.93,17.17,0.304,1.626
45.93,17.18,0.304,1.626
45.93,17.20,0.304,1.626
45.94,17.22,0.304,1.627
45.94,17.23,0.304,1.627
45.94,17.25,0.304,1.627
45.94,17.27,0.304,1.627
45.94,17.28,0.304,1.627
45.94,17.30,0.304,1.627
45.94,17.32,0.304,1.627
45.95,17.33,0.304,1.627
45.95,17.35,0.304,1.627
45.95,17.37,0.304,1.627
45.95,17.38,0.304,1.627
45.95,17.40,0.304,1.627
45.96,17.42,0.305,1.628
45.96,17.43,0.305,1.628
45.96,17.45,0.305,1.628
45.96,17.47,0.305,1.628
45.96,17.48,0.305,1.628
45.96,17.50,0.305,1.628
45.96,17.52,0.305,1.628
45.97,17.53,0.305,1.628
45.97,17.55,0.305,1.628
45.97,17.57,0.305,1.628
45.97,17.59,0.305,1.628
45.97,17.60,0.305,1.628
45.98,17.62,0.305,1.628
45.98,17.64,0.305,1.628
45.98,17.65,0.305,1.628
45.98,17.67,0.305,1.628
45.98,17.68,0.305,1.628
45.98,17.70,0.305,1.629
45.99,17.72,0.305,1.629
45.99,17.73,0.305,1.629
45.99,17.75,0.305,1.629
45.99,17.77,0.305,1.629
45.99,17.78,0.305,1.629
45.99,17.80,0.305,1.629
45.99,17.82,0.305,1.629
46.00,17.83,0.305,1.629
46.00,17.85,0.305,1.629
46.00,17.87,0.305,1.629
46.00,17.89,0.305,1.629
46.00,17.90,0.305,1.629
46.01,17.92,0.305,1.629
46.01,17.94,0.305,1.629
46.01,17.95,0.305,1.629
46.01,17.97,0.305,1.629
46.01,17.98,0.305,1.629
46.01,18.00,0.305,1.629
46.01,18.02,0.305,1.629
46.02,18.04,0.305,1.630
46.02,18.05,0.305,1.630
46.02,18.07,0.305,1.630
46.02,18.09,0.305,1.630
46.02,18.10,0.305,1.630
46.03,18.12,0.305,1.631
46.03,18.14,0.305,1.631
46.03,18.15,0.305,1.631
46.03,18.17,0.305,1.631
46.03,18.19,0.305,1.631
46.03,18.20,0.305,1.631
46.04,18.22,0.305,1.631
46.04,18.24,0.305,1.631
46.04,18.25,0.305,1.631
46.04,18.27,0.305,1.631
46.04,18.29,0.305,1.631
46.04,18.30,0.305,1.631
46.04,18.32,0.305,1.631
46.05,18.33,0.305,1.631
46.05,18.35,0.305,1.631
46.05,18.37,0.305,1.631
46.05,18.39,0.305,1.631
46.05,18.40,0.305,1.631
46.06,18.42,0.305,1.631
46.06,18.44,0.305,1.631
46.06,18.45,0.305,1.631
46.06,18.47,0.305,1.632
46.06,18.49,0.305,1.632
46.06,18.50,0.305,1.632
46.06,18.52,0.305,1.632
46.07,18.54,0.305,1.632
46.07,18.55,0.305,1.632
46.07,18.57,0.305,1.632
46.07,18.59,0.305,1.632
46.07,18.60,0.305,1.633
46.08,18.62,0.305,1.633
46.08,18.64,0.305,1.633
46.08,18.65,0.305,1.633
46.08,18.67,0.305,1.633
46.08,18.69,0.305,1.633
46.08,18.70,0.305,1.633
46.09,18.72,0.305,1.633
46.09,18.74,0.305,1.633
46.09,18.75,0.305,1.633
46.09,18.77,0.305,1.633
46.09,18.79,0.305,1.633
46.09,18.80,0.305,1.633
46.09,18.82,0.306,1.633
46.10,18.84,0.306,1.633
46.10,18.85,0.306,1.633
46.10,18.87,0.306,1.633
46.10,18.89,0.306,1.633
46.10,18.90,0.306,1.633
46.11,18.92,0.306,1.633
46.11,18.94,0.306,1.633
46.11,18.95,0.306,1.634
46.11,18.97,0.306,1.634
46.11,18.99,0.306,1.634
46.11,19.00,0.306,1.634
46.11,19.02,0.306,1.634
46.12,19.04,0.306,1.633
46.12,19.05,0.306,1.633
46.12,19.07,0.306,1.633
46.12,19.09,0.306,1.633
46.12,19.10,0.306,1.634
46.13,19.12,0.306,1.634
46.13,19.14,0.306,1.634
46.13,19.15,0.306,1.634
46.13,19.17,0.306,1.634
46.13,19.19,0.306,1.634
46.13,19.20,0.306,1.634
46.14,19.22,0.306,1.634
46.14,19.24,0.306,1.634
46.14,19.25,0.306,1.634
46.14,19.27,0.306,1.634
46.14,19.29,0.306,1.634
46.14,19.30,0.306,1.634
46.14,19.32,0.306,1.634
46.15,19.34,0.306,1.634
46.15,19.35,0.306,1.634
46.15,19.37,0.306,1.634
46.15,19.39,0.306,1.634
46.15,19.40,0.306,1.634
46.16,19.42,0.306,1.635
46.16,19.44,0.306,1.635
46.16,19.45,0.306,1.635
46.16,19.47,0.306,1.635
46.16,19.49,0.306,1.635
46.16,19.50,0.306,1.635
46.16,19.52,0.306,1.635
46.17,19.54,0.306,1.635
46.17,19.55,0.306,1.636
46.17,19.57,0.306,1.636
46.17,19.59,0.306,1.636
46.17,19.60,0.306,1.636
46.18,19.62,0.306,1.636
46.18,19.64,0.306,1.636
46.18,19.65,0.306,1.636
46.18,19.67,0.306,1.636
46.18,19.69,0.306,1.636
46.18,19.70,0.306,1.636
46.19,19.72,0.306,1.636
46.19,19.74,0.306,1.636
46.19,19.75,0.306,1.636
46.19,19.77,0.306,1.636
46.19,19.79,0.306,1.637
46.19,19.80,0.306,1.637
46.19,19.82,0.306,1.637
46.20,19.84,0.306,1.637
46.20,19.85,0.306,1.637
46.20,19.87,0.306,1.637
46.20,19.89,0.306,1.637
46.20,19.90,0.306,1.637
46.21,19.92,0.306,1.637
46.21,19.94,0.306,1.637
46.21,19.95,0.306,1.637
46.21,19.97,0.306,1.637
46.21,19.99,0.306,1.637
46.21,20.00,0.306,1.637
46.21,20.02,0.306,1.637
46.22,20.04,0.306,1.638
46.22,20.06,0.306,1.638
46.22,20.07,0.306,1.638
46.22,20.09,0.306,1.638
46.22,20.10,0.306,1.638
46.23,20.12,0.306,1.638
46.23,20.14,0.306,1.638
46.23,20.15,0.306,1.638
46.23,20.17,0.306,1.638
46.23,20.19,0.306,1.638
46.23,20.20,0.306,1.638
46.24,20.22,0.306,1.638
46.24,20.24,0.306,1.638
46.24,20.25,0.307,1.638
46.24,20.27,0.307,1.638
46.24,20.29,0.307,1.638
46.24,20.30,0.307,1.638
46.24,20.32,0.307,1.638
46.25,20.34,0.307,1.638
46.25,20.36,0.307,1.638
46.25,20.37,0.307,1.638
46.25,20.39,0.307,1.638
46.25,20.40,0.307,1.638
46.26,20.42,0.307,1.638
46.26,20.44,0.307,1.638
46.26,20.46,0.307,1.638
46.26,20.47,0.307,1.638
46.26,20.49,0.307,1.639
46.26,20.50,0.307,1.639
46.26,20.52,0.307,1.639
46.27,20.54,0.307,1.639
46.27,20.55,0.307,1.639
46.27,20.57,0.307,1.639
46.27,20.59,0.307,1.639
46.27,20.61,0.307,1.639
46.28,20.62,0.307,1.639
46.28,20.64,0.307,1.639
46.28,20.66,0.307,1.639
46.28,20.67,0.307,1.639
46.28,20.69,0.307,1.639
46.28,20.71,0.307,1.639
46.29,20.72,0.307,1.639
46.29,20.74,0.307,1.640
46.29,20.75,0.307,1.640
46.29,20.77,0.307,1.640
46.29,20.79,0.307,1.640
46.29,20.80,0.307,1.640
46.29,20.82,0.307,1.640
46.30,20.84,0.307,1.640
46.30,20.86,0.307,1.640
46.30,20.87,0.307,1.640
46.30,20.89,0.307,1.640
46.30,20.91,0.307,1.640
46.31,20.92,0.307,1.640
46.31,20.94,0.307,1.640
46.31,20.96,0.307,1.640
46.31,20.97,0.307,1.640
46.31,20.99,0.307,1.641
46.31,21.01,0.307,1.641
46.31,21.02,0.307,1.641
46.32,21.04,0.307,1.641
46.32,21.06,0.307,1.641
46.32,21.07,0.307,1.641
46.32,21.09,0.307,1.642
46.32,21.11,0.307,1.642
46.33,21.12,0.307,1.642
46.33,21.14,0.307,1.642
46.33,21.16,0.307,1.642
46.33,21.17,0.307,1.642
46.33,21.19,0.307,1.641
46.33,21.21,0.307,1.642
46.34,21.22,0.307,1.642
46.34,21.24,0.307,1.642
46.34,21.26,0.307,1.642
46.34,21.27,0.307,1.642
46.34,21.29,0.307,1.642
46.34,21.31,0.307,1.642
46.34,21.32,0.307,1.643
46.35,21.34,0.307,1.643
46.35,21.36,0.307,1.643
46.35,21.37,0.307,1.642
46.35,21.39,0.307,1.642
46.35,21.41,0.307,1.642
46.36,21.42,0.307,1.642
46.36,21.44,0.307,1.642
46.36,21.46,0.307,1.642
46.36,21.47,0.307,1.643
46.36,21.49,0.307,1.643
46.36,21.51,0.307,1.643
46.36,21.52,0.307,1.643
46.37,21.54,0.307,1.643
46.37,21.56,0.307,1.643
46.37,21.57,0.308,1.644
46.37,21.59,0.308,1.644
46.37,21.61,0.308,1.644
46.38,21.62,0.308,1.644
46.38,21.64,0.308,1.644
46.38,21.66,0.308,1.644
46.38,21.67,0.308,1.644
46.38,21.69,0.308,1.644
46.38,21.71,0.308,1.644
46.39,21.72,0.308,1.644
46.39,21.74,0.308,1.644
46.39,21.76,0.308,1.644
46.39,21.77,0.308,1.644
46.39,21.79,0.308,1.644
46.39,21.81,0.308,1.644
46.39,21.82,0.308,1.644
46.40,21.84,0.308,1.644
46.40,21.86,0.308,1.644
46.40,21.87,0.308,1.644
46.40,21.89,0.308,1.644
46.40,21.91,0.308,1.645
46.41,21.92,0.308,1.645
46.41,21.94,0.308,1.645
46.41,21.96,0.308,1.645
46.41,21.97,0.308,1.645
46.41,21.99,0.308,1.645
46.41,22.01,0.308,1.645
46.41,22.02,0.308,1.645
46.42,22.04,0.308,1.645
46.42,22.06,0.308,1.645
46.42,22.07,0.308,1.645
46.42,22.09,0.308,1.645
46.42,22.11,0.308,1.645
46.43,22.12,0.308,1.645
46.43,22.14,0.308,1.645
46.43,22.16,0.308,1.645
46.43,22.17,0.308,1.645
46.43,22.19,0.308,1.645
46.43,22.21,0.308,1.645
46.44,22.23,0.308,1.645
46.44,22.24,0.308,1.645
46.44,22.26,0.308,1.645
46.44,22.27,0.308,1.646
46.44,22.29,0.308,1.646
46.44,22.31,0.308,1.646
46.44,22.32,0.308,1.646
46.45,22.34,0.308,1.646
46.45,22.36,0.308,1.646
46.45,22.37,0.308,1.647
46.45,22.39,0.308,1.647
46.45,22.41,0.308,1.647
46.46,22.43,0.308,1.647
46.46,22.44,0.308,1.648
46.46,22.46,0.308,1.648
46.46,22.48,0.308,1.648
46.46,22.49,0.308,1.648
46.46,22.51,0.308,1.647
46.46,22.52,0.308,1.647
46.47,22.54,0.308,1.647
46.47,22.56,0.308,1.647
46.47,22.57,0.308,1.647
46.47,22.59,0.308,1.647
46.47,22.61,0.308,1.647
46.48,22.62,0.308,1.647
46.48,22.64,0.308,1.647
46.48,22.66,0.308,1.647
46.48,22.67,0.308,1.647
46.48,22.69,0.308,1.647
46.48,22.71,0.308,1.647
46.49,22.72,0.308,1.647
46.49,22.74,0.308,1.647
46.49,22.76,0.308,1.648
46.49,22.77,0.308,1.648
46.49,22.79,0.308,1.648
46.49,22.81,0.308,1.648
46.49,22.82,0.308,1.648
46.50,22.84,0.308,1.648
46.50,22.86,0.308,1.648
46.50,22.87,0.308,1.648
46.50,22.89,0.308,1.648
46.50,22.91,0.308,1.648
46.51,22.93,0.308,1.648
46.51,22.94,0.308,1.649
46.51,22.96,0.308,1.649
46.51,22.97,0.308,1.649
46.51,22.99,0.308,1.649
46.51,23.01,0.308,1.649
46.51,23.02,0.308,1.649
46.52,23.04,0.308,1.649
46.52,23.06,0.309,1.649
46.52,23.07,0.309,1.649
46.52,23.09,0.309,1.649
46.52,23.11,0.309,1.649
46.53,23.12,0.309,1.649
46.53,23.14,0.309,1.649
46.53,23.16,0.309,1.649
46.53,23.18,0.309,1.650
46.53,23.19,0.309,1.650
46.53,23.21,0.309,1.650
46.54,23.23,0.309,1.650
46.54,23.24,0.309,1.650
46.54,23.26,0.309,1.650
46.54,23.27,0.309,1.650
46.54,23.29,0.309,1.650
46.54,23.31,0.309,1.650
46.54,23.33,0.309,1.650
46.55,23.34,0.309,1.650
46.55,23.36,0.309,1.651
46.55,23.38,0.309,1.651
46.55,23.39,0.309,1.651
46.55,23.41,0.309,1.651
46.56,23.42,0.309,1.651
46.56,23.44,0.309,1.651
46.56,23.46,0.309,1.651
46.56,23.47,0.309,1.651
46.56,23.49,0.309,1.651
46.56,23.51,0.309,1.651
46.56,23.53,0.309,1.651
46.57,23.54,0.309,1.651
46.57,23.56,0.309,1.651
46.57,23.58,0.309,1.651
46.57,23.59,0.309,1.651
46.57,23.61,0.309,1.651
46.58,23.63,0.309,1.651
46.58,23.64,0.309,1.651
46.58,23.66,0.309,1.651
46.58,23.68,0.309,1.652
46.58,23.69,0.309,1.652
46.58,23.71,0.309,1.652
46.59,23.73,0.309,1.652
46.59,23.74,0.309,1.652
46.59,23.76,0.309,1.652
46.59,23.78,0.309,1.652
46.59,23.79,0.309,1.652
46.59,23.81,0.309,1.652
46.59,23.83,0.309,1.652
46.60,23.84,0.309,1.652
46.60,23.86,0.309,1.652
46.60,23.88,0.309,1.652
46.60,23.89,0.309,1.652
46.60,23.91,0.309,1.652
46.61,23.93,0.309,1.652
46.61,23.94,0.309,1.653
46.61,23.96,0.309,1.653
46.61,23.98,0.309,1.653
46.61,23.99,0.309,1.653
46.61,24.01,0.309,1.653
46.61,24.03,0.309,1.652
46.62,24.04,0.309,1.652
46.62,24.06,0.309,1.652
46.62,24.08,0.309,1.653
46.62,24.09,0.309,1.653
46.62,24.11,0.309,1.653
46.63,24.13,0.309,1.653
46.63,24.14,0.309,1.653
46.63,24.16,0.309,1.653
46.63,24.18,0.309,1.654
46.63,24.19,0.309,1.654
46.63,24.21,0.309,1.654
46.64,24.23,0.309,1.654
46.64,24.24,0.309,1.654
46.64,24.26,0.309,1.654
46.64,24.28,0.309,1.654
46.64,24.29,0.309,1.654
46.64,24.31,0.309,1.654
46.64,24.33,0.309,1.654
46.65,24.34,0.309,1.654
46.65,24.36,0.310,1.654
46.65,24.38,0.310,1.654
46.65,24.39,0.310,1.654
46.65,24.41,0.310,1.654
46.66,24.43,0.310,1.654
46.66,24.44,0.310,1.654
46.66,24.46,0.310,1.654
46.66,24.48,0.310,1.654
46.66,24.49,0.310,1.654
46.66,24.51,0.310,1.654
46.66,24.53,0.310,1.654
46.67,24.54,0.310,1.655
46.67,24.56,0.310,1.655
46.67,24.58,0.310,1.655
46.67,24.59,0.310,1.656
46.67,24.61,0.310,1.656
46.68,24.63,0.310,1.656
46.68,24.64,0.310,1.657
46.68,24.66,0.310,1.657
46.68,24.68,0.310,1.657
46.68,24.69,0.310,1.657
46.68,24.71,0.310,1.657
46.69,24.73,0.310,1.657
46.69,24.74,0.310,1.656
46.69,24.76,0.310,1.656
46.69,24.78,0.310,1.656
46.69,24.79,0.310,1.656
46.69,24.81,0.310,1.656
46.69,24.83,0.310,1.656
46.70,24.84,0.310,1.656
46.70,24.86,0.310,1.656
46.70,24.88,0.310,1.656
46.70,24.89,0.310,1.657
46.70,24.91,0.310,1.657
46.71,24.93,0.310,1.657
46.71,24.94,0.310,1.657
46.71,24.96,0.310,1.657
46.71,24.98,0.310,1.657
46.71,24.99,0.310,1.657
46.71,25.01,0.310,1.657
46.71,25.03,0.310,1.657
46.72,25.04,0.310,1.657
46.72,25.06,0.310,1.657
46.72,25.08,0.310,1.657
46.72,25.09,0.310,1.658
46.72,25.11,0.310,1.658
46.73,25.13,0.310,1.658
46.73,25.15,0.310,1.658
46.73,25.16,0.310,1.658
46.73,25.18,0.310,1.658
46.73,25.19,0.310,1.658
46.73,25.21,0.310,1.658
46.74,25.23,0.310,1.658
46.74,25.24,0.310,1.658
46.74,25.26,0.310,1.658
46.74,25.28,0.310,1.658
46.74,25.29,0.310,1.658
46.74,25.31,0.310,1.658
46.74,25.33,0.310,1.658
46.75,25.34,0.310,1.658
46.75,25.36,0.310,1.658
46.75,25.38,0.310,1.659
46.75,25.39,0.310,1.659
46.75,25.41,0.310,1.659
46.76,25.43,0.310,1.659
46.76,25.44,0.310,1.659
46.76,25.46,0.310,1.659
46.76,25.48,0.310,1.660
46.76,25.50,0.310,1.660
46.76,25.51,0.310,1.660
46.76,25.53,0.310,1.660
46.77,25.55,0.310,1.659
46.77,25.56,0.310,1.659
46.77,25.58,0.310,1.659
46.77,25.59,0.310,1.659
46.77,25.61,0.310,1.659
46.78,25.63,0.311,1.659
46.78,25.64,0.311,1.659
46.78,25.66,0.311,1.659
46.78,25.68,0.311,1.659
46.78,25.69,0.311,1.659
46.78,25.71,0.311,1.659
46.79,25.73,0.311,1.659
46.79,25.74,0.311,1.659
46.79,25.76,0.311,1.659
46.79,25.78,0.311,1.659
46.79,25.79,0.311,1.659
46.79,25.81,0.311,1.659
46.79,25.83,0.311,1.659
46.80,25.85,0.311,1.660
46.80,25.86,0.311,1.660
46.80,25.88,0.311,1.660
46.80,25.89,0.311,1.661
46.80,25.91,0.311,1.661
46.81,25.93,0.311,1.661
46.81,25.94,0.311,1.661
46.81,25.96,0.311,1.661
46.81,25.98,0.311,1.661
46.81,25.99,0.311,1.661
46.81,26.01,0.311,1.661
46.81,26.03,0.311,1.661
46.82,26.04,0.311,1.661
46.82,26.06,0.311,1.661
46.82,26.08,0.311,1.661
46.82,26.09,0.311,1.662
46.82,26.11,0.311,1.662
46.83,26.13,0.311,1.662
46.83,26.14,0.311,1.662
46.83,26.16,0.311,1.662
46.83,26.18,0.311,1.662
46.83,26.20,0.311,1.662
46.83,26.21,0.311,1.662
46.84,26.23,0.311,1.662
46.84,26.24,0.311,1.662
46.84,26.26,0.311,1.662
46.84,26.28,0.311,1.662
46.84,26.29,0.311,1.662
46.84,26.31,0.311,1.662
46.84,26.33,0.311,1.663
46.85,26.35,0.311,1.663
46.85,26.36,0.311,1.663
46.85,26.38,0.311,1.663
46.85,26.40,0.311,1.663
46.85,26.41,0.311,1.663
46.86,26.43,0.311,1.662
46.86,26.45,0.311,1.662
46.86,26.46,0.311,1.663
46.86,26.48,0.311,1.663
46.86,26.50,0.311,1.663
46.86,26.51,0.311,1.663
46.86,26.53,0.311,1.663
46.87,26.55,0.311,1.663
46.87,26.56,0.311,1.664
46.87,26.58,0.311,1.664
46.87,26.60,0.311,1.664
46.87,26.61,0.311,1.664
46.88,26.63,0.311,1.663
46.88,26.65,0.311,1.663
46.88,26.66,0.311,1.663
46.88,26.68,0.311,1.663
46.88,26.69,0.311,1.663
46.88,26.71,0.311,1.663
46.89,26.73,0.311,1.663
46.89,26.75,0.311,1.663
46.89,26.76,0.311,1.664
46.89,26.78,0.311,1.664
46.89,26.80,0.311,1.664
46.89,26.81,0.311,1.664
46.89,26.83,0.311,1.664
46.90,26.85,0.311,1.665
46.90,26.86,0.311,1.665
46.90,26.88,0.311,1.665
46.90,26.90,0.311,1.665
46.90,26.91,0.311,1.664
46.91,26.93,0.311,1.664
46.91,26.95,0.311,1.664
46.91,26.96,0.311,1.664
46.91,26.98,0.311,1.664
46.91,27.00,0.311,1.665
46.91,27.01,0.311,1.665
46.91,27.03,0.311,1.665
46.92,27.05,0.312,1.665
46.92,27.06,0.312,1.665
46.92,27.08,0.312,1.665
46.92,27.10,0.312,1.665
46.92,27.11,0.312,1.665
46.93,27.13,0.312,1.665
46.93,27.15,0.312,1.665
46.93,27.16,0.312,1.665
46.93,27.18,0.312,1.666
46.93,27.20,0.312,1.666
46.93,27.21,0.312,1.666
46.94,27.23,0.312,1.666
46.94,27.25,0.312,1.666
46.94,27.26,0.312,1.666
46.94,27.28,0.312,1.666
46.94,27.30,0.312,1.666
46.94,27.31,0.312,1.666
46.94,27.33,0.312,1.666
46.95,27.35,0.312,1.666
46.95,27.36,0.312,1.666
46.95,27.38,0.312,1.666
46.95,27.40,0.312,1.666
46.95,27.41,0.312,1.666
46.96,27.43,0.312,1.666
46.96,27.45,0.312,1.666
46.96,27.46,0.312,1.666
46.96,27.48,0.312,1.666
46.96,27.50,0.312,1.666
46.96,27.51,0.312,1.666
46.96,27.53,0.312,1.666
46.97,27.55,0.312,1.667
46.97,27.56,0.312,1.667
46.97,27.58,0.312,1.667
46.97,27.60,0.312,1.667
46.97,27.61,0.312,1.668
46.98,27.63,0.312,1.668
46.98,27.65,0.312,1.668
46.98,27.66,0.312,1.668
46.98,27.68,0.312,1.668
46.98,27.70,0.312,1.668
46.98,27.71,0.312,1.668
46.99,27.73,0.312,1.668
46.99,27.75,0.312,1.668
46.99,27.76,0.312,1.668
46.99,27.78,0.312,1.669
46.99,27.80,0.312,1.669
46.99,27.81,0.312,1.669
46.99,27.83,0.312,1.669
47.00,27.85,0.312,1.669
47.00,27.86,0.312,1.669
47.00,27.88,0.312,1.669
47.00,27.90,0.312,1.669
47.00,27.91,0.312,1.669
47.01,27.93,0.312,1.669
47.01,27.95,0.312,1.669
47.01,27.96,0.312,1.669
47.01,27.98,0.312,1.669
47.01,28.00,0.312,1.669
47.01,28.01,0.312,1.669
47.01,28.03,0.312,1.670
47.02,28.05,0.312,1.670
47.02,28.06,0.312,1.670
47.02,28.08,0.312,1.670
47.02,28.10,0.312,1.671
47.02,28.11,0.312,1.671
47.03,28.13,0.312,1.671
47.03,28.15,0.312,1.671
47.03,28.16,0.312,1.671
47.03,28.18,0.312,1.671
47.03,28.20,0.312,1.671
47.03,28.21,0.312,1.671
47.04,28.23,0.312,1.671
47.04,28.25,0.312,1.671
47.04,28.26,0.313,1.671
47.04,28.28,0.313,1.671
47.04,28.30,0.313,1.671
47.04,28.31,0.313,1.671
47.04,28.33,0.313,1.671
47.05,28.35,0.313,1.671
47.05,28.36,0.313,1.671
47.05,28.38,0.313,1.670
47.05,28.40,0.313,1.671
47.05,28.41,0.313,1.671
47.06,28.43,0.313,1.671
47.06,28.45,0.313,1.671
47.06,28.47,0.313,1.671
47.06,28.48,0.313,1.671
47.06,28.50,0.313,1.672
47.06,28.52,0.313,1.672
47.06,28.53,0.313,1.672
47.07,28.55,0.313,1.672
47.07,28.57,0.313,1.672
47.07,28.58,0.313,1.672
47.07,28.60,0.313,1.672
47.07,28.61,0.313,1.672
47.08,28.63,0.313,1.672
47.08,28.65,0.313,1.672
47.08,28.67,0.313,1.672
47.08,28.68,0.313,1.672
47.08,28.70,0.313,1.672
47.08,28.72,0.313,1.673
47.09,28.73,0.313,1.673
47.09,28.75,0.313,1.673
47.09,28.76,0.313,1.673
47.09,28.78,0.313,1.673
47.09,28.80,0.313,1.673
47.09,28.82,0.313,1.673
47.09,28.83,0.313,1.673
47.10,28.85,0.313,1.673
47.10,28.86,0.313,1.672
47.10,28.88,0.313,1.672
47.10,28.90,0.313,1.672
47.10,28.91,0.313,1.672
47.11,28.93,0.313,1.672
47.11,28.95,0.313,1.673
47.11,28.97,0.313,1.673
47.11,28.98,0.313,1.673
47.11,29.00,0.313,1.673
47.11,29.01,0.313,1.673
47.11,29.03,0.313,1.673
47.12,29.05,0.313,1.673
47.12,29.07,0.313,1.673
47.12,29.08,0.313,1.673
47.12,29.10,0.313,1.673
47.12,29.11,0.313,1.673
47.13,29.13,0.313,1.673
47.13,29.15,0.313,1.673
47.13,29.16,0.313,1.673
47.13,29.18,0.313,1.674
47.13,29.20,0.313,1.674
47.13,29.22,0.313,1.674
47.14,29.23,0.313,1.674
47.14,29.25,0.313,1.673
47.14,29.26,0.313,1.673
47.14,29.28,0.313,1.673
47.14,29.30,0.313,1.673
47.14,29.32,0.313,1.674
47.14,29.33,0.313,1.674
47.15,29.35,0.313,1.674
47.15,29.37,0.313,1.674
47.15,29.38,0.313,1.674
47.15,29.40,0.313,1.674
47.15,29.42,0.313,1.674
47.16,29.43,0.313,1.674
47.16,29.45,0.313,1.675
47.16,29.47,0.313,1.675
47.16,29.48,0.313,1.675
47.16,29.50,0.313,1.675
47.16,29.52,0.313,1.676
47.16,29.53,0.313,1.676
47.17,29.55,0.313,1.676
47.17,29.57,0.313,1.676
47.17,29.58,0.313,1.676
47.17,29.60,0.313,1.676
47.17,29.62,0.313,1.676
47.18,29.63,0.313,1.677
47.18,29.65,0.313,1.677
47.18,29.67,0.313,1.677
47.18,29.68,0.313,1.677
47.18,29.70,0.313,1.676
47.18,29.72,0.313,1.676
47.19,29.73,0.313,1.676
47.19,29.75,0.314,1.676
47.19,29.77,0.314,1.676
47.19,29.78,0.314,1.676
47.19,29.80,0.314,1.676
47.19,29.82,0.314,1.676
47.19,29.83,0.314,1.676
47.20,29.85,0.314,1.676
47.20,29.87,0.314,1.676
47.20,29.88,0.314,1.676
47.20,29.90,0.314,1.677
47.20,29.92,0.314,1.677
47.21,29.93,0.314,1.677
47.21,29.95,0.314,1.677
47.21,29.97,0.314,1.677
47.21,29.98,0.314,1.677
47.21,30.00,0.314,1.677
47.21,30.02,0.314,1.677
47.21,30.03,0.314,1.677
47.22,30.05,0.314,1.677
47.22,30.07,0.314,1.677
47.22,30.08,0.314,1.677
47.22,30.10,0.314,1.677
47.22,30.12,0.314,1.677
47.23,30.13,0.314,1.677
47.23,30.15,0.314,1.677
47.23,30.17,0.314,1.677
47.23,30.18,0.314,1.677
47.23,30.20,0.314,1.677
47.23,30.22,0.314,1.677
47.24,30.23,0.314,1.677
47.24,30.25,0.314,1.677
47.24,30.27,0.314,1.677
47.24,30.28,0.314,1.677
47.24,30.30,0.314,1.677
47.24,30.32,0.314,1.677
47.24,30.33,0.314,1.677
47.25,30.35,0.314,1.677
47.25,30.37,0.314,1.677
47.25,30.38,0.314,1.678
47.25,30.40,0.314,1.678
47.25,30.42,0.314,1.678
47.26,30.43,0.314,1.678
47.26,30.45,0.314,1.678
47.26,30.47,0.314,1.679
47.26,30.48,0.314,1.679
47.26,30.50,0.314,1.679
47.26,30.52,0.314,1.679
47.26,30.53,0.314,1.679
47.27,30.55,0.314,1.679
47.27,30.57,0.314,1.679
47.27,30.58,0.314,1.678
47.27,30.60,0.314,1.678
47.27,30.62,0.314,1.678
47.28,30.63,0.314,1.678
47.28,30.65,0.314,1.678
47.28,30.67,0.314,1.678
47.28,30.68,0.314,1.678
47.28,30.70,0.314,1.678
47.28,30.72,0.314,1.678
47.29,30.73,0.314,1.678
47.29,30.75,0.314,1.678
47.29,30.77,0.314,1.678
47.29,30.78,0.314,1.679
47.29,30.80,0.314,1.679
47.29,30.82,0.314,1.679
47.29,30.83,0.314,1.679
47.30,30.85,0.314,1.679
47.30,30.87,0.314,1.679
47.30,30.88,0.314,1.680
47.30,30.90,0.314,1.680
47.30,30.92,0.314,1.680
47.31,30.93,0.314,1.680
47.31,30.95,0.314,1.681
47.31,30.97,0.314,1.681
47.31,30.99,0.314,1.681
47.31,31.00,0.314,1.681
47.31,31.02,0.314,1.681
47.31,31.03,0.314,1.680
47.32,31.05,0.314,1.680
47.32,31.07,0.315,1.681
47.32,31.09,0.315,1.681
47.32,31.10,0.315,1.681
47.32,31.12,0.315,1.681
47.33,31.14,0.315,1.681
47.33,31.15,0.315,1.681
47.33,31.17,0.315,1.681
47.33,31.18,0.315,1.681
47.33,31.20,0.315,1.681
47.33,31.22,0.315,1.681
47.34,31.24,0.315,1.681
47.34,31.25,0.315,1.681
47.34,31.27,0.315,1.682
47.34,31.29,0.315,1.682
47.34,31.30,0.315,1.682
47.34,31.32,0.315,1.682
47.34,31.34,0.315,1.683
47.35,31.35,0.315,1.683
47.35,31.37,0.315,1.683
47.35,31.39,0.315,1.683
47.35,31.40,0.315,1.683
47.35,31.42,0.315,1.683
47.36,31.44,0.315,1.682
47.36,31.45,0.315,1.682
47.36,31.47,0.315,1.682
47.36,31.49,0.315,1.682
47.36,31.50,0.315,1.682
47.36,31.52,0.315,1.683
47.36,31.54,0.315,1.683
47.37,31.55,0.315,1.683
47.37,31.57,0.315,1.683
47.37,31.59,0.315,1.683
47.37,31.60,0.315,1.683
47.37,31.62,0.315,1.683
47.38,31.64,0.315,1.683
47.38,31.65,0.315,1.683
47.38,31.67,0.315,1.683
47.38,31.69,0.315,1.683
47.38,31.70,0.315,1.683
47.38,31.72,0.315,1.683
47.39,31.74,0.315,1.684
47.39,31.75,0.315,1.684
47.39,31.77,0.315,1.684
47.39,31.79,0.315,1.684
47.39,31.80,0.315,1.684
47.39,31.82,0.315,1.684
47.39,31.84,0.315,1.684
47.40,31.85,0.315,1.684
47.40,31.87,0.315,1.684
47.40,31.89,0.315,1.684
47.40,31.90,0.315,1.685
47.40,31.92,0.315,1.685
47.41,31.94,0.315,1.685
47.41,31.95,0.315,1.685
47.41,31.97,0.315,1.685
47.41,31.99,0.315,1.685
47.41,32.00,0.315,1.685
47.41,32.02,0.315,1.685
47.41,32.04,0.315,1.685
47.42,32.05,0.315,1.685
47.42,32.07,0.315,1.685
47.42,32.09,0.315,1.685
47.42,32.10,0.315,1.685
47.42,32.12,0.315,1.685
47.43,32.14,0.315,1.685
47.43,32.15,0.315,1.685
47.43,32.17,0.315,1.685
47.43,32.19,0.315,1.685
47.43,32.20,0.315,1.685
47.43,32.22,0.315,1.685
47.44,32.24,0.315,1.685
47.44,32.25,0.315,1.686
47.44,32.27,0.315,1.686
47.44,32.29,0.315,1.686
47.44,32.30,0.315,1.686
47.44,32.32,0.315,1.687
47.44,32.34,0.315,1.687
47.45,32.35,0.315,1.687
47.45,32.37,0.315,1.687
47.45,32.39,0.315,1.687
47.45,32.40,0.315,1.687
47.45,32.42,0.315,1.687
47.46,32.44,0.315,1.687
47.46,32.45,0.315,1.687
47.46,32.47,0.315,1.686
47.46,32.49,0.315,1.686
47.46,32.50,0.315,1.686
47.46,32.52,0.315,1.686
47.46,32.54,0.315,1.686
47.47,32.55,0.315,1.686
47.47,32.57,0.316,1.686
47.47,32.59,0.316,1.687
47.47,32.60,0.316,1.687
47.47,32.62,0.316,1.687
47.48,32.64,0.316,1.688
47.48,32.65,0.316,1.688
47.48,32.67,0.316,1.688
47.48,32.69,0.316,1.688
47.48,32.70,0.316,1.688
47.48,32.72,0.316,1.688
47.49,32.74,0.316,1.688
47.49,32.75,0.316,1.688
47.49,32.77,0.316,1.688
47.49,32.79,0.316,1.688
47.49,32.80,0.316,1.688
47.49,32.82,0.316,1.688
47.49,32.84,0.316,1.688
47.50,32.85,0.316,1.688
47.50,32.87,0.316,1.688
47.50,32.89,0.316,1.688
47.50,32.90,0.316,1.688
47.50,32.92,0.316,1.688
47.51,32.94,0.316,1.688
47.51,32.95,0.316,1.688
47.51,32.97,0.316,1.688
47.51,32.99,0.316,1.688
47.51,33.00,0.316,1.688
47.51,33.02,0.316,1.689
47.51,33.04,0.316,1.689
47.52,33.05,0.316,1.689
47.52,33.07,0.316,1.689
47.52,33.09,0.316,1.689
47.52,33.10,0.316,1.689
47.52,33.12,0.316,1.689
47.53,33.14,0.316,1.689
47.53,33.15,0.316,1.689
47.53,33.17,0.316,1.689
47.53,33.19,0.316,1.689
47.53,33.20,0.316,1.689
47.53,33.22,0.316,1.689
47.54,33.24,0.316,1.689
47.54,33.25,0.316,1.689
47.54,33.27,0.316,1.689
47.54,33.29,0.316,1.689
47.54,33.30,0.316,1.689
47.54,33.32,0.316,1.689
47.54,33.34,0.316,1.689
47.55,33.35,0.316,1.690
47.55,33.37,0.316,1.690
47.55,33.39,0.316,1.690
47.55,33.40,0.316,1.690
47.55,33.42,0.316,1.690
47.56,33.44,0.316,1.690
47.56,33.45,0.316,1.690
47.56,33.47,0.316,1.690
47.56,33.49,0.316,1.690
47.56,33.50,0.316,1.690
47.56,33.52,0.316,1.691
47.56,33.54,0.316,1.691
47.57,33.55,0.316,1.690
47.57,33.57,0.316,1.690
47.57,33.59,0.316,1.690
47.57,33.60,0.316,1.691
47.57,33.62,0.316,1.691
47.58,33.64,0.316,1.691
47.58,33.65,0.316,1.691
47.58,33.67,0.316,1.691
47.58,33.69,0.316,1.691
47.58,33.70,0.316,1.691
47.58,33.72,0.316,1.691
47.59,33.74,0.316,1.691
47.59,33.75,0.316,1.691
47.59,33.77,0.316,1.691
47.59,33.79,0.316,1.691
47.59,33.80,0.316,1.691
47.59,33.82,0.316,1.691
47.59,33.84,0.316,1.691
47.60,33.85,0.316,1.691
47.60,33.87,0.316,1.691
47.60,33.89,0.316,1.691
47.60,33.91,0.316,1.691
47.60,33.92,0.316,1.691
47.61,33.94,0.316,1.691
47.61,33.95,0.316,1.691
47.61,33.97,0.316,1.691
47.61,33.99,0.316,1.691
47.61,34.01,0.316,1.692
47.61,34.02,0.317,1.692
47.61,34.04,0.317,1.692
47.62,34.05,0.317,1.692
47.62,34.07,0.317,1.692
47.62,34.09,0.317,1.693
47.62,34.10,0.317,1.693
47.62,34.12,0.317,1.693
47.63,34.14,0.317,1.693
47.63,34.15,0.317,1.693
47.63,34.17,0.317,1.693
47.63,34.19,0.317,1.693
47.63,34.21,0.317,1.693
47.63,34.22,0.317,1.693
47.64,34.24,0.317,1.693
47.64,34.26,0.317,1.693
47.64,34.27,0.317,1.693
47.64,34.29,0.317,1.693
47.64,34.30,0.317,1.693
47.64,34.32,0.317,1.693
47.64,34.34,0.317,1.693
47.65,34.36,0.317,1.693
47.65,34.37,0.317,1.693
47.65,34.39,0.317,1.693
47.65,34.41,0.317,1.693
47.65,34.42,0.317,1.694
47.66,34.44,0.317,1.694
47.66,34.46,0.317,1.694
47.66,34.47,0.317,1.694
47.66,34.49,0.317,1.695
47.66,34.50,0.317,1.695
47.66,34.52,0.317,1.695
47.66,34.54,0.317,1.695
47.67,34.56,0.317,1.695
47.67,34.57,0.317,1.694
47.67,34.59,0.317,1.694
47.67,34.61,0.317,1.694
47.67,34.62,0.317,1.694
47.68,34.64,0.317,1.694
47.68,34.66,0.317,1.694
47.68,34.67,0.317,1.694
47.68,34.69,0.317,1.694
47.68,34.71,0.317,1.694
47.68,34.72,0.317,1.694
47.69,34.74,0.317,1.694
47.69,34.76,0.317,1.694
47.69,34.77,0.317,1.694
47.69,34.79,0.317,1.694
47.69,34.81,0.317,1.694
47.69,34.82,0.317,1.694
47.69,34.84,0.317,1.694
47.70,34.86,0.317,1.695
47.70,34.87,0.317,1.695
47.70,34.89,0.317,1.695
47.70,34.91,0.317,1.695
47.70,34.92,0.317,1.695
47.71,34.94,0.317,1.695
47.71,34.96,0.317,1.695
47.71,34.97,0.317,1.696
47.71,34.99,0.317,1.696
47.71,35.01,0.317,1.696
47.71,35.02,0.317,1.696
47.71,35.04,0.317,1.696
47.72,35.06,0.317,1.696
47.72,35.07,0.317,1.696
47.72,35.09,0.317,1.696
47.72,35.11,0.317,1.696
47.72,35.12,0.317,1.696
47.73,35.14,0.317,1.696
47.73,35.16,0.317,1.696
47.73,35.17,0.317,1.696
47.73,35.19,0.317,1.696
47.73,35.21,0.317,1.696
47.73,35.22,0.317,1.696
47.74,35.24,0.317,1.696
47.74,35.26,0.317,1.696
47.74,35.27,0.317,1.696
47.74,35.29,0.317,1.696
47.74,35.31,0.317,1.696
47.74,35.32,0.317,1.696
47.74,35.34,0.317,1.696
47.75,35.36,0.317,1.696
47.75,35.37,0.317,1.696
47.75,35.39,0.317,1.697
47.75,35.41,0.317,1.697
47.75,35.42,0.317,1.697
47.76,35.44,0.317,1.697
47.76,35.46,0.317,1.697
47.76,35.47,0.317,1.697
47.76,35.49,0.318,1.697
47.76,35.51,0.318,1.697
47.76,35.52,0.318,1.697
47.76,35.54,0.318,1.697
47.77,35.56,0.318,1.697
47.77,35.57,0.318,1.697
47.77,35.59,0.318,1.697
47.77,35.61,0.318,1.697
47.77,35.62,0.318,1.697
47.78,35.64,0.318,1.697
47.78,35.66,0.318,1.697
47.78,35.67,0.318,1.697
47.78,35.69,0.318,1.697
47.78,35.71,0.318,1.697
47.78,35.73,0.318,1.697
47.79,35.74,0.318,1.697
47.79,35.76,0.318,1.697
47.79,35.77,0.318,1.697
47.79,35.79,0.318,1.698
47.79,35.81,0.318,1.698
47.79,35.83,0.318,1.698
47.79,35.84,0.318,1.698
47.80,35.86,0.318,1.699
47.80,35.87,0.318,1.699
47.80,35.89,0.318,1.699
47.80,35.91,0.318,1.699
47.80,35.92,0.318,1.698
47.81,35.94,0.318,1.698
47.81,35.96,0.318,1.698
47.81,35.97,0.318,1.698
47.81,35.99,0.318,1.698
47.81,36.01,0.318,1.698
47.81,36.02,0.318,1.698
47.81,36.04,0.318,1.698
47.82,36.06,0.318,1.698
47.82,36.07,0.318,1.698
47.82,36.09,0.318,1.698
47.82,36.11,0.318,1.698
47.82,36.12,0.318,1.698
47.83,36.14,0.318,1.698
47.83,36.16,0.318,1.699
47.83,36.17,0.318,1.699
47.83,36.19,0.318,1.699
47.83,36.21,0.318,1.699
47.83,36.22,0.318,1.699
47.84,36.24,0.318,1.699
47.84,36.26,0.318,1.700
47.84,36.27,0.318,1.700
47.84,36.29,0.318,1.700
47.84,36.31,0.318,1.700
47.84,36.33,0.318,1.700
47.84,36.34,0.318,1.700
47.85,36.36,0.318,1.700
47.85,36.37,0.318,1.700
47.85,36.39,0.318,1.700
47.85,36.41,0.318,1.700
47.85,36.42,0.318,1.700
47.86,36.44,0.318,1.700
47.86,36.46,0.318,1.700
47.86,36.47,0.318,1.700
47.86,36.49,0.318,1.700
47.86,36.51,0.318,1.700
47.86,36.52,0.318,1.700
47.86,36.54,0.318,1.700
47.87,36.56,0.318,1.700
47.87,36.58,0.318,1.701
47.87,36.59,0.318,1.701
47.87,36.61,0.318,1.701
47.87,36.62,0.318,1.701
47.88,36.64,0.318,1.701
47.88,36.66,0.318,1.701
47.88,36.68,0.318,1.701
47.88,36.69,0.318,1.702
47.88,36.71,0.318,1.702
47.88,36.73,0.318,1.702
47.89,36.74,0.318,1.702
47.89,36.76,0.318,1.702
47.89,36.78,0.318,1.702
47.89,36.79,0.318,1.702
47.89,36.81,0.318,1.702
47.89,36.83,0.319,1.702
47.89,36.84,0.319,1.702
47.90,36.86,0.319,1.702
47.90,36.88,0.319,1.702
47.90,36.89,0.319,1.702
47.90,36.91,0.319,1.702
47.90,36.93,0.319,1.702
47.91,36.94,0.319,1.702
47.91,36.96,0.319,1.702
47.91,36.98,0.319,1.702
47.91,36.99,0.319,1.702
47.91,37.01,0.319,1.702
47.91,37.03,0.319,1.702
47.91,37.04,0.319,1.702
47.92,37.06,0.319,1.702
47.92,37.08,0.319,1.702
47.92,37.09,0.319,1.702
47.92,37.11,0.319,1.702
47.92,37.13,0.319,1.702
47.93,37.14,0.319,1.702
47.93,37.16,0.319,1.702
47.93,37.18,0.319,1.702
47.93,37.19,0.319,1.703
47.93,37.21,0.319,1.703
47.93,37.23,0.319,1.703
47.94,37.24,0.319,1.703
47.94,37.26,0.319,1.703
47.94,37.28,0.319,1.703
47.94,37.29,0.319,1.703
47.94,37.31,0.319,1.703
47.94,37.33,0.319,1.703
47.94,37.34,0.319,1.703
47.95,37.36,0.319,1.703
47.95,37.38,0.319,1.703
47.95,37.39,0.319,1.703
47.95,37.41,0.319,1.703
47.95,37.43,0.319,1.703
47.96,37.44,0.319,1.703
47.96,37.46,0.319,1.703
47.96,37.48,0.319,1.704
47.96,37.49,0.319,1.704
47.96,37.51,0.319,1.704
47.96,37.53,0.319,1.704
47.96,37.54,0.319,1.704
47.97,37.56,0.319,1.704
47.97,37.58,0.319,1.704
47.97,37.59,0.319,1.704
47.97,37.61,0.319,1.704
47.97,37.63,0.319,1.704
47.98,37.64,0.319,1.704
47.98,37.66,0.319,1.704
47.98,37.68,0.319,1.704
47.98,37.69,0.319,1.704
47.98,37.71,0.319,1.704
47.98,37.73,0.319,1.704
47.99,37.74,0.319,1.704
47.99,37.76,0.319,1.705
47.99,37.78,0.319,1.705
47.99,37.79,0.319,1.705
47.99,37.81,0.319,1.705
47.99,37.83,0.319,1.705
47.99,37.84,0.319,1.705
48.00,37.86,0.319,1.705
48.00,37.88,0.319,1.705
48.00,37.89,0.319,1.705
48.00,37.91,0.319,1.705
48.00,37.93,0.319,1.705
48.01,37.94,0.319,1.705
48.01,37.96,0.319,1.705
48.01,37.98,0.319,1.705
48.01,37.99,0.319,1.706
48.01,38.01,0.319,1.706
48.01,38.03,0.319,1.706
48.01,38.04,0.319,1.706
48.02,38.06,0.319,1.706
48.02,38.08,0.319,1.706
48.02,38.09,0.319,1.706
48.02,38.11,0.319,1.706
48.02,38.13,0.319,1.706
48.03,38.14,0.319,1.706
48.03,38.16,0.319,1.706
48.03,38.18,0.319,1.706
48.03,38.19,0.319,1.706
48.03,38.21,0.319,1.706
48.03,38.23,0.319,1.706
48.04,38.24,0.319,1.706
48.04,38.26,0.319,1.706
48.04,38.28,0.319,1.706
48.04,38.29,0.319,1.706
48.04,38.31,0.320,1.706
48.04,38.33,0.320,1.706
48.04,38.34,0.320,1.706
48.05,38.36,0.320,1.706
48.05,38.38,0.320,1.706
48.05,38.39,0.320,1.706
48.05,38.41,0.320,1.706
48.05,38.43,0.320,1.707
48.06,38.44,0.320,1.707
48.06,38.46,0.320,1.707
48.06,38.48,0.320,1.707
48.06,38.49,0.320,1.707
48.06,38.51,0.320,1.707
48.06,38.53,0.320,1.707
48.06,38.54,0.320,1.707
48.07,38.56,0.320,1.707
48.07,38.58,0.320,1.707
48.07,38.59,0.320,1.707
48.07,38.61,0.320,1.707
48.07,38.63,0.320,1.707
48.08,38.64,0.320,1.707
48.08,38.66,0.320,1.707
48.08,38.68,0.320,1.707
48.08,38.69,0.320,1.708
48.08,38.71,0.320,1.708
48.08,38.73,0.320,1.708
48.09,38.75,0.320,1.708
48.09,38.76,0.320,1.708
48.09,38.78,0.320,1.708
48.09,38.80,0.320,1.708
48.09,38.81,0.320,1.708
48.09,38.83,0.320,1.708
48.09,38.84,0.320,1.708
48.10,38.86,0.320,1.708
48.10,38.88,0.320,1.708
48.10,38.89,0.320,1.708
48.10,38.91,0.320,1.708
48.10,38.93,0.320,1.708
48.11,38.95,0.320,1.708
48.11,38.96,0.320,1.708
48.11,38.98,0.320,1.708
48.11,38.99,0.320,1.708
48.11,39.01,0.320,1.709
48.11,39.03,0.320,1.709
48.11,39.05,0.320,1.709
48.12,39.06,0.320,1.709
48.12,39.08,0.320,1.709
48.12,39.10,0.320,1.709
48.12,39.11,0.320,1.709
48.12,39.13,0.320,1.709
48.13,39.14,0.320,1.709
48.13,39.16,0.320,1.709
48.13,39.18,0.320,1.709
48.13,39.20,0.320,1.709
48.13,39.21,0.320,1.709
48.13,39.23,0.320,1.709
48.14,39.24,0.320,1.709
48.14,39.26,0.320,1.709
48.14,39.28,0.320,1.709
48.14,39.30,0.320,1.709
48.14,39.31,0.320,1.709
48.14,39.33,0.320,1.709
48.14,39.35,0.320,1.709
48.15,39.36,0.320,1.709
48.15,39.38,0.320,1.709
48.15,39.39,0.320,1.710
48.15,39.41,0.320,1.710
48.15,39.43,0.320,1.710
48.16,39.45,0.320,1.710
48.16,39.46,0.320,1.710
48.16,39.48,0.320,1.710
48.16,39.50,0.320,1.710
48.16,39.51,0.320,1.710
48.16,39.53,0.320,1.710
48.16,39.55,0.320,1.710
48.17,39.56,0.320,1.710
48.17,39.58,0.320,1.710
48.17,39.60,0.320,1.710
48.17,39.61,0.320,1.710
48.17,39.63,0.320,1.710
48.18,39.65,0.320,1.710
48.18,39.66,0.320,1.710
48.18,39.68,0.321,1.710
48.18,39.69,0.321,1.711
48.18,39.71,0.321,1.711
48.18,39.73,0.321,1.711
48.19,39.75,0.321,1.711
48.19,39.76,0.321,1.711
48.19,39.78,0.321,1.712
48.19,39.80,0.321,1.711
48.19,39.81,0.321,1.711
48.19,39.83,0.321,1.711
48.19,39.85,0.321,1.711
48.20,39.86,0.321,1.711
48.20,39.88,0.321,1.711
48.20,39.90,0.321,1.711
48.20,39.91,0.321,1.711
48.20,39.93,0.321,1.712
48.21,39.95,0.321,1.712
48.21,39.96,0.321,1.712
48.21,39.98,0.321,1.712
48.21,40.00,0.321,1.712
48.21,40.01,0.321,1.712
48.21,40.03,0.321,1.713
48.21,40.05,0.321,1.713
48.22,40.06,0.321,1.713
48.22,40.08,0.321,1.713
48.22,40.10,0.321,1.713
48.22,40.11,0.321,1.713
48.22,40.13,0.321,1.712
48.23,40.15,0.321,1.712
48.23,40.16,0.321,1.712
48.23,40.18,0.321,1.712
48.23,40.20,0.321,1.712
48.23,40.21,0.321,1.712
48.23,40.23,0.321,1.712
48.24,40.25,0.321,1.712
48.24,40.26,0.321,1.712
48.24,40.28,0.321,1.712
48.24,40.30,0.321,1.713
48.24,40.31,0.321,1.713
48.24,40.33,0.321,1.713
48.24,40.35,0.321,1.713
48.25,40.36,0.321,1.713
48.25,40.38,0.321,1.713
48.25,40.40,0.321,1.713
48.25,40.41,0.321,1.713
48.25,40.43,0.321,1.713
48.26,40.45,0.321,1.713
48.26,40.46,0.321,1.713
48.26,40.48,0.321,1.713
48.26,40.50,0.321,1.713
48.26,40.51,0.321,1.713
48.26,40.53,0.321,1.713
48.26,40.55,0.321,1.713
48.27,40.56,0.321,1.713
48.27,40.58,0.321,1.713
48.27,40.60,0.321,1.714
48.27,40.61,0.321,1.714
48.27,40.63,0.321,1.714
48.28,40.65,0.321,1.713
48.28,40.66,0.321,1.713
48.28,40.68,0.321,1.714
48.28,40.70,0.321,1.714
48.28,40.71,0.321,1.714
48.28,40.73,0.321,1.714
48.29,40.75,0.321,1.714
48.29,40.76,0.321,1.714
48.29,40.78,0.321,1.714
48.29,40.80,0.321,1.714
48.29,40.81,0.321,1.715
48.29,40.83,0.321,1.715
48.29,40.85,0.321,1.715
48.30,40.86,0.321,1.715
48.30,40.88,0.321,1.715
48.30,40.90,0.321,1.714
48.30,40.91,0.321,1.714
48.30,40.93,0.321,1.714
48.31,40.95,0.321,1.714
48.31,40.96,0.321,1.714
48.31,40.98,0.321,1.714
48.31,41.00,0.322,1.714
48.31,41.01,0.322,1.714
48.31,41.03,0.322,1.714
48.31,41.05,0.322,1.715
48.32,41.06,0.322,1.715
48.32,41.08,0.322,1.715
48.32,41.10,0.322,1.715
48.32,41.11,0.322,1.715
48.32,41.13,0.322,1.715
48.33,41.15,0.322,1.715
48.33,41.16,0.322,1.715
48.33,41.18,0.322,1.715
48.33,41.20,0.322,1.715
48.33,41.21,0.322,1.715
48.33,41.23,0.322,1.715
48.34,41.25,0.322,1.715
48.34,41.26,0.322,1.715
48.34,41.28,0.322,1.716
48.34,41.30,0.322,1.716
48.34,41.32,0.322,1.716
48.34,41.33,0.322,1.716
48.34,41.35,0.322,1.716
48.35,41.36,0.322,1.716
48.35,41.38,0.322,1.716
48.35,41.40,0.322,1.716
48.35,41.41,0.322,1.716
48.35,41.43,0.322,1.716
48.36,41.45,0.322,1.716
48.36,41.47,0.322,1.716
48.36,41.48,0.322,1.716
48.36,41.50,0.322,1.716
48.36,41.51,0.322,1.716
48.36,41.53,0.322,1.716
48.36,41.55,0.322,1.716
48.37,41.57,0.322,1.716
48.37,41.58,0.322,1.716
48.37,41.60,0.322,1.716
48.37,41.62,0.322,1.716
48.37,41.63,0.322,1.717
48.38,41.65,0.322,1.717
48.38,41.66,0.322,1.717
48.38,41.68,0.322,1.717
48.38,41.70,0.322,1.717
48.38,41.72,0.322,1.717
48.38,41.73,0.322,1.717
48.39,41.75,0.322,1.717
48.39,41.76,0.322,1.717
48.39,41.78,0.322,1.717
48.39,41.80,0.322,1.717
48.39,41.81,0.322,1.717
48.39,41.83,0.322,1.717
48.39,41.85,0.322,1.717
48.40,41.87,0.322,1.717
48.40,41.88,0.322,1.717
48.40,41.90,0.322,1.717
48.40,41.92,0.322,1.717
48.40,41.93,0.322,1.717
48.41,41.95,0.322,1.717
48.41,41.97,0.322,1.717
48.41,41.98,0.322,1.717
48.41,42.00,0.322,1.717
48.41,42.02,0.322,1.717
48.41,42.03,0.322,1.717
48.41,42.05,0.322,1.717
48.42,42.07,0.322,1.718
48.42,42.08,0.322,1.718
48.42,42.10,0.322,1.718
48.42,42.12,0.322,1.718
48.42,42.13,0.322,1.718
48.43,42.15,0.322,1.718
48.43,42.17,0.322,1.718
48.43,42.18,0.322,1.719
48.43,42.20,0.322,1.719
48.43,42.22,0.322,1.719
48.43,42.23,0.322,1.719
48.44,42.25,0.322,1.719
48.44,42.27,0.322,1.719
48.44,42.28,0.322,1.719
48.44,42.30,0.322,1.720
48.44,42.32,0.322,1.719
48.44,42.33,0.322,1.719
48.44,42.35,0.322,1.719
48.45,42.37,0.322,1.719
48.45,42.38,0.322,1.719
48.45,42.40,0.323,1.719
48.45,42.42,0.323,1.719
48.45,42.43,0.323,1.719
48.46,42.45,0.323,1.719
48.46,42.47,0.323,1.719
48.46,42.48,0.323,1.719
48.46,42.50,0.323,1.719
48.46,42.52,0.323,1.720
48.46,42.53,0.323,1.720
48.46,42.55,0.323,1.720
48.47,42.57,0.323,1.720
48.47,42.58,0.323,1.720
48.47,42.60,0.323,1.720
48.47,42.62,0.323,1.720
48.47,42.63,0.323,1.720
48.48,42.65,0.323,1.720
48.48,42.67,0.323,1.720
48.48,42.68,0.323,1.720
48.48,42.70,0.323,1.721
48.48,42.72,0.323,1.721
48.48,42.73,0.323,1.721
48.49,42.75,0.323,1.721
48.49,42.77,0.323,1.721
48.49,42.78,0.323,1.721
48.49,42.80,0.323,1.721
48.49,42.82,0.323,1.721
48.49,42.83,0.323,1.721
48.49,42.85,0.323,1.721
48.50,42.87,0.323,1.721
48.50,42.88,0.323,1.721
48.50,42.90,0.323,1.721
48.50,42.92,0.323,1.721
48.50,42.93,0.323,1.722
48.51,42.95,0.323,1.722
48.51,42.97,0.323,1.722
48.51,42.98,0.323,1.722
48.51,43.00,0.323,1.722
48.51,43.02,0.323,1.722
48.51,43.03,0.323,1.722
48.51,43.05,0.323,1.722
48.52,43.07,0.323,1.722
48.52,43.08,0.323,1.722
48.52,43.10,0.323,1.722
48.52,43.12,0.323,1.722
48.52,43.13,0.323,1.722
48.53,43.15,0.323,1.722
48.53,43.17,0.323,1.722
48.53,43.18,0.323,1.722
48.53,43.20,0.323,1.722
48.53,43.22,0.323,1.722
48.53,43.23,0.323,1.722
48.54,43.25,0.323,1.722
48.54,43.27,0.323,1.722
48.54,43.28,0.323,1.722
48.54,43.30,0.323,1.722
48.54,43.32,0.323,1.722
48.54,43.33,0.323,1.722
48.54,43.35,0.323,1.722
48.55,43.37,0.323,1.722
48.55,43.38,0.323,1.722
48.55,43.40,0.323,1.722
48.55,43.42,0.323,1.722
48.55,43.43,0.323,1.722
48.56,43.45,0.323,1.722
48.56,43.47,0.323,1.722
48.56,43.48,0.323,1.722
48.56,43.50,0.323,1.722
48.56,43.52,0.323,1.722
48.56,43.53,0.323,1.722
48.56,43.55,0.323,1.722
48.57,43.57,0.323,1.722
48.57,43.58,0.323,1.723
48.57,43.60,0.323,1.723
48.57,43.62,0.323,1.723
48.57,43.63,0.323,1.723
48.58,43.65,0.323,1.723
48.58,43.67,0.323,1.723
48.58,43.68,0.323,1.723
48.58,43.70,0.323,1.723
48.58,43.72,0.323,1.723
48.58,43.73,0.323,1.723
48.59,43.75,0.323,1.723
48.59,43.77,0.323,1.723
48.59,43.78,0.323,1.723
48.59,43.80,0.323,1.723
48.59,43.82,0.323,1.723
48.59,43.83,0.324,1.723
48.59,43.85,0.324,1.724
48.60,43.87,0.324,1.724
48.60,43.88,0.324,1.724
48.60,43.90,0.324,1.724
48.60,43.92,0.324,1.724
48.60,43.93,0.324,1.724
48.61,43.95,0.324,1.724
48.61,43.97,0.324,1.724
48.61,43.98,0.324,1.724
48.61,44.00,0.324,1.724
48.61,44.02,0.324,1.724
48.61,44.03,0.324,1.724
48.61,44.05,0.324,1.724
48.62,44.07,0.324,1.724
48.62,44.08,0.324,1.724
48.62,44.10,0.324,1.724
48.62,44.12,0.324,1.724
48.62,44.13,0.324,1.724
48.63,44.15,0.324,1.725
48.63,44.17,0.324,1.725
48.63,44.18,0.324,1.725
48.63,44.20,0.324,1.725
48.63,44.22,0.324,1.725
48.63,44.23,0.324,1.725
48.64,44.25,0.324,1.725
48.64,44.27,0.324,1.725
48.64,44.28,0.324,1.725
48.64,44.30,0.324,1.725
48.64,44.32,0.324,1.725
48.64,44.33,0.324,1.725
48.64,44.35,0.324,1.725
48.65,44.37,0.324,1.725
48.65,44.38,0.324,1.725
48.65,44.40,0.324,1.725
48.65,44.42,0.324,1.726
48.65,44.43,0.324,1.726
48.66,44.45,0.324,1.726
48.66,44.47,0.324,1.726
48.66,44.49,0.324,1.726
48.66,44.50,0.324,1.726
48.66,44.52,0.324,1.726
48.66,44.53,0.324,1.726
48.66,44.55,0.324,1.726
48.67,44.57,0.324,1.726
48.67,44.58,0.324,1.726
48.67,44.60,0.324,1.726
48.67,44.62,0.324,1.726
48.67,44.63,0.324,1.726
48.68,44.65,0.324,1.726
48.68,44.67,0.324,1.726
48.68,44.68,0.324,1.726
48.68,44.70,0.324,1.726
48.68,44.72,0.324,1.726
48.68,44.73,0.324,1.726
48.69,44.75,0.324,1.726
48.69,44.77,0.324,1.726
48.69,44.79,0.324,1.726
48.69,44.80,0.324,1.726
48.69,44.82,0.324,1.726
48.69,44.84,0.324,1.726
48.69,44.85,0.324,1.726
48.70,44.87,0.324,1.726
48.70,44.88,0.324,1.726
48.70,44.90,0.324,1.726
48.70,44.92,0.324,1.726
48.70,44.93,0.324,1.727
48.71,44.95,0.324,1.727
48.71,44.97,0.324,1.727
48.71,44.99,0.324,1.727
48.71,45.00,0.324,1.727
48.71,45.02,0.324,1.727
48.71,45.04,0.324,1.727
48.71,45.05,0.324,1.727
48.72,45.07,0.324,1.727
48.72,45.09,0.324,1.727
48.72,45.10,0.324,1.727
48.72,45.12,0.324,1.727
48.72,45.14,0.324,1.727
48.73,45.15,0.324,1.727
48.73,45.17,0.324,1.727
48.73,45.19,0.324,1.727
48.73,45.20,0.325,1.728
48.73,45.22,0.325,1.728
48.73,45.24,0.325,1.728
48.74,45.25,0.325,1.728
48.74,45.27,0.325,1.728
48.74,45.29,0.325,1.728
48.74,45.30,0.325,1.729
48.74,45.32,0.325,1.729
48.74,45.34,0.325,1.729
48.74,45.35,0.325,1.729
48.75,45.37,0.325,1.729
48.75,45.39,0.325,1.729
48.75,45.40,0.325,1.729
48.75,45.42,0.325,1.729
48.75,45.44,0.325,1.729
48.76,45.45,0.325,1.729
48.76,45.47,0.325,1.729
48.76,45.49,0.325,1.729
48.76,45.50,0.325,1.730
48.76,45.52,0.325,1.730
48.76,45.53,0.325,1.730
48.76,45.55,0.325,1.730
48.77,45.57,0.325,1.730
48.77,45.59,0.325,1.730
48.77,45.60,0.325,1.730
48.77,45.62,0.325,1.730
48.77,45.64,0.325,1.730
48.78,45.65,0.325,1.730
48.78,45.67,0.325,1.730
48.78,45.69,0.325,1.730
48.78,45.70,0.325,1.730
48.78,45.72,0.325,1.730
48.78,45.74,0.325,1.731
48.79,45.75,0.325,1.731
48.79,45.77,0.325,1.731
48.79,45.79,0.325,1.731
48.79,45.80,0.325,1.731
48.79,45.82,0.325,1.731
48.79,45.84,0.325,1.731
48.79,45.85,0.325,1.731
48.80,45.87,0.325,1.731
48.80,45.89,0.325,1.731
48.80,45.90,0.325,1.731
48.80,45.92,0.325,1.731
48.80,45.94,0.325,1.731
48.81,45.95,0.325,1.731
48.81,45.97,0.325,1.731
48.81,45.99,0.325,1.731
48.81,46.00,0.325,1.731
48.81,46.02,0.325,1.732
48.81,46.04,0.325,1.732
48.81,46.05,0.325,1.732
48.82,46.07,0.325,1.732
48.82,46.09,0.325,1.732
48.82,46.10,0.325,1.732
48.82,46.12,0.325,1.732
48.82,46.14,0.325,1.732
48.83,46.15,0.325,1.732
48.83,46.17,0.325,1.732
48.83,46.19,0.325,1.732
48.83,46.20,0.325,1.732
48.83,46.22,0.325,1.732
48.83,46.24,0.325,1.732
48.84,46.25,0.325,1.732
48.84,46.27,0.325,1.732
48.84,46.29,0.325,1.732
48.84,46.30,0.325,1.732
48.84,46.32,0.325,1.732
48.84,46.34,0.325,1.732
48.84,46.35,0.325,1.732
48.85,46.37,0.325,1.732
48.85,46.39,0.325,1.732
48.85,46.40,0.325,1.732
48.85,46.42,0.325,1.732
48.85,46.44,0.325,1.732
48.86,46.45,0.325,1.732
48.86,46.47,0.325,1.732
48.86,46.49,0.325,1.732
48.86,46.50,0.325,1.732
48.86,46.52,0.325,1.733
48.86,46.54,0.325,1.733
48.86,46.55,0.325,1.733
48.87,46.57,0.325,1.733
48.87,46.59,0.325,1.733
48.87,46.60,0.326,1.733
48.87,46.62,0.326,1.734
48.87,46.64,0.326,1.734
48.88,46.65,0.326,1.734
48.88,46.67,0.326,1.734
48.88,46.69,0.326,1.734
48.88,46.70,0.326,1.734
48.88,46.72,0.326,1.734
48.88,46.74,0.326,1.734
48.89,46.75,0.326,1.734
48.89,46.77,0.326,1.734
48.89,46.79,0.326,1.734
48.89,46.80,0.326,1.734
48.89,46.82,0.326,1.734
48.89,46.84,0.326,1.734
48.89,46.85,0.326,1.734
48.90,46.87,0.326,1.734
48.90,46.89,0.326,1.734
48.90,46.90,0.326,1.734
48.90,46.92,0.326,1.734
48.90,46.94,0.326,1.734
48.91,46.95,0.326,1.734
48.91,46.97,0.326,1.734
48.91,46.99,0.326,1.734
48.91,47.00,0.326,1.735
48.91,47.02,0.326,1.735
48.91,47.04,0.326,1.735
48.91,47.05,0.326,1.735
48.92,47.07,0.326,1.736
48.92,47.09,0.326,1.736
48.92,47.10,0.326,1.736
48.92,47.12,0.326,1.736
48.92,47.14,0.326,1.736
48.93,47.15,0.326,1.736
48.93,47.17,0.326,1.736
48.93,47.19,0.326,1.736
48.93,47.20,0.326,1.736
48.93,47.22,0.326,1.736
48.93,47.24,0.326,1.736
48.94,47.25,0.326,1.736
48.94,47.27,0.326,1.736
48.94,47.29,0.326,1.736
48.94,47.30,0.326,1.736
48.94,47.32,0.326,1.736
48.94,47.34,0.326,1.736
48.94,47.35,0.326,1.736
48.95,47.37,0.326,1.736
48.95,47.39,0.326,1.736
48.95,47.40,0.326,1.736
48.95,47.42,0.326,1.736
48.95,47.44,0.326,1.736
48.96,47.45,0.326,1.736
48.96,47.47,0.326,1.736
48.96,47.49,0.326,1.736
48.96,47.50,0.326,1.736
48.96,47.52,0.326,1.736
48.96,47.54,0.326,1.736
48.96,47.55,0.326,1.736
48.97,47.57,0.326,1.736
48.97,47.59,0.326,1.736
48.97,47.60,0.326,1.736
48.97,47.62,0.326,1.736
48.97,47.64,0.326,1.737
48.98,47.65,0.326,1.737
48.98,47.67,0.326,1.737
48.98,47.69,0.326,1.737
48.98,47.70,0.326,1.737
48.98,47.72,0.326,1.737
48.98,47.74,0.326,1.737
48.99,47.76,0.326,1.737
48.99,47.77,0.326,1.737
48.99,47.79,0.326,1.737
48.99,47.81,0.326,1.737
48.99,47.82,0.326,1.737
48.99,47.84,0.326,1.737
48.99,47.86,0.326,1.737
49.00,47.87,0.326,1.737
49.00,47.89,0.326,1.737
49.00,47.91,0.326,1.737
49.00,47.92,0.326,1.737
49.00,47.94,0.326,1.737
49.01,47.95,0.326,1.737
49.01,47.97,0.326,1.737
49.01,47.99,0.326,1.737
49.01,48.00,0.326,1.737
49.01,48.02,0.327,1.738
49.01,48.04,0.327,1.738
49.01,48.06,0.327,1.738
49.02,48.07,0.327,1.738
49.02,48.09,0.327,1.738
49.02,48.10,0.327,1.738
49.02,48.12,0.327,1.739
49.02,48.14,0.327,1.739
49.03,48.15,0.327,1.739
49.03,48.17,0.327,1.739
49.03,48.19,0.327,1.739
49.03,48.20,0.327,1.739
49.03,48.22,0.327,1.739
49.03,48.24,0.327,1.739
49.04,48.25,0.327,1.739
49.04,48.27,0.327,1.739
49.04,48.29,0.327,1.740
49.04,48.30,0.327,1.740
49.04,48.32,0.327,1.740
49.04,48.34,0.327,1.740
49.04,48.35,0.327,1.740
49.05,48.37,0.327,1.740
49.05,48.39,0.327,1.740
49.05,48.40,0.327,1.740
49.05,48.42,0.327,1.740
49.05,48.44,0.327,1.740
49.06,48.45,0.327,1.740
49.06,48.47,0.327,1.740
49.06,48.49,0.327,1.740
49.06,48.51,0.327,1.741
49.06,48.52,0.327,1.740
49.06,48.54,0.327,1.740
49.06,48.56,0.327,1.740
49.07,48.57,0.327,1.740
49.07,48.59,0.327,1.741
49.07,48.61,0.327,1.740
49.07,48.62,0.327,1.740
49.07,48.64,0.327,1.740
49.08,48.65,0.327,1.740
49.08,48.67,0.327,1.740
49.08,48.69,0.327,1.740
49.08,48.71,0.327,1.740
49.08,48.72,0.327,1.741
49.08,48.74,0.327,1.741
49.09,48.76,0.327,1.741
49.09,48.77,0.327,1.741
49.09,48.79,0.327,1.741
49.09,48.81,0.327,1.741
49.09,48.82,0.327,1.742
49.09,48.84,0.327,1.742
49.09,48.86,0.327,1.742
49.10,48.87,0.327,1.742
49.10,48.89,0.327,1.742
49.10,48.91,0.327,1.742
49.10,48.92,0.327,1.742
49.10,48.94,0.327,1.742
49.11,48.96,0.327,1.742
49.11,48.97,0.327,1.742
49.11,48.99,0.327,1.742
49.11,49.01,0.327,1.742
49.11,49.02,0.327,1.742
49.11,49.04,0.327,1.742
49.11,49.06,0.327,1.742
49.12,49.07,0.327,1.742
49.12,49.09,0.327,1.742
49.12,49.11,0.327,1.742
49.12,49.12,0.327,1.742
49.12,49.14,0.327,1.742
49.13,49.16,0.327,1.742
49.13,49.17,0.327,1.742
49.13,49.19,0.327,1.742
49.13,49.21,0.327,1.742
49.13,49.22,0.327,1.742
49.13,49.24,0.327,1.742
49.14,49.26,0.328,1.742
49.14,49.27,0.328,1.742
49.14,49.29,0.328,1.742
49.14,49.31,0.328,1.742
49.14,49.32,0.328,1.743
49.14,49.34,0.328,1.743
49.14,49.36,0.328,1.743
49.15,49.37,0.328,1.743
49.15,49.39,0.328,1.743
49.15,49.41,0.328,1.743
49.15,49.42,0.328,1.744
49.15,49.44,0.328,1.744
49.16,49.46,0.328,1.744
49.16,49.47,0.328,1.744
49.16,49.49,0.328,1.744
49.16,49.51,0.328,1.744
49.16,49.52,0.328,1.745
49.16,49.54,0.328,1.745
49.16,49.56,0.328,1.745
49.17,49.57,0.328,1.745
49.17,49.59,0.328,1.745
49.17,49.61,0.328,1.745
49.17,49.62,0.328,1.745
49.17,49.64,0.328,1.745
49.18,49.66,0.328,1.745
49.18,49.67,0.328,1.745
49.18,49.69,0.328,1.745
49.18,49.71,0.328,1.745
49.18,49.72,0.328,1.745
49.18,49.74,0.328,1.745
49.19,49.76,0.328,1.745
49.19,49.77,0.328,1.745
49.19,49.79,0.328,1.745
49.19,49.81,0.328,1.746
49.19,49.82,0.328,1.746
49.19,49.84,0.328,1.745
49.19,49.86,0.328,1.745
49.20,49.87,0.328,1.745
49.20,49.89,0.328,1.745
49.20,49.91,0.328,1.745
49.20,49.92,0.328,1.746
49.20,49.94,0.328,1.746
49.21,49.96,0.328,1.746
49.21,49.97,0.328,1.746
49.21,49.99,0.328,1.746
49.21,50.01,0.328,1.746
49.21,50.02,0.328,1.746
49.21,50.04,0.328,1.746
49.21,50.06,0.328,1.746
49.22,50.07,0.328,1.746
49.22,50.09,0.328,1.746
49.22,50.11,0.328,1.746
49.22,50.12,0.328,1.746
49.22,50.14,0.328,1.746
49.23,50.16,0.328,1.746
49.23,50.17,0.328,1.747
49.23,50.19,0.328,1.747
49.23,50.21,0.328,1.747
49.23,50.22,0.328,1.747
49.23,50.24,0.328,1.747
49.24,50.26,0.328,1.747
49.24,50.27,0.328,1.747
49.24,50.29,0.328,1.747
49.24,50.31,0.328,1.747
49.24,50.32,0.328,1.747
49.24,50.34,0.328,1.747
49.24,50.36,0.328,1.747
49.25,50.37,0.328,1.747
49.25,50.39,0.328,1.748
49.25,50.41,0.328,1.748
49.25,50.42,0.328,1.748
49.25,50.44,0.328,1.748
49.26,50.46,0.328,1.748
49.26,50.47,0.328,1.748
49.26,50.49,0.328,1.748
49.26,50.51,0.328,1.748
49.26,50.52,0.328,1.748
49.26,50.54,0.328,1.748
49.26,50.56,0.328,1.748
49.27,50.57,0.328,1.749
49.27,50.59,0.328,1.749
49.27,50.61,0.328,1.749
49.27,50.62,0.328,1.749
49.27,50.64,0.328,1.749
49.28,50.66,0.328,1.749
49.28,50.67,0.329,1.749
49.28,50.69,0.329,1.750
49.28,50.71,0.329,1.750
49.28,50.72,0.329,1.750
49.28,50.74,0.329,1.750
49.29,50.76,0.329,1.750
49.29,50.77,0.329,1.750
49.29,50.79,0.329,1.750
49.29,50.81,0.329,1.750
49.29,50.82,0.329,1.750
49.29,50.84,0.329,1.750
49.29,50.86,0.329,1.750
49.30,50.87,0.329,1.750
49.30,50.89,0.329,1.750
49.30,50.91,0.329,1.750
49.30,50.92,0.329,1.751
49.30,50.94,0.329,1.751
49.31,50.96,0.329,1.752
49.31,50.98,0.329,1.752
49.31,50.99,0.329,1.753
49.31,51.01,0.329,1.753
49.31,51.02,0.329,1.753
49.31,51.04,0.329,1.753
49.31,51.06,0.329,1.753
49.32,51.07,0.329,1.752
49.32,51.09,0.329,1.752
49.32,51.11,0.329,1.752
49.32,51.12,0.329,1.752
49.32,51.14,0.329,1.752
49.33,51.16,0.329,1.753
49.33,51.17,0.329,1.753
49.33,51.19,0.329,1.753
49.33,51.21,0.329,1.753
49.33,51.22,0.329,1.753
49.33,51.24,0.329,1.753
49.34,51.26,0.329,1.753
49.34,51.27,0.329,1.753
49.34,51.29,0.329,1.753
49.34,51.31,0.329,1.753
49.34,51.32,0.329,1.753
49.34,51.34,0.329,1.753
49.34,51.36,0.329,1.753
49.35,51.37,0.329,1.753
49.35,51.39,0.329,1.753
49.35,51.41,0.329,1.753
49.35,51.42,0.329,1.754
49.35,51.44,0.329,1.754
49.36,51.46,0.329,1.754
49.36,51.47,0.329,1.754
49.36,51.49,0.329,1.754
49.36,51.51,0.329,1.754
49.36,51.52,0.329,1.754
49.36,51.54,0.329,1.754
49.36,51.56,0.329,1.754
49.37,51.57,0.329,1.754
49.37,51.59,0.329,1.754
49.37,51.61,0.329,1.754
49.37,51.62,0.329,1.754
49.37,51.64,0.329,1.755
49.38,51.66,0.329,1.755
49.38,51.67,0.329,1.755
49.38,51.69,0.329,1.755
49.38,51.71,0.329,1.755
49.38,51.72,0.329,1.755
49.38,51.74,0.329,1.755
49.39,51.76,0.329,1.755
49.39,51.77,0.329,1.755
49.39,51.79,0.330,1.755
49.39,51.81,0.330,1.755
49.39,51.82,0.330,1.755
49.39,51.84,0.330,1.755
49.39,51.86,0.330,1.755
49.40,51.88,0.330,1.755
49.40,51.89,0.330,1.756
49.40,51.91,0.330,1.756
49.40,51.92,0.330,1.756
49.40,51.94,0.330,1.756
49.41,51.96,0.330,1.756
49.41,51.97,0.330,1.756
49.41,51.99,0.330,1.757
49.41,52.01,0.330,1.757
49.41,52.02,0.330,1.757
49.41,52.04,0.330,1.757
49.41,52.06,0.330,1.757
49.42,52.08,0.330,1.757
49.42,52.09,0.330,1.757
49.42,52.11,0.330,1.757
49.42,52.13,0.330,1.757
49.42,52.14,0.330,1.757
49.43,52.16,0.330,1.757
49.43,52.18,0.330,1.757
49.43,52.19,0.330,1.757
49.43,52.21,0.330,1.757
49.43,52.23,0.330,1.757
49.43,52.24,0.330,1.757
49.44,52.26,0.330,1.757
49.44,52.28,0.330,1.757
49.44,52.29,0.330,1.757
49.44,52.31,0.330,1.758
49.44,52.33,0.330,1.758
49.44,52.34,0.330,1.758
49.44,52.36,0.330,1.758
49.45,52.38,0.330,1.758
49.45,52.39,0.330,1.758
49.45,52.41,0.330,1.758
49.45,52.43,0.330,1.758
49.45,52.44,0.330,1.758
49.46,52.46,0.330,1.758
49.46,52.48,0.330,1.758
49.46,52.49,0.330,1.758
49.46,52.51,0.330,1.758
49.46,52.53,0.330,1.758
49.46,52.54,0.330,1.758
49.46,52.56,0.330,1.758
49.47,52.58,0.330,1.758
49.47,52.59,0.330,1.758
49.47,52.61,0.330,1.758
49.47,52.63,0.330,1.758
49.47,52.64,0.330,1.758
49.48,52.66,0.330,1.758
49.48,52.68,0.330,1.758
49.48,52.69,0.330,1.759
49.48,52.71,0.330,1.759
49.48,52.73,0.330,1.759
49.48,52.74,0.330,1.759
49.49,52.76,0.330,1.759
49.49,52.78,0.330,1.759
49.49,52.79,0.330,1.759
49.49,52.81,0.330,1.759
49.49,52.83,0.330,1.760
49.49,52.84,0.330,1.760
49.49,52.86,0.330,1.760
49.50,52.88,0.330,1.760
49.50,52.89,0.330,1.760
49.50,52.91,0.330,1.760
49.50,52.93,0.330,1.760
49.50,52.94,0.330,1.760
49.51,52.96,0.330,1.760
49.51,52.98,0.330,1.760
49.51,52.99,0.330,1.760
49.51,53.01,0.330,1.760
49.51,53.03,0.330,1.760
49.51,53.04,0.330,1.760
49.51,53.06,0.330,1.760
49.52,53.07,0.331,1.761
49.52,53.09,0.331,1.761
49.52,53.11,0.331,1.761
49.52,53.13,0.331,1.761
49.52,53.14,0.331,1.761
49.53,53.16,0.331,1.761
49.53,53.18,0.331,1.761
49.53,53.19,0.331,1.761
49.53,53.21,0.331,1.761
49.53,53.23,0.331,1.761
49.53,53.24,0.331,1.761
49.54,53.26,0.331,1.762
49.54,53.28,0.331,1.762
49.54,53.29,0.331,1.762
49.54,53.31,0.331,1.762
49.54,53.33,0.331,1.762
49.54,53.34,0.331,1.763
49.54,53.36,0.331,1.763
49.55,53.38,0.331,1.763
49.55,53.39,0.331,1.763
49.55,53.41,0.331,1.763
49.55,53.43,0.331,1.763
49.55,53.44,0.331,1.763
49.56,53.46,0.331,1.763
49.56,53.48,0.331,1.763
49.56,53.49,0.331,1.763
49.56,53.51,0.331,1.763
49.56,53.53,0.331,1.763
49.56,53.54,0.331,1.763
49.56,53.56,0.331,1.763
49.57,53.58,0.331,1.763
49.57,53.59,0.331,1.763
49.57,53.61,0.331,1.763
49.57,53.63,0.331,1.763
49.57,53.64,0.331,1.763
49.58,53.66,0.331,1.764
49.58,53.68,0.331,1.764
49.58,53.69,0.331,1.764
49.58,53.71,0.331,1.764
49.58,53.73,0.331,1.764
49.58,53.74,0.331,1.764
49.59,53.76,0.331,1.764
49.59,53.78,0.331,1.764
49.59,53.79,0.331,1.764
49.59,53.81,0.331,1.764
49.59,53.83,0.331,1.764
49.59,53.84,0.331,1.764
49.59,53.86,0.331,1.764
49.60,53.88,0.331,1.764
49.60,53.89,0.331,1.764
49.60,53.91,0.331,1.765
49.60,53.93,0.331,1.765
49.60,53.94,0.331,1.765
49.61,53.96,0.331,1.765
49.61,53.98,0.331,1.765
49.61,53.99,0.331,1.765
49.61,54.01,0.331,1.765
49.61,54.03,0.331,1.765
49.61,54.04,0.331,1.765
49.61,54.06,0.331,1.765
49.62,54.08,0.331,1.765
49.62,54.09,0.331,1.765
49.62,54.11,0.331,1.765
49.62,54.13,0.331,1.766
49.62,54.14,0.331,1.766
49.63,54.16,0.331,1.766
49.63,54.18,0.331,1.766
49.63,54.19,0.331,1.766
49.63,54.21,0.331,1.767
49.63,54.23,0.331,1.767
49.63,54.24,0.331,1.767
49.64,54.26,0.332,1.767
49.64,54.28,0.332,1.767
49.64,54.29,0.332,1.767
49.64,54.31,0.332,1.767
49.64,54.33,0.332,1.767
49.64,54.34,0.332,1.767
49.64,54.36,0.332,1.767
49.65,54.38,0.332,1.767
49.65,54.39,0.332,1.767
49.65,54.41,0.332,1.768
49.65,54.43,0.332,1.768
49.65,54.44,0.332,1.768
49.66,54.46,0.332,1.768
49.66,54.48,0.332,1.768
49.66,54.49,0.332,1.768
49.66,54.51,0.332,1.768
49.66,54.53,0.332,1.768
49.66,54.54,0.332,1.768
49.66,54.56,0.332,1.768
49.67,54.58,0.332,1.768
49.67,54.59,0.332,1.768
49.67,54.61,0.332,1.768
49.67,54.63,0.332,1.768
49.67,54.64,0.332,1.768
49.68,54.66,0.332,1.769
49.68,54.68,0.332,1.769
49.68,54.69,0.332,1.769
49.68,54.71,0.332,1.769
49.68,54.73,0.332,1.769
49.68,54.74,0.332,1.769
49.69,54.76,0.332,1.769
49.69,54.78,0.332,1.769
49.69,54.79,0.332,1.769
49.69,54.81,0.332,1.769
49.69,54.83,0.332,1.769
49.69,54.84,0.332,1.769
49.69,54.86,0.332,1.769
49.70,54.88,0.332,1.769
49.70,54.89,0.332,1.769
49.70,54.91,0.332,1.769
49.70,54.93,0.332,1.770
49.70,54.95,0.332,1.770
49.71,54.96,0.332,1.770
49.71,54.98,0.332,1.770
49.71,54.99,0.332,1.770
49.71,55.01,0.332,1.770
49.71,55.03,0.332,1.770
49.71,55.04,0.332,1.770
49.71,55.06,0.332,1.770
49.72,55.08,0.332,1.771
49.72,55.09,0.332,1.771
49.72,55.11,0.332,1.772
49.72,55.13,0.332,1.772
49.72,55.14,0.332,1.772
49.73,55.16,0.332,1.772
49.73,55.18,0.332,1.772
49.73,55.20,0.332,1.772
49.73,55.21,0.332,1.772
49.73,55.23,0.332,1.772
49.73,55.24,0.332,1.772
49.74,55.26,0.332,1.772
49.74,55.28,0.332,1.772
49.74,55.29,0.332,1.772
49.74,55.31,0.333,1.772
49.74,55.33,0.333,1.773
49.74,55.34,0.333,1.773
49.74,55.36,0.333,1.773
49.75,55.38,0.333,1.773
49.75,55.39,0.333,1.773
49.75,55.41,0.333,1.773
49.75,55.43,0.333,1.773
49.75,55.44,0.333,1.773
49.76,55.46,0.333,1.773
49.76,55.48,0.333,1.773
49.76,55.49,0.333,1.773
49.76,55.51,0.333,1.773
49.76,55.53,0.333,1.773
49.76,55.55,0.333,1.773
49.76,55.56,0.333,1.774
49.77,55.58,0.333,1.774
49.77,55.59,0.333,1.774
49.77,55.61,0.333,1.774
49.77,55.63,0.333,1.774
49.77,55.65,0.333,1.774
49.78,55.66,0.333,1.774
49.78,55.68,0.333,1.774
49.78,55.70,0.333,1.774
49.78,55.71,0.333,1.774
49.78,55.73,0.333,1.775
49.78,55.74,0.333,1.775
49.79,55.76,0.333,1.775
49.79,55.78,0.333,1.775
49.79,55.80,0.333,1.775
49.79,55.81,0.333,1.775
49.79,55.83,0.333,1.775
49.79,55.85,0.333,1.775
49.79,55.86,0.333,1.775
49.80,55.88,0.333,1.775
49.80,55.90,0.333,1.775
49.80,55.91,0.333,1.776
49.80,55.93,0.333,1.776
49.80,55.95,0.333,1.776
49.81,55.96,0.333,1.776
49.81,55.98,0.333,1.776
49.81,56.00,0.333,1.776
49.81,56.01,0.333,1.776
49.81,56.03,0.333,1.776
49.81,56.05,0.333,1.776
49.81,56.06,0.333,1.776
49.82,56.08,0.333,1.776
49.82,56.10,0.333,1.776
49.82,56.11,0.333,1.776
49.82,56.13,0.333,1.776
49.82,56.15,0.333,1.776
49.83,56.16,0.333,1.776
49.83,56.18,0.333,1.776
49.83,56.20,0.333,1.776
49.83,56.21,0.333,1.777
49.83,56.23,0.333,1.777
49.83,56.25,0.333,1.777
49.84,56.26,0.333,1.777
49.84,56.28,0.333,1.777
49.84,56.30,0.333,1.777
49.84,56.31,0.333,1.777
49.84,56.33,0.333,1.777
49.84,56.35,0.333,1.777
49.84,56.36,0.333,1.777
49.85,56.38,0.333,1.777
49.85,56.40,0.333,1.777
49.85,56.41,0.333,1.777
49.85,56.43,0.333,1.777
49.85,56.44,0.333,1.777
49.86,56.46,0.333,1.777
49.86,56.48,0.333,1.778
49.86,56.50,0.333,1.778
49.86,56.51,0.333,1.778
49.86,56.53,0.333,1.778
49.86,56.55,0.333,1.779
49.86,56.56,0.333,1.779
49.87,56.58,0.333,1.779
49.87,56.60,0.333,1.779
49.87,56.61,0.333,1.779
49.87,56.63,0.333,1.779
49.87,56.65,0.334,1.779
49.88,56.66,0.334,1.779
49.88,56.68,0.334,1.779
49.88,56.69,0.334,1.779
49.88,56.71,0.334,1.779
49.88,56.73,0.334,1.779
49.88,56.75,0.334,1.779
49.89,56.76,0.334,1.779
49.89,56.78,0.334,1.779
49.89,56.80,0.334,1.779
49.89,56.81,0.334,1.779
49.89,56.83,0.334,1.779
49.89,56.85,0.334,1.780
49.89,56.86,0.334,1.780
49.90,56.88,0.334,1.780
49.90,56.90,0.334,1.780
49.90,56.91,0.334,1.780
49.90,56.93,0.334,1.780
49.90,56.95,0.334,1.780
49.91,56.96,0.334,1.780
49.91,56.98,0.334,1.780
49.91,57.00,0.334,1.780
49.91,57.01,0.334,1.780
49.91,57.03,0.334,1.781
49.91,57.05,0.334,1.781
49.91,57.06,0.334,1.781
49.92,57.08,0.334,1.781
49.92,57.10,0.334,1.781
49.92,57.11,0.334,1.781
49.92,57.13,0.334,1.781
49.92,57.15,0.334,1.781
49.93,57.16,0.334,1.781
49.93,57.18,0.334,1.781
49.93,57.20,0.334,1.781
49.93,57.21,0.334,1.781
49.93,57.23,0.334,1.781
49.93,57.25,0.334,1.781
49.94,57.26,0.334,1.781
49.94,57.28,0.334,1.781
49.94,57.30,0.334,1.781
49.94,57.31,0.334,1.782
49.94,57.33,0.334,1.782
49.94,57.35,0.334,1.781
49.94,57.36,0.334,1.781
49.95,57.38,0.334,1.781
49.95,57.40,0.334,1.781
49.95,57.41,0.334,1.781
49.95,57.43,0.334,1.782
49.95,57.45,0.334,1.782
49.96,57.46,0.334,1.782
49.96,57.48,0.334,1.782
49.96,57.50,0.334,1.782
49.96,57.51,0.334,1.782
49.96,57.53,0.334,1.782
49.96,57.55,0.334,1.783
49.96,57.56,0.334,1.783
49.97,57.58,0.334,1.783
49.97,57.60,0.334,1.783
49.97,57.61,0.334,1.783
49.97,57.63,0.334,1.782
49.97,57.65,0.334,1.782
49.98,57.66,0.334,1.782
49.98,57.68,0.334,1.782
49.98,57.70,0.334,1.782
49.98,57.71,0.334,1.782
49.98,57.73,0.334,1.782
49.98,57.75,0.334,1.782
49.99,57.76,0.334,1.782
49.99,57.78,0.334,1.782
49.99,57.80,0.334,1.782
49.99,57.81,0.334,1.783
49.99,57.83,0.334,1.783
49.99,57.85,0.334,1.783
49.99,57.86,0.334,1.783
50.00,57.88,0.334,1.783
50.00,57.90,0.334,1.783
50.00,57.91,0.334,1.783
50.00,57.93,0.334,1.783
50.00,57.95,0.334,1.783
50.01,57.96,0.334,1.783
50.01,57.98,0.334,1.783
50.01,58.00,0.334,1.783
50.01,58.01,0.334,1.783
50.01,58.03,0.334,1.783
50.01,58.05,0.335,1.784
50.01,58.06,0.335,1.784
50.02,58.08,0.335,1.784
50.02,58.10,0.335,1.784
50.02,58.11,0.335,1.784
50.02,58.13,0.335,1.784
50.02,58.15,0.335,1.784
50.03,58.16,0.335,1.784
50.03,58.18,0.335,1.784
50.03,58.20,0.335,1.785
50.03,58.21,0.335,1.785
50.03,58.23,0.335,1.785
50.03,58.25,0.335,1.785
50.04,58.26,0.335,1.785
50.04,58.28,0.335,1.785
50.04,58.30,0.335,1.785
50.04,58.32,0.335,1.785
50.04,58.33,0.335,1.785
50.04,58.35,0.335,1.785
50.04,58.36,0.335,1.785
50.05,58.38,0.335,1.785
50.05,58.40,0.335,1.785
50.05,58.41,0.335,1.786
50.05,58.43,0.335,1.786
50.05,58.45,0.335,1.786
50.06,58.46,0.335,1.786
50.06,58.48,0.335,1.786
50.06,58.50,0.335,1.786
50.06,58.51,0.335,1.786
50.06,58.53,0.335,1.786
50.06,58.55,0.335,1.786
50.06,58.56,0.335,1.785
50.07,58.58,0.335,1.785
50.07,58.60,0.335,1.785
50.07,58.61,0.335,1.785
50.07,58.63,0.335,1.785
50.07,58.65,0.335,1.786
50.08,58.66,0.335,1.786
50.08,58.68,0.335,1.786
50.08,58.70,0.335,1.787
50.08,58.72,0.335,1.787
50.08,58.73,0.335,1.787
50.08,58.75,0.335,1.787
50.09,58.76,0.335,1.787
50.09,58.78,0.335,1.787
50.09,58.80,0.335,1.787
50.09,58.82,0.335,1.787
50.09,58.83,0.335,1.787
50.09,58.85,0.335,1.787
50.09,58.87,0.335,1.787
50.10,58.88,0.335,1.787
50.10,58.90,0.335,1.787
50.10,58.91,0.335,1.787
50.10,58.93,0.335,1.787
50.10,58.95,0.335,1.787
50.11,58.97,0.335,1.787
50.11,58.98,0.335,1.788
50.11,59.00,0.335,1.788
50.11,59.02,0.335,1.788
50.11,59.03,0.335,1.788
50.11,59.05,0.335,1.788
50.11,59.07,0.335,1.787
50.12,59.08,0.335,1.787
50.12,59.10,0.335,1.787
50.12,59.12,0.335,1.787
50.12,59.13,0.335,1.787
50.12,59.15,0.335,1.787
50.13,59.17,0.335,1.788
50.13,59.18,0.335,1.788
50.13,59.20,0.335,1.788
50.13,59.21,0.335,1.788
50.13,59.23,0.335,1.788
50.13,59.25,0.335,1.788
50.14,59.26,0.335,1.788
50.14,59.28,0.335,1.789
50.14,59.30,0.335,1.789
50.14,59.31,0.335,1.789
50.14,59.33,0.335,1.789
50.14,59.35,0.335,1.789
50.14,59.37,0.336,1.789
50.15,59.38,0.336,1.789
50.15,59.40,0.336,1.789
50.15,59.42,0.336,1.789
50.15,59.43,0.336,1.789
50.15,59.45,0.336,1.789
50.16,59.47,0.336,1.789
50.16,59.48,0.336,1.789
50.16,59.50,0.336,1.789
50.16,59.52,0.336,1.789
50.16,59.53,0.336,1.789
50.16,59.55,0.336,1.789
50.16,59.57,0.336,1.790
50.17,59.58,0.336,1.790
50.17,59.60,0.336,1.790
50.17,59.62,0.336,1.790
50.17,59.63,0.336,1.790
50.17,59.65,0.336,1.790
50.18,59.67,0.336,1.791
50.18,59.68,0.336,1.791
50.18,59.70,0.336,1.791
50.18,59.72,0.336,1.791
50.18,59.73,0.336,1.791
50.18,59.75,0.336,1.791
50.19,59.77,0.336,1.791
50.19,59.78,0.336,1.791
50.19,59.80,0.336,1.791
50.19,59.82,0.336,1.791
50.19,59.83,0.336,1.791
50.19,59.85,0.336,1.791
50.19,59.87,0.336,1.791
50.20,59.88,0.336,1.791
50.20,59.90,0.336,1.792
50.20,59.92,0.336,1.792
50.20,59.93,0.336,1.792
50.20,59.95,0.336,1.792
50.21,59.97,0.336,1.792
50.21,59.98,0.336,1.792
50.21,60.00,0.336,1.792
50.21,60.02,0.336,1.792
50.21,60.03,0.336,1.792
50.21,60.05,0.336,1.792
50.21,60.07,0.336,1.792
50.22,60.08,0.336,1.792
50.22,60.10,0.336,1.792
50.22,60.12,0.336,1.792
50.22,60.13,0.336,1.793
50.22,60.15,0.336,1.793
50.23,60.17,0.336,1.793
50.23,60.18,0.336,1.793
50.23,60.20,0.336,1.793
50.23,60.22,0.336,1.793
50.23,60.23,0.336,1.793
50.23,60.25,0.336,1.793
50.24,60.27,0.336,1.793
50.24,60.28,0.336,1.793
50.24,60.30,0.336,1.793
50.24,60.32,0.336,1.793
50.24,60.33,0.336,1.793
50.24,60.35,0.336,1.793
50.24,60.37,0.336,1.793
50.25,60.38,0.336,1.793
50.25,60.40,0.336,1.793
50.25,60.42,0.336,1.794
50.25,60.43,0.336,1.794
50.25,60.45,0.336,1.794
50.26,60.47,0.336,1.794
50.26,60.48,0.336,1.794
50.26,60.50,0.336,1.794
50.26,60.52,0.336,1.794
50.26,60.53,0.336,1.794
50.26,60.55,0.336,1.794
50.26,60.57,0.336,1.794
50.27,60.58,0.336,1.794
50.27,60.60,0.336,1.794
50.27,60.62,0.336,1.794
50.27,60.63,0.336,1.795
50.27,60.65,0.336,1.795
50.28,60.67,0.337,1.795
50.28,60.68,0.337,1.795
50.28,60.70,0.337,1.794
50.28,60.72,0.337,1.794
50.28,60.73,0.337,1.794
50.28,60.75,0.337,1.794
50.29,60.77,0.337,1.795
50.29,60.78,0.337,1.795
50.29,60.80,0.337,1.795
50.29,60.82,0.337,1.795
50.29,60.83,0.337,1.795
50.29,60.85,0.337,1.796
50.29,60.87,0.337,1.796
50.30,60.88,0.337,1.796
50.30,60.90,0.337,1.796
50.30,60.92,0.337,1.796
50.30,60.93,0.337,1.796
50.30,60.95,0.337,1.796
50.31,60.97,0.337,1.796
50.31,60.98,0.337,1.796
50.31,61.00,0.337,1.796
50.31,61.02,0.337,1.796
50.31,61.03,0.337,1.796
50.31,61.05,0.337,1.796
50.31,61.07,0.337,1.796
50.32,61.08,0.337,1.796
50.32,61.10,0.337,1.797
50.32,61.12,0.337,1.797
50.32,61.13,0.337,1.797
50.32,61.15,0.337,1.797
50.33,61.17,0.337,1.797
50.33,61.18,0.337,1.797
50.33,61.20,0.337,1.797
50.33,61.22,0.337,1.797
50.33,61.23,0.337,1.797
50.33,61.25,0.337,1.797
50.34,61.27,0.337,1.797
50.34,61.28,0.337,1.797
50.34,61.30,0.337,1.797
50.34,61.32,0.337,1.797
50.34,61.33,0.337,1.797
50.34,61.35,0.337,1.798
50.34,61.37,0.337,1.798
50.35,61.38,0.337,1.798
50.35,61.40,0.337,1.798
50.35,61.42,0.337,1.798
50.35,61.43,0.337,1.798
50.35,61.45,0.337,1.799
50.36,61.47,0.337,1.799
50.36,61.49,0.337,1.799
50.36,61.50,0.337,1.799
50.36,61.52,0.337,1.799
50.36,61.54,0.337,1.799
50.36,61.55,0.337,1.799
50.36,61.57,0.337,1.799
50.37,61.58,0.337,1.799
50.37,61.60,0.337,1.799
50.37,61.62,0.337,1.799
50.37,61.64,0.337,1.799
50.37,61.65,0.337,1.799
50.38,61.67,0.337,1.799
50.38,61.69,0.337,1.800
50.38,61.70,0.337,1.800
50.38,61.72,0.337,1.800
50.38,61.73,0.337,1.800
50.38,61.75,0.337,1.800
50.39,61.77,0.337,1.800
50.39,61.78,0.337,1.800
50.39,61.80,0.337,1.800
50.39,61.82,0.337,1.800
50.39,61.84,0.337,1.800
50.39,61.85,0.337,1.801
50.39,61.87,0.337,1.801
50.40,61.89,0.337,1.801
50.40,61.90,0.337,1.801
50.40,61.92,0.338,1.801
50.40,61.94,0.338,1.801
50.40,61.95,0.338,1.801
50.41,61.97,0.338,1.801
50.41,61.99,0.338,1.801
50.41,62.00,0.338,1.801
50.41,62.02,0.338,1.801
50.41,62.04,0.338,1.801
50.41,62.05,0.338,1.801
50.41,62.07,0.338,1.801
50.42,62.09,0.338,1.801
50.42,62.10,0.338,1.801
50.42,62.12,0.338,1.801
50.42,62.14,0.338,1.801
50.42,62.15,0.338,1.801
50.43,62.17,0.338,1.801
50.43,62.19,0.338,1.801
50.43,62.20,0.338,1.801
50.43,62.22,0.338,1.801
50.43,62.24,0.338,1.801
50.43,62.25,0.338,1.801
50.44,62.27,0.338,1.801
50.44,62.29,0.338,1.801
50.44,62.30,0.338,1.802
50.44,62.32,0.338,1.802
50.44,62.34,0.338,1.802
50.44,62.35,0.338,1.802
50.44,62.37,0.338,1.802
50.45,62.39,0.338,1.802
50.45,62.40,0.338,1.802
50.45,62.42,0.338,1.802
50.45,62.44,0.338,1.802
50.45,62.45,0.338,1.802
50.46,62.47,0.338,1.803
50.46,62.49,0.338,1.803
50.46,62.50,0.338,1.803
50.46,62.52,0.338,1.803
50.46,62.54,0.338,1.803
50.46,62.55,0.338,1.803
50.46,62.57,0.338,1.803
50.47,62.59,0.338,1.803
50.47,62.60,0.338,1.803
50.47,62.62,0.338,1.803
50.47,62.64,0.338,1.803
50.47,62.65,0.338,1.804
50.48,62.67,0.338,1.804
50.48,62.69,0.338,1.804
50.48,62.70,0.338,1.804
50.48,62.72,0.338,1.804
50.48,62.73,0.338,1.804
50.48,62.75,0.338,1.804
50.49,62.77,0.338,1.804
50.49,62.79,0.338,1.804
50.49,62.80,0.338,1.804
50.49,62.82,0.338,1.804
50.49,62.84,0.338,1.804
50.49,62.85,0.338,1.804
50.49,62.87,0.338,1.804
50.50,62.89,0.338,1.804
50.50,62.90,0.338,1.804
50.50,62.92,0.338,1.805
50.50,62.94,0.338,1.805
50.50,62.95,0.338,1.805
50.51,62.97,0.338,1.805
50.51,62.99,0.338,1.805
50.51,63.00,0.338,1.805
50.51,63.02,0.338,1.805
50.51,63.04,0.338,1.805
50.51,63.05,0.338,1.805
50.51,63.07,0.338,1.804
50.52,63.09,0.338,1.805
50.52,63.10,0.338,1.805
50.52,63.12,0.338,1.805
50.52,63.14,0.338,1.805
50.52,63.15,0.338,1.805
50.53,63.17,0.338,1.805
50.53,63.19,0.338,1.805
50.53,63.20,0.339,1.806
50.53,63.22,0.339,1.806
50.53,63.24,0.339,1.806
50.53,63.25,0.339,1.805
50.54,63.27,0.339,1.805
50.54,63.29,0.339,1.805
50.54,63.30,0.339,1.805
50.54,63.32,0.339,1.806
50.54,63.34,0.339,1.806
50.54,63.35,0.339,1.806
50.54,63.37,0.339,1.806
50.55,63.39,0.339,1.806
50.55,63.40,0.339,1.806
50.55,63.42,0.339,1.806
50.55,63.44,0.339,1.806
50.55,63.45,0.339,1.807
50.56,63.47,0.339,1.807
50.56,63.49,0.339,1.807
50.56,63.50,0.339,1.807
50.56,63.52,0.339,1.807
50.56,63.54,0.339,1.806
50.56,63.55,0.339,1.807
50.56,63.57,0.339,1.807
50.57,63.59,0.339,1.807
50.57,63.60,0.339,1.807
50.57,63.62,0.339,1.807
50.57,63.64,0.339,1.807
50.57,63.65,0.339,1.807
50.58,63.67,0.339,1.807
50.58,63.69,0.339,1.807
50.58,63.70,0.339,1.807
50.58,63.72,0.339,1.807
50.58,63.74,0.339,1.807
50.58,63.75,0.339,1.807
50.59,63.77,0.339,1.807
50.59,63.79,0.339,1.807
50.59,63.80,0.339,1.808
50.59,63.82,0.339,1.808
50.59,63.84,0.339,1.808
50.59,63.85,0.339,1.808
50.59,63.87,0.339,1.808
50.60,63.89,0.339,1.808
50.60,63.90,0.339,1.808
50.60,63.92,0.339,1.808
50.60,63.94,0.339,1.808
50.60,63.95,0.339,1.808
50.61,63.97,0.339,1.808
50.61,63.99,0.339,1.808
50.61,64.00,0.339,1.808
50.61,64.02,0.339,1.808
50.61,64.04,0.339,1.808
50.61,64.05,0.339,1.808
50.61,64.07,0.339,1.808
50.62,64.09,0.339,1.808
50.62,64.10,0.339,1.808
50.62,64.12,0.339,1.808
50.62,64.14,0.339,1.809
50.62,64.15,0.339,1.809
50.63,64.17,0.339,1.809
50.63,64.19,0.339,1.809
50.63,64.20,0.339,1.809
50.63,64.22,0.339,1.809
50.63,64.24,0.339,1.810
50.63,64.25,0.339,1.810
50.64,64.27,0.339,1.810
50.64,64.29,0.339,1.810
50.64,64.31,0.339,1.810
50.64,64.32,0.339,1.809
50.64,64.34,0.339,1.809
50.64,64.36,0.339,1.809
50.64,64.37,0.339,1.810
50.65,64.39,0.339,1.810
50.65,64.40,0.339,1.810
50.65,64.42,0.339,1.810
50.65,64.44,0.339,1.810
50.65,64.45,0.340,1.810
50.66,64.47,0.340,1.810
50.66,64.49,0.340,1.810
50.66,64.50,0.340,1.810
50.66,64.52,0.340,1.811
50.66,64.54,0.340,1.811
50.66,64.56,0.340,1.811
50.66,64.57,0.340,1.811
50.67,64.59,0.340,1.811
50.67,64.60,0.340,1.811
50.67,64.62,0.340,1.811
50.67,64.64,0.340,1.811
50.67,64.65,0.340,1.811
50.68,64.67,0.340,1.812
50.68,64.69,0.340,1.812
50.68,64.70,0.340,1.812
50.68,64.72,0.340,1.812
50.68,64.74,0.340,1.812
50.68,64.75,0.340,1.812
50.69,64.77,0.340,1.812
50.69,64.79,0.340,1.812
50.69,64.80,0.340,1.812
50.69,64.82,0.340,1.812
50.69,64.84,0.340,1.812
50.69,64.85,0.340,1.812
50.69,64.87,0.340,1.812
50.70,64.89,0.340,1.812
50.70,64.90,0.340,1.813
50.70,64.92,0.340,1.813
50.70,64.94,0.340,1.813
50.70,64.95,0.340,1.813
50.71,64.97,0.340,1.813
50.71,64.99,0.340,1.813
50.71,65.01,0.340,1.813
50.71,65.02,0.340,1.813
50.71,65.04,0.340,1.813
50.71,65.06,0.340,1.814
50.71,65.07,0.340,1.814
50.72,65.09,0.340,1.814
50.72,65.11,0.340,1.814
50.72,65.12,0.340,1.814
50.72,65.14,0.340,1.814
50.72,65.16,0.340,1.814
50.73,65.17,0.340,1.814
50.73,65.19,0.340,1.814
50.73,65.21,0.340,1.814
50.73,65.22,0.340,1.814
50.73,65.24,0.340,1.814
50.73,65.26,0.340,1.815
50.74,65.27,0.340,1.815
50.74,65.29,0.340,1.815
50.74,65.31,0.340,1.815
50.74,65.32,0.340,1.815
50.74,65.34,0.340,1.815
50.74,65.36,0.340,1.815
50.74,65.37,0.340,1.815
50.75,65.39,0.340,1.815
50.75,65.41,0.340,1.815
50.75,65.42,0.340,1.815
50.75,65.44,0.340,1.815
50.75,65.46,0.340,1.815
50.76,65.47,0.340,1.814
50.76,65.49,0.340,1.815
50.76,65.51,0.340,1.815
50.76,65.52,0.340,1.815
50.76,65.54,0.340,1.815
50.76,65.56,0.340,1.815
50.76,65.57,0.340,1.815
50.77,65.59,0.340,1.815
50.77,65.60,0.340,1.815
50.77,65.62,0.340,1.815
50.77,65.64,0.340,1.815
50.77,65.66,0.340,1.815
50.78,65.67,0.340,1.815
50.78,65.69,0.340,1.815
50.78,65.71,0.340,1.815
50.78,65.72,0.340,1.815
50.78,65.74,0.340,1.816
50.78,65.76,0.340,1.815
50.79,65.77,0.341,1.815
50.79,65.79,0.341,1.815
50.79,65.81,0.341,1.815
50.79,65.82,0.341,1.815
50.79,65.84,0.341,1.815
50.79,65.86,0.341,1.815
50.79,65.87,0.341,1.815
50.80,65.89,0.341,1.816
50.80,65.91,0.341,1.816
50.80,65.92,0.341,1.816
50.80,65.94,0.341,1.816
50.80,65.95,0.341,1.817
50.81,65.97,0.341,1.817
50.81,65.99,0.341,1.817
50.81,66.01,0.341,1.817
50.81,66.02,0.341,1.817
50.81,66.04,0.341,1.817
50.81,66.06,0.341,1.817
50.81,66.07,0.341,1.817
50.82,66.09,0.341,1.817
50.82,66.11,0.341,1.817
50.82,66.12,0.341,1.817
50.82,66.14,0.341,1.817
50.82,66.16,0.341,1.817
50.83,66.17,0.341,1.817
50.83,66.19,0.341,1.817
50.83,66.21,0.341,1.817
50.83,66.22,0.341,1.817
50.83,66.24,0.341,1.817
50.83,66.26,0.341,1.817
50.84,66.27,0.341,1.817
50.84,66.29,0.341,1.818
50.84,66.31,0.341,1.818
50.84,66.32,0.341,1.818
50.84,66.34,0.341,1.819
50.84,66.36,0.341,1.819
50.84,66.37,0.341,1.819
50.85,66.39,0.341,1.819
50.85,66.41,0.341,1.819
50.85,66.42,0.341,1.819
50.85,66.44,0.341,1.819
50.85,66.46,0.341,1.819
50.86,66.47,0.341,1.819
50.86,66.49,0.341,1.819
50.86,66.51,0.341,1.819
50.86,66.52,0.341,1.819
50.86,66.54,0.341,1.819
50.86,66.56,0.341,1.819
50.86,66.57,0.341,1.819
50.87,66.59,0.341,1.819
50.87,66.61,0.341,1.820
50.87,66.62,0.341,1.820
50.87,66.64,0.341,1.820
50.87,66.66,0.341,1.820
50.88,66.67,0.341,1.820
50.88,66.69,0.341,1.820
50.88,66.71,0.341,1.820
50.88,66.72,0.341,1.820
50.88,66.74,0.341,1.820
50.88,66.76,0.341,1.820
50.89,66.77,0.341,1.820
50.89,66.79,0.341,1.820
50.89,66.81,0.341,1.820
50.89,66.82,0.341,1.820
50.89,66.84,0.341,1.820
50.89,66.86,0.341,1.820
50.89,66.87,0.341,1.820
50.90,66.89,0.341,1.821
50.90,66.91,0.341,1.821
50.90,66.92,0.341,1.821
50.90,66.94,0.342,1.821
50.90,66.96,0.342,1.821
50.91,66.97,0.342,1.821
50.91,66.99,0.342,1.821
50.91,67.01,0.342,1.821
50.91,67.02,0.342,1.821
50.91,67.04,0.342,1.821
50.91,67.06,0.342,1.821
50.91,67.07,0.342,1.821
50.92,67.09,0.342,1.821
50.92,67.11,0.342,1.821
50.92,67.12,0.342,1.821
50.92,67.14,0.342,1.821
50.92,67.16,0.342,1.821
50.93,67.17,0.342,1.821
50.93,67.19,0.342,1.821
50.93,67.21,0.342,1.822
50.93,67.22,0.342,1.822
50.93,67.24,0.342,1.822
50.93,67.26,0.342,1.822
50.94,67.27,0.342,1.822
50.94,67.29,0.342,1.822
50.94,67.31,0.342,1.822
50.94,67.32,0.342,1.823
50.94,67.34,0.342,1.823
50.94,67.36,0.342,1.823
50.94,67.37,0.342,1.823
50.95,67.39,0.342,1.823
50.95,67.41,0.342,1.823
50.95,67.42,0.342,1.823
50.95,67.44,0.342,1.823
50.95,67.46,0.342,1.823
50.96,67.47,0.342,1.823
50.96,67.49,0.342,1.823
50.96,67.51,0.342,1.823
50.96,67.52,0.342,1.823
50.96,67.54,0.342,1.823
50.96,67.56,0.342,1.823
50.96,67.57,0.342,1.823
50.97,67.59,0.342,1.823
50.97,67.61,0.342,1.823
50.97,67.62,0.342,1.823
50.97,67.64,0.342,1.823
50.97,67.66,0.342,1.824
50.98,67.67,0.342,1.824
50.98,67.69,0.342,1.824
50.98,67.71,0.342,1.824
50.98,67.72,0.342,1.824
50.98,67.74,0.342,1.824
50.98,67.76,0.342,1.824
50.99,67.77,0.342,1.825
50.99,67.79,0.342,1.825
50.99,67.81,0.342,1.825
50.99,67.82,0.342,1.825
50.99,67.84,0.342,1.825
50.99,67.86,0.342,1.825
50.99,67.87,0.342,1.825
51.00,67.89,0.342,1.825
51.00,67.91,0.342,1.825
51.00,67.92,0.342,1.825
51.00,67.94,0.342,1.825
51.00,67.96,0.342,1.825
51.01,67.97,0.342,1.825
51.01,67.99,0.342,1.825
51.01,68.01,0.342,1.825
51.01,68.02,0.342,1.825
51.01,68.04,0.342,1.825
51.01,68.06,0.342,1.826
51.01,68.07,0.342,1.826
51.02,68.09,0.342,1.826
51.02,68.11,0.342,1.826
51.02,68.12,0.342,1.826
51.02,68.14,0.342,1.826
51.02,68.16,0.342,1.826
51.03,68.17,0.343,1.826
51.03,68.19,0.343,1.826
51.03,68.21,0.343,1.826
51.03,68.22,0.343,1.826
51.03,68.24,0.343,1.826
51.03,68.26,0.343,1.826
51.04,68.28,0.343,1.826
51.04,68.29,0.343,1.827
51.04,68.31,0.343,1.827
51.04,68.32,0.343,1.827
51.04,68.34,0.343,1.827
51.04,68.36,0.343,1.827
51.04,68.37,0.343,1.827
51.05,68.39,0.343,1.827
51.05,68.41,0.343,1.827
51.05,68.42,0.343,1.827
51.05,68.44,0.343,1.827
51.05,68.46,0.343,1.827
51.06,68.48,0.343,1.827
51.06,68.49,0.343,1.827
51.06,68.51,0.343,1.827
51.06,68.52,0.343,1.827
51.06,68.54,0.343,1.827
51.06,68.56,0.343,1.827
51.06,68.58,0.343,1.828
51.07,68.59,0.343,1.828
51.07,68.61,0.343,1.828
51.07,68.63,0.343,1.828
51.07,68.64,0.343,1.828
51.07,68.66,0.343,1.828
51.08,68.68,0.343,1.828
51.08,68.69,0.343,1.828
51.08,68.71,0.343,1.828
51.08,68.73,0.343,1.828
51.08,68.74,0.343,1.828
51.08,68.76,0.343,1.828
51.09,68.78,0.343,1.828
51.09,68.79,0.343,1.828
51.09,68.81,0.343,1.828
51.09,68.83,0.343,1.829
51.09,68.84,0.343,1.829
51.09,68.86,0.343,1.829
51.09,68.88,0.343,1.829
51.10,68.89,0.343,1.829
51.10,68.91,0.343,1.829
51.10,68.93,0.343,1.829
51.10,68.94,0.343,1.829
51.10,68.96,0.343,1.829
51.11,68.98,0.343,1.829
51.11,68.99,0.343,1.829
51.11,69.01,0.343,1.829
51.11,69.03,0.343,1.829
51.11,69.04,0.343,1.829
51.11,69.06,0.343,1.829
51.11,69.07,0.343,1.829
51.12,69.09,0.343,1.830
51.12,69.11,0.343,1.830
51.12,69.12,0.343,1.830
51.12,69.14,0.343,1.830
51.12,69.16,0.343,1.830
51.13,69.18,0.343,1.830
51.13,69.19,0.343,1.830
51.13,69.21,0.343,1.830
51.13,69.23,0.343,1.830
51.13,69.24,0.343,1.830
51.13,69.26,0.343,1.830
51.14,69.28,0.343,1.830
51.14,69.29,0.343,1.830
51.14,69.31,0.343,1.830
51.14,69.33,0.343,1.830
51.14,69.34,0.343,1.830
51.14,69.36,0.343,1.830
51.14,69.38,0.343,1.830
51.15,69.39,0.343,1.830
51.15,69.41,0.343,1.830
51.15,69.43,0.343,1.830
51.15,69.44,0.344,1.830
51.15,69.46,0.344,1.830
51.16,69.48,0.344,1.830
51.16,69.49,0.344,1.830
51.16,69.51,0.344,1.830
51.16,69.53,0.344,1.830
51.16,69.54,0.344,1.831
51.16,69.56,0.344,1.831
51.16,69.58,0.344,1.831
51.17,69.59,0.344,1.831
51.17,69.61,0.344,1.831
51.17,69.63,0.344,1.831
51.17,69.64,0.344,1.831
51.17,69.66,0.344,1.831
51.18,69.68,0.344,1.832
51.18,69.69,0.344,1.832
51.18,69.71,0.344,1.832
51.18,69.73,0.344,1.832
51.18,69.74,0.344,1.832
51.18,69.76,0.344,1.832
51.19,69.78,0.344,1.832
51.19,69.79,0.344,1.832
51.19,69.81,0.344,1.832
51.19,69.83,0.344,1.832
51.19,69.84,0.344,1.832
51.19,69.86,0.344,1.832
51.19,69.88,0.344,1.832
51.20,69.89,0.344,1.832
51.20,69.91,0.344,1.832
51.20,69.93,0.344,1.832
51.20,69.94,0.344,1.833
51.20,69.96,0.344,1.833
51.21,69.98,0.344,1.833
51.21,69.99,0.344,1.833
51.21,70.01,0.344,1.833
51.21,70.03,0.344,1.833
51.21,70.04,0.344,1.833
51.21,70.06,0.344,1.833
51.21,70.08,0.344,1.833
51.22,70.09,0.344,1.833
51.22,70.11,0.344,1.833
51.22,70.13,0.344,1.833
51.22,70.14,0.344,1.833
51.22,70.16,0.344,1.833
51.23,70.18,0.344,1.834
51.23,70.19,0.344,1.834
51.23,70.21,0.344,1.834
51.23,70.23,0.344,1.834
51.23,70.24,0.344,1.834
51.23,70.26,0.344,1.834
51.24,70.28,0.344,1.834
51.24,70.29,0.344,1.834
51.24,70.31,0.344,1.834
51.24,70.33,0.344,1.834
51.24,70.34,0.344,1.834
51.24,70.36,0.344,1.834
51.24,70.38,0.344,1.835
51.25,70.39,0.344,1.835
51.25,70.41,0.344,1.835
51.25,70.43,0.344,1.835
51.25,70.44,0.344,1.835
51.25,70.46,0.344,1.835
51.26,70.48,0.344,1.835
51.26,70.49,0.344,1.835
51.26,70.51,0.344,1.835
51.26,70.53,0.344,1.835
51.26,70.54,0.344,1.835
51.26,70.56,0.344,1.835
51.26,70.58,0.344,1.835
51.27,70.59,0.344,1.835
51.27,70.61,0.344,1.835
51.27,70.63,0.344,1.835
51.27,70.64,0.345,1.835
51.27,70.66,0.345,1.835
51.28,70.68,0.345,1.835
51.28,70.69,0.345,1.836
51.28,70.71,0.345,1.836
51.28,70.73,0.345,1.836
51.28,70.74,0.345,1.836
51.28,70.76,0.345,1.836
51.29,70.78,0.345,1.836
51.29,70.79,0.345,1.836
51.29,70.81,0.345,1.836
51.29,70.83,0.345,1.836
51.29,70.84,0.345,1.836
51.29,70.86,0.345,1.836
51.29,70.88,0.345,1.836
51.30,70.90,0.345,1.836
51.30,70.91,0.345,1.836
51.30,70.93,0.345,1.836
51.30,70.95,0.345,1.837
51.30,70.96,0.345,1.837
51.31,70.98,0.345,1.837
51.31,70.99,0.345,1.837
51.31,71.01,0.345,1.837
51.31,71.03,0.345,1.837
51.31,71.04,0.345,1.837
51.31,71.06,0.345,1.837
51.31,71.08,0.345,1.837
51.32,71.09,0.345,1.837
51.32,71.11,0.345,1.837
51.32,71.13,0.345,1.837
51.32,71.14,0.345,1.837
51.32,71.16,0.345,1.838
51.33,71.18,0.345,1.838
51.33,71.20,0.345,1.838
51.33,71.21,0.345,1.838
51.33,71.23,0.345,1.838
51.33,71.25,0.345,1.838
51.33,71.26,0.345,1.838
51.34,71.28,0.345,1.839
51.34,71.30,0.345,1.839
51.34,71.31,0.345,1.839
51.34,71.33,0.345,1.839
51.34,71.34,0.345,1.839
51.34,71.36,0.345,1.839
51.34,71.38,0.345,1.839
51.35,71.40,0.345,1.839
51.35,71.41,0.345,1.839
51.35,71.43,0.345,1.839
51.35,71.45,0.345,1.839
51.35,71.46,0.345,1.839
51.36,71.48,0.345,1.840
51.36,71.50,0.345,1.840
51.36,71.51,0.345,1.840
51.36,71.53,0.345,1.840
51.36,71.55,0.345,1.840
51.36,71.56,0.345,1.841
51.36,71.58,0.345,1.841
51.37,71.60,0.345,1.841
51.37,71.61,0.345,1.841
51.37,71.63,0.345,1.841
51.37,71.65,0.345,1.841
51.37,71.66,0.345,1.841
51.38,71.68,0.345,1.841
51.38,71.70,0.345,1.841
51.38,71.71,0.345,1.841
51.38,71.73,0.345,1.841
51.38,71.75,0.345,1.841
51.38,71.76,0.345,1.841
51.39,71.78,0.345,1.841
51.39,71.80,0.345,1.841
51.39,71.81,0.346,1.841
51.39,71.83,0.346,1.841
51.39,71.85,0.346,1.842
51.39,71.86,0.346,1.842
51.39,71.88,0.346,1.842
51.40,71.90,0.346,1.842
51.40,71.91,0.346,1.842
51.40,71.93,0.346,1.842
51.40,71.95,0.346,1.842
51.40,71.96,0.346,1.842
51.41,71.98,0.346,1.841
51.41,72.00,0.346,1.841
51.41,72.01,0.346,1.841
51.41,72.03,0.346,1.841
51.41,72.05,0.346,1.841
51.41,72.06,0.346,1.841
51.41,72.08,0.346,1.842
51.42,72.10,0.346,1.842
51.42,72.11,0.346,1.842
51.42,72.13,0.346,1.842
51.42,72.15,0.346,1.842
51.42,72.16,0.346,1.842
51.43,72.18,0.346,1.843
51.43,72.20,0.346,1.843
51.43,72.21,0.346,1.843
51.43,72.23,0.346,1.843
51.43,72.25,0.346,1.843
51.43,72.26,0.346,1.844
51.44,72.28,0.346,1.844
51.44,72.30,0.346,1.844
51.44,72.31,0.346,1.844
51.44,72.33,0.346,1.844
51.44,72.35,0.346,1.844
51.44,72.36,0.346,1.844
51.44,72.38,0.346,1.844
51.45,72.40,0.346,1.844
51.45,72.41,0.346,1.844
51.45,72.43,0.346,1.844
51.45,72.45,0.346,1.844
51.45,72.46,0.346,1.844
51.46,72.48,0.346,1.844
51.46,72.50,0.346,1.844
51.46,72.51,0.346,1.844
51.46,72.53,0.346,1.844
51.46,72.55,0.346,1.844
51.46,72.56,0.346,1.844
51.46,72.58,0.346,1.845
51.47,72.60,0.346,1.845
51.47,72.61,0.346,1.845
51.47,72.63,0.346,1.845
51.47,72.65,0.346,1.845
51.47,72.66,0.346,1.845
51.48,72.68,0.346,1.845
51.48,72.70,0.346,1.845
51.48,72.71,0.346,1.845
51.48,72.73,0.346,1.845
51.48,72.75,0.346,1.845
51.48,72.76,0.346,1.845
51.49,72.78,0.346,1.845
51.49,72.80,0.346,1.845
51.49,72.81,0.346,1.845
51.49,72.83,0.346,1.845
51.49,72.85,0.346,1.845
51.49,72.86,0.346,1.846
51.49,72.88,0.346,1.846
51.50,72.90,0.346,1.846
51.50,72.91,0.346,1.846
51.50,72.93,0.346,1.846
51.50,72.95,0.346,1.846
51.50,72.96,0.346,1.846
51.51,72.98,0.346,1.846
51.51,73.00,0.346,1.846
51.51,73.01,0.346,1.846
51.51,73.03,0.346,1.846
51.51,73.05,0.346,1.846
51.51,73.06,0.346,1.847
51.51,73.08,0.347,1.847
51.52,73.10,0.347,1.847
51.52,73.11,0.347,1.847
51.52,73.13,0.347,1.847
51.52,73.15,0.347,1.847
51.52,73.16,0.347,1.847
51.53,73.18,0.347,1.847
51.53,73.20,0.347,1.847
51.53,73.21,0.347,1.848
51.53,73.23,0.347,1.848
51.53,73.25,0.347,1.848
51.53,73.26,0.347,1.848
51.54,73.28,0.347,1.848
51.54,73.30,0.347,1.848
51.54,73.31,0.347,1.848
51.54,73.33,0.347,1.848
51.54,73.35,0.347,1.848
51.54,73.36,0.347,1.848
51.54,73.38,0.347,1.848
51.55,73.40,0.347,1.848
51.55,73.41,0.347,1.848
51.55,73.43,0.347,1.848
51.55,73.45,0.347,1.848
51.55,73.46,0.347,1.848
51.56,73.48,0.347,1.848
51.56,73.50,0.347,1.848
51.56,73.51,0.347,1.848
51.56,73.53,0.347,1.848
51.56,73.55,0.347,1.848
51.56,73.56,0.347,1.848
51.56,73.58,0.347,1.848
51.57,73.60,0.347,1.848
51.57,73.62,0.347,1.849
51.57,73.63,0.347,1.849
51.57,73.65,0.347,1.849
51.57,73.66,0.347,1.849
51.58,73.68,0.347,1.849
51.58,73.70,0.347,1.849
51.58,73.72,0.347,1.849
51.58,73.73,0.347,1.849
51.58,73.75,0.347,1.849
51.58,73.77,0.347,1.849
51.59,73.78,0.347,1.849
51.59,73.80,0.347,1.849
51.59,73.82,0.347,1.849
51.59,73.83,0.347,1.849
51.59,73.85,0.347,1.849
51.59,73.86,0.347,1.850
51.59,73.88,0.347,1.850
51.60,73.90,0.347,1.850
51.60,73.91,0.347,1.850
51.60,73.93,0.347,1.850
51.60,73.95,0.347,1.851
51.60,73.97,0.347,1.851
51.61,73.98,0.347,1.851
51.61,74.00,0.347,1.851
51.61,74.02,0.347,1.851
51.61,74.03,0.347,1.851
51.61,74.05,0.347,1.851
51.61,74.07,0.347,1.851
51.61,74.08,0.347,1.851
51.62,74.10,0.347,1.851
51.62,74.12,0.347,1.851
51.62,74.13,0.347,1.852
51.62,74.15,0.347,1.852
51.62,74.17,0.347,1.852
51.63,74.18,0.347,1.851
51.63,74.20,0.347,1.851
51.63,74.22,0.347,1.851
51.63,74.23,0.348,1.851
51.63,74.25,0.348,1.851
51.63,74.27,0.348,1.851
51.64,74.28,0.348,1.851
51.64,74.30,0.348,1.851
51.64,74.32,0.348,1.851
51.64,74.33,0.348,1.851
51.64,74.35,0.348,1.851
51.64,74.37,0.348,1.852
51.64,74.38,0.348,1.852
51.65,74.40,0.348,1.852
51.65,74.42,0.348,1.852
51.65,74.43,0.348,1.852
51.65,74.45,0.348,1.852
51.65,74.47,0.348,1.853
51.66,74.48,0.348,1.853
51.66,74.50,0.348,1.853
51.66,74.52,0.348,1.853
51.66,74.53,0.348,1.853
51.66,74.55,0.348,1.853
51.66,74.57,0.348,1.853
51.66,74.58,0.348,1.854
51.67,74.60,0.348,1.854
51.67,74.62,0.348,1.854
51.67,74.63,0.348,1.854
51.67,74.65,0.348,1.854
51.67,74.67,0.348,1.854
51.68,74.68,0.348,1.854
51.68,74.70,0.348,1.854
51.68,74.72,0.348,1.854
51.68,74.73,0.348,1.854
51.68,74.75,0.348,1.854
51.68,74.77,0.348,1.855
51.69,74.78,0.348,1.855
51.69,74.80,0.348,1.855
51.69,74.82,0.348,1.855
51.69,74.83,0.348,1.855
51.69,74.85,0.348,1.855
51.69,74.87,0.348,1.856
51.69,74.88,0.348,1.855
51.70,74.90,0.348,1.855
51.70,74.92,0.348,1.856
51.70,74.93,0.348,1.856
51.70,74.95,0.348,1.856
51.70,74.97,0.348,1.856
51.71,74.98,0.348,1.856
51.71,75.00,0.348,1.856
51.71,75.02,0.348,1.856
51.71,75.03,0.348,1.856
51.71,75.05,0.348,1.856
51.71,75.07,0.348,1.856
51.71,75.08,0.348,1.856
51.72,75.10,0.348,1.856
51.72,75.12,0.348,1.856
51.72,75.13,0.348,1.856
51.72,75.15,0.348,1.856
51.72,75.17,0.348,1.856
51.73,75.18,0.348,1.856
51.73,75.20,0.348,1.856
51.73,75.22,0.348,1.856
51.73,75.23,0.348,1.856
51.73,75.25,0.348,1.856
51.73,75.27,0.348,1.856
51.74,75.28,0.348,1.856
51.74,75.30,0.348,1.856
51.74,75.32,0.348,1.856
51.74,75.33,0.348,1.856
51.74,75.35,0.348,1.857
51.74,75.37,0.348,1.857
51.74,75.38,0.348,1.857
51.75,75.40,0.348,1.857
51.75,75.42,0.348,1.857
51.75,75.43,0.348,1.857
51.75,75.45,0.348,1.857
51.75,75.47,0.348,1.857
51.76,75.48,0.348,1.857
51.76,75.50,0.348,1.857
51.76,75.52,0.348,1.857
51.76,75.53,0.348,1.857
51.76,75.55,0.348,1.857
51.76,75.57,0.349,1.858
51.76,75.58,0.349,1.858
51.77,75.60,0.349,1.858
51.77,75.62,0.349,1.858
51.77,75.63,0.349,1.858
51.77,75.65,0.349,1.858
51.77,75.67,0.349,1.858
51.78,75.68,0.349,1.858
51.78,75.70,0.349,1.858
51.78,75.72,0.349,1.858
51.78,75.73,0.349,1.858
51.78,75.75,0.349,1.858
51.78,75.77,0.349,1.858
51.79,75.78,0.349,1.858
51.79,75.80,0.349,1.858
51.79,75.82,0.349,1.858
51.79,75.83,0.349,1.858
51.79,75.85,0.349,1.858
51.79,75.87,0.349,1.859
51.79,75.88,0.349,1.859
51.80,75.90,0.349,1.859
51.80,75.92,0.349,1.859
51.80,75.93,0.349,1.859
51.80,75.95,0.349,1.859
51.80,75.97,0.349,1.859
51.81,75.98,0.349,1.859
51.81,76.00,0.349,1.859
51.81,76.02,0.349,1.860
51.81,76.03,0.349,1.860
51.81,76.05,0.349,1.860
51.81,76.07,0.349,1.860
51.81,76.08,0.349,1.860
51.82,76.10,0.349,1.860
51.82,76.12,0.349,1.860
51.82,76.13,0.349,1.860
51.82,76.15,0.349,1.860
51.82,76.17,0.349,1.860
51.83,76.18,0.349,1.860
51.83,76.20,0.349,1.860
51.83,76.22,0.349,1.860
51.83,76.23,0.349,1.860
51.83,76.25,0.349,1.860
51.83,76.27,0.349,1.860
51.84,76.28,0.349,1.860
51.84,76.30,0.349,1.860
51.84,76.32,0.349,1.860
51.84,76.33,0.349,1.860
51.84,76.35,0.349,1.860
51.84,76.37,0.349,1.861
51.84,76.38,0.349,1.861
51.85,76.40,0.349,1.861
51.85,76.42,0.349,1.861
51.85,76.43,0.349,1.861
51.85,76.45,0.349,1.861
51.85,76.47,0.349,1.861
51.86,76.48,0.349,1.861
51.86,76.50,0.349,1.861
51.86,76.52,0.349,1.861
51.86,76.53,0.349,1.861
51.86,76.55,0.349,1.861
51.86,76.57,0.349,1.861
51.86,76.59,0.349,1.861
51.87,76.60,0.349,1.861
51.87,76.62,0.349,1.861
51.87,76.63,0.349,1.862
51.87,76.65,0.349,1.862
51.87,76.67,0.349,1.862
51.88,76.68,0.349,1.862
51.88,76.70,0.349,1.862
51.88,76.72,0.349,1.862
51.88,76.73,0.349,1.862
51.88,76.75,0.349,1.862
51.88,76.77,0.349,1.862
51.89,76.79,0.349,1.862
51.89,76.80,0.350,1.863
51.89,76.82,0.350,1.863
51.89,76.84,0.350,1.863
51.89,76.85,0.350,1.863
51.89,76.87,0.350,1.863
51.89,76.89,0.350,1.863
51.90,76.90,0.350,1.863
51.90,76.92,0.350,1.863
51.90,76.93,0.350,1.863
51.90,76.95,0.350,1.863
51.90,76.97,0.350,1.863
51.91,76.99,0.350,1.863
51.91,77.00,0.350,1.863
51.91,77.02,0.350,1.864
51.91,77.04,0.350,1.864
51.91,77.05,0.350,1.864
51.91,77.07,0.350,1.864
51.91,77.09,0.350,1.864
51.92,77.10,0.350,1.864
51.92,77.12,0.350,1.864
51.92,77.13,0.350,1.864
51.92,77.15,0.350,1.865
51.92,77.17,0.350,1.865
51.93,77.18,0.350,1.865
51.93,77.20,0.350,1.865
51.93,77.22,0.350,1.865
51.93,77.24,0.350,1.865
51.93,77.25,0.350,1.865
51.93,77.27,0.350,1.865
51.94,77.29,0.350,1.865
51.94,77.30,0.350,1.866
51.94,77.32,0.350,1.866
51.94,77.34,0.350,1.866
51.94,77.35,0.350,1.866
51.94,77.37,0.350,1.866
51.94,77.39,0.350,1.866
51.95,77.40,0.350,1.866
51.95,77.42,0.350,1.866
51.95,77.44,0.350,1.866
51.95,77.45,0.350,1.866
51.95,77.47,0.350,1.866
51.96,77.49,0.350,1.866
51.96,77.50,0.350,1.866
51.96,77.52,0.350,1.867
51.96,77.54,0.350,1.867
51.96,77.55,0.350,1.867
51.96,77.57,0.350,1.867
51.96,77.59,0.350,1.867
51.97,77.60,0.350,1.867
51.97,77.62,0.350,1.867
51.97,77.64,0.350,1.867
51.97,77.65,0.350,1.866
51.97,77.67,0.350,1.867
51.98,77.69,0.350,1.867
51.98,77.70,0.350,1.867
51.98,77.72,0.350,1.867
51.98,77.74,0.350,1.867
51.98,77.75,0.350,1.868
51.98,77.77,0.350,1.868
51.99,77.79,0.350,1.868
51.99,77.80,0.350,1.868
51.99,77.82,0.350,1.868
51.99,77.84,0.350,1.868
51.99,77.85,0.350,1.868
51.99,77.87,0.350,1.868
51.99,77.89,0.350,1.868
52.00,77.90,0.350,1.868
52.00,77.92,0.350,1.868
52.00,77.94,0.350,1.868
52.00,77.95,0.350,1.868
52.00,77.97,0.350,1.868
52.01,77.99,0.350,1.868
52.01,78.00,0.350,1.868
52.01,78.02,0.351,1.868
52.01,78.04,0.351,1.869
52.01,78.05,0.351,1.869
52.01,78.07,0.351,1.869
52.01,78.09,0.351,1.869
52.02,78.10,0.351,1.869
52.02,78.12,0.351,1.869
52.02,78.14,0.351,1.869
52.02,78.15,0.351,1.869
52.02,78.17,0.351,1.869
52.03,78.19,0.351,1.869
52.03,78.20,0.351,1.869
52.03,78.22,0.351,1.869
52.03,78.24,0.351,1.869
52.03,78.25,0.351,1.870
52.03,78.27,0.351,1.870
52.04,78.29,0.351,1.870
52.04,78.30,0.351,1.870
52.04,78.32,0.351,1.870
52.04,78.34,0.351,1.870
52.04,78.35,0.351,1.870
52.04,78.37,0.351,1.870
52.04,78.39,0.351,1.870
52.05,78.40,0.351,1.870
52.05,78.42,0.351,1.871
52.05,78.44,0.351,1.871
52.05,78.45,0.351,1.871
52.05,78.47,0.351,1.871
52.06,78.49,0.351,1.871
52.06,78.50,0.351,1.871
52.06,78.52,0.351,1.871
52.06,78.54,0.351,1.871
52.06,78.55,0.351,1.871
52.06,78.57,0.351,1.871
52.06,78.59,0.351,1.871
52.07,78.60,0.351,1.871
52.07,78.62,0.351,1.871
52.07,78.64,0.351,1.871
52.07,78.65,0.351,1.872
52.07,78.67,0.351,1.872
52.08,78.69,0.351,1.872
52.08,78.70,0.351,1.872
52.08,78.72,0.351,1.872
52.08,78.74,0.351,1.872
52.08,78.75,0.351,1.872
52.08,78.77,0.351,1.872
52.09,78.79,0.351,1.872
52.09,78.80,0.351,1.872
52.09,78.82,0.351,1.872
52.09,78.84,0.351,1.873
52.09,78.85,0.351,1.873
52.09,78.87,0.351,1.873
52.09,78.89,0.351,1.873
52.10,78.90,0.351,1.873
52.10,78.92,0.351,1.873
52.10,78.94,0.351,1.873
52.10,78.95,0.351,1.873
52.10,78.97,0.351,1.873
52.11,78.99,0.351,1.873
52.11,79.00,0.351,1.873
52.11,79.02,0.351,1.873
52.11,79.04,0.351,1.874
52.11,79.05,0.351,1.874
52.11,79.07,0.351,1.874
52.11,79.09,0.351,1.874
52.12,79.10,0.351,1.874
52.12,79.12,0.351,1.874
52.12,79.14,0.351,1.874
52.12,79.15,0.351,1.874
52.12,79.17,0.351,1.874
52.13,79.19,0.351,1.874
52.13,79.20,0.351,1.874
52.13,79.22,0.351,1.874
52.13,79.24,0.351,1.874
52.13,79.26,0.351,1.874
52.13,79.27,0.351,1.874
52.14,79.29,0.351,1.874
52.14,79.30,0.351,1.875
52.14,79.32,0.351,1.875
52.14,79.34,0.351,1.875
52.14,79.35,0.351,1.875
52.14,79.37,0.352,1.875
52.14,79.39,0.352,1.875
52.15,79.40,0.352,1.875
52.15,79.42,0.352,1.875
52.15,79.44,0.352,1.875
52.15,79.45,0.352,1.875
52.15,79.47,0.352,1.875
52.16,79.49,0.352,1.875
52.16,79.50,0.352,1.875
52.16,79.52,0.352,1.875
52.16,79.54,0.352,1.875
52.16,79.55,0.352,1.875
52.16,79.57,0.352,1.875
52.16,79.59,0.352,1.875
52.17,79.61,0.352,1.875
52.17,79.62,0.352,1.875
52.17,79.64,0.352,1.876
52.17,79.65,0.352,1.876
52.17,79.67,0.352,1.876
52.18,79.69,0.352,1.876
52.18,79.70,0.352,1.876
52.18,79.72,0.352,1.876
52.18,79.74,0.352,1.876
52.18,79.75,0.352,1.876
52.18,79.77,0.352,1.876
52.19,79.79,0.352,1.876
52.19,79.80,0.352,1.877
52.19,79.82,0.352,1.877
52.19,79.84,0.352,1.877
52.19,79.85,0.352,1.877
52.19,79.87,0.352,1.877
52.19,79.89,0.352,1.878
52.20,79.90,0.352,1.878
52.20,79.92,0.352,1.878
52.20,79.94,0.352,1.878
52.20,79.95,0.352,1.878
52.20,79.97,0.352,1.878
52.21,79.99,0.352,1.878
52.21,80.00,0.352,1.878
52.21,80.02,0.352,1.878
52.21,80.04,0.352,1.878
52.21,80.05,0.352,1.879
52.21,80.07,0.352,1.879
52.21,80.09,0.352,1.879
52.22,80.10,0.352,1.879
52.22,80.12,0.352,1.879
52.22,80.14,0.352,1.879
52.22,80.15,0.352,1.879
52.22,80.17,0.352,1.879
52.23,80.19,0.352,1.879
52.23,80.20,0.352,1.879
52.23,80.22,0.352,1.880
52.23,80.24,0.352,1.880
52.23,80.25,0.352,1.880
52.23,80.27,0.352,1.880
52.24,80.29,0.352,1.880
52.24,80.30,0.352,1.880
52.24,80.32,0.352,1.880
52.24,80.34,0.352,1.880
52.24,80.35,0.352,1.880
52.24,80.37,0.352,1.880
52.24,80.39,0.352,1.880
52.25,80.40,0.352,1.880
52.25,80.42,0.352,1.880
52.25,80.44,0.352,1.880
52.25,80.45,0.352,1.880
52.25,80.47,0.352,1.880
52.26,80.49,0.352,1.880
52.26,80.50,0.352,1.880
52.26,80.52,0.352,1.880
52.26,80.54,0.352,1.881
52.26,80.55,0.352,1.881
52.26,80.57,0.352,1.881
52.26,80.59,0.352,1.881
52.27,80.61,0.352,1.881
52.27,80.62,0.352,1.881
52.27,80.64,0.352,1.880
52.27,80.65,0.352,1.880
52.27,80.67,0.352,1.880
52.28,80.69,0.352,1.880
52.28,80.70,0.352,1.880
52.28,80.72,0.352,1.880
52.28,80.74,0.353,1.880
52.28,80.75,0.353,1.881
52.28,80.77,0.353,1.881
52.29,80.79,0.353,1.881
52.29,80.81,0.353,1.881
52.29,80.82,0.353,1.881
52.29,80.84,0.353,1.881
52.29,80.85,0.353,1.881
52.29,80.87,0.353,1.881
52.29,80.89,0.353,1.881
52.30,80.90,0.353,1.881
52.30,80.92,0.353,1.881
52.30,80.94,0.353,1.881
52.30,80.96,0.353,1.881
52.30,80.97,0.353,1.881
52.31,80.99,0.353,1.881
52.31,81.00,0.353,1.881
52.31,81.02,0.353,1.881
52.31,81.04,0.353,1.881
52.31,81.05,0.353,1.882
52.31,81.07,0.353,1.882
52.31,81.09,0.353,1.882
52.32,81.10,0.353,1.882
52.32,81.12,0.353,1.882
52.32,81.14,0.353,1.882
52.32,81.15,0.353,1.882
52.32,81.17,0.353,1.882
52.33,81.19,0.353,1.882
52.33,81.20,0.353,1.883
52.33,81.22,0.353,1.883
52.33,81.24,0.353,1.883
52.33,81.25,0.353,1.883
52.33,81.27,0.353,1.883
52.34,81.29,0.353,1.883
52.34,81.30,0.353,1.883
52.34,81.32,0.353,1.883
52.34,81.34,0.353,1.883
52.34,81.35,0.353,1.882
52.34,81.37,0.353,1.882
52.34,81.39,0.353,1.882
52.35,81.40,0.353,1.882
52.35,81.42,0.353,1.882
52.35,81.44,0.353,1.882
52.35,81.45,0.353,1.883
52.35,81.47,0.353,1.883
52.36,81.49,0.353,1.883
52.36,81.50,0.353,1.883
52.36,81.52,0.353,1.883
52.36,81.54,0.353,1.883
52.36,81.55,0.353,1.884
52.36,81.57,0.353,1.884
52.36,81.59,0.353,1.884
52.37,81.60,0.353,1.884
52.37,81.62,0.353,1.884
52.37,81.64,0.353,1.884
52.37,81.65,0.353,1.884
52.37,81.67,0.353,1.884
52.38,81.69,0.353,1.884
52.38,81.70,0.353,1.884
52.38,81.72,0.353,1.884
52.38,81.74,0.353,1.884
52.38,81.76,0.353,1.884
52.38,81.77,0.353,1.884
52.39,81.79,0.353,1.884
52.39,81.80,0.353,1.884
52.39,81.82,0.353,1.884
52.39,81.84,0.353,1.884
52.39,81.86,0.353,1.884
52.39,81.87,0.353,1.884
52.39,81.89,0.354,1.884
52.40,81.91,0.354,1.884
52.40,81.92,0.354,1.884
52.40,81.94,0.354,1.885
52.40,81.96,0.354,1.885
52.40,81.97,0.354,1.885
52.41,81.99,0.354,1.885
52.41,82.01,0.354,1.885
52.41,82.02,0.354,1.885
52.41,82.04,0.354,1.885
52.41,82.06,0.354,1.885
52.41,82.07,0.354,1.885
52.41,82.09,0.354,1.885
52.42,82.11,0.354,1.885
52.42,82.12,0.354,1.885
52.42,82.14,0.354,1.885
52.42,82.16,0.354,1.885
52.42,82.17,0.354,1.885
52.43,82.19,0.354,1.885
52.43,82.21,0.354,1.885
52.43,82.22,0.354,1.885
52.43,82.24,0.354,1.886
52.43,82.26,0.354,1.886
52.43,82.27,0.354,1.886
52.44,82.29,0.354,1.886
52.44,82.31,0.354,1.886
52.44,82.32,0.354,1.886
52.44,82.34,0.354,1.886
52.44,82.36,0.354,1.886
52.44,82.37,0.354,1.886
52.44,82.39,0.354,1.886
52.45,82.41,0.354,1.886
52.45,82.42,0.354,1.886
52.45,82.44,0.354,1.886
52.45,82.46,0.354,1.886
52.45,82.47,0.354,1.886
52.46,82.49,0.354,1.886
52.46,82.51,0.354,1.886
52.46,82.52,0.354,1.887
52.46,82.54,0.354,1.887
52.46,82.56,0.354,1.887
52.46,82.57,0.354,1.887
52.46,82.59,0.354,1.887
52.47,82.61,0.354,1.887
52.47,82.62,0.354,1.888
52.47,82.64,0.354,1.888
52.47,82.66,0.354,1.888
52.47,82.67,0.354,1.888
52.48,82.69,0.354,1.888
52.48,82.71,0.354,1.888
52.48,82.72,0.354,1.888
52.48,82.74,0.354,1.888
52.48,82.76,0.354,1.888
52.48,82.77,0.354,1.888
52.49,82.79,0.354,1.888
52.49,82.81,0.354,1.888
52.49,82.82,0.354,1.888
52.49,82.84,0.354,1.888
52.49,82.86,0.354,1.888
52.49,82.87,0.354,1.889
52.49,82.89,0.354,1.889
52.50,82.91,0.354,1.889
52.50,82.92,0.354,1.889
52.50,82.94,0.354,1.889
52.50,82.96,0.354,1.889
52.50,82.97,0.354,1.889
52.51,82.99,0.354,1.889
52.51,83.01,0.354,1.889
52.51,83.02,0.354,1.889
52.51,83.04,0.354,1.890
52.51,83.06,0.354,1.890
52.51,83.07,0.354,1.890
52.51,83.09,0.354,1.890
52.52,83.11,0.354,1.890
52.52,83.12,0.354,1.890
52.52,83.14,0.354,1.890
52.52,83.16,0.354,1.890
52.52,83.17,0.354,1.890
52.53,83.19,0.354,1.890
52.53,83.21,0.354,1.890
52.53,83.22,0.354,1.890
52.53,83.24,0.355,1.890
52.53,83.26,0.355,1.890
52.53,83.27,0.355,1.890
52.54,83.29,0.355,1.890
52.54,83.31,0.355,1.891
52.54,83.32,0.355,1.891
52.54,83.34,0.355,1.891
52.54,83.36,0.355,1.891
52.54,83.37,0.355,1.891
52.54,83.39,0.355,1.891
52.55,83.41,0.355,1.891
52.55,83.42,0.355,1.891
52.55,83.44,0.355,1.892
52.55,83.46,0.355,1.892
52.55,83.47,0.355,1.892
52.56,83.49,0.355,1.892
52.56,83.51,0.355,1.892
52.56,83.53,0.355,1.892
52.56,83.54,0.355,1.892
52.56,83.56,0.355,1.892
52.56,83.57,0.355,1.892
52.56,83.59,0.355,1.892
52.57,83.61,0.355,1.892
52.57,83.62,0.355,1.892
52.57,83.64,0.355,1.892
52.57,83.66,0.355,1.892
52.57,83.67,0.355,1.892
52.58,83.69,0.355,1.892
52.58,83.71,0.355,1.892
52.58,83.73,0.355,1.892
52.58,83.74,0.355,1.892
52.58,83.76,0.355,1.892
52.58,83.77,0.355,1.892
52.59,83.79,0.355,1.892
52.59,83.81,0.355,1.892
52.59,83.83,0.355,1.892
52.59,83.84,0.355,1.893
52.59,83.86,0.355,1.893
52.59,83.87,0.355,1.893
52.59,83.89,0.355,1.893
52.60,83.91,0.355,1.893
52.60,83.92,0.355,1.893
52.60,83.94,0.355,1.893
52.60,83.96,0.355,1.893
52.60,83.98,0.355,1.893
52.61,83.99,0.355,1.893
52.61,84.01,0.355,1.893
52.61,84.03,0.355,1.894
52.61,84.04,0.355,1.894
52.61,84.06,0.355,1.894
52.61,84.07,0.355,1.894
52.61,84.09,0.355,1.895
52.62,84.11,0.355,1.895
52.62,84.12,0.355,1.895
52.62,84.14,0.355,1.895
52.62,84.16,0.355,1.894
52.62,84.18,0.355,1.895
52.63,84.19,0.355,1.895
52.63,84.21,0.355,1.895
52.63,84.23,0.355,1.895
52.63,84.24,0.355,1.895
52.63,84.26,0.355,1.895
52.63,84.27,0.355,1.895
52.64,84.29,0.355,1.895
52.64,84.31,0.355,1.895
52.64,84.32,0.355,1.895
52.64,84.34,0.355,1.895
52.64,84.36,0.355,1.895
52.64,84.38,0.355,1.895
52.64,84.39,0.355,1.895
52.65,84.41,0.355,1.895
52.65,84.43,0.355,1.895
52.65,84.44,0.355,1.895
52.65,84.46,0.355,1.895
52.65,84.48,0.355,1.895
52.66,84.49,0.355,1.895
52.66,84.51,0.355,1.896
52.66,84.52,0.355,1.896
52.66,84.54,0.355,1.896
52.66,84.56,0.355,1.896
52.66,84.58,0.355,1.896
52.66,84.59,0.355,1.896
52.67,84.61,0.355,1.896
52.67,84.63,0.356,1.896
52.67,84.64,0.356,1.896
52.67,84.66,0.356,1.896
52.67,84.68,0.356,1.896
52.68,84.69,0.356,1.896
52.68,84.71,0.356,1.897
52.68,84.73,0.356,1.897
52.68,84.74,0.356,1.897
52.68,84.76,0.356,1.897
52.68,84.78,0.356,1.897
52.69,84.79,0.356,1.897
52.69,84.81,0.356,1.897
52.69,84.83,0.356,1.897
52.69,84.84,0.356,1.897
52.69,84.86,0.356,1.897
52.69,84.88,0.356,1.897
52.69,84.89,0.356,1.897
52.70,84.91,0.356,1.897
52.70,84.93,0.356,1.897
52.70,84.94,0.356,1.897
52.70,84.96,0.356,1.897
52.70,84.98,0.356,1.897
52.71,84.99,0.356,1.897
52.71,85.01,0.356,1.897
52.71,85.03,0.356,1.898
52.71,85.04,0.356,1.898
52.71,85.06,0.356,1.898
52.71,85.07,0.356,1.898
52.71,85.09,0.356,1.898
52.72,85.11,0.356,1.898
52.72,85.12,0.356,1.898
52.72,85.14,0.356,1.898
52.72,85.16,0.356,1.898
52.72,85.18,0.356,1.898
52.73,85.19,0.356,1.898
52.73,85.21,0.356,1.898
52.73,85.23,0.356,1.898
52.73,85.24,0.356,1.898
52.73,85.26,0.356,1.898
52.73,85.28,0.356,1.898
52.74,85.29,0.356,1.898
52.74,85.31,0.356,1.898
52.74,85.33,0.356,1.898
52.74,85.34,0.356,1.898
52.74,85.36,0.356,1.899
52.74,85.38,0.356,1.899
52.74,85.39,0.356,1.899
52.75,85.41,0.356,1.899
52.75,85.43,0.356,1.899
52.75,85.44,0.356,1.899
52.75,85.46,0.356,1.899
52.75,85.48,0.356,1.899
52.76,85.49,0.356,1.899
52.76,85.51,0.356,1.899
52.76,85.53,0.356,1.899
52.76,85.54,0.356,1.899
52.76,85.56,0.356,1.900
52.76,85.58,0.356,1.900
52.76,85.59,0.356,1.900
52.77,85.61,0.356,1.900
52.77,85.63,0.356,1.901
52.77,85.64,0.356,1.901
52.77,85.66,0.356,1.901
52.77,85.68,0.356,1.901
52.78,85.69,0.356,1.901
52.78,85.71,0.356,1.901
52.78,85.73,0.356,1.901
52.78,85.74,0.356,1.901
52.78,85.76,0.356,1.901
52.78,85.78,0.356,1.901
52.79,85.79,0.356,1.901
52.79,85.81,0.356,1.901
52.79,85.83,0.356,1.901
52.79,85.84,0.356,1.900
52.79,85.86,0.356,1.900
52.79,85.88,0.356,1.900
52.79,85.89,0.356,1.900
52.80,85.91,0.356,1.900
52.80,85.93,0.356,1.900
52.80,85.94,0.356,1.900
52.80,85.96,0.356,1.900
52.80,85.98,0.356,1.900
52.81,85.99,0.356,1.900
52.81,86.01,0.356,1.901
52.81,86.03,0.356,1.901
52.81,86.04,0.356,1.901
52.81,86.06,0.356,1.901
52.81,86.08,0.356,1.901
52.81,86.09,0.356,1.901
52.82,86.11,0.356,1.901
52.82,86.13,0.356,1.901
52.82,86.14,0.356,1.901
52.82,86.16,0.356,1.901
52.82,86.18,0.357,1.901
52.83,86.19,0.357,1.901
52.83,86.21,0.357,1.901
52.83,86.23,0.357,1.902
52.83,86.24,0.357,1.902
52.83,86.26,0.357,1.902
52.83,86.28,0.357,1.902
52.84,86.29,0.357,1.902
52.84,86.31,0.357,1.902
52.84,86.33,0.357,1.902
52.84,86.34,0.357,1.902
52.84,86.36,0.357,1.902
52.84,86.38,0.357,1.903
52.84,86.39,0.357,1.903
52.85,86.41,0.357,1.903
52.85,86.43,0.357,1.903
52.85,86.44,0.357,1.903
52.85,86.46,0.357,1.903
52.85,86.48,0.357,1.903
52.86,86.49,0.357,1.903
52.86,86.51,0.357,1.903
52.86,86.53,0.357,1.903
52.86,86.54,0.357,1.903
52.86,86.56,0.357,1.903
52.86,86.58,0.357,1.903
52.86,86.59,0.357,1.903
52.87,86.61,0.357,1.903
52.87,86.63,0.357,1.903
52.87,86.64,0.357,1.903
52.87,86.66,0.357,1.903
52.87,86.68,0.357,1.903
52.88,86.69,0.357,1.903
52.88,86.71,0.357,1.903
52.88,86.73,0.357,1.903
52.88,86.74,0.357,1.903
52.88,86.76,0.357,1.903
52.88,86.78,0.357,1.903
52.89,86.79,0.357,1.904
52.89,86.81,0.357,1.904
52.89,86.83,0.357,1.904
52.89,86.84,0.357,1.904
52.89,86.86,0.357,1.904
52.89,86.88,0.357,1.905
52.89,86.89,0.357,1.905
52.90,86.91,0.357,1.905
52.90,86.93,0.357,1.905
52.90,86.95,0.357,1.905
52.90,86.96,0.357,1.905
52.90,86.98,0.357,1.906
52.91,86.99,0.357,1.906
52.91,87.01,0.357,1.906
52.91,87.03,0.357,1.906
52.91,87.04,0.357,1.906
52.91,87.06,0.357,
52.91,87.08,0.357,
52.91,87.09,0.357,
52.92,87.11,0.357,
52.92,87.13,0.357,
52.92,87.15,0.357,
52.92,87.16,0.357,
52.92,87.18,0.357,
52.93,87.19,0.357,
52.93,87.21,0.357,
52.93,87.23,0.357,
52.93,87.25,0.357,
52.93,87.26,0.357,
52.93,87.28,0.357,
52.94,87.29,0.357,
52.94,87.31,0.357,
52.94,87.33,0.357,
52.94,87.35,0.357,
52.94,87.36,0.357,
52.94,87.38,0.357,
52.94,87.39,0.357,
52.95,87.41,0.357,
52.95,87.43,0.357,
52.95,87.44,0.357,
52.95,87.46,0.357,
52.95,87.48,0.357,
52.96,87.50,0.357,
52.96,87.51,0.357,
52.96,87.53,0.358,
52.96,87.55,0.358,
52.96,87.56,0.358,
52.96,87.58,0.358,
52.96,87.59,0.358,
52.97,87.61,0.358,
52.97,87.63,0.358,
52.97,87.64,,
52.97,87.66,,
52.97,87.68,,
52.98,87.69,,
52.98,87.71,,
52.98,87.73,,
52.98,87.75,,
52.98,87.76,,
52.98,87.78,,
52.99,87.80,,
52.99,87.81,,
52.99,87.83,,
52.99,87.85,,
52.99,87.86,,
52.99,87.88,,
52.99,87.89,,
53.00,87.91,,
53.00,87.93,,
53.00,87.94,,
53.00,87.96,,
53.00,87.98,,
53.01,87.99,,
53.01,88.01,,
53.01,88.03,,
53.01,88.05,,
53.01,88.06,,
53.01,88.08,,
53.01,88.09,,
53.02,88.11,,
53.02,88.13,,
53.02,,,
53.02,,,
53.02,,,
53.03,,,
53.03,,,

