Filename,2026_04_16_1CBG_2PVP29_ASD_Hermetic_DSC
Instrument name,DSC2A-00468 (192.168.1.100)
Operator,Yarger
rundate,4/16/2026
Sample name,2026_04_16_1CBG_2PVP29_ASD_Hermetic_DSC
proceduresegments,Data Off ; Equilibrate -60.00 °C; Data On ; Ramp 10.00 °C/min to 120.00 °C; Data Off ; Isothermal 1.0 min; Data On ; Ramp 10.00 °C/min to -60.00 °C; Data Off ; Isothermal 1.0 min; Data On ; Ramp 10.00 °C/min to 120.00 °C
[File Parameters]
Run date,4/16/2026 3:34:32 AM
Trios version,5.1.1.46572
Original File Name,
Current File Name,D:\DSC2500\JYarger\2026_04_16_1CBG_2PVP29_ASD_Hermetic_DSC.tri
[Procedure]
Procedure Name,DSC_n60C_120C_10Cmin_x2
Sample Name,2026_04_16_1CBG_2PVP29_ASD_Hermetic_DSC
Sample Mass,8.22 mg
Reference Sample Mass,0 mg
Pan Mass,55.66 mg
Pan Number,17
Reference Pan Mass,56.19 mg
Reference Pan Number,1
Pan Type,Tzero Aluminum Hermetic
Comments,Hermetic sealed Al pan/lids.  Google Sheet: DSC_Y2_Tray_MechanoChem_Samples_April2026
Project Name,Pharma
Operator,Yarger
Test,Custom
Unload Max Temperature,30
Unload Min Temperature,30
Load Max Temperature,30
Load Min Temperature,30
Stop on Gas Flow Error,Yes
[Signal List]
Signal #1,Time (min)
Signal #2,Temperature (°C)
Signal #3,Heat Flow (mW)
Signal #4,Delta T (µV)
Signal #5,Delta Tzero (µV)
Signal #6,Tzero Temperature (°C)
Signal #7,Cell Purge (mL/min)
Signal #8,Heater Temp (°C)
Signal #9,Power Delivered (W)
Signal #10,Reference Junction Temperature (°C)
Signal #11,Flange Temperature (°C)
Signal #12,Heat Flow Phase (rad)
Signal #13,Total Heat Capacity (J/°C)
Signal #14,Heat Capacity (J/°C)
[Configuration]
Company Name,ASU
Instrument Name,DSC2A-00468
Instrument Type,DSC2500
Serial Number,DSC2A-00468
IP,192.168.1.100
Location of Instrument,MRRC
DisplayType,Unknown
Sample Interval ,0.1 s/pt
Selected Heat Flow,T4P
Exotherm Direction,Down
Cell Serial,DRC2-00792
Lid Type,Standard
Cooler,RCS 90
Leave Cooler on at End of Sequence,On
Gas 2,Nitrogen
Gas Selected,Channel 1
Flow Rate,50 mL/min
Secondary Purge,On
Licensed Heat Flow,Heat Flow T4P
Modulation Licensed,Yes
[Versions]
Common IDD Version,1
Cortex Version,VER 2.10.2.31
Driver,5.0.0.6
GDM Version,1.0.3.3
TouchscreenVersion,1.0.0.16145
FEP Version,1.2.1.21
FEP Bootloader,2.0.0.5
AutoSampler Version,2.1.1.26
Auto Sampler Bootloader,2.0.0.5
FCM Version,1.1.0.3
FCM Bootloader,2.0.0.5
[Experiment Logs]
Experiment Log Entry # 1,Data On set to 0
Experiment Log Entry # 3,Equilibrate Segment -60 (C) Started
Experiment Log Entry # 5,Air Cool is off.
Experiment Log Entry # 7,Data On set to 1
Experiment Log Entry # 9,Ramp Segment 10 C/min to 120 Started
Experiment Log Entry # 11,Data On set to 0
Experiment Log Entry # 13,Isothermal Segment 1 min started
Experiment Log Entry # 15,Data On set to 1
Experiment Log Entry # 17,Ramp Segment 10 C/min to -60 Started
Experiment Log Entry # 19,Data On set to 0
Experiment Log Entry # 21,Isothermal Segment 1 min started
Experiment Log Entry # 23,Data On set to 1
Experiment Log Entry # 25,Ramp Segment 10 C/min to 120 Started
[Method Log]
Method Log Entry # 1,Data Off
Method Log Entry # 2,Equilibrate -60 °C
Method Log Entry # 3,Data On
Method Log Entry # 4,(Ramp 130485) Ramp 10 °C/minute to 120 °C
Method Log Entry # 5,Data Off
Method Log Entry # 6,Isothermal 1 minutes
Method Log Entry # 7,Data On
Method Log Entry # 8,(Ramp 130489) Ramp 10 °C/minute to -60 °C
Method Log Entry # 9,Data Off
Method Log Entry # 10,Isothermal 1 minutes
Method Log Entry # 11,Data On
Method Log Entry # 12,(Ramp 130493) Ramp 10 °C/minute to 120 °C
Cell Serial,DRC2-00792
[T1 Calibration]
Slope,-0.008529666
Offset,9.636258
Initial Temperature,98.23
GUID,f8bfdadc-4977-4fdf-ba6d-0ba9134940c3
[TZero Calibration]
Date Applied,11/29/2022 4:06:13 PM
Description,From -89.059 °C to 396.009 °C at 20.000°C/min
Gas Type,Nitrogen
Pan Type,None
Source Files 1,C:\Users\yargerlab\Desktop\DSC Data\General\TZero_calibration_11_29_22_2nd(2).tri
Source Files 2,C:\Users\yargerlab\Desktop\DSC Data\General\TZero_calibration_11_29_22_2nd(3).tri
Delta T Offset,13.05235
Delta T Slope,-0.007271007
Delta T0 Offset,-13.69128
Delta T0 Slope,0.06063341
[Temperature Calibration]
Date Applied,11/29/2022 7:12:28 PM
Description,From 106.590 °C to 186.590 °C at 10.000°C/min
Gas Type,Nitrogen
Pan Type,Tzero Aluminum Hermetic
Source Files 1,C:\Users\yargerlab\Desktop\DSC Data\General\Indium(6).tri
Measured 1,157.391
Known 1,156.598
[Cell Constant Calibration]
Date Applied,11/29/2022 7:12:29 PM
Description,From 106.590 °C to 186.590 °C at 10.000°C/min
Gas Type,Nitrogen
Pan Type,Tzero Aluminum Hermetic
Source Files 1,C:\Users\yargerlab\Desktop\DSC Data\General\Indium(6).tri
T4P KCell,1.006051
Onset Slope,63.26126 mW/°C
[Direct Cp Calibration]
Date Applied,11/30/2022 11:04:51 AM
Description,From -79.983 °C to 298.409 °C at 10.000°C/min
Gas Type,Nitrogen
Pan Type,Tzero Aluminum Hermetic
Source Files 1,C:\Users\yargerlab\Desktop\DSC Data\General\Sapphire_Heat_Capacity_11_30_22.tri
[Rev Cp Calibration]
Date Applied,11/30/2022 1:58:51 PM
Description,From -79.996 °C to 292.812 °C at 3.000°C/min
Gas Type,Nitrogen
Pan Type,Tzero Aluminum Hermetic
Source Files 1,C:\Users\yargerlab\Desktop\DSC Data\General\Sapphire_MDSC_Calibration_11_30_22.tri
[step]
Ramp 10.00 °C/min to 120.00 °C
Time,Temperature,Heat Flow (Normalized)
min,°C,W/g
0.00,-59.68,-0.063
0.00,-59.68,-0.063
0.00,-59.68,-0.064
0.01,-59.68,-0.064
0.01,-59.68,-0.064
0.01,-59.68,-0.063
0.01,-59.69,-0.063
0.01,-59.69,-0.063
0.01,-59.69,-0.062
0.01,-59.69,-0.062
0.02,-59.69,-0.061
0.02,-59.69,-0.061
0.02,-59.69,-0.060
0.02,-59.69,-0.060
0.02,-59.69,-0.059
0.03,-59.69,-0.059
0.03,-59.69,-0.059
0.03,-59.70,-0.058
0.03,-59.70,-0.057
0.03,-59.70,-0.057
0.03,-59.70,-0.056
0.03,-59.70,-0.056
0.04,-59.70,-0.055
0.04,-59.70,-0.055
0.04,-59.70,-0.054
0.04,-59.70,-0.054
0.04,-59.70,-0.054
0.05,-59.70,-0.053
0.05,-59.70,-0.053
0.05,-59.70,-0.053
0.05,-59.70,-0.052
0.05,-59.70,-0.052
0.05,-59.70,-0.051
0.05,-59.70,-0.051
0.06,-59.69,-0.050
0.06,-59.69,-0.050
0.06,-59.69,-0.050
0.06,-59.69,-0.049
0.06,-59.69,-0.049
0.07,-59.69,-0.048
0.07,-59.69,-0.048
0.07,-59.68,-0.047
0.07,-59.68,-0.047
0.07,-59.68,-0.047
0.07,-59.68,-0.047
0.08,-59.68,-0.046
0.08,-59.67,-0.046
0.08,-59.67,-0.046
0.08,-59.67,-0.045
0.08,-59.66,-0.045
0.08,-59.66,-0.044
0.08,-59.66,-0.044
0.09,-59.65,-0.043
0.09,-59.65,-0.043
0.09,-59.64,-0.043
0.09,-59.64,-0.042
0.09,-59.64,-0.042
0.09,-59.63,-0.041
0.10,-59.63,-0.041
0.10,-59.62,-0.040
0.10,-59.62,-0.040
0.10,-59.61,-0.039
0.10,-59.61,-0.039
0.11,-59.60,-0.038
0.11,-59.59,-0.038
0.11,-59.59,-0.037
0.11,-59.58,-0.036
0.11,-59.57,-0.036
0.11,-59.57,-0.035
0.12,-59.56,-0.034
0.12,-59.56,-0.034
0.12,-59.55,-0.033
0.12,-59.54,-0.032
0.12,-59.53,-0.031
0.12,-59.53,-0.030
0.13,-59.52,-0.029
0.13,-59.51,-0.028
0.13,-59.50,-0.027
0.13,-59.49,-0.027
0.13,-59.49,-0.026
0.13,-59.48,-0.025
0.14,-59.47,-0.023
0.14,-59.46,-0.022
0.14,-59.45,-0.021
0.14,-59.44,-0.020
0.14,-59.44,-0.020
0.14,-59.43,-0.019
0.14,-59.42,-0.017
0.15,-59.41,-0.016
0.15,-59.40,-0.015
0.15,-59.39,-0.014
0.15,-59.38,-0.013
0.15,-59.37,-0.012
0.16,-59.36,-0.010
0.16,-59.35,-0.009
0.16,-59.34,-0.008
0.16,-59.33,-0.007
0.16,-59.32,-0.005
0.16,-59.31,-0.004
0.16,-59.30,-0.002
0.17,-59.29,-0.001
0.17,-59.28,0.000
0.17,-59.27,0.002
0.17,-59.26,0.003
0.17,-59.24,0.004
0.18,-59.23,0.006
0.18,-59.22,0.008
0.18,-59.21,0.009
0.18,-59.20,0.010
0.18,-59.19,0.011
0.18,-59.18,0.013
0.19,-59.17,0.014
0.19,-59.15,0.016
0.19,-59.14,0.018
0.19,-59.13,0.019
0.19,-59.12,0.021
0.19,-59.11,0.022
0.19,-59.10,0.024
0.20,-59.08,0.025
0.20,-59.07,0.027
0.20,-59.06,0.028
0.20,-59.05,0.029
0.20,-59.03,0.030
0.21,-59.02,0.032
0.21,-59.01,0.033
0.21,-59.00,0.035
0.21,-58.99,0.036
0.21,-58.97,0.037
0.21,-58.96,0.039
0.21,-58.95,0.040
0.22,-58.94,0.042
0.22,-58.92,0.044
0.22,-58.91,0.045
0.22,-58.90,0.046
0.22,-58.89,0.047
0.23,-58.87,0.049
0.23,-58.86,0.050
0.23,-58.85,0.052
0.23,-58.83,0.053
0.23,-58.82,0.055
0.23,-58.81,0.056
0.24,-58.79,0.058
0.24,-58.78,0.059
0.24,-58.77,0.060
0.24,-58.76,0.061
0.24,-58.74,0.063
0.24,-58.73,0.064
0.24,-58.72,0.065
0.25,-58.70,0.067
0.25,-58.69,0.068
0.25,-58.68,0.069
0.25,-58.66,0.071
0.25,-58.65,0.072
0.26,-58.64,0.073
0.26,-58.62,0.074
0.26,-58.61,0.075
0.26,-58.60,0.076
0.26,-58.58,0.077
0.26,-58.57,0.079
0.26,-58.55,0.080
0.27,-58.54,0.081
0.27,-58.53,0.083
0.27,-58.51,0.084
0.27,-58.50,0.085
0.27,-58.48,0.086
0.28,-58.47,0.087
0.28,-58.46,0.088
0.28,-58.44,0.089
0.28,-58.43,0.090
0.28,-58.42,0.091
0.28,-58.40,0.092
0.29,-58.39,0.093
0.29,-58.37,0.094
0.29,-58.36,0.096
0.29,-58.35,0.097
0.29,-58.33,0.097
0.29,-58.32,0.098
0.30,-58.30,0.099
0.30,-58.29,0.100
0.30,-58.27,0.101
0.30,-58.26,0.102
0.30,-58.25,0.103
0.30,-58.23,0.104
0.30,-58.22,0.105
0.31,-58.20,0.105
0.31,-58.19,0.106
0.31,-58.17,0.107
0.31,-58.16,0.108
0.31,-58.15,0.108
0.31,-58.13,0.109
0.32,-58.12,0.110
0.32,-58.10,0.111
0.32,-58.09,0.113
0.32,-58.07,0.114
0.32,-58.06,0.114
0.33,-58.04,0.115
0.33,-58.03,0.116
0.33,-58.02,0.117
0.33,-58.00,0.117
0.33,-57.99,0.118
0.33,-57.97,0.119
0.34,-57.96,0.119
0.34,-57.94,0.120
0.34,-57.93,0.121
0.34,-57.91,0.122
0.34,-57.90,0.123
0.34,-57.88,0.123
0.35,-57.87,0.124
0.35,-57.85,0.125
0.35,-57.84,0.125
0.35,-57.82,0.126
0.35,-57.81,0.127
0.35,-57.79,0.128
0.35,-57.78,0.129
0.36,-57.77,0.130
0.36,-57.75,0.130
0.36,-57.74,0.131
0.36,-57.72,0.131
0.36,-57.71,0.132
0.36,-57.69,0.132
0.37,-57.68,0.132
0.37,-57.66,0.132
0.37,-57.64,0.132
0.37,-57.63,0.133
0.37,-57.62,0.134
0.38,-57.60,0.135
0.38,-57.59,0.136
0.38,-57.57,0.137
0.38,-57.55,0.138
0.38,-57.54,0.139
0.38,-57.52,0.139
0.39,-57.51,0.139
0.39,-57.49,0.139
0.39,-57.48,0.139
0.39,-57.46,0.140
0.39,-57.45,0.140
0.39,-57.43,0.141
0.40,-57.42,0.142
0.40,-57.40,0.143
0.40,-57.39,0.143
0.40,-57.37,0.144
0.40,-57.36,0.144
0.40,-57.34,0.144
0.40,-57.33,0.145
0.41,-57.31,0.145
0.41,-57.30,0.145
0.41,-57.28,0.146
0.41,-57.26,0.146
0.41,-57.25,0.147
0.41,-57.23,0.147
0.42,-57.22,0.148
0.42,-57.20,0.149
0.42,-57.19,0.149
0.42,-57.17,0.149
0.42,-57.16,0.150
0.43,-57.14,0.150
0.43,-57.13,0.151
0.43,-57.11,0.151
0.43,-57.10,0.152
0.43,-57.08,0.152
0.43,-57.07,0.153
0.44,-57.05,0.153
0.44,-57.04,0.153
0.44,-57.02,0.154
0.44,-57.00,0.154
0.44,-56.99,0.154
0.44,-56.97,0.154
0.45,-56.96,0.154
0.45,-56.94,0.154
0.45,-56.93,0.154
0.45,-56.91,0.154
0.45,-56.90,0.156
0.45,-56.88,0.157
0.45,-56.86,0.157
0.46,-56.85,0.158
0.46,-56.83,0.158
0.46,-56.82,0.159
0.46,-56.80,0.159
0.46,-56.79,0.160
0.46,-56.77,0.160
0.47,-56.75,0.160
0.47,-56.74,0.159
0.47,-56.72,0.160
0.47,-56.71,0.160
0.47,-56.69,0.160
0.48,-56.67,0.160
0.48,-56.66,0.161
0.48,-56.64,0.161
0.48,-56.63,0.161
0.48,-56.61,0.162
0.48,-56.60,0.162
0.49,-56.58,0.163
0.49,-56.57,0.163
0.49,-56.55,0.163
0.49,-56.53,0.163
0.49,-56.52,0.164
0.49,-56.50,0.164
0.50,-56.49,0.164
0.50,-56.47,0.165
0.50,-56.46,0.165
0.50,-56.44,0.165
0.50,-56.42,0.165
0.50,-56.41,0.166
0.50,-56.39,0.166
0.51,-56.38,0.166
0.51,-56.36,0.167
0.51,-56.34,0.167
0.51,-56.33,0.167
0.51,-56.31,0.168
0.51,-56.30,0.168
0.52,-56.28,0.168
0.52,-56.27,0.169
0.52,-56.25,0.169
0.52,-56.23,0.169
0.52,-56.22,0.169
0.53,-56.20,0.169
0.53,-56.19,0.169
0.53,-56.17,0.169
0.53,-56.15,0.169
0.53,-56.14,0.169
0.53,-56.12,0.169
0.53,-56.11,0.170
0.54,-56.09,0.170
0.54,-56.07,0.170
0.54,-56.06,0.170
0.54,-56.04,0.170
0.54,-56.03,0.170
0.55,-56.01,0.171
0.55,-55.99,0.171
0.55,-55.98,0.171
0.55,-55.96,0.171
0.55,-55.95,0.172
0.55,-55.93,0.172
0.55,-55.92,0.173
0.56,-55.90,0.173
0.56,-55.88,0.173
0.56,-55.87,0.173
0.56,-55.85,0.173
0.56,-55.83,0.173
0.57,-55.82,0.173
0.57,-55.80,0.173
0.57,-55.79,0.173
0.57,-55.77,0.174
0.57,-55.75,0.174
0.57,-55.74,0.174
0.58,-55.72,0.174
0.58,-55.71,0.175
0.58,-55.69,0.175
0.58,-55.67,0.175
0.58,-55.66,0.175
0.58,-55.64,0.175
0.58,-55.63,0.175
0.59,-55.61,0.175
0.59,-55.59,0.175
0.59,-55.58,0.175
0.59,-55.56,0.175
0.59,-55.54,0.176
0.60,-55.53,0.176
0.60,-55.51,0.176
0.60,-55.50,0.176
0.60,-55.48,0.177
0.60,-55.47,0.177
0.60,-55.45,0.177
0.60,-55.43,0.177
0.61,-55.42,0.177
0.61,-55.40,0.177
0.61,-55.38,0.177
0.61,-55.37,0.177
0.61,-55.35,0.178
0.62,-55.34,0.178
0.62,-55.32,0.178
0.62,-55.30,0.178
0.62,-55.29,0.178
0.62,-55.27,0.178
0.62,-55.26,0.178
0.63,-55.24,0.178
0.63,-55.22,0.179
0.63,-55.21,0.179
0.63,-55.19,0.179
0.63,-55.17,0.179
0.63,-55.16,0.179
0.63,-55.14,0.179
0.64,-55.13,0.179
0.64,-55.11,0.180
0.64,-55.09,0.180
0.64,-55.08,0.180
0.64,-55.06,0.180
0.65,-55.04,0.180
0.65,-55.03,0.180
0.65,-55.01,0.180
0.65,-55.00,0.180
0.65,-54.98,0.180
0.65,-54.96,0.181
0.65,-54.95,0.181
0.66,-54.93,0.181
0.66,-54.91,0.181
0.66,-54.90,0.181
0.66,-54.88,0.181
0.66,-54.87,0.181
0.67,-54.85,0.181
0.67,-54.83,0.181
0.67,-54.82,0.181
0.67,-54.80,0.181
0.67,-54.78,0.181
0.67,-54.77,0.181
0.68,-54.75,0.182
0.68,-54.74,0.182
0.68,-54.72,0.182
0.68,-54.70,0.182
0.68,-54.69,0.182
0.68,-54.67,0.182
0.68,-54.65,0.182
0.69,-54.64,0.182
0.69,-54.62,0.182
0.69,-54.61,0.182
0.69,-54.59,0.182
0.69,-54.57,0.182
0.70,-54.56,0.183
0.70,-54.54,0.183
0.70,-54.52,0.183
0.70,-54.51,0.183
0.70,-54.49,0.183
0.70,-54.47,0.183
0.70,-54.46,0.183
0.71,-54.44,0.183
0.71,-54.43,0.183
0.71,-54.41,0.183
0.71,-54.40,0.183
0.71,-54.38,0.183
0.72,-54.36,0.183
0.72,-54.35,0.183
0.72,-54.33,0.184
0.72,-54.31,0.184
0.72,-54.30,0.184
0.72,-54.28,0.184
0.73,-54.26,0.184
0.73,-54.25,0.184
0.73,-54.23,0.184
0.73,-54.22,0.184
0.73,-54.20,0.184
0.73,-54.18,0.184
0.73,-54.17,0.184
0.74,-54.15,0.184
0.74,-54.13,0.184
0.74,-54.12,0.184
0.74,-54.10,0.184
0.74,-54.08,0.184
0.75,-54.07,0.184
0.75,-54.05,0.184
0.75,-54.04,0.184
0.75,-54.02,0.184
0.75,-54.00,0.184
0.75,-53.99,0.185
0.75,-53.97,0.185
0.76,-53.95,0.185
0.76,-53.94,0.185
0.76,-53.92,0.185
0.76,-53.90,0.185
0.76,-53.89,0.185
0.77,-53.87,0.185
0.77,-53.85,0.186
0.77,-53.84,0.186
0.77,-53.82,0.186
0.77,-53.81,0.186
0.77,-53.79,0.186
0.78,-53.77,0.186
0.78,-53.76,0.186
0.78,-53.74,0.186
0.78,-53.73,0.186
0.78,-53.71,0.186
0.78,-53.69,0.186
0.78,-53.68,0.186
0.79,-53.66,0.186
0.79,-53.64,0.186
0.79,-53.63,0.186
0.79,-53.61,0.186
0.79,-53.59,0.186
0.80,-53.58,0.186
0.80,-53.56,0.186
0.80,-53.54,0.186
0.80,-53.53,0.186
0.80,-53.51,0.186
0.80,-53.49,0.186
0.80,-53.48,0.186
0.81,-53.46,0.186
0.81,-53.44,0.187
0.81,-53.43,0.187
0.81,-53.41,0.187
0.81,-53.40,0.187
0.82,-53.38,0.187
0.82,-53.36,0.187
0.82,-53.35,0.187
0.82,-53.33,0.187
0.82,-53.32,0.187
0.82,-53.30,0.187
0.83,-53.28,0.187
0.83,-53.27,0.187
0.83,-53.25,0.187
0.83,-53.23,0.187
0.83,-53.22,0.187
0.83,-53.20,0.187
0.83,-53.18,0.187
0.84,-53.17,0.187
0.84,-53.15,0.187
0.84,-53.13,0.187
0.84,-53.12,0.187
0.84,-53.10,0.187
0.85,-53.08,0.187
0.85,-53.07,0.187
0.85,-53.05,0.187
0.85,-53.04,0.187
0.85,-53.02,0.187
0.85,-53.00,0.187
0.85,-52.98,0.187
0.86,-52.97,0.187
0.86,-52.95,0.187
0.86,-52.94,0.187
0.86,-52.92,0.187
0.86,-52.90,0.188
0.87,-52.89,0.188
0.87,-52.87,0.188
0.87,-52.86,0.188
0.87,-52.84,0.188
0.87,-52.82,0.188
0.87,-52.80,0.188
0.88,-52.79,0.188
0.88,-52.77,0.188
0.88,-52.76,0.188
0.88,-52.74,0.188
0.88,-52.72,0.188
0.88,-52.71,0.188
0.88,-52.69,0.188
0.89,-52.67,0.188
0.89,-52.66,0.188
0.89,-52.64,0.188
0.89,-52.62,0.188
0.89,-52.61,0.188
0.90,-52.59,0.188
0.90,-52.57,0.188
0.90,-52.56,0.188
0.90,-52.54,0.188
0.90,-52.52,0.188
0.90,-52.51,0.188
0.90,-52.49,0.188
0.91,-52.48,0.188
0.91,-52.46,0.188
0.91,-52.44,0.188
0.91,-52.43,0.188
0.91,-52.41,0.188
0.92,-52.39,0.188
0.92,-52.38,0.188
0.92,-52.36,0.188
0.92,-52.34,0.188
0.92,-52.33,0.188
0.92,-52.31,0.188
0.93,-52.29,0.189
0.93,-52.28,0.189
0.93,-52.26,0.189
0.93,-52.24,0.189
0.93,-52.23,0.189
0.93,-52.21,0.189
0.93,-52.20,0.189
0.94,-52.18,0.189
0.94,-52.16,0.189
0.94,-52.15,0.189
0.94,-52.13,0.189
0.94,-52.11,0.189
0.95,-52.10,0.189
0.95,-52.08,0.189
0.95,-52.06,0.189
0.95,-52.05,0.189
0.95,-52.03,0.189
0.95,-52.01,0.189
0.95,-52.00,0.189
0.96,-51.98,0.189
0.96,-51.96,0.189
0.96,-51.95,0.189
0.96,-51.93,0.189
0.96,-51.91,0.189
0.97,-51.90,0.190
0.97,-51.88,0.190
0.97,-51.86,0.190
0.97,-51.85,0.190
0.97,-51.83,0.190
0.97,-51.82,0.190
0.98,-51.80,0.190
0.98,-51.78,0.190
0.98,-51.76,0.190
0.98,-51.75,0.190
0.98,-51.73,0.190
0.98,-51.72,0.190
0.98,-51.70,0.190
0.99,-51.68,0.190
0.99,-51.67,0.190
0.99,-51.65,0.190
0.99,-51.63,0.190
0.99,-51.62,0.190
1.00,-51.60,0.190
1.00,-51.58,0.190
1.00,-51.57,0.190
1.00,-51.55,0.190
1.00,-51.53,0.190
1.00,-51.52,0.190
1.00,-51.50,0.190
1.01,-51.49,0.190
1.01,-51.47,0.190
1.01,-51.45,0.190
1.01,-51.44,0.190
1.01,-51.42,0.190
1.02,-51.40,0.190
1.02,-51.39,0.190
1.02,-51.37,0.190
1.02,-51.35,0.190
1.02,-51.34,0.190
1.02,-51.32,0.191
1.03,-51.30,0.191
1.03,-51.29,0.191
1.03,-51.27,0.191
1.03,-51.25,0.191
1.03,-51.24,0.191
1.03,-51.22,0.191
1.03,-51.21,0.191
1.04,-51.19,0.191
1.04,-51.17,0.191
1.04,-51.16,0.191
1.04,-51.14,0.191
1.04,-51.12,0.191
1.05,-51.10,0.191
1.05,-51.09,0.191
1.05,-51.07,0.191
1.05,-51.06,0.191
1.05,-51.04,0.191
1.05,-51.02,0.191
1.05,-51.01,0.191
1.06,-50.99,0.191
1.06,-50.97,0.191
1.06,-50.96,0.191
1.06,-50.94,0.191
1.06,-50.92,0.191
1.07,-50.91,0.191
1.07,-50.89,0.191
1.07,-50.87,0.191
1.07,-50.86,0.191
1.07,-50.84,0.191
1.07,-50.82,0.191
1.08,-50.81,0.191
1.08,-50.79,0.191
1.08,-50.77,0.191
1.08,-50.76,0.191
1.08,-50.74,0.191
1.08,-50.72,0.191
1.08,-50.71,0.191
1.09,-50.69,0.191
1.09,-50.67,0.191
1.09,-50.66,0.191
1.09,-50.64,0.191
1.09,-50.63,0.192
1.09,-50.61,0.192
1.10,-50.59,0.192
1.10,-50.58,0.192
1.10,-50.56,0.192
1.10,-50.54,0.192
1.10,-50.53,0.192
1.11,-50.51,0.192
1.11,-50.49,0.192
1.11,-50.48,0.192
1.11,-50.46,0.192
1.11,-50.44,0.192
1.11,-50.43,0.192
1.12,-50.41,0.192
1.12,-50.39,0.192
1.12,-50.38,0.192
1.12,-50.36,0.192
1.12,-50.34,0.192
1.12,-50.33,0.192
1.13,-50.31,0.192
1.13,-50.29,0.192
1.13,-50.28,0.192
1.13,-50.26,0.192
1.13,-50.24,0.192
1.13,-50.23,0.192
1.13,-50.21,0.192
1.14,-50.19,0.192
1.14,-50.18,0.192
1.14,-50.16,0.192
1.14,-50.14,0.192
1.14,-50.13,0.192
1.14,-50.11,0.192
1.15,-50.09,0.192
1.15,-50.08,0.192
1.15,-50.06,0.192
1.15,-50.04,0.192
1.15,-50.03,0.192
1.16,-50.01,0.192
1.16,-49.99,0.192
1.16,-49.98,0.192
1.16,-49.96,0.192
1.16,-49.95,0.192
1.16,-49.93,0.192
1.17,-49.91,0.192
1.17,-49.90,0.192
1.17,-49.88,0.192
1.17,-49.86,0.192
1.17,-49.85,0.192
1.17,-49.83,0.192
1.18,-49.81,0.192
1.18,-49.80,0.193
1.18,-49.78,0.193
1.18,-49.76,0.193
1.18,-49.75,0.193
1.18,-49.73,0.193
1.18,-49.71,0.193
1.19,-49.70,0.193
1.19,-49.68,0.193
1.19,-49.66,0.193
1.19,-49.65,0.193
1.19,-49.63,0.193
1.19,-49.61,0.193
1.20,-49.60,0.193
1.20,-49.58,0.193
1.20,-49.56,0.193
1.20,-49.55,0.193
1.20,-49.53,0.193
1.21,-49.51,0.193
1.21,-49.50,0.193
1.21,-49.48,0.193
1.21,-49.46,0.193
1.21,-49.45,0.193
1.21,-49.43,0.193
1.22,-49.41,0.193
1.22,-49.40,0.193
1.22,-49.38,0.193
1.22,-49.37,0.193
1.22,-49.35,0.193
1.22,-49.33,0.193
1.23,-49.32,0.193
1.23,-49.30,0.193
1.23,-49.28,0.193
1.23,-49.26,0.193
1.23,-49.25,0.193
1.23,-49.23,0.193
1.23,-49.21,0.193
1.24,-49.20,0.193
1.24,-49.18,0.193
1.24,-49.17,0.193
1.24,-49.15,0.193
1.24,-49.13,0.194
1.24,-49.12,0.194
1.25,-49.10,0.194
1.25,-49.08,0.194
1.25,-49.07,0.194
1.25,-49.05,0.194
1.25,-49.03,0.194
1.26,-49.02,0.194
1.26,-49.00,0.194
1.26,-48.98,0.194
1.26,-48.97,0.194
1.26,-48.95,0.194
1.26,-48.93,0.194
1.27,-48.92,0.194
1.27,-48.90,0.194
1.27,-48.88,0.194
1.27,-48.87,0.194
1.27,-48.85,0.194
1.27,-48.83,0.194
1.28,-48.82,0.194
1.28,-48.80,0.194
1.28,-48.78,0.194
1.28,-48.77,0.194
1.28,-48.75,0.194
1.28,-48.73,0.194
1.28,-48.72,0.194
1.29,-48.70,0.194
1.29,-48.68,0.194
1.29,-48.67,0.194
1.29,-48.65,0.194
1.29,-48.63,0.194
1.29,-48.62,0.194
1.30,-48.60,0.194
1.30,-48.58,0.194
1.30,-48.57,0.194
1.30,-48.55,0.194
1.30,-48.54,0.194
1.31,-48.52,0.194
1.31,-48.50,0.194
1.31,-48.48,0.194
1.31,-48.47,0.194
1.31,-48.45,0.194
1.31,-48.43,0.194
1.32,-48.42,0.194
1.32,-48.40,0.194
1.32,-48.39,0.194
1.32,-48.37,0.194
1.32,-48.35,0.194
1.32,-48.34,0.194
1.33,-48.32,0.194
1.33,-48.30,0.194
1.33,-48.29,0.194
1.33,-48.27,0.194
1.33,-48.25,0.194
1.33,-48.23,0.194
1.33,-48.22,0.194
1.34,-48.20,0.194
1.34,-48.19,0.194
1.34,-48.17,0.194
1.34,-48.15,0.194
1.34,-48.14,0.195
1.34,-48.12,0.195
1.35,-48.10,0.195
1.35,-48.09,0.195
1.35,-48.07,0.195
1.35,-48.05,0.195
1.35,-48.04,0.195
1.36,-48.02,0.195
1.36,-48.00,0.195
1.36,-47.99,0.195
1.36,-47.97,0.195
1.36,-47.95,0.195
1.36,-47.94,0.195
1.37,-47.92,0.195
1.37,-47.90,0.195
1.37,-47.89,0.195
1.37,-47.87,0.195
1.37,-47.85,0.195
1.37,-47.84,0.195
1.38,-47.82,0.195
1.38,-47.80,0.195
1.38,-47.78,0.195
1.38,-47.77,0.195
1.38,-47.75,0.195
1.38,-47.74,0.195
1.38,-47.72,0.195
1.39,-47.70,0.195
1.39,-47.69,0.195
1.39,-47.67,0.195
1.39,-47.65,0.195
1.39,-47.64,0.195
1.39,-47.62,0.195
1.40,-47.60,0.195
1.40,-47.59,0.195
1.40,-47.57,0.195
1.40,-47.55,0.195
1.40,-47.54,0.195
1.41,-47.52,0.195
1.41,-47.50,0.195
1.41,-47.49,0.195
1.41,-47.47,0.195
1.41,-47.45,0.195
1.41,-47.44,0.195
1.42,-47.42,0.195
1.42,-47.40,0.195
1.42,-47.39,0.195
1.42,-47.37,0.195
1.42,-47.35,0.195
1.42,-47.34,0.195
1.43,-47.32,0.195
1.43,-47.30,0.195
1.43,-47.29,0.195
1.43,-47.27,0.195
1.43,-47.25,0.195
1.43,-47.24,0.195
1.43,-47.22,0.195
1.44,-47.20,0.196
1.44,-47.19,0.196
1.44,-47.17,0.196
1.44,-47.15,0.196
1.44,-47.14,0.196
1.44,-47.12,0.196
1.45,-47.10,0.196
1.45,-47.09,0.196
1.45,-47.07,0.196
1.45,-47.05,0.196
1.45,-47.04,0.196
1.46,-47.02,0.196
1.46,-47.00,0.196
1.46,-46.99,0.196
1.46,-46.97,0.196
1.46,-46.95,0.196
1.46,-46.94,0.196
1.47,-46.92,0.196
1.47,-46.90,0.196
1.47,-46.89,0.196
1.47,-46.87,0.196
1.47,-46.86,0.196
1.47,-46.84,0.196
1.48,-46.82,0.196
1.48,-46.81,0.196
1.48,-46.79,0.196
1.48,-46.77,0.196
1.48,-46.76,0.196
1.48,-46.74,0.196
1.48,-46.72,0.196
1.49,-46.70,0.196
1.49,-46.69,0.196
1.49,-46.67,0.196
1.49,-46.65,0.196
1.49,-46.64,0.196
1.49,-46.62,0.196
1.50,-46.61,0.196
1.50,-46.59,0.196
1.50,-46.57,0.196
1.50,-46.55,0.196
1.50,-46.54,0.196
1.51,-46.52,0.196
1.51,-46.51,0.196
1.51,-46.49,0.196
1.51,-46.47,0.196
1.51,-46.45,0.196
1.51,-46.44,0.196
1.52,-46.42,0.196
1.52,-46.40,0.196
1.52,-46.39,0.196
1.52,-46.37,0.196
1.52,-46.36,0.196
1.52,-46.34,0.196
1.53,-46.32,0.196
1.53,-46.30,0.196
1.53,-46.29,0.196
1.53,-46.27,0.196
1.53,-46.26,0.196
1.53,-46.24,0.196
1.53,-46.22,0.196
1.54,-46.21,0.196
1.54,-46.19,0.196
1.54,-46.17,0.196
1.54,-46.16,0.196
1.54,-46.14,0.196
1.54,-46.12,0.196
1.55,-46.11,0.196
1.55,-46.09,0.196
1.55,-46.07,0.196
1.55,-46.06,0.196
1.55,-46.04,0.196
1.56,-46.02,0.196
1.56,-46.00,0.196
1.56,-45.99,0.196
1.56,-45.97,0.196
1.56,-45.95,0.196
1.56,-45.94,0.196
1.57,-45.92,0.196
1.57,-45.91,0.196
1.57,-45.89,0.196
1.57,-45.87,0.197
1.57,-45.86,0.197
1.57,-45.84,0.197
1.58,-45.82,0.197
1.58,-45.80,0.197
1.58,-45.79,0.197
1.58,-45.77,0.197
1.58,-45.76,0.197
1.58,-45.74,0.197
1.58,-45.72,0.197
1.59,-45.71,0.197
1.59,-45.69,0.197
1.59,-45.67,0.197
1.59,-45.66,0.197
1.59,-45.64,0.197
1.59,-45.62,0.197
1.60,-45.61,0.197
1.60,-45.59,0.197
1.60,-45.57,0.197
1.60,-45.56,0.197
1.60,-45.54,0.197
1.61,-45.52,0.197
1.61,-45.51,0.197
1.61,-45.49,0.197
1.61,-45.47,0.197
1.61,-45.46,0.197
1.61,-45.44,0.197
1.62,-45.42,0.197
1.62,-45.41,0.197
1.62,-45.39,0.197
1.62,-45.37,0.197
1.62,-45.36,0.197
1.62,-45.34,0.197
1.63,-45.32,0.197
1.63,-45.31,0.197
1.63,-45.29,0.197
1.63,-45.27,0.197
1.63,-45.26,0.197
1.63,-45.24,0.197
1.63,-45.22,0.197
1.64,-45.21,0.197
1.64,-45.19,0.197
1.64,-45.17,0.197
1.64,-45.16,0.197
1.64,-45.14,0.197
1.64,-45.12,0.197
1.65,-45.11,0.197
1.65,-45.09,0.197
1.65,-45.07,0.197
1.65,-45.06,0.197
1.65,-45.04,0.197
1.66,-45.02,0.197
1.66,-45.01,0.197
1.66,-44.99,0.197
1.66,-44.97,0.197
1.66,-44.96,0.197
1.66,-44.94,0.197
1.67,-44.92,0.197
1.67,-44.91,0.197
1.67,-44.89,0.197
1.67,-44.87,0.197
1.67,-44.86,0.197
1.67,-44.84,0.197
1.68,-44.82,0.197
1.68,-44.81,0.197
1.68,-44.79,0.197
1.68,-44.77,0.197
1.68,-44.76,0.197
1.68,-44.74,0.197
1.68,-44.72,0.197
1.69,-44.71,0.197
1.69,-44.69,0.197
1.69,-44.67,0.197
1.69,-44.66,0.197
1.69,-44.64,0.197
1.69,-44.63,0.197
1.70,-44.61,0.197
1.70,-44.59,0.197
1.70,-44.57,0.197
1.70,-44.56,0.197
1.70,-44.54,0.197
1.71,-44.52,0.197
1.71,-44.51,0.197
1.71,-44.49,0.197
1.71,-44.47,0.197
1.71,-44.46,0.197
1.71,-44.44,0.198
1.72,-44.42,0.198
1.72,-44.41,0.198
1.72,-44.39,0.198
1.72,-44.37,0.198
1.72,-44.36,0.198
1.72,-44.34,0.198
1.73,-44.32,0.198
1.73,-44.31,0.198
1.73,-44.29,0.198
1.73,-44.28,0.198
1.73,-44.26,0.198
1.73,-44.24,0.198
1.73,-44.22,0.198
1.74,-44.21,0.198
1.74,-44.19,0.198
1.74,-44.17,0.198
1.74,-44.16,0.198
1.74,-44.14,0.198
1.74,-44.12,0.198
1.75,-44.11,0.198
1.75,-44.09,0.198
1.75,-44.07,0.198
1.75,-44.06,0.198
1.75,-44.04,0.198
1.76,-44.02,0.198
1.76,-44.01,0.198
1.76,-43.99,0.198
1.76,-43.97,0.198
1.76,-43.96,0.198
1.76,-43.94,0.198
1.77,-43.92,0.198
1.77,-43.91,0.198
1.77,-43.89,0.198
1.77,-43.87,0.198
1.77,-43.86,0.198
1.77,-43.84,0.198
1.78,-43.82,0.198
1.78,-43.81,0.198
1.78,-43.79,0.198
1.78,-43.77,0.198
1.78,-43.76,0.198
1.78,-43.74,0.198
1.78,-43.72,0.198
1.79,-43.71,0.198
1.79,-43.69,0.198
1.79,-43.67,0.198
1.79,-43.66,0.198
1.79,-43.64,0.198
1.79,-43.62,0.198
1.80,-43.61,0.198
1.80,-43.59,0.198
1.80,-43.57,0.198
1.80,-43.56,0.198
1.80,-43.54,0.198
1.81,-43.52,0.198
1.81,-43.51,0.198
1.81,-43.49,0.198
1.81,-43.47,0.198
1.81,-43.46,0.198
1.81,-43.44,0.198
1.82,-43.42,0.198
1.82,-43.41,0.198
1.82,-43.39,0.198
1.82,-43.37,0.198
1.82,-43.36,0.198
1.82,-43.34,0.198
1.83,-43.32,0.198
1.83,-43.31,0.198
1.83,-43.29,0.198
1.83,-43.27,0.198
1.83,-43.26,0.198
1.83,-43.24,0.198
1.83,-43.22,0.198
1.84,-43.21,0.198
1.84,-43.19,0.198
1.84,-43.17,0.198
1.84,-43.16,0.198
1.84,-43.14,0.198
1.84,-43.12,0.198
1.85,-43.11,0.198
1.85,-43.09,0.198
1.85,-43.07,0.198
1.85,-43.06,0.198
1.85,-43.04,0.198
1.86,-43.02,0.198
1.86,-43.01,0.198
1.86,-42.99,0.198
1.86,-42.97,0.199
1.86,-42.96,0.199
1.86,-42.94,0.199
1.87,-42.92,0.199
1.87,-42.91,0.199
1.87,-42.89,0.199
1.87,-42.87,0.199
1.87,-42.86,0.199
1.87,-42.84,0.199
1.88,-42.82,0.199
1.88,-42.81,0.199
1.88,-42.79,0.199
1.88,-42.77,0.199
1.88,-42.76,0.199
1.88,-42.74,0.199
1.88,-42.72,0.199
1.89,-42.71,0.199
1.89,-42.69,0.199
1.89,-42.67,0.199
1.89,-42.65,0.199
1.89,-42.64,0.199
1.89,-42.62,0.199
1.90,-42.61,0.199
1.90,-42.59,0.199
1.90,-42.57,0.199
1.90,-42.56,0.199
1.90,-42.54,0.199
1.91,-42.52,0.199
1.91,-42.51,0.199
1.91,-42.49,0.199
1.91,-42.47,0.199
1.91,-42.46,0.199
1.91,-42.44,0.199
1.92,-42.42,0.199
1.92,-42.41,0.199
1.92,-42.39,0.199
1.92,-42.37,0.199
1.92,-42.36,0.199
1.92,-42.34,0.199
1.93,-42.32,0.199
1.93,-42.31,0.199
1.93,-42.29,0.199
1.93,-42.27,0.199
1.93,-42.26,0.199
1.93,-42.24,0.199
1.93,-42.22,0.199
1.94,-42.21,0.199
1.94,-42.19,0.199
1.94,-42.17,0.199
1.94,-42.16,0.199
1.94,-42.14,0.199
1.94,-42.12,0.199
1.95,-42.10,0.199
1.95,-42.09,0.199
1.95,-42.07,0.199
1.95,-42.06,0.199
1.95,-42.04,0.199
1.96,-42.02,0.199
1.96,-42.01,0.199
1.96,-41.99,0.199
1.96,-41.97,0.199
1.96,-41.96,0.199
1.96,-41.94,0.199
1.97,-41.92,0.199
1.97,-41.91,0.199
1.97,-41.89,0.199
1.97,-41.87,0.199
1.97,-41.86,0.199
1.97,-41.84,0.199
1.98,-41.82,0.199
1.98,-41.80,0.199
1.98,-41.79,0.199
1.98,-41.77,0.199
1.98,-41.76,0.199
1.98,-41.74,0.199
1.98,-41.72,0.199
1.99,-41.70,0.199
1.99,-41.69,0.199
1.99,-41.67,0.199
1.99,-41.66,0.199
1.99,-41.64,0.199
1.99,-41.62,0.199
2.00,-41.60,0.199
2.00,-41.59,0.199
2.00,-41.57,0.199
2.00,-41.56,0.199
2.00,-41.54,0.199
2.01,-41.52,0.199
2.01,-41.51,0.199
2.01,-41.49,0.199
2.01,-41.47,0.199
2.01,-41.46,0.199
2.01,-41.44,0.199
2.02,-41.42,0.199
2.02,-41.41,0.199
2.02,-41.39,0.199
2.02,-41.37,0.199
2.02,-41.36,0.199
2.02,-41.34,0.199
2.03,-41.32,0.199
2.03,-41.31,0.199
2.03,-41.29,0.200
2.03,-41.27,0.200
2.03,-41.25,0.200
2.03,-41.24,0.200
2.03,-41.22,0.200
2.04,-41.20,0.200
2.04,-41.19,0.200
2.04,-41.17,0.200
2.04,-41.16,0.200
2.04,-41.14,0.200
2.04,-41.12,0.200
2.05,-41.11,0.200
2.05,-41.09,0.200
2.05,-41.07,0.200
2.05,-41.06,0.200
2.05,-41.04,0.200
2.06,-41.02,0.200
2.06,-41.00,0.200
2.06,-40.99,0.200
2.06,-40.97,0.200
2.06,-40.95,0.200
2.06,-40.94,0.200
2.07,-40.92,0.200
2.07,-40.90,0.200
2.07,-40.89,0.200
2.07,-40.87,0.200
2.07,-40.85,0.200
2.07,-40.84,0.200
2.08,-40.82,0.200
2.08,-40.80,0.200
2.08,-40.79,0.200
2.08,-40.77,0.200
2.08,-40.75,0.200
2.08,-40.74,0.200
2.08,-40.72,0.200
2.09,-40.70,0.200
2.09,-40.69,0.200
2.09,-40.67,0.200
2.09,-40.65,0.200
2.09,-40.64,0.200
2.09,-40.62,0.200
2.10,-40.61,0.200
2.10,-40.59,0.200
2.10,-40.57,0.200
2.10,-40.55,0.200
2.10,-40.54,0.200
2.11,-40.52,0.200
2.11,-40.51,0.200
2.11,-40.49,0.200
2.11,-40.47,0.200
2.11,-40.46,0.200
2.11,-40.44,0.200
2.12,-40.42,0.200
2.12,-40.40,0.200
2.12,-40.39,0.200
2.12,-40.37,0.200
2.12,-40.35,0.200
2.12,-40.34,0.200
2.13,-40.32,0.200
2.13,-40.30,0.200
2.13,-40.29,0.200
2.13,-40.27,0.200
2.13,-40.25,0.200
2.13,-40.24,0.200
2.14,-40.22,0.200
2.14,-40.20,0.200
2.14,-40.19,0.200
2.14,-40.17,0.200
2.14,-40.15,0.200
2.14,-40.14,0.200
2.14,-40.12,0.200
2.15,-40.10,0.200
2.15,-40.09,0.200
2.15,-40.07,0.200
2.15,-40.05,0.200
2.15,-40.04,0.200
2.16,-40.02,0.200
2.16,-40.00,0.200
2.16,-39.99,0.200
2.16,-39.97,0.200
2.16,-39.95,0.200
2.16,-39.94,0.200
2.16,-39.92,0.200
2.17,-39.90,0.200
2.17,-39.89,0.200
2.17,-39.87,0.200
2.17,-39.86,0.200
2.17,-39.84,0.200
2.18,-39.82,0.200
2.18,-39.81,0.200
2.18,-39.79,0.200
2.18,-39.77,0.200
2.18,-39.75,0.200
2.18,-39.74,0.200
2.19,-39.72,0.200
2.19,-39.70,0.200
2.19,-39.69,0.200
2.19,-39.67,0.200
2.19,-39.65,0.200
2.19,-39.64,0.200
2.19,-39.62,0.200
2.20,-39.60,0.200
2.20,-39.59,0.200
2.20,-39.57,0.200
2.20,-39.55,0.200
2.20,-39.54,0.200
2.21,-39.52,0.201
2.21,-39.50,0.201
2.21,-39.49,0.201
2.21,-39.47,0.201
2.21,-39.45,0.201
2.21,-39.44,0.201
2.21,-39.42,0.201
2.22,-39.40,0.201
2.22,-39.39,0.201
2.22,-39.37,0.201
2.22,-39.35,0.201
2.22,-39.34,0.201
2.23,-39.32,0.201
2.23,-39.30,0.201
2.23,-39.29,0.201
2.23,-39.27,0.201
2.23,-39.25,0.201
2.23,-39.24,0.201
2.24,-39.22,0.201
2.24,-39.20,0.201
2.24,-39.19,0.201
2.24,-39.17,0.201
2.24,-39.15,0.201
2.24,-39.14,0.201
2.24,-39.12,0.201
2.25,-39.10,0.201
2.25,-39.09,0.201
2.25,-39.07,0.201
2.25,-39.05,0.201
2.25,-39.04,0.201
2.26,-39.02,0.201
2.26,-39.00,0.201
2.26,-38.99,0.201
2.26,-38.97,0.201
2.26,-38.95,0.201
2.26,-38.94,0.201
2.26,-38.92,0.201
2.27,-38.90,0.201
2.27,-38.89,0.201
2.27,-38.87,0.201
2.27,-38.85,0.201
2.27,-38.83,0.201
2.28,-38.82,0.201
2.28,-38.80,0.201
2.28,-38.79,0.201
2.28,-38.77,0.201
2.28,-38.75,0.201
2.28,-38.74,0.201
2.29,-38.72,0.201
2.29,-38.70,0.201
2.29,-38.69,0.201
2.29,-38.67,0.201
2.29,-38.65,0.201
2.29,-38.63,0.201
2.29,-38.62,0.201
2.30,-38.60,0.201
2.30,-38.59,0.201
2.30,-38.57,0.201
2.30,-38.55,0.201
2.30,-38.54,0.201
2.31,-38.52,0.201
2.31,-38.50,0.201
2.31,-38.49,0.201
2.31,-38.47,0.201
2.31,-38.45,0.201
2.31,-38.43,0.201
2.31,-38.42,0.201
2.32,-38.40,0.201
2.32,-38.39,0.201
2.32,-38.37,0.201
2.32,-38.35,0.201
2.32,-38.34,0.201
2.33,-38.32,0.201
2.33,-38.30,0.201
2.33,-38.29,0.201
2.33,-38.27,0.201
2.33,-38.25,0.201
2.33,-38.23,0.201
2.34,-38.22,0.201
2.34,-38.20,0.201
2.34,-38.18,0.201
2.34,-38.17,0.201
2.34,-38.15,0.201
2.34,-38.14,0.201
2.34,-38.12,0.201
2.35,-38.10,0.201
2.35,-38.09,0.201
2.35,-38.07,0.201
2.35,-38.05,0.201
2.35,-38.04,0.201
2.36,-38.02,0.201
2.36,-38.00,0.201
2.36,-37.99,0.201
2.36,-37.97,0.201
2.36,-37.95,0.201
2.36,-37.93,0.201
2.36,-37.92,0.201
2.37,-37.90,0.201
2.37,-37.88,0.201
2.37,-37.87,0.201
2.37,-37.85,0.201
2.37,-37.83,0.202
2.38,-37.82,0.202
2.38,-37.80,0.202
2.38,-37.78,0.202
2.38,-37.77,0.202
2.38,-37.75,0.202
2.38,-37.73,0.202
2.39,-37.72,0.202
2.39,-37.70,0.202
2.39,-37.68,0.202
2.39,-37.67,0.202
2.39,-37.65,0.202
2.39,-37.63,0.202
2.39,-37.62,0.202
2.40,-37.60,0.202
2.40,-37.58,0.202
2.40,-37.57,0.202
2.40,-37.55,0.202
2.40,-37.53,0.202
2.41,-37.52,0.202
2.41,-37.50,0.202
2.41,-37.48,0.202
2.41,-37.47,0.202
2.41,-37.45,0.202
2.41,-37.43,0.202
2.41,-37.42,0.202
2.42,-37.40,0.202
2.42,-37.38,0.202
2.42,-37.37,0.202
2.42,-37.35,0.202
2.42,-37.33,0.202
2.43,-37.32,0.202
2.43,-37.30,0.202
2.43,-37.28,0.202
2.43,-37.27,0.202
2.43,-37.25,0.202
2.43,-37.23,0.202
2.44,-37.22,0.202
2.44,-37.20,0.202
2.44,-37.18,0.202
2.44,-37.17,0.202
2.44,-37.15,0.202
2.44,-37.13,0.202
2.44,-37.12,0.202
2.45,-37.10,0.202
2.45,-37.08,0.202
2.45,-37.07,0.202
2.45,-37.05,0.202
2.45,-37.03,0.202
2.46,-37.02,0.202
2.46,-37.00,0.202
2.46,-36.98,0.202
2.46,-36.97,0.202
2.46,-36.95,0.202
2.46,-36.94,0.202
2.46,-36.92,0.202
2.47,-36.90,0.202
2.47,-36.88,0.202
2.47,-36.87,0.202
2.47,-36.85,0.202
2.47,-36.83,0.202
2.48,-36.82,0.202
2.48,-36.80,0.202
2.48,-36.78,0.202
2.48,-36.77,0.202
2.48,-36.75,0.202
2.48,-36.73,0.202
2.49,-36.72,0.202
2.49,-36.70,0.202
2.49,-36.68,0.202
2.49,-36.67,0.202
2.49,-36.65,0.202
2.49,-36.63,0.202
2.49,-36.62,0.202
2.50,-36.60,0.202
2.50,-36.58,0.202
2.50,-36.57,0.202
2.50,-36.55,0.202
2.50,-36.53,0.202
2.51,-36.52,0.202
2.51,-36.50,0.202
2.51,-36.48,0.202
2.51,-36.46,0.202
2.51,-36.45,0.202
2.51,-36.43,0.202
2.51,-36.42,0.202
2.52,-36.40,0.202
2.52,-36.38,0.202
2.52,-36.36,0.202
2.52,-36.35,0.202
2.52,-36.33,0.202
2.53,-36.31,0.202
2.53,-36.30,0.202
2.53,-36.28,0.202
2.53,-36.27,0.202
2.53,-36.25,0.202
2.53,-36.23,0.202
2.54,-36.21,0.202
2.54,-36.20,0.202
2.54,-36.18,0.202
2.54,-36.17,0.202
2.54,-36.15,0.202
2.54,-36.13,0.202
2.54,-36.12,0.202
2.55,-36.10,0.202
2.55,-36.08,0.202
2.55,-36.07,0.202
2.55,-36.05,0.202
2.55,-36.03,0.202
2.56,-36.01,0.202
2.56,-36.00,0.202
2.56,-35.98,0.202
2.56,-35.96,0.202
2.56,-35.95,0.202
2.56,-35.93,0.202
2.56,-35.92,0.202
2.57,-35.90,0.202
2.57,-35.88,0.203
2.57,-35.87,0.203
2.57,-35.85,0.203
2.57,-35.83,0.203
2.58,-35.81,0.203
2.58,-35.80,0.203
2.58,-35.78,0.203
2.58,-35.76,0.203
2.58,-35.75,0.203
2.58,-35.73,0.203
2.59,-35.71,0.203
2.59,-35.70,0.203
2.59,-35.68,0.203
2.59,-35.67,0.203
2.59,-35.65,0.203
2.59,-35.63,0.203
2.59,-35.61,0.203
2.60,-35.60,0.203
2.60,-35.58,0.203
2.60,-35.56,0.203
2.60,-35.55,0.203
2.60,-35.53,0.203
2.61,-35.51,0.203
2.61,-35.50,0.203
2.61,-35.48,0.203
2.61,-35.46,0.203
2.61,-35.45,0.203
2.61,-35.43,0.203
2.61,-35.41,0.203
2.62,-35.40,0.203
2.62,-35.38,0.203
2.62,-35.36,0.203
2.62,-35.35,0.203
2.62,-35.33,0.203
2.63,-35.31,0.203
2.63,-35.30,0.203
2.63,-35.28,0.203
2.63,-35.26,0.203
2.63,-35.25,0.203
2.63,-35.23,0.203
2.64,-35.21,0.203
2.64,-35.20,0.203
2.64,-35.18,0.203
2.64,-35.16,0.203
2.64,-35.15,0.203
2.64,-35.13,0.203
2.64,-35.11,0.203
2.65,-35.10,0.203
2.65,-35.08,0.203
2.65,-35.06,0.203
2.65,-35.05,0.203
2.65,-35.03,0.203
2.66,-35.01,0.203
2.66,-35.00,0.203
2.66,-34.98,0.203
2.66,-34.96,0.203
2.66,-34.95,0.203
2.66,-34.93,0.203
2.66,-34.91,0.203
2.67,-34.90,0.203
2.67,-34.88,0.203
2.67,-34.86,0.203
2.67,-34.85,0.203
2.67,-34.83,0.203
2.68,-34.81,0.203
2.68,-34.80,0.203
2.68,-34.78,0.203
2.68,-34.76,0.203
2.68,-34.75,0.203
2.68,-34.73,0.203
2.69,-34.71,0.203
2.69,-34.70,0.203
2.69,-34.68,0.203
2.69,-34.66,0.203
2.69,-34.65,0.203
2.69,-34.63,0.203
2.69,-34.61,0.203
2.70,-34.60,0.203
2.70,-34.58,0.203
2.70,-34.56,0.203
2.70,-34.55,0.203
2.70,-34.53,0.203
2.71,-34.51,0.203
2.71,-34.50,0.203
2.71,-34.48,0.203
2.71,-34.46,0.203
2.71,-34.45,0.203
2.71,-34.43,0.203
2.71,-34.41,0.203
2.72,-34.40,0.203
2.72,-34.38,0.203
2.72,-34.36,0.203
2.72,-34.35,0.203
2.72,-34.33,0.203
2.73,-34.31,0.203
2.73,-34.30,0.203
2.73,-34.28,0.203
2.73,-34.26,0.203
2.73,-34.25,0.203
2.73,-34.23,0.203
2.74,-34.21,0.203
2.74,-34.20,0.203
2.74,-34.18,0.203
2.74,-34.16,0.203
2.74,-34.15,0.203
2.74,-34.13,0.203
2.74,-34.11,0.203
2.75,-34.10,0.203
2.75,-34.08,0.203
2.75,-34.06,0.203
2.75,-34.05,0.203
2.75,-34.03,0.203
2.76,-34.01,0.203
2.76,-34.00,0.203
2.76,-33.98,0.203
2.76,-33.96,0.203
2.76,-33.95,0.203
2.76,-33.93,0.203
2.76,-33.91,0.203
2.77,-33.90,0.203
2.77,-33.88,0.204
2.77,-33.86,0.204
2.77,-33.85,0.204
2.77,-33.83,0.204
2.78,-33.81,0.204
2.78,-33.80,0.204
2.78,-33.78,0.204
2.78,-33.76,0.204
2.78,-33.74,0.204
2.78,-33.73,0.204
2.79,-33.71,0.204
2.79,-33.70,0.204
2.79,-33.68,0.204
2.79,-33.66,0.204
2.79,-33.65,0.204
2.79,-33.63,0.204
2.79,-33.61,0.204
2.80,-33.59,0.204
2.80,-33.58,0.204
2.80,-33.56,0.204
2.80,-33.54,0.204
2.80,-33.53,0.204
2.81,-33.51,0.204
2.81,-33.49,0.204
2.81,-33.48,0.204
2.81,-33.46,0.204
2.81,-33.44,0.204
2.81,-33.43,0.204
2.81,-33.41,0.204
2.82,-33.39,0.204
2.82,-33.38,0.204
2.82,-33.36,0.204
2.82,-33.34,0.204
2.82,-33.33,0.204
2.83,-33.31,0.204
2.83,-33.30,0.204
2.83,-33.28,0.204
2.83,-33.26,0.204
2.83,-33.24,0.204
2.83,-33.23,0.204
2.84,-33.21,0.204
2.84,-33.19,0.204
2.84,-33.18,0.204
2.84,-33.16,0.204
2.84,-33.14,0.204
2.84,-33.13,0.204
2.84,-33.11,0.204
2.85,-33.09,0.204
2.85,-33.08,0.204
2.85,-33.06,0.204
2.85,-33.04,0.204
2.85,-33.03,0.204
2.86,-33.01,0.204
2.86,-32.99,0.204
2.86,-32.98,0.204
2.86,-32.96,0.204
2.86,-32.94,0.204
2.86,-32.93,0.204
2.86,-32.91,0.204
2.87,-32.89,0.204
2.87,-32.88,0.204
2.87,-32.86,0.204
2.87,-32.84,0.204
2.87,-32.83,0.204
2.88,-32.81,0.204
2.88,-32.79,0.204
2.88,-32.78,0.204
2.88,-32.76,0.204
2.88,-32.74,0.204
2.88,-32.73,0.204
2.89,-32.71,0.204
2.89,-32.70,0.204
2.89,-32.68,0.204
2.89,-32.66,0.204
2.89,-32.64,0.204
2.89,-32.63,0.204
2.89,-32.61,0.204
2.90,-32.59,0.204
2.90,-32.58,0.204
2.90,-32.56,0.204
2.90,-32.54,0.204
2.90,-32.53,0.204
2.91,-32.51,0.204
2.91,-32.49,0.204
2.91,-32.48,0.204
2.91,-32.46,0.204
2.91,-32.44,0.204
2.91,-32.43,0.204
2.91,-32.41,0.204
2.92,-32.39,0.204
2.92,-32.38,0.204
2.92,-32.36,0.204
2.92,-32.34,0.204
2.92,-32.33,0.204
2.93,-32.31,0.204
2.93,-32.29,0.204
2.93,-32.28,0.204
2.93,-32.26,0.204
2.93,-32.24,0.204
2.93,-32.22,0.204
2.94,-32.21,0.204
2.94,-32.19,0.204
2.94,-32.18,0.204
2.94,-32.16,0.204
2.94,-32.14,0.204
2.94,-32.13,0.204
2.94,-32.11,0.204
2.95,-32.09,0.204
2.95,-32.08,0.204
2.95,-32.06,0.204
2.95,-32.04,0.204
2.95,-32.03,0.204
2.96,-32.01,0.204
2.96,-31.99,0.204
2.96,-31.98,0.204
2.96,-31.96,0.205
2.96,-31.94,0.205
2.96,-31.93,0.205
2.96,-31.91,0.205
2.97,-31.89,0.205
2.97,-31.88,0.205
2.97,-31.86,0.205
2.97,-31.84,0.205
2.97,-31.83,0.205
2.98,-31.81,0.205
2.98,-31.79,0.205
2.98,-31.78,0.205
2.98,-31.76,0.205
2.98,-31.74,0.205
2.98,-31.73,0.205
2.99,-31.71,0.205
2.99,-31.69,0.205
2.99,-31.68,0.205
2.99,-31.66,0.205
2.99,-31.64,0.205
2.99,-31.63,0.205
2.99,-31.61,0.205
3.00,-31.59,0.205
3.00,-31.57,0.205
3.00,-31.56,0.205
3.00,-31.54,0.205
3.00,-31.53,0.205
3.01,-31.51,0.205
3.01,-31.49,0.205
3.01,-31.48,0.205
3.01,-31.46,0.205
3.01,-31.44,0.205
3.01,-31.43,0.205
3.01,-31.41,0.205
3.02,-31.39,0.205
3.02,-31.38,0.205
3.02,-31.36,0.205
3.02,-31.34,0.205
3.02,-31.32,0.205
3.03,-31.31,0.205
3.03,-31.29,0.205
3.03,-31.28,0.205
3.03,-31.26,0.205
3.03,-31.24,0.205
3.03,-31.22,0.205
3.04,-31.21,0.205
3.04,-31.19,0.205
3.04,-31.17,0.205
3.04,-31.16,0.205
3.04,-31.14,0.205
3.04,-31.12,0.205
3.04,-31.11,0.205
3.05,-31.09,0.205
3.05,-31.08,0.205
3.05,-31.06,0.205
3.05,-31.04,0.205
3.05,-31.03,0.205
3.06,-31.01,0.205
3.06,-30.99,0.205
3.06,-30.98,0.205
3.06,-30.96,0.205
3.06,-30.94,0.205
3.06,-30.92,0.205
3.06,-30.91,0.205
3.07,-30.89,0.205
3.07,-30.87,0.205
3.07,-30.86,0.205
3.07,-30.84,0.205
3.07,-30.83,0.205
3.08,-30.81,0.205
3.08,-30.79,0.205
3.08,-30.77,0.205
3.08,-30.76,0.205
3.08,-30.74,0.205
3.08,-30.73,0.205
3.09,-30.71,0.205
3.09,-30.69,0.205
3.09,-30.67,0.205
3.09,-30.66,0.205
3.09,-30.64,0.205
3.09,-30.62,0.205
3.09,-30.61,0.205
3.10,-30.59,0.205
3.10,-30.57,0.205
3.10,-30.56,0.205
3.10,-30.54,0.205
3.10,-30.53,0.205
3.11,-30.51,0.205
3.11,-30.49,0.205
3.11,-30.47,0.205
3.11,-30.46,0.205
3.11,-30.44,0.205
3.11,-30.42,0.205
3.11,-30.41,0.205
3.12,-30.39,0.205
3.12,-30.37,0.205
3.12,-30.36,0.205
3.12,-30.34,0.205
3.12,-30.33,0.205
3.13,-30.31,0.205
3.13,-30.29,0.205
3.13,-30.27,0.205
3.13,-30.26,0.205
3.13,-30.24,0.205
3.13,-30.22,0.205
3.14,-30.21,0.205
3.14,-30.19,0.205
3.14,-30.17,0.205
3.14,-30.16,0.205
3.14,-30.14,0.205
3.14,-30.12,0.205
3.14,-30.11,0.205
3.15,-30.09,0.205
3.15,-30.07,0.206
3.15,-30.06,0.206
3.15,-30.04,0.206
3.15,-30.02,0.206
3.16,-30.01,0.206
3.16,-29.99,0.206
3.16,-29.97,0.206
3.16,-29.96,0.206
3.16,-29.94,0.206
3.16,-29.92,0.206
3.16,-29.91,0.206
3.17,-29.89,0.206
3.17,-29.87,0.206
3.17,-29.86,0.206
3.17,-29.84,0.206
3.17,-29.82,0.206
3.18,-29.81,0.206
3.18,-29.79,0.206
3.18,-29.77,0.206
3.18,-29.76,0.206
3.18,-29.74,0.206
3.18,-29.72,0.206
3.19,-29.71,0.206
3.19,-29.69,0.206
3.19,-29.67,0.206
3.19,-29.66,0.206
3.19,-29.64,0.206
3.19,-29.62,0.206
3.19,-29.61,0.206
3.20,-29.59,0.206
3.20,-29.57,0.206
3.20,-29.56,0.206
3.20,-29.54,0.206
3.20,-29.52,0.206
3.21,-29.51,0.206
3.21,-29.49,0.206
3.21,-29.47,0.206
3.21,-29.46,0.206
3.21,-29.44,0.206
3.21,-29.42,0.206
3.21,-29.40,0.206
3.22,-29.39,0.206
3.22,-29.37,0.206
3.22,-29.36,0.206
3.22,-29.34,0.206
3.22,-29.32,0.206
3.23,-29.31,0.206
3.23,-29.29,0.206
3.23,-29.27,0.206
3.23,-29.26,0.206
3.23,-29.24,0.206
3.23,-29.22,0.206
3.24,-29.21,0.206
3.24,-29.19,0.206
3.24,-29.17,0.206
3.24,-29.16,0.206
3.24,-29.14,0.206
3.24,-29.12,0.206
3.24,-29.11,0.206
3.25,-29.09,0.206
3.25,-29.07,0.206
3.25,-29.06,0.206
3.25,-29.04,0.206
3.25,-29.02,0.206
3.26,-29.01,0.206
3.26,-28.99,0.206
3.26,-28.97,0.206
3.26,-28.96,0.206
3.26,-28.94,0.206
3.26,-28.92,0.206
3.26,-28.91,0.206
3.27,-28.89,0.206
3.27,-28.87,0.206
3.27,-28.86,0.206
3.27,-28.84,0.206
3.27,-28.82,0.206
3.28,-28.81,0.206
3.28,-28.79,0.206
3.28,-28.77,0.206
3.28,-28.76,0.206
3.28,-28.74,0.206
3.28,-28.72,0.206
3.29,-28.71,0.206
3.29,-28.69,0.206
3.29,-28.67,0.206
3.29,-28.66,0.206
3.29,-28.64,0.206
3.29,-28.62,0.206
3.29,-28.61,0.206
3.30,-28.59,0.206
3.30,-28.57,0.206
3.30,-28.56,0.206
3.30,-28.54,0.206
3.30,-28.52,0.206
3.31,-28.50,0.206
3.31,-28.49,0.206
3.31,-28.47,0.206
3.31,-28.46,0.206
3.31,-28.44,0.206
3.31,-28.42,0.206
3.31,-28.41,0.206
3.32,-28.39,0.206
3.32,-28.37,0.206
3.32,-28.36,0.206
3.32,-28.34,0.207
3.32,-28.32,0.207
3.33,-28.31,0.207
3.33,-28.29,0.207
3.33,-28.27,0.207
3.33,-28.26,0.207
3.33,-28.24,0.207
3.33,-28.22,0.207
3.34,-28.21,0.207
3.34,-28.19,0.207
3.34,-28.17,0.207
3.34,-28.16,0.207
3.34,-28.14,0.207
3.34,-28.12,0.207
3.34,-28.11,0.207
3.35,-28.09,0.207
3.35,-28.07,0.207
3.35,-28.05,0.207
3.35,-28.04,0.207
3.35,-28.02,0.207
3.36,-28.00,0.207
3.36,-27.99,0.207
3.36,-27.97,0.207
3.36,-27.96,0.207
3.36,-27.94,0.207
3.36,-27.92,0.207
3.36,-27.91,0.207
3.37,-27.89,0.207
3.37,-27.87,0.207
3.37,-27.85,0.207
3.37,-27.84,0.207
3.37,-27.82,0.207
3.38,-27.80,0.207
3.38,-27.79,0.207
3.38,-27.77,0.207
3.38,-27.75,0.207
3.38,-27.74,0.207
3.38,-27.72,0.207
3.39,-27.70,0.207
3.39,-27.69,0.207
3.39,-27.67,0.207
3.39,-27.65,0.207
3.39,-27.64,0.207
3.39,-27.62,0.207
3.39,-27.60,0.207
3.40,-27.59,0.207
3.40,-27.57,0.207
3.40,-27.56,0.207
3.40,-27.54,0.207
3.40,-27.52,0.207
3.41,-27.50,0.207
3.41,-27.49,0.207
3.41,-27.47,0.207
3.41,-27.45,0.207
3.41,-27.44,0.207
3.41,-27.42,0.207
3.41,-27.40,0.207
3.42,-27.39,0.207
3.42,-27.37,0.207
3.42,-27.35,0.207
3.42,-27.34,0.207
3.42,-27.32,0.207
3.43,-27.30,0.207
3.43,-27.29,0.207
3.43,-27.27,0.207
3.43,-27.25,0.207
3.43,-27.24,0.207
3.43,-27.22,0.207
3.44,-27.20,0.207
3.44,-27.19,0.207
3.44,-27.17,0.207
3.44,-27.15,0.207
3.44,-27.14,0.207
3.44,-27.12,0.207
3.44,-27.10,0.207
3.45,-27.09,0.207
3.45,-27.07,0.207
3.45,-27.05,0.207
3.45,-27.04,0.207
3.45,-27.02,0.207
3.46,-27.00,0.207
3.46,-26.99,0.207
3.46,-26.97,0.207
3.46,-26.95,0.207
3.46,-26.94,0.207
3.46,-26.92,0.207
3.46,-26.90,0.207
3.47,-26.89,0.207
3.47,-26.87,0.207
3.47,-26.85,0.207
3.47,-26.84,0.207
3.47,-26.82,0.207
3.48,-26.80,0.207
3.48,-26.79,0.207
3.48,-26.77,0.207
3.48,-26.75,0.207
3.48,-26.74,0.208
3.48,-26.72,0.208
3.49,-26.70,0.208
3.49,-26.69,0.208
3.49,-26.67,0.208
3.49,-26.65,0.208
3.49,-26.64,0.208
3.49,-26.62,0.208
3.49,-26.60,0.208
3.50,-26.59,0.208
3.50,-26.57,0.208
3.50,-26.55,0.208
3.50,-26.54,0.208
3.50,-26.52,0.208
3.51,-26.50,0.208
3.51,-26.48,0.208
3.51,-26.47,0.208
3.51,-26.45,0.208
3.51,-26.44,0.208
3.51,-26.42,0.208
3.51,-26.40,0.208
3.52,-26.39,0.208
3.52,-26.37,0.208
3.52,-26.35,0.208
3.52,-26.34,0.208
3.52,-26.32,0.208
3.53,-26.30,0.208
3.53,-26.28,0.208
3.53,-26.27,0.208
3.53,-26.25,0.208
3.53,-26.24,0.208
3.53,-26.22,0.208
3.54,-26.20,0.208
3.54,-26.19,0.208
3.54,-26.17,0.208
3.54,-26.15,0.208
3.54,-26.14,0.208
3.54,-26.12,0.208
3.54,-26.10,0.208
3.55,-26.09,0.208
3.55,-26.07,0.208
3.55,-26.05,0.208
3.55,-26.04,0.208
3.55,-26.02,0.208
3.56,-26.00,0.208
3.56,-25.99,0.208
3.56,-25.97,0.208
3.56,-25.95,0.208
3.56,-25.93,0.208
3.56,-25.92,0.208
3.56,-25.90,0.208
3.57,-25.89,0.208
3.57,-25.87,0.208
3.57,-25.85,0.208
3.57,-25.84,0.208
3.57,-25.82,0.208
3.58,-25.80,0.208
3.58,-25.79,0.208
3.58,-25.77,0.208
3.58,-25.75,0.208
3.58,-25.74,0.208
3.58,-25.72,0.208
3.59,-25.70,0.208
3.59,-25.69,0.208
3.59,-25.67,0.208
3.59,-25.65,0.208
3.59,-25.64,0.208
3.59,-25.62,0.208
3.59,-25.60,0.208
3.60,-25.58,0.208
3.60,-25.57,0.208
3.60,-25.55,0.208
3.60,-25.53,0.208
3.60,-25.52,0.208
3.61,-25.50,0.208
3.61,-25.48,0.208
3.61,-25.47,0.208
3.61,-25.45,0.208
3.61,-25.43,0.208
3.61,-25.42,0.208
3.61,-25.40,0.208
3.62,-25.38,0.208
3.62,-25.37,0.208
3.62,-25.35,0.208
3.62,-25.33,0.208
3.62,-25.32,0.208
3.63,-25.30,0.208
3.63,-25.28,0.208
3.63,-25.27,0.208
3.63,-25.25,0.208
3.63,-25.23,0.208
3.63,-25.22,0.208
3.64,-25.20,0.208
3.64,-25.18,0.208
3.64,-25.17,0.208
3.64,-25.15,0.208
3.64,-25.13,0.208
3.64,-25.12,0.208
3.64,-25.10,0.208
3.65,-25.08,0.208
3.65,-25.07,0.209
3.65,-25.05,0.209
3.65,-25.03,0.209
3.65,-25.02,0.209
3.66,-25.00,0.209
3.66,-24.98,0.209
3.66,-24.97,0.209
3.66,-24.95,0.209
3.66,-24.93,0.209
3.66,-24.92,0.209
3.66,-24.90,0.209
3.67,-24.88,0.209
3.67,-24.87,0.209
3.67,-24.85,0.209
3.67,-24.83,0.209
3.67,-24.82,0.209
3.68,-24.80,0.209
3.68,-24.78,0.209
3.68,-24.77,0.209
3.68,-24.75,0.209
3.68,-24.73,0.209
3.68,-24.72,0.209
3.69,-24.70,0.209
3.69,-24.68,0.209
3.69,-24.67,0.209
3.69,-24.65,0.209
3.69,-24.63,0.209
3.69,-24.62,0.209
3.69,-24.60,0.209
3.70,-24.58,0.209
3.70,-24.57,0.209
3.70,-24.55,0.209
3.70,-24.53,0.209
3.70,-24.52,0.209
3.71,-24.50,0.209
3.71,-24.48,0.209
3.71,-24.47,0.209
3.71,-24.45,0.209
3.71,-24.43,0.209
3.71,-24.42,0.209
3.71,-24.40,0.209
3.72,-24.38,0.209
3.72,-24.37,0.209
3.72,-24.35,0.209
3.72,-24.33,0.209
3.72,-24.32,0.209
3.73,-24.30,0.209
3.73,-24.28,0.209
3.73,-24.27,0.209
3.73,-24.25,0.209
3.73,-24.23,0.209
3.73,-24.22,0.209
3.74,-24.20,0.209
3.74,-24.18,0.209
3.74,-24.17,0.209
3.74,-24.15,0.209
3.74,-24.13,0.209
3.74,-24.12,0.209
3.74,-24.10,0.209
3.75,-24.08,0.209
3.75,-24.07,0.209
3.75,-24.05,0.209
3.75,-24.03,0.209
3.75,-24.02,0.209
3.76,-24.00,0.209
3.76,-23.98,0.209
3.76,-23.97,0.209
3.76,-23.95,0.209
3.76,-23.93,0.209
3.76,-23.92,0.209
3.76,-23.90,0.209
3.77,-23.88,0.209
3.77,-23.87,0.209
3.77,-23.85,0.209
3.77,-23.83,0.209
3.77,-23.82,0.209
3.78,-23.80,0.209
3.78,-23.78,0.209
3.78,-23.77,0.209
3.78,-23.75,0.209
3.78,-23.73,0.209
3.78,-23.72,0.209
3.79,-23.70,0.209
3.79,-23.68,0.209
3.79,-23.67,0.209
3.79,-23.65,0.209
3.79,-23.63,0.209
3.79,-23.61,0.209
3.79,-23.60,0.209
3.80,-23.58,0.209
3.80,-23.57,0.209
3.80,-23.55,0.209
3.80,-23.53,0.209
3.80,-23.52,0.209
3.81,-23.50,0.209
3.81,-23.48,0.209
3.81,-23.46,0.209
3.81,-23.45,0.209
3.81,-23.43,0.209
3.81,-23.41,0.209
3.81,-23.40,0.209
3.82,-23.38,0.209
3.82,-23.36,0.209
3.82,-23.35,0.209
3.82,-23.33,0.210
3.82,-23.32,0.210
3.83,-23.30,0.210
3.83,-23.28,0.210
3.83,-23.26,0.210
3.83,-23.25,0.210
3.83,-23.23,0.210
3.83,-23.21,0.210
3.84,-23.20,0.210
3.84,-23.18,0.210
3.84,-23.17,0.210
3.84,-23.15,0.210
3.84,-23.13,0.210
3.84,-23.11,0.210
3.84,-23.10,0.210
3.85,-23.08,0.210
3.85,-23.06,0.210
3.85,-23.05,0.210
3.85,-23.03,0.210
3.85,-23.01,0.210
3.86,-23.00,0.210
3.86,-22.98,0.210
3.86,-22.96,0.210
3.86,-22.95,0.210
3.86,-22.93,0.210
3.86,-22.91,0.210
3.86,-22.90,0.210
3.87,-22.88,0.210
3.87,-22.87,0.210
3.87,-22.85,0.210
3.87,-22.83,0.210
3.87,-22.81,0.210
3.88,-22.80,0.210
3.88,-22.78,0.210
3.88,-22.76,0.210
3.88,-22.75,0.210
3.88,-22.73,0.210
3.88,-22.71,0.210
3.89,-22.70,0.210
3.89,-22.68,0.210
3.89,-22.66,0.210
3.89,-22.65,0.210
3.89,-22.63,0.210
3.89,-22.61,0.210
3.89,-22.60,0.210
3.90,-22.58,0.210
3.90,-22.56,0.210
3.90,-22.55,0.210
3.90,-22.53,0.210
3.90,-22.51,0.210
3.91,-22.50,0.210
3.91,-22.48,0.210
3.91,-22.46,0.210
3.91,-22.45,0.210
3.91,-22.43,0.210
3.91,-22.41,0.210
3.91,-22.40,0.210
3.92,-22.38,0.210
3.92,-22.36,0.210
3.92,-22.35,0.210
3.92,-22.33,0.210
3.92,-22.31,0.210
3.93,-22.30,0.210
3.93,-22.28,0.210
3.93,-22.26,0.210
3.93,-22.25,0.210
3.93,-22.23,0.210
3.93,-22.21,0.210
3.94,-22.20,0.210
3.94,-22.18,0.210
3.94,-22.16,0.210
3.94,-22.15,0.210
3.94,-22.13,0.210
3.94,-22.11,0.210
3.94,-22.10,0.210
3.95,-22.08,0.210
3.95,-22.06,0.210
3.95,-22.05,0.210
3.95,-22.03,0.210
3.95,-22.01,0.210
3.96,-22.00,0.210
3.96,-21.98,0.210
3.96,-21.96,0.210
3.96,-21.94,0.210
3.96,-21.93,0.210
3.96,-21.91,0.210
3.96,-21.90,0.210
3.97,-21.88,0.210
3.97,-21.86,0.210
3.97,-21.85,0.210
3.97,-21.83,0.210
3.97,-21.81,0.210
3.98,-21.80,0.210
3.98,-21.78,0.210
3.98,-21.76,0.210
3.98,-21.75,0.211
3.98,-21.73,0.211
3.98,-21.71,0.211
3.99,-21.70,0.211
3.99,-21.68,0.211
3.99,-21.66,0.211
3.99,-21.65,0.211
3.99,-21.63,0.211
3.99,-21.61,0.211
3.99,-21.60,0.211
4.00,-21.58,0.211
4.00,-21.56,0.211
4.00,-21.55,0.211
4.00,-21.53,0.211
4.00,-21.51,0.211
4.01,-21.50,0.211
4.01,-21.48,0.211
4.01,-21.46,0.211
4.01,-21.45,0.211
4.01,-21.43,0.211
4.01,-21.41,0.211
4.01,-21.40,0.211
4.02,-21.38,0.211
4.02,-21.36,0.211
4.02,-21.35,0.211
4.02,-21.33,0.211
4.02,-21.31,0.211
4.03,-21.30,0.211
4.03,-21.28,0.211
4.03,-21.26,0.211
4.03,-21.25,0.211
4.03,-21.23,0.211
4.03,-21.21,0.211
4.04,-21.20,0.211
4.04,-21.18,0.211
4.04,-21.16,0.211
4.04,-21.14,0.211
4.04,-21.13,0.211
4.04,-21.11,0.211
4.04,-21.09,0.211
4.05,-21.08,0.211
4.05,-21.06,0.211
4.05,-21.05,0.211
4.05,-21.03,0.211
4.05,-21.01,0.211
4.06,-21.00,0.211
4.06,-20.98,0.211
4.06,-20.96,0.211
4.06,-20.94,0.211
4.06,-20.93,0.211
4.06,-20.91,0.211
4.06,-20.89,0.211
4.07,-20.88,0.211
4.07,-20.86,0.211
4.07,-20.85,0.211
4.07,-20.83,0.211
4.07,-20.81,0.211
4.08,-20.80,0.211
4.08,-20.78,0.211
4.08,-20.76,0.211
4.08,-20.75,0.211
4.08,-20.73,0.211
4.08,-20.71,0.211
4.09,-20.69,0.211
4.09,-20.68,0.211
4.09,-20.66,0.211
4.09,-20.64,0.211
4.09,-20.63,0.211
4.09,-20.61,0.211
4.09,-20.59,0.211
4.10,-20.58,0.211
4.10,-20.56,0.211
4.10,-20.54,0.211
4.10,-20.53,0.211
4.10,-20.51,0.211
4.11,-20.49,0.211
4.11,-20.48,0.211
4.11,-20.46,0.211
4.11,-20.44,0.211
4.11,-20.43,0.211
4.11,-20.41,0.211
4.11,-20.40,0.211
4.12,-20.38,0.211
4.12,-20.36,0.211
4.12,-20.34,0.211
4.12,-20.33,0.211
4.12,-20.31,0.211
4.13,-20.29,0.211
4.13,-20.28,0.211
4.13,-20.26,0.211
4.13,-20.24,0.211
4.13,-20.23,0.211
4.13,-20.21,0.211
4.14,-20.19,0.211
4.14,-20.18,0.211
4.14,-20.16,0.211
4.14,-20.14,0.211
4.14,-20.13,0.211
4.14,-20.11,0.211
4.14,-20.09,0.211
4.15,-20.08,0.211
4.15,-20.06,0.211
4.15,-20.04,0.211
4.15,-20.03,0.211
4.15,-20.01,0.212
4.16,-19.99,0.212
4.16,-19.98,0.212
4.16,-19.96,0.212
4.16,-19.94,0.212
4.16,-19.93,0.212
4.16,-19.91,0.212
4.16,-19.89,0.212
4.17,-19.88,0.212
4.17,-19.86,0.212
4.17,-19.84,0.212
4.17,-19.83,0.212
4.17,-19.81,0.212
4.18,-19.79,0.212
4.18,-19.78,0.212
4.18,-19.76,0.212
4.18,-19.74,0.212
4.18,-19.73,0.212
4.18,-19.71,0.212
4.19,-19.69,0.212
4.19,-19.68,0.212
4.19,-19.66,0.212
4.19,-19.64,0.212
4.19,-19.63,0.212
4.19,-19.61,0.212
4.19,-19.59,0.212
4.20,-19.58,0.212
4.20,-19.56,0.212
4.20,-19.54,0.212
4.20,-19.53,0.212
4.20,-19.51,0.212
4.21,-19.49,0.212
4.21,-19.48,0.212
4.21,-19.46,0.212
4.21,-19.44,0.212
4.21,-19.43,0.212
4.21,-19.41,0.212
4.21,-19.39,0.212
4.22,-19.38,0.212
4.22,-19.36,0.212
4.22,-19.34,0.212
4.22,-19.33,0.212
4.22,-19.31,0.212
4.23,-19.29,0.212
4.23,-19.28,0.212
4.23,-19.26,0.212
4.23,-19.24,0.212
4.23,-19.23,0.212
4.23,-19.21,0.212
4.24,-19.19,0.212
4.24,-19.18,0.212
4.24,-19.16,0.212
4.24,-19.14,0.212
4.24,-19.13,0.212
4.24,-19.11,0.212
4.24,-19.09,0.212
4.25,-19.08,0.212
4.25,-19.06,0.212
4.25,-19.04,0.212
4.25,-19.03,0.212
4.25,-19.01,0.212
4.26,-18.99,0.212
4.26,-18.98,0.212
4.26,-18.96,0.212
4.26,-18.94,0.212
4.26,-18.93,0.212
4.26,-18.91,0.212
4.26,-18.89,0.212
4.27,-18.88,0.212
4.27,-18.86,0.212
4.27,-18.84,0.212
4.27,-18.83,0.212
4.27,-18.81,0.212
4.28,-18.79,0.212
4.28,-18.78,0.212
4.28,-18.76,0.212
4.28,-18.74,0.212
4.28,-18.72,0.212
4.28,-18.71,0.212
4.29,-18.69,0.212
4.29,-18.67,0.212
4.29,-18.66,0.212
4.29,-18.64,0.212
4.29,-18.63,0.212
4.29,-18.61,0.212
4.30,-18.59,0.212
4.30,-18.58,0.212
4.30,-18.56,0.212
4.30,-18.54,0.212
4.30,-18.53,0.212
4.30,-18.51,0.212
4.30,-18.49,0.212
4.31,-18.47,0.212
4.31,-18.46,0.212
4.31,-18.44,0.212
4.31,-18.43,0.213
4.31,-18.41,0.213
4.31,-18.39,0.213
4.32,-18.37,0.213
4.32,-18.36,0.213
4.32,-18.34,0.213
4.32,-18.33,0.213
4.32,-18.31,0.213
4.33,-18.29,0.213
4.33,-18.27,0.213
4.33,-18.26,0.213
4.33,-18.24,0.213
4.33,-18.22,0.213
4.33,-18.21,0.213
4.34,-18.19,0.213
4.34,-18.17,0.213
4.34,-18.16,0.213
4.34,-18.14,0.213
4.34,-18.12,0.213
4.34,-18.11,0.213
4.35,-18.09,0.213
4.35,-18.08,0.213
4.35,-18.06,0.213
4.35,-18.04,0.213
4.35,-18.03,0.213
4.35,-18.01,0.213
4.35,-17.99,0.213
4.36,-17.97,0.213
4.36,-17.96,0.213
4.36,-17.94,0.213
4.36,-17.92,0.213
4.36,-17.91,0.213
4.36,-17.89,0.213
4.37,-17.87,0.213
4.37,-17.86,0.213
4.37,-17.84,0.213
4.37,-17.82,0.213
4.37,-17.81,0.213
4.38,-17.79,0.213
4.38,-17.77,0.213
4.38,-17.76,0.213
4.38,-17.74,0.213
4.38,-17.72,0.213
4.38,-17.71,0.213
4.39,-17.69,0.213
4.39,-17.67,0.213
4.39,-17.66,0.213
4.39,-17.64,0.213
4.39,-17.62,0.213
4.39,-17.61,0.213
4.40,-17.59,0.213
4.40,-17.57,0.213
4.40,-17.56,0.213
4.40,-17.54,0.213
4.40,-17.52,0.213
4.40,-17.51,0.213
4.40,-17.49,0.213
4.41,-17.47,0.213
4.41,-17.46,0.213
4.41,-17.44,0.213
4.41,-17.42,0.213
4.41,-17.41,0.213
4.41,-17.39,0.213
4.42,-17.37,0.213
4.42,-17.36,0.213
4.42,-17.34,0.213
4.42,-17.32,0.213
4.42,-17.31,0.213
4.43,-17.29,0.213
4.43,-17.27,0.213
4.43,-17.26,0.213
4.43,-17.24,0.213
4.43,-17.22,0.213
4.43,-17.21,0.213
4.44,-17.19,0.213
4.44,-17.17,0.213
4.44,-17.16,0.213
4.44,-17.14,0.213
4.44,-17.12,0.213
4.44,-17.11,0.213
4.45,-17.09,0.213
4.45,-17.07,0.213
4.45,-17.06,0.213
4.45,-17.04,0.213
4.45,-17.02,0.213
4.45,-17.01,0.213
4.45,-16.99,0.213
4.46,-16.97,0.213
4.46,-16.96,0.213
4.46,-16.94,0.213
4.46,-16.92,0.213
4.46,-16.91,0.213
4.46,-16.89,0.213
4.47,-16.87,0.213
4.47,-16.86,0.214
4.47,-16.84,0.214
4.47,-16.82,0.214
4.47,-16.81,0.214
4.48,-16.79,0.214
4.48,-16.77,0.214
4.48,-16.76,0.214
4.48,-16.74,0.214
4.48,-16.72,0.214
4.48,-16.71,0.214
4.49,-16.69,0.214
4.49,-16.67,0.214
4.49,-16.66,0.214
4.49,-16.64,0.214
4.49,-16.62,0.214
4.49,-16.61,0.214
4.50,-16.59,0.214
4.50,-16.57,0.214
4.50,-16.56,0.214
4.50,-16.54,0.214
4.50,-16.52,0.214
4.50,-16.51,0.214
4.50,-16.49,0.214
4.51,-16.47,0.214
4.51,-16.46,0.214
4.51,-16.44,0.214
4.51,-16.42,0.214
4.51,-16.41,0.214
4.51,-16.39,0.214
4.52,-16.37,0.214
4.52,-16.36,0.214
4.52,-16.34,0.214
4.52,-16.32,0.214
4.52,-16.31,0.214
4.53,-16.29,0.214
4.53,-16.27,0.214
4.53,-16.26,0.214
4.53,-16.24,0.214
4.53,-16.22,0.214
4.53,-16.21,0.214
4.54,-16.19,0.214
4.54,-16.17,0.214
4.54,-16.16,0.214
4.54,-16.14,0.214
4.54,-16.12,0.214
4.54,-16.11,0.214
4.55,-16.09,0.214
4.55,-16.07,0.214
4.55,-16.06,0.214
4.55,-16.04,0.214
4.55,-16.02,0.214
4.55,-16.01,0.214
4.55,-15.99,0.214
4.56,-15.97,0.214
4.56,-15.96,0.214
4.56,-15.94,0.214
4.56,-15.92,0.214
4.56,-15.91,0.214
4.56,-15.89,0.214
4.57,-15.87,0.214
4.57,-15.86,0.214
4.57,-15.84,0.214
4.57,-15.82,0.214
4.57,-15.81,0.214
4.58,-15.79,0.214
4.58,-15.77,0.214
4.58,-15.75,0.214
4.58,-15.74,0.214
4.58,-15.72,0.214
4.58,-15.70,0.214
4.59,-15.69,0.214
4.59,-15.67,0.214
4.59,-15.65,0.214
4.59,-15.64,0.214
4.59,-15.62,0.214
4.59,-15.60,0.214
4.60,-15.59,0.214
4.60,-15.57,0.214
4.60,-15.55,0.214
4.60,-15.54,0.214
4.60,-15.52,0.214
4.60,-15.51,0.214
4.60,-15.49,0.214
4.61,-15.47,0.214
4.61,-15.45,0.214
4.61,-15.44,0.214
4.61,-15.42,0.214
4.61,-15.40,0.214
4.61,-15.39,0.214
4.62,-15.37,0.214
4.62,-15.35,0.214
4.62,-15.34,0.214
4.62,-15.32,0.214
4.62,-15.30,0.214
4.63,-15.29,0.214
4.63,-15.27,0.214
4.63,-15.25,0.214
4.63,-15.24,0.214
4.63,-15.22,0.214
4.63,-15.20,0.214
4.64,-15.19,0.214
4.64,-15.17,0.214
4.64,-15.15,0.214
4.64,-15.14,0.214
4.64,-15.12,0.215
4.64,-15.10,0.215
4.65,-15.09,0.215
4.65,-15.07,0.215
4.65,-15.05,0.215
4.65,-15.04,0.215
4.65,-15.02,0.215
4.65,-15.00,0.215
4.65,-14.99,0.215
4.66,-14.97,0.215
4.66,-14.95,0.215
4.66,-14.94,0.215
4.66,-14.92,0.215
4.66,-14.90,0.215
4.66,-14.89,0.215
4.67,-14.87,0.215
4.67,-14.85,0.215
4.67,-14.84,0.215
4.67,-14.82,0.215
4.67,-14.80,0.215
4.68,-14.79,0.215
4.68,-14.77,0.215
4.68,-14.75,0.215
4.68,-14.74,0.215
4.68,-14.72,0.215
4.68,-14.70,0.215
4.69,-14.69,0.215
4.69,-14.67,0.215
4.69,-14.65,0.215
4.69,-14.64,0.215
4.69,-14.62,0.215
4.69,-14.60,0.215
4.70,-14.59,0.215
4.70,-14.57,0.215
4.70,-14.55,0.215
4.70,-14.54,0.215
4.70,-14.52,0.215
4.70,-14.50,0.215
4.70,-14.49,0.215
4.71,-14.47,0.215
4.71,-14.45,0.215
4.71,-14.44,0.215
4.71,-14.42,0.215
4.71,-14.40,0.215
4.71,-14.39,0.215
4.72,-14.37,0.215
4.72,-14.35,0.215
4.72,-14.34,0.215
4.72,-14.32,0.215
4.72,-14.30,0.215
4.73,-14.29,0.215
4.73,-14.27,0.215
4.73,-14.25,0.215
4.73,-14.24,0.215
4.73,-14.22,0.215
4.73,-14.20,0.215
4.74,-14.19,0.215
4.74,-14.17,0.215
4.74,-14.15,0.215
4.74,-14.14,0.215
4.74,-14.12,0.215
4.74,-14.10,0.215
4.75,-14.09,0.215
4.75,-14.07,0.215
4.75,-14.05,0.215
4.75,-14.04,0.215
4.75,-14.02,0.215
4.75,-14.00,0.215
4.75,-13.99,0.215
4.76,-13.97,0.215
4.76,-13.95,0.215
4.76,-13.94,0.215
4.76,-13.92,0.215
4.76,-13.90,0.215
4.76,-13.89,0.215
4.77,-13.87,0.215
4.77,-13.85,0.215
4.77,-13.84,0.215
4.77,-13.82,0.215
4.77,-13.80,0.215
4.78,-13.79,0.215
4.78,-13.77,0.215
4.78,-13.75,0.215
4.78,-13.74,0.215
4.78,-13.72,0.215
4.78,-13.70,0.215
4.79,-13.69,0.215
4.79,-13.67,0.215
4.79,-13.65,0.215
4.79,-13.64,0.215
4.79,-13.62,0.215
4.79,-13.60,0.215
4.80,-13.59,0.215
4.80,-13.57,0.215
4.80,-13.55,0.215
4.80,-13.54,0.215
4.80,-13.52,0.215
4.80,-13.50,0.215
4.80,-13.49,0.216
4.81,-13.47,0.216
4.81,-13.45,0.216
4.81,-13.44,0.216
4.81,-13.42,0.216
4.81,-13.40,0.216
4.81,-13.38,0.216
4.82,-13.37,0.216
4.82,-13.35,0.216
4.82,-13.33,0.216
4.82,-13.32,0.216
4.82,-13.30,0.216
4.83,-13.29,0.216
4.83,-13.27,0.216
4.83,-13.25,0.216
4.83,-13.23,0.216
4.83,-13.22,0.216
4.83,-13.20,0.216
4.84,-13.19,0.216
4.84,-13.17,0.216
4.84,-13.15,0.216
4.84,-13.14,0.216
4.84,-13.12,0.216
4.84,-13.10,0.216
4.85,-13.08,0.216
4.85,-13.07,0.216
4.85,-13.05,0.216
4.85,-13.03,0.216
4.85,-13.02,0.216
4.85,-13.00,0.216
4.85,-12.99,0.216
4.86,-12.97,0.216
4.86,-12.95,0.216
4.86,-12.94,0.216
4.86,-12.92,0.216
4.86,-12.90,0.216
4.86,-12.89,0.216
4.87,-12.87,0.216
4.87,-12.85,0.216
4.87,-12.83,0.216
4.87,-12.82,0.216
4.87,-12.80,0.216
4.88,-12.78,0.216
4.88,-12.77,0.216
4.88,-12.75,0.216
4.88,-12.73,0.216
4.88,-12.72,0.216
4.88,-12.70,0.216
4.89,-12.68,0.216
4.89,-12.67,0.216
4.89,-12.65,0.216
4.89,-12.64,0.216
4.89,-12.62,0.216
4.89,-12.60,0.216
4.90,-12.58,0.216
4.90,-12.57,0.216
4.90,-12.55,0.216
4.90,-12.53,0.216
4.90,-12.52,0.216
4.90,-12.50,0.216
4.90,-12.49,0.216
4.91,-12.47,0.216
4.91,-12.45,0.216
4.91,-12.43,0.216
4.91,-12.42,0.216
4.91,-12.40,0.216
4.91,-12.38,0.216
4.92,-12.37,0.216
4.92,-12.35,0.216
4.92,-12.33,0.216
4.92,-12.32,0.216
4.92,-12.30,0.216
4.93,-12.28,0.216
4.93,-12.27,0.216
4.93,-12.25,0.216
4.93,-12.23,0.216
4.93,-12.22,0.216
4.93,-12.20,0.216
4.94,-12.18,0.216
4.94,-12.17,0.216
4.94,-12.15,0.216
4.94,-12.13,0.216
4.94,-12.12,0.216
4.94,-12.10,0.216
4.95,-12.08,0.216
4.95,-12.07,0.216
4.95,-12.05,0.217
4.95,-12.03,0.217
4.95,-12.02,0.217
4.95,-12.00,0.217
4.95,-11.99,0.217
4.96,-11.97,0.217
4.96,-11.95,0.217
4.96,-11.93,0.217
4.96,-11.92,0.217
4.96,-11.90,0.217
4.96,-11.88,0.217
4.97,-11.87,0.217
4.97,-11.85,0.217
4.97,-11.83,0.217
4.97,-11.82,0.217
4.97,-11.80,0.217
4.98,-11.78,0.217
4.98,-11.77,0.217
4.98,-11.75,0.217
4.98,-11.73,0.217
4.98,-11.72,0.217
4.98,-11.70,0.217
4.99,-11.68,0.217
4.99,-11.67,0.217
4.99,-11.65,0.217
4.99,-11.64,0.217
4.99,-11.62,0.217
4.99,-11.60,0.217
5.00,-11.58,0.217
5.00,-11.57,0.217
5.00,-11.55,0.217
5.00,-11.54,0.217
5.00,-11.52,0.217
5.00,-11.50,0.217
5.00,-11.48,0.217
5.01,-11.47,0.217
5.01,-11.45,0.217
5.01,-11.43,0.217
5.01,-11.42,0.217
5.01,-11.40,0.217
5.01,-11.38,0.217
5.02,-11.37,0.217
5.02,-11.35,0.217
5.02,-11.33,0.217
5.02,-11.32,0.217
5.02,-11.30,0.217
5.03,-11.28,0.217
5.03,-11.27,0.217
5.03,-11.25,0.217
5.03,-11.23,0.217
5.03,-11.22,0.217
5.03,-11.20,0.217
5.04,-11.18,0.217
5.04,-11.17,0.217
5.04,-11.15,0.217
5.04,-11.13,0.217
5.04,-11.12,0.217
5.04,-11.10,0.217
5.05,-11.08,0.217
5.05,-11.07,0.217
5.05,-11.05,0.217
5.05,-11.03,0.217
5.05,-11.02,0.217
5.05,-11.00,0.217
5.05,-10.98,0.217
5.06,-10.97,0.217
5.06,-10.95,0.217
5.06,-10.93,0.217
5.06,-10.92,0.217
5.06,-10.90,0.217
5.06,-10.88,0.217
5.07,-10.87,0.217
5.07,-10.85,0.217
5.07,-10.83,0.217
5.07,-10.82,0.217
5.07,-10.80,0.217
5.08,-10.78,0.217
5.08,-10.77,0.217
5.08,-10.75,0.217
5.08,-10.73,0.217
5.08,-10.72,0.217
5.08,-10.70,0.217
5.09,-10.68,0.217
5.09,-10.67,0.217
5.09,-10.65,0.218
5.09,-10.63,0.218
5.09,-10.62,0.218
5.09,-10.60,0.218
5.10,-10.58,0.218
5.10,-10.57,0.218
5.10,-10.55,0.218
5.10,-10.53,0.218
5.10,-10.52,0.218
5.10,-10.50,0.218
5.10,-10.48,0.218
5.11,-10.47,0.218
5.11,-10.45,0.218
5.11,-10.43,0.218
5.11,-10.42,0.218
5.11,-10.40,0.218
5.11,-10.38,0.218
5.12,-10.37,0.218
5.12,-10.35,0.218
5.12,-10.33,0.218
5.12,-10.32,0.218
5.12,-10.30,0.218
5.13,-10.28,0.218
5.13,-10.27,0.218
5.13,-10.25,0.218
5.13,-10.23,0.218
5.13,-10.22,0.218
5.13,-10.20,0.218
5.14,-10.18,0.218
5.14,-10.17,0.218
5.14,-10.15,0.218
5.14,-10.13,0.218
5.14,-10.12,0.218
5.14,-10.10,0.218
5.15,-10.08,0.218
5.15,-10.07,0.218
5.15,-10.05,0.218
5.15,-10.03,0.218
5.15,-10.02,0.218
5.15,-10.00,0.218
5.15,-9.98,0.218
5.16,-9.97,0.218
5.16,-9.95,0.218
5.16,-9.93,0.218
5.16,-9.92,0.218
5.16,-9.90,0.218
5.16,-9.88,0.218
5.17,-9.87,0.218
5.17,-9.85,0.218
5.17,-9.83,0.218
5.17,-9.82,0.218
5.17,-9.80,0.218
5.18,-9.78,0.218
5.18,-9.77,0.218
5.18,-9.75,0.218
5.18,-9.73,0.218
5.18,-9.72,0.218
5.18,-9.70,0.218
5.19,-9.68,0.218
5.19,-9.67,0.218
5.19,-9.65,0.218
5.19,-9.63,0.218
5.19,-9.62,0.218
5.19,-9.60,0.218
5.20,-9.58,0.218
5.20,-9.57,0.218
5.20,-9.55,0.218
5.20,-9.53,0.218
5.20,-9.52,0.218
5.20,-9.50,0.218
5.20,-9.48,0.219
5.21,-9.47,0.219
5.21,-9.45,0.219
5.21,-9.43,0.219
5.21,-9.42,0.219
5.21,-9.40,0.219
5.21,-9.38,0.219
5.22,-9.37,0.219
5.22,-9.35,0.219
5.22,-9.33,0.219
5.22,-9.31,0.219
5.22,-9.30,0.219
5.23,-9.28,0.219
5.23,-9.27,0.219
5.23,-9.25,0.219
5.23,-9.23,0.219
5.23,-9.21,0.219
5.23,-9.20,0.219
5.24,-9.18,0.219
5.24,-9.16,0.219
5.24,-9.15,0.219
5.24,-9.13,0.219
5.24,-9.12,0.219
5.24,-9.10,0.219
5.25,-9.08,0.219
5.25,-9.07,0.219
5.25,-9.05,0.219
5.25,-9.03,0.219
5.25,-9.02,0.219
5.25,-9.00,0.219
5.25,-8.98,0.219
5.26,-8.96,0.219
5.26,-8.95,0.219
5.26,-8.93,0.219
5.26,-8.91,0.219
5.26,-8.90,0.219
5.26,-8.88,0.219
5.27,-8.87,0.219
5.27,-8.85,0.219
5.27,-8.83,0.219
5.27,-8.82,0.219
5.27,-8.80,0.219
5.28,-8.78,0.219
5.28,-8.76,0.219
5.28,-8.75,0.219
5.28,-8.73,0.219
5.28,-8.71,0.219
5.28,-8.70,0.219
5.29,-8.68,0.219
5.29,-8.66,0.219
5.29,-8.65,0.219
5.29,-8.63,0.219
5.29,-8.62,0.219
5.29,-8.60,0.219
5.30,-8.58,0.219
5.30,-8.56,0.219
5.30,-8.55,0.219
5.30,-8.53,0.219
5.30,-8.51,0.219
5.30,-8.50,0.219
5.30,-8.48,0.219
5.31,-8.46,0.219
5.31,-8.45,0.219
5.31,-8.43,0.219
5.31,-8.41,0.219
5.31,-8.40,0.219
5.31,-8.38,0.219
5.32,-8.36,0.219
5.32,-8.35,0.219
5.32,-8.33,0.219
5.32,-8.31,0.219
5.32,-8.30,0.219
5.33,-8.28,0.219
5.33,-8.26,0.219
5.33,-8.25,0.219
5.33,-8.23,0.219
5.33,-8.21,0.219
5.33,-8.20,0.219
5.34,-8.18,0.219
5.34,-8.16,0.219
5.34,-8.15,0.219
5.34,-8.13,0.219
5.34,-8.11,0.219
5.34,-8.10,0.219
5.35,-8.08,0.219
5.35,-8.06,0.219
5.35,-8.05,0.219
5.35,-8.03,0.219
5.35,-8.01,0.219
5.35,-8.00,0.219
5.35,-7.98,0.219
5.36,-7.96,0.219
5.36,-7.95,0.219
5.36,-7.93,0.220
5.36,-7.91,0.220
5.36,-7.90,0.220
5.36,-7.88,0.220
5.37,-7.86,0.220
5.37,-7.85,0.220
5.37,-7.83,0.220
5.37,-7.81,0.220
5.37,-7.80,0.220
5.38,-7.78,0.220
5.38,-7.76,0.220
5.38,-7.75,0.220
5.38,-7.73,0.220
5.38,-7.71,0.220
5.38,-7.70,0.220
5.39,-7.68,0.220
5.39,-7.66,0.220
5.39,-7.65,0.220
5.39,-7.63,0.220
5.39,-7.61,0.220
5.39,-7.60,0.220
5.40,-7.58,0.220
5.40,-7.56,0.220
5.40,-7.55,0.220
5.40,-7.53,0.220
5.40,-7.51,0.220
5.40,-7.50,0.220
5.40,-7.48,0.220
5.41,-7.46,0.220
5.41,-7.45,0.220
5.41,-7.43,0.220
5.41,-7.41,0.220
5.41,-7.40,0.220
5.41,-7.38,0.220
5.42,-7.36,0.220
5.42,-7.35,0.220
5.42,-7.33,0.220
5.42,-7.31,0.220
5.42,-7.29,0.220
5.43,-7.28,0.220
5.43,-7.26,0.220
5.43,-7.25,0.220
5.43,-7.23,0.220
5.43,-7.21,0.220
5.43,-7.20,0.220
5.44,-7.18,0.220
5.44,-7.16,0.220
5.44,-7.15,0.220
5.44,-7.13,0.220
5.44,-7.11,0.220
5.44,-7.10,0.220
5.45,-7.08,0.220
5.45,-7.06,0.220
5.45,-7.04,0.220
5.45,-7.03,0.220
5.45,-7.01,0.220
5.45,-7.00,0.220
5.45,-6.98,0.220
5.46,-6.96,0.220
5.46,-6.95,0.220
5.46,-6.93,0.220
5.46,-6.91,0.220
5.46,-6.90,0.220
5.46,-6.88,0.220
5.47,-6.86,0.220
5.47,-6.84,0.220
5.47,-6.83,0.220
5.47,-6.81,0.220
5.47,-6.79,0.220
5.48,-6.78,0.220
5.48,-6.76,0.220
5.48,-6.75,0.220
5.48,-6.73,0.220
5.48,-6.71,0.220
5.48,-6.69,0.220
5.49,-6.68,0.220
5.49,-6.66,0.220
5.49,-6.64,0.220
5.49,-6.63,0.220
5.49,-6.61,0.220
5.49,-6.60,0.220
5.50,-6.58,0.220
5.50,-6.56,0.220
5.50,-6.54,0.220
5.50,-6.53,0.220
5.50,-6.51,0.220
5.50,-6.50,0.220
5.50,-6.48,0.220
5.51,-6.46,0.220
5.51,-6.45,0.221
5.51,-6.43,0.221
5.51,-6.41,0.221
5.51,-6.40,0.221
5.51,-6.38,0.221
5.52,-6.36,0.221
5.52,-6.35,0.221
5.52,-6.33,0.221
5.52,-6.31,0.221
5.52,-6.29,0.221
5.53,-6.28,0.221
5.53,-6.26,0.221
5.53,-6.24,0.221
5.53,-6.23,0.221
5.53,-6.21,0.221
5.53,-6.19,0.221
5.54,-6.18,0.221
5.54,-6.16,0.221
5.54,-6.14,0.221
5.54,-6.13,0.221
5.54,-6.11,0.221
5.54,-6.10,0.221
5.55,-6.08,0.221
5.55,-6.06,0.221
5.55,-6.04,0.221
5.55,-6.03,0.221
5.55,-6.01,0.221
5.55,-5.99,0.221
5.55,-5.98,0.221
5.56,-5.96,0.221
5.56,-5.94,0.221
5.56,-5.93,0.221
5.56,-5.91,0.221
5.56,-5.89,0.221
5.56,-5.88,0.221
5.57,-5.86,0.221
5.57,-5.84,0.221
5.57,-5.83,0.221
5.57,-5.81,0.221
5.57,-5.79,0.221
5.58,-5.78,0.221
5.58,-5.76,0.221
5.58,-5.74,0.221
5.58,-5.73,0.221
5.58,-5.71,0.221
5.58,-5.69,0.221
5.59,-5.68,0.221
5.59,-5.66,0.221
5.59,-5.64,0.221
5.59,-5.63,0.221
5.59,-5.61,0.221
5.59,-5.59,0.221
5.60,-5.58,0.221
5.60,-5.56,0.221
5.60,-5.54,0.221
5.60,-5.53,0.221
5.60,-5.51,0.221
5.60,-5.49,0.221
5.60,-5.48,0.221
5.61,-5.46,0.221
5.61,-5.44,0.221
5.61,-5.43,0.221
5.61,-5.41,0.221
5.61,-5.39,0.221
5.61,-5.38,0.221
5.62,-5.36,0.221
5.62,-5.34,0.221
5.62,-5.33,0.221
5.62,-5.31,0.221
5.62,-5.29,0.221
5.63,-5.28,0.221
5.63,-5.26,0.221
5.63,-5.24,0.221
5.63,-5.23,0.221
5.63,-5.21,0.221
5.63,-5.19,0.221
5.64,-5.18,0.221
5.64,-5.16,0.221
5.64,-5.14,0.221
5.64,-5.13,0.221
5.64,-5.11,0.221
5.64,-5.09,0.221
5.65,-5.08,0.221
5.65,-5.06,0.221
5.65,-5.04,0.221
5.65,-5.03,0.221
5.65,-5.01,0.221
5.65,-4.99,0.222
5.65,-4.98,0.222
5.66,-4.96,0.222
5.66,-4.94,0.222
5.66,-4.93,0.222
5.66,-4.91,0.222
5.66,-4.89,0.222
5.66,-4.88,0.222
5.67,-4.86,0.222
5.67,-4.84,0.222
5.67,-4.83,0.222
5.67,-4.81,0.222
5.67,-4.79,0.222
5.68,-4.78,0.222
5.68,-4.76,0.222
5.68,-4.74,0.222
5.68,-4.73,0.222
5.68,-4.71,0.222
5.68,-4.69,0.222
5.69,-4.68,0.222
5.69,-4.66,0.222
5.69,-4.64,0.222
5.69,-4.63,0.222
5.69,-4.61,0.222
5.69,-4.59,0.222
5.70,-4.58,0.222
5.70,-4.56,0.222
5.70,-4.54,0.222
5.70,-4.53,0.222
5.70,-4.51,0.222
5.70,-4.49,0.222
5.70,-4.48,0.222
5.71,-4.46,0.222
5.71,-4.44,0.222
5.71,-4.43,0.222
5.71,-4.41,0.222
5.71,-4.39,0.222
5.71,-4.38,0.222
5.72,-4.36,0.222
5.72,-4.34,0.222
5.72,-4.33,0.222
5.72,-4.31,0.222
5.72,-4.29,0.222
5.73,-4.27,0.222
5.73,-4.26,0.222
5.73,-4.24,0.222
5.73,-4.23,0.222
5.73,-4.21,0.222
5.73,-4.19,0.222
5.74,-4.18,0.222
5.74,-4.16,0.222
5.74,-4.14,0.222
5.74,-4.12,0.222
5.74,-4.11,0.222
5.74,-4.09,0.222
5.75,-4.08,0.222
5.75,-4.06,0.222
5.75,-4.04,0.222
5.75,-4.03,0.222
5.75,-4.01,0.222
5.75,-3.99,0.222
5.75,-3.98,0.222
5.76,-3.96,0.222
5.76,-3.94,0.222
5.76,-3.93,0.222
5.76,-3.91,0.222
5.76,-3.89,0.222
5.76,-3.87,0.222
5.77,-3.86,0.222
5.77,-3.84,0.222
5.77,-3.82,0.222
5.77,-3.81,0.222
5.77,-3.79,0.222
5.78,-3.77,0.222
5.78,-3.76,0.222
5.78,-3.74,0.222
5.78,-3.72,0.222
5.78,-3.71,0.223
5.78,-3.69,0.223
5.79,-3.67,0.223
5.79,-3.66,0.223
5.79,-3.64,0.223
5.79,-3.62,0.223
5.79,-3.61,0.223
5.79,-3.59,0.223
5.80,-3.57,0.223
5.80,-3.56,0.223
5.80,-3.54,0.223
5.80,-3.52,0.223
5.80,-3.51,0.223
5.80,-3.49,0.223
5.80,-3.47,0.223
5.81,-3.46,0.223
5.81,-3.44,0.223
5.81,-3.42,0.223
5.81,-3.41,0.223
5.81,-3.39,0.223
5.81,-3.38,0.223
5.82,-3.36,0.223
5.82,-3.34,0.223
5.82,-3.32,0.223
5.82,-3.31,0.223
5.82,-3.29,0.223
5.83,-3.27,0.223
5.83,-3.26,0.223
5.83,-3.24,0.223
5.83,-3.22,0.223
5.83,-3.21,0.223
5.83,-3.19,0.223
5.84,-3.17,0.223
5.84,-3.16,0.223
5.84,-3.14,0.223
5.84,-3.12,0.223
5.84,-3.11,0.223
5.84,-3.09,0.223
5.85,-3.07,0.223
5.85,-3.06,0.223
5.85,-3.04,0.223
5.85,-3.02,0.223
5.85,-3.01,0.223
5.85,-2.99,0.223
5.85,-2.97,0.223
5.86,-2.96,0.223
5.86,-2.94,0.223
5.86,-2.92,0.223
5.86,-2.91,0.223
5.86,-2.89,0.223
5.86,-2.87,0.223
5.87,-2.86,0.223
5.87,-2.84,0.223
5.87,-2.82,0.223
5.87,-2.81,0.223
5.87,-2.79,0.223
5.88,-2.77,0.223
5.88,-2.76,0.223
5.88,-2.74,0.223
5.88,-2.72,0.223
5.88,-2.71,0.223
5.88,-2.69,0.223
5.89,-2.67,0.223
5.89,-2.66,0.223
5.89,-2.64,0.223
5.89,-2.62,0.223
5.89,-2.61,0.223
5.89,-2.59,0.223
5.90,-2.57,0.223
5.90,-2.56,0.223
5.90,-2.54,0.223
5.90,-2.52,0.223
5.90,-2.51,0.223
5.90,-2.49,0.223
5.90,-2.47,0.223
5.91,-2.46,0.223
5.91,-2.44,0.223
5.91,-2.42,0.223
5.91,-2.41,0.223
5.91,-2.39,0.224
5.91,-2.37,0.224
5.92,-2.36,0.224
5.92,-2.34,0.224
5.92,-2.32,0.224
5.92,-2.31,0.224
5.92,-2.29,0.224
5.93,-2.27,0.224
5.93,-2.26,0.224
5.93,-2.24,0.224
5.93,-2.22,0.224
5.93,-2.21,0.224
5.93,-2.19,0.224
5.94,-2.17,0.224
5.94,-2.16,0.224
5.94,-2.14,0.224
5.94,-2.12,0.224
5.94,-2.11,0.224
5.94,-2.09,0.224
5.95,-2.07,0.224
5.95,-2.05,0.224
5.95,-2.04,0.224
5.95,-2.02,0.224
5.95,-2.01,0.224
5.95,-1.99,0.224
5.95,-1.97,0.224
5.96,-1.96,0.224
5.96,-1.94,0.224
5.96,-1.92,0.224
5.96,-1.90,0.224
5.96,-1.89,0.224
5.96,-1.87,0.224
5.97,-1.85,0.224
5.97,-1.84,0.224
5.97,-1.82,0.224
5.97,-1.80,0.224
5.97,-1.79,0.224
5.98,-1.77,0.224
5.98,-1.76,0.224
5.98,-1.74,0.224
5.98,-1.72,0.224
5.98,-1.71,0.224
5.98,-1.69,0.224
5.99,-1.67,0.224
5.99,-1.66,0.224
5.99,-1.64,0.224
5.99,-1.62,0.224
5.99,-1.61,0.224
5.99,-1.59,0.224
6.00,-1.57,0.224
6.00,-1.56,0.224
6.00,-1.54,0.224
6.00,-1.52,0.224
6.00,-1.51,0.224
6.00,-1.49,0.224
6.00,-1.47,0.224
6.01,-1.45,0.224
6.01,-1.44,0.224
6.01,-1.42,0.224
6.01,-1.41,0.224
6.01,-1.39,0.224
6.01,-1.37,0.224
6.02,-1.35,0.224
6.02,-1.34,0.224
6.02,-1.32,0.224
6.02,-1.31,0.224
6.02,-1.29,0.224
6.03,-1.27,0.224
6.03,-1.26,0.224
6.03,-1.24,0.224
6.03,-1.22,0.224
6.03,-1.20,0.224
6.03,-1.19,0.224
6.04,-1.17,0.224
6.04,-1.15,0.224
6.04,-1.14,0.224
6.04,-1.12,0.224
6.04,-1.10,0.224
6.04,-1.09,0.224
6.05,-1.07,0.224
6.05,-1.06,0.224
6.05,-1.04,0.224
6.05,-1.02,0.224
6.05,-1.00,0.224
6.05,-0.99,0.224
6.05,-0.97,0.224
6.06,-0.95,0.224
6.06,-0.94,0.224
6.06,-0.92,0.224
6.06,-0.90,0.224
6.06,-0.89,0.225
6.06,-0.87,0.225
6.07,-0.85,0.225
6.07,-0.84,0.225
6.07,-0.82,0.225
6.07,-0.80,0.225
6.07,-0.79,0.225
6.08,-0.77,0.225
6.08,-0.75,0.225
6.08,-0.74,0.225
6.08,-0.72,0.225
6.08,-0.70,0.225
6.08,-0.69,0.225
6.09,-0.67,0.225
6.09,-0.65,0.225
6.09,-0.64,0.225
6.09,-0.62,0.225
6.09,-0.60,0.225
6.09,-0.59,0.225
6.10,-0.57,0.225
6.10,-0.55,0.225
6.10,-0.54,0.225
6.10,-0.52,0.225
6.10,-0.50,0.225
6.10,-0.49,0.225
6.10,-0.47,0.225
6.11,-0.45,0.225
6.11,-0.44,0.225
6.11,-0.42,0.225
6.11,-0.40,0.225
6.11,-0.39,0.225
6.11,-0.37,0.225
6.12,-0.35,0.225
6.12,-0.34,0.225
6.12,-0.32,0.225
6.12,-0.30,0.225
6.12,-0.29,0.225
6.13,-0.27,0.225
6.13,-0.25,0.225
6.13,-0.24,0.225
6.13,-0.22,0.225
6.13,-0.20,0.225
6.13,-0.19,0.225
6.14,-0.17,0.225
6.14,-0.15,0.225
6.14,-0.14,0.225
6.14,-0.12,0.225
6.14,-0.10,0.225
6.14,-0.09,0.225
6.15,-0.07,0.225
6.15,-0.05,0.225
6.15,-0.04,0.225
6.15,-0.02,0.225
6.15,0.00,0.225
6.15,0.01,0.225
6.15,0.03,0.225
6.16,0.05,0.225
6.16,0.06,0.225
6.16,0.08,0.225
6.16,0.10,0.225
6.16,0.11,0.225
6.16,0.13,0.225
6.17,0.15,0.225
6.17,0.16,0.225
6.17,0.18,0.225
6.17,0.20,0.225
6.17,0.21,0.225
6.18,0.23,0.225
6.18,0.25,0.225
6.18,0.26,0.225
6.18,0.28,0.225
6.18,0.30,0.225
6.18,0.31,0.225
6.19,0.33,0.225
6.19,0.35,0.225
6.19,0.36,0.225
6.19,0.38,0.225
6.19,0.40,0.225
6.19,0.41,0.225
6.20,0.43,0.225
6.20,0.45,0.225
6.20,0.46,0.225
6.20,0.48,0.225
6.20,0.50,0.225
6.20,0.51,0.225
6.20,0.53,0.225
6.21,0.55,0.225
6.21,0.56,0.226
6.21,0.58,0.226
6.21,0.60,0.226
6.21,0.61,0.226
6.21,0.63,0.226
6.22,0.65,0.226
6.22,0.66,0.226
6.22,0.68,0.226
6.22,0.70,0.226
6.22,0.71,0.226
6.23,0.73,0.226
6.23,0.75,0.226
6.23,0.76,0.226
6.23,0.78,0.226
6.23,0.80,0.226
6.23,0.81,0.226
6.24,0.83,0.226
6.24,0.85,0.226
6.24,0.87,0.226
6.24,0.88,0.226
6.24,0.90,0.226
6.24,0.91,0.226
6.25,0.93,0.226
6.25,0.95,0.226
6.25,0.97,0.226
6.25,0.98,0.226
6.25,1.00,0.226
6.25,1.01,0.226
6.25,1.03,0.226
6.26,1.05,0.226
6.26,1.07,0.226
6.26,1.08,0.226
6.26,1.10,0.226
6.26,1.11,0.226
6.26,1.13,0.226
6.27,1.15,0.226
6.27,1.17,0.226
6.27,1.18,0.226
6.27,1.20,0.226
6.27,1.22,0.226
6.28,1.23,0.226
6.28,1.25,0.226
6.28,1.27,0.226
6.28,1.28,0.226
6.28,1.30,0.226
6.28,1.32,0.226
6.29,1.33,0.226
6.29,1.35,0.226
6.29,1.37,0.226
6.29,1.38,0.226
6.29,1.40,0.226
6.29,1.41,0.226
6.30,1.43,0.226
6.30,1.45,0.226
6.30,1.46,0.226
6.30,1.48,0.226
6.30,1.50,0.226
6.30,1.52,0.226
6.30,1.53,0.226
6.31,1.55,0.226
6.31,1.57,0.226
6.31,1.58,0.226
6.31,1.60,0.226
6.31,1.62,0.226
6.31,1.63,0.226
6.32,1.65,0.226
6.32,1.67,0.226
6.32,1.68,0.226
6.32,1.70,0.226
6.32,1.72,0.226
6.33,1.73,0.226
6.33,1.75,0.226
6.33,1.77,0.226
6.33,1.78,0.226
6.33,1.80,0.226
6.33,1.82,0.226
6.34,1.83,0.226
6.34,1.85,0.226
6.34,1.86,0.226
6.34,1.88,0.226
6.34,1.90,0.226
6.34,1.92,0.226
6.35,1.93,0.226
6.35,1.95,0.226
6.35,1.97,0.226
6.35,1.98,0.226
6.35,2.00,0.226
6.35,2.02,0.226
6.35,2.03,0.226
6.36,2.05,0.227
6.36,2.07,0.227
6.36,2.08,0.227
6.36,2.10,0.227
6.36,2.12,0.227
6.36,2.13,0.227
6.37,2.15,0.227
6.37,2.17,0.227
6.37,2.18,0.227
6.37,2.20,0.227
6.37,2.22,0.227
6.38,2.23,0.227
6.38,2.25,0.227
6.38,2.27,0.227
6.38,2.28,0.227
6.38,2.30,0.227
6.38,2.32,0.227
6.39,2.33,0.227
6.39,2.35,0.227
6.39,2.37,0.227
6.39,2.38,0.227
6.39,2.40,0.227
6.39,2.42,0.227
6.40,2.43,0.227
6.40,2.45,0.227
6.40,2.47,0.227
6.40,2.48,0.227
6.40,2.50,0.227
6.40,2.52,0.227
6.40,2.53,0.227
6.41,2.55,0.227
6.41,2.57,0.227
6.41,2.58,0.227
6.41,2.60,0.227
6.41,2.62,0.227
6.41,2.63,0.227
6.42,2.65,0.227
6.42,2.67,0.227
6.42,2.68,0.227
6.42,2.70,0.227
6.42,2.72,0.227
6.43,2.73,0.227
6.43,2.75,0.227
6.43,2.77,0.227
6.43,2.78,0.227
6.43,2.80,0.227
6.43,2.82,0.227
6.44,2.83,0.227
6.44,2.85,0.227
6.44,2.87,0.227
6.44,2.88,0.227
6.44,2.90,0.227
6.44,2.92,0.227
6.45,2.93,0.227
6.45,2.95,0.227
6.45,2.97,0.227
6.45,2.98,0.227
6.45,3.00,0.227
6.45,3.02,0.227
6.45,3.03,0.227
6.46,3.05,0.227
6.46,3.07,0.227
6.46,3.08,0.227
6.46,3.10,0.227
6.46,3.12,0.227
6.46,3.13,0.227
6.47,3.15,0.227
6.47,3.17,0.227
6.47,3.18,0.227
6.47,3.20,0.227
6.47,3.22,0.227
6.48,3.23,0.227
6.48,3.25,0.227
6.48,3.27,0.227
6.48,3.28,0.227
6.48,3.30,0.228
6.48,3.32,0.228
6.49,3.33,0.228
6.49,3.35,0.228
6.49,3.37,0.228
6.49,3.38,0.228
6.49,3.40,0.228
6.49,3.42,0.228
6.50,3.43,0.228
6.50,3.45,0.228
6.50,3.47,0.228
6.50,3.48,0.228
6.50,3.50,0.228
6.50,3.52,0.228
6.50,3.53,0.228
6.51,3.55,0.228
6.51,3.57,0.228
6.51,3.58,0.228
6.51,3.60,0.228
6.51,3.62,0.228
6.51,3.63,0.228
6.52,3.65,0.228
6.52,3.67,0.228
6.52,3.68,0.228
6.52,3.70,0.228
6.52,3.72,0.228
6.53,3.73,0.228
6.53,3.75,0.228
6.53,3.77,0.228
6.53,3.78,0.228
6.53,3.80,0.228
6.53,3.82,0.228
6.54,3.83,0.228
6.54,3.85,0.228
6.54,3.87,0.228
6.54,3.88,0.228
6.54,3.90,0.228
6.54,3.92,0.228
6.55,3.94,0.228
6.55,3.95,0.228
6.55,3.97,0.228
6.55,3.98,0.228
6.55,4.00,0.228
6.55,4.02,0.228
6.55,4.03,0.228
6.56,4.05,0.228
6.56,4.07,0.228
6.56,4.08,0.228
6.56,4.10,0.228
6.56,4.12,0.228
6.56,4.14,0.228
6.57,4.15,0.228
6.57,4.17,0.228
6.57,4.18,0.228
6.57,4.20,0.228
6.57,4.22,0.228
6.58,4.23,0.228
6.58,4.25,0.228
6.58,4.27,0.228
6.58,4.28,0.228
6.58,4.30,0.228
6.58,4.32,0.228
6.59,4.34,0.228
6.59,4.35,0.228
6.59,4.37,0.228
6.59,4.39,0.228
6.59,4.40,0.228
6.59,4.42,0.228
6.60,4.43,0.228
6.60,4.45,0.229
6.60,4.47,0.229
6.60,4.48,0.229
6.60,4.50,0.229
6.60,4.52,0.229
6.60,4.53,0.229
6.61,4.55,0.229
6.61,4.57,0.229
6.61,4.58,0.229
6.61,4.60,0.229
6.61,4.62,0.229
6.61,4.63,0.229
6.62,4.65,0.229
6.62,4.67,0.229
6.62,4.68,0.229
6.62,4.70,0.229
6.62,4.72,0.229
6.63,4.73,0.229
6.63,4.75,0.229
6.63,4.77,0.229
6.63,4.78,0.229
6.63,4.80,0.229
6.63,4.82,0.229
6.64,4.83,0.229
6.64,4.85,0.229
6.64,4.87,0.229
6.64,4.88,0.229
6.64,4.90,0.229
6.64,4.92,0.229
6.65,4.93,0.229
6.65,4.95,0.229
6.65,4.97,0.229
6.65,4.98,0.229
6.65,5.00,0.229
6.65,5.02,0.229
6.65,5.04,0.229
6.66,5.05,0.229
6.66,5.07,0.229
6.66,5.08,0.229
6.66,5.10,0.229
6.66,5.12,0.229
6.66,5.14,0.229
6.67,5.15,0.229
6.67,5.17,0.229
6.67,5.18,0.229
6.67,5.20,0.229
6.67,5.22,0.229
6.68,5.24,0.229
6.68,5.25,0.229
6.68,5.27,0.229
6.68,5.29,0.229
6.68,5.30,0.229
6.68,5.32,0.229
6.69,5.33,0.229
6.69,5.35,0.229
6.69,5.37,0.229
6.69,5.38,0.229
6.69,5.40,0.229
6.69,5.42,0.229
6.70,5.44,0.229
6.70,5.45,0.229
6.70,5.47,0.229
6.70,5.49,0.229
6.70,5.50,0.229
6.70,5.52,0.229
6.70,5.53,0.229
6.71,5.55,0.229
6.71,5.57,0.229
6.71,5.59,0.229
6.71,5.60,0.229
6.71,5.62,0.229
6.71,5.64,0.229
6.72,5.65,0.229
6.72,5.67,0.229
6.72,5.69,0.229
6.72,5.70,0.230
6.72,5.72,0.230
6.73,5.74,0.230
6.73,5.75,0.230
6.73,5.77,0.230
6.73,5.79,0.230
6.73,5.80,0.230
6.73,5.82,0.230
6.74,5.84,0.230
6.74,5.85,0.230
6.74,5.87,0.230
6.74,5.89,0.230
6.74,5.90,0.230
6.74,5.92,0.230
6.75,5.93,0.230
6.75,5.95,0.230
6.75,5.97,0.230
6.75,5.99,0.230
6.75,6.00,0.230
6.75,6.02,0.230
6.75,6.04,0.230
6.76,6.05,0.230
6.76,6.07,0.230
6.76,6.09,0.230
6.76,6.10,0.230
6.76,6.12,0.230
6.76,6.14,0.230
6.77,6.15,0.230
6.77,6.17,0.230
6.77,6.19,0.230
6.77,6.20,0.230
6.77,6.22,0.230
6.78,6.24,0.230
6.78,6.25,0.230
6.78,6.27,0.230
6.78,6.29,0.230
6.78,6.30,0.230
6.78,6.32,0.230
6.79,6.34,0.230
6.79,6.35,0.230
6.79,6.37,0.230
6.79,6.39,0.230
6.79,6.40,0.230
6.79,6.42,0.230
6.80,6.44,0.230
6.80,6.45,0.230
6.80,6.47,0.230
6.80,6.49,0.230
6.80,6.50,0.230
6.80,6.52,0.230
6.80,6.54,0.230
6.81,6.55,0.230
6.81,6.57,0.230
6.81,6.59,0.230
6.81,6.60,0.230
6.81,6.62,0.230
6.81,6.64,0.230
6.82,6.65,0.230
6.82,6.67,0.230
6.82,6.69,0.230
6.82,6.70,0.230
6.82,6.72,0.230
6.83,6.74,0.230
6.83,6.75,0.230
6.83,6.77,0.230
6.83,6.79,0.230
6.83,6.80,0.230
6.83,6.82,0.230
6.84,6.84,0.230
6.84,6.85,0.230
6.84,6.87,0.230
6.84,6.89,0.230
6.84,6.90,0.230
6.84,6.92,0.231
6.85,6.94,0.231
6.85,6.95,0.231
6.85,6.97,0.231
6.85,6.99,0.231
6.85,7.00,0.231
6.85,7.02,0.231
6.85,7.04,0.231
6.86,7.05,0.231
6.86,7.07,0.231
6.86,7.09,0.231
6.86,7.10,0.231
6.86,7.12,0.231
6.86,7.14,0.231
6.87,7.15,0.231
6.87,7.17,0.231
6.87,7.19,0.231
6.87,7.20,0.231
6.87,7.22,0.231
6.88,7.24,0.231
6.88,7.26,0.231
6.88,7.27,0.231
6.88,7.29,0.231
6.88,7.31,0.231
6.88,7.32,0.231
6.89,7.34,0.231
6.89,7.36,0.231
6.89,7.37,0.231
6.89,7.39,0.231
6.89,7.40,0.231
6.89,7.42,0.231
6.90,7.44,0.231
6.90,7.45,0.231
6.90,7.47,0.231
6.90,7.49,0.231
6.90,7.51,0.231
6.90,7.52,0.231
6.90,7.54,0.231
6.91,7.56,0.231
6.91,7.57,0.231
6.91,7.59,0.231
6.91,7.60,0.231
6.91,7.62,0.231
6.91,7.64,0.231
6.92,7.65,0.231
6.92,7.67,0.231
6.92,7.69,0.231
6.92,7.71,0.231
6.92,7.72,0.231
6.93,7.74,0.231
6.93,7.76,0.231
6.93,7.77,0.231
6.93,7.79,0.231
6.93,7.81,0.231
6.93,7.82,0.231
6.94,7.84,0.231
6.94,7.86,0.231
6.94,7.87,0.231
6.94,7.89,0.231
6.94,7.90,0.231
6.94,7.92,0.231
6.95,7.94,0.231
6.95,7.95,0.231
6.95,7.97,0.231
6.95,7.99,0.231
6.95,8.01,0.231
6.95,8.02,0.231
6.95,8.04,0.231
6.96,8.05,0.231
6.96,8.07,0.231
6.96,8.09,0.231
6.96,8.11,0.232
6.96,8.12,0.232
6.96,8.14,0.232
6.97,8.15,0.232
6.97,8.17,0.232
6.97,8.19,0.232
6.97,8.21,0.232
6.97,8.22,0.232
6.98,8.24,0.232
6.98,8.25,0.232
6.98,8.27,0.232
6.98,8.29,0.232
6.98,8.30,0.232
6.98,8.32,0.232
6.99,8.34,0.232
6.99,8.36,0.232
6.99,8.37,0.232
6.99,8.39,0.232
6.99,8.41,0.232
6.99,8.42,0.232
7.00,8.44,0.232
7.00,8.45,0.232
7.00,8.47,0.232
7.00,8.49,0.232
7.00,8.50,0.232
7.00,8.52,0.232
7.00,8.54,0.232
7.01,8.55,0.232
7.01,8.57,0.232
7.01,8.59,0.232
7.01,8.61,0.232
7.01,8.62,0.232
7.01,8.64,0.232
7.02,8.66,0.232
7.02,8.67,0.232
7.02,8.69,0.232
7.02,8.71,0.232
7.02,8.72,0.232
7.03,8.74,0.232
7.03,8.76,0.232
7.03,8.77,0.232
7.03,8.79,0.232
7.03,8.81,0.232
7.03,8.82,0.232
7.04,8.84,0.232
7.04,8.86,0.232
7.04,8.87,0.232
7.04,8.89,0.232
7.04,8.91,0.232
7.04,8.92,0.232
7.05,8.94,0.232
7.05,8.96,0.232
7.05,8.97,0.232
7.05,8.99,0.232
7.05,9.01,0.232
7.05,9.02,0.232
7.05,9.04,0.232
7.06,9.06,0.232
7.06,9.07,0.232
7.06,9.09,0.232
7.06,9.11,0.232
7.06,9.12,0.232
7.06,9.14,0.232
7.07,9.16,0.232
7.07,9.17,0.232
7.07,9.19,0.232
7.07,9.21,0.233
7.07,9.22,0.233
7.08,9.24,0.233
7.08,9.26,0.233
7.08,9.27,0.233
7.08,9.29,0.233
7.08,9.31,0.233
7.08,9.32,0.233
7.09,9.34,0.233
7.09,9.36,0.233
7.09,9.37,0.233
7.09,9.39,0.233
7.09,9.41,0.233
7.09,9.42,0.233
7.10,9.44,0.233
7.10,9.46,0.233
7.10,9.47,0.233
7.10,9.49,0.233
7.10,9.51,0.233
7.10,9.52,0.233
7.10,9.54,0.233
7.11,9.56,0.233
7.11,9.57,0.233
7.11,9.59,0.233
7.11,9.61,0.233
7.11,9.62,0.233
7.11,9.64,0.233
7.12,9.66,0.233
7.12,9.67,0.233
7.12,9.69,0.233
7.12,9.71,0.233
7.12,9.72,0.233
7.13,9.74,0.233
7.13,9.76,0.233
7.13,9.77,0.233
7.13,9.79,0.233
7.13,9.81,0.233
7.13,9.82,0.233
7.14,9.84,0.233
7.14,9.86,0.233
7.14,9.87,0.233
7.14,9.89,0.233
7.14,9.91,0.233
7.14,9.92,0.233
7.15,9.94,0.233
7.15,9.96,0.233
7.15,9.98,0.233
7.15,9.99,0.233
7.15,10.01,0.233
7.15,10.03,0.233
7.15,10.04,0.233
7.16,10.06,0.233
7.16,10.08,0.233
7.16,10.09,0.233
7.16,10.11,0.233
7.16,10.12,0.233
7.16,10.14,0.233
7.17,10.16,0.233
7.17,10.17,0.233
7.17,10.19,0.233
7.17,10.21,0.233
7.17,10.23,0.233
7.18,10.24,0.233
7.18,10.26,0.233
7.18,10.28,0.233
7.18,10.29,0.233
7.18,10.31,0.233
7.18,10.32,0.233
7.19,10.34,0.233
7.19,10.36,0.233
7.19,10.38,0.233
7.19,10.39,0.233
7.19,10.41,0.233
7.19,10.43,0.233
7.20,10.44,0.233
7.20,10.46,0.234
7.20,10.48,0.234
7.20,10.49,0.234
7.20,10.51,0.234
7.20,10.53,0.234
7.20,10.54,0.234
7.21,10.56,0.234
7.21,10.57,0.234
7.21,10.59,0.234
7.21,10.61,0.234
7.21,10.63,0.234
7.21,10.64,0.234
7.22,10.66,0.234
7.22,10.68,0.234
7.22,10.69,0.234
7.22,10.71,0.234
7.22,10.73,0.234
7.23,10.74,0.234
7.23,10.76,0.234
7.23,10.78,0.234
7.23,10.79,0.234
7.23,10.81,0.234
7.23,10.82,0.234
7.24,10.84,0.234
7.24,10.86,0.234
7.24,10.88,0.234
7.24,10.89,0.234
7.24,10.91,0.234
7.24,10.93,0.234
7.25,10.94,0.234
7.25,10.96,0.234
7.25,10.98,0.234
7.25,10.99,0.234
7.25,11.01,0.234
7.25,11.03,0.234
7.25,11.04,0.234
7.26,11.06,0.234
7.26,11.08,0.234
7.26,11.09,0.234
7.26,11.11,0.234
7.26,11.13,0.234
7.26,11.14,0.234
7.27,11.16,0.234
7.27,11.18,0.234
7.27,11.19,0.234
7.27,11.21,0.234
7.27,11.23,0.234
7.28,11.24,0.234
7.28,11.26,0.234
7.28,11.28,0.234
7.28,11.29,0.234
7.28,11.31,0.234
7.28,11.33,0.234
7.29,11.34,0.234
7.29,11.36,0.234
7.29,11.38,0.234
7.29,11.39,0.234
7.29,11.41,0.234
7.29,11.43,0.234
7.30,11.44,0.234
7.30,11.46,0.234
7.30,11.48,0.234
7.30,11.49,0.234
7.30,11.51,0.234
7.30,11.53,0.234
7.30,11.54,0.234
7.31,11.56,0.234
7.31,11.58,0.234
7.31,11.59,0.234
7.31,11.61,0.234
7.31,11.63,0.234
7.31,11.64,0.234
7.32,11.66,0.234
7.32,11.68,0.235
7.32,11.69,0.235
7.32,11.71,0.235
7.32,11.73,0.235
7.33,11.74,0.235
7.33,11.76,0.235
7.33,11.78,0.235
7.33,11.79,0.235
7.33,11.81,0.235
7.33,11.83,0.235
7.34,11.84,0.235
7.34,11.86,0.235
7.34,11.88,0.235
7.34,11.89,0.235
7.34,11.91,0.235
7.34,11.93,0.235
7.35,11.94,0.235
7.35,11.96,0.235
7.35,11.98,0.235
7.35,11.99,0.235
7.35,12.01,0.235
7.35,12.03,0.235
7.35,12.04,0.235
7.36,12.06,0.235
7.36,12.08,0.235
7.36,12.10,0.235
7.36,12.11,0.235
7.36,12.13,0.235
7.36,12.14,0.235
7.37,12.16,0.235
7.37,12.18,0.235
7.37,12.19,0.235
7.37,12.21,0.235
7.37,12.23,0.235
7.38,12.24,0.235
7.38,12.26,0.235
7.38,12.28,0.235
7.38,12.29,0.235
7.38,12.31,0.235
7.38,12.33,0.235
7.39,12.34,0.235
7.39,12.36,0.235
7.39,12.38,0.235
7.39,12.39,0.235
7.39,12.41,0.235
7.39,12.43,0.235
7.40,12.44,0.235
7.40,12.46,0.235
7.40,12.48,0.235
7.40,12.49,0.235
7.40,12.51,0.235
7.40,12.53,0.235
7.40,12.54,0.235
7.41,12.56,0.235
7.41,12.58,0.235
7.41,12.59,0.235
7.41,12.61,0.235
7.41,12.63,0.235
7.41,12.64,0.235
7.42,12.66,0.235
7.42,12.68,0.235
7.42,12.69,0.235
7.42,12.71,0.235
7.42,12.73,0.235
7.43,12.74,0.235
7.43,12.76,0.235
7.43,12.78,0.235
7.43,12.79,0.235
7.43,12.81,0.235
7.43,12.83,0.235
7.44,12.84,0.235
7.44,12.86,0.236
7.44,12.88,0.236
7.44,12.89,0.236
7.44,12.91,0.236
7.44,12.93,0.236
7.45,12.95,0.236
7.45,12.96,0.236
7.45,12.98,0.236
7.45,12.99,0.236
7.45,13.01,0.236
7.45,13.03,0.236
7.45,13.04,0.236
7.46,13.06,0.236
7.46,13.08,0.236
7.46,13.09,0.236
7.46,13.11,0.236
7.46,13.13,0.236
7.46,13.14,0.236
7.47,13.16,0.236
7.47,13.18,0.236
7.47,13.19,0.236
7.47,13.21,0.236
7.47,13.23,0.236
7.48,13.24,0.236
7.48,13.26,0.236
7.48,13.28,0.236
7.48,13.30,0.236
7.48,13.31,0.236
7.48,13.33,0.236
7.49,13.34,0.236
7.49,13.36,0.236
7.49,13.38,0.236
7.49,13.40,0.236
7.49,13.41,0.236
7.49,13.43,0.236
7.50,13.44,0.236
7.50,13.46,0.236
7.50,13.48,0.236
7.50,13.49,0.236
7.50,13.51,0.236
7.50,13.53,0.236
7.50,13.55,0.236
7.51,13.56,0.236
7.51,13.58,0.236
7.51,13.60,0.236
7.51,13.61,0.236
7.51,13.63,0.236
7.51,13.64,0.236
7.52,13.66,0.236
7.52,13.68,0.236
7.52,13.69,0.236
7.52,13.71,0.236
7.52,13.73,0.236
7.53,13.74,0.236
7.53,13.76,0.236
7.53,13.78,0.236
7.53,13.80,0.236
7.53,13.81,0.236
7.53,13.83,0.236
7.54,13.85,0.236
7.54,13.86,0.236
7.54,13.88,0.236
7.54,13.90,0.236
7.54,13.91,0.236
7.54,13.93,0.236
7.55,13.95,0.236
7.55,13.96,0.236
7.55,13.98,0.236
7.55,14.00,0.237
7.55,14.01,0.237
7.55,14.03,0.237
7.55,14.05,0.237
7.56,14.06,0.237
7.56,14.08,0.237
7.56,14.10,0.237
7.56,14.11,0.237
7.56,14.13,0.237
7.56,14.15,0.237
7.57,14.16,0.237
7.57,14.18,0.237
7.57,14.20,0.237
7.57,14.21,0.237
7.57,14.23,0.237
7.58,14.24,0.237
7.58,14.26,0.237
7.58,14.28,0.237
7.58,14.30,0.237
7.58,14.31,0.237
7.58,14.33,0.237
7.59,14.35,0.237
7.59,14.36,0.237
7.59,14.38,0.237
7.59,14.40,0.237
7.59,14.41,0.237
7.59,14.43,0.237
7.60,14.45,0.237
7.60,14.46,0.237
7.60,14.48,0.237
7.60,14.49,0.237
7.60,14.51,0.237
7.60,14.53,0.237
7.60,14.55,0.237
7.61,14.56,0.237
7.61,14.58,0.237
7.61,14.59,0.237
7.61,14.61,0.237
7.61,14.63,0.237
7.61,14.65,0.237
7.62,14.66,0.237
7.62,14.68,0.237
7.62,14.70,0.237
7.62,14.71,0.237
7.62,14.73,0.237
7.63,14.75,0.237
7.63,14.76,0.237
7.63,14.78,0.237
7.63,14.80,0.237
7.63,14.81,0.237
7.63,14.83,0.237
7.64,14.85,0.237
7.64,14.86,0.237
7.64,14.88,0.237
7.64,14.90,0.237
7.64,14.91,0.237
7.64,14.93,0.237
7.65,14.95,0.237
7.65,14.96,0.237
7.65,14.98,0.237
7.65,15.00,0.237
7.65,15.01,0.237
7.65,15.03,0.238
7.65,15.05,0.238
7.66,15.06,0.238
7.66,15.08,0.238
7.66,15.10,0.238
7.66,15.11,0.238
7.66,15.13,0.238
7.66,15.15,0.238
7.67,15.16,0.238
7.67,15.18,0.238
7.67,15.19,0.238
7.67,15.21,0.238
7.67,15.23,0.238
7.68,15.25,0.238
7.68,15.26,0.238
7.68,15.28,0.238
7.68,15.30,0.238
7.68,15.31,0.238
7.68,15.33,0.238
7.69,15.35,0.238
7.69,15.36,0.238
7.69,15.38,0.238
7.69,15.40,0.238
7.69,15.41,0.238
7.69,15.43,0.238
7.70,15.45,0.238
7.70,15.46,0.238
7.70,15.48,0.238
7.70,15.50,0.238
7.70,15.51,0.238
7.70,15.53,0.238
7.70,15.55,0.238
7.71,15.56,0.238
7.71,15.58,0.238
7.71,15.60,0.238
7.71,15.61,0.238
7.71,15.63,0.238
7.71,15.65,0.238
7.72,15.66,0.238
7.72,15.68,0.238
7.72,15.70,0.238
7.72,15.71,0.238
7.72,15.73,0.238
7.73,15.75,0.238
7.73,15.76,0.238
7.73,15.78,0.238
7.73,15.80,0.238
7.73,15.81,0.238
7.73,15.83,0.238
7.74,15.85,0.238
7.74,15.86,0.238
7.74,15.88,0.238
7.74,15.90,0.238
7.74,15.91,0.238
7.74,15.93,0.238
7.75,15.95,0.238
7.75,15.96,0.238
7.75,15.98,0.238
7.75,16.00,0.238
7.75,16.01,0.238
7.75,16.03,0.238
7.75,16.05,0.238
7.76,16.06,0.238
7.76,16.08,0.239
7.76,16.10,0.239
7.76,16.11,0.239
7.76,16.13,0.239
7.76,16.15,0.239
7.77,16.16,0.239
7.77,16.18,0.239
7.77,16.20,0.239
7.77,16.21,0.239
7.77,16.23,0.239
7.78,16.25,0.239
7.78,16.26,0.239
7.78,16.28,0.239
7.78,16.30,0.239
7.78,16.31,0.239
7.78,16.33,0.239
7.79,16.35,0.239
7.79,16.36,0.239
7.79,16.38,0.239
7.79,16.40,0.239
7.79,16.41,0.239
7.79,16.43,0.239
7.80,16.45,0.239
7.80,16.46,0.239
7.80,16.48,0.239
7.80,16.50,0.239
7.80,16.51,0.239
7.80,16.53,0.239
7.80,16.55,0.239
7.81,16.56,0.239
7.81,16.58,0.239
7.81,16.60,0.239
7.81,16.61,0.239
7.81,16.63,0.239
7.81,16.65,0.239
7.82,16.66,0.239
7.82,16.68,0.239
7.82,16.70,0.239
7.82,16.71,0.239
7.82,16.73,0.239
7.83,16.75,0.239
7.83,16.76,0.239
7.83,16.78,0.239
7.83,16.80,0.239
7.83,16.81,0.239
7.83,16.83,0.239
7.84,16.85,0.239
7.84,16.86,0.239
7.84,16.88,0.239
7.84,16.90,0.239
7.84,16.91,0.239
7.84,16.93,0.239
7.85,16.95,0.239
7.85,16.96,0.239
7.85,16.98,0.239
7.85,17.00,0.239
7.85,17.01,0.239
7.85,17.03,0.239
7.85,17.05,0.239
7.86,17.06,0.240
7.86,17.08,0.240
7.86,17.10,0.240
7.86,17.11,0.240
7.86,17.13,0.240
7.86,17.15,0.240
7.87,17.16,0.240
7.87,17.18,0.240
7.87,17.20,0.240
7.87,17.21,0.240
7.87,17.23,0.240
7.88,17.25,0.240
7.88,17.26,0.240
7.88,17.28,0.240
7.88,17.30,0.240
7.88,17.31,0.240
7.88,17.33,0.240
7.89,17.35,0.240
7.89,17.36,0.240
7.89,17.38,0.240
7.89,17.40,0.240
7.89,17.42,0.240
7.89,17.43,0.240
7.90,17.45,0.240
7.90,17.47,0.240
7.90,17.48,0.240
7.90,17.50,0.240
7.90,17.52,0.240
7.90,17.53,0.240
7.90,17.55,0.240
7.91,17.56,0.240
7.91,17.58,0.240
7.91,17.60,0.240
7.91,17.61,0.240
7.91,17.63,0.240
7.91,17.65,0.240
7.92,17.66,0.240
7.92,17.68,0.240
7.92,17.70,0.240
7.92,17.71,0.240
7.92,17.73,0.240
7.93,17.75,0.240
7.93,17.76,0.240
7.93,17.78,0.240
7.93,17.80,0.240
7.93,17.82,0.240
7.93,17.83,0.240
7.94,17.85,0.240
7.94,17.87,0.240
7.94,17.88,0.240
7.94,17.90,0.240
7.94,17.92,0.240
7.94,17.93,0.240
7.95,17.95,0.240
7.95,17.97,0.241
7.95,17.98,0.241
7.95,18.00,0.241
7.95,18.02,0.241
7.95,18.03,0.241
7.95,18.05,0.241
7.96,18.07,0.241
7.96,18.08,0.241
7.96,18.10,0.241
7.96,18.11,0.241
7.96,18.13,0.241
7.96,18.15,0.241
7.97,18.17,0.241
7.97,18.18,0.241
7.97,18.20,0.241
7.97,18.22,0.241
7.97,18.23,0.241
7.98,18.25,0.241
7.98,18.27,0.241
7.98,18.28,0.241
7.98,18.30,0.241
7.98,18.32,0.241
7.98,18.33,0.241
7.99,18.35,0.241
7.99,18.37,0.241
7.99,18.38,0.241
7.99,18.40,0.241
7.99,18.42,0.241
7.99,18.43,0.241
8.00,18.45,0.241
8.00,18.47,0.241
8.00,18.48,0.241
8.00,18.50,0.241
8.00,18.51,0.241
8.00,18.53,0.241
8.00,18.55,0.241
8.01,18.56,0.241
8.01,18.58,0.241
8.01,18.60,0.241
8.01,18.62,0.241
8.01,18.63,0.241
8.01,18.65,0.241
8.02,18.67,0.241
8.02,18.68,0.241
8.02,18.70,0.241
8.02,18.72,0.241
8.02,18.73,0.241
8.03,18.75,0.241
8.03,18.77,0.241
8.03,18.78,0.241
8.03,18.80,0.241
8.03,18.82,0.241
8.03,18.83,0.241
8.04,18.85,0.241
8.04,18.87,0.241
8.04,18.88,0.241
8.04,18.90,0.241
8.04,18.92,0.241
8.04,18.93,0.242
8.05,18.95,0.242
8.05,18.97,0.242
8.05,18.98,0.242
8.05,19.00,0.242
8.05,19.02,0.242
8.05,19.03,0.242
8.05,19.05,0.242
8.06,19.07,0.242
8.06,19.08,0.242
8.06,19.10,0.242
8.06,19.12,0.242
8.06,19.13,0.242
8.06,19.15,0.242
8.07,19.17,0.242
8.07,19.18,0.242
8.07,19.20,0.242
8.07,19.22,0.242
8.07,19.23,0.242
8.08,19.25,0.242
8.08,19.27,0.242
8.08,19.28,0.242
8.08,19.30,0.242
8.08,19.32,0.242
8.08,19.33,0.242
8.09,19.35,0.242
8.09,19.37,0.242
8.09,19.38,0.242
8.09,19.40,0.242
8.09,19.42,0.242
8.09,19.43,0.242
8.10,19.45,0.242
8.10,19.47,0.242
8.10,19.48,0.242
8.10,19.50,0.242
8.10,19.52,0.242
8.10,19.53,0.242
8.10,19.55,0.242
8.11,19.57,0.242
8.11,19.58,0.242
8.11,19.60,0.242
8.11,19.62,0.242
8.11,19.63,0.242
8.11,19.65,0.242
8.12,19.67,0.242
8.12,19.68,0.242
8.12,19.70,0.242
8.12,19.72,0.242
8.12,19.73,0.242
8.13,19.75,0.242
8.13,19.77,0.242
8.13,19.78,0.242
8.13,19.80,0.242
8.13,19.82,0.242
8.13,19.83,0.242
8.14,19.85,0.242
8.14,19.87,0.242
8.14,19.88,0.242
8.14,19.90,0.242
8.14,19.92,0.242
8.14,19.93,0.242
8.15,19.95,0.242
8.15,19.97,0.242
8.15,19.99,0.242
8.15,20.00,0.243
8.15,20.02,0.243
8.15,20.03,0.243
8.15,20.05,0.243
8.16,20.07,0.243
8.16,20.09,0.243
8.16,20.10,0.243
8.16,20.12,0.243
8.16,20.13,0.243
8.16,20.15,0.243
8.17,20.17,0.243
8.17,20.18,0.243
8.17,20.20,0.243
8.17,20.22,0.243
8.17,20.23,0.243
8.18,20.25,0.243
8.18,20.27,0.243
8.18,20.29,0.243
8.18,20.30,0.243
8.18,20.32,0.243
8.18,20.33,0.243
8.19,20.35,0.243
8.19,20.37,0.243
8.19,20.38,0.243
8.19,20.40,0.243
8.19,20.42,0.243
8.19,20.43,0.243
8.20,20.45,0.243
8.20,20.47,0.243
8.20,20.48,0.243
8.20,20.50,0.243
8.20,20.52,0.243
8.20,20.53,0.243
8.20,20.55,0.243
8.21,20.57,0.243
8.21,20.58,0.243
8.21,20.60,0.243
8.21,20.62,0.243
8.21,20.64,0.243
8.21,20.65,0.243
8.22,20.67,0.243
8.22,20.68,0.243
8.22,20.70,0.243
8.22,20.72,0.243
8.22,20.74,0.243
8.23,20.75,0.243
8.23,20.77,0.243
8.23,20.78,0.243
8.23,20.80,0.243
8.23,20.82,0.243
8.23,20.84,0.243
8.24,20.85,0.243
8.24,20.87,0.243
8.24,20.88,0.243
8.24,20.90,0.243
8.24,20.92,0.243
8.24,20.93,0.243
8.25,20.95,0.244
8.25,20.97,0.244
8.25,20.98,0.244
8.25,21.00,0.244
8.25,21.02,0.244
8.25,21.03,0.244
8.25,21.05,0.244
8.26,21.07,0.244
8.26,21.09,0.244
8.26,21.10,0.244
8.26,21.12,0.244
8.26,21.14,0.244
8.26,21.15,0.244
8.27,21.17,0.244
8.27,21.18,0.244
8.27,21.20,0.244
8.27,21.22,0.244
8.27,21.24,0.244
8.28,21.25,0.244
8.28,21.27,0.244
8.28,21.28,0.244
8.28,21.30,0.244
8.28,21.32,0.244
8.28,21.34,0.244
8.29,21.35,0.244
8.29,21.37,0.244
8.29,21.39,0.244
8.29,21.40,0.244
8.29,21.42,0.244
8.29,21.44,0.244
8.30,21.45,0.244
8.30,21.47,0.244
8.30,21.49,0.244
8.30,21.50,0.244
8.30,21.52,0.244
8.30,21.54,0.244
8.30,21.55,0.244
8.31,21.57,0.244
8.31,21.59,0.244
8.31,21.60,0.244
8.31,21.62,0.244
8.31,21.64,0.244
8.31,21.65,0.244
8.32,21.67,0.244
8.32,21.69,0.244
8.32,21.70,0.244
8.32,21.72,0.244
8.32,21.74,0.244
8.33,21.75,0.244
8.33,21.77,0.244
8.33,21.78,0.244
8.33,21.80,0.244
8.33,21.82,0.244
8.33,21.84,0.244
8.34,21.85,0.244
8.34,21.87,0.244
8.34,21.88,0.244
8.34,21.90,0.244
8.34,21.92,0.244
8.34,21.94,0.244
8.35,21.95,0.244
8.35,21.97,0.244
8.35,21.98,0.244
8.35,22.00,0.245
8.35,22.02,0.245
8.35,22.03,0.245
8.35,22.05,0.245
8.36,22.07,0.245
8.36,22.09,0.245
8.36,22.10,0.245
8.36,22.12,0.245
8.36,22.14,0.245
8.36,22.15,0.245
8.37,22.17,0.245
8.37,22.19,0.245
8.37,22.20,0.245
8.37,22.22,0.245
8.37,22.24,0.245
8.38,22.25,0.245
8.38,22.27,0.245
8.38,22.29,0.245
8.38,22.30,0.245
8.38,22.32,0.245
8.38,22.34,0.245
8.39,22.35,0.245
8.39,22.37,0.245
8.39,22.39,0.245
8.39,22.40,0.245
8.39,22.42,0.245
8.39,22.44,0.245
8.40,22.45,0.245
8.40,22.47,0.245
8.40,22.49,0.245
8.40,22.50,0.245
8.40,22.52,0.245
8.40,22.54,0.245
8.40,22.55,0.245
8.41,22.57,0.245
8.41,22.58,0.245
8.41,22.60,0.245
8.41,22.62,0.245
8.41,22.64,0.245
8.41,22.65,0.245
8.42,22.67,0.245
8.42,22.69,0.245
8.42,22.70,0.245
8.42,22.72,0.245
8.42,22.74,0.245
8.43,22.75,0.245
8.43,22.77,0.245
8.43,22.79,0.245
8.43,22.80,0.245
8.43,22.82,0.245
8.43,22.84,0.245
8.44,22.85,0.245
8.44,22.87,0.245
8.44,22.89,0.245
8.44,22.90,0.245
8.44,22.92,0.245
8.44,22.94,0.245
8.45,22.95,0.245
8.45,22.97,0.246
8.45,22.99,0.246
8.45,23.00,0.246
8.45,23.02,0.246
8.45,23.04,0.246
8.45,23.05,0.246
8.46,23.07,0.246
8.46,23.09,0.246
8.46,23.10,0.246
8.46,23.12,0.246
8.46,23.14,0.246
8.46,23.15,0.246
8.47,23.17,0.246
8.47,23.19,0.246
8.47,23.20,0.246
8.47,23.22,0.246
8.47,23.24,0.246
8.48,23.25,0.246
8.48,23.27,0.246
8.48,23.29,0.246
8.48,23.30,0.246
8.48,23.32,0.246
8.48,23.34,0.246
8.49,23.35,0.246
8.49,23.37,0.246
8.49,23.38,0.246
8.49,23.40,0.246
8.49,23.42,0.246
8.49,23.44,0.246
8.50,23.45,0.246
8.50,23.47,0.246
8.50,23.49,0.246
8.50,23.50,0.246
8.50,23.52,0.246
8.50,23.54,0.246
8.50,23.55,0.246
8.51,23.57,0.246
8.51,23.59,0.246
8.51,23.60,0.246
8.51,23.62,0.246
8.51,23.64,0.246
8.51,23.65,0.246
8.52,23.67,0.246
8.52,23.69,0.246
8.52,23.70,0.246
8.52,23.72,0.246
8.52,23.73,0.246
8.53,23.75,0.246
8.53,23.77,0.246
8.53,23.79,0.246
8.53,23.80,0.246
8.53,23.82,0.246
8.53,23.84,0.246
8.53,23.85,0.246
8.54,23.87,0.246
8.54,23.89,0.246
8.54,23.90,0.246
8.54,23.92,0.246
8.54,23.94,0.246
8.55,23.95,0.247
8.55,23.97,0.247
8.55,23.99,0.247
8.55,24.00,0.247
8.55,24.02,0.247
8.55,24.04,0.247
8.55,24.05,0.247
8.56,24.07,0.247
8.56,24.09,0.247
8.56,24.10,0.247
8.56,24.12,0.247
8.56,24.14,0.247
8.57,24.15,0.247
8.57,24.17,0.247
8.57,24.19,0.247
8.57,24.20,0.247
8.57,24.22,0.247
8.57,24.24,0.247
8.58,24.25,0.247
8.58,24.27,0.247
8.58,24.29,0.247
8.58,24.30,0.247
8.58,24.32,0.247
8.58,24.34,0.247
8.58,24.35,0.247
8.59,24.37,0.247
8.59,24.39,0.247
8.59,24.40,0.247
8.59,24.42,0.247
8.59,24.44,0.247
8.60,24.45,0.247
8.60,24.47,0.247
8.60,24.49,0.247
8.60,24.50,0.247
8.60,24.52,0.247
8.60,24.54,0.248
8.60,24.55,0.248
8.61,24.57,0.248
8.61,24.58,0.248
8.61,24.60,0.248
8.61,24.62,0.248
8.61,24.64,0.248
8.62,24.65,0.248
8.62,24.67,0.248
8.62,24.69,0.248
8.62,24.70,0.248
8.62,24.72,0.248
8.62,24.74,0.248
8.63,24.75,0.248
8.63,24.77,0.248
8.63,24.79,0.248
8.63,24.80,0.248
8.63,24.82,0.248
8.63,24.84,0.248
8.63,24.85,0.248
8.64,24.87,0.248
8.64,24.89,0.248
8.64,24.90,0.248
8.64,24.92,0.248
8.64,24.94,0.248
8.65,24.95,0.248
8.65,24.97,0.248
8.65,24.99,0.248
8.65,25.00,0.248
8.65,25.02,0.248
8.65,25.04,0.248
8.65,25.05,0.248
8.66,25.07,0.248
8.66,25.09,0.248
8.66,25.10,0.248
8.66,25.12,0.248
8.66,25.14,0.248
8.67,25.15,0.248
8.67,25.17,0.248
8.67,25.19,0.248
8.67,25.20,0.248
8.67,25.22,0.248
8.67,25.24,0.248
8.68,25.25,0.248
8.68,25.27,0.248
8.68,25.29,0.248
8.68,25.30,0.248
8.68,25.32,0.248
8.68,25.33,0.248
8.68,25.35,0.248
8.69,25.37,0.248
8.69,25.39,0.248
8.69,25.40,0.248
8.69,25.42,0.248
8.69,25.44,0.248
8.70,25.45,0.248
8.70,25.47,0.248
8.70,25.49,0.249
8.70,25.50,0.249
8.70,25.52,0.249
8.70,25.54,0.249
8.70,25.55,0.249
8.71,25.57,0.249
8.71,25.59,0.249
8.71,25.60,0.249
8.71,25.62,0.249
8.71,25.64,0.249
8.72,25.65,0.249
8.72,25.67,0.249
8.72,25.69,0.249
8.72,25.70,0.249
8.72,25.72,0.249
8.72,25.74,0.249
8.73,25.75,0.249
8.73,25.77,0.249
8.73,25.79,0.249
8.73,25.80,0.249
8.73,25.82,0.249
8.73,25.84,0.249
8.73,25.85,0.249
8.74,25.87,0.249
8.74,25.89,0.249
8.74,25.90,0.249
8.74,25.92,0.249
8.74,25.94,0.249
8.75,25.95,0.249
8.75,25.97,0.249
8.75,25.99,0.249
8.75,26.00,0.249
8.75,26.02,0.249
8.75,26.04,0.249
8.75,26.05,0.249
8.76,26.07,0.249
8.76,26.09,0.249
8.76,26.10,0.249
8.76,26.12,0.249
8.76,26.14,0.249
8.77,26.15,0.249
8.77,26.17,0.249
8.77,26.19,0.249
8.77,26.20,0.249
8.77,26.22,0.249
8.77,26.24,0.250
8.78,26.25,0.250
8.78,26.27,0.250
8.78,26.29,0.250
8.78,26.31,0.250
8.78,26.32,0.250
8.78,26.34,0.250
8.78,26.35,0.250
8.79,26.37,0.250
8.79,26.39,0.250
8.79,26.41,0.250
8.79,26.42,0.250
8.79,26.44,0.250
8.80,26.45,0.250
8.80,26.47,0.250
8.80,26.49,0.250
8.80,26.50,0.250
8.80,26.52,0.250
8.80,26.54,0.250
8.80,26.55,0.250
8.81,26.57,0.250
8.81,26.59,0.250
8.81,26.60,0.250
8.81,26.62,0.250
8.81,26.64,0.250
8.82,26.66,0.250
8.82,26.67,0.250
8.82,26.69,0.250
8.82,26.71,0.250
8.82,26.72,0.250
8.82,26.74,0.250
8.83,26.76,0.250
8.83,26.77,0.250
8.83,26.79,0.250
8.83,26.80,0.250
8.83,26.82,0.250
8.83,26.84,0.250
8.83,26.86,0.250
8.84,26.87,0.250
8.84,26.89,0.250
8.84,26.91,0.250
8.84,26.92,0.250
8.84,26.94,0.250
8.85,26.96,0.250
8.85,26.97,0.250
8.85,26.99,0.250
8.85,27.01,0.250
8.85,27.02,0.250
8.85,27.04,0.250
8.85,27.06,0.250
8.86,27.07,0.250
8.86,27.09,0.250
8.86,27.10,0.251
8.86,27.12,0.251
8.86,27.14,0.251
8.87,27.16,0.251
8.87,27.17,0.251
8.87,27.19,0.251
8.87,27.21,0.251
8.87,27.22,0.251
8.87,27.24,0.251
8.88,27.26,0.251
8.88,27.27,0.251
8.88,27.29,0.251
8.88,27.31,0.251
8.88,27.32,0.251
8.88,27.34,0.251
8.88,27.35,0.251
8.89,27.37,0.251
8.89,27.39,0.251
8.89,27.41,0.251
8.89,27.42,0.251
8.89,27.44,0.251
8.90,27.46,0.251
8.90,27.47,0.251
8.90,27.49,0.251
8.90,27.51,0.251
8.90,27.52,0.251
8.90,27.54,0.251
8.90,27.56,0.251
8.91,27.57,0.251
8.91,27.59,0.251
8.91,27.61,0.251
8.91,27.62,0.251
8.91,27.64,0.251
8.92,27.65,0.251
8.92,27.67,0.251
8.92,27.69,0.251
8.92,27.71,0.251
8.92,27.72,0.251
8.92,27.74,0.251
8.93,27.76,0.251
8.93,27.77,0.251
8.93,27.79,0.251
8.93,27.81,0.251
8.93,27.82,0.251
8.93,27.84,0.251
8.93,27.86,0.251
8.94,27.87,0.251
8.94,27.89,0.251
8.94,27.91,0.251
8.94,27.92,0.251
8.94,27.94,0.251
8.95,27.96,0.251
8.95,27.97,0.251
8.95,27.99,0.251
8.95,28.01,0.252
8.95,28.02,0.252
8.95,28.04,0.252
8.95,28.06,0.252
8.96,28.07,0.252
8.96,28.09,0.252
8.96,28.11,0.252
8.96,28.12,0.252
8.96,28.14,0.252
8.97,28.16,0.252
8.97,28.17,0.252
8.97,28.19,0.252
8.97,28.21,0.252
8.97,28.22,0.252
8.97,28.24,0.252
8.98,28.26,0.252
8.98,28.27,0.252
8.98,28.29,0.252
8.98,28.31,0.252
8.98,28.32,0.252
8.98,28.34,0.252
8.98,28.36,0.252
8.99,28.37,0.252
8.99,28.39,0.252
8.99,28.41,0.252
8.99,28.42,0.252
8.99,28.44,0.252
9.00,28.46,0.252
9.00,28.47,0.252
9.00,28.49,0.252
9.00,28.51,0.252
9.00,28.52,0.252
9.00,28.54,0.252
9.00,28.56,0.252
9.01,28.57,0.252
9.01,28.59,0.252
9.01,28.61,0.252
9.01,28.62,0.252
9.01,28.64,0.252
9.02,28.66,0.252
9.02,28.67,0.252
9.02,28.69,0.252
9.02,28.71,0.252
9.02,28.72,0.252
9.02,28.74,0.252
9.03,28.76,0.252
9.03,28.77,0.252
9.03,28.79,0.253
9.03,28.81,0.253
9.03,28.82,0.253
9.03,28.84,0.253
9.03,28.86,0.253
9.04,28.87,0.253
9.04,28.89,0.253
9.04,28.91,0.253
9.04,28.92,0.253
9.04,28.94,0.253
9.05,28.96,0.253
9.05,28.97,0.253
9.05,28.99,0.253
9.05,29.01,0.253
9.05,29.02,0.253
9.05,29.04,0.253
9.05,29.06,0.253
9.06,29.07,0.253
9.06,29.09,0.253
9.06,29.11,0.253
9.06,29.12,0.253
9.06,29.14,0.253
9.07,29.16,0.253
9.07,29.17,0.253
9.07,29.19,0.253
9.07,29.21,0.253
9.07,29.22,0.253
9.07,29.24,0.253
9.08,29.26,0.253
9.08,29.27,0.253
9.08,29.29,0.253
9.08,29.31,0.253
9.08,29.32,0.253
9.08,29.34,0.253
9.08,29.36,0.253
9.09,29.37,0.253
9.09,29.39,0.253
9.09,29.41,0.253
9.09,29.42,0.253
9.09,29.44,0.253
9.10,29.46,0.253
9.10,29.47,0.253
9.10,29.49,0.253
9.10,29.51,0.253
9.10,29.53,0.253
9.10,29.54,0.253
9.10,29.56,0.253
9.11,29.57,0.253
9.11,29.59,0.253
9.11,29.61,0.253
9.11,29.63,0.253
9.11,29.64,0.253
9.12,29.66,0.253
9.12,29.68,0.254
9.12,29.69,0.254
9.12,29.71,0.254
9.12,29.72,0.254
9.12,29.74,0.254
9.13,29.76,0.254
9.13,29.78,0.254
9.13,29.79,0.254
9.13,29.81,0.254
9.13,29.82,0.254
9.13,29.84,0.254
9.13,29.86,0.254
9.14,29.87,0.254
9.14,29.89,0.254
9.14,29.91,0.254
9.14,29.93,0.254
9.14,29.94,0.254
9.15,29.96,0.254
9.15,29.98,0.254
9.15,29.99,0.254
9.15,30.01,0.254
9.15,30.03,0.254
9.15,30.04,0.254
9.15,30.06,0.254
9.16,30.08,0.254
9.16,30.09,0.254
9.16,30.11,0.254
9.16,30.13,0.254
9.16,30.14,0.254
9.17,30.16,0.254
9.17,30.18,0.254
9.17,30.19,0.254
9.17,30.21,0.254
9.17,30.23,0.254
9.17,30.24,0.254
9.18,30.26,0.254
9.18,30.28,0.254
9.18,30.29,0.254
9.18,30.31,0.254
9.18,30.32,0.254
9.18,30.34,0.254
9.18,30.36,0.254
9.19,30.37,0.254
9.19,30.39,0.254
9.19,30.41,0.254
9.19,30.43,0.254
9.19,30.44,0.254
9.20,30.46,0.254
9.20,30.48,0.254
9.20,30.49,0.254
9.20,30.51,0.255
9.20,30.53,0.255
9.20,30.54,0.255
9.20,30.56,0.255
9.21,30.58,0.255
9.21,30.59,0.255
9.21,30.61,0.255
9.21,30.63,0.255
9.21,30.64,0.255
9.22,30.66,0.255
9.22,30.68,0.255
9.22,30.69,0.255
9.22,30.71,0.255
9.22,30.73,0.255
9.22,30.74,0.255
9.23,30.76,0.255
9.23,30.78,0.255
9.23,30.79,0.255
9.23,30.81,0.255
9.23,30.83,0.255
9.23,30.84,0.255
9.23,30.86,0.255
9.24,30.88,0.255
9.24,30.89,0.255
9.24,30.91,0.255
9.24,30.93,0.255
9.24,30.94,0.255
9.25,30.96,0.255
9.25,30.98,0.255
9.25,30.99,0.255
9.25,31.01,0.255
9.25,31.03,0.255
9.25,31.04,0.255
9.25,31.06,0.255
9.26,31.08,0.255
9.26,31.09,0.255
9.26,31.11,0.255
9.26,31.13,0.255
9.26,31.14,0.255
9.27,31.16,0.255
9.27,31.18,0.255
9.27,31.19,0.255
9.27,31.21,0.255
9.27,31.23,0.255
9.27,31.24,0.255
9.28,31.26,0.255
9.28,31.28,0.255
9.28,31.29,0.255
9.28,31.31,0.255
9.28,31.33,0.255
9.28,31.34,0.255
9.28,31.36,0.256
9.29,31.38,0.256
9.29,31.39,0.256
9.29,31.41,0.256
9.29,31.43,0.256
9.29,31.44,0.256
9.30,31.46,0.256
9.30,31.48,0.256
9.30,31.49,0.256
9.30,31.51,0.256
9.30,31.53,0.256
9.30,31.54,0.256
9.30,31.56,0.256
9.31,31.58,0.256
9.31,31.60,0.256
9.31,31.61,0.256
9.31,31.63,0.256
9.31,31.64,0.256
9.32,31.66,0.256
9.32,31.68,0.256
9.32,31.69,0.256
9.32,31.71,0.256
9.32,31.73,0.256
9.32,31.74,0.256
9.33,31.76,0.256
9.33,31.78,0.256
9.33,31.79,0.256
9.33,31.81,0.256
9.33,31.83,0.256
9.33,31.84,0.256
9.33,31.86,0.256
9.34,31.88,0.256
9.34,31.89,0.256
9.34,31.91,0.256
9.34,31.93,0.256
9.34,31.94,0.256
9.35,31.96,0.256
9.35,31.98,0.256
9.35,31.99,0.256
9.35,32.01,0.256
9.35,32.03,0.256
9.35,32.04,0.256
9.35,32.06,0.256
9.36,32.08,0.256
9.36,32.09,0.256
9.36,32.11,0.256
9.36,32.13,0.256
9.36,32.14,0.256
9.37,32.16,0.256
9.37,32.18,0.256
9.37,32.19,0.256
9.37,32.21,0.256
9.37,32.23,0.257
9.37,32.24,0.257
9.38,32.26,0.257
9.38,32.28,0.257
9.38,32.29,0.257
9.38,32.31,0.257
9.38,32.33,0.257
9.38,32.34,0.257
9.38,32.36,0.257
9.39,32.38,0.257
9.39,32.39,0.257
9.39,32.41,0.257
9.39,32.43,0.257
9.39,32.44,0.257
9.40,32.46,0.257
9.40,32.48,0.257
9.40,32.49,0.257
9.40,32.51,0.257
9.40,32.53,0.257
9.40,32.54,0.257
9.40,32.56,0.257
9.41,32.58,0.257
9.41,32.59,0.257
9.41,32.61,0.257
9.41,32.63,0.257
9.41,32.64,0.257
9.42,32.66,0.257
9.42,32.68,0.257
9.42,32.69,0.257
9.42,32.71,0.257
9.42,32.73,0.257
9.42,32.74,0.257
9.43,32.76,0.257
9.43,32.78,0.257
9.43,32.79,0.257
9.43,32.81,0.257
9.43,32.83,0.257
9.43,32.84,0.257
9.43,32.86,0.257
9.44,32.88,0.257
9.44,32.89,0.257
9.44,32.91,0.257
9.44,32.93,0.257
9.44,32.94,0.257
9.45,32.96,0.257
9.45,32.98,0.257
9.45,32.99,0.257
9.45,33.01,0.258
9.45,33.03,0.258
9.45,33.04,0.258
9.45,33.06,0.258
9.46,33.08,0.258
9.46,33.10,0.258
9.46,33.11,0.258
9.46,33.13,0.258
9.46,33.14,0.258
9.47,33.16,0.258
9.47,33.18,0.258
9.47,33.19,0.258
9.47,33.21,0.258
9.47,33.23,0.258
9.47,33.25,0.258
9.48,33.26,0.258
9.48,33.28,0.258
9.48,33.30,0.258
9.48,33.31,0.258
9.48,33.33,0.258
9.48,33.34,0.258
9.48,33.36,0.258
9.49,33.38,0.258
9.49,33.40,0.258
9.49,33.41,0.258
9.49,33.43,0.258
9.49,33.45,0.258
9.50,33.46,0.258
9.50,33.48,0.258
9.50,33.50,0.258
9.50,33.51,0.258
9.50,33.53,0.258
9.50,33.55,0.258
9.50,33.56,0.258
9.51,33.58,0.258
9.51,33.59,0.258
9.51,33.61,0.258
9.51,33.63,0.258
9.51,33.65,0.258
9.52,33.66,0.258
9.52,33.68,0.258
9.52,33.70,0.258
9.52,33.71,0.258
9.52,33.73,0.258
9.52,33.75,0.258
9.53,33.76,0.258
9.53,33.78,0.258
9.53,33.80,0.258
9.53,33.81,0.259
9.53,33.83,0.259
9.53,33.84,0.259
9.53,33.86,0.259
9.54,33.88,0.259
9.54,33.90,0.259
9.54,33.91,0.259
9.54,33.93,0.259
9.54,33.95,0.259
9.55,33.96,0.259
9.55,33.98,0.259
9.55,34.00,0.259
9.55,34.01,0.259
9.55,34.03,0.259
9.55,34.04,0.259
9.55,34.06,0.259
9.56,34.08,0.259
9.56,34.09,0.259
9.56,34.11,0.259
9.56,34.13,0.259
9.56,34.15,0.259
9.57,34.16,0.259
9.57,34.18,0.259
9.57,34.19,0.259
9.57,34.21,0.259
9.57,34.23,0.259
9.57,34.25,0.259
9.58,34.26,0.259
9.58,34.28,0.259
9.58,34.30,0.259
9.58,34.31,0.259
9.58,34.33,0.259
9.58,34.34,0.259
9.58,34.36,0.259
9.59,34.38,0.259
9.59,34.40,0.259
9.59,34.41,0.259
9.59,34.43,0.259
9.59,34.45,0.259
9.60,34.46,0.259
9.60,34.48,0.259
9.60,34.50,0.259
9.60,34.51,0.259
9.60,34.53,0.259
9.60,34.55,0.259
9.60,34.56,0.259
9.61,34.58,0.259
9.61,34.60,0.260
9.61,34.61,0.260
9.61,34.63,0.260
9.61,34.65,0.260
9.62,34.66,0.260
9.62,34.68,0.260
9.62,34.70,0.260
9.62,34.71,0.260
9.62,34.73,0.260
9.62,34.75,0.260
9.63,34.76,0.260
9.63,34.78,0.260
9.63,34.80,0.260
9.63,34.81,0.260
9.63,34.83,0.260
9.63,34.85,0.260
9.63,34.86,0.260
9.64,34.88,0.260
9.64,34.90,0.260
9.64,34.91,0.260
9.64,34.93,0.260
9.64,34.95,0.260
9.65,34.96,0.260
9.65,34.98,0.260
9.65,35.00,0.260
9.65,35.01,0.260
9.65,35.03,0.260
9.65,35.05,0.260
9.65,35.06,0.260
9.66,35.08,0.260
9.66,35.10,0.260
9.66,35.11,0.260
9.66,35.13,0.260
9.66,35.15,0.260
9.67,35.16,0.260
9.67,35.18,0.260
9.67,35.20,0.260
9.67,35.21,0.260
9.67,35.23,0.260
9.67,35.25,0.260
9.68,35.26,0.260
9.68,35.28,0.260
9.68,35.30,0.260
9.68,35.31,0.260
9.68,35.33,0.261
9.68,35.35,0.261
9.68,35.36,0.261
9.69,35.38,0.261
9.69,35.40,0.261
9.69,35.41,0.261
9.69,35.43,0.261
9.69,35.45,0.261
9.70,35.46,0.261
9.70,35.48,0.261
9.70,35.50,0.261
9.70,35.51,0.261
9.70,35.53,0.261
9.70,35.55,0.261
9.70,35.56,0.261
9.71,35.58,0.261
9.71,35.60,0.261
9.71,35.61,0.261
9.71,35.63,0.261
9.71,35.65,0.261
9.72,35.66,0.261
9.72,35.68,0.261
9.72,35.70,0.261
9.72,35.71,0.261
9.72,35.73,0.261
9.72,35.75,0.261
9.73,35.76,0.261
9.73,35.78,0.261
9.73,35.80,0.261
9.73,35.81,0.261
9.73,35.83,0.261
9.73,35.85,0.261
9.73,35.86,0.261
9.74,35.88,0.261
9.74,35.90,0.261
9.74,35.91,0.261
9.74,35.93,0.261
9.74,35.95,0.261
9.75,35.96,0.261
9.75,35.98,0.261
9.75,36.00,0.261
9.75,36.01,0.261
9.75,36.03,0.261
9.75,36.05,0.261
9.75,36.06,0.261
9.76,36.08,0.261
9.76,36.10,0.261
9.76,36.11,0.262
9.76,36.13,0.262
9.76,36.15,0.262
9.77,36.16,0.262
9.77,36.18,0.262
9.77,36.20,0.262
9.77,36.21,0.262
9.77,36.23,0.262
9.77,36.25,0.262
9.78,36.26,0.262
9.78,36.28,0.262
9.78,36.30,0.262
9.78,36.31,0.262
9.78,36.33,0.262
9.78,36.35,0.262
9.78,36.36,0.262
9.79,36.38,0.262
9.79,36.40,0.262
9.79,36.41,0.262
9.79,36.43,0.262
9.79,36.45,0.262
9.80,36.46,0.262
9.80,36.48,0.262
9.80,36.50,0.262
9.80,36.51,0.262
9.80,36.53,0.262
9.80,36.55,0.262
9.80,36.56,0.262
9.81,36.58,0.262
9.81,36.60,0.262
9.81,36.61,0.262
9.81,36.63,0.262
9.81,36.65,0.263
9.82,36.66,0.263
9.82,36.68,0.263
9.82,36.70,0.263
9.82,36.71,0.263
9.82,36.73,0.263
9.82,36.75,0.263
9.83,36.76,0.263
9.83,36.78,0.263
9.83,36.80,0.263
9.83,36.81,0.263
9.83,36.83,0.263
9.83,36.85,0.263
9.83,36.86,0.263
9.84,36.88,0.263
9.84,36.90,0.263
9.84,36.91,0.263
9.84,36.93,0.263
9.84,36.95,0.263
9.85,36.96,0.263
9.85,36.98,0.263
9.85,37.00,0.263
9.85,37.01,0.263
9.85,37.03,0.263
9.85,37.05,0.263
9.85,37.06,0.263
9.86,37.08,0.263
9.86,37.10,0.263
9.86,37.11,0.263
9.86,37.13,0.263
9.86,37.15,0.263
9.87,37.16,0.263
9.87,37.18,0.263
9.87,37.20,0.263
9.87,37.21,0.263
9.87,37.23,0.263
9.87,37.25,0.263
9.88,37.26,0.263
9.88,37.28,0.263
9.88,37.30,0.263
9.88,37.31,0.263
9.88,37.33,0.263
9.88,37.35,0.263
9.88,37.36,0.263
9.89,37.38,0.263
9.89,37.40,0.263
9.89,37.41,0.263
9.89,37.43,0.263
9.89,37.45,0.264
9.90,37.46,0.264
9.90,37.48,0.264
9.90,37.50,0.264
9.90,37.52,0.264
9.90,37.53,0.264
9.90,37.55,0.264
9.90,37.56,0.264
9.91,37.58,0.264
9.91,37.60,0.264
9.91,37.61,0.264
9.91,37.63,0.264
9.91,37.65,0.264
9.92,37.66,0.264
9.92,37.68,0.264
9.92,37.70,0.264
9.92,37.72,0.264
9.92,37.73,0.264
9.92,37.75,0.264
9.93,37.76,0.264
9.93,37.78,0.264
9.93,37.80,0.264
9.93,37.81,0.264
9.93,37.83,0.264
9.93,37.85,0.264
9.93,37.87,0.264
9.94,37.88,0.264
9.94,37.90,0.264
9.94,37.92,0.264
9.94,37.93,0.264
9.94,37.95,0.264
9.95,37.97,0.264
9.95,37.98,0.264
9.95,38.00,0.264
9.95,38.01,0.264
9.95,38.03,0.264
9.95,38.05,0.264
9.95,38.06,0.264
9.96,38.08,0.264
9.96,38.10,0.264
9.96,38.12,0.264
9.96,38.13,0.264
9.96,38.15,0.264
9.97,38.17,0.264
9.97,38.18,0.264
9.97,38.20,0.264
9.97,38.22,0.264
9.97,38.23,0.265
9.97,38.25,0.265
9.98,38.26,0.265
9.98,38.28,0.265
9.98,38.30,0.265
9.98,38.31,0.265
9.98,38.33,0.265
9.98,38.35,0.265
9.98,38.36,0.265
9.99,38.38,0.265
9.99,38.40,0.265
9.99,38.42,0.265
9.99,38.43,0.265
9.99,38.45,0.265
10.00,38.47,0.265
10.00,38.48,0.265
10.00,38.50,0.265
10.00,38.52,0.265
10.00,38.53,0.265
10.00,38.55,0.265
10.00,38.57,0.265
10.01,38.58,0.265
10.01,38.60,0.265
10.01,38.62,0.265
10.01,38.63,0.265
10.01,38.65,0.265
10.02,38.67,0.265
10.02,38.68,0.265
10.02,38.70,0.265
10.02,38.72,0.265
10.02,38.73,0.265
10.02,38.75,0.265
10.03,38.77,0.265
10.03,38.78,0.265
10.03,38.80,0.265
10.03,38.82,0.265
10.03,38.83,0.265
10.03,38.85,0.265
10.03,38.87,0.265
10.04,38.88,0.265
10.04,38.90,0.265
10.04,38.92,0.265
10.04,38.93,0.265
10.04,38.95,0.265
10.05,38.97,0.265
10.05,38.98,0.266
10.05,39.00,0.266
10.05,39.02,0.266
10.05,39.03,0.266
10.05,39.05,0.266
10.05,39.07,0.266
10.06,39.08,0.266
10.06,39.10,0.266
10.06,39.12,0.266
10.06,39.13,0.266
10.06,39.15,0.266
10.07,39.17,0.266
10.07,39.18,0.266
10.07,39.20,0.266
10.07,39.22,0.266
10.07,39.23,0.266
10.07,39.25,0.266
10.08,39.27,0.266
10.08,39.28,0.266
10.08,39.30,0.266
10.08,39.32,0.266
10.08,39.33,0.266
10.08,39.35,0.266
10.08,39.37,0.266
10.09,39.38,0.266
10.09,39.40,0.266
10.09,39.42,0.266
10.09,39.43,0.266
10.09,39.45,0.266
10.10,39.47,0.266
10.10,39.48,0.266
10.10,39.50,0.266
10.10,39.52,0.266
10.10,39.53,0.266
10.10,39.55,0.266
10.10,39.57,0.266
10.11,39.58,0.266
10.11,39.60,0.266
10.11,39.62,0.266
10.11,39.63,0.266
10.11,39.65,0.266
10.12,39.67,0.266
10.12,39.68,0.267
10.12,39.70,0.267
10.12,39.72,0.267
10.12,39.73,0.267
10.12,39.75,0.267
10.13,39.77,0.267
10.13,39.78,0.267
10.13,39.80,0.267
10.13,39.82,0.267
10.13,39.83,0.267
10.13,39.85,0.267
10.13,39.87,0.267
10.14,39.88,0.267
10.14,39.90,0.267
10.14,39.92,0.267
10.14,39.93,0.267
10.14,39.95,0.267
10.15,39.97,0.267
10.15,39.98,0.267
10.15,40.00,0.267
10.15,40.02,0.267
10.15,40.03,0.267
10.15,40.05,0.267
10.15,40.07,0.267
10.16,40.08,0.267
10.16,40.10,0.267
10.16,40.12,0.267
10.16,40.13,0.267
10.16,40.15,0.267
10.17,40.17,0.267
10.17,40.18,0.267
10.17,40.20,0.267
10.17,40.22,0.267
10.17,40.23,0.267
10.17,40.25,0.267
10.18,40.27,0.267
10.18,40.28,0.267
10.18,40.30,0.267
10.18,40.31,0.267
10.18,40.33,0.268
10.18,40.35,0.268
10.18,40.37,0.268
10.19,40.38,0.268
10.19,40.40,0.268
10.19,40.42,0.268
10.19,40.43,0.268
10.19,40.45,0.268
10.20,40.47,0.268
10.20,40.48,0.268
10.20,40.50,0.268
10.20,40.52,0.268
10.20,40.53,0.268
10.20,40.55,0.268
10.20,40.57,0.268
10.21,40.58,0.268
10.21,40.60,0.268
10.21,40.62,0.268
10.21,40.63,0.268
10.21,40.65,0.268
10.22,40.67,0.268
10.22,40.68,0.268
10.22,40.70,0.268
10.22,40.72,0.268
10.22,40.73,0.268
10.22,40.75,0.268
10.23,40.77,0.268
10.23,40.78,0.268
10.23,40.80,0.268
10.23,40.82,0.268
10.23,40.83,0.268
10.23,40.85,0.268
10.23,40.87,0.268
10.24,40.88,0.268
10.24,40.90,0.268
10.24,40.92,0.268
10.24,40.93,0.268
10.24,40.95,0.268
10.25,40.97,0.268
10.25,40.98,0.268
10.25,41.00,0.268
10.25,41.02,0.268
10.25,41.03,0.269
10.25,41.05,0.269
10.25,41.07,0.269
10.26,41.08,0.269
10.26,41.10,0.269
10.26,41.12,0.269
10.26,41.13,0.269
10.26,41.15,0.269
10.27,41.17,0.269
10.27,41.18,0.269
10.27,41.20,0.269
10.27,41.22,0.269
10.27,41.23,0.269
10.27,41.25,0.269
10.28,41.27,0.269
10.28,41.28,0.269
10.28,41.30,0.269
10.28,41.32,0.269
10.28,41.33,0.269
10.28,41.35,0.269
10.28,41.37,0.269
10.29,41.38,0.269
10.29,41.40,0.269
10.29,41.42,0.269
10.29,41.43,0.269
10.29,41.45,0.269
10.30,41.47,0.269
10.30,41.48,0.269
10.30,41.50,0.269
10.30,41.52,0.269
10.30,41.53,0.269
10.30,41.55,0.269
10.30,41.57,0.269
10.31,41.59,0.269
10.31,41.60,0.269
10.31,41.62,0.269
10.31,41.64,0.269
10.31,41.65,0.269
10.32,41.67,0.269
10.32,41.68,0.269
10.32,41.70,0.269
10.32,41.72,0.270
10.32,41.73,0.270
10.32,41.75,0.270
10.33,41.77,0.270
10.33,41.78,0.270
10.33,41.80,0.270
10.33,41.82,0.270
10.33,41.83,0.270
10.33,41.85,0.270
10.33,41.87,0.270
10.34,41.88,0.270
10.34,41.90,0.270
10.34,41.92,0.270
10.34,41.93,0.270
10.34,41.95,0.270
10.35,41.97,0.270
10.35,41.98,0.270
10.35,42.00,0.270
10.35,42.02,0.270
10.35,42.03,0.270
10.35,42.05,0.270
10.35,42.07,0.270
10.36,42.08,0.270
10.36,42.10,0.270
10.36,42.12,0.270
10.36,42.13,0.270
10.36,42.15,0.270
10.37,42.17,0.270
10.37,42.18,0.270
10.37,42.20,0.270
10.37,42.22,0.270
10.37,42.23,0.270
10.37,42.25,0.270
10.38,42.27,0.270
10.38,42.28,0.270
10.38,42.30,0.270
10.38,42.32,0.270
10.38,42.33,0.271
10.38,42.35,0.271
10.38,42.37,0.271
10.39,42.38,0.271
10.39,42.40,0.271
10.39,42.42,0.271
10.39,42.43,0.271
10.39,42.45,0.271
10.40,42.47,0.271
10.40,42.48,0.271
10.40,42.50,0.271
10.40,42.52,0.271
10.40,42.53,0.271
10.40,42.55,0.271
10.40,42.57,0.271
10.41,42.59,0.271
10.41,42.60,0.271
10.41,42.62,0.271
10.41,42.64,0.271
10.41,42.65,0.271
10.42,42.67,0.271
10.42,42.69,0.271
10.42,42.70,0.271
10.42,42.72,0.271
10.42,42.73,0.271
10.42,42.75,0.271
10.43,42.77,0.271
10.43,42.79,0.271
10.43,42.80,0.271
10.43,42.82,0.271
10.43,42.84,0.271
10.43,42.85,0.272
10.43,42.87,0.272
10.44,42.88,0.272
10.44,42.90,0.272
10.44,42.92,0.272
10.44,42.93,0.272
10.44,42.95,0.272
10.45,42.97,0.272
10.45,42.98,0.272
10.45,43.00,0.272
10.45,43.02,0.272
10.45,43.03,0.272
10.45,43.05,0.272
10.45,43.07,0.272
10.46,43.09,0.272
10.46,43.10,0.272
10.46,43.12,0.272
10.46,43.13,0.272
10.46,43.15,0.272
10.47,43.17,0.272
10.47,43.18,0.272
10.47,43.20,0.272
10.47,43.22,0.272
10.47,43.23,0.272
10.47,43.25,0.273
10.48,43.27,0.273
10.48,43.28,0.273
10.48,43.30,0.273
10.48,43.32,0.273
10.48,43.34,0.273
10.48,43.35,0.273
10.48,43.37,0.273
10.49,43.39,0.273
10.49,43.40,0.273
10.49,43.42,0.273
10.49,43.43,0.273
10.49,43.45,0.273
10.50,43.47,0.273
10.50,43.48,0.273
10.50,43.50,0.273
10.50,43.52,0.273
10.50,43.54,0.273
10.50,43.55,0.273
10.50,43.57,0.273
10.51,43.58,0.273
10.51,43.60,0.273
10.51,43.62,0.273
10.51,43.63,0.273
10.51,43.65,0.273
10.52,43.67,0.273
10.52,43.68,0.273
10.52,43.70,0.273
10.52,43.72,0.273
10.52,43.74,0.273
10.52,43.75,0.273
10.53,43.77,0.273
10.53,43.79,0.273
10.53,43.80,0.273
10.53,43.82,0.273
10.53,43.84,0.273
10.53,43.85,0.273
10.53,43.87,0.273
10.54,43.88,0.274
10.54,43.90,0.274
10.54,43.92,0.274
10.54,43.93,0.274
10.54,43.95,0.274
10.55,43.97,0.274
10.55,43.99,0.274
10.55,44.00,0.274
10.55,44.02,0.274
10.55,44.04,0.274
10.55,44.05,0.274
10.55,44.07,0.274
10.56,44.09,0.274
10.56,44.10,0.274
10.56,44.12,0.274
10.56,44.14,0.274
10.56,44.15,0.274
10.57,44.17,0.274
10.57,44.19,0.274
10.57,44.20,0.274
10.57,44.22,0.274
10.57,44.24,0.274
10.57,44.25,0.274
10.58,44.27,0.274
10.58,44.29,0.274
10.58,44.30,0.274
10.58,44.32,0.274
10.58,44.34,0.274
10.58,44.35,0.274
10.58,44.37,0.274
10.59,44.39,0.274
10.59,44.40,0.274
10.59,44.42,0.274
10.59,44.44,0.274
10.59,44.45,0.274
10.60,44.47,0.275
10.60,44.49,0.275
10.60,44.50,0.275
10.60,44.52,0.275
10.60,44.54,0.275
10.60,44.55,0.275
10.60,44.57,0.275
10.61,44.59,0.275
10.61,44.60,0.275
10.61,44.62,0.275
10.61,44.64,0.275
10.61,44.65,0.275
10.62,44.67,0.275
10.62,44.69,0.275
10.62,44.70,0.275
10.62,44.72,0.275
10.62,44.74,0.275
10.62,44.75,0.275
10.63,44.77,0.275
10.63,44.79,0.275
10.63,44.80,0.275
10.63,44.82,0.275
10.63,44.84,0.275
10.63,44.85,0.275
10.63,44.87,0.275
10.64,44.89,0.275
10.64,44.90,0.275
10.64,44.92,0.275
10.64,44.94,0.275
10.64,44.95,0.275
10.65,44.97,0.275
10.65,44.98,0.275
10.65,45.00,0.275
10.65,45.02,0.275
10.65,45.04,0.275
10.65,45.05,0.275
10.65,45.07,0.275
10.66,45.08,0.276
10.66,45.10,0.276
10.66,45.12,0.276
10.66,45.14,0.276
10.66,45.15,0.276
10.67,45.17,0.276
10.67,45.19,0.276
10.67,45.20,0.276
10.67,45.22,0.276
10.67,45.24,0.276
10.67,45.25,0.276
10.68,45.27,0.276
10.68,45.29,0.276
10.68,45.30,0.276
10.68,45.32,0.276
10.68,45.34,0.276
10.68,45.35,0.276
10.68,45.37,0.276
10.69,45.38,0.276
10.69,45.40,0.276
10.69,45.42,0.276
10.69,45.44,0.276
10.69,45.45,0.276
10.70,45.47,0.276
10.70,45.49,0.276
10.70,45.50,0.276
10.70,45.52,0.276
10.70,45.54,0.276
10.70,45.55,0.276
10.70,45.57,0.276
10.71,45.59,0.276
10.71,45.60,0.276
10.71,45.62,0.276
10.71,45.64,0.276
10.71,45.65,0.276
10.72,45.67,0.276
10.72,45.69,0.276
10.72,45.70,0.277
10.72,45.72,0.277
10.72,45.74,0.277
10.72,45.75,0.277
10.73,45.77,0.277
10.73,45.78,0.277
10.73,45.80,0.277
10.73,45.82,0.277
10.73,45.84,0.277
10.73,45.85,0.277
10.73,45.87,0.277
10.74,45.89,0.277
10.74,45.90,0.277
10.74,45.92,0.277
10.74,45.94,0.277
10.74,45.95,0.277
10.75,45.97,0.277
10.75,45.99,0.277
10.75,46.00,0.277
10.75,46.02,0.277
10.75,46.04,0.277
10.75,46.05,0.277
10.75,46.07,0.277
10.76,46.09,0.277
10.76,46.10,0.277
10.76,46.12,0.277
10.76,46.14,0.277
10.76,46.15,0.277
10.77,46.17,0.278
10.77,46.19,0.278
10.77,46.20,0.278
10.77,46.22,0.278
10.77,46.24,0.278
10.77,46.25,0.278
10.78,46.27,0.278
10.78,46.29,0.278
10.78,46.30,0.278
10.78,46.32,0.278
10.78,46.34,0.278
10.78,46.35,0.278
10.78,46.37,0.278
10.79,46.39,0.278
10.79,46.40,0.278
10.79,46.42,0.278
10.79,46.44,0.278
10.79,46.45,0.278
10.80,46.47,0.278
10.80,46.49,0.278
10.80,46.50,0.278
10.80,46.52,0.278
10.80,46.54,0.278
10.80,46.55,0.278
10.80,46.57,0.278
10.81,46.58,0.278
10.81,46.60,0.278
10.81,46.62,0.279
10.81,46.64,0.279
10.81,46.65,0.279
10.82,46.67,0.279
10.82,46.69,0.279
10.82,46.70,0.279
10.82,46.72,0.279
10.82,46.74,0.279
10.82,46.75,0.279
10.83,46.77,0.279
10.83,46.79,0.279
10.83,46.80,0.279
10.83,46.82,0.279
10.83,46.84,0.279
10.83,46.85,0.279
10.83,46.87,0.279
10.84,46.89,0.279
10.84,46.90,0.279
10.84,46.92,0.279
10.84,46.94,0.279
10.84,46.95,0.279
10.85,46.97,0.279
10.85,46.99,0.279
10.85,47.00,0.279
10.85,47.02,0.279
10.85,47.03,0.279
10.85,47.05,0.279
10.85,47.07,0.280
10.86,47.09,0.280
10.86,47.10,0.280
10.86,47.12,0.280
10.86,47.14,0.280
10.86,47.15,0.280
10.87,47.17,0.280
10.87,47.19,0.280
10.87,47.20,0.280
10.87,47.22,0.280
10.87,47.24,0.280
10.87,47.25,0.280
10.88,47.27,0.280
10.88,47.29,0.280
10.88,47.30,0.280
10.88,47.32,0.280
10.88,47.34,0.280
10.88,47.35,0.280
10.88,47.37,0.280
10.89,47.39,0.280
10.89,47.40,0.280
10.89,47.42,0.280
10.89,47.44,0.280
10.89,47.45,0.280
10.90,47.47,0.280
10.90,47.49,0.281
10.90,47.50,0.281
10.90,47.52,0.281
10.90,47.54,0.281
10.90,47.55,0.281
10.90,47.57,0.281
10.91,47.59,0.281
10.91,47.60,0.281
10.91,47.62,0.281
10.91,47.64,0.281
10.91,47.65,0.281
10.92,47.67,0.281
10.92,47.69,0.281
10.92,47.70,0.281
10.92,47.72,0.281
10.92,47.74,0.281
10.92,47.75,0.281
10.93,47.77,0.282
10.93,47.79,0.282
10.93,47.80,0.282
10.93,47.82,0.282
10.93,47.84,0.282
10.93,47.85,0.282
10.93,47.87,0.282
10.94,47.89,0.282
10.94,47.90,0.282
10.94,47.92,0.282
10.94,47.94,0.282
10.94,47.96,0.282
10.95,47.97,0.282
10.95,47.99,0.282
10.95,48.00,0.282
10.95,48.02,0.282
10.95,48.04,0.282
10.95,48.05,0.282
10.95,48.07,0.282
10.96,48.09,0.282
10.96,48.10,0.282
10.96,48.12,0.282
10.96,48.14,0.282
10.96,48.15,0.282
10.97,48.17,0.282
10.97,48.19,0.282
10.97,48.20,0.283
10.97,48.22,0.283
10.97,48.24,0.283
10.97,48.25,0.283
10.98,48.27,0.283
10.98,48.29,0.283
10.98,48.30,0.283
10.98,48.32,0.283
10.98,48.34,0.283
10.98,48.35,0.283
10.98,48.37,0.283
10.99,48.39,0.283
10.99,48.40,0.283
10.99,48.42,0.283
10.99,48.44,0.283
10.99,48.45,0.283
11.00,48.47,0.283
11.00,48.49,0.283
11.00,48.50,0.283
11.00,48.52,0.283
11.00,48.54,0.283
11.00,48.55,0.283
11.00,48.57,0.283
11.01,48.59,0.283
11.01,48.60,0.283
11.01,48.62,0.283
11.01,48.64,0.283
11.01,48.65,0.283
11.02,48.67,0.283
11.02,48.69,0.283
11.02,48.70,0.283
11.02,48.72,0.284
11.02,48.74,0.284
11.02,48.75,0.284
11.03,48.77,0.284
11.03,48.79,0.284
11.03,48.80,0.284
11.03,48.82,0.284
11.03,48.84,0.284
11.03,48.85,0.284
11.03,48.87,0.284
11.04,48.89,0.284
11.04,48.90,0.284
11.04,48.92,0.284
11.04,48.94,0.284
11.04,48.95,0.284
11.05,48.97,0.284
11.05,48.99,0.284
11.05,49.00,0.284
11.05,49.02,0.284
11.05,49.04,0.284
11.05,49.05,0.285
11.05,49.07,0.285
11.06,49.09,0.285
11.06,49.10,0.285
11.06,49.12,0.285
11.06,49.14,0.285
11.06,49.15,0.285
11.07,49.17,0.285
11.07,49.19,0.285
11.07,49.20,0.285
11.07,49.22,0.285
11.07,49.24,0.285
11.07,49.25,0.285
11.08,49.27,0.285
11.08,49.29,0.285
11.08,49.30,0.285
11.08,49.32,0.285
11.08,49.34,0.285
11.08,49.35,0.285
11.08,49.37,0.285
11.09,49.39,0.286
11.09,49.40,0.286
11.09,49.42,0.286
11.09,49.44,0.286
11.09,49.45,0.286
11.10,49.47,0.286
11.10,49.49,0.286
11.10,49.51,0.286
11.10,49.52,0.286
11.10,49.54,0.286
11.10,49.55,0.286
11.10,49.57,0.286
11.11,49.59,0.286
11.11,49.61,0.286
11.11,49.62,0.286
11.11,49.64,0.286
11.11,49.65,0.286
11.12,49.67,0.286
11.12,49.69,0.286
11.12,49.71,0.287
11.12,49.72,0.287
11.12,49.74,0.287
11.12,49.75,0.287
11.13,49.77,0.287
11.13,49.79,0.287
11.13,49.80,0.287
11.13,49.82,0.287
11.13,49.84,0.287
11.13,49.86,0.287
11.13,49.87,0.287
11.14,49.89,0.287
11.14,49.90,0.287
11.14,49.92,0.287
11.14,49.94,0.287
11.14,49.95,0.287
11.15,49.97,0.287
11.15,49.99,0.287
11.15,50.01,0.287
11.15,50.02,0.287
11.15,50.04,0.287
11.15,50.05,0.288
11.15,50.07,0.288
11.16,50.09,0.288
11.16,50.10,0.288
11.16,50.12,0.288
11.16,50.14,0.288
11.16,50.16,0.288
11.17,50.17,0.288
11.17,50.19,0.288
11.17,50.21,0.288
11.17,50.22,0.288
11.17,50.24,0.288
11.17,50.26,0.288
11.18,50.27,0.288
11.18,50.29,0.288
11.18,50.31,0.288
11.18,50.32,0.288
11.18,50.34,0.288
11.18,50.36,0.288
11.18,50.37,0.289
11.19,50.39,0.289
11.19,50.41,0.289
11.19,50.42,0.289
11.19,50.44,0.289
11.19,50.46,0.289
11.20,50.47,0.289
11.20,50.49,0.289
11.20,50.50,0.289
11.20,50.52,0.289
11.20,50.54,0.289
11.20,50.56,0.289
11.20,50.57,0.289
11.21,50.59,0.289
11.21,50.61,0.289
11.21,50.62,0.289
11.21,50.64,0.289
11.21,50.66,0.289
11.22,50.67,0.289
11.22,50.69,0.290
11.22,50.71,0.290
11.22,50.72,0.290
11.22,50.74,0.290
11.22,50.76,0.290
11.23,50.77,0.290
11.23,50.79,0.290
11.23,50.81,0.290
11.23,50.82,0.290
11.23,50.84,0.290
11.23,50.86,0.290
11.23,50.87,0.290
11.24,50.89,0.290
11.24,50.91,0.290
11.24,50.92,0.290
11.24,50.94,0.291
11.24,50.96,0.291
11.25,50.97,0.291
11.25,50.99,0.291
11.25,51.01,0.291
11.25,51.02,0.291
11.25,51.04,0.291
11.25,51.06,0.291
11.25,51.07,0.291
11.26,51.09,0.291
11.26,51.11,0.291
11.26,51.12,0.291
11.26,51.14,0.291
11.26,51.16,0.291
11.27,51.17,0.291
11.27,51.19,0.291
11.27,51.21,0.291
11.27,51.22,0.291
11.27,51.24,0.291
11.27,51.25,0.292
11.28,51.27,0.292
11.28,51.29,0.292
11.28,51.30,0.292
11.28,51.32,0.292
11.28,51.34,0.292
11.28,51.36,0.292
11.28,51.37,0.292
11.29,51.39,0.292
11.29,51.40,0.292
11.29,51.42,0.292
11.29,51.44,0.292
11.29,51.45,0.292
11.30,51.47,0.292
11.30,51.49,0.292
11.30,51.50,0.292
11.30,51.52,0.292
11.30,51.54,0.292
11.30,51.55,0.292
11.30,51.57,0.292
11.31,51.59,0.293
11.31,51.60,0.293
11.31,51.62,0.293
11.31,51.64,0.293
11.31,51.65,0.293
11.32,51.67,0.293
11.32,51.69,0.293
11.32,51.70,0.293
11.32,51.72,0.293
11.32,51.74,0.293
11.32,51.75,0.293
11.33,51.77,0.293
11.33,51.79,0.293
11.33,51.80,0.293
11.33,51.82,0.293
11.33,51.84,0.293
11.33,51.85,0.293
11.33,51.87,0.293
11.34,51.89,0.294
11.34,51.90,0.294
11.34,51.92,0.294
11.34,51.94,0.294
11.34,51.95,0.294
11.35,51.97,0.294
11.35,51.99,0.294
11.35,52.00,0.294
11.35,52.02,0.294
11.35,52.04,0.294
11.35,52.05,0.294
11.35,52.07,0.294
11.36,52.09,0.294
11.36,52.10,0.294
11.36,52.12,0.294
11.36,52.14,0.295
11.36,52.15,0.295
11.37,52.17,0.295
11.37,52.19,0.295
11.37,52.20,0.295
11.37,52.22,0.295
11.37,52.24,0.295
11.37,52.25,0.295
11.38,52.27,0.295
11.38,52.29,0.295
11.38,52.30,0.296
11.38,52.32,0.296
11.38,52.34,0.296
11.38,52.35,0.296
11.38,52.37,0.296
11.39,52.39,0.296
11.39,52.40,0.296
11.39,52.42,0.296
11.39,52.44,0.296
11.39,52.45,0.296
11.40,52.47,0.296
11.40,52.49,0.296
11.40,52.50,0.296
11.40,52.52,0.296
11.40,52.54,0.296
11.40,52.55,0.297
11.40,52.57,0.297
11.41,52.59,0.297
11.41,52.60,0.297
11.41,52.62,0.297
11.41,52.64,0.297
11.41,52.65,0.297
11.42,52.67,0.297
11.42,52.69,0.297
11.42,52.70,0.297
11.42,52.72,0.297
11.42,52.74,0.297
11.42,52.75,0.297
11.43,52.77,0.297
11.43,52.79,0.298
11.43,52.80,0.298
11.43,52.82,0.298
11.43,52.84,0.298
11.43,52.85,0.298
11.43,52.87,0.298
11.44,52.89,0.299
11.44,52.90,0.299
11.44,52.92,0.299
11.44,52.94,0.299
11.44,52.95,0.299
11.45,52.97,0.299
11.45,52.98,0.299
11.45,53.00,0.299
11.45,53.02,0.299
11.45,53.04,0.299
11.45,53.05,0.299
11.45,53.07,0.299
11.46,53.09,0.299
11.46,53.10,0.300
11.46,53.12,0.300
11.46,53.14,0.300
11.46,53.15,0.300
11.47,53.17,0.301
11.47,53.19,0.301
11.47,53.20,0.301
11.47,53.22,0.301
11.47,53.23,0.301
11.47,53.25,0.301
11.48,53.27,0.301
11.48,53.29,0.301
11.48,53.30,0.301
11.48,53.32,0.301
11.48,53.34,0.301
11.48,53.35,0.301
11.48,53.37,0.301
11.49,53.39,0.301
11.49,53.40,0.301
11.49,53.42,0.302
11.49,53.43,0.302
11.49,53.45,0.302
11.50,53.47,0.302
11.50,53.49,0.302
11.50,53.50,0.302
11.50,53.52,0.302
11.50,53.53,0.303
11.50,53.55,0.303
11.50,53.57,0.303
11.51,53.58,0.303
11.51,53.60,0.303
11.51,53.62,0.303
11.51,53.64,0.303
11.51,53.65,0.303
11.52,53.67,0.303
11.52,53.69,0.303
11.52,53.70,0.303
11.52,53.72,0.303
11.52,53.73,0.304
11.52,53.75,0.304
11.53,53.77,0.304
11.53,53.78,0.304
11.53,53.80,0.304
11.53,53.82,0.304
11.53,53.84,0.304
11.53,53.85,0.304
11.53,53.87,0.304
11.54,53.88,0.304
11.54,53.90,0.304
11.54,53.92,0.305
11.54,53.93,0.305
11.54,53.95,0.305
11.55,53.97,0.305
11.55,53.98,0.305
11.55,54.00,0.305
11.55,54.02,0.305
11.55,54.03,0.305
11.55,54.05,0.306
11.55,54.07,0.306
11.56,54.08,0.306
11.56,54.10,0.306
11.56,54.12,0.306
11.56,54.13,0.307
11.56,54.15,0.307
11.57,54.17,0.307
11.57,54.18,0.307
11.57,54.20,0.307
11.57,54.22,0.307
11.57,54.23,0.307
11.57,54.25,0.307
11.58,54.27,0.307
11.58,54.28,0.308
11.58,54.30,0.308
11.58,54.32,0.308
11.58,54.33,0.308
11.58,54.35,0.308
11.58,54.37,0.308
11.59,54.38,0.308
11.59,54.40,0.308
11.59,54.42,0.308
11.59,54.43,0.309
11.59,54.45,0.309
11.60,54.47,0.309
11.60,54.48,0.309
11.60,54.50,0.309
11.60,54.52,0.309
11.60,54.53,0.310
11.60,54.55,0.310
11.60,54.57,0.310
11.61,54.58,0.310
11.61,54.60,0.310
11.61,54.62,0.310
11.61,54.63,0.310
11.61,54.65,0.310
11.62,54.67,0.310
11.62,54.68,0.310
11.62,54.70,0.311
11.62,54.72,0.311
11.62,54.73,0.311
11.62,54.75,0.311
11.63,54.77,0.311
11.63,54.78,0.311
11.63,54.80,0.311
11.63,54.81,0.311
11.63,54.83,0.312
11.63,54.85,0.312
11.63,54.87,0.312
11.64,54.88,0.312
11.64,54.90,0.312
11.64,54.92,0.312
11.64,54.93,0.312
11.64,54.95,0.312
11.65,54.96,0.312
11.65,54.98,0.313
11.65,55.00,0.313
11.65,55.01,0.313
11.65,55.03,0.313
11.65,55.05,0.313
11.65,55.06,0.314
11.66,55.08,0.314
11.66,55.10,0.314
11.66,55.11,0.314
11.66,55.13,0.314
11.66,55.15,0.315
11.67,55.16,0.315
11.67,55.18,0.315
11.67,55.20,0.315
11.67,55.21,0.315
11.67,55.23,0.315
11.67,55.25,0.315
11.68,55.26,0.316
11.68,55.28,0.316
11.68,55.30,0.316
11.68,55.31,0.316
11.68,55.33,0.317
11.68,55.35,0.317
11.68,55.36,0.317
11.69,55.38,0.317
11.69,55.40,0.317
11.69,55.41,0.317
11.69,55.43,0.317
11.69,55.45,0.318
11.70,55.46,0.318
11.70,55.48,0.318
11.70,55.50,0.318
11.70,55.51,0.318
11.70,55.53,0.318
11.70,55.55,0.319
11.70,55.56,0.319
11.71,55.58,0.319
11.71,55.60,0.319
11.71,55.61,0.320
11.71,55.63,0.320
11.71,55.65,0.320
11.72,55.66,0.320
11.72,55.68,0.320
11.72,55.69,0.321
11.72,55.71,0.321
11.72,55.73,0.321
11.72,55.74,0.321
11.73,55.76,0.321
11.73,55.78,0.321
11.73,55.80,0.322
11.73,55.81,0.322
11.73,55.83,0.322
11.73,55.85,0.322
11.73,55.86,0.323
11.74,55.88,0.323
11.74,55.89,0.323
11.74,55.91,0.323
11.74,55.93,0.323
11.74,55.94,0.323
11.75,55.96,0.323
11.75,55.98,0.323
11.75,56.00,0.323
11.75,56.01,0.324
11.75,56.03,0.324
11.75,56.04,0.324
11.75,56.06,0.324
11.76,56.08,0.324
11.76,56.09,0.325
11.76,56.11,0.325
11.76,56.13,0.326
11.76,56.14,0.326
11.77,56.16,0.326
11.77,56.18,0.326
11.77,56.19,0.327
11.77,56.21,0.327
11.77,56.23,0.327
11.77,56.24,0.327
11.78,56.26,0.327
11.78,56.28,0.327
11.78,56.29,0.327
11.78,56.31,0.328
11.78,56.33,0.328
11.78,56.34,0.328
11.78,56.36,0.328
11.79,56.38,0.329
11.79,56.39,0.329
11.79,56.41,0.329
11.79,56.43,0.329
11.79,56.44,0.329
11.80,56.46,0.329
11.80,56.48,0.330
11.80,56.49,0.330
11.80,56.51,0.330
11.80,56.53,0.330
11.80,56.54,0.331
11.80,56.56,0.331
11.81,56.57,0.331
11.81,56.59,0.331
11.81,56.61,0.331
11.81,56.62,0.331
11.81,56.64,0.332
11.82,56.66,0.332
11.82,56.67,0.332
11.82,56.69,0.333
11.82,56.71,0.333
11.82,56.72,0.333
11.82,56.74,0.334
11.83,56.76,0.334
11.83,56.77,0.334
11.83,56.79,0.334
11.83,56.81,0.334
11.83,56.82,0.335
11.83,56.84,0.335
11.83,56.86,0.335
11.84,56.87,0.336
11.84,56.89,0.336
11.84,56.91,0.336
11.84,56.92,0.336
11.84,56.94,0.336
11.85,56.96,0.337
11.85,56.97,0.337
11.85,56.99,0.337
11.85,57.01,0.338
11.85,57.02,0.338
11.85,57.04,0.338
11.85,57.06,0.339
11.86,57.07,0.339
11.86,57.09,0.339
11.86,57.10,0.339
11.86,57.12,0.339
11.86,57.14,0.339
11.87,57.15,0.339
11.87,57.17,0.340
11.87,57.19,0.340
11.87,57.20,0.340
11.87,57.22,0.341
11.87,57.24,0.341
11.88,57.25,0.341
11.88,57.27,0.342
11.88,57.29,0.342
11.88,57.30,0.343
11.88,57.32,0.343
11.88,57.34,0.343
11.88,57.35,0.344
11.89,57.37,0.344
11.89,57.39,0.344
11.89,57.40,0.344
11.89,57.42,0.345
11.89,57.44,0.345
11.90,57.45,0.345
11.90,57.47,0.346
11.90,57.49,0.346
11.90,57.50,0.346
11.90,57.52,0.347
11.90,57.54,0.347
11.90,57.55,0.348
11.91,57.57,0.348
11.91,57.58,0.348
11.91,57.60,0.348
11.91,57.62,0.348
11.91,57.63,0.349
11.92,57.65,0.349
11.92,57.67,0.349
11.92,57.68,0.349
11.92,57.70,0.350
11.92,57.72,0.350
11.92,57.73,0.351
11.93,57.75,0.351
11.93,57.77,0.351
11.93,57.78,0.352
11.93,57.80,0.352
11.93,57.81,0.352
11.93,57.83,0.352
11.93,57.85,0.353
11.94,57.87,0.353
11.94,57.88,0.353
11.94,57.90,0.354
11.94,57.92,0.354
11.94,57.93,0.354
11.95,57.95,0.355
11.95,57.96,0.355
11.95,57.98,0.356
11.95,58.00,0.356
11.95,58.01,0.357
11.95,58.03,0.357
11.95,58.05,0.357
11.96,58.06,0.358
11.96,58.08,0.358
11.96,58.10,0.358
11.96,58.11,0.359
11.96,58.13,0.359
11.97,58.15,0.359
11.97,58.16,0.360
11.97,58.18,0.360
11.97,58.20,0.360
11.97,58.21,0.361
11.97,58.23,0.362
11.98,58.25,0.362
11.98,58.26,0.363
11.98,58.28,0.363
11.98,58.29,0.363
11.98,58.31,0.364
11.98,58.33,0.364
11.98,58.34,0.364
11.99,58.36,0.365
11.99,58.38,0.365
11.99,58.39,0.366
11.99,58.41,0.366
11.99,58.43,0.367
12.00,58.44,0.367
12.00,58.46,0.368
12.00,58.48,0.368
12.00,58.49,0.369
12.00,58.51,0.369
12.00,58.53,0.369
12.00,58.54,0.369
12.01,58.56,0.369
12.01,58.58,0.370
12.01,58.59,0.370
12.01,58.61,0.370
12.01,58.62,0.371
12.02,58.64,0.372
12.02,58.66,0.372
12.02,58.67,0.373
12.02,58.69,0.373
12.02,58.71,0.374
12.02,58.72,0.375
12.03,58.74,0.375
12.03,58.76,0.376
12.03,58.77,0.376
12.03,58.79,0.377
12.03,58.80,0.377
12.03,58.82,0.377
12.03,58.84,0.377
12.04,58.86,0.378
12.04,58.87,0.378
12.04,58.89,0.378
12.04,58.90,0.379
12.04,58.92,0.379
12.05,58.94,0.380
12.05,58.95,0.381
12.05,58.97,0.381
12.05,58.99,0.382
12.05,59.00,0.382
12.05,59.02,0.383
12.05,59.04,0.383
12.06,59.05,0.383
12.06,59.07,0.384
12.06,59.09,0.384
12.06,59.10,0.384
12.06,59.12,0.385
12.07,59.13,0.385
12.07,59.15,0.386
12.07,59.17,0.386
12.07,59.18,0.387
12.07,59.20,0.388
12.07,59.22,0.389
12.08,59.23,0.390
12.08,59.25,0.390
12.08,59.27,0.391
12.08,59.28,0.391
12.08,59.30,0.391
12.08,59.32,0.392
12.08,59.33,0.392
12.09,59.35,0.392
12.09,59.37,0.392
12.09,59.38,0.393
12.09,59.40,0.394
12.09,59.41,0.395
12.10,59.43,0.396
12.10,59.45,0.397
12.10,59.46,0.397
12.10,59.48,0.398
12.10,59.50,0.398
12.10,59.51,0.398
12.10,59.53,0.398
12.11,59.55,0.398
12.11,59.56,0.399
12.11,59.58,0.399
12.11,59.59,0.400
12.11,59.61,0.401
12.12,59.63,0.402
12.12,59.64,0.403
12.12,59.66,0.403
12.12,59.68,0.403
12.12,59.69,0.403
12.12,59.71,0.404
12.13,59.73,0.404
12.13,59.74,0.405
12.13,59.76,0.405
12.13,59.78,0.406
12.13,59.79,0.407
12.13,59.81,0.407
12.13,59.82,0.408
12.14,59.84,0.409
12.14,59.86,0.409
12.14,59.87,0.410
12.14,59.89,0.410
12.14,59.91,0.410
12.15,59.92,0.411
12.15,59.94,0.411
12.15,59.96,0.412
12.15,59.97,0.413
12.15,59.99,0.413
12.15,60.00,0.414
12.15,60.02,0.415
12.16,60.04,0.415
12.16,60.05,0.416
12.16,60.07,0.416
12.16,60.09,0.416
12.16,60.10,0.417
12.17,60.12,0.418
12.17,60.14,0.418
12.17,60.15,0.419
12.17,60.17,0.420
12.17,60.18,0.421
12.17,60.20,0.421
12.18,60.22,0.421
12.18,60.23,0.422
12.18,60.25,0.422
12.18,60.27,0.423
12.18,60.28,0.423
12.18,60.30,0.423
12.18,60.32,0.424
12.19,60.33,0.425
12.19,60.35,0.425
12.19,60.36,0.426
12.19,60.38,0.427
12.19,60.40,0.427
12.20,60.41,0.428
12.20,60.43,0.429
12.20,60.45,0.429
12.20,60.46,0.429
12.20,60.48,0.430
12.20,60.50,0.430
12.20,60.51,0.431
12.21,60.53,0.431
12.21,60.55,0.432
12.21,60.56,0.432
12.21,60.58,0.433
12.21,60.60,0.433
12.22,60.61,0.434
12.22,60.63,0.434
12.22,60.64,0.434
12.22,60.66,0.435
12.22,60.68,0.435
12.22,60.69,0.436
12.23,60.71,0.436
12.23,60.73,0.438
12.23,60.74,0.438
12.23,60.76,0.438
12.23,60.77,0.439
12.23,60.79,0.439
12.23,60.81,0.440
12.24,60.82,0.440
12.24,60.84,0.441
12.24,60.86,0.441
12.24,60.87,0.441
12.24,60.89,0.442
12.25,60.91,0.442
12.25,60.92,0.443
12.25,60.94,0.443
12.25,60.96,0.444
12.25,60.97,0.444
12.25,60.99,0.444
12.25,61.00,0.445
12.26,61.02,0.445
12.26,61.04,0.445
12.26,61.05,0.446
12.26,61.07,0.446
12.26,61.09,0.446
12.27,61.10,0.447
12.27,61.12,0.447
12.27,61.14,0.448
12.27,61.15,0.448
12.27,61.17,0.449
12.27,61.19,0.449
12.28,61.20,0.450
12.28,61.22,0.450
12.28,61.23,0.450
12.28,61.25,0.451
12.28,61.27,0.452
12.28,61.28,0.452
12.28,61.30,0.453
12.29,61.32,0.453
12.29,61.33,0.453
12.29,61.35,0.454
12.29,61.37,0.454
12.29,61.38,0.454
12.30,61.40,0.454
12.30,61.42,0.454
12.30,61.43,0.454
12.30,61.45,0.454
12.30,61.46,0.455
12.30,61.48,0.455
12.30,61.50,0.455
12.31,61.51,0.456
12.31,61.53,0.456
12.31,61.55,0.456
12.31,61.56,0.457
12.31,61.58,0.457
12.32,61.60,0.457
12.32,61.61,0.457
12.32,61.63,0.458
12.32,61.65,0.458
12.32,61.66,0.458
12.32,61.68,0.459
12.33,61.70,0.459
12.33,61.71,0.459
12.33,61.73,0.460
12.33,61.74,0.460
12.33,61.76,0.460
12.33,61.78,0.461
12.33,61.79,0.461
12.34,61.81,0.461
12.34,61.83,0.461
12.34,61.84,0.461
12.34,61.86,0.461
12.34,61.88,0.461
12.35,61.89,0.461
12.35,61.91,0.461
12.35,61.93,0.462
12.35,61.94,0.462
12.35,61.96,0.462
12.35,61.98,0.462
12.35,61.99,0.462
12.36,62.01,0.462
12.36,62.03,0.462
12.36,62.04,0.462
12.36,62.06,0.462
12.36,62.08,0.463
12.37,62.09,0.463
12.37,62.11,0.463
12.37,62.13,0.463
12.37,62.14,0.463
12.37,62.16,0.463
12.37,62.18,0.464
12.38,62.19,0.464
12.38,62.21,0.464
12.38,62.22,0.464
12.38,62.24,0.464
12.38,62.26,0.464
12.38,62.27,0.464
12.38,62.29,0.464
12.39,62.31,0.464
12.39,62.32,0.464
12.39,62.34,0.464
12.39,62.36,0.464
12.39,62.37,0.464
12.40,62.39,0.464
12.40,62.41,0.464
12.40,62.42,0.464
12.40,62.44,0.464
12.40,62.46,0.464
12.40,62.47,0.464
12.40,62.49,0.464
12.41,62.51,0.464
12.41,62.52,0.464
12.41,62.54,0.464
12.41,62.56,0.464
12.41,62.57,0.464
12.42,62.59,0.464
12.42,62.61,0.464
12.42,62.62,0.464
12.42,62.64,0.464
12.42,62.66,0.464
12.42,62.67,0.464
12.43,62.69,0.464
12.43,62.71,0.464
12.43,62.72,0.464
12.43,62.74,0.464
12.43,62.76,0.464
12.43,62.77,0.464
12.43,62.79,0.464
12.44,62.80,0.464
12.44,62.82,0.464
12.44,62.84,0.464
12.44,62.86,0.464
12.44,62.87,0.464
12.45,62.89,0.464
12.45,62.91,0.464
12.45,62.92,0.464
12.45,62.94,0.463
12.45,62.96,0.463
12.45,62.97,0.463
12.45,62.99,0.463
12.46,63.01,0.463
12.46,63.02,0.463
12.46,63.04,0.463
12.46,63.06,0.463
12.46,63.07,0.463
12.47,63.09,0.463
12.47,63.11,0.463
12.47,63.12,0.463
12.47,63.14,0.463
12.47,63.16,0.462
12.47,63.17,0.462
12.48,63.19,0.462
12.48,63.21,0.462
12.48,63.22,0.462
12.48,63.24,0.462
12.48,63.26,0.461
12.48,63.27,0.461
12.48,63.29,0.461
12.49,63.31,0.461
12.49,63.32,0.460
12.49,63.34,0.460
12.49,63.36,0.460
12.49,63.37,0.460
12.50,63.39,0.459
12.50,63.41,0.459
12.50,63.42,0.459
12.50,63.44,0.458
12.50,63.46,0.458
12.50,63.48,0.457
12.50,63.49,0.457
12.51,63.51,0.457
12.51,63.53,0.456
12.51,63.54,0.456
12.51,63.56,0.456
12.51,63.58,0.455
12.52,63.59,0.455
12.52,63.61,0.455
12.52,63.63,0.454
12.52,63.64,0.454
12.52,63.66,0.454
12.52,63.68,0.454
12.53,63.69,0.453
12.53,63.71,0.453
12.53,63.73,0.453
12.53,63.74,0.452
12.53,63.76,0.452
12.53,63.78,0.452
12.53,63.79,0.451
12.54,63.81,0.451
12.54,63.83,0.451
12.54,63.84,0.450
12.54,63.86,0.450
12.54,63.88,0.449
12.55,63.90,0.449
12.55,63.91,0.449
12.55,63.93,0.448
12.55,63.95,0.448
12.55,63.96,0.447
12.55,63.98,0.447
12.55,64.00,0.447
12.56,64.01,0.446
12.56,64.03,0.446
12.56,64.05,0.445
12.56,64.06,0.445
12.56,64.08,0.445
12.57,64.10,0.445
12.57,64.11,0.444
12.57,64.13,0.444
12.57,64.15,0.444
12.57,64.16,0.444
12.57,64.18,0.443
12.58,64.20,0.443
12.58,64.21,0.443
12.58,64.23,0.443
12.58,64.25,0.442
12.58,64.27,0.442
12.58,64.28,0.442
12.58,64.30,0.441
12.59,64.32,0.441
12.59,64.33,0.440
12.59,64.35,0.440
12.59,64.37,0.440
12.59,64.38,0.440
12.60,64.40,0.439
12.60,64.42,0.439
12.60,64.43,0.438
12.60,64.45,0.438
12.60,64.47,0.437
12.60,64.48,0.436
12.60,64.50,0.436
12.61,64.52,0.436
12.61,64.54,0.435
12.61,64.55,0.435
12.61,64.57,0.434
12.61,64.59,0.434
12.62,64.60,0.434
12.62,64.62,0.434
12.62,64.64,0.434
12.62,64.65,0.433
12.62,64.67,0.433
12.62,64.69,0.433
12.63,64.70,0.432
12.63,64.72,0.432
12.63,64.74,0.432
12.63,64.76,0.431
12.63,64.77,0.431
12.63,64.79,0.430
12.63,64.81,0.430
12.64,64.82,0.429
12.64,64.84,0.429
12.64,64.86,0.429
12.64,64.87,0.428
12.64,64.89,0.428
12.65,64.91,0.428
12.65,64.92,0.428
12.65,64.94,0.427
12.65,64.96,0.427
12.65,64.97,0.426
12.65,64.99,0.426
12.65,65.01,0.425
12.66,65.03,0.425
12.66,65.04,0.424
12.66,65.06,0.424
12.66,65.08,0.424
12.66,65.09,0.423
12.67,65.11,0.423
12.67,65.13,0.423
12.67,65.14,0.423
12.67,65.16,0.422
12.67,65.18,0.422
12.67,65.19,0.421
12.68,65.21,0.421
12.68,65.23,0.421
12.68,65.24,0.420
12.68,65.26,0.420
12.68,65.28,0.420
12.68,65.30,0.419
12.68,65.31,0.419
12.69,65.33,0.418
12.69,65.35,0.418
12.69,65.36,0.417
12.69,65.38,0.417
12.69,65.40,0.417
12.70,65.41,0.417
12.70,65.43,0.416
12.70,65.45,0.416
12.70,65.46,0.416
12.70,65.48,0.416
12.70,65.50,0.415
12.70,65.51,0.414
12.71,65.53,0.414
12.71,65.55,0.413
12.71,65.57,0.413
12.71,65.58,0.412
12.71,65.60,0.412
12.72,65.62,0.412
12.72,65.63,0.412
12.72,65.65,0.411
12.72,65.67,0.411
12.72,65.68,0.411
12.72,65.70,0.411
12.73,65.72,0.410
12.73,65.74,0.410
12.73,65.75,0.410
12.73,65.77,0.409
12.73,65.79,0.409
12.73,65.80,0.408
12.73,65.82,0.408
12.74,65.84,0.407
12.74,65.85,0.407
12.74,65.87,0.407
12.74,65.89,0.407
12.74,65.90,0.406
12.75,65.92,0.406
12.75,65.94,0.406
12.75,65.95,0.405
12.75,65.97,0.405
12.75,65.99,0.404
12.75,66.00,0.404
12.75,66.02,0.403
12.76,66.04,0.403
12.76,66.06,0.403
12.76,66.07,0.403
12.76,66.09,0.402
12.76,66.11,0.402
12.77,66.12,0.402
12.77,66.14,0.401
12.77,66.16,0.401
12.77,66.17,0.401
12.77,66.19,0.401
12.77,66.21,0.401
12.78,66.22,0.400
12.78,66.24,0.400
12.78,66.26,0.399
12.78,66.27,0.399
12.78,66.29,0.398
12.78,66.31,0.398
12.78,66.33,0.397
12.79,66.34,0.397
12.79,66.36,0.397
12.79,66.38,0.396
12.79,66.39,0.396
12.79,66.41,0.396
12.80,66.43,0.396
12.80,66.44,0.396
12.80,66.46,0.395
12.80,66.48,0.395
12.80,66.49,0.394
12.80,66.51,0.394
12.80,66.53,0.394
12.81,66.55,0.393
12.81,66.56,0.393
12.81,66.58,0.393
12.81,66.60,0.393
12.81,66.61,0.393
12.82,66.63,0.393
12.82,66.65,0.392
12.82,66.66,0.392
12.82,66.68,0.391
12.82,66.70,0.390
12.82,66.71,0.390
12.83,66.73,0.390
12.83,66.75,0.390
12.83,66.76,0.390
12.83,66.78,0.390
12.83,66.80,0.390
12.83,66.82,0.390
12.83,66.83,0.390
12.84,66.85,0.390
12.84,66.87,0.389
12.84,66.88,0.389
12.84,66.90,0.388
12.84,66.92,0.387
12.85,66.93,0.387
12.85,66.95,0.386
12.85,66.97,0.386
12.85,66.98,0.385
12.85,67.00,0.385
12.85,67.02,0.385
12.85,67.03,0.385
12.86,67.05,0.385
12.86,67.07,0.385
12.86,67.08,0.385
12.86,67.10,0.385
12.86,67.12,0.384
12.87,67.13,0.384
12.87,67.15,0.384
12.87,67.17,0.383
12.87,67.19,0.383
12.87,67.20,0.383
12.87,67.22,0.383
12.88,67.24,0.383
12.88,67.25,0.382
12.88,67.27,0.382
12.88,67.29,0.382
12.88,67.30,0.381
12.88,67.32,0.381
12.88,67.34,0.380
12.89,67.35,0.380
12.89,67.37,0.380
12.89,67.39,0.380
12.89,67.41,0.380
12.89,67.42,0.380
12.90,67.44,0.380
12.90,67.46,0.380
12.90,67.47,0.380
12.90,67.49,0.379
12.90,67.51,0.379
12.90,67.52,0.379
12.90,67.54,0.379
12.91,67.56,0.378
12.91,67.57,0.378
12.91,67.59,0.378
12.91,67.61,0.378
12.91,67.62,0.377
12.92,67.64,0.377
12.92,67.66,0.377
12.92,67.67,0.377
12.92,67.69,0.377
12.92,67.71,0.376
12.92,67.72,0.376
12.93,67.74,0.376
12.93,67.76,0.376
12.93,67.78,0.376
12.93,67.79,0.376
12.93,67.81,0.376
12.93,67.82,0.376
12.93,67.84,0.376
12.94,67.86,0.375
12.94,67.88,0.375
12.94,67.89,0.375
12.94,67.91,0.374
12.94,67.93,0.374
12.95,67.94,0.374
12.95,67.96,0.374
12.95,67.98,0.374
12.95,67.99,0.374
12.95,68.01,0.374
12.95,68.03,0.373
12.95,68.04,0.373
12.96,68.06,0.373
12.96,68.08,0.373
12.96,68.10,0.373
12.96,68.11,0.372
12.96,68.13,0.372
12.97,68.14,0.372
12.97,68.16,0.371
12.97,68.18,0.371
12.97,68.19,0.371
12.97,68.21,0.371
12.97,68.23,0.371
12.98,68.25,0.371
12.98,68.26,0.371
12.98,68.28,0.371
12.98,68.30,0.370
12.98,68.31,0.370
12.98,68.33,0.370
12.98,68.35,0.370
12.99,68.36,0.370
12.99,68.38,0.369
12.99,68.40,0.369
12.99,68.41,0.369
12.99,68.43,0.369
13.00,68.45,0.369
13.00,68.46,0.369
13.00,68.48,0.369
13.00,68.50,0.369
13.00,68.51,0.369
13.00,68.53,0.369
13.00,68.55,0.368
13.01,68.57,0.368
13.01,68.58,0.368
13.01,68.60,0.368
13.01,68.62,0.368
13.01,68.63,0.368
13.02,68.65,0.368
13.02,68.67,0.368
13.02,68.68,0.368
13.02,68.70,0.368
13.02,68.72,0.367
13.02,68.73,0.367
13.03,68.75,0.367
13.03,68.77,0.367
13.03,68.78,0.367
13.03,68.80,0.367
13.03,68.82,0.367
13.03,68.83,0.367
13.03,68.85,0.366
13.04,68.87,0.366
13.04,68.88,0.366
13.04,68.90,0.366
13.04,68.92,0.366
13.04,68.93,0.366
13.05,68.95,0.366
13.05,68.97,0.366
13.05,68.99,0.366
13.05,69.00,0.366
13.05,69.02,0.366
13.05,69.03,0.366
13.05,69.05,0.366
13.06,69.07,0.366
13.06,69.08,0.366
13.06,69.10,0.366
13.06,69.12,0.365
13.06,69.14,0.365
13.07,69.15,0.365
13.07,69.17,0.365
13.07,69.18,0.365
13.07,69.20,0.365
13.07,69.22,0.365
13.07,69.24,0.365
13.08,69.25,0.365
13.08,69.27,0.365
13.08,69.29,0.365
13.08,69.30,0.365
13.08,69.32,0.365
13.08,69.34,0.365
13.08,69.35,0.364
13.09,69.37,0.364
13.09,69.39,0.364
13.09,69.40,0.364
13.09,69.42,0.364
13.09,69.44,0.364
13.10,69.45,0.364
13.10,69.47,0.364
13.10,69.49,0.364
13.10,69.50,0.364
13.10,69.52,0.364
13.10,69.54,0.364
13.10,69.55,0.364
13.11,69.57,0.364
13.11,69.59,0.364
13.11,69.60,0.364
13.11,69.62,0.364
13.11,69.64,0.364
13.12,69.66,0.364
13.12,69.67,0.364
13.12,69.69,0.364
13.12,69.71,0.363
13.12,69.72,0.363
13.12,69.74,0.363
13.13,69.76,0.363
13.13,69.77,0.363
13.13,69.79,0.363
13.13,69.81,0.363
13.13,69.82,0.363
13.13,69.84,0.363
13.13,69.86,0.363
13.14,69.87,0.363
13.14,69.89,0.363
13.14,69.91,0.363
13.14,69.92,0.363
13.14,69.94,0.363
13.15,69.96,0.363
13.15,69.97,0.363
13.15,69.99,0.363
13.15,70.01,0.363
13.15,70.02,0.363
13.15,70.04,0.362
13.15,70.06,0.362
13.16,70.07,0.362
13.16,70.09,0.362
13.16,70.11,0.362
13.16,70.12,0.362
13.16,70.14,0.362
13.17,70.16,0.362
13.17,70.17,0.362
13.17,70.19,0.362
13.17,70.21,0.362
13.17,70.22,0.362
13.17,70.24,0.362
13.18,70.26,0.362
13.18,70.27,0.362
13.18,70.29,0.362
13.18,70.31,0.362
13.18,70.33,0.362
13.18,70.34,0.362
13.18,70.36,0.362
13.19,70.37,0.362
13.19,70.39,0.362
13.19,70.41,0.362
13.19,70.43,0.362
13.19,70.44,0.362
13.20,70.46,0.362
13.20,70.47,0.362
13.20,70.49,0.362
13.20,70.51,0.362
13.20,70.53,0.362
13.20,70.54,0.361
13.20,70.56,0.361
13.21,70.58,0.361
13.21,70.59,0.361
13.21,70.61,0.361
13.21,70.63,0.361
13.21,70.64,0.361
13.22,70.66,0.361
13.22,70.68,0.361
13.22,70.69,0.361
13.22,70.71,0.361
13.22,70.73,0.361
13.22,70.74,0.361
13.23,70.76,0.361
13.23,70.78,0.361
13.23,70.79,0.361
13.23,70.81,0.361
13.23,70.83,0.361
13.23,70.84,0.361
13.23,70.86,0.361
13.24,70.88,0.361
13.24,70.89,0.361
13.24,70.91,0.361
13.24,70.93,0.361
13.24,70.94,0.361
13.25,70.96,0.361
13.25,70.98,0.361
13.25,70.99,0.361
13.25,71.01,0.361
13.25,71.03,0.361
13.25,71.04,0.361
13.25,71.06,0.361
13.26,71.08,0.361
13.26,71.09,0.361
13.26,71.11,0.361
13.26,71.13,0.361
13.26,71.14,0.361
13.27,71.16,0.361
13.27,71.18,0.361
13.27,71.19,0.361
13.27,71.21,0.361
13.27,71.23,0.361
13.27,71.24,0.361
13.28,71.26,0.361
13.28,71.28,0.361
13.28,71.29,0.361
13.28,71.31,0.361
13.28,71.33,0.360
13.28,71.34,0.360
13.28,71.36,0.360
13.29,71.38,0.360
13.29,71.39,0.360
13.29,71.41,0.360
13.29,71.43,0.360
13.29,71.44,0.360
13.30,71.46,0.360
13.30,71.48,0.360
13.30,71.49,0.360
13.30,71.51,0.360
13.30,71.53,0.360
13.30,71.54,0.360
13.30,71.56,0.360
13.31,71.58,0.360
13.31,71.60,0.360
13.31,71.61,0.360
13.31,71.63,0.360
13.31,71.64,0.360
13.32,71.66,0.360
13.32,71.68,0.360
13.32,71.69,0.360
13.32,71.71,0.360
13.32,71.73,0.360
13.32,71.75,0.360
13.33,71.76,0.360
13.33,71.78,0.360
13.33,71.80,0.360
13.33,71.81,0.360
13.33,71.83,0.360
13.33,71.85,0.360
13.33,71.86,0.360
13.34,71.88,0.360
13.34,71.90,0.360
13.34,71.91,0.360
13.34,71.93,0.360
13.34,71.95,0.360
13.35,71.96,0.360
13.35,71.98,0.360
13.35,71.99,0.360
13.35,72.01,0.360
13.35,72.03,0.360
13.35,72.05,0.360
13.35,72.06,0.360
13.36,72.08,0.360
13.36,72.09,0.360
13.36,72.11,0.360
13.36,72.13,0.360
13.36,72.15,0.360
13.37,72.16,0.360
13.37,72.18,0.360
13.37,72.20,0.360
13.37,72.21,0.360
13.37,72.23,0.360
13.37,72.25,0.360
13.38,72.26,0.360
13.38,72.28,0.360
13.38,72.30,0.360
13.38,72.31,0.360
13.38,72.33,0.360
13.38,72.35,0.360
13.38,72.36,0.360
13.39,72.38,0.360
13.39,72.40,0.360
13.39,72.41,0.359
13.39,72.43,0.359
13.39,72.45,0.359
13.40,72.46,0.359
13.40,72.48,0.359
13.40,72.50,0.359
13.40,72.51,0.359
13.40,72.53,0.359
13.40,72.55,0.359
13.40,72.56,0.359
13.41,72.58,0.359
13.41,72.60,0.359
13.41,72.61,0.359
13.41,72.63,0.359
13.41,72.65,0.359
13.42,72.66,0.359
13.42,72.68,0.359
13.42,72.70,0.359
13.42,72.71,0.359
13.42,72.73,0.359
13.42,72.75,0.359
13.43,72.76,0.359
13.43,72.78,0.359
13.43,72.80,0.359
13.43,72.81,0.359
13.43,72.83,0.359
13.43,72.85,0.359
13.43,72.86,0.359
13.44,72.88,0.359
13.44,72.90,0.359
13.44,72.91,0.359
13.44,72.93,0.359
13.44,72.95,0.359
13.45,72.96,0.359
13.45,72.98,0.359
13.45,73.00,0.359
13.45,73.01,0.359
13.45,73.03,0.359
13.45,73.05,0.359
13.45,73.06,0.359
13.46,73.08,0.359
13.46,73.10,0.359
13.46,73.11,0.359
13.46,73.13,0.359
13.46,73.15,0.359
13.47,73.16,0.359
13.47,73.18,0.359
13.47,73.20,0.359
13.47,73.21,0.359
13.47,73.23,0.359
13.47,73.25,0.359
13.48,73.26,0.359
13.48,73.28,0.359
13.48,73.30,0.359
13.48,73.31,0.359
13.48,73.33,0.359
13.48,73.35,0.359
13.48,73.36,0.359
13.49,73.38,0.359
13.49,73.40,0.359
13.49,73.41,0.359
13.49,73.43,0.359
13.49,73.45,0.359
13.50,73.46,0.359
13.50,73.48,0.359
13.50,73.50,0.359
13.50,73.51,0.359
13.50,73.53,0.359
13.50,73.55,0.359
13.50,73.56,0.359
13.51,73.58,0.359
13.51,73.60,0.359
13.51,73.61,0.359
13.51,73.63,0.359
13.51,73.65,0.359
13.52,73.66,0.359
13.52,73.68,0.359
13.52,73.70,0.359
13.52,73.71,0.359
13.52,73.73,0.359
13.52,73.75,0.359
13.53,73.76,0.359
13.53,73.78,0.359
13.53,73.80,0.359
13.53,73.82,0.359
13.53,73.83,0.359
13.53,73.85,0.359
13.53,73.86,0.359
13.54,73.88,0.359
13.54,73.90,0.359
13.54,73.91,0.359
13.54,73.93,0.359
13.54,73.95,0.359
13.55,73.97,0.359
13.55,73.98,0.359
13.55,74.00,0.359
13.55,74.02,0.359
13.55,74.03,0.359
13.55,74.05,0.359
13.55,74.07,0.359
13.56,74.08,0.359
13.56,74.10,0.359
13.56,74.12,0.359
13.56,74.13,0.359
13.56,74.15,0.359
13.57,74.17,0.359
13.57,74.18,0.359
13.57,74.20,0.359
13.57,74.21,0.359
13.57,74.23,0.359
13.57,74.25,0.359
13.58,74.27,0.359
13.58,74.28,0.359
13.58,74.30,0.359
13.58,74.32,0.359
13.58,74.33,0.359
13.58,74.35,0.359
13.58,74.37,0.359
13.59,74.38,0.359
13.59,74.40,0.359
13.59,74.42,0.359
13.59,74.43,0.359
13.59,74.45,0.359
13.60,74.47,0.359
13.60,74.48,0.359
13.60,74.50,0.359
13.60,74.52,0.359
13.60,74.53,0.359
13.60,74.55,0.359
13.60,74.57,0.359
13.61,74.58,0.359
13.61,74.60,0.359
13.61,74.62,0.359
13.61,74.63,0.359
13.61,74.65,0.359
13.62,74.67,0.359
13.62,74.68,0.359
13.62,74.70,0.359
13.62,74.72,0.359
13.62,74.73,0.359
13.62,74.75,0.359
13.63,74.77,0.359
13.63,74.78,0.359
13.63,74.80,0.359
13.63,74.82,0.359
13.63,74.83,0.359
13.63,74.85,0.359
13.63,74.87,0.359
13.64,74.88,0.359
13.64,74.90,0.359
13.64,74.92,0.359
13.64,74.93,0.359
13.64,74.95,0.359
13.65,74.97,0.359
13.65,74.98,0.359
13.65,75.00,0.359
13.65,75.02,0.359
13.65,75.03,0.359
13.65,75.05,0.359
13.65,75.07,0.359
13.66,75.08,0.359
13.66,75.10,0.359
13.66,75.12,0.359
13.66,75.13,0.359
13.66,75.15,0.359
13.67,75.17,0.359
13.67,75.18,0.359
13.67,75.20,0.359
13.67,75.22,0.359
13.67,75.23,0.359
13.67,75.25,0.359
13.68,75.27,0.359
13.68,75.28,0.359
13.68,75.30,0.359
13.68,75.32,0.359
13.68,75.33,0.359
13.68,75.35,0.359
13.68,75.37,0.359
13.69,75.38,0.359
13.69,75.40,0.359
13.69,75.42,0.359
13.69,75.43,0.359
13.69,75.45,0.359
13.70,75.47,0.359
13.70,75.48,0.359
13.70,75.50,0.359
13.70,75.52,0.359
13.70,75.53,0.359
13.70,75.55,0.359
13.70,75.57,0.359
13.71,75.58,0.359
13.71,75.60,0.359
13.71,75.62,0.359
13.71,75.63,0.359
13.71,75.65,0.359
13.72,75.67,0.359
13.72,75.68,0.359
13.72,75.70,0.359
13.72,75.72,0.359
13.72,75.73,0.359
13.72,75.75,0.359
13.73,75.77,0.359
13.73,75.78,0.359
13.73,75.80,0.359
13.73,75.82,0.359
13.73,75.83,0.359
13.73,75.85,0.359
13.73,75.87,0.359
13.74,75.88,0.359
13.74,75.90,0.359
13.74,75.92,0.359
13.74,75.93,0.359
13.74,75.95,0.359
13.75,75.97,0.359
13.75,75.98,0.359
13.75,76.00,0.359
13.75,76.02,0.359
13.75,76.03,0.359
13.75,76.05,0.359
13.75,76.07,0.359
13.76,76.08,0.359
13.76,76.10,0.359
13.76,76.12,0.359
13.76,76.13,0.359
13.76,76.15,0.359
13.77,76.17,0.359
13.77,76.18,0.359
13.77,76.20,0.359
13.77,76.22,0.359
13.77,76.23,0.359
13.77,76.25,0.359
13.78,76.27,0.359
13.78,76.28,0.359
13.78,76.30,0.359
13.78,76.32,0.359
13.78,76.34,0.359
13.78,76.35,0.359
13.78,76.37,0.359
13.79,76.39,0.359
13.79,76.40,0.359
13.79,76.42,0.359
13.79,76.43,0.359
13.79,76.45,0.359
13.80,76.47,0.359
13.80,76.48,0.359
13.80,76.50,0.359
13.80,76.52,0.359
13.80,76.53,0.359
13.80,76.55,0.359
13.80,76.57,0.359
13.81,76.59,0.359
13.81,76.60,0.359
13.81,76.62,0.359
13.81,76.63,0.359
13.81,76.65,0.359
13.82,76.67,0.359
13.82,76.69,0.359
13.82,76.70,0.359
13.82,76.72,0.359
13.82,76.74,0.359
13.82,76.75,0.359
13.83,76.77,0.359
13.83,76.79,0.359
13.83,76.80,0.359
13.83,76.82,0.359
13.83,76.84,0.359
13.83,76.85,0.359
13.83,76.87,0.359
13.84,76.89,0.359
13.84,76.90,0.359
13.84,76.92,0.359
13.84,76.94,0.359
13.84,76.95,0.359
13.85,76.97,0.359
13.85,76.98,0.360
13.85,77.00,0.360
13.85,77.02,0.360
13.85,77.04,0.360
13.85,77.05,0.360
13.85,77.07,0.360
13.86,77.09,0.360
13.86,77.10,0.360
13.86,77.12,0.360
13.86,77.14,0.360
13.86,77.15,0.360
13.87,77.17,0.360
13.87,77.19,0.360
13.87,77.20,0.360
13.87,77.22,0.360
13.87,77.24,0.360
13.87,77.25,0.360
13.88,77.27,0.360
13.88,77.29,0.360
13.88,77.30,0.360
13.88,77.32,0.360
13.88,77.34,0.360
13.88,77.35,0.360
13.88,77.37,0.360
13.89,77.39,0.360
13.89,77.40,0.360
13.89,77.42,0.360
13.89,77.44,0.360
13.89,77.45,0.360
13.90,77.47,0.360
13.90,77.49,0.360
13.90,77.50,0.360
13.90,77.52,0.360
13.90,77.54,0.360
13.90,77.55,0.360
13.90,77.57,0.360
13.91,77.59,0.360
13.91,77.60,0.360
13.91,77.62,0.360
13.91,77.64,0.360
13.91,77.65,0.360
13.92,77.67,0.360
13.92,77.69,0.360
13.92,77.70,0.360
13.92,77.72,0.360
13.92,77.74,0.360
13.92,77.75,0.360
13.93,77.77,0.360
13.93,77.79,0.360
13.93,77.80,0.360
13.93,77.82,0.360
13.93,77.84,0.360
13.93,77.85,0.360
13.93,77.87,0.360
13.94,77.89,0.360
13.94,77.90,0.360
13.94,77.92,0.360
13.94,77.94,0.360
13.94,77.95,0.360
13.95,77.97,0.360
13.95,77.99,0.360
13.95,78.00,0.360
13.95,78.02,0.360
13.95,78.04,0.360
13.95,78.05,0.360
13.95,78.07,0.360
13.96,78.09,0.360
13.96,78.10,0.360
13.96,78.12,0.360
13.96,78.14,0.360
13.96,78.15,0.360
13.97,78.17,0.360
13.97,78.19,0.360
13.97,78.20,0.360
13.97,78.22,0.360
13.97,78.24,0.360
13.97,78.25,0.360
13.98,78.27,0.360
13.98,78.29,0.360
13.98,78.30,0.360
13.98,78.32,0.360
13.98,78.34,0.360
13.98,78.35,0.360
13.98,78.37,0.360
13.99,78.39,0.360
13.99,78.40,0.360
13.99,78.42,0.360
13.99,78.44,0.360
13.99,78.45,0.360
14.00,78.47,0.360
14.00,78.49,0.360
14.00,78.50,0.360
14.00,78.52,0.360
14.00,78.54,0.360
14.00,78.55,0.360
14.00,78.57,0.360
14.01,78.59,0.360
14.01,78.60,0.360
14.01,78.62,0.360
14.01,78.64,0.361
14.01,78.65,0.361
14.02,78.67,0.361
14.02,78.69,0.361
14.02,78.70,0.361
14.02,78.72,0.361
14.02,78.74,0.361
14.02,78.75,0.361
14.03,78.77,0.361
14.03,78.79,0.361
14.03,78.80,0.361
14.03,78.82,0.361
14.03,78.84,0.361
14.03,78.85,0.361
14.03,78.87,0.361
14.04,78.89,0.361
14.04,78.90,0.361
14.04,78.92,0.361
14.04,78.94,0.361
14.04,78.95,0.361
14.05,78.97,0.361
14.05,78.99,0.361
14.05,79.00,0.361
14.05,79.02,0.361
14.05,79.04,0.361
14.05,79.05,0.361
14.05,79.07,0.361
14.06,79.09,0.361
14.06,79.10,0.361
14.06,79.12,0.361
14.06,79.14,0.361
14.06,79.15,0.361
14.07,79.17,0.361
14.07,79.19,0.361
14.07,79.20,0.361
14.07,79.22,0.361
14.07,79.24,0.361
14.07,79.25,0.361
14.08,79.27,0.361
14.08,79.29,0.361
14.08,79.30,0.361
14.08,79.32,0.361
14.08,79.34,0.361
14.08,79.35,0.361
14.08,79.37,0.361
14.09,79.39,0.361
14.09,79.40,0.361
14.09,79.42,0.361
14.09,79.44,0.361
14.09,79.45,0.361
14.10,79.47,0.361
14.10,79.49,0.361
14.10,79.50,0.361
14.10,79.52,0.361
14.10,79.54,0.361
14.10,79.55,0.361
14.10,79.57,0.361
14.11,79.59,0.361
14.11,79.60,0.361
14.11,79.62,0.361
14.11,79.64,0.361
14.11,79.65,0.361
14.12,79.67,0.361
14.12,79.69,0.361
14.12,79.70,0.361
14.12,79.72,0.361
14.12,79.74,0.361
14.12,79.75,0.361
14.13,79.77,0.361
14.13,79.79,0.361
14.13,79.80,0.361
14.13,79.82,0.361
14.13,79.84,0.361
14.13,79.85,0.361
14.13,79.87,0.361
14.14,79.89,0.361
14.14,79.90,0.361
14.14,79.92,0.361
14.14,79.94,0.361
14.14,79.95,0.361
14.15,79.97,0.361
14.15,79.99,0.361
14.15,80.00,0.361
14.15,80.02,0.361
14.15,80.04,0.362
14.15,80.05,0.362
14.15,80.07,0.362
14.16,80.09,0.362
14.16,80.11,0.362
14.16,80.12,0.362
14.16,80.14,0.362
14.16,80.15,0.362
14.17,80.17,0.362
14.17,80.19,0.362
14.17,80.20,0.362
14.17,80.22,0.362
14.17,80.24,0.362
14.17,80.25,0.362
14.18,80.27,0.362
14.18,80.29,0.362
14.18,80.31,0.362
14.18,80.32,0.362
14.18,80.34,0.362
14.18,80.36,0.362
14.18,80.37,0.362
14.19,80.39,0.362
14.19,80.40,0.362
14.19,80.42,0.362
14.19,80.44,0.362
14.19,80.45,0.362
14.20,80.47,0.362
14.20,80.49,0.362
14.20,80.50,0.362
14.20,80.52,0.362
14.20,80.54,0.362
14.20,80.55,0.362
14.20,80.57,0.362
14.21,80.59,0.362
14.21,80.60,0.362
14.21,80.62,0.362
14.21,80.64,0.362
14.21,80.65,0.362
14.22,80.67,0.362
14.22,80.69,0.362
14.22,80.70,0.362
14.22,80.72,0.362
14.22,80.74,0.362
14.22,80.75,0.362
14.23,80.77,0.362
14.23,80.79,0.362
14.23,80.81,0.362
14.23,80.82,0.362
14.23,80.84,0.362
14.23,80.85,0.362
14.23,80.87,0.362
14.24,80.89,0.362
14.24,80.90,0.362
14.24,80.92,0.362
14.24,80.94,0.362
14.24,80.95,0.362
14.25,80.97,0.362
14.25,80.99,0.362
14.25,81.00,0.362
14.25,81.02,0.362
14.25,81.04,0.362
14.25,81.05,0.362
14.25,81.07,0.362
14.26,81.09,0.362
14.26,81.11,0.362
14.26,81.12,0.362
14.26,81.14,0.362
14.26,81.15,0.362
14.27,81.17,0.362
14.27,81.19,0.362
14.27,81.20,0.362
14.27,81.22,0.362
14.27,81.24,0.362
14.27,81.26,0.362
14.28,81.27,0.362
14.28,81.29,0.362
14.28,81.31,0.362
14.28,81.32,0.362
14.28,81.34,0.362
14.28,81.35,0.363
14.28,81.37,0.363
14.29,81.39,0.363
14.29,81.41,0.363
14.29,81.42,0.363
14.29,81.44,0.363
14.29,81.46,0.363
14.30,81.47,0.363
14.30,81.49,0.363
14.30,81.51,0.363
14.30,81.52,0.363
14.30,81.54,0.363
14.30,81.56,0.363
14.30,81.57,0.363
14.31,81.59,0.363
14.31,81.61,0.363
14.31,81.62,0.363
14.31,81.64,0.363
14.31,81.66,0.363
14.32,81.67,0.363
14.32,81.69,0.363
14.32,81.71,0.363
14.32,81.72,0.363
14.32,81.74,0.363
14.32,81.76,0.363
14.33,81.77,0.363
14.33,81.79,0.363
14.33,81.81,0.363
14.33,81.82,0.363
14.33,81.84,0.363
14.33,81.86,0.363
14.33,81.87,0.363
14.34,81.89,0.363
14.34,81.91,0.363
14.34,81.92,0.363
14.34,81.94,0.363
14.34,81.96,0.363
14.35,81.97,0.363
14.35,81.99,0.363
14.35,82.01,0.363
14.35,82.02,0.363
14.35,82.04,0.363
14.35,82.06,0.363
14.35,82.07,0.363
14.36,82.09,0.363
14.36,82.11,0.363
14.36,82.12,0.363
14.36,82.14,0.363
14.36,82.16,0.363
14.37,82.17,0.363
14.37,82.19,0.363
14.37,82.21,0.363
14.37,82.22,0.363
14.37,82.24,0.363
14.37,82.26,0.363
14.38,82.27,0.363
14.38,82.29,0.363
14.38,82.31,0.363
14.38,82.32,0.363
14.38,82.34,0.363
14.38,82.36,0.363
14.38,82.37,0.363
14.39,82.39,0.363
14.39,82.41,0.363
14.39,82.42,0.363
14.39,82.44,0.363
14.39,82.46,0.363
14.40,82.47,0.363
14.40,82.49,0.363
14.40,82.51,0.363
14.40,82.52,0.363
14.40,82.54,0.363
14.40,82.56,0.363
14.40,82.57,0.363
14.41,82.59,0.363
14.41,82.61,0.363
14.41,82.62,0.363
14.41,82.64,0.363
14.41,82.66,0.363
14.42,82.67,0.363
14.42,82.69,0.364
14.42,82.71,0.364
14.42,82.72,0.364
14.42,82.74,0.364
14.42,82.76,0.364
14.43,82.77,0.364
14.43,82.79,0.364
14.43,82.81,0.364
14.43,82.82,0.364
14.43,82.84,0.364
14.43,82.86,0.364
14.43,82.87,0.364
14.44,82.89,0.364
14.44,82.91,0.364
14.44,82.92,0.364
14.44,82.94,0.364
14.44,82.96,0.364
14.45,82.97,0.364
14.45,82.99,0.364
14.45,83.01,0.364
14.45,83.02,0.364
14.45,83.04,0.364
14.45,83.06,0.364
14.45,83.07,0.364
14.46,83.09,0.364
14.46,83.11,0.364
14.46,83.12,0.364
14.46,83.14,0.364
14.46,83.16,0.364
14.47,83.17,0.364
14.47,83.19,0.364
14.47,83.21,0.364
14.47,83.22,0.364
14.47,83.24,0.364
14.47,83.26,0.364
14.48,83.28,0.364
14.48,83.29,0.364
14.48,83.31,0.364
14.48,83.32,0.364
14.48,83.34,0.364
14.48,83.36,0.364
14.48,83.37,0.364
14.49,83.39,0.364
14.49,83.41,0.364
14.49,83.43,0.364
14.49,83.44,0.364
14.49,83.46,0.364
14.50,83.48,0.364
14.50,83.49,0.364
14.50,83.51,0.364
14.50,83.53,0.364
14.50,83.54,0.364
14.50,83.56,0.364
14.50,83.57,0.364
14.51,83.59,0.364
14.51,83.61,0.364
14.51,83.62,0.364
14.51,83.64,0.364
14.51,83.66,0.364
14.52,83.68,0.364
14.52,83.69,0.364
14.52,83.71,0.364
14.52,83.73,0.364
14.52,83.74,0.364
14.52,83.76,0.364
14.53,83.78,0.364
14.53,83.79,0.364
14.53,83.81,0.364
14.53,83.82,0.364
14.53,83.84,0.364
14.53,83.86,0.364
14.53,83.88,0.364
14.54,83.89,0.364
14.54,83.91,0.364
14.54,83.93,0.364
14.54,83.94,0.364
14.54,83.96,0.364
14.55,83.98,0.364
14.55,83.99,0.364
14.55,84.01,0.364
14.55,84.03,0.364
14.55,84.04,0.365
14.55,84.06,0.365
14.55,84.07,0.365
14.56,84.09,0.365
14.56,84.11,0.365
14.56,84.13,0.365
14.56,84.14,0.365
14.56,84.16,0.365
14.57,84.18,0.365
14.57,84.19,0.365
14.57,84.21,0.365
14.57,84.23,0.365
14.57,84.24,0.365
14.57,84.26,0.365
14.58,84.28,0.365
14.58,84.29,0.365
14.58,84.31,0.365
14.58,84.33,0.365
14.58,84.34,0.365
14.58,84.36,0.365
14.58,84.38,0.365
14.59,84.39,0.365
14.59,84.41,0.365
14.59,84.43,0.365
14.59,84.44,0.365
14.59,84.46,0.365
14.60,84.48,0.365
14.60,84.49,0.365
14.60,84.51,0.365
14.60,84.53,0.365
14.60,84.54,0.365
14.60,84.56,0.365
14.60,84.58,0.365
14.61,84.59,0.365
14.61,84.61,0.365
14.61,84.63,0.365
14.61,84.64,0.365
14.61,84.66,0.365
14.62,84.68,0.365
14.62,84.69,0.365
14.62,84.71,0.365
14.62,84.73,0.365
14.62,84.74,0.365
14.62,84.76,0.365
14.63,84.78,0.365
14.63,84.79,0.365
14.63,84.81,0.365
14.63,84.83,0.365
14.63,84.84,0.365
14.63,84.86,0.365
14.63,84.88,0.365
14.64,84.89,0.365
14.64,84.91,0.365
14.64,84.93,0.365
14.64,84.94,0.365
14.64,84.96,0.365
14.65,84.98,0.365
14.65,84.99,0.365
14.65,85.01,0.365
14.65,85.03,0.365
14.65,85.04,0.365
14.65,85.06,0.365
14.65,85.08,0.365
14.66,85.09,0.365
14.66,85.11,0.365
14.66,85.13,0.365
14.66,85.14,0.365
14.66,85.16,0.365
14.67,85.18,0.365
14.67,85.19,0.365
14.67,85.21,0.365
14.67,85.23,0.365
14.67,85.24,0.365
14.67,85.26,0.365
14.68,85.28,0.365
14.68,85.29,0.365
14.68,85.31,0.365
14.68,85.33,0.365
14.68,85.34,0.365
14.68,85.36,0.365
14.68,85.38,0.365
14.69,85.39,0.365
14.69,85.41,0.365
14.69,85.43,0.365
14.69,85.44,0.365
14.69,85.46,0.365
14.70,85.48,0.365
14.70,85.49,0.365
14.70,85.51,0.365
14.70,85.53,0.365
14.70,85.54,0.365
14.70,85.56,0.365
14.70,85.58,0.365
14.71,85.59,0.365
14.71,85.61,0.365
14.71,85.63,0.366
14.71,85.64,0.366
14.71,85.66,0.366
14.72,85.68,0.366
14.72,85.69,0.366
14.72,85.71,0.366
14.72,85.73,0.366
14.72,85.74,0.366
14.72,85.76,0.366
14.73,85.78,0.366
14.73,85.79,0.366
14.73,85.81,0.366
14.73,85.83,0.366
14.73,85.84,0.366
14.73,85.86,0.366
14.73,85.88,0.366
14.74,85.89,0.366
14.74,85.91,0.366
14.74,85.93,0.366
14.74,85.94,0.366
14.74,85.96,0.366
14.75,85.98,0.366
14.75,85.99,0.366
14.75,86.01,0.366
14.75,86.03,0.366
14.75,86.04,0.366
14.75,86.06,0.366
14.75,86.08,0.366
14.76,86.09,0.366
14.76,86.11,0.366
14.76,86.13,0.366
14.76,86.14,0.366
14.76,86.16,0.366
14.77,86.18,0.366
14.77,86.19,0.366
14.77,86.21,0.366
14.77,86.23,0.366
14.77,86.24,0.366
14.77,86.26,0.366
14.78,86.28,0.366
14.78,86.29,0.366
14.78,86.31,0.366
14.78,86.33,0.366
14.78,86.34,0.366
14.78,86.36,0.366
14.78,86.38,0.366
14.79,86.39,0.366
14.79,86.41,0.366
14.79,86.43,0.366
14.79,86.44,0.366
14.79,86.46,0.366
14.80,86.48,0.366
14.80,86.49,0.366
14.80,86.51,0.366
14.80,86.53,0.366
14.80,86.54,0.366
14.80,86.56,0.366
14.80,86.58,0.366
14.81,86.60,0.366
14.81,86.61,0.366
14.81,86.63,0.366
14.81,86.64,0.366
14.81,86.66,0.366
14.82,86.68,0.366
14.82,86.69,0.366
14.82,86.71,0.366
14.82,86.73,0.366
14.82,86.74,0.366
14.82,86.76,0.366
14.83,86.78,0.366
14.83,86.79,0.366
14.83,86.81,0.366
14.83,86.83,0.366
14.83,86.84,0.366
14.83,86.86,0.366
14.83,86.88,0.366
14.84,86.89,0.366
14.84,86.91,0.366
14.84,86.93,0.366
14.84,86.94,0.366
14.84,86.96,0.366
14.85,86.98,0.366
14.85,86.99,0.366
14.85,87.01,0.366
14.85,87.03,0.366
14.85,87.04,0.366
14.85,87.06,0.367
14.85,87.08,0.367
14.86,87.10,0.367
14.86,87.11,0.367
14.86,87.13,0.367
14.86,87.15,0.367
14.86,87.16,0.367
14.87,87.18,0.367
14.87,87.20,0.367
14.87,87.21,0.367
14.87,87.23,0.367
14.87,87.25,0.367
14.87,87.26,0.367
14.88,87.28,0.367
14.88,87.30,0.367
14.88,87.31,0.367
14.88,87.33,0.367
14.88,87.35,0.367
14.88,87.36,0.367
14.88,87.38,0.367
14.89,87.40,0.367
14.89,87.41,0.367
14.89,87.43,0.367
14.89,87.45,0.367
14.89,87.46,0.367
14.90,87.48,0.367
14.90,87.50,0.367
14.90,87.51,0.367
14.90,87.53,0.367
14.90,87.55,0.367
14.90,87.56,0.367
14.90,87.58,0.367
14.91,87.60,0.367
14.91,87.61,0.367
14.91,87.63,0.367
14.91,87.65,0.367
14.91,87.66,0.367
14.92,87.68,0.367
14.92,87.70,0.367
14.92,87.71,0.367
14.92,87.73,0.367
14.92,87.74,0.367
14.92,87.76,0.367
14.93,87.78,0.367
14.93,87.79,0.367
14.93,87.81,0.367
14.93,87.83,0.367
14.93,87.85,0.367
14.93,87.86,0.367
14.93,87.88,0.367
14.94,87.90,0.367
14.94,87.91,0.367
14.94,87.93,0.367
14.94,87.94,0.367
14.94,87.96,0.367
14.95,87.98,0.367
14.95,88.00,0.367
14.95,88.01,0.367
14.95,88.03,0.367
14.95,88.04,0.367
14.95,88.06,0.367
14.95,88.08,0.367
14.96,88.10,0.367
14.96,88.11,0.367
14.96,88.13,0.367
14.96,88.15,0.367
14.96,88.16,0.367
14.97,88.18,0.367
14.97,88.20,0.367
14.97,88.21,0.367
14.97,88.23,0.367
14.97,88.25,0.367
14.97,88.26,0.367
14.98,88.28,0.367
14.98,88.30,0.368
14.98,88.31,0.368
14.98,88.33,0.368
14.98,88.35,0.368
14.98,88.36,0.368
14.98,88.38,0.368
14.99,88.40,0.368
14.99,88.41,0.368
14.99,88.43,0.368
14.99,88.45,0.368
14.99,88.46,0.368
15.00,88.48,0.368
15.00,88.50,0.368
15.00,88.51,0.368
15.00,88.53,0.368
15.00,88.55,0.368
15.00,88.56,0.368
15.00,88.58,0.368
15.01,88.60,0.368
15.01,88.61,0.368
15.01,88.63,0.368
15.01,88.65,0.368
15.01,88.66,0.368
15.02,88.68,0.368
15.02,88.70,0.368
15.02,88.71,0.368
15.02,88.73,0.368
15.02,88.75,0.368
15.02,88.76,0.368
15.03,88.78,0.368
15.03,88.80,0.368
15.03,88.81,0.368
15.03,88.83,0.368
15.03,88.85,0.368
15.03,88.86,0.368
15.03,88.88,0.368
15.04,88.90,0.368
15.04,88.91,0.368
15.04,88.93,0.368
15.04,88.95,0.368
15.04,88.96,0.368
15.05,88.98,0.368
15.05,89.00,0.368
15.05,89.01,0.368
15.05,89.03,0.368
15.05,89.05,0.368
15.05,89.06,0.368
15.05,89.08,0.368
15.06,89.10,0.368
15.06,89.11,0.368
15.06,89.13,0.368
15.06,89.15,0.368
15.06,89.16,0.368
15.07,89.18,0.368
15.07,89.20,0.368
15.07,89.21,0.368
15.07,89.23,0.368
15.07,89.25,0.368
15.07,89.26,0.368
15.08,89.28,0.368
15.08,89.30,0.368
15.08,89.31,0.368
15.08,89.33,0.368
15.08,89.35,0.368
15.08,89.36,0.368
15.08,89.38,0.368
15.09,89.40,0.368
15.09,89.41,0.369
15.09,89.43,0.369
15.09,89.45,0.369
15.09,89.46,0.369
15.10,89.48,0.369
15.10,89.50,0.369
15.10,89.51,0.369
15.10,89.53,0.369
15.10,89.55,0.369
15.10,89.56,0.369
15.10,89.58,0.369
15.11,89.60,0.369
15.11,89.61,0.369
15.11,89.63,0.369
15.11,89.65,0.369
15.11,89.66,0.369
15.12,89.68,0.369
15.12,89.70,0.369
15.12,89.71,0.369
15.12,89.73,0.369
15.12,89.75,0.369
15.12,89.76,0.369
15.13,89.78,0.369
15.13,89.80,0.369
15.13,89.81,0.369
15.13,89.83,0.369
15.13,89.85,0.369
15.13,89.86,0.369
15.13,89.88,0.369
15.14,89.90,0.369
15.14,89.91,0.369
15.14,89.93,0.369
15.14,89.95,0.369
15.14,89.96,0.369
15.15,89.98,0.369
15.15,90.00,0.369
15.15,90.01,0.369
15.15,90.03,0.369
15.15,90.05,0.369
15.15,90.06,0.369
15.15,90.08,0.369
15.16,90.10,0.369
15.16,90.11,0.369
15.16,90.13,0.369
15.16,90.15,0.369
15.16,90.16,0.369
15.17,90.18,0.369
15.17,90.20,0.369
15.17,90.21,0.369
15.17,90.23,0.369
15.17,90.25,0.369
15.17,90.26,0.369
15.18,90.28,0.369
15.18,90.30,0.369
15.18,90.31,0.369
15.18,90.33,0.369
15.18,90.35,0.369
15.18,90.36,0.369
15.18,90.38,0.369
15.19,90.40,0.369
15.19,90.41,0.369
15.19,90.43,0.369
15.19,90.45,0.369
15.19,90.46,0.369
15.20,90.48,0.369
15.20,90.50,0.369
15.20,90.51,0.369
15.20,90.53,0.369
15.20,90.55,0.370
15.20,90.56,0.370
15.20,90.58,0.370
15.21,90.60,0.370
15.21,90.61,0.370
15.21,90.63,0.370
15.21,90.65,0.370
15.21,90.66,0.370
15.22,90.68,0.370
15.22,90.70,0.370
15.22,90.71,0.370
15.22,90.73,0.370
15.22,90.75,0.370
15.22,90.76,0.370
15.23,90.78,0.370
15.23,90.80,0.370
15.23,90.81,0.370
15.23,90.83,0.370
15.23,90.85,0.370
15.23,90.86,0.370
15.23,90.88,0.370
15.24,90.90,0.370
15.24,90.91,0.370
15.24,90.93,0.370
15.24,90.95,0.370
15.24,90.96,0.370
15.25,90.98,0.370
15.25,91.00,0.370
15.25,91.01,0.370
15.25,91.03,0.370
15.25,91.05,0.370
15.25,91.06,0.370
15.25,91.08,0.370
15.26,91.10,0.370
15.26,91.11,0.370
15.26,91.13,0.370
15.26,91.15,0.370
15.26,91.16,0.370
15.27,91.18,0.370
15.27,91.20,0.370
15.27,91.21,0.370
15.27,91.23,0.370
15.27,91.25,0.370
15.27,91.27,0.370
15.28,91.28,0.370
15.28,91.30,0.370
15.28,91.32,0.370
15.28,91.33,0.370
15.28,91.35,0.370
15.28,91.36,0.370
15.28,91.38,0.370
15.29,91.40,0.370
15.29,91.41,0.370
15.29,91.43,0.370
15.29,91.45,0.370
15.29,91.47,0.370
15.30,91.48,0.370
15.30,91.50,0.370
15.30,91.52,0.370
15.30,91.53,0.370
15.30,91.55,0.370
15.30,91.57,0.370
15.30,91.58,0.370
15.31,91.60,0.370
15.31,91.62,0.370
15.31,91.63,0.370
15.31,91.65,0.370
15.31,91.67,0.371
15.32,91.68,0.371
15.32,91.70,0.371
15.32,91.72,0.371
15.32,91.73,0.371
15.32,91.75,0.371
15.32,91.77,0.371
15.33,91.78,0.371
15.33,91.80,0.371
15.33,91.82,0.371
15.33,91.83,0.371
15.33,91.85,0.371
15.33,91.87,0.371
15.33,91.88,0.371
15.34,91.90,0.371
15.34,91.92,0.371
15.34,91.93,0.371
15.34,91.95,0.371
15.34,91.96,0.371
15.35,91.98,0.371
15.35,92.00,0.371
15.35,92.02,0.371
15.35,92.03,0.371
15.35,92.05,0.371
15.35,92.07,0.371
15.35,92.08,0.371
15.36,92.10,0.371
15.36,92.12,0.371
15.36,92.13,0.371
15.36,92.15,0.371
15.36,92.17,0.371
15.37,92.18,0.371
15.37,92.20,0.371
15.37,92.22,0.371
15.37,92.23,0.371
15.37,92.25,0.371
15.37,92.27,0.371
15.38,92.28,0.371
15.38,92.30,0.371
15.38,92.32,0.371
15.38,92.33,0.371
15.38,92.35,0.371
15.38,92.37,0.371
15.38,92.38,0.371
15.39,92.40,0.371
15.39,92.42,0.371
15.39,92.43,0.371
15.39,92.45,0.371
15.39,92.47,0.371
15.40,92.48,0.371
15.40,92.50,0.371
15.40,92.52,0.371
15.40,92.53,0.371
15.40,92.55,0.371
15.40,92.57,0.371
15.40,92.58,0.372
15.41,92.60,0.372
15.41,92.62,0.372
15.41,92.63,0.372
15.41,92.65,0.372
15.41,92.67,0.372
15.42,92.68,0.372
15.42,92.70,0.372
15.42,92.72,0.372
15.42,92.73,0.372
15.42,92.75,0.372
15.42,92.77,0.372
15.43,92.78,0.372
15.43,92.80,0.372
15.43,92.82,0.372
15.43,92.83,0.372
15.43,92.85,0.372
15.43,92.87,0.372
15.43,92.88,0.372
15.44,92.90,0.372
15.44,92.92,0.372
15.44,92.93,0.372
15.44,92.95,0.372
15.44,92.97,0.372
15.45,92.98,0.372
15.45,93.00,0.372
15.45,93.02,0.372
15.45,93.03,0.372
15.45,93.05,0.372
15.45,93.07,0.372
15.45,93.08,0.372
15.46,93.10,0.372
15.46,93.12,0.372
15.46,93.13,0.372
15.46,93.15,0.372
15.46,93.17,0.372
15.47,93.18,0.372
15.47,93.20,0.372
15.47,93.22,0.372
15.47,93.23,0.372
15.47,93.25,0.372
15.47,93.27,0.372
15.48,93.28,0.372
15.48,93.30,0.372
15.48,93.32,0.372
15.48,93.33,0.372
15.48,93.35,0.372
15.48,93.37,0.372
15.48,93.38,0.372
15.49,93.40,0.372
15.49,93.42,0.372
15.49,93.43,0.372
15.49,93.45,0.372
15.49,93.47,0.372
15.50,93.48,0.372
15.50,93.50,0.372
15.50,93.52,0.372
15.50,93.53,0.372
15.50,93.55,0.372
15.50,93.57,0.372
15.50,93.58,0.372
15.51,93.60,0.372
15.51,93.62,0.372
15.51,93.63,0.372
15.51,93.65,0.372
15.51,93.67,0.372
15.52,93.68,0.372
15.52,93.70,0.373
15.52,93.72,0.373
15.52,93.73,0.373
15.52,93.75,0.373
15.52,93.77,0.373
15.53,93.78,0.373
15.53,93.80,0.373
15.53,93.82,0.373
15.53,93.83,0.373
15.53,93.85,0.373
15.53,93.87,0.373
15.53,93.88,0.373
15.54,93.90,0.373
15.54,93.92,0.373
15.54,93.93,0.373
15.54,93.95,0.373
15.54,93.97,0.373
15.55,93.98,0.373
15.55,94.00,0.373
15.55,94.02,0.373
15.55,94.03,0.373
15.55,94.05,0.373
15.55,94.07,0.373
15.55,94.08,0.373
15.56,94.10,0.373
15.56,94.12,0.373
15.56,94.13,0.373
15.56,94.15,0.373
15.56,94.17,0.373
15.57,94.18,0.373
15.57,94.20,0.373
15.57,94.22,0.373
15.57,94.23,0.373
15.57,94.25,0.373
15.57,94.27,0.373
15.58,94.28,0.373
15.58,94.30,0.373
15.58,94.32,0.373
15.58,94.33,0.373
15.58,94.35,0.373
15.58,94.37,0.373
15.58,94.38,0.373
15.59,94.40,0.373
15.59,94.42,0.373
15.59,94.43,0.373
15.59,94.45,0.373
15.59,94.47,0.373
15.60,94.48,0.373
15.60,94.50,0.373
15.60,94.52,0.373
15.60,94.53,0.373
15.60,94.55,0.373
15.60,94.57,0.373
15.60,94.59,0.373
15.61,94.60,0.373
15.61,94.62,0.373
15.61,94.63,0.373
15.61,94.65,0.373
15.61,94.67,0.373
15.62,94.68,0.373
15.62,94.70,0.373
15.62,94.72,0.373
15.62,94.73,0.374
15.62,94.75,0.374
15.62,94.77,0.374
15.63,94.78,0.374
15.63,94.80,0.374
15.63,94.82,0.374
15.63,94.84,0.374
15.63,94.85,0.374
15.63,94.87,0.374
15.63,94.89,0.374
15.64,94.90,0.374
15.64,94.92,0.374
15.64,94.94,0.374
15.64,94.95,0.374
15.64,94.97,0.374
15.65,94.98,0.374
15.65,95.00,0.374
15.65,95.02,0.374
15.65,95.04,0.374
15.65,95.05,0.374
15.65,95.07,0.374
15.65,95.09,0.374
15.66,95.10,0.374
15.66,95.12,0.374
15.66,95.14,0.374
15.66,95.15,0.374
15.66,95.17,0.374
15.67,95.19,0.374
15.67,95.20,0.374
15.67,95.22,0.374
15.67,95.24,0.374
15.67,95.25,0.374
15.67,95.27,0.374
15.68,95.28,0.374
15.68,95.30,0.374
15.68,95.32,0.374
15.68,95.33,0.374
15.68,95.35,0.374
15.68,95.37,0.374
15.68,95.39,0.374
15.69,95.40,0.374
15.69,95.42,0.374
15.69,95.44,0.374
15.69,95.45,0.374
15.69,95.47,0.374
15.70,95.49,0.374
15.70,95.50,0.374
15.70,95.52,0.375
15.70,95.53,0.375
15.70,95.55,0.375
15.70,95.57,0.375
15.70,95.58,0.375
15.71,95.60,0.375
15.71,95.62,0.375
15.71,95.64,0.375
15.71,95.65,0.375
15.71,95.67,0.375
15.72,95.69,0.375
15.72,95.70,0.375
15.72,95.72,0.375
15.72,95.73,0.375
15.72,95.75,0.375
15.72,95.77,0.375
15.73,95.79,0.375
15.73,95.80,0.375
15.73,95.82,0.375
15.73,95.84,0.375
15.73,95.85,0.375
15.73,95.87,0.375
15.73,95.89,0.375
15.74,95.90,0.375
15.74,95.92,0.375
15.74,95.94,0.375
15.74,95.95,0.375
15.74,95.97,0.375
15.75,95.99,0.375
15.75,96.00,0.375
15.75,96.02,0.375
15.75,96.04,0.375
15.75,96.05,0.375
15.75,96.07,0.375
15.75,96.09,0.375
15.76,96.10,0.375
15.76,96.12,0.375
15.76,96.14,0.375
15.76,96.15,0.375
15.76,96.17,0.375
15.77,96.18,0.375
15.77,96.20,0.375
15.77,96.22,0.375
15.77,96.24,0.375
15.77,96.25,0.375
15.77,96.27,0.375
15.78,96.29,0.375
15.78,96.30,0.375
15.78,96.32,0.375
15.78,96.34,0.375
15.78,96.35,0.375
15.78,96.37,0.375
15.78,96.39,0.375
15.79,96.40,0.375
15.79,96.42,0.375
15.79,96.44,0.375
15.79,96.45,0.375
15.79,96.47,0.375
15.80,96.49,0.376
15.80,96.50,0.376
15.80,96.52,0.376
15.80,96.54,0.376
15.80,96.55,0.376
15.80,96.57,0.376
15.80,96.59,0.376
15.81,96.60,0.376
15.81,96.62,0.376
15.81,96.64,0.376
15.81,96.65,0.376
15.81,96.67,0.376
15.82,96.69,0.376
15.82,96.70,0.376
15.82,96.72,0.376
15.82,96.74,0.376
15.82,96.75,0.376
15.82,96.77,0.376
15.83,96.79,0.376
15.83,96.80,0.376
15.83,96.82,0.376
15.83,96.84,0.376
15.83,96.85,0.376
15.83,96.87,0.376
15.83,96.89,0.376
15.84,96.90,0.376
15.84,96.92,0.376
15.84,96.94,0.376
15.84,96.95,0.376
15.84,96.97,0.376
15.85,96.99,0.376
15.85,97.00,0.376
15.85,97.02,0.376
15.85,97.04,0.376
15.85,97.05,0.376
15.85,97.07,0.376
15.85,97.09,0.376
15.86,97.10,0.376
15.86,97.12,0.376
15.86,97.14,0.376
15.86,97.15,0.376
15.86,97.17,0.376
15.87,97.19,0.376
15.87,97.20,0.376
15.87,97.22,0.376
15.87,97.24,0.376
15.87,97.25,0.376
15.87,97.27,0.376
15.88,97.29,0.376
15.88,97.30,0.376
15.88,97.32,0.376
15.88,97.34,0.376
15.88,97.35,0.376
15.88,97.37,0.376
15.88,97.39,0.376
15.89,97.40,0.376
15.89,97.42,0.376
15.89,97.44,0.376
15.89,97.45,0.377
15.89,97.47,0.377
15.90,97.49,0.377
15.90,97.50,0.377
15.90,97.52,0.377
15.90,97.54,0.377
15.90,97.55,0.377
15.90,97.57,0.377
15.90,97.59,0.377
15.91,97.60,0.377
15.91,97.62,0.377
15.91,97.64,0.377
15.91,97.65,0.377
15.91,97.67,0.377
15.92,97.69,0.377
15.92,97.70,0.377
15.92,97.72,0.377
15.92,97.74,0.377
15.92,97.75,0.377
15.92,97.77,0.377
15.93,97.79,0.377
15.93,97.80,0.377
15.93,97.82,0.377
15.93,97.84,0.377
15.93,97.85,0.377
15.93,97.87,0.377
15.93,97.89,0.377
15.94,97.90,0.377
15.94,97.92,0.377
15.94,97.94,0.377
15.94,97.95,0.377
15.94,97.97,0.377
15.95,97.99,0.377
15.95,98.00,0.377
15.95,98.02,0.377
15.95,98.04,0.377
15.95,98.05,0.377
15.95,98.07,0.377
15.95,98.09,0.377
15.96,98.10,0.377
15.96,98.12,0.377
15.96,98.14,0.377
15.96,98.15,0.377
15.96,98.17,0.377
15.97,98.19,0.377
15.97,98.20,0.377
15.97,98.22,0.377
15.97,98.24,0.377
15.97,98.25,0.377
15.97,98.27,0.377
15.98,98.29,0.377
15.98,98.31,0.377
15.98,98.32,0.377
15.98,98.34,0.377
15.98,98.35,0.377
15.98,98.37,0.377
15.98,98.39,0.377
15.99,98.40,0.377
15.99,98.42,0.377
15.99,98.44,0.377
15.99,98.45,0.378
15.99,98.47,0.378
16.00,98.49,0.378
16.00,98.50,0.378
16.00,98.52,0.378
16.00,98.54,0.378
16.00,98.55,0.378
16.00,98.57,0.378
16.00,98.59,0.378
16.01,98.60,0.378
16.01,98.62,0.378
16.01,98.64,0.378
16.01,98.66,0.378
16.01,98.67,0.378
16.02,98.69,0.378
16.02,98.70,0.378
16.02,98.72,0.378
16.02,98.74,0.378
16.02,98.75,0.378
16.02,98.77,0.378
16.03,98.79,0.378
16.03,98.80,0.378
16.03,98.82,0.378
16.03,98.84,0.378
16.03,98.85,0.378
16.03,98.87,0.378
16.03,98.89,0.378
16.04,98.91,0.378
16.04,98.92,0.378
16.04,98.94,0.378
16.04,98.95,0.378
16.04,98.97,0.378
16.05,98.99,0.378
16.05,99.01,0.378
16.05,99.02,0.378
16.05,99.04,0.378
16.05,99.05,0.378
16.05,99.07,0.378
16.05,99.09,0.378
16.06,99.10,0.378
16.06,99.12,0.378
16.06,99.14,0.378
16.06,99.15,0.378
16.06,99.17,0.378
16.07,99.19,0.378
16.07,99.20,0.378
16.07,99.22,0.378
16.07,99.24,0.378
16.07,99.26,0.378
16.07,99.27,0.378
16.08,99.29,0.378
16.08,99.31,0.378
16.08,99.32,0.378
16.08,99.34,0.378
16.08,99.36,0.378
16.08,99.37,0.378
16.08,99.39,0.379
16.09,99.41,0.379
16.09,99.42,0.379
16.09,99.44,0.379
16.09,99.46,0.379
16.09,99.47,0.379
16.10,99.49,0.379
16.10,99.50,0.379
16.10,99.52,0.379
16.10,99.54,0.379
16.10,99.56,0.379
16.10,99.57,0.379
16.10,99.59,0.379
16.11,99.61,0.379
16.11,99.62,0.379
16.11,99.64,0.379
16.11,99.66,0.379
16.11,99.67,0.379
16.12,99.69,0.379
16.12,99.71,0.379
16.12,99.72,0.379
16.12,99.74,0.379
16.12,99.76,0.379
16.12,99.77,0.379
16.13,99.79,0.379
16.13,99.81,0.379
16.13,99.82,0.379
16.13,99.84,0.379
16.13,99.86,0.379
16.13,99.87,0.379
16.13,99.89,0.379
16.14,99.91,0.379
16.14,99.92,0.379
16.14,99.94,0.379
16.14,99.96,0.379
16.14,99.97,0.379
16.15,99.99,0.379
16.15,100.01,0.379
16.15,100.02,0.379
16.15,100.04,0.379
16.15,100.06,0.379
16.15,100.07,0.379
16.15,100.09,0.379
16.16,100.11,0.379
16.16,100.12,0.379
16.16,100.14,0.379
16.16,100.16,0.379
16.16,100.17,0.379
16.17,100.19,0.379
16.17,100.21,0.379
16.17,100.22,0.379
16.17,100.24,0.379
16.17,100.26,0.379
16.17,100.27,0.380
16.18,100.29,0.380
16.18,100.31,0.380
16.18,100.32,0.380
16.18,100.34,0.380
16.18,100.36,0.380
16.18,100.37,0.380
16.18,100.39,0.380
16.19,100.41,0.380
16.19,100.42,0.380
16.19,100.44,0.380
16.19,100.46,0.380
16.19,100.47,0.380
16.20,100.49,0.380
16.20,100.51,0.380
16.20,100.52,0.380
16.20,100.54,0.380
16.20,100.56,0.380
16.20,100.57,0.380
16.20,100.59,0.380
16.21,100.61,0.380
16.21,100.62,0.380
16.21,100.64,0.380
16.21,100.66,0.380
16.21,100.67,0.380
16.22,100.69,0.380
16.22,100.71,0.380
16.22,100.72,0.380
16.22,100.74,0.380
16.22,100.76,0.380
16.22,100.77,0.380
16.23,100.79,0.380
16.23,100.81,0.380
16.23,100.82,0.380
16.23,100.84,0.380
16.23,100.86,0.380
16.23,100.87,0.380
16.23,100.89,0.380
16.24,100.91,0.380
16.24,100.92,0.380
16.24,100.94,0.380
16.24,100.96,0.380
16.24,100.97,0.380
16.25,100.99,0.380
16.25,101.01,0.380
16.25,101.02,0.380
16.25,101.04,0.380
16.25,101.06,0.380
16.25,101.07,0.380
16.25,101.09,0.381
16.26,101.11,0.381
16.26,101.12,0.381
16.26,101.14,0.381
16.26,101.16,0.381
16.26,101.17,0.381
16.27,101.19,0.381
16.27,101.21,0.381
16.27,101.22,0.381
16.27,101.24,0.381
16.27,101.26,0.381
16.27,101.27,0.381
16.28,101.29,0.381
16.28,101.31,0.381
16.28,101.32,0.381
16.28,101.34,0.381
16.28,101.36,0.381
16.28,101.37,0.381
16.28,101.39,0.381
16.29,101.41,0.381
16.29,101.42,0.381
16.29,101.44,0.381
16.29,101.46,0.381
16.29,101.47,0.381
16.30,101.49,0.381
16.30,101.51,0.381
16.30,101.52,0.381
16.30,101.54,0.381
16.30,101.56,0.381
16.30,101.57,0.381
16.30,101.59,0.381
16.31,101.61,0.381
16.31,101.63,0.381
16.31,101.64,0.381
16.31,101.66,0.381
16.31,101.67,0.381
16.32,101.69,0.381
16.32,101.71,0.381
16.32,101.72,0.381
16.32,101.74,0.381
16.32,101.76,0.381
16.32,101.77,0.381
16.33,101.79,0.381
16.33,101.81,0.381
16.33,101.83,0.381
16.33,101.84,0.381
16.33,101.86,0.381
16.33,101.87,0.381
16.33,101.89,0.381
16.34,101.91,0.381
16.34,101.92,0.381
16.34,101.94,0.381
16.34,101.96,0.381
16.34,101.97,0.381
16.35,101.99,0.381
16.35,102.01,0.381
16.35,102.02,0.381
16.35,102.04,0.382
16.35,102.06,0.382
16.35,102.08,0.382
16.35,102.09,0.382
16.36,102.11,0.382
16.36,102.13,0.382
16.36,102.14,0.382
16.36,102.16,0.382
16.36,102.18,0.382
16.37,102.19,0.382
16.37,102.21,0.382
16.37,102.23,0.382
16.37,102.24,0.382
16.37,102.26,0.382
16.37,102.28,0.382
16.38,102.29,0.382
16.38,102.31,0.382
16.38,102.33,0.382
16.38,102.34,0.382
16.38,102.36,0.382
16.38,102.38,0.382
16.38,102.39,0.382
16.39,102.41,0.382
16.39,102.43,0.382
16.39,102.44,0.382
16.39,102.46,0.382
16.39,102.48,0.382
16.40,102.49,0.382
16.40,102.51,0.382
16.40,102.53,0.382
16.40,102.54,0.382
16.40,102.56,0.382
16.40,102.58,0.382
16.40,102.59,0.382
16.41,102.61,0.382
16.41,102.63,0.382
16.41,102.64,0.382
16.41,102.66,0.382
16.41,102.68,0.382
16.42,102.69,0.382
16.42,102.71,0.382
16.42,102.73,0.382
16.42,102.74,0.382
16.42,102.76,0.382
16.42,102.78,0.382
16.43,102.79,0.382
16.43,102.81,0.382
16.43,102.83,0.382
16.43,102.84,0.382
16.43,102.86,0.382
16.43,102.88,0.382
16.43,102.89,0.382
16.44,102.91,0.382
16.44,102.93,0.383
16.44,102.94,0.383
16.44,102.96,0.383
16.44,102.98,0.383
16.45,102.99,0.383
16.45,103.01,0.383
16.45,103.03,0.383
16.45,103.04,0.383
16.45,103.06,0.383
16.45,103.08,0.383
16.45,103.09,0.383
16.46,103.11,0.383
16.46,103.13,0.383
16.46,103.14,0.383
16.46,103.16,0.383
16.46,103.18,0.383
16.47,103.19,0.383
16.47,103.21,0.383
16.47,103.23,0.383
16.47,103.24,0.383
16.47,103.26,0.383
16.47,103.28,0.383
16.48,103.29,0.383
16.48,103.31,0.383
16.48,103.33,0.383
16.48,103.34,0.383
16.48,103.36,0.383
16.48,103.38,0.383
16.48,103.39,0.383
16.49,103.41,0.383
16.49,103.43,0.383
16.49,103.44,0.383
16.49,103.46,0.383
16.49,103.48,0.383
16.50,103.49,0.383
16.50,103.51,0.383
16.50,103.53,0.383
16.50,103.54,0.383
16.50,103.56,0.383
16.50,103.58,0.383
16.50,103.59,0.383
16.51,103.61,0.383
16.51,103.63,0.383
16.51,103.64,0.383
16.51,103.66,0.383
16.51,103.68,0.383
16.52,103.69,0.383
16.52,103.71,0.383
16.52,103.73,0.383
16.52,103.74,0.383
16.52,103.76,0.383
16.52,103.78,0.383
16.53,103.79,0.384
16.53,103.81,0.384
16.53,103.83,0.384
16.53,103.84,0.384
16.53,103.86,0.384
16.53,103.88,0.384
16.53,103.89,0.384
16.54,103.91,0.384
16.54,103.93,0.384
16.54,103.94,0.384
16.54,103.96,0.384
16.54,103.98,0.384
16.55,103.99,0.384
16.55,104.01,0.384
16.55,104.03,0.384
16.55,104.04,0.384
16.55,104.06,0.384
16.55,104.08,0.384
16.55,104.09,0.384
16.56,104.11,0.384
16.56,104.13,0.384
16.56,104.14,0.384
16.56,104.16,0.384
16.56,104.18,0.384
16.57,104.19,0.384
16.57,104.21,0.384
16.57,104.23,0.384
16.57,104.24,0.384
16.57,104.26,0.384
16.57,104.28,0.384
16.58,104.29,0.384
16.58,104.31,0.384
16.58,104.33,0.384
16.58,104.34,0.384
16.58,104.36,0.384
16.58,104.38,0.384
16.58,104.39,0.384
16.59,104.41,0.384
16.59,104.43,0.384
16.59,104.45,0.384
16.59,104.46,0.384
16.59,104.48,0.384
16.60,104.49,0.384
16.60,104.51,0.384
16.60,104.53,0.384
16.60,104.54,0.384
16.60,104.56,0.384
16.60,104.58,0.384
16.60,104.59,0.384
16.61,104.61,0.384
16.61,104.63,0.384
16.61,104.64,0.384
16.61,104.66,0.384
16.61,104.68,0.384
16.62,104.69,0.384
16.62,104.71,0.384
16.62,104.73,0.384
16.62,104.74,0.384
16.62,104.76,0.384
16.62,104.78,0.385
16.63,104.79,0.385
16.63,104.81,0.385
16.63,104.83,0.385
16.63,104.84,0.385
16.63,104.86,0.385
16.63,104.88,0.385
16.63,104.89,0.385
16.64,104.91,0.385
16.64,104.93,0.385
16.64,104.94,0.385
16.64,104.96,0.385
16.64,104.98,0.385
16.65,105.00,0.385
16.65,105.01,0.385
16.65,105.03,0.385
16.65,105.04,0.385
16.65,105.06,0.385
16.65,105.08,0.385
16.65,105.10,0.385
16.66,105.11,0.385
16.66,105.13,0.385
16.66,105.14,0.385
16.66,105.16,0.385
16.66,105.18,0.385
16.67,105.19,0.385
16.67,105.21,0.385
16.67,105.23,0.385
16.67,105.25,0.385
16.67,105.26,0.385
16.67,105.28,0.385
16.68,105.30,0.385
16.68,105.31,0.385
16.68,105.33,0.385
16.68,105.35,0.385
16.68,105.36,0.385
16.68,105.38,0.385
16.68,105.39,0.385
16.69,105.41,0.385
16.69,105.43,0.385
16.69,105.44,0.385
16.69,105.46,0.385
16.69,105.48,0.385
16.70,105.49,0.385
16.70,105.51,0.385
16.70,105.53,0.385
16.70,105.55,0.385
16.70,105.56,0.385
16.70,105.58,0.385
16.70,105.60,0.385
16.71,105.61,0.385
16.71,105.63,0.385
16.71,105.65,0.385
16.71,105.66,0.385
16.71,105.68,0.385
16.72,105.69,0.385
16.72,105.71,0.385
16.72,105.73,0.385
16.72,105.74,0.385
16.72,105.76,0.385
16.72,105.78,0.385
16.73,105.79,0.385
16.73,105.81,0.386
16.73,105.83,0.386
16.73,105.84,0.386
16.73,105.86,0.386
16.73,105.88,0.386
16.73,105.89,0.386
16.74,105.91,0.386
16.74,105.93,0.386
16.74,105.94,0.386
16.74,105.96,0.386
16.74,105.98,0.386
16.75,106.00,0.386
16.75,106.01,0.386
16.75,106.03,0.386
16.75,106.05,0.386
16.75,106.06,0.386
16.75,106.08,0.386
16.75,106.10,0.386
16.76,106.11,0.386
16.76,106.13,0.386
16.76,106.15,0.386
16.76,106.16,0.386
16.76,106.18,0.386
16.77,106.20,0.386
16.77,106.21,0.386
16.77,106.23,0.386
16.77,106.25,0.386
16.77,106.26,0.386
16.77,106.28,0.386
16.78,106.30,0.386
16.78,106.31,0.386
16.78,106.33,0.386
16.78,106.35,0.386
16.78,106.36,0.386
16.78,106.38,0.386
16.78,106.40,0.386
16.79,106.41,0.386
16.79,106.43,0.386
16.79,106.45,0.386
16.79,106.46,0.386
16.79,106.48,0.386
16.80,106.49,0.386
16.80,106.51,0.386
16.80,106.53,0.386
16.80,106.55,0.386
16.80,106.56,0.386
16.80,106.58,0.386
16.80,106.60,0.386
16.81,106.61,0.386
16.81,106.63,0.386
16.81,106.65,0.386
16.81,106.66,0.386
16.81,106.68,0.386
16.82,106.70,0.386
16.82,106.71,0.386
16.82,106.73,0.386
16.82,106.74,0.386
16.82,106.76,0.386
16.82,106.78,0.386
16.83,106.80,0.386
16.83,106.81,0.386
16.83,106.83,0.386
16.83,106.84,0.386
16.83,106.86,0.386
16.83,106.88,0.386
16.83,106.90,0.386
16.84,106.91,0.386
16.84,106.93,0.387
16.84,106.95,0.387
16.84,106.96,0.387
16.84,106.98,0.387
16.85,107.00,0.387
16.85,107.01,0.387
16.85,107.03,0.387
16.85,107.05,0.387
16.85,107.06,0.387
16.85,107.08,0.387
16.85,107.10,0.387
16.86,107.11,0.387
16.86,107.13,0.387
16.86,107.15,0.387
16.86,107.16,0.387
16.86,107.18,0.387
16.87,107.20,0.387
16.87,107.21,0.387
16.87,107.23,0.387
16.87,107.25,0.387
16.87,107.26,0.387
16.87,107.28,0.387
16.88,107.30,0.387
16.88,107.31,0.387
16.88,107.33,0.387
16.88,107.35,0.387
16.88,107.36,0.387
16.88,107.38,0.387
16.88,107.40,0.387
16.89,107.41,0.387
16.89,107.43,0.387
16.89,107.45,0.387
16.89,107.46,0.387
16.89,107.48,0.387
16.90,107.50,0.387
16.90,107.51,0.387
16.90,107.53,0.387
16.90,107.55,0.387
16.90,107.56,0.387
16.90,107.58,0.387
16.90,107.60,0.387
16.91,107.61,0.387
16.91,107.63,0.387
16.91,107.65,0.387
16.91,107.66,0.387
16.91,107.68,0.387
16.92,107.70,0.387
16.92,107.71,0.387
16.92,107.73,0.387
16.92,107.75,0.387
16.92,107.76,0.387
16.92,107.78,0.387
16.93,107.80,0.387
16.93,107.81,0.387
16.93,107.83,0.387
16.93,107.85,0.387
16.93,107.86,0.387
16.93,107.88,0.387
16.93,107.90,0.387
16.94,107.91,0.387
16.94,107.93,0.387
16.94,107.95,0.387
16.94,107.96,0.387
16.94,107.98,0.387
16.95,108.00,0.387
16.95,108.01,0.387
16.95,108.03,0.387
16.95,108.05,0.387
16.95,108.06,0.387
16.95,108.08,0.387
16.95,108.10,0.387
16.96,108.11,0.387
16.96,108.13,0.387
16.96,108.15,0.387
16.96,108.16,0.387
16.96,108.18,0.387
16.97,108.20,0.387
16.97,108.21,0.387
16.97,108.23,0.387
16.97,108.25,0.387
16.97,108.26,0.387
16.97,108.28,0.387
16.98,108.30,0.387
16.98,108.31,0.388
16.98,108.33,0.388
16.98,108.35,0.388
16.98,108.36,0.388
16.98,108.38,0.388
16.98,108.40,0.388
16.99,108.41,0.388
16.99,108.43,0.388
16.99,108.45,0.388
16.99,108.46,0.388
16.99,108.48,0.388
17.00,108.50,0.388
17.00,108.51,0.388
17.00,108.53,0.388
17.00,108.55,0.388
17.00,108.56,0.388
17.00,108.58,0.388
17.00,108.60,0.388
17.01,108.61,0.388
17.01,108.63,0.388
17.01,108.65,0.388
17.01,108.66,0.388
17.01,108.68,0.388
17.02,108.70,0.388
17.02,108.71,0.388
17.02,108.73,0.388
17.02,108.75,0.388
17.02,108.76,0.388
17.02,108.78,0.388
17.03,108.80,0.388
17.03,108.81,0.388
17.03,108.83,0.388
17.03,108.85,0.388
17.03,108.86,0.388
17.03,108.88,0.388
17.03,108.90,0.388
17.04,108.91,0.388
17.04,108.93,0.388
17.04,108.95,0.388
17.04,108.97,0.388
17.04,108.98,0.388
17.05,109.00,0.388
17.05,109.01,0.388
17.05,109.03,0.388
17.05,109.05,0.388
17.05,109.06,0.388
17.05,109.08,0.388
17.05,109.10,0.388
17.06,109.11,0.388
17.06,109.13,0.388
17.06,109.15,0.388
17.06,109.16,0.388
17.06,109.18,0.388
17.07,109.20,0.388
17.07,109.22,0.388
17.07,109.23,0.388
17.07,109.25,0.388
17.07,109.27,0.388
17.07,109.28,0.388
17.08,109.30,0.388
17.08,109.31,0.388
17.08,109.33,0.388
17.08,109.35,0.388
17.08,109.37,0.388
17.08,109.38,0.388
17.08,109.40,0.388
17.09,109.42,0.388
17.09,109.43,0.388
17.09,109.45,0.388
17.09,109.46,0.388
17.09,109.48,0.388
17.09,109.50,0.388
17.10,109.52,0.388
17.10,109.53,0.388
17.10,109.55,0.388
17.10,109.57,0.388
17.10,109.58,0.388
17.11,109.60,0.388
17.11,109.62,0.388
17.11,109.63,0.388
17.11,109.65,0.388
17.11,109.67,0.388
17.11,109.68,0.388
17.12,109.70,0.388
17.12,109.72,0.388
17.12,109.73,0.388
17.12,109.75,0.388
17.12,109.77,0.388
17.12,109.78,0.388
17.13,109.80,0.388
17.13,109.82,0.388
17.13,109.83,0.388
17.13,109.85,0.388
17.13,109.87,0.388
17.13,109.88,0.388
17.13,109.90,0.388
17.14,109.92,0.388
17.14,109.93,0.388
17.14,109.95,0.388
17.14,109.97,0.388
17.14,109.98,0.388
17.14,110.00,0.388
17.15,110.02,0.388
17.15,110.03,0.388
17.15,110.05,0.388
17.15,110.07,0.388
17.15,110.08,0.388
17.16,110.10,0.388
17.16,110.12,0.388
17.16,110.13,0.388
17.16,110.15,0.388
17.16,110.17,0.388
17.16,110.18,0.388
17.17,110.20,0.388
17.17,110.22,0.388
17.17,110.23,0.388
17.17,110.25,0.388
17.17,110.27,0.388
17.17,110.28,0.388
17.18,110.30,0.388
17.18,110.32,0.388
17.18,110.33,0.388
17.18,110.35,0.388
17.18,110.37,0.388
17.18,110.38,0.388
17.18,110.40,0.388
17.19,110.42,0.388
17.19,110.43,0.388
17.19,110.45,0.388
17.19,110.47,0.388
17.19,110.48,0.388
17.19,110.50,0.388
17.20,110.52,0.388
17.20,110.53,0.388
17.20,110.55,0.388
17.20,110.57,0.388
17.20,110.58,0.388
17.21,110.60,0.388
17.21,110.62,0.388
17.21,110.63,0.388
17.21,110.65,0.388
17.21,110.67,0.388
17.21,110.68,0.388
17.22,110.70,0.388
17.22,110.72,0.388
17.22,110.73,0.388
17.22,110.75,0.388
17.22,110.77,0.388
17.22,110.78,0.388
17.23,110.80,0.388
17.23,110.82,0.388
17.23,110.83,0.388
17.23,110.85,0.388
17.23,110.87,0.388
17.23,110.88,0.388
17.23,110.90,0.388
17.24,110.92,0.388
17.24,110.93,0.388
17.24,110.95,0.388
17.24,110.97,0.388
17.24,110.98,0.388
17.24,111.00,0.388
17.25,111.02,0.388
17.25,111.03,0.388
17.25,111.05,0.389
17.25,111.07,0.389
17.25,111.08,0.389
17.26,111.10,0.389
17.26,111.12,0.389
17.26,111.13,0.389
17.26,111.15,0.389
17.26,111.17,0.389
17.26,111.18,0.389
17.27,111.20,0.389
17.27,111.22,0.389
17.27,111.23,0.389
17.27,111.25,0.389
17.27,111.27,0.389
17.27,111.28,0.389
17.28,111.30,0.389
17.28,111.32,0.389
17.28,111.33,0.389
17.28,111.35,0.389
17.28,111.37,0.389
17.28,111.38,0.389
17.28,111.40,0.389
17.29,111.42,0.389
17.29,111.43,0.389
17.29,111.45,0.389
17.29,111.47,0.389
17.29,111.48,0.389
17.29,111.50,0.389
17.30,111.52,0.389
17.30,111.53,0.389
17.30,111.55,0.389
17.30,111.57,0.389
17.30,111.58,0.389
17.31,111.60,0.389
17.31,111.62,0.389
17.31,111.63,0.389
17.31,111.65,0.389
17.31,111.67,0.389
17.31,111.68,0.389
17.32,111.70,0.389
17.32,111.72,0.389
17.32,111.73,0.389
17.32,111.75,0.389
17.32,111.77,0.389
17.32,111.78,0.389
17.33,111.80,0.389
17.33,111.82,0.389
17.33,111.83,0.389
17.33,111.85,0.389
17.33,111.87,0.389
17.33,111.88,0.389
17.33,111.90,0.389
17.34,111.92,0.389
17.34,111.93,0.389
17.34,111.95,0.389
17.34,111.97,0.389
17.34,111.98,0.389
17.34,112.00,0.389
17.35,112.02,0.389
17.35,112.03,0.389
17.35,112.05,0.389
17.35,112.07,0.389
17.35,112.08,0.389
17.36,112.10,0.389
17.36,112.12,0.389
17.36,112.14,0.389
17.36,112.15,0.389
17.36,112.17,0.389
17.36,112.18,0.389
17.37,112.20,0.389
17.37,112.22,0.389
17.37,112.23,0.389
17.37,112.25,0.389
17.37,112.27,0.389
17.37,112.28,0.389
17.38,112.30,0.389
17.38,112.32,0.389
17.38,112.34,0.389
17.38,112.35,0.389
17.38,112.37,0.389
17.38,112.39,0.389
17.38,112.40,0.389
17.39,112.42,0.389
17.39,112.43,0.389
17.39,112.45,0.389
17.39,112.47,0.389
17.39,112.49,0.389
17.39,112.50,0.389
17.40,112.52,0.389
17.40,112.53,0.389
17.40,112.55,0.389
17.40,112.57,0.389
17.40,112.59,0.389
17.41,112.60,0.389
17.41,112.62,0.388
17.41,112.64,0.388
17.41,112.65,0.388
17.41,112.67,0.388
17.41,112.69,0.388
17.42,112.70,0.388
17.42,112.72,0.388
17.42,112.74,0.388
17.42,112.75,0.388
17.42,112.77,0.388
17.42,112.79,0.388
17.43,112.80,0.388
17.43,112.82,0.388
17.43,112.84,0.388
17.43,112.85,0.388
17.43,112.87,0.388
17.43,112.89,0.388
17.43,112.90,0.388
17.44,112.92,0.388
17.44,112.94,0.388
17.44,112.95,0.388
17.44,112.97,0.388
17.44,112.99,0.388
17.44,113.00,0.388
17.45,113.02,0.388
17.45,113.04,0.388
17.45,113.05,0.388
17.45,113.07,0.388
17.45,113.09,0.388
17.46,113.10,0.388
17.46,113.12,0.388
17.46,113.14,0.388
17.46,113.15,0.388
17.46,113.17,0.388
17.46,113.19,0.388
17.47,113.20,0.388
17.47,113.22,0.388
17.47,113.24,0.388
17.47,113.25,0.388
17.47,113.27,0.388
17.47,113.29,0.388
17.48,113.30,0.388
17.48,113.32,0.388
17.48,113.34,0.388
17.48,113.35,0.388
17.48,113.37,0.388
17.48,113.39,0.388
17.48,113.40,0.388
17.49,113.42,0.388
17.49,113.44,0.388
17.49,113.45,0.388
17.49,113.47,0.388
17.49,113.49,0.388
17.49,113.50,0.388
17.50,113.52,0.388
17.50,113.54,0.388
17.50,113.55,0.388
17.50,113.57,0.388
17.50,113.59,0.388
17.51,113.60,0.388
17.51,113.62,0.388
17.51,113.64,0.388
17.51,113.65,0.388
17.51,113.67,0.388
17.51,113.69,0.388
17.52,113.70,0.388
17.52,113.72,0.388
17.52,113.74,0.388
17.52,113.75,0.388
17.52,113.77,0.388
17.52,113.79,0.388
17.53,113.80,0.388
17.53,113.82,0.388
17.53,113.84,0.388
17.53,113.85,0.388
17.53,113.87,0.388
17.53,113.89,0.388
17.53,113.90,0.388
17.54,113.92,0.388
17.54,113.94,0.388
17.54,113.95,0.388
17.54,113.97,0.388
17.54,113.99,0.388
17.54,114.00,0.388
17.55,114.02,0.388
17.55,114.04,0.388
17.55,114.05,0.388
17.55,114.07,0.388
17.55,114.09,0.388
17.56,114.10,0.388
17.56,114.12,0.388
17.56,114.14,0.388
17.56,114.15,0.388
17.56,114.17,0.388
17.56,114.19,0.388
17.57,114.20,0.388
17.57,114.22,0.388
17.57,114.24,0.388
17.57,114.25,0.388
17.57,114.27,0.388
17.57,114.29,0.388
17.58,114.30,0.388
17.58,114.32,0.388
17.58,114.34,0.388
17.58,114.35,0.388
17.58,114.37,0.388
17.58,114.39,0.388
17.58,114.40,0.388
17.59,114.42,0.388
17.59,114.44,0.388
17.59,114.45,0.388
17.59,114.47,0.389
17.59,114.49,0.389
17.59,114.50,0.389
17.60,114.52,0.389
17.60,114.54,0.389
17.60,114.55,0.389
17.60,114.57,0.389
17.60,114.59,0.389
17.61,114.60,0.389
17.61,114.62,0.389
17.61,114.64,0.389
17.61,114.65,0.389
17.61,114.67,0.389
17.61,114.69,0.389
17.62,114.71,0.389
17.62,114.72,0.389
17.62,114.74,0.389
17.62,114.75,0.389
17.62,114.77,0.389
17.62,114.79,0.389
17.63,114.80,0.389
17.63,114.82,0.389
17.63,114.84,0.389
17.63,114.85,0.389
17.63,114.87,0.389
17.63,114.89,0.389
17.63,114.90,0.389
17.64,114.92,0.389
17.64,114.94,0.389
17.64,114.95,0.389
17.64,114.97,0.389
17.64,114.99,0.389
17.64,115.00,0.389
17.65,115.02,0.389
17.65,115.04,0.389
17.65,115.05,0.389
17.65,115.07,0.389
17.65,115.09,0.389
17.66,115.10,0.389
17.66,115.12,0.389
17.66,115.14,0.389
17.66,115.15,0.389
17.66,115.17,0.389
17.66,115.19,0.389
17.67,115.20,0.389
17.67,115.22,0.389
17.67,115.24,0.389
17.67,115.25,0.389
17.67,115.27,0.389
17.67,115.29,0.389
17.68,115.30,0.389
17.68,115.32,0.389
17.68,115.34,0.389
17.68,115.35,0.389
17.68,115.37,0.389
17.68,115.39,0.389
17.68,115.41,0.389
17.69,115.42,0.389
17.69,115.44,0.389
17.69,115.46,0.389
17.69,115.47,0.389
17.69,115.49,0.389
17.69,115.50,0.389
17.70,115.52,0.389
17.70,115.54,0.389
17.70,115.55,0.389
17.70,115.57,0.389
17.70,115.59,0.389
17.71,115.60,0.389
17.71,115.62,0.389
17.71,115.64,0.389
17.71,115.65,0.389
17.71,115.67,0.389
17.71,115.69,0.389
17.72,115.70,0.389
17.72,115.72,0.389
17.72,115.74,0.389
17.72,115.75,0.389
17.72,115.77,0.389
17.72,115.79,0.389
17.73,115.81,0.389
17.73,115.82,0.389
17.73,115.84,0.389
17.73,115.85,0.389
17.73,115.87,0.389
17.73,115.89,0.389
17.73,115.90,0.389
17.74,115.92,0.389
17.74,115.94,0.389
17.74,115.96,0.389
17.74,115.97,0.389
17.74,115.99,0.389
17.74,116.00,0.389
17.75,116.02,0.389
17.75,116.04,0.389
17.75,116.06,0.389
17.75,116.07,0.389
17.75,116.09,0.389
17.76,116.11,0.389
17.76,116.12,0.389
17.76,116.14,0.389
17.76,116.16,0.389
17.76,116.17,0.389
17.76,116.19,0.389
17.77,116.21,0.389
17.77,116.22,0.389
17.77,116.24,0.389
17.77,116.26,0.389
17.77,116.27,0.389
17.77,116.29,0.389
17.78,116.31,0.389
17.78,116.32,0.389
17.78,116.34,0.389
17.78,116.36,0.389
17.78,116.37,0.389
17.78,116.39,0.389
17.78,116.41,0.389
17.79,116.42,0.389
17.79,116.44,0.389
17.79,116.46,0.389
17.79,116.47,0.389
17.79,116.49,0.389
17.79,116.51,0.389
17.80,116.52,0.389
17.80,116.54,0.389
17.80,116.56,0.389
17.80,116.57,0.389
17.80,116.59,0.389
17.81,116.61,0.389
17.81,116.62,0.389
17.81,116.64,0.389
17.81,116.66,0.389
17.81,116.67,0.389
17.81,116.69,0.389
17.82,116.71,0.389
17.82,116.72,0.389
17.82,116.74,0.389
17.82,116.75,0.389
17.82,116.77,0.389
17.82,116.79,0.389
17.83,116.81,0.389
17.83,116.82,0.389
17.83,116.84,0.389
17.83,116.86,0.389
17.83,116.87,0.389
17.83,116.89,0.389
17.83,116.91,0.389
17.84,116.92,0.389
17.84,116.94,0.389
17.84,116.96,0.389
17.84,116.97,0.389
17.84,116.99,0.389
17.84,117.01,0.389
17.85,117.02,0.389
17.85,117.04,0.389
17.85,117.06,0.389
17.85,117.07,0.389
17.85,117.09,0.389
17.86,117.11,0.389
17.86,117.12,0.389
17.86,117.14,0.389
17.86,117.16,0.389
17.86,117.17,0.389
17.86,117.19,0.389
17.87,117.21,0.389
17.87,117.22,0.389
17.87,117.24,0.389
17.87,117.26,0.389
17.87,117.27,0.389
17.87,117.29,0.389
17.88,117.31,0.389
17.88,117.32,0.389
17.88,117.34,0.389
17.88,117.36,0.389
17.88,117.37,0.389
17.88,117.39,0.389
17.88,117.41,0.389
17.89,117.42,0.389
17.89,117.44,0.389
17.89,117.46,0.389
17.89,117.47,0.389
17.89,117.49,0.389
17.89,117.51,0.389
17.90,117.52,0.389
17.90,117.54,0.389
17.90,117.56,0.389
17.90,117.57,0.389
17.90,117.59,0.389
17.91,117.61,0.389
17.91,117.62,0.389
17.91,117.64,0.389
17.91,117.66,0.389
17.91,117.67,0.389
17.91,117.69,0.389
17.92,117.71,0.389
17.92,117.72,0.389
17.92,117.74,0.389
17.92,117.76,0.389
17.92,117.77,0.389
17.92,117.79,0.389
17.93,117.81,0.389
17.93,117.82,0.389
17.93,117.84,0.389
17.93,117.86,0.389
17.93,117.87,0.389
17.93,117.89,0.389
17.93,117.91,
17.94,117.92,
17.94,117.94,
17.94,117.96,
17.94,117.97,
17.94,117.99,
17.94,118.01,
17.95,118.02,
17.95,118.04,
17.95,118.06,
17.95,118.07,
17.95,118.09,
17.96,118.11,
17.96,118.12,
17.96,118.14,
17.96,118.16,
17.96,118.17,
17.96,118.19,
17.97,118.21,
17.97,118.22,
17.97,118.24,
17.97,118.26,
17.97,118.27,
17.97,118.29,
17.98,118.31,
17.98,118.32,
17.98,118.34,
17.98,118.36,
17.98,118.37,
17.98,118.39,
17.98,,
17.99,,
17.99,,
17.99,,
17.99,,

[step]
Ramp 10.00 °C/min to -60.00 °C
Time,Temperature,Heat Flow (Normalized)
min,°C,W/g
18.99,120.12,-0.026
18.99,120.12,-0.026
19.00,120.12,-0.027
19.00,120.12,-0.027
19.00,120.12,-0.027
19.00,120.12,-0.027
19.00,120.12,-0.027
19.01,120.12,-0.027
19.01,120.12,-0.027
19.01,120.12,-0.027
19.01,120.12,-0.027
19.01,120.12,-0.027
19.01,120.12,-0.027
19.02,120.12,-0.027
19.02,120.12,-0.027
19.02,120.12,-0.027
19.02,120.12,-0.027
19.02,120.12,-0.027
19.02,120.12,-0.027
19.03,120.12,-0.027
19.03,120.12,-0.027
19.03,120.12,-0.027
19.03,120.12,-0.027
19.03,120.12,-0.027
19.03,120.11,-0.027
19.03,120.11,-0.027
19.04,120.11,-0.027
19.04,120.11,-0.027
19.04,120.11,-0.027
19.04,120.11,-0.027
19.04,120.11,-0.027
19.04,120.11,-0.027
19.05,120.11,-0.027
19.05,120.10,-0.027
19.05,120.10,-0.027
19.05,120.10,-0.027
19.05,120.10,-0.028
19.06,120.09,-0.028
19.06,120.09,-0.028
19.06,120.09,-0.028
19.06,120.09,-0.028
19.06,120.08,-0.029
19.06,120.08,-0.029
19.07,120.08,-0.029
19.07,120.07,-0.030
19.07,120.07,-0.030
19.07,120.07,-0.031
19.07,120.06,-0.032
19.07,120.06,-0.033
19.08,120.05,-0.035
19.08,120.05,-0.037
19.08,120.04,-0.039
19.08,120.04,-0.041
19.08,120.03,-0.042
19.08,120.03,-0.043
19.08,120.02,-0.045
19.09,120.02,-0.046
19.09,120.01,-0.048
19.09,120.01,-0.049
19.09,120.00,-0.050
19.09,119.99,-0.052
19.09,119.99,-0.054
19.10,119.98,-0.056
19.10,119.97,-0.058
19.10,119.96,-0.060
19.10,119.96,-0.061
19.10,119.95,-0.064
19.11,119.94,-0.066
19.11,119.93,-0.068
19.11,119.93,-0.071
19.11,119.92,-0.073
19.11,119.91,-0.076
19.11,119.90,-0.079
19.12,119.89,-0.081
19.12,119.88,-0.084
19.12,119.88,-0.087
19.12,119.87,-0.090
19.12,119.86,-0.093
19.12,119.85,-0.096
19.13,119.84,-0.099
19.13,119.83,-0.102
19.13,119.82,-0.105
19.13,119.81,-0.108
19.13,119.80,-0.111
19.13,119.79,-0.114
19.13,119.78,-0.117
19.14,119.77,-0.121
19.14,119.76,-0.124
19.14,119.75,-0.127
19.14,119.74,-0.130
19.14,119.73,-0.134
19.14,119.72,-0.137
19.15,119.71,-0.140
19.15,119.70,-0.143
19.15,119.69,-0.147
19.15,119.68,-0.150
19.15,119.66,-0.154
19.16,119.65,-0.157
19.16,119.64,-0.160
19.16,119.63,-0.163
19.16,119.62,-0.166
19.16,119.61,-0.170
19.16,119.60,-0.173
19.17,119.59,-0.176
19.17,119.57,-0.179
19.17,119.56,-0.183
19.17,119.55,-0.186
19.17,119.54,-0.189
19.17,119.53,-0.192
19.18,119.52,-0.195
19.18,119.50,-0.197
19.18,119.49,-0.200
19.18,119.48,-0.203
19.18,119.47,-0.206
19.18,119.46,-0.208
19.18,119.44,-0.211
19.19,119.43,-0.214
19.19,119.42,-0.217
19.19,119.41,-0.220
19.19,119.40,-0.223
19.19,119.38,-0.226
19.19,119.37,-0.229
19.20,119.36,-0.231
19.20,119.34,-0.234
19.20,119.33,-0.236
19.20,119.32,-0.239
19.20,119.31,-0.241
19.21,119.30,-0.243
19.21,119.28,-0.246
19.21,119.27,-0.248
19.21,119.26,-0.250
19.21,119.24,-0.252
19.21,119.23,-0.255
19.22,119.22,-0.257
19.22,119.20,-0.259
19.22,119.19,-0.262
19.22,119.18,-0.264
19.22,119.17,-0.267
19.22,119.15,-0.269
19.23,119.14,-0.271
19.23,119.13,-0.273
19.23,119.11,-0.275
19.23,119.10,-0.277
19.23,119.09,-0.278
19.23,119.07,-0.280
19.23,119.06,-0.283
19.24,119.05,-0.285
19.24,119.03,-0.287
19.24,119.02,-0.288
19.24,119.00,-0.290
19.24,118.99,-0.292
19.24,118.98,-0.294
19.25,118.96,-0.295
19.25,118.95,-0.297
19.25,118.94,-0.299
19.25,118.92,-0.301
19.25,118.91,-0.303
19.26,118.89,-0.305
19.26,118.88,-0.306
19.26,118.87,-0.308
19.26,118.85,-0.310
19.26,118.84,-0.311
19.26,118.83,-0.313
19.27,118.81,-0.315
19.27,118.80,-0.316
19.27,118.78,-0.318
19.27,118.77,-0.320
19.27,118.75,-0.321
19.27,118.74,-0.322
19.28,118.72,-0.323
19.28,118.71,-0.325
19.28,118.70,-0.326
19.28,118.68,-0.328
19.28,118.67,-0.330
19.28,118.65,-0.331
19.28,118.64,-0.333
19.29,118.62,-0.334
19.29,118.61,-0.336
19.29,118.59,-0.337
19.29,118.58,-0.338
19.29,118.57,-0.339
19.29,118.55,-0.341
19.30,118.54,-0.342
19.30,118.52,-0.344
19.30,118.51,-0.345
19.30,118.49,-0.347
19.30,118.48,-0.348
19.31,118.46,-0.349
19.31,118.45,-0.351
19.31,118.43,-0.352
19.31,118.42,-0.353
19.31,118.40,-0.354
19.31,118.39,-0.355
19.32,118.37,-0.356
19.32,118.36,-0.357
19.32,118.34,-0.358
19.32,118.33,-0.360
19.32,118.31,-0.361
19.32,118.30,-0.362
19.33,118.28,-0.363
19.33,118.27,-0.363
19.33,118.25,-0.365
19.33,118.24,-0.366
19.33,118.22,-0.367
19.33,118.21,-0.367
19.33,118.19,-0.368
19.34,118.18,-0.369
19.34,118.16,-0.370
19.34,118.15,-0.371
19.34,118.13,-0.372
19.34,118.12,-0.373
19.34,118.10,-0.374
19.35,118.09,-0.375
19.35,118.07,-0.376
19.35,118.06,-0.378
19.35,118.04,-0.379
19.35,118.03,-0.380
19.36,118.01,-0.381
19.36,118.00,-0.382
19.36,117.98,-0.382
19.36,117.96,-0.383
19.36,117.95,-0.384
19.36,117.93,-0.384
19.37,117.92,-0.386
19.37,117.90,-0.386
19.37,117.89,-0.386
19.37,117.87,-0.387
19.37,117.86,-0.388
19.37,117.84,-0.389
19.38,117.83,-0.390
19.38,117.81,-0.390
19.38,117.79,-0.391
19.38,117.78,-0.391
19.38,117.76,-0.392
19.38,117.75,-0.393
19.38,117.73,-0.394
19.39,117.72,-0.395
19.39,117.70,-0.395
19.39,117.69,-0.396
19.39,117.67,-0.396
19.39,117.65,-0.397
19.39,117.64,-0.398
19.40,117.62,-0.398
19.40,117.61,-0.399
19.40,117.59,-0.399
19.40,117.58,-0.400
19.40,117.56,-0.401
19.41,117.54,-0.401
19.41,117.53,-0.402
19.41,117.51,-0.402
19.41,117.50,-0.403
19.41,117.48,-0.404
19.41,117.47,-0.405
19.42,117.45,-0.405
19.42,117.43,-0.406
19.42,117.42,-0.406
19.42,117.40,-0.406
19.42,117.39,-0.407
19.42,117.37,-0.407
19.43,117.36,-0.408
19.43,117.34,-0.408
19.43,117.32,-0.408
19.43,117.31,-0.409
19.43,117.29,-0.410
19.43,117.28,-0.411
19.43,117.26,-0.412
19.44,117.25,-0.412
19.44,117.23,-0.412
19.44,117.21,-0.412
19.44,117.20,-0.413
19.44,117.18,-0.413
19.44,117.17,-0.414
19.45,117.15,-0.414
19.45,117.13,-0.413
19.45,117.12,-0.414
19.45,117.10,-0.415
19.45,117.09,-0.416
19.46,117.07,-0.416
19.46,117.05,-0.417
19.46,117.04,-0.418
19.46,117.02,-0.419
19.46,117.01,-0.419
19.46,116.99,-0.419
19.47,116.97,-0.419
19.47,116.96,-0.419
19.47,116.94,-0.419
19.47,116.93,-0.419
19.47,116.91,-0.419
19.47,116.90,-0.419
19.48,116.88,-0.420
19.48,116.86,-0.420
19.48,116.85,-0.421
19.48,116.83,-0.422
19.48,116.81,-0.423
19.48,116.80,-0.423
19.48,116.78,-0.423
19.49,116.77,-0.423
19.49,116.75,-0.423
19.49,116.73,-0.423
19.49,116.72,-0.423
19.49,116.70,-0.423
19.49,116.69,-0.423
19.50,116.67,-0.424
19.50,116.65,-0.424
19.50,116.64,-0.425
19.50,116.62,-0.426
19.50,116.61,-0.426
19.51,116.59,-0.427
19.51,116.57,-0.427
19.51,116.56,-0.427
19.51,116.54,-0.427
19.51,116.52,-0.428
19.51,116.51,-0.428
19.52,116.49,-0.428
19.52,116.48,-0.428
19.52,116.46,-0.428
19.52,116.44,-0.428
19.52,116.43,-0.428
19.52,116.41,-0.429
19.53,116.40,-0.429
19.53,116.38,-0.429
19.53,116.36,-0.430
19.53,116.35,-0.430
19.53,116.33,-0.431
19.53,116.31,-0.431
19.53,116.30,-0.431
19.54,116.28,-0.432
19.54,116.27,-0.432
19.54,116.25,-0.432
19.54,116.23,-0.432
19.54,116.22,-0.432
19.54,116.20,-0.432
19.55,116.18,-0.431
19.55,116.17,-0.432
19.55,116.15,-0.432
19.55,116.14,-0.432
19.55,116.12,-0.432
19.56,116.10,-0.433
19.56,116.09,-0.433
19.56,116.07,-0.433
19.56,116.05,-0.433
19.56,116.04,-0.433
19.56,116.02,-0.434
19.57,116.01,-0.434
19.57,115.99,-0.434
19.57,115.97,-0.434
19.57,115.96,-0.434
19.57,115.94,-0.435
19.57,115.92,-0.435
19.58,115.91,-0.435
19.58,115.89,-0.435
19.58,115.88,-0.436
19.58,115.86,-0.436
19.58,115.84,-0.436
19.58,115.83,-0.436
19.58,115.81,-0.437
19.59,115.79,-0.437
19.59,115.78,-0.437
19.59,115.76,-0.437
19.59,115.74,-0.437
19.59,115.73,-0.437
19.59,115.71,-0.437
19.60,115.69,-0.437
19.60,115.68,-0.437
19.60,115.66,-0.437
19.60,115.65,-0.437
19.60,115.63,-0.437
19.61,115.61,-0.438
19.61,115.60,-0.438
19.61,115.58,-0.439
19.61,115.56,-0.439
19.61,115.55,-0.439
19.61,115.53,-0.439
19.62,115.51,-0.439
19.62,115.50,-0.439
19.62,115.48,-0.439
19.62,115.47,-0.439
19.62,115.45,-0.440
19.62,115.43,-0.440
19.63,115.42,-0.440
19.63,115.40,-0.440
19.63,115.38,-0.440
19.63,115.37,-0.440
19.63,115.35,-0.440
19.63,115.33,-0.440
19.63,115.32,-0.440
19.64,115.30,-0.440
19.64,115.28,-0.440
19.64,115.27,-0.440
19.64,115.25,-0.440
19.64,115.24,-0.440
19.64,115.22,-0.440
19.65,115.20,-0.440
19.65,115.19,-0.441
19.65,115.17,-0.441
19.65,115.15,-0.441
19.65,115.14,-0.441
19.66,115.12,-0.441
19.66,115.10,-0.441
19.66,115.09,-0.441
19.66,115.07,-0.441
19.66,115.05,-0.441
19.66,115.04,-0.441
19.67,115.02,-0.441
19.67,115.01,-0.442
19.67,114.99,-0.442
19.67,114.97,-0.442
19.67,114.96,-0.442
19.67,114.94,-0.442
19.68,114.92,-0.442
19.68,114.91,-0.442
19.68,114.89,-0.442
19.68,114.87,-0.442
19.68,114.86,-0.442
19.68,114.84,-0.442
19.68,114.82,-0.442
19.69,114.81,-0.442
19.69,114.79,-0.442
19.69,114.78,-0.442
19.69,114.76,-0.442
19.69,114.74,-0.442
19.69,114.73,-0.442
19.70,114.71,-0.442
19.70,114.69,-0.442
19.70,114.68,-0.442
19.70,114.66,-0.443
19.70,114.64,-0.443
19.71,114.63,-0.443
19.71,114.61,-0.443
19.71,114.59,-0.443
19.71,114.58,-0.443
19.71,114.56,-0.443
19.71,114.54,-0.443
19.72,114.53,-0.443
19.72,114.51,-0.443
19.72,114.49,-0.443
19.72,114.48,-0.443
19.72,114.46,-0.443
19.72,114.45,-0.443
19.73,114.43,-0.443
19.73,114.41,-0.443
19.73,114.40,-0.443
19.73,114.38,-0.443
19.73,114.36,-0.443
19.73,114.35,-0.443
19.73,114.33,-0.443
19.74,114.31,-0.443
19.74,114.30,-0.443
19.74,114.28,-0.443
19.74,114.26,-0.443
19.74,114.25,-0.443
19.74,114.23,-0.443
19.75,114.22,-0.443
19.75,114.20,-0.443
19.75,114.18,-0.443
19.75,114.17,-0.443
19.75,114.15,-0.443
19.76,114.13,-0.443
19.76,114.12,-0.443
19.76,114.10,-0.443
19.76,114.08,-0.443
19.76,114.07,-0.443
19.76,114.05,-0.443
19.77,114.03,-0.443
19.77,114.02,-0.443
19.77,114.00,-0.443
19.77,113.98,-0.443
19.77,113.97,-0.443
19.77,113.95,-0.443
19.78,113.93,-0.443
19.78,113.92,-0.443
19.78,113.90,-0.443
19.78,113.89,-0.443
19.78,113.87,-0.443
19.78,113.85,-0.443
19.78,113.84,-0.443
19.79,113.82,-0.444
19.79,113.80,-0.444
19.79,113.79,-0.444
19.79,113.77,-0.444
19.79,113.75,-0.444
19.79,113.74,-0.444
19.80,113.72,-0.444
19.80,113.70,-0.444
19.80,113.69,-0.444
19.80,113.67,-0.444
19.80,113.65,-0.444
19.81,113.64,-0.444
19.81,113.62,-0.444
19.81,113.60,-0.444
19.81,113.59,-0.444
19.81,113.57,-0.444
19.81,113.56,-0.444
19.82,113.54,-0.444
19.82,113.52,-0.444
19.82,113.51,-0.444
19.82,113.49,-0.444
19.82,113.47,-0.444
19.82,113.46,-0.444
19.83,113.44,-0.444
19.83,113.42,-0.444
19.83,113.41,-0.444
19.83,113.39,-0.444
19.83,113.37,-0.444
19.83,113.36,-0.444
19.83,113.34,-0.444
19.84,113.32,-0.444
19.84,113.31,-0.444
19.84,113.29,-0.444
19.84,113.27,-0.444
19.84,113.26,-0.444
19.84,113.24,-0.444
19.85,113.23,-0.444
19.85,113.21,-0.444
19.85,113.19,-0.444
19.85,113.17,-0.444
19.85,113.16,-0.444
19.86,113.14,-0.444
19.86,113.12,-0.444
19.86,113.11,-0.444
19.86,113.09,-0.444
19.86,113.08,-0.444
19.86,113.06,-0.444
19.87,113.04,-0.444
19.87,113.03,-0.444
19.87,113.01,-0.444
19.87,112.99,-0.445
19.87,112.98,-0.445
19.87,112.96,-0.445
19.88,112.94,-0.445
19.88,112.93,-0.445
19.88,112.91,-0.445
19.88,112.89,-0.445
19.88,112.88,-0.445
19.88,112.86,-0.445
19.88,112.84,-0.445
19.89,112.83,-0.445
19.89,112.81,-0.445
19.89,112.79,-0.445
19.89,112.78,-0.445
19.89,112.76,-0.445
19.89,112.74,-0.445
19.90,112.73,-0.445
19.90,112.71,-0.445
19.90,112.69,-0.445
19.90,112.68,-0.445
19.90,112.66,-0.445
19.91,112.65,-0.445
19.91,112.63,-0.445
19.91,112.61,-0.445
19.91,112.59,-0.445
19.91,112.58,-0.445
19.91,112.56,-0.445
19.92,112.55,-0.445
19.92,112.53,-0.445
19.92,112.51,-0.445
19.92,112.50,-0.445
19.92,112.48,-0.445
19.92,112.46,-0.445
19.93,112.45,-0.445
19.93,112.43,-0.445
19.93,112.41,-0.445
19.93,112.40,-0.445
19.93,112.38,-0.445
19.93,112.36,-0.445
19.93,112.35,-0.445
19.94,112.33,-0.445
19.94,112.31,-0.445
19.94,112.30,-0.445
19.94,112.28,-0.445
19.94,112.26,-0.445
19.94,112.25,-0.445
19.95,112.23,-0.445
19.95,112.21,-0.445
19.95,112.20,-0.445
19.95,112.18,-0.445
19.95,112.16,-0.445
19.96,112.15,-0.445
19.96,112.13,-0.445
19.96,112.12,-0.445
19.96,112.10,-0.445
19.96,112.08,-0.445
19.96,112.07,-0.445
19.97,112.05,-0.445
19.97,112.03,-0.445
19.97,112.02,-0.445
19.97,112.00,-0.445
19.97,111.98,-0.445
19.97,111.96,-0.445
19.98,111.95,-0.445
19.98,111.93,-0.445
19.98,111.91,-0.445
19.98,111.90,-0.445
19.98,111.88,-0.445
19.98,111.87,-0.445
19.98,111.85,-0.445
19.99,111.83,-0.445
19.99,111.82,-0.445
19.99,111.80,-0.445
19.99,111.78,-0.445
19.99,111.77,-0.445
19.99,111.75,-0.445
20.00,111.73,-0.446
20.00,111.72,-0.446
20.00,111.70,-0.446
20.00,111.68,-0.446
20.00,111.67,-0.446
20.01,111.65,-0.446
20.01,111.63,-0.446
20.01,111.62,-0.446
20.01,111.60,-0.446
20.01,111.58,-0.446
20.01,111.57,-0.446
20.02,111.55,-0.446
20.02,111.53,-0.446
20.02,111.52,-0.446
20.02,111.50,-0.446
20.02,111.48,-0.446
20.02,111.47,-0.446
20.03,111.45,-0.446
20.03,111.44,-0.446
20.03,111.42,-0.446
20.03,111.40,-0.446
20.03,111.39,-0.446
20.03,111.37,-0.446
20.03,111.35,-0.446
20.04,111.34,-0.446
20.04,111.32,-0.446
20.04,111.30,-0.446
20.04,111.29,-0.446
20.04,111.27,-0.446
20.04,111.25,-0.446
20.05,111.24,-0.446
20.05,111.22,-0.446
20.05,111.20,-0.446
20.05,111.19,-0.446
20.05,111.17,-0.446
20.06,111.15,-0.446
20.06,111.14,-0.446
20.06,111.12,-0.446
20.06,111.10,-0.446
20.06,111.09,-0.446
20.06,111.07,-0.446
20.07,111.05,-0.446
20.07,111.04,-0.446
20.07,111.02,-0.446
20.07,111.00,-0.446
20.07,110.99,-0.446
20.07,110.97,-0.446
20.08,110.95,-0.446
20.08,110.94,-0.446
20.08,110.92,-0.446
20.08,110.90,-0.446
20.08,110.89,-0.446
20.08,110.87,-0.446
20.08,110.85,-0.446
20.09,110.84,-0.446
20.09,110.82,-0.446
20.09,110.81,-0.446
20.09,110.79,-0.446
20.09,110.77,-0.446
20.09,110.76,-0.446
20.10,110.74,-0.446
20.10,110.72,-0.446
20.10,110.71,-0.446
20.10,110.69,-0.446
20.10,110.67,-0.446
20.11,110.66,-0.446
20.11,110.64,-0.446
20.11,110.62,-0.446
20.11,110.61,-0.446
20.11,110.59,-0.446
20.11,110.57,-0.446
20.12,110.56,-0.446
20.12,110.54,-0.446
20.12,110.52,-0.446
20.12,110.51,-0.446
20.12,110.49,-0.446
20.12,110.47,-0.446
20.13,110.46,-0.446
20.13,110.44,-0.446
20.13,110.42,-0.446
20.13,110.41,-0.446
20.13,110.39,-0.446
20.13,110.37,-0.446
20.13,110.36,-0.446
20.14,110.34,-0.446
20.14,110.32,-0.446
20.14,110.31,-0.446
20.14,110.29,-0.446
20.14,110.27,-0.446
20.14,110.26,-0.446
20.15,110.24,-0.446
20.15,110.22,-0.446
20.15,110.21,-0.446
20.15,110.19,-0.446
20.15,110.17,-0.446
20.16,110.16,-0.446
20.16,110.14,-0.446
20.16,110.12,-0.446
20.16,110.11,-0.446
20.16,110.09,-0.446
20.16,110.07,-0.446
20.17,110.06,-0.446
20.17,110.04,-0.446
20.17,110.02,-0.446
20.17,110.01,-0.446
20.17,109.99,-0.446
20.17,109.98,-0.446
20.18,109.96,-0.446
20.18,109.94,-0.446
20.18,109.92,-0.446
20.18,109.91,-0.446
20.18,109.89,-0.446
20.18,109.88,-0.446
20.18,109.86,-0.446
20.19,109.84,-0.446
20.19,109.82,-0.446
20.19,109.81,-0.446
20.19,109.79,-0.446
20.19,109.78,-0.446
20.19,109.76,-0.446
20.20,109.74,-0.446
20.20,109.73,-0.446
20.20,109.71,-0.446
20.20,109.69,-0.446
20.20,109.68,-0.446
20.21,109.66,-0.446
20.21,109.64,-0.446
20.21,109.63,-0.446
20.21,109.61,-0.446
20.21,109.59,-0.446
20.21,109.58,-0.446
20.22,109.56,-0.446
20.22,109.54,-0.446
20.22,109.53,-0.446
20.22,109.51,-0.446
20.22,109.49,-0.446
20.22,109.48,-0.446
20.23,109.46,-0.446
20.23,109.44,-0.446
20.23,109.43,-0.446
20.23,109.41,-0.446
20.23,109.39,-0.446
20.23,109.38,-0.446
20.23,109.36,-0.446
20.24,109.34,-0.446
20.24,109.33,-0.446
20.24,109.31,-0.446
20.24,109.29,-0.446
20.24,109.28,-0.446
20.24,109.26,-0.446
20.25,109.24,-0.446
20.25,109.23,-0.446
20.25,109.21,-0.446
20.25,109.19,-0.446
20.25,109.18,-0.446
20.26,109.16,-0.446
20.26,109.14,-0.446
20.26,109.13,-0.446
20.26,109.11,-0.446
20.26,109.09,-0.446
20.26,109.08,-0.446
20.27,109.06,-0.446
20.27,109.04,-0.446
20.27,109.03,-0.446
20.27,109.01,-0.446
20.27,108.99,-0.446
20.27,108.98,-0.446
20.28,108.96,-0.446
20.28,108.95,-0.446
20.28,108.93,-0.446
20.28,108.91,-0.446
20.28,108.90,-0.446
20.28,108.88,-0.446
20.28,108.86,-0.446
20.29,108.85,-0.446
20.29,108.83,-0.446
20.29,108.81,-0.446
20.29,108.80,-0.446
20.29,108.78,-0.446
20.29,108.76,-0.446
20.30,108.75,-0.446
20.30,108.73,-0.446
20.30,108.71,-0.446
20.30,108.70,-0.446
20.30,108.68,-0.446
20.31,108.66,-0.446
20.31,108.65,-0.446
20.31,108.63,-0.446
20.31,108.61,-0.446
20.31,108.60,-0.446
20.31,108.58,-0.446
20.32,108.56,-0.446
20.32,108.55,-0.446
20.32,108.53,-0.446
20.32,108.51,-0.446
20.32,108.50,-0.446
20.32,108.48,-0.446
20.33,108.46,-0.446
20.33,108.45,-0.446
20.33,108.43,-0.446
20.33,108.41,-0.445
20.33,108.40,-0.445
20.33,108.38,-0.445
20.33,108.36,-0.445
20.34,108.35,-0.445
20.34,108.33,-0.445
20.34,108.31,-0.445
20.34,108.30,-0.445
20.34,108.28,-0.445
20.34,108.26,-0.445
20.35,108.25,-0.445
20.35,108.23,-0.445
20.35,108.21,-0.445
20.35,108.20,-0.445
20.35,108.18,-0.445
20.36,108.16,-0.445
20.36,108.15,-0.445
20.36,108.13,-0.445
20.36,108.11,-0.445
20.36,108.10,-0.445
20.36,108.08,-0.445
20.37,108.06,-0.445
20.37,108.05,-0.445
20.37,108.03,-0.445
20.37,108.01,-0.445
20.37,108.00,-0.445
20.37,107.98,-0.445
20.38,107.96,-0.445
20.38,107.95,-0.445
20.38,107.93,-0.445
20.38,107.91,-0.445
20.38,107.90,-0.445
20.38,107.88,-0.445
20.38,107.86,-0.445
20.39,107.85,-0.445
20.39,107.83,-0.445
20.39,107.82,-0.445
20.39,107.80,-0.445
20.39,107.78,-0.445
20.39,107.76,-0.445
20.40,107.75,-0.445
20.40,107.73,-0.445
20.40,107.72,-0.445
20.40,107.70,-0.445
20.40,107.68,-0.445
20.41,107.66,-0.445
20.41,107.65,-0.445
20.41,107.63,-0.445
20.41,107.61,-0.445
20.41,107.60,-0.445
20.41,107.58,-0.445
20.42,107.57,-0.445
20.42,107.55,-0.445
20.42,107.53,-0.445
20.42,107.51,-0.445
20.42,107.50,-0.445
20.42,107.48,-0.445
20.43,107.46,-0.445
20.43,107.45,-0.445
20.43,107.43,-0.445
20.43,107.42,-0.445
20.43,107.40,-0.445
20.43,107.38,-0.445
20.43,107.37,-0.445
20.44,107.35,-0.445
20.44,107.33,-0.445
20.44,107.31,-0.445
20.44,107.30,-0.445
20.44,107.28,-0.445
20.44,107.27,-0.445
20.45,107.25,-0.445
20.45,107.23,-0.445
20.45,107.22,-0.445
20.45,107.20,-0.445
20.45,107.18,-0.445
20.46,107.17,-0.445
20.46,107.15,-0.445
20.46,107.13,-0.445
20.46,107.12,-0.445
20.46,107.10,-0.445
20.46,107.08,-0.445
20.47,107.07,-0.445
20.47,107.05,-0.445
20.47,107.03,-0.445
20.47,107.02,-0.445
20.47,107.00,-0.445
20.47,106.98,-0.445
20.48,106.97,-0.445
20.48,106.95,-0.445
20.48,106.93,-0.445
20.48,106.92,-0.445
20.48,106.90,-0.445
20.48,106.88,-0.445
20.48,106.87,-0.445
20.49,106.85,-0.445
20.49,106.83,-0.445
20.49,106.82,-0.445
20.49,106.80,-0.445
20.49,106.78,-0.445
20.49,106.77,-0.445
20.50,106.75,-0.445
20.50,106.73,-0.445
20.50,106.72,-0.445
20.50,106.70,-0.445
20.50,106.68,-0.445
20.51,106.67,-0.445
20.51,106.65,-0.445
20.51,106.63,-0.445
20.51,106.62,-0.445
20.51,106.60,-0.445
20.51,106.58,-0.445
20.52,106.57,-0.445
20.52,106.55,-0.445
20.52,106.53,-0.445
20.52,106.52,-0.445
20.52,106.50,-0.445
20.52,106.48,-0.445
20.53,106.47,-0.445
20.53,106.45,-0.444
20.53,106.43,-0.444
20.53,106.42,-0.444
20.53,106.40,-0.444
20.53,106.38,-0.444
20.53,106.37,-0.444
20.54,106.35,-0.444
20.54,106.33,-0.444
20.54,106.32,-0.444
20.54,106.30,-0.444
20.54,106.28,-0.444
20.54,106.27,-0.444
20.55,106.25,-0.444
20.55,106.24,-0.444
20.55,106.22,-0.444
20.55,106.20,-0.444
20.55,106.18,-0.444
20.56,106.17,-0.444
20.56,106.15,-0.444
20.56,106.14,-0.444
20.56,106.12,-0.444
20.56,106.10,-0.444
20.56,106.08,-0.444
20.57,106.07,-0.444
20.57,106.05,-0.444
20.57,106.04,-0.444
20.57,106.02,-0.444
20.57,106.00,-0.444
20.57,105.99,-0.444
20.58,105.97,-0.444
20.58,105.95,-0.444
20.58,105.93,-0.444
20.58,105.92,-0.444
20.58,105.90,-0.444
20.58,105.88,-0.444
20.58,105.87,-0.444
20.59,105.85,-0.444
20.59,105.84,-0.444
20.59,105.82,-0.444
20.59,105.80,-0.444
20.59,105.79,-0.444
20.59,105.77,-0.444
20.60,105.75,-0.444
20.60,105.73,-0.444
20.60,105.72,-0.444
20.60,105.70,-0.444
20.60,105.69,-0.444
20.61,105.67,-0.444
20.61,105.65,-0.444
20.61,105.63,-0.444
20.61,105.62,-0.444
20.61,105.60,-0.444
20.61,105.59,-0.444
20.62,105.57,-0.444
20.62,105.55,-0.444
20.62,105.54,-0.444
20.62,105.52,-0.444
20.62,105.50,-0.444
20.62,105.49,-0.444
20.63,105.47,-0.444
20.63,105.45,-0.444
20.63,105.44,-0.444
20.63,105.42,-0.444
20.63,105.40,-0.444
20.63,105.39,-0.444
20.63,105.37,-0.444
20.64,105.35,-0.444
20.64,105.34,-0.444
20.64,105.32,-0.444
20.64,105.30,-0.444
20.64,105.29,-0.444
20.64,105.27,-0.444
20.65,105.25,-0.444
20.65,105.24,-0.444
20.65,105.22,-0.444
20.65,105.20,-0.444
20.65,105.19,-0.444
20.66,105.17,-0.444
20.66,105.15,-0.443
20.66,105.14,-0.443
20.66,105.12,-0.443
20.66,105.10,-0.443
20.66,105.09,-0.443
20.67,105.07,-0.443
20.67,105.05,-0.443
20.67,105.04,-0.443
20.67,105.02,-0.443
20.67,105.00,-0.443
20.67,104.99,-0.443
20.68,104.97,-0.443
20.68,104.95,-0.443
20.68,104.94,-0.443
20.68,104.92,-0.443
20.68,104.90,-0.443
20.68,104.89,-0.443
20.68,104.87,-0.443
20.69,104.85,-0.443
20.69,104.84,-0.443
20.69,104.82,-0.443
20.69,104.80,-0.443
20.69,104.79,-0.443
20.69,104.77,-0.443
20.70,104.75,-0.443
20.70,104.74,-0.443
20.70,104.72,-0.443
20.70,104.70,-0.443
20.70,104.69,-0.443
20.71,104.67,-0.443
20.71,104.65,-0.443
20.71,104.64,-0.443
20.71,104.62,-0.443
20.71,104.60,-0.443
20.71,104.59,-0.443
20.72,104.57,-0.443
20.72,104.55,-0.443
20.72,104.54,-0.443
20.72,104.52,-0.443
20.72,104.50,-0.443
20.72,104.49,-0.443
20.73,104.47,-0.443
20.73,104.45,-0.443
20.73,104.44,-0.443
20.73,104.42,-0.443
20.73,104.40,-0.443
20.73,104.39,-0.443
20.73,104.37,-0.443
20.74,104.35,-0.443
20.74,104.34,-0.443
20.74,104.32,-0.443
20.74,104.30,-0.443
20.74,104.29,-0.443
20.74,104.27,-0.443
20.75,104.25,-0.443
20.75,104.24,-0.443
20.75,104.22,-0.443
20.75,104.20,-0.443
20.75,104.19,-0.443
20.76,104.17,-0.443
20.76,104.15,-0.443
20.76,104.14,-0.443
20.76,104.12,-0.442
20.76,104.11,-0.442
20.76,104.09,-0.442
20.77,104.07,-0.442
20.77,104.05,-0.442
20.77,104.04,-0.442
20.77,104.02,-0.442
20.77,104.01,-0.442
20.77,103.99,-0.442
20.78,103.97,-0.442
20.78,103.95,-0.442
20.78,103.94,-0.442
20.78,103.92,-0.442
20.78,103.90,-0.442
20.78,103.89,-0.442
20.78,103.87,-0.442
20.79,103.86,-0.442
20.79,103.84,-0.442
20.79,103.82,-0.442
20.79,103.81,-0.442
20.79,103.79,-0.442
20.79,103.77,-0.442
20.80,103.76,-0.442
20.80,103.74,-0.442
20.80,103.72,-0.442
20.80,103.70,-0.442
20.80,103.69,-0.442
20.81,103.67,-0.442
20.81,103.66,-0.442
20.81,103.64,-0.442
20.81,103.62,-0.442
20.81,103.61,-0.442
20.81,103.59,-0.442
20.82,103.57,-0.442
20.82,103.56,-0.442
20.82,103.54,-0.442
20.82,103.52,-0.442
20.82,103.51,-0.442
20.82,103.49,-0.442
20.83,103.47,-0.442
20.83,103.45,-0.442
20.83,103.44,-0.442
20.83,103.42,-0.442
20.83,103.41,-0.442
20.83,103.39,-0.442
20.83,103.37,-0.442
20.84,103.36,-0.442
20.84,103.34,-0.442
20.84,103.32,-0.442
20.84,103.31,-0.442
20.84,103.29,-0.442
20.84,103.27,-0.442
20.85,103.26,-0.442
20.85,103.24,-0.442
20.85,103.22,-0.442
20.85,103.21,-0.442
20.85,103.19,-0.442
20.86,103.17,-0.442
20.86,103.16,-0.442
20.86,103.14,-0.442
20.86,103.12,-0.442
20.86,103.11,-0.442
20.86,103.09,-0.442
20.87,103.07,-0.442
20.87,103.06,-0.442
20.87,103.04,-0.442
20.87,103.02,-0.442
20.87,103.01,-0.442
20.87,102.99,-0.442
20.88,102.97,-0.442
20.88,102.96,-0.442
20.88,102.94,-0.442
20.88,102.92,-0.441
20.88,102.91,-0.441
20.88,102.89,-0.441
20.88,102.87,-0.441
20.89,102.86,-0.441
20.89,102.84,-0.441
20.89,102.82,-0.441
20.89,102.81,-0.441
20.89,102.79,-0.441
20.89,102.77,-0.441
20.90,102.76,-0.441
20.90,102.74,-0.441
20.90,102.72,-0.441
20.90,102.71,-0.441
20.90,102.69,-0.441
20.91,102.67,-0.441
20.91,102.66,-0.441
20.91,102.64,-0.441
20.91,102.62,-0.441
20.91,102.61,-0.441
20.91,102.59,-0.441
20.92,102.57,-0.441
20.92,102.56,-0.441
20.92,102.54,-0.441
20.92,102.52,-0.441
20.92,102.51,-0.441
20.92,102.49,-0.441
20.93,102.47,-0.441
20.93,102.46,-0.441
20.93,102.44,-0.441
20.93,102.42,-0.441
20.93,102.41,-0.441
20.93,102.39,-0.441
20.93,102.37,-0.441
20.94,102.36,-0.441
20.94,102.34,-0.441
20.94,102.32,-0.441
20.94,102.31,-0.441
20.94,102.29,-0.441
20.94,102.27,-0.441
20.95,102.26,-0.441
20.95,102.24,-0.441
20.95,102.22,-0.441
20.95,102.21,-0.441
20.95,102.19,-0.441
20.96,102.17,-0.441
20.96,102.16,-0.441
20.96,102.14,-0.441
20.96,102.12,-0.441
20.96,102.11,-0.441
20.96,102.09,-0.441
20.97,102.07,-0.441
20.97,102.06,-0.441
20.97,102.04,-0.441
20.97,102.02,-0.441
20.97,102.01,-0.441
20.97,101.99,-0.441
20.98,101.97,-0.441
20.98,101.96,-0.441
20.98,101.94,-0.441
20.98,101.92,-0.441
20.98,101.91,-0.441
20.98,101.89,-0.441
20.98,101.87,-0.441
20.99,101.86,-0.441
20.99,101.84,-0.440
20.99,101.82,-0.440
20.99,101.81,-0.440
20.99,101.79,-0.440
20.99,101.77,-0.440
21.00,101.76,-0.440
21.00,101.74,-0.440
21.00,101.72,-0.440
21.00,101.71,-0.440
21.00,101.69,-0.440
21.01,101.68,-0.440
21.01,101.66,-0.440
21.01,101.64,-0.440
21.01,101.62,-0.440
21.01,101.61,-0.440
21.01,101.59,-0.440
21.02,101.57,-0.440
21.02,101.56,-0.440
21.02,101.54,-0.440
21.02,101.52,-0.440
21.02,101.51,-0.440
21.02,101.49,-0.440
21.03,101.47,-0.440
21.03,101.46,-0.440
21.03,101.44,-0.440
21.03,101.43,-0.440
21.03,101.41,-0.440
21.03,101.39,-0.440
21.03,101.37,-0.440
21.04,101.36,-0.440
21.04,101.34,-0.440
21.04,101.32,-0.440
21.04,101.31,-0.440
21.04,101.29,-0.440
21.04,101.27,-0.440
21.05,101.26,-0.440
21.05,101.24,-0.440
21.05,101.22,-0.440
21.05,101.21,-0.440
21.05,101.19,-0.440
21.06,101.17,-0.440
21.06,101.16,-0.440
21.06,101.14,-0.440
21.06,101.12,-0.440
21.06,101.11,-0.440
21.06,101.09,-0.440
21.07,101.07,-0.440
21.07,101.06,-0.440
21.07,101.04,-0.440
21.07,101.02,-0.440
21.07,101.01,-0.440
21.07,100.99,-0.440
21.08,100.97,-0.440
21.08,100.96,-0.440
21.08,100.94,-0.440
21.08,100.92,-0.440
21.08,100.91,-0.440
21.08,100.89,-0.440
21.08,100.88,-0.440
21.09,100.86,-0.440
21.09,100.84,-0.440
21.09,100.83,-0.440
21.09,100.81,-0.440
21.09,100.79,-0.440
21.09,100.77,-0.440
21.10,100.76,-0.440
21.10,100.74,-0.440
21.10,100.73,-0.440
21.10,100.71,-0.439
21.10,100.69,-0.439
21.11,100.68,-0.439
21.11,100.66,-0.439
21.11,100.64,-0.439
21.11,100.62,-0.439
21.11,100.61,-0.439
21.11,100.59,-0.439
21.12,100.57,-0.439
21.12,100.56,-0.439
21.12,100.54,-0.439
21.12,100.53,-0.439
21.12,100.51,-0.439
21.12,100.49,-0.439
21.13,100.47,-0.439
21.13,100.46,-0.439
21.13,100.44,-0.439
21.13,100.43,-0.439
21.13,100.41,-0.439
21.13,100.39,-0.439
21.13,100.38,-0.439
21.14,100.36,-0.439
21.14,100.34,-0.439
21.14,100.33,-0.439
21.14,100.31,-0.439
21.14,100.29,-0.439
21.14,100.27,-0.439
21.15,100.26,-0.439
21.15,100.24,-0.439
21.15,100.23,-0.439
21.15,100.21,-0.439
21.15,100.19,-0.439
21.16,100.18,-0.439
21.16,100.16,-0.439
21.16,100.14,-0.439
21.16,100.13,-0.439
21.16,100.11,-0.439
21.16,100.09,-0.439
21.17,100.08,-0.439
21.17,100.06,-0.439
21.17,100.04,-0.439
21.17,100.03,-0.439
21.17,100.01,-0.439
21.17,99.99,-0.439
21.18,99.98,-0.439
21.18,99.96,-0.439
21.18,99.94,-0.439
21.18,99.93,-0.439
21.18,99.91,-0.439
21.18,99.89,-0.439
21.18,99.88,-0.439
21.19,99.86,-0.439
21.19,99.84,-0.439
21.19,99.83,-0.439
21.19,99.81,-0.439
21.19,99.79,-0.439
21.19,99.78,-0.439
21.20,99.76,-0.439
21.20,99.74,-0.438
21.20,99.73,-0.438
21.20,99.71,-0.438
21.20,99.69,-0.438
21.21,99.68,-0.438
21.21,99.66,-0.438
21.21,99.64,-0.438
21.21,99.63,-0.438
21.21,99.61,-0.438
21.21,99.59,-0.438
21.22,99.58,-0.438
21.22,99.56,-0.438
21.22,99.54,-0.438
21.22,99.53,-0.438
21.22,99.51,-0.438
21.22,99.49,-0.438
21.23,99.48,-0.438
21.23,99.46,-0.438
21.23,99.44,-0.438
21.23,99.43,-0.438
21.23,99.41,-0.438
21.23,99.39,-0.438
21.23,99.38,-0.438
21.24,99.36,-0.438
21.24,99.34,-0.438
21.24,99.33,-0.438
21.24,99.31,-0.438
21.24,99.29,-0.438
21.24,99.28,-0.438
21.25,99.26,-0.438
21.25,99.24,-0.438
21.25,99.23,-0.438
21.25,99.21,-0.438
21.25,99.19,-0.438
21.26,99.18,-0.438
21.26,99.16,-0.438
21.26,99.14,-0.438
21.26,99.13,-0.438
21.26,99.11,-0.438
21.26,99.09,-0.438
21.27,99.08,-0.438
21.27,99.06,-0.438
21.27,99.04,-0.438
21.27,99.03,-0.438
21.27,99.01,-0.438
21.27,98.99,-0.438
21.28,98.98,-0.438
21.28,98.96,-0.438
21.28,98.94,-0.438
21.28,98.93,-0.438
21.28,98.91,-0.438
21.28,98.89,-0.438
21.28,98.88,-0.438
21.29,98.86,-0.437
21.29,98.84,-0.437
21.29,98.83,-0.437
21.29,98.81,-0.437
21.29,98.79,-0.437
21.29,98.78,-0.437
21.30,98.76,-0.437
21.30,98.74,-0.437
21.30,98.73,-0.437
21.30,98.71,-0.437
21.30,98.69,-0.437
21.31,98.68,-0.437
21.31,98.66,-0.437
21.31,98.64,-0.437
21.31,98.63,-0.437
21.31,98.61,-0.437
21.31,98.59,-0.437
21.32,98.58,-0.437
21.32,98.56,-0.437
21.32,98.54,-0.437
21.32,98.53,-0.437
21.32,98.51,-0.437
21.32,98.49,-0.437
21.33,98.48,-0.437
21.33,98.46,-0.437
21.33,98.44,-0.437
21.33,98.43,-0.437
21.33,98.41,-0.437
21.33,98.39,-0.437
21.33,98.38,-0.437
21.34,98.36,-0.437
21.34,98.34,-0.437
21.34,98.33,-0.437
21.34,98.31,-0.437
21.34,98.29,-0.437
21.34,98.28,-0.437
21.35,98.26,-0.437
21.35,98.24,-0.437
21.35,98.23,-0.437
21.35,98.21,-0.437
21.35,98.19,-0.437
21.36,98.18,-0.437
21.36,98.16,-0.437
21.36,98.14,-0.437
21.36,98.13,-0.437
21.36,98.11,-0.437
21.36,98.09,-0.437
21.37,98.08,-0.437
21.37,98.06,-0.437
21.37,98.04,-0.437
21.37,98.03,-0.437
21.37,98.01,-0.437
21.37,97.99,-0.437
21.38,97.98,-0.437
21.38,97.96,-0.437
21.38,97.95,-0.436
21.38,97.93,-0.436
21.38,97.91,-0.436
21.38,97.89,-0.436
21.38,97.88,-0.436
21.39,97.86,-0.436
21.39,97.85,-0.436
21.39,97.83,-0.436
21.39,97.81,-0.436
21.39,97.79,-0.436
21.39,97.78,-0.436
21.40,97.76,-0.436
21.40,97.74,-0.436
21.40,97.73,-0.436
21.40,97.71,-0.436
21.40,97.69,-0.436
21.41,97.68,-0.436
21.41,97.66,-0.436
21.41,97.65,-0.436
21.41,97.63,-0.436
21.41,97.61,-0.436
21.41,97.59,-0.436
21.42,97.58,-0.436
21.42,97.56,-0.436
21.42,97.54,-0.436
21.42,97.53,-0.436
21.42,97.51,-0.436
21.42,97.49,-0.436
21.43,97.48,-0.436
21.43,97.46,-0.436
21.43,97.45,-0.436
21.43,97.43,-0.436
21.43,97.41,-0.436
21.43,97.40,-0.436
21.43,97.38,-0.436
21.44,97.36,-0.436
21.44,97.34,-0.436
21.44,97.33,-0.436
21.44,97.31,-0.436
21.44,97.29,-0.436
21.44,97.28,-0.436
21.45,97.26,-0.436
21.45,97.24,-0.436
21.45,97.23,-0.436
21.45,97.21,-0.436
21.45,97.20,-0.436
21.46,97.18,-0.436
21.46,97.16,-0.436
21.46,97.14,-0.436
21.46,97.13,-0.436
21.46,97.11,-0.436
21.46,97.09,-0.436
21.47,97.08,-0.436
21.47,97.06,-0.436
21.47,97.05,-0.436
21.47,97.03,-0.436
21.47,97.01,-0.436
21.47,96.99,-0.436
21.48,96.98,-0.436
21.48,96.96,-0.435
21.48,96.94,-0.435
21.48,96.93,-0.435
21.48,96.91,-0.435
21.48,96.90,-0.435
21.48,96.88,-0.435
21.49,96.86,-0.435
21.49,96.84,-0.435
21.49,96.83,-0.435
21.49,96.81,-0.435
21.49,96.79,-0.435
21.49,96.78,-0.435
21.50,96.76,-0.435
21.50,96.74,-0.435
21.50,96.73,-0.435
21.50,96.71,-0.435
21.50,96.70,-0.435
21.51,96.68,-0.435
21.51,96.66,-0.435
21.51,96.65,-0.435
21.51,96.63,-0.435
21.51,96.61,-0.435
21.51,96.60,-0.435
21.52,96.58,-0.435
21.52,96.56,-0.435
21.52,96.54,-0.435
21.52,96.53,-0.435
21.52,96.51,-0.435
21.52,96.50,-0.435
21.53,96.48,-0.435
21.53,96.46,-0.435
21.53,96.45,-0.435
21.53,96.43,-0.435
21.53,96.41,-0.435
21.53,96.39,-0.435
21.53,96.38,-0.435
21.54,96.36,-0.435
21.54,96.34,-0.435
21.54,96.33,-0.435
21.54,96.31,-0.435
21.54,96.30,-0.435
21.54,96.28,-0.435
21.55,96.26,-0.435
21.55,96.25,-0.435
21.55,96.23,-0.435
21.55,96.21,-0.435
21.55,96.20,-0.435
21.56,96.18,-0.435
21.56,96.16,-0.435
21.56,96.15,-0.435
21.56,96.13,-0.435
21.56,96.11,-0.435
21.56,96.10,-0.435
21.57,96.08,-0.435
21.57,96.06,-0.435
21.57,96.05,-0.435
21.57,96.03,-0.435
21.57,96.01,-0.435
21.57,96.00,-0.435
21.58,95.98,-0.434
21.58,95.96,-0.434
21.58,95.95,-0.434
21.58,95.93,-0.434
21.58,95.91,-0.434
21.58,95.90,-0.434
21.58,95.88,-0.434
21.59,95.86,-0.434
21.59,95.85,-0.434
21.59,95.83,-0.434
21.59,95.81,-0.434
21.59,95.80,-0.434
21.59,95.78,-0.434
21.60,95.76,-0.434
21.60,95.75,-0.434
21.60,95.73,-0.434
21.60,95.71,-0.434
21.60,95.70,-0.434
21.61,95.68,-0.434
21.61,95.66,-0.434
21.61,95.65,-0.434
21.61,95.63,-0.434
21.61,95.61,-0.434
21.61,95.60,-0.434
21.62,95.58,-0.434
21.62,95.56,-0.434
21.62,95.55,-0.434
21.62,95.53,-0.434
21.62,95.51,-0.434
21.62,95.50,-0.434
21.63,95.48,-0.434
21.63,95.46,-0.434
21.63,95.45,-0.434
21.63,95.43,-0.434
21.63,95.41,-0.434
21.63,95.40,-0.434
21.63,95.38,-0.434
21.64,95.36,-0.434
21.64,95.35,-0.434
21.64,95.33,-0.434
21.64,95.31,-0.434
21.64,95.30,-0.434
21.64,95.28,-0.434
21.65,95.26,-0.434
21.65,95.25,-0.434
21.65,95.23,-0.434
21.65,95.21,-0.434
21.65,95.20,-0.434
21.66,95.18,-0.434
21.66,95.16,-0.434
21.66,95.15,-0.434
21.66,95.13,-0.434
21.66,95.11,-0.434
21.66,95.10,-0.434
21.67,95.08,-0.434
21.67,95.06,-0.434
21.67,95.05,-0.434
21.67,95.03,-0.434
21.67,95.01,-0.434
21.67,95.00,-0.434
21.68,94.98,-0.433
21.68,94.96,-0.433
21.68,94.95,-0.433
21.68,94.93,-0.433
21.68,94.91,-0.433
21.68,94.90,-0.433
21.68,94.88,-0.433
21.69,94.86,-0.433
21.69,94.85,-0.433
21.69,94.83,-0.433
21.69,94.81,-0.433
21.69,94.80,-0.433
21.69,94.78,-0.433
21.70,94.76,-0.433
21.70,94.75,-0.433
21.70,94.73,-0.433
21.70,94.71,-0.433
21.70,94.70,-0.433
21.71,94.68,-0.433
21.71,94.66,-0.433
21.71,94.65,-0.433
21.71,94.63,-0.433
21.71,94.61,-0.433
21.71,94.60,-0.433
21.72,94.58,-0.433
21.72,94.56,-0.433
21.72,94.55,-0.433
21.72,94.53,-0.433
21.72,94.51,-0.433
21.72,94.50,-0.433
21.73,94.48,-0.433
21.73,94.46,-0.433
21.73,94.45,-0.433
21.73,94.43,-0.433
21.73,94.41,-0.433
21.73,94.40,-0.433
21.73,94.38,-0.433
21.74,94.36,-0.433
21.74,94.35,-0.433
21.74,94.33,-0.433
21.74,94.31,-0.433
21.74,94.30,-0.433
21.74,94.28,-0.433
21.75,94.26,-0.433
21.75,94.25,-0.433
21.75,94.23,-0.433
21.75,94.21,-0.433
21.75,94.20,-0.433
21.76,94.18,-0.433
21.76,94.16,-0.433
21.76,94.15,-0.433
21.76,94.13,-0.433
21.76,94.11,-0.433
21.76,94.10,-0.432
21.77,94.08,-0.432
21.77,94.06,-0.432
21.77,94.05,-0.432
21.77,94.03,-0.432
21.77,94.01,-0.432
21.77,94.00,-0.432
21.78,93.98,-0.432
21.78,93.96,-0.432
21.78,93.95,-0.432
21.78,93.93,-0.432
21.78,93.91,-0.432
21.78,93.90,-0.432
21.78,93.88,-0.432
21.79,93.86,-0.432
21.79,93.85,-0.432
21.79,93.83,-0.432
21.79,93.82,-0.432
21.79,93.80,-0.432
21.79,93.78,-0.432
21.80,93.76,-0.432
21.80,93.75,-0.432
21.80,93.73,-0.432
21.80,93.71,-0.432
21.80,93.70,-0.432
21.81,93.68,-0.432
21.81,93.66,-0.432
21.81,93.65,-0.432
21.81,93.63,-0.432
21.81,93.62,-0.432
21.81,93.60,-0.432
21.82,93.58,-0.432
21.82,93.57,-0.432
21.82,93.55,-0.432
21.82,93.53,-0.432
21.82,93.51,-0.432
21.82,93.50,-0.432
21.83,93.48,-0.432
21.83,93.46,-0.432
21.83,93.45,-0.432
21.83,93.43,-0.432
21.83,93.42,-0.432
21.83,93.40,-0.432
21.83,93.38,-0.432
21.84,93.36,-0.432
21.84,93.35,-0.432
21.84,93.33,-0.432
21.84,93.31,-0.432
21.84,93.30,-0.432
21.84,93.28,-0.432
21.85,93.27,-0.432
21.85,93.25,-0.432
21.85,93.23,-0.432
21.85,93.22,-0.432
21.85,93.20,-0.432
21.86,93.18,-0.432
21.86,93.17,-0.431
21.86,93.15,-0.431
21.86,93.13,-0.431
21.86,93.11,-0.431
21.86,93.10,-0.431
21.87,93.08,-0.431
21.87,93.06,-0.431
21.87,93.05,-0.431
21.87,93.03,-0.431
21.87,93.02,-0.431
21.87,93.00,-0.431
21.88,92.98,-0.431
21.88,92.96,-0.431
21.88,92.95,-0.431
21.88,92.93,-0.431
21.88,92.91,-0.431
21.88,92.90,-0.431
21.88,92.88,-0.431
21.89,92.87,-0.431
21.89,92.85,-0.431
21.89,92.83,-0.431
21.89,92.82,-0.431
21.89,92.80,-0.431
21.89,92.78,-0.431
21.90,92.77,-0.431
21.90,92.75,-0.431
21.90,92.73,-0.431
21.90,92.72,-0.431
21.90,92.70,-0.431
21.91,92.68,-0.431
21.91,92.67,-0.431
21.91,92.65,-0.431
21.91,92.63,-0.431
21.91,92.61,-0.431
21.91,92.60,-0.431
21.92,92.58,-0.431
21.92,92.56,-0.431
21.92,92.55,-0.431
21.92,92.53,-0.431
21.92,92.51,-0.431
21.92,92.50,-0.431
21.93,92.48,-0.431
21.93,92.47,-0.431
21.93,92.45,-0.431
21.93,92.43,-0.431
21.93,92.42,-0.431
21.93,92.40,-0.431
21.93,92.38,-0.431
21.94,92.37,-0.431
21.94,92.35,-0.431
21.94,92.33,-0.431
21.94,92.32,-0.431
21.94,92.30,-0.431
21.94,92.28,-0.431
21.95,92.27,-0.430
21.95,92.25,-0.430
21.95,92.23,-0.430
21.95,92.22,-0.430
21.95,92.20,-0.430
21.96,92.18,-0.430
21.96,92.17,-0.430
21.96,92.15,-0.430
21.96,92.13,-0.430
21.96,92.12,-0.430
21.96,92.10,-0.430
21.97,92.08,-0.430
21.97,92.07,-0.430
21.97,92.05,-0.430
21.97,92.03,-0.430
21.97,92.02,-0.430
21.97,92.00,-0.430
21.98,91.98,-0.430
21.98,91.97,-0.430
21.98,91.95,-0.430
21.98,91.93,-0.430
21.98,91.92,-0.430
21.98,91.90,-0.430
21.98,91.88,-0.430
21.99,91.87,-0.430
21.99,91.85,-0.430
21.99,91.83,-0.430
21.99,91.82,-0.430
21.99,91.80,-0.430
21.99,91.78,-0.430
22.00,91.77,-0.430
22.00,91.75,-0.430
22.00,91.73,-0.430
22.00,91.72,-0.430
22.00,91.70,-0.430
22.01,91.68,-0.430
22.01,91.67,-0.430
22.01,91.65,-0.430
22.01,91.63,-0.430
22.01,91.62,-0.430
22.01,91.60,-0.430
22.02,91.58,-0.430
22.02,91.57,-0.430
22.02,91.55,-0.430
22.02,91.53,-0.430
22.02,91.51,-0.430
22.02,91.50,-0.430
22.03,91.48,-0.430
22.03,91.47,-0.430
22.03,91.45,-0.429
22.03,91.43,-0.429
22.03,91.42,-0.429
22.03,91.40,-0.429
22.03,91.38,-0.429
22.04,91.37,-0.429
22.04,91.35,-0.429
22.04,91.33,-0.429
22.04,91.32,-0.429
22.04,91.30,-0.429
22.04,91.28,-0.429
22.05,91.27,-0.429
22.05,91.25,-0.429
22.05,91.23,-0.429
22.05,91.22,-0.429
22.05,91.20,-0.429
22.06,91.18,-0.429
22.06,91.17,-0.429
22.06,91.15,-0.429
22.06,91.13,-0.429
22.06,91.12,-0.429
22.06,91.10,-0.429
22.07,91.08,-0.429
22.07,91.07,-0.429
22.07,91.05,-0.429
22.07,91.03,-0.429
22.07,91.02,-0.429
22.07,91.00,-0.429
22.08,90.98,-0.429
22.08,90.97,-0.429
22.08,90.95,-0.429
22.08,90.93,-0.429
22.08,90.92,-0.429
22.08,90.90,-0.429
22.08,90.88,-0.429
22.09,90.87,-0.429
22.09,90.85,-0.429
22.09,90.83,-0.429
22.09,90.82,-0.429
22.09,90.80,-0.429
22.09,90.78,-0.429
22.10,90.77,-0.429
22.10,90.75,-0.429
22.10,90.73,-0.429
22.10,90.72,-0.429
22.10,90.70,-0.429
22.11,90.68,-0.429
22.11,90.67,-0.429
22.11,90.65,-0.429
22.11,90.63,-0.429
22.11,90.62,-0.429
22.11,90.60,-0.429
22.12,90.58,-0.429
22.12,90.57,-0.429
22.12,90.55,-0.429
22.12,90.53,-0.429
22.12,90.52,-0.429
22.12,90.50,-0.428
22.13,90.48,-0.428
22.13,90.47,-0.428
22.13,90.45,-0.428
22.13,90.43,-0.428
22.13,90.42,-0.428
22.13,90.40,-0.428
22.13,90.38,-0.428
22.14,90.37,-0.428
22.14,90.35,-0.428
22.14,90.33,-0.428
22.14,90.32,-0.428
22.14,90.30,-0.428
22.14,90.28,-0.428
22.15,90.27,-0.428
22.15,90.25,-0.428
22.15,90.23,-0.428
22.15,90.22,-0.428
22.15,90.20,-0.428
22.16,90.18,-0.428
22.16,90.17,-0.428
22.16,90.15,-0.428
22.16,90.13,-0.428
22.16,90.12,-0.428
22.16,90.10,-0.428
22.17,90.08,-0.428
22.17,90.07,-0.428
22.17,90.05,-0.428
22.17,90.03,-0.428
22.17,90.02,-0.428
22.17,90.00,-0.428
22.18,89.98,-0.428
22.18,89.97,-0.428
22.18,89.95,-0.428
22.18,89.93,-0.428
22.18,89.92,-0.428
22.18,89.90,-0.428
22.18,89.88,-0.428
22.19,89.87,-0.428
22.19,89.85,-0.428
22.19,89.84,-0.428
22.19,89.82,-0.428
22.19,89.80,-0.428
22.19,89.78,-0.428
22.20,89.77,-0.428
22.20,89.75,-0.428
22.20,89.73,-0.428
22.20,89.72,-0.428
22.20,89.70,-0.428
22.21,89.68,-0.428
22.21,89.67,-0.427
22.21,89.65,-0.427
22.21,89.63,-0.427
22.21,89.62,-0.427
22.21,89.60,-0.427
22.22,89.59,-0.427
22.22,89.57,-0.427
22.22,89.55,-0.427
22.22,89.53,-0.427
22.22,89.52,-0.427
22.22,89.50,-0.427
22.23,89.48,-0.427
22.23,89.47,-0.427
22.23,89.45,-0.427
22.23,89.43,-0.427
22.23,89.42,-0.427
22.23,89.40,-0.427
22.23,89.38,-0.427
22.24,89.37,-0.427
22.24,89.35,-0.427
22.24,89.34,-0.427
22.24,89.32,-0.427
22.24,89.30,-0.427
22.24,89.28,-0.427
22.25,89.27,-0.427
22.25,89.25,-0.427
22.25,89.23,-0.427
22.25,89.22,-0.427
22.25,89.20,-0.427
22.26,89.18,-0.427
22.26,89.17,-0.427
22.26,89.15,-0.427
22.26,89.14,-0.427
22.26,89.12,-0.427
22.26,89.10,-0.427
22.27,89.08,-0.427
22.27,89.07,-0.427
22.27,89.05,-0.427
22.27,89.03,-0.427
22.27,89.02,-0.427
22.27,89.00,-0.427
22.28,88.98,-0.427
22.28,88.97,-0.427
22.28,88.95,-0.427
22.28,88.94,-0.427
22.28,88.92,-0.427
22.28,88.90,-0.427
22.28,88.89,-0.427
22.29,88.87,-0.427
22.29,88.85,-0.427
22.29,88.83,-0.426
22.29,88.82,-0.426
22.29,88.80,-0.426
22.29,88.78,-0.426
22.30,88.77,-0.426
22.30,88.75,-0.426
22.30,88.73,-0.426
22.30,88.72,-0.426
22.30,88.70,-0.426
22.31,88.69,-0.426
22.31,88.67,-0.426
22.31,88.65,-0.426
22.31,88.64,-0.426
22.31,88.62,-0.426
22.31,88.60,-0.426
22.32,88.59,-0.426
22.32,88.57,-0.426
22.32,88.55,-0.426
22.32,88.54,-0.426
22.32,88.52,-0.426
22.32,88.50,-0.426
22.33,88.49,-0.426
22.33,88.47,-0.426
22.33,88.45,-0.426
22.33,88.44,-0.426
22.33,88.42,-0.426
22.33,88.40,-0.426
22.33,88.39,-0.426
22.34,88.37,-0.426
22.34,88.35,-0.426
22.34,88.34,-0.426
22.34,88.32,-0.426
22.34,88.30,-0.426
22.34,88.29,-0.426
22.35,88.27,-0.426
22.35,88.25,-0.426
22.35,88.24,-0.426
22.35,88.22,-0.426
22.35,88.20,-0.426
22.36,88.19,-0.426
22.36,88.17,-0.426
22.36,88.15,-0.426
22.36,88.14,-0.426
22.36,88.12,-0.426
22.36,88.10,-0.426
22.37,88.09,-0.426
22.37,88.07,-0.426
22.37,88.05,-0.426
22.37,88.04,-0.426
22.37,88.02,-0.426
22.37,88.00,-0.426
22.38,87.99,-0.425
22.38,87.97,-0.425
22.38,87.95,-0.425
22.38,87.94,-0.425
22.38,87.92,-0.425
22.38,87.90,-0.425
22.38,87.89,-0.425
22.39,87.87,-0.425
22.39,87.85,-0.425
22.39,87.84,-0.425
22.39,87.82,-0.425
22.39,87.80,-0.425
22.39,87.79,-0.425
22.40,87.77,-0.425
22.40,87.75,-0.425
22.40,87.74,-0.425
22.40,87.72,-0.425
22.40,87.70,-0.425
22.41,87.69,-0.425
22.41,87.67,-0.425
22.41,87.65,-0.425
22.41,87.64,-0.425
22.41,87.62,-0.425
22.41,87.60,-0.425
22.42,87.59,-0.425
22.42,87.57,-0.425
22.42,87.55,-0.425
22.42,87.54,-0.425
22.42,87.52,-0.425
22.42,87.50,-0.425
22.43,87.49,-0.425
22.43,87.47,-0.425
22.43,87.45,-0.425
22.43,87.44,-0.425
22.43,87.42,-0.425
22.43,87.40,-0.425
22.43,87.39,-0.425
22.44,87.37,-0.425
22.44,87.35,-0.425
22.44,87.34,-0.425
22.44,87.32,-0.425
22.44,87.30,-0.425
22.44,87.29,-0.425
22.45,87.27,-0.425
22.45,87.25,-0.425
22.45,87.24,-0.425
22.45,87.22,-0.425
22.45,87.20,-0.425
22.46,87.19,-0.425
22.46,87.17,-0.425
22.46,87.15,-0.425
22.46,87.14,-0.425
22.46,87.12,-0.424
22.46,87.10,-0.424
22.47,87.09,-0.424
22.47,87.07,-0.424
22.47,87.05,-0.424
22.47,87.04,-0.424
22.47,87.02,-0.424
22.47,87.00,-0.424
22.48,86.99,-0.424
22.48,86.97,-0.424
22.48,86.95,-0.424
22.48,86.94,-0.424
22.48,86.92,-0.424
22.48,86.90,-0.424
22.48,86.89,-0.424
22.49,86.87,-0.424
22.49,86.85,-0.424
22.49,86.84,-0.424
22.49,86.82,-0.424
22.49,86.80,-0.424
22.49,86.79,-0.424
22.50,86.77,-0.424
22.50,86.75,-0.424
22.50,86.74,-0.424
22.50,86.72,-0.424
22.50,86.70,-0.424
22.51,86.69,-0.424
22.51,86.67,-0.424
22.51,86.65,-0.424
22.51,86.64,-0.424
22.51,86.62,-0.424
22.51,86.60,-0.424
22.52,86.59,-0.424
22.52,86.57,-0.424
22.52,86.55,-0.424
22.52,86.54,-0.424
22.52,86.52,-0.424
22.52,86.50,-0.424
22.53,86.49,-0.424
22.53,86.47,-0.424
22.53,86.45,-0.424
22.53,86.44,-0.424
22.53,86.42,-0.424
22.53,86.40,-0.424
22.53,86.39,-0.424
22.54,86.37,-0.424
22.54,86.36,-0.424
22.54,86.34,-0.424
22.54,86.32,-0.424
22.54,86.30,-0.424
22.54,86.29,-0.424
22.55,86.27,-0.424
22.55,86.25,-0.424
22.55,86.24,-0.424
22.55,86.22,-0.424
22.55,86.20,-0.424
22.56,86.19,-0.424
22.56,86.17,-0.424
22.56,86.15,-0.424
22.56,86.14,-0.424
22.56,86.12,-0.424
22.56,86.10,-0.424
22.57,86.09,-0.424
22.57,86.07,-0.424
22.57,86.05,-0.424
22.57,86.04,-0.423
22.57,86.02,-0.423
22.57,86.00,-0.423
22.58,85.99,-0.423
22.58,85.97,-0.423
22.58,85.95,-0.423
22.58,85.94,-0.423
22.58,85.92,-0.423
22.58,85.90,-0.423
22.58,85.89,-0.423
22.59,85.87,-0.423
22.59,85.86,-0.423
22.59,85.84,-0.423
22.59,85.82,-0.423
22.59,85.80,-0.423
22.59,85.79,-0.423
22.60,85.77,-0.423
22.60,85.75,-0.423
22.60,85.74,-0.423
22.60,85.72,-0.423
22.60,85.70,-0.423
22.61,85.69,-0.423
22.61,85.67,-0.423
22.61,85.65,-0.423
22.61,85.64,-0.423
22.61,85.62,-0.423
22.61,85.60,-0.423
22.62,85.59,-0.423
22.62,85.57,-0.423
22.62,85.55,-0.423
22.62,85.54,-0.423
22.62,85.52,-0.423
22.62,85.50,-0.423
22.63,85.49,-0.423
22.63,85.47,-0.423
22.63,85.45,-0.423
22.63,85.44,-0.423
22.63,85.42,-0.423
22.63,85.40,-0.423
22.63,85.39,-0.423
22.64,85.37,-0.423
22.64,85.36,-0.423
22.64,85.34,-0.423
22.64,85.32,-0.423
22.64,85.30,-0.423
22.64,85.29,-0.423
22.65,85.27,-0.423
22.65,85.25,-0.423
22.65,85.24,-0.423
22.65,85.22,-0.423
22.65,85.20,-0.423
22.66,85.19,-0.423
22.66,85.17,-0.423
22.66,85.15,-0.423
22.66,85.14,-0.423
22.66,85.12,-0.423
22.66,85.10,-0.423
22.67,85.09,-0.423
22.67,85.07,-0.423
22.67,85.05,-0.423
22.67,85.04,-0.423
22.67,85.02,-0.423
22.67,85.01,-0.423
22.68,84.99,-0.422
22.68,84.97,-0.422
22.68,84.96,-0.422
22.68,84.94,-0.422
22.68,84.92,-0.422
22.68,84.90,-0.422
22.68,84.89,-0.422
22.69,84.87,-0.422
22.69,84.86,-0.422
22.69,84.84,-0.422
22.69,84.82,-0.422
22.69,84.81,-0.422
22.69,84.79,-0.422
22.70,84.77,-0.422
22.70,84.75,-0.422
22.70,84.74,-0.422
22.70,84.72,-0.422
22.70,84.71,-0.422
22.71,84.69,-0.422
22.71,84.67,-0.422
22.71,84.66,-0.422
22.71,84.64,-0.422
22.71,84.62,-0.422
22.71,84.61,-0.422
22.72,84.59,-0.422
22.72,84.57,-0.422
22.72,84.56,-0.422
22.72,84.54,-0.422
22.72,84.52,-0.422
22.72,84.51,-0.422
22.73,84.49,-0.422
22.73,84.47,-0.422
22.73,84.46,-0.422
22.73,84.44,-0.422
22.73,84.42,-0.422
22.73,84.41,-0.422
22.73,84.39,-0.422
22.74,84.37,-0.422
22.74,84.36,-0.422
22.74,84.34,-0.422
22.74,84.32,-0.422
22.74,84.31,-0.422
22.74,84.29,-0.422
22.75,84.27,-0.422
22.75,84.26,-0.422
22.75,84.24,-0.422
22.75,84.22,-0.422
22.75,84.21,-0.422
22.76,84.19,-0.422
22.76,84.17,-0.422
22.76,84.16,-0.422
22.76,84.14,-0.422
22.76,84.12,-0.422
22.76,84.11,-0.422
22.77,84.09,-0.422
22.77,84.07,-0.422
22.77,84.06,-0.422
22.77,84.04,-0.422
22.77,84.02,-0.422
22.77,84.01,-0.422
22.78,83.99,-0.421
22.78,83.97,-0.421
22.78,83.95,-0.421
22.78,83.94,-0.421
22.78,83.92,-0.421
22.78,83.91,-0.421
22.78,83.89,-0.421
22.79,83.87,-0.421
22.79,83.86,-0.421
22.79,83.84,-0.421
22.79,83.82,-0.421
22.79,83.81,-0.421
22.79,83.79,-0.421
22.80,83.77,-0.421
22.80,83.76,-0.421
22.80,83.74,-0.421
22.80,83.72,-0.421
22.80,83.70,-0.421
22.81,83.69,-0.421
22.81,83.67,-0.421
22.81,83.65,-0.421
22.81,83.64,-0.421
22.81,83.62,-0.421
22.81,83.60,-0.421
22.82,83.59,-0.421
22.82,83.57,-0.421
22.82,83.56,-0.421
22.82,83.54,-0.421
22.82,83.52,-0.421
22.82,83.51,-0.421
22.83,83.49,-0.421
22.83,83.47,-0.421
22.83,83.46,-0.421
22.83,83.44,-0.421
22.83,83.42,-0.421
22.83,83.41,-0.421
22.83,83.39,-0.421
22.84,83.37,-0.421
22.84,83.36,-0.421
22.84,83.34,-0.421
22.84,83.32,-0.421
22.84,83.31,-0.421
22.84,83.29,-0.421
22.85,83.27,-0.421
22.85,83.26,-0.421
22.85,83.24,-0.421
22.85,83.22,-0.421
22.85,83.21,-0.421
22.86,83.19,-0.421
22.86,83.17,-0.421
22.86,83.16,-0.421
22.86,83.14,-0.421
22.86,83.12,-0.421
22.86,83.11,-0.421
22.87,83.09,-0.421
22.87,83.07,-0.421
22.87,83.06,-0.421
22.87,83.04,-0.421
22.87,83.02,-0.421
22.87,83.01,-0.421
22.88,82.99,-0.421
22.88,82.97,-0.421
22.88,82.96,-0.421
22.88,82.94,-0.421
22.88,82.92,-0.421
22.88,82.91,-0.421
22.88,82.89,-0.421
22.89,82.87,-0.421
22.89,82.86,-0.421
22.89,82.84,-0.421
22.89,82.82,-0.421
22.89,82.81,-0.421
22.89,82.79,-0.421
22.90,82.77,-0.421
22.90,82.76,-0.421
22.90,82.74,-0.420
22.90,82.72,-0.420
22.90,82.71,-0.420
22.91,82.69,-0.420
22.91,82.67,-0.420
22.91,82.66,-0.420
22.91,82.64,-0.420
22.91,82.62,-0.420
22.91,82.61,-0.420
22.92,82.59,-0.420
22.92,82.57,-0.420
22.92,82.56,-0.420
22.92,82.54,-0.420
22.92,82.52,-0.420
22.92,82.51,-0.420
22.93,82.49,-0.420
22.93,82.47,-0.420
22.93,82.46,-0.420
22.93,82.44,-0.420
22.93,82.42,-0.420
22.93,82.41,-0.420
22.93,82.39,-0.420
22.94,82.37,-0.420
22.94,82.36,-0.420
22.94,82.34,-0.420
22.94,82.32,-0.420
22.94,82.31,-0.420
22.94,82.29,-0.420
22.95,82.27,-0.420
22.95,82.26,-0.420
22.95,82.24,-0.420
22.95,82.22,-0.420
22.95,82.21,-0.420
22.96,82.19,-0.420
22.96,82.17,-0.420
22.96,82.16,-0.420
22.96,82.14,-0.420
22.96,82.12,-0.420
22.96,82.11,-0.420
22.97,82.09,-0.420
22.97,82.07,-0.420
22.97,82.06,-0.420
22.97,82.04,-0.420
22.97,82.02,-0.420
22.97,82.01,-0.420
22.98,81.99,-0.420
22.98,81.97,-0.420
22.98,81.96,-0.420
22.98,81.94,-0.420
22.98,81.92,-0.420
22.98,81.91,-0.420
22.98,81.89,-0.420
22.99,81.87,-0.420
22.99,81.86,-0.420
22.99,81.84,-0.420
22.99,81.82,-0.420
22.99,81.81,-0.420
22.99,81.79,-0.420
23.00,81.78,-0.420
23.00,81.76,-0.420
23.00,81.74,-0.420
23.00,81.72,-0.420
23.00,81.71,-0.420
23.01,81.69,-0.420
23.01,81.67,-0.420
23.01,81.66,-0.420
23.01,81.64,-0.420
23.01,81.62,-0.420
23.01,81.61,-0.420
23.02,81.59,-0.420
23.02,81.57,-0.420
23.02,81.56,-0.420
23.02,81.54,-0.420
23.02,81.52,-0.420
23.02,81.51,-0.419
23.03,81.49,-0.419
23.03,81.47,-0.419
23.03,81.46,-0.419
23.03,81.44,-0.419
23.03,81.42,-0.419
23.03,81.41,-0.419
23.03,81.39,-0.419
23.04,81.37,-0.419
23.04,81.36,-0.419
23.04,81.34,-0.419
23.04,81.32,-0.419
23.04,81.31,-0.419
23.04,81.29,-0.419
23.05,81.27,-0.419
23.05,81.26,-0.419
23.05,81.24,-0.419
23.05,81.22,-0.419
23.05,81.21,-0.419
23.06,81.19,-0.419
23.06,81.17,-0.419
23.06,81.16,-0.419
23.06,81.14,-0.419
23.06,81.12,-0.419
23.06,81.11,-0.419
23.07,81.09,-0.419
23.07,81.07,-0.419
23.07,81.06,-0.419
23.07,81.04,-0.419
23.07,81.02,-0.419
23.07,81.01,-0.419
23.08,80.99,-0.419
23.08,80.97,-0.419
23.08,80.96,-0.419
23.08,80.94,-0.419
23.08,80.92,-0.419
23.08,80.91,-0.419
23.08,80.89,-0.419
23.09,80.87,-0.419
23.09,80.86,-0.419
23.09,80.84,-0.419
23.09,80.83,-0.419
23.09,80.81,-0.419
23.09,80.79,-0.419
23.10,80.77,-0.419
23.10,80.76,-0.419
23.10,80.74,-0.419
23.10,80.72,-0.419
23.10,80.71,-0.419
23.11,80.69,-0.419
23.11,80.67,-0.419
23.11,80.66,-0.419
23.11,80.64,-0.419
23.11,80.63,-0.419
23.11,80.61,-0.419
23.12,80.59,-0.419
23.12,80.57,-0.419
23.12,80.56,-0.419
23.12,80.54,-0.419
23.12,80.53,-0.419
23.12,80.51,-0.419
23.13,80.49,-0.419
23.13,80.47,-0.419
23.13,80.46,-0.419
23.13,80.44,-0.419
23.13,80.43,-0.419
23.13,80.41,-0.419
23.13,80.39,-0.419
23.14,80.37,-0.419
23.14,80.36,-0.419
23.14,80.34,-0.418
23.14,80.33,-0.418
23.14,80.31,-0.418
23.14,80.29,-0.418
23.15,80.28,-0.418
23.15,80.26,-0.418
23.15,80.24,-0.418
23.15,80.23,-0.418
23.15,80.21,-0.418
23.16,80.19,-0.418
23.16,80.17,-0.418
23.16,80.16,-0.418
23.16,80.14,-0.418
23.16,80.13,-0.418
23.16,80.11,-0.418
23.17,80.09,-0.418
23.17,80.08,-0.418
23.17,80.06,-0.418
23.17,80.04,-0.418
23.17,80.02,-0.418
23.17,80.01,-0.418
23.18,79.99,-0.418
23.18,79.98,-0.418
23.18,79.96,-0.418
23.18,79.94,-0.418
23.18,79.92,-0.418
23.18,79.91,-0.418
23.18,79.89,-0.418
23.19,79.87,-0.418
23.19,79.86,-0.418
23.19,79.84,-0.418
23.19,79.83,-0.418
23.19,79.81,-0.418
23.19,79.79,-0.418
23.20,79.78,-0.418
23.20,79.76,-0.418
23.20,79.74,-0.418
23.20,79.73,-0.418
23.20,79.71,-0.418
23.21,79.69,-0.418
23.21,79.68,-0.418
23.21,79.66,-0.418
23.21,79.64,-0.418
23.21,79.63,-0.418
23.21,79.61,-0.418
23.22,79.59,-0.418
23.22,79.58,-0.418
23.22,79.56,-0.418
23.22,79.54,-0.418
23.22,79.53,-0.418
23.22,79.51,-0.418
23.23,79.49,-0.418
23.23,79.47,-0.418
23.23,79.46,-0.418
23.23,79.44,-0.418
23.23,79.43,-0.418
23.23,79.41,-0.418
23.23,79.39,-0.418
23.24,79.38,-0.418
23.24,79.36,-0.418
23.24,79.34,-0.418
23.24,79.33,-0.418
23.24,79.31,-0.418
23.24,79.29,-0.418
23.25,79.28,-0.418
23.25,79.26,-0.418
23.25,79.24,-0.418
23.25,79.23,-0.418
23.25,79.21,-0.417
23.26,79.19,-0.417
23.26,79.18,-0.417
23.26,79.16,-0.417
23.26,79.14,-0.417
23.26,79.13,-0.417
23.26,79.11,-0.417
23.27,79.09,-0.417
23.27,79.08,-0.417
23.27,79.06,-0.417
23.27,79.04,-0.417
23.27,79.03,-0.417
23.27,79.01,-0.417
23.28,78.99,-0.417
23.28,78.98,-0.417
23.28,78.96,-0.417
23.28,78.94,-0.417
23.28,78.93,-0.417
23.28,78.91,-0.417
23.28,78.89,-0.417
23.29,78.88,-0.417
23.29,78.86,-0.417
23.29,78.84,-0.417
23.29,78.83,-0.417
23.29,78.81,-0.417
23.29,78.79,-0.417
23.30,78.78,-0.417
23.30,78.76,-0.417
23.30,78.74,-0.417
23.30,78.73,-0.417
23.30,78.71,-0.417
23.31,78.69,-0.417
23.31,78.68,-0.417
23.31,78.66,-0.417
23.31,78.64,-0.417
23.31,78.63,-0.417
23.31,78.61,-0.417
23.32,78.59,-0.417
23.32,78.58,-0.417
23.32,78.56,-0.417
23.32,78.54,-0.417
23.32,78.53,-0.417
23.32,78.51,-0.417
23.33,78.49,-0.417
23.33,78.48,-0.417
23.33,78.46,-0.417
23.33,78.44,-0.417
23.33,78.43,-0.417
23.33,78.41,-0.417
23.33,78.39,-0.417
23.34,78.38,-0.417
23.34,78.36,-0.417
23.34,78.34,-0.417
23.34,78.33,-0.417
23.34,78.31,-0.417
23.34,78.29,-0.417
23.35,78.28,-0.417
23.35,78.26,-0.417
23.35,78.24,-0.417
23.35,78.23,-0.417
23.35,78.21,-0.417
23.36,78.19,-0.417
23.36,78.18,-0.417
23.36,78.16,-0.417
23.36,78.14,-0.417
23.36,78.13,-0.417
23.36,78.11,-0.417
23.37,78.09,-0.417
23.37,78.08,-0.417
23.37,78.06,-0.417
23.37,78.04,-0.417
23.37,78.03,-0.417
23.37,78.01,-0.417
23.38,77.99,-0.416
23.38,77.98,-0.416
23.38,77.96,-0.416
23.38,77.94,-0.416
23.38,77.93,-0.416
23.38,77.91,-0.416
23.38,77.89,-0.416
23.39,77.88,-0.416
23.39,77.86,-0.416
23.39,77.84,-0.416
23.39,77.83,-0.416
23.39,77.81,-0.416
23.39,77.79,-0.416
23.40,77.78,-0.416
23.40,77.76,-0.416
23.40,77.74,-0.416
23.40,77.73,-0.416
23.40,77.71,-0.416
23.41,77.69,-0.416
23.41,77.68,-0.416
23.41,77.66,-0.416
23.41,77.64,-0.416
23.41,77.63,-0.416
23.41,77.61,-0.416
23.42,77.59,-0.416
23.42,77.58,-0.416
23.42,77.56,-0.416
23.42,77.54,-0.416
23.42,77.53,-0.416
23.42,77.51,-0.416
23.43,77.49,-0.416
23.43,77.48,-0.416
23.43,77.46,-0.416
23.43,77.44,-0.416
23.43,77.43,-0.416
23.43,77.41,-0.416
23.43,77.39,-0.416
23.44,77.38,-0.416
23.44,77.36,-0.416
23.44,77.34,-0.416
23.44,77.33,-0.416
23.44,77.31,-0.416
23.44,77.29,-0.416
23.45,77.28,-0.416
23.45,77.26,-0.416
23.45,77.24,-0.416
23.45,77.23,-0.416
23.45,77.21,-0.416
23.46,77.19,-0.416
23.46,77.18,-0.416
23.46,77.16,-0.416
23.46,77.14,-0.416
23.46,77.13,-0.416
23.46,77.11,-0.416
23.47,77.10,-0.416
23.47,77.08,-0.416
23.47,77.06,-0.416
23.47,77.04,-0.416
23.47,77.03,-0.416
23.47,77.01,-0.416
23.48,76.99,-0.416
23.48,76.98,-0.416
23.48,76.96,-0.416
23.48,76.94,-0.416
23.48,76.93,-0.416
23.48,76.91,-0.416
23.48,76.89,-0.416
23.49,76.88,-0.415
23.49,76.86,-0.415
23.49,76.84,-0.415
23.49,76.83,-0.415
23.49,76.81,-0.415
23.49,76.79,-0.415
23.50,76.78,-0.415
23.50,76.76,-0.415
23.50,76.74,-0.415
23.50,76.73,-0.415
23.50,76.71,-0.415
23.51,76.69,-0.415
23.51,76.68,-0.415
23.51,76.66,-0.415
23.51,76.64,-0.415
23.51,76.63,-0.415
23.51,76.61,-0.415
23.52,76.59,-0.415
23.52,76.58,-0.415
23.52,76.56,-0.415
23.52,76.55,-0.415
23.52,76.53,-0.415
23.52,76.51,-0.415
23.53,76.49,-0.415
23.53,76.48,-0.415
23.53,76.46,-0.415
23.53,76.44,-0.415
23.53,76.43,-0.415
23.53,76.41,-0.415
23.53,76.39,-0.415
23.54,76.38,-0.415
23.54,76.36,-0.415
23.54,76.35,-0.415
23.54,76.33,-0.415
23.54,76.31,-0.415
23.54,76.29,-0.415
23.55,76.28,-0.415
23.55,76.26,-0.415
23.55,76.24,-0.415
23.55,76.23,-0.415
23.55,76.21,-0.415
23.56,76.19,-0.415
23.56,76.18,-0.415
23.56,76.16,-0.415
23.56,76.14,-0.415
23.56,76.13,-0.415
23.56,76.11,-0.415
23.57,76.09,-0.415
23.57,76.08,-0.415
23.57,76.06,-0.415
23.57,76.05,-0.415
23.57,76.03,-0.415
23.57,76.01,-0.415
23.58,75.99,-0.415
23.58,75.98,-0.415
23.58,75.96,-0.415
23.58,75.95,-0.415
23.58,75.93,-0.415
23.58,75.91,-0.415
23.58,75.90,-0.414
23.59,75.88,-0.414
23.59,75.86,-0.414
23.59,75.85,-0.414
23.59,75.83,-0.414
23.59,75.81,-0.414
23.59,75.79,-0.414
23.60,75.78,-0.414
23.60,75.76,-0.414
23.60,75.75,-0.414
23.60,75.73,-0.414
23.60,75.71,-0.414
23.61,75.70,-0.414
23.61,75.68,-0.414
23.61,75.66,-0.414
23.61,75.65,-0.414
23.61,75.63,-0.414
23.61,75.61,-0.414
23.62,75.60,-0.414
23.62,75.58,-0.414
23.62,75.56,-0.414
23.62,75.55,-0.414
23.62,75.53,-0.414
23.62,75.51,-0.414
23.63,75.50,-0.414
23.63,75.48,-0.414
23.63,75.46,-0.414
23.63,75.45,-0.414
23.63,75.43,-0.414
23.63,75.41,-0.414
23.63,75.39,-0.414
23.64,75.38,-0.414
23.64,75.36,-0.414
23.64,75.35,-0.414
23.64,75.33,-0.414
23.64,75.31,-0.414
23.64,75.29,-0.414
23.65,75.28,-0.414
23.65,75.26,-0.414
23.65,75.25,-0.414
23.65,75.23,-0.414
23.65,75.21,-0.414
23.66,75.20,-0.414
23.66,75.18,-0.414
23.66,75.16,-0.414
23.66,75.15,-0.414
23.66,75.13,-0.414
23.66,75.11,-0.414
23.67,75.10,-0.414
23.67,75.08,-0.414
23.67,75.06,-0.414
23.67,75.05,-0.414
23.67,75.03,-0.414
23.67,75.01,-0.414
23.68,75.00,-0.414
23.68,74.98,-0.414
23.68,74.96,-0.414
23.68,74.95,-0.414
23.68,74.93,-0.414
23.68,74.91,-0.414
23.68,74.90,-0.414
23.69,74.88,-0.414
23.69,74.86,-0.414
23.69,74.85,-0.414
23.69,74.83,-0.414
23.69,74.81,-0.414
23.69,74.80,-0.414
23.70,74.78,-0.414
23.70,74.76,-0.413
23.70,74.75,-0.413
23.70,74.73,-0.413
23.70,74.71,-0.413
23.71,74.70,-0.413
23.71,74.68,-0.413
23.71,74.66,-0.413
23.71,74.65,-0.413
23.71,74.63,-0.413
23.71,74.61,-0.413
23.72,74.60,-0.413
23.72,74.58,-0.413
23.72,74.56,-0.413
23.72,74.55,-0.413
23.72,74.53,-0.413
23.72,74.51,-0.413
23.73,74.50,-0.413
23.73,74.48,-0.413
23.73,74.46,-0.413
23.73,74.45,-0.413
23.73,74.43,-0.413
23.73,74.41,-0.413
23.73,74.40,-0.413
23.74,74.38,-0.413
23.74,74.36,-0.413
23.74,74.35,-0.413
23.74,74.33,-0.413
23.74,74.31,-0.413
23.74,74.30,-0.413
23.75,74.28,-0.413
23.75,74.26,-0.413
23.75,74.25,-0.413
23.75,74.23,-0.413
23.75,74.21,-0.413
23.76,74.20,-0.413
23.76,74.18,-0.413
23.76,74.17,-0.413
23.76,74.15,-0.413
23.76,74.13,-0.413
23.76,74.11,-0.413
23.77,74.10,-0.413
23.77,74.08,-0.413
23.77,74.06,-0.413
23.77,74.05,-0.413
23.77,74.03,-0.413
23.77,74.01,-0.413
23.78,74.00,-0.413
23.78,73.98,-0.413
23.78,73.96,-0.413
23.78,73.95,-0.413
23.78,73.93,-0.413
23.78,73.91,-0.413
23.78,73.90,-0.413
23.79,73.88,-0.413
23.79,73.86,-0.413
23.79,73.85,-0.413
23.79,73.83,-0.413
23.79,73.81,-0.413
23.79,73.80,-0.413
23.80,73.78,-0.413
23.80,73.76,-0.413
23.80,73.75,-0.413
23.80,73.73,-0.413
23.80,73.71,-0.412
23.81,73.70,-0.412
23.81,73.68,-0.412
23.81,73.66,-0.412
23.81,73.65,-0.412
23.81,73.63,-0.412
23.81,73.61,-0.412
23.82,73.60,-0.412
23.82,73.58,-0.412
23.82,73.56,-0.412
23.82,73.55,-0.412
23.82,73.53,-0.412
23.82,73.51,-0.412
23.83,73.50,-0.412
23.83,73.48,-0.412
23.83,73.46,-0.412
23.83,73.45,-0.412
23.83,73.43,-0.412
23.83,73.41,-0.412
23.83,73.40,-0.412
23.84,73.38,-0.412
23.84,73.36,-0.412
23.84,73.35,-0.412
23.84,73.33,-0.412
23.84,73.31,-0.412
23.84,73.30,-0.412
23.85,73.28,-0.412
23.85,73.26,-0.412
23.85,73.25,-0.412
23.85,73.23,-0.412
23.85,73.21,-0.412
23.86,73.20,-0.412
23.86,73.18,-0.412
23.86,73.16,-0.412
23.86,73.15,-0.412
23.86,73.13,-0.412
23.86,73.11,-0.412
23.87,73.10,-0.412
23.87,73.08,-0.412
23.87,73.06,-0.412
23.87,73.05,-0.412
23.87,73.03,-0.412
23.87,73.01,-0.412
23.88,73.00,-0.412
23.88,72.98,-0.412
23.88,72.96,-0.412
23.88,72.95,-0.412
23.88,72.93,-0.412
23.88,72.92,-0.412
23.88,72.90,-0.412
23.89,72.88,-0.412
23.89,72.86,-0.412
23.89,72.85,-0.412
23.89,72.83,-0.412
23.89,72.81,-0.412
23.89,72.80,-0.412
23.90,72.78,-0.412
23.90,72.76,-0.412
23.90,72.75,-0.412
23.90,72.73,-0.412
23.90,72.71,-0.412
23.91,72.70,-0.412
23.91,72.68,-0.412
23.91,72.66,-0.412
23.91,72.65,-0.412
23.91,72.63,-0.411
23.91,72.62,-0.411
23.92,72.60,-0.411
23.92,72.58,-0.411
23.92,72.57,-0.411
23.92,72.55,-0.411
23.92,72.53,-0.411
23.92,72.52,-0.411
23.93,72.50,-0.411
23.93,72.48,-0.411
23.93,72.46,-0.411
23.93,72.45,-0.411
23.93,72.43,-0.411
23.93,72.42,-0.411
23.93,72.40,-0.411
23.94,72.38,-0.411
23.94,72.36,-0.411
23.94,72.35,-0.411
23.94,72.33,-0.411
23.94,72.31,-0.411
23.94,72.30,-0.411
23.95,72.28,-0.411
23.95,72.27,-0.411
23.95,72.25,-0.411
23.95,72.23,-0.411
23.95,72.22,-0.411
23.96,72.20,-0.411
23.96,72.18,-0.411
23.96,72.17,-0.411
23.96,72.15,-0.411
23.96,72.13,-0.411
23.96,72.12,-0.411
23.97,72.10,-0.411
23.97,72.08,-0.411
23.97,72.06,-0.411
23.97,72.05,-0.411
23.97,72.03,-0.411
23.97,72.02,-0.411
23.98,72.00,-0.411
23.98,71.98,-0.411
23.98,71.97,-0.411
23.98,71.95,-0.411
23.98,71.93,-0.411
23.98,71.92,-0.411
23.98,71.90,-0.411
23.99,71.88,-0.411
23.99,71.87,-0.411
23.99,71.85,-0.411
23.99,71.83,-0.411
23.99,71.82,-0.411
23.99,71.80,-0.411
24.00,71.78,-0.410
24.00,71.77,-0.410
24.00,71.75,-0.410
24.00,71.73,-0.410
24.00,71.72,-0.410
24.01,71.70,-0.410
24.01,71.68,-0.410
24.01,71.67,-0.410
24.01,71.65,-0.410
24.01,71.63,-0.410
24.01,71.62,-0.410
24.02,71.60,-0.410
24.02,71.58,-0.410
24.02,71.57,-0.410
24.02,71.55,-0.410
24.02,71.53,-0.410
24.02,71.52,-0.410
24.03,71.50,-0.410
24.03,71.48,-0.410
24.03,71.47,-0.410
24.03,71.45,-0.410
24.03,71.43,-0.410
24.03,71.42,-0.410
24.03,71.40,-0.410
24.04,71.38,-0.410
24.04,71.37,-0.410
24.04,71.35,-0.410
24.04,71.33,-0.410
24.04,71.32,-0.410
24.04,71.30,-0.410
24.05,71.28,-0.410
24.05,71.27,-0.410
24.05,71.25,-0.410
24.05,71.23,-0.410
24.05,71.22,-0.410
24.06,71.20,-0.410
24.06,71.18,-0.410
24.06,71.17,-0.410
24.06,71.15,-0.410
24.06,71.13,-0.410
24.06,71.12,-0.410
24.07,71.10,-0.410
24.07,71.08,-0.410
24.07,71.07,-0.410
24.07,71.05,-0.410
24.07,71.03,-0.410
24.07,71.02,-0.410
24.08,71.00,-0.410
24.08,70.98,-0.410
24.08,70.97,-0.410
24.08,70.95,-0.410
24.08,70.93,-0.410
24.08,70.92,-0.410
24.08,70.90,-0.410
24.09,70.88,-0.410
24.09,70.87,-0.410
24.09,70.85,-0.410
24.09,70.83,-0.410
24.09,70.82,-0.410
24.09,70.80,-0.410
24.10,70.78,-0.410
24.10,70.77,-0.409
24.10,70.75,-0.409
24.10,70.73,-0.409
24.10,70.72,-0.409
24.11,70.70,-0.409
24.11,70.68,-0.409
24.11,70.67,-0.409
24.11,70.65,-0.409
24.11,70.63,-0.409
24.11,70.62,-0.409
24.12,70.60,-0.409
24.12,70.58,-0.409
24.12,70.57,-0.409
24.12,70.55,-0.409
24.12,70.53,-0.409
24.12,70.52,-0.409
24.13,70.50,-0.409
24.13,70.48,-0.409
24.13,70.47,-0.409
24.13,70.45,-0.409
24.13,70.43,-0.409
24.13,70.42,-0.409
24.13,70.40,-0.409
24.14,70.38,-0.409
24.14,70.37,-0.409
24.14,70.35,-0.409
24.14,70.33,-0.409
24.14,70.32,-0.409
24.14,70.30,-0.409
24.15,70.28,-0.409
24.15,70.27,-0.409
24.15,70.25,-0.409
24.15,70.23,-0.409
24.15,70.22,-0.409
24.16,70.20,-0.409
24.16,70.18,-0.409
24.16,70.17,-0.409
24.16,70.15,-0.409
24.16,70.13,-0.409
24.16,70.12,-0.409
24.17,70.10,-0.409
24.17,70.08,-0.409
24.17,70.07,-0.409
24.17,70.05,-0.409
24.17,70.03,-0.409
24.17,70.02,-0.409
24.18,70.00,-0.409
24.18,69.98,-0.409
24.18,69.97,-0.409
24.18,69.95,-0.409
24.18,69.93,-0.409
24.18,69.92,-0.409
24.18,69.90,-0.409
24.19,69.88,-0.409
24.19,69.87,-0.409
24.19,69.85,-0.408
24.19,69.83,-0.408
24.19,69.82,-0.408
24.19,69.80,-0.408
24.20,69.78,-0.408
24.20,69.77,-0.408
24.20,69.75,-0.408
24.20,69.73,-0.408
24.20,69.72,-0.408
24.21,69.70,-0.408
24.21,69.68,-0.408
24.21,69.67,-0.408
24.21,69.65,-0.408
24.21,69.63,-0.408
24.21,69.62,-0.408
24.22,69.60,-0.408
24.22,69.58,-0.408
24.22,69.57,-0.408
24.22,69.55,-0.408
24.22,69.53,-0.408
24.22,69.52,-0.408
24.23,69.50,-0.408
24.23,69.48,-0.408
24.23,69.47,-0.408
24.23,69.45,-0.408
24.23,69.43,-0.408
24.23,69.42,-0.408
24.23,69.40,-0.408
24.24,69.38,-0.408
24.24,69.37,-0.408
24.24,69.35,-0.408
24.24,69.33,-0.408
24.24,69.32,-0.408
24.24,69.30,-0.408
24.25,69.28,-0.408
24.25,69.27,-0.408
24.25,69.25,-0.408
24.25,69.23,-0.408
24.25,69.22,-0.408
24.26,69.20,-0.408
24.26,69.18,-0.408
24.26,69.17,-0.408
24.26,69.15,-0.408
24.26,69.13,-0.408
24.26,69.12,-0.408
24.27,69.10,-0.408
24.27,69.08,-0.408
24.27,69.07,-0.408
24.27,69.05,-0.408
24.27,69.03,-0.408
24.27,69.02,-0.408
24.28,69.00,-0.408
24.28,68.98,-0.408
24.28,68.97,-0.408
24.28,68.95,-0.408
24.28,68.93,-0.408
24.28,68.92,-0.408
24.28,68.90,-0.408
24.29,68.88,-0.408
24.29,68.87,-0.408
24.29,68.85,-0.408
24.29,68.83,-0.408
24.29,68.82,-0.408
24.29,68.80,-0.407
24.30,68.78,-0.407
24.30,68.77,-0.407
24.30,68.75,-0.407
24.30,68.73,-0.407
24.30,68.72,-0.407
24.31,68.70,-0.407
24.31,68.68,-0.407
24.31,68.67,-0.407
24.31,68.65,-0.407
24.31,68.63,-0.407
24.31,68.62,-0.407
24.32,68.60,-0.407
24.32,68.58,-0.407
24.32,68.57,-0.407
24.32,68.55,-0.407
24.32,68.53,-0.407
24.32,68.52,-0.407
24.33,68.50,-0.407
24.33,68.48,-0.407
24.33,68.47,-0.407
24.33,68.45,-0.407
24.33,68.44,-0.407
24.33,68.42,-0.407
24.33,68.40,-0.407
24.34,68.38,-0.407
24.34,68.37,-0.407
24.34,68.35,-0.407
24.34,68.34,-0.407
24.34,68.32,-0.407
24.34,68.30,-0.407
24.35,68.28,-0.407
24.35,68.27,-0.407
24.35,68.25,-0.407
24.35,68.24,-0.407
24.35,68.22,-0.407
24.36,68.20,-0.407
24.36,68.19,-0.407
24.36,68.17,-0.407
24.36,68.15,-0.407
24.36,68.14,-0.407
24.36,68.12,-0.407
24.37,68.10,-0.407
24.37,68.09,-0.407
24.37,68.07,-0.407
24.37,68.05,-0.407
24.37,68.04,-0.407
24.37,68.02,-0.407
24.38,68.00,-0.407
24.38,67.99,-0.407
24.38,67.97,-0.407
24.38,67.95,-0.407
24.38,67.93,-0.407
24.38,67.92,-0.407
24.38,67.90,-0.407
24.39,67.88,-0.407
24.39,67.87,-0.407
24.39,67.85,-0.406
24.39,67.84,-0.406
24.39,67.82,-0.406
24.39,67.80,-0.406
24.40,67.78,-0.406
24.40,67.77,-0.406
24.40,67.75,-0.406
24.40,67.74,-0.406
24.40,67.72,-0.406
24.41,67.70,-0.406
24.41,67.68,-0.406
24.41,67.67,-0.406
24.41,67.65,-0.406
24.41,67.64,-0.406
24.41,67.62,-0.406
24.42,67.60,-0.406
24.42,67.59,-0.406
24.42,67.57,-0.406
24.42,67.55,-0.406
24.42,67.54,-0.406
24.42,67.52,-0.406
24.43,67.50,-0.406
24.43,67.48,-0.406
24.43,67.47,-0.406
24.43,67.45,-0.406
24.43,67.44,-0.406
24.43,67.42,-0.406
24.43,67.40,-0.406
24.44,67.39,-0.406
24.44,67.37,-0.406
24.44,67.35,-0.406
24.44,67.34,-0.406
24.44,67.32,-0.406
24.44,67.30,-0.406
24.45,67.29,-0.406
24.45,67.27,-0.406
24.45,67.25,-0.406
24.45,67.24,-0.406
24.45,67.22,-0.406
24.46,67.20,-0.406
24.46,67.19,-0.406
24.46,67.17,-0.406
24.46,67.15,-0.406
24.46,67.14,-0.406
24.46,67.12,-0.406
24.47,67.10,-0.406
24.47,67.09,-0.406
24.47,67.07,-0.406
24.47,67.05,-0.406
24.47,67.04,-0.406
24.47,67.02,-0.406
24.48,67.00,-0.406
24.48,66.99,-0.406
24.48,66.97,-0.406
24.48,66.95,-0.405
24.48,66.94,-0.405
24.48,66.92,-0.405
24.48,66.90,-0.405
24.49,66.89,-0.405
24.49,66.87,-0.405
24.49,66.85,-0.405
24.49,66.84,-0.405
24.49,66.82,-0.405
24.49,66.80,-0.405
24.50,66.79,-0.405
24.50,66.77,-0.405
24.50,66.75,-0.405
24.50,66.74,-0.405
24.50,66.72,-0.405
24.51,66.70,-0.405
24.51,66.69,-0.405
24.51,66.67,-0.405
24.51,66.65,-0.405
24.51,66.64,-0.405
24.51,66.62,-0.405
24.52,66.60,-0.405
24.52,66.59,-0.405
24.52,66.57,-0.405
24.52,66.55,-0.405
24.52,66.54,-0.405
24.52,66.52,-0.405
24.53,66.50,-0.405
24.53,66.49,-0.405
24.53,66.47,-0.405
24.53,66.45,-0.405
24.53,66.44,-0.405
24.53,66.42,-0.405
24.53,66.40,-0.405
24.54,66.39,-0.405
24.54,66.37,-0.405
24.54,66.35,-0.405
24.54,66.34,-0.405
24.54,66.32,-0.405
24.54,66.30,-0.405
24.55,66.29,-0.405
24.55,66.27,-0.405
24.55,66.25,-0.405
24.55,66.24,-0.405
24.55,66.22,-0.405
24.56,66.20,-0.405
24.56,66.19,-0.405
24.56,66.17,-0.405
24.56,66.15,-0.405
24.56,66.14,-0.405
24.56,66.12,-0.405
24.57,66.10,-0.405
24.57,66.09,-0.405
24.57,66.07,-0.405
24.57,66.05,-0.405
24.57,66.04,-0.405
24.57,66.02,-0.404
24.58,66.00,-0.404
24.58,65.99,-0.404
24.58,65.97,-0.404
24.58,65.95,-0.404
24.58,65.94,-0.404
24.58,65.92,-0.404
24.58,65.90,-0.404
24.59,65.89,-0.404
24.59,65.87,-0.404
24.59,65.85,-0.404
24.59,65.84,-0.404
24.59,65.82,-0.404
24.59,65.80,-0.404
24.60,65.79,-0.404
24.60,65.77,-0.404
24.60,65.75,-0.404
24.60,65.74,-0.404
24.60,65.72,-0.404
24.61,65.70,-0.404
24.61,65.69,-0.404
24.61,65.67,-0.404
24.61,65.65,-0.404
24.61,65.64,-0.404
24.61,65.62,-0.404
24.62,65.60,-0.404
24.62,65.59,-0.404
24.62,65.57,-0.404
24.62,65.55,-0.404
24.62,65.54,-0.404
24.62,65.52,-0.404
24.63,65.50,-0.404
24.63,65.49,-0.404
24.63,65.47,-0.404
24.63,65.45,-0.404
24.63,65.44,-0.404
24.63,65.42,-0.404
24.63,65.40,-0.404
24.64,65.39,-0.404
24.64,65.37,-0.404
24.64,65.35,-0.404
24.64,65.34,-0.404
24.64,65.32,-0.404
24.64,65.30,-0.404
24.65,65.29,-0.403
24.65,65.27,-0.403
24.65,65.25,-0.403
24.65,65.24,-0.403
24.65,65.22,-0.403
24.66,65.20,-0.403
24.66,65.19,-0.403
24.66,65.17,-0.403
24.66,65.15,-0.403
24.66,65.14,-0.403
24.66,65.12,-0.403
24.67,65.10,-0.403
24.67,65.09,-0.403
24.67,65.07,-0.403
24.67,65.05,-0.403
24.67,65.04,-0.403
24.67,65.02,-0.403
24.68,65.00,-0.403
24.68,64.99,-0.403
24.68,64.97,-0.403
24.68,64.96,-0.403
24.68,64.94,-0.403
24.68,64.92,-0.403
24.68,64.90,-0.403
24.69,64.89,-0.403
24.69,64.87,-0.403
24.69,64.85,-0.403
24.69,64.84,-0.403
24.69,64.82,-0.403
24.69,64.80,-0.403
24.70,64.79,-0.403
24.70,64.77,-0.403
24.70,64.75,-0.403
24.70,64.74,-0.403
24.70,64.72,-0.403
24.71,64.70,-0.403
24.71,64.69,-0.403
24.71,64.67,-0.403
24.71,64.65,-0.403
24.71,64.64,-0.403
24.71,64.62,-0.403
24.72,64.60,-0.403
24.72,64.59,-0.403
24.72,64.57,-0.403
24.72,64.55,-0.403
24.72,64.54,-0.403
24.72,64.52,-0.403
24.73,64.50,-0.403
24.73,64.49,-0.403
24.73,64.47,-0.403
24.73,64.46,-0.403
24.73,64.44,-0.403
24.73,64.42,-0.403
24.73,64.40,-0.403
24.74,64.39,-0.402
24.74,64.37,-0.402
24.74,64.35,-0.402
24.74,64.34,-0.402
24.74,64.32,-0.402
24.74,64.30,-0.402
24.75,64.29,-0.402
24.75,64.27,-0.402
24.75,64.25,-0.402
24.75,64.24,-0.402
24.75,64.22,-0.402
24.76,64.20,-0.402
24.76,64.19,-0.402
24.76,64.17,-0.402
24.76,64.15,-0.402
24.76,64.14,-0.402
24.76,64.12,-0.402
24.77,64.10,-0.402
24.77,64.09,-0.402
24.77,64.07,-0.402
24.77,64.05,-0.402
24.77,64.04,-0.402
24.77,64.02,-0.402
24.78,64.00,-0.402
24.78,63.99,-0.402
24.78,63.97,-0.402
24.78,63.95,-0.402
24.78,63.94,-0.402
24.78,63.92,-0.402
24.78,63.90,-0.402
24.79,63.89,-0.402
24.79,63.87,-0.402
24.79,63.85,-0.402
24.79,63.84,-0.402
24.79,63.82,-0.402
24.79,63.80,-0.402
24.80,63.79,-0.402
24.80,63.77,-0.402
24.80,63.75,-0.402
24.80,63.74,-0.402
24.80,63.72,-0.402
24.81,63.70,-0.402
24.81,63.69,-0.401
24.81,63.67,-0.401
24.81,63.65,-0.401
24.81,63.64,-0.401
24.81,63.62,-0.401
24.82,63.60,-0.401
24.82,63.59,-0.401
24.82,63.57,-0.401
24.82,63.55,-0.401
24.82,63.54,-0.401
24.82,63.52,-0.401
24.83,63.50,-0.401
24.83,63.49,-0.401
24.83,63.47,-0.401
24.83,63.45,-0.401
24.83,63.44,-0.401
24.83,63.42,-0.401
24.83,63.40,-0.401
24.84,63.39,-0.401
24.84,63.37,-0.401
24.84,63.36,-0.401
24.84,63.34,-0.401
24.84,63.32,-0.401
24.84,63.30,-0.401
24.85,63.29,-0.401
24.85,63.27,-0.401
24.85,63.26,-0.401
24.85,63.24,-0.401
24.85,63.22,-0.401
24.86,63.20,-0.401
24.86,63.19,-0.401
24.86,63.17,-0.401
24.86,63.15,-0.401
24.86,63.14,-0.401
24.86,63.12,-0.401
24.87,63.10,-0.401
24.87,63.09,-0.401
24.87,63.07,-0.401
24.87,63.06,-0.401
24.87,63.04,-0.401
24.87,63.02,-0.401
24.88,63.00,-0.401
24.88,62.99,-0.401
24.88,62.97,-0.401
24.88,62.95,-0.400
24.88,62.94,-0.400
24.88,62.92,-0.400
24.88,62.90,-0.400
24.89,62.89,-0.400
24.89,62.87,-0.400
24.89,62.86,-0.400
24.89,62.84,-0.400
24.89,62.82,-0.400
24.89,62.80,-0.400
24.90,62.79,-0.400
24.90,62.77,-0.400
24.90,62.75,-0.400
24.90,62.74,-0.400
24.90,62.72,-0.400
24.91,62.70,-0.400
24.91,62.69,-0.400
24.91,62.67,-0.400
24.91,62.66,-0.400
24.91,62.64,-0.400
24.91,62.62,-0.400
24.92,62.60,-0.400
24.92,62.59,-0.400
24.92,62.57,-0.400
24.92,62.55,-0.400
24.92,62.54,-0.400
24.92,62.52,-0.400
24.93,62.51,-0.400
24.93,62.49,-0.400
24.93,62.47,-0.400
24.93,62.46,-0.400
24.93,62.44,-0.400
24.93,62.42,-0.400
24.93,62.40,-0.400
24.94,62.39,-0.400
24.94,62.37,-0.400
24.94,62.35,-0.400
24.94,62.34,-0.400
24.94,62.32,-0.400
24.94,62.31,-0.400
24.95,62.29,-0.400
24.95,62.27,-0.400
24.95,62.25,-0.400
24.95,62.24,-0.400
24.95,62.22,-0.400
24.96,62.20,-0.400
24.96,62.19,-0.400
24.96,62.17,-0.400
24.96,62.16,-0.400
24.96,62.14,-0.399
24.96,62.12,-0.399
24.97,62.11,-0.399
24.97,62.09,-0.399
24.97,62.07,-0.399
24.97,62.06,-0.399
24.97,62.04,-0.399
24.97,62.02,-0.399
24.98,62.01,-0.399
24.98,61.99,-0.399
24.98,61.97,-0.399
24.98,61.96,-0.399
24.98,61.94,-0.399
24.98,61.92,-0.399
24.98,61.90,-0.399
24.99,61.89,-0.399
24.99,61.87,-0.399
24.99,61.85,-0.399
24.99,61.84,-0.399
24.99,61.82,-0.399
24.99,61.80,-0.399
25.00,61.79,-0.399
25.00,61.77,-0.399
25.00,61.76,-0.399
25.00,61.74,-0.399
25.00,61.72,-0.399
25.01,61.70,-0.399
25.01,61.69,-0.398
25.01,61.67,-0.398
25.01,61.66,-0.398
25.01,61.64,-0.398
25.01,61.62,-0.398
25.02,61.61,-0.398
25.02,61.59,-0.398
25.02,61.57,-0.398
25.02,61.55,-0.398
25.02,61.54,-0.398
25.02,61.52,-0.398
25.03,61.50,-0.398
25.03,61.49,-0.398
25.03,61.47,-0.398
25.03,61.46,-0.398
25.03,61.44,-0.398
25.03,61.42,-0.398
25.03,61.41,-0.398
25.04,61.39,-0.398
25.04,61.37,-0.398
25.04,61.36,-0.398
25.04,61.34,-0.398
25.04,61.32,-0.398
25.04,61.31,-0.398
25.05,61.29,-0.398
25.05,61.27,-0.398
25.05,61.26,-0.398
25.05,61.24,-0.398
25.05,61.22,-0.398
25.06,61.21,-0.398
25.06,61.19,-0.398
25.06,61.17,-0.398
25.06,61.16,-0.398
25.06,61.14,-0.398
25.06,61.12,-0.398
25.07,61.11,-0.398
25.07,61.09,-0.398
25.07,61.07,-0.398
25.07,61.05,-0.398
25.07,61.04,-0.398
25.07,61.02,-0.398
25.08,61.00,-0.398
25.08,60.99,-0.398
25.08,60.97,-0.397
25.08,60.96,-0.397
25.08,60.94,-0.397
25.08,60.92,-0.397
25.08,60.90,-0.397
25.09,60.89,-0.397
25.09,60.87,-0.397
25.09,60.85,-0.397
25.09,60.84,-0.397
25.09,60.82,-0.397
25.09,60.81,-0.397
25.10,60.79,-0.397
25.10,60.77,-0.397
25.10,60.76,-0.397
25.10,60.74,-0.397
25.10,60.72,-0.397
25.11,60.71,-0.397
25.11,60.69,-0.397
25.11,60.67,-0.397
25.11,60.66,-0.397
25.11,60.64,-0.397
25.11,60.62,-0.397
25.12,60.61,-0.397
25.12,60.59,-0.397
25.12,60.57,-0.397
25.12,60.56,-0.397
25.12,60.54,-0.397
25.12,60.52,-0.397
25.13,60.50,-0.396
25.13,60.49,-0.396
25.13,60.47,-0.396
25.13,60.46,-0.396
25.13,60.44,-0.396
25.13,60.42,-0.396
25.13,60.41,-0.396
25.14,60.39,-0.396
25.14,60.37,-0.396
25.14,60.36,-0.396
25.14,60.34,-0.396
25.14,60.32,-0.396
25.14,60.30,-0.396
25.15,60.29,-0.396
25.15,60.27,-0.396
25.15,60.26,-0.396
25.15,60.24,-0.396
25.15,60.22,-0.396
25.16,60.21,-0.396
25.16,60.19,-0.396
25.16,60.17,-0.396
25.16,60.15,-0.396
25.16,60.14,-0.396
25.16,60.12,-0.396
25.17,60.10,-0.396
25.17,60.09,-0.396
25.17,60.07,-0.396
25.17,60.05,-0.396
25.17,60.04,-0.396
25.17,60.02,-0.396
25.18,60.01,-0.396
25.18,59.99,-0.396
25.18,59.97,-0.396
25.18,59.96,-0.396
25.18,59.94,-0.395
25.18,59.92,-0.395
25.18,59.91,-0.395
25.19,59.89,-0.395
25.19,59.87,-0.395
25.19,59.85,-0.395
25.19,59.84,-0.395
25.19,59.82,-0.395
25.19,59.80,-0.395
25.20,59.79,-0.395
25.20,59.77,-0.395
25.20,59.75,-0.395
25.20,59.74,-0.395
25.20,59.72,-0.395
25.21,59.70,-0.395
25.21,59.69,-0.395
25.21,59.67,-0.395
25.21,59.65,-0.395
25.21,59.64,-0.395
25.21,59.62,-0.395
25.22,59.60,-0.395
25.22,59.59,-0.395
25.22,59.57,-0.395
25.22,59.55,-0.395
25.22,59.54,-0.395
25.22,59.52,-0.395
25.23,59.50,-0.395
25.23,59.49,-0.395
25.23,59.47,-0.395
25.23,59.46,-0.395
25.23,59.44,-0.395
25.23,59.42,-0.395
25.23,59.41,-0.395
25.24,59.39,-0.395
25.24,59.37,-0.394
25.24,59.36,-0.394
25.24,59.34,-0.394
25.24,59.32,-0.394
25.24,59.31,-0.394
25.25,59.29,-0.394
25.25,59.27,-0.394
25.25,59.25,-0.394
25.25,59.24,-0.394
25.25,59.22,-0.394
25.26,59.20,-0.394
25.26,59.19,-0.394
25.26,59.17,-0.394
25.26,59.15,-0.394
25.26,59.14,-0.394
25.26,59.12,-0.394
25.27,59.10,-0.394
25.27,59.09,-0.394
25.27,59.07,-0.394
25.27,59.06,-0.394
25.27,59.04,-0.394
25.27,59.02,-0.394
25.28,59.01,-0.394
25.28,58.99,-0.394
25.28,58.97,-0.394
25.28,58.96,-0.394
25.28,58.94,-0.394
25.28,58.92,-0.394
25.28,58.91,-0.393
25.29,58.89,-0.393
25.29,58.87,-0.393
25.29,58.86,-0.393
25.29,58.84,-0.393
25.29,58.82,-0.393
25.29,58.81,-0.393
25.30,58.79,-0.393
25.30,58.77,-0.393
25.30,58.76,-0.393
25.30,58.74,-0.393
25.30,58.72,-0.393
25.31,58.71,-0.393
25.31,58.69,-0.393
25.31,58.67,-0.393
25.31,58.66,-0.393
25.31,58.64,-0.393
25.31,58.62,-0.393
25.32,58.61,-0.393
25.32,58.59,-0.393
25.32,58.57,-0.393
25.32,58.56,-0.393
25.32,58.54,-0.393
25.32,58.52,-0.392
25.33,58.51,-0.392
25.33,58.49,-0.392
25.33,58.47,-0.392
25.33,58.46,-0.392
25.33,58.44,-0.392
25.33,58.42,-0.392
25.33,58.41,-0.392
25.34,58.39,-0.392
25.34,58.37,-0.392
25.34,58.36,-0.392
25.34,58.34,-0.392
25.34,58.32,-0.392
25.34,58.31,-0.392
25.35,58.29,-0.392
25.35,58.27,-0.392
25.35,58.26,-0.392
25.35,58.24,-0.392
25.35,58.22,-0.392
25.36,58.21,-0.392
25.36,58.19,-0.392
25.36,58.17,-0.392
25.36,58.16,-0.392
25.36,58.14,-0.392
25.36,58.12,-0.392
25.37,58.11,-0.392
25.37,58.09,-0.392
25.37,58.07,-0.391
25.37,58.05,-0.391
25.37,58.04,-0.391
25.37,58.02,-0.391
25.38,58.01,-0.391
25.38,57.99,-0.391
25.38,57.97,-0.391
25.38,57.95,-0.391
25.38,57.94,-0.391
25.38,57.92,-0.391
25.38,57.91,-0.391
25.39,57.89,-0.391
25.39,57.87,-0.391
25.39,57.86,-0.391
25.39,57.84,-0.391
25.39,57.82,-0.391
25.39,57.81,-0.391
25.40,57.79,-0.391
25.40,57.77,-0.391
25.40,57.76,-0.391
25.40,57.74,-0.391
25.40,57.72,-0.391
25.41,57.70,-0.391
25.41,57.69,-0.391
25.41,57.67,-0.391
25.41,57.65,-0.390
25.41,57.64,-0.390
25.41,57.62,-0.390
25.42,57.61,-0.390
25.42,57.59,-0.390
25.42,57.57,-0.390
25.42,57.56,-0.390
25.42,57.54,-0.390
25.42,57.52,-0.390
25.43,57.50,-0.390
25.43,57.49,-0.390
25.43,57.47,-0.390
25.43,57.45,-0.390
25.43,57.44,-0.390
25.43,57.42,-0.390
25.43,57.41,-0.390
25.44,57.39,-0.390
25.44,57.37,-0.390
25.44,57.35,-0.390
25.44,57.34,-0.390
25.44,57.32,-0.390
25.44,57.31,-0.390
25.45,57.29,-0.390
25.45,57.27,-0.390
25.45,57.25,-0.390
25.45,57.24,-0.389
25.45,57.22,-0.389
25.46,57.21,-0.389
25.46,57.19,-0.389
25.46,57.17,-0.389
25.46,57.16,-0.389
25.46,57.14,-0.389
25.46,57.12,-0.389
25.47,57.11,-0.389
25.47,57.09,-0.389
25.47,57.07,-0.389
25.47,57.06,-0.389
25.47,57.04,-0.389
25.47,57.02,-0.389
25.48,57.00,-0.389
25.48,56.99,-0.389
25.48,56.97,-0.389
25.48,56.96,-0.389
25.48,56.94,-0.388
25.48,56.92,-0.388
25.48,56.90,-0.388
25.49,56.89,-0.388
25.49,56.87,-0.388
25.49,56.86,-0.388
25.49,56.84,-0.388
25.49,56.82,-0.388
25.49,56.80,-0.388
25.50,56.79,-0.388
25.50,56.77,-0.388
25.50,56.75,-0.388
25.50,56.74,-0.388
25.50,56.72,-0.388
25.51,56.70,-0.388
25.51,56.69,-0.388
25.51,56.67,-0.388
25.51,56.66,-0.388
25.51,56.64,-0.388
25.51,56.62,-0.388
25.52,56.61,-0.387
25.52,56.59,-0.387
25.52,56.57,-0.387
25.52,56.56,-0.387
25.52,56.54,-0.387
25.52,56.52,-0.387
25.53,56.51,-0.387
25.53,56.49,-0.387
25.53,56.47,-0.387
25.53,56.46,-0.387
25.53,56.44,-0.387
25.53,56.42,-0.387
25.53,56.41,-0.387
25.54,56.39,-0.387
25.54,56.37,-0.387
25.54,56.35,-0.387
25.54,56.34,-0.387
25.54,56.32,-0.387
25.54,56.31,-0.387
25.55,56.29,-0.387
25.55,56.27,-0.387
25.55,56.26,-0.386
25.55,56.24,-0.386
25.55,56.22,-0.386
25.56,56.20,-0.386
25.56,56.19,-0.386
25.56,56.17,-0.386
25.56,56.15,-0.386
25.56,56.14,-0.386
25.56,56.12,-0.386
25.57,56.11,-0.386
25.57,56.09,-0.386
25.57,56.07,-0.386
25.57,56.06,-0.386
25.57,56.04,-0.386
25.57,56.02,-0.386
25.58,56.01,-0.386
25.58,55.99,-0.386
25.58,55.97,-0.386
25.58,55.96,-0.386
25.58,55.94,-0.385
25.58,55.92,-0.385
25.58,55.91,-0.385
25.59,55.89,-0.385
25.59,55.87,-0.385
25.59,55.86,-0.385
25.59,55.84,-0.385
25.59,55.82,-0.385
25.59,55.81,-0.385
25.60,55.79,-0.385
25.60,55.77,-0.385
25.60,55.76,-0.385
25.60,55.74,-0.385
25.60,55.72,-0.385
25.61,55.71,-0.385
25.61,55.69,-0.385
25.61,55.67,-0.385
25.61,55.66,-0.385
25.61,55.64,-0.385
25.61,55.62,-0.385
25.62,55.61,-0.385
25.62,55.59,-0.384
25.62,55.57,-0.384
25.62,55.56,-0.384
25.62,55.54,-0.384
25.62,55.52,-0.384
25.63,55.51,-0.384
25.63,55.49,-0.384
25.63,55.47,-0.384
25.63,55.46,-0.384
25.63,55.44,-0.384
25.63,55.42,-0.384
25.63,55.40,-0.384
25.64,55.39,-0.384
25.64,55.37,-0.384
25.64,55.36,-0.384
25.64,55.34,-0.383
25.64,55.32,-0.383
25.64,55.30,-0.383
25.65,55.29,-0.383
25.65,55.27,-0.383
25.65,55.26,-0.383
25.65,55.24,-0.383
25.65,55.22,-0.383
25.66,55.20,-0.383
25.66,55.19,-0.383
25.66,55.17,-0.383
25.66,55.15,-0.383
25.66,55.14,-0.383
25.66,55.12,-0.383
25.67,55.10,-0.383
25.67,55.09,-0.383
25.67,55.07,-0.383
25.67,55.06,-0.383
25.67,55.04,-0.383
25.67,55.02,-0.383
25.68,55.00,-0.383
25.68,54.99,-0.383
25.68,54.97,-0.383
25.68,54.95,-0.383
25.68,54.94,-0.383
25.68,54.92,-0.383
25.68,54.90,-0.383
25.69,54.89,-0.383
25.69,54.87,-0.383
25.69,54.85,-0.382
25.69,54.84,-0.382
25.69,54.82,-0.382
25.69,54.80,-0.382
25.70,54.79,-0.382
25.70,54.77,-0.382
25.70,54.75,-0.382
25.70,54.74,-0.382
25.70,54.72,-0.382
25.71,54.70,-0.382
25.71,54.69,-0.382
25.71,54.67,-0.382
25.71,54.65,-0.382
25.71,54.64,-0.382
25.71,54.62,-0.382
25.72,54.60,-0.382
25.72,54.59,-0.382
25.72,54.57,-0.382
25.72,54.55,-0.382
25.72,54.54,-0.381
25.72,54.52,-0.381
25.73,54.50,-0.381
25.73,54.49,-0.381
25.73,54.47,-0.381
25.73,54.46,-0.381
25.73,54.44,-0.381
25.73,54.42,-0.381
25.73,54.40,-0.381
25.74,54.39,-0.381
25.74,54.37,-0.381
25.74,54.35,-0.381
25.74,54.34,-0.381
25.74,54.32,-0.381
25.74,54.30,-0.381
25.75,54.29,-0.381
25.75,54.27,-0.380
25.75,54.25,-0.380
25.75,54.24,-0.380
25.75,54.22,-0.380
25.76,54.20,-0.380
25.76,54.19,-0.380
25.76,54.17,-0.380
25.76,54.15,-0.380
25.76,54.14,-0.380
25.76,54.12,-0.380
25.77,54.10,-0.380
25.77,54.09,-0.380
25.77,54.07,-0.380
25.77,54.05,-0.380
25.77,54.04,-0.380
25.77,54.02,-0.380
25.78,54.00,-0.380
25.78,53.99,-0.380
25.78,53.97,-0.380
25.78,53.95,-0.379
25.78,53.94,-0.379
25.78,53.92,-0.379
25.78,53.90,-0.379
25.79,53.89,-0.379
25.79,53.87,-0.379
25.79,53.85,-0.379
25.79,53.84,-0.379
25.79,53.82,-0.379
25.79,53.80,-0.379
25.80,53.79,-0.379
25.80,53.77,-0.379
25.80,53.75,-0.379
25.80,53.74,-0.379
25.80,53.72,-0.379
25.81,53.70,-0.379
25.81,53.69,-0.379
25.81,53.67,-0.379
25.81,53.65,-0.378
25.81,53.64,-0.378
25.81,53.62,-0.378
25.82,53.60,-0.378
25.82,53.59,-0.378
25.82,53.57,-0.378
25.82,53.55,-0.378
25.82,53.54,-0.378
25.82,53.52,-0.378
25.83,53.50,-0.378
25.83,53.49,-0.378
25.83,53.47,-0.378
25.83,53.45,-0.378
25.83,53.44,-0.378
25.83,53.42,-0.377
25.83,53.41,-0.377
25.84,53.39,-0.377
25.84,53.37,-0.377
25.84,53.35,-0.377
25.84,53.34,-0.377
25.84,53.32,-0.377
25.84,53.30,-0.377
25.85,53.29,-0.377
25.85,53.27,-0.377
25.85,53.25,-0.377
25.85,53.24,-0.377
25.85,53.22,-0.377
25.86,53.21,-0.377
25.86,53.19,-0.377
25.86,53.17,-0.377
25.86,53.15,-0.377
25.86,53.14,-0.377
25.86,53.12,-0.377
25.87,53.11,-0.377
25.87,53.09,-0.376
25.87,53.07,-0.376
25.87,53.05,-0.376
25.87,53.04,-0.376
25.87,53.02,-0.376
25.88,53.00,-0.376
25.88,52.99,-0.376
25.88,52.97,-0.376
25.88,52.95,-0.376
25.88,52.94,-0.376
25.88,52.92,-0.376
25.88,52.90,-0.376
25.89,52.89,-0.376
25.89,52.87,-0.376
25.89,52.85,-0.376
25.89,52.84,-0.376
25.89,52.82,-0.376
25.89,52.80,-0.376
25.90,52.79,-0.376
25.90,52.77,-0.376
25.90,52.75,-0.376
25.90,52.74,-0.376
25.90,52.72,-0.376
25.91,52.71,-0.376
25.91,52.69,-0.376
25.91,52.67,-0.376
25.91,52.65,-0.376
25.91,52.64,-0.376
25.91,52.62,-0.375
25.92,52.60,-0.375
25.92,52.59,-0.375
25.92,52.57,-0.375
25.92,52.55,-0.375
25.92,52.54,-0.375
25.92,52.52,-0.374
25.93,52.50,-0.374
25.93,52.49,-0.374
25.93,52.47,-0.374
25.93,52.45,-0.374
25.93,52.44,-0.374
25.93,52.42,-0.374
25.93,52.40,-0.374
25.94,52.39,-0.374
25.94,52.37,-0.374
25.94,52.35,-0.374
25.94,52.34,-0.374
25.94,52.32,-0.374
25.94,52.30,-0.374
25.95,52.29,-0.374
25.95,52.27,-0.374
25.95,52.25,-0.373
25.95,52.24,-0.373
25.95,52.22,-0.373
25.96,52.20,-0.373
25.96,52.19,-0.373
25.96,52.17,-0.373
25.96,52.15,-0.373
25.96,52.14,-0.373
25.96,52.12,-0.373
25.97,52.10,-0.373
25.97,52.09,-0.373
25.97,52.07,-0.373
25.97,52.05,-0.373
25.97,52.04,-0.373
25.97,52.02,-0.372
25.98,52.00,-0.372
25.98,51.99,-0.372
25.98,51.97,-0.372
25.98,51.95,-0.372
25.98,51.94,-0.372
25.98,51.92,-0.372
25.98,51.90,-0.372
25.99,51.89,-0.372
25.99,51.87,-0.372
25.99,51.85,-0.372
25.99,51.84,-0.372
25.99,51.82,-0.372
25.99,51.80,-0.372
26.00,51.79,-0.372
26.00,51.77,-0.372
26.00,51.75,-0.372
26.00,51.74,-0.372
26.00,51.72,-0.372
26.01,51.70,-0.372
26.01,51.69,-0.372
26.01,51.67,-0.372
26.01,51.65,-0.372
26.01,51.64,-0.372
26.01,51.62,-0.372
26.02,51.60,-0.372
26.02,51.59,-0.371
26.02,51.57,-0.371
26.02,51.55,-0.371
26.02,51.54,-0.371
26.02,51.52,-0.371
26.03,51.50,-0.371
26.03,51.49,-0.371
26.03,51.47,-0.371
26.03,51.45,-0.371
26.03,51.44,-0.371
26.03,51.42,-0.371
26.03,51.40,-0.371
26.04,51.39,-0.371
26.04,51.37,-0.370
26.04,51.35,-0.370
26.04,51.34,-0.370
26.04,51.32,-0.370
26.04,51.30,-0.370
26.05,51.29,-0.370
26.05,51.27,-0.370
26.05,51.25,-0.370
26.05,51.24,-0.370
26.05,51.22,-0.370
26.06,51.20,-0.370
26.06,51.19,-0.370
26.06,51.17,-0.370
26.06,51.15,-0.370
26.06,51.14,-0.370
26.06,51.12,-0.370
26.07,51.10,-0.369
26.07,51.09,-0.369
26.07,51.07,-0.369
26.07,51.05,-0.369
26.07,51.04,-0.369
26.07,51.02,-0.369
26.08,51.00,-0.369
26.08,50.99,-0.369
26.08,50.97,-0.369
26.08,50.95,-0.369
26.08,50.94,-0.369
26.08,50.92,-0.369
26.08,50.90,-0.369
26.09,50.89,-0.369
26.09,50.87,-0.369
26.09,50.85,-0.369
26.09,50.84,-0.369
26.09,50.82,-0.369
26.09,50.80,-0.369
26.10,50.79,-0.369
26.10,50.77,-0.369
26.10,50.75,-0.369
26.10,50.74,-0.369
26.10,50.72,-0.369
26.11,50.70,-0.369
26.11,50.68,-0.369
26.11,50.67,-0.368
26.11,50.65,-0.368
26.11,50.64,-0.368
26.11,50.62,-0.368
26.12,50.60,-0.368
26.12,50.59,-0.368
26.12,50.57,-0.368
26.12,50.55,-0.368
26.12,50.54,-0.368
26.12,50.52,-0.368
26.13,50.50,-0.368
26.13,50.48,-0.368
26.13,50.47,-0.368
26.13,50.45,-0.368
26.13,50.44,-0.368
26.13,50.42,-0.368
26.13,50.40,-0.368
26.14,50.39,-0.368
26.14,50.37,-0.368
26.14,50.35,-0.368
26.14,50.34,-0.368
26.14,50.32,-0.367
26.14,50.30,-0.367
26.15,50.29,-0.367
26.15,50.27,-0.367
26.15,50.25,-0.367
26.15,50.24,-0.367
26.15,50.22,-0.367
26.16,50.20,-0.367
26.16,50.19,-0.367
26.16,50.17,-0.367
26.16,50.15,-0.367
26.16,50.14,-0.367
26.16,50.12,-0.367
26.17,50.10,-0.367
26.17,50.09,-0.367
26.17,50.07,-0.367
26.17,50.05,-0.367
26.17,50.04,-0.367
26.17,50.02,-0.366
26.18,50.00,-0.366
26.18,49.99,-0.366
26.18,49.97,-0.366
26.18,49.95,-0.366
26.18,49.94,-0.366
26.18,49.92,-0.366
26.18,49.90,-0.366
26.19,49.89,-0.366
26.19,49.87,-0.366
26.19,49.85,-0.366
26.19,49.84,-0.366
26.19,49.82,-0.366
26.19,49.80,-0.366
26.20,49.79,-0.366
26.20,49.77,-0.366
26.20,49.75,-0.366
26.20,49.74,-0.366
26.20,49.72,-0.365
26.21,49.70,-0.365
26.21,49.69,-0.365
26.21,49.67,-0.365
26.21,49.65,-0.365
26.21,49.64,-0.365
26.21,49.62,-0.365
26.22,49.60,-0.365
26.22,49.59,-0.365
26.22,49.57,-0.365
26.22,49.55,-0.365
26.22,49.54,-0.365
26.22,49.52,-0.365
26.23,49.50,-0.365
26.23,49.48,-0.365
26.23,49.47,-0.365
26.23,49.45,-0.365
26.23,49.44,-0.364
26.23,49.42,-0.364
26.23,49.40,-0.364
26.24,49.39,-0.364
26.24,49.37,-0.364
26.24,49.35,-0.364
26.24,49.34,-0.364
26.24,49.32,-0.364
26.24,49.30,-0.364
26.25,49.28,-0.364
26.25,49.27,-0.364
26.25,49.25,-0.364
26.25,49.23,-0.364
26.25,49.22,-0.364
26.26,49.20,-0.364
26.26,49.18,-0.364
26.26,49.17,-0.364
26.26,49.15,-0.364
26.26,49.14,-0.364
26.26,49.12,-0.364
26.27,49.10,-0.364
26.27,49.09,-0.363
26.27,49.07,-0.363
26.27,49.05,-0.363
26.27,49.04,-0.363
26.27,49.02,-0.363
26.28,49.00,-0.363
26.28,48.99,-0.363
26.28,48.97,-0.363
26.28,48.95,-0.363
26.28,48.93,-0.363
26.28,48.92,-0.363
26.28,48.90,-0.363
26.29,48.88,-0.363
26.29,48.87,-0.363
26.29,48.85,-0.363
26.29,48.84,-0.363
26.29,48.82,-0.363
26.29,48.80,-0.363
26.30,48.79,-0.363
26.30,48.77,-0.363
26.30,48.75,-0.363
26.30,48.74,-0.363
26.30,48.72,-0.363
26.31,48.70,-0.363
26.31,48.68,-0.363
26.31,48.67,-0.362
26.31,48.65,-0.362
26.31,48.64,-0.362
26.31,48.62,-0.362
26.32,48.60,-0.362
26.32,48.59,-0.362
26.32,48.57,-0.362
26.32,48.55,-0.362
26.32,48.54,-0.362
26.32,48.52,-0.362
26.33,48.50,-0.362
26.33,48.49,-0.362
26.33,48.47,-0.362
26.33,48.45,-0.362
26.33,48.44,-0.362
26.33,48.42,-0.362
26.33,48.40,-0.362
26.34,48.39,-0.362
26.34,48.37,-0.362
26.34,48.35,-0.362
26.34,48.34,-0.361
26.34,48.32,-0.361
26.34,48.30,-0.361
26.35,48.28,-0.361
26.35,48.27,-0.361
26.35,48.25,-0.360
26.35,48.24,-0.360
26.35,48.22,-0.360
26.36,48.20,-0.360
26.36,48.18,-0.360
26.36,48.17,-0.360
26.36,48.15,-0.360
26.36,48.14,-0.360
26.36,48.12,-0.360
26.37,48.10,-0.360
26.37,48.09,-0.360
26.37,48.07,-0.360
26.37,48.05,-0.360
26.37,48.03,-0.360
26.37,48.02,-0.360
26.38,48.00,-0.360
26.38,47.98,-0.360
26.38,47.97,-0.359
26.38,47.95,-0.359
26.38,47.93,-0.359
26.38,47.92,-0.359
26.38,47.90,-0.359
26.39,47.89,-0.359
26.39,47.87,-0.359
26.39,47.85,-0.359
26.39,47.83,-0.359
26.39,47.82,-0.359
26.39,47.80,-0.359
26.40,47.79,-0.359
26.40,47.77,-0.359
26.40,47.75,-0.359
26.40,47.73,-0.359
26.40,47.72,-0.359
26.41,47.70,-0.359
26.41,47.68,-0.359
26.41,47.67,-0.359
26.41,47.65,-0.358
26.41,47.63,-0.358
26.41,47.62,-0.358
26.42,47.60,-0.358
26.42,47.59,-0.358
26.42,47.57,-0.358
26.42,47.55,-0.358
26.42,47.53,-0.358
26.42,47.52,-0.358
26.43,47.50,-0.358
26.43,47.48,-0.358
26.43,47.47,-0.358
26.43,47.45,-0.358
26.43,47.43,-0.358
26.43,47.42,-0.357
26.43,47.40,-0.357
26.44,47.38,-0.357
26.44,47.37,-0.357
26.44,47.35,-0.357
26.44,47.33,-0.357
26.44,47.32,-0.357
26.44,47.30,-0.357
26.45,47.28,-0.357
26.45,47.27,-0.357
26.45,47.25,-0.357
26.45,47.23,-0.357
26.45,47.22,-0.357
26.46,47.20,-0.357
26.46,47.18,-0.357
26.46,47.17,-0.357
26.46,47.15,-0.357
26.46,47.14,-0.357
26.46,47.12,-0.357
26.47,47.10,-0.357
26.47,47.08,-0.357
26.47,47.07,-0.357
26.47,47.05,-0.357
26.47,47.03,-0.357
26.47,47.02,-0.357
26.48,47.00,-0.357
26.48,46.98,-0.356
26.48,46.97,-0.356
26.48,46.95,-0.356
26.48,46.93,-0.356
26.48,46.92,-0.356
26.48,46.90,-0.356
26.49,46.88,-0.356
26.49,46.87,-0.356
26.49,46.85,-0.356
26.49,46.83,-0.356
26.49,46.82,-0.356
26.49,46.80,-0.356
26.50,46.78,-0.356
26.50,46.77,-0.356
26.50,46.75,-0.356
26.50,46.73,-0.356
26.50,46.72,-0.356
26.51,46.70,-0.356
26.51,46.68,-0.356
26.51,46.67,-0.356
26.51,46.65,-0.356
26.51,46.64,-0.355
26.51,46.62,-0.355
26.52,46.60,-0.355
26.52,46.58,-0.355
26.52,46.57,-0.355
26.52,46.55,-0.355
26.52,46.53,-0.355
26.52,46.52,-0.355
26.53,46.50,-0.355
26.53,46.48,-0.355
26.53,46.47,-0.355
26.53,46.45,-0.355
26.53,46.43,-0.355
26.53,46.42,-0.355
26.53,46.40,-0.355
26.54,46.38,-0.355
26.54,46.37,-0.355
26.54,46.35,-0.355
26.54,46.33,-0.355
26.54,46.32,-0.355
26.54,46.30,-0.355
26.55,46.28,-0.355
26.55,46.27,-0.355
26.55,46.25,-0.354
26.55,46.23,-0.354
26.55,46.22,-0.354
26.56,46.20,-0.354
26.56,46.18,-0.354
26.56,46.17,-0.354
26.56,46.15,-0.354
26.56,46.13,-0.354
26.56,46.12,-0.354
26.57,46.10,-0.354
26.57,46.08,-0.354
26.57,46.07,-0.354
26.57,46.05,-0.354
26.57,46.03,-0.354
26.57,46.02,-0.354
26.58,46.00,-0.354
26.58,45.99,-0.354
26.58,45.97,-0.354
26.58,45.95,-0.354
26.58,45.93,-0.353
26.58,45.92,-0.353
26.58,45.90,-0.353
26.59,45.88,-0.353
26.59,45.87,-0.353
26.59,45.85,-0.353
26.59,45.83,-0.353
26.59,45.82,-0.353
26.59,45.80,-0.353
26.60,45.78,-0.353
26.60,45.77,-0.353
26.60,45.75,-0.353
26.60,45.73,-0.353
26.60,45.72,-0.353
26.61,45.70,-0.353
26.61,45.68,-0.353
26.61,45.67,-0.353
26.61,45.65,-0.352
26.61,45.64,-0.352
26.61,45.62,-0.352
26.62,45.60,-0.352
26.62,45.58,-0.352
26.62,45.57,-0.352
26.62,45.55,-0.352
26.62,45.53,-0.352
26.62,45.52,-0.352
26.63,45.50,-0.352
26.63,45.48,-0.352
26.63,45.47,-0.352
26.63,45.45,-0.352
26.63,45.43,-0.352
26.63,45.42,-0.352
26.63,45.40,-0.352
26.64,45.39,-0.352
26.64,45.37,-0.352
26.64,45.35,-0.352
26.64,45.33,-0.352
26.64,45.32,-0.352
26.64,45.30,-0.352
26.65,45.28,-0.352
26.65,45.27,-0.351
26.65,45.25,-0.351
26.65,45.23,-0.351
26.65,45.22,-0.351
26.66,45.20,-0.351
26.66,45.18,-0.351
26.66,45.17,-0.351
26.66,45.15,-0.351
26.66,45.14,-0.351
26.66,45.12,-0.351
26.67,45.10,-0.351
26.67,45.08,-0.351
26.67,45.07,-0.351
26.67,45.05,-0.351
26.67,45.03,-0.351
26.67,45.02,-0.351
26.68,45.00,-0.351
26.68,44.98,-0.351
26.68,44.97,-0.351
26.68,44.95,-0.351
26.68,44.93,-0.351
26.68,44.92,-0.350
26.68,44.90,-0.350
26.69,44.88,-0.350
26.69,44.87,-0.350
26.69,44.85,-0.350
26.69,44.83,-0.350
26.69,44.82,-0.350
26.69,44.80,-0.350
26.70,44.78,-0.350
26.70,44.77,-0.350
26.70,44.75,-0.350
26.70,44.73,-0.350
26.70,44.72,-0.350
26.71,44.70,-0.350
26.71,44.68,-0.350
26.71,44.67,-0.350
26.71,44.65,-0.350
26.71,44.63,-0.350
26.71,44.62,-0.350
26.72,44.60,-0.350
26.72,44.58,-0.350
26.72,44.57,-0.350
26.72,44.55,-0.350
26.72,44.53,-0.350
26.72,44.52,-0.350
26.73,44.50,-0.350
26.73,44.48,-0.349
26.73,44.47,-0.349
26.73,44.45,-0.349
26.73,44.43,-0.349
26.73,44.42,-0.349
26.73,44.40,-0.349
26.74,44.38,-0.349
26.74,44.37,-0.349
26.74,44.35,-0.349
26.74,44.33,-0.349
26.74,44.32,-0.349
26.74,44.30,-0.349
26.75,44.28,-0.349
26.75,44.27,-0.349
26.75,44.25,-0.349
26.75,44.23,-0.349
26.75,44.22,-0.349
26.76,44.20,-0.349
26.76,44.18,-0.349
26.76,44.17,-0.349
26.76,44.15,-0.349
26.76,44.13,-0.349
26.76,44.12,-0.349
26.77,44.10,-0.349
26.77,44.08,-0.349
26.77,44.07,-0.348
26.77,44.05,-0.348
26.77,44.03,-0.348
26.77,44.02,-0.348
26.78,44.00,-0.348
26.78,43.99,-0.348
26.78,43.97,-0.348
26.78,43.95,-0.348
26.78,43.93,-0.348
26.78,43.92,-0.348
26.78,43.90,-0.348
26.79,43.88,-0.348
26.79,43.87,-0.348
26.79,43.85,-0.348
26.79,43.83,-0.348
26.79,43.82,-0.348
26.79,43.80,-0.348
26.80,43.78,-0.348
26.80,43.77,-0.348
26.80,43.75,-0.348
26.80,43.73,-0.347
26.80,43.72,-0.347
26.81,43.70,-0.347
26.81,43.68,-0.347
26.81,43.67,-0.347
26.81,43.65,-0.347
26.81,43.63,-0.347
26.81,43.62,-0.347
26.82,43.60,-0.347
26.82,43.58,-0.347
26.82,43.57,-0.347
26.82,43.55,-0.347
26.82,43.53,-0.347
26.82,43.52,-0.347
26.83,43.50,-0.347
26.83,43.48,-0.347
26.83,43.47,-0.347
26.83,43.45,-0.347
26.83,43.43,-0.347
26.83,43.42,-0.347
26.83,43.40,-0.347
26.84,43.38,-0.347
26.84,43.37,-0.347
26.84,43.35,-0.346
26.84,43.33,-0.346
26.84,43.32,-0.346
26.84,43.30,-0.346
26.85,43.28,-0.346
26.85,43.27,-0.346
26.85,43.25,-0.346
26.85,43.23,-0.346
26.85,43.22,-0.346
26.86,43.20,-0.346
26.86,43.18,-0.346
26.86,43.17,-0.346
26.86,43.15,-0.346
26.86,43.13,-0.346
26.86,43.12,-0.346
26.87,43.10,-0.346
26.87,43.08,-0.346
26.87,43.07,-0.346
26.87,43.05,-0.346
26.87,43.03,-0.346
26.87,43.02,-0.346
26.88,43.00,-0.345
26.88,42.98,-0.345
26.88,42.97,-0.345
26.88,42.95,-0.345
26.88,42.93,-0.345
26.88,42.92,-0.345
26.88,42.90,-0.345
26.89,42.88,-0.345
26.89,42.87,-0.345
26.89,42.85,-0.345
26.89,42.83,-0.345
26.89,42.82,-0.345
26.89,42.80,-0.345
26.90,42.78,-0.345
26.90,42.77,-0.345
26.90,42.75,-0.345
26.90,42.73,-0.345
26.90,42.72,-0.345
26.91,42.70,-0.345
26.91,42.68,-0.345
26.91,42.67,-0.345
26.91,42.65,-0.345
26.91,42.63,-0.345
26.91,42.62,-0.344
26.92,42.60,-0.344
26.92,42.58,-0.344
26.92,42.57,-0.344
26.92,42.55,-0.344
26.92,42.53,-0.344
26.92,42.52,-0.344
26.93,42.50,-0.344
26.93,42.48,-0.344
26.93,42.47,-0.344
26.93,42.45,-0.344
26.93,42.43,-0.344
26.93,42.42,-0.344
26.93,42.40,-0.344
26.94,42.38,-0.344
26.94,42.37,-0.344
26.94,42.35,-0.344
26.94,42.33,-0.344
26.94,42.32,-0.344
26.94,42.30,-0.344
26.95,42.28,-0.344
26.95,42.27,-0.344
26.95,42.25,-0.344
26.95,42.23,-0.344
26.95,42.22,-0.343
26.96,42.20,-0.343
26.96,42.18,-0.343
26.96,42.17,-0.343
26.96,42.15,-0.343
26.96,42.13,-0.343
26.96,42.12,-0.343
26.97,42.10,-0.343
26.97,42.08,-0.343
26.97,42.07,-0.343
26.97,42.05,-0.343
26.97,42.03,-0.343
26.97,42.02,-0.343
26.98,42.00,-0.343
26.98,41.98,-0.343
26.98,41.97,-0.343
26.98,41.95,-0.342
26.98,41.93,-0.342
26.98,41.92,-0.342
26.98,41.90,-0.342
26.99,41.88,-0.342
26.99,41.87,-0.342
26.99,41.85,-0.342
26.99,41.83,-0.342
26.99,41.82,-0.342
26.99,41.80,-0.342
27.00,41.78,-0.342
27.00,41.77,-0.342
27.00,41.75,-0.342
27.00,41.73,-0.342
27.00,41.72,-0.342
27.01,41.70,-0.342
27.01,41.68,-0.342
27.01,41.67,-0.342
27.01,41.65,-0.342
27.01,41.63,-0.342
27.01,41.62,-0.342
27.02,41.60,-0.342
27.02,41.58,-0.342
27.02,41.57,-0.342
27.02,41.55,-0.342
27.02,41.53,-0.342
27.02,41.52,-0.342
27.03,41.50,-0.342
27.03,41.48,-0.342
27.03,41.47,-0.342
27.03,41.45,-0.342
27.03,41.43,-0.342
27.03,41.42,-0.341
27.03,41.40,-0.341
27.04,41.38,-0.341
27.04,41.37,-0.341
27.04,41.35,-0.341
27.04,41.33,-0.341
27.04,41.32,-0.341
27.04,41.30,-0.340
27.05,41.28,-0.340
27.05,41.27,-0.340
27.05,41.25,-0.340
27.05,41.23,-0.340
27.05,41.22,-0.340
27.06,41.20,-0.340
27.06,41.18,-0.340
27.06,41.17,-0.340
27.06,41.15,-0.340
27.06,41.13,-0.340
27.06,41.12,-0.340
27.07,41.10,-0.340
27.07,41.08,-0.340
27.07,41.07,-0.340
27.07,41.05,-0.340
27.07,41.03,-0.340
27.07,41.02,-0.340
27.08,41.00,-0.340
27.08,40.98,-0.340
27.08,40.97,-0.340
27.08,40.95,-0.340
27.08,40.93,-0.340
27.08,40.92,-0.340
27.08,40.90,-0.340
27.09,40.88,-0.340
27.09,40.87,-0.339
27.09,40.85,-0.339
27.09,40.83,-0.339
27.09,40.82,-0.339
27.09,40.80,-0.339
27.10,40.78,-0.339
27.10,40.77,-0.339
27.10,40.75,-0.339
27.10,40.73,-0.339
27.10,40.72,-0.339
27.11,40.70,-0.339
27.11,40.68,-0.339
27.11,40.67,-0.339
27.11,40.65,-0.339
27.11,40.63,-0.339
27.11,40.62,-0.339
27.12,40.60,-0.339
27.12,40.58,-0.339
27.12,40.57,-0.339
27.12,40.55,-0.339
27.12,40.53,-0.339
27.12,40.52,-0.339
27.13,40.50,-0.339
27.13,40.48,-0.339
27.13,40.47,-0.339
27.13,40.45,-0.339
27.13,40.43,-0.339
27.13,40.42,-0.339
27.13,40.40,-0.339
27.14,40.38,-0.338
27.14,40.37,-0.338
27.14,40.35,-0.338
27.14,40.33,-0.338
27.14,40.32,-0.338
27.14,40.30,-0.338
27.15,40.28,-0.338
27.15,40.27,-0.338
27.15,40.25,-0.338
27.15,40.23,-0.338
27.15,40.22,-0.338
27.16,40.20,-0.338
27.16,40.18,-0.338
27.16,40.17,-0.338
27.16,40.15,-0.338
27.16,40.13,-0.338
27.16,40.12,-0.338
27.17,40.10,-0.338
27.17,40.08,-0.338
27.17,40.07,-0.338
27.17,40.05,-0.338
27.17,40.03,-0.338
27.17,40.02,-0.338
27.18,40.00,-0.338
27.18,39.98,-0.338
27.18,39.97,-0.338
27.18,39.95,-0.338
27.18,39.93,-0.337
27.18,39.92,-0.337
27.18,39.90,-0.337
27.19,39.88,-0.337
27.19,39.87,-0.337
27.19,39.85,-0.337
27.19,39.83,-0.337
27.19,39.82,-0.337
27.19,39.80,-0.337
27.20,39.78,-0.337
27.20,39.77,-0.337
27.20,39.75,-0.337
27.20,39.73,-0.337
27.20,39.72,-0.337
27.21,39.70,-0.337
27.21,39.68,-0.337
27.21,39.67,-0.337
27.21,39.65,-0.337
27.21,39.63,-0.337
27.21,39.62,-0.337
27.22,39.60,-0.337
27.22,39.58,-0.337
27.22,39.57,-0.337
27.22,39.55,-0.337
27.22,39.53,-0.337
27.22,39.52,-0.337
27.23,39.50,-0.337
27.23,39.48,-0.337
27.23,39.46,-0.337
27.23,39.45,-0.337
27.23,39.43,-0.336
27.23,39.42,-0.336
27.23,39.40,-0.336
27.24,39.38,-0.336
27.24,39.37,-0.336
27.24,39.35,-0.336
27.24,39.33,-0.336
27.24,39.32,-0.336
27.24,39.30,-0.336
27.25,39.28,-0.336
27.25,39.27,-0.336
27.25,39.25,-0.336
27.25,39.23,-0.336
27.25,39.22,-0.336
27.26,39.20,-0.336
27.26,39.18,-0.336
27.26,39.17,-0.336
27.26,39.15,-0.336
27.26,39.13,-0.336
27.26,39.12,-0.336
27.27,39.10,-0.336
27.27,39.08,-0.336
27.27,39.07,-0.336
27.27,39.05,-0.336
27.27,39.03,-0.336
27.27,39.02,-0.336
27.28,39.00,-0.336
27.28,38.98,-0.336
27.28,38.97,-0.335
27.28,38.95,-0.335
27.28,38.93,-0.335
27.28,38.92,-0.335
27.28,38.90,-0.335
27.29,38.88,-0.335
27.29,38.87,-0.335
27.29,38.85,-0.335
27.29,38.83,-0.335
27.29,38.82,-0.335
27.29,38.80,-0.335
27.30,38.78,-0.335
27.30,38.77,-0.335
27.30,38.75,-0.335
27.30,38.73,-0.335
27.30,38.72,-0.335
27.31,38.70,-0.335
27.31,38.68,-0.335
27.31,38.67,-0.335
27.31,38.65,-0.335
27.31,38.63,-0.335
27.31,38.62,-0.335
27.32,38.60,-0.335
27.32,38.58,-0.335
27.32,38.57,-0.335
27.32,38.55,-0.335
27.32,38.53,-0.335
27.32,38.52,-0.335
27.33,38.50,-0.335
27.33,38.48,-0.335
27.33,38.47,-0.334
27.33,38.45,-0.334
27.33,38.43,-0.334
27.33,38.42,-0.334
27.33,38.40,-0.334
27.34,38.38,-0.334
27.34,38.37,-0.334
27.34,38.35,-0.334
27.34,38.33,-0.334
27.34,38.32,-0.334
27.34,38.30,-0.334
27.35,38.28,-0.334
27.35,38.27,-0.334
27.35,38.25,-0.334
27.35,38.23,-0.334
27.35,38.22,-0.334
27.36,38.20,-0.334
27.36,38.18,-0.334
27.36,38.17,-0.334
27.36,38.15,-0.334
27.36,38.13,-0.334
27.36,38.12,-0.334
27.37,38.10,-0.334
27.37,38.08,-0.334
27.37,38.07,-0.334
27.37,38.05,-0.334
27.37,38.03,-0.334
27.37,38.02,-0.334
27.38,38.00,-0.334
27.38,37.98,-0.334
27.38,37.97,-0.333
27.38,37.95,-0.333
27.38,37.93,-0.333
27.38,37.92,-0.333
27.38,37.90,-0.333
27.39,37.88,-0.333
27.39,37.87,-0.333
27.39,37.85,-0.333
27.39,37.83,-0.333
27.39,37.82,-0.333
27.39,37.80,-0.333
27.40,37.78,-0.333
27.40,37.77,-0.333
27.40,37.75,-0.333
27.40,37.73,-0.333
27.40,37.72,-0.333
27.41,37.70,-0.333
27.41,37.68,-0.333
27.41,37.67,-0.333
27.41,37.65,-0.333
27.41,37.63,-0.333
27.41,37.62,-0.333
27.42,37.60,-0.333
27.42,37.58,-0.333
27.42,37.57,-0.333
27.42,37.55,-0.333
27.42,37.53,-0.333
27.42,37.52,-0.333
27.43,37.50,-0.333
27.43,37.48,-0.333
27.43,37.47,-0.333
27.43,37.45,-0.332
27.43,37.43,-0.332
27.43,37.42,-0.332
27.43,37.40,-0.332
27.44,37.38,-0.332
27.44,37.37,-0.332
27.44,37.35,-0.332
27.44,37.33,-0.332
27.44,37.32,-0.332
27.44,37.30,-0.332
27.45,37.28,-0.332
27.45,37.27,-0.332
27.45,37.25,-0.332
27.45,37.23,-0.332
27.45,37.22,-0.332
27.46,37.20,-0.332
27.46,37.18,-0.332
27.46,37.17,-0.332
27.46,37.15,-0.332
27.46,37.13,-0.332
27.46,37.12,-0.332
27.47,37.10,-0.332
27.47,37.08,-0.332
27.47,37.07,-0.332
27.47,37.05,-0.331
27.47,37.03,-0.331
27.47,37.02,-0.331
27.48,37.00,-0.331
27.48,36.98,-0.331
27.48,36.97,-0.331
27.48,36.95,-0.331
27.48,36.93,-0.331
27.48,36.92,-0.331
27.48,36.90,-0.331
27.49,36.88,-0.331
27.49,36.87,-0.331
27.49,36.85,-0.331
27.49,36.83,-0.331
27.49,36.82,-0.331
27.49,36.80,-0.331
27.50,36.78,-0.331
27.50,36.77,-0.331
27.50,36.75,-0.331
27.50,36.73,-0.331
27.50,36.72,-0.331
27.51,36.70,-0.331
27.51,36.68,-0.331
27.51,36.67,-0.331
27.51,36.65,-0.331
27.51,36.63,-0.331
27.51,36.62,-0.330
27.52,36.60,-0.330
27.52,36.58,-0.330
27.52,36.57,-0.330
27.52,36.55,-0.330
27.52,36.53,-0.330
27.52,36.52,-0.330
27.53,36.50,-0.330
27.53,36.48,-0.330
27.53,36.47,-0.330
27.53,36.45,-0.330
27.53,36.43,-0.330
27.53,36.42,-0.330
27.53,36.40,-0.330
27.54,36.38,-0.330
27.54,36.37,-0.330
27.54,36.35,-0.330
27.54,36.33,-0.330
27.54,36.32,-0.330
27.54,36.30,-0.330
27.55,36.28,-0.330
27.55,36.27,-0.330
27.55,36.25,-0.330
27.55,36.23,-0.330
27.55,36.22,-0.330
27.56,36.20,-0.330
27.56,36.18,-0.330
27.56,36.17,-0.329
27.56,36.15,-0.329
27.56,36.13,-0.329
27.56,36.12,-0.329
27.57,36.10,-0.329
27.57,36.08,-0.329
27.57,36.07,-0.329
27.57,36.05,-0.329
27.57,36.03,-0.329
27.57,36.02,-0.329
27.58,36.00,-0.329
27.58,35.98,-0.329
27.58,35.97,-0.329
27.58,35.95,-0.329
27.58,35.93,-0.329
27.58,35.92,-0.329
27.58,35.90,-0.329
27.59,35.88,-0.329
27.59,35.87,-0.329
27.59,35.85,-0.329
27.59,35.83,-0.329
27.59,35.82,-0.329
27.59,35.80,-0.329
27.60,35.78,-0.329
27.60,35.77,-0.329
27.60,35.75,-0.329
27.60,35.73,-0.329
27.60,35.72,-0.329
27.61,35.70,-0.329
27.61,35.68,-0.328
27.61,35.67,-0.328
27.61,35.65,-0.328
27.61,35.63,-0.328
27.61,35.62,-0.328
27.62,35.60,-0.328
27.62,35.58,-0.328
27.62,35.57,-0.328
27.62,35.55,-0.328
27.62,35.53,-0.328
27.62,35.52,-0.328
27.63,35.50,-0.328
27.63,35.48,-0.328
27.63,35.47,-0.328
27.63,35.45,-0.328
27.63,35.43,-0.328
27.63,35.42,-0.328
27.63,35.40,-0.328
27.64,35.38,-0.328
27.64,35.37,-0.328
27.64,35.35,-0.328
27.64,35.33,-0.328
27.64,35.32,-0.328
27.64,35.30,-0.328
27.65,35.28,-0.328
27.65,35.27,-0.328
27.65,35.25,-0.328
27.65,35.23,-0.328
27.65,35.22,-0.328
27.66,35.20,-0.328
27.66,35.18,-0.327
27.66,35.17,-0.327
27.66,35.15,-0.327
27.66,35.13,-0.327
27.66,35.12,-0.327
27.67,35.10,-0.327
27.67,35.08,-0.327
27.67,35.07,-0.327
27.67,35.05,-0.327
27.67,35.03,-0.327
27.67,35.02,-0.327
27.68,35.00,-0.327
27.68,34.98,-0.327
27.68,34.97,-0.327
27.68,34.95,-0.327
27.68,34.93,-0.327
27.68,34.92,-0.327
27.68,34.90,-0.327
27.69,34.88,-0.327
27.69,34.87,-0.327
27.69,34.85,-0.327
27.69,34.83,-0.327
27.69,34.82,-0.327
27.69,34.80,-0.327
27.70,34.78,-0.327
27.70,34.77,-0.327
27.70,34.75,-0.327
27.70,34.73,-0.327
27.70,34.72,-0.327
27.71,34.70,-0.327
27.71,34.68,-0.327
27.71,34.67,-0.327
27.71,34.65,-0.327
27.71,34.63,-0.327
27.71,34.62,-0.327
27.72,34.60,-0.327
27.72,34.58,-0.326
27.72,34.57,-0.326
27.72,34.55,-0.326
27.72,34.53,-0.326
27.72,34.52,-0.326
27.73,34.50,-0.326
27.73,34.48,-0.326
27.73,34.47,-0.326
27.73,34.45,-0.326
27.73,34.43,-0.326
27.73,34.42,-0.326
27.73,34.40,-0.326
27.74,34.38,-0.326
27.74,34.37,-0.326
27.74,34.35,-0.326
27.74,34.33,-0.326
27.74,34.32,-0.326
27.74,34.30,-0.326
27.75,34.28,-0.326
27.75,34.27,-0.326
27.75,34.25,-0.326
27.75,34.23,-0.326
27.75,34.22,-0.326
27.76,34.20,-0.326
27.76,34.18,-0.326
27.76,34.17,-0.326
27.76,34.15,-0.326
27.76,34.13,-0.326
27.76,34.12,-0.326
27.77,34.10,-0.326
27.77,34.08,-0.326
27.77,34.07,-0.326
27.77,34.05,-0.326
27.77,34.03,-0.326
27.77,34.02,-0.326
27.78,34.00,-0.326
27.78,33.98,-0.325
27.78,33.97,-0.325
27.78,33.95,-0.325
27.78,33.93,-0.325
27.78,33.92,-0.325
27.78,33.90,-0.325
27.79,33.88,-0.325
27.79,33.87,-0.325
27.79,33.85,-0.325
27.79,33.83,-0.325
27.79,33.82,-0.325
27.79,33.80,-0.325
27.80,33.78,-0.325
27.80,33.77,-0.325
27.80,33.75,-0.325
27.80,33.73,-0.325
27.80,33.72,-0.325
27.81,33.70,-0.325
27.81,33.68,-0.325
27.81,33.67,-0.325
27.81,33.65,-0.325
27.81,33.63,-0.325
27.81,33.62,-0.325
27.82,33.60,-0.325
27.82,33.58,-0.325
27.82,33.57,-0.325
27.82,33.55,-0.325
27.82,33.53,-0.324
27.82,33.52,-0.324
27.83,33.50,-0.324
27.83,33.48,-0.324
27.83,33.47,-0.324
27.83,33.45,-0.324
27.83,33.43,-0.324
27.83,33.42,-0.324
27.83,33.40,-0.324
27.84,33.38,-0.324
27.84,33.37,-0.324
27.84,33.35,-0.324
27.84,33.33,-0.324
27.84,33.32,-0.324
27.84,33.30,-0.324
27.85,33.28,-0.324
27.85,33.27,-0.324
27.85,33.25,-0.324
27.85,33.23,-0.324
27.85,33.22,-0.324
27.86,33.20,-0.324
27.86,33.18,-0.324
27.86,33.17,-0.324
27.86,33.15,-0.324
27.86,33.13,-0.324
27.86,33.12,-0.324
27.87,33.10,-0.324
27.87,33.08,-0.324
27.87,33.07,-0.324
27.87,33.05,-0.324
27.87,33.03,-0.324
27.87,33.02,-0.324
27.88,33.00,-0.324
27.88,32.98,-0.324
27.88,32.97,-0.324
27.88,32.95,-0.324
27.88,32.93,-0.323
27.88,32.92,-0.323
27.88,32.90,-0.323
27.89,32.88,-0.323
27.89,32.87,-0.323
27.89,32.85,-0.323
27.89,32.83,-0.323
27.89,32.82,-0.323
27.89,32.80,-0.323
27.90,32.78,-0.323
27.90,32.77,-0.323
27.90,32.75,-0.323
27.90,32.73,-0.323
27.90,32.72,-0.323
27.91,32.70,-0.323
27.91,32.68,-0.323
27.91,32.67,-0.323
27.91,32.65,-0.323
27.91,32.63,-0.323
27.91,32.62,-0.323
27.92,32.60,-0.323
27.92,32.58,-0.323
27.92,32.57,-0.323
27.92,32.55,-0.323
27.92,32.53,-0.323
27.92,32.52,-0.323
27.93,32.50,-0.323
27.93,32.48,-0.323
27.93,32.47,-0.323
27.93,32.45,-0.323
27.93,32.43,-0.323
27.93,32.42,-0.323
27.93,32.40,-0.323
27.94,32.38,-0.322
27.94,32.37,-0.322
27.94,32.35,-0.322
27.94,32.33,-0.322
27.94,32.32,-0.322
27.94,32.30,-0.322
27.95,32.28,-0.322
27.95,32.27,-0.322
27.95,32.25,-0.322
27.95,32.23,-0.322
27.95,32.22,-0.322
27.96,32.20,-0.322
27.96,32.18,-0.322
27.96,32.17,-0.322
27.96,32.15,-0.322
27.96,32.13,-0.322
27.96,32.12,-0.322
27.97,32.10,-0.322
27.97,32.08,-0.322
27.97,32.07,-0.322
27.97,32.05,-0.322
27.97,32.03,-0.322
27.97,32.02,-0.322
27.98,32.00,-0.322
27.98,31.98,-0.322
27.98,31.97,-0.322
27.98,31.95,-0.322
27.98,31.93,-0.322
27.98,31.92,-0.322
27.98,31.90,-0.322
27.99,31.88,-0.322
27.99,31.87,-0.322
27.99,31.85,-0.321
27.99,31.84,-0.321
27.99,31.82,-0.321
27.99,31.80,-0.321
28.00,31.78,-0.321
28.00,31.77,-0.321
28.00,31.75,-0.321
28.00,31.73,-0.321
28.00,31.72,-0.321
28.01,31.70,-0.321
28.01,31.68,-0.321
28.01,31.67,-0.321
28.01,31.65,-0.321
28.01,31.63,-0.321
28.01,31.62,-0.321
28.02,31.60,-0.321
28.02,31.58,-0.321
28.02,31.57,-0.321
28.02,31.55,-0.321
28.02,31.53,-0.321
28.02,31.52,-0.321
28.03,31.50,-0.321
28.03,31.48,-0.320
28.03,31.47,-0.320
28.03,31.45,-0.320
28.03,31.44,-0.320
28.03,31.42,-0.320
28.03,31.40,-0.320
28.04,31.39,-0.320
28.04,31.37,-0.320
28.04,31.35,-0.320
28.04,31.34,-0.320
28.04,31.32,-0.320
28.04,31.30,-0.320
28.05,31.29,-0.320
28.05,31.27,-0.320
28.05,31.25,-0.320
28.05,31.24,-0.320
28.05,31.22,-0.320
28.06,31.20,-0.320
28.06,31.19,-0.320
28.06,31.17,-0.320
28.06,31.15,-0.320
28.06,31.14,-0.320
28.06,31.12,-0.320
28.07,31.10,-0.320
28.07,31.09,-0.320
28.07,31.07,-0.320
28.07,31.05,-0.320
28.07,31.04,-0.320
28.07,31.02,-0.320
28.08,31.00,-0.320
28.08,30.99,-0.320
28.08,30.97,-0.320
28.08,30.95,-0.320
28.08,30.93,-0.320
28.08,30.92,-0.320
28.08,30.90,-0.320
28.09,30.89,-0.320
28.09,30.87,-0.319
28.09,30.85,-0.319
28.09,30.84,-0.319
28.09,30.82,-0.319
28.09,30.80,-0.319
28.10,30.78,-0.319
28.10,30.77,-0.319
28.10,30.75,-0.319
28.10,30.73,-0.319
28.10,30.72,-0.319
28.11,30.70,-0.319
28.11,30.69,-0.319
28.11,30.67,-0.319
28.11,30.65,-0.319
28.11,30.64,-0.319
28.11,30.62,-0.319
28.12,30.60,-0.319
28.12,30.59,-0.319
28.12,30.57,-0.319
28.12,30.55,-0.319
28.12,30.53,-0.319
28.12,30.52,-0.319
28.13,30.50,-0.319
28.13,30.49,-0.319
28.13,30.47,-0.319
28.13,30.45,-0.319
28.13,30.44,-0.319
28.13,30.42,-0.319
28.13,30.40,-0.319
28.14,30.39,-0.319
28.14,30.37,-0.319
28.14,30.35,-0.319
28.14,30.34,-0.319
28.14,30.32,-0.318
28.14,30.30,-0.318
28.15,30.29,-0.318
28.15,30.27,-0.318
28.15,30.25,-0.318
28.15,30.23,-0.318
28.15,30.22,-0.318
28.16,30.20,-0.318
28.16,30.19,-0.318
28.16,30.17,-0.318
28.16,30.15,-0.318
28.16,30.14,-0.318
28.16,30.12,-0.318
28.17,30.10,-0.318
28.17,30.09,-0.318
28.17,30.07,-0.318
28.17,30.05,-0.318
28.17,30.04,-0.318
28.17,30.02,-0.318
28.18,30.00,-0.318
28.18,29.98,-0.318
28.18,29.97,-0.318
28.18,29.95,-0.318
28.18,29.94,-0.318
28.18,29.92,-0.318
28.18,29.90,-0.318
28.19,29.89,-0.318
28.19,29.87,-0.318
28.19,29.85,-0.318
28.19,29.84,-0.318
28.19,29.82,-0.318
28.19,29.80,-0.318
28.20,29.79,-0.318
28.20,29.77,-0.318
28.20,29.75,-0.318
28.20,29.74,-0.318
28.20,29.72,-0.318
28.21,29.70,-0.318
28.21,29.69,-0.318
28.21,29.67,-0.318
28.21,29.65,-0.318
28.21,29.64,-0.318
28.21,29.62,-0.318
28.22,29.60,-0.318
28.22,29.59,-0.318
28.22,29.57,-0.317
28.22,29.55,-0.317
28.22,29.54,-0.317
28.22,29.52,-0.317
28.23,29.50,-0.317
28.23,29.49,-0.317
28.23,29.47,-0.317
28.23,29.45,-0.317
28.23,29.44,-0.317
28.23,29.42,-0.317
28.23,29.40,-0.317
28.24,29.39,-0.317
28.24,29.37,-0.317
28.24,29.35,-0.317
28.24,29.34,-0.317
28.24,29.32,-0.317
28.24,29.30,-0.317
28.25,29.29,-0.317
28.25,29.27,-0.317
28.25,29.25,-0.317
28.25,29.24,-0.317
28.25,29.22,-0.317
28.26,29.20,-0.317
28.26,29.19,-0.317
28.26,29.17,-0.317
28.26,29.15,-0.317
28.26,29.14,-0.317
28.26,29.12,-0.317
28.27,29.10,-0.317
28.27,29.09,-0.317
28.27,29.07,-0.317
28.27,29.05,-0.317
28.27,29.04,-0.317
28.27,29.02,-0.317
28.28,29.00,-0.317
28.28,28.99,-0.317
28.28,28.97,-0.317
28.28,28.95,-0.317
28.28,28.94,-0.317
28.28,28.92,-0.316
28.28,28.90,-0.316
28.29,28.89,-0.316
28.29,28.87,-0.316
28.29,28.85,-0.316
28.29,28.84,-0.316
28.29,28.82,-0.316
28.29,28.80,-0.316
28.30,28.79,-0.316
28.30,28.77,-0.316
28.30,28.75,-0.316
28.30,28.74,-0.316
28.30,28.72,-0.316
28.31,28.70,-0.316
28.31,28.69,-0.316
28.31,28.67,-0.316
28.31,28.65,-0.316
28.31,28.64,-0.316
28.31,28.62,-0.316
28.32,28.60,-0.316
28.32,28.59,-0.316
28.32,28.57,-0.316
28.32,28.55,-0.316
28.32,28.54,-0.316
28.32,28.52,-0.316
28.33,28.50,-0.316
28.33,28.49,-0.316
28.33,28.47,-0.316
28.33,28.45,-0.316
28.33,28.44,-0.316
28.33,28.42,-0.316
28.33,28.40,-0.316
28.34,28.39,-0.316
28.34,28.37,-0.315
28.34,28.35,-0.315
28.34,28.34,-0.315
28.34,28.32,-0.315
28.34,28.30,-0.315
28.35,28.29,-0.315
28.35,28.27,-0.315
28.35,28.25,-0.315
28.35,28.24,-0.315
28.35,28.22,-0.315
28.36,28.20,-0.315
28.36,28.19,-0.315
28.36,28.17,-0.315
28.36,28.15,-0.315
28.36,28.14,-0.315
28.36,28.12,-0.315
28.37,28.10,-0.315
28.37,28.09,-0.315
28.37,28.07,-0.315
28.37,28.05,-0.315
28.37,28.04,-0.315
28.37,28.02,-0.315
28.38,28.00,-0.315
28.38,27.99,-0.315
28.38,27.97,-0.315
28.38,27.95,-0.315
28.38,27.94,-0.315
28.38,27.92,-0.315
28.38,27.90,-0.315
28.39,27.89,-0.315
28.39,27.87,-0.315
28.39,27.85,-0.315
28.39,27.84,-0.315
28.39,27.82,-0.315
28.39,27.80,-0.315
28.40,27.79,-0.315
28.40,27.77,-0.314
28.40,27.75,-0.314
28.40,27.74,-0.314
28.40,27.72,-0.314
28.41,27.70,-0.314
28.41,27.69,-0.314
28.41,27.67,-0.314
28.41,27.65,-0.314
28.41,27.64,-0.314
28.41,27.62,-0.314
28.42,27.60,-0.314
28.42,27.59,-0.314
28.42,27.57,-0.314
28.42,27.55,-0.314
28.42,27.54,-0.314
28.42,27.52,-0.314
28.43,27.50,-0.314
28.43,27.49,-0.314
28.43,27.47,-0.314
28.43,27.46,-0.314
28.43,27.44,-0.314
28.43,27.42,-0.314
28.43,27.40,-0.314
28.44,27.39,-0.314
28.44,27.37,-0.314
28.44,27.35,-0.314
28.44,27.34,-0.314
28.44,27.32,-0.314
28.44,27.30,-0.314
28.45,27.29,-0.314
28.45,27.27,-0.314
28.45,27.25,-0.314
28.45,27.24,-0.314
28.45,27.22,-0.314
28.46,27.20,-0.314
28.46,27.19,-0.314
28.46,27.17,-0.314
28.46,27.15,-0.314
28.46,27.14,-0.314
28.46,27.12,-0.314
28.47,27.10,-0.314
28.47,27.09,-0.314
28.47,27.07,-0.314
28.47,27.05,-0.314
28.47,27.04,-0.314
28.47,27.02,-0.314
28.48,27.00,-0.314
28.48,26.99,-0.314
28.48,26.97,-0.314
28.48,26.95,-0.313
28.48,26.94,-0.313
28.48,26.92,-0.313
28.48,26.90,-0.313
28.49,26.89,-0.313
28.49,26.87,-0.313
28.49,26.85,-0.313
28.49,26.84,-0.313
28.49,26.82,-0.313
28.49,26.81,-0.313
28.50,26.79,-0.313
28.50,26.77,-0.313
28.50,26.75,-0.313
28.50,26.74,-0.313
28.50,26.72,-0.313
28.51,26.70,-0.313
28.51,26.69,-0.313
28.51,26.67,-0.313
28.51,26.65,-0.313
28.51,26.64,-0.313
28.51,26.62,-0.313
28.52,26.61,-0.313
28.52,26.59,-0.313
28.52,26.57,-0.313
28.52,26.56,-0.313
28.52,26.54,-0.313
28.52,26.52,-0.313
28.53,26.51,-0.313
28.53,26.49,-0.313
28.53,26.47,-0.313
28.53,26.45,-0.313
28.53,26.44,-0.313
28.53,26.42,-0.313
28.53,26.41,-0.313
28.54,26.39,-0.313
28.54,26.37,-0.313
28.54,26.36,-0.313
28.54,26.34,-0.313
28.54,26.32,-0.313
28.54,26.30,-0.313
28.55,26.29,-0.312
28.55,26.27,-0.312
28.55,26.26,-0.312
28.55,26.24,-0.312
28.55,26.22,-0.312
28.56,26.21,-0.312
28.56,26.19,-0.312
28.56,26.17,-0.312
28.56,26.16,-0.312
28.56,26.14,-0.312
28.56,26.12,-0.312
28.57,26.11,-0.312
28.57,26.09,-0.312
28.57,26.07,-0.312
28.57,26.05,-0.312
28.57,26.04,-0.312
28.57,26.02,-0.312
28.58,26.01,-0.312
28.58,25.99,-0.312
28.58,25.97,-0.312
28.58,25.96,-0.312
28.58,25.94,-0.312
28.58,25.92,-0.312
28.58,25.91,-0.312
28.59,25.89,-0.312
28.59,25.87,-0.312
28.59,25.86,-0.312
28.59,25.84,-0.312
28.59,25.82,-0.312
28.59,25.80,-0.312
28.60,25.79,-0.312
28.60,25.77,-0.312
28.60,25.76,-0.312
28.60,25.74,-0.312
28.60,25.72,-0.312
28.61,25.71,-0.312
28.61,25.69,-0.312
28.61,25.67,-0.312
28.61,25.66,-0.311
28.61,25.64,-0.311
28.61,25.62,-0.311
28.62,25.61,-0.311
28.62,25.59,-0.311
28.62,25.57,-0.311
28.62,25.56,-0.311
28.62,25.54,-0.311
28.62,25.52,-0.311
28.63,25.51,-0.311
28.63,25.49,-0.311
28.63,25.47,-0.311
28.63,25.46,-0.311
28.63,25.44,-0.311
28.63,25.42,-0.311
28.63,25.41,-0.311
28.64,25.39,-0.311
28.64,25.37,-0.311
28.64,25.36,-0.311
28.64,25.34,-0.311
28.64,25.32,-0.311
28.64,25.31,-0.311
28.65,25.29,-0.311
28.65,25.27,-0.311
28.65,25.26,-0.311
28.65,25.24,-0.311
28.65,25.22,-0.311
28.66,25.21,-0.311
28.66,25.19,-0.311
28.66,25.17,-0.311
28.66,25.16,-0.311
28.66,25.14,-0.311
28.66,25.12,-0.311
28.67,25.11,-0.311
28.67,25.09,-0.310
28.67,25.07,-0.310
28.67,25.05,-0.310
28.67,25.04,-0.310
28.67,25.02,-0.310
28.68,25.00,-0.310
28.68,24.99,-0.310
28.68,24.97,-0.310
28.68,24.96,-0.310
28.68,24.94,-0.310
28.68,24.92,-0.310
28.68,24.91,-0.310
28.69,24.89,-0.310
28.69,24.87,-0.310
28.69,24.86,-0.310
28.69,24.84,-0.310
28.69,24.82,-0.310
28.69,24.81,-0.310
28.70,24.79,-0.310
28.70,24.77,-0.310
28.70,24.76,-0.310
28.70,24.74,-0.310
28.70,24.72,-0.310
28.71,24.71,-0.310
28.71,24.69,-0.310
28.71,24.67,-0.310
28.71,24.66,-0.310
28.71,24.64,-0.310
28.71,24.62,-0.310
28.72,24.61,-0.310
28.72,24.59,-0.310
28.72,24.57,-0.310
28.72,24.56,-0.310
28.72,24.54,-0.310
28.72,24.52,-0.310
28.73,24.51,-0.310
28.73,24.49,-0.310
28.73,24.47,-0.310
28.73,24.46,-0.310
28.73,24.44,-0.310
28.73,24.42,-0.310
28.73,24.41,-0.310
28.74,24.39,-0.310
28.74,24.37,-0.310
28.74,24.36,-0.310
28.74,24.34,-0.310
28.74,24.32,-0.309
28.74,24.31,-0.309
28.75,24.29,-0.309
28.75,24.27,-0.309
28.75,24.26,-0.309
28.75,24.24,-0.309
28.75,24.22,-0.309
28.76,24.21,-0.309
28.76,24.19,-0.309
28.76,24.17,-0.309
28.76,24.16,-0.309
28.76,24.14,-0.309
28.76,24.12,-0.309
28.77,24.11,-0.309
28.77,24.09,-0.309
28.77,24.07,-0.309
28.77,24.06,-0.309
28.77,24.04,-0.309
28.77,24.02,-0.309
28.78,24.01,-0.309
28.78,23.99,-0.309
28.78,23.97,-0.309
28.78,23.96,-0.309
28.78,23.94,-0.309
28.78,23.92,-0.309
28.78,23.91,-0.309
28.79,23.89,-0.309
28.79,23.87,-0.309
28.79,23.86,-0.309
28.79,23.84,-0.309
28.79,23.82,-0.309
28.79,23.81,-0.309
28.80,23.79,-0.309
28.80,23.77,-0.309
28.80,23.76,-0.309
28.80,23.74,-0.309
28.80,23.72,-0.309
28.81,23.71,-0.309
28.81,23.69,-0.309
28.81,23.67,-0.309
28.81,23.66,-0.309
28.81,23.64,-0.309
28.81,23.62,-0.309
28.82,23.61,-0.309
28.82,23.59,-0.308
28.82,23.57,-0.308
28.82,23.56,-0.308
28.82,23.54,-0.308
28.82,23.52,-0.308
28.83,23.51,-0.308
28.83,23.49,-0.308
28.83,23.47,-0.308
28.83,23.46,-0.308
28.83,23.44,-0.308
28.83,23.42,-0.308
28.83,23.41,-0.308
28.84,23.39,-0.308
28.84,23.37,-0.308
28.84,23.36,-0.308
28.84,23.34,-0.308
28.84,23.32,-0.308
28.84,23.31,-0.308
28.85,23.29,-0.308
28.85,23.27,-0.308
28.85,23.26,-0.308
28.85,23.24,-0.308
28.85,23.22,-0.308
28.86,23.21,-0.308
28.86,23.19,-0.308
28.86,23.17,-0.308
28.86,23.16,-0.308
28.86,23.14,-0.308
28.86,23.12,-0.308
28.87,23.11,-0.308
28.87,23.09,-0.308
28.87,23.07,-0.308
28.87,23.06,-0.308
28.87,23.04,-0.308
28.87,23.02,-0.308
28.88,23.01,-0.308
28.88,22.99,-0.308
28.88,22.97,-0.308
28.88,22.96,-0.308
28.88,22.94,-0.308
28.88,22.92,-0.308
28.88,22.91,-0.308
28.89,22.89,-0.308
28.89,22.87,-0.308
28.89,22.86,-0.308
28.89,22.84,-0.308
28.89,22.82,-0.308
28.89,22.81,-0.307
28.90,22.79,-0.307
28.90,22.77,-0.307
28.90,22.76,-0.307
28.90,22.74,-0.307
28.90,22.72,-0.307
28.91,22.71,-0.307
28.91,22.69,-0.307
28.91,22.67,-0.307
28.91,22.66,-0.307
28.91,22.64,-0.307
28.91,22.62,-0.307
28.92,22.61,-0.307
28.92,22.59,-0.307
28.92,22.57,-0.307
28.92,22.56,-0.307
28.92,22.54,-0.307
28.92,22.52,-0.307
28.93,22.51,-0.307
28.93,22.49,-0.307
28.93,22.47,-0.307
28.93,22.46,-0.307
28.93,22.44,-0.307
28.93,22.42,-0.307
28.93,22.41,-0.307
28.94,22.39,-0.307
28.94,22.37,-0.307
28.94,22.36,-0.307
28.94,22.34,-0.307
28.94,22.32,-0.307
28.94,22.31,-0.307
28.95,22.29,-0.307
28.95,22.27,-0.307
28.95,22.26,-0.307
28.95,22.24,-0.307
28.95,22.22,-0.307
28.96,22.21,-0.307
28.96,22.19,-0.307
28.96,22.17,-0.307
28.96,22.16,-0.307
28.96,22.14,-0.307
28.96,22.12,-0.307
28.97,22.11,-0.306
28.97,22.09,-0.306
28.97,22.07,-0.306
28.97,22.06,-0.306
28.97,22.04,-0.306
28.97,22.02,-0.306
28.98,22.01,-0.306
28.98,21.99,-0.306
28.98,21.97,-0.306
28.98,21.96,-0.306
28.98,21.94,-0.306
28.98,21.92,-0.306
28.98,21.91,-0.306
28.99,21.89,-0.306
28.99,21.87,-0.306
28.99,21.86,-0.306
28.99,21.84,-0.306
28.99,21.82,-0.306
28.99,21.81,-0.306
29.00,21.79,-0.306
29.00,21.77,-0.306
29.00,21.76,-0.306
29.00,21.74,-0.306
29.00,21.72,-0.306
29.01,21.71,-0.306
29.01,21.69,-0.306
29.01,21.67,-0.306
29.01,21.66,-0.306
29.01,21.64,-0.306
29.01,21.62,-0.306
29.02,21.61,-0.306
29.02,21.59,-0.306
29.02,21.57,-0.306
29.02,21.56,-0.306
29.02,21.54,-0.306
29.02,21.52,-0.306
29.03,21.51,-0.306
29.03,21.49,-0.306
29.03,21.47,-0.306
29.03,21.46,-0.306
29.03,21.44,-0.306
29.03,21.42,-0.306
29.03,21.41,-0.306
29.04,21.39,-0.306
29.04,21.37,-0.306
29.04,21.36,-0.305
29.04,21.34,-0.305
29.04,21.32,-0.305
29.04,21.31,-0.305
29.05,21.29,-0.305
29.05,21.27,-0.305
29.05,21.26,-0.305
29.05,21.24,-0.305
29.05,21.22,-0.305
29.06,21.21,-0.305
29.06,21.19,-0.305
29.06,21.17,-0.305
29.06,21.16,-0.305
29.06,21.14,-0.305
29.06,21.13,-0.305
29.07,21.11,-0.305
29.07,21.09,-0.305
29.07,21.08,-0.305
29.07,21.06,-0.305
29.07,21.04,-0.305
29.07,21.02,-0.305
29.08,21.01,-0.305
29.08,20.99,-0.305
29.08,20.97,-0.305
29.08,20.96,-0.305
29.08,20.94,-0.305
29.08,20.92,-0.305
29.08,20.91,-0.305
29.09,20.89,-0.305
29.09,20.88,-0.305
29.09,20.86,-0.305
29.09,20.84,-0.305
29.09,20.82,-0.305
29.09,20.81,-0.305
29.10,20.79,-0.305
29.10,20.77,-0.305
29.10,20.76,-0.305
29.10,20.74,-0.305
29.10,20.72,-0.305
29.11,20.71,-0.305
29.11,20.69,-0.305
29.11,20.68,-0.305
29.11,20.66,-0.305
29.11,20.64,-0.305
29.11,20.63,-0.304
29.12,20.61,-0.304
29.12,20.59,-0.304
29.12,20.58,-0.304
29.12,20.56,-0.304
29.12,20.54,-0.304
29.12,20.52,-0.304
29.13,20.51,-0.304
29.13,20.49,-0.304
29.13,20.47,-0.304
29.13,20.46,-0.304
29.13,20.44,-0.304
29.13,20.43,-0.304
29.13,20.41,-0.304
29.14,20.39,-0.304
29.14,20.38,-0.304
29.14,20.36,-0.304
29.14,20.34,-0.304
29.14,20.33,-0.304
29.14,20.31,-0.304
29.15,20.29,-0.304
29.15,20.28,-0.304
29.15,20.26,-0.304
29.15,20.24,-0.304
29.15,20.22,-0.304
29.16,20.21,-0.304
29.16,20.19,-0.304
29.16,20.17,-0.304
29.16,20.16,-0.304
29.16,20.14,-0.304
29.16,20.13,-0.304
29.17,20.11,-0.304
29.17,20.09,-0.304
29.17,20.07,-0.304
29.17,20.06,-0.304
29.17,20.04,-0.304
29.17,20.03,-0.304
29.18,20.01,-0.304
29.18,19.99,-0.304
29.18,19.98,-0.304
29.18,19.96,-0.304
29.18,19.94,-0.304
29.18,19.93,-0.304
29.18,19.91,-0.304
29.19,19.89,-0.304
29.19,19.88,-0.304
29.19,19.86,-0.304
29.19,19.84,-0.304
29.19,19.83,-0.303
29.19,19.81,-0.303
29.20,19.79,-0.303
29.20,19.78,-0.303
29.20,19.76,-0.303
29.20,19.74,-0.303
29.20,19.73,-0.303
29.21,19.71,-0.303
29.21,19.69,-0.303
29.21,19.68,-0.303
29.21,19.66,-0.303
29.21,19.64,-0.303
29.21,19.63,-0.303
29.22,19.61,-0.303
29.22,19.59,-0.303
29.22,19.58,-0.303
29.22,19.56,-0.303
29.22,19.54,-0.303
29.22,19.52,-0.303
29.23,19.51,-0.303
29.23,19.49,-0.303
29.23,19.48,-0.303
29.23,19.46,-0.303
29.23,19.44,-0.303
29.23,19.43,-0.303
29.23,19.41,-0.303
29.24,19.39,-0.303
29.24,19.38,-0.303
29.24,19.36,-0.303
29.24,19.34,-0.303
29.24,19.33,-0.303
29.24,19.31,-0.303
29.25,19.29,-0.303
29.25,19.28,-0.302
29.25,19.26,-0.302
29.25,19.24,-0.302
29.25,19.23,-0.302
29.26,19.21,-0.302
29.26,19.19,-0.302
29.26,19.18,-0.302
29.26,19.16,-0.302
29.26,19.14,-0.302
29.26,19.13,-0.302
29.27,19.11,-0.302
29.27,19.09,-0.302
29.27,19.08,-0.302
29.27,19.06,-0.302
29.27,19.04,-0.302
29.27,19.03,-0.302
29.28,19.01,-0.302
29.28,18.99,-0.302
29.28,18.98,-0.302
29.28,18.96,-0.302
29.28,18.94,-0.302
29.28,18.93,-0.302
29.28,18.91,-0.302
29.29,18.89,-0.302
29.29,18.88,-0.302
29.29,18.86,-0.302
29.29,18.84,-0.302
29.29,18.83,-0.302
29.29,18.81,-0.302
29.30,18.79,-0.302
29.30,18.78,-0.302
29.30,18.76,-0.302
29.30,18.74,-0.302
29.30,18.73,-0.302
29.31,18.71,-0.302
29.31,18.69,-0.302
29.31,18.68,-0.302
29.31,18.66,-0.302
29.31,18.64,-0.302
29.31,18.63,-0.302
29.32,18.61,-0.302
29.32,18.59,-0.302
29.32,18.58,-0.302
29.32,18.56,-0.302
29.32,18.54,-0.302
29.32,18.53,-0.302
29.33,18.51,-0.302
29.33,18.49,-0.302
29.33,18.48,-0.302
29.33,18.46,-0.302
29.33,18.44,-0.302
29.33,18.43,-0.302
29.33,18.41,-0.302
29.34,18.39,-0.301
29.34,18.38,-0.301
29.34,18.36,-0.301
29.34,18.34,-0.301
29.34,18.33,-0.301
29.34,18.31,-0.301
29.35,18.29,-0.301
29.35,18.28,-0.301
29.35,18.26,-0.301
29.35,18.24,-0.301
29.35,18.23,-0.301
29.36,18.21,-0.301
29.36,18.19,-0.301
29.36,18.18,-0.301
29.36,18.16,-0.301
29.36,18.14,-0.301
29.36,18.13,-0.301
29.37,18.11,-0.301
29.37,18.09,-0.301
29.37,18.08,-0.301
29.37,18.06,-0.301
29.37,18.05,-0.301
29.37,18.03,-0.301
29.38,18.01,-0.301
29.38,17.99,-0.301
29.38,17.98,-0.301
29.38,17.96,-0.301
29.38,17.94,-0.301
29.38,17.93,-0.301
29.38,17.91,-0.301
29.39,17.89,-0.301
29.39,17.88,-0.301
29.39,17.86,-0.301
29.39,17.84,-0.301
29.39,17.83,-0.301
29.39,17.81,-0.301
29.40,17.79,-0.301
29.40,17.78,-0.301
29.40,17.76,-0.301
29.40,17.74,-0.301
29.40,17.73,-0.301
29.41,17.71,-0.301
29.41,17.70,-0.301
29.41,17.68,-0.301
29.41,17.66,-0.301
29.41,17.64,-0.301
29.41,17.63,-0.301
29.42,17.61,-0.301
29.42,17.59,-0.301
29.42,17.58,-0.301
29.42,17.56,-0.301
29.42,17.54,-0.301
29.42,17.53,-0.301
29.43,17.51,-0.300
29.43,17.49,-0.300
29.43,17.48,-0.300
29.43,17.46,-0.300
29.43,17.45,-0.300
29.43,17.43,-0.300
29.43,17.41,-0.300
29.44,17.39,-0.300
29.44,17.38,-0.300
29.44,17.36,-0.300
29.44,17.34,-0.300
29.44,17.33,-0.300
29.44,17.31,-0.300
29.45,17.30,-0.300
29.45,17.28,-0.300
29.45,17.26,-0.300
29.45,17.25,-0.300
29.45,17.23,-0.300
29.46,17.21,-0.300
29.46,17.20,-0.300
29.46,17.18,-0.300
29.46,17.16,-0.300
29.46,17.15,-0.300
29.46,17.13,-0.300
29.47,17.11,-0.300
29.47,17.09,-0.300
29.47,17.08,-0.300
29.47,17.06,-0.300
29.47,17.05,-0.300
29.47,17.03,-0.300
29.48,17.01,-0.300
29.48,17.00,-0.300
29.48,16.98,-0.300
29.48,16.96,-0.300
29.48,16.95,-0.300
29.48,16.93,-0.300
29.48,16.91,-0.300
29.49,16.89,-0.300
29.49,16.88,-0.300
29.49,16.86,-0.300
29.49,16.85,-0.300
29.49,16.83,-0.300
29.49,16.81,-0.300
29.50,16.80,-0.300
29.50,16.78,-0.300
29.50,16.76,-0.300
29.50,16.75,-0.300
29.50,16.73,-0.300
29.51,16.71,-0.300
29.51,16.69,-0.300
29.51,16.68,-0.300
29.51,16.66,-0.300
29.51,16.65,-0.300
29.51,16.63,-0.300
29.52,16.61,-0.300
29.52,16.60,-0.300
29.52,16.58,-0.299
29.52,16.56,-0.299
29.52,16.54,-0.299
29.52,16.53,-0.299
29.53,16.51,-0.299
29.53,16.50,-0.299
29.53,16.48,-0.299
29.53,16.46,-0.299
29.53,16.45,-0.299
29.53,16.43,-0.299
29.53,16.41,-0.299
29.54,16.40,-0.299
29.54,16.38,-0.299
29.54,16.36,-0.299
29.54,16.35,-0.299
29.54,16.33,-0.299
29.54,16.31,-0.299
29.55,16.30,-0.299
29.55,16.28,-0.299
29.55,16.26,-0.299
29.55,16.25,-0.299
29.55,16.23,-0.299
29.56,16.21,-0.299
29.56,16.20,-0.299
29.56,16.18,-0.299
29.56,16.16,-0.299
29.56,16.15,-0.299
29.56,16.13,-0.299
29.57,16.11,-0.299
29.57,16.10,-0.299
29.57,16.08,-0.299
29.57,16.06,-0.299
29.57,16.05,-0.299
29.57,16.03,-0.299
29.58,16.01,-0.299
29.58,16.00,-0.299
29.58,15.98,-0.299
29.58,15.96,-0.299
29.58,15.94,-0.299
29.58,15.93,-0.299
29.58,15.91,-0.299
29.59,15.90,-0.299
29.59,15.88,-0.299
29.59,15.86,-0.299
29.59,15.85,-0.299
29.59,15.83,-0.299
29.59,15.81,-0.299
29.60,15.80,-0.299
29.60,15.78,-0.299
29.60,15.76,-0.299
29.60,15.75,-0.298
29.60,15.73,-0.298
29.61,15.71,-0.298
29.61,15.70,-0.298
29.61,15.68,-0.298
29.61,15.66,-0.298
29.61,15.65,-0.298
29.61,15.63,-0.298
29.62,15.61,-0.298
29.62,15.60,-0.298
29.62,15.58,-0.298
29.62,15.56,-0.298
29.62,15.55,-0.298
29.62,15.53,-0.298
29.63,15.51,-0.298
29.63,15.50,-0.298
29.63,15.48,-0.298
29.63,15.46,-0.298
29.63,15.45,-0.298
29.63,15.43,-0.298
29.63,15.41,-0.298
29.64,15.40,-0.298
29.64,15.38,-0.298
29.64,15.36,-0.298
29.64,15.35,-0.298
29.64,15.33,-0.298
29.64,15.31,-0.298
29.65,15.30,-0.298
29.65,15.28,-0.298
29.65,15.26,-0.298
29.65,15.25,-0.298
29.65,15.23,-0.298
29.66,15.21,-0.298
29.66,15.20,-0.298
29.66,15.18,-0.298
29.66,15.16,-0.298
29.66,15.15,-0.298
29.66,15.13,-0.298
29.67,15.11,-0.298
29.67,15.10,-0.298
29.67,15.08,-0.298
29.67,15.06,-0.298
29.67,15.05,-0.298
29.67,15.03,-0.298
29.68,15.01,-0.298
29.68,15.00,-0.298
29.68,14.98,-0.298
29.68,14.96,-0.298
29.68,14.95,-0.298
29.68,14.93,-0.298
29.68,14.91,-0.298
29.69,14.90,-0.298
29.69,14.88,-0.298
29.69,14.86,-0.298
29.69,14.85,-0.298
29.69,14.83,-0.298
29.69,14.81,-0.298
29.70,14.80,-0.298
29.70,14.78,-0.298
29.70,14.76,-0.298
29.70,14.75,-0.298
29.70,14.73,-0.298
29.71,14.72,-0.298
29.71,14.70,-0.298
29.71,14.68,-0.298
29.71,14.66,-0.298
29.71,14.65,-0.298
29.71,14.63,-0.297
29.72,14.61,-0.297
29.72,14.60,-0.297
29.72,14.58,-0.297
29.72,14.56,-0.297
29.72,14.55,-0.297
29.72,14.53,-0.297
29.73,14.51,-0.297
29.73,14.50,-0.297
29.73,14.48,-0.297
29.73,14.46,-0.297
29.73,14.45,-0.297
29.73,14.43,-0.297
29.73,14.41,-0.297
29.74,14.40,-0.297
29.74,14.38,-0.297
29.74,14.36,-0.297
29.74,14.35,-0.297
29.74,14.33,-0.297
29.74,14.31,-0.297
29.75,14.30,-0.297
29.75,14.28,-0.297
29.75,14.26,-0.297
29.75,14.25,-0.297
29.75,14.23,-0.297
29.76,14.21,-0.297
29.76,14.20,-0.297
29.76,14.18,-0.297
29.76,14.16,-0.297
29.76,14.15,-0.297
29.76,14.13,-0.297
29.77,14.11,-0.297
29.77,14.10,-0.297
29.77,14.08,-0.297
29.77,14.07,-0.297
29.77,14.05,-0.297
29.77,14.03,-0.297
29.78,14.01,-0.297
29.78,14.00,-0.297
29.78,13.98,-0.297
29.78,13.96,-0.297
29.78,13.95,-0.297
29.78,13.93,-0.297
29.78,13.92,-0.297
29.79,13.90,-0.297
29.79,13.88,-0.297
29.79,13.87,-0.297
29.79,13.85,-0.297
29.79,13.83,-0.297
29.79,13.82,-0.296
29.80,13.80,-0.296
29.80,13.78,-0.296
29.80,13.76,-0.296
29.80,13.75,-0.296
29.80,13.73,-0.296
29.81,13.72,-0.296
29.81,13.70,-0.296
29.81,13.68,-0.297
29.81,13.67,-0.297
29.81,13.65,-0.296
29.81,13.63,-0.296
29.82,13.62,-0.296
29.82,13.60,-0.296
29.82,13.58,-0.296
29.82,13.57,-0.296
29.82,13.55,-0.296
29.82,13.53,-0.296
29.83,13.52,-0.296
29.83,13.50,-0.296
29.83,13.48,-0.296
29.83,13.47,-0.296
29.83,13.45,-0.296
29.83,13.43,-0.296
29.83,13.42,-0.296
29.84,13.40,-0.296
29.84,13.38,-0.296
29.84,13.37,-0.296
29.84,13.35,-0.296
29.84,13.33,-0.296
29.84,13.32,-0.296
29.85,13.30,-0.296
29.85,13.28,-0.296
29.85,13.27,-0.296
29.85,13.25,-0.296
29.85,13.23,-0.296
29.86,13.22,-0.296
29.86,13.20,-0.296
29.86,13.18,-0.296
29.86,13.17,-0.296
29.86,13.15,-0.296
29.86,13.13,-0.296
29.87,13.12,-0.296
29.87,13.10,-0.296
29.87,13.08,-0.296
29.87,13.07,-0.296
29.87,13.05,-0.296
29.87,13.03,-0.296
29.88,13.02,-0.296
29.88,13.00,-0.296
29.88,12.98,-0.296
29.88,12.97,-0.296
29.88,12.95,-0.296
29.88,12.93,-0.296
29.88,12.92,-0.296
29.89,12.90,-0.295
29.89,12.88,-0.295
29.89,12.87,-0.295
29.89,12.85,-0.295
29.89,12.83,-0.295
29.89,12.82,-0.295
29.90,12.80,-0.295
29.90,12.78,-0.295
29.90,12.77,-0.295
29.90,12.75,-0.295
29.90,12.73,-0.295
29.91,12.72,-0.295
29.91,12.70,-0.295
29.91,12.68,-0.295
29.91,12.67,-0.295
29.91,12.65,-0.295
29.91,12.63,-0.295
29.92,12.62,-0.295
29.92,12.60,-0.295
29.92,12.58,-0.295
29.92,12.57,-0.295
29.92,12.55,-0.295
29.92,12.53,-0.295
29.93,12.52,-0.295
29.93,12.50,-0.295
29.93,12.48,-0.295
29.93,12.47,-0.295
29.93,12.45,-0.295
29.93,12.43,-0.295
29.93,12.42,-0.295
29.94,12.40,-0.295
29.94,12.38,-0.295
29.94,12.37,-0.295
29.94,12.35,-0.295
29.94,12.33,-0.295
29.94,12.32,-0.295
29.95,12.30,-0.295
29.95,12.28,-0.295
29.95,12.27,-0.295
29.95,12.25,-0.295
29.95,12.23,-0.295
29.96,12.22,-0.295
29.96,12.20,-0.295
29.96,12.18,-0.295
29.96,12.17,-0.295
29.96,12.15,-0.295
29.96,12.13,-0.295
29.97,12.12,-0.295
29.97,12.10,-0.295
29.97,12.09,-0.294
29.97,12.07,-0.294
29.97,12.05,-0.294
29.97,12.03,-0.294
29.98,12.02,-0.294
29.98,12.00,-0.294
29.98,11.98,-0.294
29.98,11.97,-0.294
29.98,11.95,-0.294
29.98,11.94,-0.294
29.98,11.92,-0.294
29.99,11.90,-0.294
29.99,11.88,-0.294
29.99,11.87,-0.294
29.99,11.85,-0.294
29.99,11.84,-0.294
29.99,11.82,-0.294
30.00,11.80,-0.294
30.00,11.78,-0.294
30.00,11.77,-0.294
30.00,11.75,-0.294
30.00,11.73,-0.294
30.01,11.72,-0.294
30.01,11.70,-0.294
30.01,11.68,-0.294
30.01,11.67,-0.294
30.01,11.65,-0.294
30.01,11.64,-0.294
30.02,11.62,-0.294
30.02,11.60,-0.294
30.02,11.59,-0.294
30.02,11.57,-0.294
30.02,11.55,-0.294
30.02,11.54,-0.294
30.03,11.52,-0.294
30.03,11.50,-0.294
30.03,11.49,-0.294
30.03,11.47,-0.294
30.03,11.45,-0.294
30.03,11.44,-0.294
30.03,11.42,-0.294
30.04,11.40,-0.294
30.04,11.39,-0.294
30.04,11.37,-0.294
30.04,11.35,-0.294
30.04,11.33,-0.294
30.04,11.32,-0.294
30.05,11.30,-0.293
30.05,11.28,-0.293
30.05,11.27,-0.293
30.05,11.25,-0.293
30.05,11.24,-0.293
30.06,11.22,-0.293
30.06,11.20,-0.293
30.06,11.18,-0.293
30.06,11.17,-0.293
30.06,11.15,-0.293
30.06,11.14,-0.293
30.07,11.12,-0.293
30.07,11.10,-0.293
30.07,11.09,-0.293
30.07,11.07,-0.293
30.07,11.05,-0.293
30.07,11.04,-0.293
30.08,11.02,-0.293
30.08,11.00,-0.293
30.08,10.99,-0.293
30.08,10.97,-0.293
30.08,10.95,-0.293
30.08,10.94,-0.293
30.08,10.92,-0.293
30.09,10.90,-0.293
30.09,10.89,-0.293
30.09,10.87,-0.293
30.09,10.85,-0.293
30.09,10.84,-0.293
30.09,10.82,-0.293
30.10,10.80,-0.293
30.10,10.79,-0.293
30.10,10.77,-0.293
30.10,10.75,-0.293
30.10,10.74,-0.293
30.11,10.72,-0.293
30.11,10.70,-0.293
30.11,10.69,-0.293
30.11,10.67,-0.293
30.11,10.65,-0.293
30.11,10.64,-0.293
30.12,10.62,-0.293
30.12,10.60,-0.293
30.12,10.59,-0.293
30.12,10.57,-0.293
30.12,10.55,-0.293
30.12,10.54,-0.293
30.13,10.52,-0.293
30.13,10.50,-0.293
30.13,10.49,-0.293
30.13,10.47,-0.293
30.13,10.45,-0.293
30.13,10.44,-0.293
30.13,10.42,-0.293
30.14,10.40,-0.292
30.14,10.39,-0.292
30.14,10.37,-0.292
30.14,10.35,-0.292
30.14,10.34,-0.292
30.14,10.32,-0.292
30.15,10.30,-0.292
30.15,10.29,-0.292
30.15,10.27,-0.292
30.15,10.26,-0.292
30.15,10.24,-0.292
30.16,10.22,-0.292
30.16,10.20,-0.292
30.16,10.19,-0.292
30.16,10.17,-0.292
30.16,10.15,-0.292
30.16,10.14,-0.292
30.17,10.12,-0.292
30.17,10.10,-0.292
30.17,10.09,-0.292
30.17,10.07,-0.292
30.17,10.05,-0.292
30.17,10.04,-0.292
30.18,10.02,-0.292
30.18,10.01,-0.292
30.18,9.99,-0.292
30.18,9.97,-0.292
30.18,9.96,-0.292
30.18,9.94,-0.292
30.18,9.92,-0.292
30.19,9.91,-0.292
30.19,9.89,-0.292
30.19,9.87,-0.292
30.19,9.86,-0.293
30.19,9.84,-0.294
30.19,9.82,-0.295
30.20,9.81,-0.296
30.20,9.79,-0.297
30.20,9.77,-0.298
30.20,9.76,-0.298
30.20,9.74,-0.298
30.21,9.72,-0.298
30.21,9.71,-0.298
30.21,9.69,-0.298
30.21,9.67,-0.298
30.21,9.66,-0.298
30.21,9.64,-0.298
30.22,9.62,-0.298
30.22,9.61,-0.298
30.22,9.59,-0.297
30.22,9.57,-0.297
30.22,9.56,-0.297
30.22,9.54,-0.297
30.23,9.52,-0.297
30.23,9.51,-0.297
30.23,9.49,-0.297
30.23,9.47,-0.297
30.23,9.46,-0.297
30.23,9.44,-0.297
30.23,9.42,-0.297
30.24,9.41,-0.297
30.24,9.39,-0.297
30.24,9.37,-0.297
30.24,9.36,-0.297
30.24,9.34,-0.297
30.24,9.32,-0.297
30.25,9.31,-0.297
30.25,9.29,-0.297
30.25,9.28,-0.297
30.25,9.26,-0.297
30.25,9.24,-0.297
30.26,9.22,-0.297
30.26,9.21,-0.297
30.26,9.19,-0.297
30.26,9.18,-0.297
30.26,9.16,-0.297
30.26,9.14,-0.297
30.27,9.13,-0.298
30.27,9.11,-0.302
30.27,9.09,-0.307
30.27,9.08,-0.311
30.27,9.06,-0.315
30.27,9.04,-0.318
30.28,9.03,-0.320
30.28,9.01,-0.321
30.28,9.00,-0.321
30.28,8.98,-0.319
30.28,8.96,-0.317
30.28,8.95,-0.314
30.28,8.93,-0.312
30.29,8.91,-0.310
30.29,8.90,-0.309
30.29,8.88,-0.308
30.29,8.86,-0.308
30.29,8.85,-0.308
30.29,8.83,-0.307
30.30,8.81,-0.307
30.30,8.80,-0.307
30.30,8.78,-0.306
30.30,8.76,-0.306
30.30,8.75,-0.305
30.31,8.73,-0.305
30.31,8.71,-0.304
30.31,8.70,-0.304
30.31,8.68,-0.303
30.31,8.66,-0.303
30.31,8.65,-0.302
30.32,8.63,-0.301
30.32,8.61,-0.301
30.32,8.60,-0.300
30.32,8.58,-0.300
30.32,8.56,-0.299
30.32,8.55,-0.299
30.33,8.53,-0.299
30.33,8.51,-0.299
30.33,8.50,-0.299
30.33,8.48,-0.298
30.33,8.46,-0.298
30.33,8.45,-0.298
30.33,8.43,-0.298
30.34,8.41,-0.298
30.34,8.40,-0.298
30.34,8.38,-0.297
30.34,8.36,-0.297
30.34,8.35,-0.297
30.34,8.33,-0.297
30.35,8.31,-0.297
30.35,8.30,-0.297
30.35,8.28,-0.297
30.35,8.26,-0.297
30.35,8.25,-0.297
30.36,8.23,-0.297
30.36,8.21,-0.297
30.36,8.20,-0.297
30.36,8.18,-0.297
30.36,8.17,-0.297
30.36,8.15,-0.297
30.37,8.13,-0.297
30.37,8.11,-0.297
30.37,8.10,-0.297
30.37,8.08,-0.297
30.37,8.06,-0.297
30.37,8.05,-0.297
30.38,8.03,-0.297
30.38,8.01,-0.297
30.38,8.00,-0.297
30.38,7.98,-0.297
30.38,7.96,-0.297
30.38,7.95,-0.297
30.38,7.93,-0.297
30.39,7.91,-0.297
30.39,7.90,-0.297
30.39,7.88,-0.297
30.39,7.86,-0.297
30.39,7.85,-0.297
30.39,7.83,-0.297
30.40,7.82,-0.297
30.40,7.80,-0.297
30.40,7.78,-0.297
30.40,7.76,-0.297
30.40,7.75,-0.297
30.41,7.73,-0.297
30.41,7.72,-0.297
30.41,7.70,-0.297
30.41,7.68,-0.297
30.41,7.66,-0.296
30.41,7.65,-0.296
30.42,7.63,-0.296
30.42,7.61,-0.296
30.42,7.60,-0.296
30.42,7.58,-0.296
30.42,7.56,-0.296
30.42,7.55,-0.296
30.43,7.53,-0.296
30.43,7.51,-0.296
30.43,7.50,-0.296
30.43,7.48,-0.296
30.43,7.46,-0.296
30.43,7.45,-0.296
30.43,7.43,-0.296
30.44,7.41,-0.296
30.44,7.40,-0.296
30.44,7.38,-0.296
30.44,7.36,-0.296
30.44,7.35,-0.296
30.44,7.33,-0.296
30.45,7.31,-0.296
30.45,7.30,-0.296
30.45,7.28,-0.296
30.45,7.26,-0.295
30.45,7.25,-0.295
30.46,7.23,-0.295
30.46,7.21,-0.295
30.46,7.20,-0.295
30.46,7.18,-0.295
30.46,7.16,-0.295
30.46,7.15,-0.295
30.47,7.13,-0.295
30.47,7.11,-0.295
30.47,7.10,-0.295
30.47,7.08,-0.295
30.47,7.06,-0.295
30.47,7.05,-0.295
30.48,7.03,-0.295
30.48,7.01,-0.295
30.48,7.00,-0.295
30.48,6.98,-0.295
30.48,6.96,-0.295
30.48,6.95,-0.295
30.48,6.93,-0.295
30.49,6.91,-0.295
30.49,6.90,-0.295
30.49,6.88,-0.295
30.49,6.86,-0.295
30.49,6.85,-0.295
30.49,6.83,-0.295
30.50,6.81,-0.295
30.50,6.80,-0.295
30.50,6.78,-0.295
30.50,6.76,-0.295
30.50,6.75,-0.295
30.51,6.73,-0.295
30.51,6.71,-0.295
30.51,6.70,-0.295
30.51,6.68,-0.295
30.51,6.66,-0.294
30.51,6.65,-0.294
30.52,6.63,-0.294
30.52,6.61,-0.294
30.52,6.60,-0.294
30.52,6.58,-0.294
30.52,6.56,-0.294
30.52,6.55,-0.294
30.53,6.53,-0.294
30.53,6.51,-0.294
30.53,6.50,-0.294
30.53,6.48,-0.294
30.53,6.46,-0.294
30.53,6.45,-0.294
30.53,6.43,-0.294
30.54,6.41,-0.294
30.54,6.40,-0.294
30.54,6.38,-0.294
30.54,6.37,-0.294
30.54,6.35,-0.294
30.54,6.33,-0.294
30.55,6.31,-0.294
30.55,6.30,-0.294
30.55,6.28,-0.294
30.55,6.26,-0.294
30.55,6.25,-0.294
30.56,6.23,-0.294
30.56,6.21,-0.294
30.56,6.20,-0.294
30.56,6.18,-0.294
30.56,6.16,-0.294
30.56,6.15,-0.294
30.57,6.13,-0.294
30.57,6.11,-0.294
30.57,6.10,-0.294
30.57,6.08,-0.294
30.57,6.06,-0.294
30.57,6.05,-0.294
30.58,6.03,-0.294
30.58,6.01,-0.294
30.58,6.00,-0.294
30.58,5.98,-0.294
30.58,5.96,-0.294
30.58,5.95,-0.294
30.58,5.93,-0.294
30.59,5.91,-0.294
30.59,5.90,-0.294
30.59,5.88,-0.294
30.59,5.86,-0.294
30.59,5.85,-0.294
30.59,5.83,-0.294
30.60,5.81,-0.294
30.60,5.80,-0.294
30.60,5.78,-0.294
30.60,5.76,-0.294
30.60,5.75,-0.294
30.61,5.73,-0.294
30.61,5.72,-0.294
30.61,5.70,-0.293
30.61,5.68,-0.293
30.61,5.66,-0.293
30.61,5.65,-0.293
30.62,5.63,-0.293
30.62,5.61,-0.293
30.62,5.60,-0.293
30.62,5.58,-0.293
30.62,5.56,-0.293
30.62,5.55,-0.293
30.63,5.53,-0.293
30.63,5.51,-0.293
30.63,5.50,-0.293
30.63,5.48,-0.293
30.63,5.46,-0.293
30.63,5.45,-0.293
30.63,5.43,-0.293
30.64,5.41,-0.293
30.64,5.40,-0.293
30.64,5.38,-0.293
30.64,5.36,-0.293
30.64,5.35,-0.293
30.64,5.33,-0.293
30.65,5.32,-0.293
30.65,5.30,-0.293
30.65,5.28,-0.293
30.65,5.26,-0.293
30.65,5.25,-0.293
30.66,5.23,-0.293
30.66,5.21,-0.293
30.66,5.20,-0.293
30.66,5.18,-0.293
30.66,5.16,-0.293
30.66,5.15,-0.293
30.67,5.13,-0.293
30.67,5.11,-0.293
30.67,5.10,-0.293
30.67,5.08,-0.293
30.67,5.06,-0.293
30.67,5.05,-0.293
30.68,5.03,-0.293
30.68,5.02,-0.293
30.68,5.00,-0.293
30.68,4.98,-0.293
30.68,4.97,-0.293
30.68,4.95,-0.293
30.68,4.93,-0.293
30.69,4.92,-0.293
30.69,4.90,-0.293
30.69,4.88,-0.293
30.69,4.87,-0.293
30.69,4.85,-0.293
30.69,4.83,-0.293
30.70,4.81,-0.293
30.70,4.80,-0.293
30.70,4.78,-0.293
30.70,4.76,-0.293
30.70,4.75,-0.293
30.71,4.73,-0.293
30.71,4.71,-0.293
30.71,4.70,-0.293
30.71,4.68,-0.293
30.71,4.66,-0.293
30.71,4.65,-0.293
30.72,4.63,-0.293
30.72,4.61,-0.293
30.72,4.60,-0.293
30.72,4.58,-0.293
30.72,4.57,-0.293
30.72,4.55,-0.293
30.73,4.53,-0.293
30.73,4.52,-0.293
30.73,4.50,-0.293
30.73,4.48,-0.292
30.73,4.46,-0.292
30.73,4.45,-0.292
30.73,4.43,-0.292
30.74,4.41,-0.292
30.74,4.40,-0.292
30.74,4.38,-0.292
30.74,4.36,-0.292
30.74,4.35,-0.292
30.74,4.33,-0.292
30.75,4.32,-0.292
30.75,4.30,-0.292
30.75,4.28,-0.292
30.75,4.26,-0.292
30.75,4.25,-0.292
30.76,4.23,-0.292
30.76,4.21,-0.292
30.76,4.20,-0.292
30.76,4.18,-0.292
30.76,4.16,-0.292
30.76,4.15,-0.292
30.77,4.13,-0.292
30.77,4.11,-0.292
30.77,4.10,-0.292
30.77,4.08,-0.292
30.77,4.06,-0.292
30.77,4.05,-0.292
30.78,4.03,-0.292
30.78,4.01,-0.292
30.78,4.00,-0.292
30.78,3.98,-0.292
30.78,3.96,-0.292
30.78,3.95,-0.292
30.78,3.93,-0.292
30.79,3.91,-0.292
30.79,3.90,-0.292
30.79,3.88,-0.292
30.79,3.87,-0.292
30.79,3.85,-0.292
30.79,3.83,-0.292
30.80,3.81,-0.292
30.80,3.80,-0.292
30.80,3.78,-0.292
30.80,3.76,-0.292
30.80,3.75,-0.292
30.81,3.73,-0.292
30.81,3.71,-0.292
30.81,3.70,-0.292
30.81,3.68,-0.292
30.81,3.67,-0.292
30.81,3.65,-0.292
30.82,3.63,-0.292
30.82,3.62,-0.292
30.82,3.60,-0.292
30.82,3.58,-0.292
30.82,3.56,-0.292
30.82,3.55,-0.292
30.83,3.53,-0.292
30.83,3.51,-0.292
30.83,3.50,-0.292
30.83,3.48,-0.292
30.83,3.46,-0.292
30.83,3.45,-0.292
30.83,3.43,-0.292
30.84,3.41,-0.292
30.84,3.40,-0.292
30.84,3.38,-0.292
30.84,3.36,-0.292
30.84,3.35,-0.292
30.84,3.33,-0.291
30.85,3.31,-0.291
30.85,3.30,-0.291
30.85,3.28,-0.291
30.85,3.26,-0.291
30.85,3.25,-0.291
30.86,3.23,-0.291
30.86,3.21,-0.291
30.86,3.20,-0.291
30.86,3.18,-0.291
30.86,3.16,-0.291
30.86,3.15,-0.291
30.87,3.13,-0.291
30.87,3.11,-0.291
30.87,3.10,-0.291
30.87,3.08,-0.291
30.87,3.06,-0.291
30.87,3.05,-0.291
30.88,3.03,-0.291
30.88,3.01,-0.291
30.88,3.00,-0.291
30.88,2.98,-0.291
30.88,2.96,-0.291
30.88,2.95,-0.291
30.88,2.93,-0.291
30.89,2.91,-0.291
30.89,2.90,-0.291
30.89,2.88,-0.291
30.89,2.87,-0.291
30.89,2.85,-0.291
30.89,2.83,-0.291
30.90,2.81,-0.291
30.90,2.80,-0.291
30.90,2.78,-0.291
30.90,2.76,-0.291
30.90,2.75,-0.291
30.91,2.73,-0.291
30.91,2.71,-0.291
30.91,2.70,-0.291
30.91,2.68,-0.291
30.91,2.66,-0.291
30.91,2.65,-0.291
30.92,2.63,-0.291
30.92,2.61,-0.291
30.92,2.60,-0.291
30.92,2.58,-0.291
30.92,2.56,-0.291
30.92,2.55,-0.291
30.93,2.53,-0.291
30.93,2.51,-0.291
30.93,2.50,-0.291
30.93,2.48,-0.291
30.93,2.46,-0.291
30.93,2.45,-0.291
30.93,2.43,-0.291
30.94,2.41,-0.291
30.94,2.40,-0.291
30.94,2.38,-0.291
30.94,2.36,-0.291
30.94,2.35,-0.291
30.94,2.33,-0.291
30.95,2.31,-0.291
30.95,2.30,-0.291
30.95,2.28,-0.291
30.95,2.26,-0.291
30.95,2.25,-0.291
30.96,2.23,-0.291
30.96,2.21,-0.291
30.96,2.20,-0.291
30.96,2.18,-0.291
30.96,2.16,-0.290
30.96,2.15,-0.290
30.97,2.13,-0.290
30.97,2.11,-0.290
30.97,2.10,-0.290
30.97,2.08,-0.290
30.97,2.06,-0.290
30.97,2.05,-0.290
30.98,2.03,-0.290
30.98,2.01,-0.290
30.98,2.00,-0.290
30.98,1.98,-0.290
30.98,1.96,-0.290
30.98,1.95,-0.290
30.98,1.93,-0.290
30.99,1.91,-0.290
30.99,1.90,-0.290
30.99,1.88,-0.290
30.99,1.87,-0.290
30.99,1.85,-0.290
30.99,1.83,-0.290
31.00,1.81,-0.290
31.00,1.80,-0.290
31.00,1.78,-0.290
31.00,1.76,-0.290
31.00,1.75,-0.290
31.01,1.73,-0.290
31.01,1.71,-0.290
31.01,1.70,-0.290
31.01,1.68,-0.290
31.01,1.66,-0.290
31.01,1.65,-0.290
31.02,1.63,-0.290
31.02,1.61,-0.290
31.02,1.60,-0.290
31.02,1.58,-0.290
31.02,1.56,-0.290
31.02,1.55,-0.290
31.03,1.53,-0.290
31.03,1.51,-0.290
31.03,1.50,-0.290
31.03,1.48,-0.290
31.03,1.46,-0.290
31.03,1.45,-0.290
31.03,1.43,-0.290
31.04,1.41,-0.290
31.04,1.40,-0.290
31.04,1.38,-0.290
31.04,1.36,-0.290
31.04,1.35,-0.289
31.04,1.33,-0.289
31.05,1.31,-0.289
31.05,1.30,-0.289
31.05,1.28,-0.289
31.05,1.26,-0.289
31.05,1.25,-0.289
31.06,1.23,-0.289
31.06,1.21,-0.289
31.06,1.20,-0.289
31.06,1.18,-0.289
31.06,1.16,-0.289
31.06,1.15,-0.289
31.07,1.13,-0.289
31.07,1.11,-0.289
31.07,1.10,-0.289
31.07,1.08,-0.289
31.07,1.06,-0.289
31.07,1.05,-0.289
31.08,1.03,-0.289
31.08,1.01,-0.289
31.08,1.00,-0.289
31.08,0.98,-0.289
31.08,0.96,-0.289
31.08,0.95,-0.289
31.08,0.93,-0.289
31.09,0.91,-0.289
31.09,0.90,-0.289
31.09,0.88,-0.289
31.09,0.86,-0.289
31.09,0.84,-0.289
31.09,0.83,-0.289
31.10,0.81,-0.289
31.10,0.79,-0.289
31.10,0.78,-0.289
31.10,0.76,-0.289
31.10,0.75,-0.289
31.11,0.73,-0.289
31.11,0.71,-0.289
31.11,0.70,-0.289
31.11,0.68,-0.289
31.11,0.66,-0.289
31.11,0.65,-0.289
31.12,0.63,-0.289
31.12,0.61,-0.288
31.12,0.59,-0.288
31.12,0.58,-0.288
31.12,0.56,-0.288
31.12,0.55,-0.288
31.13,0.53,-0.288
31.13,0.51,-0.288
31.13,0.49,-0.288
31.13,0.48,-0.288
31.13,0.46,-0.288
31.13,0.45,-0.288
31.13,0.43,-0.288
31.14,0.41,-0.288
31.14,0.39,-0.288
31.14,0.38,-0.288
31.14,0.36,-0.288
31.14,0.34,-0.288
31.14,0.33,-0.288
31.15,0.31,-0.288
31.15,0.30,-0.288
31.15,0.28,-0.288
31.15,0.26,-0.288
31.15,0.24,-0.288
31.16,0.23,-0.288
31.16,0.21,-0.288
31.16,0.20,-0.288
31.16,0.18,-0.288
31.16,0.16,-0.288
31.16,0.14,-0.288
31.17,0.13,-0.288
31.17,0.11,-0.288
31.17,0.10,-0.288
31.17,0.08,-0.288
31.17,0.06,-0.287
31.17,0.04,-0.287
31.18,0.03,-0.287
31.18,0.01,-0.287
31.18,-0.01,-0.287
31.18,-0.02,-0.287
31.18,-0.04,-0.287
31.18,-0.06,-0.287
31.18,-0.07,-0.287
31.19,-0.09,-0.287
31.19,-0.11,-0.287
31.19,-0.12,-0.287
31.19,-0.14,-0.287
31.19,-0.16,-0.287
31.19,-0.17,-0.287
31.20,-0.19,-0.287
31.20,-0.21,-0.287
31.20,-0.22,-0.287
31.20,-0.24,-0.287
31.20,-0.26,-0.287
31.21,-0.27,-0.286
31.21,-0.29,-0.286
31.21,-0.31,-0.286
31.21,-0.32,-0.286
31.21,-0.34,-0.286
31.21,-0.36,-0.286
31.22,-0.37,-0.286
31.22,-0.39,-0.286
31.22,-0.41,-0.286
31.22,-0.42,-0.286
31.22,-0.44,-0.286
31.22,-0.46,-0.286
31.23,-0.47,-0.286
31.23,-0.49,-0.286
31.23,-0.51,-0.286
31.23,-0.52,-0.286
31.23,-0.54,-0.286
31.23,-0.56,-0.286
31.23,-0.57,-0.286
31.24,-0.59,-0.286
31.24,-0.61,-0.286
31.24,-0.62,-0.286
31.24,-0.64,-0.286
31.24,-0.66,-0.286
31.24,-0.67,-0.286
31.25,-0.69,-0.286
31.25,-0.71,-0.286
31.25,-0.72,-0.286
31.25,-0.74,-0.286
31.25,-0.76,-0.286
31.26,-0.77,-0.286
31.26,-0.79,-0.286
31.26,-0.81,-0.286
31.26,-0.82,-0.286
31.26,-0.84,-0.286
31.26,-0.86,-0.286
31.27,-0.88,-0.286
31.27,-0.89,-0.286
31.27,-0.91,-0.286
31.27,-0.92,-0.286
31.27,-0.94,-0.286
31.27,-0.96,-0.286
31.28,-0.97,-0.286
31.28,-0.99,-0.286
31.28,-1.01,-0.286
31.28,-1.02,-0.286
31.28,-1.04,-0.286
31.28,-1.06,-0.286
31.28,-1.07,-0.286
31.29,-1.09,-0.286
31.29,-1.11,-0.286
31.29,-1.12,-0.286
31.29,-1.14,-0.286
31.29,-1.16,-0.286
31.29,-1.17,-0.286
31.30,-1.19,-0.286
31.30,-1.21,-0.286
31.30,-1.22,-0.286
31.30,-1.24,-0.286
31.30,-1.26,-0.286
31.31,-1.27,-0.286
31.31,-1.29,-0.286
31.31,-1.31,-0.286
31.31,-1.33,-0.286
31.31,-1.34,-0.286
31.31,-1.36,-0.286
31.32,-1.38,-0.285
31.32,-1.39,-0.285
31.32,-1.41,-0.285
31.32,-1.42,-0.285
31.32,-1.44,-0.285
31.32,-1.46,-0.285
31.33,-1.48,-0.285
31.33,-1.49,-0.285
31.33,-1.51,-0.285
31.33,-1.52,-0.285
31.33,-1.54,-0.285
31.33,-1.56,-0.285
31.33,-1.57,-0.285
31.34,-1.59,-0.285
31.34,-1.61,-0.285
31.34,-1.63,-0.285
31.34,-1.64,-0.285
31.34,-1.66,-0.285
31.34,-1.67,-0.285
31.35,-1.69,-0.285
31.35,-1.71,-0.285
31.35,-1.73,-0.285
31.35,-1.74,-0.285
31.35,-1.76,-0.285
31.36,-1.77,-0.285
31.36,-1.79,-0.285
31.36,-1.81,-0.285
31.36,-1.82,-0.285
31.36,-1.84,-0.285
31.36,-1.86,-0.285
31.37,-1.88,-0.285
31.37,-1.89,-0.285
31.37,-1.91,-0.285
31.37,-1.93,-0.285
31.37,-1.94,-0.285
31.37,-1.96,-0.285
31.38,-1.98,-0.285
31.38,-1.99,-0.285
31.38,-2.01,-0.285
31.38,-2.02,-0.285
31.38,-2.04,-0.285
31.38,-2.06,-0.285
31.38,-2.08,-0.285
31.39,-2.09,-0.285
31.39,-2.11,-0.285
31.39,-2.13,-0.285
31.39,-2.14,-0.285
31.39,-2.16,-0.285
31.39,-2.17,-0.285
31.40,-2.19,-0.285
31.40,-2.21,-0.285
31.40,-2.23,-0.285
31.40,-2.24,-0.284
31.40,-2.26,-0.284
31.41,-2.28,-0.284
31.41,-2.29,-0.284
31.41,-2.31,-0.284
31.41,-2.33,-0.284
31.41,-2.34,-0.284
31.41,-2.36,-0.284
31.42,-2.38,-0.284
31.42,-2.39,-0.284
31.42,-2.41,-0.284
31.42,-2.43,-0.284
31.42,-2.44,-0.284
31.42,-2.46,-0.284
31.43,-2.48,-0.284
31.43,-2.49,-0.284
31.43,-2.51,-0.284
31.43,-2.53,-0.284
31.43,-2.54,-0.284
31.43,-2.56,-0.284
31.43,-2.58,-0.284
31.44,-2.59,-0.284
31.44,-2.61,-0.284
31.44,-2.63,-0.284
31.44,-2.64,-0.284
31.44,-2.66,-0.284
31.44,-2.68,-0.284
31.45,-2.69,-0.284
31.45,-2.71,-0.284
31.45,-2.73,-0.284
31.45,-2.74,-0.284
31.45,-2.76,-0.284
31.46,-2.78,-0.284
31.46,-2.79,-0.284
31.46,-2.81,-0.284
31.46,-2.83,-0.284
31.46,-2.84,-0.284
31.46,-2.86,-0.284
31.47,-2.88,-0.284
31.47,-2.89,-0.284
31.47,-2.91,-0.284
31.47,-2.93,-0.284
31.47,-2.94,-0.284
31.47,-2.96,-0.284
31.48,-2.98,-0.284
31.48,-2.99,-0.284
31.48,-3.01,-0.284
31.48,-3.03,-0.284
31.48,-3.04,-0.284
31.48,-3.06,-0.283
31.48,-3.08,-0.283
31.49,-3.09,-0.283
31.49,-3.11,-0.283
31.49,-3.13,-0.283
31.49,-3.14,-0.283
31.49,-3.16,-0.283
31.49,-3.18,-0.283
31.50,-3.19,-0.283
31.50,-3.21,-0.283
31.50,-3.23,-0.283
31.50,-3.24,-0.283
31.50,-3.26,-0.283
31.51,-3.28,-0.283
31.51,-3.29,-0.283
31.51,-3.31,-0.283
31.51,-3.33,-0.283
31.51,-3.34,-0.283
31.51,-3.36,-0.283
31.52,-3.38,-0.283
31.52,-3.39,-0.283
31.52,-3.41,-0.283
31.52,-3.43,-0.283
31.52,-3.44,-0.283
31.52,-3.46,-0.283
31.53,-3.48,-0.283
31.53,-3.49,-0.283
31.53,-3.51,-0.283
31.53,-3.53,-0.283
31.53,-3.54,-0.283
31.53,-3.56,-0.283
31.53,-3.58,-0.283
31.54,-3.59,-0.283
31.54,-3.61,-0.283
31.54,-3.63,-0.283
31.54,-3.64,-0.283
31.54,-3.66,-0.283
31.54,-3.68,-0.283
31.55,-3.69,-0.283
31.55,-3.71,-0.283
31.55,-3.73,-0.283
31.55,-3.74,-0.283
31.55,-3.76,-0.283
31.56,-3.78,-0.283
31.56,-3.79,-0.283
31.56,-3.81,-0.283
31.56,-3.83,-0.283
31.56,-3.84,-0.283
31.56,-3.86,-0.283
31.57,-3.88,-0.283
31.57,-3.90,-0.282
31.57,-3.91,-0.282
31.57,-3.93,-0.282
31.57,-3.94,-0.282
31.57,-3.96,-0.282
31.58,-3.98,-0.282
31.58,-3.99,-0.282
31.58,-4.01,-0.282
31.58,-4.03,-0.282
31.58,-4.04,-0.282
31.58,-4.06,-0.282
31.58,-4.08,-0.282
31.59,-4.09,-0.282
31.59,-4.11,-0.282
31.59,-4.13,-0.282
31.59,-4.14,-0.282
31.59,-4.16,-0.282
31.59,-4.18,-0.282
31.60,-4.19,-0.282
31.60,-4.21,-0.282
31.60,-4.23,-0.282
31.60,-4.25,-0.282
31.60,-4.26,-0.282
31.61,-4.28,-0.282
31.61,-4.30,-0.282
31.61,-4.31,-0.282
31.61,-4.33,-0.282
31.61,-4.34,-0.282
31.61,-4.36,-0.282
31.62,-4.38,-0.282
31.62,-4.40,-0.281
31.62,-4.41,-0.281
31.62,-4.43,-0.281
31.62,-4.45,-0.281
31.62,-4.46,-0.281
31.63,-4.48,-0.281
31.63,-4.49,-0.281
31.63,-4.51,-0.281
31.63,-4.53,-0.281
31.63,-4.55,-0.281
31.63,-4.56,-0.281
31.63,-4.58,-0.281
31.64,-4.60,-0.281
31.64,-4.61,-0.281
31.64,-4.63,-0.281
31.64,-4.65,-0.281
31.64,-4.66,-0.281
31.64,-4.68,-0.281
31.65,-4.70,-0.281
31.65,-4.71,-0.281
31.65,-4.73,-0.281
31.65,-4.74,-0.281
31.65,-4.76,-0.281
31.66,-4.78,-0.281
31.66,-4.79,-0.281
31.66,-4.81,-0.281
31.66,-4.83,-0.281
31.66,-4.85,-0.281
31.66,-4.86,-0.281
31.67,-4.88,-0.281
31.67,-4.90,-0.281
31.67,-4.91,-0.281
31.67,-4.93,-0.281
31.67,-4.95,-0.281
31.67,-4.96,-0.281
31.68,-4.98,-0.281
31.68,-5.00,-0.281
31.68,-5.01,-0.281
31.68,-5.03,-0.281
31.68,-5.05,-0.281
31.68,-5.06,-0.281
31.68,-5.08,-0.281
31.69,-5.10,-0.281
31.69,-5.11,-0.281
31.69,-5.13,-0.281
31.69,-5.15,-0.281
31.69,-5.16,-0.281
31.69,-5.18,-0.281
31.70,-5.20,-0.281
31.70,-5.21,-0.281
31.70,-5.23,-0.281
31.70,-5.24,-0.280
31.70,-5.26,-0.280
31.71,-5.28,-0.280
31.71,-5.30,-0.280
31.71,-5.31,-0.280
31.71,-5.33,-0.280
31.71,-5.35,-0.280
31.71,-5.36,-0.280
31.72,-5.38,-0.280
31.72,-5.40,-0.280
31.72,-5.41,-0.280
31.72,-5.43,-0.280
31.72,-5.45,-0.279
31.72,-5.46,-0.279
31.73,-5.48,-0.279
31.73,-5.50,-0.279
31.73,-5.51,-0.279
31.73,-5.53,-0.279
31.73,-5.55,-0.278
31.73,-5.56,-0.278
31.73,-5.58,-0.278
31.74,-5.60,-0.278
31.74,-5.61,-0.278
31.74,-5.63,-0.278
31.74,-5.65,-0.278
31.74,-5.66,-0.278
31.74,-5.68,-0.278
31.75,-5.70,-0.278
31.75,-5.72,-0.278
31.75,-5.73,-0.278
31.75,-5.75,-0.278
31.75,-5.77,-0.278
31.76,-5.78,-0.278
31.76,-5.80,-0.278
31.76,-5.82,-0.278
31.76,-5.83,-0.278
31.76,-5.85,-0.278
31.76,-5.86,-0.278
31.77,-5.88,-0.278
31.77,-5.90,-0.278
31.77,-5.91,-0.278
31.77,-5.93,-0.278
31.77,-5.95,-0.278
31.77,-5.96,-0.278
31.78,-5.98,-0.277
31.78,-6.00,-0.277
31.78,-6.01,-0.277
31.78,-6.03,-0.277
31.78,-6.05,-0.277
31.78,-6.07,-0.277
31.78,-6.08,-0.277
31.79,-6.10,-0.277
31.79,-6.12,-0.277
31.79,-6.13,-0.277
31.79,-6.15,-0.277
31.79,-6.17,-0.277
31.79,-6.18,-0.277
31.80,-6.20,-0.277
31.80,-6.22,-0.277
31.80,-6.23,-0.277
31.80,-6.25,-0.277
31.80,-6.27,-0.277
31.81,-6.28,-0.277
31.81,-6.30,-0.277
31.81,-6.32,-0.277
31.81,-6.33,-0.277
31.81,-6.35,-0.277
31.81,-6.37,-0.277
31.82,-6.38,-0.277
31.82,-6.40,-0.277
31.82,-6.42,-0.277
31.82,-6.43,-0.277
31.82,-6.45,-0.277
31.82,-6.47,-0.277
31.83,-6.48,-0.277
31.83,-6.50,-0.277
31.83,-6.52,-0.277
31.83,-6.53,-0.277
31.83,-6.55,-0.277
31.83,-6.57,-0.277
31.83,-6.58,-0.277
31.84,-6.60,-0.277
31.84,-6.62,-0.277
31.84,-6.63,-0.277
31.84,-6.65,-0.277
31.84,-6.67,-0.277
31.84,-6.68,-0.277
31.85,-6.70,-0.277
31.85,-6.72,-0.277
31.85,-6.73,-0.277
31.85,-6.75,-0.277
31.85,-6.76,-0.277
31.86,-6.78,-0.277
31.86,-6.80,-0.277
31.86,-6.81,-0.277
31.86,-6.83,-0.277
31.86,-6.85,-0.277
31.86,-6.87,-0.277
31.87,-6.88,-0.277
31.87,-6.90,-0.277
31.87,-6.92,-0.277
31.87,-6.93,-0.277
31.87,-6.95,-0.277
31.87,-6.97,-0.277
31.88,-6.98,-0.277
31.88,-7.00,-0.277
31.88,-7.01,-0.277
31.88,-7.03,-0.277
31.88,-7.05,-0.277
31.88,-7.06,-0.277
31.88,-7.08,-0.277
31.89,-7.10,-0.277
31.89,-7.12,-0.277
31.89,-7.13,-0.277
31.89,-7.15,-0.277
31.89,-7.17,-0.277
31.89,-7.18,-0.277
31.90,-7.20,-0.277
31.90,-7.22,-0.277
31.90,-7.23,-0.277
31.90,-7.25,-0.277
31.90,-7.27,-0.277
31.91,-7.28,-0.277
31.91,-7.30,-0.277
31.91,-7.32,-0.276
31.91,-7.33,-0.276
31.91,-7.35,-0.276
31.91,-7.37,-0.276
31.92,-7.38,-0.276
31.92,-7.40,-0.276
31.92,-7.41,-0.276
31.92,-7.43,-0.276
31.92,-7.45,-0.276
31.92,-7.47,-0.276
31.93,-7.48,-0.276
31.93,-7.50,-0.276
31.93,-7.52,-0.276
31.93,-7.53,-0.276
31.93,-7.55,-0.276
31.93,-7.57,-0.276
31.93,-7.58,-0.276
31.94,-7.60,-0.276
31.94,-7.62,-0.276
31.94,-7.63,-0.276
31.94,-7.65,-0.276
31.94,-7.67,-0.276
31.94,-7.68,-0.276
31.95,-7.70,-0.276
31.95,-7.72,-0.276
31.95,-7.73,-0.276
31.95,-7.75,-0.276
31.95,-7.77,-0.276
31.96,-7.78,-0.276
31.96,-7.80,-0.276
31.96,-7.82,-0.276
31.96,-7.83,-0.276
31.96,-7.85,-0.276
31.96,-7.87,-0.276
31.97,-7.88,-0.276
31.97,-7.90,-0.276
31.97,-7.92,-0.276
31.97,-7.93,-0.276
31.97,-7.95,-0.276
31.97,-7.97,-0.276
31.98,-7.99,-0.276
31.98,-8.00,-0.276
31.98,-8.02,-0.276
31.98,-8.03,-0.276
31.98,-8.05,-0.276
31.98,-8.07,-0.276
31.98,-8.08,-0.276
31.99,-8.10,-0.276
31.99,-8.12,-0.276
31.99,-8.13,-0.276
31.99,-8.15,-0.276
31.99,-8.17,-0.276
31.99,-8.18,-0.276
32.00,-8.20,-0.276
32.00,-8.22,-0.276
32.00,-8.23,-0.276
32.00,-8.25,-0.275
32.00,-8.27,-0.275
32.01,-8.28,-0.275
32.01,-8.30,-0.275
32.01,-8.32,-0.275
32.01,-8.33,-0.275
32.01,-8.35,-0.275
32.01,-8.37,-0.275
32.02,-8.38,-0.275
32.02,-8.40,-0.275
32.02,-8.42,-0.275
32.02,-8.43,-0.275
32.02,-8.45,-0.275
32.02,-8.47,-0.275
32.03,-8.48,-0.275
32.03,-8.50,-0.275
32.03,-8.52,-0.275
32.03,-8.53,-0.275
32.03,-8.55,-0.275
32.03,-8.57,-0.275
32.03,-8.58,-0.275
32.04,-8.60,-0.275
32.04,-8.62,-0.275
32.04,-8.63,-0.275
32.04,-8.65,-0.275
32.04,-8.67,-0.275
32.04,-8.69,-0.275
32.05,-8.70,-0.275
32.05,-8.72,-0.275
32.05,-8.73,-0.275
32.05,-8.75,-0.275
32.05,-8.77,-0.275
32.06,-8.78,-0.275
32.06,-8.80,-0.275
32.06,-8.82,-0.275
32.06,-8.83,-0.275
32.06,-8.85,-0.275
32.06,-8.87,-0.275
32.07,-8.88,-0.275
32.07,-8.90,-0.275
32.07,-8.92,-0.275
32.07,-8.93,-0.275
32.07,-8.95,-0.275
32.07,-8.97,-0.274
32.08,-8.98,-0.274
32.08,-9.00,-0.274
32.08,-9.02,-0.274
32.08,-9.04,-0.274
32.08,-9.05,-0.274
32.08,-9.07,-0.274
32.08,-9.08,-0.274
32.09,-9.10,-0.274
32.09,-9.12,-0.274
32.09,-9.14,-0.274
32.09,-9.15,-0.274
32.09,-9.17,-0.274
32.09,-9.19,-0.274
32.10,-9.20,-0.274
32.10,-9.22,-0.274
32.10,-9.24,-0.274
32.10,-9.25,-0.274
32.10,-9.27,-0.274
32.11,-9.28,-0.274
32.11,-9.30,-0.274
32.11,-9.32,-0.274
32.11,-9.33,-0.274
32.11,-9.35,-0.274
32.11,-9.37,-0.274
32.12,-9.38,-0.274
32.12,-9.40,-0.274
32.12,-9.42,-0.274
32.12,-9.43,-0.274
32.12,-9.45,-0.274
32.12,-9.47,-0.274
32.13,-9.48,-0.274
32.13,-9.50,-0.274
32.13,-9.52,-0.274
32.13,-9.54,-0.274
32.13,-9.55,-0.274
32.13,-9.57,-0.274
32.13,-9.59,-0.274
32.14,-9.60,-0.274
32.14,-9.62,-0.274
32.14,-9.64,-0.274
32.14,-9.65,-0.274
32.14,-9.67,-0.274
32.14,-9.69,-0.273
32.15,-9.70,-0.273
32.15,-9.72,-0.273
32.15,-9.74,-0.273
32.15,-9.75,-0.273
32.15,-9.77,-0.273
32.16,-9.79,-0.273
32.16,-9.80,-0.273
32.16,-9.82,-0.273
32.16,-9.84,-0.273
32.16,-9.85,-0.273
32.16,-9.87,-0.273
32.17,-9.89,-0.273
32.17,-9.90,-0.273
32.17,-9.92,-0.273
32.17,-9.94,-0.273
32.17,-9.95,-0.273
32.17,-9.97,-0.273
32.18,-9.99,-0.273
32.18,-10.00,-0.273
32.18,-10.02,-0.273
32.18,-10.04,-0.273
32.18,-10.05,-0.273
32.18,-10.07,-0.273
32.18,-10.09,-0.273
32.19,-10.10,-0.273
32.19,-10.12,-0.273
32.19,-10.14,-0.273
32.19,-10.15,-0.273
32.19,-10.17,-0.273
32.19,-10.19,-0.273
32.20,-10.20,-0.273
32.20,-10.22,-0.273
32.20,-10.24,-0.273
32.20,-10.25,-0.273
32.20,-10.27,-0.273
32.21,-10.29,-0.273
32.21,-10.30,-0.273
32.21,-10.32,-0.273
32.21,-10.34,-0.273
32.21,-10.35,-0.273
32.21,-10.37,-0.273
32.22,-10.39,-0.273
32.22,-10.40,-0.272
32.22,-10.42,-0.272
32.22,-10.44,-0.272
32.22,-10.45,-0.272
32.22,-10.47,-0.272
32.23,-10.49,-0.272
32.23,-10.50,-0.272
32.23,-10.52,-0.272
32.23,-10.54,-0.272
32.23,-10.55,-0.272
32.23,-10.57,-0.272
32.23,-10.59,-0.272
32.24,-10.60,-0.272
32.24,-10.62,-0.272
32.24,-10.64,-0.272
32.24,-10.65,-0.272
32.24,-10.67,-0.272
32.24,-10.69,-0.272
32.25,-10.70,-0.272
32.25,-10.72,-0.272
32.25,-10.74,-0.272
32.25,-10.75,-0.272
32.25,-10.77,-0.272
32.26,-10.79,-0.272
32.26,-10.80,-0.272
32.26,-10.82,-0.272
32.26,-10.84,-0.272
32.26,-10.85,-0.272
32.26,-10.87,-0.272
32.27,-10.89,-0.272
32.27,-10.91,-0.272
32.27,-10.92,-0.272
32.27,-10.94,-0.272
32.27,-10.95,-0.272
32.27,-10.97,-0.272
32.28,-10.99,-0.272
32.28,-11.00,-0.272
32.28,-11.02,-0.272
32.28,-11.04,-0.272
32.28,-11.05,-0.272
32.28,-11.07,-0.272
32.28,-11.09,-0.272
32.29,-11.10,-0.272
32.29,-11.12,-0.272
32.29,-11.14,-0.272
32.29,-11.15,-0.272
32.29,-11.17,-0.272
32.29,-11.19,-0.272
32.30,-11.20,-0.272
32.30,-11.22,-0.272
32.30,-11.24,-0.272
32.30,-11.25,-0.272
32.30,-11.27,-0.272
32.31,-11.29,-0.272
32.31,-11.30,-0.271
32.31,-11.32,-0.271
32.31,-11.34,-0.271
32.31,-11.35,-0.271
32.31,-11.37,-0.271
32.32,-11.39,-0.271
32.32,-11.41,-0.271
32.32,-11.42,-0.271
32.32,-11.44,-0.271
32.32,-11.45,-0.271
32.32,-11.47,-0.271
32.33,-11.49,-0.271
32.33,-11.50,-0.271
32.33,-11.52,-0.271
32.33,-11.54,-0.271
32.33,-11.56,-0.271
32.33,-11.57,-0.271
32.33,-11.59,-0.271
32.34,-11.60,-0.271
32.34,-11.62,-0.271
32.34,-11.64,-0.271
32.34,-11.65,-0.271
32.34,-11.67,-0.271
32.34,-11.69,-0.271
32.35,-11.71,-0.271
32.35,-11.72,-0.271
32.35,-11.74,-0.271
32.35,-11.75,-0.271
32.35,-11.77,-0.271
32.36,-11.79,-0.271
32.36,-11.80,-0.271
32.36,-11.82,-0.271
32.36,-11.84,-0.271
32.36,-11.85,-0.271
32.36,-11.87,-0.271
32.37,-11.89,-0.271
32.37,-11.90,-0.271
32.37,-11.92,-0.271
32.37,-11.94,-0.271
32.37,-11.96,-0.271
32.37,-11.97,-0.271
32.38,-11.99,-0.271
32.38,-12.01,-0.271
32.38,-12.02,-0.271
32.38,-12.04,-0.271
32.38,-12.06,-0.271
32.38,-12.07,-0.271
32.38,-12.09,-0.271
32.39,-12.10,-0.271
32.39,-12.12,-0.271
32.39,-12.14,-0.271
32.39,-12.16,-0.271
32.39,-12.17,-0.271
32.39,-12.19,-0.271
32.40,-12.21,-0.271
32.40,-12.22,-0.271
32.40,-12.24,-0.271
32.40,-12.26,-0.271
32.40,-12.27,-0.271
32.41,-12.29,-0.271
32.41,-12.31,-0.271
32.41,-12.32,-0.271
32.41,-12.34,-0.271
32.41,-12.36,-0.271
32.41,-12.37,-0.271
32.42,-12.39,-0.271
32.42,-12.41,-0.270
32.42,-12.42,-0.270
32.42,-12.44,-0.270
32.42,-12.46,-0.270
32.42,-12.47,-0.270
32.43,-12.49,-0.270
32.43,-12.51,-0.270
32.43,-12.52,-0.270
32.43,-12.54,-0.270
32.43,-12.56,-0.270
32.43,-12.57,-0.270
32.43,-12.59,-0.270
32.44,-12.61,-0.270
32.44,-12.62,-0.270
32.44,-12.64,-0.270
32.44,-12.66,-0.270
32.44,-12.67,-0.270
32.44,-12.69,-0.270
32.45,-12.71,-0.270
32.45,-12.72,-0.270
32.45,-12.74,-0.270
32.45,-12.75,-0.270
32.45,-12.77,-0.270
32.46,-12.79,-0.270
32.46,-12.81,-0.270
32.46,-12.82,-0.270
32.46,-12.84,-0.270
32.46,-12.86,-0.270
32.46,-12.87,-0.270
32.47,-12.89,-0.270
32.47,-12.91,-0.270
32.47,-12.92,-0.270
32.47,-12.94,-0.270
32.47,-12.96,-0.270
32.47,-12.97,-0.270
32.48,-12.99,-0.270
32.48,-13.01,-0.270
32.48,-13.02,-0.270
32.48,-13.04,-0.270
32.48,-13.06,-0.270
32.48,-13.07,-0.270
32.48,-13.09,-0.270
32.49,-13.11,-0.270
32.49,-13.12,-0.270
32.49,-13.14,-0.270
32.49,-13.16,-0.270
32.49,-13.17,-0.270
32.49,-13.19,-0.270
32.50,-13.21,-0.270
32.50,-13.22,-0.270
32.50,-13.24,-0.270
32.50,-13.26,-0.270
32.50,-13.27,-0.270
32.51,-13.29,-0.270
32.51,-13.31,-0.269
32.51,-13.32,-0.269
32.51,-13.34,-0.269
32.51,-13.36,-0.269
32.51,-13.37,-0.269
32.52,-13.39,-0.269
32.52,-13.41,-0.269
32.52,-13.42,-0.269
32.52,-13.44,-0.269
32.52,-13.46,-0.269
32.52,-13.47,-0.269
32.53,-13.49,-0.269
32.53,-13.51,-0.269
32.53,-13.52,-0.269
32.53,-13.54,-0.269
32.53,-13.56,-0.269
32.53,-13.57,-0.269
32.53,-13.59,-0.269
32.54,-13.61,-0.269
32.54,-13.62,-0.269
32.54,-13.64,-0.269
32.54,-13.66,-0.269
32.54,-13.67,-0.269
32.54,-13.69,-0.269
32.55,-13.71,-0.269
32.55,-13.72,-0.269
32.55,-13.74,-0.269
32.55,-13.76,-0.269
32.55,-13.77,-0.269
32.56,-13.79,-0.269
32.56,-13.81,-0.269
32.56,-13.83,-0.269
32.56,-13.84,-0.269
32.56,-13.86,-0.269
32.56,-13.87,-0.269
32.57,-13.89,-0.269
32.57,-13.91,-0.269
32.57,-13.92,-0.268
32.57,-13.94,-0.268
32.57,-13.96,-0.268
32.57,-13.97,-0.268
32.58,-13.99,-0.268
32.58,-14.01,-0.268
32.58,-14.02,-0.268
32.58,-14.04,-0.268
32.58,-14.06,-0.268
32.58,-14.07,-0.268
32.58,-14.09,-0.268
32.59,-14.11,-0.268
32.59,-14.12,-0.268
32.59,-14.14,-0.268
32.59,-14.16,-0.268
32.59,-14.17,-0.268
32.59,-14.19,-0.268
32.60,-14.21,-0.268
32.60,-14.22,-0.268
32.60,-14.24,-0.268
32.60,-14.26,-0.268
32.60,-14.27,-0.268
32.61,-14.29,-0.268
32.61,-14.31,-0.268
32.61,-14.32,-0.268
32.61,-14.34,-0.268
32.61,-14.36,-0.268
32.61,-14.37,-0.268
32.62,-14.39,-0.268
32.62,-14.41,-0.268
32.62,-14.42,-0.268
32.62,-14.44,-0.267
32.62,-14.46,-0.267
32.62,-14.48,-0.267
32.63,-14.49,-0.267
32.63,-14.51,-0.267
32.63,-14.53,-0.267
32.63,-14.54,-0.267
32.63,-14.56,-0.267
32.63,-14.58,-0.267
32.63,-14.59,-0.267
32.64,-14.61,-0.267
32.64,-14.62,-0.267
32.64,-14.64,-0.267
32.64,-14.66,-0.267
32.64,-14.67,-0.267
32.64,-14.69,-0.267
32.65,-14.71,-0.267
32.65,-14.72,-0.267
32.65,-14.74,-0.267
32.65,-14.76,-0.267
32.65,-14.78,-0.267
32.66,-14.79,-0.267
32.66,-14.81,-0.267
32.66,-14.83,-0.267
32.66,-14.84,-0.267
32.66,-14.86,-0.267
32.66,-14.87,-0.267
32.67,-14.89,-0.267
32.67,-14.91,-0.267
32.67,-14.93,-0.267
32.67,-14.94,-0.267
32.67,-14.96,-0.267
32.67,-14.97,-0.267
32.68,-14.99,-0.267
32.68,-15.01,-0.267
32.68,-15.03,-0.267
32.68,-15.04,-0.267
32.68,-15.06,-0.267
32.68,-15.08,-0.267
32.68,-15.09,-0.267
32.69,-15.11,-0.267
32.69,-15.12,-0.267
32.69,-15.14,-0.267
32.69,-15.16,-0.267
32.69,-15.17,-0.267
32.69,-15.19,-0.267
32.70,-15.21,-0.267
32.70,-15.22,-0.267
32.70,-15.24,-0.267
32.70,-15.26,-0.267
32.70,-15.27,-0.267
32.71,-15.29,-0.267
32.71,-15.31,-0.267
32.71,-15.32,-0.267
32.71,-15.34,-0.267
32.71,-15.36,-0.267
32.71,-15.38,-0.267
32.72,-15.39,-0.267
32.72,-15.41,-0.267
32.72,-15.42,-0.267
32.72,-15.44,-0.266
32.72,-15.46,-0.266
32.72,-15.47,-0.266
32.73,-15.49,-0.266
32.73,-15.51,-0.266
32.73,-15.53,-0.266
32.73,-15.54,-0.266
32.73,-15.56,-0.266
32.73,-15.58,-0.266
32.73,-15.59,-0.266
32.74,-15.61,-0.266
32.74,-15.63,-0.266
32.74,-15.64,-0.266
32.74,-15.66,-0.266
32.74,-15.68,-0.266
32.74,-15.69,-0.266
32.75,-15.71,-0.266
32.75,-15.73,-0.266
32.75,-15.74,-0.266
32.75,-15.76,-0.266
32.75,-15.77,-0.266
32.76,-15.79,-0.266
32.76,-15.81,-0.266
32.76,-15.83,-0.266
32.76,-15.84,-0.266
32.76,-15.86,-0.266
32.76,-15.88,-0.266
32.77,-15.89,-0.266
32.77,-15.91,-0.266
32.77,-15.93,-0.266
32.77,-15.94,-0.266
32.77,-15.96,-0.266
32.77,-15.98,-0.266
32.78,-15.99,-0.266
32.78,-16.01,-0.266
32.78,-16.02,-0.266
32.78,-16.04,-0.266
32.78,-16.06,-0.266
32.78,-16.08,-0.266
32.78,-16.09,-0.266
32.79,-16.11,-0.266
32.79,-16.13,-0.266
32.79,-16.14,-0.266
32.79,-16.16,-0.266
32.79,-16.17,-0.266
32.79,-16.19,-0.266
32.80,-16.21,-0.266
32.80,-16.22,-0.266
32.80,-16.24,-0.266
32.80,-16.26,-0.266
32.80,-16.28,-0.266
32.81,-16.29,-0.266
32.81,-16.31,-0.266
32.81,-16.33,-0.266
32.81,-16.34,-0.266
32.81,-16.36,-0.266
32.81,-16.38,-0.266
32.82,-16.39,-0.266
32.82,-16.41,-0.266
32.82,-16.42,-0.266
32.82,-16.44,-0.266
32.82,-16.46,-0.266
32.82,-16.48,-0.266
32.83,-16.49,-0.266
32.83,-16.51,-0.265
32.83,-16.53,-0.265
32.83,-16.54,-0.265
32.83,-16.56,-0.265
32.83,-16.58,-0.265
32.83,-16.59,-0.265
32.84,-16.61,-0.265
32.84,-16.63,-0.265
32.84,-16.64,-0.265
32.84,-16.66,-0.265
32.84,-16.68,-0.265
32.84,-16.69,-0.265
32.85,-16.71,-0.265
32.85,-16.73,-0.265
32.85,-16.74,-0.265
32.85,-16.76,-0.265
32.85,-16.77,-0.265
32.86,-16.79,-0.265
32.86,-16.81,-0.265
32.86,-16.83,-0.265
32.86,-16.84,-0.265
32.86,-16.86,-0.265
32.86,-16.87,-0.265
32.87,-16.89,-0.265
32.87,-16.91,-0.265
32.87,-16.93,-0.265
32.87,-16.94,-0.265
32.87,-16.96,-0.265
32.87,-16.98,-0.265
32.88,-16.99,-0.265
32.88,-17.01,-0.265
32.88,-17.03,-0.265
32.88,-17.04,-0.265
32.88,-17.06,-0.265
32.88,-17.08,-0.265
32.88,-17.09,-0.265
32.89,-17.11,-0.265
32.89,-17.13,-0.265
32.89,-17.14,-0.265
32.89,-17.16,-0.265
32.89,-17.18,-0.265
32.89,-17.19,-0.265
32.90,-17.21,-0.265
32.90,-17.23,-0.265
32.90,-17.24,-0.265
32.90,-17.26,-0.265
32.90,-17.28,-0.265
32.91,-17.29,-0.265
32.91,-17.31,-0.265
32.91,-17.33,-0.265
32.91,-17.34,-0.265
32.91,-17.36,-0.265
32.91,-17.38,-0.265
32.92,-17.39,-0.265
32.92,-17.41,-0.265
32.92,-17.43,-0.265
32.92,-17.44,-0.264
32.92,-17.46,-0.264
32.92,-17.48,-0.264
32.93,-17.49,-0.264
32.93,-17.51,-0.264
32.93,-17.53,-0.264
32.93,-17.54,-0.264
32.93,-17.56,-0.264
32.93,-17.58,-0.264
32.93,-17.59,-0.264
32.94,-17.61,-0.264
32.94,-17.63,-0.264
32.94,-17.64,-0.264
32.94,-17.66,-0.264
32.94,-17.68,-0.264
32.94,-17.69,-0.264
32.95,-17.71,-0.264
32.95,-17.73,-0.264
32.95,-17.74,-0.264
32.95,-17.76,-0.264
32.95,-17.78,-0.264
32.96,-17.79,-0.264
32.96,-17.81,-0.263
32.96,-17.83,-0.263
32.96,-17.84,-0.263
32.96,-17.86,-0.263
32.96,-17.88,-0.263
32.97,-17.89,-0.263
32.97,-17.91,-0.263
32.97,-17.93,-0.263
32.97,-17.94,-0.263
32.97,-17.96,-0.263
32.97,-17.98,-0.263
32.98,-17.99,-0.263
32.98,-18.01,-0.263
32.98,-18.03,-0.263
32.98,-18.04,-0.263
32.98,-18.06,-0.263
32.98,-18.08,-0.263
32.98,-18.09,-0.263
32.99,-18.11,-0.263
32.99,-18.13,-0.263
32.99,-18.14,-0.263
32.99,-18.16,-0.263
32.99,-18.18,-0.263
32.99,-18.19,-0.263
33.00,-18.21,-0.263
33.00,-18.23,-0.263
33.00,-18.24,-0.263
33.00,-18.26,-0.262
33.00,-18.28,-0.262
33.01,-18.29,-0.262
33.01,-18.31,-0.262
33.01,-18.33,-0.262
33.01,-18.34,-0.262
33.01,-18.36,-0.262
33.01,-18.38,-0.262
33.02,-18.39,-0.262
33.02,-18.41,-0.262
33.02,-18.43,-0.262
33.02,-18.44,-0.262
33.02,-18.46,-0.262
33.02,-18.48,-0.262
33.03,-18.49,-0.262
33.03,-18.51,-0.262
33.03,-18.53,-0.262
33.03,-18.54,-0.262
33.03,-18.56,-0.262
33.03,-18.58,-0.262
33.03,-18.59,-0.262
33.04,-18.61,-0.262
33.04,-18.63,-0.262
33.04,-18.65,-0.262
33.04,-18.66,-0.262
33.04,-18.68,-0.262
33.04,-18.69,-0.262
33.05,-18.71,-0.262
33.05,-18.73,-0.262
33.05,-18.74,-0.262
33.05,-18.76,-0.262
33.05,-18.78,-0.262
33.06,-18.79,-0.262
33.06,-18.81,-0.262
33.06,-18.83,-0.262
33.06,-18.84,-0.262
33.06,-18.86,-0.262
33.06,-18.88,-0.262
33.07,-18.90,-0.262
33.07,-18.91,-0.262
33.07,-18.93,-0.262
33.07,-18.94,-0.262
33.07,-18.96,-0.262
33.07,-18.98,-0.262
33.08,-18.99,-0.262
33.08,-19.01,-0.262
33.08,-19.03,-0.262
33.08,-19.04,-0.262
33.08,-19.06,-0.262
33.08,-19.08,-0.262
33.08,-19.09,-0.262
33.09,-19.11,-0.262
33.09,-19.13,-0.262
33.09,-19.14,-0.262
33.09,-19.16,-0.262
33.09,-19.18,-0.262
33.09,-19.19,-0.262
33.10,-19.21,-0.262
33.10,-19.23,-0.262
33.10,-19.24,-0.262
33.10,-19.26,-0.262
33.10,-19.28,-0.262
33.11,-19.29,-0.262
33.11,-19.31,-0.262
33.11,-19.33,-0.262
33.11,-19.35,-0.262
33.11,-19.36,-0.262
33.11,-19.38,-0.262
33.12,-19.39,-0.262
33.12,-19.41,-0.262
33.12,-19.43,-0.262
33.12,-19.44,-0.262
33.12,-19.46,-0.262
33.12,-19.48,-0.261
33.13,-19.49,-0.261
33.13,-19.51,-0.261
33.13,-19.53,-0.261
33.13,-19.55,-0.261
33.13,-19.56,-0.261
33.13,-19.58,-0.261
33.13,-19.59,-0.261
33.14,-19.61,-0.261
33.14,-19.63,-0.261
33.14,-19.64,-0.261
33.14,-19.66,-0.261
33.14,-19.68,-0.261
33.14,-19.69,-0.261
33.15,-19.71,-0.261
33.15,-19.73,-0.261
33.15,-19.74,-0.261
33.15,-19.76,-0.261
33.15,-19.78,-0.261
33.16,-19.80,-0.261
33.16,-19.81,-0.261
33.16,-19.83,-0.261
33.16,-19.84,-0.261
33.16,-19.86,-0.261
33.16,-19.88,-0.261
33.17,-19.89,-0.261
33.17,-19.91,-0.261
33.17,-19.93,-0.261
33.17,-19.94,-0.261
33.17,-19.96,-0.261
33.17,-19.98,-0.261
33.18,-19.99,-0.261
33.18,-20.01,-0.261
33.18,-20.03,-0.261
33.18,-20.04,-0.261
33.18,-20.06,-0.261
33.18,-20.08,-0.261
33.18,-20.09,-0.261
33.19,-20.11,-0.261
33.19,-20.13,-0.261
33.19,-20.14,-0.261
33.19,-20.16,-0.261
33.19,-20.18,-0.261
33.19,-20.19,-0.261
33.20,-20.21,-0.261
33.20,-20.23,-0.261
33.20,-20.24,-0.261
33.20,-20.26,-0.261
33.20,-20.28,-0.261
33.21,-20.29,-0.261
33.21,-20.31,-0.261
33.21,-20.33,-0.261
33.21,-20.34,-0.261
33.21,-20.36,-0.261
33.21,-20.38,-0.261
33.22,-20.39,-0.261
33.22,-20.41,-0.261
33.22,-20.43,-0.261
33.22,-20.44,-0.261
33.22,-20.46,-0.261
33.22,-20.48,-0.261
33.23,-20.49,-0.261
33.23,-20.51,-0.261
33.23,-20.53,-0.261
33.23,-20.54,-0.261
33.23,-20.56,-0.261
33.23,-20.58,-0.261
33.23,-20.59,-0.261
33.24,-20.61,-0.261
33.24,-20.63,-0.261
33.24,-20.64,-0.261
33.24,-20.66,-0.261
33.24,-20.68,-0.261
33.24,-20.69,-0.261
33.25,-20.71,-0.260
33.25,-20.73,-0.260
33.25,-20.74,-0.260
33.25,-20.76,-0.260
33.25,-20.78,-0.260
33.26,-20.80,-0.260
33.26,-20.81,-0.260
33.26,-20.83,-0.260
33.26,-20.84,-0.260
33.26,-20.86,-0.260
33.26,-20.88,-0.260
33.27,-20.89,-0.260
33.27,-20.91,-0.260
33.27,-20.93,-0.260
33.27,-20.94,-0.260
33.27,-20.96,-0.260
33.27,-20.98,-0.260
33.28,-20.99,-0.260
33.28,-21.01,-0.260
33.28,-21.03,-0.260
33.28,-21.04,-0.260
33.28,-21.06,-0.260
33.28,-21.08,-0.260
33.28,-21.10,-0.260
33.29,-21.11,-0.260
33.29,-21.13,-0.260
33.29,-21.14,-0.260
33.29,-21.16,-0.260
33.29,-21.18,-0.260
33.29,-21.19,-0.260
33.30,-21.21,-0.260
33.30,-21.23,-0.260
33.30,-21.24,-0.260
33.30,-21.26,-0.260
33.30,-21.28,-0.260
33.31,-21.29,-0.260
33.31,-21.31,-0.260
33.31,-21.33,-0.260
33.31,-21.34,-0.260
33.31,-21.36,-0.260
33.31,-21.38,-0.260
33.32,-21.39,-0.260
33.32,-21.41,-0.260
33.32,-21.43,-0.260
33.32,-21.44,-0.260
33.32,-21.46,-0.260
33.32,-21.48,-0.260
33.33,-21.50,-0.260
33.33,-21.51,-0.260
33.33,-21.53,-0.260
33.33,-21.55,-0.260
33.33,-21.56,-0.260
33.33,-21.58,-0.260
33.33,-21.59,-0.260
33.34,-21.61,-0.260
33.34,-21.63,-0.260
33.34,-21.64,-0.260
33.34,-21.66,-0.260
33.34,-21.68,-0.260
33.34,-21.70,-0.260
33.35,-21.71,-0.260
33.35,-21.73,-0.260
33.35,-21.75,-0.260
33.35,-21.76,-0.260
33.35,-21.78,-0.260
33.36,-21.80,-0.260
33.36,-21.81,-0.260
33.36,-21.83,-0.259
33.36,-21.85,-0.259
33.36,-21.86,-0.259
33.36,-21.88,-0.259
33.37,-21.89,-0.259
33.37,-21.91,-0.259
33.37,-21.93,-0.259
33.37,-21.95,-0.259
33.37,-21.96,-0.259
33.37,-21.98,-0.259
33.38,-21.99,-0.259
33.38,-22.01,-0.259
33.38,-22.03,-0.259
33.38,-22.04,-0.259
33.38,-22.06,-0.259
33.38,-22.08,-0.259
33.38,-22.10,-0.259
33.39,-22.11,-0.259
33.39,-22.13,-0.259
33.39,-22.15,-0.259
33.39,-22.16,-0.259
33.39,-22.18,-0.259
33.39,-22.20,-0.259
33.40,-22.21,-0.259
33.40,-22.23,-0.259
33.40,-22.25,-0.259
33.40,-22.26,-0.259
33.40,-22.28,-0.259
33.41,-22.29,-0.259
33.41,-22.31,-0.259
33.41,-22.33,-0.259
33.41,-22.35,-0.259
33.41,-22.36,-0.259
33.41,-22.38,-0.259
33.42,-22.40,-0.259
33.42,-22.41,-0.259
33.42,-22.43,-0.259
33.42,-22.45,-0.259
33.42,-22.46,-0.259
33.42,-22.48,-0.259
33.43,-22.50,-0.259
33.43,-22.51,-0.259
33.43,-22.53,-0.259
33.43,-22.54,-0.259
33.43,-22.56,-0.259
33.43,-22.58,-0.259
33.43,-22.60,-0.259
33.44,-22.61,-0.259
33.44,-22.63,-0.259
33.44,-22.65,-0.259
33.44,-22.66,-0.259
33.44,-22.68,-0.259
33.44,-22.70,-0.259
33.45,-22.71,-0.259
33.45,-22.73,-0.259
33.45,-22.74,-0.259
33.45,-22.76,-0.259
33.45,-22.78,-0.259
33.46,-22.80,-0.259
33.46,-22.81,-0.259
33.46,-22.83,-0.258
33.46,-22.84,-0.258
33.46,-22.86,-0.258
33.46,-22.88,-0.258
33.47,-22.89,-0.258
33.47,-22.91,-0.258
33.47,-22.93,-0.258
33.47,-22.95,-0.258
33.47,-22.96,-0.258
33.47,-22.98,-0.258
33.48,-22.99,-0.258
33.48,-23.01,-0.258
33.48,-23.03,-0.258
33.48,-23.04,-0.258
33.48,-23.06,-0.258
33.48,-23.08,-0.258
33.48,-23.09,-0.258
33.49,-23.11,-0.258
33.49,-23.13,-0.258
33.49,-23.15,-0.258
33.49,-23.16,-0.258
33.49,-23.18,-0.258
33.49,-23.20,-0.258
33.50,-23.21,-0.258
33.50,-23.23,-0.258
33.50,-23.25,-0.258
33.50,-23.26,-0.258
33.50,-23.28,-0.258
33.51,-23.30,-0.258
33.51,-23.31,-0.258
33.51,-23.33,-0.258
33.51,-23.35,-0.258
33.51,-23.36,-0.258
33.51,-23.38,-0.257
33.52,-23.40,-0.257
33.52,-23.41,-0.257
33.52,-23.43,-0.257
33.52,-23.44,-0.257
33.52,-23.46,-0.257
33.52,-23.48,-0.257
33.53,-23.50,-0.257
33.53,-23.51,-0.257
33.53,-23.53,-0.257
33.53,-23.55,-0.256
33.53,-23.56,-0.256
33.53,-23.58,-0.256
33.53,-23.60,-0.256
33.54,-23.61,-0.256
33.54,-23.63,-0.256
33.54,-23.65,-0.256
33.54,-23.66,-0.256
33.54,-23.68,-0.256
33.54,-23.70,-0.256
33.55,-23.71,-0.256
33.55,-23.73,-0.256
33.55,-23.75,-0.255
33.55,-23.76,-0.255
33.55,-23.78,-0.255
33.56,-23.80,-0.255
33.56,-23.81,-0.255
33.56,-23.83,-0.255
33.56,-23.85,-0.255
33.56,-23.86,-0.255
33.56,-23.88,-0.255
33.57,-23.90,-0.255
33.57,-23.91,-0.255
33.57,-23.93,-0.255
33.57,-23.95,-0.255
33.57,-23.96,-0.255
33.57,-23.98,-0.255
33.58,-24.00,-0.255
33.58,-24.01,-0.255
33.58,-24.03,-0.255
33.58,-24.05,-0.255
33.58,-24.06,-0.255
33.58,-24.08,-0.255
33.58,-24.10,-0.255
33.59,-24.11,-0.255
33.59,-24.13,-0.255
33.59,-24.15,-0.255
33.59,-24.16,-0.255
33.59,-24.18,-0.255
33.59,-24.20,-0.255
33.60,-24.21,-0.255
33.60,-24.23,-0.255
33.60,-24.25,-0.255
33.60,-24.26,-0.255
33.60,-24.28,-0.255
33.61,-24.30,-0.255
33.61,-24.31,-0.255
33.61,-24.33,-0.255
33.61,-24.35,-0.255
33.61,-24.36,-0.255
33.61,-24.38,-0.255
33.62,-24.40,-0.255
33.62,-24.41,-0.255
33.62,-24.43,-0.255
33.62,-24.45,-0.255
33.62,-24.46,-0.255
33.62,-24.48,-0.255
33.63,-24.50,-0.255
33.63,-24.51,-0.255
33.63,-24.53,-0.255
33.63,-24.55,-0.255
33.63,-24.56,-0.255
33.63,-24.58,-0.255
33.63,-24.60,-0.255
33.64,-24.61,-0.255
33.64,-24.63,-0.255
33.64,-24.65,-0.255
33.64,-24.66,-0.255
33.64,-24.68,-0.255
33.64,-24.70,-0.255
33.65,-24.71,-0.255
33.65,-24.73,-0.255
33.65,-24.75,-0.255
33.65,-24.76,-0.255
33.65,-24.78,-0.255
33.66,-24.80,-0.255
33.66,-24.81,-0.255
33.66,-24.83,-0.255
33.66,-24.85,-0.255
33.66,-24.86,-0.255
33.66,-24.88,-0.255
33.67,-24.90,-0.255
33.67,-24.91,-0.255
33.67,-24.93,-0.255
33.67,-24.95,-0.255
33.67,-24.96,-0.255
33.67,-24.98,-0.255
33.68,-25.00,-0.255
33.68,-25.01,-0.255
33.68,-25.03,-0.255
33.68,-25.05,-0.255
33.68,-25.06,-0.255
33.68,-25.08,-0.255
33.68,-25.10,-0.255
33.69,-25.11,-0.255
33.69,-25.13,-0.255
33.69,-25.15,-0.255
33.69,-25.16,-0.255
33.69,-25.18,-0.255
33.69,-25.20,-0.255
33.70,-25.21,-0.255
33.70,-25.23,-0.255
33.70,-25.25,-0.255
33.70,-25.26,-0.255
33.70,-25.28,-0.255
33.71,-25.30,-0.255
33.71,-25.31,-0.255
33.71,-25.33,-0.255
33.71,-25.35,-0.255
33.71,-25.36,-0.255
33.71,-25.38,-0.255
33.72,-25.40,-0.255
33.72,-25.41,-0.255
33.72,-25.43,-0.255
33.72,-25.45,-0.255
33.72,-25.46,-0.255
33.72,-25.48,-0.255
33.73,-25.50,-0.255
33.73,-25.51,-0.255
33.73,-25.53,-0.254
33.73,-25.55,-0.254
33.73,-25.56,-0.254
33.73,-25.58,-0.254
33.73,-25.60,-0.254
33.74,-25.61,-0.254
33.74,-25.63,-0.254
33.74,-25.65,-0.254
33.74,-25.66,-0.254
33.74,-25.68,-0.254
33.74,-25.70,-0.254
33.75,-25.71,-0.254
33.75,-25.73,-0.254
33.75,-25.75,-0.254
33.75,-25.76,-0.254
33.75,-25.78,-0.254
33.76,-25.80,-0.254
33.76,-25.81,-0.254
33.76,-25.83,-0.254
33.76,-25.85,-0.254
33.76,-25.86,-0.254
33.76,-25.88,-0.254
33.77,-25.90,-0.254
33.77,-25.91,-0.254
33.77,-25.93,-0.254
33.77,-25.95,-0.254
33.77,-25.97,-0.254
33.77,-25.98,-0.254
33.78,-26.00,-0.254
33.78,-26.01,-0.254
33.78,-26.03,-0.254
33.78,-26.05,-0.254
33.78,-26.06,-0.254
33.78,-26.08,-0.254
33.78,-26.10,-0.254
33.79,-26.11,-0.254
33.79,-26.13,-0.254
33.79,-26.15,-0.254
33.79,-26.16,-0.254
33.79,-26.18,-0.254
33.79,-26.20,-0.254
33.80,-26.21,-0.254
33.80,-26.23,-0.254
33.80,-26.25,-0.254
33.80,-26.26,-0.254
33.80,-26.28,-0.254
33.81,-26.30,-0.254
33.81,-26.32,-0.254
33.81,-26.33,-0.254
33.81,-26.35,-0.254
33.81,-26.36,-0.254
33.81,-26.38,-0.254
33.82,-26.40,-0.254
33.82,-26.41,-0.254
33.82,-26.43,-0.254
33.82,-26.45,-0.254
33.82,-26.46,-0.254
33.82,-26.48,-0.254
33.83,-26.50,-0.254
33.83,-26.51,-0.254
33.83,-26.53,-0.254
33.83,-26.55,-0.253
33.83,-26.56,-0.253
33.83,-26.58,-0.253
33.83,-26.60,-0.253
33.84,-26.61,-0.253
33.84,-26.63,-0.253
33.84,-26.65,-0.253
33.84,-26.66,-0.253
33.84,-26.68,-0.253
33.84,-26.70,-0.253
33.85,-26.71,-0.253
33.85,-26.73,-0.253
33.85,-26.75,-0.253
33.85,-26.76,-0.253
33.85,-26.78,-0.253
33.86,-26.80,-0.253
33.86,-26.81,-0.253
33.86,-26.83,-0.253
33.86,-26.85,-0.253
33.86,-26.86,-0.253
33.86,-26.88,-0.253
33.87,-26.90,-0.253
33.87,-26.91,-0.253
33.87,-26.93,-0.253
33.87,-26.95,-0.253
33.87,-26.96,-0.253
33.87,-26.98,-0.253
33.88,-27.00,-0.253
33.88,-27.01,-0.253
33.88,-27.03,-0.253
33.88,-27.05,-0.253
33.88,-27.06,-0.253
33.88,-27.08,-0.253
33.88,-27.10,-0.253
33.89,-27.11,-0.253
33.89,-27.13,-0.253
33.89,-27.15,-0.253
33.89,-27.16,-0.253
33.89,-27.18,-0.253
33.89,-27.20,-0.253
33.90,-27.21,-0.253
33.90,-27.23,-0.253
33.90,-27.25,-0.253
33.90,-27.27,-0.253
33.90,-27.28,-0.253
33.91,-27.30,-0.253
33.91,-27.31,-0.253
33.91,-27.33,-0.253
33.91,-27.35,-0.253
33.91,-27.36,-0.253
33.91,-27.38,-0.253
33.92,-27.40,-0.253
33.92,-27.41,-0.253
33.92,-27.43,-0.253
33.92,-27.45,-0.253
33.92,-27.46,-0.253
33.92,-27.48,-0.253
33.93,-27.50,-0.253
33.93,-27.51,-0.253
33.93,-27.53,-0.252
33.93,-27.55,-0.252
33.93,-27.57,-0.252
33.93,-27.58,-0.252
33.93,-27.60,-0.252
33.94,-27.61,-0.252
33.94,-27.63,-0.252
33.94,-27.65,-0.252
33.94,-27.66,-0.252
33.94,-27.68,-0.252
33.94,-27.70,-0.252
33.95,-27.72,-0.252
33.95,-27.73,-0.252
33.95,-27.75,-0.252
33.95,-27.76,-0.252
33.95,-27.78,-0.252
33.96,-27.80,-0.252
33.96,-27.82,-0.252
33.96,-27.83,-0.252
33.96,-27.85,-0.252
33.96,-27.86,-0.252
33.96,-27.88,-0.252
33.97,-27.90,-0.252
33.97,-27.91,-0.252
33.97,-27.93,-0.252
33.97,-27.95,-0.252
33.97,-27.96,-0.252
33.97,-27.98,-0.252
33.98,-28.00,-0.252
33.98,-28.01,-0.252
33.98,-28.03,-0.252
33.98,-28.05,-0.252
33.98,-28.06,-0.252
33.98,-28.08,-0.252
33.98,-28.10,-0.252
33.99,-28.11,-0.252
33.99,-28.13,-0.252
33.99,-28.15,-0.252
33.99,-28.16,-0.252
33.99,-28.18,-0.252
33.99,-28.20,-0.252
34.00,-28.21,-0.252
34.00,-28.23,-0.252
34.00,-28.25,-0.252
34.00,-28.26,-0.252
34.00,-28.28,-0.252
34.01,-28.30,-0.252
34.01,-28.31,-0.252
34.01,-28.33,-0.252
34.01,-28.35,-0.252
34.01,-28.37,-0.252
34.01,-28.38,-0.252
34.02,-28.40,-0.252
34.02,-28.41,-0.252
34.02,-28.43,-0.252
34.02,-28.45,-0.252
34.02,-28.47,-0.252
34.02,-28.48,-0.252
34.03,-28.50,-0.252
34.03,-28.52,-0.252
34.03,-28.53,-0.252
34.03,-28.55,-0.252
34.03,-28.56,-0.252
34.03,-28.58,-0.252
34.03,-28.60,-0.252
34.04,-28.61,-0.252
34.04,-28.63,-0.252
34.04,-28.65,-0.252
34.04,-28.66,-0.252
34.04,-28.68,-0.251
34.04,-28.70,-0.251
34.05,-28.71,-0.251
34.05,-28.73,-0.251
34.05,-28.75,-0.251
34.05,-28.76,-0.251
34.05,-28.78,-0.251
34.06,-28.80,-0.251
34.06,-28.81,-0.251
34.06,-28.83,-0.251
34.06,-28.85,-0.251
34.06,-28.86,-0.251
34.06,-28.88,-0.251
34.07,-28.90,-0.251
34.07,-28.92,-0.251
34.07,-28.93,-0.251
34.07,-28.95,-0.251
34.07,-28.96,-0.251
34.07,-28.98,-0.251
34.08,-29.00,-0.251
34.08,-29.01,-0.251
34.08,-29.03,-0.251
34.08,-29.05,-0.251
34.08,-29.07,-0.251
34.08,-29.08,-0.251
34.08,-29.10,-0.251
34.09,-29.12,-0.251
34.09,-29.13,-0.251
34.09,-29.15,-0.251
34.09,-29.17,-0.251
34.09,-29.18,-0.251
34.09,-29.20,-0.251
34.10,-29.21,-0.251
34.10,-29.23,-0.251
34.10,-29.25,-0.251
34.10,-29.27,-0.251
34.10,-29.28,-0.251
34.11,-29.30,-0.251
34.11,-29.32,-0.251
34.11,-29.33,-0.251
34.11,-29.35,-0.251
34.11,-29.36,-0.251
34.11,-29.38,-0.251
34.12,-29.40,-0.251
34.12,-29.41,-0.251
34.12,-29.43,-0.251
34.12,-29.45,-0.251
34.12,-29.47,-0.251
34.12,-29.48,-0.251
34.13,-29.50,-0.251
34.13,-29.52,-0.251
34.13,-29.53,-0.251
34.13,-29.55,-0.251
34.13,-29.57,-0.251
34.13,-29.58,-0.251
34.14,-29.60,-0.251
34.14,-29.62,-0.251
34.14,-29.63,-0.251
34.14,-29.65,-0.251
34.14,-29.67,-0.251
34.14,-29.68,-0.251
34.14,-29.70,-0.251
34.15,-29.72,-0.251
34.15,-29.73,-0.251
34.15,-29.75,-0.251
34.15,-29.76,-0.251
34.15,-29.78,-0.251
34.16,-29.80,-0.251
34.16,-29.81,-0.251
34.16,-29.83,-0.251
34.16,-29.85,-0.251
34.16,-29.86,-0.251
34.16,-29.88,-0.251
34.16,-29.90,-0.251
34.17,-29.92,-0.250
34.17,-29.93,-0.250
34.17,-29.95,-0.250
34.17,-29.97,-0.250
34.17,-29.98,-0.250
34.18,-30.00,-0.250
34.18,-30.02,-0.250
34.18,-30.03,-0.250
34.18,-30.05,-0.250
34.18,-30.07,-0.250
34.18,-30.08,-0.250
34.19,-30.10,-0.250
34.19,-30.12,-0.250
34.19,-30.13,-0.250
34.19,-30.15,-0.250
34.19,-30.16,-0.250
34.19,-30.18,-0.250
34.19,-30.20,-0.250
34.20,-30.21,-0.250
34.20,-30.23,-0.250
34.20,-30.25,-0.250
34.20,-30.27,-0.250
34.20,-30.28,-0.250
34.21,-30.30,-0.250
34.21,-30.32,-0.250
34.21,-30.33,-0.250
34.21,-30.35,-0.250
34.21,-30.37,-0.250
34.21,-30.38,-0.250
34.21,-30.40,-0.250
34.22,-30.42,-0.250
34.22,-30.43,-0.250
34.22,-30.45,-0.250
34.22,-30.47,-0.250
34.22,-30.48,-0.250
34.23,-30.50,-0.250
34.23,-30.52,-0.250
34.23,-30.53,-0.250
34.23,-30.55,-0.250
34.23,-30.56,-0.250
34.23,-30.58,-0.250
34.24,-30.60,-0.250
34.24,-30.61,-0.250
34.24,-30.63,-0.250
34.24,-30.65,-0.250
34.24,-30.66,-0.250
34.24,-30.68,-0.250
34.24,-30.70,-0.250
34.25,-30.72,-0.250
34.25,-30.73,-0.250
34.25,-30.75,-0.250
34.25,-30.77,-0.250
34.25,-30.78,-0.250
34.26,-30.80,-0.250
34.26,-30.81,-0.250
34.26,-30.83,-0.250
34.26,-30.85,-0.250
34.26,-30.86,-0.250
34.26,-30.88,-0.250
34.26,-30.90,-0.250
34.27,-30.92,-0.250
34.27,-30.93,-0.250
34.27,-30.95,-0.250
34.27,-30.97,-0.249
34.27,-30.98,-0.249
34.28,-31.00,-0.249
34.28,-31.02,-0.249
34.28,-31.03,-0.249
34.28,-31.05,-0.249
34.28,-31.07,-0.249
34.28,-31.08,-0.249
34.29,-31.10,-0.249
34.29,-31.12,-0.249
34.29,-31.13,-0.249
34.29,-31.15,-0.249
34.29,-31.17,-0.249
34.29,-31.18,-0.249
34.29,-31.20,-0.249
34.30,-31.22,-0.249
34.30,-31.23,-0.249
34.30,-31.25,-0.249
34.30,-31.27,-0.249
34.30,-31.28,-0.249
34.31,-31.30,-0.249
34.31,-31.32,-0.249
34.31,-31.33,-0.249
34.31,-31.35,-0.249
34.31,-31.37,-0.249
34.31,-31.38,-0.249
34.31,-31.40,-0.249
34.32,-31.42,-0.249
34.32,-31.43,-0.249
34.32,-31.45,-0.249
34.32,-31.47,-0.249
34.32,-31.48,-0.249
34.33,-31.50,-0.249
34.33,-31.52,-0.249
34.33,-31.53,-0.249
34.33,-31.55,-0.249
34.33,-31.57,-0.249
34.33,-31.58,-0.249
34.34,-31.60,-0.249
34.34,-31.62,-0.249
34.34,-31.63,-0.249
34.34,-31.65,-0.249
34.34,-31.67,-0.249
34.34,-31.68,-0.249
34.34,-31.70,-0.249
34.35,-31.72,-0.249
34.35,-31.73,-0.249
34.35,-31.75,-0.249
34.35,-31.77,-0.249
34.35,-31.78,-0.249
34.36,-31.80,-0.249
34.36,-31.82,-0.249
34.36,-31.83,-0.249
34.36,-31.85,-0.249
34.36,-31.87,-0.249
34.36,-31.88,-0.249
34.36,-31.90,-0.249
34.37,-31.92,-0.249
34.37,-31.93,-0.249
34.37,-31.95,-0.249
34.37,-31.97,-0.249
34.37,-31.98,-0.249
34.38,-32.00,-0.249
34.38,-32.01,-0.249
34.38,-32.03,-0.249
34.38,-32.05,-0.249
34.38,-32.07,-0.249
34.38,-32.08,-0.249
34.39,-32.10,-0.249
34.39,-32.12,-0.249
34.39,-32.13,-0.249
34.39,-32.15,-0.248
34.39,-32.17,-0.248
34.39,-32.18,-0.248
34.39,-32.20,-0.248
34.40,-32.22,-0.248
34.40,-32.23,-0.248
34.40,-32.25,-0.248
34.40,-32.27,-0.248
34.40,-32.28,-0.248
34.41,-32.30,-0.248
34.41,-32.32,-0.248
34.41,-32.33,-0.248
34.41,-32.35,-0.248
34.41,-32.37,-0.248
34.41,-32.38,-0.248
34.41,-32.40,-0.248
34.42,-32.42,-0.248
34.42,-32.43,-0.248
34.42,-32.45,-0.248
34.42,-32.47,-0.248
34.42,-32.48,-0.248
34.43,-32.50,-0.248
34.43,-32.52,-0.248
34.43,-32.53,-0.248
34.43,-32.55,-0.248
34.43,-32.57,-0.248
34.43,-32.58,-0.248
34.44,-32.60,-0.248
34.44,-32.62,-0.248
34.44,-32.63,-0.248
34.44,-32.65,-0.248
34.44,-32.67,-0.248
34.44,-32.68,-0.248
34.44,-32.70,-0.248
34.45,-32.71,-0.248
34.45,-32.73,-0.248
34.45,-32.75,-0.248
34.45,-32.77,-0.248
34.45,-32.78,-0.248
34.46,-32.80,-0.248
34.46,-32.82,-0.248
34.46,-32.83,-0.248
34.46,-32.85,-0.248
34.46,-32.87,-0.248
34.46,-32.88,-0.248
34.46,-32.90,-0.248
34.47,-32.92,-0.248
34.47,-32.93,-0.248
34.47,-32.95,-0.248
34.47,-32.97,-0.248
34.47,-32.98,-0.248
34.48,-33.00,-0.248
34.48,-33.02,-0.248
34.48,-33.03,-0.248
34.48,-33.05,-0.248
34.48,-33.06,-0.248
34.48,-33.08,-0.248
34.49,-33.10,-0.248
34.49,-33.12,-0.248
34.49,-33.13,-0.248
34.49,-33.15,-0.248
34.49,-33.17,-0.248
34.49,-33.18,-0.248
34.49,-33.20,-0.248
34.50,-33.22,-0.248
34.50,-33.23,-0.248
34.50,-33.25,-0.247
34.50,-33.27,-0.247
34.50,-33.28,-0.247
34.51,-33.30,-0.247
34.51,-33.32,-0.247
34.51,-33.33,-0.247
34.51,-33.35,-0.247
34.51,-33.37,-0.247
34.51,-33.38,-0.247
34.51,-33.40,-0.247
34.52,-33.42,-0.247
34.52,-33.43,-0.247
34.52,-33.45,-0.247
34.52,-33.47,-0.247
34.52,-33.48,-0.247
34.53,-33.50,-0.247
34.53,-33.52,-0.247
34.53,-33.53,-0.247
34.53,-33.55,-0.247
34.53,-33.56,-0.247
34.53,-33.58,-0.247
34.54,-33.60,-0.247
34.54,-33.62,-0.247
34.54,-33.63,-0.247
34.54,-33.65,-0.247
34.54,-33.67,-0.247
34.54,-33.68,-0.247
34.54,-33.70,-0.247
34.55,-33.72,-0.247
34.55,-33.73,-0.247
34.55,-33.75,-0.247
34.55,-33.77,-0.247
34.55,-33.78,-0.247
34.56,-33.80,-0.247
34.56,-33.82,-0.247
34.56,-33.83,-0.247
34.56,-33.85,-0.247
34.56,-33.87,-0.247
34.56,-33.88,-0.247
34.56,-33.90,-0.247
34.57,-33.92,-0.247
34.57,-33.93,-0.247
34.57,-33.95,-0.247
34.57,-33.97,-0.247
34.57,-33.98,-0.247
34.58,-34.00,-0.247
34.58,-34.02,-0.247
34.58,-34.03,-0.247
34.58,-34.05,-0.247
34.58,-34.07,-0.247
34.58,-34.08,-0.247
34.59,-34.10,-0.247
34.59,-34.11,-0.247
34.59,-34.13,-0.247
34.59,-34.15,-0.247
34.59,-34.17,-0.247
34.59,-34.18,-0.247
34.59,-34.20,-0.247
34.60,-34.22,-0.247
34.60,-34.23,-0.247
34.60,-34.25,-0.247
34.60,-34.27,-0.247
34.60,-34.28,-0.247
34.61,-34.30,-0.247
34.61,-34.32,-0.247
34.61,-34.33,-0.247
34.61,-34.35,-0.247
34.61,-34.37,-0.247
34.61,-34.38,-0.247
34.61,-34.40,-0.247
34.62,-34.42,-0.246
34.62,-34.43,-0.246
34.62,-34.45,-0.246
34.62,-34.47,-0.246
34.62,-34.48,-0.246
34.63,-34.50,-0.246
34.63,-34.52,-0.246
34.63,-34.53,-0.246
34.63,-34.55,-0.246
34.63,-34.57,-0.246
34.63,-34.58,-0.246
34.64,-34.60,-0.246
34.64,-34.61,-0.246
34.64,-34.63,-0.246
34.64,-34.65,-0.246
34.64,-34.67,-0.246
34.64,-34.68,-0.246
34.64,-34.70,-0.246
34.65,-34.72,-0.246
34.65,-34.73,-0.246
34.65,-34.75,-0.246
34.65,-34.77,-0.246
34.65,-34.78,-0.246
34.66,-34.80,-0.246
34.66,-34.82,-0.246
34.66,-34.83,-0.246
34.66,-34.85,-0.246
34.66,-34.87,-0.246
34.66,-34.88,-0.246
34.66,-34.90,-0.246
34.67,-34.92,-0.246
34.67,-34.93,-0.246
34.67,-34.95,-0.246
34.67,-34.96,-0.246
34.67,-34.98,-0.246
34.68,-35.00,-0.246
34.68,-35.02,-0.246
34.68,-35.03,-0.246
34.68,-35.05,-0.246
34.68,-35.07,-0.246
34.68,-35.08,-0.246
34.69,-35.10,-0.246
34.69,-35.12,-0.246
34.69,-35.13,-0.246
34.69,-35.15,-0.246
34.69,-35.17,-0.246
34.69,-35.18,-0.246
34.69,-35.20,-0.246
34.70,-35.22,-0.246
34.70,-35.23,-0.246
34.70,-35.25,-0.246
34.70,-35.27,-0.246
34.70,-35.28,-0.246
34.71,-35.30,-0.246
34.71,-35.32,-0.246
34.71,-35.33,-0.246
34.71,-35.35,-0.246
34.71,-35.37,-0.246
34.71,-35.38,-0.246
34.71,-35.40,-0.246
34.72,-35.42,-0.246
34.72,-35.43,-0.246
34.72,-35.45,-0.246
34.72,-35.47,-0.246
34.72,-35.48,-0.246
34.73,-35.50,-0.246
34.73,-35.52,-0.246
34.73,-35.53,-0.246
34.73,-35.55,-0.245
34.73,-35.57,-0.245
34.73,-35.58,-0.245
34.74,-35.60,-0.245
34.74,-35.62,-0.245
34.74,-35.64,-0.245
34.74,-35.65,-0.245
34.74,-35.67,-0.245
34.74,-35.68,-0.245
34.74,-35.70,-0.245
34.75,-35.72,-0.245
34.75,-35.73,-0.245
34.75,-35.75,-0.245
34.75,-35.77,-0.245
34.75,-35.78,-0.245
34.76,-35.80,-0.245
34.76,-35.82,-0.245
34.76,-35.83,-0.245
34.76,-35.85,-0.245
34.76,-35.87,-0.245
34.76,-35.88,-0.245
34.76,-35.90,-0.245
34.77,-35.92,-0.245
34.77,-35.93,-0.245
34.77,-35.95,-0.245
34.77,-35.97,-0.245
34.77,-35.98,-0.245
34.78,-36.00,-0.245
34.78,-36.02,-0.245
34.78,-36.03,-0.245
34.78,-36.05,-0.245
34.78,-36.07,-0.245
34.78,-36.08,-0.245
34.79,-36.10,-0.245
34.79,-36.12,-0.245
34.79,-36.13,-0.245
34.79,-36.15,-0.245
34.79,-36.17,-0.245
34.79,-36.18,-0.245
34.79,-36.20,-0.245
34.80,-36.22,-0.245
34.80,-36.23,-0.245
34.80,-36.25,-0.245
34.80,-36.27,-0.245
34.80,-36.28,-0.245
34.81,-36.30,-0.245
34.81,-36.32,-0.245
34.81,-36.33,-0.245
34.81,-36.35,-0.245
34.81,-36.37,-0.245
34.81,-36.38,-0.245
34.81,-36.40,-0.245
34.82,-36.42,-0.245
34.82,-36.43,-0.245
34.82,-36.45,-0.245
34.82,-36.47,-0.245
34.82,-36.48,-0.245
34.83,-36.50,-0.245
34.83,-36.52,-0.245
34.83,-36.53,-0.245
34.83,-36.55,-0.245
34.83,-36.57,-0.245
34.83,-36.58,-0.245
34.84,-36.60,-0.245
34.84,-36.62,-0.244
34.84,-36.63,-0.244
34.84,-36.65,-0.244
34.84,-36.67,-0.244
34.84,-36.68,-0.244
34.84,-36.70,-0.244
34.85,-36.72,-0.244
34.85,-36.73,-0.244
34.85,-36.75,-0.244
34.85,-36.77,-0.244
34.85,-36.78,-0.244
34.86,-36.80,-0.244
34.86,-36.82,-0.244
34.86,-36.83,-0.244
34.86,-36.85,-0.244
34.86,-36.87,-0.244
34.86,-36.88,-0.244
34.86,-36.90,-0.244
34.87,-36.92,-0.244
34.87,-36.93,-0.244
34.87,-36.95,-0.244
34.87,-36.97,-0.244
34.87,-36.98,-0.244
34.88,-37.00,-0.244
34.88,-37.02,-0.244
34.88,-37.03,-0.244
34.88,-37.05,-0.244
34.88,-37.07,-0.244
34.88,-37.08,-0.244
34.89,-37.10,-0.244
34.89,-37.12,-0.244
34.89,-37.13,-0.244
34.89,-37.15,-0.244
34.89,-37.17,-0.244
34.89,-37.18,-0.244
34.89,-37.20,-0.244
34.90,-37.22,-0.244
34.90,-37.23,-0.244
34.90,-37.25,-0.244
34.90,-37.27,-0.244
34.90,-37.28,-0.244
34.91,-37.30,-0.244
34.91,-37.32,-0.244
34.91,-37.33,-0.244
34.91,-37.35,-0.244
34.91,-37.37,-0.244
34.91,-37.38,-0.244
34.91,-37.40,-0.244
34.92,-37.42,-0.244
34.92,-37.43,-0.244
34.92,-37.45,-0.244
34.92,-37.47,-0.244
34.92,-37.48,-0.244
34.93,-37.50,-0.244
34.93,-37.52,-0.244
34.93,-37.53,-0.244
34.93,-37.55,-0.244
34.93,-37.57,-0.244
34.93,-37.58,-0.244
34.94,-37.60,-0.244
34.94,-37.62,-0.244
34.94,-37.63,-0.244
34.94,-37.65,-0.244
34.94,-37.67,-0.244
34.94,-37.68,-0.244
34.94,-37.70,-0.244
34.95,-37.72,-0.244
34.95,-37.73,-0.244
34.95,-37.75,-0.244
34.95,-37.77,-0.244
34.95,-37.78,-0.244
34.96,-37.80,-0.244
34.96,-37.82,-0.243
34.96,-37.83,-0.243
34.96,-37.85,-0.243
34.96,-37.87,-0.243
34.96,-37.88,-0.243
34.96,-37.90,-0.243
34.97,-37.92,-0.243
34.97,-37.93,-0.243
34.97,-37.95,-0.243
34.97,-37.97,-0.243
34.97,-37.98,-0.243
34.98,-38.00,-0.243
34.98,-38.02,-0.243
34.98,-38.03,-0.243
34.98,-38.05,-0.243
34.98,-38.07,-0.243
34.98,-38.08,-0.243
34.99,-38.10,-0.243
34.99,-38.12,-0.243
34.99,-38.13,-0.243
34.99,-38.15,-0.243
34.99,-38.17,-0.243
34.99,-38.18,-0.243
34.99,-38.20,-0.243
35.00,-38.22,-0.243
35.00,-38.23,-0.243
35.00,-38.25,-0.243
35.00,-38.27,-0.243
35.00,-38.28,-0.243
35.01,-38.30,-0.243
35.01,-38.32,-0.243
35.01,-38.33,-0.243
35.01,-38.35,-0.243
35.01,-38.37,-0.243
35.01,-38.38,-0.243
35.01,-38.40,-0.243
35.02,-38.42,-0.243
35.02,-38.43,-0.243
35.02,-38.45,-0.243
35.02,-38.47,-0.243
35.02,-38.48,-0.243
35.03,-38.50,-0.243
35.03,-38.52,-0.243
35.03,-38.53,-0.243
35.03,-38.55,-0.243
35.03,-38.57,-0.243
35.03,-38.58,-0.243
35.04,-38.60,-0.243
35.04,-38.62,-0.243
35.04,-38.63,-0.243
35.04,-38.65,-0.243
35.04,-38.67,-0.243
35.04,-38.68,-0.243
35.04,-38.70,-0.243
35.05,-38.72,-0.243
35.05,-38.73,-0.243
35.05,-38.75,-0.243
35.05,-38.77,-0.243
35.05,-38.78,-0.243
35.06,-38.80,-0.243
35.06,-38.82,-0.243
35.06,-38.83,-0.243
35.06,-38.85,-0.243
35.06,-38.87,-0.243
35.06,-38.88,-0.243
35.06,-38.90,-0.243
35.07,-38.92,-0.243
35.07,-38.93,-0.243
35.07,-38.95,-0.243
35.07,-38.97,-0.243
35.07,-38.98,-0.243
35.08,-39.00,-0.243
35.08,-39.02,-0.242
35.08,-39.03,-0.242
35.08,-39.05,-0.242
35.08,-39.07,-0.242
35.08,-39.08,-0.242
35.09,-39.10,-0.242
35.09,-39.12,-0.242
35.09,-39.13,-0.242
35.09,-39.15,-0.242
35.09,-39.17,-0.242
35.09,-39.18,-0.242
35.09,-39.20,-0.242
35.10,-39.22,-0.242
35.10,-39.23,-0.242
35.10,-39.25,-0.242
35.10,-39.27,-0.242
35.10,-39.28,-0.242
35.11,-39.30,-0.242
35.11,-39.32,-0.242
35.11,-39.33,-0.242
35.11,-39.35,-0.242
35.11,-39.37,-0.242
35.11,-39.38,-0.242
35.11,-39.40,-0.242
35.12,-39.42,-0.242
35.12,-39.43,-0.242
35.12,-39.45,-0.242
35.12,-39.47,-0.242
35.12,-39.48,-0.242
35.13,-39.50,-0.242
35.13,-39.52,-0.242
35.13,-39.53,-0.242
35.13,-39.55,-0.242
35.13,-39.57,-0.242
35.13,-39.58,-0.242
35.14,-39.60,-0.242
35.14,-39.62,-0.242
35.14,-39.63,-0.242
35.14,-39.65,-0.242
35.14,-39.67,-0.242
35.14,-39.68,-0.242
35.14,-39.70,-0.242
35.15,-39.72,-0.242
35.15,-39.73,-0.242
35.15,-39.75,-0.242
35.15,-39.77,-0.242
35.15,-39.78,-0.242
35.16,-39.80,-0.242
35.16,-39.82,-0.242
35.16,-39.83,-0.242
35.16,-39.85,-0.242
35.16,-39.87,-0.242
35.16,-39.88,-0.242
35.16,-39.90,-0.242
35.17,-39.92,-0.242
35.17,-39.93,-0.242
35.17,-39.95,-0.242
35.17,-39.97,-0.242
35.17,-39.98,-0.242
35.18,-40.00,-0.242
35.18,-40.02,-0.242
35.18,-40.03,-0.242
35.18,-40.05,-0.241
35.18,-40.07,-0.241
35.18,-40.08,-0.241
35.19,-40.10,-0.241
35.19,-40.12,-0.241
35.19,-40.13,-0.241
35.19,-40.15,-0.241
35.19,-40.17,-0.241
35.19,-40.18,-0.241
35.19,-40.20,-0.241
35.20,-40.22,-0.241
35.20,-40.23,-0.241
35.20,-40.25,-0.241
35.20,-40.27,-0.241
35.20,-40.28,-0.241
35.21,-40.30,-0.241
35.21,-40.32,-0.241
35.21,-40.33,-0.241
35.21,-40.35,-0.241
35.21,-40.37,-0.241
35.21,-40.38,-0.241
35.21,-40.40,-0.241
35.22,-40.42,-0.241
35.22,-40.43,-0.241
35.22,-40.45,-0.241
35.22,-40.47,-0.241
35.22,-40.48,-0.241
35.23,-40.50,-0.241
35.23,-40.52,-0.241
35.23,-40.53,-0.241
35.23,-40.55,-0.241
35.23,-40.56,-0.241
35.23,-40.58,-0.241
35.24,-40.60,-0.241
35.24,-40.62,-0.241
35.24,-40.63,-0.241
35.24,-40.65,-0.241
35.24,-40.67,-0.241
35.24,-40.68,-0.241
35.24,-40.70,-0.241
35.25,-40.72,-0.241
35.25,-40.73,-0.241
35.25,-40.75,-0.241
35.25,-40.77,-0.241
35.25,-40.78,-0.241
35.26,-40.80,-0.241
35.26,-40.82,-0.241
35.26,-40.83,-0.241
35.26,-40.85,-0.241
35.26,-40.87,-0.241
35.26,-40.88,-0.241
35.26,-40.90,-0.241
35.27,-40.92,-0.241
35.27,-40.93,-0.241
35.27,-40.95,-0.241
35.27,-40.97,-0.241
35.27,-40.98,-0.241
35.28,-41.00,-0.240
35.28,-41.02,-0.240
35.28,-41.03,-0.240
35.28,-41.05,-0.240
35.28,-41.07,-0.240
35.28,-41.08,-0.240
35.29,-41.10,-0.240
35.29,-41.12,-0.240
35.29,-41.13,-0.240
35.29,-41.15,-0.240
35.29,-41.17,-0.240
35.29,-41.18,-0.240
35.29,-41.20,-0.240
35.30,-41.22,-0.240
35.30,-41.23,-0.240
35.30,-41.25,-0.240
35.30,-41.27,-0.240
35.30,-41.28,-0.240
35.31,-41.30,-0.240
35.31,-41.32,-0.240
35.31,-41.33,-0.240
35.31,-41.35,-0.240
35.31,-41.37,-0.240
35.31,-41.38,-0.240
35.31,-41.40,-0.240
35.32,-41.42,-0.240
35.32,-41.43,-0.240
35.32,-41.45,-0.240
35.32,-41.47,-0.240
35.32,-41.48,-0.240
35.33,-41.50,-0.240
35.33,-41.52,-0.240
35.33,-41.53,-0.240
35.33,-41.55,-0.240
35.33,-41.57,-0.240
35.33,-41.58,-0.240
35.34,-41.60,-0.240
35.34,-41.62,-0.240
35.34,-41.63,-0.240
35.34,-41.65,-0.240
35.34,-41.67,-0.240
35.34,-41.68,-0.240
35.34,-41.70,-0.240
35.35,-41.72,-0.240
35.35,-41.73,-0.240
35.35,-41.75,-0.240
35.35,-41.77,-0.239
35.35,-41.78,-0.239
35.36,-41.80,-0.239
35.36,-41.82,-0.239
35.36,-41.83,-0.239
35.36,-41.85,-0.239
35.36,-41.87,-0.239
35.36,-41.88,-0.239
35.36,-41.90,-0.239
35.37,-41.92,-0.239
35.37,-41.93,-0.239
35.37,-41.95,-0.239
35.37,-41.97,-0.239
35.37,-41.98,-0.239
35.38,-42.00,-0.239
35.38,-42.02,-0.239
35.38,-42.03,-0.239
35.38,-42.05,-0.239
35.38,-42.07,-0.239
35.38,-42.08,-0.239
35.39,-42.10,-0.239
35.39,-42.12,-0.239
35.39,-42.13,-0.239
35.39,-42.15,-0.239
35.39,-42.17,-0.239
35.39,-42.18,-0.239
35.39,-42.20,-0.239
35.40,-42.22,-0.239
35.40,-42.23,-0.239
35.40,-42.25,-0.239
35.40,-42.27,-0.239
35.40,-42.28,-0.239
35.41,-42.30,-0.239
35.41,-42.32,-0.239
35.41,-42.33,-0.239
35.41,-42.35,-0.239
35.41,-42.36,-0.239
35.41,-42.38,-0.239
35.41,-42.40,-0.239
35.42,-42.41,-0.239
35.42,-42.43,-0.239
35.42,-42.45,-0.239
35.42,-42.47,-0.239
35.42,-42.49,-0.239
35.43,-42.50,-0.239
35.43,-42.52,-0.239
35.43,-42.53,-0.239
35.43,-42.55,-0.239
35.43,-42.57,-0.239
35.43,-42.58,-0.239
35.44,-42.60,-0.239
35.44,-42.62,-0.239
35.44,-42.63,-0.239
35.44,-42.65,-0.239
35.44,-42.67,-0.239
35.44,-42.68,-0.239
35.44,-42.70,-0.239
35.45,-42.72,-0.239
35.45,-42.73,-0.239
35.45,-42.75,-0.239
35.45,-42.77,-0.239
35.45,-42.78,-0.239
35.46,-42.80,-0.239
35.46,-42.82,-0.239
35.46,-42.83,-0.239
35.46,-42.85,-0.239
35.46,-42.87,-0.239
35.46,-42.88,-0.239
35.46,-42.90,-0.239
35.47,-42.92,-0.239
35.47,-42.93,-0.239
35.47,-42.95,-0.239
35.47,-42.97,-0.239
35.47,-42.98,-0.239
35.48,-43.00,-0.239
35.48,-43.02,-0.239
35.48,-43.03,-0.239
35.48,-43.05,-0.239
35.48,-43.07,-0.239
35.48,-43.08,-0.239
35.49,-43.10,-0.239
35.49,-43.12,-0.239
35.49,-43.13,-0.238
35.49,-43.15,-0.238
35.49,-43.17,-0.238
35.49,-43.18,-0.238
35.49,-43.20,-0.238
35.50,-43.22,-0.238
35.50,-43.23,-0.238
35.50,-43.25,-0.238
35.50,-43.27,-0.239
35.50,-43.28,-0.239
35.51,-43.30,-0.239
35.51,-43.32,-0.239
35.51,-43.33,-0.238
35.51,-43.35,-0.238
35.51,-43.37,-0.238
35.51,-43.38,-0.238
35.51,-43.40,-0.238
35.52,-43.42,-0.238
35.52,-43.43,-0.238
35.52,-43.45,-0.238
35.52,-43.47,-0.238
35.52,-43.48,-0.238
35.53,-43.50,-0.238
35.53,-43.52,-0.238
35.53,-43.53,-0.238
35.53,-43.55,-0.238
35.53,-43.57,-0.238
35.53,-43.58,-0.238
35.54,-43.60,-0.238
35.54,-43.62,-0.238
35.54,-43.63,-0.238
35.54,-43.65,-0.238
35.54,-43.67,-0.238
35.54,-43.69,-0.238
35.54,-43.70,-0.238
35.55,-43.72,-0.238
35.55,-43.73,-0.238
35.55,-43.75,-0.238
35.55,-43.77,-0.238
35.55,-43.78,-0.238
35.56,-43.80,-0.238
35.56,-43.82,-0.238
35.56,-43.83,-0.238
35.56,-43.85,-0.238
35.56,-43.87,-0.238
35.56,-43.89,-0.238
35.56,-43.90,-0.238
35.57,-43.92,-0.238
35.57,-43.93,-0.238
35.57,-43.95,-0.238
35.57,-43.97,-0.238
35.57,-43.98,-0.238
35.58,-44.00,-0.238
35.58,-44.02,-0.238
35.58,-44.03,-0.238
35.58,-44.05,-0.238
35.58,-44.07,-0.238
35.58,-44.08,-0.238
35.59,-44.10,-0.238
35.59,-44.12,-0.238
35.59,-44.13,-0.238
35.59,-44.15,-0.238
35.59,-44.17,-0.238
35.59,-44.18,-0.238
35.59,-44.20,-0.238
35.60,-44.22,-0.238
35.60,-44.23,-0.238
35.60,-44.25,-0.238
35.60,-44.27,-0.238
35.60,-44.28,-0.237
35.61,-44.30,-0.237
35.61,-44.32,-0.237
35.61,-44.33,-0.237
35.61,-44.35,-0.237
35.61,-44.37,-0.237
35.61,-44.38,-0.237
35.61,-44.40,-0.237
35.62,-44.42,-0.237
35.62,-44.44,-0.237
35.62,-44.45,-0.237
35.62,-44.47,-0.237
35.62,-44.48,-0.237
35.63,-44.50,-0.237
35.63,-44.52,-0.237
35.63,-44.53,-0.237
35.63,-44.55,-0.237
35.63,-44.57,-0.237
35.63,-44.59,-0.237
35.64,-44.60,-0.237
35.64,-44.62,-0.237
35.64,-44.63,-0.237
35.64,-44.65,-0.237
35.64,-44.67,-0.237
35.64,-44.68,-0.237
35.64,-44.70,-0.237
35.65,-44.72,-0.237
35.65,-44.73,-0.237
35.65,-44.75,-0.237
35.65,-44.77,-0.237
35.65,-44.78,-0.237
35.66,-44.80,-0.237
35.66,-44.82,-0.237
35.66,-44.83,-0.237
35.66,-44.85,-0.237
35.66,-44.87,-0.237
35.66,-44.88,-0.237
35.66,-44.90,-0.237
35.67,-44.92,-0.237
35.67,-44.93,-0.237
35.67,-44.95,-0.237
35.67,-44.97,-0.237
35.67,-44.98,-0.237
35.68,-45.00,-0.237
35.68,-45.02,-0.237
35.68,-45.03,-0.237
35.68,-45.05,-0.237
35.68,-45.07,-0.237
35.68,-45.08,-0.236
35.69,-45.10,-0.236
35.69,-45.12,-0.236
35.69,-45.13,-0.236
35.69,-45.15,-0.236
35.69,-45.17,-0.236
35.69,-45.18,-0.236
35.69,-45.20,-0.236
35.70,-45.22,-0.236
35.70,-45.23,-0.236
35.70,-45.25,-0.236
35.70,-45.27,-0.236
35.70,-45.28,-0.236
35.71,-45.30,-0.236
35.71,-45.32,-0.236
35.71,-45.33,-0.236
35.71,-45.35,-0.236
35.71,-45.37,-0.236
35.71,-45.38,-0.236
35.71,-45.40,-0.236
35.72,-45.42,-0.236
35.72,-45.43,-0.236
35.72,-45.45,-0.236
35.72,-45.47,-0.236
35.72,-45.48,-0.236
35.73,-45.50,-0.236
35.73,-45.52,-0.236
35.73,-45.53,-0.236
35.73,-45.55,-0.236
35.73,-45.57,-0.236
35.73,-45.58,-0.236
35.74,-45.60,-0.236
35.74,-45.62,-0.236
35.74,-45.63,-0.236
35.74,-45.65,-0.236
35.74,-45.67,-0.236
35.74,-45.68,-0.236
35.74,-45.70,-0.236
35.75,-45.72,-0.236
35.75,-45.73,-0.236
35.75,-45.75,-0.236
35.75,-45.77,-0.236
35.75,-45.78,-0.236
35.76,-45.80,-0.236
35.76,-45.82,-0.236
35.76,-45.83,-0.236
35.76,-45.85,-0.236
35.76,-45.87,-0.236
35.76,-45.88,-0.236
35.76,-45.90,-0.236
35.77,-45.92,-0.236
35.77,-45.93,-0.236
35.77,-45.95,-0.236
35.77,-45.97,-0.236
35.77,-45.98,-0.236
35.78,-46.00,-0.236
35.78,-46.02,-0.236
35.78,-46.03,-0.236
35.78,-46.05,-0.236
35.78,-46.07,-0.236
35.78,-46.08,-0.236
35.79,-46.10,-0.236
35.79,-46.12,-0.236
35.79,-46.13,-0.236
35.79,-46.15,-0.236
35.79,-46.17,-0.236
35.79,-46.18,-0.236
35.79,-46.20,-0.236
35.80,-46.22,-0.236
35.80,-46.23,-0.236
35.80,-46.25,-0.236
35.80,-46.27,-0.236
35.80,-46.28,-0.236
35.81,-46.30,-0.236
35.81,-46.32,-0.236
35.81,-46.33,-0.236
35.81,-46.35,-0.236
35.81,-46.37,-0.236
35.81,-46.38,-0.236
35.81,-46.40,-0.236
35.82,-46.42,-0.236
35.82,-46.43,-0.236
35.82,-46.45,-0.236
35.82,-46.47,-0.236
35.82,-46.48,-0.236
35.83,-46.50,-0.236
35.83,-46.52,-0.236
35.83,-46.53,-0.236
35.83,-46.55,-0.236
35.83,-46.57,-0.236
35.83,-46.58,-0.236
35.84,-46.60,-0.236
35.84,-46.62,-0.236
35.84,-46.63,-0.236
35.84,-46.65,-0.236
35.84,-46.67,-0.236
35.84,-46.68,-0.235
35.84,-46.70,-0.235
35.85,-46.72,-0.235
35.85,-46.73,-0.235
35.85,-46.75,-0.235
35.85,-46.77,-0.235
35.85,-46.78,-0.235
35.86,-46.80,-0.235
35.86,-46.82,-0.235
35.86,-46.83,-0.235
35.86,-46.85,-0.235
35.86,-46.87,-0.235
35.86,-46.89,-0.235
35.86,-46.90,-0.235
35.87,-46.92,-0.235
35.87,-46.93,-0.235
35.87,-46.95,-0.235
35.87,-46.97,-0.235
35.87,-46.98,-0.235
35.88,-47.00,-0.235
35.88,-47.02,-0.235
35.88,-47.03,-0.235
35.88,-47.05,-0.235
35.88,-47.07,-0.235
35.88,-47.08,-0.235
35.89,-47.10,-0.235
35.89,-47.12,-0.235
35.89,-47.13,-0.235
35.89,-47.15,-0.235
35.89,-47.17,-0.235
35.89,-47.18,-0.235
35.89,-47.20,-0.235
35.90,-47.22,-0.235
35.90,-47.23,-0.235
35.90,-47.25,-0.235
35.90,-47.27,-0.235
35.90,-47.28,-0.235
35.91,-47.30,-0.235
35.91,-47.32,-0.235
35.91,-47.33,-0.235
35.91,-47.35,-0.235
35.91,-47.37,-0.235
35.91,-47.38,-0.235
35.91,-47.40,-0.235
35.92,-47.42,-0.235
35.92,-47.43,-0.235
35.92,-47.45,-0.235
35.92,-47.47,-0.235
35.92,-47.48,-0.235
35.93,-47.50,-0.235
35.93,-47.52,-0.235
35.93,-47.53,-0.235
35.93,-47.55,-0.235
35.93,-47.57,-0.235
35.93,-47.58,-0.235
35.94,-47.60,-0.235
35.94,-47.62,-0.235
35.94,-47.63,-0.235
35.94,-47.65,-0.235
35.94,-47.67,-0.235
35.94,-47.68,-0.235
35.94,-47.70,-0.235
35.95,-47.72,-0.235
35.95,-47.73,-0.235
35.95,-47.75,-0.235
35.95,-47.77,-0.235
35.95,-47.78,-0.235
35.96,-47.80,-0.235
35.96,-47.82,-0.235
35.96,-47.83,-0.235
35.96,-47.85,-0.235
35.96,-47.87,-0.235
35.96,-47.88,-0.235
35.96,-47.90,-0.235
35.97,-47.92,-0.235
35.97,-47.93,-0.235
35.97,-47.95,-0.235
35.97,-47.97,-0.235
35.97,-47.98,-0.235
35.98,-48.00,-0.235
35.98,-48.02,-0.235
35.98,-48.03,-0.234
35.98,-48.05,-0.234
35.98,-48.07,-0.234
35.98,-48.08,-0.234
35.99,-48.10,-0.234
35.99,-48.12,-0.234
35.99,-48.13,-0.234
35.99,-48.15,-0.234
35.99,-48.17,-0.234
35.99,-48.18,-0.234
35.99,-48.20,-0.234
36.00,-48.22,-0.234
36.00,-48.23,-0.234
36.00,-48.25,-0.234
36.00,-48.27,-0.234
36.00,-48.28,-0.234
36.01,-48.30,-0.234
36.01,-48.32,-0.234
36.01,-48.33,-0.234
36.01,-48.35,-0.234
36.01,-48.37,-0.234
36.01,-48.38,-0.234
36.01,-48.40,-0.234
36.02,-48.42,-0.234
36.02,-48.43,-0.234
36.02,-48.45,-0.234
36.02,-48.47,-0.234
36.02,-48.48,-0.234
36.03,-48.50,-0.234
36.03,-48.52,-0.234
36.03,-48.53,-0.234
36.03,-48.55,-0.234
36.03,-48.57,-0.234
36.03,-48.58,-0.234
36.04,-48.60,-0.234
36.04,-48.62,-0.234
36.04,-48.63,-0.234
36.04,-48.65,-0.234
36.04,-48.67,-0.234
36.04,-48.68,-0.234
36.04,-48.70,-0.234
36.05,-48.72,-0.234
36.05,-48.73,-0.234
36.05,-48.75,-0.234
36.05,-48.77,-0.234
36.05,-48.78,-0.234
36.06,-48.80,-0.234
36.06,-48.82,-0.234
36.06,-48.83,-0.234
36.06,-48.85,-0.234
36.06,-48.87,-0.234
36.06,-48.88,-0.234
36.06,-48.90,-0.234
36.07,-48.92,-0.234
36.07,-48.93,-0.234
36.07,-48.95,-0.234
36.07,-48.97,-0.234
36.07,-48.98,-0.234
36.08,-49.00,-0.234
36.08,-49.02,-0.234
36.08,-49.03,-0.234
36.08,-49.05,-0.234
36.08,-49.07,-0.234
36.08,-49.09,-0.234
36.09,-49.10,-0.234
36.09,-49.12,-0.234
36.09,-49.14,-0.234
36.09,-49.15,-0.234
36.09,-49.17,-0.234
36.09,-49.18,-0.234
36.09,-49.20,-0.234
36.10,-49.22,-0.234
36.10,-49.23,-0.234
36.10,-49.25,-0.234
36.10,-49.27,-0.234
36.10,-49.28,-0.234
36.11,-49.30,-0.234
36.11,-49.32,-0.234
36.11,-49.33,-0.233
36.11,-49.35,-0.233
36.11,-49.37,-0.233
36.11,-49.38,-0.233
36.11,-49.40,-0.233
36.12,-49.42,-0.233
36.12,-49.43,-0.233
36.12,-49.45,-0.233
36.12,-49.47,-0.233
36.12,-49.48,-0.233
36.13,-49.50,-0.233
36.13,-49.52,-0.233
36.13,-49.53,-0.233
36.13,-49.55,-0.233
36.13,-49.57,-0.233
36.13,-49.58,-0.233
36.14,-49.60,-0.233
36.14,-49.62,-0.233
36.14,-49.63,-0.233
36.14,-49.65,-0.233
36.14,-49.67,-0.233
36.14,-49.68,-0.233
36.14,-49.70,-0.233
36.15,-49.72,-0.233
36.15,-49.73,-0.233
36.15,-49.75,-0.233
36.15,-49.77,-0.233
36.15,-49.78,-0.233
36.16,-49.80,-0.233
36.16,-49.82,-0.233
36.16,-49.83,-0.233
36.16,-49.85,-0.233
36.16,-49.87,-0.233
36.16,-49.88,-0.233
36.16,-49.90,-0.233
36.17,-49.92,-0.233
36.17,-49.93,-0.233
36.17,-49.95,-0.233
36.17,-49.97,-0.233
36.17,-49.98,-0.233
36.18,-50.00,-0.233
36.18,-50.02,-0.233
36.18,-50.03,-0.233
36.18,-50.05,-0.233
36.18,-50.07,-0.233
36.18,-50.08,-0.233
36.19,-50.10,-0.233
36.19,-50.12,-0.233
36.19,-50.13,-0.233
36.19,-50.15,-0.233
36.19,-50.17,-0.233
36.19,-50.18,-0.233
36.19,-50.20,-0.233
36.20,-50.22,-0.233
36.20,-50.23,-0.233
36.20,-50.25,-0.233
36.20,-50.27,-0.233
36.20,-50.28,-0.233
36.21,-50.30,-0.233
36.21,-50.32,-0.233
36.21,-50.33,-0.233
36.21,-50.35,-0.233
36.21,-50.37,-0.233
36.21,-50.38,-0.233
36.21,-50.40,-0.233
36.22,-50.42,-0.233
36.22,-50.43,-0.233
36.22,-50.45,-0.233
36.22,-50.47,-0.233
36.22,-50.48,-0.233
36.23,-50.50,-0.233
36.23,-50.52,-0.233
36.23,-50.53,-0.232
36.23,-50.55,-0.232
36.23,-50.57,-0.232
36.23,-50.58,-0.232
36.24,-50.60,-0.232
36.24,-50.62,-0.232
36.24,-50.63,-0.232
36.24,-50.65,-0.232
36.24,-50.67,-0.232
36.24,-50.68,-0.232
36.24,-50.70,-0.232
36.25,-50.72,-0.232
36.25,-50.73,-0.232
36.25,-50.75,-0.232
36.25,-50.77,-0.232
36.25,-50.78,-0.232
36.26,-50.80,-0.232
36.26,-50.82,-0.232
36.26,-50.83,-0.232
36.26,-50.85,-0.232
36.26,-50.87,-0.232
36.26,-50.88,-0.232
36.26,-50.90,-0.232
36.27,-50.92,-0.232
36.27,-50.93,-0.232
36.27,-50.95,-0.232
36.27,-50.97,-0.232
36.27,-50.98,-0.232
36.28,-51.00,-0.232
36.28,-51.02,-0.232
36.28,-51.03,-0.232
36.28,-51.05,-0.232
36.28,-51.07,-0.232
36.28,-51.08,-0.232
36.29,-51.10,-0.232
36.29,-51.12,-0.232
36.29,-51.13,-0.232
36.29,-51.15,-0.232
36.29,-51.17,-0.232
36.29,-51.18,-0.232
36.29,-51.20,-0.232
36.30,-51.22,-0.232
36.30,-51.23,-0.232
36.30,-51.25,-0.232
36.30,-51.27,-0.232
36.30,-51.28,-0.232
36.31,-51.30,-0.232
36.31,-51.32,-0.232
36.31,-51.33,-0.232
36.31,-51.35,-0.232
36.31,-51.37,-0.232
36.31,-51.38,-0.232
36.31,-51.40,-0.232
36.32,-51.42,-0.232
36.32,-51.43,-0.232
36.32,-51.45,-0.232
36.32,-51.47,-0.232
36.32,-51.48,-0.232
36.33,-51.50,-0.232
36.33,-51.52,-0.232
36.33,-51.53,-0.232
36.33,-51.55,-0.232
36.33,-51.57,-0.232
36.33,-51.58,-0.232
36.34,-51.60,-0.232
36.34,-51.62,-0.232
36.34,-51.64,-0.232
36.34,-51.65,-0.232
36.34,-51.67,-0.231
36.34,-51.68,-0.231
36.34,-51.70,-0.231
36.35,-51.72,-0.231
36.35,-51.73,-0.231
36.35,-51.75,-0.231
36.35,-51.77,-0.231
36.35,-51.78,-0.231
36.36,-51.80,-0.231
36.36,-51.82,-0.231
36.36,-51.83,-0.231
36.36,-51.85,-0.231
36.36,-51.87,-0.231
36.36,-51.88,-0.231
36.36,-51.90,-0.231
36.37,-51.92,-0.231
36.37,-51.93,-0.231
36.37,-51.95,-0.231
36.37,-51.97,-0.231
36.37,-51.98,-0.231
36.38,-52.00,-0.231
36.38,-52.02,-0.231
36.38,-52.03,-0.231
36.38,-52.05,-0.231
36.38,-52.07,-0.231
36.38,-52.08,-0.231
36.39,-52.10,-0.231
36.39,-52.12,-0.231
36.39,-52.13,-0.231
36.39,-52.15,-0.231
36.39,-52.17,-0.231
36.39,-52.18,-0.231
36.39,-52.20,-0.231
36.40,-52.22,-0.231
36.40,-52.23,-0.231
36.40,-52.25,-0.231
36.40,-52.27,-0.231
36.40,-52.28,-0.231
36.41,-52.30,-0.231
36.41,-52.32,-0.231
36.41,-52.33,-0.231
36.41,-52.35,-0.231
36.41,-52.37,-0.231
36.41,-52.38,-0.231
36.41,-52.40,-0.231
36.42,-52.42,-0.231
36.42,-52.43,-0.231
36.42,-52.45,-0.231
36.42,-52.47,-0.231
36.42,-52.48,-0.231
36.43,-52.50,-0.231
36.43,-52.52,-0.231
36.43,-52.53,-0.231
36.43,-52.55,-0.231
36.43,-52.57,-0.231
36.43,-52.58,-0.231
36.44,-52.60,-0.231
36.44,-52.62,-0.231
36.44,-52.64,-0.231
36.44,-52.65,-0.231
36.44,-52.67,-0.231
36.44,-52.68,-0.231
36.44,-52.70,-0.231
36.45,-52.72,-0.231
36.45,-52.73,-0.231
36.45,-52.75,-0.231
36.45,-52.77,-0.231
36.45,-52.78,-0.231
36.46,-52.80,-0.231
36.46,-52.82,-0.231
36.46,-52.83,-0.231
36.46,-52.85,-0.230
36.46,-52.87,-0.230
36.46,-52.88,-0.230
36.46,-52.90,-0.230
36.47,-52.92,-0.230
36.47,-52.93,-0.230
36.47,-52.95,-0.230
36.47,-52.97,-0.230
36.47,-52.98,-0.230
36.48,-53.00,-0.230
36.48,-53.02,-0.230
36.48,-53.03,-0.230
36.48,-53.05,-0.230
36.48,-53.07,-0.230
36.48,-53.08,-0.230
36.49,-53.10,-0.230
36.49,-53.12,-0.230
36.49,-53.13,-0.230
36.49,-53.15,-0.230
36.49,-53.17,-0.230
36.49,-53.19,-0.230
36.49,-53.20,-0.230
36.50,-53.22,-0.230
36.50,-53.23,-0.230
36.50,-53.25,-0.230
36.50,-53.27,-0.230
36.50,-53.28,-0.230
36.51,-53.30,-0.230
36.51,-53.32,-0.230
36.51,-53.33,-0.230
36.51,-53.35,-0.230
36.51,-53.37,-0.230
36.51,-53.38,-0.230
36.51,-53.40,-0.230
36.52,-53.42,-0.230
36.52,-53.43,-0.230
36.52,-53.45,-0.230
36.52,-53.47,-0.230
36.52,-53.48,-0.230
36.53,-53.50,-0.230
36.53,-53.52,-0.230
36.53,-53.53,-0.230
36.53,-53.55,-0.230
36.53,-53.57,-0.230
36.53,-53.58,-0.230
36.54,-53.60,-0.230
36.54,-53.62,-0.230
36.54,-53.63,-0.230
36.54,-53.65,-0.230
36.54,-53.67,-0.230
36.54,-53.68,-0.230
36.54,-53.70,-0.230
36.55,-53.72,-0.230
36.55,-53.73,-0.230
36.55,-53.75,-0.229
36.55,-53.77,-0.229
36.55,-53.78,-0.229
36.56,-53.80,-0.229
36.56,-53.82,-0.229
36.56,-53.83,-0.229
36.56,-53.85,-0.229
36.56,-53.87,-0.229
36.56,-53.88,-0.229
36.56,-53.90,-0.229
36.57,-53.92,-0.229
36.57,-53.93,-0.229
36.57,-53.95,-0.229
36.57,-53.97,-0.229
36.57,-53.98,-0.229
36.58,-54.00,-0.229
36.58,-54.02,-0.229
36.58,-54.03,-0.229
36.58,-54.05,-0.229
36.58,-54.07,-0.229
36.58,-54.08,-0.229
36.59,-54.10,-0.229
36.59,-54.12,-0.229
36.59,-54.13,-0.229
36.59,-54.15,-0.229
36.59,-54.17,-0.229
36.59,-54.18,-0.229
36.59,-54.20,-0.229
36.60,-54.22,-0.229
36.60,-54.23,-0.229
36.60,-54.25,-0.229
36.60,-54.27,-0.229
36.60,-54.28,-0.229
36.61,-54.30,-0.229
36.61,-54.32,-0.229
36.61,-54.33,-0.229
36.61,-54.35,-0.229
36.61,-54.37,-0.229
36.61,-54.38,-0.229
36.61,-54.40,-0.229
36.62,-54.42,-0.229
36.62,-54.43,-0.229
36.62,-54.45,-0.229
36.62,-54.47,-0.229
36.62,-54.48,-0.229
36.63,-54.50,-0.229
36.63,-54.52,-0.229
36.63,-54.53,-0.229
36.63,-54.55,-0.229
36.63,-54.57,-0.229
36.63,-54.58,-0.229
36.64,-54.60,-0.229
36.64,-54.62,-0.229
36.64,-54.63,-0.229
36.64,-54.65,-0.229
36.64,-54.67,-0.229
36.64,-54.68,-0.229
36.64,-54.70,-0.229
36.65,-54.72,-0.229
36.65,-54.73,-0.229
36.65,-54.75,-0.229
36.65,-54.77,-0.229
36.65,-54.78,-0.229
36.66,-54.80,-0.229
36.66,-54.82,-0.229
36.66,-54.83,-0.229
36.66,-54.85,-0.229
36.66,-54.87,-0.229
36.66,-54.88,-0.229
36.66,-54.90,-0.229
36.67,-54.92,-0.229
36.67,-54.93,-0.229
36.67,-54.95,-0.229
36.67,-54.97,-0.229
36.67,-54.98,-0.229
36.68,-55.00,-0.229
36.68,-55.02,-0.229
36.68,-55.03,-0.228
36.68,-55.05,-0.228
36.68,-55.07,-0.228
36.68,-55.08,-0.228
36.69,-55.10,-0.228
36.69,-55.12,-0.228
36.69,-55.13,-0.228
36.69,-55.15,-0.228
36.69,-55.17,-0.228
36.69,-55.18,-0.228
36.69,-55.20,-0.228
36.70,-55.22,-0.228
36.70,-55.23,-0.228
36.70,-55.25,-0.228
36.70,-55.27,-0.228
36.70,-55.29,-0.228
36.71,-55.30,-0.228
36.71,-55.32,-0.228
36.71,-55.33,-0.228
36.71,-55.35,-0.228
36.71,-55.37,-0.228
36.71,-55.38,-0.228
36.71,-55.40,-0.228
36.72,-55.42,-0.228
36.72,-55.43,-0.228
36.72,-55.45,-0.228
36.72,-55.47,-0.228
36.72,-55.48,-0.228
36.73,-55.50,-0.228
36.73,-55.52,-0.228
36.73,-55.53,-0.228
36.73,-55.55,-0.228
36.73,-55.57,-0.228
36.73,-55.58,-0.228
36.74,-55.60,-0.228
36.74,-55.62,-0.228
36.74,-55.63,-0.228
36.74,-55.65,-0.228
36.74,-55.67,-0.228
36.74,-55.68,-0.228
36.74,-55.70,-0.228
36.75,-55.72,-0.228
36.75,-55.73,-0.228
36.75,-55.75,-0.228
36.75,-55.77,-0.228
36.75,-55.78,-0.228
36.76,-55.80,-0.228
36.76,-55.82,-0.228
36.76,-55.83,-0.228
36.76,-55.85,-0.228
36.76,-55.87,-0.228
36.76,-55.88,-0.228
36.76,-55.90,-0.227
36.77,-55.92,-0.227
36.77,-55.93,-0.227
36.77,-55.95,-0.227
36.77,-55.97,-0.227
36.77,-55.98,-0.227
36.78,-56.00,-0.227
36.78,-56.02,-0.227
36.78,-56.03,-0.227
36.78,-56.05,-0.227
36.78,-56.07,-0.227
36.78,-56.08,-0.227
36.79,-56.10,-0.227
36.79,-56.11,-0.227
36.79,-56.13,-0.227
36.79,-56.15,-0.227
36.79,-56.17,-0.227
36.79,-56.18,-0.227
36.79,-56.20,-0.227
36.80,-56.22,-0.227
36.80,-56.23,-0.227
36.80,-56.25,-0.227
36.80,-56.27,-0.227
36.80,-56.28,-0.227
36.81,-56.30,-0.227
36.81,-56.32,-0.227
36.81,-56.33,-0.227
36.81,-56.35,-0.227
36.81,-56.37,-0.227
36.81,-56.38,-0.227
36.81,-56.40,-0.227
36.82,-56.42,-0.227
36.82,-56.43,-0.227
36.82,-56.45,-0.227
36.82,-56.47,-0.227
36.82,-56.48,-0.227
36.83,-56.50,-0.227
36.83,-56.52,-0.227
36.83,-56.53,-0.227
36.83,-56.55,-0.227
36.83,-56.57,-0.227
36.83,-56.58,-0.227
36.84,-56.60,-0.227
36.84,-56.62,-0.227
36.84,-56.63,-0.227
36.84,-56.65,-0.227
36.84,-56.67,-0.227
36.84,-56.68,-0.227
36.84,-56.70,-0.227
36.85,-56.72,-0.227
36.85,-56.73,-0.227
36.85,-56.75,-0.227
36.85,-56.77,-0.227
36.85,-56.78,-0.227
36.86,-56.80,-0.227
36.86,-56.82,-0.227
36.86,-56.83,-0.227
36.86,-56.85,-0.227
36.86,-56.87,-0.227
36.86,-56.88,-0.227
36.86,-56.90,-0.227
36.87,-56.92,-0.227
36.87,-56.93,-0.227
36.87,-56.95,-0.227
36.87,-56.97,-0.227
36.87,-56.98,-0.227
36.88,-57.00,-0.227
36.88,-57.01,-0.227
36.88,-57.03,-0.227
36.88,-57.05,-0.227
36.88,-57.07,-0.227
36.88,-57.08,-0.227
36.89,-57.10,-0.227
36.89,-57.12,-0.227
36.89,-57.13,-0.227
36.89,-57.15,-0.227
36.89,-57.17,-0.227
36.89,-57.18,-0.227
36.89,-57.20,-0.226
36.90,-57.22,-0.226
36.90,-57.23,-0.226
36.90,-57.25,-0.226
36.90,-57.26,-0.226
36.90,-57.28,-0.226
36.91,-57.30,-0.226
36.91,-57.32,-0.226
36.91,-57.33,-0.226
36.91,-57.35,-0.226
36.91,-57.37,-0.226
36.91,-57.38,-0.226
36.91,-57.40,-0.226
36.92,-57.42,-0.226
36.92,-57.43,-0.226
36.92,-57.45,-0.226
36.92,-57.47,-0.226
36.92,-57.48,-0.226
36.93,-57.50,-0.226
36.93,-57.52,-0.226
36.93,-57.53,-0.226
36.93,-57.55,-0.226
36.93,-57.57,-0.226
36.93,-57.58,-0.226
36.94,-57.60,
36.94,-57.62,
36.94,-57.63,
36.94,-57.65,
36.94,-57.66,
36.94,-57.68,
36.94,-57.70,
36.95,-57.71,
36.95,-57.73,
36.95,-57.75,
36.95,-57.77,
36.95,-57.78,
36.96,-57.80,
36.96,-57.82,
36.96,-57.83,
36.96,-57.85,
36.96,-57.87,
36.96,-57.88,
36.96,-57.90,
36.97,-57.92,
36.97,-57.93,
36.97,-57.95,
36.97,-57.97,
36.97,-57.98,
36.98,-58.00,
36.98,-58.02,
36.98,-58.03,
36.98,-58.05,
36.98,-58.07,
36.98,-58.08,
36.99,,
36.99,,
36.99,,
36.99,,
36.99,,

[step]
Ramp 10.00 °C/min to 120.00 °C
Time,Temperature,Heat Flow (Normalized)
min,°C,W/g
37.99,-59.88,-0.017
37.99,-59.88,-0.017
38.00,-59.88,-0.017
38.00,-59.88,-0.017
38.00,-59.88,-0.017
38.00,-59.88,-0.017
38.00,-59.88,-0.017
38.01,-59.88,-0.017
38.01,-59.88,-0.017
38.01,-59.88,-0.017
38.01,-59.88,-0.017
38.01,-59.88,-0.017
38.01,-59.88,-0.017
38.01,-59.88,-0.017
38.02,-59.88,-0.017
38.02,-59.88,-0.017
38.02,-59.88,-0.017
38.02,-59.88,-0.017
38.02,-59.88,-0.017
38.03,-59.88,-0.017
38.03,-59.88,-0.017
38.03,-59.88,-0.017
38.03,-59.88,-0.017
38.03,-59.88,-0.017
38.03,-59.87,-0.017
38.04,-59.87,-0.017
38.04,-59.87,-0.017
38.04,-59.87,-0.016
38.04,-59.87,-0.016
38.04,-59.87,-0.016
38.04,-59.87,-0.016
38.04,-59.87,-0.016
38.05,-59.87,-0.016
38.05,-59.86,-0.016
38.05,-59.86,-0.016
38.05,-59.86,-0.016
38.05,-59.86,-0.016
38.06,-59.86,-0.016
38.06,-59.86,-0.016
38.06,-59.85,-0.016
38.06,-59.85,-0.016
38.06,-59.85,-0.015
38.06,-59.85,-0.015
38.06,-59.84,-0.015
38.07,-59.84,-0.015
38.07,-59.84,-0.015
38.07,-59.84,-0.015
38.07,-59.83,-0.014
38.07,-59.83,-0.014
38.08,-59.82,-0.014
38.08,-59.82,-0.014
38.08,-59.82,-0.013
38.08,-59.81,-0.013
38.08,-59.81,-0.013
38.08,-59.81,-0.012
38.09,-59.80,-0.012
38.09,-59.80,-0.012
38.09,-59.79,-0.011
38.09,-59.79,-0.010
38.09,-59.78,-0.010
38.09,-59.78,-0.009
38.09,-59.77,-0.008
38.10,-59.76,-0.008
38.10,-59.76,-0.007
38.10,-59.75,-0.006
38.10,-59.75,-0.006
38.10,-59.74,-0.005
38.11,-59.73,-0.004
38.11,-59.73,-0.003
38.11,-59.72,-0.003
38.11,-59.71,-0.002
38.11,-59.71,-0.001
38.11,-59.70,0.000
38.11,-59.69,0.001
38.12,-59.69,0.002
38.12,-59.68,0.003
38.12,-59.67,0.004
38.12,-59.66,0.005
38.12,-59.66,0.006
38.13,-59.65,0.007
38.13,-59.64,0.008
38.13,-59.63,0.009
38.13,-59.62,0.010
38.13,-59.61,0.011
38.13,-59.60,0.012
38.14,-59.60,0.013
38.14,-59.59,0.014
38.14,-59.58,0.015
38.14,-59.57,0.016
38.14,-59.56,0.017
38.14,-59.55,0.018
38.14,-59.54,0.019
38.15,-59.53,0.020
38.15,-59.52,0.021
38.15,-59.51,0.022
38.15,-59.50,0.024
38.15,-59.49,0.025
38.16,-59.48,0.026
38.16,-59.47,0.028
38.16,-59.46,0.029
38.16,-59.45,0.031
38.16,-59.44,0.032
38.16,-59.43,0.033
38.16,-59.42,0.035
38.17,-59.41,0.036
38.17,-59.40,0.037
38.17,-59.38,0.038
38.17,-59.37,0.039
38.17,-59.36,0.041
38.18,-59.35,0.042
38.18,-59.34,0.043
38.18,-59.33,0.045
38.18,-59.32,0.046
38.18,-59.31,0.047
38.18,-59.29,0.048
38.19,-59.28,0.049
38.19,-59.27,0.051
38.19,-59.26,0.052
38.19,-59.25,0.054
38.19,-59.23,0.055
38.19,-59.22,0.057
38.19,-59.21,0.058
38.20,-59.20,0.059
38.20,-59.19,0.060
38.20,-59.17,0.062
38.20,-59.16,0.063
38.20,-59.15,0.065
38.21,-59.14,0.067
38.21,-59.12,0.068
38.21,-59.11,0.070
38.21,-59.10,0.071
38.21,-59.09,0.073
38.21,-59.07,0.073
38.21,-59.06,0.074
38.22,-59.05,0.075
38.22,-59.04,0.076
38.22,-59.02,0.077
38.22,-59.01,0.078
38.22,-59.00,0.079
38.23,-58.98,0.081
38.23,-58.97,0.082
38.23,-58.96,0.083
38.23,-58.94,0.085
38.23,-58.93,0.086
38.23,-58.92,0.088
38.24,-58.90,0.089
38.24,-58.89,0.090
38.24,-58.88,0.091
38.24,-58.86,0.092
38.24,-58.85,0.094
38.24,-58.84,0.095
38.24,-58.82,0.096
38.25,-58.81,0.097
38.25,-58.80,0.098
38.25,-58.78,0.099
38.25,-58.77,0.101
38.25,-58.76,0.101
38.26,-58.74,0.102
38.26,-58.73,0.103
38.26,-58.71,0.104
38.26,-58.70,0.105
38.26,-58.68,0.106
38.26,-58.67,0.107
38.26,-58.66,0.108
38.27,-58.64,0.109
38.27,-58.63,0.110
38.27,-58.62,0.111
38.27,-58.60,0.112
38.27,-58.59,0.113
38.28,-58.57,0.114
38.28,-58.56,0.115
38.28,-58.55,0.116
38.28,-58.53,0.117
38.28,-58.52,0.118
38.28,-58.50,0.119
38.29,-58.49,0.120
38.29,-58.48,0.121
38.29,-58.46,0.121
38.29,-58.45,0.122
38.29,-58.43,0.123
38.29,-58.42,0.123
38.29,-58.40,0.124
38.30,-58.39,0.125
38.30,-58.37,0.126
38.30,-58.36,0.127
38.30,-58.34,0.128
38.30,-58.33,0.129
38.31,-58.32,0.130
38.31,-58.30,0.130
38.31,-58.29,0.132
38.31,-58.27,0.132
38.31,-58.26,0.133
38.31,-58.24,0.133
38.31,-58.23,0.134
38.32,-58.21,0.134
38.32,-58.20,0.135
38.32,-58.18,0.135
38.32,-58.17,0.135
38.32,-58.16,0.136
38.33,-58.14,0.137
38.33,-58.13,0.138
38.33,-58.11,0.139
38.33,-58.10,0.139
38.33,-58.08,0.140
38.33,-58.07,0.141
38.34,-58.05,0.141
38.34,-58.04,0.142
38.34,-58.02,0.143
38.34,-58.01,0.143
38.34,-57.99,0.144
38.34,-57.98,0.144
38.34,-57.96,0.145
38.35,-57.95,0.145
38.35,-57.93,0.146
38.35,-57.92,0.146
38.35,-57.90,0.147
38.35,-57.89,0.147
38.36,-57.87,0.148
38.36,-57.86,0.148
38.36,-57.84,0.149
38.36,-57.83,0.150
38.36,-57.81,0.150
38.36,-57.80,0.151
38.36,-57.78,0.152
38.37,-57.77,0.152
38.37,-57.75,0.153
38.37,-57.74,0.153
38.37,-57.72,0.154
38.37,-57.71,0.155
38.38,-57.69,0.155
38.38,-57.67,0.155
38.38,-57.66,0.156
38.38,-57.64,0.156
38.38,-57.63,0.156
38.38,-57.61,0.157
38.39,-57.60,0.157
38.39,-57.58,0.157
38.39,-57.57,0.157
38.39,-57.55,0.158
38.39,-57.54,0.159
38.39,-57.52,0.159
38.39,-57.51,0.160
38.40,-57.49,0.160
38.40,-57.47,0.160
38.40,-57.46,0.161
38.40,-57.44,0.161
38.40,-57.43,0.162
38.41,-57.41,0.162
38.41,-57.40,0.163
38.41,-57.38,0.163
38.41,-57.37,0.163
38.41,-57.35,0.163
38.41,-57.34,0.164
38.41,-57.32,0.164
38.42,-57.31,0.164
38.42,-57.29,0.164
38.42,-57.27,0.164
38.42,-57.26,0.165
38.42,-57.24,0.166
38.43,-57.23,0.166
38.43,-57.21,0.167
38.43,-57.20,0.167
38.43,-57.18,0.168
38.43,-57.17,0.168
38.43,-57.15,0.168
38.44,-57.13,0.168
38.44,-57.12,0.169
38.44,-57.10,0.169
38.44,-57.09,0.169
38.44,-57.07,0.169
38.44,-57.05,0.169
38.44,-57.04,0.169
38.45,-57.02,0.170
38.45,-57.01,0.170
38.45,-56.99,0.171
38.45,-56.98,0.171
38.45,-56.96,0.171
38.46,-56.95,0.172
38.46,-56.93,0.172
38.46,-56.91,0.172
38.46,-56.90,0.172
38.46,-56.88,0.173
38.46,-56.87,0.173
38.46,-56.85,0.173
38.47,-56.83,0.174
38.47,-56.82,0.174
38.47,-56.80,0.174
38.47,-56.79,0.174
38.47,-56.77,0.175
38.48,-56.76,0.175
38.48,-56.74,0.175
38.48,-56.72,0.175
38.48,-56.71,0.175
38.48,-56.69,0.176
38.48,-56.68,0.176
38.49,-56.66,0.176
38.49,-56.65,0.176
38.49,-56.63,0.176
38.49,-56.61,0.177
38.49,-56.60,0.177
38.49,-56.58,0.177
38.49,-56.56,0.177
38.50,-56.55,0.178
38.50,-56.53,0.178
38.50,-56.52,0.178
38.50,-56.50,0.179
38.50,-56.49,0.179
38.51,-56.47,0.179
38.51,-56.46,0.180
38.51,-56.44,0.180
38.51,-56.42,0.180
38.51,-56.41,0.180
38.51,-56.39,0.181
38.51,-56.37,0.181
38.52,-56.36,0.181
38.52,-56.34,0.181
38.52,-56.33,0.181
38.52,-56.31,0.181
38.52,-56.29,0.181
38.53,-56.28,0.181
38.53,-56.26,0.181
38.53,-56.25,0.181
38.53,-56.23,0.182
38.53,-56.22,0.182
38.53,-56.20,0.182
38.54,-56.18,0.182
38.54,-56.17,0.182
38.54,-56.15,0.182
38.54,-56.13,0.182
38.54,-56.12,0.182
38.54,-56.10,0.182
38.54,-56.09,0.183
38.55,-56.07,0.183
38.55,-56.05,0.183
38.55,-56.04,0.183
38.55,-56.02,0.184
38.55,-56.00,0.184
38.56,-55.99,0.184
38.56,-55.97,0.185
38.56,-55.96,0.185
38.56,-55.94,0.185
38.56,-55.93,0.185
38.56,-55.91,0.185
38.56,-55.89,0.185
38.57,-55.88,0.185
38.57,-55.86,0.185
38.57,-55.84,0.185
38.57,-55.83,0.185
38.57,-55.81,0.185
38.58,-55.80,0.185
38.58,-55.78,0.185
38.58,-55.76,0.185
38.58,-55.75,0.185
38.58,-55.73,0.186
38.58,-55.72,0.186
38.59,-55.70,0.186
38.59,-55.68,0.186
38.59,-55.67,0.186
38.59,-55.65,0.187
38.59,-55.63,0.187
38.59,-55.62,0.187
38.59,-55.60,0.187
38.60,-55.59,0.187
38.60,-55.57,0.187
38.60,-55.55,0.188
38.60,-55.54,0.188
38.60,-55.52,0.188
38.61,-55.50,0.188
38.61,-55.49,0.188
38.61,-55.47,0.188
38.61,-55.46,0.189
38.61,-55.44,0.189
38.61,-55.42,0.189
38.61,-55.41,0.189
38.62,-55.39,0.189
38.62,-55.38,0.189
38.62,-55.36,0.189
38.62,-55.34,0.189
38.62,-55.33,0.189
38.63,-55.31,0.189
38.63,-55.29,0.189
38.63,-55.28,0.189
38.63,-55.26,0.189
38.63,-55.25,0.189
38.63,-55.23,0.190
38.64,-55.21,0.190
38.64,-55.20,0.190
38.64,-55.18,0.190
38.64,-55.17,0.190
38.64,-55.15,0.190
38.64,-55.13,0.190
38.64,-55.12,0.190
38.65,-55.10,0.190
38.65,-55.08,0.190
38.65,-55.07,0.190
38.65,-55.05,0.190
38.65,-55.03,0.190
38.66,-55.02,0.190
38.66,-55.00,0.191
38.66,-54.99,0.191
38.66,-54.97,0.191
38.66,-54.95,0.191
38.66,-54.94,0.191
38.66,-54.92,0.191
38.67,-54.90,0.191
38.67,-54.89,0.191
38.67,-54.87,0.191
38.67,-54.86,0.191
38.67,-54.84,0.191
38.68,-54.82,0.191
38.68,-54.81,0.192
38.68,-54.79,0.192
38.68,-54.77,0.192
38.68,-54.76,0.192
38.68,-54.74,0.192
38.69,-54.72,0.192
38.69,-54.71,0.192
38.69,-54.69,0.192
38.69,-54.68,0.192
38.69,-54.66,0.192
38.69,-54.64,0.192
38.69,-54.63,0.192
38.70,-54.61,0.192
38.70,-54.59,0.192
38.70,-54.58,0.193
38.70,-54.56,0.193
38.70,-54.55,0.193
38.71,-54.53,0.193
38.71,-54.51,0.193
38.71,-54.50,0.193
38.71,-54.48,0.193
38.71,-54.46,0.193
38.71,-54.45,0.193
38.71,-54.43,0.193
38.72,-54.41,0.193
38.72,-54.40,0.193
38.72,-54.38,0.193
38.72,-54.37,0.193
38.72,-54.35,0.194
38.73,-54.33,0.194
38.73,-54.32,0.194
38.73,-54.30,0.194
38.73,-54.28,0.194
38.73,-54.27,0.194
38.73,-54.25,0.194
38.74,-54.23,0.194
38.74,-54.22,0.194
38.74,-54.20,0.194
38.74,-54.19,0.194
38.74,-54.17,0.194
38.74,-54.15,0.194
38.74,-54.14,0.194
38.75,-54.12,0.194
38.75,-54.10,0.194
38.75,-54.09,0.194
38.75,-54.07,0.194
38.75,-54.05,0.194
38.76,-54.04,0.194
38.76,-54.02,0.194
38.76,-54.00,0.194
38.76,-53.99,0.194
38.76,-53.97,0.195
38.76,-53.96,0.195
38.76,-53.94,0.195
38.77,-53.92,0.195
38.77,-53.90,0.195
38.77,-53.89,0.195
38.77,-53.87,0.195
38.77,-53.86,0.195
38.78,-53.84,0.195
38.78,-53.82,0.195
38.78,-53.81,0.195
38.78,-53.79,0.195
38.78,-53.77,0.195
38.78,-53.76,0.195
38.79,-53.74,0.195
38.79,-53.73,0.195
38.79,-53.71,0.195
38.79,-53.69,0.195
38.79,-53.68,0.195
38.79,-53.66,0.195
38.79,-53.64,0.195
38.80,-53.63,0.195
38.80,-53.61,0.195
38.80,-53.59,0.195
38.80,-53.58,0.195
38.80,-53.56,0.195
38.81,-53.55,0.195
38.81,-53.53,0.195
38.81,-53.51,0.195
38.81,-53.49,0.195
38.81,-53.48,0.195
38.81,-53.46,0.195
38.81,-53.45,0.196
38.82,-53.43,0.196
38.82,-53.41,0.196
38.82,-53.40,0.196
38.82,-53.38,0.196
38.82,-53.36,0.196
38.83,-53.35,0.196
38.83,-53.33,0.196
38.83,-53.31,0.196
38.83,-53.30,0.196
38.83,-53.28,0.196
38.83,-53.26,0.196
38.84,-53.25,0.196
38.84,-53.23,0.196
38.84,-53.22,0.196
38.84,-53.20,0.196
38.84,-53.18,0.196
38.84,-53.17,0.196
38.84,-53.15,0.196
38.85,-53.13,0.196
38.85,-53.12,0.196
38.85,-53.10,0.196
38.85,-53.08,0.196
38.85,-53.07,0.196
38.86,-53.05,0.196
38.86,-53.03,0.196
38.86,-53.02,0.196
38.86,-53.00,0.196
38.86,-52.99,0.197
38.86,-52.97,0.197
38.86,-52.95,0.197
38.87,-52.94,0.197
38.87,-52.92,0.197
38.87,-52.90,0.197
38.87,-52.89,0.197
38.87,-52.87,0.197
38.88,-52.85,0.197
38.88,-52.84,0.197
38.88,-52.82,0.197
38.88,-52.80,0.197
38.88,-52.79,0.197
38.88,-52.77,0.197
38.89,-52.76,0.197
38.89,-52.74,0.197
38.89,-52.72,0.197
38.89,-52.71,0.197
38.89,-52.69,0.197
38.89,-52.67,0.197
38.89,-52.66,0.197
38.90,-52.64,0.197
38.90,-52.62,0.197
38.90,-52.61,0.197
38.90,-52.59,0.197
38.90,-52.57,0.197
38.91,-52.56,0.197
38.91,-52.54,0.197
38.91,-52.52,0.197
38.91,-52.51,0.197
38.91,-52.49,0.197
38.91,-52.48,0.197
38.91,-52.46,0.197
38.92,-52.44,0.197
38.92,-52.42,0.197
38.92,-52.41,0.197
38.92,-52.39,0.197
38.92,-52.37,0.198
38.93,-52.36,0.198
38.93,-52.34,0.198
38.93,-52.33,0.198
38.93,-52.31,0.198
38.93,-52.29,0.198
38.93,-52.28,0.198
38.94,-52.26,0.198
38.94,-52.24,0.198
38.94,-52.23,0.198
38.94,-52.21,0.198
38.94,-52.19,0.198
38.94,-52.18,0.198
38.94,-52.16,0.198
38.95,-52.14,0.198
38.95,-52.13,0.198
38.95,-52.11,0.198
38.95,-52.09,0.198
38.95,-52.08,0.198
38.96,-52.06,0.198
38.96,-52.05,0.198
38.96,-52.03,0.198
38.96,-52.01,0.198
38.96,-52.00,0.198
38.96,-51.98,0.198
38.96,-51.96,0.198
38.97,-51.95,0.198
38.97,-51.93,0.198
38.97,-51.91,0.198
38.97,-51.90,0.198
38.97,-51.88,0.198
38.98,-51.86,0.198
38.98,-51.85,0.198
38.98,-51.83,0.198
38.98,-51.81,0.198
38.98,-51.80,0.198
38.98,-51.78,0.198
38.99,-51.76,0.198
38.99,-51.75,0.198
38.99,-51.73,0.198
38.99,-51.71,0.199
38.99,-51.70,0.199
38.99,-51.68,0.199
38.99,-51.66,0.199
39.00,-51.65,0.199
39.00,-51.63,0.199
39.00,-51.61,0.199
39.00,-51.60,0.199
39.00,-51.58,0.199
39.01,-51.57,0.199
39.01,-51.55,0.199
39.01,-51.53,0.199
39.01,-51.52,0.199
39.01,-51.50,0.199
39.01,-51.48,0.199
39.01,-51.47,0.199
39.02,-51.45,0.199
39.02,-51.43,0.199
39.02,-51.42,0.199
39.02,-51.40,0.199
39.02,-51.38,0.199
39.03,-51.37,0.199
39.03,-51.35,0.199
39.03,-51.33,0.199
39.03,-51.32,0.199
39.03,-51.30,0.199
39.03,-51.28,0.199
39.04,-51.27,0.199
39.04,-51.25,0.199
39.04,-51.23,0.199
39.04,-51.22,0.199
39.04,-51.20,0.199
39.04,-51.18,0.199
39.04,-51.17,0.199
39.05,-51.15,0.199
39.05,-51.14,0.199
39.05,-51.12,0.199
39.05,-51.10,0.199
39.05,-51.09,0.199
39.06,-51.07,0.200
39.06,-51.05,0.200
39.06,-51.04,0.200
39.06,-51.02,0.200
39.06,-51.00,0.200
39.06,-50.98,0.200
39.06,-50.97,0.200
39.07,-50.95,0.200
39.07,-50.94,0.200
39.07,-50.92,0.200
39.07,-50.90,0.200
39.07,-50.89,0.200
39.08,-50.87,0.200
39.08,-50.85,0.200
39.08,-50.84,0.200
39.08,-50.82,0.200
39.08,-50.80,0.200
39.08,-50.79,0.200
39.09,-50.77,0.200
39.09,-50.75,0.200
39.09,-50.74,0.200
39.09,-50.72,0.200
39.09,-50.70,0.200
39.09,-50.69,0.200
39.09,-50.67,0.200
39.10,-50.65,0.200
39.10,-50.64,0.200
39.10,-50.62,0.200
39.10,-50.60,0.200
39.10,-50.59,0.200
39.11,-50.57,0.200
39.11,-50.56,0.200
39.11,-50.54,0.200
39.11,-50.52,0.200
39.11,-50.51,0.200
39.11,-50.49,0.200
39.11,-50.47,0.200
39.12,-50.46,0.200
39.12,-50.44,0.200
39.12,-50.42,0.200
39.12,-50.41,0.200
39.12,-50.39,0.200
39.13,-50.37,0.200
39.13,-50.36,0.200
39.13,-50.34,0.200
39.13,-50.32,0.200
39.13,-50.31,0.200
39.13,-50.29,0.200
39.14,-50.27,0.200
39.14,-50.26,0.200
39.14,-50.24,0.201
39.14,-50.22,0.201
39.14,-50.21,0.201
39.14,-50.19,0.201
39.14,-50.17,0.201
39.15,-50.16,0.201
39.15,-50.14,0.201
39.15,-50.12,0.201
39.15,-50.11,0.201
39.15,-50.09,0.201
39.16,-50.08,0.201
39.16,-50.06,0.201
39.16,-50.04,0.201
39.16,-50.02,0.201
39.16,-50.01,0.201
39.16,-49.99,0.201
39.16,-49.98,0.201
39.17,-49.96,0.201
39.17,-49.94,0.201
39.17,-49.92,0.201
39.17,-49.91,0.201
39.17,-49.89,0.201
39.18,-49.88,0.201
39.18,-49.86,0.201
39.18,-49.84,0.201
39.18,-49.83,0.201
39.18,-49.81,0.201
39.18,-49.79,0.201
39.19,-49.78,0.201
39.19,-49.76,0.201
39.19,-49.74,0.201
39.19,-49.73,0.201
39.19,-49.71,0.201
39.19,-49.69,0.201
39.19,-49.68,0.201
39.20,-49.66,0.201
39.20,-49.64,0.201
39.20,-49.63,0.201
39.20,-49.61,0.201
39.20,-49.59,0.201
39.21,-49.58,0.201
39.21,-49.56,0.201
39.21,-49.54,0.201
39.21,-49.53,0.201
39.21,-49.51,0.201
39.21,-49.49,0.201
39.21,-49.48,0.201
39.22,-49.46,0.202
39.22,-49.44,0.202
39.22,-49.43,0.202
39.22,-49.41,0.202
39.22,-49.39,0.202
39.23,-49.38,0.202
39.23,-49.36,0.202
39.23,-49.34,0.202
39.23,-49.33,0.202
39.23,-49.31,0.202
39.23,-49.29,0.202
39.24,-49.28,0.202
39.24,-49.26,0.202
39.24,-49.24,0.202
39.24,-49.23,0.202
39.24,-49.21,0.202
39.24,-49.19,0.202
39.24,-49.18,0.202
39.25,-49.16,0.202
39.25,-49.14,0.202
39.25,-49.13,0.202
39.25,-49.11,0.202
39.25,-49.09,0.202
39.26,-49.08,0.202
39.26,-49.06,0.202
39.26,-49.05,0.202
39.26,-49.03,0.202
39.26,-49.01,0.202
39.26,-49.00,0.202
39.26,-48.98,0.202
39.27,-48.96,0.202
39.27,-48.95,0.202
39.27,-48.93,0.202
39.27,-48.91,0.202
39.27,-48.90,0.202
39.28,-48.88,0.202
39.28,-48.86,0.202
39.28,-48.85,0.202
39.28,-48.83,0.202
39.28,-48.81,0.202
39.28,-48.80,0.202
39.29,-48.78,0.202
39.29,-48.76,0.202
39.29,-48.74,0.202
39.29,-48.73,0.202
39.29,-48.71,0.202
39.29,-48.70,0.202
39.29,-48.68,0.202
39.30,-48.66,0.202
39.30,-48.65,0.202
39.30,-48.63,0.202
39.30,-48.61,0.203
39.30,-48.60,0.203
39.31,-48.58,0.203
39.31,-48.56,0.203
39.31,-48.55,0.203
39.31,-48.53,0.203
39.31,-48.51,0.203
39.31,-48.50,0.203
39.31,-48.48,0.203
39.32,-48.46,0.203
39.32,-48.45,0.203
39.32,-48.43,0.203
39.32,-48.41,0.203
39.32,-48.40,0.203
39.33,-48.38,0.203
39.33,-48.36,0.203
39.33,-48.35,0.203
39.33,-48.33,0.203
39.33,-48.31,0.203
39.33,-48.30,0.203
39.34,-48.28,0.203
39.34,-48.26,0.203
39.34,-48.25,0.203
39.34,-48.23,0.203
39.34,-48.21,0.203
39.34,-48.20,0.203
39.34,-48.18,0.203
39.35,-48.16,0.203
39.35,-48.15,0.203
39.35,-48.13,0.203
39.35,-48.11,0.203
39.35,-48.10,0.203
39.36,-48.08,0.203
39.36,-48.07,0.203
39.36,-48.05,0.203
39.36,-48.03,0.203
39.36,-48.01,0.203
39.36,-48.00,0.203
39.36,-47.98,0.203
39.37,-47.97,0.203
39.37,-47.95,0.203
39.37,-47.93,0.203
39.37,-47.91,0.203
39.37,-47.90,0.203
39.38,-47.88,0.203
39.38,-47.86,0.203
39.38,-47.85,0.203
39.38,-47.83,0.203
39.38,-47.82,0.203
39.38,-47.80,0.203
39.39,-47.78,0.203
39.39,-47.76,0.203
39.39,-47.75,0.203
39.39,-47.73,0.203
39.39,-47.71,0.203
39.39,-47.70,0.203
39.39,-47.68,0.203
39.40,-47.67,0.203
39.40,-47.65,0.204
39.40,-47.63,0.204
39.40,-47.61,0.204
39.40,-47.60,0.204
39.41,-47.58,0.204
39.41,-47.57,0.204
39.41,-47.55,0.204
39.41,-47.53,0.204
39.41,-47.52,0.204
39.41,-47.50,0.204
39.41,-47.48,0.204
39.42,-47.47,0.204
39.42,-47.45,0.204
39.42,-47.43,0.204
39.42,-47.42,0.204
39.42,-47.40,0.204
39.43,-47.38,0.204
39.43,-47.36,0.204
39.43,-47.35,0.204
39.43,-47.33,0.204
39.43,-47.32,0.204
39.43,-47.30,0.204
39.44,-47.28,0.204
39.44,-47.27,0.204
39.44,-47.25,0.204
39.44,-47.23,0.204
39.44,-47.22,0.204
39.44,-47.20,0.204
39.44,-47.18,0.204
39.45,-47.17,0.204
39.45,-47.15,0.204
39.45,-47.13,0.204
39.45,-47.12,0.204
39.45,-47.10,0.204
39.46,-47.08,0.204
39.46,-47.07,0.204
39.46,-47.05,0.204
39.46,-47.03,0.204
39.46,-47.02,0.204
39.46,-47.00,0.204
39.46,-46.98,0.204
39.47,-46.97,0.204
39.47,-46.95,0.204
39.47,-46.93,0.204
39.47,-46.92,0.204
39.47,-46.90,0.204
39.48,-46.88,0.204
39.48,-46.87,0.204
39.48,-46.85,0.204
39.48,-46.83,0.204
39.48,-46.82,0.204
39.48,-46.80,0.204
39.49,-46.78,0.204
39.49,-46.77,0.204
39.49,-46.75,0.204
39.49,-46.73,0.204
39.49,-46.72,0.204
39.49,-46.70,0.204
39.49,-46.68,0.204
39.50,-46.67,0.204
39.50,-46.65,0.204
39.50,-46.63,0.204
39.50,-46.62,0.204
39.50,-46.60,0.204
39.51,-46.58,0.204
39.51,-46.57,0.204
39.51,-46.55,0.204
39.51,-46.53,0.204
39.51,-46.52,0.204
39.51,-46.50,0.205
39.51,-46.48,0.205
39.52,-46.47,0.205
39.52,-46.45,0.205
39.52,-46.43,0.205
39.52,-46.42,0.205
39.52,-46.40,0.205
39.53,-46.38,0.205
39.53,-46.37,0.205
39.53,-46.35,0.205
39.53,-46.33,0.205
39.53,-46.32,0.205
39.53,-46.30,0.205
39.54,-46.28,0.205
39.54,-46.27,0.205
39.54,-46.25,0.205
39.54,-46.23,0.205
39.54,-46.22,0.205
39.54,-46.20,0.205
39.54,-46.18,0.205
39.55,-46.17,0.205
39.55,-46.15,0.205
39.55,-46.13,0.205
39.55,-46.12,0.205
39.55,-46.10,0.205
39.56,-46.08,0.205
39.56,-46.07,0.205
39.56,-46.05,0.205
39.56,-46.04,0.205
39.56,-46.02,0.205
39.56,-46.00,0.205
39.56,-45.98,0.205
39.57,-45.97,0.205
39.57,-45.95,0.205
39.57,-45.93,0.205
39.57,-45.92,0.205
39.57,-45.90,0.205
39.58,-45.88,0.205
39.58,-45.87,0.205
39.58,-45.85,0.205
39.58,-45.83,0.205
39.58,-45.82,0.205
39.58,-45.80,0.205
39.59,-45.78,0.205
39.59,-45.77,0.205
39.59,-45.75,0.205
39.59,-45.73,0.205
39.59,-45.72,0.205
39.59,-45.70,0.205
39.59,-45.68,0.205
39.60,-45.67,0.205
39.60,-45.65,0.205
39.60,-45.63,0.205
39.60,-45.62,0.205
39.60,-45.60,0.205
39.61,-45.58,0.205
39.61,-45.57,0.205
39.61,-45.55,0.205
39.61,-45.53,0.205
39.61,-45.52,0.205
39.61,-45.50,0.205
39.61,-45.48,0.205
39.62,-45.47,0.205
39.62,-45.45,0.205
39.62,-45.43,0.205
39.62,-45.42,0.205
39.62,-45.40,0.205
39.63,-45.38,0.205
39.63,-45.37,0.205
39.63,-45.35,0.206
39.63,-45.33,0.206
39.63,-45.32,0.206
39.63,-45.30,0.206
39.64,-45.28,0.206
39.64,-45.27,0.206
39.64,-45.25,0.206
39.64,-45.23,0.206
39.64,-45.22,0.206
39.64,-45.20,0.206
39.64,-45.19,0.206
39.65,-45.17,0.206
39.65,-45.15,0.206
39.65,-45.13,0.206
39.65,-45.12,0.206
39.65,-45.10,0.206
39.66,-45.08,0.206
39.66,-45.07,0.206
39.66,-45.05,0.206
39.66,-45.03,0.206
39.66,-45.02,0.206
39.66,-45.00,0.206
39.66,-44.99,0.206
39.67,-44.97,0.206
39.67,-44.95,0.206
39.67,-44.93,0.206
39.67,-44.92,0.206
39.67,-44.90,0.206
39.68,-44.88,0.206
39.68,-44.87,0.206
39.68,-44.85,0.206
39.68,-44.83,0.206
39.68,-44.82,0.206
39.68,-44.80,0.206
39.69,-44.78,0.206
39.69,-44.77,0.206
39.69,-44.75,0.206
39.69,-44.73,0.206
39.69,-44.72,0.206
39.69,-44.70,0.206
39.69,-44.68,0.206
39.70,-44.67,0.206
39.70,-44.65,0.206
39.70,-44.63,0.206
39.70,-44.62,0.206
39.70,-44.60,0.206
39.71,-44.58,0.206
39.71,-44.57,0.206
39.71,-44.55,0.206
39.71,-44.53,0.206
39.71,-44.52,0.206
39.71,-44.50,0.206
39.71,-44.48,0.206
39.72,-44.47,0.206
39.72,-44.45,0.206
39.72,-44.44,0.206
39.72,-44.42,0.206
39.72,-44.40,0.206
39.73,-44.38,0.206
39.73,-44.37,0.206
39.73,-44.35,0.206
39.73,-44.33,0.206
39.73,-44.32,0.206
39.73,-44.30,0.206
39.74,-44.28,0.206
39.74,-44.27,0.206
39.74,-44.25,0.206
39.74,-44.23,0.206
39.74,-44.22,0.206
39.74,-44.20,0.207
39.74,-44.19,0.207
39.75,-44.17,0.207
39.75,-44.15,0.207
39.75,-44.13,0.207
39.75,-44.12,0.207
39.75,-44.10,0.207
39.76,-44.08,0.207
39.76,-44.07,0.207
39.76,-44.05,0.207
39.76,-44.03,0.207
39.76,-44.02,0.207
39.76,-44.00,0.207
39.76,-43.98,0.207
39.77,-43.97,0.207
39.77,-43.95,0.207
39.77,-43.93,0.207
39.77,-43.92,0.207
39.77,-43.90,0.207
39.78,-43.88,0.207
39.78,-43.87,0.207
39.78,-43.85,0.207
39.78,-43.83,0.207
39.78,-43.82,0.207
39.78,-43.80,0.207
39.79,-43.78,0.207
39.79,-43.77,0.207
39.79,-43.75,0.207
39.79,-43.73,0.207
39.79,-43.72,0.207
39.79,-43.70,0.207
39.79,-43.68,0.207
39.80,-43.67,0.207
39.80,-43.65,0.207
39.80,-43.63,0.207
39.80,-43.62,0.207
39.80,-43.60,0.207
39.81,-43.58,0.207
39.81,-43.57,0.207
39.81,-43.55,0.207
39.81,-43.53,0.207
39.81,-43.52,0.207
39.81,-43.50,0.207
39.81,-43.48,0.207
39.82,-43.47,0.207
39.82,-43.45,0.207
39.82,-43.43,0.207
39.82,-43.42,0.207
39.82,-43.40,0.207
39.83,-43.38,0.207
39.83,-43.37,0.207
39.83,-43.35,0.207
39.83,-43.33,0.207
39.83,-43.32,0.207
39.83,-43.30,0.207
39.84,-43.28,0.207
39.84,-43.27,0.207
39.84,-43.25,0.207
39.84,-43.23,0.207
39.84,-43.22,0.207
39.84,-43.20,0.207
39.84,-43.18,0.207
39.85,-43.17,0.207
39.85,-43.15,0.207
39.85,-43.13,0.207
39.85,-43.12,0.207
39.85,-43.10,0.207
39.86,-43.08,0.207
39.86,-43.07,0.207
39.86,-43.05,0.207
39.86,-43.03,0.207
39.86,-43.02,0.207
39.86,-43.00,0.207
39.86,-42.98,0.207
39.87,-42.97,0.207
39.87,-42.95,0.207
39.87,-42.93,0.207
39.87,-42.92,0.207
39.87,-42.90,0.207
39.88,-42.88,0.207
39.88,-42.87,0.207
39.88,-42.85,0.207
39.88,-42.83,0.207
39.88,-42.82,0.207
39.88,-42.80,0.207
39.89,-42.78,0.207
39.89,-42.77,0.207
39.89,-42.75,0.208
39.89,-42.73,0.208
39.89,-42.72,0.208
39.89,-42.70,0.208
39.89,-42.68,0.208
39.90,-42.67,0.208
39.90,-42.65,0.208
39.90,-42.63,0.208
39.90,-42.62,0.208
39.90,-42.60,0.208
39.91,-42.58,0.208
39.91,-42.57,0.208
39.91,-42.55,0.208
39.91,-42.53,0.208
39.91,-42.52,0.208
39.91,-42.50,0.208
39.91,-42.48,0.208
39.92,-42.47,0.208
39.92,-42.45,0.208
39.92,-42.43,0.208
39.92,-42.42,0.208
39.92,-42.40,0.208
39.93,-42.38,0.208
39.93,-42.37,0.208
39.93,-42.35,0.208
39.93,-42.33,0.208
39.93,-42.32,0.208
39.93,-42.30,0.208
39.94,-42.28,0.208
39.94,-42.27,0.208
39.94,-42.25,0.208
39.94,-42.23,0.208
39.94,-42.22,0.208
39.94,-42.20,0.208
39.94,-42.18,0.208
39.95,-42.17,0.208
39.95,-42.15,0.208
39.95,-42.13,0.208
39.95,-42.12,0.208
39.95,-42.10,0.208
39.96,-42.08,0.208
39.96,-42.07,0.208
39.96,-42.05,0.208
39.96,-42.03,0.208
39.96,-42.02,0.208
39.96,-42.00,0.208
39.96,-41.98,0.208
39.97,-41.97,0.208
39.97,-41.95,0.208
39.97,-41.93,0.208
39.97,-41.92,0.208
39.97,-41.90,0.208
39.98,-41.88,0.208
39.98,-41.87,0.208
39.98,-41.85,0.208
39.98,-41.83,0.208
39.98,-41.82,0.208
39.98,-41.80,0.208
39.99,-41.78,0.208
39.99,-41.77,0.208
39.99,-41.75,0.208
39.99,-41.73,0.208
39.99,-41.72,0.208
39.99,-41.70,0.208
39.99,-41.68,0.208
40.00,-41.67,0.208
40.00,-41.65,0.208
40.00,-41.63,0.208
40.00,-41.62,0.208
40.00,-41.60,0.208
40.01,-41.58,0.208
40.01,-41.57,0.208
40.01,-41.55,0.208
40.01,-41.53,0.208
40.01,-41.52,0.208
40.01,-41.50,0.208
40.01,-41.48,0.208
40.02,-41.47,0.208
40.02,-41.45,0.208
40.02,-41.43,0.208
40.02,-41.41,0.208
40.02,-41.40,0.208
40.03,-41.38,0.208
40.03,-41.37,0.208
40.03,-41.35,0.208
40.03,-41.33,0.208
40.03,-41.32,0.208
40.03,-41.30,0.208
40.04,-41.28,0.208
40.04,-41.27,0.208
40.04,-41.25,0.208
40.04,-41.23,0.209
40.04,-41.21,0.209
40.04,-41.20,0.209
40.04,-41.18,0.209
40.05,-41.16,0.209
40.05,-41.15,0.209
40.05,-41.13,0.209
40.05,-41.12,0.209
40.05,-41.10,0.209
40.06,-41.08,0.209
40.06,-41.06,0.209
40.06,-41.05,0.209
40.06,-41.03,0.209
40.06,-41.01,0.209
40.06,-41.00,0.209
40.06,-40.98,0.209
40.07,-40.96,0.209
40.07,-40.95,0.209
40.07,-40.93,0.209
40.07,-40.92,0.209
40.07,-40.90,0.209
40.08,-40.88,0.209
40.08,-40.86,0.209
40.08,-40.85,0.209
40.08,-40.83,0.209
40.08,-40.82,0.209
40.08,-40.80,0.209
40.09,-40.78,0.209
40.09,-40.76,0.209
40.09,-40.75,0.209
40.09,-40.73,0.209
40.09,-40.71,0.209
40.09,-40.70,0.209
40.09,-40.68,0.209
40.10,-40.67,0.209
40.10,-40.65,0.209
40.10,-40.63,0.209
40.10,-40.61,0.209
40.10,-40.60,0.209
40.11,-40.58,0.209
40.11,-40.56,0.209
40.11,-40.55,0.209
40.11,-40.53,0.209
40.11,-40.51,0.209
40.11,-40.50,0.209
40.11,-40.48,0.209
40.12,-40.47,0.209
40.12,-40.45,0.209
40.12,-40.43,0.209
40.12,-40.42,0.209
40.12,-40.40,0.209
40.13,-40.38,0.209
40.13,-40.36,0.209
40.13,-40.35,0.209
40.13,-40.33,0.209
40.13,-40.31,0.209
40.13,-40.30,0.209
40.14,-40.28,0.209
40.14,-40.26,0.209
40.14,-40.25,0.209
40.14,-40.23,0.209
40.14,-40.21,0.209
40.14,-40.20,0.209
40.14,-40.18,0.209
40.15,-40.16,0.209
40.15,-40.15,0.209
40.15,-40.13,0.209
40.15,-40.11,0.209
40.15,-40.10,0.209
40.16,-40.08,0.209
40.16,-40.06,0.209
40.16,-40.05,0.209
40.16,-40.03,0.209
40.16,-40.01,0.209
40.16,-40.00,0.209
40.16,-39.98,0.209
40.17,-39.96,0.209
40.17,-39.95,0.209
40.17,-39.93,0.209
40.17,-39.91,0.209
40.17,-39.90,0.209
40.18,-39.88,0.209
40.18,-39.86,0.209
40.18,-39.84,0.209
40.18,-39.83,0.209
40.18,-39.81,0.209
40.18,-39.80,0.209
40.19,-39.78,0.209
40.19,-39.76,0.209
40.19,-39.75,0.209
40.19,-39.73,0.209
40.19,-39.71,0.209
40.19,-39.70,0.209
40.19,-39.68,0.209
40.20,-39.66,0.209
40.20,-39.65,0.209
40.20,-39.63,0.209
40.20,-39.61,0.209
40.20,-39.60,0.209
40.21,-39.58,0.209
40.21,-39.56,0.209
40.21,-39.54,0.209
40.21,-39.53,0.209
40.21,-39.51,0.209
40.21,-39.50,0.209
40.21,-39.48,0.209
40.22,-39.46,0.210
40.22,-39.45,0.210
40.22,-39.43,0.210
40.22,-39.41,0.210
40.22,-39.40,0.210
40.23,-39.38,0.210
40.23,-39.36,0.210
40.23,-39.35,0.210
40.23,-39.33,0.210
40.23,-39.31,0.210
40.23,-39.30,0.210
40.24,-39.28,0.210
40.24,-39.26,0.210
40.24,-39.25,0.210
40.24,-39.23,0.210
40.24,-39.21,0.210
40.24,-39.19,0.210
40.24,-39.18,0.210
40.25,-39.16,0.210
40.25,-39.14,0.210
40.25,-39.13,0.210
40.25,-39.11,0.210
40.25,-39.10,0.210
40.26,-39.08,0.210
40.26,-39.06,0.210
40.26,-39.05,0.210
40.26,-39.03,0.210
40.26,-39.01,0.210
40.26,-38.99,0.210
40.26,-38.98,0.210
40.27,-38.96,0.210
40.27,-38.95,0.210
40.27,-38.93,0.210
40.27,-38.91,0.210
40.27,-38.90,0.210
40.28,-38.88,0.210
40.28,-38.86,0.210
40.28,-38.84,0.210
40.28,-38.83,0.210
40.28,-38.81,0.210
40.28,-38.80,0.210
40.29,-38.78,0.210
40.29,-38.76,0.210
40.29,-38.75,0.210
40.29,-38.73,0.210
40.29,-38.71,0.210
40.29,-38.70,0.210
40.29,-38.68,0.210
40.30,-38.66,0.210
40.30,-38.65,0.210
40.30,-38.63,0.210
40.30,-38.61,0.210
40.30,-38.59,0.210
40.31,-38.58,0.210
40.31,-38.56,0.210
40.31,-38.55,0.210
40.31,-38.53,0.210
40.31,-38.51,0.210
40.31,-38.49,0.210
40.31,-38.48,0.210
40.32,-38.46,0.210
40.32,-38.44,0.210
40.32,-38.43,0.210
40.32,-38.41,0.210
40.32,-38.39,0.210
40.33,-38.38,0.210
40.33,-38.36,0.210
40.33,-38.34,0.210
40.33,-38.33,0.210
40.33,-38.31,0.210
40.33,-38.29,0.210
40.34,-38.28,0.210
40.34,-38.26,0.210
40.34,-38.24,0.210
40.34,-38.23,0.210
40.34,-38.21,0.210
40.34,-38.19,0.210
40.34,-38.18,0.210
40.35,-38.16,0.210
40.35,-38.14,0.210
40.35,-38.13,0.210
40.35,-38.11,0.210
40.35,-38.09,0.210
40.36,-38.08,0.210
40.36,-38.06,0.210
40.36,-38.04,0.210
40.36,-38.03,0.210
40.36,-38.01,0.210
40.36,-38.00,0.210
40.36,-37.98,0.210
40.37,-37.96,0.210
40.37,-37.94,0.210
40.37,-37.93,0.210
40.37,-37.91,0.210
40.37,-37.89,0.210
40.38,-37.88,0.210
40.38,-37.86,0.210
40.38,-37.84,0.210
40.38,-37.83,0.210
40.38,-37.81,0.210
40.38,-37.79,0.210
40.39,-37.78,0.210
40.39,-37.76,0.210
40.39,-37.74,0.210
40.39,-37.73,0.210
40.39,-37.71,0.210
40.39,-37.69,0.210
40.39,-37.68,0.210
40.40,-37.66,0.210
40.40,-37.64,0.210
40.40,-37.63,0.211
40.40,-37.61,0.211
40.40,-37.59,0.211
40.41,-37.58,0.211
40.41,-37.56,0.211
40.41,-37.54,0.211
40.41,-37.53,0.211
40.41,-37.51,0.211
40.41,-37.49,0.211
40.41,-37.47,0.211
40.42,-37.46,0.211
40.42,-37.44,0.211
40.42,-37.43,0.211
40.42,-37.41,0.211
40.42,-37.39,0.211
40.43,-37.38,0.211
40.43,-37.36,0.211
40.43,-37.34,0.211
40.43,-37.33,0.211
40.43,-37.31,0.211
40.43,-37.29,0.211
40.44,-37.28,0.211
40.44,-37.26,0.211
40.44,-37.24,0.211
40.44,-37.23,0.211
40.44,-37.21,0.211
40.44,-37.19,0.211
40.44,-37.18,0.211
40.45,-37.16,0.211
40.45,-37.14,0.211
40.45,-37.13,0.211
40.45,-37.11,0.211
40.45,-37.09,0.211
40.46,-37.07,0.211
40.46,-37.06,0.211
40.46,-37.04,0.211
40.46,-37.02,0.211
40.46,-37.01,0.211
40.46,-36.99,0.211
40.46,-36.97,0.211
40.47,-36.96,0.211
40.47,-36.94,0.211
40.47,-36.92,0.211
40.47,-36.91,0.211
40.47,-36.89,0.211
40.48,-36.87,0.211
40.48,-36.86,0.211
40.48,-36.84,0.211
40.48,-36.82,0.211
40.48,-36.81,0.211
40.48,-36.79,0.211
40.49,-36.77,0.211
40.49,-36.76,0.211
40.49,-36.74,0.211
40.49,-36.72,0.211
40.49,-36.71,0.211
40.49,-36.69,0.211
40.49,-36.68,0.211
40.50,-36.66,0.211
40.50,-36.64,0.211
40.50,-36.62,0.211
40.50,-36.61,0.211
40.50,-36.59,0.211
40.51,-36.57,0.211
40.51,-36.56,0.211
40.51,-36.54,0.211
40.51,-36.52,0.211
40.51,-36.51,0.211
40.51,-36.49,0.211
40.51,-36.48,0.211
40.52,-36.46,0.211
40.52,-36.44,0.211
40.52,-36.43,0.211
40.52,-36.41,0.211
40.52,-36.39,0.211
40.53,-36.38,0.211
40.53,-36.36,0.211
40.53,-36.34,0.211
40.53,-36.32,0.211
40.53,-36.31,0.211
40.53,-36.29,0.211
40.54,-36.27,0.211
40.54,-36.26,0.211
40.54,-36.24,0.212
40.54,-36.22,0.212
40.54,-36.21,0.212
40.54,-36.19,0.212
40.54,-36.17,0.212
40.55,-36.16,0.212
40.55,-36.14,0.212
40.55,-36.12,0.212
40.55,-36.11,0.212
40.55,-36.09,0.212
40.56,-36.07,0.212
40.56,-36.06,0.212
40.56,-36.04,0.212
40.56,-36.02,0.212
40.56,-36.01,0.212
40.56,-35.99,0.212
40.56,-35.97,0.212
40.57,-35.96,0.212
40.57,-35.94,0.212
40.57,-35.92,0.212
40.57,-35.91,0.212
40.57,-35.89,0.212
40.58,-35.87,0.212
40.58,-35.86,0.212
40.58,-35.84,0.212
40.58,-35.82,0.212
40.58,-35.81,0.212
40.58,-35.79,0.212
40.59,-35.78,0.212
40.59,-35.76,0.212
40.59,-35.74,0.212
40.59,-35.72,0.212
40.59,-35.71,0.212
40.59,-35.69,0.212
40.59,-35.67,0.212
40.60,-35.66,0.212
40.60,-35.64,0.212
40.60,-35.62,0.212
40.60,-35.61,0.212
40.60,-35.59,0.212
40.61,-35.57,0.212
40.61,-35.56,0.212
40.61,-35.54,0.212
40.61,-35.52,0.212
40.61,-35.51,0.212
40.61,-35.49,0.212
40.61,-35.47,0.212
40.62,-35.46,0.212
40.62,-35.44,0.212
40.62,-35.42,0.212
40.62,-35.41,0.212
40.62,-35.39,0.212
40.63,-35.37,0.212
40.63,-35.36,0.212
40.63,-35.34,0.212
40.63,-35.32,0.212
40.63,-35.31,0.212
40.63,-35.29,0.212
40.64,-35.27,0.212
40.64,-35.25,0.212
40.64,-35.24,0.212
40.64,-35.22,0.212
40.64,-35.21,0.212
40.64,-35.19,0.212
40.64,-35.17,0.212
40.65,-35.16,0.212
40.65,-35.14,0.212
40.65,-35.12,0.212
40.65,-35.11,0.212
40.65,-35.09,0.212
40.66,-35.07,0.212
40.66,-35.06,0.212
40.66,-35.04,0.212
40.66,-35.02,0.212
40.66,-35.00,0.212
40.66,-34.99,0.212
40.66,-34.97,0.212
40.67,-34.96,0.212
40.67,-34.94,0.212
40.67,-34.92,0.212
40.67,-34.91,0.212
40.67,-34.89,0.212
40.68,-34.87,0.212
40.68,-34.85,0.212
40.68,-34.84,0.212
40.68,-34.82,0.212
40.68,-34.81,0.212
40.68,-34.79,0.212
40.69,-34.77,0.212
40.69,-34.76,0.212
40.69,-34.74,0.212
40.69,-34.72,0.212
40.69,-34.71,0.212
40.69,-34.69,0.212
40.69,-34.67,0.212
40.70,-34.65,0.212
40.70,-34.64,0.212
40.70,-34.62,0.212
40.70,-34.61,0.212
40.70,-34.59,0.212
40.71,-34.57,0.212
40.71,-34.55,0.212
40.71,-34.54,0.212
40.71,-34.52,0.213
40.71,-34.51,0.213
40.71,-34.49,0.213
40.71,-34.47,0.213
40.72,-34.46,0.213
40.72,-34.44,0.213
40.72,-34.42,0.213
40.72,-34.40,0.213
40.72,-34.39,0.213
40.73,-34.37,0.213
40.73,-34.36,0.213
40.73,-34.34,0.213
40.73,-34.32,0.213
40.73,-34.30,0.213
40.73,-34.29,0.213
40.74,-34.27,0.213
40.74,-34.25,0.213
40.74,-34.24,0.213
40.74,-34.22,0.213
40.74,-34.20,0.213
40.74,-34.19,0.213
40.74,-34.17,0.213
40.75,-34.15,0.213
40.75,-34.14,0.213
40.75,-34.12,0.213
40.75,-34.10,0.213
40.75,-34.09,0.213
40.76,-34.07,0.213
40.76,-34.06,0.213
40.76,-34.04,0.213
40.76,-34.02,0.213
40.76,-34.00,0.213
40.76,-33.99,0.213
40.76,-33.97,0.213
40.77,-33.95,0.213
40.77,-33.94,0.213
40.77,-33.92,0.213
40.77,-33.90,0.213
40.77,-33.89,0.213
40.78,-33.87,0.213
40.78,-33.85,0.213
40.78,-33.84,0.213
40.78,-33.82,0.213
40.78,-33.81,0.213
40.78,-33.79,0.213
40.79,-33.77,0.213
40.79,-33.75,0.213
40.79,-33.74,0.213
40.79,-33.72,0.213
40.79,-33.70,0.213
40.79,-33.69,0.213
40.79,-33.67,0.213
40.80,-33.65,0.213
40.80,-33.64,0.213
40.80,-33.62,0.213
40.80,-33.60,0.213
40.80,-33.59,0.213
40.81,-33.57,0.213
40.81,-33.55,0.213
40.81,-33.54,0.213
40.81,-33.52,0.213
40.81,-33.50,0.213
40.81,-33.49,0.213
40.81,-33.47,0.213
40.82,-33.45,0.213
40.82,-33.44,0.213
40.82,-33.42,0.213
40.82,-33.40,0.213
40.82,-33.39,0.213
40.83,-33.37,0.213
40.83,-33.35,0.213
40.83,-33.34,0.213
40.83,-33.32,0.213
40.83,-33.30,0.213
40.83,-33.29,0.213
40.84,-33.27,0.213
40.84,-33.25,0.213
40.84,-33.24,0.213
40.84,-33.22,0.213
40.84,-33.20,0.213
40.84,-33.19,0.213
40.84,-33.17,0.213
40.85,-33.15,0.213
40.85,-33.14,0.213
40.85,-33.12,0.213
40.85,-33.10,0.213
40.85,-33.09,0.213
40.86,-33.07,0.213
40.86,-33.05,0.213
40.86,-33.04,0.213
40.86,-33.02,0.213
40.86,-33.00,0.213
40.86,-32.99,0.213
40.86,-32.97,0.213
40.87,-32.95,0.213
40.87,-32.94,0.213
40.87,-32.92,0.213
40.87,-32.90,0.213
40.87,-32.89,0.213
40.88,-32.87,0.213
40.88,-32.85,0.213
40.88,-32.84,0.214
40.88,-32.82,0.214
40.88,-32.80,0.214
40.88,-32.79,0.214
40.89,-32.77,0.214
40.89,-32.75,0.214
40.89,-32.74,0.214
40.89,-32.72,0.214
40.89,-32.70,0.214
40.89,-32.69,0.214
40.89,-32.67,0.214
40.90,-32.65,0.214
40.90,-32.64,0.214
40.90,-32.62,0.214
40.90,-32.60,0.214
40.90,-32.59,0.214
40.91,-32.57,0.214
40.91,-32.55,0.214
40.91,-32.54,0.214
40.91,-32.52,0.214
40.91,-32.50,0.214
40.91,-32.49,0.214
40.91,-32.47,0.214
40.92,-32.45,0.214
40.92,-32.44,0.214
40.92,-32.42,0.214
40.92,-32.40,0.214
40.92,-32.39,0.214
40.93,-32.37,0.214
40.93,-32.35,0.214
40.93,-32.34,0.214
40.93,-32.32,0.214
40.93,-32.30,0.214
40.93,-32.28,0.214
40.94,-32.27,0.214
40.94,-32.25,0.214
40.94,-32.24,0.214
40.94,-32.22,0.214
40.94,-32.20,0.214
40.94,-32.19,0.214
40.94,-32.17,0.214
40.95,-32.15,0.214
40.95,-32.14,0.214
40.95,-32.12,0.214
40.95,-32.10,0.214
40.95,-32.09,0.214
40.96,-32.07,0.214
40.96,-32.05,0.214
40.96,-32.04,0.214
40.96,-32.02,0.214
40.96,-32.00,0.214
40.96,-31.99,0.214
40.96,-31.97,0.214
40.97,-31.95,0.214
40.97,-31.94,0.214
40.97,-31.92,0.214
40.97,-31.90,0.214
40.97,-31.88,0.214
40.98,-31.87,0.214
40.98,-31.85,0.214
40.98,-31.83,0.214
40.98,-31.82,0.214
40.98,-31.80,0.214
40.98,-31.78,0.214
40.99,-31.77,0.214
40.99,-31.75,0.214
40.99,-31.74,0.214
40.99,-31.72,0.214
40.99,-31.70,0.214
40.99,-31.69,0.214
40.99,-31.67,0.214
41.00,-31.65,0.214
41.00,-31.63,0.214
41.00,-31.62,0.214
41.00,-31.60,0.214
41.00,-31.58,0.214
41.01,-31.57,0.214
41.01,-31.55,0.214
41.01,-31.53,0.214
41.01,-31.52,0.214
41.01,-31.50,0.214
41.01,-31.49,0.214
41.01,-31.47,0.214
41.02,-31.45,0.214
41.02,-31.44,0.214
41.02,-31.42,0.214
41.02,-31.40,0.214
41.02,-31.39,0.214
41.03,-31.37,0.214
41.03,-31.35,0.214
41.03,-31.33,0.214
41.03,-31.32,0.214
41.03,-31.30,0.214
41.03,-31.28,0.214
41.04,-31.27,0.214
41.04,-31.25,0.214
41.04,-31.23,0.214
41.04,-31.22,0.214
41.04,-31.20,0.214
41.04,-31.18,0.214
41.04,-31.17,0.214
41.05,-31.15,0.214
41.05,-31.13,0.214
41.05,-31.12,0.214
41.05,-31.10,0.215
41.05,-31.08,0.215
41.06,-31.07,0.215
41.06,-31.05,0.215
41.06,-31.03,0.215
41.06,-31.02,0.215
41.06,-31.00,0.215
41.06,-30.98,0.215
41.06,-30.97,0.215
41.07,-30.95,0.215
41.07,-30.93,0.215
41.07,-30.92,0.215
41.07,-30.90,0.215
41.07,-30.88,0.215
41.08,-30.87,0.215
41.08,-30.85,0.215
41.08,-30.83,0.215
41.08,-30.82,0.215
41.08,-30.80,0.215
41.08,-30.78,0.215
41.09,-30.77,0.215
41.09,-30.75,0.215
41.09,-30.73,0.215
41.09,-30.72,0.215
41.09,-30.70,0.215
41.09,-30.68,0.215
41.09,-30.67,0.215
41.10,-30.65,0.215
41.10,-30.63,0.215
41.10,-30.62,0.215
41.10,-30.60,0.215
41.10,-30.58,0.215
41.11,-30.57,0.215
41.11,-30.55,0.215
41.11,-30.54,0.215
41.11,-30.52,0.215
41.11,-30.50,0.215
41.11,-30.48,0.215
41.11,-30.47,0.215
41.12,-30.45,0.215
41.12,-30.43,0.215
41.12,-30.42,0.215
41.12,-30.40,0.215
41.12,-30.38,0.215
41.13,-30.37,0.215
41.13,-30.35,0.215
41.13,-30.33,0.215
41.13,-30.32,0.215
41.13,-30.30,0.215
41.13,-30.28,0.215
41.14,-30.27,0.215
41.14,-30.25,0.215
41.14,-30.23,0.215
41.14,-30.22,0.215
41.14,-30.20,0.215
41.14,-30.18,0.215
41.14,-30.17,0.215
41.15,-30.15,0.215
41.15,-30.13,0.215
41.15,-30.12,0.215
41.15,-30.10,0.215
41.15,-30.08,0.215
41.16,-30.07,0.215
41.16,-30.05,0.215
41.16,-30.03,0.215
41.16,-30.01,0.215
41.16,-30.00,0.215
41.16,-29.98,0.215
41.16,-29.96,0.215
41.17,-29.95,0.215
41.17,-29.93,0.215
41.17,-29.92,0.215
41.17,-29.90,0.215
41.17,-29.88,0.215
41.18,-29.87,0.215
41.18,-29.85,0.215
41.18,-29.83,0.215
41.18,-29.82,0.215
41.18,-29.80,0.215
41.18,-29.78,0.215
41.19,-29.77,0.215
41.19,-29.75,0.215
41.19,-29.73,0.215
41.19,-29.71,0.215
41.19,-29.70,0.215
41.19,-29.68,0.215
41.19,-29.67,0.215
41.20,-29.65,0.215
41.20,-29.63,0.215
41.20,-29.62,0.215
41.20,-29.60,0.215
41.20,-29.58,0.215
41.21,-29.57,0.215
41.21,-29.55,0.215
41.21,-29.53,0.215
41.21,-29.51,0.215
41.21,-29.50,0.215
41.21,-29.48,0.215
41.21,-29.47,0.215
41.22,-29.45,0.216
41.22,-29.43,0.216
41.22,-29.41,0.216
41.22,-29.40,0.216
41.22,-29.38,0.216
41.23,-29.36,0.216
41.23,-29.35,0.216
41.23,-29.33,0.216
41.23,-29.32,0.216
41.23,-29.30,0.216
41.23,-29.28,0.216
41.24,-29.27,0.216
41.24,-29.25,0.216
41.24,-29.23,0.216
41.24,-29.21,0.216
41.24,-29.20,0.216
41.24,-29.18,0.216
41.24,-29.16,0.216
41.25,-29.15,0.216
41.25,-29.13,0.216
41.25,-29.11,0.216
41.25,-29.10,0.216
41.25,-29.08,0.216
41.26,-29.06,0.216
41.26,-29.05,0.216
41.26,-29.03,0.216
41.26,-29.01,0.216
41.26,-29.00,0.216
41.26,-28.98,0.216
41.26,-28.96,0.216
41.27,-28.95,0.216
41.27,-28.93,0.216
41.27,-28.91,0.216
41.27,-28.90,0.216
41.27,-28.88,0.216
41.28,-28.86,0.216
41.28,-28.85,0.216
41.28,-28.83,0.216
41.28,-28.81,0.216
41.28,-28.80,0.216
41.28,-28.78,0.216
41.29,-28.76,0.216
41.29,-28.75,0.216
41.29,-28.73,0.216
41.29,-28.71,0.216
41.29,-28.70,0.216
41.29,-28.68,0.216
41.29,-28.66,0.216
41.30,-28.65,0.216
41.30,-28.63,0.216
41.30,-28.61,0.216
41.30,-28.60,0.216
41.30,-28.58,0.216
41.31,-28.56,0.216
41.31,-28.55,0.216
41.31,-28.53,0.216
41.31,-28.51,0.216
41.31,-28.50,0.216
41.31,-28.48,0.216
41.31,-28.46,0.216
41.32,-28.45,0.216
41.32,-28.43,0.216
41.32,-28.41,0.216
41.32,-28.40,0.216
41.32,-28.38,0.216
41.33,-28.36,0.216
41.33,-28.35,0.216
41.33,-28.33,0.216
41.33,-28.31,0.216
41.33,-28.30,0.216
41.33,-28.28,0.216
41.34,-28.26,0.216
41.34,-28.25,0.216
41.34,-28.23,0.216
41.34,-28.21,0.216
41.34,-28.20,0.216
41.34,-28.18,0.216
41.34,-28.16,0.216
41.35,-28.15,0.216
41.35,-28.13,0.216
41.35,-28.11,0.216
41.35,-28.10,0.216
41.35,-28.08,0.216
41.36,-28.06,0.216
41.36,-28.05,0.216
41.36,-28.03,0.216
41.36,-28.01,0.216
41.36,-28.00,0.216
41.36,-27.98,0.216
41.36,-27.96,0.216
41.37,-27.95,0.216
41.37,-27.93,0.216
41.37,-27.91,0.216
41.37,-27.90,0.216
41.37,-27.88,0.216
41.38,-27.86,0.216
41.38,-27.85,0.216
41.38,-27.83,0.217
41.38,-27.81,0.217
41.38,-27.80,0.217
41.38,-27.78,0.217
41.39,-27.76,0.217
41.39,-27.75,0.217
41.39,-27.73,0.217
41.39,-27.71,0.217
41.39,-27.69,0.217
41.39,-27.68,0.217
41.39,-27.66,0.217
41.40,-27.65,0.217
41.40,-27.63,0.217
41.40,-27.61,0.217
41.40,-27.60,0.217
41.40,-27.58,0.217
41.41,-27.56,0.217
41.41,-27.55,0.217
41.41,-27.53,0.217
41.41,-27.51,0.217
41.41,-27.50,0.217
41.41,-27.48,0.217
41.41,-27.46,0.217
41.42,-27.45,0.217
41.42,-27.43,0.217
41.42,-27.41,0.217
41.42,-27.39,0.217
41.42,-27.38,0.217
41.43,-27.36,0.217
41.43,-27.35,0.217
41.43,-27.33,0.217
41.43,-27.31,0.217
41.43,-27.30,0.217
41.43,-27.28,0.217
41.44,-27.26,0.217
41.44,-27.25,0.217
41.44,-27.23,0.217
41.44,-27.21,0.217
41.44,-27.20,0.217
41.44,-27.18,0.217
41.44,-27.16,0.217
41.45,-27.14,0.217
41.45,-27.13,0.217
41.45,-27.11,0.217
41.45,-27.10,0.217
41.45,-27.08,0.217
41.46,-27.06,0.217
41.46,-27.04,0.217
41.46,-27.03,0.217
41.46,-27.01,0.217
41.46,-27.00,0.217
41.46,-26.98,0.217
41.46,-26.96,0.217
41.47,-26.94,0.217
41.47,-26.93,0.217
41.47,-26.91,0.217
41.47,-26.89,0.217
41.47,-26.88,0.217
41.48,-26.86,0.217
41.48,-26.84,0.217
41.48,-26.83,0.217
41.48,-26.81,0.217
41.48,-26.79,0.217
41.48,-26.78,0.217
41.49,-26.76,0.217
41.49,-26.75,0.217
41.49,-26.73,0.217
41.49,-26.71,0.217
41.49,-26.69,0.217
41.49,-26.68,0.217
41.49,-26.66,0.217
41.50,-26.65,0.217
41.50,-26.63,0.217
41.50,-26.61,0.217
41.50,-26.59,0.217
41.50,-26.58,0.217
41.51,-26.56,0.217
41.51,-26.54,0.217
41.51,-26.53,0.217
41.51,-26.51,0.217
41.51,-26.50,0.217
41.51,-26.48,0.217
41.51,-26.46,0.217
41.52,-26.45,0.217
41.52,-26.43,0.217
41.52,-26.41,0.217
41.52,-26.40,0.217
41.52,-26.38,0.217
41.53,-26.36,0.217
41.53,-26.35,0.217
41.53,-26.33,0.217
41.53,-26.31,0.217
41.53,-26.29,0.217
41.53,-26.28,0.217
41.54,-26.26,0.217
41.54,-26.24,0.217
41.54,-26.23,0.217
41.54,-26.21,0.217
41.54,-26.19,0.217
41.54,-26.18,0.218
41.54,-26.16,0.218
41.55,-26.14,0.218
41.55,-26.13,0.218
41.55,-26.11,0.218
41.55,-26.09,0.218
41.55,-26.08,0.218
41.56,-26.06,0.218
41.56,-26.04,0.218
41.56,-26.03,0.218
41.56,-26.01,0.218
41.56,-25.99,0.218
41.56,-25.98,0.218
41.56,-25.96,0.218
41.57,-25.94,0.218
41.57,-25.93,0.218
41.57,-25.91,0.218
41.57,-25.90,0.218
41.57,-25.88,0.218
41.58,-25.86,0.218
41.58,-25.84,0.218
41.58,-25.83,0.218
41.58,-25.81,0.218
41.58,-25.79,0.218
41.58,-25.78,0.218
41.59,-25.76,0.218
41.59,-25.74,0.218
41.59,-25.73,0.218
41.59,-25.71,0.218
41.59,-25.70,0.218
41.59,-25.68,0.218
41.59,-25.66,0.218
41.60,-25.64,0.218
41.60,-25.63,0.218
41.60,-25.61,0.218
41.60,-25.59,0.218
41.60,-25.58,0.218
41.61,-25.56,0.218
41.61,-25.54,0.218
41.61,-25.53,0.218
41.61,-25.51,0.218
41.61,-25.49,0.218
41.61,-25.48,0.218
41.61,-25.46,0.218
41.62,-25.44,0.218
41.62,-25.43,0.218
41.62,-25.41,0.218
41.62,-25.39,0.218
41.62,-25.38,0.218
41.63,-25.36,0.218
41.63,-25.34,0.218
41.63,-25.33,0.218
41.63,-25.31,0.218
41.63,-25.29,0.218
41.63,-25.28,0.218
41.64,-25.26,0.218
41.64,-25.24,0.218
41.64,-25.23,0.218
41.64,-25.21,0.218
41.64,-25.19,0.218
41.64,-25.18,0.218
41.64,-25.16,0.218
41.65,-25.14,0.218
41.65,-25.13,0.218
41.65,-25.11,0.218
41.65,-25.09,0.218
41.65,-25.08,0.218
41.66,-25.06,0.218
41.66,-25.04,0.218
41.66,-25.03,0.218
41.66,-25.01,0.218
41.66,-24.99,0.218
41.66,-24.98,0.218
41.66,-24.96,0.218
41.67,-24.94,0.218
41.67,-24.93,0.218
41.67,-24.91,0.218
41.67,-24.89,0.218
41.67,-24.88,0.218
41.68,-24.86,0.218
41.68,-24.84,0.218
41.68,-24.83,0.218
41.68,-24.81,0.218
41.68,-24.79,0.218
41.68,-24.78,0.218
41.69,-24.76,0.218
41.69,-24.74,0.218
41.69,-24.73,0.218
41.69,-24.71,0.218
41.69,-24.69,0.218
41.69,-24.68,0.218
41.69,-24.66,0.218
41.70,-24.64,0.219
41.70,-24.62,0.219
41.70,-24.61,0.219
41.70,-24.59,0.219
41.70,-24.57,0.219
41.71,-24.56,0.219
41.71,-24.54,0.219
41.71,-24.53,0.219
41.71,-24.51,0.219
41.71,-24.49,0.219
41.71,-24.47,0.219
41.71,-24.46,0.219
41.72,-24.44,0.219
41.72,-24.42,0.219
41.72,-24.41,0.219
41.72,-24.39,0.219
41.72,-24.37,0.219
41.73,-24.36,0.219
41.73,-24.34,0.219
41.73,-24.33,0.219
41.73,-24.31,0.219
41.73,-24.29,0.219
41.73,-24.28,0.219
41.74,-24.26,0.219
41.74,-24.24,0.219
41.74,-24.23,0.219
41.74,-24.21,0.219
41.74,-24.19,0.219
41.74,-24.18,0.219
41.74,-24.16,0.219
41.75,-24.14,0.219
41.75,-24.12,0.219
41.75,-24.11,0.219
41.75,-24.09,0.219
41.75,-24.07,0.219
41.76,-24.06,0.219
41.76,-24.04,0.219
41.76,-24.02,0.219
41.76,-24.01,0.219
41.76,-23.99,0.219
41.76,-23.97,0.219
41.76,-23.96,0.219
41.77,-23.94,0.219
41.77,-23.92,0.219
41.77,-23.91,0.219
41.77,-23.89,0.219
41.77,-23.87,0.219
41.78,-23.86,0.219
41.78,-23.84,0.219
41.78,-23.82,0.219
41.78,-23.81,0.219
41.78,-23.79,0.219
41.78,-23.77,0.219
41.79,-23.76,0.219
41.79,-23.74,0.219
41.79,-23.72,0.219
41.79,-23.71,0.219
41.79,-23.69,0.219
41.79,-23.67,0.219
41.79,-23.66,0.219
41.80,-23.64,0.219
41.80,-23.62,0.219
41.80,-23.61,0.219
41.80,-23.59,0.219
41.80,-23.57,0.219
41.81,-23.56,0.219
41.81,-23.54,0.219
41.81,-23.52,0.219
41.81,-23.51,0.219
41.81,-23.49,0.219
41.81,-23.47,0.219
41.81,-23.46,0.219
41.82,-23.44,0.219
41.82,-23.42,0.219
41.82,-23.41,0.219
41.82,-23.39,0.219
41.82,-23.37,0.219
41.83,-23.36,0.219
41.83,-23.34,0.219
41.83,-23.33,0.219
41.83,-23.31,0.219
41.83,-23.29,0.219
41.83,-23.27,0.219
41.84,-23.26,0.219
41.84,-23.24,0.219
41.84,-23.22,0.219
41.84,-23.21,0.219
41.84,-23.19,0.219
41.84,-23.17,0.220
41.84,-23.16,0.220
41.85,-23.14,0.220
41.85,-23.12,0.220
41.85,-23.11,0.220
41.85,-23.09,0.220
41.85,-23.07,0.220
41.86,-23.06,0.220
41.86,-23.04,0.220
41.86,-23.02,0.220
41.86,-23.01,0.220
41.86,-22.99,0.220
41.86,-22.97,0.220
41.86,-22.96,0.220
41.87,-22.94,0.220
41.87,-22.92,0.220
41.87,-22.91,0.220
41.87,-22.89,0.220
41.87,-22.87,0.220
41.88,-22.86,0.220
41.88,-22.84,0.220
41.88,-22.82,0.220
41.88,-22.81,0.220
41.88,-22.79,0.220
41.88,-22.77,0.220
41.89,-22.76,0.220
41.89,-22.74,0.220
41.89,-22.72,0.220
41.89,-22.71,0.220
41.89,-22.69,0.220
41.89,-22.67,0.220
41.89,-22.66,0.220
41.90,-22.64,0.220
41.90,-22.62,0.220
41.90,-22.61,0.220
41.90,-22.59,0.220
41.90,-22.57,0.220
41.91,-22.56,0.220
41.91,-22.54,0.220
41.91,-22.52,0.220
41.91,-22.51,0.220
41.91,-22.49,0.220
41.91,-22.47,0.220
41.91,-22.45,0.220
41.92,-22.44,0.220
41.92,-22.42,0.220
41.92,-22.41,0.220
41.92,-22.39,0.220
41.92,-22.37,0.220
41.93,-22.36,0.220
41.93,-22.34,0.220
41.93,-22.32,0.220
41.93,-22.31,0.220
41.93,-22.29,0.220
41.93,-22.27,0.220
41.94,-22.26,0.220
41.94,-22.24,0.220
41.94,-22.22,0.220
41.94,-22.21,0.220
41.94,-22.19,0.220
41.94,-22.17,0.220
41.94,-22.15,0.220
41.95,-22.14,0.220
41.95,-22.12,0.220
41.95,-22.10,0.220
41.95,-22.09,0.220
41.95,-22.07,0.220
41.96,-22.05,0.220
41.96,-22.04,0.220
41.96,-22.02,0.220
41.96,-22.00,0.220
41.96,-21.99,0.220
41.96,-21.97,0.220
41.96,-21.95,0.220
41.97,-21.94,0.220
41.97,-21.92,0.220
41.97,-21.91,0.220
41.97,-21.89,0.220
41.97,-21.87,0.220
41.98,-21.85,0.220
41.98,-21.84,0.220
41.98,-21.82,0.220
41.98,-21.81,0.220
41.98,-21.79,0.220
41.98,-21.77,0.221
41.99,-21.75,0.221
41.99,-21.74,0.221
41.99,-21.72,0.221
41.99,-21.70,0.221
41.99,-21.69,0.221
41.99,-21.67,0.221
41.99,-21.65,0.221
42.00,-21.64,0.221
42.00,-21.62,0.221
42.00,-21.61,0.221
42.00,-21.59,0.221
42.00,-21.57,0.221
42.01,-21.56,0.221
42.01,-21.54,0.221
42.01,-21.52,0.221
42.01,-21.50,0.221
42.01,-21.49,0.221
42.01,-21.47,0.221
42.01,-21.45,0.221
42.02,-21.44,0.221
42.02,-21.42,0.221
42.02,-21.40,0.221
42.02,-21.39,0.221
42.02,-21.37,0.221
42.03,-21.35,0.221
42.03,-21.34,0.221
42.03,-21.32,0.221
42.03,-21.30,0.221
42.03,-21.29,0.221
42.03,-21.27,0.221
42.04,-21.25,0.221
42.04,-21.24,0.221
42.04,-21.22,0.221
42.04,-21.21,0.221
42.04,-21.19,0.221
42.04,-21.17,0.221
42.04,-21.15,0.221
42.05,-21.14,0.221
42.05,-21.12,0.221
42.05,-21.10,0.221
42.05,-21.09,0.221
42.05,-21.07,0.221
42.06,-21.05,0.221
42.06,-21.04,0.221
42.06,-21.02,0.221
42.06,-21.01,0.221
42.06,-20.99,0.221
42.06,-20.97,0.221
42.06,-20.95,0.221
42.07,-20.94,0.221
42.07,-20.92,0.221
42.07,-20.90,0.221
42.07,-20.89,0.221
42.07,-20.87,0.221
42.08,-20.85,0.221
42.08,-20.84,0.221
42.08,-20.82,0.221
42.08,-20.80,0.221
42.08,-20.79,0.221
42.08,-20.77,0.221
42.09,-20.75,0.221
42.09,-20.74,0.221
42.09,-20.72,0.221
42.09,-20.70,0.221
42.09,-20.69,0.221
42.09,-20.67,0.221
42.09,-20.65,0.221
42.10,-20.64,0.221
42.10,-20.62,0.221
42.10,-20.60,0.221
42.10,-20.59,0.221
42.10,-20.57,0.221
42.11,-20.55,0.221
42.11,-20.54,0.221
42.11,-20.52,0.221
42.11,-20.50,0.221
42.11,-20.49,0.221
42.11,-20.47,0.221
42.11,-20.45,0.221
42.12,-20.44,0.221
42.12,-20.42,0.221
42.12,-20.40,0.221
42.12,-20.39,0.221
42.12,-20.37,0.221
42.13,-20.35,0.221
42.13,-20.34,0.221
42.13,-20.32,0.221
42.13,-20.30,0.221
42.13,-20.29,0.221
42.13,-20.27,0.221
42.14,-20.25,0.221
42.14,-20.24,0.221
42.14,-20.22,0.222
42.14,-20.20,0.222
42.14,-20.19,0.222
42.14,-20.17,0.222
42.14,-20.15,0.222
42.15,-20.14,0.222
42.15,-20.12,0.222
42.15,-20.10,0.222
42.15,-20.09,0.222
42.15,-20.07,0.222
42.16,-20.05,0.222
42.16,-20.04,0.222
42.16,-20.02,0.222
42.16,-20.00,0.222
42.16,-19.99,0.222
42.16,-19.97,0.222
42.16,-19.95,0.222
42.17,-19.94,0.222
42.17,-19.92,0.222
42.17,-19.90,0.222
42.17,-19.89,0.222
42.17,-19.87,0.222
42.18,-19.85,0.222
42.18,-19.84,0.222
42.18,-19.82,0.222
42.18,-19.80,0.222
42.18,-19.79,0.222
42.18,-19.77,0.222
42.19,-19.75,0.222
42.19,-19.74,0.222
42.19,-19.72,0.222
42.19,-19.70,0.222
42.19,-19.69,0.222
42.19,-19.67,0.222
42.19,-19.65,0.222
42.20,-19.64,0.222
42.20,-19.62,0.222
42.20,-19.60,0.222
42.20,-19.59,0.222
42.20,-19.57,0.222
42.21,-19.55,0.222
42.21,-19.54,0.222
42.21,-19.52,0.222
42.21,-19.50,0.222
42.21,-19.49,0.222
42.21,-19.47,0.222
42.21,-19.45,0.222
42.22,-19.44,0.222
42.22,-19.42,0.222
42.22,-19.40,0.222
42.22,-19.39,0.222
42.22,-19.37,0.222
42.23,-19.35,0.222
42.23,-19.34,0.222
42.23,-19.32,0.222
42.23,-19.30,0.222
42.23,-19.29,0.222
42.23,-19.27,0.222
42.24,-19.25,0.222
42.24,-19.24,0.222
42.24,-19.22,0.222
42.24,-19.20,0.222
42.24,-19.18,0.222
42.24,-19.17,0.222
42.24,-19.15,0.222
42.25,-19.14,0.222
42.25,-19.12,0.222
42.25,-19.10,0.222
42.25,-19.09,0.222
42.25,-19.07,0.222
42.26,-19.05,0.222
42.26,-19.04,0.222
42.26,-19.02,0.222
42.26,-19.00,0.222
42.26,-18.98,0.222
42.26,-18.97,0.222
42.26,-18.95,0.222
42.27,-18.94,0.222
42.27,-18.92,0.222
42.27,-18.90,0.222
42.27,-18.89,0.222
42.27,-18.87,0.222
42.28,-18.85,0.222
42.28,-18.83,0.222
42.28,-18.82,0.222
42.28,-18.80,0.223
42.28,-18.78,0.223
42.28,-18.77,0.223
42.29,-18.75,0.223
42.29,-18.74,0.223
42.29,-18.72,0.223
42.29,-18.70,0.223
42.29,-18.69,0.223
42.29,-18.67,0.223
42.29,-18.65,0.223
42.30,-18.63,0.223
42.30,-18.62,0.223
42.30,-18.60,0.223
42.30,-18.58,0.223
42.30,-18.57,0.223
42.31,-18.55,0.223
42.31,-18.53,0.223
42.31,-18.52,0.223
42.31,-18.50,0.223
42.31,-18.48,0.223
42.31,-18.47,0.223
42.31,-18.45,0.223
42.32,-18.43,0.223
42.32,-18.42,0.223
42.32,-18.40,0.223
42.32,-18.38,0.223
42.32,-18.37,0.223
42.33,-18.35,0.223
42.33,-18.33,0.223
42.33,-18.32,0.223
42.33,-18.30,0.223
42.33,-18.28,0.223
42.33,-18.27,0.223
42.34,-18.25,0.223
42.34,-18.23,0.223
42.34,-18.22,0.223
42.34,-18.20,0.223
42.34,-18.18,0.223
42.34,-18.17,0.223
42.34,-18.15,0.223
42.35,-18.14,0.223
42.35,-18.12,0.223
42.35,-18.10,0.223
42.35,-18.08,0.223
42.35,-18.07,0.223
42.36,-18.05,0.223
42.36,-18.03,0.223
42.36,-18.02,0.223
42.36,-18.00,0.223
42.36,-17.98,0.223
42.36,-17.97,0.223
42.36,-17.95,0.223
42.37,-17.93,0.223
42.37,-17.92,0.223
42.37,-17.90,0.223
42.37,-17.88,0.223
42.37,-17.87,0.223
42.38,-17.85,0.223
42.38,-17.83,0.223
42.38,-17.82,0.223
42.38,-17.80,0.223
42.38,-17.78,0.223
42.38,-17.77,0.223
42.39,-17.75,0.223
42.39,-17.73,0.223
42.39,-17.72,0.223
42.39,-17.70,0.223
42.39,-17.68,0.223
42.39,-17.67,0.223
42.39,-17.65,0.223
42.40,-17.63,0.223
42.40,-17.62,0.223
42.40,-17.60,0.223
42.40,-17.58,0.223
42.40,-17.57,0.223
42.41,-17.55,0.223
42.41,-17.53,0.223
42.41,-17.52,0.223
42.41,-17.50,0.223
42.41,-17.48,0.223
42.41,-17.47,0.223
42.41,-17.45,0.223
42.42,-17.43,0.223
42.42,-17.42,0.223
42.42,-17.40,0.223
42.42,-17.38,0.223
42.42,-17.37,0.223
42.43,-17.35,0.223
42.43,-17.33,0.223
42.43,-17.32,0.223
42.43,-17.30,0.223
42.43,-17.28,0.224
42.43,-17.27,0.224
42.44,-17.25,0.224
42.44,-17.23,0.224
42.44,-17.22,0.224
42.44,-17.20,0.224
42.44,-17.18,0.224
42.44,-17.17,0.224
42.44,-17.15,0.224
42.45,-17.13,0.224
42.45,-17.12,0.224
42.45,-17.10,0.224
42.45,-17.08,0.224
42.45,-17.07,0.224
42.46,-17.05,0.224
42.46,-17.03,0.224
42.46,-17.02,0.224
42.46,-17.00,0.224
42.46,-16.98,0.224
42.46,-16.97,0.224
42.46,-16.95,0.224
42.47,-16.93,0.224
42.47,-16.92,0.224
42.47,-16.90,0.224
42.47,-16.88,0.224
42.47,-16.87,0.224
42.48,-16.85,0.224
42.48,-16.83,0.224
42.48,-16.82,0.224
42.48,-16.80,0.224
42.48,-16.78,0.224
42.48,-16.76,0.224
42.49,-16.75,0.224
42.49,-16.73,0.224
42.49,-16.72,0.224
42.49,-16.70,0.224
42.49,-16.68,0.224
42.49,-16.67,0.224
42.49,-16.65,0.224
42.50,-16.63,0.224
42.50,-16.62,0.224
42.50,-16.60,0.224
42.50,-16.58,0.224
42.50,-16.57,0.224
42.51,-16.55,0.224
42.51,-16.53,0.224
42.51,-16.52,0.224
42.51,-16.50,0.224
42.51,-16.48,0.224
42.51,-16.46,0.224
42.51,-16.45,0.224
42.52,-16.43,0.224
42.52,-16.41,0.224
42.52,-16.40,0.224
42.52,-16.38,0.224
42.52,-16.36,0.224
42.53,-16.35,0.224
42.53,-16.33,0.224
42.53,-16.32,0.224
42.53,-16.30,0.224
42.53,-16.28,0.224
42.53,-16.26,0.224
42.54,-16.25,0.224
42.54,-16.23,0.224
42.54,-16.21,0.224
42.54,-16.20,0.224
42.54,-16.18,0.224
42.54,-16.16,0.224
42.54,-16.15,0.224
42.55,-16.13,0.224
42.55,-16.11,0.224
42.55,-16.10,0.224
42.55,-16.08,0.224
42.55,-16.06,0.224
42.56,-16.05,0.224
42.56,-16.03,0.224
42.56,-16.02,0.224
42.56,-16.00,0.224
42.56,-15.98,0.224
42.56,-15.96,0.224
42.56,-15.95,0.224
42.57,-15.93,0.224
42.57,-15.91,0.224
42.57,-15.90,0.225
42.57,-15.88,0.225
42.57,-15.86,0.225
42.58,-15.85,0.225
42.58,-15.83,0.225
42.58,-15.81,0.225
42.58,-15.80,0.225
42.58,-15.78,0.225
42.58,-15.76,0.225
42.59,-15.75,0.225
42.59,-15.73,0.225
42.59,-15.71,0.225
42.59,-15.70,0.225
42.59,-15.68,0.225
42.59,-15.66,0.225
42.59,-15.65,0.225
42.60,-15.63,0.225
42.60,-15.61,0.225
42.60,-15.60,0.225
42.60,-15.58,0.225
42.60,-15.56,0.225
42.61,-15.55,0.225
42.61,-15.53,0.225
42.61,-15.51,0.225
42.61,-15.50,0.225
42.61,-15.48,0.225
42.61,-15.46,0.225
42.61,-15.45,0.225
42.62,-15.43,0.225
42.62,-15.41,0.225
42.62,-15.40,0.225
42.62,-15.38,0.225
42.62,-15.36,0.225
42.63,-15.35,0.225
42.63,-15.33,0.225
42.63,-15.31,0.225
42.63,-15.30,0.225
42.63,-15.28,0.225
42.63,-15.26,0.225
42.64,-15.25,0.225
42.64,-15.23,0.225
42.64,-15.21,0.225
42.64,-15.20,0.225
42.64,-15.18,0.225
42.64,-15.16,0.225
42.64,-15.15,0.225
42.65,-15.13,0.225
42.65,-15.11,0.225
42.65,-15.10,0.225
42.65,-15.08,0.225
42.65,-15.06,0.225
42.66,-15.05,0.225
42.66,-15.03,0.225
42.66,-15.01,0.225
42.66,-15.00,0.225
42.66,-14.98,0.225
42.66,-14.96,0.225
42.66,-14.95,0.225
42.67,-14.93,0.225
42.67,-14.91,0.225
42.67,-14.90,0.225
42.67,-14.88,0.225
42.67,-14.86,0.225
42.68,-14.85,0.225
42.68,-14.83,0.225
42.68,-14.81,0.225
42.68,-14.80,0.225
42.68,-14.78,0.225
42.68,-14.76,0.225
42.69,-14.75,0.225
42.69,-14.73,0.225
42.69,-14.71,0.225
42.69,-14.70,0.225
42.69,-14.68,0.225
42.69,-14.66,0.225
42.69,-14.65,0.225
42.70,-14.63,0.225
42.70,-14.61,0.225
42.70,-14.60,0.225
42.70,-14.58,0.225
42.70,-14.56,0.225
42.71,-14.55,0.225
42.71,-14.53,0.225
42.71,-14.51,0.225
42.71,-14.50,0.225
42.71,-14.48,0.225
42.71,-14.46,0.225
42.71,-14.45,0.225
42.72,-14.43,0.225
42.72,-14.41,0.225
42.72,-14.40,0.226
42.72,-14.38,0.226
42.72,-14.36,0.226
42.73,-14.35,0.226
42.73,-14.33,0.226
42.73,-14.31,0.226
42.73,-14.30,0.226
42.73,-14.28,0.226
42.73,-14.26,0.226
42.74,-14.25,0.226
42.74,-14.23,0.226
42.74,-14.21,0.226
42.74,-14.20,0.226
42.74,-14.18,0.226
42.74,-14.16,0.226
42.74,-14.15,0.226
42.75,-14.13,0.226
42.75,-14.11,0.226
42.75,-14.10,0.226
42.75,-14.08,0.226
42.75,-14.06,0.226
42.76,-14.05,0.226
42.76,-14.03,0.226
42.76,-14.01,0.226
42.76,-14.00,0.226
42.76,-13.98,0.226
42.76,-13.96,0.226
42.76,-13.95,0.226
42.77,-13.93,0.226
42.77,-13.91,0.226
42.77,-13.90,0.226
42.77,-13.88,0.226
42.77,-13.86,0.226
42.78,-13.85,0.226
42.78,-13.83,0.226
42.78,-13.81,0.226
42.78,-13.80,0.226
42.78,-13.78,0.226
42.78,-13.76,0.226
42.79,-13.75,0.226
42.79,-13.73,0.226
42.79,-13.71,0.226
42.79,-13.70,0.226
42.79,-13.68,0.226
42.79,-13.66,0.226
42.79,-13.65,0.226
42.80,-13.63,0.226
42.80,-13.61,0.226
42.80,-13.60,0.226
42.80,-13.58,0.226
42.80,-13.56,0.226
42.81,-13.55,0.226
42.81,-13.53,0.226
42.81,-13.51,0.226
42.81,-13.50,0.226
42.81,-13.48,0.226
42.81,-13.46,0.226
42.81,-13.45,0.226
42.82,-13.43,0.226
42.82,-13.41,0.226
42.82,-13.40,0.226
42.82,-13.38,0.226
42.82,-13.36,0.226
42.83,-13.34,0.226
42.83,-13.33,0.226
42.83,-13.31,0.226
42.83,-13.30,0.226
42.83,-13.28,0.226
42.83,-13.26,0.226
42.84,-13.24,0.226
42.84,-13.23,0.226
42.84,-13.21,0.226
42.84,-13.19,0.226
42.84,-13.18,0.226
42.84,-13.16,0.226
42.84,-13.14,0.226
42.85,-13.13,0.226
42.85,-13.11,0.226
42.85,-13.10,0.226
42.85,-13.08,0.226
42.85,-13.06,0.226
42.86,-13.04,0.226
42.86,-13.03,0.226
42.86,-13.01,0.226
42.86,-12.99,0.226
42.86,-12.98,0.226
42.86,-12.96,0.226
42.86,-12.95,0.227
42.87,-12.93,0.227
42.87,-12.91,0.227
42.87,-12.89,0.227
42.87,-12.88,0.227
42.87,-12.86,0.227
42.88,-12.84,0.227
42.88,-12.83,0.227
42.88,-12.81,0.227
42.88,-12.79,0.227
42.88,-12.78,0.227
42.88,-12.76,0.227
42.89,-12.75,0.227
42.89,-12.73,0.227
42.89,-12.71,0.227
42.89,-12.69,0.227
42.89,-12.68,0.227
42.89,-12.66,0.227
42.89,-12.64,0.227
42.90,-12.63,0.227
42.90,-12.61,0.227
42.90,-12.59,0.227
42.90,-12.58,0.227
42.90,-12.56,0.227
42.91,-12.54,0.227
42.91,-12.53,0.227
42.91,-12.51,0.227
42.91,-12.49,0.227
42.91,-12.48,0.227
42.91,-12.46,0.227
42.91,-12.45,0.227
42.92,-12.43,0.227
42.92,-12.41,0.227
42.92,-12.40,0.227
42.92,-12.38,0.227
42.92,-12.36,0.227
42.93,-12.34,0.227
42.93,-12.33,0.227
42.93,-12.31,0.227
42.93,-12.30,0.227
42.93,-12.28,0.227
42.93,-12.26,0.227
42.94,-12.24,0.227
42.94,-12.23,0.227
42.94,-12.21,0.227
42.94,-12.19,0.227
42.94,-12.18,0.227
42.94,-12.16,0.227
42.94,-12.15,0.227
42.95,-12.13,0.227
42.95,-12.11,0.227
42.95,-12.09,0.227
42.95,-12.08,0.227
42.95,-12.06,0.227
42.96,-12.04,0.227
42.96,-12.03,0.227
42.96,-12.01,0.227
42.96,-11.99,0.227
42.96,-11.98,0.227
42.96,-11.96,0.227
42.96,-11.94,0.227
42.97,-11.93,0.227
42.97,-11.91,0.227
42.97,-11.90,0.227
42.97,-11.88,0.227
42.97,-11.86,0.227
42.98,-11.84,0.227
42.98,-11.83,0.227
42.98,-11.81,0.227
42.98,-11.79,0.227
42.98,-11.78,0.227
42.98,-11.76,0.227
42.99,-11.74,0.227
42.99,-11.73,0.227
42.99,-11.71,0.227
42.99,-11.69,0.227
42.99,-11.68,0.227
42.99,-11.66,0.227
42.99,-11.64,0.227
43.00,-11.63,0.227
43.00,-11.61,0.227
43.00,-11.59,0.227
43.00,-11.58,0.227
43.00,-11.56,0.227
43.01,-11.54,0.227
43.01,-11.53,0.227
43.01,-11.51,0.227
43.01,-11.49,0.227
43.01,-11.48,0.228
43.01,-11.46,0.228
43.01,-11.44,0.228
43.02,-11.43,0.228
43.02,-11.41,0.228
43.02,-11.39,0.228
43.02,-11.38,0.228
43.02,-11.36,0.228
43.03,-11.34,0.228
43.03,-11.33,0.228
43.03,-11.31,0.228
43.03,-11.29,0.228
43.03,-11.28,0.228
43.03,-11.26,0.228
43.04,-11.24,0.228
43.04,-11.23,0.228
43.04,-11.21,0.228
43.04,-11.20,0.228
43.04,-11.18,0.228
43.04,-11.16,0.228
43.04,-11.14,0.228
43.05,-11.13,0.228
43.05,-11.11,0.228
43.05,-11.09,0.228
43.05,-11.08,0.228
43.05,-11.06,0.228
43.06,-11.04,0.228
43.06,-11.03,0.228
43.06,-11.01,0.228
43.06,-10.99,0.228
43.06,-10.98,0.228
43.06,-10.96,0.228
43.06,-10.94,0.228
43.07,-10.93,0.228
43.07,-10.91,0.228
43.07,-10.89,0.228
43.07,-10.88,0.228
43.07,-10.86,0.228
43.08,-10.84,0.228
43.08,-10.83,0.228
43.08,-10.81,0.228
43.08,-10.79,0.228
43.08,-10.78,0.228
43.08,-10.76,0.228
43.09,-10.74,0.228
43.09,-10.73,0.228
43.09,-10.71,0.228
43.09,-10.69,0.228
43.09,-10.68,0.228
43.09,-10.66,0.228
43.09,-10.64,0.228
43.10,-10.63,0.228
43.10,-10.61,0.228
43.10,-10.59,0.228
43.10,-10.58,0.228
43.10,-10.56,0.228
43.11,-10.54,0.228
43.11,-10.53,0.228
43.11,-10.51,0.228
43.11,-10.49,0.228
43.11,-10.48,0.228
43.11,-10.46,0.228
43.11,-10.44,0.228
43.12,-10.42,0.228
43.12,-10.41,0.228
43.12,-10.39,0.228
43.12,-10.38,0.228
43.12,-10.36,0.228
43.13,-10.34,0.228
43.13,-10.32,0.228
43.13,-10.31,0.228
43.13,-10.29,0.228
43.13,-10.27,0.228
43.13,-10.26,0.228
43.14,-10.24,0.228
43.14,-10.23,0.228
43.14,-10.21,0.228
43.14,-10.19,0.228
43.14,-10.18,0.228
43.14,-10.16,0.228
43.14,-10.14,0.228
43.15,-10.13,0.229
43.15,-10.11,0.229
43.15,-10.09,0.229
43.15,-10.08,0.229
43.15,-10.06,0.229
43.16,-10.04,0.229
43.16,-10.03,0.229
43.16,-10.01,0.229
43.16,-9.99,0.229
43.16,-9.98,0.229
43.16,-9.96,0.229
43.16,-9.94,0.229
43.17,-9.93,0.229
43.17,-9.91,0.229
43.17,-9.89,0.229
43.17,-9.87,0.229
43.17,-9.86,0.229
43.18,-9.84,0.229
43.18,-9.82,0.229
43.18,-9.81,0.229
43.18,-9.79,0.229
43.18,-9.78,0.229
43.18,-9.76,0.229
43.19,-9.74,0.229
43.19,-9.72,0.229
43.19,-9.71,0.229
43.19,-9.69,0.229
43.19,-9.68,0.229
43.19,-9.66,0.229
43.19,-9.64,0.229
43.20,-9.63,0.229
43.20,-9.61,0.229
43.20,-9.59,0.229
43.20,-9.58,0.229
43.20,-9.56,0.229
43.21,-9.54,0.229
43.21,-9.53,0.229
43.21,-9.51,0.229
43.21,-9.49,0.229
43.21,-9.48,0.229
43.21,-9.46,0.229
43.21,-9.44,0.229
43.22,-9.43,0.229
43.22,-9.41,0.229
43.22,-9.39,0.229
43.22,-9.38,0.229
43.22,-9.36,0.229
43.23,-9.34,0.229
43.23,-9.33,0.229
43.23,-9.31,0.229
43.23,-9.29,0.229
43.23,-9.27,0.229
43.23,-9.26,0.229
43.24,-9.24,0.229
43.24,-9.22,0.229
43.24,-9.21,0.229
43.24,-9.19,0.229
43.24,-9.17,0.229
43.24,-9.16,0.229
43.24,-9.14,0.229
43.25,-9.13,0.229
43.25,-9.11,0.229
43.25,-9.09,0.229
43.25,-9.07,0.229
43.25,-9.06,0.229
43.26,-9.04,0.229
43.26,-9.02,0.229
43.26,-9.01,0.229
43.26,-8.99,0.229
43.26,-8.97,0.229
43.26,-8.96,0.229
43.26,-8.94,0.229
43.27,-8.93,0.229
43.27,-8.91,0.229
43.27,-8.89,0.229
43.27,-8.87,0.229
43.27,-8.86,0.229
43.28,-8.84,0.229
43.28,-8.82,0.229
43.28,-8.81,0.229
43.28,-8.79,0.229
43.28,-8.77,0.229
43.28,-8.76,0.229
43.29,-8.74,0.229
43.29,-8.73,0.229
43.29,-8.71,0.229
43.29,-8.69,0.230
43.29,-8.68,0.230
43.29,-8.66,0.230
43.29,-8.64,0.230
43.30,-8.63,0.230
43.30,-8.61,0.230
43.30,-8.59,0.230
43.30,-8.57,0.230
43.30,-8.56,0.230
43.31,-8.54,0.230
43.31,-8.52,0.230
43.31,-8.51,0.230
43.31,-8.49,0.230
43.31,-8.47,0.230
43.31,-8.46,0.230
43.31,-8.44,0.230
43.32,-8.42,0.230
43.32,-8.41,0.230
43.32,-8.39,0.230
43.32,-8.37,0.230
43.32,-8.36,0.230
43.33,-8.34,0.230
43.33,-8.32,0.230
43.33,-8.31,0.230
43.33,-8.29,0.230
43.33,-8.27,0.230
43.33,-8.26,0.230
43.34,-8.24,0.230
43.34,-8.22,0.230
43.34,-8.21,0.230
43.34,-8.19,0.230
43.34,-8.17,0.230
43.34,-8.16,0.230
43.34,-8.14,0.230
43.35,-8.12,0.230
43.35,-8.11,0.230
43.35,-8.09,0.230
43.35,-8.07,0.230
43.35,-8.06,0.230
43.36,-8.04,0.230
43.36,-8.02,0.230
43.36,-8.01,0.230
43.36,-7.99,0.230
43.36,-7.97,0.230
43.36,-7.96,0.230
43.36,-7.94,0.230
43.37,-7.92,0.230
43.37,-7.91,0.230
43.37,-7.89,0.230
43.37,-7.87,0.230
43.37,-7.86,0.230
43.38,-7.84,0.230
43.38,-7.82,0.230
43.38,-7.81,0.230
43.38,-7.79,0.230
43.38,-7.77,0.230
43.38,-7.76,0.230
43.39,-7.74,0.230
43.39,-7.72,0.230
43.39,-7.71,0.230
43.39,-7.69,0.230
43.39,-7.67,0.230
43.39,-7.66,0.230
43.39,-7.64,0.230
43.40,-7.62,0.230
43.40,-7.61,0.230
43.40,-7.59,0.230
43.40,-7.57,0.230
43.40,-7.56,0.230
43.41,-7.54,0.230
43.41,-7.52,0.230
43.41,-7.51,0.230
43.41,-7.49,0.230
43.41,-7.47,0.230
43.41,-7.46,0.230
43.41,-7.44,0.230
43.42,-7.42,0.230
43.42,-7.41,0.230
43.42,-7.39,0.230
43.42,-7.37,0.230
43.42,-7.36,0.230
43.43,-7.34,0.231
43.43,-7.32,0.231
43.43,-7.31,0.231
43.43,-7.29,0.231
43.43,-7.27,0.231
43.43,-7.26,0.231
43.44,-7.24,0.231
43.44,-7.22,0.231
43.44,-7.21,0.231
43.44,-7.19,0.231
43.44,-7.17,0.231
43.44,-7.16,0.231
43.44,-7.14,0.231
43.45,-7.12,0.231
43.45,-7.11,0.231
43.45,-7.09,0.231
43.45,-7.07,0.231
43.45,-7.06,0.231
43.46,-7.04,0.231
43.46,-7.02,0.231
43.46,-7.01,0.231
43.46,-6.99,0.231
43.46,-6.97,0.231
43.46,-6.96,0.231
43.46,-6.94,0.231
43.47,-6.92,0.231
43.47,-6.91,0.231
43.47,-6.89,0.231
43.47,-6.87,0.231
43.47,-6.86,0.231
43.48,-6.84,0.231
43.48,-6.82,0.231
43.48,-6.81,0.231
43.48,-6.79,0.231
43.48,-6.77,0.231
43.48,-6.76,0.231
43.49,-6.74,0.231
43.49,-6.72,0.231
43.49,-6.71,0.231
43.49,-6.69,0.231
43.49,-6.67,0.231
43.49,-6.66,0.231
43.49,-6.64,0.231
43.50,-6.62,0.231
43.50,-6.61,0.231
43.50,-6.59,0.231
43.50,-6.57,0.231
43.50,-6.56,0.231
43.51,-6.54,0.231
43.51,-6.52,0.231
43.51,-6.51,0.231
43.51,-6.49,0.231
43.51,-6.47,0.231
43.51,-6.46,0.231
43.51,-6.44,0.231
43.52,-6.42,0.231
43.52,-6.41,0.231
43.52,-6.39,0.231
43.52,-6.37,0.231
43.52,-6.36,0.231
43.53,-6.34,0.231
43.53,-6.32,0.231
43.53,-6.31,0.231
43.53,-6.29,0.231
43.53,-6.27,0.231
43.53,-6.26,0.231
43.54,-6.24,0.231
43.54,-6.22,0.231
43.54,-6.21,0.231
43.54,-6.19,0.231
43.54,-6.17,0.231
43.54,-6.16,0.231
43.54,-6.14,0.231
43.55,-6.12,0.231
43.55,-6.11,0.231
43.55,-6.09,0.231
43.55,-6.07,0.231
43.55,-6.06,0.231
43.56,-6.04,0.231
43.56,-6.02,0.231
43.56,-6.01,0.231
43.56,-5.99,0.231
43.56,-5.97,0.231
43.56,-5.96,0.231
43.56,-5.94,0.231
43.57,-5.92,0.231
43.57,-5.91,0.231
43.57,-5.89,0.231
43.57,-5.87,0.232
43.57,-5.86,0.232
43.58,-5.84,0.232
43.58,-5.82,0.232
43.58,-5.81,0.232
43.58,-5.79,0.232
43.58,-5.77,0.232
43.58,-5.76,0.232
43.59,-5.74,0.232
43.59,-5.72,0.232
43.59,-5.71,0.232
43.59,-5.69,0.232
43.59,-5.67,0.232
43.59,-5.66,0.232
43.59,-5.64,0.232
43.60,-5.62,0.232
43.60,-5.61,0.232
43.60,-5.59,0.232
43.60,-5.57,0.232
43.60,-5.55,0.232
43.61,-5.54,0.232
43.61,-5.52,0.232
43.61,-5.51,0.232
43.61,-5.49,0.232
43.61,-5.47,0.232
43.61,-5.46,0.232
43.61,-5.44,0.232
43.62,-5.42,0.232
43.62,-5.40,0.232
43.62,-5.39,0.232
43.62,-5.37,0.232
43.62,-5.35,0.232
43.63,-5.34,0.232
43.63,-5.32,0.232
43.63,-5.31,0.232
43.63,-5.29,0.232
43.63,-5.27,0.232
43.63,-5.26,0.232
43.64,-5.24,0.232
43.64,-5.22,0.232
43.64,-5.21,0.232
43.64,-5.19,0.232
43.64,-5.17,0.232
43.64,-5.15,0.232
43.64,-5.14,0.232
43.65,-5.12,0.232
43.65,-5.10,0.232
43.65,-5.09,0.232
43.65,-5.07,0.232
43.65,-5.05,0.232
43.66,-5.04,0.232
43.66,-5.02,0.232
43.66,-5.00,0.232
43.66,-4.99,0.232
43.66,-4.97,0.232
43.66,-4.95,0.232
43.66,-4.94,0.232
43.67,-4.92,0.232
43.67,-4.91,0.232
43.67,-4.89,0.232
43.67,-4.87,0.232
43.67,-4.86,0.232
43.68,-4.84,0.232
43.68,-4.82,0.232
43.68,-4.81,0.232
43.68,-4.79,0.232
43.68,-4.77,0.232
43.68,-4.75,0.232
43.69,-4.74,0.232
43.69,-4.72,0.232
43.69,-4.70,0.232
43.69,-4.69,0.233
43.69,-4.67,0.233
43.69,-4.66,0.233
43.69,-4.64,0.233
43.70,-4.62,0.233
43.70,-4.61,0.233
43.70,-4.59,0.233
43.70,-4.57,0.233
43.70,-4.55,0.233
43.71,-4.54,0.233
43.71,-4.52,0.233
43.71,-4.50,0.233
43.71,-4.49,0.233
43.71,-4.47,0.233
43.71,-4.46,0.233
43.71,-4.44,0.233
43.72,-4.42,0.233
43.72,-4.40,0.233
43.72,-4.39,0.233
43.72,-4.37,0.233
43.72,-4.35,0.233
43.73,-4.34,0.233
43.73,-4.32,0.233
43.73,-4.30,0.233
43.73,-4.29,0.233
43.73,-4.27,0.233
43.73,-4.25,0.233
43.74,-4.24,0.233
43.74,-4.22,0.233
43.74,-4.20,0.233
43.74,-4.19,0.233
43.74,-4.17,0.233
43.74,-4.16,0.233
43.74,-4.14,0.233
43.75,-4.12,0.233
43.75,-4.10,0.233
43.75,-4.09,0.233
43.75,-4.07,0.233
43.75,-4.05,0.233
43.76,-4.04,0.233
43.76,-4.02,0.233
43.76,-4.00,0.233
43.76,-3.99,0.233
43.76,-3.97,0.233
43.76,-3.95,0.233
43.76,-3.94,0.233
43.77,-3.92,0.233
43.77,-3.90,0.233
43.77,-3.89,0.233
43.77,-3.87,0.233
43.77,-3.85,0.233
43.78,-3.84,0.233
43.78,-3.82,0.233
43.78,-3.81,0.233
43.78,-3.79,0.233
43.78,-3.77,0.233
43.78,-3.75,0.233
43.79,-3.74,0.233
43.79,-3.72,0.233
43.79,-3.70,0.233
43.79,-3.69,0.233
43.79,-3.67,0.233
43.79,-3.65,0.233
43.79,-3.64,0.233
43.80,-3.62,0.233
43.80,-3.60,0.233
43.80,-3.59,0.233
43.80,-3.57,0.233
43.80,-3.55,0.233
43.81,-3.54,0.233
43.81,-3.52,0.234
43.81,-3.50,0.234
43.81,-3.49,0.234
43.81,-3.47,0.234
43.81,-3.45,0.234
43.81,-3.44,0.234
43.82,-3.42,0.234
43.82,-3.40,0.234
43.82,-3.39,0.234
43.82,-3.37,0.234
43.82,-3.35,0.234
43.83,-3.34,0.234
43.83,-3.32,0.234
43.83,-3.30,0.234
43.83,-3.29,0.234
43.83,-3.27,0.234
43.83,-3.25,0.234
43.84,-3.24,0.234
43.84,-3.22,0.234
43.84,-3.20,0.234
43.84,-3.19,0.234
43.84,-3.17,0.234
43.84,-3.15,0.234
43.84,-3.14,0.234
43.85,-3.12,0.234
43.85,-3.10,0.234
43.85,-3.09,0.234
43.85,-3.07,0.234
43.85,-3.05,0.234
43.86,-3.04,0.234
43.86,-3.02,0.234
43.86,-3.00,0.234
43.86,-2.99,0.234
43.86,-2.97,0.234
43.86,-2.95,0.234
43.86,-2.94,0.234
43.87,-2.92,0.234
43.87,-2.90,0.234
43.87,-2.89,0.234
43.87,-2.87,0.234
43.87,-2.85,0.234
43.88,-2.84,0.234
43.88,-2.82,0.234
43.88,-2.80,0.234
43.88,-2.78,0.234
43.88,-2.77,0.234
43.88,-2.75,0.234
43.89,-2.73,0.234
43.89,-2.72,0.234
43.89,-2.70,0.234
43.89,-2.69,0.234
43.89,-2.67,0.234
43.89,-2.65,0.234
43.89,-2.63,0.234
43.90,-2.62,0.234
43.90,-2.60,0.234
43.90,-2.59,0.234
43.90,-2.57,0.234
43.90,-2.55,0.234
43.91,-2.53,0.234
43.91,-2.52,0.234
43.91,-2.50,0.235
43.91,-2.49,0.235
43.91,-2.47,0.235
43.91,-2.45,0.235
43.91,-2.44,0.235
43.92,-2.42,0.235
43.92,-2.40,0.235
43.92,-2.39,0.235
43.92,-2.37,0.235
43.92,-2.35,0.235
43.93,-2.33,0.235
43.93,-2.32,0.235
43.93,-2.30,0.235
43.93,-2.28,0.235
43.93,-2.27,0.235
43.93,-2.25,0.235
43.94,-2.23,0.235
43.94,-2.22,0.235
43.94,-2.20,0.235
43.94,-2.18,0.235
43.94,-2.17,0.235
43.94,-2.15,0.235
43.94,-2.13,0.235
43.95,-2.12,0.235
43.95,-2.10,0.235
43.95,-2.08,0.235
43.95,-2.07,0.235
43.95,-2.05,0.235
43.96,-2.03,0.235
43.96,-2.02,0.235
43.96,-2.00,0.235
43.96,-1.98,0.235
43.96,-1.97,0.235
43.96,-1.95,0.235
43.96,-1.93,0.235
43.97,-1.92,0.235
43.97,-1.90,0.235
43.97,-1.88,0.235
43.97,-1.87,0.235
43.97,-1.85,0.235
43.98,-1.83,0.235
43.98,-1.82,0.235
43.98,-1.80,0.235
43.98,-1.78,0.235
43.98,-1.77,0.235
43.98,-1.75,0.235
43.99,-1.73,0.235
43.99,-1.72,0.235
43.99,-1.70,0.235
43.99,-1.68,0.235
43.99,-1.67,0.235
43.99,-1.65,0.235
43.99,-1.63,0.235
44.00,-1.62,0.235
44.00,-1.60,0.235
44.00,-1.58,0.235
44.00,-1.57,0.235
44.00,-1.55,0.235
44.01,-1.53,0.235
44.01,-1.52,0.235
44.01,-1.50,0.235
44.01,-1.48,0.235
44.01,-1.47,0.235
44.01,-1.45,0.235
44.01,-1.43,0.235
44.02,-1.42,0.235
44.02,-1.40,0.235
44.02,-1.38,0.235
44.02,-1.37,0.235
44.02,-1.35,0.235
44.03,-1.33,0.236
44.03,-1.32,0.236
44.03,-1.30,0.236
44.03,-1.28,0.236
44.03,-1.27,0.236
44.03,-1.25,0.236
44.04,-1.23,0.236
44.04,-1.22,0.236
44.04,-1.20,0.236
44.04,-1.18,0.236
44.04,-1.17,0.236
44.04,-1.15,0.236
44.04,-1.13,0.236
44.05,-1.12,0.236
44.05,-1.10,0.236
44.05,-1.08,0.236
44.05,-1.07,0.236
44.05,-1.05,0.236
44.06,-1.03,0.236
44.06,-1.02,0.236
44.06,-1.00,0.236
44.06,-0.98,0.236
44.06,-0.97,0.236
44.06,-0.95,0.236
44.06,-0.93,0.236
44.07,-0.92,0.236
44.07,-0.90,0.236
44.07,-0.88,0.236
44.07,-0.87,0.236
44.07,-0.85,0.236
44.08,-0.83,0.236
44.08,-0.82,0.236
44.08,-0.80,0.236
44.08,-0.78,0.236
44.08,-0.76,0.236
44.08,-0.75,0.236
44.09,-0.73,0.236
44.09,-0.71,0.236
44.09,-0.70,0.236
44.09,-0.68,0.236
44.09,-0.67,0.236
44.09,-0.65,0.236
44.09,-0.63,0.236
44.10,-0.62,0.236
44.10,-0.60,0.236
44.10,-0.58,0.236
44.10,-0.57,0.236
44.10,-0.55,0.236
44.11,-0.53,0.236
44.11,-0.51,0.236
44.11,-0.50,0.236
44.11,-0.48,0.236
44.11,-0.47,0.236
44.11,-0.45,0.236
44.11,-0.43,0.236
44.12,-0.41,0.236
44.12,-0.40,0.236
44.12,-0.38,0.236
44.12,-0.37,0.236
44.12,-0.35,0.236
44.13,-0.33,0.236
44.13,-0.32,0.236
44.13,-0.30,0.236
44.13,-0.28,0.236
44.13,-0.26,0.236
44.13,-0.25,0.236
44.14,-0.23,0.236
44.14,-0.22,0.236
44.14,-0.20,0.236
44.14,-0.18,0.236
44.14,-0.16,0.236
44.14,-0.15,0.236
44.14,-0.13,0.236
44.15,-0.12,0.236
44.15,-0.10,0.237
44.15,-0.08,0.237
44.15,-0.07,0.237
44.15,-0.05,0.237
44.16,-0.03,0.237
44.16,-0.01,0.237
44.16,0.00,0.237
44.16,0.02,0.237
44.16,0.04,0.237
44.16,0.05,0.237
44.16,0.07,0.237
44.17,0.08,0.237
44.17,0.10,0.237
44.17,0.12,0.237
44.17,0.14,0.237
44.17,0.15,0.237
44.18,0.17,0.237
44.18,0.19,0.237
44.18,0.20,0.237
44.18,0.22,0.237
44.18,0.24,0.237
44.18,0.25,0.237
44.19,0.27,0.237
44.19,0.29,0.237
44.19,0.30,0.237
44.19,0.32,0.237
44.19,0.34,0.237
44.19,0.35,0.237
44.19,0.37,0.237
44.20,0.39,0.237
44.20,0.40,0.237
44.20,0.42,0.237
44.20,0.44,0.237
44.20,0.45,0.237
44.21,0.47,0.237
44.21,0.49,0.237
44.21,0.50,0.237
44.21,0.52,0.237
44.21,0.54,0.237
44.21,0.55,0.237
44.21,0.57,0.237
44.22,0.59,0.237
44.22,0.60,0.237
44.22,0.62,0.237
44.22,0.64,0.237
44.22,0.65,0.237
44.23,0.67,0.237
44.23,0.69,0.237
44.23,0.70,0.237
44.23,0.72,0.237
44.23,0.74,0.237
44.23,0.75,0.237
44.24,0.77,0.237
44.24,0.79,0.237
44.24,0.80,0.237
44.24,0.82,0.237
44.24,0.84,0.237
44.24,0.85,0.237
44.24,0.87,0.237
44.25,0.89,0.237
44.25,0.90,0.237
44.25,0.92,0.237
44.25,0.94,0.237
44.25,0.95,0.237
44.26,0.97,0.237
44.26,0.99,0.237
44.26,1.00,0.237
44.26,1.02,0.237
44.26,1.04,0.237
44.26,1.05,0.237
44.26,1.07,0.237
44.27,1.09,0.237
44.27,1.10,0.237
44.27,1.12,0.237
44.27,1.14,0.238
44.27,1.15,0.238
44.28,1.17,0.238
44.28,1.19,0.238
44.28,1.20,0.238
44.28,1.22,0.238
44.28,1.24,0.238
44.28,1.25,0.238
44.29,1.27,0.238
44.29,1.29,0.238
44.29,1.30,0.238
44.29,1.32,0.238
44.29,1.34,0.238
44.29,1.35,0.238
44.29,1.37,0.238
44.30,1.39,0.238
44.30,1.40,0.238
44.30,1.42,0.238
44.30,1.44,0.238
44.30,1.45,0.238
44.31,1.47,0.238
44.31,1.49,0.238
44.31,1.50,0.238
44.31,1.52,0.238
44.31,1.54,0.238
44.31,1.56,0.238
44.31,1.57,0.238
44.32,1.59,0.238
44.32,1.60,0.238
44.32,1.62,0.238
44.32,1.64,0.238
44.32,1.65,0.238
44.33,1.67,0.238
44.33,1.69,0.238
44.33,1.70,0.238
44.33,1.72,0.238
44.33,1.74,0.238
44.33,1.75,0.238
44.34,1.77,0.238
44.34,1.79,0.238
44.34,1.81,0.238
44.34,1.82,0.238
44.34,1.84,0.238
44.34,1.85,0.238
44.34,1.87,0.238
44.35,1.89,0.238
44.35,1.91,0.238
44.35,1.92,0.238
44.35,1.94,0.238
44.35,1.96,0.238
44.36,1.97,0.238
44.36,1.99,0.238
44.36,2.01,0.238
44.36,2.02,0.238
44.36,2.04,0.238
44.36,2.05,0.238
44.36,2.07,0.238
44.37,2.09,0.238
44.37,2.10,0.238
44.37,2.12,0.238
44.37,2.14,0.238
44.37,2.16,0.238
44.38,2.17,0.238
44.38,2.19,0.238
44.38,2.21,0.238
44.38,2.22,0.238
44.38,2.24,0.238
44.38,2.26,0.238
44.39,2.27,0.238
44.39,2.29,0.238
44.39,2.31,0.238
44.39,2.32,0.238
44.39,2.34,0.239
44.39,2.35,0.239
44.39,2.37,0.239
44.40,2.39,0.239
44.40,2.40,0.239
44.40,2.42,0.239
44.40,2.44,0.239
44.40,2.46,0.239
44.41,2.47,0.239
44.41,2.49,0.239
44.41,2.51,0.239
44.41,2.52,0.239
44.41,2.54,0.239
44.41,2.56,0.239
44.41,2.57,0.239
44.42,2.59,0.239
44.42,2.61,0.239
44.42,2.62,0.239
44.42,2.64,0.239
44.42,2.66,0.239
44.43,2.67,0.239
44.43,2.69,0.239
44.43,2.71,0.239
44.43,2.72,0.239
44.43,2.74,0.239
44.43,2.76,0.239
44.44,2.77,0.239
44.44,2.79,0.239
44.44,2.81,0.239
44.44,2.82,0.239
44.44,2.84,0.239
44.44,2.86,0.239
44.44,2.87,0.239
44.45,2.89,0.239
44.45,2.91,0.239
44.45,2.92,0.239
44.45,2.94,0.239
44.45,2.96,0.239
44.46,2.97,0.239
44.46,2.99,0.239
44.46,3.01,0.239
44.46,3.02,0.239
44.46,3.04,0.239
44.46,3.06,0.239
44.46,3.07,0.239
44.47,3.09,0.239
44.47,3.11,0.239
44.47,3.12,0.239
44.47,3.14,0.239
44.47,3.16,0.239
44.48,3.17,0.239
44.48,3.19,0.239
44.48,3.21,0.239
44.48,3.22,0.239
44.48,3.24,0.239
44.48,3.26,0.239
44.49,3.27,0.239
44.49,3.29,0.239
44.49,3.31,0.239
44.49,3.32,0.239
44.49,3.34,0.239
44.49,3.36,0.239
44.49,3.37,0.239
44.50,3.39,0.239
44.50,3.41,0.239
44.50,3.42,0.239
44.50,3.44,0.239
44.50,3.46,0.240
44.51,3.47,0.240
44.51,3.49,0.240
44.51,3.51,0.240
44.51,3.52,0.240
44.51,3.54,0.240
44.51,3.56,0.240
44.51,3.57,0.240
44.52,3.59,0.240
44.52,3.61,0.240
44.52,3.62,0.240
44.52,3.64,0.240
44.52,3.66,0.240
44.53,3.67,0.240
44.53,3.69,0.240
44.53,3.71,0.240
44.53,3.72,0.240
44.53,3.74,0.240
44.53,3.76,0.240
44.54,3.77,0.240
44.54,3.79,0.240
44.54,3.81,0.240
44.54,3.82,0.240
44.54,3.84,0.240
44.54,3.86,0.240
44.54,3.87,0.240
44.55,3.89,0.240
44.55,3.91,0.240
44.55,3.92,0.240
44.55,3.94,0.240
44.55,3.96,0.240
44.56,3.97,0.240
44.56,3.99,0.240
44.56,4.01,0.240
44.56,4.02,0.240
44.56,4.04,0.240
44.56,4.06,0.240
44.56,4.07,0.240
44.57,4.09,0.240
44.57,4.11,0.240
44.57,4.12,0.240
44.57,4.14,0.240
44.57,4.16,0.240
44.58,4.17,0.240
44.58,4.19,0.240
44.58,4.21,0.240
44.58,4.23,0.240
44.58,4.24,0.240
44.58,4.26,0.240
44.59,4.27,0.240
44.59,4.29,0.240
44.59,4.31,0.240
44.59,4.32,0.240
44.59,4.34,0.240
44.59,4.36,0.240
44.59,4.37,0.240
44.60,4.39,0.240
44.60,4.41,0.240
44.60,4.42,0.240
44.60,4.44,0.240
44.60,4.46,0.240
44.61,4.47,0.240
44.61,4.49,0.240
44.61,4.51,0.240
44.61,4.52,0.240
44.61,4.54,0.240
44.61,4.56,0.240
44.61,4.57,0.240
44.62,4.59,0.240
44.62,4.61,0.240
44.62,4.62,0.241
44.62,4.64,0.241
44.62,4.66,0.241
44.63,4.67,0.241
44.63,4.69,0.241
44.63,4.71,0.241
44.63,4.72,0.241
44.63,4.74,0.241
44.63,4.76,0.241
44.64,4.77,0.241
44.64,4.79,0.241
44.64,4.81,0.241
44.64,4.82,0.241
44.64,4.84,0.241
44.64,4.86,0.241
44.64,4.87,0.241
44.65,4.89,0.241
44.65,4.91,0.241
44.65,4.92,0.241
44.65,4.94,0.241
44.65,4.96,0.241
44.66,4.97,0.241
44.66,4.99,0.241
44.66,5.01,0.241
44.66,5.02,0.241
44.66,5.04,0.241
44.66,5.06,0.241
44.66,5.07,0.241
44.67,5.09,0.241
44.67,5.11,0.241
44.67,5.12,0.241
44.67,5.14,0.241
44.67,5.16,0.241
44.68,5.17,0.241
44.68,5.19,0.241
44.68,5.21,0.241
44.68,5.22,0.241
44.68,5.24,0.241
44.68,5.26,0.241
44.69,5.27,0.241
44.69,5.29,0.241
44.69,5.31,0.241
44.69,5.32,0.241
44.69,5.34,0.241
44.69,5.36,0.241
44.69,5.37,0.241
44.70,5.39,0.241
44.70,5.41,0.241
44.70,5.42,0.241
44.70,5.44,0.241
44.70,5.46,0.241
44.71,5.48,0.241
44.71,5.49,0.241
44.71,5.51,0.241
44.71,5.52,0.241
44.71,5.54,0.241
44.71,5.56,0.241
44.71,5.58,0.241
44.72,5.59,0.241
44.72,5.61,0.241
44.72,5.63,0.241
44.72,5.64,0.241
44.72,5.66,0.241
44.73,5.68,0.241
44.73,5.69,0.241
44.73,5.71,0.241
44.73,5.73,0.241
44.73,5.74,0.241
44.73,5.76,0.241
44.74,5.78,0.241
44.74,5.79,0.241
44.74,5.81,0.242
44.74,5.83,0.242
44.74,5.84,0.242
44.74,5.86,0.242
44.74,5.87,0.242
44.75,5.89,0.242
44.75,5.91,0.242
44.75,5.93,0.242
44.75,5.94,0.242
44.75,5.96,0.242
44.76,5.98,0.242
44.76,5.99,0.242
44.76,6.01,0.242
44.76,6.03,0.242
44.76,6.04,0.242
44.76,6.06,0.242
44.76,6.08,0.242
44.77,6.09,0.242
44.77,6.11,0.242
44.77,6.13,0.242
44.77,6.14,0.242
44.77,6.16,0.242
44.78,6.18,0.242
44.78,6.19,0.242
44.78,6.21,0.242
44.78,6.23,0.242
44.78,6.24,0.242
44.78,6.26,0.242
44.79,6.28,0.242
44.79,6.29,0.242
44.79,6.31,0.242
44.79,6.33,0.242
44.79,6.34,0.242
44.79,6.36,0.242
44.79,6.38,0.242
44.80,6.39,0.242
44.80,6.41,0.242
44.80,6.43,0.242
44.80,6.44,0.242
44.80,6.46,0.242
44.81,6.48,0.242
44.81,6.49,0.242
44.81,6.51,0.242
44.81,6.53,0.242
44.81,6.54,0.242
44.81,6.56,0.242
44.81,6.58,0.242
44.82,6.59,0.242
44.82,6.61,0.242
44.82,6.63,0.242
44.82,6.64,0.242
44.82,6.66,0.242
44.83,6.68,0.242
44.83,6.69,0.242
44.83,6.71,0.242
44.83,6.73,0.242
44.83,6.74,0.242
44.83,6.76,0.242
44.84,6.78,0.242
44.84,6.79,0.242
44.84,6.81,0.242
44.84,6.83,0.242
44.84,6.84,0.242
44.84,6.86,0.242
44.84,6.88,0.242
44.85,6.89,0.242
44.85,6.91,0.242
44.85,6.93,0.243
44.85,6.94,0.243
44.85,6.96,0.243
44.86,6.98,0.243
44.86,6.99,0.243
44.86,7.01,0.243
44.86,7.03,0.243
44.86,7.04,0.243
44.86,7.06,0.243
44.86,7.08,0.243
44.87,7.09,0.243
44.87,7.11,0.243
44.87,7.13,0.243
44.87,7.14,0.243
44.87,7.16,0.243
44.88,7.18,0.243
44.88,7.19,0.243
44.88,7.21,0.243
44.88,7.23,0.243
44.88,7.24,0.243
44.88,7.26,0.243
44.89,7.28,0.243
44.89,7.29,0.243
44.89,7.31,0.243
44.89,7.33,0.243
44.89,7.34,0.243
44.89,7.36,0.243
44.89,7.38,0.243
44.90,7.39,0.243
44.90,7.41,0.243
44.90,7.43,0.243
44.90,7.44,0.243
44.90,7.46,0.243
44.91,7.48,0.243
44.91,7.49,0.243
44.91,7.51,0.243
44.91,7.53,0.243
44.91,7.54,0.243
44.91,7.56,0.243
44.91,7.58,0.243
44.92,7.59,0.243
44.92,7.61,0.243
44.92,7.63,0.243
44.92,7.64,0.243
44.92,7.66,0.243
44.93,7.68,0.243
44.93,7.69,0.243
44.93,7.71,0.243
44.93,7.73,0.243
44.93,7.75,0.243
44.93,7.76,0.243
44.94,7.78,0.243
44.94,7.79,0.243
44.94,7.81,0.243
44.94,7.83,0.243
44.94,7.84,0.243
44.94,7.86,0.243
44.94,7.88,0.243
44.95,7.89,0.243
44.95,7.91,0.243
44.95,7.93,0.243
44.95,7.95,0.243
44.95,7.96,0.244
44.96,7.98,0.244
44.96,7.99,0.244
44.96,8.01,0.244
44.96,8.03,0.244
44.96,8.05,0.244
44.96,8.06,0.244
44.96,8.08,0.244
44.97,8.10,0.244
44.97,8.11,0.244
44.97,8.13,0.244
44.97,8.15,0.244
44.97,8.16,0.244
44.98,8.18,0.244
44.98,8.19,0.244
44.98,8.21,0.244
44.98,8.23,0.244
44.98,8.24,0.244
44.98,8.26,0.244
44.99,8.28,0.244
44.99,8.30,0.244
44.99,8.31,0.244
44.99,8.33,0.244
44.99,8.35,0.244
44.99,8.36,0.244
44.99,8.38,0.244
45.00,8.40,0.244
45.00,8.41,0.244
45.00,8.43,0.244
45.00,8.45,0.244
45.00,8.46,0.244
45.01,8.48,0.244
45.01,8.49,0.244
45.01,8.51,0.244
45.01,8.53,0.244
45.01,8.54,0.244
45.01,8.56,0.244
45.01,8.58,0.244
45.02,8.60,0.244
45.02,8.61,0.244
45.02,8.63,0.244
45.02,8.64,0.244
45.02,8.66,0.244
45.03,8.68,0.244
45.03,8.70,0.244
45.03,8.71,0.244
45.03,8.73,0.244
45.03,8.75,0.244
45.03,8.76,0.244
45.04,8.78,0.244
45.04,8.80,0.244
45.04,8.81,0.244
45.04,8.83,0.244
45.04,8.85,0.244
45.04,8.86,0.244
45.04,8.88,0.244
45.05,8.90,0.244
45.05,8.91,0.244
45.05,8.93,0.244
45.05,8.95,0.244
45.05,8.96,0.244
45.06,8.98,0.244
45.06,9.00,0.244
45.06,9.01,0.244
45.06,9.03,0.245
45.06,9.05,0.245
45.06,9.06,0.245
45.06,9.08,0.245
45.07,9.10,0.245
45.07,9.11,0.245
45.07,9.13,0.245
45.07,9.15,0.245
45.07,9.16,0.245
45.08,9.18,0.245
45.08,9.20,0.245
45.08,9.21,0.245
45.08,9.23,0.245
45.08,9.25,0.245
45.08,9.26,0.245
45.09,9.28,0.245
45.09,9.30,0.245
45.09,9.31,0.245
45.09,9.33,0.245
45.09,9.35,0.245
45.09,9.36,0.245
45.09,9.38,0.245
45.10,9.40,0.245
45.10,9.41,0.245
45.10,9.43,0.245
45.10,9.45,0.245
45.10,9.46,0.245
45.11,9.48,0.245
45.11,9.50,0.245
45.11,9.51,0.245
45.11,9.53,0.245
45.11,9.55,0.245
45.11,9.56,0.245
45.11,9.58,0.245
45.12,9.60,0.245
45.12,9.61,0.245
45.12,9.63,0.245
45.12,9.65,0.245
45.12,9.66,0.245
45.13,9.68,0.245
45.13,9.70,0.245
45.13,9.71,0.245
45.13,9.73,0.245
45.13,9.75,0.245
45.13,9.76,0.245
45.14,9.78,0.245
45.14,9.80,0.245
45.14,9.81,0.245
45.14,9.83,0.245
45.14,9.85,0.245
45.14,9.86,0.245
45.14,9.88,0.245
45.15,9.90,0.245
45.15,9.91,0.245
45.15,9.93,0.245
45.15,9.95,0.245
45.15,9.96,0.245
45.16,9.98,0.245
45.16,10.00,0.245
45.16,10.01,0.245
45.16,10.03,0.245
45.16,10.05,0.245
45.16,10.06,0.245
45.16,10.08,0.245
45.17,10.10,0.245
45.17,10.11,0.245
45.17,10.13,0.246
45.17,10.15,0.246
45.17,10.16,0.246
45.18,10.18,0.246
45.18,10.20,0.246
45.18,10.21,0.246
45.18,10.23,0.246
45.18,10.25,0.246
45.18,10.26,0.246
45.19,10.28,0.246
45.19,10.30,0.246
45.19,10.31,0.246
45.19,10.33,0.246
45.19,10.35,0.246
45.19,10.36,0.246
45.19,10.38,0.246
45.20,10.40,0.246
45.20,10.41,0.246
45.20,10.43,0.246
45.20,10.45,0.246
45.20,10.46,0.246
45.21,10.48,0.246
45.21,10.50,0.246
45.21,10.51,0.246
45.21,10.53,0.246
45.21,10.55,0.246
45.21,10.56,0.246
45.21,10.58,0.246
45.22,10.60,0.246
45.22,10.61,0.246
45.22,10.63,0.246
45.22,10.65,0.246
45.22,10.66,0.246
45.23,10.68,0.246
45.23,10.70,0.246
45.23,10.72,0.246
45.23,10.73,0.246
45.23,10.75,0.246
45.23,10.76,0.246
45.24,10.78,0.246
45.24,10.80,0.246
45.24,10.82,0.246
45.24,10.83,0.246
45.24,10.85,0.246
45.24,10.86,0.246
45.24,10.88,0.246
45.25,10.90,0.246
45.25,10.91,0.246
45.25,10.93,0.246
45.25,10.95,0.246
45.25,10.96,0.246
45.26,10.98,0.246
45.26,11.00,0.246
45.26,11.01,0.246
45.26,11.03,0.246
45.26,11.05,0.246
45.26,11.06,0.247
45.26,11.08,0.247
45.27,11.10,0.247
45.27,11.11,0.247
45.27,11.13,0.247
45.27,11.15,0.247
45.27,11.16,0.247
45.28,11.18,0.247
45.28,11.20,0.247
45.28,11.21,0.247
45.28,11.23,0.247
45.28,11.25,0.247
45.28,11.26,0.247
45.29,11.28,0.247
45.29,11.30,0.247
45.29,11.31,0.247
45.29,11.33,0.247
45.29,11.35,0.247
45.29,11.36,0.247
45.29,11.38,0.247
45.30,11.40,0.247
45.30,11.42,0.247
45.30,11.43,0.247
45.30,11.45,0.247
45.30,11.46,0.247
45.31,11.48,0.247
45.31,11.50,0.247
45.31,11.51,0.247
45.31,11.53,0.247
45.31,11.55,0.247
45.31,11.57,0.247
45.31,11.58,0.247
45.32,11.60,0.247
45.32,11.62,0.247
45.32,11.63,0.247
45.32,11.65,0.247
45.32,11.66,0.247
45.33,11.68,0.247
45.33,11.70,0.247
45.33,11.71,0.247
45.33,11.73,0.247
45.33,11.75,0.247
45.33,11.76,0.247
45.34,11.78,0.247
45.34,11.80,0.247
45.34,11.82,0.247
45.34,11.83,0.247
45.34,11.85,0.247
45.34,11.86,0.247
45.34,11.88,0.247
45.35,11.90,0.247
45.35,11.92,0.247
45.35,11.93,0.247
45.35,11.95,0.247
45.35,11.96,0.247
45.36,11.98,0.247
45.36,12.00,0.247
45.36,12.02,0.248
45.36,12.03,0.248
45.36,12.05,0.248
45.36,12.07,0.248
45.36,12.08,0.248
45.37,12.10,0.248
45.37,12.12,0.248
45.37,12.13,0.248
45.37,12.15,0.248
45.37,12.17,0.248
45.38,12.18,0.248
45.38,12.20,0.248
45.38,12.22,0.248
45.38,12.23,0.248
45.38,12.25,0.248
45.38,12.27,0.248
45.39,12.28,0.248
45.39,12.30,0.248
45.39,12.32,0.248
45.39,12.33,0.248
45.39,12.35,0.248
45.39,12.37,0.248
45.39,12.38,0.248
45.40,12.40,0.248
45.40,12.42,0.248
45.40,12.43,0.248
45.40,12.45,0.248
45.40,12.47,0.248
45.41,12.48,0.248
45.41,12.50,0.248
45.41,12.52,0.248
45.41,12.53,0.248
45.41,12.55,0.248
45.41,12.57,0.248
45.41,12.58,0.248
45.42,12.60,0.248
45.42,12.62,0.248
45.42,12.63,0.248
45.42,12.65,0.248
45.42,12.67,0.248
45.43,12.68,0.248
45.43,12.70,0.248
45.43,12.72,0.248
45.43,12.73,0.248
45.43,12.75,0.248
45.43,12.77,0.248
45.44,12.78,0.248
45.44,12.80,0.248
45.44,12.82,0.248
45.44,12.83,0.248
45.44,12.85,0.248
45.44,12.87,0.248
45.44,12.88,0.248
45.45,12.90,0.248
45.45,12.92,0.248
45.45,12.93,0.248
45.45,12.95,0.248
45.45,12.97,0.248
45.46,12.98,0.248
45.46,13.00,0.248
45.46,13.02,0.249
45.46,13.03,0.249
45.46,13.05,0.249
45.46,13.07,0.249
45.46,13.08,0.249
45.47,13.10,0.249
45.47,13.12,0.249
45.47,13.13,0.249
45.47,13.15,0.249
45.47,13.17,0.249
45.48,13.18,0.249
45.48,13.20,0.249
45.48,13.22,0.249
45.48,13.23,0.249
45.48,13.25,0.249
45.48,13.27,0.249
45.49,13.28,0.249
45.49,13.30,0.249
45.49,13.32,0.249
45.49,13.33,0.249
45.49,13.35,0.249
45.49,13.37,0.249
45.49,13.38,0.249
45.50,13.40,0.249
45.50,13.42,0.249
45.50,13.43,0.249
45.50,13.45,0.249
45.50,13.47,0.249
45.51,13.48,0.249
45.51,13.50,0.249
45.51,13.52,0.249
45.51,13.53,0.249
45.51,13.55,0.249
45.51,13.57,0.249
45.51,13.58,0.249
45.52,13.60,0.249
45.52,13.62,0.249
45.52,13.63,0.249
45.52,13.65,0.249
45.52,13.67,0.249
45.53,13.68,0.249
45.53,13.70,0.249
45.53,13.72,0.249
45.53,13.73,0.249
45.53,13.75,0.249
45.53,13.77,0.249
45.54,13.78,0.249
45.54,13.80,0.249
45.54,13.82,0.249
45.54,13.83,0.249
45.54,13.85,0.249
45.54,13.87,0.249
45.54,13.88,0.249
45.55,13.90,0.249
45.55,13.92,0.249
45.55,13.93,0.249
45.55,13.95,0.250
45.55,13.97,0.250
45.56,13.98,0.250
45.56,14.00,0.250
45.56,14.02,0.250
45.56,14.04,0.250
45.56,14.05,0.250
45.56,14.07,0.250
45.56,14.08,0.250
45.57,14.10,0.250
45.57,14.12,0.250
45.57,14.13,0.250
45.57,14.15,0.250
45.57,14.17,0.250
45.58,14.18,0.250
45.58,14.20,0.250
45.58,14.22,0.250
45.58,14.24,0.250
45.58,14.25,0.250
45.58,14.27,0.250
45.59,14.28,0.250
45.59,14.30,0.250
45.59,14.32,0.250
45.59,14.33,0.250
45.59,14.35,0.250
45.59,14.37,0.250
45.59,14.39,0.250
45.60,14.40,0.250
45.60,14.42,0.250
45.60,14.44,0.250
45.60,14.45,0.250
45.60,14.47,0.250
45.61,14.48,0.250
45.61,14.50,0.250
45.61,14.52,0.250
45.61,14.54,0.250
45.61,14.55,0.250
45.61,14.57,0.250
45.61,14.58,0.250
45.62,14.60,0.250
45.62,14.62,0.250
45.62,14.63,0.250
45.62,14.65,0.250
45.62,14.67,0.250
45.63,14.68,0.250
45.63,14.70,0.250
45.63,14.72,0.250
45.63,14.74,0.250
45.63,14.75,0.250
45.63,14.77,0.250
45.64,14.79,0.250
45.64,14.80,0.250
45.64,14.82,0.250
45.64,14.83,0.250
45.64,14.85,0.250
45.64,14.87,0.251
45.64,14.88,0.251
45.65,14.90,0.251
45.65,14.92,0.251
45.65,14.93,0.251
45.65,14.95,0.251
45.65,14.97,0.251
45.66,14.99,0.251
45.66,15.00,0.251
45.66,15.02,0.251
45.66,15.03,0.251
45.66,15.05,0.251
45.66,15.07,0.251
45.66,15.09,0.251
45.67,15.10,0.251
45.67,15.12,0.251
45.67,15.14,0.251
45.67,15.15,0.251
45.67,15.17,0.251
45.68,15.19,0.251
45.68,15.20,0.251
45.68,15.22,0.251
45.68,15.24,0.251
45.68,15.25,0.251
45.68,15.27,0.251
45.69,15.29,0.251
45.69,15.30,0.251
45.69,15.32,0.251
45.69,15.33,0.251
45.69,15.35,0.251
45.69,15.37,0.251
45.69,15.38,0.251
45.70,15.40,0.251
45.70,15.42,0.251
45.70,15.44,0.251
45.70,15.45,0.251
45.70,15.47,0.251
45.71,15.49,0.251
45.71,15.50,0.251
45.71,15.52,0.251
45.71,15.54,0.251
45.71,15.55,0.251
45.71,15.57,0.251
45.71,15.58,0.251
45.72,15.60,0.251
45.72,15.62,0.251
45.72,15.64,0.251
45.72,15.65,0.251
45.72,15.67,0.251
45.73,15.69,0.251
45.73,15.70,0.251
45.73,15.72,0.251
45.73,15.73,0.251
45.73,15.75,0.252
45.73,15.77,0.252
45.74,15.78,0.252
45.74,15.80,0.252
45.74,15.82,0.252
45.74,15.84,0.252
45.74,15.85,0.252
45.74,15.87,0.252
45.74,15.89,0.252
45.75,15.90,0.252
45.75,15.92,0.252
45.75,15.94,0.252
45.75,15.95,0.252
45.75,15.97,0.252
45.76,15.98,0.252
45.76,16.00,0.252
45.76,16.02,0.252
45.76,16.04,0.252
45.76,16.05,0.252
45.76,16.07,0.252
45.76,16.09,0.252
45.77,16.10,0.252
45.77,16.12,0.252
45.77,16.14,0.252
45.77,16.15,0.252
45.77,16.17,0.252
45.78,16.19,0.252
45.78,16.20,0.252
45.78,16.22,0.252
45.78,16.24,0.252
45.78,16.25,0.252
45.78,16.27,0.252
45.79,16.29,0.252
45.79,16.30,0.252
45.79,16.32,0.252
45.79,16.34,0.252
45.79,16.35,0.252
45.79,16.37,0.252
45.79,16.39,0.252
45.80,16.40,0.252
45.80,16.42,0.252
45.80,16.44,0.252
45.80,16.45,0.252
45.80,16.47,0.252
45.81,16.49,0.252
45.81,16.50,0.252
45.81,16.52,0.252
45.81,16.54,0.252
45.81,16.55,0.252
45.81,16.57,0.252
45.81,16.59,0.252
45.82,16.60,0.252
45.82,16.62,0.252
45.82,16.64,0.252
45.82,16.65,0.253
45.82,16.67,0.253
45.83,16.69,0.253
45.83,16.70,0.253
45.83,16.72,0.253
45.83,16.74,0.253
45.83,16.75,0.253
45.83,16.77,0.253
45.84,16.79,0.253
45.84,16.80,0.253
45.84,16.82,0.253
45.84,16.84,0.253
45.84,16.85,0.253
45.84,16.87,0.253
45.84,16.89,0.253
45.85,16.90,0.253
45.85,16.92,0.253
45.85,16.94,0.253
45.85,16.95,0.253
45.85,16.97,0.253
45.86,16.99,0.253
45.86,17.00,0.253
45.86,17.02,0.253
45.86,17.04,0.253
45.86,17.05,0.253
45.86,17.07,0.253
45.86,17.09,0.253
45.87,17.10,0.253
45.87,17.12,0.253
45.87,17.14,0.253
45.87,17.15,0.253
45.87,17.17,0.253
45.88,17.19,0.253
45.88,17.20,0.253
45.88,17.22,0.253
45.88,17.24,0.253
45.88,17.25,0.253
45.88,17.27,0.253
45.89,17.29,0.253
45.89,17.30,0.253
45.89,17.32,0.253
45.89,17.34,0.253
45.89,17.35,0.253
45.89,17.37,0.253
45.89,17.39,0.253
45.90,17.40,0.253
45.90,17.42,0.253
45.90,17.44,0.253
45.90,17.45,0.253
45.90,17.47,0.253
45.91,17.49,0.254
45.91,17.50,0.254
45.91,17.52,0.254
45.91,17.54,0.254
45.91,17.55,0.254
45.91,17.57,0.254
45.91,17.59,0.254
45.92,17.60,0.254
45.92,17.62,0.254
45.92,17.64,0.254
45.92,17.65,0.254
45.92,17.67,0.254
45.93,17.69,0.254
45.93,17.70,0.254
45.93,17.72,0.254
45.93,17.74,0.254
45.93,17.75,0.254
45.93,17.77,0.254
45.94,17.79,0.254
45.94,17.80,0.254
45.94,17.82,0.254
45.94,17.84,0.254
45.94,17.85,0.254
45.94,17.87,0.254
45.94,17.89,0.254
45.95,17.90,0.254
45.95,17.92,0.254
45.95,17.94,0.254
45.95,17.95,0.254
45.95,17.97,0.254
45.96,17.99,0.254
45.96,18.00,0.254
45.96,18.02,0.254
45.96,18.04,0.254
45.96,18.05,0.254
45.96,18.07,0.254
45.96,18.09,0.254
45.97,18.10,0.254
45.97,18.12,0.254
45.97,18.14,0.254
45.97,18.15,0.254
45.97,18.17,0.254
45.98,18.19,0.254
45.98,18.20,0.254
45.98,18.22,0.254
45.98,18.24,0.254
45.98,18.25,0.254
45.98,18.27,0.254
45.99,18.29,0.255
45.99,18.30,0.255
45.99,18.32,0.255
45.99,18.34,0.255
45.99,18.35,0.255
45.99,18.37,0.255
45.99,18.39,0.255
46.00,18.40,0.255
46.00,18.42,0.255
46.00,18.44,0.255
46.00,18.45,0.255
46.00,18.47,0.255
46.01,18.49,0.255
46.01,18.50,0.255
46.01,18.52,0.255
46.01,18.54,0.255
46.01,18.55,0.255
46.01,18.57,0.255
46.01,18.59,0.255
46.02,18.60,0.255
46.02,18.62,0.255
46.02,18.64,0.255
46.02,18.65,0.255
46.02,18.67,0.255
46.03,18.69,0.255
46.03,18.70,0.255
46.03,18.72,0.255
46.03,18.74,0.255
46.03,18.75,0.255
46.03,18.77,0.255
46.04,18.79,0.255
46.04,18.80,0.255
46.04,18.82,0.255
46.04,18.84,0.255
46.04,18.85,0.255
46.04,18.87,0.255
46.04,18.89,0.255
46.05,18.91,0.255
46.05,18.92,0.255
46.05,18.94,0.255
46.05,18.95,0.255
46.05,18.97,0.255
46.06,18.99,0.255
46.06,19.00,0.255
46.06,19.02,0.255
46.06,19.04,0.255
46.06,19.06,0.255
46.06,19.07,0.255
46.06,19.09,0.255
46.07,19.11,0.255
46.07,19.12,0.256
46.07,19.14,0.256
46.07,19.15,0.256
46.07,19.17,0.256
46.08,19.19,0.256
46.08,19.20,0.256
46.08,19.22,0.256
46.08,19.24,0.256
46.08,19.25,0.256
46.08,19.27,0.256
46.09,19.29,0.256
46.09,19.31,0.256
46.09,19.32,0.256
46.09,19.34,0.256
46.09,19.36,0.256
46.09,19.37,0.256
46.09,19.39,0.256
46.10,19.41,0.256
46.10,19.42,0.256
46.10,19.44,0.256
46.10,19.46,0.256
46.10,19.47,0.256
46.11,19.49,0.256
46.11,19.50,0.256
46.11,19.52,0.256
46.11,19.54,0.256
46.11,19.56,0.256
46.11,19.57,0.256
46.11,19.59,0.256
46.12,19.61,0.256
46.12,19.62,0.256
46.12,19.64,0.256
46.12,19.66,0.256
46.12,19.67,0.256
46.13,19.69,0.256
46.13,19.70,0.256
46.13,19.72,0.256
46.13,19.74,0.256
46.13,19.76,0.256
46.13,19.77,0.256
46.14,19.79,0.256
46.14,19.80,0.256
46.14,19.82,0.256
46.14,19.84,0.256
46.14,19.86,0.256
46.14,19.87,0.256
46.14,19.89,0.256
46.15,19.91,0.256
46.15,19.92,0.257
46.15,19.94,0.257
46.15,19.96,0.257
46.15,19.97,0.257
46.16,19.99,0.257
46.16,20.01,0.257
46.16,20.02,0.257
46.16,20.04,0.257
46.16,20.06,0.257
46.16,20.07,0.257
46.16,20.09,0.257
46.17,20.11,0.257
46.17,20.12,0.257
46.17,20.14,0.257
46.17,20.16,0.257
46.17,20.17,0.257
46.18,20.19,0.257
46.18,20.21,0.257
46.18,20.22,0.257
46.18,20.24,0.257
46.18,20.26,0.257
46.18,20.27,0.257
46.19,20.29,0.257
46.19,20.31,0.257
46.19,20.32,0.257
46.19,20.34,0.257
46.19,20.36,0.257
46.19,20.37,0.257
46.19,20.39,0.257
46.20,20.41,0.257
46.20,20.42,0.257
46.20,20.44,0.257
46.20,20.46,0.257
46.20,20.47,0.257
46.21,20.49,0.257
46.21,20.51,0.257
46.21,20.52,0.257
46.21,20.54,0.257
46.21,20.56,0.257
46.21,20.57,0.257
46.21,20.59,0.257
46.22,20.61,0.257
46.22,20.62,0.257
46.22,20.64,0.257
46.22,20.66,0.257
46.22,20.67,0.258
46.23,20.69,0.258
46.23,20.71,0.258
46.23,20.72,0.258
46.23,20.74,0.258
46.23,20.76,0.258
46.23,20.77,0.258
46.24,20.79,0.258
46.24,20.81,0.258
46.24,20.82,0.258
46.24,20.84,0.258
46.24,20.86,0.258
46.24,20.87,0.258
46.24,20.89,0.258
46.25,20.91,0.258
46.25,20.92,0.258
46.25,20.94,0.258
46.25,20.96,0.258
46.25,20.97,0.258
46.26,20.99,0.258
46.26,21.01,0.258
46.26,21.02,0.258
46.26,21.04,0.258
46.26,21.06,0.258
46.26,21.07,0.258
46.26,21.09,0.258
46.27,21.11,0.258
46.27,21.12,0.258
46.27,21.14,0.258
46.27,21.16,0.258
46.27,21.17,0.258
46.28,21.19,0.258
46.28,21.21,0.258
46.28,21.22,0.258
46.28,21.24,0.258
46.28,21.26,0.258
46.28,21.27,0.258
46.29,21.29,0.258
46.29,21.31,0.258
46.29,21.32,0.258
46.29,21.34,0.258
46.29,21.36,0.258
46.29,21.37,0.259
46.29,21.39,0.259
46.30,21.41,0.259
46.30,21.42,0.259
46.30,21.44,0.259
46.30,21.46,0.259
46.30,21.47,0.259
46.31,21.49,0.259
46.31,21.51,0.259
46.31,21.52,0.259
46.31,21.54,0.259
46.31,21.56,0.259
46.31,21.57,0.259
46.31,21.59,0.259
46.32,21.61,0.259
46.32,21.62,0.259
46.32,21.64,0.259
46.32,21.66,0.259
46.32,21.67,0.259
46.33,21.69,0.259
46.33,21.71,0.259
46.33,21.72,0.259
46.33,21.74,0.259
46.33,21.76,0.259
46.33,21.77,0.259
46.34,21.79,0.259
46.34,21.81,0.259
46.34,21.82,0.259
46.34,21.84,0.259
46.34,21.86,0.259
46.34,21.87,0.259
46.34,21.89,0.259
46.35,21.91,0.259
46.35,21.92,0.259
46.35,21.94,0.259
46.35,21.96,0.259
46.35,21.97,0.259
46.36,21.99,0.259
46.36,22.01,0.259
46.36,22.02,0.259
46.36,22.04,0.259
46.36,22.06,0.259
46.36,22.07,0.259
46.36,22.09,0.259
46.37,22.11,0.259
46.37,22.12,0.259
46.37,22.14,0.259
46.37,22.16,0.259
46.37,22.17,0.259
46.38,22.19,0.259
46.38,22.21,0.259
46.38,22.22,0.259
46.38,22.24,0.259
46.38,22.26,0.259
46.38,22.27,0.260
46.39,22.29,0.260
46.39,22.31,0.260
46.39,22.32,0.260
46.39,22.34,0.260
46.39,22.36,0.260
46.39,22.38,0.260
46.39,22.39,0.260
46.40,22.41,0.260
46.40,22.43,0.260
46.40,22.44,0.260
46.40,22.46,0.260
46.40,22.47,0.260
46.41,22.49,0.260
46.41,22.51,0.260
46.41,22.52,0.260
46.41,22.54,0.260
46.41,22.56,0.260
46.41,22.57,0.260
46.41,22.59,0.260
46.42,22.61,0.260
46.42,22.62,0.260
46.42,22.64,0.260
46.42,22.66,0.260
46.42,22.68,0.260
46.43,22.69,0.260
46.43,22.71,0.260
46.43,22.73,0.260
46.43,22.74,0.260
46.43,22.76,0.260
46.43,22.77,0.260
46.44,22.79,0.260
46.44,22.81,0.260
46.44,22.82,0.260
46.44,22.84,0.260
46.44,22.86,0.260
46.44,22.88,0.260
46.44,22.89,0.260
46.45,22.91,0.260
46.45,22.93,0.260
46.45,22.94,0.260
46.45,22.96,0.260
46.45,22.98,0.260
46.46,22.99,0.260
46.46,23.01,0.260
46.46,23.02,0.260
46.46,23.04,0.260
46.46,23.06,0.260
46.46,23.07,0.260
46.46,23.09,0.260
46.47,23.11,0.260
46.47,23.13,0.260
46.47,23.14,0.260
46.47,23.16,0.261
46.47,23.18,0.261
46.48,23.19,0.261
46.48,23.21,0.261
46.48,23.22,0.261
46.48,23.24,0.261
46.48,23.26,0.261
46.48,23.27,0.261
46.49,23.29,0.261
46.49,23.31,0.261
46.49,23.33,0.261
46.49,23.34,0.261
46.49,23.36,0.261
46.49,23.37,0.261
46.49,23.39,0.261
46.50,23.41,0.261
46.50,23.43,0.261
46.50,23.44,0.261
46.50,23.46,0.261
46.50,23.48,0.261
46.51,23.49,0.261
46.51,23.51,0.261
46.51,23.53,0.261
46.51,23.54,0.261
46.51,23.56,0.261
46.51,23.57,0.261
46.51,23.59,0.261
46.52,23.61,0.261
46.52,23.63,0.261
46.52,23.64,0.261
46.52,23.66,0.261
46.52,23.67,0.261
46.53,23.69,0.261
46.53,23.71,0.261
46.53,23.72,0.261
46.53,23.74,0.261
46.53,23.76,0.261
46.53,23.78,0.261
46.54,23.79,0.261
46.54,23.81,0.261
46.54,23.82,0.261
46.54,23.84,0.261
46.54,23.86,0.261
46.54,23.88,0.261
46.54,23.89,0.262
46.55,23.91,0.262
46.55,23.93,0.262
46.55,23.94,0.262
46.55,23.96,0.262
46.55,23.98,0.262
46.56,23.99,0.262
46.56,24.01,0.262
46.56,24.03,0.262
46.56,24.04,0.262
46.56,24.06,0.262
46.56,24.08,0.262
46.56,24.09,0.262
46.57,24.11,0.262
46.57,24.13,0.262
46.57,24.14,0.262
46.57,24.16,0.262
46.57,24.18,0.262
46.58,24.19,0.262
46.58,24.21,0.262
46.58,24.23,0.262
46.58,24.24,0.262
46.58,24.26,0.262
46.58,24.27,0.262
46.59,24.29,0.262
46.59,24.31,0.262
46.59,24.33,0.262
46.59,24.34,0.262
46.59,24.36,0.262
46.59,24.38,0.262
46.59,24.39,0.262
46.60,24.41,0.262
46.60,24.42,0.262
46.60,24.44,0.262
46.60,24.46,0.262
46.60,24.48,0.262
46.61,24.49,0.262
46.61,24.51,0.262
46.61,24.53,0.262
46.61,24.54,0.262
46.61,24.56,0.262
46.61,24.58,0.262
46.61,24.59,0.262
46.62,24.61,0.262
46.62,24.63,0.262
46.62,24.64,0.262
46.62,24.66,0.262
46.62,24.68,0.262
46.63,24.69,0.263
46.63,24.71,0.263
46.63,24.73,0.263
46.63,24.74,0.263
46.63,24.76,0.263
46.63,24.78,0.263
46.64,24.79,0.263
46.64,24.81,0.263
46.64,24.83,0.263
46.64,24.84,0.263
46.64,24.86,0.263
46.64,24.88,0.263
46.64,24.89,0.263
46.65,24.91,0.263
46.65,24.93,0.263
46.65,24.94,0.263
46.65,24.96,0.263
46.65,24.98,0.263
46.66,24.99,0.263
46.66,25.01,0.263
46.66,25.03,0.263
46.66,25.04,0.263
46.66,25.06,0.263
46.66,25.08,0.263
46.66,25.09,0.263
46.67,25.11,0.263
46.67,25.13,0.263
46.67,25.14,0.263
46.67,25.16,0.263
46.67,25.18,0.263
46.68,25.19,0.263
46.68,25.21,0.263
46.68,25.23,0.263
46.68,25.24,0.263
46.68,25.26,0.263
46.68,25.28,0.263
46.69,25.29,0.263
46.69,25.31,0.263
46.69,25.33,0.263
46.69,25.34,0.263
46.69,25.36,0.263
46.69,25.38,0.263
46.69,25.39,0.263
46.70,25.41,0.263
46.70,25.43,0.263
46.70,25.44,0.263
46.70,25.46,0.263
46.70,25.48,0.264
46.71,25.49,0.264
46.71,25.51,0.264
46.71,25.53,0.264
46.71,25.54,0.264
46.71,25.56,0.264
46.71,25.58,0.264
46.71,25.59,0.264
46.72,25.61,0.264
46.72,25.63,0.264
46.72,25.64,0.264
46.72,25.66,0.264
46.72,25.68,0.264
46.73,25.69,0.264
46.73,25.71,0.264
46.73,25.73,0.264
46.73,25.74,0.264
46.73,25.76,0.264
46.73,25.78,0.264
46.74,25.79,0.264
46.74,25.81,0.264
46.74,25.83,0.264
46.74,25.84,0.264
46.74,25.86,0.264
46.74,25.88,0.264
46.74,25.89,0.264
46.75,25.91,0.264
46.75,25.93,0.264
46.75,25.94,0.264
46.75,25.96,0.264
46.75,25.98,0.264
46.76,25.99,0.264
46.76,26.01,0.264
46.76,26.03,0.264
46.76,26.04,0.264
46.76,26.06,0.264
46.76,26.08,0.264
46.76,26.09,0.264
46.77,26.11,0.264
46.77,26.13,0.264
46.77,26.14,0.264
46.77,26.16,0.264
46.77,26.18,0.264
46.78,26.19,0.264
46.78,26.21,0.264
46.78,26.23,0.264
46.78,26.24,0.264
46.78,26.26,0.264
46.78,26.28,0.265
46.79,26.29,0.265
46.79,26.31,0.265
46.79,26.33,0.265
46.79,26.34,0.265
46.79,26.36,0.265
46.79,26.38,0.265
46.79,26.39,0.265
46.80,26.41,0.265
46.80,26.43,0.265
46.80,26.44,0.265
46.80,26.46,0.265
46.80,26.48,0.265
46.81,26.50,0.265
46.81,26.51,0.265
46.81,26.53,0.265
46.81,26.54,0.265
46.81,26.56,0.265
46.81,26.58,0.265
46.81,26.59,0.265
46.82,26.61,0.265
46.82,26.63,0.265
46.82,26.64,0.265
46.82,26.66,0.265
46.82,26.68,0.265
46.83,26.69,0.265
46.83,26.71,0.265
46.83,26.73,0.265
46.83,26.74,0.265
46.83,26.76,0.265
46.83,26.78,0.265
46.84,26.79,0.265
46.84,26.81,0.265
46.84,26.83,0.265
46.84,26.84,0.265
46.84,26.86,0.265
46.84,26.88,0.265
46.84,26.89,0.265
46.85,26.91,0.265
46.85,26.93,0.265
46.85,26.94,0.265
46.85,26.96,0.265
46.85,26.98,0.265
46.86,27.00,0.265
46.86,27.01,0.265
46.86,27.03,0.265
46.86,27.04,0.266
46.86,27.06,0.266
46.86,27.08,0.266
46.86,27.09,0.266
46.87,27.11,0.266
46.87,27.13,0.266
46.87,27.14,0.266
46.87,27.16,0.266
46.87,27.18,0.266
46.88,27.19,0.266
46.88,27.21,0.266
46.88,27.23,0.266
46.88,27.25,0.266
46.88,27.26,0.266
46.88,27.28,0.266
46.89,27.29,0.266
46.89,27.31,0.266
46.89,27.33,0.266
46.89,27.34,0.266
46.89,27.36,0.266
46.89,27.38,0.266
46.89,27.40,0.266
46.90,27.41,0.266
46.90,27.43,0.266
46.90,27.44,0.266
46.90,27.46,0.266
46.90,27.48,0.266
46.91,27.49,0.266
46.91,27.51,0.266
46.91,27.53,0.266
46.91,27.54,0.266
46.91,27.56,0.266
46.91,27.58,0.266
46.91,27.60,0.266
46.92,27.61,0.266
46.92,27.63,0.266
46.92,27.65,0.266
46.92,27.66,0.266
46.92,27.68,0.266
46.93,27.70,0.266
46.93,27.71,0.266
46.93,27.73,0.266
46.93,27.75,0.266
46.93,27.76,0.267
46.93,27.78,0.267
46.94,27.80,0.267
46.94,27.81,0.267
46.94,27.83,0.267
46.94,27.84,0.267
46.94,27.86,0.267
46.94,27.88,0.267
46.94,27.90,0.267
46.95,27.91,0.267
46.95,27.93,0.267
46.95,27.94,0.267
46.95,27.96,0.267
46.95,27.98,0.267
46.96,27.99,0.267
46.96,28.01,0.267
46.96,28.03,0.267
46.96,28.05,0.267
46.96,28.06,0.267
46.96,28.08,0.267
46.96,28.10,0.267
46.97,28.11,0.267
46.97,28.13,0.267
46.97,28.14,0.267
46.97,28.16,0.267
46.97,28.18,0.267
46.98,28.20,0.267
46.98,28.21,0.267
46.98,28.23,0.267
46.98,28.24,0.267
46.98,28.26,0.267
46.98,28.28,0.267
46.99,28.29,0.267
46.99,28.31,0.267
46.99,28.33,0.267
46.99,28.34,0.267
46.99,28.36,0.267
46.99,28.38,0.267
46.99,28.40,0.267
47.00,28.41,0.267
47.00,28.43,0.267
47.00,28.45,0.267
47.00,28.46,0.267
47.00,28.48,0.267
47.01,28.49,0.267
47.01,28.51,0.268
47.01,28.53,0.268
47.01,28.55,0.268
47.01,28.56,0.268
47.01,28.58,0.268
47.01,28.60,0.268
47.02,28.61,0.268
47.02,28.63,0.268
47.02,28.65,0.268
47.02,28.66,0.268
47.02,28.68,0.268
47.03,28.70,0.268
47.03,28.71,0.268
47.03,28.73,0.268
47.03,28.75,0.268
47.03,28.76,0.268
47.03,28.78,0.268
47.04,28.80,0.268
47.04,28.81,0.268
47.04,28.83,0.268
47.04,28.85,0.268
47.04,28.86,0.268
47.04,28.88,0.268
47.04,28.90,0.268
47.05,28.91,0.268
47.05,28.93,0.268
47.05,28.95,0.268
47.05,28.96,0.268
47.05,28.98,0.268
47.06,29.00,0.268
47.06,29.01,0.268
47.06,29.03,0.268
47.06,29.05,0.268
47.06,29.06,0.268
47.06,29.08,0.268
47.06,29.10,0.268
47.07,29.11,0.268
47.07,29.13,0.268
47.07,29.15,0.268
47.07,29.16,0.268
47.07,29.18,0.268
47.08,29.20,0.268
47.08,29.21,0.269
47.08,29.23,0.269
47.08,29.25,0.269
47.08,29.26,0.269
47.08,29.28,0.269
47.09,29.30,0.269
47.09,29.31,0.269
47.09,29.33,0.269
47.09,29.35,0.269
47.09,29.36,0.269
47.09,29.38,0.269
47.09,29.40,0.269
47.10,29.41,0.269
47.10,29.43,0.269
47.10,29.45,0.269
47.10,29.46,0.269
47.10,29.48,0.269
47.11,29.50,0.269
47.11,29.51,0.269
47.11,29.53,0.269
47.11,29.55,0.269
47.11,29.56,0.269
47.11,29.58,0.269
47.11,29.60,0.269
47.12,29.61,0.269
47.12,29.63,0.269
47.12,29.65,0.269
47.12,29.66,0.269
47.12,29.68,0.269
47.13,29.70,0.269
47.13,29.71,0.269
47.13,29.73,0.269
47.13,29.75,0.269
47.13,29.76,0.269
47.13,29.78,0.269
47.14,29.80,0.269
47.14,29.81,0.269
47.14,29.83,0.269
47.14,29.85,0.269
47.14,29.86,0.269
47.14,29.88,0.269
47.14,29.90,0.270
47.15,29.91,0.270
47.15,29.93,0.270
47.15,29.95,0.270
47.15,29.96,0.270
47.15,29.98,0.270
47.16,30.00,0.270
47.16,30.01,0.270
47.16,30.03,0.270
47.16,30.05,0.270
47.16,30.06,0.270
47.16,30.08,0.270
47.16,30.10,0.270
47.17,30.11,0.270
47.17,30.13,0.270
47.17,30.15,0.270
47.17,30.16,0.270
47.17,30.18,0.270
47.18,30.20,0.270
47.18,30.21,0.270
47.18,30.23,0.270
47.18,30.25,0.270
47.18,30.26,0.270
47.18,30.28,0.270
47.19,30.30,0.270
47.19,30.31,0.270
47.19,30.33,0.270
47.19,30.35,0.270
47.19,30.36,0.270
47.19,30.38,0.270
47.19,30.40,0.270
47.20,30.41,0.270
47.20,30.43,0.270
47.20,30.45,0.270
47.20,30.46,0.270
47.20,30.48,0.270
47.21,30.50,0.270
47.21,30.51,0.270
47.21,30.53,0.270
47.21,30.55,0.270
47.21,30.56,0.270
47.21,30.58,0.270
47.21,30.60,0.270
47.22,30.61,0.271
47.22,30.63,0.271
47.22,30.65,0.271
47.22,30.66,0.271
47.22,30.68,0.271
47.23,30.70,0.271
47.23,30.71,0.271
47.23,30.73,0.271
47.23,30.75,0.271
47.23,30.76,0.271
47.23,30.78,0.271
47.24,30.80,0.271
47.24,30.81,0.271
47.24,30.83,0.271
47.24,30.85,0.271
47.24,30.86,0.271
47.24,30.88,0.271
47.24,30.90,0.271
47.25,30.91,0.271
47.25,30.93,0.271
47.25,30.95,0.271
47.25,30.96,0.271
47.25,30.98,0.271
47.26,31.00,0.271
47.26,31.02,0.271
47.26,31.03,0.271
47.26,31.05,0.271
47.26,31.06,0.271
47.26,31.08,0.271
47.26,31.10,0.271
47.27,31.11,0.271
47.27,31.13,0.271
47.27,31.15,0.271
47.27,31.16,0.271
47.27,31.18,0.271
47.28,31.20,0.271
47.28,31.21,0.271
47.28,31.23,0.271
47.28,31.25,0.272
47.28,31.27,0.272
47.28,31.28,0.272
47.29,31.30,0.272
47.29,31.32,0.272
47.29,31.33,0.272
47.29,31.35,0.272
47.29,31.36,0.272
47.29,31.38,0.272
47.29,31.40,0.272
47.30,31.42,0.272
47.30,31.43,0.272
47.30,31.45,0.272
47.30,31.46,0.272
47.30,31.48,0.272
47.31,31.50,0.272
47.31,31.51,0.272
47.31,31.53,0.272
47.31,31.55,0.272
47.31,31.57,0.272
47.31,31.58,0.272
47.31,31.60,0.272
47.32,31.61,0.272
47.32,31.63,0.272
47.32,31.65,0.272
47.32,31.67,0.272
47.32,31.68,0.272
47.33,31.70,0.272
47.33,31.71,0.272
47.33,31.73,0.272
47.33,31.75,0.272
47.33,31.77,0.272
47.33,31.78,0.272
47.34,31.80,0.272
47.34,31.81,0.272
47.34,31.83,0.272
47.34,31.85,0.272
47.34,31.86,0.272
47.34,31.88,0.272
47.34,31.90,0.272
47.35,31.92,0.272
47.35,31.93,0.272
47.35,31.95,0.272
47.35,31.96,0.272
47.35,31.98,0.273
47.36,32.00,0.273
47.36,32.01,0.273
47.36,32.03,0.273
47.36,32.05,0.273
47.36,32.06,0.273
47.36,32.08,0.273
47.36,32.10,0.273
47.37,32.11,0.273
47.37,32.13,0.273
47.37,32.15,0.273
47.37,32.16,0.273
47.37,32.18,0.273
47.38,32.20,0.273
47.38,32.22,0.273
47.38,32.23,0.273
47.38,32.25,0.273
47.38,32.26,0.273
47.38,32.28,0.273
47.39,32.30,0.273
47.39,32.32,0.273
47.39,32.33,0.273
47.39,32.35,0.273
47.39,32.36,0.273
47.39,32.38,0.273
47.39,32.40,0.273
47.40,32.41,0.273
47.40,32.43,0.273
47.40,32.45,0.273
47.40,32.46,0.273
47.40,32.48,0.273
47.41,32.50,0.273
47.41,32.52,0.273
47.41,32.53,0.273
47.41,32.55,0.273
47.41,32.57,0.273
47.41,32.58,0.273
47.41,32.60,0.273
47.42,32.62,0.273
47.42,32.63,0.273
47.42,32.65,0.273
47.42,32.67,0.273
47.42,32.68,0.273
47.43,32.70,0.273
47.43,32.71,0.273
47.43,32.73,0.274
47.43,32.75,0.274
47.43,32.76,0.274
47.43,32.78,0.274
47.44,32.80,0.274
47.44,32.82,0.274
47.44,32.83,0.274
47.44,32.85,0.274
47.44,32.87,0.274
47.44,32.88,0.274
47.44,32.90,0.274
47.45,32.92,0.274
47.45,32.93,0.274
47.45,32.95,0.274
47.45,32.97,0.274
47.45,32.98,0.274
47.46,33.00,0.274
47.46,33.02,0.274
47.46,33.03,0.274
47.46,33.05,0.274
47.46,33.07,0.274
47.46,33.08,0.274
47.46,33.10,0.274
47.47,33.12,0.274
47.47,33.13,0.274
47.47,33.15,0.274
47.47,33.17,0.274
47.47,33.18,0.274
47.48,33.20,0.274
47.48,33.22,0.274
47.48,33.23,0.274
47.48,33.25,0.274
47.48,33.26,0.274
47.48,33.28,0.274
47.49,33.30,0.274
47.49,33.32,0.274
47.49,33.33,0.274
47.49,33.35,0.274
47.49,33.36,0.274
47.49,33.38,0.275
47.49,33.40,0.275
47.50,33.42,0.275
47.50,33.43,0.275
47.50,33.45,0.275
47.50,33.47,0.275
47.50,33.48,0.275
47.51,33.50,0.275
47.51,33.52,0.275
47.51,33.53,0.275
47.51,33.55,0.275
47.51,33.57,0.275
47.51,33.58,0.275
47.51,33.60,0.275
47.52,33.62,0.275
47.52,33.63,0.275
47.52,33.65,0.275
47.52,33.67,0.275
47.52,33.68,0.275
47.53,33.70,0.275
47.53,33.72,0.275
47.53,33.73,0.275
47.53,33.75,0.275
47.53,33.77,0.275
47.53,33.78,0.275
47.54,33.80,0.275
47.54,33.82,0.275
47.54,33.83,0.275
47.54,33.85,0.275
47.54,33.87,0.275
47.54,33.88,0.275
47.54,33.90,0.275
47.55,33.92,0.275
47.55,33.93,0.275
47.55,33.95,0.275
47.55,33.97,0.275
47.55,33.98,0.275
47.56,34.00,0.275
47.56,34.02,0.275
47.56,34.03,0.276
47.56,34.05,0.276
47.56,34.07,0.276
47.56,34.08,0.276
47.56,34.10,0.276
47.57,34.12,0.276
47.57,34.13,0.276
47.57,34.15,0.276
47.57,34.17,0.276
47.57,34.18,0.276
47.58,34.20,0.276
47.58,34.22,0.276
47.58,34.23,0.276
47.58,34.25,0.276
47.58,34.27,0.276
47.58,34.28,0.276
47.59,34.30,0.276
47.59,34.32,0.276
47.59,34.33,0.276
47.59,34.35,0.276
47.59,34.37,0.276
47.59,34.38,0.276
47.59,34.40,0.276
47.60,34.42,0.276
47.60,34.43,0.276
47.60,34.45,0.276
47.60,34.46,0.276
47.60,34.48,0.276
47.61,34.50,0.276
47.61,34.51,0.276
47.61,34.53,0.276
47.61,34.55,0.276
47.61,34.57,0.276
47.61,34.58,0.276
47.61,34.60,0.276
47.62,34.62,0.276
47.62,34.63,0.276
47.62,34.65,0.276
47.62,34.67,0.276
47.62,34.68,0.276
47.63,34.70,0.276
47.63,34.72,0.277
47.63,34.73,0.277
47.63,34.75,0.277
47.63,34.77,0.277
47.63,34.78,0.277
47.64,34.80,0.277
47.64,34.82,0.277
47.64,34.83,0.277
47.64,34.85,0.277
47.64,34.86,0.277
47.64,34.88,0.277
47.64,34.90,0.277
47.65,34.92,0.277
47.65,34.93,0.277
47.65,34.95,0.277
47.65,34.97,0.277
47.65,34.98,0.277
47.66,35.00,0.277
47.66,35.02,0.277
47.66,35.03,0.277
47.66,35.05,0.277
47.66,35.07,0.277
47.66,35.08,0.277
47.66,35.10,0.277
47.67,35.12,0.277
47.67,35.13,0.277
47.67,35.15,0.277
47.67,35.17,0.277
47.67,35.18,0.277
47.68,35.20,0.277
47.68,35.22,0.277
47.68,35.23,0.277
47.68,35.25,0.277
47.68,35.27,0.277
47.68,35.28,0.277
47.69,35.30,0.277
47.69,35.32,0.277
47.69,35.33,0.278
47.69,35.35,0.278
47.69,35.37,0.278
47.69,35.38,0.278
47.69,35.40,0.278
47.70,35.42,0.278
47.70,35.43,0.278
47.70,35.45,0.278
47.70,35.47,0.278
47.70,35.48,0.278
47.71,35.50,0.278
47.71,35.52,0.278
47.71,35.53,0.278
47.71,35.55,0.278
47.71,35.57,0.278
47.71,35.58,0.278
47.71,35.60,0.278
47.72,35.62,0.278
47.72,35.63,0.278
47.72,35.65,0.278
47.72,35.67,0.278
47.72,35.68,0.278
47.73,35.70,0.278
47.73,35.72,0.278
47.73,35.73,0.278
47.73,35.75,0.278
47.73,35.77,0.278
47.73,35.78,0.278
47.74,35.80,0.278
47.74,35.82,0.278
47.74,35.83,0.278
47.74,35.85,0.278
47.74,35.87,0.278
47.74,35.88,0.278
47.74,35.90,0.278
47.75,35.92,0.278
47.75,35.93,0.278
47.75,35.95,0.279
47.75,35.97,0.279
47.75,35.98,0.279
47.76,36.00,0.279
47.76,36.02,0.279
47.76,36.03,0.279
47.76,36.05,0.279
47.76,36.07,0.279
47.76,36.08,0.279
47.76,36.10,0.279
47.77,36.12,0.279
47.77,36.13,0.279
47.77,36.15,0.279
47.77,36.17,0.279
47.77,36.18,0.279
47.78,36.20,0.279
47.78,36.22,0.279
47.78,36.23,0.279
47.78,36.25,0.279
47.78,36.27,0.279
47.78,36.28,0.279
47.79,36.30,0.279
47.79,36.32,0.279
47.79,36.33,0.279
47.79,36.35,0.279
47.79,36.37,0.279
47.79,36.38,0.279
47.79,36.40,0.279
47.80,36.42,0.279
47.80,36.43,0.279
47.80,36.45,0.279
47.80,36.47,0.279
47.80,36.48,0.279
47.81,36.50,0.279
47.81,36.52,0.279
47.81,36.53,0.279
47.81,36.55,0.279
47.81,36.57,0.279
47.81,36.58,0.279
47.81,36.60,0.279
47.82,36.62,0.280
47.82,36.63,0.280
47.82,36.65,0.280
47.82,36.67,0.280
47.82,36.68,0.280
47.83,36.70,0.280
47.83,36.72,0.280
47.83,36.73,0.280
47.83,36.75,0.280
47.83,36.77,0.280
47.83,36.78,0.280
47.84,36.80,0.280
47.84,36.82,0.280
47.84,36.83,0.280
47.84,36.85,0.280
47.84,36.87,0.280
47.84,36.88,0.280
47.84,36.90,0.280
47.85,36.92,0.280
47.85,36.93,0.280
47.85,36.95,0.280
47.85,36.97,0.280
47.85,36.98,0.280
47.86,37.00,0.280
47.86,37.02,0.280
47.86,37.03,0.280
47.86,37.05,0.280
47.86,37.07,0.280
47.86,37.08,0.280
47.86,37.10,0.280
47.87,37.12,0.280
47.87,37.13,0.280
47.87,37.15,0.280
47.87,37.17,0.280
47.87,37.18,0.280
47.88,37.20,0.280
47.88,37.22,0.280
47.88,37.23,0.280
47.88,37.25,0.280
47.88,37.27,0.280
47.88,37.28,0.281
47.89,37.30,0.281
47.89,37.32,0.281
47.89,37.33,0.281
47.89,37.35,0.281
47.89,37.37,0.281
47.89,37.38,0.281
47.89,37.40,0.281
47.90,37.42,0.281
47.90,37.44,0.281
47.90,37.45,0.281
47.90,37.47,0.281
47.90,37.48,0.281
47.91,37.50,0.281
47.91,37.52,0.281
47.91,37.53,0.281
47.91,37.55,0.281
47.91,37.57,0.281
47.91,37.58,0.281
47.91,37.60,0.281
47.92,37.62,0.281
47.92,37.63,0.281
47.92,37.65,0.281
47.92,37.67,0.281
47.92,37.68,0.281
47.93,37.70,0.281
47.93,37.72,0.281
47.93,37.73,0.281
47.93,37.75,0.281
47.93,37.77,0.281
47.93,37.78,0.281
47.94,37.80,0.282
47.94,37.82,0.282
47.94,37.83,0.282
47.94,37.85,0.282
47.94,37.87,0.282
47.94,37.88,0.282
47.94,37.90,0.282
47.95,37.92,0.282
47.95,37.93,0.282
47.95,37.95,0.282
47.95,37.97,0.282
47.95,37.99,0.282
47.96,38.00,0.282
47.96,38.02,0.282
47.96,38.03,0.282
47.96,38.05,0.282
47.96,38.07,0.282
47.96,38.08,0.282
47.96,38.10,0.282
47.97,38.12,0.282
47.97,38.13,0.282
47.97,38.15,0.282
47.97,38.17,0.282
47.97,38.19,0.282
47.98,38.20,0.282
47.98,38.22,0.282
47.98,38.24,0.282
47.98,38.25,0.282
47.98,38.27,0.282
47.98,38.29,0.282
47.99,38.30,0.283
47.99,38.32,0.283
47.99,38.33,0.283
47.99,38.35,0.283
47.99,38.37,0.283
47.99,38.38,0.283
47.99,38.40,0.283
48.00,38.42,0.283
48.00,38.43,0.283
48.00,38.45,0.283
48.00,38.47,0.283
48.00,38.49,0.283
48.01,38.50,0.283
48.01,38.52,0.283
48.01,38.54,0.283
48.01,38.55,0.283
48.01,38.57,0.283
48.01,38.58,0.283
48.01,38.60,0.283
48.02,38.62,0.283
48.02,38.64,0.283
48.02,38.65,0.283
48.02,38.67,0.283
48.02,38.69,0.283
48.03,38.70,0.283
48.03,38.72,0.283
48.03,38.74,0.283
48.03,38.75,0.283
48.03,38.77,0.283
48.03,38.78,0.283
48.04,38.80,0.283
48.04,38.82,0.283
48.04,38.83,0.283
48.04,38.85,0.283
48.04,38.87,0.283
48.04,38.88,0.283
48.04,38.90,0.283
48.05,38.92,0.283
48.05,38.93,0.283
48.05,38.95,0.284
48.05,38.97,0.284
48.05,38.98,0.284
48.06,39.00,0.284
48.06,39.02,0.284
48.06,39.03,0.284
48.06,39.05,0.284
48.06,39.07,0.284
48.06,39.08,0.284
48.06,39.10,0.284
48.07,39.12,0.284
48.07,39.14,0.284
48.07,39.15,0.284
48.07,39.17,0.284
48.07,39.19,0.284
48.08,39.20,0.284
48.08,39.22,0.284
48.08,39.24,0.284
48.08,39.25,0.284
48.08,39.27,0.284
48.08,39.29,0.284
48.09,39.30,0.284
48.09,39.32,0.284
48.09,39.33,0.284
48.09,39.35,0.284
48.09,39.37,0.284
48.09,39.39,0.284
48.09,39.40,0.284
48.10,39.42,0.284
48.10,39.43,0.284
48.10,39.45,0.284
48.10,39.47,0.284
48.10,39.49,0.284
48.11,39.50,0.284
48.11,39.52,0.284
48.11,39.54,0.284
48.11,39.55,0.284
48.11,39.57,0.285
48.11,39.59,0.285
48.11,39.60,0.285
48.12,39.62,0.285
48.12,39.64,0.285
48.12,39.65,0.285
48.12,39.67,0.285
48.12,39.68,0.285
48.13,39.70,0.285
48.13,39.72,0.285
48.13,39.74,0.285
48.13,39.75,0.285
48.13,39.77,0.285
48.13,39.79,0.285
48.14,39.80,0.285
48.14,39.82,0.285
48.14,39.84,0.285
48.14,39.85,0.285
48.14,39.87,0.285
48.14,39.89,0.285
48.14,39.90,0.285
48.15,39.92,0.285
48.15,39.94,0.285
48.15,39.95,0.285
48.15,39.97,0.285
48.15,39.99,0.285
48.16,40.00,0.285
48.16,40.02,0.285
48.16,40.04,0.285
48.16,40.05,0.285
48.16,40.07,0.285
48.16,40.09,0.285
48.16,40.10,0.285
48.17,40.12,0.285
48.17,40.14,0.285
48.17,40.15,0.285
48.17,40.17,0.286
48.17,40.19,0.286
48.18,40.20,0.286
48.18,40.22,0.286
48.18,40.24,0.286
48.18,40.25,0.286
48.18,40.27,0.286
48.18,40.29,0.286
48.19,40.30,0.286
48.19,40.32,0.286
48.19,40.34,0.286
48.19,40.35,0.286
48.19,40.37,0.286
48.19,40.39,0.286
48.19,40.40,0.286
48.20,40.42,0.286
48.20,40.44,0.286
48.20,40.45,0.286
48.20,40.47,0.286
48.20,40.49,0.286
48.21,40.50,0.286
48.21,40.52,0.286
48.21,40.54,0.286
48.21,40.55,0.286
48.21,40.57,0.286
48.21,40.59,0.286
48.21,40.60,0.286
48.22,40.62,0.286
48.22,40.64,0.286
48.22,40.65,0.287
48.22,40.67,0.287
48.22,40.69,0.287
48.23,40.70,0.287
48.23,40.72,0.287
48.23,40.74,0.287
48.23,40.75,0.287
48.23,40.77,0.287
48.23,40.79,0.287
48.24,40.80,0.287
48.24,40.82,0.287
48.24,40.84,0.287
48.24,40.85,0.287
48.24,40.87,0.287
48.24,40.89,0.287
48.24,40.90,0.287
48.25,40.92,0.287
48.25,40.94,0.287
48.25,40.95,0.287
48.25,40.97,0.287
48.25,40.99,0.287
48.26,41.00,0.287
48.26,41.02,0.287
48.26,41.04,0.287
48.26,41.05,0.287
48.26,41.07,0.287
48.26,41.09,0.287
48.26,41.10,0.287
48.27,41.12,0.287
48.27,41.14,0.287
48.27,41.15,0.287
48.27,41.17,0.288
48.27,41.19,0.288
48.28,41.20,0.288
48.28,41.22,0.288
48.28,41.24,0.288
48.28,41.25,0.288
48.28,41.27,0.288
48.28,41.29,0.288
48.29,41.30,0.288
48.29,41.32,0.288
48.29,41.34,0.288
48.29,41.35,0.288
48.29,41.37,0.288
48.29,41.39,0.288
48.29,41.40,0.288
48.30,41.42,0.288
48.30,41.44,0.288
48.30,41.45,0.288
48.30,41.47,0.288
48.30,41.49,0.288
48.31,41.50,0.288
48.31,41.52,0.288
48.31,41.54,0.288
48.31,41.55,0.288
48.31,41.57,0.288
48.31,41.59,0.288
48.31,41.60,0.288
48.32,41.62,0.288
48.32,41.64,0.288
48.32,41.65,0.288
48.32,41.67,0.288
48.32,41.69,0.288
48.33,41.70,0.288
48.33,41.72,0.288
48.33,41.74,0.288
48.33,41.75,0.289
48.33,41.77,0.289
48.33,41.79,0.289
48.34,41.80,0.289
48.34,41.82,0.289
48.34,41.84,0.289
48.34,41.85,0.289
48.34,41.87,0.289
48.34,41.89,0.289
48.34,41.90,0.289
48.35,41.92,0.289
48.35,41.94,0.289
48.35,41.95,0.289
48.35,41.97,0.289
48.35,41.99,0.289
48.36,42.00,0.289
48.36,42.02,0.289
48.36,42.04,0.289
48.36,42.05,0.289
48.36,42.07,0.289
48.36,42.09,0.289
48.36,42.10,0.289
48.37,42.12,0.289
48.37,42.14,0.289
48.37,42.15,0.289
48.37,42.17,0.289
48.37,42.19,0.289
48.38,42.20,0.289
48.38,42.22,0.289
48.38,42.24,0.289
48.38,42.25,0.289
48.38,42.27,0.289
48.38,42.29,0.289
48.39,42.30,0.289
48.39,42.32,0.289
48.39,42.34,0.290
48.39,42.35,0.290
48.39,42.37,0.290
48.39,42.39,0.290
48.39,42.40,0.290
48.40,42.42,0.290
48.40,42.44,0.290
48.40,42.45,0.290
48.40,42.47,0.290
48.40,42.49,0.290
48.41,42.50,0.290
48.41,42.52,0.290
48.41,42.54,0.290
48.41,42.55,0.290
48.41,42.57,0.290
48.41,42.59,0.290
48.41,42.60,0.290
48.42,42.62,0.291
48.42,42.64,0.291
48.42,42.65,0.291
48.42,42.67,0.291
48.42,42.69,0.291
48.43,42.70,0.291
48.43,42.72,0.291
48.43,42.74,0.291
48.43,42.75,0.291
48.43,42.77,0.291
48.43,42.79,0.291
48.44,42.80,0.291
48.44,42.82,0.291
48.44,42.84,0.291
48.44,42.85,0.291
48.44,42.87,0.291
48.44,42.89,0.291
48.44,42.90,0.291
48.45,42.92,0.291
48.45,42.94,0.291
48.45,42.95,0.291
48.45,42.97,0.291
48.45,42.99,0.291
48.46,43.00,0.291
48.46,43.02,0.291
48.46,43.04,0.291
48.46,43.05,0.292
48.46,43.07,0.292
48.46,43.09,0.292
48.46,43.10,0.292
48.47,43.12,0.292
48.47,43.14,0.292
48.47,43.15,0.292
48.47,43.17,0.292
48.47,43.19,0.292
48.48,43.20,0.292
48.48,43.22,0.292
48.48,43.24,0.292
48.48,43.25,0.292
48.48,43.27,0.292
48.48,43.29,0.292
48.49,43.30,0.292
48.49,43.32,0.292
48.49,43.34,0.292
48.49,43.35,0.292
48.49,43.37,0.292
48.49,43.39,0.292
48.49,43.40,0.292
48.50,43.42,0.292
48.50,43.44,0.292
48.50,43.45,0.292
48.50,43.47,0.292
48.50,43.49,0.292
48.51,43.50,0.292
48.51,43.52,0.292
48.51,43.54,0.292
48.51,43.55,0.292
48.51,43.57,0.292
48.51,43.59,0.292
48.51,43.60,0.292
48.52,43.62,0.293
48.52,43.64,0.293
48.52,43.65,0.293
48.52,43.67,0.293
48.52,43.69,0.293
48.53,43.70,0.293
48.53,43.72,0.293
48.53,43.74,0.293
48.53,43.75,0.293
48.53,43.77,0.293
48.53,43.79,0.293
48.54,43.80,0.293
48.54,43.82,0.293
48.54,43.84,0.293
48.54,43.85,0.293
48.54,43.87,0.293
48.54,43.89,0.293
48.54,43.90,0.293
48.55,43.92,0.293
48.55,43.94,0.293
48.55,43.95,0.293
48.55,43.97,0.293
48.55,43.99,0.293
48.56,44.00,0.293
48.56,44.02,0.293
48.56,44.04,0.293
48.56,44.05,0.293
48.56,44.07,0.293
48.56,44.09,0.293
48.56,44.10,0.293
48.57,44.12,0.293
48.57,44.14,0.294
48.57,44.15,0.294
48.57,44.17,0.294
48.57,44.19,0.294
48.58,44.20,0.294
48.58,44.22,0.294
48.58,44.24,0.294
48.58,44.25,0.294
48.58,44.27,0.294
48.58,44.29,0.294
48.59,44.30,0.294
48.59,44.32,0.294
48.59,44.34,0.294
48.59,44.35,0.294
48.59,44.37,0.294
48.59,44.39,0.294
48.59,44.40,0.294
48.60,44.42,0.294
48.60,44.44,0.294
48.60,44.45,0.294
48.60,44.47,0.294
48.60,44.49,0.294
48.61,44.50,0.294
48.61,44.52,0.294
48.61,44.54,0.294
48.61,44.55,0.295
48.61,44.57,0.295
48.61,44.59,0.295
48.61,44.60,0.295
48.62,44.62,0.295
48.62,44.64,0.295
48.62,44.65,0.295
48.62,44.67,0.295
48.62,44.69,0.295
48.63,44.70,0.295
48.63,44.72,0.295
48.63,44.74,0.295
48.63,44.75,0.295
48.63,44.77,0.295
48.63,44.79,0.295
48.64,44.80,0.295
48.64,44.82,0.295
48.64,44.84,0.295
48.64,44.85,0.295
48.64,44.87,0.295
48.64,44.89,0.295
48.64,44.90,0.295
48.65,44.92,0.295
48.65,44.94,0.295
48.65,44.95,0.296
48.65,44.97,0.296
48.65,44.99,0.296
48.66,45.00,0.296
48.66,45.02,0.296
48.66,45.04,0.296
48.66,45.05,0.296
48.66,45.07,0.296
48.66,45.09,0.296
48.66,45.10,0.296
48.67,45.12,0.296
48.67,45.14,0.296
48.67,45.15,0.296
48.67,45.17,0.296
48.67,45.19,0.296
48.68,45.20,0.296
48.68,45.22,0.296
48.68,45.24,0.296
48.68,45.25,0.296
48.68,45.27,0.296
48.68,45.29,0.296
48.69,45.30,0.296
48.69,45.32,0.296
48.69,45.34,0.296
48.69,45.35,0.297
48.69,45.37,0.297
48.69,45.39,0.297
48.69,45.40,0.297
48.70,45.42,0.297
48.70,45.44,0.297
48.70,45.45,0.297
48.70,45.47,0.297
48.70,45.49,0.297
48.71,45.50,0.297
48.71,45.52,0.297
48.71,45.54,0.297
48.71,45.55,0.297
48.71,45.57,0.297
48.71,45.59,0.297
48.71,45.60,0.297
48.72,45.62,0.297
48.72,45.64,0.297
48.72,45.65,0.297
48.72,45.67,0.297
48.72,45.69,0.297
48.73,45.70,0.297
48.73,45.72,0.297
48.73,45.74,0.297
48.73,45.75,0.297
48.73,45.77,0.297
48.73,45.79,0.297
48.74,45.80,0.297
48.74,45.82,0.298
48.74,45.84,0.298
48.74,45.85,0.298
48.74,45.87,0.298
48.74,45.89,0.298
48.74,45.90,0.298
48.75,45.92,0.298
48.75,45.94,0.298
48.75,45.95,0.298
48.75,45.97,0.298
48.75,45.99,0.298
48.76,46.00,0.298
48.76,46.02,0.298
48.76,46.04,0.298
48.76,46.05,0.298
48.76,46.07,0.298
48.76,46.09,0.298
48.76,46.10,0.298
48.77,46.12,0.298
48.77,46.14,0.298
48.77,46.15,0.298
48.77,46.17,0.298
48.77,46.19,0.298
48.78,46.20,0.298
48.78,46.22,0.299
48.78,46.24,0.299
48.78,46.25,0.299
48.78,46.27,0.299
48.78,46.29,0.299
48.79,46.30,0.299
48.79,46.32,0.299
48.79,46.34,0.299
48.79,46.35,0.299
48.79,46.37,0.299
48.79,46.39,0.299
48.79,46.40,0.299
48.80,46.42,0.299
48.80,46.44,0.300
48.80,46.45,0.300
48.80,46.47,0.300
48.80,46.49,0.300
48.81,46.50,0.300
48.81,46.52,0.300
48.81,46.54,0.300
48.81,46.55,0.300
48.81,46.57,0.300
48.81,46.59,0.300
48.81,46.60,0.300
48.82,46.62,0.300
48.82,46.64,0.300
48.82,46.65,0.300
48.82,46.67,0.300
48.82,46.69,0.300
48.83,46.70,0.300
48.83,46.72,0.300
48.83,46.74,0.300
48.83,46.75,0.300
48.83,46.77,0.300
48.83,46.79,0.300
48.84,46.80,0.300
48.84,46.82,0.300
48.84,46.84,0.300
48.84,46.85,0.300
48.84,46.87,0.300
48.84,46.89,0.300
48.84,46.90,0.300
48.85,46.92,0.301
48.85,46.94,0.301
48.85,46.95,0.301
48.85,46.97,0.301
48.85,46.99,0.301
48.86,47.00,0.301
48.86,47.02,0.301
48.86,47.04,0.301
48.86,47.05,0.301
48.86,47.07,0.301
48.86,47.09,0.301
48.86,47.10,0.301
48.87,47.12,0.301
48.87,47.14,0.301
48.87,47.15,0.301
48.87,47.17,0.301
48.87,47.19,0.302
48.88,47.20,0.302
48.88,47.22,0.302
48.88,47.24,0.302
48.88,47.25,0.302
48.88,47.27,0.303
48.88,47.29,0.303
48.89,47.31,0.303
48.89,47.32,0.303
48.89,47.34,0.303
48.89,47.35,0.303
48.89,47.37,0.303
48.89,47.39,0.303
48.89,47.40,0.303
48.90,47.42,0.303
48.90,47.44,0.303
48.90,47.45,0.303
48.90,47.47,0.303
48.90,47.49,0.303
48.91,47.50,0.303
48.91,47.52,0.303
48.91,47.54,0.303
48.91,47.55,0.303
48.91,47.57,0.303
48.91,47.59,0.303
48.91,47.60,0.303
48.92,47.62,0.304
48.92,47.64,0.304
48.92,47.65,0.304
48.92,47.67,0.304
48.92,47.69,0.304
48.93,47.70,0.304
48.93,47.72,0.304
48.93,47.74,0.304
48.93,47.75,0.304
48.93,47.77,0.304
48.93,47.79,0.304
48.94,47.80,0.304
48.94,47.82,0.304
48.94,47.84,0.304
48.94,47.85,0.304
48.94,47.87,0.304
48.94,47.89,0.304
48.94,47.90,0.304
48.95,47.92,0.304
48.95,47.94,0.304
48.95,47.95,0.304
48.95,47.97,0.304
48.95,47.99,0.304
48.96,48.00,0.304
48.96,48.02,0.304
48.96,48.04,0.304
48.96,48.05,0.305
48.96,48.07,0.305
48.96,48.09,0.305
48.96,48.10,0.305
48.97,48.12,0.305
48.97,48.14,0.305
48.97,48.15,0.305
48.97,48.17,0.305
48.97,48.19,0.305
48.98,48.20,0.305
48.98,48.22,0.305
48.98,48.23,0.305
48.98,48.25,0.305
48.98,48.27,0.305
48.98,48.29,0.305
48.99,48.30,0.305
48.99,48.32,0.305
48.99,48.34,0.305
48.99,48.35,0.305
48.99,48.37,0.305
48.99,48.39,0.305
48.99,48.40,0.305
49.00,48.42,0.305
49.00,48.44,0.305
49.00,48.45,0.305
49.00,48.47,0.305
49.00,48.49,0.306
49.01,48.50,0.306
49.01,48.52,0.306
49.01,48.54,0.306
49.01,48.55,0.306
49.01,48.57,0.306
49.01,48.59,0.306
49.01,48.60,0.306
49.02,48.62,0.306
49.02,48.64,0.306
49.02,48.65,0.306
49.02,48.67,0.306
49.02,48.69,0.306
49.03,48.70,0.306
49.03,48.72,0.306
49.03,48.74,0.306
49.03,48.75,0.306
49.03,48.77,0.306
49.03,48.79,0.307
49.04,48.80,0.307
49.04,48.82,0.307
49.04,48.84,0.307
49.04,48.85,0.307
49.04,48.87,0.307
49.04,48.89,0.307
49.04,48.90,0.307
49.05,48.92,0.307
49.05,48.94,0.307
49.05,48.95,0.307
49.05,48.97,0.307
49.05,48.99,0.307
49.06,49.00,0.307
49.06,49.02,0.307
49.06,49.04,0.307
49.06,49.05,0.307
49.06,49.07,0.307
49.06,49.09,0.307
49.06,49.10,0.308
49.07,49.12,0.308
49.07,49.14,0.308
49.07,49.15,0.308
49.07,49.17,0.308
49.07,49.19,0.308
49.08,49.20,0.308
49.08,49.22,0.308
49.08,49.24,0.308
49.08,49.25,0.308
49.08,49.27,0.308
49.08,49.29,0.308
49.09,49.30,0.308
49.09,49.32,0.308
49.09,49.34,0.308
49.09,49.35,0.308
49.09,49.37,0.308
49.09,49.39,0.309
49.09,49.40,0.309
49.10,49.42,0.309
49.10,49.44,0.309
49.10,49.45,0.309
49.10,49.47,0.309
49.10,49.49,0.309
49.11,49.50,0.309
49.11,49.52,0.309
49.11,49.54,0.309
49.11,49.55,0.309
49.11,49.57,0.309
49.11,49.59,0.309
49.11,49.60,0.309
49.12,49.62,0.309
49.12,49.64,0.309
49.12,49.65,0.309
49.12,49.67,0.309
49.12,49.69,0.310
49.13,49.70,0.310
49.13,49.72,0.310
49.13,49.74,0.310
49.13,49.75,0.310
49.13,49.77,0.310
49.13,49.79,0.310
49.14,49.80,0.310
49.14,49.82,0.310
49.14,49.84,0.310
49.14,49.85,0.310
49.14,49.87,0.310
49.14,49.89,0.310
49.14,49.90,0.310
49.15,49.92,0.310
49.15,49.94,0.310
49.15,49.95,0.310
49.15,49.97,0.310
49.15,49.99,0.310
49.16,50.01,0.310
49.16,50.02,0.310
49.16,50.04,0.311
49.16,50.05,0.311
49.16,50.07,0.311
49.16,50.09,0.311
49.16,50.10,0.311
49.17,50.12,0.311
49.17,50.14,0.311
49.17,50.15,0.311
49.17,50.17,0.311
49.17,50.19,0.311
49.18,50.20,0.311
49.18,50.22,0.311
49.18,50.24,0.311
49.18,50.25,0.311
49.18,50.27,0.311
49.18,50.29,0.311
49.19,50.30,0.311
49.19,50.32,0.312
49.19,50.34,0.312
49.19,50.35,0.312
49.19,50.37,0.312
49.19,50.39,0.312
49.19,50.40,0.312
49.20,50.42,0.312
49.20,50.44,0.312
49.20,50.45,0.312
49.20,50.47,0.312
49.20,50.49,0.312
49.21,50.50,0.312
49.21,50.52,0.312
49.21,50.54,0.312
49.21,50.55,0.312
49.21,50.57,0.312
49.21,50.59,0.312
49.21,50.60,0.312
49.22,50.62,0.312
49.22,50.64,0.312
49.22,50.65,0.312
49.22,50.67,0.313
49.22,50.69,0.313
49.23,50.70,0.313
49.23,50.72,0.313
49.23,50.74,0.313
49.23,50.75,0.313
49.23,50.77,0.313
49.23,50.79,0.313
49.24,50.80,0.313
49.24,50.82,0.313
49.24,50.84,0.313
49.24,50.85,0.313
49.24,50.87,0.313
49.24,50.89,0.313
49.24,50.90,0.313
49.25,50.92,0.313
49.25,50.94,0.313
49.25,50.95,0.313
49.25,50.97,0.313
49.25,50.99,0.313
49.26,51.00,0.313
49.26,51.02,0.314
49.26,51.04,0.314
49.26,51.05,0.314
49.26,51.07,0.314
49.26,51.09,0.314
49.26,51.10,0.314
49.27,51.12,0.314
49.27,51.14,0.314
49.27,51.15,0.314
49.27,51.17,0.314
49.27,51.19,0.314
49.28,51.20,0.314
49.28,51.22,0.314
49.28,51.24,0.314
49.28,51.25,0.314
49.28,51.27,0.315
49.28,51.29,0.315
49.29,51.30,0.315
49.29,51.32,0.315
49.29,51.34,0.315
49.29,51.35,0.315
49.29,51.37,0.315
49.29,51.39,0.315
49.29,51.40,0.315
49.30,51.42,0.315
49.30,51.44,0.315
49.30,51.45,0.315
49.30,51.47,0.315
49.30,51.49,0.315
49.31,51.50,0.315
49.31,51.52,0.315
49.31,51.54,0.315
49.31,51.55,0.315
49.31,51.57,0.316
49.31,51.59,0.316
49.31,51.60,0.316
49.32,51.62,0.316
49.32,51.64,0.316
49.32,51.65,0.316
49.32,51.67,0.316
49.32,51.69,0.316
49.33,51.70,0.316
49.33,51.72,0.316
49.33,51.74,0.316
49.33,51.75,0.316
49.33,51.77,0.316
49.33,51.79,0.316
49.34,51.80,0.316
49.34,51.82,0.316
49.34,51.84,0.316
49.34,51.85,0.316
49.34,51.87,0.316
49.34,51.89,0.316
49.34,51.90,0.317
49.35,51.92,0.317
49.35,51.94,0.317
49.35,51.95,0.317
49.35,51.97,0.317
49.35,51.99,0.317
49.36,52.00,0.317
49.36,52.02,0.317
49.36,52.04,0.317
49.36,52.05,0.317
49.36,52.07,0.317
49.36,52.09,0.317
49.36,52.10,0.317
49.37,52.12,0.317
49.37,52.14,0.318
49.37,52.15,0.318
49.37,52.17,0.318
49.37,52.19,0.318
49.38,52.20,0.318
49.38,52.22,0.318
49.38,52.24,0.318
49.38,52.25,0.318
49.38,52.27,0.318
49.38,52.29,0.318
49.39,52.30,0.318
49.39,52.32,0.318
49.39,52.34,0.319
49.39,52.35,0.319
49.39,52.37,0.319
49.39,52.38,0.319
49.39,52.40,0.319
49.40,52.42,0.319
49.40,52.44,0.319
49.40,52.45,0.319
49.40,52.47,0.319
49.40,52.49,0.319
49.41,52.50,0.319
49.41,52.52,0.319
49.41,52.53,0.319
49.41,52.55,0.319
49.41,52.57,0.320
49.41,52.59,0.320
49.41,52.60,0.320
49.42,52.62,0.320
49.42,52.64,0.320
49.42,52.65,0.320
49.42,52.67,0.320
49.42,52.69,0.320
49.43,52.70,0.320
49.43,52.72,0.320
49.43,52.73,0.320
49.43,52.75,0.320
49.43,52.77,0.320
49.43,52.79,0.320
49.44,52.80,0.320
49.44,52.82,0.320
49.44,52.84,0.320
49.44,52.85,0.320
49.44,52.87,0.320
49.44,52.89,0.320
49.44,52.90,0.320
49.45,52.92,0.321
49.45,52.93,0.321
49.45,52.95,0.321
49.45,52.97,0.321
49.45,52.98,0.321
49.46,53.00,0.321
49.46,53.02,0.321
49.46,53.04,0.321
49.46,53.05,0.321
49.46,53.07,0.321
49.46,53.09,0.321
49.46,53.10,0.322
49.47,53.12,0.322
49.47,53.14,0.322
49.47,53.15,0.322
49.47,53.17,0.322
49.47,53.18,0.322
49.48,53.20,0.322
49.48,53.22,0.322
49.48,53.23,0.322
49.48,53.25,0.322
49.48,53.27,0.322
49.48,53.28,0.322
49.49,53.30,0.322
49.49,53.32,0.322
49.49,53.33,0.322
49.49,53.35,0.322
49.49,53.37,0.322
49.49,53.38,0.323
49.49,53.40,0.323
49.50,53.42,0.323
49.50,53.43,0.323
49.50,53.45,0.323
49.50,53.47,0.323
49.50,53.48,0.323
49.51,53.50,0.324
49.51,53.52,0.324
49.51,53.53,0.324
49.51,53.55,0.324
49.51,53.57,0.324
49.51,53.58,0.324
49.51,53.60,0.324
49.52,53.62,0.324
49.52,53.63,0.324
49.52,53.65,0.324
49.52,53.67,0.324
49.52,53.68,0.324
49.53,53.70,0.324
49.53,53.72,0.324
49.53,53.73,0.324
49.53,53.75,0.324
49.53,53.77,0.324
49.53,53.78,0.325
49.54,53.80,0.325
49.54,53.82,0.325
49.54,53.83,0.325
49.54,53.85,0.325
49.54,53.87,0.325
49.54,53.88,0.325
49.54,53.90,0.325
49.55,53.92,0.325
49.55,53.93,0.325
49.55,53.95,0.325
49.55,53.97,0.325
49.55,53.98,0.325
49.56,54.00,0.326
49.56,54.02,0.326
49.56,54.03,0.326
49.56,54.05,0.326
49.56,54.07,0.326
49.56,54.08,0.326
49.56,54.10,0.326
49.57,54.12,0.326
49.57,54.13,0.326
49.57,54.15,0.326
49.57,54.17,0.326
49.57,54.18,0.326
49.58,54.20,0.326
49.58,54.22,0.326
49.58,54.23,0.327
49.58,54.25,0.327
49.58,54.27,0.327
49.58,54.28,0.327
49.59,54.30,0.327
49.59,54.32,0.327
49.59,54.33,0.327
49.59,54.35,0.327
49.59,54.37,0.327
49.59,54.38,0.327
49.59,54.40,0.327
49.60,54.42,0.327
49.60,54.43,0.328
49.60,54.45,0.328
49.60,54.47,0.328
49.60,54.48,0.328
49.61,54.50,0.328
49.61,54.52,0.328
49.61,54.53,0.328
49.61,54.55,0.328
49.61,54.57,0.328
49.61,54.58,0.328
49.61,54.60,0.328
49.62,54.62,0.328
49.62,54.63,0.329
49.62,54.65,0.329
49.62,54.67,0.329
49.62,54.68,0.329
49.63,54.70,0.329
49.63,54.72,0.329
49.63,54.73,0.329
49.63,54.75,0.329
49.63,54.77,0.329
49.63,54.78,0.329
49.64,54.80,0.329
49.64,54.82,0.329
49.64,54.83,0.329
49.64,54.85,0.329
49.64,54.87,0.330
49.64,54.88,0.330
49.64,54.90,0.330
49.65,54.92,0.330
49.65,54.93,0.330
49.65,54.95,0.330
49.65,54.97,0.330
49.65,54.98,0.330
49.66,55.00,0.330
49.66,55.02,0.330
49.66,55.03,0.330
49.66,55.05,0.330
49.66,55.07,0.330
49.66,55.08,0.330
49.66,55.10,0.330
49.67,55.12,0.330
49.67,55.13,0.330
49.67,55.15,0.330
49.67,55.17,0.331
49.67,55.18,0.331
49.68,55.20,0.331
49.68,55.22,0.331
49.68,55.23,0.331
49.68,55.25,0.331
49.68,55.27,0.331
49.68,55.28,0.331
49.69,55.30,0.331
49.69,55.31,0.331
49.69,55.33,0.331
49.69,55.35,0.331
49.69,55.37,0.331
49.69,55.38,0.332
49.69,55.40,0.332
49.70,55.42,0.332
49.70,55.43,0.332
49.70,55.45,0.332
49.70,55.47,0.333
49.70,55.48,0.333
49.71,55.50,0.333
49.71,55.52,0.333
49.71,55.53,0.333
49.71,55.55,0.333
49.71,55.57,0.333
49.71,55.58,0.333
49.71,55.60,0.333
49.72,55.62,0.333
49.72,55.63,0.333
49.72,55.65,0.333
49.72,55.67,0.333
49.72,55.68,0.333
49.73,55.70,0.333
49.73,55.72,0.333
49.73,55.73,0.334
49.73,55.75,0.334
49.73,55.77,0.334
49.73,55.78,0.334
49.74,55.80,0.334
49.74,55.82,0.334
49.74,55.83,0.334
49.74,55.85,0.334
49.74,55.86,0.334
49.74,55.88,0.334
49.74,55.90,0.334
49.75,55.92,0.334
49.75,55.93,0.335
49.75,55.95,0.335
49.75,55.97,0.335
49.75,55.98,0.335
49.76,56.00,0.335
49.76,56.01,0.335
49.76,56.03,0.335
49.76,56.05,0.335
49.76,56.07,0.335
49.76,56.08,0.335
49.76,56.10,0.335
49.77,56.11,0.335
49.77,56.13,0.335
49.77,56.15,0.335
49.77,56.16,0.335
49.77,56.18,0.335
49.78,56.20,0.335
49.78,56.21,0.336
49.78,56.23,0.336
49.78,56.25,0.336
49.78,56.26,0.336
49.78,56.28,0.336
49.79,56.30,0.336
49.79,56.31,0.336
49.79,56.33,0.336
49.79,56.35,0.336
49.79,56.37,0.336
49.79,56.38,0.337
49.79,56.40,0.337
49.80,56.41,0.337
49.80,56.43,0.337
49.80,56.45,0.337
49.80,56.47,0.337
49.80,56.48,0.337
49.81,56.50,0.337
49.81,56.51,0.337
49.81,56.53,0.337
49.81,56.55,0.337
49.81,56.56,0.337
49.81,56.58,0.337
49.81,56.60,0.337
49.82,56.61,0.337
49.82,56.63,0.338
49.82,56.65,0.338
49.82,56.66,0.338
49.82,56.68,0.338
49.83,56.70,0.338
49.83,56.71,0.338
49.83,56.73,0.338
49.83,56.75,0.338
49.83,56.76,0.338
49.83,56.78,0.338
49.84,56.80,0.338
49.84,56.81,0.338
49.84,56.83,0.338
49.84,56.85,0.338
49.84,56.86,0.338
49.84,56.88,0.338
49.84,56.90,0.338
49.85,56.91,0.339
49.85,56.93,0.339
49.85,56.95,0.339
49.85,56.96,0.339
49.85,56.98,0.339
49.86,57.00,0.339
49.86,57.01,0.339
49.86,57.03,0.339
49.86,57.05,0.339
49.86,57.06,0.339
49.86,57.08,0.339
49.86,57.10,0.339
49.87,57.11,0.339
49.87,57.13,0.339
49.87,57.15,0.340
49.87,57.16,0.340
49.87,57.18,0.340
49.88,57.20,0.340
49.88,57.21,0.340
49.88,57.23,0.340
49.88,57.25,0.340
49.88,57.26,0.340
49.88,57.28,0.340
49.89,57.30,0.340
49.89,57.31,0.341
49.89,57.33,0.341
49.89,57.35,0.341
49.89,57.36,0.341
49.89,57.38,0.341
49.89,57.40,0.341
49.90,57.41,0.341
49.90,57.43,0.341
49.90,57.45,0.341
49.90,57.46,0.342
49.90,57.48,0.342
49.91,57.50,0.342
49.91,57.51,0.342
49.91,57.53,0.342
49.91,57.55,0.342
49.91,57.56,0.342
49.91,57.58,0.342
49.91,57.60,0.342
49.92,57.61,0.342
49.92,57.63,0.342
49.92,57.65,0.342
49.92,57.66,0.342
49.92,57.68,0.343
49.93,57.70,0.343
49.93,57.71,0.343
49.93,57.73,0.343
49.93,57.75,0.343
49.93,57.76,0.343
49.93,57.78,0.343
49.94,57.80,0.343
49.94,57.81,0.343
49.94,57.83,0.343
49.94,57.85,0.343
49.94,57.86,0.343
49.94,57.88,0.343
49.94,57.90,0.343
49.95,57.91,0.343
49.95,57.93,0.344
49.95,57.95,0.344
49.95,57.96,0.344
49.95,57.98,0.344
49.96,58.00,0.344
49.96,58.01,0.344
49.96,58.03,0.344
49.96,58.05,0.344
49.96,58.06,0.344
49.96,58.08,0.344
49.96,58.10,0.345
49.97,58.11,0.345
49.97,58.13,0.345
49.97,58.15,0.345
49.97,58.16,0.345
49.97,58.18,0.345
49.98,58.20,0.345
49.98,58.21,0.345
49.98,58.23,0.345
49.98,58.25,0.345
49.98,58.26,0.345
49.98,58.28,0.346
49.99,58.30,0.346
49.99,58.31,0.346
49.99,58.33,0.346
49.99,58.35,0.346
49.99,58.36,0.346
49.99,58.38,0.346
49.99,58.40,0.346
50.00,58.41,0.346
50.00,58.43,0.346
50.00,58.45,0.346
50.00,58.46,0.347
50.00,58.48,0.347
50.01,58.50,0.347
50.01,58.51,0.347
50.01,58.53,0.348
50.01,58.55,0.348
50.01,58.56,0.348
50.01,58.58,0.348
50.01,58.60,0.348
50.02,58.61,0.348
50.02,58.63,0.348
50.02,58.65,0.348
50.02,58.66,0.348
50.02,58.68,0.348
50.03,58.69,0.348
50.03,58.71,0.348
50.03,58.73,0.348
50.03,58.74,0.348
50.03,58.76,0.348
50.03,58.78,0.348
50.04,58.80,0.348
50.04,58.81,0.348
50.04,58.83,0.348
50.04,58.84,0.349
50.04,58.86,0.349
50.04,58.88,0.349
50.04,58.90,0.349
50.05,58.91,0.349
50.05,58.93,0.349
50.05,58.95,0.349
50.05,58.96,0.349
50.05,58.98,0.349
50.06,58.99,0.349
50.06,59.01,0.349
50.06,59.03,0.349
50.06,59.04,0.349
50.06,59.06,0.349
50.06,59.08,0.349
50.06,59.09,0.349
50.07,59.11,0.349
50.07,59.13,0.349
50.07,59.15,0.350
50.07,59.16,0.350
50.07,59.18,0.350
50.08,59.20,0.350
50.08,59.21,0.350
50.08,59.23,0.350
50.08,59.25,0.350
50.08,59.26,0.350
50.08,59.28,0.350
50.09,59.29,0.350
50.09,59.31,0.350
50.09,59.33,0.350
50.09,59.34,0.350
50.09,59.36,0.350
50.09,59.38,0.350
50.09,59.39,0.350
50.10,59.41,0.350
50.10,59.43,0.350
50.10,59.44,0.350
50.10,59.46,0.351
50.10,59.48,0.351
50.11,59.49,0.351
50.11,59.51,0.351
50.11,59.53,0.351
50.11,59.54,0.351
50.11,59.56,0.351
50.11,59.58,0.351
50.11,59.59,0.351
50.12,59.61,0.351
50.12,59.63,0.351
50.12,59.64,0.351
50.12,59.66,0.351
50.12,59.68,0.351
50.13,59.69,0.351
50.13,59.71,0.351
50.13,59.73,0.351
50.13,59.74,0.351
50.13,59.76,0.352
50.13,59.78,0.352
50.14,59.79,0.352
50.14,59.81,0.352
50.14,59.83,0.352
50.14,59.84,0.352
50.14,59.86,0.352
50.14,59.88,0.352
50.14,59.89,0.352
50.15,59.91,0.352
50.15,59.93,0.352
50.15,59.94,0.352
50.15,59.96,0.352
50.15,59.98,0.352
50.16,59.99,0.352
50.16,60.01,0.352
50.16,60.03,0.352
50.16,60.04,0.353
50.16,60.06,0.353
50.16,60.08,0.353
50.16,60.09,0.353
50.17,60.11,0.353
50.17,60.13,0.353
50.17,60.14,0.353
50.17,60.16,0.353
50.17,60.18,0.353
50.18,60.19,0.353
50.18,60.21,0.353
50.18,60.23,0.353
50.18,60.24,0.353
50.18,60.26,0.353
50.18,60.28,0.353
50.19,60.29,0.353
50.19,60.31,0.354
50.19,60.33,0.354
50.19,60.34,0.354
50.19,60.36,0.354
50.19,60.38,0.354
50.19,60.39,0.354
50.20,60.41,0.354
50.20,60.43,0.354
50.20,60.44,0.354
50.20,60.46,0.354
50.20,60.48,0.354
50.21,60.49,0.354
50.21,60.51,0.354
50.21,60.53,0.354
50.21,60.54,0.354
50.21,60.56,0.355
50.21,60.58,0.355
50.21,60.59,0.355
50.22,60.61,0.355
50.22,60.63,0.355
50.22,60.64,0.355
50.22,60.66,0.355
50.22,60.68,0.355
50.23,60.69,0.355
50.23,60.71,0.355
50.23,60.73,0.355
50.23,60.74,0.355
50.23,60.76,0.355
50.23,60.78,0.355
50.24,60.79,0.355
50.24,60.81,0.355
50.24,60.83,0.355
50.24,60.84,0.355
50.24,60.86,0.355
50.24,60.88,0.355
50.24,60.89,0.355
50.25,60.91,0.356
50.25,60.93,0.356
50.25,60.94,0.356
50.25,60.96,0.356
50.25,60.98,0.356
50.26,60.99,0.356
50.26,61.01,0.356
50.26,61.03,0.356
50.26,61.04,0.356
50.26,61.06,0.356
50.26,61.08,0.356
50.26,61.09,0.356
50.27,61.11,0.356
50.27,61.13,0.356
50.27,61.14,0.356
50.27,61.16,0.356
50.27,61.18,0.356
50.28,61.19,0.356
50.28,61.21,0.356
50.28,61.23,0.356
50.28,61.24,0.357
50.28,61.26,0.357
50.28,61.28,0.357
50.29,61.29,0.357
50.29,61.31,0.357
50.29,61.33,0.357
50.29,61.34,0.357
50.29,61.36,0.357
50.29,61.38,0.357
50.29,61.39,0.357
50.30,61.41,0.357
50.30,61.43,0.357
50.30,61.44,0.357
50.30,61.46,0.357
50.30,61.48,0.357
50.31,61.49,0.357
50.31,61.51,0.357
50.31,61.53,0.357
50.31,61.54,0.357
50.31,61.56,0.357
50.31,61.58,0.357
50.31,61.59,0.357
50.32,61.61,0.357
50.32,61.63,0.358
50.32,61.64,0.358
50.32,61.66,0.358
50.32,61.68,0.358
50.33,61.69,0.358
50.33,61.71,0.358
50.33,61.73,0.358
50.33,61.74,0.358
50.33,61.76,0.358
50.33,61.78,0.358
50.34,61.79,0.358
50.34,61.81,0.358
50.34,61.83,0.358
50.34,61.84,0.358
50.34,61.86,0.358
50.34,61.88,0.358
50.34,61.89,0.358
50.35,61.91,0.358
50.35,61.93,0.358
50.35,61.94,0.358
50.35,61.96,0.358
50.35,61.98,0.358
50.36,61.99,0.358
50.36,62.01,0.358
50.36,62.03,0.358
50.36,62.04,0.358
50.36,62.06,0.358
50.36,62.08,0.358
50.36,62.09,0.359
50.37,62.11,0.359
50.37,62.13,0.359
50.37,62.14,0.359
50.37,62.16,0.359
50.37,62.18,0.359
50.38,62.19,0.359
50.38,62.21,0.359
50.38,62.23,0.359
50.38,62.24,0.359
50.38,62.26,0.359
50.38,62.28,0.359
50.39,62.29,0.359
50.39,62.31,0.359
50.39,62.33,0.359
50.39,62.34,0.359
50.39,62.36,0.359
50.39,62.38,0.359
50.39,62.39,0.359
50.40,62.41,0.359
50.40,62.43,0.359
50.40,62.44,0.359
50.40,62.46,0.359
50.40,62.48,0.359
50.41,62.49,0.359
50.41,62.51,0.359
50.41,62.53,0.359
50.41,62.54,0.359
50.41,62.56,0.359
50.41,62.58,0.359
50.41,62.59,0.359
50.42,62.61,0.359
50.42,62.63,0.359
50.42,62.64,0.360
50.42,62.66,0.360
50.42,62.68,0.360
50.43,62.69,0.360
50.43,62.71,0.360
50.43,62.72,0.360
50.43,62.74,0.360
50.43,62.76,0.360
50.43,62.78,0.360
50.44,62.79,0.360
50.44,62.81,0.360
50.44,62.83,0.360
50.44,62.84,0.360
50.44,62.86,0.360
50.44,62.88,0.360
50.44,62.89,0.360
50.45,62.91,0.360
50.45,62.93,0.360
50.45,62.94,0.360
50.45,62.96,0.360
50.45,62.98,0.360
50.46,62.99,0.360
50.46,63.01,0.360
50.46,63.03,0.360
50.46,63.04,0.360
50.46,63.06,0.360
50.46,63.08,0.360
50.46,63.09,0.360
50.47,63.11,0.360
50.47,63.13,0.360
50.47,63.14,0.360
50.47,63.16,0.360
50.47,63.18,0.360
50.48,63.19,0.360
50.48,63.21,0.360
50.48,63.23,0.360
50.48,63.24,0.360
50.48,63.26,0.360
50.48,63.28,0.360
50.49,63.29,0.361
50.49,63.31,0.361
50.49,63.33,0.361
50.49,63.34,0.361
50.49,63.36,0.361
50.49,63.38,0.361
50.49,63.39,0.361
50.50,63.41,0.361
50.50,63.43,0.361
50.50,63.44,0.361
50.50,63.46,0.361
50.50,63.48,0.361
50.51,63.49,0.361
50.51,63.51,0.361
50.51,63.53,0.361
50.51,63.54,0.361
50.51,63.56,0.361
50.51,63.58,0.361
50.51,63.59,0.361
50.52,63.61,0.361
50.52,63.63,0.361
50.52,63.64,0.361
50.52,63.66,0.361
50.52,63.68,0.361
50.53,63.69,0.361
50.53,63.71,0.361
50.53,63.73,0.361
50.53,63.74,0.361
50.53,63.76,0.361
50.53,63.78,0.361
50.54,63.79,0.361
50.54,63.81,0.361
50.54,63.83,0.361
50.54,63.84,0.361
50.54,63.86,0.361
50.54,63.88,0.361
50.54,63.89,0.361
50.55,63.91,0.361
50.55,63.93,0.361
50.55,63.94,0.361
50.55,63.96,0.362
50.55,63.98,0.362
50.56,63.99,0.362
50.56,64.01,0.362
50.56,64.03,0.362
50.56,64.04,0.362
50.56,64.06,0.362
50.56,64.08,0.362
50.56,64.09,0.362
50.57,64.11,0.362
50.57,64.13,0.362
50.57,64.14,0.362
50.57,64.16,0.362
50.57,64.18,0.362
50.58,64.19,0.362
50.58,64.21,0.362
50.58,64.23,0.362
50.58,64.24,0.362
50.58,64.26,0.362
50.58,64.28,0.362
50.59,64.29,0.362
50.59,64.31,0.362
50.59,64.33,0.362
50.59,64.34,0.362
50.59,64.36,0.362
50.59,64.38,0.362
50.59,64.39,0.362
50.60,64.41,0.362
50.60,64.43,0.362
50.60,64.44,0.362
50.60,64.46,0.362
50.60,64.48,0.362
50.61,64.50,0.362
50.61,64.51,0.362
50.61,64.53,0.362
50.61,64.54,0.362
50.61,64.56,0.362
50.61,64.58,0.362
50.61,64.59,0.362
50.62,64.61,0.362
50.62,64.63,0.362
50.62,64.64,0.362
50.62,64.66,0.362
50.62,64.68,0.362
50.63,64.69,0.362
50.63,64.71,0.362
50.63,64.73,0.362
50.63,64.75,0.362
50.63,64.76,0.362
50.63,64.78,0.362
50.64,64.80,0.362
50.64,64.81,0.362
50.64,64.83,0.362
50.64,64.84,0.362
50.64,64.86,0.362
50.64,64.88,0.362
50.64,64.89,0.363
50.65,64.91,0.363
50.65,64.93,0.363
50.65,64.95,0.363
50.65,64.96,0.363
50.65,64.98,0.363
50.66,65.00,0.363
50.66,65.01,0.363
50.66,65.03,0.363
50.66,65.04,0.363
50.66,65.06,0.363
50.66,65.08,0.363
50.66,65.09,0.363
50.67,65.11,0.363
50.67,65.13,0.363
50.67,65.15,0.363
50.67,65.16,0.363
50.67,65.18,0.363
50.68,65.20,0.363
50.68,65.21,0.363
50.68,65.23,0.363
50.68,65.25,0.363
50.68,65.26,0.363
50.68,65.28,0.363
50.69,65.30,0.363
50.69,65.31,0.363
50.69,65.33,0.363
50.69,65.35,0.363
50.69,65.36,0.363
50.69,65.38,0.363
50.69,65.40,0.363
50.70,65.41,0.363
50.70,65.43,0.363
50.70,65.45,0.363
50.70,65.46,0.363
50.70,65.48,0.363
50.71,65.50,0.363
50.71,65.51,0.363
50.71,65.53,0.363
50.71,65.55,0.363
50.71,65.56,0.363
50.71,65.58,0.363
50.71,65.60,0.363
50.72,65.61,0.363
50.72,65.63,0.363
50.72,65.65,0.363
50.72,65.66,0.363
50.72,65.68,0.363
50.73,65.70,0.363
50.73,65.71,0.363
50.73,65.73,0.363
50.73,65.75,0.363
50.73,65.76,0.363
50.73,65.78,0.363
50.74,65.80,0.363
50.74,65.81,0.363
50.74,65.83,0.363
50.74,65.85,0.363
50.74,65.86,0.363
50.74,65.88,0.363
50.74,65.90,0.363
50.75,65.91,0.363
50.75,65.93,0.363
50.75,65.95,0.363
50.75,65.96,0.363
50.75,65.98,0.363
50.76,66.00,0.363
50.76,66.01,0.363
50.76,66.03,0.363
50.76,66.05,0.363
50.76,66.06,0.363
50.76,66.08,0.363
50.76,66.10,0.363
50.77,66.11,0.363
50.77,66.13,0.363
50.77,66.15,0.363
50.77,66.16,0.363
50.77,66.18,0.363
50.78,66.20,0.363
50.78,66.21,0.363
50.78,66.23,0.363
50.78,66.25,0.363
50.78,66.26,0.363
50.78,66.28,0.363
50.79,66.30,0.363
50.79,66.31,0.363
50.79,66.33,0.363
50.79,66.35,0.363
50.79,66.36,0.363
50.79,66.38,0.363
50.79,66.40,0.363
50.80,66.41,0.363
50.80,66.43,0.363
50.80,66.45,0.363
50.80,66.46,0.363
50.80,66.48,0.363
50.81,66.50,0.363
50.81,66.51,0.363
50.81,66.53,0.363
50.81,66.55,0.363
50.81,66.56,0.363
50.81,66.58,0.363
50.81,66.60,0.363
50.82,66.61,0.364
50.82,66.63,0.364
50.82,66.65,0.364
50.82,66.66,0.364
50.82,66.68,0.364
50.83,66.70,0.364
50.83,66.71,0.364
50.83,66.73,0.364
50.83,66.75,0.364
50.83,66.76,0.364
50.83,66.78,0.364
50.84,66.80,0.364
50.84,66.82,0.364
50.84,66.83,0.364
50.84,66.85,0.364
50.84,66.87,0.364
50.84,66.88,0.364
50.84,66.90,0.364
50.85,66.92,0.364
50.85,66.93,0.364
50.85,66.95,0.364
50.85,66.97,0.364
50.85,66.98,0.364
50.86,67.00,0.364
50.86,67.01,0.364
50.86,67.03,0.364
50.86,67.05,0.364
50.86,67.07,0.364
50.86,67.08,0.364
50.86,67.10,0.364
50.87,67.12,0.364
50.87,67.13,0.364
50.87,67.15,0.364
50.87,67.17,0.364
50.87,67.18,0.364
50.88,67.20,0.364
50.88,67.22,0.364
50.88,67.23,0.364
50.88,67.25,0.364
50.88,67.27,0.364
50.88,67.28,0.364
50.89,67.30,0.364
50.89,67.32,0.364
50.89,67.33,0.364
50.89,67.35,0.364
50.89,67.37,0.364
50.89,67.38,0.364
50.89,67.40,0.364
50.90,67.42,0.364
50.90,67.43,0.364
50.90,67.45,0.364
50.90,67.47,0.364
50.90,67.48,0.364
50.91,67.50,0.364
50.91,67.52,0.364
50.91,67.53,0.364
50.91,67.55,0.364
50.91,67.57,0.364
50.91,67.58,0.364
50.91,67.60,0.364
50.92,67.62,0.364
50.92,67.63,0.364
50.92,67.65,0.364
50.92,67.67,0.364
50.92,67.68,0.364
50.93,67.70,0.364
50.93,67.72,0.364
50.93,67.73,0.364
50.93,67.75,0.364
50.93,67.77,0.364
50.93,67.78,0.364
50.94,67.80,0.364
50.94,67.82,0.364
50.94,67.83,0.364
50.94,67.85,0.364
50.94,67.87,0.364
50.94,67.88,0.364
50.94,67.90,0.364
50.95,67.92,0.364
50.95,67.93,0.364
50.95,67.95,0.364
50.95,67.97,0.364
50.95,67.98,0.364
50.96,68.00,0.364
50.96,68.02,0.364
50.96,68.03,0.364
50.96,68.05,0.364
50.96,68.07,0.364
50.96,68.08,0.364
50.96,68.10,0.364
50.97,68.12,0.364
50.97,68.13,0.364
50.97,68.15,0.364
50.97,68.17,0.364
50.97,68.18,0.364
50.98,68.20,0.364
50.98,68.22,0.364
50.98,68.23,0.364
50.98,68.25,0.364
50.98,68.27,0.364
50.98,68.28,0.364
50.99,68.30,0.364
50.99,68.32,0.364
50.99,68.33,0.364
50.99,68.35,0.364
50.99,68.37,0.364
50.99,68.38,0.364
50.99,68.40,0.364
51.00,68.42,0.364
51.00,68.43,0.364
51.00,68.45,0.364
51.00,68.47,0.364
51.00,68.48,0.364
51.01,68.50,0.364
51.01,68.52,0.364
51.01,68.53,0.364
51.01,68.55,0.364
51.01,68.57,0.364
51.01,68.58,0.364
51.01,68.60,0.364
51.02,68.62,0.364
51.02,68.63,0.364
51.02,68.65,0.364
51.02,68.67,0.364
51.02,68.68,0.364
51.03,68.70,0.364
51.03,68.72,0.364
51.03,68.73,0.364
51.03,68.75,0.364
51.03,68.77,0.364
51.03,68.78,0.364
51.04,68.80,0.364
51.04,68.82,0.364
51.04,68.83,0.364
51.04,68.85,0.364
51.04,68.87,0.364
51.04,68.88,0.364
51.04,68.90,0.364
51.05,68.92,0.364
51.05,68.93,0.364
51.05,68.95,0.364
51.05,68.97,0.364
51.05,68.99,0.364
51.06,69.00,0.364
51.06,69.02,0.364
51.06,69.03,0.364
51.06,69.05,0.364
51.06,69.07,0.364
51.06,69.08,0.364
51.06,69.10,0.364
51.07,69.12,0.364
51.07,69.13,0.364
51.07,69.15,0.364
51.07,69.17,0.364
51.07,69.18,0.364
51.08,69.20,0.364
51.08,69.22,0.364
51.08,69.24,0.364
51.08,69.25,0.364
51.08,69.27,0.364
51.08,69.29,0.364
51.09,69.30,0.364
51.09,69.32,0.364
51.09,69.33,0.364
51.09,69.35,0.364
51.09,69.37,0.364
51.09,69.39,0.364
51.09,69.40,0.364
51.10,69.42,0.364
51.10,69.44,0.364
51.10,69.45,0.364
51.10,69.47,0.364
51.10,69.49,0.364
51.11,69.50,0.364
51.11,69.52,0.364
51.11,69.54,0.364
51.11,69.55,0.364
51.11,69.57,0.364
51.11,69.59,0.364
51.11,69.60,0.364
51.12,69.62,0.364
51.12,69.64,0.364
51.12,69.65,0.364
51.12,69.67,0.364
51.12,69.69,0.364
51.13,69.70,0.364
51.13,69.72,0.364
51.13,69.74,0.364
51.13,69.75,0.364
51.13,69.77,0.364
51.13,69.79,0.364
51.14,69.80,0.364
51.14,69.82,0.364
51.14,69.84,0.364
51.14,69.85,0.364
51.14,69.87,0.364
51.14,69.89,0.364
51.14,69.90,0.364
51.15,69.92,0.364
51.15,69.94,0.364
51.15,69.95,0.364
51.15,69.97,0.364
51.15,69.99,0.364
51.16,70.00,0.364
51.16,70.02,0.364
51.16,70.04,0.364
51.16,70.05,0.364
51.16,70.07,0.364
51.16,70.09,0.364
51.16,70.10,0.364
51.17,70.12,0.364
51.17,70.14,0.364
51.17,70.15,0.364
51.17,70.17,0.364
51.17,70.19,0.364
51.18,70.20,0.364
51.18,70.22,0.364
51.18,70.24,0.364
51.18,70.25,0.364
51.18,70.27,0.364
51.18,70.29,0.364
51.19,70.30,0.364
51.19,70.32,0.364
51.19,70.34,0.364
51.19,70.35,0.364
51.19,70.37,0.364
51.19,70.39,0.364
51.19,70.40,0.364
51.20,70.42,0.364
51.20,70.44,0.364
51.20,70.45,0.364
51.20,70.47,0.364
51.20,70.49,0.364
51.21,70.50,0.364
51.21,70.52,0.364
51.21,70.54,0.365
51.21,70.55,0.365
51.21,70.57,0.365
51.21,70.59,0.365
51.21,70.60,0.365
51.22,70.62,0.365
51.22,70.64,0.365
51.22,70.65,0.365
51.22,70.67,0.365
51.22,70.69,0.365
51.23,70.70,0.365
51.23,70.72,0.365
51.23,70.74,0.365
51.23,70.75,0.365
51.23,70.77,0.365
51.23,70.79,0.365
51.24,70.80,0.365
51.24,70.82,0.365
51.24,70.84,0.365
51.24,70.85,0.365
51.24,70.87,0.365
51.24,70.89,0.365
51.24,70.90,0.365
51.25,70.92,0.365
51.25,70.94,0.365
51.25,70.95,0.365
51.25,70.97,0.365
51.25,70.99,0.365
51.26,71.00,0.365
51.26,71.02,0.365
51.26,71.04,0.365
51.26,71.05,0.365
51.26,71.07,0.365
51.26,71.09,0.365
51.26,71.10,0.365
51.27,71.12,0.365
51.27,71.14,0.365
51.27,71.15,0.365
51.27,71.17,0.365
51.27,71.19,0.365
51.28,71.20,0.365
51.28,71.22,0.365
51.28,71.24,0.365
51.28,71.25,0.365
51.28,71.27,0.365
51.28,71.29,0.365
51.29,71.30,0.365
51.29,71.32,0.365
51.29,71.34,0.365
51.29,71.35,0.365
51.29,71.37,0.365
51.29,71.39,0.365
51.29,71.40,0.365
51.30,71.42,0.365
51.30,71.44,0.365
51.30,71.46,0.365
51.30,71.47,0.365
51.30,71.49,0.365
51.31,71.50,0.365
51.31,71.52,0.365
51.31,71.54,0.365
51.31,71.55,0.365
51.31,71.57,0.365
51.31,71.59,0.365
51.31,71.60,0.365
51.32,71.62,0.365
51.32,71.64,0.365
51.32,71.65,0.365
51.32,71.67,0.365
51.32,71.69,0.365
51.33,71.70,0.365
51.33,71.72,0.365
51.33,71.74,0.365
51.33,71.75,0.365
51.33,71.77,0.365
51.33,71.79,0.365
51.34,71.80,0.365
51.34,71.82,0.365
51.34,71.84,0.365
51.34,71.85,0.365
51.34,71.87,0.365
51.34,71.89,0.365
51.34,71.90,0.365
51.35,71.92,0.365
51.35,71.94,0.365
51.35,71.95,0.365
51.35,71.97,0.365
51.35,71.99,0.365
51.36,72.00,0.365
51.36,72.02,0.365
51.36,72.04,0.365
51.36,72.05,0.365
51.36,72.07,0.365
51.36,72.09,0.365
51.36,72.11,0.365
51.37,72.12,0.365
51.37,72.14,0.365
51.37,72.15,0.365
51.37,72.17,0.365
51.37,72.19,0.365
51.38,72.21,0.365
51.38,72.22,0.365
51.38,72.24,0.365
51.38,72.25,0.365
51.38,72.27,0.365
51.38,72.29,0.365
51.39,72.30,0.365
51.39,72.32,0.365
51.39,72.34,0.365
51.39,72.36,0.365
51.39,72.37,0.365
51.39,72.39,0.365
51.39,72.41,0.365
51.40,72.42,0.365
51.40,72.44,0.365
51.40,72.46,0.365
51.40,72.47,0.365
51.40,72.49,0.365
51.41,72.51,0.365
51.41,72.52,0.365
51.41,72.54,0.365
51.41,72.56,0.365
51.41,72.57,0.365
51.41,72.59,0.365
51.41,72.60,0.365
51.42,72.62,0.365
51.42,72.64,0.365
51.42,72.66,0.365
51.42,72.67,0.365
51.42,72.69,0.365
51.43,72.71,0.365
51.43,72.72,0.366
51.43,72.74,0.366
51.43,72.76,0.366
51.43,72.77,0.366
51.43,72.79,0.366
51.44,72.80,0.366
51.44,72.82,0.366
51.44,72.84,0.366
51.44,72.86,0.366
51.44,72.87,0.366
51.44,72.89,0.366
51.44,72.91,0.366
51.45,72.92,0.366
51.45,72.94,0.366
51.45,72.96,0.366
51.45,72.97,0.366
51.45,72.99,0.366
51.46,73.01,0.366
51.46,73.02,0.366
51.46,73.04,0.366
51.46,73.06,0.366
51.46,73.07,0.366
51.46,73.09,0.366
51.46,73.11,0.366
51.47,73.12,0.366
51.47,73.14,0.366
51.47,73.16,0.366
51.47,73.17,0.366
51.47,73.19,0.366
51.48,73.21,0.366
51.48,73.22,0.366
51.48,73.24,0.366
51.48,73.26,0.366
51.48,73.27,0.366
51.48,73.29,0.366
51.49,73.31,0.366
51.49,73.32,0.366
51.49,73.34,0.366
51.49,73.36,0.366
51.49,73.37,0.366
51.49,73.39,0.366
51.49,73.41,0.366
51.50,73.42,0.366
51.50,73.44,0.366
51.50,73.46,0.366
51.50,73.47,0.366
51.50,73.49,0.366
51.51,73.51,0.366
51.51,73.52,0.366
51.51,73.54,0.366
51.51,73.56,0.366
51.51,73.57,0.366
51.51,73.59,0.366
51.51,73.61,0.366
51.52,73.62,0.366
51.52,73.64,0.366
51.52,73.66,0.366
51.52,73.67,0.366
51.52,73.69,0.366
51.53,73.71,0.366
51.53,73.72,0.366
51.53,73.74,0.366
51.53,73.76,0.366
51.53,73.77,0.366
51.53,73.79,0.366
51.54,73.81,0.366
51.54,73.82,0.366
51.54,73.84,0.366
51.54,73.86,0.366
51.54,73.87,0.366
51.54,73.89,0.366
51.54,73.91,0.366
51.55,73.92,0.366
51.55,73.94,0.366
51.55,73.96,0.366
51.55,73.97,0.366
51.55,73.99,0.366
51.56,74.01,0.366
51.56,74.02,0.366
51.56,74.04,0.366
51.56,74.06,0.366
51.56,74.07,0.366
51.56,74.09,0.366
51.56,74.11,0.366
51.57,74.13,0.366
51.57,74.14,0.366
51.57,74.16,0.366
51.57,74.18,0.366
51.57,74.19,0.366
51.58,74.21,0.366
51.58,74.23,0.366
51.58,74.24,0.366
51.58,74.26,0.367
51.58,74.28,0.367
51.58,74.29,0.367
51.59,74.31,0.367
51.59,74.33,0.367
51.59,74.34,0.367
51.59,74.36,0.367
51.59,74.38,0.367
51.59,74.39,0.367
51.59,74.41,0.367
51.60,74.43,0.367
51.60,74.44,0.367
51.60,74.46,0.367
51.60,74.48,0.367
51.60,74.49,0.367
51.61,74.51,0.367
51.61,74.53,0.367
51.61,74.54,0.367
51.61,74.56,0.367
51.61,74.58,0.367
51.61,74.59,0.367
51.61,74.61,0.367
51.62,74.63,0.367
51.62,74.64,0.367
51.62,74.66,0.367
51.62,74.68,0.367
51.62,74.69,0.367
51.63,74.71,0.367
51.63,74.73,0.367
51.63,74.75,0.367
51.63,74.76,0.367
51.63,74.78,0.367
51.63,74.79,0.367
51.64,74.81,0.367
51.64,74.83,0.367
51.64,74.85,0.367
51.64,74.86,0.367
51.64,74.88,0.367
51.64,74.90,0.367
51.64,74.91,0.367
51.65,74.93,0.367
51.65,74.95,0.367
51.65,74.96,0.367
51.65,74.98,0.367
51.65,75.00,0.367
51.66,75.01,0.367
51.66,75.03,0.367
51.66,75.05,0.367
51.66,75.06,0.367
51.66,75.08,0.367
51.66,75.10,0.367
51.66,75.11,0.367
51.67,75.13,0.367
51.67,75.15,0.367
51.67,75.16,0.367
51.67,75.18,0.367
51.67,75.20,0.367
51.68,75.21,0.367
51.68,75.23,0.367
51.68,75.25,0.367
51.68,75.26,0.367
51.68,75.28,0.368
51.68,75.30,0.368
51.69,75.31,0.368
51.69,75.33,0.368
51.69,75.35,0.368
51.69,75.36,0.368
51.69,75.38,0.368
51.69,75.40,0.368
51.69,75.41,0.368
51.70,75.43,0.368
51.70,75.45,0.368
51.70,75.46,0.368
51.70,75.48,0.368
51.70,75.50,0.368
51.71,75.51,0.368
51.71,75.53,0.368
51.71,75.55,0.368
51.71,75.56,0.368
51.71,75.58,0.368
51.71,75.60,0.368
51.71,75.62,0.368
51.72,75.63,0.368
51.72,75.65,0.368
51.72,75.66,0.368
51.72,75.68,0.368
51.72,75.70,0.368
51.73,75.72,0.368
51.73,75.73,0.368
51.73,75.75,0.368
51.73,75.76,0.368
51.73,75.78,0.368
51.73,75.80,0.368
51.74,75.81,0.368
51.74,75.83,0.368
51.74,75.85,0.368
51.74,75.86,0.368
51.74,75.88,0.368
51.74,75.90,0.368
51.74,75.91,0.368
51.75,75.93,0.368
51.75,75.95,0.368
51.75,75.96,0.368
51.75,75.98,0.368
51.75,76.00,0.368
51.76,76.01,0.368
51.76,76.03,0.368
51.76,76.05,0.368
51.76,76.06,0.368
51.76,76.08,0.368
51.76,76.10,0.368
51.76,76.11,0.368
51.77,76.13,0.368
51.77,76.15,0.368
51.77,76.16,0.368
51.77,76.18,0.368
51.77,76.20,0.368
51.78,76.22,0.368
51.78,76.23,0.368
51.78,76.25,0.368
51.78,76.26,0.368
51.78,76.28,0.368
51.78,76.30,0.368
51.79,76.32,0.368
51.79,76.33,0.368
51.79,76.35,0.368
51.79,76.37,0.368
51.79,76.38,0.368
51.79,76.40,0.368
51.79,76.41,0.368
51.80,76.43,0.368
51.80,76.45,0.368
51.80,76.47,0.368
51.80,76.48,0.368
51.80,76.50,0.368
51.81,76.51,0.368
51.81,76.53,0.368
51.81,76.55,0.368
51.81,76.56,0.368
51.81,76.58,0.368
51.81,76.60,0.368
51.81,76.61,0.368
51.82,76.63,0.368
51.82,76.65,0.368
51.82,76.66,0.368
51.82,76.68,0.368
51.82,76.70,0.368
51.83,76.71,0.368
51.83,76.73,0.368
51.83,76.75,0.368
51.83,76.77,0.368
51.83,76.78,0.368
51.83,76.80,0.368
51.84,76.81,0.368
51.84,76.83,0.368
51.84,76.85,0.368
51.84,76.86,0.368
51.84,76.88,0.368
51.84,76.90,0.368
51.84,76.91,0.369
51.85,76.93,0.369
51.85,76.95,0.369
51.85,76.96,0.369
51.85,76.98,0.369
51.85,77.00,0.369
51.86,77.01,0.369
51.86,77.03,0.369
51.86,77.05,0.369
51.86,77.07,0.369
51.86,77.08,0.369
51.86,77.10,0.369
51.86,77.12,0.369
51.87,77.13,0.369
51.87,77.15,0.369
51.87,77.16,0.369
51.87,77.18,0.369
51.87,77.20,0.369
51.88,77.21,0.369
51.88,77.23,0.369
51.88,77.25,0.369
51.88,77.26,0.369
51.88,77.28,0.369
51.88,77.30,0.369
51.89,77.32,0.369
51.89,77.33,0.369
51.89,77.35,0.369
51.89,77.37,0.369
51.89,77.38,0.369
51.89,77.40,0.369
51.89,77.42,0.369
51.90,77.43,0.369
51.90,77.45,0.369
51.90,77.47,0.369
51.90,77.48,0.369
51.90,77.50,0.369
51.91,77.52,0.369
51.91,77.53,0.369
51.91,77.55,0.369
51.91,77.57,0.369
51.91,77.58,0.369
51.91,77.60,0.369
51.91,77.61,0.369
51.92,77.63,0.369
51.92,77.65,0.369
51.92,77.67,0.369
51.92,77.68,0.369
51.92,77.70,0.369
51.93,77.71,0.369
51.93,77.73,0.369
51.93,77.75,0.369
51.93,77.77,0.369
51.93,77.78,0.369
51.93,77.80,0.369
51.94,77.81,0.369
51.94,77.83,0.369
51.94,77.85,0.369
51.94,77.86,0.369
51.94,77.88,0.369
51.94,77.90,0.369
51.94,77.91,0.369
51.95,77.93,0.369
51.95,77.95,0.369
51.95,77.96,0.369
51.95,77.98,0.369
51.95,78.00,0.369
51.96,78.01,0.369
51.96,78.03,0.369
51.96,78.05,0.369
51.96,78.06,0.369
51.96,78.08,0.369
51.96,78.10,0.369
51.96,78.11,0.369
51.97,78.13,0.369
51.97,78.15,0.369
51.97,78.16,0.369
51.97,78.18,0.369
51.97,78.20,0.369
51.98,78.21,0.369
51.98,78.23,0.369
51.98,78.25,0.369
51.98,78.26,0.369
51.98,78.28,0.369
51.98,78.30,0.369
51.99,78.31,0.369
51.99,78.33,0.369
51.99,78.35,0.369
51.99,78.36,0.369
51.99,78.38,0.369
51.99,78.40,0.369
51.99,78.41,0.369
52.00,78.43,0.369
52.00,78.45,0.369
52.00,78.46,0.369
52.00,78.48,0.369
52.00,78.50,0.369
52.01,78.51,0.369
52.01,78.53,0.369
52.01,78.55,0.369
52.01,78.56,0.369
52.01,78.58,0.369
52.01,78.60,0.369
52.01,78.61,0.369
52.02,78.63,0.369
52.02,78.65,0.369
52.02,78.66,0.369
52.02,78.68,0.369
52.02,78.70,0.369
52.03,78.71,0.369
52.03,78.73,0.369
52.03,78.75,0.369
52.03,78.76,0.369
52.03,78.78,0.369
52.03,78.80,0.369
52.04,78.82,0.369
52.04,78.83,0.369
52.04,78.85,0.369
52.04,78.86,0.369
52.04,78.88,0.369
52.04,78.90,0.369
52.04,78.91,0.369
52.05,78.93,0.369
52.05,78.95,0.370
52.05,78.96,0.370
52.05,78.98,0.370
52.05,79.00,0.370
52.06,79.01,0.370
52.06,79.03,0.370
52.06,79.05,0.370
52.06,79.07,0.370
52.06,79.08,0.370
52.06,79.10,0.370
52.06,79.12,0.370
52.07,79.13,0.370
52.07,79.15,0.370
52.07,79.17,0.370
52.07,79.18,0.370
52.07,79.20,0.370
52.08,79.21,0.370
52.08,79.23,0.370
52.08,79.25,0.370
52.08,79.27,0.370
52.08,79.28,0.370
52.08,79.30,0.370
52.09,79.32,0.370
52.09,79.33,0.370
52.09,79.35,0.370
52.09,79.36,0.370
52.09,79.38,0.370
52.09,79.40,0.370
52.09,79.42,0.370
52.10,79.43,0.370
52.10,79.45,0.370
52.10,79.46,0.370
52.10,79.48,0.370
52.10,79.50,0.370
52.11,79.52,0.370
52.11,79.53,0.370
52.11,79.55,0.370
52.11,79.57,0.370
52.11,79.58,0.370
52.11,79.60,0.370
52.11,79.62,0.370
52.12,79.63,0.370
52.12,79.65,0.370
52.12,79.67,0.370
52.12,79.68,0.370
52.12,79.70,0.370
52.13,79.72,0.370
52.13,79.73,0.370
52.13,79.75,0.370
52.13,79.76,0.370
52.13,79.78,0.370
52.13,79.80,0.370
52.14,79.82,0.370
52.14,79.83,0.370
52.14,79.85,0.370
52.14,79.87,0.370
52.14,79.88,0.370
52.14,79.90,0.370
52.14,79.91,0.370
52.15,79.93,0.370
52.15,79.95,0.370
52.15,79.96,0.370
52.15,79.98,0.370
52.15,80.00,0.370
52.16,80.02,0.370
52.16,80.03,0.370
52.16,80.05,0.370
52.16,80.06,0.370
52.16,80.08,0.370
52.16,80.10,0.370
52.16,80.12,0.370
52.17,80.13,0.370
52.17,80.15,0.370
52.17,80.17,0.370
52.17,80.18,0.370
52.17,80.20,0.370
52.18,80.22,0.370
52.18,80.23,0.370
52.18,80.25,0.370
52.18,80.27,0.370
52.18,80.28,0.370
52.18,80.30,0.371
52.19,80.31,0.371
52.19,80.33,0.371
52.19,80.35,0.371
52.19,80.37,0.371
52.19,80.38,0.371
52.19,80.40,0.371
52.19,80.42,0.371
52.20,80.43,0.371
52.20,80.45,0.371
52.20,80.47,0.371
52.20,80.48,0.371
52.20,80.50,0.371
52.21,80.51,0.371
52.21,80.53,0.371
52.21,80.55,0.371
52.21,80.56,0.371
52.21,80.58,0.371
52.21,80.60,0.371
52.21,80.62,0.371
52.22,80.63,0.371
52.22,80.65,0.371
52.22,80.67,0.371
52.22,80.68,0.371
52.22,80.70,0.371
52.23,80.72,0.371
52.23,80.73,0.371
52.23,80.75,0.371
52.23,80.77,0.371
52.23,80.78,0.371
52.23,80.80,0.371
52.24,80.81,0.371
52.24,80.83,0.371
52.24,80.85,0.371
52.24,80.87,0.371
52.24,80.88,0.371
52.24,80.90,0.371
52.24,80.91,0.371
52.25,80.93,0.371
52.25,80.95,0.371
52.25,80.97,0.371
52.25,80.98,0.371
52.25,81.00,0.371
52.26,81.02,0.371
52.26,81.03,0.371
52.26,81.05,0.371
52.26,81.07,0.371
52.26,81.08,0.371
52.26,81.10,0.371
52.26,81.12,0.371
52.27,81.13,0.371
52.27,81.15,0.371
52.27,81.16,0.371
52.27,81.18,0.371
52.27,81.20,0.371
52.28,81.22,0.371
52.28,81.23,0.371
52.28,81.25,0.371
52.28,81.27,0.371
52.28,81.28,0.371
52.28,81.30,0.371
52.29,81.32,0.371
52.29,81.33,0.371
52.29,81.35,0.371
52.29,81.37,0.371
52.29,81.38,0.371
52.29,81.40,0.371
52.29,81.42,0.371
52.30,81.43,0.371
52.30,81.45,0.371
52.30,81.47,0.371
52.30,81.48,0.371
52.30,81.50,0.371
52.31,81.52,0.371
52.31,81.53,0.371
52.31,81.55,0.371
52.31,81.57,0.371
52.31,81.58,0.371
52.31,81.60,0.371
52.31,81.62,0.371
52.32,81.63,0.371
52.32,81.65,0.371
52.32,81.67,0.372
52.32,81.68,0.372
52.32,81.70,0.372
52.33,81.72,0.372
52.33,81.73,0.372
52.33,81.75,0.372
52.33,81.77,0.372
52.33,81.78,0.372
52.33,81.80,0.372
52.34,81.82,0.372
52.34,81.83,0.372
52.34,81.85,0.372
52.34,81.87,0.372
52.34,81.88,0.372
52.34,81.90,0.372
52.34,81.92,0.372
52.35,81.93,0.372
52.35,81.95,0.372
52.35,81.97,0.372
52.35,81.98,0.372
52.35,82.00,0.372
52.36,82.02,0.372
52.36,82.03,0.372
52.36,82.05,0.372
52.36,82.07,0.372
52.36,82.08,0.372
52.36,82.10,0.372
52.36,82.12,0.372
52.37,82.13,0.372
52.37,82.15,0.372
52.37,82.17,0.372
52.37,82.18,0.372
52.37,82.20,0.372
52.38,82.22,0.372
52.38,82.23,0.372
52.38,82.25,0.372
52.38,82.27,0.372
52.38,82.28,0.372
52.38,82.30,0.372
52.39,82.32,0.372
52.39,82.33,0.372
52.39,82.35,0.372
52.39,82.37,0.372
52.39,82.38,0.372
52.39,82.40,0.372
52.39,82.42,0.372
52.40,82.43,0.372
52.40,82.45,0.372
52.40,82.47,0.372
52.40,82.48,0.372
52.40,82.50,0.372
52.41,82.52,0.372
52.41,82.53,0.372
52.41,82.55,0.372
52.41,82.57,0.372
52.41,82.58,0.372
52.41,82.60,0.372
52.41,82.62,0.372
52.42,82.63,0.372
52.42,82.65,0.372
52.42,82.67,0.372
52.42,82.68,0.372
52.42,82.70,0.372
52.43,82.72,0.372
52.43,82.73,0.373
52.43,82.75,0.373
52.43,82.77,0.373
52.43,82.78,0.373
52.43,82.80,0.373
52.44,82.82,0.373
52.44,82.83,0.373
52.44,82.85,0.373
52.44,82.87,0.373
52.44,82.88,0.373
52.44,82.90,0.373
52.44,82.92,0.373
52.45,82.93,0.373
52.45,82.95,0.373
52.45,82.97,0.373
52.45,82.98,0.373
52.45,83.00,0.373
52.46,83.02,0.373
52.46,83.03,0.373
52.46,83.05,0.373
52.46,83.07,0.373
52.46,83.08,0.373
52.46,83.10,0.373
52.46,83.12,0.373
52.47,83.13,0.373
52.47,83.15,0.373
52.47,83.17,0.373
52.47,83.18,0.373
52.47,83.20,0.373
52.48,83.22,0.373
52.48,83.23,0.373
52.48,83.25,0.373
52.48,83.27,0.373
52.48,83.28,0.373
52.48,83.30,0.373
52.49,83.32,0.373
52.49,83.33,0.373
52.49,83.35,0.373
52.49,83.37,0.373
52.49,83.38,0.373
52.49,83.40,0.373
52.49,83.42,0.373
52.50,83.43,0.373
52.50,83.45,0.373
52.50,83.47,0.373
52.50,83.48,0.373
52.50,83.50,0.373
52.51,83.52,0.373
52.51,83.53,0.373
52.51,83.55,0.373
52.51,83.57,0.373
52.51,83.58,0.373
52.51,83.60,0.373
52.51,83.62,0.373
52.52,83.63,0.373
52.52,83.65,0.373
52.52,83.67,0.373
52.52,83.68,0.373
52.52,83.70,0.373
52.53,83.72,0.373
52.53,83.74,0.373
52.53,83.75,0.373
52.53,83.77,0.373
52.53,83.78,0.373
52.53,83.80,0.373
52.54,83.82,0.373
52.54,83.84,0.373
52.54,83.85,0.373
52.54,83.87,0.373
52.54,83.88,0.374
52.54,83.90,0.374
52.54,83.92,0.374
52.55,83.93,0.374
52.55,83.95,0.374
52.55,83.97,0.374
52.55,83.99,0.374
52.55,84.00,0.374
52.56,84.02,0.374
52.56,84.04,0.374
52.56,84.05,0.374
52.56,84.07,0.374
52.56,84.08,0.374
52.56,84.10,0.374
52.56,84.12,0.374
52.57,84.14,0.374
52.57,84.15,0.374
52.57,84.17,0.374
52.57,84.19,0.374
52.57,84.20,0.374
52.58,84.22,0.374
52.58,84.23,0.374
52.58,84.25,0.374
52.58,84.27,0.374
52.58,84.29,0.374
52.58,84.30,0.374
52.59,84.32,0.374
52.59,84.34,0.374
52.59,84.35,0.374
52.59,84.37,0.374
52.59,84.39,0.374
52.59,84.40,0.374
52.59,84.42,0.374
52.60,84.43,0.374
52.60,84.45,0.374
52.60,84.47,0.374
52.60,84.48,0.374
52.60,84.50,0.374
52.61,84.52,0.374
52.61,84.54,0.374
52.61,84.55,0.374
52.61,84.57,0.374
52.61,84.59,0.374
52.61,84.60,0.374
52.61,84.62,0.374
52.62,84.63,0.374
52.62,84.65,0.374
52.62,84.67,0.374
52.62,84.68,0.374
52.62,84.70,0.374
52.63,84.72,0.374
52.63,84.73,0.374
52.63,84.75,0.374
52.63,84.77,0.374
52.63,84.78,0.374
52.63,84.80,0.374
52.64,84.82,0.374
52.64,84.83,0.374
52.64,84.85,0.374
52.64,84.87,0.374
52.64,84.89,0.374
52.64,84.90,0.374
52.64,84.92,0.374
52.65,84.94,0.374
52.65,84.95,0.374
52.65,84.97,0.374
52.65,84.99,0.374
52.65,85.00,0.374
52.66,85.02,0.374
52.66,85.04,0.374
52.66,85.05,0.374
52.66,85.07,0.375
52.66,85.09,0.375
52.66,85.10,0.375
52.66,85.12,0.375
52.67,85.14,0.375
52.67,85.15,0.375
52.67,85.17,0.375
52.67,85.19,0.375
52.67,85.20,0.375
52.68,85.22,0.375
52.68,85.24,0.375
52.68,85.25,0.375
52.68,85.27,0.375
52.68,85.29,0.375
52.68,85.30,0.375
52.69,85.32,0.375
52.69,85.34,0.375
52.69,85.35,0.375
52.69,85.37,0.375
52.69,85.39,0.375
52.69,85.40,0.375
52.69,85.42,0.375
52.70,85.44,0.375
52.70,85.45,0.375
52.70,85.47,0.375
52.70,85.49,0.375
52.70,85.50,0.375
52.71,85.52,0.375
52.71,85.54,0.375
52.71,85.55,0.375
52.71,85.57,0.375
52.71,85.59,0.375
52.71,85.60,0.375
52.71,85.62,0.375
52.72,85.64,0.375
52.72,85.65,0.375
52.72,85.67,0.375
52.72,85.69,0.375
52.72,85.70,0.375
52.73,85.72,0.375
52.73,85.74,0.375
52.73,85.75,0.375
52.73,85.77,0.375
52.73,85.79,0.375
52.73,85.80,0.375
52.74,85.82,0.375
52.74,85.84,0.375
52.74,85.85,0.375
52.74,85.87,0.375
52.74,85.89,0.375
52.74,85.90,0.375
52.74,85.92,0.375
52.75,85.94,0.375
52.75,85.95,0.375
52.75,85.97,0.375
52.75,85.99,0.375
52.75,86.00,0.375
52.76,86.02,0.375
52.76,86.04,0.375
52.76,86.05,0.375
52.76,86.07,0.375
52.76,86.09,0.375
52.76,86.10,0.375
52.76,86.12,0.375
52.77,86.14,0.375
52.77,86.15,0.375
52.77,86.17,0.375
52.77,86.19,0.375
52.77,86.20,0.375
52.78,86.22,0.375
52.78,86.24,0.375
52.78,86.25,0.375
52.78,86.27,0.375
52.78,86.29,0.375
52.78,86.30,0.375
52.79,86.32,0.375
52.79,86.34,0.375
52.79,86.35,0.375
52.79,86.37,0.375
52.79,86.39,0.375
52.79,86.40,0.375
52.79,86.42,0.375
52.80,86.44,0.375
52.80,86.45,0.375
52.80,86.47,0.375
52.80,86.49,0.375
52.80,86.50,0.375
52.81,86.52,0.375
52.81,86.54,0.376
52.81,86.55,0.376
52.81,86.57,0.376
52.81,86.59,0.376
52.81,86.60,0.376
52.81,86.62,0.376
52.82,86.64,0.376
52.82,86.65,0.376
52.82,86.67,0.376
52.82,86.69,0.376
52.82,86.70,0.376
52.83,86.72,0.376
52.83,86.74,0.376
52.83,86.75,0.376
52.83,86.77,0.376
52.83,86.79,0.376
52.83,86.80,0.376
52.84,86.82,0.376
52.84,86.84,0.376
52.84,86.85,0.376
52.84,86.87,0.376
52.84,86.89,0.376
52.84,86.90,0.376
52.84,86.92,0.376
52.85,86.94,0.376
52.85,86.95,0.376
52.85,86.97,0.376
52.85,86.99,0.376
52.85,87.00,0.376
52.86,87.02,0.376
52.86,87.04,0.376
52.86,87.05,0.376
52.86,87.07,0.376
52.86,87.09,0.376
52.86,87.10,0.376
52.86,87.12,0.376
52.87,87.14,0.376
52.87,87.15,0.376
52.87,87.17,0.376
52.87,87.19,0.376
52.87,87.20,0.376
52.88,87.22,0.376
52.88,87.24,0.376
52.88,87.25,0.376
52.88,87.27,0.376
52.88,87.29,0.376
52.88,87.30,0.376
52.89,87.32,0.376
52.89,87.34,0.376
52.89,87.35,0.376
52.89,87.37,0.376
52.89,87.39,0.376
52.89,87.40,0.376
52.89,87.42,0.376
52.90,87.44,0.376
52.90,87.45,0.376
52.90,87.47,0.376
52.90,87.49,0.376
52.90,87.50,0.376
52.91,87.52,0.376
52.91,87.54,0.376
52.91,87.56,0.376
52.91,87.57,0.376
52.91,87.59,0.376
52.91,87.61,0.376
52.91,87.62,0.376
52.92,87.64,0.376
52.92,87.66,0.376
52.92,87.67,0.376
52.92,87.69,0.376
52.92,87.70,0.376
52.93,87.72,0.376
52.93,87.74,0.376
52.93,87.76,0.376
52.93,87.77,0.376
52.93,87.79,0.376
52.93,87.81,0.376
52.94,87.82,0.376
52.94,87.84,0.376
52.94,87.86,0.376
52.94,87.87,0.376
52.94,87.89,0.376
52.94,87.91,0.376
52.94,87.92,0.376
52.95,87.94,0.376
52.95,87.96,0.376
52.95,87.97,0.376
52.95,87.99,0.376
52.95,88.01,0.376
52.96,88.02,0.376
52.96,88.04,0.376
52.96,88.06,0.376
52.96,88.07,0.376
52.96,88.09,0.376
52.96,88.11,0.376
52.96,88.12,0.376
52.97,88.14,0.376
52.97,88.16,0.376
52.97,88.17,0.376
52.97,88.19,0.376
52.97,88.21,0.376
52.98,88.22,0.376
52.98,88.24,0.376
52.98,88.26,0.376
52.98,88.27,0.376
52.98,88.29,0.376
52.98,88.30,0.376
52.99,88.32,0.376
52.99,88.34,0.376
52.99,88.35,0.376
52.99,88.37,0.376
52.99,88.39,0.377
52.99,88.40,0.377
52.99,88.42,0.377
53.00,88.44,0.377
53.00,88.46,0.377
53.00,88.47,0.377
53.00,88.49,0.377
53.00,88.51,0.377
53.01,88.52,0.377
53.01,88.54,0.377
53.01,88.56,0.377
53.01,88.57,0.377
53.01,88.59,0.377
53.01,88.60,0.377
53.01,88.62,0.377
53.02,88.64,0.377
53.02,88.65,0.377
53.02,88.67,0.377
53.02,88.69,0.377
53.02,88.71,0.377
53.03,88.72,0.377
53.03,88.74,0.377
53.03,88.76,0.377
53.03,88.77,0.377
53.03,88.79,0.377
53.03,88.81,0.377
53.04,88.82,0.377
53.04,88.84,0.377
53.04,88.86,0.377
53.04,88.87,0.377
53.04,88.89,0.377
53.04,88.91,0.377
53.04,88.92,0.377
53.05,88.94,0.377
53.05,88.96,0.377
53.05,88.97,0.377
53.05,88.99,0.377
53.05,89.01,0.377
53.06,89.02,0.377
53.06,89.04,0.377
53.06,89.06,0.377
53.06,89.07,0.377
53.06,89.09,0.377
53.06,89.11,0.377
53.06,89.12,0.377
53.07,89.14,0.377
53.07,89.16,0.377
53.07,89.17,0.377
53.07,89.19,0.377
53.07,89.21,0.377
53.08,89.22,0.377
53.08,89.24,0.377
53.08,89.26,0.377
53.08,89.27,0.377
53.08,89.29,0.377
53.08,89.31,0.377
53.09,89.32,0.377
53.09,89.34,0.377
53.09,89.36,0.377
53.09,89.37,0.377
53.09,89.39,0.377
53.09,89.41,0.377
53.09,89.42,0.377
53.10,89.44,0.377
53.10,89.46,0.377
53.10,89.47,0.377
53.10,89.49,0.377
53.10,89.51,0.377
53.11,89.52,0.377
53.11,89.54,0.377
53.11,89.56,0.377
53.11,89.57,0.377
53.11,89.59,0.377
53.11,89.61,0.377
53.11,89.62,0.377
53.12,89.64,0.377
53.12,89.66,0.377
53.12,89.67,0.377
53.12,89.69,0.377
53.12,89.71,0.377
53.13,89.72,0.377
53.13,89.74,0.377
53.13,89.76,0.377
53.13,89.77,0.377
53.13,89.79,0.377
53.13,89.81,0.377
53.14,89.82,0.377
53.14,89.84,0.377
53.14,89.86,0.377
53.14,89.87,0.377
53.14,89.89,0.377
53.14,89.91,0.377
53.14,89.92,0.377
53.15,89.94,0.377
53.15,89.96,0.377
53.15,89.97,0.377
53.15,89.99,0.377
53.15,90.01,0.377
53.16,90.02,0.377
53.16,90.04,0.377
53.16,90.06,0.377
53.16,90.07,0.377
53.16,90.09,0.377
53.16,90.11,0.377
53.16,90.12,0.377
53.17,90.14,0.377
53.17,90.16,0.377
53.17,90.17,0.377
53.17,90.19,0.377
53.17,90.21,0.377
53.18,90.22,0.378
53.18,90.24,0.378
53.18,90.26,0.378
53.18,90.27,0.378
53.18,90.29,0.378
53.18,90.31,0.378
53.19,90.32,0.378
53.19,90.34,0.378
53.19,90.36,0.378
53.19,90.37,0.378
53.19,90.39,0.378
53.19,90.41,0.378
53.19,90.42,0.378
53.20,90.44,0.378
53.20,90.46,0.378
53.20,90.47,0.378
53.20,90.49,0.378
53.20,90.51,0.378
53.21,90.52,0.378
53.21,90.54,0.378
53.21,90.56,0.378
53.21,90.57,0.378
53.21,90.59,0.378
53.21,90.61,0.378
53.21,90.62,0.378
53.22,90.64,0.378
53.22,90.66,0.378
53.22,90.67,0.378
53.22,90.69,0.378
53.22,90.71,0.378
53.23,90.72,0.378
53.23,90.74,0.378
53.23,90.76,0.378
53.23,90.77,0.378
53.23,90.79,0.378
53.23,90.81,0.378
53.24,90.82,0.378
53.24,90.84,0.378
53.24,90.86,0.378
53.24,90.87,0.378
53.24,90.89,0.378
53.24,90.91,0.378
53.24,90.92,0.378
53.25,90.94,0.378
53.25,90.96,0.378
53.25,90.97,0.378
53.25,90.99,0.378
53.25,91.01,0.378
53.26,91.03,0.378
53.26,91.04,0.378
53.26,91.06,0.378
53.26,91.07,0.378
53.26,91.09,0.378
53.26,91.11,0.378
53.26,91.12,0.378
53.27,91.14,0.378
53.27,91.16,0.378
53.27,91.18,0.378
53.27,91.19,0.378
53.27,91.21,0.378
53.28,91.22,0.378
53.28,91.24,0.378
53.28,91.26,0.378
53.28,91.28,0.378
53.28,91.29,0.378
53.28,91.31,0.378
53.29,91.33,0.378
53.29,91.34,0.378
53.29,91.36,0.378
53.29,91.37,0.378
53.29,91.39,0.378
53.29,91.41,0.378
53.29,91.43,0.378
53.30,91.44,0.378
53.30,91.46,0.378
53.30,91.47,0.378
53.30,91.49,0.378
53.30,91.51,0.378
53.31,91.53,0.378
53.31,91.54,0.378
53.31,91.56,0.378
53.31,91.58,0.378
53.31,91.59,0.378
53.31,91.61,0.378
53.31,91.62,0.378
53.32,91.64,0.378
53.32,91.66,0.378
53.32,91.68,0.378
53.32,91.69,0.378
53.32,91.71,0.378
53.33,91.73,0.379
53.33,91.74,0.379
53.33,91.76,0.379
53.33,91.78,0.379
53.33,91.79,0.379
53.33,91.81,0.379
53.34,91.83,0.379
53.34,91.84,0.379
53.34,91.86,0.379
53.34,91.88,0.379
53.34,91.89,0.379
53.34,91.91,0.379
53.34,91.93,0.379
53.35,91.94,0.379
53.35,91.96,0.379
53.35,91.98,0.379
53.35,91.99,0.379
53.35,92.01,0.379
53.36,92.03,0.379
53.36,92.04,0.379
53.36,92.06,0.379
53.36,92.07,0.379
53.36,92.09,0.379
53.36,92.11,0.379
53.36,92.13,0.379
53.37,92.14,0.379
53.37,92.16,0.379
53.37,92.18,0.379
53.37,92.19,0.379
53.37,92.21,0.379
53.38,92.23,0.379
53.38,92.24,0.379
53.38,92.26,0.379
53.38,92.28,0.379
53.38,92.29,0.379
53.38,92.31,0.379
53.39,92.33,0.379
53.39,92.34,0.379
53.39,92.36,0.379
53.39,92.38,0.379
53.39,92.39,0.379
53.39,92.41,0.379
53.39,92.43,0.379
53.40,92.44,0.379
53.40,92.46,0.379
53.40,92.48,0.379
53.40,92.49,0.379
53.40,92.51,0.379
53.41,92.53,0.379
53.41,92.54,0.379
53.41,92.56,0.379
53.41,92.58,0.379
53.41,92.59,0.379
53.41,92.61,0.379
53.41,92.63,0.379
53.42,92.64,0.379
53.42,92.66,0.379
53.42,92.68,0.379
53.42,92.69,0.379
53.42,92.71,0.379
53.43,92.73,0.379
53.43,92.74,0.379
53.43,92.76,0.379
53.43,92.78,0.379
53.43,92.79,0.379
53.43,92.81,0.379
53.44,92.83,0.379
53.44,92.84,0.379
53.44,92.86,0.379
53.44,92.88,0.379
53.44,92.89,0.379
53.44,92.91,0.379
53.44,92.93,0.379
53.45,92.94,0.379
53.45,92.96,0.379
53.45,92.98,0.379
53.45,92.99,0.379
53.45,93.01,0.379
53.46,93.03,0.379
53.46,93.04,0.379
53.46,93.06,0.379
53.46,93.08,0.380
53.46,93.09,0.380
53.46,93.11,0.380
53.46,93.13,0.380
53.47,93.14,0.380
53.47,93.16,0.380
53.47,93.18,0.380
53.47,93.19,0.380
53.47,93.21,0.380
53.48,93.23,0.380
53.48,93.24,0.380
53.48,93.26,0.380
53.48,93.28,0.380
53.48,93.29,0.380
53.48,93.31,0.380
53.49,93.33,0.380
53.49,93.34,0.380
53.49,93.36,0.380
53.49,93.38,0.380
53.49,93.39,0.380
53.49,93.41,0.380
53.49,93.43,0.380
53.50,93.44,0.380
53.50,93.46,0.380
53.50,93.48,0.380
53.50,93.49,0.380
53.50,93.51,0.380
53.51,93.53,0.380
53.51,93.54,0.380
53.51,93.56,0.380
53.51,93.58,0.380
53.51,93.59,0.380
53.51,93.61,0.380
53.51,93.63,0.380
53.52,93.64,0.380
53.52,93.66,0.380
53.52,93.68,0.380
53.52,93.70,0.380
53.52,93.71,0.380
53.53,93.73,0.380
53.53,93.74,0.380
53.53,93.76,0.380
53.53,93.78,0.380
53.53,93.79,0.380
53.53,93.81,0.380
53.54,93.83,0.380
53.54,93.84,0.380
53.54,93.86,0.380
53.54,93.88,0.380
53.54,93.90,0.380
53.54,93.91,0.380
53.54,93.93,0.380
53.55,93.94,0.380
53.55,93.96,0.380
53.55,93.98,0.380
53.55,93.99,0.380
53.55,94.01,0.380
53.56,94.03,0.380
53.56,94.04,0.380
53.56,94.06,0.380
53.56,94.08,0.380
53.56,94.09,0.380
53.56,94.11,0.380
53.56,94.13,0.380
53.57,94.14,0.380
53.57,94.16,0.380
53.57,94.18,0.380
53.57,94.19,0.380
53.57,94.21,0.380
53.58,94.23,0.380
53.58,94.24,0.381
53.58,94.26,0.381
53.58,94.28,0.381
53.58,94.30,0.381
53.58,94.31,0.381
53.59,94.33,0.381
53.59,94.35,0.381
53.59,94.36,0.381
53.59,94.38,0.381
53.59,94.39,0.381
53.59,94.41,0.381
53.59,94.43,0.381
53.60,94.44,0.381
53.60,94.46,0.381
53.60,94.48,0.381
53.60,94.49,0.381
53.60,94.51,0.381
53.61,94.53,0.381
53.61,94.54,0.381
53.61,94.56,0.381
53.61,94.58,0.381
53.61,94.60,0.381
53.61,94.61,0.381
53.61,94.63,0.381
53.62,94.64,0.381
53.62,94.66,0.381
53.62,94.68,0.381
53.62,94.70,0.381
53.62,94.71,0.381
53.63,94.73,0.381
53.63,94.74,0.381
53.63,94.76,0.381
53.63,94.78,0.381
53.63,94.80,0.381
53.63,94.81,0.381
53.64,94.83,0.381
53.64,94.84,0.381
53.64,94.86,0.381
53.64,94.88,0.381
53.64,94.90,0.381
53.64,94.91,0.381
53.64,94.93,0.381
53.65,94.94,0.381
53.65,94.96,0.381
53.65,94.98,0.381
53.65,94.99,0.381
53.65,95.01,0.381
53.66,95.03,0.381
53.66,95.04,0.381
53.66,95.06,0.381
53.66,95.08,0.381
53.66,95.10,0.381
53.66,95.11,0.381
53.66,95.13,0.381
53.67,95.14,0.381
53.67,95.16,0.381
53.67,95.18,0.381
53.67,95.20,0.381
53.67,95.21,0.381
53.68,95.23,0.381
53.68,95.25,0.381
53.68,95.26,0.381
53.68,95.28,0.381
53.68,95.29,0.381
53.68,95.31,0.381
53.69,95.33,0.381
53.69,95.35,0.381
53.69,95.36,0.381
53.69,95.38,0.381
53.69,95.40,0.381
53.69,95.41,0.381
53.69,95.43,0.381
53.70,95.45,0.381
53.70,95.46,0.381
53.70,95.48,0.381
53.70,95.50,0.381
53.70,95.51,0.381
53.71,95.53,0.381
53.71,95.55,0.382
53.71,95.56,0.382
53.71,95.58,0.382
53.71,95.60,0.382
53.71,95.61,0.382
53.71,95.63,0.382
53.72,95.65,0.382
53.72,95.66,0.382
53.72,95.68,0.382
53.72,95.70,0.382
53.72,95.71,0.382
53.73,95.73,0.382
53.73,95.75,0.382
53.73,95.76,0.382
53.73,95.78,0.382
53.73,95.80,0.382
53.73,95.81,0.382
53.74,95.83,0.382
53.74,95.85,0.382
53.74,95.86,0.382
53.74,95.88,0.382
53.74,95.90,0.382
53.74,95.91,0.382
53.74,95.93,0.382
53.75,95.95,0.382
53.75,95.96,0.382
53.75,95.98,0.382
53.75,96.00,0.382
53.75,96.01,0.382
53.76,96.03,0.382
53.76,96.05,0.382
53.76,96.06,0.382
53.76,96.08,0.382
53.76,96.10,0.382
53.76,96.11,0.382
53.76,96.13,0.382
53.77,96.15,0.382
53.77,96.16,0.382
53.77,96.18,0.382
53.77,96.20,0.382
53.77,96.21,0.382
53.78,96.23,0.382
53.78,96.25,0.382
53.78,96.26,0.382
53.78,96.28,0.382
53.78,96.30,0.382
53.78,96.31,0.382
53.79,96.33,0.382
53.79,96.35,0.382
53.79,96.36,0.382
53.79,96.38,0.382
53.79,96.40,0.382
53.79,96.41,0.382
53.79,96.43,0.382
53.80,96.45,0.382
53.80,96.46,0.382
53.80,96.48,0.382
53.80,96.50,0.382
53.80,96.51,0.382
53.81,96.53,0.382
53.81,96.55,0.382
53.81,96.56,0.382
53.81,96.58,0.382
53.81,96.60,0.382
53.81,96.61,0.382
53.81,96.63,0.382
53.82,96.65,0.382
53.82,96.66,0.382
53.82,96.68,0.382
53.82,96.70,0.382
53.82,96.71,0.382
53.83,96.73,0.382
53.83,96.75,0.382
53.83,96.76,0.382
53.83,96.78,0.382
53.83,96.80,0.382
53.83,96.81,0.382
53.84,96.83,0.382
53.84,96.85,0.382
53.84,96.86,0.382
53.84,96.88,0.382
53.84,96.90,0.382
53.84,96.91,0.382
53.84,96.93,0.382
53.85,96.95,0.383
53.85,96.96,0.383
53.85,96.98,0.383
53.85,97.00,0.383
53.85,97.01,0.383
53.86,97.03,0.383
53.86,97.05,0.383
53.86,97.06,0.383
53.86,97.08,0.383
53.86,97.10,0.383
53.86,97.11,0.383
53.86,97.13,0.383
53.87,97.15,0.383
53.87,97.16,0.383
53.87,97.18,0.383
53.87,97.20,0.383
53.87,97.21,0.383
53.88,97.23,0.383
53.88,97.25,0.383
53.88,97.26,0.383
53.88,97.28,0.383
53.88,97.30,0.383
53.88,97.31,0.383
53.89,97.33,0.383
53.89,97.35,0.383
53.89,97.36,0.383
53.89,97.38,0.383
53.89,97.40,0.383
53.89,97.41,0.383
53.89,97.43,0.383
53.90,97.45,0.383
53.90,97.46,0.383
53.90,97.48,0.383
53.90,97.50,0.383
53.90,97.51,0.383
53.91,97.53,0.383
53.91,97.55,0.383
53.91,97.56,0.383
53.91,97.58,0.383
53.91,97.60,0.383
53.91,97.61,0.383
53.91,97.63,0.383
53.92,97.65,0.383
53.92,97.66,0.383
53.92,97.68,0.383
53.92,97.70,0.383
53.92,97.71,0.383
53.93,97.73,0.383
53.93,97.75,0.383
53.93,97.76,0.383
53.93,97.78,0.383
53.93,97.80,0.383
53.93,97.81,0.383
53.94,97.83,0.383
53.94,97.85,0.383
53.94,97.86,0.383
53.94,97.88,0.383
53.94,97.90,0.383
53.94,97.92,0.383
53.94,97.93,0.383
53.95,97.95,0.383
53.95,97.97,0.383
53.95,97.98,0.383
53.95,98.00,0.383
53.95,98.02,0.383
53.96,98.03,0.383
53.96,98.05,0.383
53.96,98.07,0.383
53.96,98.08,0.383
53.96,98.10,0.384
53.96,98.12,0.384
53.96,98.13,0.384
53.97,98.15,0.384
53.97,98.17,0.384
53.97,98.18,0.384
53.97,98.20,0.384
53.97,98.22,0.384
53.98,98.23,0.384
53.98,98.25,0.384
53.98,98.27,0.384
53.98,98.28,0.384
53.98,98.30,0.384
53.98,98.32,0.384
53.99,98.33,0.384
53.99,98.35,0.384
53.99,98.37,0.384
53.99,98.38,0.384
53.99,98.40,0.384
53.99,98.42,0.384
53.99,98.43,0.384
54.00,98.45,0.384
54.00,98.47,0.384
54.00,98.48,0.384
54.00,98.50,0.384
54.00,98.52,0.384
54.01,98.53,0.384
54.01,98.55,0.384
54.01,98.57,0.384
54.01,98.58,0.384
54.01,98.60,0.384
54.01,98.62,0.384
54.01,98.63,0.384
54.02,98.65,0.384
54.02,98.67,0.384
54.02,98.68,0.384
54.02,98.70,0.384
54.02,98.72,0.384
54.03,98.73,0.384
54.03,98.75,0.384
54.03,98.77,0.384
54.03,98.78,0.384
54.03,98.80,0.384
54.03,98.82,0.384
54.04,98.83,0.384
54.04,98.85,0.384
54.04,98.87,0.384
54.04,98.88,0.384
54.04,98.90,0.384
54.04,98.92,0.384
54.04,98.93,0.384
54.05,98.95,0.384
54.05,98.97,0.384
54.05,98.98,0.384
54.05,99.00,0.384
54.05,99.02,0.384
54.06,99.03,0.384
54.06,99.05,0.384
54.06,99.07,0.384
54.06,99.08,0.384
54.06,99.10,0.384
54.06,99.12,0.384
54.06,99.13,0.384
54.07,99.15,0.384
54.07,99.17,0.384
54.07,99.18,0.384
54.07,99.20,0.384
54.07,99.22,0.384
54.08,99.23,0.384
54.08,99.25,0.385
54.08,99.27,0.385
54.08,99.28,0.385
54.08,99.30,0.385
54.08,99.32,0.385
54.09,99.33,0.385
54.09,99.35,0.385
54.09,99.37,0.385
54.09,99.38,0.385
54.09,99.40,0.385
54.09,99.42,0.385
54.09,99.43,0.385
54.10,99.45,0.385
54.10,99.47,0.385
54.10,99.48,0.385
54.10,99.50,0.385
54.10,99.52,0.385
54.11,99.54,0.385
54.11,99.55,0.385
54.11,99.57,0.385
54.11,99.58,0.385
54.11,99.60,0.385
54.11,99.62,0.385
54.11,99.63,0.385
54.12,99.65,0.385
54.12,99.67,0.385
54.12,99.68,0.385
54.12,99.70,0.385
54.12,99.72,0.385
54.13,99.74,0.385
54.13,99.75,0.385
54.13,99.77,0.385
54.13,99.78,0.385
54.13,99.80,0.385
54.13,99.82,0.385
54.14,99.84,0.385
54.14,99.85,0.385
54.14,99.87,0.385
54.14,99.89,0.385
54.14,99.90,0.385
54.14,99.92,0.385
54.14,99.94,0.385
54.15,99.95,0.385
54.15,99.97,0.385
54.15,99.99,0.385
54.15,100.00,0.385
54.15,100.02,0.385
54.16,100.04,0.385
54.16,100.05,0.385
54.16,100.07,0.385
54.16,100.09,0.385
54.16,100.10,0.385
54.16,100.12,0.385
54.16,100.14,0.385
54.17,100.15,0.385
54.17,100.17,0.385
54.17,100.19,0.385
54.17,100.20,0.385
54.17,100.22,0.385
54.18,100.24,0.385
54.18,100.25,0.385
54.18,100.27,0.385
54.18,100.29,0.385
54.18,100.30,0.385
54.18,100.32,0.385
54.19,100.34,0.385
54.19,100.35,0.385
54.19,100.37,0.385
54.19,100.39,0.385
54.19,100.40,0.385
54.19,100.42,0.385
54.19,100.44,0.385
54.20,100.45,0.385
54.20,100.47,0.385
54.20,100.49,0.385
54.20,100.50,0.386
54.20,100.52,0.386
54.21,100.54,0.386
54.21,100.55,0.386
54.21,100.57,0.386
54.21,100.59,0.386
54.21,100.60,0.386
54.21,100.62,0.386
54.21,100.64,0.386
54.22,100.65,0.386
54.22,100.67,0.386
54.22,100.69,0.386
54.22,100.70,0.386
54.22,100.72,0.386
54.23,100.74,0.386
54.23,100.75,0.386
54.23,100.77,0.386
54.23,100.79,0.386
54.23,100.80,0.386
54.23,100.82,0.386
54.24,100.84,0.386
54.24,100.85,0.386
54.24,100.87,0.386
54.24,100.89,0.386
54.24,100.90,0.386
54.24,100.92,0.386
54.24,100.94,0.386
54.25,100.95,0.386
54.25,100.97,0.386
54.25,100.99,0.386
54.25,101.00,0.386
54.25,101.02,0.386
54.26,101.04,0.386
54.26,101.05,0.386
54.26,101.07,0.386
54.26,101.09,0.386
54.26,101.10,0.386
54.26,101.12,0.386
54.26,101.14,0.386
54.27,101.15,0.386
54.27,101.17,0.386
54.27,101.19,0.386
54.27,101.20,0.386
54.27,101.22,0.386
54.28,101.24,0.386
54.28,101.25,0.386
54.28,101.27,0.386
54.28,101.29,0.386
54.28,101.30,0.386
54.28,101.32,0.386
54.29,101.34,0.386
54.29,101.35,0.386
54.29,101.37,0.386
54.29,101.39,0.386
54.29,101.40,0.386
54.29,101.42,0.386
54.29,101.44,0.386
54.30,101.45,0.386
54.30,101.47,0.386
54.30,101.49,0.386
54.30,101.50,0.386
54.30,101.52,0.386
54.31,101.54,0.386
54.31,101.55,0.386
54.31,101.57,0.386
54.31,101.59,0.386
54.31,101.60,0.386
54.31,101.62,0.386
54.31,101.64,0.386
54.32,101.65,0.386
54.32,101.67,0.386
54.32,101.69,0.386
54.32,101.70,0.387
54.32,101.72,0.387
54.33,101.74,0.387
54.33,101.75,0.387
54.33,101.77,0.387
54.33,101.79,0.387
54.33,101.80,0.387
54.33,101.82,0.387
54.34,101.84,0.387
54.34,101.85,0.387
54.34,101.87,0.387
54.34,101.89,0.387
54.34,101.90,0.387
54.34,101.92,0.387
54.34,101.94,0.387
54.35,101.95,0.387
54.35,101.97,0.387
54.35,101.99,0.387
54.35,102.00,0.387
54.35,102.02,0.387
54.36,102.04,0.387
54.36,102.06,0.387
54.36,102.07,0.387
54.36,102.09,0.387
54.36,102.10,0.387
54.36,102.12,0.387
54.36,102.14,0.387
54.37,102.15,0.387
54.37,102.17,0.387
54.37,102.19,0.387
54.37,102.20,0.387
54.37,102.22,0.387
54.38,102.24,0.387
54.38,102.25,0.387
54.38,102.27,0.387
54.38,102.29,0.387
54.38,102.31,0.387
54.38,102.32,0.387
54.39,102.34,0.387
54.39,102.35,0.387
54.39,102.37,0.387
54.39,102.39,0.387
54.39,102.40,0.387
54.39,102.42,0.387
54.39,102.44,0.387
54.40,102.45,0.387
54.40,102.47,0.387
54.40,102.49,0.387
54.40,102.50,0.387
54.40,102.52,0.387
54.41,102.54,0.387
54.41,102.55,0.387
54.41,102.57,0.387
54.41,102.59,0.387
54.41,102.60,0.387
54.41,102.62,0.387
54.41,102.64,0.387
54.42,102.65,0.387
54.42,102.67,0.387
54.42,102.69,0.387
54.42,102.70,0.387
54.42,102.72,0.387
54.43,102.74,0.387
54.43,102.75,0.387
54.43,102.77,0.387
54.43,102.79,0.387
54.43,102.80,0.387
54.43,102.82,0.387
54.44,102.84,0.387
54.44,102.85,0.387
54.44,102.87,0.387
54.44,102.89,0.387
54.44,102.90,0.387
54.44,102.92,0.387
54.44,102.94,0.387
54.45,102.95,0.387
54.45,102.97,0.387
54.45,102.99,0.387
54.45,103.00,0.387
54.45,103.02,0.387
54.46,103.04,0.387
54.46,103.06,0.387
54.46,103.07,0.387
54.46,103.09,0.387
54.46,103.10,0.387
54.46,103.12,0.388
54.46,103.14,0.388
54.47,103.16,0.388
54.47,103.17,0.388
54.47,103.19,0.388
54.47,103.20,0.388
54.47,103.22,0.388
54.48,103.24,0.388
54.48,103.26,0.388
54.48,103.27,0.388
54.48,103.29,0.388
54.48,103.31,0.388
54.48,103.32,0.388
54.49,103.34,0.388
54.49,103.36,0.388
54.49,103.37,0.388
54.49,103.39,0.388
54.49,103.41,0.388
54.49,103.42,0.388
54.49,103.44,0.388
54.50,103.46,0.388
54.50,103.47,0.388
54.50,103.49,0.388
54.50,103.51,0.388
54.50,103.52,0.388
54.51,103.54,0.388
54.51,103.56,0.388
54.51,103.57,0.388
54.51,103.59,0.388
54.51,103.61,0.388
54.51,103.62,0.388
54.51,103.64,0.388
54.52,103.66,0.388
54.52,103.67,0.388
54.52,103.69,0.388
54.52,103.71,0.388
54.52,103.72,0.388
54.53,103.74,0.388
54.53,103.76,0.388
54.53,103.77,0.388
54.53,103.79,0.388
54.53,103.81,0.388
54.53,103.82,0.388
54.54,103.84,0.388
54.54,103.86,0.388
54.54,103.87,0.388
54.54,103.89,0.388
54.54,103.91,0.388
54.54,103.92,0.388
54.54,103.94,0.388
54.55,103.96,0.388
54.55,103.97,0.388
54.55,103.99,0.388
54.55,104.01,0.388
54.55,104.02,0.388
54.56,104.04,0.388
54.56,104.06,0.388
54.56,104.07,0.388
54.56,104.09,0.388
54.56,104.11,0.388
54.56,104.12,0.388
54.56,104.14,0.388
54.57,104.16,0.388
54.57,104.17,0.388
54.57,104.19,0.388
54.57,104.21,0.388
54.57,104.22,0.388
54.58,104.24,0.388
54.58,104.26,0.388
54.58,104.27,0.388
54.58,104.29,0.388
54.58,104.31,0.388
54.58,104.32,0.388
54.59,104.34,0.388
54.59,104.36,0.388
54.59,104.37,0.388
54.59,104.39,0.388
54.59,104.41,0.388
54.59,104.42,0.388
54.59,104.44,0.388
54.60,104.46,0.388
54.60,104.47,0.388
54.60,104.49,0.388
54.60,104.51,0.388
54.60,104.52,0.389
54.61,104.54,0.389
54.61,104.56,0.389
54.61,104.57,0.389
54.61,104.59,0.389
54.61,104.61,0.389
54.61,104.62,0.389
54.61,104.64,0.389
54.62,104.66,0.389
54.62,104.67,0.389
54.62,104.69,0.389
54.62,104.71,0.389
54.62,104.72,0.389
54.63,104.74,0.389
54.63,104.76,0.389
54.63,104.77,0.389
54.63,104.79,0.389
54.63,104.81,0.389
54.63,104.82,0.389
54.64,104.84,0.389
54.64,104.86,0.389
54.64,104.87,0.389
54.64,104.89,0.389
54.64,104.91,0.389
54.64,104.92,0.389
54.64,104.94,0.389
54.65,104.96,0.389
54.65,104.97,0.389
54.65,104.99,0.389
54.65,105.01,0.389
54.65,105.02,0.389
54.66,105.04,0.389
54.66,105.06,0.389
54.66,105.07,0.389
54.66,105.09,0.389
54.66,105.11,0.389
54.66,105.12,0.389
54.66,105.14,0.389
54.67,105.16,0.389
54.67,105.17,0.389
54.67,105.19,0.389
54.67,105.21,0.389
54.67,105.22,0.389
54.68,105.24,0.389
54.68,105.26,0.389
54.68,105.27,0.389
54.68,105.29,0.389
54.68,105.31,0.389
54.68,105.32,0.389
54.69,105.34,0.389
54.69,105.36,0.389
54.69,105.37,0.389
54.69,105.39,0.389
54.69,105.41,0.389
54.69,105.42,0.389
54.69,105.44,0.389
54.70,105.46,0.389
54.70,105.47,0.389
54.70,105.49,0.389
54.70,105.51,0.389
54.70,105.52,0.389
54.71,105.54,0.389
54.71,105.56,0.389
54.71,105.57,0.389
54.71,105.59,0.389
54.71,105.61,0.389
54.71,105.62,0.389
54.71,105.64,0.389
54.72,105.66,0.389
54.72,105.67,0.389
54.72,105.69,0.389
54.72,105.71,0.389
54.72,105.72,0.389
54.73,105.74,0.389
54.73,105.76,0.389
54.73,105.77,0.389
54.73,105.79,0.389
54.73,105.81,0.389
54.73,105.82,0.389
54.74,105.84,0.389
54.74,105.86,0.389
54.74,105.87,0.390
54.74,105.89,0.390
54.74,105.91,0.390
54.74,105.92,0.390
54.74,105.94,0.390
54.75,105.96,0.390
54.75,105.97,0.390
54.75,105.99,0.390
54.75,106.01,0.390
54.75,106.02,0.390
54.76,106.04,0.390
54.76,106.06,0.390
54.76,106.07,0.390
54.76,106.09,0.390
54.76,106.11,0.390
54.76,106.12,0.390
54.76,106.14,0.390
54.77,106.16,0.390
54.77,106.17,0.390
54.77,106.19,0.390
54.77,106.21,0.390
54.77,106.22,0.390
54.78,106.24,0.390
54.78,106.26,0.390
54.78,106.27,0.390
54.78,106.29,0.390
54.78,106.31,0.390
54.78,106.32,0.390
54.79,106.34,0.390
54.79,106.36,0.390
54.79,106.37,0.390
54.79,106.39,0.390
54.79,106.41,0.390
54.79,106.42,0.390
54.79,106.44,0.390
54.80,106.46,0.390
54.80,106.47,0.390
54.80,106.49,0.390
54.80,106.51,0.390
54.80,106.53,0.390
54.81,106.54,0.390
54.81,106.56,0.390
54.81,106.57,0.390
54.81,106.59,0.390
54.81,106.61,0.390
54.81,106.62,0.390
54.81,106.64,0.390
54.82,106.66,0.390
54.82,106.67,0.390
54.82,106.69,0.390
54.82,106.71,0.390
54.82,106.73,0.390
54.83,106.74,0.390
54.83,106.76,0.390
54.83,106.77,0.390
54.83,106.79,0.390
54.83,106.81,0.390
54.83,106.83,0.390
54.84,106.84,0.390
54.84,106.86,0.390
54.84,106.88,0.390
54.84,106.89,0.390
54.84,106.91,0.390
54.84,106.93,0.390
54.84,106.94,0.390
54.85,106.96,0.390
54.85,106.98,0.390
54.85,106.99,0.390
54.85,107.01,0.390
54.85,107.03,0.390
54.86,107.04,0.390
54.86,107.06,0.390
54.86,107.08,0.390
54.86,107.09,0.390
54.86,107.11,0.390
54.86,107.13,0.390
54.86,107.14,0.390
54.87,107.16,0.391
54.87,107.18,0.391
54.87,107.19,0.391
54.87,107.21,0.391
54.87,107.23,0.391
54.88,107.24,0.392
54.88,107.26,0.394
54.88,107.28,0.401
54.88,107.29,0.409
54.88,107.31,0.417
54.88,107.32,0.423
54.89,107.34,0.430
54.89,107.36,0.436
54.89,107.37,0.439
54.89,107.39,0.440
54.89,107.40,0.438
54.89,107.42,0.434
54.89,107.44,0.428
54.90,107.45,0.422
54.90,107.47,0.418
54.90,107.49,0.415
54.90,107.50,0.413
54.90,107.52,0.413
54.91,107.54,0.412
54.91,107.55,0.412
54.91,107.57,0.411
54.91,107.59,0.410
54.91,107.60,0.409
54.91,107.62,0.409
54.91,107.63,0.408
54.92,107.65,0.407
54.92,107.67,0.407
54.92,107.69,0.406
54.92,107.70,0.406
54.92,107.72,0.405
54.93,107.74,0.405
54.93,107.75,0.404
54.93,107.77,0.404
54.93,107.79,0.403
54.93,107.80,0.403
54.93,107.82,0.403
54.94,107.84,0.403
54.94,107.85,0.403
54.94,107.87,0.402
54.94,107.89,0.402
54.94,107.90,0.402
54.94,107.92,0.402
54.94,107.94,0.402
54.95,107.95,0.402
54.95,107.97,0.402
54.95,107.99,0.402
54.95,108.00,0.402
54.95,108.02,0.402
54.96,108.04,0.401
54.96,108.05,0.401
54.96,108.07,0.401
54.96,108.09,0.401
54.96,108.10,0.401
54.96,108.12,0.401
54.96,108.14,0.402
54.97,108.15,0.409
54.97,108.17,0.420
54.97,108.19,0.429
54.97,108.20,0.440
54.97,108.22,0.450
54.98,108.23,0.459
54.98,108.25,0.466
54.98,108.26,0.470
54.98,108.28,0.471
54.98,108.29,0.468
54.98,108.31,0.462
54.99,108.33,0.454
54.99,108.34,0.447
54.99,108.36,0.440
54.99,108.38,0.435
54.99,108.39,0.432
54.99,108.41,0.431
54.99,108.43,0.430
55.00,108.44,0.428
55.00,108.46,0.426
55.00,108.48,0.425
55.00,108.49,0.423
55.00,108.51,0.421
55.01,108.53,0.420
55.01,108.54,0.419
55.01,108.56,0.418
55.01,108.58,0.417
55.01,108.60,0.417
55.01,108.61,0.417
55.01,108.63,0.416
55.02,108.65,0.416
55.02,108.66,0.416
55.02,108.68,0.415
55.02,108.70,0.415
55.02,108.71,0.415
55.03,108.73,0.415
55.03,108.75,0.415
55.03,108.76,0.415
55.03,108.78,0.414
55.03,108.80,0.414
55.03,108.81,0.414
55.04,108.83,0.414
55.04,108.85,0.414
55.04,108.86,0.414
55.04,108.88,0.414
55.04,108.90,0.414
55.04,108.91,0.414
55.04,108.93,0.414
55.05,108.95,0.413
55.05,108.96,0.413
55.05,108.98,0.413
55.05,109.00,0.413
55.05,109.01,0.413
55.06,109.03,0.413
55.06,109.05,0.413
55.06,109.07,0.412
55.06,109.08,0.412
55.06,109.10,0.412
55.06,109.11,0.412
55.06,109.13,0.412
55.07,109.15,0.412
55.07,109.17,0.412
55.07,109.18,0.412
55.07,109.20,0.412
55.07,109.22,0.412
55.08,109.23,0.412
55.08,109.25,0.412
55.08,109.27,0.412
55.08,109.28,0.412
55.08,109.30,0.411
55.08,109.32,0.411
55.09,109.33,0.411
55.09,109.35,0.411
55.09,109.37,0.411
55.09,109.38,0.411
55.09,109.40,0.411
55.09,109.42,0.411
55.09,109.43,0.411
55.10,109.45,0.411
55.10,109.47,0.411
55.10,109.48,0.411
55.10,109.50,0.411
55.10,109.52,0.411
55.11,109.53,0.411
55.11,109.55,0.411
55.11,109.57,0.411
55.11,109.58,0.411
55.11,109.60,0.411
55.11,109.62,0.411
55.11,109.63,0.411
55.12,109.65,0.411
55.12,109.67,0.411
55.12,109.68,0.411
55.12,109.70,0.411
55.12,109.72,0.411
55.13,109.74,0.411
55.13,109.75,0.411
55.13,109.77,0.411
55.13,109.79,0.411
55.13,109.80,0.410
55.13,109.82,0.410
55.14,109.84,0.410
55.14,109.85,0.410
55.14,109.87,0.410
55.14,109.89,0.410
55.14,109.90,0.410
55.14,109.92,0.410
55.14,109.94,0.410
55.15,109.95,0.410
55.15,109.97,0.410
55.15,109.99,0.410
55.15,110.00,0.410
55.15,110.02,0.410
55.16,110.04,0.410
55.16,110.05,0.410
55.16,110.07,0.410
55.16,110.09,0.410
55.16,110.10,0.410
55.16,110.12,0.410
55.16,110.14,0.410
55.17,110.15,0.410
55.17,110.17,0.410
55.17,110.19,0.410
55.17,110.20,0.410
55.17,110.22,0.410
55.18,110.24,0.410
55.18,110.25,0.410
55.18,110.27,0.410
55.18,110.29,0.410
55.18,110.30,0.410
55.18,110.32,0.410
55.19,110.34,0.410
55.19,110.35,0.410
55.19,110.37,0.410
55.19,110.39,0.410
55.19,110.40,0.410
55.19,110.42,0.410
55.19,110.44,0.410
55.20,110.45,0.410
55.20,110.47,0.410
55.20,110.49,0.409
55.20,110.50,0.409
55.20,110.52,0.409
55.21,110.54,0.409
55.21,110.55,0.409
55.21,110.57,0.409
55.21,110.59,0.409
55.21,110.60,0.409
55.21,110.62,0.409
55.21,110.64,0.409
55.22,110.65,0.409
55.22,110.67,0.409
55.22,110.69,0.409
55.22,110.70,0.409
55.22,110.72,0.409
55.23,110.74,0.409
55.23,110.75,0.409
55.23,110.77,0.409
55.23,110.79,0.409
55.23,110.80,0.409
55.23,110.82,0.409
55.24,110.84,0.409
55.24,110.85,0.409
55.24,110.87,0.409
55.24,110.89,0.409
55.24,110.90,0.409
55.24,110.92,0.409
55.24,110.94,0.409
55.25,110.95,0.409
55.25,110.97,0.409
55.25,110.99,0.409
55.25,111.00,0.409
55.25,111.02,0.409
55.26,111.04,0.409
55.26,111.05,0.409
55.26,111.07,0.409
55.26,111.09,0.409
55.26,111.10,0.409
55.26,111.12,0.409
55.26,111.14,0.409
55.27,111.15,0.409
55.27,111.17,0.409
55.27,111.19,0.409
55.27,111.20,0.409
55.27,111.22,0.409
55.28,111.24,0.409
55.28,111.25,0.409
55.28,111.27,0.409
55.28,111.29,0.409
55.28,111.30,0.409
55.28,111.32,0.409
55.29,111.34,0.409
55.29,111.35,0.409
55.29,111.37,0.409
55.29,111.39,0.409
55.29,111.40,0.409
55.29,111.42,0.409
55.29,111.44,0.409
55.30,111.45,0.409
55.30,111.47,0.409
55.30,111.49,0.409
55.30,111.50,0.409
55.30,111.52,0.409
55.31,111.54,0.409
55.31,111.55,0.409
55.31,111.57,0.409
55.31,111.59,0.409
55.31,111.61,0.409
55.31,111.62,0.409
55.31,111.64,0.409
55.32,111.65,0.409
55.32,111.67,0.409
55.32,111.69,0.409
55.32,111.70,0.409
55.32,111.72,0.409
55.33,111.74,0.409
55.33,111.75,0.408
55.33,111.77,0.408
55.33,111.79,0.408
55.33,111.80,0.408
55.33,111.82,0.408
55.34,111.84,0.408
55.34,111.86,0.408
55.34,111.87,0.408
55.34,111.89,0.408
55.34,111.91,0.408
55.34,111.92,0.408
55.34,111.94,0.408
55.35,111.95,0.408
55.35,111.97,0.408
55.35,111.99,0.408
55.35,112.01,0.408
55.35,112.02,0.408
55.36,112.04,0.408
55.36,112.05,0.408
55.36,112.07,0.408
55.36,112.09,0.408
55.36,112.11,0.408
55.36,112.12,0.408
55.36,112.14,0.408
55.37,112.16,0.408
55.37,112.17,0.408
55.37,112.19,0.408
55.37,112.21,0.408
55.37,112.22,0.408
55.38,112.24,0.408
55.38,112.26,0.408
55.38,112.27,0.408
55.38,112.29,0.408
55.38,112.31,0.408
55.38,112.32,0.408
55.39,112.34,0.408
55.39,112.36,0.408
55.39,112.37,0.408
55.39,112.39,0.408
55.39,112.41,0.408
55.39,112.42,0.408
55.39,112.44,0.408
55.40,112.46,0.408
55.40,112.47,0.408
55.40,112.49,0.408
55.40,112.51,0.408
55.40,112.52,0.408
55.41,112.54,0.408
55.41,112.56,0.408
55.41,112.57,0.408
55.41,112.59,0.408
55.41,112.61,0.408
55.41,112.62,0.408
55.41,112.64,0.408
55.42,112.66,0.408
55.42,112.67,0.408
55.42,112.69,0.408
55.42,112.71,0.408
55.42,112.72,0.408
55.43,112.74,0.408
55.43,112.76,0.408
55.43,112.77,0.408
55.43,112.79,0.408
55.43,112.81,0.408
55.43,112.82,0.408
55.44,112.84,0.408
55.44,112.86,0.408
55.44,112.87,0.408
55.44,112.89,0.408
55.44,112.91,0.408
55.44,112.92,0.408
55.44,112.94,0.408
55.45,112.96,0.408
55.45,112.97,0.408
55.45,112.99,0.408
55.45,113.01,0.408
55.45,113.02,0.408
55.46,113.04,0.408
55.46,113.06,0.408
55.46,113.07,0.408
55.46,113.09,0.408
55.46,113.11,0.408
55.46,113.12,0.408
55.46,113.14,0.408
55.47,113.16,0.408
55.47,113.17,0.408
55.47,113.19,0.408
55.47,113.21,0.408
55.47,113.22,0.408
55.48,113.24,0.408
55.48,113.26,0.408
55.48,113.27,0.408
55.48,113.29,0.408
55.48,113.31,0.408
55.48,113.32,0.408
55.49,113.34,0.408
55.49,113.36,0.408
55.49,113.37,0.408
55.49,113.39,0.408
55.49,113.41,0.408
55.49,113.42,0.408
55.49,113.44,0.408
55.50,113.46,0.408
55.50,113.47,0.408
55.50,113.49,0.408
55.50,113.51,0.408
55.50,113.52,0.408
55.51,113.54,0.408
55.51,113.56,0.408
55.51,113.57,0.408
55.51,113.59,0.408
55.51,113.61,0.408
55.51,113.62,0.408
55.51,113.64,0.408
55.52,113.66,0.408
55.52,113.67,0.408
55.52,113.69,0.408
55.52,113.71,0.408
55.52,113.72,0.408
55.53,113.74,0.408
55.53,113.76,0.408
55.53,113.77,0.408
55.53,113.79,0.408
55.53,113.81,0.408
55.53,113.82,0.408
55.54,113.84,0.408
55.54,113.86,0.408
55.54,113.87,0.408
55.54,113.89,0.408
55.54,113.91,0.408
55.54,113.92,0.408
55.54,113.94,0.408
55.55,113.96,0.408
55.55,113.97,0.408
55.55,113.99,0.408
55.55,114.01,0.408
55.55,114.02,0.408
55.56,114.04,0.408
55.56,114.06,0.408
55.56,114.07,0.408
55.56,114.09,0.408
55.56,114.11,0.408
55.56,114.12,0.408
55.56,114.14,0.408
55.57,114.16,0.408
55.57,114.17,0.408
55.57,114.19,0.408
55.57,114.21,0.408
55.57,114.22,0.408
55.58,114.24,0.408
55.58,114.26,0.408
55.58,114.27,0.408
55.58,114.29,0.408
55.58,114.31,0.408
55.58,114.32,0.408
55.59,114.34,0.408
55.59,114.36,0.408
55.59,114.37,0.408
55.59,114.39,0.408
55.59,114.41,0.408
55.59,114.42,0.408
55.59,114.44,0.408
55.60,114.46,0.408
55.60,114.47,0.408
55.60,114.49,0.408
55.60,114.51,0.408
55.60,114.52,0.408
55.61,114.54,0.408
55.61,114.56,0.408
55.61,114.57,0.408
55.61,114.59,0.408
55.61,114.61,0.408
55.61,114.62,0.408
55.61,114.64,0.408
55.62,114.66,0.408
55.62,114.67,0.408
55.62,114.69,0.408
55.62,114.71,0.408
55.62,114.72,0.408
55.63,114.74,0.408
55.63,114.76,0.408
55.63,114.78,0.408
55.63,114.79,0.408
55.63,114.81,0.408
55.63,114.83,0.408
55.64,114.84,0.408
55.64,114.86,0.408
55.64,114.88,0.408
55.64,114.89,0.408
55.64,114.91,0.408
55.64,114.92,0.408
55.64,114.94,0.408
55.65,114.96,0.408
55.65,114.98,0.408
55.65,114.99,0.408
55.65,115.01,0.408
55.65,115.02,0.408
55.66,115.04,0.408
55.66,115.06,0.408
55.66,115.07,0.408
55.66,115.09,0.408
55.66,115.11,0.408
55.66,115.12,0.408
55.66,115.14,0.408
55.67,115.16,0.408
55.67,115.18,0.408
55.67,115.19,0.408
55.67,115.21,0.408
55.67,115.23,0.408
55.68,115.24,0.408
55.68,115.26,0.408
55.68,115.27,0.408
55.68,115.29,0.408
55.68,115.31,0.408
55.68,115.32,0.408
55.69,115.34,0.409
55.69,115.36,0.409
55.69,115.38,0.409
55.69,115.39,0.409
55.69,115.41,0.409
55.69,115.43,0.409
55.69,115.44,0.409
55.70,115.46,0.409
55.70,115.48,0.409
55.70,115.49,0.409
55.70,115.51,0.409
55.70,115.53,0.409
55.71,115.54,0.409
55.71,115.56,0.409
55.71,115.58,0.409
55.71,115.59,0.409
55.71,115.61,0.409
55.71,115.63,0.409
55.71,115.64,0.409
55.72,115.66,0.409
55.72,115.68,0.409
55.72,115.69,0.409
55.72,115.71,0.409
55.72,115.73,0.409
55.73,115.74,0.409
55.73,115.76,0.409
55.73,115.78,0.409
55.73,115.79,0.409
55.73,115.81,0.409
55.73,115.83,0.409
55.74,115.84,0.409
55.74,115.86,0.409
55.74,115.88,0.409
55.74,115.89,0.409
55.74,115.91,0.409
55.74,115.93,0.409
55.74,115.94,0.409
55.75,115.96,0.409
55.75,115.98,0.409
55.75,115.99,0.409
55.75,116.01,0.409
55.75,116.03,0.409
55.76,116.04,0.409
55.76,116.06,0.409
55.76,116.08,0.409
55.76,116.09,0.409
55.76,116.11,0.409
55.76,116.13,0.409
55.76,116.14,0.409
55.77,116.16,0.409
55.77,116.18,0.409
55.77,116.19,0.409
55.77,116.21,0.409
55.77,116.23,0.409
55.78,116.24,0.409
55.78,116.26,0.409
55.78,116.28,0.409
55.78,116.29,0.409
55.78,116.31,0.409
55.78,116.33,0.409
55.79,116.34,0.409
55.79,116.36,0.409
55.79,116.38,0.409
55.79,116.39,0.409
55.79,116.41,0.409
55.79,116.43,0.409
55.79,116.44,0.409
55.80,116.46,0.409
55.80,116.48,0.409
55.80,116.49,0.409
55.80,116.51,0.409
55.80,116.53,0.409
55.81,116.54,0.409
55.81,116.56,0.409
55.81,116.58,0.409
55.81,116.59,0.409
55.81,116.61,0.409
55.81,116.63,0.409
55.81,116.64,0.409
55.82,116.66,0.409
55.82,116.68,0.409
55.82,116.69,0.409
55.82,116.71,0.409
55.82,116.73,0.409
55.83,116.74,0.409
55.83,116.76,0.409
55.83,116.78,0.409
55.83,116.79,0.409
55.83,116.81,0.409
55.83,116.83,0.409
55.84,116.84,0.409
55.84,116.86,0.409
55.84,116.88,0.409
55.84,116.89,0.409
55.84,116.91,0.409
55.84,116.93,0.409
55.84,116.94,0.409
55.85,116.96,0.409
55.85,116.98,0.409
55.85,116.99,0.409
55.85,117.01,0.409
55.85,117.03,0.409
55.86,117.04,0.409
55.86,117.06,0.409
55.86,117.08,0.409
55.86,117.09,0.409
55.86,117.11,0.409
55.86,117.13,0.409
55.86,117.14,0.410
55.87,117.16,0.410
55.87,117.18,0.410
55.87,117.19,0.410
55.87,117.21,0.410
55.87,117.23,0.410
55.88,117.24,0.410
55.88,117.26,0.410
55.88,117.28,0.410
55.88,117.29,0.410
55.88,117.31,0.410
55.88,117.33,0.410
55.89,117.34,0.410
55.89,117.36,0.410
55.89,117.38,0.410
55.89,117.39,0.410
55.89,117.41,0.410
55.89,117.43,0.410
55.89,117.44,0.410
55.90,117.46,0.410
55.90,117.48,0.410
55.90,117.49,0.410
55.90,117.51,0.410
55.90,117.53,0.410
55.91,117.54,0.410
55.91,117.56,0.410
55.91,117.58,0.410
55.91,117.59,0.410
55.91,117.61,0.410
55.91,117.63,0.410
55.91,117.64,0.410
55.92,117.66,0.410
55.92,117.68,0.410
55.92,117.69,0.410
55.92,117.71,0.410
55.92,117.73,0.410
55.93,117.74,0.410
55.93,117.76,0.410
55.93,117.78,0.410
55.93,117.79,0.410
55.93,117.81,0.410
55.93,117.83,0.410
55.94,117.84,
55.94,117.86,
55.94,117.88,
55.94,117.89,
55.94,117.91,
55.94,117.93,
55.94,117.94,
55.95,117.96,
55.95,117.98,
55.95,117.99,
55.95,118.01,
55.95,118.03,
55.96,118.04,
55.96,118.06,
55.96,118.08,
55.96,118.09,
55.96,118.11,
55.96,118.13,
55.96,118.14,
55.97,118.16,
55.97,118.18,
55.97,118.19,
55.97,118.21,
55.97,118.23,
55.98,118.24,
55.98,118.26,
55.98,118.28,
55.98,118.29,
55.98,118.31,
55.98,118.33,
55.99,,
55.99,,
55.99,,
55.99,,
55.99,,

