DATATYPE	 IR Spectrum
XYUNITS	 Wavenumber;Absorbance
DECIMALSYMBOL	 .
649.954535365105000	 0.086185432921689
650.187493979931000	 0.085295941046358
650.420452594757000	 0.084280345684338
650.653411209583000	 0.083333506001455
650.886369824409000	 0.082570846947097
651.119328439236000	 0.081994692604155
651.352287054062000	 0.081522733289562
651.585245668888000	 0.081058964808775
651.818204283714000	 0.080563698706010
652.051162898541000	 0.080079547242647
652.284121513367000	 0.079700219460855
652.517080128193000	 0.079505807140290
652.750038743019000	 0.079505393825462
652.982997357845000	 0.079620867162523
653.215955972672000	 0.079723406096354
653.448914587498000	 0.079704027009494
653.681873202324000	 0.079535687451094
653.914831817150000	 0.079287111684721
654.147790431976000	 0.079080181195187
654.380749046803000	 0.079017997805444
654.613707661629000	 0.079124761541354
654.846666276455000	 0.079329735339718
655.079624891281000	 0.079504958479216
655.312583506107000	 0.079537154274277
655.545542120934000	 0.079391608429108
655.778500735760000	 0.079128889343368
656.011459350586000	 0.078866006641607
656.244417965412000	 0.078707642627750
656.477376580238000	 0.078686917301981
656.710335195065000	 0.078746937186234
656.943293809891000	 0.078772895022472
657.176252424717000	 0.078657136013367
657.409211039543000	 0.078358835601136
657.642169654369000	 0.077922658616325
657.875128269196000	 0.077448106234016
658.108086884022000	 0.077031583462343
658.341045498848000	 0.076715684135275
658.574004113674000	 0.076472802893928
658.806962728500000	 0.076230903471888
659.039921343327000	 0.075925693426104
659.272879958153000	 0.075546713854643
659.505838572979000	 0.075148192112997
659.738797187805000	 0.074818736377542
659.971755802631000	 0.074629366039793
660.204714417458000	 0.074590302946885
660.437673032284000	 0.074640963817995
660.670631647110000	 0.074679861695792
660.903590261936000	 0.074618351750871
661.136548876762000	 0.074426344637196
661.369507491589000	 0.074142395841285
661.602466106415000	 0.073843662841430
661.835424721241000	 0.073595491171694
662.068383336067000	 0.073410340095451
662.301341950893000	 0.073239359942600
662.534300565720000	 0.073002164191536
662.767259180546000	 0.072638202590441
663.000217795372000	 0.072148682200222
663.233176410198000	 0.071603087662744
663.466135025024000	 0.071106584656191
663.699093639851000	 0.070747218443940
663.932052254677000	 0.070551177446287
664.165010869503000	 0.070469076292777
664.397969484329000	 0.070400514064726
664.630928099155000	 0.070243867693361
664.863886713982000	 0.069943755348869
665.096845328808000	 0.069510725200253
665.329803943634000	 0.069005840792704
665.562762558460000	 0.068503473623964
665.795721173286000	 0.068055630718112
666.028679788113000	 0.067677145496744
666.261638402939000	 0.067357597410804
666.494597017765000	 0.067091142083824
666.727555632591000	 0.066907456549982
666.960514247417000	 0.066887100945181
667.193472862244000	 0.067145545412914
667.426431477070000	 0.067767418134529
667.659390091896000	 0.068688880339891
667.892348706722000	 0.069610707509725
668.125307321548000	 0.070112961759610
668.358265936375000	 0.069959032496402
668.591224551201000	 0.069252676062168
668.824183166027000	 0.068291493052799
669.057141780853000	 0.067351484899919
669.290100395679000	 0.066587515969498
669.523059010506000	 0.066030823288930
669.756017625332000	 0.065622565081899
669.988976240158000	 0.065258444636204
670.221934854984000	 0.064838101470250
670.454893469810000	 0.064307932086760
670.687852084637000	 0.063680006989895
670.920810699463000	 0.063018338687287
671.153769314289000	 0.062401800843931
671.386727929115000	 0.061884578753092
671.619686543942000	 0.061473496383108
671.852645158768000	 0.061131651974657
672.085603773594000	 0.060804684391334
672.318562388420000	 0.060453738703235
672.551521003246000	 0.060075224048857
672.784479618072000	 0.059696753224524
673.017438232899000	 0.059354603421522
673.250396847725000	 0.059068306794455
673.483355462551000	 0.058827578137184
673.716314077377000	 0.058598782067731
673.949272692204000	 0.058346795899641
674.182231307030000	 0.058058296159011
674.415189921856000	 0.057750989210288
674.648148536682000	 0.057462712405949
674.881107151508000	 0.057227609447937
675.114065766335000	 0.057053933896293
675.347024381161000	 0.056916441855087
675.579982995987000	 0.056768457610374
675.812941610813000	 0.056567841975047
676.045900225639000	 0.056302053217706
676.278858840466000	 0.055997089099720
676.511817455292000	 0.055705258644126
676.744776070118000	 0.055479806160895
676.977734684944000	 0.055350866582543
677.210693299770000	 0.055314877898716
677.443651914597000	 0.055341843621166
677.676610529423000	 0.055395268779693
677.909569144249000	 0.055452129685792
678.142527759075000	 0.055510148003294
678.375486373901000	 0.055578409286872
678.608444988728000	 0.055658826132876
678.841403603554000	 0.055731862015078
679.074362218380000	 0.055757343754641
679.307320833206000	 0.055692189974149
679.540279448032000	 0.055515761155908
679.773238062859000	 0.055246799048934
680.006196677685000	 0.054939717043225
680.239155292511000	 0.054660946677720
680.472113907337000	 0.054458397934125
680.705072522163000	 0.054340527730199
680.938031136990000	 0.054275885285193
681.170989751816000	 0.054213483943551
681.403948366642000	 0.054113071364750
681.636906981468000	 0.053967750438770
681.869865596294000	 0.053805165373611
682.102824211121000	 0.053666771690625
682.335782825947000	 0.053578308311324
682.568741440773000	 0.053529541624731
682.801700055599000	 0.053476129068565
683.034658670426000	 0.053364489227201
683.267617285252000	 0.053166836152530
683.500575900078000	 0.052905419477514
683.733534514904000	 0.052649611537469
683.966493129730000	 0.052485296137067
684.199451744556000	 0.052471955159184
684.432410359383000	 0.052609158327269
684.665368974209000	 0.052829756123210
684.898327589035000	 0.053025193091862
685.131286203861000	 0.053092460884180
685.364244818687000	 0.052979200349158
685.597203433514000	 0.052703233584831
685.830162048340000	 0.052337754573345
686.063120663166000	 0.051972812747190
686.296079277992000	 0.051674405934159
686.529037892818000	 0.051460817907058
686.761996507645000	 0.051305830318040
686.994955122471000	 0.051164831421849
687.227913737297000	 0.051007874041061
687.460872352123000	 0.050840405904982
687.693830966949000	 0.050700822020457
687.926789581776000	 0.050638203986614
688.159748196602000	 0.050683926254260
688.392706811428000	 0.050832578947632
688.625665426254000	 0.051041920395421
688.858624041080000	 0.051251184027363
689.091582655907000	 0.051406580185285
689.324541270733000	 0.051478957937807
689.557499885559000	 0.051464900996519
689.790458500385000	 0.051374311793309
690.023417115211000	 0.051215843363324
690.256375730038000	 0.050991428885412
690.489334344864000	 0.050703874816483
690.722292959690000	 0.050371728448214
690.955251574516000	 0.050039424285202
691.188210189343000	 0.049772628257891
691.421168804169000	 0.049637713181995
691.654127418995000	 0.049674045644206
691.887086033821000	 0.049872543684469
692.120044648647000	 0.050172380207313
692.353003263474000	 0.050480449439992
692.585961878300000	 0.050706856915828
692.818920493126000	 0.050799507027630
693.051879107952000	 0.050759902616752
693.284837722778000	 0.050633020388112
693.517796337605000	 0.050478888042081
693.750754952431000	 0.050342072266282
693.983713567257000	 0.050234282576276
694.216672182083000	 0.050137414184740
694.449630796909000	 0.050023507476835
694.682589411736000	 0.049878870911050
694.915548026562000	 0.049717542884811
695.148506641388000	 0.049576428252999
695.381465256214000	 0.049495833460017
695.614423871040000	 0.049497038129980
695.847382485867000	 0.049569322543624
696.080341100693000	 0.049673464483108
696.313299715519000	 0.049759800748308
696.546258330345000	 0.049790616748739
696.779216945171000	 0.049754214115200
697.012175559998000	 0.049663830123417
697.245134174824000	 0.049544433556780
697.478092789650000	 0.049417169671624
697.711051404476000	 0.049291189538095
697.944010019302000	 0.049166915551687
698.176968634128000	 0.049047024842975
698.409927248955000	 0.048946006724665
698.642885863781000	 0.048889801642804
698.875844478607000	 0.048903703825828
699.108803093433000	 0.048994817079605
699.341761708260000	 0.049139688935029
699.574720323086000	 0.049286173003800
699.807678937912000	 0.049371742299343
700.040637552738000	 0.049351002416433
700.273596167564000	 0.049218216057521
700.506554782391000	 0.049011939398214
700.739513397217000	 0.048798724946475
700.972472012043000	 0.048644448735078
701.205430626869000	 0.048587636157846
701.438389241695000	 0.048627161327162
701.671347856522000	 0.048729238673919
701.904306471348000	 0.048848988654345
702.137265086174000	 0.048954144567600
702.370223701000000	 0.049037506570419
702.603182315826000	 0.049112081777287
702.836140930653000	 0.049193748067159
703.069099545479000	 0.049283487549860
703.302058160305000	 0.049360919872385
703.535016775131000	 0.049393880065561
703.767975389957000	 0.049358828555777
704.000934004784000	 0.049259439600741
704.233892619610000	 0.049130972490902
704.466851234436000	 0.049026426565003
704.699809849262000	 0.048991337371770
704.932768464088000	 0.049040562561897
705.165727078915000	 0.049149673745575
705.398685693741000	 0.049266519448297
705.631644308567000	 0.049337968517600
705.864602923393000	 0.049337816067165
706.097561538219000	 0.049280421886276
706.330520153046000	 0.049212717131351
706.563478767872000	 0.049189411769849
706.796437382698000	 0.049244770385651
707.029395997524000	 0.049375362445383
707.262354612350000	 0.049542382336196
707.495313227177000	 0.049692107778043
707.728271842003000	 0.049783247318779
707.961230456829000	 0.049806184545780
708.194189071655000	 0.049784420197779
708.427147686482000	 0.049759165397835
708.660106301308000	 0.049766864365881
708.893064916134000	 0.049821944457169
709.126023530960000	 0.049913266909936
709.358982145786000	 0.050014941044562
709.591940760612000	 0.050104126001193
709.824899375439000	 0.050174799963897
710.057857990265000	 0.050239726830786
710.290816605091000	 0.050320594435290
710.523775219917000	 0.050433190793411
710.756733834744000	 0.050576721719908
710.989692449570000	 0.050733425268189
711.222651064396000	 0.050878314303137
711.455609679222000	 0.050992637870647
711.688568294048000	 0.051072518260533
711.921526908875000	 0.051127805838903
712.154485523701000	 0.051172796556254
712.387444138527000	 0.051215415416827
712.620402753353000	 0.051251988434144
712.853361368179000	 0.051270971906710
713.086319983006000	 0.051263167653396
713.319278597832000	 0.051231453610383
713.552237212658000	 0.051193085367322
713.785195827484000	 0.051172440203119
714.018154442310000	 0.051188304442729
714.251113057137000	 0.051243352010844
714.484071671963000	 0.051322513339976
714.717030286789000	 0.051402107977334
714.949988901615000	 0.051465147876893
715.182947516441000	 0.051513760472879
715.415906131268000	 0.051570678799151
715.648864746094000	 0.051668131620543
715.881823360920000	 0.051829976135035
716.114781975746000	 0.052056853683797
716.347740590572000	 0.052322797402614
716.580699205399000	 0.052586003463327
716.813657820225000	 0.052808755243654
717.046616435051000	 0.052975701093223
717.279575049877000	 0.053100033184238
717.512533664703000	 0.053214129483410
717.745492279530000	 0.053350248967388
717.978450894356000	 0.053522128546711
718.211409509182000	 0.053717438295561
718.444368124008000	 0.053905121403331
718.677326738834000	 0.054053483273122
718.910285353661000	 0.054148576550044
719.143243968487000	 0.054202113301114
719.376202583313000	 0.054244521265382
719.609161198139000	 0.054307559743485
719.842119812965000	 0.054406533667888
720.075078427792000	 0.054532035927373
720.308037042618000	 0.054655972694932
720.540995657444000	 0.054748687628573
720.773954272270000	 0.054797207714591
721.006912887096000	 0.054813637523992
721.239871501923000	 0.054828912595856
721.472830116749000	 0.054876155633813
721.705788731575000	 0.054973510013159
721.938747346401000	 0.055115822956668
722.171705961227000	 0.055279296324167
722.404664576054000	 0.055436150560766
722.637623190880000	 0.055570771469664
722.870581805706000	 0.055687941884975
723.103540420532000	 0.055808564074499
723.336499035358000	 0.055955799430566
723.569457650185000	 0.056139968376358
723.802416265011000	 0.056350936448479
724.035374879837000	 0.056562320294668
724.268333494663000	 0.056745096599706
724.501292109489000	 0.056882679559095
724.734250724316000	 0.056978707394961
724.967209339142000	 0.057053437898952
725.200167953968000	 0.057131668990665
725.433126568794000	 0.057229846794999
725.666085183620000	 0.057349952141376
725.899043798447000	 0.057483407048013
726.132002413273000	 0.057622146786053
726.364961028099000	 0.057769560037173
726.597919642925000	 0.057944040627793
726.830878257751000	 0.058172559278972
727.063836872578000	 0.058477854598091
727.296795487404000	 0.058866639194251
727.529754102230000	 0.059325653016842
727.762712717056000	 0.059827981162933
727.995671331882000	 0.060346028601403
728.228629946709000	 0.060863270264272
728.461588561535000	 0.061377374249031
728.694547176361000	 0.061892650865702
728.927505791187000	 0.062406572779925
729.160464406013000	 0.062899008751331
729.393423020840000	 0.063331628319883
729.626381635666000	 0.063659301346075
729.859340250492000	 0.063848075433275
730.092298865318000	 0.063889721080485
730.325257480145000	 0.063804312677555
730.558216094971000	 0.063629288073025
730.791174709797000	 0.063401191567935
731.024133324623000	 0.063139986807434
731.257091939449000	 0.062843897255604
731.490050554276000	 0.062496812256445
731.723009169102000	 0.062083477301551
731.955967783928000	 0.061603547045137
732.188926398754000	 0.061076696057791
732.421885013580000	 0.060536693820152
732.654843628407000	 0.060018747105902
732.887802243233000	 0.059547544120343
733.120760858059000	 0.059132119111573
733.353719472885000	 0.058769271922163
733.586678087711000	 0.058452278813306
733.819636702538000	 0.058178685940911
734.052595317364000	 0.057951934426519
734.285553932190000	 0.057775924746086
734.518512547016000	 0.057646482322443
734.751471161842000	 0.057545921198023
734.984429776669000	 0.057445285620990
735.217388391495000	 0.057314288076108
735.450347006321000	 0.057133911256615
735.683305621147000	 0.056904287693923
735.916264235973000	 0.056642838494968
736.149222850800000	 0.056373508172117
736.382181465626000	 0.056113350033380
736.615140080452000	 0.055864293916889
736.848098695278000	 0.055615011618105
737.081057310104000	 0.055352062903664
737.314015924931000	 0.055073861958965
737.546974539757000	 0.054798744832679
737.779933154583000	 0.054561421793009
738.012891769409000	 0.054398800119755
738.245850384235000	 0.054332321531937
738.478808999062000	 0.054356063728355
738.711767613888000	 0.054437207849489
738.944726228714000	 0.054529468618123
739.177684843540000	 0.054593268514268
739.410643458366000	 0.054612353031729
739.643602073193000	 0.054598184246880
739.876560688019000	 0.054580315099413
740.109519302845000	 0.054588647010743
740.342477917671000	 0.054637330192708
740.575436532497000	 0.054718488383132
740.808395147324000	 0.054808346089192
741.041353762150000	 0.054881561683699
741.274312376976000	 0.054925106953674
741.507270991802000	 0.054943694201701
741.740229606629000	 0.054954331566821
741.973188221455000	 0.054974363950853
742.206146836281000	 0.055010991590906
742.439105451107000	 0.055058937509348
742.672064065933000	 0.055107779295003
742.905022680759000	 0.055154340715187
743.137981295586000	 0.055211968445725
743.370939910412000	 0.055309972610395
743.603898525238000	 0.055482323482302
743.836857140064000	 0.055751151870047
744.069815754890000	 0.056113839693954
744.302774369717000	 0.056541014852892
744.535732984543000	 0.056987425609716
744.768691599369000	 0.057410834530029
745.001650214195000	 0.057789295627621
745.234608829021000	 0.058127733469535
745.467567443848000	 0.058450756857961
745.700526058674000	 0.058786272626555
745.933484673500000	 0.059148983703043
746.166443288326000	 0.059532143362229
746.399401903152000	 0.059910972974165
746.632360517979000	 0.060254650304001
746.865319132805000	 0.060539167050887
747.098277747631000	 0.060753452506030
747.331236362457000	 0.060896036176286
747.564194977283000	 0.060965889943814
747.797153592110000	 0.060954745390323
748.030112206936000	 0.060847043882574
748.263070821762000	 0.060628650735711
748.496029436588000	 0.060299551839514
748.728988051414000	 0.059882619783088
748.961946666241000	 0.059422405635527
749.194905281067000	 0.058973621651437
749.427863895893000	 0.058584672365851
749.660822510719000	 0.058283888614906
749.893781125546000	 0.058074309203756
750.126739740372000	 0.057938356326749
750.359698355198000	 0.057848797499353
750.592656970024000	 0.057779442568777
750.825615584850000	 0.057709913848969
751.058574199677000	 0.057623186981377
751.291532814503000	 0.057499597142797
751.524491429329000	 0.057313354238470
751.757450044155000	 0.057035884341436
751.990408658981000	 0.056645580106671
752.223367273808000	 0.056138671364681
752.456325888634000	 0.055534205188022
752.689284503460000	 0.054869098453696
752.922243118286000	 0.054185105779785
753.155201733112000	 0.053514375004438
753.388160347939000	 0.052871084051976
753.621118962765000	 0.052253299760652
753.854077577591000	 0.051653619813975
754.087036192417000	 0.051072186713875
754.319994807243000	 0.050524092614552
754.552953422070000	 0.050036294487358
754.785912036896000	 0.049635281603423
755.018870651722000	 0.049332167303141
755.251829266548000	 0.049113573424261
755.484787881374000	 0.048943954841645
755.717746496201000	 0.048779198971579
755.950705111027000	 0.048585100765854
756.183663725853000	 0.048351124867064
756.416622340679000	 0.048092143949180
756.649580955505000	 0.047837558170789
756.882539570332000	 0.047614140079113
757.115498185158000	 0.047432033401747
757.348456799984000	 0.047281281837530
757.581415414810000	 0.047140442900353
757.814374029636000	 0.046992118093055
758.047332644463000	 0.046836162676335
758.280291259289000	 0.046692572412331
758.513249874115000	 0.046592061527722
758.746208488941000	 0.046559385181942
758.979167103767000	 0.046598426345018
759.212125718593000	 0.046687186305970
759.445084333420000	 0.046785778920718
759.678042948246000	 0.046853658905576
759.911001563072000	 0.046867125519280
760.143960177898000	 0.046827920747764
760.376918792725000	 0.046758896265596
760.609877407551000	 0.046689925039615
760.842836022377000	 0.046642066713107
761.075794637203000	 0.046618186836959
761.308753252029000	 0.046604276898613
761.541711866856000	 0.046579817321701
761.774670481682000	 0.046530697272943
762.007629096508000	 0.046457221612613
762.240587711334000	 0.046373198494309
762.473546326160000	 0.046297626526098
762.706504940987000	 0.046244540489525
762.939463555813000	 0.046217025729139
763.172422170639000	 0.046208466568410
763.405380785465000	 0.046209573690105
763.638339400291000	 0.046216221990677
763.871298015118000	 0.046232817752576
764.104256629944000	 0.046269054485180
764.337215244770000	 0.046332370600993
764.570173859596000	 0.046421260524527
764.803132474422000	 0.046524162591921
765.036091089249000	 0.046625275976224
765.269049704075000	 0.046714224192608
765.502008318901000	 0.046793639675609
765.734966933727000	 0.046879524816461
765.967925548553000	 0.046993406452337
766.200884163380000	 0.047150220859496
766.433842778206000	 0.047348528529011
766.666801393032000	 0.047568653553275
766.899760007858000	 0.047780239706093
767.132718622684000	 0.047955533335928
767.365677237511000	 0.048081285897503
767.598635852337000	 0.048162818042533
767.831594467163000	 0.048218355272622
768.064553081989000	 0.048267336201168
768.297511696815000	 0.048319556105452
768.530470311642000	 0.048371141991616
768.763428926468000	 0.048409211175388
768.996387541294000	 0.048421935583347
769.229346156120000	 0.048407489747796
769.462304770947000	 0.048376081180037
769.695263385773000	 0.048343640220615
769.928222000599000	 0.048320995428693
770.161180615425000	 0.048305235465203
770.394139230251000	 0.048278895844679
770.627097845078000	 0.048218244747633
770.860056459904000	 0.048106559655662
771.093015074730000	 0.047944956388760
771.325973689556000	 0.047754329551267
771.558932304382000	 0.047566920480401
771.791890919209000	 0.047411882938702
772.024849534035000	 0.047302500700402
772.257808148861000	 0.047231816749141
772.490766763687000	 0.047178992322564
772.723725378513000	 0.047122921710153
772.956683993340000	 0.047055522951420
773.189642608166000	 0.046987233664557
773.422601222992000	 0.046941687945779
773.655559837818000	 0.046942626081667
773.888518452644000	 0.047000245087745
774.121477067471000	 0.047104388335876
774.354435682297000	 0.047228315168500
774.587394297123000	 0.047341108853899
774.820352911949000	 0.047422023058695
775.053311526775000	 0.047469065353666
775.286270141602000	 0.047497569840860
775.519228756428000	 0.047530179467480
775.752187371254000	 0.047584081709963
775.985145986080000	 0.047662289437156
776.218104600906000	 0.047753124188694
776.451063215733000	 0.047837386332539
776.684021830559000	 0.047898500472327
776.916980445385000	 0.047929639048838
777.149939060211000	 0.047934197732844
777.382897675037000	 0.047920338182515
777.615856289864000	 0.047893787144608
777.848814904690000	 0.047853738798791
778.081773519516000	 0.047794438029001
778.314732134342000	 0.047711273662165
778.547690749168000	 0.047607238375846
778.780649363995000	 0.047495309252064
779.013607978821000	 0.047394870375183
779.246566593647000	 0.047324000373135
779.479525208473000	 0.047291956225738
779.712483823299000	 0.047296148244732
779.945442438126000	 0.047325431014381
780.178401052952000	 0.047367929525834
780.411359667778000	 0.047418894452344
780.644318282604000	 0.047483995754998
780.877276897430000	 0.047576189188281
781.110235512257000	 0.047708080706225
781.343194127083000	 0.047884234551566
781.576152741909000	 0.048097796490254
781.809111356735000	 0.048333307289291
782.042069971561000	 0.048574007752538
782.275028586388000	 0.048809285943710
782.507987201214000	 0.049037885178703
782.740945816040000	 0.049265185136218
782.973904430866000	 0.049496516264068
783.206863045692000	 0.049730749962857
783.439821660519000	 0.049958075020848
783.672780275345000	 0.050163257238935
783.905738890171000	 0.050332305184968
784.138697504997000	 0.050458347254200
784.371656119823000	 0.050543094938081
784.604614734650000	 0.050593223132266
784.837573349476000	 0.050614330451606
785.070531964302000	 0.050606643943088
785.303490579128000	 0.050565435507491
785.536449193954000	 0.050486015441395
785.769407808781000	 0.050370030135992
786.002366423607000	 0.050228629547768
786.235325038433000	 0.050079831579038
786.468283653259000	 0.049941092019419
786.701242268085000	 0.049821298138431
786.934200882912000	 0.049717108440025
787.167159497738000	 0.049616342080472
787.400118112564000	 0.049507140399299
787.633076727390000	 0.049387987111012
787.866035342216000	 0.049272594254470
788.098993957043000	 0.049186150688735
788.331952571869000	 0.049154246016764
788.564911186695000	 0.049190048209109
788.797869801521000	 0.049286559351994
789.030828416348000	 0.049418390572383
789.263787031174000	 0.049552669097715
789.496745646000000	 0.049663745583436
789.729704260826000	 0.049744018554587
789.962662875652000	 0.049805110173564
790.195621490479000	 0.049868940294956
790.428580105305000	 0.049953792153865
790.661538720131000	 0.050063047779372
790.894497334957000	 0.050182674788841
791.127455949783000	 0.050288758800460
791.360414564610000	 0.050360840266220
791.593373179436000	 0.050393508388862
791.826331794262000	 0.050399689233136
792.059290409088000	 0.050403879655059
792.292249023914000	 0.050429267139202
792.525207638740000	 0.050485908725760
792.758166253567000	 0.050566360684922
792.991124868393000	 0.050651011163351
793.224083483219000	 0.050720062980843
793.457042098045000	 0.050765476113231
793.690000712872000	 0.050796348316095
793.922959327698000	 0.050835104787109
794.155917942524000	 0.050907020637928
794.388876557350000	 0.051028961539200
794.621835172176000	 0.051203166622588
794.854793787003000	 0.051418769103202
795.087752401829000	 0.051659356560333
795.320711016655000	 0.051911653743083
795.553669631481000	 0.052170275581798
795.786628246307000	 0.052436490609985
796.019586861134000	 0.052713010350786
796.252545475960000	 0.052999307760560
796.485504090786000	 0.053291388670616
796.718462705612000	 0.053586732458725
796.951421320438000	 0.053891260617241
797.184379935265000	 0.054223183475609
797.417338550091000	 0.054609929155036
797.650297164917000	 0.055078396032506
797.883255779743000	 0.055642993129903
798.116214394569000	 0.056297810313776
798.349173009396000	 0.057017698019570
798.582131624222000	 0.057768659893816
798.815090239048000	 0.058522843974511
799.048048853874000	 0.059270454397597
799.281007468700000	 0.060022230367957
799.513966083527000	 0.060801278794815
799.746924698353000	 0.061628925228699
799.979883313179000	 0.062512429083311
800.212841928005000	 0.063441292329968
800.445800542831000	 0.064394167586036
800.678759157658000	 0.065352435565458
800.911717772484000	 0.066312594722603
801.144676387310000	 0.067290141529222
801.377635002136000	 0.068312427063276
801.610593616962000	 0.069404077376510
801.843552231789000	 0.070572388902356
802.076510846615000	 0.071799800153269
802.309469461441000	 0.073046524066353
802.542428076267000	 0.074260841992671
802.775386691094000	 0.075390485157192
803.008345305920000	 0.076388547680513
803.241303920746000	 0.077211644358018
803.474262535572000	 0.077813741845885
803.707221150398000	 0.078142424261685
803.940179765224000	 0.078143112851841
804.173138380051000	 0.077771631190820
804.406096994877000	 0.077009622375029
804.639055609703000	 0.075874591167947
804.872014224529000	 0.074418849573811
805.104972839355000	 0.072717768007541
805.337931454182000	 0.070853260270542
805.570890069008000	 0.068899996646669
805.803848683834000	 0.066919189822711
806.036807298660000	 0.064960117479194
806.269765913486000	 0.063065553328397
806.502724528313000	 0.061275901199343
806.735683143139000	 0.059628517090676
806.968641757965000	 0.058152258652859
807.201600372791000	 0.056860578766534
807.434558987617000	 0.055747733264778
807.667517602444000	 0.054791379251431
807.900476217270000	 0.053961642401808
808.133434832096000	 0.053233125180408
808.366393446922000	 0.052594273351016
808.599352061749000	 0.052049460969139
808.832310676575000	 0.051612800046564
809.065269291401000	 0.051296938038168
809.298227906227000	 0.051102569720552
809.531186521053000	 0.051013880002281
809.764145135880000	 0.051002040830513
809.997103750706000	 0.051034739666006
810.230062365532000	 0.051086639385642
810.463020980358000	 0.051145441367468
810.695979595184000	 0.051211032099758
810.928938210011000	 0.051289257310399
811.161896824837000	 0.051384671755939
811.394855439663000	 0.051496642154234
811.627814054489000	 0.051620660978457
811.860772669315000	 0.051753257856771
812.093731284142000	 0.051896568327233
812.326689898968000	 0.052058898020864
812.559648513794000	 0.052250335479543
812.792607128620000	 0.052475841976490
813.025565743446000	 0.052730131895839
813.258524358273000	 0.052997904515406
813.491482973099000	 0.053259981807167
813.724441587925000	 0.053502308171404
813.957400202751000	 0.053722752691115
814.190358817577000	 0.053931658262036
814.423317432404000	 0.054145658531957
814.656276047230000	 0.054378248934115
814.889234662056000	 0.054632554429940
815.122193276882000	 0.054900580306392
815.355151891708000	 0.055169587896828
815.588110506535000	 0.055432054211710
815.821069121361000	 0.055693365924417
816.054027736187000	 0.055972495879320
816.286986351013000	 0.056294878939184
816.519944965839000	 0.056681162342087
816.752903580666000	 0.057137878943140
816.985862195492000	 0.057655151468542
817.218820810318000	 0.058212795253389
817.451779425144000	 0.058791547885092
817.684738039970000	 0.059383184722319
817.917696654797000	 0.059993871245488
818.150655269623000	 0.060639031088393
818.383613884449000	 0.061332883823716
818.616572499275000	 0.062078759084907
818.849531114101000	 0.062865776290025
819.082489728928000	 0.063673856104822
819.315448343754000	 0.064484228088052
819.548406958580000	 0.065289317905102
819.781365573406000	 0.066096204578480
820.014324188232000	 0.066921644974714
820.247282803059000	 0.067781597423213
820.480241417885000	 0.068681276574872
820.713200032711000	 0.069611387604279
820.946158647537000	 0.070552644122615
821.179117262363000	 0.071485908344787
821.412075877190000	 0.072402014446752
821.645034492016000	 0.073305603777598
821.877993106842000	 0.074211005326220
822.110951721668000	 0.075132959087937
822.343910336494000	 0.076077871814085
822.576868951321000	 0.077040747656932
822.809827566147000	 0.078009399538548
823.042786180973000	 0.078973052278621
823.275744795799000	 0.079929659294299
823.508703410625000	 0.080887006237604
823.741662025452000	 0.081856590499934
823.974620640278000	 0.082843847489997
824.207579255104000	 0.083840698001584
824.440537869930000	 0.084825235159161
824.673496484756000	 0.085769290672742
824.906455099583000	 0.086649848504698
825.139413714409000	 0.087457664068564
825.372372329235000	 0.088197853248574
825.605330944061000	 0.088881966904530
825.838289558887000	 0.089516196275865
826.071248173714000	 0.090092723050296
826.304206788540000	 0.090589536699815
826.537165403366000	 0.090979274444704
826.770124018192000	 0.091242385873504
827.003082633018000	 0.091377227724657
827.236041247845000	 0.091401355527838
827.468999862671000	 0.091343381890302
827.701958477497000	 0.091230099327302
827.934917092323000	 0.091075939881450
828.167875707150000	 0.090880173574435
828.400834321976000	 0.090632740327948
828.633792936802000	 0.090324793474632
828.866751551628000	 0.089957563141206
829.099710166454000	 0.089544465405536
829.332668781281000	 0.089105651067886
829.565627396107000	 0.088658687255345
829.798586010933000	 0.088211095784721
830.031544625759000	 0.087759068082200
830.264503240585000	 0.087292864015099
830.497461855412000	 0.086805404794119
830.730420470238000	 0.086298699805607
830.963379085064000	 0.085784160853744
831.196337699890000	 0.085276688972091
831.429296314716000	 0.084786238695537
831.662254929543000	 0.084312052942335
831.895213544369000	 0.083843148948167
832.128172159195000	 0.083364923892367
832.361130774021000	 0.082868050974484
832.594089388847000	 0.082354346394624
832.827048003674000	 0.081836027583281
833.060006618500000	 0.081328764293956
833.292965233326000	 0.080842680688038
833.525923848152000	 0.080376741350169
833.758882462978000	 0.079920068599199
833.991841077805000	 0.079459763607989
834.224799692631000	 0.078990915465987
834.457758307457000	 0.078522942420060
834.690716922283000	 0.078078279446084
834.923675537109000	 0.077683694123166
835.156634151936000	 0.077358645162573
835.389592766762000	 0.077106753810973
835.622551381588000	 0.076914842947051
835.855509996414000	 0.076760021197800
836.088468611241000	 0.076620999908650
836.321427226067000	 0.076487564953030
836.554385840893000	 0.076363277593004
836.787344455719000	 0.076260435456516
837.020303070545000	 0.076190705828690
837.253261685371000	 0.076157108777349
837.486220300198000	 0.076152028949791
837.719178915024000	 0.076162336281172
837.952137529850000	 0.076178493529811
838.185096144676000	 0.076202114241416
838.418054759502000	 0.076247289418552
838.651013374329000	 0.076334627982928
838.883971989155000	 0.076481130661902
839.116930603981000	 0.076691328338383
839.349889218807000	 0.076954406699225
839.582847833633000	 0.077248785312367
839.815806448460000	 0.077551556781454
840.048765063286000	 0.077847576056624
840.281723678112000	 0.078133408027128
840.514682292938000	 0.078414547863198
840.747640907764000	 0.078698276253891
840.980599522591000	 0.078986797244652
841.213558137417000	 0.079274725090651
841.446516752243000	 0.079552044745643
841.679475367069000	 0.079810153986333
841.912433981895000	 0.080046647517149
842.145392596722000	 0.080265398782062
842.378351211548000	 0.080471693078864
842.611309826374000	 0.080665587737389
842.844268441200000	 0.080838143227031
843.077227056026000	 0.080973758373811
843.310185670853000	 0.081058285260510
843.543144285679000	 0.081088889938876
843.776102900505000	 0.081080059849988
844.009061515331000	 0.081061914472925
844.242020130157000	 0.081071107905276
844.474978744984000	 0.081138621868809
844.707937359810000	 0.081280363769311
844.940895974636000	 0.081494982017215
845.173854589462000	 0.081769560549114
845.406813204288000	 0.082089746681704
845.639771819115000	 0.082448587620867
845.872730433941000	 0.082849291780619
846.105689048767000	 0.083300811109442
846.338647663593000	 0.083809331228925
846.571606278419000	 0.084370996440049
846.804564893246000	 0.084970327496783
847.037523508072000	 0.085585390331574
847.270482122898000	 0.086196725493062
847.503440737724000	 0.086794684724100
847.736399352551000	 0.087380668716982
847.969357967377000	 0.087961389244521
848.202316582203000	 0.088539436932564
848.435275197029000	 0.089105612664822
848.668233811855000	 0.089637503179660
848.901192426682000	 0.090105276480688
849.134151041508000	 0.090481591879831
849.367109656334000	 0.090750215496124
849.600068271160000	 0.090908861915334
849.833026885986000	 0.090965395677863
850.065985500813000	 0.090930479378282
850.298944115639000	 0.090811570828000
850.531902730465000	 0.090611887288719
850.764861345291000	 0.090334517438207
850.997819960117000	 0.089988407733742
851.230778574944000	 0.089591608696558
851.463737189770000	 0.089168811220699
851.696695804596000	 0.088743804000182
851.929654419422000	 0.088330762856852
852.162613034248000	 0.087929268865562
852.395571649075000	 0.087526118622407
852.628530263901000	 0.087103337626059
852.861488878727000	 0.086648291108171
853.094447493553000	 0.086160433761718
853.327406108379000	 0.085651003027683
853.560364723205000	 0.085135909186760
853.793323338032000	 0.084625874314182
854.026281952858000	 0.084119353678048
854.259240567684000	 0.083602225555369
854.492199182510000	 0.083054569623341
854.725157797337000	 0.082461014717792
854.958116412163000	 0.081819213453555
855.191075026989000	 0.081142117422441
855.424033641815000	 0.080453214982654
855.656992256641000	 0.079777644075525
855.889950871468000	 0.079133993597190
856.122909486294000	 0.078530819967161
856.355868101120000	 0.077969085092246
856.588826715946000	 0.077448464800276
856.821785330772000	 0.076973532728236
857.054743945599000	 0.076556219297477
857.287702560425000	 0.076213335346955
857.520661175251000	 0.075960816378851
857.753619790077000	 0.075808018892966
857.986578404903000	 0.075755070783965
858.219537019730000	 0.075794282192015
858.452495634556000	 0.075914156859070
858.685454249382000	 0.076103062434236
858.918412864208000	 0.076350045218156
859.151371479034000	 0.076642355337855
859.384330093861000	 0.076961638879541
859.617288708687000	 0.077281905450401
859.850247323513000	 0.077571513389965
860.083205938339000	 0.077798958989178
860.316164553165000	 0.077939659538550
860.549123167992000	 0.077979898954231
860.782081782818000	 0.077915515835449
861.015040397644000	 0.077746003176614
861.247999012470000	 0.077467527063827
861.480957627296000	 0.077069198118533
861.713916242123000	 0.076535236588550
861.946874856949000	 0.075852374502931
862.179833471775000	 0.075018760989999
862.412792086601000	 0.074049597243984
862.645750701427000	 0.072976416578275
862.878709316254000	 0.071840315246663
863.111667931080000	 0.070682467213032
863.344626545906000	 0.069536292282684
863.577585160732000	 0.068424414151467
863.810543775558000	 0.067360933991512
864.043502390385000	 0.066356941979583
864.276461005211000	 0.065425859892329
864.509419620037000	 0.064585748127904
864.742378234863000	 0.063857684332056
864.975336849689000	 0.063261506491287
865.208295464516000	 0.062811409476977
865.441254079342000	 0.062513598813670
865.674212694168000	 0.062366768806662
865.907171308994000	 0.062364448718918
866.140129923821000	 0.062497240723959
866.373088538647000	 0.062753276818560
866.606047153473000	 0.063116671381913
866.839005768299000	 0.063565402145361
867.071964383125000	 0.064070802616872
867.304922997952000	 0.064600113073210
867.537881612778000	 0.065121634642341
867.770840227604000	 0.065610084819084
868.003798842430000	 0.066049114613727
868.236757457256000	 0.066429283224075
868.469716072083000	 0.066742442761604
868.702674686909000	 0.066975827723600
868.935633301735000	 0.067109669016496
869.168591916561000	 0.067120436102090
869.401550531387000	 0.066988705529420
869.634509146214000	 0.066707865516108
869.867467761040000	 0.066289094921583
870.100426375866000	 0.065759906647776
870.333384990692000	 0.065156951360683
870.566343605518000	 0.064516666024882
870.799302220345000	 0.063868118083608
871.032260835171000	 0.063230842753007
871.265219449997000	 0.062617639705759
871.498178064823000	 0.062039733574400
871.731136679649000	 0.061510729656818
871.964095294476000	 0.061046876619880
872.197053909302000	 0.060663582255736
872.430012524128000	 0.060370444681611
872.662971138954000	 0.060167950436129
872.895929753780000	 0.060048042208025
873.128888368607000	 0.059998557295380
873.361846983433000	 0.060009304207714
873.594805598259000	 0.060076560644946
873.827764213085000	 0.060203675919006
874.060722827911000	 0.060397741353911
874.293681442738000	 0.060664560418523
874.526640057564000	 0.061005043931509
874.759598672390000	 0.061415186007720
874.992557287216000	 0.061889534240229
875.225515902042000	 0.062425859637755
875.458474516869000	 0.063027901231699
875.691433131695000	 0.063704196259125
875.924391746521000	 0.064463478921803
876.157350361347000	 0.065309424008638
876.390308976173000	 0.066238198942648
876.623267591000000	 0.067240885124915
876.856226205826000	 0.068310035295067
877.089184820652000	 0.069446994299827
877.322143435478000	 0.070665750025157
877.555102050304000	 0.071990699478217
877.788060665131000	 0.073448993692956
878.021019279957000	 0.075061178625526
878.253977894783000	 0.076834936106029
878.486936509609000	 0.078765229036844
878.719895124435000	 0.080840787821063
878.952853739262000	 0.083053359447048
879.185812354088000	 0.085404451509505
879.418770968914000	 0.087905557166339
879.651729583740000	 0.090571425752348
879.884688198566000	 0.093409763570176
880.117646813393000	 0.096412610661866
880.350605428219000	 0.099553530109587
880.583564043045000	 0.102791282430033
880.816522657871000	 0.106076757499403
881.049481272697000	 0.109357949563803
881.282439887524000	 0.112579125444194
881.515398502350000	 0.115674440230848
881.748357117176000	 0.118560596431755
881.981315732002000	 0.121134894903199
882.214274346828000	 0.123282817814637
882.447232961655000	 0.124894085253479
882.680191576481000	 0.125880931535529
882.913150191307000	 0.126190596982057
883.146108806133000	 0.125807216215684
883.379067420959000	 0.124744464819505
883.612026035786000	 0.123035340341767
883.844984650612000	 0.120726051767078
884.077943265438000	 0.117877089120880
884.310901880264000	 0.114568958594579
884.543860495090000	 0.110906467328412
884.776819109917000	 0.107016016346914
885.009777724743000	 0.103034477604787
885.242736339569000	 0.099093016599460
885.475694954395000	 0.095301765780754
885.708653569222000	 0.091740545700165
885.941612184048000	 0.088457857301345
886.174570798874000	 0.085476895827783
886.407529413700000	 0.082804868771462
886.640488028526000	 0.080441313412086
886.873446643352000	 0.078382497566788
887.106405258179000	 0.076621559781245
887.339363873005000	 0.075146434152349
887.572322487831000	 0.073938598247660
887.805281102657000	 0.072974855178276
888.038239717484000	 0.072232225599265
888.271198332310000	 0.071693778866368
888.504156947136000	 0.071352210402968
888.737115561962000	 0.071208888845505
888.970074176788000	 0.071268494139902
889.203032791615000	 0.071531842483708
889.435991406441000	 0.071990606950330
889.668950021267000	 0.072626757483809
889.901908636093000	 0.073417082861331
890.134867250919000	 0.074340380196897
890.367825865746000	 0.075383358286225
890.600784480572000	 0.076541996204752
890.833743095398000	 0.077817716352386
891.066701710224000	 0.079210727882125
891.299660325050000	 0.080714495018199
891.532618939877000	 0.082314577381384
891.765577554703000	 0.083992485458062
891.998536169529000	 0.085732165592192
892.231494784355000	 0.087525072843316
892.464453399181000	 0.089370594400536
892.697412014008000	 0.091271424307556
892.930370628834000	 0.093226594857157
893.163329243660000	 0.095226298792818
893.396287858486000	 0.097251501073935
893.629246473312000	 0.099278274710868
893.862205088139000	 0.101283604763359
894.095163702965000	 0.103248117457627
894.328122317791000	 0.105152832922421
894.561080932617000	 0.106970810907295
894.794039547443000	 0.108658212068857
895.026998162270000	 0.110150557362708
895.259956777096000	 0.111367900696988
895.492915391922000	 0.112228160065331
895.725874006748000	 0.112663383486180
895.958832621574000	 0.112631958094327
896.191791236401000	 0.112121979632930
896.424749851227000	 0.111145901972091
896.657708466053000	 0.109731068147042
896.890667080879000	 0.107912074616985
897.123625695706000	 0.105728635930401
897.356584310532000	 0.103228453427254
897.589542925358000	 0.100471230085425
897.822501540184000	 0.097529368133890
898.055460155010000	 0.094483152207361
898.288418769836000	 0.091411689445539
898.521377384663000	 0.088383340970102
898.754335999489000	 0.085449558505635
898.987294614315000	 0.082644143944363
899.220253229141000	 0.079987205538954
899.453211843967000	 0.077490947930639
899.686170458794000	 0.075163946216480
899.919129073620000	 0.073011894041889
900.152087688446000	 0.071035178172534
900.385046303272000	 0.069225665283572
900.618004918098000	 0.067565669105408
900.850963532925000	 0.066030888724325
901.083922147751000	 0.064596786740289
901.316880762577000	 0.063245668360226
901.549839377403000	 0.061970938424345
901.782797992229000	 0.060776231420080
902.015756607056000	 0.059669708989579
902.248715221882000	 0.058656327632419
902.481673836708000	 0.057731916736221
902.714632451534000	 0.056881954362449
902.947591066360000	 0.056085490877952
903.180549681187000	 0.055321998150531
903.413508296013000	 0.054577454073849
903.646466910839000	 0.053846565068142
903.879425525665000	 0.053130348057702
904.112384140491000	 0.052430956002591
904.345342755318000	 0.051747099911660
904.578301370144000	 0.051072921192571
904.811259984970000	 0.050401035626467
905.044218599796000	 0.049727914553565
905.277177214623000	 0.049058262363883
905.510135829449000	 0.048405503083172
905.743094444275000	 0.047787647115859
905.976053059101000	 0.047220396074035
906.209011673927000	 0.046710901989902
906.441970288754000	 0.046255323601939
906.674928903580000	 0.045841384720317
906.907887518406000	 0.045454539709654
907.140846133232000	 0.045084488145620
907.373804748058000	 0.044728729123374
907.606763362885000	 0.044391642329685
907.839721977711000	 0.044080139819223
908.072680592537000	 0.043798754187536
908.305639207363000	 0.043547137997957
908.538597822189000	 0.043321359627028
908.771556437016000	 0.043118014292761
909.004515051842000	 0.042938388960429
909.237473666668000	 0.042789799363540
909.470432281494000	 0.042682856897614
909.703390896320000	 0.042625849694997
909.936349511147000	 0.042619222148279
910.169308125973000	 0.042653302644512
910.402266740799000	 0.042710845380710
910.635225355625000	 0.042773420391868
910.868183970451000	 0.042828573937801
911.101142585278000	 0.042874216139126
911.334101200104000	 0.042918170987648
911.567059814930000	 0.042973367637592
911.800018429756000	 0.043051301010908
912.032977044582000	 0.043157026554350
912.265935659408000	 0.043287858029090
912.498894274235000	 0.043435787193875
912.731852889061000	 0.043591647614781
912.964811503887000	 0.043748321458873
913.197770118713000	 0.043901208814594
913.430728733540000	 0.044046107924946
913.663687348366000	 0.044176369199376
913.896645963192000	 0.044281660394961
914.129604578018000	 0.044349664859869
914.362563192844000	 0.044370153658381
914.595521807671000	 0.044339272521499
914.828480422497000	 0.044261568831303
915.061439037323000	 0.044148463592325
915.294397652149000	 0.044013822794611
915.527356266975000	 0.043868844523090
915.760314881802000	 0.043718794083075
915.993273496628000	 0.043563061794920
916.226232111454000	 0.043398190832399
916.459190726280000	 0.043221942230896
916.692149341106000	 0.043036023823903
916.925107955933000	 0.042846037404174
917.158066570759000	 0.042658899700027
917.391025185585000	 0.042479448693940
917.623983800411000	 0.042308349709847
917.856942415237000	 0.042142591289559
918.089901030064000	 0.041978310024270
918.322859644890000	 0.041814305705539
918.555818259716000	 0.041654206689315
918.788776874542000	 0.041506035751417
919.021735489368000	 0.041379400875712
919.254694104195000	 0.041281814943389
919.487652719021000	 0.041216035976091
919.720611333847000	 0.041179658086223
919.953569948673000	 0.041166889443517
920.186528563499000	 0.041171286002968
920.419487178326000	 0.041187848503306
920.652445793152000	 0.041213511693544
920.885404407978000	 0.041246208798619
921.118363022804000	 0.041283615232175
921.351321637630000	 0.041322787687736
921.584280252457000	 0.041361173477683
921.817238867283000	 0.041398366935624
922.050197482109000	 0.041437274703561
922.283156096935000	 0.041483535644061
922.516114711762000	 0.041543056453554
922.749073326588000	 0.041618751342046
922.982031941414000	 0.041708249166944
923.214990556240000	 0.041804007267663
923.447949171066000	 0.041896059328677
923.680907785892000	 0.041976157980891
923.913866400719000	 0.042041205347017
924.146825015545000	 0.042094167944886
924.379783630371000	 0.042142018720630
924.612742245197000	 0.042191856905345
924.845700860024000	 0.042247303995147
925.078659474850000	 0.042307056726238
925.311618089676000	 0.042366241509762
925.544576704502000	 0.042419645836170
925.777535319328000	 0.042464883993346
926.010493934155000	 0.042503682308586
926.243452548981000	 0.042540656281188
926.476411163807000	 0.042580458737393
926.709369778633000	 0.042625097220886
926.942328393459000	 0.042673036495436
927.175287008286000	 0.042720557353037
927.408245623112000	 0.042764420617021
927.641204237938000	 0.042804046168655
927.874162852764000	 0.042841699462714
928.107121467590000	 0.042880431980380
928.340080082417000	 0.042920978078302
928.573038697243000	 0.042959575667568
928.805997312069000	 0.042988277210999
929.038955926895000	 0.042997942194291
929.271914541721000	 0.042982508940871
929.504873156548000	 0.042942270691906
929.737831771374000	 0.042884299307456
929.970790386200000	 0.042819666697580
930.203749001026000	 0.042758830922322
930.436707615852000	 0.042707502303911
930.669666230679000	 0.042664991886183
930.902624845505000	 0.042625677262424
931.135583460331000	 0.042582552136742
931.368542075157000	 0.042530777740524
931.601500689983000	 0.042469322817718
931.834459304810000	 0.042400046915018
932.067417919636000	 0.042325158308991
932.300376534462000	 0.042244907052631
932.533335149288000	 0.042157128036094
932.766293764114000	 0.042059006176990
932.999252378941000	 0.041949948949403
933.232210993767000	 0.041833631540995
933.465169608593000	 0.041717663877486
933.698128223419000	 0.041610718007675
933.931086838245000	 0.041518517459676
934.164045453072000	 0.041440890888346
934.397004067898000	 0.041371646642055
934.629962682724000	 0.041301544456067
934.862921297550000	 0.041222916414379
935.095879912376000	 0.041133500510338
935.328838527203000	 0.041037413940235
935.561797142029000	 0.040942745658909
935.794755756855000	 0.040857105996018
936.027714371681000	 0.040783584143209
936.260672986507000	 0.040719329957619
936.493631601334000	 0.040657531702738
936.726590216160000	 0.040591683187390
936.959548830986000	 0.040519753549130
937.192507445812000	 0.040445921638112
937.425466060638000	 0.040378888707159
937.658424675465000	 0.040327652293337
937.891383290291000	 0.040296963963337
938.124341905117000	 0.040284810960465
938.357300519943000	 0.040283146298922
938.590259134769000	 0.040281371822963
938.823217749596000	 0.040270696224465
939.056176364422000	 0.040247197437039
939.289134979248000	 0.040212323949467
939.522093594074000	 0.040171066322279
939.755052208900000	 0.040129211242965
939.988010823727000	 0.040091321546201
940.220969438553000	 0.040060337734943
940.453928053379000	 0.040038501944500
940.686886668205000	 0.040028429237757
940.919845283031000	 0.040033139886380
941.152803897858000	 0.040054705078282
941.385762512684000	 0.040092280416170
941.618721127510000	 0.040140959492586
941.851679742336000	 0.040192611599034
942.084638357162000	 0.040238768574026
942.317596971989000	 0.040274316645305
942.550555586815000	 0.040300047703702
942.783514201641000	 0.040322540717751
943.016472816467000	 0.040351208029027
943.249431431293000	 0.040393882650084
943.482390046120000	 0.040453161214109
943.715348660946000	 0.040525377711991
943.948307275772000	 0.040602724379138
944.181265890598000	 0.040677365380680
944.414224505425000	 0.040745325700490
944.647183120251000	 0.040808105729580
944.880141735077000	 0.040871283377141
945.113100349903000	 0.040941047145729
945.346058964729000	 0.041020693612660
945.579017579556000	 0.041109043879987
945.811976194382000	 0.041201570046236
946.044934809208000	 0.041293440620186
946.277893424034000	 0.041382597798769
946.510852038860000	 0.041471013805977
946.743810653687000	 0.041563409065069
946.976769268513000	 0.041664250876156
947.209727883339000	 0.041774870750537
947.442686498165000	 0.041892466244046
947.675645112991000	 0.042011646322254
947.908603727817000	 0.042127670656185
948.141562342644000	 0.042239500687856
948.374520957470000	 0.042350852258372
948.607479572296000	 0.042468585127438
948.840438187122000	 0.042599294818912
949.073396801949000	 0.042745990480875
949.306355416775000	 0.042906689334734
949.539314031601000	 0.043075686554828
949.772272646427000	 0.043246771396624
950.005231261253000	 0.043416596387657
950.238189876080000	 0.043586383478367
950.471148490906000	 0.043761169006722
950.704107105732000	 0.043947212605460
950.937065720558000	 0.044149172695792
951.170024335384000	 0.044368648795312
951.402982950211000	 0.044604766090435
951.635941565037000	 0.044856203877616
951.868900179863000	 0.045123210432661
952.101858794689000	 0.045408221541824
952.334817409515000	 0.045714651325343
952.567776024342000	 0.046044642029680
952.800734639168000	 0.046397278151420
953.033693253994000	 0.046768546729264
953.266651868820000	 0.047153285755904
953.499610483646000	 0.047548120867225
953.732569098473000	 0.047953710834315
953.965527713299000	 0.048374959870804
954.198486328125000	 0.048819034418155
954.431444942951000	 0.049292323274867
954.664403557777000	 0.049798102608569
954.897362172604000	 0.050336231351326
955.130320787430000	 0.050904954738790
955.363279402256000	 0.051503562983477
955.596238017082000	 0.052134052488279
955.829196631909000	 0.052800485922866
956.062155246735000	 0.053506165140206
956.295113861561000	 0.054250174960638
956.528072476387000	 0.055025437057062
956.761031091213000	 0.055819729977003
956.993989706039000	 0.056619502180521
957.226948320866000	 0.057414621764564
957.459906935692000	 0.058201474587253
957.692865550518000	 0.058982559759394
957.925824165344000	 0.059762585831732
958.158782780170000	 0.060542994051298
958.391741394997000	 0.061317729102817
958.624700009823000	 0.062072438751439
958.857658624649000	 0.062787453096428
959.090617239475000	 0.063442872092598
959.323575854301000	 0.064023023094737
959.556534469128000	 0.064518072524781
959.789493083954000	 0.064922371958163
960.022451698780000	 0.065231087177017
960.255410313606000	 0.065437615434293
960.488368928432000	 0.065533701843282
960.721327543259000	 0.065512406192380
960.954286158085000	 0.065372211328722
961.187244772911000	 0.065119738361301
961.420203387737000	 0.064769260623447
961.653162002563000	 0.064339041896538
961.886120617390000	 0.063846345065340
962.119079232216000	 0.063303702552153
962.352037847042000	 0.062718321400534
962.584996461868000	 0.062094746845512
962.817955076694000	 0.061439105716256
963.050913691521000	 0.060762400310848
963.283872306347000	 0.060080898453797
963.516830921173000	 0.059413310849256
963.749789535999000	 0.058776200494347
963.982748150826000	 0.058179969797693
964.215706765652000	 0.057627391850006
964.448665380478000	 0.057115253727658
964.681623995304000	 0.056638029075534
964.914582610130000	 0.056191489576494
965.147541224957000	 0.055774352376956
965.380499839783000	 0.055387308955089
965.613458454609000	 0.055030335027409
965.846417069435000	 0.054700139922816
966.079375684261000	 0.054389464213143
966.312334299088000	 0.054088801724159
966.545292913914000	 0.053789671002985
966.778251528740000	 0.053487636324117
967.011210143566000	 0.053183422608397
967.244168758392000	 0.052881577314211
967.477127373219000	 0.052587516074759
967.710085988045000	 0.052304630671157
967.943044602871000	 0.052032990668905
968.176003217697000	 0.051770169712673
968.408961832523000	 0.051513476424465
968.641920447350000	 0.051262100583482
968.874879062176000	 0.051017843724350
969.107837677002000	 0.050784066304480
969.340796291828000	 0.050563631961516
969.573754906654000	 0.050357253594205
969.806713521481000	 0.050163383635486
970.039672136307000	 0.049979814544200
970.272630751133000	 0.049806056314736
970.505589365959000	 0.049645011820071
970.738547980785000	 0.049502834378161
970.971506595612000	 0.049386917004722
971.204465210438000	 0.049303077100254
971.437423825264000	 0.049253488534438
971.670382440090000	 0.049236486323135
971.903341054916000	 0.049248270780077
972.136299669743000	 0.049285402285820
972.369258284569000	 0.049346489587498
972.602216899395000	 0.049431964924290
972.835175514221000	 0.049542045123294
973.068134129047000	 0.049674176062942
973.301092743873000	 0.049821712728819
973.534051358700000	 0.049974991169465
973.767009973526000	 0.050124594980608
973.999968588352000	 0.050265257132094
974.232927203178000	 0.050398283711534
974.465885818005000	 0.050531032771179
974.698844432831000	 0.050673507839243
974.931803047657000	 0.050833666906350
975.164761662483000	 0.051013736529233
975.397720277309000	 0.051209291301450
975.630678892136000	 0.051411408465572
975.863637506962000	 0.051610616663450
976.096596121788000	 0.051800496337964
976.329554736614000	 0.051979139708617
976.562513351440000	 0.052148020296864
976.795471966267000	 0.052309342645848
977.028430581093000	 0.052463746806394
977.261389195919000	 0.052609893911989
977.494347810745000	 0.052746204908740
977.727306425571000	 0.052873624187456
977.960265040398000	 0.052997576658674
978.193223655224000	 0.053127714313873
978.426182270050000	 0.053275351034158
978.659140884876000	 0.053449871587686
978.892099499702000	 0.053656047001636
979.125058114529000	 0.053893720692492
979.358016729355000	 0.054160009736010
979.590975344181000	 0.054452733709302
979.823933959007000	 0.054773064541782
980.056892573833000	 0.055125822108123
980.289851188660000	 0.055517182487825
980.522809803486000	 0.055951033088983
980.755768418312000	 0.056425956150788
980.988727033138000	 0.056934440365061
981.221685647964000	 0.057464642019251
981.454644262791000	 0.058003579045335
981.687602877617000	 0.058539889398547
981.920561492443000	 0.059064678162702
982.153520107269000	 0.059570273214372
982.386478722095000	 0.060048092279156
982.619437336922000	 0.060487425481793
982.852395951748000	 0.060876372759957
983.085354566574000	 0.061204770398624
983.318313181400000	 0.061467550770992
983.551271796227000	 0.061666496292196
983.784230411053000	 0.061809133478455
984.017189025879000	 0.061905124710622
984.250147640705000	 0.061961982827790
984.483106255531000	 0.061982382254753
984.716064870358000	 0.061964503816025
984.949023485184000	 0.061905184363094
985.181982100010000	 0.061804069293873
985.414940714836000	 0.061666389458216
985.647899329662000	 0.061502758705845
985.880857944489000	 0.061326066275974
986.113816559315000	 0.061147135804075
986.346775174141000	 0.060971444044990
986.579733788967000	 0.060798539198141
986.812692403793000	 0.060624275130020
987.045651018620000	 0.060444440535695
987.278609633446000	 0.060257674307386
987.511568248272000	 0.060066107223038
987.744526863098000	 0.059873608472835
987.977485477924000	 0.059682964162975
988.210444092751000	 0.059493919953136
988.443402707577000	 0.059303457671102
988.676361322403000	 0.059108297720794
988.909319937229000	 0.058908234314803
989.142278552055000	 0.058708342134191
989.375237166882000	 0.058518694008016
989.608195781708000	 0.058351639284710
989.841154396534000	 0.058218058810776
990.074113011360000	 0.058124541670148
990.307071626186000	 0.058072854316618
990.540030241013000	 0.058061754215081
990.772988855839000	 0.058089893639398
991.005947470665000	 0.058158013758259
991.238906085491000	 0.058269164123828
991.471864700318000	 0.058426968895560
991.704823315144000	 0.058633203082972
991.937781929970000	 0.058886378752054
992.170740544796000	 0.059182409154271
992.403699159622000	 0.059517090556718
992.636657774448000	 0.059888912267000
992.869616389275000	 0.060300352081377
993.102575004101000	 0.060756621116188
993.335533618927000	 0.061262354093792
993.568492233753000	 0.061818082322718
993.801450848579000	 0.062418647490602
994.034409463406000	 0.063054770162207
994.267368078232000	 0.063717251939266
994.500326693058000	 0.064401717424181
994.733285307884000	 0.065111326385723
994.966243922710000	 0.065855867714913
995.199202537537000	 0.066647583962247
995.432161152363000	 0.067495867838274
995.665119767189000	 0.068403592823718
995.898078382015000	 0.069366936436184
996.131036996841000	 0.070378616682452
996.363995611668000	 0.071432549592456
996.596954226494000	 0.072527129332154
996.829912841320000	 0.073665124479629
997.062871456146000	 0.074850139974929
997.295830070972000	 0.076081578834671
997.528788685799000	 0.077350904907889
997.761747300625000	 0.078641273190442
997.994705915451000	 0.079930682683777
998.227664530277000	 0.081196813145459
998.460623145103000	 0.082420808308580
998.693581759930000	 0.083588032384653
998.926540374756000	 0.084685810405136
999.159498989582000	 0.085700141761938
999.392457604408000	 0.086614111005270
999.625416219234000	 0.087409725670886
999.858374834061000	 0.088072745212219
1000.091333448890000	 0.088598017861068
1000.324292063710000	 0.088992194872359
1000.557250678540000	 0.089271913898994
1000.790209293370000	 0.089457947406408
1001.023167908190000	 0.089567979499924
1001.256126523020000	 0.089611365309115
1001.489085137840000	 0.089588098496761
1001.722043752670000	 0.089491938221392
1001.955002367500000	 0.089315506228351
1002.187960982320000	 0.089054355003540
1002.420919597150000	 0.088707963822114
1002.653878211970000	 0.088277721308499
1002.886836826800000	 0.087763896137348
1003.119795441630000	 0.087164213770650
1003.352754056450000	 0.086475609303133
1003.585712671280000	 0.085698661910820
1003.818671286110000	 0.084842377282949
1004.051629900930000	 0.083926498443577
1004.284588515760000	 0.082979718772661
1004.517547130580000	 0.082034340516618
1004.750505745410000	 0.081119788152602
1004.983464360240000	 0.080257908529122
1005.216422975060000	 0.079461941984338
1005.449381589890000	 0.078739050562210
1005.682340204720000	 0.078094431508132
1005.915298819540000	 0.077534332975031
1006.148257434370000	 0.077066109212463
1006.381216049190000	 0.076695321019914
1006.614174664020000	 0.076421721117225
1006.847133278850000	 0.076236724730771
1007.080091893670000	 0.076124235165039
1007.313050508500000	 0.076064868141417
1007.546009123330000	 0.076041699021253
1007.778967738150000	 0.076044745434382
1008.011926352980000	 0.076072063657665
1008.244884967800000	 0.076127217868000
1008.477843582630000	 0.076214871332259
1008.710802197460000	 0.076337194207508
1008.943760812280000	 0.076493171963232
1009.176719427110000	 0.076681109651869
1009.409678041930000	 0.076902688296012
1009.642636656760000	 0.077165960208197
1009.875595271590000	 0.077485244295234
1010.108553886410000	 0.077877660401567
1010.341512501240000	 0.078357967362619
1010.574471116070000	 0.078934331202130
1010.807429730890000	 0.079607126961879
1011.040388345720000	 0.080371183294164
1011.273346960540000	 0.081219964460139
1011.506305575370000	 0.082149142812540
1011.739264190200000	 0.083157470674491
1011.972222805020000	 0.084244559697592
1012.205181419850000	 0.085407103745462
1012.438140034680000	 0.086636084814377
1012.671098649500000	 0.087916981053259
1012.904057264330000	 0.089233236850724
1013.137015879150000	 0.090571269431489
1013.369974493980000	 0.091924266003469
1013.602933108810000	 0.093292635733691
1013.835891723630000	 0.094680900715917
1014.068850338460000	 0.096092891623538
1014.301808953290000	 0.097528101198339
1014.534767568110000	 0.098981345267284
1014.767726182940000	 0.100445878712484
1015.000684797760000	 0.101917967156293
1015.233643412590000	 0.103399903019331
1015.466602027420000	 0.104899223966618
1015.699560642240000	 0.106424021836757
1015.932519257070000	 0.107976468748808
1016.165477871890000	 0.109547729097348
1016.398436486720000	 0.111116682774542
1016.631395101550000	 0.112652786306385
1016.864353716370000	 0.114121149441765
1017.097312331200000	 0.115486836027677
1017.330270946030000	 0.116716180793593
1017.563229560850000	 0.117775084244056
1017.796188175680000	 0.118626444458945
1018.029146790500000	 0.119229701290048
1018.262105405330000	 0.119544340444243
1018.495064020160000	 0.119536766028900
1018.728022634980000	 0.119187683347444
1018.960981249810000	 0.118496485282895
1019.193939864640000	 0.117480565353978
1019.426898479460000	 0.116170113686517
1019.659857094290000	 0.114601171680486
1019.892815709110000	 0.112810260139174
1020.125774323940000	 0.110832584264102
1020.358732938770000	 0.108703552828293
1020.591691553590000	 0.106461474079825
1020.824650168420000	 0.104148829461404
1021.057608783250000	 0.101810623140140
1021.290567398070000	 0.099490198237569
1021.523526012900000	 0.097224454953497
1021.756484627720000	 0.095040777132877
1021.989443242550000	 0.092957065760944
1022.222401857380000	 0.090984648518272
1022.455360472200000	 0.089132371998786
1022.688319087030000	 0.087409668450050
1022.921277701850000	 0.085827089152809
1023.154236316680000	 0.084394299521025
1023.387194931510000	 0.083116982556772
1023.620153546330000	 0.081994705300732
1023.853112161160000	 0.081021259196725
1024.086070775990000	 0.080187591089420
1024.319029390810000	 0.079485949762974
1024.551988005640000	 0.078913119865965
1024.784946620460000	 0.078471053469226
1025.017905235290000	 0.078164604075763
1025.250863850120000	 0.077997619536428
1025.483822464940000	 0.077969490132608
1025.716781079770000	 0.078073934251175
1025.949739694600000	 0.078300527589560
1026.182698309420000	 0.078637950664738
1026.415656924250000	 0.079077011171021
1026.648615539070000	 0.079611734247762
1026.881574153900000	 0.080238060520303
1027.114532768730000	 0.080951178521078
1027.347491383550000	 0.081743333842999
1027.580449998380000	 0.082603610040023
1027.813408613200000	 0.083519869004547
1028.046367228030000	 0.084481556432139
1028.279325842860000	 0.085481356797182
1028.512284457680000	 0.086514239401989
1028.745243072510000	 0.087573997629406
1028.978201687340000	 0.088649014160250
1029.211160302160000	 0.089719678247871
1029.444118916990000	 0.090759168344179
1029.677077531810000	 0.091737531514654
1029.910036146640000	 0.092627121061202
1030.142994761470000	 0.093406609437636
1030.375953376290000	 0.094061552931617
1030.608911991120000	 0.094581456978364
1030.841870605950000	 0.094955308179232
1031.074829220770000	 0.095168398072399
1031.307787835600000	 0.095202471881317
1031.540746450420000	 0.095039271619070
1031.773705065250000	 0.094665560973862
1032.006663680080000	 0.094076894117959
1032.239622294900000	 0.093278213643907
1032.472580909730000	 0.092281305611372
1032.705539524560000	 0.091100982193838
1032.938498139380000	 0.089752493829320
1033.171456754210000	 0.088251769424143
1033.404415369030000	 0.086618234604507
1033.637373983860000	 0.084878271022641
1033.870332598690000	 0.083066839252422
1034.103291213510000	 0.081225692436035
1034.336249828340000	 0.079398400058616
1034.569208443160000	 0.077624041102325
1034.802167057990000	 0.075932051056075
1035.035125672820000	 0.074340090798960
1035.268084287640000	 0.072855363974110
1035.501042902470000	 0.071478301136086
1035.734001517300000	 0.070206674763272
1035.966960132120000	 0.069038368243606
1036.199918746950000	 0.067972021761801
1036.432877361770000	 0.067006015638364
1036.665835976600000	 0.066137043583935
1036.898794591430000	 0.065359494857385
1037.131753206250000	 0.064666115737744
1037.364711821080000	 0.064049465852280
1037.597670435910000	 0.063503128367262
1037.830629050730000	 0.063021814237546
1038.063587665560000	 0.062600282164416
1038.296546280380000	 0.062231853846156
1038.529504895210000	 0.061907668685317
1038.762463510040000	 0.061617434611724
1038.995422124860000	 0.061351502897883
1039.228380739690000	 0.061103191653038
1039.461339354520000	 0.060869996691415
1039.694297969340000	 0.060652894135902
1039.927256584170000	 0.060454051670831
1040.160215198990000	 0.060274255879662
1040.393173813820000	 0.060111617105354
1040.626132428650000	 0.059962440830281
1040.859091043470000	 0.059823902853361
1041.092049658300000	 0.059697043037379
1041.325008273120000	 0.059588281928362
1041.557966887950000	 0.059508402101779
1041.790925502780000	 0.059469329165765
1042.023884117600000	 0.059480300829838
1042.256842732430000	 0.059545411723625
1042.489801347260000	 0.059663832739354
1042.722759962080000	 0.059832581563045
1042.955718576910000	 0.060050330131440
1043.188677191730000	 0.060320160704902
1043.421635806560000	 0.060649778101056
1043.654594421390000	 0.061049122658264
1043.887553036210000	 0.061526776878861
1044.120511651040000	 0.062087195431776
1044.353470265870000	 0.062730267834526
1044.586428880690000	 0.063453342867342
1044.819387495520000	 0.064254379846809
1045.052346110340000	 0.065134196320390
1045.285304725170000	 0.066096291120047
1045.518263340000000	 0.067144157640005
1045.751221954820000	 0.068277516820299
1045.984180569650000	 0.069489594800808
1046.217139184470000	 0.070767024975737
1046.450097799300000	 0.072092449753874
1046.683056414130000	 0.073448281047962
1046.916015028950000	 0.074819325004721
1047.148973643780000	 0.076192607870004
1047.381932258610000	 0.077554443498766
1047.614890873430000	 0.078886557447051
1047.847849488260000	 0.080163855144374
1048.080808103080000	 0.081355695334600
1048.313766717910000	 0.082430664525464
1048.546725332740000	 0.083362879671464
1048.779683947560000	 0.084136934547799
1049.012642562390000	 0.084749330948406
1049.245601177220000	 0.085206173987107
1049.478559792040000	 0.085518868958555
1049.711518406870000	 0.085700363766242
1049.944477021690000	 0.085763725156638
1050.177435636520000	 0.085723062027739
1050.410394251350000	 0.085595132675431
1050.643352866170000	 0.085399421081982
1050.876311481000000	 0.085155373347937
1051.109270095830000	 0.084877291848552
1051.342228710650000	 0.084569002145407
1051.575187325480000	 0.084220888913379
1051.808145940300000	 0.083810963901715
1052.041104555130000	 0.083309777264064
1052.274063169960000	 0.082687205738831
1052.507021784780000	 0.081918422541842
1052.739980399610000	 0.080987075540714
1052.972939014430000	 0.079885413675150
1053.205897629260000	 0.078612747363564
1053.438856244090000	 0.077174229135656
1053.671814858910000	 0.075581213739357
1053.904773473740000	 0.073852948194092
1054.137732088570000	 0.072018048029855
1054.370690703390000	 0.070113961804380
1054.603649318220000	 0.068183566384739
1054.836607933040000	 0.066269584163110
1055.069566547870000	 0.064408749749157
1055.302525162700000	 0.062627896426604
1055.535483777520000	 0.060943283148553
1055.768442392350000	 0.059363001572867
1056.001401007180000	 0.057890942177886
1056.234359622000000	 0.056530241888998
1056.467318236830000	 0.055284652310502
1056.700276851650000	 0.054157551169748
1056.933235466480000	 0.053149649647367
1057.166194081310000	 0.052257103018401
1057.399152696130000	 0.051471383734988
1057.632111310960000	 0.050781150884234
1057.865069925790000	 0.050175103646875
1058.098028540610000	 0.049644176476631
1058.330987155440000	 0.049181812211415
1058.563945770260000	 0.048782224062234
1058.796904385090000	 0.048437826518254
1059.029862999920000	 0.048137613589076
1059.262821614740000	 0.047867810294481
1059.495780229570000	 0.047614838563023
1059.728738844390000	 0.047369235581034
1059.961697459220000	 0.047128468375404
1060.194656074050000	 0.046897048172118
1060.427614688870000	 0.046683724709523
1060.660573303700000	 0.046497054815594
1060.893531918530000	 0.046341454582387
1061.126490533350000	 0.046215538506460
1061.359449148180000	 0.046113308207211
1061.592407763000000	 0.046027258550487
1061.825366377830000	 0.045951547096834
1062.058324992660000	 0.045883534811905
1062.291283607480000	 0.045823122018985
1062.524242222310000	 0.045770674264477
1062.757200837140000	 0.045725134793735
1062.990159451960000	 0.045683702179097
1063.223118066790000	 0.045643371105895
1063.456076681610000	 0.045603354128498
1063.689035296440000	 0.045566716716072
1063.921993911270000	 0.045539918239411
1064.154952526090000	 0.045530166357265
1064.387911140920000	 0.045541838099740
1064.620869755740000	 0.045573896197602
1064.853828370570000	 0.045619822231089
1065.086786985400000	 0.045670289530990
1065.319745600220000	 0.045717304050326
1065.552704215050000	 0.045757698363497
1065.785662829880000	 0.045794187050323
1066.018621444700000	 0.045833517016792
1066.251580059530000	 0.045882810364265
1066.484538674350000	 0.045946115222940
1066.717497289180000	 0.046022966132452
1066.950455904010000	 0.046109562300273
1067.183414518830000	 0.046201680102383
1067.416373133660000	 0.046297491526599
1067.649331748490000	 0.046398602486570
1067.882290363310000	 0.046508751750783
1068.115248978140000	 0.046631032683893
1068.348207592960000	 0.046765374010040
1068.581166207790000	 0.046907851358698
1068.814124822620000	 0.047052312916848
1069.047083437440000	 0.047193426133732
1069.280042052270000	 0.047329396381200
1069.513000667100000	 0.047462787916708
1069.745959281920000	 0.047598985323337
1069.978917896750000	 0.047743197389828
1070.211876511570000	 0.047897717157651
1070.444835126400000	 0.048060958298758
1070.677793741230000	 0.048228727015761
1070.910752356050000	 0.048396887421326
1071.143710970880000	 0.048563800491441
1071.376669585700000	 0.048731121048725
1071.609628200530000	 0.048902586693939
1071.842586815360000	 0.049081670009700
1072.075545430180000	 0.049269631353440
1072.308504045010000	 0.049465210785191
1072.541462659840000	 0.049666127454678
1072.774421274660000	 0.049871371103612
1073.007379889490000	 0.050082714496975
1073.240338504310000	 0.050304321799975
1073.473297119140000	 0.050540528957698
1073.706255733970000	 0.050793095213826
1073.939214348790000	 0.051059703405327
1074.172172963620000	 0.051334883415123
1074.405131578450000	 0.051613142876131
1074.638090193270000	 0.051892694467564
1074.871048808100000	 0.052177614713941
1075.104007422920000	 0.052476952100719
1075.336966037750000	 0.052800892716883
1075.569924652580000	 0.053155710270292
1075.802883267400000	 0.053539968532320
1076.035841882230000	 0.053943883984414
1076.268800497060000	 0.054352168065839
1076.501759111880000	 0.054748889160000
1076.734717726710000	 0.055121900834450
1076.967676341530000	 0.055464735704781
1077.200634956360000	 0.055775344782634
1077.433593571190000	 0.056052793863011
1077.666552186010000	 0.056294025948471
1077.899510800840000	 0.056492547199622
1078.132469415660000	 0.056639606826034
1078.365428030490000	 0.056726910931519
1078.598386645320000	 0.056749054708334
1078.831345260140000	 0.056704175827559
1079.064303874970000	 0.056592587235404
1079.297262489800000	 0.056414520692855
1079.530221104620000	 0.056168734159505
1079.763179719450000	 0.055853218260035
1079.996138334270000	 0.055467884231711
1080.229096949100000	 0.055017745744937
1080.462055563930000	 0.054514579742286
1080.695014178750000	 0.053975737728060
1080.927972793580000	 0.053420306791844
1081.160931408410000	 0.052864307348177
1081.393890023230000	 0.052317219857643
1081.626848638060000	 0.051781519138838
1081.859807252880000	 0.051255374095392
1082.092765867710000	 0.050737036418521
1082.325724482540000	 0.050228580449698
1082.558683097360000	 0.049737059132966
1082.791641712190000	 0.049272585124631
1083.024600327010000	 0.048844512842892
1083.257558941840000	 0.048457871230015
1083.490517556670000	 0.048111981889558
1083.723476171490000	 0.047801943067856
1083.956434786320000	 0.047522060249401
1084.189393401150000	 0.047269244474718
1084.422352015970000	 0.047044476809586
1084.655310630800000	 0.046851593373570
1084.888269245620000	 0.046694191775155
1085.121227860450000	 0.046572508295023
1085.354186475280000	 0.046482097056403
1085.587145090100000	 0.046415094503822
1085.820103704930000	 0.046363372819264
1086.053062319760000	 0.046321816908046
1086.286020934580000	 0.046289919108596
1086.518979549410000	 0.046270885088034
1086.751938164230000	 0.046268873844603
1086.984896779060000	 0.046286015006274
1087.217855393890000	 0.046320896083487
1087.450814008710000	 0.046369299881447
1087.683772623540000	 0.046426641443460
1087.916731238370000	 0.046490579439150
1088.149689853190000	 0.046562226816071
1088.382648468020000	 0.046645272425175
1088.615607082840000	 0.046743593640138
1088.848565697670000	 0.046858822597924
1089.081524312500000	 0.046989317095458
1089.314482927320000	 0.047131109333271
1089.547441542150000	 0.047280190286509
1089.780400156970000	 0.047434664452074
1090.013358771800000	 0.047595386738466
1090.246317386630000	 0.047764634972400
1090.479276001450000	 0.047943608396178
1090.712234616280000	 0.048130325308441
1090.945193231110000	 0.048319346301489
1091.178151845930000	 0.048503739488914
1091.411110460760000	 0.048678398198544
1091.644069075580000	 0.048842977851453
1091.877027690410000	 0.049002847045098
1092.109986305240000	 0.049167489011489
1092.342944920060000	 0.049347143553810
1092.575903534890000	 0.049549378518851
1092.808862149720000	 0.049777240905262
1093.041820764540000	 0.050029712923592
1093.274779379370000	 0.050303923808102
1093.507737994190000	 0.050597666546635
1093.740696609020000	 0.050910742045424
1093.973655223850000	 0.051244482547969
1094.206613838670000	 0.051599963404755
1094.439572453500000	 0.051976193196646
1094.672531068330000	 0.052369522140480
1094.905489683150000	 0.052774678380637
1095.138448297980000	 0.053186749406173
1095.371406912800000	 0.053602755140820
1095.604365527630000	 0.054021644722662
1095.837324142460000	 0.054442495497911
1096.070282757280000	 0.054861830037378
1096.303241372110000	 0.055271605434984
1096.536199986930000	 0.055659170796666
1096.769158601760000	 0.056009453898112
1097.002117216590000	 0.056308407909961
1097.235075831410000	 0.056546047060095
1097.468034446240000	 0.056717652565734
1097.700993061070000	 0.056822782018138
1097.933951675890000	 0.056862925742618
1098.166910290720000	 0.056839312269403
1098.399868905540000	 0.056752121778277
1098.632827520370000	 0.056601408318792
1098.865786135200000	 0.056388952060603
1099.098744750020000	 0.056119713204200
1099.331703364850000	 0.055801858352560
1099.564661979680000	 0.055445265506797
1099.797620594500000	 0.055059385884508
1100.030579209330000	 0.054651751425605
1100.263537824150000	 0.054228024752753
1100.496496438980000	 0.053793527528253
1100.729455053810000	 0.053355222323078
1100.962413668630000	 0.052922747332635
1101.195372283460000	 0.052507566081057
1101.428330898280000	 0.052120349959458
1101.661289513110000	 0.051767761324447
1101.894248127940000	 0.051450257127099
1102.127206742760000	 0.051162126224840
1102.360165357590000	 0.050893899133363
1102.593123972420000	 0.050636079174297
1102.826082587240000	 0.050382482057002
1103.059041202070000	 0.050131710864186
1103.291999816890000	 0.049886294823305
1103.524958431720000	 0.049650205960057
1103.757917046550000	 0.049426188524844
1103.990875661370000	 0.049214248351884
1104.223834276200000	 0.049011869143117
1104.456792891030000	 0.048815525374142
1104.689751505850000	 0.048622414648127
1104.922710120680000	 0.048431378991994
1105.155668735500000	 0.048242640035907
1105.388627350330000	 0.048056785007033
1105.621585965160000	 0.047873889848159
1105.854544579980000	 0.047693492471283
1106.087503194810000	 0.047515472523318
1106.320461809640000	 0.047341191888104
1106.553420424460000	 0.047173970725188
1106.786379039290000	 0.047018322246479
1107.019337654110000	 0.046878145195306
1107.252296268940000	 0.046754791160153
1107.485254883770000	 0.046646124685281
1107.718213498590000	 0.046547225725521
1107.951172113420000	 0.046452490034721
1108.184130728240000	 0.046358071205927
1108.417089343070000	 0.046263368837118
1108.650047957900000	 0.046170774960054
1108.883006572720000	 0.046083869613442
1109.115965187550000	 0.046005133145612
1109.348923802380000	 0.045934500292944
1109.581882417200000	 0.045869568227452
1109.814841032030000	 0.045807283111189
1110.047799646850000	 0.045746041130014
1110.280758261680000	 0.045686881393869
1110.513716876510000	 0.045632989755066
1110.746675491330000	 0.045587761184355
1110.979634106160000	 0.045552566207397
1111.212592720990000	 0.045525589354849
1111.445551335810000	 0.045502507658234
1111.678509950640000	 0.045478689251160
1111.911468565460000	 0.045451648786461
1112.144427180290000	 0.045422273839689
1112.377385795120000	 0.045394003952658
1112.610344409940000	 0.045370335624132
1112.843303024770000	 0.045352048267207
1113.076261639600000	 0.045335791251489
1113.309220254420000	 0.045314973909950
1113.542178869250000	 0.045282626720958
1113.775137484070000	 0.045234763701929
1114.008096098900000	 0.045172438466148
1114.241054713730000	 0.045101370412319
1114.474013328550000	 0.045029344078469
1114.706971943380000	 0.044962795545094
1114.939930558200000	 0.044904412422486
1115.172889173030000	 0.044852965713722
1115.405847787860000	 0.044805307573820
1115.638806402680000	 0.044759233723303
1115.871765017510000	 0.044715436439713
1116.104723632340000	 0.044677347716949
1116.337682247160000	 0.044648957986702
1116.570640861990000	 0.044631936672027
1116.803599476810000	 0.044623852954930
1117.036558091640000	 0.044618718076222
1117.269516706470000	 0.044609752233688
1117.502475321290000	 0.044592957030019
1117.735433936120000	 0.044569520908322
1117.968392550950000	 0.044545651369150
1118.201351165770000	 0.044529808440294
1118.434309780600000	 0.044528726620804
1118.667268395420000	 0.044544273604825
1118.900227010250000	 0.044572752894953
1119.133185625080000	 0.044606957019826
1119.366144239900000	 0.044639820332950
1119.599102854730000	 0.044667706873172
1119.832061469550000	 0.044691651609208
1120.065020084380000	 0.044716069316168
1120.297978699210000	 0.044745844108558
1120.530937314030000	 0.044783523151840
1120.763895928860000	 0.044828147373078
1120.996854543690000	 0.044876219972257
1121.229813158510000	 0.044924054926560
1121.462771773340000	 0.044969991993390
1121.695730388160000	 0.045015141437849
1121.928689002990000	 0.045062295124594
1122.161647617820000	 0.045113794187608
1122.394606232640000	 0.045169774740562
1122.627564847470000	 0.045227958396583
1122.860523462300000	 0.045285180482688
1123.093482077120000	 0.045339743044915
1123.326440691950000	 0.045393116239972
1123.559399306770000	 0.045449851266130
1123.792357921600000	 0.045515620571623
1124.025316536430000	 0.045594434288249
1124.258275151250000	 0.045686616630106
1124.491233766080000	 0.045788741722949
1124.724192380910000	 0.045895632782566
1124.957150995730000	 0.046003338413059
1125.190109610560000	 0.046111407053859
1125.423068225380000	 0.046223152351760
1125.656026840210000	 0.046343738706629
1125.888985455040000	 0.046477156844822
1126.121944069860000	 0.046623787600462
1126.354902684690000	 0.046779918540204
1126.587861299510000	 0.046939480536378
1126.820819914340000	 0.047097031989385
1127.053778529170000	 0.047250342370112
1127.286737143990000	 0.047401201534840
1127.519695758820000	 0.047554134745092
1127.752654373650000	 0.047713900621607
1127.985612988470000	 0.047883285747356
1128.218571603300000	 0.048062433405416
1128.451530218120000	 0.048249944543648
1128.684488832950000	 0.048444873536782
1128.917447447780000	 0.048648184068010
1129.150406062600000	 0.048862576137383
1129.383364677430000	 0.049090640452674
1129.616323292260000	 0.049332405746672
1129.849281907080000	 0.049583837449823
1130.082240521910000	 0.049837403076014
1130.315199136730000	 0.050084667423082
1130.548157751560000	 0.050319672672824
1130.781116366390000	 0.050541311579738
1131.014074981210000	 0.050753369463908
1131.247033596040000	 0.050962149467229
1131.479992210870000	 0.051172902277449
1131.712950825690000	 0.051386916370226
1131.945909440520000	 0.051600737087869
1132.178868055340000	 0.051807795045880
1132.411826670170000	 0.052001405260177
1132.644785285000000	 0.052177396474157
1132.877743899820000	 0.052334941340313
1133.110702514650000	 0.052475280816122
1133.343661129470000	 0.052599293488966
1133.576619744300000	 0.052705516145112
1133.809578359130000	 0.052789909680084
1134.042536973950000	 0.052847583350841
1134.275495588780000	 0.052875484372033
1134.508454203610000	 0.052874450189848
1134.741412818430000	 0.052849375019455
1134.974371433260000	 0.052807343798152
1135.207330048080000	 0.052754773922289
1135.440288662910000	 0.052695182641053
1135.673247277740000	 0.052628837194614
1135.906205892560000	 0.052554452240443
1136.139164507390000	 0.052471899641614
1136.372123122220000	 0.052384289991495
1136.605081737040000	 0.052298137732995
1136.838040351870000	 0.052221427775548
1137.070998966690000	 0.052160613363473
1137.303957581520000	 0.052118200982448
1137.536916196350000	 0.052092274704345
1137.769874811170000	 0.052078251938678
1138.002833426000000	 0.052071934412439
1138.235792040820000	 0.052072216466909
1138.468750655650000	 0.052082038677281
1138.701709270480000	 0.052107183520162
1138.934667885300000	 0.052153699696917
1139.167626500130000	 0.052225434246457
1139.400585114960000	 0.052322986308904
1139.633543729780000	 0.052444505205049
1139.866502344610000	 0.052587668422305
1140.099460959430000	 0.052751527332902
1140.332419574260000	 0.052937075721462
1140.565378189090000	 0.053146259029405
1140.798336803910000	 0.053380156917040
1141.031295418740000	 0.053637615415311
1141.264254033570000	 0.053915352442486
1141.497212648390000	 0.054209661500017
1141.730171263220000	 0.054518826071350
1141.963129878040000	 0.054844847631148
1142.196088492870000	 0.055193413779073
1142.429047107700000	 0.055572014821736
1142.662005722520000	 0.055987176003717
1142.894964337350000	 0.056442285573348
1143.127922952180000	 0.056937172497920
1143.360881567000000	 0.057469610592486
1143.593840181830000	 0.058037854665863
1143.826798796650000	 0.058642767789257
1144.059757411480000	 0.059288399626632
1144.292716026310000	 0.059980839955498
1144.525674641130000	 0.060726209409053
1144.758633255960000	 0.061529132671844
1144.991591870780000	 0.062392682807051
1145.224550485610000	 0.063319806212413
1145.457509100440000	 0.064315225004464
1145.690467715260000	 0.065386392054698
1145.923426330090000	 0.066542529995196
1146.156384944920000	 0.067791874647465
1146.389343559740000	 0.069138323765686
1146.622302174570000	 0.070579112535678
1146.855260789390000	 0.072104623006283
1147.088219404220000	 0.073700245944602
1147.321178019050000	 0.075349014693763
1147.554136633870000	 0.077033233073469
1147.787095248700000	 0.078733863274876
1148.020053863530000	 0.080427756619921
1148.253012478350000	 0.082084155874725
1148.485971093180000	 0.083662494549318
1148.718929708000000	 0.085113016129337
1148.951888322830000	 0.086380414997749
1149.184846937660000	 0.087409317548602
1149.417805552480000	 0.088149773429343
1149.650764167310000	 0.088561352118556
1149.883722782140000	 0.088615578980889
1150.116681396960000	 0.088297468336039
1150.349640011790000	 0.087607099291236
1150.582598626610000	 0.086561433135262
1150.815557241440000	 0.085195477991768
1151.048515856270000	 0.083561328110597
1151.281474471090000	 0.081724064416007
1151.514433085920000	 0.079754813258195
1151.747391700740000	 0.077722660332167
1151.980350315570000	 0.075687787104934
1152.213308930400000	 0.073697756025053
1152.446267545220000	 0.071787538683903
1152.679226160050000	 0.069982314030860
1152.912184774880000	 0.068301021429483
1153.145143389700000	 0.066758640710622
1153.378102004530000	 0.065366177564861
1153.611060619350000	 0.064128815937810
1153.844019234180000	 0.063043867826595
1154.076977849010000	 0.062100383162051
1154.309936463830000	 0.061281442875791
1154.542895078660000	 0.060568671404174
1154.775853693490000	 0.059947167238103
1155.008812308310000	 0.059408628596418
1155.241770923140000	 0.058951234797729
1155.474729537960000	 0.058576436795384
1155.707688152790000	 0.058284351637760
1155.940646767620000	 0.058070121290055
1156.173605382440000	 0.057923042769516
1156.406563997270000	 0.057828798375922
1156.639522612090000	 0.057773493105622
1156.872481226920000	 0.057747316492423
1157.105439841750000	 0.057745971114381
1157.338398456570000	 0.057769337743120
1157.571357071400000	 0.057818393560615
1157.804315686230000	 0.057892291757783
1158.037274301050000	 0.057987285904621
1158.270232915880000	 0.058098012898208
1158.503191530700000	 0.058220222172305
1158.736150145530000	 0.058353183095401
1158.969108760360000	 0.058500211938253
1159.202067375180000	 0.058666893812227
1159.435025990010000	 0.058857945730870
1159.667984604840000	 0.059074471844065
1159.900943219660000	 0.059313153047805
1160.133901834490000	 0.059567823227372
1160.366860449310000	 0.059832535862236
1160.599819064140000	 0.060104392052079
1160.832777678970000	 0.060384570388330
1161.065736293790000	 0.060677064813056
1161.298694908620000	 0.060985958906942
1161.531653523450000	 0.061312871244295
1161.764612138270000	 0.061656052105035
1161.997570753100000	 0.062011612714327
1162.230529367920000	 0.062376113223967
1162.463487982750000	 0.062748955391818
1162.696446597580000	 0.063133173917953
1162.929405212400000	 0.063534194570514
1163.162363827230000	 0.063957329416575
1163.395322442050000	 0.064405492238908
1163.628281056880000	 0.064878437727433
1163.861239671710000	 0.065373885474407
1164.094198286530000	 0.065889753019732
1164.327156901360000	 0.066426071194387
1164.560115516190000	 0.066985382609003
1164.793074131010000	 0.067571389616966
1165.026032745840000	 0.068186726235664
1165.258991360660000	 0.068831298852338
1165.491949975490000	 0.069502321462413
1165.724908590320000	 0.070196143546315
1165.957867205140000	 0.070910841100964
1166.190825819970000	 0.071648001834908
1166.423784434800000	 0.072412538716247
1166.656743049620000	 0.073210499195987
1166.889701664450000	 0.074046035621267
1167.122660279270000	 0.074919250417383
1167.355618894100000	 0.075826186708929
1167.588577508930000	 0.076761030153932
1167.821536123750000	 0.077719296637206
1168.054494738580000	 0.078700151440294
1168.287453353410000	 0.079706421203660
1168.520411968230000	 0.080742094058033
1168.753370583060000	 0.081808448388501
1168.986329197880000	 0.082900643840073
1169.219287812710000	 0.084006274691972
1169.452246427540000	 0.085106243927258
1169.685205042360000	 0.086177051553590
1169.918163657190000	 0.087192964792134
1170.151122272010000	 0.088126928883100
1170.384080886840000	 0.088950228276727
1170.617039501670000	 0.089632071518156
1170.849998116490000	 0.090140675050111
1171.082956731320000	 0.090446743475930
1171.315915346150000	 0.090528836426802
1171.548873960970000	 0.090378808015064
1171.781832575800000	 0.090005118398446
1172.014791190620000	 0.089432615121619
1172.247749805450000	 0.088698903095053
1172.480708420280000	 0.087848796226830
1172.713667035100000	 0.086928859048742
1172.946625649930000	 0.085983539889476
1173.179584264760000	 0.085053261549900
1173.412542879580000	 0.084173741307920
1173.645501494410000	 0.083375338778336
1173.878460109230000	 0.082681578475332
1174.111418724060000	 0.082106904059727
1174.344377338890000	 0.081654634769583
1174.577335953710000	 0.081316460804146
1174.810294568540000	 0.081074374807162
1175.043253183360000	 0.080904869110764
1175.276211798190000	 0.080784093250103
1175.509170413020000	 0.080692126865135
1175.742129027840000	 0.080614939369829
1175.975087642670000	 0.080543770797006
1176.208046257500000	 0.080472913553979
1176.441004872320000	 0.080397506707551
1176.673963487150000	 0.080312660810227
1176.906922101970000	 0.080214232482631
1177.139880716800000	 0.080100467662119
1177.372839331630000	 0.079973176186062
1177.605797946450000	 0.079837403218664
1177.838756561280000	 0.079699516822908
1178.071715176110000	 0.079564638936725
1178.304673790930000	 0.079434801960273
1178.537632405760000	 0.079308853287730
1178.770591020580000	 0.079184164332171
1179.003549635410000	 0.079059178061090
1179.236508250240000	 0.078935337677721
1179.469466865060000	 0.078817269004135
1179.702425479890000	 0.078711050377363
1179.935384094720000	 0.078621440379530
1180.168342709540000	 0.078549468401398
1180.401301324370000	 0.078491559993638
1180.634259939190000	 0.078440533227789
1180.867218554020000	 0.078387843307137
1181.100177168850000	 0.078325898250961
1181.333135783670000	 0.078249401383617
1181.566094398500000	 0.078155367964654
1181.799053013320000	 0.078042258419118
1182.032011628150000	 0.077909084756115
1182.264970242980000	 0.077755168952997
1182.497928857800000	 0.077580633482195
1182.730887472630000	 0.077387106831652
1182.963846087460000	 0.077177931080826
1183.196804702280000	 0.076957489792073
1183.429763317110000	 0.076729903678398
1183.662721931930000	 0.076497838068515
1183.895680546760000	 0.076262183660599
1184.128639161590000	 0.076022873076616
1184.361597776410000	 0.075780377316493
1184.594556391240000	 0.075536941972929
1184.827515006070000	 0.075296705860855
1185.060473620890000	 0.075064486398689
1185.293432235720000	 0.074843849085665
1185.526390850540000	 0.074635591001913
1185.759349465370000	 0.074437620774935
1185.992308080200000	 0.074246455649464
1186.225266695020000	 0.074059597690462
1186.458225309850000	 0.073877458030042
1186.691183924670000	 0.073703653601234
1186.924142539500000	 0.073543364004460
1187.157101154330000	 0.073400538065372
1187.390059769150000	 0.073275446961617
1187.623018383980000	 0.073163967202978
1187.855976998810000	 0.073059073512267
1188.088935613630000	 0.072953812221015
1188.321894228460000	 0.072844191087596
1188.554852843280000	 0.072730456160097
1188.787811458110000	 0.072616133109045
1189.020770072940000	 0.072505477770085
1189.253728687760000	 0.072400881090872
1189.486687302590000	 0.072301790054760
1189.719645917420000	 0.072205820292652
1189.952604532240000	 0.072111438188362
1190.185563147070000	 0.072020619944037
1190.418521761890000	 0.071939830521601
1190.651480376720000	 0.071878571737929
1190.884438991550000	 0.071846119469347
1191.117397606370000	 0.071848124711875
1191.350356221200000	 0.071884893741359
1191.583314836030000	 0.071952296865992
1191.816273450850000	 0.072044840325281
1192.049232065680000	 0.072159246260316
1192.282190680500000	 0.072296600864439
1192.515149295330000	 0.072461932288454
1192.748107910160000	 0.072661518538300
1192.981066524980000	 0.072899484426196
1193.214025139810000	 0.073175624481490
1193.446983754630000	 0.073485684155632
1193.679942369460000	 0.073823934076713
1193.912900984290000	 0.074186557198982
1194.145859599110000	 0.074573888655352
1194.378818213940000	 0.074990194390667
1194.611776828770000	 0.075441081532292
1194.844735443590000	 0.075929991725229
1195.077694058420000	 0.076455772443218
1195.310652673240000	 0.077012754345849
1195.543611288070000	 0.077593395785192
1195.776569902900000	 0.078192135965514
1196.009528517720000	 0.078808419309029
1196.242487132550000	 0.079447304028779
1196.475445747380000	 0.080117383182849
1196.708404362200000	 0.080827165493609
1196.941362977030000	 0.081581799583804
1197.174321591850000	 0.082381716962341
1197.407280206680000	 0.083223639969307
1197.640238821510000	 0.084103105889302
1197.873197436330000	 0.085016924070267
1198.106156051160000	 0.085964202569270
1198.339114665990000	 0.086945578295432
1198.572073280810000	 0.087961421728803
1198.805031895640000	 0.089010368788069
1199.037990510460000	 0.090089230940615
1199.270949125290000	 0.091194367883535
1199.503907740120000	 0.092323592260782
1199.736866354940000	 0.093477260452979
1199.969824969770000	 0.094657668412828
1200.202783584590000	 0.095866942096079
1200.435742199420000	 0.097104620709378
1200.668700814250000	 0.098366437049603
1200.901659429070000	 0.099645183505375
1201.134618043900000	 0.100933348621632
1201.367576658730000	 0.102226118964161
1201.600535273550000	 0.103523033771727
1201.833493888380000	 0.104827282569138
1202.066452503200000	 0.106142964653789
1202.299411118030000	 0.107471805809729
1202.532369732860000	 0.108811155015164
1202.765328347680000	 0.110154365339181
1202.998286962510000	 0.111493310758099
1203.231245577340000	 0.112821588683061
1203.464204192160000	 0.114136615004646
1203.697162806990000	 0.115439540805981
1203.930121421810000	 0.116733268376436
1204.163080036640000	 0.118019994981563
1204.396038651470000	 0.119299966969395
1204.628997266290000	 0.120572333383488
1204.861955881120000	 0.121837629722965
1205.094914495940000	 0.123100330898932
1205.327873110770000	 0.124369775598251
1205.560831725600000	 0.125658695313882
1205.793790340420000	 0.126980028474022
1206.026748955250000	 0.128343780111402
1206.259707570080000	 0.129755727980734
1206.492666184900000	 0.131218717860963
1206.725624799730000	 0.132735728664300
1206.958583414550000	 0.134312744448556
1207.191542029380000	 0.135959465211328
1207.424500644210000	 0.137687086709840
1207.657459259030000	 0.139504117235453
1207.890417873860000	 0.141412464578526
1208.123376488690000	 0.143406054304395
1208.356335103510000	 0.145472950708576
1208.589293718340000	 0.147600012765983
1208.822252333160000	 0.149777616199822
1209.055210947990000	 0.152001818629687
1209.288169562820000	 0.154272700479084
1209.521128177640000	 0.156589744157088
1209.754086792470000	 0.158946805579250
1209.987045407300000	 0.161329514929759
1210.220004022120000	 0.163716634819193
1210.452962636950000	 0.166084705873967
1210.685921251770000	 0.168413450726281
1210.918879866600000	 0.170688972516324
1211.151838481430000	 0.172903051155292
1211.384797096250000	 0.175049065867984
1211.617755711080000	 0.177116942379856
1211.850714325900000	 0.179089969125390
1212.083672940730000	 0.180945138305723
1212.316631555560000	 0.182656572594442
1212.549590170380000	 0.184199843049129
1212.782548785210000	 0.185554622022436
1213.015507400040000	 0.186704350067086
1213.248466014860000	 0.187633614596708
1213.481424629690000	 0.188325430783684
1213.714383244510000	 0.188760639936530
1213.947341859340000	 0.188920209898533
1214.180300474170000	 0.188789262462015
1214.413259088990000	 0.188360427045457
1214.646217703820000	 0.187634445725029
1214.879176318650000	 0.186617657895924
1215.112134933470000	 0.185317983782093
1215.345093548300000	 0.183742014334620
1215.578052163120000	 0.181895162260334
1215.811010777950000	 0.179784935067106
1216.043969392780000	 0.177425416580156
1216.276928007600000	 0.174840202600190
1216.509886622430000	 0.172061863589642
1216.742845237260000	 0.169128005936110
1216.975803852080000	 0.166075943718748
1217.208762466910000	 0.162938708987682
1217.441721081730000	 0.159744247985893
1217.674679696560000	 0.156517757189125
1217.907638311390000	 0.153285326117866
1218.140596926210000	 0.150076372884370
1218.373555541040000	 0.146923127897195
1218.606514155860000	 0.143857158687716
1218.839472770690000	 0.140904618492332
1219.072431385520000	 0.138082603241972
1219.305390000340000	 0.135398386748196
1219.538348615170000	 0.132851779390742
1219.771307230000000	 0.130439275261281
1220.004265844820000	 0.128157844555179
1220.237224459650000	 0.126006580049742
1220.470183074470000	 0.123985678771008
1220.703141689300000	 0.122093703768239
1220.936100304130000	 0.120324925626242
1221.169058918950000	 0.118668366085956
1221.402017533780000	 0.117109120100446
1221.634976148610000	 0.115631240023520
1221.867934763430000	 0.114220651639999
1222.100893378260000	 0.112866669115444
1222.333851993080000	 0.111561585261174
1222.566810607910000	 0.110298964392637
1222.799769222740000	 0.109071963840758
1223.032727837560000	 0.107872860305440
1223.265686452390000	 0.106694085315342
1223.498645067210000	 0.105530038029003
1223.731603682040000	 0.104378394070266
1223.964562296870000	 0.103239916266500
1224.197520911690000	 0.102116725934612
1224.430479526520000	 0.101010018615112
1224.663438141350000	 0.099918658801765
1224.896396756170000	 0.098839660256392
1225.129355371000000	 0.097770472944472
1225.362313985820000	 0.096711879717404
1225.595272600650000	 0.095669834151873
1225.828231215480000	 0.094655071997827
1226.061189830300000	 0.093680551789859
1226.294148445130000	 0.092758024660531
1226.527107059960000	 0.091895569237568
1226.760065674780000	 0.091097428270830
1226.993024289610000	 0.090366205036586
1227.225982904430000	 0.089706114879948
1227.458941519260000	 0.089125308625597
1227.691900134090000	 0.088635708707566
1227.924858748910000	 0.088250133792186
1228.157817363740000	 0.087978014139679
1228.390775978570000	 0.087821875543994
1228.623734593390000	 0.087776496351864
1228.856693208220000	 0.087831324343227
1229.089651823040000	 0.087975036436419
1229.322610437870000	 0.088199933707480
1229.555569052700000	 0.088503861996639
1229.788527667520000	 0.088888581536507
1230.021486282350000	 0.089355332674211
1230.254444897170000	 0.089899786520831
1230.487403512000000	 0.090508881141965
1230.720362126830000	 0.091161085133188
1230.953320741650000	 0.091829913708983
1231.186279356480000	 0.092488954507232
1231.419237971310000	 0.093116080272653
1231.652196586130000	 0.093695224708792
1231.885155200960000	 0.094215618880568
1232.118113815780000	 0.094669797348914
1232.351072430610000	 0.095052166585662
1232.584031045440000	 0.095359262249532
1232.816989660260000	 0.095591476960560
1233.049948275090000	 0.095754873980668
1233.282906889920000	 0.095861446755459
1233.515865504740000	 0.095927000191004
1233.748824119570000	 0.095967207004610
1233.981782734390000	 0.095993486995483
1234.214741349220000	 0.096010523928716
1234.447699964050000	 0.096016391987431
1234.680658578870000	 0.096004898320932
1234.913617193700000	 0.095968629021835
1235.146575808530000	 0.095900945590649
1235.379534423350000	 0.095795950511137
1235.612493038180000	 0.095646758772376
1235.845451653000000	 0.095443485725613
1236.078410267830000	 0.095172558087524
1236.311368882660000	 0.094818173094067
1236.544327497480000	 0.094365442439187
1236.777286112310000	 0.093803728420880
1237.010244727130000	 0.093128529207707
1237.243203341960000	 0.092341095558796
1237.476161956790000	 0.091446260382311
1237.709120571610000	 0.090449942624463
1237.942079186440000	 0.089357867295678
1238.175037801270000	 0.088176202959307
1238.407996416090000	 0.086913580553597
1238.640955030920000	 0.085583064025370
1238.873913645740000	 0.084202618636218
1239.106872260570000	 0.082793471178479
1239.339830875400000	 0.081376964221258
1239.572789490220000	 0.079971362236474
1239.805748105050000	 0.078590091294536
1240.038706719880000	 0.077242100589223
1240.271665334700000	 0.075933891757498
1240.504623949530000	 0.074671912837995
1240.737582564350000	 0.073463918460743
1240.970541179180000	 0.072318584362694
1241.203499794010000	 0.071243717727176
1241.436458408830000	 0.070244214930892
1241.669417023660000	 0.069321034756742
1241.902375638480000	 0.068471834378670
1242.135334253310000	 0.067692929997387
1242.368292868140000	 0.066981468310169
1242.601251482960000	 0.066336581357488
1242.834210097790000	 0.065758911491026
1243.067168712620000	 0.065248870385856
1243.300127327440000	 0.064804757534915
1243.533085942270000	 0.064421960049018
1243.766044557090000	 0.064093823900911
1243.999003171920000	 0.063813785490707
1244.231961786750000	 0.063577565334107
1244.464920401570000	 0.063384129893064
1244.697879016400000	 0.063234801616958
1244.930837631230000	 0.063130958057800
1245.163796246050000	 0.063071588797544
1245.396754860880000	 0.063052086541907
1245.629713475700000	 0.063064960998691
1245.862672090530000	 0.063102061019057
1246.095630705360000	 0.063157002809845
1246.328589320180000	 0.063226357552081
1246.561547935010000	 0.063308855684055
1246.794506549840000	 0.063403021605028
1247.027465164660000	 0.063504596638451
1247.260423779490000	 0.063605296242015
1247.493382394310000	 0.063693761543380
1247.726341009140000	 0.063758376025057
1247.959299623970000	 0.063790590765363
1248.192258238790000	 0.063787126434572
1248.425216853620000	 0.063750054957408
1248.658175468440000	 0.063684925705376
1248.891134083270000	 0.063598108477881
1249.124092698100000	 0.063494819541799
1249.357051312920000	 0.063378754709728
1249.590009927750000	 0.063253226467855
1249.822968542580000	 0.063122802058978
1250.055927157400000	 0.062994189918505
1250.288885772230000	 0.062875651126018
1250.521844387050000	 0.062775174850548
1250.754803001880000	 0.062698453857531
1250.987761616710000	 0.062647849657098
1251.220720231530000	 0.062622962509711
1251.453678846360000	 0.062622461140673
1251.686637461190000	 0.062646052925737
1251.919596076010000	 0.062695366545699
1252.152554690840000	 0.062773166929651
1252.385513305660000	 0.062881352105440
1252.618471920490000	 0.063018973129730
1252.851430535320000	 0.063181586326886
1253.084389150140000	 0.063362528202473
1253.317347764970000	 0.063555590833712
1253.550306379800000	 0.063757707120173
1253.783264994620000	 0.063970159014082
1254.016223609450000	 0.064197591700205
1254.249182224270000	 0.064445326740487
1254.482140839100000	 0.064716417265293
1254.715099453930000	 0.065010029165737
1254.948058068750000	 0.065321984005687
1255.181016683580000	 0.065647083996921
1255.413975298400000	 0.065981843331435
1255.646933913230000	 0.066326046477908
1255.879892528060000	 0.066682266863012
1256.112851142880000	 0.067053691754246
1256.345809757710000	 0.067441594593886
1256.578768372540000	 0.067843991649654
1256.811726987360000	 0.068256307938692
1257.044685602190000	 0.068673677091333
1257.277644217010000	 0.069093514812823
1257.510602831840000	 0.069516823414524
1257.743561446670000	 0.069947426225408
1257.976520061490000	 0.070389561694140
1258.209478676320000	 0.070845253815840
1258.442437291150000	 0.071313027650455
1258.675395905970000	 0.071788757896153
1258.908354520800000	 0.072268174073278
1259.141313135620000	 0.072749540384942
1259.374271750450000	 0.073234888940640
1259.607230365280000	 0.073729014428678
1259.840188980100000	 0.074236759034583
1260.073147594930000	 0.074760153113861
1260.306106209750000	 0.075297114261447
1260.539064824580000	 0.075842540582423
1260.772023439410000	 0.076391237226229
1261.004982054230000	 0.076940997615289
1261.237940669060000	 0.077494008283671
1261.470899283890000	 0.078055686041947
1261.703857898710000	 0.078631546938738
1261.936816513540000	 0.079223868793282
1262.169775128360000	 0.079830066048660
1262.402733743190000	 0.080443754885291
1262.635692358020000	 0.081057970469282
1262.868650972840000	 0.081668759216819
1263.101609587670000	 0.082277128136018
1263.334568202500000	 0.082888254609863
1263.567526817320000	 0.083508422694950
1263.800485432150000	 0.084141449133346
1264.033444046970000	 0.084786643629531
1264.266402661800000	 0.085439451632650
1264.499361276630000	 0.086094362981557
1264.732319891450000	 0.086748337179174
1264.965278506280000	 0.087402684641459
1265.198237121110000	 0.088062253744950
1265.431195735930000	 0.088732374936576
1265.664154350760000	 0.089415361717264
1265.897112965580000	 0.090108676001056
1266.130071580410000	 0.090805943593864
1266.363030195240000	 0.091500358270354
1266.595988810060000	 0.092188573681533
1266.828947424890000	 0.092872807540836
1267.061906039710000	 0.093559832627693
1267.294864654540000	 0.094257274488908
1267.527823269370000	 0.094969171507552
1267.760781884190000	 0.095693210995531
1267.993740499020000	 0.096421184584561
1268.226699113850000	 0.097142476796747
1268.459657728670000	 0.097848749219664
1268.692616343500000	 0.098537331401301
1268.925574958320000	 0.099211560446790
1269.158533573150000	 0.099878005406966
1269.391492187980000	 0.100542191041525
1269.624450802800000	 0.101205164298927
1269.857409417630000	 0.101862669850635
1270.090368032460000	 0.102507188088214
1270.323326647280000	 0.103131500238778
1270.556285262110000	 0.103731669448248
1270.789243876930000	 0.104307786704641
1271.022202491760000	 0.104862219815138
1271.255161106590000	 0.105396571451698
1271.488119721410000	 0.105909243055139
1271.721078336240000	 0.106395062101223
1271.954036951070000	 0.106847167261217
1272.186995565890000	 0.107260012982918
1272.419954180720000	 0.107631730176567
1272.652912795540000	 0.107964522777083
1272.885871410370000	 0.108262999892152
1273.118830025200000	 0.108531569520970
1273.351788640020000	 0.108772504563509
1273.584747254850000	 0.108985781685256
1273.817705869670000	 0.109170646465226
1274.050664484500000	 0.109327785190364
1274.283623099330000	 0.109460623354293
1274.516581714150000	 0.109574828183617
1274.749540328980000	 0.109676218823425
1274.982498943810000	 0.109768287940077
1275.215457558630000	 0.109850800449257
1275.448416173460000	 0.109920307411041
1275.681374788280000	 0.109972284775164
1275.914333403110000	 0.110003659526470
1276.147292017940000	 0.110014286880434
1276.380250632760000	 0.110006607238234
1276.613209247590000	 0.109983831024914
1276.846167862420000	 0.109947884542571
1277.079126477240000	 0.109898458454859
1277.312085092070000	 0.109833771060185
1277.545043706890000	 0.109752543554464
1277.778002321720000	 0.109655873833079
1278.010960936550000	 0.109547700213667
1278.243919551370000	 0.109433384572198
1278.476878166200000	 0.109317117927437
1278.709836781020000	 0.109199643649958
1278.942795395850000	 0.109077704817080
1279.175754010680000	 0.108945674841562
1279.408712625500000	 0.108798561072257
1279.641671240330000	 0.108634724744408
1279.874629855160000	 0.108456756322745
1280.107588469980000	 0.108269957501893
1280.340547084810000	 0.108079238608480
1280.573505699630000	 0.107886157534880
1280.806464314460000	 0.107687766857841
1281.039422929290000	 0.107477922978456
1281.272381544110000	 0.107250317789880
1281.505340158940000	 0.107001520777838
1281.738298773770000	 0.106732334911561
1281.971257388590000	 0.106446763349184
1282.204216003420000	 0.106149268509427
1282.437174618240000	 0.105841971699010
1282.670133233070000	 0.105523439498782
1282.903091847900000	 0.105189746367164
1283.136050462720000	 0.104837150935954
1283.369009077550000	 0.104464766820673
1283.601967692380000	 0.104075615905125
1283.834926307200000	 0.103675422003579
1284.067884922030000	 0.103269854785652
1284.300843536850000	 0.102861863003691
1284.533802151680000	 0.102450698267892
1284.766760766510000	 0.102033247563022
1284.999719381330000	 0.101606927696799
1285.232677996160000	 0.101172440508926
1285.465636610980000	 0.100734717950362
1285.698595225810000	 0.100301404164177
1285.931553840640000	 0.099879638456152
1286.164512455460000	 0.099472893472540
1286.397471070290000	 0.099079622106079
1286.630429685120000	 0.098694480143485
1286.863388299940000	 0.098311468826504
1287.096346914770000	 0.097927272655723
1287.329305529590000	 0.097542958872270
1287.562264144420000	 0.097163127800436
1287.795222759250000	 0.096793032742548
1288.028181374070000	 0.096435305586009
1288.261139988900000	 0.096088103222088
1288.494098603730000	 0.095745650391379
1288.727057218550000	 0.095400789942363
1288.960015833380000	 0.095048043885175
1289.192974448200000	 0.094685468166070
1289.425933063030000	 0.094314358523921
1289.658891677860000	 0.093937151355155
1289.891850292680000	 0.093554892080358
1290.124808907510000	 0.093165829577441
1290.357767522340000	 0.092765965698101
1290.590726137160000	 0.092351190696814
1290.823684751990000	 0.091919671609951
1291.056643366810000	 0.091473000178442
1291.289601981640000	 0.091015351391868
1291.522560596470000	 0.090551108563316
1291.755519211290000	 0.090082349131862
1291.988477826120000	 0.089607698743164
1292.221436440940000	 0.089123290370292
1292.454395055770000	 0.088625362277980
1292.687353670600000	 0.088113082876178
1292.920312285420000	 0.087590041264952
1293.153270900250000	 0.087063574332124
1293.386229515080000	 0.086542289967684
1293.619188129900000	 0.086033105270332
1293.852146744730000	 0.085539311477359
1294.085105359550000	 0.085060525475211
1294.318063974380000	 0.084594296166943
1294.551022589210000	 0.084138240837434
1294.783981204030000	 0.083691395399014
1295.016939818860000	 0.083254056151490
1295.249898433690000	 0.082826388709026
1295.482857048510000	 0.082406870039879
1295.715815663340000	 0.081991739527716
1295.948774278160000	 0.081576009129995
1296.181732892990000	 0.081155605366317
1296.414691507820000	 0.080729478576167
1296.647650122640000	 0.080300466744357
1296.880608737470000	 0.079874379456090
1297.113567352290000	 0.079457770894498
1297.346525967120000	 0.079055600637571
1297.579484581950000	 0.078670004092000
1297.812443196770000	 0.078300702025148
1298.045401811600000	 0.077946590177804
1298.278360426430000	 0.077607362794209
1298.511319041250000	 0.077284054450646
1298.744277656080000	 0.076978112873925
1298.977236270900000	 0.076689595564403
1299.210194885730000	 0.076415713263570
1299.443153500560000	 0.076150824259386
1299.676112115380000	 0.075888154184043
1299.909070730210000	 0.075622444665968
1300.142029345040000	 0.075352064132155
1300.374987959860000	 0.075079283756050
1300.607946574690000	 0.074808380450934
1300.840905189510000	 0.074542447916246
1301.073863804340000	 0.074280580783760
1301.306822419170000	 0.074016988588196
1301.539781033990000	 0.073742628238890
1301.772739648820000	 0.073448623966232
1302.005698263650000	 0.073129793939634
1302.238656878470000	 0.072786560003037
1302.471615493300000	 0.072424407389680
1302.704574108120000	 0.072051370908091
1302.937532722950000	 0.071675012376143
1303.170491337780000	 0.071300494599988
1303.403449952600000	 0.070930617596673
1303.636408567430000	 0.070567512038253
1303.869367182250000	 0.070214754887069
1304.102325797080000	 0.069878505667748
1304.335284411910000	 0.069566930090238
1304.568243026730000	 0.069288257025739
1304.801201641560000	 0.069048651133790
1305.034160256390000	 0.068851190472458
1305.267118871210000	 0.068696568492661
1305.500077486040000	 0.068585091134902
1305.733036100860000	 0.068518729224470
1305.965994715690000	 0.068501904211744
1306.198953330520000	 0.068540400289107
1306.431911945340000	 0.068638896366487
1306.664870560170000	 0.068798448236808
1306.897829175000000	 0.069015330672351
1307.130787789820000	 0.069281916695237
1307.363746404650000	 0.069589133222341
1307.596705019470000	 0.069929130970421
1307.829663634300000	 0.070296667356918
1308.062622249130000	 0.070688424517657
1308.295580863950000	 0.071100667116936
1308.528539478780000	 0.071526606155515
1308.761498093610000	 0.071955019632619
1308.994456708430000	 0.072370980385956
1309.227415323260000	 0.072758357011613
1309.460373938080000	 0.073102772633785
1309.693332552910000	 0.073393504489984
1309.926291167740000	 0.073623495126322
1310.159249782560000	 0.073787790457753
1310.392208397390000	 0.073881618284515
1310.625167012210000	 0.073899441274364
1310.858125627040000	 0.073835613164028
1311.091084241870000	 0.073686184470824
1311.324042856690000	 0.073450619019947
1311.557001471520000	 0.073132192033299
1311.789960086350000	 0.072736649623771
1312.022918701170000	 0.072269818740968
1312.255877316000000	 0.071735577176644
1312.488835930820000	 0.071135473768824
1312.721794545650000	 0.070470374678966
1312.954753160480000	 0.069743314798543
1313.187711775300000	 0.068961957344101
1313.420670390130000	 0.068139202017095
1313.653629004960000	 0.067291487205428
1313.886587619780000	 0.066435613221540
1314.119546234610000	 0.065585708779297
1314.352504849430000	 0.064751828473803
1314.585463464260000	 0.063940722349136
1314.818422079090000	 0.063158114726346
1315.051380693910000	 0.062411030515200
1315.284339308740000	 0.061708740479914
1315.517297923560000	 0.061061729672134
1315.750256538390000	 0.060479237840622
1315.983215153220000	 0.059966715009958
1316.216173768040000	 0.059524546396860
1316.449132382870000	 0.059148667999649
1316.682090997700000	 0.058832664714267
1316.915049612520000	 0.058570192647974
1317.148008227350000	 0.058356496897208
1317.380966842170000	 0.058188427135259
1317.613925457000000	 0.058063303754839
1317.846884071830000	 0.057977673512195
1318.079842686650000	 0.057926989101226
1318.312801301480000	 0.057906564440099
1318.545759916310000	 0.057913238513894
1318.778718531130000	 0.057946607596219
1319.011677145960000	 0.058008828171250
1319.244635760780000	 0.058102799104726
1319.477594375610000	 0.058229546705431
1319.710552990440000	 0.058386236923391
1319.943511605260000	 0.058565999637681
1320.176470220090000	 0.058759747234944
1320.409428834920000	 0.058958985463895
1320.642387449740000	 0.059157979840392
1320.875346064570000	 0.059353960328909
1321.108304679390000	 0.059545153160463
1321.341263294220000	 0.059727703903291
1321.574221909050000	 0.059893287169213
1321.807180523870000	 0.060028950134563
1322.040139138700000	 0.060119593193376
1322.273097753520000	 0.060152053564375
1322.506056368350000	 0.060118841444477
1322.739014983180000	 0.060019724269732
1322.971973598000000	 0.059860484179736
1323.204932212830000	 0.059649644318339
1323.437890827660000	 0.059394962296272
1323.670849442480000	 0.059101497654439
1323.903808057310000	 0.058772089924737
1324.136766672130000	 0.058409678772817
1324.369725286960000	 0.058019850467048
1324.602683901790000	 0.057611901862872
1324.835642516610000	 0.057197611725101
1325.068601131440000	 0.056788259114291
1325.301559746270000	 0.056391452336688
1325.534518361090000	 0.056009465502451
1325.767476975920000	 0.055639961581927
1326.000435590740000	 0.055278669859676
1326.233394205570000	 0.054922520302145
1326.466352820400000	 0.054571528667715
1326.699311435220000	 0.054228491337905
1326.932270050050000	 0.053896832156192
1327.165228664880000	 0.053577996020040
1327.398187279700000	 0.053270008097830
1327.631145894530000	 0.052968098063142
1327.864104509350000	 0.052667046863389
1328.097063124180000	 0.052363873545587
1328.330021739010000	 0.052059256211441
1328.562980353830000	 0.051756809774516
1328.795938968660000	 0.051460595176336
1329.028897583480000	 0.051172280421189
1329.261856198310000	 0.050889612242658
1329.494814813140000	 0.050607148593110
1329.727773427960000	 0.050318939781792
1329.960732042790000	 0.050021742585429
1330.193690657620000	 0.049717036893150
1330.426649272440000	 0.049410764424914
1330.659607887270000	 0.049110944656227
1330.892566502090000	 0.048824445123902
1331.125525116920000	 0.048554578520437
1331.358483731750000	 0.048300672695163
1331.591442346570000	 0.048059632782659
1331.824400961400000	 0.047828441182005
1332.057359576230000	 0.047606128324492
1332.290318191050000	 0.047394195726280
1332.523276805880000	 0.047195472243544
1332.756235420700000	 0.047012322296747
1332.989194035530000	 0.046845452783359
1333.222152650360000	 0.046694106966150
1333.455111265180000	 0.046557485224149
1333.688069880010000	 0.046436395227614
1333.921028494830000	 0.046333942529344
1334.153987109660000	 0.046254652288263
1334.386945724490000	 0.046202409054467
1334.619904339310000	 0.046178408384610
1334.852862954140000	 0.046180426337770
1335.085821568970000	 0.046204013697273
1335.318780183790000	 0.046245083909961
1335.551738798620000	 0.046302469749070
1335.784697413440000	 0.046378941511631
1336.017656028270000	 0.046479981975211
1336.250614643100000	 0.046610850592922
1336.483573257920000	 0.046773467939725
1336.716531872750000	 0.046964858097748
1336.949490487580000	 0.047178111784337
1337.182449102400000	 0.047405411187827
1337.415407717230000	 0.047641400062710
1337.648366332050000	 0.047884919838553
1337.881324946880000	 0.048138074841993
1338.114283561710000	 0.048403140215542
1338.347242176530000	 0.048679055648364
1338.580200791360000	 0.048959509391522
1338.813159406190000	 0.049233796918559
1339.046118021010000	 0.049490125880555
1339.279076635840000	 0.049719615551971
1339.512035250660000	 0.049918770129898
1339.744993865490000	 0.050089066831391
1339.977952480320000	 0.050233999468398
1340.210911095140000	 0.050355400643965
1340.443869709970000	 0.050451256084309
1340.676828324790000	 0.050516333060914
1340.909786939620000	 0.050545284005290
1341.142745554450000	 0.050536398465847
1341.375704169270000	 0.050493764881701
1341.608662784100000	 0.050426545084398
1341.841621398930000	 0.050345743303452
1342.074580013750000	 0.050260203332666
1342.307538628580000	 0.050173864738103
1342.540497243400000	 0.050085538837938
1342.773455858230000	 0.049991131186263
1343.006414473060000	 0.049887006907725
1343.239373087880000	 0.049772661344888
1343.472331702710000	 0.049651313974726
1343.705290317540000	 0.049528258438971
1343.938248932360000	 0.049408069714966
1344.171207547190000	 0.049292343207788
1344.404166162010000	 0.049179224611241
1344.637124776840000	 0.049064887066371
1344.870083391670000	 0.048945987046764
1345.103042006490000	 0.048821619739302
1345.336000621320000	 0.048693671859877
1345.568959236140000	 0.048565486813486
1345.801917850970000	 0.048439782890297
1346.034876465800000	 0.048317180714459
1346.267835080620000	 0.048196277312532
1346.500793695450000	 0.048075229381024
1346.733752310280000	 0.047953866169784
1346.966710925100000	 0.047835001993206
1347.199669539930000	 0.047724072918053
1347.432628154750000	 0.047627211984613
1347.665586769580000	 0.047548802648654
1347.898545384410000	 0.047489856034477
1348.131503999230000	 0.047448074955492
1348.364462614060000	 0.047419494260723
1348.597421228890000	 0.047400693655905
1348.830379843710000	 0.047390282788939
1349.063338458540000	 0.047388831646687
1349.296297073360000	 0.047397382490853
1349.529255688190000	 0.047415555775125
1349.762214303020000	 0.047440521947185
1349.995172917840000	 0.047467591853103
1350.228131532670000	 0.047492186269345
1350.461090147500000	 0.047512077065002
1350.694048762320000	 0.047528582010717
1350.927007377150000	 0.047545978824118
1351.159965991970000	 0.047569429554961
1351.392924606800000	 0.047602558096350
1351.625883221630000	 0.047646004907537
1351.858841836450000	 0.047697698357235
1352.091800451280000	 0.047754573316583
1352.324759066100000	 0.047814622004787
1352.557717680930000	 0.047877987047902
1352.790676295760000	 0.047946421791901
1353.023634910580000	 0.048021482745057
1353.256593525410000	 0.048102647049428
1353.489552140240000	 0.048186651213958
1353.722510755060000	 0.048268646667991
1353.955469369890000	 0.048344662383084
1354.188427984710000	 0.048414007977283
1354.421386599540000	 0.048480173467560
1354.654345214370000	 0.048549567646660
1354.887303829190000	 0.048628655027747
1355.120262444020000	 0.048721004081910
1355.353221058850000	 0.048825882262570
1355.586179673670000	 0.048939211649112
1355.819138288500000	 0.049056361055092
1356.052096903320000	 0.049175169583002
1356.285055518150000	 0.049297440763164
1356.518014132980000	 0.049428027231829
1356.750972747800000	 0.049572014539601
1356.983931362630000	 0.049731604996319
1357.216889977460000	 0.049904507501193
1357.449848592280000	 0.050084850704269
1357.682807207110000	 0.050266248733281
1357.915765821930000	 0.050445397789027
1358.148724436760000	 0.050624201451543
1358.381683051590000	 0.050809185433136
1358.614641666410000	 0.051008450538765
1358.847600281240000	 0.051227771265246
1359.080558896060000	 0.051467924583817
1359.313517510890000	 0.051724679596239
1359.546476125720000	 0.051991440708318
1359.779434740540000	 0.052263095899533
1360.012393355370000	 0.052538995026248
1360.245351970200000	 0.052823514719344
1360.478310585020000	 0.053123996689164
1360.711269199850000	 0.053447206813686
1360.944227814670000	 0.053796184158431
1361.177186429500000	 0.054169123315404
1361.410145044330000	 0.054560835046851
1361.643103659150000	 0.054965862448210
1361.876062273980000	 0.055381353667038
1362.109020888810000	 0.055807997555833
1362.341979503630000	 0.056248581833029
1362.574938118460000	 0.056705144252102
1362.807896733280000	 0.057176404804754
1363.040855348110000	 0.057656941202590
1363.273813962940000	 0.058138623044844
1363.506772577760000	 0.058613573553487
1363.739731192590000	 0.059076997176635
1363.972689807420000	 0.059528266557128
1364.205648422240000	 0.059969819778563
1364.438607037070000	 0.060404863137611
1364.671565651890000	 0.060835507489460
1364.904524266720000	 0.061262434209641
1365.137482881550000	 0.061686039560818
1365.370441496370000	 0.062108035786708
1365.603400111200000	 0.062532199381534
1365.836358726020000	 0.062963476310798
1366.069317340850000	 0.063405726393119
1366.302275955680000	 0.063859402226024
1366.535234570500000	 0.064320725884633
1366.768193185330000	 0.064783188825129
1367.001151800160000	 0.065240867549711
1367.234110414980000	 0.065691921911298
1367.467069029810000	 0.066140392579858
1367.700027644630000	 0.066595207205153
1367.932986259460000	 0.067066739047931
1368.165944874290000	 0.067562565420100
1368.398903489110000	 0.068084516466099
1368.631862103940000	 0.068628426633365
1368.864820718770000	 0.069186567702147
1369.097779333590000	 0.069751339033073
1369.330737948420000	 0.070318199481649
1369.563696563240000	 0.070886391761224
1369.796655178070000	 0.071457396709740
1370.029613792900000	 0.072032393543706
1370.262572407720000	 0.072610457010252
1370.495531022550000	 0.073188567537091
1370.728489637370000	 0.073763236773506
1370.961448252200000	 0.074332475164589
1371.194406867030000	 0.074896591307697
1371.427365481850000	 0.075457065068254
1371.660324096680000	 0.076014055649303
1371.893282711510000	 0.076564170865378
1372.126241326330000	 0.077100178281064
1372.359199941160000	 0.077613232953600
1372.592158555980000	 0.078096558942544
1372.825117170810000	 0.078548355151079
1373.058075785640000	 0.078971732455000
1373.291034400460000	 0.079370807445443
1373.523993015290000	 0.079744125666421
1373.756951630120000	 0.080078405432646
1373.989910244940000	 0.080346128151347
1374.222868859770000	 0.080509104295777
1374.455827474590000	 0.080527211393901
1374.688786089420000	 0.080368646664199
1374.921744704250000	 0.080017169111282
1375.154703319070000	 0.079473567934908
1375.387661933900000	 0.078751741058821
1375.620620548730000	 0.077872231063760
1375.853579163550000	 0.076856572728984
1376.086537778380000	 0.075724513723243
1376.319496393200000	 0.074494154587144
1376.552455008030000	 0.073183497833666
1376.785413622860000	 0.071811523036613
1377.018372237680000	 0.070397718254051
1377.251330852510000	 0.068960340188625
1377.484289467330000	 0.067514654723085
1377.717248082160000	 0.066072456184122
1377.950206696990000	 0.064643319835193
1378.183165311810000	 0.063236862657983
1378.416123926640000	 0.061864516707486
1378.649082541470000	 0.060539488635269
1378.882041156290000	 0.059274646780147
1379.114999771120000	 0.058079380141035
1379.347958385940000	 0.056957167290576
1379.580917000770000	 0.055905262581454
1379.813875615600000	 0.054916791672508
1380.046834230420000	 0.053984284162388
1380.279792845250000	 0.053102908357769
1380.512751460080000	 0.052271814294475
1380.745710074900000	 0.051493003787780
1380.978668689730000	 0.050768498699227
1381.211627304550000	 0.050097492331653
1381.444585919380000	 0.049475121483204
1381.677544534210000	 0.048893553688059
1381.910503149030000	 0.048344797457920
1382.143461763860000	 0.047823699758692
1382.376420378690000	 0.047329490953638
1382.609378993510000	 0.046865047575105
1382.842337608340000	 0.046434328386745
1383.075296223160000	 0.046039449147089
1383.308254837990000	 0.045679006867330
1383.541213452820000	 0.045348496562045
1383.774172067640000	 0.045042458085470
1384.007130682470000	 0.044757027226967
1384.240089297290000	 0.044491372119120
1384.473047912120000	 0.044247189440085
1384.706006526950000	 0.044026623860488
1384.938965141770000	 0.043829951461426
1385.171923756600000	 0.043654545166748
1385.404882371430000	 0.043495912702931
1385.637840986250000	 0.043350375181734
1385.870799601080000	 0.043217914254317
1386.103758215900000	 0.043103454511157
1386.336716830730000	 0.043015547597759
1386.569675445560000	 0.042962708935156
1386.802634060380000	 0.042948836514860
1387.035592675210000	 0.042969688017831
1387.268551290040000	 0.043012168325846
1387.501509904860000	 0.043057236391765
1387.734468519690000	 0.043085690801067
1387.967427134510000	 0.043084446951408
1388.200385749340000	 0.043050304111436
1388.433344364170000	 0.042989490190428
1388.666302978990000	 0.042913756783562
1388.899261593820000	 0.042835529167952
1389.132220208640000	 0.042764440418439
1389.365178823470000	 0.042706137604447
1389.598137438300000	 0.042662878751297
1389.831096053120000	 0.042634855096400
1390.064054667950000	 0.042621317624272
1390.297013282780000	 0.042621114165817
1390.529971897600000	 0.042632805580216
1390.762930512430000	 0.042654828282802
1390.995889127250000	 0.042686045728995
1391.228847742080000	 0.042726588922823
1391.461806356910000	 0.042778456403424
1391.694764971730000	 0.042845255996056
1391.927723586560000	 0.042930837074301
1392.160682201390000	 0.043037214983970
1392.393640816210000	 0.043162749086562
1392.626599431040000	 0.043301609793318
1392.859558045860000	 0.043445031626284
1393.092516660690000	 0.043583983751253
1393.325475275520000	 0.043712204446198
1393.558433890340000	 0.043828392854252
1393.791392505170000	 0.043936722523821
1394.024351120000000	 0.044045487647833
1394.257309734820000	 0.044164352886451
1394.490268349650000	 0.044301171570081
1394.723226964470000	 0.044459514338814
1394.956185579300000	 0.044637769752502
1395.189144194130000	 0.044829961667279
1395.422102808950000	 0.045027634723512
1395.655061423780000	 0.045221827319151
1395.888020038600000	 0.045404501238843
1396.120978653430000	 0.045569471743310
1396.353937268260000	 0.045713295430743
1396.586895883080000	 0.045836435399439
1396.819854497910000	 0.045944487007707
1397.052813112740000	 0.046048715623801
1397.285771727560000	 0.046165041691723
1397.518730342390000	 0.046311105331604
1397.751688957210000	 0.046501945512141
1397.984647572040000	 0.046745588708542
1398.217606186870000	 0.047039992325081
1398.450564801690000	 0.047372342763277
1398.683523416520000	 0.047721046944504
1398.916482031350000	 0.048060145834502
1399.149440646170000	 0.048365259766314
1399.382399261000000	 0.048619495978848
1399.615357875820000	 0.048817378581712
1399.848316490650000	 0.048965385398866
1400.081275105480000	 0.049079101685964
1400.314233720300000	 0.049178431952342
1400.547192335130000	 0.049282770052045
1400.780150949950000	 0.049407440015855
1401.013109564780000	 0.049561810859635
1401.246068179610000	 0.049748916038352
1401.479026794430000	 0.049966269922598
1401.711985409260000	 0.050207595019684
1401.944944024090000	 0.050465107262491
1402.177902638910000	 0.050731838797836
1402.410861253740000	 0.051003378997248
1402.643819868560000	 0.051278556267339
1402.876778483390000	 0.051558976920801
1403.109737098220000	 0.051847802787160
1403.342695713040000	 0.052148423338158
1403.575654327870000	 0.052463590205056
1403.808612942700000	 0.052795181382856
1404.041571557520000	 0.053144300812927
1404.274530172350000	 0.053511192444122
1404.507488787170000	 0.053894617908215
1404.740447402000000	 0.054290851377428
1404.973406016830000	 0.054693003570404
1405.206364631650000	 0.055091588852836
1405.439323246480000	 0.055476783894145
1405.672281861310000	 0.055841813518247
1405.905240476130000	 0.056185985501588
1406.138199090960000	 0.056515799375943
1406.371157705780000	 0.056843405134021
1406.604116320610000	 0.057182920964149
1406.837074935440000	 0.057546027962609
1407.070033550260000	 0.057938510706005
1407.302992165090000	 0.058359045682656
1407.535950779910000	 0.058800717450858
1407.768909394740000	 0.059254672235866
1408.001868009570000	 0.059714360547361
1408.234826624390000	 0.060178471633283
1408.467785239220000	 0.060651242993323
1408.700743854050000	 0.061140121370876
1408.933702468870000	 0.061652045989486
1409.166661083700000	 0.062190204702661
1409.399619698520000	 0.062752736652640
1409.632578313350000	 0.063333810518307
1409.865536928180000	 0.063926350952622
1410.098495543000000	 0.064524958470397
1410.331454157830000	 0.065127602840041
1410.564412772660000	 0.065735434310592
1410.797371387480000	 0.066351113790591
1411.030330002310000	 0.066976800780172
1411.263288617130000	 0.067612965510144
1411.496247231960000	 0.068258567993342
1411.729205846790000	 0.068912280560973
1411.962164461610000	 0.069573812946854
1412.195123076440000	 0.070244364203132
1412.428081691270000	 0.070925792278348
1412.661040306090000	 0.071618925394302
1412.893998920920000	 0.072322028746357
1413.126957535740000	 0.073030430769802
1413.359916150570000	 0.073737724503745
1413.592874765400000	 0.074438123118354
1413.825833380220000	 0.075128894760737
1414.058791995050000	 0.075811672132230
1414.291750609870000	 0.076491932473764
1414.524709224700000	 0.077176842225303
1414.757667839530000	 0.077872468891052
1414.990626454350000	 0.078581639854506
1415.223585069180000	 0.079303364585803
1415.456543684010000	 0.080033963443019
1415.689502298830000	 0.080769242614218
1415.922460913660000	 0.081506584562560
1416.155419528480000	 0.082245925982575
1416.388378143310000	 0.082989250085646
1416.621336758140000	 0.083739085259014
1416.854295372960000	 0.084497095994668
1417.087253987790000	 0.085263854730244
1417.320212602620000	 0.086040272554521
1417.553171217440000	 0.086830174159454
1417.786129832270000	 0.087642575148444
1418.019088447090000	 0.088491902929610
1418.252047061920000	 0.089394948379317
1418.485005676750000	 0.090364409604861
1418.717964291570000	 0.091399996469367
1418.950922906400000	 0.092479320491112
1419.183881521220000	 0.093552703281658
1419.416840136050000	 0.094547754533003
1419.649798750880000	 0.095387609754072
1419.882757365700000	 0.096018217284248
1420.115715980530000	 0.096430204895572
1420.348674595360000	 0.096661589921683
1420.581633210180000	 0.096781167346672
1420.814591825010000	 0.096864758459479
1421.047550439830000	 0.096976339909648
1421.280509054660000	 0.097158190003820
1421.513467669490000	 0.097428402473766
1421.746426284310000	 0.097783310589065
1421.979384899140000	 0.098203690725719
1422.212343513970000	 0.098663977804120
1422.445302128790000	 0.099142432312871
1422.678260743620000	 0.099628814333573
1422.911219358440000	 0.100126529882338
1423.144177973270000	 0.100648552433419
1423.377136588100000	 0.101209133706057
1423.610095202920000	 0.101814989877279
1423.843053817750000	 0.102459904251072
1424.076012432580000	 0.103125491204351
1424.308971047400000	 0.103788206975666
1424.541929662230000	 0.104429449875114
1424.774888277050000	 0.105043791023060
1425.007846891880000	 0.105641480894468
1425.240805506710000	 0.106244581727901
1425.473764121530000	 0.106879103055055
1425.706722736360000	 0.107566800250175
1425.939681351180000	 0.108319787002097
1426.172639966010000	 0.109139510912554
1426.405598580840000	 0.110019681105747
1426.638557195660000	 0.110951134646876
1426.871515810490000	 0.111926051467615
1427.104474425320000	 0.112939636852132
1427.337433040140000	 0.113988976241305
1427.570391654970000	 0.115070347340650
1427.803350269790000	 0.116177001639623
1428.036308884620000	 0.117298943813558
1428.269267499450000	 0.118424876352660
1428.502226114270000	 0.119545088399654
1428.735184729100000	 0.120653483714616
1428.968143343930000	 0.121747436479815
1429.201101958750000	 0.122825361157169
1429.434060573580000	 0.123883121730748
1429.667019188400000	 0.124911124789784
1429.899977803230000	 0.125893829429499
1430.132936418060000	 0.126812438896375
1430.365895032880000	 0.127650052444848
1430.598853647710000	 0.128397259463730
1430.831812262540000	 0.129055818098690
1431.064770877360000	 0.129638943043709
1431.297729492190000	 0.130168297121634
1431.530688107010000	 0.130669071976806
1431.763646721840000	 0.131164912270243
1431.996605336670000	 0.131673980464595
1432.229563951490000	 0.132206745850733
1432.462522566320000	 0.132765590590526
1432.695481181140000	 0.133346117096135
1432.928439795970000	 0.133939857926976
1433.161398410800000	 0.134537719973657
1433.394357025620000	 0.135133067650888
1433.627315640450000	 0.135723266075528
1433.860274255280000	 0.136309038976820
1434.093232870100000	 0.136891995390018
1434.326191484930000	 0.137471675735767
1434.559150099750000	 0.138043968773365
1434.792108714580000	 0.138602402302557
1435.025067329410000	 0.139142547221019
1435.258025944230000	 0.139668055717463
1435.490984559060000	 0.140195560469489
1435.723943173890000	 0.140755400180262
1435.956901788710000	 0.141385760939811
1436.189860403540000	 0.142119100705642
1436.422819018360000	 0.142962467550620
1436.655777633190000	 0.143878742613719
1436.888736248020000	 0.144781789818380
1437.121694862840000	 0.145556732665564
1437.354653477670000	 0.146100910632291
1437.587612092490000	 0.146362641748992
1437.820570707320000	 0.146355193057996
1438.053529322150000	 0.146143170405281
1438.286487936970000	 0.145815418823594
1438.519446551800000	 0.145459123066283
1438.752405166630000	 0.145141661651799
1438.985363781450000	 0.144900814403608
1439.218322396280000	 0.144742660823673
1439.451281011100000	 0.144646898036341
1439.684239625930000	 0.144578416409148
1439.917198240760000	 0.144501556716091
1440.150156855580000	 0.144391680946326
1440.383115470410000	 0.144239687219175
1440.616074085240000	 0.144048720827857
1440.849032700060000	 0.143826204516567
1441.081991314890000	 0.143576086150521
1441.314949929710000	 0.143295227553964
1441.547908544540000	 0.142975062251894
1441.780867159370000	 0.142606642764621
1442.013825774190000	 0.142185502015486
1442.246784389020000	 0.141713173440160
1442.479743003850000	 0.141194411615384
1442.712701618670000	 0.140631806891491
1442.945660233500000	 0.140021070356668
1443.178618848320000	 0.139349927131383
1443.411577463150000	 0.138601529515083
1443.644536077980000	 0.137760727635640
1443.877494692800000	 0.136819854606165
1444.110453307630000	 0.135780869236033
1444.343411922450000	 0.134652691165126
1444.576370537280000	 0.133445251735522
1444.809329152110000	 0.132163632502801
1445.042287766930000	 0.130805611400014
1445.275246381760000	 0.129364008590070
1445.508204996590000	 0.127832489043712
1445.741163611410000	 0.126211456034106
1445.974122226240000	 0.124510532463757
1446.207080841060000	 0.122746043035714
1446.440039455890000	 0.120934835835467
1446.672998070720000	 0.119087987072980
1446.905956685540000	 0.117208098108366
1447.138915300370000	 0.115291968194619
1447.371873915200000	 0.113337520316785
1447.604832530020000	 0.111351428699586
1447.837791144850000	 0.109353095655843
1448.070749759670000	 0.107372071258738
1448.303708374500000	 0.105439446492868
1448.536666989330000	 0.103577507846265
1448.769625604150000	 0.101793379257857
1449.002584218980000	 0.100080040030832
1449.235542833810000	 0.098423552087903
1449.468501448630000	 0.096811934105962
1449.701460063460000	 0.095240948487794
1449.934418678280000	 0.093714504340297
1450.167377293110000	 0.092240471302240
1450.400335907940000	 0.090824871646865
1450.633294522760000	 0.089467949326064
1450.866253137590000	 0.088164406754666
1451.099211752410000	 0.086907671743486
1451.332170367240000	 0.085695628095704
1451.565128982070000	 0.084534254917763
1451.798087596890000	 0.083436740766245
1452.031046211720000	 0.082418207350816
1452.264004826550000	 0.081488685210359
1452.496963441370000	 0.080648063954801
1452.729922056200000	 0.079885816483340
1452.962880671020000	 0.079185776067467
1453.195839285850000	 0.078533451764171
1453.428797900680000	 0.077921987224921
1453.661756515500000	 0.077353795244881
1453.894715130330000	 0.076837442091423
1454.127673745160000	 0.076381827162006
1454.360632359980000	 0.075990826559637
1454.593590974810000	 0.075661125137530
1454.826549589630000	 0.075384375165445
1455.059508204460000	 0.075152706311223
1455.292466819290000	 0.074964842559103
1455.525425434110000	 0.074829656652599
1455.758384048940000	 0.074765192297035
1455.991342663760000	 0.074793047876553
1456.224301278590000	 0.074929324676086
1456.457259893420000	 0.075174142850531
1456.690218508240000	 0.075503211024442
1456.923177123070000	 0.075867030854287
1457.156135737900000	 0.076202438776363
1457.389094352720000	 0.076453610808288
1457.622052967550000	 0.076590379488739
1457.855011582370000	 0.076612564264394
1458.087970197200000	 0.076540687819107
1458.320928812030000	 0.076402366913513
1458.553887426850000	 0.076222261310009
1458.786846041680000	 0.076017502471233
1459.019804656510000	 0.075796880624878
1459.252763271330000	 0.075561749135651
1459.485721886160000	 0.075307655826590
1459.718680500980000	 0.075026543681544
1459.951639115810000	 0.074709473944955
1460.184597730640000	 0.074349467977194
1460.417556345460000	 0.073943738709547
1460.650514960290000	 0.073494568885114
1460.883473575120000	 0.073008393200037
1461.116432189940000	 0.072493213073514
1461.349390804770000	 0.071955254545647
1461.582349419590000	 0.071396445388445
1461.815308034420000	 0.070814253441858
1462.048266649250000	 0.070204381891911
1462.281225264070000	 0.069565206607372
1462.514183878900000	 0.068901637080592
1462.747142493720000	 0.068226062197110
1462.980101108550000	 0.067555347556322
1463.213059723380000	 0.066904947128478
1463.446018338200000	 0.066282962808658
1463.678976953030000	 0.065687231554805
1463.911935567860000	 0.065106934877161
1464.144894182680000	 0.064527828051470
1464.377852797510000	 0.063938429062784
1464.610811412330000	 0.063334112022694
1464.843770027160000	 0.062716972186382
1465.076728641990000	 0.062091373649492
1465.309687256810000	 0.061457704898245
1465.542645871640000	 0.060808408635633
1465.775604486470000	 0.060129024561881
1466.008563101290000	 0.059403397462214
1466.241521716120000	 0.058619479473259
1466.474480330940000	 0.057772408154475
1466.707438945770000	 0.056863819227589
1466.940397560600000	 0.055898553312900
1467.173356175420000	 0.054880994477744
1467.406314790250000	 0.053813215293631
1467.639273405080000	 0.052696075713532
1467.872232019900000	 0.051532727439039
1468.105190634730000	 0.050332382859065
1468.338149249550000	 0.049111775524815
1468.571107864380000	 0.047892955884025
1468.804066479210000	 0.046698259833328
1469.037025094030000	 0.045545049607580
1469.269983708860000	 0.044443039400233
1469.502942323680000	 0.043395548944805
1469.735900938510000	 0.042403714825684
1469.968859553340000	 0.041470863711147
1470.201818168160000	 0.040604059765422
1470.434776782990000	 0.039811530389066
1470.667735397820000	 0.039097290489379
1470.900694012640000	 0.038456210413825
1471.133652627470000	 0.037872884061691
1471.366611242290000	 0.037325989705560
1471.599569857120000	 0.036797200967531
1471.832528471950000	 0.036280995735670
1472.065487086770000	 0.035789998037074
1472.298445701600000	 0.035351367097637
1472.531404316430000	 0.034994199833035
1472.764362931250000	 0.034733888161259
1472.997321546080000	 0.034562080289646
1473.230280160900000	 0.034447666805061
1473.463238775730000	 0.034347837840306
1473.696197390560000	 0.034223536541837
1473.929156005380000	 0.034052491737784
1474.162114620210000	 0.033834679010776
1474.395073235030000	 0.033588606554212
1474.628031849860000	 0.033341170136384
1474.860990464690000	 0.033116664535732
1475.093949079510000	 0.032929880769994
1475.326907694340000	 0.032784866430168
1475.559866309170000	 0.032677735908929
1475.792824923990000	 0.032600766087729
1476.025783538820000	 0.032545653961624
1476.258742153640000	 0.032505121136371
1476.491700768470000	 0.032473222384815
1476.724659383300000	 0.032445328961353
1476.957617998120000	 0.032418558873346
1477.190576612950000	 0.032392594792875
1477.423535227780000	 0.032370112370947
1477.656493842600000	 0.032356078900980
1477.889452457430000	 0.032355865119512
1478.122411072250000	 0.032372877745551
1478.355369687080000	 0.032406837794934
1478.588328301910000	 0.032453705211234
1478.821286916730000	 0.032507539975574
1479.054245531560000	 0.032563531050393
1479.287204146390000	 0.032620614372494
1479.520162761210000	 0.032682153306358
1479.753121376040000	 0.032754164869119
1479.986079990860000	 0.032841971391840
1480.219038605690000	 0.032947093130873
1480.451997220520000	 0.033066100801772
1480.684955835340000	 0.033192057202095
1480.917914450170000	 0.033317725497521
1481.150873064990000	 0.033438759229196
1481.383831679820000	 0.033555162432172
1481.616790294650000	 0.033670350886826
1481.849748909470000	 0.033788552059336
1482.082707524300000	 0.033912232786153
1482.315666139130000	 0.034041140801282
1482.548624753950000	 0.034173426899909
1482.781583368780000	 0.034307923839211
1483.014541983600000	 0.034445929137497
1483.247500598430000	 0.034591194222809
1483.480459213260000	 0.034747965134082
1483.713417828080000	 0.034918161007464
1483.946376442910000	 0.035099428437507
1484.179335057740000	 0.035285455035310
1484.412293672560000	 0.035468669851964
1484.645252287390000	 0.035644014879234
1484.878210902210000	 0.035811758698738
1485.111169517040000	 0.035977789267944
1485.344128131870000	 0.036151159895546
1485.577086746690000	 0.036340105370841
1485.810045361520000	 0.036548532143295
1486.043003976350000	 0.036774686301714
1486.275962591170000	 0.037012454151679
1486.508921206000000	 0.037254286480395
1486.741879820820000	 0.037493957527616
1486.974838435650000	 0.037727701727448
1487.207797050480000	 0.037953440458960
1487.440755665300000	 0.038169107150231
1487.673714280130000	 0.038371720329408
1487.906672894950000	 0.038558331274129
1488.139631509780000	 0.038728506605428
1488.372590124610000	 0.038886661660902
1488.605548739430000	 0.039042411069968
1488.838507354260000	 0.039208183313235
1489.071465969090000	 0.039394777875701
1489.304424583910000	 0.039606555866809
1489.537383198740000	 0.039838336100278
1489.770341813560000	 0.040075757975942
1490.003300428390000	 0.040299671263782
1490.236259043220000	 0.040493122725302
1490.469217658040000	 0.040647718798262
1490.702176272870000	 0.040766037748079
1490.935134887700000	 0.040858874833782
1491.168093502520000	 0.040939111441465
1491.401052117350000	 0.041015752520043
1491.634010732170000	 0.041091100908514
1491.866969347000000	 0.041161857820262
1492.099927961830000	 0.041222773620344
1492.332886576650000	 0.041270515824698
1492.565845191480000	 0.041305842953654
1492.798803806300000	 0.041333379758046
1493.031762421130000	 0.041359520667415
1493.264721035960000	 0.041389727410361
1493.497679650780000	 0.041426544375757
1493.730638265610000	 0.041469107091730
1493.963596880440000	 0.041514063868999
1494.196555495260000	 0.041557122643192
1494.429514110090000	 0.041594274333433
1494.662472724910000	 0.041622194727644
1494.895431339740000	 0.041638033645936
1495.128389954570000	 0.041639249828240
1495.361348569390000	 0.041624062369937
1495.594307184220000	 0.041592568605649
1495.827265799050000	 0.041547944307550
1496.060224413870000	 0.041496726996358
1496.293183028700000	 0.041447318781446
1496.526141643520000	 0.041406806329518
1496.759100258350000	 0.041377683319203
1496.992058873180000	 0.041356755392086
1497.225017488000000	 0.041337196987188
1497.457976102830000	 0.041312328064844
1497.690934717660000	 0.041278572854266
1497.923893332480000	 0.041236036124562
1498.156851947310000	 0.041186777540666
1498.389810562130000	 0.041131891296338
1498.622769176960000	 0.041068881829002
1498.855727791790000	 0.040990876454935
1499.088686406610000	 0.040888667414169
1499.321645021440000	 0.040755024898163
1499.554603636260000	 0.040588878812017
1499.787562251090000	 0.040396643616534
1500.020520865920000	 0.040189864250921
1500.253479480740000	 0.039980779057041
1500.486438095570000	 0.039778281980310
1500.719396710400000	 0.039586003941112
1500.952355325220000	 0.039402954341017
1501.185313940050000	 0.039226108968013
1501.418272554870000	 0.039053616107848
1501.651231169700000	 0.038887025673763
1501.884189784530000	 0.038731385322375
1502.117148399350000	 0.038593168089696
1502.350107014180000	 0.038477211428750
1502.583065629010000	 0.038384386281231
1502.816024243830000	 0.038311251460669
1503.048982858660000	 0.038251807550227
1503.281941473480000	 0.038200331223978
1503.514900088310000	 0.038153782844910
1503.747858703140000	 0.038112699751373
1503.980817317960000	 0.038080526947514
1504.213775932790000	 0.038062303299823
1504.446734547620000	 0.038063889807283
1504.679693162440000	 0.038092357505490
1504.912651777270000	 0.038157097267609
1505.145610392090000	 0.038270232171268
1505.378569006920000	 0.038444581410602
1505.611527621750000	 0.038688285698793
1505.844486236570000	 0.038997457355708
1506.077444851400000	 0.039350927582046
1506.310403466220000	 0.039711941389045
1506.543362081050000	 0.040038485668166
1506.776320695880000	 0.040298238835694
1507.009279310700000	 0.040480501289696
1507.242237925530000	 0.040598991290676
1507.475196540360000	 0.040684549995944
1507.708155155180000	 0.040771826357439
1507.941113770010000	 0.040886363744992
1508.174072384830000	 0.041037548729850
1508.407030999660000	 0.041219399271493
1508.639989614490000	 0.041417198350514
1508.872948229310000	 0.041615782320406
1509.105906844140000	 0.041805670554234
1509.338865458970000	 0.041985172280963
1509.571824073790000	 0.042158667911900
1509.804782688620000	 0.042332689180692
1510.037741303440000	 0.042512073482462
1510.270699918270000	 0.042698196683666
1510.503658533100000	 0.042889991342926
1510.736617147920000	 0.043086688827984
1510.969575762750000	 0.043290160275620
1511.202534377570000	 0.043505093512973
1511.435492992400000	 0.043736592251157
1511.668451607230000	 0.043986160638397
1511.901410222050000	 0.044247882462699
1512.134368836880000	 0.044506790979605
1512.367327451710000	 0.044740796321299
1512.600286066530000	 0.044925978415846
1512.833244681360000	 0.045043136213649
1513.066203296180000	 0.045082569633718
1513.299161911010000	 0.045045105432984
1513.532120525840000	 0.044939642748115
1513.765079140660000	 0.044779192715278
1513.998037755490000	 0.044577474360687
1514.230996370320000	 0.044347050036730
1514.463954985140000	 0.044098805258991
1514.696913599970000	 0.043841981262458
1514.929872214790000	 0.043584037703161
1515.162830829620000	 0.043330110978174
1515.395789444450000	 0.043082380072178
1515.628748059270000	 0.042839885507073
1515.861706674100000	 0.042599073685516
1516.094665288930000	 0.042354767855293
1516.327623903750000	 0.042100918569897
1516.560582518580000	 0.041830721824619
1516.793541133400000	 0.041536377781998
1517.026499748230000	 0.041209399136124
1517.259458363060000	 0.040842409422515
1517.492416977880000	 0.040432466026712
1517.725375592710000	 0.039984449716144
1517.958334207530000	 0.039512244578115
1518.191292822360000	 0.039036420953266
1518.424251437190000	 0.038579302172487
1518.657210052010000	 0.038159685645028
1518.890168666840000	 0.037789158962373
1519.123127281670000	 0.037470760878783
1519.356085896490000	 0.037199813774939
1519.589044511320000	 0.036966324502328
1519.822003126140000	 0.036758090805127
1520.054961740970000	 0.036563441782380
1520.287920355800000	 0.036372646846857
1520.520878970620000	 0.036177717578688
1520.753837585450000	 0.035971434451738
1520.986796200280000	 0.035747250815098
1521.219754815100000	 0.035501358507992
1521.452713429930000	 0.035236343767342
1521.685672044750000	 0.034963712967766
1521.918630659580000	 0.034702354861478
1522.151589274410000	 0.034472504848390
1522.384547889230000	 0.034287873412748
1522.617506504060000	 0.034149729194370
1522.850465118890000	 0.034045685960479
1523.083423733710000	 0.033954045082973
1523.316382348540000	 0.033852498273857
1523.549340963360000	 0.033727989146129
1523.782299578190000	 0.033583450642885
1524.015258193020000	 0.033438182564630
1524.248216807840000	 0.033321574628059
1524.481175422670000	 0.033262738623477
1524.714134037490000	 0.033279729809292
1524.947092652320000	 0.033371679462882
1525.180051267150000	 0.033516521983716
1525.413009881970000	 0.033676171371116
1525.645968496800000	 0.033808693652401
1525.878927111630000	 0.033882926294551
1526.111885726450000	 0.033888142253480
1526.344844341280000	 0.033833720278021
1526.577802956100000	 0.033740396401381
1526.810761570930000	 0.033629547126066
1527.043720185760000	 0.033516361598015
1527.276678800580000	 0.033408784998644
1527.509637415410000	 0.033310570300444
1527.742596030240000	 0.033225281146008
1527.975554645060000	 0.033158413781171
1528.208513259890000	 0.033116377482508
1528.441471874710000	 0.033103196074951
1528.674430489540000	 0.033117355636097
1528.907389104370000	 0.033151188865517
1529.140347719190000	 0.033193543417035
1529.373306334020000	 0.033234370536346
1529.606264948840000	 0.033268671777799
1529.839223563670000	 0.033297624619895
1530.072182178500000	 0.033326354930460
1530.305140793320000	 0.033359736204962
1530.538099408150000	 0.033398690497065
1530.771058022980000	 0.033439186743147
1531.004016637800000	 0.033474688482897
1531.236975252630000	 0.033500931633080
1531.469933867450000	 0.033520485493590
1531.702892482280000	 0.033544311019415
1531.935851097110000	 0.033588814933694
1532.168809711930000	 0.033669223482551
1532.401768326760000	 0.033792142446347
1532.634726941590000	 0.033950644612069
1532.867685556410000	 0.034123991147864
1533.100644171240000	 0.034282167337042
1533.333602786060000	 0.034393846351400
1533.566561400890000	 0.034435419748761
1533.799520015720000	 0.034398146594247
1534.032478630540000	 0.034290577093744
1534.265437245370000	 0.034134997813180
1534.498395860200000	 0.033959571102455
1534.731354475020000	 0.033790103148336
1534.964313089850000	 0.033644955584936
1535.197271704670000	 0.033534019512832
1535.430230319500000	 0.033460317654344
1535.663188934330000	 0.033422231854457
1535.896147549150000	 0.033415184565388
1536.129106163980000	 0.033432689774692
1536.362064778800000	 0.033467280225182
1536.595023393630000	 0.033511757173862
1536.827982008460000	 0.033560731849344
1537.060940623280000	 0.033611973120163
1537.293899238110000	 0.033667031940453
1537.526857852940000	 0.033731013397050
1537.759816467760000	 0.033811847465529
1537.992775082590000	 0.033919539318409
1538.225733697410000	 0.034065518569803
1538.458692312240000	 0.034261563693785
1538.691650927070000	 0.034517288580978
1538.924609541890000	 0.034835422459080
1539.157568156720000	 0.035205626759232
1539.390526771550000	 0.035600123581629
1539.623485386370000	 0.035975925339843
1539.856444001200000	 0.036285964403612
1540.089402616020000	 0.036495048532876
1540.322361230850000	 0.036591924592717
1540.555319845680000	 0.036591094069000
1540.788278460500000	 0.036524999231183
1541.021237075330000	 0.036431993258577
1541.254195690160000	 0.036345400722843
1541.487154304980000	 0.036286406773597
1541.720112919810000	 0.036261397999704
1541.953071534630000	 0.036263487982628
1542.186030149460000	 0.036277569787682
1542.418988764290000	 0.036287503044546
1542.651947379110000	 0.036282967126256
1542.884905993940000	 0.036263176916564
1543.117864608760000	 0.036236140389084
1543.350823223590000	 0.036214765151214
1543.583781838420000	 0.036212658082018
1543.816740453240000	 0.036241663625197
1544.049699068070000	 0.036311150408533
1544.282657682900000	 0.036427623123625
1544.515616297720000	 0.036593202066622
1544.748574912550000	 0.036802656061519
1544.981533527370000	 0.037040416981181
1545.214492142200000	 0.037280382475737
1545.447450757030000	 0.037490881088606
1545.680409371850000	 0.037644202202059
1545.913367986680000	 0.037726384398477
1546.146326601510000	 0.037741984188500
1546.379285216330000	 0.037711510316307
1546.612243831160000	 0.037663400163306
1546.845202445980000	 0.037624587511604
1547.078161060810000	 0.037613303754035
1547.311119675640000	 0.037636132005617
1547.544078290460000	 0.037689622031346
1547.777036905290000	 0.037765272752386
1548.009995520110000	 0.037855527428693
1548.242954134940000	 0.037958022875154
1548.475912749770000	 0.038076122897618
1548.708871364590000	 0.038215605893249
1548.941829979420000	 0.038379360458755
1549.174788594250000	 0.038562944493696
1549.407747209070000	 0.038753365885966
1549.640705823900000	 0.038931849253140
1549.873664438720000	 0.039079539923969
1550.106623053550000	 0.039183799999211
1550.339581668380000	 0.039242403308543
1550.572540283200000	 0.039263781524750
1550.805498898030000	 0.039263363616543
1551.038457512860000	 0.039258028239832
1551.271416127680000	 0.039261383891108
1551.504374742510000	 0.039281537130262
1551.737333357330000	 0.039321223914644
1551.970291972160000	 0.039379084733869
1552.203250586990000	 0.039450965681677
1552.436209201810000	 0.039530917534867
1552.669167816640000	 0.039612246579847
1552.902126431470000	 0.039689045088075
1553.135085046290000	 0.039758116638585
1553.368043661120000	 0.039820570452909
1553.601002275940000	 0.039882095191582
1553.833960890770000	 0.039951206767566
1554.066919505600000	 0.040035506817905
1554.299878120420000	 0.040137131471713
1554.532836735250000	 0.040249843632240
1554.765795350070000	 0.040360476539291
1554.998753964900000	 0.040455253689672
1555.231712579730000	 0.040527759063006
1555.464671194550000	 0.040583707026777
1555.697629809380000	 0.040640156614627
1555.930588424210000	 0.040720659788855
1556.163547039030000	 0.040849471301174
1556.396505653860000	 0.041047181464039
1556.629464268680000	 0.041328722846655
1556.862422883510000	 0.041703601495878
1557.095381498340000	 0.042177279001407
1557.328340113160000	 0.042751760882234
1557.561298727990000	 0.043423172463609
1557.794257342820000	 0.044175427846600
1558.027215957640000	 0.044972593626037
1558.260174572470000	 0.045756789400270
1558.493133187290000	 0.046458839903987
1558.726091802120000	 0.047020974119536
1558.959050416950000	 0.047419084771015
1559.192009031770000	 0.047669628841409
1559.424967646600000	 0.047817648294468
1559.657926261420000	 0.047915062465288
1559.890884876250000	 0.048000963683197
1560.123843491080000	 0.048091072198715
1560.356802105900000	 0.048178899398819
1560.589760720730000	 0.048247391388754
1560.822719335560000	 0.048284991749331
1561.055677950380000	 0.048296841508310
1561.288636565210000	 0.048305085773716
1561.521595180030000	 0.048340088426960
1561.754553794860000	 0.048429191761689
1561.987512409690000	 0.048588518797380
1562.220471024510000	 0.048819859105787
1562.453429639340000	 0.049112477406150
1562.686388254170000	 0.049448837235302
1562.919346868990000	 0.049812385637493
1563.152305483820000	 0.050194425150242
1563.385264098640000	 0.050596904815603
1563.618222713470000	 0.051029722395292
1563.851181328300000	 0.051504031776242
1564.084139943120000	 0.052025034573119
1564.317098557950000	 0.052587645656772
1564.550057172780000	 0.053176769424476
1564.783015787600000	 0.053771797553319
1565.015974402430000	 0.054353146318984
1565.248933017250000	 0.054907869285084
1565.481891632080000	 0.055432143362517
1565.714850246910000	 0.055930409931698
1565.947808861730000	 0.056412773243069
1566.180767476560000	 0.056892605899678
1566.413726091380000	 0.057385192457053
1566.646684706210000	 0.057906826743374
1566.879643321040000	 0.058473235604766
1567.112601935860000	 0.059096854632894
1567.345560550690000	 0.059783782024142
1567.578519165520000	 0.060532226960754
1567.811477780340000	 0.061334137192370
1568.044436395170000	 0.062180234428637
1568.277395009990000	 0.063066539317286
1568.510353624820000	 0.063998875042475
1568.743312239650000	 0.064991916916184
1568.976270854470000	 0.066061338077075
1569.209229469300000	 0.067210815259633
1569.442188084130000	 0.068419105097288
1569.675146698950000	 0.069634791950935
1569.908105313780000	 0.070785361134043
1570.141063928600000	 0.071800659488628
1570.374022543430000	 0.072640600176642
1570.606981158260000	 0.073311662426582
1570.839939773080000	 0.073863208628572
1571.072898387910000	 0.074367801078296
1571.305857002740000	 0.074897537018781
1571.538815617560000	 0.075506453954013
1571.771774232390000	 0.076222723596314
1572.004732847210000	 0.077049720518851
1572.237691462040000	 0.077973303365298
1572.470650076870000	 0.078972107905953
1572.703608691690000	 0.080027266597953
1572.936567306520000	 0.081128260656435
1573.169525921340000	 0.082273334042751
1573.402484536170000	 0.083465546755144
1573.635443151000000	 0.084707568589893
1573.868401765820000	 0.085998594660880
1574.101360380650000	 0.087335370884187
1574.334318995480000	 0.088717074498768
1574.567277610300000	 0.090151726404515
1574.800236225130000	 0.091660848475069
1575.033194839950000	 0.093279521104656
1575.266153454780000	 0.095050137710077
1575.499112069610000	 0.097009080870170
1575.732070684430000	 0.099166727454340
1575.965029299260000	 0.101484852876372
1576.197987914090000	 0.103862798258350
1576.430946528910000	 0.106149100289629
1576.663905143740000	 0.108186089011782
1576.896863758560000	 0.109868888396851
1577.129822373390000	 0.111182308894144
1577.362780988220000	 0.112194828814976
1577.595739603040000	 0.113021816113525
1577.828698217870000	 0.113784277908828
1578.061656832700000	 0.114579442949428
1578.294615447520000	 0.115465420167015
1578.527574062350000	 0.116456642750222
1578.760532677170000	 0.117527878600379
1578.993491292000000	 0.118626088801890
1579.226449906830000	 0.119688039808598
1579.459408521650000	 0.120658350684919
1579.692367136480000	 0.121501203796267
1579.925325751300000	 0.122201681449976
1580.158284366130000	 0.122758150995236
1580.391242980960000	 0.123171466180972
1580.624201595780000	 0.123437403296083
1580.857160210610000	 0.123545933465309
1581.090118825440000	 0.123486637936638
1581.323077440260000	 0.123256144966605
1581.556036055090000	 0.122862657527822
1581.788994669910000	 0.122324753353815
1582.021953284740000	 0.121665227778043
1582.254911899570000	 0.120903582239815
1582.487870514390000	 0.120051322416788
1582.720829129220000	 0.119112448311241
1582.953787744050000	 0.118088500936781
1583.186746358870000	 0.116984933459008
1583.419704973700000	 0.115814858294084
1583.652663588520000	 0.114597811958920
1583.885622203350000	 0.113354104412885
1584.118580818180000	 0.112097838483727
1584.351539433000000	 0.110832428123267
1584.584498047830000	 0.109551102182284
1584.817456662650000	 0.108242189524816
1585.050415277480000	 0.106896353953045
1585.283373892310000	 0.105511857906865
1585.516332507130000	 0.104095068986468
1585.749291121960000	 0.102656134070052
1585.982249736790000	 0.101202432732877
1586.215208351610000	 0.099733592839383
1586.448166966440000	 0.098240943463553
1586.681125581260000	 0.096711815015876
1586.914084196090000	 0.095136386959742
1587.147042810920000	 0.093513344066470
1587.380001425740000	 0.091851296267764
1587.612960040570000	 0.090165329757981
1587.845918655400000	 0.088470739233857
1588.078877270220000	 0.086777440092062
1588.311835885050000	 0.085088074232626
1588.544794499870000	 0.083400729626048
1588.777753114700000	 0.081714609349936
1589.010711729530000	 0.080035320394331
1589.243670344350000	 0.078376666576938
1589.476628959180000	 0.076757798072339
1589.709587574010000	 0.075197142234546
1589.942546188830000	 0.073706305596464
1590.175504803660000	 0.072287207425401
1590.408463418480000	 0.070934045542753
1590.641422033310000	 0.069639106323413
1590.874380648140000	 0.068399282616390
1591.107339262960000	 0.067219718231719
1591.340297877790000	 0.066112560902584
1591.573256492610000	 0.065091464431399
1591.806215107440000	 0.064164747521552
1592.039173722270000	 0.063330837506351
1592.272132337090000	 0.062578461012342
1592.505090951920000	 0.061891532731994
1592.738049566750000	 0.061256121417039
1592.971008181570000	 0.060665721356972
1593.203966796400000	 0.060122063260140
1593.436925411220000	 0.059631249112331
1593.669884026050000	 0.059197563544615
1593.902842640880000	 0.058818504456348
1594.135801255700000	 0.058483843482426
1594.368759870530000	 0.058179280889370
1594.601718485360000	 0.057892656644284
1594.834677100180000	 0.057619176341958
1595.067635715010000	 0.057362659600397
1595.300594329830000	 0.057132137574089
1595.533552944660000	 0.056935799965659
1595.766511559490000	 0.056775734408990
1595.999470174310000	 0.056646348228124
1596.232428789140000	 0.056537209591299
1596.465387403970000	 0.056438537834373
1596.698346018790000	 0.056346129255612
1596.931304633620000	 0.056262930266735
1597.164263248440000	 0.056196473269491
1597.397221863270000	 0.056153776240900
1597.630180478100000	 0.056136716884637
1597.863139092920000	 0.056140563504041
1598.096097707750000	 0.056156483252721
1598.329056322570000	 0.056176523698761
1598.562014937400000	 0.056198140237575
1598.794973552230000	 0.056225654475041
1599.027932167050000	 0.056267843972338
1599.260890781880000	 0.056333072836650
1599.493849396710000	 0.056424720535757
1599.726808011530000	 0.056539439318135
1599.959766626360000	 0.056669117451256
1600.192725241180000	 0.056805291168631
1600.425683856010000	 0.056943396165653
1600.658642470840000	 0.057084486604415
1600.891601085660000	 0.057233674323579
1601.124559700490000	 0.057396508835326
1601.357518315320000	 0.057575659270153
1601.590476930140000	 0.057769945426953
1601.823435544970000	 0.057976200847837
1602.056394159790000	 0.058192577737511
1602.289352774620000	 0.058420909235785
1602.522311389450000	 0.058666300118153
1602.755270004270000	 0.058933882729050
1602.988228619100000	 0.059224548205335
1603.221187233920000	 0.059532319458634
1603.454145848750000	 0.059845333263009
1603.687104463580000	 0.060150430434179
1603.920063078400000	 0.060439171083006
1604.153021693230000	 0.060712052600360
1604.385980308060000	 0.060978574896455
1604.618938922880000	 0.061253082867670
1604.851897537710000	 0.061548604390247
1605.084856152530000	 0.061871883036619
1605.317814767360000	 0.062222032605674
1605.550773382190000	 0.062593198107117
1605.783731997010000	 0.062979390916497
1606.016690611840000	 0.063378506071573
1606.249649226670000	 0.063793131893687
1606.482607841490000	 0.064227783845583
1606.715566456320000	 0.064684414666339
1606.948525071140000	 0.065159166177762
1607.181483685970000	 0.065642689052990
1607.414442300800000	 0.066124262219647
1607.647400915620000	 0.066597536057759
1607.880359530450000	 0.067064499582509
1608.113318145280000	 0.067535138474252
1608.346276760100000	 0.068022736135040
1608.579235374930000	 0.068537292705653
1608.812193989750000	 0.069080595672127
1609.045152604580000	 0.069645578196107
1609.278111219410000	 0.070220296846424
1609.511069834230000	 0.070794321539704
1609.744028449060000	 0.071363915258321
1609.976987063880000	 0.071933022432161
1610.209945678710000	 0.072509571180912
1610.442904293540000	 0.073099461230956
1610.675862908360000	 0.073702052908871
1610.908821523190000	 0.074310091375736
1611.141780138020000	 0.074914337183062
1611.374738752840000	 0.075510312327602
1611.607697367670000	 0.076103191306513
1611.840655982490000	 0.076707780651038
1612.073614597320000	 0.077343210347841
1612.306573212150000	 0.078024905368609
1612.539531826970000	 0.078758042347493
1612.772490441800000	 0.079536136906056
1613.005449056630000	 0.080345793540389
1613.238407671450000	 0.081175224537993
1613.471366286280000	 0.082021855468744
1613.704324901100000	 0.082894701365744
1613.937283515930000	 0.083810116437428
1614.170242130760000	 0.084783283175335
1614.403200745580000	 0.085820348803708
1614.636159360410000	 0.086916145062440
1614.869117975230000	 0.088059764964283
1615.102076590060000	 0.089245994796225
1615.335035204890000	 0.090486967252573
1615.567993819710000	 0.091817590884447
1615.800952434540000	 0.093290511318231
1616.033911049370000	 0.094959733469466
1616.266869664190000	 0.096855259595979
1616.499828279020000	 0.098955308896540
1616.732786893840000	 0.101169141705751
1616.965745508670000	 0.103347575606880
1617.198704123500000	 0.105328514464614
1617.431662738320000	 0.106998788986286
1617.664621353150000	 0.108334854007683
1617.897579967980000	 0.109399388772833
1618.130538582800000	 0.110304771143802
1618.363497197630000	 0.111171020973503
1618.596455812450000	 0.112096504369524
1618.829414427280000	 0.113143973706974
1619.062373042110000	 0.114337130101212
1619.295331656930000	 0.115663533332349
1619.528290271760000	 0.117082473203022
1619.761248886590000	 0.118537323058106
1619.994207501410000	 0.119970291107001
1620.227166116240000	 0.121335359391727
1620.460124731060000	 0.122605083110859
1620.693083345890000	 0.123769456228990
1620.926041960720000	 0.124828560632406
1621.159000575540000	 0.125783109972914
1621.391959190370000	 0.126627389879216
1621.624917805190000	 0.127347677037332
1621.857876420020000	 0.127926590638205
1622.090835034850000	 0.128350960743371
1622.323793649670000	 0.128619023880034
1622.556752264500000	 0.128743025100999
1622.789710879330000	 0.128745402062286
1623.022669494150000	 0.128649572526983
1623.255628108980000	 0.128468948991315
1623.488586723800000	 0.128199455213583
1623.721545338630000	 0.127820459889281
1623.954503953460000	 0.127305502269563
1624.187462568280000	 0.126638303318443
1624.420421183110000	 0.125825465682924
1624.653379797940000	 0.124899015616518
1624.886338412760000	 0.123908384685195
1625.119297027590000	 0.122907082012744
1625.352255642410000	 0.121940499944393
1625.585214257240000	 0.121038990843835
1625.818172872070000	 0.120217304851472
1626.051131486890000	 0.119479168217045
1626.284090101720000	 0.118824316047496
1626.517048716550000	 0.118254665588303
1626.750007331370000	 0.117776854304810
1626.982965946200000	 0.117400117651920
1627.215924561020000	 0.117130698879001
1627.448883175850000	 0.116965568706933
1627.681841790680000	 0.116888551002393
1627.914800405500000	 0.116871008032027
1628.147759020330000	 0.116877335432735
1628.380717635150000	 0.116873235944178
1628.613676249980000	 0.116833225508281
1628.846634864810000	 0.116744272010594
1629.079593479630000	 0.116604790801102
1629.312552094460000	 0.116420709379110
1629.545510709290000	 0.116201201402877
1629.778469324110000	 0.115955778529568
1630.011427938940000	 0.115692869523235
1630.244386553760000	 0.115419010906874
1630.477345168590000	 0.115137784465558
1630.710303783420000	 0.114848404081806
1630.943262398240000	 0.114544715648162
1631.176221013070000	 0.114215659198750
1631.409179627900000	 0.113847687042364
1631.642138242720000	 0.113428561076366
1631.875096857550000	 0.112951051692998
1632.108055472370000	 0.112414919945684
1632.341014087200000	 0.111826337665907
1632.573972702030000	 0.111195213833569
1632.806931316850000	 0.110532015659676
1633.039889931680000	 0.109845909708935
1633.272848546500000	 0.109145214907311
1633.505807161330000	 0.108439736050787
1633.738765776160000	 0.107743386098882
1633.971724390980000	 0.107075278713405
1634.204683005810000	 0.106458230096211
1634.437641620640000	 0.105914767117970
1634.670600235460000	 0.105461560344269
1634.903558850290000	 0.105103457124367
1635.136517465110000	 0.104828492508865
1635.369476079940000	 0.104606028706897
1635.602434694770000	 0.104390975388238
1635.835393309590000	 0.104135652517141
1636.068351924420000	 0.103805942303100
1636.301310539250000	 0.103393633468149
1636.534269154070000	 0.102918505136631
1636.767227768900000	 0.102421017944163
1637.000186383720000	 0.101951482003218
1637.233144998550000	 0.101560237734684
1637.466103613380000	 0.101289549451024
1637.699062228200000	 0.101166275382166
1637.932020843030000	 0.101195801284386
1638.164979457860000	 0.101360095865569
1638.397938072680000	 0.101623074893221
1638.630896687510000	 0.101943184843801
1638.863855302330000	 0.102288240481068
1639.096813917160000	 0.102645425535357
1639.329772531990000	 0.103022006297952
1639.562731146810000	 0.103437302300748
1639.795689761640000	 0.103910254495447
1640.028648376460000	 0.104448189034796
1640.261606991290000	 0.105041461479829
1640.494565606120000	 0.105665982201655
1640.727524220940000	 0.106291815452841
1640.960482835770000	 0.106892940346610
1641.193441450600000	 0.107452984659055
1641.426400065420000	 0.107964568113158
1641.659358680250000	 0.108423799078454
1641.892317295070000	 0.108823977654504
1642.125275909900000	 0.109152473719157
1642.358234524730000	 0.109392419484488
1642.591193139550000	 0.109527726701654
1642.824151754380000	 0.109547914399471
1643.057110369210000	 0.109449589994694
1643.290068984030000	 0.109233833196741
1643.523027598860000	 0.108901513570356
1643.755986213680000	 0.108449993153872
1643.988944828510000	 0.107873931921302
1644.221903443340000	 0.107170438935433
1644.454862058160000	 0.106346051403165
1644.687820672990000	 0.105421730749688
1644.920779287820000	 0.104432972062547
1645.153737902640000	 0.103424328583962
1645.386696517470000	 0.102439691499290
1645.619655132290000	 0.101511027197987
1645.852613747120000	 0.100649396431897
1646.085572361950000	 0.099842774157377
1646.318530976770000	 0.099063673781839
1646.551489591600000	 0.098284522509346
1646.784448206420000	 0.097492946544747
1647.017406821250000	 0.096698435013140
1647.250365436080000	 0.095927757853251
1647.483324050900000	 0.095213408088428
1647.716282665730000	 0.094581654312703
1647.949241280560000	 0.094044798979826
1648.182199895380000	 0.093599268442457
1648.415158510210000	 0.093229023895001
1648.648117125030000	 0.092912333295780
1648.881075739860000	 0.092628963173482
1649.114034354690000	 0.092364894570415
1649.346992969510000	 0.092113154497511
1649.579951584340000	 0.091871508034417
1649.812910199170000	 0.091639125952433
1650.045868813990000	 0.091414235384073
1650.278827428820000	 0.091193687386089
1650.511786043640000	 0.090974246875499
1650.744744658470000	 0.090754765234105
1650.977703273300000	 0.090538314944802
1651.210661888120000	 0.090333683275993
1651.443620502950000	 0.090156023387424
1651.676579117770000	 0.090026551869351
1651.909537732600000	 0.089970707013808
1652.142496347430000	 0.090013332586600
1652.375454962250000	 0.090169163785821
1652.608413577080000	 0.090428973967976
1652.841372191910000	 0.090747588779637
1653.074330806730000	 0.091046219360063
1653.307289421560000	 0.091237632054902
1653.540248036380000	 0.091263666715522
1653.773206651210000	 0.091119268979985
1654.006165266040000	 0.090847715791832
1654.239123880860000	 0.090515735906611
1654.472082495690000	 0.090186817065155
1654.705041110520000	 0.089903777202216
1654.937999725340000	 0.089682598499716
1655.170958340170000	 0.089515627776599
1655.403916954990000	 0.089381195835577
1655.636875569820000	 0.089255761801005
1655.869834184650000	 0.089124047975332
1656.102792799470000	 0.088983566178196
1656.335751414300000	 0.088842502349909
1656.568710029130000	 0.088712810649799
1656.801668643950000	 0.088602214010945
1657.034627258780000	 0.088509027584267
1657.267585873600000	 0.088422306570220
1657.500544488430000	 0.088327172620333
1657.733503103260000	 0.088212384870697
1657.966461718080000	 0.088075909869338
1658.199420332910000	 0.087925400799143
1658.432378947730000	 0.087773466641599
1658.665337562560000	 0.087630534177045
1658.898296177390000	 0.087499318693274
1659.131254792210000	 0.087373888132009
1659.364213407040000	 0.087243663682065
1659.597172021870000	 0.087099886458452
1659.830130636690000	 0.086940690973662
1660.063089251520000	 0.086771784529809
1660.296047866340000	 0.086602309632681
1660.529006481170000	 0.086438263200821
1660.761965096000000	 0.086277336633215
1660.994923710820000	 0.086108413322490
1661.227882325650000	 0.085916462204033
1661.460840940480000	 0.085690519940616
1661.693799555300000	 0.085430640375321
1661.926758170130000	 0.085150137825754
1662.159716784950000	 0.084871712683584
1662.392675399780000	 0.084618791280997
1662.625634014610000	 0.084405547854278
1662.858592629430000	 0.084230039747429
1663.091551244260000	 0.084074113459440
1663.324509859090000	 0.083910775345972
1663.557468473910000	 0.083715536469622
1663.790427088740000	 0.083475720243379
1664.023385703560000	 0.083193217262744
1664.256344318390000	 0.082880537195467
1664.489302933220000	 0.082553608393943
1664.722261548040000	 0.082225377901955
1664.955220162870000	 0.081902582610043
1665.188178777690000	 0.081585958488856
1665.421137392520000	 0.081272745237487
1665.654096007350000	 0.080959802628459
1665.887054622170000	 0.080645832726873
1666.120013237000000	 0.080331926679284
1666.352971851830000	 0.080020608867436
1666.585930466650000	 0.079714239741759
1666.818889081480000	 0.079413709636866
1667.051847696300000	 0.079117918316344
1667.284806311130000	 0.078824033014016
1667.517764925960000	 0.078528300106479
1667.750723540780000	 0.078227249346352
1667.983682155610000	 0.077919222134281
1668.216640770440000	 0.077606043181649
1668.449599385260000	 0.077294309820514
1668.682558000090000	 0.076995378081132
1668.915516614910000	 0.076723000185280
1669.148475229740000	 0.076488145525481
1669.381433844570000	 0.076292176597255
1669.614392459390000	 0.076121795826517
1669.847351074220000	 0.075950017003980
1670.080309689040000	 0.075744662070004
1670.313268303870000	 0.075480715829609
1670.546226918700000	 0.075150047906186
1670.779185533520000	 0.074764177170356
1671.012144148350000	 0.074350065140051
1671.245102763180000	 0.073941446794044
1671.478061378000000	 0.073568512994477
1671.711019992830000	 0.073248705670879
1671.943978607650000	 0.072981729222645
1672.176937222480000	 0.072751303191080
1672.409895837310000	 0.072533348937303
1672.642854452130000	 0.072306499856173
1672.875813066960000	 0.072059369322542
1673.108771681790000	 0.071791397147607
1673.341730296610000	 0.071508202055371
1673.574688911440000	 0.071215138699272
1673.807647526260000	 0.070913014097848
1674.040606141090000	 0.070598217561860
1674.273564755920000	 0.070266945666490
1674.506523370740000	 0.069920919209658
1674.739481985570000	 0.069570981143306
1674.972440600400000	 0.069235615797550
1675.205399215220000	 0.068933587831823
1675.438357830050000	 0.068673277431195
1675.671316444870000	 0.068444758103953
1675.904275059700000	 0.068221062598180
1676.137233674530000	 0.067969656364600
1676.370192289350000	 0.067667236243457
1676.603150904180000	 0.067308604449125
1676.836109519000000	 0.066905720333804
1677.069068133830000	 0.066479704055472
1677.302026748660000	 0.066051019853605
1677.534985363480000	 0.065631951854906
1677.767943978310000	 0.065223613596669
1678.000902593140000	 0.064818096268949
1678.233861207960000	 0.064404561878454
1678.466819822790000	 0.063976293085559
1678.699778437610000	 0.063535110743702
1678.932737052440000	 0.063090989285871
1679.165695667270000	 0.062657373364697
1679.398654282090000	 0.062244899117993
1679.631612896920000	 0.061856785485620
1679.864571511750000	 0.061488048952603
1680.097530126570000	 0.061128601691710
1680.330488741400000	 0.060768261218232
1680.563447356220000	 0.060400824195950
1680.796405971050000	 0.060025179410152
1681.029364585880000	 0.059643425972355
1681.262323200700000	 0.059257794790882
1681.495281815530000	 0.058868657955833
1681.728240430360000	 0.058474834416139
1681.961199045180000	 0.058075627540886
1682.194157660010000	 0.057672829833849
1682.427116274830000	 0.057271016452058
1682.660074889660000	 0.056875599621616
1682.893033504490000	 0.056489594923787
1683.125992119310000	 0.056111139248180
1683.358950734140000	 0.055733888998758
1683.591909348960000	 0.055351081259467
1683.824867963790000	 0.054961570064850
1684.057826578620000	 0.054574031539574
1684.290785193440000	 0.054205541022676
1684.523743808270000	 0.053873401829113
1684.756702423100000	 0.053583391621268
1684.989661037920000	 0.053321341687228
1685.222619652750000	 0.053055016877935
1685.455578267570000	 0.052747315787903
1685.688536882400000	 0.052373187019334
1685.921495497230000	 0.051929708025378
1686.154454112050000	 0.051434651911425
1686.387412726880000	 0.050916862164228
1686.620371341710000	 0.050404778617852
1686.853329956530000	 0.049917720601601
1687.086288571360000	 0.049461870189547
1687.319247186180000	 0.049031246283836
1687.552205801010000	 0.048612857137113
1687.785164415840000	 0.048193924229737
1688.018123030660000	 0.047767968852590
1688.251081645490000	 0.047336821540198
1688.484040260310000	 0.046907740569227
1688.716998875140000	 0.046487677030224
1688.949957489970000	 0.046078364088803
1689.182916104790000	 0.045675236970967
1689.415874719620000	 0.045270705763698
1689.648833334450000	 0.044859605596404
1689.881791949270000	 0.044443369483801
1690.114750564100000	 0.044030287330704
1690.347709178920000	 0.043631520722959
1690.580667793750000	 0.043254967136775
1690.813626408580000	 0.042900333119797
1691.046585023400000	 0.042558229271048
1691.279543638230000	 0.042213937588984
1691.512502253060000	 0.041853864949148
1691.745460867880000	 0.041471209317859
1691.978419482710000	 0.041067983309023
1692.211378097530000	 0.040652744637496
1692.444336712360000	 0.040235695182265
1692.677295327190000	 0.039823982521442
1692.910253942010000	 0.039419664185703
1693.143212556840000	 0.039021184130615
1693.376171171670000	 0.038627163207273
1693.609129786490000	 0.038239918118882
1693.842088401320000	 0.037866271403178
1694.075047016140000	 0.037514870562115
1694.308005630970000	 0.037191361435633
1694.540964245800000	 0.036894044353064
1694.773922860620000	 0.036612411654833
1695.006881475450000	 0.036329544002762
1695.239840090270000	 0.036027636522990
1695.472798705100000	 0.035694672038354
1695.705757319930000	 0.035329615150624
1695.938715934750000	 0.034943467951154
1696.171674549580000	 0.034554753313663
1696.404633164410000	 0.034181192993575
1696.637591779230000	 0.033832750869737
1696.870550394060000	 0.033510627671586
1697.103509008880000	 0.033211678373679
1697.336467623710000	 0.032933589615498
1697.569426238540000	 0.032676882510900
1697.802384853360000	 0.032443086409327
1698.035343468190000	 0.032230812680575
1698.268302083020000	 0.032032265429000
1698.501260697840000	 0.031832537926559
1698.734219312670000	 0.031612902673038
1698.967177927490000	 0.031357232630087
1699.200136542320000	 0.031058771595752
1699.433095157150000	 0.030724191970708
1699.666053771970000	 0.030373282761911
1699.899012386800000	 0.030034165848512
1700.131971001630000	 0.029734734503158
1700.364929616450000	 0.029492205664065
1700.597888231280000	 0.029305452311684
1700.830846846100000	 0.029156206143249
1701.063805460930000	 0.029019980636551
1701.296764075760000	 0.028878722193384
1701.529722690580000	 0.028726130470894
1701.762681305410000	 0.028564601417966
1701.995639920230000	 0.028399038729803
1702.228598535060000	 0.028232321425302
1702.461557149890000	 0.028064023927441
1702.694515764710000	 0.027891773123088
1702.927474379540000	 0.027713776512249
1703.160432994370000	 0.027530962971271
1703.393391609190000	 0.027347615394290
1703.626350224020000	 0.027170237353893
1703.859308838840000	 0.027005322645584
1704.092267453670000	 0.026857211819372
1704.325226068500000	 0.026727074775443
1704.558184683320000	 0.026613350662975
1704.791143298150000	 0.026513088643696
1705.024101912980000	 0.026423119903341
1705.257060527800000	 0.026340261791073
1705.490019142630000	 0.026260640428725
1705.722977757450000	 0.026179009961392
1705.955936372280000	 0.026089038217979
1706.188894987110000	 0.025984900577007
1706.421853601930000	 0.025863603224581
1706.654812216760000	 0.025726775187065
1706.887770831580000	 0.025580683944432
1707.120729446410000	 0.025434111920186
1707.353688061240000	 0.025295049577938
1707.586646676060000	 0.025167978403203
1707.819605290890000	 0.025053151845900
1708.052563905720000	 0.024947993739783
1708.285522520540000	 0.024849480572066
1708.518481135370000	 0.024755951946073
1708.751439750190000	 0.024667320576846
1708.984398365020000	 0.024583708300833
1709.217356979850000	 0.024503528253544
1709.450315594670000	 0.024422458036047
1709.683274209500000	 0.024334333098797
1709.916232824330000	 0.024233859115333
1710.149191439150000	 0.024119787935972
1710.382150053980000	 0.023996635021656
1710.615108668800000	 0.023873620282486
1710.848067283630000	 0.023761020481109
1711.081025898460000	 0.023665642966102
1711.313984513280000	 0.023587753105100
1711.546943128110000	 0.023521122720707
1711.779901742940000	 0.023456248329687
1712.012860357760000	 0.023385102151610
1712.245818972590000	 0.023304983814198
1712.478777587410000	 0.023219570324800
1712.711736202240000	 0.023136751827071
1712.944694817070000	 0.023064438913000
1713.177653431890000	 0.023006461887778
1713.410612046720000	 0.022960580497866
1713.643570661540000	 0.022919541971527
1713.876529276370000	 0.022874556653583
1714.109487891200000	 0.022819338987334
1714.342446506020000	 0.022752711367689
1714.575405120850000	 0.022678722320859
1714.808363735680000	 0.022604597893462
1715.041322350500000	 0.022537812835546
1715.274280965330000	 0.022483732286041
1715.507239580150000	 0.022444679400052
1715.740198194980000	 0.022420291894187
1715.973156809810000	 0.022408259177393
1716.206115424630000	 0.022404546068421
1716.439074039460000	 0.022402980382090
1716.672032654290000	 0.022394963268554
1716.904991269110000	 0.022370421823998
1717.137949883940000	 0.022320743127362
1717.370908498760000	 0.022243308698113
1717.603867113590000	 0.022145593742713
1717.836825728420000	 0.022045586367120
1718.069784343240000	 0.021966305085165
1718.302742958070000	 0.021926047265333
1718.535701572900000	 0.021929865063812
1718.768660187720000	 0.021967560119988
1719.001618802550000	 0.022019101282044
1719.234577417370000	 0.022063915980353
1719.467536032200000	 0.022089161349063
1719.700494647030000	 0.022093534618326
1719.933453261850000	 0.022085680526562
1720.166411876680000	 0.022078572316860
1720.399370491500000	 0.022082719974025
1720.632329106330000	 0.022101267792113
1720.865287721160000	 0.022128963507538
1721.098246335980000	 0.022155136156419
1721.331204950810000	 0.022169014218331
1721.564163565640000	 0.022164688993799
1721.797122180460000	 0.022143263550985
1722.030080795290000	 0.022111241040021
1722.263039410110000	 0.022076299441268
1722.495998024940000	 0.022043043474433
1722.728956639770000	 0.022011184751018
1722.961915254590000	 0.021977004709500
1723.194873869420000	 0.021936961042962
1723.427832484250000	 0.021891082229210
1723.660791099070000	 0.021843976880780
1723.893749713900000	 0.021802737611591
1724.126708328720000	 0.021772943122917
1724.359666943550000	 0.021755202382106
1724.592625558380000	 0.021744406682298
1724.825584173200000	 0.021732206363255
1725.058542788030000	 0.021711292011697
1725.291501402850000	 0.021679044054387
1725.524460017680000	 0.021638543114702
1725.757418632510000	 0.021596457997484
1725.990377247330000	 0.021559069246471
1726.223335862160000	 0.021528709688231
1726.456294476990000	 0.021502648019189
1726.689253091810000	 0.021475022826964
1726.922211706640000	 0.021440646023766
1727.155170321460000	 0.021398385744959
1727.388128936290000	 0.021352075178140
1727.621087551120000	 0.021308342017908
1727.854046165940000	 0.021272568423338
1728.087004780770000	 0.021245320365761
1728.319963395600000	 0.021221368916744
1728.552922010420000	 0.021191981064748
1728.785880625250000	 0.021149323899078
1729.018839240070000	 0.021090665758349
1729.251797854900000	 0.021020199486700
1729.484756469730000	 0.020947600977962
1729.717715084550000	 0.020884116182973
1729.950673699380000	 0.020838176410192
1730.183632314210000	 0.020812700162211
1730.416590929030000	 0.020805254318291
1730.649549543860000	 0.020810587680802
1730.882508158680000	 0.020823672490836
1731.115466773510000	 0.020841236455927
1731.348425388340000	 0.020860990505934
1731.581384003160000	 0.020879462300859
1731.814342617990000	 0.020890318884338
1732.047301232810000	 0.020884756633918
1732.280259847640000	 0.020854314837400
1732.513218462470000	 0.020795096591412
1732.746177077290000	 0.020711492323903
1732.979135692120000	 0.020617425859217
1733.212094306950000	 0.020533929618750
1733.445052921770000	 0.020483289523620
1733.678011536600000	 0.020481606320824
1733.910970151420000	 0.020532729927583
1734.143928766250000	 0.020626438130329
1734.376887381080000	 0.020742059811970
1734.609845995900000	 0.020855972449915
1734.842804610730000	 0.020949193708741
1735.075763225560000	 0.021011475764607
1735.308721840380000	 0.021040930773614
1735.541680455210000	 0.021041037014469
1735.774639070030000	 0.021017684625087
1736.007597684860000	 0.020977700809080
1736.240556299690000	 0.020928638982904
1736.473514914510000	 0.020878792518230
1736.706473529340000	 0.020836558791732
1736.939432144170000	 0.020808969741431
1737.172390758990000	 0.020799932979587
1737.405349373820000	 0.020809143332501
1737.638307988640000	 0.020832477595281
1737.871266603470000	 0.020863919841792
1738.104225218300000	 0.020898049378315
1738.337183833120000	 0.020931604710814
1738.570142447950000	 0.020963151342482
1738.803101062770000	 0.020991153880193
1739.036059677600000	 0.021011887374714
1739.269018292430000	 0.021018895761555
1739.501976907250000	 0.021004989965475
1739.734935522080000	 0.020966343703327
1739.967894136910000	 0.020906617137132
1740.200852751730000	 0.020838198607496
1740.433811366560000	 0.020778744497637
1740.666769981380000	 0.020744147223242
1740.899728596210000	 0.020741731509660
1741.132687211040000	 0.020767456019691
1741.365645825860000	 0.020808260013679
1741.598604440690000	 0.020847808870535
1741.831563055520000	 0.020872660016715
1742.064521670340000	 0.020876337355683
1742.297480285170000	 0.020860086175463
1742.530438899990000	 0.020830507729404
1742.763397514820000	 0.020795501630611
1742.996356129650000	 0.020760621803408
1743.229314744470000	 0.020727672875387
1743.462273359300000	 0.020696065727186
1743.695231974120000	 0.020665730949886
1743.928190588950000	 0.020639360994771
1744.161149203780000	 0.020622207151162
1744.394107818600000	 0.020619348639139
1744.627066433430000	 0.020632103466992
1744.860025048260000	 0.020655882559798
1745.092983663080000	 0.020680972100277
1745.325942277910000	 0.020696070301978
1745.558900892730000	 0.020692889319935
1745.791859507560000	 0.020669538981622
1746.024818122390000	 0.020631006343274
1746.257776737210000	 0.020586526643376
1746.490735352040000	 0.020545242676881
1746.723693966870000	 0.020512405617228
1746.956652581690000	 0.020487999464893
1747.189611196520000	 0.020468278024730
1747.422569811340000	 0.020449077030172
1747.655528426170000	 0.020428840426923
1747.888487041000000	 0.020409618946969
1748.121445655820000	 0.020395645794758
1748.354404270650000	 0.020390599472216
1748.587362885480000	 0.020395383769235
1748.820321500300000	 0.020407796608638
1749.053280115130000	 0.020424164315102
1749.286238729950000	 0.020441694437162
1749.519197344780000	 0.020459795334679
1749.752155959610000	 0.020479333302575
1749.985114574430000	 0.020500320881116
1750.218073189260000	 0.020519757948021
1750.451031804080000	 0.020531405846149
1750.683990418910000	 0.020528222596620
1750.916949033740000	 0.020506712641886
1751.149907648560000	 0.020471139015013
1751.382866263390000	 0.020434852836516
1751.615824878220000	 0.020416666661323
1751.848783493040000	 0.020432868724772
1752.081742107870000	 0.020488975428713
1752.314700722690000	 0.020576412809685
1752.547659337520000	 0.020676207703034
1752.780617952350000	 0.020767114175032
1753.013576567170000	 0.020833520821311
1753.246535182000000	 0.020869774796574
1753.479493796830000	 0.020880035325128
1753.712452411650000	 0.020874629047607
1753.945411026480000	 0.020864869124077
1754.178369641300000	 0.020858640715520
1754.411328256130000	 0.020858608721896
1754.644286870960000	 0.020863520197291
1754.877245485780000	 0.020871298515929
1755.110204100610000	 0.020881601438613
1755.343162715440000	 0.020896012762554
1755.576121330260000	 0.020915733289016
1755.809079945090000	 0.020938405670129
1756.042038559910000	 0.020956472109333
1756.274997174740000	 0.020958791354645
1756.507955789570000	 0.020935456147887
1756.740914404390000	 0.020883734677668
1756.973873019220000	 0.020811893686990
1757.206831634040000	 0.020738199484620
1757.439790248870000	 0.020684736922208
1757.672748863700000	 0.020668737304416
1757.905707478520000	 0.020695850181317
1758.138666093350000	 0.020758778530051
1758.371624708180000	 0.020841551176252
1758.604583323000000	 0.020926726270944
1758.837541937830000	 0.021001837231531
1759.070500552650000	 0.021062441017857
1759.303459167480000	 0.021111092582811
1759.536417782310000	 0.021153413400841
1759.769376397130000	 0.021193559514403
1760.002335011960000	 0.021231447980540
1760.235293626790000	 0.021262963219929
1760.468252241610000	 0.021282592271050
1760.701210856440000	 0.021286639584080
1760.934169471260000	 0.021275148828078
1761.167128086090000	 0.021251737251416
1761.400086700920000	 0.021221875558880
1761.633045315740000	 0.021190942191013
1761.866003930570000	 0.021163300040069
1762.098962545390000	 0.021142756265228
1762.331921160220000	 0.021133576407612
1762.564879775050000	 0.021140613714344
1762.797838389870000	 0.021167733559076
1763.030797004700000	 0.021215178500638
1763.263755619530000	 0.021277598915106
1763.496714234350000	 0.021344306668678
1763.729672849180000	 0.021402138291700
1763.962631464000000	 0.021439966824360
1764.195590078830000	 0.021453006255455
1764.428548693660000	 0.021444892862996
1764.661507308480000	 0.021426247144678
1764.894465923310000	 0.021409963547458
1765.127424538140000	 0.021405271754905
1765.360383152960000	 0.021413586643524
1765.593341767790000	 0.021428453442570
1765.826300382610000	 0.021439721601758
1766.059258997440000	 0.021439743362036
1766.292217612270000	 0.021428290162983
1766.525176227090000	 0.021413570775915
1766.758134841920000	 0.021408768005466
1766.991093456750000	 0.021425807320085
1767.224052071570000	 0.021469453269226
1767.457010686400000	 0.021534600617915
1767.689969301220000	 0.021607986303087
1767.922927916050000	 0.021673432273055
1768.155886530880000	 0.021718149333428
1768.388845145700000	 0.021737186005870
1768.621803760530000	 0.021733994462549
1768.854762375350000	 0.021717114750367
1769.087720990180000	 0.021695206522223
1769.320679605010000	 0.021673529875372
1769.553638219830000	 0.021653688973476
1769.786596834660000	 0.021636059315516
1770.019555449490000	 0.021622727116768
1770.252514064310000	 0.021618821493429
1770.485472679140000	 0.021631273930912
1770.718431293960000	 0.021665444115118
1770.951389908790000	 0.021721210283275
1771.184348523620000	 0.021790664701419
1771.417307138440000	 0.021859041260200
1771.650265753270000	 0.021908893715255
1771.883224368100000	 0.021925716265978
1772.116182982920000	 0.021902443957929
1772.349141597750000	 0.021841061462126
1772.582100212570000	 0.021751133329659
1772.815058827400000	 0.021646361215187
1773.048017442230000	 0.021540759257853
1773.280976057050000	 0.021445779044272
1773.513934671880000	 0.021368975139831
1773.746893286700000	 0.021313962321013
1773.979851901530000	 0.021280949000355
1774.212810516360000	 0.021267274098125
1774.445769131180000	 0.021267874350006
1774.678727746010000	 0.021275989430142
1774.911686360840000	 0.021284406625147
1775.144644975660000	 0.021287200036184
1775.377603590490000	 0.021281446916226
1775.610562205310000	 0.021268098119041
1775.843520820140000	 0.021251342902721
1776.076479434970000	 0.021236536120406
1776.309438049790000	 0.021227677204578
1776.542396664620000	 0.021225830835441
1776.775355279450000	 0.021229329220727
1777.008313894270000	 0.021235445522477
1777.241272509100000	 0.021242319935372
1777.474231123920000	 0.021249849398733
1777.707189738750000	 0.021258986050089
1777.940148353580000	 0.021269939177473
1778.173106968400000	 0.021280537152541
1778.406065583230000	 0.021286033025431
1778.639024198060000	 0.021280854372219
1778.871982812880000	 0.021261599809534
1779.104941427710000	 0.021229672322200
1779.337900042530000	 0.021191909538519
1779.570858657360000	 0.021158522876569
1779.803817272190000	 0.021139097486531
1780.036775887010000	 0.021138520695664
1780.269734501840000	 0.021154850779928
1780.502693116660000	 0.021180213481639
1780.735651731490000	 0.021204308367354
1780.968610346320000	 0.021218795719372
1781.201568961140000	 0.021220395956022
1781.434527575970000	 0.021211247458765
1781.667486190800000	 0.021196610688863
1781.900444805620000	 0.021181483494043
1782.133403420450000	 0.021168154425833
1782.366362035270000	 0.021155905651035
1782.599320650100000	 0.021142633999239
1782.832279264930000	 0.021127065695507
1783.065237879750000	 0.021110071616697
1783.298196494580000	 0.021094300206683
1783.531155109410000	 0.021082469784298
1783.764113724230000	 0.021075557800476
1783.997072339060000	 0.021072232105176
1784.230030953880000	 0.021070068233034
1784.462989568710000	 0.021067874100514
1784.695948183540000	 0.021067581947561
1784.928906798360000	 0.021074218246540
1785.161865413190000	 0.021093479916938
1785.394824028020000	 0.021127982017936
1785.627782642840000	 0.021174404556191
1785.860741257670000	 0.021223586893176
1786.093699872490000	 0.021263930922906
1786.326658487320000	 0.021286399331172
1786.559617102150000	 0.021288448559268
1786.792575716970000	 0.021274923757207
1787.025534331800000	 0.021255568942847
1787.258492946620000	 0.021240406244866
1787.491451561450000	 0.021235207534972
1787.724410176280000	 0.021239276924852
1787.957368791100000	 0.021246652991838
1788.190327405930000	 0.021250028329562
1788.423286020760000	 0.021245172562269
1788.656244635580000	 0.021233390417234
1788.889203250410000	 0.021220705687089
1789.122161865230000	 0.021214325421448
1789.355120480060000	 0.021218458594575
1789.588079094890000	 0.021231908517458
1789.821037709710000	 0.021248814733236
1790.053996324540000	 0.021262088485697
1790.286954939370000	 0.021267573767853
1790.519913554190000	 0.021266625440032
1790.752872169020000	 0.021265704418385
1790.985830783840000	 0.021273198236664
1791.218789398670000	 0.021295195513213
1791.451748013500000	 0.021332568799990
1791.684706628320000	 0.021380953186656
1791.917665243150000	 0.021433402429961
1792.150623857980000	 0.021483876947873
1792.383582472800000	 0.021529383100745
1792.616541087630000	 0.021569633536205
1792.849499702450000	 0.021604758732154
1793.082458317280000	 0.021632911419493
1793.315416932110000	 0.021649766884641
1793.548375546930000	 0.021650607196179
1793.781334161760000	 0.021633659020610
1794.014292776580000	 0.021602296845098
1794.247251391410000	 0.021564535772999
1794.480210006240000	 0.021530054953729
1794.713168621060000	 0.021506338840158
1794.946127235890000	 0.021495816595063
1795.179085850720000	 0.021495369936526
1795.412044465540000	 0.021498559063345
1795.645003080370000	 0.021499589670332
1795.877961695190000	 0.021496934869291
1796.110920310020000	 0.021494454301660
1796.343878924850000	 0.021499179812422
1796.576837539670000	 0.021516954785654
1796.809796154500000	 0.021548484712508
1797.042754769330000	 0.021588175113880
1797.275713384150000	 0.021626517423805
1797.508671998980000	 0.021654692169202
1797.741630613800000	 0.021668727942921
1797.974589228630000	 0.021670808833134
1798.207547843460000	 0.021667018963452
1798.440506458280000	 0.021662900285814
1798.673465073110000	 0.021659456210135
1798.906423687930000	 0.021652015447299
1799.139382302760000	 0.021632827417250
1799.372340917590000	 0.021596146543618
1799.605299532410000	 0.021542954968663
1799.838258147240000	 0.021482365484024
1800.071216762070000	 0.021428443418939
1800.304175376890000	 0.021393869954838
1800.537133991720000	 0.021383901939616
1800.770092606540000	 0.021394071839563
1801.003051221370000	 0.021412935767197
1801.236009836200000	 0.021428280378590
1801.468968451020000	 0.021433344726768
1801.701927065850000	 0.021429772817162
1801.934885680680000	 0.021425870027503
1802.167844295500000	 0.021431198992748
1802.400802910330000	 0.021450454512320
1802.633761525150000	 0.021480009193826
1802.866720139980000	 0.021509139539690
1803.099678754810000	 0.021525286858814
1803.332637369630000	 0.021520344229234
1803.565595984460000	 0.021494472572166
1803.798554599290000	 0.021455594346658
1804.031513214110000	 0.021415250659271
1804.264471828940000	 0.021383340250150
1804.497430443760000	 0.021364533055213
1804.730389058590000	 0.021357951602423
1804.963347673420000	 0.021359765600533
1805.196306288240000	 0.021366700191515
1805.429264903070000	 0.021378060937515
1805.662223517890000	 0.021394987450961
1805.895182132720000	 0.021417577445062
1806.128140747550000	 0.021442052323134
1806.361099362370000	 0.021460279644120
1806.594057977200000	 0.021462571799878
1806.827016592030000	 0.021442543949793
1807.059975206850000	 0.021401274451603
1807.292933821680000	 0.021348102571811
1807.525892436500000	 0.021297135490596
1807.758851051330000	 0.021260925120503
1807.991809666160000	 0.021244487250817
1808.224768280980000	 0.021242915956242
1808.457726895810000	 0.021244112597972
1808.690685510640000	 0.021235376049964
1808.923644125460000	 0.021210341814474
1809.156602740290000	 0.021172471038388
1809.389561355110000	 0.021133216378359
1809.622519969940000	 0.021105914339151
1809.855478584770000	 0.021098666876815
1810.088437199590000	 0.021109913209900
1810.321395814420000	 0.021128984691857
1810.554354429250000	 0.021141376992372
1810.787313044070000	 0.021135964783404
1811.020271658900000	 0.021110274033649
1811.253230273720000	 0.021070995703645
1811.486188888550000	 0.021029673543263
1811.719147503380000	 0.020996266051033
1811.952106118200000	 0.020974341927824
1812.185064733030000	 0.020960441388910
1812.418023347850000	 0.020947524708956
1812.650981962680000	 0.020930097947523
1812.883940577510000	 0.020907863470266
1813.116899192330000	 0.020885840939732
1813.349857807160000	 0.020871077506006
1813.582816421990000	 0.020868069949310
1813.815775036810000	 0.020875756952993
1814.048733651640000	 0.020887970763705
1814.281692266460000	 0.020897096450185
1814.514650881290000	 0.020898679793444
1814.747609496120000	 0.020894125288010
1814.980568110940000	 0.020889793409087
1815.213526725770000	 0.020892989212277
1815.446485340600000	 0.020907233898276
1815.679443955420000	 0.020929734526535
1815.912402570250000	 0.020952754915547
1816.145361185070000	 0.020968257583206
1816.378319799900000	 0.020973110340791
1816.611278414730000	 0.020971657950682
1816.844237029550000	 0.020973890641693
1817.077195644380000	 0.020989946469552
1817.310154259200000	 0.021023854843465
1817.543112874030000	 0.021070083333558
1817.776071488860000	 0.021115123356031
1818.009030103680000	 0.021143585794514
1818.241988718510000	 0.021145606406188
1818.474947333340000	 0.021121505425642
1818.707905948160000	 0.021081228265323
1818.940864562990000	 0.021039088374271
1819.173823177810000	 0.021006881883680
1819.406781792640000	 0.020989152683583
1819.639740407470000	 0.020982996343325
1819.872699022290000	 0.020982125764505
1820.105657637120000	 0.020982463321360
1820.338616251950000	 0.020985686059318
1820.571574866770000	 0.020998431302225
1820.804533481600000	 0.021027509857422
1821.037492096420000	 0.021073943315161
1821.270450711250000	 0.021129537433238
1821.503409326080000	 0.021178461345647
1821.736367940900000	 0.021203522587457
1821.969326555730000	 0.021194079921506
1822.202285170560000	 0.021151479230269
1822.435243785380000	 0.021089151843368
1822.668202400210000	 0.021027267317489
1822.901161015030000	 0.020984526237437
1823.134119629860000	 0.020970989511536
1823.367078244690000	 0.020985193639814
1823.600036859510000	 0.021016513515052
1823.832995474340000	 0.021051002234708
1824.065954089160000	 0.021077341785294
1824.298912703990000	 0.021089990152700
1824.531871318820000	 0.021088639169438
1824.764829933640000	 0.021075297368806
1824.997788548470000	 0.021051428941512
1825.230747163300000	 0.021017157212276
1825.463705778120000	 0.020972915329205
1825.696664392950000	 0.020922046838503
1825.929623007770000	 0.020871977075561
1826.162581622600000	 0.020832469836715
1826.395540237430000	 0.020811611533501
1826.628498852250000	 0.020811905180620
1826.861457467080000	 0.020828915941374
1827.094416081910000	 0.020853384650692
1827.327374696730000	 0.020875752750915
1827.560333311560000	 0.020890761677663
1827.793291926380000	 0.020899749931743
1828.026250541210000	 0.020909420493834
1828.259209156040000	 0.020927671909870
1828.492167770860000	 0.020958704189596
1828.725126385690000	 0.021000098375726
1828.958085000510000	 0.021043516841286
1829.191043615340000	 0.021078615948689
1829.424002230170000	 0.021097937441098
1829.656960844990000	 0.021100043564341
1829.889919459820000	 0.021089238884755
1830.122878074650000	 0.021072246039017
1830.355836689470000	 0.021054042079725
1830.588795304300000	 0.021035580977999
1830.821753919120000	 0.021014826755825
1831.054712533950000	 0.020990153533760
1831.287671148780000	 0.020963473333242
1831.520629763600000	 0.020940723675001
1831.753588378430000	 0.020929253768695
1831.986546993260000	 0.020933703594377
1832.219505608080000	 0.020952911012528
1832.452464222910000	 0.020979857270326
1832.685422837730000	 0.021005023640728
1832.918381452560000	 0.021021540151149
1833.151340067390000	 0.021029198001094
1833.384298682210000	 0.021034702028342
1833.617257297040000	 0.021047568200833
1833.850215911870000	 0.021073746341900
1834.083174526690000	 0.021110690351655
1834.316133141520000	 0.021147075049183
1834.549091756340000	 0.021167852631292
1834.782050371170000	 0.021162241868879
1835.015008986000000	 0.021130347218722
1835.247967600820000	 0.021084581934574
1835.480926215650000	 0.021044736487092
1835.713884830470000	 0.021028937181310
1835.946843445300000	 0.021045015349055
1836.179802060130000	 0.021086719485614
1836.412760674950000	 0.021136759152096
1836.645719289780000	 0.021175116253328
1836.878677904610000	 0.021188294733364
1837.111636519430000	 0.021174749874870
1837.344595134260000	 0.021143903641008
1837.577553749080000	 0.021109690035827
1837.810512363910000	 0.021082501032345
1838.043470978740000	 0.021064104155611
1838.276429593560000	 0.021048202417013
1838.509388208390000	 0.021025910787653
1838.742346823220000	 0.020992554426060
1838.975305438040000	 0.020951571911785
1839.208264052870000	 0.020913215426204
1839.441222667690000	 0.020888905475520
1839.674181282520000	 0.020884632219853
1839.907139897350000	 0.020897331416960
1840.140098512170000	 0.020916455768053
1840.373057127000000	 0.020929934344335
1840.606015741830000	 0.020931070174991
1840.838974356650000	 0.020922290215374
1841.071932971480000	 0.020913498248800
1841.304891586300000	 0.020915983735095
1841.537850201130000	 0.020935467475716
1841.770808815960000	 0.020968409766336
1842.003767430780000	 0.021003884287161
1842.236726045610000	 0.021030103493987
1842.469684660430000	 0.021041843358149
1842.702643275260000	 0.021044288902988
1842.935601890090000	 0.021050784679852
1843.168560504910000	 0.021075462884745
1843.401519119740000	 0.021124594650153
1843.634477734570000	 0.021191231094924
1843.867436349390000	 0.021256183811729
1844.100394964220000	 0.021295500808187
1844.333353579040000	 0.021291345818130
1844.566312193870000	 0.021240819530421
1844.799270808700000	 0.021157510267585
1845.032229423520000	 0.021064473422731
1845.265188038350000	 0.020982935103533
1845.498146653180000	 0.020923745785747
1845.731105268000000	 0.020886026259830
1845.964063882830000	 0.020862181897318
1846.197022497650000	 0.020844962940515
1846.429981112480000	 0.020832216495275
1846.662939727310000	 0.020827165145915
1846.895898342130000	 0.020834712536959
1847.128856956960000	 0.020856364615555
1847.361815571780000	 0.020887143274433
1847.594774186610000	 0.020916801529878
1847.827732801440000	 0.020935011001226
1848.060691416260000	 0.020937511131967
1848.293650031090000	 0.020929333021304
1848.526608645920000	 0.020922804490938
1848.759567260740000	 0.020931112723565
1848.992525875570000	 0.020960894672049
1849.225484490390000	 0.021008050045553
1849.458443105220000	 0.021059230445383
1849.691401720050000	 0.021098236245028
1849.924360334870000	 0.021113819026364
1850.157318949700000	 0.021104750478832
1850.390277564530000	 0.021079665739285
1850.623236179350000	 0.021052029500119
1850.856194794180000	 0.021033102347086
1851.089153409000000	 0.021026758047449
1851.322112023830000	 0.021028862488079
1851.555070638660000	 0.021031220860536
1851.788029253480000	 0.021027436195337
1852.020987868310000	 0.021017063655377
1852.253946483140000	 0.021005694674991
1852.486905097960000	 0.021001158121132
1852.719863712790000	 0.021008336430991
1852.952822327610000	 0.021025873267325
1853.185780942440000	 0.021046842708307
1853.418739557270000	 0.021062944227410
1853.651698172090000	 0.021069555330945
1853.884656786920000	 0.021068461927576
1854.117615401740000	 0.021066569955224
1854.350574016570000	 0.021071384697735
1854.583532631400000	 0.021086036568530
1854.816491246220000	 0.021106984758283
1855.049449861050000	 0.021125966731838
1855.282408475880000	 0.021135127589813
1855.515367090700000	 0.021132194198801
1855.748325705530000	 0.021122418835570
1855.981284320350000	 0.021115899753187
1856.214242935180000	 0.021121627823774
1856.447201550010000	 0.021141633929905
1856.680160164830000	 0.021168765528115
1856.913118779660000	 0.021189687706335
1857.146077394490000	 0.021191672925538
1857.379036009310000	 0.021169441224365
1857.611994624140000	 0.021128214913078
1857.844953238960000	 0.021081287412277
1858.077911853790000	 0.021043441916101
1858.310870468620000	 0.021023805624970
1858.543829083440000	 0.021022026476105
1858.776787698270000	 0.021029794804395
1859.009746313100000	 0.021036639718201
1859.242704927920000	 0.021036427239644
1859.475663542750000	 0.021030668452535
1859.708622157570000	 0.021026786182483
1859.941580772400000	 0.021032559853192
1860.174539387230000	 0.021050246579580
1860.407498002050000	 0.021074096252115
1860.640456616880000	 0.021092982478543
1860.873415231700000	 0.021096750583386
1861.106373846530000	 0.021082524611782
1861.339332461360000	 0.021057124307512
1861.572291076180000	 0.021033967305038
1861.805249691010000	 0.021026006573564
1862.038208305840000	 0.021038588537711
1862.271166920660000	 0.021066333248176
1862.504125535490000	 0.021095995947430
1862.737084150310000	 0.021113841945842
1862.970042765140000	 0.021113385181381
1863.203001379970000	 0.021099109966815
1863.435959994790000	 0.021084111979831
1863.668918609620000	 0.021082980166294
1863.901877224450000	 0.021103802328804
1864.134835839270000	 0.021143630222626
1864.367794454100000	 0.021189835090188
1864.600753068920000	 0.021226474431342
1864.833711683750000	 0.021241980308161
1865.066670298580000	 0.021233912639858
1865.299628913400000	 0.021208473380941
1865.532587528230000	 0.021175600655926
1865.765546143050000	 0.021142878091157
1865.998504757880000	 0.021111941818148
1866.231463372710000	 0.021079381532784
1866.464421987530000	 0.021041276802225
1866.697380602360000	 0.020998200673180
1866.930339217190000	 0.020957234850934
1867.163297832010000	 0.020929452442843
1867.396256446840000	 0.020924204948598
1867.629215061660000	 0.020943651017811
1867.862173676490000	 0.020981025279136
1868.095132291320000	 0.021024008612521
1868.328090906140000	 0.021061390667046
1868.561049520970000	 0.021089013156469
1868.794008135800000	 0.021111259338692
1869.026966750620000	 0.021136978944476
1869.259925365450000	 0.021172125513305
1869.492883980270000	 0.021213623343212
1869.725842595100000	 0.021248706957491
1869.958801209930000	 0.021260930109531
1870.191759824750000	 0.021239718008781
1870.424718439580000	 0.021187681010190
1870.657677054410000	 0.021121078139689
1870.890635669230000	 0.021062987547432
1871.123594284060000	 0.021032876744475
1871.356552898880000	 0.021037953871098
1871.589511513710000	 0.021070539890933
1871.822470128540000	 0.021112660626792
1872.055428743360000	 0.021145471529776
1872.288387358190000	 0.021158596520820
1872.521345973010000	 0.021154434378983
1872.754304587840000	 0.021145237058645
1872.987263202670000	 0.021144829772639
1873.220221817490000	 0.021159841587443
1873.453180432320000	 0.021185504599886
1873.686139047150000	 0.021208365547565
1873.919097661970000	 0.021214192519406
1874.152056276800000	 0.021196325076483
1874.385014891620000	 0.021159528401018
1874.617973506450000	 0.021117153183482
1874.850932121280000	 0.021083373483022
1875.083890736100000	 0.021065143556312
1875.316849350930000	 0.021058677483744
1875.549807965760000	 0.021052603949153
1875.782766580580000	 0.021035945294782
1876.015725195410000	 0.021006081220767
1876.248683810230000	 0.020971759549051
1876.481642425060000	 0.020949098733665
1876.714601039890000	 0.020952641935727
1876.947559654710000	 0.020986491540010
1877.180518269540000	 0.021040718620036
1877.413476884370000	 0.021095426480274
1877.646435499190000	 0.021130508026260
1877.879394114020000	 0.021135776248262
1878.112352728840000	 0.021115847311705
1878.345311343670000	 0.021087111901163
1878.578269958500000	 0.021068540657105
1878.811228573320000	 0.021071429628173
1879.044187188150000	 0.021093732394892
1879.277145802970000	 0.021122058902509
1879.510104417800000	 0.021140083246667
1879.743063032630000	 0.021138446371521
1879.976021647450000	 0.021120459572296
1880.208980262280000	 0.021100441993756
1880.441938877110000	 0.021095758742226
1880.674897491930000	 0.021117112629449
1880.907856106760000	 0.021162529466354
1881.140814721580000	 0.021218331251189
1881.373773336410000	 0.021266387235518
1881.606731951240000	 0.021293376107395
1881.839690566060000	 0.021296815757034
1882.072649180890000	 0.021284730609695
1882.305607795720000	 0.021269615015184
1882.538566410540000	 0.021260547760541
1882.771525025370000	 0.021258177369346
1883.004483640190000	 0.021255422417073
1883.237442255020000	 0.021243209860429
1883.470400869850000	 0.021217510922950
1883.703359484670000	 0.021183210226502
1883.936318099500000	 0.021152345757630
1884.169276714320000	 0.021137671948766
1884.402235329150000	 0.021145289605608
1884.635193943980000	 0.021170691523995
1884.868152558800000	 0.021200630775659
1885.101111173630000	 0.021219794502600
1885.334069788460000	 0.021218413360471
1885.567028403280000	 0.021196458605076
1885.799987018110000	 0.021162239192212
1886.032945632930000	 0.021126581695983
1886.265904247760000	 0.021096304530677
1886.498862862590000	 0.021070962367878
1886.731821477410000	 0.021044723906453
1886.964780092240000	 0.021012003255528
1887.197738707070000	 0.020973080299292
1887.430697321890000	 0.020935929872974
1887.663655936720000	 0.020912831638740
1887.896614551540000	 0.020913580256783
1888.129573166370000	 0.020939315064743
1888.362531781200000	 0.020980824458763
1888.595490396020000	 0.021022656334988
1888.828449010850000	 0.021050913558160
1889.061407625680000	 0.021060344338227
1889.294366240500000	 0.021056657510587
1889.527324855330000	 0.021052681410114
1889.760283470150000	 0.021060503662663
1889.993242084980000	 0.021084170888687
1890.226200699810000	 0.021117405302723
1890.459159314630000	 0.021147819418810
1890.692117929460000	 0.021164909493364
1890.925076544280000	 0.021166610359668
1891.158035159110000	 0.021160260138817
1891.390993773940000	 0.021157532519503
1891.623952388760000	 0.021166589794528
1891.856911003590000	 0.021186283334484
1892.089869618420000	 0.021206087614047
1892.322828233240000	 0.021212217424217
1892.555786848070000	 0.021196614546187
1892.788745462890000	 0.021163385255624
1893.021704077720000	 0.021128392949369
1893.254662692550000	 0.021111616000675
1893.487621307370000	 0.021126228163525
1893.720579922200000	 0.021170558956548
1893.953538537030000	 0.021227841906092
1894.186497151850000	 0.021274479664424
1894.419455766680000	 0.021292624162340
1894.652414381500000	 0.021280094888526
1894.885372996330000	 0.021251881138707
1895.118331611160000	 0.021232060902658
1895.351290225980000	 0.021240277144962
1895.584248840810000	 0.021280077523205
1895.817207455630000	 0.021335746816646
1896.050166070460000	 0.021379815988506
1896.283124685290000	 0.021387385961981
1896.516083300110000	 0.021349367509713
1896.749041914940000	 0.021277393162019
1896.982000529770000	 0.021197996372538
1897.214959144590000	 0.021139483392995
1897.447917759420000	 0.021118499812817
1897.680876374240000	 0.021133127404167
1897.913834989070000	 0.021165748489001
1898.146793603900000	 0.021193629659780
1898.379752218720000	 0.021201007505380
1898.612710833550000	 0.021185927731129
1898.845669448380000	 0.021158531542739
1899.078628063200000	 0.021132639534338
1899.311586678030000	 0.021116212730789
1899.544545292850000	 0.021106580575076
1899.777503907680000	 0.021093203837924
1900.010462522510000	 0.021065999990823
1900.243421137330000	 0.021023735274206
1900.476379752160000	 0.020976926716141
1900.709338366990000	 0.020943130740709
1900.942296981810000	 0.020937199140256
1901.175255596640000	 0.020962217147706
1901.408214211460000	 0.021006643051822
1901.641172826290000	 0.021049696869982
1901.874131441120000	 0.021072155222481
1902.107090055940000	 0.021066322652595
1902.340048670770000	 0.021039310671352
1902.573007285590000	 0.021007718020944
1902.805965900420000	 0.020986888464508
1903.038924515250000	 0.020981116976958
1903.271883130070000	 0.020980719334367
1903.504841744900000	 0.020967972003710
1903.737800359730000	 0.020928654484290
1903.970758974550000	 0.020862394878573
1904.203717589380000	 0.020785513037358
1904.436676204200000	 0.020724329898320
1904.669634819030000	 0.020702367614420
1904.902593433860000	 0.020728396444882
1905.135552048680000	 0.020791997141455
1905.368510663510000	 0.020869251540998
1905.601469278340000	 0.020935429240483
1905.834427893160000	 0.020977452396615
1906.067386507990000	 0.020999100162248
1906.300345122810000	 0.021016251921901
1906.533303737640000	 0.021045236775043
1906.766262352470000	 0.021091224240910
1906.999220967290000	 0.021143525600980
1907.232179582120000	 0.021180708204786
1907.465138196950000	 0.021182665621080
1907.698096811770000	 0.021142597585791
1907.931055426600000	 0.021071857449800
1908.164014041420000	 0.020994790505492
1908.396972656250000	 0.020936417175359
1908.629931271080000	 0.020909841558300
1908.862889885900000	 0.020910442056950
1909.095848500730000	 0.020920053599088
1909.328807115550000	 0.020918519157912
1909.561765730380000	 0.020895665308516
1909.794724345210000	 0.020856689321179
1910.027682960030000	 0.020818060295524
1910.260641574860000	 0.020796658725035
1910.493600189690000	 0.020798785929027
1910.726558804510000	 0.020815796555370
1910.959517419340000	 0.020829233313531
1911.192476034160000	 0.020822483016656
1911.425434648990000	 0.020791769241285
1911.658393263820000	 0.020749629038164
1911.891351878640000	 0.020718604527080
1912.124310493470000	 0.020718635556616
1912.357269108300000	 0.020755250681388
1912.590227723120000	 0.020815376389052
1912.823186337950000	 0.020873513152590
1913.056144952770000	 0.020905091859303
1913.289103567600000	 0.020899429491788
1913.522062182430000	 0.020864801567125
1913.755020797250000	 0.020822801977350
1913.987979412080000	 0.020795384087843
1914.220938026910000	 0.020792105797972
1914.453896641730000	 0.020804998969298
1914.686855256560000	 0.020814194950150
1914.919813871380000	 0.020801137850501
1915.152772486210000	 0.020761556506170
1915.385731101040000	 0.020710371087138
1915.618689715860000	 0.020675408049575
1915.851648330690000	 0.020683200043282
1916.084606945510000	 0.020744602965421
1916.317565560340000	 0.020848215305782
1916.550524175170000	 0.020965417932786
1916.783482789990000	 0.021064281547641
1917.016441404820000	 0.021124434495396
1917.249400019650000	 0.021144603065044
1917.482358634470000	 0.021139081233647
1917.715317249300000	 0.021125785092903
1917.948275864120000	 0.021113173032063
1918.181234478950000	 0.021094010936227
1918.414193093780000	 0.021050216544756
1918.647151708600000	 0.020966220491335
1918.880110323430000	 0.020842354765946
1919.113068938260000	 0.020699294689013
1919.346027553080000	 0.020570368006271
1919.578986167910000	 0.020486245599589
1919.811944782730000	 0.020460749391189
1920.044903397560000	 0.020485325344044
1920.277862012390000	 0.020534748295401
1920.510820627210000	 0.020580703997685
1920.743779242040000	 0.020605793056523
1920.976737856860000	 0.020610309254620
1921.209696471690000	 0.020608221521107
1921.442655086520000	 0.020615038851118
1921.675613701340000	 0.020635069298119
1921.908572316170000	 0.020656095219466
1922.141530931000000	 0.020655217072261
1922.374489545820000	 0.020612898090596
1922.607448160650000	 0.020527015345444
1922.840406775470000	 0.020418224631711
1923.073365390300000	 0.020322601267685
1923.306324005130000	 0.020274708220298
1923.539282619950000	 0.020289974064610
1923.772241234780000	 0.020356243811893
1924.005199849610000	 0.020439623423393
1924.238158464430000	 0.020501624786155
1924.471117079260000	 0.020518066492592
1924.704075694080000	 0.020489439515144
1924.937034308910000	 0.020437712352738
1925.169992923740000	 0.020392161845726
1925.402951538560000	 0.020372421059746
1925.635910153390000	 0.020378013419191
1925.868868768220000	 0.020389914043877
1926.101827383040000	 0.020382928341743
1926.334785997870000	 0.020341492840341
1926.567744612690000	 0.020269631954845
1926.800703227520000	 0.020189436220654
1927.033661842350000	 0.020129179152639
1927.266620457170000	 0.020108004479616
1927.499579072000000	 0.020125892383112
1927.732537686820000	 0.020164507582243
1927.965496301650000	 0.020198190324730
1928.198454916480000	 0.020208415370420
1928.431413531300000	 0.020193209740008
1928.664372146130000	 0.020166367638386
1928.897330760960000	 0.020147499986863
1929.130289375780000	 0.020149199881460
1929.363247990610000	 0.020169073401934
1929.596206605430000	 0.020191390852188
1929.829165220260000	 0.020197279482577
1930.062123835090000	 0.020177124946441
1930.295082449910000	 0.020137527597423
1930.528041064740000	 0.020098590490331
1930.760999679570000	 0.020083163684558
1930.993958294390000	 0.020104347616817
1931.226916909220000	 0.020158516879637
1931.459875524040000	 0.020227880886437
1931.692834138870000	 0.020290881273110
1931.925792753700000	 0.020333931851104
1932.158751368520000	 0.020357279826602
1932.391709983350000	 0.020371610433953
1932.624668598180000	 0.020387859224813
1932.857627213000000	 0.020406909479261
1933.090585827830000	 0.020416035935433
1933.323544442650000	 0.020394948063455
1933.556503057480000	 0.020328254213251
1933.789461672310000	 0.020216802788913
1934.022420287130000	 0.020080639357205
1934.255378901960000	 0.019951175339261
1934.488337516780000	 0.019856503971410
1934.721296131610000	 0.019807897875996
1934.954254746440000	 0.019795181713576
1935.187213361260000	 0.019793938149037
1935.420171976090000	 0.019780716394903
1935.653130590920000	 0.019747516767652
1935.886089205740000	 0.019707069029764
1936.119047820570000	 0.019685767677830
1936.352006435390000	 0.019708221422598
1936.584965050220000	 0.019782128715214
1936.817923665050000	 0.019892141863076
1937.050882279870000	 0.020006473846816
1937.283840894700000	 0.020092683360023
1937.516799509530000	 0.020133613267134
1937.749758124350000	 0.020134438835590
1937.982716739180000	 0.020117219642728
1938.215675354000000	 0.020106641473140
1938.448633968830000	 0.020115451679781
1938.681592583660000	 0.020137988220583
1938.914551198480000	 0.020155334438234
1939.147509813310000	 0.020148596137763
1939.380468428130000	 0.020111788247378
1939.613427042960000	 0.020056176819826
1939.846385657790000	 0.020003444596166
1940.079344272610000	 0.019972066471724
1940.312302887440000	 0.019965515684392
1940.545261502270000	 0.019970026975314
1940.778220117090000	 0.019963993154828
1941.011178731920000	 0.019933684358213
1941.244137346740000	 0.019885443693552
1941.477095961570000	 0.019846084374689
1941.710054576400000	 0.019850056621587
1941.943013191220000	 0.019919788862858
1942.175971806050000	 0.020050037769956
1942.408930420880000	 0.020205840500896
1942.641889035700000	 0.020336896563125
1942.874847650530000	 0.020401739531181
1943.107806265350000	 0.020388339322283
1943.340764880180000	 0.020318922819605
1943.573723495010000	 0.020235905905899
1943.806682109830000	 0.020177039460724
1944.039640724660000	 0.020154024099501
1944.272599339490000	 0.020146602719575
1944.505557954310000	 0.020115244702823
1944.738516569140000	 0.020025116521096
1944.971475183960000	 0.019867862439538
1945.204433798790000	 0.019669113407725
1945.437392413620000	 0.019477529931087
1945.670351028440000	 0.019341100262936
1945.903309643270000	 0.019283330148594
1946.136268258090000	 0.019292385830404
1946.369226872920000	 0.019329412319399
1946.602185487750000	 0.019351275528094
1946.835144102570000	 0.019334421621779
1947.068102717400000	 0.019286148980865
1947.301061332230000	 0.019237466627628
1947.534019947050000	 0.019222505319030
1947.766978561880000	 0.019256861826257
1947.999937176700000	 0.019327657751455
1948.232895791530000	 0.019401299939446
1948.465854406360000	 0.019444331908245
1948.698813021180000	 0.019444590182759
1948.931771636010000	 0.019419539930932
1949.164730250840000	 0.019406392231122
1949.397688865660000	 0.019439364370837
1949.630647480490000	 0.019527042578475
1949.863606095310000	 0.019643341937897
1950.096564710140000	 0.019738443805623
1950.329523324970000	 0.019764604354227
1950.562481939790000	 0.019702543891687
1950.795440554620000	 0.019573358594417
1951.028399169450000	 0.019429056523154
1951.261357784270000	 0.019326569037077
1951.494316399100000	 0.019298845364818
1951.727275013920000	 0.019338319075009
1951.960233628750000	 0.019401751004287
1952.193192243580000	 0.019433865973758
1952.426150858400000	 0.019396643344051
1952.659109473230000	 0.019288287565981
1952.892068088050000	 0.019142434084708
1953.125026702880000	 0.019009364910108
1953.357985317710000	 0.018930249109463
1953.590943932530000	 0.018918342172381
1953.823902547360000	 0.018956645432856
1954.056861162190000	 0.019011940570056
1954.289819777010000	 0.019055693114934
1954.522778391840000	 0.019078961532113
1954.755737006660000	 0.019093113553362
1954.988695621490000	 0.019117302089915
1955.221654236320000	 0.019161469952652
1955.454612851140000	 0.019215926732562
1955.687571465970000	 0.019254215145177
1955.920530080800000	 0.019247458033228
1956.153488695620000	 0.019180935926027
1956.386447310450000	 0.019062358612210
1956.619405925270000	 0.018916910799626
1956.852364540100000	 0.018772584347990
1957.085323154930000	 0.018645228925210
1957.318281769750000	 0.018532934751404
1957.551240384580000	 0.018423636996880
1957.784198999400000	 0.018311178779024
1958.017157614230000	 0.018208851736999
1958.250116229060000	 0.018150158909759
1958.483074843880000	 0.018174098971758
1958.716033458710000	 0.018301971524763
1958.948992073540000	 0.018518914311604
1959.181950688360000	 0.018772449317803
1959.414909303190000	 0.018991773124742
1959.647867918010000	 0.019119270025344
1959.880826532840000	 0.019137373508015
1960.113785147670000	 0.019075637021288
1960.346743762490000	 0.018993819990486
1960.579702377320000	 0.018949910286182
1960.812660992150000	 0.018970054395556
1961.045619606970000	 0.019036617876843
1961.278578221800000	 0.019101033654915
1961.511536836620000	 0.019113973784004
1961.744495451450000	 0.019054989837869
1961.977454066280000	 0.018944259990513
1962.210412681100000	 0.018830055548624
1962.443371295930000	 0.018759585792330
1962.676329910760000	 0.018750082691462
1962.909288525580000	 0.018777129897358
1963.142247140410000	 0.018787993173013
1963.375205755230000	 0.018733153550720
1963.608164370060000	 0.018597878200284
1963.841122984890000	 0.018415267488369
1964.074081599710000	 0.018252951102460
1964.307040214540000	 0.018180188407757
1964.539998829360000	 0.018232500929003
1964.772957444190000	 0.018392616514853
1965.005916059020000	 0.018598397044159
1965.238874673840000	 0.018773655900498
1965.471833288670000	 0.018864590324665
1965.704791903500000	 0.018861829460140
1965.937750518320000	 0.018797449874727
1966.170709133150000	 0.018720824441860
1966.403667747970000	 0.018668137267549
1966.636626362800000	 0.018642876808858
1966.869584977630000	 0.018617834095326
1967.102543592450000	 0.018556244687914
1967.335502207280000	 0.018438073183183
1967.568460822110000	 0.018274798576278
1967.801419436930000	 0.018104003008068
1968.034378051760000	 0.017967754995758
1968.267336666580000	 0.017888379216397
1968.500295281410000	 0.017856735055421
1968.733253896240000	 0.017840616802770
1968.966212511060000	 0.017808092321159
1969.199171125890000	 0.017750607423256
1969.432129740720000	 0.017690653124082
1969.665088355540000	 0.017668551248449
1969.898046970370000	 0.017715647215317
1970.131005585190000	 0.017829683016492
1970.363964200020000	 0.017968232146965
1970.596922814850000	 0.018066853120284
1970.829881429670000	 0.018073748232826
1971.062840044500000	 0.017981319518812
1971.295798659320000	 0.017835647866149
1971.528757274150000	 0.017717288090325
1971.761715888980000	 0.017702373339427
1971.994674503800000	 0.017823390659433
1972.227633118630000	 0.018050036145716
1972.460591733460000	 0.018301335737083
1972.693550348280000	 0.018483666421025
1972.926508963110000	 0.018534445752320
1973.159467577930000	 0.018448385375708
1973.392426192760000	 0.018274177432708
1973.625384807590000	 0.018086005620553
1973.858343422410000	 0.017946446379135
1974.091302037240000	 0.017880255737690
1974.324260652070000	 0.017871728746306
1974.557219266890000	 0.017884660828780
1974.790177881720000	 0.017890755991236
1975.023136496540000	 0.017888261929816
1975.256095111370000	 0.017900174363441
1975.489053726200000	 0.017954647534210
1975.722012341020000	 0.018060853259093
1975.954970955850000	 0.018196119246366
1976.187929570670000	 0.018313480811351
1976.420888185500000	 0.018365977459533
1976.653846800330000	 0.018333014981418
1976.886805415150000	 0.018232801703361
1977.119764029980000	 0.018113910555202
1977.352722644810000	 0.018031480391437
1977.585681259630000	 0.018021799740171
1977.818639874460000	 0.018089359169944
1978.051598489280000	 0.018212944736981
1978.284557104110000	 0.018365498435079
1978.517515718940000	 0.018533524387045
1978.750474333760000	 0.018722472615641
1978.983432948590000	 0.018944564140552
1979.216391563420000	 0.019197709730490
1979.449350178240000	 0.019450624684967
1979.682308793070000	 0.019646229773369
1979.915267407890000	 0.019724380713054
1980.148226022720000	 0.019652255487860
1980.381184637550000	 0.019444908565369
1980.614143252370000	 0.019163751248707
1980.847101867200000	 0.018892981002539
1981.080060482030000	 0.018705290647674
1981.313019096850000	 0.018633240363963
1981.545977711680000	 0.018660065868259
1981.778936326500000	 0.018734221155131
1982.011894941330000	 0.018799339678198
1982.244853556160000	 0.018822770662404
1982.477812170980000	 0.018807455522242
1982.710770785810000	 0.018782534842185
1982.943729400630000	 0.018780372465982
1983.176688015460000	 0.018814548125452
1983.409646630290000	 0.018871864062368
1983.642605245110000	 0.018922598964656
1983.875563859940000	 0.018941796887574
1984.108522474770000	 0.018927389471809
1984.341481089590000	 0.018903251867559
1984.574439704420000	 0.018905083879548
1984.807398319240000	 0.018957613399542
1985.040356934070000	 0.019056995144342
1985.273315548900000	 0.019169816086272
1985.506274163720000	 0.019250687596217
1985.739232778550000	 0.019268761642530
1985.972191393380000	 0.019227172379121
1986.205150008200000	 0.019163231271444
1986.438108623030000	 0.019128644551830
1986.671067237850000	 0.019160540716379
1986.904025852680000	 0.019259418681814
1987.136984467510000	 0.019386937051443
1987.369943082330000	 0.019485919584145
1987.602901697160000	 0.019512018562095
1987.835860311980000	 0.019459067184589
1988.068818926810000	 0.019363639564511
1988.301777541640000	 0.019286371894750
1988.534736156460000	 0.019280333681798
1988.767694771290000	 0.019363405390968
1989.000653386120000	 0.019509508179332
1989.233612000940000	 0.019663422751824
1989.466570615770000	 0.019770490337139
1989.699529230590000	 0.019803822423629
1989.932487845420000	 0.019773890567876
1990.165446460250000	 0.019716746000151
1990.398405075070000	 0.019669604288177
1990.631363689900000	 0.019648907452907
1990.864322304730000	 0.019643704215880
1991.097280919550000	 0.019627802153625
1991.330239534380000	 0.019582490634809
1991.563198149200000	 0.019514701066699
1991.796156764030000	 0.019458075213945
1992.029115378860000	 0.019454950688153
1992.262073993680000	 0.019529091528675
1992.495032608510000	 0.019665430592494
1992.727991223340000	 0.019810467422040
1992.960949838160000	 0.019895618087268
1993.193908452990000	 0.019871558026985
1993.426867067810000	 0.019734060924004
1993.659825682640000	 0.019526799245180
1993.892784297470000	 0.019320145905195
1994.125742912290000	 0.019177837185114
1994.358701527120000	 0.019128888735444
1994.591660141940000	 0.019159011687405
1994.824618756770000	 0.019225505428265
1995.057577371600000	 0.019286502520166
1995.290535986420000	 0.019326900664884
1995.523494601250000	 0.019365437673327
1995.756453216080000	 0.019439021653625
1995.989411830900000	 0.019573956036548
1996.222370445730000	 0.019761342816683
1996.455329060550000	 0.019952052482501
1996.688287675380000	 0.020075920184024
1996.921246290210000	 0.020075503891183
1997.154204905030000	 0.019935553294325
1997.387163519860000	 0.019691716221610
1997.620122134690000	 0.019414126249043
1997.853080749510000	 0.019175142414026
1998.086039364340000	 0.019018229931707
1998.318997979160000	 0.018943843095418
1998.551956593990000	 0.018918902483785
1998.784915208820000	 0.018903191644691
1999.017873823640000	 0.018876274891802
1999.250832438470000	 0.018848924175724
1999.483791053300000	 0.018853188758081
1999.716749668120000	 0.018918163653053
1999.949708282950000	 0.019046657802984
2000.182666897770000	 0.019207428962935
2000.415625512600000	 0.019348612563474
2000.648584127430000	 0.019424919693364
2000.881542742250000	 0.019422189565055
2001.114501357080000	 0.019364357404857
2001.347459971900000	 0.019298706418831
2001.580418586730000	 0.019267949076954
2001.813377201560000	 0.019284997241244
2002.046335816380000	 0.019324972932788
2002.279294431210000	 0.019339559460719
2002.512253046040000	 0.019285614507041
2002.745211660860000	 0.019151041935001
2002.978170275690000	 0.018962650924181
2003.211128890510000	 0.018771878647588
2003.444087505340000	 0.018627106684023
2003.677046120170000	 0.018548518533805
2003.910004734990000	 0.018519922108389
2004.142963349820000	 0.018502394391853
2004.375921964650000	 0.018461478082292
2004.608880579470000	 0.018390900244180
2004.841839194300000	 0.018317788264576
2005.074797809120000	 0.018285924518439
2005.307756423950000	 0.018326906833995
2005.540715038780000	 0.018436475712542
2005.773673653600000	 0.018571133872034
2006.006632268430000	 0.018669060481915
2006.239590883260000	 0.018684438413973
2006.472549498080000	 0.018614977133657
2006.705508112910000	 0.018505720308865
2006.938466727730000	 0.018426146047312
2007.171425342560000	 0.018432838046143
2007.404383957390000	 0.018538143027494
2007.637342572210000	 0.018702548614625
2007.870301187040000	 0.018855720976719
2008.103259801860000	 0.018934199762692
2008.336218416690000	 0.018913388049947
2008.569177031520000	 0.018815543937875
2008.802135646340000	 0.018690919296086
2009.035094261170000	 0.018585019040394
2009.268052876000000	 0.018512137022111
2009.501011490820000	 0.018451166959862
2009.733970105650000	 0.018366383878832
2009.966928720470000	 0.018240063680579
2010.199887335300000	 0.018095346250809
2010.432845950130000	 0.017993051036348
2010.665804564950000	 0.018001780140926
2010.898763179780000	 0.018156535232246
2011.131721794610000	 0.018428831438349
2011.364680409430000	 0.018727288241701
2011.597639024260000	 0.018932482896498
2011.830597639080000	 0.018950088426114
2012.063556253910000	 0.018754415808825
2012.296514868740000	 0.018399518924270
2012.529473483560000	 0.017993330087650
2012.762432098390000	 0.017649297668336
2012.995390713210000	 0.017439875053033
2013.228349328040000	 0.017374176157646
2013.461307942870000	 0.017409367783171
2013.694266557690000	 0.017486853191104
2013.927225172520000	 0.017570238727003
2014.160183787350000	 0.017662286481609
2014.393142402170000	 0.017792412017217
2014.626101017000000	 0.017984601819842
2014.859059631820000	 0.018227018271954
2015.092018246650000	 0.018463730229284
2015.324976861480000	 0.018616254038747
2015.557935476300000	 0.018624051747510
2015.790894091130000	 0.018480269720425
2016.023852705960000	 0.018241108458402
2016.256811320780000	 0.018002587503206
2016.489769935610000	 0.017856402941408
2016.722728550430000	 0.017847354479884
2016.955687165260000	 0.017954414981592
2017.188645780090000	 0.018105842835274
2017.421604394910000	 0.018220143164192
2017.654563009740000	 0.018249640552802
2017.887521624570000	 0.018202559469465
2018.120480239390000	 0.018133311058862
2018.353438854220000	 0.018108979423042
2018.586397469040000	 0.018171863608387
2018.819356083870000	 0.018318547209044
2019.052314698700000	 0.018505896681117
2019.285273313520000	 0.018678503738152
2019.518231928350000	 0.018799530630749
2019.751190543170000	 0.018866161126251
2019.984149158000000	 0.018902089079121
2020.217107772830000	 0.018934347751595
2020.450066387650000	 0.018970967922848
2020.683025002480000	 0.018994841647988
2020.915983617310000	 0.018978524364553
2021.148942232130000	 0.018910420545775
2021.381900846960000	 0.018814189066825
2021.614859461780000	 0.018746647880722
2021.847818076610000	 0.018772553744821
2022.080776691440000	 0.018928758059289
2022.313735306260000	 0.019197698664477
2022.546693921090000	 0.019507203637819
2022.779652535920000	 0.019760238037393
2023.012611150740000	 0.019880425144127
2023.245569765570000	 0.019848388982056
2023.478528380390000	 0.019708685399043
2023.711486995220000	 0.019544080752478
2023.944445610050000	 0.019431615276567
2024.177404224870000	 0.019403843498696
2024.410362839700000	 0.019435763058447
2024.643321454520000	 0.019464396518687
2024.876280069350000	 0.019429529587646
2025.109238684180000	 0.019311531330944
2025.342197299000000	 0.019144411296134
2025.575155913830000	 0.018997563185805
2025.808114528660000	 0.018937380115772
2026.041073143480000	 0.018990319493084
2026.274031758310000	 0.019127966211930
2026.506990373130000	 0.019282624115743
2026.739948987960000	 0.019384246938969
2026.972907602790000	 0.019396657988268
2027.205866217610000	 0.019332157588369
2027.438824832440000	 0.019237683651310
2027.671783447270000	 0.019162516037567
2027.904742062090000	 0.019127300526939
2028.137700676920000	 0.019112807067761
2028.370659291740000	 0.019075175194006
2028.603617906570000	 0.018978090986280
2028.836576521400000	 0.018821368024772
2029.069535136220000	 0.018647622824504
2029.302493751050000	 0.018522406749205
2029.535452365880000	 0.018498819737427
2029.768410980700000	 0.018586525984787
2030.001369595530000	 0.018743317905437
2030.234328210350000	 0.018895314397529
2030.467286825180000	 0.018975040922430
2030.700245440010000	 0.018955482349741
2030.933204054830000	 0.018860920967845
2031.166162669660000	 0.018749815134981
2031.399121284480000	 0.018680930112217
2031.632079899310000	 0.018682429423666
2031.865038514140000	 0.018741330723114
2032.097997128960000	 0.018818788666429
2032.330955743790000	 0.018880813862093
2032.563914358620000	 0.018924088178240
2032.796872973440000	 0.018979818600234
2033.029831588270000	 0.019092757398590
2033.262790203090000	 0.019287902558466
2033.495748817920000	 0.019545232625688
2033.728707432750000	 0.019799336463478
2033.961666047570000	 0.019966975716125
2034.194624662400000	 0.019988293325124
2034.427583277230000	 0.019857902488938
2034.660541892050000	 0.019627765812135
2034.893500506880000	 0.019380433281313
2035.126459121700000	 0.019187537315930
2035.359417736530000	 0.019075882220030
2035.592376351360000	 0.019019414587539
2035.825334966180000	 0.018961386021036
2036.058293581010000	 0.018853485807431
2036.291252195840000	 0.018688423976361
2036.524210810660000	 0.018506903630228
2036.757169425490000	 0.018375707783236
2036.990128040310000	 0.018349897210604
2037.223086655140000	 0.018440249697967
2037.456045269970000	 0.018604234750582
2037.689003884790000	 0.018766244588886
2037.921962499620000	 0.018856097505946
2038.154921114440000	 0.018843950601713
2038.387879729270000	 0.018752419383952
2038.620838344100000	 0.018640764809637
2038.853796958920000	 0.018571592612241
2039.086755573750000	 0.018578918007915
2039.319714188580000	 0.018654619787003
2039.552672803400000	 0.018759598379300
2039.785631418230000	 0.018851537203698
2040.018590033050000	 0.018911512219563
2040.251548647880000	 0.018953366708826
2040.484507262710000	 0.019011329095179
2040.717465877530000	 0.019114664712886
2040.950424492360000	 0.019265408675313
2041.183383107190000	 0.019433142432255
2041.416341722010000	 0.019570548145920
2041.649300336840000	 0.019640513190182
2041.882258951660000	 0.019638036618369
2042.115217566490000	 0.019593495729121
2042.348176181320000	 0.019555519461663
2042.581134796140000	 0.019563778510409
2042.814093410970000	 0.019627529393917
2043.047052025790000	 0.019722319244977
2043.280010640620000	 0.019806649002610
2043.512969255450000	 0.019848226421354
2043.745927870270000	 0.019843402387110
2043.978886485100000	 0.019817833108340
2044.211845099930000	 0.019808256145672
2044.444803714750000	 0.019836714738365
2044.677762329580000	 0.019893176715522
2044.910720944400000	 0.019938017198741
2045.143679559230000	 0.019924227519328
2045.376638174060000	 0.019826712385047
2045.609596788880000	 0.019660879947423
2045.842555403710000	 0.019478883393766
2046.075514018540000	 0.019345095493769
2046.308472633360000	 0.019304167021369
2046.541431248190000	 0.019359171271036
2046.774389863010000	 0.019472221612646
2047.007348477840000	 0.019587699469591
2047.240307092670000	 0.019664931504864
2047.473265707490000	 0.019701183458356
2047.706224322320000	 0.019731711895521
2047.939182937150000	 0.019807417624511
2048.172141551970000	 0.019963446660153
2048.405100166800000	 0.020196943427342
2048.638058781620000	 0.020467043280424
2048.871017396450000	 0.020717498556539
2049.103976011280000	 0.020908659339755
2049.336934626100000	 0.021039488345138
2049.569893240930000	 0.021146304198294
2049.802851855750000	 0.021278983844920
2050.035810470580000	 0.021468429565774
2050.268769085410000	 0.021704093267626
2050.501727700230000	 0.021934950826317
2050.734686315060000	 0.022094014619547
2050.967644929890000	 0.022132449790975
2051.200603544710000	 0.022043678490985
2051.433562159540000	 0.021864479177801
2051.666520774360000	 0.021653975352494
2051.899479389190000	 0.021463304635483
2052.132438004020000	 0.021312642409392
2052.365396618840000	 0.021187462521597
2052.598355233670000	 0.021055275630061
2052.831313848500000	 0.020892711776840
2053.064272463320000	 0.020706910735726
2053.297231078150000	 0.020538469447057
2053.530189692970000	 0.020443729607896
2053.763148307800000	 0.020465768573353
2053.996106922630000	 0.020609953257592
2054.229065537450000	 0.020838025516452
2054.462024152280000	 0.021084805736173
2054.694982767110000	 0.021288591946591
2054.927941381930000	 0.021418200486422
2055.160899996760000	 0.021481971523454
2055.393858611580000	 0.021515159582247
2055.626817226410000	 0.021554423262483
2055.859775841240000	 0.021614577762722
2056.092734456060000	 0.021680621997678
2056.325693070890000	 0.021718851469952
2056.558651685710000	 0.021699610391084
2056.791610300540000	 0.021617541729987
2057.024568915370000	 0.021497229095170
2057.257527530190000	 0.021381263120782
2057.490486145020000	 0.021308048243728
2057.723444759850000	 0.021292330899373
2057.956403374670000	 0.021319777565890
2058.189361989500000	 0.021358796174806
2058.422320604320000	 0.021382451618765
2058.655279219150000	 0.021387042057157
2058.888237833980000	 0.021395885449809
2059.121196448800000	 0.021445778592626
2059.354155063630000	 0.021563753895856
2059.587113678460000	 0.021747465298085
2059.820072293280000	 0.021960915497773
2060.053030908110000	 0.022148925765739
2060.285989522930000	 0.022262994610555
2060.518948137760000	 0.022284438354551
2060.751906752590000	 0.022232365336098
2060.984865367410000	 0.022152810157171
2061.217823982240000	 0.022095517050854
2061.450782597070000	 0.022090822884549
2061.683741211890000	 0.022138287400788
2061.916699826720000	 0.022211840666708
2062.149658441540000	 0.022276874897939
2062.382617056370000	 0.022308319438162
2062.615575671200000	 0.022299279541705
2062.848534286020000	 0.022256632469225
2063.081492900850000	 0.022188342231421
2063.314451515670000	 0.022092082993105
2063.547410130500000	 0.021953528658648
2063.780368745330000	 0.021756234910795
2064.013327360150000	 0.021497236443699
2064.246285974980000	 0.021198263347901
2064.479244589810000	 0.020904624758797
2064.712203204630000	 0.020670804150219
2064.945161819460000	 0.020539317580369
2065.178120434280000	 0.020523384289241
2065.411079049110000	 0.020602465207288
2065.644037663940000	 0.020733175161024
2065.876996278760000	 0.020869671380403
2066.109954893590000	 0.020982424170472
2066.342913508420000	 0.021065786670619
2066.575872123240000	 0.021131862376296
2066.808830738070000	 0.021196035114511
2067.041789352890000	 0.021263579870476
2067.274747967720000	 0.021325208435537
2067.507706582550000	 0.021363453960102
2067.740665197370000	 0.021364985721679
2067.973623812200000	 0.021330458869354
2068.206582427020000	 0.021275509993110
2068.439541041850000	 0.021222450537183
2068.672499656680000	 0.021188100079783
2068.905458271500000	 0.021175522885601
2069.138416886330000	 0.021174959082919
2069.371375501160000	 0.021173375327726
2069.604334115980000	 0.021166315143163
2069.837292730810000	 0.021163955358942
2070.070251345630000	 0.021186859232703
2070.303209960460000	 0.021253522455961
2070.536168575290000	 0.021367209990649
2070.769127190110000	 0.021510560869538
2071.002085804940000	 0.021652283908047
2071.235044419770000	 0.021763009177295
2071.468003034590000	 0.021831228417915
2071.700961649420000	 0.021869475063905
2071.933920264240000	 0.021906386657029
2072.166878879070000	 0.021968646563392
2072.399837493900000	 0.022062936187327
2072.632796108720000	 0.022168571082444
2072.865754723550000	 0.022246056223568
2073.098713338380000	 0.022257886283895
2073.331671953200000	 0.022190395640552
2073.564630568030000	 0.022064233862871
2073.797589182850000	 0.021927278459318
2074.030547797680000	 0.021833585879204
2074.263506412510000	 0.021819431583307
2074.496465027330000	 0.021888804613882
2074.729423642160000	 0.022015561284232
2074.962382256980000	 0.022160365784605
2075.195340871810000	 0.022292277742913
2075.428299486640000	 0.022402385253324
2075.661258101460000	 0.022502024915080
2075.894216716290000	 0.022607642198284
2076.127175331120000	 0.022722310132376
2076.360133945940000	 0.022825849717553
2076.593092560770000	 0.022880474272534
2076.826051175590000	 0.022849604600346
2077.059009790420000	 0.022719239419364
2077.291968405250000	 0.022509246040615
2077.524927020070000	 0.022267626251885
2077.757885634900000	 0.022050544645952
2077.990844249730000	 0.021898756737590
2078.223802864550000	 0.021822891136714
2078.456761479380000	 0.021805119776293
2078.689720094200000	 0.021815581964425
2078.922678709030000	 0.021833419588869
2079.155637323860000	 0.021859630281117
2079.388595938680000	 0.021914060043331
2079.621554553510000	 0.022018557812534
2079.854513168340000	 0.022176675279898
2080.087471783160000	 0.022362644053821
2080.320430397990000	 0.022527450460308
2080.553389012810000	 0.022620072140615
2080.786347627640000	 0.022612697929024
2081.019306242470000	 0.022515790281585
2081.252264857290000	 0.022374287776288
2081.485223472120000	 0.022246676369727
2081.718182086940000	 0.022177829663819
2081.951140701770000	 0.022179634158272
2082.184099316600000	 0.022229175845763
2082.417057931420000	 0.022284798061956
2082.650016546250000	 0.022310558904699
2082.882975161080000	 0.022295219722587
2083.115933775900000	 0.022255640517259
2083.348892390730000	 0.022223838683905
2083.581851005550000	 0.022226153127816
2083.814809620380000	 0.022266907390169
2084.047768235210000	 0.022325912343116
2084.280726850030000	 0.022370869285564
2084.513685464860000	 0.022376844300906
2084.746644079690000	 0.022340861817139
2084.979602694510000	 0.022282934008873
2085.212561309340000	 0.022233268708248
2085.445519924160000	 0.022213643125469
2085.678478538990000	 0.022224291249350
2085.911437153820000	 0.022244414815848
2086.144395768640000	 0.022246307461577
2086.377354383470000	 0.022214638128439
2086.610312998290000	 0.022158938018125
2086.843271613120000	 0.022111187891416
2087.076230227950000	 0.022109189264519
2087.309188842770000	 0.022174764476815
2087.542147457600000	 0.022299135018899
2087.775106072430000	 0.022444330424544
2088.008064687250000	 0.022560764934593
2088.241023302080000	 0.022611777153080
2088.473981916900000	 0.022591613841720
2088.706940531730000	 0.022526972340599
2088.939899146560000	 0.022461529421243
2089.172857761380000	 0.022432201480164
2089.405816376210000	 0.022450147154681
2089.638774991040000	 0.022496768031618
2089.871733605860000	 0.022536631366880
2090.104692220690000	 0.022539690320251
2090.337650835510000	 0.022499932880592
2090.570609450340000	 0.022439895173790
2090.803568065170000	 0.022398782936849
2091.036526679990000	 0.022411150281104
2091.269485294820000	 0.022488124514395
2091.502443909650000	 0.022611580548324
2091.735402524470000	 0.022744314810389
2091.968361139300000	 0.022850111808978
2092.201319754120000	 0.022912065266443
2092.434278368950000	 0.022939027058294
2092.667236983780000	 0.022957381969201
2092.900195598600000	 0.022993730896835
2093.133154213430000	 0.023058782389750
2093.366112828250000	 0.023141575960872
2093.599071443080000	 0.023216884099742
2093.832030057910000	 0.023260741343333
2094.064988672730000	 0.023264283146703
2094.297947287560000	 0.023237508378847
2094.530905902390000	 0.023201164469369
2094.763864517210000	 0.023172359386080
2094.996823132040000	 0.023153281394633
2095.229781746860000	 0.023130480142969
2095.462740361690000	 0.023085570176180
2095.695698976520000	 0.023010745695025
2095.928657591340000	 0.022918908321936
2096.161616206170000	 0.022841074690940
2096.394574821000000	 0.022811315926928
2096.627533435820000	 0.022847086404766
2096.860492050650000	 0.022936058039078
2097.093450665470000	 0.023037673223738
2097.326409280300000	 0.023099857988175
2097.559367895130000	 0.023082785320948
2097.792326509950000	 0.022977357794292
2098.025285124780000	 0.022808936910217
2098.258243739610000	 0.022624932397793
2098.491202354430000	 0.022473225486936
2098.724160969260000	 0.022382571534821
2098.957119584080000	 0.022354357528977
2099.190078198910000	 0.022368543767149
2099.423036813740000	 0.022398812857446
2099.655995428560000	 0.022427338551458
2099.888954043390000	 0.022450890673989
2100.121912658210000	 0.022476114575223
2100.354871273040000	 0.022508679785445
2100.587829887870000	 0.022544454435308
2100.820788502690000	 0.022569116607799
2101.053747117520000	 0.022566840433087
2101.286705732350000	 0.022532450509277
2101.519664347170000	 0.022478758623307
2101.752622962000000	 0.022433495534059
2101.985581576820000	 0.022426555202385
2102.218540191650000	 0.022474229987023
2102.451498806480000	 0.022569285421598
2102.684457421300000	 0.022682856466124
2102.917416036130000	 0.022777635242058
2103.150374650960000	 0.022825286404322
2103.383333265780000	 0.022818548950522
2103.616291880610000	 0.022771748739069
2103.849250495430000	 0.022710312847676
2104.082209110260000	 0.022656032486274
2104.315167725090000	 0.022616787745347
2104.548126339910000	 0.022586332362059
2104.781084954740000	 0.022553375158921
2105.014043569560000	 0.022513339143696
2105.247002184390000	 0.022474556830892
2105.479960799220000	 0.022454400558737
2105.712919414040000	 0.022467507020590
2105.945878028870000	 0.022513620084188
2106.178836643700000	 0.022573411925095
2106.411795258520000	 0.022616282769211
2106.644753873350000	 0.022616793091967
2106.877712488170000	 0.022570396983614
2107.110671103000000	 0.022498627431130
2107.343629717830000	 0.022439581777926
2107.576588332650000	 0.022428035708783
2107.809546947480000	 0.022475735146755
2108.042505562310000	 0.022562956232343
2108.275464177130000	 0.022646850098271
2108.508422791960000	 0.022682962592613
2108.741381406780000	 0.022648539452380
2108.974340021610000	 0.022554698479570
2109.207298636440000	 0.022440596197758
2109.440257251260000	 0.022352707513605
2109.673215866090000	 0.022320397950925
2109.906174480920000	 0.022340886926020
2110.139133095740000	 0.022381679170797
2110.372091710570000	 0.022399058102541
2110.605050325390000	 0.022362263820389
2110.838008940220000	 0.022269826551844
2111.070967555050000	 0.022149268223146
2111.303926169870000	 0.022041022458578
2111.536884784700000	 0.021976118508457
2111.769843399520000	 0.021960246683700
2112.002802014350000	 0.021972946960080
2112.235760629180000	 0.021981959352583
2112.468719244000000	 0.021963982659878
2112.701677858830000	 0.021919436185116
2112.934636473660000	 0.021872622230399
2113.167595088480000	 0.021857452373152
2113.400553703310000	 0.021897212054121
2113.633512318130000	 0.021990092210490
2113.866470932960000	 0.022108880798678
2114.099429547790000	 0.022215101195443
2114.332388162610000	 0.022279466034624
2114.565346777440000	 0.022296840400765
2114.798305392270000	 0.022287336157154
2115.031264007090000	 0.022283434559197
2115.264222621920000	 0.022310987291167
2115.497181236740000	 0.022375098412480
2115.730139851570000	 0.022458758962590
2115.963098466400000	 0.022534516175486
2116.196057081220000	 0.022581712918139
2116.429015696050000	 0.022598634059246
2116.661974310870000	 0.022602292115300
2116.894932925700000	 0.022616332723477
2117.127891540530000	 0.022654763716956
2117.360850155350000	 0.022711713184919
2117.593808770180000	 0.022763860467013
2117.826767385010000	 0.022784495599768
2118.059725999830000	 0.022760778879973
2118.292684614660000	 0.022703377269649
2118.525643229480000	 0.022642004147277
2118.758601844310000	 0.022608833308287
2118.991560459140000	 0.022619153303569
2119.224519073960000	 0.022660717463835
2119.457477688790000	 0.022698758636996
2119.690436303620000	 0.022694752764194
2119.923394918440000	 0.022628654562539
2120.156353533270000	 0.022511721095211
2120.389312148090000	 0.022382111347704
2120.622270762920000	 0.022285185827256
2120.855229377750000	 0.022249094740823
2121.088187992570000	 0.022269127004807
2121.321146607400000	 0.022309863099580
2121.554105222230000	 0.022324499491040
2121.787063837050000	 0.022280915699664
2122.020022451880000	 0.022179992868459
2122.252981066700000	 0.022056024800357
2122.485939681530000	 0.021959095144567
2122.718898296360000	 0.021929070430053
2122.951856911180000	 0.021975192829873
2123.184815526010000	 0.022072117862029
2123.417774140830000	 0.022174191554443
2123.650732755660000	 0.022239562698339
2123.883691370490000	 0.022250374967106
2124.116649985310000	 0.022218129967436
2124.349608600140000	 0.022172379836955
2124.582567214970000	 0.022140462289106
2124.815525829790000	 0.022130640165455
2125.048484444620000	 0.022128507345767
2125.281443059440000	 0.022108369965591
2125.514401674270000	 0.022052125125605
2125.747360289100000	 0.021963549574941
2125.980318903920000	 0.021868844992046
2126.213277518750000	 0.021802786348194
2126.446236133580000	 0.021788537897812
2126.679194748400000	 0.021823138260453
2126.912153363230000	 0.021877668597244
2127.145111978050000	 0.021912632352934
2127.378070592880000	 0.021899778957754
2127.611029207710000	 0.021837340851674
2127.843987822530000	 0.021749441013667
2128.076946437360000	 0.021669918974113
2128.309905052190000	 0.021620119312329
2128.542863667010000	 0.021593979812477
2128.775822281840000	 0.021559969485805
2129.008780896660000	 0.021479809359224
2129.241739511490000	 0.021333629584434
2129.474698126320000	 0.021136626021754
2129.707656741140000	 0.020936637838396
2129.940615355970000	 0.020792797753917
2130.173573970790000	 0.020746087857434
2130.406532585620000	 0.020797468813089
2130.639491200450000	 0.020905776994127
2130.872449815270000	 0.021007246165131
2131.105408430100000	 0.021046518350425
2131.338367044930000	 0.021002419788115
2131.571325659750000	 0.020894910793292
2131.804284274580000	 0.020770468299120
2132.037242889400000	 0.020674996139310
2132.270201504230000	 0.020629662342219
2132.503160119060000	 0.020622862982840
2132.736118733880000	 0.020622029785515
2132.969077348710000	 0.020597286460451
2133.202035963540000	 0.020541994500250
2133.434994578360000	 0.020477527615167
2133.667953193190000	 0.020439602308439
2133.900911808010000	 0.020454767105496
2134.133870422840000	 0.020521650287596
2134.366829037670000	 0.020609020850296
2134.599787652490000	 0.020672767648490
2134.832746267320000	 0.020682024956207
2135.065704882140000	 0.020638419174760
2135.298663496970000	 0.020576250187126
2135.531622111800000	 0.020542927510015
2135.764580726620000	 0.020570821305735
2135.997539341450000	 0.020657014292468
2136.230497956280000	 0.020763368109128
2136.463456571100000	 0.020837713064931
2136.696415185930000	 0.020844142153358
2136.929373800750000	 0.020784417160136
2137.162332415580000	 0.020697604807361
2137.395291030410000	 0.020637964629173
2137.628249645230000	 0.020643730779130
2137.861208260060000	 0.020714748730095
2138.094166874890000	 0.020812245403096
2138.327125489710000	 0.020881458933682
2138.560084104540000	 0.020884127609035
2138.793042719360000	 0.020821498679090
2139.026001334190000	 0.020734022385287
2139.258959949020000	 0.020677695302103
2139.491918563840000	 0.020690535093203
2139.724877178670000	 0.020768488869903
2139.957835793500000	 0.020865244802682
2140.190794408320000	 0.020916992273815
2140.423753023150000	 0.020878237287890
2140.656711637970000	 0.020747702801991
2140.889670252800000	 0.020569144962704
2141.122628867630000	 0.020406769119490
2141.355587482450000	 0.020309486201271
2141.588546097280000	 0.020284562927177
2141.821504712100000	 0.020296217332408
2142.054463326930000	 0.020290524206392
2142.287421941760000	 0.020231995309331
2142.520380556580000	 0.020129403211373
2142.753339171410000	 0.020034443342202
2142.986297786240000	 0.020012843958412
2143.219256401060000	 0.020103606643139
2143.452215015890000	 0.020289512510715
2143.685173630710000	 0.020497098819311
2143.918132245540000	 0.020628660432889
2144.151090860370000	 0.020610214015335
2144.384049475190000	 0.020429278015154
2144.617008090020000	 0.020141856539474
2144.849966704850000	 0.019845373442270
2145.082925319670000	 0.019632400980979
2145.315883934500000	 0.019549368544863
2145.548842549320000	 0.019581272470238
2145.781801164150000	 0.019669209950206
2146.014759778980000	 0.019749085489134
2146.247718393800000	 0.019787905495771
2146.480677008630000	 0.019796701698898
2146.713635623460000	 0.019814366660668
2146.946594238280000	 0.019874313815859
2147.179552853110000	 0.019975626139794
2147.412511467930000	 0.020077408056232
2147.645470082760000	 0.020120881311678
2147.878428697590000	 0.020066034639146
2148.111387312410000	 0.019919597521088
2148.344345927240000	 0.019735919921109
2148.577304542060000	 0.019588767277736
2148.810263156890000	 0.019529442235384
2149.043221771720000	 0.019555248046246
2149.276180386540000	 0.019607709052489
2149.509139001370000	 0.019603741000090
2149.742097616200000	 0.019483289626116
2149.975056231020000	 0.019246128849965
2150.208014845850000	 0.018956253900380
2150.440973460670000	 0.018710781900535
2150.673932075500000	 0.018589838524025
2150.906890690330000	 0.018614313676852
2151.139849305150000	 0.018734927767203
2151.372807919980000	 0.018859585014548
2151.605766534810000	 0.018904087228827
2151.838725149630000	 0.018837176176619
2152.071683764460000	 0.018694425645857
2152.304642379280000	 0.018554122899309
2152.537600994110000	 0.018489645579655
2152.770559608940000	 0.018525328243474
2153.003518223760000	 0.018620978102262
2153.236476838590000	 0.018694564298561
2153.469435453410000	 0.018670402507583
2153.702394068240000	 0.018524599920276
2153.935352683070000	 0.018301279927321
2154.168311297890000	 0.018090664735697
2154.401269912720000	 0.017981606352519
2154.634228527550000	 0.018014767206778
2154.867187142370000	 0.018162369230929
2155.100145757200000	 0.018345994318973
2155.333104372020000	 0.018481790293754
2155.566062986850000	 0.018525824085099
2155.799021601680000	 0.018492873465698
2156.031980216500000	 0.018439084901371
2156.264938831330000	 0.018420672296664
2156.497897446160000	 0.018454462067446
2156.730856060980000	 0.018505044659784
2156.963814675810000	 0.018507721811038
2157.196773290630000	 0.018413979762307
2157.429731905460000	 0.018230908097451
2157.662690520290000	 0.018028873593830
2157.895649135110000	 0.017910790162676
2158.128607749940000	 0.017958858399250
2158.361566364770000	 0.018188380917834
2158.594524979590000	 0.018536483512701
2158.827483594420000	 0.018895196136725
2159.060442209240000	 0.019171174702597
2159.293400824070000	 0.019335913789781
2159.526359438900000	 0.019435398936035
2159.759318053720000	 0.019553715652102
2159.992276668550000	 0.019753168932502
2160.225235283370000	 0.020027155695979
2160.458193898200000	 0.020294774760679
2160.691152513030000	 0.020441623638520
2160.924111127850000	 0.020383057970479
2161.157069742680000	 0.020112771970489
2161.390028357510000	 0.019709740228908
2161.622986972330000	 0.019301466037461
2161.855945587160000	 0.019004375680613
2162.088904201980000	 0.018872417736249
2162.321862816810000	 0.018879963964456
2162.554821431640000	 0.018946975459466
2162.787780046460000	 0.018990866771930
2163.020738661290000	 0.018974427278459
2163.253697276120000	 0.018922993612368
2163.486655890940000	 0.018903624125331
2163.719614505770000	 0.018980813187635
2163.952573120590000	 0.019175264012150
2164.185531735420000	 0.019449544685601
2164.418490350250000	 0.019728615832310
2164.651448965070000	 0.019942247965818
2164.884407579900000	 0.020063112841502
2165.117366194730000	 0.020117861175183
2165.350324809550000	 0.020165759124162
2165.583283424380000	 0.020258579318664
2165.816242039200000	 0.020405696066531
2166.049200654030000	 0.020565175006229
2166.282159268860000	 0.020666617772310
2166.515117883680000	 0.020652437322757
2166.748076498510000	 0.020512999048814
2166.981035113330000	 0.020295278751309
2167.213993728160000	 0.020080820283643
2167.446952342990000	 0.019945894292370
2167.679910957810000	 0.019925663144315
2167.912869572640000	 0.020001358806767
2168.145828187470000	 0.020116497066271
2168.378786802290000	 0.020211474807792
2168.611745417120000	 0.020255551477577
2168.844704031940000	 0.020258084646194
2169.077662646770000	 0.020254553745946
2169.310621261600000	 0.020278001379549
2169.543579876420000	 0.020334368081590
2169.776538491250000	 0.020397169314039
2170.009497106080000	 0.020424814022998
2170.242455720900000	 0.020389369809243
2170.475414335730000	 0.020297988824562
2170.708372950550000	 0.020192770272377
2170.941331565380000	 0.020128247760174
2171.174290180210000	 0.020139230808048
2171.407248795030000	 0.020217866421072
2171.640207409860000	 0.020314383383703
2171.873166024680000	 0.020362754580717
2172.106124639510000	 0.020317419527608
2172.339083254340000	 0.020179907474332
2172.572041869160000	 0.019999904175791
2172.805000483990000	 0.019850051412250
2173.037959098820000	 0.019788237509561
2173.270917713640000	 0.019827791658161
2173.503876328470000	 0.019931930176438
2173.736834943290000	 0.020035594810546
2173.969793558120000	 0.020082054020309
2174.202752172950000	 0.020053056580417
2174.435710787770000	 0.019975843795046
2174.668669402600000	 0.019904543992390
2174.901628017430000	 0.019887968550288
2175.134586632250000	 0.019942712198711
2175.367545247080000	 0.020046844189382
2175.600503861900000	 0.020157203135374
2175.833462476730000	 0.020238846000897
2176.066421091560000	 0.020287654865927
2176.299379706380000	 0.020331815860082
2176.532338321210000	 0.020411473180376
2176.765296936040000	 0.020549257729794
2176.998255550860000	 0.020729916275689
2177.231214165690000	 0.020902230464610
2177.464172780510000	 0.021003292755793
2177.697131395340000	 0.020991295827987
2177.930090010170000	 0.020867376726962
2178.163048624990000	 0.020673808930946
2178.396007239820000	 0.020470161388898
2178.628965854640000	 0.020301622629477
2178.861924469470000	 0.020177742187753
2179.094883084300000	 0.020073775917040
2179.327841699120000	 0.019953646426977
2179.560800313950000	 0.019800311900666
2179.793758928780000	 0.019634467112187
2180.026717543600000	 0.019509547473340
2180.259676158430000	 0.019485284786303
2180.492634773250000	 0.019594656356855
2180.725593388080000	 0.019823242744193
2180.958552002910000	 0.020113696055982
2181.191510617730000	 0.020393850297326
2181.424469232560000	 0.020612503491307
2181.657427847390000	 0.020761631617618
2181.890386462210000	 0.020872017202678
2182.123345077040000	 0.020985576451900
2182.356303691860000	 0.021121549800558
2182.589262306690000	 0.021257425075801
2182.822220921520000	 0.021337242887330
2183.055179536340000	 0.021303804872561
2183.288138151170000	 0.021136230350618
2183.521096766000000	 0.020870154167417
2183.754055380820000	 0.020587793073897
2183.987013995650000	 0.020382419347627
2184.219972610470000	 0.020315796943063
2184.452931225300000	 0.020390883771530
2184.685889840130000	 0.020554306178336
2184.918848454950000	 0.020727212458619
2185.151807069780000	 0.020847128926613
2185.384765684600000	 0.020897246135232
2185.617724299430000	 0.020907606146138
2185.850682914260000	 0.020929515322466
2186.083641529080000	 0.020999456699425
2186.316600143910000	 0.021113851180142
2186.549558758740000	 0.021229312310595
2186.782517373560000	 0.021288105552128
2187.015475988390000	 0.021253409301733
2187.248434603210000	 0.021133032996411
2187.481393218040000	 0.020977508658345
2187.714351832870000	 0.020853906897938
2187.947310447690000	 0.020810517513848
2188.180269062520000	 0.020852282924520
2188.413227677350000	 0.020940674596393
2188.646186292170000	 0.021017764814276
2188.879144907000000	 0.021040083117393
2189.112103521820000	 0.021002240054940
2189.345062136650000	 0.020937069716456
2189.578020751480000	 0.020893505537632
2189.810979366300000	 0.020906274275868
2190.043937981130000	 0.020975664613330
2190.276896595950000	 0.021069333153469
2190.509855210780000	 0.021144754330849
2190.742813825610000	 0.021178013651201
2190.975772440430000	 0.021180429826106
2191.208731055260000	 0.021192043041819
2191.441689670090000	 0.021255371550534
2191.674648284910000	 0.021385003374608
2191.907606899740000	 0.021551712334570
2192.140565514560000	 0.021692150423737
2192.373524129390000	 0.021740447463056
2192.606482744220000	 0.021664472993471
2192.839441359040000	 0.021485873968287
2193.072399973870000	 0.021272041580653
2193.305358588700000	 0.021104023608527
2193.538317203520000	 0.021037522872212
2193.771275818350000	 0.021077779046811
2194.004234433170000	 0.021181770152120
2194.237193048000000	 0.021286182977251
2194.470151662830000	 0.021344859432132
2194.703110277650000	 0.021354027856799
2194.936068892480000	 0.021351288455214
2195.169027507310000	 0.021389933372069
2195.401986122130000	 0.021504085913617
2195.634944736960000	 0.021684972353469
2195.867903351780000	 0.021882305102991
2196.100861966610000	 0.022030402931581
2196.333820581440000	 0.022084048850303
2196.566779196260000	 0.022043255582976
2196.799737811090000	 0.021952973607108
2197.032696425910000	 0.021878592572952
2197.265655040740000	 0.021871523786812
2197.498613655570000	 0.021944054752563
2197.731572270390000	 0.022067041732773
2197.964530885220000	 0.022190810035912
2198.197489500050000	 0.022276007436922
2198.430448114870000	 0.022315493682669
2198.663406729700000	 0.022334437471584
2198.896365344520000	 0.022369454507886
2199.129323959350000	 0.022440155041095
2199.362282574180000	 0.022530883825316
2199.595241189000000	 0.022594609505284
2199.828199803830000	 0.022577837182988
2200.061158418660000	 0.022452385238271
2200.294117033480000	 0.022235168458322
2200.527075648310000	 0.021984036047200
2200.760034263130000	 0.021771567101798
2200.992992877960000	 0.021650911327640
2201.225951492790000	 0.021631883665627
2201.458910107610000	 0.021679931893054
2201.691868722440000	 0.021738059659052
2201.924827337270000	 0.021758853014315
2202.157785952090000	 0.021728254090014
2202.390744566920000	 0.021668353211505
2202.623703181740000	 0.021619399439168
2202.856661796570000	 0.021613147872525
2203.089620411400000	 0.021653889338839
2203.322579026220000	 0.021718255363518
2203.555537641050000	 0.021773218078687
2203.788496255870000	 0.021800276726843
2204.021454870700000	 0.021809842857554
2204.254413485530000	 0.021836088190191
2204.487372100350000	 0.021914870690481
2204.720330715180000	 0.022057958283237
2204.953289330010000	 0.022239526850805
2205.186247944830000	 0.022404337759954
2205.419206559660000	 0.022494426232276
2205.652165174480000	 0.022479619225688
2205.885123789310000	 0.022374138725525
2206.118082404140000	 0.022229329387654
2206.351041018960000	 0.022106306970859
2206.583999633790000	 0.022043678493599
2206.816958248620000	 0.022038269899515
2207.049916863440000	 0.022049727115108
2207.282875478270000	 0.022026467620838
2207.515834093090000	 0.021938014169795
2207.748792707920000	 0.021794889457687
2207.981751322750000	 0.021644657137661
2208.214709937570000	 0.021546611666970
2208.447668552400000	 0.021539569340193
2208.680627167220000	 0.021620792308535
2208.913585782050000	 0.021747750848692
2209.146544396880000	 0.021861499340597
2209.379503011700000	 0.021917967868862
2209.612461626530000	 0.021909062620069
2209.845420241360000	 0.021862042623968
2210.078378856180000	 0.021818851920155
2210.311337471010000	 0.021808675246577
2210.544296085830000	 0.021830480206686
2210.777254700660000	 0.021856081985730
2211.010213315490000	 0.021851721696191
2211.243171930310000	 0.021804459841882
2211.476130545140000	 0.021736256913235
2211.709089159970000	 0.021695889125693
2211.942047774790000	 0.021732193069412
2212.175006389620000	 0.021863430542206
2212.407965004440000	 0.022060601893362
2212.640923619270000	 0.022255655077040
2212.873882234100000	 0.022371943607586
2213.106840848920000	 0.022361303746911
2213.339799463750000	 0.022227805555174
2213.572758078580000	 0.022025611991721
2213.805716693400000	 0.021832720664128
2214.038675308230000	 0.021714964494842
2214.271633923050000	 0.021698955605569
2214.504592537880000	 0.021767077562227
2214.737551152710000	 0.021875227147922
2214.970509767530000	 0.021981381022110
2215.203468382360000	 0.022067629677314
2215.436426997180000	 0.022143473524456
2215.669385612010000	 0.022230375971864
2215.902344226840000	 0.022338989456798
2216.135302841660000	 0.022454504678422
2216.368261456490000	 0.022540253552707
2216.601220071320000	 0.022558117562239
2216.834178686140000	 0.022493266107282
2217.067137300970000	 0.022367334523418
2217.300095915790000	 0.022230793569537
2217.533054530620000	 0.022137723385610
2217.766013145450000	 0.022116811163940
2217.998971760270000	 0.022155188627513
2218.231930375100000	 0.022205190411870
2218.464888989930000	 0.022211406118808
2218.697847604750000	 0.022143392644945
2218.930806219580000	 0.022015508046714
2219.163764834400000	 0.021882340558614
2219.396723449230000	 0.021811877827961
2219.629682064060000	 0.021850760989855
2219.862640678880000	 0.022000193967283
2220.095599293710000	 0.022215404187569
2220.328557908540000	 0.022428819692026
2220.561516523360000	 0.022584024279065
2220.794475138190000	 0.022661728456677
2221.027433753010000	 0.022684090176913
2221.260392367840000	 0.022696386376343
2221.493350982670000	 0.022737492170835
2221.726309597490000	 0.022816098261956
2221.959268212320000	 0.022905698398137
2222.192226827140000	 0.022960467734949
2222.425185441970000	 0.022942244909852
2222.658144056800000	 0.022842858074929
2222.891102671620000	 0.022689495571758
2223.124061286450000	 0.022531141289829
2223.357019901280000	 0.022414695421686
2223.589978516100000	 0.022364380216759
2223.822937130930000	 0.022375208986505
2224.055895745750000	 0.022422618854014
2224.288854360580000	 0.022480861733283
2224.521812975410000	 0.022538115704759
2224.754771590230000	 0.022599303626942
2224.987730205060000	 0.022676040047876
2225.220688819890000	 0.022771396750808
2225.453647434710000	 0.022870284200340
2225.686606049540000	 0.022942546109563
2225.919564664360000	 0.022957636934977
2226.152523279190000	 0.022902057269255
2226.385481894020000	 0.022788583183102
2226.618440508840000	 0.022651243114440
2226.851399123670000	 0.022528715266124
2227.084357738490000	 0.022445793534030
2227.317316353320000	 0.022403711671536
2227.550274968150000	 0.022384837741671
2227.783233582970000	 0.022368501249686
2228.016192197800000	 0.022347667399128
2228.249150812630000	 0.022335438315802
2228.482109427450000	 0.022356702285150
2228.715068042280000	 0.022429722899459
2228.948026657100000	 0.022549172666754
2229.180985271930000	 0.022682034662683
2229.413943886760000	 0.022780732139596
2229.646902501580000	 0.022807484252040
2229.879861116410000	 0.022756292050386
2230.112819731240000	 0.022659230009629
2230.345778346060000	 0.022572198462931
2230.578736960890000	 0.022546939343393
2230.811695575710000	 0.022604084501710
2231.044654190540000	 0.022721954131271
2231.277612805370000	 0.022847735308374
2231.510571420190000	 0.022925538449044
2231.743530035020000	 0.022926197081186
2231.976488649850000	 0.022862422976989
2232.209447264670000	 0.022781148513086
2232.442405879500000	 0.022737647881911
2232.675364494320000	 0.022765839622082
2232.908323109150000	 0.022860861209936
2233.141281723980000	 0.022983034537632
2233.374240338800000	 0.023080470510077
2233.607198953630000	 0.023117224341738
2233.840157568450000	 0.023091140798973
2234.073116183280000	 0.023032024875597
2234.306074798110000	 0.022982397500606
2234.539033412930000	 0.022972773946476
2234.771992027760000	 0.023005829052133
2235.004950642590000	 0.023058081799294
2235.237909257410000	 0.023097232168867
2235.470867872240000	 0.023104011469587
2235.703826487060000	 0.023084929933591
2235.936785101890000	 0.023068175602158
2236.169743716720000	 0.023085364169006
2236.402702331540000	 0.023150385932121
2236.635660946370000	 0.023248326189719
2236.868619561200000	 0.023341529114397
2237.101578176020000	 0.023389690072395
2237.334536790850000	 0.023372303472019
2237.567495405670000	 0.023300174608169
2237.800454020500000	 0.023209185443498
2238.033412635330000	 0.023140034595934
2238.266371250150000	 0.023115815601020
2238.499329864980000	 0.023130437849099
2238.732288479810000	 0.023154550815529
2238.965247094630000	 0.023155351120019
2239.198205709460000	 0.023118310336062
2239.431164324280000	 0.023057590036293
2239.664122939110000	 0.023008682954694
2239.897081553940000	 0.023007486550612
2240.130040168760000	 0.023068110779646
2240.362998783590000	 0.023172618555244
2240.595957398410000	 0.023279160808004
2240.828916013240000	 0.023344297401130
2241.061874628070000	 0.023346771361039
2241.294833242890000	 0.023298874909556
2241.527791857720000	 0.023238730128346
2241.760750472550000	 0.023207967730244
2241.993709087370000	 0.023227741935628
2242.226667702200000	 0.023286990004827
2242.459626317020000	 0.023349866528001
2242.692584931850000	 0.023378163253649
2242.925543546680000	 0.023355558643423
2243.158502161500000	 0.023299191305692
2243.391460776330000	 0.023251342803313
2243.624419391160000	 0.023255569964270
2243.857378005980000	 0.023330622862036
2244.090336620810000	 0.023456956649713
2244.323295235630000	 0.023583897158825
2244.556253850460000	 0.023654131315835
2244.789212465290000	 0.023632406455546
2245.022171080110000	 0.023522895753844
2245.255129694940000	 0.023366180436055
2245.488088309760000	 0.023218243577516
2245.721046924590000	 0.023123476642239
2245.954005539420000	 0.023096267062346
2246.186964154240000	 0.023120266804996
2246.419922769070000	 0.023164162095439
2246.652881383900000	 0.023203467100046
2246.885839998720000	 0.023234975324629
2247.118798613550000	 0.023275688884044
2247.351757228370000	 0.023347896167400
2247.584715843200000	 0.023460435233653
2247.817674458030000	 0.023598237869014
2248.050633072850000	 0.023727064573769
2248.283591687680000	 0.023810991590089
2248.516550302510000	 0.023832180459984
2248.749508917330000	 0.023800745326346
2248.982467532160000	 0.023748402872823
2249.215426146980000	 0.023709429151623
2249.448384761810000	 0.023700156241193
2249.681343376640000	 0.023709264473546
2249.914301991460000	 0.023704943462407
2250.147260606290000	 0.023655084749357
2250.380219221120000	 0.023548705249386
2250.613177835940000	 0.023405673606242
2250.846136450770000	 0.023268478356313
2251.079095065590000	 0.023180293929002
2251.312053680420000	 0.023161662529686
2251.545012295250000	 0.023199110348927
2251.777970910070000	 0.023252485534325
2252.010929524900000	 0.023277302640205
2252.243888139720000	 0.023249702526413
2252.476846754550000	 0.023179918550991
2252.709805369380000	 0.023106651087141
2252.942763984200000	 0.023075690005202
2253.175722599030000	 0.023114968091234
2253.408681213860000	 0.023219966958555
2253.641639828680000	 0.023357297740262
2253.874598443510000	 0.023483866242498
2254.107557058330000	 0.023570141449798
2254.340515673160000	 0.023613854833422
2254.573474287990000	 0.023636402647348
2254.806432902810000	 0.023664764074991
2255.039391517640000	 0.023710481259289
2255.272350132470000	 0.023759012264117
2255.505308747290000	 0.023776630404795
2255.738267362120000	 0.023731540317792
2255.971225976940000	 0.023617039228840
2256.204184591770000	 0.023462670573549
2256.437143206600000	 0.023325759017033
2256.670101821420000	 0.023266775998614
2256.903060436250000	 0.023321158924077
2257.136019051080000	 0.023482318786448
2257.368977665900000	 0.023704643581397
2257.601936280730000	 0.023924694407576
2257.834894895550000	 0.024089263211757
2258.067853510380000	 0.024175760451865
2258.300812125210000	 0.024195303340977
2258.533770740030000	 0.024178907377983
2258.766729354860000	 0.024156367109051
2258.999687969680000	 0.024140542766754
2259.232646584510000	 0.024125449917917
2259.465605199340000	 0.024097652935721
2259.698563814160000	 0.024052304180194
2259.931522428990000	 0.024002552351793
2260.164481043820000	 0.023975487526506
2260.397439658640000	 0.023996512671194
2260.630398273470000	 0.024071628991600
2260.863356888290000	 0.024178970864352
2261.096315503120000	 0.024275908057051
2261.329274117950000	 0.024319020850207
2261.562232732770000	 0.024286446185901
2261.795191347600000	 0.024190151198854
2262.028149962430000	 0.024070971605258
2262.261108577250000	 0.023978795412669
2262.494067192080000	 0.023948521206053
2262.727025806900000	 0.023984650991011
2262.959984421730000	 0.024062431717431
2263.192943036560000	 0.024144201576841
2263.425901651380000	 0.024201228979432
2263.658860266210000	 0.024228571647303
2263.891818881030000	 0.024244883790998
2264.124777495860000	 0.024278025917608
2264.357736110690000	 0.024345505088288
2264.590694725510000	 0.024441497446686
2264.823653340340000	 0.024538085577243
2265.056611955170000	 0.024599905712768
2265.289570569990000	 0.024603559162337
2265.522529184820000	 0.024550449260145
2265.755487799640000	 0.024465699523722
2265.988446414470000	 0.024384029658450
2266.221405029300000	 0.024330964503137
2266.454363644120000	 0.024310175680589
2266.687322258950000	 0.024303885264024
2266.920280873780000	 0.024285510349670
2267.153239488600000	 0.024236658385706
2267.386198103430000	 0.024158324688608
2267.619156718250000	 0.024069971175522
2267.852115333080000	 0.023997655449760
2268.085073947910000	 0.023958906772133
2268.318032562730000	 0.023953715004775
2268.550991177560000	 0.023966968158667
2268.783949792390000	 0.023980479642041
2269.016908407210000	 0.023986735403410
2269.249867022040000	 0.023995333668610
2269.482825636860000	 0.024027581393395
2269.715784251690000	 0.024102156860936
2269.948742866520000	 0.024220559678770
2270.181701481340000	 0.024361649349026
2270.414660096170000	 0.024489493119606
2270.647618710990000	 0.024570908118577
2270.880577325820000	 0.024593043512052
2271.113535940650000	 0.024570768579810
2271.346494555470000	 0.024539106581927
2271.579453170300000	 0.024534445458141
2271.812411785130000	 0.024574800413700
2272.045370399950000	 0.024650144450599
2272.278329014780000	 0.024728308223814
2272.511287629600000	 0.024773274820701
2272.744246244430000	 0.024765704166348
2272.977204859260000	 0.024714190699255
2273.210163474080000	 0.024650948835656
2273.443122088910000	 0.024614417285877
2273.676080703740000	 0.024628589363503
2273.909039318560000	 0.024690537924244
2274.141997933390000	 0.024772814132110
2274.374956548210000	 0.024839013050763
2274.607915163040000	 0.024863549240341
2274.840873777870000	 0.024844589610552
2275.073832392690000	 0.024803273429575
2275.306791007520000	 0.024770332723920
2275.539749622350000	 0.024768310031433
2275.772708237170000	 0.024799679759473
2276.005666852000000	 0.024847302104570
2276.238625466820000	 0.024886247106789
2276.471584081650000	 0.024899468584839
2276.704542696480000	 0.024887829818728
2276.937501311300000	 0.024868658707862
2277.170459926130000	 0.024864081862441
2277.403418540950000	 0.024886554904408
2277.636377155780000	 0.024930574282186
2277.869335770610000	 0.024975695012830
2278.102294385430000	 0.024999095743713
2278.335253000260000	 0.024990119563001
2278.568211615090000	 0.024957902290414
2278.801170229910000	 0.024927211225418
2279.034128844740000	 0.024924630345114
2279.267087459560000	 0.024963048176606
2279.500046074390000	 0.025033533770174
2279.733004689220000	 0.025109479917212
2279.965963304040000	 0.025160847644823
2280.198921918870000	 0.025170526313374
2280.431880533700000	 0.025143563920320
2280.664839148520000	 0.025104089895238
2280.897797763350000	 0.025081827489372
2281.130756378170000	 0.025096019582414
2281.363714993000000	 0.025145890112471
2281.596673607830000	 0.025212771143938
2281.829632222650000	 0.025272191702295
2282.062590837480000	 0.025308531214028
2282.295549452300000	 0.025323525009791
2282.528508067130000	 0.025333701607332
2282.761466681960000	 0.025358504431288
2282.994425296780000	 0.025406440643020
2283.227383911610000	 0.025467781065371
2283.460342526440000	 0.025518452727500
2283.693301141260000	 0.025533150633854
2283.926259756090000	 0.025500203061139
2284.159218370910000	 0.025429535429252
2284.392176985740000	 0.025348923505911
2284.625135600570000	 0.025290405670035
2284.858094215390000	 0.025274326596061
2285.091052830220000	 0.025299766494176
2285.324011445050000	 0.025346439668843
2285.556970059870000	 0.025386724869261
2285.789928674700000	 0.025400944311673
2286.022887289520000	 0.025387402164646
2286.255845904350000	 0.025361901000607
2286.488804519180000	 0.025347589440060
2286.721763134000000	 0.025361416703860
2286.954721748830000	 0.025405033101462
2287.187680363660000	 0.025464974979759
2287.420638978480000	 0.025521387400875
2287.653597593310000	 0.025559656104374
2287.886556208130000	 0.025577885847319
2288.119514822960000	 0.025585946730605
2288.352473437790000	 0.025597120374148
2288.585432052610000	 0.025617938558169
2288.818390667440000	 0.025642808001589
2289.051349282260000	 0.025656939151156
2289.284307897090000	 0.025645919538686
2289.517266511920000	 0.025606094558225
2289.750225126740000	 0.025549197510297
2289.983183741570000	 0.025497931432611
2290.216142356400000	 0.025474633049417
2290.449100971220000	 0.025489461512989
2290.682059586050000	 0.025535029485458
2290.915018200870000	 0.025590715463877
2291.147976815700000	 0.025634300364141
2291.380935430530000	 0.025654316513427
2291.613894045350000	 0.025655988332532
2291.846852660180000	 0.025657238311827
2292.079811275010000	 0.025676998461662
2292.312769889830000	 0.025722677358127
2292.545728504660000	 0.025784276359245
2292.778687119480000	 0.025838871014834
2293.011645734310000	 0.025863185287539
2293.244604349140000	 0.025847238882054
2293.477562963960000	 0.025801233198814
2293.710521578790000	 0.025751474700779
2293.943480193620000	 0.025727249552008
2294.176438808440000	 0.025745704267581
2294.409397423270000	 0.025802990038157
2294.642356038090000	 0.025876512927672
2294.875314652920000	 0.025937043399354
2295.108273267750000	 0.025964047269356
2295.341231882570000	 0.025955876100517
2295.574190497400000	 0.025929393934776
2295.807149112220000	 0.025909569863805
2296.040107727050000	 0.025915075565679
2296.273066341880000	 0.025947869807150
2296.506024956700000	 0.025992251249312
2296.738983571530000	 0.026023537243025
2296.971942186360000	 0.026021309144597
2297.204900801180000	 0.025979812753215
2297.437859416010000	 0.025909936325912
2297.670818030830000	 0.025832197532595
2297.903776645660000	 0.025765310827843
2298.136735260490000	 0.025717055032360
2298.369693875310000	 0.025682293088519
2298.602652490140000	 0.025648591130034
2298.835611104970000	 0.025605576785630
2299.068569719790000	 0.025552249728774
2299.301528334620000	 0.025497930561984
2299.534486949440000	 0.025456591057196
2299.767445564270000	 0.025438433029845
2300.000404179100000	 0.025444096743089
2300.233362793920000	 0.025464954195099
2300.466321408750000	 0.025489062027376
2300.699280023570000	 0.025508942317112
2300.932238638400000	 0.025526276252515
2301.165197253230000	 0.025550425141162
2301.398155868050000	 0.025591516369124
2301.631114482880000	 0.025652367968147
2301.864073097710000	 0.025724386741284
2302.097031712530000	 0.025790139660601
2302.329990327360000	 0.025831253303000
2302.562948942180000	 0.025837190429041
2302.795907557010000	 0.025809948115511
2303.028866171840000	 0.025761992730236
2303.261824786660000	 0.025708646097902
2303.494783401490000	 0.025659528801507
2303.727742016320000	 0.025614353898248
2303.960700631140000	 0.025565670176917
2304.193659245970000	 0.025506731956541
2304.426617860790000	 0.025439379218373
2304.659576475620000	 0.025376645248027
2304.892535090450000	 0.025337795680413
2305.125493705270000	 0.025337983496875
2305.358452320100000	 0.025378240038727
2305.591410934930000	 0.025441976023953
2305.824369549750000	 0.025500912086277
2306.057328164580000	 0.025528018430448
2306.290286779400000	 0.025510807103839
2306.523245394230000	 0.025457867576389
2306.756204009060000	 0.025395125044775
2306.989162623880000	 0.025353697330859
2307.222121238710000	 0.025355421999334
2307.455079853530000	 0.025403157984258
2307.688038468360000	 0.025480532339491
2307.920997083190000	 0.025561007169386
2308.153955698010000	 0.025621241193612
2308.386914312840000	 0.025651516635514
2308.619872927670000	 0.025658084026014
2308.852831542490000	 0.025657307386417
2309.085790157320000	 0.025665995416438
2309.318748772140000	 0.025693614474400
2309.551707386970000	 0.025740103338794
2309.784666001800000	 0.025799385057522
2310.017624616620000	 0.025865336812658
2310.250583231450000	 0.025935683172141
2310.483541846280000	 0.026011007790123
2310.716500461100000	 0.026089873423497
2310.949459075930000	 0.026164147311984
2311.182417690750000	 0.026218842997129
2311.415376305580000	 0.026238170265766
2311.648334920410000	 0.026215560203818
2311.881293535230000	 0.026162036612854
2312.114252150060000	 0.026106632124194
2312.347210764880000	 0.026086285715783
2312.580169379710000	 0.026129261512301
2312.813127994540000	 0.026240618950974
2313.046086609360000	 0.026397194364932
2313.279045224190000	 0.026554657209872
2313.512003839020000	 0.026664191973717
2313.744962453840000	 0.026692551261786
2313.977921068670000	 0.026636724530196
2314.210879683490000	 0.026525377182492
2314.443838298320000	 0.026405670161548
2314.676796913150000	 0.026322779754650
2314.909755527970000	 0.026303069907817
2315.142714142800000	 0.026347839770517
2315.375672757630000	 0.026437737638086
2315.608631372450000	 0.026543540027466
2315.841589987280000	 0.026637730532318
2316.074548602100000	 0.026701897975970
2316.307507216930000	 0.026727400587102
2316.540465831760000	 0.026710918080384
2316.773424446580000	 0.026649897776377
2317.006383061410000	 0.026542579692570
2317.239341676240000	 0.026393565224155
2317.472300291060000	 0.026221503035802
2317.705258905890000	 0.026062758269033
2317.938217520710000	 0.025965689915759
2318.171176135540000	 0.025975411422962
2318.404134750370000	 0.026115993148646
2318.637093365190000	 0.026379665067389
2318.870051980020000	 0.026727897083281
2319.103010594840000	 0.027102303286618
2319.335969209670000	 0.027440177464067
2319.568927824500000	 0.027689993713228
2319.801886439320000	 0.027822867304241
2320.034845054150000	 0.027836171264006
2320.267803668980000	 0.027747938123964
2320.500762283800000	 0.027585789011260
2320.733720898630000	 0.027377499312915
2320.966679513450000	 0.027148174219958
2321.199638128280000	 0.026923392069431
2321.432596743110000	 0.026733247377951
2321.665555357930000	 0.026611567667187
2321.898513972760000	 0.026587969444622
2322.131472587590000	 0.026676191680090
2322.364431202410000	 0.026865941311909
2322.597389817240000	 0.027123439181937
2322.830348432060000	 0.027399983402597
2323.063307046890000	 0.027644024909182
2323.296265661720000	 0.027812631361230
2323.529224276540000	 0.027879955674809
2323.762182891370000	 0.027840964189203
2323.995141506200000	 0.027709187523199
2324.228100121020000	 0.027509481292000
2324.461058735850000	 0.027269672126250
2324.694017350670000	 0.027015358455880
2324.926975965500000	 0.026769245962392
2325.159934580330000	 0.026552899181977
2325.392893195150000	 0.026387416886845
2325.625851809980000	 0.026290879134794
2325.858810424800000	 0.026273381279427
2326.091769039630000	 0.026332901402701
2326.324727654460000	 0.026454973395146
2326.557686269280000	 0.026616314254218
2326.790644884110000	 0.026789996560818
2327.023603498940000	 0.026949682567332
2327.256562113760000	 0.027072177652160
2327.489520728590000	 0.027139082918993
2327.722479343410000	 0.027138506386212
2327.955437958240000	 0.027066941298679
2328.188396573070000	 0.026930597569121
2328.421355187890000	 0.026745421012594
2328.654313802720000	 0.026535488605602
2328.887272417550000	 0.026329718357382
2329.120231032370000	 0.026156887689615
2329.353189647200000	 0.026039564955938
2329.586148262020000	 0.025988931941185
2329.819106876850000	 0.026003309578603
2330.052065491680000	 0.026071780551395
2330.285024106500000	 0.026181039412948
2330.517982721330000	 0.026321317155592
2330.750941336150000	 0.026487968446610
2330.983899950980000	 0.026678230908952
2331.216858565810000	 0.026885649925069
2331.449817180630000	 0.027096199908392
2331.682775795460000	 0.027289315648870
2331.915734410290000	 0.027443884753587
2332.148693025110000	 0.027545757042422
2332.381651639940000	 0.027592351270449
2332.614610254760000	 0.027592042502526
2332.847568869590000	 0.027559069482469
2333.080527484420000	 0.027506729651663
2333.313486099240000	 0.027442228956787
2333.546444714070000	 0.027365768930681
2333.779403328900000	 0.027274221901158
2334.012361943720000	 0.027166972318136
2334.245320558550000	 0.027050145228881
2334.478279173370000	 0.026936529593280
2334.711237788200000	 0.026841058829874
2334.944196403030000	 0.026774152396319
2335.177155017850000	 0.026736607599397
2335.410113632680000	 0.026719365334238
2335.643072247510000	 0.026708922170273
2335.876030862330000	 0.026695555893014
2336.108989477160000	 0.026679529947261
2336.341948091980000	 0.026671621598547
2336.574906706810000	 0.026687567660390
2336.807865321640000	 0.026739220211479
2337.040823936460000	 0.026827071089657
2337.273782551290000	 0.026938540325412
2337.506741166110000	 0.027053467799405
2337.739699780940000	 0.027153790212640
2337.972658395770000	 0.027231674988891
2338.205617010590000	 0.027291627596186
2338.438575625420000	 0.027345989189162
2338.671534240250000	 0.027406848553258
2338.904492855070000	 0.027478997043877
2339.137451469900000	 0.027557830555731
2339.370410084720000	 0.027633253696146
2339.603368699550000	 0.027696912832399
2339.836327314380000	 0.027747933289223
2340.069285929200000	 0.027793422241160
2340.302244544030000	 0.027843419568698
2340.535203158860000	 0.027903378868777
2340.768161773680000	 0.027968860622499
2341.001120388510000	 0.028026131352024
2341.234079003330000	 0.028058944292027
2341.467037618160000	 0.028057728539301
2341.699996232990000	 0.028025651004636
2341.932954847810000	 0.027977905322566
2342.165913462640000	 0.027934530832437
2342.398872077470000	 0.027910475908080
2342.631830692290000	 0.027908060595304
2342.864789307120000	 0.027916019544931
2343.097747921940000	 0.027915955906950
2343.330706536770000	 0.027892723689625
2343.563665151600000	 0.027842844289618
2343.796623766420000	 0.027776384219666
2344.029582381250000	 0.027711594340134
2344.262540996070000	 0.027665340168307
2344.495499610900000	 0.027644228282488
2344.728458225730000	 0.027640899083708
2344.961416840550000	 0.027637281392538
2345.194375455380000	 0.027612753495540
2345.427334070210000	 0.027552527248868
2345.660292685030000	 0.027452082161366
2345.893251299860000	 0.027316479270242
2346.126209914680000	 0.027156416913989
2346.359168529510000	 0.026984099317471
2346.592127144340000	 0.026811152610617
2346.825085759160000	 0.026648795441419
2347.058044373990000	 0.026508566174036
2347.291002988820000	 0.026401379425007
2347.523961603640000	 0.026333939077598
2347.756920218470000	 0.026303780484580
2347.989878833290000	 0.026296044704618
2348.222837448120000	 0.026285255126670
2348.455796062950000	 0.026243279724848
2348.688754677770000	 0.026151031926672
2348.921713292600000	 0.026008570670075
2349.154671907420000	 0.025838434312905
2349.387630522250000	 0.025680290571406
2349.620589137080000	 0.025578935956894
2349.853547751900000	 0.025570121893096
2350.086506366730000	 0.025669200440957
2350.319464981560000	 0.025866603349602
2350.552423596380000	 0.026131748670196
2350.785382211210000	 0.026423366393527
2351.018340826030000	 0.026701123634007
2351.251299440860000	 0.026933189418584
2351.484258055690000	 0.027097609845626
2351.717216670510000	 0.027179818835390
2351.950175285340000	 0.027171027689795
2352.183133900170000	 0.027070893322022
2352.416092514990000	 0.026893655706747
2352.649051129820000	 0.026672854173216
2352.882009744640000	 0.026458942098494
2353.114968359470000	 0.026307453159430
2353.347926974300000	 0.026260724592871
2353.580885589120000	 0.026330576570384
2353.813844203950000	 0.026490775616636
2354.046802818780000	 0.026685360369936
2354.279761433600000	 0.026851750911859
2354.512720048430000	 0.026948783887541
2354.745678663250000	 0.026975318642231
2354.978637278080000	 0.026969016608553
2355.211595892910000	 0.026985131436046
2355.444554507730000	 0.027065348978009
2355.677513122560000	 0.027212011155486
2355.910471737380000	 0.027381519661052
2356.143430352210000	 0.027502101105047
2356.376388967040000	 0.027508252243347
2356.609347581860000	 0.027374427845309
2356.842306196690000	 0.027130863203109
2357.075264811520000	 0.026854216408623
2357.308223426340000	 0.026637735774954
2357.541182041170000	 0.026553834055956
2357.774140655990000	 0.026624725774696
2358.007099270820000	 0.026813920195638
2358.240057885650000	 0.027042483854811
2358.473016500470000	 0.027221996943995
2358.705975115300000	 0.027288248967881
2358.938933730130000	 0.027221339461696
2359.171892344950000	 0.027046766268532
2359.404850959780000	 0.026821361956061
2359.637809574600000	 0.026612747653492
2359.870768189430000	 0.026480778528516
2360.103726804260000	 0.026465866587214
2360.336685419080000	 0.026584304618316
2360.569644033910000	 0.026827429213542
2360.802602648740000	 0.027161657034506
2361.035561263560000	 0.027529701097294
2361.268519878390000	 0.027856618469610
2361.501478493210000	 0.028064228999203
2361.734437108040000	 0.028092797265949
2361.967395722870000	 0.027922699817607
2362.200354337690000	 0.027586210208035
2362.433312952520000	 0.027162918225315
2362.666271567340000	 0.026759131753616
2362.899230182170000	 0.026477701092420
2363.132188797000000	 0.026388100502210
2363.365147411820000	 0.026507122433528
2363.598106026650000	 0.026797445306244
2363.831064641480000	 0.027184159516112
2364.064023256300000	 0.027580965192770
2364.296981871130000	 0.027913817811549
2364.529940485950000	 0.028133267131841
2364.762899100780000	 0.028214625416762
2364.995857715610000	 0.028151617460149
2365.228816330430000	 0.027950731694373
2365.461774945260000	 0.027630358500251
2365.694733560090000	 0.027223734068801
2365.927692174910000	 0.026781057938675
2366.160650789740000	 0.026365973840675
2366.393609404560000	 0.026044599226578
2366.626568019390000	 0.025869552046690
2366.859526634220000	 0.025864917032055
2367.092485249040000	 0.026019125746682
2367.325443863870000	 0.026290044146060
2367.558402478690000	 0.026620639089536
2367.791361093520000	 0.026957763007555
2368.024319708350000	 0.027265096600938
2368.257278323170000	 0.027525308101483
2368.490236938000000	 0.027733007028859
2368.723195552830000	 0.027884813942804
2368.956154167650000	 0.027973420585978
2369.189112782480000	 0.027989061869950
2369.422071397300000	 0.027926599795951
2369.655030012130000	 0.027792687497497
2369.887988626960000	 0.027607561904344
2370.120947241780000	 0.027399561995493
2370.353905856610000	 0.027194967582556
2370.586864471440000	 0.027008588024070
2370.819823086260000	 0.026840321882307
2371.052781701090000	 0.026679697309492
2371.285740315910000	 0.026515761120629
2371.518698930740000	 0.026346398302604
2371.751657545570000	 0.026181490250575
2371.984616160390000	 0.026038072652832
2372.217574775220000	 0.025930401767983
2372.450533390050000	 0.025860855678162
2372.683492004870000	 0.025817317697791
2372.916450619700000	 0.025779111246991
2373.149409234520000	 0.025728450083306
2373.382367849350000	 0.025660823525152
2373.615326464180000	 0.025588168699079
2373.848285079000000	 0.025532808975934
2374.081243693830000	 0.025515311619284
2374.314202308650000	 0.025542767340116
2374.547160923480000	 0.025603911890164
2374.780119538310000	 0.025673949807814
2375.013078153130000	 0.025726583251236
2375.246036767960000	 0.025746672868517
2375.478995382790000	 0.025736771884915
2375.711953997610000	 0.025714481496980
2375.944912612440000	 0.025702663185327
2376.177871227260000	 0.025718105366774
2376.410829842090000	 0.025764650611962
2376.643788456920000	 0.025834007865908
2376.876747071740000	 0.025912963502068
2377.109705686570000	 0.025992050320541
2377.342664301400000	 0.026070210562638
2377.575622916220000	 0.026152826805911
2377.808581531050000	 0.026244734026835
2378.041540145870000	 0.026342892823366
2378.274498760700000	 0.026433648688338
2378.507457375530000	 0.026496806582106
2378.740415990350000	 0.026514592113556
2378.973374605180000	 0.026480473856479
2379.206333220010000	 0.026402794756616
2379.439291834830000	 0.026301155652452
2379.672250449660000	 0.026197536659339
2379.905209064480000	 0.026106918363164
2380.138167679310000	 0.026032323200166
2380.371126294140000	 0.025966701374351
2380.604084908960000	 0.025900202061806
2380.837043523790000	 0.025828303502152
2381.070002138610000	 0.025755929200353
2381.302960753440000	 0.025695228595981
2381.535919368270000	 0.025658483931453
2381.768877983090000	 0.025650402510269
2382.001836597920000	 0.025664396793385
2382.234795212750000	 0.025685176275551
2382.467753827570000	 0.025696289737993
2382.700712442400000	 0.025688328439145
2382.933671057220000	 0.025663168177148
2383.166629672050000	 0.025632044056342
2383.399588286880000	 0.025608820356563
2383.632546901700000	 0.025602436773630
2383.865505516530000	 0.025612809509905
2384.098464131360000	 0.025632321665805
2384.331422746180000	 0.025651638811875
2384.564381361010000	 0.025665972073043
2384.797339975830000	 0.025677758275795
2385.030298590660000	 0.025694103978172
2385.263257205490000	 0.025720685293054
2385.496215820310000	 0.025756078590337
2385.729174435140000	 0.025790400370375
2385.962133049960000	 0.025809630008287
2386.195091664790000	 0.025803441489581
2386.428050279620000	 0.025771969921490
2386.661008894440000	 0.025727303352963
2386.893967509270000	 0.025688430592491
2387.126926124100000	 0.025672089880452
2387.359884738920000	 0.025684359265423
2387.592843353750000	 0.025717628408897
2387.825801968570000	 0.025754777050290
2388.058760583400000	 0.025778346236147
2388.291719198230000	 0.025779577690298
2388.524677813050000	 0.025762291169380
2388.757636427880000	 0.025739611649819
2388.990595042710000	 0.025725630986915
2389.223553657530000	 0.025726870207665
2389.456512272360000	 0.025738469857975
2389.689470887180000	 0.025747329863896
2389.922429502010000	 0.025740349427692
2390.155388116840000	 0.025712857830332
2390.388346731660000	 0.025672217009850
2390.621305346490000	 0.025634456875077
2390.854263961320000	 0.025615833165654
2391.087222576140000	 0.025624059657058
2391.320181190970000	 0.025654176751755
2391.553139805790000	 0.025691443385791
2391.786098420620000	 0.025719601898781
2392.019057035450000	 0.025729718632869
2392.252015650270000	 0.025724539291208
2392.484974265100000	 0.025716045235721
2392.717932879920000	 0.025717860598424
2392.950891494750000	 0.025737018792521
2393.183850109580000	 0.025769858184742
2393.416808724400000	 0.025804363193889
2393.649767339230000	 0.025827419793162
2393.882725954060000	 0.025832500225383
2394.115684568880000	 0.025823125003157
2394.348643183710000	 0.025810142801051
2394.581601798530000	 0.025804641532676
2394.814560413360000	 0.025810890601662
2395.047519028190000	 0.025823698527634
2395.280477643010000	 0.025831943071249
2395.513436257840000	 0.025826225154255
2395.746394872670000	 0.025805920156999
2395.979353487490000	 0.025781121246804
2396.212312102320000	 0.025767979995814
2396.445270717140000	 0.025779864897590
2396.678229331970000	 0.025819303948310
2396.911187946800000	 0.025875451795835
2397.144146561620000	 0.025928837297477
2397.377105176450000	 0.025960938293784
2397.610063791280000	 0.025963204240707
2397.843022406100000	 0.025940429688235
2398.075981020930000	 0.025906712496834
2398.308939635750000	 0.025876504115846
2398.541898250580000	 0.025856005418647
2398.774856865410000	 0.025839941343075
2399.007815480230000	 0.025815653609390
2399.240774095060000	 0.025772107392553
2399.473732709880000	 0.025708370763954
2399.706691324710000	 0.025636350316726
2399.939649939540000	 0.025575927555744
2400.172608554360000	 0.025545049063568
2400.405567169190000	 0.025550262344346
2400.638525784020000	 0.025583100080565
2400.871484398840000	 0.025624563001649
2401.104443013670000	 0.025655333981384
2401.337401628490000	 0.025665964517666
2401.570360243320000	 0.025661278873430
2401.803318858150000	 0.025656638791620
2402.036277472970000	 0.025668361353042
2402.269236087800000	 0.025703816090893
2402.502194702630000	 0.025756861164952
2402.735153317450000	 0.025811225935528
2402.968111932280000	 0.025849805820527
2403.201070547100000	 0.025864320936913
2403.434029161930000	 0.025859624062362
2403.666987776760000	 0.025850196535106
2403.899946391580000	 0.025850961575657
2404.132905006410000	 0.025867814730922
2404.365863621230000	 0.025893489199512
2404.598822236060000	 0.025911382228289
2404.831780850890000	 0.025905320325619
2405.064739465710000	 0.025869659264569
2405.297698080540000	 0.025813861359962
2405.530656695370000	 0.025758880106005
2405.763615310190000	 0.025727273569302
2405.996573925020000	 0.025732358167963
2406.229532539840000	 0.025772192652457
2406.462491154670000	 0.025831502951260
2406.695449769500000	 0.025890185533965
2406.928408384320000	 0.025933338032632
2407.161366999150000	 0.025957165538330
2407.394325613980000	 0.025967896781467
2407.627284228800000	 0.025975115193626
2407.860242843630000	 0.025984069940279
2408.093201458450000	 0.025991879740668
2408.326160073280000	 0.025989960786110
2408.559118688110000	 0.025970995294141
2408.792077302930000	 0.025935780957738
2409.025035917760000	 0.025895301625392
2409.257994532590000	 0.025866309185245
2409.490953147410000	 0.025862697691117
2409.723911762240000	 0.025887618513039
2409.956870377060000	 0.025931127009575
2410.189828991890000	 0.025975125400727
2410.422787606720000	 0.026003046671286
2410.655746221540000	 0.026008727495946
2410.888704836370000	 0.025999256405807
2411.121663451190000	 0.025990088479674
2411.354622066020000	 0.025995200978505
2411.587580680850000	 0.026017949852901
2411.820539295670000	 0.026048030669699
2412.053497910500000	 0.026066587622175
2412.286456525330000	 0.026056767134820
2412.519415140150000	 0.026013674845768
2412.752373754980000	 0.025947929237227
2412.985332369800000	 0.025880672494736
2413.218290984630000	 0.025832713204126
2413.451249599460000	 0.025813730092833
2413.684208214280000	 0.025817509468004
2413.917166829110000	 0.025825945749765
2414.150125443940000	 0.025819610608629
2414.383084058760000	 0.025788903500712
2414.616042673590000	 0.025739514046058
2414.849001288410000	 0.025689297226530
2415.081959903240000	 0.025658525388989
2415.314918518070000	 0.025659053154588
2415.547877132890000	 0.025688411058724
2415.780835747720000	 0.025732020272863
2416.013794362550000	 0.025772054201728
2416.246752977370000	 0.025797635828674
2416.479711592200000	 0.025810426124234
2416.712670207020000	 0.025822559604740
2416.945628821850000	 0.025848401579577
2417.178587436680000	 0.025895072328533
2417.411546051500000	 0.025957282158487
2417.644504666330000	 0.026019473976426
2417.877463281150000	 0.026063963665044
2418.110421895980000	 0.026080242468172
2418.343380510810000	 0.026070060919417
2418.576339125630000	 0.026045600842771
2418.809297740460000	 0.026022140774852
2419.042256355290000	 0.026009678068010
2419.275214970110000	 0.026008372547420
2419.508173584940000	 0.026010269774360
2419.741132199760000	 0.026005904344125
2419.974090814590000	 0.025991403659743
2420.207049429420000	 0.025971519787819
2420.440008044240000	 0.025956692429177
2420.672966659070000	 0.025956019084376
2420.905925273900000	 0.025970587844425
2421.138883888720000	 0.025991541559362
2421.371842503550000	 0.026004470991575
2421.604801118370000	 0.025997803913566
2421.837759733200000	 0.025970197371071
2422.070718348030000	 0.025932340975774
2422.303676962850000	 0.025901815314023
2422.536635577680000	 0.025893695936302
2422.769594192500000	 0.025912114877159
2423.002552807330000	 0.025947618439094
2423.235511422160000	 0.025981995636820
2423.468470036980000	 0.025997941752625
2423.701428651810000	 0.025988035338674
2423.934387266640000	 0.025957927778011
2424.167345881460000	 0.025922102094856
2424.400304496290000	 0.025894864218307
2424.633263111120000	 0.025881902041759
2424.866221725940000	 0.025877379838394
2425.099180340770000	 0.025868297296175
2425.332138955590000	 0.025843473118274
2425.565097570420000	 0.025801637188399
2425.798056185250000	 0.025753606040660
2426.031014800070000	 0.025717055506995
2426.263973414900000	 0.025706765819430
2426.496932029720000	 0.025725898560784
2426.729890644550000	 0.025763442285643
2426.962849259380000	 0.025799571176788
2427.195807874200000	 0.025816059841717
2427.428766489030000	 0.025805830546172
2427.661725103860000	 0.025776187741863
2427.894683718680000	 0.025744015651565
2428.127642333510000	 0.025725819991603
2428.360600948330000	 0.025728339114065
2428.593559563160000	 0.025745069106557
2428.826518177990000	 0.025760638880561
2429.059476792810000	 0.025760349545266
2429.292435407640000	 0.025739098759228
2429.525394022460000	 0.025704341571469
2429.758352637290000	 0.025671408768311
2429.991311252120000	 0.025654075330958
2430.224269866940000	 0.025656075334078
2430.457228481770000	 0.025668781444573
2430.690187096600000	 0.025676707213208
2430.923145711420000	 0.025667752961252
2431.156104326250000	 0.025642049517785
2431.389062941070000	 0.025613878993288
2431.622021555900000	 0.025605113099653
2431.854980170730000	 0.025633481213518
2432.087938785550000	 0.025702021938796
2432.320897400380000	 0.025795679631521
2432.553856015210000	 0.025887267645057
2432.786814630030000	 0.025949812764248
2433.019773244860000	 0.025968646302535
2433.252731859680000	 0.025946833363166
2433.485690474510000	 0.025901448445910
2433.718649089340000	 0.025853312384738
2433.951607704160000	 0.025816188000995
2434.184566318990000	 0.025791409771790
2434.417524933820000	 0.025770591488178
2434.650483548640000	 0.025744220720260
2434.883442163470000	 0.025710437770947
2435.116400778290000	 0.025678302368943
2435.349359393120000	 0.025663325494074
2435.582318007950000	 0.025677779799762
2435.815276622770000	 0.025721548165365
2436.048235237600000	 0.025779250118321
2436.281193852420000	 0.025826004359503
2436.514152467250000	 0.025839195993548
2436.747111082080000	 0.025809970732509
2436.980069696900000	 0.025748192972080
2437.213028311730000	 0.025678219272438
2437.445986926560000	 0.025627770521757
2437.678945541380000	 0.025615697267984
2437.911904156210000	 0.025644829659466
2438.144862771030000	 0.025703235954119
2438.377821385860000	 0.025772544947175
2438.610780000690000	 0.025838160414337
2438.843738615510000	 0.025895531470929
2439.076697230340000	 0.025949426011456
2439.309655845170000	 0.026007466534920
2439.542614459990000	 0.026072421129087
2439.775573074820000	 0.026138189729156
2440.008531689640000	 0.026191965235743
2440.241490304470000	 0.026221147460725
2440.474448919300000	 0.026220643622181
2440.707407534120000	 0.026196061859542
2440.940366148950000	 0.026160959451349
2441.173324763770000	 0.026129928175466
2441.406283378600000	 0.026111687228958
2441.639241993430000	 0.026106215421270
2441.872200608250000	 0.026107404218484
2442.105159223080000	 0.026109233940399
2442.338117837910000	 0.026111250369521
2442.571076452730000	 0.026119640396946
2442.804035067560000	 0.026143124784752
2443.036993682380000	 0.026186292124970
2443.269952297210000	 0.026244791477663
2443.502910912040000	 0.026305884273486
2443.735869526860000	 0.026354631673053
2443.968828141690000	 0.026382302260765
2444.201786756520000	 0.026391824793349
2444.434745371340000	 0.026396594477620
2444.667703986170000	 0.026412816027280
2444.900662600990000	 0.026449465090458
2445.133621215820000	 0.026501626150272
2445.366579830650000	 0.026551429848746
2445.599538445470000	 0.026576696003472
2445.832497060300000	 0.026562858196608
2446.065455675130000	 0.026511571722568
2446.298414289950000	 0.026441094002636
2446.531372904780000	 0.026378066357132
2446.764331519600000	 0.026344988954580
2446.997290134430000	 0.026349945648769
2447.230248749260000	 0.026383913070822
2447.463207364080000	 0.026426863463617
2447.696165978910000	 0.026458974431536
2447.929124593730000	 0.026470462267081
2448.162083208560000	 0.026464653947194
2448.395041823390000	 0.026453167459871
2448.628000438210000	 0.026446759583085
2448.860959053040000	 0.026447793609839
2449.093917667870000	 0.026449133327319
2449.326876282690000	 0.026440230324076
2449.559834897520000	 0.026416522450384
2449.792793512340000	 0.026385885778004
2450.025752127170000	 0.026367410124603
2450.258710742000000	 0.026382299363227
2450.491669356820000	 0.026441489184526
2450.724627971650000	 0.026536914772440
2450.957586586480000	 0.026641913184593
2451.190545201300000	 0.026721532614649
2451.423503816130000	 0.026747942158192
2451.656462430950000	 0.026713013700516
2451.889421045780000	 0.026631548632931
2452.122379660610000	 0.026533685830924
2452.355338275430000	 0.026450677565746
2452.588296890260000	 0.026401420791479
2452.821255505090000	 0.026386433010457
2453.054214119910000	 0.026391793332204
2453.287172734740000	 0.026400068376012
2453.520131349560000	 0.026401509150936
2453.753089964390000	 0.026399090067928
2453.986048579220000	 0.026404970904790
2454.219007194040000	 0.026431101576201
2454.451965808870000	 0.026479972365293
2454.684924423700000	 0.026541245069113
2454.917883038520000	 0.026596395006298
2455.150841653350000	 0.026628584050270
2455.383800268170000	 0.026631748214730
2455.616758883000000	 0.026613391052207
2455.849717497830000	 0.026589442035848
2456.082676112650000	 0.026574279726564
2456.315634727480000	 0.026571864440866
2456.548593342300000	 0.026573348168484
2456.781551957130000	 0.026562803996851
2457.014510571960000	 0.026527863353694
2457.247469186780000	 0.026468978053006
2457.480427801610000	 0.026401707891913
2457.713386416440000	 0.026350422740408
2457.946345031260000	 0.026336640554265
2458.179303646090000	 0.026368213296867
2458.412262260910000	 0.026435206580003
2458.645220875740000	 0.026514738334562
2458.878179490570000	 0.026582088925621
2459.111138105390000	 0.026621944325221
2459.344096720220000	 0.026633826448661
2459.577055335040000	 0.026629368860453
2459.810013949870000	 0.026623743284108
2460.042972564700000	 0.026626537874871
2460.275931179520000	 0.026637256846691
2460.508889794350000	 0.026647577786716
2460.741848409180000	 0.026648330408243
2460.974807024000000	 0.026636373555435
2461.207765638830000	 0.026616892857506
2461.440724253650000	 0.026599791738606
2461.673682868480000	 0.026592686268749
2461.906641483310000	 0.026595185222914
2462.139600098130000	 0.026598400821547
2462.372558712960000	 0.026590384719517
2462.605517327790000	 0.026564314269590
2462.838475942610000	 0.026524249163439
2463.071434557440000	 0.026484554608712
2463.304393172260000	 0.026462872322347
2463.537351787090000	 0.026470454627130
2463.770310401920000	 0.026505458888842
2464.003269016740000	 0.026553385115294
2464.236227631570000	 0.026594838227597
2464.469186246390000	 0.026616366692550
2464.702144861220000	 0.026618026780309
2464.935103476050000	 0.026613051199804
2465.168062090870000	 0.026619562209110
2465.401020705700000	 0.026648902523386
2465.633979320530000	 0.026697257626756
2465.866937935350000	 0.026745671999975
2466.099896550180000	 0.026769004091005
2466.332855165000000	 0.026749193892317
2466.565813779830000	 0.026685514877273
2466.798772394660000	 0.026596039787398
2467.031731009480000	 0.026509419418641
2467.264689624310000	 0.026451310419929
2467.497648239140000	 0.026432556994638
2467.730606853960000	 0.026445233454767
2467.963565468790000	 0.026468412063589
2468.196524083610000	 0.026480206213461
2468.429482698440000	 0.026469275225218
2468.662441313270000	 0.026439617265182
2468.895399928090000	 0.026406619609877
2469.128358542920000	 0.026387317052224
2469.361317157750000	 0.026390773373365
2469.594275772570000	 0.026414006786887
2469.827234387400000	 0.026445348325532
2470.060193002220000	 0.026472582588708
2470.293151617050000	 0.026490411483543
2470.526110231880000	 0.026502478951629
2470.759068846700000	 0.026516875125211
2470.992027461530000	 0.026538275231188
2471.224986076360000	 0.026562068954752
2471.457944691180000	 0.026574726933503
2471.690903306010000	 0.026560819096379
2471.923861920830000	 0.026512768946302
2472.156820535660000	 0.026437355124310
2472.389779150490000	 0.026354613699631
2472.622737765310000	 0.026289166898660
2472.855696380140000	 0.026258437259849
2473.088654994960000	 0.026264179348134
2473.321613609790000	 0.026292174781018
2473.554572224620000	 0.026320491841425
2473.787530839440000	 0.026331763878348
2474.020489454270000	 0.026322483622205
2474.253448069100000	 0.026304010562636
2474.486406683920000	 0.026294828373611
2474.719365298750000	 0.026308617951395
2474.952323913570000	 0.026345094941327
2475.185282528400000	 0.026389049861509
2475.418241143230000	 0.026418366297739
2475.651199758050000	 0.026416491426735
2475.884158372880000	 0.026382074445363
2476.117116987710000	 0.026330076699272
2476.350075602530000	 0.026283606477002
2476.583034217360000	 0.026261023930724
2476.815992832180000	 0.026265546830644
2477.048951447010000	 0.026283285363618
2477.281910061840000	 0.026290969446311
2477.514868676660000	 0.026269081573362
2477.747827291490000	 0.026212953856363
2477.980785906310000	 0.026135626621872
2478.213744521140000	 0.026061065719954
2478.446703135970000	 0.026011718183760
2478.679661750790000	 0.025997361767270
2478.912620365620000	 0.026011321805972
2479.145578980450000	 0.026035886962005
2479.378537595270000	 0.026053438254829
2479.611496210100000	 0.026056552333996
2479.844454824920000	 0.026051197041115
2480.077413439750000	 0.026051488341613
2480.310372054580000	 0.026069533771200
2480.543330669400000	 0.026106700729574
2480.776289284230000	 0.026151733975287
2481.009247899060000	 0.026187018702661
2481.242206513880000	 0.026199270478323
2481.475165128710000	 0.026188109040774
2481.708123743530000	 0.026167189326813
2481.941082358360000	 0.026157020423896
2482.174040973190000	 0.026173500749431
2482.406999588010000	 0.026218724267688
2482.639958202840000	 0.026279423368385
2482.872916817670000	 0.026334085754659
2483.105875432490000	 0.026364668165057
2483.338834047320000	 0.026366040610903
2483.571792662140000	 0.026347685500133
2483.804751276970000	 0.026326862415346
2484.037709891800000	 0.026317483534864
2484.270668506620000	 0.026321415356877
2484.503627121450000	 0.026327516952870
2484.736585736270000	 0.026319167762239
2484.969544351100000	 0.026285842755675
2485.202502965930000	 0.026231633322926
2485.435461580750000	 0.026175274792705
2485.668420195580000	 0.026141217843675
2485.901378810410000	 0.026146533092541
2486.134337425230000	 0.026191001846998
2486.367296040060000	 0.026256242289805
2486.600254654880000	 0.026314811821631
2486.833213269710000	 0.026344487193731
2487.066171884540000	 0.026339773066619
2487.299130499360000	 0.026314201097360
2487.532089114190000	 0.026292239266676
2487.765047729020000	 0.026295426512030
2487.998006343840000	 0.026330455120196
2488.230964958670000	 0.026385790346492
2488.463923573490000	 0.026438632978450
2488.696882188320000	 0.026468133407344
2488.929840803150000	 0.026467192620598
2489.162799417970000	 0.026446156749223
2489.395758032800000	 0.026426551412701
2489.628716647630000	 0.026428684037817
2489.861675262450000	 0.026460257900120
2490.094633877280000	 0.026512422245750
2490.327592492100000	 0.026565351308930
2490.560551106930000	 0.026599866928802
2490.793509721760000	 0.026608102004577
2491.026468336580000	 0.026596953740338
2491.259426951410000	 0.026582548446992
2491.492385566230000	 0.026579280690743
2491.725344181060000	 0.026590096262144
2491.958302795890000	 0.026603922588444
2492.191261410710000	 0.026601942778569
2492.424220025540000	 0.026569103435843
2492.657178640370000	 0.026504035879321
2492.890137255190000	 0.026421490567071
2493.123095870020000	 0.026345799380199
2493.356054484840000	 0.026299025779117
2493.589013099670000	 0.026290414921617
2493.821971714500000	 0.026312983792766
2494.054930329320000	 0.026348994454913
2494.287888944150000	 0.026380865566871
2494.520847558970000	 0.026400910230258
2494.753806173800000	 0.026414171613539
2494.986764788630000	 0.026432962726873
2495.219723403450000	 0.026466750754906
2495.452682018280000	 0.026513807747959
2495.685640633110000	 0.026560049616460
2495.918599247930000	 0.026586210142238
2496.151557862760000	 0.026579342928177
2496.384516477580000	 0.026541775316606
2496.617475092410000	 0.026491932617908
2496.850433707240000	 0.026456090418536
2497.083392322060000	 0.026455270096133
2497.316350936890000	 0.026494302192598
2497.549309551720000	 0.026559077922709
2497.782268166540000	 0.026623619474071
2498.015226781370000	 0.026663122011415
2498.248185396190000	 0.026665784337697
2498.481144011020000	 0.026637147972902
2498.714102625850000	 0.026595146328443
2498.947061240670000	 0.026559276665364
2499.180019855500000	 0.026540298424940
2499.412978470330000	 0.026536177485680
2499.645937085150000	 0.026536114768790
2499.878895699980000	 0.026529609875153
2500.111854314800000	 0.026514554145053
2500.344812929630000	 0.026499180973279
2500.577771544460000	 0.026496707675476
2500.810730159280000	 0.026516089624525
2501.043688774110000	 0.026554748731093
2501.276647388940000	 0.026598073114884
2501.509606003760000	 0.026626459438168
2501.742564618590000	 0.026625978081633
2501.975523233410000	 0.026596329910876
2502.208481848240000	 0.026551269732080
2502.441440463070000	 0.026511137341785
2502.674399077890000	 0.026491766082357
2502.907357692720000	 0.026496161715939
2503.140316307540000	 0.026513811604104
2503.373274922370000	 0.026528058926065
2503.606233537200000	 0.026527105479081
2503.839192152020000	 0.026511896711951
2504.072150766850000	 0.026495974767874
2504.305109381680000	 0.026497237611003
2504.538067996500000	 0.026526423960384
2504.771026611330000	 0.026579242392342
2505.003985226150000	 0.026637191434330
2505.236943840980000	 0.026677152473460
2505.469902455810000	 0.026684493167699
2505.702861070630000	 0.026661996911300
2505.935819685460000	 0.026629118965917
2506.168778300290000	 0.026611570657827
2506.401736915110000	 0.026626760925439
2506.634695529940000	 0.026673128785945
2506.867654144760000	 0.026729553207018
2507.100612759590000	 0.026765637610911
2507.333571374420000	 0.026757530783029
2507.566529989240000	 0.026700679644478
2507.799488604070000	 0.026612607876697
2508.032447218900000	 0.026524398867018
2508.265405833720000	 0.026465643441562
2508.498364448550000	 0.026450900841396
2508.731323063370000	 0.026474675860482
2508.964281678200000	 0.026517125410041
2509.197240293030000	 0.026556693089346
2509.430198907850000	 0.026582093702388
2509.663157522680000	 0.026596838779826
2509.896116137500000	 0.026614219235911
2510.129074752330000	 0.026646329331535
2510.362033367160000	 0.026694058716551
2510.594991981980000	 0.026744271334743
2510.827950596810000	 0.026776071616159
2511.060909211640000	 0.026772560144521
2511.293867826460000	 0.026731114416037
2511.526826441290000	 0.026666102737556
2511.759785056110000	 0.026602402303353
2511.992743670940000	 0.026563324207629
2512.225702285770000	 0.026559586099453
2512.458660900590000	 0.026585280093714
2512.691619515420000	 0.026622755140728
2512.924578130250000	 0.026653183762441
2513.157536745070000	 0.026666396509883
2513.390495359900000	 0.026664350592703
2513.623453974720000	 0.026656751206603
2513.856412589550000	 0.026652153105830
2514.089371204380000	 0.026650479318780
2514.322329819200000	 0.026641899460143
2514.555288434030000	 0.026612994098574
2514.788247048850000	 0.026556429385098
2515.021205663680000	 0.026477932362997
2515.254164278510000	 0.026395832219604
2515.487122893330000	 0.026332882619156
2515.720081508160000	 0.026304735192064
2515.953040122990000	 0.026311605456416
2516.185998737810000	 0.026338137246064
2516.418957352640000	 0.026361924183088
2516.651915967460000	 0.026366045615973
2516.884874582290000	 0.026348439388888
2517.117833197120000	 0.026322683198813
2517.350791811940000	 0.026309730078614
2517.583750426770000	 0.026325312788169
2517.816709041600000	 0.026370200302882
2518.049667656420000	 0.026428971860375
2518.282626271250000	 0.026478209163518
2518.515584886070000	 0.026499551706601
2518.748543500900000	 0.026490165974743
2518.981502115730000	 0.026464698453419
2519.214460730550000	 0.026447722277245
2519.447419345380000	 0.026460995177488
2519.680377960210000	 0.026512565218076
2519.913336575030000	 0.026593559380893
2520.146295189860000	 0.026684049428171
2520.379253804680000	 0.026764152877302
2520.612212419510000	 0.026823627668597
2520.845171034340000	 0.026864493373099
2521.078129649160000	 0.026895766429725
2521.311088263990000	 0.026924278980187
2521.544046878810000	 0.026947839344047
2521.777005493640000	 0.026955430693940
2522.009964108470000	 0.026934629997307
2522.242922723290000	 0.026881623786105
2522.475881338120000	 0.026807166144130
2522.708839952950000	 0.026733998011511
2522.941798567770000	 0.026686316594153
2523.174757182600000	 0.026676785809044
2523.407715797420000	 0.026698511127998
2523.640674412250000	 0.026727186460529
2523.873633027080000	 0.026733174875750
2524.106591641900000	 0.026697484491045
2524.339550256730000	 0.026622980216171
2524.572508871560000	 0.026534536512288
2524.805467486380000	 0.026467795594421
2525.038426101210000	 0.026452247676310
2525.271384716030000	 0.026497286959503
2525.504343330860000	 0.026588325134941
2525.737301945690000	 0.026694714619136
2525.970260560510000	 0.026784871553014
2526.203219175340000	 0.026840230783523
2526.436177790160000	 0.026860798405945
2526.669136404990000	 0.026860257163242
2526.902095019820000	 0.026854528995929
2527.135053634640000	 0.026851027050697
2527.368012249470000	 0.026844918450283
2527.600970864300000	 0.026824221610357
2527.833929479120000	 0.026780066853364
2528.066888093950000	 0.026715275893717
2528.299846708770000	 0.026645550704170
2528.532805323600000	 0.026592205869926
2528.765763938430000	 0.026570593438598
2528.998722553250000	 0.026581118300894
2529.231681168080000	 0.026608493772490
2529.464639782910000	 0.026630217567943
2529.697598397730000	 0.026629717599040
2529.930557012560000	 0.026606595845682
2530.163515627380000	 0.026577876894726
2530.396474242210000	 0.026569242411866
2530.629432857040000	 0.026600846888044
2530.862391471860000	 0.026675371917563
2531.095350086690000	 0.026774912591733
2531.328308701520000	 0.026868574257064
2531.561267316340000	 0.026926758782854
2531.794225931170000	 0.026934477516001
2532.027184545990000	 0.026896869263716
2532.260143160820000	 0.026834740200725
2532.493101775650000	 0.026773394809102
2532.726060390470000	 0.026731225739630
2532.959019005300000	 0.026713995634186
2533.191977620120000	 0.026716982892338
2533.424936234950000	 0.026732362871824
2533.657894849780000	 0.026756241770323
2533.890853464600000	 0.026790487118297
2534.123812079430000	 0.026838335511010
2534.356770694260000	 0.026897151428735
2534.589729309080000	 0.026953904403623
2534.822687923910000	 0.026987549000645
2535.055646538730000	 0.026978214415840
2535.288605153560000	 0.026918463724833
2535.521563768390000	 0.026819903670148
2535.754522383210000	 0.026710573329087
2535.987480998040000	 0.026623563444397
2536.220439612870000	 0.026582247155696
2536.453398227690000	 0.026589637258976
2536.686356842520000	 0.026627563354208
2536.919315457340000	 0.026666333634591
2537.152274072170000	 0.026679870980614
2537.385232687000000	 0.026658302187214
2537.618191301820000	 0.026611542658500
2537.851149916650000	 0.026562550394633
2538.084108531480000	 0.026534490260955
2538.317067146300000	 0.026539012194054
2538.550025761130000	 0.026571826732982
2538.782984375950000	 0.026617409220717
2539.015942990780000	 0.026659379464523
2539.248901605610000	 0.026689990433625
2539.481860220430000	 0.026713114923914
2539.714818835260000	 0.026739413724060
2539.947777450080000	 0.026777212809732
2540.180736064910000	 0.026825132478849
2540.413694679740000	 0.026871337870849
2540.646653294560000	 0.026900115445525
2540.879611909390000	 0.026901775627272
2541.112570524220000	 0.026879600688005
2541.345529139040000	 0.026849228340866
2541.578487753870000	 0.026830426068781
2541.811446368690000	 0.026835834753459
2542.044404983520000	 0.026863251485879
2542.277363598350000	 0.026896229708947
2542.510322213170000	 0.026913057208882
2542.743280828000000	 0.026899144927538
2542.976239442830000	 0.026855625940990
2543.209198057650000	 0.026799043311680
2543.442156672480000	 0.026752144052650
2543.675115287300000	 0.026730914787355
2543.908073902130000	 0.026735238131762
2544.141032516960000	 0.026748695451416
2544.373991131780000	 0.026747951252145
2544.606949746610000	 0.026716563921333
2544.839908361430000	 0.026655331171868
2545.072866976260000	 0.026583163141891
2545.305825591090000	 0.026527807889182
2545.538784205910000	 0.026511356507867
2545.771742820740000	 0.026538307984091
2546.004701435570000	 0.026592665412372
2546.237660050390000	 0.026645687345116
2546.470618665220000	 0.026670065803742
2546.703577280040000	 0.026652835451196
2546.936535894870000	 0.026600333247375
2547.169494509700000	 0.026533243202041
2547.402453124520000	 0.026475191826493
2547.635411739350000	 0.026441482897621
2547.868370354180000	 0.026433921353715
2548.101328969000000	 0.026443802786944
2548.334287583830000	 0.026460261344918
2548.567246198650000	 0.026478185175138
2548.800204813480000	 0.026500637819445
2549.033163428310000	 0.026534563665401
2549.266122043130000	 0.026582972360836
2549.499080657960000	 0.026639103753609
2549.732039272790000	 0.026686940332740
2549.964997887610000	 0.026708481401057
2550.197956502440000	 0.026693770061139
2550.430915117260000	 0.026647608351705
2550.663873732090000	 0.026588615001024
2550.896832346920000	 0.026540689987883
2551.129790961740000	 0.026521347722081
2551.362749576570000	 0.026533278929731
2551.595708191390000	 0.026563860034047
2551.828666806220000	 0.026592926485746
2552.061625421050000	 0.026604361656290
2552.294584035870000	 0.026594825268143
2552.527542650700000	 0.026574719642383
2552.760501265530000	 0.026561133205457
2552.993459880350000	 0.026567144637565
2553.226418495180000	 0.026593889394762
2553.459377110000000	 0.026630133256251
2553.692335724830000	 0.026659643829690
2553.925294339660000	 0.026671899296736
2554.158252954480000	 0.026669541886219
2554.391211569310000	 0.026667881517573
2554.624170184140000	 0.026686484804727
2554.857128798960000	 0.026737551841254
2555.090087413790000	 0.026817748635256
2555.323046028610000	 0.026908365550183
2555.556004643440000	 0.026984002122321
2555.788963258270000	 0.027025008504797
2556.021921873090000	 0.027026673708754
2556.254880487920000	 0.027000107022812
2556.487839102750000	 0.026964650500789
2556.720797717570000	 0.026936469002591
2556.953756332400000	 0.026919989985297
2557.186714947220000	 0.026907096261004
2557.419673562050000	 0.026884378395170
2557.652632176880000	 0.026843895295114
2557.885590791700000	 0.026790713619938
2558.118549406530000	 0.026742409266518
2558.351508021350000	 0.026720510122087
2558.584466636180000	 0.026738617675278
2558.817425251010000	 0.026793984559222
2559.050383865830000	 0.026867550896781
2559.283342480660000	 0.026932737615655
2559.516301095490000	 0.026968244866381
2559.749259710310000	 0.026967762779047
2559.982218325140000	 0.026941374692620
2560.215176939960000	 0.026908301254312
2560.448135554790000	 0.026885494187130
2560.681094169620000	 0.026878715273044
2560.914052784440000	 0.026881079088997
2561.147011399270000	 0.026879541742193
2561.379970014100000	 0.026865030423126
2561.612928628920000	 0.026839739877719
2561.845887243750000	 0.026816955927244
2562.078845858570000	 0.026813408420368
2562.311804473400000	 0.026838728022674
2562.544763088230000	 0.026888442009674
2562.777721703050000	 0.026945045786286
2563.010680317880000	 0.026986990122510
2563.243638932700000	 0.027000578746012
2563.476597547530000	 0.026987789688624
2563.709556162360000	 0.026965266916766
2563.942514777180000	 0.026954810990808
2564.175473392010000	 0.026970581951360
2564.408432006840000	 0.027010202706767
2564.641390621660000	 0.027054959597272
2564.874349236490000	 0.027079298658577
2565.107307851310000	 0.027064507963017
2565.340266466140000	 0.027009021309647
2565.573225080970000	 0.026929722881622
2565.806183695790000	 0.026853721361159
2566.039142310620000	 0.026805228905893
2566.272100925450000	 0.026794634584792
2566.505059540270000	 0.026815447768692
2566.738018155100000	 0.026850294177945
2566.970976769920000	 0.026882026386245
2567.203935384750000	 0.026903267198490
2567.436893999580000	 0.026918994805885
2567.669852614400000	 0.026941170210791
2567.902811229230000	 0.026979117221080
2568.135769844060000	 0.027031695796624
2568.368728458880000	 0.027086079918057
2568.601687073710000	 0.027123910745827
2568.834645688530000	 0.027131097678163
2569.067604303360000	 0.027105355083269
2569.300562918190000	 0.027057061864220
2569.533521533010000	 0.027003158913787
2569.766480147840000	 0.026957915259798
2569.999438762660000	 0.026926104602850
2570.232397377490000	 0.026902554420253
2570.465355992320000	 0.026878073510680
2570.698314607140000	 0.026847747606430
2570.931273221970000	 0.026816051207057
2571.164231836800000	 0.026795218442410
2571.397190451620000	 0.026797591912224
2571.630149066450000	 0.026826562875860
2571.863107681270000	 0.026871911210730
2572.096066296100000	 0.026913081222091
2572.329024910930000	 0.026929316073570
2572.561983525750000	 0.026911246980711
2572.794942140580000	 0.026867246123319
2573.027900755410000	 0.026820570444789
2573.260859370230000	 0.026798429408525
2573.493817985060000	 0.026818600147667
2573.726776599880000	 0.026880648223487
2573.959735214710000	 0.026966442789700
2574.192693829540000	 0.027049630835118
2574.425652444360000	 0.027108747230890
2574.658611059190000	 0.027136659623218
2574.891569674020000	 0.027141359472891
2575.124528288840000	 0.027138249917955
2575.357486903670000	 0.027138911045979
2575.590445518490000	 0.027143145840854
2575.823404133320000	 0.027139038667394
2576.056362748150000	 0.027110961985903
2576.289321362970000	 0.027050661122021
2576.522279977800000	 0.026964635416957
2576.755238592620000	 0.026873223405967
2576.988197207450000	 0.026801686565643
2577.221155822280000	 0.026768205184107
2577.454114437100000	 0.026775478626100
2577.687073051930000	 0.026810645668968
2577.920031666760000	 0.026853538449543
2578.152990281580000	 0.026888453239239
2578.385948896410000	 0.026912573607617
2578.618907511230000	 0.026936238322469
2578.851866126060000	 0.026975109349679
2579.084824740890000	 0.027038996596866
2579.317783355710000	 0.027123980261059
2579.550741970540000	 0.027212565106060
2579.783700585370000	 0.027281946885996
2580.016659200190000	 0.027315694548392
2580.249617815020000	 0.027312135200633
2580.482576429840000	 0.027284730731295
2580.715535044670000	 0.027254444902398
2580.948493659500000	 0.027238624839201
2581.181452274320000	 0.027242721403173
2581.414410889150000	 0.027259360164676
2581.647369503970000	 0.027274892035471
2581.880328118800000	 0.027279114417747
2582.113286733630000	 0.027272060652124
2582.346245348450000	 0.027263732942668
2582.579203963280000	 0.027267103682751
2582.812162578110000	 0.027288860326050
2583.045121192930000	 0.027323795704501
2583.278079807760000	 0.027356637606938
2583.511038422580000	 0.027370609199347
2583.743997037410000	 0.027357743792701
2583.976955652240000	 0.027324649216490
2584.209914267060000	 0.027289965111331
2584.442872881890000	 0.027274612839113
2584.675831496720000	 0.027290181184932
2584.908790111540000	 0.027332028250414
2585.141748726370000	 0.027381207325243
2585.374707341190000	 0.027414383790242
2585.607665956020000	 0.027416245684641
2585.840624570850000	 0.027387377547797
2586.073583185670000	 0.027343200537072
2586.306541800500000	 0.027304759781049
2586.539500415330000	 0.027286759598022
2586.772459030150000	 0.027289740563829
2587.005417644980000	 0.027300887634161
2587.238376259800000	 0.027302929873951
2587.471334874630000	 0.027285763775763
2587.704293489460000	 0.027253746289273
2587.937252104280000	 0.027224167062967
2588.170210719110000	 0.027217630524216
2588.403169333930000	 0.027245825522701
2588.636127948760000	 0.027303780774455
2588.869086563590000	 0.027371318440656
2589.102045178410000	 0.027423231369431
2589.335003793240000	 0.027442586432829
2589.567962408070000	 0.027429599260415
2589.800921022890000	 0.027401020840809
2590.033879637720000	 0.027380396141726
2590.266838252540000	 0.027384677419274
2590.499796867370000	 0.027414686283111
2590.732755482200000	 0.027454792154982
2590.965714097020000	 0.027482007857626
2591.198672711850000	 0.027479314718622
2591.431631326680000	 0.027445599504541
2591.664589941500000	 0.027396610121574
2591.897548556330000	 0.027356519695678
2592.130507171150000	 0.027344919095855
2592.363465785980000	 0.027366475149913
2592.596424400810000	 0.027408911111392
2592.829383015630000	 0.027450259548978
2593.062341630460000	 0.027471089041385
2593.295300245290000	 0.027464681991889
2593.528258860110000	 0.027439569432641
2593.761217474940000	 0.027413423768678
2593.994176089760000	 0.027402232103975
2594.227134704590000	 0.027411150442397
2594.460093319420000	 0.027432235301386
2594.693051934240000	 0.027450108675809
2594.926010549070000	 0.027451910993483
2595.158969163890000	 0.027435443606610
2595.391927778720000	 0.027410671107710
2595.624886393550000	 0.027393849799981
2595.857845008370000	 0.027397910074740
2596.090803623200000	 0.027424840025569
2596.323762238030000	 0.027464575813672
2596.556720852850000	 0.027501019195044
2596.789679467680000	 0.027521519203553
2597.022638082500000	 0.027524086017120
2597.255596697330000	 0.027518046957840
2597.488555312160000	 0.027517855580557
2597.721513926980000	 0.027533844142010
2597.954472541810000	 0.027565504487607
2598.187431156640000	 0.027601406004361
2598.420389771460000	 0.027625923297371
2598.653348386290000	 0.027628820275760
2598.886307001110000	 0.027611951375477
2599.119265615940000	 0.027589029344189
2599.352224230770000	 0.027578494967469
2599.585182845590000	 0.027593526752122
2599.818141460420000	 0.027634879862058
2600.051100075240000	 0.027690649496766
2600.284058690070000	 0.027743063063608
2600.517017304900000	 0.027778282384956
2600.749975919720000	 0.027793450113297
2600.982934534550000	 0.027796946603447
2601.215893149380000	 0.027801920080027
2601.448851764200000	 0.027817109077709
2601.681810379030000	 0.027840534289462
2601.914768993850000	 0.027859953629071
2602.147727608680000	 0.027859964660097
2602.380686223510000	 0.027831601591473
2602.613644838330000	 0.027778683649011
2602.846603453160000	 0.027717045654183
2603.079562067990000	 0.027666938247930
2603.312520682810000	 0.027642822073530
2603.545479297640000	 0.027646292229987
2603.778437912460000	 0.027666149210940
2604.011396527290000	 0.027685579082457
2604.244355142120000	 0.027692280331418
2604.477313756940000	 0.027685655264705
2604.710272371770000	 0.027676951001282
2604.943230986600000	 0.027682377084472
2605.176189601420000	 0.027713254488565
2605.409148216250000	 0.027768910144482
2605.642106831070000	 0.027836448241928
2605.875065445900000	 0.027897557133505
2606.108024060730000	 0.027938391030893
2606.340982675550000	 0.027956777266929
2606.573941290380000	 0.027962642581914
2606.806899905200000	 0.027971553152935
2607.039858520030000	 0.027995191692125
2607.272817134860000	 0.028034258799420
2607.505775749680000	 0.028077842314632
2607.738734364510000	 0.028109555504350
2607.971692979340000	 0.028116817968657
2608.204651594160000	 0.028097885922847
2608.437610208990000	 0.028062693653390
2608.670568823810000	 0.028027262900238
2608.903527438640000	 0.028005091341431
2609.136486053470000	 0.028000487527536
2609.369444668290000	 0.028007512825616
2609.602403283120000	 0.028014811784540
2609.835361897950000	 0.028013128066096
2610.068320512770000	 0.028000827628565
2610.301279127600000	 0.027984183278654
2610.534237742420000	 0.027972543319256
2610.767196357250000	 0.027971675879340
2611.000154972080000	 0.027979663645296
2611.233113586900000	 0.027988115556390
2611.466072201730000	 0.027988096335770
2611.699030816560000	 0.027977073277118
2611.931989431380000	 0.027962324546449
2612.164948046210000	 0.027958263206745
2612.397906661030000	 0.027978790685475
2612.630865275860000	 0.028028896357823
2612.863823890690000	 0.028100450073369
2613.096782505510000	 0.028175000549486
2613.329741120340000	 0.028232470992654
2613.562699735160000	 0.028261147082569
2613.795658349990000	 0.028263435639922
2614.028616964820000	 0.028254175878211
2614.261575579640000	 0.028252434221152
2614.494534194470000	 0.028271285588377
2614.727492809300000	 0.028311129475046
2614.960451424120000	 0.028360084141691
2615.193410038950000	 0.028401021109223
2615.426368653770000	 0.028421060369078
2615.659327268600000	 0.028418054977068
2615.892285883430000	 0.028400528790070
2616.125244498250000	 0.028381459905914
2616.358203113080000	 0.028369851561324
2616.591161727910000	 0.028365203684756
2616.824120342730000	 0.028358199188501
2617.057078957560000	 0.028337181360373
2617.290037572380000	 0.028296488509626
2617.522996187210000	 0.028241554560609
2617.755954802040000	 0.028187590428678
2617.988913416860000	 0.028152432531001
2618.221872031690000	 0.028147530100850
2618.454830646510000	 0.028172143285517
2618.687789261340000	 0.028214043509512
2618.920747876170000	 0.028256303251560
2619.153706490990000	 0.028286242777782
2619.386665105820000	 0.028301396681257
2619.619623720650000	 0.028309219222651
2619.852582335470000	 0.028320981563885
2620.085540950300000	 0.028343668051066
2620.318499565120000	 0.028374761213506
2620.551458179950000	 0.028403055058965
2620.784416794780000	 0.028415038396721
2621.017375409600000	 0.028403028239971
2621.250334024430000	 0.028370160789524
2621.483292639260000	 0.028329235082543
2621.716251254080000	 0.028296054431454
2621.949209868910000	 0.028281117472976
2622.182168483730000	 0.028284459235515
2622.415127098560000	 0.028296624722965
2622.648085713390000	 0.028305165535182
2622.881044328210000	 0.028302742461385
2623.114002943040000	 0.028291917174886
2623.346961557870000	 0.028283680927779
2623.579920172690000	 0.028290494498446
2623.812878787520000	 0.028317879641141
2624.045837402340000	 0.028359560407390
2624.278796017170000	 0.028399262439596
2624.511754632000000	 0.028418527815938
2624.744713246820000	 0.028406391273702
2624.977671861650000	 0.028365589253637
2625.210630476470000	 0.028311865998473
2625.443589091300000	 0.028266736220769
2625.676547706130000	 0.028247545747463
2625.909506320950000	 0.028259979904070
2626.142464935780000	 0.028296704034080
2626.375423550610000	 0.028342414171495
2626.608382165430000	 0.028382115039375
2626.841340780260000	 0.028407915326751
2627.074299395080000	 0.028420883535556
2627.307258009910000	 0.028427649478087
2627.540216624740000	 0.028434485751663
2627.773175239560000	 0.028442807246202
2628.006133854390000	 0.028448819012711
2628.239092469220000	 0.028447240771530
2628.472051084040000	 0.028436372543512
2628.705009698870000	 0.028420905273565
2628.937968313690000	 0.028410353338812
2629.170926928520000	 0.028413824633626
2629.403885543350000	 0.028434261030236
2629.636844158170000	 0.028465806874638
2629.869802773000000	 0.028496243723127
2630.102761387830000	 0.028513411099823
2630.335720002650000	 0.028512008081672
2630.568678617480000	 0.028496752736535
2630.801637232300000	 0.028479906187074
2631.034595847130000	 0.028474434454262
2631.267554461960000	 0.028486644923710
2631.500513076780000	 0.028512528272955
2631.733471691610000	 0.028540017640465
2631.966430306430000	 0.028556020973939
2632.199388921260000	 0.028554288601523
2632.432347536090000	 0.028539627895122
2632.665306150910000	 0.028526034190411
2632.898264765740000	 0.028529737554149
2633.131223380570000	 0.028560970643625
2633.364181995390000	 0.028618906099425
2633.597140610220000	 0.028692384920640
2633.830099225040000	 0.028765785254013
2634.063057839870000	 0.028826531678930
2634.296016454700000	 0.028870003655269
2634.528975069520000	 0.028899377794207
2634.761933684350000	 0.028921069648222
2634.994892299180000	 0.028939001667638
2635.227850914000000	 0.028951445965331
2635.460809528830000	 0.028952436533700
2635.693768143650000	 0.028936780527395
2635.926726758480000	 0.028905327276346
2636.159685373310000	 0.028866876816518
2636.392643988130000	 0.028835127247607
2636.625602602960000	 0.028822118233001
2636.858561217780000	 0.028831867647594
2637.091519832610000	 0.028857992681719
2637.324478447440000	 0.028886947935399
2637.557437062260000	 0.028905270086353
2637.790395677090000	 0.028906786230096
2638.023354291920000	 0.028895657202986
2638.256312906740000	 0.028883513496331
2638.489271521570000	 0.028882373850928
2638.722230136400000	 0.028897486356781
2638.955188751220000	 0.028924300627967
2639.188147366050000	 0.028951409658108
2639.421105980870000	 0.028967786696171
2639.654064595700000	 0.028970016597426
2639.887023210530000	 0.028965105487106
2640.119981825350000	 0.028966978763805
2640.352940440180000	 0.028988452993003
2640.585899055000000	 0.029033156797899
2640.818857669830000	 0.029092068348839
2641.051816284660000	 0.029146889437229
2641.284774899480000	 0.029178675259674
2641.517733514310000	 0.029177122242132
2641.750692129140000	 0.029145491857888
2641.983650743960000	 0.029098596477905
2642.216609358790000	 0.029055120173370
2642.449567973610000	 0.029028569139779
2642.682526588440000	 0.029021723887931
2642.915485203270000	 0.029027363356560
2643.148443818090000	 0.029034431387957
2643.381402432920000	 0.029035748902513
2643.614361047740000	 0.029032633510179
2643.847319662570000	 0.029033791228847
2644.080278277400000	 0.029049331885931
2644.313236892220000	 0.029083639188011
2644.546195507050000	 0.029131468049113
2644.779154121880000	 0.029179723131640
2645.012112736700000	 0.029213996703723
2645.245071351530000	 0.029226085151789
2645.478029966350000	 0.029218099790070
2645.710988581180000	 0.029200813776792
2645.943947196010000	 0.029187283457763
2646.176905810830000	 0.029185512112199
2646.409864425660000	 0.029194432942819
2646.642823040490000	 0.029205512901452
2646.875781655310000	 0.029208939656666
2647.108740270140000	 0.029200594779391
2647.341698884960000	 0.029185517883944
2647.574657499790000	 0.029175658751921
2647.807616114620000	 0.029183128024334
2648.040574729440000	 0.029212863649832
2648.273533344270000	 0.029259074730200
2648.506491959100000	 0.029307734161597
2648.739450573920000	 0.029343902330026
2648.972409188750000	 0.029359778737558
2649.205367803570000	 0.029358850479666
2649.438326418400000	 0.029353700444014
2649.671285033230000	 0.029358655312950
2649.904243648050000	 0.029381391550613
2650.137202262880000	 0.029418238697690
2650.370160877700000	 0.029455883356464
2650.603119492530000	 0.029478582688740
2650.836078107360000	 0.029476861352787
2651.069036722180000	 0.029452828802489
2651.301995337010000	 0.029419208312483
2651.534953951840000	 0.029392726267634
2651.767912566660000	 0.029385603102188
2652.000871181490000	 0.029399827300580
2652.233829796310000	 0.029427224827500
2652.466788411140000	 0.029455007872876
2652.699747025970000	 0.029473390825777
2652.932705640790000	 0.029480806640163
2653.165664255620000	 0.029483838440140
2653.398622870450000	 0.029492185487859
2653.631581485270000	 0.029511882093962
2653.864540100100000	 0.029540936725457
2654.097498714920000	 0.029570062007744
2654.330457329750000	 0.029588096281768
2654.563415944580000	 0.029588870186771
2654.796374559400000	 0.029575364141598
2655.029333174230000	 0.029558584896158
2655.262291789050000	 0.029551683252043
2655.495250403880000	 0.029562606059396
2655.728209018710000	 0.029589457966286
2655.961167633530000	 0.029621259095754
2656.194126248360000	 0.029643740644422
2656.427084863190000	 0.029646949209613
2656.660043478010000	 0.029630424270696
2656.893002092840000	 0.029603157821705
2657.125960707660000	 0.029578532699846
2657.358919322490000	 0.029567199922556
2657.591877937320000	 0.029571870064843
2657.824836552140000	 0.029586766029179
2658.057795166970000	 0.029601746270747
2658.290753781800000	 0.029608442034738
2658.523712396620000	 0.029604727983074
2658.756671011450000	 0.029595036773174
2658.989629626270000	 0.029586635070239
2659.222588241100000	 0.029584388098993
2659.455546855930000	 0.029587351594306
2659.688505470750000	 0.029589321927053
2659.921464085580000	 0.029582986454232
2660.154422700410000	 0.029565047971785
2660.387381315230000	 0.029539052677522
2660.620339930060000	 0.029514037217060
2660.853298544880000	 0.029499660171756
2661.086257159710000	 0.029500641765436
2661.319215774540000	 0.029513826326367
2661.552174389360000	 0.029529704742750
2661.785133004190000	 0.029537615374223
2662.018091619010000	 0.029531621024178
2662.251050233840000	 0.029513609598231
2662.484008848670000	 0.029491797070395
2662.716967463490000	 0.029475538917758
2662.949926078320000	 0.029469549987773
2663.182884693150000	 0.029471015313615
2663.415843307970000	 0.029471407880086
2663.648801922800000	 0.029462034624800
2663.881760537620000	 0.029440035306123
2664.114719152450000	 0.029411173519803
2664.347677767280000	 0.029387568008864
2664.580636382100000	 0.029381452225910
2664.813594996930000	 0.029398401187581
2665.046553611760000	 0.029433883718782
2665.279512226580000	 0.029475221011239
2665.512470841410000	 0.029508004463147
2665.745429456230000	 0.029523456922356
2665.978388071060000	 0.029522644664462
2666.211346685890000	 0.029515237544769
2666.444305300710000	 0.029513612788858
2666.677263915540000	 0.029525701432965
2666.910222530370000	 0.029550630988614
2667.143181145190000	 0.029579578971973
2667.376139760020000	 0.029601235927671
2667.609098374840000	 0.029608607373159
2667.842056989670000	 0.029603140174343
2668.075015604500000	 0.029593780712670
2668.307974219320000	 0.029591564389729
2668.540932834150000	 0.029602928605799
2668.773891448980000	 0.029625666342188
2669.006850063800000	 0.029649903129749
2669.239808678630000	 0.029663551017792
2669.472767293450000	 0.029659061511085
2669.705725908280000	 0.029637541258213
2669.938684523110000	 0.029607869639735
2670.171643137930000	 0.029581398295637
2670.404601752760000	 0.029565370920891
2670.637560367580000	 0.029558918793717
2670.870518982410000	 0.029553969970600
2671.103477597240000	 0.029540514512619
2671.336436212060000	 0.029513076060908
2671.569394826890000	 0.029474514631535
2671.802353441720000	 0.029434875381092
2672.035312056540000	 0.029405932067171
2672.268270671370000	 0.029394609329409
2672.501229286190000	 0.029399151139641
2672.734187901020000	 0.029410338931928
2672.967146515850000	 0.029417111206685
2673.200105130670000	 0.029413299828267
2673.433063745500000	 0.029401475017576
2673.666022360320000	 0.029391550750481
2673.898980975150000	 0.029394857639275
2674.131939589980000	 0.029417050539587
2674.364898204800000	 0.029453971174043
2674.597856819630000	 0.029492990885654
2674.830815434460000	 0.029519262856326
2675.063774049280000	 0.029523463136982
2675.296732664110000	 0.029506685375844
2675.529691278930000	 0.029479737982334
2675.762649893760000	 0.029457230255363
2675.995608508590000	 0.029449713657519
2676.228567123410000	 0.029458186736645
2676.461525738240000	 0.029473937009208
2676.694484353070000	 0.029483711363966
2676.927442967890000	 0.029477239869950
2677.160401582720000	 0.029452894054373
2677.393360197540000	 0.029418439114065
2677.626318812370000	 0.029386676371744
2677.859277427200000	 0.029368582501312
2678.092236042020000	 0.029367788293355
2678.325194656850000	 0.029379304781013
2678.558153271670000	 0.029392890670124
2678.791111886500000	 0.029398826760367
2679.024070501330000	 0.029392656800975
2679.257029116150000	 0.029376332725217
2679.489987730980000	 0.029355528969137
2679.722946345810000	 0.029335190922214
2679.955904960630000	 0.029316299828804
2680.188863575460000	 0.029295893675147
2680.421822190280000	 0.029270198082295
2680.654780805110000	 0.029238653608868
2680.887739419940000	 0.029205986791694
2681.120698034760000	 0.029180680568205
2681.353656649590000	 0.029170495612664
2681.586615264420000	 0.029177649588604
2681.819573879240000	 0.029196673280327
2682.052532494070000	 0.029216530997922
2682.285491108890000	 0.029226094509254
2682.518449723720000	 0.029219966679966
2682.751408338550000	 0.029201282045713
2682.984366953370000	 0.029179763677853
2683.217325568200000	 0.029166033499462
2683.450284183030000	 0.029165365918279
2683.683242797850000	 0.029174477342819
2683.916201412680000	 0.029183293404003
2684.149160027500000	 0.029180808956492
2684.382118642330000	 0.029161754143144
2684.615077257160000	 0.029130238171658
2684.848035871980000	 0.029098214045831
2685.080994486810000	 0.029079513258037
2685.313953101640000	 0.029082669346531
2685.546911716460000	 0.029106422654355
2685.779870331290000	 0.029140322908776
2686.012828946110000	 0.029170030426822
2686.245787560940000	 0.029184342058021
2686.478746175770000	 0.029180123840847
2686.711704790590000	 0.029162683010504
2686.944663405420000	 0.029141788171030
2687.177622020240000	 0.029125941666946
2687.410580635070000	 0.029118283011987
2687.643539249900000	 0.029116299897583
2687.876497864720000	 0.029115105477261
2688.109456479550000	 0.029111867004686
2688.342415094380000	 0.029108364246688
2688.575373709200000	 0.029109966445360
2688.808332324030000	 0.029121687795567
2689.041290938850000	 0.029143923932557
2689.274249553680000	 0.029170790477305
2689.507208168510000	 0.029192454836363
2689.740166783330000	 0.029200354561156
2689.973125398160000	 0.029192256590003
2690.206084012990000	 0.029173994473585
2690.439042627810000	 0.029156575753160
2690.672001242640000	 0.029150089464407
2690.904959857460000	 0.029157840217256
2691.137918472290000	 0.029174200822633
2691.370877087120000	 0.029187689078581
2691.603835701940000	 0.029187776171216
2691.836794316770000	 0.029171641380970
2692.069752931590000	 0.029146920730445
2692.302711546420000	 0.029128637741458
2692.535670161250000	 0.029131737427488
2692.768628776070000	 0.029163137971560
2693.001587390900000	 0.029217592310102
2693.234546005730000	 0.029279681643467
2693.467504620550000	 0.029330965898260
2693.700463235380000	 0.029358506112957
2693.933421850200000	 0.029360275571415
2694.166380465030000	 0.029344793865917
2694.399339079860000	 0.029325549325086
2694.632297694680000	 0.029313550423791
2694.865256309510000	 0.029312164404150
2695.098214924340000	 0.029316891875834
2695.331173539160000	 0.029319781495489
2695.564132153990000	 0.029315506665802
2695.797090768810000	 0.029305279393967
2696.030049383640000	 0.029296236381746
2696.263007998470000	 0.029296760172141
2696.495966613290000	 0.029310678978904
2696.728925228120000	 0.029333988006947
2696.961883842950000	 0.029356265889605
2697.194842457770000	 0.029366162885345
2697.427801072600000	 0.029357853799704
2697.660759687420000	 0.029334689641370
2697.893718302250000	 0.029307862349072
2698.126676917080000	 0.029290754851429
2698.359635531900000	 0.029292097465093
2698.592594146730000	 0.029311712021441
2698.825552761550000	 0.029341146488253
2699.058511376380000	 0.029368714510084
2699.291469991210000	 0.029385954845497
2699.524428606030000	 0.029391796182393
2699.757387220860000	 0.029392176879780
2699.990345835690000	 0.029395602006445
2700.223304450510000	 0.029407472948260
2700.456263065340000	 0.029426650739413
2700.689221680160000	 0.029446293920549
2700.922180294990000	 0.029458389171564
2701.155138909820000	 0.029459129052618
2701.388097524640000	 0.029451771044021
2701.621056139470000	 0.029445158336449
2701.854014754300000	 0.029448731503966
2702.086973369120000	 0.029467001694776
2702.319931983950000	 0.029496826372126
2702.552890598770000	 0.029529199781435
2702.785849213600000	 0.029554565522755
2703.018807828430000	 0.029568480953663
2703.251766443250000	 0.029574171209611
2703.484725058080000	 0.029580330874457
2703.717683672910000	 0.029595380352815
2703.950642287730000	 0.029621566335534
2704.183600902560000	 0.029652524731705
2704.416559517380000	 0.029676018526149
2704.649518132210000	 0.029680555245198
2704.882476747040000	 0.029662218495106
2705.115435361860000	 0.029627765398732
2705.348393976690000	 0.029592065073711
2705.581352591510000	 0.029571108198618
2705.814311206340000	 0.029574298955857
2706.047269821170000	 0.029600173155719
2706.280228435990000	 0.029637822116950
2706.513187050820000	 0.029673139803051
2706.746145665650000	 0.029696328565397
2706.979104280470000	 0.029706471053226
2707.212062895300000	 0.029710768637147
2707.445021510120000	 0.029719163570742
2707.677980124950000	 0.029737672909013
2707.910938739780000	 0.029764410700945
2708.143897354600000	 0.029790635091140
2708.376855969430000	 0.029806169815616
2708.609814584250000	 0.029805947363545
2708.842773199080000	 0.029793754085469
2709.075731813910000	 0.029780915199388
2709.308690428730000	 0.029780616389152
2709.541649043560000	 0.029801070586228
2709.774607658390000	 0.029841387317432
2710.007566273210000	 0.029892440254892
2710.240524888040000	 0.029942138832221
2710.473483502860000	 0.029981969317624
2710.706442117690000	 0.030011003904878
2710.939400732520000	 0.030035174432936
2711.172359347340000	 0.030062463945171
2711.405317962170000	 0.030097064606990
2711.638276577000000	 0.030136109438898
2711.871235191820000	 0.030171007600531
2712.104193806650000	 0.030192608997662
2712.337152421470000	 0.030197052443878
2712.570111036300000	 0.030188671634688
2712.803069651130000	 0.030178060540281
2713.036028265950000	 0.030176285644887
2713.268986880780000	 0.030188559866295
2713.501945495610000	 0.030211114894466
2713.734904110430000	 0.030233256984171
2713.967862725260000	 0.030243613906636
2714.200821340080000	 0.030237086627688
2714.433779954910000	 0.030218515591502
2714.666738569740000	 0.030200889416681
2714.899697184560000	 0.030198986215297
2715.132655799390000	 0.030221877254732
2715.365614414220000	 0.030268342399804
2715.598573029040000	 0.030327627333491
2715.831531643870000	 0.030385004669700
2716.064490258690000	 0.030428958977664
2716.297448873520000	 0.030456038930143
2716.530407488350000	 0.030470937782110
2716.763366103170000	 0.030482204172784
2716.996324718000000	 0.030496439539405
2717.229283332820000	 0.030514524678643
2717.462241947650000	 0.030532016161861
2717.695200562480000	 0.030543223579157
2717.928159177300000	 0.030546196903615
2718.161117792130000	 0.030545311235923
2718.394076406960000	 0.030549657490162
2718.627035021780000	 0.030568071283271
2718.859993636610000	 0.030603755229312
2719.092952251430000	 0.030651811259501
2719.325910866260000	 0.030701367180977
2719.558869481090000	 0.030741272130881
2719.791828095910000	 0.030766148152617
2720.024786710740000	 0.030779276100637
2720.257745325570000	 0.030790589693957
2720.490703940390000	 0.030810880017207
2720.723662555220000	 0.030845508378923
2720.956621170040000	 0.030891233153114
2721.189579784870000	 0.030937994117808
2721.422538399700000	 0.030974644413709
2721.655497014520000	 0.030995324521720
2721.888455629350000	 0.031002813087513
2722.121414244180000	 0.031006983508555
2722.354372859000000	 0.031019345712128
2722.587331473830000	 0.031046874323606
2722.820290088650000	 0.031088662464660
2723.053248703480000	 0.031137228071953
2723.286207318310000	 0.031183527623065
2723.519165933130000	 0.031222537456371
2723.752124547960000	 0.031255982425258
2723.985083162780000	 0.031290593630865
2724.218041777610000	 0.031333039843785
2724.451000392440000	 0.031384730356076
2724.683959007260000	 0.031439820824290
2724.916917622090000	 0.031487868627783
2725.149876236920000	 0.031519750106309
2725.382834851740000	 0.031533362132857
2725.615793466570000	 0.031535604330517
2725.848752081390000	 0.031539241127199
2726.081710696220000	 0.031556223182933
2726.314669311050000	 0.031591154419919
2726.547627925870000	 0.031638609354480
2726.780586540700000	 0.031685886310391
2727.013545155530000	 0.031719681227881
2727.246503770350000	 0.031732883723119
2727.479462385180000	 0.031727632145444
2727.712421000000000	 0.031712980976553
2727.945379614830000	 0.031698693156900
2728.178338229660000	 0.031688915051021
2728.411296844480000	 0.031679552462269
2728.644255459310000	 0.031660999305479
2728.877214074130000	 0.031624675262762
2729.110172688960000	 0.031569464676362
2729.343131303790000	 0.031504077642231
2729.576089918610000	 0.031443669515790
2729.809048533440000	 0.031402387807803
2730.042007148270000	 0.031385926818838
2730.274965763090000	 0.031388298045947
2730.507924377920000	 0.031394765803632
2730.740882992740000	 0.031389455210555
2730.973841607570000	 0.031363458051958
2731.206800222400000	 0.031318947384852
2731.439758837220000	 0.031267085012657
2731.672717452050000	 0.031221022967081
2731.905676066880000	 0.031188031995233
2732.138634681700000	 0.031165234895001
2732.371593296530000	 0.031141359812807
2732.604551911350000	 0.031103494388230
2732.837510526180000	 0.031044955896798
2733.070469141010000	 0.030969773004019
2733.303427755830000	 0.030891256943285
2733.536386370660000	 0.030825515011684
2733.769344985490000	 0.030783561050094
2734.002303600310000	 0.030766368597816
2734.235262215140000	 0.030765463763313
2734.468220829960000	 0.030768465752201
2734.701179444790000	 0.030766180717697
2734.934138059620000	 0.030757086663256
2735.167096674440000	 0.030746746310064
2735.400055289270000	 0.030742778125413
2735.633013904090000	 0.030748643066270
2735.865972518920000	 0.030760160472466
2736.098931133750000	 0.030767003522023
2736.331889748570000	 0.030758407831514
2736.564848363400000	 0.030729733036685
2736.797806978230000	 0.030685920566597
2737.030765593050000	 0.030639660259344
2737.263724207880000	 0.030605137190893
2737.496682822700000	 0.030590778068729
2737.729641437530000	 0.030595016023534
2737.962600052360000	 0.030607414833037
2738.195558667180000	 0.030614469588351
2738.428517282010000	 0.030606763310572
2738.661475896830000	 0.030583468748783
2738.894434511660000	 0.030551834268038
2739.127393126490000	 0.030522246389355
2739.360351741310000	 0.030501958753111
2739.593310356140000	 0.030491213365223
2739.826268970970000	 0.030483943738317
2740.059227585790000	 0.030472449820694
2740.292186200620000	 0.030453027032848
2740.525144815440000	 0.030428975590067
2740.758103430270000	 0.030409044531105
2740.991062045100000	 0.030402162112461
2741.224020659920000	 0.030411584512526
2741.456979274750000	 0.030432027568711
2741.689937889580000	 0.030451670319322
2741.922896504400000	 0.030458076379002
2742.155855119230000	 0.030444737419400
2742.388813734050000	 0.030414529878681
2742.621772348880000	 0.030378150268880
2742.854730963710000	 0.030348472041892
2743.087689578530000	 0.030334050236651
2743.320648193360000	 0.030335404049603
2743.553606808190000	 0.030346026491120
2743.786565423010000	 0.030357267114653
2744.019524037840000	 0.030363954446616
2744.252482652660000	 0.030367256284775
2744.485441267490000	 0.030373044968924
2744.718399882320000	 0.030386843238908
2744.951358497140000	 0.030408577778662
2745.184317111970000	 0.030430593595026
2745.417275726800000	 0.030440522384499
2745.650234341620000	 0.030427690714277
2745.883192956450000	 0.030389515356230
2746.116151571270000	 0.030334154066321
2746.349110186100000	 0.030277705350461
2746.582068800930000	 0.030237275800576
2746.815027415750000	 0.030223511071041
2747.047986030580000	 0.030236465239662
2747.280944645400000	 0.030266826067518
2747.513903260230000	 0.030301542054465
2747.746861875060000	 0.030330500508452
2747.979820489880000	 0.030350500653251
2748.212779104710000	 0.030364574447486
2748.445737719540000	 0.030377583398283
2748.678696334360000	 0.030391209942326
2748.911654949190000	 0.030401697148063
2749.144613564010000	 0.030401871191214
2749.377572178840000	 0.030386202740490
2749.610530793670000	 0.030355622127526
2749.843489408490000	 0.030318796799299
2750.076448023320000	 0.030288657832989
2750.309406638150000	 0.030275874814925
2750.542365252970000	 0.030282977397762
2750.775323867800000	 0.030302697599305
2751.008282482620000	 0.030321838879873
2751.241241097450000	 0.030328783059343
2751.474199712280000	 0.030320485510614
2751.707158327100000	 0.030304901757840
2751.940116941930000	 0.030297258830590
2752.173075556760000	 0.030312015890642
2752.406034171580000	 0.030354804541437
2752.638992786410000	 0.030418749020299
2752.871951401230000	 0.030487249763131
2753.104910016060000	 0.030541788566490
2753.337868630890000	 0.030570543886812
2753.570827245710000	 0.030573212805033
2753.803785860540000	 0.030559651537732
2754.036744475360000	 0.030543433046283
2754.269703090190000	 0.030534160446606
2754.502661705020000	 0.030532879417700
2754.735620319840000	 0.030532990602047
2754.968578934670000	 0.030525799017048
2755.201537549500000	 0.030507137734215
2755.434496164320000	 0.030480960416989
2755.667454779150000	 0.030457710176744
2755.900413393970000	 0.030448449184682
2756.133372008800000	 0.030458281226048
2756.366330623630000	 0.030483058759606
2756.599289238450000	 0.030511476466802
2756.832247853280000	 0.030531477763567
2757.065206468110000	 0.030537293130975
2757.298165082930000	 0.030532973862842
2757.531123697760000	 0.030530276887408
2757.764082312580000	 0.030542003497976
2757.997040927410000	 0.030574508122532
2758.229999542240000	 0.030623609865761
2758.462958157060000	 0.030676270559408
2758.695916771890000	 0.030717168467276
2758.928875386710000	 0.030736531876104
2759.161834001540000	 0.030734923028316
2759.394792616370000	 0.030722456293439
2759.627751231190000	 0.030713085881548
2759.860709846020000	 0.030717270412339
2760.093668460850000	 0.030737060299262
2760.326627075670000	 0.030766124582229
2760.559585690500000	 0.030794342671479
2760.792544305320000	 0.030814012384946
2761.025502920150000	 0.030823976441206
2761.258461534980000	 0.030829433390580
2761.491420149800000	 0.030837901761924
2761.724378764630000	 0.030854085343918
2761.957337379460000	 0.030876925376497
2762.190295994280000	 0.030900659500918
2762.423254609110000	 0.030919140298098
2762.656213223930000	 0.030930573569832
2762.889171838760000	 0.030939533112255
2763.122130453590000	 0.030954790820748
2763.355089068410000	 0.030984114873321
2763.588047683240000	 0.031029134890286
2763.821006298070000	 0.031083478317106
2764.053964912890000	 0.031135539050688
2764.286923527720000	 0.031174479703995
2764.519882142540000	 0.031196041026700
2764.752840757370000	 0.031204721312394
2764.985799372200000	 0.031210953130081
2765.218757987020000	 0.031224816882386
2765.451716601850000	 0.031249880907289
2765.684675216670000	 0.031280766989073
2765.917633831500000	 0.031305968781512
2766.150592446330000	 0.031314428869335
2766.383551061150000	 0.031302153801978
2766.616509675980000	 0.031275069246931
2766.849468290810000	 0.031246456989751
2767.082426905630000	 0.031230394548282
2767.315385520460000	 0.031234855032398
2767.548344135280000	 0.031258283633051
2767.781302750110000	 0.031291473096826
2768.014261364940000	 0.031323522449004
2768.247219979760000	 0.031348328126922
2768.480178594590000	 0.031367818345616
2768.713137209420000	 0.031390134142095
2768.946095824240000	 0.031423959046236
2769.179054439070000	 0.031472432140835
2769.412013053890000	 0.031530291050380
2769.644971668720000	 0.031585986783607
2769.877930283550000	 0.031627583822750
2770.110888898370000	 0.031649025506414
2770.343847513200000	 0.031653156023475
2770.576806128030000	 0.031649843956467
2770.809764742850000	 0.031650426824548
2771.042723357680000	 0.031661773405203
2771.275681972500000	 0.031683368346251
2771.508640587330000	 0.031708938697167
2771.741599202160000	 0.031731374562905
2771.974557816980000	 0.031747705317311
2772.207516431810000	 0.031760915959804
2772.440475046630000	 0.031777421375981
2772.673433661460000	 0.031801795168476
2772.906392276290000	 0.031832173788598
2773.139350891110000	 0.031859515381875
2773.372309505940000	 0.031871670450740
2773.605268120770000	 0.031860272122925
2773.838226735590000	 0.031826550001613
2774.071185350420000	 0.031782540371536
2774.304143965240000	 0.031746654513194
2774.537102580070000	 0.031735723319273
2774.770061194900000	 0.031757645522017
2775.003019809720000	 0.031808501291959
2775.235978424550000	 0.031875569848541
2775.468937039380000	 0.031944419303546
2775.701895654200000	 0.032005989159792
2775.934854269030000	 0.032059716998419
2776.167812883850000	 0.032111204143239
2776.400771498680000	 0.032166188024859
2776.633730113510000	 0.032224754165371
2776.866688728330000	 0.032279540590029
2777.099647343160000	 0.032319265885576
2777.332605957980000	 0.032335631036538
2777.565564572810000	 0.032329448511583
2777.798523187640000	 0.032312108877145
2778.031481802460000	 0.032301099658389
2778.264440417290000	 0.032311716290382
2778.497399032120000	 0.032349377246074
2778.730357646940000	 0.032406786107816
2778.963316261770000	 0.032467614317446
2779.196274876590000	 0.032514782455436
2779.429233491420000	 0.032538840079820
2779.662192106250000	 0.032541925257160
2779.895150721070000	 0.032535342864425
2780.128109335900000	 0.032532405528411
2780.361067950730000	 0.032540761268227
2780.594026565550000	 0.032558587176701
2780.826985180380000	 0.032576713496551
2781.059943795200000	 0.032585261539693
2781.292902410030000	 0.032580737057451
2781.525861024860000	 0.032569285528386
2781.758819639680000	 0.032564109696332
2781.991778254510000	 0.032578472087426
2782.224736869340000	 0.032618261599528
2782.457695484160000	 0.032678376914359
2782.690654098990000	 0.032745033583254
2782.923612713810000	 0.032802730886754
2783.156571328640000	 0.032841959571186
2783.389529943470000	 0.032863372876621
2783.622488558290000	 0.032876272043778
2783.855447173120000	 0.032892548026253
2784.088405787940000	 0.032919731571033
2784.321364402770000	 0.032957150934175
2784.554323017600000	 0.032997250521360
2784.787281632420000	 0.033031027364294
2785.020240247250000	 0.033054116889598
2785.253198862080000	 0.033069761809022
2785.486157476900000	 0.033086881607412
2785.719116091730000	 0.033114472068439
2785.952074706550000	 0.033155784950989
2786.185033321380000	 0.033205884176022
2786.417991936210000	 0.033254171532302
2786.650950551030000	 0.033290477585088
2786.883909165860000	 0.033311107894949
2787.116867780690000	 0.033321190120730
2787.349826395510000	 0.033331832344872
2787.582785010340000	 0.033353660037335
2787.815743625160000	 0.033390437507984
2788.048702239990000	 0.033436478883953
2788.281660854820000	 0.033479411077710
2788.514619469640000	 0.033506770032011
2788.747578084470000	 0.033512686069128
2788.980536699300000	 0.033500889942898
2789.213495314120000	 0.033482459678457
2789.446453928950000	 0.033469784187010
2789.679412543770000	 0.033470329813953
2789.912371158600000	 0.033483774518453
2790.145329773430000	 0.033503978410976
2790.378288388250000	 0.033524327562401
2790.611247003080000	 0.033542971330600
2790.844205617900000	 0.033564603443429
2791.077164232730000	 0.033597625702766
2791.310122847560000	 0.033648425602192
2791.543081462380000	 0.033716348439277
2791.776040077210000	 0.033792643311417
2792.008998692040000	 0.033864339599518
2792.241957306860000	 0.033920993157753
2792.474915921690000	 0.033960363130494
2792.707874536510000	 0.033989562428788
2792.940833151340000	 0.034020830219321
2793.173791766170000	 0.034064241866284
2793.406750380990000	 0.034121530084255
2793.639708995820000	 0.034184656648905
2793.872667610650000	 0.034240101910677
2794.105626225470000	 0.034276506990111
2794.338584840300000	 0.034291264321230
2794.571543455120000	 0.034292182761155
2794.804502069950000	 0.034293186465022
2795.037460684780000	 0.034306472394011
2795.270419299600000	 0.034335637840626
2795.503377914430000	 0.034373803226870
2795.736336529250000	 0.034407928883728
2795.969295144080000	 0.034426917568579
2796.202253758910000	 0.034428809621273
2796.435212373730000	 0.034422820609513
2796.668170988560000	 0.034424910527633
2796.901129603390000	 0.034449278530841
2797.134088218210000	 0.034500528464508
2797.367046833040000	 0.034570944620628
2797.600005447860000	 0.034644498794577
2797.832964062690000	 0.034705409859275
2798.065922677520000	 0.034746469404629
2798.298881292340000	 0.034772493915574
2798.531839907170000	 0.034797082477574
2798.764798522000000	 0.034834662009768
2798.997757136820000	 0.034892398476617
2799.230715751650000	 0.034966521706857
2799.463674366470000	 0.035045004148066
2799.696632981300000	 0.035114830948037
2799.929591596130000	 0.035169457479762
2800.162550210950000	 0.035212047126872
2800.395508825780000	 0.035252685416228
2800.628467440610000	 0.035301371593369
2800.861426055430000	 0.035361079420282
2801.094384670260000	 0.035425156029927
2801.327343285080000	 0.035480798825712
2801.560301899910000	 0.035516730210573
2801.793260514740000	 0.035530603321906
2802.026219129560000	 0.035531712099574
2802.259177744390000	 0.035537242925642
2802.492136359210000	 0.035563991123544
2802.725094974040000	 0.035620041132391
2802.958053588870000	 0.035700956910317
2803.191012203690000	 0.035792530312182
2803.423970818520000	 0.035878461074214
2803.656929433350000	 0.035948590981740
2803.889888048170000	 0.036003119385924
2804.122846663000000	 0.036050682313282
2804.355805277820000	 0.036101766582551
2804.588763892650000	 0.036161541437679
2804.821722507480000	 0.036226381131140
2805.054681122300000	 0.036286073468079
2805.287639737130000	 0.036330290326117
2805.520598351960000	 0.036355352632369
2805.753556966780000	 0.036367188548205
2805.986515581610000	 0.036378714823956
2806.219474196430000	 0.036403209902800
2806.452432811260000	 0.036447596697832
2806.685391426090000	 0.036509571439934
2806.918350040910000	 0.036580204752634
2807.151308655740000	 0.036650334766536
2807.384267270570000	 0.036716745075859
2807.617225885390000	 0.036784227360693
2807.850184500220000	 0.036862134513698
2808.083143115040000	 0.036957415000805
2808.316101729870000	 0.037068365424918
2808.549060344700000	 0.037183119076587
2808.782018959520000	 0.037284262140486
2809.014977574350000	 0.037357377818181
2809.247936189170000	 0.037398867023950
2809.480894804000000	 0.037418606488945
2809.713853418830000	 0.037435801273837
2809.946812033650000	 0.037470129007763
2810.179770648480000	 0.037532832657532
2810.412729263310000	 0.037622411856612
2810.645687878130000	 0.037727007013063
2810.878646492960000	 0.037831862768931
2811.111605107780000	 0.037927498288756
2811.344563722610000	 0.038014012601723
2811.577522337440000	 0.038099388716747
2811.810480952260000	 0.038193217949083
2812.043439567090000	 0.038299852896446
2812.276398181920000	 0.038415182793869
2812.509356796740000	 0.038528957962428
2812.742315411570000	 0.038631198172402
2812.975274026390000	 0.038718719714198
2813.208232641220000	 0.038797734111913
2813.441191256050000	 0.038880846122497
2813.674149870870000	 0.038980140677115
2813.907108485700000	 0.039100397485168
2814.140067100520000	 0.039236459261709
2814.373025715350000	 0.039376396333157
2814.605984330180000	 0.039508696527439
2814.838942945000000	 0.039629276912481
2815.071901559830000	 0.039744162546971
2815.304860174660000	 0.039866195992992
2815.537818789480000	 0.040007612600798
2815.770777404310000	 0.040172719106994
2816.003736019130000	 0.040354901473085
2816.236694633960000	 0.040539760668768
2816.469653248790000	 0.040712675731548
2816.702611863610000	 0.040866546710761
2816.935570478440000	 0.041005403581151
2817.168529093270000	 0.041142000104325
2817.401487708090000	 0.041290946096624
2817.634446322920000	 0.041461362134117
2817.867404937740000	 0.041653142862912
2818.100363552570000	 0.041858692852324
2818.333322167400000	 0.042068748101549
2818.566280782220000	 0.042278537718582
2818.799239397050000	 0.042490498991531
2819.032198011880000	 0.042712024193620
2819.265156626700000	 0.042949847219433
2819.498115241530000	 0.043204764045132
2819.731073856350000	 0.043470196230202
2819.964032471180000	 0.043735749819782
2820.196991086010000	 0.043993768723983
2820.429949700830000	 0.044244861807850
2820.662908315660000	 0.044498809832167
2820.895866930480000	 0.044769927851065
2821.128825545310000	 0.045069269299498
2821.361784160140000	 0.045398056932550
2821.594742774960000	 0.045746241800851
2821.827701389790000	 0.046097322794034
2822.060660004620000	 0.046437001927827
2822.293618619440000	 0.046760967569210
2822.526577234270000	 0.047077500486960
2822.759535849090000	 0.047403477408475
2822.992494463920000	 0.047755994417120
2823.225453078750000	 0.048144165915821
2823.458411693570000	 0.048565427321240
2823.691370308400000	 0.049008052418776
2823.924328923230000	 0.049458061687145
2824.157287538050000	 0.049906287023302
2824.390246152880000	 0.050351505177115
2824.623204767700000	 0.050798125678812
2824.856163382530000	 0.051250290017377
2825.089121997360000	 0.051706365138484
2825.322080612180000	 0.052157476415702
2825.555039227010000	 0.052591154505028
2825.787997841840000	 0.052997901033028
2826.020956456660000	 0.053376516616467
2826.253915071490000	 0.053734646004297
2826.486873686310000	 0.054083839777905
2826.719832301140000	 0.054431773700125
2826.952790915970000	 0.054776101188376
2827.185749530790000	 0.055103645162078
2827.418708145620000	 0.055395639107609
2827.651666760440000	 0.055636180770531
2827.884625375270000	 0.055819078261826
2828.117583990100000	 0.055949115871739
2828.350542604920000	 0.056036983820712
2828.583501219750000	 0.056090790988057
2828.816459834580000	 0.056109087137353
2829.049418449400000	 0.056079541308577
2829.282377064230000	 0.055984274426392
2829.515335679050000	 0.055809067367848
2829.748294293880000	 0.055551437187321
2829.981252908710000	 0.055223217893080
2830.214211523530000	 0.054846381048643
2830.447170138360000	 0.054444516081892
2830.680128753190000	 0.054034579782524
2830.913087368010000	 0.053623111880247
2831.146045982840000	 0.053208431671912
2831.379004597660000	 0.052786915696177
2831.611963212490000	 0.052359264741016
2831.844921827320000	 0.051932960899408
2832.077880442140000	 0.051519641410894
2832.310839056970000	 0.051129282294023
2832.543797671790000	 0.050765002968687
2832.776756286620000	 0.050421895503342
2833.009714901450000	 0.050090812023307
2833.242673516270000	 0.049764961607964
2833.475632131100000	 0.049445342706051
2833.708590745930000	 0.049141628026558
2833.941549360750000	 0.048867786823082
2834.174507975580000	 0.048634855557699
2834.407466590400000	 0.048445008284022
2834.640425205230000	 0.048290426598726
2834.873383820060000	 0.048157753657629
2835.106342434880000	 0.048035651733304
2835.339301049710000	 0.047921104009582
2835.572259664540000	 0.047820799506646
2835.805218279360000	 0.047746825514457
2836.038176894190000	 0.047709227550079
2836.271135509010000	 0.047709829313357
2836.504094123840000	 0.047740995206886
2836.737052738670000	 0.047790144582115
2836.970011353490000	 0.047847399993507
2837.202969968320000	 0.047911798839620
2837.435928583150000	 0.047992255884448
2837.668887197970000	 0.048102521491443
2837.901845812800000	 0.048252916489151
2838.134804427620000	 0.048443579185996
2838.367763042450000	 0.048663213671435
2838.600721657280000	 0.048894250818687
2838.833680272100000	 0.049121618885820
2839.066638886930000	 0.049340147616934
2839.299597501750000	 0.049556362923853
2839.532556116580000	 0.049783666575515
2839.765514731410000	 0.050033701692261
2839.998473346230000	 0.050308875508170
2840.231431961060000	 0.050600351748294
2840.464390575890000	 0.050892714631960
2840.697349190710000	 0.051172675831279
2840.930307805540000	 0.051436848301154
2841.163266420360000	 0.051694147580851
2841.396225035190000	 0.051961476853169
2841.629183650020000	 0.052255158642081
2841.862142264840000	 0.052582913207076
2842.095100879670000	 0.052940785741646
2842.328059494500000	 0.053316545578650
2842.561018109320000	 0.053697352555880
2842.793976724150000	 0.054077087160913
2843.026935338970000	 0.054459112862971
2843.259893953800000	 0.054853116223143
2843.492852568630000	 0.055268252377169
2843.725811183450000	 0.055706969298832
2843.958769798280000	 0.056163381735170
2844.191728413110000	 0.056627235295442
2844.424687027930000	 0.057091007640703
2844.657645642760000	 0.057555659774709
2844.890604257580000	 0.058031274812691
2845.123562872410000	 0.058531890870857
2845.356521487240000	 0.059067379356239
2845.589480102060000	 0.059637125212975
2845.822438716890000	 0.060229400914694
2846.055397331710000	 0.060827120052110
2846.288355946540000	 0.061416902559776
2846.521314561370000	 0.061996315690578
2846.754273176190000	 0.062575091136564
2846.987231791020000	 0.063169542450492
2847.220190405850000	 0.063793286167632
2847.453149020670000	 0.064449468912218
2847.686107635500000	 0.065128855989396
2847.919066250320000	 0.065814805626485
2848.152024865150000	 0.066492198049669
2848.384983479980000	 0.067155124740927
2848.617942094800000	 0.067808952588184
2848.850900709630000	 0.068465756797407
2849.083859324460000	 0.069135999474102
2849.316817939280000	 0.069821446236064
2849.549776554110000	 0.070513499396002
2849.782735168930000	 0.071197878535105
2850.015693783760000	 0.071862773385800
2850.248652398590000	 0.072505500456472
2850.481611013410000	 0.073133609382053
2850.714569628240000	 0.073759738115523
2850.947528243060000	 0.074393245426753
2851.180486857890000	 0.075033550842961
2851.413445472720000	 0.075669116230095
2851.646404087540000	 0.076282686227969
2851.879362702370000	 0.076859684816324
2852.112321317200000	 0.077394782648316
2852.345279932020000	 0.077892786083605
2852.578238546850000	 0.078363443001022
2852.811197161680000	 0.078813379737294
2853.044155776500000	 0.079240031299859
2853.277114391330000	 0.079631185985160
2853.510073006150000	 0.079970371063655
2853.743031620980000	 0.080244749644231
2853.975990235810000	 0.080450654031959
2854.208948850630000	 0.080593345723319
2854.441907465460000	 0.080681161313770
2854.674866080280000	 0.080717662505509
2854.907824695110000	 0.080696685756802
2855.140783309940000	 0.080603545666036
2855.373741924760000	 0.080422013232330
2855.606700539590000	 0.080143171731001
2855.839659154420000	 0.079770995578104
2856.072617769240000	 0.079321332888970
2856.305576384070000	 0.078814793956526
2856.538534998890000	 0.078267545189633
2856.771493613720000	 0.077685169513780
2857.004452228550000	 0.077062976024018
2857.237410843370000	 0.076392434993486
2857.470369458200000	 0.075669870422014
2857.703328073020000	 0.074902245768415
2857.936286687850000	 0.074106635780446
2858.169245302680000	 0.073303722841743
2858.402203917500000	 0.072509142051846
2858.635162532330000	 0.071727734393407
2858.868121147160000	 0.070954104406139
2859.101079761980000	 0.070179248419260
2859.334038376810000	 0.069399449572282
2859.566996991630000	 0.068622218388666
2859.799955606460000	 0.067865690083585
2860.032914221290000	 0.067151625513311
2860.265872836110000	 0.066495806577665
2860.498831450940000	 0.065901112796910
2860.731790065770000	 0.065357117051125
2860.964748680590000	 0.064846432541694
2861.197707295420000	 0.064354260263042
2861.430665910240000	 0.063875807609103
2861.663624525070000	 0.063417555821540
2861.896583139900000	 0.062991964842125
2862.129541754720000	 0.062608962829677
2862.362500369550000	 0.062269322731098
2862.595458984380000	 0.061963838493582
2862.828417599200000	 0.061678765129628
2863.061376214030000	 0.061404237600776
2863.294334828850000	 0.061140552406206
2863.527293443680000	 0.060898428505818
2863.760252058510000	 0.060692933710363
2863.993210673330000	 0.060534527392196
2864.226169288160000	 0.060422439581316
2864.459127902980000	 0.060344370928233
2864.692086517810000	 0.060282907058426
2864.925045132640000	 0.060225096523053
2865.158003747460000	 0.060169674861249
2865.390962362290000	 0.060127673955064
2865.623920977120000	 0.060115921597701
2865.856879591940000	 0.060146991077476
2866.089838206770000	 0.060221197670551
2866.322796821590000	 0.060325144500648
2866.555755436420000	 0.060437678325592
2866.788714051250000	 0.060539931027734
2867.021672666070000	 0.060623817766200
2867.254631280900000	 0.060694331181067
2867.487589895730000	 0.060764613668491
2867.720548510550000	 0.060846905642505
2867.953507125380000	 0.060944692436204
2868.186465740200000	 0.061050521380077
2868.419424355030000	 0.061150561475014
2868.652382969860000	 0.061232977921591
2868.885341584680000	 0.061294952672428
2869.118300199510000	 0.061344063650334
2869.351258814330000	 0.061393179816206
2869.584217429160000	 0.061451925566681
2869.817176043990000	 0.061519830149718
2870.050134658810000	 0.061585349117234
2870.283093273640000	 0.061631542778371
2870.516051888470000	 0.061645251631809
2870.749010503290000	 0.061624466369087
2870.981969118120000	 0.061579586833622
2871.214927732940000	 0.061527801729278
2871.447886347770000	 0.061483764621906
2871.680844962600000	 0.061451820964967
2871.913803577420000	 0.061424132177072
2872.146762192250000	 0.061385671515471
2872.379720807080000	 0.061323127389281
2872.612679421900000	 0.061232542017430
2872.845638036730000	 0.061121367104502
2873.078596651550000	 0.061003982619077
2873.311555266380000	 0.060893533928419
2873.544513881210000	 0.060794975322203
2873.777472496030000	 0.060703362438386
2874.010431110860000	 0.060608236309130
2874.243389725690000	 0.060501249291436
2874.476348340510000	 0.060382218153161
2874.709306955340000	 0.060259778728948
2874.942265570160000	 0.060146143060081
2875.175224184990000	 0.060049076361307
2875.408182799820000	 0.059965980678970
2875.641141414640000	 0.059883881416852
2875.874100029470000	 0.059785738863744
2876.107058644290000	 0.059659736665374
2876.340017259120000	 0.059506275810437
2876.572975873950000	 0.059338568027978
2876.805934488770000	 0.059176332022569
2877.038893103600000	 0.059036014684155
2877.271851718430000	 0.058922938714626
2877.504810333250000	 0.058829727322227
2877.737768948080000	 0.058741840324404
2877.970727562900000	 0.058647010187901
2878.203686177730000	 0.058543127803929
2878.436644792560000	 0.058440052628110
2878.669603407380000	 0.058354360189177
2878.902562022210000	 0.058300084121993
2879.135520637040000	 0.058280752035666
2879.368479251860000	 0.058287245430437
2879.601437866690000	 0.058302676191372
2879.834396481510000	 0.058311431178713
2880.067355096340000	 0.058307140432943
2880.300313711170000	 0.058295017397895
2880.533272325990000	 0.058287366604423
2880.766230940820000	 0.058295028865922
2880.999189555650000	 0.058319841284822
2881.232148170470000	 0.058352573199687
2881.465106785300000	 0.058377625792012
2881.698065400120000	 0.058381840238780
2881.931024014950000	 0.058362344291868
2882.163982629780000	 0.058328926347081
2882.396941244600000	 0.058299590576105
2882.629899859430000	 0.058291795023524
2882.862858474260000	 0.058314205481144
2883.095817089080000	 0.058363383713600
2883.328775703910000	 0.058426964223444
2883.561734318730000	 0.058491190338312
2883.794692933560000	 0.058548313460032
2884.027651548390000	 0.058599695541143
2884.260610163210000	 0.058653210780042
2884.493568778040000	 0.058716966169304
2884.726527392860000	 0.058793410749410
2884.959486007690000	 0.058877460383342
2885.192444622520000	 0.058959669565992
2885.425403237340000	 0.059032311274706
2885.658361852170000	 0.059094425144938
2885.891320467000000	 0.059152586595134
2886.124279081820000	 0.059216874570481
2886.357237696650000	 0.059294542829291
2886.590196311470000	 0.059385373192695
2886.823154926300000	 0.059481724872447
2887.056113541130000	 0.059573435169879
2887.289072155950000	 0.059654664868803
2887.522030770780000	 0.059728426060343
2887.754989385600000	 0.059805801302112
2887.987948000430000	 0.059900028679634
2888.220906615260000	 0.060018772970600
2888.453865230080000	 0.060159153379681
2888.686823844910000	 0.060308679474916
2888.919782459740000	 0.060451883115738
2889.152741074560000	 0.060579025902631
2889.385699689390000	 0.060691880746896
2889.618658304210000	 0.060803161640284
2889.851616919040000	 0.060929805136209
2890.084575533870000	 0.061083841815135
2890.317534148690000	 0.061266010394409
2890.550492763520000	 0.061465767390999
2890.783451378350000	 0.061667722376417
2891.016409993170000	 0.061860796605320
2891.249368608000000	 0.062044771388875
2891.482327222820000	 0.062230403136655
2891.715285837650000	 0.062433044427697
2891.948244452480000	 0.062663476179506
2892.181203067300000	 0.062921262101843
2892.414161682130000	 0.063194504394527
2892.647120296950000	 0.063466198342885
2892.880078911780000	 0.063723525318960
2893.113037526610000	 0.063964677735689
2893.345996141430000	 0.064199275391497
2893.578954756260000	 0.064442227343699
2893.811913371090000	 0.064704723628732
2894.044871985910000	 0.064987685074151
2894.277830600740000	 0.065281551367015
2894.510789215560000	 0.065572558284758
2894.743747830390000	 0.065851764919422
2894.976706445220000	 0.066121365782757
2895.209665060040000	 0.066394360758509
2895.442623674870000	 0.066687546694067
2895.675582289700000	 0.067011709879707
2895.908540904520000	 0.067364585323672
2896.141499519350000	 0.067730671076207
2896.374458134170000	 0.068088141649187
2896.607416749000000	 0.068419047730435
2896.840375363830000	 0.068717122527325
2897.073333978650000	 0.068988998799767
2897.306292593480000	 0.069248547917054
2897.539251208310000	 0.069507988026635
2897.772209823130000	 0.069771093153946
2898.005168437960000	 0.070032393514908
2898.238127052780000	 0.070282566993895
2898.471085667610000	 0.070516427242834
2898.704044282440000	 0.070738299305467
2898.937002897260000	 0.070961170372558
2899.169961512090000	 0.071199846060443
2899.402920126920000	 0.071462081826851
2899.635878741740000	 0.071743066696259
2899.868837356570000	 0.072026870596258
2900.101795971390000	 0.072294473335453
2900.334754586220000	 0.072534044919141
2900.567713201050000	 0.072747634581067
2900.800671815870000	 0.072950359477366
2901.033630430700000	 0.073162446328355
2901.266589045520000	 0.073398547970819
2901.499547660350000	 0.073660307923040
2901.732506275180000	 0.073936327521580
2901.965464890000000	 0.074209489058401
2902.198423504830000	 0.074467355567515
2902.431382119660000	 0.074709600934094
2902.664340734480000	 0.074948223912676
2902.897299349310000	 0.075200574277100
2903.130257964130000	 0.075479399287552
2903.363216578960000	 0.075785802435633
2903.596175193790000	 0.076109278957918
2903.829133808610000	 0.076434818030071
2904.062092423440000	 0.076752814187877
2904.295051038270000	 0.077065761029975
2904.528009653090000	 0.077387552133916
2904.760968267920000	 0.077735590284923
2904.993926882740000	 0.078120184876848
2905.226885497570000	 0.078537427061305
2905.459844112400000	 0.078969903401397
2905.692802727220000	 0.079395200478931
2905.925761342050000	 0.079797612295674
2906.158719956870000	 0.080176475950571
2906.391678571700000	 0.080546393018560
2906.624637186530000	 0.080929171180152
2906.857595801350000	 0.081341944314186
2907.090554416180000	 0.081788009976069
2907.323513031010000	 0.082255376509259
2907.556471645830000	 0.082723692952068
2907.789430260660000	 0.083175525948679
2908.022388875480000	 0.083605570566351
2908.255347490310000	 0.084022748218245
2908.488306105140000	 0.084444363949232
2908.721264719960000	 0.084885989156329
2908.954223334790000	 0.085352948849077
2909.187181949620000	 0.085838110932658
2909.420140564440000	 0.086326859102911
2909.653099179270000	 0.086805888966339
2909.886057794090000	 0.087270318772002
2910.119016408920000	 0.087724854207482
2910.351975023750000	 0.088178555443380
2910.584933638570000	 0.088636716204082
2910.817892253400000	 0.089095107026326
2911.050850868230000	 0.089540389916831
2911.283809483050000	 0.089956738513527
2911.516768097880000	 0.090334816426524
2911.749726712700000	 0.090677663560470
2911.982685327530000	 0.090999770041681
2912.215643942360000	 0.091319626746511
2912.448602557180000	 0.091649877365172
2912.681561172010000	 0.091990619323592
2912.914519786830000	 0.092329634427140
2913.147478401660000	 0.092649368585590
2913.380437016490000	 0.092936574539469
2913.613395631310000	 0.093189016956222
2913.846354246140000	 0.093415479410952
2914.079312860970000	 0.093629368874429
2914.312271475790000	 0.093839986174253
2914.545230090620000	 0.094046803818174
2914.778188705440000	 0.094240196074833
2915.011147320270000	 0.094408134956743
2915.244105935100000	 0.094544709556072
2915.477064549920000	 0.094655165487255
2915.710023164750000	 0.094754237606358
2915.942981779580000	 0.094858584464705
2916.175940394400000	 0.094977680122891
2916.408899009230000	 0.095108515623439
2916.641857624050000	 0.095237342119098
2916.874816238880000	 0.095347607830296
2917.107774853710000	 0.095429535525641
2917.340733468530000	 0.095485728753942
2917.573692083360000	 0.095529517881105
2917.806650698190000	 0.095577052212843
2918.039609313010000	 0.095637799685255
2918.272567927840000	 0.095709022378512
2918.505526542660000	 0.095777496607742
2918.738485157490000	 0.095827543912534
2918.971443772320000	 0.095850720663598
2919.204402387140000	 0.095851499172401
2919.437361001970000	 0.095845626987092
2919.670319616790000	 0.095852147729981
2919.903278231620000	 0.095883712446486
2920.136236846450000	 0.095940707651003
2920.369195461270000	 0.096012426153445
2920.602154076100000	 0.096084344277610
2920.835112690930000	 0.096146960346449
2921.068071305750000	 0.096200782486910
2921.301029920580000	 0.096254496707086
2921.533988535400000	 0.096317585312950
2921.766947150230000	 0.096392095477457
2921.999905765060000	 0.096468839852982
2922.232864379880000	 0.096530697070661
2922.465822994710000	 0.096561343149064
2922.698781609530000	 0.096554245194694
2922.931740224360000	 0.096516311617231
2923.164698839190000	 0.096463623917300
2923.397657454010000	 0.096411371414628
2923.630616068840000	 0.096363648134584
2923.863574683670000	 0.096309086182582
2924.096533298490000	 0.096225170862985
2924.329491913320000	 0.096089173423206
2924.562450528140000	 0.095889714913252
2924.795409142970000	 0.095632436637796
2925.028367757800000	 0.095336544788718
2925.261326372620000	 0.095024177053681
2925.494284987450000	 0.094708554069290
2925.727243602280000	 0.094387493858044
2925.960202217100000	 0.094045809763005
2926.193160831930000	 0.093665069227952
2926.426119446750000	 0.093234984520814
2926.659078061580000	 0.092759826259508
2926.892036676410000	 0.092256266205190
2927.124995291230000	 0.091744125703994
2927.357953906060000	 0.091235594618644
2927.590912520890000	 0.090729291959709
2927.823871135710000	 0.090212688770372
2928.056829750540000	 0.089671502678401
2928.289788365360000	 0.089100478211246
2928.522746980190000	 0.088509003378825
2928.755705595020000	 0.087917949100045
2928.988664209840000	 0.087349220661486
2929.221622824670000	 0.086813774252318
2929.454581439500000	 0.086304885109841
2929.687540054320000	 0.085800707357582
2929.920498669150000	 0.085275082704171
2930.153457283970000	 0.084710905023350
2930.386415898800000	 0.084108837015265
2930.619374513630000	 0.083486759085638
2930.852333128450000	 0.082870467298344
2931.085291743280000	 0.082280813461666
2931.318250358100000	 0.081724161082695
2931.551208972930000	 0.081190981912985
2931.784167587760000	 0.080662855457495
2932.017126202580000	 0.080123557923266
2932.250084817410000	 0.079567891126938
2932.483043432240000	 0.079003537006660
2932.716002047060000	 0.078445458429404
2932.948960661890000	 0.077906625754431
2933.181919276710000	 0.077390710600965
2933.414877891540000	 0.076890934292333
2933.647836506370000	 0.076395428912544
2933.880795121190000	 0.075895524376856
2934.113753736020000	 0.075391677111014
2934.346712350850000	 0.074893324353799
2934.579670965670000	 0.074412759544769
2934.812629580500000	 0.073956810017800
2935.045588195320000	 0.073521478546354
2935.278546810150000	 0.073093012178396
2935.511505424980000	 0.072655055304546
2935.744464039800000	 0.072197842044670
2935.977422654630000	 0.071724042685427
2936.210381269460000	 0.071247774158941
2936.443339884280000	 0.070787268656753
2936.676298499110000	 0.070355368123057
2936.909257113930000	 0.069953259624890
2937.142215728760000	 0.069571005855117
2937.375174343590000	 0.069194486452755
2937.608132958410000	 0.068814584937112
2937.841091573240000	 0.068433096178603
2938.074050188060000	 0.068061766171525
2938.307008802890000	 0.067714952399305
2938.539967417720000	 0.067400175850518
2938.772926032540000	 0.067112149869763
2939.005884647370000	 0.066833976206503
2939.238843262200000	 0.066545114237292
2939.471801877020000	 0.066231756916536
2939.704760491850000	 0.065893756355917
2939.937719106670000	 0.065544175170462
2940.170677721500000	 0.065201727202546
2940.403636336330000	 0.064880328993194
2940.636594951150000	 0.064581501973666
2940.869553565980000	 0.064293677823674
2941.102512180810000	 0.063998524478991
2941.335470795630000	 0.063680443903045
2941.568429410460000	 0.063333726201373
2941.801388025280000	 0.062963475809307
2942.034346640110000	 0.062580293530037
2942.267305254940000	 0.062192404602515
2942.500263869760000	 0.061800301413006
2942.733222484590000	 0.061397292018719
2942.966181099410000	 0.060975614738495
2943.199139714240000	 0.060534199007602
2943.432098329070000	 0.060082935710452
2943.665056943890000	 0.059640288751732
2943.898015558720000	 0.059225062647701
2944.130974173550000	 0.058846750024789
2944.363932788370000	 0.058500014533064
2944.596891403200000	 0.058166823626158
2944.829850018020000	 0.057825561635309
2945.062808632850000	 0.057462440673968
2945.295767247680000	 0.057079082799276
2945.528725862500000	 0.056692214375100
2945.761684477330000	 0.056325767117690
2945.994643092160000	 0.055999767046164
2946.227601706980000	 0.055721979454556
2946.460560321810000	 0.055486602981015
2946.693518936630000	 0.055280304259988
2946.926477551460000	 0.055091739888967
2947.159436166290000	 0.054918810609265
2947.392394781110000	 0.054769398423317
2947.625353395940000	 0.054655335540240
2947.858312010770000	 0.054583415327957
2948.091270625590000	 0.054549009980481
2948.324229240420000	 0.054536345745976
2948.557187855240000	 0.054525579238266
2948.790146470070000	 0.054502762100895
2949.023105084900000	 0.054466991710777
2949.256063699720000	 0.054430627804026
2949.489022314550000	 0.054412442725951
2949.721980929370000	 0.054427582787318
2949.954939544200000	 0.054479969639751
2950.187898159030000	 0.054561324215798
2950.420856773850000	 0.054657159647027
2950.653815388680000	 0.054756034696878
2950.886774003510000	 0.054856496403516
2951.119732618330000	 0.054967623531364
2951.352691233160000	 0.055102979653590
2951.585649847980000	 0.055271707277972
2951.818608462810000	 0.055472154308412
2952.051567077640000	 0.055691912138314
2952.284525692460000	 0.055914326988713
2952.517484307290000	 0.056127628009366
2952.750442922110000	 0.056331175550462
2952.983401536940000	 0.056535032480159
2953.216360151770000	 0.056753067573021
2953.449318766590000	 0.056993666059727
2953.682277381420000	 0.057253573871629
2953.915235996250000	 0.057518617172123
2954.148194611070000	 0.057771017946748
2954.381153225900000	 0.057999086116511
2954.614111840720000	 0.058203592241951
2954.847070455550000	 0.058397060568489
2955.080029070380000	 0.058596395220328
2955.312987685200000	 0.058813148624329
2955.545946300030000	 0.059047107617400
2955.778904914860000	 0.059286944345041
2956.011863529680000	 0.059517517376816
2956.244822144510000	 0.059729400593288
2956.477780759330000	 0.059924808033118
2956.710739374160000	 0.060116211039166
2956.943697988990000	 0.060318329556164
2957.176656603810000	 0.060538170387341
2957.409615218640000	 0.060769054924579
2957.642573833470000	 0.060992395937286
2957.875532448290000	 0.061186526136606
2958.108491063120000	 0.061337681460209
2958.341449677940000	 0.061446841879551
2958.574408292770000	 0.061528464058331
2958.807366907600000	 0.061601816544912
2959.040325522420000	 0.061679865059671
2959.273284137250000	 0.061762043616351
2959.506242752080000	 0.061835040207413
2959.739201366900000	 0.061881131060362
2959.972159981730000	 0.061889200560816
2960.205118596550000	 0.061861998130189
2960.438077211380000	 0.061815404130431
2960.671035826210000	 0.061770145514917
2960.903994441030000	 0.061740724536060
2961.136953055860000	 0.061727861811786
2961.369911670680000	 0.061718719137488
2961.602870285510000	 0.061694702157173
2961.835828900340000	 0.061642266670816
2962.068787515160000	 0.061560454388777
2962.301746129990000	 0.061460910373271
2962.534704744820000	 0.061360619493491
2962.767663359640000	 0.061271818467885
2963.000621974470000	 0.061195071629296
2963.233580589290000	 0.061119541553837
2963.466539204120000	 0.061030171344708
2963.699497818950000	 0.060917316364420
2963.932456433770000	 0.060782850029325
2964.165415048600000	 0.060638891632253
2964.398373663430000	 0.060499758661877
2964.631332278250000	 0.060371832008084
2964.864290893080000	 0.060247377547164
2965.097249507900000	 0.060106235401779
2965.330208122730000	 0.059924817664816
2965.563166737560000	 0.059687560922277
2965.796125352380000	 0.059394435635461
2966.029083967210000	 0.059060324371525
2966.262042582040000	 0.058706716026203
2966.495001196860000	 0.058350452281252
2966.727959811690000	 0.057995787400216
2966.960918426510000	 0.057634020673434
2967.193877041340000	 0.057250582809655
2967.426835656170000	 0.056835172622026
2967.659794270990000	 0.056388859023607
2967.892752885820000	 0.055923998898790
2968.125711500640000	 0.055457160351024
2968.358670115470000	 0.054999351794558
2968.591628730300000	 0.054549382588696
2968.824587345120000	 0.054094322932122
2969.057545959950000	 0.053616864361767
2969.290504574780000	 0.053105300705929
2969.523463189600000	 0.052560294202496
2969.756421804430000	 0.051994531845282
2969.989380419250000	 0.051425610648739
2970.222339034080000	 0.050866448610556
2970.455297648910000	 0.050318912239593
2970.688256263730000	 0.049774426164426
2970.921214878560000	 0.049221175706007
2971.154173493390000	 0.048653517355781
2971.387132108210000	 0.048077786334867
2971.620090723040000	 0.047510760691603
2971.853049337860000	 0.046971379541384
2972.086007952690000	 0.046470344951514
2972.318966567520000	 0.046003648322400
2972.551925182340000	 0.045554030665041
2972.784883797170000	 0.045099956924693
2973.017842411990000	 0.044627315565481
2973.250801026820000	 0.044137341967607
2973.483759641650000	 0.043646304933401
2973.716718256470000	 0.043177092845035
2973.949676871300000	 0.042747307927474
2974.182635486130000	 0.042360352439112
2974.415594100950000	 0.042004297714737
2974.648552715780000	 0.041658978427066
2974.881511330600000	 0.041307140018130
2975.114469945430000	 0.040943262924682
2975.347428560260000	 0.040575215440200
2975.580387175080000	 0.040218177265420
2975.813345789910000	 0.039884724819915
2976.046304404740000	 0.039577037459814
2976.279263019560000	 0.039285793423178
2976.512221634390000	 0.038996308142829
2976.745180249210000	 0.038698131057147
2976.978138864040000	 0.038392232337190
2977.211097478870000	 0.038091350639092
2977.444056093690000	 0.037813144503347
2977.677014708520000	 0.037570045340674
2977.909973323350000	 0.037361701431826
2978.142931938170000	 0.037174511073243
2978.375890553000000	 0.036988701631203
2978.608849167820000	 0.036788993950617
2978.841807782650000	 0.036572739085277
2979.074766397480000	 0.036350876927535
2979.307725012300000	 0.036141246142203
2979.540683627130000	 0.035958154385465
2979.773642241950000	 0.035804201289354
2980.006600856780000	 0.035669018803285
2980.239559471610000	 0.035535594024518
2980.472518086430000	 0.035390414437797
2980.705476701260000	 0.035231435097547
2980.938435316090000	 0.035069187619735
2981.171393930910000	 0.034920412173547
2981.404352545740000	 0.034797944018412
2981.637311160560000	 0.034702733272035
2981.870269775390000	 0.034622657046898
2982.103228390220000	 0.034538876072346
2982.336187005040000	 0.034436095485855
2982.569145619870000	 0.034310809089679
2982.802104234700000	 0.034172833686833
2983.035062849520000	 0.034039396352344
2983.268021464350000	 0.033925315427697
2983.500980079170000	 0.033834962566880
2983.733938694000000	 0.033760569014857
2983.966897308830000	 0.033687706820212
2984.199855923650000	 0.033604558850295
2984.432814538480000	 0.033509383341160
2984.665773153310000	 0.033411726233318
2984.898731768130000	 0.033326709135630
2985.131690382960000	 0.033265815609893
2985.364648997780000	 0.033229631820344
2985.597607612610000	 0.033206849578400
2985.830566227440000	 0.033180168549303
2986.063524842260000	 0.033135648861538
2986.296483457090000	 0.033070014300636
2986.529442071910000	 0.032991661610955
2986.762400686740000	 0.032914901266848
2986.995359301570000	 0.032850928263810
2987.228317916390000	 0.032800878578841
2987.461276531220000	 0.032755046887573
2987.694235146050000	 0.032698669104442
2987.927193760870000	 0.032620739376524
2988.160152375700000	 0.032520509754267
2988.393110990520000	 0.032407752475542
2988.626069605350000	 0.032296657796315
2988.859028220180000	 0.032197071458302
2989.091986835000000	 0.032108386045478
2989.324945449830000	 0.032019862708385
2989.557904064660000	 0.031917329482849
2989.790862679480000	 0.031792306293301
2990.023821294310000	 0.031648032757584
2990.256779909130000	 0.031498651410143
2990.489738523960000	 0.031361856649101
2990.722697138790000	 0.031249212207688
2990.955655753610000	 0.031159798541624
2991.188614368440000	 0.031081024257352
2991.421572983260000	 0.030996291632754
2991.654531598090000	 0.030895100091150
2991.887490212920000	 0.030779596157940
2992.120448827740000	 0.030663581049962
2992.353407442570000	 0.030564400080891
2992.586366057400000	 0.030492343738565
2992.819324672220000	 0.030443761182927
2993.052283287050000	 0.030402100895269
2993.285241901870000	 0.030346582531690
2993.518200516700000	 0.030263707213405
2993.751159131530000	 0.030155027525957
2993.984117746350000	 0.030036661367163
2994.217076361180000	 0.029930717053253
2994.450034976010000	 0.029853356575591
2994.682993590830000	 0.029806125535380
2994.915952205660000	 0.029775402614100
2995.148910820480000	 0.029740286845407
2995.381869435310000	 0.029684431946209
2995.614828050140000	 0.029605072139527
2995.847786664960000	 0.029514165027174
2996.080745279790000	 0.029431177353854
2996.313703894620000	 0.029371801542637
2996.546662509440000	 0.029339115182442
2996.779621124270000	 0.029322209394811
2997.012579739090000	 0.029302961738669
2997.245538353920000	 0.029266869684410
2997.478496968750000	 0.029211498231280
2997.711455583570000	 0.029147573210986
2997.944414198400000	 0.029092147798964
2998.177372813220000	 0.029057921858529
2998.410331428050000	 0.029045016291776
2998.643290042880000	 0.029040076039817
2998.876248657700000	 0.029023305037429
2999.109207272530000	 0.028979372952546
2999.342165887360000	 0.028905858413738
2999.575124502180000	 0.028814385813517
2999.808083117010000	 0.028723915468788
3000.041041731830000	 0.028650160662798
3000.274000346660000	 0.028597262317381
3000.506958961490000	 0.028556488188306
3000.739917576310000	 0.028512589402415
3000.972876191140000	 0.028453888740830
3001.205834805970000	 0.028379935055844
3001.438793420790000	 0.028302055909362
3001.671752035620000	 0.028236452523467
3001.904710650440000	 0.028193974282962
3002.137669265270000	 0.028172757108773
3002.370627880100000	 0.028158344613172
3002.603586494920000	 0.028131565493715
3002.836545109750000	 0.028079773327438
3003.069503724580000	 0.028004875789496
3003.302462339400000	 0.027923294974002
3003.535420954230000	 0.027857611208160
3003.768379569050000	 0.027824423204871
3004.001338183880000	 0.027825192263148
3004.234296798710000	 0.027845285118337
3004.467255413530000	 0.027861880333203
3004.700214028360000	 0.027856354959126
3004.933172643180000	 0.027824172546154
3005.166131258010000	 0.027776739387385
3005.399089872840000	 0.027734303592823
3005.632048487660000	 0.027714006247005
3005.865007102490000	 0.027719832106279
3006.097965717320000	 0.027740062104100
3006.330924332140000	 0.027753551216625
3006.563882946970000	 0.027741131728819
3006.796841561790000	 0.027695597238467
3007.029800176620000	 0.027624738249605
3007.262758791450000	 0.027546073670630
3007.495717406270000	 0.027476688207047
3007.728676021100000	 0.027424212590427
3007.961634635930000	 0.027384090766342
3008.194593250750000	 0.027344439046750
3008.427551865580000	 0.027295243621579
3008.660510480400000	 0.027236084568867
3008.893469095230000	 0.027177569096138
3009.126427710060000	 0.027135541742938
3009.359386324880000	 0.027121517362006
3009.592344939710000	 0.027135085394039
3009.825303554530000	 0.027162954641892
3010.058262169360000	 0.027185434088183
3010.291220784190000	 0.027186706166963
3010.524179399010000	 0.027162936514665
3010.757138013840000	 0.027123533750036
3010.990096628670000	 0.027084927304410
3011.223055243490000	 0.027060596903863
3011.456013858320000	 0.027053230620341
3011.688972473140000	 0.027053613797787
3011.921931087970000	 0.027046860967425
3012.154889702800000	 0.027022190088931
3012.387848317620000	 0.026980277392426
3012.620806932450000	 0.026933679329693
3012.853765547280000	 0.026899953709703
3013.086724162100000	 0.026891436509366
3013.319682776930000	 0.026907648296886
3013.552641391750000	 0.026934890122118
3013.785600006580000	 0.026953473632122
3014.018558621410000	 0.026948515047559
3014.251517236230000	 0.026918031636613
3014.484475851060000	 0.026873637393778
3014.717434465890000	 0.026833505065888
3014.950393080710000	 0.026811776926402
3015.183351695540000	 0.026810638353523
3015.416310310360000	 0.026819705320045
3015.649268925190000	 0.026823100876181
3015.882227540020000	 0.026810028383902
3016.115186154840000	 0.026782494617841
3016.348144769670000	 0.026755435564005
3016.581103384490000	 0.026748911327672
3016.814061999320000	 0.026776665562553
3017.047020614150000	 0.026837555011217
3017.279979228970000	 0.026914886985195
3017.512937843800000	 0.026984283842454
3017.745896458630000	 0.027025778022665
3017.978855073450000	 0.027033360978341
3018.211813688280000	 0.027016716229112
3018.444772303100000	 0.026994421114449
3018.677730917930000	 0.026982748533968
3018.910689532760000	 0.026986589010963
3019.143648147580000	 0.026997691425662
3019.376606762410000	 0.027001137642735
3019.609565377240000	 0.026986113791657
3019.842523992060000	 0.026954463761384
3020.075482606890000	 0.026921788640600
3020.308441221710000	 0.026910208269264
3020.541399836540000	 0.026936717817930
3020.774358451370000	 0.027003611193018
3021.007317066190000	 0.027096341414286
3021.240275681020000	 0.027190064378705
3021.473234295850000	 0.027261265088813
3021.706192910670000	 0.027298104857915
3021.939151525500000	 0.027304078960492
3022.172110140320000	 0.027293577351504
3022.405068755150000	 0.027282529959705
3022.638027369980000	 0.027279849242227
3022.870985984800000	 0.027284527710355
3023.103944599630000	 0.027289595695520
3023.336903214450000	 0.027289873344434
3023.569861829280000	 0.027288156093048
3023.802820444110000	 0.027295565846308
3024.035779058930000	 0.027325555782576
3024.268737673760000	 0.027385128840424
3024.501696288590000	 0.027468769607382
3024.734654903410000	 0.027559222402230
3024.967613518240000	 0.027635277709642
3025.200572133060000	 0.027682443201242
3025.433530747890000	 0.027700418549588
3025.666489362720000	 0.027702963401737
3025.899447977540000	 0.027710067739144
3026.132406592370000	 0.027736732466627
3026.365365207200000	 0.027784636616978
3026.598323822020000	 0.027841411885780
3026.831282436850000	 0.027887975020686
3027.064241051670000	 0.027909749637630
3027.297199666500000	 0.027905357943911
3027.530158281330000	 0.027887862080555
3027.763116896150000	 0.027877960777503
3027.996075510980000	 0.027893107382786
3028.229034125800000	 0.027938722860703
3028.461992740630000	 0.028006360933658
3028.694951355460000	 0.028079603802150
3028.927909970280000	 0.028143955087999
3029.160868585110000	 0.028194733336756
3029.393827199940000	 0.028238330581930
3029.626785814760000	 0.028286307781037
3029.859744429590000	 0.028346129330840
3030.092703044410000	 0.028414352314280
3030.325661659240000	 0.028476639232203
3030.558620274070000	 0.028514865455607
3030.791578888890000	 0.028517232722565
3031.024537503720000	 0.028485348120659
3031.257496118550000	 0.028433932272908
3031.490454733370000	 0.028383137218942
3031.723413348200000	 0.028347787691079
3031.956371963020000	 0.028329717625661
3032.189330577850000	 0.028317699044343
3032.422289192680000	 0.028295117032652
3032.655247807500000	 0.028250967245309
3032.888206422330000	 0.028187690152989
3033.121165037160000	 0.028121129203345
3033.354123651980000	 0.028072449997979
3033.587082266810000	 0.028056478713504
3033.820040881630000	 0.028072994023056
3034.052999496460000	 0.028105914378483
3034.285958111290000	 0.028130921777843
3034.518916726110000	 0.028127309383035
3034.751875340940000	 0.028087514578994
3034.984833955760000	 0.028019283079690
3035.217792570590000	 0.027939738694407
3035.450751185420000	 0.027865187546965
3035.683709800240000	 0.027802684653439
3035.916668415070000	 0.027748091039594
3036.149627029900000	 0.027691345002392
3036.382585644720000	 0.027625304367792
3036.615544259550000	 0.027552421866723
3036.848502874370000	 0.027484960725114
3037.081461489200000	 0.027438483928122
3037.314420104030000	 0.027422477112680
3037.547378718850000	 0.027433785867470
3037.780337333680000	 0.027457021836043
3038.013295948510000	 0.027472028308989
3038.246254563330000	 0.027464229229342
3038.479213178160000	 0.027431846186514
3038.712171792980000	 0.027385772929723
3038.945130407810000	 0.027342245531187
3039.178089022640000	 0.027312688084044
3039.411047637460000	 0.027296778464716
3039.644006252290000	 0.027282924333128
3039.876964867120000	 0.027255968774215
3040.109923481940000	 0.027207550364425
3040.342882096770000	 0.027142799149167
3040.575840711590000	 0.027079112510736
3040.808799326420000	 0.027037405146398
3041.041757941250000	 0.027030687753736
3041.274716556070000	 0.027056525035831
3041.507675170900000	 0.027097874097875
3041.740633785720000	 0.027132076550363
3041.973592400550000	 0.027143019264679
3042.206551015380000	 0.027129529190726
3042.439509630200000	 0.027105169167486
3042.672468245030000	 0.027089521981906
3042.905426859860000	 0.027095915340585
3043.138385474680000	 0.027122619552996
3043.371344089510000	 0.027152682168806
3043.604302704330000	 0.027162708096070
3043.837261319160000	 0.027135752636568
3044.070219933990000	 0.027071102742770
3044.303178548810000	 0.026985510496557
3044.536137163640000	 0.026905262953365
3044.769095778470000	 0.026853469925227
3045.002054393290000	 0.026839413387392
3045.235013008120000	 0.026855516274581
3045.467971622940000	 0.026883177621409
3045.700930237770000	 0.026903751443170
3045.933888852600000	 0.026908201227507
3046.166847467420000	 0.026900075814674
3046.399806082250000	 0.026890650261024
3046.632764697070000	 0.026889726112290
3046.865723311900000	 0.026897974392589
3047.098681926730000	 0.026905569521095
3047.331640541550000	 0.026897938947518
3047.564599156380000	 0.026865065010086
3047.797557771210000	 0.026808580429433
3048.030516386030000	 0.026742239121914
3048.263475000860000	 0.026685339393406
3048.496433615680000	 0.026652865958371
3048.729392230510000	 0.026648059050480
3048.962350845340000	 0.026661726493127
3049.195309460160000	 0.026678658248407
3049.428268074990000	 0.026687264417996
3049.661226689820000	 0.026686618623357
3049.894185304640000	 0.026686683318034
3050.127143919470000	 0.026701627347911
3050.360102534290000	 0.026740291804441
3050.593061149120000	 0.026799592721929
3050.826019763950000	 0.026864975810472
3051.058978378770000	 0.026917872002501
3051.291936993600000	 0.026945855420535
3051.524895608430000	 0.026949486878143
3051.757854223250000	 0.026941748273698
3051.990812838080000	 0.026940345157072
3052.223771452900000	 0.026957326188163
3052.456730067730000	 0.026992042493031
3052.689688682560000	 0.027031581437289
3052.922647297380000	 0.027058487335610
3053.155605912210000	 0.027061279601771
3053.388564527030000	 0.027041583235672
3053.621523141860000	 0.027013671373879
3053.854481756690000	 0.026996671332173
3054.087440371510000	 0.027003937742573
3054.320398986340000	 0.027035723225244
3054.553357601170000	 0.027079381018535
3054.786316215990000	 0.027116948037793
3055.019274830820000	 0.027135593242121
3055.252233445640000	 0.027134731259079
3055.485192060470000	 0.027125669633426
3055.718150675300000	 0.027124175629827
3055.951109290120000	 0.027140547443686
3056.184067904950000	 0.027173221653250
3056.417026519780000	 0.027209852093717
3056.649985134600000	 0.027235324591686
3056.882943749430000	 0.027241903582595
3057.115902364250000	 0.027235256847587
3057.348860979080000	 0.027232455334120
3057.581819593910000	 0.027252802759453
3057.814778208730000	 0.027306663689069
3058.047736823560000	 0.027388813462277
3058.280695438390000	 0.027480410749638
3058.513654053210000	 0.027558772701172
3058.746612668040000	 0.027609515909572
3058.979571282860000	 0.027634116955269
3059.212529897690000	 0.027648529102628
3059.445488512520000	 0.027673619981186
3059.678447127340000	 0.027722856228523
3059.911405742170000	 0.027794250520360
3060.144364356990000	 0.027871233837872
3060.377322971820000	 0.027932055633057
3060.610281586650000	 0.027962370857846
3060.843240201470000	 0.027963790510386
3061.076198816300000	 0.027953527526801
3061.309157431130000	 0.027955413371926
3061.542116045950000	 0.027987430556370
3061.775074660780000	 0.028052778534209
3062.008033275600000	 0.028139396037537
3062.240991890430000	 0.028227973359092
3062.473950505260000	 0.028303578799868
3062.706909120080000	 0.028364017576644
3062.939867734910000	 0.028420156048012
3063.172826349740000	 0.028488326488507
3063.405784964560000	 0.028579604678418
3063.638743579390000	 0.028692532108407
3063.871702194210000	 0.028813761694898
3064.104660809040000	 0.028926317230789
3064.337619423870000	 0.029020462797153
3064.570578038690000	 0.029100470204565
3064.803536653520000	 0.029182962358133
3065.036495268340000	 0.029287529272067
3065.269453883170000	 0.029424942609654
3065.502412498000000	 0.029589871461293
3065.735371112820000	 0.029762603954130
3065.968329727650000	 0.029919147367832
3066.201288342480000	 0.030044116207718
3066.434246957300000	 0.030139049962064
3066.667205572130000	 0.030221389209744
3066.900164186960000	 0.030314703685750
3067.133122801780000	 0.030435714730984
3067.366081416610000	 0.030585422113903
3067.599040031430000	 0.030749306894965
3067.831998646260000	 0.030906397359457
3068.064957261090000	 0.031041854119567
3068.297915875910000	 0.031155710889126
3068.530874490740000	 0.031262760570854
3068.763833105560000	 0.031383829705453
3068.996791720390000	 0.031533657867973
3069.229750335220000	 0.031712466426412
3069.462708950040000	 0.031906094243006
3069.695667564870000	 0.032094553499302
3069.928626179700000	 0.032263888411980
3070.161584794520000	 0.032414273636347
3070.394543409350000	 0.032559567752350
3070.627502024170000	 0.032718622975820
3070.860460639000000	 0.032903488272539
3071.093419253830000	 0.033111461690992
3071.326377868650000	 0.033325733126199
3071.559336483480000	 0.033524315147731
3071.792295098300000	 0.033691992505351
3072.025253713130000	 0.033828173578143
3072.258212327960000	 0.033945984583265
3072.491170942780000	 0.034063167366349
3072.724129557610000	 0.034190155801182
3072.957088172440000	 0.034322361316412
3073.190046787260000	 0.034441293128743
3073.423005402090000	 0.034523982603762
3073.655964016910000	 0.034555212808560
3073.888922631740000	 0.034535297767399
3074.121881246570000	 0.034478761894630
3074.354839861390000	 0.034404650255099
3074.587798476220000	 0.034324122689083
3074.820757091050000	 0.034232638577934
3075.053715705870000	 0.034111511488744
3075.286674320700000	 0.033938261590204
3075.519632935520000	 0.033700031438450
3075.752591550350000	 0.033402435948403
3075.985550165180000	 0.033068767207862
3076.218508780000000	 0.032729907917109
3076.451467394830000	 0.032410431175511
3076.684426009660000	 0.032118375682021
3076.917384624480000	 0.031844078876802
3077.150343239310000	 0.031568383781209
3077.383301854130000	 0.031275319664186
3077.616260468960000	 0.030962025053766
3077.849219083790000	 0.030640584403264
3078.082177698610000	 0.030331310519355
3078.315136313440000	 0.030051853145301
3078.548094928260000	 0.029808622488295
3078.781053543090000	 0.029595339144114
3079.014012157920000	 0.029399096204149
3079.246970772740000	 0.029209755452193
3079.479929387570000	 0.029026583664465
3079.712888002400000	 0.028857944548975
3079.945846617220000	 0.028714329759378
3080.178805232050000	 0.028599239674867
3080.411763846870000	 0.028503898341651
3080.644722461700000	 0.028409633105595
3080.877681076530000	 0.028297131628019
3081.110639691350000	 0.028157400363542
3081.343598306180000	 0.027997859931394
3081.576556921010000	 0.027839629017720
3081.809515535830000	 0.027707116716761
3082.042474150660000	 0.027615520962542
3082.275432765480000	 0.027563146600082
3082.508391380310000	 0.027532870896552
3082.741349995140000	 0.027501969506979
3082.974308609960000	 0.027454723549256
3083.207267224790000	 0.027390604172699
3083.440225839610000	 0.027323418381350
3083.673184454440000	 0.027272066374484
3083.906143069270000	 0.027248402691078
3084.139101684090000	 0.027249357594994
3084.372060298920000	 0.027258019313203
3084.605018913750000	 0.027253130183932
3084.837977528570000	 0.027221428435478
3085.070936143400000	 0.027165529753803
3085.303894758220000	 0.027102679453141
3085.536853373050000	 0.027055061737161
3085.769811987880000	 0.027037218530873
3086.002770602700000	 0.027047782848074
3086.235729217530000	 0.027070303859501
3086.468687832360000	 0.027082740689652
3086.701646447180000	 0.027070142683492
3086.934605062010000	 0.027033134914587
3087.167563676830000	 0.026987292400827
3087.400522291660000	 0.026953815615656
3087.633480906490000	 0.026946934998577
3087.866439521310000	 0.026965330283375
3088.099398136140000	 0.026992546044183
3088.332356750970000	 0.027006187384877
3088.565315365790000	 0.026990558144851
3088.798273980620000	 0.026945433502423
3089.031232595440000	 0.026886037265409
3089.264191210270000	 0.026834493584648
3089.497149825100000	 0.026807889534676
3089.730108439920000	 0.026809866504589
3089.963067054750000	 0.026830436355861
3090.196025669570000	 0.026853765883308
3090.428984284400000	 0.026868863693233
3090.661942899230000	 0.026876382615482
3090.894901514050000	 0.026887233636927
3091.127860128880000	 0.026913846439119
3091.360818743710000	 0.026959549137141
3091.593777358530000	 0.027012920508969
3091.826735973360000	 0.027051239625651
3092.059694588180000	 0.027051786167828
3092.292653203010000	 0.027004839741341
3092.525611817840000	 0.026920822650269
3092.758570432660000	 0.026827096756885
3092.991529047490000	 0.026755663969200
3093.224487662320000	 0.026728111062026
3093.457446277140000	 0.026745774964655
3093.690404891970000	 0.026790375619427
3093.923363506790000	 0.026834650586293
3094.156322121620000	 0.026856966487762
3094.389280736450000	 0.026851759531508
3094.622239351270000	 0.026830274480665
3094.855197966100000	 0.026811789653265
3095.088156580930000	 0.026810903831826
3095.321115195750000	 0.026828495098217
3095.554073810580000	 0.026851605735959
3095.787032425400000	 0.026862120397566
3096.019991040230000	 0.026848795958149
3096.252949655060000	 0.026815171721320
3096.485908269880000	 0.026778395221481
3096.718866884710000	 0.026759475053971
3096.951825499540000	 0.026770619862082
3097.184784114360000	 0.026807179533147
3097.417742729190000	 0.026849196653881
3097.650701344010000	 0.026872031031279
3097.883659958840000	 0.026860111395409
3098.116618573670000	 0.026815895585262
3098.349577188490000	 0.026758841458977
3098.582535803320000	 0.026714926236069
3098.815494418140000	 0.026702599584294
3099.048453032970000	 0.026723041600930
3099.281411647800000	 0.026760170820665
3099.514370262620000	 0.026790303842466
3099.747328877450000	 0.026795810077187
3099.980287492280000	 0.026774838440254
3100.213246107100000	 0.026741608574388
3100.446204721930000	 0.026717339125787
3100.679163336750000	 0.026717282426046
3100.912121951580000	 0.026741504121491
3101.145080566410000	 0.026774829374396
3101.378039181230000	 0.026796000160846
3101.610997796060000	 0.026790627400443
3101.843956410880000	 0.026760264680577
3102.076915025710000	 0.026722255845990
3102.309873640540000	 0.026700428691851
3102.542832255360000	 0.026711962348123
3102.775790870190000	 0.026757898942780
3103.008749485020000	 0.026822668444120
3103.241708099840000	 0.026882799516383
3103.474666714670000	 0.026919653043525
3103.707625329490000	 0.026928751162845
3103.940583944320000	 0.026920474115768
3104.173542559150000	 0.026912127876434
3104.406501173970000	 0.026916434941065
3104.639459788800000	 0.026933468682545
3104.872418403630000	 0.026950890295133
3105.105377018450000	 0.026952297214984
3105.338335633280000	 0.026928503531158
3105.571294248100000	 0.026884710699989
3105.804252862930000	 0.026838980284295
3106.037211477760000	 0.026812653387822
3106.270170092580000	 0.026818202319486
3106.503128707410000	 0.026851652554878
3106.736087322230000	 0.026894217275646
3106.969045937060000	 0.026922464275476
3107.202004551890000	 0.026921237275974
3107.434963166710000	 0.026891816972109
3107.667921781540000	 0.026850578738166
3107.900880396370000	 0.026818990752916
3108.133839011190000	 0.026810855953272
3108.366797626020000	 0.026824349534171
3108.599756240840000	 0.026843695845432
3108.832714855670000	 0.026849683712229
3109.065673470500000	 0.026832844391152
3109.298632085320000	 0.026801303879251
3109.531590700150000	 0.026778280861945
3109.764549314980000	 0.026790162433931
3109.997507929800000	 0.026851550187450
3110.230466544630000	 0.026955594614166
3110.463425159450000	 0.027075267554980
3110.696383774280000	 0.027175300817290
3110.929342389110000	 0.027228562896410
3111.162301003930000	 0.027228132917109
3111.395259618760000	 0.027188791076775
3111.628218233590000	 0.027137563909362
3111.861176848410000	 0.027098863651357
3112.094135463240000	 0.027082430049892
3112.327094078060000	 0.027080416482394
3112.560052692890000	 0.027074656185827
3112.793011307720000	 0.027049381405844
3113.025969922540000	 0.027001784724694
3113.258928537370000	 0.026944438730605
3113.491887152200000	 0.026898570828213
3113.724845767020000	 0.026882459472211
3113.957804381850000	 0.026901797340398
3114.190762996670000	 0.026947442428865
3114.423721611500000	 0.027001457122968
3114.656680226330000	 0.027047404073541
3114.889638841150000	 0.027078529158729
3115.122597455980000	 0.027099108329446
3115.355556070800000	 0.027118695942631
3115.588514685630000	 0.027143434073114
3115.821473300460000	 0.027170310818575
3116.054431915280000	 0.027188310448045
3116.287390530110000	 0.027185943367467
3116.520349144940000	 0.027160404024056
3116.753307759760000	 0.027122291205202
3116.986266374590000	 0.027092334369193
3117.219224989410000	 0.027091364048861
3117.452183604240000	 0.027128956508275
3117.685142219070000	 0.027197309328735
3117.918100833890000	 0.027274206555482
3118.151059448720000	 0.027333794075674
3118.384018063550000	 0.027359285741349
3118.616976678370000	 0.027350530521458
3118.849935293200000	 0.027322371123603
3119.082893908020000	 0.027295040193945
3119.315852522850000	 0.027282318916123
3119.548811137680000	 0.027284350725065
3119.781769752500000	 0.027289234456754
3120.014728367330000	 0.027282289084053
3120.247686982150000	 0.027257189942002
3120.480645596980000	 0.027221953250858
3120.713604211810000	 0.027195840239658
3120.946562826630000	 0.027198741658951
3121.179521441460000	 0.027239160367604
3121.412480056290000	 0.027307920677801
3121.645438671110000	 0.027381614627466
3121.878397285940000	 0.027434211610348
3122.111355900760000	 0.027450396594032
3122.344314515590000	 0.027433048756782
3122.577273130420000	 0.027400613106105
3122.810231745240000	 0.027375930991276
3123.043190360070000	 0.027372961444418
3123.276148974900000	 0.027389033813431
3123.509107589720000	 0.027407143762145
3123.742066204550000	 0.027406977961561
3123.975024819370000	 0.027378136183240
3124.207983434200000	 0.027327625709791
3124.440942049030000	 0.027277074411064
3124.673900663850000	 0.027251167219819
3124.906859278680000	 0.027263928821480
3125.139817893510000	 0.027310774172851
3125.372776508330000	 0.027371027285340
3125.605735123160000	 0.027419591865289
3125.838693737980000	 0.027441053382059
3126.071652352810000	 0.027437984747605
3126.304610967640000	 0.027428608984691
3126.537569582460000	 0.027435185752631
3126.770528197290000	 0.027469863332843
3127.003486812120000	 0.027526269797578
3127.236445426940000	 0.027581954952055
3127.469404041770000	 0.027610588221233
3127.702362656590000	 0.027597053105757
3127.935321271420000	 0.027546741223537
3128.168279886250000	 0.027483621580569
3128.401238501070000	 0.027438043277716
3128.634197115900000	 0.027430967876781
3128.867155730720000	 0.027463279703582
3129.100114345550000	 0.027515999798680
3129.333072960380000	 0.027561143429443
3129.566031575200000	 0.027576987897186
3129.798990190030000	 0.027559158928457
3130.031948804860000	 0.027521586431387
3130.264907419680000	 0.027487315170377
3130.497866034510000	 0.027474825094656
3130.730824649330000	 0.027487788553422
3130.963783264160000	 0.027513949919482
3131.196741878990000	 0.027533372411499
3131.429700493810000	 0.027530801997875
3131.662659108640000	 0.027504643924116
3131.895617723470000	 0.027467353473168
3132.128576338290000	 0.027437346184329
3132.361534953120000	 0.027427557960154
3132.594493567940000	 0.027437659634197
3132.827452182770000	 0.027454666121076
3133.060410797600000	 0.027461575885553
3133.293369412420000	 0.027448730337873
3133.526328027250000	 0.027420858355372
3133.759286642070000	 0.027395373706462
3133.992245256900000	 0.027392769796213
3134.225203871730000	 0.027424686583504
3134.458162486550000	 0.027486672150695
3134.691121101380000	 0.027559996282558
3134.924079716210000	 0.027621555433553
3135.157038331030000	 0.027656051766661
3135.389996945860000	 0.027663264168400
3135.622955560680000	 0.027656245636987
3135.855914175510000	 0.027651761677737
3136.088872790340000	 0.027658889225904
3136.321831405160000	 0.027672783445758
3136.554790019990000	 0.027677579930976
3136.787748634810000	 0.027656897514679
3137.020707249640000	 0.027605648094823
3137.253665864470000	 0.027535824731790
3137.486624479290000	 0.027472370455435
3137.719583094120000	 0.027441052548233
3137.952541708950000	 0.027455027105156
3138.185500323770000	 0.027507765419672
3138.418458938600000	 0.027576603785828
3138.651417553420000	 0.027635140234293
3138.884376168250000	 0.027667480390383
3139.117334783080000	 0.027676156542380
3139.350293397900000	 0.027679214502174
3139.583252012730000	 0.027698243182773
3139.816210627560000	 0.027744316282583
3140.049169242380000	 0.027810046830077
3140.282127857210000	 0.027872541729186
3140.515086472030000	 0.027905776923332
3140.748045086860000	 0.027895344702352
3140.981003701690000	 0.027847046522892
3141.213962316510000	 0.027784357968647
3141.446920931340000	 0.027736161333853
3141.679879546170000	 0.027721573114929
3141.912838160990000	 0.027740249681204
3142.145796775820000	 0.027773474834522
3142.378755390640000	 0.027795257521864
3142.611714005470000	 0.027786978682910
3142.844672620300000	 0.027747210642694
3143.077631235120000	 0.027691356695255
3143.310589849950000	 0.027641788331055
3143.543548464780000	 0.027614553691320
3143.776507079600000	 0.027610484757453
3144.009465694430000	 0.027615778451343
3144.242424309250000	 0.027611445900986
3144.475382924080000	 0.027585714310054
3144.708341538910000	 0.027541766591256
3144.941300153730000	 0.027496155730291
3145.174258768560000	 0.027468918683219
3145.407217383380000	 0.027471359444070
3145.640175998210000	 0.027498850343795
3145.873134613040000	 0.027533074400626
3146.106093227860000	 0.027552524856340
3146.339051842690000	 0.027545059493525
3146.572010457520000	 0.027514996171958
3146.804969072340000	 0.027480499937607
3147.037927687170000	 0.027462801336529
3147.270886301990000	 0.027473594271130
3147.503844916820000	 0.027508046547006
3147.736803531650000	 0.027547618600788
3147.969762146470000	 0.027571102541548
3148.202720761300000	 0.027567325475195
3148.435679376130000	 0.027541896003529
3148.668637990950000	 0.027513932948220
3148.901596605780000	 0.027504687326396
3149.134555220600000	 0.027524759118746
3149.367513835430000	 0.027567488680439
3149.600472450260000	 0.027612564425932
3149.833431065080000	 0.027637862931825
3150.066389679910000	 0.027632536861014
3150.299348294740000	 0.027603522818512
3150.532306909560000	 0.027571559128721
3150.765265524390000	 0.027559060382607
3150.998224139210000	 0.027577036195323
3151.231182754040000	 0.027618898120941
3151.464141368870000	 0.027665055665056
3151.697099983690000	 0.027695777493522
3151.930058598520000	 0.027704624304982
3152.163017213340000	 0.027704116540747
3152.395975828170000	 0.027719732831289
3152.628934443000000	 0.027775195464380
3152.861893057820000	 0.027877255858722
3153.094851672650000	 0.028008864934551
3153.327810287480000	 0.028135213636468
3153.560768902300000	 0.028219920028079
3153.793727517130000	 0.028242708449888
3154.026686131950000	 0.028208906997822
3154.259644746780000	 0.028145661874460
3154.492603361610000	 0.028087145375419
3154.725561976430000	 0.028056969856344
3154.958520591260000	 0.028057370757647
3155.191479206090000	 0.028070835015704
3155.424437820910000	 0.028072760201664
3155.657396435740000	 0.028047389778272
3155.890355050560000	 0.027997502410972
3156.123313665390000	 0.027942254967549
3156.356272280220000	 0.027904727289504
3156.589230895040000	 0.027896806858298
3156.822189509870000	 0.027910665523311
3157.055148124690000	 0.027922339528009
3157.288106739520000	 0.027905826757014
3157.521065354350000	 0.027849707604764
3157.754023969170000	 0.027766492697988
3157.986982584000000	 0.027688874223221
3158.219941198830000	 0.027654397810401
3158.452899813650000	 0.027686538255916
3158.685858428480000	 0.027782279507268
3158.918817043300000	 0.027912947182480
3159.151775658130000	 0.028037891250057
3159.384734272960000	 0.028123572991904
3159.617692887780000	 0.028157823150059
3159.850651502610000	 0.028152140118504
3160.083610117440000	 0.028131817811988
3160.316568732260000	 0.028120258548006
3160.549527347090000	 0.028126497677649
3160.782485961910000	 0.028142553445453
3161.015444576740000	 0.028151199952167
3161.248403191570000	 0.028138621182145
3161.481361806390000	 0.028103817304065
3161.714320421220000	 0.028059104923576
3161.947279036050000	 0.028021841632850
3162.180237650870000	 0.028002941441414
3162.413196265700000	 0.027999647007875
3162.646154880520000	 0.027997360830084
3162.879113495350000	 0.027979656916116
3163.112072110180000	 0.027940300040155
3163.345030725000000	 0.027889559543543
3163.577989339830000	 0.027850384486452
3163.810947954650000	 0.027846082000627
3164.043906569480000	 0.027886350284965
3164.276865184310000	 0.027959855807413
3164.509823799130000	 0.028038159469584
3164.742782413960000	 0.028089401872763
3164.975741028790000	 0.028094381294563
3165.208699643610000	 0.028056075237434
3165.441658258440000	 0.027997340965527
3165.674616873260000	 0.027948222402993
3165.907575488090000	 0.027930037142504
3166.140534102920000	 0.027945068858873
3166.373492717740000	 0.027977416186453
3166.606451332570000	 0.028004115836887
3166.839409947390000	 0.028009699963846
3167.072368562220000	 0.027995453791132
3167.305327177050000	 0.027977978588962
3167.538285791870000	 0.027978121802487
3167.771244406700000	 0.028007028182016
3168.004203021530000	 0.028057782015945
3168.237161636350000	 0.028107906709953
3168.470120251180000	 0.028131590200942
3168.703078866000000	 0.028114602623848
3168.936037480830000	 0.028063108239730
3169.168996095660000	 0.028001083961179
3169.401954710480000	 0.027957647787979
3169.634913325310000	 0.027951363191589
3169.867871940140000	 0.027980344470721
3170.100830554960000	 0.028023806813246
3170.333789169790000	 0.028054239038964
3170.566747784610000	 0.028053246972270
3170.799706399440000	 0.028022011280760
3171.032665014270000	 0.027980524329813
3171.265623629090000	 0.027956269124878
3171.498582243920000	 0.027968906405787
3171.731540858750000	 0.028019614288918
3171.964499473570000	 0.028090953978693
3172.197458088400000	 0.028157047352903
3172.430416703220000	 0.028197907019783
3172.663375318050000	 0.028209529179066
3172.896333932880000	 0.028204171827976
3173.129292547700000	 0.028201216222875
3173.362251162530000	 0.028214469645009
3173.595209777360000	 0.028243628026084
3173.828168392180000	 0.028274950135675
3174.061127007010000	 0.028290558005647
3174.294085621830000	 0.028280493827829
3174.527044236660000	 0.028249998613004
3174.760002851490000	 0.028217468381786
3174.992961466310000	 0.028204247650022
3175.225920081140000	 0.028222336512848
3175.458878695960000	 0.028267381621348
3175.691837310790000	 0.028321259576580
3175.924795925620000	 0.028362831916632
3176.157754540440000	 0.028380430575012
3176.390713155270000	 0.028378492759844
3176.623671770100000	 0.028374290184395
3176.856630384920000	 0.028386682660968
3177.089588999750000	 0.028423647763995
3177.322547614570000	 0.028476215679674
3177.555506229400000	 0.028522814257466
3177.788464844230000	 0.028541839719002
3178.021423459050000	 0.028525130548111
3178.254382073880000	 0.028484192721747
3178.487340688710000	 0.028445132566038
3178.720299303530000	 0.028434804331086
3178.953257918360000	 0.028465831817446
3179.186216533180000	 0.028529053440321
3179.419175148010000	 0.028597998825325
3179.652133762840000	 0.028643223897012
3179.885092377660000	 0.028648537160916
3180.118050992490000	 0.028619927182548
3180.351009607320000	 0.028582184182800
3180.583968222140000	 0.028565205425040
3180.816926836970000	 0.028587669202568
3181.049885451790000	 0.028647101097743
3181.282844066620000	 0.028721725393013
3181.515802681450000	 0.028782841109038
3181.748761296270000	 0.028810498342323
3181.981719911100000	 0.028803528603856
3182.214678525920000	 0.028778535446219
3182.447637140750000	 0.028759001686383
3182.680595755580000	 0.028761271242690
3182.913554370400000	 0.028785707490788
3183.146512985230000	 0.028818070980044
3183.379471600060000	 0.028839957610152
3183.612430214880000	 0.028841621091141
3183.845388829710000	 0.028829076035663
3184.078347444530000	 0.028820940068260
3184.311306059360000	 0.028836757013570
3184.544264674190000	 0.028883744192217
3184.777223289010000	 0.028950053860308
3185.010181903840000	 0.029009052748212
3185.243140518670000	 0.029032718184934
3185.476099133490000	 0.029006733614308
3185.709057748320000	 0.028938675800035
3185.942016363140000	 0.028854613031020
3186.174974977970000	 0.028786031554321
3186.407933592800000	 0.028754378979037
3186.640892207620000	 0.028761730548139
3186.873850822450000	 0.028792540710393
3187.106809437270000	 0.028825044500500
3187.339768052100000	 0.028845266147769
3187.572726666930000	 0.028855199819844
3187.805685281750000	 0.028870421967638
3188.038643896580000	 0.028908822307690
3188.271602511410000	 0.028977420870015
3188.504561126230000	 0.029065400708226
3188.737519741060000	 0.029147907205101
3188.970478355880000	 0.029198799395523
3189.203436970710000	 0.029205079642455
3189.436395585540000	 0.029174563773010
3189.669354200360000	 0.029132247226671
3189.902312815190000	 0.029107333988690
3190.135271430020000	 0.029118157490711
3190.368230044840000	 0.029163351689313
3190.601188659670000	 0.029224068807926
3190.834147274490000	 0.029275718579464
3191.067105889320000	 0.029302226637589
3191.300064504150000	 0.029304502851802
3191.533023118970000	 0.029298468062488
3191.765981733800000	 0.029304263684640
3191.998940348630000	 0.029333368054673
3192.231898963450000	 0.029381408719109
3192.464857578280000	 0.029430969699412
3192.697816193100000	 0.029462633909589
3192.930774807930000	 0.029467457067974
3193.163733422760000	 0.029453188305925
3193.396692037580000	 0.029440385941063
3193.629650652410000	 0.029450673151056
3193.862609267230000	 0.029494052790112
3194.095567882060000	 0.029562808108297
3194.328526496890000	 0.029635712229769
3194.561485111710000	 0.029690146165756
3194.794443726540000	 0.029714900086937
3195.027402341370000	 0.029715974087158
3195.260360956190000	 0.029711949949664
3195.493319571020000	 0.029721793329073
3195.726278185840000	 0.029752471871033
3195.959236800670000	 0.029793964001410
3196.192195415500000	 0.029824946183771
3196.425154030320000	 0.029826025737499
3196.658112645150000	 0.029792628208536
3196.891071259980000	 0.029739612526204
3197.124029874800000	 0.029694505998501
3197.356988489630000	 0.029682958629847
3197.589947104450000	 0.029714638387612
3197.822905719280000	 0.029777736751886
3198.055864334110000	 0.029845493195023
3198.288822948930000	 0.029891200175702
3198.521781563760000	 0.029903036006917
3198.754740178590000	 0.029890031720314
3198.987698793410000	 0.029875658994098
3199.220657408240000	 0.029882778496105
3199.453616023060000	 0.029918748841670
3199.686574637890000	 0.029969543385682
3199.919533252720000	 0.030006670897200
3200.152491867540000	 0.030003241969077
3200.385450482370000	 0.029949987600085
3200.618409097190000	 0.029861883990006
3200.851367712020000	 0.029771417028181
3201.084326326850000	 0.029712126394806
3201.317284941670000	 0.029701507339159
3201.550243556500000	 0.029732727215327
3201.783202171330000	 0.029779746988402
3202.016160786150000	 0.029812866664690
3202.249119400980000	 0.029815718161733
3202.482078015800000	 0.029793982402150
3202.715036630630000	 0.029771093197468
3202.947995245460000	 0.029773783234836
3203.180953860280000	 0.029816043255793
3203.413912475110000	 0.029890808111916
3203.646871089940000	 0.029974129530399
3203.879829704760000	 0.030039244837545
3204.112788319590000	 0.030072060523936
3204.345746934410000	 0.030078781642387
3204.578705549240000	 0.030081228041269
3204.811664164070000	 0.030102739065878
3205.044622778890000	 0.030153085304696
3205.277581393720000	 0.030221420499164
3205.510540008540000	 0.030281689932904
3205.743498623370000	 0.030307566922519
3205.976457238200000	 0.030288194873629
3206.209415853020000	 0.030235399937535
3206.442374467850000	 0.030178034458356
3206.675333082680000	 0.030146591581631
3206.908291697500000	 0.030156787185390
3207.141250312330000	 0.030201411470338
3207.374208927150000	 0.030255097166839
3207.607167541980000	 0.030289218475168
3207.840126156810000	 0.030288197307046
3208.073084771630000	 0.030257729939204
3208.306043386460000	 0.030220351155177
3208.539002001290000	 0.030201227103190
3208.771960616110000	 0.030212674389666
3209.004919230940000	 0.030246574892265
3209.237877845760000	 0.030279263316315
3209.470836460590000	 0.030286094273199
3209.703795075420000	 0.030257022137224
3209.936753690240000	 0.030203818799502
3210.169712305070000	 0.030154492537699
3210.402670919900000	 0.030137962163695
3210.635629534720000	 0.030167666179444
3210.868588149550000	 0.030233482668448
3211.101546764370000	 0.030306728703774
3211.334505379200000	 0.030355530883086
3211.567463994030000	 0.030361797429699
3211.800422608850000	 0.030330135860164
3212.033381223680000	 0.030283908636060
3212.266339838500000	 0.030251103409078
3212.499298453330000	 0.030248357329246
3212.732257068160000	 0.030272279040630
3212.965215682980000	 0.030302857091608
3213.198174297810000	 0.030316639888048
3213.431132912640000	 0.030301616952915
3213.664091527460000	 0.030264863025282
3213.897050142290000	 0.030228544095024
3214.130008757110000	 0.030216896500377
3214.362967371940000	 0.030242035168883
3214.595925986770000	 0.030297018210703
3214.828884601590000	 0.030360248037567
3215.061843216420000	 0.030408456058022
3215.294801831250000	 0.030430246402142
3215.527760446070000	 0.030431834729779
3215.760719060900000	 0.030431493868563
3215.993677675720000	 0.030446199214522
3216.226636290550000	 0.030478779588228
3216.459594905380000	 0.030513751384771
3216.692553520200000	 0.030524987408445
3216.925512135030000	 0.030491224835352
3217.158470749860000	 0.030410390213576
3217.391429364680000	 0.030304046738132
3217.624387979510000	 0.030208859212232
3217.857346594330000	 0.030159411454175
3218.090305209160000	 0.030171666229781
3218.323263823990000	 0.030236130744386
3218.556222438810000	 0.030324461514741
3218.789181053640000	 0.030405616156095
3219.022139668460000	 0.030462131029799
3219.255098283290000	 0.030497165471278
3219.488056898120000	 0.030528647511409
3219.721015512940000	 0.030574611180800
3219.953974127770000	 0.030638978427980
3220.186932742600000	 0.030706723556399
3220.419891357420000	 0.030751754086272
3220.652849972250000	 0.030753055031614
3220.885808587070000	 0.030709296120954
3221.118767201900000	 0.030642653407094
3221.351725816730000	 0.030588848867073
3221.584684431550000	 0.030578545830060
3221.817643046380000	 0.030620471018072
3222.050601661210000	 0.030696037330805
3222.283560276030000	 0.030769023566263
3222.516518890860000	 0.030805287159121
3222.749477505680000	 0.030791485271850
3222.982436120510000	 0.030742144554451
3223.215394735340000	 0.030691052324779
3223.448353350160000	 0.030671840138437
3223.681311964990000	 0.030698687661894
3223.914270579810000	 0.030758054483272
3224.147229194640000	 0.030816238351587
3224.380187809470000	 0.030838557918632
3224.613146424290000	 0.030809190660454
3224.846105039120000	 0.030740325680632
3225.079063653950000	 0.030665556765611
3225.312022268770000	 0.030621444258525
3225.544980883600000	 0.030627698411797
3225.777939498420000	 0.030677054947486
3226.010898113250000	 0.030740388729967
3226.243856728080000	 0.030783888871514
3226.476815342900000	 0.030788162606996
3226.709773957730000	 0.030758205724691
3226.942732572560000	 0.030718831373133
3227.175691187380000	 0.030698771069764
3227.408649802210000	 0.030713103136567
3227.641608417030000	 0.030754421063106
3227.874567031860000	 0.030797924418339
3228.107525646690000	 0.030817299285963
3228.340484261510000	 0.030801705004399
3228.573442876340000	 0.030763485082991
3228.806401491170000	 0.030731838232010
3229.039360105990000	 0.030736078649951
3229.272318720820000	 0.030788275555337
3229.505277335640000	 0.030875557913985
3229.738235950470000	 0.030966902039429
3229.971194565300000	 0.031030726747837
3230.204153180120000	 0.031053049844653
3230.437111794950000	 0.031045449173560
3230.670070409770000	 0.031038019814512
3230.903029024600000	 0.031061253373503
3231.135987639430000	 0.031127176693267
3231.368946254250000	 0.031220675978042
3231.601904869080000	 0.031306331980023
3231.834863483910000	 0.031347227668133
3232.067822098730000	 0.031325141572574
3232.300780713560000	 0.031250683569292
3232.533739328380000	 0.031157812759503
3232.766697943210000	 0.031086082673208
3232.999656558040000	 0.031060663901800
3233.232615172860000	 0.031081164176874
3233.465573787690000	 0.031125125399903
3233.698532402520000	 0.031163604075981
3233.931491017340000	 0.031179256929998
3234.164449632170000	 0.031176124949715
3234.397408246990000	 0.031175589460349
3234.630366861820000	 0.031201374545217
3234.863325476650000	 0.031262915429158
3235.096284091470000	 0.031347308760889
3235.329242706300000	 0.031424982279702
3235.562201321130000	 0.031465998567163
3235.795159935950000	 0.031457361068071
3236.028118550780000	 0.031410910399099
3236.261077165600000	 0.031356923927630
3236.494035780430000	 0.031326937226771
3236.726994395260000	 0.031335633826998
3236.959953010080000	 0.031372373944692
3237.192911624910000	 0.031407580845875
3237.425870239730000	 0.031410596915589
3237.658828854560000	 0.031368731896130
3237.891787469390000	 0.031296344953625
3238.124746084210000	 0.031228526097660
3238.357704699040000	 0.031202738106854
3238.590663313870000	 0.031238550760406
3238.823621928690000	 0.031326716823470
3239.056580543520000	 0.031433711682286
3239.289539158340000	 0.031519169129174
3239.522497773170000	 0.031556330946315
3239.755456388000000	 0.031544133939273
3239.988415002820000	 0.031504732483963
3240.221373617650000	 0.031468744223872
3240.454332232480000	 0.031457271908274
3240.687290847300000	 0.031471172283687
3240.920249462130000	 0.031493494487337
3241.153208076950000	 0.031503037646687
3241.386166691780000	 0.031490234407346
3241.619125306610000	 0.031465237177475
3241.852083921430000	 0.031452981046962
3242.085042536260000	 0.031477974656236
3242.318001151080000	 0.031547830723608
3242.550959765910000	 0.031645572286054
3242.783918380740000	 0.031735916417261
3243.016876995560000	 0.031782612432881
3243.249835610390000	 0.031767232969460
3243.482794225220000	 0.031698780860048
3243.715752840040000	 0.031608754941076
3243.948711454870000	 0.031534577332671
3244.181670069690000	 0.031500675568697
3244.414628684520000	 0.031507631929272
3244.647587299350000	 0.031535144116003
3244.880545914170000	 0.031556583585148
3245.113504529000000	 0.031556230246459
3245.346463143830000	 0.031538907159953
3245.579421758650000	 0.031526546800481
3245.812380373480000	 0.031544095355501
3246.045338988300000	 0.031603378689500
3246.278297603130000	 0.031694672321484
3246.511256217960000	 0.031791162860535
3246.744214832780000	 0.031863771971712
3246.977173447610000	 0.031897489799973
3247.210132062440000	 0.031899423338391
3247.443090677260000	 0.031893803038732
3247.676049292090000	 0.031906968229063
3247.909007906910000	 0.031951195842276
3248.141966521740000	 0.032016913201259
3248.374925136570000	 0.032077994890978
3248.607883751390000	 0.032107123377768
3248.840842366220000	 0.032092108882832
3249.073800981040000	 0.032043435477825
3249.306759595870000	 0.031988546224113
3249.539718210700000	 0.031956197857516
3249.772676825520000	 0.031959983835249
3250.005635440350000	 0.031990678031491
3250.238594055180000	 0.032022063700550
3250.471552670000000	 0.032027030304400
3250.704511284830000	 0.031994514288173
3250.937469899650000	 0.031937230503406
3251.170428514480000	 0.031885535308100
3251.403387129310000	 0.031870812527127
3251.636345744130000	 0.031907756532106
3251.869304358960000	 0.031985610194389
3252.102262973790000	 0.032073446022656
3252.335221588610000	 0.032136588283618
3252.568180203440000	 0.032154837180963
3252.801138818260000	 0.032132231466491
3253.034097433090000	 0.032093215980282
3253.267056047920000	 0.032067974078359
3253.500014662740000	 0.032075650692333
3253.732973277570000	 0.032115028111018
3253.965931892400000	 0.032167616283872
3254.198890507220000	 0.032210684514389
3254.431849122050000	 0.032231863985275
3254.664807736870000	 0.032236255260343
3254.897766351700000	 0.032241871854185
3255.130724966530000	 0.032266551660420
3255.363683581350000	 0.032314709061178
3255.596642196180000	 0.032372470304581
3255.829600811000000	 0.032414702082068
3256.062559425830000	 0.032420044247386
3256.295518040660000	 0.032384813811891
3256.528476655480000	 0.032327022808614
3256.761435270310000	 0.032277601017661
3256.994393885140000	 0.032263566355432
3257.227352499960000	 0.032292794179993
3257.460311114790000	 0.032349446476886
3257.693269729610000	 0.032403224678481
3257.926228344440000	 0.032427500812943
3258.159186959270000	 0.032415810811456
3258.392145574090000	 0.032386797075857
3258.625104188920000	 0.032374286699441
3258.858062803750000	 0.032407808163001
3259.091021418570000	 0.032494487907785
3259.323980033400000	 0.032612824979593
3259.556938648220000	 0.032722427019523
3259.789897263050000	 0.032784731451176
3260.022855877880000	 0.032783235617717
3260.255814492700000	 0.032731886770540
3260.488773107530000	 0.032667020356604
3260.721731722350000	 0.032627461966412
3260.954690337180000	 0.032633858496048
3261.187648952010000	 0.032678617644713
3261.420607566830000	 0.032731881576394
3261.653566181660000	 0.032759855106595
3261.886524796490000	 0.032744722169294
3262.119483411310000	 0.032694655266906
3262.352442026140000	 0.032638466795389
3262.585400640960000	 0.032608431790445
3262.818359255790000	 0.032621454147117
3263.051317870620000	 0.032669512922401
3263.284276485440000	 0.032724894949309
3263.517235100270000	 0.032757046966733
3263.750193715100000	 0.032750979777317
3263.983152329920000	 0.032716288452235
3264.216110944750000	 0.032681529199977
3264.449069559570000	 0.032677311931640
3264.682028174400000	 0.032717949092419
3264.914986789230000	 0.032792336132104
3265.147945404050000	 0.032869497130298
3265.380904018880000	 0.032915717147890
3265.613862633710000	 0.032913327447544
3265.846821248530000	 0.032870264997369
3266.079779863360000	 0.032815058355424
3266.312738478180000	 0.032780368495659
3266.545697093010000	 0.032784633812522
3266.778655707840000	 0.032822289426042
3267.011614322660000	 0.032868035101090
3267.244572937490000	 0.032892430216963
3267.477531552310000	 0.032879448754675
3267.710490167140000	 0.032835640103699
3267.943448781970000	 0.032785778104712
3268.176407396790000	 0.032757950489774
3268.409366011620000	 0.032767108925016
3268.642324626450000	 0.032806843772954
3268.875283241270000	 0.032854229851391
3269.108241856100000	 0.032884743394322
3269.341200470920000	 0.032888109566995
3269.574159085750000	 0.032875370165526
3269.807117700580000	 0.032872823020847
3270.040076315400000	 0.032906371154467
3270.273034930230000	 0.032985528814184
3270.505993545060000	 0.033096674871206
3270.738952159880000	 0.033209874329092
3270.971910774710000	 0.033295550733850
3271.204869389530000	 0.033341242925216
3271.437828004360000	 0.033358483669690
3271.670786619190000	 0.033375661405469
3271.903745234010000	 0.033420915833733
3272.136703848840000	 0.033504866798010
3272.369662463670000	 0.033613160406665
3272.602621078490000	 0.033713309173400
3272.835579693320000	 0.033772041040842
3273.068538308140000	 0.033773173199293
3273.301496922970000	 0.033725779859897
3273.534455537800000	 0.033658257851227
3273.767414152620000	 0.033602088167924
3274.000372767450000	 0.033574828471074
3274.233331382270000	 0.033572106427492
3274.466289997100000	 0.033573060509831
3274.699248611930000	 0.033555677921837
3274.932207226750000	 0.033512481252693
3275.165165841580000	 0.033456826072969
3275.398124456410000	 0.033415871353612
3275.631083071230000	 0.033414405038295
3275.864041686060000	 0.033459263577067
3276.097000300880000	 0.033533933902013
3276.329958915710000	 0.033607096890120
3276.562917530540000	 0.033650548380171
3276.795876145360000	 0.033656050124892
3277.028834760190000	 0.033640978578056
3277.261793375020000	 0.033639045051178
3277.494751989840000	 0.033680964309740
3277.727710604670000	 0.033775817289868
3277.960669219490000	 0.033903793819561
3278.193627834320000	 0.034024886318446
3278.426586449150000	 0.034099073317621
3278.659545063970000	 0.034106806411577
3278.892503678800000	 0.034058423543695
3279.125462293620000	 0.033987559285855
3279.358420908450000	 0.033932636067760
3279.591379523280000	 0.033916901342052
3279.824338138100000	 0.033937960667397
3280.057296752930000	 0.033972223781124
3280.290255367760000	 0.033991086143996
3280.523213982580000	 0.033978923389583
3280.756172597410000	 0.033942219345950
3280.989131212240000	 0.033904787182290
3281.222089827060000	 0.033892429188603
3281.455048441890000	 0.033916504005978
3281.688007056710000	 0.033966396073469
3281.920965671540000	 0.034015585168703
3282.153924286370000	 0.034037823101729
3282.386882901190000	 0.034023687962950
3282.619841516020000	 0.033987451272577
3282.852800130840000	 0.033959967659902
3283.085758745670000	 0.033971515711767
3283.318717360500000	 0.034034346855739
3283.551675975320000	 0.034134984059339
3283.784634590150000	 0.034240875252010
3284.017593204980000	 0.034317725653338
3284.250551819800000	 0.034347532592597
3284.483510434630000	 0.034337009680893
3284.716469049450000	 0.034311927669873
3284.949427664280000	 0.034301165765040
3285.182386279110000	 0.034320034286712
3285.415344893930000	 0.034362593657947
3285.648303508760000	 0.034407263818468
3285.881262123580000	 0.034432010682939
3286.114220738410000	 0.034429548710542
3286.347179353240000	 0.034413022429297
3286.580137968060000	 0.034408524263145
3286.813096582890000	 0.034438826382980
3287.046055197720000	 0.034508064303203
3287.279013812540000	 0.034596814686924
3287.511972427370000	 0.034671141107910
3287.744931042190000	 0.034700897424388
3287.977889657020000	 0.034676798621696
3288.210848271850000	 0.034616245371038
3288.443806886670000	 0.034554407282139
3288.676765501500000	 0.034525564491845
3288.909724116330000	 0.034545211995449
3289.142682731150000	 0.034602994292725
3289.375641345980000	 0.034670387546745
3289.608599960800000	 0.034718463176467
3289.841558575630000	 0.034735057923294
3290.074517190460000	 0.034731077554069
3290.307475805280000	 0.034732303009946
3290.540434420110000	 0.034761795387849
3290.773393034940000	 0.034823628916421
3291.006351649760000	 0.034898079167955
3291.239310264590000	 0.034951815148874
3291.472268879410000	 0.034957645095957
3291.705227494240000	 0.034912266695858
3291.938186109070000	 0.034841203718661
3292.171144723890000	 0.034787348148489
3292.404103338720000	 0.034788901387675
3292.637061953540000	 0.034858674977443
3292.870020568370000	 0.034976344491893
3293.102979183200000	 0.035098382195426
3293.335937798020000	 0.035180532525998
3293.568896412850000	 0.035200492346713
3293.801855027680000	 0.035168389897102
3294.034813642500000	 0.035119727686989
3294.267772257330000	 0.035095239094555
3294.500730872150000	 0.035119041148929
3294.733689486980000	 0.035187052990093
3294.966648101810000	 0.035271714250645
3295.199606716630000	 0.035339702403216
3295.432565331460000	 0.035371912028923
3295.665523946290000	 0.035373967833486
3295.898482561110000	 0.035371525816959
3296.131441175940000	 0.035393681931547
3296.364399790760000	 0.035454563187186
3296.597358405590000	 0.035544012314964
3296.830317020420000	 0.035632867631356
3297.063275635240000	 0.035689676186434
3297.296234250070000	 0.035698838324810
3297.529192864890000	 0.035669431484596
3297.762151479720000	 0.035629707626470
3297.995110094550000	 0.035610768245411
3298.228068709370000	 0.035629108209755
3298.461027324200000	 0.035678226544571
3298.693985939030000	 0.035734114735734
3298.926944553850000	 0.035771115053523
3299.159903168680000	 0.035778310431022
3299.392861783500000	 0.035766294672041
3299.625820398330000	 0.035760107280753
3299.858779013160000	 0.035782535413614
3300.091737627980000	 0.035837861786976
3300.324696242810000	 0.035906178089707
3300.557654857640000	 0.035952465057722
3300.790613472460000	 0.035945915217399
3301.023572087290000	 0.035878579902649
3301.256530702110000	 0.035772443792749
3301.489489316940000	 0.035670514480485
3301.722447931770000	 0.035616457382890
3301.955406546590000	 0.035633596313847
3302.188365161420000	 0.035714468136457
3302.421323776250000	 0.035826378497747
3302.654282391070000	 0.035929517173292
3302.887241005900000	 0.035997203458543
3303.120199620720000	 0.036027035999880
3303.353158235550000	 0.036037534101705
3303.586116850380000	 0.036053485110009
3303.819075465200000	 0.036089490764982
3304.052034080030000	 0.036141764956409
3304.284992694850000	 0.036192930894901
3304.517951309680000	 0.036226421748542
3304.750909924510000	 0.036240976518507
3304.983868539330000	 0.036255536333920
3305.216827154160000	 0.036300722735549
3305.449785768990000	 0.036401302002642
3305.682744383810000	 0.036559715059167
3305.915702998640000	 0.036750674824356
3306.148661613460000	 0.036930883496809
3306.381620228290000	 0.037059228337776
3306.614578843120000	 0.037116490215301
3306.847537457940000	 0.037113685971953
3307.080496072770000	 0.037084641792849
3307.313454687600000	 0.037067212470347
3307.546413302420000	 0.037083644658039
3307.779371917250000	 0.037130789419233
3308.012330532070000	 0.037185182042152
3308.245289146900000	 0.037219463916539
3308.478247761730000	 0.037220119826395
3308.711206376550000	 0.037196021052564
3308.944164991380000	 0.037173016240897
3309.177123606210000	 0.037178114696090
3309.410082221030000	 0.037222779311526
3309.643040835860000	 0.037295279021654
3309.875999450680000	 0.037366739611485
3310.108958065510000	 0.037407381520636
3310.341916680340000	 0.037403280661424
3310.574875295160000	 0.037363738078960
3310.807833909990000	 0.037315099952763
3311.040792524820000	 0.037284892730382
3311.273751139640000	 0.037285662241650
3311.506709754470000	 0.037307977565022
3311.739668369290000	 0.037326707076401
3311.972626984120000	 0.037316825677531
3312.205585598950000	 0.037269289889482
3312.438544213770000	 0.037197533783290
3312.671502828600000	 0.037130852897665
3312.904461443420000	 0.037098688128028
3313.137420058250000	 0.037115001824494
3313.370378673080000	 0.037171755442976
3313.603337287900000	 0.037245094352873
3313.836295902730000	 0.037310219230321
3314.069254517560000	 0.037355652234232
3314.302213132380000	 0.037388109411294
3314.535171747210000	 0.037425173881333
3314.768130362030000	 0.037480586382012
3315.001088976860000	 0.037551606337914
3315.234047591690000	 0.037616878017012
3315.467006206510000	 0.037647028031822
3315.699964821340000	 0.037622279946180
3315.932923436160000	 0.037546572383846
3316.165882050990000	 0.037449242429878
3316.398840665820000	 0.037372416520352
3316.631799280640000	 0.037350507354338
3316.864757895470000	 0.037392926105471
3317.097716510300000	 0.037479743255651
3317.330675125120000	 0.037573116327096
3317.563633739950000	 0.037638386656013
3317.796592354770000	 0.037663005815828
3318.029550969600000	 0.037662590182586
3318.262509584430000	 0.037670807857783
3318.495468199250000	 0.037718946233801
3318.728426814080000	 0.037816697906274
3318.961385428910000	 0.037945001759667
3319.194344043730000	 0.038065057487746
3319.427302658560000	 0.038138436259109
3319.660261273380000	 0.038146857021128
3319.893219888210000	 0.038100640883628
3320.126178503040000	 0.038031718279856
3320.359137117860000	 0.037975924224739
3320.592095732690000	 0.037955006062825
3320.825054347520000	 0.037968399365606
3321.058012962340000	 0.037998809440213
3321.290971577170000	 0.038027336995144
3321.523930191990000	 0.038048203153537
3321.756888806820000	 0.038073641259720
3321.989847421650000	 0.038125871578377
3322.222806036470000	 0.038221183875652
3322.455764651300000	 0.038356138493193
3322.688723266120000	 0.038504921443633
3322.921681880950000	 0.038630397179003
3323.154640495780000	 0.038703006199721
3323.387599110600000	 0.038716508218920
3323.620557725430000	 0.038691128523843
3323.853516340260000	 0.038662024567197
3324.086474955080000	 0.038659562717792
3324.319433569910000	 0.038692692205127
3324.552392184730000	 0.038745117404095
3324.785350799560000	 0.038786736321082
3325.018309414390000	 0.038793787114002
3325.251268029210000	 0.038765695493822
3325.484226644040000	 0.038728326392237
3325.717185258870000	 0.038721245739010
3325.950143873690000	 0.038775862779325
3326.183102488520000	 0.038896680672970
3326.416061103340000	 0.039056491812733
3326.649019718170000	 0.039208804828068
3326.881978333000000	 0.039310996569143
3327.114936947820000	 0.039345364350519
3327.347895562650000	 0.039326456824002
3327.580854177480000	 0.039291037283974
3327.813812792300000	 0.039276798489592
3328.046771407130000	 0.039301950256985
3328.279730021950000	 0.039357034569573
3328.512688636780000	 0.039413285519987
3328.745647251610000	 0.039442274806869
3328.978605866430000	 0.039434993768947
3329.211564481260000	 0.039409027423019
3329.444523096080000	 0.039399700619876
3329.677481710910000	 0.039440436773703
3329.910440325740000	 0.039543639268488
3330.143398940560000	 0.039693034976936
3330.376357555390000	 0.039851875221072
3330.609316170220000	 0.039982206037531
3330.842274785040000	 0.040063981283066
3331.075233399870000	 0.040103148593360
3331.308192014690000	 0.040124676303423
3331.541150629520000	 0.040155373074774
3331.774109244350000	 0.040207021125084
3332.007067859170000	 0.040269813322446
3332.240026474000000	 0.040319772687826
3332.472985088830000	 0.040335299192526
3332.705943703650000	 0.040312372318742
3332.938902318480000	 0.040268847807580
3333.171860933300000	 0.040235100041947
3333.404819548130000	 0.040236597173502
3333.637778162960000	 0.040278898570448
3333.870736777780000	 0.040344331466151
3334.103695392610000	 0.040402831448905
3334.336654007430000	 0.040430826052757
3334.569612622260000	 0.040426834363446
3334.802571237090000	 0.040414141741127
3335.035529851910000	 0.040428520323354
3335.268488466740000	 0.040497772356494
3335.501447081570000	 0.040624772367259
3335.734405696390000	 0.040784019620404
3335.967364311220000	 0.040934225094977
3336.200322926040000	 0.041040104901461
3336.433281540870000	 0.041090911402546
3336.666240155700000	 0.041105031062935
3336.899198770520000	 0.041118144645917
3337.132157385350000	 0.041161886663234
3337.365116000180000	 0.041245245698624
3337.598074615000000	 0.041349388410471
3337.831033229830000	 0.041438983952332
3338.063991844650000	 0.041483487311434
3338.296950459480000	 0.041475864840052
3338.529909074310000	 0.041437769419991
3338.762867689130000	 0.041408247541878
3338.995826303960000	 0.041422594347076
3339.228784918790000	 0.041493451696810
3339.461743533610000	 0.041604858898993
3339.694702148440000	 0.041722526849717
3339.927660763260000	 0.041814144382292
3340.160619378090000	 0.041867616406601
3340.393577992920000	 0.041896546570308
3340.626536607740000	 0.041930097746777
3340.859495222570000	 0.041993640555009
3341.092453837400000	 0.042091915153904
3341.325412452220000	 0.042204954217279
3341.558371067050000	 0.042299521305918
3341.791329681870000	 0.042349401493157
3342.024288296700000	 0.042352223093231
3342.257246911530000	 0.042332350921661
3342.490205526350000	 0.042327677782895
3342.723164141180000	 0.042367682540250
3342.956122756000000	 0.042455388399005
3343.189081370830000	 0.042564008249295
3343.422039985660000	 0.042650948757439
3343.654998600480000	 0.042681737213742
3343.887957215310000	 0.042650319025449
3344.120915830140000	 0.042584049671320
3344.353874444960000	 0.042530456286588
3344.586833059790000	 0.042533063672161
3344.819791674610000	 0.042609511940294
3345.052750289440000	 0.042743883683189
3345.285708904270000	 0.042897308593713
3345.518667519090000	 0.043030581085746
3345.751626133920000	 0.043125634216697
3345.984584748750000	 0.043193595743406
3346.217543363570000	 0.043265254177944
3346.450501978400000	 0.043369994114278
3346.683460593220000	 0.043515711584580
3346.916419208050000	 0.043681549020895
3347.149377822880000	 0.043827918384947
3347.382336437700000	 0.043918188453672
3347.615295052530000	 0.043939511632171
3347.848253667350000	 0.043910869012682
3348.081212282180000	 0.043874003650046
3348.314170897010000	 0.043872608394876
3348.547129511830000	 0.043931361830313
3348.780088126660000	 0.044046079053229
3349.013046741490000	 0.044189731780019
3349.246005356310000	 0.044329935959095
3349.478963971140000	 0.044447043452783
3349.711922585960000	 0.044542239874920
3349.944881200790000	 0.044631736316242
3350.177839815620000	 0.044731799157072
3350.410798430440000	 0.044844716211639
3350.643757045270000	 0.044954930000921
3350.876715660090000	 0.045038090229587
3351.109674274920000	 0.045077470238029
3351.342632889750000	 0.045077226984002
3351.575591504570000	 0.045063672367392
3351.808550119400000	 0.045072988747038
3352.041508734230000	 0.045132031297299
3352.274467349050000	 0.045243175090662
3352.507425963880000	 0.045382224353981
3352.740384578700000	 0.045511140468844
3352.973343193530000	 0.045598673102785
3353.206301808360000	 0.045637115121078
3353.439260423180000	 0.045645594251321
3353.672219038010000	 0.045658246529728
3353.905177652840000	 0.045704339902580
3354.138136267660000	 0.045791894916764
3354.371094882490000	 0.045904246098826
3354.604053497310000	 0.046011431192811
3354.837012112140000	 0.046089430905637
3355.069970726970000	 0.046135468825472
3355.302929341790000	 0.046170017408422
3355.535887956620000	 0.046224317568908
3355.768846571450000	 0.046320943524585
3356.001805186270000	 0.046459108861872
3356.234763801100000	 0.046613765005997
3356.467722415920000	 0.046749472839759
3356.700681030750000	 0.046841012071670
3356.933639645580000	 0.046888282429929
3357.166598260400000	 0.046916287542284
3357.399556875230000	 0.046959928693006
3357.632515490060000	 0.047042427012912
3357.865474104880000	 0.047160172471966
3358.098432719710000	 0.047283472878633
3358.331391334530000	 0.047373641517268
3358.564349949360000	 0.047407001910766
3358.797308564190000	 0.047391726760028
3359.030267179010000	 0.047367195116046
3359.263225793840000	 0.047385509542386
3359.496184408660000	 0.047484914789484
3359.729143023490000	 0.047669501178001
3359.962101638320000	 0.047906440836258
3360.195060253140000	 0.048142588269080
3360.428018867970000	 0.048331432836469
3360.660977482800000	 0.048455453616819
3360.893936097620000	 0.048531760542388
3361.126894712450000	 0.048598746019452
3361.359853327270000	 0.048692175935584
3361.592811942100000	 0.048824643329108
3361.825770556930000	 0.048979920668120
3362.058729171750000	 0.049124920071991
3362.291687786580000	 0.049231556441000
3362.524646401410000	 0.049294977677273
3362.757605016230000	 0.049337084050788
3362.990563631060000	 0.049393371402013
3363.223522245880000	 0.049491130366378
3363.456480860710000	 0.049632114700016
3363.689439475540000	 0.049790278774454
3363.922398090360000	 0.049926410276044
3364.155356705190000	 0.050011300664029
3364.388315320020000	 0.050043713144104
3364.621273934840000	 0.050052398235382
3364.854232549670000	 0.050080860291134
3365.087191164490000	 0.050163577963858
3365.320149779320000	 0.050307240061611
3365.553108394150000	 0.050487791708128
3365.786067008970000	 0.050665092550952
3366.019025623800000	 0.050806599934296
3366.251984238620000	 0.050905977539616
3366.484942853450000	 0.050985601608486
3366.717901468280000	 0.051081687230414
3366.950860083100000	 0.051221048248686
3367.183818697930000	 0.051403375275805
3367.416777312760000	 0.051599816345021
3367.649735927580000	 0.051769198912156
3367.882694542410000	 0.051882624525425
3368.115653157230000	 0.051941844969178
3368.348611772060000	 0.051980337366560
3368.581570386890000	 0.052046123623689
3368.814529001710000	 0.052175856929552
3369.047487616540000	 0.052374656335045
3369.280446231370000	 0.052613129889831
3369.513404846190000	 0.052843493480439
3369.746363461020000	 0.053025698806144
3369.979322075840000	 0.053148573031529
3370.212280690670000	 0.053234035549926
3370.445239305500000	 0.053322538487727
3370.678197920320000	 0.053448630122063
3370.911156535150000	 0.053620841683028
3371.144115149970000	 0.053817351897992
3371.377073764800000	 0.053999672255006
3371.610032379630000	 0.054135981626348
3371.842990994450000	 0.054220068541526
3372.075949609280000	 0.054274740584572
3372.308908224110000	 0.054338071769294
3372.541866838930000	 0.054440948211759
3372.774825453760000	 0.054589269520302
3373.007784068580000	 0.054761390615742
3373.240742683410000	 0.054922426676213
3373.473701298240000	 0.055046815359236
3373.706659913060000	 0.055135304212069
3373.939618527890000	 0.055215856878777
3374.172577142720000	 0.055327739005404
3374.405535757540000	 0.055498069153437
3374.638494372370000	 0.055724606264193
3374.871452987190000	 0.055975157231757
3375.104411602020000	 0.056204462674987
3375.337370216850000	 0.056378962047150
3375.570328831670000	 0.056494878164349
3375.803287446500000	 0.056579020087217
3376.036246061330000	 0.056672090903791
3376.269204676150000	 0.056804545218597
3376.502163290980000	 0.056979265656891
3376.735121905800000	 0.057171375679692
3376.968080520630000	 0.057345464728817
3377.201039135460000	 0.057479886925878
3377.433997750280000	 0.057583131621474
3377.666956365110000	 0.057691813131900
3377.899914979930000	 0.057850804675286
3378.132873594760000	 0.058086658549817
3378.365832209590000	 0.058389682100661
3378.598790824410000	 0.058715655630248
3378.831749439240000	 0.059007290788566
3379.064708054070000	 0.059223935975603
3379.297666668890000	 0.059362783593323
3379.530625283720000	 0.059459560297483
3379.763583898540000	 0.059568485171806
3379.996542513370000	 0.059732880658272
3380.229501128200000	 0.059962766889463
3380.462459743020000	 0.060231720640790
3380.695418357850000	 0.060494379976287
3380.928376972670000	 0.060714046638642
3381.161335587500000	 0.060883986171496
3381.394294202330000	 0.061030101432343
3381.627252817150000	 0.061194028814790
3381.860211431980000	 0.061407198262595
3382.093170046810000	 0.061671432404149
3382.326128661630000	 0.061957737823484
3382.559087276460000	 0.062224208404376
3382.792045891280000	 0.062442343115271
3383.025004506110000	 0.062615677961888
3383.257963120940000	 0.062779116471306
3383.490921735760000	 0.062978917930303
3383.723880350590000	 0.063244778201268
3383.956838965420000	 0.063570279998013
3384.189797580240000	 0.063913640957718
3384.422756195070000	 0.064219253407291
3384.655714809890000	 0.064448152962993
3384.888673424720000	 0.064599842655746
3385.121632039550000	 0.064712767906817
3385.354590654370000	 0.064843149383974
3385.587549269200000	 0.065034170003595
3385.820507884030000	 0.065292859073993
3386.053466498850000	 0.065587812016673
3386.286425113680000	 0.065869204548406
3386.519383728500000	 0.066099570186145
3386.752342343330000	 0.066277310248860
3386.985300958160000	 0.066439242727832
3387.218259572980000	 0.066640876751192
3387.451218187810000	 0.066925758821676
3387.684176802640000	 0.067301136548574
3387.917135417460000	 0.067733583956871
3388.150094032290000	 0.068167054022675
3388.383052647110000	 0.068552938293976
3388.616011261940000	 0.068874721156451
3388.848969876770000	 0.069153310093345
3389.081928491590000	 0.069430862489655
3389.314887106420000	 0.069743446235596
3389.547845721240000	 0.070098940975393
3389.780804336070000	 0.070473196800135
3390.013762950900000	 0.070826580957912
3390.246721565720000	 0.071130708642550
3390.479680180550000	 0.071388834903692
3390.712638795380000	 0.071637208941419
3390.945597410200000	 0.071926164297581
3391.178556025030000	 0.072291660745780
3391.411514639850000	 0.072733643528540
3391.644473254680000	 0.073214020840110
3391.877431869510000	 0.073675999045416
3392.110390484330000	 0.074073925783685
3392.343349099160000	 0.074396416173819
3392.576307713990000	 0.074669701693754
3392.809266328810000	 0.074940055648210
3393.042224943640000	 0.075246152152760
3393.275183558460000	 0.075597509991524
3393.508142173290000	 0.075971344684535
3393.741100788120000	 0.076329377341835
3393.974059402940000	 0.076644234657274
3394.207018017770000	 0.076919145822986
3394.439976632600000	 0.077188683127782
3394.672935247420000	 0.077499803830262
3394.905893862250000	 0.077884212046361
3395.138852477070000	 0.078338281891401
3395.371811091900000	 0.078822729740800
3395.604769706730000	 0.079282974329985
3395.837728321550000	 0.079678839562358
3396.070686936380000	 0.080006447295937
3396.303645551200000	 0.080299714614704
3396.536604166030000	 0.080610855857093
3396.769562780860000	 0.080981197350144
3397.002521395680000	 0.081418801133109
3397.235480010510000	 0.081895396861705
3397.468438625340000	 0.082364050643868
3397.701397240160000	 0.082786820253914
3397.934355854990000	 0.083155729982467
3398.167314469810000	 0.083494724339235
3398.400273084640000	 0.083842021369762
3398.633231699470000	 0.084223983579107
3398.866190314290000	 0.084636486083826
3399.099148929120000	 0.085045325132978
3399.332107543950000	 0.085405894257566
3399.565066158770000	 0.085690516589492
3399.798024773600000	 0.085906829052507
3400.030983388420000	 0.086095886219811
3400.263942003250000	 0.086310753863622
3400.496900618080000	 0.086587697539490
3400.729859232900000	 0.086926290845567
3400.962817847730000	 0.087289849912138
3401.195776462550000	 0.087626093711135
3401.428735077380000	 0.087896089312054
3401.661693692210000	 0.088094615785020
3401.894652307030000	 0.088250431306892
3402.127610921860000	 0.088407081720379
3402.360569536690000	 0.088596188944228
3402.593528151510000	 0.088819216009070
3402.826486766340000	 0.089048575846834
3403.059445381160000	 0.089247397052495
3403.292403995990000	 0.089395736175272
3403.525362610820000	 0.089506717725492
3403.758321225640000	 0.089622006692384
3403.991279840470000	 0.089788407328270
3404.224238455300000	 0.090028619398793
3404.457197070120000	 0.090323065537907
3404.690155684950000	 0.090614224763786
3404.923114299770000	 0.090832572967767
3405.156072914600000	 0.090930569057990
3405.389031529430000	 0.090905976961198
3405.621990144250000	 0.090801848561264
3405.854948759080000	 0.090683826734881
3406.087907373910000	 0.090607707325723
3406.320865988730000	 0.090594761757739
3406.553824603560000	 0.090627377235213
3406.786783218380000	 0.090665932046463
3407.019741833210000	 0.090675732402371
3407.252700448040000	 0.090647451504143
3407.485659062860000	 0.090599290527940
3407.718617677690000	 0.090560788611205
3407.951576292510000	 0.090549339201242
3408.184534907340000	 0.090554618678222
3408.417493522170000	 0.090541267636787
3408.650452136990000	 0.090468987932838
3408.883410751820000	 0.090318127049785
3409.116369366650000	 0.090104868334937
3409.349327981470000	 0.089876141694082
3409.582286596300000	 0.089686413757640
3409.815245211120000	 0.089569099145513
3410.048203825950000	 0.089518609580111
3410.281162440780000	 0.089493455659523
3410.514121055600000	 0.089439087490385
3410.747079670430000	 0.089317620646093
3410.980038285260000	 0.089127398583439
3411.212996900080000	 0.088901469408041
3411.445955514910000	 0.088686538597021
3411.678914129730000	 0.088515010866140
3411.911872744560000	 0.088386307632076
3412.144831359390000	 0.088268193880494
3412.377789974210000	 0.088117224061173
3412.610748589040000	 0.087905958509759
3412.843707203870000	 0.087640417128350
3413.076665818690000	 0.087357273210686
3413.309624433520000	 0.087102587477144
3413.542583048340000	 0.086904669492759
3413.775541663170000	 0.086756934572577
3414.008500278000000	 0.086620964043014
3414.241458892820000	 0.086448359712764
3414.474417507650000	 0.086208766411599
3414.707376122470000	 0.085907563704745
3414.940334737300000	 0.085582929182537
3415.173293352130000	 0.085284228606044
3415.406251966950000	 0.085044345266193
3415.639210581780000	 0.084861776274797
3415.872169196610000	 0.084702707545178
3416.105127811430000	 0.084521763297129
3416.338086426260000	 0.084288995048222
3416.571045041080000	 0.084006848750318
3416.804003655910000	 0.083707078741458
3417.036962270740000	 0.083429842099214
3417.269920885560000	 0.083197779628850
3417.502879500390000	 0.083000807082946
3417.735838115220000	 0.082801218213190
3417.968796730040000	 0.082556733206559
3418.201755344870000	 0.082247991340607
3418.434713959690000	 0.081893748261452
3418.667672574520000	 0.081544125659577
3418.900631189350000	 0.081255166962551
3419.133589804170000	 0.081058758405269
3419.366548419000000	 0.080944826076300
3419.599507033820000	 0.080866282149716
3419.832465648650000	 0.080764554289540
3420.065424263480000	 0.080601444097005
3420.298382878300000	 0.080379055699752
3420.531341493130000	 0.080136554415284
3420.764300107960000	 0.079926080050334
3420.997258722780000	 0.079781880376743
3421.230217337610000	 0.079700315815294
3421.463175952430000	 0.079642257184534
3421.696134567260000	 0.079556604729234
3421.929093182090000	 0.079411052713374
3422.162051796910000	 0.079211637762879
3422.395010411740000	 0.078999340463871
3422.627969026570000	 0.078825693824315
3422.860927641390000	 0.078721422834211
3423.093886256220000	 0.078676029663518
3423.326844871040000	 0.078640310769786
3423.559803485870000	 0.078551064394260
3423.792762100700000	 0.078364448264636
3424.025720715520000	 0.078079309217216
3424.258679330350000	 0.077737800638558
3424.491637945180000	 0.077403762943948
3424.724596560000000	 0.077131413516119
3424.957555174830000	 0.076941388918623
3425.190513789650000	 0.076816389736832
3425.423472404480000	 0.076717336487293
3425.656431019310000	 0.076609169366294
3425.889389634130000	 0.076480272451123
3426.122348248960000	 0.076344340318858
3426.355306863780000	 0.076225005019074
3426.588265478610000	 0.076134204166919
3426.821224093440000	 0.076058857415174
3427.054182708260000	 0.075965165078540
3427.287141323090000	 0.075818713600874
3427.520099937920000	 0.075608078100178
3427.753058552740000	 0.075356605487199
3427.986017167570000	 0.075113860759368
3428.218975782390000	 0.074930469619025
3428.451934397220000	 0.074830184736418
3428.684893012050000	 0.074795294499199
3428.917851626870000	 0.074774700561262
3429.150810241700000	 0.074711285913894
3429.383768856530000	 0.074573507177822
3429.616727471350000	 0.074372999304556
3429.849686086180000	 0.074157906238727
3430.082644701000000	 0.073985626706692
3430.315603315830000	 0.073890148980270
3430.548561930660000	 0.073862088796941
3430.781520545480000	 0.073852751256757
3431.014479160310000	 0.073800273218213
3431.247437775140000	 0.073663131994429
3431.480396389960000	 0.073441908706264
3431.713355004790000	 0.073177340920381
3431.946313619610000	 0.072926701621049
3432.179272234440000	 0.072732586030421
3432.412230849270000	 0.072601794926319
3432.645189464090000	 0.072505881055272
3432.878148078920000	 0.072402376822151
3433.111106693740000	 0.072263467535538
3433.344065308570000	 0.072094390124952
3433.577023923400000	 0.071930295989441
3433.809982538220000	 0.071813559007876
3434.042941153050000	 0.071765182269363
3434.275899767880000	 0.071767500359428
3434.508858382700000	 0.071769131854001
3434.741816997530000	 0.071710318896949
3434.974775612350000	 0.071554427665926
3435.207734227180000	 0.071307258100675
3435.440692842010000	 0.071012986323978
3435.673651456830000	 0.070729411921184
3435.906610071660000	 0.070496968146073
3436.139568686490000	 0.070319148609003
3436.372527301310000	 0.070165342139191
3436.605485916140000	 0.069994146110727
3436.838444530960000	 0.069783080169471
3437.071403145790000	 0.069546628461786
3437.304361760620000	 0.069331464306154
3437.537320375440000	 0.069191202777240
3437.770278990270000	 0.069154896274212
3438.003237605090000	 0.069207274572887
3438.236196219920000	 0.069292544800950
3438.469154834750000	 0.069340371233652
3438.702113449570000	 0.069299619025763
3438.935072064400000	 0.069160769046978
3439.168030679230000	 0.068954912244121
3439.400989294050000	 0.068731234206871
3439.633947908880000	 0.068527025886049
3439.866906523700000	 0.068347869157763
3440.099865138530000	 0.068169324412556
3440.332823753360000	 0.067958618383052
3440.565782368180000	 0.067702547688700
3440.798740983010000	 0.067423704835834
3441.031699597840000	 0.067174134312118
3441.264658212660000	 0.067009155112271
3441.497616827490000	 0.066955925381399
3441.730575442310000	 0.066994868738962
3441.963534057140000	 0.067065554178060
3442.196492671970000	 0.067095085702745
3442.429451286790000	 0.067033767262435
3442.662409901620000	 0.066878105598918
3442.895368516450000	 0.066668540741332
3443.128327131270000	 0.066463921082480
3443.361285746100000	 0.066307572295716
3443.594244360920000	 0.066203954494045
3443.827202975750000	 0.066118678182358
3444.060161590580000	 0.066001283418470
3444.293120205400000	 0.065816854483794
3444.526078820230000	 0.065567442366809
3444.759037435050000	 0.065290914161229
3444.991996049880000	 0.065038756489725
3445.224954664710000	 0.064846614945629
3445.457913279530000	 0.064715140328430
3445.690871894360000	 0.064612480385276
3445.923830509190000	 0.064496882668949
3446.156789124010000	 0.064345444147196
3446.389747738840000	 0.064170828689364
3446.622706353660000	 0.064014907072850
3446.855664968490000	 0.063922299116891
3447.088623583320000	 0.063909031613048
3447.321582198140000	 0.063945105955930
3447.554540812970000	 0.063962778803431
3447.787499427800000	 0.063888043425245
3448.020458042620000	 0.063678810376959
3448.253416657450000	 0.063348400142632
3448.486375272270000	 0.062960868186778
3448.719333887100000	 0.062600496267974
3448.952292501930000	 0.062331832061300
3449.185251116750000	 0.062171382461566
3449.418209731580000	 0.062085466877264
3449.651168346410000	 0.062014277142802
3449.884126961230000	 0.061907609686571
3450.117085576060000	 0.061751687011049
3450.350044190880000	 0.061572680561263
3450.583002805710000	 0.061416649612547
3450.815961420540000	 0.061318839067798
3451.048920035360000	 0.061280599192983
3451.281878650190000	 0.061267326590091
3451.514837265010000	 0.061228351215272
3451.747795879840000	 0.061126428055255
3451.980754494670000	 0.060958691627599
3452.213713109490000	 0.060756544018900
3452.446671724320000	 0.060565090802510
3452.679630339150000	 0.060414906765215
3452.912588953970000	 0.060303218525041
3453.145547568800000	 0.060196030352030
3453.378506183620000	 0.060050252319819
3453.611464798450000	 0.059842478887791
3453.844423413280000	 0.059586566429441
3454.077382028100000	 0.059328797877815
3454.310340642930000	 0.059122891098934
3454.543299257760000	 0.058999020163035
3454.776257872580000	 0.058944798825236
3455.009216487410000	 0.058909913827365
3455.242175102230000	 0.058832747401204
3455.475133717060000	 0.058674132707200
3455.708092331890000	 0.058438705064825
3455.941050946710000	 0.058171559474900
3456.174009561540000	 0.057932369096930
3456.406968176360000	 0.057761782554067
3456.639926791190000	 0.057659019582850
3456.872885406020000	 0.057583371137269
3457.105844020840000	 0.057478835986011
3457.338802635670000	 0.057307539406427
3457.571761250500000	 0.057072253510404
3457.804719865320000	 0.056814992997809
3458.037678480150000	 0.056592906766958
3458.270637094970000	 0.056445583468144
3458.503595709800000	 0.056372427954497
3458.736554324630000	 0.056332985712352
3458.969512939450000	 0.056269970395827
3459.202471554280000	 0.056141368173974
3459.435430169110000	 0.055942621313401
3459.668388783930000	 0.055706234442622
3459.901347398760000	 0.055479948682290
3460.134306013580000	 0.055297107608048
3460.367264628410000	 0.055157039011311
3460.600223243240000	 0.055027281728237
3460.833181858060000	 0.054866446226926
3461.066140472890000	 0.054653667461843
3461.299099087720000	 0.054406125149252
3461.532057702540000	 0.054173206301264
3461.765016317370000	 0.054009933395227
3461.997974932190000	 0.053944540415754
3462.230933547020000	 0.053958868560371
3462.463892161850000	 0.053993742576294
3462.696850776670000	 0.053977694876115
3462.929809391500000	 0.053863634959316
3463.162768006320000	 0.053652911235714
3463.395726621150000	 0.053393421255727
3463.628685235980000	 0.053153354530975
3463.861643850800000	 0.052985532512821
3464.094602465630000	 0.052901950828666
3464.327561080460000	 0.052872074938880
3464.560519695280000	 0.052844821510823
3464.793478310110000	 0.052780324114231
3465.026436924930000	 0.052672058818830
3465.259395539760000	 0.052546435247141
3465.492354154590000	 0.052441090072152
3465.725312769410000	 0.052375833085415
3465.958271384240000	 0.052334409702034
3466.191229999070000	 0.052269008252515
3466.424188613890000	 0.052125966277219
3466.657147228720000	 0.051877900429162
3466.890105843540000	 0.051542937976442
3467.123064458370000	 0.051179185324741
3467.356023073200000	 0.050857123144295
3467.588981688020000	 0.050625160267287
3467.821940302850000	 0.050487328492428
3468.054898917680000	 0.050405437938594
3468.287857532500000	 0.050324225034265
3468.520816147330000	 0.050204504941854
3468.753774762150000	 0.050044530182144
3468.986733376980000	 0.049877145539576
3469.219691991810000	 0.049745117171910
3469.452650606630000	 0.049669915825068
3469.685609221460000	 0.049633086779592
3469.918567836280000	 0.049582297940953
3470.151526451110000	 0.049459737068564
3470.384485065940000	 0.049236677824171
3470.617443680760000	 0.048933566626817
3470.850402295590000	 0.048613194103990
3471.083360910420000	 0.048350089581335
3471.316319525240000	 0.048192657427625
3471.549278140070000	 0.048138711615630
3471.782236754890000	 0.048138165664007
3472.015195369720000	 0.048121866978959
3472.248153984550000	 0.048040530233658
3472.481112599370000	 0.047891610081366
3472.714071214200000	 0.047719102244525
3472.947029829030000	 0.047587092610664
3473.179988443850000	 0.047542531880754
3473.412947058680000	 0.047588252678001
3473.645905673500000	 0.047681257734212
3473.878864288330000	 0.047756889255803
3474.111822903160000	 0.047764368557613
3474.344781517980000	 0.047692608596542
3474.577740132810000	 0.047571578367851
3474.810698747630000	 0.047449521562891
3475.043657362460000	 0.047360442007632
3475.276615977290000	 0.047301604884437
3475.509574592110000	 0.047234882195096
3475.742533206940000	 0.047111672686976
3475.975491821770000	 0.046906605682919
3476.208450436590000	 0.046639377464509
3476.441409051420000	 0.046370942750008
3476.674367666240000	 0.046175365184408
3476.907326281070000	 0.046102540750056
3477.140284895900000	 0.046152227479579
3477.373243510720000	 0.046273926471274
3477.606202125550000	 0.046392961952737
3477.839160740380000	 0.046448104082231
3478.072119355200000	 0.046419473656315
3478.305077970030000	 0.046331742443291
3478.538036584850000	 0.046232540005053
3478.770995199680000	 0.046160029509161
3479.003953814510000	 0.046119073327694
3479.236912429330000	 0.046079843604609
3479.469871044160000	 0.045999156864757
3479.702829658990000	 0.045850795424742
3479.935788273810000	 0.045645453607267
3480.168746888640000	 0.045427592302103
3480.401705503460000	 0.045250872322725
3480.634664118290000	 0.045146788599803
3480.867622733120000	 0.045105402879601
3481.100581347940000	 0.045080548643099
3481.333539962770000	 0.045017698088730
3481.566498577590000	 0.044888585316579
3481.799457192420000	 0.044711686379936
3482.032415807250000	 0.044545540537997
3482.265374422070000	 0.044457682513280
3482.498333036900000	 0.044485985982095
3482.731291651730000	 0.044613965179821
3482.964250266550000	 0.044774708637970
3483.197208881380000	 0.044882600927604
3483.430167496200000	 0.044875863259751
3483.663126111030000	 0.044746232877947
3483.896084725860000	 0.044539638741980
3484.129043340680000	 0.044328601274458
3484.362001955510000	 0.044172647234481
3484.594960570340000	 0.044088838131022
3484.827919185160000	 0.044048209722640
3485.060877799990000	 0.043998980099646
3485.293836414810000	 0.043901852862520
3485.526795029640000	 0.043755928736013
3485.759753644470000	 0.043599996403355
3485.992712259290000	 0.043489029702444
3486.225670874120000	 0.043460191051427
3486.458629488950000	 0.043508636827148
3486.691588103770000	 0.043587998125922
3486.924546718600000	 0.043636113852050
3487.157505333420000	 0.043611186017259
3487.390463948250000	 0.043516761383742
3487.623422563080000	 0.043400573706852
3487.856381177900000	 0.043327826740593
3488.089339792730000	 0.043344120979473
3488.322298407550000	 0.043448981523775
3488.555257022380000	 0.043595228498034
3488.788215637210000	 0.043714982595800
3489.021174252030000	 0.043757495266688
3489.254132866860000	 0.043716798101106
3489.487091481690000	 0.043633342000362
3489.720050096510000	 0.043569266057546
3489.953008711340000	 0.043571929767018
3490.185967326160000	 0.043646589694253
3490.418925940990000	 0.043753730948817
3490.651884555820000	 0.043832374332403
3490.884843170640000	 0.043835388830313
3491.117801785470000	 0.043755847057102
3491.350760400300000	 0.043629373158167
3491.583719015120000	 0.043512108770717
3491.816677629950000	 0.043448003296962
3492.049636244770000	 0.043444854059180
3492.282594859600000	 0.043473223872336
3492.515553474430000	 0.043488759609170
3492.748512089250000	 0.043464000459106
3492.981470704080000	 0.043409598107841
3493.214429318900000	 0.043371305597084
3493.447387933730000	 0.043403873486957
3493.680346548560000	 0.043536829825467
3493.913305163380000	 0.043752331724690
3494.146263778210000	 0.043989175591863
3494.379222393040000	 0.044172385507944
3494.612181007860000	 0.044252412389540
3494.845139622690000	 0.044231554535305
3495.078098237510000	 0.044162339026377
3495.311056852340000	 0.044118655623689
3495.544015467170000	 0.044155494538038
3495.776974081990000	 0.044279193051534
3496.009932696820000	 0.044444436213559
3496.242891311650000	 0.044579551477125
3496.475849926470000	 0.044625539058063
3496.708808541300000	 0.044566537831039
3496.941767156120000	 0.044435151280364
3497.174725770950000	 0.044291234644533
3497.407684385780000	 0.044187679352341
3497.640643000600000	 0.044143266407994
3497.873601615430000	 0.044137937519445
3498.106560230260000	 0.044132429418338
3498.339518845080000	 0.044099460801558
3498.572477459910000	 0.044046666023262
3498.805436074730000	 0.044016879575665
3499.038394689560000	 0.044065383474766
3499.271353304390000	 0.044227369470034
3499.504311919210000	 0.044494596157464
3499.737270534040000	 0.044815315826147
3499.970229148860000	 0.045118387252222
3500.203187763690000	 0.045348147990597
3500.436146378520000	 0.045490027467966
3500.669104993340000	 0.045572610041481
3500.902063608170000	 0.045646050254089
3501.135022223000000	 0.045750319710586
3501.367980837820000	 0.045892106168158
3501.600939452650000	 0.046043787222958
3501.833898067470000	 0.046164661414928
3502.066856682300000	 0.046230949368883
3502.299815297130000	 0.046255564515945
3502.532773911950000	 0.046285039774332
3502.765732526780000	 0.046374972851727
3502.998691141610000	 0.046558161434148
3503.231649756430000	 0.046824165706935
3503.464608371260000	 0.047122989492168
3503.697566986080000	 0.047391717055870
3503.930525600910000	 0.047588934163134
3504.163484215740000	 0.047716676286505
3504.396442830560000	 0.047817216404328
3504.629401445390000	 0.047947137164051
3504.862360060220000	 0.048144226190380
3505.095318675040000	 0.048406596737785
3505.328277289870000	 0.048696322435223
3505.561235904690000	 0.048965403842946
3505.794194519520000	 0.049188140574616
3506.027153134350000	 0.049379797824007
3506.260111749170000	 0.049589867618478
3506.493070364000000	 0.049873618300557
3506.726028978820000	 0.050258414988393
3506.958987593650000	 0.050724586581407
3507.191946208480000	 0.051212846057930
3507.424904823300000	 0.051655113877379
3507.657863438130000	 0.052011325384301
3507.890822052960000	 0.052290622081449
3508.123780667780000	 0.052544465986564
3508.356739282610000	 0.052835762498397
3508.589697897430000	 0.053201810071212
3508.822656512260000	 0.053632421508198
3509.055615127090000	 0.054076234882073
3509.288573741910000	 0.054472049267537
3509.521532356740000	 0.054786826375792
3509.754490971570000	 0.055037500874281
3509.987449586390000	 0.055283288764648
3510.220408201220000	 0.055592589326419
3510.453366816040000	 0.056003244022593
3510.686325430870000	 0.056499055163984
3510.919284045700000	 0.057016939272776
3511.152242660520000	 0.057481666435690
3511.385201275350000	 0.057848344465849
3511.618159890170000	 0.058127658223097
3511.851118505000000	 0.058379233288807
3512.084077119830000	 0.058677231175222
3512.317035734650000	 0.059067636137672
3512.549994349480000	 0.059540886206837
3512.782952964310000	 0.060035220214016
3513.015911579130000	 0.060469285888520
3513.248870193960000	 0.060785749456401
3513.481828808780000	 0.060981147989408
3513.714787423610000	 0.061105683556048
3513.947746038440000	 0.061234446923855
3514.180704653260000	 0.061427355659760
3514.413663268090000	 0.061700368870453
3514.646621882920000	 0.062023378537837
3514.879580497740000	 0.062344576109661
3515.112539112570000	 0.062625524820731
3515.345497727390000	 0.062865110583476
3515.578456342220000	 0.063098016724638
3515.811414957050000	 0.063369311103649
3516.044373571870000	 0.063701066082265
3516.277332186700000	 0.064071674006366
3516.510290801530000	 0.064421350484580
3516.743249416350000	 0.064681847473783
3516.976208031180000	 0.064813335113460
3517.209166646000000	 0.064826507189553
3517.442125260830000	 0.064776769514585
3517.675083875660000	 0.064733912377770
3517.908042490480000	 0.064744539658823
3518.141001105310000	 0.064808339129775
3518.373959720130000	 0.064881507545056
3518.606918334960000	 0.064905154532482
3518.839876949790000	 0.064841669178328
3519.072835564610000	 0.064697179948246
3519.305794179440000	 0.064516871670184
3519.538752794270000	 0.064356319528502
3519.771711409090000	 0.064245902998450
3520.004670023920000	 0.064169250155011
3520.237628638740000	 0.064068821556793
3520.470587253570000	 0.063876105846230
3520.703545868400000	 0.063549116438260
3520.936504483220000	 0.063095367857371
3521.169463098050000	 0.062567423805595
3521.402421712880000	 0.062034325933460
3521.635380327700000	 0.061545564188536
3521.868338942530000	 0.061107776034053
3522.101297557350000	 0.060686838419604
3522.334256172180000	 0.060233294150304
3522.567214787010000	 0.059715143947855
3522.800173401830000	 0.059137708162897
3523.033132016660000	 0.058538609447654
3523.266090631490000	 0.057961350300827
3523.499049246310000	 0.057423795193779
3523.732007861140000	 0.056901150834824
3523.964966475960000	 0.056335164868277
3524.197925090790000	 0.055665925691725
3524.430883705620000	 0.054868328849165
3524.663842320440000	 0.053971467572211
3524.896800935270000	 0.053049014055067
3525.129759550100000	 0.052185526315483
3525.362718164920000	 0.051436933965225
3525.595676779750000	 0.050806343405325
3525.828635394570000	 0.050247989982832
3526.061594009400000	 0.049696778249209
3526.294552624230000	 0.049106344685262
3526.527511239050000	 0.048473729644242
3526.760469853880000	 0.047836990488085
3526.993428468700000	 0.047248133985419
3527.226387083530000	 0.046737742100517
3527.459345698360000	 0.046292138200656
3527.692304313180000	 0.045856911847831
3527.925262928010000	 0.045365518638494
3528.158221542840000	 0.044776610328143
3528.391180157660000	 0.044098143827959
3528.624138772490000	 0.043384138051724
3528.857097387310000	 0.042706016775305
3529.090056002140000	 0.042114738931682
3529.323014616970000	 0.041614726454009
3529.555973231790000	 0.041163980375379
3529.788931846620000	 0.040700132156295
3530.021890461440000	 0.040177304850105
3530.254849076270000	 0.039592536844781
3530.487807691100000	 0.038987148809540
3530.720766305920000	 0.038423325120379
3530.953724920750000	 0.037950030298376
3531.186683535580000	 0.037577700586853
3531.419642150400000	 0.037275631999981
3531.652600765230000	 0.036992644374360
3531.885559380050000	 0.036687855834848
3532.118517994880000	 0.036352736497514
3532.351476609710000	 0.036011673799366
3532.584435224530000	 0.035701830107985
3532.817393839360000	 0.035445493567017
3533.050352454190000	 0.035232437181220
3533.283311069010000	 0.035023809843800
3533.516269683840000	 0.034775881776875
3533.749228298660000	 0.034469181472634
3533.982186913490000	 0.034124553725796
3534.215145528320000	 0.033795336697721
3534.448104143140000	 0.033539126963507
3534.681062757970000	 0.033384718786645
3534.914021372800000	 0.033313231447000
3535.146979987620000	 0.033265301637911
3535.379938602450000	 0.033171643144747
3535.612897217270000	 0.032990163932132
3535.845855832100000	 0.032728282186097
3536.078814446930000	 0.032437512456417
3536.311773061750000	 0.032183342856625
3536.544731676580000	 0.032007203493244
3536.777690291400000	 0.031901756977992
3537.010648906230000	 0.031813788608296
3537.243607521060000	 0.031673727132072
3537.476566135880000	 0.031435285343182
3537.709524750710000	 0.031102561198467
3537.942483365540000	 0.030729476601428
3538.175441980360000	 0.030392558271247
3538.408400595190000	 0.030152658114389
3538.641359210010000	 0.030026535846833
3538.874317824840000	 0.029983205058155
3539.107276439670000	 0.029965823970844
3539.340235054490000	 0.029925301815780
3539.573193669320000	 0.029845496784557
3539.806152284150000	 0.029745886146777
3540.039110898970000	 0.029661694518197
3540.272069513800000	 0.029614788098759
3540.505028128620000	 0.029593819412448
3540.737986743450000	 0.029556558669498
3540.970945358280000	 0.029453868798353
3541.203903973100000	 0.029261033989338
3541.436862587930000	 0.028997031354127
3541.669821202760000	 0.028719403456055
3541.902779817580000	 0.028496815422128
3542.135738432410000	 0.028374203427236
3542.368697047230000	 0.028349836888225
3542.601655662060000	 0.028377513910711
3542.834614276890000	 0.028393192374958
3543.067572891710000	 0.028351017031028
3543.300531506540000	 0.028247968843042
3543.533490121360000	 0.028123262226770
3543.766448736190000	 0.028033493494624
3543.999407351020000	 0.028018111593085
3544.232365965840000	 0.028074839489189
3544.465324580670000	 0.028159009754589
3544.698283195500000	 0.028207144627120
3544.931241810320000	 0.028170843990793
3545.164200425150000	 0.028041076633912
3545.397159039970000	 0.027849362869611
3545.630117654800000	 0.027646572506392
3545.863076269630000	 0.027472950979668
3546.096034884450000	 0.027337432151203
3546.328993499280000	 0.027218358399862
3546.561952114110000	 0.027084545237493
3546.794910728930000	 0.026922666951182
3547.027869343760000	 0.026752673417499
3547.260827958580000	 0.026620544962687
3547.493786573410000	 0.026571977545315
3547.726745188240000	 0.026622441834964
3547.959703803060000	 0.026741938214980
3548.192662417890000	 0.026865231442674
3548.425621032710000	 0.026923825960388
3548.658579647540000	 0.026882276876796
3548.891538262370000	 0.026757628064569
3549.124496877190000	 0.026610176178939
3549.357455492020000	 0.026510437909535
3549.590414106850000	 0.026500647841874
3549.823372721670000	 0.026572010291499
3550.056331336500000	 0.026670320942240
3550.289289951320000	 0.026726969542769
3550.522248566150000	 0.026697954948925
3550.755207180980000	 0.026588862374540
3550.988165795800000	 0.026451878504328
3551.221124410630000	 0.026356821541870
3551.454083025460000	 0.026352435245209
3551.687041640280000	 0.026439312357218
3551.920000255110000	 0.026569364713527
3552.152958869930000	 0.026671900494928
3552.385917484760000	 0.026691146691836
3552.618876099590000	 0.026613775262512
3552.851834714410000	 0.026471675694273
3553.084793329240000	 0.026320201940908
3553.317751944070000	 0.026205972024518
3553.550710558890000	 0.026143436646884
3553.783669173720000	 0.026113498382048
3554.016627788540000	 0.026083685366851
3554.249586403370000	 0.026035746031802
3554.482545018200000	 0.025981904754036
3554.715503633020000	 0.025958611122979
3554.948462247850000	 0.026001145900669
3555.181420862680000	 0.026114636049071
3555.414379477500000	 0.026260057263581
3555.647338092330000	 0.026366027522701
3555.880296707150000	 0.026362290782615
3556.113255321980000	 0.026217044599515
3556.346213936810000	 0.025956694634797
3556.579172551630000	 0.025656124523619
3556.812131166460000	 0.025404076800862
3557.045089781280000	 0.025261741697182
3557.278048396110000	 0.025236208132950
3557.511007010940000	 0.025282665149217
3557.743965625760000	 0.025333758536884
3557.976924240590000	 0.025339214142133
3558.209882855420000	 0.025292958795189
3558.442841470240000	 0.025232637290256
3558.675800085070000	 0.025212808918964
3558.908758699890000	 0.025268128362608
3559.141717314720000	 0.025388239932202
3559.374675929550000	 0.025519370717010
3559.607634544370000	 0.025592163607793
3559.840593159200000	 0.025559675912564
3560.073551774030000	 0.025423353017233
3560.306510388850000	 0.025232145872204
3560.539469003680000	 0.025055707787348
3560.772427618500000	 0.024947030790730
3561.005386233330000	 0.024915412944319
3561.238344848160000	 0.024924872336467
3561.471303462980000	 0.024918727087204
3561.704262077810000	 0.024855587359439
3561.937220692630000	 0.024735091063403
3562.170179307460000	 0.024598278287393
3562.403137922290000	 0.024503107248801
3562.636096537110000	 0.024490104319963
3562.869055151940000	 0.024558354172650
3563.102013766770000	 0.024665834337264
3563.334972381590000	 0.024754001057032
3563.567930996420000	 0.024782173137491
3563.800889611240000	 0.024751223245550
3564.033848226070000	 0.024702401764871
3564.266806840900000	 0.024691847935420
3564.499765455720000	 0.024755495852105
3564.732724070550000	 0.024884773671722
3564.965682685370000	 0.025027728682354
3565.198641300200000	 0.025115746084162
3565.431599915030000	 0.025100804615480
3565.664558529850000	 0.024981747956664
3565.897517144680000	 0.024804707121380
3566.130475759510000	 0.024638011372352
3566.363434374330000	 0.024536084288853
3566.596392989160000	 0.024512392371649
3566.829351603980000	 0.024536261240289
3567.062310218810000	 0.024554964506809
3567.295268833640000	 0.024527722729380
3567.528227448460000	 0.024450934541093
3567.761186063290000	 0.024359390879323
3567.994144678120000	 0.024303257990864
3568.227103292940000	 0.024315499530051
3568.460061907770000	 0.024389967755085
3568.693020522590000	 0.024483687832388
3568.925979137420000	 0.024542072567894
3569.158937752250000	 0.024531740931597
3569.391896367070000	 0.024460908292356
3569.624854981900000	 0.024374941713981
3569.857813596730000	 0.024329757497484
3570.090772211550000	 0.024358964237866
3570.323730826380000	 0.024454237093383
3570.556689441200000	 0.024570358630763
3570.789648056030000	 0.024651517059743
3571.022606670860000	 0.024662919432612
3571.255565285680000	 0.024609172205630
3571.488523900510000	 0.024529175515612
3571.721482515340000	 0.024470900593991
3571.954441130160000	 0.024460793103744
3572.187399744990000	 0.024486006347838
3572.420358359810000	 0.024501023776836
3572.653316974640000	 0.024456071455359
3572.886275589470000	 0.024330952807004
3573.119234204290000	 0.024153738694939
3573.352192819120000	 0.023992250602014
3573.585151433940000	 0.023921849780021
3573.818110048770000	 0.023986315943310
3574.051068663600000	 0.024172790274349
3574.284027278420000	 0.024414898801572
3574.516985893250000	 0.024623193730573
3574.749944508080000	 0.024726730242043
3574.982903122900000	 0.024703350960417
3575.215861737730000	 0.024583278042188
3575.448820352550000	 0.024426152941107
3575.681778967380000	 0.024286048140964
3575.914737582210000	 0.024184550585822
3576.147696197030000	 0.024106454932001
3576.380654811860000	 0.024018964874634
3576.613613426690000	 0.023901143836597
3576.846572041510000	 0.023764393468068
3577.079530656340000	 0.023650795990459
3577.312489271160000	 0.023610006644470
3577.545447885990000	 0.023668318674679
3577.778406500820000	 0.023808434666645
3578.011365115640000	 0.023972906368666
3578.244323730470000	 0.024090777638236
3578.477282345300000	 0.024112978752747
3578.710240960120000	 0.024036293669079
3578.943199574950000	 0.023902335120424
3579.176158189770000	 0.023772609098811
3579.409116804600000	 0.023694223190944
3579.642075419430000	 0.023675630876891
3579.875034034250000	 0.023685847514460
3580.107992649080000	 0.023677058081255
3580.340951263900000	 0.023616842162386
3580.573909878730000	 0.023510574817566
3580.806868493560000	 0.023400565688943
3581.039827108380000	 0.023342334729729
3581.272785723210000	 0.023371719140034
3581.505744338040000	 0.023481921346829
3581.738702952860000	 0.023624257956380
3581.971661567690000	 0.023732842077695
3582.204620182510000	 0.023759279459215
3582.437578797340000	 0.023697529043572
3582.670537412170000	 0.023585200167434
3582.903496026990000	 0.023481432929595
3583.136454641820000	 0.023434441019541
3583.369413256650000	 0.023456879746099
3583.602371871470000	 0.023522306582388
3583.835330486300000	 0.023583794682587
3584.068289101120000	 0.023602860169097
3584.301247715950000	 0.023571054276289
3584.534206330780000	 0.023511638399593
3584.767164945600000	 0.023461321088500
3585.000123560430000	 0.023444125421573
3585.233082175250000	 0.023454072983120
3585.466040790080000	 0.023458043827018
3585.698999404910000	 0.023417751424143
3585.931958019730000	 0.023317466371955
3586.164916634560000	 0.023179841331725
3586.397875249390000	 0.023058936457015
3586.630833864210000	 0.023012952635437
3586.863792479040000	 0.023071133654655
3587.096751093860000	 0.023213455276755
3587.329709708690000	 0.023375941507255
3587.562668323520000	 0.023480908794698
3587.795626938340000	 0.023476708856182
3588.028585553170000	 0.023364707313120
3588.261544168000000	 0.023197876022691
3588.494502782820000	 0.023051966251008
3588.727461397650000	 0.022986018304053
3588.960420012470000	 0.023014232459038
3589.193378627300000	 0.023103699605509
3589.426337242130000	 0.023197399825553
3589.659295856950000	 0.023247959612143
3589.892254471780000	 0.023242438782434
3590.125213086610000	 0.023204507439786
3590.358171701430000	 0.023174149768491
3590.591130316260000	 0.023178500724032
3590.824088931080000	 0.023212507878179
3591.057047545910000	 0.023241529601146
3591.290006160740000	 0.023223921395819
3591.522964775560000	 0.023139357557122
3591.755923390390000	 0.023005629686027
3591.988882005210000	 0.022873725506891
3592.221840620040000	 0.022803133007624
3592.454799234870000	 0.022830177774294
3592.687757849690000	 0.022946743307396
3592.920716464520000	 0.023102100515947
3593.153675079350000	 0.023228008202473
3593.386633694170000	 0.023273539990726
3593.619592309000000	 0.023230191625248
3593.852550923820000	 0.023133651634719
3594.085509538650000	 0.023042007648991
3594.318468153480000	 0.023002983672564
3594.551426768300000	 0.023028497399147
3594.784385383130000	 0.023090604895436
3595.017343997950000	 0.023140537892470
3595.250302612780000	 0.023138869450703
3595.483261227610000	 0.023078613931119
3595.716219842430000	 0.022988219607857
3595.949178457260000	 0.022913860719840
3596.182137072090000	 0.022892152850286
3596.415095686910000	 0.022929309433125
3596.648054301740000	 0.022998788448811
3596.881012916560000	 0.023058552201156
3597.113971531390000	 0.023077057936784
3597.346930146220000	 0.023051692097369
3597.579888761040000	 0.023008449094564
3597.812847375870000	 0.022983660062581
3598.045805990700000	 0.022999456280484
3598.278764605520000	 0.023048077418870
3598.511723220350000	 0.023094723781035
3598.744681835170000	 0.023097642544961
3598.977640450000000	 0.023033722315182
3599.210599064830000	 0.022914267171529
3599.443557679650000	 0.022781169208213
3599.676516294480000	 0.022685065973121
3599.909474909310000	 0.022657590111318
3600.142433524130000	 0.022693589943023
3600.375392138960000	 0.022753913909163
3600.608350753780000	 0.022787544006993
3600.841309368610000	 0.022760358562962
3601.074267983440000	 0.022673926511194
3601.307226598260000	 0.022563890442147
3601.540185213090000	 0.022479423353392
3601.773143827920000	 0.022455736794213
3602.006102442740000	 0.022495238046949
3602.239061057570000	 0.022567967396340
3602.472019672390000	 0.022630736611333
3602.704978287220000	 0.022653131639954
3602.937936902050000	 0.022634458750217
3603.170895516870000	 0.022601676705364
3603.403854131700000	 0.022590246430177
3603.636812746520000	 0.022619973934892
3603.869771361350000	 0.022680649126709
3604.102729976180000	 0.022736483450764
3604.335688591000000	 0.022747212168313
3604.568647205830000	 0.022693469203608
3604.801605820660000	 0.022591013945780
3605.034564435480000	 0.022484766235956
3605.267523050310000	 0.022425447672503
3605.500481665130000	 0.022441771094173
3605.733440279960000	 0.022523935085027
3605.966398894790000	 0.022628192040215
3606.199357509610000	 0.022700458051322
3606.432316124440000	 0.022705791658200
3606.665274739270000	 0.022646926104047
3606.898233354090000	 0.022561390296307
3607.131191968920000	 0.022499104561046
3607.364150583740000	 0.022493265744192
3607.597109198570000	 0.022540997872405
3607.830067813400000	 0.022604938815240
3608.063026428220000	 0.022635198568733
3608.295985043050000	 0.022599066317809
3608.528943657880000	 0.022500813606628
3608.761902272700000	 0.022379739844656
3608.994860887530000	 0.022287824145504
3609.227819502350000	 0.022260435458504
3609.460778117180000	 0.022297179563499
3609.693736732010000	 0.022363626613941
3609.926695346830000	 0.022412543220963
3610.159653961660000	 0.022412131158958
3610.392612576480000	 0.022364633585307
3610.625571191310000	 0.022304003855383
3610.858529806140000	 0.022273671770745
3611.091488420960000	 0.022297869828789
3611.324447035790000	 0.022364459376902
3611.557405650620000	 0.022430097933968
3611.790364265440000	 0.022444466106645
3612.023322880270000	 0.022378946195727
3612.256281495090000	 0.022243612036716
3612.489240109920000	 0.022083900744758
3612.722198724750000	 0.021959137134114
3612.955157339570000	 0.021913831050163
3613.188115954400000	 0.021956337023648
3613.421074569230000	 0.022056350376613
3613.654033184050000	 0.022162942851556
3613.886991798880000	 0.022232755428055
3614.119950413700000	 0.022251467239535
3614.352909028530000	 0.022236085728662
3614.585867643360000	 0.022218158310780
3614.818826258180000	 0.022219822820350
3615.051784873010000	 0.022238142817435
3615.284743487830000	 0.022247107753954
3615.517702102660000	 0.022215499767531
3615.750660717490000	 0.022129345791079
3615.983619332310000	 0.022005114996265
3616.216577947140000	 0.021885231596868
3616.449536561970000	 0.021817635612060
3616.682495176790000	 0.021830544586934
3616.915453791620000	 0.021916962421232
3617.148412406440000	 0.022038315174047
3617.381371021270000	 0.022145350519610
3617.614329636100000	 0.022204119126610
3617.847288250920000	 0.022212158610851
3618.080246865750000	 0.022196131609624
3618.313205480580000	 0.022192772341009
3618.546164095400000	 0.022224218273380
3618.779122710230000	 0.022282260390071
3619.012081325050000	 0.022331533882952
3619.245039939880000	 0.022330538939381
3619.477998554710000	 0.022257938608623
3619.710957169530000	 0.022127892641307
3619.943915784360000	 0.021985022257417
3620.176874399190000	 0.021881849176728
3620.409833014010000	 0.021851367852425
3620.642791628840000	 0.021889993397790
3620.875750243660000	 0.021960658944361
3621.108708858490000	 0.022014609376756
3621.341667473320000	 0.022019175406082
3621.574626088140000	 0.021974941777370
3621.807584702970000	 0.021912573146133
3622.040543317790000	 0.021872419697853
3622.273501932620000	 0.021879984665153
3622.506460547450000	 0.021931685697427
3622.739419162270000	 0.021998541965062
3622.972377777100000	 0.022044984262915
3623.205336391930000	 0.022051494412656
3623.438295006750000	 0.022027656828125
3623.671253621580000	 0.022007689511541
3623.904212236400000	 0.022030651951391
3624.137170851230000	 0.022116574844510
3624.370129466060000	 0.022252489673286
3624.603088080880000	 0.022396972692998
3624.836046695710000	 0.022501179475720
3625.069005310540000	 0.022534605223056
3625.301963925360000	 0.022500917760956
3625.534922540190000	 0.022434959634693
3625.767881155010000	 0.022382832134762
3626.000839769840000	 0.022376482522175
3626.233798384670000	 0.022417147821154
3626.466756999490000	 0.022476827411164
3626.699715614320000	 0.022516510242494
3626.932674229150000	 0.022510111675671
3627.165632843970000	 0.022459790006974
3627.398591458800000	 0.022393535989104
3627.631550073620000	 0.022346550888949
3627.864508688450000	 0.022337710297974
3628.097467303280000	 0.022355628971226
3628.330425918100000	 0.022363440099098
3628.563384532930000	 0.022320350599065
3628.796343147750000	 0.022207858592587
3629.029301762580000	 0.022045240086118
3629.262260377410000	 0.021884313964029
3629.495218992230000	 0.021784678891678
3629.728177607060000	 0.021782045014623
3629.961136221890000	 0.021867771417654
3630.194094836710000	 0.021992716651942
3630.427053451540000	 0.022094130270735
3630.660012066360000	 0.022129469934070
3630.892970681190000	 0.022096754693209
3631.125929296020000	 0.022030493707046
3631.358887910840000	 0.021977807213320
3631.591846525670000	 0.021970284912916
3631.824805140500000	 0.022007684610520
3632.057763755320000	 0.022061162823507
3632.290722370150000	 0.022092232172559
3632.523680984970000	 0.022075577410490
3632.756639599800000	 0.022012967321827
3632.989598214630000	 0.021931239337526
3633.222556829450000	 0.021866135933420
3633.455515444280000	 0.021841339761724
3633.688474059100000	 0.021854817781035
3633.921432673930000	 0.021880704137884
3634.154391288760000	 0.021885872554769
3634.387349903580000	 0.021851268657926
3634.620308518410000	 0.021784946141948
3634.853267133240000	 0.021718683686642
3635.086225748060000	 0.021689859270268
3635.319184362890000	 0.021719107579703
3635.552142977710000	 0.021797145642214
3635.785101592540000	 0.021889011585285
3636.018060207370000	 0.021953408286199
3636.251018822190000	 0.021965526832393
3636.483977437020000	 0.021929884698607
3636.716936051850000	 0.021876127916801
3636.949894666670000	 0.021840700568198
3637.182853281500000	 0.021844959429440
3637.415811896320000	 0.021882142835359
3637.648770511150000	 0.021920811199676
3637.881729125980000	 0.021923071436735
3638.114687740800000	 0.021867117974270
3638.347646355630000	 0.021760928895976
3638.580604970460000	 0.021639185339410
3638.813563585280000	 0.021545208072469
3639.046522200110000	 0.021508112641569
3639.279480814930000	 0.021528019724403
3639.512439429760000	 0.021577648783869
3639.745398044590000	 0.021619170836187
3639.978356659410000	 0.021626188743366
3640.211315274240000	 0.021597884892616
3640.444273889060000	 0.021557496613522
3640.677232503890000	 0.021536768718212
3640.910191118720000	 0.021556017985425
3641.143149733540000	 0.021611649757228
3641.376108348370000	 0.021678411034231
3641.609066963200000	 0.021724810407905
3641.842025578020000	 0.021732104188457
3642.074984192850000	 0.021705113984514
3642.307942807670000	 0.021668284645164
3642.540901422500000	 0.021649443381483
3642.773860037330000	 0.021661194343625
3643.006818652150000	 0.021691571452720
3643.239777266980000	 0.021710377825956
3643.472735881810000	 0.021688176814660
3643.705694496630000	 0.021616752394230
3643.938653111460000	 0.021518374781261
3644.171611726280000	 0.021437486710081
3644.404570341110000	 0.021418521975996
3644.637528955940000	 0.021481624354265
3644.870487570760000	 0.021609762572693
3645.103446185590000	 0.021755029966764
3645.336404800420000	 0.021861448756107
3645.569363415240000	 0.021892236850719
3645.802322030070000	 0.021847022218175
3646.035280644890000	 0.021760301422188
3646.268239259720000	 0.021682671946866
3646.501197874550000	 0.021655202859105
3646.734156489370000	 0.021690467297630
3646.967115104200000	 0.021769815620451
3647.200073719020000	 0.021857278184875
3647.433032333850000	 0.021921107867735
3647.665990948680000	 0.021950148527125
3647.898949563500000	 0.021956189527350
3648.131908178330000	 0.021962381525218
3648.364866793160000	 0.021986184337822
3648.597825407980000	 0.022028433130132
3648.830784022810000	 0.022075834250203
3649.063742637630000	 0.022114651531862
3649.296701252460000	 0.022144960031060
3649.529659867290000	 0.022184052303898
3649.762618482110000	 0.022254941305110
3649.995577096940000	 0.022365988107356
3650.228535711770000	 0.022494350552310
3650.461494326590000	 0.022585738437487
3650.694452941420000	 0.022575020762541
3650.927411556240000	 0.022419339001077
3651.160370171070000	 0.022125419922884
3651.393328785900000	 0.021754214208289
3651.626287400720000	 0.021398925962026
3651.859246015550000	 0.021147477098010
3652.092204630370000	 0.021047868774578
3652.325163245200000	 0.021092427322749
3652.558121860030000	 0.021227507369855
3652.791080474850000	 0.021383008069113
3653.024039089680000	 0.021506147100155
3653.256997704510000	 0.021582026244823
3653.489956319330000	 0.021631595854307
3653.722914934160000	 0.021690725588919
3653.955873548980000	 0.021783865125124
3654.188832163810000	 0.021907155430314
3654.421790778640000	 0.022029461017109
3654.654749393460000	 0.022109734222253
3654.887708008290000	 0.022120373848592
3655.120666623120000	 0.022063139456489
3655.353625237940000	 0.021968580321350
3655.586583852770000	 0.021879540838653
3655.819542467590000	 0.021828504564788
3656.052501082420000	 0.021821897097960
3656.285459697250000	 0.021840120381488
3656.518418312070000	 0.021852707592700
3656.751376926900000	 0.021839079560588
3656.984335541730000	 0.021802123784018
3657.217294156550000	 0.021766122839553
3657.450252771380000	 0.021760094919633
3657.683211386200000	 0.021796991952241
3657.916170001030000	 0.021862531712834
3658.149128615860000	 0.021921719243870
3658.382087230680000	 0.021939398951874
3658.615045845510000	 0.021901744000987
3658.848004460330000	 0.021825326102733
3659.080963075160000	 0.021748682947960
3659.313921689990000	 0.021711529749344
3659.546880304810000	 0.021732958365262
3659.779838919640000	 0.021800126103267
3660.012797534470000	 0.021873746571097
3660.245756149290000	 0.021908147236384
3660.478714764120000	 0.021875477456350
3660.711673378940000	 0.021780713403507
3660.944631993770000	 0.021659008107046
3661.177590608600000	 0.021557027355153
3661.410549223420000	 0.021508901864794
3661.643507838250000	 0.021520068765404
3661.876466453080000	 0.021567440187595
3662.109425067900000	 0.021614932945365
3662.342383682730000	 0.021634708916231
3662.575342297550000	 0.021621590881717
3662.808300912380000	 0.021592757385642
3663.041259527210000	 0.021573939089746
3663.274218142030000	 0.021581258370062
3663.507176756860000	 0.021610072965731
3663.740135371690000	 0.021637702760419
3663.973093986510000	 0.021638348658977
3664.206052601340000	 0.021600824680803
3664.439011216160000	 0.021537721371440
3664.671969830990000	 0.021479754491710
3664.904928445820000	 0.021458138749576
3665.137887060640000	 0.021485243940423
3665.370845675470000	 0.021545219291365
3665.603804290290000	 0.021600904268662
3665.836762905120000	 0.021614008614608
3666.069721519950000	 0.021567463113887
3666.302680134770000	 0.021477005269269
3666.535638749600000	 0.021384900508575
3666.768597364430000	 0.021338761030419
3667.001555979250000	 0.021366753331033
3667.234514594080000	 0.021462526013518
3667.467473208900000	 0.021588015751586
3667.700431823730000	 0.021692615784405
3667.933390438560000	 0.021738189358794
3668.166349053380000	 0.021716331082565
3668.399307668210000	 0.021649121523680
3668.632266283040000	 0.021574348386371
3668.865224897860000	 0.021524740363435
3669.098183512690000	 0.021513348140170
3669.331142127510000	 0.021532836528825
3669.564100742340000	 0.021567797974744
3669.797059357170000	 0.021611020334524
3670.030017971990000	 0.021671826640096
3670.262976586820000	 0.021769528945009
3670.495935201640000	 0.021915214577094
3670.728893816470000	 0.022093842868871
3670.961852431300000	 0.022259741991436
3671.194811046120000	 0.022351121906674
3671.427769660950000	 0.022317956558704
3671.660728275780000	 0.022149154402400
3671.893686890600000	 0.021883793475872
3672.126645505430000	 0.021598296681668
3672.359604120250000	 0.021374114565498
3672.592562735080000	 0.021262324807483
3672.825521349910000	 0.021264434423199
3673.058479964730000	 0.021339168557267
3673.291438579560000	 0.021429362499832
3673.524397194390000	 0.021492524741412
3673.757355809210000	 0.021519223068232
3673.990314424040000	 0.021532114816206
3674.223273038860000	 0.021568557481420
3674.456231653690000	 0.021656886113409
3674.689190268520000	 0.021798867879962
3674.922148883340000	 0.021967644841744
3675.155107498170000	 0.022122155288302
3675.388066113000000	 0.022229404900894
3675.621024727820000	 0.022281079060879
3675.853983342650000	 0.022294410916072
3676.086941957470000	 0.022296920608918
3676.319900572300000	 0.022304761405891
3676.552859187130000	 0.022308978490502
3676.785817801950000	 0.022279611884556
3677.018776416780000	 0.022185866595190
3677.251735031600000	 0.022019163217655
3677.484693646430000	 0.021803653152125
3677.717652261260000	 0.021587515579662
3677.950610876080000	 0.021420853793069
3678.183569490910000	 0.021333378379742
3678.416528105740000	 0.021323813719529
3678.649486720560000	 0.021365429708672
3678.882445335390000	 0.021423183073911
3679.115403950210000	 0.021472295197263
3679.348362565040000	 0.021508214693909
3679.581321179870000	 0.021543257833581
3679.814279794690000	 0.021592775588385
3680.047238409520000	 0.021659671660928
3680.280197024350000	 0.021727369126046
3680.513155639170000	 0.021766621146512
3680.746114254000000	 0.021752856596599
3680.979072868820000	 0.021683360280750
3681.212031483650000	 0.021582895852249
3681.444990098480000	 0.021493232934653
3681.677948713300000	 0.021451866036295
3681.910907328130000	 0.021471826742291
3682.143865942960000	 0.021534212561829
3682.376824557780000	 0.021598133037868
3682.609783172610000	 0.021622935032584
3682.842741787430000	 0.021590413922099
3683.075700402260000	 0.021514582798829
3683.308659017090000	 0.021433536496759
3683.541617631910000	 0.021387878456896
3683.774576246740000	 0.021397649768057
3684.007534861560000	 0.021450820206305
3684.240493476390000	 0.021510259541017
3684.473452091220000	 0.021535572273504
3684.706410706040000	 0.021507303694386
3684.939369320870000	 0.021439496385241
3685.172327935700000	 0.021373341516975
3685.405286550520000	 0.021355354180243
3685.638245165350000	 0.021412003794026
3685.871203780170000	 0.021534773008736
3686.104162395000000	 0.021684080284216
3686.337121009830000	 0.021809931604446
3686.570079624650000	 0.021877496097556
3686.803038239480000	 0.021883171146675
3687.035996854310000	 0.021852738290732
3687.268955469130000	 0.021823754693132
3687.501914083960000	 0.021823014880324
3687.734872698780000	 0.021852279553301
3687.967831313610000	 0.021890450376067
3688.200789928440000	 0.021910519293473
3688.433748543260000	 0.021900518095387
3688.666707158090000	 0.021875028998211
3688.899665772910000	 0.021869240233081
3689.132624387740000	 0.021917692675289
3689.365583002570000	 0.022029393152343
3689.598541617390000	 0.022175024437970
3689.831500232220000	 0.022296926746144
3690.064458847050000	 0.022338682235307
3690.297417461870000	 0.022276840272994
3690.530376076700000	 0.022134789895402
3690.763334691520000	 0.021971011994679
3690.996293306350000	 0.021850179953454
3691.229251921180000	 0.021813573474694
3691.462210536000000	 0.021862752677461
3691.695169150830000	 0.021962487691521
3691.928127765660000	 0.022060236635865
3692.161086380480000	 0.022112323185579
3692.394044995310000	 0.022103619600713
3692.627003610130000	 0.022050553073828
3692.859962224960000	 0.021986531947680
3693.092920839790000	 0.021939428978074
3693.325879454610000	 0.021915323184163
3693.558838069440000	 0.021897898328879
3693.791796684270000	 0.021862363701014
3694.024755299090000	 0.021793984204163
3694.257713913920000	 0.021699530969558
3694.490672528740000	 0.021605101341425
3694.723631143570000	 0.021541922742439
3694.956589758400000	 0.021528478719752
3695.189548373220000	 0.021559427081874
3695.422506988050000	 0.021608146130793
3695.655465602870000	 0.021641866787139
3695.888424217700000	 0.021640618826382
3696.121382832530000	 0.021608677435189
3696.354341447350000	 0.021571687563878
3696.587300062180000	 0.021561211301867
3696.820258677010000	 0.021595736891084
3697.053217291830000	 0.021669134010886
3697.286175906660000	 0.021753235237281
3697.519134521480000	 0.021813027606536
3697.752093136310000	 0.021825512709377
3697.985051751140000	 0.021791210712897
3698.218010365960000	 0.021731897270336
3698.450968980790000	 0.021676481896312
3698.683927595620000	 0.021643827205936
3698.916886210440000	 0.021632859356482
3699.149844825270000	 0.021625790557427
3699.382803440090000	 0.021602265553144
3699.615762054920000	 0.021555485818800
3699.848720669750000	 0.021500073425881
3700.081679284570000	 0.021466431821035
3700.314637899400000	 0.021484477333888
3700.547596514230000	 0.021566016014568
3700.780555129050000	 0.021696149033820
3701.013513743880000	 0.021839190207227
3701.246472358700000	 0.021956177762235
3701.479430973530000	 0.022024042574035
3701.712389588360000	 0.022045385087044
3701.945348203180000	 0.022043435327088
3702.178306818010000	 0.022045527560478
3702.411265432830000	 0.022065071459808
3702.644224047660000	 0.022092940767638
3702.877182662490000	 0.022103841188911
3703.110141277310000	 0.022074130524826
3703.343099892140000	 0.021999955465702
3703.576058506970000	 0.021903745354148
3703.809017121790000	 0.021824227248016
3704.041975736620000	 0.021795523370295
3704.274934351440000	 0.021827609266769
3704.507892966270000	 0.021899537490230
3704.740851581100000	 0.021969500627243
3704.973810195920000	 0.021996474998646
3705.206768810750000	 0.021961854328738
3705.439727425580000	 0.021879396592752
3705.672686040400000	 0.021787982153191
3705.905644655230000	 0.021730876627467
3706.138603270050000	 0.021732568619275
3706.371561884880000	 0.021785793888667
3706.604520499710000	 0.021855923691296
3706.837479114530000	 0.021900194115237
3707.070437729360000	 0.021890856496941
3707.303396344180000	 0.021829370972554
3707.536354959010000	 0.021744330515580
3707.769313573840000	 0.021675233989946
3708.002272188660000	 0.021651903520986
3708.235230803490000	 0.021681164485111
3708.468189418320000	 0.021747636823541
3708.701148033140000	 0.021826898676112
3708.934106647970000	 0.021901929134500
3709.167065262790000	 0.021972142530986
3709.400023877620000	 0.022049423366286
3709.632982492450000	 0.022144039080017
3709.865941107270000	 0.022249991898088
3710.098899722100000	 0.022340392024208
3710.331858336930000	 0.022377922022025
3710.564816951750000	 0.022336025584468
3710.797775566580000	 0.022218557226443
3711.030734181400000	 0.022064871006304
3711.263692796230000	 0.021935189013379
3711.496651411060000	 0.021882911875176
3711.729610025880000	 0.021928573337683
3711.962568640710000	 0.022049364125068
3712.195527255540000	 0.022189529821250
3712.428485870360000	 0.022286015798622
3712.661444485190000	 0.022296456508050
3712.894403100010000	 0.022216073227882
3713.127361714840000	 0.022075830187581
3713.360320329670000	 0.021923596243125
3713.593278944490000	 0.021799035119637
3713.826237559320000	 0.021716600286401
3714.059196174140000	 0.021665905485541
3714.292154788970000	 0.021627164237638
3714.525113403800000	 0.021589674928457
3714.758072018620000	 0.021560727973376
3714.991030633450000	 0.021560091789663
3715.223989248280000	 0.021604675375800
3715.456947863100000	 0.021693347056857
3715.689906477930000	 0.021801525409220
3715.922865092750000	 0.021889892379373
3716.155823707580000	 0.021923598252004
3716.388782322410000	 0.021891513282097
3716.621740937230000	 0.021813928970922
3716.854699552060000	 0.021733243200879
3717.087658166890000	 0.021692091778800
3717.320616781710000	 0.021710838480633
3717.553575396540000	 0.021776864849376
3717.786534011360000	 0.021851609648383
3718.019492626190000	 0.021891479419800
3718.252451241020000	 0.021871022138334
3718.485409855840000	 0.021795582061022
3718.718368470670000	 0.021696785145685
3718.951327085500000	 0.021613988342840
3719.184285700320000	 0.021572577374782
3719.417244315150000	 0.021571492621524
3719.650202929970000	 0.021586904317683
3719.883161544800000	 0.021589500607167
3720.116120159630000	 0.021564694919999
3720.349078774450000	 0.021523166553482
3720.582037389280000	 0.021494943342164
3720.814996004100000	 0.021510304932864
3721.047954618930000	 0.021578977841240
3721.280913233760000	 0.021680439628146
3721.513871848580000	 0.021771802986244
3721.746830463410000	 0.021809448357527
3721.979789078240000	 0.021772475675389
3722.212747693060000	 0.021674912653287
3722.445706307890000	 0.021559816308579
3722.678664922710000	 0.021478119303738
3722.911623537540000	 0.021463129133069
3723.144582152370000	 0.021514100510685
3723.377540767190000	 0.021597841441836
3723.610499382020000	 0.021667576868047
3723.843457996850000	 0.021688344985741
3724.076416611670000	 0.021654349929840
3724.309375226500000	 0.021588863685377
3724.542333841320000	 0.021528060227849
3724.775292456150000	 0.021499351773239
3725.008251070980000	 0.021506944251851
3725.241209685800000	 0.021532079331524
3725.474168300630000	 0.021546595747397
3725.707126915450000	 0.021531096507716
3725.940085530280000	 0.021486891700099
3726.173044145110000	 0.021434884725552
3726.406002759930000	 0.021402406684518
3726.638961374760000	 0.021406273886762
3726.871919989590000	 0.021442713018653
3727.104878604410000	 0.021490586398214
3727.337837219240000	 0.021525961134493
3727.570795834060000	 0.021538780861102
3727.803754448890000	 0.021540882713409
3728.036713063720000	 0.021559795213229
3728.269671678540000	 0.021621481235488
3728.502630293370000	 0.021732243277936
3728.735588908200000	 0.021871023547831
3728.968547523020000	 0.021997368894238
3729.201506137850000	 0.022070931651563
3729.434464752670000	 0.022071555647400
3729.667423367500000	 0.022008906712030
3729.900381982330000	 0.021916731981199
3730.133340597150000	 0.021835161828107
3730.366299211980000	 0.021790623872917
3730.599257826810000	 0.021784107980337
3730.832216441630000	 0.021794029655865
3731.065175056460000	 0.021791763302025
3731.298133671280000	 0.021760546677942
3731.531092286110000	 0.021706530482906
3731.764050900940000	 0.021655575664357
3731.997009515760000	 0.021637876559523
3732.229968130590000	 0.021669490590947
3732.462926745410000	 0.021741575530064
3732.695885360240000	 0.021823789153206
3732.928843975070000	 0.021880184842660
3733.161802589890000	 0.021888438831334
3733.394761204720000	 0.021850877287176
3733.627719819550000	 0.021790510893685
3733.860678434370000	 0.021734769658406
3734.093637049200000	 0.021697826289907
3734.326595664020000	 0.021673342586616
3734.559554278850000	 0.021642203507070
3734.792512893680000	 0.021589740058188
3735.025471508500000	 0.021521228296077
3735.258430123330000	 0.021465914598488
3735.491388738160000	 0.021466172638222
3735.724347352980000	 0.021556012310335
3735.957305967810000	 0.021739404981593
3736.190264582630000	 0.021981057949163
3736.423223197460000	 0.022217295613949
3736.656181812290000	 0.022383070285731
3736.889140427110000	 0.022440212219190
3737.122099041940000	 0.022390935247293
3737.355057656770000	 0.022270376263412
3737.588016271590000	 0.022124529952764
3737.820974886420000	 0.021987016640759
3738.053933501240000	 0.021867130954712
3738.286892116070000	 0.021754390537154
3738.519850730900000	 0.021635106860191
3738.752809345720000	 0.021509492348829
3738.985767960550000	 0.021397956021537
3739.218726575380000	 0.021332467703523
3739.451685190200000	 0.021338181135133
3739.684643805030000	 0.021416188171410
3739.917602419850000	 0.021537731717459
3740.150561034680000	 0.021654163544941
3740.383519649510000	 0.021718322709190
3740.616478264330000	 0.021706272012880
3740.849436879160000	 0.021627666848930
3741.082395493980000	 0.021519276152399
3741.315354108810000	 0.021425558389064
3741.548312723640000	 0.021377070770612
3741.781271338460000	 0.021378236185766
3742.014229953290000	 0.021410556602778
3742.247188568120000	 0.021448621717065
3742.480147182940000	 0.021478833535956
3742.713105797770000	 0.021509085700375
3742.946064412590000	 0.021563120151514
3743.179023027420000	 0.021662790455613
3743.411981642250000	 0.021809125390342
3743.644940257070000	 0.021974213226106
3743.877898871900000	 0.022109827510996
3744.110857486720000	 0.022168995003070
3744.343816101550000	 0.022129150507855
3744.576774716380000	 0.022004480623957
3744.809733331200000	 0.021840684426299
3745.042691946030000	 0.021694201747861
3745.275650560860000	 0.021605843746278
3745.508609175680000	 0.021582593939472
3745.741567790510000	 0.021598490854974
3745.974526405330000	 0.021614867936270
3746.207485020160000	 0.021606792007686
3746.440443634990000	 0.021577500361118
3746.673402249810000	 0.021552191858361
3746.906360864640000	 0.021558281196618
3747.139319479470000	 0.021607092430430
3747.372278094290000	 0.021687862301374
3747.605236709120000	 0.021775510032170
3747.838195323940000	 0.021846154968213
3748.071153938770000	 0.021891361022506
3748.304112553600000	 0.021923223572612
3748.537071168420000	 0.021966951906267
3748.770029783250000	 0.022044292948940
3749.002988398080000	 0.022157087202768
3749.235947012900000	 0.022281469662799
3749.468905627730000	 0.022377772764587
3749.701864242550000	 0.022411795861047
3749.934822857380000	 0.022375733852718
3750.167781472210000	 0.022296259401624
3750.400740087030000	 0.022223449981100
3750.633698701860000	 0.022204670327312
3750.866657316680000	 0.022257421832766
3751.099615931510000	 0.022358087146848
3751.332574546340000	 0.022454800453683
3751.565533161160000	 0.022496622383419
3751.798491775990000	 0.022460560391412
3752.031450390820000	 0.022361261083789
3752.264409005640000	 0.022240587378204
3752.497367620470000	 0.022145024823002
3752.730326235290000	 0.022102810560876
3752.963284850120000	 0.022111316589364
3753.196243464950000	 0.022140712164122
3753.429202079770000	 0.022152571980266
3753.662160694600000	 0.022123384321534
3753.895119309430000	 0.022058456616530
3754.128077924250000	 0.021987180241221
3754.361036539080000	 0.021943500501547
3754.593995153900000	 0.021945203316308
3754.826953768730000	 0.021984732702792
3755.059912383560000	 0.022035338586892
3755.292870998380000	 0.022067206349895
3755.525829613210000	 0.022063872412933
3755.758788228040000	 0.022030255724082
3755.991746842860000	 0.021988478239441
3756.224705457690000	 0.021964131759061
3756.457664072510000	 0.021970969203964
3756.690622687340000	 0.022003172861121
3756.923581302170000	 0.022040082099400
3757.156539916990000	 0.022060655584055
3757.389498531820000	 0.022058716404882
3757.622457146640000	 0.022049248843914
3757.855415761470000	 0.022061245291983
3758.088374376300000	 0.022120741559900
3758.321332991120000	 0.022233944204079
3758.554291605950000	 0.022380826200981
3758.787250220780000	 0.022523542487654
3759.020208835600000	 0.022625036719438
3759.253167450430000	 0.022667099228722
3759.486126065250000	 0.022657730765060
3759.719084680080000	 0.022624114579050
3759.952043294910000	 0.022595574938367
3760.185001909730000	 0.022586253849456
3760.417960524560000	 0.022587389279307
3760.650919139390000	 0.022573858139737
3760.883877754210000	 0.022521395858201
3761.116836369040000	 0.022424157103975
3761.349794983860000	 0.022301554987410
3761.582753598690000	 0.022189667072795
3761.815712213520000	 0.022122071196327
3762.048670828340000	 0.022111512756769
3762.281629443170000	 0.022143168041474
3762.514588057990000	 0.022183196100626
3762.747546672820000	 0.022197462732417
3762.980505287650000	 0.022169971817577
3763.213463902470000	 0.022111180858085
3763.446422517300000	 0.022052057375612
3763.679381132130000	 0.022027287164155
3763.912339746950000	 0.022056774241532
3764.145298361780000	 0.022135520599642
3764.378256976600000	 0.022237272686694
3764.611215591430000	 0.022329328383587
3764.844174206260000	 0.022389439995987
3765.077132821080000	 0.022414937646381
3765.310091435910000	 0.022419380391153
3765.543050050740000	 0.022419762599648
3765.776008665560000	 0.022422891314109
3766.008967280390000	 0.022419858655959
3766.241925895210000	 0.022392418342207
3766.474884510040000	 0.022327490587807
3766.707843124870000	 0.022230526105944
3766.940801739690000	 0.022128530870415
3767.173760354520000	 0.022059396792211
3767.406718969350000	 0.022052578862941
3767.639677584170000	 0.022112130498601
3767.872636199000000	 0.022212604200951
3768.105594813820000	 0.022311064006853
3768.338553428650000	 0.022368893104019
3768.571512043480000	 0.022371471164022
3768.804470658300000	 0.022335350219421
3769.037429273130000	 0.022299545450829
3769.270387887960000	 0.022305679200476
3769.503346502780000	 0.022377139478715
3769.736305117610000	 0.022507839207445
3769.969263732430000	 0.022666140569981
3770.202222347260000	 0.022811270559921
3770.435180962090000	 0.022912736771993
3770.668139576910000	 0.022962058436681
3770.901098191740000	 0.022971159711541
3771.134056806560000	 0.022959810762513
3771.367015421390000	 0.022940855518033
3771.599974036220000	 0.022912914265851
3771.832932651040000	 0.022864952949647
3772.065891265870000	 0.022788842056473
3772.298849880700000	 0.022690628861011
3772.531808495520000	 0.022592460188092
3772.764767110350000	 0.022523452110092
3772.997725725170000	 0.022504654893554
3773.230684340000000	 0.022536784526978
3773.463642954830000	 0.022598180516066
3773.696601569650000	 0.022655081380895
3773.929560184480000	 0.022679226006558
3774.162518799310000	 0.022662995478125
3774.395477414130000	 0.022623174504892
3774.628436028960000	 0.022590812472377
3774.861394643780000	 0.022592745884868
3775.094353258610000	 0.022635298346057
3775.327311873440000	 0.022699683455916
3775.560270488260000	 0.022752111662259
3775.793229103090000	 0.022763038743781
3776.026187717910000	 0.022724442393323
3776.259146332740000	 0.022655016602026
3776.492104947570000	 0.022590148480712
3776.725063562390000	 0.022562236883812
3776.958022177220000	 0.022582404373457
3777.190980792050000	 0.022634033673437
3777.423939406870000	 0.022682046029604
3777.656898021700000	 0.022692829581480
3777.889856636520000	 0.022653452768537
3778.122815251350000	 0.022579179543532
3778.355773866180000	 0.022505082471374
3778.588732481000000	 0.022466566865205
3778.821691095830000	 0.022479785342093
3779.054649710650000	 0.022532993533343
3779.287608325480000	 0.022593754923528
3779.520566940310000	 0.022627786416153
3779.753525555130000	 0.022618476756930
3779.986484169960000	 0.022575871045344
3780.219442784790000	 0.022530193260412
3780.452401399610000	 0.022513854029644
3780.685360014440000	 0.022542415361061
3780.918318629260000	 0.022605695132911
3781.151277244090000	 0.022674368953698
3781.384235858920000	 0.022717967621306
3781.617194473740000	 0.022722984486497
3781.850153088570000	 0.022699948108498
3782.083111703400000	 0.022675574880884
3782.316070318220000	 0.022675249561247
3782.549028933050000	 0.022706419844864
3782.781987547870000	 0.022752622807015
3783.014946162700000	 0.022781817413508
3783.247904777530000	 0.022764667204380
3783.480863392350000	 0.022692576602444
3783.713822007180000	 0.022585052839109
3783.946780622010000	 0.022481773157093
3784.179739236830000	 0.022423331722697
3784.412697851660000	 0.022431051080645
3784.645656466480000	 0.022496824640429
3784.878615081310000	 0.022588368587963
3785.111573696140000	 0.022666625936856
3785.344532310960000	 0.022705362188204
3785.577490925790000	 0.022702150282589
3785.810449540620000	 0.022675316141700
3786.043408155440000	 0.022649654289804
3786.276366770270000	 0.022640022223616
3786.509325385090000	 0.022642760052678
3786.742283999920000	 0.022639802124062
3786.975242614750000	 0.022612361450540
3787.208201229570000	 0.022555153893863
3787.441159844400000	 0.022482014470423
3787.674118459220000	 0.022419289053635
3787.907077074050000	 0.022390893073898
3788.140035688880000	 0.022403963271539
3788.372994303700000	 0.022443853883580
3788.605952918530000	 0.022481908304998
3788.838911533360000	 0.022491848268175
3789.071870148180000	 0.022465246266019
3789.304828763010000	 0.022416821044329
3789.537787377830000	 0.022376154431200
3789.770745992660000	 0.022370329124771
3790.003704607490000	 0.022407346958885
3790.236663222310000	 0.022470000027838
3790.469621837140000	 0.022524106992013
3790.702580451970000	 0.022536781787156
3790.935539066790000	 0.022494489562074
3791.168497681620000	 0.022410709276935
3791.401456296440000	 0.022318989175664
3791.634414911270000	 0.022255394779359
3791.867373526100000	 0.022240131364793
3792.100332140920000	 0.022268406950424
3792.333290755750000	 0.022315267966330
3792.566249370580000	 0.022351121424945
3792.799207985400000	 0.022358626417193
3793.032166600230000	 0.022341226901116
3793.265125215050000	 0.022318906997968
3793.498083829880000	 0.022314381662857
3793.731042444710000	 0.022338394321385
3793.964001059530000	 0.022383073953726
3794.196959674360000	 0.022427291494585
3794.429918289180000	 0.022450537994344
3794.662876904010000	 0.022446529846135
3794.895835518840000	 0.022427886537816
3795.128794133660000	 0.022418711507063
3795.361752748490000	 0.022439321762977
3795.594711363320000	 0.022492322047297
3795.827669978140000	 0.022558795790483
3796.060628592970000	 0.022607624847649
3796.293587207790000	 0.022613051107191
3796.526545822620000	 0.022570353918817
3796.759504437450000	 0.022500253006092
3796.992463052270000	 0.022438903832356
3797.225421667100000	 0.022418485586707
3797.458380281930000	 0.022449001296980
3797.691338896750000	 0.022511906206885
3797.924297511580000	 0.022569959591461
3798.157256126400000	 0.022588170304308
3798.390214741230000	 0.022553689779347
3798.623173356060000	 0.022482964678649
3798.856131970880000	 0.022412234987584
3799.089090585710000	 0.022377245839809
3799.322049200530000	 0.022393788102388
3799.555007815360000	 0.022449667512689
3799.787966430190000	 0.022512169707912
3800.020925045010000	 0.022546721167156
3800.253883659840000	 0.022536516747231
3800.486842274670000	 0.022492443235180
3800.719800889490000	 0.022447944574638
3800.952759504320000	 0.022441693860517
3801.185718119140000	 0.022497519758651
3801.418676733970000	 0.022612294976244
3801.651635348800000	 0.022757788265326
3801.884593963620000	 0.022894641517016
3802.117552578450000	 0.022990198193643
3802.350511193280000	 0.023030373297988
3802.583469808100000	 0.023019813864940
3802.816428422930000	 0.022972013993492
3803.049387037750000	 0.022897446260719
3803.282345652580000	 0.022798614713426
3803.515304267410000	 0.022675113236221
3803.748262882230000	 0.022533721440738
3803.981221497060000	 0.022394771219136
3804.214180111890000	 0.022288854693270
3804.447138726710000	 0.022244415753938
3804.680097341540000	 0.022272490269652
3804.913055956360000	 0.022357218443831
3805.146014571190000	 0.022458803909569
3805.378973186020000	 0.022529647075090
3805.611931800840000	 0.022536849255905
3805.844890415670000	 0.022479592405886
3806.077849030490000	 0.022391601463229
3806.310807645320000	 0.022326459730169
3806.543766260150000	 0.022332571106416
3806.776724874970000	 0.022430054709329
3807.009683489800000	 0.022601058359746
3807.242642104630000	 0.022798245983861
3807.475600719450000	 0.022966836811756
3807.708559334280000	 0.023068535091391
3807.941517949100000	 0.023094990993993
3808.174476563930000	 0.023064548832108
3808.407435178760000	 0.023005627264633
3808.640393793580000	 0.022937765295037
3808.873352408410000	 0.022862327473162
3809.106311023230000	 0.022767948453478
3809.339269638060000	 0.022645593248465
3809.572228252890000	 0.022502106230111
3809.805186867710000	 0.022363131717305
3810.038145482540000	 0.022263581531322
3810.271104097370000	 0.022230996725989
3810.504062712190000	 0.022270782401331
3810.737021327020000	 0.022361518620121
3810.969979941840000	 0.022463704876345
3811.202938556670000	 0.022538076395674
3811.435897171500000	 0.022563794376551
3811.668855786320000	 0.022546430139422
3811.901814401150000	 0.022511521776145
3812.134773015980000	 0.022487897108939
3812.367731630800000	 0.022490672346170
3812.600690245630000	 0.022513694762945
3812.833648860450000	 0.022535508661001
3813.066607475280000	 0.022534906639146
3813.299566090110000	 0.022506405814517
3813.532524704930000	 0.022466061012045
3813.765483319760000	 0.022443845715291
3813.998441934590000	 0.022466782813657
3814.231400549410000	 0.022542462816601
3814.464359164240000	 0.022652602942940
3814.697317779060000	 0.022760829859548
3814.930276393890000	 0.022830774015406
3815.163235008720000	 0.022844488209721
3815.396193623540000	 0.022810941570264
3815.629152238370000	 0.022760094584203
3815.862110853200000	 0.022726212947737
3816.095069468020000	 0.022729833403481
3816.328028082850000	 0.022768174292017
3816.560986697670000	 0.022818860300027
3816.793945312500000	 0.022854300883227
3817.026903927330000	 0.022857944303563
3817.259862542150000	 0.022832462018300
3817.492821156980000	 0.022794859509924
3817.725779771800000	 0.022762102833062
3817.958738386630000	 0.022737538960969
3818.191697001460000	 0.022707903089855
3818.424655616280000	 0.022652958454944
3818.657614231110000	 0.022560939939289
3818.890572845940000	 0.022439696531422
3819.123531460760000	 0.022316925844564
3819.356490075590000	 0.022229359988096
3819.589448690410000	 0.022206258744466
3819.822407305240000	 0.022255358671104
3820.055365920070000	 0.022358794613079
3820.288324534890000	 0.022481965814489
3820.521283149720000	 0.022591153303834
3820.754241764550000	 0.022670049585993
3820.987200379370000	 0.022725568996478
3821.220158994200000	 0.022779658755105
3821.453117609020000	 0.022852137871262
3821.686076223850000	 0.022944862444614
3821.919034838680000	 0.023037005387132
3822.151993453500000	 0.023094990219474
3822.384952068330000	 0.023091592541965
3822.617910683160000	 0.023022442068915
3822.850869297980000	 0.022909443429151
3823.083827912810000	 0.022789053840563
3823.316786527630000	 0.022692960386298
3823.549745142460000	 0.022632991167418
3823.782703757290000	 0.022598805385331
3824.015662372110000	 0.022568725291092
3824.248620986940000	 0.022526300696277
3824.481579601760000	 0.022472391728025
3824.714538216590000	 0.022425824863452
3824.947496831420000	 0.022412471121811
3825.180455446240000	 0.022449004325705
3825.413414061070000	 0.022530639996705
3825.646372675900000	 0.022630426335331
3825.879331290720000	 0.022711506800437
3826.112289905550000	 0.022746018161911
3826.345248520370000	 0.022729720745022
3826.578207135200000	 0.022683569507807
3826.811165750030000	 0.022641109382205
3827.044124364850000	 0.022628860503615
3827.277082979680000	 0.022650900503290
3827.510041594510000	 0.022686654898290
3827.743000209330000	 0.022703567289736
3827.975958824160000	 0.022677535760294
3828.208917438980000	 0.022608929371510
3828.441876053810000	 0.022524245926969
3828.674834668640000	 0.022461975771172
3828.907793283460000	 0.022450680464682
3829.140751898290000	 0.022491980080618
3829.373710513110000	 0.022558496344404
3829.606669127940000	 0.022608364781402
3829.839627742770000	 0.022608442540585
3830.072586357590000	 0.022553313557365
3830.305544972420000	 0.022469534627244
3830.538503587250000	 0.022402654953053
3830.771462202070000	 0.022393695792309
3831.004420816900000	 0.022457355842552
3831.237379431720000	 0.022573538459065
3831.470338046550000	 0.022696895018385
3831.703296661380000	 0.022779228347202
3831.936255276200000	 0.022792496061544
3832.169213891030000	 0.022740263013549
3832.402172505860000	 0.022652434106278
3832.635131120680000	 0.022567367404512
3832.868089735510000	 0.022511912028091
3833.101048350330000	 0.022490504610633
3833.334006965160000	 0.022488811249013
3833.566965579990000	 0.022488310947406
3833.799924194810000	 0.022481361846508
3834.032882809640000	 0.022476610929696
3834.265841424470000	 0.022491714678190
3834.498800039290000	 0.022538800060717
3834.731758654120000	 0.022612431453055
3834.964717268940000	 0.022688189818128
3835.197675883770000	 0.022733786970634
3835.430634498600000	 0.022727187492681
3835.663593113420000	 0.022671422546564
3835.896551728250000	 0.022596665061089
3836.129510343070000	 0.022546777714904
3836.362468957900000	 0.022556568407254
3836.595427572730000	 0.022632251178267
3836.828386187550000	 0.022746886117650
3837.061344802380000	 0.022854248420122
3837.294303417210000	 0.022913315934136
3837.527262032030000	 0.022909106350584
3837.760220646860000	 0.022858446139990
3837.993179261680000	 0.022798612467810
3838.226137876510000	 0.022765909961191
3838.459096491340000	 0.022775630581735
3838.692055106160000	 0.022813870855127
3838.925013720990000	 0.022846097595108
3839.157972335820000	 0.022838384351915
3839.390930950640000	 0.022778777604122
3839.623889565470000	 0.022684871110824
3839.856848180290000	 0.022592480389943
3840.089806795120000	 0.022533312587286
3840.322765409950000	 0.022516281314220
3840.555724024770000	 0.022523294493218
3840.788682639600000	 0.022520583408132
3841.021641254430000	 0.022478157118632
3841.254599869250000	 0.022386684114705
3841.487558484080000	 0.022263189856893
3841.720517098900000	 0.022142774449848
3841.953475713730000	 0.022060720383430
3842.186434328560000	 0.022034766988663
3842.419392943380000	 0.022057697811860
3842.652351558210000	 0.022104481102421
3842.885310173030000	 0.022149107096913
3843.118268787860000	 0.022180209353781
3843.351227402690000	 0.022205876509144
3843.584186017510000	 0.022245413639309
3843.817144632340000	 0.022313864127322
3844.050103247170000	 0.022409094148897
3844.283061861990000	 0.022509526193490
3844.516020476820000	 0.022584418467300
3844.748979091640000	 0.022611114955565
3844.981937706470000	 0.022589048637888
3845.214896321300000	 0.022541550801570
3845.447854936120000	 0.022503499862333
3845.680813550950000	 0.022501557959092
3845.913772165780000	 0.022538682525029
3846.146730780600000	 0.022592341165052
3846.379689395430000	 0.022627623742547
3846.612648010250000	 0.022617532085864
3846.845606625080000	 0.022558754395440
3847.078565239910000	 0.022474175715874
3847.311523854730000	 0.022400877042854
3847.544482469560000	 0.022370172147529
3847.777441084380000	 0.022390606746244
3848.010399699210000	 0.022443591470067
3848.243358314040000	 0.022494538842002
3848.476316928860000	 0.022513367150355
3848.709275543690000	 0.022492547815932
3848.942234158520000	 0.022452304482262
3849.175192773340000	 0.022430081647065
3849.408151388170000	 0.022460248559683
3849.641110002990000	 0.022555325481506
3849.874068617820000	 0.022699165094139
3850.107027232650000	 0.022855801636072
3850.339985847470000	 0.022988607935229
3850.572944462300000	 0.023078421975418
3850.805903077130000	 0.023130245621127
3851.038861691950000	 0.023165233471255
3851.271820306780000	 0.023203470188742
3851.504778921600000	 0.023248460718486
3851.737737536430000	 0.023283321259997
3851.970696151260000	 0.023281635786097
3852.203654766080000	 0.023226797172009
3852.436613380910000	 0.023128109872053
3852.669571995740000	 0.023023340697678
3852.902530610560000	 0.022964525529506
3853.135489225390000	 0.022992875282427
3853.368447840210000	 0.023115735129799
3853.601406455040000	 0.023299706310674
3853.834365069870000	 0.023485983466925
3854.067323684690000	 0.023619579121516
3854.300282299520000	 0.023674273500253
3854.533240914340000	 0.023658661932511
3854.766199529170000	 0.023601918630979
3854.999158144000000	 0.023529875553309
3855.232116758820000	 0.023446369509984
3855.465075373650000	 0.023331513364799
3855.698033988480000	 0.023158890767887
3855.930992603300000	 0.022920898812256
3856.163951218130000	 0.022644284041481
3856.396909832950000	 0.022384262934805
3856.629868447780000	 0.022201007531921
3856.862827062610000	 0.022133062573393
3857.095785677430000	 0.022181500507442
3857.328744292260000	 0.022310858727359
3857.561702907090000	 0.022464958925954
3857.794661521910000	 0.022590220788061
3858.027620136740000	 0.022656309627148
3858.260578751560000	 0.022664773951279
3858.493537366390000	 0.022641676154767
3858.726495981220000	 0.022618595252215
3858.959454596040000	 0.022613178130828
3859.192413210870000	 0.022620780077576
3859.425371825700000	 0.022621716756141
3859.658330440520000	 0.022598648777029
3859.891289055350000	 0.022552336224400
3860.124247670170000	 0.022505366145392
3860.357206285000000	 0.022491067146841
3860.590164899830000	 0.022533718379433
3860.823123514650000	 0.022631426563883
3861.056082129480000	 0.022752086435680
3861.289040744300000	 0.022845985804583
3861.521999359130000	 0.022869222490998
3861.754957973960000	 0.022805550243059
3861.987916588780000	 0.022674810877362
3862.220875203610000	 0.022523511321025
3862.453833818440000	 0.022402772259673
3862.686792433260000	 0.022345363567270
3862.919751048090000	 0.022353710846479
3863.152709662910000	 0.022404605649455
3863.385668277740000	 0.022466858195229
3863.618626892570000	 0.022520611541819
3863.851585507390000	 0.022566465023932
3864.084544122220000	 0.022619564775997
3864.317502737050000	 0.022693615377448
3864.550461351870000	 0.022785860695415
3864.783419966700000	 0.022873064181304
3865.016378581520000	 0.022921620665996
3865.249337196350000	 0.022906416304300
3865.482295811180000	 0.022827628919180
3865.715254426000000	 0.022715213264654
3865.948213040830000	 0.022617136767778
3866.181171655650000	 0.022576436162815
3866.414130270480000	 0.022609204565886
3866.647088885310000	 0.022696280169746
3866.880047500130000	 0.022794080896753
3867.113006114960000	 0.022858430317932
3867.345964729790000	 0.022867244089922
3867.578923344610000	 0.022829383330892
3867.811881959440000	 0.022776162569419
3868.044840574260000	 0.022741931935256
3868.277799189090000	 0.022745069794791
3868.510757803920000	 0.022779318945369
3868.743716418740000	 0.022819432791189
3868.976675033570000	 0.022837479285681
3869.209633648400000	 0.022820395341084
3869.442592263220000	 0.022778678553967
3869.675550878050000	 0.022741189271247
3869.908509492870000	 0.022739075586412
3870.141468107700000	 0.022788083915469
3870.374426722530000	 0.022879421504942
3870.607385337350000	 0.022984421642205
3870.840343952180000	 0.023070175957969
3871.073302567010000	 0.023116641117059
3871.306261181830000	 0.023124796008484
3871.539219796660000	 0.023111287115039
3871.772178411480000	 0.023094005224717
3872.005137026310000	 0.023078908855795
3872.238095641140000	 0.023056973763669
3872.471054255960000	 0.023012722491491
3872.704012870790000	 0.022937985518167
3872.936971485610000	 0.022841571224572
3873.169930100440000	 0.022748502463448
3873.402888715270000	 0.022688780042054
3873.635847330090000	 0.022681599953832
3873.868805944920000	 0.022723827699749
3874.101764559750000	 0.022789875876565
3874.334723174570000	 0.022844211937846
3874.567681789400000	 0.022860292338177
3874.800640404220000	 0.022835283303496
3875.033599019050000	 0.022791713683713
3875.266557633880000	 0.022764463470431
3875.499516248700000	 0.022780026358881
3875.732474863530000	 0.022839932242730
3875.965433478360000	 0.022918450810089
3876.198392093180000	 0.022976500564881
3876.431350708010000	 0.022983660883300
3876.664309322830000	 0.022935120716784
3876.897267937660000	 0.022853865192960
3877.130226552490000	 0.022777523032724
3877.363185167310000	 0.022737791759318
3877.596143782140000	 0.022743794028137
3877.829102396970000	 0.022778259324817
3878.062061011790000	 0.022808584821807
3878.295019626620000	 0.022806677563319
3878.527978241440000	 0.022766280318844
3878.760936856270000	 0.022707640231617
3878.993895471100000	 0.022666581520308
3879.226854085920000	 0.022674024061367
3879.459812700750000	 0.022737523958833
3879.692771315570000	 0.022835476744849
3879.925729930400000	 0.022927648957331
3880.158688545230000	 0.022976393470207
3880.391647160050000	 0.022966682741328
3880.624605774880000	 0.022913816531520
3880.857564389710000	 0.022854738800306
3881.090523004530000	 0.022827929272705
3881.323481619360000	 0.022852935867340
3881.556440234180000	 0.022920855276027
3881.789398849010000	 0.023001065335778
3882.022357463840000	 0.023059951891505
3882.255316078660000	 0.023079952722702
3882.488274693490000	 0.023067345265168
3882.721233308320000	 0.023044931934276
3882.954191923140000	 0.023035387281861
3883.187150537970000	 0.023046092465259
3883.420109152790000	 0.023064482182222
3883.653067767620000	 0.023066297238599
3883.886026382450000	 0.023031667950368
3884.118984997270000	 0.022959527194209
3884.351943612100000	 0.022871714471368
3884.584902226920000	 0.022803820456490
3884.817860841750000	 0.022787301265641
3885.050819456580000	 0.022832599822325
3885.283778071400000	 0.022922875466772
3885.516736686230000	 0.023022120418205
3885.749695301060000	 0.023093111153707
3885.982653915880000	 0.023115026600551
3886.215612530710000	 0.023091220070897
3886.448571145530000	 0.023043734262157
3886.681529760360000	 0.022998635231789
3886.914488375190000	 0.022971046501830
3887.147446990010000	 0.022958621600129
3887.380405604840000	 0.022946929857018
3887.613364219670000	 0.022922444189133
3887.846322834490000	 0.022883707822684
3888.079281449320000	 0.022842940513418
3888.312240064140000	 0.022817498058988
3888.545198678970000	 0.022817486414454
3888.778157293800000	 0.022837864013477
3889.011115908620000	 0.022860219142493
3889.244074523450000	 0.022863579943562
3889.477033138280000	 0.022838175917558
3889.709991753100000	 0.022793768790271
3889.942950367930000	 0.022756621177335
3890.175908982750000	 0.022755555549743
3890.408867597580000	 0.022804394102615
3890.641826212410000	 0.022891114231737
3890.874784827230000	 0.022981036493112
3891.107743442060000	 0.023033592586727
3891.340702056880000	 0.023024095535641
3891.573660671710000	 0.022958432004525
3891.806619286540000	 0.022872007797129
3892.039577901360000	 0.022812652827726
3892.272536516190000	 0.022815906623158
3892.505495131020000	 0.022885719984949
3892.738453745840000	 0.022991547374194
3892.971412360670000	 0.023084216407987
3893.204370975490000	 0.023121888304853
3893.437329590320000	 0.023091031594102
3893.670288205150000	 0.023010688043870
3893.903246819970000	 0.022919060569096
3894.136205434800000	 0.022851654741233
3894.369164049630000	 0.022823639764944
3894.602122664450000	 0.022825308487635
3894.835081279280000	 0.022831842369194
3895.068039894100000	 0.022820982963994
3895.300998508930000	 0.022788093256036
3895.533957123760000	 0.022749672957576
3895.766915738580000	 0.022733201381414
3895.999874353410000	 0.022759456361060
3896.232832968240000	 0.022828160824345
3896.465791583060000	 0.022915988034022
3896.698750197890000	 0.022988644668956
3896.931708812710000	 0.023020273863725
3897.164667427540000	 0.023008858870221
3897.397626042370000	 0.022978452791545
3897.630584657190000	 0.022966609474894
3897.863543272020000	 0.023003830080091
3898.096501886840000	 0.023096375781847
3898.329460501670000	 0.023222024921079
3898.562419116500000	 0.023341222657041
3898.795377731320000	 0.023417389575279
3899.028336346150000	 0.023434890031121
3899.261294960980000	 0.023404614444970
3899.494253575800000	 0.023354516892985
3899.727212190630000	 0.023311238054856
3899.960170805450000	 0.023283970717967
3900.193129420280000	 0.023260299587215
3900.426088035110000	 0.023216682231635
3900.659046649930000	 0.023137270073293
3900.892005264760000	 0.023029114427925
3901.124963879590000	 0.022923476736931
3901.357922494410000	 0.022861540944799
3901.590881109240000	 0.022872781592800
3901.823839724060000	 0.022958790877935
3902.056798338890000	 0.023091792977171
3902.289756953720000	 0.023228360758816
3902.522715568540000	 0.023330621430377
3902.755674183370000	 0.023383678512742
3902.988632798190000	 0.023400197975854
3903.221591413020000	 0.023409812875911
3903.454550027850000	 0.023439314022164
3903.687508642670000	 0.023495284705776
3903.920467257500000	 0.023559785604289
3904.153425872330000	 0.023601514242243
3904.386384487150000	 0.023594927353466
3904.619343101980000	 0.023535328265054
3904.852301716800000	 0.023441379743079
3905.085260331630000	 0.023344397075696
3905.318218946460000	 0.023271014002170
3905.551177561280000	 0.023229244881541
3905.784136176110000	 0.023206249599106
3906.017094790940000	 0.023179396168394
3906.250053405760000	 0.023133656157383
3906.483012020590000	 0.023073834151499
3906.715970635410000	 0.023023467711421
3906.948929250240000	 0.023011000899173
3907.181887865070000	 0.023051651485448
3907.414846479890000	 0.023135725106610
3907.647805094720000	 0.023230533175397
3907.880763709550000	 0.023295698082442
3908.113722324370000	 0.023303983895050
3908.346680939200000	 0.023256081173771
3908.579639554020000	 0.023180731896550
3908.812598168850000	 0.023119818838435
3909.045556783680000	 0.023106522506884
3909.278515398500000	 0.023148387159355
3909.511474013330000	 0.023224337390743
3909.744432628150000	 0.023297056506962
3909.977391242980000	 0.023333689619917
3910.210349857810000	 0.023323221349482
3910.443308472630000	 0.023280953073221
3910.676267087460000	 0.023238137107171
3910.909225702290000	 0.023223360344132
3911.142184317110000	 0.023246698498537
3911.375142931940000	 0.023295666744812
3911.608101546760000	 0.023344866047810
3911.841060161590000	 0.023373029851272
3912.074018776420000	 0.023376758938793
3912.306977391240000	 0.023372381838710
3912.539936006070000	 0.023384770120255
3912.772894620900000	 0.023429949601012
3913.005853235720000	 0.023502217357008
3913.238811850550000	 0.023574057949457
3913.471770465370000	 0.023609769490041
3913.704729080200000	 0.023585461289867
3913.937687695030000	 0.023503901590859
3914.170646309850000	 0.023395342556596
3914.403604924680000	 0.023303414061161
3914.636563539510000	 0.023263630425687
3914.869522154330000	 0.023286163881764
3915.102480769160000	 0.023352181904550
3915.335439383980000	 0.023425526238082
3915.568397998810000	 0.023472884159367
3915.801356613640000	 0.023480846317495
3916.034315228460000	 0.023460327000570
3916.267273843290000	 0.023436469216125
3916.500232458110000	 0.023430645501426
3916.733191072940000	 0.023445565619479
3916.966149687770000	 0.023462504697157
3917.199108302590000	 0.023452458304582
3917.432066917420000	 0.023394651800489
3917.665025532250000	 0.023291242606537
3917.897984147070000	 0.023169168821916
3918.130942761900000	 0.023067657076068
3918.363901376720000	 0.023018319871934
3918.596859991550000	 0.023029185550223
3918.829818606380000	 0.023081900691799
3919.062777221200000	 0.023143681440430
3919.295735836030000	 0.023186680984795
3919.528694450860000	 0.023202969942658
3919.761653065680000	 0.023206395083809
3919.994611680510000	 0.023220983049594
3920.227570295330000	 0.023263586233043
3920.460528910160000	 0.023331445430037
3920.693487524990000	 0.023402199911052
3920.926446139810000	 0.023446644393481
3921.159404754640000	 0.023446946333645
3921.392363369460000	 0.023409270755342
3921.625321984290000	 0.023362479611854
3921.858280599120000	 0.023342728252941
3922.091239213940000	 0.023372535416848
3922.324197828770000	 0.023446673267550
3922.557156443600000	 0.023533516770496
3922.790115058420000	 0.023591510543996
3923.023073673250000	 0.023591584734481
3923.256032288070000	 0.023532934040801
3923.488990902900000	 0.023443413227730
3923.721949517730000	 0.023364416589497
3923.954908132550000	 0.023328589557827
3924.187866747380000	 0.023342643844248
3924.420825362210000	 0.023384896210253
3924.653783977030000	 0.023419057806149
3924.886742591860000	 0.023416451140565
3925.119701206680000	 0.023373744668602
3925.352659821510000	 0.023315823107946
3925.585618436340000	 0.023282074267679
3925.818577051160000	 0.023303875846242
3926.051535665990000	 0.023386006585054
3926.284494280820000	 0.023502539393565
3926.517452895640000	 0.023609657567555
3926.750411510470000	 0.023668140743354
3926.983370125290000	 0.023662714347825
3927.216328740120000	 0.023607608567899
3927.449287354950000	 0.023536096649629
3927.682245969770000	 0.023480996460135
3927.915204584600000	 0.023457667634086
3928.148163199420000	 0.023458810422048
3928.381121814250000	 0.023463101528635
3928.614080429080000	 0.023451591769655
3928.847039043900000	 0.023421431371201
3929.079997658730000	 0.023388409280460
3929.312956273560000	 0.023376800329970
3929.545914888380000	 0.023402857786215
3929.778873503210000	 0.023462326794716
3930.011832118030000	 0.023530203265964
3930.244790732860000	 0.023573719378219
3930.477749347690000	 0.023571342559310
3930.710707962510000	 0.023526472438749
3930.943666577340000	 0.023467248935562
3931.176625192170000	 0.023431871435159
3931.409583806990000	 0.023447276031756
3931.642542421820000	 0.023513064316603
3931.875501036640000	 0.023599945742046
3932.108459651470000	 0.023663955322446
3932.341418266300000	 0.023668751977160
3932.574376881120000	 0.023603716545236
3932.807335495950000	 0.023488170267679
3933.040294110780000	 0.023360067737211
3933.273252725600000	 0.023256059420228
3933.506211340430000	 0.023194181566462
3933.739169955250000	 0.023168522702206
3933.972128570080000	 0.023158094309623
3934.205087184910000	 0.023143665562824
3934.438045799730000	 0.023121637453258
3934.671004414560000	 0.023106283224074
3934.903963029380000	 0.023119364838408
3935.136921644210000	 0.023174084064552
3935.369880259040000	 0.023263653768587
3935.602838873860000	 0.023361887715771
3935.835797488690000	 0.023436040223232
3936.068756103520000	 0.023464746510095
3936.301714718340000	 0.023450573772279
3936.534673333170000	 0.023419532628199
3936.767631947990000	 0.023407379438606
3937.000590562820000	 0.023440219996643
3937.233549177650000	 0.023520288100261
3937.466507792470000	 0.023624897618768
3937.699466407300000	 0.023719054064079
3937.932425022130000	 0.023774329811815
3938.165383636950000	 0.023783041330390
3938.398342251780000	 0.023759746007908
3938.631300866600000	 0.023729760348506
3938.864259481430000	 0.023712076126743
3939.097218096260000	 0.023707214090047
3939.330176711080000	 0.023697470580564
3939.563135325910000	 0.023659460825924
3939.796093940730000	 0.023581226068640
3940.029052555560000	 0.023473130293759
3940.262011170390000	 0.023365362459750
3940.494969785210000	 0.023292931532852
3940.727928400040000	 0.023276657813791
3940.960887014870000	 0.023311320173278
3941.193845629690000	 0.023368262504591
3941.426804244520000	 0.023411458221566
3941.659762859340000	 0.023417973878292
3941.892721474170000	 0.023390855717134
3942.125680089000000	 0.023356690187926
3942.358638703820000	 0.023349021998373
3942.591597318650000	 0.023387131596623
3942.824555933480000	 0.023462583248546
3943.057514548300000	 0.023541797118151
3943.290473163130000	 0.023583833871923
3943.523431777950000	 0.023563590990898
3943.756390392780000	 0.023487017807911
3943.989349007610000	 0.023389184439294
3944.222307622430000	 0.023315801017369
3944.455266237260000	 0.023298399970967
3944.688224852090000	 0.023337260647108
3944.921183466910000	 0.023401907260343
3945.154142081740000	 0.023448907960926
3945.387100696560000	 0.023446655933964
3945.620059311390000	 0.023392939871900
3945.853017926220000	 0.023315613173352
3946.085976541040000	 0.023256462367855
3946.318935155870000	 0.023247624603624
3946.551893770690000	 0.023293772887603
3946.784852385520000	 0.023369990806677
3947.017811000350000	 0.023436458268824
3947.250769615170000	 0.023461421122525
3947.483728230000000	 0.023439089511416
3947.716686844830000	 0.023392199382696
3947.949645459650000	 0.023358055552000
3948.182604074480000	 0.023366372306666
3948.415562689300000	 0.023421750881552
3948.648521304130000	 0.023500885350675
3948.881479918960000	 0.023566089986079
3949.114438533780000	 0.023587146313942
3949.347397148610000	 0.023558479817285
3949.580355763440000	 0.023501558807538
3949.813314378260000	 0.023451411781986
3950.046272993090000	 0.023435601285077
3950.279231607910000	 0.023458225847103
3950.512190222740000	 0.023498327412820
3950.745148837570000	 0.023523490670129
3950.978107452390000	 0.023510405889658
3951.211066067220000	 0.023460004497027
3951.444024682050000	 0.023397976471743
3951.676983296870000	 0.023360138052708
3951.909941911700000	 0.023371114025370
3952.142900526520000	 0.023428904680250
3952.375859141350000	 0.023504674658221
3952.608817756180000	 0.023558226457233
3952.841776371000000	 0.023560290590060
3953.074734985830000	 0.023508711913504
3953.307693600660000	 0.023429288886702
3953.540652215480000	 0.023360970896546
3953.773610830310000	 0.023333965258738
3954.006569445130000	 0.023353225643386
3954.239528059960000	 0.023396765180698
3954.472486674790000	 0.023429753601808
3954.705445289610000	 0.023426045962430
3954.938403904440000	 0.023384281171442
3955.171362519260000	 0.023328946591677
3955.404321134090000	 0.023295802672930
3955.637279748920000	 0.023310248814923
3955.870238363740000	 0.023371307368894
3956.103196978570000	 0.023450741164009
3956.336155593400000	 0.023508131750295
3956.569114208220000	 0.023513382998702
3956.802072823050000	 0.023463662411105
3957.035031437870000	 0.023385052395193
3957.267990052700000	 0.023318113034991
3957.500948667530000	 0.023295743160598
3957.733907282350000	 0.023325972611694
3957.966865897180000	 0.023389386843521
3958.199824512000000	 0.023452362436682
3958.432783126830000	 0.023487959402936
3958.665741741660000	 0.023491801815692
3958.898700356480000	 0.023483464192489
3959.131658971310000	 0.023492741110680
3959.364617586140000	 0.023539239918791
3959.597576200960000	 0.023617748682343
3959.830534815790000	 0.023698585109725
3960.063493430610000	 0.023743355264661
3960.296452045440000	 0.023727200197638
3960.529410660270000	 0.023654383345703
3960.762369275090000	 0.023557744131574
3960.995327889920000	 0.023481881988435
3961.228286504750000	 0.023459318797934
3961.461245119570000	 0.023493016044685
3961.694203734400000	 0.023555264931277
3961.927162349220000	 0.023603817817608
3962.160120964050000	 0.023606186924618
3962.393079578880000	 0.023558201041557
3962.626038193700000	 0.023486236827675
3962.858996808530000	 0.023431977413263
3963.091955423360000	 0.023428450955532
3963.324914038180000	 0.023480953794253
3963.557872653010000	 0.023563712959744
3963.790831267830000	 0.023634184280185
3964.023789882660000	 0.023656642821017
3964.256748497490000	 0.023621348991129
3964.489707112310000	 0.023548453667845
3964.722665727140000	 0.023474982633869
3964.955624341960000	 0.023432951753462
3965.188582956790000	 0.023431404369678
3965.421541571620000	 0.023452615121202
3965.654500186440000	 0.023464388869029
3965.887458801270000	 0.023440899449271
3966.120417416100000	 0.023379443505007
3966.353376030920000	 0.023303023005970
3966.586334645750000	 0.023247240061895
3966.819293260570000	 0.023239302801457
3967.052251875400000	 0.023281580098780
3967.285210490230000	 0.023349576740324
3967.518169105050000	 0.023405836083033
3967.751127719880000	 0.023421815652635
3967.984086334710000	 0.023394890681395
3968.217044949530000	 0.023350420886968
3968.450003564360000	 0.023327547857484
3968.682962179180000	 0.023356776954491
3968.915920794010000	 0.023442098272407
3969.148879408840000	 0.023557898202343
3969.381838023660000	 0.023662525033004
3969.614796638490000	 0.023720735329089
3969.847755253320000	 0.023722083066309
3970.080713868140000	 0.023684843625403
3970.313672482970000	 0.023643660760185
3970.546631097790000	 0.023628487261301
3970.779589712620000	 0.023647199465027
3971.012548327450000	 0.023681962231600
3971.245506942270000	 0.023701296073849
3971.478465557100000	 0.023680436423952
3971.711424171920000	 0.023617609867642
3971.944382786750000	 0.023536405468199
3972.177341401580000	 0.023472812594088
3972.410300016400000	 0.023454521716001
3972.643258631230000	 0.023484562715078
3972.876217246060000	 0.023538921540790
3973.109175860880000	 0.023579753947037
3973.342134475710000	 0.023576651684257
3973.575093090530000	 0.023523575250043
3973.808051705360000	 0.023441635678928
3974.041010320190000	 0.023366301124637
3974.273968935010000	 0.023326667243996
3974.506927549840000	 0.023328920338241
3974.739886164670000	 0.023353618012101
3974.972844779490000	 0.023368318845931
3975.205803394320000	 0.023347993345045
3975.438762009140000	 0.023290994961315
3975.671720623970000	 0.023221065971675
3975.904679238800000	 0.023174175234731
3976.137637853620000	 0.023177850804925
3976.370596468450000	 0.023235011276865
3976.603555083270000	 0.023321764394713
3976.836513698100000	 0.023400572317524
3977.069472312930000	 0.023441106727698
3977.302430927750000	 0.023436514530913
3977.535389542580000	 0.023405625242627
3977.768348157410000	 0.023380072197457
3978.001306772230000	 0.023384166517502
3978.234265387060000	 0.023419527644316
3978.467224001880000	 0.023463673762580
3978.700182616710000	 0.023483546194324
3978.933141231540000	 0.023455963268343
3979.166099846360000	 0.023382715614276
3979.399058461190000	 0.023291152728056
3979.632017076020000	 0.023219696439832
3979.864975690840000	 0.023196539281310
3980.097934305670000	 0.023223830590894
3980.330892920490000	 0.023276705480987
3980.563851535320000	 0.023318050312033
3980.796810150150000	 0.023320595519181
3981.029768764970000	 0.023283393188189
3981.262727379800000	 0.023232920962909
3981.495685994630000	 0.023208023343204
3981.728644609450000	 0.023237244628597
3981.961603224280000	 0.023321534908344
3982.194561839100000	 0.023432432161886
3982.427520453930000	 0.023527096046104
3982.660479068760000	 0.023571776201799
3982.893437683580000	 0.023560260181240
3983.126396298410000	 0.023516735317361
3983.359354913240000	 0.023481507831552
3983.592313528060000	 0.023487719901468
3983.825272142890000	 0.023542178343050
3984.058230757710000	 0.023621084940280
3984.291189372540000	 0.023683067045457
3984.524147987370000	 0.023692029546200
3984.757106602190000	 0.023636778804573
3984.990065217020000	 0.023536499888116
3985.223023831840000	 0.023429536648089
3985.455982446670000	 0.023352358009324
3985.688941061500000	 0.023320778367085
3985.921899676320000	 0.023323831094751
3986.154858291150000	 0.023333216323206
3986.387816905980000	 0.023322157953563
3986.620775520800000	 0.023282170324152
3986.853734135630000	 0.023227886888699
3987.086692750450000	 0.023187550143299
3987.319651365280000	 0.023185309336116
3987.552609980110000	 0.023226142529711
3987.785568594930000	 0.023292504216243
3988.018527209760000	 0.023354710754373
3988.251485824590000	 0.023388704370874
3988.484444439410000	 0.023390295446707
3988.717403054240000	 0.023377159883027
3988.950361669060000	 0.023377335466339
3989.183320283890000	 0.023411064353559
3989.416278898720000	 0.023476843852743
3989.649237513540000	 0.023550247766996
3989.882196128370000	 0.023596675774226
3990.115154743190000	 0.023590855767542
3990.348113358020000	 0.023531721026640
3990.581071972850000	 0.023443902802690
3990.814030587670000	 0.023364870690694
3991.046989202500000	 0.023324973470733
3991.279947817330000	 0.023331628313833
3991.512906432150000	 0.023366560034082
3991.745865046980000	 0.023397542742866
3991.978823661800000	 0.023397677249176
3992.211782276630000	 0.023360887185286
3992.444740891460000	 0.023304768150756
3992.677699506280000	 0.023259563169039
3992.910658121110000	 0.023250106517459
3993.143616735930000	 0.023281434262928
3993.376575350760000	 0.023336408578134
3993.609533965590000	 0.023386538029411
3993.842492580410000	 0.023409304347226
3994.075451195240000	 0.023401468105112
3994.308409810070000	 0.023380409515707
3994.541368424890000	 0.023372875016000
3994.774327039720000	 0.023398006329902
3995.007285654540000	 0.023454858217179
3995.240244269370000	 0.023521938128941
3995.473202884200000	 0.023569126052469
3995.706161499020000	 0.023574828657015
3995.939120113850000	 0.023538028571817
3996.172078728680000	 0.023478069054685
3996.405037343500000	 0.023422517759302
3996.637995958330000	 0.023390619344417
3996.870954573150000	 0.023382472283729
3997.103913187980000	 0.023380647359725
3997.336871802810000	 0.023363367610053
3997.569830417630000	 0.023321049497008
3997.802789032460000	 0.023265606845179
3998.035747647290000	 0.023226123304241
3998.268706262110000	 0.023232722128678
3998.501664876940000	 0.023297732497257
3998.734623491760000	 0.023405387632208
3998.967582106590000	 0.023516961709084
3999.200540721420000	 0.023589553625902
3999.433499336240000	 0.023598494385368
3999.666457951070000	 0.023550717021898
3999.899416565900000	 0.023481286872829
