DATATYPE	 IR Spectrum
XYUNITS	 Wavenumber;Absorbance
DECIMALSYMBOL	 .
649.954535365105000	 0.083964617699440
650.187493979931000	 0.083716875231064
650.420452594757000	 0.083648125009882
650.653411209583000	 0.083604258471952
650.886369824409000	 0.083431000603533
651.119328439236000	 0.083057513304618
651.352287054062000	 0.082532400885190
651.585245668888000	 0.081989121231466
651.818204283714000	 0.081564408619960
652.051162898541000	 0.081322115819927
652.284121513367000	 0.081225193143005
652.517080128193000	 0.081167693930632
652.750038743019000	 0.081047987012215
652.982997357845000	 0.080841230916751
653.215955972672000	 0.080624426179605
653.448914587498000	 0.080534067318314
653.681873202324000	 0.080681122037811
653.914831817150000	 0.081074273211783
654.147790431976000	 0.081594198275132
654.380749046803000	 0.082034865840559
654.613707661629000	 0.082197258751276
654.846666276455000	 0.081990851953375
655.079624891281000	 0.081484484345022
655.312583506107000	 0.080873610887588
655.545542120934000	 0.080384276713140
655.778500735760000	 0.080170088988818
656.011459350586000	 0.080252796146331
656.244417965412000	 0.080528354270804
656.477376580238000	 0.080831132032796
656.710335195065000	 0.081023343773800
656.943293809891000	 0.081061221038699
657.176252424717000	 0.081001277239384
657.409211039543000	 0.080949073608183
657.642169654369000	 0.080988203159280
657.875128269196000	 0.081132620278891
658.108086884022000	 0.081326082475479
658.341045498848000	 0.081485558163256
658.574004113674000	 0.081561007063943
658.806962728500000	 0.081572383894625
659.039921343327000	 0.081598352188117
659.272879958153000	 0.081724241753734
659.505838572979000	 0.081982972771434
659.738797187805000	 0.082324580869258
659.971755802631000	 0.082633194242301
660.204714417458000	 0.082785848220053
660.437673032284000	 0.082722565655650
660.670631647110000	 0.082485481463222
660.903590261936000	 0.082201687037758
661.136548876762000	 0.082021219835756
661.369507491589000	 0.082047592167558
661.602466106415000	 0.082296977221727
661.835424721241000	 0.082703877223445
662.068383336067000	 0.083168985409874
662.301341950893000	 0.083623405621762
662.534300565720000	 0.084071177349109
662.767259180546000	 0.084583302598593
663.000217795372000	 0.085247983653643
663.233176410198000	 0.086108587692977
663.466135025024000	 0.087125160227719
663.699093639851000	 0.088181391929930
663.932052254677000	 0.089136276650457
664.165010869503000	 0.089893987920888
664.397969484329000	 0.090450096271624
664.630928099155000	 0.090884534589271
664.863886713982000	 0.091306968727388
665.096845328808000	 0.091789662648210
665.329803943634000	 0.092327111506997
665.562762558460000	 0.092845481520238
665.795721173286000	 0.093259104154845
666.028679788113000	 0.093544822913626
666.261638402939000	 0.093793948562111
666.494597017765000	 0.094218354212719
666.727555632591000	 0.095116091366092
666.960514247417000	 0.096810294908484
667.193472862244000	 0.099552932760832
667.426431477070000	 0.103363530265297
667.659390091896000	 0.107827589972558
667.892348706722000	 0.112061726786605
668.125307321548000	 0.115113468662051
668.358265936375000	 0.116569338712836
668.591224551201000	 0.116699293035633
668.824183166027000	 0.116056646808229
669.057141780853000	 0.115080740995497
669.290100395679000	 0.113985438737214
669.523059010506000	 0.112830886211449
669.756017625332000	 0.111630815021034
669.988976240158000	 0.110425610731880
670.221934854984000	 0.109302218936231
670.454893469810000	 0.108367800819631
670.687852084637000	 0.107701690797439
670.920810699463000	 0.107316677866533
671.153769314289000	 0.107152051390814
671.386727929115000	 0.107102628512211
671.619686543942000	 0.107068734876434
671.852645158768000	 0.106999855121531
672.085603773594000	 0.106907530998412
672.318562388420000	 0.106842396077012
672.551521003246000	 0.106853053865110
672.784479618072000	 0.106953674091372
673.017438232899000	 0.107118517838346
673.250396847725000	 0.107303958790894
673.483355462551000	 0.107482238448146
673.716314077377000	 0.107663821038371
673.949272692204000	 0.107892187629482
674.182231307030000	 0.108213677237529
674.415189921856000	 0.108642326903301
674.648148536682000	 0.109142976822585
674.881107151508000	 0.109644701490291
675.114065766335000	 0.110078931460893
675.347024381161000	 0.110420899383316
675.579982995987000	 0.110707729898409
675.812941610813000	 0.111018251974510
676.045900225639000	 0.111423777250886
676.278858840466000	 0.111938442821259
676.511817455292000	 0.112498601379337
676.744776070118000	 0.112984979558994
676.977734684944000	 0.113278971525933
677.210693299770000	 0.113324663660945
677.443651914597000	 0.113160993430857
677.676610529423000	 0.112902692920265
677.909569144249000	 0.112679142434306
678.142527759075000	 0.112565619033752
678.375486373901000	 0.112544423844833
678.608444988728000	 0.112516015570588
678.841403603554000	 0.112354811737721
679.074362218380000	 0.111981110979967
679.307320833206000	 0.111409806743609
679.540279448032000	 0.110747938209780
679.773238062859000	 0.110143057816377
680.006196677685000	 0.109712119235736
680.239155292511000	 0.109487735754955
680.472113907337000	 0.109405891054142
680.705072522163000	 0.109338097864137
680.938031136990000	 0.109150456577056
681.170989751816000	 0.108759013757309
681.403948366642000	 0.108153707853400
681.636906981468000	 0.107383200092479
681.869865596294000	 0.106516483146178
682.102824211121000	 0.105607389151852
682.335782825947000	 0.104680866454464
682.568741440773000	 0.103743541968199
682.801700055599000	 0.102806077979234
683.034658670426000	 0.101898713019226
683.267617285252000	 0.101067505225893
683.500575900078000	 0.100353116668071
683.733534514904000	 0.099766132722963
683.966493129730000	 0.099275059775223
684.199451744556000	 0.098815671881144
684.432410359383000	 0.098318375651165
684.665368974209000	 0.097739343191216
684.898327589035000	 0.097077484484158
685.131286203861000	 0.096367119510975
685.364244818687000	 0.095651541896968
685.597203433514000	 0.094954411076045
685.830162048340000	 0.094266234541760
686.063120663166000	 0.093553641361874
686.296079277992000	 0.092786049801672
686.529037892818000	 0.091963904654513
686.761996507645000	 0.091130692943212
686.994955122471000	 0.090360260583174
687.227913737297000	 0.089726159567903
687.460872352123000	 0.089269881942889
687.693830966949000	 0.088983953547800
687.926789581776000	 0.088817156004733
688.159748196602000	 0.088698506146266
688.392706811428000	 0.088567802333081
688.625665426254000	 0.088397038556975
688.858624041080000	 0.088192218646118
689.091582655907000	 0.087977232244775
689.324541270733000	 0.087772037077818
689.557499885559000	 0.087579075552617
689.790458500385000	 0.087384913486538
690.023417115211000	 0.087174005270860
690.256375730038000	 0.086943961380113
690.489334344864000	 0.086710907306113
690.722292959690000	 0.086500514281897
690.955251574516000	 0.086330598122055
691.188210189343000	 0.086197327773103
691.421168804169000	 0.086075126254052
691.654127418995000	 0.085932262345336
691.887086033821000	 0.085754481592239
692.120044648647000	 0.085562615833903
692.353003263474000	 0.085411548212037
692.585961878300000	 0.085368200521983
692.818920493126000	 0.085479081588907
693.051879107952000	 0.085744171850963
693.284837722778000	 0.086110294832888
693.517796337605000	 0.086487610513357
693.750754952431000	 0.086782349901163
693.983713567257000	 0.086930662957845
694.216672182083000	 0.086916652289441
694.449630796909000	 0.086765866493163
694.682589411736000	 0.086520214362571
694.915548026562000	 0.086210990089371
695.148506641388000	 0.085846003895570
695.381465256214000	 0.085416650226127
695.614423871040000	 0.084918344032736
695.847382485867000	 0.084369722624914
696.080341100693000	 0.083816683156868
696.313299715519000	 0.083317032883934
696.546258330345000	 0.082914276083140
696.779216945171000	 0.082615997619070
697.012175559998000	 0.082389511334685
697.245134174824000	 0.082178025010558
697.478092789650000	 0.081929863507905
697.711051404476000	 0.081625784448628
697.944010019302000	 0.081289312876577
698.176968634128000	 0.080974110056903
698.409927248955000	 0.080735810226170
698.642885863781000	 0.080604199503190
698.875844478607000	 0.080569988547781
699.108803093433000	 0.080591536062003
699.341761708260000	 0.080616547493551
699.574720323086000	 0.080606464111159
699.807678937912000	 0.080550217627114
700.040637552738000	 0.080460683058290
700.273596167564000	 0.080358109571172
700.506554782391000	 0.080252628187288
700.739513397217000	 0.080137499065004
700.972472012043000	 0.079997203112838
701.205430626869000	 0.079824825172819
701.438389241695000	 0.079636745874168
701.671347856522000	 0.079473427029381
701.904306471348000	 0.079383423037264
702.137265086174000	 0.079398562739142
702.370223701000000	 0.079514131043089
702.603182315826000	 0.079685516097775
702.836140930653000	 0.079844495387566
703.069099545479000	 0.079928426244489
703.302058160305000	 0.079908238918506
703.535016775131000	 0.079800573919458
703.767975389957000	 0.079657634502883
704.000934004784000	 0.079540984351272
704.233892619610000	 0.079493960871803
704.466851234436000	 0.079526526273474
704.699809849262000	 0.079618368938718
704.932768464088000	 0.079736281842362
705.165727078915000	 0.079854814846569
705.398685693741000	 0.079968131329520
705.631644308567000	 0.080086982402696
705.864602923393000	 0.080224443831859
706.097561538219000	 0.080381017937051
706.330520153046000	 0.080539485588500
706.563478767872000	 0.080673343700922
706.796437382698000	 0.080763959836234
707.029395997524000	 0.080815507835848
707.262354612350000	 0.080857207081303
707.495313227177000	 0.080929936611684
707.728271842003000	 0.081064265402074
707.961230456829000	 0.081262478671838
708.194189071655000	 0.081495091531832
708.427147686482000	 0.081714606423767
708.660106301308000	 0.081879986053389
708.893064916134000	 0.081978744244703
709.126023530960000	 0.082033824073211
709.358982145786000	 0.082090811747010
709.591940760612000	 0.082192747731311
709.824899375439000	 0.082356837144020
710.057857990265000	 0.082565656982631
710.290816605091000	 0.082777238725943
710.523775219917000	 0.082948423720423
710.756733834744000	 0.083058557420724
710.989692449570000	 0.083119884196597
711.222651064396000	 0.083168525840827
711.455609679222000	 0.083241593997796
711.688568294048000	 0.083353949766252
711.921526908875000	 0.083487638173550
712.154485523701000	 0.083599600003064
712.387444138527000	 0.083643473451858
712.620402753353000	 0.083593655772636
712.853361368179000	 0.083458316839479
713.086319983006000	 0.083274512516138
713.319278597832000	 0.083089345105326
713.552237212658000	 0.082938836442502
713.785195827484000	 0.082836055823906
714.018154442310000	 0.082773446038763
714.251113057137000	 0.082735891290991
714.484071671963000	 0.082715242126487
714.717030286789000	 0.082716710322982
714.949988901615000	 0.082753222735164
715.182947516441000	 0.082832023531810
715.415906131268000	 0.082942986406995
715.648864746094000	 0.083057092883648
715.881823360920000	 0.083137484988278
716.114781975746000	 0.083157891973554
716.347740590572000	 0.083118009662411
716.580699205399000	 0.083046075922631
716.813657820225000	 0.082986105946954
717.046616435051000	 0.082976684833386
717.279575049877000	 0.083033259218142
717.512533664703000	 0.083143517078121
717.745492279530000	 0.083278000168332
717.978450894356000	 0.083409898554466
718.211409509182000	 0.083532825986946
718.444368124008000	 0.083666139223354
718.677326738834000	 0.083844484911455
718.910285353661000	 0.084097726458874
719.143243968487000	 0.084432913351104
719.376202583313000	 0.084828322369357
719.609161198139000	 0.085242721318834
719.842119812965000	 0.085634923564340
720.075078427792000	 0.085983052356508
720.308037042618000	 0.086292717387108
720.540995657444000	 0.086589631138642
720.773954272270000	 0.086901784173281
721.006912887096000	 0.087242620540289
721.239871501923000	 0.087605408314795
721.472830116749000	 0.087971570955039
721.705788731575000	 0.088327114010549
721.938747346401000	 0.088676350257001
722.171705961227000	 0.089043685986839
722.404664576054000	 0.089461620071821
722.637623190880000	 0.089951850911983
722.870581805706000	 0.090510908732921
723.103540420532000	 0.091109455162886
723.336499035358000	 0.091706915939878
723.569457650185000	 0.092274337103757
723.802416265011000	 0.092812797842781
724.035374879837000	 0.093356157611303
724.268333494663000	 0.093955595224566
724.501292109489000	 0.094654186146788
724.734250724316000	 0.095465540527363
724.967209339142000	 0.096368044023973
725.200167953968000	 0.097317698695117
725.433126568794000	 0.098272603495453
725.666085183620000	 0.099215481939919
725.899043798447000	 0.100161260466613
726.132002413273000	 0.101145202433845
726.364961028099000	 0.102198731803737
726.597919642925000	 0.103327329070388
726.830878257751000	 0.104503525914453
727.063836872578000	 0.105679494861828
727.296795487404000	 0.106812706476434
727.529754102230000	 0.107890130861924
727.762712717056000	 0.108936422314609
727.995671331882000	 0.110000618214360
728.228629946709000	 0.111128824304951
728.461588561535000	 0.112338620992217
728.694547176361000	 0.113609691703139
728.927505791187000	 0.114895984000765
729.160464406013000	 0.116152648467027
729.393423020840000	 0.117362023597354
729.626381635666000	 0.118542502374304
729.859340250492000	 0.119733773798943
730.092298865318000	 0.120966181785942
730.325257480145000	 0.122231528710459
730.558216094971000	 0.123472080282851
730.791174709797000	 0.124594976953031
731.024133324623000	 0.125505685980358
731.257091939449000	 0.126142951052012
731.490050554276000	 0.126495755206661
731.723009169102000	 0.126593078983051
731.955967783928000	 0.126473886229375
732.188926398754000	 0.126156363545323
732.421885013580000	 0.125624738703835
732.654843628407000	 0.124840756668705
732.887802243233000	 0.123772221724633
733.120760858059000	 0.122420837115694
733.353719472885000	 0.120832003121718
733.586678087711000	 0.119080790445552
733.819636702538000	 0.117243424631470
734.052595317364000	 0.115371751638262
734.285553932190000	 0.113484739780320
734.518512547016000	 0.111579902011215
734.751471161842000	 0.109655814585236
734.984429776669000	 0.107730815785541
735.217388391495000	 0.105845808350360
735.450347006321000	 0.104049430921630
735.683305621147000	 0.102375057976538
735.916264235973000	 0.100823805502975
736.149222850800000	 0.099363777338839
736.382181465626000	 0.097946549278745
736.615140080452000	 0.096532456518677
736.848098695278000	 0.095111107935581
737.081057310104000	 0.093705802178355
737.314015924931000	 0.092359696837758
737.546974539757000	 0.091112166829542
737.779933154583000	 0.089978824349188
738.012891769409000	 0.088945586256128
738.245850384235000	 0.087978880206714
738.478808999062000	 0.087045435703388
738.711767613888000	 0.086130191226820
738.944726228714000	 0.085242236801070
739.177684843540000	 0.084406066282552
739.410643458366000	 0.083644360287047
739.643602073193000	 0.082963233627646
739.876560688019000	 0.082348749492799
740.109519302845000	 0.081776510457936
740.342477917671000	 0.081228424705588
740.575436532497000	 0.080706285109116
740.808395147324000	 0.080233246681602
741.041353762150000	 0.079841344400011
741.274312376976000	 0.079551674019281
741.507270991802000	 0.079358321334951
741.740229606629000	 0.079225150263365
741.973188221455000	 0.079097833942783
742.206146836281000	 0.078925612840434
742.439105451107000	 0.078681890483878
742.672064065933000	 0.078373019874809
742.905022680759000	 0.078031098424992
743.137981295586000	 0.077695634059170
743.370939910412000	 0.077394726924723
743.603898525238000	 0.077135639292186
743.836857140064000	 0.076908592131678
744.069815754890000	 0.076700134284008
744.302774369717000	 0.076507287819062
744.535732984543000	 0.076343537577085
744.768691599369000	 0.076232884823997
745.001650214195000	 0.076195580479307
745.234608829021000	 0.076234107322194
745.467567443848000	 0.076327704479147
745.700526058674000	 0.076438904279627
745.933484673500000	 0.076529008608488
746.166443288326000	 0.076574479317019
746.399401903152000	 0.076575638804084
746.632360517979000	 0.076553576519306
746.865319132805000	 0.076538066765716
747.098277747631000	 0.076554094693006
747.331236362457000	 0.076614452467131
747.564194977283000	 0.076721491188244
747.797153592110000	 0.076875411447919
748.030112206936000	 0.077082637443611
748.263070821762000	 0.077358027527148
748.496029436588000	 0.077718922001664
748.728988051414000	 0.078174647841995
748.961946666241000	 0.078718412946509
749.194905281067000	 0.079327530017078
749.427863895893000	 0.079973292904881
749.660822510719000	 0.080636036142008
749.893781125546000	 0.081317066552335
750.126739740372000	 0.082039908005586
750.359698355198000	 0.082838878375468
750.592656970024000	 0.083740225930205
750.825615584850000	 0.084745383513266
751.058574199677000	 0.085824992830669
751.291532814503000	 0.086927025613167
751.524491429329000	 0.087995190228432
751.757450044155000	 0.088988173589012
751.990408658981000	 0.089889466797817
752.223367273808000	 0.090702841595616
752.456325888634000	 0.091437121799747
752.689284503460000	 0.092090209208091
752.922243118286000	 0.092642527088114
753.155201733112000	 0.093064372139661
753.388160347939000	 0.093333405800391
753.621118962765000	 0.093452133470380
753.854077577591000	 0.093454639153809
754.087036192417000	 0.093397908227922
754.319994807243000	 0.093341998346407
754.552953422070000	 0.093329253906871
754.785912036896000	 0.093372517834869
755.018870651722000	 0.093456998598331
755.251829266548000	 0.093553407201225
755.484787881374000	 0.093634565954172
755.717746496201000	 0.093686591393332
755.950705111027000	 0.093709762669571
756.183663725853000	 0.093710889267102
756.416622340679000	 0.093693965128213
756.649580955505000	 0.093656122940866
756.882539570332000	 0.093591735407962
757.115498185158000	 0.093501765809125
757.348456799984000	 0.093401600980376
757.581415414810000	 0.093321101200002
757.814374029636000	 0.093295382706427
758.047332644463000	 0.093350772609741
758.280291259289000	 0.093493486952174
758.513249874115000	 0.093707180593196
758.746208488941000	 0.093960815072560
758.979167103767000	 0.094222862282039
759.212125718593000	 0.094474380516783
759.445084333420000	 0.094714043515521
759.678042948246000	 0.094952915918426
759.911001563072000	 0.095202912336240
760.143960177898000	 0.095466463116777
760.376918792725000	 0.095733818090742
760.609877407551000	 0.095989633551799
760.842836022377000	 0.096224853332579
761.075794637203000	 0.096446515677088
761.308753252029000	 0.096679108384915
761.541711866856000	 0.096956142085450
761.774670481682000	 0.097306533637057
762.007629096508000	 0.097743294291568
762.240587711334000	 0.098260332226551
762.473546326160000	 0.098838358000602
762.706504940987000	 0.099455775679877
762.939463555813000	 0.100097748911421
763.172422170639000	 0.100757980089408
763.405380785465000	 0.101432624731174
763.638339400291000	 0.102111193433457
763.871298015118000	 0.102771635273691
764.104256629944000	 0.103384468145085
764.337215244770000	 0.103925175171099
764.570173859596000	 0.104388316841335
764.803132474422000	 0.104794443999090
765.036091089249000	 0.105184045851073
765.269049704075000	 0.105600164804492
765.502008318901000	 0.106068347095783
765.734966933727000	 0.106584636884299
765.967925548553000	 0.107118220767022
766.200884163380000	 0.107627602342140
766.433842778206000	 0.108081829433695
766.666801393032000	 0.108475118592885
766.899760007858000	 0.108826500366265
767.132718622684000	 0.109164650378317
767.365677237511000	 0.109506851322132
767.598635852337000	 0.109844509489158
767.831594467163000	 0.110143904266736
768.064553081989000	 0.110362290769849
768.297511696815000	 0.110470681075426
768.530470311642000	 0.110470279684710
768.763428926468000	 0.110392599682754
768.996387541294000	 0.110282610947407
769.229346156120000	 0.110174263522156
769.462304770947000	 0.110072102630582
769.695263385773000	 0.109949165272859
769.928222000599000	 0.109762406969967
770.161180615425000	 0.109477329663666
770.394139230251000	 0.109088154719140
770.627097845078000	 0.108622100782447
770.860056459904000	 0.108125392041488
771.093015074730000	 0.107639124360345
771.325973689556000	 0.107178513097818
771.558932304382000	 0.106726587172824
771.791890919209000	 0.106245224808286
772.024849534035000	 0.105697122012999
772.257808148861000	 0.105066514502862
772.490766763687000	 0.104367455541023
772.723725378513000	 0.103635921899893
772.956683993340000	 0.102911419110617
773.189642608166000	 0.102219170368573
773.422601222992000	 0.101562576754101
773.655559837818000	 0.100929040892334
773.888518452644000	 0.100304470672411
774.121477067471000	 0.099686964645851
774.354435682297000	 0.099091020830010
774.587394297123000	 0.098539735807935
774.820352911949000	 0.098050032405266
775.053311526775000	 0.097620184087359
775.286270141602000	 0.097227523840540
775.519228756428000	 0.096838432895067
775.752187371254000	 0.096425698924276
775.985145986080000	 0.095983788343401
776.218104600906000	 0.095533301134413
776.451063215733000	 0.095111873517302
776.684021830559000	 0.094756452679753
776.916980445385000	 0.094486393811693
777.149939060211000	 0.094295899061111
777.382897675037000	 0.094159086327871
777.615856289864000	 0.094044407310553
777.848814904690000	 0.093930413272671
778.081773519516000	 0.093814494618032
778.314732134342000	 0.093710616546732
778.547690749168000	 0.093638592276824
778.780649363995000	 0.093611933558534
779.013607978821000	 0.093631305340946
779.246566593647000	 0.093686668411981
779.479525208473000	 0.093765877513109
779.712483823299000	 0.093863744472193
779.945442438126000	 0.093985518886132
780.178401052952000	 0.094142518844542
780.411359667778000	 0.094342854323561
780.644318282604000	 0.094583394679402
780.877276897430000	 0.094848425280007
781.110235512257000	 0.095116448798840
781.343194127083000	 0.095371630603129
781.576152741909000	 0.095613239893837
781.809111356735000	 0.095857170573135
782.042069971561000	 0.096128164059682
782.275028586388000	 0.096446947486967
782.507987201214000	 0.096819526194937
782.740945816040000	 0.097234582841200
782.973904430866000	 0.097670337456253
783.206863045692000	 0.098106903429229
783.439821660519000	 0.098536959449073
783.672780275345000	 0.098968428164828
783.905738890171000	 0.099417630035893
784.138697504997000	 0.099897230172539
784.371656119823000	 0.100406490470718
784.604614734650000	 0.100929994311630
784.837573349476000	 0.101446075076005
785.070531964302000	 0.101940411789485
785.303490579128000	 0.102416829434880
785.536449193954000	 0.102898497152335
785.769407808781000	 0.103418172194470
786.002366423607000	 0.104002643644605
786.235325038433000	 0.104660006180157
786.468283653259000	 0.105376911549355
786.701242268085000	 0.106127597748113
786.934200882912000	 0.106890142613018
787.167159497738000	 0.107661266131263
787.400118112564000	 0.108461558528332
787.633076727390000	 0.109328298664482
787.866035342216000	 0.110299986580565
788.098993957043000	 0.111401066805961
788.331952571869000	 0.112634720697496
788.564911186695000	 0.113986844153295
788.797869801521000	 0.115438144407268
789.030828416348000	 0.116976868526391
789.263787031174000	 0.118604491262064
789.496745646000000	 0.120331097921219
789.729704260826000	 0.122163633909462
789.962662875652000	 0.124094634018977
790.195621490479000	 0.126098852366746
790.428580105305000	 0.128140617077182
790.661538720131000	 0.130188261942713
790.894497334957000	 0.132227221270195
791.127455949783000	 0.134263413517274
791.360414564610000	 0.136313913531778
791.593373179436000	 0.138389522121421
791.826331794262000	 0.140478880684564
792.059290409088000	 0.142543215493695
792.292249023914000	 0.144525034031893
792.525207638740000	 0.146366214466718
792.758166253567000	 0.148025240535005
792.991124868393000	 0.149483554981564
793.224083483219000	 0.150737645252197
793.457042098045000	 0.151782547666413
793.690000712872000	 0.152597995903221
793.922959327698000	 0.153146930656180
794.155917942524000	 0.153388525560146
794.388876557350000	 0.153298668903122
794.621835172176000	 0.152885502336369
794.854793787003000	 0.152189968308214
795.087752401829000	 0.151270397085686
795.320711016655000	 0.150180023441150
795.553669631481000	 0.148950414044387
795.786628246307000	 0.147589935337988
796.019586861134000	 0.146097482101485
796.252545475960000	 0.144482912636660
796.485504090786000	 0.142781811801198
796.718462705612000	 0.141055678318107
796.951421320438000	 0.139377456070769
797.184379935265000	 0.137810833733255
797.417338550091000	 0.136394649884628
797.650297164917000	 0.135140038042968
797.883255779743000	 0.134040608505394
798.116214394569000	 0.133089127830244
798.349173009396000	 0.132291101278901
798.582131624222000	 0.131667899651168
798.815090239048000	 0.131248412088189
799.048048853874000	 0.131054862870086
799.281007468700000	 0.131091414972797
799.513966083527000	 0.131342110528132
799.746924698353000	 0.131779203035613
799.979883313179000	 0.132377081720574
800.212841928005000	 0.133123770668567
800.445800542831000	 0.134023253955259
800.678759157658000	 0.135087120954434
800.911717772484000	 0.136320129689097
801.144676387310000	 0.137707509028329
801.377635002136000	 0.139210439722780
801.610593616962000	 0.140771227751271
801.843552231789000	 0.142323964144824
802.076510846615000	 0.143803117822223
802.309469461441000	 0.145143845006235
802.542428076267000	 0.146273622448483
802.775386691094000	 0.147101743360631
803.008345305920000	 0.147516629279864
803.241303920746000	 0.147398117237323
803.474262535572000	 0.146643795810829
803.707221150398000	 0.145199263312391
803.940179765224000	 0.143077656722292
804.173138380051000	 0.140358001680990
804.406096994877000	 0.137163194726304
804.639055609703000	 0.133629307465307
804.872014224529000	 0.129881027926625
805.104972839355000	 0.126022207315088
805.337931454182000	 0.122140582395988
805.570890069008000	 0.118318170237597
805.803848683834000	 0.114637401612596
806.036807298660000	 0.111177671427507
806.269765913486000	 0.108004158488056
806.502724528313000	 0.105155862710035
806.735683143139000	 0.102640099062067
806.968641757965000	 0.100436820409558
807.201600372791000	 0.098510875431283
807.434558987617000	 0.096826415293104
807.667517602444000	 0.095356868604192
807.900476217270000	 0.094086539143359
808.133434832096000	 0.093004569166322
808.366393446922000	 0.092096086040931
808.599352061749000	 0.091336484457055
808.832310676575000	 0.090692543148129
809.065269291401000	 0.090129896128536
809.298227906227000	 0.089622574071434
809.531186521053000	 0.089158962191534
809.764145135880000	 0.088740478260185
809.997103750706000	 0.088373537914775
810.230062365532000	 0.088059348806381
810.463020980358000	 0.087787323195151
810.695979595184000	 0.087535804724074
810.928938210011000	 0.087279699399537
811.161896824837000	 0.087000741645412
811.394855439663000	 0.086694622569707
811.627814054489000	 0.086371036363006
811.860772669315000	 0.086046894626551
812.093731284142000	 0.085736913692395
812.326689898968000	 0.085447035240268
812.559648513794000	 0.085174112952064
812.792607128620000	 0.084911412758888
813.025565743446000	 0.084656034095606
813.258524358273000	 0.084413322731027
813.491482973099000	 0.084195367608944
813.724441587925000	 0.084014562877951
813.957400202751000	 0.083876491892858
814.190358817577000	 0.083776962247476
814.423317432404000	 0.083705581011236
814.656276047230000	 0.083654263060860
814.889234662056000	 0.083625776471244
815.122193276882000	 0.083636842940109
815.355151891708000	 0.083713069858973
815.588110506535000	 0.083877668069182
815.821069121361000	 0.084139686599235
816.054027736187000	 0.084488112922719
816.286986351013000	 0.084895373977800
816.519944965839000	 0.085329033541434
816.752903580666000	 0.085766113689791
816.985862195492000	 0.086202752605271
817.218820810318000	 0.086654110877216
817.451779425144000	 0.087144626259315
817.684738039970000	 0.087693891520148
817.917696654797000	 0.088305563119861
818.150655269623000	 0.088964832702994
818.383613884449000	 0.089645392461568
818.616572499275000	 0.090321890662711
818.849531114101000	 0.090981069598548
819.082489728928000	 0.091625717245231
819.315448343754000	 0.092269870523872
819.548406958580000	 0.092928791757176
819.781365573406000	 0.093609970174963
820.014324188232000	 0.094310333033994
820.247282803059000	 0.095020900701588
820.480241417885000	 0.095735631452350
820.713200032711000	 0.096458697475411
820.946158647537000	 0.097205449287546
821.179117262363000	 0.097996351101543
821.412075877190000	 0.098847661580574
821.645034492016000	 0.099764724750788
821.877993106842000	 0.100742234202514
822.110951721668000	 0.101771724884644
822.343910336494000	 0.102852125453579
822.576868951321000	 0.103996966691444
822.809827566147000	 0.105233325753528
823.042786180973000	 0.106592203067889
823.275744795799000	 0.108095046886454
823.508703410625000	 0.109743508001276
823.741662025452000	 0.111517949959791
823.974620640278000	 0.113385713765682
824.207579255104000	 0.115314922661703
824.440537869930000	 0.117286364544016
824.673496484756000	 0.119296728233569
824.906455099583000	 0.121351186955302
825.139413714409000	 0.123449396128152
825.372372329235000	 0.125572739313291
825.605330944061000	 0.127679967776326
825.838289558887000	 0.129713747401935
826.071248173714000	 0.131614570656152
826.304206788540000	 0.133334317950228
826.537165403366000	 0.134842097771214
826.770124018192000	 0.136120012366384
827.003082633018000	 0.137153122506156
827.236041247845000	 0.137921718439054
827.468999862671000	 0.138402494771638
827.701958477497000	 0.138579302450611
827.934917092323000	 0.138457439400825
828.167875707150000	 0.138072221373906
828.400834321976000	 0.137485275550805
828.633792936802000	 0.136769218193912
828.866751551628000	 0.135988412080200
829.099710166454000	 0.135185794112003
829.332668781281000	 0.134382181443485
829.565627396107000	 0.133587462293692
829.798586010933000	 0.132816617418659
830.031544625759000	 0.132101021697366
830.264503240585000	 0.131488346839537
830.497461855412000	 0.131031035440506
830.730420470238000	 0.130769792284928
830.963379085064000	 0.130721125400128
831.196337699890000	 0.130875579286451
831.429296314716000	 0.131207596641834
831.662254929543000	 0.131691901157864
831.895213544369000	 0.132317901079751
832.128172159195000	 0.133094759535480
832.361130774021000	 0.134045009290288
832.594089388847000	 0.135190904480156
832.827048003674000	 0.136541408911093
833.060006618500000	 0.138086918875863
833.292965233326000	 0.139804246560130
833.525923848152000	 0.141668569122421
833.758882462978000	 0.143665047859340
833.991841077805000	 0.145792972151592
834.224799692631000	 0.148059706451149
834.457758307457000	 0.150467822752181
834.690716922283000	 0.153002872958827
834.923675537109000	 0.155628966115175
835.156634151936000	 0.158294911950680
835.389592766762000	 0.160947543375711
835.622551381588000	 0.163544349459214
835.855509996414000	 0.166057651873128
836.088468611241000	 0.168467633139931
836.321427226067000	 0.170748573085535
836.554385840893000	 0.172857150839543
836.787344455719000	 0.174730786994543
837.020303070545000	 0.176298235815180
837.253261685371000	 0.177497278744441
837.486220300198000	 0.178289845605757
837.719178915024000	 0.178666403029353
837.952137529850000	 0.178638448539689
838.185096144676000	 0.178225792134879
838.418054759502000	 0.177448526466415
838.651013374329000	 0.176330030323348
838.883971989155000	 0.174909445106352
839.116930603981000	 0.173254909607082
839.349889218807000	 0.171467133468481
839.582847833633000	 0.169668032315885
839.815806448460000	 0.167977919784952
840.048765063286000	 0.166491374264448
840.281723678112000	 0.165262410384122
840.514682292938000	 0.164304387767809
840.747640907764000	 0.163602640371025
840.980599522591000	 0.163131927883608
841.213558137417000	 0.162869162618781
841.446516752243000	 0.162795267146121
841.679475367069000	 0.162886769857081
841.912433981895000	 0.163104063363468
842.145392596722000	 0.163385496250841
842.378351211548000	 0.163653425536199
842.611309826374000	 0.163831649687281
842.844268441200000	 0.163866732892384
843.077227056026000	 0.163742544160344
843.310185670853000	 0.163480278889051
843.543144285679000	 0.163124043622077
843.776102900505000	 0.162719943605287
844.009061515331000	 0.162299563992114
844.242020130157000	 0.161875349613918
844.474978744984000	 0.161448182385512
844.707937359810000	 0.161020667337531
844.940895974636000	 0.160606906607618
845.173854589462000	 0.160232306777444
845.406813204288000	 0.159923538551872
845.639771819115000	 0.159695046877312
845.872730433941000	 0.159540663420667
846.105689048767000	 0.159435858069243
846.338647663593000	 0.159349964427934
846.571606278419000	 0.159261837098914
846.804564893246000	 0.159170174903000
847.037523508072000	 0.159092698073856
847.270482122898000	 0.159054954839470
847.503440737724000	 0.159075688727570
847.736399352551000	 0.159157586775087
847.969357967377000	 0.159288876717880
848.202316582203000	 0.159454786637652
848.435275197029000	 0.159651978113873
848.668233811855000	 0.159897055391762
848.901192426682000	 0.160223518258460
849.134151041508000	 0.160668341213166
849.367109656334000	 0.161255597615812
849.600068271160000	 0.161986421059552
849.833026885986000	 0.162841154579599
850.065985500813000	 0.163792833299668
850.298944115639000	 0.164824759434120
850.531902730465000	 0.165942336825093
850.764861345291000	 0.167172274027271
850.997819960117000	 0.168549339615124
851.230778574944000	 0.170097907849801
851.463737189770000	 0.171818380000313
851.696695804596000	 0.173685749470103
851.929654419422000	 0.175660836534863
852.162613034248000	 0.177707630261900
852.395571649075000	 0.179806542404361
852.628530263901000	 0.181955522468877
852.861488878727000	 0.184158047387590
853.094447493553000	 0.186404888154309
853.327406108379000	 0.188660501161185
853.560364723205000	 0.190862609401288
853.793323338032000	 0.192936318649001
854.026281952858000	 0.194815825563191
854.259240567684000	 0.196462099172363
854.492199182510000	 0.197867013742436
854.725157797337000	 0.199042479528796
854.958116412163000	 0.200002194313695
855.191075026989000	 0.200747905875510
855.424033641815000	 0.201268982105350
855.656992256641000	 0.201555680407416
855.889950871468000	 0.201617800405775
856.122909486294000	 0.201496612349174
856.355868101120000	 0.201261614910299
856.588826715946000	 0.200992673595096
856.821785330772000	 0.200756697669873
857.054743945599000	 0.200590964388886
857.287702560425000	 0.200501191894062
857.520661175251000	 0.200474218612934
857.753619790077000	 0.200497219663530
857.986578404903000	 0.200571984865869
858.219537019730000	 0.200715884259959
858.452495634556000	 0.200949067577425
858.685454249382000	 0.201275424986539
858.918412864208000	 0.201668185576911
859.151371479034000	 0.202068152900548
859.384330093861000	 0.202395402487151
859.617288708687000	 0.202567742332156
859.850247323513000	 0.202515547917342
860.083205938339000	 0.202185170278052
860.316164553165000	 0.201530739523384
860.549123167992000	 0.200502050499053
860.782081782818000	 0.199039128050861
861.015040397644000	 0.197080077570551
861.247999012470000	 0.194580307675687
861.480957627296000	 0.191533315703964
861.713916242123000	 0.187981076723901
861.946874856949000	 0.184007532868235
862.179833471775000	 0.179718412719535
862.412792086601000	 0.175218069634796
862.645750701427000	 0.170594500878245
862.878709316254000	 0.165917665296939
863.111667931080000	 0.161248093680291
863.344626545906000	 0.156647458430518
863.577585160732000	 0.152182887581289
863.810543775558000	 0.147921764692097
864.043502390385000	 0.143920169441398
864.276461005211000	 0.140211972751421
864.509419620037000	 0.136804928253760
864.742378234863000	 0.133685913483832
864.975336849689000	 0.130832499262565
865.208295464516000	 0.128224890340136
865.441254079342000	 0.125852450822098
865.674212694168000	 0.123712323518537
865.907171308994000	 0.121802190875959
866.140129923821000	 0.120112353751956
866.373088538647000	 0.118622293379428
866.606047153473000	 0.117303965174527
866.839005768299000	 0.116130036148846
867.071964383125000	 0.115082319448795
867.304922997952000	 0.114155389416575
867.537881612778000	 0.113353024517613
867.770840227604000	 0.112679259733480
868.003798842430000	 0.112128979709381
868.236757457256000	 0.111683309610460
868.469716072083000	 0.111312480803278
868.702674686909000	 0.110984850598888
868.935633301735000	 0.110677440173105
869.168591916561000	 0.110382494555247
869.401550531387000	 0.110106753076544
869.634509146214000	 0.109864191059195
869.867467761040000	 0.109666537666218
870.100426375866000	 0.109516805516440
870.333384990692000	 0.109409008841966
870.566343605518000	 0.109333561082379
870.799302220345000	 0.109284644898863
871.032260835171000	 0.109264899488790
871.265219449997000	 0.109284603885831
871.498178064823000	 0.109356040526138
871.731136679649000	 0.109486711856921
871.964095294476000	 0.109675721642017
872.197053909302000	 0.109915623143760
872.430012524128000	 0.110198641989394
872.662971138954000	 0.110523389452560
872.895929753780000	 0.110897670199333
873.128888368607000	 0.111335201292121
873.361846983433000	 0.111847770319890
873.594805598259000	 0.112437305307383
873.827764213085000	 0.113092689030170
874.060722827911000	 0.113793685847989
874.293681442738000	 0.114520389465152
874.526640057564000	 0.115263268877914
874.759598672390000	 0.116028128905813
874.992557287216000	 0.116832813452359
875.225515902042000	 0.117697028478899
875.458474516869000	 0.118630616713012
875.691433131695000	 0.119626665826935
875.924391746521000	 0.120663426116211
876.157350361347000	 0.121714459142360
876.390308976173000	 0.122762065804837
876.623267591000000	 0.123807179741645
876.856226205826000	 0.124870744868429
877.089184820652000	 0.125986220554161
877.322143435478000	 0.127187574183917
877.555102050304000	 0.128499205052959
877.788060665131000	 0.129932726462229
878.021019279957000	 0.131491519603101
878.253977894783000	 0.133179729374868
878.486936509609000	 0.135010163093721
878.719895124435000	 0.137006581362996
878.952853739262000	 0.139199509551160
879.185812354088000	 0.141618708452713
879.418770968914000	 0.144287394273531
879.651729583740000	 0.147222114593450
879.884688198566000	 0.150438614410384
880.117646813393000	 0.153960064422424
880.350605428219000	 0.157821943132036
880.583564043045000	 0.162069047697140
880.816522657871000	 0.166744070089620
881.049481272697000	 0.171871667391445
881.282439887524000	 0.177444413017900
881.515398502350000	 0.183416126804360
881.748357117176000	 0.189704275390849
881.981315732002000	 0.196198219981574
882.214274346828000	 0.202766698831602
882.447232961655000	 0.209258504807622
882.680191576481000	 0.215495406340558
882.913150191307000	 0.221263515564654
883.146108806133000	 0.226314057017613
883.379067420959000	 0.230382976133379
883.612026035786000	 0.233230357869456
883.844984650612000	 0.234688964455916
884.077943265438000	 0.234703571160954
884.310901880264000	 0.233345428091329
884.543860495090000	 0.230798521908646
884.776819109917000	 0.227327941166567
885.009777724743000	 0.223246100977650
885.242736339569000	 0.218887423429057
885.475694954395000	 0.214591932938872
885.708653569222000	 0.210691029769535
885.941612184048000	 0.207488592522595
886.174570798874000	 0.205236029875530
886.407529413700000	 0.204106135280391
886.640488028526000	 0.204173473901166
886.873446643352000	 0.205407610992574
887.106405258179000	 0.207681386912731
887.339363873005000	 0.210791642832462
887.572322487831000	 0.214485670595429
887.805281102657000	 0.218484575562515
888.038239717484000	 0.222496352545511
888.271198332310000	 0.226217301517643
888.504156947136000	 0.229328193375567
888.737115561962000	 0.231496792111094
888.970074176788000	 0.232396910282274
889.203032791615000	 0.231745586515240
889.435991406441000	 0.229348436186040
889.668950021267000	 0.225136043401628
889.901908636093000	 0.219177028466147
890.134867250919000	 0.211664836397705
890.367825865746000	 0.202887179917780
890.600784480572000	 0.193191235399785
890.833743095398000	 0.182952935595036
891.066701710224000	 0.172550849594270
891.299660325050000	 0.162340993638488
891.532618939877000	 0.152630750696687
891.765577554703000	 0.143654949558637
891.998536169529000	 0.135560350622257
892.231494784355000	 0.128403790683832
892.464453399181000	 0.122165001405720
892.697412014008000	 0.116770340548330
892.930370628834000	 0.112120561534284
893.163329243660000	 0.108115189369703
893.396287858486000	 0.104668016379667
893.629246473312000	 0.101711941397155
893.862205088139000	 0.099195403011944
894.095163702965000	 0.097075264968603
894.328122317791000	 0.095311137235257
894.561080932617000	 0.093864006374710
894.794039547443000	 0.092698997105699
895.026998162270000	 0.091789656170826
895.259956777096000	 0.091120458748068
895.492915391922000	 0.090685485277926
895.725874006748000	 0.090483557055323
895.958832621574000	 0.090512125845289
896.191791236401000	 0.090762765966175
896.424749851227000	 0.091220039505118
896.657708466053000	 0.091863518816161
896.890667080879000	 0.092670986304355
897.123625695706000	 0.093620277672032
897.356584310532000	 0.094688249730147
897.589542925358000	 0.095847391012226
897.822501540184000	 0.097062434653165
898.055460155010000	 0.098289815573988
898.288418769836000	 0.099481535868294
898.521377384663000	 0.100592555017231
898.754335999489000	 0.101588539973175
898.987294614315000	 0.102450143724561
899.220253229141000	 0.103171589631728
899.453211843967000	 0.103754433244455
899.686170458794000	 0.104200060416056
899.919129073620000	 0.104505064461568
900.152087688446000	 0.104661785644636
900.385046303272000	 0.104663132044767
900.618004918098000	 0.104508200256166
900.850963532925000	 0.104204742729689
901.083922147751000	 0.103766528140428
901.316880762577000	 0.103206897174404
901.549839377403000	 0.102532271433891
901.782797992229000	 0.101739523326586
902.015756607056000	 0.100818946107031
902.248715221882000	 0.099761400483960
902.481673836708000	 0.098565876101444
902.714632451534000	 0.097243552743308
902.947591066360000	 0.095816594984951
903.180549681187000	 0.094313029816879
903.413508296013000	 0.092761146998232
903.646466910839000	 0.091186668853517
903.879425525665000	 0.089613756423328
904.112384140491000	 0.088068246360595
904.345342755318000	 0.086580009885703
904.578301370144000	 0.085181874951704
904.811259984970000	 0.083904782882226
905.044218599796000	 0.082771346421294
905.277177214623000	 0.081791188639001
905.510135829449000	 0.080960694157995
905.743094444275000	 0.080267600305629
905.976053059101000	 0.079698411514182
906.209011673927000	 0.079245179463341
906.441970288754000	 0.078908506727679
906.674928903580000	 0.078695597014136
906.907887518406000	 0.078614756353815
907.140846133232000	 0.078669508931758
907.373804748058000	 0.078855488750410
907.606763362885000	 0.079161609175719
907.839721977711000	 0.079574661131996
908.072680592537000	 0.080084683398959
908.305639207363000	 0.080688119971499
908.538597822189000	 0.081387114410997
908.771556437016000	 0.082185540126778
909.004515051842000	 0.083084210069176
909.237473666668000	 0.084078080672265
909.470432281494000	 0.085156996574185
909.703390896320000	 0.086309372748308
909.936349511147000	 0.087526393326843
910.169308125973000	 0.088803876991433
910.402266740799000	 0.090140242188052
910.635225355625000	 0.091531313260577
910.868183970451000	 0.092964675686764
911.101142585278000	 0.094416728636541
911.334101200104000	 0.095854218899093
911.567059814930000	 0.097239613095493
911.800018429756000	 0.098537517216874
912.032977044582000	 0.099718767267103
912.265935659408000	 0.100760281077416
912.498894274235000	 0.101641509501405
912.731852889061000	 0.102340653064844
912.964811503887000	 0.102834173511607
913.197770118713000	 0.103101183343769
913.430728733540000	 0.103131127217201
913.663687348366000	 0.102930683849983
913.896645963192000	 0.102525662034628
914.129604578018000	 0.101956144213242
914.362563192844000	 0.101266828625140
914.595521807671000	 0.100497151374389
914.828480422497000	 0.099675756059829
915.061439037323000	 0.098821338504896
915.294397652149000	 0.097948371240254
915.527356266975000	 0.097073662530448
915.760314881802000	 0.096219479445697
915.993273496628000	 0.095411130836233
916.226232111454000	 0.094670171687560
916.459190726280000	 0.094006859792090
916.692149341106000	 0.093415855989535
916.925107955933000	 0.092877387404548
917.158066570759000	 0.092363270580756
917.391025185585000	 0.091844823897170
917.623983800411000	 0.091299011294075
917.856942415237000	 0.090710498278631
918.089901030064000	 0.090069850033356
918.322859644890000	 0.089370290876967
918.555818259716000	 0.088605957926706
918.788776874542000	 0.087773201995406
919.021735489368000	 0.086874162436598
919.254694104195000	 0.085920052945171
919.487652719021000	 0.084931485760403
919.720611333847000	 0.083934830727265
919.953569948673000	 0.082955993774436
920.186528563499000	 0.082014580395181
920.419487178326000	 0.081121231327969
920.652445793152000	 0.080279156531523
920.885404407978000	 0.079488607658007
921.118363022804000	 0.078751493297702
921.351321637630000	 0.078073401846917
921.584280252457000	 0.077461925059860
921.817238867283000	 0.076922421067045
922.050197482109000	 0.076453886773474
922.283156096935000	 0.076047550988411
922.516114711762000	 0.075689230678652
922.749073326588000	 0.075364312047788
922.982031941414000	 0.075062631575499
923.214990556240000	 0.074780465442634
923.447949171066000	 0.074518414908894
923.680907785892000	 0.074276343061474
923.913866400719000	 0.074048288307304
924.146825015545000	 0.073820413795787
924.379783630371000	 0.073573475591082
924.612742245197000	 0.073288857379041
924.845700860024000	 0.072955218530560
925.078659474850000	 0.072572349748967
925.311618089676000	 0.072150252384278
925.544576704502000	 0.071703985550140
925.777535319328000	 0.071246991332793
926.010493934155000	 0.070786199355764
926.243452548981000	 0.070321016938100
926.476411163807000	 0.069846117793677
926.709369778633000	 0.069355981758922
926.942328393459000	 0.068848440768734
927.175287008286000	 0.068325378010852
927.408245623112000	 0.067790625931468
927.641204237938000	 0.067246839451358
927.874162852764000	 0.066693654419590
928.107121467590000	 0.066128525994896
928.340080082417000	 0.065549883941109
928.573038697243000	 0.064960699617022
928.805997312069000	 0.064370154729647
929.038955926895000	 0.063792103394996
929.271914541721000	 0.063240846355318
929.504873156548000	 0.062726296914433
929.737831771374000	 0.062251008636130
929.970790386200000	 0.061810572008651
930.203749001026000	 0.061397128210726
930.436707615852000	 0.061004131665662
930.669666230679000	 0.060629876652261
930.902624845505000	 0.060278032082219
931.135583460331000	 0.059955100857453
931.368542075157000	 0.059666383430479
931.601500689983000	 0.059412760961605
931.834459304810000	 0.059190077061441
932.067417919636000	 0.058991439623988
932.300376534462000	 0.058811178870662
932.533335149288000	 0.058648318735919
932.766293764114000	 0.058507710032697
932.999252378941000	 0.058398253050260
933.232210993767000	 0.058329161970972
933.465169608593000	 0.058306158114318
933.698128223419000	 0.058329392312200
933.931086838245000	 0.058393931316898
934.164045453072000	 0.058492350123285
934.397004067898000	 0.058618012878603
934.629962682724000	 0.058767461862575
934.862921297550000	 0.058940986880152
935.095879912376000	 0.059141477390442
935.328838527203000	 0.059372456155932
935.561797142029000	 0.059636366503986
935.794755756855000	 0.059933763231374
936.027714371681000	 0.060263392901151
936.260672986507000	 0.060622671711598
936.493631601334000	 0.061008034781453
936.726590216160000	 0.061414986660694
936.959548830986000	 0.061838116966120
937.192507445812000	 0.062271507071935
937.425466060638000	 0.062709700359594
937.658424675465000	 0.063148904493778
937.891383290291000	 0.063587712702131
938.124341905117000	 0.064026708201462
938.357300519943000	 0.064466896150540
938.590259134769000	 0.064907664369363
938.823217749596000	 0.065345406258357
939.056176364422000	 0.065773712192621
939.289134979248000	 0.066185208375724
939.522093594074000	 0.066574127993683
939.755052208900000	 0.066938126983167
939.988010823727000	 0.067278125728429
940.220969438553000	 0.067596019963783
940.453928053379000	 0.067891387690826
940.686886668205000	 0.068159053618108
940.919845283031000	 0.068389085203168
941.152803897858000	 0.068569593083624
941.385762512684000	 0.068691205163755
941.618721127510000	 0.068751083952274
941.851679742336000	 0.068754462268018
942.084638357162000	 0.068712903032237
942.317596971989000	 0.068640178101658
942.550555586815000	 0.068547833746569
942.783514201641000	 0.068442524352842
943.016472816467000	 0.068326123079406
943.249431431293000	 0.068198116258906
943.482390046120000	 0.068058679152986
943.715348660946000	 0.067910679581232
943.948307275772000	 0.067759688620156
944.181265890598000	 0.067612350554419
944.414224505425000	 0.067474386693200
944.647183120251000	 0.067349552463942
944.880141735077000	 0.067240087720451
945.113100349903000	 0.067148141373201
945.346058964729000	 0.067076988096163
945.579017579556000	 0.067031001031204
945.811976194382000	 0.067014208499271
946.044934809208000	 0.067028284757948
946.277893424034000	 0.067071327418335
946.510852038860000	 0.067138409012043
946.743810653687000	 0.067223851642866
946.976769268513000	 0.067324065366050
947.209727883339000	 0.067439287661420
947.442686498165000	 0.067573036875347
947.675645112991000	 0.067729358101717
947.908603727817000	 0.067909283232065
948.141562342644000	 0.068108526987987
948.374520957470000	 0.068317898361436
948.607479572296000	 0.068526484237006
948.840438187122000	 0.068726111925022
949.073396801949000	 0.068914770363634
949.306355416775000	 0.069097086913773
949.539314031601000	 0.069281477890418
949.772272646427000	 0.069475399930732
950.005231261253000	 0.069681185306284
950.238189876080000	 0.069894641807166
950.471148490906000	 0.070107121665624
950.704107105732000	 0.070309927110075
950.937065720558000	 0.070498702407198
951.170024335384000	 0.070675523942126
951.402982950211000	 0.070847721002494
951.635941565037000	 0.071024290599819
951.868900179863000	 0.071212042643263
952.101858794689000	 0.071413610784924
952.334817409515000	 0.071628251056128
952.567776024342000	 0.071854671447507
952.800734639168000	 0.072093963047827
953.033693253994000	 0.072350708315347
953.266651868820000	 0.072631518213391
953.499610483646000	 0.072941884567550
953.732569098473000	 0.073283323505970
953.965527713299000	 0.073652664297332
954.198486328125000	 0.074044071250507
954.431444942951000	 0.074452701906584
954.664403557777000	 0.074877779891947
954.897362172604000	 0.075322999430338
955.130320787430000	 0.075793585623680
955.363279402256000	 0.076291247270212
955.596238017082000	 0.076809577164622
955.829196631909000	 0.077332415336662
956.062155246735000	 0.077836294201635
956.295113861561000	 0.078296050480263
956.528072476387000	 0.078691079850702
956.761031091213000	 0.079009415623975
956.993989706039000	 0.079248035341740
957.226948320866000	 0.079409845569907
957.459906935692000	 0.079499453511709
957.692865550518000	 0.079520159826921
957.925824165344000	 0.079473509801908
958.158782780170000	 0.079360969423791
958.391741394997000	 0.079185942909344
958.624700009823000	 0.078954223755803
958.857658624649000	 0.078672117846807
959.090617239475000	 0.078343138104480
959.323575854301000	 0.077965270058301
959.556534469128000	 0.077530652252836
959.789493083954000	 0.077028197931461
960.022451698780000	 0.076447980878491
960.255410313606000	 0.075785128114384
960.488368928432000	 0.075041193373506
960.721327543259000	 0.074222451769678
960.954286158085000	 0.073336385086892
961.187244772911000	 0.072388681160947
961.420203387737000	 0.071382704870496
961.653162002563000	 0.070321852516684
961.886120617390000	 0.069213399551154
962.119079232216000	 0.068071447745821
962.352037847042000	 0.066916975755804
962.584996461868000	 0.065774583239329
962.817955076694000	 0.064667350357165
963.050913691521000	 0.063612231295605
963.283872306347000	 0.062618042196951
963.516830921173000	 0.061686689715285
963.749789535999000	 0.060816647586156
963.982748150826000	 0.060006686956389
964.215706765652000	 0.059257981491595
964.448665380478000	 0.058573815645084
964.681623995304000	 0.057957549610946
964.914582610130000	 0.057410400766675
965.147541224957000	 0.056930504478459
965.380499839783000	 0.056513753433219
965.613458454609000	 0.056155706162093
965.846417069435000	 0.055853131483313
966.079375684261000	 0.055603958756054
966.312334299088000	 0.055405434717589
966.545292913914000	 0.055251531193703
966.778251528740000	 0.055131330759452
967.011210143566000	 0.055029786731032
967.244168758392000	 0.054931041065659
967.477127373219000	 0.054823019144139
967.710085988045000	 0.054701113007020
967.943044602871000	 0.054568990554541
968.176003217697000	 0.054435907281741
968.408961832523000	 0.054311658028551
968.641920447350000	 0.054201507656084
968.874879062176000	 0.054103424909232
969.107837677002000	 0.054008755395088
969.340796291828000	 0.053905759966964
969.573754906654000	 0.053784096687463
969.806713521481000	 0.053638022379720
970.039672136307000	 0.053466970390291
970.272630751133000	 0.053273700492143
970.505589365959000	 0.053061512136149
970.738547980785000	 0.052832341126896
970.971506595612000	 0.052586810510867
971.204465210438000	 0.052325990169243
971.437423825264000	 0.052053532264700
971.670382440090000	 0.051776622835401
971.903341054916000	 0.051504938030078
972.136299669743000	 0.051248039626506
972.369258284569000	 0.051012614936583
972.602216899395000	 0.050801084936115
972.835175514221000	 0.050612329498815
973.068134129047000	 0.050444079067480
973.301092743873000	 0.050295585881063
973.534051358700000	 0.050169050954858
973.767009973526000	 0.050069031075144
973.999968588352000	 0.050000245416384
974.232927203178000	 0.049965133094852
974.465885818005000	 0.049962638135196
974.698844432831000	 0.049988961779962
974.931803047657000	 0.050039858996087
975.164761662483000	 0.050113133502672
975.397720277309000	 0.050209843067389
975.630678892136000	 0.050333467291032
975.863637506962000	 0.050487491691384
976.096596121788000	 0.050672815059814
976.329554736614000	 0.050886529429948
976.562513351440000	 0.051122867062824
976.795471966267000	 0.051375875481768
977.028430581093000	 0.051642360271606
977.261389195919000	 0.051923422739508
977.494347810745000	 0.052223671152736
977.727306425571000	 0.052548487168833
977.960265040398000	 0.052900833022797
978.193223655224000	 0.053279361218564
978.426182270050000	 0.053678887888000
978.659140884876000	 0.054092998087153
978.892099499702000	 0.054517370325300
979.125058114529000	 0.054952002054914
979.358016729355000	 0.055401134544093
979.590975344181000	 0.055870965061325
979.823933959007000	 0.056366447297465
980.056892573833000	 0.056888934803991
980.289851188660000	 0.057435891943334
980.522809803486000	 0.058002698269205
980.755768418312000	 0.058585371828719
980.988727033138000	 0.059182511634463
981.221685647964000	 0.059795221870884
981.454644262791000	 0.060424963802327
981.687602877617000	 0.061070487723159
981.920561492443000	 0.061725537821686
982.153520107269000	 0.062378618286015
982.386478722095000	 0.063015001887691
982.619437336922000	 0.063619963320447
982.852395951748000	 0.064181601155422
983.085354566574000	 0.064691937155502
983.318313181400000	 0.065146048086955
983.551271796227000	 0.065540126913358
983.784230411053000	 0.065869899728461
984.017189025879000	 0.066130474210882
984.250147640705000	 0.066317737685750
984.483106255531000	 0.066430461835502
984.716064870358000	 0.066471877561112
984.949023485184000	 0.066449857368392
985.181982100010000	 0.066375685116098
985.414940714836000	 0.066262117891966
985.647899329662000	 0.066121606651849
985.880857944489000	 0.065965137265390
986.113816559315000	 0.065801568832819
986.346775174141000	 0.065637046529939
986.579733788967000	 0.065474268264310
986.812692403793000	 0.065311913743826
987.045651018620000	 0.065144956201023
987.278609633446000	 0.064966467198336
987.511568248272000	 0.064770824051310
987.744526863098000	 0.064557278660676
987.977485477924000	 0.064332227718103
988.210444092751000	 0.064108740379789
988.443402707577000	 0.063903037400035
988.676361322403000	 0.063729177908252
988.909319937229000	 0.063594319037636
989.142278552055000	 0.063496852320100
989.375237166882000	 0.063428422696921
989.608195781708000	 0.063378941142164
989.841154396534000	 0.063342186193926
990.074113011360000	 0.063319261729530
990.307071626186000	 0.063318274333155
990.540030241013000	 0.063350598081920
990.772988855839000	 0.063425933125918
991.005947470665000	 0.063548987129313
991.238906085491000	 0.063719635621658
991.471864700318000	 0.063936381450118
991.704823315144000	 0.064200969278876
991.937781929970000	 0.064521231112532
992.170740544796000	 0.064910137476311
992.403699159622000	 0.065381176652935
992.636657774448000	 0.065942403213130
992.869616389275000	 0.066592501970673
993.102575004101000	 0.067321362740869
993.335533618927000	 0.068115336042289
993.568492233753000	 0.068964749329379
993.801450848579000	 0.069869824551511
994.034409463406000	 0.070841727052576
994.267368078232000	 0.071897894704493
994.500326693058000	 0.073053795277602
994.733285307884000	 0.074315202727777
994.966243922710000	 0.075674868789666
995.199202537537000	 0.077115138760169
995.432161152363000	 0.078614797648597
995.665119767189000	 0.080155977226510
995.898078382015000	 0.081726719423271
996.131036996841000	 0.083317038545773
996.363995611668000	 0.084909926507192
996.596954226494000	 0.086471779650084
996.829912841320000	 0.087947538466518
997.062871456146000	 0.089263904119743
997.295830070972000	 0.090340225994266
997.528788685799000	 0.091102981885149
997.761747300625000	 0.091498204328689
997.994705915451000	 0.091497606089488
998.227664530277000	 0.091097611662887
998.460623145103000	 0.090313900629989
998.693581759930000	 0.089175518843766
998.926540374756000	 0.087721573268126
999.159498989582000	 0.086000947120520
999.392457604408000	 0.084073062307424
999.625416219234000	 0.082006884682335
999.858374834061000	 0.079876437823413
1000.091333448890000	 0.077753239934174
1000.324292063710000	 0.075697995078307
1000.557250678540000	 0.073754568126642
1000.790209293370000	 0.071948486696682
1001.023167908190000	 0.070290345176123
1001.256126523020000	 0.068782392047943
1001.489085137840000	 0.067425270969037
1001.722043752670000	 0.066222047185961
1001.955002367500000	 0.065178209378319
1002.187960982320000	 0.064298453019959
1002.420919597150000	 0.063582622979679
1002.653878211970000	 0.063023458327254
1002.886836826800000	 0.062607650252808
1003.119795441630000	 0.062319796244462
1003.352754056450000	 0.062147154409973
1003.585712671280000	 0.062082626683358
1003.818671286110000	 0.062124401136327
1004.051629900930000	 0.062272557561906
1004.284588515760000	 0.062524606908812
1004.517547130580000	 0.062872487828433
1004.750505745410000	 0.063302699855080
1004.983464360240000	 0.063799466961492
1005.216422975060000	 0.064349089025176
1005.449381589890000	 0.064942965233862
1005.682340204720000	 0.065577563419145
1005.915298819540000	 0.066251373003297
1006.148257434370000	 0.066960576515812
1006.381216049190000	 0.067695870632341
1006.614174664020000	 0.068442217542927
1006.847133278850000	 0.069181687414075
1007.080091893670000	 0.069897873612834
1007.313050508500000	 0.070579589882395
1007.546009123330000	 0.071222114174916
1007.778967738150000	 0.071825720884331
1008.011926352980000	 0.072392713846734
1008.244884967800000	 0.072924814971408
1008.477843582630000	 0.073422311837696
1008.710802197460000	 0.073885173964619
1008.943760812280000	 0.074315142464288
1009.176719427110000	 0.074717278929792
1009.409678041930000	 0.075099879611658
1009.642636656760000	 0.075472689848825
1009.875595271590000	 0.075844336332711
1010.108553886410000	 0.076220285434169
1010.341512501240000	 0.076602279562450
1010.574471116070000	 0.076989357645670
1010.807429730890000	 0.077379735629691
1011.040388345720000	 0.077772484613491
1011.273346960540000	 0.078168257954803
1011.506305575370000	 0.078569025707944
1011.739264190200000	 0.078977388517601
1011.972222805020000	 0.079396186121127
1012.205181419850000	 0.079828745258808
1012.438140034680000	 0.080279514882403
1012.671098649500000	 0.080754435660856
1012.904057264330000	 0.081260473159791
1013.137015879150000	 0.081804268653162
1013.369974493980000	 0.082390486355326
1013.602933108810000	 0.083020750654754
1013.835891723630000	 0.083693849711058
1014.068850338460000	 0.084407221456473
1014.301808953290000	 0.085158994438978
1014.534767568110000	 0.085949479804563
1014.767726182940000	 0.086781271604388
1015.000684797760000	 0.087657890935949
1015.233643412590000	 0.088581745546962
1015.466602027420000	 0.089552568719734
1015.699560642240000	 0.090567215975625
1015.932519257070000	 0.091620890934749
1016.165477871890000	 0.092709002118098
1016.398436486720000	 0.093828449010223
1016.631395101550000	 0.094977480580862
1016.864353716370000	 0.096154180469121
1017.097312331200000	 0.097354549002977
1017.330270946030000	 0.098571496264762
1017.563229560850000	 0.099795600869710
1017.796188175680000	 0.101017468010429
1018.029146790500000	 0.102230528781106
1018.262105405330000	 0.103432786545289
1018.495064020160000	 0.104626596991933
1018.728022634980000	 0.105816733956867
1018.960981249810000	 0.107008002932373
1019.193939864640000	 0.108203877129147
1019.426898479460000	 0.109406921520323
1019.659857094290000	 0.110620578567075
1019.892815709110000	 0.111850952096349
1020.125774323940000	 0.113107157755240
1020.358732938770000	 0.114399708653436
1020.591691553590000	 0.115737737260372
1020.824650168420000	 0.117126767644857
1021.057608783250000	 0.118568635520343
1021.290567398070000	 0.120064010875964
1021.523526012900000	 0.121616411864950
1021.756484627720000	 0.123235504642315
1021.989443242550000	 0.124937585221245
1022.222401857380000	 0.126742515883658
1022.455360472200000	 0.128668322645492
1022.688319087030000	 0.130726041795536
1022.921277701850000	 0.132917433962675
1023.154236316680000	 0.135236820318689
1023.387194931510000	 0.137676208121922
1023.620153546330000	 0.140231112469762
1023.853112161160000	 0.142904016716487
1024.086070775990000	 0.145703598511256
1024.319029390810000	 0.148640091769609
1024.551988005640000	 0.151719197140837
1024.784946620460000	 0.154937651070880
1025.017905235290000	 0.158282570264886
1025.250863850120000	 0.161734582246797
1025.483822464940000	 0.165272694294575
1025.716781079770000	 0.168878014743348
1025.949739694600000	 0.172534353764444
1026.182698309420000	 0.176225859734394
1026.415656924250000	 0.179933828710694
1026.648615539070000	 0.183635346761988
1026.881574153900000	 0.187305102812346
1027.114532768730000	 0.190919342427365
1027.347491383550000	 0.194459061578091
1027.580449998380000	 0.197909547795292
1027.813408613200000	 0.201255535820203
1028.046367228030000	 0.204474339326342
1028.279325842860000	 0.207531322632670
1028.512284457680000	 0.210381495864008
1028.745243072510000	 0.212977899236023
1028.978201687340000	 0.215283407039659
1029.211160302160000	 0.217280012215714
1029.444118916990000	 0.218970373061165
1029.677077531810000	 0.220370380549685
1029.910036146640000	 0.221496529321667
1030.142994761470000	 0.222354863337182
1030.375953376290000	 0.222937344644243
1030.608911991120000	 0.223227193102288
1030.841870605950000	 0.223209574457676
1031.074829220770000	 0.222880992193440
1031.307787835600000	 0.222251728408547
1031.540746450420000	 0.221340193174160
1031.773705065250000	 0.220163321429902
1032.006663680080000	 0.218729853012113
1032.239622294900000	 0.217041709626778
1032.472580909730000	 0.215103654284652
1032.705539524560000	 0.212935871628172
1032.938498139380000	 0.210581297461231
1033.171456754210000	 0.208101379472198
1033.404415369030000	 0.205559853564281
1033.637373983860000	 0.203000935922313
1033.870332598690000	 0.200432095913575
1034.103291213510000	 0.197819965308297
1034.336249828340000	 0.195101756840938
1034.569208443160000	 0.192207242562594
1034.802167057990000	 0.189081882066107
1035.035125672820000	 0.185702274836228
1035.268084287640000	 0.182079844522625
1035.501042902470000	 0.178254385198726
1035.734001517300000	 0.174282670362519
1035.966960132120000	 0.170227513451062
1036.199918746950000	 0.166150352564099
1036.432877361770000	 0.162107504570659
1036.665835976600000	 0.158148360175928
1036.898794591430000	 0.154313672987758
1037.131753206250000	 0.150633323237001
1037.364711821080000	 0.147124401131730
1037.597670435910000	 0.143791104639639
1037.830629050730000	 0.140627402884302
1038.063587665560000	 0.137622065438461
1038.296546280380000	 0.134764321556889
1038.529504895210000	 0.132047900744781
1038.762463510040000	 0.129471893873053
1038.995422124860000	 0.127038442253540
1039.228380739690000	 0.124748824898245
1039.461339354520000	 0.122600182057559
1039.694297969340000	 0.120584567202973
1039.927256584170000	 0.118690642741468
1040.160215198990000	 0.116906906231613
1040.393173813820000	 0.115224602083617
1040.626132428650000	 0.113638803573744
1040.859091043470000	 0.112147321797234
1041.092049658300000	 0.110748397879648
1041.325008273120000	 0.109438783313232
1041.557966887950000	 0.108213459820460
1041.790925502780000	 0.107067154742958
1042.023884117600000	 0.105996639465614
1042.256842732430000	 0.105002249168084
1042.489801347260000	 0.104087474866863
1042.722759962080000	 0.103256629515187
1042.955718576910000	 0.102511790703902
1043.188677191730000	 0.101850748666032
1043.421635806560000	 0.101267234325974
1043.654594421390000	 0.100753527629046
1043.887553036210000	 0.100304286308252
1044.120511651040000	 0.099919769789903
1044.353470265870000	 0.099606951204237
1044.586428880690000	 0.099378162244918
1044.819387495520000	 0.099248238546932
1045.052346110340000	 0.099231847297207
1045.285304725170000	 0.099342391346325
1045.518263340000000	 0.099592808093181
1045.751221954820000	 0.099997358078483
1045.984180569650000	 0.100572825084444
1046.217139184470000	 0.101337821873391
1046.450097799300000	 0.102309984693633
1046.683056414130000	 0.103502137114090
1046.916015028950000	 0.104919268652354
1047.148973643780000	 0.106557962760787
1047.381932258610000	 0.108408792942123
1047.614890873430000	 0.110460706274312
1047.847849488260000	 0.112705280702347
1048.080808103080000	 0.115138636817434
1048.313766717910000	 0.117759895165016
1048.546725332740000	 0.120566890549938
1048.779683947560000	 0.123551397923859
1049.012642562390000	 0.126696496167512
1049.245601177220000	 0.129977616969833
1049.478559792040000	 0.133366791903223
1049.711518406870000	 0.136837686161182
1049.944477021690000	 0.140368326197693
1050.177435636520000	 0.143939524671007
1050.410394251350000	 0.147529359467549
1050.643352866170000	 0.151106319276586
1050.876311481000000	 0.154624536137502
1051.109270095830000	 0.158023378258700
1051.342228710650000	 0.161231207865907
1051.575187325480000	 0.164170779640100
1051.808145940300000	 0.166763077340306
1052.041104555130000	 0.168927952328645
1052.274063169960000	 0.170582835415982
1052.507021784780000	 0.171643070659917
1052.739980399610000	 0.172027319049848
1052.972939014430000	 0.171668722781173
1053.205897629260000	 0.170528634170386
1053.438856244090000	 0.168607215994296
1053.671814858910000	 0.165945990384377
1053.904773473740000	 0.162621202399478
1054.137732088570000	 0.158731264034161
1054.370690703390000	 0.154383747717659
1054.603649318220000	 0.149686295249270
1054.836607933040000	 0.144742578239364
1055.069566547870000	 0.139651400852427
1055.302525162700000	 0.134505945645130
1055.535483777520000	 0.129391273375466
1055.768442392350000	 0.124380330569705
1056.001401007180000	 0.119530286413904
1056.234359622000000	 0.114881083175708
1056.467318236830000	 0.110456860444296
1056.700276851650000	 0.106269378961250
1056.933235466480000	 0.102321700728706
1057.166194081310000	 0.098610611478406
1057.399152696130000	 0.095127354339471
1057.632111310960000	 0.091857467375184
1057.865069925790000	 0.088781139491401
1058.098028540610000	 0.085875178992398
1058.330987155440000	 0.083116647560718
1058.563945770260000	 0.080487052172541
1058.796904385090000	 0.077975360518475
1059.029862999920000	 0.075578402659494
1059.262821614740000	 0.073298353615793
1059.495780229570000	 0.071138376375573
1059.728738844390000	 0.069098377784314
1059.961697459220000	 0.067172725838248
1060.194656074050000	 0.065350798318641
1060.427614688870000	 0.063619912865662
1060.660573303700000	 0.061969153080932
1060.893531918530000	 0.060392298373884
1061.126490533350000	 0.058888595648206
1061.359449148180000	 0.057461194781986
1061.592407763000000	 0.056114148337496
1061.825366377830000	 0.054849425169139
1062.058324992660000	 0.053665214798676
1062.291283607480000	 0.052556090790336
1062.524242222310000	 0.051514742278961
1062.757200837140000	 0.050534349822396
1062.990159451960000	 0.049610513761924
1063.223118066790000	 0.048741968229176
1063.456076681610000	 0.047929934989782
1063.689035296440000	 0.047176567211199
1063.921993911270000	 0.046483240283163
1064.154952526090000	 0.045849385133583
1064.387911140920000	 0.045272223474010
1064.620869755740000	 0.044747334838792
1064.853828370570000	 0.044269648845340
1065.086786985400000	 0.043834346189902
1065.319745600220000	 0.043437296591053
1065.552704215050000	 0.043074966711367
1065.785662829880000	 0.042744029616884
1066.018621444700000	 0.042441052502766
1066.251580059530000	 0.042162571987381
1066.484538674350000	 0.041905631072539
1066.717497289180000	 0.041668571509526
1066.950455904010000	 0.041451693196602
1067.183414518830000	 0.041257400475324
1067.416373133660000	 0.041089647955356
1067.649331748490000	 0.040952785038045
1067.882290363310000	 0.040850157402207
1068.115248978140000	 0.040782951721658
1068.348207592960000	 0.040749707772527
1068.581166207790000	 0.040746679462133
1068.814124822620000	 0.040768896540545
1069.047083437440000	 0.040811508486400
1069.280042052270000	 0.040870902546448
1069.513000667100000	 0.040945207863738
1069.745959281920000	 0.041034061366596
1069.978917896750000	 0.041137806226559
1070.211876511570000	 0.041256508593164
1070.444835126400000	 0.041389233112812
1070.677793741230000	 0.041533891576151
1070.910752356050000	 0.041687726091202
1071.143710970880000	 0.041848217162859
1071.376669585700000	 0.042014028679898
1071.609628200530000	 0.042185583050573
1071.842586815360000	 0.042365007645058
1072.075545430180000	 0.042555455511679
1072.308504045010000	 0.042760074012777
1072.541462659840000	 0.042981050709489
1072.774421274660000	 0.043219127263527
1073.007379889490000	 0.043473755583381
1073.240338504310000	 0.043743779846634
1073.473297119140000	 0.044028297389735
1073.706255733970000	 0.044327283796013
1073.939214348790000	 0.044641695095047
1074.172172963620000	 0.044973025756354
1074.405131578450000	 0.045322573506224
1074.638090193270000	 0.045690797950311
1074.871048808100000	 0.046077088586431
1075.104007422920000	 0.046480021622420
1075.336966037750000	 0.046897912115355
1075.569924652580000	 0.047329303429517
1075.802883267400000	 0.047773072229012
1076.035841882230000	 0.048228053102146
1076.268800497060000	 0.048692380589411
1076.501759111880000	 0.049162935257551
1076.734717726710000	 0.049635245129114
1076.967676341530000	 0.050103943526780
1077.200634956360000	 0.050563554346144
1077.433593571190000	 0.051009157705332
1077.666552186010000	 0.051436531733952
1077.899510800840000	 0.051841680353188
1078.132469415660000	 0.052220077644824
1078.365428030490000	 0.052566224661431
1078.598386645320000	 0.052874028373844
1078.831345260140000	 0.053138079057554
1079.064303874970000	 0.053355338553600
1079.297262489800000	 0.053526382155805
1079.530221104620000	 0.053655422381823
1079.763179719450000	 0.053748906324263
1079.996138334270000	 0.053813237343820
1080.229096949100000	 0.053852682198047
1080.462055563930000	 0.053868468494072
1080.695014178750000	 0.053859471578205
1080.927972793580000	 0.053824062101471
1081.160931408410000	 0.053762078252599
1081.393890023230000	 0.053675832800962
1081.626848638060000	 0.053569613251532
1081.859807252880000	 0.053447991955101
1082.092765867710000	 0.053313941616305
1082.325724482540000	 0.053167858583633
1082.558683097360000	 0.053008080601188
1082.791641712190000	 0.052832647405462
1083.024600327010000	 0.052641353893250
1083.257558941840000	 0.052436968118607
1083.490517556670000	 0.052224935476252
1083.723476171490000	 0.052011720320902
1083.956434786320000	 0.051802672808804
1084.189393401150000	 0.051600537273429
1084.422352015970000	 0.051405336570259
1084.655310630800000	 0.051215617365927
1084.888269245620000	 0.051030342155856
1085.121227860450000	 0.050850429809640
1085.354186475280000	 0.050679211161977
1085.587145090100000	 0.050521709880886
1085.820103704930000	 0.050383297844152
1086.053062319760000	 0.050268542907839
1086.286020934580000	 0.050180841722578
1086.518979549410000	 0.050122883881404
1086.751938164230000	 0.050097466243716
1086.984896779060000	 0.050107974027450
1087.217855393890000	 0.050158076499201
1087.450814008710000	 0.050250701738681
1087.683772623540000	 0.050386838432334
1087.916731238370000	 0.050564868405839
1088.149689853190000	 0.050780867643056
1088.382648468020000	 0.051029776608988
1088.615607082840000	 0.051306836119893
1088.848565697670000	 0.051608508868286
1089.081524312500000	 0.051932386500038
1089.314482927320000	 0.052276183978055
1089.547441542150000	 0.052636504749832
1089.780400156970000	 0.053008268827923
1090.013358771800000	 0.053385381562093
1090.246317386630000	 0.053762527231506
1090.479276001450000	 0.054137265381397
1090.712234616280000	 0.054511296404424
1090.945193231110000	 0.054890068049846
1091.178151845930000	 0.055280693806636
1091.411110460760000	 0.055689022858321
1091.644069075580000	 0.056117165586416
1091.877027690410000	 0.056562595787385
1092.109986305240000	 0.057019221966889
1092.342944920060000	 0.057479910922015
1092.575903534890000	 0.057939308368494
1092.808862149720000	 0.058395756147229
1093.041820764540000	 0.058851661796695
1093.274779379370000	 0.059312497991803
1093.507737994190000	 0.059785217909080
1093.740696609020000	 0.060276952539917
1093.973655223850000	 0.060794432477825
1094.206613838670000	 0.061343962710164
1094.439572453500000	 0.061931370024656
1094.672531068330000	 0.062561388327321
1094.905489683150000	 0.063236407284205
1095.138448297980000	 0.063955079040698
1095.371406912800000	 0.064711577279717
1095.604365527630000	 0.065496111049618
1095.837324142460000	 0.066296675001535
1096.070282757280000	 0.067101290496981
1096.303241372110000	 0.067899592819880
1096.536199986930000	 0.068682856008480
1096.769158601760000	 0.069442371325184
1097.002117216590000	 0.070167072907948
1097.235075831410000	 0.070841857997387
1097.468034446240000	 0.071447820391324
1097.700993061070000	 0.071964677064444
1097.933951675890000	 0.072374492269598
1098.166910290720000	 0.072665039141456
1098.399868905540000	 0.072831262185018
1098.632827520370000	 0.072874292557336
1098.865786135200000	 0.072798751022853
1099.098744750020000	 0.072609886759326
1099.331703364850000	 0.072311996925841
1099.564661979680000	 0.071908681583418
1099.797620594500000	 0.071404381018924
1100.030579209330000	 0.070805965669042
1100.263537824150000	 0.070123264192894
1100.496496438980000	 0.069368195385500
1100.729455053810000	 0.068553083062311
1100.962413668630000	 0.067689199767588
1101.195372283460000	 0.066786355782346
1101.428330898280000	 0.065853628133909
1101.661289513110000	 0.064900589396374
1101.894248127940000	 0.063938096282380
1102.127206742760000	 0.062977996937840
1102.360165357590000	 0.062031806283265
1102.593123972420000	 0.061109039077022
1102.826082587240000	 0.060216093885442
1103.059041202070000	 0.059356254334124
1103.291999816890000	 0.058530739365529
1103.524958431720000	 0.057740164682712
1103.757917046550000	 0.056985584376067
1103.990875661370000	 0.056268559875338
1104.223834276200000	 0.055590284831815
1104.456792891030000	 0.054950341867070
1104.689751505850000	 0.054345873514022
1104.922710120680000	 0.053771716409872
1105.155668735500000	 0.053221521101976
1105.388627350330000	 0.052689350368054
1105.621585965160000	 0.052170997550230
1105.854544579980000	 0.051664424564757
1106.087503194810000	 0.051169194834182
1106.320461809640000	 0.050685298007677
1106.553420424460000	 0.050212041514710
1106.786379039290000	 0.049747584419036
1107.019337654110000	 0.049289295745085
1107.252296268940000	 0.048834665268587
1107.485254883770000	 0.048382226179114
1107.718213498590000	 0.047931998161609
1107.951172113420000	 0.047485275511854
1108.184130728240000	 0.047043966536445
1108.417089343070000	 0.046609912691546
1108.650047957900000	 0.046184568026203
1108.883006572720000	 0.045769157986098
1109.115965187550000	 0.045365132163470
1109.348923802380000	 0.044974556382586
1109.581882417200000	 0.044600143452767
1109.814841032030000	 0.044244852190115
1110.047799646850000	 0.043911243818918
1110.280758261680000	 0.043600921504053
1110.513716876510000	 0.043314325741301
1110.746675491330000	 0.043050960365600
1110.979634106160000	 0.042809897890116
1111.212592720990000	 0.042590280804344
1111.445551335810000	 0.042391563139653
1111.678509950640000	 0.042213400229477
1111.911468565460000	 0.042055295580851
1112.144427180290000	 0.041916239560286
1112.377385795120000	 0.041794564841756
1112.610344409940000	 0.041688116929424
1112.843303024770000	 0.041594671493870
1113.076261639600000	 0.041512413436164
1113.309220254420000	 0.041440280963610
1113.542178869250000	 0.041378063300018
1113.775137484070000	 0.041326258831075
1114.008096098900000	 0.041285777972046
1114.241054713730000	 0.041257581162564
1114.474013328550000	 0.041242305202052
1114.706971943380000	 0.041239906922898
1114.939930558200000	 0.041249377181065
1115.172889173030000	 0.041268634043932
1115.405847787860000	 0.041294733389918
1115.638806402680000	 0.041324479004565
1115.871765017510000	 0.041355358631559
1116.104723632340000	 0.041386529460360
1116.337682247160000	 0.041419432334213
1116.570640861990000	 0.041457643325121
1116.803599476810000	 0.041505825529723
1117.036558091640000	 0.041568047052172
1117.269516706470000	 0.041646088895688
1117.502475321290000	 0.041738472530103
1117.735433936120000	 0.041840704243883
1117.968392550950000	 0.041946746339080
1118.201351165770000	 0.042051190400894
1118.434309780600000	 0.042151263684927
1118.667268395420000	 0.042247824421639
1118.900227010250000	 0.042344921643113
1119.133185625080000	 0.042448132000988
1119.366144239900000	 0.042562424922404
1119.599102854730000	 0.042690476751957
1119.832061469550000	 0.042832086812081
1120.065020084380000	 0.042984800264081
1120.297978699210000	 0.043145291011827
1120.530937314030000	 0.043310763793452
1120.763895928860000	 0.043479730011398
1120.996854543690000	 0.043651931163249
1121.229813158510000	 0.043827685323253
1121.462771773340000	 0.044007230464586
1121.695730388160000	 0.044190572957483
1121.928689002990000	 0.044377973060162
1122.161647617820000	 0.044570738327208
1122.394606232640000	 0.044771724445910
1122.627564847470000	 0.044985033291653
1122.860523462300000	 0.045214817289306
1123.093482077120000	 0.045463619427402
1123.326440691950000	 0.045731008684293
1123.559399306770000	 0.046013225205450
1123.792357921600000	 0.046304138161925
1124.025316536430000	 0.046597230600533
1124.258275151250000	 0.046887839740491
1124.491233766080000	 0.047174742926604
1124.724192380910000	 0.047460466831070
1124.957150995730000	 0.047750262666004
1125.190109610560000	 0.048050241418529
1125.423068225380000	 0.048365442011584
1125.656026840210000	 0.048698523295511
1125.888985455040000	 0.049049421898132
1126.121944069860000	 0.049415898067226
1126.354902684690000	 0.049794594282494
1126.587861299510000	 0.050182160925427
1126.820819914340000	 0.050576132121565
1127.053778529170000	 0.050975433751594
1127.286737143990000	 0.051380538450693
1127.519695758820000	 0.051793300372708
1127.752654373650000	 0.052216466067350
1127.985612988470000	 0.052652872942070
1128.218571603300000	 0.053104467593294
1128.451530218120000	 0.053571449776364
1128.684488832950000	 0.054051942457377
1128.917447447780000	 0.054542484808714
1129.150406062600000	 0.055039324611611
1129.383364677430000	 0.055540067552451
1129.616323292260000	 0.056044942380309
1129.849281907080000	 0.056556975274782
1130.082240521910000	 0.057080796743855
1130.315199136730000	 0.057620459166080
1130.548157751560000	 0.058177186947618
1130.781116366390000	 0.058748107528468
1131.014074981210000	 0.059326620559034
1131.247033596040000	 0.059904314071645
1131.479992210870000	 0.060473579523285
1131.712950825690000	 0.061029702646166
1131.945909440520000	 0.061571448107476
1132.178868055340000	 0.062099924944804
1132.411826670170000	 0.062616415263023
1132.644785285000000	 0.063120382735923
1132.877743899820000	 0.063608763931699
1133.110702514650000	 0.064076948175188
1133.343661129470000	 0.064520935234820
1133.576619744300000	 0.064939508433136
1133.809578359130000	 0.065335233292755
1134.042536973950000	 0.065713710825758
1134.275495588780000	 0.066081430807108
1134.508454203610000	 0.066443274234599
1134.741412818430000	 0.066800846543176
1134.974371433260000	 0.067152356411014
1135.207330048080000	 0.067493963883753
1135.440288662910000	 0.067821822951159
1135.673247277740000	 0.068133793372384
1135.906205892560000	 0.068430103205073
1136.139164507390000	 0.068712898807388
1136.372123122220000	 0.068985224241082
1136.605081737040000	 0.069250191509942
1136.838040351870000	 0.069510858367940
1137.070998966690000	 0.069770813859242
1137.303957581520000	 0.070035009707157
1137.536916196350000	 0.070310237192353
1137.769874811170000	 0.070604894180397
1138.002833426000000	 0.070928138220816
1138.235792040820000	 0.071288887749389
1138.468750655650000	 0.071695198709285
1138.701709270480000	 0.072154289223822
1138.934667885300000	 0.072673076887520
1139.167626500130000	 0.073258777926949
1139.400585114960000	 0.073919084230049
1139.633543729780000	 0.074661707909221
1139.866502344610000	 0.075493504634468
1140.099460959430000	 0.076419706548099
1140.332419574260000	 0.077443820316910
1140.565378189090000	 0.078568445594189
1140.798336803910000	 0.079796789741291
1141.031295418740000	 0.081134249287344
1141.264254033570000	 0.082589332105818
1141.497212648390000	 0.084173484678761
1141.730171263220000	 0.085899922091548
1141.963129878040000	 0.087782043941449
1142.196088492870000	 0.089832193573431
1142.429047107700000	 0.092061291937214
1142.662005722520000	 0.094479374358261
1142.894964337350000	 0.097096547120804
1143.127922952180000	 0.099923639346131
1143.360881567000000	 0.102971987459862
1143.593840181830000	 0.106252250597692
1143.826798796650000	 0.109772625421576
1144.059757411480000	 0.113537009990291
1144.292716026310000	 0.117543441330965
1144.525674641130000	 0.121782647081192
1144.758633255960000	 0.126236153557190
1144.991591870780000	 0.130873431651568
1145.224550485610000	 0.135648156186707
1145.457509100440000	 0.140494552249251
1145.690467715260000	 0.145325468211354
1145.923426330090000	 0.150033723078086
1146.156384944920000	 0.154497259913883
1146.389343559740000	 0.158587109885560
1146.622302174570000	 0.162176014096488
1146.855260789390000	 0.165145593081967
1147.088219404220000	 0.167391294904781
1147.321178019050000	 0.168826096096623
1147.554136633870000	 0.169384732927045
1147.787095248700000	 0.169029353807800
1148.020053863530000	 0.167755444455373
1148.253012478350000	 0.165595244328827
1148.485971093180000	 0.162616094228577
1148.718929708000000	 0.158913366803295
1148.951888322830000	 0.154600401467629
1149.184846937660000	 0.149799240236924
1149.417805552480000	 0.144634985739059
1149.650764167310000	 0.139233997334707
1149.883722782140000	 0.133723676072765
1150.116681396960000	 0.128230811086101
1150.349640011790000	 0.122876719723308
1150.582598626610000	 0.117769743739311
1150.815557241440000	 0.112997518909056
1151.048515856270000	 0.108621766547584
1151.281474471090000	 0.104677212993854
1151.514433085920000	 0.101174511130132
1151.747391700740000	 0.098105687373686
1151.980350315570000	 0.095450176224666
1152.213308930400000	 0.093179896445396
1152.446267545220000	 0.091262691061686
1152.679226160050000	 0.089664323883120
1152.912184774880000	 0.088349727538261
1153.145143389700000	 0.087284194121615
1153.378102004530000	 0.086434804763153
1153.611060619350000	 0.085771888667153
1153.844019234180000	 0.085269988683385
1154.076977849010000	 0.084907876985923
1154.309936463830000	 0.084667583823718
1154.542895078660000	 0.084532929240917
1154.775853693490000	 0.084488351525132
1155.008812308310000	 0.084518695840505
1155.241770923140000	 0.084610103322636
1155.474729537960000	 0.084751496509229
1155.707688152790000	 0.084935750830639
1155.940646767620000	 0.085159732803407
1156.173605382440000	 0.085422969150723
1156.406563997270000	 0.085725481587409
1156.639522612090000	 0.086065832134906
1156.872481226920000	 0.086440363595329
1157.105439841750000	 0.086844009261431
1157.338398456570000	 0.087272213210018
1157.571357071400000	 0.087722898113566
1157.804315686230000	 0.088197383078607
1158.037274301050000	 0.088699733418475
1158.270232915880000	 0.089234907327340
1158.503191530700000	 0.089806743442643
1158.736150145530000	 0.090416911320879
1158.969108760360000	 0.091065382456715
1159.202067375180000	 0.091752098585210
1159.435025990010000	 0.092478814286961
1159.667984604840000	 0.093249973823002
1159.900943219660000	 0.094072032439324
1160.133901834490000	 0.094951548368398
1160.366860449310000	 0.095893120656959
1160.599819064140000	 0.096898384147892
1160.832777678970000	 0.097966706867552
1161.065736293790000	 0.099097276439801
1161.298694908620000	 0.100291442119257
1161.531653523450000	 0.101553969334153
1161.764612138270000	 0.102892415450547
1161.997570753100000	 0.104314865446830
1162.230529367920000	 0.105827194349885
1162.463487982750000	 0.107431314228626
1162.696446597580000	 0.109125344773326
1162.929405212400000	 0.110905597819702
1163.162363827230000	 0.112769260694359
1163.395322442050000	 0.114716268198182
1163.628281056880000	 0.116749317656148
1163.861239671710000	 0.118872062716647
1164.094198286530000	 0.121086592404276
1164.327156901360000	 0.123391720922966
1164.560115516190000	 0.125783116696802
1164.793074131010000	 0.128255157520544
1165.026032745840000	 0.130803275482268
1165.258991360660000	 0.133425148044201
1165.491949975490000	 0.136119718888093
1165.724908590320000	 0.138884387177712
1165.957867205140000	 0.141711984263305
1166.190825819970000	 0.144589539708817
1166.423784434800000	 0.147499990481818
1166.656743049620000	 0.150426288800655
1166.889701664450000	 0.153355749456332
1167.122660279270000	 0.156281956877069
1167.355618894100000	 0.159202599777298
1167.588577508930000	 0.162113759295084
1167.821536123750000	 0.165003241749259
1168.054494738580000	 0.167846291868236
1168.287453353410000	 0.170605938435446
1168.520411968230000	 0.173237814771753
1168.753370583060000	 0.175696840128204
1168.986329197880000	 0.177942078395694
1169.219287812710000	 0.179937177460488
1169.452246427540000	 0.181646539225217
1169.685205042360000	 0.183030171265019
1169.918163657190000	 0.184041288211059
1170.151122272010000	 0.184629402351189
1170.384080886840000	 0.184748555737010
1170.617039501670000	 0.184367269769794
1170.849998116490000	 0.183475602543132
1171.082956731320000	 0.182086233189343
1171.315915346150000	 0.180229831204478
1171.548873960970000	 0.177947982044337
1171.781832575800000	 0.175287743505283
1172.014791190620000	 0.172300154310453
1172.247749805450000	 0.169042004008799
1172.480708420280000	 0.165577871414051
1172.713667035100000	 0.161979238328023
1172.946625649930000	 0.158319389726033
1173.179584264760000	 0.154665499509166
1173.412542879580000	 0.151071055621478
1173.645501494410000	 0.147571638358093
1173.878460109230000	 0.144185321077741
1174.111418724060000	 0.140916750067643
1174.344377338890000	 0.137762478552204
1174.577335953710000	 0.134715046814742
1174.810294568540000	 0.131764518391691
1175.043253183360000	 0.128897934899551
1175.276211798190000	 0.126098424676786
1175.509170413020000	 0.123345811078570
1175.742129027840000	 0.120619539308611
1175.975087642670000	 0.117903233081553
1176.208046257500000	 0.115189082543468
1176.441004872320000	 0.112480175551686
1176.673963487150000	 0.109789850933712
1176.906922101970000	 0.107138592816235
1177.139880716800000	 0.104550048402468
1177.372839331630000	 0.102047861931944
1177.605797946450000	 0.099654219972992
1177.838756561280000	 0.097389865083665
1178.071715176110000	 0.095274537719043
1178.304673790930000	 0.093326745838510
1178.537632405760000	 0.091562373147908
1178.770591020580000	 0.089992490430106
1179.003549635410000	 0.088621320515543
1179.236508250240000	 0.087445333453671
1179.469466865060000	 0.086453961735321
1179.702425479890000	 0.085631722579686
1179.935384094720000	 0.084960971418022
1180.168342709540000	 0.084424339656907
1180.401301324370000	 0.084006182153509
1180.634259939190000	 0.083692907868477
1180.867218554020000	 0.083472586398671
1181.100177168850000	 0.083334440565819
1181.333135783670000	 0.083268666729835
1181.566094398500000	 0.083266615689197
1181.799053013320000	 0.083320997982826
1182.032011628150000	 0.083425693509219
1182.264970242980000	 0.083575007826271
1182.497928857800000	 0.083762658923944
1182.730887472630000	 0.083981101155912
1182.963846087460000	 0.084221756242290
1183.196804702280000	 0.084476294089515
1183.429763317110000	 0.084738498338668
1183.662721931930000	 0.085005809221525
1183.895680546760000	 0.085279651976541
1184.128639161590000	 0.085564183975874
1184.361597776410000	 0.085863874541666
1184.594556391240000	 0.086180944686616
1184.827515006070000	 0.086513800213198
1185.060473620890000	 0.086857128650724
1185.293432235720000	 0.087203533808047
1185.526390850540000	 0.087545855947190
1185.759349465370000	 0.087879044844111
1185.992308080200000	 0.088200761852423
1186.225266695020000	 0.088510602889246
1186.458225309850000	 0.088808544540920
1186.691183924670000	 0.089093531334327
1186.924142539500000	 0.089362907625098
1187.157101154330000	 0.089612823489980
1187.390059769150000	 0.089839166885242
1187.623018383980000	 0.090038330711339
1187.855976998810000	 0.090207338877316
1188.088935613630000	 0.090343366102268
1188.321894228460000	 0.090443142233761
1188.554852843280000	 0.090502831232961
1188.787811458110000	 0.090518659695136
1189.020770072940000	 0.090488052572973
1189.253728687760000	 0.090410658751240
1189.486687302590000	 0.090288678357583
1189.719645917420000	 0.090126341976255
1189.952604532240000	 0.089928961939644
1190.185563147070000	 0.089702290656820
1190.418521761890000	 0.089452748614839
1190.651480376720000	 0.089188508469096
1190.884438991550000	 0.088920788218887
1191.117397606370000	 0.088664416583247
1191.350356221200000	 0.088437001314772
1191.583314836030000	 0.088256737174601
1191.816273450850000	 0.088139633773958
1192.049232065680000	 0.088097290781730
1192.282190680500000	 0.088136109633171
1192.515149295330000	 0.088258156985183
1192.748107910160000	 0.088463150349192
1192.981066524980000	 0.088750589004228
1193.214025139810000	 0.089121107019113
1193.446983754630000	 0.089576631139513
1193.679942369460000	 0.090119599889795
1193.912900984290000	 0.090751967571919
1194.145859599110000	 0.091474731054194
1194.378818213940000	 0.092288299886955
1194.611776828770000	 0.093193444061089
1194.844735443590000	 0.094192145561448
1195.077694058420000	 0.095287693751721
1195.310652673240000	 0.096483805956798
1195.543611288070000	 0.097783172788736
1195.776569902900000	 0.099186251433354
1196.009528517720000	 0.100691089527876
1196.242487132550000	 0.102294451717779
1196.475445747380000	 0.103993802705962
1196.708404362200000	 0.105789168829104
1196.941362977030000	 0.107683879134054
1197.174321591850000	 0.109683740373937
1197.407280206680000	 0.111795055522953
1197.640238821510000	 0.114022569753827
1197.873197436330000	 0.116368512106210
1198.106156051160000	 0.118833309882045
1198.339114665990000	 0.121417580942211
1198.572073280810000	 0.124124183369498
1198.805031895640000	 0.126958912895134
1199.037990510460000	 0.129929059584445
1199.270949125290000	 0.133040177094997
1199.503907740120000	 0.136292453111508
1199.736866354940000	 0.139678393941782
1199.969824969770000	 0.143182927310779
1200.202783584590000	 0.146785775330417
1200.435742199420000	 0.150464717005821
1200.668700814250000	 0.154197853690759
1200.901659429070000	 0.157963568637990
1201.134618043900000	 0.161738270694342
1201.367576658730000	 0.165493430993773
1201.600535273550000	 0.169193977540365
1201.833493888380000	 0.172799394801816
1202.066452503200000	 0.176267232033696
1202.299411118030000	 0.179557115759525
1202.532369732860000	 0.182632836569776
1202.765328347680000	 0.185461104591077
1202.998286962510000	 0.188007624915752
1203.231245577340000	 0.190232969832372
1203.464204192160000	 0.192091106374267
1203.697162806990000	 0.193532022195308
1203.930121421810000	 0.194507455950929
1204.163080036640000	 0.194976775462640
1204.396038651470000	 0.194909891410735
1204.628997266290000	 0.194286007316307
1204.861955881120000	 0.193089855398120
1205.094914495940000	 0.191308981865778
1205.327873110770000	 0.188935275312660
1205.560831725600000	 0.185971379011846
1205.793790340420000	 0.182439405034577
1206.026748955250000	 0.178387486651172
1206.259707570080000	 0.173890422429186
1206.492666184900000	 0.169043602610347
1206.725624799730000	 0.163952724223599
1206.958583414550000	 0.158723464037115
1207.191542029380000	 0.153454482898523
1207.424500644210000	 0.148234707035106
1207.657459259030000	 0.143143441363153
1207.890417873860000	 0.138250863477332
1208.123376488690000	 0.133617130255740
1208.356335103510000	 0.129289977611127
1208.589293718340000	 0.125302141159017
1208.822252333160000	 0.121670325652084
1209.055210947990000	 0.118396726257560
1209.288169562820000	 0.115472831076630
1209.521128177640000	 0.112884173497671
1209.754086792470000	 0.110614376589322
1209.987045407300000	 0.108647331245148
1210.220004022120000	 0.106967356015726
1210.452962636950000	 0.105558148936908
1210.685921251770000	 0.104401770511290
1210.918879866600000	 0.103478625837738
1211.151838481430000	 0.102768660501845
1211.384797096250000	 0.102253191919329
1211.617755711080000	 0.101916388686250
1211.850714325900000	 0.101745589651177
1212.083672940730000	 0.101730310692773
1212.316631555560000	 0.101860541172379
1212.549590170380000	 0.102125340868981
1212.782548785210000	 0.102512567233435
1213.015507400040000	 0.103009889795332
1213.248466014860000	 0.103606462271080
1213.481424629690000	 0.104294174051000
1213.714383244510000	 0.105067571646270
1213.947341859340000	 0.105922267431097
1214.180300474170000	 0.106852540749958
1214.413259088990000	 0.107849366553501
1214.646217703820000	 0.108899949742820
1214.879176318650000	 0.109989056499878
1215.112134933470000	 0.111101430122582
1215.345093548300000	 0.112223913990535
1215.578052163120000	 0.113345988378668
1215.811010777950000	 0.114458276829267
1216.043969392780000	 0.115549751170536
1216.276928007600000	 0.116605189089231
1216.509886622430000	 0.117604413966412
1216.742845237260000	 0.118523954975105
1216.975803852080000	 0.119340485107315
1217.208762466910000	 0.120034442475595
1217.441721081730000	 0.120592180020549
1217.674679696560000	 0.121005888748139
1217.907638311390000	 0.121271880418420
1218.140596926210000	 0.121388775827500
1218.373555541040000	 0.121357120995824
1218.606514155860000	 0.121180952663109
1218.839472770690000	 0.120870471199389
1219.072431385520000	 0.120444101642955
1219.305390000340000	 0.119928398228583
1219.538348615170000	 0.119355392672407
1219.771307230000000	 0.118758402181718
1220.004265844820000	 0.118168133017210
1220.237224459650000	 0.117610668967009
1220.470183074470000	 0.117107812926854
1220.703141689300000	 0.116678935717988
1220.936100304130000	 0.116342727707259
1221.169058918950000	 0.116117451618435
1221.402017533780000	 0.116019312047257
1221.634976148610000	 0.116059779020221
1221.867934763430000	 0.116243419313350
1222.100893378260000	 0.116567602529799
1222.333851993080000	 0.117024473231473
1222.566810607910000	 0.117604347275328
1222.799769222740000	 0.118298869863969
1223.032727837560000	 0.119102340326303
1223.265686452390000	 0.120010573811419
1223.498645067210000	 0.121018023789202
1223.731603682040000	 0.122114871433217
1223.964562296870000	 0.123285834735645
1224.197520911690000	 0.124511514620659
1224.430479526520000	 0.125771662164325
1224.663438141350000	 0.127048591942109
1224.896396756170000	 0.128328756659904
1225.129355371000000	 0.129601427583600
1225.362313985820000	 0.130855022672001
1225.595272600650000	 0.132072988720842
1225.828231215480000	 0.133231484988176
1226.061189830300000	 0.134300225727743
1226.294148445130000	 0.135246197999244
1226.527107059960000	 0.136038484530089
1226.760065674780000	 0.136651940828910
1226.993024289610000	 0.137068297181509
1227.225982904430000	 0.137274881658090
1227.458941519260000	 0.137262570167314
1227.691900134090000	 0.137024885892159
1227.924858748910000	 0.136559227428375
1228.157817363740000	 0.135869630756403
1228.390775978570000	 0.134969280584798
1228.623734593390000	 0.133880960126583
1228.856693208220000	 0.132634801595347
1229.089651823040000	 0.131264312087174
1229.322610437870000	 0.129802648092346
1229.555569052700000	 0.128280877153600
1229.788527667520000	 0.126728695517021
1230.021486282350000	 0.125176583110333
1230.254444897170000	 0.123657562047956
1230.487403512000000	 0.122207031449641
1230.720362126830000	 0.120860353186347
1230.953320741650000	 0.119649211065805
1231.186279356480000	 0.118598463568903
1231.419237971310000	 0.117724906235125
1231.652196586130000	 0.117038309789769
1231.885155200960000	 0.116543936595460
1232.118113815780000	 0.116245082184675
1232.351072430610000	 0.116144346518476
1232.584031045440000	 0.116243178830871
1232.816989660260000	 0.116540271636877
1233.049948275090000	 0.117030028005230
1233.282906889920000	 0.117702252456936
1233.515865504740000	 0.118543492193982
1233.748824119570000	 0.119539499518002
1233.981782734390000	 0.120677630480022
1234.214741349220000	 0.121948015355568
1234.447699964050000	 0.123343044877107
1234.680658578870000	 0.124855718392413
1234.913617193700000	 0.126478098826297
1235.146575808530000	 0.128201070481079
1235.379534423350000	 0.130015788357808
1235.612493038180000	 0.131916086166682
1235.845451653000000	 0.133900338889899
1236.078410267830000	 0.135971370096810
1236.311368882660000	 0.138133994138829
1236.544327497480000	 0.140391170374129
1236.777286112310000	 0.142740712067651
1237.010244727130000	 0.145174417804598
1237.243203341960000	 0.147680326070570
1237.476161956790000	 0.150247101546313
1237.709120571610000	 0.152868258685080
1237.942079186440000	 0.155543800855777
1238.175037801270000	 0.158278085823173
1238.407996416090000	 0.161074714970553
1238.640955030920000	 0.163930891595731
1238.873913645740000	 0.166834062113537
1239.106872260570000	 0.169762497900331
1239.339830875400000	 0.172689377125226
1239.572789490220000	 0.175588007251457
1239.805748105050000	 0.178435187236571
1240.038706719880000	 0.181210784768626
1240.271665334700000	 0.183893837827333
1240.504623949530000	 0.186457589100184
1240.737582564350000	 0.188866584292425
1240.970541179180000	 0.191077873155575
1241.203499794010000	 0.193046057758144
1241.436458408830000	 0.194729762466019
1241.669417023660000	 0.196096362951172
1241.902375638480000	 0.197122992225085
1242.135334253310000	 0.197794207661588
1242.368292868140000	 0.198098720197332
1242.601251482960000	 0.198027946749000
1242.834210097790000	 0.197577644765386
1243.067168712620000	 0.196751535233923
1243.300127327440000	 0.195564184785271
1243.533085942270000	 0.194040623130777
1243.766044557090000	 0.192212140851939
1243.999003171920000	 0.190110169218314
1244.231961786750000	 0.187761472332110
1244.464920401570000	 0.185187225448558
1244.697879016400000	 0.182406330915367
1244.930837631230000	 0.179440890878122
1245.163796246050000	 0.176320564696347
1245.396754860880000	 0.173083289684290
1245.629713475700000	 0.169772051895948
1245.862672090530000	 0.166429670709909
1246.095630705360000	 0.163094526657590
1246.328589320180000	 0.159799342211718
1246.561547935010000	 0.156573160130342
1246.794506549840000	 0.153444784534221
1247.027465164660000	 0.150445215791243
1247.260423779490000	 0.147607357041050
1247.493382394310000	 0.144962968347838
1247.726341009140000	 0.142538434809838
1247.959299623970000	 0.140351474766638
1248.192258238790000	 0.138410217461732
1248.425216853620000	 0.136714650806524
1248.658175468440000	 0.135259143227760
1248.891134083270000	 0.134034274986016
1249.124092698100000	 0.133026781260881
1249.357051312920000	 0.132217665056337
1249.590009927750000	 0.131579770499558
1249.822968542580000	 0.131076624945507
1250.055927157400000	 0.130663870577447
1250.288885772230000	 0.130293359374294
1250.521844387050000	 0.129918612720540
1250.754803001880000	 0.129499565532403
1250.987761616710000	 0.129004789579150
1251.220720231530000	 0.128410654462184
1251.453678846360000	 0.127698484744212
1251.686637461190000	 0.126851794894369
1251.919596076010000	 0.125855519148609
1252.152554690840000	 0.124697887918789
1252.385513305660000	 0.123373966750874
1252.618471920490000	 0.121888810521958
1252.851430535320000	 0.120258310806009
1253.084389150140000	 0.118507050786114
1253.317347764970000	 0.116664083529339
1253.550306379800000	 0.114758561423739
1253.783264994620000	 0.112817017596043
1254.016223609450000	 0.110863007197500
1254.249182224270000	 0.108918473575515
1254.482140839100000	 0.107005388702960
1254.715099453930000	 0.105146323274162
1254.948058068750000	 0.103363461386312
1255.181016683580000	 0.101676603498185
1255.413975298400000	 0.100101279339269
1255.646933913230000	 0.098647938181266
1255.879892528060000	 0.097322480255045
1256.112851142880000	 0.096127616452357
1256.345809757710000	 0.095064154784185
1256.578768372540000	 0.094131505029548
1256.811726987360000	 0.093327310088754
1257.044685602190000	 0.092646754453582
1257.277644217010000	 0.092082369019334
1257.510602831840000	 0.091624884747316
1257.743561446670000	 0.091265041574313
1257.976520061490000	 0.090995608330297
1258.209478676320000	 0.090812600673495
1258.442437291150000	 0.090714983552899
1258.675395905970000	 0.090702879925604
1258.908354520800000	 0.090775082985083
1259.141313135620000	 0.090927053689454
1259.374271750450000	 0.091150368018502
1259.607230365280000	 0.091433878442654
1259.840188980100000	 0.091766035199053
1260.073147594930000	 0.092137288282988
1260.306106209750000	 0.092541523204390
1260.539064824580000	 0.092976047897606
1260.772023439410000	 0.093440427298709
1261.004982054230000	 0.093935013287523
1261.237940669060000	 0.094460038419052
1261.470899283890000	 0.095015655475544
1261.703857898710000	 0.095602636312049
1261.936816513540000	 0.096223010922866
1262.169775128360000	 0.096879988327285
1262.402733743190000	 0.097577000471286
1262.635692358020000	 0.098316323474523
1262.868650972840000	 0.099098067403118
1263.101609587670000	 0.099920171046538
1263.334568202500000	 0.100779473974585
1263.567526817320000	 0.101673293385542
1263.800485432150000	 0.102600600872557
1264.033444046970000	 0.103562102436039
1264.266402661800000	 0.104559178588951
1264.499361276630000	 0.105592351620090
1264.732319891450000	 0.106660267400790
1264.965278506280000	 0.107759893572114
1265.198237121110000	 0.108887897172982
1265.431195735930000	 0.110042404678781
1265.664154350760000	 0.111224033964701
1265.897112965580000	 0.112435453743964
1266.130071580410000	 0.113679602785007
1266.363030195240000	 0.114957577924566
1266.595988810060000	 0.116267520089023
1266.828947424890000	 0.117605343815546
1267.061906039710000	 0.118967098626395
1267.294864654540000	 0.120351709894879
1267.527823269370000	 0.121762450318740
1267.760781884190000	 0.123206046833512
1267.993740499020000	 0.124689598727549
1268.226699113850000	 0.126216780715905
1268.459657728670000	 0.127785368434514
1268.692616343500000	 0.129387579594698
1268.925574958320000	 0.131013313906707
1269.158533573150000	 0.132654831128073
1269.391492187980000	 0.134310572327342
1269.624450802800000	 0.135986209153981
1269.857409417630000	 0.137692449971254
1270.090368032460000	 0.139440861382162
1270.323326647280000	 0.141239996175657
1270.556285262110000	 0.143093856805940
1270.789243876930000	 0.145003316749020
1271.022202491760000	 0.146969376857150
1271.255161106590000	 0.148996055009272
1271.488119721410000	 0.151090934210043
1271.721078336240000	 0.153262823637127
1271.954036951070000	 0.155517803927747
1272.186995565890000	 0.157856056845547
1272.419954180720000	 0.160271604478865
1272.652912795540000	 0.162755478250022
1272.885871410370000	 0.165300773664845
1273.118830025200000	 0.167906743019165
1273.351788640020000	 0.170579389597632
1273.584747254850000	 0.173327867847749
1273.817705869670000	 0.176158341024444
1274.050664484500000	 0.179068459573851
1274.283623099330000	 0.182045427846115
1274.516581714150000	 0.185068772684000
1274.749540328980000	 0.188116356311520
1274.982498943810000	 0.191170295927933
1275.215457558630000	 0.194219416543644
1275.448416173460000	 0.197256822960261
1275.681374788280000	 0.200274050319842
1275.914333403110000	 0.203255337347752
1276.147292017940000	 0.206175598773766
1276.380250632760000	 0.209003578939821
1276.613209247590000	 0.211708597400935
1276.846167862420000	 0.214267029899813
1277.079126477240000	 0.216664641602721
1277.312085092070000	 0.218893263048113
1277.545043706890000	 0.220943712972394
1277.778002321720000	 0.222799250220559
1278.010960936550000	 0.224433710276344
1278.243919551370000	 0.225815867613984
1278.476878166200000	 0.226917928803594
1278.709836781020000	 0.227723525675609
1278.942795395850000	 0.228230736694084
1279.175754010680000	 0.228448532685860
1279.408712625500000	 0.228388904881240
1279.641671240330000	 0.228059421174311
1279.874629855160000	 0.227460604271503
1280.107588469980000	 0.226589613890061
1280.340547084810000	 0.225447982174183
1280.573505699630000	 0.224048772771759
1280.806464314460000	 0.222418915266592
1281.039422929290000	 0.220595362836509
1281.272381544110000	 0.218617308968976
1281.505340158940000	 0.216518772813099
1281.738298773770000	 0.214325300754295
1281.971257388590000	 0.212055885535768
1282.204216003420000	 0.209728151247539
1282.437174618240000	 0.207363141884533
1282.670133233070000	 0.204986578525399
1282.903091847900000	 0.202625798067374
1283.136050462720000	 0.200304274172282
1283.369009077550000	 0.198037032466218
1283.601967692380000	 0.195829662391082
1283.834926307200000	 0.193681482919756
1284.067884922030000	 0.191591034283357
1284.300843536850000	 0.189560782193174
1284.533802151680000	 0.187598429396721
1284.766760766510000	 0.185714212040339
1284.999719381330000	 0.183915839206232
1285.232677996160000	 0.182203985574845
1285.465636610980000	 0.180570807508085
1285.698595225810000	 0.179002167432774
1285.931553840640000	 0.177482179070296
1286.164512455460000	 0.175997477229839
1286.397471070290000	 0.174538917650379
1286.630429685120000	 0.173100024056295
1286.863388299940000	 0.171673464356436
1287.096346914770000	 0.170248002438137
1287.329305529590000	 0.168808084734517
1287.562264144420000	 0.167336686662179
1287.795222759250000	 0.165820154268864
1288.028181374070000	 0.164252601201140
1288.261139988900000	 0.162637636250231
1288.494098603730000	 0.160986680403996
1288.727057218550000	 0.159314989747062
1288.960015833380000	 0.157637611860027
1289.192974448200000	 0.155967257806964
1289.425933063030000	 0.154314728105923
1289.658891677860000	 0.152690971842237
1289.891850292680000	 0.151109000449685
1290.124808907510000	 0.149584152746866
1290.357767522340000	 0.148132363266372
1290.590726137160000	 0.146767375311435
1290.823684751990000	 0.145498485916808
1291.056643366810000	 0.144330062701676
1291.289601981640000	 0.143262987145468
1291.522560596470000	 0.142297029593625
1291.755519211290000	 0.141432640119769
1291.988477826120000	 0.140671056197905
1292.221436440940000	 0.140012724908823
1292.454395055770000	 0.139455140264811
1292.687353670600000	 0.138991630690248
1292.920312285420000	 0.138612127180628
1293.153270900250000	 0.138305775657281
1293.386229515080000	 0.138064090644601
1293.619188129900000	 0.137882878770912
1293.852146744730000	 0.137761726420817
1294.085105359550000	 0.137701181897192
1294.318063974380000	 0.137699113859095
1294.551022589210000	 0.137748296489537
1294.783981204030000	 0.137836699320642
1295.016939818860000	 0.137950524913990
1295.249898433690000	 0.138078501952847
1295.482857048510000	 0.138215162784851
1295.715815663340000	 0.138361304915862
1295.948774278160000	 0.138521351425912
1296.181732892990000	 0.138699048098510
1296.414691507820000	 0.138893886225655
1296.647650122640000	 0.139100285287158
1296.880608737470000	 0.139310096593268
1297.113567352290000	 0.139517178370801
1297.346525967120000	 0.139721627507439
1297.579484581950000	 0.139931410291081
1297.812443196770000	 0.140160556052275
1298.045401811600000	 0.140424940909893
1298.278360426430000	 0.140737912483451
1298.511319041250000	 0.141107939727252
1298.744277656080000	 0.141539234679177
1298.977236270900000	 0.142034612129821
1299.210194885730000	 0.142598639031659
1299.443153500560000	 0.143239025514724
1299.676112115380000	 0.143965270697969
1299.909070730210000	 0.144785185868113
1300.142029345040000	 0.145701147096226
1300.374987959860000	 0.146708098741015
1300.607946574690000	 0.147794379332830
1300.840905189510000	 0.148944910806366
1301.073863804340000	 0.150145011298007
1301.306822419170000	 0.151382771402471
1301.539781033990000	 0.152648776465845
1301.772739648820000	 0.153933490377442
1302.005698263650000	 0.155223939803316
1302.238656878470000	 0.156501684215555
1302.471615493300000	 0.157743256335458
1302.704574108120000	 0.158922806406452
1302.937532722950000	 0.160015444498665
1303.170491337780000	 0.160999495929180
1303.403449952600000	 0.161856747516828
1303.636408567430000	 0.162571216093863
1303.869367182250000	 0.163128046652627
1304.102325797080000	 0.163514101432403
1304.335284411910000	 0.163720621722823
1304.568243026730000	 0.163746772813548
1304.801201641560000	 0.163601962161391
1305.034160256390000	 0.163305240410123
1305.267118871210000	 0.162881697772373
1305.500077486040000	 0.162357580632485
1305.733036100860000	 0.161756703167328
1305.965994715690000	 0.161100035891548
1306.198953330520000	 0.160408497492989
1306.431911945340000	 0.159707038168997
1306.664870560170000	 0.159027221040458
1306.897829175000000	 0.158406232989681
1307.130787789820000	 0.157882206812468
1307.363746404650000	 0.157487799116418
1307.596705019470000	 0.157244977400527
1307.829663634300000	 0.157163409210156
1308.062622249130000	 0.157243075476042
1308.295580863950000	 0.157479688638560
1308.528539478780000	 0.157870204680010
1308.761498093610000	 0.158415822355533
1308.994456708430000	 0.159121310714758
1309.227415323260000	 0.159991513044240
1309.460373938080000	 0.161027329162643
1309.693332552910000	 0.162223601478681
1309.926291167740000	 0.163570128775729
1310.159249782560000	 0.165055229032069
1310.392208397390000	 0.166669866478502
1310.625167012210000	 0.168410098880408
1310.858125627040000	 0.170276609185870
1311.091084241870000	 0.172271766633532
1311.324042856690000	 0.174396024077611
1311.557001471520000	 0.176645704562902
1311.789960086350000	 0.179013248799922
1312.022918701170000	 0.181489411168559
1312.255877316000000	 0.184065681794986
1312.488835930820000	 0.186735132618224
1312.721794545650000	 0.189491017826339
1312.954753160480000	 0.192324114264925
1313.187711775300000	 0.195220870756803
1313.420670390130000	 0.198164124900762
1313.653629004960000	 0.201136485548610
1313.886587619780000	 0.204124460843491
1314.119546234610000	 0.207120406216844
1314.352504849430000	 0.210120216074953
1314.585463464260000	 0.213117079028353
1314.818422079090000	 0.216094224777653
1315.051380693910000	 0.219020816311489
1315.284339308740000	 0.221854032968062
1315.517297923560000	 0.224547242926122
1315.750256538390000	 0.227060565757077
1315.983215153220000	 0.229368249088350
1316.216173768040000	 0.231458543194633
1316.449132382870000	 0.233325699849579
1316.682090997700000	 0.234958173998353
1316.915049612520000	 0.236329540315281
1317.148008227350000	 0.237397609684011
1317.380966842170000	 0.238113067832101
1317.613925457000000	 0.238433705419876
1317.846884071830000	 0.238336970825190
1318.079842686650000	 0.237824412074335
1318.312801301480000	 0.236916258606255
1318.545759916310000	 0.235639948769561
1318.778718531130000	 0.234019399949767
1319.011677145960000	 0.232070749210381
1319.244635760780000	 0.229806153986101
1319.477594375610000	 0.227242498017714
1319.710552990440000	 0.224409135315319
1319.943511605260000	 0.221349686971978
1320.176470220090000	 0.218116789489720
1320.409428834920000	 0.214762963477986
1320.642387449740000	 0.211332667750664
1320.875346064570000	 0.207859273295426
1321.108304679390000	 0.204367452238012
1321.341263294220000	 0.200878464017372
1321.574221909050000	 0.197414615418611
1321.807180523870000	 0.194000195957865
1322.040139138700000	 0.190658664777455
1322.273097753520000	 0.187408229428150
1322.506056368350000	 0.184258804230250
1322.739014983180000	 0.181212315363972
1322.971973598000000	 0.178266242283638
1323.204932212830000	 0.175418440686294
1323.437890827660000	 0.172670668466674
1323.670849442480000	 0.170029090995772
1323.903808057310000	 0.167501832806734
1324.136766672130000	 0.165095299760472
1324.369725286960000	 0.162811546763707
1324.602683901790000	 0.160648162505793
1324.835642516610000	 0.158600573319537
1325.068601131440000	 0.156665298215572
1325.301559746270000	 0.154842257900879
1325.534518361090000	 0.153134916090063
1325.767476975920000	 0.151548364982431
1326.000435590740000	 0.150086656635084
1326.233394205570000	 0.148751038399591
1326.466352820400000	 0.147540116094960
1326.699311435220000	 0.146451780697966
1326.932270050050000	 0.145485707511724
1327.165228664880000	 0.144644936420598
1327.398187279700000	 0.143935603253247
1327.631145894530000	 0.143364969786518
1327.864104509350000	 0.142938858538739
1328.097063124180000	 0.142659887042513
1328.330021739010000	 0.142527381931486
1328.562980353830000	 0.142538872771535
1328.795938968660000	 0.142692183450194
1329.028897583480000	 0.142986823493062
1329.261856198310000	 0.143423785407397
1329.494814813140000	 0.144003752242569
1329.727773427960000	 0.144724621740776
1329.960732042790000	 0.145579668421814
1330.193690657620000	 0.146557375293303
1330.426649272440000	 0.147643128197228
1330.659607887270000	 0.148821995082884
1330.892566502090000	 0.150081186455290
1331.125525116920000	 0.151410850731175
1331.358483731750000	 0.152802628416179
1331.591442346570000	 0.154246521833091
1331.824400961400000	 0.155727553101444
1332.057359576230000	 0.157223896592050
1332.290318191050000	 0.158707553502054
1332.523276805880000	 0.160147453636018
1332.756235420700000	 0.161513667832364
1332.989194035530000	 0.162780815253827
1333.222152650360000	 0.163929154715913
1333.455111265180000	 0.164943128642288
1333.688069880010000	 0.165808585271717
1333.921028494830000	 0.166510678168675
1334.153987109660000	 0.167034062846610
1334.386945724490000	 0.167365671575446
1334.619904339310000	 0.167498775668331
1334.852862954140000	 0.167436135621976
1335.085821568970000	 0.167190384708974
1335.318780183790000	 0.166781252514835
1335.551738798620000	 0.166230931972032
1335.784697413440000	 0.165559794563585
1336.017656028270000	 0.164784312707123
1336.250614643100000	 0.163917795201633
1336.483573257920000	 0.162973131492772
1336.716531872750000	 0.161965862900039
1336.949490487580000	 0.160915928215873
1337.182449102400000	 0.159847300844054
1337.415407717230000	 0.158785910685922
1337.648366332050000	 0.157756995018466
1337.881324946880000	 0.156782949882013
1338.114283561710000	 0.155882092482421
1338.347242176530000	 0.155068103365734
1338.580200791360000	 0.154349742018148
1338.813159406190000	 0.153730714766030
1339.046118021010000	 0.153209956721875
1339.279076635840000	 0.152782667423201
1339.512035250660000	 0.152442083988526
1339.744993865490000	 0.152181444627030
1339.977952480320000	 0.151995338554177
1340.210911095140000	 0.151879927080133
1340.443869709970000	 0.151832222525759
1340.676828324790000	 0.151849276161267
1340.909786939620000	 0.151928276977327
1341.142745554450000	 0.152068009546479
1341.375704169270000	 0.152271134027240
1341.608662784100000	 0.152545955315311
1341.841621398930000	 0.152906294990017
1342.074580013750000	 0.153368850501174
1342.307538628580000	 0.153948608247483
1342.540497243400000	 0.154653889937703
1342.773455858230000	 0.155483008953388
1343.006414473060000	 0.156424076581056
1343.239373087880000	 0.157458275772689
1343.472331702710000	 0.158565341772149
1343.705290317540000	 0.159728846144478
1343.938248932360000	 0.160938921986006
1344.171207547190000	 0.162191401115179
1344.404166162010000	 0.163484226169276
1344.637124776840000	 0.164813352442701
1344.870083391670000	 0.166170428371330
1345.103042006490000	 0.167543358826255
1345.336000621320000	 0.168919100959092
1345.568959236140000	 0.170286699698222
1345.801917850970000	 0.171638413360854
1346.034876465800000	 0.172967923863625
1346.267835080620000	 0.174266410123623
1346.500793695450000	 0.175518637846527
1346.733752310280000	 0.176701386425146
1346.966710925100000	 0.177785391892674
1347.199669539930000	 0.178740150481705
1347.432628154750000	 0.179539410625775
1347.665586769580000	 0.180164858125818
1347.898545384410000	 0.180606581958617
1348.131503999230000	 0.180860752734185
1348.364462614060000	 0.180926431141707
1348.597421228890000	 0.180803680679820
1348.830379843710000	 0.180494100586627
1349.063338458540000	 0.180003211128532
1349.296297073360000	 0.179342839149087
1349.529255688190000	 0.178531541534610
1349.762214303020000	 0.177592239185071
1349.995172917840000	 0.176547912214803
1350.228131532670000	 0.175417380266591
1350.461090147500000	 0.174213147721717
1350.694048762320000	 0.172942099649856
1350.927007377150000	 0.171608243104056
1351.159965991970000	 0.170215638612583
1351.392924606800000	 0.168769738591090
1351.625883221630000	 0.167276461967792
1351.858841836450000	 0.165739813467596
1352.091800451280000	 0.164159830935609
1352.324759066100000	 0.162532549252235
1352.557717680930000	 0.160852555904606
1352.790676295760000	 0.159117206717342
1353.023634910580000	 0.157330525512993
1353.256593525410000	 0.155504842403760
1353.489552140240000	 0.153659337691863
1353.722510755060000	 0.151816218261442
1353.955469369890000	 0.149996370423784
1354.188427984710000	 0.148216419292857
1354.421386599540000	 0.146488221360426
1354.654345214370000	 0.144820492005074
1354.887303829190000	 0.143221243213008
1355.120262444020000	 0.141699480383775
1355.353221058850000	 0.140265242622056
1355.586179673670000	 0.138928162223107
1355.819138288500000	 0.137695600821962
1356.052096903320000	 0.136571569705918
1356.285055518150000	 0.135557026578102
1356.518014132980000	 0.134651217446898
1356.750972747800000	 0.133853102563607
1356.983931362630000	 0.133161923282708
1357.216889977460000	 0.132576569729371
1357.449848592280000	 0.132094209072986
1357.682807207110000	 0.131709151822926
1357.915765821930000	 0.131412861235422
1358.148724436760000	 0.131195392813166
1358.381683051590000	 0.131047763554615
1358.614641666410000	 0.130964264146705
1358.847600281240000	 0.130943803246429
1359.080558896060000	 0.130989913801327
1359.313517510890000	 0.131109685669831
1359.546476125720000	 0.131312215258926
1359.779434740540000	 0.131607007727496
1360.012393355370000	 0.132002309277267
1360.245351970200000	 0.132503015526187
1360.478310585020000	 0.133107994158405
1360.711269199850000	 0.133807447109873
1360.944227814670000	 0.134581901655393
1361.177186429500000	 0.135404719009869
1361.410145044330000	 0.136248845624624
1361.643103659150000	 0.137096022177521
1361.876062273980000	 0.137944325005808
1362.109020888810000	 0.138809684046992
1362.341979503630000	 0.139719382875262
1362.574938118460000	 0.140699050908157
1362.807896733280000	 0.141757551957676
1363.040855348110000	 0.142875766594282
1363.273813962940000	 0.144005231083825
1363.506772577760000	 0.145079836740180
1363.739731192590000	 0.146037664644443
1363.972689807420000	 0.146843260879090
1364.205648422240000	 0.147498938333724
1364.438607037070000	 0.148039699398765
1364.671565651890000	 0.148515586678344
1364.904524266720000	 0.148970653728624
1365.137482881550000	 0.149427064923759
1365.370441496370000	 0.149878909287545
1365.603400111200000	 0.150296255981517
1365.836358726020000	 0.150636737400452
1366.069317340850000	 0.150859624847387
1366.302275955680000	 0.150936763548571
1366.535234570500000	 0.150856720098331
1366.768193185330000	 0.150622321532226
1367.001151800160000	 0.150245040630396
1367.234110414980000	 0.149740367002870
1367.467069029810000	 0.149126380231334
1367.700027644630000	 0.148424893486044
1367.932986259460000	 0.147662679704827
1368.165944874290000	 0.146870414664629
1368.398903489110000	 0.146078757047412
1368.631862103940000	 0.145313160290941
1368.864820718770000	 0.144590182022294
1369.097779333590000	 0.143917533006512
1369.330737948420000	 0.143298193855347
1369.563696563240000	 0.142736693339834
1369.796655178070000	 0.142244386246988
1370.029613792900000	 0.141841083300035
1370.262572407720000	 0.141552351638887
1370.495531022550000	 0.141403971136824
1370.728489637370000	 0.141416196694746
1370.961448252200000	 0.141600288151696
1371.194406867030000	 0.141958625538260
1371.427365481850000	 0.142488205232526
1371.660324096680000	 0.143185911888954
1371.893282711510000	 0.144053187854344
1372.126241326330000	 0.145097982857923
1372.359199941160000	 0.146333071535549
1372.592158555980000	 0.147771275094276
1372.825117170810000	 0.149419033826801
1373.058075785640000	 0.151269917907461
1373.291034400460000	 0.153299393567895
1373.523993015290000	 0.155461932074120
1373.756951630120000	 0.157691458737929
1373.989910244940000	 0.159905901346846
1374.222868859770000	 0.162015855703202
1374.455827474590000	 0.163936112518266
1374.688786089420000	 0.165597460467718
1374.921744704250000	 0.166955550950431
1375.154703319070000	 0.167994219396173
1375.387661933900000	 0.168722423269186
1375.620620548730000	 0.169166164881772
1375.853579163550000	 0.169358444829272
1376.086537778380000	 0.169330699000408
1376.319496393200000	 0.169108140494029
1376.552455008030000	 0.168709427858832
1376.785413622860000	 0.168149036961483
1377.018372237680000	 0.167439622131088
1377.251330852510000	 0.166592095670903
1377.484289467330000	 0.165612933409451
1377.717248082160000	 0.164500372822791
1377.950206696990000	 0.163242470977010
1378.183165311810000	 0.161819557446004
1378.416123926640000	 0.160211454946398
1378.649082541470000	 0.158407009329202
1378.882041156290000	 0.156411700214334
1379.114999771120000	 0.154249712476396
1379.347958385940000	 0.151959618773116
1379.580917000770000	 0.149586004088070
1379.813875615600000	 0.147171029070288
1380.046834230420000	 0.144749365363342
1380.279792845250000	 0.142347815112482
1380.512751460080000	 0.139988533400896
1380.745710074900000	 0.137693249904056
1380.978668689730000	 0.135485839069999
1381.211627304550000	 0.133391874915279
1381.444585919380000	 0.131435600324511
1381.677544534210000	 0.129636035266384
1381.910503149030000	 0.128004188409869
1382.143461763860000	 0.126542619840589
1382.376420378690000	 0.125247411257508
1382.609378993510000	 0.124111488234750
1382.842337608340000	 0.123127685999447
1383.075296223160000	 0.122290220542109
1383.308254837990000	 0.121594184454647
1383.541213452820000	 0.121033797794873
1383.774172067640000	 0.120600790033208
1384.007130682470000	 0.120284137383511
1384.240089297290000	 0.120071535017896
1384.473047912120000	 0.119951916384332
1384.706006526950000	 0.119917669750269
1384.938965141770000	 0.119965387748993
1385.171923756600000	 0.120094938324865
1385.404882371430000	 0.120307744508473
1385.637840986250000	 0.120605648492632
1385.870799601080000	 0.120991222469874
1386.103758215900000	 0.121469101196613
1386.336716830730000	 0.122046596212107
1386.569675445560000	 0.122731395636989
1386.802634060380000	 0.123525092538016
1387.035592675210000	 0.124413540476022
1387.268551290040000	 0.125357963545972
1387.501509904860000	 0.126293037573630
1387.734468519690000	 0.127137534643367
1387.967427134510000	 0.127817469394469
1388.200385749340000	 0.128292681457211
1388.433344364170000	 0.128572709605640
1388.666302978990000	 0.128713046066888
1388.899261593820000	 0.128794825981558
1389.132220208640000	 0.128899175048683
1389.365178823470000	 0.129086716660456
1389.598137438300000	 0.129387187703365
1389.831096053120000	 0.129799426821976
1390.064054667950000	 0.130299673839190
1390.297013282780000	 0.130854689817405
1390.529971897600000	 0.131434866593796
1390.762930512430000	 0.132022363041285
1390.995889127250000	 0.132611649674769
1391.228847742080000	 0.133203843472481
1391.461806356910000	 0.133799303049150
1391.694764971730000	 0.134393250225028
1391.927723586560000	 0.134976877106879
1392.160682201390000	 0.135543044913794
1392.393640816210000	 0.136093068754684
1392.626599431040000	 0.136640552828477
1392.859558045860000	 0.137210015410797
1393.092516660690000	 0.137830854327581
1393.325475275520000	 0.138529160296045
1393.558433890340000	 0.139320041334635
1393.791392505170000	 0.140202045145562
1394.024351120000000	 0.141154195768806
1394.257309734820000	 0.142135898583094
1394.490268349650000	 0.143090412351142
1394.723226964470000	 0.143952857786302
1394.956185579300000	 0.144662749435442
1395.189144194130000	 0.145178573457044
1395.422102808950000	 0.145489446914017
1395.655061423780000	 0.145618744949528
1395.888020038600000	 0.145617655020236
1396.120978653430000	 0.145551025419770
1396.353937268260000	 0.145480727611014
1396.586895883080000	 0.145451871373227
1396.819854497910000	 0.145485534056466
1397.052813112740000	 0.145579493842215
1397.285771727560000	 0.145716187655186
1397.518730342390000	 0.145874704998676
1397.751688957210000	 0.146041742597022
1397.984647572040000	 0.146216477857922
1398.217606186870000	 0.146406955337271
1398.450564801690000	 0.146619670305915
1398.683523416520000	 0.146847447257292
1398.916482031350000	 0.147062005230589
1399.149440646170000	 0.147216290370005
1399.382399261000000	 0.147257554808842
1399.615357875820000	 0.147146135214777
1399.848316490650000	 0.146870436426364
1400.081275105480000	 0.146450130059080
1400.314233720300000	 0.145926902037570
1400.547192335130000	 0.145349252348348
1400.780150949950000	 0.144759397804474
1401.013109564780000	 0.144186722297108
1401.246068179610000	 0.143647607260728
1401.479026794430000	 0.143148808682921
1401.711985409260000	 0.142691219025338
1401.944944024090000	 0.142272053162416
1402.177902638910000	 0.141885288536818
1402.410861253740000	 0.141521669940159
1402.643819868560000	 0.141169992835472
1402.876778483390000	 0.140820456664473
1403.109737098220000	 0.140469172533765
1403.342695713040000	 0.140121531457339
1403.575654327870000	 0.139792092322413
1403.808612942700000	 0.139500088935538
1404.041571557520000	 0.139261733647045
1404.274530172350000	 0.139082044543007
1404.507488787170000	 0.138949340609994
1404.740447402000000	 0.138834920504362
1404.973406016830000	 0.138698960029805
1405.206364631650000	 0.138501384894379
1405.439323246480000	 0.138213951582077
1405.672281861310000	 0.137828566443160
1405.905240476130000	 0.137358456755614
1406.138199090960000	 0.136832529023707
1406.371157705780000	 0.136286388709767
1406.604116320610000	 0.135753958143902
1406.837074935440000	 0.135261875331470
1407.070033550260000	 0.134826832202526
1407.302992165090000	 0.134455055122809
1407.535950779910000	 0.134143253519359
1407.768909394740000	 0.133880838695907
1408.001868009570000	 0.133653360445364
1408.234826624390000	 0.133446708598906
1408.467785239220000	 0.133250992657497
1408.700743854050000	 0.133062723685996
1408.933702468870000	 0.132884374858919
1409.166661083700000	 0.132721480931979
1409.399619698520000	 0.132578595944380
1409.632578313350000	 0.132456024270168
1409.865536928180000	 0.132348916342463
1410.098495543000000	 0.132249165941498
1410.331454157830000	 0.132149076301848
1410.564412772660000	 0.132044747297806
1410.797371387480000	 0.131937222754691
1411.030330002310000	 0.131830682383452
1411.263288617130000	 0.131728680211385
1411.496247231960000	 0.131630608022638
1411.729205846790000	 0.131530521072858
1411.962164461610000	 0.131419217501725
1412.195123076440000	 0.131288644714375
1412.428081691270000	 0.131136288617364
1412.661040306090000	 0.130967064985178
1412.893998920920000	 0.130791579532581
1413.126957535740000	 0.130621679470450
1413.359916150570000	 0.130465704717264
1413.592874765400000	 0.130325907628362
1413.825833380220000	 0.130199222374710
1414.058791995050000	 0.130080714088576
1414.291750609870000	 0.129967623051811
1414.524709224700000	 0.129861717140103
1414.757667839530000	 0.129768821249548
1414.990626454350000	 0.129696216034546
1415.223585069180000	 0.129649933549974
1415.456543684010000	 0.129633977214809
1415.689502298830000	 0.129652144868141
1415.922460913660000	 0.129711215545641
1416.155419528480000	 0.129822944271297
1416.388378143310000	 0.130002563380737
1416.621336758140000	 0.130263421114250
1416.854295372960000	 0.130610028204599
1417.087253987790000	 0.131033647231320
1417.320212602620000	 0.131514436614745
1417.553171217440000	 0.132031526410088
1417.786129832270000	 0.132577866043347
1418.019088447090000	 0.133172551928772
1418.252047061920000	 0.133862668752047
1418.485005676750000	 0.134710311943473
1418.717964291570000	 0.135765847560710
1418.950922906400000	 0.137033181926312
1419.183881521220000	 0.138438265168746
1419.416840136050000	 0.139819959094704
1419.649798750880000	 0.140964881714985
1419.882757365700000	 0.141687447080590
1420.115715980530000	 0.141914760660413
1420.348674595360000	 0.141718022817012
1420.581633210180000	 0.141272219067445
1420.814591825010000	 0.140781670657813
1421.047550439830000	 0.140419038949351
1421.280509054660000	 0.140296315126797
1421.513467669490000	 0.140461204343530
1421.746426284310000	 0.140907434446581
1421.979384899140000	 0.141592596470276
1422.212343513970000	 0.142460346246456
1422.445302128790000	 0.143462173518254
1422.678260743620000	 0.144571547884842
1422.911219358440000	 0.145785028344185
1423.144177973270000	 0.147110921164219
1423.377136588100000	 0.148551907644207
1423.610095202920000	 0.150090343943601
1423.843053817750000	 0.151683559051420
1424.076012432580000	 0.153272284345963
1424.308971047400000	 0.154799051262250
1424.541929662230000	 0.156227644295914
1424.774888277050000	 0.157553941793975
1425.007846891880000	 0.158804076535091
1425.240805506710000	 0.160023288629615
1425.473764121530000	 0.161262407068795
1425.706722736360000	 0.162567417975802
1425.939681351180000	 0.163973961356296
1426.172639966010000	 0.165505791301049
1426.405598580840000	 0.167175244886772
1426.638557195660000	 0.168984225072239
1426.871515810490000	 0.170925324089768
1427.104474425320000	 0.172983703125358
1427.337433040140000	 0.175140578094816
1427.570391654970000	 0.177378416126145
1427.803350269790000	 0.179686623401045
1428.036308884620000	 0.182065548023700
1428.269267499450000	 0.184526899000483
1428.502226114270000	 0.187090169885203
1428.735184729100000	 0.189776334352570
1428.968143343930000	 0.192600833969145
1429.201101958750000	 0.195567448053331
1429.434060573580000	 0.198663684012902
1429.667019188400000	 0.201857774901398
1429.899977803230000	 0.205097728536899
1430.132936418060000	 0.208313862047941
1430.365895032880000	 0.211426791435424
1430.598853647710000	 0.214361625789544
1430.831812262540000	 0.217065865241866
1431.064770877360000	 0.219524915751469
1431.297729492190000	 0.221768078539335
1431.530688107010000	 0.223860905181092
1431.763646721840000	 0.225885468780783
1431.996605336670000	 0.227915130299549
1432.229563951490000	 0.229992545526705
1432.462522566320000	 0.232118839893191
1432.695481181140000	 0.234258654213958
1432.928439795970000	 0.236360206898809
1433.161398410800000	 0.238382452645209
1433.394357025620000	 0.240316410607381
1433.627315640450000	 0.242189515253141
1433.860274255280000	 0.244051021409407
1434.093232870100000	 0.245947355251843
1434.326191484930000	 0.247901767205150
1434.559150099750000	 0.249910149550306
1434.792108714580000	 0.251956508279878
1435.025067329410000	 0.254041296714185
1435.258025944230000	 0.256208470069861
1435.490984559060000	 0.258556906324394
1435.723943173890000	 0.261228368904177
1435.956901788710000	 0.264371739083470
1436.189860403540000	 0.268087438453804
1436.422819018360000	 0.272360813901754
1436.655777633190000	 0.277007776478292
1436.888736248020000	 0.281676575088904
1437.121694862840000	 0.285943431179328
1437.354653477670000	 0.289475277668471
1437.587612092490000	 0.292157913086388
1437.820570707320000	 0.294105501297063
1438.053529322150000	 0.295570031011566
1438.286487936970000	 0.296832463443623
1438.519446551800000	 0.298131476761869
1438.752405166630000	 0.299634230997399
1438.985363781450000	 0.301430089802802
1439.218322396280000	 0.303531969240614
1439.451281011100000	 0.305881865453710
1439.684239625930000	 0.308364864239937
1439.917198240760000	 0.310835509801709
1440.150156855580000	 0.313153413156142
1440.383115470410000	 0.315217183821565
1440.616074085240000	 0.316983478632631
1440.849032700060000	 0.318463371390793
1441.081991314890000	 0.319698282833036
1441.314949929710000	 0.320726937662471
1441.547908544540000	 0.321558790596012
1441.780867159370000	 0.322166211275638
1442.013825774190000	 0.322498547051830
1442.246784389020000	 0.322509998730659
1442.479743003850000	 0.322185771105532
1442.712701618670000	 0.321551811632164
1442.945660233500000	 0.320662808081316
1443.178618848320000	 0.319575740294705
1443.411577463150000	 0.318324595399862
1443.644536077980000	 0.316910975436709
1443.877494692800000	 0.315315915985870
1444.110453307630000	 0.313525661232952
1444.343411922450000	 0.311555526736549
1444.576370537280000	 0.309456619498453
1444.809329152110000	 0.307300160756307
1445.042287766930000	 0.305147517812752
1445.275246381760000	 0.303022552121738
1445.508204996590000	 0.300901699836275
1445.741163611410000	 0.298727438777133
1445.974122226240000	 0.296437891694196
1446.207080841060000	 0.293996171128085
1446.440039455890000	 0.291403198127633
1446.672998070720000	 0.288687674873240
1446.905956685540000	 0.285880551345140
1447.138915300370000	 0.282989937001454
1447.371873915200000	 0.279991373927612
1447.604832530020000	 0.276839483467479
1447.837791144850000	 0.273495045432406
1448.070749759670000	 0.269951756858149
1448.303708374500000	 0.266245024385055
1448.536666989330000	 0.262435221485345
1448.769625604150000	 0.258575450555757
1449.002584218980000	 0.254685326649445
1449.235542833810000	 0.250747463043739
1449.468501448630000	 0.246727047985103
1449.701460063460000	 0.242600856346663
1449.934418678280000	 0.238378572170539
1450.167377293110000	 0.234105342352538
1450.400335907940000	 0.229844932106077
1450.633294522760000	 0.225652807971456
1450.866253137590000	 0.221553775036376
1451.099211752410000	 0.217536571422369
1451.332170367240000	 0.213568536530169
1451.565128982070000	 0.209621965260140
1451.798087596890000	 0.205696897660103
1452.031046211720000	 0.201827160994357
1452.264004826550000	 0.198066242282623
1452.496963441370000	 0.194461247024723
1452.729922056200000	 0.191030098308765
1452.962880671020000	 0.187755218546998
1453.195839285850000	 0.184597059642410
1453.428797900680000	 0.181518880537264
1453.661756515500000	 0.178507828227511
1453.894715130330000	 0.175580556528207
1454.127673745160000	 0.172771340592421
1454.360632359980000	 0.170110222507232
1454.593590974810000	 0.167603321629872
1454.826549589630000	 0.165225975963162
1455.059508204460000	 0.162932812058792
1455.292466819290000	 0.160679506764875
1455.525425434110000	 0.158443642854727
1455.758384048940000	 0.156232006152173
1455.991342663760000	 0.154069506020412
1456.224301278590000	 0.151975052501788
1456.457259893420000	 0.149936592220840
1456.690218508240000	 0.147900170671498
1456.923177123070000	 0.145785525457603
1457.156135737900000	 0.143527299292423
1457.389094352720000	 0.141116831530663
1457.622052967550000	 0.138609421019934
1457.855011582370000	 0.136089533982741
1458.087970197200000	 0.133624338221217
1458.320928812030000	 0.131238906457380
1458.553887426850000	 0.128920805054223
1458.786846041680000	 0.126642296280353
1459.019804656510000	 0.124385098098609
1459.252763271330000	 0.122156111468347
1459.485721886160000	 0.119987438136498
1459.718680500980000	 0.117921462553793
1459.951639115810000	 0.115990246015768
1460.184597730640000	 0.114201779036625
1460.417556345460000	 0.112540462457114
1460.650514960290000	 0.110979990968458
1460.883473575120000	 0.109500401477806
1461.116432189940000	 0.108100053132446
1461.349390804770000	 0.106796624631012
1461.582349419590000	 0.105617004330073
1461.815308034420000	 0.104581897374045
1462.048266649250000	 0.103693927724053
1462.281225264070000	 0.102935959851685
1462.514183878900000	 0.102280578630565
1462.747142493720000	 0.101705691621445
1462.980101108550000	 0.101208134696755
1463.213059723380000	 0.100808301901614
1463.446018338200000	 0.100543649497115
1463.678976953030000	 0.100454776008730
1463.911935567860000	 0.100570894571322
1464.144894182680000	 0.100900128217849
1464.377852797510000	 0.101426141363351
1464.610811412330000	 0.102109677442049
1464.843770027160000	 0.102893267485699
1465.076728641990000	 0.103708572427723
1465.309687256810000	 0.104486174568913
1465.542645871640000	 0.105166116522938
1465.775604486470000	 0.105705841149222
1466.008563101290000	 0.106082915792145
1466.241521716120000	 0.106292642567439
1466.474480330940000	 0.106342530876811
1466.707438945770000	 0.106245366579362
1466.940397560600000	 0.106011693661855
1467.173356175420000	 0.105642612973954
1467.406314790250000	 0.105124943863891
1467.639273405080000	 0.104431595566152
1467.872232019900000	 0.103528881468826
1468.105190634730000	 0.102389195704370
1468.338149249550000	 0.101003752534510
1468.571107864380000	 0.099388864496986
1468.804066479210000	 0.097582082748076
1469.037025094030000	 0.095630043407758
1469.269983708860000	 0.093574593353702
1469.502942323680000	 0.091444761154647
1469.735900938510000	 0.089258812354990
1469.968859553340000	 0.087034810916425
1470.201818168160000	 0.084802988016435
1470.434776782990000	 0.082611852998891
1470.667735397820000	 0.080523432017222
1470.900694012640000	 0.078599170789689
1471.133652627470000	 0.076882921891488
1471.366611242290000	 0.075388496588147
1471.599569857120000	 0.074097012509105
1471.832528471950000	 0.072965585670092
1472.065487086770000	 0.071944639984600
1472.298445701600000	 0.070996541176558
1472.531404316430000	 0.070105835064129
1472.764362931250000	 0.069275076748756
1472.997321546080000	 0.068509633531086
1473.230280160900000	 0.067802435111277
1473.463238775730000	 0.067128850162395
1473.696197390560000	 0.066454489660014
1473.929156005380000	 0.065750929752047
1474.162114620210000	 0.065010009263016
1474.395073235030000	 0.064248102557543
1474.628031849860000	 0.063497853739302
1474.860990464690000	 0.062792800239084
1475.093949079510000	 0.062153890560126
1475.326907694340000	 0.061583790641904
1475.559866309170000	 0.061069128954453
1475.792824923990000	 0.060587305700696
1476.025783538820000	 0.060114110262872
1476.258742153640000	 0.059629440664213
1476.491700768470000	 0.059119698255010
1476.724659383300000	 0.058577031075233
1476.957617998120000	 0.057997397715474
1477.190576612950000	 0.057380035018789
1477.423535227780000	 0.056729298010337
1477.656493842600000	 0.056057292624077
1477.889452457430000	 0.055384538720381
1478.122411072250000	 0.054736793959172
1478.355369687080000	 0.054138261268942
1478.588328301910000	 0.053603600548321
1478.821286916730000	 0.053132496839525
1479.054245531560000	 0.052710048217118
1479.287204146390000	 0.052313632550841
1479.520162761210000	 0.051923350436004
1479.753121376040000	 0.051530836387815
1479.986079990860000	 0.051141854141058
1480.219038605690000	 0.050771431898682
1480.451997220520000	 0.050434362525818
1480.684955835340000	 0.050136297561204
1480.917914450170000	 0.049870127939606
1481.150873064990000	 0.049619352383085
1481.383831679820000	 0.049366396908663
1481.616790294650000	 0.049101265216948
1481.849748909470000	 0.048825784331583
1482.082707524300000	 0.048551268292846
1482.315666139130000	 0.048291324140119
1482.548624753950000	 0.048054307702565
1482.781583368780000	 0.047839755967210
1483.014541983600000	 0.047640338940318
1483.247500598430000	 0.047447581066181
1483.480459213260000	 0.047257741147931
1483.713417828080000	 0.047074489294692
1483.946376442910000	 0.046906994083949
1484.179335057740000	 0.046764701818636
1484.412293672560000	 0.046652021185029
1484.645252287390000	 0.046566134314488
1484.878210902210000	 0.046499219504679
1485.111169517040000	 0.046443757617404
1485.344128131870000	 0.046397878086959
1485.577086746690000	 0.046367743378235
1485.810045361520000	 0.046365636066795
1486.043003976350000	 0.046404752540614
1486.275962591170000	 0.046493376905842
1486.508921206000000	 0.046631151273877
1486.741879820820000	 0.046808743801502
1486.974838435650000	 0.047010459006402
1487.207797050480000	 0.047218290378565
1487.440755665300000	 0.047415863886010
1487.673714280130000	 0.047591321346562
1487.906672894950000	 0.047738960594900
1488.139631509780000	 0.047859980619128
1488.372590124610000	 0.047962711163627
1488.605548739430000	 0.048062262070677
1488.838507354260000	 0.048178967614561
1489.071465969090000	 0.048334787825557
1489.304424583910000	 0.048547285422049
1489.537383198740000	 0.048822037774703
1489.770341813560000	 0.049146105150002
1490.003300428390000	 0.049486459687800
1490.236259043220000	 0.049796466889057
1490.469217658040000	 0.050029754774765
1490.702176272870000	 0.050155868576839
1490.935134887700000	 0.050169940246074
1491.168093502520000	 0.050091667157648
1491.401052117350000	 0.049955155003561
1491.634010732170000	 0.049795889601841
1491.866969347000000	 0.049641336002793
1492.099927961830000	 0.049508284124622
1492.332886576650000	 0.049405940701968
1492.565845191480000	 0.049341221452313
1492.798803806300000	 0.049322446962482
1493.031762421130000	 0.049359212830438
1493.264721035960000	 0.049458631534612
1493.497679650780000	 0.049620388989226
1493.730638265610000	 0.049834132132974
1493.963596880440000	 0.050081904861917
1494.196555495260000	 0.050345752082065
1494.429514110090000	 0.050617424618076
1494.662472724910000	 0.050905275782528
1494.895431339740000	 0.051234277540422
1495.128389954570000	 0.051638106204062
1495.361348569390000	 0.052145459660261
1495.594307184220000	 0.052764551510952
1495.827265799050000	 0.053470318217973
1496.060224413870000	 0.054199630269333
1496.293183028700000	 0.054860513268678
1496.526141643520000	 0.055358381166397
1496.759100258350000	 0.055631976364238
1496.992058873180000	 0.055679894697883
1497.225017488000000	 0.055560348407164
1497.457976102830000	 0.055365708079556
1497.690934717660000	 0.055190098770409
1497.923893332480000	 0.055106470592124
1498.156851947310000	 0.055156583772094
1498.389810562130000	 0.055348727184529
1498.622769176960000	 0.055658385386620
1498.855727791790000	 0.056032072659013
1499.088686406610000	 0.056398191156454
1499.321645021440000	 0.056686640043394
1499.554603636260000	 0.056851345884625
1499.787562251090000	 0.056884365692661
1500.020520865920000	 0.056814220519867
1500.253479480740000	 0.056691322692151
1500.486438095570000	 0.056569510470747
1500.719396710400000	 0.056491166421963
1500.952355325220000	 0.056478926512632
1501.185313940050000	 0.056534157586511
1501.418272554870000	 0.056641418481457
1501.651231169700000	 0.056777275388930
1501.884189784530000	 0.056920431620801
1502.117148399350000	 0.057059236361862
1502.350107014180000	 0.057193667299730
1502.583065629010000	 0.057331757284395
1502.816024243830000	 0.057483389838771
1503.048982858660000	 0.057655535536885
1503.281941473480000	 0.057851782239855
1503.514900088310000	 0.058076302942550
1503.747858703140000	 0.058339780302627
1503.980817317960000	 0.058663690161079
1504.213775932790000	 0.059080237025434
1504.446734547620000	 0.059627377254622
1504.679693162440000	 0.060340341078564
1504.912651777270000	 0.061241929435341
1505.145610392090000	 0.062333759524950
1505.378569006920000	 0.063590367372491
1505.611527621750000	 0.064958137792751
1505.844486236570000	 0.066360882075488
1506.077444851400000	 0.067712216264840
1506.310403466220000	 0.068931353867014
1506.543362081050000	 0.069955977093403
1506.776320695880000	 0.070747255313139
1507.009279310700000	 0.071287807079684
1507.242237925530000	 0.071578103278325
1507.475196540360000	 0.071635842110075
1507.708155155180000	 0.071497726021979
1507.941113770010000	 0.071219238421861
1508.174072384830000	 0.070868856145632
1508.407030999660000	 0.070517311469062
1508.639989614490000	 0.070225946343178
1508.872948229310000	 0.070038219112042
1509.105906844140000	 0.069975927726818
1509.338865458970000	 0.070039406236837
1509.571824073790000	 0.070210444855709
1509.804782688620000	 0.070457543510567
1510.037741303440000	 0.070743781731111
1510.270699918270000	 0.071036847093767
1510.503658533100000	 0.071318890794032
1510.736617147920000	 0.071592670935836
1510.969575762750000	 0.071881401499735
1511.202534377570000	 0.072222192257071
1511.435492992400000	 0.072654932121311
1511.668451607230000	 0.073209060123509
1511.901410222050000	 0.073890882417909
1512.134368836880000	 0.074675115196300
1512.367327451710000	 0.075505571155610
1512.600286066530000	 0.076308720939801
1512.833244681360000	 0.077018089291356
1513.066203296180000	 0.077599558624707
1513.299161911010000	 0.078064812762486
1513.532120525840000	 0.078466580917897
1513.765079140660000	 0.078879917430513
1513.998037755490000	 0.079379538290960
1514.230996370320000	 0.080021535817137
1514.463954985140000	 0.080832924964772
1514.696913599970000	 0.081809135428365
1514.929872214790000	 0.082918770494839
1515.162830829620000	 0.084114922172547
1515.395789444450000	 0.085351061256640
1515.628748059270000	 0.086596937685000
1515.861706674100000	 0.087848347015062
1516.094665288930000	 0.089126403171158
1516.327623903750000	 0.090466365034789
1516.560582518580000	 0.091899829344106
1516.793541133400000	 0.093435492972448
1517.026499748230000	 0.095044199527520
1517.259458363060000	 0.096655146996953
1517.492416977880000	 0.098169650808768
1517.725375592710000	 0.099492054298213
1517.958334207530000	 0.100565250378163
1518.191292822360000	 0.101391905141934
1518.424251437190000	 0.102031112197109
1518.657210052010000	 0.102576471522642
1518.890168666840000	 0.103129905465011
1519.123127281670000	 0.103781774633740
1519.356085896490000	 0.104600012977006
1519.589044511320000	 0.105626176300912
1519.822003126140000	 0.106875226542875
1520.054961740970000	 0.108336335278400
1520.287920355800000	 0.109972619788159
1520.520878970620000	 0.111718915672286
1520.753837585450000	 0.113479466231587
1520.986796200280000	 0.115131341912672
1521.219754815100000	 0.116540890490196
1521.452713429930000	 0.117594522733389
1521.685672044750000	 0.118232441400556
1521.918630659580000	 0.118466014118626
1522.151589274410000	 0.118367607432362
1522.384547889230000	 0.118039797472312
1522.617506504060000	 0.117581496902257
1522.850465118890000	 0.117065092845546
1523.083423733710000	 0.116529317235313
1523.316382348540000	 0.115985665831493
1523.549340963360000	 0.115432886124319
1523.782299578190000	 0.114872596834703
1524.015258193020000	 0.114319403939699
1524.248216807840000	 0.113801652941729
1524.481175422670000	 0.113353059182325
1524.714134037490000	 0.112998501818144
1524.947092652320000	 0.112738522509769
1525.180051267150000	 0.112538006280038
1525.413009881970000	 0.112325899247711
1525.645968496800000	 0.112011779427684
1525.878927111630000	 0.111517181018088
1526.111885726450000	 0.110807053941354
1526.344844341280000	 0.109902306802551
1526.577802956100000	 0.108866562446103
1526.810761570930000	 0.107778022732418
1527.043720185760000	 0.106703347396430
1527.276678800580000	 0.105683360811854
1527.509637415410000	 0.104731194283018
1527.742596030240000	 0.103839000557287
1527.975554645060000	 0.102988662672187
1528.208513259890000	 0.102162228432425
1528.441471874710000	 0.101348572617999
1528.674430489540000	 0.100544758713069
1528.907389104370000	 0.099753409982647
1529.140347719190000	 0.098979316706734
1529.373306334020000	 0.098228134873339
1529.606264948840000	 0.097507849638084
1529.839223563670000	 0.096831374694830
1530.072182178500000	 0.096217696512452
1530.305140793320000	 0.095689758955016
1530.538099408150000	 0.095269146923855
1530.771058022980000	 0.094969395131280
1531.004016637800000	 0.094790594740810
1531.236975252630000	 0.094717781957746
1531.469933867450000	 0.094724546485851
1531.702892482280000	 0.094781435676162
1531.935851097110000	 0.094866339369284
1532.168809711930000	 0.094972313439428
1532.401768326760000	 0.095108787229063
1532.634726941590000	 0.095294944483621
1532.867685556410000	 0.095547430165105
1533.100644171240000	 0.095866531654108
1533.333602786060000	 0.096225589295644
1533.566561400890000	 0.096568549669254
1533.799520015720000	 0.096819709811219
1534.032478630540000	 0.096905474752755
1534.265437245370000	 0.096780262016336
1534.498395860200000	 0.096443477942986
1534.731354475020000	 0.095938780264117
1534.964313089850000	 0.095338214650748
1535.197271704670000	 0.094721576184750
1535.430230319500000	 0.094159930615454
1535.663188934330000	 0.093706178184811
1535.896147549150000	 0.093391342440515
1536.129106163980000	 0.093224741527516
1536.362064778800000	 0.093197506666596
1536.595023393630000	 0.093289744116868
1536.827982008460000	 0.093480893147287
1537.060940623280000	 0.093761004743536
1537.293899238110000	 0.094139353723257
1537.526857852940000	 0.094647325251376
1537.759816467760000	 0.095334621029958
1537.992775082590000	 0.096259887355372
1538.225733697410000	 0.097477499117002
1538.458692312240000	 0.099021543874549
1538.691650927070000	 0.100887539330517
1538.924609541890000	 0.103014097494287
1539.157568156720000	 0.105271666640143
1539.390526771550000	 0.107471015114673
1539.623485386370000	 0.109402006765223
1539.856444001200000	 0.110895987071195
1540.089402616020000	 0.111882040231428
1540.322361230850000	 0.112404633314620
1540.555319845680000	 0.112596827577132
1540.788278460500000	 0.112632008288779
1541.021237075330000	 0.112680677258415
1541.254195690160000	 0.112883060013549
1541.487154304980000	 0.113333907139513
1541.720112919810000	 0.114072253480494
1541.953071534630000	 0.115073372459443
1542.186030149460000	 0.116247459145726
1542.418988764290000	 0.117454547836859
1542.651947379110000	 0.118541788979775
1542.884905993940000	 0.119394929231705
1543.117864608760000	 0.119980282433216
1543.350823223590000	 0.120354326900372
1543.583781838420000	 0.120638542569142
1543.816740453240000	 0.120977490157914
1544.049699068070000	 0.121500536037878
1544.282657682900000	 0.122296175073018
1544.515616297720000	 0.123397343621401
1544.748574912550000	 0.124774053268673
1544.981533527370000	 0.126334195566533
1545.214492142200000	 0.127938184592838
1545.447450757030000	 0.129431398458946
1545.680409371850000	 0.130687816344839
1545.913367986680000	 0.131646701664116
1546.146326601510000	 0.132324815791342
1546.379285216330000	 0.132801349458674
1546.612243831160000	 0.133187680770854
1546.845202445980000	 0.133597047141128
1547.078161060810000	 0.134122548354818
1547.311119675640000	 0.134824747431007
1547.544078290460000	 0.135727301452014
1547.777036905290000	 0.136819512719380
1548.009995520110000	 0.138065524418659
1548.242954134940000	 0.139419133393803
1548.475912749770000	 0.140840790773053
1548.708871364590000	 0.142311031296286
1548.941829979420000	 0.143834582762420
1549.174788594250000	 0.145432567941530
1549.407747209070000	 0.147125027995416
1549.640705823900000	 0.148910169664215
1549.873664438720000	 0.150749066996866
1550.106623053550000	 0.152564544867081
1550.339581668380000	 0.154259139680087
1550.572540283200000	 0.155747991414207
1550.805498898030000	 0.156991849477071
1551.038457512860000	 0.158012441163817
1551.271416127680000	 0.158882536997050
1551.504374742510000	 0.159698322123430
1551.737333357330000	 0.160549281394597
1551.970291972160000	 0.161497564863908
1552.203250586990000	 0.162571442587408
1552.436209201810000	 0.163771988893038
1552.669167816640000	 0.165088983158250
1552.902126431470000	 0.166519546894426
1553.135085046290000	 0.168081574428034
1553.368043661120000	 0.169815245469394
1553.601002275940000	 0.171769782965543
1553.833960890770000	 0.173977110107462
1554.066919505600000	 0.176418566067410
1554.299878120420000	 0.178997348020118
1554.532836735250000	 0.181536790101607
1554.765795350070000	 0.183821973396521
1554.998753964900000	 0.185677097938659
1555.231712579730000	 0.187037017247612
1555.464671194550000	 0.187968355648102
1555.697629809380000	 0.188634828579123
1555.930588424210000	 0.189239663033723
1556.163547039030000	 0.189979501231431
1556.396505653860000	 0.191022238146661
1556.629464268680000	 0.192503748259763
1556.862422883510000	 0.194533507434050
1557.095381498340000	 0.197200247678942
1557.328340113160000	 0.200569769559116
1557.561298727990000	 0.204667223701865
1557.794257342820000	 0.209439867847307
1558.027215957640000	 0.214710033460025
1558.260174572470000	 0.220152156187200
1558.493133187290000	 0.225341491037171
1558.726091802120000	 0.229887777634511
1558.959050416950000	 0.233587587499869
1559.192009031770000	 0.236489779705613
1559.424967646600000	 0.238832870902381
1559.657926261420000	 0.240908372867302
1559.890884876250000	 0.242929884735580
1560.123843491080000	 0.244955245521151
1560.356802105900000	 0.246879962875519
1560.589760720730000	 0.248504732838137
1560.822719335560000	 0.249651356212703
1561.055677950380000	 0.250265505543714
1561.288636565210000	 0.250448282561557
1561.521595180030000	 0.250412036577774
1561.754553794860000	 0.250403641466478
1561.987512409690000	 0.250638411718503
1562.220471024510000	 0.251260466960308
1562.453429639340000	 0.252326275219578
1562.686388254170000	 0.253806258268801
1562.919346868990000	 0.255603954821666
1563.152305483820000	 0.257591801054292
1563.385264098640000	 0.259654581411017
1563.618222713470000	 0.261723666912595
1563.851181328300000	 0.263787128116059
1564.084139943120000	 0.265873186332047
1564.317098557950000	 0.268017757234383
1564.550057172780000	 0.270232639510204
1564.783015787600000	 0.272488577532708
1565.015974402430000	 0.274720079716512
1565.248933017250000	 0.276848865821016
1565.481891632080000	 0.278813456506818
1565.714850246910000	 0.280589477507028
1565.947808861730000	 0.282191936559228
1566.180767476560000	 0.283662275706122
1566.413726091380000	 0.285050478056273
1566.646684706210000	 0.286401744212927
1566.879643321040000	 0.287751289379047
1567.112601935860000	 0.289125047722081
1567.345560550690000	 0.290541731415393
1567.578519165520000	 0.292013031031882
1567.811477780340000	 0.293542069241753
1568.044436395170000	 0.295123036583365
1568.277395009990000	 0.296745162492066
1568.510353624820000	 0.298401342684453
1568.743312239650000	 0.300097437352812
1568.976270854470000	 0.301855198755492
1569.209229469300000	 0.303702303189829
1569.442188084130000	 0.305648120381265
1569.675146698950000	 0.307653254912992
1569.908105313780000	 0.309611099759906
1570.141063928600000	 0.311361762656911
1570.374022543430000	 0.312743066629268
1570.606981158260000	 0.313655249238351
1570.839939773080000	 0.314101303857667
1571.072898387910000	 0.314181587962482
1571.305857002740000	 0.314052503745411
1571.538815617560000	 0.313875038976238
1571.771774232390000	 0.313773611458055
1572.004732847210000	 0.313813633054026
1572.237691462040000	 0.313998869450519
1572.470650076870000	 0.314286607286826
1572.703608691690000	 0.314615000855591
1572.936567306520000	 0.314931861183848
1573.169525921340000	 0.315212143316414
1573.402484536170000	 0.315456732909776
1573.635443151000000	 0.315675635532280
1573.868401765820000	 0.315867292121653
1574.101360380650000	 0.316007333692778
1574.334318995480000	 0.316054425391027
1574.567277610300000	 0.315971080204382
1574.800236225130000	 0.315748541037505
1575.033194839950000	 0.315422340463443
1575.266153454780000	 0.315070208698151
1575.499112069610000	 0.314791815736145
1575.732070684430000	 0.314674765350329
1575.965029299260000	 0.314753765249867
1576.197987914090000	 0.314975703602006
1576.430946528910000	 0.315192853571687
1576.663905143740000	 0.315204267774701
1576.896863758560000	 0.314834751033105
1577.129822373390000	 0.314002922715509
1577.362780988220000	 0.312735118235248
1577.595739603040000	 0.311129739984868
1577.828698217870000	 0.309308931756386
1578.061656832700000	 0.307385098123405
1578.294615447520000	 0.305446205049611
1578.527574062350000	 0.303551679011945
1578.760532677170000	 0.301731379091089
1578.993491292000000	 0.299985485467010
1579.226449906830000	 0.298287360043761
1579.459408521650000	 0.296592013887914
1579.692367136480000	 0.294849960749386
1579.925325751300000	 0.293022414810979
1580.158284366130000	 0.291092015715299
1580.391242980960000	 0.289064789565056
1580.624201595780000	 0.286962866387145
1580.857160210610000	 0.284811555249727
1581.090118825440000	 0.282626864352967
1581.323077440260000	 0.280409220388341
1581.556036055090000	 0.278145932651422
1581.788994669910000	 0.275820390686032
1582.021953284740000	 0.273422566084660
1582.254911899570000	 0.270955001840089
1582.487870514390000	 0.268431240607807
1582.720829129220000	 0.265867966983277
1582.953787744050000	 0.263275640141302
1583.186746358870000	 0.260653134020429
1583.419704973700000	 0.257989445649632
1583.652663588520000	 0.255271306302321
1583.885622203350000	 0.252492048683472
1584.118580818180000	 0.249656392987324
1584.351539433000000	 0.246778261806221
1584.584498047830000	 0.243872842774288
1584.817456662650000	 0.240947499834270
1585.050415277480000	 0.237996833755223
1585.283373892310000	 0.235004798366234
1585.516332507130000	 0.231952693910465
1585.749291121960000	 0.228828486645086
1585.982249736790000	 0.225632204472669
1586.215208351610000	 0.222374500233759
1586.448166966440000	 0.219069464780872
1586.681125581260000	 0.215726088300448
1586.914084196090000	 0.212343485908291
1587.147042810920000	 0.208912709851028
1587.380001425740000	 0.205424025996921
1587.612960040570000	 0.201875271551095
1587.845918655400000	 0.198276249198155
1588.078877270220000	 0.194646422606118
1588.311835885050000	 0.191007099962086
1588.544794499870000	 0.187372541964966
1588.777753114700000	 0.183745119800692
1589.010711729530000	 0.180117375660297
1589.243670344350000	 0.176479920284531
1589.476628959180000	 0.172830793108649
1589.709587574010000	 0.169181086040235
1589.942546188830000	 0.165553733620713
1590.175504803660000	 0.161976194622595
1590.408463418480000	 0.158471126803355
1590.641422033310000	 0.155050168834316
1590.874380648140000	 0.151714026733117
1591.107339262960000	 0.148458368854221
1591.340297877790000	 0.145281753072176
1591.573256492610000	 0.142190827462288
1591.806215107440000	 0.139199831802830
1592.039173722270000	 0.136324855011892
1592.272132337090000	 0.133576382815722
1592.505090951920000	 0.130954657541652
1592.738049566750000	 0.128450700962786
1592.971008181570000	 0.126052478155374
1593.203966796400000	 0.123752601466405
1593.436925411220000	 0.121553036889693
1593.669884026050000	 0.119464012093982
1593.902842640880000	 0.117497664777295
1594.135801255700000	 0.115659989161404
1594.368759870530000	 0.113945686631051
1594.601718485360000	 0.112339014392025
1594.834677100180000	 0.110820384244460
1595.067635715010000	 0.109375092401892
1595.300594329830000	 0.107999179583682
1595.533552944660000	 0.106699003131229
1595.766511559490000	 0.105484771554503
1595.999470174310000	 0.104361810100874
1596.232428789140000	 0.103324609011917
1596.465387403970000	 0.102357102965460
1596.698346018790000	 0.101439126929282
1596.931304633620000	 0.100555525672970
1597.164263248440000	 0.099702846309512
1597.397221863270000	 0.098889812959256
1597.630180478100000	 0.098131231235151
1597.863139092920000	 0.097438668977301
1598.096097707750000	 0.096813079510535
1598.329056322570000	 0.096243433090194
1598.562014937400000	 0.095712052372362
1598.794973552230000	 0.095203623212919
1599.027932167050000	 0.094712841685116
1599.260890781880000	 0.094246457990607
1599.493849396710000	 0.093818631368644
1599.726808011530000	 0.093442255325634
1599.959766626360000	 0.093121146608371
1600.192725241180000	 0.092847452206798
1600.425683856010000	 0.092605630627238
1600.658642470840000	 0.092380633020887
1600.891601085660000	 0.092165581688398
1601.124559700490000	 0.091964618380389
1601.357518315320000	 0.091789416332587
1601.590476930140000	 0.091651496347446
1601.823435544970000	 0.091554887772692
1602.056394159790000	 0.091493441885566
1602.289352774620000	 0.091454342545952
1602.522311389450000	 0.091425685618858
1602.755270004270000	 0.091403612045167
1602.988228619100000	 0.091394775126293
1603.221187233920000	 0.091412659341198
1603.454145848750000	 0.091469831282873
1603.687104463580000	 0.091570592723679
1603.920063078400000	 0.091708356348272
1604.153021693230000	 0.091869357533493
1604.385980308060000	 0.092040555592751
1604.618938922880000	 0.092217065950178
1604.851897537710000	 0.092404795806075
1605.084856152530000	 0.092616869016100
1605.317814767360000	 0.092866062694293
1605.550773382190000	 0.093157715879635
1605.783731997010000	 0.093487226998681
1606.016690611840000	 0.093843553341546
1606.249649226670000	 0.094216547432601
1606.482607841490000	 0.094603587925523
1606.715566456320000	 0.095011285454182
1606.948525071140000	 0.095450969963949
1607.181483685970000	 0.095930505977145
1607.414442300800000	 0.096447482711795
1607.647400915620000	 0.096988410827601
1607.880359530450000	 0.097535197380337
1608.113318145280000	 0.098075656334540
1608.346276760100000	 0.098611974126303
1608.579235374930000	 0.099161862233590
1608.812193989750000	 0.099751132715026
1609.045152604580000	 0.100401153664760
1609.278111219410000	 0.101117503102804
1609.511069834230000	 0.101885835222324
1609.744028449060000	 0.102677588447208
1609.976987063880000	 0.103463055071741
1610.209945678710000	 0.104225084819503
1610.442904293540000	 0.104966094811631
1610.675862908360000	 0.105704895523296
1610.908821523190000	 0.106465758132174
1611.141780138020000	 0.107266315895784
1611.374738752840000	 0.108110949727292
1611.607697367670000	 0.108992669698976
1611.840655982490000	 0.109901516670863
1612.073614597320000	 0.110833921049856
1612.306573212150000	 0.111797155483267
1612.539531826970000	 0.112806149320125
1612.772490441800000	 0.113874713225372
1613.005449056630000	 0.115006825507351
1613.238407671450000	 0.116193793642703
1613.471366286280000	 0.117419547103322
1613.704324901100000	 0.118671122429251
1613.937283515930000	 0.119947887189950
1614.170242130760000	 0.121263611883775
1614.403200745580000	 0.122639948773288
1614.636159360410000	 0.124095577077510
1614.869117975230000	 0.125638733134026
1615.102076590060000	 0.127269588589601
1615.335035204890000	 0.128993068925298
1615.567993819710000	 0.130835385219017
1615.800952434540000	 0.132853135260096
1616.033911049370000	 0.135124494307498
1616.266869664190000	 0.137717020384981
1616.499828279020000	 0.140635800976632
1616.732786893840000	 0.143771466376834
1616.965745508670000	 0.146886524746189
1617.198704123500000	 0.149677363438248
1617.431662738320000	 0.151900863553933
1617.664621353150000	 0.153487347590391
1617.897579967980000	 0.154560124040975
1618.130538582800000	 0.155361452961017
1618.363497197630000	 0.156150320216633
1618.596455812450000	 0.157128833189424
1618.829414427280000	 0.158411797202896
1619.062373042110000	 0.160028822898268
1619.295331656930000	 0.161945591595988
1619.528290271760000	 0.164094708810637
1619.761248886590000	 0.166407198884801
1619.994207501410000	 0.168834543908880
1620.227166116240000	 0.171354022909035
1620.460124731060000	 0.173958527441064
1620.693083345890000	 0.176640623305202
1620.926041960720000	 0.179382807658647
1621.159000575540000	 0.182160468895688
1621.391959190370000	 0.184955158156593
1621.624917805190000	 0.187768998986765
1621.857876420020000	 0.190630340084718
1622.090835034850000	 0.193586449478512
1622.323793649670000	 0.196687140625250
1622.556752264500000	 0.199967940947815
1622.789710879330000	 0.203439982222822
1623.022669494150000	 0.207088259308886
1623.255628108980000	 0.210874632329389
1623.488586723800000	 0.214740412033584
1623.721545338630000	 0.218606667558273
1623.954503953460000	 0.222376396745923
1624.187462568280000	 0.225945960155759
1624.420421183110000	 0.229228766807502
1624.653379797940000	 0.232184132562048
1624.886338412760000	 0.234837378915962
1625.119297027590000	 0.237279800433101
1625.352255642410000	 0.239646240754578
1625.585214257240000	 0.242076890829628
1625.818172872070000	 0.244675313292735
1626.051131486890000	 0.247477002478181
1626.284090101720000	 0.250441694958734
1626.517048716550000	 0.253475725900477
1626.750007331370000	 0.256477376981326
1626.982965946200000	 0.259384248151104
1627.215924561020000	 0.262197413374670
1627.448883175850000	 0.264967759500191
1627.681841790680000	 0.267750025132208
1627.914800405500000	 0.270548466573658
1628.147759020330000	 0.273285566975888
1628.380717635150000	 0.275816331140888
1628.613676249980000	 0.277985543152502
1628.846634864810000	 0.279696514342004
1629.079593479630000	 0.280950174463444
1629.312552094460000	 0.281833539270412
1629.545510709290000	 0.282469490357201
1629.778469324110000	 0.282959057298068
1630.011427938940000	 0.283344627423275
1630.244386553760000	 0.283607256542227
1630.477345168590000	 0.283694186096470
1630.710303783420000	 0.283559137594323
1630.943262398240000	 0.283192403584722
1631.176221013070000	 0.282624368762926
1631.409179627900000	 0.281902657625627
1631.642138242720000	 0.281059205534907
1631.875096857550000	 0.280088671508008
1632.108055472370000	 0.278951496572323
1632.341014087200000	 0.277599419895507
1632.573972702030000	 0.276007439806137
1632.806931316850000	 0.274192068509091
1633.039889931680000	 0.272204201679345
1633.272848546500000	 0.270100811881673
1633.505807161330000	 0.267912527155059
1633.738765776160000	 0.265626148468483
1633.971724390980000	 0.263192140579544
1634.204683005810000	 0.260553178374234
1634.437641620640000	 0.257678874499864
1634.670600235460000	 0.254589408493486
1634.903558850290000	 0.251357000586854
1635.136517465110000	 0.248084168792356
1635.369476079940000	 0.244866746117836
1635.602434694770000	 0.241756916572551
1635.835393309590000	 0.238745948604757
1636.068351924420000	 0.235779869547597
1636.301310539250000	 0.232798938881263
1636.534269154070000	 0.229771557948099
1636.767227768900000	 0.226700729192113
1637.000186383720000	 0.223607637058357
1637.233144998550000	 0.220511440961537
1637.466103613380000	 0.217418985177503
1637.699062228200000	 0.214326956309095
1637.932020843030000	 0.211231821643369
1638.164979457860000	 0.208139871225123
1638.397938072680000	 0.205069990478766
1638.630896687510000	 0.202046255002395
1638.863855302330000	 0.199084580190352
1639.096813917160000	 0.196182097926588
1639.329772531990000	 0.193315900889366
1639.562731146810000	 0.190451626164993
1639.795689761640000	 0.187556995479479
1640.028648376460000	 0.184613326479296
1640.261606991290000	 0.181619155072368
1640.494565606120000	 0.178584031462122
1640.727524220940000	 0.175516034790835
1640.960482835770000	 0.172410538982896
1641.193441450600000	 0.169247231996563
1641.426400065420000	 0.165997456326607
1641.659358680250000	 0.162637892828559
1641.892317295070000	 0.159163032065153
1642.125275909900000	 0.155589534931442
1642.358234524730000	 0.151950136459983
1642.591193139550000	 0.148280799153078
1642.824151754380000	 0.144608674863358
1643.057110369210000	 0.140947512953724
1643.290068984030000	 0.137302204521492
1643.523027598860000	 0.133678548166890
1643.755986213680000	 0.130091404947834
1643.988944828510000	 0.126565683334824
1644.221903443340000	 0.123129279128658
1644.454862058160000	 0.119802328801201
1644.687820672990000	 0.116589444405249
1644.920779287820000	 0.113479600387209
1645.153737902640000	 0.110453908697348
1645.386696517470000	 0.107497669190927
1645.619655132290000	 0.104611267145059
1645.852613747120000	 0.101814513493797
1646.085572361950000	 0.099140941578957
1646.318530976770000	 0.096623192879654
1646.551489591600000	 0.094276859456665
1646.784448206420000	 0.092092873349639
1647.017406821250000	 0.090043203828268
1647.250365436080000	 0.088094972294692
1647.483324050900000	 0.086223307471488
1647.716282665730000	 0.084416563931510
1647.949241280560000	 0.082673806998761
1648.182199895380000	 0.080998344447702
1648.415158510210000	 0.079391611683708
1648.648117125030000	 0.077850278737616
1648.881075739860000	 0.076367191947704
1649.114034354690000	 0.074934548194982
1649.346992969510000	 0.073546655911339
1649.579951584340000	 0.072200466779442
1649.812910199170000	 0.070894029935782
1650.045868813990000	 0.069624521550579
1650.278827428820000	 0.068387605977747
1650.511786043640000	 0.067178838639617
1650.744744658470000	 0.065996399978676
1650.977703273300000	 0.064843422860240
1651.210661888120000	 0.063728169991215
1651.443620502950000	 0.062661472601517
1651.676579117770000	 0.061652423984935
1651.909537732600000	 0.060704197882976
1652.142496347430000	 0.059811616463698
1652.375454962250000	 0.058961345656429
1652.608413577080000	 0.058135035176243
1652.841372191910000	 0.057315044356371
1653.074330806730000	 0.056490652985537
1653.307289421560000	 0.055660614831425
1653.540248036380000	 0.054829328106249
1653.773206651210000	 0.053999800551318
1654.006165266040000	 0.053169990811988
1654.239123880860000	 0.052335083184087
1654.472082495690000	 0.051492629863151
1654.705041110520000	 0.050646341810186
1654.937999725340000	 0.049806391407185
1655.170958340170000	 0.048986390419438
1655.403916954990000	 0.048198750011665
1655.636875569820000	 0.047450748398251
1655.869834184650000	 0.046743096948347
1656.102792799470000	 0.046071356274900
1656.335751414300000	 0.045429100681585
1656.568710029130000	 0.044811076838736
1656.801668643950000	 0.044214904070761
1657.034627258780000	 0.043640764097566
1657.267585873600000	 0.043089565393044
1657.500544488430000	 0.042560810704351
1657.733503103260000	 0.042051476082076
1657.966461718080000	 0.041556532451182
1658.199420332910000	 0.041070698852656
1658.432378947730000	 0.040590292155655
1658.665337562560000	 0.040114083824626
1658.898296177390000	 0.039642793335877
1659.131254792210000	 0.039177728342302
1659.364213407040000	 0.038719567652991
1659.597172021870000	 0.038268099226263
1659.830130636690000	 0.037823022116215
1660.063089251520000	 0.037385171422617
1660.296047866340000	 0.036957214856580
1660.529006481170000	 0.036543193702783
1660.761965096000000	 0.036147039790471
1660.994923710820000	 0.035770915272998
1661.227882325650000	 0.035414406177436
1661.460840940480000	 0.035075082500887
1661.693799555300000	 0.034750031339482
1661.926758170130000	 0.034437278955210
1662.159716784950000	 0.034135998470585
1662.392675399780000	 0.033845087187602
1662.625634014610000	 0.033560773548175
1662.858592629430000	 0.033274866351657
1663.091551244260000	 0.032975437985822
1663.324509859090000	 0.032650593632037
1663.557468473910000	 0.032293807793412
1663.790427088740000	 0.031907691753451
1664.023385703560000	 0.031503688560239
1664.256344318390000	 0.031097798248255
1664.489302933220000	 0.030704777527283
1664.722261548040000	 0.030333640226400
1664.955220162870000	 0.029986064838731
1665.188178777690000	 0.029657799874908
1665.421137392520000	 0.029342081472132
1665.654096007350000	 0.029033466590597
1665.887054622170000	 0.028730334535804
1666.120013237000000	 0.028434874300342
1666.352971851830000	 0.028150707921918
1666.585930466650000	 0.027879733729001
1666.818889081480000	 0.027620278909964
1667.051847696300000	 0.027367826911800
1667.284806311130000	 0.027118012513053
1667.517764925960000	 0.026870200501415
1667.750723540780000	 0.026629464471400
1667.983682155610000	 0.026405437807836
1668.216640770440000	 0.026208089935032
1668.449599385260000	 0.026042150465409
1668.682558000090000	 0.025902700586490
1668.915516614910000	 0.025774118447076
1669.148475229740000	 0.025633554369952
1669.381433844570000	 0.025458629817458
1669.614392459390000	 0.025236803906973
1669.847351074220000	 0.024971566281117
1670.080309689040000	 0.024681076714559
1670.313268303870000	 0.024389627747107
1670.546226918700000	 0.024117507901474
1670.779185533520000	 0.023875069232682
1671.012144148350000	 0.023662590609878
1671.245102763180000	 0.023473820657610
1671.478061378000000	 0.023300321950126
1671.711019992830000	 0.023134714802756
1671.943978607650000	 0.022972039520200
1672.176937222480000	 0.022809342363411
1672.409895837310000	 0.022644367167976
1672.642854452130000	 0.022474643668008
1672.875813066960000	 0.022297881501651
1673.108771681790000	 0.022113581043242
1673.341730296610000	 0.021924900717581
1673.574688911440000	 0.021739603355528
1673.807647526260000	 0.021569318668990
1674.040606141090000	 0.021427106562923
1674.273564755920000	 0.021324017027807
1674.506523370740000	 0.021265647370386
1674.739481985570000	 0.021249487160302
1674.972440600400000	 0.021263494222176
1675.205399215220000	 0.021286423054602
1675.438357830050000	 0.021290886214110
1675.671316444870000	 0.021249844554246
1675.904275059700000	 0.021145046589140
1676.137233674530000	 0.020973200472914
1676.370192289350000	 0.020746066642734
1676.603150904180000	 0.020484954473916
1676.836109519000000	 0.020213699309284
1677.069068133830000	 0.019953587647346
1677.302026748660000	 0.019720865906608
1677.534985363480000	 0.019525742268884
1677.767943978310000	 0.019371919434933
1678.000902593140000	 0.019256614089152
1678.233861207960000	 0.019171622106544
1678.466819822790000	 0.019105769025710
1678.699778437610000	 0.019048235863738
1678.932737052440000	 0.018991507040698
1679.165695667270000	 0.018932711590311
1679.398654282090000	 0.018872908515207
1679.631612896920000	 0.018814832766866
1679.864571511750000	 0.018760235576561
1680.097530126570000	 0.018708031320653
1680.330488741400000	 0.018654051895364
1680.563447356220000	 0.018592473987747
1680.796405971050000	 0.018518215328843
1681.029364585880000	 0.018429165236615
1681.262323200700000	 0.018327273433351
1681.495281815530000	 0.018218186506466
1681.728240430360000	 0.018109877167519
1681.961199045180000	 0.018011083887120
1682.194157660010000	 0.017930189967587
1682.427116274830000	 0.017874646833785
1682.660074889660000	 0.017850584334676
1682.893033504490000	 0.017862125737998
1683.125992119310000	 0.017910184648671
1683.358950734140000	 0.017991023919908
1683.591909348960000	 0.018095301653012
1683.824867963790000	 0.018208352920938
1684.057826578620000	 0.018311941318079
1684.290785193440000	 0.018387047384309
1684.523743808270000	 0.018417005881842
1684.756702423100000	 0.018390495073268
1684.989661037920000	 0.018303936019343
1685.222619652750000	 0.018162486858004
1685.455578267570000	 0.017978740661550
1685.688536882400000	 0.017769282923496
1685.921495497230000	 0.017550726634656
1686.154454112050000	 0.017337066458344
1686.387412726880000	 0.017138961449177
1686.620371341710000	 0.016964259916010
1686.853329956530000	 0.016818707561249
1687.086288571360000	 0.016706141218235
1687.319247186180000	 0.016628022896216
1687.552205801010000	 0.016582633047524
1687.785164415840000	 0.016564526285234
1688.018123030660000	 0.016564856298681
1688.251081645490000	 0.016572828747493
1688.484040260310000	 0.016577971442319
1688.716998875140000	 0.016572452247712
1688.949957489970000	 0.016552607637990
1689.182916104790000	 0.016519172083701
1689.415874719620000	 0.016476200972116
1689.648833334450000	 0.016429123012538
1689.881791949270000	 0.016382605896695
1690.114750564100000	 0.016338929658126
1690.347709178920000	 0.016297364602798
1690.580667793750000	 0.016254719066181
1690.813626408580000	 0.016206839972529
1691.046585023400000	 0.016150504731377
1691.279543638230000	 0.016084962352660
1691.512502253060000	 0.016012499743363
1691.745460867880000	 0.015937833466187
1691.978419482710000	 0.015866646903765
1692.211378097530000	 0.015803909585952
1692.444336712360000	 0.015752591217274
1692.677295327190000	 0.015713120550197
1692.910253942010000	 0.015683636644729
1693.143212556840000	 0.015660864309768
1693.376171171670000	 0.015641341784827
1693.609129786490000	 0.015622716233193
1693.842088401320000	 0.015604870953995
1694.075047016140000	 0.015590713645401
1694.308005630970000	 0.015586484952821
1694.540964245800000	 0.015601410401476
1694.773922860620000	 0.015646430226661
1695.006881475450000	 0.015731658326105
1695.239840090270000	 0.015862280193573
1695.472798705100000	 0.016033118121533
1695.705757319930000	 0.016223539065623
1695.938715934750000	 0.016396648708483
1696.171674549580000	 0.016507548652674
1696.404633164410000	 0.016520758050915
1696.637591779230000	 0.016427400790724
1696.870550394060000	 0.016249257571338
1697.103509008880000	 0.016027012819183
1697.336467623710000	 0.015802775904721
1697.569426238540000	 0.015607825893918
1697.802384853360000	 0.015458763718714
1698.035343468190000	 0.015359574971476
1698.268302083020000	 0.015306412759234
1698.501260697840000	 0.015293135174880
1698.734219312670000	 0.015316291992511
1698.967177927490000	 0.015378179586501
1699.200136542320000	 0.015486699084646
1699.433095157150000	 0.015651547233630
1699.666053771970000	 0.015877263298553
1699.899012386800000	 0.016154454688739
1700.131971001630000	 0.016452024747016
1700.364929616450000	 0.016716410339910
1700.597888231280000	 0.016885455843411
1700.830846846100000	 0.016916066231674
1701.063805460930000	 0.016807191933805
1701.296764075760000	 0.016597105583011
1701.529722690580000	 0.016338493405539
1701.762681305410000	 0.016074448592732
1701.995639920230000	 0.015829639892943
1702.228598535060000	 0.015613924055026
1702.461557149890000	 0.015430060695092
1702.694515764710000	 0.015279962577898
1702.927474379540000	 0.015167420187335
1703.160432994370000	 0.015097287799861
1703.393391609190000	 0.015072322221206
1703.626350224020000	 0.015089612698313
1703.859308838840000	 0.015138648656083
1704.092267453670000	 0.015202421990433
1704.325226068500000	 0.015261722716604
1704.558184683320000	 0.015301243821837
1704.791143298150000	 0.015314780734724
1705.024101912980000	 0.015306686630680
1705.257060527800000	 0.015288560857752
1705.490019142630000	 0.015272985811951
1705.722977757450000	 0.015267740929160
1705.955936372280000	 0.015273140510464
1706.188894987110000	 0.015283032789977
1706.421853601930000	 0.015288263481194
1706.654812216760000	 0.015280706538405
1706.887770831580000	 0.015256096633262
1707.120729446410000	 0.015214647592909
1707.353688061240000	 0.015159635894656
1707.586646676060000	 0.015095210638146
1707.819605290890000	 0.015024908355722
1708.052563905720000	 0.014951554077449
1708.285522520540000	 0.014878117317636
1708.518481135370000	 0.014808496363805
1708.751439750190000	 0.014747395570875
1708.984398365020000	 0.014699150260604
1709.217356979850000	 0.014666072401010
1709.450315594670000	 0.014647253277865
1709.683274209500000	 0.014638582248450
1709.916232824330000	 0.014634102581506
1710.149191439150000	 0.014628067781332
1710.382150053980000	 0.014616643605164
1710.615108668800000	 0.014598421828569
1710.848067283630000	 0.014573667072465
1711.081025898460000	 0.014543013963361
1711.313984513280000	 0.014506620972171
1711.546943128110000	 0.014464377293503
1711.779901742940000	 0.014416951605765
1712.012860357760000	 0.014366829850102
1712.245818972590000	 0.014318442333565
1712.478777587410000	 0.014277050300474
1712.711736202240000	 0.014246877283540
1712.944694817070000	 0.014229526405642
1713.177653431890000	 0.014223682685250
1713.410612046720000	 0.014226440225134
1713.643570661540000	 0.014235618311226
1713.876529276370000	 0.014251665833696
1714.109487891200000	 0.014277729324474
1714.342446506020000	 0.014317346097098
1714.575405120850000	 0.014370623320998
1714.808363735680000	 0.014430942643050
1715.041322350500000	 0.014484538826477
1715.274280965330000	 0.014514339362368
1715.507239580150000	 0.014507203292534
1715.740198194980000	 0.014461116826462
1715.973156809810000	 0.014388077987690
1716.206115424630000	 0.014310711724077
1716.439074039460000	 0.014254499091485
1716.672032654290000	 0.014239563783139
1716.904991269110000	 0.014275037188439
1717.137949883940000	 0.014356921065862
1717.370908498760000	 0.014469148270568
1717.603867113590000	 0.014587449740841
1717.836825728420000	 0.014685509082907
1718.069784343240000	 0.014741810391475
1718.302742958070000	 0.014744362942030
1718.535701572900000	 0.014691175541584
1718.768660187720000	 0.014587253577612
1719.001618802550000	 0.014441174983463
1719.234577417370000	 0.014263593483082
1719.467536032200000	 0.014067511064183
1719.700494647030000	 0.013868514816759
1719.933453261850000	 0.013683426457021
1720.166411876680000	 0.013527234876165
1720.399370491500000	 0.013409545418173
1720.632329106330000	 0.013332245232122
1720.865287721160000	 0.013289539888138
1721.098246335980000	 0.013270437871842
1721.331204950810000	 0.013262732311912
1721.564163565640000	 0.013256915850716
1721.797122180460000	 0.013248455420408
1722.030080795290000	 0.013237556852858
1722.263039410110000	 0.013226784849428
1722.495998024940000	 0.013218019963558
1722.728956639770000	 0.013210481288747
1722.961915254590000	 0.013200760190682
1723.194873869420000	 0.013184570944762
1723.427832484250000	 0.013158995432360
1723.660791099070000	 0.013123823176228
1723.893749713900000	 0.013081192930113
1724.126708328720000	 0.013033806821285
1724.359666943550000	 0.012982902533826
1724.592625558380000	 0.012927322133397
1724.825584173200000	 0.012864283730444
1725.058542788030000	 0.012791364147511
1725.291501402850000	 0.012708472016513
1725.524460017680000	 0.012618631085608
1725.757418632510000	 0.012527099196124
1725.990377247330000	 0.012439285083214
1726.223335862160000	 0.012358580667497
1726.456294476990000	 0.012285249174888
1726.689253091810000	 0.012216896362807
1726.922211706640000	 0.012150167120448
1727.155170321460000	 0.012082671587454
1727.388128936290000	 0.012014114958688
1727.621087551120000	 0.011946174416973
1727.854046165940000	 0.011881462577446
1728.087004780770000	 0.011822429837023
1728.319963395600000	 0.011770968305541
1728.552922010420000	 0.011728869748819
1728.785880625250000	 0.011698581513737
1729.018839240070000	 0.011683373545580
1729.251797854900000	 0.011686306054008
1729.484756469730000	 0.011708132927284
1729.717715084550000	 0.011745086721426
1729.950673699380000	 0.011787918334869
1730.183632314210000	 0.011823299259583
1730.416590929030000	 0.011837679531462
1730.649549543860000	 0.011822265960433
1730.882508158680000	 0.011776764163156
1731.115466773510000	 0.011709841679226
1731.348425388340000	 0.011636021157475
1731.581384003160000	 0.011570721084032
1731.814342617990000	 0.011525937506789
1732.047301232810000	 0.011508247007923
1732.280259847640000	 0.011519302345998
1732.513218462470000	 0.011557827145160
1732.746177077290000	 0.011621694223649
1732.979135692120000	 0.011708883111045
1733.212094306950000	 0.011816746854960
1733.445052921770000	 0.011939898532948
1733.678011536600000	 0.012067909883420
1733.910970151420000	 0.012184529887395
1734.143928766250000	 0.012269853465400
1734.376887381080000	 0.012305513009092
1734.609845995900000	 0.012280862216889
1734.842804610730000	 0.012196721978379
1735.075763225560000	 0.012064325422512
1735.308721840380000	 0.011900352695613
1735.541680455210000	 0.011721457681369
1735.774639070030000	 0.011541187849564
1736.007597684860000	 0.011369749229386
1736.240556299690000	 0.011215191947023
1736.473514914510000	 0.011084341766379
1736.706473529340000	 0.010982603919029
1736.939432144170000	 0.010912759462623
1737.172390758990000	 0.010873603387153
1737.405349373820000	 0.010859553717669
1737.638307988640000	 0.010862058426040
1737.871266603470000	 0.010872714555189
1738.104225218300000	 0.010886837316811
1738.337183833120000	 0.010905557298314
1738.570142447950000	 0.010935053852646
1738.803101062770000	 0.010983038751459
1739.036059677600000	 0.011054030219450
1739.269018292430000	 0.011145438334502
1739.501976907250000	 0.011246074944984
1739.734935522080000	 0.011337928614392
1739.967894136910000	 0.011401062393880
1740.200852751730000	 0.011420112506646
1740.433811366560000	 0.011389514582024
1740.666769981380000	 0.011314684230594
1740.899728596210000	 0.011208727665727
1741.132687211040000	 0.011087164518329
1741.365645825860000	 0.010963904223739
1741.598604440690000	 0.010849945289314
1741.831563055520000	 0.010754016135611
1742.064521670340000	 0.010683398541014
1742.297480285170000	 0.010643600142273
1742.530438899990000	 0.010636668962049
1742.763397514820000	 0.010659085816242
1742.996356129650000	 0.010700804670784
1743.229314744470000	 0.010746759161596
1743.462273359300000	 0.010780977453062
1743.695231974120000	 0.010791858268985
1743.928190588950000	 0.010776122583623
1744.161149203780000	 0.010739338236783
1744.394107818600000	 0.010692724102777
1744.627066433430000	 0.010648042775608
1744.860025048260000	 0.010613318539263
1745.092983663080000	 0.010591330609071
1745.325942277910000	 0.010581062496200
1745.558900892730000	 0.010580717434486
1745.791859507560000	 0.010590286048310
1746.024818122390000	 0.010612111048567
1746.257776737210000	 0.010649138148261
1746.490735352040000	 0.010701955938298
1746.723693966870000	 0.010766545915906
1746.956652581690000	 0.010834382420957
1747.189611196520000	 0.010895244767009
1747.422569811340000	 0.010941491582591
1747.655528426170000	 0.010971478457148
1747.888487041000000	 0.010989980367604
1748.121445655820000	 0.011005012827913
1748.354404270650000	 0.011022549024416
1748.587362885480000	 0.011042018878149
1748.820321500300000	 0.011055296370348
1749.053280115130000	 0.011050230664603
1749.286238729950000	 0.011017400887338
1749.519197344780000	 0.010956725988202
1749.752155959610000	 0.010880124860623
1749.985114574430000	 0.010808381606278
1750.218073189260000	 0.010763697298601
1750.451031804080000	 0.010761599523488
1750.683990418910000	 0.010805498730088
1750.916949033740000	 0.010885298970122
1751.149907648560000	 0.010980002332509
1751.382866263390000	 0.011063685334309
1751.615824878220000	 0.011113544129952
1751.848783493040000	 0.011117227196509
1752.081742107870000	 0.011075814419688
1752.314700722690000	 0.011000805380395
1752.547659337520000	 0.010907517354755
1752.780617952350000	 0.010809319246857
1753.013576567170000	 0.010715307784346
1753.246535182000000	 0.010630931802829
1753.479493796830000	 0.010559559513438
1753.712452411650000	 0.010503358216418
1753.945411026480000	 0.010463024328868
1754.178369641300000	 0.010436973891855
1754.411328256130000	 0.010421105783792
1754.644286870960000	 0.010409953660903
1754.877245485780000	 0.010399098663226
1755.110204100610000	 0.010387725722986
1755.343162715440000	 0.010379859159874
1755.576121330260000	 0.010383361897410
1755.809079945090000	 0.010406892667495
1756.042038559910000	 0.010456045364650
1756.274997174740000	 0.010530315877810
1756.507955789570000	 0.010622212331662
1756.740914404390000	 0.010718970391408
1756.973873019220000	 0.010806310767052
1757.206831634040000	 0.010872797517393
1757.439790248870000	 0.010912968966554
1757.672748863700000	 0.010927894666030
1757.905707478520000	 0.010923148002426
1758.138666093350000	 0.010905581446360
1758.371624708180000	 0.010880708460314
1758.604583323000000	 0.010851724950525
1758.837541937830000	 0.010820039130070
1759.070500552650000	 0.010786487305175
1759.303459167480000	 0.010752413301729
1759.536417782310000	 0.010720195089211
1759.769376397130000	 0.010693250934593
1760.002335011960000	 0.010675804064558
1760.235293626790000	 0.010672629111088
1760.468252241610000	 0.010688724708340
1760.701210856440000	 0.010728597060347
1760.934169471260000	 0.010794847842882
1761.167128086090000	 0.010886116860054
1761.400086700920000	 0.010995022110050
1761.633045315740000	 0.011107315422085
1761.866003930570000	 0.011203622476215
1762.098962545390000	 0.011264342508953
1762.331921160220000	 0.011276404504567
1762.564879775050000	 0.011238635854066
1762.797838389870000	 0.011162447820156
1763.030797004700000	 0.011067168064243
1763.263755619530000	 0.010972685196249
1763.496714234350000	 0.010893272952849
1763.729672849180000	 0.010835002701815
1763.962631464000000	 0.010796834315005
1764.195590078830000	 0.010773959202559
1764.428548693660000	 0.010761534357544
1764.661507308480000	 0.010757183177879
1764.894465923310000	 0.010761310557202
1765.127424538140000	 0.010775331725835
1765.360383152960000	 0.010799031312829
1765.593341767790000	 0.010828807387097
1765.826300382610000	 0.010858080191894
1766.059258997440000	 0.010879908296376
1766.292217612270000	 0.010890593184508
1766.525176227090000	 0.010892431127631
1766.758134841920000	 0.010894075590518
1766.991093456750000	 0.010908071739585
1767.224052071570000	 0.010946469806362
1767.457010686400000	 0.011016275987270
1767.689969301220000	 0.011116450291483
1767.922927916050000	 0.011237450524438
1768.155886530880000	 0.011363490241665
1768.388845145700000	 0.011476959903700
1768.621803760530000	 0.011563721998434
1768.854762375350000	 0.011617336109797
1769.087720990180000	 0.011640396718533
1769.320679605010000	 0.011642559667850
1769.553638219830000	 0.011636655277304
1769.786596834660000	 0.011634990549880
1770.019555449490000	 0.011647124870990
1770.252514064310000	 0.011679124861587
1770.485472679140000	 0.011733645448168
1770.718431293960000	 0.011810298108966
1770.951389908790000	 0.011906194715379
1771.184348523620000	 0.012016816965383
1771.417307138440000	 0.012137227983614
1771.650265753270000	 0.012263218835359
1771.883224368100000	 0.012391667241612
1772.116182982920000	 0.012519586623197
1772.349141597750000	 0.012642099655213
1772.582100212570000	 0.012750477858630
1772.815058827400000	 0.012831861065686
1773.048017442230000	 0.012871804189635
1773.280976057050000	 0.012859257339882
1773.513934671880000	 0.012791686158698
1773.746893286700000	 0.012677346749516
1773.979851901530000	 0.012533244466108
1774.212810516360000	 0.012379951667332
1774.445769131180000	 0.012235996380990
1774.678727746010000	 0.012114043865345
1774.911686360840000	 0.012019594453741
1775.144644975660000	 0.011951758275710
1775.377603590490000	 0.011905260718124
1775.610562205310000	 0.011872870182006
1775.843520820140000	 0.011847571967166
1776.076479434970000	 0.011823984613275
1776.309438049790000	 0.011798839501826
1776.542396664620000	 0.011770781916788
1776.775355279450000	 0.011740013338011
1777.008313894270000	 0.011708138496022
1777.241272509100000	 0.011678131287614
1777.474231123920000	 0.011653988220254
1777.707189738750000	 0.011639702360517
1777.940148353580000	 0.011637656833268
1778.173106968400000	 0.011647109229698
1778.406065583230000	 0.011663708191886
1778.639024198060000	 0.011680680244129
1778.871982812880000	 0.011691520855130
1779.104941427710000	 0.011693125517972
1779.337900042530000	 0.011687821422375
1779.570858657360000	 0.011683057288391
1779.803817272190000	 0.011688546047064
1780.036775887010000	 0.011711950355029
1780.269734501840000	 0.011755038495140
1780.502693116660000	 0.011812134295433
1780.735651731490000	 0.011871704935222
1780.968610346320000	 0.011920549831813
1781.201568961140000	 0.011948828437206
1781.434527575970000	 0.011953624909677
1781.667486190800000	 0.011939334836988
1781.900444805620000	 0.011914808823666
1782.133403420450000	 0.011888965856702
1782.366362035270000	 0.011867262936299
1782.599320650100000	 0.011850598865129
1782.832279264930000	 0.011836695848112
1783.065237879750000	 0.011822757519052
1783.298196494580000	 0.011807749193840
1783.531155109410000	 0.011793007162950
1783.764113724230000	 0.011780856121144
1783.997072339060000	 0.011772061130783
1784.230030953880000	 0.011763637374562
1784.462989568710000	 0.011748382349912
1784.695948183540000	 0.011716633318302
1784.928906798360000	 0.011659677501578
1785.161865413190000	 0.011573368955706
1785.394824028020000	 0.011460161950756
1785.627782642840000	 0.011328329873695
1785.860741257670000	 0.011188634898398
1786.093699872490000	 0.011050280343992
1786.326658487320000	 0.010918341417524
1786.559617102150000	 0.010793733001646
1786.792575716970000	 0.010675163505442
1787.025534331800000	 0.010561599411579
1787.258492946620000	 0.010453830086355
1787.491451561450000	 0.010354436081106
1787.724410176280000	 0.010266386812634
1787.957368791100000	 0.010191228046441
1788.190327405930000	 0.010128009672149
1788.423286020760000	 0.010073630336151
1788.656244635580000	 0.010024422975761
1788.889203250410000	 0.009978088483604
1789.122161865230000	 0.009934891710440
1789.355120480060000	 0.009897439435932
1789.588079094890000	 0.009869135753554
1789.821037709710000	 0.009852124165406
1790.053996324540000	 0.009845766206300
1790.286954939370000	 0.009846376776138
1790.519913554190000	 0.009848308392647
1790.752872169020000	 0.009845907926146
1790.985830783840000	 0.009835538410762
1791.218789398670000	 0.009816805524758
1791.451748013500000	 0.009792404061298
1791.684706628320000	 0.009766589775384
1791.917665243150000	 0.009742917309730
1792.150623857980000	 0.009722168864619
1792.383582472800000	 0.009701222087648
1792.616541087630000	 0.009673248469622
1792.849499702450000	 0.009629347458097
1793.082458317280000	 0.009561395391486
1793.315416932110000	 0.009465310666793
1793.548375546930000	 0.009343369742631
1793.781334161760000	 0.009204370320357
1794.014292776580000	 0.009061546363688
1794.247251391410000	 0.008929318168937
1794.480210006240000	 0.008820210572320
1794.713168621060000	 0.008742668190157
1794.946127235890000	 0.008699858694540
1795.179085850720000	 0.008689380888452
1795.412044465540000	 0.008703929250974
1795.645003080370000	 0.008732994785286
1795.877961695190000	 0.008765372805675
1796.110920310020000	 0.008791765736970
1796.343878924850000	 0.008806551652568
1796.576837539670000	 0.008808133676181
1796.809796154500000	 0.008798009291229
1797.042754769330000	 0.008779288560180
1797.275713384150000	 0.008755472821754
1797.508671998980000	 0.008729916256363
1797.741630613800000	 0.008705856712680
1797.974589228630000	 0.008686560825188
1798.207547843460000	 0.008675144496253
1798.440506458280000	 0.008673932852716
1798.673465073110000	 0.008683590738591
1798.906423687930000	 0.008702467030153
1799.139382302760000	 0.008726557742078
1799.372340917590000	 0.008750241994969
1799.605299532410000	 0.008767600484257
1799.838258147240000	 0.008773844093108
1800.071216762070000	 0.008766314941149
1800.304175376890000	 0.008744743713575
1800.537133991720000	 0.008710845515847
1800.770092606540000	 0.008667645420960
1801.003051221370000	 0.008618923708575
1801.236009836200000	 0.008568887122372
1801.468968451020000	 0.008521857345823
1801.701927065850000	 0.008481676293654
1801.934885680680000	 0.008450737525717
1802.167844295500000	 0.008428940880424
1802.400802910330000	 0.008413180000067
1802.633761525150000	 0.008397939921672
1802.866720139980000	 0.008377094540504
1803.099678754810000	 0.008346270852849
1803.332637369630000	 0.008304676694275
1803.565595984460000	 0.008255458298672
1803.798554599290000	 0.008204392964446
1804.031513214110000	 0.008157558415981
1804.264471828940000	 0.008119075422688
1804.497430443760000	 0.008089911566803
1804.730389058590000	 0.008068179790167
1804.963347673420000	 0.008050644435546
1805.196306288240000	 0.008034586436539
1805.429264903070000	 0.008019052742087
1805.662223517890000	 0.008004910615766
1805.895182132720000	 0.007993846553590
1806.128140747550000	 0.007987074202163
1806.361099362370000	 0.007984653163900
1806.594057977200000	 0.007985868286781
1806.827016592030000	 0.007990351671118
1807.059975206850000	 0.007999037546109
1807.292933821680000	 0.008014023718436
1807.525892436500000	 0.008037034200230
1807.758851051330000	 0.008067116837553
1807.991809666160000	 0.008098932825026
1808.224768280980000	 0.008123019889129
1808.457726895810000	 0.008128574792476
1808.690685510640000	 0.008107931716063
1808.923644125460000	 0.008060759058156
1809.156602740290000	 0.007995811777343
1809.389561355110000	 0.007929068838243
1809.622519969940000	 0.007878722429496
1809.855478584770000	 0.007858884661838
1810.088437199590000	 0.007874417411464
1810.321395814420000	 0.007918876208659
1810.554354429250000	 0.007976439068550
1810.787313044070000	 0.008027218640581
1811.020271658900000	 0.008053978310641
1811.253230273720000	 0.008047592499417
1811.486188888550000	 0.008009120619370
1811.719147503380000	 0.007947998463204
1811.952106118200000	 0.007877681105418
1812.185064733030000	 0.007810991444005
1812.418023347850000	 0.007757025879800
1812.650981962680000	 0.007720257057630
1812.883940577510000	 0.007701323479888
1813.116899192330000	 0.007698471590737
1813.349857807160000	 0.007708768378363
1813.582816421990000	 0.007728736878553
1813.815775036810000	 0.007754590084847
1814.048733651640000	 0.007782456016530
1814.281692266460000	 0.007808833093440
1814.514650881290000	 0.007831171557742
1814.747609496120000	 0.007848234494691
1814.980568110940000	 0.007859945767885
1815.213526725770000	 0.007866753826097
1815.446485340600000	 0.007868906961026
1815.679443955420000	 0.007866174682449
1815.912402570250000	 0.007858317322015
1816.145361185070000	 0.007846102449400
1816.378319799900000	 0.007832203629986
1816.611278414730000	 0.007821222567176
1816.844237029550000	 0.007818467743725
1817.077195644380000	 0.007827821691699
1817.310154259200000	 0.007849658982721
1817.543112874030000	 0.007879962438251
1817.776071488860000	 0.007911340798548
1818.009030103680000	 0.007935717415471
1818.241988718510000	 0.007947511703273
1818.474947333340000	 0.007945763527622
1818.707905948160000	 0.007934157624067
1818.940864562990000	 0.007919026597419
1819.173823177810000	 0.007906466572008
1819.406781792640000	 0.007900073093562
1819.639740407470000	 0.007900335783524
1819.872699022290000	 0.007905740596894
1820.105657637120000	 0.007914679141780
1820.338616251950000	 0.007926860692602
1820.571574866770000	 0.007943282596644
1820.804533481600000	 0.007964748753143
1821.037492096420000	 0.007989901607462
1821.270450711250000	 0.008014158339800
1821.503409326080000	 0.008030523054563
1821.736367940900000	 0.008032187423320
1821.969326555730000	 0.008015731958426
1822.202285170560000	 0.007983250746557
1822.435243785380000	 0.007942162908840
1822.668202400210000	 0.007902633584859
1822.901161015030000	 0.007873783274936
1823.134119629860000	 0.007860534061424
1823.367078244690000	 0.007862643943394
1823.600036859510000	 0.007876334614029
1823.832995474340000	 0.007897512792392
1824.065954089160000	 0.007924706633115
1824.298912703990000	 0.007960006127585
1824.531871318820000	 0.008007401367055
1824.764829933640000	 0.008069311213357
1824.997788548470000	 0.008143088067412
1825.230747163300000	 0.008219484603019
1825.463705778120000	 0.008284370211873
1825.696664392950000	 0.008323470287168
1825.929623007770000	 0.008328085860277
1826.162581622600000	 0.008298788068013
1826.395540237430000	 0.008245022583131
1826.628498852250000	 0.008181000429426
1826.861457467080000	 0.008120322718539
1827.094416081910000	 0.008072011472427
1827.327374696730000	 0.008039284047026
1827.560333311560000	 0.008020816566736
1827.793291926380000	 0.008013289584932
1828.026250541210000	 0.008013817860593
1828.259209156040000	 0.008021230066994
1828.492167770860000	 0.008035867681535
1828.725126385690000	 0.008058339036922
1828.958085000510000	 0.008088124832298
1829.191043615340000	 0.008122842551783
1829.424002230170000	 0.008158452131806
1829.656960844990000	 0.008190109894328
1829.889919459820000	 0.008213104918523
1830.122878074650000	 0.008223449674379
1830.355836689470000	 0.008218097984048
1830.588795304300000	 0.008195121075638
1830.821753919120000	 0.008154190086495
1831.054712533950000	 0.008097343790480
1831.287671148780000	 0.008029566123441
1831.520629763600000	 0.007958564983014
1831.753588378430000	 0.007893461193838
1831.986546993260000	 0.007842638734563
1832.219505608080000	 0.007811449549762
1832.452464222910000	 0.007800621268936
1832.685422837730000	 0.007806050238083
1832.918381452560000	 0.007820213376785
1833.151340067390000	 0.007834801362775
1833.384298682210000	 0.007843589368519
1833.617257297040000	 0.007844353666383
1833.850215911870000	 0.007839039493447
1834.083174526690000	 0.007832242528424
1834.316133141520000	 0.007828877492845
1834.549091756340000	 0.007832179748719
1834.782050371170000	 0.007842819349290
1835.015008986000000	 0.007859211665296
1835.247967600820000	 0.007878518748270
1835.480926215650000	 0.007897636512168
1835.713884830470000	 0.007913687108536
1835.946843445300000	 0.007923990898172
1836.179802060130000	 0.007925877321394
1836.412760674950000	 0.007916776118443
1836.645719289780000	 0.007894784682405
1836.878677904610000	 0.007859516020382
1837.111636519430000	 0.007812756890781
1837.344595134260000	 0.007758492216371
1837.577553749080000	 0.007702177851952
1837.810512363910000	 0.007649564423679
1838.043470978740000	 0.007605601785114
1838.276429593560000	 0.007573826173895
1838.509388208390000	 0.007556254923686
1838.742346823220000	 0.007553479840669
1838.975305438040000	 0.007564613294546
1839.208264052870000	 0.007587026637619
1839.441222667690000	 0.007616213130936
1839.674181282520000	 0.007646298190759
1839.907139897350000	 0.007671511009354
1840.140098512170000	 0.007688371432711
1840.373057127000000	 0.007697721311045
1840.606015741830000	 0.007705437101095
1840.838974356650000	 0.007721001684816
1841.071932971480000	 0.007754067438264
1841.304891586300000	 0.007810264436619
1841.537850201130000	 0.007888136865458
1841.770808815960000	 0.007978800558383
1842.003767430780000	 0.008068802347556
1842.236726045610000	 0.008145228448441
1842.469684660430000	 0.008200964956631
1842.702643275260000	 0.008237708253320
1842.935601890090000	 0.008265170039693
1843.168560504910000	 0.008296656883537
1843.401519119740000	 0.008342896396653
1843.634477734570000	 0.008406667934678
1843.867436349390000	 0.008480308746419
1844.100394964220000	 0.008547105147215
1844.333353579040000	 0.008586433969598
1844.566312193870000	 0.008581188618366
1844.799270808700000	 0.008524530081380
1845.032229423520000	 0.008422511454989
1845.265188038350000	 0.008291093089042
1845.498146653180000	 0.008149644272114
1845.731105268000000	 0.008014979265855
1845.964063882830000	 0.007898598234229
1846.197022497650000	 0.007806973295671
1846.429981112480000	 0.007743056771958
1846.662939727310000	 0.007707322754955
1846.895898342130000	 0.007697722878274
1847.128856956960000	 0.007709029804688
1847.361815571780000	 0.007732633389708
1847.594774186610000	 0.007757700244035
1847.827732801440000	 0.007773790917611
1848.060691416260000	 0.007774032362329
1848.293650031090000	 0.007757395736574
1848.526608645920000	 0.007728885037113
1848.759567260740000	 0.007697385757693
1848.992525875570000	 0.007672068570610
1849.225484490390000	 0.007658962681826
1849.458443105220000	 0.007659169416803
1849.691401720050000	 0.007669264306240
1849.924360334870000	 0.007683330735005
1850.157318949700000	 0.007695428768855
1850.390277564530000	 0.007701376431091
1850.623236179350000	 0.007699310970997
1850.856194794180000	 0.007689213542436
1851.089153409000000	 0.007672057497281
1851.322112023830000	 0.007649261913689
1851.555070638660000	 0.007622726901258
1851.788029253480000	 0.007595183117973
1852.020987868310000	 0.007570281469842
1852.253946483140000	 0.007551989351573
1852.486905097960000	 0.007543355256588
1852.719863712790000	 0.007545227156440
1852.952822327610000	 0.007555695152023
1853.185780942440000	 0.007570703753590
1853.418739557270000	 0.007585615381599
1853.651698172090000	 0.007596933237155
1853.884656786920000	 0.007603292117246
1854.117615401740000	 0.007605267997161
1854.350574016570000	 0.007604268239578
1854.583532631400000	 0.007601313429388
1854.816491246220000	 0.007596562801958
1855.049449861050000	 0.007589910221236
1855.282408475880000	 0.007582191241396
1855.515367090700000	 0.007576004864931
1855.748325705530000	 0.007575254601787
1855.981284320350000	 0.007583256649080
1856.214242935180000	 0.007600252780620
1856.447201550010000	 0.007621808666591
1856.680160164830000	 0.007639399351278
1856.913118779660000	 0.007643441956060
1857.146077394490000	 0.007627644318679
1857.379036009310000	 0.007592600723900
1857.611994624140000	 0.007546666682974
1857.844953238960000	 0.007503299374972
1858.077911853790000	 0.007475734630026
1858.310870468620000	 0.007471287396959
1858.543829083440000	 0.007487965110781
1858.776787698270000	 0.007515142491194
1859.009746313100000	 0.007538132037454
1859.242704927920000	 0.007544570068148
1859.475663542750000	 0.007529643815473
1859.708622157570000	 0.007497764236488
1859.941580772400000	 0.007460020066308
1860.174539387230000	 0.007428766158787
1860.407498002050000	 0.007412019060120
1860.640456616880000	 0.007410304602973
1860.873415231700000	 0.007417265580060
1861.106373846530000	 0.007423434837961
1861.339332461360000	 0.007421115157994
1861.572291076180000	 0.007407960435939
1861.805249691010000	 0.007387677370798
1862.038208305840000	 0.007367779308527
1862.271166920660000	 0.007355766505527
1862.504125535490000	 0.007355767841925
1862.737084150310000	 0.007367246046531
1862.970042765140000	 0.007386144448307
1863.203001379970000	 0.007407578440015
1863.435959994790000	 0.007428532790973
1863.668918609620000	 0.007449245041934
1863.901877224450000	 0.007472782824698
1864.134835839270000	 0.007503262993072
1864.367794454100000	 0.007543742459926
1864.600753068920000	 0.007594793891261
1864.833711683750000	 0.007654258724956
1865.066670298580000	 0.007718008800467
1865.299628913400000	 0.007781136336147
1865.532587528230000	 0.007838998176104
1865.765546143050000	 0.007887845599202
1865.998504757880000	 0.007925106320569
1866.231463372710000	 0.007949530182471
1866.464421987530000	 0.007961319313295
1866.697380602360000	 0.007962166028540
1866.930339217190000	 0.007955010607092
1867.163297832010000	 0.007943421026647
1867.396256446840000	 0.007930741141198
1867.629215061660000	 0.007919373476072
1867.862173676490000	 0.007910568277779
1868.095132291320000	 0.007904824495903
1868.328090906140000	 0.007902612797970
1868.561049520970000	 0.007904869993986
1868.794008135800000	 0.007912794309686
1869.026966750620000	 0.007926891115354
1869.259925365450000	 0.007945761573585
1869.492883980270000	 0.007965464165663
1869.725842595100000	 0.007980129931474
1869.958801209930000	 0.007983834419683
1870.191759824750000	 0.007972871929490
1870.424718439580000	 0.007947160146534
1870.657677054410000	 0.007909927954956
1870.890635669230000	 0.007865859243350
1871.123594284060000	 0.007818761260205
1871.356552898880000	 0.007770038155372
1871.589511513710000	 0.007718756843673
1871.822470128540000	 0.007663246057651
1872.055428743360000	 0.007603376412836
1872.288387358190000	 0.007542257394512
1872.521345973010000	 0.007486283256307
1872.754304587840000	 0.007443269747233
1872.987263202670000	 0.007419483563774
1873.220221817490000	 0.007417050964823
1873.453180432320000	 0.007433079032375
1873.686139047150000	 0.007460906622273
1873.919097661970000	 0.007492775016685
1874.152056276800000	 0.007522505643583
1874.385014891620000	 0.007546851459312
1874.617973506450000	 0.007564993058108
1874.850932121280000	 0.007576747259975
1875.083890736100000	 0.007580823033702
1875.316849350930000	 0.007574424626527
1875.549807965760000	 0.007554658200597
1875.782766580580000	 0.007521034074138
1876.015725195410000	 0.007477552952171
1876.248683810230000	 0.007432902765673
1876.481642425060000	 0.007398204362720
1876.714601039890000	 0.007383076260456
1876.947559654710000	 0.007391803233926
1877.180518269540000	 0.007421478121904
1877.413476884370000	 0.007463057722617
1877.646435499190000	 0.007504849390707
1877.879394114020000	 0.007536801828402
1878.112352728840000	 0.007553682663937
1878.345311343670000	 0.007555883748898
1878.578269958500000	 0.007547826365333
1878.811228573320000	 0.007535088004958
1879.044187188150000	 0.007521836358803
1879.277145802970000	 0.007509727656756
1879.510104417800000	 0.007498427261387
1879.743063032630000	 0.007486976072970
1879.976021647450000	 0.007474896867177
1880.208980262280000	 0.007462342382831
1880.441938877110000	 0.007449408998699
1880.674897491930000	 0.007435407313390
1880.907856106760000	 0.007418933659001
1881.140814721580000	 0.007398978203124
1881.373773336410000	 0.007376444295354
1881.606731951240000	 0.007354935467895
1881.839690566060000	 0.007339891169422
1882.072649180890000	 0.007336073524920
1882.305607795720000	 0.007344527737935
1882.538566410540000	 0.007360757630303
1882.771525025370000	 0.007375490964732
1883.004483640190000	 0.007378144614658
1883.237442255020000	 0.007361599108318
1883.470400869850000	 0.007325998162328
1883.703359484670000	 0.007279534560199
1883.936318099500000	 0.007235520298672
1884.169276714320000	 0.007206855333830
1884.402235329150000	 0.007200390180829
1884.635193943980000	 0.007213851953126
1884.868152558800000	 0.007236812386777
1885.101111173630000	 0.007255222932220
1885.334069788460000	 0.007257346843243
1885.567028403280000	 0.007238331505797
1885.799987018110000	 0.007201442659040
1886.032945632930000	 0.007155702748033
1886.265904247760000	 0.007111440966240
1886.498862862590000	 0.007076141450295
1886.731821477410000	 0.007052536881422
1886.964780092240000	 0.007039478908614
1887.197738707070000	 0.007034592442285
1887.430697321890000	 0.007036912505706
1887.663655936720000	 0.007047950815215
1887.896614551540000	 0.007070708571475
1888.129573166370000	 0.007107398581281
1888.362531781200000	 0.007157345106500
1888.595490396020000	 0.007216314033070
1888.828449010850000	 0.007277599679023
1889.061407625680000	 0.007334190467718
1889.294366240500000	 0.007380838994834
1889.527324855330000	 0.007415064224669
1889.760283470150000	 0.007436810090107
1889.993242084980000	 0.007447259543231
1890.226200699810000	 0.007447714954437
1890.459159314630000	 0.007439245995782
1890.692117929460000	 0.007423116749754
1890.925076544280000	 0.007401359154073
1891.158035159110000	 0.007376765376190
1891.390993773940000	 0.007352074897279
1891.623952388760000	 0.007328817238954
1891.856911003590000	 0.007306639443078
1892.089869618420000	 0.007283754303635
1892.322828233240000	 0.007258484536623
1892.555786848070000	 0.007231107719682
1892.788745462890000	 0.007204804540646
1893.021704077720000	 0.007184831462861
1893.254662692550000	 0.007176024529402
1893.487621307370000	 0.007179853606346
1893.720579922200000	 0.007192757396094
1893.953538537030000	 0.007206987685555
1894.186497151850000	 0.007213888908078
1894.419455766680000	 0.007208145581753
1894.652414381500000	 0.007190826848138
1894.885372996330000	 0.007169475116200
1895.118331611160000	 0.007154887695925
1895.351290225980000	 0.007155963522859
1895.584248840810000	 0.007175128708284
1895.817207455630000	 0.007206724062668
1896.050166070460000	 0.007239288476748
1896.283124685290000	 0.007260635414635
1896.516083300110000	 0.007263149258535
1896.749041914940000	 0.007246689197372
1896.982000529770000	 0.007217875979023
1897.214959144590000	 0.007186488694387
1897.447917759420000	 0.007161092211838
1897.680876374240000	 0.007146160189771
1897.913834989070000	 0.007141904447344
1898.146793603900000	 0.007146419196523
1898.379752218720000	 0.007158476237719
1898.612710833550000	 0.007179054913665
1898.845669448380000	 0.007210600568975
1899.078628063200000	 0.007254535536195
1899.311586678030000	 0.007308747214658
1899.544545292850000	 0.007366887398903
1899.777503907680000	 0.007420256699698
1900.010462522510000	 0.007461450184804
1900.243421137330000	 0.007487752453917
1900.476379752160000	 0.007502224278250
1900.709338366990000	 0.007511625357907
1900.942296981810000	 0.007522136942265
1901.175255596640000	 0.007535225669481
1901.408214211460000	 0.007546075638175
1901.641172826290000	 0.007545707687214
1901.874131441120000	 0.007525904008902
1902.107090055940000	 0.007484446411490
1902.340048670770000	 0.007427849283414
1902.573007285590000	 0.007369964600409
1902.805965900420000	 0.007326967799349
1903.038924515250000	 0.007311135284049
1903.271883130070000	 0.007326422218363
1903.504841744900000	 0.007367834134053
1903.737800359730000	 0.007424579690851
1903.970758974550000	 0.007485113000870
1904.203717589380000	 0.007541389585227
1904.436676204200000	 0.007590322717850
1904.669634819030000	 0.007632130827676
1904.902593433860000	 0.007667045765768
1905.135552048680000	 0.007692694800823
1905.368510663510000	 0.007703917727135
1905.601469278340000	 0.007695205155656
1905.834427893160000	 0.007664295641775
1906.067386507990000	 0.007614705019153
1906.300345122810000	 0.007555515478740
1906.533303737640000	 0.007498303295998
1906.766262352470000	 0.007452725633742
1906.999220967290000	 0.007423052489353
1907.232179582120000	 0.007407388707926
1907.465138196950000	 0.007399834650038
1907.698096811770000	 0.007394255124625
1907.931055426600000	 0.007387528521485
1908.164014041420000	 0.007380542294561
1908.396972656250000	 0.007376556253094
1908.629931271080000	 0.007378103268099
1908.862889885900000	 0.007384431647935
1909.095848500730000	 0.007391119023996
1909.328807115550000	 0.007392153231206
1909.561765730380000	 0.007383304965703
1909.794724345210000	 0.007364862380494
1910.027682960030000	 0.007342145518962
1910.260641574860000	 0.007323437113367
1910.493600189690000	 0.007316380227480
1910.726558804510000	 0.007324730760531
1910.959517419340000	 0.007347140306625
1911.192476034160000	 0.007378495114201
1911.425434648990000	 0.007412927274486
1911.658393263820000	 0.007446779776191
1911.891351878640000	 0.007479993818906
1912.124310493470000	 0.007515386698622
1912.357269108300000	 0.007556446411472
1912.590227723120000	 0.007604943442326
1912.823186337950000	 0.007659573075417
1913.056144952770000	 0.007716148125684
1913.289103567600000	 0.007769003634930
1913.522062182430000	 0.007812732801840
1913.755020797250000	 0.007843410031341
1913.987979412080000	 0.007858965491892
1914.220938026910000	 0.007858957169774
1914.453896641730000	 0.007844237528704
1914.686855256560000	 0.007816810476509
1914.919813871380000	 0.007779747540775
1915.152772486210000	 0.007736769997924
1915.385731101040000	 0.007691264400385
1915.618689715860000	 0.007645007425931
1915.851648330690000	 0.007597355712308
1916.084606945510000	 0.007545685575233
1916.317565560340000	 0.007487290243357
1916.550524175170000	 0.007422020485935
1916.783482789990000	 0.007354250839880
1917.016441404820000	 0.007292790363383
1917.249400019650000	 0.007248247149565
1917.482358634470000	 0.007228682455273
1917.715317249300000	 0.007235459660898
1917.948275864120000	 0.007261444355691
1918.181234478950000	 0.007292929537331
1918.414193093780000	 0.007314983954861
1918.647151708600000	 0.007317947997155
1918.880110323430000	 0.007301688879040
1919.113068938260000	 0.007275121473873
1919.346027553080000	 0.007251241167249
1919.578986167910000	 0.007240609861595
1919.811944782730000	 0.007246889637115
1920.044903397560000	 0.007266440279428
1920.277862012390000	 0.007291615767774
1920.510820627210000	 0.007315633627279
1920.743779242040000	 0.007336322079232
1920.976737856860000	 0.007356707792742
1921.209696471690000	 0.007382082500280
1921.442655086520000	 0.007415211465064
1921.675613701340000	 0.007452579126727
1921.908572316170000	 0.007484126024586
1922.141530931000000	 0.007497004293848
1922.374489545820000	 0.007481611369108
1922.607448160650000	 0.007436795951909
1922.840406775470000	 0.007371356877408
1923.073365390300000	 0.007300748868684
1923.306324005130000	 0.007240484408536
1923.539282619950000	 0.007199665274632
1923.772241234780000	 0.007178087488622
1924.005199849610000	 0.007168288098805
1924.238158464430000	 0.007161021985679
1924.471117079260000	 0.007150779764058
1924.704075694080000	 0.007138165799352
1924.937034308910000	 0.007128005635088
1925.169992923740000	 0.007124654538527
1925.402951538560000	 0.007127612777772
1925.635910153390000	 0.007130338414571
1925.868868768220000	 0.007123271838284
1926.101827383040000	 0.007099588549267
1926.334785997870000	 0.007060403800880
1926.567744612690000	 0.007016102684661
1926.800703227520000	 0.006982391710899
1927.033661842350000	 0.006972647144596
1927.266620457170000	 0.006990436332532
1927.499579072000000	 0.007026267727032
1927.732537686820000	 0.007060559947545
1927.965496301650000	 0.007071690447737
1928.198454916480000	 0.007045409898983
1928.431413531300000	 0.006981137287405
1928.664372146130000	 0.006892121380543
1928.897330760960000	 0.006799525687809
1929.130289375780000	 0.006723544853584
1929.363247990610000	 0.006675958873983
1929.596206605430000	 0.006657421406494
1929.829165220260000	 0.006660076394803
1930.062123835090000	 0.006673392995119
1930.295082449910000	 0.006689768254761
1930.528041064740000	 0.006707025317220
1930.760999679570000	 0.006727009153441
1930.993958294390000	 0.006751829517983
1931.226916909220000	 0.006780544597721
1931.459875524040000	 0.006808548816298
1931.692834138870000	 0.006830060878786
1931.925792753700000	 0.006842079171619
1932.158751368520000	 0.006847167940223
1932.391709983350000	 0.006853047010946
1932.624668598180000	 0.006868849509111
1932.857627213000000	 0.006899957992579
1933.090585827830000	 0.006944274644005
1933.323544442650000	 0.006992077038016
1933.556503057480000	 0.007029718350501
1933.789461672310000	 0.007045420838316
1934.022420287130000	 0.007034336462514
1934.255378901960000	 0.007000469493765
1934.488337516780000	 0.006954755783697
1934.721296131610000	 0.006910596341008
1934.954254746440000	 0.006879261073671
1935.187213361260000	 0.006867226175036
1935.420171976090000	 0.006876072878523
1935.653130590920000	 0.006904044350778
1935.886089205740000	 0.006947635111544
1936.119047820570000	 0.007002010431200
1936.352006435390000	 0.007060262167756
1936.584965050220000	 0.007112665008191
1936.817923665050000	 0.007147401642039
1937.050882279870000	 0.007153429515054
1937.283840894700000	 0.007124712848732
1937.516799509530000	 0.007063803629660
1937.749758124350000	 0.006982547663867
1937.982716739180000	 0.006898842494106
1938.215675354000000	 0.006830389207203
1938.448633968830000	 0.006788097432780
1938.681592583660000	 0.006772146273375
1938.914551198480000	 0.006772467487718
1939.147509813310000	 0.006773334900745
1939.380468428130000	 0.006759902273669
1939.613427042960000	 0.006723780290037
1939.846385657790000	 0.006665402143042
1940.079344272610000	 0.006592647024613
1940.312302887440000	 0.006517021579499
1940.545261502270000	 0.006449604110197
1940.778220117090000	 0.006398521782796
1941.011178731920000	 0.006368419572980
1941.244137346740000	 0.006361111580616
1941.477095961570000	 0.006376124731725
1941.710054576400000	 0.006410330883878
1941.943013191220000	 0.006456899565012
1942.175971806050000	 0.006504664878959
1942.408930420880000	 0.006539112734939
1942.641889035700000	 0.006545455188692
1942.874847650530000	 0.006513023719113
1943.107806265350000	 0.006439130412624
1943.340764880180000	 0.006330365653222
1943.573723495010000	 0.006200450879720
1943.806682109830000	 0.006065737903000
1944.039640724660000	 0.005940842272191
1944.272599339490000	 0.005836597283000
1944.505557954310000	 0.005760788517734
1944.738516569140000	 0.005720298249935
1944.971475183960000	 0.005722497735781
1945.204433798790000	 0.005774283288388
1945.437392413620000	 0.005878673667110
1945.670351028440000	 0.006030558993285
1945.903309643270000	 0.006214050372481
1946.136268258090000	 0.006403347209531
1946.369226872920000	 0.006567410571747
1946.602185487750000	 0.006676973877868
1946.835144102570000	 0.006711439606240
1947.068102717400000	 0.006663354336798
1947.301061332230000	 0.006539259027132
1947.534019947050000	 0.006357244898188
1947.766978561880000	 0.006142723866083
1947.999937176700000	 0.005924077493250
1948.232895791530000	 0.005728975429622
1948.465854406360000	 0.005581037972060
1948.698813021180000	 0.005496150214808
1948.931771636010000	 0.005478511139516
1949.164730250840000	 0.005517848415895
1949.397688865660000	 0.005589971662341
1949.630647480490000	 0.005662086504446
1949.863606095310000	 0.005702215591979
1950.096564710140000	 0.005689805221738
1950.329523324970000	 0.005623406270504
1950.562481939790000	 0.005521899492757
1950.795440554620000	 0.005418051652431
1951.028399169450000	 0.005346472620773
1951.261357784270000	 0.005330797440020
1951.494316399100000	 0.005375494790524
1951.727275013920000	 0.005465531760146
1951.960233628750000	 0.005573381003816
1952.193192243580000	 0.005669651166038
1952.426150858400000	 0.005732510510752
1952.659109473230000	 0.005752321410269
1952.892068088050000	 0.005730681836046
1953.125026702880000	 0.005675920030290
1953.357985317710000	 0.005598486940582
1953.590943932530000	 0.005508885217983
1953.823902547360000	 0.005418385441389
1954.056861162190000	 0.005340456485856
1954.289819777010000	 0.005290145358846
1954.522778391840000	 0.005280095063587
1954.755737006660000	 0.005314618910234
1954.988695621490000	 0.005385422836872
1955.221654236320000	 0.005472512652190
1955.454612851140000	 0.005551284690393
1955.687571465970000	 0.005603201635179
1955.920530080800000	 0.005624897706680
1956.153488695620000	 0.005630561094237
1956.386447310450000	 0.005645321896299
1956.619405925270000	 0.005692017884308
1956.852364540100000	 0.005777711421391
1957.085323154930000	 0.005887142329678
1957.318281769750000	 0.005987128376934
1957.551240384580000	 0.006040483966106
1957.784198999400000	 0.006023224253198
1958.017157614230000	 0.005936911450032
1958.250116229060000	 0.005809878306255
1958.483074843880000	 0.005686192099142
1958.716033458710000	 0.005607360506568
1958.948992073540000	 0.005595515266648
1959.181950688360000	 0.005645782429877
1959.414909303190000	 0.005730508010716
1959.647867918010000	 0.005812156251453
1959.880826532840000	 0.005858114548837
1960.113785147670000	 0.005850651761618
1960.346743762490000	 0.005788511230603
1960.579702377320000	 0.005681380512587
1960.812660992150000	 0.005542149125204
1961.045619606970000	 0.005382224761560
1961.278578221800000	 0.005212125384939
1961.511536836620000	 0.005045314722085
1961.744495451450000	 0.004900667145127
1961.977454066280000	 0.004799694276167
1962.210412681100000	 0.004758340619962
1962.443371295930000	 0.004777453541897
1962.676329910760000	 0.004837991859608
1962.909288525580000	 0.004905122523372
1963.142247140410000	 0.004940676582638
1963.375205755230000	 0.004918768105574
1963.608164370060000	 0.004837195472376
1963.841122984890000	 0.004718692202801
1964.074081599710000	 0.004600815242731
1964.307040214540000	 0.004519151508136
1964.539998829360000	 0.004492222755725
1964.772957444190000	 0.004515498642484
1965.005916059020000	 0.004566856637407
1965.238874673840000	 0.004619824245321
1965.471833288670000	 0.004657267301700
1965.704791903500000	 0.004678424947409
1965.937750518320000	 0.004696042439529
1966.170709133150000	 0.004725891671233
1966.403667747970000	 0.004775158265907
1966.636626362800000	 0.004836502911057
1966.869584977630000	 0.004890989379690
1967.102543592450000	 0.004917889317157
1967.335502207280000	 0.004905592135563
1967.568460822110000	 0.004857345875404
1967.801419436930000	 0.004788576554149
1968.034378051760000	 0.004717548847258
1968.267336666580000	 0.004655167103141
1968.500295281410000	 0.004600082105997
1968.733253896240000	 0.004541752290716
1968.966212511060000	 0.004469184212588
1969.199171125890000	 0.004379841002643
1969.432129740720000	 0.004283338346236
1969.665088355540000	 0.004197751826495
1969.898046970370000	 0.004140754908842
1970.131005585190000	 0.004120805794041
1970.363964200020000	 0.004133394958251
1970.596922814850000	 0.004164191512772
1970.829881429670000	 0.004196850411835
1971.062840044500000	 0.004220671130244
1971.295798659320000	 0.004233636221611
1971.528757274150000	 0.004239419037080
1971.761715888980000	 0.004240941566823
1971.994674503800000	 0.004235404793743
1972.227633118630000	 0.004214763259037
1972.460591733460000	 0.004171964273481
1972.693550348280000	 0.004109250685121
1972.926508963110000	 0.004042883570948
1973.159467577930000	 0.004000091935235
1973.392426192760000	 0.004008435323558
1973.625384807590000	 0.004082657152622
1973.858343422410000	 0.004216266048562
1974.091302037240000	 0.004382862466043
1974.324260652070000	 0.004547019703682
1974.557219266890000	 0.004679488126385
1974.790177881720000	 0.004769211784162
1975.023136496540000	 0.004826143588560
1975.256095111370000	 0.004873571159683
1975.489053726200000	 0.004934390812026
1975.722012341020000	 0.005019134317957
1975.954970955850000	 0.005122278969280
1976.187929570670000	 0.005228269703370
1976.420888185500000	 0.005323016376211
1976.653846800330000	 0.005403624748548
1976.886805415150000	 0.005480276165465
1977.119764029980000	 0.005568905790321
1977.352722644810000	 0.005679078530472
1977.585681259630000	 0.005804678930386
1977.818639874460000	 0.005923542922435
1978.051598489280000	 0.006006927398224
1978.284557104110000	 0.006033955972974
1978.517515718940000	 0.006003058197122
1978.750474333760000	 0.005933634636669
1978.983432948590000	 0.005856429614913
1979.216391563420000	 0.005797657423141
1979.449350178240000	 0.005765643804945
1979.682308793070000	 0.005747084815631
1979.915267407890000	 0.005714350721879
1980.148226022720000	 0.005639405385918
1980.381184637550000	 0.005506990268758
1980.614143252370000	 0.005320705071346
1980.847101867200000	 0.005099721388408
1981.080060482030000	 0.004869005109262
1981.313019096850000	 0.004649253531993
1981.545977711680000	 0.004452261560802
1981.778936326500000	 0.004283546472706
1982.011894941330000	 0.004149362471247
1982.244853556160000	 0.004062544448092
1982.477812170980000	 0.004042382976641
1982.710770785810000	 0.004107488505033
1982.943729400630000	 0.004265171021009
1983.176688015460000	 0.004503406089739
1983.409646630290000	 0.004790377962228
1983.642605245110000	 0.005082693034340
1983.875563859940000	 0.005339015504129
1984.108522474770000	 0.005533250718295
1984.341481089590000	 0.005661548352509
1984.574439704420000	 0.005740261823500
1984.807398319240000	 0.005796322010354
1985.040356934070000	 0.005854968327203
1985.273315548900000	 0.005930416480998
1985.506274163720000	 0.006022706827058
1985.739232778550000	 0.006120469120228
1985.972191393380000	 0.006206800423293
1986.205150008200000	 0.006264954534805
1986.438108623030000	 0.006281844545462
1986.671067237850000	 0.006249363895802
1986.904025852680000	 0.006164888719626
1987.136984467510000	 0.006032192337524
1987.369943082330000	 0.005862623197291
1987.602901697160000	 0.005674959327259
1987.835860311980000	 0.005492164868517
1988.068818926810000	 0.005334844720480
1988.301777541640000	 0.005213727818581
1988.534736156460000	 0.005125209250537
1988.767694771290000	 0.005053264310412
1989.000653386120000	 0.004977916798408
1989.233612000940000	 0.004886653361436
1989.466570615770000	 0.004782992720122
1989.699529230590000	 0.004687247190101
1989.932487845420000	 0.004628255754177
1990.165446460250000	 0.004629808507791
1990.398405075070000	 0.004698796726771
1990.631363689900000	 0.004821526211830
1990.864322304730000	 0.004970270759107
1991.097280919550000	 0.005116639676853
1991.330239534380000	 0.005244761939586
1991.563198149200000	 0.005357310487710
1991.796156764030000	 0.005470934528123
1992.029115378860000	 0.005603256948406
1992.262073993680000	 0.005758526285491
1992.495032608510000	 0.005920288079162
1992.727991223340000	 0.006055819250438
1992.960949838160000	 0.006130444247336
1993.193908452990000	 0.006124151131757
1993.426867067810000	 0.006041487245873
1993.659825682640000	 0.005909357235799
1993.892784297470000	 0.005764013451480
1994.125742912290000	 0.005634363515119
1994.358701527120000	 0.005530351233939
1994.591660141940000	 0.005441928160995
1994.824618756770000	 0.005348263006744
1995.057577371600000	 0.005231616791817
1995.290535986420000	 0.005088201784382
1995.523494601250000	 0.004930283156067
1995.756453216080000	 0.004778921525030
1995.989411830900000	 0.004652308738860
1996.222370445730000	 0.004557115204713
1996.455329060550000	 0.004487998552753
1996.688287675380000	 0.004435045905946
1996.921246290210000	 0.004393932651434
1997.154204905030000	 0.004371861541833
1997.387163519860000	 0.004384817774673
1997.620122134690000	 0.004447062034872
1997.853080749510000	 0.004558968996009
1998.086039364340000	 0.004700916483043
1998.318997979160000	 0.004837741939330
1998.551956593990000	 0.004932296323848
1998.784915208820000	 0.004961375384220
1999.017873823640000	 0.004925570506274
1999.250832438470000	 0.004847355898283
1999.483791053300000	 0.004757975597041
1999.716749668120000	 0.004680220561478
1999.949708282950000	 0.004616916108122
2000.182666897770000	 0.004551837143282
2000.415625512600000	 0.004462657739498
2000.648584127430000	 0.004338646943947
2000.881542742250000	 0.004192855302981
2001.114501357080000	 0.004061070601057
2001.347459971900000	 0.003986880629023
2001.580418586730000	 0.004000186482999
2001.813377201560000	 0.004100667245704
2002.046335816380000	 0.004255265417083
2002.279294431210000	 0.004411303381488
2002.512253046040000	 0.004518803091977
2002.745211660860000	 0.004551060232358
2002.978170275690000	 0.004513494336968
2003.211128890510000	 0.004436872206721
2003.444087505340000	 0.004359297480916
2003.677046120170000	 0.004307225905947
2003.910004734990000	 0.004285609719361
2004.142963349820000	 0.004281374929595
2004.375921964650000	 0.004276619696912
2004.608880579470000	 0.004262667812920
2004.841839194300000	 0.004246113274504
2005.074797809120000	 0.004243209389917
2005.307756423950000	 0.004266464051192
2005.540715038780000	 0.004312479143678
2005.773673653600000	 0.004359562159321
2006.006632268430000	 0.004377811285155
2006.239590883260000	 0.004346763719689
2006.472549498080000	 0.004270513550621
2006.705508112910000	 0.004180458818851
2006.938466727730000	 0.004122112440442
2007.171425342560000	 0.004131732150635
2007.404383957390000	 0.004215168395310
2007.637342572210000	 0.004340820370407
2007.870301187040000	 0.004451315910541
2008.103259801860000	 0.004488911914075
2008.336218416690000	 0.004422549948488
2008.569177031520000	 0.004263257722111
2008.802135646340000	 0.004060140892030
2009.035094261170000	 0.003879189284111
2009.268052876000000	 0.003775883031686
2009.501011490820000	 0.003774825715030
2009.733970105650000	 0.003864671968296
2009.966928720470000	 0.004008330210158
2010.199887335300000	 0.004161490482293
2010.432845950130000	 0.004289767577541
2010.665804564950000	 0.004376899493269
2010.898763179780000	 0.004422249160790
2011.131721794610000	 0.004432027401804
2011.364680409430000	 0.004411425031393
2011.597639024260000	 0.004362756103750
2011.830597639080000	 0.004289629026448
2012.063556253910000	 0.004202578429114
2012.296514868740000	 0.004120377368455
2012.529473483560000	 0.004064214360708
2012.762432098390000	 0.004047227076158
2012.995390713210000	 0.004065889387879
2013.228349328040000	 0.004099558807389
2013.461307942870000	 0.004120168649914
2013.694266557690000	 0.004108199967360
2013.927225172520000	 0.004066843045301
2014.160183787350000	 0.004026010823659
2014.393142402170000	 0.004032365121071
2014.626101017000000	 0.004128889415620
2014.859059631820000	 0.004333496606615
2015.092018246650000	 0.004626929882636
2015.324976861480000	 0.004955635659463
2015.557935476300000	 0.005248386536221
2015.790894091130000	 0.005439589730664
2016.023852705960000	 0.005489606581190
2016.256811320780000	 0.005394115761576
2016.489769935610000	 0.005180116960174
2016.722728550430000	 0.004892736105820
2016.955687165260000	 0.004580571660709
2017.188645780090000	 0.004285977197436
2017.421604394910000	 0.004042038540978
2017.654563009740000	 0.003873550304975
2017.887521624570000	 0.003797689690495
2018.120480239390000	 0.003821812445152
2018.353438854220000	 0.003939229457622
2018.586397469040000	 0.004126382335507
2018.819356083870000	 0.004344823234683
2019.052314698700000	 0.004549067266826
2019.285273313520000	 0.004698261982740
2019.518231928350000	 0.004767290445663
2019.751190543170000	 0.004752566278375
2019.984149158000000	 0.004669965998610
2020.217107772830000	 0.004546289357768
2020.450066387650000	 0.004408941895757
2020.683025002480000	 0.004278832937681
2020.915983617310000	 0.004168657286178
2021.148942232130000	 0.004085001760138
2021.381900846960000	 0.004030672243289
2021.614859461780000	 0.004004443278175
2021.847818076610000	 0.003998376191656
2022.080776691440000	 0.003995811315895
2022.313735306260000	 0.003973849406230
2022.546693921090000	 0.003911805947730
2022.779652535920000	 0.003803036404288
2023.012611150740000	 0.003664101576657
2023.245569765570000	 0.003534692780160
2023.478528380390000	 0.003465202996640
2023.711486995220000	 0.003495366676080
2023.944445610050000	 0.003633452162836
2024.177404224870000	 0.003846819252609
2024.410362839700000	 0.004069877150310
2024.643321454520000	 0.004227345373612
2024.876280069350000	 0.004263504095716
2025.109238684180000	 0.004164836961359
2025.342197299000000	 0.003965567319845
2025.575155913830000	 0.003732984654007
2025.808114528660000	 0.003539243317962
2026.041073143480000	 0.003432984685879
2026.274031758310000	 0.003423516729607
2026.506990373130000	 0.003483248331476
2026.739948987960000	 0.003565276473559
2026.972907602790000	 0.003626798743113
2027.205866217610000	 0.003647449440120
2027.438824832440000	 0.003635036561229
2027.671783447270000	 0.003617992111862
2027.904742062090000	 0.003630494131230
2028.137700676920000	 0.003698735753396
2028.370659291740000	 0.003834171223305
2028.603617906570000	 0.004034322175435
2028.836576521400000	 0.004287513990212
2029.069535136220000	 0.004576879728357
2029.302493751050000	 0.004881103657218
2029.535452365880000	 0.005172955376645
2029.768410980700000	 0.005419205964392
2030.001369595530000	 0.005585253324403
2030.234328210350000	 0.005644818378373
2030.467286825180000	 0.005591171105851
2030.700245440010000	 0.005443855166464
2030.933204054830000	 0.005245725273125
2031.166162669660000	 0.005049656102665
2031.399121284480000	 0.004900276602021
2031.632079899310000	 0.004819509125500
2031.865038514140000	 0.004802935192263
2032.097997128960000	 0.004828184659460
2032.330955743790000	 0.004870278577182
2032.563914358620000	 0.004915442025212
2032.796872973440000	 0.004965908401113
2033.029831588270000	 0.005033321950596
2033.262790203090000	 0.005125024338523
2033.495748817920000	 0.005231869349202
2033.728707432750000	 0.005325504011479
2033.961666047570000	 0.005367842682239
2034.194624662400000	 0.005328809684860
2034.427583277230000	 0.005203651243644
2034.660541892050000	 0.005020574178319
2034.893500506880000	 0.004833924459930
2035.126459121700000	 0.004705616219652
2035.359417736530000	 0.004683577295303
2035.592376351360000	 0.004786788754816
2035.825334966180000	 0.005002188697067
2036.058293581010000	 0.005292667558762
2036.291252195840000	 0.005610946013140
2036.524210810660000	 0.005912778641817
2036.757169425490000	 0.006164662529288
2036.990128040310000	 0.006345010983090
2037.223086655140000	 0.006441505142950
2037.456045269970000	 0.006448811450965
2037.689003884790000	 0.006369266085404
2037.921962499620000	 0.006215790338698
2038.154921114440000	 0.006013614181869
2038.387879729270000	 0.005797292275234
2038.620838344100000	 0.005602289283175
2038.853796958920000	 0.005454299925675
2039.086755573750000	 0.005361619216273
2039.319714188580000	 0.005314647731996
2039.552672803400000	 0.005292869273360
2039.785631418230000	 0.005275763317274
2040.018590033050000	 0.005252192795137
2040.251548647880000	 0.005223743349880
2040.484507262710000	 0.005200885304099
2040.717465877530000	 0.005194914868175
2040.950424492360000	 0.005210910637124
2041.183383107190000	 0.005245915144696
2041.416341722010000	 0.005292959082799
2041.649300336840000	 0.005347718363990
2041.882258951660000	 0.005412808772449
2042.115217566490000	 0.005496079560084
2042.348176181320000	 0.005603180376058
2042.581134796140000	 0.005728848049586
2042.814093410970000	 0.005852963635328
2043.047052025790000	 0.005945227137762
2043.280010640620000	 0.005977587120380
2043.512969255450000	 0.005938975263707
2043.745927870270000	 0.005844740830233
2043.978886485100000	 0.005734773089766
2044.211845099930000	 0.005659491728750
2044.444803714750000	 0.005659351200479
2044.677762329580000	 0.005747418823232
2044.910720944400000	 0.005903365643547
2045.143679559230000	 0.006081660269878
2045.376638174060000	 0.006230120955219
2045.609596788880000	 0.006310419322523
2045.842555403710000	 0.006311453984839
2046.075514018540000	 0.006250082314126
2046.308472633360000	 0.006160017008564
2046.541431248190000	 0.006075425531612
2046.774389863010000	 0.006017640645808
2047.007348477840000	 0.005990662536580
2047.240307092670000	 0.005985908745158
2047.473265707490000	 0.005991982598648
2047.706224322320000	 0.006003273477411
2047.939182937150000	 0.006022676297032
2048.172141551970000	 0.006057661225983
2048.405100166800000	 0.006112982222975
2048.638058781620000	 0.006185074062431
2048.871017396450000	 0.006261835043200
2049.103976011280000	 0.006328135547134
2049.336934626100000	 0.006374015293453
2049.569893240930000	 0.006400883476197
2049.802851855750000	 0.006422002397664
2050.035810470580000	 0.006456657405510
2050.268769085410000	 0.006520870312498
2050.501727700230000	 0.006619219077960
2050.734686315060000	 0.006741472608537
2050.967644929890000	 0.006865182455866
2051.200603544710000	 0.006962661665890
2051.433562159540000	 0.007009195787089
2051.666520774360000	 0.006989426573093
2051.899479389190000	 0.006900344984852
2052.132438004020000	 0.006751195632514
2052.365396618840000	 0.006561638059125
2052.598355233670000	 0.006359236558230
2052.831313848500000	 0.006176301462263
2053.064272463320000	 0.006045374364688
2053.297231078150000	 0.005993027925470
2053.530189692970000	 0.006033011866031
2053.763148307800000	 0.006161118384217
2053.996106922630000	 0.006354344171236
2054.229065537450000	 0.006575653800889
2054.462024152280000	 0.006783513203937
2054.694982767110000	 0.006943338677190
2054.927941381930000	 0.007036916946707
2055.160899996760000	 0.007066271109763
2055.393858611580000	 0.007050518831113
2055.626817226410000	 0.007017237900971
2055.859775841240000	 0.006992147050824
2056.092734456060000	 0.006991223698803
2056.325693070890000	 0.007017739358022
2056.558651685710000	 0.007064268499455
2056.791610300540000	 0.007117787915286
2057.024568915370000	 0.007165207730999
2057.257527530190000	 0.007197137464974
2057.490486145020000	 0.007209016503880
2057.723444759850000	 0.007200195887735
2057.956403374670000	 0.007172360232756
2058.189361989500000	 0.007128479984865
2058.422320604320000	 0.007072604093574
2058.655279219150000	 0.007009939813394
2058.888237833980000	 0.006946399365381
2059.121196448800000	 0.006887242656692
2059.354155063630000	 0.006835235638392
2059.587113678460000	 0.006789283902912
2059.820072293280000	 0.006744417703583
2060.053030908110000	 0.006693381880295
2060.285989522930000	 0.006629321537847
2060.518948137760000	 0.006548556860504
2060.751906752590000	 0.006452427348678
2060.984865367410000	 0.006347633158141
2061.217823982240000	 0.006245141665082
2061.450782597070000	 0.006158175195592
2061.683741211890000	 0.006099829195280
2061.916699826720000	 0.006080632158760
2062.149658441540000	 0.006106220734290
2062.382617056370000	 0.006175488716439
2062.615575671200000	 0.006279901806361
2062.848534286020000	 0.006404705199921
2063.081492900850000	 0.006532192794287
2063.314451515670000	 0.006646241637560
2063.547410130500000	 0.006736510562550
2063.780368745330000	 0.006800578754216
2064.013327360150000	 0.006843016739581
2064.246285974980000	 0.006871709614568
2064.479244589810000	 0.006893146665530
2064.712203204630000	 0.006909108273618
2064.945161819460000	 0.006916630636289
2065.178120434280000	 0.006911394412073
2065.411079049110000	 0.006892656145887
2065.644037663940000	 0.006866701016175
2065.876996278760000	 0.006846288792011
2066.109954893590000	 0.006845611856760
2066.342913508420000	 0.006872943570414
2066.575872123240000	 0.006924923637459
2066.808830738070000	 0.006986050710291
2067.041789352890000	 0.007034417093455
2067.274747967720000	 0.007051418326373
2067.507706582550000	 0.007030917559428
2067.740665197370000	 0.006983263097872
2067.973623812200000	 0.006931732848299
2068.206582427020000	 0.006902577937043
2068.439541041850000	 0.006913211368848
2068.672499656680000	 0.006964308083908
2068.905458271500000	 0.007039711756909
2069.138416886330000	 0.007114061288491
2069.371375501160000	 0.007164223560042
2069.604334115980000	 0.007178907952567
2069.837292730810000	 0.007161922319955
2070.070251345630000	 0.007127825296452
2070.303209960460000	 0.007092672870212
2070.536168575290000	 0.007065078078319
2070.769127190110000	 0.007042416452246
2071.002085804940000	 0.007013952713035
2071.235044419770000	 0.006968799642572
2071.468003034590000	 0.006904099730069
2071.700961649420000	 0.006828845284916
2071.933920264240000	 0.006761204715585
2072.166878879070000	 0.006720809793972
2072.399837493900000	 0.006720195746192
2072.632796108720000	 0.006759859666283
2072.865754723550000	 0.006829128621401
2073.098713338380000	 0.006911729433923
2073.331671953200000	 0.006992592537352
2073.564630568030000	 0.007062178830382
2073.797589182850000	 0.007116448733302
2074.030547797680000	 0.007153408753972
2074.263506412510000	 0.007169326799172
2074.496465027330000	 0.007157866889418
2074.729423642160000	 0.007113430459602
2074.962382256980000	 0.007037110274616
2075.195340871810000	 0.006941590137831
2075.428299486640000	 0.006851311799418
2075.661258101460000	 0.006796458261627
2075.894216716290000	 0.006802689818487
2076.127175331120000	 0.006881171391687
2076.360133945940000	 0.007023605772841
2076.593092560770000	 0.007204616810883
2076.826051175590000	 0.007390357514333
2077.059009790420000	 0.007549512223116
2077.291968405250000	 0.007662089084884
2077.524927020070000	 0.007722741179842
2077.757885634900000	 0.007738124672559
2077.990844249730000	 0.007720625496007
2078.223802864550000	 0.007682158425474
2078.456761479380000	 0.007630979152021
2078.689720094200000	 0.007572199410606
2078.922678709030000	 0.007510435299271
2079.155637323860000	 0.007452040710384
2079.388595938680000	 0.007405087049056
2079.621554553510000	 0.007377049979330
2079.854513168340000	 0.007371830996956
2080.087471783160000	 0.007388189572999
2080.320430397990000	 0.007420676100079
2080.553389012810000	 0.007462492560333
2080.786347627640000	 0.007508482690616
2081.019306242470000	 0.007556414744325
2081.252264857290000	 0.007605878608625
2081.485223472120000	 0.007655762004800
2081.718182086940000	 0.007702323109138
2081.951140701770000	 0.007739576373237
2082.184099316600000	 0.007762180175629
2082.417057931420000	 0.007769215763791
2082.650016546250000	 0.007766321445633
2082.882975161080000	 0.007764255961424
2083.115933775900000	 0.007773927840688
2083.348892390730000	 0.007800200797636
2083.581851005550000	 0.007837938266412
2083.814809620380000	 0.007872901621301
2084.047768235210000	 0.007887645279274
2084.280726850030000	 0.007869846562926
2084.513685464860000	 0.007819028513480
2084.746644079690000	 0.007748167623993
2084.979602694510000	 0.007679082926262
2085.212561309340000	 0.007633675453384
2085.445519924160000	 0.007625297643173
2085.678478538990000	 0.007654411833614
2085.911437153820000	 0.007710294699599
2086.144395768640000	 0.007777337998760
2086.377354383470000	 0.007842296381258
2086.610312998290000	 0.007898695037405
2086.843271613120000	 0.007946474747546
2087.076230227950000	 0.007987790661287
2087.309188842770000	 0.008022110977397
2087.542147457600000	 0.008044057674007
2087.775106072430000	 0.008045619845537
2088.008064687250000	 0.008021584758914
2088.241023302080000	 0.007974929462047
2088.473981916900000	 0.007918690038545
2088.706940531730000	 0.007872650875417
2088.939899146560000	 0.007856125033970
2089.172857761380000	 0.007880431514155
2089.405816376210000	 0.007944943471550
2089.638774991040000	 0.008038595394280
2089.871733605860000	 0.008145741134294
2090.104692220690000	 0.008252997482392
2090.337650835510000	 0.008353370058531
2090.570609450340000	 0.008445666138866
2090.803568065170000	 0.008530038372314
2091.036526679990000	 0.008602877644382
2091.269485294820000	 0.008654729474875
2091.502443909650000	 0.008673110647515
2091.735402524470000	 0.008649107322103
2091.968361139300000	 0.008584176831146
2092.201319754120000	 0.008493045465311
2092.434278368950000	 0.008400383973578
2092.667236983780000	 0.008332212756836
2092.900195598600000	 0.008305951407472
2093.133154213430000	 0.008323920727230
2093.366112828250000	 0.008373393932087
2093.599071443080000	 0.008433016668439
2093.832030057910000	 0.008482374708879
2094.064988672730000	 0.008510154767694
2094.297947287560000	 0.008517276938253
2094.530905902390000	 0.008514081265041
2094.763864517210000	 0.008513700283162
2094.996823132040000	 0.008525440795719
2095.229781746860000	 0.008551436016576
2095.462740361690000	 0.008587550478575
2095.695698976520000	 0.008627034036585
2095.928657591340000	 0.008664161267646
2096.161616206170000	 0.008695640785936
2096.394574821000000	 0.008719451400581
2096.627533435820000	 0.008732695438445
2096.860492050650000	 0.008730763292882
2097.093450665470000	 0.008709123058134
2097.326409280300000	 0.008667061611221
2097.559367895130000	 0.008611014282884
2097.792326509950000	 0.008554854608038
2098.025285124780000	 0.008515998924104
2098.258243739610000	 0.008508669948475
2098.491202354430000	 0.008537636082570
2098.724160969260000	 0.008595854710418
2098.957119584080000	 0.008667538330231
2099.190078198910000	 0.008735351972403
2099.423036813740000	 0.008788292383104
2099.655995428560000	 0.008826390880296
2099.888954043390000	 0.008859959488585
2100.121912658210000	 0.008903931652650
2100.354871273040000	 0.008970411491244
2100.587829887870000	 0.009063316712651
2100.820788502690000	 0.009177541635925
2101.053747117520000	 0.009302368304324
2101.286705732350000	 0.009426565448591
2101.519664347170000	 0.009541974487419
2101.752622962000000	 0.009643644327415
2101.985581576820000	 0.009726977040487
2102.218540191650000	 0.009784442114898
2102.451498806480000	 0.009804866366717
2102.684457421300000	 0.009776762169109
2102.917416036130000	 0.009694525961651
2103.150374650960000	 0.009564179156295
2103.383333265780000	 0.009404946159837
2103.616291880610000	 0.009244780773395
2103.849250495430000	 0.009111156846094
2104.082209110260000	 0.009021237449112
2104.315167725090000	 0.008976174097861
2104.548126339910000	 0.008962304906947
2104.781084954740000	 0.008958575040120
2105.014043569560000	 0.008946483184964
2105.247002184390000	 0.008917756784064
2105.479960799220000	 0.008876278073584
2105.712919414040000	 0.008833868233998
2105.945878028870000	 0.008802746047015
2106.178836643700000	 0.008788983981985
2106.411795258520000	 0.008790278620742
2106.644753873350000	 0.008798595819249
2106.877712488170000	 0.008805452948158
2107.110671103000000	 0.008806302752122
2107.343629717830000	 0.008801316552303
2107.576588332650000	 0.008792312616760
2107.809546947480000	 0.008778178621817
2108.042505562310000	 0.008752264305492
2108.275464177130000	 0.008704133019142
2108.508422791960000	 0.008625407982689
2108.741381406780000	 0.008516781289031
2108.974340021610000	 0.008392097289052
2109.207298636440000	 0.008276537890776
2109.440257251260000	 0.008198890112601
2109.673215866090000	 0.008181078489989
2109.906174480920000	 0.008229712964829
2110.139133095740000	 0.008333445707575
2110.372091710570000	 0.008467119091339
2110.605050325390000	 0.008600610612070
2110.838008940220000	 0.008708399766992
2111.070967555050000	 0.008775951395587
2111.303926169870000	 0.008800913318411
2111.536884784700000	 0.008789853622637
2111.769843399520000	 0.008753287965977
2112.002802014350000	 0.008701944820454
2112.235760629180000	 0.008645655172153
2112.468719244000000	 0.008594098245719
2112.701677858830000	 0.008557306417362
2112.934636473660000	 0.008544138657891
2113.167595088480000	 0.008558636476945
2113.400553703310000	 0.008596139593466
2113.633512318130000	 0.008641925172887
2113.866470932960000	 0.008674293705333
2114.099429547790000	 0.008671860184387
2114.332388162610000	 0.008622437433968
2114.565346777440000	 0.008529553636873
2114.798305392270000	 0.008413181491568
2115.031264007090000	 0.008303673163779
2115.264222621920000	 0.008231079218583
2115.497181236740000	 0.008214246074925
2115.730139851570000	 0.008254147807109
2115.963098466400000	 0.008333952034268
2116.196057081220000	 0.008425476308344
2116.429015696050000	 0.008499224625764
2116.661974310870000	 0.008534007265767
2116.894932925700000	 0.008522656630129
2117.127891540530000	 0.008472298453742
2117.360850155350000	 0.008400018323840
2117.593808770180000	 0.008326347301166
2117.826767385010000	 0.008269162970988
2118.059725999830000	 0.008239686404417
2118.292684614660000	 0.008241047863031
2118.525643229480000	 0.008269014359809
2118.758601844310000	 0.008314105615191
2118.991560459140000	 0.008364346393982
2119.224519073960000	 0.008408085055646
2119.457477688790000	 0.008436457283982
2119.690436303620000	 0.008445114159980
2119.923394918440000	 0.008434843758144
2120.156353533270000	 0.008410870865900
2120.389312148090000	 0.008381020105955
2120.622270762920000	 0.008353427376717
2120.855229377750000	 0.008334726026703
2121.088187992570000	 0.008329344505239
2121.321146607400000	 0.008339838080043
2121.554105222230000	 0.008367499962239
2121.787063837050000	 0.008412340262144
2122.020022451880000	 0.008472049177248
2122.252981066700000	 0.008540489566345
2122.485939681530000	 0.008606986952732
2122.718898296360000	 0.008657632060656
2122.951856911180000	 0.008678866669581
2123.184815526010000	 0.008662259376878
2123.417774140830000	 0.008608360765175
2123.650732755660000	 0.008527486429254
2123.883691370490000	 0.008436421789890
2124.116649985310000	 0.008352013061512
2124.349608600140000	 0.008284445007272
2124.582567214970000	 0.008233542536103
2124.815525829790000	 0.008190120242696
2125.048484444620000	 0.008141854886668
2125.281443059440000	 0.008080773027697
2125.514401674270000	 0.008008499367379
2125.747360289100000	 0.007936408558623
2125.980318903920000	 0.007880368927005
2126.213277518750000	 0.007852652554355
2126.446236133580000	 0.007855225751921
2126.679194748400000	 0.007877996859182
2126.912153363230000	 0.007903011609820
2127.145111978050000	 0.007912527304335
2127.378070592880000	 0.007896970252099
2127.611029207710000	 0.007858879561099
2127.843987822530000	 0.007810999577935
2128.076946437360000	 0.007769711198284
2128.309905052190000	 0.007747368978304
2128.542863667010000	 0.007747452832064
2128.775822281840000	 0.007764603776118
2129.008780896660000	 0.007788808342432
2129.241739511490000	 0.007810883949894
2129.474698126320000	 0.007826069652030
2129.707656741140000	 0.007833997822592
2129.940615355970000	 0.007835712062312
2130.173573970790000	 0.007830258003069
2130.406532585620000	 0.007813528298120
2130.639491200450000	 0.007780405170151
2130.872449815270000	 0.007728896561936
2131.105408430100000	 0.007663400684669
2131.338367044930000	 0.007594474234229
2131.571325659750000	 0.007534526144432
2131.804284274580000	 0.007491588313358
2132.037242889400000	 0.007464961196871
2132.270201504230000	 0.007445834973066
2132.503160119060000	 0.007423194414492
2132.736118733880000	 0.007392040050057
2132.969077348710000	 0.007359096013584
2133.202035963540000	 0.007341922529745
2133.434994578360000	 0.007360666956832
2133.667953193190000	 0.007426034157516
2133.900911808010000	 0.007529879270120
2134.133870422840000	 0.007644162476063
2134.366829037670000	 0.007730038440700
2134.599787652490000	 0.007753720434993
2134.832746267320000	 0.007702006560163
2135.065704882140000	 0.007589791745185
2135.298663496970000	 0.007455165075434
2135.531622111800000	 0.007343704632557
2135.764580726620000	 0.007289229497719
2135.997539341450000	 0.007300106980116
2136.230497956280000	 0.007357188823128
2136.463456571100000	 0.007423643512479
2136.696415185930000	 0.007461580228740
2136.929373800750000	 0.007447691572595
2137.162332415580000	 0.007381067831936
2137.395291030410000	 0.007280462424415
2137.628249645230000	 0.007173645212703
2137.861208260060000	 0.007085064072115
2138.094166874890000	 0.007027857104339
2138.327125489710000	 0.007002910158506
2138.560084104540000	 0.007003555357993
2138.793042719360000	 0.007021940311907
2139.026001334190000	 0.007053080594171
2139.258959949020000	 0.007094798451265
2139.491918563840000	 0.007144704968803
2139.724877178670000	 0.007197233326254
2139.957835793500000	 0.007243376788762
2140.190794408320000	 0.007273653669161
2140.423753023150000	 0.007282420696204
2140.656711637970000	 0.007270514294267
2140.889670252800000	 0.007244074952383
2141.122628867630000	 0.007209880692920
2141.355587482450000	 0.007170018704666
2141.588546097280000	 0.007119475869388
2141.821504712100000	 0.007048610831094
2142.054463326930000	 0.006949501994920
2142.287421941760000	 0.006822641950827
2142.520380556580000	 0.006679835673270
2142.753339171410000	 0.006540996672121
2142.986297786240000	 0.006426055665985
2143.219256401060000	 0.006346342600485
2143.452215015890000	 0.006300404370932
2143.685173630710000	 0.006276758370718
2143.918132245540000	 0.006262121288514
2144.151090860370000	 0.006250510524769
2144.384049475190000	 0.006247931269409
2144.617008090020000	 0.006269579114134
2144.849966704850000	 0.006330656069117
2145.082925319670000	 0.006435725602505
2145.315883934500000	 0.006572593610838
2145.548842549320000	 0.006714320506186
2145.781801164150000	 0.006828699570964
2146.014759778980000	 0.006890742269559
2146.247718393800000	 0.006892130027054
2146.480677008630000	 0.006842984481887
2146.713635623460000	 0.006765258747030
2146.946594238280000	 0.006681580611467
2147.179552853110000	 0.006605698089609
2147.412511467930000	 0.006539317247300
2147.645470082760000	 0.006476159135424
2147.878428697590000	 0.006410031588049
2148.111387312410000	 0.006341748262613
2148.344345927240000	 0.006280706492711
2148.577304542060000	 0.006240305488673
2148.810263156890000	 0.006230199650209
2149.043221771720000	 0.006250229224187
2149.276180386540000	 0.006289660317067
2149.509139001370000	 0.006332126574471
2149.742097616200000	 0.006363470979685
2149.975056231020000	 0.006378187688350
2150.208014845850000	 0.006381029406376
2150.440973460670000	 0.006383155491780
2150.673932075500000	 0.006395363164025
2150.906890690330000	 0.006422432813824
2151.139849305150000	 0.006461500865768
2151.372807919980000	 0.006504603337008
2151.605766534810000	 0.006543019481522
2151.838725149630000	 0.006570247114451
2152.071683764460000	 0.006581723699714
2152.304642379280000	 0.006571977148530
2152.537600994110000	 0.006532073117209
2152.770559608940000	 0.006450431216054
2153.003518223760000	 0.006318029234028
2153.236476838590000	 0.006135941829785
2153.469435453410000	 0.005920905869351
2153.702394068240000	 0.005704661118119
2153.935352683070000	 0.005525681349427
2154.168311297890000	 0.005416363605195
2154.401269912720000	 0.005391912016345
2154.634228527550000	 0.005446561275827
2154.867187142370000	 0.005558720684911
2155.100145757200000	 0.005701841680525
2155.333104372020000	 0.005855053808910
2155.566062986850000	 0.006008037783302
2155.799021601680000	 0.006157962059907
2156.031980216500000	 0.006301096789372
2156.264938831330000	 0.006425226706689
2156.497897446160000	 0.006508776818788
2156.730856060980000	 0.006528596117668
2156.963814675810000	 0.006473002895949
2157.196773290630000	 0.006352861092708
2157.429731905460000	 0.006203204273108
2157.662690520290000	 0.006072143723405
2157.895649135110000	 0.006001067461005
2158.128607749940000	 0.006006080104096
2158.361566364770000	 0.006070768945219
2158.594524979590000	 0.006154442716069
2158.827483594420000	 0.006211981902040
2159.060442209240000	 0.006215638839081
2159.293400824070000	 0.006167835088949
2159.526359438900000	 0.006098188549480
2159.759318053720000	 0.006046619453095
2159.992276668550000	 0.006042614258342
2160.225235283370000	 0.006092514599282
2160.458193898200000	 0.006180821217282
2160.691152513030000	 0.006282821049459
2160.924111127850000	 0.006380036377977
2161.157069742680000	 0.006469416460138
2161.390028357510000	 0.006561355830935
2161.622986972330000	 0.006668374299256
2161.855945587160000	 0.006791964131345
2162.088904201980000	 0.006916157386853
2162.321862816810000	 0.007012262207375
2162.554821431640000	 0.007052778825927
2162.787780046460000	 0.007027270678421
2163.020738661290000	 0.006951297633598
2163.253697276120000	 0.006862511505647
2163.486655890940000	 0.006804842769799
2163.719614505770000	 0.006808663805002
2163.952573120590000	 0.006877242522696
2164.185531735420000	 0.006986232504456
2164.418490350250000	 0.007096180059362
2164.651448965070000	 0.007171945444814
2164.884407579900000	 0.007199844144871
2165.117366194730000	 0.007194244701928
2165.350324809550000	 0.007190393660860
2165.583283424380000	 0.007227267055617
2165.816242039200000	 0.007329140888969
2166.049200654030000	 0.007494434076587
2166.282159268860000	 0.007696062698870
2166.515117883680000	 0.007892136531788
2166.748076498510000	 0.008041736053095
2166.981035113330000	 0.008118846952701
2167.213993728160000	 0.008118859985441
2167.446952342990000	 0.008055973525683
2167.679910957810000	 0.007954262503914
2167.912869572640000	 0.007837468025320
2168.145828187470000	 0.007721821606063
2168.378786802290000	 0.007613727190105
2168.611745417120000	 0.007511703449760
2168.844704031940000	 0.007410618795510
2169.077662646770000	 0.007306048290604
2169.310621261600000	 0.007197243081226
2169.543579876420000	 0.007088193702173
2169.776538491250000	 0.006987010448092
2170.009497106080000	 0.006904101218292
2170.242455720900000	 0.006849653699316
2170.475414335730000	 0.006831091893401
2170.708372950550000	 0.006851449614425
2170.941331565380000	 0.006909521735316
2171.174290180210000	 0.007001862223191
2171.407248795030000	 0.007125496967656
2171.640207409860000	 0.007279431324101
2171.873166024680000	 0.007463334435043
2172.106124639510000	 0.007673248371195
2172.339083254340000	 0.007896223143598
2172.572041869160000	 0.008107294473746
2172.805000483990000	 0.008271974456292
2173.037959098820000	 0.008355075956876
2173.270917713640000	 0.008333383896288
2173.503876328470000	 0.008207227815678
2173.736834943290000	 0.008005523043270
2173.969793558120000	 0.007780568480728
2174.202752172950000	 0.007592691945338
2174.435710787770000	 0.007489810913841
2174.668669402600000	 0.007490588980527
2174.901628017430000	 0.007579142961534
2175.134586632250000	 0.007713858808543
2175.367545247080000	 0.007846075513395
2175.600503861900000	 0.007940131209525
2175.833462476730000	 0.007986120027060
2176.066421091560000	 0.008000119565837
2176.299379706380000	 0.008012323448886
2176.532338321210000	 0.008049335677481
2176.765296936040000	 0.008119748422445
2176.998255550860000	 0.008209997945467
2177.231214165690000	 0.008291709875668
2177.464172780510000	 0.008336007457124
2177.697131395340000	 0.008327459252073
2177.930090010170000	 0.008271162814926
2178.163048624990000	 0.008190142101749
2178.396007239820000	 0.008115138861531
2178.628965854640000	 0.008072498618458
2178.861924469470000	 0.008076035537665
2179.094883084300000	 0.008125626755211
2179.327841699120000	 0.008211251970726
2179.560800313950000	 0.008318811408051
2179.793758928780000	 0.008434254987313
2180.026717543600000	 0.008544659966841
2180.259676158430000	 0.008637412215993
2180.492634773250000	 0.008700012527498
2180.725593388080000	 0.008722414867155
2180.958552002910000	 0.008701682831756
2181.191510617730000	 0.008646551732137
2181.424469232560000	 0.008578632965429
2181.657427847390000	 0.008528213131623
2181.890386462210000	 0.008525497058611
2182.123345077040000	 0.008591055380673
2182.356303691860000	 0.008730006682848
2182.589262306690000	 0.008932290838856
2182.822220921520000	 0.009177810338716
2183.055179536340000	 0.009442763076071
2183.288138151170000	 0.009703582624576
2183.521096766000000	 0.009937177970367
2183.754055380820000	 0.010119127327383
2183.987013995650000	 0.010223315637182
2184.219972610470000	 0.010225943947573
2184.452931225300000	 0.010114035874663
2184.685889840130000	 0.009895108043895
2184.918848454950000	 0.009602519536279
2185.151807069780000	 0.009291554233075
2185.384765684600000	 0.009024953374019
2185.617724299430000	 0.008852291035728
2185.850682914260000	 0.008792160998554
2186.083641529080000	 0.008826102631407
2186.316600143910000	 0.008907859673255
2186.549558758740000	 0.008984143710612
2186.782517373560000	 0.009017791658481
2187.015475988390000	 0.009003226315397
2187.248434603210000	 0.008967437419612
2187.481393218040000	 0.008956146268429
2187.714351832870000	 0.009011871162512
2187.947310447690000	 0.009154464663341
2188.180269062520000	 0.009372831978320
2188.413227677350000	 0.009630329595790
2188.646186292170000	 0.009879855561634
2188.879144907000000	 0.010081107346166
2189.112103521820000	 0.010212697835981
2189.345062136650000	 0.010275058668626
2189.578020751480000	 0.010284817970389
2189.810979366300000	 0.010265286046860
2190.043937981130000	 0.010238566005603
2190.276896595950000	 0.010222303955676
2190.509855210780000	 0.010230255144578
2190.742813825610000	 0.010273370657353
2190.975772440430000	 0.010358432650590
2191.208731055260000	 0.010483903575823
2191.441689670090000	 0.010635662877237
2191.674648284910000	 0.010786474255738
2191.907606899740000	 0.010901455386368
2192.140565514560000	 0.010948559439952
2192.373524129390000	 0.010910095580139
2192.606482744220000	 0.010790115627317
2192.839441359040000	 0.010613734502863
2193.072399973870000	 0.010417968681910
2193.305358588700000	 0.010238026798001
2193.538317203520000	 0.010095565900717
2193.771275818350000	 0.009994308648017
2194.004234433170000	 0.009924268161932
2194.237193048000000	 0.009871375869881
2194.470151662830000	 0.009827014932638
2194.703110277650000	 0.009792640071117
2194.936068892480000	 0.009777679035003
2195.169027507310000	 0.009792659567524
2195.401986122130000	 0.009841915584342
2195.634944736960000	 0.009919925986163
2195.867903351780000	 0.010012785705634
2196.100861966610000	 0.010103378343778
2196.333820581440000	 0.010177227626088
2196.566779196260000	 0.010226299004944
2196.799737811090000	 0.010249697564833
2197.032696425910000	 0.010252155121250
2197.265655040740000	 0.010242181450575
2197.498613655570000	 0.010231140522955
2197.731572270390000	 0.010232852762826
2197.964530885220000	 0.010262026070027
2198.197489500050000	 0.010330100929426
2198.430448114870000	 0.010439078382308
2198.663406729700000	 0.010576343386162
2198.896365344520000	 0.010714435217218
2199.129323959350000	 0.010817954260498
2199.362282574180000	 0.010856101869629
2199.595241189000000	 0.010815925405512
2199.828199803830000	 0.010710086662721
2200.061158418660000	 0.010574584640241
2200.294117033480000	 0.010456029450512
2200.527075648310000	 0.010393367213329
2200.760034263130000	 0.010402601646690
2200.992992877960000	 0.010472234758658
2201.225951492790000	 0.010571717046428
2201.458910107610000	 0.010668378564118
2201.691868722440000	 0.010744065867964
2201.924827337270000	 0.010802974937673
2202.157785952090000	 0.010866579017910
2202.390744566920000	 0.010958211279653
2202.623703181740000	 0.011085616121319
2202.856661796570000	 0.011231211201661
2203.089620411400000	 0.011355745661339
2203.322579026220000	 0.011413944244662
2203.555537641050000	 0.011374676259779
2203.788496255870000	 0.011235986342334
2204.021454870700000	 0.011027679448829
2204.254413485530000	 0.010800155287495
2204.487372100350000	 0.010605184109049
2204.720330715180000	 0.010478334360936
2204.953289330010000	 0.010431135956314
2205.186247944830000	 0.010454986875857
2205.419206559660000	 0.010532390204706
2205.652165174480000	 0.010647967270562
2205.885123789310000	 0.010792972156785
2206.118082404140000	 0.010961632871251
2206.351041018960000	 0.011142981398070
2206.583999633790000	 0.011314801248170
2206.816958248620000	 0.011445090826192
2207.049916863440000	 0.011501879824513
2207.282875478270000	 0.011467138067696
2207.515834093090000	 0.011347590066088
2207.748792707920000	 0.011175994186729
2207.981751322750000	 0.011000872078239
2208.214709937570000	 0.010868819924410
2208.447668552400000	 0.010807772900535
2208.680627167220000	 0.010819059920145
2208.913585782050000	 0.010881223371593
2209.146544396880000	 0.010962642942749
2209.379503011700000	 0.011036207243829
2209.612461626530000	 0.011089032979360
2209.845420241360000	 0.011123324864151
2210.078378856180000	 0.011149401798932
2210.311337471010000	 0.011176059893274
2210.544296085830000	 0.011204330400691
2210.777254700660000	 0.011227944138921
2211.010213315490000	 0.011239438235091
2211.243171930310000	 0.011237502271295
2211.476130545140000	 0.011230544441217
2211.709089159970000	 0.011233785293227
2211.942047774790000	 0.011261189672649
2212.175006389620000	 0.011316829912904
2212.407965004440000	 0.011390736694755
2212.640923619270000	 0.011461782804438
2212.873882234100000	 0.011506409995798
2213.106840848920000	 0.011509116724517
2213.339799463750000	 0.011469794807280
2213.572758078580000	 0.011404534097000
2213.805716693400000	 0.011339762684420
2214.038675308230000	 0.011302842256473
2214.271633923050000	 0.011313535336519
2214.504592537880000	 0.011379497865940
2214.737551152710000	 0.011496376359410
2214.970509767530000	 0.011651028602973
2215.203468382360000	 0.011825773235538
2215.436426997180000	 0.012002181652845
2215.669385612010000	 0.012163964755286
2215.902344226840000	 0.012299212364319
2216.135302841660000	 0.012402225785396
2216.368261456490000	 0.012474591012781
2216.601220071320000	 0.012524562422585
2216.834178686140000	 0.012563948024320
2217.067137300970000	 0.012602807581897
2217.300095915790000	 0.012643916948420
2217.533054530620000	 0.012679934158127
2217.766013145450000	 0.012695473372927
2217.998971760270000	 0.012673951971230
2218.231930375100000	 0.012606432573146
2218.464888989930000	 0.012498241819751
2218.697847604750000	 0.012369725638165
2218.930806219580000	 0.012250049572128
2219.163764834400000	 0.012166515654432
2219.396723449230000	 0.012134556311706
2219.629682064060000	 0.012153473910327
2219.862640678880000	 0.012209874240113
2220.095599293710000	 0.012286514004903
2220.328557908540000	 0.012371497575149
2220.561516523360000	 0.012462796702142
2220.794475138190000	 0.012565737946794
2221.027433753010000	 0.012685080125009
2221.260392367840000	 0.012816523689403
2221.493350982670000	 0.012942999923290
2221.726309597490000	 0.013038460417808
2221.959268212320000	 0.013077748825275
2222.192226827140000	 0.013047868101173
2222.425185441970000	 0.012955104051779
2222.658144056800000	 0.012824329757561
2222.891102671620000	 0.012690632483443
2223.124061286450000	 0.012587323897309
2223.357019901280000	 0.012536055208736
2223.589978516100000	 0.012543032934215
2223.822937130930000	 0.012601517045908
2224.055895745750000	 0.012697537518604
2224.288854360580000	 0.012814935049995
2224.521812975410000	 0.012937456007645
2224.754771590230000	 0.013048387499945
2224.987730205060000	 0.013130291384277
2225.220688819890000	 0.013167413001987
2225.453647434710000	 0.013151245228282
2225.686606049540000	 0.013086878461863
2225.919564664360000	 0.012996004538371
2226.152523279190000	 0.012913043759081
2226.385481894020000	 0.012873991788777
2226.618440508840000	 0.012901939758329
2226.851399123670000	 0.012996175137413
2227.084357738490000	 0.013130917794262
2227.317316353320000	 0.013265137497234
2227.550274968150000	 0.013359301164957
2227.783233582970000	 0.013391477493498
2228.016192197800000	 0.013365455965047
2228.249150812630000	 0.013307155390748
2228.482109427450000	 0.013251200141995
2228.715068042280000	 0.013224573488071
2228.948026657100000	 0.013235724921745
2229.180985271930000	 0.013274229437627
2229.413943886760000	 0.013320105118854
2229.646902501580000	 0.013356868558030
2229.879861116410000	 0.013380916141215
2230.112819731240000	 0.013402254618313
2230.345778346060000	 0.013436619522174
2230.578736960890000	 0.013494020281292
2230.811695575710000	 0.013570796904130
2231.044654190540000	 0.013650016709752
2231.277612805370000	 0.013709998038017
2231.510571420190000	 0.013736105096703
2231.743530035020000	 0.013729206201814
2231.976488649850000	 0.013706019321395
2232.209447264670000	 0.013691034212444
2232.442405879500000	 0.013704490443315
2232.675364494320000	 0.013753136493284
2232.908323109150000	 0.013828675801782
2233.141281723980000	 0.013914154024812
2233.374240338800000	 0.013994074499312
2233.607198953630000	 0.014062247607203
2233.840157568450000	 0.014123009061398
2234.073116183280000	 0.014185505773208
2234.306074798110000	 0.014254997163971
2234.539033412930000	 0.014326948627755
2234.771992027760000	 0.014387855269428
2235.004950642590000	 0.014422447317861
2235.237909257410000	 0.014422938201359
2235.470867872240000	 0.014394584399990
2235.703826487060000	 0.014353787544933
2235.936785101890000	 0.014319350860658
2236.169743716720000	 0.014301883229721
2236.402702331540000	 0.014297867790699
2236.635660946370000	 0.014292342087110
2236.868619561200000	 0.014269032864546
2237.101578176020000	 0.014222278420942
2237.334536790850000	 0.014163658509701
2237.567495405670000	 0.014118744607459
2237.800454020500000	 0.014114771715562
2238.033412635330000	 0.014165541862664
2238.266371250150000	 0.014262040650097
2238.499329864980000	 0.014374425594295
2238.732288479810000	 0.014464922845848
2238.965247094630000	 0.014505373480050
2239.198205709460000	 0.014490626467304
2239.431164324280000	 0.014440778508125
2239.664122939110000	 0.014390767848529
2239.897081553940000	 0.014372547160341
2240.130040168760000	 0.014399194955844
2240.362998783590000	 0.014459201892949
2240.595957398410000	 0.014523543226176
2240.828916013240000	 0.014561505899743
2241.061874628070000	 0.014557018780738
2241.294833242890000	 0.014517170296404
2241.527791857720000	 0.014468665824505
2241.760750472550000	 0.014444350797260
2241.993709087370000	 0.014467158358176
2242.226667702200000	 0.014539783776752
2242.459626317020000	 0.014644716599004
2242.692584931850000	 0.014753604666517
2242.925543546680000	 0.014840505074834
2243.158502161500000	 0.014892266684094
2243.391460776330000	 0.014911365659540
2243.624419391160000	 0.014910868647851
2243.857378005980000	 0.014905457098882
2244.090336620810000	 0.014904082569583
2244.323295235630000	 0.014908017248923
2244.556253850460000	 0.014914316170887
2244.789212465290000	 0.014921479904040
2245.022171080110000	 0.014933144100030
2245.255129694940000	 0.014957253515236
2245.488088309760000	 0.015001319063694
2245.721046924590000	 0.015066991006113
2245.954005539420000	 0.015147584274693
2246.186964154240000	 0.015230217650772
2246.419922769070000	 0.015301322707542
2246.652881383900000	 0.015352261825845
2246.885839998720000	 0.015381772607706
2247.118798613550000	 0.015393943626864
2247.351757228370000	 0.015393312323434
2247.584715843200000	 0.015380620389570
2247.817674458030000	 0.015352370750715
2248.050633072850000	 0.015304796295416
2248.283591687680000	 0.015239808945034
2248.516550302510000	 0.015168823446776
2248.749508917330000	 0.015111134469597
2248.982467532160000	 0.015086584778385
2249.215426146980000	 0.015105967719554
2249.448384761810000	 0.015164546340723
2249.681343376640000	 0.015242777811854
2249.914301991460000	 0.015314554634871
2250.147260606290000	 0.015359270596423
2250.380219221120000	 0.015371842168527
2250.613177835940000	 0.015365469024163
2250.846136450770000	 0.015365310587657
2251.079095065590000	 0.015395964804365
2251.312053680420000	 0.015469046931581
2251.545012295250000	 0.015577092483109
2251.777970910070000	 0.015696562980253
2252.010929524900000	 0.015798150980111
2252.243888139720000	 0.015859281752226
2252.476846754550000	 0.015872983193441
2252.709805369380000	 0.015849307242603
2252.942763984200000	 0.015809348987101
2253.175722599030000	 0.015775613334682
2253.408681213860000	 0.015763821685310
2253.641639828680000	 0.015779574875415
2253.874598443510000	 0.015820029922694
2254.107557058330000	 0.015878101630542
2254.340515673160000	 0.015946029583135
2254.573474287990000	 0.016016481174576
2254.806432902810000	 0.016081648166298
2255.039391517640000	 0.016132487171835
2255.272350132470000	 0.016160187890739
2255.505308747290000	 0.016160168018682
2255.738267362120000	 0.016136597886940
2255.971225976940000	 0.016104190999401
2256.204184591770000	 0.016084784495937
2256.437143206600000	 0.016099003384262
2256.670101821420000	 0.016156588512817
2256.903060436250000	 0.016250533167281
2257.136019051080000	 0.016358696622220
2257.368977665900000	 0.016452834449039
2257.601936280730000	 0.016511167694077
2257.834894895550000	 0.016528603493795
2258.067853510380000	 0.016519425614178
2258.300812125210000	 0.016510635755428
2258.533770740030000	 0.016528837214501
2258.766729354860000	 0.016587069897886
2258.999687969680000	 0.016678080043794
2259.232646584510000	 0.016777117866303
2259.465605199340000	 0.016852660016912
2259.698563814160000	 0.016879894247687
2259.931522428990000	 0.016850763413053
2260.164481043820000	 0.016776170421638
2260.397439658640000	 0.016679906495955
2260.630398273470000	 0.016588029606141
2260.863356888290000	 0.016519345196589
2261.096315503120000	 0.016481264236916
2261.329274117950000	 0.016471833007113
2261.562232732770000	 0.016485424780123
2261.795191347600000	 0.016518131420619
2262.028149962430000	 0.016569731878753
2262.261108577250000	 0.016641579514985
2262.494067192080000	 0.016732367791635
2262.727025806900000	 0.016834934359398
2262.959984421730000	 0.016936430983626
2263.192943036560000	 0.017022042485187
2263.425901651380000	 0.017080344383175
2263.658860266210000	 0.017107451899314
2263.891818881030000	 0.017107787333016
2264.124777495860000	 0.017091242566122
2264.357736110690000	 0.017068600141894
2264.590694725510000	 0.017047936902331
2264.823653340340000	 0.017033823234529
2265.056611955170000	 0.017029162984753
2265.289570569990000	 0.017037824208894
2265.522529184820000	 0.017065793425938
2265.755487799640000	 0.017119645029320
2265.988446414470000	 0.017202996746837
2266.221405029300000	 0.017313113472854
2266.454363644120000	 0.017439928311642
2266.687322258950000	 0.017568438922499
2266.920280873780000	 0.017683589894898
2267.153239488600000	 0.017775410939557
2267.386198103430000	 0.017841978407906
2267.619156718250000	 0.017888816569082
2267.852115333080000	 0.017925195424536
2268.085073947910000	 0.017959395659542
2268.318032562730000	 0.017995370963089
2268.550991177560000	 0.018032152026760
2268.783949792390000	 0.018065629119913
2269.016908407210000	 0.018091138158079
2269.249867022040000	 0.018105186307217
2269.482825636860000	 0.018105596412173
2269.715784251690000	 0.018090668018983
2269.948742866520000	 0.018058756823234
2270.181701481340000	 0.018009375072013
2270.414660096170000	 0.017945675484486
2270.647618710990000	 0.017876825088876
2270.880577325820000	 0.017818237359803
2271.113535940650000	 0.017788420543203
2271.346494555470000	 0.017803075994251
2271.579453170300000	 0.017868990417820
2271.812411785130000	 0.017980870230223
2272.045370399950000	 0.018122984592268
2272.278329014780000	 0.018275066792134
2272.511287629600000	 0.018419816618540
2272.744246244430000	 0.018548602981509
2272.977204859260000	 0.018662836847971
2273.210163474080000	 0.018770580656145
2273.443122088910000	 0.018880345412869
2273.676080703740000	 0.018995412829200
2273.909039318560000	 0.019111536124448
2274.141997933390000	 0.019218842646074
2274.374956548210000	 0.019306482739232
2274.607915163040000	 0.019367306436805
2274.840873777870000	 0.019400131236851
2275.073832392690000	 0.019408738060825
2275.306791007520000	 0.019398726584306
2275.539749622350000	 0.019374587320800
2275.772708237170000	 0.019338997492985
2276.005666852000000	 0.019294659789800
2276.238625466820000	 0.019247126302093
2276.471584081650000	 0.019206203483130
2276.704542696480000	 0.019184280271142
2276.937501311300000	 0.019191899621152
2277.170459926130000	 0.019232917966059
2277.403418540950000	 0.019302263114800
2277.636377155780000	 0.019388019056796
2277.869335770610000	 0.019477106103938
2278.102294385430000	 0.019561696106895
2278.335253000260000	 0.019642880936216
2278.568211615090000	 0.019729342953529
2278.801170229910000	 0.019831371288178
2279.034128844740000	 0.019953254036197
2279.267087459560000	 0.020088234993300
2279.500046074390000	 0.020219001078887
2279.733004689220000	 0.020323770279831
2279.965963304040000	 0.020385178746870
2280.198921918870000	 0.020397752160913
2280.431880533700000	 0.020370359428651
2280.664839148520000	 0.020322458010903
2280.897797763350000	 0.020276100218253
2281.130756378170000	 0.020247842342783
2281.363714993000000	 0.020244477717569
2281.596673607830000	 0.020264058795142
2281.829632222650000	 0.020300638369327
2282.062590837480000	 0.020349352352283
2282.295549452300000	 0.020408721415810
2282.528508067130000	 0.020479060003486
2282.761466681960000	 0.020558479807980
2282.994425296780000	 0.020639615178089
2283.227383911610000	 0.020709836409705
2283.460342526440000	 0.020755587240665
2283.693301141260000	 0.020768908132625
2283.926259756090000	 0.020752646204041
2284.159218370910000	 0.020721161370101
2284.392176985740000	 0.020695502399385
2284.625135600570000	 0.020695031587962
2284.858094215390000	 0.020729571022252
2285.091052830220000	 0.020795938919412
2285.324011445050000	 0.020880371048746
2285.556970059870000	 0.020965297504654
2285.789928674700000	 0.021036931741870
2286.022887289520000	 0.021089994043682
2286.255845904350000	 0.021127592801797
2286.488804519180000	 0.021156978577792
2286.721763134000000	 0.021184104431987
2286.954721748830000	 0.021210335181752
2287.187680363660000	 0.021233042969325
2287.420638978480000	 0.021249303570037
2287.653597593310000	 0.021260001705651
2287.886556208130000	 0.021271403378297
2288.119514822960000	 0.021292799039438
2288.352473437790000	 0.021331327762839
2288.585432052610000	 0.021387033989496
2288.818390667440000	 0.021451295898026
2289.051349282260000	 0.021509936173484
2289.284307897090000	 0.021549733160740
2289.517266511920000	 0.021565120767033
2289.750225126740000	 0.021561540632863
2289.983183741570000	 0.021553433691994
2290.216142356400000	 0.021557621897641
2290.449100971220000	 0.021585352840929
2290.682059586050000	 0.021636987530918
2290.915018200870000	 0.021701789114209
2291.147976815700000	 0.021762579080632
2291.380935430530000	 0.021802734674822
2291.613894045350000	 0.021812142947789
2291.846852660180000	 0.021789556429393
2292.079811275010000	 0.021740872282152
2292.312769889830000	 0.021675086300563
2292.545728504660000	 0.021600725517312
2292.778687119480000	 0.021524793012839
2293.011645734310000	 0.021454252211897
2293.244604349140000	 0.021398190826096
2293.477562963960000	 0.021368219503655
2293.710521578790000	 0.021375745731357
2293.943480193620000	 0.021426894074994
2294.176438808440000	 0.021517689101067
2294.409397423270000	 0.021632464436115
2294.642356038090000	 0.021747071202888
2294.875314652920000	 0.021836136669243
2295.108273267750000	 0.021881549305798
2295.341231882570000	 0.021878492417802
2295.574190497400000	 0.021836247150774
2295.807149112220000	 0.021773416090042
2296.040107727050000	 0.021709962058991
2296.273066341880000	 0.021659885457859
2296.506024956700000	 0.021627686573022
2296.738983571530000	 0.021609581852509
2296.971942186360000	 0.021598087414741
2297.204900801180000	 0.021587161655962
2297.437859416010000	 0.021575171601532
2297.670818030830000	 0.021564440784580
2297.903776645660000	 0.021558219842281
2298.136735260490000	 0.021557329165135
2298.369693875310000	 0.021558657610982
2298.602652490140000	 0.021556399384975
2298.835611104970000	 0.021545265792022
2299.068569719790000	 0.021523783594165
2299.301528334620000	 0.021495725730676
2299.534486949440000	 0.021468798025527
2299.767445564270000	 0.021451341743889
2300.000404179100000	 0.021448932998387
2300.233362793920000	 0.021462636897940
2300.466321408750000	 0.021489543795596
2300.699280023570000	 0.021524930182151
2300.932238638400000	 0.021564655384079
2301.165197253230000	 0.021606482351691
2301.398155868050000	 0.021649783856402
2301.631114482880000	 0.021694131494983
2301.864073097710000	 0.021737925834979
2302.097031712530000	 0.021778087546617
2302.329990327360000	 0.021811046908428
2302.562948942180000	 0.021834414284330
2302.795907557010000	 0.021848302439118
2303.028866171840000	 0.021855497091152
2303.261824786660000	 0.021860394642759
2303.494783401490000	 0.021867414020671
2303.727742016320000	 0.021879899721209
2303.960700631140000	 0.021900108866600
2304.193659245970000	 0.021930017453487
2304.426617860790000	 0.021972028234476
2304.659576475620000	 0.022028689580289
2304.892535090450000	 0.022101246084219
2305.125493705270000	 0.022187796961540
2305.358452320100000	 0.022282395184983
2305.591410934930000	 0.022376118125367
2305.824369549750000	 0.022460049717886
2306.057328164580000	 0.022528856020126
2306.290286779400000	 0.022583006987312
2306.523245394230000	 0.022628178311190
2306.756204009060000	 0.022671811311019
2306.989162623880000	 0.022718455787605
2307.222121238710000	 0.022766400844760
2307.455079853530000	 0.022807639384581
2307.688038468360000	 0.022831579240590
2307.920997083190000	 0.022830873996279
2308.153955698010000	 0.022806332666002
2308.386914312840000	 0.022768014420425
2308.619872927670000	 0.022731553572102
2308.852831542490000	 0.022711478323896
2309.085790157320000	 0.022715022589927
2309.318748772140000	 0.022739626739567
2309.551707386970000	 0.022775380904531
2309.784666001800000	 0.022811208398772
2310.017624616620000	 0.022841603113603
2310.250583231450000	 0.022870126906642
2310.483541846280000	 0.022907403629237
2310.716500461100000	 0.022964559361755
2310.949459075930000	 0.023045834398143
2311.182417690750000	 0.023144480238953
2311.415376305580000	 0.023244202445745
2311.648334920410000	 0.023325794058953
2311.881293535230000	 0.023376172312596
2312.114252150060000	 0.023395306662216
2312.347210764880000	 0.023396782914971
2312.580169379710000	 0.023401040943136
2312.813127994540000	 0.023424935069968
2313.046086609360000	 0.023473438129085
2313.279045224190000	 0.023537574082002
2313.512003839020000	 0.023599172620059
2313.744962453840000	 0.023640128171977
2313.977921068670000	 0.023651910813642
2314.210879683490000	 0.023640361676902
2314.443838298320000	 0.023622701121321
2314.676796913150000	 0.023618293676428
2314.909755527970000	 0.023638742936953
2315.142714142800000	 0.023682867003361
2315.375672757630000	 0.023738699180479
2315.608631372450000	 0.023791013608445
2315.841589987280000	 0.023830528083933
2316.074548602100000	 0.023859902937367
2316.307507216930000	 0.023892732056674
2316.540465831760000	 0.023945622225750
2316.773424446580000	 0.024027955246953
2317.006383061410000	 0.024135223560547
2317.239341676240000	 0.024249324405553
2317.472300291060000	 0.024345694787393
2317.705258905890000	 0.024404515237136
2317.938217520710000	 0.024421110787406
2318.171176135540000	 0.024409766806564
2318.404134750370000	 0.024397818018096
2318.637093365190000	 0.024412869626298
2318.870051980020000	 0.024470409073381
2319.103010594840000	 0.024567929702300
2319.335969209670000	 0.024687203174524
2319.568927824500000	 0.024802756936847
2319.801886439320000	 0.024892828019644
2320.034845054150000	 0.024947995303542
2320.267803668980000	 0.024973052282766
2320.500762283800000	 0.024981106183983
2320.733720898630000	 0.024983840387279
2320.966679513450000	 0.024984090560940
2321.199638128280000	 0.024974787432579
2321.432596743110000	 0.024944415743531
2321.665555357930000	 0.024885898461644
2321.898513972760000	 0.024803881283489
2322.131472587590000	 0.024715631924916
2322.364431202410000	 0.024644296093694
2322.597389817240000	 0.024608311030870
2322.830348432060000	 0.024613044078135
2323.063307046890000	 0.024648598964570
2323.296265661720000	 0.024694059150734
2323.529224276540000	 0.024725976571440
2323.762182891370000	 0.024727615966353
2323.995141506200000	 0.024694822432020
2324.228100121020000	 0.024635503895676
2324.461058735850000	 0.024563290055640
2324.694017350670000	 0.024489591063678
2324.926975965500000	 0.024418820876532
2325.159934580330000	 0.024348940657359
2325.392893195150000	 0.024276253905197
2325.625851809980000	 0.024201314019922
2325.858810424800000	 0.024132295430095
2326.091769039630000	 0.024083524707490
2326.324727654460000	 0.024069803614314
2326.557686269280000	 0.024099779342407
2326.790644884110000	 0.024171874959854
2327.023603498940000	 0.024274436129329
2327.256562113760000	 0.024389678614890
2327.489520728590000	 0.024499750344324
2327.722479343410000	 0.024592492693261
2327.955437958240000	 0.024664337180001
2328.188396573070000	 0.024718957602003
2328.421355187890000	 0.024762718032109
2328.654313802720000	 0.024799881263514
2328.887272417550000	 0.024830410574107
2329.120231032370000	 0.024851358900281
2329.353189647200000	 0.024860704341980
2329.586148262020000	 0.024861073235546
2329.819106876850000	 0.024860705981020
2330.052065491680000	 0.024870624307018
2330.285024106500000	 0.024899501471100
2330.517982721330000	 0.024949315534976
2330.750941336150000	 0.025014308623602
2330.983899950980000	 0.025083836076794
2331.216858565810000	 0.025147759810114
2331.449817180630000	 0.025201773693140
2331.682775795460000	 0.025249779310656
2331.915734410290000	 0.025301693039835
2332.148693025110000	 0.025367650846687
2332.381651639940000	 0.025451804990888
2332.614610254760000	 0.025549101078537
2332.847568869590000	 0.025646720253242
2333.080527484420000	 0.025729612332985
2333.313486099240000	 0.025787650930533
2333.546444714070000	 0.025820883185372
2333.779403328900000	 0.025839897774476
2334.012361943720000	 0.025860858713491
2334.245320558550000	 0.025897860516476
2334.478279173370000	 0.025956651800539
2334.711237788200000	 0.026032678253152
2334.944196403030000	 0.026114026629492
2335.177155017850000	 0.026187613635706
2335.410113632680000	 0.026245506056887
2335.643072247510000	 0.026288111491287
2335.876030862330000	 0.026322620554954
2336.108989477160000	 0.026357852890751
2336.341948091980000	 0.026398695749680
2336.574906706810000	 0.026443305329062
2336.807865321640000	 0.026484527041205
2337.040823936460000	 0.026514745162716
2337.273782551290000	 0.026531530622516
2337.506741166110000	 0.026540829221779
2337.739699780940000	 0.026555668857309
2337.972658395770000	 0.026590982235102
2338.205617010590000	 0.026657343013024
2338.438575625420000	 0.026756730763571
2338.671534240250000	 0.026882087607293
2338.904492855070000	 0.027020561279370
2339.137451469900000	 0.027158752190207
2339.370410084720000	 0.027287412013778
2339.603368699550000	 0.027403349248019
2339.836327314380000	 0.027507903366003
2340.069285929200000	 0.027603371903852
2340.302244544030000	 0.027689844748351
2340.535203158860000	 0.027764398490657
2340.768161773680000	 0.027823011954958
2341.001120388510000	 0.027863843880007
2341.234079003330000	 0.027889598373837
2341.467037618160000	 0.027907204527630
2341.699996232990000	 0.027924743921971
2341.932954847810000	 0.027947320533273
2342.165913462640000	 0.027974189055024
2342.398872077470000	 0.027998704877024
2342.631830692290000	 0.028011151383482
2342.864789307120000	 0.028003013901526
2343.097747921940000	 0.027970479098442
2343.330706536770000	 0.027915365181159
2343.563665151600000	 0.027843242882829
2343.796623766420000	 0.027760197050627
2344.029582381250000	 0.027670318447186
2344.262540996070000	 0.027575274323919
2344.495499610900000	 0.027475824672727
2344.728458225730000	 0.027373873750092
2344.961416840550000	 0.027273304623253
2345.194375455380000	 0.027178690409209
2345.427334070210000	 0.027092524964033
2345.660292685030000	 0.027012804500718
2345.893251299860000	 0.026932792347606
2346.126209914680000	 0.026843651730452
2346.359168529510000	 0.026739007819013
2346.592127144340000	 0.026619189717082
2346.825085759160000	 0.026492642492976
2347.058044373990000	 0.026373226760698
2347.291002988820000	 0.026274375014116
2347.523961603640000	 0.026202935004172
2347.756920218470000	 0.026155757627244
2347.989878833290000	 0.026120689030173
2348.222837448120000	 0.026081571457157
2348.455796062950000	 0.026025095777143
2348.688754677770000	 0.025946493242711
2348.921713292600000	 0.025851530246288
2349.154671907420000	 0.025754050577003
2349.387630522250000	 0.025670503349629
2349.620589137080000	 0.025614184794233
2349.853547751900000	 0.025591658099255
2350.086506366730000	 0.025602434348871
2350.319464981560000	 0.025641398066726
2350.552423596380000	 0.025702318512319
2350.785382211210000	 0.025780464985714
2351.018340826030000	 0.025872985735215
2351.251299440860000	 0.025977084907924
2351.484258055690000	 0.026087428849651
2351.717216670510000	 0.026194807907384
2351.950175285340000	 0.026287494365331
2352.183133900170000	 0.026355232219626
2352.416092514990000	 0.026394107279991
2352.649051129820000	 0.026409639541953
2352.882009744640000	 0.026416049541220
2353.114968359470000	 0.026431617026819
2353.347926974300000	 0.026472170296611
2353.580885589120000	 0.026545666527300
2353.813844203950000	 0.026650132515576
2354.046802818780000	 0.026775542998492
2354.279761433600000	 0.026908450365593
2354.512720048430000	 0.027037080646849
2354.745678663250000	 0.027154615527483
2354.978637278080000	 0.027259499143916
2355.211595892910000	 0.027353254355374
2355.444554507730000	 0.027437520077497
2355.677513122560000	 0.027512156058090
2355.910471737380000	 0.027575342993093
2356.143430352210000	 0.027625284140415
2356.376388967040000	 0.027662207084457
2356.609347581860000	 0.027689371768170
2356.842306196690000	 0.027712594202440
2357.075264811520000	 0.027738758435277
2357.308223426340000	 0.027774252745755
2357.541182041170000	 0.027824012885278
2357.774140655990000	 0.027891182238158
2358.007099270820000	 0.027976848610195
2358.240057885650000	 0.028079320311433
2358.473016500470000	 0.028192997585810
2358.705975115300000	 0.028307676092190
2358.938933730130000	 0.028409504383916
2359.171892344950000	 0.028484403180060
2359.404850959780000	 0.028523515663673
2359.637809574600000	 0.028528653086011
2359.870768189430000	 0.028514716748564
2360.103726804260000	 0.028506799329081
2360.336685419080000	 0.028532195284115
2360.569644033910000	 0.028610400151885
2360.802602648740000	 0.028745396157407
2361.035561263560000	 0.028923470361952
2361.268519878390000	 0.029117438018095
2361.501478493210000	 0.029295701234373
2361.734437108040000	 0.029432782812079
2361.967395722870000	 0.029517326129106
2362.200354337690000	 0.029554537133355
2362.433312952520000	 0.029562555037412
2362.666271567340000	 0.029565042067768
2362.899230182170000	 0.029583712873610
2363.132188797000000	 0.029633825475699
2363.365147411820000	 0.029723494692762
2363.598106026650000	 0.029855489850222
2363.831064641480000	 0.030029162060935
2364.064023256300000	 0.030240730396717
2364.296981871130000	 0.030481815713977
2364.529940485950000	 0.030737737603991
2364.762899100780000	 0.030987691711021
2364.995857715610000	 0.031208144393593
2365.228816330430000	 0.031378968228617
2365.461774945260000	 0.031489911832735
2365.694733560090000	 0.031544165653751
2365.927692174910000	 0.031556877278289
2366.160650789740000	 0.031549071743650
2366.393609404560000	 0.031539919362283
2366.626568019390000	 0.031541068111451
2366.859526634220000	 0.031555461208669
2367.092485249040000	 0.031580591028567
2367.325443863870000	 0.031613865520763
2367.558402478690000	 0.031656834031000
2367.791361093520000	 0.031715909154773
2368.024319708350000	 0.031799398261757
2368.257278323170000	 0.031912799164666
2368.490236938000000	 0.032055185294816
2368.723195552830000	 0.032218751556037
2368.956154167650000	 0.032391762588609
2369.189112782480000	 0.032563235675647
2369.422071397300000	 0.032726709168576
2369.655030012130000	 0.032880995285539
2369.887988626960000	 0.033027642765567
2370.120947241780000	 0.033166835106765
2370.353905856610000	 0.033294383920362
2370.586864471440000	 0.033401818563442
2370.819823086260000	 0.033479750788911
2371.052781701090000	 0.033522743435185
2371.285740315910000	 0.033532953026129
2371.518698930740000	 0.033520461672481
2371.751657545570000	 0.033500100150979
2371.984616160390000	 0.033486490467892
2372.217574775220000	 0.033489824947637
2372.450533390050000	 0.033514213574693
2372.683492004870000	 0.033558839115007
2372.916450619700000	 0.033620625042823
2373.149409234520000	 0.033696480448490
2373.382367849350000	 0.033783768220163
2373.615326464180000	 0.033879059387736
2373.848285079000000	 0.033976556994459
2374.081243693830000	 0.034067923963910
2374.314202308650000	 0.034144388112970
2374.547160923480000	 0.034200427548348
2374.780119538310000	 0.034237013979782
2375.013078153130000	 0.034262213175418
2375.246036767960000	 0.034288196996046
2375.478995382790000	 0.034325758793133
2375.711953997610000	 0.034379001166337
2375.944912612440000	 0.034443008034959
2376.177871227260000	 0.034505923751773
2376.410829842090000	 0.034554652622371
2376.643788456920000	 0.034581460842997
2376.876747071740000	 0.034588146087247
2377.109705686570000	 0.034585598010499
2377.342664301400000	 0.034588959920176
2377.575622916220000	 0.034610861604265
2377.808581531050000	 0.034656059188506
2378.041540145870000	 0.034719929198623
2378.274498760700000	 0.034791220961519
2378.507457375530000	 0.034857352239376
2378.740415990350000	 0.034909391539527
2378.973374605180000	 0.034944299536427
2379.206333220010000	 0.034963751458288
2379.439291834830000	 0.034970870064116
2379.672250449660000	 0.034967253488910
2379.905209064480000	 0.034952229330968
2380.138167679310000	 0.034924683094620
2380.371126294140000	 0.034886078258662
2380.604084908960000	 0.034842436598095
2380.837043523790000	 0.034803613689935
2381.070002138610000	 0.034779870235389
2381.302960753440000	 0.034777479651357
2381.535919368270000	 0.034795854481281
2381.768877983090000	 0.034827979624609
2382.001836597920000	 0.034864188557413
2382.234795212750000	 0.034897437468416
2382.467753827570000	 0.034927259709823
2382.700712442400000	 0.034960154358704
2382.933671057220000	 0.035006055681934
2383.166629672050000	 0.035072682683673
2383.399588286880000	 0.035160742439566
2383.632546901700000	 0.035262536768958
2383.865505516530000	 0.035364769380046
2384.098464131360000	 0.035454174650528
2384.331422746180000	 0.035523098869832
2384.564381361010000	 0.035572189731599
2384.797339975830000	 0.035608935383077
2385.030298590660000	 0.035643046474715
2385.263257205490000	 0.035681289310688
2385.496215820310000	 0.035724497598867
2385.729174435140000	 0.035768160531142
2385.962133049960000	 0.035805991981705
2386.195091664790000	 0.035834296550697
2386.428050279620000	 0.035854612868763
2386.661008894440000	 0.035873207326951
2386.893967509270000	 0.035897846005116
2387.126926124100000	 0.035933779492404
2387.359884738920000	 0.035981205871977
2387.592843353750000	 0.036035543088845
2387.825801968570000	 0.036090232733981
2388.058760583400000	 0.036140411506153
2388.291719198230000	 0.036185386984141
2388.524677813050000	 0.036228650001710
2388.757636427880000	 0.036275634229406
2388.990595042710000	 0.036330673625360
2389.223553657530000	 0.036394899278781
2389.456512272360000	 0.036466080018373
2389.689470887180000	 0.036540163445544
2389.922429502010000	 0.036613284119349
2390.155388116840000	 0.036682866528589
2390.388346731660000	 0.036747230149224
2390.621305346490000	 0.036804271790814
2390.854263961320000	 0.036850559061375
2391.087222576140000	 0.036881986270154
2391.320181190970000	 0.036896093025768
2391.553139805790000	 0.036894858715458
2391.786098420620000	 0.036886104823100
2392.019057035450000	 0.036882110074486
2392.252015650270000	 0.036895514835604
2392.484974265100000	 0.036934223838558
2392.717932879920000	 0.036997826250394
2392.950891494750000	 0.037077533981426
2393.183850109580000	 0.037160008356412
2393.416808724400000	 0.037233478321545
2393.649767339230000	 0.037293252551131
2393.882725954060000	 0.037343867955144
2394.115684568880000	 0.037396743042987
2394.348643183710000	 0.037464470126957
2394.581601798530000	 0.037554540058207
2394.814560413360000	 0.037665500079422
2395.047519028190000	 0.037787280047491
2395.280477643010000	 0.037905366543457
2395.513436257840000	 0.038006670353954
2395.746394872670000	 0.038084240902539
2395.979353487490000	 0.038138786559216
2396.212312102320000	 0.038176764585515
2396.445270717140000	 0.038206531270808
2396.678229331970000	 0.038234755817125
2396.911187946800000	 0.038264763024154
2397.144146561620000	 0.038297147680817
2397.377105176450000	 0.038331702938464
2397.610063791280000	 0.038369132933450
2397.843022406100000	 0.038411428038744
2398.075981020930000	 0.038460824430038
2398.308939635750000	 0.038518235288448
2398.541898250580000	 0.038582331630362
2398.774856865410000	 0.038649949688593
2399.007815480230000	 0.038717585078497
2399.240774095060000	 0.038783008101360
2399.473732709880000	 0.038845975466477
2399.706691324710000	 0.038907662744468
2399.939649939540000	 0.038969349827877
2400.172608554360000	 0.039031417357748
2400.405567169190000	 0.039093477421477
2400.638525784020000	 0.039155606389293
2400.871484398840000	 0.039219731005149
2401.104443013670000	 0.039289881682189
2401.337401628490000	 0.039370590418652
2401.570360243320000	 0.039463914688211
2401.803318858150000	 0.039566674034538
2402.036277472970000	 0.039669745015439
2402.269236087800000	 0.039760406257960
2402.502194702630000	 0.039827131632055
2402.735153317450000	 0.039864719080006
2402.968111932280000	 0.039877108686717
2403.201070547100000	 0.039876161067068
2403.434029161930000	 0.039876685951313
2403.666987776760000	 0.039890029906174
2403.899946391580000	 0.039919376997147
2404.132905006410000	 0.039959101866253
2404.365863621230000	 0.039998477289346
2404.598822236060000	 0.040027815895228
2404.831780850890000	 0.040043853810911
2405.064739465710000	 0.040051580820383
2405.297698080540000	 0.040061641999944
2405.530656695370000	 0.040084824624140
2405.763615310190000	 0.040126641237558
2405.996573925020000	 0.040184827531294
2406.229532539840000	 0.040250884091094
2406.462491154670000	 0.040314567335818
2406.695449769500000	 0.040368675674517
2406.928408384320000	 0.040411441784165
2407.161366999150000	 0.040445366475769
2407.394325613980000	 0.040473515693405
2407.627284228800000	 0.040495831784919
2407.860242843630000	 0.040507985040388
2408.093201458450000	 0.040503750171985
2408.326160073280000	 0.040479720594675
2408.559118688110000	 0.040439611290743
2408.792077302930000	 0.040395398605074
2409.025035917760000	 0.040364181379844
2409.257994532590000	 0.040361998471810
2409.490953147410000	 0.040397539992580
2409.723911762240000	 0.040468813949720
2409.956870377060000	 0.040564363707796
2410.189828991890000	 0.040668359500120
2410.422787606720000	 0.040766966831404
2410.655746221540000	 0.040852844625398
2410.888704836370000	 0.040925777028770
2411.121663451190000	 0.040989642469038
2411.354622066020000	 0.041047882818763
2411.587580680850000	 0.041100260469701
2411.820539295670000	 0.041142726394514
2412.053497910500000	 0.041170291879377
2412.286456525330000	 0.041181000884235
2412.519415140150000	 0.041178452016163
2412.752373754980000	 0.041171190322967
2412.985332369800000	 0.041169144492806
2413.218290984630000	 0.041179002394151
2413.451249599460000	 0.041201020141163
2413.684208214280000	 0.041228975258959
2413.917166829110000	 0.041253285197924
2414.150125443940000	 0.041265640296961
2414.383084058760000	 0.041262755437934
2414.616042673590000	 0.041247439065205
2414.849001288410000	 0.041226733773663
2415.081959903240000	 0.041208444549351
2415.314918518070000	 0.041198047350369
2415.547877132890000	 0.041197478590650
2415.780835747720000	 0.041206043910404
2416.013794362550000	 0.041222428241327
2416.246752977370000	 0.041246262631645
2416.479711592200000	 0.041278185424945
2416.712670207020000	 0.041318479115850
2416.945628821850000	 0.041365408326792
2417.178587436680000	 0.041414656948609
2417.411546051500000	 0.041460596511262
2417.644504666330000	 0.041498917612874
2417.877463281150000	 0.041529155378337
2418.110421895980000	 0.041555494526219
2418.343380510810000	 0.041585113263110
2418.576339125630000	 0.041624728657565
2418.809297740460000	 0.041677091927444
2419.042256355290000	 0.041739303671233
2419.275214970110000	 0.041803906377774
2419.508173584940000	 0.041862254162433
2419.741132199760000	 0.041908433938885
2419.974090814590000	 0.041941706348495
2420.207049429420000	 0.041966257250219
2420.440008044240000	 0.041988540851232
2420.672966659070000	 0.042013779367070
2420.905925273900000	 0.042043543140178
2421.138883888720000	 0.042075629574183
2421.371842503550000	 0.042106132744084
2421.604801118370000	 0.042132386830250
2421.837759733200000	 0.042155034193645
2422.070718348030000	 0.042178041679233
2422.303676962850000	 0.042206706186578
2422.536635577680000	 0.042244815848854
2422.769594192500000	 0.042292534079087
2423.002552807330000	 0.042346092842464
2423.235511422160000	 0.042399356036883
2423.468470036980000	 0.042446335881308
2423.701428651810000	 0.042483345113325
2423.934387266640000	 0.042509830772587
2424.167345881460000	 0.042527782984145
2424.400304496290000	 0.042540381828684
2424.633263111120000	 0.042550779308121
2424.866221725940000	 0.042561552070171
2425.099180340770000	 0.042574732269983
2425.332138955590000	 0.042591892081556
2425.565097570420000	 0.042613815511370
2425.798056185250000	 0.042639775621232
2426.031014800070000	 0.042666968787357
2426.263973414900000	 0.042690812998283
2426.496932029720000	 0.042706417131553
2426.729890644550000	 0.042710771798571
2426.962849259380000	 0.042704570724954
2427.195807874200000	 0.042692520012421
2427.428766489030000	 0.042681690660738
2427.661725103860000	 0.042678578268318
2427.894683718680000	 0.042686374258459
2428.127642333510000	 0.042703960747309
2428.360600948330000	 0.042727252759494
2428.593559563160000	 0.042752192949727
2428.826518177990000	 0.042777681041999
2429.059476792810000	 0.042806613576785
2429.292435407640000	 0.042844186855009
2429.525394022460000	 0.042894203148732
2429.758352637290000	 0.042955401949991
2429.991311252120000	 0.043020025744107
2430.224269866940000	 0.043075768723054
2430.457228481770000	 0.043110487490239
2430.690187096600000	 0.043117493008222
2430.923145711420000	 0.043098753074284
2431.156104326250000	 0.043064280083089
2431.389062941070000	 0.043027926821321
2431.622021555900000	 0.043001675983345
2431.854980170730000	 0.042991214974149
2432.087938785550000	 0.042994780985791
2432.320897400380000	 0.043005461585332
2432.553856015210000	 0.043015348694030
2432.786814630030000	 0.043019117449323
2433.019773244860000	 0.043015173974890
2433.252731859680000	 0.043004149449814
2433.485690474510000	 0.042986220913422
2433.718649089340000	 0.042959456008908
2433.951607704160000	 0.042920667849780
2434.184566318990000	 0.042868555980785
2434.417524933820000	 0.042807221459627
2434.650483548640000	 0.042747531251557
2434.883442163470000	 0.042704757253751
2435.116400778290000	 0.042692981379008
2435.349359393120000	 0.042718747873590
2435.582318007950000	 0.042777170751034
2435.815276622770000	 0.042852729083258
2436.048235237600000	 0.042924788134247
2436.281193852420000	 0.042975537812725
2436.514152467250000	 0.042996718112084
2436.747111082080000	 0.042991978012459
2436.980069696900000	 0.042973860075702
2437.213028311730000	 0.042957088299424
2437.445986926560000	 0.042951574554041
2437.678945541380000	 0.042958467342984
2437.911904156210000	 0.042970835638725
2438.144862771030000	 0.042978200258974
2438.377821385860000	 0.042972301694149
2438.610780000690000	 0.042951110346942
2438.843738615510000	 0.042919281532356
2439.076697230340000	 0.042885295849870
2439.309655845170000	 0.042857207298617
2439.542614459990000	 0.042839356967043
2439.775573074820000	 0.042831528708499
2440.008531689640000	 0.042830484906826
2440.241490304470000	 0.042832545904193
2440.474448919300000	 0.042835547261507
2440.707407534120000	 0.042839219808767
2440.940366148950000	 0.042844247006437
2441.173324763770000	 0.042851132380423
2441.406283378600000	 0.042859994955364
2441.639241993430000	 0.042871562489950
2441.872200608250000	 0.042888555746849
2442.105159223080000	 0.042916108095894
2442.338117837910000	 0.042960279482036
2442.571076452730000	 0.043024911406327
2442.804035067560000	 0.043108295081441
2443.036993682380000	 0.043201586111938
2443.269952297210000	 0.043290248728765
2443.502910912040000	 0.043358345300581
2443.735869526860000	 0.043393956530133
2443.968828141690000	 0.043393272916742
2444.201786756520000	 0.043361444470544
2444.434745371340000	 0.043309903288653
2444.667703986170000	 0.043251669944590
2444.900662600990000	 0.043197063296020
2445.133621215820000	 0.043151764743637
2445.366579830650000	 0.043117692198025
2445.599538445470000	 0.043095513939520
2445.832497060300000	 0.043086794164309
2446.065455675130000	 0.043094171820041
2446.298414289950000	 0.043119374595771
2446.531372904780000	 0.043160395783861
2446.764331519600000	 0.043209864605783
2446.997290134430000	 0.043256084534796
2447.230248749260000	 0.043286708867321
2447.463207364080000	 0.043293413655668
2447.696165978910000	 0.043275153738860
2447.929124593730000	 0.043238179723331
2448.162083208560000	 0.043192699220716
2448.395041823390000	 0.043147905609354
2448.628000438210000	 0.043107975096962
2448.860959053040000	 0.043071054487266
2449.093917667870000	 0.043031594976723
2449.326876282690000	 0.042984567141332
2449.559834897520000	 0.042929108427245
2449.792793512340000	 0.042869558690920
2450.025752127170000	 0.042813410184134
2450.258710742000000	 0.042767501022177
2450.491669356820000	 0.042734734693158
2450.724627971650000	 0.042713186212496
2450.957586586480000	 0.042697968022929
2451.190545201300000	 0.042684563885642
2451.423503816130000	 0.042671457318117
2451.656462430950000	 0.042660317811471
2451.889421045780000	 0.042653540632365
2452.122379660610000	 0.042650650474191
2452.355338275430000	 0.042645923618273
2452.588296890260000	 0.042629040327705
2452.821255505090000	 0.042588943104971
2453.054214119910000	 0.042519232652993
2453.287172734740000	 0.042422397133845
2453.520131349560000	 0.042310577230952
2453.753089964390000	 0.042202264005560
2453.986048579220000	 0.042116360231219
2454.219007194040000	 0.042066250626905
2454.451965808870000	 0.042056319153995
2454.684924423700000	 0.042081979018272
2454.917883038520000	 0.042132565980699
2455.150841653350000	 0.042195270661444
2455.383800268170000	 0.042258191132629
2455.616758883000000	 0.042311528681885
2455.849717497830000	 0.042347295619730
2456.082676112650000	 0.042358793509443
2456.315634727480000	 0.042341018224041
2456.548593342300000	 0.042292184950742
2456.781551957130000	 0.042215427687551
2457.014510571960000	 0.042119218161134
2457.247469186780000	 0.042015584899498
2457.480427801610000	 0.041916516576820
2457.713386416440000	 0.041830168320842
2457.946345031260000	 0.041758822304169
2458.179303646090000	 0.041699724814966
2458.412262260910000	 0.041648382754540
2458.645220875740000	 0.041602510630096
2458.878179490570000	 0.041564373382487
2459.111138105390000	 0.041540091648923
2459.344096720220000	 0.041536169707905
2459.577055335040000	 0.041555115037458
2459.810013949870000	 0.041592597310020
2460.042972564700000	 0.041637814663048
2460.275931179520000	 0.041677045074054
2460.508889794350000	 0.041698676952001
2460.741848409180000	 0.041697236516293
2460.974807024000000	 0.041674502480723
2461.207765638830000	 0.041637421455746
2461.440724253650000	 0.041594264701339
2461.673682868480000	 0.041551272999543
2461.906641483310000	 0.041511489259838
2462.139600098130000	 0.041475984114638
2462.372558712960000	 0.041446172872355
2462.605517327790000	 0.041425302660952
2462.838475942610000	 0.041417824224363
2463.071434557440000	 0.041426860824693
2463.304393172260000	 0.041451397134460
2463.537351787090000	 0.041485220081048
2463.770310401920000	 0.041518759159987
2464.003269016740000	 0.041543282957664
2464.236227631570000	 0.041555377143414
2464.469186246390000	 0.041559186017887
2464.702144861220000	 0.041564918713240
2464.935103476050000	 0.041584117959060
2465.168062090870000	 0.041624022768478
2465.401020705700000	 0.041683936043633
2465.633979320530000	 0.041755493360982
2465.866937935350000	 0.041826684827847
2466.099896550180000	 0.041887500143651
2466.332855165000000	 0.041934209366545
2466.565813779830000	 0.041970067316189
2466.798772394660000	 0.042002251506495
2467.031731009480000	 0.042036954037340
2467.264689624310000	 0.042075510590484
2467.497648239140000	 0.042113743961196
2467.730606853960000	 0.042144789906432
2467.963565468790000	 0.042163657667609
2468.196524083610000	 0.042170778849232
2468.429482698440000	 0.042172393285534
2468.662441313270000	 0.042177485909482
2468.895399928090000	 0.042193019865064
2469.128358542920000	 0.042220193701635
2469.361317157750000	 0.042253838137113
2469.594275772570000	 0.042285265702012
2469.827234387400000	 0.042306934386555
2470.060193002220000	 0.042316278118642
2470.293151617050000	 0.042316579006860
2470.526110231880000	 0.042314522573153
2470.759068846700000	 0.042316026296781
2470.992027461530000	 0.042322880854588
2471.224986076360000	 0.042332160480886
2471.457944691180000	 0.042338647796848
2471.690903306010000	 0.042338701041877
2471.923861920830000	 0.042333122256164
2472.156820535660000	 0.042327194075467
2472.389779150490000	 0.042327805591293
2472.622737765310000	 0.042339412659424
2472.855696380140000	 0.042361332849078
2473.088654994960000	 0.042388101027445
2473.321613609790000	 0.042412784428847
2473.554572224620000	 0.042431343508363
2473.787530839440000	 0.042445388980001
2474.020489454270000	 0.042461519878352
2474.253448069100000	 0.042487418055134
2474.486406683920000	 0.042526852793171
2474.719365298750000	 0.042576504473615
2474.952323913570000	 0.042626584706312
2475.185282528400000	 0.042665144797530
2475.418241143230000	 0.042683882671980
2475.651199758050000	 0.042682338553904
2475.884158372880000	 0.042668181470939
2476.117116987710000	 0.042653436991836
2476.350075602530000	 0.042648758533261
2476.583034217360000	 0.042658866642700
2476.815992832180000	 0.042681505011424
2477.048951447010000	 0.042710196378045
2477.281910061840000	 0.042738926226685
2477.514868676660000	 0.042765846973249
2477.747827291490000	 0.042793775293041
2477.980785906310000	 0.042827269194593
2478.213744521140000	 0.042868211483061
2478.446703135970000	 0.042912784173294
2478.679661750790000	 0.042951923741496
2478.912620365620000	 0.042975282761462
2479.145578980450000	 0.042976584759762
2479.378537595270000	 0.042957291608868
2479.611496210100000	 0.042926336662420
2479.844454824920000	 0.042895901240920
2480.077413439750000	 0.042875519867416
2480.310372054580000	 0.042867787335278
2480.543330669400000	 0.042868022974358
2480.776289284230000	 0.042867976950116
2481.009247899060000	 0.042861333752782
2481.242206513880000	 0.042847700109948
2481.475165128710000	 0.042832621083048
2481.708123743530000	 0.042823523247539
2481.941082358360000	 0.042823968614457
2482.174040973190000	 0.042829722082891
2482.406999588010000	 0.042829218558652
2482.639958202840000	 0.042808580253204
2482.872916817670000	 0.042758719990885
2483.105875432490000	 0.042680726771485
2483.338834047320000	 0.042586495196629
2483.571792662140000	 0.042494096357067
2483.804751276970000	 0.042420258592294
2484.037709891800000	 0.042373851989763
2484.270668506620000	 0.042353612018664
2484.503627121450000	 0.042350949085952
2484.736585736270000	 0.042355928255002
2484.969544351100000	 0.042362860751568
2485.202502965930000	 0.042372328749516
2485.435461580750000	 0.042388671863212
2485.668420195580000	 0.042414715818250
2485.901378810410000	 0.042447184647401
2486.134337425230000	 0.042475847528218
2486.367296040060000	 0.042487272899086
2486.600254654880000	 0.042471343582181
2486.833213269710000	 0.042426957833436
2487.066171884540000	 0.042363625679445
2487.299130499360000	 0.042297872593249
2487.532089114190000	 0.042246224503454
2487.765047729020000	 0.042218391249445
2487.998006343840000	 0.042214065312211
2488.230964958670000	 0.042224707115676
2488.463923573490000	 0.042238980944727
2488.696882188320000	 0.042248618505125
2488.929840803150000	 0.042251457482052
2489.162799417970000	 0.042250243399248
2489.395758032800000	 0.042248391883896
2489.628716647630000	 0.042245704271114
2489.861675262450000	 0.042236960986334
2490.094633877280000	 0.042214476925927
2490.327592492100000	 0.042173191996542
2490.560551106930000	 0.042115159048741
2490.793509721760000	 0.042050437555213
2491.026468336580000	 0.041993403927902
2491.259426951410000	 0.041956191946284
2491.492385566230000	 0.041942756956677
2491.725344181060000	 0.041946869029852
2491.958302795890000	 0.041955301041149
2492.191261410710000	 0.041954697403302
2492.424220025540000	 0.041938575457603
2492.657178640370000	 0.041910768192000
2492.890137255190000	 0.041883518600728
2493.123095870020000	 0.041871339183420
2493.356054484840000	 0.041883987202467
2493.589013099670000	 0.041922239593827
2493.821971714500000	 0.041978486506319
2494.054930329320000	 0.042041481721725
2494.287888944150000	 0.042102356426745
2494.520847558970000	 0.042158434449847
2494.753806173800000	 0.042212799758300
2494.986764788630000	 0.042270131865013
2495.219723403450000	 0.042331524679228
2495.452682018280000	 0.042391580106456
2495.685640633110000	 0.042439745821115
2495.918599247930000	 0.042465421684028
2496.151557862760000	 0.042464148292474
2496.384516477580000	 0.042441460218893
2496.617475092410000	 0.042412178034601
2496.850433707240000	 0.042395340480283
2497.083392322060000	 0.042407225593934
2497.316350936890000	 0.042455750265058
2497.549309551720000	 0.042538640829027
2497.782268166540000	 0.042645743993661
2498.015226781370000	 0.042763815853397
2498.248185396190000	 0.042881145907067
2498.481144011020000	 0.042989912499886
2498.714102625850000	 0.043085813828102
2498.947061240670000	 0.043166206668499
2499.180019855500000	 0.043228681187323
2499.412978470330000	 0.043271358579956
2499.645937085150000	 0.043294716872336
2499.878895699980000	 0.043303423633912
2500.111854314800000	 0.043306373573400
2500.344812929630000	 0.043314124603192
2500.577771544460000	 0.043334590701709
2500.810730159280000	 0.043369128737947
2501.043688774110000	 0.043411240968440
2501.276647388940000	 0.043448912743018
2501.509606003760000	 0.043469737019532
2501.742564618590000	 0.043466444115083
2501.975523233410000	 0.043440143720035
2502.208481848240000	 0.043399746284305
2502.441440463070000	 0.043358031349905
2502.674399077890000	 0.043326511034923
2502.907357692720000	 0.043311668300276
2503.140316307540000	 0.043314185616010
2503.373274922370000	 0.043331041867939
2503.606233537200000	 0.043358822457719
2503.839192152020000	 0.043396089692600
2504.072150766850000	 0.043443445340538
2504.305109381680000	 0.043501478681236
2504.538067996500000	 0.043568160987850
2504.771026611330000	 0.043637602510639
2505.003985226150000	 0.043701252335533
2505.236943840980000	 0.043751110312046
2505.469902455810000	 0.043783227973889
2505.702861070630000	 0.043799489462120
2505.935819685460000	 0.043806593021937
2506.168778300290000	 0.043812749701505
2506.401736915110000	 0.043823902754645
2506.634695529940000	 0.043841492773058
2506.867654144760000	 0.043862864778041
2507.100612759590000	 0.043883899801740
2507.333571374420000	 0.043902216505571
2507.566529989240000	 0.043919032019235
2507.799488604070000	 0.043938644700030
2508.032447218900000	 0.043965970212755
2508.265405833720000	 0.044003722299082
2508.498364448550000	 0.044050994191863
2508.731323063370000	 0.044104106605844
2508.964281678200000	 0.044159192787882
2509.197240293030000	 0.044214911422778
2509.430198907850000	 0.044273562745769
2509.663157522680000	 0.044339824046330
2509.896116137500000	 0.044417755258198
2510.129074752330000	 0.044507776253235
2510.362033367160000	 0.044605364081040
2510.594991981980000	 0.044702258970353
2510.827950596810000	 0.044789565415821
2511.060909211640000	 0.044861084511564
2511.293867826460000	 0.044915126907211
2511.526826441290000	 0.044953997495278
2511.759785056110000	 0.044981739763169
2511.992743670940000	 0.045001707914799
2512.225702285770000	 0.045015506798352
2512.458660900590000	 0.045023859101590
2512.691619515420000	 0.045028651348867
2512.924578130250000	 0.045034580628287
2513.157536745070000	 0.045048999321170
2513.390495359900000	 0.045079655967791
2513.623453974720000	 0.045131384776608
2513.856412589550000	 0.045203558594477
2514.089371204380000	 0.045289817907909
2514.322329819200000	 0.045380389223769
2514.555288434030000	 0.045465881924024
2514.788247048850000	 0.045540611112523
2515.021205663680000	 0.045603753791972
2515.254164278510000	 0.045657902923344
2515.487122893330000	 0.045706102506748
2515.720081508160000	 0.045749296694752
2515.953040122990000	 0.045785791981769
2516.185998737810000	 0.045813025977750
2516.418957352640000	 0.045830440542161
2516.651915967460000	 0.045841472105475
2516.884874582290000	 0.045853115389757
2517.117833197120000	 0.045872980269706
2517.350791811940000	 0.045905376780958
2517.583750426770000	 0.045948730682873
2517.816709041600000	 0.045996055674019
2518.049667656420000	 0.046038572189994
2518.282626271250000	 0.046070743316181
2518.515584886070000	 0.046094017122302
2518.748543500900000	 0.046117058863515
2518.981502115730000	 0.046152054836081
2519.214460730550000	 0.046208797114051
2519.447419345380000	 0.046289510442589
2519.680377960210000	 0.046387075046453
2519.913336575030000	 0.046487616314874
2520.146295189860000	 0.046576243829992
2520.379253804680000	 0.046643138949888
2520.612212419510000	 0.046687054212645
2520.845171034340000	 0.046714697521945
2521.078129649160000	 0.046736638704738
2521.311088263990000	 0.046762067617020
2521.544046878810000	 0.046795070119055
2521.777005493640000	 0.046834022656173
2522.009964108470000	 0.046873926625895
2522.242922723290000	 0.046909993226220
2522.475881338120000	 0.046940332697314
2522.708839952950000	 0.046966384288693
2522.941798567770000	 0.046991206873634
2523.174757182600000	 0.047017001982545
2523.407715797420000	 0.047043541764297
2523.640674412250000	 0.047068440447066
2523.873633027080000	 0.047088963472427
2524.106591641900000	 0.047104092044135
2524.339550256730000	 0.047115442543968
2524.572508871560000	 0.047126434405175
2524.805467486380000	 0.047140272715576
2525.038426101210000	 0.047158088272766
2525.271384716030000	 0.047178466127883
2525.504343330860000	 0.047198683661014
2525.737301945690000	 0.047216847450028
2525.970260560510000	 0.047233476422251
2526.203219175340000	 0.047251363968912
2526.436177790160000	 0.047273634194434
2526.669136404990000	 0.047301123803293
2526.902095019820000	 0.047330788958742
2527.135053634640000	 0.047356368237368
2527.368012249470000	 0.047371264149155
2527.600970864300000	 0.047372242530387
2527.833929479120000	 0.047361893381442
2528.066888093950000	 0.047348307709450
2528.299846708770000	 0.047341890588913
2528.532805323600000	 0.047350820252723
2528.765763938430000	 0.047377441784636
2528.998722553250000	 0.047417416551639
2529.231681168080000	 0.047462016285362
2529.464639782910000	 0.047502324859349
2529.697598397730000	 0.047533147422739
2529.930557012560000	 0.047554660039258
2530.163515627380000	 0.047571154855414
2530.396474242210000	 0.047587880749660
2530.629432857040000	 0.047607974060195
2530.862391471860000	 0.047631269050808
2531.095350086690000	 0.047655557776215
2531.328308701520000	 0.047679371955980
2531.561267316340000	 0.047704439636231
2531.794225931170000	 0.047736153461995
2532.027184545990000	 0.047781571972487
2532.260143160820000	 0.047845950537636
2532.493101775650000	 0.047929680237494
2532.726060390470000	 0.048027307545596
2532.959019005300000	 0.048129176581935
2533.191977620120000	 0.048224835355209
2533.424936234950000	 0.048306451066852
2533.657894849780000	 0.048370583574287
2533.890853464600000	 0.048417701786211
2534.123812079430000	 0.048450158517358
2534.356770694260000	 0.048470146838150
2534.589729309080000	 0.048478982569810
2534.822687923910000	 0.048478059658916
2535.055646538730000	 0.048470654028279
2535.288605153560000	 0.048463132418558
2535.521563768390000	 0.048464441166252
2535.754522383210000	 0.048483807591026
2535.987480998040000	 0.048527708332267
2536.220439612870000	 0.048597639393642
2536.453398227690000	 0.048689790697162
2536.686356842520000	 0.048796675208328
2536.919315457340000	 0.048909717391633
2537.152274072170000	 0.049021373832892
2537.385232687000000	 0.049125801222136
2537.618191301820000	 0.049218140306606
2537.851149916650000	 0.049293472789690
2538.084108531480000	 0.049346763760672
2538.317067146300000	 0.049374418848154
2538.550025761130000	 0.049376861100982
2538.782984375950000	 0.049360536126392
2539.015942990780000	 0.049337682160864
2539.248901605610000	 0.049323237046282
2539.481860220430000	 0.049329866650682
2539.714818835260000	 0.049363320890736
2539.947777450080000	 0.049420384090730
2540.180736064910000	 0.049490513299221
2540.413694679740000	 0.049560468165301
2540.646653294560000	 0.049619751366382
2540.879611909390000	 0.049664283117383
2541.112570524220000	 0.049696691513244
2541.345529139040000	 0.049723434329427
2541.578487753870000	 0.049750636784492
2541.811446368690000	 0.049781062674948
2542.044404983520000	 0.049813768666884
2542.277363598350000	 0.049846291348691
2542.510322213170000	 0.049877688040452
2542.743280828000000	 0.049910272013651
2542.976239442830000	 0.049948739172803
2543.209198057650000	 0.049997079061037
2543.442156672480000	 0.050055160000532
2543.675115287300000	 0.050117241545524
2543.908073902130000	 0.050173661842292
2544.141032516960000	 0.050215142452980
2544.373991131780000	 0.050237560809736
2544.606949746610000	 0.050244585872139
2544.839908361430000	 0.050246599632721
2545.072866976260000	 0.050256320967023
2545.305825591090000	 0.050283354345351
2545.538784205910000	 0.050330434084578
2545.771742820740000	 0.050393139900563
2546.004701435570000	 0.050462939232282
2546.237660050390000	 0.050531647292846
2546.470618665220000	 0.050594743824894
2546.703577280040000	 0.050651807328070
2546.936535894870000	 0.050704156215029
2547.169494509700000	 0.050751526408235
2547.402453124520000	 0.050790199432224
2547.635411739350000	 0.050814072221507
2547.868370354180000	 0.050818286663369
2548.101328969000000	 0.050803316478925
2548.334287583830000	 0.050776880471019
2548.567246198650000	 0.050752113185813
2548.800204813480000	 0.050742532583234
2549.033163428310000	 0.050756261019114
2549.266122043130000	 0.050792521519506
2549.499080657960000	 0.050842308541925
2549.732039272790000	 0.050892952866055
2549.964997887610000	 0.050934238028328
2550.197956502440000	 0.050962887888188
2550.430915117260000	 0.050983127960607
2550.663873732090000	 0.051003185415451
2550.896832346920000	 0.051029814298070
2551.129790961740000	 0.051063937716272
2551.362749576570000	 0.051099758709954
2551.595708191390000	 0.051127689740092
2551.828666806220000	 0.051139322709706
2552.061625421050000	 0.051131571778958
2552.294584035870000	 0.051107677087405
2552.527542650700000	 0.051074642755680
2552.760501265530000	 0.051038775371116
2552.993459880350000	 0.051002041201049
2553.226418495180000	 0.050961391584495
2553.459377110000000	 0.050911409214590
2553.692335724830000	 0.050848659296902
2553.925294339660000	 0.050775107689590
2554.158252954480000	 0.050698489030954
2554.391211569310000	 0.050629282258800
2554.624170184140000	 0.050575923066379
2554.857128798960000	 0.050540882939555
2555.090087413790000	 0.050519731495032
2555.323046028610000	 0.050503629245689
2555.556004643440000	 0.050483830878586
2555.788963258270000	 0.050455738743384
2556.021921873090000	 0.050420405085686
2556.254880487920000	 0.050382923092201
2556.487839102750000	 0.050348937933573
2556.720797717570000	 0.050321471488971
2556.953756332400000	 0.050299864318100
2557.186714947220000	 0.050281212448998
2557.419673562050000	 0.050263108322207
2557.652632176880000	 0.050245719519862
2557.885590791700000	 0.050231719260755
2558.118549406530000	 0.050224025693727
2558.351508021350000	 0.050222803007401
2558.584466636180000	 0.050223771491992
2558.817425251010000	 0.050219183127984
2559.050383865830000	 0.050201242534619
2559.283342480660000	 0.050166203130462
2559.516301095490000	 0.050116771299377
2559.749259710310000	 0.050061236267075
2559.982218325140000	 0.050009531819834
2560.215176939960000	 0.049968196514706
2560.448135554790000	 0.049936885861742
2560.681094169620000	 0.049908311599108
2560.914052784440000	 0.049871692073710
2561.147011399270000	 0.049817968418298
2561.379970014100000	 0.049744149631896
2561.612928628920000	 0.049654684913218
2561.845887243750000	 0.049559421749720
2562.078845858570000	 0.049469516302533
2562.311804473400000	 0.049393566079182
2562.544763088230000	 0.049335785989179
2562.777721703050000	 0.049296633435738
2563.010680317880000	 0.049274808762540
2563.243638932700000	 0.049268886279735
2563.476597547530000	 0.049277337629787
2563.709556162360000	 0.049297044172971
2563.942514777180000	 0.049321676842644
2564.175473392010000	 0.049341686907495
2564.408432006840000	 0.049346807299293
2564.641390621660000	 0.049330363282819
2564.874349236490000	 0.049293268700331
2565.107307851310000	 0.049245259461220
2565.340266466140000	 0.049202053026624
2565.573225080970000	 0.049179210052258
2565.806183695790000	 0.049185345132749
2566.039142310620000	 0.049217894302992
2566.272100925450000	 0.049263565073330
2566.505059540270000	 0.049303426186494
2566.738018155100000	 0.049320408498236
2566.970976769920000	 0.049305855967642
2567.203935384750000	 0.049262280436496
2567.436893999580000	 0.049201392943362
2567.669852614400000	 0.049138765200185
2567.902811229230000	 0.049087878200025
2568.135769844060000	 0.049056187531151
2568.368728458880000	 0.049044440422812
2568.601687073710000	 0.049048707722300
2568.834645688530000	 0.049063401140756
2569.067604303360000	 0.049083479884350
2569.300562918190000	 0.049105002927498
2569.533521533010000	 0.049124466614856
2569.766480147840000	 0.049138143649538
2569.999438762660000	 0.049142455091442
2570.232397377490000	 0.049135456739849
2570.465355992320000	 0.049118487249758
2570.698314607140000	 0.049096637729575
2570.931273221970000	 0.049077277130486
2571.164231836800000	 0.049067074107005
2571.397190451620000	 0.049069007644659
2571.630149066450000	 0.049081043347030
2571.863107681270000	 0.049097308763440
2572.096066296100000	 0.049111200953820
2572.329024910930000	 0.049118712391302
2572.561983525750000	 0.049120071244600
2572.794942140580000	 0.049118747862210
2573.027900755410000	 0.049118470342595
2573.260859370230000	 0.049120155187226
2573.493817985060000	 0.049120787644315
2573.726776599880000	 0.049115160459534
2573.959735214710000	 0.049099628719912
2574.192693829540000	 0.049075671218334
2574.425652444360000	 0.049050915355447
2574.658611059190000	 0.049036581216159
2574.891569674020000	 0.049042365744425
2575.124528288840000	 0.049071413269999
2575.357486903670000	 0.049118207839439
2575.590445518490000	 0.049170813672735
2575.823404133320000	 0.049216606162269
2576.056362748150000	 0.049248666187487
2576.289321362970000	 0.049269440598056
2576.522279977800000	 0.049289530990576
2576.755238592620000	 0.049321989311928
2576.988197207450000	 0.049374911374276
2577.221155822280000	 0.049446088538662
2577.454114437100000	 0.049522504758277
2577.687073051930000	 0.049585095406937
2577.920031666760000	 0.049616609880793
2578.152990281580000	 0.049608905850385
2578.385948896410000	 0.049566326260681
2578.618907511230000	 0.049503815112848
2578.851866126060000	 0.049441008919653
2579.084824740890000	 0.049395282063392
2579.317783355710000	 0.049376797961567
2579.550741970540000	 0.049387208092527
2579.783700585370000	 0.049421667946105
2580.016659200190000	 0.049472364493277
2580.249617815020000	 0.049531459697570
2580.482576429840000	 0.049592257045590
2580.715535044670000	 0.049648831742326
2580.948493659500000	 0.049695395398447
2581.181452274320000	 0.049726673637184
2581.414410889150000	 0.049739626649666
2581.647369503970000	 0.049735609629873
2581.880328118800000	 0.049721399839061
2582.113286733630000	 0.049707911123487
2582.346245348450000	 0.049706690315830
2582.579203963280000	 0.049725661643328
2582.812162578110000	 0.049766190155275
2583.045121192930000	 0.049822986128533
2583.278079807760000	 0.049886959451942
2583.511038422580000	 0.049949613572604
2583.743997037410000	 0.050006765974032
2583.976955652240000	 0.050059765135282
2584.209914267060000	 0.050113758015165
2584.442872881890000	 0.050174156498558
2584.675831496720000	 0.050243334150669
2584.908790111540000	 0.050319291315063
2585.141748726370000	 0.050396798361599
2585.374707341190000	 0.050470105779554
2585.607665956020000	 0.050535503378977
2585.840624570850000	 0.050592263625262
2586.073583185670000	 0.050641637180656
2586.306541800500000	 0.050684857307901
2586.539500415330000	 0.050721731453213
2586.772459030150000	 0.050750965844013
2587.005417644980000	 0.050772159866376
2587.238376259800000	 0.050788173834540
2587.471334874630000	 0.050806103258072
2587.704293489460000	 0.050835742681773
2587.937252104280000	 0.050885865689115
2588.170210719110000	 0.050960032578626
2588.403169333930000	 0.051054119973049
2588.636127948760000	 0.051157036671065
2588.869086563590000	 0.051254517545529
2589.102045178410000	 0.051334290224050
2589.335003793240000	 0.051390149163450
2589.567962408070000	 0.051423017855051
2589.800921022890000	 0.051438688762812
2590.033879637720000	 0.051443705532720
2590.266838252540000	 0.051441774823797
2590.499796867370000	 0.051432669072864
2590.732755482200000	 0.051414093791825
2590.965714097020000	 0.051385288224836
2591.198672711850000	 0.051350138788482
2591.431631326680000	 0.051317855405058
2591.664589941500000	 0.051300635335453
2591.897548556330000	 0.051309416948249
2592.130507171150000	 0.051349847250877
2592.363465785980000	 0.051420424107370
2592.596424400810000	 0.051513589737807
2592.829383015630000	 0.051619026161078
2593.062341630460000	 0.051727347570767
2593.295300245290000	 0.051832348207123
2593.528258860110000	 0.051930939971212
2593.761217474940000	 0.052021311693410
2593.994176089760000	 0.052100833013430
2594.227134704590000	 0.052165259356847
2594.460093319420000	 0.052209906422483
2594.693051934240000	 0.052232204413789
2594.926010549070000	 0.052234147979982
2595.158969163890000	 0.052223141114886
2595.391927778720000	 0.052210591187104
2595.624886393550000	 0.052208802091454
2595.857845008370000	 0.052227546295080
2596.090803623200000	 0.052271735740844
2596.323762238030000	 0.052340937612060
2596.556720852850000	 0.052430538662980
2596.789679467680000	 0.052533673201075
2597.022638082500000	 0.052642923847206
2597.255596697330000	 0.052751259531112
2597.488555312160000	 0.052852339920990
2597.721513926980000	 0.052940730974022
2597.954472541810000	 0.053012481779138
2598.187431156640000	 0.053066014020860
2598.420389771460000	 0.053102763735520
2598.653348386290000	 0.053126903131824
2598.886307001110000	 0.053143904722084
2599.119265615940000	 0.053158443453736
2599.352224230770000	 0.053172669790655
2599.585182845590000	 0.053185827005596
2599.818141460420000	 0.053195503633352
2600.051100075240000	 0.053199876319116
2600.284058690070000	 0.053199656423016
2600.517017304900000	 0.053198524748587
2600.749975919720000	 0.053201654461493
2600.982934534550000	 0.053213054482540
2601.215893149380000	 0.053233246189444
2601.448851764200000	 0.053258722981019
2601.681810379030000	 0.053283730910121
2601.914768993850000	 0.053303626281814
2602.147727608680000	 0.053318103949669
2602.380686223510000	 0.053332501891221
2602.613644838330000	 0.053356285738985
2602.846603453160000	 0.053399255018164
2603.079562067990000	 0.053467202880354
2603.312520682810000	 0.053559051124383
2603.545479297640000	 0.053666747742196
2603.778437912460000	 0.053777881214758
2604.011396527290000	 0.053879727021834
2604.244355142120000	 0.053962902517402
2604.477313756940000	 0.054023203375903
2604.710272371770000	 0.054061265498818
2604.943230986600000	 0.054080803926737
2605.176189601420000	 0.054086697486727
2605.409148216250000	 0.054083891486373
2605.642106831070000	 0.054077272180335
2605.875065445900000	 0.054071904844679
2606.108024060730000	 0.054072813802850
2606.340982675550000	 0.054083928021657
2606.573941290380000	 0.054106589942557
2606.806899905200000	 0.054138577244267
2607.039858520030000	 0.054174512307447
2607.272817134860000	 0.054207832770930
2607.505775749680000	 0.054233565885845
2607.738734364510000	 0.054250550890829
2607.971692979340000	 0.054261897288910
2608.204651594160000	 0.054273348269025
2608.437610208990000	 0.054290365094127
2608.670568823810000	 0.054315478642246
2608.903527438640000	 0.054347316771341
2609.136486053470000	 0.054381779081286
2609.369444668290000	 0.054414623892763
2609.602403283120000	 0.054443933957210
2609.835361897950000	 0.054471000975981
2610.068320512770000	 0.054499099939952
2610.301279127600000	 0.054530887753695
2610.534237742420000	 0.054566006828973
2610.767196357250000	 0.054600395253043
2611.000154972080000	 0.054627846521436
2611.233113586900000	 0.054643071513649
2611.466072201730000	 0.054644620007727
2611.699030816560000	 0.054636038443629
2611.931989431380000	 0.054624594056650
2612.164948046210000	 0.054618246270937
2612.397906661030000	 0.054622495951337
2612.630865275860000	 0.054638737783442
2612.863823890690000	 0.054664816411187
2613.096782505510000	 0.054697209029366
2613.329741120340000	 0.054733364107654
2613.562699735160000	 0.054772725174142
2613.795658349990000	 0.054815861666237
2614.028616964820000	 0.054862383707566
2614.261575579640000	 0.054909161897063
2614.494534194470000	 0.054950274628262
2614.727492809300000	 0.054979104457154
2614.960451424120000	 0.054991674191557
2615.193410038950000	 0.054989423205531
2615.426368653770000	 0.054979728292590
2615.659327268600000	 0.054973583401895
2615.892285883430000	 0.054981376384967
2616.125244498250000	 0.055008760230807
2616.358203113080000	 0.055054598645417
2616.591161727910000	 0.055111900513518
2616.824120342730000	 0.055171152060646
2617.057078957560000	 0.055224313490254
2617.290037572380000	 0.055267551112470
2617.522996187210000	 0.055301601008326
2617.755954802040000	 0.055330015313942
2617.988913416860000	 0.055356630447537
2618.221872031690000	 0.055383801752499
2618.454830646510000	 0.055412220472892
2618.687789261340000	 0.055441983296657
2618.920747876170000	 0.055473758365066
2619.153706490990000	 0.055508897814970
2619.386665105820000	 0.055548174529025
2619.619623720650000	 0.055589928740471
2619.852582335470000	 0.055629052883778
2620.085540950300000	 0.055657950162092
2620.318499565120000	 0.055669485925068
2620.551458179950000	 0.055660644015924
2620.784416794780000	 0.055634898862491
2621.017375409600000	 0.055601728480381
2621.250334024430000	 0.055573112047581
2621.483292639260000	 0.055558530580705
2621.716251254080000	 0.055560943850298
2621.949209868910000	 0.055575853066806
2622.182168483730000	 0.055594027987181
2622.415127098560000	 0.055606575521443
2622.648085713390000	 0.055609759672836
2622.881044328210000	 0.055607055219614
2623.114002943040000	 0.055607348593622
2623.346961557870000	 0.055620244871996
2623.579920172690000	 0.055650972779677
2623.812878787520000	 0.055697557885672
2624.045837402340000	 0.055751689390067
2624.278796017170000	 0.055802734525497
2624.511754632000000	 0.055842707455747
2624.744713246820000	 0.055869549793673
2624.977671861650000	 0.055887075115052
2625.210630476470000	 0.055901817178979
2625.443589091300000	 0.055918725789412
2625.676547706130000	 0.055938218017529
2625.909506320950000	 0.055956241525734
2626.142464935780000	 0.055967257558044
2626.375423550610000	 0.055968377700153
2626.608382165430000	 0.055962206168969
2626.841340780260000	 0.055956631897156
2627.074299395080000	 0.055961500460507
2627.307258009910000	 0.055983821945203
2627.540216624740000	 0.056023982163260
2627.773175239560000	 0.056074920005982
2628.006133854390000	 0.056124732019631
2628.239092469220000	 0.056161467262560
2628.472051084040000	 0.056177845147635
2628.705009698870000	 0.056173774567099
2628.937968313690000	 0.056155750494525
2629.170926928520000	 0.056133753653432
2629.403885543350000	 0.056117331721934
2629.636844158170000	 0.056112620414339
2629.869802773000000	 0.056121287580104
2630.102761387830000	 0.056141295877174
2630.335720002650000	 0.056168588627502
2630.568678617480000	 0.056198665505608
2630.801637232300000	 0.056227475606959
2631.034595847130000	 0.056251716634248
2631.267554461960000	 0.056269019048445
2631.500513076780000	 0.056278381540099
2631.733471691610000	 0.056280755066902
2631.966430306430000	 0.056279249269708
2632.199388921260000	 0.056278430395611
2632.432347536090000	 0.056282669837049
2632.665306150910000	 0.056294190009298
2632.898264765740000	 0.056311857085867
2633.131223380570000	 0.056331552601460
2633.364181995390000	 0.056348165524943
2633.597140610220000	 0.056358299553970
2633.830099225040000	 0.056362244930808
2634.063057839870000	 0.056364007184945
2634.296016454700000	 0.056369176801617
2634.528975069520000	 0.056381654188337
2634.761933684350000	 0.056400999936341
2634.994892299180000	 0.056421982567750
2635.227850914000000	 0.056436800245860
2635.460809528830000	 0.056439015680977
2635.693768143650000	 0.056427226129270
2635.926726758480000	 0.056406476802773
2636.159685373310000	 0.056386497759297
2636.392643988130000	 0.056377476170681
2636.625602602960000	 0.056385390108718
2636.858561217780000	 0.056409209013820
2637.091519832610000	 0.056441366575653
2637.324478447440000	 0.056471306644805
2637.557437062260000	 0.056490398681321
2637.790395677090000	 0.056495862831922
2638.023354291920000	 0.056491867899644
2638.256312906740000	 0.056487393147342
2638.489271521570000	 0.056492016542640
2638.722230136400000	 0.056511695650328
2638.955188751220000	 0.056546443913632
2639.188147366050000	 0.056590759023183
2639.421105980870000	 0.056636323124598
2639.654064595700000	 0.056675529607845
2639.887023210530000	 0.056704218881592
2640.119981825350000	 0.056722616913857
2640.352940440180000	 0.056734452638540
2640.585899055000000	 0.056745025812787
2640.818857669830000	 0.056759240495857
2641.051816284660000	 0.056780318184926
2641.284774899480000	 0.056809360641594
2641.517733514310000	 0.056845508793944
2641.750692129140000	 0.056886345431505
2641.983650743960000	 0.056928369884830
2642.216609358790000	 0.056967604975425
2642.449567973610000	 0.057000449265886
2642.682526588440000	 0.057024696078593
2642.915485203270000	 0.057040353710984
2643.148443818090000	 0.057049777392077
2643.381402432920000	 0.057056840674172
2643.614361047740000	 0.057065374895696
2643.847319662570000	 0.057077598543205
2644.080278277400000	 0.057093398721579
2644.313236892220000	 0.057110956632654
2644.546195507050000	 0.057128481352303
2644.779154121880000	 0.057146124227260
2645.012112736700000	 0.057166910013372
2645.245071351530000	 0.057195944596005
2645.478029966350000	 0.057238075898494
2645.710988581180000	 0.057295105047821
2645.943947196010000	 0.057364029300826
2646.176905810830000	 0.057437388950236
2646.409864425660000	 0.057505769635043
2646.642823040490000	 0.057561397415339
2646.875781655310000	 0.057601142951865
2647.108740270140000	 0.057627482397220
2647.341698884960000	 0.057646966685947
2647.574657499790000	 0.057667006967786
2647.807616114620000	 0.057692605074582
2648.040574729440000	 0.057724602752585
2648.273533344270000	 0.057760151905622
2648.506491959100000	 0.057794918122498
2648.739450573920000	 0.057825664115756
2648.972409188750000	 0.057851771747809
2649.205367803570000	 0.057874978771701
2649.438326418400000	 0.057897701388929
2649.671285033230000	 0.057921138443856
2649.904243648050000	 0.057944430559503
2650.137202262880000	 0.057965454736579
2650.370160877700000	 0.057982794538851
2650.603119492530000	 0.057997649258765
2650.836078107360000	 0.058014394236745
2651.069036722180000	 0.058039230887226
2651.301995337010000	 0.058077462397590
2651.534953951840000	 0.058130762293753
2651.767912566660000	 0.058195887129069
2652.000871181490000	 0.058265576907804
2652.233829796310000	 0.058331277299728
2652.466788411140000	 0.058386397067329
2652.699747025970000	 0.058428567953642
2652.932705640790000	 0.058459931286546
2653.165664255620000	 0.058485521174252
2653.398622870450000	 0.058510756520750
2653.631581485270000	 0.058539379917601
2653.864540100100000	 0.058572761953930
2654.097498714920000	 0.058610624780846
2654.330457329750000	 0.058652447445814
2654.563415944580000	 0.058698532831664
2654.796374559400000	 0.058750062222865
2655.029333174230000	 0.058808186903682
2655.262291789050000	 0.058872841091471
2655.495250403880000	 0.058942119589586
2655.728209018710000	 0.059012673673205
2655.961167633530000	 0.059080907116090
2656.194126248360000	 0.059144230720307
2656.427084863190000	 0.059201591264798
2656.660043478010000	 0.059252963968102
2656.893002092840000	 0.059298190279272
2657.125960707660000	 0.059336006098478
2657.358919322490000	 0.059364026961784
2657.591877937320000	 0.059379864255855
2657.824836552140000	 0.059382792592421
2658.057795166970000	 0.059374940801797
2658.290753781800000	 0.059361145340530
2658.523712396620000	 0.059347334035582
2658.756671011450000	 0.059338189788398
2658.989629626270000	 0.059335342846516
2659.222588241100000	 0.059337130935980
2659.455546855930000	 0.059340137766568
2659.688505470750000	 0.059341721939380
2659.921464085580000	 0.059342139462382
2660.154422700410000	 0.059345010550922
2660.387381315230000	 0.059355743674427
2660.620339930060000	 0.059378649333674
2660.853298544880000	 0.059414225706658
2661.086257159710000	 0.059458053306537
2661.319215774540000	 0.059501920355255
2661.552174389360000	 0.059536657752449
2661.785133004190000	 0.059555303211049
2662.018091619010000	 0.059555098263136
2662.251050233840000	 0.059537509492362
2662.484008848670000	 0.059506562270434
2662.716967463490000	 0.059466646265093
2662.949926078320000	 0.059421103578500
2663.182884693150000	 0.059372286766888
2663.415843307970000	 0.059322771501749
2663.648801922800000	 0.059276630675628
2663.881760537620000	 0.059239592106081
2664.114719152450000	 0.059217577534204
2664.347677767280000	 0.059214168035481
2664.580636382100000	 0.059228335563747
2664.813594996930000	 0.059253835676005
2665.046553611760000	 0.059280907343165
2665.279512226580000	 0.059299751503245
2665.512470841410000	 0.059304276651216
2665.745429456230000	 0.059294348640567
2665.978388071060000	 0.059275439805073
2666.211346685890000	 0.059255822586001
2666.444305300710000	 0.059242637008423
2666.677263915540000	 0.059238661272139
2666.910222530370000	 0.059241203772098
2667.143181145190000	 0.059243468381637
2667.376139760020000	 0.059237583095556
2667.609098374840000	 0.059217795538504
2667.842056989670000	 0.059182432922160
2668.075015604500000	 0.059133987603347
2668.307974219320000	 0.059077660473921
2668.540932834150000	 0.059019339318396
2668.773891448980000	 0.058964018642138
2669.006850063800000	 0.058915171858940
2669.239808678630000	 0.058874930065020
2669.472767293450000	 0.058844501709871
2669.705725908280000	 0.058824293260094
2669.938684523110000	 0.058813582996015
2670.171643137930000	 0.058810060662897
2670.404601752760000	 0.058809757759148
2670.637560367580000	 0.058807719381728
2670.870518982410000	 0.058799323584734
2671.103477597240000	 0.058781722303060
2671.336436212060000	 0.058754737347049
2671.569394826890000	 0.058720796918044
2671.802353441720000	 0.058683995606161
2672.035312056540000	 0.058648796896105
2672.268270671370000	 0.058619006952253
2672.501229286190000	 0.058597382744814
2672.734187901020000	 0.058585785209463
2672.967146515850000	 0.058585445835046
2673.200105130670000	 0.058596901146035
2673.433063745500000	 0.058619469919121
2673.666022360320000	 0.058650589188985
2673.898980975150000	 0.058685585542333
2674.131939589980000	 0.058718340755886
2674.364898204800000	 0.058742850658386
2674.597856819630000	 0.058755125554133
2674.830815434460000	 0.058754569525788
2675.063774049280000	 0.058744123422340
2675.296732664110000	 0.058729026233282
2675.529691278930000	 0.058714743958538
2675.762649893760000	 0.058705039770518
2675.995608508590000	 0.058701067590319
2676.228567123410000	 0.058701814765704
2676.461525738240000	 0.058705508960803
2676.694484353070000	 0.058711127660855
2676.927442967890000	 0.058719161303192
2677.160401582720000	 0.058731265993321
2677.393360197540000	 0.058749111544093
2677.626318812370000	 0.058773190608669
2677.859277427200000	 0.058802341977237
2678.092236042020000	 0.058834279422743
2678.325194656850000	 0.058866791200773
2678.558153271670000	 0.058898856989373
2678.791111886500000	 0.058930968309989
2679.024070501330000	 0.058964417483252
2679.257029116150000	 0.058999955661740
2679.489987730980000	 0.059036629615363
2679.722946345810000	 0.059071542599917
2679.955904960630000	 0.059100781350026
2680.188863575460000	 0.059121094284527
2680.421822190280000	 0.059131464843165
2680.654780805110000	 0.059133750501962
2680.887739419940000	 0.059132043953319
2681.120698034760000	 0.059131083312353
2681.353656649590000	 0.059134510669770
2681.586615264420000	 0.059143798588420
2681.819573879240000	 0.059158253264762
2682.052532494070000	 0.059175921326007
2682.285491108890000	 0.059194804257431
2682.518449723720000	 0.059213733402591
2682.751408338550000	 0.059232566955737
2682.984366953370000	 0.059251817476202
2683.217325568200000	 0.059272116254153
2683.450284183030000	 0.059293900183962
2683.683242797850000	 0.059317421335499
2683.916201412680000	 0.059342857687918
2684.149160027500000	 0.059370189795852
2684.382118642330000	 0.059398698400007
2684.615077257160000	 0.059426309827194
2684.848035871980000	 0.059449301162989
2685.080994486810000	 0.059462839251135
2685.313953101640000	 0.059462428552473
2685.546911716460000	 0.059445783292646
2685.779870331290000	 0.059414250234130
2686.012828946110000	 0.059372963063727
2686.245787560940000	 0.059329449852359
2686.478746175770000	 0.059291189199049
2686.711704790590000	 0.059263188207872
2686.944663405420000	 0.059246685998319
2687.177622020240000	 0.059239529301641
2687.410580635070000	 0.059237920951118
2687.643539249900000	 0.059238566748675
2687.876497864720000	 0.059240103987888
2688.109456479550000	 0.059243159249035
2688.342415094380000	 0.059249190286476
2688.575373709200000	 0.059258949896318
2688.808332324030000	 0.059271569092364
2689.041290938850000	 0.059284809089128
2689.274249553680000	 0.059296260445282
2689.507208168510000	 0.059304648191218
2689.740166783330000	 0.059310318315366
2689.973125398160000	 0.059314501676763
2690.206084012990000	 0.059317772864219
2690.439042627810000	 0.059318731282044
2690.672001242640000	 0.059313919012868
2690.904959857460000	 0.059299312749250
2691.137918472290000	 0.059272752669770
2691.370877087120000	 0.059235970240203
2691.603835701940000	 0.059194902204093
2691.836794316770000	 0.059157793894418
2692.069752931590000	 0.059131799510382
2692.302711546420000	 0.059119706567123
2692.535670161250000	 0.059118493593753
2692.768628776070000	 0.059120582817453
2693.001587390900000	 0.059117298322132
2693.234546005730000	 0.059102887658228
2693.467504620550000	 0.059077126401651
2693.700463235380000	 0.059045212101456
2693.933421850200000	 0.059015034086227
2694.166380465030000	 0.058993245416093
2694.399339079860000	 0.058982135314876
2694.632297694680000	 0.058978812973482
2694.865256309510000	 0.058976964592857
2695.098214924340000	 0.058970121853297
2695.331173539160000	 0.058954674492003
2695.564132153990000	 0.058931120298100
2695.797090768810000	 0.058903097749102
2696.030049383640000	 0.058874978703494
2696.263007998470000	 0.058849511674009
2696.495966613290000	 0.058826829000345
2696.728925228120000	 0.058805224248164
2696.961883842950000	 0.058783032352513
2697.194842457770000	 0.058760327970409
2697.427801072600000	 0.058739335670557
2697.660759687420000	 0.058723287585478
2697.893718302250000	 0.058714444323537
2698.126676917080000	 0.058712512706502
2698.359635531900000	 0.058714446471298
2698.592594146730000	 0.058715772031336
2698.825552761550000	 0.058712657484200
2699.058511376380000	 0.058703493772407
2699.291469991210000	 0.058689058419594
2699.524428606030000	 0.058671213453838
2699.757387220860000	 0.058651014351463
2699.990345835690000	 0.058627497844583
2700.223304450510000	 0.058598019040788
2700.456263065340000	 0.058560050176000
2700.689221680160000	 0.058513401582485
2700.922180294990000	 0.058461458335148
2701.155138909820000	 0.058410501605379
2701.388097524640000	 0.058367267188299
2701.621056139470000	 0.058335962012699
2701.854014754300000	 0.058316367451079
2702.086973369120000	 0.058304140303688
2702.319931983950000	 0.058293250250616
2702.552890598770000	 0.058279307130873
2702.785849213600000	 0.058261989907326
2703.018807828430000	 0.058245218295054
2703.251766443250000	 0.058234908029246
2703.484725058080000	 0.058235471177050
2703.717683672910000	 0.058246923900437
2703.950642287730000	 0.058264157431153
2704.183600902560000	 0.058278793690042
2704.416559517380000	 0.058282703167727
2704.649518132210000	 0.058271419654204
2704.882476747040000	 0.058245783774140
2705.115435361860000	 0.058211121576554
2705.348393976690000	 0.058174565702284
2705.581352591510000	 0.058142026056824
2705.814311206340000	 0.058116342800678
2706.047269821170000	 0.058097357523249
2706.280228435990000	 0.058083519709424
2706.513187050820000	 0.058073841590579
2706.746145665650000	 0.058068948603199
2706.979104280470000	 0.058070637121655
2707.212062895300000	 0.058080319418597
2707.445021510120000	 0.058097419804249
2707.677980124950000	 0.058118794940605
2707.910938739780000	 0.058139615048656
2708.143897354600000	 0.058155263276130
2708.376855969430000	 0.058163209356258
2708.609814584250000	 0.058163835345563
2708.842773199080000	 0.058159809578563
2709.075731813910000	 0.058154436377284
2709.308690428730000	 0.058149948386482
2709.541649043560000	 0.058146649727482
2709.774607658390000	 0.058143236739850
2710.007566273210000	 0.058137903476288
2710.240524888040000	 0.058129424596020
2710.473483502860000	 0.058117536216952
2710.706442117690000	 0.058102498546906
2710.939400732520000	 0.058084336593945
2711.172359347340000	 0.058062498689957
2711.405317962170000	 0.058036373640625
2711.638276577000000	 0.058006454329283
2711.871235191820000	 0.057975360410951
2712.104193806650000	 0.057947842379199
2712.337152421470000	 0.057929404619018
2712.570111036300000	 0.057924036443498
2712.803069651130000	 0.057932206625026
2713.036028265950000	 0.057950309934070
2713.268986880780000	 0.057972072059608
2713.501945495610000	 0.057991368822993
2713.734904110430000	 0.058005077718920
2713.967862725260000	 0.058014452768309
2714.200821340080000	 0.058024229762575
2714.433779954910000	 0.058039880015379
2714.666738569740000	 0.058064465229830
2714.899697184560000	 0.058096798314376
2715.132655799390000	 0.058131921227873
2715.365614414220000	 0.058163647336359
2715.598573029040000	 0.058187774588612
2715.831531643870000	 0.058204188605320
2716.064490258690000	 0.058216676326956
2716.297448873520000	 0.058230548872266
2716.530407488350000	 0.058249409660067
2716.763366103170000	 0.058272888481840
2716.996324718000000	 0.058296618695171
2717.229283332820000	 0.058314479313280
2717.462241947650000	 0.058321862301266
2717.695200562480000	 0.058318157985962
2717.928159177300000	 0.058307099068904
2718.161117792130000	 0.058294819527603
2718.394076406960000	 0.058286769264367
2718.627035021780000	 0.058285232176258
2718.859993636610000	 0.058288786664408
2719.092952251430000	 0.058293885803560
2719.325910866260000	 0.058297502487266
2719.558869481090000	 0.058299190338633
2719.791828095910000	 0.058301298104561
2720.024786710740000	 0.058307221906564
2720.257745325570000	 0.058318804213759
2720.490703940390000	 0.058334548740253
2720.723662555220000	 0.058349871911226
2720.956621170040000	 0.058359409530272
2721.189579784870000	 0.058360134297060
2721.422538399700000	 0.058353454030690
2721.655497014520000	 0.058344929359776
2721.888455629350000	 0.058341554564701
2722.121414244180000	 0.058347957570927
2722.354372859000000	 0.058363572348703
2722.587331473830000	 0.058382401693029
2722.820290088650000	 0.058395647002780
2723.053248703480000	 0.058395955250803
2723.286207318310000	 0.058381142127340
2723.519165933130000	 0.058355488067165
2723.752124547960000	 0.058327959252135
2723.985083162780000	 0.058308292786222
2724.218041777610000	 0.058302929597897
2724.451000392440000	 0.058312738896874
2724.683959007260000	 0.058333440124353
2724.916917622090000	 0.058358203100844
2725.149876236920000	 0.058380864451385
2725.382834851740000	 0.058398067404904
2725.615793466570000	 0.058409431704243
2725.848752081390000	 0.058416085397141
2726.081710696220000	 0.058418803807195
2726.314669311050000	 0.058417084579157
2726.547627925870000	 0.058409746288458
2726.780586540700000	 0.058396565358964
2727.013545155530000	 0.058379730652348
2727.246503770350000	 0.058363950389067
2727.479462385180000	 0.058354863425810
2727.712421000000000	 0.058356484361731
2727.945379614830000	 0.058369081944547
2728.178338229660000	 0.058388738868316
2728.411296844480000	 0.058408950222000
2728.644255459310000	 0.058423493609140
2728.877214074130000	 0.058429081467979
2729.110172688960000	 0.058426405159893
2729.343131303790000	 0.058419063733245
2729.576089918610000	 0.058411039899829
2729.809048533440000	 0.058404166096071
2730.042007148270000	 0.058396974601502
2730.274965763090000	 0.058385500678947
2730.507924377920000	 0.058365495741340
2730.740882992740000	 0.058334739921848
2730.973841607570000	 0.058294145789339
2731.206800222400000	 0.058247099682616
2731.439758837220000	 0.058197534410926
2731.672717452050000	 0.058147938681591
2731.905676066880000	 0.058098477560694
2732.138634681700000	 0.058047676296948
2732.371593296530000	 0.057994158690113
2732.604551911350000	 0.057938302781984
2732.837510526180000	 0.057882747357783
2733.070469141010000	 0.057831401959773
2733.303427755830000	 0.057787535927798
2733.536386370660000	 0.057752081545604
2733.769344985490000	 0.057723151135800
2734.002303600310000	 0.057697036174509
2734.235262215140000	 0.057670074952960
2734.468220829960000	 0.057640268590154
2734.701179444790000	 0.057607697862376
2734.934138059620000	 0.057573547314233
2735.167096674440000	 0.057538419652845
2735.400055289270000	 0.057501078978321
2735.633013904090000	 0.057458512147931
2735.865972518920000	 0.057407392188357
2736.098931133750000	 0.057346146464046
2736.331889748570000	 0.057276403963164
2736.564848363400000	 0.057202894818610
2736.797806978230000	 0.057131746669138
2737.030765593050000	 0.057068052930032
2737.263724207880000	 0.057014014513293
2737.496682822700000	 0.056968624127812
2737.729641437530000	 0.056928974486937
2737.962600052360000	 0.056892350473539
2738.195558667180000	 0.056857844229048
2738.428517282010000	 0.056826559540634
2738.661475896830000	 0.056800359642671
2738.894434511660000	 0.056780026193839
2739.127393126490000	 0.056764074455606
2739.360351741310000	 0.056749074839127
2739.593310356140000	 0.056731397551524
2739.826268970970000	 0.056709378771496
2740.059227585790000	 0.056684557805923
2740.292186200620000	 0.056661096237365
2740.525144815440000	 0.056643530657728
2740.758103430270000	 0.056634029640308
2740.991062045100000	 0.056630706178076
2741.224020659920000	 0.056628031305615
2741.456979274750000	 0.056619272538278
2741.689937889580000	 0.056599760008885
2741.922896504400000	 0.056569285914089
2742.155855119230000	 0.056532363332716
2742.388813734050000	 0.056496198015022
2742.621772348880000	 0.056467435787462
2742.854730963710000	 0.056449356259818
2743.087689578530000	 0.056440867188670
2743.320648193360000	 0.056437630189278
2743.553606808190000	 0.056434516166503
2743.786565423010000	 0.056427973114443
2744.019524037840000	 0.056417103789527
2744.252482652660000	 0.056403130580152
2744.485441267490000	 0.056387915378156
2744.718399882320000	 0.056372693557563
2744.951358497140000	 0.056357891073222
2745.184317111970000	 0.056344038695223
2745.417275726800000	 0.056332944645621
2745.650234341620000	 0.056328002717971
2745.883192956450000	 0.056333017426101
2746.116151571270000	 0.056349941187849
2746.349110186100000	 0.056376806749053
2746.582068800930000	 0.056407300007004
2746.815027415750000	 0.056432672635113
2747.047986030580000	 0.056445403883486
2747.280944645400000	 0.056442898840957
2747.513903260230000	 0.056429233451593
2747.746861875060000	 0.056413781623318
2747.979820489880000	 0.056407124148372
2748.212779104710000	 0.056416108441141
2748.445737719540000	 0.056440470411008
2748.678696334360000	 0.056472718304252
2748.911654949190000	 0.056501373257915
2749.144613564010000	 0.056515990832579
2749.377572178840000	 0.056511514004405
2749.610530793670000	 0.056489895569644
2749.843489408490000	 0.056458381353747
2750.076448023320000	 0.056425575716631
2750.309406638150000	 0.056397468759276
2750.542365252970000	 0.056375441786212
2750.775323867800000	 0.056357036351666
2751.008282482620000	 0.056338695717900
2751.241241097450000	 0.056318640233096
2751.474199712280000	 0.056298083739665
2751.707158327100000	 0.056280086034782
2751.940116941930000	 0.056266816720836
2752.173075556760000	 0.056257004242358
2752.406034171580000	 0.056245285554572
2752.638992786410000	 0.056224103456974
2752.871951401230000	 0.056187329000014
2753.104910016060000	 0.056133737857117
2753.337868630890000	 0.056068440530152
2753.570827245710000	 0.056001395021381
2753.803785860540000	 0.055943648123737
2754.036744475360000	 0.055903107835441
2754.269703090190000	 0.055881827754308
2754.502661705020000	 0.055875942054338
2754.735620319840000	 0.055878026486272
2754.968578934670000	 0.055880509039016
2755.201537549500000	 0.055878397228017
2755.434496164320000	 0.055870167620754
2755.667454779150000	 0.055856795964459
2755.900413393970000	 0.055839913121212
2756.133372008800000	 0.055820391279764
2756.366330623630000	 0.055798182339791
2756.599289238450000	 0.055773306466498
2756.832247853280000	 0.055747110275317
2757.065206468110000	 0.055722746205149
2757.298165082930000	 0.055704347196341
2757.531123697760000	 0.055695236600149
2757.764082312580000	 0.055696170433341
2757.997040927410000	 0.055704653239313
2758.229999542240000	 0.055715782998796
2758.462958157060000	 0.055724219992179
2758.695916771890000	 0.055726244480055
2758.928875386710000	 0.055720836507353
2759.161834001540000	 0.055709294751627
2759.394792616370000	 0.055693754581379
2759.627751231190000	 0.055675555979990
2759.860709846020000	 0.055654407868051
2760.093668460850000	 0.055628733680841
2760.326627075670000	 0.055596835014726
2760.559585690500000	 0.055558040994739
2760.792544305320000	 0.055513101035135
2761.025502920150000	 0.055463653011236
2761.258461534980000	 0.055411267267779
2761.491420149800000	 0.055356872109740
2761.724378764630000	 0.055301088923449
2761.957337379460000	 0.055245312278991
2762.190295994280000	 0.055192715254497
2762.423254609110000	 0.055148204505181
2762.656213223930000	 0.055116870862975
2762.889171838760000	 0.055101428721780
2763.122130453590000	 0.055099948206655
2763.355089068410000	 0.055105320536349
2763.588047683240000	 0.055107188338480
2763.821006298070000	 0.055095832018078
2764.053964912890000	 0.055066369355224
2764.286923527720000	 0.055021239187113
2764.519882142540000	 0.054969597999703
2764.752840757370000	 0.054923699521023
2764.985799372200000	 0.054893818710294
2765.218757987020000	 0.054884021746021
2765.451716601850000	 0.054890677176547
2765.684675216670000	 0.054904271438043
2765.917633831500000	 0.054913520110885
2766.150592446330000	 0.054909742246433
2766.383551061150000	 0.054889495649985
2766.616509675980000	 0.054854516439731
2766.849468290810000	 0.054809474159548
2767.082426905630000	 0.054759123022425
2767.315385520460000	 0.054706535847539
2767.548344135280000	 0.054653258118498
2767.781302750110000	 0.054600952380295
2768.014261364940000	 0.054553158365295
2768.247219979760000	 0.054515710797711
2768.480178594590000	 0.054495176435999
2768.713137209420000	 0.054495908981610
2768.946095824240000	 0.054517248488265
2769.179054439070000	 0.054552477300314
2769.412013053890000	 0.054590337221266
2769.644971668720000	 0.054618639099967
2769.877930283550000	 0.054628421153171
2770.110888898370000	 0.054616806830285
2770.343847513200000	 0.054587349691220
2770.576806128030000	 0.054547885951898
2770.809764742850000	 0.054507069115530
2771.042723357680000	 0.054471238452401
2771.275681972500000	 0.054442894642431
2771.508640587330000	 0.054421108089511
2771.741599202160000	 0.054403210249913
2771.974557816980000	 0.054386614362521
2772.207516431810000	 0.054369788097752
2772.440475046630000	 0.054352080994694
2772.673433661460000	 0.054332851511103
2772.906392276290000	 0.054310709164908
2773.139350891110000	 0.054283516251319
2773.372309505940000	 0.054249241358897
2773.605268120770000	 0.054207186370290
2773.838226735590000	 0.054158862283408
2774.071185350420000	 0.054107992484362
2774.304143965240000	 0.054059618462593
2774.537102580070000	 0.054018748071635
2774.770061194900000	 0.053989149566889
2775.003019809720000	 0.053972704920435
2775.235978424550000	 0.053969363785648
2775.468937039380000	 0.053977440923255
2775.701895654200000	 0.053993950025108
2775.934854269030000	 0.054014858511861
2776.167812883850000	 0.054035405796964
2776.400771498680000	 0.054050731220059
2776.633730113510000	 0.054056897056167
2776.866688728330000	 0.054052050341675
2777.099647343160000	 0.054037179196725
2777.332605957980000	 0.054015925002787
2777.565564572810000	 0.053993289637294
2777.798523187640000	 0.053973658347387
2778.031481802460000	 0.053959004730958
2778.264440417290000	 0.053948157728060
2778.497399032120000	 0.053937537141791
2778.730357646940000	 0.053923034866650
2778.963316261770000	 0.053902119948393
2779.196274876590000	 0.053875110523622
2779.429233491420000	 0.053844982697845
2779.662192106250000	 0.053815862772194
2779.895150721070000	 0.053791048093467
2780.128109335900000	 0.053771628512531
2780.361067950730000	 0.053756414291440
2780.594026565550000	 0.053743136395668
2780.826985180380000	 0.053730189771731
2781.059943795200000	 0.053717919830017
2781.292902410030000	 0.053708746048781
2781.525861024860000	 0.053706094080534
2781.758819639680000	 0.053712767652134
2781.991778254510000	 0.053729652781670
2782.224736869340000	 0.053755382792282
2782.457695484160000	 0.053786995722968
2782.690654098990000	 0.053821061405302
2782.923612713810000	 0.053854571881411
2783.156571328640000	 0.053885167622516
2783.389529943470000	 0.053910814061843
2783.622488558290000	 0.053929476938537
2783.855447173120000	 0.053939364286403
2784.088405787940000	 0.053939871909395
2784.321364402770000	 0.053932756439600
2784.554323017600000	 0.053922678949570
2784.787281632420000	 0.053916416908092
2785.020240247250000	 0.053920720927015
2785.253198862080000	 0.053939634457966
2785.486157476900000	 0.053972585329633
2785.719116091730000	 0.054014351023181
2785.952074706550000	 0.054057142043514
2786.185033321380000	 0.054093963855790
2786.417991936210000	 0.054121683600372
2786.650950551030000	 0.054142273297858
2786.883909165860000	 0.054161566971885
2787.116867780690000	 0.054186136161029
2787.349826395510000	 0.054219875453854
2787.582785010340000	 0.054262047013021
2787.815743625160000	 0.054307771188655
2788.048702239990000	 0.054350678169450
2788.281660854820000	 0.054386319335865
2788.514619469640000	 0.054414556524311
2788.747578084470000	 0.054439706698045
2788.980536699300000	 0.054468421633825
2789.213495314120000	 0.054506467204152
2789.446453928950000	 0.054556087609920
2789.679412543770000	 0.054615244716802
2789.912371158600000	 0.054678976802699
2790.145329773430000	 0.054742017565031
2790.378288388250000	 0.054801238368046
2790.611247003080000	 0.054856699242170
2790.844205617900000	 0.054910946838381
2791.077164232730000	 0.054967165181660
2791.310122847560000	 0.055027316520895
2791.543081462380000	 0.055091248267738
2791.776040077210000	 0.055157054038034
2792.008998692040000	 0.055222214454172
2792.241957306860000	 0.055284663509058
2792.474915921690000	 0.055343129213500
2792.707874536510000	 0.055396713692243
2792.940833151340000	 0.055444275238998
2793.173791766170000	 0.055484338965857
2793.406750380990000	 0.055515873597283
2793.639708995820000	 0.055539581708670
2793.872667610650000	 0.055558823106349
2794.105626225470000	 0.055579314697185
2794.338584840300000	 0.055607384746526
2794.571543455120000	 0.055647462065090
2794.804502069950000	 0.055700091087305
2795.037460684780000	 0.055761658528485
2795.270419299600000	 0.055826190077046
2795.503377914430000	 0.055888450867514
2795.736336529250000	 0.055946781449181
2795.969295144080000	 0.056004106842055
2796.202253758910000	 0.056066442478083
2796.435212373730000	 0.056139555823867
2796.668170988560000	 0.056225492077933
2796.901129603390000	 0.056320827928424
2797.134088218210000	 0.056417668704182
2797.367046833040000	 0.056506994878686
2797.600005447860000	 0.056582730626996
2797.832964062690000	 0.056644498418764
2798.065922677520000	 0.056697674168215
2798.298881292340000	 0.056750742396316
2798.531839907170000	 0.056811327621341
2798.764798522000000	 0.056882900057164
2798.997757136820000	 0.056963709587797
2799.230715751650000	 0.057048278331465
2799.463674366470000	 0.057130465647787
2799.696632981300000	 0.057206407511408
2799.929591596130000	 0.057275869217363
2800.162550210950000	 0.057341551112463
2800.395508825780000	 0.057407045012840
2800.628467440610000	 0.057474788939103
2800.861426055430000	 0.057545182453896
2801.094384670260000	 0.057617183288291
2801.327343285080000	 0.057689751382045
2801.560301899910000	 0.057763016565176
2801.793260514740000	 0.057838302736069
2802.026219129560000	 0.057916964634318
2802.259177744390000	 0.057998846800267
2802.492136359210000	 0.058081503411717
2802.725094974040000	 0.058160901728864
2802.958053588870000	 0.058233413734177
2803.191012203690000	 0.058298034267170
2803.423970818520000	 0.058357494170129
2803.656929433350000	 0.058417475869331
2803.889888048170000	 0.058484209203858
2804.122846663000000	 0.058561697904348
2804.355805277820000	 0.058650105797472
2804.588763892650000	 0.058746227768751
2804.821722507480000	 0.058845808676364
2805.054681122300000	 0.058946398779941
2805.287639737130000	 0.059049064412522
2805.520598351960000	 0.059157859565283
2805.753556966780000	 0.059277218920381
2805.986515581610000	 0.059408653934167
2806.219474196430000	 0.059548615646706
2806.452432811260000	 0.059688846985742
2806.685391426090000	 0.059819268593759
2806.918350040910000	 0.059932100927583
2807.151308655740000	 0.060025235014397
2807.384267270570000	 0.060103212961874
2807.617225885390000	 0.060175396174724
2807.850184500220000	 0.060252312683224
2808.083143115040000	 0.060342002081538
2808.316101729870000	 0.060448000711875
2808.549060344700000	 0.060569600679793
2808.782018959520000	 0.060703778521000
2809.014977574350000	 0.060847402330091
2809.247936189170000	 0.060998390412302
2809.480894804000000	 0.061155325202666
2809.713853418830000	 0.061316097384971
2809.946812033650000	 0.061476809205472
2810.179770648480000	 0.061632013473037
2810.412729263310000	 0.061776508014245
2810.645687878130000	 0.061907860522330
2810.878646492960000	 0.062028236284821
2811.111605107780000	 0.062144329354607
2811.344563722610000	 0.062265161077290
2811.577522337440000	 0.062398663121428
2811.810480952260000	 0.062548639490593
2812.043439567090000	 0.062713528177243
2812.276398181920000	 0.062887474109839
2812.509356796740000	 0.063063082384537
2812.742315411570000	 0.063234445322110
2812.975274026390000	 0.063399023575283
2813.208232641220000	 0.063557689839099
2813.441191256050000	 0.063713275385645
2813.674149870870000	 0.063868692947757
2813.907108485700000	 0.064025751105130
2814.140067100520000	 0.064185168051244
2814.373025715350000	 0.064347455313505
2814.605984330180000	 0.064513797815052
2814.838942945000000	 0.064686126351556
2815.071901559830000	 0.064866196631462
2815.304860174660000	 0.065054245110145
2815.537818789480000	 0.065248188968528
2815.770777404310000	 0.065444106499473
2816.003736019130000	 0.065637994654570
2816.236694633960000	 0.065827984165692
2816.469653248790000	 0.066015795603967
2816.702611863610000	 0.066206516252569
2816.935570478440000	 0.066406638807582
2817.168529093270000	 0.066621248351526
2817.401487708090000	 0.066851729955903
2817.634446322920000	 0.067095122894194
2817.867404937740000	 0.067345414016310
2818.100363552570000	 0.067596098137717
2818.333322167400000	 0.067842748501709
2818.566280782220000	 0.068084435558549
2818.799239397050000	 0.068323529015926
2819.032198011880000	 0.068564293022799
2819.265156626700000	 0.068811223998949
2819.498115241530000	 0.069068004122170
2819.731073856350000	 0.069337363590639
2819.964032471180000	 0.069621470110303
2820.196991086010000	 0.069922134351837
2820.429949700830000	 0.070240340545565
2820.662908315660000	 0.070575227450834
2820.895866930480000	 0.070923235106328
2821.128825545310000	 0.071278275952563
2821.361784160140000	 0.071633335516383
2821.594742774960000	 0.071983079132760
2821.827701389790000	 0.072326312181472
2822.060660004620000	 0.072666981564185
2822.293618619440000	 0.073012997732715
2822.526577234270000	 0.073373240229720
2822.759535849090000	 0.073754095582796
2822.992494463920000	 0.074157193520027
2823.225453078750000	 0.074579454092347
2823.458411693570000	 0.075015410255259
2823.691370308400000	 0.075460616942186
2823.924328923230000	 0.075914398782382
2824.157287538050000	 0.076380532185715
2824.390246152880000	 0.076865535005463
2824.623204767700000	 0.077375468527192
2824.856163382530000	 0.077912880725367
2825.089121997360000	 0.078475380993192
2825.322080612180000	 0.079056459564086
2825.555039227010000	 0.079648040339279
2825.787997841840000	 0.080243464687232
2826.020956456660000	 0.080839528527372
2826.253915071490000	 0.081436824412186
2826.486873686310000	 0.082038573055032
2826.719832301140000	 0.082648817725119
2826.952790915970000	 0.083270950180657
2827.185749530790000	 0.083907080762826
2827.418708145620000	 0.084558120034962
2827.651666760440000	 0.085224033018574
2827.884625375270000	 0.085903791283070
2828.117583990100000	 0.086594987175580
2828.350542604920000	 0.087293537537838
2828.583501219750000	 0.087994024749543
2828.816459834580000	 0.088690870161694
2829.049418449400000	 0.089379909811326
2829.282377064230000	 0.090059462844623
2829.515335679050000	 0.090730030429309
2829.748294293880000	 0.091392420763220
2829.981252908710000	 0.092045043815789
2830.214211523530000	 0.092681791772281
2830.447170138360000	 0.093291858539486
2830.680128753190000	 0.093862001698111
2830.913087368010000	 0.094380512786147
2831.146045982840000	 0.094841182880085
2831.379004597660000	 0.095245392771203
2831.611963212490000	 0.095601279567194
2831.844921827320000	 0.095920339681381
2832.077880442140000	 0.096213054153803
2832.310839056970000	 0.096485489629744
2832.543797671790000	 0.096738175836894
2832.776756286620000	 0.096967310800389
2833.009714901450000	 0.097167215738310
2833.242673516270000	 0.097332552233849
2833.475632131100000	 0.097459291825406
2833.708590745930000	 0.097544439978604
2833.941549360750000	 0.097585395790539
2834.174507975580000	 0.097580010893244
2834.407466590400000	 0.097527795869542
2834.640425205230000	 0.097431733247030
2834.873383820060000	 0.097299468369657
2835.106342434880000	 0.097142769560516
2835.339301049710000	 0.096975076994603
2835.572259664540000	 0.096808145687499
2835.805218279360000	 0.096649462452678
2836.038176894190000	 0.096501804903233
2836.271135509010000	 0.096365154706021
2836.504094123840000	 0.096239841501553
2836.737052738670000	 0.096129062460539
2836.970011353490000	 0.096039255285164
2837.202969968320000	 0.095978058646947
2837.435928583150000	 0.095951066438161
2837.668887197970000	 0.095959386233593
2837.901845812800000	 0.095999632709449
2838.134804427620000	 0.096066606864584
2838.367763042450000	 0.096157304173999
2838.600721657280000	 0.096273982765232
2838.833680272100000	 0.096424378556434
2839.066638886930000	 0.096618656220899
2839.299597501750000	 0.096864520868346
2839.532556116580000	 0.097163019863699
2839.765514731410000	 0.097507271079547
2839.998473346230000	 0.097884808892114
2840.231431961060000	 0.098282293162740
2840.464390575890000	 0.098690043499281
2840.697349190710000	 0.099103960614265
2840.930307805540000	 0.099523865698184
2841.163266420360000	 0.099949338895177
2841.396225035190000	 0.100375607567897
2841.629183650020000	 0.100792067438008
2841.862142264840000	 0.101184574406046
2842.095100879670000	 0.101540509811743
2842.328059494500000	 0.101853977585556
2842.561018109320000	 0.102128292351761
2842.793976724150000	 0.102374348020883
2843.026935338970000	 0.102605744475256
2843.259893953800000	 0.102833361464500
2843.492852568630000	 0.103062331526961
2843.725811183450000	 0.103292938330412
2843.958769798280000	 0.103524690413868
2844.191728413110000	 0.103760983880947
2844.424687027930000	 0.104011411279883
2844.657645642760000	 0.104290126933074
2844.890604257580000	 0.104610988104660
2845.123562872410000	 0.104982113457144
2845.356521487240000	 0.105402909408252
2845.589480102060000	 0.105865283962294
2845.822438716890000	 0.106358458854444
2846.055397331710000	 0.106874788066266
2846.288355946540000	 0.107413414188138
2846.521314561370000	 0.107979804563758
2846.754273176190000	 0.108581555186737
2846.987231791020000	 0.109222985329244
2847.220190405850000	 0.109901727888256
2847.453149020670000	 0.110609365301918
2847.686107635500000	 0.111335831599590
2847.919066250320000	 0.112075098566754
2848.152024865150000	 0.112828833809712
2848.384983479980000	 0.113605783175499
2848.617942094800000	 0.114417034302205
2848.850900709630000	 0.115269681758810
2849.083859324460000	 0.116162358214852
2849.316817939280000	 0.117085088714637
2849.549776554110000	 0.118023549986754
2849.782735168930000	 0.118965386310913
2850.015693783760000	 0.119905087040558
2850.248652398590000	 0.120844740695836
2850.481611013410000	 0.121790332483932
2850.714569628240000	 0.122745803589935
2850.947528243060000	 0.123708353055415
2851.180486857890000	 0.124667717925532
2851.413445472720000	 0.125609864742595
2851.646404087540000	 0.126522975501897
2851.879362702370000	 0.127402256297240
2852.112321317200000	 0.128250735916847
2852.345279932020000	 0.129075520593514
2852.578238546850000	 0.129881595316006
2852.811197161680000	 0.130666671963446
2853.044155776500000	 0.131419984467932
2853.277114391330000	 0.132125703861081
2853.510073006150000	 0.132769068682266
2853.743031620980000	 0.133341851482432
2853.975990235810000	 0.133844252742451
2854.208948850630000	 0.134282451074780
2854.441907465460000	 0.134663554250867
2854.674866080280000	 0.134991078058820
2854.907824695110000	 0.135263551677110
2855.140783309940000	 0.135476803057064
2855.373741924760000	 0.135628177227797
2855.606700539590000	 0.135719761609724
2855.839659154420000	 0.135758346444123
2856.072617769240000	 0.135751940883359
2856.305576384070000	 0.135704899297828
2856.538534998890000	 0.135614696852678
2856.771493613720000	 0.135472520805893
2857.004452228550000	 0.135267629162428
2857.237410843370000	 0.134993167019182
2857.470369458200000	 0.134650163876954
2857.703328073020000	 0.134247386468504
2857.936286687850000	 0.133797079452502
2858.169245302680000	 0.133308995000391
2858.402203917500000	 0.132786080429372
2858.635162532330000	 0.132224219165396
2858.868121147160000	 0.131616108239249
2859.101079761980000	 0.130957037261908
2859.334038376810000	 0.130249318157219
2859.566996991630000	 0.129502976625748
2859.799955606460000	 0.128732538542042
2860.032914221290000	 0.127951985540970
2860.265872836110000	 0.127170877801969
2860.498831450940000	 0.126393755700871
2860.731790065770000	 0.125622836669744
2860.964748680590000	 0.124861991741707
2861.197707295420000	 0.124119216732018
2861.430665910240000	 0.123405760409044
2861.663624525070000	 0.122732168744397
2861.896583139900000	 0.122103483477351
2862.129541754720000	 0.121516511252682
2862.362500369550000	 0.120961065225452
2862.595458984380000	 0.120424945981896
2862.828417599200000	 0.119900342993324
2863.061376214030000	 0.119388457652825
2863.294334828850000	 0.118900006819618
2863.527293443680000	 0.118451417874739
2863.760252058510000	 0.118058751779653
2863.993210673330000	 0.117732436640013
2864.226169288160000	 0.117475248557394
2864.459127902980000	 0.117284101132425
2864.692086517810000	 0.117154174790636
2864.925045132640000	 0.117082813982680
2865.158003747460000	 0.117070993912493
2865.390962362290000	 0.117121737587919
2865.623920977120000	 0.117236693220502
2865.856879591940000	 0.117413092182776
2866.089838206770000	 0.117642966648457
2866.322796821590000	 0.117915091566093
2866.555755436420000	 0.118218489009705
2866.788714051250000	 0.118545435496569
2867.021672666070000	 0.118892256395076
2867.254631280900000	 0.119257558203267
2867.487589895730000	 0.119639095610714
2867.720548510550000	 0.120031245841907
2867.953507125380000	 0.120424615945843
2868.186465740200000	 0.120807945456339
2868.419424355030000	 0.121171032494618
2868.652382969860000	 0.121506786359712
2868.885341584680000	 0.121811096606796
2869.118300199510000	 0.122080663435718
2869.351258814330000	 0.122310338667589
2869.584217429160000	 0.122491961185925
2869.817176043990000	 0.122615813201416
2870.050134658810000	 0.122674157122250
2870.283093273640000	 0.122664841924411
2870.516051888470000	 0.122592641731568
2870.749010503290000	 0.122467121913030
2870.981969118120000	 0.122297835802758
2871.214927732940000	 0.122089352065920
2871.447886347770000	 0.121838945752130
2871.680844962600000	 0.121538497245320
2871.913803577420000	 0.121179905375850
2872.146762192250000	 0.120761341942787
2872.379720807080000	 0.120291059495797
2872.612679421900000	 0.119786613769143
2872.845638036730000	 0.119269691183182
2873.078596651550000	 0.118758956753521
2873.311555266380000	 0.118264251130794
2873.544513881210000	 0.117784655452555
2873.777472496030000	 0.117310950126606
2874.010431110860000	 0.116830913045829
2874.243389725690000	 0.116334782197879
2874.476348340510000	 0.115818539228123
2874.709306955340000	 0.115284144332747
2874.942265570160000	 0.114737535530196
2875.175224184990000	 0.114186120148460
2875.408182799820000	 0.113637222428990
2875.641141414640000	 0.113097860284465
2875.874100029470000	 0.112575116178616
2876.107058644290000	 0.112075973226088
2876.340017259120000	 0.111606025063036
2876.572975873950000	 0.111167525828467
2876.805934488770000	 0.110758062183217
2877.038893103600000	 0.110371095377361
2877.271851718430000	 0.109998681540310
2877.504810333250000	 0.109635358678844
2877.737768948080000	 0.109281287824147
2877.970727562900000	 0.108942866193105
2878.203686177730000	 0.108630231472950
2878.436644792560000	 0.108352723740390
2878.669603407380000	 0.108114517347112
2878.902562022210000	 0.107912603418420
2879.135520637040000	 0.107738105962724
2879.368479251860000	 0.107580208122080
2879.601437866690000	 0.107430660157383
2879.834396481510000	 0.107286628389391
2880.067355096340000	 0.107150635029064
2880.300313711170000	 0.107027966586954
2880.533272325990000	 0.106923248168605
2880.766230940820000	 0.106838146956768
2880.999189555650000	 0.106771294882407
2881.232148170470000	 0.106720093581032
2881.465106785300000	 0.106682951361883
2881.698065400120000	 0.106660347704561
2881.931024014950000	 0.106653990700972
2882.163982629780000	 0.106664664432304
2882.396941244600000	 0.106690299033983
2882.629899859430000	 0.106725729282104
2882.862858474260000	 0.106764568911259
2883.095817089080000	 0.106802253607802
2883.328775703910000	 0.106838447341214
2883.561734318730000	 0.106877235863424
2883.794692933560000	 0.106924781075404
2884.027651548390000	 0.106985660559271
2884.260610163210000	 0.107060005606313
2884.493568778040000	 0.107143190134480
2884.726527392860000	 0.107228380790159
2884.959486007690000	 0.107310554617088
2885.192444622520000	 0.107389620921001
2885.425403237340000	 0.107470669323445
2885.658361852170000	 0.107560971320319
2885.891320467000000	 0.107665301299246
2886.124279081820000	 0.107782262071855
2886.357237696650000	 0.107903894576474
2886.590196311470000	 0.108019104357193
2886.823154926300000	 0.108119298593380
2887.056113541130000	 0.108203281725032
2887.289072155950000	 0.108278701382098
2887.522030770780000	 0.108359117805251
2887.754989385600000	 0.108458137180375
2887.987948000430000	 0.108583654755455
2888.220906615260000	 0.108735175991134
2888.453865230080000	 0.108905485117822
2888.686823844910000	 0.109085572245415
2888.919782459740000	 0.109270002172716
2889.152741074560000	 0.109459749491295
2889.385699689390000	 0.109661027455091
2889.618658304210000	 0.109880952085985
2889.851616919040000	 0.110122668973508
2890.084575533870000	 0.110382806501405
2890.317534148690000	 0.110652712758982
2890.550492763520000	 0.110922726331440
2890.783451378350000	 0.111186984130203
2891.016409993170000	 0.111445975484932
2891.249368608000000	 0.111705391761928
2891.482327222820000	 0.111972018893958
2891.715285837650000	 0.112249167688503
2891.948244452480000	 0.112534395624755
2892.181203067300000	 0.112820909890965
2892.414161682130000	 0.113101864168303
2892.647120296950000	 0.113375029172539
2892.880078911780000	 0.113645042333337
2893.113037526610000	 0.113921820336880
2893.345996141430000	 0.114215962700331
2893.578954756260000	 0.114533749796223
2893.811913371090000	 0.114874588435470
2894.044871985910000	 0.115232348139014
2894.277830600740000	 0.115599784074077
2894.510789215560000	 0.115973439252564
2894.743747830390000	 0.116356105320757
2894.976706445220000	 0.116755322306613
2895.209665060040000	 0.117178724049862
2895.442623674870000	 0.117628911099691
2895.675582289700000	 0.118100845762378
2895.908540904520000	 0.118583346263129
2896.141499519350000	 0.119063929896894
2896.374458134170000	 0.119534330689114
2896.607416749000000	 0.119993601493409
2896.840375363830000	 0.120447092347446
2897.073333978650000	 0.120902006993094
2897.306292593480000	 0.121362245763666
2897.539251208310000	 0.121825641921192
2897.772209823130000	 0.122285268562573
2898.005168437960000	 0.122734079625401
2898.238127052780000	 0.123170132896750
2898.471085667610000	 0.123599193471340
2898.704044282440000	 0.124032949573250
2898.937002897260000	 0.124483609245489
2899.169961512090000	 0.124957804090149
2899.402920126920000	 0.125453222542708
2899.635878741740000	 0.125959938393742
2899.868837356570000	 0.126465819599496
2900.101795971390000	 0.126963135333401
2900.334754586220000	 0.127452798171004
2900.567713201050000	 0.127944001860420
2900.800671815870000	 0.128449610822557
2901.033630430700000	 0.128980012347020
2901.266589045520000	 0.129538887423709
2901.499547660350000	 0.130123110138623
2901.732506275180000	 0.130726525486620
2901.965464890000000	 0.131345107284954
2902.198423504830000	 0.131980247095293
2902.431382119660000	 0.132638119441710
2902.664340734480000	 0.133325518663607
2902.897299349310000	 0.134044795139216
2903.130257964130000	 0.134791172989918
2903.363216578960000	 0.135554401710393
2903.596175193790000	 0.136324139408784
2903.829133808610000	 0.137096146745517
2904.062092423440000	 0.137875656828191
2904.295051038270000	 0.138675687459901
2904.528009653090000	 0.139510858258790
2904.760968267920000	 0.140389866691503
2904.993926882740000	 0.141310652588559
2905.226885497570000	 0.142260934448511
2905.459844112400000	 0.143223971446976
2905.692802727220000	 0.144186612536960
2905.925761342050000	 0.145145448905397
2906.158719956870000	 0.146107905621374
2906.391678571700000	 0.147087857093243
2906.624637186530000	 0.148098271173178
2906.857595801350000	 0.149144827905784
2907.090554416180000	 0.150223686824722
2907.323513031010000	 0.151324141300159
2907.556471645830000	 0.152434223429365
2907.789430260660000	 0.153545895505728
2908.022388875480000	 0.154657041318462
2908.255347490310000	 0.155769639995531
2908.488306105140000	 0.156885898043010
2908.721264719960000	 0.158005250601945
2908.954223334790000	 0.159124359453965
2909.187181949620000	 0.160240069526500
2909.420140564440000	 0.161353115552461
2909.653099179270000	 0.162469601209030
2909.886057794090000	 0.163598488264531
2910.119016408920000	 0.164745872243600
2910.351975023750000	 0.165909128467572
2910.584933638570000	 0.167074611661081
2910.817892253400000	 0.168221003266618
2911.050850868230000	 0.169327404382224
2911.283809483050000	 0.170382487081964
2911.516768097880000	 0.171390067173698
2911.749726712700000	 0.172368052399364
2911.982685327530000	 0.173341085768953
2912.215643942360000	 0.174330454625516
2912.448602557180000	 0.175346135750143
2912.681561172010000	 0.176384546713882
2912.914519786830000	 0.177432489185617
2913.147478401660000	 0.178474608077158
2913.380437016490000	 0.179500139757583
2913.613395631310000	 0.180505593163003
2913.846354246140000	 0.181492731715278
2914.079312860970000	 0.182464110931167
2914.312271475790000	 0.183419703503433
2914.545230090620000	 0.184357094175449
2914.778188705440000	 0.185275096808483
2915.011147320270000	 0.186178126986395
2915.244105935100000	 0.187077873079626
2915.477064549920000	 0.187990320962011
2915.710023164750000	 0.188929126327810
2915.942981779580000	 0.189898864373852
2916.175940394400000	 0.190892195723718
2916.408899009230000	 0.191893058314824
2916.641857624050000	 0.192884639133009
2916.874816238880000	 0.193857972570531
2917.107774853710000	 0.194816319323655
2917.340733468530000	 0.195772620788910
2917.573692083360000	 0.196741214626042
2917.806650698190000	 0.197728365013054
2918.039609313010000	 0.198726982047154
2918.272567927840000	 0.199718681132027
2918.505526542660000	 0.200682298709319
2918.738485157490000	 0.201604332979883
2918.971443772320000	 0.202485550200733
2919.204402387140000	 0.203339989385779
2919.437361001970000	 0.204186790651763
2919.670319616790000	 0.205039268864404
2919.903278231620000	 0.205897134129050
2920.136236846450000	 0.206745925491442
2920.369195461270000	 0.207563682914867
2920.602154076100000	 0.208330910096309
2920.835112690930000	 0.209038182282294
2921.068071305750000	 0.209687297352148
2921.301029920580000	 0.210285762920589
2921.533988535400000	 0.210838330350365
2921.766947150230000	 0.211340892325526
2921.999905765060000	 0.211780468993601
2922.232864379880000	 0.212141241528338
2922.465822994710000	 0.212412892249045
2922.698781609530000	 0.212596064252786
2922.931740224360000	 0.212701458853720
2923.164698839190000	 0.212742948221277
2923.397657454010000	 0.212728733431373
2923.630616068840000	 0.212655795845484
2923.863574683670000	 0.212510974117250
2924.096533298490000	 0.212278115927725
2924.329491913320000	 0.211947170124775
2924.562450528140000	 0.211519902435475
2924.795409142970000	 0.211008883262899
2925.028367757800000	 0.210430371667301
2925.261326372620000	 0.209795302041468
2925.494284987450000	 0.209103624119884
2925.727243602280000	 0.208345201486874
2925.960202217100000	 0.207506605694011
2926.193160831930000	 0.206579708187298
2926.426119446750000	 0.205566958479824
2926.659078061580000	 0.204480252579208
2926.892036676410000	 0.203334139023882
2927.124995291230000	 0.202137447398686
2927.357953906060000	 0.200888274898949
2927.590912520890000	 0.199575221138838
2927.823871135710000	 0.198184106773945
2928.056829750540000	 0.196706285024728
2928.289788365360000	 0.195143852735065
2928.522746980190000	 0.193509038381489
2928.755705595020000	 0.191818564695107
2928.988664209840000	 0.190086671993353
2929.221622824670000	 0.188321019313153
2929.454581439500000	 0.186523658476087
2929.687540054320000	 0.184696034146199
2929.920498669150000	 0.182844474488448
2930.153457283970000	 0.180982385852392
2930.386415898800000	 0.179127496712082
2930.619374513630000	 0.177295680987558
2930.852333128450000	 0.175495122177434
2931.085291743280000	 0.173724476295556
2931.318250358100000	 0.171976349223771
2931.551208972930000	 0.170244236930320
2931.784167587760000	 0.168528931992116
2932.017126202580000	 0.166840544378910
2932.250084817410000	 0.165194701629621
2932.483043432240000	 0.163604825981445
2932.716002047060000	 0.162074698567070
2932.948960661890000	 0.160595482099892
2933.181919276710000	 0.159149025283430
2933.414877891540000	 0.157715918138709
2933.647836506370000	 0.156284218774496
2933.880795121190000	 0.154854419597931
2934.113753736020000	 0.153438279840954
2934.346712350850000	 0.152052456979809
2934.579670965670000	 0.150710523667103
2934.812629580500000	 0.149417511611235
2935.045588195320000	 0.148169431102671
2935.278546810150000	 0.146957368886654
2935.511505424980000	 0.145773372684178
2935.744464039800000	 0.144614645321964
2935.977422654630000	 0.143483876847662
2936.210381269460000	 0.142385987072862
2936.443339884280000	 0.141323641278656
2936.676298499110000	 0.140294436052532
2936.909257113930000	 0.139291436715146
2937.142215728760000	 0.138306618348877
2937.375174343590000	 0.137335013362542
2937.608132958410000	 0.136377011808767
2937.841091573240000	 0.135437468388811
2938.074050188060000	 0.134522264416491
2938.307008802890000	 0.133634500023398
2938.539967417720000	 0.132772630356872
2938.772926032540000	 0.131931588310554
2939.005884647370000	 0.131106082929508
2939.238843262200000	 0.130293961246147
2939.471801877020000	 0.129497553714723
2939.704760491850000	 0.128722261432503
2939.937719106670000	 0.127973437109281
2940.170677721500000	 0.127253707736803
2940.403636336330000	 0.126562580876289
2940.636594951150000	 0.125898661268356
2940.869553565980000	 0.125263023267966
2941.102512180810000	 0.124661356269632
2941.335470795630000	 0.124103068058218
2941.568429410460000	 0.123597346327106
2941.801388025280000	 0.123148180599216
2942.034346640110000	 0.122751288182628
2942.267305254940000	 0.122395127196217
2942.500263869760000	 0.122066071297468
2942.733222484590000	 0.121755487160837
2942.966181099410000	 0.121465183107665
2943.199139714240000	 0.121208272582397
2943.432098329070000	 0.121004730251311
2943.665056943890000	 0.120873643739286
2943.898015558720000	 0.120825868742255
2944.130974173550000	 0.120860548354178
2944.363932788370000	 0.120966942021827
2944.596891403200000	 0.121130336489524
2944.829850018020000	 0.121338873881328
2945.062808632850000	 0.121587911523937
2945.295767247680000	 0.121880094521950
2945.528725862500000	 0.122221755029249
2945.761684477330000	 0.122618145252466
2945.994643092160000	 0.123070329331466
2946.227601706980000	 0.123575242865176
2946.460560321810000	 0.124128347818780
2946.693518936630000	 0.124726708409815
2946.926477551460000	 0.125370124188198
2947.159436166290000	 0.126059291126711
2947.392394781110000	 0.126792006986716
2947.625353395940000	 0.127559910251075
2947.858312010770000	 0.128348184704431
2948.091270625590000	 0.129139039861030
2948.324229240420000	 0.129917496203263
2948.557187855240000	 0.130676399393931
2948.790146470070000	 0.131417685524389
2949.023105084900000	 0.132148803315008
2949.256063699720000	 0.132875865085432
2949.489022314550000	 0.133597014395347
2949.721980929370000	 0.134299548125631
2949.954939544200000	 0.134962461195490
2950.187898159030000	 0.135563277825515
2950.420856773850000	 0.136085780473584
2950.653815388680000	 0.136524793848531
2950.886774003510000	 0.136885833174004
2951.119732618330000	 0.137180256392156
2951.352691233160000	 0.137418899877079
2951.585649847980000	 0.137607683790479
2951.818608462810000	 0.137747171376090
2952.051567077640000	 0.137835561531671
2952.284525692460000	 0.137872595197938
2952.517484307290000	 0.137861517296677
2952.750442922110000	 0.137807714903459
2952.983401536940000	 0.137714990947899
2953.216360151770000	 0.137582124126074
2953.449318766590000	 0.137402321386706
2953.682277381420000	 0.137166406504492
2953.915235996250000	 0.136868183682442
2954.148194611070000	 0.136508848968116
2954.381153225900000	 0.136097623250959
2954.614111840720000	 0.135647881281758
2954.847070455550000	 0.135170742318213
2955.080029070380000	 0.134669729304511
2955.312987685200000	 0.134139667223585
2955.545946300030000	 0.133570682207101
2955.778904914860000	 0.132955252561608
2956.011863529680000	 0.132294380695169
2956.244822144510000	 0.131599235558913
2956.477780759330000	 0.130887021208106
2956.710739374160000	 0.130173045462222
2956.943697988990000	 0.129463135167235
2957.176656603810000	 0.128750433362104
2957.409615218640000	 0.128018326079543
2957.642573833470000	 0.127248062049101
2957.875532448290000	 0.126427235269297
2958.108491063120000	 0.125554948157829
2958.341449677940000	 0.124641337498678
2958.574408292770000	 0.123702172073861
2958.807366907600000	 0.122751701105800
2959.040325522420000	 0.121797512468266
2959.273284137250000	 0.120839682916327
2959.506242752080000	 0.119873954871975
2959.739201366900000	 0.118896530298083
2959.972159981730000	 0.117907478346470
2960.205118596550000	 0.116910934435341
2960.438077211380000	 0.115912415475508
2960.671035826210000	 0.114915344009871
2960.903994441030000	 0.113919229156098
2961.136953055860000	 0.112920781448954
2961.369911670680000	 0.111917332856615
2961.602870285510000	 0.110910460493960
2961.835828900340000	 0.109907546307518
2962.068787515160000	 0.108920228156415
2962.301746129990000	 0.107960542577678
2962.534704744820000	 0.107036885804590
2962.767663359640000	 0.106151949059097
2963.000621974470000	 0.105303561160956
2963.233580589290000	 0.104487666335334
2963.466539204120000	 0.103701482931259
2963.699497818950000	 0.102944908859293
2963.932456433770000	 0.102219433868931
2964.165415048600000	 0.101525447285211
2964.398373663430000	 0.100859882669447
2964.631332278250000	 0.100215975070934
2964.864290893080000	 0.099585628173784
2965.097249507900000	 0.098963253855226
2965.330208122730000	 0.098348917951568
2965.563166737560000	 0.097748842843788
2965.796125352380000	 0.097172710698651
2966.029083967210000	 0.096628993996875
2966.262042582040000	 0.096120669693750
2966.495001196860000	 0.095643505955383
2966.727959811690000	 0.095187765772531
2966.960918426510000	 0.094742402486329
2967.193877041340000	 0.094299574474633
2967.426835656170000	 0.093857239576994
2967.659794270990000	 0.093418726138882
2967.892752885820000	 0.092989853244630
2968.125711500640000	 0.092575415032550
2968.358670115470000	 0.092176977931665
2968.591628730300000	 0.091792981134880
2968.824587345120000	 0.091420709473655
2969.057545959950000	 0.091058657283217
2969.290504574780000	 0.090707698122739
2969.523463189600000	 0.090370331740683
2969.756421804430000	 0.090048539283625
2969.989380419250000	 0.089741654621421
2970.222339034080000	 0.089445638374356
2970.455297648910000	 0.089154278164707
2970.688256263730000	 0.088861680911765
2970.921214878560000	 0.088564661316637
2971.154173493390000	 0.088263709571234
2971.387132108210000	 0.087962083370102
2971.620090723040000	 0.087663674901066
2971.853049337860000	 0.087370965403365
2972.086007952690000	 0.087084212089093
2972.318966567520000	 0.086802162882209
2972.551925182340000	 0.086523617317590
2972.784883797170000	 0.086248652128377
2973.017842411990000	 0.085978609187522
2973.250801026820000	 0.085714816594928
2973.483759641650000	 0.085456909780971
2973.716718256470000	 0.085201946040820
2973.949676871300000	 0.084945043743158
2974.182635486130000	 0.084681316234426
2974.415594100950000	 0.084408012345503
2974.648552715780000	 0.084125570326038
2974.881511330600000	 0.083836909725631
2975.114469945430000	 0.083545381627310
2975.347428560260000	 0.083252684243698
2975.580387175080000	 0.082958130422837
2975.813345789910000	 0.082659828554676
2976.046304404740000	 0.082357089573461
2976.279263019560000	 0.082052464689051
2976.512221634390000	 0.081751847960400
2976.745180249210000	 0.081462113612455
2976.978138864040000	 0.081187253118463
2977.211097478870000	 0.080925050253649
2977.444056093690000	 0.080666301558254
2977.677014708520000	 0.080397402512091
2977.909973323350000	 0.080105381818535
2978.142931938170000	 0.079783099587640
2978.375890553000000	 0.079432096157576
2978.608849167820000	 0.079061689301423
2978.841807782650000	 0.078684826861981
2979.074766397480000	 0.078312856439249
2979.307725012300000	 0.077951831999126
2979.540683627130000	 0.077602008730528
2979.773642241950000	 0.077260377844089
2980.006600856780000	 0.076924480578280
2980.239559471610000	 0.076595178045948
2980.472518086430000	 0.076276812086809
2980.705476701260000	 0.075974812053260
2980.938435316090000	 0.075692331199306
2981.171393930910000	 0.075428044698877
2981.404352545740000	 0.075176521434570
2981.637311160560000	 0.074931051543620
2981.870269775390000	 0.074687366264400
2982.103228390220000	 0.074446146779895
2982.336187005040000	 0.074212891399948
2982.569145619870000	 0.073995205401322
2982.802104234700000	 0.073799011634856
2983.035062849520000	 0.073625713453099
2983.268021464350000	 0.073471705482563
2983.500980079170000	 0.073330254674923
2983.733938694000000	 0.073194487634876
2983.966897308830000	 0.073059747179561
2984.199855923650000	 0.072924158653304
2984.432814538480000	 0.072787488087013
2984.665773153310000	 0.072649483271802
2984.898731768130000	 0.072509151400875
2985.131690382960000	 0.072365676064275
2985.364648997780000	 0.072220397601257
2985.597607612610000	 0.072078307831322
2985.830566227440000	 0.071947523504907
2986.063524842260000	 0.071836301800877
2986.296483457090000	 0.071748744967597
2986.529442071910000	 0.071681432264766
2986.762400686740000	 0.071623077392593
2986.995359301570000	 0.071557916207109
2987.228317916390000	 0.071471585434380
2987.461276531220000	 0.071356793787277
2987.694235146050000	 0.071215956991718
2987.927193760870000	 0.071059364788450
2988.160152375700000	 0.070899715947326
2988.393110990520000	 0.070745765940883
2988.626069605350000	 0.070598297053928
2988.859028220180000	 0.070450383296485
2989.091986835000000	 0.070291670849535
2989.324945449830000	 0.070114324417361
2989.557904064660000	 0.069917473972335
2989.790862679480000	 0.069707864469460
2990.023821294310000	 0.069496497096486
2990.256779909130000	 0.069293192312539
2990.489738523960000	 0.069102010876616
2990.722697138790000	 0.068919843547026
2990.955655753610000	 0.068738669068747
2991.188614368440000	 0.068550027978677
2991.421572983260000	 0.068349208263296
2991.654531598090000	 0.068137005691282
2991.887490212920000	 0.067918438189282
2992.120448827740000	 0.067699540091183
2992.353407442570000	 0.067484312078730
2992.586366057400000	 0.067273560036570
2992.819324672220000	 0.067066025598912
2993.052283287050000	 0.066860750917492
2993.285241901870000	 0.066658909921050
2993.518200516700000	 0.066463782521219
2993.751159131530000	 0.066278842067421
2993.984117746350000	 0.066105231275042
2994.217076361180000	 0.065940378535593
2994.450034976010000	 0.065778855944769
2994.682993590830000	 0.065615205270075
2994.915952205660000	 0.065447185705313
2995.148910820480000	 0.065277501498688
2995.381869435310000	 0.065112838403173
2995.614828050140000	 0.064960577947141
2995.847786664960000	 0.064824963284899
2996.080745279790000	 0.064704891911674
2996.313703894620000	 0.064594637742850
2996.546662509440000	 0.064487148473865
2996.779621124270000	 0.064378067564744
2997.012579739090000	 0.064268158931362
2997.245538353920000	 0.064162677970826
2997.478496968750000	 0.064067981398492
2997.711455583570000	 0.063987296227810
2997.944414198400000	 0.063918112569459
2998.177372813220000	 0.063852798010537
2998.410331428050000	 0.063782237484212
2998.643290042880000	 0.063700576558521
2998.876248657700000	 0.063608455399813
2999.109207272530000	 0.063512888735227
2999.342165887360000	 0.063423777049395
2999.575124502180000	 0.063348888651217
2999.808083117010000	 0.063289973777893
3000.041041731830000	 0.063242028587677
3000.274000346660000	 0.063196016361507
3000.506958961490000	 0.063143513568248
3000.739917576310000	 0.063080757547131
3000.972876191140000	 0.063009970577943
3001.205834805970000	 0.062937411393534
3001.438793420790000	 0.062869454855672
3001.671752035620000	 0.062809046369676
3001.904710650440000	 0.062754545921182
3002.137669265270000	 0.062701517289098
3002.370627880100000	 0.062646291994772
3002.603586494920000	 0.062589112138982
3002.836545109750000	 0.062534902959147
3003.069503724580000	 0.062491105888264
3003.302462339400000	 0.062463714085777
3003.535420954230000	 0.062453699633810
3003.768379569050000	 0.062455829422636
3004.001338183880000	 0.062460587554622
3004.234296798710000	 0.062458278707071
3004.467255413530000	 0.062443254532659
3004.700214028360000	 0.062416176817030
3004.933172643180000	 0.062383306301178
3005.166131258010000	 0.062353361884795
3005.399089872840000	 0.062333647670842
3005.632048487660000	 0.062327305728060
3005.865007102490000	 0.062332753736983
3006.097965717320000	 0.062345155556406
3006.330924332140000	 0.062358833418001
3006.563882946970000	 0.062369316377478
3006.796841561790000	 0.062374242331437
3007.029800176620000	 0.062373177078861
3007.262758791450000	 0.062367012387595
3007.495717406270000	 0.062357604828785
3007.728676021100000	 0.062347808640455
3007.961634635930000	 0.062341478012042
3008.194593250750000	 0.062342835764756
3008.427551865580000	 0.062355001231066
3008.660510480400000	 0.062378190795979
3008.893469095230000	 0.062408632033424
3009.126427710060000	 0.062439133821563
3009.359386324880000	 0.062461486791452
3009.592344939710000	 0.062469821768885
3009.825303554530000	 0.062463337306282
3010.058262169360000	 0.062446910216968
3010.291220784190000	 0.062429087170907
3010.524179399010000	 0.062418342068084
3010.757138013840000	 0.062419479267889
3010.990096628670000	 0.062432048784584
3011.223055243490000	 0.062451581993350
3011.456013858320000	 0.062472925480887
3011.688972473140000	 0.062493786057893
3011.921931087970000	 0.062516462407377
3012.154889702800000	 0.062546748995199
3012.387848317620000	 0.062590617234244
3012.620806932450000	 0.062650574015203
3012.853765547280000	 0.062723806831756
3013.086724162100000	 0.062803233480184
3013.319682776930000	 0.062880950440529
3013.552641391750000	 0.062952209102924
3013.785600006580000	 0.063017695174014
3014.018558621410000	 0.063082781775055
3014.251517236230000	 0.063154118898916
3014.484475851060000	 0.063235452626223
3014.717434465890000	 0.063325031080937
3014.950393080710000	 0.063416078779963
3015.183351695540000	 0.063500121968844
3015.416310310360000	 0.063571380402310
3015.649268925190000	 0.063629859414061
3015.882227540020000	 0.063681494017640
3016.115186154840000	 0.063735315206633
3016.348144769670000	 0.063799211789216
3016.581103384490000	 0.063876545161026
3016.814061999320000	 0.063965290778156
3017.047020614150000	 0.064059911616183
3017.279979228970000	 0.064154664174639
3017.512937843800000	 0.064246332695820
3017.745896458630000	 0.064334865879095
3017.978855073450000	 0.064421757069398
3018.211813688280000	 0.064507429177920
3018.444772303100000	 0.064589490014351
3018.677730917930000	 0.064663159967655
3018.910689532760000	 0.064723803872236
3019.143648147580000	 0.064770144516321
3019.376606762410000	 0.064806200186135
3019.609565377240000	 0.064840616642172
3019.842523992060000	 0.064883522041324
3020.075482606890000	 0.064942469208529
3020.308441221710000	 0.065019583459873
3020.541399836540000	 0.065111380652560
3020.774358451370000	 0.065211248752307
3021.007317066190000	 0.065313137150771
3021.240275681020000	 0.065414383309722
3021.473234295850000	 0.065516174923581
3021.706192910670000	 0.065621573466565
3021.939151525500000	 0.065732471149407
3022.172110140320000	 0.065847459915633
3022.405068755150000	 0.065962011272872
3022.638027369980000	 0.066070951947484
3022.870985984800000	 0.066171791823977
3023.103944599630000	 0.066266847730665
3023.336903214450000	 0.066362699995167
3023.569861829280000	 0.066467016622003
3023.802820444110000	 0.066584320746806
3024.035779058930000	 0.066712955725121
3024.268737673760000	 0.066844931640535
3024.501696288590000	 0.066968846827837
3024.734654903410000	 0.067074479666301
3024.967613518240000	 0.067156791750733
3025.200572133060000	 0.067217437889657
3025.433530747890000	 0.067263246851380
3025.666489362720000	 0.067302733002448
3025.899447977540000	 0.067342609421077
3026.132406592370000	 0.067386033354142
3026.365365207200000	 0.067433160491331
3026.598323822020000	 0.067483237641111
3026.831282436850000	 0.067536685112436
3027.064241051670000	 0.067595807601760
3027.297199666500000	 0.067663758487257
3027.530158281330000	 0.067742533156904
3027.763116896150000	 0.067831369407535
3027.996075510980000	 0.067926644039185
3028.229034125800000	 0.068023393521256
3028.461992740630000	 0.068117562728670
3028.694951355460000	 0.068207623745239
3028.927909970280000	 0.068294588574671
3029.160868585110000	 0.068380434150821
3029.393827199940000	 0.068465946957727
3029.626785814760000	 0.068549359278049
3029.859744429590000	 0.068626668846742
3030.092703044410000	 0.068693510908215
3030.325661659240000	 0.068747506533251
3030.558620274070000	 0.068789711536639
3030.791578888890000	 0.068824322539483
3031.024537503720000	 0.068856838094073
3031.257496118550000	 0.068891772339382
3031.490454733370000	 0.068931214691250
3031.723413348200000	 0.068974919608296
3031.956371963020000	 0.069021604640661
3032.189330577850000	 0.069070377845739
3032.422289192680000	 0.069121193591078
3032.655247807500000	 0.069173980098733
3032.888206422330000	 0.069227123614430
3033.121165037160000	 0.069276631159110
3033.354123651980000	 0.069317046409413
3033.587082266810000	 0.069344136355119
3033.820040881630000	 0.069358106803557
3034.052999496460000	 0.069365432415124
3034.285958111290000	 0.069377811852011
3034.518916726110000	 0.069408169935118
3034.751875340940000	 0.069465287381309
3034.984833955760000	 0.069549583483131
3035.217792570590000	 0.069652216390663
3035.450751185420000	 0.069758134222069
3035.683709800240000	 0.069851774920802
3035.916668415070000	 0.069922767408592
3036.149627029900000	 0.069968969593526
3036.382585644720000	 0.069995566095212
3036.615544259550000	 0.070011020276486
3036.848502874370000	 0.070022269254358
3037.081461489200000	 0.070031776534266
3037.314420104030000	 0.070037845095220
3037.547378718850000	 0.070037679213994
3037.780337333680000	 0.070031135934915
3038.013295948510000	 0.070022766746475
3038.246254563330000	 0.070020800604120
3038.479213178160000	 0.070033554371449
3038.712171792980000	 0.070065290993376
3038.945130407810000	 0.070113880445356
3039.178089022640000	 0.070171597428665
3039.411047637460000	 0.070228640251669
3039.644006252290000	 0.070277470875017
3039.876964867120000	 0.070315675651106
3040.109923481940000	 0.070345952915690
3040.342882096770000	 0.070373521741853
3040.575840711590000	 0.070402706237843
3040.808799326420000	 0.070434807823719
3041.041757941250000	 0.070468454565143
3041.274716556070000	 0.070502008892580
3041.507675170900000	 0.070536298430948
3041.740633785720000	 0.070575696721285
3041.973592400550000	 0.070626578790467
3042.206551015380000	 0.070693823275051
3042.439509630200000	 0.070777325453731
3042.672468245030000	 0.070870632712694
3042.905426859860000	 0.070962722744666
3043.138385474680000	 0.071042236800222
3043.371344089510000	 0.071102109314355
3043.604302704330000	 0.071142281393826
3043.837261319160000	 0.071169228147177
3044.070219933990000	 0.071192783274166
3044.303178548810000	 0.071222158090695
3044.536137163640000	 0.071263284150232
3044.769095778470000	 0.071318580186285
3045.002054393290000	 0.071388645345971
3045.235013008120000	 0.071474198184108
3045.467971622940000	 0.071576526037248
3045.700930237770000	 0.071695828297079
3045.933888852600000	 0.071828451668304
3046.166847467420000	 0.071965088667145
3046.399806082250000	 0.072091794501353
3046.632764697070000	 0.072194205567562
3046.865723311900000	 0.072263413202110
3047.098681926730000	 0.072300664252800
3047.331640541550000	 0.072318245579060
3047.564599156380000	 0.072335620717406
3047.797557771210000	 0.072372284485139
3048.030516386030000	 0.072440556712935
3048.263475000860000	 0.072541637536792
3048.496433615680000	 0.072666629286614
3048.729392230510000	 0.072801770731548
3048.962350845340000	 0.072935108268580
3049.195309460160000	 0.073061273722543
3049.428268074990000	 0.073182227192988
3049.661226689820000	 0.073304097083280
3049.894185304640000	 0.073432322430116
3050.127143919470000	 0.073568015857486
3050.360102534290000	 0.073707495288847
3050.593061149120000	 0.073844935066951
3050.826019763950000	 0.073976249118103
3051.058978378770000	 0.074101681296131
3051.291936993600000	 0.074225479310363
3051.524895608430000	 0.074352899994510
3051.757854223250000	 0.074486474216553
3051.990812838080000	 0.074623920356470
3052.223771452900000	 0.074759083880201
3052.456730067730000	 0.074885432433817
3052.689688682560000	 0.075000053540058
3052.922647297380000	 0.075105730508917
3053.155605912210000	 0.075209770453433
3053.388564527030000	 0.075320202994104
3053.621523141860000	 0.075441581210248
3053.854481756690000	 0.075572900797879
3054.087440371510000	 0.075708928008489
3054.320398986340000	 0.075844206721817
3054.553357601170000	 0.075977366619058
3054.786316215990000	 0.076113057820783
3055.019274830820000	 0.076260137712250
3055.252233445640000	 0.076426931654225
3055.485192060470000	 0.076616184454963
3055.718150675300000	 0.076822625532092
3055.951109290120000	 0.077034695523016
3056.184067904950000	 0.077239703236078
3056.417026519780000	 0.077429757832303
3056.649985134600000	 0.077605323673656
3056.882943749430000	 0.077774499814925
3057.115902364250000	 0.077948472648351
3057.348860979080000	 0.078135691725643
3057.581819593910000	 0.078337959011630
3057.814778208730000	 0.078550459350982
3058.047736823560000	 0.078765493865027
3058.280695438390000	 0.078977597682533
3058.513654053210000	 0.079186998501360
3058.746612668040000	 0.079399419976923
3058.979571282860000	 0.079622439986604
3059.212529897690000	 0.079860655532427
3059.445488512520000	 0.080112572963989
3059.678447127340000	 0.080371083061198
3059.911405742170000	 0.080627249530827
3060.144364356990000	 0.080875163449793
3060.377322971820000	 0.081114936068288
3060.610281586650000	 0.081351963624245
3060.843240201470000	 0.081592828768693
3061.076198816300000	 0.081840274087757
3061.309157431130000	 0.082090325829331
3061.542116045950000	 0.082333465049407
3061.775074660780000	 0.082559418459401
3062.008033275600000	 0.082762986024870
3062.240991890430000	 0.082947574674520
3062.473950505260000	 0.083124265970272
3062.706909120080000	 0.083306716909488
3062.939867734910000	 0.083504556397763
3063.172826349740000	 0.083718810559502
3063.405784964560000	 0.083941784379323
3063.638743579390000	 0.084161392975199
3063.871702194210000	 0.084367513612420
3064.104660809040000	 0.084556841045666
3064.337619423870000	 0.084733604275324
3064.570578038690000	 0.084905880208500
3064.803536653520000	 0.085079750046582
3065.036495268340000	 0.085254732408057
3065.269453883170000	 0.085423155887276
3065.502412498000000	 0.085573897309904
3065.735371112820000	 0.085698464774888
3065.968329727650000	 0.085796080970379
3066.201288342480000	 0.085874963912296
3066.434246957300000	 0.085949111779410
3066.667205572130000	 0.086032339646194
3066.900164186960000	 0.086132670513569
3067.133122801780000	 0.086249761179774
3067.366081416610000	 0.086376233693654
3067.599040031430000	 0.086501687662689
3067.831998646260000	 0.086616935344591
3068.064957261090000	 0.086716244832224
3068.297915875910000	 0.086796865435785
3068.530874490740000	 0.086856878141748
3068.763833105560000	 0.086893349520444
3068.996791720390000	 0.086902330744277
3069.229750335220000	 0.086880794102873
3069.462708950040000	 0.086829119646626
3069.695667564870000	 0.086752210799471
3069.928626179700000	 0.086658104979934
3070.161584794520000	 0.086554576944038
3070.394543409350000	 0.086445656088806
3070.627502024170000	 0.086330242575863
3070.860460639000000	 0.086203878189641
3071.093419253830000	 0.086062831941815
3071.326377868650000	 0.085908114061742
3071.559336483480000	 0.085746819472526
3071.792295098300000	 0.085589580950808
3072.025253713130000	 0.085445166536656
3072.258212327960000	 0.085315061597824
3072.491170942780000	 0.085191133600357
3072.724129557610000	 0.085057997490504
3072.957088172440000	 0.084899265177754
3073.190046787260000	 0.084704761948387
3073.423005402090000	 0.084475171918251
3073.655964016910000	 0.084221842443201
3073.888922631740000	 0.083961988453562
3074.121881246570000	 0.083711877272544
3074.354839861390000	 0.083481423200520
3074.587798476220000	 0.083272584178961
3074.820757091050000	 0.083081723841915
3075.053715705870000	 0.082903965749658
3075.286674320700000	 0.082736682645226
3075.519632935520000	 0.082580080575299
3075.752591550350000	 0.082434833974854
3075.985550165180000	 0.082298678266869
3076.218508780000000	 0.082164585555650
3076.451467394830000	 0.082022220367925
3076.684426009660000	 0.081862354513580
3076.917384624480000	 0.081681984879447
3077.150343239310000	 0.081487196949653
3077.383301854130000	 0.081291845590056
3077.616260468960000	 0.081112361971380
3077.849219083790000	 0.080961144314179
3078.082177698610000	 0.080841793862405
3078.315136313440000	 0.080748493889414
3078.548094928260000	 0.080669682347034
3078.781053543090000	 0.080593998397985
3079.014012157920000	 0.080515412707053
3079.246970772740000	 0.080435035315016
3079.479929387570000	 0.080359000116695
3079.712888002400000	 0.080293956501283
3079.945846617220000	 0.080242848284911
3080.178805232050000	 0.080203258986439
3080.411763846870000	 0.080169000957634
3080.644722461700000	 0.080133783644353
3080.877681076530000	 0.080094720157462
3081.110639691350000	 0.080053671632505
3081.343598306180000	 0.080015791564962
3081.576556921010000	 0.079986271103332
3081.809515535830000	 0.079967221858839
3082.042474150660000	 0.079956379120368
3082.275432765480000	 0.079948130728068
3082.508391380310000	 0.079936043091394
3082.741349995140000	 0.079915341925363
3082.974308609960000	 0.079884068291621
3083.207267224790000	 0.079842628391338
3083.440225839610000	 0.079792504462418
3083.673184454440000	 0.079735310725261
3083.906143069270000	 0.079672928438748
3084.139101684090000	 0.079608489579011
3084.372060298920000	 0.079547187313711
3084.605018913750000	 0.079495846615776
3084.837977528570000	 0.079460966410971
3085.070936143400000	 0.079446046883621
3085.303894758220000	 0.079449687440510
3085.536853373050000	 0.079465693188775
3085.769811987880000	 0.079485367509455
3086.002770602700000	 0.079500914316923
3086.235729217530000	 0.079508177705687
3086.468687832360000	 0.079507269400798
3086.701646447180000	 0.079500857205095
3086.934605062010000	 0.079491313512262
3087.167563676830000	 0.079478655423658
3087.400522291660000	 0.079460731188642
3087.633480906490000	 0.079435653230668
3087.866439521310000	 0.079404907860302
3088.099398136140000	 0.079374877933677
3088.332356750970000	 0.079355232810683
3088.565315365790000	 0.079354470886079
3088.798273980620000	 0.079374796954975
3089.031232595440000	 0.079409292789820
3089.264191210270000	 0.079443427362900
3089.497149825100000	 0.079460761264429
3089.730108439920000	 0.079450365691141
3089.963067054750000	 0.079412275073783
3090.196025669570000	 0.079357999496578
3090.428984284400000	 0.079305529708516
3090.661942899230000	 0.079271142023694
3090.894901514050000	 0.079262040099199
3091.127860128880000	 0.079273465126757
3091.360818743710000	 0.079291597799715
3091.593777358530000	 0.079300611987205
3091.826735973360000	 0.079290165182839
3092.059694588180000	 0.079259507666985
3092.292653203010000	 0.079216331977907
3092.525611817840000	 0.079171402428809
3092.758570432660000	 0.079132245538996
3092.991529047490000	 0.079099502410301
3093.224487662320000	 0.079067850668307
3093.457446277140000	 0.079030719765482
3093.690404891970000	 0.078985850218205
3093.923363506790000	 0.078938282303585
3094.156322121620000	 0.078898871144476
3094.389280736450000	 0.078879041025636
3094.622239351270000	 0.078884665824918
3094.855197966100000	 0.078912441249947
3095.088156580930000	 0.078950699372212
3095.321115195750000	 0.078984179633199
3095.554073810580000	 0.079000177797014
3095.787032425400000	 0.078992881597313
3096.019991040230000	 0.078963895609985
3096.252949655060000	 0.078919241540473
3096.485908269880000	 0.078865101045999
3096.718866884710000	 0.078805054203907
3096.951825499540000	 0.078740332867102
3097.184784114360000	 0.078672485997173
3097.417742729190000	 0.078606177024829
3097.650701344010000	 0.078549657500520
3097.883659958840000	 0.078511943067784
3098.116618573670000	 0.078497962627464
3098.349577188490000	 0.078504532870773
3098.582535803320000	 0.078519893189430
3098.815494418140000	 0.078527723835851
3099.048453032970000	 0.078514049857228
3099.281411647800000	 0.078473604852832
3099.514370262620000	 0.078412197806290
3099.747328877450000	 0.078343582245368
3099.980287492280000	 0.078282288430137
3100.213246107100000	 0.078236159403493
3100.446204721930000	 0.078202581580683
3100.679163336750000	 0.078170456548202
3100.912121951580000	 0.078126880154556
3101.145080566410000	 0.078064918928696
3101.378039181230000	 0.077988200689020
3101.610997796060000	 0.077909703213065
3101.843956410880000	 0.077845270505903
3102.076915025710000	 0.077805252779667
3102.309873640540000	 0.077788661428938
3102.542832255360000	 0.077782881395169
3102.775790870190000	 0.077769093193318
3103.008749485020000	 0.077730650387797
3103.241708099840000	 0.077660218029892
3103.474666714670000	 0.077562248417513
3103.707625329490000	 0.077449916168862
3103.940583944320000	 0.077338501836657
3104.173542559150000	 0.077238806138163
3104.406501173970000	 0.077153746989064
3104.639459788800000	 0.077079283095442
3104.872418403630000	 0.077008442927642
3105.105377018450000	 0.076935794079050
3105.338335633280000	 0.076859862745929
3105.571294248100000	 0.076782573016326
3105.804252862930000	 0.076706690691447
3106.037211477760000	 0.076633346171078
3106.270170092580000	 0.076561392653679
3106.503128707410000	 0.076488948500636
3106.736087322230000	 0.076415919745798
3106.969045937060000	 0.076345581794597
3107.202004551890000	 0.076283868516483
3107.434963166710000	 0.076236509065746
3107.667921781540000	 0.076205604480597
3107.900880396370000	 0.076187715160357
3108.133839011190000	 0.076174734814455
3108.366797626020000	 0.076157230413197
3108.599756240840000	 0.076128465609007
3108.832714855670000	 0.076086871935215
3109.065673470500000	 0.076035605637558
3109.298632085320000	 0.075979543009602
3109.531590700150000	 0.075921580212437
3109.764549314980000	 0.075860483244031
3109.997507929800000	 0.075791565481543
3110.230466544630000	 0.075709750273404
3110.463425159450000	 0.075613118431806
3110.696383774280000	 0.075504709064647
3110.929342389110000	 0.075391367190819
3111.162301003930000	 0.075280227922015
3111.395259618760000	 0.075174904777224
3111.628218233590000	 0.075073700256273
3111.861176848410000	 0.074971024021441
3112.094135463240000	 0.074861341354070
3112.327094078060000	 0.074743442835010
3112.560052692890000	 0.074622524519981
3112.793011307720000	 0.074508730565695
3113.025969922540000	 0.074412805616028
3113.258928537370000	 0.074341163032551
3113.491887152200000	 0.074293025345659
3113.724845767020000	 0.074261159767592
3113.957804381850000	 0.074235776126336
3114.190762996670000	 0.074209451702662
3114.423721611500000	 0.074180425459572
3114.656680226330000	 0.074152564657595
3114.889638841150000	 0.074132208188373
3115.122597455980000	 0.074123819342254
3115.355556070800000	 0.074126941836477
3115.588514685630000	 0.074136086452096
3115.821473300460000	 0.074143446930534
3116.054431915280000	 0.074142754509533
3116.287390530110000	 0.074132018271303
3116.520349144940000	 0.074113666477317
3116.753307759760000	 0.074092221207596
3116.986266374590000	 0.074071101718546
3117.219224989410000	 0.074050576132041
3117.452183604240000	 0.074028059404335
3117.685142219070000	 0.074000436374791
3117.918100833890000	 0.073966804305814
3118.151059448720000	 0.073929761281802
3118.384018063550000	 0.073894294941516
3118.616976678370000	 0.073864883018337
3118.849935293200000	 0.073842618114753
3119.082893908020000	 0.073824254787160
3119.315852522850000	 0.073803988336560
3119.548811137680000	 0.073777140210933
3119.781769752500000	 0.073743679555758
3120.014728367330000	 0.073709409804359
3120.247686982150000	 0.073683840220253
3120.480645596980000	 0.073675611768900
3120.713604211810000	 0.073687766133426
3120.946562826630000	 0.073715297004763
3121.179521441460000	 0.073746248801324
3121.412480056290000	 0.073765819853913
3121.645438671110000	 0.073761460454383
3121.878397285940000	 0.073726585194378
3122.111355900760000	 0.073661411897780
3122.344314515590000	 0.073571059673597
3122.577273130420000	 0.073462420663719
3122.810231745240000	 0.073341673177054
3123.043190360070000	 0.073213518886848
3123.276148974900000	 0.073081898246581
3123.509107589720000	 0.072950945181190
3123.742066204550000	 0.072824909980984
3123.975024819370000	 0.072706707988344
3124.207983434200000	 0.072595996886357
3124.440942049030000	 0.072488362012095
3124.673900663850000	 0.072376771268136
3124.906859278680000	 0.072255138818508
3125.139817893510000	 0.072122389113982
3125.372776508330000	 0.071984747815982
3125.605735123160000	 0.071854623434998
3125.838693737980000	 0.071746160529736
3126.071652352810000	 0.071669411304740
3126.304610967640000	 0.071625975183963
3126.537569582460000	 0.071608320025343
3126.770528197290000	 0.071603143886481
3127.003486812120000	 0.071597052528466
3127.236445426940000	 0.071581627161516
3127.469404041770000	 0.071555324654073
3127.702362656590000	 0.071521456439859
3127.935321271420000	 0.071483747816737
3128.168279886250000	 0.071442361525005
3128.401238501070000	 0.071392946609892
3128.634197115900000	 0.071329433474796
3128.867155730720000	 0.071248994964355
3129.100114345550000	 0.071156137741329
3129.333072960380000	 0.071063149248191
3129.566031575200000	 0.070986045937938
3129.798990190030000	 0.070937708208187
3130.031948804860000	 0.070921587596801
3130.264907419680000	 0.070929255598254
3130.497866034510000	 0.070943204104802
3130.730824649330000	 0.070943698249841
3130.963783264160000	 0.070916461211261
3131.196741878990000	 0.070857585463496
3131.429700493810000	 0.070773551089345
3131.662659108640000	 0.070676794684400
3131.895617723470000	 0.070579471840927
3132.128576338290000	 0.070488691393169
3132.361534953120000	 0.070405342395045
3132.594493567940000	 0.070326466421814
3132.827452182770000	 0.070249193104208
3133.060410797600000	 0.070173588439720
3133.293369412420000	 0.070102672790431
3133.526328027250000	 0.070039760471661
3133.759286642070000	 0.069984993891107
3133.992245256900000	 0.069933470132898
3134.225203871730000	 0.069876417179857
3134.458162486550000	 0.069805052428272
3134.691121101380000	 0.069715104117780
3134.924079716210000	 0.069609457726765
3135.157038331030000	 0.069497338512437
3135.389996945860000	 0.069390323077162
3135.622955560680000	 0.069297179323677
3135.855914175510000	 0.069220102814414
3136.088872790340000	 0.069154115689316
3136.321831405160000	 0.069089751414919
3136.554790019990000	 0.069017560824913
3136.787748634810000	 0.068932235206353
3137.020707249640000	 0.068834573395309
3137.253665864470000	 0.068730798537848
3137.486624479290000	 0.068630059517435
3137.719583094120000	 0.068541575945339
3137.952541708950000	 0.068472580145544
3138.185500323770000	 0.068427360415480
3138.418458938600000	 0.068406971746807
3138.651417553420000	 0.068409026308397
3138.884376168250000	 0.068427421556626
3139.117334783080000	 0.068452489713366
3139.350293397900000	 0.068472303833764
3139.583252012730000	 0.068475449254003
3139.816210627560000	 0.068454631036533
3140.049169242380000	 0.068409601012544
3140.282127857210000	 0.068347705032205
3140.515086472030000	 0.068281205149934
3140.748045086860000	 0.068222122726644
3140.981003701690000	 0.068176805366851
3141.213962316510000	 0.068142826315468
3141.446920931340000	 0.068109845859075
3141.679879546170000	 0.068064166969556
3141.912838160990000	 0.067994868840979
3142.145796775820000	 0.067898561826365
3142.378755390640000	 0.067780472397163
3142.611714005470000	 0.067651466248397
3142.844672620300000	 0.067522745599652
3143.077631235120000	 0.067401107011139
3143.310589849950000	 0.067287176017288
3143.543548464780000	 0.067177258897444
3143.776507079600000	 0.067067396433671
3144.009465694430000	 0.066957005372764
3144.242424309250000	 0.066849814188562
3144.475382924080000	 0.066751470834280
3144.708341538910000	 0.066665254053394
3144.941300153730000	 0.066588534802779
3145.174258768560000	 0.066512297237920
3145.407217383380000	 0.066424347470278
3145.640175998210000	 0.066314755776792
3145.873134613040000	 0.066180737175420
3146.106093227860000	 0.066028351875988
3146.339051842690000	 0.065870071266382
3146.572010457520000	 0.065719491358415
3146.804969072340000	 0.065585981733871
3147.037927687170000	 0.065471980279460
3147.270886301990000	 0.065374092563441
3147.503844916820000	 0.065287043425187
3147.736803531650000	 0.065208004472315
3147.969762146470000	 0.065138693636520
3148.202720761300000	 0.065083985414038
3148.435679376130000	 0.065047833394333
3148.668637990950000	 0.065028907340517
3148.901596605780000	 0.065018587741017
3149.134555220600000	 0.065002749438948
3149.367513835430000	 0.064966786348346
3149.600472450260000	 0.064901616379529
3149.833431065080000	 0.064807843642819
3150.066389679910000	 0.064696145105652
3150.299348294740000	 0.064583798391821
3150.532306909560000	 0.064489038249757
3150.765265524390000	 0.064425696617684
3150.998224139210000	 0.064400096518982
3151.231182754040000	 0.064410887551023
3151.464141368870000	 0.064451183599464
3151.697099983690000	 0.064511608815673
3151.930058598520000	 0.064582909626396
3152.163017213340000	 0.064657445795234
3152.395975828170000	 0.064729638251922
3152.628934443000000	 0.064795856647441
3152.861893057820000	 0.064854132175453
3153.094851672650000	 0.064903721375533
3153.327810287480000	 0.064944328072327
3153.560768902300000	 0.064974958274419
3153.793727517130000	 0.064992828169800
3154.026686131950000	 0.064993079277899
3154.259644746780000	 0.064969905537448
3154.492603361610000	 0.064919008022170
3154.725561976430000	 0.064840399865819
3154.958520591260000	 0.064740039951443
3155.191479206090000	 0.064629036215782
3155.424437820910000	 0.064520271463366
3155.657396435740000	 0.064423748822982
3155.890355050560000	 0.064342874765149
3156.123313665390000	 0.064273652248147
3156.356272280220000	 0.064207382149525
3156.589230895040000	 0.064135675091604
3156.822189509870000	 0.064055310628301
3157.055148124690000	 0.063970448614775
3157.288106739520000	 0.063890997686099
3157.521065354350000	 0.063827952176309
3157.754023969170000	 0.063788125009398
3157.986982584000000	 0.063770998235407
3158.219941198830000	 0.063769224041243
3158.452899813650000	 0.063772330813291
3158.685858428480000	 0.063771513513114
3158.918817043300000	 0.063762906898281
3159.151775658130000	 0.063747710860640
3159.384734272960000	 0.063729422996002
3159.617692887780000	 0.063710138617708
3159.850651502610000	 0.063688379314267
3160.083610117440000	 0.063659911938536
3160.316568732260000	 0.063621127628038
3160.549527347090000	 0.063572880193822
3160.782485961910000	 0.063522226201985
3161.015444576740000	 0.063480595532378
3161.248403191570000	 0.063458984020812
3161.481361806390000	 0.063462592863947
3161.714320421220000	 0.063487827837197
3161.947279036050000	 0.063523410021932
3162.180237650870000	 0.063555193786455
3162.413196265700000	 0.063572309085193
3162.646154880520000	 0.063571505036461
3162.879113495350000	 0.063557509725543
3163.112072110180000	 0.063539377596646
3163.345030725000000	 0.063524968460685
3163.577989339830000	 0.063516634191248
3163.810947954650000	 0.063510376668000
3164.043906569480000	 0.063498715589776
3164.276865184310000	 0.063475438044194
3164.509823799130000	 0.063439424455658
3164.742782413960000	 0.063395382247418
3164.975741028790000	 0.063351196603727
3165.208699643610000	 0.063313608922247
3165.441658258440000	 0.063284851643650
3165.674616873260000	 0.063262188083730
3165.907575488090000	 0.063240498770921
3166.140534102920000	 0.063216218813640
3166.373492717740000	 0.063190131562776
3166.606451332570000	 0.063167234730193
3166.839409947390000	 0.063153713696569
3167.072368562220000	 0.063152881511102
3167.305327177050000	 0.063162637083978
3167.538285791870000	 0.063176120605797
3167.771244406700000	 0.063185337962646
3168.004203021530000	 0.063185705164456
3168.237161636350000	 0.063178797455608
3168.470120251180000	 0.063171521313933
3168.703078866000000	 0.063171989849250
3168.936037480830000	 0.063184374367405
3169.168996095660000	 0.063205711473073
3169.401954710480000	 0.063226621218955
3169.634913325310000	 0.063235718232752
3169.867871940140000	 0.063225387135380
3170.100830554960000	 0.063195724673073
3170.333789169790000	 0.063154369592409
3170.566747784610000	 0.063112208695862
3170.799706399440000	 0.063077285329921
3171.032665014270000	 0.063050270315775
3171.265623629090000	 0.063023998249173
3171.498582243920000	 0.062987349837374
3171.731540858750000	 0.062931413980330
3171.964499473570000	 0.062854648329392
3172.197458088400000	 0.062764334079494
3172.430416703220000	 0.062673683591103
3172.663375318050000	 0.062596323097129
3172.896333932880000	 0.062541157747659
3173.129292547700000	 0.062510149675429
3173.362251162530000	 0.062499704847532
3173.595209777360000	 0.062504306416248
3173.828168392180000	 0.062519915206811
3174.061127007010000	 0.062545072343080
3174.294085621830000	 0.062579295404910
3174.527044236660000	 0.062620217898543
3174.760002851490000	 0.062661805291411
3174.992961466310000	 0.062695330819171
3175.225920081140000	 0.062713007074216
3175.458878695960000	 0.062712319549239
3175.691837310790000	 0.062698332020917
3175.924795925620000	 0.062682103291632
3176.157754540440000	 0.062675486701674
3176.390713155270000	 0.062684762403356
3176.623671770100000	 0.062706456552688
3176.856630384920000	 0.062727762205258
3177.089588999750000	 0.062731692119606
3177.322547614570000	 0.062704665836455
3177.555506229400000	 0.062642923589882
3177.788464844230000	 0.062554691806056
3178.021423459050000	 0.062457167070677
3178.254382073880000	 0.062369966137336
3178.487340688710000	 0.062308262435549
3178.720299303530000	 0.062278607688841
3178.953257918360000	 0.062278733274520
3179.186216533180000	 0.062300515129741
3179.419175148010000	 0.062333913822818
3179.652133762840000	 0.062369715238967
3179.885092377660000	 0.062400157669383
3180.118050992490000	 0.062418177901586
3180.351009607320000	 0.062416959432648
3180.583968222140000	 0.062391112905480
3180.816926836970000	 0.062339420851615
3181.049885451790000	 0.062267571925246
3181.282844066620000	 0.062188727415017
3181.515802681450000	 0.062120610177555
3181.748761296270000	 0.062079695586035
3181.981719911100000	 0.062074900773468
3182.214678525920000	 0.062103772565097
3182.447637140750000	 0.062153153072387
3182.680595755580000	 0.062204186460135
3182.913554370400000	 0.062239422646312
3183.146512985230000	 0.062248764146867
3183.379471600060000	 0.062231656863030
3183.612430214880000	 0.062194941361321
3183.845388829710000	 0.062148040592346
3184.078347444530000	 0.062098361003003
3184.311306059360000	 0.062049287869059
3184.544264674190000	 0.062001367565790
3184.777223289010000	 0.061955304698718
3185.010181903840000	 0.061914398183000
3185.243140518670000	 0.061884548085574
3185.476099133490000	 0.061871643303825
3185.709057748320000	 0.061877925062805
3185.942016363140000	 0.061899681708928
3186.174974977970000	 0.061927903005384
3186.407933592800000	 0.061951769096822
3186.640892207620000	 0.061963120647167
3186.873850822450000	 0.061959386939147
3187.106809437270000	 0.061943298835934
3187.339768052100000	 0.061919649514572
3187.572726666930000	 0.061891219399546
3187.805685281750000	 0.061856561197285
3188.038643896580000	 0.061811236356803
3188.271602511410000	 0.061751937224142
3188.504561126230000	 0.061680981099597
3188.737519741060000	 0.061608108471340
3188.970478355880000	 0.061547820813586
3189.203436970710000	 0.061513042069354
3189.436395585540000	 0.061508228424129
3189.669354200360000	 0.061525750555272
3189.902312815190000	 0.061547942718852
3190.135271430020000	 0.061554372646081
3190.368230044840000	 0.061531094679470
3190.601188659670000	 0.061477372556219
3190.834147274490000	 0.061406385241306
3191.067105889320000	 0.061339366924790
3191.300064504150000	 0.061295952113361
3191.533023118970000	 0.061285379936580
3191.765981733800000	 0.061302688191174
3191.998940348630000	 0.061331483602484
3192.231898963450000	 0.061351667575210
3192.464857578280000	 0.061348198841524
3192.697816193100000	 0.061316696097727
3192.930774807930000	 0.061263545059667
3193.163733422760000	 0.061201131672437
3193.396692037580000	 0.061141205809878
3193.629650652410000	 0.061089937806804
3193.862609267230000	 0.061046865377100
3194.095567882060000	 0.061007585663636
3194.328526496890000	 0.060968053575079
3194.561485111710000	 0.060927724908504
3194.794443726540000	 0.060889769250167
3195.027402341370000	 0.060858500737635
3195.260360956190000	 0.060835844501466
3195.493319571020000	 0.060819119788887
3195.726278185840000	 0.060801520427240
3195.959236800670000	 0.060775035210552
3196.192195415500000	 0.060734145013448
3196.425154030320000	 0.060678246554205
3196.658112645150000	 0.060611572345269
3196.891071259980000	 0.060540864184412
3197.124029874800000	 0.060472276225805
3197.356988489630000	 0.060409222742241
3197.589947104450000	 0.060352103274167
3197.822905719280000	 0.060299605509522
3198.055864334110000	 0.060250377811135
3198.288822948930000	 0.060203803398692
3198.521781563760000	 0.060159386171806
3198.754740178590000	 0.060115336098950
3198.987698793410000	 0.060067597308549
3199.220657408240000	 0.060010363737565
3199.453616023060000	 0.059938200036702
3199.686574637890000	 0.059848804530302
3199.919533252720000	 0.059744894389313
3200.152491867540000	 0.059634046297087
3200.385450482370000	 0.059526416547094
3200.618409097190000	 0.059431427245315
3200.851367712020000	 0.059355018986243
3201.084326326850000	 0.059298656209763
3201.317284941670000	 0.059260239962947
3201.550243556500000	 0.059236071567803
3201.783202171330000	 0.059222587542051
3202.016160786150000	 0.059216954725301
3202.249119400980000	 0.059216507619428
3202.482078015800000	 0.059217831774174
3202.715036630630000	 0.059216500045061
3202.947995245460000	 0.059207927164241
3203.180953860280000	 0.059188899344705
3203.413912475110000	 0.059158686588807
3203.646871089940000	 0.059118742647823
3203.879829704760000	 0.059070868262196
3204.112788319590000	 0.059014845440822
3204.345746934410000	 0.058947172755994
3204.578705549240000	 0.058862134725405
3204.811664164070000	 0.058755148745473
3205.044622778890000	 0.058626850742261
3205.277581393720000	 0.058485581596706
3205.510540008540000	 0.058346403687594
3205.743498623370000	 0.058226431504266
3205.976457238200000	 0.058138274739080
3206.209415853020000	 0.058084600357477
3206.442374467850000	 0.058056472797035
3206.675333082680000	 0.058036396794986
3206.908291697500000	 0.058004785086802
3207.141250312330000	 0.057946998239544
3207.374208927150000	 0.057857913777321
3207.607167541980000	 0.057742284716103
3207.840126156810000	 0.057611281302955
3208.073084771630000	 0.057477398010722
3208.306043386460000	 0.057350357948235
3208.539002001290000	 0.057235616344630
3208.771960616110000	 0.057135311905557
3209.004919230940000	 0.057050137659711
3209.237877845760000	 0.056980368290361
3209.470836460590000	 0.056925233945200
3209.703795075420000	 0.056881295589232
3209.936753690240000	 0.056841458339408
3210.169712305070000	 0.056796073881209
3210.402670919900000	 0.056736306637827
3210.635629534720000	 0.056658341695893
3210.868588149550000	 0.056566094253732
3211.101546764370000	 0.056470512340807
3211.334505379200000	 0.056385268772462
3211.567463994030000	 0.056320704352309
3211.800422608850000	 0.056279043363216
3212.033381223680000	 0.056253376320125
3212.266339838500000	 0.056230958283122
3212.499298453330000	 0.056199102770549
3212.732257068160000	 0.056150598965750
3212.965215682980000	 0.056085881154298
3213.198174297810000	 0.056011016886169
3213.431132912640000	 0.055932965347398
3213.664091527460000	 0.055855097644438
3213.897050142290000	 0.055775722644506
3214.130008757110000	 0.055690468002821
3214.362967371940000	 0.055596951273281
3214.595925986770000	 0.055498652532248
3214.828884601590000	 0.055405196143665
3215.061843216420000	 0.055328297506168
3215.294801831250000	 0.055275304896738
3215.527760446070000	 0.055243958368578
3215.760719060900000	 0.055221617696351
3215.993677675720000	 0.055189935401722
3216.226636290550000	 0.055133013196919
3216.459594905380000	 0.055045060958462
3216.692553520200000	 0.054933603308401
3216.925512135030000	 0.054816458108621
3217.158470749860000	 0.054713945920197
3217.391429364680000	 0.054640271213969
3217.624387979510000	 0.054598331904695
3217.857346594330000	 0.054580256700239
3218.090305209160000	 0.054572908058935
3218.323263823990000	 0.054565075417342
3218.556222438810000	 0.054552400301937
3218.789181053640000	 0.054537558388914
3219.022139668460000	 0.054526046372227
3219.255098283290000	 0.054520449751271
3219.488056898120000	 0.054516826564728
3219.721015512940000	 0.054505458221002
3219.953974127770000	 0.054475581247892
3220.186932742600000	 0.054421349262091
3220.419891357420000	 0.054345504085245
3220.652849972250000	 0.054258516620105
3220.885808587070000	 0.054173583750894
3221.118767201900000	 0.054100276832015
3221.351725816730000	 0.054040375082405
3221.584684431550000	 0.053988090175774
3221.817643046380000	 0.053934347140876
3222.050601661210000	 0.053872507730401
3222.283560276030000	 0.053802169942174
3222.516518890860000	 0.053728873557352
3222.749477505680000	 0.053660008360257
3222.982436120510000	 0.053599494797374
3223.215394735340000	 0.053544518777542
3223.448353350160000	 0.053486360555692
3223.681311964990000	 0.053414935587446
3223.914270579810000	 0.053324467995978
3224.147229194640000	 0.053217000520238
3224.380187809470000	 0.053101660010030
3224.613146424290000	 0.052990078400664
3224.846105039120000	 0.052890633983546
3225.079063653950000	 0.052804847532501
3225.312022268770000	 0.052727966078066
3225.544980883600000	 0.052653293642488
3225.777939498420000	 0.052577602511489
3226.010898113250000	 0.052504244468985
3226.243856728080000	 0.052441846720377
3226.476815342900000	 0.052399068572094
3226.709773957730000	 0.052378309594529
3226.942732572560000	 0.052372053139446
3227.175691187380000	 0.052364237441869
3227.408649802210000	 0.052336399920385
3227.641608417030000	 0.052275748753683
3227.874567031860000	 0.052181142695376
3228.107525646690000	 0.052063889169390
3228.340484261510000	 0.051942882274408
3228.573442876340000	 0.051836475925622
3228.806401491170000	 0.051755025598521
3229.039360105990000	 0.051697479678830
3229.272318720820000	 0.051653219076806
3229.505277335640000	 0.051607767522744
3229.738235950470000	 0.051549311956089
3229.971194565300000	 0.051472946404285
3230.204153180120000	 0.051381081669972
3230.437111794950000	 0.051280601182675
3230.670070409770000	 0.051178849917037
3230.903029024600000	 0.051080676197378
3231.135987639430000	 0.050987669809466
3231.368946254250000	 0.050899277634053
3231.601904869080000	 0.050814526173386
3231.834863483910000	 0.050733105316997
3232.067822098730000	 0.050655391002159
3232.300780713560000	 0.050581931108553
3232.533739328380000	 0.050513285488922
3232.766697943210000	 0.050450658367099
3232.999656558040000	 0.050396863718630
3233.232615172860000	 0.050356530639030
3233.465573787690000	 0.050334646942206
3233.698532402520000	 0.050333568530212
3233.931491017340000	 0.050349877041912
3234.164449632170000	 0.050373072364777
3234.397408246990000	 0.050387503406642
3234.630366861820000	 0.050377359695974
3234.863325476650000	 0.050332778827623
3235.096284091470000	 0.050254163264671
3235.329242706300000	 0.050152315810905
3235.562201321130000	 0.050043925644847
3235.795159935950000	 0.049944330789992
3236.028118550780000	 0.049860995425389
3236.261077165600000	 0.049790863226007
3236.494035780430000	 0.049722813386480
3236.726994395260000	 0.049643887827436
3236.959953010080000	 0.049546085087851
3237.192911624910000	 0.049430286909047
3237.425870239730000	 0.049305458251927
3237.658828854560000	 0.049183824466213
3237.891787469390000	 0.049074839684445
3238.124746084210000	 0.048981225979479
3238.357704699040000	 0.048899005823378
3238.590663313870000	 0.048821139244409
3238.823621928690000	 0.048742419715208
3239.056580543520000	 0.048662718201472
3239.289539158340000	 0.048586767142865
3239.522497773170000	 0.048520784779964
3239.755456388000000	 0.048468089508303
3239.988415002820000	 0.048426356545724
3240.221373617650000	 0.048388107279968
3240.454332232480000	 0.048344102197100
3240.687290847300000	 0.048287654549591
3240.920249462130000	 0.048217413208457
3241.153208076950000	 0.048137137710910
3241.386166691780000	 0.048052826136576
3241.619125306610000	 0.047969120728432
3241.852083921430000	 0.047887232987749
3242.085042536260000	 0.047805542556698
3242.318001151080000	 0.047722255709140
3242.550959765910000	 0.047638159450764
3242.783918380740000	 0.047557405715213
3243.016876995560000	 0.047485503018104
3243.249835610390000	 0.047425545420442
3243.482794225220000	 0.047375007869885
3243.715752840040000	 0.047325335451056
3243.948711454870000	 0.047265067402047
3244.181670069690000	 0.047185197509767
3244.414628684520000	 0.047084030283711
3244.647587299350000	 0.046968818601078
3244.880545914170000	 0.046853069009373
3245.113504529000000	 0.046750740436496
3245.346463143830000	 0.046670278302308
3245.579421758650000	 0.046611506086739
3245.812380373480000	 0.046566831594443
3246.045338988300000	 0.046525927436922
3246.278297603130000	 0.046481247472170
3246.511256217960000	 0.046431382150560
3246.744214832780000	 0.046380544314155
3246.977173447610000	 0.046334709044629
3247.210132062440000	 0.046296806259603
3247.443090677260000	 0.046263794369179
3247.676049292090000	 0.046227258000690
3247.909007906910000	 0.046177143162083
3248.141966521740000	 0.046106524590382
3248.374925136570000	 0.046014807175732
3248.607883751390000	 0.045907740656292
3248.840842366220000	 0.045794489749397
3249.073800981040000	 0.045683619554790
3249.306759595870000	 0.045580263512244
3249.539718210700000	 0.045485782150443
3249.772676825520000	 0.045399586803868
3250.005635440350000	 0.045321517682668
3250.238594055180000	 0.045252975090205
3250.471552670000000	 0.045195982114630
3250.704511284830000	 0.045150865205948
3250.937469899650000	 0.045114284091816
3251.170428514480000	 0.045079227774131
3251.403387129310000	 0.045037382757122
3251.636345744130000	 0.044982728591446
3251.869304358960000	 0.044914287403626
3252.102262973790000	 0.044836272168433
3252.335221588610000	 0.044755349958484
3252.568180203440000	 0.044676518877851
3252.801138818260000	 0.044600060499936
3253.034097433090000	 0.044521507302649
3253.267056047920000	 0.044434818645331
3253.500014662740000	 0.044336996374792
3253.732973277570000	 0.044231341215068
3253.965931892400000	 0.044127130163589
3254.198890507220000	 0.044035480665446
3254.431849122050000	 0.043963471692368
3254.664807736870000	 0.043909821076682
3254.897766351700000	 0.043864774718649
3255.130724966530000	 0.043814663312252
3255.363683581350000	 0.043749011524361
3255.596642196180000	 0.043666518423765
3255.829600811000000	 0.043576577551629
3256.062559425830000	 0.043495231444637
3256.295518040660000	 0.043437427071386
3256.528476655480000	 0.043409470667835
3256.761435270310000	 0.043405506925486
3256.994393885140000	 0.043409768340804
3257.227352499960000	 0.043403432496860
3257.460311114790000	 0.043372667666422
3257.693269729610000	 0.043313929223454
3257.926228344440000	 0.043234056345791
3258.159186959270000	 0.043145454549695
3258.392145574090000	 0.043059142432988
3258.625104188920000	 0.042979327676446
3258.858062803750000	 0.042902086843580
3259.091021418570000	 0.042818412361620
3259.323980033400000	 0.042719661015164
3259.556938648220000	 0.042602412280445
3259.789897263050000	 0.042470357912985
3260.022855877880000	 0.042332648213134
3260.255814492700000	 0.042200013722600
3260.488773107530000	 0.042080886753232
3260.721731722350000	 0.041979300106723
3260.954690337180000	 0.041895028425117
3261.187648952010000	 0.041825160263176
3261.420607566830000	 0.041765769543203
3261.653566181660000	 0.041712771090944
3261.886524796490000	 0.041661984012569
3262.119483411310000	 0.041609168401322
3262.352442026140000	 0.041550801821892
3262.585400640960000	 0.041485628892614
3262.818359255790000	 0.041416095276046
3263.051317870620000	 0.041348383111518
3263.284276485440000	 0.041290310417813
3263.517235100270000	 0.041247628655619
3263.750193715100000	 0.041220469042372
3263.983152329920000	 0.041201991322686
3264.216110944750000	 0.041180353350126
3264.449069559570000	 0.041143392550482
3264.682028174400000	 0.041083830928595
3264.914986789230000	 0.041002300264593
3265.147945404050000	 0.040906452457166
3265.380904018880000	 0.040806487403267
3265.613862633710000	 0.040709478265084
3265.846821248530000	 0.040615660439529
3266.079779863360000	 0.040518843955074
3266.312738478180000	 0.040410847771578
3266.545697093010000	 0.040287578279358
3266.778655707840000	 0.040153321167147
3267.011614322660000	 0.040020619958947
3267.244572937490000	 0.039905444623240
3267.477531552310000	 0.039819961133971
3267.710490167140000	 0.039766594858396
3267.943448781970000	 0.039736447536971
3268.176407396790000	 0.039712887421709
3268.409366011620000	 0.039678532205294
3268.642324626450000	 0.039622216429039
3268.875283241270000	 0.039542682126845
3269.108241856100000	 0.039447569787440
3269.341200470920000	 0.039348801489511
3269.574159085750000	 0.039257191798057
3269.807117700580000	 0.039179128568577
3270.040076315400000	 0.039116577489549
3270.273034930230000	 0.039069550001986
3270.505993545060000	 0.039038795705890
3270.738952159880000	 0.039026587681316
3270.971910774710000	 0.039034931401862
3271.204869389530000	 0.039062399286400
3271.437828004360000	 0.039101867011765
3271.670786619190000	 0.039141017822994
3271.903745234010000	 0.039165849567057
3272.136703848840000	 0.039165556416675
3272.369662463670000	 0.039136178352211
3272.602621078490000	 0.039080961115808
3272.835579693320000	 0.039007227193092
3273.068538308140000	 0.038921649581971
3273.301496922970000	 0.038826820591127
3273.534455537800000	 0.038721243402172
3273.767414152620000	 0.038602782206949
3274.000372767450000	 0.038473415975173
3274.233331382270000	 0.038342135601717
3274.466289997100000	 0.038223673504280
3274.699248611930000	 0.038133103695798
3274.932207226750000	 0.038078877981781
3275.165165841580000	 0.038058014166415
3275.398124456410000	 0.038056176214338
3275.631083071230000	 0.038052838977800
3275.864041686060000	 0.038029044165050
3276.097000300880000	 0.037973883354079
3276.329958915710000	 0.037886556660008
3276.562917530540000	 0.037773338851762
3276.795876145360000	 0.037641679276346
3277.028834760190000	 0.037495257592075
3277.261793375020000	 0.037333136081721
3277.494751989840000	 0.037153583524554
3277.727710604670000	 0.036960171604071
3277.960669219490000	 0.036766068411846
3278.193627834320000	 0.036593133036569
3278.426586449150000	 0.036465231675177
3278.659545063970000	 0.036398598997929
3278.892503678800000	 0.036394032839319
3279.125462293620000	 0.036435069889294
3279.358420908450000	 0.036493438039838
3279.591379523280000	 0.036539538960030
3279.824338138100000	 0.036553217072328
3280.057296752930000	 0.036529855693257
3280.290255367760000	 0.036479137325517
3280.523213982580000	 0.036417524383867
3280.756172597410000	 0.036358641775286
3280.989131212240000	 0.036306544584623
3281.222089827060000	 0.036255014152569
3281.455048441890000	 0.036192699239788
3281.688007056710000	 0.036110902282101
3281.920965671540000	 0.036009611922820
3282.153924286370000	 0.035898565694192
3282.386882901190000	 0.035792989525073
3282.619841516020000	 0.035706539863502
3282.852800130840000	 0.035645255685572
3283.085758745670000	 0.035605466326806
3283.318717360500000	 0.035576305579632
3283.551675975320000	 0.035545098652564
3283.784634590150000	 0.035502636624998
3284.017593204980000	 0.035445796325584
3284.250551819800000	 0.035376743456453
3284.483510434630000	 0.035299948484358
3284.716469049450000	 0.035219241865379
3284.949427664280000	 0.035136644421264
3285.182386279110000	 0.035053210507326
3285.415344893930000	 0.034970660561444
3285.648303508760000	 0.034892088869638
3285.881262123580000	 0.034820798350978
3286.114220738410000	 0.034757806455170
3286.347179353240000	 0.034699761863801
3286.580137968060000	 0.034639075072043
3286.813096582890000	 0.034566896719911
3287.046055197720000	 0.034477836175928
3287.279013812540000	 0.034374014014740
3287.511972427370000	 0.034266018709886
3287.744931042190000	 0.034169760075297
3287.977889657020000	 0.034100370566595
3288.210848271850000	 0.034065954295740
3288.443806886670000	 0.034064149870090
3288.676765501500000	 0.034083090709817
3288.909724116330000	 0.034106202304907
3289.142682731150000	 0.034118472136408
3289.375641345980000	 0.034111243681167
3289.608599960800000	 0.034083506528489
3289.841558575630000	 0.034039584692949
3290.074517190460000	 0.033984978850506
3290.307475805280000	 0.033922860568724
3290.540434420110000	 0.033853025236514
3290.773393034940000	 0.033773514187843
3291.006351649760000	 0.033683584225794
3291.239310264590000	 0.033586070757188
3291.472268879410000	 0.033487737238491
3291.705227494240000	 0.033397510329567
3291.938186109070000	 0.033323710962723
3292.171144723890000	 0.033271781161943
3292.404103338720000	 0.033243449232706
3292.637061953540000	 0.033237252975965
3292.870020568370000	 0.033249555424073
3293.102979183200000	 0.033275122337012
3293.335937798020000	 0.033306978032864
3293.568896412850000	 0.033336128311448
3293.801855027680000	 0.033352176851848
3294.034813642500000	 0.033345480205832
3294.267772257330000	 0.033310445164906
3294.500730872150000	 0.033248489997841
3294.733689486980000	 0.033168809234238
3294.966648101810000	 0.033085833801768
3295.199606716630000	 0.033013931029416
3295.432565331460000	 0.032961535889229
3295.665523946290000	 0.032927500566629
3295.898482561110000	 0.032901549969211
3296.131441175940000	 0.032868789262218
3296.364399790760000	 0.032816232544346
3296.597358405590000	 0.032738300295351
3296.830317020420000	 0.032638715165986
3297.063275635240000	 0.032528045324846
3297.296234250070000	 0.032418380371866
3297.529192864890000	 0.032318031046562
3297.762151479720000	 0.032228937526168
3297.995110094550000	 0.032147840681371
3298.228068709370000	 0.032070185127100
3298.461027324200000	 0.031994309115861
3298.693985939030000	 0.031923450894607
3298.926944553850000	 0.031864443456448
3299.159903168680000	 0.031823901135703
3299.392861783500000	 0.031804097321606
3299.625820398330000	 0.031800822554375
3299.858779013160000	 0.031804343652427
3300.091737627980000	 0.031802895160496
3300.324696242810000	 0.031786854447367
3300.557654857640000	 0.031751531487674
3300.790613472460000	 0.031697418072891
3301.023572087290000	 0.031628222734420
3301.256530702110000	 0.031548160308749
3301.489489316940000	 0.031460109455092
3301.722447931770000	 0.031365419783685
3301.955406546590000	 0.031264970406191
3302.188365161420000	 0.031160327299659
3302.421323776250000	 0.031053964111712
3302.654282391070000	 0.030948370996639
3302.887241005900000	 0.030844852629815
3303.120199620720000	 0.030743192925888
3303.353158235550000	 0.030642835185697
3303.586116850380000	 0.030545114292167
3303.819075465200000	 0.030455111683470
3304.052034080030000	 0.030381570164529
3304.284992694850000	 0.030334227825356
3304.517951309680000	 0.030319464712007
3304.750909924510000	 0.030336376723156
3304.983868539330000	 0.030375475807790
3305.216827154160000	 0.030421027672115
3305.449785768990000	 0.030456211529498
3305.682744383810000	 0.030468799537992
3305.915702998640000	 0.030454705447586
3306.148661613460000	 0.030417795561194
3306.381620228290000	 0.030366312090712
3306.614578843120000	 0.030308054768423
3306.847537457940000	 0.030247027868336
3307.080496072770000	 0.030183245575383
3307.313454687600000	 0.030115426131816
3307.546413302420000	 0.030044555619584
3307.779371917250000	 0.029975775067960
3308.012330532070000	 0.029917073220139
3308.245289146900000	 0.029875294377277
3308.478247761730000	 0.029851781806115
3308.711206376550000	 0.029840422957443
3308.944164991380000	 0.029829628739399
3309.177123606210000	 0.029807566386455
3309.410082221030000	 0.029768008320649
3309.643040835860000	 0.029713559643282
3309.875999450680000	 0.029654236864217
3310.108958065510000	 0.029601875745663
3310.341916680340000	 0.029563269472645
3310.574875295160000	 0.029535806330607
3310.807833909990000	 0.029508126064247
3311.040792524820000	 0.029465657895166
3311.273751139640000	 0.029398289714491
3311.506709754470000	 0.029306199080053
3311.739668369290000	 0.029200712185993
3311.972626984120000	 0.029099595896213
3312.205585598950000	 0.029019107282789
3312.438544213770000	 0.028966789614439
3312.671502828600000	 0.028938502648119
3312.904461443420000	 0.028920890431349
3313.137420058250000	 0.028897739081935
3313.370378673080000	 0.028856882908237
3313.603337287900000	 0.028794331597508
3313.836295902730000	 0.028714036881038
3314.069254517560000	 0.028624179697214
3314.302213132380000	 0.028532601905129
3314.535171747210000	 0.028444064881650
3314.768130362030000	 0.028360505268101
3315.001088976860000	 0.028283410355809
3315.234047591690000	 0.028216110193610
3315.467006206510000	 0.028163951680865
3315.699964821340000	 0.028131850633475
3315.932923436160000	 0.028120629085586
3316.165882050990000	 0.028124598483470
3316.398840665820000	 0.028132359991899
3316.631799280640000	 0.028131034443982
3316.864757895470000	 0.028112097541958
3317.097716510300000	 0.028075824795713
3317.330675125120000	 0.028031788991119
3317.563633739950000	 0.027994805259761
3317.796592354770000	 0.027978152672658
3318.029550969600000	 0.027987395167270
3318.262509584430000	 0.028017813413271
3318.495468199250000	 0.028056577310903
3318.728426814080000	 0.028088401423579
3318.961385428910000	 0.028101756508398
3319.194344043730000	 0.028092581439072
3319.427302658560000	 0.028063914035035
3319.660261273380000	 0.028022128084340
3319.893219888210000	 0.027972227151923
3320.126178503040000	 0.027914923480598
3320.359137117860000	 0.027846980977366
3320.592095732690000	 0.027764348357162
3320.825054347520000	 0.027666067177600
3321.058012962340000	 0.027556621454532
3321.290971577170000	 0.027445417651197
3321.523930191990000	 0.027343786038977
3321.756888806820000	 0.027261218175931
3321.989847421650000	 0.027202745197208
3322.222806036470000	 0.027168445403270
3322.455764651300000	 0.027154736649349
3322.688723266120000	 0.027156194211482
3322.921681880950000	 0.027166637025218
3323.154640495780000	 0.027179067695789
3323.387599110600000	 0.027185134280395
3323.620557725430000	 0.027175342774300
3323.853516340260000	 0.027140865030020
3324.086474955080000	 0.027076655499839
3324.319433569910000	 0.026984410736791
3324.552392184730000	 0.026873479291360
3324.785350799560000	 0.026758587051192
3325.018309414390000	 0.026654892862711
3325.251268029210000	 0.026572478094100
3325.484226644040000	 0.026512887270160
3325.717185258870000	 0.026469421899460
3325.950143873690000	 0.026431057374344
3326.183102488520000	 0.026388076214620
3326.416061103340000	 0.026336682314764
3326.649019718170000	 0.026280419687579
3326.881978333000000	 0.026227920816769
3327.114936947820000	 0.026188434284617
3327.347895562650000	 0.026167617134745
3327.580854177480000	 0.026165668186244
3327.813812792300000	 0.026178379112249
3328.046771407130000	 0.026200029907696
3328.279730021950000	 0.026226163544962
3328.512688636780000	 0.026254575979495
3328.745647251610000	 0.026284132472115
3328.978605866430000	 0.026312484479521
3329.211564481260000	 0.026334495860218
3329.444523096080000	 0.026342738214698
3329.677481710910000	 0.026330082208922
3329.910440325740000	 0.026293016918437
3330.143398940560000	 0.026233716538889
3330.376357555390000	 0.026159457291573
3330.609316170220000	 0.026079488859062
3330.842274785040000	 0.026000993138862
3331.075233399870000	 0.025926346146481
3331.308192014690000	 0.025853160975414
3331.541150629520000	 0.025776996302312
3331.774109244350000	 0.025695111129439
3332.007067859170000	 0.025609077294236
3332.240026474000000	 0.025524749653911
3332.472985088830000	 0.025449664578544
3332.705943703650000	 0.025389461742263
3332.938902318480000	 0.025345458468103
3333.171860933300000	 0.025314733184624
3333.404819548130000	 0.025292510028330
3333.637778162960000	 0.025275244214042
3333.870736777780000	 0.025262406589822
3334.103695392610000	 0.025255802403605
3334.336654007430000	 0.025256860786189
3334.569612622260000	 0.025263716728343
3334.802571237090000	 0.025270173497455
3335.035529851910000	 0.025267571015071
3335.268488466740000	 0.025248815500997
3335.501447081570000	 0.025212384175616
3335.734405696390000	 0.025163873305954
3335.967364311220000	 0.025113857315740
3336.200322926040000	 0.025072893179061
3336.433281540870000	 0.025046243745058
3336.666240155700000	 0.025031207455676
3336.899198770520000	 0.025018591850212
3337.132157385350000	 0.024997626275933
3337.365116000180000	 0.024961719367001
3337.598074615000000	 0.024911947862743
3337.831033229830000	 0.024856340323780
3338.063991844650000	 0.024805325990205
3338.296950459480000	 0.024765883505423
3338.529909074310000	 0.024737669112678
3338.762867689130000	 0.024713288153584
3338.995826303960000	 0.024682569322032
3339.228784918790000	 0.024638510531570
3339.461743533610000	 0.024581663514672
3339.694702148440000	 0.024520590688940
3339.927660763260000	 0.024468193430239
3340.160619378090000	 0.024435942278246
3340.393577992920000	 0.024429046438978
3340.626536607740000	 0.024444871071623
3340.859495222570000	 0.024474993099199
3341.092453837400000	 0.024509333574004
3341.325412452220000	 0.024539875596580
3341.558371067050000	 0.024562027739132
3341.791329681870000	 0.024573363290046
3342.024288296700000	 0.024571223746360
3342.257246911530000	 0.024551402867971
3342.490205526350000	 0.024509352219643
3342.723164141180000	 0.024443551969356
3342.956122756000000	 0.024358985965931
3343.189081370830000	 0.024268144357701
3343.422039985660000	 0.024188106402984
3343.654998600480000	 0.024134491202123
3343.887957215310000	 0.024115075409352
3344.120915830140000	 0.024126380981830
3344.353874444960000	 0.024155179319233
3344.586833059790000	 0.024184393092249
3344.819791674610000	 0.024200606438407
3345.052750289440000	 0.024199481176830
3345.285708904270000	 0.024186359957001
3345.518667519090000	 0.024171819812984
3345.751626133920000	 0.024164626962149
3345.984584748750000	 0.024165918244956
3346.217543363570000	 0.024167734150266
3346.450501978400000	 0.024156696229069
3346.683460593220000	 0.024120923923843
3346.916419208050000	 0.024056588633112
3347.149377822880000	 0.023970674199683
3347.382336437700000	 0.023878500830324
3347.615295052530000	 0.023797304505354
3347.848253667350000	 0.023739112404022
3348.081212282180000	 0.023706306635567
3348.314170897010000	 0.023691727302268
3348.547129511830000	 0.023682891883736
3348.780088126660000	 0.023668049164654
3349.013046741490000	 0.023641164396580
3349.246005356310000	 0.023603755096123
3349.478963971140000	 0.023563238521968
3349.711922585960000	 0.023529102686801
3349.944881200790000	 0.023508915822995
3350.177839815620000	 0.023505779057887
3350.410798430440000	 0.023517798567970
3350.643757045270000	 0.023539193678576
3350.876715660090000	 0.023562210710584
3351.109674274920000	 0.023579121931145
3351.342632889750000	 0.023583971464312
3351.575591504570000	 0.023573998142111
3351.808550119400000	 0.023550603191825
3352.041508734230000	 0.023519458337587
3352.274467349050000	 0.023489240542702
3352.507425963880000	 0.023468860322310
3352.740384578700000	 0.023463880767068
3352.973343193530000	 0.023473615051735
3353.206301808360000	 0.023490508951395
3353.439260423180000	 0.023502583752848
3353.672219038010000	 0.023498262049603
3353.905177652840000	 0.023471561896416
3354.138136267660000	 0.023425161777827
3354.371094882490000	 0.023369603929039
3354.604053497310000	 0.023318719723484
3354.837012112140000	 0.023283364115997
3355.069970726970000	 0.023266569900539
3355.302929341790000	 0.023262578960084
3355.535887956620000	 0.023260195393595
3355.768846571450000	 0.023248654502775
3356.001805186270000	 0.023222911761982
3356.234763801100000	 0.023185596243485
3356.467722415920000	 0.023144703293264
3356.700681030750000	 0.023108473726434
3356.933639645580000	 0.023080471151886
3357.166598260400000	 0.023057681267306
3357.399556875230000	 0.023032637550685
3357.632515490060000	 0.022998219145332
3357.865474104880000	 0.022952217154340
3358.098432719710000	 0.022898892819630
3358.331391334530000	 0.022846520645479
3358.564349949360000	 0.022802339816043
3358.797308564190000	 0.022767968594436
3359.030267179010000	 0.022738138210159
3359.263225793840000	 0.022703680416538
3359.496184408660000	 0.022657194923246
3359.729143023490000	 0.022598161782343
3359.962101638320000	 0.022534414821141
3360.195060253140000	 0.022478872076692
3360.428018867970000	 0.022443177346472
3360.660977482800000	 0.022431802116868
3360.893936097620000	 0.022439989759651
3361.126894712450000	 0.022456772814405
3361.359853327270000	 0.022471418658618
3361.592811942100000	 0.022479665535239
3361.825770556930000	 0.022486111578262
3362.058729171750000	 0.022501209933329
3362.291687786580000	 0.022534425083834
3362.524646401410000	 0.022587422993930
3362.757605016230000	 0.022651280493182
3362.990563631060000	 0.022709522937727
3363.223522245880000	 0.022745576250494
3363.456480860710000	 0.022750699393598
3363.689439475540000	 0.022728019428492
3363.922398090360000	 0.022690294765594
3364.155356705190000	 0.022652514315762
3364.388315320020000	 0.022623419686200
3364.621273934840000	 0.022600712663945
3364.854232549670000	 0.022572691575023
3365.087191164490000	 0.022525538507165
3365.320149779320000	 0.022452361922065
3365.553108394150000	 0.022359011296066
3365.786067008970000	 0.022263278879738
3366.019025623800000	 0.022187654999403
3366.251984238620000	 0.022149349978046
3366.484942853450000	 0.022152770495619
3366.717901468280000	 0.022188251797610
3366.950860083100000	 0.022237505784017
3367.183818697930000	 0.022282789337849
3367.416777312760000	 0.022314965111019
3367.649735927580000	 0.022336341410675
3367.882694542410000	 0.022357099297250
3368.115653157230000	 0.022387635145576
3368.348611772060000	 0.022431245057341
3368.581570386890000	 0.022481140953545
3368.814529001710000	 0.022523250402474
3369.047487616540000	 0.022543109085447
3369.280446231370000	 0.022533041829042
3369.513404846190000	 0.022495802525907
3369.746363461020000	 0.022442903607120
3369.979322075840000	 0.022388827840473
3370.212280690670000	 0.022344433293962
3370.445239305500000	 0.022312980034559
3370.678197920320000	 0.022290466387906
3370.911156535150000	 0.022269518453779
3371.144115149970000	 0.022244290106848
3371.377073764800000	 0.022213589993411
3371.610032379630000	 0.022180785374886
3371.842990994450000	 0.022151070782806
3372.075949609280000	 0.022128160820985
3372.308908224110000	 0.022112534398912
3372.541866838930000	 0.022102131384061
3372.774825453760000	 0.022094744334403
3373.007784068580000	 0.022090278457765
3373.240742683410000	 0.022091197755994
3373.473701298240000	 0.022100729315170
3373.706659913060000	 0.022119946449507
3373.939618527890000	 0.022145673607641
3374.172577142720000	 0.022170727801833
3374.405535757540000	 0.022186628688132
3374.638494372370000	 0.022187420491736
3374.871452987190000	 0.022172529004135
3375.104411602020000	 0.022147074284440
3375.337370216850000	 0.022119519827044
3375.570328831670000	 0.022098069639754
3375.803287446500000	 0.022087842804650
3376.036246061330000	 0.022090189183687
3376.269204676150000	 0.022104045809377
3376.502163290980000	 0.022127931777290
3376.735121905800000	 0.022160858422513
3376.968080520630000	 0.022201307762651
3377.201039135460000	 0.022244972337227
3377.433997750280000	 0.022283140593443
3377.666956365110000	 0.022303602155600
3377.899914979930000	 0.022294627013201
3378.132873594760000	 0.022250639276450
3378.365832209590000	 0.022176756656845
3378.598790824410000	 0.022089351464464
3378.831749439240000	 0.022011483068644
3379.064708054070000	 0.021964706785502
3379.297666668890000	 0.021960865121888
3379.530625283720000	 0.021997710702772
3379.763583898540000	 0.022060432975502
3379.996542513370000	 0.022128356614598
3380.229501128200000	 0.022183662673770
3380.462459743020000	 0.022218088080667
3380.695418357850000	 0.022234646286840
3380.928376972670000	 0.022244001273543
3381.161335587500000	 0.022257843878211
3381.394294202330000	 0.022282930871126
3381.627252817150000	 0.022318697064827
3381.860211431980000	 0.022359140912589
3382.093170046810000	 0.022397339141881
3382.326128661630000	 0.022429699601265
3382.559087276460000	 0.022457503300462
3382.792045891280000	 0.022485104091930
3383.025004506110000	 0.022516236864198
3383.257963120940000	 0.022550957155312
3383.490921735760000	 0.022585200380110
3383.723880350590000	 0.022613235220682
3383.956838965420000	 0.022631467234368
3384.189797580240000	 0.022641185694581
3384.422756195070000	 0.022648451125773
3384.655714809890000	 0.022661058720005
3384.888673424720000	 0.022684315144639
3385.121632039550000	 0.022718088441872
3385.354590654370000	 0.022756809051600
3385.587549269200000	 0.022792352307699
3385.820507884030000	 0.022818077135812
3386.053466498850000	 0.022831675011858
3386.286425113680000	 0.022835263550593
3386.519383728500000	 0.022832903715984
3386.752342343330000	 0.022827348116513
3386.985300958160000	 0.022818275967949
3387.218259572980000	 0.022803242502510
3387.451218187810000	 0.022780728754404
3387.684176802640000	 0.022753168353527
3387.917135417460000	 0.022727607999146
3388.150094032290000	 0.022712973118326
3388.383052647110000	 0.022715068721506
3388.616011261940000	 0.022732119461914
3388.848969876770000	 0.022753723449718
3389.081928491590000	 0.022764433988117
3389.314887106420000	 0.022750692922290
3389.547845721240000	 0.022707845564244
3389.780804336070000	 0.022643568729473
3390.013762950900000	 0.022575623035681
3390.246721565720000	 0.022524726379491
3390.479680180550000	 0.022505962793564
3390.712638795380000	 0.022522938803606
3390.945597410200000	 0.022567434055111
3391.178556025030000	 0.022624458688156
3391.411514639850000	 0.022679954820714
3391.644473254680000	 0.022727177886995
3391.877431869510000	 0.022768648316537
3392.110390484330000	 0.022813048576515
3392.343349099160000	 0.022869190022767
3392.576307713990000	 0.022940608957908
3392.809266328810000	 0.023023714180861
3393.042224943640000	 0.023110211272758
3393.275183558460000	 0.023192090952839
3393.508142173290000	 0.023266103647243
3393.741100788120000	 0.023335045297605
3393.974059402940000	 0.023405108075510
3394.207018017770000	 0.023480888214958
3394.439976632600000	 0.023561016016310
3394.672935247420000	 0.023637013365847
3394.905893862250000	 0.023696168491963
3395.138852477070000	 0.023726996370050
3395.371811091900000	 0.023724436773436
3395.604769706730000	 0.023692111330385
3395.837728321550000	 0.023640628562048
3396.070686936380000	 0.023583094762118
3396.303645551200000	 0.023530353694491
3396.536604166030000	 0.023488315987776
3396.769562780860000	 0.023458316461488
3397.002521395680000	 0.023439682406307
3397.235480010510000	 0.023432581686006
3397.468438625340000	 0.023439296046577
3397.701397240160000	 0.023463213528443
3397.934355854990000	 0.023506315396053
3398.167314469810000	 0.023566833502431
3398.400273084640000	 0.023638586616299
3398.633231699470000	 0.023712472281730
3398.866190314290000	 0.023779358912791
3399.099148929120000	 0.023832894519246
3399.332107543950000	 0.023870914994775
3399.565066158770000	 0.023895058765553
3399.798024773600000	 0.023909247206912
3400.030983388420000	 0.023918161019046
3400.263942003250000	 0.023926471192957
3400.496900618080000	 0.023938736474776
3400.729859232900000	 0.023959238823127
3400.962817847730000	 0.023991092195630
3401.195776462550000	 0.024034704359930
3401.428735077380000	 0.024086547408597
3401.661693692210000	 0.024139488791217
3401.894652307030000	 0.024185296849434
3402.127610921860000	 0.024218639663113
3402.360569536690000	 0.024240685585359
3402.593528151510000	 0.024260087631327
3402.826486766340000	 0.024290124292726
3403.059445381160000	 0.024342783138992
3403.292403995990000	 0.024422536221175
3403.525362610820000	 0.024523181897159
3403.758321225640000	 0.024629853881982
3403.991279840470000	 0.024725727334359
3404.224238455300000	 0.024800410828161
3404.457197070120000	 0.024855796840476
3404.690155684950000	 0.024906001647833
3404.923114299770000	 0.024970809502445
3405.156072914600000	 0.025065483558995
3405.389031529430000	 0.025191991289869
3405.621990144250000	 0.025336251554911
3405.854948759080000	 0.025473129895394
3406.087907373910000	 0.025577112882055
3406.320865988730000	 0.025633742544614
3406.553824603560000	 0.025646357095627
3406.786783218380000	 0.025634854097791
3407.019741833210000	 0.025627121515600
3407.252700448040000	 0.025647398764985
3407.485659062860000	 0.025707129417597
3407.718617677690000	 0.025802275150501
3407.951576292510000	 0.025917664962941
3408.184534907340000	 0.026035587196102
3408.417493522170000	 0.026144068091032
3408.650452136990000	 0.026240882917469
3408.883410751820000	 0.026331951118631
3409.116369366650000	 0.026425901877993
3409.349327981470000	 0.026528449116185
3409.582286596300000	 0.026639824514393
3409.815245211120000	 0.026756333683686
3410.048203825950000	 0.026874518124038
3410.281162440780000	 0.026994884332274
3410.514121055600000	 0.027122525497646
3410.747079670430000	 0.027263983180756
3410.980038285260000	 0.027422142681132
3411.212996900080000	 0.027592315515414
3411.445955514910000	 0.027762142315191
3411.678914129730000	 0.027915897092505
3411.911872744560000	 0.028041320955541
3412.144831359390000	 0.028135554874942
3412.377789974210000	 0.028206981276107
3412.610748589040000	 0.028271824697422
3412.843707203870000	 0.028347110482577
3413.076665818690000	 0.028443447021720
3413.309624433520000	 0.028561076825824
3413.542583048340000	 0.028690900738736
3413.775541663170000	 0.028819733769519
3414.008500278000000	 0.028937100581720
3414.241458892820000	 0.029040317659962
3414.474417507650000	 0.029135669927899
3414.707376122470000	 0.029235545046932
3414.940334737300000	 0.029353261757594
3415.173293352130000	 0.029498074531265
3415.406251966950000	 0.029672312348406
3415.639210581780000	 0.029871354350196
3415.872169196610000	 0.030085882052206
3416.105127811430000	 0.030305114394201
3416.338086426260000	 0.030519734417806
3416.571045041080000	 0.030723779335560
3416.804003655910000	 0.030915427861713
3417.036962270740000	 0.031096944722302
3417.269920885560000	 0.031273946276878
3417.502879500390000	 0.031453930376389
3417.735838115220000	 0.031644057932092
3417.968796730040000	 0.031848600155570
3418.201755344870000	 0.032066981536708
3418.434713959690000	 0.032293478647475
3418.667672574520000	 0.032519122334737
3418.900631189350000	 0.032735368190284
3419.133589804170000	 0.032938125137276
3419.366548419000000	 0.033130290313365
3419.599507033820000	 0.033321379721647
3419.832465648650000	 0.033524117283820
3420.065424263480000	 0.033749362983553
3420.298382878300000	 0.034001650902033
3420.531341493130000	 0.034277324682145
3420.764300107960000	 0.034565993716104
3420.997258722780000	 0.034854513267864
3421.230217337610000	 0.035131656050932
3421.463175952430000	 0.035391518754482
3421.696134567260000	 0.035634510720337
3421.929093182090000	 0.035866068000326
3422.162051796910000	 0.036094270477887
3422.395010411740000	 0.036327700778311
3422.627969026570000	 0.036574178482077
3422.860927641390000	 0.036840054305866
3423.093886256220000	 0.037129301457031
3423.326844871040000	 0.037442026631748
3423.559803485870000	 0.037772942660120
3423.792762100700000	 0.038111068841060
3424.025720715520000	 0.038441801670017
3424.258679330350000	 0.038751435988215
3424.491637945180000	 0.039032752258927
3424.724596560000000	 0.039289243753785
3424.957555174830000	 0.039535629522999
3425.190513789650000	 0.039793715001920
3425.423472404480000	 0.040084919247900
3425.656431019310000	 0.040422677840473
3425.889389634130000	 0.040808211498572
3426.122348248960000	 0.041231512399086
3426.355306863780000	 0.041676765151482
3426.588265478610000	 0.042129259700507
3426.821224093440000	 0.042580273932270
3427.054182708260000	 0.043027679343580
3427.287141323090000	 0.043472528231782
3427.520099937920000	 0.043914268014231
3427.753058552740000	 0.044348060172024
3427.986017167570000	 0.044766372913109
3428.218975782390000	 0.045164299080998
3428.451934397220000	 0.045545501086862
3428.684893012050000	 0.045924804090104
3428.917851626870000	 0.046324921579515
3429.150810241700000	 0.046768014579735
3429.383768856530000	 0.047265978807931
3429.616727471350000	 0.047814514025892
3429.849686086180000	 0.048394334374258
3430.082644701000000	 0.048979285182557
3430.315603315830000	 0.049547611288137
3430.548561930660000	 0.050090956868905
3430.781520545480000	 0.050616742383085
3431.014479160310000	 0.051142986855165
3431.247437775140000	 0.051688708299891
3431.480396389960000	 0.052265387135806
3431.713355004790000	 0.052874155324323
3431.946313619610000	 0.053509894080908
3432.179272234440000	 0.054169352970463
3432.412230849270000	 0.054858002562474
3432.645189464090000	 0.055590926007149
3432.878148078920000	 0.056386442249391
3433.111106693740000	 0.057255531916834
3433.344065308570000	 0.058192927790339
3433.577023923400000	 0.059175217456093
3433.809982538220000	 0.060167775414343
3434.042941153050000	 0.061137736248047
3434.275899767880000	 0.062066898056599
3434.508858382700000	 0.062958154605468
3434.741816997530000	 0.063832200934326
3434.974775612350000	 0.064716370103545
3435.207734227180000	 0.065631636120505
3435.440692842010000	 0.066584547371759
3435.673651456830000	 0.067567808468566
3435.906610071660000	 0.068568326581531
3436.139568686490000	 0.069577524082431
3436.372527301310000	 0.070597693803655
3436.605485916140000	 0.071640698690981
3436.838444530960000	 0.072720023255443
3437.071403145790000	 0.073841299880566
3437.304361760620000	 0.074997461177525
3437.537320375440000	 0.076172025362742
3437.770278990270000	 0.077349247265104
3438.003237605090000	 0.078525587149538
3438.236196219920000	 0.079715599105256
3438.469154834750000	 0.080947996978309
3438.702113449570000	 0.082253106469111
3438.935072064400000	 0.083647972387254
3439.168030679230000	 0.085126964850922
3439.400989294050000	 0.086662975674194
3439.633947908880000	 0.088218879529432
3439.866906523700000	 0.089763660901149
3440.099865138530000	 0.091285088792579
3440.332823753360000	 0.092792536349244
3440.565782368180000	 0.094308876182318
3440.798740983010000	 0.095856395944698
3441.031699597840000	 0.097444762058493
3441.264658212660000	 0.099067466833039
3441.497616827490000	 0.100708079181419
3441.730575442310000	 0.102351968350549
3441.963534057140000	 0.103996081338189
3442.196492671970000	 0.105650622114881
3442.429451286790000	 0.107331521985263
3442.662409901620000	 0.109048399768374
3442.895368516450000	 0.110795646190570
3443.128327131270000	 0.112552548403243
3443.361285746100000	 0.114293070587421
3443.594244360920000	 0.116000013565423
3443.827202975750000	 0.117675129660734
3444.060161590580000	 0.119338512994691
3444.293120205400000	 0.121016664833851
3444.526078820230000	 0.122725505589913
3444.759037435050000	 0.124457901846617
3444.991996049880000	 0.126182958505620
3445.224954664710000	 0.127857862266306
3445.457913279530000	 0.129446088677366
3445.690871894360000	 0.130932086744063
3445.923830509190000	 0.132324398702512
3446.156789124010000	 0.133645872153502
3446.389747738840000	 0.134917304060491
3446.622706353660000	 0.136144688134257
3446.855664968490000	 0.137317803605487
3447.088623583320000	 0.138420707424531
3447.321582198140000	 0.139447018407548
3447.554540812970000	 0.140409287929482
3447.787499427800000	 0.141334777015708
3448.020458042620000	 0.142248301762322
3448.253416657450000	 0.143151522679369
3448.486375272270000	 0.144011590883990
3448.719333887100000	 0.144767970952916
3448.952292501930000	 0.145356493199872
3449.185251116750000	 0.145739378772634
3449.418209731580000	 0.145925121403969
3449.651168346410000	 0.145966408252619
3449.884126961230000	 0.145935977078684
3450.117085576060000	 0.145892427107064
3450.350044190880000	 0.145853217929070
3450.583002805710000	 0.145788007654150
3450.815961420540000	 0.145635056497324
3451.048920035360000	 0.145331965142236
3451.281878650190000	 0.144844853268055
3451.514837265010000	 0.144181108307139
3451.747795879840000	 0.143380132196682
3451.980754494670000	 0.142488864034598
3452.213713109490000	 0.141536665894545
3452.446671724320000	 0.140523115162203
3452.679630339150000	 0.139423909772771
3452.912588953970000	 0.138209739571498
3453.145547568800000	 0.136866189541593
3453.378506183620000	 0.135403049495043
3453.611464798450000	 0.133848532253594
3453.844423413280000	 0.132233339736860
3454.077382028100000	 0.130575226967481
3454.310340642930000	 0.128873460404898
3454.543299257760000	 0.127115794673900
3454.776257872580000	 0.125292733533862
3455.009216487410000	 0.123409486718388
3455.242175102230000	 0.121487708658692
3455.475133717060000	 0.119555798351002
3455.708092331890000	 0.117633938102011
3455.941050946710000	 0.115723354754142
3456.174009561540000	 0.113806631702025
3456.406968176360000	 0.111859225737786
3456.639926791190000	 0.109865634328134
3456.872885406020000	 0.107830711914624
3457.105844020840000	 0.105779309747468
3457.338802635670000	 0.103744342709376
3457.571761250500000	 0.101750291017536
3457.804719865320000	 0.099801657516960
3458.037678480150000	 0.097882724077480
3458.270637094970000	 0.095968350876480
3458.503595709800000	 0.094039395925128
3458.736554324630000	 0.092093909202632
3458.969512939450000	 0.090147938588211
3459.202471554280000	 0.088226091321329
3459.435430169110000	 0.086348050611982
3459.668388783930000	 0.084519271464611
3459.901347398760000	 0.082731072692558
3460.134306013580000	 0.080969457983563
3460.367264628410000	 0.079226774766719
3460.600223243240000	 0.077508698599087
3460.833181858060000	 0.075831999534934
3461.066140472890000	 0.074214403875133
3461.299099087720000	 0.072662928935920
3461.532057702540000	 0.071168121803818
3461.765016317370000	 0.069708164675698
3461.997974932190000	 0.068261021989345
3462.230933547020000	 0.066817946131606
3462.463892161850000	 0.065390418793587
3462.696850776670000	 0.064005944680585
3462.929809391500000	 0.062694406175985
3463.162768006320000	 0.061472217224594
3463.395726621150000	 0.060332898194985
3463.628685235980000	 0.059249259310030
3463.861643850800000	 0.058186249691807
3464.094602465630000	 0.057117924589377
3464.327561080460000	 0.056039696868766
3464.560519695280000	 0.054969418335252
3464.793478310110000	 0.053936835440357
3465.026436924930000	 0.052967193385713
3465.259395539760000	 0.052067574794829
3465.492354154590000	 0.051222637812973
3465.725312769410000	 0.050401310041869
3465.958271384240000	 0.049570560616131
3466.191229999070000	 0.048709182045230
3466.424188613890000	 0.047815010310741
3466.657147228720000	 0.046902891266570
3466.890105843540000	 0.045995730169020
3467.123064458370000	 0.045114184503751
3467.356023073200000	 0.044270339008224
3467.588981688020000	 0.043467660903687
3467.821940302850000	 0.042705745989552
3468.054898917680000	 0.041985935363816
3468.287857532500000	 0.041313955436190
3468.520816147330000	 0.040698031788262
3468.753774762150000	 0.040143891148211
3468.986733376980000	 0.039649847090729
3469.219691991810000	 0.039204870887888
3469.452650606630000	 0.038790655972227
3469.685609221460000	 0.038386458671786
3469.918567836280000	 0.037974182852272
3470.151526451110000	 0.037541434990566
3470.384485065940000	 0.037081858799695
3470.617443680760000	 0.036593859563010
3470.850402295590000	 0.036079589428143
3471.083360910420000	 0.035545305089253
3471.316319525240000	 0.035002558931577
3471.549278140070000	 0.034468397135271
3471.782236754890000	 0.033962842744910
3472.015195369720000	 0.033503538685314
3472.248153984550000	 0.033099512555801
3472.481112599370000	 0.032747133343311
3472.714071214200000	 0.032430623158860
3472.947029829030000	 0.032127341263149
3473.179988443850000	 0.031815672015614
3473.412947058680000	 0.031481975852265
3473.645905673500000	 0.031123481150602
3473.878864288330000	 0.030746147889356
3474.111822903160000	 0.030359317743689
3474.344781517980000	 0.029970677136847
3474.577740132810000	 0.029584567357188
3474.810698747630000	 0.029204298411532
3475.043657362460000	 0.028836365236145
3475.276615977290000	 0.028493002182704
3475.509574592110000	 0.028190285416938
3475.742533206940000	 0.027941698055890
3475.975491821770000	 0.027750163571735
3476.208450436590000	 0.027603071121456
3476.441409051420000	 0.027473725799504
3476.674367666240000	 0.027329532957774
3476.907326281070000	 0.027143736708189
3477.140284895900000	 0.026905446394068
3477.373243510720000	 0.026623157066126
3477.606202125550000	 0.026320009962268
3477.839160740380000	 0.026023177735206
3478.072119355200000	 0.025752643225642
3478.305077970030000	 0.025514609752608
3478.538036584850000	 0.025302040799074
3478.770995199680000	 0.025101089067274
3479.003953814510000	 0.024899403370095
3479.236912429330000	 0.024691777163129
3479.469871044160000	 0.024480502852516
3479.702829658990000	 0.024271043438876
3479.935788273810000	 0.024066312028751
3480.168746888640000	 0.023863383350029
3480.401705503460000	 0.023654682134512
3480.634664118290000	 0.023432822708699
3480.867622733120000	 0.023196017913178
3481.100581347940000	 0.022950593393281
3481.333539962770000	 0.022708856511571
3481.566498577590000	 0.022483365963965
3481.799457192420000	 0.022280792377681
3482.032415807250000	 0.022098744268074
3482.265374422070000	 0.021927160129597
3482.498333036900000	 0.021753290951958
3482.731291651730000	 0.021567385665328
3482.964250266550000	 0.021365970550625
3483.197208881380000	 0.021151206440085
3483.430167496200000	 0.020927276661793
3483.663126111030000	 0.020696548187223
3483.896084725860000	 0.020458217057791
3484.129043340680000	 0.020210374570214
3484.362001955510000	 0.019954078840636
3484.594960570340000	 0.019696542564247
3484.827919185160000	 0.019450880959019
3485.060877799990000	 0.019231873239364
3485.293836414810000	 0.019049657595126
3485.526795029640000	 0.018904634614963
3485.759753644470000	 0.018786291195324
3485.992712259290000	 0.018676620115878
3486.225670874120000	 0.018556500901813
3486.458629488950000	 0.018412005455233
3486.691588103770000	 0.018237790705614
3486.924546718600000	 0.018036472825893
3487.157505333420000	 0.017815174960835
3487.390463948250000	 0.017581858227366
3487.623422563080000	 0.017343673839693
3487.856381177900000	 0.017107750345314
3488.089339792730000	 0.016882852881396
3488.322298407550000	 0.016679560578828
3488.555257022380000	 0.016507575491677
3488.788215637210000	 0.016370948565302
3489.021174252030000	 0.016263959091586
3489.254132866860000	 0.016170719097475
3489.487091481690000	 0.016069918185099
3489.720050096510000	 0.015943340222567
3489.953008711340000	 0.015784366588995
3490.185967326160000	 0.015602012609320
3490.418925940990000	 0.015417792525313
3490.651884555820000	 0.015256270177304
3490.884843170640000	 0.015133603766477
3491.117801785470000	 0.015049610348901
3491.350760400300000	 0.014987135368005
3491.583719015120000	 0.014918926945030
3491.816677629950000	 0.014818704231157
3492.049636244770000	 0.014671257209470
3492.282594859600000	 0.014477030827130
3492.515553474430000	 0.014249537438531
3492.748512089250000	 0.014007677946929
3492.981470704080000	 0.013767485127858
3493.214429318900000	 0.013537518949321
3493.447387933730000	 0.013319525159796
3493.680346548560000	 0.013112769414040
3493.913305163380000	 0.012918528699168
3494.146263778210000	 0.012741534093393
3494.379222393040000	 0.012587431174370
3494.612181007860000	 0.012458127332683
3494.845139622690000	 0.012348435381392
3495.078098237510000	 0.012246736313112
3495.311056852340000	 0.012139950173315
3495.544015467170000	 0.012020387136264
3495.776974081990000	 0.011890597065502
3496.009932696820000	 0.011763068019306
3496.242891311650000	 0.011654335042090
3496.475849926470000	 0.011576270351127
3496.708808541300000	 0.011529057213225
3496.941767156120000	 0.011499540251983
3497.174725770950000	 0.011465863819035
3497.407684385780000	 0.011406148264310
3497.640643000600000	 0.011306982417666
3497.873601615430000	 0.011167683379838
3498.106560230260000	 0.010998593221009
3498.339518845080000	 0.010814948087849
3498.572477459910000	 0.010630118508240
3498.805436074730000	 0.010451898678260
3499.038394689560000	 0.010283246718671
3499.271353304390000	 0.010126000298873
3499.504311919210000	 0.009984338308570
3499.737270534040000	 0.009865081921602
3499.970229148860000	 0.009774104992916
3500.203187763690000	 0.009710845703111
3500.436146378520000	 0.009664492362934
3500.669104993340000	 0.009614872044819
3500.902063608170000	 0.009538706550958
3501.135022223000000	 0.009418976591343
3501.367980837820000	 0.009253145878831
3501.600939452650000	 0.009056071484518
3501.833898067470000	 0.008855757871444
3502.066856682300000	 0.008683558929438
3502.299815297130000	 0.008563024138674
3502.532773911950000	 0.008501918205908
3502.765732526780000	 0.008490151763186
3502.998691141610000	 0.008503702103438
3503.231649756430000	 0.008512386289531
3503.464608371260000	 0.008488352837602
3503.697566986080000	 0.008412593767142
3503.930525600910000	 0.008278257253099
3504.163484215740000	 0.008091109289631
3504.396442830560000	 0.007868164657911
3504.629401445390000	 0.007635046079075
3504.862360060220000	 0.007421777567980
3505.095318675040000	 0.007256567299808
3505.328277289870000	 0.007158168340840
3505.561235904690000	 0.007128989629229
3505.794194519520000	 0.007151965750837
3506.027153134350000	 0.007193409800989
3506.260111749170000	 0.007211915171340
3506.493070364000000	 0.007170866219829
3506.726028978820000	 0.007050324474333
3506.958987593650000	 0.006853764329085
3507.191946208480000	 0.006606785437143
3507.424904823300000	 0.006348188941513
3507.657863438130000	 0.006117170608502
3507.890822052960000	 0.005941910171449
3508.123780667780000	 0.005833659430360
3508.356739282610000	 0.005787455843782
3508.589697897430000	 0.005787609650252
3508.822656512260000	 0.005814531757453
3509.055615127090000	 0.005849756480095
3509.288573741910000	 0.005877782271619
3509.521532356740000	 0.005885560136567
3509.754490971570000	 0.005861820643765
3509.987449586390000	 0.005798161237319
3510.220408201220000	 0.005692146554955
3510.453366816040000	 0.005550689215297
3510.686325430870000	 0.005390989682531
3510.919284045700000	 0.005237156483937
3511.152242660520000	 0.005113034081258
3511.385201275350000	 0.005034255145383
3511.618159890170000	 0.005003351189332
3511.851118505000000	 0.005010288301659
3512.084077119830000	 0.005038016153290
3512.317035734650000	 0.005070164992360
3512.549994349480000	 0.005097093803430
3512.782952964310000	 0.005117450756993
3513.015911579130000	 0.005134805399434
3513.248870193960000	 0.005151560857985
3513.481828808780000	 0.005163791927394
3513.714787423610000	 0.005160059079631
3513.947746038440000	 0.005125008488049
3514.180704653260000	 0.005045955971721
3514.413663268090000	 0.004919035121795
3514.646621882920000	 0.004751709436412
3514.879580497740000	 0.004560432727272
3515.112539112570000	 0.004364883176008
3515.345497727390000	 0.004181893157381
3515.578456342220000	 0.004021963527519
3515.811414957050000	 0.003889412979813
3516.044373571870000	 0.003785031256272
3516.277332186700000	 0.003708847960293
3516.510290801530000	 0.003660912080850
3516.743249416350000	 0.003639552031419
3516.976208031180000	 0.003638471146753
3517.209166646000000	 0.003645050509657
3517.442125260830000	 0.003641751749524
3517.675083875660000	 0.003610830303802
3517.908042490480000	 0.003540621334651
3518.141001105310000	 0.003430489133810
3518.373959720130000	 0.003291846818505
3518.606918334960000	 0.003144450523334
3518.839876949790000	 0.003009530330732
3519.072835564610000	 0.002902847520450
3519.305794179440000	 0.002830596661431
3519.538752794270000	 0.002789467674236
3519.771711409090000	 0.002770183433103
3520.004670023920000	 0.002762441440251
3520.237628638740000	 0.002758934577161
3520.470587253570000	 0.002756971971276
3520.703545868400000	 0.002757631947875
3520.936504483220000	 0.002763542782811
3521.169463098050000	 0.002776698171108
3521.402421712880000	 0.002797182726586
3521.635380327700000	 0.002822854911016
3521.868338942530000	 0.002849525758803
3522.101297557350000	 0.002871245143658
3522.334256172180000	 0.002880764214128
3522.567214787010000	 0.002870609983296
3522.800173401830000	 0.002835088263064
3523.033132016660000	 0.002772892824996
3523.266090631490000	 0.002689216706932
3523.499049246310000	 0.002595910050376
3523.732007861140000	 0.002508755608261
3523.964966475960000	 0.002442313331298
3524.197925090790000	 0.002404338228715
3524.430883705620000	 0.002392461648249
3524.663842320440000	 0.002395010344739
3524.896800935270000	 0.002395858399065
3525.129759550100000	 0.002381154951990
3525.362718164920000	 0.002344753746815
3525.595676779750000	 0.002289743853518
3525.828635394570000	 0.002225432795111
3526.061594009400000	 0.002161503301072
3526.294552624230000	 0.002102537143914
3526.527511239050000	 0.002045809166748
3526.760469853880000	 0.001983403247699
3526.993428468700000	 0.001907366896859
3527.226387083530000	 0.001815025660423
3527.459345698360000	 0.001711511351822
3527.692304313180000	 0.001608097866995
3527.925262928010000	 0.001517315253189
3528.158221542840000	 0.001447642114700
3528.391180157660000	 0.001400710345474
3528.624138772490000	 0.001372357188943
3528.857097387310000	 0.001356589513023
3529.090056002140000	 0.001349918646139
3529.323014616970000	 0.001353412638624
3529.555973231790000	 0.001371218578869
3529.788931846620000	 0.001406446910132
3530.021890461440000	 0.001456922070316
3530.254849076270000	 0.001513405122366
3530.487807691100000	 0.001561471445632
3530.720766305920000	 0.001586192815770
3530.953724920750000	 0.001577284390517
3531.186683535580000	 0.001532201095972
3531.419642150400000	 0.001455890957971
3531.652600765230000	 0.001357857916248
3531.885559380050000	 0.001248661471758
3532.118517994880000	 0.001138016995598
3532.351476609710000	 0.001035256719349
3532.584435224530000	 0.000951039402829
3532.817393839360000	 0.000898099366949
3533.050352454190000	 0.000889255352666
3533.283311069010000	 0.000932694451593
3533.516269683840000	 0.001026632528962
3533.749228298660000	 0.001156433373442
3533.982186913490000	 0.001296417515587
3534.215145528320000	 0.001416392174368
3534.448104143140000	 0.001490615552788
3534.681062757970000	 0.001505591496184
3534.914021372800000	 0.001463378529489
3535.146979987620000	 0.001379009318041
3535.379938602450000	 0.001273401876656
3535.612897217270000	 0.001165323155025
3535.845855832100000	 0.001066179109757
3536.078814446930000	 0.000979526272018
3536.311773061750000	 0.000904472847526
3536.544731676580000	 0.000840190741310
3536.777690291400000	 0.000788569009476
3537.010648906230000	 0.000753557526311
3537.243607521060000	 0.000738032825811
3537.476566135880000	 0.000740668140865
3537.709524750710000	 0.000755255947943
3537.942483365540000	 0.000773252099146
3538.175441980360000	 0.000788100009141
3538.408400595190000	 0.000798566975982
3538.641359210010000	 0.000808742859585
3538.874317824840000	 0.000824351143247
3539.107276439670000	 0.000847439044478
3539.340235054490000	 0.000872800117991
3539.573193669320000	 0.000888740672096
3539.806152284150000	 0.000882411635306
3540.039110898970000	 0.000847221892019
3540.272069513800000	 0.000788280195790
3540.505028128620000	 0.000722331540976
3540.737986743450000	 0.000671291223725
3540.970945358280000	 0.000652029058186
3541.203903973100000	 0.000667442113650
3541.436862587930000	 0.000703505374197
3541.669821202760000	 0.000734079872563
3541.902779817580000	 0.000731469484265
3542.135738432410000	 0.000677953542582
3542.368697047230000	 0.000573003498162
3542.601655662060000	 0.000432925771450
3542.834614276890000	 0.000283440878837
3543.067572891710000	 0.000149252502815
3543.300531506540000	 0.000045888938476
3543.533490121360000	 -0.000022643145830
3543.766448736190000	 -0.000060314105197
3543.999407351020000	 -0.000072660296208
3544.232365965840000	 -0.000061717525338
3544.465324580670000	 -0.000025330245516
3544.698283195500000	 0.000038967021565
3544.931241810320000	 0.000128171263382
3545.164200425150000	 0.000230025637149
3545.397159039970000	 0.000324021290249
3545.630117654800000	 0.000387328383762
3545.863076269630000	 0.000403078802076
3546.096034884450000	 0.000366994777775
3546.328993499280000	 0.000288988656849
3546.561952114110000	 0.000188885860819
3546.794910728930000	 0.000088523457437
3547.027869343760000	 0.000004253506627
3547.260827958580000	 -0.000056746227234
3547.493786573410000	 -0.000095389752206
3547.726745188240000	 -0.000116462293043
3547.959703803060000	 -0.000124217137171
3548.192662417890000	 -0.000120289469390
3548.425621032710000	 -0.000104642330341
3548.658579647540000	 -0.000078250176764
3548.891538262370000	 -0.000045205539178
3549.124496877190000	 -0.000012496323114
3549.357455492020000	 0.000012596729418
3549.590414106850000	 0.000025842250365
3549.823372721670000	 0.000027900285190
3550.056331336500000	 0.000023282295883
3550.289289951320000	 0.000016833823266
3550.522248566150000	 0.000009756452998
3550.755207180980000	 -0.000002372795371
3550.988165795800000	 -0.000028130526420
3551.221124410630000	 -0.000075764743313
3551.454083025460000	 -0.000147909969155
3551.687041640280000	 -0.000238372188115
3551.920000255110000	 -0.000332940325405
3552.152958869930000	 -0.000414083612541
3552.385917484760000	 -0.000467317380523
3552.618876099590000	 -0.000486212357775
3552.851834714410000	 -0.000473874688497
3553.084793329240000	 -0.000440593062656
3553.317751944070000	 -0.000399163334616
3553.550710558890000	 -0.000360301056601
3553.783669173720000	 -0.000330172029162
3554.016627788540000	 -0.000310651666149
3554.249586403370000	 -0.000301309295674
3554.482545018200000	 -0.000301321288895
3554.715503633020000	 -0.000310003288979
3554.948462247850000	 -0.000325965270302
3555.181420862680000	 -0.000346066310043
3555.414379477500000	 -0.000365583961439
3555.647338092330000	 -0.000380148605556
3555.880296707150000	 -0.000388573091195
3556.113255321980000	 -0.000394702672569
3556.346213936810000	 -0.000406592019564
3556.579172551630000	 -0.000432697838874
3556.812131166460000	 -0.000476595852695
3557.045089781280000	 -0.000532948197876
3557.278048396110000	 -0.000587292247401
3557.511007010940000	 -0.000620569813743
3557.743965625760000	 -0.000616870636772
3557.976924240590000	 -0.000570943995109
3558.209882855420000	 -0.000491804359313
3558.442841470240000	 -0.000400424828575
3558.675800085070000	 -0.000322216156266
3558.908758699890000	 -0.000277421265206
3559.141717314720000	 -0.000273608397003
3559.374675929550000	 -0.000303577584123
3559.607634544370000	 -0.000349497854473
3559.840593159200000	 -0.000391173600763
3560.073551774030000	 -0.000414551470085
3560.306510388850000	 -0.000416793207805
3560.539469003680000	 -0.000406109403520
3560.772427618500000	 -0.000396960736311
3561.005386233330000	 -0.000403098231952
3561.238344848160000	 -0.000431570430333
3561.471303462980000	 -0.000480101688346
3561.704262077810000	 -0.000538522446025
3561.937220692630000	 -0.000593087239212
3562.170179307460000	 -0.000631476985587
3562.403137922290000	 -0.000646429348899
3562.636096537110000	 -0.000636940840117
3562.869055151940000	 -0.000607162553507
3563.102013766770000	 -0.000563928468465
3563.334972381590000	 -0.000514109957072
3563.567930996420000	 -0.000462768977026
3563.800889611240000	 -0.000412614040829
3564.033848226070000	 -0.000364765749207
3564.266806840900000	 -0.000320420471264
3564.499765455720000	 -0.000282678593968
3564.732724070550000	 -0.000257619802841
3564.965682685370000	 -0.000253798161543
3565.198641300200000	 -0.000279826215831
3565.431599915030000	 -0.000340558151621
3565.664558529850000	 -0.000433244564255
3565.897517144680000	 -0.000545479437008
3566.130475759510000	 -0.000656468774473
3566.363434374330000	 -0.000742058654144
3566.596392989160000	 -0.000782351120252
3566.829351603980000	 -0.000769247703715
3567.062310218810000	 -0.000710696414692
3567.295268833640000	 -0.000629313295875
3567.528227448460000	 -0.000555252374728
3567.761186063290000	 -0.000515811980554
3567.994144678120000	 -0.000526004119232
3568.227103292940000	 -0.000584109202191
3568.460061907770000	 -0.000673937488863
3568.693020522590000	 -0.000772260003382
3568.925979137420000	 -0.000857547796627
3569.158937752250000	 -0.000916078268646
3569.391896367070000	 -0.000943422286234
3569.624854981900000	 -0.000941949417304
3569.857813596730000	 -0.000916827980754
3570.090772211550000	 -0.000873237244142
3570.323730826380000	 -0.000816178252162
3570.556689441200000	 -0.000752225940291
3570.789648056030000	 -0.000691122730141
3571.022606670860000	 -0.000645176835532
3571.255565285680000	 -0.000625844913566
3571.488523900510000	 -0.000638719086162
3571.721482515340000	 -0.000679440092519
3571.954441130160000	 -0.000733177588563
3572.187399744990000	 -0.000778962871865
3572.420358359810000	 -0.000797674989349
3572.653316974640000	 -0.000780156537295
3572.886275589470000	 -0.000731404878068
3573.119234204290000	 -0.000668631876447
3573.352192819120000	 -0.000614096052180
3573.585151433940000	 -0.000586128725925
3573.818110048770000	 -0.000592475329199
3574.051068663600000	 -0.000628797519860
3574.284027278420000	 -0.000682579345158
3574.516985893250000	 -0.000739976873075
3574.749944508080000	 -0.000791785036700
3574.982903122900000	 -0.000835487316903
3575.215861737730000	 -0.000872816684262
3575.448820352550000	 -0.000904892322443
3575.681778967380000	 -0.000928312946504
3575.914737582210000	 -0.000934910266118
3576.147696197030000	 -0.000915595066150
3576.380654811860000	 -0.000866159187974
3576.613613426690000	 -0.000791574234882
3576.846572041510000	 -0.000706060920633
3577.079530656340000	 -0.000628498035372
3577.312489271160000	 -0.000575225957694
3577.545447885990000	 -0.000553666259380
3577.778406500820000	 -0.000559794872468
3578.011365115640000	 -0.000580574487456
3578.244323730470000	 -0.000599949101256
3578.477282345300000	 -0.000605303351876
3578.710240960120000	 -0.000591357624793
3578.943199574950000	 -0.000560173921789
3579.176158189770000	 -0.000518167417797
3579.409116804600000	 -0.000472451119824
3579.642075419430000	 -0.000428769260877
3579.875034034250000	 -0.000391874721921
3580.107992649080000	 -0.000367397599522
3580.340951263900000	 -0.000363175395702
3580.573909878730000	 -0.000388328217823
3580.806868493560000	 -0.000449844502151
3581.039827108380000	 -0.000548194057112
3581.272785723210000	 -0.000674467385317
3581.505744338040000	 -0.000811088103283
3581.738702952860000	 -0.000936355353662
3581.971661567690000	 -0.001030929274179
3582.204620182510000	 -0.001083248985779
3582.437578797340000	 -0.001091523456867
3582.670537412170000	 -0.001061882280473
3582.903496026990000	 -0.001004240816540
3583.136454641820000	 -0.000928321754715
3583.369413256650000	 -0.000841748268278
3583.602371871470000	 -0.000750614656177
3583.835330486300000	 -0.000661354435276
3584.068289101120000	 -0.000581994404582
3584.301247715950000	 -0.000521431436740
3584.534206330780000	 -0.000486826378266
3584.767164945600000	 -0.000480641372807
3585.000123560430000	 -0.000499330668484
3585.233082175250000	 -0.000534852347185
3585.466040790080000	 -0.000578424240027
3585.698999404910000	 -0.000624381893010
3585.931958019730000	 -0.000671710828185
3586.164916634560000	 -0.000722137111244
3586.397875249390000	 -0.000775814775127
3586.630833864210000	 -0.000827333662364
3586.863792479040000	 -0.000864949819547
3587.096751093860000	 -0.000874388193218
3587.329709708690000	 -0.000845963969480
3587.562668323520000	 -0.000781444695484
3587.795626938340000	 -0.000696441355370
3588.028585553170000	 -0.000615896423902
3588.261544168000000	 -0.000563854478278
3588.494502782820000	 -0.000552260652658
3588.727461397650000	 -0.000574712667706
3588.960420012470000	 -0.000608777813401
3589.193378627300000	 -0.000625936771144
3589.426337242130000	 -0.000604303632095
3589.659295856950000	 -0.000538191003393
3589.892254471780000	 -0.000440425471741
3590.125213086610000	 -0.000336723849426
3590.358171701430000	 -0.000254953190034
3590.591130316260000	 -0.000214431137283
3590.824088931080000	 -0.000220312151406
3591.057047545910000	 -0.000265156155978
3591.290006160740000	 -0.000335614319046
3591.522964775560000	 -0.000419617657057
3591.755923390390000	 -0.000510031189810
3591.988882005210000	 -0.000603510885310
3592.221840620040000	 -0.000696254955577
3592.454799234870000	 -0.000780000384697
3592.687757849690000	 -0.000841380312015
3592.920716464520000	 -0.000865737291036
3593.153675079350000	 -0.000843673464927
3593.386633694170000	 -0.000776714819279
3593.619592309000000	 -0.000678734079713
3593.852550923820000	 -0.000571973344535
3594.085509538650000	 -0.000479242638427
3594.318468153480000	 -0.000415775252984
3594.551426768300000	 -0.000384508242484
3594.784385383130000	 -0.000376991336474
3595.017343997950000	 -0.000379261849441
3595.250302612780000	 -0.000379403330608
3595.483261227610000	 -0.000372823301838
3595.716219842430000	 -0.000362921863100
3595.949178457260000	 -0.000357534359069
3596.182137072090000	 -0.000363632550826
3596.415095686910000	 -0.000383310174190
3596.648054301740000	 -0.000413042812913
3596.881012916560000	 -0.000446234191956
3597.113971531390000	 -0.000477202644186
3597.346930146220000	 -0.000504094954345
3597.579888761040000	 -0.000529121082170
3597.812847375870000	 -0.000556313009127
3598.045805990700000	 -0.000588490255989
3598.278764605520000	 -0.000625372276335
3598.511723220350000	 -0.000663803803022
3598.744681835170000	 -0.000699602864042
3598.977640450000000	 -0.000729559433225
3599.210599064830000	 -0.000752172981751
3599.443557679650000	 -0.000766703404700
3599.676516294480000	 -0.000771359714994
3599.909474909310000	 -0.000762161967311
3600.142433524130000	 -0.000733681156162
3600.375392138960000	 -0.000681618674738
3600.608350753780000	 -0.000605820785044
3600.841309368610000	 -0.000511803228726
3601.074267983440000	 -0.000409595346332
3601.307226598260000	 -0.000310240042861
3601.540185213090000	 -0.000221674766161
3601.773143827920000	 -0.000146190303786
3602.006102442740000	 -0.000080925899539
3602.239061057570000	 -0.000021200971686
3602.472019672390000	 0.000035234542060
3602.704978287220000	 0.000085641649300
3602.937936902050000	 0.000123129156695
3603.170895516870000	 0.000140559719711
3603.403854131700000	 0.000135290326275
3603.636812746520000	 0.000111875644580
3603.869771361350000	 0.000080876729847
3604.102729976180000	 0.000054053136903
3604.335688591000000	 0.000038323274887
3604.568647205830000	 0.000031760887485
3604.801605820660000	 0.000023994468138
3605.034564435480000	 0.000001132149651
3605.267523050310000	 -0.000047058815870
3605.500481665130000	 -0.000121254420310
3605.733440279960000	 -0.000210927508879
3605.966398894790000	 -0.000297764920414
3606.199357509610000	 -0.000362355826449
3606.432316124440000	 -0.000390767961534
3606.665274739270000	 -0.000377935012326
3606.898233354090000	 -0.000326723829222
3607.131191968920000	 -0.000243955129589
3607.364150583740000	 -0.000136180801110
3607.597109198570000	 -0.000007896028604
3607.830067813400000	 0.000136808724890
3608.063026428220000	 0.000290453623894
3608.295985043050000	 0.000439151854851
3608.528943657880000	 0.000563182618176
3608.761902272700000	 0.000642007270393
3608.994860887530000	 0.000661801857323
3609.227819502350000	 0.000621728290145
3609.460778117180000	 0.000535534754585
3609.693736732010000	 0.000427445496066
3609.926695346830000	 0.000324101352231
3610.159653961660000	 0.000245959677067
3610.392612576480000	 0.000201540802856
3610.625571191310000	 0.000186606284293
3610.858529806140000	 0.000188320525027
3611.091488420960000	 0.000192267715336
3611.324447035790000	 0.000188873086516
3611.557405650620000	 0.000176352715726
3611.790364265440000	 0.000159599767030
3612.023322880270000	 0.000146701703238
3612.256281495090000	 0.000145466513513
3612.489240109920000	 0.000161397350676
3612.722198724750000	 0.000197143814615
3612.955157339570000	 0.000252597448027
3613.188115954400000	 0.000324809877206
3613.421074569230000	 0.000407577983786
3613.654033184050000	 0.000491344348097
3613.886991798880000	 0.000564370952649
3614.119950413700000	 0.000615568315473
3614.352909028530000	 0.000638147034317
3614.585867643360000	 0.000632264082755
3614.818826258180000	 0.000604930984001
3615.051784873010000	 0.000566779537618
3615.284743487830000	 0.000527063378674
3615.517702102660000	 0.000489376879825
3615.750660717490000	 0.000450351960625
3615.983619332310000	 0.000402223916448
3616.216577947140000	 0.000338298804224
3616.449536561970000	 0.000258749984662
3616.682495176790000	 0.000173583871068
3616.915453791620000	 0.000100674208082
3617.148412406440000	 0.000059291180742
3617.381371021270000	 0.000062114875002
3617.614329636100000	 0.000109563731254
3617.847288250920000	 0.000188936235979
3618.080246865750000	 0.000278507253235
3618.313205480580000	 0.000354747084951
3618.546164095400000	 0.000399829118028
3618.779122710230000	 0.000406585810297
3619.012081325050000	 0.000379125054775
3619.245039939880000	 0.000329312711991
3619.477998554710000	 0.000271356078157
3619.710957169530000	 0.000217415393465
3619.943915784360000	 0.000175991864458
3620.176874399190000	 0.000152737537653
3620.409833014010000	 0.000151842261937
3620.642791628840000	 0.000176147825797
3620.875750243660000	 0.000225436789468
3621.108708858490000	 0.000294032543200
3621.341667473320000	 0.000369791675519
3621.574626088140000	 0.000436037462788
3621.807584702970000	 0.000476235749622
3622.040543317790000	 0.000479445771044
3622.273501932620000	 0.000444011788210
3622.506460547450000	 0.000377900243211
3622.739419162270000	 0.000295807187419
3622.972377777100000	 0.000214588401655
3623.205336391930000	 0.000149009421474
3623.438295006750000	 0.000109237047601
3623.671253621580000	 0.000100353007905
3623.904212236400000	 0.000123107134640
3624.137170851230000	 0.000174696688373
3624.370129466060000	 0.000248783748227
3624.603088080880000	 0.000334967673535
3624.836046695710000	 0.000418831174236
3625.069005310540000	 0.000483802613045
3625.301963925360000	 0.000515213480550
3625.534922540190000	 0.000505477157613
3625.767881155010000	 0.000458093708737
3626.000839769840000	 0.000388060575414
3626.233798384670000	 0.000317627469640
3626.466756999490000	 0.000268631354006
3626.699715614320000	 0.000254566409473
3626.932674229150000	 0.000275901240735
3627.165632843970000	 0.000320752000535
3627.398591458800000	 0.000370610286405
3627.631550073620000	 0.000408506369704
3627.864508688450000	 0.000425788971776
3628.097467303280000	 0.000424341436476
3628.330425918100000	 0.000413431952340
3628.563384532930000	 0.000403247321765
3628.796343147750000	 0.000398766711002
3629.029301762580000	 0.000397169485811
3629.262260377410000	 0.000389964803229
3629.495218992230000	 0.000368593999521
3629.728177607060000	 0.000330381721720
3629.961136221890000	 0.000281279166645
3630.194094836710000	 0.000233476863622
3630.427053451540000	 0.000199118258229
3630.660012066360000	 0.000183931035556
3630.892970681190000	 0.000184566302446
3631.125929296020000	 0.000190863764573
3631.358887910840000	 0.000191212794976
3631.591846525670000	 0.000177722013529
3631.824805140500000	 0.000148635960895
3632.057763755320000	 0.000107483549525
3632.290722370150000	 0.000060339921885
3632.523680984970000	 0.000013244020315
3632.756639599800000	 -0.000028874763922
3632.989598214630000	 -0.000061752421582
3633.222556829450000	 -0.000080943255224
3633.455515444280000	 -0.000081979195166
3633.688474059100000	 -0.000062230906786
3633.921432673930000	 -0.000023790572940
3634.154391288760000	 0.000024490015532
3634.387349903580000	 0.000067778048158
3634.620308518410000	 0.000089603968447
3634.853267133240000	 0.000078556495474
3635.086225748060000	 0.000034408593828
3635.319184362890000	 -0.000029717795774
3635.552142977710000	 -0.000091140263287
3635.785101592540000	 -0.000126358324851
3636.018060207370000	 -0.000120811999796
3636.251018822190000	 -0.000074922640614
3636.483977437020000	 -0.000003653215423
3636.716936051850000	 0.000069880968350
3636.949894666670000	 0.000123616596386
3637.182853281500000	 0.000144530073787
3637.415811896320000	 0.000132173550261
3637.648770511150000	 0.000096604213115
3637.881729125980000	 0.000052170907421
3638.114687740800000	 0.000010557638735
3638.347646355630000	 -0.000023396861524
3638.580604970460000	 -0.000051370032371
3638.813563585280000	 -0.000077563934861
3639.046522200110000	 -0.000103799345443
3639.279480814930000	 -0.000126714986074
3639.512439429760000	 -0.000138668602351
3639.745398044590000	 -0.000131642383384
3639.978356659410000	 -0.000101662212943
3640.211315274240000	 -0.000051049846112
3640.444273889060000	 0.000012729157428
3640.677232503890000	 0.000080784878136
3640.910191118720000	 0.000146795305590
3641.143149733540000	 0.000208895974731
3641.376108348370000	 0.000268392988231
3641.609066963200000	 0.000326185248989
3641.842025578020000	 0.000379251982331
3642.074984192850000	 0.000419635716680
3642.307942807670000	 0.000436976436330
3642.540901422500000	 0.000423621346349
3642.773860037330000	 0.000379740112249
3643.006818652150000	 0.000315578357371
3643.239777266980000	 0.000249257852217
3643.472735881810000	 0.000200813978619
3643.705694496630000	 0.000185164870473
3643.938653111460000	 0.000207219999621
3644.171611726280000	 0.000261125372039
3644.404570341110000	 0.000333544610116
3644.637528955940000	 0.000409071574675
3644.870487570760000	 0.000475182988014
3645.103446185590000	 0.000524780646758
3645.336404800420000	 0.000555924603233
3645.569363415240000	 0.000569911398019
3645.802322030070000	 0.000569486984811
3646.035280644890000	 0.000558395314643
3646.268239259720000	 0.000542140090589
3646.501197874550000	 0.000528681883843
3646.734156489370000	 0.000527570015382
3646.967115104200000	 0.000546928609091
3647.200073719020000	 0.000589255292250
3647.433032333850000	 0.000648151171302
3647.665990948680000	 0.000708111259538
3647.898949563500000	 0.000748346778993
3648.131908178330000	 0.000749830949079
3648.364866793160000	 0.000703012821615
3648.597825407980000	 0.000612677485660
3648.830784022810000	 0.000497150796680
3649.063742637630000	 0.000381727513508
3649.296701252460000	 0.000289425916037
3649.529659867290000	 0.000233530145378
3649.762618482110000	 0.000214894214623
3649.995577096940000	 0.000224114564650
3650.228535711770000	 0.000246562263318
3650.461494326590000	 0.000267737809042
3650.694452941420000	 0.000277043639064
3650.927411556240000	 0.000269203499885
3651.160370171070000	 0.000243727915006
3651.393328785900000	 0.000203574845047
3651.626287400720000	 0.000154094293850
3651.859246015550000	 0.000102564299507
3652.092204630370000	 0.000057770356423
3652.325163245200000	 0.000028834627476
3652.558121860030000	 0.000023042933252
3652.791080474850000	 0.000043340062404
3653.024039089680000	 0.000086777677319
3653.256997704510000	 0.000144980749186
3653.489956319330000	 0.000206692478308
3653.722914934160000	 0.000261310421488
3653.955873548980000	 0.000301806599661
3654.188832163810000	 0.000325828458144
3654.421790778640000	 0.000334782691459
3654.654749393460000	 0.000331703597953
3654.887708008290000	 0.000319211590360
3655.120666623120000	 0.000298677989984
3655.353625237940000	 0.000270935163287
3655.586583852770000	 0.000237888290503
3655.819542467590000	 0.000203746627946
3656.052501082420000	 0.000174731840106
3656.285459697250000	 0.000157017329135
3656.518418312070000	 0.000153773434127
3656.751376926900000	 0.000162863811702
3656.984335541730000	 0.000176595856688
3657.217294156550000	 0.000184049799347
3657.450252771380000	 0.000175253552280
3657.683211386200000	 0.000145366632379
3657.916170001030000	 0.000096761666279
3658.149128615860000	 0.000037898563410
3658.382087230680000	 -0.000020251324800
3658.615045845510000	 -0.000068072477700
3658.848004460330000	 -0.000099436314686
3659.080963075160000	 -0.000111489312404
3659.313921689990000	 -0.000103010157963
3659.546880304810000	 -0.000072915314037
3659.779838919640000	 -0.000020158898786
3660.012797534470000	 0.000054692751207
3660.245756149290000	 0.000147023998031
3660.478714764120000	 0.000246394026010
3660.711673378940000	 0.000336872719717
3660.944631993770000	 0.000400019613141
3661.177590608600000	 0.000419709248992
3661.410549223420000	 0.000387005590468
3661.643507838250000	 0.000303176352199
3661.876466453080000	 0.000179744104887
3662.109425067900000	 0.000035715547173
3662.342383682730000	 -0.000106841434936
3662.575342297550000	 -0.000227342789865
3662.808300912380000	 -0.000310171295383
3663.041259527210000	 -0.000346634702645
3663.274218142030000	 -0.000335570181965
3663.507176756860000	 -0.000283001058260
3663.740135371690000	 -0.000201087326302
3663.973093986510000	 -0.000106317171178
3664.206052601340000	 -0.000016798410198
3664.439011216160000	 0.000051206148411
3664.671969830990000	 0.000086822692948
3664.904928445820000	 0.000087092112039
3665.137887060640000	 0.000057442843117
3665.370845675470000	 0.000009741483572
3665.603804290290000	 -0.000041451732155
3665.836762905120000	 -0.000083000779701
3666.069721519950000	 -0.000106133067918
3666.302680134770000	 -0.000107275170412
3666.535638749600000	 -0.000086912185520
3666.768597364430000	 -0.000047514977423
3667.001555979250000	 0.000008121228611
3667.234514594080000	 0.000077249844606
3667.467473208900000	 0.000156329000934
3667.700431823730000	 0.000239891161544
3667.933390438560000	 0.000320299732765
3668.166349053380000	 0.000389033759758
3668.399307668210000	 0.000439144259930
3668.632266283040000	 0.000467670980090
3668.865224897860000	 0.000476648940364
3669.098183512690000	 0.000472018133487
3669.331142127510000	 0.000460905559752
3669.564100742340000	 0.000448712430043
3669.797059357170000	 0.000437648510864
3670.030017971990000	 0.000427622551153
3670.262976586820000	 0.000419001865582
3670.495935201640000	 0.000415434621181
3670.728893816470000	 0.000424612871916
3670.961852431300000	 0.000455954085928
3671.194811046120000	 0.000516032620241
3671.427769660950000	 0.000603950516185
3671.660728275780000	 0.000708991410458
3671.893686890600000	 0.000812038954185
3672.126645505430000	 0.000890781896486
3672.359604120250000	 0.000926944454616
3672.592562735080000	 0.000912337115410
3672.825521349910000	 0.000850701741936
3673.058479964730000	 0.000754679213554
3673.291438579560000	 0.000640184003218
3673.524397194390000	 0.000521581355339
3673.757355809210000	 0.000409713062935
3673.990314424040000	 0.000312559429408
3674.223273038860000	 0.000236846020385
3674.456231653690000	 0.000188738786258
3674.689190268520000	 0.000172646422686
3674.922148883340000	 0.000188550141724
3675.155107498170000	 0.000229528625341
3675.388066113000000	 0.000281498357664
3675.621024727820000	 0.000326312363580
3675.853983342650000	 0.000347648555455
3676.086941957470000	 0.000337420469763
3676.319900572300000	 0.000299597479748
3676.552859187130000	 0.000248981987616
3676.785817801950000	 0.000204841091682
3677.018776416780000	 0.000182354671300
3677.251735031600000	 0.000186479672000
3677.484693646430000	 0.000211455122968
3677.717652261260000	 0.000245626186906
3677.950610876080000	 0.000278220234570
3678.183569490910000	 0.000304146179903
3678.416528105740000	 0.000324673493111
3678.649486720560000	 0.000344431914266
3678.882445335390000	 0.000367003217975
3679.115403950210000	 0.000391721763469
3679.348362565040000	 0.000413336272883
3679.581321179870000	 0.000424601954992
3679.814279794690000	 0.000420399294110
3680.047238409520000	 0.000401160794592
3680.280197024350000	 0.000373599402546
3680.513155639170000	 0.000348053630072
3680.746114254000000	 0.000333682924921
3680.979072868820000	 0.000334148447758
3681.212031483650000	 0.000346279332911
3681.444990098480000	 0.000362518923423
3681.677948713300000	 0.000375733178551
3681.910907328130000	 0.000383608003677
3682.143865942960000	 0.000390126432934
3682.376824557780000	 0.000403291243101
3682.609783172610000	 0.000430354921797
3682.842741787430000	 0.000473160324594
3683.075700402260000	 0.000526112511397
3683.308659017090000	 0.000577951443409
3683.541617631910000	 0.000616607381242
3683.774576246740000	 0.000634853628263
3684.007534861560000	 0.000633939541440
3684.240493476390000	 0.000623254132893
3684.473452091220000	 0.000616033761638
3684.706410706040000	 0.000623152143265
3684.939369320870000	 0.000647955266774
3685.172327935700000	 0.000684487631933
3685.405286550520000	 0.000719793300054
3685.638245165350000	 0.000739165900597
3685.871203780170000	 0.000732025361583
3686.104162395000000	 0.000695962072564
3686.337121009830000	 0.000637464217759
3686.570079624650000	 0.000569445008921
3686.803038239480000	 0.000507031959712
3687.035996854310000	 0.000463478778109
3687.268955469130000	 0.000447504397835
3687.501914083960000	 0.000462407235252
3687.734872698780000	 0.000506539571587
3687.967831313610000	 0.000574432536884
3688.200789928440000	 0.000657990151087
3688.433748543260000	 0.000747511122520
3688.666707158090000	 0.000832618442854
3688.899665772910000	 0.000903318372386
3689.132624387740000	 0.000951318957188
3689.365583002570000	 0.000971459149629
3689.598541617390000	 0.000962773528645
3689.831500232220000	 0.000928591324914
3690.064458847050000	 0.000875386688116
3690.297417461870000	 0.000810798551964
3690.530376076700000	 0.000741798381860
3690.763334691520000	 0.000673856152670
3690.996293306350000	 0.000611224553510
3691.229251921180000	 0.000557770455284
3691.462210536000000	 0.000517602958613
3691.695169150830000	 0.000495015142586
3691.928127765660000	 0.000493662891618
3692.161086380480000	 0.000515251098384
3692.394044995310000	 0.000558237756120
3692.627003610130000	 0.000617161271298
3692.859962224960000	 0.000683052023450
3693.092920839790000	 0.000744974199486
3693.325879454610000	 0.000792246828762
3693.558838069440000	 0.000816644986239
3693.791796684270000	 0.000814029705741
3694.024755299090000	 0.000785187224201
3694.257713913920000	 0.000735850392500
3694.490672528740000	 0.000675840809938
3694.723631143570000	 0.000617213674842
3694.956589758400000	 0.000571470460804
3695.189548373220000	 0.000546379820796
3695.422506988050000	 0.000543449133251
3695.655465602870000	 0.000557184668588
3695.888424217700000	 0.000576721920325
3696.121382832530000	 0.000589407325718
3696.354341447350000	 0.000585015915289
3696.587300062180000	 0.000558986832403
3696.820258677010000	 0.000513488831243
3697.053217291830000	 0.000456069033395
3697.286175906660000	 0.000396655400633
3697.519134521480000	 0.000344305017153
3697.752093136310000	 0.000305018139765
3697.985051751140000	 0.000281232021151
3698.218010365960000	 0.000272681218319
3698.450968980790000	 0.000277683799605
3698.683927595620000	 0.000293906182979
3698.916886210440000	 0.000318224134650
3699.149844825270000	 0.000346059377761
3699.382803440090000	 0.000371050635477
3699.615762054920000	 0.000385815689884
3699.848720669750000	 0.000383936438447
3700.081679284570000	 0.000362514273200
3700.314637899400000	 0.000324138233662
3700.547596514230000	 0.000277178196807
3700.780555129050000	 0.000233979396867
3701.013513743880000	 0.000207498460791
3701.246472358700000	 0.000207675802126
3701.479430973530000	 0.000238943479809
3701.712389588360000	 0.000299664181801
3701.945348203180000	 0.000383369509139
3702.178306818010000	 0.000480954235913
3702.411265432830000	 0.000582818396969
3702.644224047660000	 0.000680300913987
3702.877182662490000	 0.000766323204218
3703.110141277310000	 0.000835599076717
3703.343099892140000	 0.000884830078214
3703.576058506970000	 0.000913008490647
3703.809017121790000	 0.000921567699947
3704.041975736620000	 0.000913999412932
3704.274934351440000	 0.000894834467901
3704.507892966270000	 0.000868350485535
3704.740851581100000	 0.000837649107811
3704.973810195920000	 0.000804607427569
3705.206768810750000	 0.000770719082055
3705.439727425580000	 0.000738276381982
3705.672686040400000	 0.000711023504583
3705.905644655230000	 0.000693565413370
3706.138603270050000	 0.000689479365540
3706.371561884880000	 0.000698963433869
3706.604520499710000	 0.000717426977622
3706.837479114530000	 0.000736214378373
3707.070437729360000	 0.000745654775789
3707.303396344180000	 0.000739361668017
3707.536354959010000	 0.000717855877499
3707.769313573840000	 0.000689629576347
3708.002272188660000	 0.000668776896923
3708.235230803490000	 0.000669896178921
3708.468189418320000	 0.000702351450135
3708.701148033140000	 0.000766383847608
3708.934106647970000	 0.000852718272279
3709.167065262790000	 0.000945685977827
3709.400023877620000	 0.001028356773373
3709.632982492450000	 0.001087467601334
3709.865941107270000	 0.001116288113521
3710.098899722100000	 0.001114727496348
3710.331858336930000	 0.001087361125163
3710.564816951750000	 0.001040932982931
3710.797775566580000	 0.000982798737552
3711.030734181400000	 0.000920788787306
3711.263692796230000	 0.000863742617755
3711.496651411060000	 0.000821364948504
3711.729610025880000	 0.000802548409511
3711.962568640710000	 0.000812529938135
3712.195527255540000	 0.000850254141122
3712.428485870360000	 0.000907414978566
3712.661444485190000	 0.000969926154649
3712.894403100010000	 0.001021579433652
3713.127361714840000	 0.001048781568421
3713.360320329670000	 0.001044649355631
3713.593278944490000	 0.001010647845243
3713.826237559320000	 0.000954844389429
3714.059196174140000	 0.000887682173704
3714.292154788970000	 0.000817762454014
3714.525113403800000	 0.000749996003967
3714.758072018620000	 0.000686648772942
3714.991030633450000	 0.000629862497854
3715.223989248280000	 0.000583583208537
3715.456947863100000	 0.000553536940129
3715.689906477930000	 0.000545191232946
3715.922865092750000	 0.000560814171231
3716.155823707580000	 0.000597331282358
3716.388782322410000	 0.000646408757577
3716.621740937230000	 0.000697081122291
3716.854699552060000	 0.000739805927670
3717.087658166890000	 0.000769926615649
3717.320616781710000	 0.000788791991696
3717.553575396540000	 0.000802092260570
3717.786534011360000	 0.000816489024788
3718.019492626190000	 0.000836406870461
3718.252451241020000	 0.000862526266178
3718.485409855840000	 0.000892385019416
3718.718368470670000	 0.000922275029062
3718.951327085500000	 0.000948997010591
3719.184285700320000	 0.000970331681020
3719.417244315150000	 0.000984106723528
3719.650202929970000	 0.000986845834687
3719.883161544800000	 0.000973446890715
3720.116120159630000	 0.000938787874867
3720.349078774450000	 0.000880861045238
3720.582037389280000	 0.000803750966535
3720.814996004100000	 0.000718372521714
3721.047954618930000	 0.000639829830383
3721.280913233760000	 0.000582155533667
3721.513871848580000	 0.000552873644077
3721.746830463410000	 0.000550147868026
3721.979789078240000	 0.000564012087802
3722.212747693060000	 0.000581143277100
3722.445706307890000	 0.000590943284949
3722.678664922710000	 0.000590073127936
3722.911623537540000	 0.000583242677769
3723.144582152370000	 0.000579790450721
3723.377540767190000	 0.000587729849845
3723.610499382020000	 0.000608424272683
3723.843457996850000	 0.000634910065415
3724.076416611670000	 0.000654973474753
3724.309375226500000	 0.000657412522933
3724.542333841320000	 0.000638096120669
3724.775292456150000	 0.000602613542391
3725.008251070980000	 0.000564312345381
3725.241209685800000	 0.000538989718707
3725.474168300630000	 0.000538946685225
3725.707126915450000	 0.000568970663709
3725.940085530280000	 0.000625543624356
3726.173044145110000	 0.000699023334428
3726.406002759930000	 0.000777374075836
3726.638961374760000	 0.000849619415970
3726.871919989590000	 0.000907701497571
3727.104878604410000	 0.000946602810069
3727.337837219240000	 0.000963692112933
3727.570795834060000	 0.000958529760379
3727.803754448890000	 0.000933628579083
3728.036713063720000	 0.000895484130394
3728.269671678540000	 0.000854470028487
3728.502630293370000	 0.000822584294557
3728.735588908200000	 0.000809423868748
3728.968547523020000	 0.000818210674197
3729.201506137850000	 0.000844053557168
3729.434464752670000	 0.000875568844249
3729.667423367500000	 0.000899240745036
3729.900381982330000	 0.000904556076732
3730.133340597150000	 0.000887608386245
3730.366299211980000	 0.000851586880732
3730.599257826810000	 0.000804055144464
3730.832216441630000	 0.000752571384785
3731.065175056460000	 0.000701127440687
3731.298133671280000	 0.000649425820734
3731.531092286110000	 0.000595323502209
3731.764050900940000	 0.000538826613094
3731.997009515760000	 0.000484985250292
3732.229968130590000	 0.000443551880342
3732.462926745410000	 0.000425106853303
3732.695885360240000	 0.000435527645608
3732.928843975070000	 0.000471933191810
3733.161802589890000	 0.000522785883145
3733.394761204720000	 0.000572784163700
3733.627719819550000	 0.000610422930614
3733.860678434370000	 0.000634070874457
3734.093637049200000	 0.000652669008221
3734.326595664020000	 0.000680185549600
3734.559554278850000	 0.000726960335336
3734.792512893680000	 0.000792957992619
3735.025471508500000	 0.000866455720943
3735.258430123330000	 0.000928505915724
3735.491388738160000	 0.000960965958055
3735.724347352980000	 0.000954718242577
3735.957305967810000	 0.000914528286472
3736.190264582630000	 0.000857861794296
3736.423223197460000	 0.000807486316113
3736.656181812290000	 0.000781281907627
3736.889140427110000	 0.000784842187379
3737.122099041940000	 0.000810856494656
3737.355057656770000	 0.000844885102664
3737.588016271590000	 0.000873458670933
3737.820974886420000	 0.000889811423333
3738.053933501240000	 0.000894641168096
3738.286892116070000	 0.000892385965235
3738.519850730900000	 0.000885990652374
3738.752809345720000	 0.000873805587919
3738.985767960550000	 0.000850730470666
3739.218726575380000	 0.000812914816073
3739.451685190200000	 0.000763038519594
3739.684643805030000	 0.000712752079019
3739.917602419850000	 0.000680329478427
3740.150561034680000	 0.000684078345878
3740.383519649510000	 0.000734345927646
3740.616478264330000	 0.000827957967464
3740.849436879160000	 0.000948026960559
3741.082395493980000	 0.001069576014181
3741.315354108810000	 0.001168599676062
3741.548312723640000	 0.001230545427805
3741.781271338460000	 0.001254579979105
3742.014229953290000	 0.001252092670079
3742.247188568120000	 0.001240556376103
3742.480147182940000	 0.001235853751742
3742.713105797770000	 0.001246634546064
3742.946064412590000	 0.001273028916259
3743.179023027420000	 0.001309696884821
3743.411981642250000	 0.001350956736951
3743.644940257070000	 0.001394864132348
3743.877898871900000	 0.001444072476920
3744.110857486720000	 0.001503357762457
3744.343816101550000	 0.001575476402821
3744.576774716380000	 0.001657619614237
3744.809733331200000	 0.001740163311346
3745.042691946030000	 0.001808306790878
3745.275650560860000	 0.001846102758727
3745.508609175680000	 0.001841523078016
3745.741567790510000	 0.001790669129334
3745.974526405330000	 0.001699318706668
3746.207485020160000	 0.001581082512702
3746.440443634990000	 0.001453230902909
3746.673402249810000	 0.001332436115054
3746.906360864640000	 0.001232168545496
3747.139319479470000	 0.001161885280351
3747.372278094290000	 0.001127034595099
3747.605236709120000	 0.001128970630108
3747.838195323940000	 0.001164606484916
3748.071153938770000	 0.001226294462753
3748.304112553600000	 0.001302660454094
3748.537071168420000	 0.001380852533217
3748.770029783250000	 0.001449928262678
3749.002988398080000	 0.001504201559190
3749.235947012900000	 0.001544936940586
3749.468905627730000	 0.001579348167952
3749.701864242550000	 0.001617197089089
3749.934822857380000	 0.001666470800644
3750.167781472210000	 0.001729926855711
3750.400740087030000	 0.001803810573645
3750.633698701860000	 0.001879203651141
3750.866657316680000	 0.001945467058795
3751.099615931510000	 0.001994237265830
3751.332574546340000	 0.002022012314427
3751.565533161160000	 0.002030183504537
3751.798491775990000	 0.002023030607704
3752.031450390820000	 0.002005297821832
3752.264409005640000	 0.001980706309705
3752.497367620470000	 0.001951734899606
3752.730326235290000	 0.001920197541505
3752.963284850120000	 0.001887924818578
3753.196243464950000	 0.001857035504003
3753.429202079770000	 0.001829622486077
3753.662160694600000	 0.001807049732062
3753.895119309430000	 0.001789337870307
3754.128077924250000	 0.001775116621440
3754.361036539080000	 0.001762276678729
3754.593995153900000	 0.001749015022955
3754.826953768730000	 0.001734802252190
3755.059912383560000	 0.001720965467087
3755.292870998380000	 0.001710804493503
3755.525829613210000	 0.001709219726521
3755.758788228040000	 0.001721773102918
3755.991746842860000	 0.001753132821713
3756.224705457690000	 0.001805106704965
3756.457664072510000	 0.001874871918715
3756.690622687340000	 0.001954269293927
3756.923581302170000	 0.002030854922116
3757.156539916990000	 0.002090774938074
3757.389498531820000	 0.002122752310093
3757.622457146640000	 0.002121902897132
3757.855415761470000	 0.002091937242999
3758.088374376300000	 0.002044667592698
3758.321332991120000	 0.001996680121345
3758.554291605950000	 0.001964299598671
3758.787250220780000	 0.001958861401496
3759.020208835600000	 0.001984119149037
3759.253167450430000	 0.002036413678887
3759.486126065250000	 0.002106864668432
3759.719084680080000	 0.002184182288361
3759.952043294910000	 0.002256941095356
3760.185001909730000	 0.002314933546335
3760.417960524560000	 0.002349983044661
3760.650919139390000	 0.002356916569191
3760.883877754210000	 0.002335075927019
3761.116836369040000	 0.002289927520142
3761.349794983860000	 0.002233542008457
3761.582753598690000	 0.002182653801356
3761.815712213520000	 0.002154030265383
3762.048670828340000	 0.002158530032688
3762.281629443170000	 0.002196393557725
3762.514588057990000	 0.002256084860894
3762.747546672820000	 0.002317505685407
3762.980505287650000	 0.002358572519411
3763.213463902470000	 0.002362848836917
3763.446422517300000	 0.002325464574811
3763.679381132130000	 0.002254965457042
3763.912339746950000	 0.002170090251396
3764.145298361780000	 0.002092591806720
3764.378256976600000	 0.002039193911823
3764.611215591430000	 0.002016320367806
3764.844174206260000	 0.002019797344552
3765.077132821080000	 0.002039144028115
3765.310091435910000	 0.002063864341670
3765.543050050740000	 0.002088439047516
3765.776008665560000	 0.002113685688204
3766.008967280390000	 0.002144223087956
3766.241925895210000	 0.002183873086987
3766.474884510040000	 0.002231836636902
3766.707843124870000	 0.002281879286945
3766.940801739690000	 0.002324962733115
3767.173760354520000	 0.002353767037442
3767.406718969350000	 0.002366400667282
3767.639677584170000	 0.002366989628342
3767.872636199000000	 0.002362733457831
3768.105594813820000	 0.002359312934768
3768.338553428650000	 0.002357609573099
3768.571512043480000	 0.002353792253940
3768.804470658300000	 0.002342713591366
3769.037429273130000	 0.002322656673357
3769.270387887960000	 0.002298695917954
3769.503346502780000	 0.002282498122212
3769.736305117610000	 0.002288085073998
3769.969263732430000	 0.002325240708708
3770.202222347260000	 0.002393731919444
3770.435180962090000	 0.002481363561238
3770.668139576910000	 0.002567154443756
3770.901098191740000	 0.002628578204731
3771.134056806560000	 0.002649924255956
3771.367015421390000	 0.002628108372961
3771.599974036220000	 0.002573181651335
3771.832932651040000	 0.002503325756031
3772.065891265870000	 0.002437053876317
3772.298849880700000	 0.002386648462012
3772.531808495520000	 0.002355625278094
3772.764767110350000	 0.002340381451907
3772.997725725170000	 0.002334132187292
3773.230684340000000	 0.002330746075578
3773.463642954830000	 0.002326859548191
3773.696601569650000	 0.002321917367870
3773.929560184480000	 0.002316881684763
3774.162518799310000	 0.002312833309386
3774.395477414130000	 0.002310402601421
3774.628436028960000	 0.002310158265901
3774.861394643780000	 0.002313300604514
3775.094353258610000	 0.002321768227559
3775.327311873440000	 0.002337318973142
3775.560270488260000	 0.002359967167488
3775.793229103090000	 0.002386775206696
3776.026187717910000	 0.002411965431763
3776.259146332740000	 0.002428632196343
3776.492104947570000	 0.002431408650506
3776.725063562390000	 0.002418823198866
3776.958022177220000	 0.002394131485338
3777.190980792050000	 0.002364142426858
3777.423939406870000	 0.002336599792489
3777.656898021700000	 0.002317434301241
3777.889856636520000	 0.002309199302862
3778.122815251350000	 0.002311257680308
3778.355773866180000	 0.002321282995310
3778.588732481000000	 0.002336975424827
3778.821691095830000	 0.002356919476500
3779.054649710650000	 0.002380167576166
3779.287608325480000	 0.002405014379574
3779.520566940310000	 0.002427989041127
3779.753525555130000	 0.002443985232539
3779.986484169960000	 0.002447747533471
3780.219442784790000	 0.002436070551971
3780.452401399610000	 0.002409534468539
3780.685360014440000	 0.002372700621124
3780.918318629260000	 0.002332435102317
3781.151277244090000	 0.002295081091538
3781.384235858920000	 0.002263937375643
3781.617194473740000	 0.002238375964979
3781.850153088570000	 0.002214972875412
3782.083111703400000	 0.002189888761864
3782.316070318220000	 0.002161162794766
3782.549028933050000	 0.002129830168155
3782.781987547870000	 0.002099543346944
3783.014946162700000	 0.002075152323576
3783.247904777530000	 0.002061081747196
3783.480863392350000	 0.002060213887446
3783.713822007180000	 0.002073509870775
3783.946780622010000	 0.002100112696069
3784.179739236830000	 0.002137488912911
3784.412697851660000	 0.002181383545670
3784.645656466480000	 0.002225796731245
3784.878615081310000	 0.002263478354804
3785.111573696140000	 0.002287301849774
3785.344532310960000	 0.002292340482760
3785.577490925790000	 0.002277841915823
3785.810449540620000	 0.002247996041771
3786.043408155440000	 0.002210712141739
3786.276366770270000	 0.002174551650067
3786.509325385090000	 0.002145074043468
3786.742283999920000	 0.002122436622988
3786.975242614750000	 0.002101628333052
3787.208201229570000	 0.002075370691883
3787.441159844400000	 0.002038272384197
3787.674118459220000	 0.001990120970543
3787.907077074050000	 0.001936602140537
3788.140035688880000	 0.001887033717139
3788.372994303700000	 0.001850248732962
3788.605952918530000	 0.001830758585992
3788.838911533360000	 0.001827188319686
3789.071870148180000	 0.001833727614971
3789.304828763010000	 0.001843679503988
3789.537787377830000	 0.001853058784465
3789.770745992660000	 0.001862218445775
3790.003704607490000	 0.001874652588529
3790.236663222310000	 0.001893803742840
3790.469621837140000	 0.001919926894371
3790.702580451970000	 0.001949067840625
3790.935539066790000	 0.001974953285842
3791.168497681620000	 0.001992804091508
3791.401456296440000	 0.002002817725157
3791.634414911270000	 0.002011058466953
3791.867373526100000	 0.002026814746504
3792.100332140920000	 0.002057483949793
3792.333290755750000	 0.002103611376923
3792.566249370580000	 0.002156867949315
3792.799207985400000	 0.002202339557206
3793.032166600230000	 0.002224306237775
3793.265125215050000	 0.002212894265585
3793.498083829880000	 0.002168477486771
3793.731042444710000	 0.002101736193815
3793.964001059530000	 0.002029397628398
3794.196959674360000	 0.001967821722901
3794.429918289180000	 0.001927561073771
3794.662876904010000	 0.001911262637162
3794.895835518840000	 0.001915318036198
3795.128794133660000	 0.001933715692560
3795.361752748490000	 0.001961652670359
3795.594711363320000	 0.001996984288597
3795.827669978140000	 0.002039125657800
3796.060628592970000	 0.002086646300188
3796.293587207790000	 0.002135541169650
3796.526545822620000	 0.002179596926180
3796.759504437450000	 0.002212818647813
3796.992463052270000	 0.002232468131806
3797.225421667100000	 0.002240723672718
3797.458380281930000	 0.002243644019720
3797.691338896750000	 0.002247723585543
3797.924297511580000	 0.002255977931022
3798.157256126400000	 0.002266071965822
3798.390214741230000	 0.002271915629189
3798.623173356060000	 0.002267982425989
3798.856131970880000	 0.002253790034572
3799.089090585710000	 0.002235740696374
3799.322049200530000	 0.002224998331432
3799.555007815360000	 0.002232340957437
3799.787966430190000	 0.002262635300407
3800.020925045010000	 0.002311829782618
3800.253883659840000	 0.002368117254818
3800.486842274670000	 0.002416870465181
3800.719800889490000	 0.002447066304907
3800.952759504320000	 0.002456067749254
3801.185718119140000	 0.002450346808421
3801.418676733970000	 0.002441806433733
3801.651635348800000	 0.002441701303953
3801.884593963620000	 0.002455363811607
3802.117552578450000	 0.002480343445180
3802.350511193280000	 0.002508640995463
3802.583469808100000	 0.002531527756616
3802.816428422930000	 0.002544015663488
3803.049387037750000	 0.002546231356570
3803.282345652580000	 0.002541004902785
3803.515304267410000	 0.002529747293905
3803.748262882230000	 0.002509924861095
3803.981221497060000	 0.002476050262439
3804.214180111890000	 0.002423440038726
3804.447138726710000	 0.002352200228860
3804.680097341540000	 0.002268894954880
3804.913055956360000	 0.002184702821537
3805.146014571190000	 0.002110774064079
3805.378973186020000	 0.002053153492839
3805.611931800840000	 0.002010176879799
3805.844890415670000	 0.001974164593088
3806.077849030490000	 0.001936913058719
3806.310807645320000	 0.001896179813549
3806.543766260150000	 0.001859441558206
3806.776724874970000	 0.001842327232792
3807.009683489800000	 0.001861831215739
3807.242642104630000	 0.001927287706327
3807.475600719450000	 0.002033525877029
3807.708559334280000	 0.002159839473958
3807.941517949100000	 0.002275864220813
3808.174476563930000	 0.002352329296147
3808.407435178760000	 0.002372114740777
3808.640393793580000	 0.002336299626261
3808.873352408410000	 0.002261998736298
3809.106311023230000	 0.002173332189023
3809.339269638060000	 0.002090928445933
3809.572228252890000	 0.002025664807431
3809.805186867710000	 0.001978863990521
3810.038145482540000	 0.001947043316072
3810.271104097370000	 0.001927366340492
3810.504062712190000	 0.001920538934291
3810.737021327020000	 0.001929892055323
3810.969979941840000	 0.001957636213015
3811.202938556670000	 0.002000869465527
3811.435897171500000	 0.002050139772083
3811.668855786320000	 0.002091958055860
3811.901814401150000	 0.002114319214731
3812.134773015980000	 0.002112397167901
3812.367731630800000	 0.002091298647225
3812.600690245630000	 0.002064262042342
3812.833648860450000	 0.002047101675635
3813.066607475280000	 0.002051657278299
3813.299566090110000	 0.002081430533335
3813.532524704930000	 0.002131298464651
3813.765483319760000	 0.002190991092048
3813.998441934590000	 0.002250158121936
3814.231400549410000	 0.002302288386085
3814.464359164240000	 0.002345691160487
3814.697317779060000	 0.002381594504443
3814.930276393890000	 0.002411072107915
3815.163235008720000	 0.002433014626530
3815.396193623540000	 0.002444471792227
3815.629152238370000	 0.002443025872221
3815.862110853200000	 0.002429471678234
3816.095069468020000	 0.002408814599411
3816.328028082850000	 0.002388607514298
3816.560986697670000	 0.002375320765709
3816.793945312500000	 0.002370777093322
3817.026903927330000	 0.002370886529073
3817.259862542150000	 0.002367784790787
3817.492821156980000	 0.002354464505529
3817.725779771800000	 0.002329142764886
3817.958738386630000	 0.002296337583286
3818.191697001460000	 0.002263657840540
3818.424655616280000	 0.002236406484411
3818.657614231110000	 0.002213677473316
3818.890572845940000	 0.002188457626795
3819.123531460760000	 0.002151644129734
3819.356490075590000	 0.002097866510484
3819.589448690410000	 0.002030315690342
3819.822407305240000	 0.001962166979108
3820.055365920070000	 0.001913406428643
3820.288324534890000	 0.001903832195986
3820.521283149720000	 0.001945064829583
3820.754241764550000	 0.002035280254043
3820.987200379370000	 0.002159211246659
3821.220158994200000	 0.002293345393352
3821.453117609020000	 0.002413819305900
3821.686076223850000	 0.002503543962256
3821.919034838680000	 0.002555789745355
3822.151993453500000	 0.002573284096291
3822.384952068330000	 0.002564016929320
3822.617910683160000	 0.002536413324880
3822.850869297980000	 0.002496464768512
3823.083827912810000	 0.002447803210793
3823.316786527630000	 0.002393662115310
3823.549745142460000	 0.002338633627159
3823.782703757290000	 0.002288705702355
3824.015662372110000	 0.002249601525312
3824.248620986940000	 0.002224701050631
3824.481579601760000	 0.002213989045162
3824.714538216590000	 0.002214658650527
3824.947496831420000	 0.002222914225608
3825.180455446240000	 0.002235834565032
3825.413414061070000	 0.002252176637385
3825.646372675900000	 0.002271664604021
3825.879331290720000	 0.002293286238715
3826.112289905550000	 0.002313859615243
3826.345248520370000	 0.002328109754644
3826.578207135200000	 0.002330614685282
3826.811165750030000	 0.002318758333593
3827.044124364850000	 0.002295042144929
3827.277082979680000	 0.002267251901232
3827.510041594510000	 0.002245999492716
3827.743000209330000	 0.002240553342144
3827.975958824160000	 0.002254903969479
3828.208917438980000	 0.002286052569720
3828.441876053810000	 0.002325426988125
3828.674834668640000	 0.002362681599347
3828.907793283460000	 0.002389896956032
3829.140751898290000	 0.002404112127675
3829.373710513110000	 0.002407218796108
3829.606669127940000	 0.002403801228487
3829.839627742770000	 0.002398546682891
3830.072586357590000	 0.002394799084677
3830.305544972420000	 0.002394839454946
3830.538503587250000	 0.002401240498412
3830.771462202070000	 0.002417905618420
3831.004420816900000	 0.002449581274733
3831.237379431720000	 0.002499644539402
3831.470338046550000	 0.002567235534193
3831.703296661380000	 0.002645508303359
3831.936255276200000	 0.002722394633979
3832.169213891030000	 0.002784011032222
3832.402172505860000	 0.002819433719579
3832.635131120680000	 0.002824745700761
3832.868089735510000	 0.002804392236931
3833.101048350330000	 0.002769000317245
3833.334006965160000	 0.002730583436791
3833.566965579990000	 0.002697581721250
3833.799924194810000	 0.002672367681081
3834.032882809640000	 0.002652332722199
3834.265841424470000	 0.002633466701932
3834.498800039290000	 0.002614010680023
3834.731758654120000	 0.002596041295818
3834.964717268940000	 0.002584264705283
3835.197675883770000	 0.002582870319491
3835.430634498600000	 0.002592248856899
3835.663593113420000	 0.002607395734372
3835.896551728250000	 0.002618969300452
3836.129510343070000	 0.002616627668936
3836.362468957900000	 0.002593029941721
3836.595427572730000	 0.002546433981480
3836.828386187550000	 0.002480569425955
3837.061344802380000	 0.002402117763114
3837.294303417210000	 0.002317609593609
3837.527262032030000	 0.002231739246038
3837.760220646860000	 0.002147895703995
3837.993179261680000	 0.002070112812296
3838.226137876510000	 0.002004748010979
3838.459096491340000	 0.001960372649408
3838.692055106160000	 0.001945336099179
3838.925013720990000	 0.001963828526650
3839.157972335820000	 0.002012502933778
3839.390930950640000	 0.002080030652416
3839.623889565470000	 0.002150617369265
3839.856848180290000	 0.002209915608861
3840.089806795120000	 0.002249916843033
3840.322765409950000	 0.002270093979043
3840.555724024770000	 0.002274736958926
3840.788682639600000	 0.002268739721584
3841.021641254430000	 0.002254512329508
3841.254599869250000	 0.002231533911296
3841.487558484080000	 0.002198436090738
3841.720517098900000	 0.002156180043017
3841.953475713730000	 0.002110247953805
3842.186434328560000	 0.002070140439327
3842.419392943380000	 0.002045961522602
3842.652351558210000	 0.002043823125135
3842.885310173030000	 0.002062843884017
3843.118268787860000	 0.002095696022749
3843.351227402690000	 0.002132473269186
3843.584186017510000	 0.002165669468727
3843.817144632340000	 0.002193498221124
3844.050103247170000	 0.002219775224054
3844.283061861990000	 0.002250437925159
3844.516020476820000	 0.002288568181712
3844.748979091640000	 0.002330707665247
3844.981937706470000	 0.002366825732365
3845.214896321300000	 0.002384539819822
3845.447854936120000	 0.002375786343839
3845.680813550950000	 0.002342377972510
3845.913772165780000	 0.002297061105004
3846.146730780600000	 0.002259057021857
3846.379689395430000	 0.002246221812276
3846.612648010250000	 0.002267758164646
3846.845606625080000	 0.002320831213461
3847.078565239910000	 0.002392250051665
3847.311523854730000	 0.002464067379251
3847.544482469560000	 0.002520487949820
3847.777441084380000	 0.002553147869257
3848.010399699210000	 0.002562663556716
3848.243358314040000	 0.002556146495935
3848.476316928860000	 0.002542371597348
3848.709275543690000	 0.002527334511628
3848.942234158520000	 0.002512392528491
3849.175192773340000	 0.002495485379658
3849.408151388170000	 0.002474182892371
3849.641110002990000	 0.002448457982482
3849.874068617820000	 0.002421475669983
3850.107027232650000	 0.002398016765765
3850.339985847470000	 0.002381626580947
3850.572944462300000	 0.002372314806836
3850.805903077130000	 0.002366234548787
3851.038861691950000	 0.002357570953835
3851.271820306780000	 0.002341621925723
3851.504778921600000	 0.002317421857682
3851.737737536430000	 0.002288553374038
3851.970696151260000	 0.002261849342464
3852.203654766080000	 0.002244869801434
3852.436613380910000	 0.002243574991352
3852.669571995740000	 0.002261207242004
3852.902530610560000	 0.002298449346574
3853.135489225390000	 0.002354149176705
3853.368447840210000	 0.002425750878124
3853.601406455040000	 0.002509075985306
3853.834365069870000	 0.002597868706693
3854.067323684690000	 0.002683917467853
3854.300282299520000	 0.002758178772085
3854.533240914340000	 0.002812494783330
3854.766199529170000	 0.002841005655102
3854.999158144000000	 0.002840589271583
3855.232116758820000	 0.002810327730026
3855.465075373650000	 0.002750643006440
3855.698033988480000	 0.002663030458454
3855.930992603300000	 0.002550969481465
3856.163951218130000	 0.002421599685803
3856.396909832950000	 0.002286811646736
3856.629868447780000	 0.002162463210390
3856.862827062610000	 0.002065506626260
3857.095785677430000	 0.002009905657682
3857.328744292260000	 0.002002630408165
3857.561702907090000	 0.002040926561734
3857.794661521910000	 0.002111865851904
3858.027620136740000	 0.002194874608149
3858.260578751560000	 0.002267176056016
3858.493537366390000	 0.002310770060829
3858.726495981220000	 0.002318295984503
3858.959454596040000	 0.002294992178804
3859.192413210870000	 0.002255635789988
3859.425371825700000	 0.002218025105569
3859.658330440520000	 0.002196374116197
3859.891289055350000	 0.002197641326367
3860.124247670170000	 0.002221755953651
3860.357206285000000	 0.002264491296809
3860.590164899830000	 0.002320660186657
3860.823123514650000	 0.002385708293309
3861.056082129480000	 0.002455192759298
3861.289040744300000	 0.002523189826325
3861.521999359130000	 0.002581486515274
3861.754957973960000	 0.002620980290877
3861.987916588780000	 0.002635251255783
3862.220875203610000	 0.002624632010409
3862.453833818440000	 0.002598269540427
3862.686792433260000	 0.002572235497013
3862.919751048090000	 0.002563591770897
3863.152709662910000	 0.002582651448696
3863.385668277740000	 0.002627213405932
3863.618626892570000	 0.002682140328106
3863.851585507390000	 0.002725138897545
3864.084544122220000	 0.002736280365151
3864.317502737050000	 0.002706721475462
3864.550461351870000	 0.002642548315353
3864.783419966700000	 0.002562243012570
3865.016378581520000	 0.002489292377447
3865.249337196350000	 0.002443337681422
3865.482295811180000	 0.002433430055800
3865.715254426000000	 0.002455761544112
3865.948213040830000	 0.002496375638325
3866.181171655650000	 0.002537442342484
3866.414130270480000	 0.002564292038976
3866.647088885310000	 0.002570171147059
3866.880047500130000	 0.002556950434855
3867.113006114960000	 0.002532227222693
3867.345964729790000	 0.002505016877618
3867.578923344610000	 0.002482390629969
3867.811881959440000	 0.002468152280819
3868.044840574260000	 0.002463148370891
3868.277799189090000	 0.002466118579974
3868.510757803920000	 0.002474289290698
3868.743716418740000	 0.002483682475747
3868.976675033570000	 0.002489699228805
3869.209633648400000	 0.002488527740672
3869.442592263220000	 0.002479304603430
3869.675550878050000	 0.002466110781605
3869.908509492870000	 0.002458411617779
3870.141468107700000	 0.002468914103496
3870.374426722530000	 0.002508990384056
3870.607385337350000	 0.002583249854822
3870.840343952180000	 0.002685750392906
3871.073302567010000	 0.002800106821915
3871.306261181830000	 0.002904211141131
3871.539219796660000	 0.002977918870400
3871.772178411480000	 0.003010142584081
3872.005137026310000	 0.003001813777001
3872.238095641140000	 0.002963495980091
3872.471054255960000	 0.002909519053968
3872.704012870790000	 0.002852115992548
3872.936971485610000	 0.002798316939769
3873.169930100440000	 0.002750290787046
3873.402888715270000	 0.002707953203893
3873.635847330090000	 0.002671823264591
3873.868805944920000	 0.002644376561211
3874.101764559750000	 0.002629204523828
3874.334723174570000	 0.002628639516989
3874.567681789400000	 0.002641474991350
3874.800640404220000	 0.002662437503399
3875.033599019050000	 0.002684086063081
3875.266557633880000	 0.002700345867173
3875.499516248700000	 0.002709740844642
3875.732474863530000	 0.002716278664833
3875.965433478360000	 0.002727113528332
3876.198392093180000	 0.002748046582746
3876.431350708010000	 0.002779390131106
3876.664309322830000	 0.002814614492375
3876.897267937660000	 0.002842563875238
3877.130226552490000	 0.002852056507489
3877.363185167310000	 0.002836593503541
3877.596143782140000	 0.002797067036575
3877.829102396970000	 0.002741421369583
3878.062061011790000	 0.002681598689447
3878.295019626620000	 0.002629245461554
3878.527978241440000	 0.002592097258837
3878.760936856270000	 0.002572479018098
3878.993895471100000	 0.002568192184669
3879.226854085920000	 0.002574861073107
3879.459812700750000	 0.002588252048500
3879.692771315570000	 0.002605423732931
3879.925729930400000	 0.002624515887389
3880.158688545230000	 0.002643893027117
3880.391647160050000	 0.002661656560079
3880.624605774880000	 0.002676092005213
3880.857564389710000	 0.002686778370470
3881.090523004530000	 0.002695429685341
3881.323481619360000	 0.002705512948596
3881.556440234180000	 0.002720389927011
3881.789398849010000	 0.002740819370098
3882.022357463840000	 0.002763418211997
3882.255316078660000	 0.002781419836610
3882.488274693490000	 0.002787736742372
3882.721233308320000	 0.002778789602426
3882.954191923140000	 0.002756939263844
3883.187150537970000	 0.002730084440272
3883.420109152790000	 0.002708508613964
3883.653067767620000	 0.002700426468492
3883.886026382450000	 0.002708256291142
3884.118984997270000	 0.002727312839024
3884.351943612100000	 0.002747600725012
3884.584902226920000	 0.002758069591556
3884.817860841750000	 0.002751545901267
3885.050819456580000	 0.002728115341318
3885.283778071400000	 0.002695358184590
3885.516736686230000	 0.002665359798090
3885.749695301060000	 0.002650004232511
3885.982653915880000	 0.002656745100914
3886.215612530710000	 0.002686501374575
3886.448571145530000	 0.002734070382762
3886.681529760360000	 0.002790328663577
3886.914488375190000	 0.002845009962026
3887.147446990010000	 0.002889012533578
3887.380405604840000	 0.002915724509649
3887.613364219670000	 0.002921442174292
3887.846322834490000	 0.002905303380414
3888.079281449320000	 0.002869119707507
3888.312240064140000	 0.002817182395141
3888.545198678970000	 0.002755845176933
3888.778157293800000	 0.002692675149209
3889.011115908620000	 0.002635184727938
3889.244074523450000	 0.002589432319337
3889.477033138280000	 0.002558936670884
3889.709991753100000	 0.002544299084598
3889.942950367930000	 0.002543664058288
3890.175908982750000	 0.002553776260261
3890.408867597580000	 0.002571119302952
3890.641826212410000	 0.002592651446751
3890.874784827230000	 0.002615997349535
3891.107743442060000	 0.002639370559817
3891.340702056880000	 0.002661660296103
3891.573660671710000	 0.002682873771486
3891.806619286540000	 0.002704643793731
3892.039577901360000	 0.002730150185716
3892.272536516190000	 0.002762894857894
3892.505495131020000	 0.002804407917151
3892.738453745840000	 0.002851869514794
3892.971412360670000	 0.002897198727510
3893.204370975490000	 0.002928778944913
3893.437329590320000	 0.002935616274001
3893.670288205150000	 0.002912165423592
3893.903246819970000	 0.002861435992185
3894.136205434800000	 0.002794783950895
3894.369164049630000	 0.002728416183576
3894.602122664450000	 0.002678065512384
3894.835081279280000	 0.002653903428698
3895.068039894100000	 0.002657530254376
3895.300998508930000	 0.002682069930441
3895.533957123760000	 0.002715246789239
3895.766915738580000	 0.002744143961112
3895.999874353410000	 0.002759634890773
3896.232832968240000	 0.002758717382889
3896.465791583060000	 0.002744143482460
3896.698750197890000	 0.002722139357143
3896.931708812710000	 0.002699767502038
3897.164667427540000	 0.002683218774124
3897.397626042370000	 0.002677370538462
3897.630584657190000	 0.002686015252185
3897.863543272020000	 0.002711834390569
3898.096501886840000	 0.002755618250219
3898.329460501670000	 0.002815080963196
3898.562419116500000	 0.002884278087754
3898.795377731320000	 0.002954590711460
3899.028336346150000	 0.003017425034410
3899.261294960980000	 0.003067622213100
3899.494253575800000	 0.003105782627009
3899.727212190630000	 0.003137870132216
3899.960170805450000	 0.003171682820452
3900.193129420280000	 0.003211535626876
3900.426088035110000	 0.003253863613274
3900.659046649930000	 0.003286552128151
3900.892005264760000	 0.003293270620865
3901.124963879590000	 0.003261390899012
3901.357922494410000	 0.003189606486492
3901.590881109240000	 0.003090934367543
3901.823839724060000	 0.002989106874477
3902.056798338890000	 0.002910014578513
3902.289756953720000	 0.002872282742939
3902.522715568540000	 0.002880961000050
3902.755674183370000	 0.002926482092773
3902.988632798190000	 0.002988953298195
3903.221591413020000	 0.003046102893940
3903.454550027850000	 0.003081790103841
3903.687508642670000	 0.003091344187764
3903.920467257500000	 0.003081157975596
3904.153425872330000	 0.003063018894620
3904.386384487150000	 0.003046678879664
3904.619343101980000	 0.003034794504991
3904.852301716800000	 0.003022421189379
3905.085260331630000	 0.003000583595536
3905.318218946460000	 0.002961715721481
3905.551177561280000	 0.002904290718758
3905.784136176110000	 0.002834479096243
3906.017094790940000	 0.002764053040460
3906.250053405760000	 0.002705656111993
3906.483012020590000	 0.002667966279130
3906.715970635410000	 0.002653136190128
3906.948929250240000	 0.002657302218360
3907.181887865070000	 0.002673209898905
3907.414846479890000	 0.002693277891091
3907.647805094720000	 0.002711816907928
3907.880763709550000	 0.002725984904137
3908.113722324370000	 0.002735751688542
3908.346680939200000	 0.002743381657179
3908.579639554020000	 0.002752769104214
3908.812598168850000	 0.002768626624106
3909.045556783680000	 0.002795339237374
3909.278515398500000	 0.002835434932272
3909.511474013330000	 0.002888014613639
3909.744432628150000	 0.002947847311870
3909.977391242980000	 0.003005857817090
3910.210349857810000	 0.003051276066601
3910.443308472630000	 0.003074931060686
3910.676267087460000	 0.003072460381394
3910.909225702290000	 0.003046024102311
3911.142184317110000	 0.003003668254643
3911.375142931940000	 0.002956548862659
3911.608101546760000	 0.002915232631795
3911.841060161590000	 0.002886677396752
3912.074018776420000	 0.002873067415755
3912.306977391240000	 0.002872694457658
3912.539936006070000	 0.002882074001057
3912.772894620900000	 0.002897986801308
3913.005853235720000	 0.002918376538689
3913.238811850550000	 0.002941844784034
3913.471770465370000	 0.002966378483271
3913.704729080200000	 0.002988400555214
3913.937687695030000	 0.003003004381164
3914.170646309850000	 0.003005480381734
3914.403604924680000	 0.002993422670864
3914.636563539510000	 0.002968293960134
3914.869522154330000	 0.002935561712148
3915.102480769160000	 0.002903255741897
3915.335439383980000	 0.002879599128592
3915.568397998810000	 0.002870766969507
3915.801356613640000	 0.002879633205292
3916.034315228460000	 0.002905747787996
3916.267273843290000	 0.002946148781286
3916.500232458110000	 0.002996326424201
3916.733191072940000	 0.003050840773688
3916.966149687770000	 0.003103571887884
3917.199108302590000	 0.003147996568197
3917.432066917420000	 0.003177940348962
3917.665025532250000	 0.003188899554294
3917.897984147070000	 0.003179495251434
3918.130942761900000	 0.003152274601111
3918.363901376720000	 0.003113203347190
3918.596859991550000	 0.003069817696558
3918.829818606380000	 0.003028802903570
3919.062777221200000	 0.002994207518643
3919.295735836030000	 0.002967201737929
3919.528694450860000	 0.002947360295266
3919.761653065680000	 0.002934498672507
3919.994611680510000	 0.002929765424771
3920.227570295330000	 0.002935196757055
3920.460528910160000	 0.002951927134723
3920.693487524990000	 0.002978129009550
3920.926446139810000	 0.003008055538307
3921.159404754640000	 0.003033116169168
3921.392363369460000	 0.003044881207003
3921.625321984290000	 0.003038744499198
3921.858280599120000	 0.003016339555002
3922.091239213940000	 0.002985247407381
3922.324197828770000	 0.002955973078637
3922.557156443600000	 0.002937735426284
3922.790115058420000	 0.002935242765637
3923.023073673250000	 0.002947917804614
3923.256032288070000	 0.002971539520622
3923.488990902900000	 0.003000953591176
3923.721949517730000	 0.003032076281225
3923.954908132550000	 0.003062040386533
3924.187866747380000	 0.003087647253722
3924.420825362210000	 0.003103566878468
3924.653783977030000	 0.003102168993416
3924.886742591860000	 0.003076063424114
3925.119701206680000	 0.003022705821788
3925.352659821510000	 0.002948749713558
3925.585618436340000	 0.002871268339724
3925.818577051160000	 0.002814077402350
3926.051535665990000	 0.002799797333794
3926.284494280820000	 0.002840791469675
3926.517452895640000	 0.002933245866047
3926.750411510470000	 0.003057583578616
3926.983370125290000	 0.003185510159625
3927.216328740120000	 0.003290720526116
3927.449287354950000	 0.003358401183898
3927.682245969770000	 0.003389204614169
3927.915204584600000	 0.003396120167526
3928.148163199420000	 0.003396158943673
3928.381121814250000	 0.003401164056542
3928.614080429080000	 0.003412207649537
3928.847039043900000	 0.003420047734124
3929.079997658730000	 0.003411083618026
3929.312956273560000	 0.003375598270605
3929.545914888380000	 0.003314017198210
3929.778873503210000	 0.003237991542973
3930.011832118030000	 0.003165849160015
3930.244790732860000	 0.003114903222762
3930.477749347690000	 0.003094621148209
3930.710707962510000	 0.003103955629364
3930.943666577340000	 0.003133752809383
3931.176625192170000	 0.003172467685648
3931.409583806990000	 0.003211844240794
3931.642542421820000	 0.003249521928258
3931.875501036640000	 0.003287485951388
3932.108459651470000	 0.003327745767263
3932.341418266300000	 0.003368165750003
3932.574376881120000	 0.003401141452846
3932.807335495950000	 0.003416064625786
3933.040294110780000	 0.003404323204674
3933.273252725600000	 0.003364133302489
3933.506211340430000	 0.003302522645346
3933.739169955250000	 0.003233253990120
3933.972128570080000	 0.003171626952875
3934.205087184910000	 0.003128748178201
3934.438045799730000	 0.003108056338058
3934.671004414560000	 0.003105521925230
3934.903963029380000	 0.003112876166007
3935.136921644210000	 0.003121732870124
3935.369880259040000	 0.003126375607978
3935.602838873860000	 0.003124163443805
3935.835797488690000	 0.003114088322753
3936.068756103520000	 0.003095031262042
3936.301714718340000	 0.003065218096311
3936.534673333170000	 0.003023408528313
3936.767631947990000	 0.002971078742415
3937.000590562820000	 0.002914046770608
3937.233549177650000	 0.002862160998820
3937.466507792470000	 0.002826751151302
3937.699466407300000	 0.002816860214354
3937.932425022130000	 0.002836022039824
3938.165383636950000	 0.002881110265803
3938.398342251780000	 0.002943745935454
3938.631300866600000	 0.003013500388655
3938.864259481430000	 0.003081319075749
3939.097218096260000	 0.003141637363834
3939.330176711080000	 0.003192515703689
3939.563135325910000	 0.003234261741119
3939.796093940730000	 0.003267732846158
3940.029052555560000	 0.003293421865665
3940.262011170390000	 0.003311665263613
3940.494969785210000	 0.003323429691058
3940.727928400040000	 0.003330724330870
3940.960887014870000	 0.003336020115586
3941.193845629690000	 0.003340896738068
3941.426804244520000	 0.003344883076213
3941.659762859340000	 0.003345550076444
3941.892721474170000	 0.003340230222120
3942.125680089000000	 0.003328653717827
3942.358638703820000	 0.003314967539520
3942.591597318650000	 0.003307617803964
3942.824555933480000	 0.003316567362525
3943.057514548300000	 0.003348810387241
3943.290473163130000	 0.003404267116033
3943.523431777950000	 0.003474209213868
3943.756390392780000	 0.003543309242350
3943.989349007610000	 0.003594730807140
3944.222307622430000	 0.003616145696011
3944.455266237260000	 0.003603946222817
3944.688224852090000	 0.003563691706374
3944.921183466910000	 0.003506751727509
3945.154142081740000	 0.003445106036211
3945.387100696560000	 0.003387066648688
3945.620059311390000	 0.003335856288900
3945.853017926220000	 0.003291181593093
3946.085976541040000	 0.003252324777800
3946.318935155870000	 0.003220666248770
3946.551893770690000	 0.003200123250217
3946.784852385520000	 0.003195345331432
3947.017811000350000	 0.003208873220406
3947.250769615170000	 0.003239064735597
3947.483728230000000	 0.003280089363752
3947.716686844830000	 0.003324028838040
3947.949645459650000	 0.003363872479925
3948.182604074480000	 0.003395698724876
3948.415562689300000	 0.003418872546213
3948.648521304130000	 0.003434344474223
3948.881479918960000	 0.003442349084348
3949.114438533780000	 0.003441199057675
3949.347397148610000	 0.003428166575098
3949.580355763440000	 0.003402040209951
3949.813314378260000	 0.003365712574975
3950.046272993090000	 0.003326907122568
3950.279231607910000	 0.003296127586627
3950.512190222740000	 0.003282560150839
3950.745148837570000	 0.003289963134552
3950.978107452390000	 0.003314745598968
3951.211066067220000	 0.003347379705062
3951.444024682050000	 0.003376592278198
3951.676983296870000	 0.003394301393262
3951.909941911700000	 0.003398779523758
3952.142900526520000	 0.003394400695825
3952.375859141350000	 0.003388204567828
3952.608817756180000	 0.003385316393898
3952.841776371000000	 0.003385866675437
3953.074734985830000	 0.003385104653468
3953.307693600660000	 0.003376536956671
3953.540652215480000	 0.003356238985374
3953.773610830310000	 0.003325851929658
3954.006569445130000	 0.003292493922811
3954.239528059960000	 0.003265524028476
3954.472486674790000	 0.003251890343506
3954.705445289610000	 0.003252628361508
3954.938403904440000	 0.003262436227733
3955.171362519260000	 0.003272514626021
3955.404321134090000	 0.003275038104789
3955.637279748920000	 0.003266751840911
3955.870238363740000	 0.003249746308093
3956.103196978570000	 0.003229137227189
3956.336155593400000	 0.003209202208366
3956.569114208220000	 0.003190422416497
3956.802072823050000	 0.003169325019242
3957.035031437870000	 0.003141356910761
3957.267990052700000	 0.003105192676261
3957.500948667530000	 0.003065909990366
3957.733907282350000	 0.003034926609626
3957.966865897180000	 0.003026290415040
3958.199824512000000	 0.003050922954301
3958.432783126830000	 0.003111590984123
3958.665741741660000	 0.003201068027058
3958.898700356480000	 0.003304366441452
3959.131658971310000	 0.003403942864340
3959.364617586140000	 0.003485414431708
3959.597576200960000	 0.003541240394367
3959.830534815790000	 0.003571043013553
3960.063493430610000	 0.003579069861172
3960.296452045440000	 0.003570685279141
3960.529410660270000	 0.003549966614639
3960.762369275090000	 0.003519478566067
3960.995327889920000	 0.003481799945185
3961.228286504750000	 0.003441287160918
3961.461245119570000	 0.003404489638109
3961.694203734400000	 0.003378584878493
3961.927162349220000	 0.003368557573561
3962.160120964050000	 0.003374744156692
3962.393079578880000	 0.003392252798495
3962.626038193700000	 0.003412746394912
3962.858996808530000	 0.003427761251650
3963.091955423360000	 0.003431872931231
3963.324914038180000	 0.003424104776965
3963.557872653010000	 0.003406986850827
3963.790831267830000	 0.003384042335736
3964.023789882660000	 0.003357370155117
3964.256748497490000	 0.003326846100975
3964.489707112310000	 0.003291380513108
3964.722665727140000	 0.003251329395522
3964.955624341960000	 0.003210373236137
3965.188582956790000	 0.003175426231369
3965.421541571620000	 0.003154285889243
3965.654500186440000	 0.003152110857398
3965.887458801270000	 0.003168609661129
3966.120417416100000	 0.003197566552384
3966.353376030920000	 0.003229156809662
3966.586334645750000	 0.003254037750860
3966.819293260570000	 0.003267223909158
3967.052251875400000	 0.003269819717227
3967.285210490230000	 0.003267802594254
3967.518169105050000	 0.003268615341332
3967.751127719880000	 0.003277438590499
3967.984086334710000	 0.003295054723322
3968.217044949530000	 0.003318223422962
3968.450003564360000	 0.003342070672657
3968.682962179180000	 0.003362931713667
3968.915920794010000	 0.003379948416174
3969.148879408840000	 0.003394566637631
3969.381838023660000	 0.003408408763400
3969.614796638490000	 0.003421011924992
3969.847755253320000	 0.003429021360774
3970.080713868140000	 0.003427567875418
3970.313672482970000	 0.003413236147009
3970.546631097790000	 0.003386985414641
3970.779589712620000	 0.003355224937452
3971.012548327450000	 0.003328126259233
3971.245506942270000	 0.003315723016668
3971.478465557100000	 0.003323576032539
3971.711424171920000	 0.003350078833308
3971.944382786750000	 0.003386719974900
3972.177341401580000	 0.003421236747448
3972.410300016400000	 0.003442275300274
3972.643258631230000	 0.003443524536916
3972.876217246060000	 0.003425605402350
3973.109175860880000	 0.003395097477742
3973.342134475710000	 0.003361391798130
3973.575093090530000	 0.003332918225416
3973.808051705360000	 0.003314358424251
3974.041010320190000	 0.003305813850060
3974.273968935010000	 0.003303941154210
3974.506927549840000	 0.003304246679242
3974.739886164670000	 0.003303376886540
3974.972844779490000	 0.003300439489855
3975.205803394320000	 0.003296959820064
3975.438762009140000	 0.003295694175622
3975.671720623970000	 0.003298925075232
3975.904679238800000	 0.003306970874536
3976.137637853620000	 0.003317508311771
3976.370596468450000	 0.003326015826527
3976.603555083270000	 0.003327268977298
3976.836513698100000	 0.003317435915603
3977.069472312930000	 0.003296033058487
3977.302430927750000	 0.003266914994444
3977.535389542580000	 0.003237670533645
3977.768348157410000	 0.003217304820169
3978.001306772230000	 0.003212809673575
3978.234265387060000	 0.003225882968542
3978.467224001880000	 0.003251267864151
3978.700182616710000	 0.003277701131913
3978.933141231540000	 0.003291415535215
3979.166099846360000	 0.003281001266808
3979.399058461190000	 0.003241729627208
3979.632017076020000	 0.003177520502552
3979.864975690840000	 0.003099630165696
3980.097934305670000	 0.003022538696223
3980.330892920490000	 0.002958806654590
3980.563851535320000	 0.002915164154992
3980.796810150150000	 0.002891471971729
3981.029768764970000	 0.002882759911332
3981.262727379800000	 0.002883057778878
3981.495685994630000	 0.002888938782995
3981.728644609450000	 0.002900965919024
3981.961603224280000	 0.002922419664602
3982.194561839100000	 0.002956178145330
3982.427520453930000	 0.003001617402590
3982.660479068760000	 0.003053355977323
3982.893437683580000	 0.003102638119579
3983.126396298410000	 0.003140728407461
3983.359354913240000	 0.003162632822473
3983.592313528060000	 0.003169291280877
3983.825272142890000	 0.003167175594450
3984.058230757710000	 0.003165554570242
3984.291189372540000	 0.003172826079489
3984.524147987370000	 0.003193640070639
3984.757106602190000	 0.003227926391708
3984.990065217020000	 0.003271834572213
3985.223023831840000	 0.003319659618410
3985.455982446670000	 0.003365557759476
3985.688941061500000	 0.003404319074209
3985.921899676320000	 0.003431308959080
3986.154858291150000	 0.003442351272376
3986.387816905980000	 0.003434359538172
3986.620775520800000	 0.003406892069005
3986.853734135630000	 0.003363912373684
3987.086692750450000	 0.003314476825564
3987.319651365280000	 0.003271293726114
3987.552609980110000	 0.003247103467092
3987.785568594930000	 0.003250102832531
3988.018527209760000	 0.003280411847282
3988.251485824590000	 0.003329342705887
3988.484444439410000	 0.003382058720813
3988.717403054240000	 0.003422700473353
3988.950361669060000	 0.003439934914163
3989.183320283890000	 0.003430672959269
3989.416278898720000	 0.003400522688042
3989.649237513540000	 0.003361030243674
3989.882196128370000	 0.003325159932260
3990.115154743190000	 0.003303050175908
3990.348113358020000	 0.003299615796192
3990.581071972850000	 0.003314434324989
3990.814030587670000	 0.003343249627852
3991.046989202500000	 0.003379909416482
3991.279947817330000	 0.003417781874494
3991.512906432150000	 0.003450408307298
3991.745865046980000	 0.003471836428051
3991.978823661800000	 0.003477289714333
3992.211782276630000	 0.003464440644666
3992.444740891460000	 0.003434852479083
3992.677699506280000	 0.003394642594918
3992.910658121110000	 0.003353516055026
3993.143616735930000	 0.003322066682710
3993.376575350760000	 0.003308240328975
3993.609533965590000	 0.003314474330977
3993.842492580410000	 0.003336845998058
3994.075451195240000	 0.003366656294588
3994.308409810070000	 0.003393736749375
3994.541368424890000	 0.003409985698522
3994.774327039720000	 0.003411599932670
3995.007285654540000	 0.003399194267821
3995.240244269370000	 0.003376122254759
3995.473202884200000	 0.003346205015837
3995.706161499020000	 0.003312228875963
3995.939120113850000	 0.003275926775000
3996.172078728680000	 0.003239143403973
3996.405037343500000	 0.003205123624639
3996.637995958330000	 0.003178801420607
3996.870954573150000	 0.003165628409937
3997.103913187980000	 0.003169456256078
3997.336871802810000	 0.003190657019996
3997.569830417630000	 0.003225597921161
3997.802789032460000	 0.003267830819026
3998.035747647290000	 0.003310388650436
3998.268706262110000	 0.003347976959345
3998.501664876940000	 0.003377951264359
3998.734623491760000	 0.003399722740136
3998.967582106590000	 0.003413200683914
3999.200540721420000	 0.003417470255106
3999.433499336240000	 0.003410731596326
3999.666457951070000	 0.003391676713163
3999.899416565900000	 0.003361467163061
