Wavenumber,Intensity
649.9545,0.087793
650.1875,0.086278
650.4205,0.085022
650.6534,0.084096
650.8864,0.083431
651.1193,0.082879
651.3523,0.082299
651.5852,0.081636
651.8182,0.080932
652.0512,0.080290
652.2841,0.079799
652.5171,0.079491
652.7500,0.079326
652.9830,0.079225
653.2160,0.079120
653.4489,0.078989
653.6819,0.078856
653.9148,0.078758
654.1478,0.078703
654.3807,0.078656
654.6137,0.078557
654.8467,0.078365
655.0796,0.078104
655.3126,0.077866
655.5455,0.077772
655.7785,0.077903
656.0115,0.078249
656.2444,0.078692
656.4774,0.079049
656.7103,0.079149
656.9433,0.078914
657.1763,0.078397
657.4092,0.077753
657.6422,0.077163
657.8751,0.076752
658.1081,0.076552
658.3410,0.076509
658.5740,0.076541
658.8070,0.076593
659.0399,0.076678
659.2729,0.076855
659.5058,0.077184
659.7388,0.077662
659.9718,0.078206
660.2047,0.078678
660.4377,0.078947
660.6706,0.078964
660.9036,0.078787
661.1365,0.078554
661.3695,0.078413
661.6025,0.078448
661.8354,0.078644
662.0684,0.078902
662.3013,0.079103
662.5343,0.079174
662.7673,0.079133
663.0002,0.079075
663.2332,0.079108
663.4661,0.079289
663.6991,0.079582
663.9321,0.079873
664.1650,0.080027
664.3980,0.079958
664.6309,0.079671
664.8639,0.079250
665.0968,0.078806
665.3298,0.078415
665.5628,0.078084
665.7957,0.077766
666.0287,0.077407
666.2616,0.077014
666.4946,0.076693
666.7276,0.076655
666.9605,0.077182
667.1935,0.078548
667.4264,0.080866
667.6594,0.083878
667.8923,0.086841
668.1253,0.088828
668.3583,0.089357
668.5912,0.088655
668.8242,0.087307
669.0571,0.085823
669.2901,0.084469
669.5231,0.083315
669.7560,0.082329
669.9890,0.081449
670.2219,0.080641
670.4549,0.079906
670.6879,0.079269
670.9208,0.078746
671.1538,0.078324
671.3867,0.077965
671.6197,0.077626
671.8526,0.077287
672.0856,0.076973
672.3186,0.076733
672.5515,0.076613
672.7845,0.076617
673.0174,0.076694
673.2504,0.076755
673.4834,0.076710
673.7163,0.076521
673.9493,0.076218
674.1822,0.075891
674.4152,0.075638
674.6481,0.075517
674.8811,0.075513
675.1141,0.075548
675.3470,0.075524
675.5800,0.075373
675.8129,0.075095
676.0459,0.074759
676.2789,0.074456
676.5118,0.074256
676.7448,0.074167
676.9777,0.074140
677.2107,0.074099
677.4437,0.073990
677.6766,0.073815
677.9096,0.073636
678.1425,0.073537
678.3755,0.073578
678.6084,0.073759
678.8414,0.074011
679.0744,0.074231
679.3073,0.074320
679.5403,0.074234
679.7732,0.073989
680.0062,0.073648
680.2392,0.073279
680.4721,0.072920
680.7051,0.072576
680.9380,0.072225
681.1710,0.071853
681.4039,0.071470
681.6369,0.071113
681.8699,0.070826
682.1028,0.070632
682.3358,0.070516
682.5687,0.070425
682.8017,0.070297
683.0347,0.070090
683.2676,0.069805
683.5006,0.069484
683.7335,0.069186
683.9665,0.068952
684.1995,0.068787
684.4324,0.068655
684.6654,0.068502
684.8983,0.068285
685.1313,0.067996
685.3642,0.067663
685.5972,0.067329
685.8302,0.067030
686.0631,0.066777
686.2961,0.066553
686.5290,0.066333
686.7620,0.066104
686.9950,0.065882
687.2279,0.065703
687.4609,0.065608
687.6938,0.065610
687.9268,0.065691
688.1597,0.065797
688.3927,0.065867
688.6257,0.065859
688.8586,0.065767
689.0916,0.065623
689.3245,0.065472
689.5575,0.065348
689.7905,0.065256
690.0234,0.065177
690.2564,0.065081
690.4893,0.064951
690.7223,0.064796
690.9553,0.064644
691.1882,0.064526
691.4212,0.064454
691.6541,0.064415
691.8871,0.064376
692.1200,0.064311
692.3530,0.064220
692.5860,0.064138
692.8189,0.064120
693.0519,0.064212
693.2848,0.064420
693.5178,0.064701
693.7508,0.064970
693.9837,0.065131
694.2167,0.065119
694.4496,0.064921
694.6826,0.064580
694.9155,0.064164
695.1485,0.063740
695.3815,0.063344
695.6144,0.062980
695.8474,0.062639
696.0803,0.062313
696.3133,0.062019
696.5463,0.061789
696.7792,0.061656
697.0122,0.061631
697.2451,0.061690
697.4781,0.061783
697.7111,0.061849
697.9440,0.061849
698.1770,0.061782
698.4099,0.061680
698.6429,0.061590
698.8758,0.061543
699.1088,0.061542
699.3418,0.061559
699.5747,0.061556
699.8077,0.061509
700.0406,0.061424
700.2736,0.061337
700.5066,0.061291
700.7395,0.061309
700.9725,0.061375
701.2054,0.061438
701.4384,0.061425
701.6713,0.061282
701.9043,0.060992
702.1373,0.060588
702.3702,0.060133
702.6032,0.059699
702.8361,0.059342
703.0691,0.059087
703.3021,0.058935
703.5350,0.058873
703.7680,0.058891
704.0009,0.058984
704.2339,0.059151
704.4669,0.059377
704.6998,0.059630
704.9328,0.059861
705.1657,0.060017
705.3987,0.060066
705.6316,0.060003
705.8646,0.059860
706.0976,0.059686
706.3305,0.059527
706.5635,0.059409
706.7964,0.059335
707.0294,0.059289
707.2624,0.059252
707.4953,0.059218
707.7283,0.059196
707.9612,0.059202
708.1942,0.059252
708.4271,0.059345
708.6601,0.059468
708.8931,0.059599
709.1260,0.059722
709.3590,0.059834
709.5919,0.059943
709.8249,0.060063
710.0579,0.060195
710.2908,0.060324
710.5238,0.060421
710.7567,0.060456
710.9897,0.060414
711.2227,0.060304
711.4556,0.060159
711.6886,0.060020
711.9215,0.059919
712.1545,0.059865
712.3874,0.059844
712.6204,0.059832
712.8534,0.059804
713.0863,0.059752
713.3193,0.059686
713.5522,0.059628
713.7852,0.059599
714.0182,0.059608
714.2511,0.059655
714.4841,0.059731
714.7170,0.059830
714.9500,0.059955
715.1829,0.060116
715.4159,0.060318
715.6489,0.060555
715.8818,0.060804
716.1148,0.061026
716.3477,0.061187
716.5807,0.061263
716.8137,0.061257
717.0466,0.061195
717.2796,0.061114
717.5125,0.061051
717.7455,0.061030
717.9785,0.061059
718.2114,0.061139
718.4444,0.061269
718.6773,0.061450
718.9103,0.061683
719.1432,0.061962
719.3762,0.062267
719.6092,0.062563
719.8421,0.062808
720.0751,0.062967
720.3080,0.063026
720.5410,0.062994
720.7740,0.062902
721.0069,0.062786
721.2399,0.062668
721.4728,0.062557
721.7058,0.062449
721.9387,0.062341
722.1717,0.062241
722.4047,0.062175
722.6376,0.062173
722.8706,0.062260
723.1035,0.062437
723.3365,0.062678
723.5695,0.062942
723.8024,0.063182
724.0354,0.063373
724.2683,0.063514
724.5013,0.063628
724.7343,0.063746
724.9672,0.063891
725.2002,0.064071
725.4331,0.064275
725.6661,0.064489
725.8990,0.064708
726.1320,0.064943
726.3650,0.065214
726.5979,0.065544
726.8309,0.065938
727.0638,0.066383
727.2968,0.066852
727.5298,0.067317
727.7627,0.067771
727.9957,0.068230
728.2286,0.068730
728.4616,0.069308
728.6945,0.069982
728.9275,0.070739
729.1605,0.071537
729.3934,0.072319
729.6264,0.073032
729.8593,0.073645
730.0923,0.074149
730.3253,0.074549
730.5582,0.074847
730.7912,0.075033
731.0241,0.075087
731.2571,0.074988
731.4901,0.074734
731.7230,0.074344
731.9560,0.073856
732.1889,0.073311
732.4219,0.072741
732.6548,0.072152
732.8878,0.071540
733.1208,0.070891
733.3537,0.070208
733.5867,0.069509
733.8196,0.068824
734.0526,0.068185
734.2856,0.067606
734.5185,0.067081
734.7515,0.066585
734.9844,0.066092
735.2174,0.065582
735.4503,0.065058
735.6833,0.064541
735.9163,0.064055
736.1492,0.063623
736.3822,0.063250
736.6151,0.062928
736.8481,0.062645
737.0811,0.062389
737.3140,0.062160
737.5470,0.061964
737.7799,0.061803
738.0129,0.061672
738.2459,0.061553
738.4788,0.061419
738.7118,0.061249
738.9447,0.061035
739.1777,0.060791
739.4106,0.060548
739.6436,0.060344
739.8766,0.060210
740.1095,0.060160
740.3425,0.060192
740.5754,0.060291
740.8084,0.060435
741.0414,0.060604
741.2743,0.060784
741.5073,0.060963
741.7402,0.061133
741.9732,0.061288
742.2061,0.061428
742.4391,0.061559
742.6721,0.061698
742.9050,0.061863
743.1380,0.062067
743.3709,0.062311
743.6039,0.062580
743.8369,0.062850
744.0698,0.063103
744.3028,0.063336
744.5357,0.063573
744.7687,0.063853
745.0017,0.064222
745.2346,0.064706
745.4676,0.065303
745.7005,0.065980
745.9335,0.066684
746.1664,0.067361
746.3994,0.067975
746.6324,0.068514
746.8653,0.068981
747.0983,0.069383
747.3312,0.069715
747.5642,0.069955
747.7972,0.070077
748.0301,0.070061
748.2631,0.069916
748.4960,0.069682
748.7290,0.069419
748.9619,0.069186
749.1949,0.069024
749.4279,0.068943
749.6608,0.068923
749.8938,0.068935
750.1267,0.068953
750.3597,0.068970
750.5927,0.068997
750.8256,0.069053
751.0586,0.069151
751.2915,0.069288
751.5245,0.069444
751.7575,0.069590
751.9904,0.069698
752.2234,0.069744
752.4563,0.069717
752.6893,0.069606
752.9222,0.069406
753.1552,0.069112
753.3882,0.068725
753.6211,0.068267
753.8541,0.067774
754.0870,0.067297
754.3200,0.066885
754.5530,0.066567
754.7859,0.066345
755.0189,0.066194
755.2518,0.066073
755.4848,0.065947
755.7177,0.065799
755.9507,0.065638
756.1837,0.065487
756.4166,0.065368
756.6496,0.065291
756.8825,0.065248
757.1155,0.065218
757.3485,0.065183
757.5814,0.065139
757.8144,0.065097
758.0473,0.065079
758.2803,0.065104
758.5132,0.065172
758.7462,0.065268
758.9792,0.065365
759.2121,0.065440
759.4451,0.065489
759.6780,0.065527
759.9110,0.065585
760.1440,0.065687
760.3769,0.065844
760.6099,0.066041
760.8428,0.066249
761.0758,0.066439
761.3088,0.066601
761.5417,0.066747
761.7747,0.066909
762.0076,0.067122
762.2406,0.067408
762.4735,0.067765
762.7065,0.068165
762.9395,0.068573
763.1724,0.068957
763.4054,0.069302
763.6383,0.069609
763.8713,0.069889
764.1043,0.070153
764.3372,0.070401
764.5702,0.070629
764.8031,0.070833
765.0361,0.071019
765.2690,0.071208
765.5020,0.071428
765.7350,0.071704
765.9679,0.072046
766.2009,0.072445
766.4338,0.072874
766.6668,0.073304
766.8998,0.073715
767.1327,0.074100
767.3657,0.074467
767.5986,0.074822
767.8316,0.075162
768.0646,0.075472
768.2975,0.075727
768.5305,0.075909
768.7634,0.076012
768.9964,0.076051
769.2293,0.076056
769.4623,0.076052
769.6953,0.076051
769.9282,0.076045
770.1612,0.076013
770.3941,0.075933
770.6271,0.075800
770.8601,0.075632
771.0930,0.075460
771.3260,0.075317
771.5589,0.075224
771.7919,0.075175
772.0248,0.075149
772.2578,0.075118
772.4908,0.075064
772.7237,0.074987
772.9567,0.074906
773.1896,0.074846
773.4226,0.074824
773.6556,0.074843
773.8885,0.074889
774.1215,0.074940
774.3544,0.074981
774.5874,0.075004
774.8204,0.075017
775.0533,0.075029
775.2863,0.075050
775.5192,0.075078
775.7522,0.075110
775.9851,0.075143
776.2181,0.075185
776.4511,0.075254
776.6840,0.075372
776.9170,0.075552
777.1499,0.075792
777.3829,0.076069
777.6159,0.076344
777.8488,0.076581
778.0818,0.076761
778.3147,0.076884
778.5477,0.076974
778.7806,0.077066
779.0136,0.077188
779.2466,0.077357
779.4795,0.077578
779.7125,0.077844
779.9454,0.078150
780.1784,0.078496
780.4114,0.078884
780.6443,0.079320
780.8773,0.079802
781.1102,0.080322
781.3432,0.080867
781.5762,0.081428
781.8091,0.082001
782.0421,0.082589
782.2750,0.083198
782.5080,0.083826
782.7409,0.084461
782.9739,0.085079
783.2069,0.085658
783.4398,0.086188
783.6728,0.086674
783.9057,0.087133
784.1387,0.087588
784.3717,0.088043
784.6046,0.088483
784.8376,0.088872
785.0705,0.089172
785.3035,0.089361
785.5364,0.089450
785.7694,0.089479
786.0024,0.089504
786.2353,0.089572
786.4683,0.089700
786.7012,0.089870
786.9342,0.090040
787.1672,0.090167
787.4001,0.090231
787.6331,0.090243
787.8660,0.090243
788.0990,0.090279
788.3320,0.090387
788.5649,0.090578
788.7979,0.090841
789.0308,0.091152
789.2638,0.091495
789.4967,0.091868
789.7297,0.092283
789.9627,0.092758
790.1956,0.093298
790.4286,0.093891
790.6615,0.094511
790.8945,0.095128
791.1275,0.095721
791.3604,0.096288
791.5934,0.096842
791.8263,0.097396
792.0593,0.097953
792.2922,0.098497
792.5252,0.099001
792.7582,0.099439
792.9911,0.099797
793.2241,0.100083
793.4570,0.100318
793.6900,0.100523
793.9230,0.100702
794.1559,0.100841
794.3889,0.100907
794.6218,0.100873
794.8548,0.100728
795.0878,0.100484
795.3207,0.100178
795.5537,0.099849
795.7866,0.099526
796.0196,0.099218
796.2525,0.098917
796.4855,0.098613
796.7185,0.098305
796.9514,0.098004
797.1844,0.097738
797.4173,0.097531
797.6503,0.097397
797.8833,0.097333
798.1162,0.097322
798.3492,0.097349
798.5821,0.097408
798.8151,0.097509
799.0480,0.097673
799.2810,0.097919
799.5140,0.098254
799.7469,0.098672
799.9799,0.099154
800.2128,0.099687
800.4458,0.100272
800.6788,0.100923
800.9117,0.101665
801.1447,0.102516
801.3776,0.103471
801.6106,0.104499
801.8436,0.105549
802.0765,0.106569
802.3095,0.107518
802.5424,0.108375
802.7754,0.109128
803.0083,0.109763
803.2413,0.110241
803.4743,0.110497
803.7072,0.110444
803.9402,0.110000
804.1731,0.109109
804.4061,0.107760
804.6391,0.105986
804.8720,0.103846
805.1050,0.101417
805.3379,0.098775
805.5709,0.095997
805.8038,0.093164
806.0368,0.090365
806.2698,0.087686
806.5027,0.085204
806.7357,0.082968
806.9686,0.080996
807.2016,0.079277
807.4346,0.077781
807.6675,0.076480
807.9005,0.075356
808.1334,0.074409
808.3664,0.073644
808.5994,0.073066
808.8323,0.072663
809.0653,0.072406
809.2982,0.072252
809.5312,0.072158
809.7641,0.072093
809.9971,0.072046
810.2301,0.072021
810.4630,0.072031
810.6960,0.072082
810.9289,0.072172
811.1619,0.072291
811.3949,0.072426
811.6278,0.072572
811.8608,0.072732
812.0937,0.072921
812.3267,0.073149
812.5596,0.073419
812.7926,0.073720
813.0256,0.074034
813.2585,0.074342
813.4915,0.074633
813.7244,0.074910
813.9574,0.075185
814.1904,0.075471
814.4233,0.075773
814.6563,0.076088
814.8892,0.076404
815.1222,0.076716
815.3552,0.077028
815.5881,0.077357
815.8211,0.077731
816.0540,0.078172
816.2870,0.078691
816.5199,0.079283
816.7529,0.079931
816.9859,0.080617
817.2188,0.081335
817.4518,0.082090
817.6847,0.082899
817.9177,0.083774
818.1507,0.084718
818.3836,0.085716
818.6166,0.086740
818.8495,0.087766
819.0825,0.088779
819.3154,0.089785
819.5484,0.090803
819.7814,0.091852
820.0143,0.092943
820.2473,0.094066
820.4802,0.095196
820.7132,0.096307
820.9462,0.097384
821.1791,0.098431
821.4121,0.099471
821.6450,0.100533
821.8780,0.101640
822.1110,0.102798
822.3439,0.103999
822.5769,0.105231
822.8098,0.106485
823.0428,0.107764
823.2757,0.109077
823.5087,0.110432
823.7417,0.111821
823.9746,0.113220
824.2076,0.114592
824.4405,0.115904
824.6735,0.117139
824.9065,0.118304
825.1394,0.119423
825.3724,0.120519
825.6053,0.121597
825.8383,0.122636
826.0712,0.123590
826.3042,0.124410
826.5372,0.125058
826.7701,0.125523
827.0031,0.125820
827.2360,0.125973
827.4690,0.126005
827.7020,0.125922
827.9349,0.125720
828.1679,0.125397
828.4008,0.124961
828.6338,0.124441
828.8668,0.123883
829.0997,0.123330
829.3327,0.122811
829.5656,0.122332
829.7986,0.121878
830.0315,0.121429
830.2645,0.120968
830.4975,0.120497
830.7304,0.120030
830.9634,0.119584
831.1963,0.119168
831.4293,0.118780
831.6623,0.118405
831.8952,0.118035
832.1282,0.117671
832.3611,0.117332
832.5941,0.117051
832.8270,0.116854
833.0600,0.116757
833.2930,0.116754
833.5259,0.116820
833.7589,0.116929
833.9918,0.117065
834.2248,0.117228
834.4578,0.117430
834.6907,0.117685
834.9237,0.117996
835.1566,0.118348
835.3896,0.118710
835.6226,0.119050
835.8555,0.119349
836.0885,0.119604
836.3214,0.119834
836.5544,0.120060
836.7873,0.120294
837.0203,0.120531
837.2533,0.120750
837.4862,0.120923
837.7192,0.121030
837.9521,0.121067
838.1851,0.121045
838.4181,0.120982
838.6510,0.120895
838.8840,0.120794
839.1169,0.120682
839.3499,0.120566
839.5828,0.120462
839.8158,0.120399
840.0488,0.120410
840.2817,0.120527
840.5147,0.120762
840.7476,0.121105
840.9806,0.121530
841.2136,0.122001
841.4465,0.122489
841.6795,0.122972
841.9124,0.123440
842.1454,0.123880
842.3784,0.124276
842.6113,0.124601
842.8443,0.124826
843.0772,0.124933
843.3102,0.124926
843.5431,0.124835
843.7761,0.124705
844.0091,0.124585
844.2420,0.124511
844.4750,0.124498
844.7079,0.124542
844.9409,0.124632
845.1739,0.124763
845.4068,0.124937
845.6398,0.125163
845.8727,0.125453
846.1057,0.125807
846.3386,0.126214
846.5716,0.126653
846.8046,0.127108
847.0375,0.127573
847.2705,0.128055
847.5034,0.128569
847.7364,0.129124
847.9694,0.129713
848.2023,0.130314
848.4353,0.130887
848.6682,0.131399
848.9012,0.131827
849.1342,0.132168
849.3671,0.132433
849.6001,0.132633
849.8330,0.132771
850.0660,0.132837
850.2989,0.132815
850.5319,0.132699
850.7649,0.132500
850.9978,0.132255
851.2308,0.132011
851.4637,0.131813
851.6967,0.131682
851.9297,0.131615
852.1626,0.131582
852.3956,0.131549
852.6285,0.131487
852.8615,0.131389
853.0944,0.131260
853.3274,0.131110
853.5604,0.130946
853.7933,0.130755
854.0263,0.130515
854.2592,0.130201
854.4922,0.129800
854.7252,0.129314
854.9581,0.128758
855.1911,0.128158
855.4240,0.127531
855.6570,0.126890
855.8900,0.126236
856.1229,0.125576
856.3559,0.124922
856.5888,0.124295
856.8218,0.123722
857.0547,0.123222
857.2877,0.122805
857.5207,0.122467
857.7536,0.122195
857.9866,0.121983
858.2195,0.121831
858.4525,0.121754
858.6855,0.121769
858.9184,0.121882
859.1514,0.122082
859.3843,0.122330
859.6173,0.122574
859.8502,0.122757
860.0832,0.122835
860.3162,0.122780
860.5491,0.122580
860.7821,0.122226
861.0150,0.121704
861.2480,0.120989
861.4810,0.120051
861.7139,0.118868
861.9469,0.117438
862.1798,0.115780
862.4128,0.113939
862.6458,0.111964
862.8787,0.109905
863.1117,0.107801
863.3446,0.105683
863.5776,0.103581
863.8105,0.101524
864.0435,0.099548
864.2765,0.097690
864.5094,0.095980
864.7424,0.094441
864.9753,0.093082
865.2083,0.091905
865.4413,0.090908
865.6742,0.090093
865.9072,0.089461
866.1401,0.089015
866.3731,0.088749
866.6060,0.088648
866.8390,0.088684
867.0720,0.088822
867.3049,0.089023
867.5379,0.089255
867.7708,0.089493
868.0038,0.089719
868.2368,0.089919
868.4697,0.090074
868.7027,0.090165
868.9356,0.090169
869.1686,0.090071
869.4016,0.089867
869.6345,0.089562
869.8675,0.089173
870.1004,0.088721
870.3334,0.088225
870.5663,0.087702
870.7993,0.087170
871.0323,0.086645
871.2652,0.086150
871.4982,0.085710
871.7311,0.085346
871.9641,0.085073
872.1971,0.084896
872.4300,0.084810
872.6630,0.084809
872.8959,0.084890
873.1289,0.085055
873.3618,0.085313
873.5948,0.085671
873.8278,0.086129
874.0607,0.086680
874.2937,0.087306
874.5266,0.087985
874.7596,0.088704
874.9926,0.089460
875.2255,0.090261
875.4585,0.091123
875.6914,0.092062
875.9244,0.093085
876.1574,0.094196
876.3903,0.095392
876.6233,0.096674
876.8562,0.098053
877.0892,0.099543
877.3221,0.101161
877.5551,0.102919
877.7881,0.104812
878.0210,0.106826
878.2540,0.108940
878.4869,0.111143
878.7199,0.113439
878.9529,0.115851
879.1858,0.118413
879.4188,0.121160
879.6517,0.124107
879.8847,0.127250
880.1176,0.130561
880.3506,0.133998
880.5836,0.137513
880.8165,0.141062
881.0495,0.144596
881.2824,0.148056
881.5154,0.151366
881.7484,0.154427
881.9813,0.157127
882.2143,0.159360
882.4472,0.161036
882.6802,0.162096
882.9132,0.162505
883.1461,0.162244
883.3791,0.161305
883.6120,0.159686
883.8450,0.157408
884.0779,0.154528
884.3109,0.151150
884.5439,0.147415
884.7768,0.143492
885.0098,0.139543
885.2427,0.135712
885.4757,0.132110
885.7087,0.128818
885.9416,0.125898
886.1746,0.123396
886.4075,0.121349
886.6405,0.119781
886.8734,0.118694
887.1064,0.118067
887.3394,0.117853
887.5723,0.117987
887.8053,0.118396
888.0382,0.119006
888.2712,0.119748
888.5042,0.120554
888.7371,0.121355
888.9701,0.122074
889.2030,0.122630
889.4360,0.122951
889.6690,0.122982
889.9019,0.122702
890.1349,0.122125
890.3678,0.121297
890.6008,0.120279
890.8337,0.119137
891.0667,0.117935
891.2997,0.116731
891.5326,0.115582
891.7656,0.114548
891.9985,0.113687
892.2315,0.113049
892.4645,0.112667
892.6974,0.112549
892.9304,0.112680
893.1633,0.113027
893.3963,0.113553
893.6292,0.114221
893.8622,0.115006
894.0952,0.115885
894.3281,0.116830
894.5611,0.117803
894.7940,0.118746
895.0270,0.119596
895.2600,0.120284
895.4929,0.120755
895.7259,0.120970
895.9588,0.120905
896.1918,0.120547
896.4247,0.119885
896.6577,0.118914
896.8907,0.117636
897.1236,0.116068
897.3566,0.114251
897.5895,0.112240
897.8225,0.110100
898.0555,0.107893
898.2884,0.105667
898.5214,0.103452
898.7543,0.101268
898.9873,0.099131
899.2203,0.097063
899.4532,0.095089
899.6862,0.093235
899.9191,0.091518
900.1521,0.089941
900.3850,0.088488
900.6180,0.087132
900.8510,0.085842
901.0839,0.084593
901.3169,0.083368
901.5498,0.082161
901.7828,0.080974
902.0158,0.079805
902.2487,0.078650
902.4817,0.077502
902.7146,0.076354
902.9476,0.075204
903.1805,0.074055
903.4135,0.072913
903.6465,0.071788
903.8794,0.070682
904.1124,0.069597
904.3453,0.068532
904.5783,0.067488
904.8113,0.066471
905.0442,0.065495
905.2772,0.064576
905.5101,0.063732
905.7431,0.062974
905.9761,0.062308
906.2090,0.061734
906.4420,0.061250
906.6749,0.060851
906.9079,0.060536
907.1408,0.060304
907.3738,0.060152
907.6068,0.060079
907.8397,0.060076
908.0727,0.060138
908.3056,0.060259
908.5386,0.060437
908.7716,0.060673
909.0045,0.060969
909.2375,0.061324
909.4704,0.061736
909.7034,0.062198
909.9363,0.062701
910.1693,0.063241
910.4023,0.063817
910.6352,0.064429
910.8682,0.065079
911.1011,0.065763
911.3341,0.066468
911.5671,0.067171
911.8000,0.067844
912.0330,0.068460
912.2659,0.068995
912.4989,0.069435
912.7319,0.069771
912.9648,0.069999
913.1978,0.070113
913.4307,0.070110
913.6637,0.069985
913.8966,0.069739
914.1296,0.069383
914.3626,0.068935
914.5955,0.068420
914.8285,0.067864
915.0614,0.067288
915.2944,0.066708
915.5274,0.066132
915.7603,0.065567
915.9933,0.065020
916.2262,0.064496
916.4592,0.063998
916.6921,0.063527
916.9251,0.063079
917.1581,0.062645
917.3910,0.062216
917.6240,0.061786
917.8569,0.061355
918.0899,0.060924
918.3229,0.060498
918.5558,0.060080
918.7888,0.059667
919.0217,0.059254
919.2547,0.058836
919.4877,0.058412
919.7206,0.057987
919.9536,0.057571
920.1865,0.057179
920.4195,0.056820
920.6524,0.056498
920.8854,0.056210
921.1184,0.055950
921.3513,0.055712
921.5843,0.055494
921.8172,0.055298
922.0502,0.055129
922.2832,0.054991
922.5161,0.054882
922.7491,0.054798
922.9820,0.054730
923.2150,0.054671
923.4479,0.054615
923.6809,0.054564
923.9139,0.054518
924.1468,0.054480
924.3798,0.054446
924.6127,0.054411
924.8457,0.054366
925.0787,0.054308
925.3116,0.054235
925.5446,0.054154
925.7775,0.054072
926.0105,0.053999
926.2435,0.053938
926.4764,0.053886
926.7094,0.053837
926.9423,0.053784
927.1753,0.053721
927.4082,0.053647
927.6412,0.053562
927.8742,0.053465
928.1071,0.053357
928.3401,0.053233
928.5730,0.053092
928.8060,0.052931
929.0390,0.052754
929.2719,0.052568
929.5049,0.052378
929.7378,0.052190
929.9708,0.052000
930.2037,0.051803
930.4367,0.051592
930.6697,0.051363
930.9026,0.051120
931.1356,0.050871
931.3685,0.050628
931.6015,0.050404
931.8345,0.050206
932.0674,0.050038
932.3004,0.049897
932.5333,0.049781
932.7663,0.049692
932.9993,0.049632
933.2322,0.049607
933.4652,0.049620
933.6981,0.049667
933.9311,0.049740
934.1640,0.049827
934.3970,0.049915
934.6300,0.049998
934.8629,0.050075
935.0959,0.050154
935.3288,0.050246
935.5618,0.050359
935.7948,0.050504
936.0277,0.050681
936.2607,0.050892
936.4936,0.051133
936.7266,0.051402
936.9595,0.051693
937.1925,0.051998
937.4255,0.052311
937.6584,0.052622
937.8914,0.052927
938.1243,0.053222
938.3573,0.053514
938.5903,0.053810
938.8232,0.054119
939.0562,0.054445
939.2891,0.054785
939.5221,0.055129
939.7551,0.055465
939.9880,0.055780
940.2210,0.056069
940.4539,0.056334
940.6869,0.056583
940.9198,0.056825
941.1528,0.057067
941.3858,0.057311
941.6187,0.057556
941.8517,0.057801
942.0846,0.058048
942.3176,0.058301
942.5506,0.058566
942.7835,0.058847
943.0165,0.059143
943.2494,0.059444
943.4824,0.059738
943.7153,0.060012
943.9483,0.060259
944.1813,0.060479
944.4142,0.060681
944.6472,0.060874
944.8801,0.061067
945.1131,0.061266
945.3461,0.061469
945.5790,0.061670
945.8120,0.061864
946.0449,0.062042
946.2779,0.062200
946.5109,0.062333
946.7438,0.062435
946.9768,0.062502
947.2097,0.062535
947.4427,0.062535
947.6756,0.062515
947.9086,0.062487
948.1416,0.062465
948.3745,0.062460
948.6075,0.062472
948.8404,0.062496
949.0734,0.062521
949.3064,0.062537
949.5393,0.062539
949.7723,0.062531
950.0052,0.062520
950.2382,0.062512
950.4711,0.062512
950.7041,0.062519
950.9371,0.062531
951.1700,0.062542
951.4030,0.062552
951.6359,0.062568
951.8689,0.062596
952.1019,0.062647
952.3348,0.062725
952.5678,0.062830
952.8007,0.062961
953.0337,0.063113
953.2667,0.063288
953.4996,0.063493
953.7326,0.063735
953.9655,0.064024
954.1985,0.064363
954.4314,0.064749
954.6644,0.065175
954.8974,0.065632
955.1303,0.066114
955.3633,0.066621
955.5962,0.067157
955.8292,0.067727
956.0622,0.068335
956.2951,0.068979
956.5281,0.069649
956.7610,0.070336
956.9940,0.071028
957.2269,0.071718
957.4599,0.072404
957.6929,0.073083
957.9258,0.073752
958.1588,0.074403
958.3917,0.075023
958.6247,0.075597
958.8577,0.076111
959.0906,0.076552
959.3236,0.076912
959.5565,0.077181
959.7895,0.077349
960.0225,0.077405
960.2554,0.077339
960.4884,0.077147
960.7213,0.076830
960.9543,0.076397
961.1872,0.075861
961.4202,0.075237
961.6532,0.074540
961.8861,0.073778
962.1191,0.072959
962.3520,0.072092
962.5850,0.071190
962.8180,0.070271
963.0509,0.069355
963.2839,0.068462
963.5168,0.067610
963.7498,0.066810
963.9827,0.066067
964.2157,0.065382
964.4487,0.064755
964.6816,0.064184
964.9146,0.063666
965.1475,0.063198
965.3805,0.062775
965.6135,0.062388
965.8464,0.062031
966.0794,0.061696
966.3123,0.061378
966.5453,0.061075
966.7783,0.060784
967.0112,0.060505
967.2442,0.060235
967.4771,0.059971
967.7101,0.059713
967.9430,0.059459
968.1760,0.059213
968.4090,0.058980
968.6419,0.058763
968.8749,0.058566
969.1078,0.058388
969.3408,0.058228
969.5738,0.058081
969.8067,0.057948
970.0397,0.057831
970.2726,0.057735
970.5056,0.057667
970.7385,0.057629
970.9715,0.057620
971.2045,0.057637
971.4374,0.057677
971.6704,0.057735
971.9033,0.057816
972.1363,0.057924
972.3693,0.058065
972.6022,0.058243
972.8352,0.058456
973.0681,0.058698
973.3011,0.058958
973.5341,0.059228
973.7670,0.059502
974.0000,0.059784
974.2329,0.060076
974.4659,0.060387
974.6988,0.060718
974.9318,0.061069
975.1648,0.061434
975.3977,0.061807
975.6307,0.062180
975.8636,0.062550
976.0966,0.062916
976.3296,0.063277
976.5625,0.063632
976.7955,0.063977
977.0284,0.064309
977.2614,0.064625
977.4943,0.064929
977.7273,0.065226
977.9603,0.065526
978.1932,0.065841
978.4262,0.066178
978.6591,0.066544
978.8921,0.066938
979.1251,0.067361
979.3580,0.067811
979.5910,0.068286
979.8239,0.068787
980.0569,0.069312
980.2899,0.069860
980.5228,0.070427
980.7558,0.071009
980.9887,0.071604
981.2217,0.072209
981.4546,0.072822
981.6876,0.073439
981.9206,0.074049
982.1535,0.074635
982.3865,0.075177
982.6194,0.075654
982.8524,0.076049
983.0854,0.076355
983.3183,0.076571
983.5513,0.076704
983.7842,0.076759
984.0172,0.076743
984.2501,0.076658
984.4831,0.076506
984.7161,0.076294
984.9490,0.076033
985.1820,0.075738
985.4149,0.075428
985.6479,0.075115
985.8809,0.074805
986.1138,0.074496
986.3468,0.074180
986.5797,0.073851
986.8127,0.073505
987.0457,0.073147
987.2786,0.072782
987.5116,0.072420
987.7445,0.072064
987.9775,0.071715
988.2104,0.071370
988.4434,0.071028
988.6764,0.070689
988.9093,0.070361
989.1423,0.070056
989.3752,0.069784
989.6082,0.069556
989.8412,0.069373
990.0741,0.069234
990.3071,0.069137
990.5400,0.069078
990.7730,0.069059
991.0059,0.069085
991.2389,0.069162
991.4719,0.069295
991.7048,0.069486
991.9378,0.069733
992.1707,0.070035
992.4037,0.070388
992.6367,0.070794
992.8696,0.071255
993.1026,0.071772
993.3355,0.072346
993.5685,0.072974
993.8015,0.073651
994.0344,0.074372
994.2674,0.075135
994.5003,0.075943
994.7333,0.076802
994.9662,0.077719
995.1992,0.078701
995.4322,0.079748
995.6651,0.080855
995.8981,0.082013
996.1310,0.083211
996.3640,0.084440
996.5970,0.085689
996.8299,0.086951
997.0629,0.088214
997.2958,0.089460
997.5288,0.090671
997.7617,0.091823
997.9947,0.092892
998.2277,0.093860
998.4606,0.094710
998.6936,0.095434
998.9265,0.096026
999.1595,0.096486
999.3925,0.096817
999.6254,0.097026
999.8584,0.097126
1000.0913,0.097130
1000.3243,0.097053
1000.5573,0.096910
1000.7902,0.096712
1001.0232,0.096468
1001.2561,0.096187
1001.4891,0.095876
1001.7220,0.095542
1001.9550,0.095190
1002.1880,0.094825
1002.4209,0.094444
1002.6539,0.094042
1002.8868,0.093611
1003.1198,0.093144
1003.3528,0.092636
1003.5857,0.092089
1003.8187,0.091509
1004.0516,0.090908
1004.2846,0.090299
1004.5175,0.089697
1004.7505,0.089116
1004.9835,0.088572
1005.2164,0.088079
1005.4494,0.087650
1005.6823,0.087298
1005.9153,0.087026
1006.1483,0.086836
1006.3812,0.086722
1006.6142,0.086676
1006.8471,0.086691
1007.0801,0.086761
1007.3131,0.086879
1007.5460,0.087041
1007.7790,0.087240
1008.0119,0.087466
1008.2449,0.087708
1008.4778,0.087958
1008.7108,0.088211
1008.9438,0.088475
1009.1767,0.088759
1009.4097,0.089079
1009.6426,0.089448
1009.8756,0.089875
1010.1086,0.090360
1010.3415,0.090905
1010.5745,0.091511
1010.8074,0.092185
1011.0404,0.092938
1011.2733,0.093783
1011.5063,0.094728
1011.7393,0.095774
1011.9722,0.096908
1012.2052,0.098110
1012.4381,0.099358
1012.6711,0.100633
1012.9041,0.101924
1013.1370,0.103227
1013.3700,0.104546
1013.6029,0.105880
1013.8359,0.107229
1014.0689,0.108587
1014.3018,0.109951
1014.5348,0.111321
1014.7677,0.112703
1015.0007,0.114108
1015.2336,0.115548
1015.4666,0.117026
1015.6996,0.118536
1015.9325,0.120063
1016.1655,0.121585
1016.3984,0.123079
1016.6314,0.124527
1016.8644,0.125913
1017.0973,0.127221
1017.3303,0.128427
1017.5632,0.129499
1017.7962,0.130399
1018.0291,0.131086
1018.2621,0.131531
1018.4951,0.131714
1018.7280,0.131633
1018.9610,0.131292
1019.1939,0.130700
1019.4269,0.129869
1019.6599,0.128812
1019.8928,0.127548
1020.1258,0.126109
1020.3587,0.124541
1020.5917,0.122897
1020.8247,0.121232
1021.0576,0.119589
1021.2906,0.118000
1021.5235,0.116483
1021.7565,0.115048
1021.9894,0.113704
1022.2224,0.112464
1022.4554,0.111350
1022.6883,0.110380
1022.9213,0.109575
1023.1542,0.108945
1023.3872,0.108494
1023.6202,0.108218
1023.8531,0.108114
1024.0861,0.108177
1024.3190,0.108406
1024.5520,0.108800
1024.7849,0.109356
1025.0179,0.110064
1025.2509,0.110915
1025.4838,0.111894
1025.7168,0.112993
1025.9497,0.114208
1026.1827,0.115536
1026.4157,0.116975
1026.6486,0.118521
1026.8816,0.120157
1027.1145,0.121867
1027.3475,0.123628
1027.5804,0.125423
1027.8134,0.127241
1028.0464,0.129077
1028.2793,0.130925
1028.5123,0.132772
1028.7452,0.134598
1028.9782,0.136373
1029.2112,0.138066
1029.4441,0.139652
1029.6771,0.141116
1029.9100,0.142453
1030.1430,0.143662
1030.3760,0.144737
1030.6089,0.145662
1030.8419,0.146407
1031.0748,0.146945
1031.3078,0.147248
1031.5407,0.147305
1031.7737,0.147119
1032.0067,0.146697
1032.2396,0.146047
1032.4726,0.145164
1032.7055,0.144031
1032.9385,0.142628
1033.1715,0.140935
1033.4044,0.138952
1033.6374,0.136700
1033.8703,0.134220
1034.1033,0.131569
1034.3362,0.128808
1034.5692,0.125997
1034.8022,0.123190
1035.0351,0.120429
1035.2681,0.117749
1035.5010,0.115172
1035.7340,0.112711
1035.9670,0.110369
1036.1999,0.108140
1036.4329,0.106019
1036.6658,0.103998
1036.8988,0.102077
1037.1318,0.100262
1037.3647,0.098559
1037.5977,0.096973
1037.8306,0.095502
1038.0636,0.094140
1038.2965,0.092875
1038.5295,0.091693
1038.7625,0.090586
1038.9954,0.089550
1039.2284,0.088584
1039.4613,0.087687
1039.6943,0.086857
1039.9273,0.086088
1040.1602,0.085374
1040.3932,0.084707
1040.6261,0.084089
1040.8591,0.083522
1041.0920,0.083015
1041.3250,0.082574
1041.5580,0.082201
1041.7909,0.081891
1042.0239,0.081636
1042.2568,0.081429
1042.4898,0.081271
1042.7228,0.081169
1042.9557,0.081139
1043.1887,0.081197
1043.4216,0.081354
1043.6546,0.081615
1043.8876,0.081977
1044.1205,0.082431
1044.3535,0.082971
1044.5864,0.083591
1044.8194,0.084295
1045.0523,0.085087
1045.2853,0.085972
1045.5183,0.086949
1045.7512,0.088017
1045.9842,0.089167
1046.2171,0.090394
1046.4501,0.091694
1046.6831,0.093065
1046.9160,0.094503
1047.1490,0.096000
1047.3819,0.097537
1047.6149,0.099089
1047.8478,0.100624
1048.0808,0.102114
1048.3138,0.103534
1048.5467,0.104869
1048.7797,0.106109
1049.0126,0.107249
1049.2456,0.108283
1049.4786,0.109205
1049.7115,0.110015
1049.9445,0.110716
1050.1774,0.111320
1050.4104,0.111844
1050.6434,0.112302
1050.8763,0.112704
1051.1093,0.113044
1051.3422,0.113303
1051.5752,0.113453
1051.8081,0.113460
1052.0411,0.113293
1052.2741,0.112921
1052.5070,0.112321
1052.7400,0.111467
1052.9729,0.110338
1053.2059,0.108920
1053.4389,0.107208
1053.6718,0.105213
1053.9048,0.102966
1054.1377,0.100510
1054.3707,0.097895
1054.6036,0.095174
1054.8366,0.092393
1055.0696,0.089593
1055.3025,0.086813
1055.5355,0.084091
1055.7684,0.081462
1056.0014,0.078961
1056.2344,0.076611
1056.4673,0.074428
1056.7003,0.072411
1056.9332,0.070550
1057.1662,0.068828
1057.3992,0.067226
1057.6321,0.065729
1057.8651,0.064327
1058.0980,0.063012
1058.3310,0.061779
1058.5639,0.060621
1058.7969,0.059532
1059.0299,0.058506
1059.2628,0.057539
1059.4958,0.056628
1059.7287,0.055774
1059.9617,0.054977
1060.1947,0.054234
1060.4276,0.053539
1060.6606,0.052884
1060.8935,0.052262
1061.1265,0.051666
1061.3594,0.051097
1061.5924,0.050557
1061.8254,0.050049
1062.0583,0.049578
1062.2913,0.049143
1062.5242,0.048741
1062.7572,0.048371
1062.9902,0.048029
1063.2231,0.047717
1063.4561,0.047438
1063.6890,0.047194
1063.9220,0.046988
1064.1550,0.046818
1064.3879,0.046679
1064.6209,0.046565
1064.8538,0.046471
1065.0868,0.046392
1065.3197,0.046326
1065.5527,0.046273
1065.7857,0.046234
1066.0186,0.046205
1066.2516,0.046187
1066.4845,0.046178
1066.7175,0.046178
1066.9505,0.046192
1067.1834,0.046222
1067.4164,0.046272
1067.6493,0.046341
1067.8823,0.046426
1068.1152,0.046520
1068.3482,0.046620
1068.5812,0.046723
1068.8141,0.046831
1069.0471,0.046952
1069.2800,0.047091
1069.5130,0.047252
1069.7460,0.047434
1069.9789,0.047632
1070.2119,0.047839
1070.4448,0.048050
1070.6778,0.048264
1070.9108,0.048485
1071.1437,0.048717
1071.3767,0.048965
1071.6096,0.049229
1071.8426,0.049507
1072.0755,0.049793
1072.3085,0.050080
1072.5415,0.050367
1072.7744,0.050656
1073.0074,0.050955
1073.2403,0.051272
1073.4733,0.051615
1073.7063,0.051986
1073.9392,0.052387
1074.1722,0.052815
1074.4051,0.053267
1074.6381,0.053739
1074.8710,0.054228
1075.1040,0.054732
1075.3370,0.055246
1075.5699,0.055769
1075.8029,0.056298
1076.0358,0.056830
1076.2688,0.057365
1076.5018,0.057902
1076.7347,0.058435
1076.9677,0.058959
1077.2006,0.059463
1077.4336,0.059933
1077.6666,0.060357
1077.8995,0.060726
1078.1325,0.061035
1078.3654,0.061285
1078.5984,0.061478
1078.8313,0.061613
1079.0643,0.061692
1079.2973,0.061714
1079.5302,0.061678
1079.7632,0.061588
1079.9961,0.061448
1080.2291,0.061267
1080.4621,0.061052
1080.6950,0.060807
1080.9280,0.060536
1081.1609,0.060240
1081.3939,0.059923
1081.6268,0.059592
1081.8598,0.059262
1082.0928,0.058944
1082.3257,0.058650
1082.5587,0.058386
1082.7916,0.058147
1083.0246,0.057926
1083.2576,0.057709
1083.4905,0.057490
1083.7235,0.057264
1083.9564,0.057032
1084.1894,0.056801
1084.4224,0.056572
1084.6553,0.056345
1084.8883,0.056118
1085.1212,0.055884
1085.3542,0.055639
1085.5871,0.055381
1085.8201,0.055115
1086.0531,0.054848
1086.2860,0.054588
1086.5190,0.054339
1086.7519,0.054107
1086.9849,0.053894
1087.2179,0.053700
1087.4508,0.053529
1087.6838,0.053382
1087.9167,0.053261
1088.1497,0.053163
1088.3826,0.053087
1088.6156,0.053027
1088.8486,0.052980
1089.0815,0.052944
1089.3145,0.052923
1089.5474,0.052918
1089.7804,0.052933
1090.0134,0.052969
1090.2463,0.053022
1090.4793,0.053087
1090.7122,0.053160
1090.9452,0.053239
1091.1782,0.053325
1091.4111,0.053425
1091.6441,0.053542
1091.8770,0.053678
1092.1100,0.053834
1092.3429,0.054005
1092.5759,0.054188
1092.8089,0.054384
1093.0418,0.054598
1093.2748,0.054839
1093.5077,0.055115
1093.7407,0.055431
1093.9737,0.055788
1094.2066,0.056179
1094.4396,0.056598
1094.6725,0.057036
1094.9055,0.057493
1095.1384,0.057966
1095.3714,0.058458
1095.6044,0.058965
1095.8373,0.059479
1096.0703,0.059988
1096.3032,0.060474
1096.5362,0.060922
1096.7692,0.061323
1097.0021,0.061671
1097.2351,0.061966
1097.4680,0.062209
1097.7010,0.062397
1097.9340,0.062522
1098.1669,0.062576
1098.3999,0.062548
1098.6328,0.062435
1098.8658,0.062236
1099.0987,0.061957
1099.3317,0.061605
1099.5647,0.061191
1099.7976,0.060722
1100.0306,0.060209
1100.2635,0.059659
1100.4965,0.059084
1100.7295,0.058498
1100.9624,0.057911
1101.1954,0.057335
1101.4283,0.056776
1101.6613,0.056235
1101.8942,0.055714
1102.1272,0.055210
1102.3602,0.054724
1102.5931,0.054257
1102.8261,0.053811
1103.0590,0.053388
1103.2920,0.052990
1103.5250,0.052616
1103.7579,0.052263
1103.9909,0.051928
1104.2238,0.051607
1104.4568,0.051295
1104.6898,0.050991
1104.9227,0.050689
1105.1557,0.050391
1105.3886,0.050095
1105.6216,0.049804
1105.8545,0.049523
1106.0875,0.049257
1106.3205,0.049010
1106.5534,0.048782
1106.7864,0.048568
1107.0193,0.048362
1107.2523,0.048156
1107.4853,0.047945
1107.7182,0.047728
1107.9512,0.047508
1108.1841,0.047293
1108.4171,0.047090
1108.6500,0.046902
1108.8830,0.046729
1109.1160,0.046569
1109.3489,0.046419
1109.5819,0.046277
1109.8148,0.046144
1110.0478,0.046022
1110.2808,0.045915
1110.5137,0.045825
1110.7467,0.045749
1110.9796,0.045683
1111.2126,0.045622
1111.4456,0.045563
1111.6785,0.045504
1111.9115,0.045449
1112.1444,0.045401
1112.3774,0.045363
1112.6103,0.045333
1112.8433,0.045311
1113.0763,0.045291
1113.3092,0.045269
1113.5422,0.045245
1113.7751,0.045218
1114.0081,0.045191
1114.2411,0.045166
1114.4740,0.045144
1114.7070,0.045126
1114.9399,0.045113
1115.1729,0.045103
1115.4058,0.045099
1115.6388,0.045102
1115.8718,0.045113
1116.1047,0.045133
1116.3377,0.045162
1116.5706,0.045198
1116.8036,0.045241
1117.0366,0.045292
1117.2695,0.045352
1117.5025,0.045422
1117.7354,0.045499
1117.9684,0.045578
1118.2014,0.045653
1118.4343,0.045716
1118.6673,0.045765
1118.9002,0.045799
1119.1332,0.045825
1119.3661,0.045851
1119.5991,0.045886
1119.8321,0.045936
1120.0650,0.046002
1120.2980,0.046080
1120.5309,0.046167
1120.7639,0.046259
1120.9969,0.046358
1121.2298,0.046464
1121.4628,0.046581
1121.6957,0.046710
1121.9287,0.046847
1122.1616,0.046989
1122.3946,0.047129
1122.6276,0.047265
1122.8605,0.047399
1123.0935,0.047534
1123.3264,0.047678
1123.5594,0.047833
1123.7924,0.048003
1124.0253,0.048185
1124.2583,0.048375
1124.4912,0.048571
1124.7242,0.048771
1124.9572,0.048974
1125.1901,0.049181
1125.4231,0.049393
1125.6560,0.049610
1125.8890,0.049830
1126.1219,0.050052
1126.3549,0.050278
1126.5879,0.050512
1126.8208,0.050760
1127.0538,0.051026
1127.2867,0.051314
1127.5197,0.051620
1127.7527,0.051941
1127.9856,0.052270
1128.2186,0.052603
1128.4515,0.052941
1128.6845,0.053285
1128.9174,0.053640
1129.1504,0.054007
1129.3834,0.054384
1129.6163,0.054769
1129.8493,0.055156
1130.0822,0.055540
1130.3152,0.055922
1130.5482,0.056304
1130.7811,0.056689
1131.0141,0.057079
1131.2470,0.057473
1131.4800,0.057865
1131.7130,0.058247
1131.9459,0.058611
1132.1789,0.058952
1132.4118,0.059266
1132.6448,0.059552
1132.8777,0.059812
1133.1107,0.060042
1133.3437,0.060243
1133.5766,0.060412
1133.8096,0.060551
1134.0425,0.060666
1134.2755,0.060762
1134.5085,0.060845
1134.7414,0.060919
1134.9744,0.060983
1135.2073,0.061033
1135.4403,0.061062
1135.6732,0.061069
1135.9062,0.061053
1136.1392,0.061021
1136.3721,0.060982
1136.6051,0.060944
1136.8380,0.060913
1137.0710,0.060893
1137.3040,0.060883
1137.5369,0.060886
1137.7699,0.060903
1138.0028,0.060939
1138.2358,0.061000
1138.4688,0.061089
1138.7017,0.061209
1138.9347,0.061362
1139.1676,0.061546
1139.4006,0.061762
1139.6335,0.062012
1139.8665,0.062301
1140.0995,0.062635
1140.3324,0.063019
1140.5654,0.063457
1140.7983,0.063948
1141.0313,0.064493
1141.2643,0.065089
1141.4972,0.065738
1141.7302,0.066442
1141.9631,0.067204
1142.1961,0.068026
1142.4290,0.068911
1142.6620,0.069860
1142.8950,0.070875
1143.1279,0.071960
1143.3609,0.073121
1143.5938,0.074365
1143.8268,0.075702
1144.0598,0.077137
1144.2927,0.078671
1144.5257,0.080303
1144.7586,0.082029
1144.9916,0.083843
1145.2246,0.085743
1145.4575,0.087724
1145.6905,0.089779
1145.9234,0.091896
1146.1564,0.094054
1146.3893,0.096226
1146.6223,0.098379
1146.8553,0.100477
1147.0882,0.102486
1147.3212,0.104374
1147.5541,0.106109
1147.7871,0.107659
1148.0201,0.108991
1148.2530,0.110071
1148.4860,0.110866
1148.7189,0.111350
1148.9519,0.111504
1149.1848,0.111315
1149.4178,0.110779
1149.6508,0.109896
1149.8837,0.108672
1150.1167,0.107122
1150.3496,0.105274
1150.5826,0.103171
1150.8156,0.100868
1151.0485,0.098427
1151.2815,0.095913
1151.5144,0.093384
1151.7474,0.090891
1151.9804,0.088475
1152.2133,0.086169
1152.4463,0.084003
1152.6792,0.081998
1152.9122,0.080174
1153.1451,0.078539
1153.3781,0.077095
1153.6111,0.075834
1153.8440,0.074742
1154.0770,0.073802
1154.3099,0.073000
1154.5429,0.072323
1154.7759,0.071762
1155.0088,0.071310
1155.2418,0.070959
1155.4747,0.070700
1155.7077,0.070522
1155.9406,0.070414
1156.1736,0.070370
1156.4066,0.070381
1156.6395,0.070446
1156.8725,0.070561
1157.1054,0.070722
1157.3384,0.070924
1157.5714,0.071159
1157.8043,0.071421
1158.0373,0.071708
1158.2702,0.072021
1158.5032,0.072361
1158.7362,0.072732
1158.9691,0.073136
1159.2021,0.073568
1159.4350,0.074024
1159.6680,0.074498
1159.9009,0.074985
1160.1339,0.075487
1160.3669,0.076009
1160.5998,0.076557
1160.8328,0.077137
1161.0657,0.077753
1161.2987,0.078402
1161.5317,0.079083
1161.7646,0.079791
1161.9976,0.080527
1162.2305,0.081291
1162.4635,0.082083
1162.6964,0.082904
1162.9294,0.083752
1163.1624,0.084624
1163.3953,0.085518
1163.6283,0.086436
1163.8612,0.087382
1164.0942,0.088364
1164.3272,0.089392
1164.5601,0.090472
1164.7931,0.091607
1165.0260,0.092793
1165.2590,0.094027
1165.4919,0.095303
1165.7249,0.096618
1165.9579,0.097970
1166.1908,0.099358
1166.4238,0.100778
1166.6567,0.102227
1166.8897,0.103699
1167.1227,0.105188
1167.3556,0.106692
1167.5886,0.108208
1167.8215,0.109737
1168.0545,0.111273
1168.2875,0.112806
1168.5204,0.114316
1168.7534,0.115781
1168.9863,0.117173
1169.2193,0.118471
1169.4522,0.119655
1169.6852,0.120709
1169.9182,0.121613
1170.1511,0.122344
1170.3841,0.122868
1170.6170,0.123152
1170.8500,0.123161
1171.0830,0.122873
1171.3159,0.122279
1171.5489,0.121387
1171.7818,0.120220
1172.0148,0.118811
1172.2477,0.117201
1172.4807,0.115436
1172.7137,0.113571
1172.9466,0.111662
1173.1796,0.109768
1173.4125,0.107941
1173.6455,0.106225
1173.8785,0.104644
1174.1114,0.103210
1174.3444,0.101919
1174.5773,0.100757
1174.8103,0.099708
1175.0433,0.098754
1175.2762,0.097879
1175.5092,0.097067
1175.7421,0.096300
1175.9751,0.095560
1176.2080,0.094831
1176.4410,0.094101
1176.6740,0.093363
1176.9069,0.092619
1177.1399,0.091877
1177.3728,0.091144
1177.6058,0.090430
1177.8388,0.089740
1178.0717,0.089077
1178.3047,0.088444
1178.5376,0.087849
1178.7706,0.087301
1179.0035,0.086807
1179.2365,0.086377
1179.4695,0.086011
1179.7024,0.085706
1179.9354,0.085449
1180.1683,0.085228
1180.4013,0.085033
1180.6343,0.084854
1180.8672,0.084690
1181.1002,0.084539
1181.3331,0.084402
1181.5661,0.084278
1181.7991,0.084164
1182.0320,0.084056
1182.2650,0.083951
1182.4979,0.083846
1182.7309,0.083740
1182.9638,0.083631
1183.1968,0.083517
1183.4298,0.083393
1183.6627,0.083258
1183.8957,0.083109
1184.1286,0.082950
1184.3616,0.082786
1184.5946,0.082626
1184.8275,0.082478
1185.0605,0.082347
1185.2934,0.082237
1185.5264,0.082146
1185.7593,0.082075
1185.9923,0.082023
1186.2253,0.081986
1186.4582,0.081963
1186.6912,0.081947
1186.9241,0.081931
1187.1571,0.081904
1187.3901,0.081860
1187.6230,0.081795
1187.8560,0.081713
1188.0889,0.081624
1188.3219,0.081538
1188.5549,0.081463
1188.7878,0.081403
1189.0208,0.081353
1189.2537,0.081308
1189.4867,0.081261
1189.7196,0.081210
1189.9526,0.081156
1190.1856,0.081106
1190.4185,0.081065
1190.6515,0.081038
1190.8844,0.081027
1191.1174,0.081031
1191.3504,0.081053
1191.5833,0.081097
1191.8163,0.081172
1192.0492,0.081290
1192.2822,0.081459
1192.5151,0.081684
1192.7481,0.081963
1192.9811,0.082291
1193.2140,0.082663
1193.4470,0.083076
1193.6799,0.083533
1193.9129,0.084040
1194.1459,0.084603
1194.3788,0.085227
1194.6118,0.085910
1194.8447,0.086645
1195.0777,0.087425
1195.3107,0.088243
1195.5436,0.089098
1195.7766,0.089994
1196.0095,0.090935
1196.2425,0.091929
1196.4754,0.092980
1196.7084,0.094088
1196.9414,0.095254
1197.1743,0.096477
1197.4073,0.097759
1197.6402,0.099100
1197.8732,0.100503
1198.1062,0.101964
1198.3391,0.103478
1198.5721,0.105038
1198.8050,0.106639
1199.0380,0.108280
1199.2709,0.109966
1199.5039,0.111703
1199.7369,0.113499
1199.9698,0.115357
1200.2028,0.117270
1200.4357,0.119226
1200.6687,0.121211
1200.9017,0.123212
1201.1346,0.125220
1201.3676,0.127230
1201.6005,0.129239
1201.8335,0.131241
1202.0665,0.133223
1202.2994,0.135168
1202.5324,0.137058
1202.7653,0.138874
1202.9983,0.140606
1203.2312,0.142248
1203.4642,0.143796
1203.6972,0.145245
1203.9301,0.146588
1204.1631,0.147814
1204.3960,0.148912
1204.6290,0.149877
1204.8620,0.150704
1205.0949,0.151396
1205.3279,0.151959
1205.5608,0.152394
1205.7938,0.152707
1206.0267,0.152903
1206.2597,0.152995
1206.4927,0.153008
1206.7256,0.152975
1206.9586,0.152936
1207.1915,0.152928
1207.4245,0.152985
1207.6575,0.153129
1207.8904,0.153376
1208.1234,0.153734
1208.3563,0.154216
1208.5893,0.154831
1208.8223,0.155591
1209.0552,0.156500
1209.2882,0.157555
1209.5211,0.158745
1209.7541,0.160049
1209.9870,0.161446
1210.2200,0.162920
1210.4530,0.164457
1210.6859,0.166047
1210.9189,0.167676
1211.1518,0.169324
1211.3848,0.170964
1211.6178,0.172563
1211.8507,0.174087
1212.0837,0.175514
1212.3166,0.176829
1212.5496,0.178025
1212.7825,0.179096
1213.0155,0.180030
1213.2485,0.180810
1213.4814,0.181409
1213.7144,0.181805
1213.9473,0.181982
1214.1803,0.181936
1214.4133,0.181669
1214.6462,0.181190
1214.8792,0.180499
1215.1121,0.179592
1215.3451,0.178460
1215.5781,0.177095
1215.8110,0.175499
1216.0440,0.173685
1216.2769,0.171678
1216.5099,0.169505
1216.7428,0.167192
1216.9758,0.164761
1217.2088,0.162230
1217.4417,0.159617
1217.6747,0.156945
1217.9076,0.154241
1218.1406,0.151534
1218.3736,0.148855
1218.6065,0.146223
1218.8395,0.143654
1219.0724,0.141157
1219.3054,0.138738
1219.5383,0.136407
1219.7713,0.134176
1220.0043,0.132057
1220.2372,0.130061
1220.4702,0.128192
1220.7031,0.126445
1220.9361,0.124814
1221.1691,0.123287
1221.4020,0.121856
1221.6350,0.120515
1221.8679,0.119260
1222.1009,0.118083
1222.3339,0.116975
1222.5668,0.115924
1222.7998,0.114918
1223.0327,0.113948
1223.2657,0.113014
1223.4986,0.112118
1223.7316,0.111265
1223.9646,0.110458
1224.1975,0.109692
1224.4305,0.108958
1224.6634,0.108246
1224.8964,0.107544
1225.1294,0.106850
1225.3623,0.106164
1225.5953,0.105495
1225.8282,0.104846
1226.0612,0.104220
1226.2941,0.103614
1226.5271,0.103023
1226.7601,0.102445
1226.9930,0.101885
1227.2260,0.101352
1227.4589,0.100864
1227.6919,0.100434
1227.9249,0.100073
1228.1578,0.099783
1228.3908,0.099562
1228.6237,0.099405
1228.8567,0.099310
1229.0897,0.099279
1229.3226,0.099317
1229.5556,0.099427
1229.7885,0.099610
1230.0215,0.099860
1230.2544,0.100169
1230.4874,0.100526
1230.7204,0.100921
1230.9533,0.101351
1231.1863,0.101812
1231.4192,0.102299
1231.6522,0.102805
1231.8852,0.103315
1232.1181,0.103814
1232.3511,0.104288
1232.5840,0.104728
1232.8170,0.105136
1233.0499,0.105517
1233.2829,0.105882
1233.5159,0.106240
1233.7488,0.106595
1233.9818,0.106949
1234.2147,0.107300
1234.4477,0.107649
1234.6807,0.107994
1234.9136,0.108337
1235.1466,0.108673
1235.3795,0.108992
1235.6125,0.109280
1235.8455,0.109520
1236.0784,0.109696
1236.3114,0.109800
1236.5443,0.109831
1236.7773,0.109790
1237.0102,0.109680
1237.2432,0.109501
1237.4762,0.109245
1237.7091,0.108906
1237.9421,0.108479
1238.1750,0.107967
1238.4080,0.107383
1238.6410,0.106748
1238.8739,0.106083
1239.1069,0.105407
1239.3398,0.104731
1239.5728,0.104061
1239.8057,0.103399
1240.0387,0.102749
1240.2717,0.102120
1240.5046,0.101522
1240.7376,0.100961
1240.9705,0.100441
1241.2035,0.099957
1241.4365,0.099497
1241.6694,0.099050
1241.9024,0.098605
1242.1353,0.098157
1242.3683,0.097706
1242.6013,0.097255
1242.8342,0.096804
1243.0672,0.096348
1243.3001,0.095879
1243.5331,0.095387
1243.7660,0.094865
1243.9990,0.094309
1244.2320,0.093722
1244.4649,0.093110
1244.6979,0.092475
1244.9308,0.091822
1245.1638,0.091151
1245.3968,0.090464
1245.6297,0.089764
1245.8627,0.089058
1246.0956,0.088355
1246.3286,0.087661
1246.5615,0.086982
1246.7945,0.086319
1247.0275,0.085672
1247.2604,0.085041
1247.4934,0.084430
1247.7263,0.083847
1247.9593,0.083301
1248.1923,0.082797
1248.4252,0.082339
1248.6582,0.081920
1248.8911,0.081533
1249.1241,0.081167
1249.3571,0.080817
1249.5900,0.080482
1249.8230,0.080169
1250.0559,0.079885
1250.2889,0.079632
1250.5218,0.079409
1250.7548,0.079207
1250.9878,0.079015
1251.2207,0.078821
1251.4537,0.078618
1251.6866,0.078401
1251.9196,0.078171
1252.1526,0.077927
1252.3855,0.077667
1252.6185,0.077387
1252.8514,0.077084
1253.0844,0.076757
1253.3173,0.076410
1253.5503,0.076048
1253.7833,0.075683
1254.0162,0.075322
1254.2492,0.074968
1254.4821,0.074623
1254.7151,0.074283
1254.9481,0.073945
1255.1810,0.073611
1255.4140,0.073282
1255.6469,0.072966
1255.8799,0.072668
1256.1129,0.072394
1256.3458,0.072147
1256.5788,0.071926
1256.8117,0.071733
1257.0447,0.071566
1257.2776,0.071429
1257.5106,0.071321
1257.7436,0.071244
1257.9765,0.071196
1258.2095,0.071177
1258.4424,0.071188
1258.6754,0.071231
1258.9084,0.071312
1259.1413,0.071438
1259.3743,0.071616
1259.6072,0.071846
1259.8402,0.072124
1260.0731,0.072439
1260.3061,0.072777
1260.5391,0.073125
1260.7720,0.073474
1261.0050,0.073819
1261.2379,0.074164
1261.4709,0.074515
1261.7039,0.074880
1261.9368,0.075265
1262.1698,0.075674
1262.4027,0.076110
1262.6357,0.076574
1262.8687,0.077064
1263.1016,0.077577
1263.3346,0.078109
1263.5675,0.078657
1263.8005,0.079217
1264.0334,0.079787
1264.2664,0.080369
1264.4994,0.080966
1264.7323,0.081585
1264.9653,0.082229
1265.1982,0.082899
1265.4312,0.083593
1265.6642,0.084304
1265.8971,0.085025
1266.1301,0.085754
1266.3630,0.086488
1266.5960,0.087234
1266.8289,0.087996
1267.0619,0.088783
1267.2949,0.089598
1267.5278,0.090443
1267.7608,0.091318
1267.9937,0.092222
1268.2267,0.093155
1268.4597,0.094117
1268.6926,0.095110
1268.9256,0.096134
1269.1585,0.097185
1269.3915,0.098259
1269.6245,0.099351
1269.8574,0.100457
1270.0904,0.101575
1270.3233,0.102705
1270.5563,0.103851
1270.7892,0.105013
1271.0222,0.106192
1271.2552,0.107384
1271.4881,0.108582
1271.7211,0.109778
1271.9540,0.110967
1272.1870,0.112141
1272.4200,0.113296
1272.6529,0.114431
1272.8859,0.115547
1273.1188,0.116645
1273.3518,0.117733
1273.5847,0.118816
1273.8177,0.119902
1274.0507,0.120993
1274.2836,0.122090
1274.5166,0.123186
1274.7495,0.124270
1274.9825,0.125332
1275.2155,0.126360
1275.4484,0.127351
1275.6814,0.128303
1275.9143,0.129218
1276.1473,0.130097
1276.3803,0.130938
1276.6132,0.131734
1276.8462,0.132477
1277.0791,0.133159
1277.3121,0.133777
1277.5450,0.134326
1277.7780,0.134809
1278.0110,0.135224
1278.2439,0.135566
1278.4769,0.135831
1278.7098,0.136010
1278.9428,0.136099
1279.1758,0.136097
1279.4087,0.136009
1279.6417,0.135840
1279.8746,0.135596
1280.1076,0.135278
1280.3405,0.134886
1280.5735,0.134420
1280.8065,0.133880
1281.0394,0.133276
1281.2724,0.132620
1281.5053,0.131927
1281.7383,0.131211
1281.9713,0.130482
1282.2042,0.129740
1282.4372,0.128987
1282.6701,0.128222
1282.9031,0.127449
1283.1361,0.126673
1283.3690,0.125907
1283.6020,0.125158
1283.8349,0.124433
1284.0679,0.123732
1284.3008,0.123051
1284.5338,0.122387
1284.7668,0.121739
1284.9997,0.121113
1285.2327,0.120516
1285.4656,0.119956
1285.6986,0.119439
1285.9316,0.118969
1286.1645,0.118544
1286.3975,0.118161
1286.6304,0.117818
1286.8634,0.117512
1287.0963,0.117241
1287.3293,0.117000
1287.5623,0.116783
1287.7952,0.116577
1288.0282,0.116369
1288.2611,0.116151
1288.4941,0.115919
1288.7271,0.115676
1288.9600,0.115434
1289.1930,0.115203
1289.4259,0.114992
1289.6589,0.114807
1289.8919,0.114647
1290.1248,0.114508
1290.3578,0.114386
1290.5907,0.114277
1290.8237,0.114180
1291.0566,0.114095
1291.2896,0.114019
1291.5226,0.113952
1291.7555,0.113892
1291.9885,0.113837
1292.2214,0.113790
1292.4544,0.113755
1292.6874,0.113736
1292.9203,0.113735
1293.1533,0.113755
1293.3862,0.113791
1293.6192,0.113842
1293.8521,0.113904
1294.0851,0.113975
1294.3181,0.114052
1294.5510,0.114135
1294.7840,0.114217
1295.0169,0.114287
1295.2499,0.114332
1295.4829,0.114338
1295.7158,0.114296
1295.9488,0.114200
1296.1817,0.114048
1296.4147,0.113843
1296.6477,0.113587
1296.8806,0.113280
1297.1136,0.112922
1297.3465,0.112516
1297.5795,0.112071
1297.8124,0.111605
1298.0454,0.111140
1298.2784,0.110701
1298.5113,0.110309
1298.7443,0.109974
1298.9772,0.109702
1299.2102,0.109485
1299.4432,0.109318
1299.6761,0.109192
1299.9091,0.109104
1300.1420,0.109053
1300.3750,0.109037
1300.6079,0.109051
1300.8409,0.109087
1301.0739,0.109134
1301.3068,0.109181
1301.5398,0.109221
1301.7727,0.109250
1302.0057,0.109268
1302.2387,0.109273
1302.4716,0.109264
1302.7046,0.109236
1302.9375,0.109182
1303.1705,0.109099
1303.4034,0.108988
1303.6364,0.108855
1303.8694,0.108709
1304.1023,0.108556
1304.3353,0.108401
1304.5682,0.108244
1304.8012,0.108080
1305.0342,0.107908
1305.2671,0.107729
1305.5001,0.107550
1305.7330,0.107383
1305.9660,0.107240
1306.1990,0.107135
1306.4319,0.107076
1306.6649,0.107071
1306.8978,0.107127
1307.1308,0.107249
1307.3637,0.107443
1307.5967,0.107712
1307.8297,0.108050
1308.0626,0.108445
1308.2956,0.108877
1308.5285,0.109327
1308.7615,0.109775
1308.9945,0.110213
1309.2274,0.110641
1309.4604,0.111066
1309.6933,0.111492
1309.9263,0.111919
1310.1592,0.112339
1310.3922,0.112739
1310.6252,0.113102
1310.8581,0.113421
1311.0911,0.113695
1311.3240,0.113934
1311.5570,0.114150
1311.7900,0.114355
1312.0229,0.114549
1312.2559,0.114727
1312.4888,0.114874
1312.7218,0.114976
1312.9548,0.115024
1313.1877,0.115016
1313.4207,0.114964
1313.6536,0.114882
1313.8866,0.114790
1314.1195,0.114706
1314.3525,0.114645
1314.5855,0.114618
1314.8184,0.114635
1315.0514,0.114700
1315.2843,0.114819
1315.5173,0.114994
1315.7503,0.115225
1315.9832,0.115511
1316.2162,0.115849
1316.4491,0.116231
1316.6821,0.116643
1316.9150,0.117066
1317.1480,0.117474
1317.3810,0.117841
1317.6139,0.118148
1317.8469,0.118382
1318.0798,0.118546
1318.3128,0.118646
1318.5458,0.118692
1318.7787,0.118685
1319.0117,0.118614
1319.2446,0.118458
1319.4776,0.118194
1319.7106,0.117804
1319.9435,0.117290
1320.1765,0.116672
1320.4094,0.115982
1320.6424,0.115256
1320.8753,0.114522
1321.1083,0.113791
1321.3413,0.113063
1321.5742,0.112327
1321.8072,0.111570
1322.0401,0.110788
1322.2731,0.109984
1322.5061,0.109166
1322.7390,0.108344
1322.9720,0.107523
1323.2049,0.106699
1323.4379,0.105868
1323.6708,0.105024
1323.9038,0.104166
1324.1368,0.103304
1324.3697,0.102450
1324.6027,0.101619
1324.8356,0.100822
1325.0686,0.100064
1325.3016,0.099344
1325.5345,0.098660
1325.7675,0.098011
1326.0004,0.097399
1326.2334,0.096832
1326.4664,0.096314
1326.6993,0.095850
1326.9323,0.095439
1327.1652,0.095074
1327.3982,0.094751
1327.6311,0.094467
1327.8641,0.094223
1328.0971,0.094024
1328.3300,0.093873
1328.5630,0.093773
1328.7959,0.093718
1329.0289,0.093698
1329.2619,0.093705
1329.4948,0.093729
1329.7278,0.093769
1329.9607,0.093827
1330.1937,0.093906
1330.4266,0.094008
1330.6596,0.094131
1330.8926,0.094269
1331.1255,0.094420
1331.3585,0.094584
1331.5914,0.094764
1331.8244,0.094967
1332.0574,0.095198
1332.2903,0.095454
1332.5233,0.095724
1332.7562,0.095991
1332.9892,0.096238
1333.2222,0.096452
1333.4551,0.096632
1333.6881,0.096784
1333.9210,0.096915
1334.1540,0.097031
1334.3869,0.097131
1334.6199,0.097209
1334.8529,0.097262
1335.0858,0.097294
1335.3188,0.097319
1335.5517,0.097358
1335.7847,0.097431
1336.0177,0.097548
1336.2506,0.097702
1336.4836,0.097870
1336.7165,0.098022
1336.9495,0.098139
1337.1824,0.098220
1337.4154,0.098289
1337.6484,0.098387
1337.8813,0.098559
1338.1143,0.098835
1338.3472,0.099220
1338.5802,0.099695
1338.8132,0.100221
1339.0461,0.100755
1339.2791,0.101258
1339.5120,0.101709
1339.7450,0.102098
1339.9780,0.102420
1340.2109,0.102665
1340.4439,0.102815
1340.6768,0.102854
1340.9098,0.102775
1341.1427,0.102589
1341.3757,0.102332
1341.6087,0.102053
1341.8416,0.101805
1342.0746,0.101629
1342.3075,0.101551
1342.5405,0.101576
1342.7735,0.101691
1343.0064,0.101875
1343.2394,0.102104
1343.4723,0.102358
1343.7053,0.102626
1343.9382,0.102903
1344.1712,0.103187
1344.4042,0.103480
1344.6371,0.103778
1344.8701,0.104079
1345.1030,0.104380
1345.3360,0.104676
1345.5690,0.104966
1345.8019,0.105247
1346.0349,0.105517
1346.2678,0.105776
1346.5008,0.106022
1346.7338,0.106250
1346.9667,0.106460
1347.1997,0.106648
1347.4326,0.106813
1347.6656,0.106955
1347.8985,0.107075
1348.1315,0.107174
1348.3645,0.107257
1348.5974,0.107325
1348.8304,0.107376
1349.0633,0.107404
1349.2963,0.107400
1349.5293,0.107351
1349.7622,0.107250
1349.9952,0.107092
1350.2281,0.106881
1350.4611,0.106629
1350.6940,0.106350
1350.9270,0.106060
1351.1600,0.105770
1351.3929,0.105487
1351.6259,0.105210
1351.8588,0.104940
1352.0918,0.104675
1352.3248,0.104414
1352.5577,0.104157
1352.7907,0.103903
1353.0236,0.103652
1353.2566,0.103405
1353.4896,0.103163
1353.7225,0.102934
1353.9555,0.102724
1354.1884,0.102541
1354.4214,0.102388
1354.6543,0.102261
1354.8873,0.102145
1355.1203,0.102021
1355.3532,0.101874
1355.5862,0.101697
1355.8191,0.101497
1356.0521,0.101294
1356.2851,0.101115
1356.5180,0.100985
1356.7510,0.100917
1356.9839,0.100911
1357.2169,0.100956
1357.4498,0.101037
1357.6828,0.101139
1357.9158,0.101255
1358.1487,0.101384
1358.3817,0.101529
1358.6146,0.101694
1358.8476,0.101877
1359.0806,0.102079
1359.3135,0.102305
1359.5465,0.102572
1359.7794,0.102911
1360.0124,0.103360
1360.2454,0.103952
1360.4783,0.104702
1360.7113,0.105593
1360.9442,0.106573
1361.1772,0.107570
1361.4101,0.108517
1361.6431,0.109386
1361.8761,0.110201
1362.1090,0.111031
1362.3420,0.111959
1362.5749,0.113041
1362.8079,0.114275
1363.0409,0.115580
1363.2738,0.116809
1363.5068,0.117797
1363.7397,0.118429
1363.9727,0.118686
1364.2056,0.118654
1364.4386,0.118477
1364.6716,0.118304
1364.9045,0.118250
1365.1375,0.118373
1365.3704,0.118679
1365.6034,0.119129
1365.8364,0.119664
1366.0693,0.120226
1366.3023,0.120771
1366.5352,0.121281
1366.7682,0.121762
1367.0012,0.122232
1367.2341,0.122715
1367.4671,0.123231
1367.7000,0.123792
1367.9330,0.124400
1368.1659,0.125049
1368.3989,0.125718
1368.6319,0.126378
1368.8648,0.126991
1369.0978,0.127523
1369.3307,0.127953
1369.5637,0.128282
1369.7967,0.128535
1370.0296,0.128759
1370.2626,0.129003
1370.4955,0.129311
1370.7285,0.129707
1370.9614,0.130196
1371.1944,0.130765
1371.4274,0.131392
1371.6603,0.132059
1371.8933,0.132760
1372.1262,0.133509
1372.3592,0.134334
1372.5922,0.135267
1372.8251,0.136333
1373.0581,0.137537
1373.2910,0.138854
1373.5240,0.140219
1373.7570,0.141534
1373.9899,0.142681
1374.2229,0.143548
1374.4558,0.144050
1374.6888,0.144152
1374.9217,0.143865
1375.1547,0.143237
1375.3877,0.142331
1375.6206,0.141213
1375.8536,0.139939
1376.0865,0.138553
1376.3195,0.137090
1376.5525,0.135578
1376.7854,0.134041
1377.0184,0.132500
1377.2513,0.130968
1377.4843,0.129454
1377.7172,0.127953
1377.9502,0.126454
1378.1832,0.124937
1378.4161,0.123389
1378.6491,0.121801
1378.8820,0.120179
1379.1150,0.118539
1379.3480,0.116903
1379.5809,0.115293
1379.8139,0.113726
1380.0468,0.112212
1380.2798,0.110753
1380.5128,0.109348
1380.7457,0.107999
1380.9787,0.106709
1381.2116,0.105484
1381.4446,0.104332
1381.6775,0.103258
1381.9105,0.102265
1382.1435,0.101345
1382.3764,0.100491
1382.6094,0.099692
1382.8423,0.098939
1383.0753,0.098230
1383.3083,0.097566
1383.5412,0.096951
1383.7742,0.096387
1384.0071,0.095874
1384.2401,0.095409
1384.4730,0.094988
1384.7060,0.094610
1384.9390,0.094278
1385.1719,0.094001
1385.4049,0.093797
1385.6378,0.093684
1385.8708,0.093682
1386.1038,0.093811
1386.3367,0.094082
1386.5697,0.094500
1386.8026,0.095047
1387.0356,0.095683
1387.2686,0.096331
1387.5015,0.096886
1387.7345,0.097232
1387.9674,0.097284
1388.2004,0.097018
1388.4333,0.096483
1388.6663,0.095781
1388.8993,0.095031
1389.1322,0.094338
1389.3652,0.093777
1389.5981,0.093379
1389.8311,0.093140
1390.0641,0.093026
1390.2970,0.092986
1390.5300,0.092973
1390.7629,0.092954
1390.9959,0.092918
1391.2288,0.092871
1391.4618,0.092823
1391.6948,0.092784
1391.9277,0.092751
1392.1607,0.092722
1392.3936,0.092695
1392.6266,0.092686
1392.8596,0.092728
1393.0925,0.092868
1393.3255,0.093159
1393.5584,0.093648
1393.7914,0.094353
1394.0244,0.095257
1394.2573,0.096291
1394.4903,0.097340
1394.7232,0.098261
1394.9562,0.098922
1395.1891,0.099241
1395.4221,0.099216
1395.6551,0.098910
1395.8880,0.098431
1396.1210,0.097892
1396.3539,0.097387
1396.5869,0.096984
1396.8199,0.096718
1397.0528,0.096600
1397.2858,0.096622
1397.5187,0.096773
1397.7517,0.097039
1397.9846,0.097419
1398.2176,0.097914
1398.4506,0.098522
1398.6835,0.099216
1398.9165,0.099933
1399.1494,0.100572
1399.3824,0.101013
1399.6154,0.101156
1399.8483,0.100961
1400.0813,0.100467
1400.3142,0.099767
1400.5472,0.098983
1400.7802,0.098226
1401.0131,0.097578
1401.2461,0.097081
1401.4790,0.096744
1401.7120,0.096548
1401.9449,0.096460
1402.1779,0.096439
1402.4109,0.096455
1402.6438,0.096484
1402.8768,0.096518
1403.1097,0.096558
1403.3427,0.096618
1403.5757,0.096720
1403.8086,0.096891
1404.0416,0.097157
1404.2745,0.097531
1404.5075,0.098004
1404.7404,0.098529
1404.9734,0.099027
1405.2064,0.099395
1405.4393,0.099544
1405.6723,0.099430
1405.9052,0.099071
1406.1382,0.098540
1406.3712,0.097937
1406.6041,0.097356
1406.8371,0.096866
1407.0700,0.096501
1407.3030,0.096259
1407.5360,0.096113
1407.7689,0.096024
1408.0019,0.095957
1408.2348,0.095889
1408.4678,0.095817
1408.7007,0.095750
1408.9337,0.095702
1409.1667,0.095678
1409.3996,0.095676
1409.6326,0.095682
1409.8655,0.095679
1410.0985,0.095657
1410.3315,0.095610
1410.5644,0.095546
1410.7974,0.095476
1411.0303,0.095408
1411.2633,0.095344
1411.4962,0.095275
1411.7292,0.095186
1411.9622,0.095058
1412.1951,0.094881
1412.4281,0.094652
1412.6610,0.094377
1412.8940,0.094069
1413.1270,0.093742
1413.3599,0.093408
1413.5929,0.093074
1413.8258,0.092747
1414.0588,0.092432
1414.2918,0.092137
1414.5247,0.091871
1414.7577,0.091642
1414.9906,0.091456
1415.2236,0.091316
1415.4565,0.091224
1415.6895,0.091184
1415.9225,0.091208
1416.1554,0.091314
1416.3884,0.091522
1416.6213,0.091848
1416.8543,0.092294
1417.0873,0.092840
1417.3202,0.093456
1417.5532,0.094109
1417.7861,0.094795
1418.0191,0.095552
1418.2520,0.096464
1418.4850,0.097641
1418.7180,0.099174
1418.9509,0.101070
1419.1839,0.103183
1419.4168,0.105179
1419.6498,0.106610
1419.8828,0.107116
1420.1157,0.106627
1420.3487,0.105393
1420.5816,0.103823
1420.8146,0.102302
1421.0476,0.101098
1421.2805,0.100350
1421.5135,0.100091
1421.7464,0.100281
1421.9794,0.100834
1422.2123,0.101654
1422.4453,0.102666
1422.6783,0.103844
1422.9112,0.105204
1423.1442,0.106782
1423.3771,0.108588
1423.6101,0.110572
1423.8431,0.112608
1424.0760,0.114515
1424.3090,0.116126
1424.5419,0.117350
1424.7749,0.118212
1425.0078,0.118830
1425.2408,0.119359
1425.4738,0.119944
1425.7067,0.120683
1425.9397,0.121622
1426.1726,0.122767
1426.4056,0.124097
1426.6386,0.125584
1426.8715,0.127198
1427.1045,0.128917
1427.3374,0.130716
1427.5704,0.132574
1427.8034,0.134472
1428.0363,0.136400
1428.2693,0.138369
1428.5022,0.140407
1428.7352,0.142558
1428.9681,0.144861
1429.2011,0.147328
1429.4341,0.149931
1429.6670,0.152579
1429.9000,0.155129
1430.1329,0.157408
1430.3659,0.159261
1430.5989,0.160606
1430.8318,0.161453
1431.0648,0.161909
1431.2977,0.162133
1431.5307,0.162297
1431.7636,0.162547
1431.9966,0.162980
1432.2296,0.163636
1432.4625,0.164494
1432.6955,0.165486
1432.9284,0.166518
1433.1614,0.167503
1433.3944,0.168390
1433.6273,0.169175
1433.8603,0.169890
1434.0932,0.170591
1434.3262,0.171328
1434.5592,0.172144
1434.7921,0.173082
1435.0251,0.174205
1435.2580,0.175613
1435.4910,0.177455
1435.7239,0.179909
1435.9569,0.183132
1436.1899,0.187177
1436.4228,0.191863
1436.6558,0.196667
1436.8887,0.200774
1437.1217,0.203398
1437.3547,0.204204
1437.5876,0.203463
1437.8206,0.201811
1438.0535,0.199896
1438.2865,0.198179
1438.5194,0.196907
1438.7524,0.196164
1438.9854,0.195930
1439.2183,0.196125
1439.4513,0.196636
1439.6842,0.197339
1439.9172,0.198117
1440.1502,0.198874
1440.3831,0.199545
1440.6161,0.200097
1440.8490,0.200526
1441.0820,0.200844
1441.3149,0.201066
1441.5479,0.201203
1441.7809,0.201247
1442.0138,0.201181
1442.2468,0.200982
1442.4797,0.200636
1442.7127,0.200144
1442.9457,0.199523
1443.1786,0.198794
1443.4116,0.197973
1443.6445,0.197057
1443.8775,0.196032
1444.1105,0.194876
1444.3434,0.193579
1444.5764,0.192147
1444.8093,0.190606
1445.0423,0.188987
1445.2752,0.187313
1445.5082,0.185588
1445.7412,0.183801
1445.9741,0.181944
1446.2071,0.180024
1446.4400,0.178072
1446.6730,0.176140
1446.9060,0.174280
1447.1389,0.172515
1447.3719,0.170824
1447.6048,0.169138
1447.8378,0.167353
1448.0707,0.165368
1448.3037,0.163126
1448.5367,0.160640
1448.7696,0.157979
1449.0026,0.155234
1449.2355,0.152479
1449.4685,0.149755
1449.7015,0.147076
1449.9344,0.144442
1450.1674,0.141860
1450.4003,0.139342
1450.6333,0.136906
1450.8663,0.134561
1451.0992,0.132303
1451.3322,0.130109
1451.5651,0.127950
1451.7981,0.125803
1452.0310,0.123657
1452.2640,0.121520
1452.4970,0.119410
1452.7299,0.117346
1452.9629,0.115337
1453.1958,0.113389
1453.4288,0.111504
1453.6618,0.109696
1453.8947,0.107990
1454.1277,0.106420
1454.3606,0.105015
1454.5936,0.103790
1454.8265,0.102739
1455.0595,0.101838
1455.2925,0.101064
1455.5254,0.100415
1455.7584,0.099930
1455.9913,0.099676
1456.2243,0.099725
1456.4573,0.100099
1456.6902,0.100706
1456.9232,0.101316
1457.1561,0.101622
1457.3891,0.101391
1457.6221,0.100593
1457.8550,0.099386
1458.0880,0.097993
1458.3209,0.096592
1458.5539,0.095269
1458.7868,0.094027
1459.0198,0.092819
1459.2528,0.091595
1459.4857,0.090328
1459.7187,0.089030
1459.9516,0.087741
1460.1846,0.086507
1460.4176,0.085356
1460.6505,0.084298
1460.8835,0.083321
1461.1164,0.082408
1461.3494,0.081547
1461.5823,0.080735
1461.8153,0.079981
1462.0483,0.079296
1462.2812,0.078682
1462.5142,0.078133
1462.7471,0.077638
1462.9801,0.077190
1463.2131,0.076802
1463.4460,0.076506
1463.6790,0.076355
1463.9119,0.076406
1464.1449,0.076699
1464.3779,0.077236
1464.6108,0.077957
1464.8438,0.078728
1465.0767,0.079367
1465.3097,0.079694
1465.5426,0.079608
1465.7756,0.079121
1466.0086,0.078332
1466.2415,0.077371
1466.4745,0.076351
1466.7074,0.075351
1466.9404,0.074410
1467.1734,0.073541
1467.4063,0.072729
1467.6393,0.071945
1467.8722,0.071148
1468.1052,0.070301
1468.3381,0.069377
1468.5711,0.068371
1468.8041,0.067296
1469.0370,0.066182
1469.2700,0.065064
1469.5029,0.063969
1469.7359,0.062914
1469.9689,0.061910
1470.2018,0.060965
1470.4348,0.060101
1470.6677,0.059355
1470.9007,0.058779
1471.1337,0.058430
1471.3666,0.058349
1471.5996,0.058542
1471.8325,0.058957
1472.0655,0.059478
1472.2984,0.059952
1472.5314,0.060241
1472.7644,0.060285
1472.9973,0.060108
1473.2303,0.059781
1473.4632,0.059373
1473.6962,0.058908
1473.9292,0.058375
1474.1621,0.057749
1474.3951,0.057025
1474.6280,0.056235
1474.8610,0.055448
1475.0939,0.054745
1475.3269,0.054202
1475.5599,0.053869
1475.7928,0.053758
1476.0258,0.053831
1476.2587,0.053993
1476.4917,0.054108
1476.7247,0.054048
1476.9576,0.053739
1477.1906,0.053189
1477.4235,0.052469
1477.6565,0.051671
1477.8895,0.050879
1478.1224,0.050153
1478.3554,0.049529
1478.5883,0.049018
1478.8213,0.048615
1479.0542,0.048301
1479.2872,0.048052
1479.5202,0.047844
1479.7531,0.047663
1479.9861,0.047506
1480.2190,0.047380
1480.4520,0.047299
1480.6850,0.047268
1480.9179,0.047283
1481.1509,0.047325
1481.3838,0.047359
1481.6168,0.047348
1481.8497,0.047264
1482.0827,0.047095
1482.3157,0.046853
1482.5486,0.046568
1482.7816,0.046274
1483.0145,0.046002
1483.2475,0.045770
1483.4805,0.045584
1483.7134,0.045439
1483.9464,0.045327
1484.1793,0.045237
1484.4123,0.045164
1484.6453,0.045107
1484.8782,0.045069
1485.1112,0.045056
1485.3441,0.045074
1485.5771,0.045134
1485.8100,0.045249
1486.0430,0.045438
1486.2760,0.045722
1486.5089,0.046119
1486.7419,0.046634
1486.9748,0.047246
1487.2078,0.047903
1487.4408,0.048527
1487.6737,0.049036
1487.9067,0.049375
1488.1396,0.049545
1488.3726,0.049601
1488.6055,0.049631
1488.8385,0.049731
1489.0715,0.049977
1489.3044,0.050415
1489.5374,0.051043
1489.7703,0.051807
1490.0033,0.052605
1490.2363,0.053307
1490.4692,0.053792
1490.7022,0.053986
1490.9351,0.053876
1491.1681,0.053506
1491.4011,0.052953
1491.6340,0.052304
1491.8670,0.051635
1492.0999,0.051009
1492.3329,0.050468
1492.5658,0.050038
1492.7988,0.049736
1493.0318,0.049564
1493.2647,0.049513
1493.4977,0.049568
1493.7306,0.049702
1493.9636,0.049889
1494.1966,0.050107
1494.4295,0.050350
1494.6625,0.050632
1494.8954,0.050988
1495.1284,0.051476
1495.3613,0.052157
1495.5943,0.053086
1495.8273,0.054275
1496.0602,0.055658
1496.2932,0.057067
1496.5261,0.058255
1496.7591,0.058990
1496.9921,0.059171
1497.2250,0.058880
1497.4580,0.058328
1497.6909,0.057755
1497.9239,0.057366
1498.1569,0.057292
1498.3898,0.057584
1498.6228,0.058197
1498.8557,0.058986
1499.0887,0.059729
1499.3216,0.060200
1499.5546,0.060265
1499.7876,0.059933
1500.0205,0.059331
1500.2535,0.058627
1500.4864,0.057967
1500.7194,0.057447
1500.9524,0.057104
1501.1853,0.056926
1501.4183,0.056867
1501.6512,0.056865
1501.8842,0.056862
1502.1171,0.056820
1502.3501,0.056724
1502.5831,0.056579
1502.8160,0.056403
1503.0490,0.056215
1503.2819,0.056037
1503.5149,0.055890
1503.7479,0.055804
1503.9808,0.055819
1504.2138,0.055992
1504.4467,0.056394
1504.6797,0.057110
1504.9127,0.058232
1505.1456,0.059849
1505.3786,0.062026
1505.6115,0.064769
1505.8445,0.067983
1506.0774,0.071435
1506.3104,0.074775
1506.5434,0.077614
1506.7763,0.079660
1507.0093,0.080801
1507.2422,0.081104
1507.4752,0.080741
1507.7082,0.079916
1507.9411,0.078822
1508.1741,0.077625
1508.4070,0.076463
1508.6400,0.075442
1508.8729,0.074636
1509.1059,0.074082
1509.3389,0.073774
1509.5718,0.073669
1509.8048,0.073688
1510.0377,0.073737
1510.2707,0.073732
1510.5037,0.073631
1510.7366,0.073443
1510.9696,0.073233
1511.2025,0.073088
1511.4355,0.073097
1511.6685,0.073324
1511.9014,0.073784
1512.1344,0.074428
1512.3673,0.075140
1512.6003,0.075763
1512.8332,0.076149
1513.0662,0.076218
1513.2992,0.075984
1513.5321,0.075541
1513.7651,0.075019
1513.9980,0.074546
1514.2310,0.074221
1514.4640,0.074101
1514.6969,0.074197
1514.9299,0.074476
1515.1628,0.074871
1515.3958,0.075307
1515.6287,0.075725
1515.8617,0.076114
1516.0947,0.076510
1516.3276,0.076982
1516.5606,0.077593
1516.7935,0.078359
1517.0265,0.079213
1517.2595,0.079988
1517.4924,0.080459
1517.7254,0.080437
1517.9583,0.079868
1518.1913,0.078857
1518.4243,0.077612
1518.6572,0.076353
1518.8902,0.075263
1519.1231,0.074473
1519.3561,0.074071
1519.5890,0.074114
1519.8220,0.074640
1520.0550,0.075662
1520.2879,0.077160
1520.5209,0.079051
1520.7538,0.081161
1520.9868,0.083227
1521.2198,0.084935
1521.4527,0.086031
1521.6857,0.086418
1521.9186,0.086179
1522.1516,0.085507
1522.3845,0.084606
1522.6175,0.083631
1522.8505,0.082664
1523.0834,0.081731
1523.3164,0.080834
1523.5493,0.079979
1523.7823,0.079195
1524.0153,0.078537
1524.2482,0.078082
1524.4812,0.077905
1524.7141,0.078066
1524.9471,0.078577
1525.1801,0.079380
1525.4130,0.080321
1525.6460,0.081180
1525.8789,0.081743
1526.1119,0.081898
1526.3448,0.081675
1526.5778,0.081212
1526.8108,0.080682
1527.0437,0.080225
1527.2767,0.079920
1527.5096,0.079777
1527.7426,0.079748
1527.9756,0.079750
1528.2085,0.079693
1528.4415,0.079514
1528.6744,0.079192
1528.9074,0.078746
1529.1403,0.078218
1529.3733,0.077655
1529.6063,0.077101
1529.8392,0.076593
1530.0722,0.076165
1530.3051,0.075851
1530.5381,0.075687
1530.7711,0.075700
1531.0040,0.075902
1531.2370,0.076283
1531.4699,0.076801
1531.7029,0.077401
1531.9359,0.078026
1532.1688,0.078652
1532.4018,0.079296
1532.6347,0.080012
1532.8677,0.080870
1533.1006,0.081911
1533.3336,0.083102
1533.5666,0.084306
1533.7995,0.085288
1534.0325,0.085798
1534.2654,0.085682
1534.4984,0.084961
1534.7314,0.083814
1534.9643,0.082479
1535.1973,0.081164
1535.4302,0.080009
1535.6632,0.079078
1535.8961,0.078383
1536.1291,0.077895
1536.3621,0.077573
1536.5950,0.077375
1536.8280,0.077275
1537.0609,0.077275
1537.2939,0.077404
1537.5269,0.077718
1537.7598,0.078294
1537.9928,0.079229
1538.2257,0.080626
1538.4587,0.082587
1538.6917,0.085175
1538.9246,0.088363
1539.1576,0.091951
1539.3905,0.095522
1539.6235,0.098513
1539.8564,0.100433
1540.0894,0.101109
1540.3224,0.100742
1540.5553,0.099748
1540.7883,0.098561
1541.0212,0.097514
1541.2542,0.096813
1541.4872,0.096559
1541.7201,0.096763
1541.9531,0.097347
1542.1860,0.098150
1542.4190,0.098941
1542.6519,0.099486
1542.8849,0.099632
1543.1179,0.099364
1543.3508,0.098805
1543.5838,0.098152
1543.8167,0.097609
1544.0497,0.097341
1544.2827,0.097452
1544.5156,0.097973
1544.7486,0.098850
1544.9815,0.099940
1545.2145,0.101020
1545.4475,0.101849
1545.6804,0.102243
1545.9134,0.102146
1546.1463,0.101634
1546.3793,0.100868
1546.6122,0.100029
1546.8452,0.099269
1547.0782,0.098691
1547.3111,0.098350
1547.5441,0.098258
1547.7770,0.098398
1548.0100,0.098729
1548.2430,0.099208
1548.4759,0.099803
1548.7089,0.100506
1548.9418,0.101336
1549.1748,0.102327
1549.4077,0.103501
1549.6407,0.104838
1549.8737,0.106244
1550.1066,0.107548
1550.3396,0.108543
1550.5725,0.109061
1550.8055,0.109053
1551.0385,0.108605
1551.2714,0.107896
1551.5044,0.107124
1551.7373,0.106451
1551.9703,0.105973
1552.2033,0.105723
1552.4362,0.105686
1552.6692,0.105832
1552.9021,0.106139
1553.1351,0.106616
1553.3680,0.107307
1553.6010,0.108273
1553.8340,0.109551
1554.0669,0.111099
1554.2999,0.112748
1554.5328,0.114195
1554.7658,0.115101
1554.9988,0.115252
1555.2317,0.114672
1555.4647,0.113597
1555.6976,0.112345
1555.9306,0.111203
1556.1635,0.110387
1556.3965,0.110051
1556.6295,0.110325
1556.8624,0.111339
1557.0954,0.113250
1557.3283,0.116238
1557.5613,0.120466
1557.7943,0.125975
1558.0272,0.132506
1558.2602,0.139361
1558.4931,0.145508
1558.7261,0.150060
1558.9591,0.152759
1559.1920,0.153995
1559.4250,0.154398
1559.6579,0.154427
1559.8909,0.154205
1560.1238,0.153570
1560.3568,0.152266
1560.5898,0.150171
1560.8227,0.147421
1561.0557,0.144352
1561.2886,0.141346
1561.5216,0.138702
1561.7546,0.136592
1561.9875,0.135078
1562.2205,0.134147
1562.4534,0.133733
1562.6864,0.133737
1562.9193,0.134053
1563.1523,0.134581
1563.3853,0.135252
1563.6182,0.136035
1563.8512,0.136931
1564.0841,0.137959
1564.3171,0.139122
1564.5501,0.140387
1564.7830,0.141673
1565.0160,0.142858
1565.2489,0.143812
1565.4819,0.144443
1565.7149,0.144732
1565.9478,0.144735
1566.1808,0.144567
1566.4137,0.144362
1566.6467,0.144239
1566.8796,0.144288
1567.1126,0.144557
1567.3456,0.145061
1567.5785,0.145796
1567.8115,0.146755
1568.0444,0.147948
1568.2774,0.149413
1568.5104,0.151212
1568.7433,0.153411
1568.9763,0.156035
1569.2092,0.159019
1569.4422,0.162144
1569.6751,0.165038
1569.9081,0.167253
1570.1411,0.168449
1570.3740,0.168552
1570.6070,0.167774
1570.8399,0.166488
1571.0729,0.165066
1571.3059,0.163786
1571.5388,0.162808
1571.7718,0.162197
1572.0047,0.161942
1572.2377,0.161989
1572.4707,0.162259
1572.7036,0.162675
1572.9366,0.163172
1573.1695,0.163716
1573.4025,0.164298
1573.6354,0.164932
1573.8684,0.165641
1574.1014,0.166453
1574.3343,0.167406
1574.5673,0.168556
1574.8002,0.169984
1575.0332,0.171805
1575.2662,0.174156
1575.4991,0.177162
1575.7321,0.180861
1575.9650,0.185094
1576.1980,0.189408
1576.4309,0.193085
1576.6639,0.195416
1576.8969,0.196074
1577.1298,0.195266
1577.3628,0.193540
1577.5957,0.191484
1577.8287,0.189529
1578.0617,0.187919
1578.2946,0.186735
1578.5276,0.185952
1578.7605,0.185481
1578.9935,0.185202
1579.2264,0.185000
1579.4594,0.184787
1579.6924,0.184509
1579.9253,0.184143
1580.1583,0.183680
1580.3912,0.183117
1580.6242,0.182443
1580.8572,0.181648
1581.0901,0.180725
1581.3231,0.179679
1581.5560,0.178523
1581.7890,0.177272
1582.0220,0.175936
1582.2549,0.174517
1582.4879,0.173008
1582.7208,0.171404
1582.9538,0.169709
1583.1867,0.167938
1583.4197,0.166114
1583.6527,0.164265
1583.8856,0.162407
1584.1186,0.160549
1584.3515,0.158684
1584.5845,0.156802
1584.8175,0.154895
1585.0504,0.152961
1585.2834,0.151006
1585.5163,0.149038
1585.7493,0.147064
1585.9822,0.145085
1586.2152,0.143095
1586.4482,0.141084
1586.6811,0.139044
1586.9141,0.136970
1587.1470,0.134861
1587.3800,0.132720
1587.6130,0.130551
1587.8459,0.128356
1588.0789,0.126137
1588.3118,0.123899
1588.5448,0.121651
1588.7778,0.119406
1589.0107,0.117179
1589.2437,0.114985
1589.4766,0.112837
1589.7096,0.110741
1589.9425,0.108699
1590.1755,0.106712
1590.4085,0.104781
1590.6414,0.102906
1590.8744,0.101091
1591.1073,0.099343
1591.3403,0.097668
1591.5733,0.096073
1591.8062,0.094564
1592.0392,0.093142
1592.2721,0.091805
1592.5051,0.090550
1592.7380,0.089372
1592.9710,0.088267
1593.2040,0.087236
1593.4369,0.086282
1593.6699,0.085408
1593.9028,0.084617
1594.1358,0.083903
1594.3688,0.083254
1594.6017,0.082652
1594.8347,0.082083
1595.0676,0.081537
1595.3006,0.081014
1595.5336,0.080524
1595.7665,0.080081
1595.9995,0.079694
1596.2324,0.079362
1596.4654,0.079076
1596.6983,0.078817
1596.9313,0.078569
1597.1643,0.078324
1597.3972,0.078084
1597.6302,0.077860
1597.8631,0.077668
1598.0961,0.077521
1598.3291,0.077423
1598.5620,0.077368
1598.7950,0.077346
1599.0279,0.077345
1599.2609,0.077360
1599.4938,0.077391
1599.7268,0.077442
1599.9598,0.077521
1600.1927,0.077630
1600.4257,0.077771
1600.6586,0.077938
1600.8916,0.078126
1601.1246,0.078331
1601.3575,0.078548
1601.5905,0.078779
1601.8234,0.079022
1602.0564,0.079281
1602.2894,0.079557
1602.5223,0.079853
1602.7553,0.080172
1602.9882,0.080513
1603.2212,0.080873
1603.4541,0.081243
1603.6871,0.081609
1603.9201,0.081954
1604.1530,0.082268
1604.3860,0.082551
1604.6189,0.082812
1604.8519,0.083069
1605.0849,0.083342
1605.3178,0.083650
1605.5508,0.084002
1605.7837,0.084402
1606.0167,0.084848
1606.2496,0.085338
1606.4826,0.085871
1606.7156,0.086445
1606.9485,0.087055
1607.1815,0.087686
1607.4144,0.088315
1607.6474,0.088915
1607.8804,0.089469
1608.1133,0.089978
1608.3463,0.090463
1608.5792,0.090961
1608.8122,0.091511
1609.0452,0.092136
1609.2781,0.092831
1609.5111,0.093561
1609.7440,0.094269
1609.9770,0.094901
1610.2099,0.095420
1610.4429,0.095825
1610.6759,0.096146
1610.9088,0.096431
1611.1418,0.096726
1611.3747,0.097062
1611.6077,0.097449
1611.8407,0.097881
1612.0736,0.098347
1612.3066,0.098835
1612.5395,0.099342
1612.7725,0.099875
1613.0054,0.100442
1613.2384,0.101055
1613.4714,0.101721
1613.7043,0.102446
1613.9373,0.103240
1614.1702,0.104112
1614.4032,0.105078
1614.6362,0.106152
1614.8691,0.107359
1615.1021,0.108729
1615.3350,0.110320
1615.5680,0.112212
1615.8010,0.114515
1616.0339,0.117340
1616.2669,0.120741
1616.4998,0.124629
1616.7328,0.128674
1616.9657,0.132307
1617.1987,0.134916
1617.4317,0.136155
1617.6646,0.136125
1617.8976,0.135257
1618.1305,0.134067
1618.3635,0.132971
1618.5965,0.132226
1618.8294,0.131941
1619.0624,0.132118
1619.2953,0.132685
1619.5283,0.133529
1619.7612,0.134530
1619.9942,0.135587
1620.2272,0.136640
1620.4601,0.137657
1620.6931,0.138631
1620.9260,0.139555
1621.1590,0.140419
1621.3920,0.141211
1621.6249,0.141927
1621.8579,0.142589
1622.0908,0.143240
1622.3238,0.143941
1622.5568,0.144746
1622.7897,0.145681
1623.0227,0.146722
1623.2556,0.147772
1623.4886,0.148672
1623.7215,0.149230
1623.9545,0.149290
1624.1875,0.148798
1624.4204,0.147821
1624.6534,0.146516
1624.8863,0.145065
1625.1193,0.143630
1625.3523,0.142332
1625.5852,0.141250
1625.8182,0.140421
1626.0511,0.139853
1626.2841,0.139528
1626.5170,0.139414
1626.7500,0.139481
1626.9830,0.139707
1627.2159,0.140079
1627.4489,0.140579
1627.6818,0.141164
1627.9148,0.141748
1628.1478,0.142209
1628.3807,0.142423
1628.6137,0.142309
1628.8466,0.141867
1629.0796,0.141171
1629.3126,0.140336
1629.5455,0.139474
1629.7785,0.138662
1630.0114,0.137929
1630.2444,0.137257
1630.4773,0.136601
1630.7103,0.135909
1630.9433,0.135144
1631.1762,0.134294
1631.4092,0.133369
1631.6421,0.132387
1631.8751,0.131364
1632.1081,0.130301
1632.3410,0.129193
1632.5740,0.128033
1632.8069,0.126823
1633.0399,0.125580
1633.2728,0.124331
1633.5058,0.123106
1633.7388,0.121937
1633.9717,0.120854
1634.2047,0.119892
1634.4376,0.119095
1634.6706,0.118517
1634.9036,0.118205
1635.1365,0.118161
1635.3695,0.118287
1635.6024,0.118356
1635.8354,0.118072
1636.0684,0.117226
1636.3013,0.115813
1636.5343,0.114019
1636.7672,0.112091
1637.0002,0.110233
1637.2331,0.108569
1637.4661,0.107137
1637.6991,0.105913
1637.9320,0.104829
1638.1650,0.103802
1638.3979,0.102763
1638.6309,0.101687
1638.8639,0.100590
1639.0968,0.099515
1639.3298,0.098505
1639.5627,0.097588
1639.7957,0.096762
1640.0286,0.096007
1640.2616,0.095286
1640.4946,0.094568
1640.7275,0.093829
1640.9605,0.093063
1641.1934,0.092269
1641.4264,0.091443
1641.6594,0.090573
1641.8923,0.089638
1642.1253,0.088615
1642.3582,0.087487
1642.5912,0.086249
1642.8242,0.084911
1643.0571,0.083487
1643.2901,0.081991
1643.5230,0.080435
1643.7560,0.078823
1643.9889,0.077161
1644.2219,0.075462
1644.4549,0.073747
1644.6878,0.072044
1644.9208,0.070384
1645.1537,0.068798
1645.3867,0.067307
1645.6197,0.065922
1645.8526,0.064637
1646.0856,0.063428
1646.3185,0.062257
1646.5515,0.061083
1646.7844,0.059883
1647.0174,0.058655
1647.2504,0.057420
1647.4833,0.056208
1647.7163,0.055043
1647.9492,0.053941
1648.1822,0.052896
1648.4152,0.051890
1648.6481,0.050893
1648.8811,0.049884
1649.1140,0.048854
1649.3470,0.047812
1649.5800,0.046785
1649.8129,0.045804
1650.0459,0.044897
1650.2788,0.044084
1650.5118,0.043371
1650.7447,0.042754
1650.9777,0.042222
1651.2107,0.041772
1651.4436,0.041413
1651.6766,0.041183
1651.9095,0.041147
1652.1425,0.041389
1652.3755,0.041990
1652.6084,0.042974
1652.8414,0.044223
1653.0743,0.045440
1653.3073,0.046248
1653.5402,0.046411
1653.7732,0.045962
1654.0062,0.045111
1654.2391,0.044081
1654.4721,0.043021
1654.7050,0.042001
1654.9380,0.041038
1655.1710,0.040129
1655.4039,0.039269
1655.6369,0.038460
1655.8698,0.037713
1656.1028,0.037043
1656.3358,0.036463
1656.5687,0.035981
1656.8017,0.035592
1657.0346,0.035284
1657.2676,0.035039
1657.5005,0.034834
1657.7335,0.034651
1657.9665,0.034476
1658.1994,0.034304
1658.4324,0.034134
1658.6653,0.033965
1658.8983,0.033797
1659.1313,0.033628
1659.3642,0.033458
1659.5972,0.033287
1659.8301,0.033121
1660.0631,0.032967
1660.2960,0.032832
1660.5290,0.032722
1660.7620,0.032636
1660.9949,0.032571
1661.2279,0.032523
1661.4608,0.032488
1661.6938,0.032469
1661.9268,0.032477
1662.1597,0.032521
1662.3927,0.032612
1662.6256,0.032740
1662.8586,0.032877
1663.0916,0.032971
1663.3245,0.032958
1663.5575,0.032791
1663.7904,0.032459
1664.0234,0.031988
1664.2563,0.031430
1664.4893,0.030850
1664.7223,0.030305
1664.9552,0.029834
1665.1882,0.029461
1665.4211,0.029183
1665.6541,0.028982
1665.8871,0.028828
1666.1200,0.028691
1666.3530,0.028554
1666.5859,0.028409
1666.8189,0.028266
1667.0518,0.028134
1667.2848,0.028022
1667.5178,0.027932
1667.7507,0.027860
1667.9837,0.027809
1668.2166,0.027790
1668.4496,0.027831
1668.6826,0.027966
1668.9155,0.028224
1669.1485,0.028600
1669.3814,0.029032
1669.6144,0.029406
1669.8474,0.029598
1670.0803,0.029539
1670.3133,0.029241
1670.5462,0.028786
1670.7792,0.028281
1671.0121,0.027828
1671.2451,0.027493
1671.4781,0.027304
1671.7110,0.027245
1671.9440,0.027258
1672.1769,0.027271
1672.4099,0.027220
1672.6429,0.027075
1672.8758,0.026844
1673.1088,0.026560
1673.3417,0.026265
1673.5747,0.025994
1673.8076,0.025776
1674.0406,0.025632
1674.2736,0.025585
1674.5065,0.025665
1674.7395,0.025902
1674.9724,0.026317
1675.2054,0.026895
1675.4384,0.027551
1675.6713,0.028133
1675.9043,0.028473
1676.1372,0.028470
1676.3702,0.028133
1676.6032,0.027559
1676.8361,0.026873
1677.0691,0.026188
1677.3020,0.025582
1677.5350,0.025097
1677.7679,0.024745
1678.0009,0.024509
1678.2339,0.024355
1678.4668,0.024245
1678.6998,0.024152
1678.9327,0.024066
1679.1657,0.023993
1679.3987,0.023955
1679.6316,0.023973
1679.8646,0.024058
1680.0975,0.024207
1680.3305,0.024394
1680.5634,0.024579
1680.7964,0.024718
1681.0294,0.024774
1681.2623,0.024728
1681.4953,0.024586
1681.7282,0.024374
1681.9612,0.024134
1682.1942,0.023920
1682.4271,0.023784
1682.6601,0.023783
1682.8930,0.023963
1683.1260,0.024357
1683.3590,0.024972
1683.5919,0.025782
1683.8249,0.026724
1684.0578,0.027706
1684.2908,0.028617
1684.5237,0.029352
1684.7567,0.029822
1684.9897,0.029972
1685.2226,0.029798
1685.4556,0.029339
1685.6885,0.028672
1685.9215,0.027883
1686.1545,0.027056
1686.3874,0.026260
1686.6204,0.025550
1686.8533,0.024965
1687.0863,0.024532
1687.3192,0.024260
1687.5522,0.024147
1687.7852,0.024167
1688.0181,0.024285
1688.2511,0.024452
1688.4840,0.024617
1688.7170,0.024738
1688.9500,0.024790
1689.1829,0.024763
1689.4159,0.024669
1689.6488,0.024528
1689.8818,0.024368
1690.1148,0.024213
1690.3477,0.024079
1690.5807,0.023971
1690.8136,0.023881
1691.0466,0.023794
1691.2795,0.023693
1691.5125,0.023566
1691.7455,0.023415
1691.9784,0.023249
1692.2114,0.023089
1692.4443,0.022952
1692.6773,0.022854
1692.9103,0.022797
1693.1432,0.022772
1693.3762,0.022760
1693.6091,0.022741
1693.8421,0.022700
1694.0750,0.022636
1694.3080,0.022563
1694.5410,0.022513
1694.7739,0.022533
1695.0069,0.022679
1695.2398,0.023016
1695.4728,0.023593
1695.7058,0.024415
1695.9387,0.025398
1696.1717,0.026348
1696.4046,0.027026
1696.6376,0.027270
1696.8706,0.027073
1697.1035,0.026555
1697.3365,0.025872
1697.5694,0.025161
1697.8024,0.024512
1698.0353,0.023978
1698.2683,0.023576
1698.5013,0.023300
1698.7342,0.023132
1698.9672,0.023061
1699.2001,0.023096
1699.4331,0.023285
1699.6661,0.023711
1699.8990,0.024477
1700.1320,0.025636
1700.3649,0.027092
1700.5979,0.028518
1700.8308,0.029472
1701.0638,0.029679
1701.2968,0.029191
1701.5297,0.028269
1701.7627,0.027184
1701.9956,0.026122
1702.2286,0.025183
1702.4616,0.024407
1702.6945,0.023798
1702.9275,0.023343
1703.1604,0.023030
1703.3934,0.022848
1703.6264,0.022796
1703.8593,0.022875
1704.0923,0.023076
1704.3252,0.023372
1704.5582,0.023710
1704.7911,0.024025
1705.0241,0.024253
1705.2571,0.024367
1705.4900,0.024374
1705.7230,0.024317
1705.9559,0.024246
1706.1889,0.024206
1706.4219,0.024214
1706.6548,0.024255
1706.8878,0.024291
1707.1207,0.024274
1707.3537,0.024170
1707.5866,0.023969
1707.8196,0.023689
1708.0526,0.023365
1708.2855,0.023036
1708.5185,0.022738
1708.7514,0.022495
1708.9844,0.022322
1709.2174,0.022225
1709.4503,0.022199
1709.6833,0.022229
1709.9162,0.022297
1710.1492,0.022378
1710.3822,0.022447
1710.6151,0.022483
1710.8481,0.022472
1711.0810,0.022409
1711.3140,0.022301
1711.5469,0.022160
1711.7799,0.022004
1712.0129,0.021852
1712.2458,0.021720
1712.4788,0.021622
1712.7117,0.021566
1712.9447,0.021557
1713.1777,0.021593
1713.4106,0.021670
1713.6436,0.021782
1713.8765,0.021929
1714.1095,0.022115
1714.3424,0.022353
1714.5754,0.022652
1714.8084,0.023008
1715.0413,0.023395
1715.2743,0.023760
1715.5072,0.024037
1715.7402,0.024173
1715.9732,0.024154
1716.2061,0.024013
1716.4391,0.023817
1716.6720,0.023651
1716.9050,0.023597
1717.1379,0.023720
1717.3709,0.024047
1717.6039,0.024551
1717.8368,0.025146
1718.0698,0.025700
1718.3027,0.026087
1718.5357,0.026233
1718.7687,0.026137
1719.0016,0.025850
1719.2346,0.025439
1719.4675,0.024961
1719.7005,0.024457
1719.9335,0.023952
1720.1664,0.023466
1720.3994,0.023018
1720.6323,0.022631
1720.8653,0.022322
1721.0982,0.022103
1721.3312,0.021975
1721.5642,0.021924
1721.7971,0.021927
1722.0301,0.021956
1722.2630,0.021993
1722.4960,0.022028
1722.7290,0.022063
1722.9619,0.022104
1723.1949,0.022159
1723.4278,0.022225
1723.6608,0.022291
1723.8937,0.022341
1724.1267,0.022355
1724.3597,0.022325
1724.5926,0.022249
1724.8256,0.022140
1725.0585,0.022014
1725.2915,0.021887
1725.5245,0.021773
1725.7574,0.021679
1725.9904,0.021606
1726.2233,0.021549
1726.4563,0.021502
1726.6893,0.021458
1726.9222,0.021411
1727.1552,0.021358
1727.3881,0.021298
1727.6211,0.021235
1727.8540,0.021170
1728.0870,0.021106
1728.3200,0.021047
1728.5529,0.020995
1728.7859,0.020958
1729.0188,0.020948
1729.2518,0.020979
1729.4848,0.021071
1729.7177,0.021232
1729.9507,0.021462
1730.1836,0.021733
1730.4166,0.022001
1730.6495,0.022208
1730.8825,0.022309
1731.1155,0.022287
1731.3484,0.022156
1731.5814,0.021955
1731.8143,0.021734
1732.0473,0.021543
1732.2803,0.021421
1732.5132,0.021398
1732.7462,0.021493
1732.9791,0.021719
1733.2121,0.022086
1733.4451,0.022600
1733.6780,0.023251
1733.9110,0.024005
1734.1439,0.024783
1734.3769,0.025467
1734.6098,0.025929
1734.8428,0.026082
1735.0758,0.025913
1735.3087,0.025476
1735.5417,0.024864
1735.7746,0.024169
1736.0076,0.023467
1736.2406,0.022815
1736.4735,0.022248
1736.7065,0.021791
1736.9394,0.021461
1737.1724,0.021264
1737.4053,0.021191
1737.6383,0.021218
1737.8713,0.021307
1738.1042,0.021412
1738.3372,0.021497
1738.5701,0.021548
1738.8031,0.021582
1739.0361,0.021638
1739.2690,0.021764
1739.5020,0.022000
1739.7349,0.022350
1739.9679,0.022767
1740.2009,0.023160
1740.4338,0.023422
1740.6668,0.023481
1740.8997,0.023327
1741.1327,0.023007
1741.3656,0.022597
1741.5986,0.022174
1741.8316,0.021799
1742.0645,0.021515
1742.2975,0.021344
1742.5304,0.021296
1742.7634,0.021367
1742.9964,0.021539
1743.2293,0.021779
1743.4623,0.022040
1743.6952,0.022267
1743.9282,0.022408
1744.1611,0.022433
1744.3941,0.022341
1744.6271,0.022156
1744.8600,0.021923
1745.0930,0.021687
1745.3259,0.021486
1745.5589,0.021342
1745.7919,0.021261
1746.0248,0.021239
1746.2578,0.021267
1746.4907,0.021336
1746.7237,0.021440
1746.9567,0.021573
1747.1896,0.021725
1747.4226,0.021883
1747.6555,0.022033
1747.8885,0.022167
1748.1214,0.022286
1748.3544,0.022405
1748.5874,0.022540
1748.8203,0.022698
1749.0533,0.022867
1749.2862,0.023011
1749.5192,0.023087
1749.7522,0.023063
1749.9851,0.022940
1750.2181,0.022758
1750.4510,0.022583
1750.6840,0.022493
1750.9169,0.022552
1751.1499,0.022783
1751.3829,0.023149
1751.6158,0.023552
1751.8488,0.023860
1752.0817,0.023970
1752.3147,0.023850
1752.5477,0.023543
1752.7806,0.023130
1753.0136,0.022695
1753.2465,0.022300
1753.4795,0.021979
1753.7125,0.021745
1753.9454,0.021590
1754.1784,0.021498
1754.4113,0.021451
1754.6443,0.021431
1754.8772,0.021423
1755.1102,0.021420
1755.3432,0.021419
1755.5761,0.021428
1755.8091,0.021460
1756.0420,0.021540
1756.2750,0.021691
1756.5080,0.021928
1756.7409,0.022245
1756.9739,0.022604
1757.2068,0.022945
1757.4398,0.023195
1757.6727,0.023302
1757.9057,0.023252
1758.1387,0.023072
1758.3716,0.022815
1758.6046,0.022542
1758.8375,0.022299
1759.0705,0.022118
1759.3035,0.022005
1759.5364,0.021949
1759.7694,0.021931
1760.0023,0.021932
1760.2353,0.021940
1760.4683,0.021960
1760.7012,0.022006
1760.9342,0.022103
1761.1671,0.022275
1761.4001,0.022537
1761.6330,0.022884
1761.8660,0.023279
1762.0990,0.023657
1762.3319,0.023940
1762.5649,0.024059
1762.7978,0.023987
1763.0308,0.023744
1763.2638,0.023383
1763.4967,0.022973
1763.7297,0.022581
1763.9626,0.022255
1764.1956,0.022023
1764.4285,0.021890
1764.6615,0.021838
1764.8945,0.021841
1765.1274,0.021867
1765.3604,0.021893
1765.5933,0.021909
1765.8263,0.021911
1766.0593,0.021905
1766.2922,0.021892
1766.5252,0.021875
1766.7581,0.021856
1766.9911,0.021844
1767.2241,0.021862
1767.4570,0.021938
1767.6900,0.022108
1767.9229,0.022391
1768.1559,0.022781
1768.3888,0.023227
1768.6218,0.023644
1768.8548,0.023936
1769.0877,0.024037
1769.3207,0.023935
1769.5536,0.023673
1769.7866,0.023327
1770.0196,0.022978
1770.2525,0.022699
1770.4855,0.022543
1770.7184,0.022538
1770.9514,0.022688
1771.1843,0.022970
1771.4173,0.023344
1771.6503,0.023760
1771.8832,0.024173
1772.1162,0.024552
1772.3491,0.024882
1772.5821,0.025154
1772.8151,0.025352
1773.0480,0.025454
1773.2810,0.025431
1773.5139,0.025265
1773.7469,0.024956
1773.9799,0.024534
1774.2128,0.024044
1774.4458,0.023545
1774.6787,0.023094
1774.9117,0.022740
1775.1446,0.022512
1775.3776,0.022422
1775.6106,0.022450
1775.8435,0.022555
1776.0765,0.022682
1776.3094,0.022778
1776.5424,0.022810
1776.7754,0.022771
1777.0083,0.022675
1777.2413,0.022546
1777.4742,0.022411
1777.7072,0.022289
1777.9401,0.022193
1778.1731,0.022129
1778.4061,0.022100
1778.6390,0.022103
1778.8720,0.022132
1779.1049,0.022178
1779.3379,0.022232
1779.5709,0.022289
1779.8038,0.022350
1780.0368,0.022426
1780.2697,0.022531
1780.5027,0.022677
1780.7357,0.022863
1780.9686,0.023066
1781.2016,0.023246
1781.4345,0.023355
1781.6675,0.023358
1781.9004,0.023248
1782.1334,0.023049
1782.3664,0.022803
1782.5993,0.022560
1782.8323,0.022355
1783.0652,0.022206
1783.2982,0.022107
1783.5312,0.022042
1783.7641,0.021994
1783.9971,0.021958
1784.2300,0.021943
1784.4630,0.021970
1784.6959,0.022057
1784.9289,0.022206
1785.1619,0.022391
1785.3948,0.022564
1785.6278,0.022672
1785.8607,0.022678
1786.0937,0.022576
1786.3267,0.022392
1786.5596,0.022167
1786.7926,0.021944
1787.0255,0.021752
1787.2585,0.021605
1787.4915,0.021503
1787.7244,0.021435
1787.9574,0.021393
1788.1903,0.021373
1788.4233,0.021373
1788.6562,0.021393
1788.8892,0.021428
1789.1222,0.021468
1789.3551,0.021501
1789.5881,0.021522
1789.8210,0.021539
1790.0540,0.021571
1790.2870,0.021644
1790.5199,0.021780
1790.7529,0.021983
1790.9858,0.022235
1791.2188,0.022498
1791.4517,0.022729
1791.6847,0.022901
1791.9177,0.023018
1792.1506,0.023109
1792.3836,0.023216
1792.6165,0.023370
1792.8495,0.023568
1793.0825,0.023769
1793.3154,0.023902
1793.5484,0.023901
1793.7813,0.023738
1794.0143,0.023428
1794.2473,0.023023
1794.4802,0.022591
1794.7132,0.022196
1794.9461,0.021890
1795.1791,0.021701
1795.4120,0.021637
1795.6450,0.021682
1795.8780,0.021802
1796.1109,0.021956
1796.3439,0.022103
1796.5768,0.022212
1796.8098,0.022266
1797.0428,0.022260
1797.2757,0.022203
1797.5087,0.022108
1797.7416,0.021993
1797.9746,0.021878
1798.2075,0.021783
1798.4405,0.021727
1798.6735,0.021728
1798.9064,0.021796
1799.1394,0.021931
1799.3723,0.022124
1799.6053,0.022347
1799.8383,0.022566
1800.0712,0.022741
1800.3042,0.022842
1800.5371,0.022854
1800.7701,0.022786
1801.0031,0.022664
1801.2360,0.022520
1801.4690,0.022389
1801.7019,0.022294
1801.9349,0.022245
1802.1678,0.022234
1802.4008,0.022242
1802.6338,0.022245
1802.8667,0.022218
1803.0997,0.022149
1803.3326,0.022038
1803.5656,0.021898
1803.7986,0.021746
1804.0315,0.021604
1804.2645,0.021485
1804.4974,0.021399
1804.7304,0.021345
1804.9633,0.021319
1805.1963,0.021309
1805.4293,0.021306
1805.6622,0.021298
1805.8952,0.021280
1806.1281,0.021250
1806.3611,0.021212
1806.5941,0.021176
1806.8270,0.021152
1807.0600,0.021150
1807.2929,0.021178
1807.5259,0.021234
1807.7589,0.021310
1807.9918,0.021391
1808.2248,0.021458
1808.4577,0.021493
1808.6907,0.021484
1808.9236,0.021433
1809.1566,0.021349
1809.3896,0.021253
1809.6225,0.021172
1809.8555,0.021129
1810.0884,0.021144
1810.3214,0.021223
1810.5544,0.021356
1810.7873,0.021520
1811.0203,0.021679
1811.2532,0.021800
1811.4862,0.021856
1811.7191,0.021836
1811.9521,0.021749
1812.1851,0.021614
1812.4180,0.021457
1812.6510,0.021300
1812.8839,0.021161
1813.1169,0.021046
1813.3499,0.020955
1813.5828,0.020882
1813.8158,0.020821
1814.0487,0.020767
1814.2817,0.020718
1814.5147,0.020674
1814.7476,0.020638
1814.9806,0.020607
1815.2135,0.020580
1815.4465,0.020552
1815.6794,0.020522
1815.9124,0.020490
1816.1454,0.020462
1816.3783,0.020448
1816.6113,0.020461
1816.8442,0.020510
1817.0772,0.020599
1817.3102,0.020721
1817.5431,0.020860
1817.7761,0.020992
1818.0090,0.021093
1818.2420,0.021144
1818.4749,0.021139
1818.7079,0.021083
1818.9409,0.020994
1819.1738,0.020895
1819.4068,0.020807
1819.6397,0.020747
1819.8727,0.020723
1820.1057,0.020734
1820.3386,0.020770
1820.5716,0.020818
1820.8045,0.020865
1821.0375,0.020899
1821.2705,0.020916
1821.5034,0.020914
1821.7364,0.020898
1821.9693,0.020875
1822.2023,0.020856
1822.4352,0.020848
1822.6682,0.020858
1822.9012,0.020884
1823.1341,0.020918
1823.3671,0.020949
1823.6000,0.020965
1823.8330,0.020960
1824.0660,0.020941
1824.2989,0.020928
1824.5319,0.020949
1824.7648,0.021035
1824.9978,0.021207
1825.2307,0.021461
1825.4637,0.021761
1825.6967,0.022043
1825.9296,0.022236
1826.1626,0.022287
1826.3955,0.022184
1826.6285,0.021957
1826.8615,0.021661
1827.0944,0.021359
1827.3274,0.021104
1827.5603,0.020929
1827.7933,0.020844
1828.0263,0.020842
1828.2592,0.020903
1828.4922,0.021008
1828.7251,0.021145
1828.9581,0.021315
1829.1910,0.021525
1829.4240,0.021785
1829.6570,0.022091
1829.8899,0.022421
1830.1229,0.022733
1830.3558,0.022974
1830.5888,0.023095
1830.8218,0.023074
1831.0547,0.022916
1831.2877,0.022651
1831.5206,0.022319
1831.7536,0.021964
1831.9865,0.021623
1832.2195,0.021324
1832.4525,0.021089
1832.6854,0.020928
1832.9184,0.020840
1833.1513,0.020815
1833.3843,0.020836
1833.6173,0.020880
1833.8502,0.020927
1834.0832,0.020964
1834.3161,0.020984
1834.5491,0.020988
1834.7821,0.020980
1835.0150,0.020962
1835.2480,0.020936
1835.4809,0.020902
1835.7139,0.020862
1835.9468,0.020820
1836.1798,0.020783
1836.4128,0.020764
1836.6457,0.020770
1836.8787,0.020806
1837.1116,0.020867
1837.3446,0.020940
1837.5776,0.021006
1837.8105,0.021045
1838.0435,0.021045
1838.2764,0.021002
1838.5094,0.020923
1838.7423,0.020822
1838.9753,0.020716
1839.2083,0.020621
1839.4412,0.020547
1839.6742,0.020499
1839.9071,0.020474
1840.1401,0.020465
1840.3731,0.020462
1840.6060,0.020457
1840.8390,0.020447
1841.0719,0.020436
1841.3049,0.020434
1841.5379,0.020453
1841.7708,0.020502
1842.0038,0.020582
1842.2367,0.020684
1842.4697,0.020792
1842.7026,0.020889
1842.9356,0.020970
1843.1686,0.021046
1843.4015,0.021148
1843.6345,0.021316
1843.8674,0.021588
1844.1004,0.021977
1844.3334,0.022450
1844.5663,0.022926
1844.7993,0.023292
1845.0322,0.023451
1845.2652,0.023362
1845.4981,0.023057
1845.7311,0.022614
1845.9641,0.022123
1846.1970,0.021665
1846.4300,0.021291
1846.6629,0.021031
1846.8959,0.020889
1847.1289,0.020853
1847.3618,0.020901
1847.5948,0.021005
1847.8277,0.021138
1848.0607,0.021275
1848.2937,0.021393
1848.5266,0.021471
1848.7596,0.021497
1848.9925,0.021463
1849.2255,0.021378
1849.4584,0.021259
1849.6914,0.021130
1849.9244,0.021013
1850.1573,0.020924
1850.3903,0.020869
1850.6232,0.020845
1850.8562,0.020841
1851.0892,0.020844
1851.3221,0.020846
1851.5551,0.020844
1851.7880,0.020840
1852.0210,0.020838
1852.2539,0.020839
1852.4869,0.020844
1852.7199,0.020848
1852.9528,0.020850
1853.1858,0.020846
1853.4187,0.020836
1853.6517,0.020824
1853.8847,0.020809
1854.1176,0.020792
1854.3506,0.020769
1854.5835,0.020739
1854.8165,0.020702
1855.0494,0.020663
1855.2824,0.020630
1855.5154,0.020614
1855.7483,0.020623
1855.9813,0.020659
1856.2142,0.020719
1856.4472,0.020790
1856.6802,0.020860
1856.9131,0.020915
1857.1461,0.020946
1857.3790,0.020950
1857.6120,0.020931
1857.8450,0.020893
1858.0779,0.020848
1858.3109,0.020804
1858.5438,0.020770
1858.7768,0.020752
1859.0097,0.020752
1859.2427,0.020766
1859.4757,0.020788
1859.7086,0.020808
1859.9416,0.020814
1860.1745,0.020802
1860.4075,0.020769
1860.6405,0.020723
1860.8734,0.020674
1861.1064,0.020637
1861.3393,0.020622
1861.5723,0.020632
1861.8052,0.020665
1862.0382,0.020709
1862.2712,0.020751
1862.5041,0.020779
1862.7371,0.020786
1862.9700,0.020770
1863.2030,0.020737
1863.4360,0.020693
1863.6689,0.020645
1863.9019,0.020600
1864.1348,0.020562
1864.3678,0.020536
1864.6008,0.020525
1864.8337,0.020530
1865.0667,0.020555
1865.2996,0.020600
1865.5326,0.020663
1865.7655,0.020743
1865.9985,0.020834
1866.2315,0.020933
1866.4644,0.021034
1866.6974,0.021138
1866.9303,0.021241
1867.1633,0.021344
1867.3963,0.021444
1867.6292,0.021541
1867.8622,0.021632
1868.0951,0.021719
1868.3281,0.021808
1868.5610,0.021909
1868.7940,0.022030
1869.0270,0.022177
1869.2599,0.022342
1869.4929,0.022505
1869.7258,0.022634
1869.9588,0.022693
1870.1918,0.022657
1870.4247,0.022515
1870.6577,0.022281
1870.8906,0.021985
1871.1236,0.021670
1871.3566,0.021377
1871.5895,0.021144
1871.8225,0.020989
1872.0554,0.020918
1872.2884,0.020918
1872.5213,0.020963
1872.7543,0.021028
1872.9873,0.021088
1873.2202,0.021130
1873.4532,0.021151
1873.6861,0.021154
1873.9191,0.021146
1874.1521,0.021135
1874.3850,0.021123
1874.6180,0.021108
1874.8509,0.021090
1875.0839,0.021066
1875.3168,0.021041
1875.5498,0.021018
1875.7828,0.021004
1876.0157,0.021003
1876.2487,0.021017
1876.4816,0.021045
1876.7146,0.021080
1876.9476,0.021117
1877.1805,0.021146
1877.4135,0.021160
1877.6464,0.021154
1877.8794,0.021126
1878.1124,0.021079
1878.3453,0.021022
1878.5783,0.020966
1878.8112,0.020924
1879.0442,0.020906
1879.2771,0.020919
1879.5101,0.020958
1879.7431,0.021015
1879.9760,0.021076
1880.2090,0.021130
1880.4419,0.021166
1880.6749,0.021184
1880.9079,0.021183
1881.1408,0.021167
1881.3738,0.021140
1881.6067,0.021101
1881.8397,0.021049
1882.0726,0.020987
1882.3056,0.020916
1882.5386,0.020846
1882.7715,0.020788
1883.0045,0.020751
1883.2374,0.020741
1883.4704,0.020756
1883.7034,0.020789
1883.9363,0.020833
1884.1693,0.020882
1884.4022,0.020932
1884.6352,0.020985
1884.8682,0.021043
1885.1011,0.021104
1885.3341,0.021161
1885.5670,0.021203
1885.8000,0.021219
1886.0329,0.021204
1886.2659,0.021162
1886.4989,0.021106
1886.7318,0.021053
1886.9648,0.021021
1887.1977,0.021015
1887.4307,0.021033
1887.6637,0.021060
1887.8966,0.021082
1888.1296,0.021088
1888.3625,0.021077
1888.5955,0.021063
1888.8284,0.021063
1889.0614,0.021097
1889.2944,0.021176
1889.5273,0.021297
1889.7603,0.021441
1889.9932,0.021580
1890.2262,0.021681
1890.4592,0.021725
1890.6921,0.021703
1890.9251,0.021625
1891.1580,0.021508
1891.3910,0.021375
1891.6240,0.021244
1891.8569,0.021133
1892.0899,0.021049
1892.3228,0.020998
1892.5558,0.020977
1892.7887,0.020980
1893.0217,0.020998
1893.2547,0.021023
1893.4876,0.021052
1893.7206,0.021084
1893.9535,0.021120
1894.1865,0.021167
1894.4195,0.021225
1894.6524,0.021294
1894.8854,0.021365
1895.1183,0.021427
1895.3513,0.021465
1895.5842,0.021469
1895.8172,0.021433
1896.0502,0.021363
1896.2831,0.021270
1896.5161,0.021171
1896.7490,0.021081
1896.9820,0.021014
1897.2150,0.020974
1897.4479,0.020959
1897.6809,0.020963
1897.9138,0.020975
1898.1468,0.020984
1898.3798,0.020984
1898.6127,0.020973
1898.8457,0.020955
1899.0786,0.020939
1899.3116,0.020936
1899.5445,0.020954
1899.7775,0.020995
1900.0105,0.021058
1900.2434,0.021132
1900.4764,0.021204
1900.7093,0.021264
1900.9423,0.021303
1901.1753,0.021318
1901.4082,0.021312
1901.6412,0.021291
1901.8741,0.021261
1902.1071,0.021227
1902.3400,0.021195
1902.5730,0.021165
1902.8060,0.021140
1903.0389,0.021120
1903.2719,0.021103
1903.5048,0.021086
1903.7378,0.021064
1903.9708,0.021032
1904.2037,0.020987
1904.4367,0.020931
1904.6696,0.020873
1904.9026,0.020823
1905.1356,0.020795
1905.3685,0.020795
1905.6015,0.020824
1905.8344,0.020872
1906.0674,0.020925
1906.3003,0.020970
1906.5333,0.020999
1906.7663,0.021010
1906.9992,0.021014
1907.2322,0.021022
1907.4651,0.021046
1907.6981,0.021090
1907.9311,0.021153
1908.1640,0.021225
1908.3970,0.021296
1908.6299,0.021358
1908.8629,0.021408
1909.0958,0.021451
1909.3288,0.021493
1909.5618,0.021537
1909.7947,0.021583
1910.0277,0.021626
1910.2606,0.021655
1910.4936,0.021660
1910.7266,0.021635
1910.9595,0.021581
1911.1925,0.021502
1911.4254,0.021410
1911.6584,0.021317
1911.8914,0.021236
1912.1243,0.021176
1912.3573,0.021148
1912.5902,0.021156
1912.8232,0.021201
1913.0561,0.021278
1913.2891,0.021376
1913.5221,0.021477
1913.7550,0.021562
1913.9880,0.021616
1914.2209,0.021626
1914.4539,0.021591
1914.6869,0.021521
1914.9198,0.021434
1915.1528,0.021353
1915.3857,0.021299
1915.6187,0.021288
1915.8516,0.021321
1916.0846,0.021389
1916.3176,0.021474
1916.5505,0.021557
1916.7835,0.021625
1917.0164,0.021676
1917.2494,0.021722
1917.4824,0.021784
1917.7153,0.021882
1917.9483,0.022022
1918.1812,0.022188
1918.4142,0.022342
1918.6472,0.022430
1918.8801,0.022407
1919.1131,0.022253
1919.3460,0.021982
1919.5790,0.021639
1919.8119,0.021281
1920.0449,0.020963
1920.2779,0.020723
1920.5108,0.020575
1920.7438,0.020510
1920.9767,0.020500
1921.2097,0.020515
1921.4427,0.020528
1921.6756,0.020530
1921.9086,0.020525
1922.1415,0.020529
1922.3745,0.020558
1922.6074,0.020624
1922.8404,0.020724
1923.0734,0.020846
1923.3063,0.020967
1923.5393,0.021062
1923.7722,0.021111
1924.0052,0.021101
1924.2382,0.021034
1924.4711,0.020921
1924.7041,0.020783
1924.9370,0.020649
1925.1700,0.020546
1925.4030,0.020495
1925.6359,0.020507
1925.8689,0.020572
1926.1018,0.020669
1926.3348,0.020767
1926.5677,0.020837
1926.8007,0.020862
1927.0337,0.020842
1927.2666,0.020791
1927.4996,0.020731
1927.7325,0.020682
1927.9655,0.020654
1928.1985,0.020647
1928.4314,0.020653
1928.6644,0.020663
1928.8973,0.020675
1929.1303,0.020689
1929.3632,0.020711
1929.5962,0.020740
1929.8292,0.020772
1930.0621,0.020793
1930.2951,0.020790
1930.5280,0.020757
1930.7610,0.020698
1930.9940,0.020625
1931.2269,0.020559
1931.4599,0.020514
1931.6928,0.020494
1931.9258,0.020491
1932.1588,0.020490
1932.3917,0.020478
1932.6247,0.020447
1932.8576,0.020405
1933.0906,0.020362
1933.3235,0.020331
1933.5565,0.020319
1933.7895,0.020323
1934.0224,0.020334
1934.2554,0.020344
1934.4883,0.020351
1934.7213,0.020357
1934.9543,0.020369
1935.1872,0.020388
1935.4202,0.020405
1935.6531,0.020403
1935.8861,0.020363
1936.1190,0.020275
1936.3520,0.020148
1936.5850,0.020006
1936.8179,0.019884
1937.0509,0.019815
1937.2838,0.019813
1937.5168,0.019869
1937.7498,0.019956
1937.9827,0.020037
1938.2157,0.020082
1938.4486,0.020080
1938.6816,0.020039
1938.9146,0.019980
1939.1475,0.019929
1939.3805,0.019910
1939.6134,0.019932
1939.8464,0.020000
1940.0793,0.020108
1940.3123,0.020248
1940.5453,0.020409
1940.7782,0.020572
1941.0112,0.020716
1941.2441,0.020818
1941.4771,0.020860
1941.7101,0.020839
1941.9430,0.020771
1942.1760,0.020688
1942.4089,0.020631
1942.6419,0.020630
1942.8748,0.020691
1943.1078,0.020789
1943.3408,0.020878
1943.5737,0.020913
1943.8067,0.020868
1944.0396,0.020746
1944.2726,0.020579
1944.5056,0.020410
1944.7385,0.020274
1944.9715,0.020186
1945.2044,0.020141
1945.4374,0.020116
1945.6704,0.020084
1945.9033,0.020027
1946.1363,0.019943
1946.3692,0.019843
1946.6022,0.019746
1946.8351,0.019667
1947.0681,0.019613
1947.3011,0.019584
1947.5340,0.019573
1947.7670,0.019577
1947.9999,0.019595
1948.2329,0.019630
1948.4659,0.019682
1948.6988,0.019749
1948.9318,0.019821
1949.1647,0.019889
1949.3977,0.019944
1949.6306,0.019981
1949.8636,0.020000
1950.0966,0.020003
1950.3295,0.019990
1950.5625,0.019961
1950.7954,0.019916
1951.0284,0.019860
1951.2614,0.019806
1951.4943,0.019770
1951.7273,0.019768
1951.9602,0.019804
1952.1932,0.019867
1952.4262,0.019930
1952.6591,0.019963
1952.8921,0.019942
1953.1250,0.019861
1953.3580,0.019735
1953.5909,0.019592
1953.8239,0.019463
1954.0569,0.019366
1954.2898,0.019299
1954.5228,0.019251
1954.7557,0.019207
1954.9887,0.019163
1955.2217,0.019130
1955.4546,0.019128
1955.6876,0.019175
1955.9205,0.019275
1956.1535,0.019408
1956.3864,0.019539
1956.6194,0.019629
1956.8524,0.019650
1957.0853,0.019597
1957.3183,0.019489
1957.5512,0.019357
1957.7842,0.019230
1958.0172,0.019125
1958.2501,0.019041
1958.4831,0.018971
1958.7160,0.018907
1958.9490,0.018854
1959.1820,0.018822
1959.4149,0.018828
1959.6479,0.018879
1959.8808,0.018967
1960.1138,0.019073
1960.3467,0.019172
1960.5797,0.019246
1960.8127,0.019289
1961.0456,0.019307
1961.2786,0.019310
1961.5115,0.019300
1961.7445,0.019274
1961.9775,0.019221
1962.2104,0.019139
1962.4434,0.019041
1962.6763,0.018957
1962.9093,0.018927
1963.1422,0.018977
1963.3752,0.019110
1963.6082,0.019293
1963.8411,0.019475
1964.0741,0.019600
1964.3070,0.019635
1964.5400,0.019584
1964.7730,0.019485
1965.0059,0.019395
1965.2389,0.019361
1965.4718,0.019401
1965.7048,0.019497
1965.9378,0.019609
1966.1707,0.019689
1966.4037,0.019706
1966.6366,0.019653
1966.8696,0.019547
1967.1025,0.019413
1967.3355,0.019276
1967.5685,0.019150
1967.8014,0.019041
1968.0344,0.018957
1968.2673,0.018915
1968.5003,0.018931
1968.7333,0.019018
1968.9662,0.019170
1969.1992,0.019359
1969.4321,0.019540
1969.6651,0.019670
1969.8980,0.019723
1970.1310,0.019703
1970.3640,0.019646
1970.5969,0.019602
1970.8299,0.019612
1971.0628,0.019689
1971.2958,0.019812
1971.5288,0.019932
1971.7617,0.019992
1971.9947,0.019947
1972.2276,0.019774
1972.4606,0.019481
1972.6936,0.019093
1972.9265,0.018646
1973.1595,0.018182
1973.3924,0.017749
1973.6254,0.017400
1973.8583,0.017192
1974.0913,0.017169
1974.3243,0.017346
1974.5572,0.017699
1974.7902,0.018161
1975.0231,0.018648
1975.2561,0.019076
1975.4891,0.019393
1975.7220,0.019593
1975.9550,0.019714
1976.1879,0.019813
1976.4209,0.019937
1976.6538,0.020108
1976.8868,0.020312
1977.1198,0.020518
1977.3527,0.020700
1977.5857,0.020854
1977.8186,0.021006
1978.0516,0.021186
1978.2846,0.021414
1978.5175,0.021671
1978.7505,0.021903
1978.9834,0.022038
1979.2164,0.022017
1979.4494,0.021819
1979.6823,0.021476
1979.9153,0.021059
1980.1482,0.020647
1980.3812,0.020301
1980.6141,0.020047
1980.8471,0.019883
1981.0801,0.019791
1981.3130,0.019757
1981.5460,0.019780
1981.7789,0.019867
1982.0119,0.020025
1982.2449,0.020240
1982.4778,0.020475
1982.7108,0.020678
1982.9437,0.020798
1983.1767,0.020809
1983.4096,0.020723
1983.6426,0.020586
1983.8756,0.020459
1984.1085,0.020397
1984.3415,0.020425
1984.5744,0.020538
1984.8074,0.020702
1985.0404,0.020877
1985.2733,0.021030
1985.5063,0.021145
1985.7392,0.021224
1985.9722,0.021280
1986.2052,0.021323
1986.4381,0.021361
1986.6711,0.021393
1986.9040,0.021421
1987.1370,0.021446
1987.3699,0.021473
1987.6029,0.021503
1987.8359,0.021531
1988.0688,0.021543
1988.3018,0.021522
1988.5347,0.021457
1988.7677,0.021347
1989.0007,0.021207
1989.2336,0.021065
1989.4666,0.020947
1989.6995,0.020867
1989.9325,0.020826
1990.1654,0.020812
1990.3984,0.020812
1990.6314,0.020815
1990.8643,0.020823
1991.0973,0.020846
1991.3302,0.020894
1991.5632,0.020967
1991.7962,0.021057
1992.0291,0.021147
1992.2621,0.021220
1992.4950,0.021270
1992.7280,0.021306
1992.9609,0.021346
1993.1939,0.021404
1993.4269,0.021482
1993.6598,0.021564
1993.8928,0.021622
1994.1257,0.021630
1994.3587,0.021575
1994.5917,0.021467
1994.8246,0.021335
1995.0576,0.021216
1995.2905,0.021141
1995.5235,0.021120
1995.7565,0.021143
1995.9894,0.021181
1996.2224,0.021202
1996.4553,0.021182
1996.6883,0.021114
1996.9212,0.021008
1997.1542,0.020885
1997.3872,0.020767
1997.6201,0.020670
1997.8531,0.020599
1998.0860,0.020552
1998.3190,0.020516
1998.5520,0.020477
1998.7849,0.020420
1999.0179,0.020333
1999.2508,0.020216
1999.4838,0.020075
1999.7167,0.019929
1999.9497,0.019806
2000.1827,0.019728
2000.4156,0.019712
2000.6486,0.019755
2000.8815,0.019835
2001.1145,0.019921
2001.3475,0.019977
2001.5804,0.019978
2001.8134,0.019917
2002.0463,0.019803
2002.2793,0.019658
2002.5123,0.019506
2002.7452,0.019360
2002.9782,0.019225
2003.2111,0.019099
2003.4441,0.018982
2003.6770,0.018877
2003.9100,0.018796
2004.1430,0.018752
2004.3759,0.018756
2004.6089,0.018808
2004.8418,0.018900
2005.0748,0.019019
2005.3078,0.019154
2005.5407,0.019301
2005.7737,0.019458
2006.0066,0.019624
2006.2396,0.019788
2006.4725,0.019931
2006.7055,0.020024
2006.9385,0.020040
2007.1714,0.019963
2007.4044,0.019800
2007.6373,0.019579
2007.8703,0.019343
2008.1033,0.019135
2008.3362,0.018986
2008.5692,0.018910
2008.8021,0.018901
2009.0351,0.018943
2009.2681,0.019012
2009.5010,0.019083
2009.7340,0.019127
2009.9669,0.019120
2010.1999,0.019041
2010.4328,0.018877
2010.6658,0.018636
2010.8988,0.018345
2011.1317,0.018050
2011.3647,0.017805
2011.5976,0.017649
2011.8306,0.017602
2012.0636,0.017653
2012.2965,0.017772
2012.5295,0.017924
2012.7624,0.018085
2012.9954,0.018247
2013.2283,0.018419
2013.4613,0.018615
2013.6943,0.018836
2013.9272,0.019067
2014.1602,0.019271
2014.3931,0.019408
2014.6261,0.019448
2014.8591,0.019389
2015.0920,0.019259
2015.3250,0.019109
2015.5579,0.018992
2015.7909,0.018945
2016.0239,0.018977
2016.2568,0.019070
2016.4898,0.019189
2016.7227,0.019294
2016.9557,0.019351
2017.1886,0.019348
2017.4216,0.019287
2017.6546,0.019185
2017.8875,0.019066
2018.1205,0.018956
2018.3534,0.018884
2018.5864,0.018868
2018.8194,0.018922
2019.0523,0.019040
2019.2853,0.019203
2019.5182,0.019380
2019.7512,0.019537
2019.9841,0.019647
2020.2171,0.019703
2020.4501,0.019716
2020.6830,0.019709
2020.9160,0.019711
2021.1489,0.019737
2021.3819,0.019785
2021.6149,0.019837
2021.8478,0.019871
2022.0808,0.019873
2022.3137,0.019845
2022.5467,0.019810
2022.7797,0.019798
2023.0126,0.019840
2023.2456,0.019951
2023.4785,0.020126
2023.7115,0.020342
2023.9444,0.020566
2024.1774,0.020761
2024.4104,0.020897
2024.6433,0.020956
2024.8763,0.020932
2025.1092,0.020834
2025.3422,0.020681
2025.5752,0.020507
2025.8081,0.020352
2026.0411,0.020255
2026.2740,0.020241
2026.5070,0.020313
2026.7399,0.020446
2026.9729,0.020598
2027.2059,0.020723
2027.4388,0.020788
2027.6718,0.020784
2027.9047,0.020726
2028.1377,0.020641
2028.3707,0.020553
2028.6036,0.020468
2028.8366,0.020374
2029.0695,0.020249
2029.3025,0.020078
2029.5355,0.019870
2029.7684,0.019659
2030.0014,0.019495
2030.2343,0.019423
2030.4673,0.019464
2030.7002,0.019608
2030.9332,0.019818
2031.1662,0.020049
2031.3991,0.020264
2031.6321,0.020447
2031.8650,0.020598
2032.0980,0.020730
2032.3310,0.020846
2032.5639,0.020939
2032.7969,0.020995
2033.0298,0.021001
2033.2628,0.020968
2033.4957,0.020929
2033.7287,0.020931
2033.9617,0.021019
2034.1946,0.021210
2034.4276,0.021478
2034.6605,0.021764
2034.8935,0.021992
2035.1265,0.022100
2035.3594,0.022060
2035.5924,0.021893
2035.8253,0.021657
2036.0583,0.021423
2036.2913,0.021253
2036.5242,0.021175
2036.7572,0.021188
2036.9901,0.021266
2037.2231,0.021370
2037.4560,0.021468
2037.6890,0.021537
2037.9220,0.021566
2038.1549,0.021554
2038.3879,0.021503
2038.6208,0.021415
2038.8538,0.021295
2039.0868,0.021148
2039.3197,0.020982
2039.5527,0.020807
2039.7856,0.020635
2040.0186,0.020476
2040.2515,0.020347
2040.4845,0.020265
2040.7175,0.020246
2040.9504,0.020301
2041.1834,0.020421
2041.4163,0.020577
2041.6493,0.020724
2041.8823,0.020812
2042.1152,0.020803
2042.3482,0.020694
2042.5811,0.020515
2042.8141,0.020331
2043.0471,0.020211
2043.2800,0.020210
2043.5130,0.020342
2043.7459,0.020580
2043.9789,0.020868
2044.2118,0.021144
2044.4448,0.021366
2044.6778,0.021521
2044.9107,0.021635
2045.1437,0.021747
2045.3766,0.021896
2045.6096,0.022096
2045.8426,0.022337
2046.0755,0.022589
2046.3085,0.022815
2046.5414,0.022991
2046.7744,0.023107
2047.0073,0.023169
2047.2403,0.023191
2047.4733,0.023186
2047.7062,0.023161
2047.9392,0.023121
2048.1721,0.023074
2048.4051,0.023037
2048.6381,0.023035
2048.8710,0.023090
2049.1040,0.023214
2049.3369,0.023404
2049.5699,0.023639
2049.8029,0.023888
2050.0358,0.024119
2050.2688,0.024306
2050.5017,0.024436
2050.7347,0.024502
2050.9676,0.024501
2051.2006,0.024431
2051.4336,0.024294
2051.6665,0.024095
2051.8995,0.023854
2052.1324,0.023606
2052.3654,0.023391
2052.5984,0.023244
2052.8313,0.023187
2053.0643,0.023219
2053.2972,0.023321
2053.5302,0.023460
2053.7631,0.023610
2053.9961,0.023749
2054.2291,0.023873
2054.4620,0.023983
2054.6950,0.024080
2054.9279,0.024162
2055.1609,0.024215
2055.3939,0.024227
2055.6268,0.024189
2055.8598,0.024108
2056.0927,0.024001
2056.3257,0.023896
2056.5587,0.023812
2056.7916,0.023758
2057.0246,0.023730
2057.2575,0.023710
2057.4905,0.023679
2057.7234,0.023625
2057.9564,0.023542
2058.1894,0.023437
2058.4223,0.023317
2058.6553,0.023194
2058.8882,0.023075
2059.1212,0.022968
2059.3542,0.022883
2059.5871,0.022837
2059.8201,0.022842
2060.0530,0.022907
2060.2860,0.023029
2060.5189,0.023189
2060.7519,0.023360
2060.9849,0.023510
2061.2178,0.023617
2061.4508,0.023674
2061.6837,0.023691
2061.9167,0.023687
2062.1497,0.023687
2062.3826,0.023708
2062.6156,0.023756
2062.8485,0.023829
2063.0815,0.023914
2063.3145,0.024000
2063.5474,0.024075
2063.7804,0.024127
2064.0133,0.024146
2064.2463,0.024127
2064.4792,0.024068
2064.7122,0.023979
2064.9452,0.023879
2065.1781,0.023798
2065.4111,0.023764
2065.6440,0.023793
2065.8770,0.023882
2066.1100,0.024009
2066.3429,0.024137
2066.5759,0.024233
2066.8088,0.024276
2067.0418,0.024267
2067.2747,0.024225
2067.5077,0.024177
2067.7407,0.024146
2067.9736,0.024140
2068.2066,0.024149
2068.4395,0.024156
2068.6725,0.024143
2068.9055,0.024102
2069.1384,0.024044
2069.3714,0.023987
2069.6043,0.023952
2069.8373,0.023952
2070.0703,0.023988
2070.3032,0.024050
2070.5362,0.024123
2070.7691,0.024191
2071.0021,0.024245
2071.2350,0.024281
2071.4680,0.024296
2071.7010,0.024286
2071.9339,0.024248
2072.1669,0.024178
2072.3998,0.024080
2072.6328,0.023965
2072.8658,0.023852
2073.0987,0.023765
2073.3317,0.023718
2073.5646,0.023718
2073.7976,0.023758
2074.0305,0.023827
2074.2635,0.023909
2074.4965,0.023995
2074.7294,0.024083
2074.9624,0.024173
2075.1953,0.024267
2075.4283,0.024362
2075.6613,0.024450
2075.8942,0.024518
2076.1272,0.024559
2076.3601,0.024569
2076.5931,0.024556
2076.8261,0.024531
2077.0590,0.024509
2077.2920,0.024498
2077.5249,0.024499
2077.7579,0.024509
2077.9908,0.024523
2078.2238,0.024535
2078.4568,0.024542
2078.6897,0.024542
2078.9227,0.024531
2079.1556,0.024505
2079.3886,0.024460
2079.6216,0.024395
2079.8545,0.024316
2080.0875,0.024239
2080.3204,0.024183
2080.5534,0.024168
2080.7863,0.024202
2081.0193,0.024283
2081.2523,0.024399
2081.4852,0.024529
2081.7182,0.024652
2081.9511,0.024754
2082.1841,0.024828
2082.4171,0.024876
2082.6500,0.024901
2082.8830,0.024910
2083.1159,0.024907
2083.3489,0.024897
2083.5819,0.024891
2083.8148,0.024899
2084.0478,0.024931
2084.2807,0.024993
2084.5137,0.025079
2084.7466,0.025174
2084.9796,0.025258
2085.2126,0.025311
2085.4455,0.025325
2085.6785,0.025303
2085.9114,0.025263
2086.1444,0.025227
2086.3774,0.025210
2086.6103,0.025219
2086.8433,0.025245
2087.0762,0.025271
2087.3092,0.025281
2087.5421,0.025268
2087.7751,0.025233
2088.0081,0.025188
2088.2410,0.025146
2088.4740,0.025117
2088.7069,0.025100
2088.9399,0.025088
2089.1729,0.025068
2089.4058,0.025032
2089.6388,0.024978
2089.8717,0.024913
2090.1047,0.024847
2090.3377,0.024793
2090.5706,0.024759
2090.8036,0.024750
2091.0365,0.024768
2091.2695,0.024813
2091.5024,0.024883
2091.7354,0.024974
2091.9684,0.025082
2092.2013,0.025195
2092.4343,0.025300
2092.6672,0.025385
2092.9002,0.025438
2093.1332,0.025455
2093.3661,0.025441
2093.5991,0.025403
2093.8320,0.025351
2094.0650,0.025295
2094.2979,0.025241
2094.5309,0.025190
2094.7639,0.025147
2094.9968,0.025113
2095.2298,0.025093
2095.4627,0.025090
2095.6957,0.025107
2095.9287,0.025140
2096.1616,0.025183
2096.3946,0.025230
2096.6275,0.025273
2096.8605,0.025308
2097.0935,0.025335
2097.3264,0.025355
2097.5594,0.025370
2097.7923,0.025380
2098.0253,0.025385
2098.2582,0.025385
2098.4912,0.025381
2098.7242,0.025373
2098.9571,0.025361
2099.1901,0.025343
2099.4230,0.025317
2099.6560,0.025279
2099.8890,0.025230
2100.1219,0.025177
2100.3549,0.025133
2100.5878,0.025110
2100.8208,0.025122
2101.0537,0.025170
2101.2867,0.025246
2101.5197,0.025335
2101.7526,0.025418
2101.9856,0.025481
2102.2185,0.025520
2102.4515,0.025540
2102.6845,0.025553
2102.9174,0.025566
2103.1504,0.025584
2103.3833,0.025602
2103.6163,0.025614
2103.8493,0.025614
2104.0822,0.025606
2104.3152,0.025598
2104.5481,0.025602
2104.7811,0.025623
2105.0140,0.025658
2105.2470,0.025697
2105.4800,0.025721
2105.7129,0.025719
2105.9459,0.025690
2106.1788,0.025644
2106.4118,0.025604
2106.6448,0.025589
2106.8777,0.025610
2107.1107,0.025664
2107.3436,0.025737
2107.5766,0.025808
2107.8095,0.025858
2108.0425,0.025879
2108.2755,0.025872
2108.5084,0.025845
2108.7414,0.025807
2108.9743,0.025763
2109.2073,0.025716
2109.4403,0.025665
2109.6732,0.025614
2109.9062,0.025568
2110.1391,0.025538
2110.3721,0.025529
2110.6051,0.025539
2110.8380,0.025561
2111.0710,0.025580
2111.3039,0.025583
2111.5369,0.025562
2111.7698,0.025520
2112.0028,0.025464
2112.2358,0.025409
2112.4687,0.025361
2112.7017,0.025323
2112.9346,0.025292
2113.1676,0.025264
2113.4006,0.025237
2113.6335,0.025217
2113.8665,0.025214
2114.0994,0.025237
2114.3324,0.025287
2114.5653,0.025358
2114.7983,0.025435
2115.0313,0.025500
2115.2642,0.025542
2115.4972,0.025555
2115.7301,0.025543
2115.9631,0.025515
2116.1961,0.025481
2116.4290,0.025444
2116.6620,0.025405
2116.8949,0.025361
2117.1279,0.025312
2117.3609,0.025261
2117.5938,0.025214
2117.8268,0.025180
2118.0597,0.025161
2118.2927,0.025159
2118.5256,0.025168
2118.7586,0.025184
2118.9916,0.025201
2119.2245,0.025217
2119.4575,0.025233
2119.6904,0.025245
2119.9234,0.025246
2120.1564,0.025228
2120.3893,0.025181
2120.6223,0.025107
2120.8552,0.025012
2121.0882,0.024916
2121.3211,0.024838
2121.5541,0.024794
2121.7871,0.024787
2122.0200,0.024809
2122.2530,0.024840
2122.4859,0.024865
2122.7189,0.024871
2122.9519,0.024861
2123.1848,0.024843
2123.4178,0.024826
2123.6507,0.024816
2123.8837,0.024806
2124.1166,0.024785
2124.3496,0.024741
2124.5826,0.024669
2124.8155,0.024575
2125.0485,0.024474
2125.2814,0.024384
2125.5144,0.024317
2125.7474,0.024278
2125.9803,0.024259
2126.2133,0.024253
2126.4462,0.024254
2126.6792,0.024264
2126.9122,0.024292
2127.1451,0.024345
2127.3781,0.024423
2127.6110,0.024518
2127.8440,0.024606
2128.0769,0.024664
2128.3099,0.024667
2128.5429,0.024604
2128.7758,0.024474
2129.0088,0.024286
2129.2417,0.024056
2129.4747,0.023801
2129.7077,0.023541
2129.9406,0.023295
2130.1736,0.023086
2130.4065,0.022935
2130.6395,0.022858
2130.8724,0.022856
2131.1054,0.022915
2131.3384,0.023009
2131.5713,0.023107
2131.8043,0.023183
2132.0372,0.023227
2132.2702,0.023244
2132.5032,0.023253
2132.7361,0.023271
2132.9691,0.023305
2133.2020,0.023352
2133.4350,0.023399
2133.6680,0.023434
2133.9009,0.023455
2134.1339,0.023477
2134.3668,0.023520
2134.5998,0.023600
2134.8327,0.023717
2135.0657,0.023850
2135.2987,0.023962
2135.5316,0.024016
2135.7646,0.023991
2135.9975,0.023891
2136.2305,0.023742
2136.4635,0.023584
2136.6964,0.023448
2136.9294,0.023349
2137.1623,0.023282
2137.3953,0.023232
2137.6282,0.023184
2137.8612,0.023136
2138.0942,0.023102
2138.3271,0.023101
2138.5601,0.023146
2138.7930,0.023237
2139.0260,0.023351
2139.2590,0.023459
2139.4919,0.023532
2139.7249,0.023553
2139.9578,0.023527
2140.1908,0.023473
2140.4238,0.023410
2140.6567,0.023354
2140.8897,0.023305
2141.1226,0.023254
2141.3556,0.023192
2141.5885,0.023115
2141.8215,0.023030
2142.0545,0.022949
2142.2874,0.022886
2142.5204,0.022846
2142.7533,0.022821
2142.9863,0.022801
2143.2193,0.022772
2143.4522,0.022730
2143.6852,0.022681
2143.9181,0.022634
2144.1511,0.022602
2144.3840,0.022587
2144.6170,0.022586
2144.8500,0.022591
2145.0829,0.022595
2145.3159,0.022598
2145.5488,0.022603
2145.7818,0.022618
2146.0148,0.022646
2146.2477,0.022683
2146.4807,0.022722
2146.7136,0.022755
2146.9466,0.022777
2147.1796,0.022793
2147.4125,0.022810
2147.6455,0.022830
2147.8784,0.022845
2148.1114,0.022836
2148.3443,0.022779
2148.5773,0.022661
2148.8103,0.022488
2149.0432,0.022290
2149.2762,0.022116
2149.5091,0.022011
2149.7421,0.022002
2149.9751,0.022086
2150.2080,0.022228
2150.4410,0.022378
2150.6739,0.022487
2150.9069,0.022525
2151.1398,0.022490
2151.3728,0.022404
2151.6058,0.022299
2151.8387,0.022202
2152.0717,0.022131
2152.3046,0.022085
2152.5376,0.022058
2152.7706,0.022044
2153.0035,0.022038
2153.2365,0.022043
2153.4694,0.022061
2153.7024,0.022088
2153.9354,0.022118
2154.1683,0.022139
2154.4013,0.022139
2154.6342,0.022107
2154.8672,0.022039
2155.1001,0.021931
2155.3331,0.021781
2155.5661,0.021591
2155.7990,0.021371
2156.0320,0.021146
2156.2649,0.020955
2156.4979,0.020842
2156.7309,0.020845
2156.9638,0.020976
2157.1968,0.021215
2157.4297,0.021513
2157.6627,0.021810
2157.8956,0.022053
2158.1286,0.022224
2158.3616,0.022343
2158.5945,0.022464
2158.8275,0.022653
2159.0604,0.022959
2159.2934,0.023400
2159.5264,0.023950
2159.7593,0.024556
2159.9923,0.025152
2160.2252,0.025675
2160.4582,0.026080
2160.6912,0.026341
2160.9241,0.026446
2161.1571,0.026390
2161.3900,0.026184
2161.6230,0.025856
2161.8559,0.025460
2162.0889,0.025073
2162.3219,0.024776
2162.5548,0.024634
2162.7878,0.024675
2163.0207,0.024879
2163.2537,0.025193
2163.4867,0.025538
2163.7196,0.025842
2163.9526,0.026052
2164.1855,0.026144
2164.4185,0.026126
2164.6514,0.026019
2164.8844,0.025848
2165.1174,0.025636
2165.3503,0.025405
2165.5833,0.025179
2165.8162,0.024984
2166.0492,0.024846
2166.2822,0.024785
2166.5151,0.024807
2166.7481,0.024903
2166.9810,0.025050
2167.2140,0.025220
2167.4470,0.025388
2167.6799,0.025536
2167.9129,0.025654
2168.1458,0.025738
2168.3788,0.025785
2168.6117,0.025788
2168.8447,0.025744
2169.0777,0.025656
2169.3106,0.025535
2169.5436,0.025401
2169.7765,0.025276
2170.0095,0.025178
2170.2425,0.025112
2170.4754,0.025072
2170.7084,0.025048
2170.9413,0.025031
2171.1743,0.025022
2171.4072,0.025024
2171.6402,0.025044
2171.8732,0.025082
2172.1061,0.025126
2172.3391,0.025156
2172.5720,0.025155
2172.8050,0.025114
2173.0380,0.025044
2173.2709,0.024967
2173.5039,0.024912
2173.7368,0.024896
2173.9698,0.024921
2174.2028,0.024971
2174.4357,0.025021
2174.6687,0.025051
2174.9016,0.025053
2175.1346,0.025034
2175.3675,0.025006
2175.6005,0.024981
2175.8335,0.024959
2176.0664,0.024937
2176.2994,0.024911
2176.5323,0.024891
2176.7653,0.024900
2176.9983,0.024972
2177.2312,0.025132
2177.4642,0.025383
2177.6971,0.025697
2177.9301,0.026017
2178.1630,0.026278
2178.3960,0.026428
2178.6290,0.026444
2178.8619,0.026339
2179.0949,0.026150
2179.3278,0.025926
2179.5608,0.025708
2179.7938,0.025520
2180.0267,0.025376
2180.2597,0.025287
2180.4926,0.025269
2180.7256,0.025337
2180.9586,0.025498
2181.1915,0.025736
2181.4245,0.026009
2181.6574,0.026256
2181.8904,0.026421
2182.1233,0.026475
2182.3563,0.026433
2182.5893,0.026353
2182.8222,0.026312
2183.0552,0.026374
2183.2881,0.026559
2183.5211,0.026839
2183.7541,0.027145
2183.9870,0.027401
2184.2200,0.027551
2184.4529,0.027582
2184.6859,0.027523
2184.9188,0.027427
2185.1518,0.027341
2185.3848,0.027292
2185.6177,0.027279
2185.8507,0.027284
2186.0836,0.027291
2186.3166,0.027298
2186.5496,0.027320
2186.7825,0.027375
2187.0155,0.027474
2187.2484,0.027605
2187.4814,0.027738
2187.7144,0.027839
2187.9473,0.027883
2188.1803,0.027874
2188.4132,0.027840
2188.6462,0.027825
2188.8791,0.027863
2189.1121,0.027967
2189.3451,0.028121
2189.5780,0.028286
2189.8110,0.028417
2190.0439,0.028481
2190.2769,0.028467
2190.5099,0.028388
2190.7428,0.028269
2190.9758,0.028139
2191.2087,0.028020
2191.4417,0.027927
2191.6746,0.027866
2191.9076,0.027837
2192.1406,0.027834
2192.3735,0.027846
2192.6065,0.027854
2192.8394,0.027838
2193.0724,0.027779
2193.3054,0.027674
2193.5383,0.027539
2193.7713,0.027407
2194.0042,0.027320
2194.2372,0.027312
2194.4702,0.027393
2194.7031,0.027546
2194.9361,0.027730
2195.1690,0.027897
2195.4020,0.028006
2195.6349,0.028039
2195.8679,0.028003
2196.1009,0.027926
2196.3338,0.027840
2196.5668,0.027775
2196.7997,0.027747
2197.0327,0.027759
2197.2657,0.027809
2197.4986,0.027886
2197.7316,0.027982
2197.9645,0.028087
2198.1975,0.028188
2198.4304,0.028273
2198.6634,0.028333
2198.8964,0.028363
2199.1293,0.028367
2199.3623,0.028357
2199.5952,0.028345
2199.8282,0.028337
2200.0612,0.028330
2200.2941,0.028310
2200.5271,0.028266
2200.7600,0.028195
2200.9930,0.028110
2201.2260,0.028040
2201.4589,0.028017
2201.6919,0.028065
2201.9248,0.028187
2202.1578,0.028364
2202.3907,0.028562
2202.6237,0.028740
2202.8567,0.028870
2203.0896,0.028940
2203.3226,0.028955
2203.5555,0.028930
2203.7885,0.028882
2204.0215,0.028824
2204.2544,0.028765
2204.4874,0.028712
2204.7203,0.028672
2204.9533,0.028656
2205.1862,0.028669
2205.4192,0.028708
2205.6522,0.028756
2205.8851,0.028790
2206.1181,0.028788
2206.3510,0.028742
2206.5840,0.028661
2206.8170,0.028572
2207.0499,0.028507
2207.2829,0.028488
2207.5158,0.028519
2207.7488,0.028582
2207.9818,0.028650
2208.2147,0.028700
2208.4477,0.028722
2208.6806,0.028727
2208.9136,0.028738
2209.1465,0.028776
2209.3795,0.028847
2209.6125,0.028946
2209.8454,0.029052
2210.0784,0.029150
2210.3113,0.029233
2210.5443,0.029313
2210.7773,0.029408
2211.0102,0.029531
2211.2432,0.029681
2211.4761,0.029833
2211.7091,0.029954
2211.9420,0.030011
2212.1750,0.029989
2212.4080,0.029900
2212.6409,0.029776
2212.8739,0.029656
2213.1068,0.029569
2213.3398,0.029528
2213.5728,0.029523
2213.8057,0.029536
2214.0387,0.029550
2214.2716,0.029556
2214.5046,0.029557
2214.7376,0.029558
2214.9705,0.029564
2215.2035,0.029570
2215.4364,0.029566
2215.6694,0.029545
2215.9023,0.029508
2216.1353,0.029467
2216.3683,0.029439
2216.6012,0.029436
2216.8342,0.029459
2217.0671,0.029496
2217.3001,0.029526
2217.5331,0.029534
2217.7660,0.029521
2217.9990,0.029504
2218.2319,0.029515
2218.4649,0.029578
2218.6978,0.029700
2218.9308,0.029864
2219.1638,0.030032
2219.3967,0.030159
2219.6297,0.030212
2219.8626,0.030182
2220.0956,0.030087
2220.3286,0.029968
2220.5615,0.029865
2220.7945,0.029811
2221.0274,0.029821
2221.2604,0.029890
2221.4934,0.029997
2221.7263,0.030118
2221.9593,0.030230
2222.1922,0.030312
2222.4252,0.030357
2222.6581,0.030361
2222.8911,0.030336
2223.1241,0.030301
2223.3570,0.030282
2223.5900,0.030305
2223.8229,0.030384
2224.0559,0.030515
2224.2889,0.030674
2224.5218,0.030822
2224.7548,0.030922
2224.9877,0.030947
2225.2207,0.030896
2225.4536,0.030788
2225.6866,0.030655
2225.9196,0.030528
2226.1525,0.030426
2226.3855,0.030352
2226.6184,0.030301
2226.8514,0.030267
2227.0844,0.030259
2227.3173,0.030292
2227.5503,0.030386
2227.7832,0.030552
2228.0162,0.030778
2228.2492,0.031036
2228.4821,0.031279
2228.7151,0.031469
2228.9480,0.031579
2229.1810,0.031611
2229.4139,0.031585
2229.6469,0.031529
2229.8799,0.031466
2230.1128,0.031406
2230.3458,0.031347
2230.5787,0.031282
2230.8117,0.031212
2231.0447,0.031147
2231.2776,0.031106
2231.5106,0.031108
2231.7435,0.031159
2231.9765,0.031251
2232.2094,0.031359
2232.4424,0.031455
2232.6754,0.031516
2232.9083,0.031535
2233.1413,0.031520
2233.3742,0.031491
2233.6072,0.031469
2233.8402,0.031468
2234.0731,0.031495
2234.3061,0.031549
2234.5390,0.031625
2234.7720,0.031716
2235.0050,0.031811
2235.2379,0.031898
2235.4709,0.031959
2235.7038,0.031976
2235.9368,0.031937
2236.1697,0.031842
2236.4027,0.031705
2236.6357,0.031552
2236.8686,0.031412
2237.1016,0.031305
2237.3345,0.031240
2237.5675,0.031213
2237.8005,0.031212
2238.0334,0.031229
2238.2664,0.031264
2238.4993,0.031324
2238.7323,0.031418
2238.9652,0.031547
2239.1982,0.031698
2239.4312,0.031852
2239.6641,0.031987
2239.8971,0.032087
2240.1300,0.032154
2240.3630,0.032201
2240.5960,0.032245
2240.8289,0.032294
2241.0619,0.032343
2241.2948,0.032375
2241.5278,0.032372
2241.7608,0.032327
2241.9937,0.032254
2242.2267,0.032179
2242.4596,0.032136
2242.6926,0.032143
2242.9255,0.032196
2243.1585,0.032270
2243.3915,0.032325
2243.6244,0.032334
2243.8574,0.032286
2244.0903,0.032201
2244.3233,0.032110
2244.5563,0.032047
2244.7892,0.032028
2245.0222,0.032043
2245.2551,0.032071
2245.4881,0.032084
2245.7210,0.032074
2245.9540,0.032049
2246.1870,0.032037
2246.4199,0.032069
2246.6529,0.032159
2246.8858,0.032302
2247.1188,0.032469
2247.3518,0.032623
2247.5847,0.032735
2247.8177,0.032793
2248.0506,0.032807
2248.2836,0.032800
2248.5166,0.032795
2248.7495,0.032807
2248.9825,0.032835
2249.2154,0.032868
2249.4484,0.032896
2249.6813,0.032911
2249.9143,0.032913
2250.1473,0.032907
2250.3802,0.032894
2250.6132,0.032876
2250.8461,0.032848
2251.0791,0.032808
2251.3121,0.032761
2251.5450,0.032715
2251.7780,0.032684
2252.0109,0.032677
2252.2439,0.032695
2252.4768,0.032731
2252.7098,0.032776
2252.9428,0.032824
2253.1757,0.032877
2253.4087,0.032946
2253.6416,0.033041
2253.8746,0.033166
2254.1076,0.033311
2254.3405,0.033452
2254.5735,0.033563
2254.8064,0.033624
2255.0394,0.033635
2255.2724,0.033611
2255.5053,0.033583
2255.7383,0.033574
2255.9712,0.033595
2256.2042,0.033641
2256.4371,0.033692
2256.6701,0.033727
2256.9031,0.033736
2257.1360,0.033722
2257.3690,0.033699
2257.6019,0.033682
2257.8349,0.033678
2258.0679,0.033681
2258.3008,0.033678
2258.5338,0.033658
2258.7667,0.033620
2258.9997,0.033580
2259.2326,0.033560
2259.4656,0.033582
2259.6986,0.033654
2259.9315,0.033769
2260.1645,0.033906
2260.3974,0.034042
2260.6304,0.034162
2260.8634,0.034261
2261.0963,0.034348
2261.3293,0.034433
2261.5622,0.034519
2261.7952,0.034597
2262.0281,0.034652
2262.2611,0.034666
2262.4941,0.034635
2262.7270,0.034563
2262.9600,0.034470
2263.1929,0.034376
2263.4259,0.034295
2263.6589,0.034234
2263.8918,0.034188
2264.1248,0.034150
2264.3577,0.034119
2264.5907,0.034097
2264.8237,0.034090
2265.0566,0.034103
2265.2896,0.034134
2265.5225,0.034171
2265.7555,0.034205
2265.9884,0.034227
2266.2214,0.034243
2266.4544,0.034268
2266.6873,0.034318
2266.9203,0.034404
2267.1532,0.034523
2267.3862,0.034657
2267.6192,0.034781
2267.8521,0.034873
2268.0851,0.034926
2268.3180,0.034948
2268.5510,0.034959
2268.7839,0.034978
2269.0169,0.035011
2269.2499,0.035052
2269.4828,0.035085
2269.7158,0.035097
2269.9487,0.035085
2270.1817,0.035058
2270.4147,0.035037
2270.6476,0.035043
2270.8806,0.035084
2271.1135,0.035158
2271.3465,0.035247
2271.5795,0.035335
2271.8124,0.035410
2272.0454,0.035472
2272.2783,0.035529
2272.5113,0.035590
2272.7442,0.035656
2272.9772,0.035719
2273.2102,0.035767
2273.4431,0.035790
2273.6761,0.035788
2273.9090,0.035775
2274.1420,0.035768
2274.3750,0.035786
2274.6079,0.035833
2274.8409,0.035901
2275.0738,0.035971
2275.3068,0.036025
2275.5397,0.036056
2275.7727,0.036068
2276.0057,0.036075
2276.2386,0.036093
2276.4716,0.036132
2276.7045,0.036191
2276.9375,0.036263
2277.1705,0.036337
2277.4034,0.036410
2277.6364,0.036485
2277.8693,0.036567
2278.1023,0.036657
2278.3353,0.036748
2278.5682,0.036825
2278.8012,0.036871
2279.0341,0.036880
2279.2671,0.036857
2279.5000,0.036828
2279.7330,0.036820
2279.9660,0.036857
2280.1989,0.036943
2280.4319,0.037066
2280.6648,0.037196
2280.8978,0.037303
2281.1308,0.037369
2281.3637,0.037393
2281.5967,0.037391
2281.8296,0.037381
2282.0626,0.037382
2282.2955,0.037397
2282.5285,0.037423
2282.7615,0.037451
2282.9944,0.037476
2283.2274,0.037499
2283.4603,0.037529
2283.6933,0.037573
2283.9263,0.037632
2284.1592,0.037701
2284.3922,0.037767
2284.6251,0.037820
2284.8581,0.037858
2285.0911,0.037888
2285.3240,0.037922
2285.5570,0.037968
2285.7899,0.038028
2286.0229,0.038091
2286.2558,0.038140
2286.4888,0.038160
2286.7218,0.038148
2286.9547,0.038111
2287.1877,0.038066
2287.4206,0.038030
2287.6536,0.038014
2287.8866,0.038018
2288.1195,0.038034
2288.3525,0.038051
2288.5854,0.038064
2288.8184,0.038076
2289.0513,0.038093
2289.2843,0.038119
2289.5173,0.038153
2289.7502,0.038187
2289.9832,0.038207
2290.2161,0.038203
2290.4491,0.038177
2290.6821,0.038135
2290.9150,0.038095
2291.1480,0.038068
2291.3809,0.038059
2291.6139,0.038062
2291.8469,0.038067
2292.0798,0.038063
2292.3128,0.038050
2292.5457,0.038034
2292.7787,0.038029
2293.0116,0.038046
2293.2446,0.038087
2293.4776,0.038147
2293.7105,0.038212
2293.9435,0.038270
2294.1764,0.038315
2294.4094,0.038348
2294.6424,0.038376
2294.8753,0.038401
2295.1083,0.038419
2295.3412,0.038418
2295.5742,0.038385
2295.8071,0.038313
2296.0401,0.038208
2296.2731,0.038087
2296.5060,0.037975
2296.7390,0.037892
2296.9719,0.037848
2297.2049,0.037840
2297.4379,0.037856
2297.6708,0.037881
2297.9038,0.037905
2298.1367,0.037927
2298.3697,0.037947
2298.6027,0.037964
2298.8356,0.037973
2299.0686,0.037964
2299.3015,0.037932
2299.5345,0.037878
2299.7674,0.037819
2300.0004,0.037782
2300.2334,0.037792
2300.4663,0.037862
2300.6993,0.037985
2300.9322,0.038132
2301.1652,0.038266
2301.3982,0.038355
2301.6311,0.038382
2301.8641,0.038356
2302.0970,0.038303
2302.3300,0.038250
2302.5629,0.038215
2302.7959,0.038203
2303.0289,0.038199
2303.2618,0.038188
2303.4948,0.038158
2303.7277,0.038112
2303.9607,0.038064
2304.1937,0.038033
2304.4266,0.038031
2304.6596,0.038059
2304.8925,0.038104
2305.1255,0.038149
2305.3585,0.038174
2305.5914,0.038174
2305.8244,0.038151
2306.0573,0.038116
2306.2903,0.038084
2306.5232,0.038066
2306.7562,0.038070
2306.9892,0.038098
2307.2221,0.038151
2307.4551,0.038227
2307.6880,0.038320
2307.9210,0.038421
2308.1540,0.038517
2308.3869,0.038595
2308.6199,0.038648
2308.8528,0.038677
2309.0858,0.038691
2309.3187,0.038702
2309.5517,0.038718
2309.7847,0.038739
2310.0176,0.038755
2310.2506,0.038754
2310.4835,0.038733
2310.7165,0.038700
2310.9495,0.038676
2311.1824,0.038688
2311.4154,0.038750
2311.6483,0.038861
2311.8813,0.038994
2312.1143,0.039115
2312.3472,0.039197
2312.5802,0.039236
2312.8131,0.039255
2313.0461,0.039290
2313.2790,0.039371
2313.5120,0.039503
2313.7450,0.039658
2313.9779,0.039786
2314.2109,0.039839
2314.4438,0.039798
2314.6768,0.039689
2314.9098,0.039571
2315.1427,0.039509
2315.3757,0.039548
2315.6086,0.039685
2315.8416,0.039877
2316.0745,0.040055
2316.3075,0.040162
2316.5405,0.040183
2316.7734,0.040148
2317.0064,0.040114
2317.2393,0.040136
2317.4723,0.040233
2317.7053,0.040384
2317.9382,0.040533
2318.1712,0.040626
2318.4041,0.040642
2318.6371,0.040605
2318.8701,0.040576
2319.1030,0.040615
2319.3360,0.040752
2319.5689,0.040969
2319.8019,0.041203
2320.0348,0.041377
2320.2678,0.041439
2320.5008,0.041388
2320.7337,0.041273
2320.9667,0.041162
2321.1996,0.041113
2321.4326,0.041141
2321.6656,0.041219
2321.8985,0.041293
2322.1315,0.041319
2322.3644,0.041288
2322.5974,0.041233
2322.8303,0.041210
2323.0633,0.041265
2323.2963,0.041408
2323.5292,0.041603
2323.7622,0.041782
2323.9951,0.041877
2324.2281,0.041853
2324.4611,0.041718
2324.6940,0.041521
2324.9270,0.041314
2325.1599,0.041131
2325.3929,0.040976
2325.6259,0.040825
2325.8588,0.040649
2326.0918,0.040435
2326.3247,0.040201
2326.5577,0.039988
2326.7906,0.039841
2327.0236,0.039786
2327.2566,0.039818
2327.4895,0.039899
2327.7225,0.039982
2327.9554,0.040026
2328.1884,0.040024
2328.4214,0.039997
2328.6543,0.039983
2328.8873,0.040010
2329.1202,0.040083
2329.3532,0.040178
2329.5861,0.040254
2329.8191,0.040282
2330.0521,0.040255
2330.2850,0.040198
2330.5180,0.040151
2330.7509,0.040150
2330.9839,0.040206
2331.2169,0.040302
2331.4498,0.040402
2331.6828,0.040472
2331.9157,0.040499
2332.1487,0.040499
2332.3817,0.040505
2332.6146,0.040548
2332.8476,0.040641
2333.0805,0.040771
2333.3135,0.040902
2333.5464,0.040997
2333.7794,0.041033
2334.0124,0.041016
2334.2453,0.040972
2334.4783,0.040932
2334.7112,0.040919
2334.9442,0.040933
2335.1772,0.040960
2335.4101,0.040977
2335.6431,0.040971
2335.8760,0.040944
2336.1090,0.040913
2336.3419,0.040898
2336.5749,0.040912
2336.8079,0.040952
2337.0408,0.041005
2337.2738,0.041056
2337.5067,0.041097
2337.7397,0.041136
2337.9727,0.041191
2338.2056,0.041278
2338.4386,0.041403
2338.6715,0.041555
2338.9045,0.041710
2339.1375,0.041845
2339.3704,0.041945
2339.6034,0.042015
2339.8363,0.042073
2340.0693,0.042137
2340.3022,0.042219
2340.5352,0.042313
2340.7682,0.042403
2341.0011,0.042468
2341.2341,0.042499
2341.4670,0.042502
2341.7000,0.042495
2341.9330,0.042501
2342.1659,0.042532
2342.3989,0.042587
2342.6318,0.042652
2342.8648,0.042706
2343.0977,0.042735
2343.3307,0.042736
2343.5637,0.042714
2343.7966,0.042683
2344.0296,0.042646
2344.2625,0.042604
2344.4955,0.042545
2344.7285,0.042462
2344.9614,0.042352
2345.1944,0.042223
2345.4273,0.042091
2345.6603,0.041969
2345.8933,0.041864
2346.1262,0.041771
2346.3592,0.041679
2346.5921,0.041573
2346.8251,0.041447
2347.0580,0.041304
2347.2910,0.041153
2347.5240,0.041004
2347.7569,0.040860
2347.9899,0.040713
2348.2228,0.040550
2348.4558,0.040356
2348.6888,0.040129
2348.9217,0.039878
2349.1547,0.039627
2349.3876,0.039406
2349.6206,0.039241
2349.8535,0.039150
2350.0865,0.039135
2350.3195,0.039186
2350.5524,0.039285
2350.7854,0.039414
2351.0183,0.039554
2351.2513,0.039693
2351.4843,0.039825
2351.7172,0.039944
2351.9502,0.040045
2352.1831,0.040129
2352.4161,0.040201
2352.6491,0.040272
2352.8820,0.040354
2353.1150,0.040461
2353.3479,0.040596
2353.5809,0.040755
2353.8138,0.040920
2354.0468,0.041071
2354.2798,0.041191
2354.5127,0.041275
2354.7457,0.041327
2354.9786,0.041365
2355.2116,0.041405
2355.4446,0.041462
2355.6775,0.041540
2355.9105,0.041634
2356.1434,0.041734
2356.3764,0.041828
2356.6093,0.041908
2356.8423,0.041971
2357.0753,0.042019
2357.3082,0.042056
2357.5412,0.042091
2357.7741,0.042132
2358.0071,0.042187
2358.2401,0.042259
2358.4730,0.042348
2358.7060,0.042446
2358.9389,0.042539
2359.1719,0.042610
2359.4049,0.042646
2359.6378,0.042643
2359.8708,0.042613
2360.1037,0.042577
2360.3367,0.042562
2360.5696,0.042590
2360.8026,0.042668
2361.0356,0.042789
2361.2685,0.042934
2361.5015,0.043075
2361.7344,0.043190
2361.9674,0.043262
2362.2004,0.043286
2362.4333,0.043265
2362.6663,0.043211
2362.8992,0.043138
2363.1322,0.043060
2363.3651,0.042997
2363.5981,0.042968
2363.8311,0.042988
2364.0640,0.043064
2364.2970,0.043193
2364.5299,0.043356
2364.7629,0.043526
2364.9959,0.043670
2365.2288,0.043763
2365.4618,0.043792
2365.6947,0.043759
2365.9277,0.043683
2366.1607,0.043587
2366.3936,0.043496
2366.6266,0.043430
2366.8595,0.043400
2367.0925,0.043415
2367.3254,0.043480
2367.5584,0.043595
2367.7914,0.043755
2368.0243,0.043946
2368.2573,0.044148
2368.4902,0.044335
2368.7232,0.044481
2368.9562,0.044571
2369.1891,0.044603
2369.4221,0.044589
2369.6550,0.044551
2369.8880,0.044510
2370.1209,0.044478
2370.3539,0.044456
2370.5869,0.044439
2370.8198,0.044415
2371.0528,0.044381
2371.2857,0.044342
2371.5187,0.044308
2371.7517,0.044295
2371.9846,0.044311
2372.2176,0.044356
2372.4505,0.044417
2372.6835,0.044479
2372.9165,0.044522
2373.1494,0.044536
2373.3824,0.044517
2373.6153,0.044472
2373.8483,0.044411
2374.0812,0.044348
2374.3142,0.044290
2374.5472,0.044246
2374.7801,0.044218
2375.0131,0.044206
2375.2460,0.044209
2375.4790,0.044224
2375.7120,0.044245
2375.9449,0.044269
2376.1779,0.044290
2376.4108,0.044306
2376.6438,0.044315
2376.8767,0.044319
2377.1097,0.044320
2377.3427,0.044320
2377.5756,0.044319
2377.8086,0.044315
2378.0415,0.044305
2378.2745,0.044286
2378.5075,0.044258
2378.7404,0.044221
2378.9734,0.044175
2379.2063,0.044124
2379.4393,0.044067
2379.6723,0.044004
2379.9052,0.043939
2380.1382,0.043874
2380.3711,0.043814
2380.6041,0.043764
2380.8370,0.043729
2381.0700,0.043709
2381.3030,0.043699
2381.5359,0.043692
2381.7689,0.043679
2382.0018,0.043653
2382.2348,0.043612
2382.4678,0.043558
2382.7007,0.043498
2382.9337,0.043439
2383.1666,0.043389
2383.3996,0.043351
2383.6325,0.043328
2383.8655,0.043319
2384.0985,0.043321
2384.3314,0.043332
2384.5644,0.043348
2384.7973,0.043365
2385.0303,0.043379
2385.2633,0.043387
2385.4962,0.043385
2385.7292,0.043372
2385.9621,0.043348
2386.1951,0.043315
2386.4281,0.043276
2386.6610,0.043232
2386.8940,0.043188
2387.1269,0.043147
2387.3599,0.043111
2387.5928,0.043086
2387.8258,0.043072
2388.0588,0.043073
2388.2917,0.043088
2388.5247,0.043114
2388.7576,0.043147
2388.9906,0.043185
2389.2236,0.043225
2389.4565,0.043267
2389.6895,0.043313
2389.9224,0.043362
2390.1554,0.043414
2390.3883,0.043463
2390.6213,0.043504
2390.8543,0.043534
2391.0872,0.043551
2391.3202,0.043559
2391.5531,0.043565
2391.7861,0.043576
2392.0191,0.043597
2392.2520,0.043628
2392.4850,0.043662
2392.7179,0.043693
2392.9509,0.043712
2393.1839,0.043718
2393.4168,0.043714
2393.6498,0.043708
2393.8827,0.043707
2394.1157,0.043715
2394.3486,0.043734
2394.5816,0.043755
2394.8146,0.043774
2395.0475,0.043781
2395.2805,0.043776
2395.5134,0.043760
2395.7464,0.043737
2395.9794,0.043712
2396.2123,0.043688
2396.4453,0.043665
2396.6782,0.043642
2396.9112,0.043616
2397.1441,0.043588
2397.3771,0.043564
2397.6101,0.043547
2397.8430,0.043546
2398.0760,0.043565
2398.3089,0.043604
2398.5419,0.043659
2398.7749,0.043721
2399.0078,0.043778
2399.2408,0.043820
2399.4737,0.043839
2399.7067,0.043833
2399.9396,0.043805
2400.1726,0.043766
2400.4056,0.043726
2400.6385,0.043698
2400.8715,0.043686
2401.1044,0.043693
2401.3374,0.043712
2401.5704,0.043733
2401.8033,0.043749
2402.0363,0.043755
2402.2692,0.043753
2402.5022,0.043749
2402.7352,0.043752
2402.9681,0.043767
2403.2011,0.043793
2403.4340,0.043827
2403.6670,0.043858
2403.8999,0.043883
2404.1329,0.043898
2404.3659,0.043907
2404.5988,0.043917
2404.8318,0.043933
2405.0647,0.043956
2405.2977,0.043984
2405.5307,0.044007
2405.7636,0.044018
2405.9966,0.044015
2406.2295,0.044001
2406.4625,0.043984
2406.6954,0.043975
2406.9284,0.043980
2407.1614,0.044002
2407.3943,0.044033
2407.6273,0.044063
2407.8602,0.044082
2408.0932,0.044084
2408.3262,0.044068
2408.5591,0.044035
2408.7921,0.043992
2409.0250,0.043944
2409.2580,0.043899
2409.4910,0.043862
2409.7239,0.043841
2409.9569,0.043843
2410.1898,0.043871
2410.4228,0.043923
2410.6557,0.043990
2410.8887,0.044058
2411.1217,0.044108
2411.3546,0.044128
2411.5876,0.044111
2411.8205,0.044065
2412.0535,0.044004
2412.2865,0.043946
2412.5194,0.043907
2412.7524,0.043893
2412.9853,0.043900
2413.2183,0.043920
2413.4512,0.043939
2413.6842,0.043950
2413.9172,0.043953
2414.1501,0.043950
2414.3831,0.043949
2414.6160,0.043955
2414.8490,0.043971
2415.0820,0.043994
2415.3149,0.044021
2415.5479,0.044049
2415.7808,0.044075
2416.0138,0.044098
2416.2468,0.044117
2416.4797,0.044129
2416.7127,0.044130
2416.9456,0.044118
2417.1786,0.044089
2417.4115,0.044046
2417.6445,0.043993
2417.8775,0.043938
2418.1104,0.043889
2418.3434,0.043853
2418.5763,0.043835
2418.8093,0.043837
2419.0423,0.043858
2419.2752,0.043899
2419.5082,0.043954
2419.7411,0.044017
2419.9741,0.044080
2420.2070,0.044131
2420.4400,0.044160
2420.6730,0.044164
2420.9059,0.044141
2421.1389,0.044099
2421.3718,0.044050
2421.6048,0.044004
2421.8378,0.043968
2422.0707,0.043945
2422.3037,0.043935
2422.5366,0.043934
2422.7696,0.043939
2423.0026,0.043951
2423.2355,0.043968
2423.4685,0.043990
2423.7014,0.044011
2423.9344,0.044024
2424.1673,0.044019
2424.4003,0.043988
2424.6333,0.043931
2424.8662,0.043855
2425.0992,0.043773
2425.3321,0.043698
2425.5651,0.043644
2425.7981,0.043613
2426.0310,0.043606
2426.2640,0.043613
2426.4969,0.043628
2426.7299,0.043644
2426.9628,0.043656
2427.1958,0.043664
2427.4288,0.043667
2427.6617,0.043665
2427.8947,0.043655
2428.1276,0.043639
2428.3606,0.043619
2428.5936,0.043600
2428.8265,0.043588
2429.0595,0.043588
2429.2924,0.043600
2429.5254,0.043620
2429.7584,0.043642
2429.9913,0.043656
2430.2243,0.043659
2430.4572,0.043650
2430.6902,0.043635
2430.9231,0.043620
2431.1561,0.043610
2431.3891,0.043606
2431.6220,0.043606
2431.8550,0.043606
2432.0879,0.043601
2432.3209,0.043589
2432.5539,0.043569
2432.7868,0.043542
2433.0198,0.043509
2433.2527,0.043472
2433.4857,0.043431
2433.7186,0.043389
2433.9516,0.043351
2434.1846,0.043324
2434.4175,0.043314
2434.6505,0.043326
2434.8834,0.043359
2435.1164,0.043404
2435.3494,0.043453
2435.5823,0.043493
2435.8153,0.043518
2436.0482,0.043525
2436.2812,0.043518
2436.5142,0.043501
2436.7471,0.043480
2436.9801,0.043459
2437.2130,0.043440
2437.4460,0.043426
2437.6789,0.043418
2437.9119,0.043420
2438.1449,0.043435
2438.3778,0.043463
2438.6108,0.043501
2438.8437,0.043543
2439.0767,0.043580
2439.3097,0.043607
2439.5426,0.043624
2439.7756,0.043634
2440.0085,0.043646
2440.2415,0.043665
2440.4744,0.043693
2440.7074,0.043727
2440.9404,0.043758
2441.1733,0.043777
2441.4063,0.043778
2441.6392,0.043760
2441.8722,0.043728
2442.1052,0.043690
2442.3381,0.043653
2442.5711,0.043623
2442.8040,0.043603
2443.0370,0.043593
2443.2700,0.043593
2443.5029,0.043605
2443.7359,0.043628
2443.9688,0.043664
2444.2018,0.043708
2444.4347,0.043757
2444.6677,0.043805
2444.9007,0.043848
2445.1336,0.043885
2445.3666,0.043920
2445.5995,0.043956
2445.8325,0.043999
2446.0655,0.044048
2446.2984,0.044100
2446.5314,0.044148
2446.7643,0.044183
2446.9973,0.044200
2447.2302,0.044198
2447.4632,0.044181
2447.6962,0.044150
2447.9291,0.044112
2448.1621,0.044068
2448.3950,0.044022
2448.6280,0.043975
2448.8610,0.043934
2449.0939,0.043905
2449.3269,0.043894
2449.5598,0.043905
2449.7928,0.043938
2450.0258,0.043988
2450.2587,0.044045
2450.4917,0.044103
2450.7246,0.044155
2450.9576,0.044197
2451.1905,0.044229
2451.4235,0.044252
2451.6565,0.044264
2451.8894,0.044263
2452.1224,0.044248
2452.3553,0.044219
2452.5883,0.044181
2452.8213,0.044142
2453.0542,0.044112
2453.2872,0.044097
2453.5201,0.044100
2453.7531,0.044115
2453.9860,0.044133
2454.2190,0.044146
2454.4520,0.044147
2454.6849,0.044135
2454.9179,0.044112
2455.1508,0.044084
2455.3838,0.044057
2455.6168,0.044035
2455.8497,0.044019
2456.0827,0.044008
2456.3156,0.044000
2456.5486,0.043993
2456.7816,0.043984
2457.0145,0.043971
2457.2475,0.043951
2457.4804,0.043925
2457.7134,0.043896
2457.9463,0.043868
2458.1793,0.043849
2458.4123,0.043845
2458.6452,0.043859
2458.8782,0.043889
2459.1111,0.043926
2459.3441,0.043960
2459.5771,0.043979
2459.8100,0.043982
2460.0430,0.043971
2460.2759,0.043952
2460.5089,0.043935
2460.7418,0.043923
2460.9748,0.043916
2461.2078,0.043909
2461.4407,0.043894
2461.6737,0.043868
2461.9066,0.043834
2462.1396,0.043800
2462.3726,0.043775
2462.6055,0.043766
2462.8385,0.043773
2463.0714,0.043793
2463.3044,0.043815
2463.5374,0.043832
2463.7703,0.043841
2464.0033,0.043844
2464.2362,0.043846
2464.4692,0.043853
2464.7021,0.043865
2464.9351,0.043880
2465.1681,0.043892
2465.4010,0.043895
2465.6340,0.043885
2465.8669,0.043863
2466.0999,0.043833
2466.3329,0.043801
2466.5658,0.043771
2466.7988,0.043746
2467.0317,0.043729
2467.2647,0.043722
2467.4976,0.043728
2467.7306,0.043750
2467.9636,0.043787
2468.1965,0.043835
2468.4295,0.043882
2468.6624,0.043919
2468.8954,0.043937
2469.1284,0.043933
2469.3613,0.043916
2469.5943,0.043899
2469.8272,0.043894
2470.0602,0.043913
2470.2932,0.043955
2470.5261,0.044012
2470.7591,0.044070
2470.9920,0.044118
2471.2250,0.044145
2471.4579,0.044153
2471.6909,0.044146
2471.9239,0.044131
2472.1568,0.044115
2472.3898,0.044101
2472.6227,0.044092
2472.8557,0.044086
2473.0887,0.044084
2473.3216,0.044086
2473.5546,0.044089
2473.7875,0.044090
2474.0205,0.044084
2474.2534,0.044067
2474.4864,0.044037
2474.7194,0.044000
2474.9523,0.043965
2475.1853,0.043945
2475.4182,0.043948
2475.6512,0.043974
2475.8842,0.044015
2476.1171,0.044056
2476.3501,0.044084
2476.5830,0.044092
2476.8160,0.044083
2477.0490,0.044064
2477.2819,0.044049
2477.5149,0.044043
2477.7478,0.044045
2477.9808,0.044049
2478.2137,0.044044
2478.4467,0.044028
2478.6797,0.044004
2478.9126,0.043983
2479.1456,0.043979
2479.3785,0.044000
2479.6115,0.044045
2479.8445,0.044103
2480.0774,0.044158
2480.3104,0.044196
2480.5433,0.044206
2480.7763,0.044191
2481.0092,0.044156
2481.2422,0.044110
2481.4752,0.044058
2481.7081,0.044003
2481.9411,0.043943
2482.1740,0.043882
2482.4070,0.043827
2482.6400,0.043787
2482.8729,0.043770
2483.1059,0.043778
2483.3388,0.043801
2483.5718,0.043821
2483.8048,0.043823
2484.0377,0.043796
2484.2707,0.043745
2484.5036,0.043687
2484.7366,0.043647
2484.9695,0.043647
2485.2025,0.043696
2485.4355,0.043785
2485.6684,0.043895
2485.9014,0.043999
2486.1343,0.044076
2486.3673,0.044118
2486.6003,0.044127
2486.8332,0.044113
2487.0662,0.044089
2487.2991,0.044062
2487.5321,0.044036
2487.7650,0.044010
2487.9980,0.043984
2488.2310,0.043962
2488.4639,0.043951
2488.6969,0.043960
2488.9298,0.043991
2489.1628,0.044041
2489.3958,0.044101
2489.6287,0.044159
2489.8617,0.044203
2490.0946,0.044227
2490.3276,0.044230
2490.5606,0.044216
2490.7935,0.044187
2491.0265,0.044148
2491.2594,0.044101
2491.4924,0.044047
2491.7253,0.043995
2491.9583,0.043954
2492.1913,0.043934
2492.4242,0.043946
2492.6572,0.043991
2492.8901,0.044064
2493.1231,0.044151
2493.3561,0.044237
2493.5890,0.044307
2493.8220,0.044352
2494.0549,0.044370
2494.2879,0.044363
2494.5208,0.044341
2494.7538,0.044313
2494.9868,0.044288
2495.2197,0.044276
2495.4527,0.044283
2495.6856,0.044313
2495.9186,0.044363
2496.1516,0.044421
2496.3845,0.044473
2496.6175,0.044504
2496.8504,0.044499
2497.0834,0.044456
2497.3164,0.044384
2497.5493,0.044298
2497.7823,0.044218
2498.0152,0.044159
2498.2482,0.044128
2498.4811,0.044121
2498.7141,0.044128
2498.9471,0.044141
2499.1800,0.044156
2499.4130,0.044177
2499.6459,0.044210
2499.8789,0.044264
2500.1119,0.044342
2500.3448,0.044438
2500.5778,0.044539
2500.8107,0.044629
2501.0437,0.044695
2501.2766,0.044726
2501.5096,0.044721
2501.7426,0.044679
2501.9755,0.044607
2502.2085,0.044510
2502.4414,0.044398
2502.6744,0.044281
2502.9074,0.044174
2503.1403,0.044091
2503.3733,0.044043
2503.6062,0.044036
2503.8392,0.044067
2504.0722,0.044127
2504.3051,0.044206
2504.5381,0.044291
2504.7710,0.044377
2505.0040,0.044459
2505.2369,0.044536
2505.4699,0.044604
2505.7029,0.044656
2505.9358,0.044686
2506.1688,0.044689
2506.4017,0.044667
2506.6347,0.044633
2506.8677,0.044607
2507.1006,0.044606
2507.3336,0.044642
2507.5665,0.044715
2507.7995,0.044810
2508.0324,0.044906
2508.2654,0.044981
2508.4984,0.045020
2508.7313,0.045019
2508.9643,0.044988
2509.1972,0.044939
2509.4302,0.044884
2509.6632,0.044831
2509.8961,0.044784
2510.1291,0.044743
2510.3620,0.044711
2510.5950,0.044689
2510.8280,0.044682
2511.0609,0.044692
2511.2939,0.044714
2511.5268,0.044740
2511.7598,0.044759
2511.9927,0.044761
2512.2257,0.044746
2512.4587,0.044721
2512.6916,0.044699
2512.9246,0.044694
2513.1575,0.044714
2513.3905,0.044758
2513.6235,0.044819
2513.8564,0.044881
2514.0894,0.044933
2514.3223,0.044967
2514.5553,0.044983
2514.7882,0.044987
2515.0212,0.044989
2515.2542,0.044995
2515.4871,0.045008
2515.7201,0.045025
2515.9530,0.045042
2516.1860,0.045050
2516.4190,0.045044
2516.6519,0.045020
2516.8849,0.044977
2517.1178,0.044918
2517.3508,0.044851
2517.5838,0.044785
2517.8167,0.044732
2518.0497,0.044701
2518.2826,0.044698
2518.5156,0.044723
2518.7485,0.044769
2518.9815,0.044826
2519.2145,0.044885
2519.4474,0.044938
2519.6804,0.044980
2519.9133,0.045013
2520.1463,0.045039
2520.3793,0.045059
2520.6122,0.045074
2520.8452,0.045084
2521.0781,0.045087
2521.3111,0.045085
2521.5440,0.045079
2521.7770,0.045073
2522.0100,0.045066
2522.2429,0.045059
2522.4759,0.045046
2522.7088,0.045027
2522.9418,0.045000
2523.1748,0.044972
2523.4077,0.044950
2523.6407,0.044941
2523.8736,0.044951
2524.1066,0.044977
2524.3396,0.045013
2524.5725,0.045052
2524.8055,0.045088
2525.0384,0.045124
2525.2714,0.045162
2525.5043,0.045209
2525.7373,0.045262
2525.9703,0.045315
2526.2032,0.045355
2526.4362,0.045368
2526.6691,0.045349
2526.9021,0.045303
2527.1351,0.045246
2527.3680,0.045196
2527.6010,0.045169
2527.8339,0.045166
2528.0669,0.045176
2528.2998,0.045182
2528.5328,0.045166
2528.7658,0.045124
2528.9987,0.045064
2529.2317,0.045008
2529.4646,0.044980
2529.6976,0.044996
2529.9306,0.045057
2530.1635,0.045152
2530.3965,0.045259
2530.6294,0.045360
2530.8624,0.045440
2531.0954,0.045496
2531.3283,0.045533
2531.5613,0.045554
2531.7942,0.045564
2532.0272,0.045563
2532.2601,0.045550
2532.4931,0.045530
2532.7261,0.045510
2532.9590,0.045500
2533.1920,0.045508
2533.4249,0.045533
2533.6579,0.045565
2533.8909,0.045587
2534.1238,0.045582
2534.3568,0.045544
2534.5897,0.045476
2534.8227,0.045395
2535.0556,0.045322
2535.2886,0.045273
2535.5216,0.045254
2535.7545,0.045259
2535.9875,0.045277
2536.2204,0.045298
2536.4534,0.045318
2536.6864,0.045337
2536.9193,0.045362
2537.1523,0.045397
2537.3852,0.045439
2537.6182,0.045480
2537.8511,0.045508
2538.0841,0.045517
2538.3171,0.045507
2538.5500,0.045484
2538.7830,0.045459
2539.0159,0.045438
2539.2489,0.045424
2539.4819,0.045412
2539.7148,0.045398
2539.9478,0.045382
2540.1807,0.045371
2540.4137,0.045377
2540.6467,0.045409
2540.8796,0.045468
2541.1126,0.045543
2541.3455,0.045616
2541.5785,0.045664
2541.8114,0.045678
2542.0444,0.045659
2542.2774,0.045623
2542.5103,0.045594
2542.7433,0.045590
2542.9762,0.045615
2543.2092,0.045660
2543.4422,0.045708
2543.6751,0.045742
2543.9081,0.045754
2544.1410,0.045747
2544.3740,0.045735
2544.6069,0.045730
2544.8399,0.045738
2545.0729,0.045753
2545.3058,0.045765
2545.5388,0.045763
2545.7717,0.045744
2546.0047,0.045715
2546.2377,0.045692
2546.4706,0.045688
2546.7036,0.045707
2546.9365,0.045745
2547.1695,0.045786
2547.4025,0.045813
2547.6354,0.045818
2547.8684,0.045804
2548.1013,0.045784
2548.3343,0.045778
2548.5672,0.045798
2548.8002,0.045851
2549.0332,0.045930
2549.2661,0.046018
2549.4991,0.046099
2549.7320,0.046160
2549.9650,0.046194
2550.1980,0.046200
2550.4309,0.046181
2550.6639,0.046142
2550.8968,0.046089
2551.1298,0.046030
2551.3627,0.045974
2551.5957,0.045932
2551.8287,0.045912
2552.0616,0.045915
2552.2946,0.045933
2552.5275,0.045954
2552.7605,0.045961
2552.9935,0.045945
2553.2264,0.045902
2553.4594,0.045842
2553.6923,0.045779
2553.9253,0.045730
2554.1583,0.045703
2554.3912,0.045700
2554.6242,0.045714
2554.8571,0.045737
2555.0901,0.045761
2555.3230,0.045784
2555.5560,0.045804
2555.7890,0.045823
2556.0219,0.045839
2556.2549,0.045848
2556.4878,0.045843
2556.7208,0.045820
2556.9538,0.045782
2557.1867,0.045735
2557.4197,0.045692
2557.6526,0.045661
2557.8856,0.045648
2558.1185,0.045652
2558.3515,0.045664
2558.5845,0.045679
2558.8174,0.045689
2559.0504,0.045692
2559.2833,0.045689
2559.5163,0.045680
2559.7493,0.045661
2559.9822,0.045631
2560.2152,0.045586
2560.4481,0.045530
2560.6811,0.045472
2560.9141,0.045422
2561.1470,0.045396
2561.3800,0.045398
2561.6129,0.045427
2561.8459,0.045473
2562.0788,0.045522
2562.3118,0.045563
2562.5448,0.045591
2562.7777,0.045606
2563.0107,0.045615
2563.2436,0.045621
2563.4766,0.045623
2563.7096,0.045615
2563.9425,0.045589
2564.1755,0.045541
2564.4084,0.045474
2564.6414,0.045402
2564.8743,0.045340
2565.1073,0.045302
2565.3403,0.045295
2565.5732,0.045316
2565.8062,0.045357
2566.0391,0.045405
2566.2721,0.045454
2566.5051,0.045501
2566.7380,0.045550
2566.9710,0.045604
2567.2039,0.045662
2567.4369,0.045716
2567.6699,0.045759
2567.9028,0.045780
2568.1358,0.045778
2568.3687,0.045759
2568.6017,0.045734
2568.8346,0.045716
2569.0676,0.045714
2569.3006,0.045730
2569.5335,0.045760
2569.7665,0.045794
2569.9994,0.045824
2570.2324,0.045843
2570.4654,0.045848
2570.6983,0.045838
2570.9313,0.045812
2571.1642,0.045769
2571.3972,0.045710
2571.6301,0.045639
2571.8631,0.045563
2572.0961,0.045493
2572.3290,0.045441
2572.5620,0.045412
2572.7949,0.045409
2573.0279,0.045425
2573.2609,0.045454
2573.4938,0.045486
2573.7268,0.045518
2573.9597,0.045550
2574.1927,0.045583
2574.4257,0.045621
2574.6586,0.045663
2574.8916,0.045706
2575.1245,0.045746
2575.3575,0.045785
2575.5904,0.045824
2575.8234,0.045869
2576.0564,0.045926
2576.2893,0.045993
2576.5223,0.046064
2576.7552,0.046123
2576.9882,0.046156
2577.2212,0.046152
2577.4541,0.046112
2577.6871,0.046045
2577.9200,0.045968
2578.1530,0.045899
2578.3859,0.045853
2578.6189,0.045837
2578.8519,0.045851
2579.0848,0.045891
2579.3178,0.045948
2579.5507,0.046017
2579.7837,0.046090
2580.0167,0.046160
2580.2496,0.046219
2580.4826,0.046258
2580.7155,0.046274
2580.9485,0.046265
2581.1815,0.046241
2581.4144,0.046212
2581.6474,0.046191
2581.8803,0.046187
2582.1133,0.046202
2582.3462,0.046232
2582.5792,0.046268
2582.8122,0.046303
2583.0451,0.046331
2583.2781,0.046354
2583.5110,0.046371
2583.7440,0.046384
2583.9770,0.046391
2584.2099,0.046388
2584.4429,0.046373
2584.6758,0.046349
2584.9088,0.046326
2585.1417,0.046316
2585.3747,0.046333
2585.6077,0.046384
2585.8406,0.046466
2586.0736,0.046566
2586.3065,0.046667
2586.5395,0.046752
2586.7725,0.046808
2587.0054,0.046834
2587.2384,0.046833
2587.4713,0.046814
2587.7043,0.046784
2587.9373,0.046750
2588.1702,0.046716
2588.4032,0.046688
2588.6361,0.046674
2588.8691,0.046681
2589.1020,0.046714
2589.3350,0.046774
2589.5680,0.046849
2589.8009,0.046926
2590.0339,0.046985
2590.2668,0.047012
2590.4998,0.047002
2590.7328,0.046958
2590.9657,0.046894
2591.1987,0.046824
2591.4316,0.046762
2591.6646,0.046714
2591.8975,0.046682
2592.1305,0.046664
2592.3635,0.046656
2592.5964,0.046656
2592.8294,0.046660
2593.0623,0.046668
2593.2953,0.046677
2593.5283,0.046686
2593.7612,0.046694
2593.9942,0.046705
2594.2271,0.046725
2594.4601,0.046761
2594.6931,0.046817
2594.9260,0.046890
2595.1590,0.046973
2595.3919,0.047052
2595.6249,0.047114
2595.8578,0.047151
2596.0908,0.047162
2596.3238,0.047154
2596.5567,0.047139
2596.7897,0.047126
2597.0226,0.047121
2597.2556,0.047123
2597.4886,0.047126
2597.7215,0.047128
2597.9545,0.047126
2598.1874,0.047123
2598.4204,0.047123
2598.6533,0.047129
2598.8863,0.047144
2599.1193,0.047165
2599.3522,0.047188
2599.5852,0.047210
2599.8181,0.047230
2600.0511,0.047248
2600.2841,0.047266
2600.5170,0.047285
2600.7500,0.047301
2600.9829,0.047311
2601.2159,0.047313
2601.4489,0.047311
2601.6818,0.047311
2601.9148,0.047323
2602.1477,0.047357
2602.3807,0.047413
2602.6136,0.047485
2602.8466,0.047560
2603.0796,0.047621
2603.3125,0.047658
2603.5455,0.047668
2603.7784,0.047658
2604.0114,0.047639
2604.2444,0.047626
2604.4773,0.047628
2604.7103,0.047646
2604.9432,0.047676
2605.1762,0.047711
2605.4091,0.047744
2605.6421,0.047769
2605.8751,0.047786
2606.1080,0.047792
2606.3410,0.047791
2606.5739,0.047781
2606.8069,0.047766
2607.0399,0.047749
2607.2728,0.047734
2607.5058,0.047726
2607.7387,0.047730
2607.9717,0.047745
2608.2047,0.047771
2608.4376,0.047803
2608.6706,0.047839
2608.9035,0.047879
2609.1365,0.047925
2609.3694,0.047979
2609.6024,0.048042
2609.8354,0.048109
2610.0683,0.048174
2610.3013,0.048228
2610.5342,0.048265
2610.7672,0.048286
2611.0002,0.048297
2611.2331,0.048307
2611.4661,0.048323
2611.6990,0.048345
2611.9320,0.048368
2612.1649,0.048381
2612.3979,0.048378
2612.6309,0.048355
2612.8638,0.048318
2613.0968,0.048281
2613.3297,0.048255
2613.5627,0.048248
2613.7957,0.048262
2614.0286,0.048289
2614.2616,0.048319
2614.4945,0.048346
2614.7275,0.048367
2614.9605,0.048383
2615.1934,0.048398
2615.4264,0.048414
2615.6593,0.048428
2615.8923,0.048435
2616.1252,0.048430
2616.3582,0.048412
2616.5912,0.048390
2616.8241,0.048373
2617.0571,0.048372
2617.2900,0.048392
2617.5230,0.048426
2617.7560,0.048463
2617.9889,0.048488
2618.2219,0.048489
2618.4548,0.048466
2618.6878,0.048428
2618.9207,0.048390
2619.1537,0.048368
2619.3867,0.048369
2619.6196,0.048394
2619.8526,0.048436
2620.0855,0.048483
2620.3185,0.048529
2620.5515,0.048571
2620.7844,0.048607
2621.0174,0.048642
2621.2503,0.048677
2621.4833,0.048709
2621.7163,0.048735
2621.9492,0.048752
2622.1822,0.048761
2622.4151,0.048766
2622.6481,0.048770
2622.8810,0.048781
2623.1140,0.048798
2623.3470,0.048821
2623.5799,0.048844
2623.8129,0.048863
2624.0458,0.048874
2624.2788,0.048876
2624.5118,0.048872
2624.7447,0.048864
2624.9777,0.048851
2625.2106,0.048835
2625.4436,0.048817
2625.6765,0.048798
2625.9095,0.048783
2626.1425,0.048775
2626.3754,0.048776
2626.6084,0.048786
2626.8413,0.048801
2627.0743,0.048813
2627.3073,0.048821
2627.5402,0.048824
2627.7732,0.048827
2628.0061,0.048838
2628.2391,0.048863
2628.4721,0.048904
2628.7050,0.048954
2628.9380,0.049004
2629.1709,0.049047
2629.4039,0.049077
2629.6368,0.049095
2629.8698,0.049108
2630.1028,0.049123
2630.3357,0.049143
2630.5687,0.049165
2630.8016,0.049182
2631.0346,0.049189
2631.2676,0.049183
2631.5005,0.049166
2631.7335,0.049150
2631.9664,0.049143
2632.1994,0.049151
2632.4323,0.049175
2632.6653,0.049205
2632.8983,0.049234
2633.1312,0.049253
2633.3642,0.049263
2633.5971,0.049269
2633.8301,0.049280
2634.0631,0.049303
2634.2960,0.049338
2634.5290,0.049379
2634.7619,0.049416
2634.9949,0.049440
2635.2279,0.049446
2635.4608,0.049438
2635.6938,0.049422
2635.9267,0.049408
2636.1597,0.049399
2636.3926,0.049394
2636.6256,0.049390
2636.8586,0.049380
2637.0915,0.049365
2637.3245,0.049346
2637.5574,0.049331
2637.7904,0.049324
2638.0234,0.049331
2638.2563,0.049348
2638.4893,0.049372
2638.7222,0.049396
2638.9552,0.049415
2639.1881,0.049427
2639.4211,0.049434
2639.6541,0.049440
2639.8870,0.049447
2640.1200,0.049457
2640.3529,0.049471
2640.5859,0.049488
2640.8189,0.049512
2641.0518,0.049543
2641.2848,0.049582
2641.5177,0.049626
2641.7507,0.049672
2641.9837,0.049709
2642.2166,0.049733
2642.4496,0.049741
2642.6825,0.049734
2642.9155,0.049722
2643.1484,0.049712
2643.3814,0.049712
2643.6144,0.049722
2643.8473,0.049737
2644.0803,0.049748
2644.3132,0.049748
2644.5462,0.049733
2644.7792,0.049705
2645.0121,0.049675
2645.2451,0.049653
2645.4780,0.049651
2645.7110,0.049675
2645.9439,0.049727
2646.1769,0.049803
2646.4099,0.049893
2646.6428,0.049987
2646.8758,0.050071
2647.1087,0.050135
2647.3417,0.050169
2647.5747,0.050171
2647.8076,0.050143
2648.0406,0.050093
2648.2735,0.050034
2648.5065,0.049981
2648.7395,0.049944
2648.9724,0.049929
2649.2054,0.049933
2649.4383,0.049950
2649.6713,0.049970
2649.9042,0.049988
2650.1372,0.050000
2650.3702,0.050008
2650.6031,0.050013
2650.8361,0.050018
2651.0690,0.050021
2651.3020,0.050019
2651.5350,0.050010
2651.7679,0.049997
2652.0009,0.049984
2652.2338,0.049981
2652.4668,0.049995
2652.6997,0.050030
2652.9327,0.050083
2653.1657,0.050144
2653.3986,0.050204
2653.6316,0.050252
2653.8645,0.050285
2654.0975,0.050304
2654.3305,0.050312
2654.5634,0.050314
2654.7964,0.050312
2655.0293,0.050304
2655.2623,0.050286
2655.4953,0.050258
2655.7282,0.050220
2655.9612,0.050179
2656.1941,0.050143
2656.4271,0.050120
2656.6600,0.050115
2656.8930,0.050126
2657.1260,0.050149
2657.3589,0.050176
2657.5919,0.050202
2657.8248,0.050225
2658.0578,0.050242
2658.2908,0.050254
2658.5237,0.050261
2658.7567,0.050262
2658.9896,0.050256
2659.2226,0.050241
2659.4555,0.050220
2659.6885,0.050194
2659.9215,0.050168
2660.1544,0.050143
2660.3874,0.050120
2660.6203,0.050098
2660.8533,0.050079
2661.0863,0.050062
2661.3192,0.050052
2661.5522,0.050051
2661.7851,0.050062
2662.0181,0.050083
2662.2511,0.050108
2662.4840,0.050127
2662.7170,0.050132
2662.9499,0.050117
2663.1829,0.050085
2663.4158,0.050040
2663.6488,0.049993
2663.8818,0.049953
2664.1147,0.049923
2664.3477,0.049905
2664.5806,0.049895
2664.8136,0.049885
2665.0466,0.049873
2665.2795,0.049855
2665.5125,0.049833
2665.7454,0.049812
2665.9784,0.049793
2666.2113,0.049782
2666.4443,0.049780
2666.6773,0.049789
2666.9102,0.049808
2667.1432,0.049834
2667.3761,0.049860
2667.6091,0.049878
2667.8421,0.049882
2668.0750,0.049867
2668.3080,0.049832
2668.5409,0.049784
2668.7739,0.049735
2669.0069,0.049696
2669.2398,0.049675
2669.4728,0.049673
2669.7057,0.049683
2669.9387,0.049694
2670.1716,0.049698
2670.4046,0.049688
2670.6376,0.049668
2670.8705,0.049647
2671.1035,0.049632
2671.3364,0.049629
2671.5694,0.049635
2671.8024,0.049643
2672.0353,0.049641
2672.2683,0.049621
2672.5012,0.049580
2672.7342,0.049525
2672.9671,0.049466
2673.2001,0.049415
2673.4331,0.049378
2673.6660,0.049356
2673.8990,0.049348
2674.1319,0.049347
2674.3649,0.049351
2674.5979,0.049360
2674.8308,0.049376
2675.0638,0.049400
2675.2967,0.049431
2675.5297,0.049465
2675.7626,0.049495
2675.9956,0.049515
2676.2286,0.049522
2676.4615,0.049517
2676.6945,0.049507
2676.9274,0.049499
2677.1604,0.049497
2677.3934,0.049500
2677.6263,0.049507
2677.8593,0.049510
2678.0922,0.049506
2678.3252,0.049492
2678.5582,0.049470
2678.7911,0.049442
2679.0241,0.049413
2679.2570,0.049384
2679.4900,0.049358
2679.7229,0.049336
2679.9559,0.049321
2680.1889,0.049317
2680.4218,0.049329
2680.6548,0.049357
2680.8877,0.049399
2681.1207,0.049447
2681.3537,0.049490
2681.5866,0.049517
2681.8196,0.049519
2682.0525,0.049496
2682.2855,0.049452
2682.5184,0.049395
2682.7514,0.049339
2682.9844,0.049292
2683.2173,0.049262
2683.4503,0.049251
2683.6832,0.049256
2683.9162,0.049271
2684.1492,0.049289
2684.3821,0.049305
2684.6151,0.049314
2684.8480,0.049316
2685.0810,0.049311
2685.3140,0.049303
2685.5469,0.049295
2685.7799,0.049289
2686.0128,0.049284
2686.2458,0.049276
2686.4787,0.049263
2686.7117,0.049240
2686.9447,0.049208
2687.1776,0.049171
2687.4106,0.049136
2687.6435,0.049110
2687.8765,0.049099
2688.1095,0.049104
2688.3424,0.049124
2688.5754,0.049150
2688.8083,0.049175
2689.0413,0.049193
2689.2742,0.049204
2689.5072,0.049207
2689.7402,0.049207
2689.9731,0.049207
2690.2061,0.049207
2690.4390,0.049208
2690.6720,0.049207
2690.9050,0.049199
2691.1379,0.049184
2691.3709,0.049162
2691.6038,0.049134
2691.8368,0.049104
2692.0698,0.049077
2692.3027,0.049060
2692.5357,0.049056
2692.7686,0.049068
2693.0016,0.049096
2693.2345,0.049134
2693.4675,0.049176
2693.7005,0.049209
2693.9334,0.049226
2694.1664,0.049223
2694.3993,0.049200
2694.6323,0.049167
2694.8653,0.049133
2695.0982,0.049108
2695.3312,0.049097
2695.5641,0.049095
2695.7971,0.049094
2696.0300,0.049084
2696.2630,0.049058
2696.4960,0.049016
2696.7289,0.048965
2696.9619,0.048915
2697.1948,0.048879
2697.4278,0.048861
2697.6608,0.048863
2697.8937,0.048877
2698.1267,0.048896
2698.3596,0.048911
2698.5926,0.048920
2698.8256,0.048924
2699.0585,0.048925
2699.2915,0.048927
2699.5244,0.048933
2699.7574,0.048944
2699.9903,0.048959
2700.2233,0.048979
2700.4563,0.049002
2700.6892,0.049028
2700.9222,0.049055
2701.1551,0.049078
2701.3881,0.049091
2701.6211,0.049090
2701.8540,0.049074
2702.0870,0.049050
2702.3199,0.049027
2702.5529,0.049017
2702.7858,0.049028
2703.0188,0.049060
2703.2518,0.049108
2703.4847,0.049159
2703.7177,0.049200
2703.9506,0.049220
2704.1836,0.049216
2704.4166,0.049192
2704.6495,0.049152
2704.8825,0.049106
2705.1154,0.049060
2705.3484,0.049016
2705.5814,0.048977
2705.8143,0.048947
2706.0473,0.048928
2706.2802,0.048926
2706.5132,0.048942
2706.7461,0.048975
2706.9791,0.049019
2707.2121,0.049066
2707.4450,0.049107
2707.6780,0.049135
2707.9109,0.049151
2708.1439,0.049158
2708.3769,0.049161
2708.6098,0.049166
2708.8428,0.049178
2709.0757,0.049196
2709.3087,0.049219
2709.5416,0.049247
2709.7746,0.049278
2710.0076,0.049311
2710.2405,0.049345
2710.4735,0.049378
2710.7064,0.049406
2710.9394,0.049426
2711.1724,0.049436
2711.4053,0.049437
2711.6383,0.049434
2711.8712,0.049433
2712.1042,0.049437
2712.3372,0.049450
2712.5701,0.049467
2712.8031,0.049484
2713.0360,0.049496
2713.2690,0.049501
2713.5019,0.049501
2713.7349,0.049499
2713.9679,0.049502
2714.2008,0.049513
2714.4338,0.049532
2714.6667,0.049556
2714.8997,0.049581
2715.1327,0.049606
2715.3656,0.049628
2715.5986,0.049650
2715.8315,0.049674
2716.0645,0.049700
2716.2974,0.049730
2716.5304,0.049761
2716.7634,0.049792
2716.9963,0.049822
2717.2293,0.049852
2717.4622,0.049881
2717.6952,0.049908
2717.9282,0.049930
2718.1611,0.049942
2718.3941,0.049939
2718.6270,0.049922
2718.8600,0.049896
2719.0930,0.049872
2719.3259,0.049861
2719.5589,0.049872
2719.7918,0.049908
2720.0248,0.049964
2720.2577,0.050028
2720.4907,0.050088
2720.7237,0.050133
2720.9566,0.050158
2721.1896,0.050165
2721.4225,0.050163
2721.6555,0.050159
2721.8885,0.050163
2722.1214,0.050182
2722.3544,0.050219
2722.5873,0.050273
2722.8203,0.050341
2723.0532,0.050419
2723.2862,0.050498
2723.5192,0.050571
2723.7521,0.050630
2723.9851,0.050670
2724.2180,0.050691
2724.4510,0.050699
2724.6840,0.050702
2724.9169,0.050707
2725.1499,0.050718
2725.3828,0.050734
2725.6158,0.050750
2725.8488,0.050760
2726.0817,0.050762
2726.3147,0.050760
2726.5476,0.050762
2726.7806,0.050776
2727.0135,0.050808
2727.2465,0.050856
2727.4795,0.050910
2727.7124,0.050955
2727.9454,0.050980
2728.1783,0.050975
2728.4113,0.050942
2728.6443,0.050888
2728.8772,0.050825
2729.1102,0.050761
2729.3431,0.050702
2729.5761,0.050647
2729.8090,0.050593
2730.0420,0.050539
2730.2750,0.050485
2730.5079,0.050431
2730.7409,0.050383
2730.9738,0.050339
2731.2068,0.050298
2731.4398,0.050256
2731.6727,0.050209
2731.9057,0.050155
2732.1386,0.050097
2732.3716,0.050039
2732.6046,0.049988
2732.8375,0.049946
2733.0705,0.049913
2733.3034,0.049885
2733.5364,0.049858
2733.7693,0.049830
2734.0023,0.049802
2734.2353,0.049776
2734.4682,0.049756
2734.7012,0.049742
2734.9341,0.049732
2735.1671,0.049722
2735.4001,0.049708
2735.6330,0.049688
2735.8660,0.049665
2736.0989,0.049643
2736.3319,0.049626
2736.5648,0.049617
2736.7978,0.049615
2737.0308,0.049616
2737.2637,0.049616
2737.4967,0.049615
2737.7296,0.049613
2737.9626,0.049615
2738.1956,0.049623
2738.4285,0.049636
2738.6615,0.049651
2738.8944,0.049659
2739.1274,0.049653
2739.3604,0.049630
2739.5933,0.049592
2739.8263,0.049546
2740.0592,0.049499
2740.2922,0.049460
2740.5251,0.049432
2740.7581,0.049414
2740.9911,0.049404
2741.2240,0.049399
2741.4570,0.049395
2741.6899,0.049391
2741.9229,0.049388
2742.1559,0.049385
2742.3888,0.049383
2742.6218,0.049380
2742.8547,0.049377
2743.0877,0.049375
2743.3206,0.049376
2743.5536,0.049382
2743.7866,0.049393
2744.0195,0.049405
2744.2525,0.049416
2744.4854,0.049420
2744.7184,0.049418
2744.9514,0.049412
2745.1843,0.049408
2745.4173,0.049412
2745.6502,0.049426
2745.8832,0.049449
2746.1162,0.049474
2746.3491,0.049492
2746.5821,0.049497
2746.8150,0.049490
2747.0480,0.049476
2747.2809,0.049467
2747.5139,0.049471
2747.7469,0.049493
2747.9798,0.049533
2748.2128,0.049583
2748.4457,0.049631
2748.6787,0.049669
2748.9117,0.049691
2749.1446,0.049697
2749.3776,0.049692
2749.6105,0.049683
2749.8435,0.049677
2750.0764,0.049679
2750.3094,0.049696
2750.5424,0.049729
2750.7753,0.049778
2751.0083,0.049839
2751.2412,0.049904
2751.4742,0.049962
2751.7072,0.050003
2751.9401,0.050016
2752.1731,0.050000
2752.4060,0.049958
2752.6390,0.049900
2752.8720,0.049839
2753.1049,0.049785
2753.3379,0.049743
2753.5708,0.049714
2753.8038,0.049695
2754.0367,0.049683
2754.2697,0.049678
2754.5027,0.049683
2754.7356,0.049702
2754.9686,0.049737
2755.2015,0.049786
2755.4345,0.049841
2755.6675,0.049894
2755.9004,0.049935
2756.1334,0.049962
2756.3663,0.049977
2756.5993,0.049983
2756.8322,0.049987
2757.0652,0.049992
2757.2982,0.049996
2757.5311,0.049998
2757.7641,0.049995
2757.9970,0.049992
2758.2300,0.049992
2758.4630,0.050002
2758.6959,0.050029
2758.9289,0.050071
2759.1618,0.050123
2759.3948,0.050177
2759.6278,0.050223
2759.8607,0.050257
2760.0937,0.050278
2760.3266,0.050289
2760.5596,0.050294
2760.7925,0.050297
2761.0255,0.050297
2761.2585,0.050293
2761.4914,0.050285
2761.7244,0.050275
2761.9573,0.050271
2762.1903,0.050280
2762.4233,0.050306
2762.6562,0.050348
2762.8892,0.050399
2763.1221,0.050451
2763.3551,0.050493
2763.5880,0.050523
2763.8210,0.050543
2764.0540,0.050560
2764.2869,0.050580
2764.5199,0.050606
2764.7528,0.050635
2764.9858,0.050659
2765.2188,0.050672
2765.4517,0.050669
2765.6847,0.050652
2765.9176,0.050629
2766.1506,0.050610
2766.3836,0.050603
2766.6165,0.050610
2766.8495,0.050630
2767.0824,0.050657
2767.3154,0.050685
2767.5483,0.050709
2767.7813,0.050730
2768.0143,0.050747
2768.2472,0.050761
2768.4802,0.050771
2768.7131,0.050774
2768.9461,0.050770
2769.1791,0.050760
2769.4120,0.050748
2769.6450,0.050742
2769.8779,0.050746
2770.1109,0.050760
2770.3438,0.050783
2770.5768,0.050807
2770.8098,0.050826
2771.0427,0.050839
2771.2757,0.050844
2771.5086,0.050849
2771.7416,0.050858
2771.9746,0.050876
2772.2075,0.050901
2772.4405,0.050932
2772.6734,0.050964
2772.9064,0.050993
2773.1394,0.051020
2773.3723,0.051047
2773.6053,0.051076
2773.8382,0.051108
2774.0712,0.051143
2774.3041,0.051176
2774.5371,0.051207
2774.7701,0.051233
2775.0030,0.051256
2775.2360,0.051280
2775.4689,0.051307
2775.7019,0.051336
2775.9349,0.051366
2776.1678,0.051391
2776.4008,0.051406
2776.6337,0.051412
2776.8667,0.051409
2777.0996,0.051402
2777.3326,0.051397
2777.5656,0.051397
2777.7985,0.051401
2778.0315,0.051408
2778.2644,0.051416
2778.4974,0.051426
2778.7304,0.051438
2778.9633,0.051452
2779.1963,0.051470
2779.4292,0.051488
2779.6622,0.051501
2779.8952,0.051506
2780.1281,0.051500
2780.3611,0.051486
2780.5940,0.051473
2780.8270,0.051466
2781.0599,0.051472
2781.2929,0.051490
2781.5259,0.051516
2781.7588,0.051542
2781.9918,0.051562
2782.2247,0.051575
2782.4577,0.051583
2782.6907,0.051589
2782.9236,0.051596
2783.1566,0.051603
2783.3895,0.051607
2783.6225,0.051602
2783.8554,0.051586
2784.0884,0.051560
2784.3214,0.051533
2784.5543,0.051516
2784.7873,0.051517
2785.0202,0.051540
2785.2532,0.051583
2785.4862,0.051638
2785.7191,0.051696
2785.9521,0.051750
2786.1850,0.051797
2786.4180,0.051839
2786.6510,0.051875
2786.8839,0.051903
2787.1169,0.051920
2787.3498,0.051923
2787.5828,0.051911
2787.8157,0.051890
2788.0487,0.051869
2788.2817,0.051863
2788.5146,0.051880
2788.7476,0.051924
2788.9805,0.051990
2789.2135,0.052068
2789.4465,0.052144
2789.6794,0.052209
2789.9124,0.052261
2790.1453,0.052300
2790.3783,0.052331
2790.6112,0.052357
2790.8442,0.052381
2791.0772,0.052403
2791.3101,0.052421
2791.5431,0.052439
2791.7760,0.052462
2792.0090,0.052494
2792.2420,0.052538
2792.4749,0.052591
2792.7079,0.052645
2792.9408,0.052690
2793.1738,0.052719
2793.4068,0.052733
2793.6397,0.052737
2793.8727,0.052744
2794.1056,0.052764
2794.3386,0.052800
2794.5715,0.052852
2794.8045,0.052909
2795.0375,0.052962
2795.2704,0.053002
2795.5034,0.053029
2795.7363,0.053048
2795.9693,0.053065
2796.2023,0.053087
2796.4352,0.053114
2796.6682,0.053144
2796.9011,0.053175
2797.1341,0.053204
2797.3670,0.053236
2797.6000,0.053275
2797.8330,0.053327
2798.0659,0.053393
2798.2989,0.053466
2798.5318,0.053539
2798.7648,0.053601
2798.9978,0.053648
2799.2307,0.053682
2799.4637,0.053712
2799.6966,0.053749
2799.9296,0.053801
2800.1626,0.053870
2800.3955,0.053953
2800.6285,0.054042
2800.8614,0.054131
2801.0944,0.054217
2801.3273,0.054302
2801.5603,0.054389
2801.7933,0.054481
2802.0262,0.054576
2802.2592,0.054667
2802.4921,0.054744
2802.7251,0.054801
2802.9581,0.054834
2803.1910,0.054847
2803.4240,0.054850
2803.6569,0.054854
2803.8899,0.054866
2804.1228,0.054891
2804.3558,0.054930
2804.5888,0.054982
2804.8217,0.055042
2805.0547,0.055109
2805.2876,0.055183
2805.5206,0.055262
2805.7536,0.055346
2805.9865,0.055435
2806.2195,0.055528
2806.4524,0.055624
2806.6854,0.055723
2806.9184,0.055823
2807.1513,0.055922
2807.3843,0.056016
2807.6172,0.056101
2807.8502,0.056175
2808.0831,0.056238
2808.3161,0.056295
2808.5491,0.056354
2808.7820,0.056422
2809.0150,0.056504
2809.2479,0.056597
2809.4809,0.056699
2809.7139,0.056802
2809.9468,0.056905
2810.1798,0.057008
2810.4127,0.057115
2810.6457,0.057231
2810.8786,0.057358
2811.1116,0.057492
2811.3446,0.057626
2811.5775,0.057748
2811.8105,0.057852
2812.0434,0.057936
2812.2764,0.058008
2812.5094,0.058081
2812.7423,0.058168
2812.9753,0.058278
2813.2082,0.058411
2813.4412,0.058563
2813.6741,0.058725
2813.9071,0.058888
2814.1401,0.059048
2814.3730,0.059204
2814.6060,0.059354
2814.8389,0.059498
2815.0719,0.059634
2815.3049,0.059759
2815.5378,0.059876
2815.7708,0.059989
2816.0037,0.060109
2816.2367,0.060249
2816.4697,0.060418
2816.7026,0.060620
2816.9356,0.060851
2817.1685,0.061101
2817.4015,0.061357
2817.6344,0.061611
2817.8674,0.061859
2818.1004,0.062100
2818.3333,0.062341
2818.5663,0.062585
2818.7992,0.062836
2819.0322,0.063094
2819.2652,0.063359
2819.4981,0.063633
2819.7311,0.063918
2819.9640,0.064216
2820.1970,0.064527
2820.4299,0.064844
2820.6629,0.065160
2820.8959,0.065466
2821.1288,0.065756
2821.3618,0.066034
2821.5947,0.066310
2821.8277,0.066600
2822.0607,0.066916
2822.2936,0.067267
2822.5266,0.067652
2822.7595,0.068061
2822.9925,0.068484
2823.2255,0.068910
2823.4584,0.069335
2823.6914,0.069761
2823.9243,0.070190
2824.1573,0.070625
2824.3902,0.071064
2824.6232,0.071504
2824.8562,0.071940
2825.0891,0.072372
2825.3221,0.072801
2825.5550,0.073233
2825.7880,0.073672
2826.0210,0.074116
2826.2539,0.074558
2826.4869,0.074985
2826.7198,0.075386
2826.9528,0.075752
2827.1857,0.076081
2827.4187,0.076378
2827.6517,0.076647
2827.8846,0.076892
2828.1176,0.077112
2828.3505,0.077302
2828.5835,0.077456
2828.8165,0.077572
2829.0494,0.077650
2829.2824,0.077691
2829.5153,0.077694
2829.7483,0.077653
2829.9813,0.077558
2830.2142,0.077397
2830.4472,0.077165
2830.6801,0.076869
2830.9131,0.076526
2831.1460,0.076158
2831.3790,0.075790
2831.6120,0.075435
2831.8449,0.075097
2832.0779,0.074771
2832.3108,0.074452
2832.5438,0.074135
2832.7768,0.073827
2833.0097,0.073537
2833.2427,0.073276
2833.4756,0.073048
2833.7086,0.072850
2833.9415,0.072672
2834.1745,0.072500
2834.4075,0.072329
2834.6404,0.072160
2834.8734,0.072004
2835.1063,0.071875
2835.3393,0.071785
2835.5723,0.071736
2835.8052,0.071726
2836.0382,0.071744
2836.2711,0.071780
2836.5041,0.071828
2836.7371,0.071884
2836.9700,0.071951
2837.2030,0.072027
2837.4359,0.072114
2837.6689,0.072210
2837.9018,0.072317
2838.1348,0.072441
2838.3678,0.072593
2838.6007,0.072785
2838.8337,0.073026
2839.0666,0.073315
2839.2996,0.073642
2839.5326,0.073992
2839.7655,0.074346
2839.9985,0.074692
2840.2314,0.075027
2840.4644,0.075356
2840.6973,0.075688
2840.9303,0.076030
2841.1633,0.076382
2841.3962,0.076740
2841.6292,0.077097
2841.8621,0.077450
2842.0951,0.077803
2842.3281,0.078166
2842.5610,0.078552
2842.7940,0.078969
2843.0269,0.079420
2843.2599,0.079899
2843.4929,0.080393
2843.7258,0.080892
2843.9588,0.081390
2844.1917,0.081888
2844.4247,0.082388
2844.6576,0.082895
2844.8906,0.083409
2845.1236,0.083927
2845.3565,0.084445
2845.5895,0.084964
2845.8224,0.085488
2846.0554,0.086027
2846.2884,0.086592
2846.5213,0.087187
2846.7543,0.087812
2846.9872,0.088458
2847.2202,0.089115
2847.4531,0.089776
2847.6861,0.090441
2847.9191,0.091114
2848.1520,0.091805
2848.3850,0.092519
2848.6179,0.093251
2848.8509,0.093992
2849.0839,0.094727
2849.3168,0.095445
2849.5498,0.096139
2849.7827,0.096813
2850.0157,0.097475
2850.2487,0.098132
2850.4816,0.098786
2850.7146,0.099436
2850.9475,0.100073
2851.1805,0.100691
2851.4134,0.101288
2851.6464,0.101863
2851.8794,0.102419
2852.1123,0.102954
2852.3453,0.103465
2852.5782,0.103942
2852.8112,0.104377
2853.0442,0.104766
2853.2771,0.105110
2853.5101,0.105415
2853.7430,0.105685
2853.9760,0.105920
2854.2089,0.106109
2854.4419,0.106240
2854.6749,0.106297
2854.9078,0.106274
2855.1408,0.106170
2855.3737,0.105992
2855.6067,0.105749
2855.8397,0.105443
2856.0726,0.105070
2856.3056,0.104624
2856.5385,0.104098
2856.7715,0.103494
2857.0045,0.102825
2857.2374,0.102110
2857.4704,0.101370
2857.7033,0.100617
2857.9363,0.099856
2858.1692,0.099083
2858.4022,0.098291
2858.6352,0.097480
2858.8681,0.096657
2859.1011,0.095834
2859.3340,0.095025
2859.5670,0.094240
2859.8000,0.093478
2860.0329,0.092735
2860.2659,0.092004
2860.4988,0.091285
2860.7318,0.090582
2860.9647,0.089906
2861.1977,0.089267
2861.4307,0.088669
2861.6636,0.088112
2861.8966,0.087587
2862.1295,0.087088
2862.3625,0.086612
2862.5955,0.086164
2862.8284,0.085756
2863.0614,0.085399
2863.2943,0.085098
2863.5273,0.084852
2863.7603,0.084651
2863.9932,0.084486
2864.2262,0.084348
2864.4591,0.084235
2864.6921,0.084151
2864.9250,0.084102
2865.1580,0.084090
2865.3910,0.084115
2865.6239,0.084168
2865.8569,0.084244
2866.0898,0.084335
2866.3228,0.084441
2866.5558,0.084563
2866.7887,0.084701
2867.0217,0.084852
2867.2546,0.085008
2867.4876,0.085160
2867.7205,0.085300
2867.9535,0.085428
2868.1865,0.085549
2868.4194,0.085673
2868.6524,0.085808
2868.8853,0.085955
2869.1183,0.086108
2869.3513,0.086252
2869.5842,0.086371
2869.8172,0.086455
2870.0501,0.086500
2870.2831,0.086512
2870.5161,0.086500
2870.7490,0.086470
2870.9820,0.086424
2871.2149,0.086359
2871.4479,0.086270
2871.6808,0.086152
2871.9138,0.086006
2872.1468,0.085835
2872.3797,0.085644
2872.6127,0.085438
2872.8456,0.085222
2873.0786,0.085003
2873.3116,0.084786
2873.5445,0.084583
2873.7775,0.084403
2874.0104,0.084254
2874.2434,0.084132
2874.4763,0.084024
2874.7093,0.083908
2874.9423,0.083762
2875.1752,0.083573
2875.4082,0.083341
2875.6411,0.083077
2875.8741,0.082804
2876.1071,0.082543
2876.3400,0.082307
2876.5730,0.082100
2876.8059,0.081917
2877.0389,0.081752
2877.2719,0.081600
2877.5048,0.081465
2877.7378,0.081352
2877.9707,0.081264
2878.2037,0.081200
2878.4366,0.081151
2878.6696,0.081106
2878.9026,0.081053
2879.1355,0.080990
2879.3685,0.080922
2879.6014,0.080859
2879.8344,0.080811
2880.0674,0.080782
2880.3003,0.080767
2880.5333,0.080757
2880.7662,0.080743
2880.9992,0.080724
2881.2321,0.080708
2881.4651,0.080707
2881.6981,0.080732
2881.9310,0.080789
2882.1640,0.080872
2882.3969,0.080967
2882.6299,0.081058
2882.8629,0.081135
2883.0958,0.081195
2883.3288,0.081244
2883.5617,0.081294
2883.7947,0.081354
2884.0277,0.081425
2884.2606,0.081506
2884.4936,0.081592
2884.7265,0.081678
2884.9595,0.081763
2885.1924,0.081848
2885.4254,0.081937
2885.6584,0.082026
2885.8913,0.082114
2886.1243,0.082194
2886.3572,0.082266
2886.5902,0.082337
2886.8232,0.082418
2887.0561,0.082523
2887.2891,0.082658
2887.5220,0.082825
2887.7550,0.083009
2887.9879,0.083196
2888.2209,0.083368
2888.4539,0.083520
2888.6868,0.083659
2888.9198,0.083799
2889.1527,0.083955
2889.3857,0.084140
2889.6187,0.084353
2889.8516,0.084585
2890.0846,0.084825
2890.3175,0.085062
2890.5505,0.085293
2890.7835,0.085522
2891.0164,0.085755
2891.2494,0.085998
2891.4823,0.086249
2891.7153,0.086505
2891.9482,0.086761
2892.1812,0.087016
2892.4142,0.087275
2892.6471,0.087550
2892.8801,0.087846
2893.1130,0.088167
2893.3460,0.088507
2893.5790,0.088854
2893.8119,0.089198
2894.0449,0.089533
2894.2778,0.089865
2894.5108,0.090203
2894.7437,0.090560
2894.9767,0.090942
2895.2097,0.091347
2895.4426,0.091763
2895.6756,0.092179
2895.9085,0.092585
2896.1415,0.092983
2896.3745,0.093377
2896.6074,0.093776
2896.8404,0.094186
2897.0733,0.094603
2897.3063,0.095020
2897.5393,0.095425
2897.7722,0.095811
2898.0052,0.096178
2898.2381,0.096531
2898.4711,0.096880
2898.7040,0.097227
2898.9370,0.097574
2899.1700,0.097914
2899.4029,0.098245
2899.6359,0.098568
2899.8688,0.098892
2900.1018,0.099229
2900.3348,0.099591
2900.5677,0.099982
2900.8007,0.100397
2901.0336,0.100821
2901.2666,0.101239
2901.4995,0.101642
2901.7325,0.102030
2901.9655,0.102410
2902.1984,0.102792
2902.4314,0.103183
2902.6643,0.103585
2902.8973,0.103993
2903.1303,0.104403
2903.3632,0.104814
2903.5962,0.105233
2903.8291,0.105670
2904.0621,0.106135
2904.2951,0.106629
2904.5280,0.107148
2904.7610,0.107678
2904.9939,0.108209
2905.2269,0.108735
2905.4598,0.109262
2905.6928,0.109801
2905.9258,0.110362
2906.1587,0.110949
2906.3917,0.111556
2906.6246,0.112171
2906.8576,0.112781
2907.0906,0.113377
2907.3235,0.113964
2907.5565,0.114553
2907.7894,0.115156
2908.0224,0.115777
2908.2553,0.116414
2908.4883,0.117055
2908.7213,0.117692
2908.9542,0.118321
2909.1872,0.118948
2909.4201,0.119587
2909.6531,0.120249
2909.8861,0.120935
2910.1190,0.121634
2910.3520,0.122323
2910.5849,0.122981
2910.8179,0.123598
2911.0509,0.124175
2911.2838,0.124730
2911.5168,0.125285
2911.7497,0.125853
2911.9827,0.126440
2912.2156,0.127035
2912.4486,0.127625
2912.6816,0.128198
2912.9145,0.128750
2913.1475,0.129284
2913.3804,0.129805
2913.6134,0.130310
2913.8464,0.130791
2914.0793,0.131233
2914.3123,0.131625
2914.5452,0.131965
2914.7782,0.132264
2915.0111,0.132545
2915.2441,0.132827
2915.4771,0.133120
2915.7100,0.133420
2915.9430,0.133711
2916.1759,0.133974
2916.4089,0.134202
2916.6419,0.134399
2916.8748,0.134582
2917.1078,0.134771
2917.3407,0.134976
2917.5737,0.135196
2917.8067,0.135415
2918.0396,0.135616
2918.2726,0.135791
2918.5055,0.135941
2918.7385,0.136083
2918.9714,0.136236
2919.2044,0.136411
2919.4374,0.136608
2919.6703,0.136814
2919.9033,0.137012
2920.1362,0.137189
2920.3692,0.137344
2920.6022,0.137484
2920.8351,0.137619
2921.0681,0.137753
2921.3010,0.137876
2921.5340,0.137972
2921.7669,0.138022
2921.9999,0.138015
2922.2329,0.137955
2922.4658,0.137855
2922.6988,0.137735
2922.9317,0.137609
2923.1647,0.137481
2923.3977,0.137345
2923.6306,0.137188
2923.8636,0.137006
2924.0965,0.136797
2924.3295,0.136567
2924.5625,0.136322
2924.7954,0.136059
2925.0284,0.135766
2925.2613,0.135425
2925.4943,0.135020
2925.7272,0.134543
2925.9602,0.133999
2926.1932,0.133403
2926.4261,0.132769
2926.6591,0.132106
2926.8920,0.131413
2927.1250,0.130682
2927.3580,0.129908
2927.5909,0.129097
2927.8239,0.128261
2928.0568,0.127419
2928.2898,0.126585
2928.5227,0.125763
2928.7557,0.124944
2928.9887,0.124111
2929.2216,0.123249
2929.4546,0.122351
2929.6875,0.121424
2929.9205,0.120482
2930.1535,0.119537
2930.3864,0.118598
2930.6194,0.117662
2930.8523,0.116723
2931.0853,0.115781
2931.3183,0.114841
2931.5512,0.113920
2931.7842,0.113035
2932.0171,0.112197
2932.2501,0.111403
2932.4830,0.110636
2932.7160,0.109872
2932.9490,0.109094
2933.1819,0.108298
2933.4149,0.107494
2933.6478,0.106705
2933.8808,0.105948
2934.1138,0.105231
2934.3467,0.104545
2934.5797,0.103870
2934.8126,0.103187
2935.0456,0.102485
2935.2785,0.101770
2935.5115,0.101058
2935.7445,0.100369
2935.9774,0.099717
2936.2104,0.099105
2936.4433,0.098527
2936.6763,0.097971
2936.9093,0.097430
2937.1422,0.096902
2937.3752,0.096393
2937.6081,0.095908
2937.8411,0.095444
2938.0741,0.094996
2938.3070,0.094551
2938.5400,0.094100
2938.7729,0.093641
2939.0059,0.093182
2939.2388,0.092737
2939.4718,0.092317
2939.7048,0.091926
2939.9377,0.091554
2940.1707,0.091187
2940.4036,0.090807
2940.6366,0.090408
2940.8696,0.089993
2941.1025,0.089574
2941.3355,0.089164
2941.5684,0.088771
2941.8014,0.088394
2942.0343,0.088023
2942.2673,0.087647
2942.5003,0.087262
2942.7332,0.086873
2942.9662,0.086493
2943.1991,0.086137
2943.4321,0.085813
2943.6651,0.085519
2943.8980,0.085243
2944.1310,0.084971
2944.3639,0.084691
2944.5969,0.084400
2944.8299,0.084105
2945.0628,0.083819
2945.2958,0.083553
2945.5287,0.083315
2945.7617,0.083107
2945.9946,0.082927
2946.2276,0.082772
2946.4606,0.082647
2946.6935,0.082555
2946.9265,0.082503
2947.1594,0.082493
2947.3924,0.082525
2947.6254,0.082590
2947.8583,0.082681
2948.0913,0.082789
2948.3242,0.082909
2948.5572,0.083039
2948.7901,0.083179
2949.0231,0.083328
2949.2561,0.083482
2949.4890,0.083637
2949.7220,0.083790
2949.9549,0.083944
2950.1879,0.084101
2950.4209,0.084268
2950.6538,0.084447
2950.8868,0.084638
2951.1197,0.084835
2951.3527,0.085031
2951.5856,0.085218
2951.8186,0.085396
2952.0516,0.085564
2952.2845,0.085725
2952.5175,0.085877
2952.7504,0.086015
2952.9834,0.086129
2953.2164,0.086216
2953.4493,0.086278
2953.6823,0.086326
2953.9152,0.086381
2954.1482,0.086462
2954.3812,0.086580
2954.6141,0.086731
2954.8471,0.086898
2955.0800,0.087055
2955.3130,0.087176
2955.5459,0.087250
2955.7789,0.087276
2956.0119,0.087266
2956.2448,0.087239
2956.4778,0.087205
2956.7107,0.087171
2956.9437,0.087132
2957.1767,0.087081
2957.4096,0.087015
2957.6426,0.086935
2957.8755,0.086847
2958.1085,0.086756
2958.3414,0.086666
2958.5744,0.086573
2958.8074,0.086468
2959.0403,0.086341
2959.2733,0.086186
2959.5062,0.086001
2959.7392,0.085792
2959.9722,0.085566
2960.2051,0.085329
2960.4381,0.085085
2960.6710,0.084838
2960.9040,0.084590
2961.1370,0.084348
2961.3699,0.084118
2961.6029,0.083900
2961.8358,0.083693
2962.0688,0.083487
2962.3017,0.083268
2962.5347,0.083027
2962.7677,0.082761
2963.0006,0.082479
2963.2336,0.082195
2963.4665,0.081927
2963.6995,0.081684
2963.9325,0.081465
2964.1654,0.081258
2964.3984,0.081048
2964.6313,0.080824
2964.8643,0.080581
2965.0972,0.080325
2965.3302,0.080067
2965.5632,0.079812
2965.7961,0.079562
2966.0291,0.079308
2966.2620,0.079039
2966.4950,0.078747
2966.7280,0.078432
2966.9609,0.078101
2967.1939,0.077764
2967.4268,0.077428
2967.6598,0.077092
2967.8928,0.076748
2968.1257,0.076383
2968.3587,0.075993
2968.5916,0.075580
2968.8246,0.075155
2969.0575,0.074733
2969.2905,0.074328
2969.5235,0.073941
2969.7564,0.073565
2969.9894,0.073187
2970.2223,0.072795
2970.4553,0.072382
2970.6883,0.071952
2970.9212,0.071514
2971.1542,0.071075
2971.3871,0.070639
2971.6201,0.070203
2971.8530,0.069763
2972.0860,0.069314
2972.3190,0.068861
2972.5519,0.068414
2972.7849,0.067986
2973.0178,0.067587
2973.2508,0.067215
2973.4838,0.066864
2973.7167,0.066518
2973.9497,0.066165
2974.1826,0.065800
2974.4156,0.065427
2974.6486,0.065057
2974.8815,0.064703
2975.1145,0.064373
2975.3474,0.064066
2975.5804,0.063777
2975.8133,0.063500
2976.0463,0.063229
2976.2793,0.062963
2976.5122,0.062703
2976.7452,0.062451
2976.9781,0.062205
2977.2111,0.061960
2977.4441,0.061710
2977.6770,0.061452
2977.9100,0.061189
2978.1429,0.060927
2978.3759,0.060678
2978.6088,0.060450
2978.8418,0.060247
2979.0748,0.060068
2979.3077,0.059907
2979.5407,0.059761
2979.7736,0.059628
2980.0066,0.059509
2980.2396,0.059405
2980.4725,0.059313
2980.7055,0.059225
2980.9384,0.059129
2981.1714,0.059013
2981.4044,0.058871
2981.6373,0.058706
2981.8703,0.058529
2982.1032,0.058357
2982.3362,0.058200
2982.5691,0.058066
2982.8021,0.057948
2983.0351,0.057835
2983.2680,0.057715
2983.5010,0.057580
2983.7339,0.057426
2983.9669,0.057260
2984.1999,0.057088
2984.4328,0.056914
2984.6658,0.056740
2984.8987,0.056565
2985.1317,0.056386
2985.3646,0.056207
2985.5976,0.056032
2985.8306,0.055870
2986.0635,0.055730
2986.2965,0.055615
2986.5294,0.055519
2986.7624,0.055435
2986.9954,0.055347
2987.2283,0.055245
2987.4613,0.055120
2987.6942,0.054970
2987.9272,0.054797
2988.1602,0.054604
2988.3931,0.054398
2988.6261,0.054188
2988.8590,0.053980
2989.0920,0.053784
2989.3249,0.053604
2989.5579,0.053442
2989.7909,0.053295
2990.0238,0.053155
2990.2568,0.053012
2990.4897,0.052858
2990.7227,0.052690
2990.9557,0.052512
2991.1886,0.052336
2991.4216,0.052172
2991.6545,0.052029
2991.8875,0.051912
2992.1204,0.051820
2992.3534,0.051747
2992.5864,0.051686
2992.8193,0.051632
2993.0523,0.051581
2993.2852,0.051530
2993.5182,0.051473
2993.7512,0.051407
2993.9841,0.051327
2994.2171,0.051229
2994.4500,0.051116
2994.6830,0.050995
2994.9160,0.050876
2995.1489,0.050767
2995.3819,0.050673
2995.6148,0.050595
2995.8478,0.050528
2996.0807,0.050467
2996.3137,0.050409
2996.5467,0.050352
2996.7796,0.050299
2997.0126,0.050252
2997.2455,0.050211
2997.4785,0.050173
2997.7115,0.050135
2997.9444,0.050096
2998.1774,0.050055
2998.4103,0.050019
2998.6433,0.049993
2998.8762,0.049982
2999.1092,0.049983
2999.3422,0.049991
2999.5751,0.049995
2999.8081,0.049985
3000.0410,0.049955
3000.2740,0.049909
3000.5070,0.049851
3000.7399,0.049792
3000.9729,0.049738
3001.2058,0.049693
3001.4388,0.049654
3001.6718,0.049622
3001.9047,0.049595
3002.1377,0.049574
3002.3706,0.049564
3002.6036,0.049563
3002.8365,0.049567
3003.0695,0.049569
3003.3025,0.049561
3003.5354,0.049536
3003.7684,0.049497
3004.0013,0.049454
3004.2343,0.049422
3004.4673,0.049411
3004.7002,0.049428
3004.9332,0.049470
3005.1661,0.049524
3005.3991,0.049578
3005.6320,0.049620
3005.8650,0.049645
3006.0980,0.049653
3006.3309,0.049647
3006.5639,0.049627
3006.7968,0.049589
3007.0298,0.049530
3007.2628,0.049447
3007.4957,0.049344
3007.7287,0.049234
3007.9616,0.049133
3008.1946,0.049058
3008.4276,0.049016
3008.6605,0.049006
3008.8935,0.049015
3009.1264,0.049026
3009.3594,0.049027
3009.5923,0.049013
3009.8253,0.048992
3010.0583,0.048974
3010.2912,0.048976
3010.5242,0.049003
3010.7571,0.049057
3010.9901,0.049127
3011.2231,0.049201
3011.4560,0.049266
3011.6890,0.049313
3011.9219,0.049339
3012.1549,0.049342
3012.3878,0.049325
3012.6208,0.049293
3012.8538,0.049251
3013.0867,0.049207
3013.3197,0.049170
3013.5526,0.049148
3013.7856,0.049144
3014.0186,0.049154
3014.2515,0.049168
3014.4845,0.049173
3014.7174,0.049159
3014.9504,0.049121
3015.1834,0.049064
3015.4163,0.049003
3015.6493,0.048951
3015.8822,0.048923
3016.1152,0.048925
3016.3481,0.048955
3016.5811,0.049008
3016.8141,0.049076
3017.0470,0.049155
3017.2800,0.049241
3017.5129,0.049334
3017.7459,0.049429
3017.9789,0.049520
3018.2118,0.049598
3018.4448,0.049655
3018.6777,0.049687
3018.9107,0.049697
3019.1436,0.049695
3019.3766,0.049692
3019.6096,0.049700
3019.8425,0.049722
3020.0755,0.049759
3020.3084,0.049803
3020.5414,0.049850
3020.7744,0.049895
3021.0073,0.049940
3021.2403,0.049987
3021.4732,0.050040
3021.7062,0.050101
3021.9392,0.050168
3022.1721,0.050236
3022.4051,0.050304
3022.6380,0.050368
3022.8710,0.050431
3023.1039,0.050495
3023.3369,0.050561
3023.5699,0.050630
3023.8028,0.050700
3024.0358,0.050769
3024.2687,0.050838
3024.5017,0.050907
3024.7347,0.050977
3024.9676,0.051050
3025.2006,0.051122
3025.4335,0.051189
3025.6665,0.051248
3025.8994,0.051294
3026.1324,0.051331
3026.3654,0.051362
3026.5983,0.051396
3026.8313,0.051438
3027.0642,0.051489
3027.2972,0.051547
3027.5302,0.051604
3027.7631,0.051657
3027.9961,0.051703
3028.2290,0.051746
3028.4620,0.051789
3028.6950,0.051837
3028.9279,0.051889
3029.1609,0.051941
3029.3938,0.051987
3029.6268,0.052025
3029.8597,0.052057
3030.0927,0.052093
3030.3257,0.052144
3030.5586,0.052220
3030.7916,0.052321
3031.0245,0.052440
3031.2575,0.052560
3031.4905,0.052664
3031.7234,0.052739
3031.9564,0.052781
3032.1893,0.052790
3032.4223,0.052775
3032.6552,0.052743
3032.8882,0.052698
3033.1212,0.052644
3033.3541,0.052582
3033.5871,0.052519
3033.8200,0.052462
3034.0530,0.052421
3034.2860,0.052403
3034.5189,0.052409
3034.7519,0.052431
3034.9848,0.052460
3035.2178,0.052484
3035.4508,0.052496
3035.6837,0.052498
3035.9167,0.052496
3036.1496,0.052497
3036.3826,0.052504
3036.6155,0.052515
3036.8485,0.052524
3037.0815,0.052522
3037.3144,0.052505
3037.5474,0.052473
3037.7803,0.052430
3038.0133,0.052382
3038.2463,0.052337
3038.4792,0.052295
3038.7122,0.052258
3038.9451,0.052226
3039.1781,0.052202
3039.4110,0.052189
3039.6440,0.052192
3039.8770,0.052211
3040.1099,0.052241
3040.3429,0.052272
3040.5758,0.052291
3040.8088,0.052294
3041.0418,0.052282
3041.2747,0.052267
3041.5077,0.052263
3041.7406,0.052283
3041.9736,0.052331
3042.2066,0.052400
3042.4395,0.052478
3042.6725,0.052550
3042.9054,0.052607
3043.1384,0.052646
3043.3713,0.052673
3043.6043,0.052691
3043.8373,0.052704
3044.0702,0.052706
3044.3032,0.052693
3044.5361,0.052661
3044.7691,0.052613
3045.0021,0.052562
3045.2350,0.052522
3045.4680,0.052506
3045.7009,0.052518
3045.9339,0.052548
3046.1668,0.052583
3046.3998,0.052608
3046.6328,0.052614
3046.8657,0.052605
3047.0987,0.052595
3047.3316,0.052597
3047.5646,0.052622
3047.7976,0.052666
3048.0305,0.052719
3048.2635,0.052766
3048.4964,0.052798
3048.7294,0.052815
3048.9624,0.052825
3049.1953,0.052844
3049.4283,0.052879
3049.6612,0.052932
3049.8942,0.052991
3050.1271,0.053043
3050.3601,0.053074
3050.5931,0.053082
3050.8260,0.053076
3051.0590,0.053073
3051.2919,0.053090
3051.5249,0.053137
3051.7579,0.053216
3051.9908,0.053317
3052.2238,0.053428
3052.4567,0.053534
3052.6897,0.053625
3052.9226,0.053695
3053.1556,0.053742
3053.3886,0.053766
3053.6215,0.053770
3053.8545,0.053760
3054.0874,0.053748
3054.3204,0.053746
3054.5534,0.053769
3054.7863,0.053824
3055.0193,0.053910
3055.2522,0.054012
3055.4852,0.054111
3055.7182,0.054187
3055.9511,0.054227
3056.1841,0.054233
3056.4170,0.054220
3056.6500,0.054208
3056.8829,0.054216
3057.1159,0.054255
3057.3489,0.054326
3057.5818,0.054421
3057.8148,0.054530
3058.0477,0.054642
3058.2807,0.054752
3058.5137,0.054858
3058.7466,0.054957
3058.9796,0.055045
3059.2125,0.055119
3059.4455,0.055177
3059.6784,0.055221
3059.9114,0.055263
3060.1444,0.055317
3060.3773,0.055395
3060.6103,0.055505
3060.8432,0.055640
3061.0762,0.055788
3061.3092,0.055931
3061.5421,0.056055
3061.7751,0.056156
3062.0080,0.056238
3062.2410,0.056312
3062.4740,0.056389
3062.7069,0.056475
3062.9399,0.056567
3063.1728,0.056662
3063.4058,0.056754
3063.6387,0.056843
3063.8717,0.056936
3064.1047,0.057041
3064.3376,0.057162
3064.5706,0.057296
3064.8035,0.057434
3065.0365,0.057560
3065.2695,0.057663
3065.5024,0.057736
3065.7354,0.057787
3065.9683,0.057829
3066.2013,0.057877
3066.4342,0.057943
3066.6672,0.058033
3066.9002,0.058143
3067.1331,0.058269
3067.3661,0.058405
3067.5990,0.058545
3067.8320,0.058687
3068.0650,0.058827
3068.2979,0.058959
3068.5309,0.059075
3068.7638,0.059169
3068.9968,0.059236
3069.2298,0.059279
3069.4627,0.059309
3069.6957,0.059335
3069.9286,0.059369
3070.1616,0.059416
3070.3945,0.059477
3070.6275,0.059547
3070.8605,0.059622
3071.0934,0.059699
3071.3264,0.059775
3071.5593,0.059845
3071.7923,0.059906
3072.0253,0.059949
3072.2582,0.059969
3072.4912,0.059962
3072.7241,0.059934
3072.9571,0.059893
3073.1900,0.059853
3073.4230,0.059823
3073.6560,0.059800
3073.8889,0.059772
3074.1219,0.059716
3074.3548,0.059610
3074.5878,0.059439
3074.8208,0.059203
3075.0537,0.058913
3075.2867,0.058591
3075.5196,0.058259
3075.7526,0.057934
3075.9856,0.057625
3076.2185,0.057334
3076.4515,0.057058
3076.6844,0.056796
3076.9174,0.056546
3077.1503,0.056305
3077.3833,0.056070
3077.6163,0.055831
3077.8492,0.055580
3078.0822,0.055311
3078.3151,0.055025
3078.5481,0.054728
3078.7811,0.054432
3079.0140,0.054149
3079.2470,0.053885
3079.4799,0.053636
3079.7129,0.053398
3079.9458,0.053163
3080.1788,0.052931
3080.4118,0.052711
3080.6447,0.052515
3080.8777,0.052354
3081.1106,0.052233
3081.3436,0.052141
3081.5766,0.052064
3081.8095,0.051979
3082.0425,0.051874
3082.2754,0.051744
3082.5084,0.051601
3082.7413,0.051460
3082.9743,0.051339
3083.2073,0.051247
3083.4402,0.051183
3083.6732,0.051137
3083.9061,0.051095
3084.1391,0.051045
3084.3721,0.050982
3084.6050,0.050907
3084.8380,0.050827
3085.0709,0.050748
3085.3039,0.050674
3085.5369,0.050608
3085.7698,0.050553
3086.0028,0.050509
3086.2357,0.050478
3086.4687,0.050462
3086.7016,0.050456
3086.9346,0.050455
3087.1676,0.050449
3087.4005,0.050430
3087.6335,0.050392
3087.8664,0.050337
3088.0994,0.050271
3088.3324,0.050202
3088.5653,0.050137
3088.7983,0.050078
3089.0312,0.050024
3089.2642,0.049972
3089.4971,0.049919
3089.7301,0.049866
3089.9631,0.049816
3090.1960,0.049774
3090.4290,0.049741
3090.6619,0.049716
3090.8949,0.049697
3091.1279,0.049677
3091.3608,0.049656
3091.5938,0.049635
3091.8267,0.049620
3092.0597,0.049614
3092.2927,0.049620
3092.5256,0.049630
3092.7586,0.049637
3092.9915,0.049629
3093.2245,0.049601
3093.4574,0.049552
3093.6904,0.049490
3093.9234,0.049426
3094.1563,0.049368
3094.3893,0.049321
3094.6222,0.049282
3094.8552,0.049245
3095.0882,0.049204
3095.3211,0.049155
3095.5541,0.049100
3095.7870,0.049042
3096.0200,0.048988
3096.2529,0.048940
3096.4859,0.048898
3096.7189,0.048861
3096.9518,0.048826
3097.1848,0.048791
3097.4177,0.048760
3097.6507,0.048734
3097.8837,0.048716
3098.1166,0.048708
3098.3496,0.048707
3098.5825,0.048708
3098.8155,0.048707
3099.0485,0.048701
3099.2814,0.048688
3099.5144,0.048670
3099.7473,0.048648
3099.9803,0.048625
3100.2132,0.048602
3100.4462,0.048583
3100.6792,0.048570
3100.9121,0.048565
3101.1451,0.048567
3101.3780,0.048573
3101.6110,0.048576
3101.8440,0.048566
3102.0769,0.048537
3102.3099,0.048485
3102.5428,0.048413
3102.7758,0.048328
3103.0087,0.048241
3103.2417,0.048158
3103.4747,0.048085
3103.7076,0.048020
3103.9406,0.047961
3104.1735,0.047903
3104.4065,0.047847
3104.6395,0.047794
3104.8724,0.047747
3105.1054,0.047708
3105.3383,0.047675
3105.5713,0.047644
3105.8043,0.047608
3106.0372,0.047565
3106.2702,0.047516
3106.5031,0.047466
3106.7361,0.047423
3106.9690,0.047390
3107.2020,0.047368
3107.4350,0.047355
3107.6679,0.047347
3107.9009,0.047341
3108.1338,0.047341
3108.3668,0.047352
3108.5998,0.047380
3108.8327,0.047426
3109.0657,0.047485
3109.2986,0.047543
3109.5316,0.047585
3109.7645,0.047597
3109.9975,0.047573
3110.2305,0.047514
3110.4634,0.047430
3110.6964,0.047332
3110.9293,0.047232
3111.1623,0.047135
3111.3953,0.047046
3111.6282,0.046968
3111.8612,0.046905
3112.0941,0.046861
3112.3271,0.046840
3112.5601,0.046842
3112.7930,0.046860
3113.0260,0.046883
3113.2589,0.046896
3113.4919,0.046890
3113.7248,0.046862
3113.9578,0.046817
3114.1908,0.046768
3114.4237,0.046729
3114.6567,0.046711
3114.8896,0.046718
3115.1226,0.046747
3115.3556,0.046791
3115.5885,0.046842
3115.8215,0.046891
3116.0544,0.046935
3116.2874,0.046968
3116.5203,0.046989
3116.7533,0.046995
3116.9863,0.046986
3117.2192,0.046965
3117.4522,0.046940
3117.6851,0.046918
3117.9181,0.046906
3118.1511,0.046908
3118.3840,0.046918
3118.6170,0.046929
3118.8499,0.046933
3119.0829,0.046924
3119.3159,0.046905
3119.5488,0.046882
3119.7818,0.046864
3120.0147,0.046856
3120.2477,0.046858
3120.4806,0.046864
3120.7136,0.046867
3120.9466,0.046862
3121.1795,0.046851
3121.4125,0.046838
3121.6454,0.046832
3121.8784,0.046835
3122.1114,0.046844
3122.3443,0.046849
3122.5773,0.046839
3122.8102,0.046804
3123.0432,0.046744
3123.2761,0.046666
3123.5091,0.046583
3123.7421,0.046505
3123.9750,0.046437
3124.2080,0.046377
3124.4409,0.046316
3124.6739,0.046246
3124.9069,0.046168
3125.1398,0.046086
3125.3728,0.046012
3125.6057,0.045956
3125.8387,0.045924
3126.0717,0.045912
3126.3046,0.045911
3126.5376,0.045911
3126.7705,0.045903
3127.0035,0.045887
3127.2364,0.045867
3127.4694,0.045851
3127.7024,0.045842
3127.9353,0.045841
3128.1683,0.045840
3128.4012,0.045834
3128.6342,0.045817
3128.8672,0.045787
3129.1001,0.045749
3129.3331,0.045707
3129.5660,0.045664
3129.7990,0.045625
3130.0319,0.045587
3130.2649,0.045553
3130.4979,0.045525
3130.7308,0.045505
3130.9638,0.045498
3131.1967,0.045502
3131.4297,0.045512
3131.6627,0.045520
3131.8956,0.045517
3132.1286,0.045495
3132.3615,0.045458
3132.5945,0.045413
3132.8275,0.045373
3133.0604,0.045346
3133.2934,0.045335
3133.5263,0.045337
3133.7593,0.045338
3133.9922,0.045329
3134.2252,0.045300
3134.4582,0.045252
3134.6911,0.045189
3134.9241,0.045120
3135.1570,0.045051
3135.3900,0.044986
3135.6230,0.044924
3135.8559,0.044865
3136.0889,0.044810
3136.3218,0.044762
3136.5548,0.044726
3136.7877,0.044706
3137.0207,0.044702
3137.2537,0.044709
3137.4866,0.044720
3137.7196,0.044727
3137.9525,0.044727
3138.1855,0.044721
3138.4185,0.044714
3138.6514,0.044713
3138.8844,0.044722
3139.1173,0.044742
3139.3503,0.044771
3139.5833,0.044807
3139.8162,0.044846
3140.0492,0.044884
3140.2821,0.044919
3140.5151,0.044946
3140.7480,0.044959
3140.9810,0.044952
3141.2140,0.044922
3141.4469,0.044870
3141.6799,0.044803
3141.9128,0.044732
3142.1458,0.044668
3142.3788,0.044618
3142.6117,0.044582
3142.8447,0.044553
3143.0776,0.044526
3143.3106,0.044494
3143.5435,0.044455
3143.7765,0.044413
3144.0095,0.044370
3144.2424,0.044327
3144.4754,0.044279
3144.7083,0.044219
3144.9413,0.044139
3145.1743,0.044034
3145.4072,0.043911
3145.6402,0.043782
3145.8731,0.043663
3146.1061,0.043568
3146.3391,0.043504
3146.5720,0.043469
3146.8050,0.043456
3147.0379,0.043457
3147.2709,0.043465
3147.5038,0.043478
3147.7368,0.043495
3147.9698,0.043516
3148.2027,0.043538
3148.4357,0.043558
3148.6686,0.043569
3148.9016,0.043568
3149.1346,0.043554
3149.3675,0.043533
3149.6005,0.043507
3149.8334,0.043480
3150.0664,0.043448
3150.2993,0.043406
3150.5323,0.043351
3150.7653,0.043283
3150.9982,0.043210
3151.2312,0.043146
3151.4641,0.043107
3151.6971,0.043105
3151.9301,0.043143
3152.1630,0.043217
3152.3960,0.043316
3152.6289,0.043425
3152.8619,0.043534
3153.0949,0.043634
3153.3278,0.043721
3153.5608,0.043791
3153.7937,0.043841
3154.0267,0.043866
3154.2596,0.043866
3154.4926,0.043845
3154.7256,0.043811
3154.9585,0.043777
3155.1915,0.043751
3155.4244,0.043736
3155.6574,0.043727
3155.8904,0.043710
3156.1233,0.043672
3156.3563,0.043604
3156.5892,0.043511
3156.8222,0.043406
3157.0551,0.043310
3157.2881,0.043240
3157.5211,0.043204
3157.7540,0.043197
3157.9870,0.043205
3158.2199,0.043211
3158.4529,0.043198
3158.6859,0.043161
3158.9188,0.043103
3159.1518,0.043034
3159.3847,0.042969
3159.6177,0.042919
3159.8507,0.042893
3160.0836,0.042890
3160.3166,0.042908
3160.5495,0.042937
3160.7825,0.042964
3161.0154,0.042976
3161.2484,0.042962
3161.4814,0.042919
3161.7143,0.042852
3161.9473,0.042778
3162.1802,0.042718
3162.4132,0.042694
3162.6462,0.042719
3162.8791,0.042790
3163.1121,0.042889
3163.3450,0.042989
3163.5780,0.043059
3163.8109,0.043081
3164.0439,0.043050
3164.2769,0.042976
3164.5098,0.042880
3164.7428,0.042785
3164.9757,0.042704
3165.2087,0.042645
3165.4417,0.042603
3165.6746,0.042575
3165.9076,0.042555
3166.1405,0.042545
3166.3735,0.042546
3166.6065,0.042561
3166.8394,0.042585
3167.0724,0.042611
3167.3053,0.042628
3167.5383,0.042627
3167.7712,0.042605
3168.0042,0.042566
3168.2372,0.042520
3168.4701,0.042476
3168.7031,0.042442
3168.9360,0.042419
3169.1690,0.042404
3169.4020,0.042389
3169.6349,0.042369
3169.8679,0.042342
3170.1008,0.042307
3170.3338,0.042266
3170.5667,0.042223
3170.7997,0.042184
3171.0327,0.042153
3171.2656,0.042134
3171.4986,0.042133
3171.7315,0.042149
3171.9645,0.042178
3172.1975,0.042211
3172.4304,0.042234
3172.6634,0.042237
3172.8963,0.042215
3173.1293,0.042172
3173.3623,0.042125
3173.5952,0.042089
3173.8282,0.042077
3174.0611,0.042092
3174.2941,0.042124
3174.5270,0.042154
3174.7600,0.042164
3174.9930,0.042143
3175.2259,0.042093
3175.4589,0.042029
3175.6918,0.041971
3175.9248,0.041938
3176.1578,0.041938
3176.3907,0.041971
3176.6237,0.042025
3176.8566,0.042087
3177.0896,0.042148
3177.3225,0.042202
3177.5555,0.042246
3177.7885,0.042280
3178.0214,0.042302
3178.2544,0.042309
3178.4873,0.042297
3178.7203,0.042268
3178.9533,0.042226
3179.1862,0.042181
3179.4192,0.042146
3179.6521,0.042126
3179.8851,0.042123
3180.1181,0.042128
3180.3510,0.042134
3180.5840,0.042132
3180.8169,0.042120
3181.0499,0.042102
3181.2828,0.042083
3181.5158,0.042070
3181.7488,0.042063
3181.9817,0.042059
3182.2147,0.042055
3182.4476,0.042046
3182.6806,0.042035
3182.9136,0.042027
3183.1465,0.042028
3183.3795,0.042042
3183.6124,0.042068
3183.8454,0.042099
3184.0783,0.042129
3184.3113,0.042150
3184.5443,0.042162
3184.7772,0.042164
3185.0102,0.042159
3185.2431,0.042147
3185.4761,0.042128
3185.7091,0.042097
3185.9420,0.042053
3186.1750,0.041996
3186.4079,0.041936
3186.6409,0.041882
3186.8739,0.041843
3187.1068,0.041822
3187.3398,0.041815
3187.5727,0.041812
3187.8057,0.041802
3188.0386,0.041783
3188.2716,0.041754
3188.5046,0.041725
3188.7375,0.041705
3188.9705,0.041701
3189.2034,0.041712
3189.4364,0.041732
3189.6694,0.041752
3189.9023,0.041766
3190.1353,0.041771
3190.3682,0.041771
3190.6012,0.041769
3190.8341,0.041768
3191.0671,0.041765
3191.3001,0.041756
3191.5330,0.041734
3191.7660,0.041699
3191.9989,0.041657
3192.2319,0.041618
3192.4649,0.041591
3192.6978,0.041584
3192.9308,0.041598
3193.1637,0.041631
3193.3967,0.041676
3193.6297,0.041728
3193.8626,0.041786
3194.0956,0.041847
3194.3285,0.041904
3194.5615,0.041948
3194.7944,0.041965
3195.0274,0.041944
3195.2604,0.041881
3195.4933,0.041784
3195.7263,0.041676
3195.9592,0.041582
3196.1922,0.041524
3196.4252,0.041511
3196.6581,0.041532
3196.8911,0.041568
3197.1240,0.041591
3197.3570,0.041582
3197.5899,0.041535
3197.8229,0.041460
3198.0559,0.041375
3198.2888,0.041298
3198.5218,0.041241
3198.7547,0.041205
3198.9877,0.041185
3199.2207,0.041175
3199.4536,0.041170
3199.6866,0.041173
3199.9195,0.041187
3200.1525,0.041214
3200.3855,0.041250
3200.6184,0.041283
3200.8514,0.041301
3201.0843,0.041296
3201.3173,0.041267
3201.5502,0.041221
3201.7832,0.041171
3202.0162,0.041130
3202.2491,0.041103
3202.4821,0.041091
3202.7150,0.041087
3202.9480,0.041085
3203.1810,0.041083
3203.4139,0.041083
3203.6469,0.041089
3203.8798,0.041106
3204.1128,0.041131
3204.3457,0.041160
3204.5787,0.041181
3204.8117,0.041185
3205.0446,0.041166
3205.2776,0.041121
3205.5105,0.041053
3205.7435,0.040965
3205.9765,0.040862
3206.2094,0.040748
3206.4424,0.040633
3206.6753,0.040529
3206.9083,0.040450
3207.1413,0.040409
3207.3742,0.040409
3207.6072,0.040447
3207.8401,0.040505
3208.0731,0.040563
3208.3060,0.040598
3208.5390,0.040598
3208.7720,0.040562
3209.0049,0.040500
3209.2379,0.040426
3209.4708,0.040355
3209.7038,0.040297
3209.9368,0.040256
3210.1697,0.040234
3210.4027,0.040233
3210.6356,0.040253
3210.8686,0.040294
3211.1015,0.040352
3211.3345,0.040417
3211.5675,0.040472
3211.8004,0.040503
3212.0334,0.040498
3212.2663,0.040461
3212.4993,0.040404
3212.7323,0.040345
3212.9652,0.040302
3213.1982,0.040282
3213.4311,0.040280
3213.6641,0.040281
3213.8971,0.040272
3214.1300,0.040244
3214.3630,0.040199
3214.5959,0.040151
3214.8289,0.040113
3215.0618,0.040092
3215.2948,0.040085
3215.5278,0.040081
3215.7607,0.040064
3215.9937,0.040024
3216.2266,0.039964
3216.4596,0.039892
3216.6926,0.039825
3216.9255,0.039774
3217.1585,0.039742
3217.3914,0.039722
3217.6244,0.039704
3217.8573,0.039681
3218.0903,0.039651
3218.3233,0.039624
3218.5562,0.039611
3218.7892,0.039619
3219.0221,0.039649
3219.2551,0.039689
3219.4881,0.039722
3219.7210,0.039735
3219.9540,0.039719
3220.1869,0.039677
3220.4199,0.039622
3220.6528,0.039566
3220.8858,0.039522
3221.1188,0.039496
3221.3517,0.039488
3221.5847,0.039497
3221.8176,0.039520
3222.0506,0.039552
3222.2836,0.039589
3222.5165,0.039619
3222.7495,0.039633
3222.9824,0.039619
3223.2154,0.039572
3223.4484,0.039497
3223.6813,0.039411
3223.9143,0.039333
3224.1472,0.039283
3224.3802,0.039268
3224.6131,0.039283
3224.8461,0.039309
3225.0791,0.039324
3225.3120,0.039310
3225.5450,0.039260
3225.7779,0.039182
3226.0109,0.039090
3226.2439,0.038999
3226.4768,0.038920
3226.7098,0.038856
3226.9427,0.038803
3227.1757,0.038759
3227.4086,0.038725
3227.6416,0.038706
3227.8746,0.038712
3228.1075,0.038744
3228.3405,0.038799
3228.5734,0.038864
3228.8064,0.038918
3229.0394,0.038945
3229.2723,0.038936
3229.5053,0.038892
3229.7382,0.038825
3229.9712,0.038754
3230.2042,0.038696
3230.4371,0.038661
3230.6701,0.038651
3230.9030,0.038664
3231.1360,0.038688
3231.3689,0.038713
3231.6019,0.038729
3231.8349,0.038728
3232.0678,0.038709
3232.3008,0.038678
3232.5337,0.038647
3232.7667,0.038630
3232.9997,0.038644
3233.2326,0.038697
3233.4656,0.038783
3233.6985,0.038887
3233.9315,0.038982
3234.1644,0.039043
3234.3974,0.039052
3234.6304,0.039008
3234.8633,0.038927
3235.0963,0.038834
3235.3292,0.038754
3235.5622,0.038705
3235.7952,0.038689
3236.0281,0.038692
3236.2611,0.038698
3236.4940,0.038690
3236.7270,0.038661
3236.9600,0.038616
3237.1929,0.038562
3237.4259,0.038513
3237.6588,0.038476
3237.8918,0.038450
3238.1247,0.038432
3238.3577,0.038418
3238.5907,0.038403
3238.8236,0.038389
3239.0566,0.038373
3239.2895,0.038355
3239.5225,0.038329
3239.7555,0.038291
3239.9884,0.038237
3240.2214,0.038170
3240.4543,0.038097
3240.6873,0.038031
3240.9202,0.037982
3241.1532,0.037954
3241.3862,0.037945
3241.6191,0.037949
3241.8521,0.037957
3242.0850,0.037966
3242.3180,0.037976
3242.5510,0.037991
3242.7839,0.038014
3243.0169,0.038042
3243.2498,0.038067
3243.4828,0.038080
3243.7158,0.038071
3243.9487,0.038040
3244.1817,0.037993
3244.4146,0.037941
3244.6476,0.037892
3244.8805,0.037851
3245.1135,0.037816
3245.3465,0.037782
3245.5794,0.037747
3245.8124,0.037714
3246.0453,0.037697
3246.2783,0.037707
3246.5113,0.037753
3246.7442,0.037828
3246.9772,0.037914
3247.2101,0.037989
3247.4431,0.038030
3247.6760,0.038029
3247.9090,0.037996
3248.1420,0.037952
3248.3749,0.037922
3248.6079,0.037925
3248.8408,0.037965
3249.0738,0.038029
3249.3068,0.038097
3249.5397,0.038147
3249.7727,0.038167
3250.0056,0.038153
3250.2386,0.038111
3250.4716,0.038050
3250.7045,0.037980
3250.9375,0.037907
3251.1704,0.037837
3251.4034,0.037776
3251.6363,0.037736
3251.8693,0.037725
3252.1023,0.037747
3252.3352,0.037795
3252.5682,0.037850
3252.8011,0.037887
3253.0341,0.037883
3253.2671,0.037824
3253.5000,0.037718
3253.7330,0.037585
3253.9659,0.037457
3254.1989,0.037362
3254.4318,0.037316
3254.6648,0.037322
3254.8978,0.037367
3255.1307,0.037432
3255.3637,0.037499
3255.5966,0.037557
3255.8296,0.037600
3256.0626,0.037628
3256.2955,0.037644
3256.5285,0.037648
3256.7614,0.037643
3256.9944,0.037631
3257.2274,0.037619
3257.4603,0.037614
3257.6933,0.037623
3257.9262,0.037647
3258.1592,0.037680
3258.3921,0.037711
3258.6251,0.037726
3258.8581,0.037717
3259.0910,0.037680
3259.3240,0.037619
3259.5569,0.037544
3259.7899,0.037462
3260.0229,0.037381
3260.2558,0.037301
3260.4888,0.037224
3260.7217,0.037152
3260.9547,0.037088
3261.1876,0.037041
3261.4206,0.037015
3261.6536,0.037010
3261.8865,0.037022
3262.1195,0.037040
3262.3524,0.037051
3262.5854,0.037049
3262.8184,0.037030
3263.0513,0.036997
3263.2843,0.036956
3263.5172,0.036909
3263.7502,0.036859
3263.9832,0.036807
3264.2161,0.036752
3264.4491,0.036698
3264.6820,0.036652
3264.9150,0.036622
3265.1479,0.036609
3265.3809,0.036610
3265.6139,0.036617
3265.8468,0.036615
3266.0798,0.036599
3266.3127,0.036568
3266.5457,0.036532
3266.7787,0.036509
3267.0116,0.036512
3267.2446,0.036545
3267.4775,0.036603
3267.7105,0.036667
3267.9434,0.036720
3268.1764,0.036747
3268.4094,0.036748
3268.6423,0.036730
3268.8753,0.036710
3269.1082,0.036700
3269.3412,0.036709
3269.5742,0.036733
3269.8071,0.036764
3270.0401,0.036793
3270.2730,0.036813
3270.5060,0.036826
3270.7390,0.036838
3270.9719,0.036857
3271.2049,0.036887
3271.4378,0.036928
3271.6708,0.036975
3271.9037,0.037023
3272.1367,0.037065
3272.3697,0.037098
3272.6026,0.037120
3272.8356,0.037134
3273.0685,0.037139
3273.3015,0.037138
3273.5345,0.037133
3273.7674,0.037126
3274.0004,0.037121
3274.2333,0.037120
3274.4663,0.037122
3274.6992,0.037121
3274.9322,0.037110
3275.1652,0.037081
3275.3981,0.037031
3275.6311,0.036963
3275.8640,0.036887
3276.0970,0.036815
3276.3300,0.036758
3276.5629,0.036723
3276.7959,0.036708
3277.0288,0.036709
3277.2618,0.036720
3277.4948,0.036734
3277.7277,0.036749
3277.9607,0.036763
3278.1936,0.036771
3278.4266,0.036768
3278.6595,0.036747
3278.8925,0.036701
3279.1255,0.036632
3279.3584,0.036549
3279.5914,0.036465
3279.8243,0.036399
3280.0573,0.036362
3280.2903,0.036358
3280.5232,0.036383
3280.7562,0.036425
3280.9891,0.036473
3281.2221,0.036519
3281.4550,0.036560
3281.6880,0.036599
3281.9210,0.036638
3282.1539,0.036677
3282.3869,0.036713
3282.6198,0.036744
3282.8528,0.036767
3283.0858,0.036784
3283.3187,0.036800
3283.5517,0.036818
3283.7846,0.036836
3284.0176,0.036846
3284.2506,0.036836
3284.4835,0.036793
3284.7165,0.036713
3284.9494,0.036603
3285.1824,0.036479
3285.4153,0.036364
3285.6483,0.036275
3285.8813,0.036220
3286.1142,0.036197
3286.3472,0.036196
3286.5801,0.036207
3286.8131,0.036221
3287.0461,0.036235
3287.2790,0.036248
3287.5120,0.036259
3287.7449,0.036261
3287.9779,0.036249
3288.2108,0.036218
3288.4438,0.036172
3288.6768,0.036127
3288.9097,0.036104
3289.1427,0.036122
3289.3756,0.036191
3289.6086,0.036301
3289.8416,0.036431
3290.0745,0.036549
3290.3075,0.036626
3290.5404,0.036650
3290.7734,0.036625
3291.0064,0.036571
3291.2393,0.036512
3291.4723,0.036467
3291.7052,0.036444
3291.9382,0.036441
3292.1711,0.036446
3292.4041,0.036452
3292.6371,0.036457
3292.8700,0.036466
3293.1030,0.036486
3293.3359,0.036525
3293.5689,0.036583
3293.8019,0.036655
3294.0348,0.036734
3294.2678,0.036811
3294.5007,0.036878
3294.7337,0.036929
3294.9666,0.036957
3295.1996,0.036953
3295.4326,0.036911
3295.6655,0.036828
3295.8985,0.036712
3296.1314,0.036583
3296.3644,0.036469
3296.5974,0.036397
3296.8303,0.036388
3297.0633,0.036442
3297.2962,0.036544
3297.5292,0.036664
3297.7622,0.036771
3297.9951,0.036842
3298.2281,0.036865
3298.4610,0.036843
3298.6940,0.036790
3298.9269,0.036719
3299.1599,0.036640
3299.3929,0.036560
3299.6258,0.036483
3299.8588,0.036413
3300.0917,0.036359
3300.3247,0.036328
3300.5577,0.036329
3300.7906,0.036363
3301.0236,0.036424
3301.2565,0.036503
3301.4895,0.036592
3301.7224,0.036683
3301.9554,0.036773
3302.1884,0.036860
3302.4213,0.036942
3302.6543,0.037014
3302.8872,0.037070
3303.1202,0.037103
3303.3532,0.037115
3303.5861,0.037112
3303.8191,0.037109
3304.0520,0.037117
3304.2850,0.037142
3304.5180,0.037181
3304.7509,0.037223
3304.9839,0.037253
3305.2168,0.037265
3305.4498,0.037265
3305.6827,0.037266
3305.9157,0.037290
3306.1487,0.037347
3306.3816,0.037439
3306.6146,0.037551
3306.8475,0.037657
3307.0805,0.037735
3307.3135,0.037770
3307.5464,0.037763
3307.7794,0.037729
3308.0123,0.037686
3308.2453,0.037654
3308.4782,0.037639
3308.7112,0.037643
3308.9442,0.037657
3309.1771,0.037674
3309.4101,0.037687
3309.6430,0.037692
3309.8760,0.037688
3310.1090,0.037673
3310.3419,0.037645
3310.5749,0.037606
3310.8078,0.037563
3311.0408,0.037527
3311.2738,0.037513
3311.5067,0.037530
3311.7397,0.037577
3311.9726,0.037640
3312.2056,0.037695
3312.4385,0.037720
3312.6715,0.037701
3312.9045,0.037642
3313.1374,0.037566
3313.3704,0.037502
3313.6033,0.037475
3313.8363,0.037499
3314.0693,0.037568
3314.3022,0.037660
3314.5352,0.037751
3314.7681,0.037819
3315.0011,0.037855
3315.2340,0.037858
3315.4670,0.037838
3315.7000,0.037801
3315.9329,0.037753
3316.1659,0.037699
3316.3988,0.037641
3316.6318,0.037589
3316.8648,0.037555
3317.0977,0.037550
3317.3307,0.037578
3317.5636,0.037633
3317.7966,0.037698
3318.0296,0.037755
3318.2625,0.037792
3318.4955,0.037810
3318.7284,0.037822
3318.9614,0.037848
3319.1943,0.037906
3319.4273,0.038000
3319.6603,0.038117
3319.8932,0.038235
3320.1262,0.038327
3320.3591,0.038376
3320.5921,0.038379
3320.8251,0.038343
3321.0580,0.038285
3321.2910,0.038218
3321.5239,0.038147
3321.7569,0.038074
3321.9898,0.037997
3322.2228,0.037921
3322.4558,0.037857
3322.6887,0.037824
3322.9217,0.037835
3323.1546,0.037898
3323.3876,0.038007
3323.6206,0.038146
3323.8535,0.038292
3324.0865,0.038427
3324.3194,0.038539
3324.5524,0.038627
3324.7854,0.038695
3325.0183,0.038747
3325.2513,0.038789
3325.4842,0.038823
3325.7172,0.038855
3325.9501,0.038889
3326.1831,0.038933
3326.4161,0.038990
3326.6490,0.039058
3326.8820,0.039124
3327.1149,0.039171
3327.3479,0.039182
3327.5809,0.039148
3327.8138,0.039078
3328.0468,0.038994
3328.2797,0.038926
3328.5127,0.038899
3328.7456,0.038925
3328.9786,0.039002
3329.2116,0.039110
3329.4445,0.039228
3329.6775,0.039334
3329.9104,0.039418
3330.1434,0.039478
3330.3764,0.039518
3330.6093,0.039542
3330.8423,0.039554
3331.0752,0.039556
3331.3082,0.039554
3331.5412,0.039557
3331.7741,0.039577
3332.0071,0.039622
3332.2400,0.039693
3332.4730,0.039778
3332.7059,0.039857
3332.9389,0.039913
3333.1719,0.039937
3333.4048,0.039934
3333.6378,0.039924
3333.8707,0.039933
3334.1037,0.039979
3334.3367,0.040064
3334.5696,0.040172
3334.8026,0.040279
3335.0355,0.040359
3335.2685,0.040400
3335.5014,0.040400
3335.7344,0.040373
3335.9674,0.040332
3336.2003,0.040285
3336.4333,0.040230
3336.6662,0.040165
3336.8992,0.040089
3337.1322,0.040015
3337.3651,0.039969
3337.5981,0.039977
3337.8310,0.040057
3338.0640,0.040207
3338.2970,0.040405
3338.5299,0.040613
3338.7629,0.040796
3338.9958,0.040928
3339.2288,0.041008
3339.4617,0.041050
3339.6947,0.041072
3339.9277,0.041089
3340.1606,0.041101
3340.3936,0.041099
3340.6265,0.041071
3340.8595,0.041017
3341.0925,0.040950
3341.3254,0.040896
3341.5584,0.040879
3341.7913,0.040916
3342.0243,0.041004
3342.2572,0.041125
3342.4902,0.041254
3342.7232,0.041371
3342.9561,0.041471
3343.1891,0.041563
3343.4220,0.041659
3343.6550,0.041768
3343.8880,0.041884
3344.1209,0.041989
3344.3539,0.042063
3344.5868,0.042091
3344.8198,0.042073
3345.0528,0.042028
3345.2857,0.041983
3345.5187,0.041962
3345.7516,0.041978
3345.9846,0.042026
3346.2175,0.042093
3346.4505,0.042161
3346.6835,0.042222
3346.9164,0.042273
3347.1494,0.042322
3347.3823,0.042373
3347.6153,0.042430
3347.8483,0.042487
3348.0812,0.042537
3348.3142,0.042577
3348.5471,0.042615
3348.7801,0.042662
3349.0130,0.042738
3349.2460,0.042853
3349.4790,0.043008
3349.7119,0.043192
3349.9449,0.043384
3350.1778,0.043562
3350.4108,0.043707
3350.6438,0.043813
3350.8767,0.043879
3351.1097,0.043909
3351.3426,0.043911
3351.5756,0.043891
3351.8086,0.043857
3352.0415,0.043822
3352.2745,0.043799
3352.5074,0.043800
3352.7404,0.043829
3352.9733,0.043882
3353.2063,0.043946
3353.4393,0.044009
3353.6722,0.044062
3353.9052,0.044110
3354.1381,0.044169
3354.3711,0.044256
3354.6041,0.044384
3354.8370,0.044547
3355.0700,0.044724
3355.3029,0.044881
3355.5359,0.044988
3355.7688,0.045032
3356.0018,0.045021
3356.2348,0.044984
3356.4677,0.044957
3356.7007,0.044966
3356.9336,0.045025
3357.1666,0.045125
3357.3996,0.045248
3357.6325,0.045371
3357.8655,0.045483
3358.0984,0.045581
3358.3314,0.045669
3358.5643,0.045754
3358.7973,0.045837
3359.0303,0.045916
3359.2632,0.045987
3359.4962,0.046053
3359.7291,0.046124
3359.9621,0.046218
3360.1951,0.046347
3360.4280,0.046513
3360.6610,0.046705
3360.8939,0.046899
3361.1269,0.047072
3361.3599,0.047214
3361.5928,0.047328
3361.8258,0.047434
3362.0587,0.047556
3362.2917,0.047709
3362.5246,0.047890
3362.7576,0.048076
3362.9906,0.048237
3363.2235,0.048344
3363.4565,0.048389
3363.6894,0.048382
3363.9224,0.048350
3364.1554,0.048326
3364.3883,0.048337
3364.6213,0.048391
3364.8542,0.048486
3365.0872,0.048610
3365.3201,0.048749
3365.5531,0.048897
3365.7861,0.049047
3366.0190,0.049198
3366.2520,0.049344
3366.4849,0.049477
3366.7179,0.049589
3366.9509,0.049675
3367.1838,0.049744
3367.4168,0.049809
3367.6497,0.049891
3367.8827,0.050003
3368.1157,0.050151
3368.3486,0.050326
3368.5816,0.050510
3368.8145,0.050683
3369.0475,0.050826
3369.2804,0.050934
3369.5134,0.051005
3369.7464,0.051048
3369.9793,0.051071
3370.2123,0.051084
3370.4452,0.051097
3370.6782,0.051123
3370.9112,0.051173
3371.1441,0.051259
3371.3771,0.051384
3371.6100,0.051543
3371.8430,0.051720
3372.0759,0.051893
3372.3089,0.052046
3372.5419,0.052167
3372.7748,0.052261
3373.0078,0.052342
3373.2407,0.052428
3373.4737,0.052535
3373.7067,0.052670
3373.9396,0.052830
3374.1726,0.053006
3374.4055,0.053191
3374.6385,0.053382
3374.8715,0.053577
3375.1044,0.053778
3375.3374,0.053981
3375.5703,0.054178
3375.8033,0.054359
3376.0362,0.054516
3376.2692,0.054649
3376.5022,0.054766
3376.7351,0.054881
3376.9681,0.055005
3377.2010,0.055145
3377.4340,0.055297
3377.6670,0.055452
3377.8999,0.055601
3378.1329,0.055744
3378.3658,0.055889
3378.5988,0.056050
3378.8317,0.056239
3379.0647,0.056457
3379.2977,0.056695
3379.5306,0.056936
3379.7636,0.057162
3379.9965,0.057365
3380.2295,0.057547
3380.4625,0.057725
3380.6954,0.057913
3380.9284,0.058121
3381.1613,0.058346
3381.3943,0.058575
3381.6273,0.058793
3381.8602,0.058988
3382.0932,0.059163
3382.3261,0.059328
3382.5591,0.059498
3382.7920,0.059684
3383.0250,0.059890
3383.2580,0.060112
3383.4909,0.060344
3383.7239,0.060586
3383.9568,0.060843
3384.1898,0.061125
3384.4228,0.061439
3384.6557,0.061783
3384.8887,0.062145
3385.1216,0.062502
3385.3546,0.062836
3385.5875,0.063137
3385.8205,0.063407
3386.0535,0.063659
3386.2864,0.063909
3386.5194,0.064164
3386.7523,0.064422
3386.9853,0.064674
3387.2183,0.064910
3387.4512,0.065126
3387.6842,0.065330
3387.9171,0.065535
3388.1501,0.065748
3388.3831,0.065970
3388.6160,0.066186
3388.8490,0.066380
3389.0819,0.066538
3389.3149,0.066669
3389.5478,0.066796
3389.7808,0.066958
3390.0138,0.067188
3390.2467,0.067501
3390.4797,0.067888
3390.7126,0.068320
3390.9456,0.068761
3391.1786,0.069183
3391.4115,0.069579
3391.6445,0.069959
3391.8774,0.070345
3392.1104,0.070749
3392.3433,0.071173
3392.5763,0.071602
3392.8093,0.072015
3393.0422,0.072399
3393.2752,0.072750
3393.5081,0.073083
3393.7411,0.073414
3393.9741,0.073758
3394.2070,0.074113
3394.4400,0.074466
3394.6729,0.074800
3394.9059,0.075107
3395.1389,0.075390
3395.3718,0.075665
3395.6048,0.075952
3395.8377,0.076258
3396.0707,0.076581
3396.3036,0.076901
3396.5366,0.077201
3396.7696,0.077476
3397.0025,0.077738
3397.2355,0.078014
3397.4684,0.078332
3397.7014,0.078706
3397.9344,0.079125
3398.1673,0.079552
3398.4003,0.079943
3398.6332,0.080260
3398.8662,0.080488
3399.0991,0.080639
3399.3321,0.080745
3399.5651,0.080840
3399.7980,0.080952
3400.0310,0.081093
3400.2639,0.081266
3400.4969,0.081467
3400.7299,0.081696
3400.9628,0.081950
3401.1958,0.082222
3401.4287,0.082496
3401.6617,0.082745
3401.8947,0.082937
3402.1276,0.083052
3402.3606,0.083090
3402.5935,0.083079
3402.8265,0.083061
3403.0594,0.083080
3403.2924,0.083165
3403.5254,0.083317
3403.7583,0.083516
3403.9913,0.083732
3404.2242,0.083940
3404.4572,0.084128
3404.6902,0.084296
3404.9231,0.084451
3405.1561,0.084589
3405.3890,0.084698
3405.6220,0.084758
3405.8549,0.084757
3406.0879,0.084703
3406.3209,0.084625
3406.5538,0.084562
3406.7868,0.084546
3407.0197,0.084580
3407.2527,0.084639
3407.4857,0.084675
3407.7186,0.084643
3407.9516,0.084526
3408.1845,0.084342
3408.4175,0.084141
3408.6505,0.083978
3408.8834,0.083891
3409.1164,0.083877
3409.3493,0.083902
3409.5823,0.083912
3409.8152,0.083864
3410.0482,0.083747
3410.2812,0.083584
3410.5141,0.083418
3410.7471,0.083287
3410.9800,0.083207
3411.2130,0.083160
3411.4460,0.083108
3411.6789,0.083008
3411.9119,0.082837
3412.1448,0.082597
3412.3778,0.082314
3412.6107,0.082022
3412.8437,0.081749
3413.0767,0.081506
3413.3096,0.081291
3413.5426,0.081097
3413.7755,0.080918
3414.0085,0.080755
3414.2415,0.080610
3414.4744,0.080482
3414.7074,0.080360
3414.9403,0.080228
3415.1733,0.080072
3415.4063,0.079891
3415.6392,0.079696
3415.8722,0.079509
3416.1051,0.079347
3416.3381,0.079214
3416.5710,0.079092
3416.8040,0.078951
3417.0370,0.078765
3417.2699,0.078529
3417.5029,0.078264
3417.7358,0.078014
3417.9688,0.077824
3418.2018,0.077723
3418.4347,0.077711
3418.6677,0.077755
3418.9006,0.077808
3419.1336,0.077827
3419.3665,0.077787
3419.5995,0.077692
3419.8325,0.077567
3420.0654,0.077438
3420.2984,0.077325
3420.5313,0.077232
3420.7643,0.077151
3420.9973,0.077071
3421.2302,0.076985
3421.4632,0.076893
3421.6961,0.076794
3421.9291,0.076688
3422.1621,0.076566
3422.3950,0.076420
3422.6280,0.076249
3422.8609,0.076066
3423.0939,0.075901
3423.3268,0.075791
3423.5598,0.075764
3423.7928,0.075827
3424.0257,0.075961
3424.2587,0.076125
3424.4916,0.076273
3424.7246,0.076368
3424.9576,0.076398
3425.1905,0.076370
3425.4235,0.076303
3425.6564,0.076217
3425.8894,0.076123
3426.1223,0.076022
3426.3553,0.075918
3426.5883,0.075821
3426.8212,0.075751
3427.0542,0.075733
3427.2871,0.075785
3427.5201,0.075903
3427.7531,0.076065
3427.9860,0.076231
3428.2190,0.076363
3428.4519,0.076440
3428.6849,0.076463
3428.9179,0.076453
3429.1508,0.076437
3429.3838,0.076433
3429.6167,0.076441
3429.8497,0.076452
3430.0826,0.076455
3430.3156,0.076451
3430.5486,0.076459
3430.7815,0.076504
3431.0145,0.076611
3431.2474,0.076782
3431.4804,0.076997
3431.7134,0.077216
3431.9463,0.077403
3432.1793,0.077535
3432.4122,0.077619
3432.6452,0.077681
3432.8781,0.077754
3433.1111,0.077857
3433.3441,0.077986
3433.5770,0.078113
3433.8100,0.078207
3434.0429,0.078247
3434.2759,0.078239
3434.5089,0.078208
3434.7418,0.078191
3434.9748,0.078220
3435.2077,0.078302
3435.4407,0.078428
3435.6737,0.078574
3435.9066,0.078722
3436.1396,0.078863
3436.3725,0.079003
3436.6055,0.079156
3436.8384,0.079325
3437.0714,0.079504
3437.3044,0.079676
3437.5373,0.079820
3437.7703,0.079927
3438.0032,0.080006
3438.2362,0.080077
3438.4692,0.080161
3438.7021,0.080273
3438.9351,0.080412
3439.1680,0.080568
3439.4010,0.080733
3439.6339,0.080911
3439.8669,0.081117
3440.0999,0.081376
3440.3328,0.081701
3440.5658,0.082083
3440.7987,0.082490
3441.0317,0.082875
3441.2647,0.083193
3441.4976,0.083428
3441.7306,0.083591
3441.9635,0.083722
3442.1965,0.083864
3442.4295,0.084047
3442.6624,0.084274
3442.8954,0.084522
3443.1283,0.084762
3443.3613,0.084973
3443.5942,0.085154
3443.8272,0.085321
3444.0602,0.085496
3444.2931,0.085684
3444.5261,0.085872
3444.7590,0.086032
3444.9920,0.086140
3445.2250,0.086187
3445.4579,0.086195
3445.6909,0.086204
3445.9238,0.086256
3446.1568,0.086371
3446.3897,0.086540
3446.6227,0.086727
3446.8557,0.086886
3447.0886,0.086985
3447.3216,0.087017
3447.5545,0.087000
3447.7875,0.086960
3448.0205,0.086914
3448.2534,0.086858
3448.4864,0.086769
3448.7193,0.086621
3448.9523,0.086402
3449.1853,0.086122
3449.4182,0.085809
3449.6512,0.085495
3449.8841,0.085194
3450.1171,0.084903
3450.3500,0.084602
3450.5830,0.084273
3450.8160,0.083912
3451.0489,0.083535
3451.2819,0.083168
3451.5148,0.082828
3451.7478,0.082510
3451.9808,0.082181
3452.2137,0.081797
3452.4467,0.081325
3452.6796,0.080763
3452.9126,0.080149
3453.1455,0.079542
3453.3785,0.078995
3453.6115,0.078533
3453.8444,0.078140
3454.0774,0.077766
3454.3103,0.077357
3454.5433,0.076882
3454.7763,0.076343
3455.0092,0.075776
3455.2422,0.075225
3455.4751,0.074720
3455.7081,0.074257
3455.9411,0.073807
3456.1740,0.073329
3456.4070,0.072801
3456.6399,0.072227
3456.8729,0.071637
3457.1058,0.071070
3457.3388,0.070549
3457.5718,0.070066
3457.8047,0.069589
3458.0377,0.069075
3458.2706,0.068498
3458.5036,0.067864
3458.7366,0.067208
3458.9695,0.066578
3459.2025,0.066011
3459.4354,0.065517
3459.6684,0.065073
3459.9013,0.064641
3460.1343,0.064185
3460.3673,0.063689
3460.6002,0.063163
3460.8332,0.062636
3461.0661,0.062140
3461.2991,0.061693
3461.5321,0.061298
3461.7650,0.060944
3461.9980,0.060614
3462.2309,0.060297
3462.4639,0.059991
3462.6969,0.059695
3462.9298,0.059401
3463.1628,0.059098
3463.3957,0.058766
3463.6287,0.058389
3463.8616,0.057965
3464.0946,0.057507
3464.3276,0.057039
3464.5605,0.056587
3464.7935,0.056165
3465.0264,0.055771
3465.2594,0.055389
3465.4924,0.055000
3465.7253,0.054594
3465.9583,0.054169
3466.1912,0.053735
3466.4242,0.053302
3466.6571,0.052873
3466.8901,0.052445
3467.1231,0.052016
3467.3560,0.051587
3467.5890,0.051177
3467.8219,0.050812
3468.0549,0.050519
3468.2879,0.050310
3468.5208,0.050172
3468.7538,0.050068
3468.9867,0.049955
3469.2197,0.049794
3469.4527,0.049573
3469.6856,0.049306
3469.9186,0.049029
3470.1515,0.048773
3470.3845,0.048558
3470.6174,0.048377
3470.8504,0.048207
3471.0834,0.048019
3471.3163,0.047800
3471.5493,0.047556
3471.7822,0.047310
3472.0152,0.047091
3472.2482,0.046917
3472.4811,0.046783
3472.7141,0.046666
3472.9470,0.046536
3473.1800,0.046367
3473.4129,0.046151
3473.6459,0.045898
3473.8789,0.045629
3474.1118,0.045367
3474.3448,0.045125
3474.5777,0.044905
3474.8107,0.044707
3475.0437,0.044530
3475.2766,0.044377
3475.5096,0.044251
3475.7425,0.044153
3475.9755,0.044070
3476.2085,0.043979
3476.4414,0.043852
3476.6744,0.043673
3476.9073,0.043440
3477.1403,0.043177
3477.3732,0.042920
3477.6062,0.042707
3477.8392,0.042559
3478.0721,0.042474
3478.3051,0.042427
3478.5380,0.042382
3478.7710,0.042303
3479.0040,0.042167
3479.2369,0.041972
3479.4699,0.041732
3479.7028,0.041473
3479.9358,0.041221
3480.1687,0.041001
3480.4017,0.040831
3480.6347,0.040721
3480.8676,0.040672
3481.1006,0.040673
3481.3335,0.040699
3481.5665,0.040717
3481.7995,0.040689
3482.0324,0.040592
3482.2654,0.040420
3482.4983,0.040192
3482.7313,0.039948
3482.9643,0.039735
3483.1972,0.039589
3483.4302,0.039528
3483.6631,0.039541
3483.8961,0.039602
3484.1290,0.039676
3484.3620,0.039738
3484.5950,0.039770
3484.8279,0.039772
3485.0609,0.039747
3485.2938,0.039702
3485.5268,0.039642
3485.7598,0.039573
3485.9927,0.039502
3486.2257,0.039442
3486.4586,0.039408
3486.6916,0.039409
3486.9245,0.039442
3487.1575,0.039493
3487.3905,0.039537
3487.6234,0.039553
3487.8564,0.039530
3488.0893,0.039473
3488.3223,0.039404
3488.5553,0.039343
3488.7882,0.039299
3489.0212,0.039263
3489.2541,0.039208
3489.4871,0.039103
3489.7201,0.038924
3489.9530,0.038676
3490.1860,0.038385
3490.4189,0.038096
3490.6519,0.037856
3490.8848,0.037694
3491.1178,0.037616
3491.3508,0.037607
3491.5837,0.037639
3491.8167,0.037680
3492.0496,0.037706
3492.2826,0.037703
3492.5156,0.037668
3492.7485,0.037603
3492.9815,0.037519
3493.2144,0.037430
3493.4474,0.037356
3493.6803,0.037318
3493.9133,0.037336
3494.1463,0.037415
3494.3792,0.037543
3494.6122,0.037692
3494.8451,0.037826
3495.0781,0.037912
3495.3111,0.037937
3495.5440,0.037910
3495.7770,0.037864
3496.0099,0.037838
3496.2429,0.037864
3496.4758,0.037953
3496.7088,0.038094
3496.9418,0.038255
3497.1747,0.038401
3497.4077,0.038502
3497.6406,0.038542
3497.8736,0.038521
3498.1066,0.038452
3498.3395,0.038354
3498.5725,0.038249
3498.8054,0.038165
3499.0384,0.038128
3499.2714,0.038165
3499.5043,0.038290
3499.7373,0.038500
3499.9702,0.038767
3500.2032,0.039046
3500.4361,0.039285
3500.6691,0.039449
3500.9021,0.039529
3501.1350,0.039552
3501.3680,0.039573
3501.6009,0.039650
3501.8339,0.039824
3502.0669,0.040103
3502.2998,0.040463
3502.5328,0.040857
3502.7657,0.041239
3502.9987,0.041579
3503.2316,0.041867
3503.4646,0.042113
3503.6976,0.042326
3503.9305,0.042507
3504.1635,0.042642
3504.3964,0.042711
3504.6294,0.042707
3504.8624,0.042648
3505.0953,0.042578
3505.3283,0.042558
3505.5612,0.042640
3505.7942,0.042854
3506.0272,0.043192
3506.2601,0.043615
3506.4931,0.044072
3506.7260,0.044512
3506.9590,0.044903
3507.1919,0.045236
3507.4249,0.045518
3507.6579,0.045760
3507.8908,0.045974
3508.1238,0.046164
3508.3567,0.046335
3508.5897,0.046498
3508.8227,0.046677
3509.0556,0.046904
3509.2886,0.047204
3509.5215,0.047590
3509.7545,0.048052
3509.9874,0.048554
3510.2204,0.049047
3510.4534,0.049482
3510.6863,0.049823
3510.9193,0.050056
3511.1522,0.050191
3511.3852,0.050250
3511.6182,0.050266
3511.8511,0.050271
3512.0841,0.050297
3512.3170,0.050373
3512.5500,0.050525
3512.7830,0.050767
3513.0159,0.051095
3513.2489,0.051488
3513.4818,0.051906
3513.7148,0.052302
3513.9477,0.052633
3514.1807,0.052877
3514.4137,0.053030
3514.6466,0.053115
3514.8796,0.053163
3515.1125,0.053209
3515.3455,0.053277
3515.5785,0.053383
3515.8114,0.053531
3516.0444,0.053717
3516.2773,0.053934
3516.5103,0.054167
3516.7432,0.054399
3516.9762,0.054606
3517.2092,0.054767
3517.4421,0.054868
3517.6751,0.054908
3517.9080,0.054900
3518.1410,0.054863
3518.3740,0.054818
3518.6069,0.054769
3518.8399,0.054707
3519.0728,0.054610
3519.3058,0.054455
3519.5388,0.054232
3519.7717,0.053951
3520.0047,0.053636
3520.2376,0.053317
3520.4706,0.053014
3520.7035,0.052727
3520.9365,0.052437
3521.1695,0.052117
3521.4024,0.051743
3521.6354,0.051310
3521.8683,0.050827
3522.1013,0.050316
3522.3343,0.049796
3522.5672,0.049280
3522.8002,0.048771
3523.0331,0.048269
3523.2661,0.047777
3523.4990,0.047306
3523.7320,0.046868
3523.9650,0.046465
3524.1979,0.046083
3524.4309,0.045686
3524.6638,0.045230
3524.8968,0.044678
3525.1298,0.044017
3525.3627,0.043265
3525.5957,0.042467
3525.8286,0.041674
3526.0616,0.040928
3526.2946,0.040249
3526.5275,0.039634
3526.7605,0.039067
3526.9934,0.038535
3527.2264,0.038029
3527.4593,0.037548
3527.6923,0.037090
3527.9253,0.036647
3528.1582,0.036201
3528.3912,0.035729
3528.6241,0.035218
3528.8571,0.034673
3529.0901,0.034121
3529.3230,0.033601
3529.5560,0.033142
3529.7889,0.032754
3530.0219,0.032420
3530.2548,0.032101
3530.4878,0.031758
3530.7208,0.031364
3530.9537,0.030922
3531.1867,0.030457
3531.4196,0.030005
3531.6526,0.029596
3531.8856,0.029241
3532.1185,0.028933
3532.3515,0.028654
3532.5844,0.028387
3532.8174,0.028126
3533.0504,0.027872
3533.2833,0.027632
3533.5163,0.027406
3533.7492,0.027180
3533.9822,0.026936
3534.2151,0.026653
3534.4481,0.026325
3534.6811,0.025965
3534.9140,0.025601
3535.1470,0.025272
3535.3799,0.025006
3535.6129,0.024817
3535.8459,0.024700
3536.0788,0.024635
3536.3118,0.024602
3536.5447,0.024585
3536.7777,0.024574
3537.0106,0.024562
3537.2436,0.024539
3537.4766,0.024490
3537.7095,0.024397
3537.9425,0.024243
3538.1754,0.024028
3538.4084,0.023766
3538.6414,0.023489
3538.8743,0.023232
3539.1073,0.023025
3539.3402,0.022883
3539.5732,0.022803
3539.8062,0.022768
3540.0391,0.022756
3540.2721,0.022745
3540.5050,0.022718
3540.7380,0.022665
3540.9709,0.022583
3541.2039,0.022473
3541.4369,0.022342
3541.6698,0.022201
3541.9028,0.022063
3542.1357,0.021943
3542.3687,0.021852
3542.6017,0.021790
3542.8346,0.021750
3543.0676,0.021719
3543.3005,0.021684
3543.5335,0.021643
3543.7664,0.021598
3543.9994,0.021561
3544.2324,0.021539
3544.4653,0.021531
3544.6983,0.021522
3544.9312,0.021493
3545.1642,0.021429
3545.3972,0.021330
3545.6301,0.021220
3545.8631,0.021135
3546.0960,0.021112
3546.3290,0.021170
3546.5620,0.021299
3546.7949,0.021461
3547.0279,0.021606
3547.2608,0.021689
3547.4938,0.021688
3547.7267,0.021610
3547.9597,0.021483
3548.1927,0.021338
3548.4256,0.021196
3548.6586,0.021062
3548.8915,0.020924
3549.1245,0.020769
3549.3575,0.020593
3549.5904,0.020407
3549.8234,0.020236
3550.0563,0.020105
3550.2893,0.020025
3550.5222,0.019993
3550.7552,0.019989
3550.9882,0.019985
3551.2211,0.019958
3551.4541,0.019901
3551.6870,0.019821
3551.9200,0.019738
3552.1530,0.019675
3552.3859,0.019649
3552.6189,0.019668
3552.8518,0.019730
3553.0848,0.019826
3553.3178,0.019944
3553.5507,0.020067
3553.7837,0.020177
3554.0166,0.020253
3554.2496,0.020275
3554.4825,0.020234
3554.7155,0.020131
3554.9485,0.019982
3555.1814,0.019814
3555.4144,0.019658
3555.6473,0.019538
3555.8803,0.019466
3556.1133,0.019439
3556.3462,0.019444
3556.5792,0.019465
3556.8121,0.019492
3557.0451,0.019518
3557.2780,0.019539
3557.5110,0.019552
3557.7440,0.019549
3557.9769,0.019521
3558.2099,0.019463
3558.4428,0.019378
3558.6758,0.019283
3558.9088,0.019202
3559.1417,0.019160
3559.3747,0.019170
3559.6076,0.019227
3559.8406,0.019313
3560.0736,0.019405
3560.3065,0.019481
3560.5395,0.019535
3560.7724,0.019568
3561.0054,0.019591
3561.2383,0.019608
3561.4713,0.019614
3561.7043,0.019595
3561.9372,0.019534
3562.1702,0.019425
3562.4031,0.019280
3562.6361,0.019123
3562.8691,0.018986
3563.1020,0.018896
3563.3350,0.018863
3563.5679,0.018881
3563.8009,0.018935
3564.0338,0.019009
3564.2668,0.019096
3564.4998,0.019196
3564.7327,0.019317
3564.9657,0.019459
3565.1986,0.019609
3565.4316,0.019742
3565.6646,0.019831
3565.8975,0.019859
3566.1305,0.019827
3566.3634,0.019761
3566.5964,0.019698
3566.8294,0.019675
3567.0623,0.019712
3567.2953,0.019803
3567.5282,0.019924
3567.7612,0.020042
3567.9941,0.020135
3568.2271,0.020201
3568.4601,0.020256
3568.6930,0.020321
3568.9260,0.020405
3569.1589,0.020503
3569.3919,0.020588
3569.6249,0.020630
3569.8578,0.020598
3570.0908,0.020480
3570.3237,0.020279
3570.5567,0.020014
3570.7896,0.019711
3571.0226,0.019396
3571.2556,0.019099
3571.4885,0.018848
3571.7215,0.018670
3571.9544,0.018583
3572.1874,0.018589
3572.4204,0.018670
3572.6533,0.018791
3572.8863,0.018907
3573.1192,0.018977
3573.3522,0.018982
3573.5852,0.018923
3573.8181,0.018825
3574.0511,0.018720
3574.2840,0.018637
3574.5170,0.018591
3574.7499,0.018582
3574.9829,0.018598
3575.2159,0.018627
3575.4488,0.018665
3575.6818,0.018714
3575.9147,0.018778
3576.1477,0.018855
3576.3807,0.018934
3576.6136,0.018992
3576.8466,0.019009
3577.0795,0.018972
3577.3125,0.018885
3577.5454,0.018768
3577.7784,0.018647
3578.0114,0.018546
3578.2443,0.018473
3578.4773,0.018422
3578.7102,0.018379
3578.9432,0.018334
3579.1762,0.018288
3579.4091,0.018251
3579.6421,0.018240
3579.8750,0.018268
3580.1080,0.018330
3580.3410,0.018412
3580.5739,0.018490
3580.8069,0.018547
3581.0398,0.018576
3581.2728,0.018587
3581.5057,0.018599
3581.7387,0.018624
3581.9717,0.018666
3582.2046,0.018710
3582.4376,0.018735
3582.6705,0.018722
3582.9035,0.018667
3583.1365,0.018579
3583.3694,0.018480
3583.6024,0.018391
3583.8353,0.018326
3584.0683,0.018286
3584.3012,0.018264
3584.5342,0.018253
3584.7672,0.018252
3585.0001,0.018266
3585.2331,0.018306
3585.4660,0.018375
3585.6990,0.018467
3585.9320,0.018568
3586.1649,0.018661
3586.3979,0.018744
3586.6308,0.018827
3586.8638,0.018941
3587.0968,0.019114
3587.3297,0.019362
3587.5627,0.019668
3587.7956,0.019980
3588.0286,0.020230
3588.2615,0.020359
3588.4945,0.020346
3588.7275,0.020221
3588.9604,0.020048
3589.1934,0.019900
3589.4263,0.019828
3589.6593,0.019842
3589.8923,0.019908
3590.1252,0.019967
3590.3582,0.019954
3590.5911,0.019829
3590.8241,0.019586
3591.0570,0.019256
3591.2900,0.018888
3591.5230,0.018535
3591.7559,0.018242
3591.9889,0.018036
3592.2218,0.017929
3592.4548,0.017918
3592.6878,0.017986
3592.9207,0.018110
3593.1537,0.018266
3593.3866,0.018436
3593.6196,0.018612
3593.8526,0.018791
3594.0855,0.018978
3594.3185,0.019170
3594.5514,0.019357
3594.7844,0.019517
3595.0173,0.019626
3595.2503,0.019663
3595.4833,0.019625
3595.7162,0.019532
3595.9492,0.019418
3596.1821,0.019324
3596.4151,0.019279
3596.6481,0.019283
3596.8810,0.019310
3597.1140,0.019314
3597.3469,0.019250
3597.5799,0.019098
3597.8128,0.018875
3598.0458,0.018626
3598.2788,0.018411
3598.5117,0.018285
3598.7447,0.018277
3598.9776,0.018385
3599.2106,0.018581
3599.4436,0.018820
3599.6765,0.019060
3599.9095,0.019263
3600.1424,0.019410
3600.3754,0.019492
3600.6084,0.019510
3600.8413,0.019470
3601.0743,0.019386
3601.3072,0.019281
3601.5402,0.019183
3601.7731,0.019121
3602.0061,0.019114
3602.2391,0.019158
3602.4720,0.019226
3602.7050,0.019276
3602.9379,0.019269
3603.1709,0.019184
3603.4039,0.019031
3603.6368,0.018847
3603.8698,0.018679
3604.1027,0.018565
3604.3357,0.018520
3604.5686,0.018533
3604.8016,0.018573
3605.0346,0.018607
3605.2675,0.018619
3605.5005,0.018609
3605.7334,0.018598
3605.9664,0.018606
3606.1994,0.018644
3606.4323,0.018706
3606.6653,0.018774
3606.8982,0.018830
3607.1312,0.018871
3607.3642,0.018908
3607.5971,0.018967
3607.8301,0.019066
3608.0630,0.019206
3608.2960,0.019355
3608.5289,0.019466
3608.7619,0.019491
3608.9949,0.019412
3609.2278,0.019253
3609.4608,0.019071
3609.6937,0.018937
3609.9267,0.018907
3610.1597,0.019003
3610.3926,0.019199
3610.6256,0.019436
3610.8585,0.019638
3611.0915,0.019742
3611.3244,0.019722
3611.5574,0.019586
3611.7904,0.019369
3612.0233,0.019114
3612.2563,0.018865
3612.4892,0.018666
3612.7222,0.018556
3612.9552,0.018574
3613.1881,0.018746
3613.4211,0.019072
3613.6540,0.019512
3613.8870,0.019987
3614.1200,0.020394
3614.3529,0.020635
3614.5859,0.020656
3614.8188,0.020462
3615.0518,0.020115
3615.2847,0.019711
3615.5177,0.019350
3615.7507,0.019103
3615.9836,0.019001
3616.2166,0.019024
3616.4495,0.019116
3616.6825,0.019206
3616.9155,0.019234
3617.1484,0.019174
3617.3814,0.019037
3617.6143,0.018864
3617.8473,0.018711
3618.0802,0.018634
3618.3132,0.018669
3618.5462,0.018825
3618.7791,0.019077
3619.0121,0.019371
3619.2450,0.019644
3619.4780,0.019843
3619.7110,0.019943
3619.9439,0.019953
3620.1769,0.019913
3620.4098,0.019872
3620.6428,0.019873
3620.8758,0.019937
3621.1087,0.020049
3621.3417,0.020171
3621.5746,0.020252
3621.8076,0.020256
3622.0405,0.020168
3622.2735,0.020004
3622.5065,0.019799
3622.7394,0.019591
3622.9724,0.019415
3623.2053,0.019287
3623.4383,0.019209
3623.6713,0.019174
3623.9042,0.019172
3624.1372,0.019197
3624.3701,0.019245
3624.6031,0.019315
3624.8360,0.019401
3625.0690,0.019492
3625.3020,0.019571
3625.5349,0.019622
3625.7679,0.019639
3626.0008,0.019629
3626.2338,0.019611
3626.4668,0.019610
3626.6997,0.019640
3626.9327,0.019703
3627.1656,0.019782
3627.3986,0.019848
3627.6316,0.019869
3627.8645,0.019831
3628.0975,0.019741
3628.3304,0.019630
3628.5634,0.019547
3628.7963,0.019545
3629.0293,0.019668
3629.2623,0.019941
3629.4952,0.020358
3629.7282,0.020883
3629.9611,0.021454
3630.1941,0.021995
3630.4271,0.022435
3630.6600,0.022722
3630.8930,0.022827
3631.1259,0.022747
3631.3589,0.022502
3631.5918,0.022129
3631.8248,0.021673
3632.0578,0.021182
3632.2907,0.020698
3632.5237,0.020256
3632.7566,0.019881
3632.9896,0.019589
3633.2226,0.019383
3633.4555,0.019262
3633.6885,0.019215
3633.9214,0.019229
3634.1544,0.019290
3634.3873,0.019380
3634.6203,0.019485
3634.8533,0.019589
3635.0862,0.019677
3635.3192,0.019733
3635.5521,0.019745
3635.7851,0.019709
3636.0181,0.019627
3636.2510,0.019511
3636.4840,0.019377
3636.7169,0.019242
3636.9499,0.019122
3637.1829,0.019025
3637.4158,0.018951
3637.6488,0.018893
3637.8817,0.018844
3638.1147,0.018795
3638.3476,0.018745
3638.5806,0.018700
3638.8136,0.018667
3639.0465,0.018655
3639.2795,0.018663
3639.5124,0.018687
3639.7454,0.018717
3639.9784,0.018743
3640.2113,0.018765
3640.4443,0.018789
3640.6772,0.018824
3640.9102,0.018879
3641.1431,0.018955
3641.3761,0.019042
3641.6091,0.019123
3641.8420,0.019181
3642.0750,0.019205
3642.3079,0.019197
3642.5409,0.019173
3642.7739,0.019155
3643.0068,0.019162
3643.2398,0.019206
3643.4727,0.019280
3643.7057,0.019372
3643.9387,0.019461
3644.1716,0.019532
3644.4046,0.019577
3644.6375,0.019597
3644.8705,0.019599
3645.1034,0.019587
3645.3364,0.019568
3645.5694,0.019543
3645.8023,0.019515
3646.0353,0.019490
3646.2682,0.019478
3646.5012,0.019493
3646.7342,0.019548
3646.9671,0.019658
3647.2001,0.019835
3647.4330,0.020091
3647.6660,0.020435
3647.8989,0.020868
3648.1319,0.021374
3648.3649,0.021909
3648.5978,0.022404
3648.8308,0.022781
3649.0637,0.022980
3649.2967,0.022979
3649.5297,0.022808
3649.7626,0.022535
3649.9956,0.022248
3650.2285,0.022032
3650.4615,0.021941
3650.6945,0.021982
3650.9274,0.022119
3651.1604,0.022292
3651.3933,0.022445
3651.6263,0.022549
3651.8592,0.022608
3652.0922,0.022643
3652.3252,0.022669
3652.5581,0.022679
3652.7911,0.022642
3653.0240,0.022514
3653.2570,0.022261
3653.4900,0.021881
3653.7229,0.021402
3653.9559,0.020882
3654.1888,0.020387
3654.4218,0.019970
3654.6547,0.019663
3654.8877,0.019470
3655.1207,0.019370
3655.3536,0.019331
3655.5866,0.019326
3655.8195,0.019342
3656.0525,0.019380
3656.2855,0.019453
3656.5184,0.019575
3656.7514,0.019751
3656.9843,0.019973
3657.2173,0.020218
3657.4503,0.020451
3657.6832,0.020632
3657.9162,0.020727
3658.1491,0.020713
3658.3821,0.020583
3658.6150,0.020350
3658.8480,0.020040
3659.0810,0.019693
3659.3139,0.019355
3659.5469,0.019071
3659.7798,0.018870
3660.0128,0.018767
3660.2458,0.018751
3660.4787,0.018797
3660.7117,0.018872
3660.9446,0.018948
3661.1776,0.019013
3661.4105,0.019067
3661.6435,0.019121
3661.8765,0.019179
3662.1094,0.019240
3662.3424,0.019291
3662.5753,0.019320
3662.8083,0.019321
3663.0413,0.019300
3663.2742,0.019274
3663.5072,0.019259
3663.7401,0.019265
3663.9731,0.019282
3664.2061,0.019289
3664.4390,0.019263
3664.6720,0.019188
3664.9049,0.019074
3665.1379,0.018946
3665.3708,0.018841
3665.6038,0.018791
3665.8368,0.018805
3666.0697,0.018873
3666.3027,0.018966
3666.5356,0.019056
3666.7686,0.019123
3667.0016,0.019170
3667.2345,0.019213
3667.4675,0.019270
3667.7004,0.019347
3667.9334,0.019436
3668.1663,0.019515
3668.3993,0.019563
3668.6323,0.019579
3668.8652,0.019584
3669.0982,0.019623
3669.3311,0.019746
3669.5641,0.019983
3669.7971,0.020327
3670.0300,0.020727
3670.2630,0.021107
3670.4959,0.021395
3670.7289,0.021559
3670.9619,0.021616
3671.1948,0.021626
3671.4278,0.021658
3671.6607,0.021759
3671.8937,0.021929
3672.1266,0.022120
3672.3596,0.022254
3672.5926,0.022260
3672.8255,0.022101
3673.0585,0.021785
3673.2914,0.021359
3673.5244,0.020884
3673.7574,0.020421
3673.9903,0.020019
3674.2233,0.019712
3674.4562,0.019519
3674.6892,0.019448
3674.9221,0.019496
3675.1551,0.019659
3675.3881,0.019933
3675.6210,0.020315
3675.8540,0.020796
3676.0869,0.021357
3676.3199,0.021957
3676.5529,0.022530
3676.7858,0.022998
3677.0188,0.023291
3677.2517,0.023367
3677.4847,0.023224
3677.7177,0.022896
3677.9506,0.022438
3678.1836,0.021919
3678.4165,0.021398
3678.6495,0.020924
3678.8824,0.020525
3679.1154,0.020217
3679.3484,0.020001
3679.5813,0.019877
3679.8143,0.019839
3680.0472,0.019881
3680.2802,0.019993
3680.5132,0.020153
3680.7461,0.020333
3680.9791,0.020496
3681.2120,0.020610
3681.4450,0.020651
3681.6779,0.020612
3681.9109,0.020508
3682.1439,0.020363
3682.3768,0.020209
3682.6098,0.020070
3682.8427,0.019960
3683.0757,0.019881
3683.3087,0.019824
3683.5416,0.019778
3683.7746,0.019733
3684.0075,0.019687
3684.2405,0.019647
3684.4735,0.019629
3684.7064,0.019647
3684.9394,0.019710
3685.1723,0.019819
3685.4053,0.019958
3685.6382,0.020103
3685.8712,0.020221
3686.1042,0.020284
3686.3371,0.020278
3686.5701,0.020205
3686.8030,0.020084
3687.0360,0.019949
3687.2690,0.019833
3687.5019,0.019762
3687.7349,0.019750
3687.9678,0.019795
3688.2008,0.019892
3688.4337,0.020039
3688.6667,0.020248
3688.8997,0.020542
3689.1326,0.020943
3689.3656,0.021453
3689.5985,0.022027
3689.8315,0.022575
3690.0645,0.022986
3690.2974,0.023166
3690.5304,0.023084
3690.7633,0.022775
3690.9963,0.022327
3691.2293,0.021850
3691.4622,0.021451
3691.6952,0.021204
3691.9281,0.021143
3692.1611,0.021249
3692.3940,0.021463
3692.6270,0.021695
3692.8600,0.021862
3693.0929,0.021907
3693.3259,0.021814
3693.5588,0.021601
3693.7918,0.021308
3694.0248,0.020979
3694.2577,0.020656
3694.4907,0.020374
3694.7236,0.020156
3694.9566,0.020016
3695.1895,0.019952
3695.4225,0.019948
3695.6555,0.019977
3695.8884,0.020012
3696.1214,0.020029
3696.3543,0.020018
3696.5873,0.019983
3696.8203,0.019941
3697.0532,0.019907
3697.2862,0.019894
3697.5191,0.019903
3697.7521,0.019924
3697.9851,0.019946
3698.2180,0.019959
3698.4510,0.019964
3698.6839,0.019966
3698.9169,0.019975
3699.1498,0.019996
3699.3828,0.020029
3699.6158,0.020069
3699.8487,0.020108
3700.0817,0.020140
3700.3146,0.020163
3700.5476,0.020179
3700.7806,0.020187
3701.0135,0.020183
3701.2465,0.020160
3701.4794,0.020115
3701.7124,0.020054
3701.9453,0.020002
3702.1783,0.019995
3702.4113,0.020073
3702.6442,0.020262
3702.8772,0.020556
3703.1101,0.020909
3703.3431,0.021249
3703.5761,0.021497
3703.8090,0.021599
3704.0420,0.021541
3704.2749,0.021350
3704.5079,0.021075
3704.7409,0.020775
3704.9738,0.020496
3705.2068,0.020267
3705.4397,0.020100
3705.6727,0.019994
3705.9056,0.019943
3706.1386,0.019938
3706.3716,0.019972
3706.6045,0.020031
3706.8375,0.020102
3707.0704,0.020167
3707.3034,0.020209
3707.5364,0.020221
3707.7693,0.020206
3708.0023,0.020175
3708.2352,0.020143
3708.4682,0.020123
3708.7011,0.020119
3708.9341,0.020126
3709.1671,0.020141
3709.4000,0.020168
3709.6330,0.020223
3709.8659,0.020333
3710.0989,0.020525
3710.3319,0.020807
3710.5648,0.021158
3710.7978,0.021524
3711.0307,0.021833
3711.2637,0.022018
3711.4967,0.022049
3711.7296,0.021938
3711.9626,0.021739
3712.1955,0.021528
3712.4285,0.021382
3712.6614,0.021361
3712.8944,0.021493
3713.1274,0.021766
3713.3603,0.022123
3713.5933,0.022478
3713.8262,0.022739
3714.0592,0.022838
3714.2922,0.022749
3714.5251,0.022489
3714.7581,0.022108
3714.9910,0.021672
3715.2240,0.021251
3715.4569,0.020903
3715.6899,0.020663
3715.9229,0.020538
3716.1558,0.020504
3716.3888,0.020517
3716.6217,0.020528
3716.8547,0.020502
3717.0877,0.020429
3717.3206,0.020325
3717.5536,0.020219
3717.7865,0.020138
3718.0195,0.020094
3718.2525,0.020084
3718.4854,0.020088
3718.7184,0.020088
3718.9513,0.020075
3719.1843,0.020054
3719.4172,0.020044
3719.6502,0.020066
3719.8832,0.020132
3720.1161,0.020234
3720.3491,0.020347
3720.5820,0.020436
3720.8150,0.020470
3721.0480,0.020434
3721.2809,0.020333
3721.5139,0.020187
3721.7468,0.020028
3721.9798,0.019887
3722.2127,0.019797
3722.4457,0.019785
3722.6787,0.019872
3722.9116,0.020067
3723.1446,0.020359
3723.3775,0.020713
3723.6105,0.021068
3723.8435,0.021354
3724.0764,0.021510
3724.3094,0.021505
3724.5423,0.021348
3724.7753,0.021086
3725.0083,0.020783
3725.2412,0.020501
3725.4742,0.020285
3725.7071,0.020158
3725.9401,0.020117
3726.1730,0.020148
3726.4060,0.020232
3726.6390,0.020359
3726.8719,0.020528
3727.1049,0.020739
3727.3378,0.020989
3727.5708,0.021259
3727.8038,0.021515
3728.0367,0.021715
3728.2697,0.021821
3728.5026,0.021810
3728.7356,0.021681
3728.9685,0.021451
3729.2015,0.021146
3729.4345,0.020794
3729.6674,0.020419
3729.9004,0.020046
3730.1333,0.019700
3730.3663,0.019408
3730.5993,0.019198
3730.8322,0.019089
3731.0652,0.019087
3731.2981,0.019182
3731.5311,0.019348
3731.7641,0.019554
3731.9970,0.019772
3732.2300,0.019991
3732.4629,0.020216
3732.6959,0.020464
3732.9288,0.020749
3733.1618,0.021066
3733.3948,0.021380
3733.6277,0.021632
3733.8607,0.021753
3734.0936,0.021701
3734.3266,0.021478
3734.5596,0.021133
3734.7925,0.020747
3735.0255,0.020415
3735.2584,0.020226
3735.4914,0.020249
3735.7243,0.020513
3735.9573,0.020988
3736.1903,0.021583
3736.4232,0.022161
3736.6562,0.022586
3736.8891,0.022769
3737.1221,0.022700
3737.3551,0.022434
3737.5880,0.022067
3737.8210,0.021695
3738.0539,0.021390
3738.2869,0.021178
3738.5199,0.021046
3738.7528,0.020956
3738.9858,0.020865
3739.2187,0.020749
3739.4517,0.020603
3739.6846,0.020446
3739.9176,0.020301
3740.1506,0.020186
3740.3835,0.020106
3740.6165,0.020051
3740.8494,0.020005
3741.0824,0.019963
3741.3154,0.019934
3741.5483,0.019944
3741.7813,0.020023
3742.0142,0.020190
3742.2472,0.020436
3742.4801,0.020720
3742.7131,0.020978
3742.9461,0.021138
3743.1790,0.021154
3743.4120,0.021015
3743.6449,0.020754
3743.8779,0.020440
3744.1109,0.020155
3744.3438,0.019986
3744.5768,0.020015
3744.8097,0.020308
3745.0427,0.020904
3745.2757,0.021792
3745.5086,0.022885
3745.7416,0.024013
3745.9745,0.024958
3746.2075,0.025527
3746.4404,0.025626
3746.6734,0.025283
3746.9064,0.024613
3747.1393,0.023771
3747.3723,0.022902
3747.6052,0.022122
3747.8382,0.021508
3748.0712,0.021094
3748.3041,0.020876
3748.5371,0.020815
3748.7700,0.020854
3749.0030,0.020935
3749.2359,0.021020
3749.4689,0.021105
3749.7019,0.021220
3749.9348,0.021421
3750.1678,0.021758
3750.4007,0.022248
3750.6337,0.022849
3750.8667,0.023455
3751.0996,0.023932
3751.3326,0.024166
3751.5655,0.024110
3751.7985,0.023799
3752.0315,0.023327
3752.2644,0.022827
3752.4974,0.022434
3752.7303,0.022265
3752.9633,0.022384
3753.1962,0.022777
3753.4292,0.023341
3753.6622,0.023907
3753.8951,0.024294
3754.1281,0.024380
3754.3610,0.024143
3754.5940,0.023650
3754.8270,0.023014
3755.0599,0.022351
3755.2929,0.021748
3755.5258,0.021256
3755.7588,0.020893
3755.9917,0.020652
3756.2247,0.020519
3756.4577,0.020479
3756.6906,0.020526
3756.9236,0.020657
3757.1565,0.020867
3757.3895,0.021137
3757.6225,0.021434
3757.8554,0.021709
3758.0884,0.021913
3758.3213,0.022008
3758.5543,0.021981
3758.7873,0.021846
3759.0202,0.021638
3759.2532,0.021404
3759.4861,0.021191
3759.7191,0.021042
3759.9520,0.020992
3760.1850,0.021064
3760.4180,0.021262
3760.6509,0.021567
3760.8839,0.021933
3761.1168,0.022292
3761.3498,0.022572
3761.5828,0.022713
3761.8157,0.022686
3762.0487,0.022501
3762.2816,0.022197
3762.5146,0.021835
3762.7475,0.021473
3762.9805,0.021159
3763.2135,0.020924
3763.4464,0.020778
3763.6794,0.020713
3763.9123,0.020713
3764.1453,0.020755
3764.3783,0.020821
3764.6112,0.020896
3764.8442,0.020972
3765.0771,0.021044
3765.3101,0.021112
3765.5431,0.021177
3765.7760,0.021247
3766.0090,0.021332
3766.2419,0.021442
3766.4749,0.021586
3766.7078,0.021759
3766.9408,0.021946
3767.1738,0.022117
3767.4067,0.022238
3767.6397,0.022280
3767.8726,0.022231
3768.1056,0.022100
3768.3386,0.021913
3768.5715,0.021701
3768.8045,0.021500
3769.0374,0.021335
3769.2704,0.021225
3769.5033,0.021181
3769.7363,0.021204
3769.9693,0.021297
3770.2022,0.021459
3770.4352,0.021688
3770.6681,0.021976
3770.9011,0.022303
3771.1341,0.022632
3771.3670,0.022913
3771.6000,0.023095
3771.8329,0.023142
3772.0659,0.023045
3772.2988,0.022821
3772.5318,0.022510
3772.7648,0.022160
3772.9977,0.021818
3773.2307,0.021523
3773.4636,0.021297
3773.6966,0.021148
3773.9296,0.021068
3774.1625,0.021043
3774.3955,0.021054
3774.6284,0.021088
3774.8614,0.021136
3775.0944,0.021192
3775.3273,0.021250
3775.5603,0.021304
3775.7932,0.021345
3776.0262,0.021363
3776.2591,0.021356
3776.4921,0.021326
3776.7251,0.021281
3776.9580,0.021236
3777.1910,0.021206
3777.4239,0.021198
3777.6569,0.021216
3777.8899,0.021254
3778.1228,0.021304
3778.3558,0.021356
3778.5887,0.021403
3778.8217,0.021444
3779.0546,0.021483
3779.2876,0.021529
3779.5206,0.021594
3779.7535,0.021692
3779.9865,0.021833
3780.2194,0.022022
3780.4524,0.022249
3780.6854,0.022491
3780.9183,0.022709
3781.1513,0.022859
3781.3842,0.022901
3781.6172,0.022816
3781.8502,0.022607
3782.0831,0.022304
3782.3161,0.021951
3782.5490,0.021600
3782.7820,0.021294
3783.0149,0.021062
3783.2479,0.020914
3783.4809,0.020842
3783.7138,0.020825
3783.9468,0.020841
3784.1797,0.020870
3784.4127,0.020908
3784.6457,0.020957
3784.8786,0.021028
3785.1116,0.021128
3785.3445,0.021259
3785.5775,0.021416
3785.8104,0.021581
3786.0434,0.021732
3786.2764,0.021846
3786.5093,0.021904
3786.7423,0.021898
3786.9752,0.021827
3787.2082,0.021701
3787.4412,0.021538
3787.6741,0.021360
3787.9071,0.021189
3788.1400,0.021043
3788.3730,0.020934
3788.6060,0.020864
3788.8389,0.020826
3789.0719,0.020809
3789.3048,0.020803
3789.5378,0.020800
3789.7707,0.020799
3790.0037,0.020805
3790.2367,0.020823
3790.4696,0.020856
3790.7026,0.020904
3790.9355,0.020961
3791.1685,0.021017
3791.4015,0.021064
3791.6344,0.021092
3791.8674,0.021097
3792.1003,0.021078
3792.3333,0.021037
3792.5662,0.020979
3792.7992,0.020912
3793.0322,0.020843
3793.2651,0.020786
3793.4981,0.020749
3793.7310,0.020740
3793.9640,0.020757
3794.1970,0.020793
3794.4299,0.020832
3794.6629,0.020856
3794.8958,0.020852
3795.1288,0.020815
3795.3618,0.020750
3795.5947,0.020674
3795.8277,0.020610
3796.0606,0.020583
3796.2936,0.020615
3796.5265,0.020725
3796.7595,0.020922
3796.9925,0.021207
3797.2254,0.021571
3797.4584,0.021988
3797.6913,0.022416
3797.9243,0.022802
3798.1573,0.023089
3798.3902,0.023232
3798.6232,0.023210
3798.8561,0.023031
3799.0891,0.022732
3799.3220,0.022368
3799.5550,0.021996
3799.7880,0.021664
3800.0209,0.021403
3800.2539,0.021224
3800.4868,0.021119
3800.7198,0.021077
3800.9528,0.021086
3801.1857,0.021151
3801.4187,0.021287
3801.6516,0.021524
3801.8846,0.021885
3802.1176,0.022375
3802.3505,0.022962
3802.5835,0.023575
3802.8164,0.024113
3803.0494,0.024481
3803.2823,0.024621
3803.5153,0.024528
3803.7483,0.024244
3803.9812,0.023835
3804.2142,0.023370
3804.4471,0.022905
3804.6801,0.022476
3804.9131,0.022102
3805.1460,0.021782
3805.3790,0.021506
3805.6119,0.021262
3805.8449,0.021038
3806.0778,0.020835
3806.3108,0.020662
3806.5438,0.020539
3806.7767,0.020488
3807.0097,0.020536
3807.2426,0.020701
3807.4756,0.020992
3807.7086,0.021399
3807.9415,0.021888
3808.1745,0.022400
3808.4074,0.022852
3808.6404,0.023163
3808.8734,0.023272
3809.1063,0.023161
3809.3393,0.022853
3809.5722,0.022407
3809.8052,0.021899
3810.0381,0.021403
3810.2711,0.020985
3810.5041,0.020688
3810.7370,0.020527
3810.9700,0.020488
3811.2029,0.020538
3811.4359,0.020630
3811.6689,0.020724
3811.9018,0.020791
3812.1348,0.020823
3812.3677,0.020826
3812.6007,0.020812
3812.8336,0.020794
3813.0666,0.020781
3813.2996,0.020775
3813.5325,0.020776
3813.7655,0.020787
3813.9984,0.020811
3814.2314,0.020855
3814.4644,0.020918
3814.6973,0.020995
3814.9303,0.021071
3815.1632,0.021127
3815.3962,0.021151
3815.6292,0.021144
3815.8621,0.021125
3816.0951,0.021138
3816.3280,0.021238
3816.5610,0.021480
3816.7939,0.021895
3817.0269,0.022472
3817.2599,0.023143
3817.4928,0.023791
3817.7258,0.024280
3817.9587,0.024507
3818.1917,0.024433
3818.4247,0.024093
3818.6576,0.023570
3818.8906,0.022970
3819.1235,0.022393
3819.3565,0.021918
3819.5894,0.021594
3819.8224,0.021436
3820.0554,0.021428
3820.2883,0.021531
3820.5213,0.021697
3820.7542,0.021887
3820.9872,0.022084
3821.2202,0.022291
3821.4531,0.022527
3821.6861,0.022809
3821.9190,0.023137
3822.1520,0.023486
3822.3850,0.023807
3822.6179,0.024047
3822.8509,0.024160
3823.0838,0.024124
3823.3168,0.023941
3823.5497,0.023634
3823.7827,0.023234
3824.0157,0.022778
3824.2486,0.022304
3824.4816,0.021851
3824.7145,0.021457
3824.9475,0.021156
3825.1805,0.020971
3825.4134,0.020907
3825.6464,0.020944
3825.8793,0.021043
3826.1123,0.021157
3826.3452,0.021245
3826.5782,0.021287
3826.8112,0.021288
3827.0441,0.021276
3827.2771,0.021283
3827.5100,0.021337
3827.7430,0.021442
3827.9760,0.021582
3828.2089,0.021723
3828.4419,0.021828
3828.6748,0.021873
3828.9078,0.021851
3829.1408,0.021771
3829.3737,0.021655
3829.6067,0.021525
3829.8396,0.021399
3830.0726,0.021285
3830.3055,0.021190
3830.5385,0.021110
3830.7715,0.021046
3831.0044,0.020994
3831.2374,0.020953
3831.4703,0.020929
3831.7033,0.020931
3831.9363,0.020980
3832.1692,0.021102
3832.4022,0.021320
3832.6351,0.021643
3832.8681,0.022047
3833.1010,0.022479
3833.3340,0.022859
3833.5670,0.023109
3833.7999,0.023178
3834.0329,0.023058
3834.2658,0.022785
3834.4988,0.022423
3834.7318,0.022050
3834.9647,0.021740
3835.1977,0.021546
3835.4306,0.021497
3835.6636,0.021598
3835.8966,0.021829
3836.1295,0.022149
3836.3625,0.022500
3836.5954,0.022815
3836.8284,0.023028
3837.0613,0.023094
3837.2943,0.022994
3837.5273,0.022748
3837.7602,0.022414
3837.9932,0.022081
3838.2261,0.021851
3838.4591,0.021820
3838.6921,0.022043
3838.9250,0.022505
3839.1580,0.023109
3839.3909,0.023697
3839.6239,0.024103
3839.8568,0.024221
3840.0898,0.024040
3840.3228,0.023628
3840.5557,0.023099
3840.7887,0.022570
3841.0216,0.022130
3841.2546,0.021838
3841.4876,0.021711
3841.7205,0.021734
3841.9535,0.021864
3842.1864,0.022045
3842.4194,0.022213
3842.6524,0.022317
3842.8853,0.022323
3843.1183,0.022223
3843.3512,0.022034
3843.5842,0.021794
3843.8171,0.021557
3844.0501,0.021383
3844.2831,0.021317
3844.5160,0.021387
3844.7490,0.021583
3844.9819,0.021862
3845.2149,0.022154
3845.4479,0.022383
3845.6808,0.022493
3845.9138,0.022461
3846.1467,0.022301
3846.3797,0.022057
3846.6126,0.021780
3846.8456,0.021518
3847.0786,0.021306
3847.3115,0.021161
3847.5445,0.021085
3847.7774,0.021066
3848.0104,0.021087
3848.2434,0.021124
3848.4763,0.021161
3848.7093,0.021185
3848.9422,0.021192
3849.1752,0.021185
3849.4082,0.021172
3849.6411,0.021164
3849.8741,0.021172
3850.1070,0.021201
3850.3400,0.021256
3850.5729,0.021331
3850.8059,0.021418
3851.0389,0.021502
3851.2718,0.021570
3851.5048,0.021613
3851.7377,0.021633
3851.9707,0.021650
3852.2037,0.021699
3852.4366,0.021827
3852.6696,0.022083
3852.9025,0.022495
3853.1355,0.023057
3853.3684,0.023711
3853.6014,0.024356
3853.8344,0.024884
3854.0673,0.025221
3854.3003,0.025362
3854.5332,0.025366
3854.7662,0.025332
3854.9992,0.025352
3855.2321,0.025476
3855.4651,0.025680
3855.6980,0.025876
3855.9310,0.025946
3856.1640,0.025799
3856.3969,0.025407
3856.6299,0.024812
3856.8628,0.024100
3857.0958,0.023370
3857.3287,0.022714
3857.5617,0.022197
3857.7947,0.021856
3858.0276,0.021696
3858.2606,0.021692
3858.4935,0.021795
3858.7265,0.021945
3858.9595,0.022083
3859.1924,0.022163
3859.4254,0.022163
3859.6583,0.022082
3859.8913,0.021942
3860.1242,0.021769
3860.3572,0.021592
3860.5902,0.021436
3860.8231,0.021310
3861.0561,0.021214
3861.2890,0.021139
3861.5220,0.021080
3861.7550,0.021037
3861.9879,0.021030
3862.2209,0.021087
3862.4538,0.021240
3862.6868,0.021505
3862.9198,0.021870
3863.1527,0.022287
3863.3857,0.022683
3863.6186,0.022979
3863.8516,0.023117
3864.0845,0.023079
3864.3175,0.022888
3864.5505,0.022604
3864.7834,0.022303
3865.0164,0.022065
3865.2493,0.021954
3865.4823,0.022015
3865.7153,0.022258
3865.9482,0.022660
3866.1812,0.023156
3866.4141,0.023654
3866.6471,0.024048
3866.8800,0.024252
3867.1130,0.024221
3867.3460,0.023959
3867.5789,0.023517
3867.8119,0.022974
3868.0448,0.022416
3868.2778,0.021920
3868.5108,0.021537
3868.7437,0.021289
3868.9767,0.021174
3869.2096,0.021170
3869.4426,0.021254
3869.6756,0.021414
3869.9085,0.021654
3870.1415,0.021991
3870.3744,0.022438
3870.6074,0.022990
3870.8403,0.023606
3871.0733,0.024212
3871.3063,0.024715
3871.5392,0.025031
3871.7722,0.025116
3872.0051,0.024976
3872.2381,0.024652
3872.4711,0.024208
3872.7040,0.023706
3872.9370,0.023198
3873.1699,0.022721
3873.4029,0.022301
3873.6358,0.021956
3873.8688,0.021701
3874.1018,0.021547
3874.3347,0.021506
3874.5677,0.021584
3874.8006,0.021786
3875.0336,0.022100
3875.2666,0.022498
3875.4995,0.022928
3875.7325,0.023319
3875.9654,0.023599
3876.1984,0.023712
3876.4314,0.023640
3876.6643,0.023400
3876.8973,0.023045
3877.1302,0.022638
3877.3632,0.022244
3877.5961,0.021912
3877.8291,0.021668
3878.0621,0.021513
3878.2950,0.021432
3878.5280,0.021402
3878.7609,0.021403
3878.9939,0.021429
3879.2269,0.021477
3879.4598,0.021552
3879.6928,0.021655
3879.9257,0.021781
3880.1587,0.021922
3880.3916,0.022076
3880.6246,0.022250
3880.8576,0.022466
3881.0905,0.022745
3881.3235,0.023098
3881.5564,0.023505
3881.7894,0.023915
3882.0224,0.024251
3882.2553,0.024439
3882.4883,0.024435
3882.7212,0.024240
3882.9542,0.023893
3883.1872,0.023460
3883.4201,0.023011
3883.6531,0.022606
3883.8860,0.022285
3884.1190,0.022068
3884.3519,0.021956
3884.5849,0.021931
3884.8179,0.021967
3885.0508,0.022034
3885.2838,0.022104
3885.5167,0.022162
3885.7497,0.022210
3885.9827,0.022273
3886.2156,0.022389
3886.4486,0.022596
3886.6815,0.022916
3886.9145,0.023330
3887.1474,0.023772
3887.3804,0.024140
3887.6134,0.024335
3887.8463,0.024294
3888.0793,0.024020
3888.3122,0.023570
3888.5452,0.023036
3888.7782,0.022512
3889.0111,0.022072
3889.2441,0.021759
3889.4770,0.021576
3889.7100,0.021502
3889.9430,0.021498
3890.1759,0.021524
3890.4089,0.021553
3890.6418,0.021571
3890.8748,0.021583
3891.1077,0.021602
3891.3407,0.021644
3891.5737,0.021733
3891.8066,0.021888
3892.0396,0.022127
3892.2725,0.022453
3892.5055,0.022847
3892.7385,0.023261
3892.9714,0.023624
3893.2044,0.023859
3893.4373,0.023916
3893.6703,0.023784
3893.9032,0.023500
3894.1362,0.023132
3894.3692,0.022759
3894.6021,0.022446
3894.8351,0.022234
3895.0680,0.022131
3895.3010,0.022115
3895.5340,0.022151
3895.7669,0.022202
3895.9999,0.022246
3896.2328,0.022274
3896.4658,0.022291
3896.6988,0.022305
3896.9317,0.022320
3897.1647,0.022332
3897.3976,0.022333
3897.6306,0.022318
3897.8635,0.022288
3898.0965,0.022251
3898.3295,0.022221
3898.5624,0.022210
3898.7954,0.022227
3899.0283,0.022281
3899.2613,0.022380
3899.4943,0.022536
3899.7272,0.022765
3899.9602,0.023081
3900.1931,0.023480
3900.4261,0.023932
3900.6590,0.024378
3900.8920,0.024737
3901.1250,0.024937
3901.3579,0.024938
3901.5909,0.024748
3901.8238,0.024428
3902.0568,0.024066
3902.2898,0.023755
3902.5227,0.023573
3902.7557,0.023563
3902.9886,0.023719
3903.2216,0.023989
3903.4546,0.024282
3903.6875,0.024499
3903.9205,0.024571
3904.1534,0.024480
3904.3864,0.024266
3904.6193,0.024007
3904.8523,0.023793
3905.0853,0.023698
3905.3182,0.023758
3905.5512,0.023958
3905.7841,0.024232
3906.0171,0.024483
3906.2501,0.024623
3906.4830,0.024601
3906.7160,0.024420
3906.9489,0.024126
3907.1819,0.023788
3907.4148,0.023471
3907.6478,0.023219
3907.8808,0.023042
3908.1137,0.022927
3908.3467,0.022843
3908.5796,0.022764
3908.8126,0.022677
3909.0456,0.022583
3909.2785,0.022494
3909.5115,0.022420
3909.7444,0.022363
3909.9774,0.022319
3910.2103,0.022277
3910.4433,0.022230
3910.6763,0.022180
3910.9092,0.022137
3911.1422,0.022114
3911.3751,0.022119
3911.6081,0.022150
3911.8411,0.022193
3912.0740,0.022230
3912.3070,0.022249
3912.5399,0.022248
3912.7729,0.022236
3913.0059,0.022230
3913.2388,0.022245
3913.4718,0.022288
3913.7047,0.022357
3913.9377,0.022440
3914.1706,0.022526
3914.4036,0.022607
3914.6366,0.022680
3914.8695,0.022743
3915.1025,0.022794
3915.3354,0.022827
3915.5684,0.022830
3915.8014,0.022798
3916.0343,0.022730
3916.2673,0.022642
3916.5002,0.022557
3916.7332,0.022503
3916.9661,0.022502
3917.1991,0.022563
3917.4321,0.022682
3917.6650,0.022846
3917.8980,0.023036
3918.1309,0.023236
3918.3639,0.023429
3918.5969,0.023600
3918.8298,0.023727
3919.0628,0.023788
3919.2957,0.023765
3919.5287,0.023653
3919.7617,0.023466
3919.9946,0.023241
3920.2276,0.023023
3920.4605,0.022862
3920.6935,0.022788
3920.9264,0.022810
3921.1594,0.022910
3921.3924,0.023047
3921.6253,0.023178
3921.8583,0.023265
3922.0912,0.023289
3922.3242,0.023250
3922.5572,0.023157
3922.7901,0.023025
3923.0231,0.022871
3923.2560,0.022709
3923.4890,0.022556
3923.7219,0.022435
3923.9549,0.022367
3924.1879,0.022368
3924.4208,0.022440
3924.6538,0.022568
3924.8867,0.022725
3925.1197,0.022883
3925.3527,0.023020
3925.5856,0.023133
3925.8186,0.023233
3926.0515,0.023334
3926.2845,0.023440
3926.5175,0.023540
3926.7504,0.023604
3926.9834,0.023601
3927.2163,0.023511
3927.4493,0.023337
3927.6822,0.023108
3927.9152,0.022864
3928.1482,0.022647
3928.3811,0.022483
3928.6141,0.022381
3928.8470,0.022330
3929.0800,0.022314
3929.3130,0.022321
3929.5459,0.022346
3929.7789,0.022395
3930.0118,0.022475
3930.2448,0.022586
3930.4777,0.022717
3930.7107,0.022849
3930.9437,0.022961
3931.1766,0.023039
3931.4096,0.023079
3931.6425,0.023091
3931.8755,0.023086
3932.1085,0.023078
3932.3414,0.023074
3932.5744,0.023077
3932.8073,0.023092
3933.0403,0.023127
3933.2733,0.023191
3933.5062,0.023286
3933.7392,0.023404
3933.9721,0.023519
3934.2051,0.023596
3934.4380,0.023600
3934.6710,0.023515
3934.9040,0.023350
3935.1369,0.023136
3935.3699,0.022920
3935.6028,0.022740
3935.8358,0.022622
3936.0688,0.022564
3936.3017,0.022550
3936.5347,0.022552
3936.7676,0.022551
3937.0006,0.022542
3937.2335,0.022534
3937.4665,0.022541
3937.6995,0.022573
3937.9324,0.022628
3938.1654,0.022694
3938.3983,0.022754
3938.6313,0.022794
3938.8643,0.022812
3939.0972,0.022816
3939.3302,0.022820
3939.5631,0.022833
3939.7961,0.022853
3940.0291,0.022873
3940.2620,0.022879
3940.4950,0.022864
3940.7279,0.022828
3940.9609,0.022782
3941.1938,0.022738
3941.4268,0.022703
3941.6598,0.022675
3941.8927,0.022647
3942.1257,0.022611
3942.3586,0.022566
3942.5916,0.022527
3942.8246,0.022518
3943.0575,0.022565
3943.2905,0.022686
3943.5234,0.022879
3943.7564,0.023120
3943.9893,0.023371
3944.2223,0.023591
3944.4553,0.023744
3944.6882,0.023814
3944.9212,0.023804
3945.1541,0.023727
3945.3871,0.023604
3945.6201,0.023453
3945.8530,0.023294
3946.0860,0.023143
3946.3189,0.023013
3946.5519,0.022916
3946.7849,0.022852
3947.0178,0.022818
3947.2508,0.022802
3947.4837,0.022794
3947.7167,0.022789
3947.9496,0.022797
3948.1826,0.022834
3948.4156,0.022919
3948.6485,0.023060
3948.8815,0.023243
3949.1144,0.023436
3949.3474,0.023590
3949.5804,0.023665
3949.8133,0.023637
3950.0463,0.023519
3950.2792,0.023347
3950.5122,0.023175
3950.7451,0.023053
3950.9781,0.023010
3951.2111,0.023048
3951.4440,0.023145
3951.6770,0.023262
3951.9099,0.023363
3952.1429,0.023421
3952.3759,0.023427
3952.6088,0.023388
3952.8418,0.023321
3953.0747,0.023242
3953.3077,0.023167
3953.5407,0.023107
3953.7736,0.023068
3954.0066,0.023050
3954.2395,0.023050
3954.4725,0.023059
3954.7054,0.023068
3954.9384,0.023068
3955.1714,0.023055
3955.4043,0.023034
3955.6373,0.023014
3955.8702,0.023010
3956.1032,0.023030
3956.3362,0.023076
3956.5691,0.023140
3956.8021,0.023206
3957.0350,0.023258
3957.2680,0.023286
3957.5009,0.023285
3957.7339,0.023261
3957.9669,0.023222
3958.1998,0.023175
3958.4328,0.023123
3958.6657,0.023065
3958.8987,0.023000
3959.1317,0.022930
3959.3646,0.022861
3959.5976,0.022804
3959.8305,0.022767
3960.0635,0.022751
3960.2965,0.022754
3960.5294,0.022766
3960.7624,0.022779
3960.9953,0.022790
3961.2283,0.022803
3961.4612,0.022826
3961.6942,0.022866
3961.9272,0.022925
3962.1601,0.022998
3962.3931,0.023071
3962.6260,0.023134
3962.8590,0.023179
3963.0920,0.023206
3963.3249,0.023223
3963.5579,0.023235
3963.7908,0.023248
3964.0238,0.023254
3964.2567,0.023245
3964.4897,0.023209
3964.7227,0.023141
3964.9556,0.023047
3965.1886,0.022941
3965.4215,0.022841
3965.6545,0.022763
3965.8875,0.022716
3966.1204,0.022701
3966.3534,0.022713
3966.5863,0.022746
3966.8193,0.022791
3967.0523,0.022845
3967.2852,0.022904
3967.5182,0.022959
3967.7511,0.023002
3967.9841,0.023020
3968.2170,0.023006
3968.4500,0.022957
3968.6830,0.022879
3968.9159,0.022787
3969.1489,0.022698
3969.3818,0.022626
3969.6148,0.022581
3969.8478,0.022566
3970.0807,0.022580
3970.3137,0.022621
3970.5466,0.022684
3970.7796,0.022765
3971.0125,0.022856
3971.2455,0.022948
3971.4785,0.023028
3971.7114,0.023081
3971.9444,0.023100
3972.1773,0.023086
3972.4103,0.023044
3972.6433,0.022986
3972.8762,0.022925
3973.1092,0.022866
3973.3421,0.022810
3973.5751,0.022752
3973.8081,0.022690
3974.0410,0.022623
3974.2740,0.022556
3974.5069,0.022500
3974.7399,0.022462
3974.9728,0.022446
3975.2058,0.022449
3975.4388,0.022467
3975.6717,0.022494
3975.9047,0.022530
3976.1376,0.022580
3976.3706,0.022649
3976.6036,0.022740
3976.8365,0.022849
3977.0695,0.022961
3977.3024,0.023060
3977.5354,0.023128
3977.7683,0.023154
3978.0013,0.023139
3978.2343,0.023091
3978.4672,0.023022
3978.7002,0.022942
3978.9331,0.022860
3979.1661,0.022779
3979.3991,0.022701
3979.6320,0.022629
3979.8650,0.022569
3980.0979,0.022526
3980.3309,0.022503
3980.5639,0.022498
3980.7968,0.022503
3981.0298,0.022510
3981.2627,0.022511
3981.4957,0.022507
3981.7286,0.022503
3981.9616,0.022509
3982.1946,0.022531
3982.4275,0.022571
3982.6605,0.022622
3982.8934,0.022674
3983.1264,0.022718
3983.3594,0.022747
3983.5923,0.022763
3983.8253,0.022770
3984.0582,0.022774
3984.2912,0.022773
3984.5241,0.022764
3984.7571,0.022738
3984.9901,0.022694
3985.2230,0.022636
3985.4560,0.022576
3985.6889,0.022534
3985.9219,0.022523
3986.1549,0.022551
3986.3878,0.022613
3986.6208,0.022694
3986.8537,0.022776
3987.0867,0.022840
3987.3197,0.022876
3987.5526,0.022881
3987.7856,0.022861
3988.0185,0.022822
3988.2515,0.022773
3988.4844,0.022721
3988.7174,0.022677
3988.9504,0.022649
3989.1833,0.022645
3989.4163,0.022668
3989.6492,0.022718
3989.8822,0.022784
3990.1152,0.022852
3990.3481,0.022909
3990.5811,0.022946
3990.8140,0.022966
3991.0470,0.022976
3991.2799,0.022987
3991.5129,0.023004
3991.7459,0.023025
3991.9788,0.023039
3992.2118,0.023032
3992.4447,0.022997
3992.6777,0.022938
3992.9107,0.022871
3993.1436,0.022817
3993.3766,0.022794
3993.6095,0.022809
3993.8425,0.022852
3994.0755,0.022906
3994.3084,0.022947
3994.5414,0.022960
3994.7743,0.022941
3995.0073,0.022901
3995.2402,0.022854
3995.4732,0.022818
3995.7062,0.022800
3995.9391,0.022800
3996.1721,0.022813
3996.4050,0.022830
3996.6380,0.022847
3996.8710,0.022867
3997.1039,0.022891
3997.3369,0.022922
3997.5698,0.022961
3997.8028,0.022998
3998.0357,0.023027
3998.2687,0.023036
3998.5017,0.023020
3998.7346,0.022980
3998.9676,0.022918
3999.2005,0.022844
3999.4335,0.022766
3999.6665,0.022698
3999.8994,0.022650
