Wavenumber,Intensity
649.9545,0.100270
650.1875,0.099306
650.4205,0.098375
650.6534,0.097385
650.8864,0.096210
651.1193,0.094781
651.3523,0.093149
651.5852,0.091476
651.8182,0.089960
652.0512,0.088737
652.2841,0.087830
652.5171,0.087148
652.7500,0.086548
652.9830,0.085924
653.2160,0.085261
653.4489,0.084644
653.6819,0.084192
653.9148,0.083989
654.1478,0.084028
654.3807,0.084211
654.6137,0.084405
654.8467,0.084511
655.0796,0.084520
655.3126,0.084511
655.5455,0.084595
655.7785,0.084842
656.0115,0.085234
656.2444,0.085670
656.4774,0.086028
656.7103,0.086244
656.9433,0.086364
657.1763,0.086531
657.4092,0.086914
657.6422,0.087608
657.8751,0.088576
658.1081,0.089645
658.3410,0.090572
658.5740,0.091148
658.8070,0.091291
659.0399,0.091074
659.2729,0.090672
659.5058,0.090263
659.7388,0.089949
659.9718,0.089723
660.2047,0.089498
660.4377,0.089185
660.6706,0.088755
660.9036,0.088265
661.1365,0.087827
661.3695,0.087547
661.6025,0.087466
661.8354,0.087545
662.0684,0.087685
662.3013,0.087785
662.5343,0.087789
662.7673,0.087704
663.0002,0.087573
663.2332,0.087426
663.4661,0.087243
663.6991,0.086953
663.9321,0.086467
664.1650,0.085735
664.3980,0.084776
664.6309,0.083676
664.8639,0.082546
665.0968,0.081467
665.3298,0.080468
665.5628,0.079536
665.7957,0.078658
666.0287,0.077872
666.2616,0.077300
666.4946,0.077146
666.7276,0.077665
666.9605,0.079115
667.1935,0.081654
667.4264,0.085174
667.6594,0.089093
667.8923,0.092354
668.1253,0.093941
668.3583,0.093575
668.5912,0.091781
668.8242,0.089314
669.0571,0.086703
669.2901,0.084177
669.5231,0.081785
669.7560,0.079523
669.9890,0.077410
670.2219,0.075503
670.4549,0.073869
670.6879,0.072537
670.9208,0.071470
671.1538,0.070566
671.3867,0.069693
671.6197,0.068746
671.8526,0.067692
672.0856,0.066578
672.3186,0.065500
672.5515,0.064552
672.7845,0.063779
673.0174,0.063159
673.2504,0.062627
673.4834,0.062105
673.7163,0.061541
673.9493,0.060932
674.1822,0.060310
674.4152,0.059714
674.6481,0.059168
674.8811,0.058666
675.1141,0.058186
675.3470,0.057711
675.5800,0.057241
675.8129,0.056802
676.0459,0.056426
676.2789,0.056132
676.5118,0.055911
676.7448,0.055734
676.9777,0.055568
677.2107,0.055407
677.4437,0.055276
677.6766,0.055229
677.9096,0.055312
678.1425,0.055533
678.3755,0.055844
678.6084,0.056148
678.8414,0.056330
679.0744,0.056303
679.3073,0.056042
679.5403,0.055592
679.7732,0.055046
680.0062,0.054505
680.2392,0.054039
680.4721,0.053677
680.7051,0.053416
680.9380,0.053235
681.1710,0.053122
681.4039,0.053075
681.6369,0.053091
681.8699,0.053153
682.1028,0.053220
682.3358,0.053232
682.5687,0.053135
682.8017,0.052910
683.0347,0.052586
683.2676,0.052238
683.5006,0.051947
683.7335,0.051769
683.9665,0.051708
684.1995,0.051715
684.4324,0.051716
684.6654,0.051648
684.8983,0.051494
685.1313,0.051289
685.3642,0.051103
685.5972,0.051002
685.8302,0.051014
686.0631,0.051119
686.2961,0.051257
686.5290,0.051358
686.7620,0.051374
686.9950,0.051301
687.2279,0.051173
687.4609,0.051040
687.6938,0.050945
687.9268,0.050909
688.1597,0.050931
688.3927,0.051003
688.6257,0.051124
688.8586,0.051302
689.0916,0.051550
689.3245,0.051865
689.5575,0.052217
689.7905,0.052549
690.0234,0.052790
690.2564,0.052885
690.4893,0.052821
690.7223,0.052629
690.9553,0.052380
691.1882,0.052147
691.4212,0.051987
691.6541,0.051920
691.8871,0.051940
692.1200,0.052020
692.3530,0.052141
692.5860,0.052296
692.8189,0.052483
693.0519,0.052701
693.2848,0.052927
693.5178,0.053118
693.7508,0.053223
693.9837,0.053205
694.2167,0.053059
694.4496,0.052823
694.6826,0.052562
694.9155,0.052344
695.1485,0.052215
695.3815,0.052182
695.6144,0.052219
695.8474,0.052285
696.0803,0.052344
696.3133,0.052385
696.5463,0.052421
696.7792,0.052479
697.0122,0.052587
697.2451,0.052754
697.4781,0.052968
697.7111,0.053204
697.9440,0.053437
698.1770,0.053649
698.4099,0.053833
698.6429,0.053996
698.8758,0.054145
699.1088,0.054284
699.3418,0.054416
699.5747,0.054544
699.8077,0.054675
700.0406,0.054819
700.2736,0.054983
700.5066,0.055165
700.7395,0.055349
700.9725,0.055512
701.2054,0.055628
701.4384,0.055684
701.6713,0.055682
701.9043,0.055637
702.1373,0.055571
702.3702,0.055495
702.6032,0.055410
702.8361,0.055308
703.0691,0.055182
703.3021,0.055042
703.5350,0.054918
703.7680,0.054855
704.0009,0.054892
704.2339,0.055045
704.4669,0.055299
704.6998,0.055610
704.9328,0.055920
705.1657,0.056179
705.3987,0.056364
705.6316,0.056484
705.8646,0.056572
706.0976,0.056666
706.3305,0.056793
706.5635,0.056966
706.7964,0.057183
707.0294,0.057443
707.2624,0.057749
707.4953,0.058116
707.7283,0.058561
707.9612,0.059092
708.1942,0.059699
708.4271,0.060353
708.6601,0.061016
708.8931,0.061649
709.1260,0.062225
709.3590,0.062731
709.5919,0.063162
709.8249,0.063511
710.0579,0.063761
710.2908,0.063891
710.5238,0.063884
710.7567,0.063747
710.9897,0.063512
711.2227,0.063235
711.4556,0.062974
711.6886,0.062774
711.9215,0.062652
712.1545,0.062599
712.3874,0.062591
712.6204,0.062609
712.8534,0.062651
713.0863,0.062730
713.3193,0.062873
713.5522,0.063099
713.7852,0.063412
714.0182,0.063802
714.2511,0.064244
714.4841,0.064717
714.7170,0.065212
714.9500,0.065731
715.1829,0.066281
715.4159,0.066866
715.6489,0.067477
715.8818,0.068096
716.1148,0.068705
716.3477,0.069293
716.5807,0.069867
716.8137,0.070440
717.0466,0.071023
717.2796,0.071611
717.5125,0.072179
717.7455,0.072691
717.9785,0.073114
718.2114,0.073441
718.4444,0.073693
718.6773,0.073913
718.9103,0.074146
719.1432,0.074414
719.3762,0.074703
719.6092,0.074974
719.8421,0.075176
720.0751,0.075275
720.3080,0.075273
720.5410,0.075204
720.7740,0.075116
721.0069,0.075053
721.2399,0.075033
721.4728,0.075051
721.7058,0.075094
721.9387,0.075153
722.1717,0.075238
722.4047,0.075374
722.6376,0.075582
722.8706,0.075865
723.1035,0.076195
723.3365,0.076525
723.5695,0.076802
723.8024,0.076996
724.0354,0.077116
724.2683,0.077198
724.5013,0.077294
724.7343,0.077442
724.9672,0.077649
725.2002,0.077895
725.4331,0.078151
725.6661,0.078400
725.8990,0.078656
726.1320,0.078965
726.3650,0.079382
726.5979,0.079954
726.8309,0.080694
727.0638,0.081584
727.2968,0.082585
727.5298,0.083661
727.7627,0.084795
727.9957,0.085991
728.2286,0.087260
728.4616,0.088601
728.6945,0.089975
728.9275,0.091313
729.1605,0.092518
729.3934,0.093504
729.6264,0.094206
729.8593,0.094596
730.0923,0.094671
730.3253,0.094432
730.5582,0.093870
730.7912,0.092968
731.0241,0.091723
731.2571,0.090160
731.4901,0.088350
731.7230,0.086399
731.9560,0.084420
732.1889,0.082508
732.4219,0.080720
732.6548,0.079077
732.8878,0.077575
733.1208,0.076206
733.3537,0.074972
733.5867,0.073881
733.8196,0.072935
734.0526,0.072124
734.2856,0.071414
734.5185,0.070758
734.7515,0.070116
734.9844,0.069472
735.2174,0.068838
735.4503,0.068254
735.6833,0.067762
735.9163,0.067387
736.1492,0.067125
736.3822,0.066948
736.6151,0.066817
736.8481,0.066704
737.0811,0.066604
737.3140,0.066531
737.5470,0.066506
737.7799,0.066539
738.0129,0.066620
738.2459,0.066719
738.4788,0.066811
738.7118,0.066889
738.9447,0.066975
739.1777,0.067120
739.4106,0.067374
739.6436,0.067770
739.8766,0.068300
740.1095,0.068920
740.3425,0.069566
740.5754,0.070182
740.8084,0.070746
741.0414,0.071271
741.2743,0.071801
741.5073,0.072383
741.7402,0.073044
741.9732,0.073785
742.2061,0.074586
742.4391,0.075417
742.6721,0.076262
742.9050,0.077121
743.1380,0.078007
743.3709,0.078934
743.6039,0.079901
743.8369,0.080892
744.0698,0.081887
744.3028,0.082875
744.5357,0.083868
744.7687,0.084902
745.0017,0.086023
745.2346,0.087265
745.4676,0.088633
745.7005,0.090095
745.9335,0.091597
746.1664,0.093073
746.3994,0.094472
746.6324,0.095759
746.8653,0.096908
747.0983,0.097888
747.3312,0.098655
747.5642,0.099147
747.7972,0.099312
748.0301,0.099123
748.2631,0.098606
748.4960,0.097833
748.7290,0.096906
748.9619,0.095929
749.1949,0.094989
749.4279,0.094142
749.6608,0.093422
749.8938,0.092849
750.1267,0.092436
750.3597,0.092187
750.5927,0.092076
750.8256,0.092043
751.0586,0.091988
751.2915,0.091788
751.5245,0.091327
751.7575,0.090534
751.9904,0.089398
752.2234,0.087971
752.4563,0.086340
752.6893,0.084599
752.9222,0.082816
753.1552,0.081036
753.3882,0.079285
753.6211,0.077590
753.8541,0.075991
754.0870,0.074539
754.3200,0.073278
754.5530,0.072227
754.7859,0.071370
755.0189,0.070656
755.2518,0.070024
755.4848,0.069422
755.7177,0.068834
755.9507,0.068280
756.1837,0.067801
756.4166,0.067435
756.6496,0.067197
756.8825,0.067062
757.1155,0.066985
757.3485,0.066910
757.5814,0.066802
757.8144,0.066659
758.0473,0.066508
758.2803,0.066387
758.5132,0.066331
758.7462,0.066352
758.9792,0.066442
759.2121,0.066575
759.4451,0.066729
759.6780,0.066891
759.9110,0.067062
760.1440,0.067251
760.3769,0.067463
760.6099,0.067696
760.8428,0.067938
761.0758,0.068175
761.3088,0.068403
761.5417,0.068625
761.7747,0.068857
762.0076,0.069115
762.2406,0.069410
762.4735,0.069739
762.7065,0.070093
762.9395,0.070463
763.1724,0.070842
763.4054,0.071236
763.6383,0.071653
763.8713,0.072101
764.1043,0.072576
764.3372,0.073066
764.5702,0.073554
764.8031,0.074032
765.0361,0.074503
765.2690,0.074987
765.5020,0.075507
765.7350,0.076083
765.9679,0.076715
766.2009,0.077385
766.4338,0.078064
766.6668,0.078720
766.8998,0.079337
767.1327,0.079915
767.3657,0.080467
767.5986,0.081006
767.8316,0.081536
768.0646,0.082044
768.2975,0.082508
768.5305,0.082904
768.7634,0.083214
768.9964,0.083438
769.2293,0.083584
769.4623,0.083661
769.6953,0.083677
769.9282,0.083633
770.1612,0.083528
770.3941,0.083369
770.6271,0.083174
770.8601,0.082971
771.0930,0.082791
771.3260,0.082654
771.5589,0.082568
771.7919,0.082527
772.0248,0.082516
772.2578,0.082527
772.4908,0.082557
772.7237,0.082613
772.9567,0.082706
773.1896,0.082838
773.4226,0.083002
773.6556,0.083183
773.8885,0.083366
774.1215,0.083546
774.3544,0.083731
774.5874,0.083937
774.8204,0.084180
775.0533,0.084462
775.2863,0.084769
775.5192,0.085074
775.7522,0.085348
775.9851,0.085576
776.2181,0.085761
776.4511,0.085921
776.6840,0.086080
776.9170,0.086246
777.1499,0.086412
777.3829,0.086556
777.6159,0.086652
777.8488,0.086685
778.0818,0.086661
778.3147,0.086609
778.5477,0.086560
778.7806,0.086542
779.0136,0.086567
779.2466,0.086628
779.4795,0.086717
779.7125,0.086827
779.9454,0.086968
780.1784,0.087163
780.4114,0.087434
780.6443,0.087795
780.8773,0.088246
781.1102,0.088768
781.3432,0.089342
781.5762,0.089957
781.8091,0.090618
782.0421,0.091339
782.2750,0.092134
782.5080,0.093001
782.7409,0.093912
782.9739,0.094822
783.2069,0.095678
783.4398,0.096441
783.6728,0.097097
783.9057,0.097655
784.1387,0.098137
784.3717,0.098552
784.6046,0.098894
784.8376,0.099132
785.0705,0.099232
785.3035,0.099176
785.5364,0.098971
785.7694,0.098655
786.0024,0.098286
786.2353,0.097914
786.4683,0.097576
786.7012,0.097285
786.9342,0.097039
787.1672,0.096838
787.4001,0.096690
787.6331,0.096617
787.8660,0.096643
788.0990,0.096785
788.3320,0.097039
788.5649,0.097382
788.7979,0.097779
789.0308,0.098198
789.2638,0.098618
789.4967,0.099033
789.7297,0.099444
789.9627,0.099852
790.1956,0.100246
790.4286,0.100608
790.6615,0.100919
790.8945,0.101175
791.1275,0.101385
791.3604,0.101574
791.5934,0.101768
791.8263,0.101981
792.0593,0.102207
792.2922,0.102425
792.5252,0.102615
792.7582,0.102770
792.9911,0.102905
793.2241,0.103055
793.4570,0.103260
793.6900,0.103548
793.9230,0.103923
794.1559,0.104373
794.3889,0.104875
794.6218,0.105419
794.8548,0.106014
795.0878,0.106689
795.3207,0.107478
795.5537,0.108404
795.7866,0.109468
796.0196,0.110650
796.2525,0.111919
796.4855,0.113254
796.7185,0.114654
796.9514,0.116140
797.1844,0.117741
797.4173,0.119473
797.6503,0.121334
797.8833,0.123294
798.1162,0.125311
798.3492,0.127355
798.5821,0.129416
798.8151,0.131512
799.0480,0.133677
799.2810,0.135940
799.5140,0.138312
799.7469,0.140786
799.9799,0.143345
800.2128,0.145983
800.4458,0.148719
800.6788,0.151591
800.9117,0.154642
801.1447,0.157889
801.3776,0.161306
801.6106,0.164818
801.8436,0.168314
802.0765,0.171679
802.3095,0.174812
802.5424,0.177631
802.7754,0.180063
803.0083,0.182019
803.2413,0.183372
803.4743,0.183970
803.7072,0.183661
803.9402,0.182340
804.1731,0.179979
804.4061,0.176637
804.6391,0.172435
804.8720,0.167520
805.1050,0.162042
805.3379,0.156142
805.5709,0.149963
805.8038,0.143665
806.0368,0.137429
806.2698,0.131438
806.5027,0.125860
806.7357,0.120814
806.9686,0.116362
807.2016,0.112512
807.4346,0.109233
807.6675,0.106474
807.9005,0.104186
808.1334,0.102327
808.3664,0.100862
808.5994,0.099753
808.8323,0.098955
809.0653,0.098415
809.2982,0.098079
809.5312,0.097901
809.7641,0.097850
809.9971,0.097911
810.2301,0.098081
810.4630,0.098353
810.6960,0.098715
810.9289,0.099148
811.1619,0.099631
811.3949,0.100153
811.6278,0.100715
811.8608,0.101331
812.0937,0.102018
812.3267,0.102780
812.5596,0.103607
812.7926,0.104473
813.0256,0.105347
813.2585,0.106207
813.4915,0.107049
813.7244,0.107882
813.9574,0.108724
814.1904,0.109583
814.4233,0.110451
814.6563,0.111308
814.8892,0.112131
815.1222,0.112910
815.3552,0.113662
815.5881,0.114430
815.8211,0.115265
816.0540,0.116215
816.2870,0.117306
816.5199,0.118540
816.7529,0.119905
816.9859,0.121386
817.2188,0.122978
817.4518,0.124690
817.6847,0.126538
817.9177,0.128531
818.1507,0.130660
818.3836,0.132898
818.6166,0.135209
818.8495,0.137561
819.0825,0.139939
819.3154,0.142349
819.5484,0.144805
819.7814,0.147316
820.0143,0.149869
820.2473,0.152438
820.4802,0.154985
820.7132,0.157486
820.9462,0.159939
821.1791,0.162369
821.4121,0.164810
821.6450,0.167286
821.8780,0.169797
822.1110,0.172315
822.3439,0.174798
822.5769,0.177215
822.8098,0.179558
823.0428,0.181849
823.2757,0.184120
823.5087,0.186397
823.7417,0.188676
823.9746,0.190929
824.2076,0.193111
824.4405,0.195184
824.6735,0.197134
824.9065,0.198969
825.1394,0.200702
825.3724,0.202328
825.6053,0.203812
825.8383,0.205089
826.0712,0.206088
826.3042,0.206762
826.5372,0.207107
826.7701,0.207164
827.0031,0.206993
827.2360,0.206650
827.4690,0.206159
827.7020,0.205513
827.9349,0.204696
828.1679,0.203703
828.4008,0.202558
828.6338,0.201312
828.8668,0.200028
829.0997,0.198750
829.3327,0.197487
829.5656,0.196221
829.7986,0.194916
830.0315,0.193546
830.2645,0.192110
830.4975,0.190630
830.7304,0.189134
830.9634,0.187639
831.1963,0.186136
831.4293,0.184596
831.6623,0.182988
831.8952,0.181300
832.1282,0.179550
832.3611,0.177783
832.5941,0.176051
832.8270,0.174391
833.0600,0.172812
833.2930,0.171299
833.5259,0.169829
833.7589,0.168391
833.9918,0.167001
834.2248,0.165692
834.4578,0.164505
834.6907,0.163465
834.9237,0.162566
835.1566,0.161780
835.3896,0.161064
835.6226,0.160386
835.8555,0.159735
836.0885,0.159124
836.3214,0.158575
836.5544,0.158107
836.7873,0.157721
837.0203,0.157403
837.2533,0.157135
837.4862,0.156911
837.7192,0.156743
837.9521,0.156663
838.1851,0.156705
838.4181,0.156888
838.6510,0.157212
838.8840,0.157656
839.1169,0.158193
839.3499,0.158808
839.5828,0.159504
839.8158,0.160300
840.0488,0.161212
840.2817,0.162237
840.5147,0.163344
840.7476,0.164473
840.9806,0.165560
841.2136,0.166556
841.4465,0.167443
841.6795,0.168232
841.9124,0.168951
842.1454,0.169620
842.3784,0.170236
842.6113,0.170777
842.8443,0.171215
843.0772,0.171539
843.3102,0.171770
843.5431,0.171959
843.7761,0.172170
844.0091,0.172458
844.2420,0.172852
844.4750,0.173352
844.7079,0.173947
844.9409,0.174627
845.1739,0.175406
845.4068,0.176316
845.6398,0.177396
845.8727,0.178674
846.1057,0.180149
846.3386,0.181793
846.5716,0.183561
846.8046,0.185413
847.0375,0.187325
847.2705,0.189295
847.5034,0.191326
847.7364,0.193408
847.9694,0.195501
848.2023,0.197537
848.4353,0.199438
848.6682,0.201137
848.9012,0.202597
849.1342,0.203815
849.3671,0.204803
849.6001,0.205569
849.8330,0.206100
850.0660,0.206364
850.2989,0.206325
850.5319,0.205971
850.7649,0.205331
850.9978,0.204473
851.2308,0.203484
851.4637,0.202444
851.6967,0.201404
851.9297,0.200381
852.1626,0.199369
852.3956,0.198355
852.6285,0.197337
852.8615,0.196324
853.0944,0.195329
853.3274,0.194351
853.5604,0.193368
853.7933,0.192344
854.0263,0.191240
854.2592,0.190035
854.4922,0.188739
854.7252,0.187385
854.9581,0.186020
855.1911,0.184683
855.4240,0.183396
855.6570,0.182161
855.8900,0.180979
856.1229,0.179857
856.3559,0.178824
856.5888,0.177924
856.8218,0.177205
857.0547,0.176699
857.2877,0.176417
857.5207,0.176349
857.7536,0.176470
857.9866,0.176762
858.2195,0.177213
858.4525,0.177817
858.6855,0.178560
858.9184,0.179404
859.1514,0.180285
859.3843,0.181116
859.6173,0.181806
859.8502,0.182278
860.0832,0.182487
860.3162,0.182407
860.5491,0.182025
860.7821,0.181316
861.0150,0.180239
861.2480,0.178746
861.4810,0.176802
861.7139,0.174409
861.9469,0.171616
862.1798,0.168513
862.4128,0.165207
862.6458,0.161797
862.8787,0.158363
863.1117,0.154957
863.3446,0.151623
863.5776,0.148407
863.8105,0.145372
864.0435,0.142590
864.2765,0.140134
864.5094,0.138062
864.7424,0.136406
864.9753,0.135169
865.2083,0.134339
865.4413,0.133894
865.6742,0.133813
865.9072,0.134082
866.1401,0.134679
866.3731,0.135577
866.6060,0.136728
866.8390,0.138072
867.0720,0.139540
867.3049,0.141068
867.5379,0.142600
867.7708,0.144093
868.0038,0.145504
868.2368,0.146779
868.4697,0.147850
868.7027,0.148638
868.9356,0.149071
869.1686,0.149103
869.4016,0.148729
869.6345,0.147985
869.8675,0.146936
870.1004,0.145661
870.3334,0.144235
870.5663,0.142727
870.7993,0.141198
871.0323,0.139708
871.2652,0.138322
871.4982,0.137103
871.7311,0.136101
871.9641,0.135347
872.1971,0.134849
872.4300,0.134592
872.6630,0.134554
872.8959,0.134719
873.1289,0.135078
873.3618,0.135638
873.5948,0.136406
873.8278,0.137381
874.0607,0.138550
874.2937,0.139888
874.5266,0.141371
874.7596,0.142982
874.9926,0.144727
875.2255,0.146628
875.4585,0.148717
875.6914,0.151016
875.9244,0.153537
876.1574,0.156273
876.3903,0.159214
876.6233,0.162354
876.8562,0.165708
877.0892,0.169303
877.3221,0.173174
877.5551,0.177344
877.7881,0.181816
878.0210,0.186569
878.2540,0.191575
878.4869,0.196811
878.7199,0.202274
878.9529,0.207981
879.1858,0.213952
879.4188,0.220192
879.6517,0.226668
879.8847,0.233304
880.1176,0.239993
880.3506,0.246614
880.5836,0.253057
880.8165,0.259222
881.0495,0.265011
881.2824,0.270304
881.5154,0.274949
881.7484,0.278759
881.9813,0.281540
882.2143,0.283127
882.4472,0.283412
882.6802,0.282352
882.9132,0.279955
883.1461,0.276261
883.3791,0.271329
883.6120,0.265239
883.8450,0.258116
884.0779,0.250141
884.3109,0.241554
884.5439,0.232627
884.7768,0.223630
885.0098,0.214795
885.2427,0.206298
885.4757,0.198259
885.7087,0.190757
885.9416,0.183846
886.1746,0.177565
886.4075,0.171947
886.6405,0.167005
886.8734,0.162737
887.1064,0.159118
887.3394,0.156106
887.5723,0.153655
887.8053,0.151727
888.0382,0.150295
888.2712,0.149344
888.5042,0.148866
888.7371,0.148851
888.9701,0.149282
889.2030,0.150136
889.4360,0.151385
889.6690,0.153012
889.9019,0.155007
890.1349,0.157370
890.3678,0.160096
890.6008,0.163172
890.8337,0.166562
891.0667,0.170215
891.2997,0.174068
891.5326,0.178067
891.7656,0.182174
891.9985,0.186367
892.2315,0.190639
892.4645,0.194981
892.6974,0.199374
892.9304,0.203785
893.1633,0.208177
893.3963,0.212516
893.6292,0.216778
893.8622,0.220945
894.0952,0.224981
894.3281,0.228818
894.5611,0.232339
894.7940,0.235384
895.0270,0.237773
895.2600,0.239337
895.4929,0.239947
895.7259,0.239530
895.9588,0.238062
896.1918,0.235555
896.4247,0.232046
896.6577,0.227596
896.8907,0.222293
897.1236,0.216261
897.3566,0.209660
897.5895,0.202670
897.8225,0.195472
898.0555,0.188228
898.2884,0.181070
898.5214,0.174101
898.7543,0.167401
898.9873,0.161033
899.2203,0.155050
899.4532,0.149487
899.6862,0.144359
899.9191,0.139659
900.1521,0.135358
900.3850,0.131413
900.6180,0.127778
900.8510,0.124412
901.0839,0.121287
901.3169,0.118381
901.5498,0.115678
901.7828,0.113156
902.0158,0.110788
902.2487,0.108544
902.4817,0.106394
902.7146,0.104313
902.9476,0.102288
903.1805,0.100311
903.4135,0.098375
903.6465,0.096473
903.8794,0.094592
904.1124,0.092721
904.3453,0.090852
904.5783,0.088986
904.8113,0.087139
905.0442,0.085332
905.2772,0.083591
905.5101,0.081934
905.7431,0.080370
905.9761,0.078897
906.2090,0.077509
906.4420,0.076199
906.6749,0.074965
906.9079,0.073811
907.1408,0.072745
907.3738,0.071775
907.6068,0.070907
907.8397,0.070143
908.0727,0.069479
908.3056,0.068913
908.5386,0.068441
908.7716,0.068061
909.0045,0.067772
909.2375,0.067569
909.4704,0.067445
909.7034,0.067392
909.9363,0.067401
910.1693,0.067465
910.4023,0.067577
910.6352,0.067737
910.8682,0.067942
911.1011,0.068187
911.3341,0.068464
911.5671,0.068764
911.8000,0.069078
912.0330,0.069397
912.2659,0.069722
912.4989,0.070054
912.7319,0.070392
912.9648,0.070735
913.1978,0.071072
913.4307,0.071388
913.6637,0.071662
913.8966,0.071875
914.1296,0.072013
914.3626,0.072066
914.5955,0.072028
914.8285,0.071895
915.0614,0.071662
915.2944,0.071327
915.5274,0.070892
915.7603,0.070364
915.9933,0.069759
916.2262,0.069100
916.4592,0.068409
916.6921,0.067709
916.9251,0.067014
917.1581,0.066337
917.3910,0.065683
917.6240,0.065061
917.8569,0.064479
918.0899,0.063945
918.3229,0.063467
918.5558,0.063050
918.7888,0.062694
919.0217,0.062392
919.2547,0.062138
919.4877,0.061928
919.7206,0.061759
919.9536,0.061634
920.1865,0.061556
920.4195,0.061525
920.6524,0.061540
920.8854,0.061594
921.1184,0.061678
921.3513,0.061784
921.5843,0.061905
921.8172,0.062040
922.0502,0.062188
922.2832,0.062351
922.5161,0.062527
922.7491,0.062714
922.9820,0.062910
923.2150,0.063111
923.4479,0.063312
923.6809,0.063511
923.9139,0.063702
924.1468,0.063881
924.3798,0.064041
924.6127,0.064177
924.8457,0.064287
925.0787,0.064374
925.3116,0.064446
925.5446,0.064513
925.7775,0.064583
926.0105,0.064659
926.2435,0.064737
926.4764,0.064810
926.7094,0.064868
926.9423,0.064905
927.1753,0.064920
927.4082,0.064916
927.6412,0.064900
927.8742,0.064876
928.1071,0.064844
928.3401,0.064799
928.5730,0.064735
928.8060,0.064646
929.0390,0.064528
929.2719,0.064380
929.5049,0.064206
929.7378,0.064006
929.9708,0.063782
930.2037,0.063533
930.4367,0.063261
930.6697,0.062967
930.9026,0.062659
931.1356,0.062347
931.3685,0.062041
931.6015,0.061751
931.8345,0.061482
932.0674,0.061237
932.3004,0.061017
932.5333,0.060821
932.7663,0.060651
932.9993,0.060510
933.2322,0.060401
933.4652,0.060325
933.6981,0.060284
933.9311,0.060275
934.1640,0.060295
934.3970,0.060340
934.6300,0.060408
934.8629,0.060494
935.0959,0.060591
935.3288,0.060692
935.5618,0.060789
935.7948,0.060875
936.0277,0.060947
936.2607,0.061008
936.4936,0.061066
936.7266,0.061130
936.9595,0.061207
937.1925,0.061301
937.4255,0.061409
937.6584,0.061524
937.8914,0.061641
938.1243,0.061756
938.3573,0.061873
938.5903,0.061999
938.8232,0.062145
939.0562,0.062319
939.2891,0.062525
939.5221,0.062762
939.7551,0.063025
939.9880,0.063306
940.2210,0.063598
940.4539,0.063894
940.6869,0.064192
940.9198,0.064486
941.1528,0.064772
941.3858,0.065046
941.6187,0.065305
941.8517,0.065548
942.0846,0.065777
942.3176,0.065997
942.5506,0.066212
942.7835,0.066425
943.0165,0.066640
943.2494,0.066855
943.4824,0.067074
943.7153,0.067298
943.9483,0.067533
944.1813,0.067782
944.4142,0.068048
944.6472,0.068331
944.8801,0.068625
945.1131,0.068926
945.3461,0.069229
945.5790,0.069534
945.8120,0.069844
946.0449,0.070161
946.2779,0.070487
946.5109,0.070819
946.7438,0.071152
946.9768,0.071477
947.2097,0.071794
947.4427,0.072105
947.6756,0.072423
947.9086,0.072760
948.1416,0.073131
948.3745,0.073541
948.6075,0.073988
948.8404,0.074466
949.0734,0.074966
949.3064,0.075483
949.5393,0.076020
949.7723,0.076584
950.0052,0.077184
950.2382,0.077824
950.4711,0.078504
950.7041,0.079215
950.9371,0.079948
951.1700,0.080697
951.4030,0.081459
951.6359,0.082241
951.8689,0.083054
952.1019,0.083906
952.3348,0.084805
952.5678,0.085754
952.8007,0.086753
953.0337,0.087807
953.2667,0.088922
953.4996,0.090108
953.7326,0.091376
953.9655,0.092733
954.1985,0.094182
954.4314,0.095722
954.6644,0.097346
954.8974,0.099051
955.1303,0.100840
955.3633,0.102714
955.5962,0.104679
955.8292,0.106733
956.0622,0.108868
956.2951,0.111072
956.5281,0.113326
956.7610,0.115616
956.9940,0.117930
957.2269,0.120262
957.4599,0.122603
957.6929,0.124940
957.9258,0.127248
958.1588,0.129495
958.3917,0.131643
958.6247,0.133658
958.8577,0.135512
959.0906,0.137181
959.3236,0.138647
959.5565,0.139887
959.7895,0.140872
960.0225,0.141571
960.2554,0.141952
960.4884,0.141998
960.7213,0.141702
960.9543,0.141074
961.1872,0.140134
961.4202,0.138907
961.6532,0.137421
961.8861,0.135708
962.1191,0.133808
962.3520,0.131767
962.5850,0.129642
962.8180,0.127491
963.0509,0.125364
963.2839,0.123301
963.5168,0.121326
963.7498,0.119451
963.9827,0.117683
964.2157,0.116025
964.4487,0.114481
964.6816,0.113054
964.9146,0.111741
965.1475,0.110533
965.3805,0.109412
965.6135,0.108354
965.8464,0.107339
966.0794,0.106352
966.3123,0.105385
966.5453,0.104439
966.7783,0.103516
967.0112,0.102616
967.2442,0.101734
967.4771,0.100861
967.7101,0.099990
967.9430,0.099118
968.1760,0.098251
968.4090,0.097399
968.6419,0.096578
968.8749,0.095796
969.1078,0.095061
969.3408,0.094373
969.5738,0.093732
969.8067,0.093139
970.0397,0.092599
970.2726,0.092123
970.5056,0.091718
970.7385,0.091391
970.9715,0.091142
971.2045,0.090966
971.4374,0.090857
971.6704,0.090810
971.9033,0.090826
972.1363,0.090907
972.3693,0.091060
972.6022,0.091284
972.8352,0.091577
973.0681,0.091926
973.3011,0.092316
973.5341,0.092733
973.7670,0.093168
974.0000,0.093618
974.2329,0.094084
974.4659,0.094570
974.6988,0.095077
974.9318,0.095604
975.1648,0.096145
975.3977,0.096691
975.6307,0.097235
975.8636,0.097772
976.0966,0.098300
976.3296,0.098817
976.5625,0.099323
976.7955,0.099820
977.0284,0.100309
977.2614,0.100795
977.4943,0.101284
977.7273,0.101783
977.9603,0.102299
978.1932,0.102838
978.4262,0.103408
978.6591,0.104015
978.8921,0.104672
979.1251,0.105393
979.3580,0.106198
979.5910,0.107104
979.8239,0.108123
980.0569,0.109262
980.2899,0.110516
980.5228,0.111873
980.7558,0.113319
980.9887,0.114836
981.2217,0.116404
981.4546,0.118001
981.6876,0.119598
981.9206,0.121156
982.1535,0.122630
982.3865,0.123973
982.6194,0.125146
982.8524,0.126122
983.0854,0.126891
983.3183,0.127459
983.5513,0.127837
983.7842,0.128039
984.0172,0.128079
984.2501,0.127969
984.4831,0.127727
984.7161,0.127376
984.9490,0.126948
985.1820,0.126475
985.4149,0.125987
985.6479,0.125499
985.8809,0.125015
986.1138,0.124528
986.3468,0.124026
986.5797,0.123504
986.8127,0.122962
987.0457,0.122407
987.2786,0.121848
987.5116,0.121286
987.7445,0.120717
987.9775,0.120129
988.2104,0.119514
988.4434,0.118869
988.6764,0.118206
988.9093,0.117549
989.1423,0.116928
989.3752,0.116375
989.6082,0.115914
989.8412,0.115557
990.0741,0.115312
990.3071,0.115182
990.5400,0.115171
990.7730,0.115289
991.0059,0.115547
991.2389,0.115954
991.4719,0.116516
991.7048,0.117227
991.9378,0.118076
992.1707,0.119049
992.4037,0.120132
992.6367,0.121318
992.8696,0.122607
993.1026,0.124003
993.3355,0.125512
993.5685,0.127139
993.8015,0.128885
994.0344,0.130751
994.2674,0.132737
994.5003,0.134847
994.7333,0.137088
994.9662,0.139468
995.1992,0.141996
995.4322,0.144677
995.6651,0.147513
995.8981,0.150500
996.1310,0.153631
996.3640,0.156894
996.5970,0.160272
996.8299,0.163748
997.0629,0.167297
997.2958,0.170892
997.5288,0.174502
997.7617,0.178090
997.9947,0.181617
998.2277,0.185034
998.4606,0.188287
998.6936,0.191317
998.9265,0.194062
999.1595,0.196470
999.3925,0.198504
999.6254,0.200147
999.8584,0.201405
1000.0913,0.202295
1000.3243,0.202846
1000.5573,0.203085
1000.7902,0.203037
1001.0232,0.202729
1001.2561,0.202185
1001.4891,0.201435
1001.7220,0.200504
1001.9550,0.199411
1002.1880,0.198162
1002.4209,0.196750
1002.6539,0.195164
1002.8868,0.193391
1003.1198,0.191433
1003.3528,0.189309
1003.5857,0.187049
1003.8187,0.184695
1004.0516,0.182289
1004.2846,0.179870
1004.5175,0.177476
1004.7505,0.175151
1004.9835,0.172942
1005.2164,0.170902
1005.4494,0.169084
1005.6823,0.167527
1005.9153,0.166252
1006.1483,0.165258
1006.3812,0.164523
1006.6142,0.164017
1006.8471,0.163707
1007.0801,0.163565
1007.3131,0.163572
1007.5460,0.163709
1007.7790,0.163955
1008.0119,0.164286
1008.2449,0.164679
1008.4778,0.165116
1008.7108,0.165596
1008.9438,0.166134
1009.1767,0.166763
1009.4097,0.167522
1009.6426,0.168447
1009.8756,0.169564
1010.1086,0.170887
1010.3415,0.172423
1010.5745,0.174179
1010.8074,0.176165
1011.0404,0.178394
1011.2733,0.180879
1011.5063,0.183621
1011.7393,0.186603
1011.9722,0.189795
1012.2052,0.193156
1012.4381,0.196642
1012.6711,0.200220
1012.9041,0.203863
1013.1370,0.207552
1013.3700,0.211263
1013.6029,0.214969
1013.8359,0.218634
1014.0689,0.222226
1014.3018,0.225726
1014.5348,0.229135
1014.7677,0.232475
1015.0007,0.235775
1015.2336,0.239059
1015.4666,0.242329
1015.6996,0.245567
1015.9325,0.248731
1016.1655,0.251777
1016.3984,0.254660
1016.6314,0.257341
1016.8644,0.259775
1017.0973,0.261904
1017.3303,0.263642
1017.5632,0.264883
1017.7962,0.265514
1018.0291,0.265441
1018.2621,0.264606
1018.4951,0.262995
1018.7280,0.260632
1018.9610,0.257562
1019.1939,0.253838
1019.4269,0.249516
1019.6599,0.244661
1019.8928,0.239355
1020.1258,0.233700
1020.3587,0.227816
1020.5917,0.221824
1020.8247,0.215833
1021.0576,0.209925
1021.2906,0.204159
1021.5235,0.198577
1021.7565,0.193216
1021.9894,0.188114
1022.2224,0.183317
1022.4554,0.178866
1022.6883,0.174794
1022.9213,0.171115
1023.1542,0.167830
1023.3872,0.164930
1023.6202,0.162405
1023.8531,0.160250
1024.0861,0.158465
1024.3190,0.157053
1024.5520,0.156013
1024.7849,0.155333
1025.0179,0.154994
1025.2509,0.154974
1025.4838,0.155252
1025.7168,0.155818
1025.9497,0.156669
1026.1827,0.157809
1026.4157,0.159236
1026.6486,0.160938
1026.8816,0.162889
1027.1145,0.165056
1027.3475,0.167403
1027.5804,0.169901
1027.8134,0.172528
1028.0464,0.175272
1028.2793,0.178115
1028.5123,0.181032
1028.7452,0.183982
1028.9782,0.186911
1029.2112,0.189759
1029.4441,0.192470
1029.6771,0.194995
1029.9100,0.197288
1030.1430,0.199303
1030.3760,0.200985
1030.6089,0.202274
1030.8419,0.203108
1031.0748,0.203436
1031.3078,0.203232
1031.5407,0.202493
1031.7737,0.201235
1032.0067,0.199478
1032.2396,0.197237
1032.4726,0.194507
1032.7055,0.191277
1032.9385,0.187533
1033.1715,0.183280
1033.4044,0.178553
1033.6374,0.173421
1033.8703,0.167990
1034.1033,0.162389
1034.3362,0.156761
1034.5692,0.151252
1034.8022,0.145995
1035.0351,0.141099
1035.2681,0.136636
1035.5010,0.132637
1035.7340,0.129095
1035.9670,0.125971
1036.1999,0.123208
1036.4329,0.120749
1036.6658,0.118546
1036.8988,0.116568
1037.1318,0.114798
1037.3647,0.113229
1037.5977,0.111853
1037.8306,0.110656
1038.0636,0.109618
1038.2965,0.108716
1038.5295,0.107929
1038.7625,0.107241
1038.9954,0.106642
1039.2284,0.106125
1039.4613,0.105685
1039.6943,0.105313
1039.9273,0.104998
1040.1602,0.104733
1040.3932,0.104513
1040.6261,0.104345
1040.8591,0.104239
1041.0920,0.104210
1041.3250,0.104271
1041.5580,0.104429
1041.7909,0.104688
1042.0239,0.105050
1042.2568,0.105522
1042.4898,0.106116
1042.7228,0.106852
1042.9557,0.107752
1043.1887,0.108836
1043.4216,0.110119
1043.6546,0.111608
1043.8876,0.113306
1044.1205,0.115217
1044.3535,0.117346
1044.5864,0.119703
1044.8194,0.122294
1045.0523,0.125120
1045.2853,0.128175
1045.5183,0.131440
1045.7512,0.134889
1045.9842,0.138494
1046.2171,0.142230
1046.4501,0.146074
1046.6831,0.149999
1046.9160,0.153971
1047.1490,0.157940
1047.3819,0.161839
1047.6149,0.165592
1047.8478,0.169118
1048.0808,0.172347
1048.3138,0.175223
1048.5467,0.177704
1048.7797,0.179757
1049.0126,0.181357
1049.2456,0.182486
1049.4786,0.183138
1049.7115,0.183327
1049.9445,0.183092
1050.1774,0.182491
1050.4104,0.181592
1050.6434,0.180456
1050.8763,0.179123
1051.1093,0.177606
1051.3422,0.175894
1051.5752,0.173961
1051.8081,0.171773
1052.0411,0.169296
1052.2741,0.166495
1052.5070,0.163340
1052.7400,0.159802
1052.9729,0.155866
1053.2059,0.151532
1053.4389,0.146830
1053.6718,0.141816
1053.9048,0.136573
1054.1377,0.131193
1054.3707,0.125770
1054.6036,0.120390
1054.8366,0.115125
1055.0696,0.110037
1055.3025,0.105177
1055.5355,0.100590
1055.7684,0.096308
1056.0014,0.092357
1056.2344,0.088743
1056.4673,0.085460
1056.7003,0.082493
1056.9332,0.079818
1057.1662,0.077411
1057.3992,0.075249
1057.6321,0.073311
1057.8651,0.071578
1058.0980,0.070030
1058.3310,0.068644
1058.5639,0.067398
1058.7969,0.066272
1059.0299,0.065250
1059.2628,0.064321
1059.4958,0.063479
1059.7287,0.062719
1059.9617,0.062035
1060.1947,0.061418
1060.4276,0.060856
1060.6606,0.060340
1060.8935,0.059861
1061.1265,0.059416
1061.3594,0.059007
1061.5924,0.058637
1061.8254,0.058309
1062.0583,0.058022
1062.2913,0.057772
1062.5242,0.057556
1062.7572,0.057370
1062.9902,0.057212
1063.2231,0.057083
1063.4561,0.056986
1063.6890,0.056919
1063.9220,0.056881
1064.1550,0.056866
1064.3879,0.056870
1064.6209,0.056889
1064.8538,0.056924
1065.0868,0.056976
1065.3197,0.057049
1065.5527,0.057145
1065.7857,0.057262
1066.0186,0.057397
1066.2516,0.057548
1066.4845,0.057714
1066.7175,0.057897
1066.9505,0.058103
1067.1834,0.058334
1067.4164,0.058594
1067.6493,0.058879
1067.8823,0.059184
1068.1152,0.059503
1068.3482,0.059834
1068.5812,0.060177
1068.8141,0.060536
1069.0471,0.060917
1069.2800,0.061323
1069.5130,0.061753
1069.7460,0.062206
1069.9789,0.062675
1070.2119,0.063158
1070.4448,0.063656
1070.6778,0.064170
1070.9108,0.064703
1071.1437,0.065256
1071.3767,0.065824
1071.6096,0.066403
1071.8426,0.066988
1072.0755,0.067581
1072.3085,0.068190
1072.5415,0.068826
1072.7744,0.069505
1073.0074,0.070236
1073.2403,0.071022
1073.4733,0.071862
1073.7063,0.072745
1073.9392,0.073663
1074.1722,0.074612
1074.4051,0.075591
1074.6381,0.076601
1074.8710,0.077642
1075.1040,0.078710
1075.3370,0.079798
1075.5699,0.080895
1075.8029,0.081991
1076.0358,0.083079
1076.2688,0.084154
1076.5018,0.085210
1076.7347,0.086235
1076.9677,0.087210
1077.2006,0.088104
1077.4336,0.088885
1077.6666,0.089521
1077.8995,0.089987
1078.1325,0.090267
1078.3654,0.090354
1078.5984,0.090243
1078.8313,0.089928
1079.0643,0.089408
1079.2973,0.088681
1079.5302,0.087756
1079.7632,0.086649
1079.9961,0.085388
1080.2291,0.084004
1080.4621,0.082528
1080.6950,0.080987
1080.9280,0.079401
1081.1609,0.077788
1081.3939,0.076166
1081.6268,0.074553
1081.8598,0.072972
1082.0928,0.071445
1082.3257,0.069989
1082.5587,0.068615
1082.7916,0.067327
1083.0246,0.066125
1083.2576,0.065010
1083.4905,0.063984
1083.7235,0.063051
1083.9564,0.062216
1084.1894,0.061481
1084.4224,0.060845
1084.6553,0.060301
1084.8883,0.059840
1085.1212,0.059454
1085.3542,0.059139
1085.5871,0.058894
1085.8201,0.058720
1086.0531,0.058617
1086.2860,0.058584
1086.5190,0.058615
1086.7519,0.058703
1086.9849,0.058840
1087.2179,0.059021
1087.4508,0.059243
1087.6838,0.059508
1087.9167,0.059815
1088.1497,0.060163
1088.3826,0.060550
1088.6156,0.060970
1088.8486,0.061417
1089.0815,0.061885
1089.3145,0.062371
1089.5474,0.062872
1089.7804,0.063386
1090.0134,0.063910
1090.2463,0.064442
1090.4793,0.064982
1090.7122,0.065533
1090.9452,0.066096
1091.1782,0.066676
1091.4111,0.067275
1091.6441,0.067893
1091.8770,0.068526
1092.1100,0.069174
1092.3429,0.069835
1092.5759,0.070517
1092.8089,0.071233
1093.0418,0.071999
1093.2748,0.072831
1093.5077,0.073738
1093.7407,0.074722
1093.9737,0.075776
1094.2066,0.076890
1094.4396,0.078055
1094.6725,0.079264
1094.9055,0.080513
1095.1384,0.081796
1095.3714,0.083103
1095.6044,0.084418
1095.8373,0.085713
1096.0703,0.086962
1096.3032,0.088134
1096.5362,0.089208
1096.7692,0.090163
1097.0021,0.090981
1097.2351,0.091643
1097.4680,0.092124
1097.7010,0.092400
1097.9340,0.092450
1098.1669,0.092266
1098.3999,0.091855
1098.6328,0.091240
1098.8658,0.090452
1099.0987,0.089525
1099.3317,0.088487
1099.5647,0.087360
1099.7976,0.086162
1100.0306,0.084913
1100.2635,0.083635
1100.4965,0.082356
1100.7295,0.081103
1100.9624,0.079895
1101.1954,0.078744
1101.4283,0.077648
1101.6613,0.076600
1101.8942,0.075591
1102.1272,0.074614
1102.3602,0.073671
1102.5931,0.072764
1102.8261,0.071898
1103.0590,0.071073
1103.2920,0.070284
1103.5250,0.069522
1103.7579,0.068779
1103.9909,0.068052
1104.2238,0.067341
1104.4568,0.066652
1104.6898,0.065991
1104.9227,0.065363
1105.1557,0.064765
1105.3886,0.064195
1105.6216,0.063645
1105.8545,0.063113
1106.0875,0.062597
1106.3205,0.062101
1106.5534,0.061627
1106.7864,0.061175
1107.0193,0.060743
1107.2523,0.060326
1107.4853,0.059919
1107.7182,0.059520
1107.9512,0.059131
1108.1841,0.058757
1108.4171,0.058405
1108.6500,0.058078
1108.8830,0.057780
1109.1160,0.057510
1109.3489,0.057266
1109.5819,0.057049
1109.8148,0.056859
1110.0478,0.056697
1110.2808,0.056564
1110.5137,0.056459
1110.7467,0.056376
1110.9796,0.056310
1111.2126,0.056254
1111.4456,0.056205
1111.6785,0.056159
1111.9115,0.056118
1112.1444,0.056082
1112.3774,0.056050
1112.6103,0.056017
1112.8433,0.055977
1113.0763,0.055926
1113.3092,0.055861
1113.5422,0.055783
1113.7751,0.055694
1114.0081,0.055600
1114.2411,0.055503
1114.4740,0.055405
1114.7070,0.055305
1114.9399,0.055202
1115.1729,0.055096
1115.4058,0.054989
1115.6388,0.054885
1115.8718,0.054788
1116.1047,0.054702
1116.3377,0.054627
1116.5706,0.054566
1116.8036,0.054519
1117.0366,0.054489
1117.2695,0.054478
1117.5025,0.054491
1117.7354,0.054528
1117.9684,0.054590
1118.2014,0.054672
1118.4343,0.054769
1118.6673,0.054875
1118.9002,0.054986
1119.1332,0.055104
1119.3661,0.055229
1119.5991,0.055365
1119.8321,0.055512
1120.0650,0.055669
1120.2980,0.055834
1120.5309,0.056007
1120.7639,0.056186
1120.9969,0.056375
1121.2298,0.056577
1121.4628,0.056795
1121.6957,0.057030
1121.9287,0.057279
1122.1616,0.057536
1122.3946,0.057797
1122.6276,0.058058
1122.8605,0.058320
1123.0935,0.058588
1123.3264,0.058865
1123.5594,0.059157
1123.7924,0.059467
1124.0253,0.059795
1124.2583,0.060139
1124.4912,0.060500
1124.7242,0.060876
1124.9572,0.061271
1125.1901,0.061687
1125.4231,0.062125
1125.6560,0.062586
1125.8890,0.063069
1126.1219,0.063570
1126.3549,0.064089
1126.5879,0.064623
1126.8208,0.065172
1127.0538,0.065735
1127.2867,0.066314
1127.5197,0.066910
1127.7527,0.067525
1127.9856,0.068164
1128.2186,0.068832
1128.4515,0.069535
1128.6845,0.070273
1128.9174,0.071044
1129.1504,0.071843
1129.3834,0.072658
1129.6163,0.073479
1129.8493,0.074300
1130.0822,0.075117
1130.3152,0.075933
1130.5482,0.076749
1130.7811,0.077563
1131.0141,0.078371
1131.2470,0.079159
1131.4800,0.079912
1131.7130,0.080618
1131.9459,0.081267
1132.1789,0.081856
1132.4118,0.082388
1132.6448,0.082861
1132.8777,0.083276
1133.1107,0.083626
1133.3437,0.083904
1133.5766,0.084100
1133.8096,0.084211
1134.0425,0.084239
1134.2755,0.084191
1134.5085,0.084075
1134.7414,0.083900
1134.9744,0.083673
1135.2073,0.083398
1135.4403,0.083084
1135.6732,0.082737
1135.9062,0.082368
1136.1392,0.081991
1136.3721,0.081617
1136.6051,0.081256
1136.8380,0.080914
1137.0710,0.080597
1137.3040,0.080311
1137.5369,0.080064
1137.7699,0.079866
1138.0028,0.079726
1138.2358,0.079652
1138.4688,0.079647
1138.7017,0.079713
1138.9347,0.079845
1139.1676,0.080042
1139.4006,0.080305
1139.6335,0.080634
1139.8665,0.081034
1140.0995,0.081510
1140.3324,0.082061
1140.5654,0.082687
1140.7983,0.083382
1141.0313,0.084143
1141.2643,0.084970
1141.4972,0.085863
1141.7302,0.086831
1141.9631,0.087881
1142.1961,0.089023
1142.4290,0.090263
1142.6620,0.091605
1142.8950,0.093052
1143.1279,0.094608
1143.3609,0.096276
1143.5938,0.098061
1143.8268,0.099967
1144.0598,0.102000
1144.2927,0.104166
1144.5257,0.106474
1144.7586,0.108936
1144.9916,0.111568
1145.2246,0.114391
1145.4575,0.117424
1145.6905,0.120681
1145.9234,0.124173
1146.1564,0.127902
1146.3893,0.131863
1146.6223,0.136046
1146.8553,0.140436
1147.0882,0.145010
1147.3212,0.149733
1147.5541,0.154549
1147.7871,0.159377
1148.0201,0.164112
1148.2530,0.168629
1148.4860,0.172786
1148.7189,0.176437
1148.9519,0.179433
1149.1848,0.181633
1149.4178,0.182907
1149.6508,0.183148
1149.8837,0.182284
1150.1167,0.180296
1150.3496,0.177229
1150.5826,0.173190
1150.8156,0.168336
1151.0485,0.162852
1151.2815,0.156934
1151.5144,0.150762
1151.7474,0.144500
1151.9804,0.138288
1152.2133,0.132245
1152.4463,0.126469
1152.6792,0.121036
1152.9122,0.116001
1153.1451,0.111395
1153.3781,0.107229
1153.6111,0.103496
1153.8440,0.100179
1154.0770,0.097257
1154.3099,0.094702
1154.5429,0.092488
1154.7759,0.090587
1155.0088,0.088967
1155.2418,0.087596
1155.4747,0.086442
1155.7077,0.085477
1155.9406,0.084680
1156.1736,0.084033
1156.4066,0.083526
1156.6395,0.083151
1156.8725,0.082900
1157.1054,0.082759
1157.3384,0.082716
1157.5714,0.082755
1157.8043,0.082862
1158.0373,0.083030
1158.2702,0.083254
1158.5032,0.083533
1158.7362,0.083865
1158.9691,0.084248
1159.2021,0.084677
1159.4350,0.085149
1159.6680,0.085661
1159.9009,0.086214
1160.1339,0.086812
1160.3669,0.087460
1160.5998,0.088161
1160.8328,0.088918
1161.0657,0.089726
1161.2987,0.090582
1161.5317,0.091482
1161.7646,0.092426
1161.9976,0.093418
1162.2305,0.094463
1162.4635,0.095569
1162.6964,0.096740
1162.9294,0.097978
1163.1624,0.099283
1163.3953,0.100659
1163.6283,0.102108
1163.8612,0.103637
1164.0942,0.105252
1164.3272,0.106955
1164.5601,0.108746
1164.7931,0.110620
1165.0260,0.112572
1165.2590,0.114599
1165.4919,0.116703
1165.7249,0.118891
1165.9579,0.121172
1166.1908,0.123553
1166.4238,0.126036
1166.6567,0.128619
1166.8897,0.131297
1167.1227,0.134065
1167.3556,0.136924
1167.5886,0.139878
1167.8215,0.142933
1168.0545,0.146091
1168.2875,0.149347
1168.5204,0.152684
1168.7534,0.156076
1168.9863,0.159493
1169.2193,0.162900
1169.4522,0.166256
1169.6852,0.169510
1169.9182,0.172597
1170.1511,0.175432
1170.3841,0.177915
1170.6170,0.179943
1170.8500,0.181419
1171.0830,0.182271
1171.3159,0.182461
1171.5489,0.181986
1171.7818,0.180876
1172.0148,0.179200
1172.2477,0.177051
1172.4807,0.174552
1172.7137,0.171847
1172.9466,0.169087
1173.1796,0.166416
1173.4125,0.163953
1173.6455,0.161782
1173.8785,0.159943
1174.1114,0.158439
1174.3444,0.157243
1174.5773,0.156315
1174.8103,0.155610
1175.0433,0.155086
1175.2762,0.154707
1175.5092,0.154435
1175.7421,0.154236
1175.9751,0.154072
1176.2080,0.153910
1176.4410,0.153723
1176.6740,0.153495
1176.9069,0.153222
1177.1399,0.152908
1177.3728,0.152558
1177.6058,0.152179
1177.8388,0.151775
1178.0717,0.151353
1178.3047,0.150919
1178.5376,0.150486
1178.7706,0.150072
1179.0035,0.149690
1179.2365,0.149350
1179.4695,0.149052
1179.7024,0.148788
1179.9354,0.148541
1180.1683,0.148298
1180.4013,0.148045
1180.6343,0.147775
1180.8672,0.147483
1181.1002,0.147166
1181.3331,0.146814
1181.5661,0.146422
1181.7991,0.145979
1182.0320,0.145484
1182.2650,0.144936
1182.4979,0.144344
1182.7309,0.143714
1182.9638,0.143052
1183.1968,0.142359
1183.4298,0.141635
1183.6627,0.140881
1183.8957,0.140103
1184.1286,0.139312
1184.3616,0.138525
1184.5946,0.137758
1184.8275,0.137023
1185.0605,0.136326
1185.2934,0.135666
1185.5264,0.135040
1185.7593,0.134449
1185.9923,0.133895
1186.2253,0.133382
1186.4582,0.132914
1186.6912,0.132490
1186.9241,0.132102
1187.1571,0.131737
1187.3901,0.131383
1187.6230,0.131032
1187.8560,0.130684
1188.0889,0.130346
1188.3219,0.130027
1188.5549,0.129732
1188.7878,0.129464
1189.0208,0.129218
1189.2537,0.128991
1189.4867,0.128780
1189.7196,0.128592
1189.9526,0.128437
1190.1856,0.128327
1190.4185,0.128274
1190.6515,0.128282
1190.8844,0.128352
1191.1174,0.128484
1191.3504,0.128679
1191.5833,0.128942
1191.8163,0.129283
1192.0492,0.129715
1192.2822,0.130244
1192.5151,0.130873
1192.7481,0.131596
1192.9811,0.132409
1193.2140,0.133306
1193.4470,0.134288
1193.6799,0.135361
1193.9129,0.136533
1194.1459,0.137808
1194.3788,0.139184
1194.6118,0.140653
1194.8447,0.142205
1195.0777,0.143831
1195.3107,0.145532
1195.5436,0.147314
1195.7766,0.149187
1196.0095,0.151161
1196.2425,0.153243
1196.4754,0.155428
1196.7084,0.157711
1196.9414,0.160086
1197.1743,0.162550
1197.4073,0.165106
1197.6402,0.167761
1197.8732,0.170518
1198.1062,0.173374
1198.3391,0.176320
1198.5721,0.179344
1198.8050,0.182438
1199.0380,0.185598
1199.2709,0.188829
1199.5039,0.192140
1199.7369,0.195534
1199.9698,0.199006
1200.2028,0.202543
1200.4357,0.206123
1200.6687,0.209728
1200.9017,0.213348
1201.1346,0.216979
1201.3676,0.220626
1201.6005,0.224289
1201.8335,0.227960
1202.0665,0.231622
1202.2994,0.235254
1202.5324,0.238838
1202.7653,0.242366
1202.9983,0.245841
1203.2312,0.249272
1203.4642,0.252668
1203.6972,0.256027
1203.9301,0.259338
1204.1631,0.262586
1204.3960,0.265761
1204.6290,0.268865
1204.8620,0.271916
1205.0949,0.274940
1205.3279,0.277961
1205.5608,0.280999
1205.7938,0.284062
1206.0267,0.287155
1206.2597,0.290287
1206.4927,0.293477
1206.7256,0.296755
1206.9586,0.300153
1207.1915,0.303693
1207.4245,0.307382
1207.6575,0.311208
1207.8904,0.315148
1208.1234,0.319181
1208.3563,0.323295
1208.5893,0.327491
1208.8223,0.331773
1209.0552,0.336137
1209.2882,0.340563
1209.5211,0.345011
1209.7541,0.349430
1209.9870,0.353774
1210.2200,0.358010
1210.4530,0.362120
1210.6859,0.366097
1210.9189,0.369925
1211.1518,0.373571
1211.3848,0.376982
1211.6178,0.380093
1211.8507,0.382841
1212.0837,0.385178
1212.3166,0.387075
1212.5496,0.388514
1212.7825,0.389474
1213.0155,0.389927
1213.2485,0.389837
1213.4814,0.389169
1213.7144,0.387904
1213.9473,0.386041
1214.1803,0.383600
1214.4133,0.380606
1214.6462,0.377077
1214.8792,0.373015
1215.1121,0.368418
1215.3451,0.363289
1215.5781,0.357654
1215.8110,0.351566
1216.0440,0.345101
1216.2769,0.338343
1216.5099,0.331370
1216.7428,0.324242
1216.9758,0.317008
1217.2088,0.309712
1217.4417,0.302401
1217.6747,0.295135
1217.9076,0.287977
1218.1406,0.280982
1218.3736,0.274195
1218.6065,0.267639
1218.8395,0.261325
1219.0724,0.255257
1219.3054,0.249441
1219.5383,0.243889
1219.7713,0.238615
1220.0043,0.233629
1220.2372,0.228928
1220.4702,0.224491
1220.7031,0.220289
1220.9361,0.216285
1221.1691,0.212449
1221.4020,0.208760
1221.6350,0.205204
1221.8679,0.201771
1222.1009,0.198447
1222.3339,0.195213
1222.5668,0.192045
1222.7998,0.188921
1223.0327,0.185825
1223.2657,0.182752
1223.4986,0.179705
1223.7316,0.176689
1223.9646,0.173707
1224.1975,0.170758
1224.4305,0.167835
1224.6634,0.164933
1224.8964,0.162052
1225.1294,0.159201
1225.3623,0.156397
1225.5953,0.153663
1225.8282,0.151020
1226.0612,0.148488
1226.2941,0.146084
1226.5271,0.143826
1226.7601,0.141734
1226.9930,0.139834
1227.2260,0.138154
1227.4589,0.136720
1227.6919,0.135552
1227.9249,0.134660
1228.1578,0.134050
1228.3908,0.133717
1228.6237,0.133659
1228.8567,0.133869
1229.0897,0.134344
1229.3226,0.135077
1229.5556,0.136055
1229.7885,0.137257
1230.0215,0.138653
1230.2544,0.140206
1230.4874,0.141876
1230.7204,0.143624
1230.9533,0.145409
1231.1863,0.147191
1231.4192,0.148929
1231.6522,0.150580
1231.8852,0.152100
1232.1181,0.153455
1232.3511,0.154621
1232.5840,0.155589
1232.8170,0.156367
1233.0499,0.156970
1233.2829,0.157421
1233.5159,0.157741
1233.7488,0.157946
1233.9818,0.158053
1234.2147,0.158074
1234.4477,0.158022
1234.6807,0.157904
1234.9136,0.157720
1235.1466,0.157457
1235.3795,0.157089
1235.6125,0.156580
1235.8455,0.155890
1236.0784,0.154985
1236.3114,0.153838
1236.5443,0.152435
1236.7773,0.150769
1237.0102,0.148836
1237.2432,0.146636
1237.4762,0.144172
1237.7091,0.141450
1237.9421,0.138490
1238.1750,0.135320
1238.4080,0.131980
1238.6410,0.128514
1238.8739,0.124962
1239.1069,0.121362
1239.3398,0.117745
1239.5728,0.114140
1239.8057,0.110572
1240.0387,0.107068
1240.2717,0.103654
1240.5046,0.100356
1240.7376,0.097193
1240.9705,0.094181
1241.2035,0.091330
1241.4365,0.088649
1241.6694,0.086140
1241.9024,0.083808
1242.1353,0.081655
1242.3683,0.079681
1242.6013,0.077882
1242.8342,0.076252
1243.0672,0.074782
1243.3001,0.073463
1243.5331,0.072284
1243.7660,0.071240
1243.9990,0.070324
1244.2320,0.069530
1244.4649,0.068852
1244.6979,0.068282
1244.9308,0.067809
1245.1638,0.067422
1245.3968,0.067109
1245.6297,0.066860
1245.8627,0.066663
1246.0956,0.066508
1246.3286,0.066383
1246.5615,0.066273
1246.7945,0.066161
1247.0275,0.066029
1247.2604,0.065859
1247.4934,0.065637
1247.7263,0.065349
1247.9593,0.064985
1248.1923,0.064539
1248.4252,0.064008
1248.6582,0.063391
1248.8911,0.062694
1249.1241,0.061929
1249.3571,0.061113
1249.5900,0.060269
1249.8230,0.059417
1250.0559,0.058577
1250.2889,0.057766
1250.5218,0.056995
1250.7548,0.056271
1250.9878,0.055599
1251.2207,0.054984
1251.4537,0.054430
1251.6866,0.053938
1251.9196,0.053511
1252.1526,0.053147
1252.3855,0.052843
1252.6185,0.052594
1252.8514,0.052396
1253.0844,0.052245
1253.3173,0.052138
1253.5503,0.052073
1253.7833,0.052050
1254.0162,0.052067
1254.2492,0.052122
1254.4821,0.052211
1254.7151,0.052332
1254.9481,0.052480
1255.1810,0.052653
1255.4140,0.052847
1255.6469,0.053061
1255.8799,0.053294
1256.1129,0.053545
1256.3458,0.053815
1256.5788,0.054105
1256.8117,0.054420
1257.0447,0.054761
1257.2776,0.055131
1257.5106,0.055531
1257.7436,0.055957
1257.9765,0.056405
1258.2095,0.056870
1258.4424,0.057351
1258.6754,0.057847
1258.9084,0.058362
1259.1413,0.058901
1259.3743,0.059470
1259.6072,0.060068
1259.8402,0.060691
1260.0731,0.061332
1260.3061,0.061980
1260.5391,0.062626
1260.7720,0.063266
1261.0050,0.063899
1261.2379,0.064529
1261.4709,0.065165
1261.7039,0.065815
1261.9368,0.066485
1262.1698,0.067181
1262.4027,0.067906
1262.6357,0.068663
1262.8687,0.069454
1263.1016,0.070279
1263.3346,0.071140
1263.5675,0.072038
1263.8005,0.072972
1264.0334,0.073946
1264.2664,0.074961
1264.4994,0.076021
1264.7323,0.077128
1264.9653,0.078284
1265.1982,0.079489
1265.4312,0.080739
1265.6642,0.082033
1265.8971,0.083366
1266.1301,0.084738
1266.3630,0.086147
1266.5960,0.087599
1266.8289,0.089096
1267.0619,0.090643
1267.2949,0.092243
1267.5278,0.093896
1267.7608,0.095600
1267.9937,0.097355
1268.2267,0.099155
1268.4597,0.100997
1268.6926,0.102876
1268.9256,0.104787
1269.1585,0.106721
1269.3915,0.108671
1269.6245,0.110630
1269.8574,0.112591
1270.0904,0.114550
1270.3233,0.116504
1270.5563,0.118451
1270.7892,0.120387
1271.0222,0.122306
1271.2552,0.124199
1271.4881,0.126053
1271.7211,0.127852
1271.9540,0.129579
1272.1870,0.131218
1272.4200,0.132758
1272.6529,0.134195
1272.8859,0.135532
1273.1188,0.136780
1273.3518,0.137954
1273.5847,0.139067
1273.8177,0.140129
1274.0507,0.141142
1274.2836,0.142103
1274.5166,0.143000
1274.7495,0.143824
1274.9825,0.144569
1275.2155,0.145232
1275.4484,0.145819
1275.6814,0.146333
1275.9143,0.146779
1276.1473,0.147155
1276.3803,0.147455
1276.6132,0.147671
1276.8462,0.147798
1277.0791,0.147835
1277.3121,0.147784
1277.5450,0.147650
1277.7780,0.147439
1278.0110,0.147152
1278.2439,0.146787
1278.4769,0.146342
1278.7098,0.145818
1278.9428,0.145218
1279.1758,0.144550
1279.4087,0.143820
1279.6417,0.143032
1279.8746,0.142188
1280.1076,0.141281
1280.3405,0.140309
1280.5735,0.139271
1280.8065,0.138172
1281.0394,0.137023
1281.2724,0.135838
1281.5053,0.134626
1281.7383,0.133394
1281.9713,0.132139
1282.2042,0.130857
1282.4372,0.129546
1282.6701,0.128209
1282.9031,0.126855
1283.1361,0.125498
1283.3690,0.124152
1283.6020,0.122830
1283.8349,0.121541
1284.0679,0.120290
1284.3008,0.119085
1284.5338,0.117932
1284.7668,0.116842
1284.9997,0.115829
1285.2327,0.114906
1285.4656,0.114082
1285.6986,0.113364
1285.9316,0.112757
1286.1645,0.112261
1286.3975,0.111881
1286.6304,0.111619
1286.8634,0.111479
1287.0963,0.111461
1287.3293,0.111558
1287.5623,0.111761
1287.7952,0.112053
1288.0282,0.112420
1288.2611,0.112851
1288.4941,0.113340
1288.7271,0.113886
1288.9600,0.114494
1289.1930,0.115166
1289.4259,0.115902
1289.6589,0.116697
1289.8919,0.117543
1290.1248,0.118428
1290.3578,0.119341
1290.5907,0.120269
1290.8237,0.121202
1291.0566,0.122128
1291.2896,0.123037
1291.5226,0.123924
1291.7555,0.124785
1291.9885,0.125623
1292.2214,0.126446
1292.4544,0.127264
1292.6874,0.128086
1292.9203,0.128914
1293.1533,0.129750
1293.3862,0.130589
1293.6192,0.131425
1293.8521,0.132256
1294.0851,0.133081
1294.3181,0.133902
1294.5510,0.134720
1294.7840,0.135532
1295.0169,0.136334
1295.2499,0.137117
1295.4829,0.137875
1295.7158,0.138599
1295.9488,0.139284
1296.1817,0.139924
1296.4147,0.140512
1296.6477,0.141037
1296.8806,0.141486
1297.1136,0.141851
1297.3465,0.142131
1297.5795,0.142332
1297.8124,0.142474
1298.0454,0.142575
1298.2784,0.142654
1298.5113,0.142721
1298.7443,0.142775
1298.9772,0.142808
1299.2102,0.142810
1299.4432,0.142772
1299.6761,0.142690
1299.9091,0.142564
1300.1420,0.142391
1300.3750,0.142166
1300.6079,0.141878
1300.8409,0.141516
1301.0739,0.141069
1301.3068,0.140533
1301.5398,0.139914
1301.7727,0.139221
1302.0057,0.138467
1302.2387,0.137660
1302.4716,0.136807
1302.7046,0.135910
1302.9375,0.134975
1303.1705,0.134015
1303.4034,0.133048
1303.6364,0.132100
1303.8694,0.131196
1304.1023,0.130358
1304.3353,0.129604
1304.5682,0.128944
1304.8012,0.128384
1305.0342,0.127935
1305.2671,0.127604
1305.5001,0.127403
1305.7330,0.127342
1305.9660,0.127426
1306.1990,0.127653
1306.4319,0.128019
1306.6649,0.128514
1306.8978,0.129130
1307.1308,0.129862
1307.3637,0.130701
1307.5967,0.131640
1307.8297,0.132657
1308.0626,0.133724
1308.2956,0.134799
1308.5285,0.135836
1308.7615,0.136791
1308.9945,0.137628
1309.2274,0.138319
1309.4604,0.138848
1309.6933,0.139202
1309.9263,0.139367
1310.1592,0.139328
1310.3922,0.139071
1310.6252,0.138583
1310.8581,0.137858
1311.0911,0.136898
1311.3240,0.135713
1311.5570,0.134311
1311.7900,0.132702
1312.0229,0.130890
1312.2559,0.128876
1312.4888,0.126665
1312.7218,0.124265
1312.9548,0.121697
1313.1877,0.118993
1313.4207,0.116193
1313.6536,0.113344
1313.8866,0.110491
1314.1195,0.107678
1314.3525,0.104941
1314.5855,0.102313
1314.8184,0.099820
1315.0514,0.097487
1315.2843,0.095335
1315.5173,0.093385
1315.7503,0.091654
1315.9832,0.090155
1316.2162,0.088894
1316.4491,0.087866
1316.6821,0.087056
1316.9150,0.086442
1317.1480,0.085998
1317.3810,0.085705
1317.6139,0.085552
1317.8469,0.085538
1318.0798,0.085672
1318.3128,0.085967
1318.5458,0.086424
1318.7787,0.087031
1319.0117,0.087758
1319.2446,0.088564
1319.4776,0.089403
1319.7106,0.090245
1319.9435,0.091074
1320.1765,0.091899
1320.4094,0.092736
1320.6424,0.093602
1320.8753,0.094502
1321.1083,0.095423
1321.3413,0.096333
1321.5742,0.097198
1321.8072,0.097983
1322.0401,0.098665
1322.2731,0.099231
1322.5061,0.099674
1322.7390,0.099986
1322.9720,0.100157
1323.2049,0.100175
1323.4379,0.100029
1323.6708,0.099724
1323.9038,0.099277
1324.1368,0.098718
1324.3697,0.098083
1324.6027,0.097401
1324.8356,0.096696
1325.0686,0.095979
1325.3016,0.095254
1325.5345,0.094526
1325.7675,0.093800
1326.0004,0.093087
1326.2334,0.092397
1326.4664,0.091737
1326.6993,0.091105
1326.9323,0.090491
1327.1652,0.089883
1327.3982,0.089268
1327.6311,0.088639
1327.8641,0.087994
1328.0971,0.087336
1328.3300,0.086665
1328.5630,0.085980
1328.7959,0.085276
1329.0289,0.084546
1329.2619,0.083790
1329.4948,0.083011
1329.7278,0.082219
1329.9607,0.081425
1330.1937,0.080638
1330.4266,0.079862
1330.6596,0.079097
1330.8926,0.078340
1331.1255,0.077591
1331.3585,0.076855
1331.5914,0.076142
1331.8244,0.075466
1332.0574,0.074840
1332.2903,0.074269
1332.5233,0.073753
1332.7562,0.073290
1332.9892,0.072873
1333.2222,0.072502
1333.4551,0.072182
1333.6881,0.071920
1333.9210,0.071722
1334.1540,0.071593
1334.3869,0.071531
1334.6199,0.071533
1334.8529,0.071598
1335.0858,0.071734
1335.3188,0.071955
1335.5517,0.072281
1335.7847,0.072728
1336.0177,0.073303
1336.2506,0.073994
1336.4836,0.074772
1336.7165,0.075600
1336.9495,0.076448
1337.1824,0.077300
1337.4154,0.078170
1337.6484,0.079084
1337.8813,0.080074
1338.1143,0.081159
1338.3472,0.082332
1338.5802,0.083557
1338.8132,0.084776
1339.0461,0.085924
1339.2791,0.086946
1339.5120,0.087806
1339.7450,0.088489
1339.9780,0.088985
1340.2109,0.089287
1340.4439,0.089385
1340.6768,0.089271
1340.9098,0.088950
1341.1427,0.088449
1341.3757,0.087817
1341.6087,0.087117
1341.8416,0.086409
1342.0746,0.085740
1342.3075,0.085132
1342.5405,0.084589
1342.7735,0.084094
1343.0064,0.083626
1343.2394,0.083161
1343.4723,0.082688
1343.7053,0.082204
1343.9382,0.081711
1344.1712,0.081215
1344.4042,0.080719
1344.6371,0.080223
1344.8701,0.079723
1345.1030,0.079215
1345.3360,0.078697
1345.5690,0.078173
1345.8019,0.077647
1346.0349,0.077127
1346.2678,0.076619
1346.5008,0.076127
1346.7338,0.075655
1346.9667,0.075203
1347.1997,0.074774
1347.4326,0.074368
1347.6656,0.073988
1347.8985,0.073640
1348.1315,0.073329
1348.3645,0.073058
1348.5974,0.072829
1348.8304,0.072640
1349.0633,0.072486
1349.2963,0.072354
1349.5293,0.072234
1349.7622,0.072115
1349.9952,0.071989
1350.2281,0.071856
1350.4611,0.071721
1350.6940,0.071593
1350.9270,0.071482
1351.1600,0.071394
1351.3929,0.071333
1351.6259,0.071295
1351.8588,0.071277
1352.0918,0.071271
1352.3248,0.071274
1352.5577,0.071284
1352.7907,0.071301
1353.0236,0.071328
1353.2566,0.071368
1353.4896,0.071426
1353.7225,0.071507
1353.9555,0.071614
1354.1884,0.071748
1354.4214,0.071906
1354.6543,0.072076
1354.8873,0.072239
1355.1203,0.072375
1355.3532,0.072469
1355.5862,0.072513
1355.8191,0.072517
1356.0521,0.072504
1356.2851,0.072502
1356.5180,0.072540
1356.7510,0.072634
1356.9839,0.072791
1357.2169,0.073003
1357.4498,0.073256
1357.6828,0.073534
1357.9158,0.073829
1358.1487,0.074137
1358.3817,0.074457
1358.6146,0.074791
1358.8476,0.075140
1359.0806,0.075508
1359.3135,0.075909
1359.5465,0.076372
1359.7794,0.076939
1360.0124,0.077656
1360.2454,0.078560
1360.4783,0.079660
1360.7113,0.080924
1360.9442,0.082283
1361.1772,0.083649
1361.4101,0.084948
1361.6431,0.086158
1361.8761,0.087321
1362.1090,0.088524
1362.3420,0.089860
1362.5749,0.091382
1362.8079,0.093062
1363.0409,0.094777
1363.2738,0.096337
1363.5068,0.097551
1363.7397,0.098307
1363.9727,0.098619
1364.2056,0.098622
1364.4386,0.098511
1364.6716,0.098469
1364.9045,0.098626
1365.1375,0.099039
1365.3704,0.099698
1365.6034,0.100550
1365.8364,0.101522
1366.0693,0.102551
1366.3023,0.103598
1366.5352,0.104652
1366.7682,0.105726
1367.0012,0.106844
1367.2341,0.108028
1367.4671,0.109296
1367.7000,0.110659
1367.9330,0.112120
1368.1659,0.113667
1368.3989,0.115276
1368.6319,0.116902
1368.8648,0.118487
1369.0978,0.119976
1369.3307,0.121330
1369.5637,0.122549
1369.7967,0.123670
1370.0296,0.124758
1370.2626,0.125882
1370.4955,0.127098
1370.7285,0.128429
1370.9614,0.129867
1371.1944,0.131379
1371.4274,0.132929
1371.6603,0.134493
1371.8933,0.136073
1372.1262,0.137698
1372.3592,0.139409
1372.5922,0.141248
1372.8251,0.143230
1373.0581,0.145335
1373.2910,0.147496
1373.5240,0.149594
1373.7570,0.151470
1373.9899,0.152945
1374.2229,0.153846
1374.4558,0.154044
1374.6888,0.153469
1374.9217,0.152121
1375.1547,0.150059
1375.3877,0.147386
1375.6206,0.144221
1375.8536,0.140686
1376.0865,0.136891
1376.3195,0.132927
1376.5525,0.128864
1376.7854,0.124754
1377.0184,0.120639
1377.2513,0.116546
1377.4843,0.112499
1377.7172,0.108515
1377.9502,0.104606
1378.1832,0.100787
1378.4161,0.097074
1378.6491,0.093487
1378.8820,0.090049
1379.1150,0.086779
1379.3480,0.083695
1379.5809,0.080803
1379.8139,0.078101
1380.0468,0.075579
1380.2798,0.073223
1380.5128,0.071020
1380.7457,0.068958
1380.9787,0.067033
1381.2116,0.065241
1381.4446,0.063576
1381.6775,0.062030
1381.9105,0.060592
1382.1435,0.059249
1382.3764,0.057990
1382.6094,0.056808
1382.8423,0.055704
1383.0753,0.054682
1383.3083,0.053749
1383.5412,0.052910
1383.7742,0.052165
1384.0071,0.051513
1384.2401,0.050947
1384.4730,0.050465
1384.7060,0.050064
1384.9390,0.049746
1385.1719,0.049517
1385.4049,0.049380
1385.6378,0.049344
1385.8708,0.049413
1386.1038,0.049597
1386.3367,0.049899
1386.5697,0.050319
1386.8026,0.050837
1387.0356,0.051404
1387.2686,0.051940
1387.5015,0.052336
1387.7345,0.052485
1387.9674,0.052319
1388.2004,0.051837
1388.4333,0.051113
1388.6663,0.050263
1388.8993,0.049413
1389.1322,0.048663
1389.3652,0.048075
1389.5981,0.047667
1389.8311,0.047421
1390.0641,0.047298
1390.2970,0.047252
1390.5300,0.047245
1390.7629,0.047258
1390.9959,0.047290
1391.2288,0.047352
1391.4618,0.047453
1391.6948,0.047595
1391.9277,0.047772
1392.1607,0.047973
1392.3936,0.048197
1392.6266,0.048461
1392.8596,0.048795
1393.0925,0.049247
1393.3255,0.049860
1393.5584,0.050664
1393.7914,0.051658
1394.0244,0.052797
1394.2573,0.053991
1394.4903,0.055109
1394.7232,0.056015
1394.9562,0.056602
1395.1891,0.056827
1395.4221,0.056726
1395.6551,0.056391
1395.8880,0.055937
1396.1210,0.055474
1396.3539,0.055085
1396.5869,0.054820
1396.8199,0.054702
1397.0528,0.054734
1397.2858,0.054911
1397.5187,0.055229
1397.7517,0.055688
1397.9846,0.056294
1398.2176,0.057047
1398.4506,0.057926
1398.6835,0.058872
1398.9165,0.059783
1399.1494,0.060522
1399.3824,0.060954
1399.6154,0.060992
1399.8483,0.060633
1400.0813,0.059965
1400.3142,0.059129
1400.5472,0.058277
1400.7802,0.057535
1401.0131,0.056983
1401.2461,0.056655
1401.4790,0.056545
1401.7120,0.056616
1401.9449,0.056821
1402.1779,0.057110
1402.4109,0.057441
1402.6438,0.057791
1402.8768,0.058154
1403.1097,0.058538
1403.3427,0.058965
1403.5757,0.059465
1403.8086,0.060068
1404.0416,0.060798
1404.2745,0.061655
1404.5075,0.062607
1404.7404,0.063580
1404.9734,0.064464
1405.2064,0.065139
1405.4393,0.065510
1405.6723,0.065548
1405.9052,0.065297
1406.1382,0.064862
1406.3712,0.064371
1406.6041,0.063943
1406.8371,0.063660
1407.0700,0.063559
1407.3030,0.063633
1407.5360,0.063846
1407.7689,0.064148
1408.0019,0.064495
1408.2348,0.064860
1408.4678,0.065239
1408.7007,0.065643
1408.9337,0.066085
1409.1667,0.066571
1409.3996,0.067094
1409.6326,0.067638
1409.8655,0.068181
1410.0985,0.068711
1410.3315,0.069226
1410.5644,0.069736
1410.7974,0.070254
1411.0303,0.070789
1411.2633,0.071335
1411.4962,0.071878
1411.7292,0.072391
1411.9622,0.072851
1412.1951,0.073243
1412.4281,0.073568
1412.6610,0.073836
1412.8940,0.074068
1413.1270,0.074280
1413.3599,0.074487
1413.5929,0.074699
1413.8258,0.074926
1414.0588,0.075181
1414.2918,0.075481
1414.5247,0.075846
1414.7577,0.076292
1414.9906,0.076832
1415.2236,0.077468
1415.4565,0.078204
1415.6895,0.079049
1415.9225,0.080023
1416.1554,0.081157
1416.3884,0.082487
1416.6213,0.084033
1416.8543,0.085789
1417.0873,0.087720
1417.3202,0.089772
1417.5532,0.091905
1417.7861,0.094132
1418.0191,0.096548
1418.2520,0.099319
1418.4850,0.102634
1418.7180,0.106622
1418.9509,0.111228
1419.1839,0.116097
1419.4168,0.120543
1419.6498,0.123725
1419.8828,0.125042
1420.1157,0.124480
1420.3487,0.122600
1420.5816,0.120207
1420.8146,0.118015
1421.0476,0.116491
1421.2805,0.115853
1421.5135,0.116130
1421.7464,0.117223
1421.9794,0.118970
1422.2123,0.121203
1422.4453,0.123807
1422.6783,0.126749
1422.9112,0.130067
1423.1442,0.133816
1423.3771,0.138003
1423.6101,0.142519
1423.8431,0.147129
1424.0760,0.151520
1424.3090,0.155408
1424.5419,0.158649
1424.7749,0.161288
1425.0078,0.163526
1425.2408,0.165628
1425.4738,0.167836
1425.7067,0.170325
1425.9397,0.173186
1426.1726,0.176444
1426.4056,0.180079
1426.6386,0.184050
1426.8715,0.188306
1427.1045,0.192791
1427.3374,0.197444
1427.5704,0.202200
1427.8034,0.207007
1428.0363,0.211842
1428.2693,0.216717
1428.5022,0.221681
1428.7352,0.226800
1428.9681,0.232123
1429.2011,0.237652
1429.4341,0.243308
1429.6670,0.248913
1429.9000,0.254210
1430.1329,0.258903
1430.3659,0.262734
1430.5989,0.265567
1430.8318,0.267433
1431.0648,0.268519
1431.2977,0.269118
1431.5307,0.269550
1431.7636,0.270097
1431.9966,0.270953
1432.2296,0.272196
1432.4625,0.273788
1432.6955,0.275599
1432.9284,0.277453
1433.1614,0.279199
1433.3944,0.280757
1433.6273,0.282139
1433.8603,0.283425
1434.0932,0.284708
1434.3262,0.286065
1434.5592,0.287542
1434.7921,0.289186
1435.0251,0.291091
1435.2580,0.293430
1435.4910,0.296457
1435.7239,0.300461
1435.9569,0.305662
1436.1899,0.312061
1436.4228,0.319242
1436.6558,0.326258
1436.8887,0.331800
1437.1217,0.334754
1437.3547,0.334821
1437.5876,0.332625
1437.8206,0.329239
1438.0535,0.325645
1438.2865,0.322467
1438.5194,0.319990
1438.7524,0.318268
1438.9854,0.317234
1439.2183,0.316763
1439.4513,0.316710
1439.6842,0.316921
1439.9172,0.317244
1440.1502,0.317539
1440.3831,0.317704
1440.6161,0.317683
1440.8490,0.317477
1441.0820,0.317125
1441.3149,0.316674
1441.5479,0.316150
1441.7809,0.315534
1442.0138,0.314767
1442.2468,0.313779
1442.4797,0.312524
1442.7127,0.310997
1442.9457,0.309236
1443.1786,0.307290
1443.4116,0.305184
1443.6445,0.302900
1443.8775,0.300384
1444.1105,0.297573
1444.3434,0.294431
1444.5764,0.290977
1444.8093,0.287267
1445.0423,0.283369
1445.2752,0.279322
1445.5082,0.275123
1445.7412,0.270741
1445.9741,0.266152
1446.2071,0.261383
1446.4400,0.256516
1446.6730,0.251669
1446.9060,0.246942
1447.1389,0.242367
1447.3719,0.237881
1447.6048,0.233339
1447.8378,0.228572
1448.0707,0.223468
1448.3037,0.218034
1448.5367,0.212408
1448.7696,0.206790
1449.0026,0.201352
1449.2355,0.196180
1449.4685,0.191272
1449.7015,0.186579
1449.9344,0.182046
1450.1674,0.177647
1450.4003,0.173394
1450.6333,0.169318
1450.8663,0.165447
1451.0992,0.161781
1451.3322,0.158288
1451.5651,0.154919
1451.7981,0.151631
1452.0310,0.148406
1452.2640,0.145256
1452.4970,0.142210
1452.7299,0.139297
1452.9629,0.136533
1453.1958,0.133918
1453.4288,0.131450
1453.6618,0.129140
1453.8947,0.127017
1454.1277,0.125127
1454.3606,0.123511
1454.5936,0.122193
1454.8265,0.121171
1455.0595,0.120429
1455.2925,0.119957
1455.5254,0.119783
1455.7584,0.119982
1455.9913,0.120655
1456.2243,0.121872
1456.4573,0.123583
1456.6902,0.125531
1456.9232,0.127249
1457.1561,0.128209
1457.3891,0.128093
1457.6221,0.126964
1457.8550,0.125183
1458.0880,0.123176
1458.3209,0.121242
1458.5539,0.119503
1458.7868,0.117930
1459.0198,0.116423
1459.2528,0.114880
1459.4857,0.113255
1459.7187,0.111571
1459.9516,0.109894
1460.1846,0.108294
1460.4176,0.106808
1460.6505,0.105433
1460.8835,0.104140
1461.1164,0.102893
1461.3494,0.101673
1461.5823,0.100481
1461.8153,0.099339
1462.0483,0.098263
1462.2812,0.097256
1462.5142,0.096305
1462.7471,0.095392
1462.9801,0.094514
1463.2131,0.093703
1463.4460,0.093021
1463.6790,0.092547
1463.9119,0.092343
1464.1449,0.092426
1464.3779,0.092742
1464.6108,0.093155
1464.8438,0.093459
1465.0767,0.093433
1465.3097,0.092915
1465.5426,0.091861
1465.7756,0.090347
1466.0086,0.088513
1466.2415,0.086494
1466.4745,0.084387
1466.7074,0.082248
1466.9404,0.080105
1467.1734,0.077964
1467.4063,0.075822
1467.6393,0.073664
1467.8722,0.071471
1468.1052,0.069223
1468.3381,0.066915
1468.5711,0.064563
1468.8041,0.062208
1469.0370,0.059907
1469.2700,0.057715
1469.5029,0.055674
1469.7359,0.053804
1469.9689,0.052109
1470.2018,0.050591
1470.4348,0.049264
1470.6677,0.048158
1470.9007,0.047316
1471.1337,0.046775
1471.3666,0.046542
1471.5996,0.046576
1471.8325,0.046769
1472.0655,0.046972
1472.2984,0.047037
1472.5314,0.046877
1472.7644,0.046498
1472.9973,0.045972
1473.2303,0.045377
1473.4632,0.044744
1473.6962,0.044053
1473.9292,0.043259
1474.1621,0.042337
1474.3951,0.041314
1474.6280,0.040274
1474.8610,0.039329
1475.0939,0.038584
1475.3269,0.038107
1475.5599,0.037919
1475.7928,0.037980
1476.0258,0.038199
1476.2587,0.038435
1476.4917,0.038542
1476.7247,0.038410
1476.9576,0.038011
1477.1906,0.037396
1477.4235,0.036664
1477.6565,0.035918
1477.8895,0.035239
1478.1224,0.034680
1478.3554,0.034263
1478.5883,0.033990
1478.8213,0.033840
1479.0542,0.033781
1479.2872,0.033774
1479.5202,0.033790
1479.7531,0.033811
1479.9861,0.033838
1480.2190,0.033884
1480.4520,0.033961
1480.6850,0.034074
1480.9179,0.034208
1481.1509,0.034330
1481.3838,0.034400
1481.6168,0.034382
1481.8497,0.034262
1482.0827,0.034052
1482.3157,0.033788
1482.5486,0.033511
1482.7816,0.033258
1483.0145,0.033049
1483.2475,0.032890
1483.4805,0.032774
1483.7134,0.032695
1483.9464,0.032647
1484.1793,0.032631
1484.4123,0.032652
1484.6453,0.032711
1484.8782,0.032812
1485.1112,0.032952
1485.3441,0.033135
1485.5771,0.033373
1485.8100,0.033685
1486.0430,0.034099
1486.2760,0.034642
1486.5089,0.035323
1486.7419,0.036126
1486.9748,0.037001
1487.2078,0.037868
1487.4408,0.038633
1487.6737,0.039221
1487.9067,0.039609
1488.1396,0.039837
1488.3726,0.039993
1488.6055,0.040184
1488.8385,0.040504
1489.0715,0.041014
1489.3044,0.041728
1489.5374,0.042608
1489.7703,0.043558
1490.0033,0.044442
1490.2363,0.045110
1490.4692,0.045441
1490.7022,0.045383
1490.9351,0.044963
1491.1681,0.044273
1491.4011,0.043433
1491.6340,0.042561
1491.8670,0.041750
1492.0999,0.041064
1492.3329,0.040535
1492.5658,0.040179
1492.7988,0.039994
1493.0318,0.039975
1493.2647,0.040106
1493.4977,0.040370
1493.7306,0.040740
1493.9636,0.041191
1494.1966,0.041705
1494.4295,0.042279
1494.6625,0.042937
1494.8954,0.043727
1495.1284,0.044715
1495.3613,0.045963
1495.5943,0.047503
1495.8273,0.049295
1496.0602,0.051196
1496.2932,0.052952
1496.5261,0.054268
1496.7591,0.054928
1496.9921,0.054915
1497.2250,0.054419
1497.4580,0.053736
1497.6909,0.053152
1497.9239,0.052871
1498.1569,0.052990
1498.3898,0.053500
1498.6228,0.054286
1498.8557,0.055135
1499.0887,0.055790
1499.3216,0.056040
1499.5546,0.055799
1499.7876,0.055139
1500.0205,0.054231
1500.2535,0.053265
1500.4864,0.052393
1500.7194,0.051702
1500.9524,0.051220
1501.1853,0.050929
1501.4183,0.050778
1501.6512,0.050706
1501.8842,0.050657
1502.1171,0.050593
1502.3501,0.050501
1502.5831,0.050389
1502.8160,0.050277
1503.0490,0.050192
1503.2819,0.050165
1503.5149,0.050229
1503.7479,0.050428
1503.9808,0.050820
1504.2138,0.051479
1504.4467,0.052500
1504.6797,0.053990
1504.9127,0.056057
1505.1456,0.058796
1505.3786,0.062247
1505.6115,0.066362
1505.8445,0.070951
1506.0774,0.075668
1506.3104,0.080057
1506.5434,0.083666
1506.7763,0.086191
1507.0093,0.087550
1507.2422,0.087852
1507.4752,0.087323
1507.7082,0.086222
1507.9411,0.084801
1508.1741,0.083284
1508.4070,0.081857
1508.6400,0.080660
1508.8729,0.079777
1509.1059,0.079232
1509.3389,0.078992
1509.5718,0.078975
1509.8048,0.079066
1510.0377,0.079148
1510.2707,0.079143
1510.5037,0.079033
1510.7366,0.078866
1510.9696,0.078738
1511.2025,0.078754
1511.4355,0.078995
1511.6685,0.079496
1511.9014,0.080218
1512.1344,0.081048
1512.3673,0.081807
1512.6003,0.082294
1512.8332,0.082355
1513.0662,0.081933
1513.2992,0.081088
1513.5321,0.079962
1513.7651,0.078719
1513.9980,0.077502
1514.2310,0.076408
1514.4640,0.075477
1514.6969,0.074700
1514.9299,0.074029
1515.1628,0.073401
1515.3958,0.072760
1515.6287,0.072082
1515.8617,0.071385
1516.0947,0.070716
1516.3276,0.070123
1516.5606,0.069623
1516.7935,0.069173
1517.0265,0.068664
1517.2595,0.067935
1517.4924,0.066838
1517.7254,0.065310
1517.9583,0.063416
1518.1913,0.061322
1518.4243,0.059224
1518.6572,0.057287
1518.8902,0.055621
1519.1231,0.054292
1519.3561,0.053333
1519.5890,0.052758
1519.8220,0.052570
1520.0550,0.052749
1520.2879,0.053244
1520.5209,0.053949
1520.7538,0.054695
1520.9868,0.055269
1521.2198,0.055467
1521.4527,0.055167
1521.6857,0.054384
1521.9186,0.053243
1522.1516,0.051912
1522.3845,0.050535
1522.6175,0.049196
1522.8505,0.047926
1523.0834,0.046725
1523.3164,0.045586
1523.5493,0.044525
1523.7823,0.043585
1524.0153,0.042829
1524.2482,0.042333
1524.4812,0.042157
1524.7141,0.042330
1524.9471,0.042828
1525.1801,0.043550
1525.4130,0.044316
1525.6460,0.044913
1525.8789,0.045161
1526.1119,0.045000
1526.3448,0.044502
1526.5778,0.043824
1526.8108,0.043132
1527.0437,0.042547
1527.2767,0.042117
1527.5096,0.041826
1527.7426,0.041610
1527.9756,0.041394
1528.2085,0.041115
1528.4415,0.040746
1528.6744,0.040299
1528.9074,0.039809
1529.1403,0.039314
1529.3733,0.038846
1529.6063,0.038426
1529.8392,0.038075
1530.0722,0.037817
1530.3051,0.037685
1530.5381,0.037713
1530.7711,0.037922
1531.0040,0.038313
1531.2370,0.038854
1531.4699,0.039487
1531.7029,0.040143
1531.9359,0.040772
1532.1688,0.041360
1532.4018,0.041941
1532.6347,0.042574
1532.8677,0.043307
1533.1006,0.044142
1533.3336,0.044996
1533.5666,0.045698
1533.7995,0.046032
1534.0325,0.045823
1534.2654,0.045031
1534.4984,0.043775
1534.7314,0.042274
1534.9643,0.040752
1535.1973,0.039377
1535.4302,0.038237
1535.6632,0.037360
1535.8961,0.036733
1536.1291,0.036324
1536.3621,0.036095
1536.5950,0.036017
1536.8280,0.036076
1537.0609,0.036278
1537.2939,0.036658
1537.5269,0.037271
1537.7598,0.038195
1537.9928,0.039525
1538.2257,0.041357
1538.4587,0.043767
1538.6917,0.046769
1538.9246,0.050251
1539.1576,0.053916
1539.3905,0.057281
1539.6235,0.059795
1539.8564,0.061070
1540.0894,0.061066
1540.3224,0.060083
1540.5553,0.058581
1540.7883,0.056995
1541.0212,0.055639
1541.2542,0.054689
1541.4872,0.054209
1541.7201,0.054167
1541.9531,0.054443
1542.1860,0.054842
1542.4190,0.055130
1542.6519,0.055100
1542.8849,0.054654
1543.1179,0.053841
1543.3508,0.052824
1543.5838,0.051817
1543.8167,0.051011
1544.0497,0.050543
1544.2827,0.050473
1544.5156,0.050786
1544.7486,0.051386
1544.9815,0.052104
1545.2145,0.052725
1545.4475,0.053043
1545.6804,0.052931
1545.9134,0.052384
1546.1463,0.051505
1546.3793,0.050461
1546.6122,0.049421
1546.8452,0.048521
1547.0782,0.047849
1547.3111,0.047444
1547.5441,0.047303
1547.7770,0.047392
1548.0100,0.047661
1548.2430,0.048062
1548.4759,0.048566
1548.7089,0.049174
1548.9418,0.049913
1549.1748,0.050815
1549.4077,0.051885
1549.6407,0.053073
1549.8737,0.054252
1550.1066,0.055232
1550.3396,0.055818
1550.5725,0.055889
1550.8055,0.055457
1551.0385,0.054661
1551.2714,0.053706
1551.5044,0.052781
1551.7373,0.052017
1551.9703,0.051473
1552.2033,0.051149
1552.4362,0.051016
1552.6692,0.051045
1552.9021,0.051233
1553.1351,0.051611
1553.3680,0.052231
1553.6010,0.053142
1553.8340,0.054343
1554.0669,0.055747
1554.2999,0.057148
1554.5328,0.058258
1554.7658,0.058808
1554.9988,0.058682
1555.2317,0.057979
1555.4647,0.056963
1555.6976,0.055940
1555.9306,0.055179
1556.1635,0.054889
1556.3965,0.055230
1556.6295,0.056352
1556.8624,0.058413
1557.0954,0.061592
1557.3283,0.066065
1557.5613,0.071946
1557.7943,0.079149
1558.0272,0.087217
1558.2602,0.095238
1558.4931,0.102049
1558.7261,0.106774
1558.9591,0.109264
1559.1920,0.110033
1559.4250,0.109793
1559.6579,0.109038
1559.8909,0.107889
1560.1238,0.106186
1560.3568,0.103713
1560.5898,0.100427
1560.8227,0.096559
1561.0557,0.092522
1561.2886,0.088745
1561.5216,0.085548
1561.7546,0.083102
1561.9875,0.081457
1562.2205,0.080573
1562.4534,0.080353
1562.6864,0.080664
1562.9193,0.081368
1563.1523,0.082343
1563.3853,0.083514
1563.6182,0.084859
1563.8512,0.086398
1564.0841,0.088161
1564.3171,0.090152
1564.5501,0.092315
1564.7830,0.094527
1565.0160,0.096611
1565.2489,0.098398
1565.4819,0.099780
1565.7149,0.100756
1565.9478,0.101430
1566.1808,0.101970
1566.4137,0.102559
1566.6467,0.103346
1566.8796,0.104436
1567.1126,0.105878
1567.3456,0.107683
1567.5785,0.109850
1567.8115,0.112380
1568.0444,0.115308
1568.2774,0.118697
1568.5104,0.122639
1568.7433,0.127210
1568.9763,0.132421
1569.2092,0.138134
1569.4422,0.144001
1569.6751,0.149458
1569.9081,0.153858
1570.1411,0.156713
1570.3740,0.157919
1570.6070,0.157789
1570.8399,0.156885
1571.0729,0.155789
1571.3059,0.154961
1571.5388,0.154683
1571.7718,0.155081
1572.0047,0.156157
1572.2377,0.157828
1572.4707,0.159964
1572.7036,0.162427
1572.9366,0.165105
1573.1695,0.167931
1573.4025,0.170883
1573.6354,0.173970
1573.8684,0.177220
1574.1014,0.180672
1574.3343,0.184388
1574.5673,0.188480
1574.8002,0.193128
1575.0332,0.198584
1575.2662,0.205144
1575.4991,0.213064
1575.7321,0.222407
1575.9650,0.232829
1576.1980,0.243403
1576.4309,0.252701
1576.6639,0.259342
1576.8969,0.262711
1577.1298,0.263240
1577.3628,0.262019
1577.5957,0.260197
1577.8287,0.258603
1578.0617,0.257679
1578.2946,0.257549
1578.5276,0.258129
1578.7605,0.259214
1578.9935,0.260558
1579.2264,0.261928
1579.4594,0.263148
1579.6924,0.264108
1579.9253,0.264746
1580.1583,0.265033
1580.3912,0.264942
1580.6242,0.264453
1580.8572,0.263552
1581.0901,0.262242
1581.3231,0.260546
1581.5560,0.258502
1581.7890,0.256150
1582.0220,0.253522
1582.2549,0.250643
1582.4879,0.247529
1582.7208,0.244203
1582.9538,0.240694
1583.1867,0.237039
1583.4197,0.233273
1583.6527,0.229428
1583.8856,0.225519
1584.1186,0.221557
1584.3515,0.217543
1584.5845,0.213481
1584.8175,0.209376
1585.0504,0.205237
1585.2834,0.201066
1585.5163,0.196863
1585.7493,0.192621
1585.9822,0.188330
1586.2152,0.183982
1586.4482,0.179574
1586.6811,0.175106
1586.9141,0.170586
1587.1470,0.166022
1587.3800,0.161424
1587.6130,0.156805
1587.8459,0.152181
1588.0789,0.147578
1588.3118,0.143020
1588.5448,0.138535
1588.7778,0.134143
1589.0107,0.129857
1589.2437,0.125684
1589.4766,0.121630
1589.7096,0.117704
1589.9425,0.113920
1590.1755,0.110294
1590.4085,0.106841
1590.6414,0.103569
1590.8744,0.100478
1591.1073,0.097561
1591.3403,0.094810
1591.5733,0.092223
1591.8062,0.089797
1592.0392,0.087537
1592.2721,0.085442
1592.5051,0.083506
1592.7380,0.081722
1592.9710,0.080080
1593.2040,0.078573
1593.4369,0.077203
1593.6699,0.075974
1593.9028,0.074884
1594.1358,0.073921
1594.3688,0.073057
1594.6017,0.072253
1594.8347,0.071468
1595.0676,0.070674
1595.3006,0.069868
1595.5336,0.069065
1595.7665,0.068296
1595.9995,0.067589
1596.2324,0.066962
1596.4654,0.066412
1596.6983,0.065927
1596.9313,0.065487
1597.1643,0.065078
1597.3972,0.064700
1597.6302,0.064358
1597.8631,0.064061
1598.0961,0.063815
1598.3291,0.063617
1598.5620,0.063457
1598.7950,0.063327
1599.0279,0.063223
1599.2609,0.063152
1599.4938,0.063125
1599.7268,0.063152
1599.9598,0.063238
1600.1927,0.063376
1600.4257,0.063552
1600.6586,0.063752
1600.8916,0.063964
1601.1246,0.064190
1601.3575,0.064434
1601.5905,0.064707
1601.8234,0.065015
1602.0564,0.065359
1602.2894,0.065735
1602.5223,0.066140
1602.7553,0.066569
1602.9882,0.067022
1603.2212,0.067496
1603.4541,0.067983
1603.6871,0.068470
1603.9201,0.068940
1604.1530,0.069385
1604.3860,0.069806
1604.6189,0.070223
1604.8519,0.070668
1605.0849,0.071176
1605.3178,0.071772
1605.5508,0.072473
1605.7837,0.073275
1606.0167,0.074168
1606.2496,0.075137
1606.4826,0.076172
1606.7156,0.077263
1606.9485,0.078400
1607.1815,0.079560
1607.4144,0.080715
1607.6474,0.081833
1607.8804,0.082899
1608.1133,0.083927
1608.3463,0.084957
1608.5792,0.086051
1608.8122,0.087264
1609.0452,0.088621
1609.2781,0.090102
1609.5111,0.091640
1609.7440,0.093140
1609.9770,0.094518
1610.2099,0.095729
1610.4429,0.096786
1610.6759,0.097751
1610.9088,0.098706
1611.1418,0.099724
1611.3747,0.100846
1611.6077,0.102081
1611.8407,0.103412
1612.0736,0.104817
1612.3066,0.106281
1612.5395,0.107804
1612.7725,0.109399
1613.0054,0.111081
1613.2384,0.112861
1613.4714,0.114744
1613.7043,0.116735
1613.9373,0.118846
1614.1702,0.121098
1614.4032,0.123525
1614.6362,0.126172
1614.8691,0.129096
1615.1021,0.132376
1615.3350,0.136128
1615.5680,0.140517
1615.8010,0.145745
1616.0339,0.152003
1616.2669,0.159373
1616.4998,0.167661
1616.7328,0.176248
1616.9657,0.184103
1617.1987,0.190133
1617.4317,0.193723
1617.6646,0.195042
1617.8976,0.194860
1618.1305,0.194103
1618.3635,0.193517
1618.5965,0.193552
1618.8294,0.194377
1619.0624,0.195957
1619.2953,0.198125
1619.5283,0.200653
1619.7612,0.203317
1619.9942,0.205945
1620.2272,0.208435
1620.4601,0.210733
1620.6931,0.212805
1620.9260,0.214606
1621.1590,0.216081
1621.3920,0.217185
1621.6249,0.217909
1621.8579,0.218301
1622.0908,0.218449
1622.3238,0.218447
1622.5568,0.218357
1622.7897,0.218166
1623.0227,0.217778
1623.2556,0.217030
1623.4886,0.215735
1623.7215,0.213753
1623.9545,0.211063
1624.1875,0.207773
1624.4204,0.204087
1624.6534,0.200227
1624.8863,0.196381
1625.1193,0.192680
1625.3523,0.189206
1625.5852,0.186010
1625.8182,0.183124
1626.0511,0.180566
1626.2841,0.178343
1626.5170,0.176451
1626.7500,0.174881
1626.9830,0.173615
1627.2159,0.172626
1627.4489,0.171865
1627.6818,0.171246
1627.9148,0.170641
1628.1478,0.169903
1628.3807,0.168904
1628.6137,0.167584
1628.8466,0.165974
1629.0796,0.164177
1629.3126,0.162322
1629.5455,0.160515
1629.7785,0.158809
1630.0114,0.157200
1630.2444,0.155638
1630.4773,0.154054
1630.7103,0.152393
1630.9433,0.150623
1631.1762,0.148747
1631.4092,0.146785
1631.6421,0.144757
1631.8751,0.142668
1632.1081,0.140510
1632.3410,0.138273
1632.5740,0.135953
1632.8069,0.133571
1633.0399,0.131166
1633.2728,0.128794
1633.5058,0.126517
1633.7388,0.124397
1633.9717,0.122491
1634.2047,0.120857
1634.4376,0.119545
1634.6706,0.118581
1634.9036,0.117937
1635.1365,0.117489
1635.3695,0.116988
1635.6024,0.116099
1635.8354,0.114543
1636.0684,0.112273
1636.3013,0.109514
1636.5343,0.106632
1636.7672,0.103953
1637.0002,0.101677
1637.2331,0.099866
1637.4661,0.098490
1637.6991,0.097456
1637.9320,0.096651
1638.1650,0.095975
1638.3979,0.095372
1638.6309,0.094843
1638.8639,0.094436
1639.0968,0.094219
1639.3298,0.094246
1639.5627,0.094545
1639.7957,0.095101
1640.0286,0.095869
1640.2616,0.096783
1640.4946,0.097775
1640.7275,0.098783
1640.9605,0.099762
1641.1934,0.100678
1641.4264,0.101496
1641.6594,0.102178
1641.8923,0.102683
1642.1253,0.102974
1642.3582,0.103024
1642.5912,0.102816
1642.8242,0.102336
1643.0571,0.101569
1643.2901,0.100489
1643.5230,0.099074
1643.7560,0.097313
1643.9889,0.095231
1644.2219,0.092884
1644.4549,0.090356
1644.6878,0.087732
1644.9208,0.085073
1645.1537,0.082400
1645.3867,0.079695
1645.6197,0.076912
1645.8526,0.074005
1646.0856,0.070966
1646.3185,0.067849
1646.5515,0.064763
1646.7844,0.061834
1647.0174,0.059151
1647.2504,0.056745
1647.4833,0.054590
1647.7163,0.052631
1647.9492,0.050807
1648.1822,0.049067
1648.4152,0.047384
1648.6481,0.045754
1648.8811,0.044191
1649.1140,0.042727
1649.3470,0.041391
1649.5800,0.040210
1649.8129,0.039199
1650.0459,0.038363
1650.2788,0.037699
1650.5118,0.037202
1650.7447,0.036867
1650.9777,0.036700
1651.2107,0.036725
1651.4436,0.036989
1651.6766,0.037556
1651.9095,0.038503
1652.1425,0.039888
1652.3755,0.041699
1652.6084,0.043773
1652.8414,0.045730
1653.0743,0.047034
1653.3073,0.047244
1653.5402,0.046300
1653.7732,0.044529
1654.0062,0.042383
1654.2391,0.040210
1654.4721,0.038192
1654.7050,0.036385
1654.9380,0.034787
1655.1710,0.033381
1655.4039,0.032152
1655.6369,0.031095
1655.8698,0.030210
1656.1028,0.029498
1656.3358,0.028954
1656.5687,0.028563
1656.8017,0.028304
1657.0346,0.028149
1657.2676,0.028067
1657.5005,0.028030
1657.7335,0.028017
1657.9665,0.028016
1658.1994,0.028024
1658.4324,0.028043
1658.6653,0.028077
1658.8983,0.028131
1659.1313,0.028207
1659.3642,0.028304
1659.5972,0.028420
1659.8301,0.028552
1660.0631,0.028695
1660.2960,0.028841
1660.5290,0.028985
1660.7620,0.029121
1660.9949,0.029244
1661.2279,0.029356
1661.4608,0.029464
1661.6938,0.029577
1661.9268,0.029702
1662.1597,0.029841
1662.3927,0.029980
1662.6256,0.030084
1662.8586,0.030102
1663.0916,0.029977
1663.3245,0.029666
1663.5575,0.029165
1663.7904,0.028510
1664.0234,0.027771
1664.2563,0.027025
1664.4893,0.026341
1664.7223,0.025766
1664.9552,0.025319
1665.1882,0.024999
1665.4211,0.024784
1665.6541,0.024642
1665.8871,0.024543
1666.1200,0.024462
1666.3530,0.024394
1666.5859,0.024344
1666.8189,0.024323
1667.0518,0.024344
1667.2848,0.024413
1667.5178,0.024533
1667.7507,0.024703
1667.9837,0.024933
1668.2166,0.025234
1668.4496,0.025623
1668.6826,0.026101
1668.9155,0.026642
1669.1485,0.027169
1669.3814,0.027569
1669.6144,0.027718
1669.8474,0.027551
1670.0803,0.027091
1670.3133,0.026445
1670.5462,0.025751
1670.7792,0.025130
1671.0121,0.024655
1671.2451,0.024350
1671.4781,0.024194
1671.7110,0.024127
1671.9440,0.024078
1672.1769,0.023982
1672.4099,0.023803
1672.6429,0.023542
1672.8758,0.023232
1673.1088,0.022919
1673.3417,0.022647
1673.5747,0.022459
1673.8076,0.022387
1674.0406,0.022462
1674.2736,0.022710
1674.5065,0.023147
1674.7395,0.023768
1674.9724,0.024523
1675.2054,0.025299
1675.4384,0.025922
1675.6713,0.026202
1675.9043,0.026021
1676.1372,0.025393
1676.3702,0.024456
1676.6032,0.023393
1676.8361,0.022360
1677.0691,0.021461
1677.3020,0.020745
1677.5350,0.020217
1677.7679,0.019857
1678.0009,0.019631
1678.2339,0.019500
1678.4668,0.019437
1678.6998,0.019429
1678.9327,0.019481
1679.1657,0.019608
1679.3987,0.019825
1679.6316,0.020136
1679.8646,0.020528
1680.0975,0.020965
1680.3305,0.021398
1680.5634,0.021775
1680.7964,0.022055
1681.0294,0.022224
1681.2623,0.022298
1681.4953,0.022320
1681.7282,0.022353
1681.9612,0.022466
1682.1942,0.022726
1682.4271,0.023190
1682.6601,0.023899
1682.8930,0.024873
1683.1260,0.026098
1683.3590,0.027519
1683.5919,0.029033
1683.8249,0.030495
1684.0578,0.031737
1684.2908,0.032598
1684.5237,0.032951
1684.7567,0.032734
1684.9897,0.031972
1685.2226,0.030772
1685.4556,0.029295
1685.6885,0.027718
1685.9215,0.026189
1686.1545,0.024817
1686.3874,0.023668
1686.6204,0.022772
1686.8533,0.022136
1687.0863,0.021745
1687.3192,0.021568
1687.5522,0.021556
1687.7852,0.021652
1688.0181,0.021793
1688.2511,0.021922
1688.4840,0.021997
1688.7170,0.021995
1688.9500,0.021915
1689.1829,0.021773
1689.4159,0.021591
1689.6488,0.021395
1689.8818,0.021206
1690.1148,0.021041
1690.3477,0.020906
1690.5807,0.020799
1690.8136,0.020710
1691.0466,0.020628
1691.2795,0.020542
1691.5125,0.020447
1691.7455,0.020350
1691.9784,0.020262
1692.2114,0.020198
1692.4443,0.020170
1692.6773,0.020185
1692.9103,0.020237
1693.1432,0.020315
1693.3762,0.020408
1693.6091,0.020509
1693.8421,0.020628
1694.0750,0.020791
1694.3080,0.021038
1694.5410,0.021423
1694.7739,0.022001
1695.0069,0.022821
1695.2398,0.023905
1695.4728,0.025223
1695.7058,0.026653
1695.9387,0.027968
1696.1717,0.028884
1696.4046,0.029186
1696.6376,0.028851
1696.8706,0.028048
1697.1035,0.027026
1697.3365,0.026006
1697.5694,0.025131
1697.8024,0.024479
1698.0353,0.024073
1698.2683,0.023911
1698.5013,0.023980
1698.7342,0.024270
1698.9672,0.024791
1699.2001,0.025577
1699.4331,0.026684
1699.6661,0.028159
1699.8990,0.029983
1700.1320,0.031977
1700.3649,0.033733
1700.5979,0.034697
1700.8308,0.034478
1701.0638,0.033130
1701.2968,0.031096
1701.5297,0.028885
1701.7627,0.026849
1701.9956,0.025153
1702.2286,0.023834
1702.4616,0.022867
1702.6945,0.022205
1702.9275,0.021801
1703.1604,0.021618
1703.3934,0.021631
1703.6264,0.021817
1703.8593,0.022150
1704.0923,0.022584
1704.3252,0.023053
1704.5582,0.023476
1704.7911,0.023782
1705.0241,0.023933
1705.2571,0.023937
1705.4900,0.023844
1705.7230,0.023717
1705.9559,0.023607
1706.1889,0.023534
1706.4219,0.023480
1706.6548,0.023400
1706.8878,0.023241
1707.1207,0.022967
1707.3537,0.022574
1707.5866,0.022092
1707.8196,0.021572
1708.0526,0.021067
1708.2855,0.020621
1708.5185,0.020261
1708.7514,0.020000
1708.9844,0.019837
1709.2174,0.019762
1709.4503,0.019758
1709.6833,0.019800
1709.9162,0.019858
1710.1492,0.019905
1710.3822,0.019913
1710.6151,0.019868
1710.8481,0.019765
1711.0810,0.019614
1711.3140,0.019438
1711.5469,0.019263
1711.7799,0.019118
1712.0129,0.019028
1712.2458,0.019015
1712.4788,0.019092
1712.7117,0.019268
1712.9447,0.019547
1713.1777,0.019925
1713.4106,0.020397
1713.6436,0.020950
1713.8765,0.021576
1714.1095,0.022261
1714.3424,0.022988
1714.5754,0.023731
1714.8084,0.024443
1715.0413,0.025062
1715.2743,0.025524
1715.5072,0.025788
1715.7402,0.025859
1715.9732,0.025798
1716.2061,0.025705
1716.4391,0.025690
1716.6720,0.025850
1716.9050,0.026246
1717.1379,0.026885
1717.3709,0.027704
1717.6039,0.028572
1717.8368,0.029298
1718.0698,0.029698
1718.3027,0.029654
1718.5357,0.029161
1718.7687,0.028313
1719.0016,0.027246
1719.2346,0.026090
1719.4675,0.024945
1719.7005,0.023876
1719.9335,0.022927
1720.1664,0.022125
1720.3994,0.021490
1720.6323,0.021025
1720.8653,0.020724
1721.0982,0.020564
1721.3312,0.020510
1721.5642,0.020521
1721.7971,0.020559
1722.0301,0.020598
1722.2630,0.020626
1722.4960,0.020648
1722.7290,0.020672
1722.9619,0.020706
1723.1949,0.020748
1723.4278,0.020782
1723.6608,0.020790
1723.8937,0.020752
1724.1267,0.020657
1724.3597,0.020509
1724.5926,0.020321
1724.8256,0.020113
1725.0585,0.019904
1725.2915,0.019711
1725.5245,0.019542
1725.7574,0.019402
1725.9904,0.019288
1726.2233,0.019195
1726.4563,0.019115
1726.6893,0.019040
1726.9222,0.018963
1727.1552,0.018882
1727.3881,0.018796
1727.6211,0.018714
1727.8540,0.018646
1728.0870,0.018606
1728.3200,0.018606
1728.5529,0.018662
1728.7859,0.018785
1729.0188,0.018990
1729.2518,0.019282
1729.4848,0.019663
1729.7177,0.020117
1729.9507,0.020610
1730.1836,0.021088
1730.4166,0.021490
1730.6495,0.021766
1730.8825,0.021896
1731.1155,0.021903
1731.3484,0.021840
1731.5814,0.021781
1731.8143,0.021795
1732.0473,0.021940
1732.2803,0.022254
1732.5132,0.022760
1732.7462,0.023465
1732.9791,0.024361
1733.2121,0.025425
1733.4451,0.026610
1733.6780,0.027827
1733.9110,0.028936
1734.1439,0.029755
1734.3769,0.030101
1734.6098,0.029862
1734.8428,0.029051
1735.0758,0.027808
1735.3087,0.026336
1735.5417,0.024837
1735.7746,0.023457
1736.0076,0.022281
1736.2406,0.021343
1736.4735,0.020645
1736.7065,0.020172
1736.9394,0.019899
1737.1724,0.019791
1737.4053,0.019812
1737.6383,0.019917
1737.8713,0.020067
1738.1042,0.020233
1738.3372,0.020407
1738.5701,0.020604
1738.8031,0.020854
1739.0361,0.021189
1739.2690,0.021624
1739.5020,0.022135
1739.7349,0.022652
1739.9679,0.023067
1740.2009,0.023267
1740.4338,0.023182
1740.6668,0.022821
1740.8997,0.022264
1741.1327,0.021627
1741.3656,0.021018
1741.5986,0.020518
1741.8316,0.020169
1742.0645,0.019986
1742.2975,0.019964
1742.5304,0.020079
1742.7634,0.020300
1742.9964,0.020580
1743.2293,0.020864
1743.4623,0.021092
1743.6952,0.021213
1743.9282,0.021195
1744.1611,0.021042
1744.3941,0.020787
1744.6271,0.020484
1744.8600,0.020190
1745.0930,0.019952
1745.3259,0.019797
1745.5589,0.019734
1745.7919,0.019760
1746.0248,0.019868
1746.2578,0.020051
1746.4907,0.020304
1746.7237,0.020622
1746.9567,0.020994
1747.1896,0.021405
1747.4226,0.021828
1747.6555,0.022240
1747.8885,0.022627
1748.1214,0.022984
1748.3544,0.023316
1748.5874,0.023625
1748.8203,0.023901
1749.0533,0.024116
1749.2862,0.024234
1749.5192,0.024233
1749.7522,0.024124
1749.9851,0.023956
1750.2181,0.023810
1750.4510,0.023765
1750.6840,0.023881
1750.9169,0.024165
1751.1499,0.024560
1751.3829,0.024943
1751.6158,0.025164
1751.8488,0.025100
1752.0817,0.024717
1752.3147,0.024079
1752.5477,0.023313
1752.7806,0.022546
1753.0136,0.021874
1753.2465,0.021346
1753.4795,0.020975
1753.7125,0.020745
1753.9454,0.020629
1754.1784,0.020594
1754.4113,0.020613
1754.6443,0.020667
1754.8772,0.020747
1755.1102,0.020853
1755.3432,0.020993
1755.5761,0.021178
1755.8091,0.021424
1756.0420,0.021738
1756.2750,0.022116
1756.5080,0.022534
1756.7409,0.022944
1756.9739,0.023284
1757.2068,0.023489
1757.4398,0.023521
1757.6727,0.023383
1757.9057,0.023117
1758.1387,0.022793
1758.3716,0.022477
1758.6046,0.022222
1758.8375,0.022054
1759.0705,0.021977
1759.3035,0.021978
1759.5364,0.022035
1759.7694,0.022133
1760.0023,0.022263
1760.2353,0.022430
1760.4683,0.022649
1760.7012,0.022937
1760.9342,0.023310
1761.1671,0.023768
1761.4001,0.024284
1761.6330,0.024803
1761.8660,0.025243
1762.0990,0.025507
1762.3319,0.025523
1762.5649,0.025268
1762.7978,0.024783
1763.0308,0.024156
1763.2638,0.023492
1763.4967,0.022883
1763.7297,0.022392
1763.9626,0.022047
1764.1956,0.021844
1764.4285,0.021759
1764.6615,0.021753
1764.8945,0.021790
1765.1274,0.021842
1765.3604,0.021896
1765.5933,0.021953
1765.8263,0.022019
1766.0593,0.022103
1766.2922,0.022215
1766.5252,0.022365
1766.7581,0.022568
1766.9911,0.022847
1767.2241,0.023224
1767.4570,0.023719
1767.6900,0.024327
1767.9229,0.025010
1768.1559,0.025693
1768.3888,0.026266
1768.6218,0.026625
1768.8548,0.026708
1769.0877,0.026527
1769.3207,0.026167
1769.5536,0.025749
1769.7866,0.025395
1770.0196,0.025199
1770.2525,0.025220
1770.4855,0.025482
1770.7184,0.025974
1770.9514,0.026656
1771.1843,0.027461
1771.4173,0.028307
1771.6503,0.029109
1771.8832,0.029789
1772.1162,0.030290
1772.3491,0.030569
1772.5821,0.030599
1772.8151,0.030363
1773.0480,0.029863
1773.2810,0.029127
1773.5139,0.028211
1773.7469,0.027194
1773.9799,0.026170
1774.2128,0.025223
1774.4458,0.024424
1774.6787,0.023815
1774.9117,0.023414
1775.1446,0.023209
1775.3776,0.023160
1775.6106,0.023204
1775.8435,0.023270
1776.0765,0.023292
1776.3094,0.023233
1776.5424,0.023087
1776.7754,0.022878
1777.0083,0.022646
1777.2413,0.022430
1777.4742,0.022262
1777.7072,0.022157
1777.9401,0.022122
1778.1731,0.022152
1778.4061,0.022237
1778.6390,0.022364
1778.8720,0.022515
1779.1049,0.022678
1779.3379,0.022843
1779.5709,0.023005
1779.8038,0.023170
1780.0368,0.023348
1780.2697,0.023543
1780.5027,0.023750
1780.7357,0.023946
1780.9686,0.024091
1781.2016,0.024144
1781.4345,0.024075
1781.6675,0.023885
1781.9004,0.023604
1782.1334,0.023285
1782.3664,0.022983
1782.5993,0.022740
1782.8323,0.022576
1783.0652,0.022489
1783.2982,0.022463
1783.5312,0.022480
1783.7641,0.022532
1783.9971,0.022620
1784.2300,0.022753
1784.4630,0.022934
1784.6959,0.023147
1784.9289,0.023355
1785.1619,0.023501
1785.3948,0.023531
1785.6278,0.023412
1785.8607,0.023151
1786.0937,0.022793
1786.3267,0.022403
1786.5596,0.022044
1786.7926,0.021762
1787.0255,0.021579
1787.2585,0.021497
1787.4915,0.021504
1787.7244,0.021580
1787.9574,0.021706
1788.1903,0.021869
1788.4233,0.022056
1788.6562,0.022259
1788.8892,0.022468
1789.1222,0.022680
1789.3551,0.022898
1789.5881,0.023135
1789.8210,0.023413
1790.0540,0.023753
1790.2870,0.024171
1790.5199,0.024665
1790.7529,0.025210
1790.9858,0.025769
1791.2188,0.026300
1791.4517,0.026776
1791.6847,0.027192
1791.9177,0.027565
1792.1506,0.027916
1792.3836,0.028245
1792.6165,0.028516
1792.8495,0.028660
1793.0825,0.028594
1793.3154,0.028268
1793.5484,0.027689
1793.7813,0.026930
1794.0143,0.026104
1794.2473,0.025326
1794.4802,0.024686
1794.7132,0.024238
1794.9461,0.023995
1795.1791,0.023942
1795.4120,0.024036
1795.6450,0.024222
1795.8780,0.024439
1796.1109,0.024634
1796.3439,0.024770
1796.5768,0.024832
1796.8098,0.024819
1797.0428,0.024746
1797.2757,0.024634
1797.5087,0.024511
1797.7416,0.024404
1797.9746,0.024339
1798.2075,0.024341
1798.4405,0.024425
1798.6735,0.024600
1798.9064,0.024860
1799.1394,0.025186
1799.3723,0.025541
1799.6053,0.025878
1799.8383,0.026149
1800.0712,0.026312
1800.3042,0.026347
1800.5371,0.026263
1800.7701,0.026088
1801.0031,0.025870
1801.2360,0.025655
1801.4690,0.025479
1801.7019,0.025361
1801.9349,0.025299
1802.1678,0.025269
1802.4008,0.025234
1802.6338,0.025155
1802.8667,0.025000
1803.0997,0.024759
1803.3326,0.024442
1803.5656,0.024077
1803.7986,0.023704
1804.0315,0.023359
1804.2645,0.023071
1804.4974,0.022855
1804.7304,0.022711
1804.9633,0.022627
1805.1963,0.022585
1805.4293,0.022568
1805.6622,0.022559
1805.8952,0.022552
1806.1281,0.022542
1806.3611,0.022531
1806.5941,0.022522
1806.8270,0.022516
1807.0600,0.022515
1807.2929,0.022519
1807.5259,0.022524
1807.7589,0.022529
1807.9918,0.022525
1808.2248,0.022507
1808.4577,0.022469
1808.6907,0.022410
1808.9236,0.022337
1809.1566,0.022265
1809.3896,0.022215
1809.6225,0.022213
1809.8555,0.022274
1810.0884,0.022401
1810.3214,0.022578
1810.5544,0.022770
1810.7873,0.022930
1811.0203,0.023014
1811.2532,0.022992
1811.4862,0.022863
1811.7191,0.022649
1811.9521,0.022390
1812.1851,0.022126
1812.4180,0.021890
1812.6510,0.021699
1812.8839,0.021555
1813.1169,0.021445
1813.3499,0.021357
1813.5828,0.021276
1813.8158,0.021195
1814.0487,0.021115
1814.2817,0.021042
1814.5147,0.020981
1814.7476,0.020940
1814.9806,0.020923
1815.2135,0.020930
1815.4465,0.020961
1815.6794,0.021010
1815.9124,0.021075
1816.1454,0.021150
1816.3783,0.021232
1816.6113,0.021318
1816.8442,0.021406
1817.0772,0.021492
1817.3102,0.021572
1817.5431,0.021636
1817.7761,0.021675
1818.0090,0.021677
1818.2420,0.021638
1818.4749,0.021556
1818.7079,0.021439
1818.9409,0.021303
1819.1738,0.021167
1819.4068,0.021050
1819.6397,0.020964
1819.8727,0.020915
1820.1057,0.020899
1820.3386,0.020907
1820.5716,0.020928
1820.8045,0.020950
1821.0375,0.020968
1821.2705,0.020980
1821.5034,0.020990
1821.7364,0.021004
1821.9693,0.021027
1822.2023,0.021063
1822.4352,0.021112
1822.6682,0.021171
1822.9012,0.021235
1823.1341,0.021296
1823.3671,0.021352
1823.6000,0.021408
1823.8330,0.021476
1824.0660,0.021576
1824.2989,0.021732
1824.5319,0.021958
1824.7648,0.022253
1824.9978,0.022591
1825.2307,0.022919
1825.4637,0.023166
1825.6967,0.023264
1825.9296,0.023177
1826.1626,0.022914
1826.3955,0.022529
1826.6285,0.022099
1826.8615,0.021699
1827.0944,0.021387
1827.3274,0.021193
1827.5603,0.021124
1827.7933,0.021170
1828.0263,0.021317
1828.2592,0.021547
1828.4922,0.021851
1828.7251,0.022222
1828.9581,0.022654
1829.1910,0.023128
1829.4240,0.023613
1829.6570,0.024055
1829.8899,0.024387
1830.1229,0.024545
1830.3558,0.024481
1830.5888,0.024189
1830.8218,0.023703
1831.0547,0.023089
1831.2877,0.022425
1831.5206,0.021784
1831.7536,0.021223
1831.9865,0.020782
1832.2195,0.020477
1832.4525,0.020309
1832.6854,0.020259
1832.9184,0.020297
1833.1513,0.020385
1833.3843,0.020486
1833.6173,0.020571
1833.8502,0.020624
1834.0832,0.020640
1834.3161,0.020625
1834.5491,0.020587
1834.7821,0.020533
1835.0150,0.020467
1835.2480,0.020395
1835.4809,0.020323
1835.7139,0.020259
1835.9468,0.020211
1836.1798,0.020185
1836.4128,0.020182
1836.6457,0.020192
1836.8787,0.020201
1837.1116,0.020191
1837.3446,0.020148
1837.5776,0.020067
1837.8105,0.019952
1838.0435,0.019814
1838.2764,0.019672
1838.5094,0.019539
1838.7423,0.019431
1838.9753,0.019356
1839.2083,0.019321
1839.4412,0.019329
1839.6742,0.019377
1839.9071,0.019459
1840.1401,0.019564
1840.3731,0.019680
1840.6060,0.019800
1840.8390,0.019924
1841.0719,0.020062
1841.3049,0.020230
1841.5379,0.020440
1841.7708,0.020697
1842.0038,0.020996
1842.2367,0.021319
1842.4697,0.021650
1842.7026,0.021981
1842.9356,0.022326
1843.1686,0.022716
1843.4015,0.023187
1843.6345,0.023764
1843.8674,0.024433
1844.1004,0.025129
1844.3334,0.025728
1844.5663,0.026085
1844.7993,0.026084
1845.0322,0.025695
1845.2652,0.024993
1845.4981,0.024121
1845.7311,0.023229
1845.9641,0.022434
1846.1970,0.021803
1846.4300,0.021359
1846.6629,0.021093
1846.8959,0.020981
1847.1289,0.020989
1847.3618,0.021080
1847.5948,0.021218
1847.8277,0.021366
1848.0607,0.021490
1848.2937,0.021562
1848.5266,0.021563
1848.7596,0.021491
1848.9925,0.021359
1849.2255,0.021193
1849.4584,0.021023
1849.6914,0.020877
1849.9244,0.020769
1850.1573,0.020705
1850.3903,0.020678
1850.6232,0.020677
1850.8562,0.020689
1851.0892,0.020703
1851.3221,0.020713
1851.5551,0.020715
1851.7880,0.020709
1852.0210,0.020697
1852.2539,0.020681
1852.4869,0.020667
1852.7199,0.020663
1852.9528,0.020674
1853.1858,0.020702
1853.4187,0.020746
1853.6517,0.020799
1853.8847,0.020850
1854.1176,0.020889
1854.3506,0.020913
1854.5835,0.020919
1854.8165,0.020911
1855.0494,0.020892
1855.2824,0.020867
1855.5154,0.020835
1855.7483,0.020798
1855.9813,0.020756
1856.2142,0.020714
1856.4472,0.020678
1856.6802,0.020655
1856.9131,0.020648
1857.1461,0.020657
1857.3790,0.020677
1857.6120,0.020699
1857.8450,0.020717
1858.0779,0.020731
1858.3109,0.020742
1858.5438,0.020756
1858.7768,0.020773
1859.0097,0.020792
1859.2427,0.020803
1859.4757,0.020796
1859.7086,0.020764
1859.9416,0.020705
1860.1745,0.020627
1860.4075,0.020540
1860.6405,0.020457
1860.8734,0.020384
1861.1064,0.020322
1861.3393,0.020266
1861.5723,0.020209
1861.8052,0.020149
1862.0382,0.020086
1862.2712,0.020026
1862.5041,0.019974
1862.7371,0.019935
1862.9700,0.019909
1863.2030,0.019893
1863.4360,0.019885
1863.6689,0.019889
1863.9019,0.019910
1864.1348,0.019955
1864.3678,0.020032
1864.6008,0.020138
1864.8337,0.020269
1865.0667,0.020414
1865.2996,0.020562
1865.5326,0.020708
1865.7655,0.020854
1865.9985,0.021010
1866.2315,0.021188
1866.4644,0.021397
1866.6974,0.021642
1866.9303,0.021919
1867.1633,0.022218
1867.3963,0.022529
1867.6292,0.022841
1867.8622,0.023147
1868.0951,0.023445
1868.3281,0.023731
1868.5610,0.023995
1868.7940,0.024223
1869.0270,0.024390
1869.2599,0.024466
1869.4929,0.024426
1869.7258,0.024250
1869.9588,0.023938
1870.1918,0.023510
1870.4247,0.023002
1870.6577,0.022462
1870.8906,0.021940
1871.1236,0.021478
1871.3566,0.021109
1871.5895,0.020845
1871.8225,0.020684
1872.0554,0.020606
1872.2884,0.020584
1872.5213,0.020591
1872.7543,0.020604
1872.9873,0.020615
1873.2202,0.020624
1873.4532,0.020639
1873.6861,0.020663
1873.9191,0.020698
1874.1521,0.020737
1874.3850,0.020771
1874.6180,0.020796
1874.8509,0.020813
1875.0839,0.020827
1875.3168,0.020850
1875.5498,0.020885
1875.7828,0.020932
1876.0157,0.020981
1876.2487,0.021019
1876.4816,0.021037
1876.7146,0.021032
1876.9476,0.021011
1877.1805,0.020988
1877.4135,0.020972
1877.6464,0.020972
1877.8794,0.020985
1878.1124,0.021003
1878.3453,0.021020
1878.5783,0.021030
1878.8112,0.021036
1879.0442,0.021046
1879.2771,0.021064
1879.5101,0.021093
1879.7431,0.021126
1879.9760,0.021152
1880.2090,0.021159
1880.4419,0.021143
1880.6749,0.021106
1880.9079,0.021059
1881.1408,0.021014
1881.3738,0.020979
1881.6067,0.020956
1881.8397,0.020941
1882.0726,0.020926
1882.3056,0.020907
1882.5386,0.020882
1882.7715,0.020857
1883.0045,0.020839
1883.2374,0.020831
1883.4704,0.020831
1883.7034,0.020834
1883.9363,0.020831
1884.1693,0.020816
1884.4022,0.020788
1884.6352,0.020751
1884.8682,0.020711
1885.1011,0.020672
1885.3341,0.020638
1885.5670,0.020607
1885.8000,0.020580
1886.0329,0.020558
1886.2659,0.020550
1886.4989,0.020563
1886.7318,0.020606
1886.9648,0.020680
1887.1977,0.020778
1887.4307,0.020889
1887.6637,0.021000
1887.8966,0.021104
1888.1296,0.021202
1888.3625,0.021306
1888.5955,0.021431
1888.8284,0.021591
1889.0614,0.021784
1889.2944,0.021994
1889.5273,0.022186
1889.7603,0.022318
1889.9932,0.022352
1890.2262,0.022268
1890.4592,0.022069
1890.6921,0.021788
1890.9251,0.021468
1891.1580,0.021156
1891.3910,0.020890
1891.6240,0.020696
1891.8569,0.020582
1892.0899,0.020539
1892.3228,0.020552
1892.5558,0.020597
1892.7887,0.020653
1893.0217,0.020704
1893.2547,0.020745
1893.4876,0.020781
1893.7206,0.020819
1893.9535,0.020871
1894.1865,0.020942
1894.4195,0.021033
1894.6524,0.021137
1894.8854,0.021245
1895.1183,0.021345
1895.3513,0.021426
1895.5842,0.021478
1895.8172,0.021496
1896.0502,0.021477
1896.2831,0.021424
1896.5161,0.021342
1896.7490,0.021243
1896.9820,0.021142
1897.2150,0.021051
1897.4479,0.020983
1897.6809,0.020940
1897.9138,0.020919
1898.1468,0.020908
1898.3798,0.020894
1898.6127,0.020866
1898.8457,0.020820
1899.0786,0.020761
1899.3116,0.020696
1899.5445,0.020636
1899.7775,0.020585
1900.0105,0.020544
1900.2434,0.020509
1900.4764,0.020479
1900.7093,0.020452
1900.9423,0.020434
1901.1753,0.020429
1901.4082,0.020443
1901.6412,0.020471
1901.8741,0.020504
1902.1071,0.020527
1902.3400,0.020526
1902.5730,0.020494
1902.8060,0.020432
1903.0389,0.020351
1903.2719,0.020263
1903.5048,0.020183
1903.7378,0.020117
1903.9708,0.020066
1904.2037,0.020028
1904.4367,0.020000
1904.6696,0.019984
1904.9026,0.019982
1905.1356,0.020002
1905.3685,0.020046
1905.6015,0.020114
1905.8344,0.020200
1906.0674,0.020301
1906.3003,0.020411
1906.5333,0.020531
1906.7663,0.020662
1906.9992,0.020806
1907.2322,0.020958
1907.4651,0.021108
1907.6981,0.021240
1907.9311,0.021340
1908.1640,0.021393
1908.3970,0.021400
1908.6299,0.021367
1908.8629,0.021310
1909.0958,0.021248
1909.3288,0.021194
1909.5618,0.021157
1909.7947,0.021135
1910.0277,0.021122
1910.2606,0.021109
1910.4936,0.021086
1910.7266,0.021046
1910.9595,0.020984
1911.1925,0.020899
1911.4254,0.020793
1911.6584,0.020672
1911.8914,0.020548
1912.1243,0.020433
1912.3573,0.020339
1912.5902,0.020275
1912.8232,0.020245
1913.0561,0.020246
1913.2891,0.020271
1913.5221,0.020313
1913.7550,0.020366
1913.9880,0.020426
1914.2209,0.020492
1914.4539,0.020562
1914.6869,0.020635
1914.9198,0.020706
1915.1528,0.020770
1915.3857,0.020826
1915.6187,0.020874
1915.8516,0.020917
1916.0846,0.020960
1916.3176,0.021012
1916.5505,0.021080
1916.7835,0.021175
1917.0164,0.021305
1917.2494,0.021479
1917.4824,0.021701
1917.7153,0.021958
1917.9483,0.022221
1918.1812,0.022440
1918.4142,0.022554
1918.6472,0.022515
1918.8801,0.022302
1919.1131,0.021937
1919.3460,0.021477
1919.5790,0.020997
1919.8119,0.020570
1920.0449,0.020245
1920.2779,0.020040
1920.5108,0.019948
1920.7438,0.019943
1920.9767,0.019995
1921.2097,0.020081
1921.4427,0.020196
1921.6756,0.020342
1921.9086,0.020525
1922.1415,0.020741
1922.3745,0.020973
1922.6074,0.021186
1922.8404,0.021342
1923.0734,0.021409
1923.3063,0.021369
1923.5393,0.021225
1923.7722,0.021000
1924.0052,0.020719
1924.2382,0.020411
1924.4711,0.020096
1924.7041,0.019791
1924.9370,0.019511
1925.1700,0.019267
1925.4030,0.019070
1925.6359,0.018924
1925.8689,0.018825
1926.1018,0.018761
1926.3348,0.018715
1926.5677,0.018675
1926.8007,0.018636
1927.0337,0.018605
1927.2666,0.018595
1927.4996,0.018620
1927.7325,0.018688
1927.9655,0.018794
1928.1985,0.018925
1928.4314,0.019065
1928.6644,0.019196
1928.8973,0.019311
1929.1303,0.019403
1929.3632,0.019471
1929.5962,0.019513
1929.8292,0.019522
1930.0621,0.019495
1930.2951,0.019431
1930.5280,0.019338
1930.7610,0.019232
1930.9940,0.019132
1931.2269,0.019055
1931.4599,0.019012
1931.6928,0.018999
1931.9258,0.019009
1932.1588,0.019028
1932.3917,0.019047
1932.6247,0.019059
1932.8576,0.019057
1933.0906,0.019039
1933.3235,0.018994
1933.5565,0.018918
1933.7895,0.018807
1934.0224,0.018671
1934.2554,0.018529
1934.4883,0.018408
1934.7213,0.018333
1934.9543,0.018317
1935.1872,0.018354
1935.4202,0.018423
1935.6531,0.018494
1935.8861,0.018544
1936.1190,0.018560
1936.3520,0.018545
1936.5850,0.018513
1936.8179,0.018480
1937.0509,0.018452
1937.2838,0.018428
1937.5168,0.018401
1937.7498,0.018364
1937.9827,0.018323
1938.2157,0.018289
1938.4486,0.018280
1938.6816,0.018311
1938.9146,0.018385
1939.1475,0.018493
1939.3805,0.018622
1939.6134,0.018757
1939.8464,0.018893
1940.0793,0.019034
1940.3123,0.019186
1940.5453,0.019355
1940.7782,0.019538
1941.0112,0.019723
1941.2441,0.019895
1941.4771,0.020046
1941.7101,0.020176
1941.9430,0.020294
1942.1760,0.020406
1942.4089,0.020508
1942.6419,0.020578
1942.8748,0.020584
1943.1078,0.020493
1943.3408,0.020298
1943.5737,0.020021
1943.8067,0.019713
1944.0396,0.019431
1944.2726,0.019223
1944.5056,0.019104
1944.7385,0.019060
1944.9715,0.019057
1945.2044,0.019057
1945.4374,0.019035
1945.6704,0.018989
1945.9033,0.018930
1946.1363,0.018879
1946.3692,0.018843
1946.6022,0.018815
1946.8351,0.018775
1947.0681,0.018703
1947.3011,0.018591
1947.5340,0.018452
1947.7670,0.018314
1947.9999,0.018207
1948.2329,0.018150
1948.4659,0.018143
1948.6988,0.018167
1948.9318,0.018197
1949.1647,0.018214
1949.3977,0.018210
1949.6306,0.018195
1949.8636,0.018180
1950.0966,0.018174
1950.3295,0.018178
1950.5625,0.018179
1950.7954,0.018169
1951.0284,0.018143
1951.2614,0.018108
1951.4943,0.018079
1951.7273,0.018073
1951.9602,0.018094
1952.1932,0.018137
1952.4262,0.018189
1952.6591,0.018236
1952.8921,0.018273
1953.1250,0.018303
1953.3580,0.018335
1953.5909,0.018369
1953.8239,0.018396
1954.0569,0.018391
1954.2898,0.018332
1954.5228,0.018206
1954.7557,0.018024
1954.9887,0.017822
1955.2217,0.017645
1955.4546,0.017533
1955.6876,0.017500
1955.9205,0.017531
1956.1535,0.017593
1956.3864,0.017651
1956.6194,0.017689
1956.8524,0.017715
1957.0853,0.017759
1957.3183,0.017850
1957.5512,0.018002
1957.7842,0.018198
1958.0172,0.018396
1958.2501,0.018548
1958.4831,0.018613
1958.7160,0.018582
1958.9490,0.018476
1959.1820,0.018336
1959.4149,0.018206
1959.6479,0.018118
1959.8808,0.018079
1960.1138,0.018083
1960.3467,0.018112
1960.5797,0.018151
1960.8127,0.018188
1961.0456,0.018214
1961.2786,0.018219
1961.5115,0.018193
1961.7445,0.018132
1961.9775,0.018041
1962.2104,0.017943
1962.4434,0.017873
1962.6763,0.017866
1962.9093,0.017941
1963.1422,0.018086
1963.3752,0.018263
1963.6082,0.018419
1963.8411,0.018504
1964.0741,0.018493
1964.3070,0.018391
1964.5400,0.018230
1964.7730,0.018051
1965.0059,0.017885
1965.2389,0.017744
1965.4718,0.017622
1965.7048,0.017508
1965.9378,0.017398
1966.1707,0.017300
1966.4037,0.017233
1966.6366,0.017207
1966.8696,0.017219
1967.1025,0.017245
1967.3355,0.017252
1967.5685,0.017217
1967.8014,0.017137
1968.0344,0.017034
1968.2673,0.016946
1968.5003,0.016902
1968.7333,0.016908
1968.9662,0.016943
1969.1992,0.016968
1969.4321,0.016951
1969.6651,0.016884
1969.8980,0.016786
1970.1310,0.016697
1970.3640,0.016659
1970.5969,0.016687
1970.8299,0.016769
1971.0628,0.016866
1971.2958,0.016938
1971.5288,0.016960
1971.7617,0.016935
1971.9947,0.016888
1972.2276,0.016850
1972.4606,0.016839
1972.6936,0.016846
1972.9265,0.016848
1973.1595,0.016822
1973.3924,0.016770
1973.6254,0.016724
1973.8583,0.016738
1974.0913,0.016864
1974.3243,0.017118
1974.5572,0.017472
1974.7902,0.017854
1975.0231,0.018178
1975.2561,0.018370
1975.4891,0.018406
1975.7220,0.018316
1975.9550,0.018173
1976.1879,0.018062
1976.4209,0.018048
1976.6538,0.018154
1976.8868,0.018358
1977.1198,0.018607
1977.3527,0.018840
1977.5857,0.019007
1977.8186,0.019087
1978.0516,0.019087
1978.2846,0.019037
1978.5175,0.018978
1978.7505,0.018948
1978.9834,0.018972
1979.2164,0.019055
1979.4494,0.019177
1979.6823,0.019300
1979.9153,0.019373
1980.1482,0.019354
1980.3812,0.019222
1980.6141,0.018988
1980.8471,0.018692
1981.0801,0.018394
1981.3130,0.018149
1981.5460,0.017991
1981.7789,0.017918
1982.0119,0.017903
1982.2449,0.017906
1982.4778,0.017899
1982.7108,0.017877
1982.9437,0.017861
1983.1767,0.017880
1983.4096,0.017959
1983.6426,0.018099
1983.8756,0.018277
1984.1085,0.018455
1984.3415,0.018599
1984.5744,0.018693
1984.8074,0.018744
1985.0404,0.018779
1985.2733,0.018826
1985.5063,0.018902
1985.7392,0.019009
1985.9722,0.019132
1986.2052,0.019255
1986.4381,0.019370
1986.6711,0.019482
1986.9040,0.019602
1987.1370,0.019740
1987.3699,0.019897
1987.6029,0.020060
1987.8359,0.020211
1988.0688,0.020334
1988.3018,0.020425
1988.5347,0.020492
1988.7677,0.020547
1989.0007,0.020598
1989.2336,0.020640
1989.4666,0.020656
1989.6995,0.020629
1989.9325,0.020555
1990.1654,0.020449
1990.3984,0.020347
1990.6314,0.020287
1990.8643,0.020299
1991.0973,0.020387
1991.3302,0.020529
1991.5632,0.020686
1991.7962,0.020821
1992.0291,0.020907
1992.2621,0.020939
1992.4950,0.020927
1992.7280,0.020881
1992.9609,0.020803
1993.1939,0.020684
1993.4269,0.020509
1993.6598,0.020273
1993.8928,0.019987
1994.1257,0.019681
1994.3587,0.019390
1994.5917,0.019146
1994.8246,0.018961
1995.0576,0.018832
1995.2905,0.018748
1995.5235,0.018700
1995.7565,0.018694
1995.9894,0.018742
1996.2224,0.018858
1996.4553,0.019039
1996.6883,0.019259
1996.9212,0.019471
1997.1542,0.019629
1997.3872,0.019701
1997.6201,0.019684
1997.8531,0.019604
1998.0860,0.019500
1998.3190,0.019405
1998.5520,0.019326
1998.7849,0.019246
1999.0179,0.019132
1999.2508,0.018957
1999.4838,0.018723
1999.7167,0.018462
1999.9497,0.018222
2000.1827,0.018052
2000.4156,0.017976
2000.6486,0.017984
2000.8815,0.018041
2001.1145,0.018106
2001.3475,0.018147
2001.5804,0.018155
2001.8134,0.018141
2002.0463,0.018124
2002.2793,0.018118
2002.5123,0.018126
2002.7452,0.018138
2002.9782,0.018144
2003.2111,0.018140
2003.4441,0.018134
2003.6770,0.018133
2003.9100,0.018138
2004.1430,0.018135
2004.3759,0.018101
2004.6089,0.018016
2004.8418,0.017877
2005.0748,0.017708
2005.3078,0.017554
2005.5407,0.017463
2005.7737,0.017462
2006.0066,0.017539
2006.2396,0.017651
2006.4725,0.017742
2006.7055,0.017767
2006.9385,0.017721
2007.1714,0.017635
2007.4044,0.017564
2007.6373,0.017557
2007.8703,0.017635
2008.1033,0.017776
2008.3362,0.017934
2008.5692,0.018058
2008.8021,0.018120
2009.0351,0.018123
2009.2681,0.018095
2009.5010,0.018070
2009.7340,0.018068
2009.9669,0.018081
2010.1999,0.018089
2010.4328,0.018069
2010.6658,0.018016
2010.8988,0.017948
2011.1317,0.017899
2011.3647,0.017898
2011.5976,0.017956
2011.8306,0.018053
2012.0636,0.018158
2012.2965,0.018237
2012.5295,0.018281
2012.7624,0.018303
2012.9954,0.018332
2013.2283,0.018395
2013.4613,0.018497
2013.6943,0.018615
2013.9272,0.018705
2014.1602,0.018729
2014.3931,0.018668
2014.6261,0.018537
2014.8591,0.018375
2015.0920,0.018226
2015.3250,0.018117
2015.5579,0.018048
2015.7909,0.017995
2016.0239,0.017926
2016.2568,0.017820
2016.4898,0.017680
2016.7227,0.017531
2016.9557,0.017409
2017.1886,0.017347
2017.4216,0.017356
2017.6546,0.017435
2017.8875,0.017568
2018.1205,0.017740
2018.3534,0.017938
2018.5864,0.018149
2018.8194,0.018358
2019.0523,0.018549
2019.2853,0.018704
2019.5182,0.018816
2019.7512,0.018894
2019.9841,0.018965
2020.2171,0.019063
2020.4501,0.019212
2020.6830,0.019407
2020.9160,0.019616
2021.1489,0.019788
2021.3819,0.019876
2021.6149,0.019861
2021.8478,0.019766
2022.0808,0.019645
2022.3137,0.019565
2022.5467,0.019569
2022.7797,0.019664
2023.0126,0.019817
2023.2456,0.019976
2023.4785,0.020098
2023.7115,0.020169
2023.9444,0.020204
2024.1774,0.020233
2024.4104,0.020280
2024.6433,0.020338
2024.8763,0.020374
2025.1092,0.020344
2025.3422,0.020218
2025.5752,0.020004
2025.8081,0.019747
2026.0411,0.019507
2026.2740,0.019336
2026.5070,0.019246
2026.7399,0.019212
2026.9729,0.019180
2027.2059,0.019106
2027.4388,0.018977
2027.6718,0.018822
2027.9047,0.018698
2028.1377,0.018662
2028.3707,0.018742
2028.6036,0.018921
2028.8366,0.019148
2029.0695,0.019356
2029.3025,0.019495
2029.5355,0.019540
2029.7684,0.019502
2030.0014,0.019411
2030.2343,0.019302
2030.4673,0.019198
2030.7002,0.019116
2030.9332,0.019068
2031.1662,0.019071
2031.3991,0.019144
2031.6321,0.019299
2031.8650,0.019529
2032.0980,0.019802
2032.3310,0.020069
2032.5639,0.020280
2032.7969,0.020406
2033.0298,0.020450
2033.2628,0.020443
2033.4957,0.020424
2033.7287,0.020412
2033.9617,0.020395
2034.1946,0.020325
2034.4276,0.020148
2034.6605,0.019829
2034.8935,0.019380
2035.1265,0.018863
2035.3594,0.018373
2035.5924,0.018004
2035.8253,0.017806
2036.0583,0.017780
2036.2913,0.017876
2036.5242,0.018020
2036.7572,0.018143
2036.9901,0.018200
2037.2231,0.018181
2037.4560,0.018102
2037.6890,0.017994
2037.9220,0.017887
2038.1549,0.017807
2038.3879,0.017777
2038.6208,0.017811
2038.8538,0.017921
2039.0868,0.018103
2039.3197,0.018339
2039.5527,0.018594
2039.7856,0.018829
2040.0186,0.019014
2040.2515,0.019140
2040.4845,0.019225
2040.7175,0.019309
2040.9504,0.019431
2041.1834,0.019613
2041.4163,0.019846
2041.6493,0.020096
2041.8823,0.020313
2042.1152,0.020458
2042.3482,0.020516
2042.5811,0.020498
2042.8141,0.020439
2043.0471,0.020373
2043.2800,0.020321
2043.5130,0.020289
2043.7459,0.020268
2043.9789,0.020247
2044.2118,0.020225
2044.4448,0.020207
2044.6778,0.020205
2044.9107,0.020221
2045.1437,0.020248
2045.3766,0.020270
2045.6096,0.020272
2045.8426,0.020251
2046.0755,0.020223
2046.3085,0.020213
2046.5414,0.020249
2046.7744,0.020344
2047.0073,0.020491
2047.2403,0.020664
2047.4733,0.020836
2047.7062,0.020988
2047.9392,0.021120
2048.1721,0.021244
2048.4051,0.021376
2048.6381,0.021523
2048.8710,0.021675
2049.1040,0.021811
2049.3369,0.021910
2049.5699,0.021965
2049.8029,0.021986
2050.0358,0.021999
2050.2688,0.022026
2050.5017,0.022075
2050.7347,0.022132
2050.9676,0.022169
2051.2006,0.022157
2051.4336,0.022082
2051.6665,0.021957
2051.8995,0.021812
2052.1324,0.021684
2052.3654,0.021598
2052.5984,0.021559
2052.8313,0.021555
2053.0643,0.021565
2053.2972,0.021579
2053.5302,0.021603
2053.7631,0.021655
2053.9961,0.021753
2054.2291,0.021900
2054.4620,0.022076
2054.6950,0.022239
2054.9279,0.022343
2055.1609,0.022358
2055.3939,0.022286
2055.6268,0.022155
2055.8598,0.022015
2056.0927,0.021910
2056.3257,0.021864
2056.5587,0.021877
2056.7916,0.021927
2057.0246,0.021985
2057.2575,0.022029
2057.4905,0.022049
2057.7234,0.022046
2057.9564,0.022025
2058.1894,0.021989
2058.4223,0.021938
2058.6553,0.021876
2058.8882,0.021812
2059.1212,0.021768
2059.3542,0.021767
2059.5871,0.021823
2059.8201,0.021931
2060.0530,0.022063
2060.2860,0.022173
2060.5189,0.022223
2060.7519,0.022193
2060.9849,0.022093
2061.2178,0.021961
2061.4508,0.021847
2061.6837,0.021789
2061.9167,0.021802
2062.1497,0.021872
2062.3826,0.021972
2062.6156,0.022072
2062.8485,0.022158
2063.0815,0.022232
2063.3145,0.022303
2063.5474,0.022380
2063.7804,0.022457
2064.0133,0.022516
2064.2463,0.022537
2064.4792,0.022506
2064.7122,0.022429
2064.9452,0.022331
2065.1781,0.022239
2065.4111,0.022170
2065.6440,0.022120
2065.8770,0.022066
2066.1100,0.021977
2066.3429,0.021836
2066.5759,0.021649
2066.8088,0.021450
2067.0418,0.021283
2067.2747,0.021185
2067.5077,0.021168
2067.7407,0.021217
2067.9736,0.021297
2068.2066,0.021372
2068.4395,0.021420
2068.6725,0.021445
2068.9055,0.021467
2069.1384,0.021511
2069.3714,0.021591
2069.6043,0.021700
2069.8373,0.021816
2070.0703,0.021909
2070.3032,0.021956
2070.5362,0.021954
2070.7691,0.021914
2071.0021,0.021857
2071.2350,0.021802
2071.4680,0.021760
2071.7010,0.021735
2071.9339,0.021723
2072.1669,0.021726
2072.3998,0.021747
2072.6328,0.021790
2072.8658,0.021855
2073.0987,0.021934
2073.3317,0.022016
2073.5646,0.022088
2073.7976,0.022148
2074.0305,0.022205
2074.2635,0.022280
2074.4965,0.022391
2074.7294,0.022544
2074.9624,0.022728
2075.1953,0.022913
2075.4283,0.023063
2075.6613,0.023154
2075.8942,0.023180
2076.1272,0.023158
2076.3601,0.023123
2076.5931,0.023105
2076.8261,0.023121
2077.0590,0.023168
2077.2920,0.023226
2077.5249,0.023270
2077.7579,0.023283
2077.9908,0.023264
2078.2238,0.023229
2078.4568,0.023198
2078.6897,0.023190
2078.9227,0.023214
2079.1556,0.023264
2079.3886,0.023329
2079.6216,0.023395
2079.8545,0.023450
2080.0875,0.023484
2080.3204,0.023491
2080.5534,0.023465
2080.7863,0.023401
2081.0193,0.023302
2081.2523,0.023179
2081.4852,0.023052
2081.7182,0.022948
2081.9511,0.022887
2082.1841,0.022876
2082.4171,0.022906
2082.6500,0.022953
2082.8830,0.022993
2083.1159,0.023011
2083.3489,0.023007
2083.5819,0.023000
2083.8148,0.023011
2084.0478,0.023056
2084.2807,0.023137
2084.5137,0.023237
2084.7466,0.023330
2084.9796,0.023392
2085.2126,0.023408
2085.4455,0.023381
2085.6785,0.023320
2085.9114,0.023241
2086.1444,0.023157
2086.3774,0.023072
2086.6103,0.022990
2086.8433,0.022919
2087.0762,0.022873
2087.3092,0.022867
2087.5421,0.022915
2087.7751,0.023012
2088.0081,0.023137
2088.2410,0.023252
2088.4740,0.023317
2088.7069,0.023305
2088.9399,0.023213
2089.1729,0.023064
2089.4058,0.022898
2089.6388,0.022755
2089.8717,0.022663
2090.1047,0.022629
2090.3377,0.022640
2090.5706,0.022673
2090.8036,0.022710
2091.0365,0.022742
2091.2695,0.022770
2091.5024,0.022798
2091.7354,0.022831
2091.9684,0.022864
2092.2013,0.022890
2092.4343,0.022900
2092.6672,0.022893
2092.9002,0.022876
2093.1332,0.022860
2093.3661,0.022858
2093.5991,0.022877
2093.8320,0.022916
2094.0650,0.022971
2094.2979,0.023038
2094.5309,0.023119
2094.7639,0.023218
2094.9968,0.023340
2095.2298,0.023479
2095.4627,0.023620
2095.6957,0.023737
2095.9287,0.023802
2096.1616,0.023796
2096.3946,0.023716
2096.6275,0.023582
2096.8605,0.023422
2097.0935,0.023271
2097.3264,0.023154
2097.5594,0.023083
2097.7923,0.023058
2098.0253,0.023070
2098.2582,0.023107
2098.4912,0.023158
2098.7242,0.023212
2098.9571,0.023257
2099.1901,0.023282
2099.4230,0.023280
2099.6560,0.023248
2099.8890,0.023196
2100.1219,0.023144
2100.3549,0.023116
2100.5878,0.023127
2100.8208,0.023178
2101.0537,0.023254
2101.2867,0.023326
2101.5197,0.023368
2101.7526,0.023363
2101.9856,0.023314
2102.2185,0.023236
2102.4515,0.023157
2102.6845,0.023095
2102.9174,0.023060
2103.1504,0.023046
2103.3833,0.023045
2103.6163,0.023048
2103.8493,0.023059
2104.0822,0.023087
2104.3152,0.023142
2104.5481,0.023226
2104.7811,0.023325
2105.0140,0.023415
2105.2470,0.023468
2105.4800,0.023466
2105.7129,0.023406
2105.9459,0.023304
2106.1788,0.023183
2106.4118,0.023068
2106.6448,0.022976
2106.8777,0.022910
2107.1107,0.022867
2107.3436,0.022842
2107.5766,0.022833
2107.8095,0.022842
2108.0425,0.022869
2108.2755,0.022908
2108.5084,0.022944
2108.7414,0.022959
2108.9743,0.022942
2109.2073,0.022894
2109.4403,0.022830
2109.6732,0.022780
2109.9062,0.022767
2110.1391,0.022803
2110.3721,0.022880
2110.6051,0.022971
2110.8380,0.023042
2111.0710,0.023070
2111.3039,0.023049
2111.5369,0.022990
2111.7698,0.022918
2112.0028,0.022857
2112.2358,0.022819
2112.4687,0.022805
2112.7017,0.022808
2112.9346,0.022819
2113.1676,0.022838
2113.4006,0.022869
2113.6335,0.022918
2113.8665,0.022985
2114.0994,0.023057
2114.3324,0.023113
2114.5653,0.023131
2114.7983,0.023101
2115.0313,0.023026
2115.2642,0.022925
2115.4972,0.022824
2115.7301,0.022741
2115.9631,0.022678
2116.1961,0.022624
2116.4290,0.022562
2116.6620,0.022476
2116.8949,0.022363
2117.1279,0.022236
2117.3609,0.022113
2117.5938,0.022012
2117.8268,0.021941
2118.0597,0.021895
2118.2927,0.021865
2118.5256,0.021843
2118.7586,0.021828
2118.9916,0.021825
2119.2245,0.021837
2119.4575,0.021864
2119.6904,0.021890
2119.9234,0.021894
2120.1564,0.021857
2120.3893,0.021772
2120.6223,0.021653
2120.8552,0.021528
2121.0882,0.021432
2121.3211,0.021388
2121.5541,0.021398
2121.7871,0.021444
2122.0200,0.021495
2122.2530,0.021523
2122.4859,0.021516
2122.7189,0.021478
2122.9519,0.021431
2123.1848,0.021396
2123.4178,0.021388
2123.6507,0.021407
2123.8837,0.021440
2124.1166,0.021473
2124.3496,0.021493
2124.5826,0.021493
2124.8155,0.021475
2125.0485,0.021437
2125.2814,0.021377
2125.5144,0.021289
2125.7474,0.021170
2125.9803,0.021029
2126.2133,0.020883
2126.4462,0.020757
2126.6792,0.020670
2126.9122,0.020626
2127.1451,0.020611
2127.3781,0.020595
2127.6110,0.020549
2127.8440,0.020459
2128.0769,0.020330
2128.3099,0.020190
2128.5429,0.020075
2128.7758,0.020010
2129.0088,0.020002
2129.2417,0.020033
2129.4747,0.020074
2129.7077,0.020100
2129.9406,0.020098
2130.1736,0.020076
2130.4065,0.020054
2130.6395,0.020052
2130.8724,0.020074
2131.1054,0.020111
2131.3384,0.020147
2131.5713,0.020164
2131.8043,0.020159
2132.0372,0.020147
2132.2702,0.020146
2132.5032,0.020174
2132.7361,0.020235
2132.9691,0.020314
2133.2020,0.020392
2133.4350,0.020448
2133.6680,0.020475
2133.9009,0.020481
2134.1339,0.020479
2134.3668,0.020476
2134.5998,0.020468
2134.8327,0.020435
2135.0657,0.020357
2135.2987,0.020227
2135.5316,0.020059
2135.7646,0.019889
2135.9975,0.019759
2136.2305,0.019702
2136.4635,0.019725
2136.6964,0.019808
2136.9294,0.019913
2137.1623,0.020001
2137.3953,0.020047
2137.6282,0.020045
2137.8612,0.020003
2138.0942,0.019937
2138.3271,0.019855
2138.5601,0.019758
2138.7930,0.019644
2139.0260,0.019520
2139.2590,0.019408
2139.4919,0.019335
2139.7249,0.019330
2139.9578,0.019402
2140.1908,0.019541
2140.4238,0.019713
2140.6567,0.019885
2140.8897,0.020032
2141.1226,0.020149
2141.3556,0.020253
2141.5885,0.020362
2141.8215,0.020483
2142.0545,0.020599
2142.2874,0.020678
2142.5204,0.020684
2142.7533,0.020605
2142.9863,0.020461
2143.2193,0.020300
2143.4522,0.020181
2143.6852,0.020144
2143.9181,0.020195
2144.1511,0.020298
2144.3840,0.020398
2144.6170,0.020439
2144.8500,0.020395
2145.0829,0.020268
2145.3159,0.020090
2145.5488,0.019894
2145.7818,0.019704
2146.0148,0.019522
2146.2477,0.019344
2146.4807,0.019170
2146.7136,0.019019
2146.9466,0.018928
2147.1796,0.018932
2147.4125,0.019045
2147.6455,0.019246
2147.8784,0.019474
2148.1114,0.019654
2148.3443,0.019716
2148.5773,0.019628
2148.8103,0.019399
2149.0432,0.019078
2149.2762,0.018725
2149.5091,0.018391
2149.7421,0.018104
2149.9751,0.017874
2150.2080,0.017699
2150.4410,0.017582
2150.6739,0.017525
2150.9069,0.017531
2151.1398,0.017589
2151.3728,0.017673
2151.6058,0.017746
2151.8387,0.017779
2152.0717,0.017766
2152.3046,0.017731
2152.5376,0.017717
2152.7706,0.017764
2153.0035,0.017886
2153.2365,0.018055
2153.4694,0.018218
2153.7024,0.018319
2153.9354,0.018330
2154.1683,0.018271
2154.4013,0.018205
2154.6342,0.018204
2154.8672,0.018314
2155.1001,0.018525
2155.3331,0.018771
2155.5661,0.018959
2155.7990,0.019008
2156.0320,0.018890
2156.2649,0.018643
2156.4979,0.018351
2156.7309,0.018108
2156.9638,0.017973
2157.1968,0.017956
2157.4297,0.018020
2157.6627,0.018116
2157.8956,0.018212
2158.1286,0.018314
2158.3616,0.018463
2158.5945,0.018707
2158.8275,0.019077
2159.0604,0.019561
2159.2934,0.020113
2159.5264,0.020667
2159.7593,0.021164
2159.9923,0.021566
2160.2252,0.021862
2160.4582,0.022055
2160.6912,0.022148
2160.9241,0.022144
2161.1571,0.022043
2161.3900,0.021860
2161.6230,0.021628
2161.8559,0.021394
2162.0889,0.021197
2162.3219,0.021055
2162.5548,0.020958
2162.7878,0.020874
2163.0207,0.020773
2163.2537,0.020646
2163.4867,0.020513
2163.7196,0.020416
2163.9526,0.020390
2164.1855,0.020439
2164.4185,0.020531
2164.6514,0.020606
2164.8844,0.020607
2165.1174,0.020511
2165.3503,0.020344
2165.5833,0.020171
2165.8162,0.020066
2166.0492,0.020070
2166.2822,0.020170
2166.5151,0.020306
2166.7481,0.020391
2166.9810,0.020360
2167.2140,0.020194
2167.4470,0.019934
2167.6799,0.019655
2167.9129,0.019435
2168.1458,0.019318
2168.3788,0.019301
2168.6117,0.019343
2168.8447,0.019390
2169.0777,0.019405
2169.3106,0.019382
2169.5436,0.019345
2169.7765,0.019335
2170.0095,0.019380
2170.2425,0.019492
2170.4754,0.019658
2170.7084,0.019855
2170.9413,0.020056
2171.1743,0.020241
2171.4072,0.020395
2171.6402,0.020504
2171.8732,0.020553
2172.1061,0.020527
2172.3391,0.020426
2172.5720,0.020271
2172.8050,0.020111
2173.0380,0.020006
2173.2709,0.020006
2173.5039,0.020132
2173.7368,0.020361
2173.9698,0.020636
2174.2028,0.020890
2174.4357,0.021071
2174.6687,0.021162
2174.9016,0.021183
2175.1346,0.021176
2175.3675,0.021182
2175.6005,0.021220
2175.8335,0.021284
2176.0664,0.021359
2176.2994,0.021435
2176.5323,0.021521
2176.7653,0.021640
2176.9983,0.021812
2177.2312,0.022030
2177.4642,0.022251
2177.6971,0.022403
2177.9301,0.022410
2178.1630,0.022228
2178.3960,0.021866
2178.6290,0.021394
2178.8619,0.020916
2179.0949,0.020530
2179.3278,0.020299
2179.5608,0.020229
2179.7938,0.020283
2180.0267,0.020407
2180.2597,0.020552
2180.4926,0.020703
2180.7256,0.020870
2180.9586,0.021077
2181.1915,0.021339
2181.4245,0.021648
2181.6574,0.021968
2181.8904,0.022252
2182.1233,0.022457
2182.3563,0.022561
2182.5893,0.022563
2182.8222,0.022482
2183.0552,0.022341
2183.2881,0.022161
2183.5211,0.021960
2183.7541,0.021757
2183.9870,0.021577
2184.2200,0.021448
2184.4529,0.021396
2184.6859,0.021435
2184.9188,0.021561
2185.1518,0.021754
2185.3848,0.021991
2185.6177,0.022251
2185.8507,0.022522
2186.0836,0.022801
2186.3166,0.023084
2186.5496,0.023355
2186.7825,0.023586
2187.0155,0.023740
2187.2484,0.023785
2187.4814,0.023714
2187.7144,0.023546
2187.9473,0.023329
2188.1803,0.023117
2188.4132,0.022952
2188.6462,0.022853
2188.8791,0.022813
2189.1121,0.022809
2189.3451,0.022818
2189.5780,0.022830
2189.8110,0.022845
2190.0439,0.022872
2190.2769,0.022911
2190.5099,0.022954
2190.7428,0.022983
2190.9758,0.022981
2191.2087,0.022942
2191.4417,0.022877
2191.6746,0.022805
2191.9076,0.022747
2192.1406,0.022708
2192.3735,0.022679
2192.6065,0.022643
2192.8394,0.022591
2193.0724,0.022532
2193.3054,0.022497
2193.5383,0.022527
2193.7713,0.022646
2194.0042,0.022849
2194.2372,0.023092
2194.4702,0.023305
2194.7031,0.023424
2194.9361,0.023409
2195.1690,0.023269
2195.4020,0.023050
2195.6349,0.022821
2195.8679,0.022639
2196.1009,0.022531
2196.3338,0.022491
2196.5668,0.022492
2196.7997,0.022506
2197.0327,0.022524
2197.2657,0.022554
2197.4986,0.022614
2197.7316,0.022716
2197.9645,0.022850
2198.1975,0.022986
2198.4304,0.023086
2198.6634,0.023124
2198.8964,0.023100
2199.1293,0.023040
2199.3623,0.022983
2199.5952,0.022961
2199.8282,0.022984
2200.0612,0.023036
2200.2941,0.023084
2200.5271,0.023100
2200.7600,0.023073
2200.9930,0.023016
2201.2260,0.022958
2201.4589,0.022925
2201.6919,0.022930
2201.9248,0.022966
2202.1578,0.023013
2202.3907,0.023050
2202.6237,0.023068
2202.8567,0.023072
2203.0896,0.023077
2203.3226,0.023095
2203.5555,0.023128
2203.7885,0.023167
2204.0215,0.023198
2204.2544,0.023215
2204.4874,0.023226
2204.7203,0.023251
2204.9533,0.023312
2205.1862,0.023422
2205.4192,0.023573
2205.6522,0.023739
2205.8851,0.023889
2206.1181,0.023998
2206.3510,0.024056
2206.5840,0.024073
2206.8170,0.024068
2207.0499,0.024057
2207.2829,0.024048
2207.5158,0.024041
2207.7488,0.024032
2207.9818,0.024026
2208.2147,0.024033
2208.4477,0.024069
2208.6806,0.024137
2208.9136,0.024226
2209.1465,0.024301
2209.3795,0.024324
2209.6125,0.024267
2209.8454,0.024132
2210.0784,0.023955
2210.3113,0.023796
2210.5443,0.023713
2210.7773,0.023735
2211.0102,0.023849
2211.2432,0.024003
2211.4761,0.024127
2211.7091,0.024165
2211.9420,0.024091
2212.1750,0.023921
2212.4080,0.023702
2212.6409,0.023486
2212.8739,0.023309
2213.1068,0.023183
2213.3398,0.023100
2213.5728,0.023043
2213.8057,0.023001
2214.0387,0.022974
2214.2716,0.022971
2214.5046,0.023000
2214.7376,0.023059
2214.9705,0.023131
2215.2035,0.023197
2215.4364,0.023244
2215.6694,0.023271
2215.9023,0.023294
2216.1353,0.023332
2216.3683,0.023398
2216.6012,0.023488
2216.8342,0.023583
2217.0671,0.023659
2217.3001,0.023696
2217.5331,0.023693
2217.7660,0.023667
2217.9990,0.023645
2218.2319,0.023648
2218.4649,0.023686
2218.6978,0.023749
2218.9308,0.023821
2219.1638,0.023888
2219.3967,0.023947
2219.6297,0.024005
2219.8626,0.024075
2220.0956,0.024164
2220.3286,0.024267
2220.5615,0.024363
2220.7945,0.024433
2221.0274,0.024462
2221.2604,0.024452
2221.4934,0.024419
2221.7263,0.024385
2221.9593,0.024361
2222.1922,0.024348
2222.4252,0.024330
2222.6581,0.024292
2222.8911,0.024226
2223.1241,0.024140
2223.3570,0.024057
2223.5900,0.024003
2223.8229,0.023991
2224.0559,0.024019
2224.2889,0.024068
2224.5218,0.024114
2224.7548,0.024146
2224.9877,0.024168
2225.2207,0.024202
2225.4536,0.024272
2225.6866,0.024387
2225.9196,0.024539
2226.1525,0.024695
2226.3855,0.024818
2226.6184,0.024881
2226.8514,0.024882
2227.0844,0.024842
2227.3173,0.024795
2227.5503,0.024771
2227.7832,0.024781
2228.0162,0.024812
2228.2492,0.024837
2228.4821,0.024830
2228.7151,0.024784
2228.9480,0.024711
2229.1810,0.024644
2229.4139,0.024616
2229.6469,0.024653
2229.8799,0.024761
2230.1128,0.024930
2230.3458,0.025144
2230.5787,0.025382
2230.8117,0.025632
2231.0447,0.025884
2231.2776,0.026126
2231.5106,0.026340
2231.7435,0.026499
2231.9765,0.026581
2232.2094,0.026572
2232.4424,0.026477
2232.6754,0.026321
2232.9083,0.026137
2233.1413,0.025960
2233.3742,0.025810
2233.6072,0.025690
2233.8402,0.025593
2234.0731,0.025511
2234.3061,0.025440
2234.5390,0.025391
2234.7720,0.025378
2235.0050,0.025416
2235.2379,0.025506
2235.4709,0.025639
2235.7038,0.025791
2235.9368,0.025935
2236.1697,0.026050
2236.4027,0.026123
2236.6357,0.026153
2236.8686,0.026145
2237.1016,0.026109
2237.3345,0.026053
2237.5675,0.025988
2237.8005,0.025922
2238.0334,0.025868
2238.2664,0.025834
2238.4993,0.025824
2238.7323,0.025836
2238.9652,0.025860
2239.1982,0.025883
2239.4312,0.025898
2239.6641,0.025903
2239.8971,0.025907
2240.1300,0.025920
2240.3630,0.025951
2240.5960,0.025998
2240.8289,0.026052
2241.0619,0.026099
2241.2948,0.026126
2241.5278,0.026127
2241.7608,0.026102
2241.9937,0.026055
2242.2267,0.025984
2242.4596,0.025880
2242.6926,0.025732
2242.9255,0.025531
2243.1585,0.025287
2243.3915,0.025027
2243.6244,0.024794
2243.8574,0.024630
2244.0903,0.024562
2244.3233,0.024590
2244.5563,0.024687
2244.7892,0.024815
2245.0222,0.024934
2245.2551,0.025025
2245.4881,0.025090
2245.7210,0.025147
2245.9540,0.025212
2246.1870,0.025291
2246.4199,0.025370
2246.6529,0.025424
2246.8858,0.025428
2247.1188,0.025375
2247.3518,0.025279
2247.5847,0.025172
2247.8177,0.025090
2248.0506,0.025056
2248.2836,0.025074
2248.5166,0.025128
2248.7495,0.025196
2248.9825,0.025262
2249.2154,0.025320
2249.4484,0.025381
2249.6813,0.025457
2249.9143,0.025559
2250.1473,0.025681
2250.3802,0.025812
2250.6132,0.025938
2250.8461,0.026053
2251.0791,0.026162
2251.3121,0.026277
2251.5450,0.026407
2251.7780,0.026548
2252.0109,0.026679
2252.2439,0.026769
2252.4768,0.026789
2252.7098,0.026729
2252.9428,0.026605
2253.1757,0.026453
2253.4087,0.026316
2253.6416,0.026231
2253.8746,0.026213
2254.1076,0.026258
2254.3405,0.026345
2254.5735,0.026453
2254.8064,0.026567
2255.0394,0.026681
2255.2724,0.026796
2255.5053,0.026908
2255.7383,0.027008
2255.9712,0.027081
2256.2042,0.027117
2256.4371,0.027113
2256.6701,0.027080
2256.9031,0.027039
2257.1360,0.027011
2257.3690,0.027006
2257.6019,0.027021
2257.8349,0.027045
2258.0679,0.027063
2258.3008,0.027070
2258.5338,0.027070
2258.7667,0.027078
2258.9997,0.027103
2259.2326,0.027148
2259.4656,0.027201
2259.6986,0.027242
2259.9315,0.027255
2260.1645,0.027237
2260.3974,0.027201
2260.6304,0.027172
2260.8634,0.027173
2261.0963,0.027213
2261.3293,0.027282
2261.5622,0.027358
2261.7952,0.027413
2262.0281,0.027434
2262.2611,0.027424
2262.4941,0.027400
2262.7270,0.027385
2262.9600,0.027393
2263.1929,0.027420
2263.4259,0.027452
2263.6589,0.027467
2263.8918,0.027457
2264.1248,0.027427
2264.3577,0.027396
2264.5907,0.027386
2264.8237,0.027410
2265.0566,0.027464
2265.2896,0.027527
2265.5225,0.027572
2265.7555,0.027577
2265.9884,0.027538
2266.2214,0.027465
2266.4544,0.027380
2266.6873,0.027305
2266.9203,0.027251
2267.1532,0.027222
2267.3862,0.027215
2267.6192,0.027227
2267.8521,0.027260
2268.0851,0.027321
2268.3180,0.027413
2268.5510,0.027528
2268.7839,0.027650
2269.0169,0.027753
2269.2499,0.027816
2269.4828,0.027830
2269.7158,0.027803
2269.9487,0.027755
2270.1817,0.027712
2270.4147,0.027691
2270.6476,0.027697
2270.8806,0.027722
2271.1135,0.027755
2271.3465,0.027790
2271.5795,0.027829
2271.8124,0.027878
2272.0454,0.027942
2272.2783,0.028019
2272.5113,0.028094
2272.7442,0.028147
2272.9772,0.028164
2273.2102,0.028142
2273.4431,0.028094
2273.6761,0.028044
2273.9090,0.028012
2274.1420,0.028007
2274.3750,0.028020
2274.6079,0.028034
2274.8409,0.028028
2275.0738,0.027997
2275.3068,0.027952
2275.5397,0.027916
2275.7727,0.027914
2276.0057,0.027958
2276.2386,0.028042
2276.4716,0.028145
2276.7045,0.028242
2276.9375,0.028316
2277.1705,0.028368
2277.4034,0.028414
2277.6364,0.028475
2277.8693,0.028566
2278.1023,0.028684
2278.3353,0.028812
2278.5682,0.028926
2278.8012,0.029008
2279.0341,0.029054
2279.2671,0.029075
2279.5000,0.029091
2279.7330,0.029119
2279.9660,0.029165
2280.1989,0.029223
2280.4319,0.029282
2280.6648,0.029332
2280.8978,0.029374
2281.1308,0.029416
2281.3637,0.029469
2281.5967,0.029539
2281.8296,0.029620
2282.0626,0.029700
2282.2955,0.029762
2282.5285,0.029798
2282.7615,0.029810
2282.9944,0.029813
2283.2274,0.029822
2283.4603,0.029847
2283.6933,0.029888
2283.9263,0.029931
2284.1592,0.029963
2284.3922,0.029978
2284.6251,0.029979
2284.8581,0.029981
2285.0911,0.030001
2285.3240,0.030048
2285.5570,0.030117
2285.7899,0.030188
2286.0229,0.030241
2286.2558,0.030256
2286.4888,0.030231
2286.7218,0.030175
2286.9547,0.030108
2287.1877,0.030048
2287.4206,0.030006
2287.6536,0.029985
2287.8866,0.029984
2288.1195,0.029998
2288.3525,0.030030
2288.5854,0.030081
2288.8184,0.030151
2289.0513,0.030233
2289.2843,0.030311
2289.5173,0.030364
2289.7502,0.030376
2289.9832,0.030343
2290.2161,0.030277
2290.4491,0.030201
2290.6821,0.030140
2290.9150,0.030108
2291.1480,0.030106
2291.3809,0.030120
2291.6139,0.030131
2291.8469,0.030125
2292.0798,0.030101
2292.3128,0.030067
2292.5457,0.030040
2292.7787,0.030033
2293.0116,0.030047
2293.2446,0.030077
2293.4776,0.030108
2293.7105,0.030130
2293.9435,0.030140
2294.1764,0.030142
2294.4094,0.030143
2294.6424,0.030146
2294.8753,0.030148
2295.1083,0.030142
2295.3412,0.030119
2295.5742,0.030078
2295.8071,0.030027
2296.0401,0.029981
2296.2731,0.029953
2296.5060,0.029950
2296.7390,0.029967
2296.9719,0.029988
2297.2049,0.029999
2297.4379,0.029991
2297.6708,0.029967
2297.9038,0.029936
2298.1367,0.029910
2298.3697,0.029893
2298.6027,0.029878
2298.8356,0.029852
2299.0686,0.029805
2299.3015,0.029736
2299.5345,0.029656
2299.7674,0.029587
2300.0004,0.029547
2300.2334,0.029544
2300.4663,0.029569
2300.6993,0.029599
2300.9322,0.029612
2301.1652,0.029595
2301.3982,0.029553
2301.6311,0.029506
2301.8641,0.029479
2302.0970,0.029489
2302.3300,0.029534
2302.5629,0.029596
2302.7959,0.029645
2303.0289,0.029659
2303.2618,0.029629
2303.4948,0.029565
2303.7277,0.029494
2303.9607,0.029441
2304.1937,0.029422
2304.4266,0.029438
2304.6596,0.029476
2304.8925,0.029519
2305.1255,0.029550
2305.3585,0.029563
2305.5914,0.029563
2305.8244,0.029556
2306.0573,0.029554
2306.2903,0.029563
2306.5232,0.029585
2306.7562,0.029620
2306.9892,0.029667
2307.2221,0.029721
2307.4551,0.029776
2307.6880,0.029820
2307.9210,0.029845
2308.1540,0.029845
2308.3869,0.029826
2308.6199,0.029807
2308.8528,0.029810
2309.0858,0.029859
2309.3187,0.029958
2309.5517,0.030094
2309.7847,0.030236
2310.0176,0.030345
2310.2506,0.030394
2310.4835,0.030381
2310.7165,0.030326
2310.9495,0.030264
2311.1824,0.030228
2311.4154,0.030234
2311.6483,0.030277
2311.8813,0.030332
2312.1143,0.030376
2312.3472,0.030399
2312.5802,0.030409
2312.8131,0.030428
2313.0461,0.030470
2313.2790,0.030536
2313.5120,0.030601
2313.7450,0.030631
2313.9779,0.030600
2314.2109,0.030510
2314.4438,0.030402
2314.6768,0.030336
2314.9098,0.030367
2315.1427,0.030517
2315.3757,0.030762
2315.6086,0.031034
2315.8416,0.031251
2316.0745,0.031351
2316.3075,0.031322
2316.5405,0.031210
2316.7734,0.031093
2317.0064,0.031045
2317.2393,0.031106
2317.4723,0.031268
2317.7053,0.031483
2317.9382,0.031690
2318.1712,0.031848
2318.4041,0.031951
2318.6371,0.032030
2318.8701,0.032123
2319.1030,0.032251
2319.3360,0.032400
2319.5689,0.032525
2319.8019,0.032575
2320.0348,0.032522
2320.2678,0.032384
2320.5008,0.032218
2320.7337,0.032096
2320.9667,0.032069
2321.1996,0.032149
2321.4326,0.032301
2321.6656,0.032460
2321.8985,0.032566
2322.1315,0.032585
2322.3644,0.032524
2322.5974,0.032421
2322.8303,0.032312
2323.0633,0.032218
2323.2963,0.032129
2323.5292,0.032017
2323.7622,0.031856
2323.9951,0.031644
2324.2281,0.031410
2324.4611,0.031198
2324.6940,0.031049
2324.9270,0.030978
2325.1599,0.030967
2325.3929,0.030975
2325.6259,0.030953
2325.8588,0.030875
2326.0918,0.030744
2326.3247,0.030593
2326.5577,0.030466
2326.7906,0.030393
2327.0236,0.030381
2327.2566,0.030411
2327.4895,0.030449
2327.7225,0.030465
2327.9554,0.030450
2328.1884,0.030421
2328.4214,0.030405
2328.6543,0.030426
2328.8873,0.030492
2329.1202,0.030586
2329.3532,0.030683
2329.5861,0.030759
2329.8191,0.030808
2330.0521,0.030847
2330.2850,0.030903
2330.5180,0.031003
2330.7509,0.031153
2330.9839,0.031333
2331.2169,0.031509
2331.4498,0.031641
2331.6828,0.031708
2331.9157,0.031712
2332.1487,0.031678
2332.3817,0.031635
2332.6146,0.031605
2332.8476,0.031592
2333.0805,0.031584
2333.3135,0.031560
2333.5464,0.031510
2333.7794,0.031437
2334.0124,0.031362
2334.2453,0.031309
2334.4783,0.031299
2334.7112,0.031340
2334.9442,0.031425
2335.1772,0.031541
2335.4101,0.031673
2335.6431,0.031814
2335.8760,0.031964
2336.1090,0.032126
2336.3419,0.032296
2336.5749,0.032466
2336.8079,0.032616
2337.0408,0.032732
2337.2738,0.032806
2337.5067,0.032847
2337.7397,0.032875
2337.9727,0.032913
2338.2056,0.032977
2338.4386,0.033068
2338.6715,0.033177
2338.9045,0.033288
2339.1375,0.033391
2339.3704,0.033483
2339.6034,0.033573
2339.8363,0.033671
2340.0693,0.033779
2340.3022,0.033890
2340.5352,0.033985
2340.7682,0.034043
2341.0011,0.034052
2341.2341,0.034019
2341.4670,0.033962
2341.7000,0.033908
2341.9330,0.033876
2342.1659,0.033868
2342.3989,0.033871
2342.6318,0.033858
2342.8648,0.033805
2343.0977,0.033701
2343.3307,0.033553
2343.5637,0.033380
2343.7966,0.033205
2344.0296,0.033044
2344.2625,0.032897
2344.4955,0.032753
2344.7285,0.032592
2344.9614,0.032397
2345.1944,0.032163
2345.4273,0.031893
2345.6603,0.031604
2345.8933,0.031314
2346.1262,0.031038
2346.3592,0.030785
2346.5921,0.030553
2346.8251,0.030335
2347.0580,0.030119
2347.2910,0.029893
2347.5240,0.029644
2347.7569,0.029365
2347.9899,0.029054
2348.2228,0.028717
2348.4558,0.028366
2348.6888,0.028025
2348.9217,0.027721
2349.1547,0.027485
2349.3876,0.027340
2349.6206,0.027303
2349.8535,0.027377
2350.0865,0.027552
2350.3195,0.027809
2350.5524,0.028119
2350.7854,0.028450
2351.0183,0.028775
2351.2513,0.029074
2351.4843,0.029334
2351.7172,0.029554
2351.9502,0.029737
2352.1831,0.029894
2352.4161,0.030038
2352.6491,0.030183
2352.8820,0.030337
2353.1150,0.030505
2353.3479,0.030683
2353.5809,0.030861
2353.8138,0.031026
2354.0468,0.031166
2354.2798,0.031278
2354.5127,0.031366
2354.7457,0.031443
2354.9786,0.031519
2355.2116,0.031601
2355.4446,0.031687
2355.6775,0.031762
2355.9105,0.031810
2356.1434,0.031819
2356.3764,0.031791
2356.6093,0.031745
2356.8423,0.031712
2357.0753,0.031723
2357.3082,0.031798
2357.5412,0.031936
2357.7741,0.032114
2358.0071,0.032294
2358.2401,0.032434
2358.4730,0.032507
2358.7060,0.032506
2358.9389,0.032453
2359.1719,0.032383
2359.4049,0.032339
2359.6378,0.032349
2359.8708,0.032420
2360.1037,0.032537
2360.3367,0.032665
2360.5696,0.032761
2360.8026,0.032791
2361.0356,0.032735
2361.2685,0.032595
2361.5015,0.032393
2361.7344,0.032167
2361.9674,0.031961
2362.2004,0.031815
2362.4333,0.031757
2362.6663,0.031799
2362.8992,0.031935
2363.1322,0.032141
2363.3651,0.032378
2363.5981,0.032606
2363.8311,0.032785
2364.0640,0.032887
2364.2970,0.032900
2364.5299,0.032829
2364.7629,0.032692
2364.9959,0.032516
2365.2288,0.032329
2365.4618,0.032155
2365.6947,0.032017
2365.9277,0.031927
2366.1607,0.031897
2366.3936,0.031937
2366.6266,0.032050
2366.8595,0.032233
2367.0925,0.032473
2367.3254,0.032747
2367.5584,0.033021
2367.7914,0.033261
2368.0243,0.033437
2368.2573,0.033527
2368.4902,0.033527
2368.7232,0.033446
2368.9562,0.033303
2369.1891,0.033124
2369.4221,0.032936
2369.6550,0.032760
2369.8880,0.032612
2370.1209,0.032501
2370.3539,0.032428
2370.5869,0.032392
2370.8198,0.032384
2371.0528,0.032397
2371.2857,0.032421
2371.5187,0.032447
2371.7517,0.032473
2371.9846,0.032497
2372.2176,0.032520
2372.4505,0.032547
2372.6835,0.032577
2372.9165,0.032608
2373.1494,0.032636
2373.3824,0.032657
2373.6153,0.032667
2373.8483,0.032664
2374.0812,0.032649
2374.3142,0.032623
2374.5472,0.032587
2374.7801,0.032536
2375.0131,0.032468
2375.2460,0.032379
2375.4790,0.032268
2375.7120,0.032140
2375.9449,0.032002
2376.1779,0.031868
2376.4108,0.031749
2376.6438,0.031652
2376.8767,0.031581
2377.1097,0.031533
2377.3427,0.031502
2377.5756,0.031482
2377.8086,0.031467
2378.0415,0.031453
2378.2745,0.031439
2378.5075,0.031423
2378.7404,0.031404
2378.9734,0.031379
2379.2063,0.031348
2379.4393,0.031309
2379.6723,0.031264
2379.9052,0.031212
2380.1382,0.031157
2380.3711,0.031100
2380.6041,0.031046
2380.8370,0.030997
2381.0700,0.030953
2381.3030,0.030916
2381.5359,0.030885
2381.7689,0.030856
2382.0018,0.030826
2382.2348,0.030789
2382.4678,0.030745
2382.7007,0.030694
2382.9337,0.030641
2383.1666,0.030593
2383.3996,0.030558
2383.6325,0.030538
2383.8655,0.030534
2384.0985,0.030538
2384.3314,0.030543
2384.5644,0.030543
2384.7973,0.030535
2385.0303,0.030523
2385.2633,0.030511
2385.4962,0.030507
2385.7292,0.030513
2385.9621,0.030524
2386.1951,0.030534
2386.4281,0.030534
2386.6610,0.030518
2386.8940,0.030486
2387.1269,0.030445
2387.3599,0.030401
2387.5928,0.030365
2387.8258,0.030340
2388.0588,0.030327
2388.2917,0.030323
2388.5247,0.030321
2388.7576,0.030318
2388.9906,0.030314
2389.2236,0.030309
2389.4565,0.030306
2389.6895,0.030307
2389.9224,0.030311
2390.1554,0.030318
2390.3883,0.030324
2390.6213,0.030327
2390.8543,0.030326
2391.0872,0.030322
2391.3202,0.030317
2391.5531,0.030313
2391.7861,0.030312
2392.0191,0.030316
2392.2520,0.030328
2392.4850,0.030348
2392.7179,0.030378
2392.9509,0.030414
2393.1839,0.030451
2393.4168,0.030481
2393.6498,0.030498
2393.8827,0.030496
2394.1157,0.030475
2394.3486,0.030442
2394.5816,0.030405
2394.8146,0.030371
2395.0475,0.030346
2395.2805,0.030332
2395.5134,0.030324
2395.7464,0.030318
2395.9794,0.030309
2396.2123,0.030297
2396.4453,0.030282
2396.6782,0.030266
2396.9112,0.030251
2397.1441,0.030234
2397.3771,0.030215
2397.6101,0.030193
2397.8430,0.030169
2398.0760,0.030146
2398.3089,0.030131
2398.5419,0.030127
2398.7749,0.030134
2399.0078,0.030147
2399.2408,0.030160
2399.4737,0.030167
2399.7067,0.030167
2399.9396,0.030163
2400.1726,0.030162
2400.4056,0.030171
2400.6385,0.030193
2400.8715,0.030224
2401.1044,0.030257
2401.3374,0.030284
2401.5704,0.030301
2401.8033,0.030309
2402.0363,0.030316
2402.2692,0.030330
2402.5022,0.030357
2402.7352,0.030399
2402.9681,0.030450
2403.2011,0.030503
2403.4340,0.030549
2403.6670,0.030585
2403.8999,0.030612
2404.1329,0.030636
2404.3659,0.030662
2404.5988,0.030690
2404.8318,0.030720
2405.0647,0.030746
2405.2977,0.030763
2405.5307,0.030768
2405.7636,0.030759
2405.9966,0.030739
2406.2295,0.030708
2406.4625,0.030666
2406.6954,0.030614
2406.9284,0.030553
2407.1614,0.030488
2407.3943,0.030429
2407.6273,0.030386
2407.8602,0.030368
2408.0932,0.030375
2408.3262,0.030401
2408.5591,0.030436
2408.7921,0.030466
2409.0250,0.030484
2409.2580,0.030492
2409.4910,0.030497
2409.7239,0.030512
2409.9569,0.030542
2410.1898,0.030588
2410.4228,0.030638
2410.6557,0.030678
2410.8887,0.030692
2411.1217,0.030674
2411.3546,0.030629
2411.5876,0.030571
2411.8205,0.030516
2412.0535,0.030481
2412.2865,0.030471
2412.5194,0.030485
2412.7524,0.030515
2412.9853,0.030549
2413.2183,0.030580
2413.4512,0.030602
2413.6842,0.030615
2413.9172,0.030619
2414.1501,0.030614
2414.3831,0.030601
2414.6160,0.030580
2414.8490,0.030553
2415.0820,0.030522
2415.3149,0.030495
2415.5479,0.030476
2415.7808,0.030468
2416.0138,0.030471
2416.2468,0.030481
2416.4797,0.030495
2416.7127,0.030508
2416.9456,0.030517
2417.1786,0.030520
2417.4115,0.030516
2417.6445,0.030503
2417.8775,0.030481
2418.1104,0.030451
2418.3434,0.030417
2418.5763,0.030389
2418.8093,0.030377
2419.0423,0.030390
2419.2752,0.030432
2419.5082,0.030499
2419.7411,0.030582
2419.9741,0.030667
2420.2070,0.030744
2420.4400,0.030806
2420.6730,0.030852
2420.9059,0.030887
2421.1389,0.030917
2421.3718,0.030945
2421.6048,0.030970
2421.8378,0.030989
2422.0707,0.031000
2422.3037,0.031001
2422.5366,0.030997
2422.7696,0.030995
2423.0026,0.031004
2423.2355,0.031027
2423.4685,0.031063
2423.7014,0.031106
2423.9344,0.031145
2424.1673,0.031172
2424.4003,0.031181
2424.6333,0.031172
2424.8662,0.031149
2425.0992,0.031118
2425.3321,0.031088
2425.5651,0.031066
2425.7981,0.031056
2426.0310,0.031063
2426.2640,0.031087
2426.4969,0.031125
2426.7299,0.031171
2426.9628,0.031216
2427.1958,0.031252
2427.4288,0.031274
2427.6617,0.031280
2427.8947,0.031273
2428.1276,0.031259
2428.3606,0.031248
2428.5936,0.031244
2428.8265,0.031247
2429.0595,0.031256
2429.2924,0.031264
2429.5254,0.031267
2429.7584,0.031260
2429.9913,0.031246
2430.2243,0.031228
2430.4572,0.031212
2430.6902,0.031202
2430.9231,0.031202
2431.1561,0.031217
2431.3891,0.031246
2431.6220,0.031292
2431.8550,0.031350
2432.0879,0.031414
2432.3209,0.031475
2432.5539,0.031522
2432.7868,0.031545
2433.0198,0.031540
2433.2527,0.031508
2433.4857,0.031458
2433.7186,0.031401
2433.9516,0.031349
2434.1846,0.031307
2434.4175,0.031276
2434.6505,0.031253
2434.8834,0.031231
2435.1164,0.031211
2435.3494,0.031194
2435.5823,0.031187
2435.8153,0.031195
2436.0482,0.031222
2436.2812,0.031267
2436.5142,0.031324
2436.7471,0.031388
2436.9801,0.031452
2437.2130,0.031514
2437.4460,0.031575
2437.6789,0.031633
2437.9119,0.031688
2438.1449,0.031738
2438.3778,0.031780
2438.6108,0.031812
2438.8437,0.031840
2439.0767,0.031869
2439.3097,0.031907
2439.5426,0.031958
2439.7756,0.032021
2440.0085,0.032087
2440.2415,0.032147
2440.4744,0.032191
2440.7074,0.032216
2440.9404,0.032228
2441.1733,0.032236
2441.4063,0.032253
2441.6392,0.032284
2441.8722,0.032329
2442.1052,0.032380
2442.3381,0.032429
2442.5711,0.032469
2442.8040,0.032499
2443.0370,0.032522
2443.2700,0.032546
2443.5029,0.032577
2443.7359,0.032619
2443.9688,0.032670
2444.2018,0.032729
2444.4347,0.032794
2444.6677,0.032864
2444.9007,0.032940
2445.1336,0.033020
2445.3666,0.033098
2445.5995,0.033166
2445.8325,0.033213
2446.0655,0.033233
2446.2984,0.033228
2446.5314,0.033206
2446.7643,0.033184
2446.9973,0.033175
2447.2302,0.033189
2447.4632,0.033224
2447.6962,0.033272
2447.9291,0.033319
2448.1621,0.033352
2448.3950,0.033369
2448.6280,0.033371
2448.8610,0.033367
2449.0939,0.033366
2449.3269,0.033371
2449.5598,0.033381
2449.7928,0.033390
2450.0258,0.033391
2450.2587,0.033383
2450.4917,0.033365
2450.7246,0.033345
2450.9576,0.033331
2451.1905,0.033330
2451.4235,0.033344
2451.6565,0.033373
2451.8894,0.033415
2452.1224,0.033466
2452.3553,0.033523
2452.5883,0.033581
2452.8213,0.033635
2453.0542,0.033679
2453.2872,0.033709
2453.5201,0.033724
2453.7531,0.033727
2453.9860,0.033723
2454.2190,0.033721
2454.4520,0.033724
2454.6849,0.033733
2454.9179,0.033742
2455.1508,0.033743
2455.3838,0.033729
2455.6168,0.033698
2455.8497,0.033654
2456.0827,0.033607
2456.3156,0.033568
2456.5486,0.033544
2456.7816,0.033539
2457.0145,0.033550
2457.2475,0.033572
2457.4804,0.033600
2457.7134,0.033630
2457.9463,0.033661
2458.1793,0.033690
2458.4123,0.033714
2458.6452,0.033726
2458.8782,0.033720
2459.1111,0.033693
2459.3441,0.033648
2459.5771,0.033591
2459.8100,0.033531
2460.0430,0.033476
2460.2759,0.033428
2460.5089,0.033384
2460.7418,0.033337
2460.9748,0.033283
2461.2078,0.033221
2461.4407,0.033161
2461.6737,0.033114
2461.9066,0.033091
2462.1396,0.033097
2462.3726,0.033126
2462.6055,0.033166
2462.8385,0.033200
2463.0714,0.033216
2463.3044,0.033209
2463.5374,0.033183
2463.7703,0.033146
2464.0033,0.033109
2464.2362,0.033083
2464.4692,0.033070
2464.7021,0.033073
2464.9351,0.033087
2465.1681,0.033110
2465.4010,0.033136
2465.6340,0.033159
2465.8669,0.033173
2466.0999,0.033170
2466.3329,0.033148
2466.5658,0.033108
2466.7988,0.033058
2467.0317,0.033012
2467.2647,0.032983
2467.4976,0.032978
2467.7306,0.032997
2467.9636,0.033031
2468.1965,0.033066
2468.4295,0.033092
2468.6624,0.033100
2468.8954,0.033094
2469.1284,0.033080
2469.3613,0.033065
2469.5943,0.033054
2469.8272,0.033048
2470.0602,0.033043
2470.2932,0.033037
2470.5261,0.033034
2470.7591,0.033038
2470.9920,0.033055
2471.2250,0.033085
2471.4579,0.033121
2471.6909,0.033148
2471.9239,0.033148
2472.1568,0.033111
2472.3898,0.033038
2472.6227,0.032945
2472.8557,0.032856
2473.0887,0.032796
2473.3216,0.032778
2473.5546,0.032800
2473.7875,0.032845
2474.0205,0.032889
2474.2534,0.032911
2474.4864,0.032899
2474.7194,0.032856
2474.9523,0.032795
2475.1853,0.032731
2475.4182,0.032679
2475.6512,0.032645
2475.8842,0.032631
2476.1171,0.032632
2476.3501,0.032646
2476.5830,0.032668
2476.8160,0.032695
2477.0490,0.032722
2477.2819,0.032743
2477.5149,0.032750
2477.7478,0.032739
2477.9808,0.032707
2478.2137,0.032663
2478.4467,0.032615
2478.6797,0.032573
2478.9126,0.032546
2479.1456,0.032532
2479.3785,0.032527
2479.6115,0.032524
2479.8445,0.032519
2480.0774,0.032513
2480.3104,0.032509
2480.5433,0.032511
2480.7763,0.032520
2481.0092,0.032534
2481.2422,0.032545
2481.4752,0.032548
2481.7081,0.032540
2481.9411,0.032527
2482.1740,0.032516
2482.4070,0.032518
2482.6400,0.032537
2482.8729,0.032573
2483.1059,0.032620
2483.3388,0.032670
2483.5718,0.032718
2483.8048,0.032761
2484.0377,0.032804
2484.2707,0.032847
2484.5036,0.032891
2484.7366,0.032930
2484.9695,0.032956
2485.2025,0.032961
2485.4355,0.032941
2485.6684,0.032898
2485.9014,0.032841
2486.1343,0.032778
2486.3673,0.032717
2486.6003,0.032659
2486.8332,0.032604
2487.0662,0.032552
2487.2991,0.032505
2487.5321,0.032468
2487.7650,0.032449
2487.9980,0.032452
2488.2310,0.032477
2488.4639,0.032516
2488.6969,0.032560
2488.9298,0.032602
2489.1628,0.032640
2489.3958,0.032681
2489.6287,0.032736
2489.8617,0.032812
2490.0946,0.032910
2490.3276,0.033019
2490.5606,0.033120
2490.7935,0.033196
2491.0265,0.033233
2491.2594,0.033231
2491.4924,0.033198
2491.7253,0.033150
2491.9583,0.033099
2492.1913,0.033054
2492.4242,0.033015
2492.6572,0.032976
2492.8901,0.032932
2493.1231,0.032883
2493.3561,0.032833
2493.5890,0.032789
2493.8220,0.032758
2494.0549,0.032745
2494.2879,0.032746
2494.5208,0.032758
2494.7538,0.032775
2494.9868,0.032793
2495.2197,0.032809
2495.4527,0.032820
2495.6856,0.032823
2495.9186,0.032816
2496.1516,0.032795
2496.3845,0.032763
2496.6175,0.032724
2496.8504,0.032688
2497.0834,0.032664
2497.3164,0.032658
2497.5493,0.032668
2497.7823,0.032690
2498.0152,0.032716
2498.2482,0.032740
2498.4811,0.032765
2498.7141,0.032798
2498.9471,0.032846
2499.1800,0.032914
2499.4130,0.032995
2499.6459,0.033077
2499.8789,0.033141
2500.1119,0.033173
2500.3448,0.033168
2500.5778,0.033133
2500.8107,0.033082
2501.0437,0.033033
2501.2766,0.032995
2501.5096,0.032970
2501.7426,0.032950
2501.9755,0.032927
2502.2085,0.032895
2502.4414,0.032852
2502.6744,0.032807
2502.9074,0.032767
2503.1403,0.032739
2503.3733,0.032723
2503.6062,0.032718
2503.8392,0.032719
2504.0722,0.032728
2504.3051,0.032749
2504.5381,0.032787
2504.7710,0.032845
2505.0040,0.032920
2505.2369,0.033002
2505.4699,0.033076
2505.7029,0.033131
2505.9358,0.033163
2506.1688,0.033177
2506.4017,0.033184
2506.6347,0.033194
2506.8677,0.033212
2507.1006,0.033234
2507.3336,0.033252
2507.5665,0.033254
2507.7995,0.033239
2508.0324,0.033210
2508.2654,0.033178
2508.4984,0.033158
2508.7313,0.033155
2508.9643,0.033169
2509.1972,0.033191
2509.4302,0.033210
2509.6632,0.033219
2509.8961,0.033214
2510.1291,0.033200
2510.3620,0.033184
2510.5950,0.033171
2510.8280,0.033161
2511.0609,0.033154
2511.2939,0.033147
2511.5268,0.033142
2511.7598,0.033146
2511.9927,0.033162
2512.2257,0.033194
2512.4587,0.033236
2512.6916,0.033278
2512.9246,0.033308
2513.1575,0.033316
2513.3905,0.033303
2513.6235,0.033279
2513.8564,0.033257
2514.0894,0.033251
2514.3223,0.033261
2514.5553,0.033283
2514.7882,0.033305
2515.0212,0.033316
2515.2542,0.033316
2515.4871,0.033314
2515.7201,0.033324
2515.9530,0.033358
2516.1860,0.033416
2516.4190,0.033486
2516.6519,0.033548
2516.8849,0.033581
2517.1178,0.033574
2517.3508,0.033532
2517.5838,0.033472
2517.8167,0.033419
2518.0497,0.033390
2518.2826,0.033392
2518.5156,0.033419
2518.7485,0.033459
2518.9815,0.033498
2519.2145,0.033529
2519.4474,0.033553
2519.6804,0.033575
2519.9133,0.033597
2520.1463,0.033617
2520.3793,0.033630
2520.6122,0.033630
2520.8452,0.033615
2521.0781,0.033592
2521.3111,0.033574
2521.5440,0.033572
2521.7770,0.033592
2522.0100,0.033628
2522.2429,0.033665
2522.4759,0.033685
2522.7088,0.033673
2522.9418,0.033629
2523.1748,0.033560
2523.4077,0.033484
2523.6407,0.033417
2523.8736,0.033369
2524.1066,0.033344
2524.3396,0.033338
2524.5725,0.033342
2524.8055,0.033353
2525.0384,0.033366
2525.2714,0.033377
2525.5043,0.033381
2525.7373,0.033373
2525.9703,0.033347
2526.2032,0.033301
2526.4362,0.033243
2526.6691,0.033186
2526.9021,0.033149
2527.1351,0.033145
2527.3680,0.033176
2527.6010,0.033234
2527.8339,0.033302
2528.0669,0.033363
2528.2998,0.033405
2528.5328,0.033428
2528.7658,0.033441
2528.9987,0.033456
2529.2317,0.033482
2529.4646,0.033518
2529.6976,0.033557
2529.9306,0.033593
2530.1635,0.033619
2530.3965,0.033639
2530.6294,0.033659
2530.8624,0.033688
2531.0954,0.033726
2531.3283,0.033767
2531.5613,0.033797
2531.7942,0.033801
2532.0272,0.033773
2532.2601,0.033717
2532.4931,0.033647
2532.7261,0.033581
2532.9590,0.033532
2533.1920,0.033505
2533.4249,0.033494
2533.6579,0.033491
2533.8909,0.033489
2534.1238,0.033486
2534.3568,0.033487
2534.5897,0.033499
2534.8227,0.033521
2535.0556,0.033550
2535.2886,0.033574
2535.5216,0.033584
2535.7545,0.033575
2535.9875,0.033554
2536.2204,0.033536
2536.4534,0.033533
2536.6864,0.033554
2536.9193,0.033594
2537.1523,0.033638
2537.3852,0.033669
2537.6182,0.033676
2537.8511,0.033661
2538.0841,0.033635
2538.3171,0.033616
2538.5500,0.033619
2538.7830,0.033646
2539.0159,0.033690
2539.2489,0.033736
2539.4819,0.033770
2539.7148,0.033786
2539.9478,0.033787
2540.1807,0.033784
2540.4137,0.033786
2540.6467,0.033797
2540.8796,0.033812
2541.1126,0.033822
2541.3455,0.033817
2541.5785,0.033795
2541.8114,0.033759
2542.0444,0.033719
2542.2774,0.033686
2542.5103,0.033666
2542.7433,0.033659
2542.9762,0.033661
2543.2092,0.033666
2543.4422,0.033674
2543.6751,0.033683
2543.9081,0.033696
2544.1410,0.033713
2544.3740,0.033730
2544.6069,0.033742
2544.8399,0.033742
2545.0729,0.033729
2545.3058,0.033708
2545.5388,0.033688
2545.7717,0.033679
2546.0047,0.033686
2546.2377,0.033706
2546.4706,0.033732
2546.7036,0.033756
2546.9365,0.033770
2547.1695,0.033778
2547.4025,0.033786
2547.6354,0.033801
2547.8684,0.033825
2548.1013,0.033854
2548.3343,0.033878
2548.5672,0.033889
2548.8002,0.033883
2549.0332,0.033867
2549.2661,0.033853
2549.4991,0.033856
2549.7320,0.033881
2549.9650,0.033924
2550.1980,0.033973
2550.4309,0.034012
2550.6639,0.034030
2550.8968,0.034027
2551.1298,0.034011
2551.3627,0.033996
2551.5957,0.033993
2551.8287,0.034001
2552.0616,0.034013
2552.2946,0.034014
2552.5275,0.033994
2552.7605,0.033948
2552.9935,0.033883
2553.2264,0.033811
2553.4594,0.033744
2553.6923,0.033686
2553.9253,0.033637
2554.1583,0.033590
2554.3912,0.033538
2554.6242,0.033484
2554.8571,0.033435
2555.0901,0.033402
2555.3230,0.033397
2555.5560,0.033421
2555.7890,0.033470
2556.0219,0.033533
2556.2549,0.033595
2556.4878,0.033646
2556.7208,0.033683
2556.9538,0.033704
2557.1867,0.033713
2557.4197,0.033711
2557.6526,0.033698
2557.8856,0.033677
2558.1185,0.033650
2558.3515,0.033627
2558.5845,0.033618
2558.8174,0.033631
2559.0504,0.033668
2559.2833,0.033724
2559.5163,0.033786
2559.7493,0.033837
2559.9822,0.033869
2560.2152,0.033879
2560.4481,0.033875
2560.6811,0.033868
2560.9141,0.033870
2561.1470,0.033885
2561.3800,0.033912
2561.6129,0.033942
2561.8459,0.033968
2562.0788,0.033986
2562.3118,0.033998
2562.5448,0.034010
2562.7777,0.034027
2563.0107,0.034053
2563.2436,0.034087
2563.4766,0.034125
2563.7096,0.034163
2563.9425,0.034197
2564.1755,0.034226
2564.4084,0.034248
2564.6414,0.034259
2564.8743,0.034254
2565.1073,0.034224
2565.3403,0.034166
2565.5732,0.034083
2565.8062,0.033987
2566.0391,0.033893
2566.2721,0.033820
2566.5051,0.033780
2566.7380,0.033774
2566.9710,0.033797
2567.2039,0.033837
2567.4369,0.033884
2567.6699,0.033932
2567.9028,0.033981
2568.1358,0.034033
2568.3687,0.034091
2568.6017,0.034152
2568.8346,0.034208
2569.0676,0.034251
2569.3006,0.034272
2569.5335,0.034271
2569.7665,0.034252
2569.9994,0.034222
2570.2324,0.034191
2570.4654,0.034167
2570.6983,0.034154
2570.9313,0.034157
2571.1642,0.034175
2571.3972,0.034212
2571.6301,0.034265
2571.8631,0.034331
2572.0961,0.034401
2572.3290,0.034462
2572.5620,0.034503
2572.7949,0.034516
2573.0279,0.034505
2573.2609,0.034478
2573.4938,0.034453
2573.7268,0.034441
2573.9597,0.034450
2574.1927,0.034472
2574.4257,0.034497
2574.6586,0.034509
2574.8916,0.034499
2575.1245,0.034467
2575.3575,0.034424
2575.5904,0.034382
2575.8234,0.034354
2576.0564,0.034344
2576.2893,0.034350
2576.5223,0.034365
2576.7552,0.034381
2576.9882,0.034395
2577.2212,0.034409
2577.4541,0.034428
2577.6871,0.034456
2577.9200,0.034497
2578.1530,0.034547
2578.3859,0.034603
2578.6189,0.034663
2578.8519,0.034725
2579.0848,0.034792
2579.3178,0.034863
2579.5507,0.034937
2579.7837,0.035006
2580.0167,0.035059
2580.2496,0.035090
2580.4826,0.035094
2580.7155,0.035075
2580.9485,0.035044
2581.1815,0.035012
2581.4144,0.034989
2581.6474,0.034978
2581.8803,0.034977
2582.1133,0.034983
2582.3462,0.034991
2582.5792,0.035003
2582.8122,0.035021
2583.0451,0.035049
2583.2781,0.035086
2583.5110,0.035126
2583.7440,0.035159
2583.9770,0.035177
2584.2099,0.035177
2584.4429,0.035161
2584.6758,0.035139
2584.9088,0.035123
2585.1417,0.035122
2585.3747,0.035136
2585.6077,0.035161
2585.8406,0.035187
2586.0736,0.035205
2586.3065,0.035206
2586.5395,0.035190
2586.7725,0.035158
2587.0054,0.035115
2587.2384,0.035064
2587.4713,0.035010
2587.7043,0.034957
2587.9373,0.034913
2588.1702,0.034885
2588.4032,0.034879
2588.6361,0.034898
2588.8691,0.034937
2589.1020,0.034986
2589.3350,0.035031
2589.5680,0.035060
2589.8009,0.035067
2590.0339,0.035052
2590.2668,0.035024
2590.4998,0.034990
2590.7328,0.034958
2590.9657,0.034931
2591.1987,0.034908
2591.4316,0.034888
2591.6646,0.034872
2591.8975,0.034863
2592.1305,0.034870
2592.3635,0.034897
2592.5964,0.034945
2592.8294,0.035008
2593.0623,0.035079
2593.2953,0.035146
2593.5283,0.035203
2593.7612,0.035247
2593.9942,0.035279
2594.2271,0.035301
2594.4601,0.035314
2594.6931,0.035317
2594.9260,0.035306
2595.1590,0.035285
2595.3919,0.035257
2595.6249,0.035232
2595.8578,0.035222
2596.0908,0.035233
2596.3238,0.035264
2596.5567,0.035309
2596.7897,0.035354
2597.0226,0.035390
2597.2556,0.035409
2597.4886,0.035413
2597.7215,0.035409
2597.9545,0.035402
2598.1874,0.035395
2598.4204,0.035385
2598.6533,0.035365
2598.8863,0.035329
2599.1193,0.035280
2599.3522,0.035224
2599.5852,0.035177
2599.8181,0.035153
2600.0511,0.035164
2600.2841,0.035209
2600.5170,0.035283
2600.7500,0.035372
2600.9829,0.035463
2601.2159,0.035547
2601.4489,0.035619
2601.6818,0.035679
2601.9148,0.035726
2602.1477,0.035764
2602.3807,0.035793
2602.6136,0.035816
2602.8466,0.035836
2603.0796,0.035858
2603.3125,0.035886
2603.5455,0.035923
2603.7784,0.035965
2604.0114,0.036004
2604.2444,0.036033
2604.4773,0.036046
2604.7103,0.036044
2604.9432,0.036034
2605.1762,0.036025
2605.4091,0.036025
2605.6421,0.036038
2605.8751,0.036058
2606.1080,0.036081
2606.3410,0.036098
2606.5739,0.036109
2606.8069,0.036116
2607.0399,0.036128
2607.2728,0.036148
2607.5058,0.036176
2607.7387,0.036208
2607.9717,0.036233
2608.2047,0.036244
2608.4376,0.036237
2608.6706,0.036218
2608.9035,0.036196
2609.1365,0.036179
2609.3694,0.036171
2609.6024,0.036172
2609.8354,0.036174
2610.0683,0.036171
2610.3013,0.036161
2610.5342,0.036149
2610.7672,0.036144
2611.0002,0.036156
2611.2331,0.036190
2611.4661,0.036246
2611.6990,0.036314
2611.9320,0.036385
2612.1649,0.036449
2612.3979,0.036501
2612.6309,0.036541
2612.8638,0.036571
2613.0968,0.036595
2613.3297,0.036612
2613.5627,0.036624
2613.7957,0.036630
2614.0286,0.036635
2614.2616,0.036643
2614.4945,0.036660
2614.7275,0.036687
2614.9605,0.036718
2615.1934,0.036742
2615.4264,0.036748
2615.6593,0.036729
2615.8923,0.036686
2616.1252,0.036630
2616.3582,0.036579
2616.5912,0.036549
2616.8241,0.036548
2617.0571,0.036574
2617.2900,0.036616
2617.5230,0.036657
2617.7560,0.036686
2617.9889,0.036696
2618.2219,0.036691
2618.4548,0.036677
2618.6878,0.036663
2618.9207,0.036652
2619.1537,0.036644
2619.3867,0.036636
2619.6196,0.036623
2619.8526,0.036605
2620.0855,0.036587
2620.3185,0.036574
2620.5515,0.036570
2620.7844,0.036578
2621.0174,0.036596
2621.2503,0.036622
2621.4833,0.036650
2621.7163,0.036678
2621.9492,0.036704
2622.1822,0.036727
2622.4151,0.036744
2622.6481,0.036753
2622.8810,0.036751
2623.1140,0.036740
2623.3470,0.036723
2623.5799,0.036707
2623.8129,0.036696
2624.0458,0.036695
2624.2788,0.036700
2624.5118,0.036704
2624.7447,0.036702
2624.9777,0.036690
2625.2106,0.036669
2625.4436,0.036649
2625.6765,0.036642
2625.9095,0.036656
2626.1425,0.036693
2626.3754,0.036747
2626.6084,0.036806
2626.8413,0.036861
2627.0743,0.036904
2627.3073,0.036934
2627.5402,0.036958
2627.7732,0.036982
2628.0061,0.037009
2628.2391,0.037036
2628.4721,0.037059
2628.7050,0.037070
2628.9380,0.037066
2629.1709,0.037049
2629.4039,0.037027
2629.6368,0.037008
2629.8698,0.037000
2630.1028,0.037003
2630.3357,0.037016
2630.5687,0.037034
2630.8016,0.037056
2631.0346,0.037083
2631.2676,0.037119
2631.5005,0.037166
2631.7335,0.037225
2631.9664,0.037294
2632.1994,0.037364
2632.4323,0.037430
2632.6653,0.037487
2632.8983,0.037537
2633.1312,0.037584
2633.3642,0.037634
2633.5971,0.037690
2633.8301,0.037749
2634.0631,0.037807
2634.2960,0.037857
2634.5290,0.037896
2634.7619,0.037922
2634.9949,0.037938
2635.2279,0.037950
2635.4608,0.037960
2635.6938,0.037969
2635.9267,0.037976
2636.1597,0.037982
2636.3926,0.037988
2636.6256,0.037999
2636.8586,0.038020
2637.0915,0.038053
2637.3245,0.038099
2637.5574,0.038150
2637.7904,0.038198
2638.0234,0.038235
2638.2563,0.038257
2638.4893,0.038264
2638.7222,0.038262
2638.9552,0.038256
2639.1881,0.038249
2639.4211,0.038242
2639.6541,0.038233
2639.8870,0.038221
2640.1200,0.038210
2640.3529,0.038205
2640.5859,0.038214
2640.8189,0.038242
2641.0518,0.038289
2641.2848,0.038348
2641.5177,0.038410
2641.7507,0.038467
2641.9837,0.038512
2642.2166,0.038547
2642.4496,0.038578
2642.6825,0.038611
2642.9155,0.038647
2643.1484,0.038685
2643.3814,0.038719
2643.6144,0.038744
2643.8473,0.038758
2644.0803,0.038766
2644.3132,0.038778
2644.5462,0.038802
2644.7792,0.038843
2645.0121,0.038900
2645.2451,0.038964
2645.4780,0.039022
2645.7110,0.039063
2645.9439,0.039082
2646.1769,0.039081
2646.4099,0.039065
2646.6428,0.039044
2646.8758,0.039023
2647.1087,0.039008
2647.3417,0.038999
2647.5747,0.038998
2647.8076,0.039006
2648.0406,0.039023
2648.2735,0.039049
2648.5065,0.039082
2648.7395,0.039116
2648.9724,0.039144
2649.2054,0.039159
2649.4383,0.039160
2649.6713,0.039149
2649.9042,0.039133
2650.1372,0.039120
2650.3702,0.039117
2650.6031,0.039125
2650.8361,0.039143
2651.0690,0.039166
2651.3020,0.039191
2651.5350,0.039217
2651.7679,0.039244
2652.0009,0.039274
2652.2338,0.039309
2652.4668,0.039347
2652.6997,0.039385
2652.9327,0.039419
2653.1657,0.039449
2653.3986,0.039474
2653.6316,0.039498
2653.8645,0.039522
2654.0975,0.039547
2654.3305,0.039572
2654.5634,0.039592
2654.7964,0.039606
2655.0293,0.039611
2655.2623,0.039612
2655.4953,0.039614
2655.7282,0.039620
2655.9612,0.039634
2656.1941,0.039652
2656.4271,0.039669
2656.6600,0.039678
2656.8930,0.039674
2657.1260,0.039659
2657.3589,0.039635
2657.5919,0.039607
2657.8248,0.039582
2658.0578,0.039560
2658.2908,0.039541
2658.5237,0.039523
2658.7567,0.039506
2658.9896,0.039490
2659.2226,0.039478
2659.4555,0.039474
2659.6885,0.039478
2659.9215,0.039491
2660.1544,0.039508
2660.3874,0.039525
2660.6203,0.039539
2660.8533,0.039550
2661.0863,0.039559
2661.3192,0.039569
2661.5522,0.039581
2661.7851,0.039593
2662.0181,0.039605
2662.2511,0.039613
2662.4840,0.039616
2662.7170,0.039616
2662.9499,0.039616
2663.1829,0.039617
2663.4158,0.039621
2663.6488,0.039626
2663.8818,0.039632
2664.1147,0.039636
2664.3477,0.039639
2664.5806,0.039645
2664.8136,0.039658
2665.0466,0.039683
2665.2795,0.039718
2665.5125,0.039759
2665.7454,0.039799
2665.9784,0.039832
2666.2113,0.039852
2666.4443,0.039859
2666.6773,0.039857
2666.9102,0.039850
2667.1432,0.039842
2667.3761,0.039836
2667.6091,0.039830
2667.8421,0.039821
2668.0750,0.039811
2668.3080,0.039799
2668.5409,0.039788
2668.7739,0.039781
2669.0069,0.039778
2669.2398,0.039780
2669.4728,0.039780
2669.7057,0.039776
2669.9387,0.039763
2670.1716,0.039741
2670.4046,0.039712
2670.6376,0.039680
2670.8705,0.039647
2671.1035,0.039617
2671.3364,0.039588
2671.5694,0.039563
2671.8024,0.039540
2672.0353,0.039521
2672.2683,0.039506
2672.5012,0.039494
2672.7342,0.039484
2672.9671,0.039473
2673.2001,0.039461
2673.4331,0.039446
2673.6660,0.039431
2673.8990,0.039419
2674.1319,0.039412
2674.3649,0.039409
2674.5979,0.039405
2674.8308,0.039395
2675.0638,0.039372
2675.2967,0.039333
2675.5297,0.039283
2675.7626,0.039230
2675.9956,0.039184
2676.2286,0.039154
2676.4615,0.039143
2676.6945,0.039148
2676.9274,0.039160
2677.1604,0.039169
2677.3934,0.039168
2677.6263,0.039151
2677.8593,0.039121
2678.0922,0.039079
2678.3252,0.039028
2678.5582,0.038972
2678.7911,0.038910
2679.0241,0.038845
2679.2570,0.038779
2679.4900,0.038718
2679.7229,0.038665
2679.9559,0.038625
2680.1889,0.038600
2680.4218,0.038588
2680.6548,0.038585
2680.8877,0.038588
2681.1207,0.038594
2681.3537,0.038601
2681.5866,0.038610
2681.8196,0.038617
2682.0525,0.038619
2682.2855,0.038611
2682.5184,0.038587
2682.7514,0.038548
2682.9844,0.038496
2683.2173,0.038438
2683.4503,0.038385
2683.6832,0.038342
2683.9162,0.038314
2684.1492,0.038297
2684.3821,0.038287
2684.6151,0.038279
2684.8480,0.038271
2685.0810,0.038262
2685.3140,0.038258
2685.5469,0.038260
2685.7799,0.038270
2686.0128,0.038283
2686.2458,0.038293
2686.4787,0.038295
2686.7117,0.038285
2686.9447,0.038265
2687.1776,0.038240
2687.4106,0.038215
2687.6435,0.038195
2687.8765,0.038180
2688.1095,0.038169
2688.3424,0.038159
2688.5754,0.038148
2688.8083,0.038136
2689.0413,0.038124
2689.2742,0.038114
2689.5072,0.038109
2689.7402,0.038108
2689.9731,0.038114
2690.2061,0.038126
2690.4390,0.038147
2690.6720,0.038178
2690.9050,0.038219
2691.1379,0.038267
2691.3709,0.038316
2691.6038,0.038356
2691.8368,0.038381
2692.0698,0.038390
2692.3027,0.038385
2692.5357,0.038374
2692.7686,0.038368
2693.0016,0.038370
2693.2345,0.038384
2693.4675,0.038403
2693.7005,0.038422
2693.9334,0.038437
2694.1664,0.038448
2694.3993,0.038459
2694.6323,0.038477
2694.8653,0.038506
2695.0982,0.038545
2695.3312,0.038588
2695.5641,0.038624
2695.7971,0.038648
2696.0300,0.038659
2696.2630,0.038664
2696.4960,0.038673
2696.7289,0.038697
2696.9619,0.038741
2697.1948,0.038801
2697.4278,0.038868
2697.6608,0.038930
2697.8937,0.038975
2698.1267,0.039001
2698.3596,0.039009
2698.5926,0.039007
2698.8256,0.039001
2699.0585,0.038995
2699.2915,0.038991
2699.5244,0.038984
2699.7574,0.038975
2699.9903,0.038963
2700.2233,0.038952
2700.4563,0.038949
2700.6892,0.038959
2700.9222,0.038984
2701.1551,0.039024
2701.3881,0.039076
2701.6211,0.039135
2701.8540,0.039199
2702.0870,0.039263
2702.3199,0.039325
2702.5529,0.039383
2702.7858,0.039433
2703.0188,0.039474
2703.2518,0.039503
2703.4847,0.039523
2703.7177,0.039538
2703.9506,0.039555
2704.1836,0.039579
2704.4166,0.039612
2704.6495,0.039653
2704.8825,0.039700
2705.1154,0.039749
2705.3484,0.039797
2705.5814,0.039843
2705.8143,0.039889
2706.0473,0.039933
2706.2802,0.039976
2706.5132,0.040016
2706.7461,0.040050
2706.9791,0.040078
2707.2121,0.040101
2707.4450,0.040122
2707.6780,0.040147
2707.9109,0.040178
2708.1439,0.040215
2708.3769,0.040258
2708.6098,0.040302
2708.8428,0.040348
2709.0757,0.040396
2709.3087,0.040449
2709.5416,0.040511
2709.7746,0.040584
2710.0076,0.040663
2710.2405,0.040742
2710.4735,0.040812
2710.7064,0.040865
2710.9394,0.040902
2711.1724,0.040925
2711.4053,0.040944
2711.6383,0.040966
2711.8712,0.040998
2712.1042,0.041040
2712.3372,0.041090
2712.5701,0.041144
2712.8031,0.041197
2713.0360,0.041249
2713.2690,0.041302
2713.5019,0.041357
2713.7349,0.041416
2713.9679,0.041477
2714.2008,0.041536
2714.4338,0.041592
2714.6667,0.041644
2714.8997,0.041695
2715.1327,0.041749
2715.3656,0.041812
2715.5986,0.041886
2715.8315,0.041968
2716.0645,0.042056
2716.2974,0.042146
2716.5304,0.042234
2716.7634,0.042319
2716.9963,0.042405
2717.2293,0.042493
2717.4622,0.042583
2717.6952,0.042675
2717.9282,0.042763
2718.1611,0.042846
2718.3941,0.042921
2718.6270,0.042989
2718.8600,0.043052
2719.0930,0.043116
2719.3259,0.043182
2719.5589,0.043252
2719.7918,0.043327
2720.0248,0.043408
2720.2577,0.043495
2720.4907,0.043590
2720.7237,0.043693
2720.9566,0.043803
2721.1896,0.043914
2721.4225,0.044022
2721.6555,0.044122
2721.8885,0.044214
2722.1214,0.044301
2722.3544,0.044390
2722.5873,0.044486
2722.8203,0.044594
2723.0532,0.044709
2723.2862,0.044825
2723.5192,0.044934
2723.7521,0.045028
2723.9851,0.045107
2724.2180,0.045178
2724.4510,0.045249
2724.6840,0.045328
2724.9169,0.045419
2725.1499,0.045521
2725.3828,0.045628
2725.6158,0.045731
2725.8488,0.045827
2726.0817,0.045914
2726.3147,0.045995
2726.5476,0.046072
2726.7806,0.046146
2727.0135,0.046212
2727.2465,0.046267
2727.4795,0.046304
2727.7124,0.046321
2727.9454,0.046318
2728.1783,0.046300
2728.4113,0.046271
2728.6443,0.046232
2728.8772,0.046179
2729.1102,0.046110
2729.3431,0.046017
2729.5761,0.045902
2729.8090,0.045768
2730.0420,0.045622
2730.2750,0.045474
2730.5079,0.045330
2730.7409,0.045193
2730.9738,0.045059
2731.2068,0.044926
2731.4398,0.044789
2731.6727,0.044649
2731.9057,0.044510
2732.1386,0.044377
2732.3716,0.044255
2732.6046,0.044146
2732.8375,0.044049
2733.0705,0.043959
2733.3034,0.043872
2733.5364,0.043786
2733.7693,0.043699
2734.0023,0.043611
2734.2353,0.043520
2734.4682,0.043428
2734.7012,0.043334
2734.9341,0.043239
2735.1671,0.043145
2735.4001,0.043056
2735.6330,0.042975
2735.8660,0.042905
2736.0989,0.042846
2736.3319,0.042797
2736.5648,0.042755
2736.7978,0.042716
2737.0308,0.042682
2737.2637,0.042653
2737.4967,0.042632
2737.7296,0.042619
2737.9626,0.042613
2738.1956,0.042611
2738.4285,0.042605
2738.6615,0.042591
2738.8944,0.042564
2739.1274,0.042522
2739.3604,0.042464
2739.5933,0.042394
2739.8263,0.042314
2740.0592,0.042229
2740.2922,0.042145
2740.5251,0.042068
2740.7581,0.042007
2740.9911,0.041965
2741.2240,0.041945
2741.4570,0.041940
2741.6899,0.041942
2741.9229,0.041940
2742.1559,0.041926
2742.3888,0.041897
2742.6218,0.041858
2742.8547,0.041817
2743.0877,0.041783
2743.3206,0.041764
2743.5536,0.041759
2743.7866,0.041764
2744.0195,0.041771
2744.2525,0.041774
2744.4854,0.041770
2744.7184,0.041762
2744.9514,0.041753
2745.1843,0.041746
2745.4173,0.041742
2745.6502,0.041736
2745.8832,0.041723
2746.1162,0.041700
2746.3491,0.041667
2746.5821,0.041628
2746.8150,0.041591
2747.0480,0.041563
2747.2809,0.041551
2747.5139,0.041556
2747.7469,0.041579
2747.9798,0.041616
2748.2128,0.041666
2748.4457,0.041724
2748.6787,0.041786
2748.9117,0.041846
2749.1446,0.041895
2749.3776,0.041927
2749.6105,0.041938
2749.8435,0.041931
2750.0764,0.041916
2750.3094,0.041903
2750.5424,0.041904
2750.7753,0.041926
2751.0083,0.041966
2751.2412,0.042016
2751.4742,0.042064
2751.7072,0.042102
2751.9401,0.042125
2752.1731,0.042135
2752.4060,0.042138
2752.6390,0.042139
2752.8720,0.042145
2753.1049,0.042155
2753.3379,0.042169
2753.5708,0.042185
2753.8038,0.042203
2754.0367,0.042225
2754.2697,0.042253
2754.5027,0.042287
2754.7356,0.042326
2754.9686,0.042364
2755.2015,0.042400
2755.4345,0.042430
2755.6675,0.042459
2755.9004,0.042490
2756.1334,0.042529
2756.3663,0.042577
2756.5993,0.042631
2756.8322,0.042687
2757.0652,0.042737
2757.2982,0.042780
2757.5311,0.042820
2757.7641,0.042861
2757.9970,0.042913
2758.2300,0.042979
2758.4630,0.043058
2758.6959,0.043145
2758.9289,0.043229
2759.1618,0.043303
2759.3948,0.043364
2759.6278,0.043413
2759.8607,0.043452
2760.0937,0.043486
2760.3266,0.043514
2760.5596,0.043534
2760.7925,0.043544
2761.0255,0.043547
2761.2585,0.043548
2761.4914,0.043558
2761.7244,0.043590
2761.9573,0.043652
2762.1903,0.043742
2762.4233,0.043855
2762.6562,0.043976
2762.8892,0.044093
2763.1221,0.044197
2763.3551,0.044285
2763.5880,0.044361
2763.8210,0.044429
2764.0540,0.044492
2764.2869,0.044550
2764.5199,0.044601
2764.7528,0.044643
2764.9858,0.044675
2765.2188,0.044701
2765.4517,0.044726
2765.6847,0.044755
2765.9176,0.044791
2766.1506,0.044835
2766.3836,0.044883
2766.6165,0.044935
2766.8495,0.044988
2767.0824,0.045045
2767.3154,0.045109
2767.5483,0.045179
2767.7813,0.045256
2768.0143,0.045334
2768.2472,0.045410
2768.4802,0.045480
2768.7131,0.045542
2768.9461,0.045599
2769.1791,0.045652
2769.4120,0.045705
2769.6450,0.045756
2769.8779,0.045804
2770.1109,0.045847
2770.3438,0.045885
2770.5768,0.045921
2770.8098,0.045961
2771.0427,0.046010
2771.2757,0.046068
2771.5086,0.046130
2771.7416,0.046191
2771.9746,0.046242
2772.2075,0.046281
2772.4405,0.046311
2772.6734,0.046340
2772.9064,0.046378
2773.1394,0.046429
2773.3723,0.046495
2773.6053,0.046568
2773.8382,0.046639
2774.0712,0.046698
2774.3041,0.046746
2774.5371,0.046785
2774.7701,0.046827
2775.0030,0.046878
2775.2360,0.046944
2775.4689,0.047022
2775.7019,0.047105
2775.9349,0.047186
2776.1678,0.047258
2776.4008,0.047321
2776.6337,0.047378
2776.8667,0.047434
2777.0996,0.047493
2777.3326,0.047554
2777.5656,0.047616
2777.7985,0.047675
2778.0315,0.047733
2778.2644,0.047793
2778.4974,0.047858
2778.7304,0.047935
2778.9633,0.048025
2779.1963,0.048126
2779.4292,0.048233
2779.6622,0.048339
2779.8952,0.048440
2780.1281,0.048532
2780.3611,0.048615
2780.5940,0.048688
2780.8270,0.048750
2781.0599,0.048803
2781.2929,0.048847
2781.5259,0.048887
2781.7588,0.048932
2781.9918,0.048989
2782.2247,0.049067
2782.4577,0.049167
2782.6907,0.049285
2782.9236,0.049409
2783.1566,0.049527
2783.3895,0.049631
2783.6225,0.049717
2783.8554,0.049789
2784.0884,0.049857
2784.3214,0.049931
2784.5543,0.050015
2784.7873,0.050112
2785.0202,0.050218
2785.2532,0.050328
2785.4862,0.050439
2785.7191,0.050549
2785.9521,0.050655
2786.1850,0.050758
2786.4180,0.050855
2786.6510,0.050941
2786.8839,0.051012
2787.1169,0.051070
2787.3498,0.051117
2787.5828,0.051160
2787.8157,0.051206
2788.0487,0.051262
2788.2817,0.051327
2788.5146,0.051400
2788.7476,0.051476
2788.9805,0.051554
2789.2135,0.051634
2789.4465,0.051720
2789.6794,0.051817
2789.9124,0.051926
2790.1453,0.052041
2790.3783,0.052156
2790.6112,0.052262
2790.8442,0.052354
2791.0772,0.052434
2791.3101,0.052508
2791.5431,0.052586
2791.7760,0.052676
2792.0090,0.052779
2792.2420,0.052891
2792.4749,0.053008
2792.7079,0.053122
2792.9408,0.053233
2793.1738,0.053345
2793.4068,0.053460
2793.6397,0.053583
2793.8727,0.053710
2794.1056,0.053833
2794.3386,0.053945
2794.5715,0.054039
2794.8045,0.054117
2795.0375,0.054185
2795.2704,0.054257
2795.5034,0.054341
2795.7363,0.054443
2795.9693,0.054559
2796.2023,0.054683
2796.4352,0.054804
2796.6682,0.054920
2796.9011,0.055030
2797.1341,0.055141
2797.3670,0.055260
2797.6000,0.055389
2797.8330,0.055526
2798.0659,0.055665
2798.2989,0.055800
2798.5318,0.055927
2798.7648,0.056047
2798.9978,0.056164
2799.2307,0.056285
2799.4637,0.056413
2799.6966,0.056547
2799.9296,0.056684
2800.1626,0.056820
2800.3955,0.056954
2800.6285,0.057088
2800.8614,0.057227
2801.0944,0.057376
2801.3273,0.057535
2801.5603,0.057699
2801.7933,0.057864
2802.0262,0.058023
2802.2592,0.058175
2802.4921,0.058325
2802.7251,0.058479
2802.9581,0.058642
2803.1910,0.058817
2803.4240,0.059001
2803.6569,0.059185
2803.8899,0.059362
2804.1228,0.059530
2804.3558,0.059691
2804.5888,0.059852
2804.8217,0.060021
2805.0547,0.060204
2805.2876,0.060399
2805.5206,0.060601
2805.7536,0.060804
2805.9865,0.061003
2806.2195,0.061197
2806.4524,0.061389
2806.6854,0.061585
2806.9184,0.061785
2807.1513,0.061988
2807.3843,0.062190
2807.6172,0.062384
2807.8502,0.062569
2808.0831,0.062748
2808.3161,0.062929
2808.5491,0.063122
2808.7820,0.063333
2809.0150,0.063566
2809.2479,0.063815
2809.4809,0.064073
2809.7139,0.064330
2809.9468,0.064582
2810.1798,0.064826
2810.4127,0.065065
2810.6457,0.065302
2810.8786,0.065542
2811.1116,0.065786
2811.3446,0.066036
2811.5775,0.066294
2811.8105,0.066561
2812.0434,0.066838
2812.2764,0.067127
2812.5094,0.067427
2812.7423,0.067737
2812.9753,0.068057
2813.2082,0.068385
2813.4412,0.068724
2813.6741,0.069074
2813.9071,0.069438
2814.1401,0.069815
2814.3730,0.070201
2814.6060,0.070590
2814.8389,0.070978
2815.0719,0.071362
2815.3049,0.071746
2815.5378,0.072136
2815.7708,0.072541
2816.0037,0.072968
2816.2367,0.073420
2816.4697,0.073896
2816.7026,0.074394
2816.9356,0.074909
2817.1685,0.075440
2817.4015,0.075989
2817.6344,0.076558
2817.8674,0.077146
2818.1004,0.077753
2818.3333,0.078374
2818.5663,0.079005
2818.7992,0.079646
2819.0322,0.080301
2819.2652,0.080976
2819.4981,0.081681
2819.7311,0.082418
2819.9640,0.083187
2820.1970,0.083981
2820.4299,0.084792
2820.6629,0.085616
2820.8959,0.086453
2821.1288,0.087311
2821.3618,0.088199
2821.5947,0.089128
2821.8277,0.090101
2822.0607,0.091115
2822.2936,0.092162
2822.5266,0.093238
2822.7595,0.094338
2822.9925,0.095465
2823.2255,0.096624
2823.4584,0.097817
2823.6914,0.099041
2823.9243,0.100285
2824.1573,0.101537
2824.3902,0.102783
2824.6232,0.104017
2824.8562,0.105242
2825.0891,0.106467
2825.3221,0.107701
2825.5550,0.108948
2825.7880,0.110204
2826.0210,0.111452
2826.2539,0.112674
2826.4869,0.113849
2826.7198,0.114964
2826.9528,0.116006
2827.1857,0.116965
2827.4187,0.117832
2827.6517,0.118592
2827.8846,0.119229
2828.1176,0.119728
2828.3505,0.120081
2828.5835,0.120286
2828.8165,0.120346
2829.0494,0.120261
2829.2824,0.120027
2829.5153,0.119635
2829.7483,0.119070
2829.9813,0.118326
2830.2142,0.117409
2830.4472,0.116339
2830.6801,0.115147
2830.9131,0.113868
2831.1460,0.112533
2831.3790,0.111162
2831.6120,0.109767
2831.8449,0.108357
2832.0779,0.106946
2832.3108,0.105552
2832.5438,0.104201
2832.7768,0.102916
2833.0097,0.101715
2833.2427,0.100607
2833.4756,0.099589
2833.7086,0.098656
2833.9415,0.097801
2834.1745,0.097023
2834.4075,0.096326
2834.6404,0.095711
2834.8734,0.095181
2835.1063,0.094733
2835.3393,0.094360
2835.5723,0.094058
2835.8052,0.093825
2836.0382,0.093664
2836.2711,0.093581
2836.5041,0.093580
2836.7371,0.093657
2836.9700,0.093802
2837.2030,0.093999
2837.4359,0.094233
2837.6689,0.094492
2837.9018,0.094777
2838.1348,0.095095
2838.3678,0.095458
2838.6007,0.095873
2838.8337,0.096345
2839.0666,0.096872
2839.2996,0.097446
2839.5326,0.098063
2839.7655,0.098718
2839.9985,0.099414
2840.2314,0.100151
2840.4644,0.100927
2840.6973,0.101738
2840.9303,0.102576
2841.1633,0.103438
2841.3962,0.104323
2841.6292,0.105237
2841.8621,0.106192
2842.0951,0.107200
2842.3281,0.108266
2842.5610,0.109387
2842.7940,0.110555
2843.0269,0.111757
2843.2599,0.112985
2843.4929,0.114237
2843.7258,0.115518
2843.9588,0.116835
2844.1917,0.118192
2844.4247,0.119588
2844.6576,0.121017
2844.8906,0.122471
2845.1236,0.123942
2845.3565,0.125432
2845.5895,0.126949
2845.8224,0.128500
2846.0554,0.130092
2846.2884,0.131725
2846.5213,0.133394
2846.7543,0.135089
2846.9872,0.136807
2847.2202,0.138551
2847.4531,0.140328
2847.6861,0.142148
2847.9191,0.144013
2848.1520,0.145918
2848.3850,0.147845
2848.6179,0.149775
2848.8509,0.151692
2849.0839,0.153590
2849.3168,0.155475
2849.5498,0.157358
2849.7827,0.159253
2850.0157,0.161162
2850.2487,0.163082
2850.4816,0.164997
2850.7146,0.166895
2850.9475,0.168766
2851.1805,0.170604
2851.4134,0.172407
2851.6464,0.174171
2851.8794,0.175884
2852.1123,0.177526
2852.3453,0.179076
2852.5782,0.180518
2852.8112,0.181844
2853.0442,0.183058
2853.2771,0.184164
2853.5101,0.185163
2853.7430,0.186044
2853.9760,0.186781
2854.2089,0.187344
2854.4419,0.187704
2854.6749,0.187839
2854.9078,0.187743
2855.1408,0.187419
2855.3737,0.186873
2855.6067,0.186107
2855.8397,0.185122
2856.0726,0.183921
2856.3056,0.182511
2856.5385,0.180911
2856.7715,0.179146
2857.0045,0.177242
2857.2374,0.175220
2857.4704,0.173092
2857.7033,0.170863
2857.9363,0.168542
2858.1692,0.166141
2858.4022,0.163688
2858.6352,0.161216
2858.8681,0.158759
2859.1011,0.156345
2859.3340,0.153991
2859.5670,0.151705
2859.8000,0.149491
2860.0329,0.147352
2860.2659,0.145300
2860.4988,0.143343
2860.7318,0.141490
2860.9647,0.139741
2861.1977,0.138087
2861.4307,0.136517
2861.6636,0.135024
2861.8966,0.133607
2862.1295,0.132276
2862.3625,0.131046
2862.5955,0.129929
2862.8284,0.128927
2863.0614,0.128030
2863.2943,0.127223
2863.5273,0.126487
2863.7603,0.125814
2863.9932,0.125205
2864.2262,0.124670
2864.4591,0.124220
2864.6921,0.123862
2864.9250,0.123591
2865.1580,0.123392
2865.3910,0.123250
2865.6239,0.123151
2865.8569,0.123089
2866.0898,0.123068
2866.3228,0.123093
2866.5558,0.123168
2866.7887,0.123293
2867.0217,0.123460
2867.2546,0.123656
2867.4876,0.123872
2867.7205,0.124104
2867.9535,0.124349
2868.1865,0.124607
2868.4194,0.124876
2868.6524,0.125147
2868.8853,0.125411
2869.1183,0.125656
2869.3513,0.125878
2869.5842,0.126074
2869.8172,0.126250
2870.0501,0.126409
2870.2831,0.126549
2870.5161,0.126663
2870.7490,0.126742
2870.9820,0.126775
2871.2149,0.126758
2871.4479,0.126694
2871.6808,0.126590
2871.9138,0.126451
2872.1468,0.126281
2872.3797,0.126075
2872.6127,0.125831
2872.8456,0.125549
2873.0786,0.125237
2873.3116,0.124911
2873.5445,0.124589
2873.7775,0.124284
2874.0104,0.123996
2874.2434,0.123713
2874.4763,0.123413
2874.7093,0.123076
2874.9423,0.122692
2875.1752,0.122264
2875.4082,0.121807
2875.6411,0.121342
2875.8741,0.120884
2876.1071,0.120444
2876.3400,0.120022
2876.5730,0.119616
2876.8059,0.119225
2877.0389,0.118854
2877.2719,0.118512
2877.5048,0.118204
2877.7378,0.117934
2877.9707,0.117694
2878.2037,0.117472
2878.4366,0.117258
2878.6696,0.117046
2878.9026,0.116838
2879.1355,0.116645
2879.3685,0.116477
2879.6014,0.116342
2879.8344,0.116241
2880.0674,0.116167
2880.3003,0.116115
2880.5333,0.116080
2880.7662,0.116063
2880.9992,0.116069
2881.2321,0.116104
2881.4651,0.116168
2881.6981,0.116254
2881.9310,0.116352
2882.1640,0.116452
2882.3969,0.116552
2882.6299,0.116654
2882.8629,0.116767
2883.0958,0.116897
2883.3288,0.117047
2883.5617,0.117213
2883.7947,0.117385
2884.0277,0.117555
2884.2606,0.117718
2884.4936,0.117879
2884.7265,0.118047
2884.9595,0.118229
2885.1924,0.118430
2885.4254,0.118647
2885.6584,0.118872
2885.8913,0.119098
2886.1243,0.119325
2886.3572,0.119559
2886.5902,0.119813
2886.8232,0.120097
2887.0561,0.120418
2887.2891,0.120772
2887.5220,0.121146
2887.7550,0.121528
2887.9879,0.121909
2888.2209,0.122286
2888.4539,0.122664
2888.6868,0.123050
2888.9198,0.123450
2889.1527,0.123865
2889.3857,0.124294
2889.6187,0.124735
2889.8516,0.125193
2890.0846,0.125677
2890.3175,0.126195
2890.5505,0.126756
2890.7835,0.127358
2891.0164,0.127992
2891.2494,0.128644
2891.4823,0.129304
2891.7153,0.129970
2891.9482,0.130651
2892.1812,0.131362
2892.4142,0.132117
2892.6471,0.132923
2892.8801,0.133776
2893.1130,0.134661
2893.3460,0.135562
2893.5790,0.136468
2893.8119,0.137377
2894.0449,0.138296
2894.2778,0.139234
2894.5108,0.140198
2894.7437,0.141184
2894.9767,0.142186
2895.2097,0.143194
2895.4426,0.144202
2895.6756,0.145212
2895.9085,0.146232
2896.1415,0.147268
2896.3745,0.148322
2896.6074,0.149385
2896.8404,0.150441
2897.0733,0.151475
2897.3063,0.152475
2897.5393,0.153442
2897.7722,0.154386
2898.0052,0.155319
2898.2381,0.156247
2898.4711,0.157168
2898.7040,0.158071
2898.9370,0.158944
2899.1700,0.159782
2899.4029,0.160586
2899.6359,0.161370
2899.8688,0.162147
2900.1018,0.162928
2900.3348,0.163711
2900.5677,0.164486
2900.8007,0.165242
2901.0336,0.165972
2901.2666,0.166678
2901.4995,0.167373
2901.7325,0.168074
2901.9655,0.168794
2902.1984,0.169541
2902.4314,0.170312
2902.6643,0.171102
2902.8973,0.171908
2903.1303,0.172733
2903.3632,0.173583
2903.5962,0.174466
2903.8291,0.175381
2904.0621,0.176322
2904.2951,0.177278
2904.5280,0.178242
2904.7610,0.179213
2904.9939,0.180203
2905.2269,0.181229
2905.4598,0.182304
2905.6928,0.183433
2905.9258,0.184606
2906.1587,0.185804
2906.3917,0.187006
2906.6246,0.188204
2906.8576,0.189401
2907.0906,0.190613
2907.3235,0.191856
2907.5565,0.193141
2907.7894,0.194465
2908.0224,0.195810
2908.2553,0.197158
2908.4883,0.198494
2908.7213,0.199815
2908.9542,0.201127
2909.1872,0.202438
2909.4201,0.203751
2909.6531,0.205058
2909.8861,0.206341
2910.1190,0.207585
2910.3520,0.208782
2910.5849,0.209939
2910.8179,0.211073
2911.0509,0.212200
2911.2838,0.213328
2911.5168,0.214447
2911.7497,0.215536
2911.9827,0.216571
2912.2156,0.217541
2912.4486,0.218450
2912.6816,0.219315
2912.9145,0.220158
2913.1475,0.220987
2913.3804,0.221795
2913.6134,0.222564
2913.8464,0.223269
2914.0793,0.223898
2914.3123,0.224457
2914.5452,0.224965
2914.7782,0.225446
2915.0111,0.225913
2915.2441,0.226363
2915.4771,0.226777
2915.7100,0.227133
2915.9430,0.227415
2916.1759,0.227628
2916.4089,0.227788
2916.6419,0.227918
2916.8748,0.228036
2917.1078,0.228144
2917.3407,0.228231
2917.5737,0.228287
2917.8067,0.228307
2918.0396,0.228305
2918.2726,0.228303
2918.5055,0.228325
2918.7385,0.228381
2918.9714,0.228464
2919.2044,0.228550
2919.4374,0.228616
2919.6703,0.228649
2919.9033,0.228657
2920.1362,0.228664
2920.3692,0.228696
2920.6022,0.228765
2920.8351,0.228866
2921.0681,0.228973
2921.3010,0.229055
2921.5340,0.229091
2921.7669,0.229079
2921.9999,0.229035
2922.2329,0.228981
2922.4658,0.228934
2922.6988,0.228892
2922.9317,0.228837
2923.1647,0.228742
2923.3977,0.228585
2923.6306,0.228360
2923.8636,0.228071
2924.0965,0.227727
2924.3295,0.227329
2924.5625,0.226866
2924.7954,0.226312
2925.0284,0.225643
2925.2613,0.224845
2925.4943,0.223923
2925.7272,0.222898
2925.9602,0.221790
2926.1932,0.220617
2926.4261,0.219376
2926.6591,0.218055
2926.8920,0.216641
2927.1250,0.215130
2927.3580,0.213535
2927.5909,0.211883
2927.8239,0.210200
2928.0568,0.208501
2928.2898,0.206784
2928.5227,0.205036
2928.7557,0.203242
2928.9887,0.201399
2929.2216,0.199518
2929.4546,0.197626
2929.6875,0.195748
2929.9205,0.193897
2930.1535,0.192069
2930.3864,0.190249
2930.6194,0.188421
2930.8523,0.186579
2931.0853,0.184737
2931.3183,0.182923
2931.5512,0.181168
2931.7842,0.179487
2932.0171,0.177880
2932.2501,0.176328
2932.4830,0.174802
2932.7160,0.173282
2932.9490,0.171758
2933.1819,0.170235
2933.4149,0.168726
2933.6478,0.167238
2933.8808,0.165768
2934.1138,0.164308
2934.3467,0.162844
2934.5797,0.161370
2934.8126,0.159894
2935.0456,0.158432
2935.2785,0.157003
2935.5115,0.155624
2935.7445,0.154299
2935.9774,0.153020
2936.2104,0.151779
2936.4433,0.150565
2936.6763,0.149379
2936.9093,0.148223
2937.1422,0.147103
2937.3752,0.146018
2937.6081,0.144958
2937.8411,0.143911
2938.0741,0.142864
2938.3070,0.141810
2938.5400,0.140757
2938.7729,0.139714
2939.0059,0.138692
2939.2388,0.137696
2939.4718,0.136721
2939.7048,0.135753
2939.9377,0.134778
2940.1707,0.133790
2940.4036,0.132787
2940.6366,0.131777
2940.8696,0.130763
2941.1025,0.129743
2941.3355,0.128709
2941.5684,0.127644
2941.8014,0.126536
2942.0343,0.125383
2942.2673,0.124193
2942.5003,0.122983
2942.7332,0.121769
2942.9662,0.120563
2943.1991,0.119366
2943.4321,0.118172
2943.6651,0.116973
2943.8980,0.115764
2944.1310,0.114552
2944.3639,0.113347
2944.5969,0.112162
2944.8299,0.111007
2945.0628,0.109884
2945.2958,0.108795
2945.5287,0.107739
2945.7617,0.106721
2945.9946,0.105751
2946.2276,0.104842
2946.4606,0.104005
2946.6935,0.103247
2946.9265,0.102568
2947.1594,0.101964
2947.3924,0.101432
2947.6254,0.100973
2947.8583,0.100591
2948.0913,0.100295
2948.3242,0.100088
2948.5572,0.099968
2948.7901,0.099928
2949.0231,0.099955
2949.2561,0.100040
2949.4890,0.100177
2949.7220,0.100366
2949.9549,0.100609
2950.1879,0.100907
2950.4209,0.101255
2950.6538,0.101643
2950.8868,0.102058
2951.1197,0.102490
2951.3527,0.102936
2951.5856,0.103402
2951.8186,0.103898
2952.0516,0.104435
2952.2845,0.105015
2952.5175,0.105633
2952.7504,0.106280
2952.9834,0.106944
2953.2164,0.107620
2953.4493,0.108308
2953.6823,0.109014
2953.9152,0.109744
2954.1482,0.110498
2954.3812,0.111273
2954.6141,0.112058
2954.8471,0.112845
2955.0800,0.113630
2955.3130,0.114413
2955.5459,0.115198
2955.7789,0.115989
2956.0119,0.116781
2956.2448,0.117566
2956.4778,0.118327
2956.7107,0.119050
2956.9437,0.119728
2957.1767,0.120360
2957.4096,0.120955
2957.6426,0.121523
2957.8755,0.122068
2958.1085,0.122590
2958.3414,0.123084
2958.5744,0.123542
2958.8074,0.123957
2959.0403,0.124328
2959.2733,0.124653
2959.5062,0.124930
2959.7392,0.125152
2959.9722,0.125307
2960.2051,0.125387
2960.4381,0.125389
2960.6710,0.125321
2960.9040,0.125200
2961.1370,0.125047
2961.3699,0.124880
2961.6029,0.124704
2961.8358,0.124517
2962.0688,0.124308
2962.3017,0.124069
2962.5347,0.123799
2962.7677,0.123506
2963.0006,0.123203
2963.2336,0.122900
2963.4665,0.122600
2963.6995,0.122296
2963.9325,0.121973
2964.1654,0.121618
2964.3984,0.121225
2964.6313,0.120793
2964.8643,0.120329
2965.0972,0.119833
2965.3302,0.119300
2965.5632,0.118714
2965.7961,0.118054
2966.0291,0.117303
2966.2620,0.116453
2966.4950,0.115506
2966.7280,0.114475
2966.9609,0.113376
2967.1939,0.112220
2967.4268,0.111014
2967.6598,0.109757
2967.8928,0.108449
2968.1257,0.107094
2968.3587,0.105700
2968.5916,0.104275
2968.8246,0.102828
2969.0575,0.101360
2969.2905,0.099866
2969.5235,0.098343
2969.7564,0.096788
2969.9894,0.095207
2970.2223,0.093609
2970.4553,0.092007
2970.6883,0.090411
2970.9212,0.088822
2971.1542,0.087239
2971.3871,0.085662
2971.6201,0.084094
2971.8530,0.082545
2972.0860,0.081032
2972.3190,0.079572
2972.5519,0.078171
2972.7849,0.076830
2973.0178,0.075535
2973.2508,0.074272
2973.4838,0.073024
2973.7167,0.071784
2973.9497,0.070549
2974.1826,0.069326
2974.4156,0.068119
2974.6486,0.066935
2974.8815,0.065779
2975.1145,0.064655
2975.3474,0.063573
2975.5804,0.062541
2975.8133,0.061569
2976.0463,0.060660
2976.2793,0.059814
2976.5122,0.059019
2976.7452,0.058264
2976.9781,0.057539
2977.2111,0.056839
2977.4441,0.056167
2977.6770,0.055529
2977.9100,0.054930
2978.1429,0.054368
2978.3759,0.053835
2978.6088,0.053317
2978.8418,0.052804
2979.0748,0.052293
2979.3077,0.051788
2979.5407,0.051303
2979.7736,0.050846
2980.0066,0.050425
2980.2396,0.050034
2980.4725,0.049665
2980.7055,0.049305
2980.9384,0.048948
2981.1714,0.048595
2981.4044,0.048253
2981.6373,0.047932
2981.8703,0.047637
2982.1032,0.047366
2982.3362,0.047111
2982.5691,0.046863
2982.8021,0.046613
2983.0351,0.046362
2983.2680,0.046113
2983.5010,0.045874
2983.7339,0.045651
2983.9669,0.045445
2984.1999,0.045255
2984.4328,0.045075
2984.6658,0.044904
2984.8987,0.044740
2985.1317,0.044586
2985.3646,0.044445
2985.5976,0.044314
2985.8306,0.044190
2986.0635,0.044066
2986.2965,0.043938
2986.5294,0.043805
2986.7624,0.043669
2986.9954,0.043537
2987.2283,0.043414
2987.4613,0.043298
2987.6942,0.043183
2987.9272,0.043059
2988.1602,0.042916
2988.3931,0.042752
2988.6261,0.042568
2988.8590,0.042372
2989.0920,0.042171
2989.3249,0.041968
2989.5579,0.041762
2989.7909,0.041546
2990.0238,0.041315
2990.2568,0.041070
2990.4897,0.040815
2990.7227,0.040563
2990.9557,0.040322
2991.1886,0.040099
2991.4216,0.039892
2991.6545,0.039693
2991.8875,0.039493
2992.1204,0.039284
2992.3534,0.039066
2992.5864,0.038843
2992.8193,0.038622
2993.0523,0.038410
2993.2852,0.038210
2993.5182,0.038022
2993.7512,0.037846
2993.9841,0.037682
2994.2171,0.037531
2994.4500,0.037395
2994.6830,0.037274
2994.9160,0.037164
2995.1489,0.037057
2995.3819,0.036943
2995.6148,0.036817
2995.8478,0.036678
2996.0807,0.036530
2996.3137,0.036383
2996.5467,0.036244
2996.7796,0.036119
2997.0126,0.036007
2997.2455,0.035903
2997.4785,0.035803
2997.7115,0.035704
2997.9444,0.035609
2998.1774,0.035521
2998.4103,0.035444
2998.6433,0.035379
2998.8762,0.035320
2999.1092,0.035260
2999.3422,0.035191
2999.5751,0.035111
2999.8081,0.035020
3000.0410,0.034924
3000.2740,0.034827
3000.5070,0.034730
3000.7399,0.034632
3000.9729,0.034528
3001.2058,0.034416
3001.4388,0.034296
3001.6718,0.034172
3001.9047,0.034053
3002.1377,0.033943
3002.3706,0.033845
3002.6036,0.033756
3002.8365,0.033673
3003.0695,0.033592
3003.3025,0.033516
3003.5354,0.033449
3003.7684,0.033398
3004.0013,0.033367
3004.2343,0.033353
3004.4673,0.033349
3004.7002,0.033344
3004.9332,0.033326
3005.1661,0.033292
3005.3991,0.033242
3005.6320,0.033182
3005.8650,0.033117
3006.0980,0.033051
3006.3309,0.032982
3006.5639,0.032907
3006.7968,0.032822
3007.0298,0.032728
3007.2628,0.032631
3007.4957,0.032539
3007.7287,0.032461
3007.9616,0.032398
3008.1946,0.032347
3008.4276,0.032302
3008.6605,0.032255
3008.8935,0.032201
3009.1264,0.032142
3009.3594,0.032082
3009.5923,0.032025
3009.8253,0.031974
3010.0583,0.031929
3010.2912,0.031888
3010.5242,0.031847
3010.7571,0.031806
3010.9901,0.031766
3011.2231,0.031731
3011.4560,0.031701
3011.6890,0.031675
3011.9219,0.031647
3012.1549,0.031611
3012.3878,0.031563
3012.6208,0.031505
3012.8538,0.031442
3013.0867,0.031384
3013.3197,0.031338
3013.5526,0.031306
3013.7856,0.031285
3014.0186,0.031271
3014.2515,0.031258
3014.4845,0.031243
3014.7174,0.031228
3014.9504,0.031220
3015.1834,0.031224
3015.4163,0.031241
3015.6493,0.031270
3015.8822,0.031307
3016.1152,0.031349
3016.3481,0.031392
3016.5811,0.031437
3016.8141,0.031486
3017.0470,0.031538
3017.2800,0.031590
3017.5129,0.031638
3017.7459,0.031674
3017.9789,0.031697
3018.2118,0.031707
3018.4448,0.031709
3018.6777,0.031712
3018.9107,0.031721
3019.1436,0.031739
3019.3766,0.031766
3019.6096,0.031799
3019.8425,0.031836
3020.0755,0.031879
3020.3084,0.031931
3020.5414,0.031996
3020.7744,0.032073
3021.0073,0.032157
3021.2403,0.032242
3021.4732,0.032318
3021.7062,0.032381
3021.9392,0.032429
3022.1721,0.032467
3022.4051,0.032503
3022.6380,0.032544
3022.8710,0.032593
3023.1039,0.032649
3023.3369,0.032711
3023.5699,0.032781
3023.8028,0.032860
3024.0358,0.032952
3024.2687,0.033061
3024.5017,0.033186
3024.7347,0.033319
3024.9676,0.033452
3025.2006,0.033575
3025.4335,0.033683
3025.6665,0.033779
3025.8994,0.033868
3026.1324,0.033959
3026.3654,0.034054
3026.5983,0.034153
3026.8313,0.034247
3027.0642,0.034331
3027.2972,0.034404
3027.5302,0.034468
3027.7631,0.034535
3027.9961,0.034615
3028.2290,0.034712
3028.4620,0.034823
3028.6950,0.034937
3028.9279,0.035039
3029.1609,0.035121
3029.3938,0.035182
3029.6268,0.035230
3029.8597,0.035278
3030.0927,0.035335
3030.3257,0.035404
3030.5586,0.035479
3030.7916,0.035547
3031.0245,0.035592
3031.2575,0.035607
3031.4905,0.035591
3031.7234,0.035548
3031.9564,0.035486
3032.1893,0.035407
3032.4223,0.035313
3032.6552,0.035200
3032.8882,0.035066
3033.1212,0.034915
3033.3541,0.034755
3033.5871,0.034598
3033.8200,0.034454
3034.0530,0.034329
3034.2860,0.034222
3034.5189,0.034128
3034.7519,0.034039
3034.9848,0.033949
3035.2178,0.033857
3035.4508,0.033765
3035.6837,0.033673
3035.9167,0.033581
3036.1496,0.033484
3036.3826,0.033377
3036.6155,0.033258
3036.8485,0.033126
3037.0815,0.032987
3037.3144,0.032848
3037.5474,0.032715
3037.7803,0.032588
3038.0133,0.032467
3038.2463,0.032346
3038.4792,0.032225
3038.7122,0.032106
3038.9451,0.031994
3039.1781,0.031895
3039.4110,0.031815
3039.6440,0.031751
3039.8770,0.031697
3040.1099,0.031649
3040.3429,0.031600
3040.5758,0.031551
3040.8088,0.031507
3041.0418,0.031471
3041.2747,0.031447
3041.5077,0.031431
3041.7406,0.031415
3041.9736,0.031390
3042.2066,0.031353
3042.4395,0.031304
3042.6725,0.031250
3042.9054,0.031198
3043.1384,0.031154
3043.3713,0.031114
3043.6043,0.031068
3043.8373,0.031005
3044.0702,0.030916
3044.3032,0.030798
3044.5361,0.030659
3044.7691,0.030512
3045.0021,0.030372
3045.2350,0.030249
3045.4680,0.030150
3045.7009,0.030077
3045.9339,0.030027
3046.1668,0.030000
3046.3998,0.029991
3046.6328,0.029996
3046.8657,0.030009
3047.0987,0.030017
3047.3316,0.030011
3047.5646,0.029984
3047.7976,0.029935
3048.0305,0.029871
3048.2635,0.029806
3048.4964,0.029752
3048.7294,0.029718
3048.9624,0.029706
3049.1953,0.029708
3049.4283,0.029716
3049.6612,0.029724
3049.8942,0.029731
3050.1271,0.029742
3050.3601,0.029763
3050.5931,0.029795
3050.8260,0.029837
3051.0590,0.029877
3051.2919,0.029907
3051.5249,0.029919
3051.7579,0.029917
3051.9908,0.029907
3052.2238,0.029903
3052.4567,0.029913
3052.6897,0.029941
3052.9226,0.029983
3053.1556,0.030031
3053.3886,0.030077
3053.6215,0.030118
3053.8545,0.030155
3054.0874,0.030193
3054.3204,0.030237
3054.5534,0.030289
3054.7863,0.030348
3055.0193,0.030411
3055.2522,0.030475
3055.4852,0.030544
3055.7182,0.030620
3055.9511,0.030709
3056.1841,0.030809
3056.4170,0.030915
3056.6500,0.031019
3056.8829,0.031110
3057.1159,0.031183
3057.3489,0.031242
3057.5818,0.031293
3057.8148,0.031347
3058.0477,0.031412
3058.2807,0.031488
3058.5137,0.031571
3058.7466,0.031656
3058.9796,0.031737
3059.2125,0.031819
3059.4455,0.031907
3059.6784,0.032012
3059.9114,0.032139
3060.1444,0.032287
3060.3773,0.032451
3060.6103,0.032620
3060.8432,0.032791
3061.0762,0.032964
3061.3092,0.033145
3061.5421,0.033343
3061.7751,0.033565
3062.0080,0.033809
3062.2410,0.034067
3062.4740,0.034328
3062.7069,0.034582
3062.9399,0.034824
3063.1728,0.035055
3063.4058,0.035280
3063.6387,0.035504
3063.8717,0.035730
3064.1047,0.035957
3064.3376,0.036182
3064.5706,0.036408
3064.8035,0.036639
3065.0365,0.036886
3065.2695,0.037155
3065.5024,0.037451
3065.7354,0.037769
3065.9683,0.038100
3066.2013,0.038434
3066.4342,0.038766
3066.6672,0.039099
3066.9002,0.039445
3067.1331,0.039817
3067.3661,0.040225
3067.5990,0.040669
3067.8320,0.041138
3068.0650,0.041617
3068.2979,0.042094
3068.5309,0.042559
3068.7638,0.043015
3068.9968,0.043469
3069.2298,0.043928
3069.4627,0.044397
3069.6957,0.044873
3069.9286,0.045353
3070.1616,0.045832
3070.3945,0.046313
3070.6275,0.046802
3070.8605,0.047306
3071.0934,0.047828
3071.3264,0.048360
3071.5593,0.048886
3071.7923,0.049380
3072.0253,0.049820
3072.2582,0.050193
3072.4912,0.050496
3072.7241,0.050735
3072.9571,0.050920
3073.1900,0.051055
3073.4230,0.051139
3073.6560,0.051159
3073.8889,0.051102
3074.1219,0.050956
3074.3548,0.050716
3074.5878,0.050385
3074.8208,0.049969
3075.0537,0.049474
3075.2867,0.048905
3075.5196,0.048264
3075.7526,0.047557
3075.9856,0.046792
3076.2185,0.045983
3076.4515,0.045146
3076.6844,0.044295
3076.9174,0.043438
3077.1503,0.042580
3077.3833,0.041723
3077.6163,0.040869
3077.8492,0.040029
3078.0822,0.039213
3078.3151,0.038436
3078.5481,0.037705
3078.7811,0.037022
3079.0140,0.036380
3079.2470,0.035770
3079.4799,0.035188
3079.7129,0.034635
3079.9458,0.034118
3080.1788,0.033646
3080.4118,0.033227
3080.6447,0.032858
3080.8777,0.032529
3081.1106,0.032229
3081.3436,0.031945
3081.5766,0.031673
3081.8095,0.031417
3082.0425,0.031184
3082.2754,0.030979
3082.5084,0.030801
3082.7413,0.030642
3082.9743,0.030487
3083.2073,0.030325
3083.4402,0.030148
3083.6732,0.029958
3083.9061,0.029759
3084.1391,0.029562
3084.3721,0.029370
3084.6050,0.029188
3084.8380,0.029012
3085.0709,0.028845
3085.3039,0.028688
3085.5369,0.028547
3085.7698,0.028430
3086.0028,0.028341
3086.2357,0.028278
3086.4687,0.028233
3086.7016,0.028199
3086.9346,0.028165
3087.1676,0.028129
3087.4005,0.028091
3087.6335,0.028057
3087.8664,0.028028
3088.0994,0.028003
3088.3324,0.027977
3088.5653,0.027942
3088.7983,0.027895
3089.0312,0.027836
3089.2642,0.027772
3089.4971,0.027714
3089.7301,0.027666
3089.9631,0.027634
3090.1960,0.027614
3090.4290,0.027603
3090.6619,0.027597
3090.8949,0.027597
3091.1279,0.027605
3091.3608,0.027625
3091.5938,0.027655
3091.8267,0.027689
3092.0597,0.027714
3092.2927,0.027719
3092.5256,0.027694
3092.7586,0.027643
3092.9915,0.027573
3093.2245,0.027501
3093.4574,0.027441
3093.6904,0.027400
3093.9234,0.027381
3094.1563,0.027379
3094.3893,0.027388
3094.6222,0.027401
3094.8552,0.027416
3095.0882,0.027431
3095.3211,0.027442
3095.5541,0.027446
3095.7870,0.027434
3096.0200,0.027403
3096.2529,0.027351
3096.4859,0.027285
3096.7189,0.027216
3096.9518,0.027156
3097.1848,0.027115
3097.4177,0.027096
3097.6507,0.027097
3097.8837,0.027110
3098.1166,0.027128
3098.3496,0.027149
3098.5825,0.027171
3098.8155,0.027198
3099.0485,0.027229
3099.2814,0.027264
3099.5144,0.027298
3099.7473,0.027325
3099.9803,0.027342
3100.2132,0.027350
3100.4462,0.027353
3100.6792,0.027352
3100.9121,0.027350
3101.1451,0.027343
3101.3780,0.027326
3101.6110,0.027296
3101.8440,0.027255
3102.0769,0.027212
3102.3099,0.027176
3102.5428,0.027158
3102.7758,0.027160
3103.0087,0.027178
3103.2417,0.027201
3103.4747,0.027218
3103.7076,0.027224
3103.9406,0.027218
3104.1735,0.027212
3104.4065,0.027213
3104.6395,0.027229
3104.8724,0.027257
3105.1054,0.027288
3105.3383,0.027310
3105.5713,0.027313
3105.8043,0.027295
3106.0372,0.027259
3106.2702,0.027215
3106.5031,0.027173
3106.7361,0.027138
3106.9690,0.027111
3107.2020,0.027091
3107.4350,0.027077
3107.6679,0.027070
3107.9009,0.027073
3108.1338,0.027088
3108.3668,0.027116
3108.5998,0.027151
3108.8327,0.027186
3109.0657,0.027212
3109.2986,0.027227
3109.5316,0.027234
3109.7645,0.027239
3109.9975,0.027248
3110.2305,0.027263
3110.4634,0.027279
3110.6964,0.027289
3110.9293,0.027284
3111.1623,0.027263
3111.3953,0.027232
3111.6282,0.027200
3111.8612,0.027179
3112.0941,0.027176
3112.3271,0.027189
3112.5601,0.027209
3112.7930,0.027228
3113.0260,0.027240
3113.2589,0.027247
3113.4919,0.027256
3113.7248,0.027276
3113.9578,0.027312
3114.1908,0.027361
3114.4237,0.027413
3114.6567,0.027459
3114.8896,0.027490
3115.1226,0.027505
3115.3556,0.027510
3115.5885,0.027513
3115.8215,0.027518
3116.0544,0.027525
3116.2874,0.027528
3116.5203,0.027518
3116.7533,0.027494
3116.9863,0.027460
3117.2192,0.027425
3117.4522,0.027402
3117.6851,0.027396
3117.9181,0.027408
3118.1511,0.027429
3118.3840,0.027450
3118.6170,0.027464
3118.8499,0.027475
3119.0829,0.027490
3119.3159,0.027520
3119.5488,0.027572
3119.7818,0.027643
3120.0147,0.027720
3120.2477,0.027790
3120.4806,0.027840
3120.7136,0.027866
3120.9466,0.027874
3121.1795,0.027876
3121.4125,0.027884
3121.6454,0.027903
3121.8784,0.027931
3122.1114,0.027961
3122.3443,0.027983
3122.5773,0.027995
3122.8102,0.027998
3123.0432,0.027998
3123.2761,0.028001
3123.5091,0.028008
3123.7421,0.028016
3123.9750,0.028017
3124.2080,0.028005
3124.4409,0.027977
3124.6739,0.027938
3124.9069,0.027895
3125.1398,0.027853
3125.3728,0.027817
3125.6057,0.027786
3125.8387,0.027757
3126.0717,0.027728
3126.3046,0.027701
3126.5376,0.027682
3126.7705,0.027676
3127.0035,0.027685
3127.2364,0.027707
3127.4694,0.027733
3127.7024,0.027754
3127.9353,0.027766
3128.1683,0.027770
3128.4012,0.027775
3128.6342,0.027789
3128.8672,0.027820
3129.1001,0.027866
3129.3331,0.027918
3129.5660,0.027961
3129.7990,0.027983
3130.0319,0.027978
3130.2649,0.027950
3130.4979,0.027907
3130.7308,0.027860
3130.9638,0.027818
3131.1967,0.027783
3131.4297,0.027755
3131.6627,0.027732
3131.8956,0.027712
3132.1286,0.027701
3132.3615,0.027702
3132.5945,0.027720
3132.8275,0.027753
3133.0604,0.027797
3133.2934,0.027841
3133.5263,0.027875
3133.7593,0.027892
3133.9922,0.027890
3134.2252,0.027869
3134.4582,0.027835
3134.6911,0.027792
3134.9241,0.027745
3135.1570,0.027700
3135.3900,0.027664
3135.6230,0.027643
3135.8559,0.027641
3136.0889,0.027660
3136.3218,0.027694
3136.5548,0.027735
3136.7877,0.027770
3137.0207,0.027792
3137.2537,0.027796
3137.4866,0.027787
3137.7196,0.027772
3137.9525,0.027760
3138.1855,0.027756
3138.4185,0.027759
3138.6514,0.027761
3138.8844,0.027758
3139.1173,0.027749
3139.3503,0.027738
3139.5833,0.027736
3139.8162,0.027754
3140.0492,0.027796
3140.2821,0.027861
3140.5151,0.027935
3140.7480,0.028005
3140.9810,0.028057
3141.2140,0.028083
3141.4469,0.028084
3141.6799,0.028064
3141.9128,0.028033
3142.1458,0.027995
3142.3788,0.027953
3142.6117,0.027910
3142.8447,0.027868
3143.0776,0.027833
3143.3106,0.027815
3143.5435,0.027822
3143.7765,0.027858
3144.0095,0.027920
3144.2424,0.027998
3144.4754,0.028077
3144.7083,0.028143
3144.9413,0.028183
3145.1743,0.028191
3145.4072,0.028164
3145.6402,0.028106
3145.8731,0.028019
3146.1061,0.027911
3146.3391,0.027789
3146.5720,0.027667
3146.8050,0.027555
3147.0379,0.027466
3147.2709,0.027409
3147.5038,0.027385
3147.7368,0.027391
3147.9698,0.027419
3148.2027,0.027461
3148.4357,0.027510
3148.6686,0.027561
3148.9016,0.027612
3149.1346,0.027656
3149.3675,0.027688
3149.6005,0.027698
3149.8334,0.027681
3150.0664,0.027638
3150.2993,0.027579
3150.5323,0.027521
3150.7653,0.027480
3150.9982,0.027469
3151.2312,0.027492
3151.4641,0.027539
3151.6971,0.027597
3151.9301,0.027653
3152.1630,0.027704
3152.3960,0.027752
3152.6289,0.027809
3152.8619,0.027885
3153.0949,0.027984
3153.3278,0.028099
3153.5608,0.028217
3153.7937,0.028319
3154.0267,0.028392
3154.2596,0.028434
3154.4926,0.028450
3154.7256,0.028452
3154.9585,0.028453
3155.1915,0.028457
3155.4244,0.028463
3155.6574,0.028467
3155.8904,0.028459
3156.1233,0.028436
3156.3563,0.028398
3156.5892,0.028347
3156.8222,0.028287
3157.0551,0.028221
3157.2881,0.028151
3157.5211,0.028079
3157.7540,0.028006
3157.9870,0.027935
3158.2199,0.027870
3158.4529,0.027812
3158.6859,0.027760
3158.9188,0.027709
3159.1518,0.027655
3159.3847,0.027600
3159.6177,0.027548
3159.8507,0.027509
3160.0836,0.027491
3160.3166,0.027499
3160.5495,0.027527
3160.7825,0.027562
3161.0154,0.027585
3161.2484,0.027583
3161.4814,0.027551
3161.7143,0.027494
3161.9473,0.027425
3162.1802,0.027359
3162.4132,0.027307
3162.6462,0.027272
3162.8791,0.027248
3163.1121,0.027229
3163.3450,0.027210
3163.5780,0.027194
3163.8109,0.027186
3164.0439,0.027196
3164.2769,0.027227
3164.5098,0.027278
3164.7428,0.027342
3164.9757,0.027408
3165.2087,0.027467
3165.4417,0.027513
3165.6746,0.027548
3165.9076,0.027571
3166.1405,0.027585
3166.3735,0.027589
3166.6065,0.027581
3166.8394,0.027564
3167.0724,0.027541
3167.3053,0.027518
3167.5383,0.027501
3167.7712,0.027495
3168.0042,0.027497
3168.2372,0.027499
3168.4701,0.027493
3168.7031,0.027474
3168.9360,0.027446
3169.1690,0.027422
3169.4020,0.027415
3169.6349,0.027435
3169.8679,0.027482
3170.1008,0.027546
3170.3338,0.027607
3170.5667,0.027649
3170.7997,0.027661
3171.0327,0.027645
3171.2656,0.027615
3171.4986,0.027588
3171.7315,0.027579
3171.9645,0.027594
3172.1975,0.027630
3172.4304,0.027676
3172.6634,0.027721
3172.8963,0.027757
3173.1293,0.027783
3173.3623,0.027800
3173.5952,0.027811
3173.8282,0.027820
3174.0611,0.027827
3174.2941,0.027830
3174.5270,0.027831
3174.7600,0.027832
3174.9930,0.027836
3175.2259,0.027847
3175.4589,0.027864
3175.6918,0.027885
3175.9248,0.027906
3176.1578,0.027922
3176.3907,0.027935
3176.6237,0.027949
3176.8566,0.027969
3177.0896,0.027999
3177.3225,0.028038
3177.5555,0.028082
3177.7885,0.028124
3178.0214,0.028160
3178.2544,0.028188
3178.4873,0.028211
3178.7203,0.028232
3178.9533,0.028252
3179.1862,0.028266
3179.4192,0.028262
3179.6521,0.028230
3179.8851,0.028167
3180.1181,0.028079
3180.3510,0.027984
3180.5840,0.027908
3180.8169,0.027872
3181.0499,0.027890
3181.2828,0.027962
3181.5158,0.028073
3181.7488,0.028203
3181.9817,0.028330
3182.2147,0.028438
3182.4476,0.028520
3182.6806,0.028576
3182.9136,0.028612
3183.1465,0.028634
3183.3795,0.028649
3183.6124,0.028662
3183.8454,0.028678
3184.0783,0.028701
3184.3113,0.028733
3184.5443,0.028773
3184.7772,0.028816
3185.0102,0.028854
3185.2431,0.028881
3185.4761,0.028893
3185.7091,0.028892
3185.9420,0.028885
3186.1750,0.028882
3186.4079,0.028890
3186.6409,0.028910
3186.8739,0.028941
3187.1068,0.028977
3187.3398,0.029012
3187.5727,0.029044
3187.8057,0.029071
3188.0386,0.029093
3188.2716,0.029106
3188.5046,0.029105
3188.7375,0.029085
3188.9705,0.029044
3189.2034,0.028989
3189.4364,0.028933
3189.6694,0.028896
3189.9023,0.028895
3190.1353,0.028936
3190.3682,0.029010
3190.6012,0.029098
3190.8341,0.029175
3191.0671,0.029219
3191.3001,0.029222
3191.5330,0.029190
3191.7660,0.029140
3191.9989,0.029096
3192.2319,0.029075
3192.4649,0.029087
3192.6978,0.029130
3192.9308,0.029196
3193.1637,0.029274
3193.3967,0.029353
3193.6297,0.029422
3193.8626,0.029476
3194.0956,0.029508
3194.3285,0.029518
3194.5615,0.029510
3194.7944,0.029493
3195.0274,0.029483
3195.2604,0.029499
3195.4933,0.029552
3195.7263,0.029645
3195.9592,0.029766
3196.1922,0.029894
3196.4252,0.030008
3196.6581,0.030091
3196.8911,0.030140
3197.1240,0.030163
3197.3570,0.030175
3197.5899,0.030190
3197.8229,0.030212
3198.0559,0.030234
3198.2888,0.030244
3198.5218,0.030227
3198.7547,0.030176
3198.9877,0.030095
3199.2207,0.029995
3199.4536,0.029892
3199.6866,0.029800
3199.9195,0.029728
3200.1525,0.029681
3200.3855,0.029660
3200.6184,0.029669
3200.8514,0.029712
3201.0843,0.029790
3201.3173,0.029900
3201.5502,0.030031
3201.7832,0.030166
3202.0162,0.030286
3202.2491,0.030375
3202.4821,0.030427
3202.7150,0.030443
3202.9480,0.030432
3203.1810,0.030408
3203.4139,0.030376
3203.6469,0.030344
3203.8798,0.030311
3204.1128,0.030280
3204.3457,0.030254
3204.5787,0.030241
3204.8117,0.030245
3205.0446,0.030267
3205.2776,0.030303
3205.5105,0.030341
3205.7435,0.030371
3205.9765,0.030386
3206.2094,0.030387
3206.4424,0.030383
3206.6753,0.030384
3206.9083,0.030397
3207.1413,0.030423
3207.3742,0.030455
3207.6072,0.030483
3207.8401,0.030500
3208.0731,0.030503
3208.3060,0.030496
3208.5390,0.030487
3208.7720,0.030479
3209.0049,0.030476
3209.2379,0.030474
3209.4708,0.030470
3209.7038,0.030464
3209.9368,0.030460
3210.1697,0.030463
3210.4027,0.030478
3210.6356,0.030501
3210.8686,0.030523
3211.1015,0.030531
3211.3345,0.030517
3211.5675,0.030482
3211.8004,0.030440
3212.0334,0.030411
3212.2663,0.030413
3212.4993,0.030450
3212.7323,0.030514
3212.9652,0.030582
3213.1982,0.030630
3213.4311,0.030644
3213.6641,0.030626
3213.8971,0.030592
3214.1300,0.030569
3214.3630,0.030577
3214.5959,0.030623
3214.8289,0.030696
3215.0618,0.030776
3215.2948,0.030840
3215.5278,0.030875
3215.7607,0.030883
3215.9937,0.030872
3216.2266,0.030857
3216.4596,0.030844
3216.6926,0.030834
3216.9255,0.030818
3217.1585,0.030791
3217.3914,0.030753
3217.6244,0.030713
3217.8573,0.030687
3218.0903,0.030686
3218.3233,0.030715
3218.5562,0.030767
3218.7892,0.030824
3219.0221,0.030869
3219.2551,0.030890
3219.4881,0.030885
3219.7210,0.030863
3219.9540,0.030834
3220.1869,0.030810
3220.4199,0.030793
3220.6528,0.030785
3220.8858,0.030783
3221.1188,0.030785
3221.3517,0.030795
3221.5847,0.030813
3221.8176,0.030838
3222.0506,0.030862
3222.2836,0.030875
3222.5165,0.030866
3222.7495,0.030831
3222.9824,0.030775
3223.2154,0.030712
3223.4484,0.030660
3223.6813,0.030630
3223.9143,0.030623
3224.1472,0.030630
3224.3802,0.030638
3224.6131,0.030636
3224.8461,0.030625
3225.0791,0.030616
3225.3120,0.030625
3225.5450,0.030666
3225.7779,0.030740
3226.0109,0.030838
3226.2439,0.030939
3226.4768,0.031024
3226.7098,0.031080
3226.9427,0.031108
3227.1757,0.031118
3227.4086,0.031126
3227.6416,0.031144
3227.8746,0.031176
3228.1075,0.031221
3228.3405,0.031273
3228.5734,0.031330
3228.8064,0.031388
3229.0394,0.031448
3229.2723,0.031508
3229.5053,0.031559
3229.7382,0.031590
3229.9712,0.031588
3230.2042,0.031546
3230.4371,0.031470
3230.6701,0.031372
3230.9030,0.031275
3231.1360,0.031198
3231.3689,0.031151
3231.6019,0.031135
3231.8349,0.031145
3232.0678,0.031171
3232.3008,0.031211
3232.5337,0.031264
3232.7667,0.031335
3232.9997,0.031426
3233.2326,0.031534
3233.4656,0.031648
3233.6985,0.031755
3233.9315,0.031844
3234.1644,0.031912
3234.3974,0.031962
3234.6304,0.032004
3234.8633,0.032043
3235.0963,0.032081
3235.3292,0.032111
3235.5622,0.032126
3235.7952,0.032119
3236.0281,0.032092
3236.2611,0.032055
3236.4940,0.032020
3236.7270,0.031995
3236.9600,0.031979
3237.1929,0.031965
3237.4259,0.031940
3237.6588,0.031897
3237.8918,0.031838
3238.1247,0.031774
3238.3577,0.031721
3238.5907,0.031695
3238.8236,0.031698
3239.0566,0.031724
3239.2895,0.031757
3239.5225,0.031785
3239.7555,0.031799
3239.9884,0.031801
3240.2214,0.031802
3240.4543,0.031811
3240.6873,0.031833
3240.9202,0.031864
3241.1532,0.031897
3241.3862,0.031925
3241.6191,0.031943
3241.8521,0.031957
3242.0850,0.031973
3242.3180,0.031997
3242.5510,0.032028
3242.7839,0.032060
3243.0169,0.032083
3243.2498,0.032091
3243.4828,0.032086
3243.7158,0.032077
3243.9487,0.032078
3244.1817,0.032099
3244.4146,0.032143
3244.6476,0.032202
3244.8805,0.032260
3245.1135,0.032303
3245.3465,0.032326
3245.5794,0.032331
3245.8124,0.032328
3246.0453,0.032331
3246.2783,0.032348
3246.5113,0.032383
3246.7442,0.032435
3246.9772,0.032501
3247.2101,0.032580
3247.4431,0.032673
3247.6760,0.032776
3247.9090,0.032881
3248.1420,0.032977
3248.3749,0.033045
3248.6079,0.033073
3248.8408,0.033059
3249.0738,0.033015
3249.3068,0.032964
3249.5397,0.032931
3249.7727,0.032934
3250.0056,0.032973
3250.2386,0.033036
3250.4716,0.033099
3250.7045,0.033141
3250.9375,0.033149
3251.1704,0.033126
3251.4034,0.033085
3251.6363,0.033044
3251.8693,0.033015
3252.1023,0.033002
3252.3352,0.033000
3252.5682,0.033004
3252.8011,0.033011
3253.0341,0.033026
3253.2671,0.033057
3253.5000,0.033110
3253.7330,0.033189
3253.9659,0.033287
3254.1989,0.033393
3254.4318,0.033496
3254.6648,0.033589
3254.8978,0.033671
3255.1307,0.033741
3255.3637,0.033801
3255.5966,0.033847
3255.8296,0.033874
3256.0626,0.033876
3256.2955,0.033853
3256.5285,0.033814
3256.7614,0.033774
3256.9944,0.033750
3257.2274,0.033752
3257.4603,0.033780
3257.6933,0.033822
3257.9262,0.033863
3258.1592,0.033890
3258.3921,0.033899
3258.6251,0.033894
3258.8581,0.033889
3259.0910,0.033893
3259.3240,0.033914
3259.5569,0.033947
3259.7899,0.033985
3260.0229,0.034021
3260.2558,0.034051
3260.4888,0.034078
3260.7217,0.034106
3260.9547,0.034135
3261.1876,0.034163
3261.4206,0.034182
3261.6536,0.034185
3261.8865,0.034173
3262.1195,0.034153
3262.3524,0.034141
3262.5854,0.034152
3262.8184,0.034194
3263.0513,0.034261
3263.2843,0.034336
3263.5172,0.034400
3263.7502,0.034437
3263.9832,0.034445
3264.2161,0.034431
3264.4491,0.034411
3264.6820,0.034398
3264.9150,0.034396
3265.1479,0.034401
3265.3809,0.034404
3265.6139,0.034399
3265.8468,0.034387
3266.0798,0.034380
3266.3127,0.034391
3266.5457,0.034431
3266.7787,0.034499
3267.0116,0.034585
3267.2446,0.034672
3267.4775,0.034747
3267.7105,0.034805
3267.9434,0.034851
3268.1764,0.034895
3268.4094,0.034946
3268.6423,0.035005
3268.8753,0.035065
3269.1082,0.035116
3269.3412,0.035153
3269.5742,0.035179
3269.8071,0.035209
3270.0401,0.035259
3270.2730,0.035342
3270.5060,0.035459
3270.7390,0.035599
3270.9719,0.035744
3271.2049,0.035879
3271.4378,0.035997
3271.6708,0.036103
3271.9037,0.036205
3272.1367,0.036310
3272.3697,0.036416
3272.6026,0.036513
3272.8356,0.036586
3273.0685,0.036627
3273.3015,0.036638
3273.5345,0.036636
3273.7674,0.036643
3274.0004,0.036677
3274.2333,0.036742
3274.4663,0.036827
3274.6992,0.036912
3274.9322,0.036974
3275.1652,0.037004
3275.3981,0.037007
3275.6311,0.037000
3275.8640,0.037007
3276.0970,0.037041
3276.3300,0.037106
3276.5629,0.037190
3276.7959,0.037277
3277.0288,0.037351
3277.2618,0.037405
3277.4948,0.037442
3277.7277,0.037468
3277.9607,0.037491
3278.1936,0.037513
3278.4266,0.037533
3278.6595,0.037549
3278.8925,0.037562
3279.1255,0.037579
3279.3584,0.037609
3279.5914,0.037657
3279.8243,0.037724
3280.0573,0.037801
3280.2903,0.037874
3280.5232,0.037930
3280.7562,0.037964
3280.9891,0.037977
3281.2221,0.037979
3281.4550,0.037983
3281.6880,0.037996
3281.9210,0.038023
3282.1539,0.038062
3282.3869,0.038111
3282.6198,0.038170
3282.8528,0.038242
3283.0858,0.038333
3283.3187,0.038441
3283.5517,0.038560
3283.7846,0.038676
3284.0176,0.038772
3284.2506,0.038836
3284.4835,0.038865
3284.7165,0.038867
3284.9494,0.038856
3285.1824,0.038847
3285.4153,0.038848
3285.6483,0.038859
3285.8813,0.038874
3286.1142,0.038885
3286.3472,0.038890
3286.5801,0.038894
3286.8131,0.038907
3287.0461,0.038940
3287.2790,0.039000
3287.5120,0.039088
3287.7449,0.039199
3287.9779,0.039324
3288.2108,0.039454
3288.4438,0.039583
3288.6768,0.039702
3288.9097,0.039806
3289.1427,0.039886
3289.3756,0.039940
3289.6086,0.039967
3289.8416,0.039980
3290.0745,0.039994
3290.3075,0.040029
3290.5404,0.040100
3290.7734,0.040209
3291.0064,0.040346
3291.2393,0.040492
3291.4723,0.040628
3291.7052,0.040741
3291.9382,0.040833
3292.1711,0.040917
3292.4041,0.041008
3292.6371,0.041116
3292.8700,0.041243
3293.1030,0.041376
3293.3359,0.041501
3293.5689,0.041603
3293.8019,0.041677
3294.0348,0.041728
3294.2678,0.041765
3294.5007,0.041798
3294.7337,0.041830
3294.9666,0.041862
3295.1996,0.041893
3295.4326,0.041926
3295.6655,0.041969
3295.8985,0.042034
3296.1314,0.042128
3296.3644,0.042247
3296.5974,0.042374
3296.8303,0.042488
3297.0633,0.042566
3297.2962,0.042602
3297.5292,0.042605
3297.7622,0.042600
3297.9951,0.042616
3298.2281,0.042676
3298.4610,0.042783
3298.6940,0.042923
3298.9269,0.043072
3299.1599,0.043205
3299.3929,0.043308
3299.6258,0.043380
3299.8588,0.043432
3300.0917,0.043477
3300.3247,0.043522
3300.5577,0.043567
3300.7906,0.043606
3301.0236,0.043637
3301.2565,0.043660
3301.4895,0.043686
3301.7224,0.043728
3301.9554,0.043796
3302.1884,0.043890
3302.4213,0.044006
3302.6543,0.044133
3302.8872,0.044263
3303.1202,0.044399
3303.3532,0.044546
3303.5861,0.044711
3303.8191,0.044892
3304.0520,0.045078
3304.2850,0.045249
3304.5180,0.045384
3304.7509,0.045472
3304.9839,0.045519
3305.2168,0.045543
3305.4498,0.045570
3305.6827,0.045619
3305.9157,0.045696
3306.1487,0.045793
3306.3816,0.045891
3306.6146,0.045975
3306.8475,0.046040
3307.0805,0.046092
3307.3135,0.046146
3307.5464,0.046214
3307.7794,0.046300
3308.0123,0.046398
3308.2453,0.046495
3308.4782,0.046583
3308.7112,0.046661
3308.9442,0.046737
3309.1771,0.046826
3309.4101,0.046937
3309.6430,0.047066
3309.8760,0.047202
3310.1090,0.047327
3310.3419,0.047427
3310.5749,0.047500
3310.8078,0.047555
3311.0408,0.047608
3311.2738,0.047670
3311.5067,0.047745
3311.7397,0.047823
3311.9726,0.047892
3312.2056,0.047945
3312.4385,0.047986
3312.6715,0.048031
3312.9045,0.048100
3313.1374,0.048207
3313.3704,0.048348
3313.6033,0.048506
3313.8363,0.048654
3314.0693,0.048770
3314.3022,0.048843
3314.5352,0.048884
3314.7681,0.048910
3315.0011,0.048945
3315.2340,0.049000
3315.4670,0.049073
3315.7000,0.049153
3315.9329,0.049228
3316.1659,0.049293
3316.3988,0.049352
3316.6318,0.049420
3316.8648,0.049507
3317.0977,0.049614
3317.3307,0.049731
3317.5636,0.049840
3317.7966,0.049926
3318.0296,0.049983
3318.2625,0.050019
3318.4955,0.050051
3318.7284,0.050097
3318.9614,0.050164
3319.1943,0.050251
3319.4273,0.050347
3319.6603,0.050443
3319.8932,0.050535
3320.1262,0.050629
3320.3591,0.050738
3320.5921,0.050867
3320.8251,0.051014
3321.0580,0.051163
3321.2910,0.051295
3321.5239,0.051396
3321.7569,0.051464
3321.9898,0.051516
3322.2228,0.051577
3322.4558,0.051670
3322.6887,0.051804
3322.9217,0.051969
3323.1546,0.052143
3323.3876,0.052301
3323.6206,0.052428
3323.8535,0.052525
3324.0865,0.052610
3324.3194,0.052704
3324.5524,0.052825
3324.7854,0.052975
3325.0183,0.053143
3325.2513,0.053312
3325.4842,0.053463
3325.7172,0.053590
3325.9501,0.053695
3326.1831,0.053789
3326.4161,0.053883
3326.6490,0.053987
3326.8820,0.054103
3327.1149,0.054234
3327.3479,0.054380
3327.5809,0.054542
3327.8138,0.054720
3328.0468,0.054907
3328.2797,0.055090
3328.5127,0.055252
3328.7456,0.055377
3328.9786,0.055460
3329.2116,0.055513
3329.4445,0.055558
3329.6775,0.055626
3329.9104,0.055739
3330.1434,0.055904
3330.3764,0.056110
3330.6093,0.056333
3330.8423,0.056549
3331.0752,0.056740
3331.3082,0.056903
3331.5412,0.057049
3331.7741,0.057193
3332.0071,0.057345
3332.2400,0.057510
3332.4730,0.057682
3332.7059,0.057856
3332.9389,0.058027
3333.1719,0.058196
3333.4048,0.058369
3333.6378,0.058547
3333.8707,0.058730
3334.1037,0.058907
3334.3367,0.059069
3334.5696,0.059209
3334.8026,0.059332
3335.0355,0.059448
3335.2685,0.059574
3335.5014,0.059717
3335.7344,0.059877
3335.9674,0.060037
3336.2003,0.060180
3336.4333,0.060290
3336.6662,0.060367
3336.8992,0.060423
3337.1322,0.060479
3337.3651,0.060553
3337.5981,0.060654
3337.8310,0.060778
3338.0640,0.060910
3338.2970,0.061039
3338.5299,0.061161
3338.7629,0.061281
3338.9958,0.061413
3339.2288,0.061567
3339.4617,0.061743
3339.6947,0.061931
3339.9277,0.062110
3340.1606,0.062265
3340.3936,0.062392
3340.6265,0.062499
3340.8595,0.062608
3341.0925,0.062739
3341.3254,0.062906
3341.5584,0.063111
3341.7913,0.063344
3342.0243,0.063592
3342.2572,0.063844
3342.4902,0.064093
3342.7232,0.064336
3342.9561,0.064568
3343.1891,0.064779
3343.4220,0.064956
3343.6550,0.065086
3343.8880,0.065169
3344.1209,0.065221
3344.3539,0.065271
3344.5868,0.065353
3344.8198,0.065491
3345.0528,0.065695
3345.2857,0.065954
3345.5187,0.066242
3345.7516,0.066534
3345.9846,0.066810
3346.2175,0.067066
3346.4505,0.067307
3346.6835,0.067539
3346.9164,0.067764
3347.1494,0.067976
3347.3823,0.068165
3347.6153,0.068325
3347.8483,0.068459
3348.0812,0.068582
3348.3142,0.068716
3348.5471,0.068877
3348.7801,0.069071
3349.0130,0.069290
3349.2460,0.069522
3349.4790,0.069754
3349.7119,0.069985
3349.9449,0.070223
3350.1778,0.070477
3350.4108,0.070753
3350.6438,0.071040
3350.8767,0.071319
3351.1097,0.071565
3351.3426,0.071764
3351.5756,0.071920
3351.8086,0.072057
3352.0415,0.072208
3352.2745,0.072402
3352.5074,0.072648
3352.7404,0.072936
3352.9733,0.073240
3353.2063,0.073536
3353.4393,0.073807
3353.6722,0.074059
3353.9052,0.074308
3354.1381,0.074574
3354.3711,0.074867
3354.6041,0.075182
3354.8370,0.075503
3355.0700,0.075813
3355.3029,0.076103
3355.5359,0.076377
3355.7688,0.076646
3356.0018,0.076922
3356.2348,0.077205
3356.4677,0.077485
3356.7007,0.077743
3356.9336,0.077972
3357.1666,0.078175
3357.3996,0.078376
3357.6325,0.078607
3357.8655,0.078891
3358.0984,0.079235
3358.3314,0.079621
3358.5643,0.080012
3358.7973,0.080376
3359.0303,0.080692
3359.2632,0.080964
3359.4962,0.081218
3359.7291,0.081484
3359.9621,0.081786
3360.1951,0.082129
3360.4280,0.082502
3360.6610,0.082888
3360.8939,0.083273
3361.1269,0.083654
3361.3599,0.084040
3361.5928,0.084439
3361.8258,0.084849
3362.0587,0.085257
3362.2917,0.085641
3362.5246,0.085981
3362.7576,0.086276
3362.9906,0.086542
3363.2235,0.086811
3363.4565,0.087116
3363.6894,0.087474
3363.9224,0.087879
3364.1554,0.088304
3364.3883,0.088715
3364.6213,0.089090
3364.8542,0.089424
3365.0872,0.089733
3365.3201,0.090043
3365.5531,0.090374
3365.7861,0.090729
3366.0190,0.091095
3366.2520,0.091452
3366.4849,0.091781
3366.7179,0.092083
3366.9509,0.092369
3367.1838,0.092661
3367.4168,0.092974
3367.6497,0.093307
3367.8827,0.093648
3368.1157,0.093973
3368.3486,0.094263
3368.5816,0.094514
3368.8145,0.094733
3369.0475,0.094942
3369.2804,0.095160
3369.5134,0.095407
3369.7464,0.095689
3369.9793,0.096012
3370.2123,0.096379
3370.4452,0.096794
3370.6782,0.097259
3370.9112,0.097768
3371.1441,0.098301
3371.3771,0.098832
3371.6100,0.099330
3371.8430,0.099779
3372.0759,0.100183
3372.3089,0.100567
3372.5419,0.100971
3372.7748,0.101429
3373.0078,0.101959
3373.2407,0.102549
3373.4737,0.103171
3373.7067,0.103787
3373.9396,0.104368
3374.1726,0.104906
3374.4055,0.105410
3374.6385,0.105897
3374.8715,0.106380
3375.1044,0.106860
3375.3374,0.107329
3375.5703,0.107774
3375.8033,0.108194
3376.0362,0.108599
3376.2692,0.109010
3376.5022,0.109445
3376.7351,0.109912
3376.9681,0.110399
3377.2010,0.110887
3377.4340,0.111355
3377.6670,0.111799
3377.8999,0.112234
3378.1329,0.112688
3378.3658,0.113189
3378.5988,0.113748
3378.8317,0.114357
3379.0647,0.114986
3379.2977,0.115605
3379.5306,0.116196
3379.7636,0.116763
3379.9965,0.117326
3380.2295,0.117914
3380.4625,0.118542
3380.6954,0.119205
3380.9284,0.119882
3381.1613,0.120545
3381.3943,0.121179
3381.6273,0.121787
3381.8602,0.122393
3382.0932,0.123028
3382.3261,0.123714
3382.5591,0.124456
3382.7920,0.125241
3383.0250,0.126051
3383.2580,0.126871
3383.4909,0.127700
3383.7239,0.128545
3383.9568,0.129415
3384.1898,0.130302
3384.4228,0.131184
3384.6557,0.132027
3384.8887,0.132802
3385.1216,0.133503
3385.3546,0.134150
3385.5875,0.134788
3385.8205,0.135462
3386.0535,0.136201
3386.2864,0.137007
3386.5194,0.137855
3386.7523,0.138716
3386.9853,0.139568
3387.2183,0.140415
3387.4512,0.141277
3387.6842,0.142178
3387.9171,0.143128
3388.1501,0.144110
3388.3831,0.145086
3388.6160,0.146020
3388.8490,0.146891
3389.0819,0.147715
3389.3149,0.148533
3389.5478,0.149398
3389.7808,0.150343
3390.0138,0.151371
3390.2467,0.152452
3390.4797,0.153540
3390.7126,0.154597
3390.9456,0.155610
3391.1786,0.156596
3391.4115,0.157586
3391.6445,0.158606
3391.8774,0.159660
3392.1104,0.160730
3392.3433,0.161793
3392.5763,0.162837
3392.8093,0.163874
3393.0422,0.164942
3393.2752,0.166077
3393.5081,0.167299
3393.7411,0.168589
3393.9741,0.169897
3394.2070,0.171163
3394.4400,0.172345
3394.6729,0.173443
3394.9059,0.174498
3395.1389,0.175573
3395.3718,0.176721
3395.6048,0.177958
3395.8377,0.179260
3396.0707,0.180572
3396.3036,0.181843
3396.5366,0.183047
3396.7696,0.184195
3397.0025,0.185326
3397.2355,0.186481
3397.4684,0.187680
3397.7014,0.188915
3397.9344,0.190148
3398.1673,0.191343
3398.4003,0.192476
3398.6332,0.193545
3398.8662,0.194567
3399.0991,0.195553
3399.3321,0.196497
3399.5651,0.197373
3399.7980,0.198151
3400.0310,0.198815
3400.2639,0.199379
3400.4969,0.199887
3400.7299,0.200394
3400.9628,0.200942
3401.1958,0.201546
3401.4287,0.202190
3401.6617,0.202843
3401.8947,0.203485
3402.1276,0.204120
3402.3606,0.204772
3402.5935,0.205469
3402.8265,0.206218
3403.0594,0.206992
3403.2924,0.207732
3403.5254,0.208375
3403.7583,0.208882
3403.9913,0.209259
3404.2242,0.209552
3404.4572,0.209827
3404.6902,0.210132
3404.9231,0.210476
3405.1561,0.210825
3405.3890,0.211124
3405.6220,0.211329
3405.8549,0.211430
3406.0879,0.211457
3406.3209,0.211456
3406.5538,0.211464
3406.7868,0.211484
3407.0197,0.211486
3407.2527,0.211425
3407.4857,0.211271
3407.7186,0.211029
3407.9516,0.210739
3408.1845,0.210452
3408.4175,0.210198
3408.6505,0.209969
3408.8834,0.209717
3409.1164,0.209380
3409.3493,0.208916
3409.5823,0.208329
3409.8152,0.207669
3410.0482,0.207011
3410.2812,0.206415
3410.5141,0.205905
3410.7471,0.205455
3410.9800,0.205014
3411.2130,0.204530
3411.4460,0.203978
3411.6789,0.203367
3411.9119,0.202727
3412.1448,0.202082
3412.3778,0.201433
3412.6107,0.200755
3412.8437,0.200014
3413.0767,0.199192
3413.3096,0.198306
3413.5426,0.197403
3413.7755,0.196544
3414.0085,0.195770
3414.2415,0.195086
3414.4744,0.194460
3414.7074,0.193839
3414.9403,0.193178
3415.1733,0.192463
3415.4063,0.191711
3415.6392,0.190957
3415.8722,0.190227
3416.1051,0.189523
3416.3381,0.188822
3416.5710,0.188090
3416.8040,0.187307
3417.0370,0.186481
3417.2699,0.185652
3417.5029,0.184866
3417.7358,0.184157
3417.9688,0.183526
3418.2018,0.182943
3418.4347,0.182365
3418.6677,0.181759
3418.9006,0.181117
3419.1336,0.180461
3419.3665,0.179825
3419.5995,0.179231
3419.8325,0.178678
3420.0654,0.178140
3420.2984,0.177581
3420.5313,0.176983
3420.7643,0.176352
3420.9973,0.175721
3421.2302,0.175128
3421.4632,0.174599
3421.6961,0.174124
3421.9291,0.173671
3422.1621,0.173195
3422.3950,0.172669
3422.6280,0.172095
3422.8609,0.171506
3423.0939,0.170945
3423.3268,0.170441
3423.5598,0.169997
3423.7928,0.169586
3424.0257,0.169172
3424.2587,0.168725
3424.4916,0.168239
3424.7246,0.167731
3424.9576,0.167228
3425.1905,0.166750
3425.4235,0.166296
3425.6564,0.165850
3425.8894,0.165391
3426.1223,0.164912
3426.3553,0.164426
3426.5883,0.163961
3426.8212,0.163540
3427.0542,0.163167
3427.2871,0.162816
3427.5201,0.162445
3427.7531,0.162013
3427.9860,0.161502
3428.2190,0.160932
3428.4519,0.160348
3428.6849,0.159802
3428.9179,0.159328
3429.1508,0.158932
3429.3838,0.158593
3429.6167,0.158280
3429.8497,0.157973
3430.0826,0.157672
3430.3156,0.157389
3430.5486,0.157134
3430.7815,0.156898
3431.0145,0.156642
3431.2474,0.156319
3431.4804,0.155891
3431.7134,0.155352
3431.9463,0.154742
3432.1793,0.154129
3432.4122,0.153582
3432.6452,0.153140
3432.8781,0.152797
3433.1111,0.152508
3433.3441,0.152209
3433.5770,0.151853
3433.8100,0.151428
3434.0429,0.150957
3434.2759,0.150482
3434.5089,0.150037
3434.7418,0.149628
3434.9748,0.149233
3435.2077,0.148815
3435.4407,0.148348
3435.6737,0.147828
3435.9066,0.147277
3436.1396,0.146734
3436.3725,0.146232
3436.6055,0.145785
3436.8384,0.145386
3437.0714,0.145017
3437.3044,0.144664
3437.5373,0.144324
3437.7703,0.144009
3438.0032,0.143726
3438.2362,0.143473
3438.4692,0.143228
3438.7021,0.142955
3438.9351,0.142622
3439.1680,0.142215
3439.4010,0.141749
3439.6339,0.141259
3439.8669,0.140784
3440.0999,0.140349
3440.3328,0.139953
3440.5658,0.139576
3440.7987,0.139193
3441.0317,0.138786
3441.2647,0.138362
3441.4976,0.137943
3441.7306,0.137554
3441.9635,0.137209
3442.1965,0.136901
3442.4295,0.136606
3442.6624,0.136293
3442.8954,0.135943
3443.1283,0.135553
3443.3613,0.135137
3443.5942,0.134711
3443.8272,0.134282
3444.0602,0.133850
3444.2931,0.133407
3444.5261,0.132951
3444.7590,0.132496
3444.9920,0.132069
3445.2250,0.131698
3445.4579,0.131393
3445.6909,0.131138
3445.9238,0.130894
3446.1568,0.130610
3446.3897,0.130253
3446.6227,0.129820
3446.8557,0.129342
3447.0886,0.128873
3447.3216,0.128456
3447.5545,0.128107
3447.7875,0.127802
3448.0205,0.127494
3448.2534,0.127132
3448.4864,0.126690
3448.7193,0.126173
3448.9523,0.125617
3449.1853,0.125063
3449.4182,0.124539
3449.6512,0.124045
3449.8841,0.123561
3450.1171,0.123063
3450.3500,0.122544
3450.5830,0.122017
3450.8160,0.121511
3451.0489,0.121058
3451.2819,0.120668
3451.5148,0.120328
3451.7478,0.120002
3451.9808,0.119651
3452.2137,0.119248
3452.4467,0.118789
3452.6796,0.118293
3452.9126,0.117783
3453.1455,0.117279
3453.3785,0.116784
3453.6115,0.116290
3453.8444,0.115787
3454.0774,0.115276
3454.3103,0.114771
3454.5433,0.114293
3454.7763,0.113858
3455.0092,0.113465
3455.2422,0.113097
3455.4751,0.112725
3455.7081,0.112326
3455.9411,0.111895
3456.1740,0.111443
3456.4070,0.110990
3456.6399,0.110555
3456.8729,0.110139
3457.1058,0.109729
3457.3388,0.109304
3457.5718,0.108853
3457.8047,0.108378
3458.0377,0.107903
3458.2706,0.107451
3458.5036,0.107036
3458.7366,0.106648
3458.9695,0.106254
3459.2025,0.105813
3459.4354,0.105297
3459.6684,0.104707
3459.9013,0.104072
3460.1343,0.103439
3460.3673,0.102852
3460.6002,0.102332
3460.8332,0.101876
3461.0661,0.101458
3461.2991,0.101052
3461.5321,0.100638
3461.7650,0.100215
3461.9980,0.099790
3462.2309,0.099370
3462.4639,0.098949
3462.6969,0.098511
3462.9298,0.098040
3463.1628,0.097527
3463.3957,0.096988
3463.6287,0.096453
3463.8616,0.095958
3464.0946,0.095522
3464.3276,0.095140
3464.5605,0.094784
3464.7935,0.094415
3465.0264,0.094004
3465.2594,0.093544
3465.4924,0.093056
3465.7253,0.092571
3465.9583,0.092116
3466.1912,0.091699
3466.4242,0.091303
3466.6571,0.090901
3466.8901,0.090469
3467.1231,0.089997
3467.3560,0.089497
3467.5890,0.088992
3467.8219,0.088501
3468.0549,0.088029
3468.2879,0.087565
3468.5208,0.087094
3468.7538,0.086607
3468.9867,0.086113
3469.2197,0.085636
3469.4527,0.085205
3469.6856,0.084836
3469.9186,0.084525
3470.1515,0.084250
3470.3845,0.083977
3470.6174,0.083682
3470.8504,0.083358
3471.0834,0.083020
3471.3163,0.082685
3471.5493,0.082369
3471.7822,0.082068
3472.0152,0.081763
3472.2482,0.081431
3472.4811,0.081057
3472.7141,0.080649
3472.9470,0.080234
3473.1800,0.079846
3473.4129,0.079508
3473.6459,0.079221
3473.8789,0.078966
3474.1118,0.078711
3474.3448,0.078431
3474.5777,0.078119
3474.8107,0.077789
3475.0437,0.077464
3475.2766,0.077165
3475.5096,0.076898
3475.7425,0.076649
3475.9755,0.076400
3476.2085,0.076131
3476.4414,0.075839
3476.6744,0.075537
3476.9073,0.075244
3477.1403,0.074979
3477.3732,0.074747
3477.6062,0.074543
3477.8392,0.074357
3478.0721,0.074181
3478.3051,0.074017
3478.5380,0.073869
3478.7710,0.073741
3479.0040,0.073624
3479.2369,0.073498
3479.4699,0.073340
3479.7028,0.073133
3479.9358,0.072881
3480.1687,0.072609
3480.4017,0.072352
3480.6347,0.072141
3480.8676,0.071984
3481.1006,0.071867
3481.3335,0.071755
3481.5665,0.071619
3481.7995,0.071444
3482.0324,0.071241
3482.2654,0.071037
3482.4983,0.070858
3482.7313,0.070707
3482.9643,0.070562
3483.1972,0.070381
3483.4302,0.070130
3483.6631,0.069802
3483.8961,0.069429
3484.1290,0.069074
3484.3620,0.068805
3484.5950,0.068664
3484.8279,0.068650
3485.0609,0.068718
3485.2938,0.068797
3485.5268,0.068821
3485.7598,0.068748
3485.9927,0.068574
3486.2257,0.068324
3486.4586,0.068038
3486.6916,0.067745
3486.9245,0.067465
3487.1575,0.067200
3487.3905,0.066950
3487.6234,0.066721
3487.8564,0.066526
3488.0893,0.066380
3488.3223,0.066289
3488.5553,0.066242
3488.7882,0.066219
3489.0212,0.066196
3489.2541,0.066160
3489.4871,0.066119
3489.7201,0.066092
3489.9530,0.066100
3490.1860,0.066150
3490.4189,0.066227
3490.6519,0.066296
3490.8848,0.066317
3491.1178,0.066267
3491.3508,0.066148
3491.5837,0.065989
3491.8167,0.065832
3492.0496,0.065710
3492.2826,0.065636
3492.5156,0.065596
3492.7485,0.065560
3492.9815,0.065499
3493.2144,0.065401
3493.4474,0.065275
3493.6803,0.065149
3493.9133,0.065053
3494.1463,0.065008
3494.3792,0.065017
3494.6122,0.065069
3494.8451,0.065146
3495.0781,0.065237
3495.3111,0.065336
3495.5440,0.065444
3495.7770,0.065559
3496.0099,0.065678
3496.2429,0.065793
3496.4758,0.065896
3496.7088,0.065990
3496.9418,0.066089
3497.1747,0.066216
3497.4077,0.066391
3497.6406,0.066622
3497.8736,0.066901
3498.1066,0.067208
3498.3395,0.067519
3498.5725,0.067818
3498.8054,0.068103
3499.0384,0.068380
3499.2714,0.068659
3499.5043,0.068939
3499.7373,0.069207
3499.9702,0.069444
3500.2032,0.069636
3500.4361,0.069784
3500.6691,0.069913
3500.9021,0.070062
3501.1350,0.070271
3501.3680,0.070569
3501.6009,0.070956
3501.8339,0.071413
3502.0669,0.071914
3502.2998,0.072433
3502.5328,0.072962
3502.7657,0.073507
3502.9987,0.074077
3503.2316,0.074676
3503.4646,0.075294
3503.6976,0.075909
3503.9305,0.076500
3504.1635,0.077059
3504.3964,0.077599
3504.6294,0.078145
3504.8624,0.078726
3505.0953,0.079353
3505.3283,0.080019
3505.5612,0.080696
3505.7942,0.081355
3506.0272,0.081979
3506.2601,0.082577
3506.4931,0.083180
3506.7260,0.083825
3506.9590,0.084542
3507.1919,0.085337
3507.4249,0.086193
3507.6579,0.087082
3507.8908,0.087982
3508.1238,0.088890
3508.3567,0.089823
3508.5897,0.090812
3508.8227,0.091881
3509.0556,0.093037
3509.2886,0.094261
3509.5215,0.095518
3509.7545,0.096769
3509.9874,0.097987
3510.2204,0.099159
3510.4534,0.100288
3510.6863,0.101377
3510.9193,0.102428
3511.1522,0.103432
3511.3852,0.104381
3511.6182,0.105277
3511.8511,0.106136
3512.0841,0.106988
3512.3170,0.107864
3512.5500,0.108781
3512.7830,0.109737
3513.0159,0.110712
3513.2489,0.111679
3513.4818,0.112623
3513.7148,0.113547
3513.9477,0.114471
3514.1807,0.115423
3514.4137,0.116415
3514.6466,0.117438
3514.8796,0.118460
3515.1125,0.119444
3515.3455,0.120362
3515.5785,0.121211
3515.8114,0.122010
3516.0444,0.122784
3516.2773,0.123546
3516.5103,0.124282
3516.7432,0.124956
3516.9762,0.125525
3517.2092,0.125960
3517.4421,0.126268
3517.6751,0.126481
3517.9080,0.126647
3518.1410,0.126798
3518.3740,0.126940
3518.6069,0.127044
3518.8399,0.127071
3519.0728,0.126992
3519.3058,0.126806
3519.5388,0.126543
3519.7717,0.126241
3520.0047,0.125926
3520.2376,0.125584
3520.4706,0.125169
3520.7035,0.124621
3520.9365,0.123891
3521.1695,0.122971
3521.4024,0.121892
3521.6354,0.120711
3521.8683,0.119482
3522.1013,0.118230
3522.3343,0.116950
3522.5672,0.115612
3522.8002,0.114189
3523.0331,0.112670
3523.2661,0.111070
3523.4990,0.109416
3523.7320,0.107729
3523.9650,0.106013
3524.1979,0.104255
3524.4309,0.102440
3524.6638,0.100569
3524.8968,0.098668
3525.1298,0.096781
3525.3627,0.094949
3525.5957,0.093186
3525.8286,0.091473
3526.0616,0.089766
3526.2946,0.088016
3526.5275,0.086192
3526.7605,0.084300
3526.9934,0.082373
3527.2264,0.080456
3527.4593,0.078582
3527.6923,0.076755
3527.9253,0.074959
3528.1582,0.073169
3528.3912,0.071375
3528.6241,0.069589
3528.8571,0.067846
3529.0901,0.066178
3529.3230,0.064604
3529.5560,0.063115
3529.7889,0.061681
3530.0219,0.060270
3530.2548,0.058866
3530.4878,0.057474
3530.7208,0.056119
3530.9537,0.054828
3531.1867,0.053612
3531.4196,0.052462
3531.6526,0.051355
3531.8856,0.050265
3532.1185,0.049187
3532.3515,0.048135
3532.5844,0.047136
3532.8174,0.046217
3533.0504,0.045385
3533.2833,0.044623
3533.5163,0.043896
3533.7492,0.043170
3533.9822,0.042429
3534.2151,0.041682
3534.4481,0.040960
3534.6811,0.040292
3534.9140,0.039695
3535.1470,0.039158
3535.3799,0.038650
3535.6129,0.038131
3535.8459,0.037578
3536.0788,0.036991
3536.3118,0.036391
3536.5447,0.035815
3536.7777,0.035288
3537.0106,0.034819
3537.2436,0.034393
3537.4766,0.033981
3537.7095,0.033559
3537.9425,0.033112
3538.1754,0.032645
3538.4084,0.032176
3538.6414,0.031722
3538.8743,0.031294
3539.1073,0.030895
3539.3402,0.030517
3539.5732,0.030154
3539.8062,0.029799
3540.0391,0.029454
3540.2721,0.029121
3540.5050,0.028802
3540.7380,0.028499
3540.9709,0.028214
3541.2039,0.027952
3541.4369,0.027719
3541.6698,0.027520
3541.9028,0.027354
3542.1357,0.027209
3542.3687,0.027060
3542.6017,0.026882
3542.8346,0.026653
3543.0676,0.026370
3543.3005,0.026050
3543.5335,0.025725
3543.7664,0.025431
3543.9994,0.025193
3544.2324,0.025017
3544.4653,0.024886
3544.6983,0.024776
3544.9312,0.024662
3545.1642,0.024527
3545.3972,0.024371
3545.6301,0.024195
3545.8631,0.024004
3546.0960,0.023793
3546.3290,0.023557
3546.5620,0.023294
3546.7949,0.023015
3547.0279,0.022742
3547.2608,0.022508
3547.4938,0.022335
3547.7267,0.022226
3547.9597,0.022162
3548.1927,0.022101
3548.4256,0.022002
3548.6586,0.021835
3548.8915,0.021597
3549.1245,0.021311
3549.3575,0.021010
3549.5904,0.020730
3549.8234,0.020489
3550.0563,0.020293
3550.2893,0.020137
3550.5222,0.020016
3550.7552,0.019929
3550.9882,0.019880
3551.2211,0.019873
3551.4541,0.019902
3551.6870,0.019949
3551.9200,0.019985
3552.1530,0.019987
3552.3859,0.019936
3552.6189,0.019835
3552.8518,0.019698
3553.0848,0.019543
3553.3178,0.019385
3553.5507,0.019227
3553.7837,0.019066
3554.0166,0.018897
3554.2496,0.018726
3554.4825,0.018566
3554.7155,0.018436
3554.9485,0.018346
3555.1814,0.018288
3555.4144,0.018241
3555.6473,0.018176
3555.8803,0.018073
3556.1133,0.017935
3556.3462,0.017788
3556.5792,0.017675
3556.8121,0.017632
3557.0451,0.017676
3557.2780,0.017792
3557.5110,0.017940
3557.7440,0.018067
3557.9769,0.018131
3558.2099,0.018113
3558.4428,0.018019
3558.6758,0.017873
3558.9088,0.017703
3559.1417,0.017529
3559.3747,0.017363
3559.6076,0.017210
3559.8406,0.017082
3560.0736,0.016996
3560.3065,0.016975
3560.5395,0.017032
3560.7724,0.017163
3561.0054,0.017340
3561.2383,0.017520
3561.4713,0.017661
3561.7043,0.017742
3561.9372,0.017765
3562.1702,0.017762
3562.4031,0.017770
3562.6361,0.017817
3562.8691,0.017909
3563.1020,0.018025
3563.3350,0.018133
3563.5679,0.018200
3563.8009,0.018212
3564.0338,0.018169
3564.2668,0.018090
3564.4998,0.017992
3564.7327,0.017890
3564.9657,0.017790
3565.1986,0.017696
3565.4316,0.017618
3565.6646,0.017575
3565.8975,0.017590
3566.1305,0.017679
3566.3634,0.017835
3566.5964,0.018028
3566.8294,0.018208
3567.0623,0.018325
3567.2953,0.018345
3567.5282,0.018269
3567.7612,0.018129
3567.9941,0.017975
3568.2271,0.017847
3568.4601,0.017757
3568.6930,0.017688
3568.9260,0.017601
3569.1589,0.017460
3569.3919,0.017244
3569.6249,0.016955
3569.8578,0.016615
3570.0908,0.016258
3570.3237,0.015911
3570.5567,0.015600
3570.7896,0.015339
3571.0226,0.015145
3571.2556,0.015031
3571.4885,0.015006
3571.7215,0.015068
3571.9544,0.015199
3572.1874,0.015363
3572.4204,0.015523
3572.6533,0.015644
3572.8863,0.015713
3573.1192,0.015737
3573.3522,0.015735
3573.5852,0.015728
3573.8181,0.015726
3574.0511,0.015722
3574.2840,0.015702
3574.5170,0.015651
3574.7499,0.015572
3574.9829,0.015482
3575.2159,0.015410
3575.4488,0.015378
3575.6818,0.015390
3575.9147,0.015426
3576.1477,0.015451
3576.3807,0.015431
3576.6136,0.015352
3576.8466,0.015229
3577.0795,0.015099
3577.3125,0.015006
3577.5454,0.014981
3577.7784,0.015028
3578.0114,0.015126
3578.2443,0.015237
3578.4773,0.015329
3578.7102,0.015382
3578.9432,0.015396
3579.1762,0.015386
3579.4091,0.015366
3579.6421,0.015346
3579.8750,0.015326
3580.1080,0.015301
3580.3410,0.015276
3580.5739,0.015260
3580.8069,0.015271
3581.0398,0.015319
3581.2728,0.015405
3581.5057,0.015509
3581.7387,0.015601
3581.9717,0.015654
3582.2046,0.015655
3582.4376,0.015614
3582.6705,0.015559
3582.9035,0.015519
3583.1365,0.015516
3583.3694,0.015548
3583.6024,0.015600
3583.8353,0.015649
3584.0683,0.015680
3584.3012,0.015695
3584.5342,0.015711
3584.7672,0.015751
3585.0001,0.015826
3585.2331,0.015933
3585.4660,0.016050
3585.6990,0.016150
3585.9320,0.016215
3586.1649,0.016247
3586.3979,0.016269
3586.6308,0.016309
3586.8638,0.016392
3587.0968,0.016525
3587.3297,0.016691
3587.5627,0.016859
3587.7956,0.016994
3588.0286,0.017073
3588.2615,0.017091
3588.4945,0.017054
3588.7275,0.016972
3588.9604,0.016854
3589.1934,0.016700
3589.4263,0.016511
3589.6593,0.016296
3589.8923,0.016072
3590.1252,0.015865
3590.3582,0.015695
3590.5911,0.015571
3590.8241,0.015484
3591.0570,0.015415
3591.2900,0.015350
3591.5230,0.015280
3591.7559,0.015215
3591.9889,0.015171
3592.2218,0.015165
3592.4548,0.015204
3592.6878,0.015283
3592.9207,0.015387
3593.1537,0.015499
3593.3866,0.015613
3593.6196,0.015730
3593.8526,0.015856
3594.0855,0.015994
3594.3185,0.016131
3594.5514,0.016240
3594.7844,0.016292
3595.0173,0.016269
3595.2503,0.016174
3595.4833,0.016035
3595.7162,0.015892
3595.9492,0.015783
3596.1821,0.015725
3596.4151,0.015711
3596.6481,0.015716
3596.8810,0.015714
3597.1140,0.015691
3597.3469,0.015653
3597.5799,0.015618
3597.8128,0.015607
3598.0458,0.015621
3598.2788,0.015647
3598.5117,0.015660
3598.7447,0.015636
3598.9776,0.015571
3599.2106,0.015484
3599.4436,0.015410
3599.6765,0.015384
3599.9095,0.015424
3600.1424,0.015520
3600.3754,0.015640
3600.6084,0.015744
3600.8413,0.015803
3601.0743,0.015811
3601.3072,0.015783
3601.5402,0.015743
3601.7731,0.015710
3602.0061,0.015686
3602.2391,0.015661
3602.4720,0.015623
3602.7050,0.015567
3602.9379,0.015505
3603.1709,0.015463
3603.4039,0.015464
3603.6368,0.015515
3603.8698,0.015602
3604.1027,0.015690
3604.3357,0.015747
3604.5686,0.015749
3604.8016,0.015702
3605.0346,0.015631
3605.2675,0.015574
3605.5005,0.015562
3605.7334,0.015605
3605.9664,0.015694
3606.1994,0.015804
3606.4323,0.015916
3606.6653,0.016022
3606.8982,0.016135
3607.1312,0.016270
3607.3642,0.016441
3607.5971,0.016642
3607.8301,0.016848
3608.0630,0.017021
3608.2960,0.017129
3608.5289,0.017160
3608.7619,0.017127
3608.9949,0.017060
3609.2278,0.016992
3609.4608,0.016941
3609.6937,0.016908
3609.9267,0.016876
3610.1597,0.016827
3610.3926,0.016747
3610.6256,0.016633
3610.8585,0.016495
3611.0915,0.016343
3611.3244,0.016187
3611.5574,0.016037
3611.7904,0.015902
3612.0233,0.015801
3612.2563,0.015759
3612.4892,0.015803
3612.7222,0.015951
3612.9552,0.016200
3613.1881,0.016515
3613.4211,0.016842
3613.6540,0.017116
3613.8870,0.017288
3614.1200,0.017343
3614.3529,0.017300
3614.5859,0.017199
3614.8188,0.017081
3615.0518,0.016969
3615.2847,0.016864
3615.5177,0.016754
3615.7507,0.016627
3615.9836,0.016481
3616.2166,0.016333
3616.4495,0.016203
3616.6825,0.016112
3616.9155,0.016067
3617.1484,0.016060
3617.3814,0.016075
3617.6143,0.016097
3617.8473,0.016125
3618.0802,0.016165
3618.3132,0.016230
3618.5462,0.016331
3618.7791,0.016460
3619.0121,0.016600
3619.2450,0.016724
3619.4780,0.016809
3619.7110,0.016851
3619.9439,0.016857
3620.1769,0.016847
3620.4098,0.016836
3620.6428,0.016827
3620.8758,0.016809
3621.1087,0.016765
3621.3417,0.016682
3621.5746,0.016560
3621.8076,0.016414
3622.0405,0.016264
3622.2735,0.016133
3622.5065,0.016033
3622.7394,0.015970
3622.9724,0.015944
3623.2053,0.015957
3623.4383,0.016013
3623.6713,0.016115
3623.9042,0.016266
3624.1372,0.016456
3624.3701,0.016667
3624.6031,0.016877
3624.8360,0.017065
3625.0690,0.017220
3625.3020,0.017348
3625.5349,0.017463
3625.7679,0.017585
3626.0008,0.017723
3626.2338,0.017875
3626.4668,0.018024
3626.6997,0.018151
3626.9327,0.018246
3627.1656,0.018311
3627.3986,0.018367
3627.6316,0.018446
3627.8645,0.018578
3628.0975,0.018780
3628.3304,0.019052
3628.5634,0.019378
3628.7963,0.019729
3629.0293,0.020073
3629.2623,0.020376
3629.4952,0.020604
3629.7282,0.020723
3629.9611,0.020703
3630.1941,0.020529
3630.4271,0.020201
3630.6600,0.019745
3630.8930,0.019201
3631.1259,0.018620
3631.3589,0.018044
3631.5918,0.017504
3631.8248,0.017019
3632.0578,0.016599
3632.2907,0.016252
3632.5237,0.015987
3632.7566,0.015815
3632.9896,0.015742
3633.2226,0.015762
3633.4555,0.015851
3633.6885,0.015976
3633.9214,0.016095
3634.1544,0.016176
3634.3873,0.016204
3634.6203,0.016181
3634.8533,0.016125
3635.0862,0.016056
3635.3192,0.015985
3635.5521,0.015912
3635.7851,0.015829
3636.0181,0.015728
3636.2510,0.015612
3636.4840,0.015489
3636.7169,0.015376
3636.9499,0.015286
3637.1829,0.015221
3637.4158,0.015173
3637.6488,0.015129
3637.8817,0.015076
3638.1147,0.015016
3638.3476,0.014961
3638.5806,0.014932
3638.8136,0.014946
3639.0465,0.015007
3639.2795,0.015102
3639.5124,0.015207
3639.7454,0.015299
3639.9784,0.015365
3640.2113,0.015408
3640.4443,0.015441
3640.6772,0.015485
3640.9102,0.015551
3641.1431,0.015642
3641.3761,0.015749
3641.6091,0.015862
3641.8420,0.015976
3642.0750,0.016092
3642.3079,0.016216
3642.5409,0.016352
3642.7739,0.016491
3643.0068,0.016618
3643.2398,0.016712
3643.4727,0.016759
3643.7057,0.016761
3643.9387,0.016743
3644.1716,0.016737
3644.4046,0.016779
3644.6375,0.016890
3644.8705,0.017073
3645.1034,0.017313
3645.3364,0.017590
3645.5694,0.017886
3645.8023,0.018194
3646.0353,0.018511
3646.2682,0.018839
3646.5012,0.019174
3646.7342,0.019503
3646.9671,0.019814
3647.2001,0.020102
3647.4330,0.020376
3647.6660,0.020655
3647.8989,0.020961
3648.1319,0.021298
3648.3649,0.021640
3648.5978,0.021932
3648.8308,0.022112
3649.0637,0.022138
3649.2967,0.022013
3649.5297,0.021785
3649.7626,0.021532
3649.9956,0.021324
3650.2285,0.021205
3650.4615,0.021175
3650.6945,0.021194
3650.9274,0.021201
3651.1604,0.021145
3651.3933,0.021001
3651.6263,0.020775
3651.8592,0.020491
3652.0922,0.020176
3652.3252,0.019840
3652.5581,0.019486
3652.7911,0.019108
3653.0240,0.018710
3653.2570,0.018308
3653.4900,0.017928
3653.7229,0.017598
3653.9559,0.017337
3654.1888,0.017151
3654.4218,0.017037
3654.6547,0.016988
3654.8877,0.016999
3655.1207,0.017071
3655.3536,0.017206
3655.5866,0.017403
3655.8195,0.017649
3656.0525,0.017918
3656.2855,0.018173
3656.5184,0.018379
3656.7514,0.018511
3656.9843,0.018557
3657.2173,0.018521
3657.4503,0.018415
3657.6832,0.018245
3657.9162,0.018014
3658.1491,0.017721
3658.3821,0.017376
3658.6150,0.016999
3658.8480,0.016631
3659.0810,0.016314
3659.3139,0.016088
3659.5469,0.015970
3659.7798,0.015954
3660.0128,0.016015
3660.2458,0.016110
3660.4787,0.016202
3660.7117,0.016262
3660.9446,0.016284
3661.1776,0.016273
3661.4105,0.016244
3661.6435,0.016207
3661.8765,0.016168
3662.1094,0.016127
3662.3424,0.016083
3662.5753,0.016043
3662.8083,0.016014
3663.0413,0.016005
3663.2742,0.016020
3663.5072,0.016055
3663.7401,0.016097
3663.9731,0.016134
3664.2061,0.016162
3664.4390,0.016184
3664.6720,0.016211
3664.9049,0.016257
3665.1379,0.016328
3665.3708,0.016420
3665.6038,0.016522
3665.8368,0.016619
3666.0697,0.016706
3666.3027,0.016788
3666.5356,0.016880
3666.7686,0.016996
3667.0016,0.017146
3667.2345,0.017327
3667.4675,0.017527
3667.7004,0.017733
3667.9334,0.017938
3668.1663,0.018149
3668.3993,0.018383
3668.6323,0.018660
3668.8652,0.018988
3669.0982,0.019359
3669.3311,0.019742
3669.5641,0.020098
3669.7971,0.020387
3670.0300,0.020590
3670.2630,0.020712
3670.4959,0.020782
3670.7289,0.020835
3670.9619,0.020897
3671.1948,0.020972
3671.4278,0.021042
3671.6607,0.021075
3671.8937,0.021036
3672.1266,0.020900
3672.3596,0.020662
3672.5926,0.020335
3672.8255,0.019953
3673.0585,0.019559
3673.2914,0.019201
3673.5244,0.018928
3673.7574,0.018781
3673.9903,0.018791
3674.2233,0.018965
3674.4562,0.019288
3674.6892,0.019720
3674.9221,0.020201
3675.1551,0.020669
3675.3881,0.021073
3675.6210,0.021385
3675.8540,0.021597
3676.0869,0.021716
3676.3199,0.021747
3676.5529,0.021682
3676.7858,0.021506
3677.0188,0.021207
3677.2517,0.020795
3677.4847,0.020299
3677.7177,0.019769
3677.9506,0.019251
3678.1836,0.018777
3678.4165,0.018364
3678.6495,0.018013
3678.8824,0.017722
3679.1154,0.017491
3679.3484,0.017328
3679.5813,0.017246
3679.8143,0.017252
3680.0472,0.017344
3680.2802,0.017500
3680.5132,0.017680
3680.7461,0.017841
3680.9791,0.017945
3681.2120,0.017972
3681.4450,0.017925
3681.6779,0.017822
3681.9109,0.017691
3682.1439,0.017555
3682.3768,0.017435
3682.6098,0.017344
3682.8427,0.017292
3683.0757,0.017288
3683.3087,0.017336
3683.5416,0.017433
3683.7746,0.017566
3684.0075,0.017714
3684.2405,0.017854
3684.4735,0.017966
3684.7064,0.018046
3684.9394,0.018102
3685.1723,0.018152
3685.4053,0.018216
3685.6382,0.018302
3685.8712,0.018409
3686.1042,0.018527
3686.3371,0.018646
3686.5701,0.018762
3686.8030,0.018886
3687.0360,0.019036
3687.2690,0.019229
3687.5019,0.019477
3687.7349,0.019774
3687.9678,0.020105
3688.2008,0.020448
3688.4337,0.020785
3688.6667,0.021107
3688.8997,0.021408
3689.1326,0.021677
3689.3656,0.021892
3689.5985,0.022014
3689.8315,0.022004
3690.0645,0.021839
3690.2974,0.021531
3690.5304,0.021127
3690.7633,0.020698
3690.9963,0.020308
3691.2293,0.020003
3691.4622,0.019801
3691.6952,0.019694
3691.9281,0.019659
3692.1611,0.019662
3692.3940,0.019670
3692.6270,0.019653
3692.8600,0.019593
3693.0929,0.019479
3693.3259,0.019311
3693.5588,0.019099
3693.7918,0.018862
3694.0248,0.018629
3694.2577,0.018431
3694.4907,0.018296
3694.7236,0.018241
3694.9566,0.018261
3695.1895,0.018334
3695.4225,0.018427
3695.6555,0.018507
3695.8884,0.018553
3696.1214,0.018562
3696.3543,0.018546
3696.5873,0.018524
3696.8203,0.018509
3697.0532,0.018503
3697.2862,0.018500
3697.5191,0.018488
3697.7521,0.018460
3697.9851,0.018416
3698.2180,0.018365
3698.4510,0.018316
3698.6839,0.018275
3698.9169,0.018234
3699.1498,0.018184
3699.3828,0.018117
3699.6158,0.018032
3699.8487,0.017944
3700.0817,0.017877
3700.3146,0.017855
3700.5476,0.017894
3700.7806,0.017993
3701.0135,0.018138
3701.2465,0.018309
3701.4794,0.018489
3701.7124,0.018670
3701.9453,0.018855
3702.1783,0.019044
3702.4113,0.019235
3702.6442,0.019406
3702.8772,0.019528
3703.1101,0.019569
3703.3431,0.019510
3703.5761,0.019356
3703.8090,0.019136
3704.0420,0.018892
3704.2749,0.018664
3704.5079,0.018482
3704.7409,0.018358
3704.9738,0.018291
3705.2068,0.018275
3705.4397,0.018304
3705.6727,0.018370
3705.9056,0.018466
3706.1386,0.018583
3706.3716,0.018709
3706.6045,0.018830
3706.8375,0.018937
3707.0704,0.019028
3707.3034,0.019110
3707.5364,0.019196
3707.7693,0.019297
3708.0023,0.019416
3708.2352,0.019546
3708.4682,0.019671
3708.7011,0.019781
3708.9341,0.019871
3709.1671,0.019956
3709.4000,0.020058
3709.6330,0.020205
3709.8659,0.020413
3710.0989,0.020682
3710.3319,0.020984
3710.5648,0.021275
3710.7978,0.021505
3711.0307,0.021637
3711.2637,0.021656
3711.4967,0.021575
3711.7296,0.021429
3711.9626,0.021257
3712.1955,0.021097
3712.4285,0.020977
3712.6614,0.020909
3712.8944,0.020889
3713.1274,0.020891
3713.3603,0.020874
3713.5933,0.020789
3713.8262,0.020597
3714.0592,0.020285
3714.2922,0.019875
3714.5251,0.019418
3714.7581,0.018978
3714.9910,0.018610
3715.2240,0.018352
3715.4569,0.018211
3715.6899,0.018166
3715.9229,0.018179
3716.1558,0.018207
3716.3888,0.018216
3716.6217,0.018193
3716.8547,0.018145
3717.0877,0.018095
3717.3206,0.018068
3717.5536,0.018080
3717.7865,0.018131
3718.0195,0.018213
3718.2525,0.018310
3718.4854,0.018404
3718.7184,0.018485
3718.9513,0.018547
3719.1843,0.018586
3719.4172,0.018599
3719.6502,0.018584
3719.8832,0.018543
3720.1161,0.018483
3720.3491,0.018417
3720.5820,0.018363
3720.8150,0.018335
3721.0480,0.018338
3721.2809,0.018369
3721.5139,0.018416
3721.7468,0.018464
3721.9798,0.018505
3722.2127,0.018538
3722.4457,0.018570
3722.6787,0.018611
3722.9116,0.018667
3723.1446,0.018740
3723.3775,0.018820
3723.6105,0.018891
3723.8435,0.018940
3724.0764,0.018956
3724.3094,0.018938
3724.5423,0.018892
3724.7753,0.018831
3725.0083,0.018768
3725.2412,0.018716
3725.4742,0.018689
3725.7071,0.018695
3725.9401,0.018740
3726.1730,0.018821
3726.4060,0.018922
3726.6390,0.019021
3726.8719,0.019090
3727.1049,0.019109
3727.3378,0.019066
3727.5708,0.018968
3727.8038,0.018829
3728.0367,0.018671
3728.2697,0.018508
3728.5026,0.018348
3728.7356,0.018192
3728.9685,0.018041
3729.2015,0.017898
3729.4345,0.017779
3729.6674,0.017704
3729.9004,0.017692
3730.1333,0.017756
3730.3663,0.017894
3730.5993,0.018094
3730.8322,0.018331
3731.0652,0.018582
3731.2981,0.018831
3731.5311,0.019069
3731.7641,0.019293
3731.9970,0.019505
3732.2300,0.019704
3732.4629,0.019885
3732.6959,0.020042
3732.9288,0.020171
3733.1618,0.020269
3733.3948,0.020337
3733.6277,0.020374
3733.8607,0.020373
3734.0936,0.020327
3734.3266,0.020235
3734.5596,0.020106
3734.7925,0.019966
3735.0255,0.019852
3735.2584,0.019803
3735.4914,0.019849
3735.7243,0.019992
3735.9573,0.020202
3736.1903,0.020418
3736.4232,0.020569
3736.6562,0.020604
3736.8891,0.020508
3737.1221,0.020307
3737.3551,0.020048
3737.5880,0.019776
3737.8210,0.019515
3738.0539,0.019270
3738.2869,0.019030
3738.5199,0.018788
3738.7528,0.018546
3738.9858,0.018320
3739.2187,0.018133
3739.4517,0.018001
3739.6846,0.017929
3739.9176,0.017906
3740.1506,0.017914
3740.3835,0.017936
3740.6165,0.017964
3740.8494,0.018005
3741.0824,0.018068
3741.3154,0.018166
3741.5483,0.018301
3741.7813,0.018465
3742.0142,0.018643
3742.2472,0.018823
3742.4801,0.019001
3742.7131,0.019186
3742.9461,0.019400
3743.1790,0.019663
3743.4120,0.019990
3743.6449,0.020384
3743.8779,0.020844
3744.1109,0.021368
3744.3438,0.021958
3744.5768,0.022620
3744.8097,0.023351
3745.0427,0.024121
3745.2757,0.024859
3745.5086,0.025449
3745.7416,0.025756
3745.9745,0.025681
3746.2075,0.025215
3746.4404,0.024445
3746.6734,0.023519
3746.9064,0.022586
3747.1393,0.021751
3747.3723,0.021074
3747.6052,0.020574
3747.8382,0.020253
3748.0712,0.020104
3748.3041,0.020116
3748.5371,0.020274
3748.7700,0.020555
3749.0030,0.020927
3749.2359,0.021357
3749.4689,0.021814
3749.7019,0.022276
3749.9348,0.022730
3750.1678,0.023167
3750.4007,0.023568
3750.6337,0.023896
3750.8667,0.024101
3751.0996,0.024139
3751.3326,0.023998
3751.5655,0.023711
3751.7985,0.023348
3752.0315,0.022997
3752.2644,0.022733
3752.4974,0.022601
3752.7303,0.022602
3752.9633,0.022696
3753.1962,0.022805
3753.4292,0.022844
3753.6622,0.022742
3753.8951,0.022477
3754.1281,0.022074
3754.3610,0.021594
3754.5940,0.021101
3754.8270,0.020646
3755.0599,0.020258
3755.2929,0.019950
3755.5258,0.019727
3755.7588,0.019590
3755.9917,0.019536
3756.2247,0.019557
3756.4577,0.019639
3756.6906,0.019762
3756.9236,0.019903
3757.1565,0.020043
3757.3895,0.020173
3757.6225,0.020290
3757.8554,0.020397
3758.0884,0.020494
3758.3213,0.020580
3758.5543,0.020649
3758.7873,0.020698
3759.0202,0.020731
3759.2532,0.020761
3759.4861,0.020807
3759.7191,0.020885
3759.9520,0.020997
3760.1850,0.021132
3760.4180,0.021261
3760.6509,0.021350
3760.8839,0.021367
3761.1168,0.021299
3761.3498,0.021152
3761.5828,0.020949
3761.8157,0.020719
3762.0487,0.020484
3762.2816,0.020261
3762.5146,0.020060
3762.7475,0.019891
3762.9805,0.019766
3763.2135,0.019700
3763.4464,0.019701
3763.6794,0.019767
3763.9123,0.019882
3764.1453,0.020017
3764.3783,0.020146
3764.6112,0.020253
3764.8442,0.020339
3765.0771,0.020427
3765.3101,0.020546
3765.5431,0.020719
3765.7760,0.020953
3766.0090,0.021230
3766.2419,0.021514
3766.4749,0.021758
3766.7078,0.021922
3766.9408,0.021978
3767.1738,0.021923
3767.4067,0.021770
3767.6397,0.021549
3767.8726,0.021291
3768.1056,0.021031
3768.3386,0.020800
3768.5715,0.020623
3768.8045,0.020521
3769.0374,0.020506
3769.2704,0.020580
3769.5033,0.020735
3769.7363,0.020952
3769.9693,0.021211
3770.2022,0.021490
3770.4352,0.021772
3770.6681,0.022038
3770.9011,0.022263
3771.1341,0.022411
3771.3670,0.022445
3771.6000,0.022334
3771.8329,0.022074
3772.0659,0.021692
3772.2988,0.021245
3772.5318,0.020800
3772.7648,0.020419
3772.9977,0.020141
3773.2307,0.019976
3773.4636,0.019906
3773.6966,0.019898
3773.9296,0.019917
3774.1625,0.019939
3774.3955,0.019959
3774.6284,0.019983
3774.8614,0.020022
3775.0944,0.020081
3775.3273,0.020156
3775.5603,0.020234
3775.7932,0.020303
3776.0262,0.020359
3776.2591,0.020406
3776.4921,0.020455
3776.7251,0.020517
3776.9580,0.020593
3777.1910,0.020677
3777.4239,0.020755
3777.6569,0.020817
3777.8899,0.020860
3778.1228,0.020894
3778.3558,0.020936
3778.5887,0.021000
3778.8217,0.021096
3779.0546,0.021222
3779.2876,0.021368
3779.5206,0.021525
3779.7535,0.021686
3779.9865,0.021845
3780.2194,0.021997
3780.4524,0.022129
3780.6854,0.022216
3780.9183,0.022225
3781.1513,0.022132
3781.3842,0.021929
3781.6172,0.021635
3781.8502,0.021292
3782.0831,0.020949
3782.3161,0.020651
3782.5490,0.020422
3782.7820,0.020265
3783.0149,0.020168
3783.2479,0.020110
3783.4809,0.020073
3783.7138,0.020046
3783.9468,0.020031
3784.1797,0.020029
3784.4127,0.020043
3784.6457,0.020068
3784.8786,0.020095
3785.1116,0.020115
3785.3445,0.020119
3785.5775,0.020107
3785.8104,0.020083
3786.0434,0.020049
3786.2764,0.020004
3786.5093,0.019944
3786.7423,0.019865
3786.9752,0.019768
3787.2082,0.019658
3787.4412,0.019547
3787.6741,0.019447
3787.9071,0.019362
3788.1400,0.019291
3788.3730,0.019224
3788.6060,0.019154
3788.8389,0.019080
3789.0719,0.019012
3789.3048,0.018968
3789.5378,0.018965
3789.7707,0.019008
3790.0037,0.019088
3790.2367,0.019178
3790.4696,0.019246
3790.7026,0.019269
3790.9355,0.019238
3791.1685,0.019164
3791.4015,0.019072
3791.6344,0.018988
3791.8674,0.018931
3792.1003,0.018907
3792.3333,0.018908
3792.5662,0.018925
3792.7992,0.018948
3793.0322,0.018977
3793.2651,0.019016
3793.4981,0.019069
3793.7310,0.019135
3793.9640,0.019205
3794.1970,0.019268
3794.4299,0.019317
3794.6629,0.019356
3794.8958,0.019401
3795.1288,0.019474
3795.3618,0.019598
3795.5947,0.019785
3795.8277,0.020034
3796.0606,0.020327
3796.2936,0.020644
3796.5265,0.020960
3796.7595,0.021257
3796.9925,0.021518
3797.2254,0.021731
3797.4584,0.021880
3797.6913,0.021952
3797.9243,0.021937
3798.1573,0.021839
3798.3902,0.021675
3798.6232,0.021477
3798.8561,0.021280
3799.0891,0.021115
3799.3220,0.021002
3799.5550,0.020949
3799.7880,0.020956
3800.0209,0.021022
3800.2539,0.021147
3800.4868,0.021336
3800.7198,0.021594
3800.9528,0.021918
3801.1857,0.022301
3801.4187,0.022726
3801.6516,0.023168
3801.8846,0.023599
3802.1176,0.023987
3802.3505,0.024294
3802.5835,0.024478
3802.8164,0.024496
3803.0494,0.024320
3803.2823,0.023946
3803.5153,0.023401
3803.7483,0.022745
3803.9812,0.022052
3804.2142,0.021398
3804.4471,0.020842
3804.6801,0.020418
3804.9131,0.020134
3805.1460,0.019972
3805.3790,0.019904
3805.6119,0.019900
3805.8449,0.019940
3806.0778,0.020017
3806.3108,0.020130
3806.5438,0.020281
3806.7767,0.020463
3807.0097,0.020662
3807.2426,0.020861
3807.4756,0.021041
3807.7086,0.021192
3807.9415,0.021302
3808.1745,0.021363
3808.4074,0.021357
3808.6404,0.021262
3808.8734,0.021063
3809.1063,0.020757
3809.3393,0.020369
3809.5722,0.019943
3809.8052,0.019534
3810.0381,0.019195
3810.2711,0.018959
3810.5041,0.018839
3810.7370,0.018821
3810.9700,0.018876
3811.2029,0.018972
3811.4359,0.019080
3811.6689,0.019186
3811.9018,0.019287
3812.1348,0.019383
3812.3677,0.019474
3812.6007,0.019551
3812.8336,0.019606
3813.0666,0.019632
3813.2996,0.019636
3813.5325,0.019634
3813.7655,0.019655
3813.9984,0.019723
3814.2314,0.019857
3814.4644,0.020062
3814.6973,0.020328
3814.9303,0.020642
3815.1632,0.020991
3815.3962,0.021366
3815.6292,0.021764
3815.8621,0.022182
3816.0951,0.022611
3816.3280,0.023038
3816.5610,0.023441
3816.7939,0.023793
3817.0269,0.024062
3817.2599,0.024213
3817.4928,0.024219
3817.7258,0.024058
3817.9587,0.023731
3818.1917,0.023263
3818.4247,0.022702
3818.6576,0.022116
3818.8906,0.021580
3819.1235,0.021159
3819.3565,0.020902
3819.5894,0.020829
3819.8224,0.020929
3820.0554,0.021166
3820.2883,0.021490
3820.5213,0.021856
3820.7542,0.022237
3820.9872,0.022626
3821.2202,0.023028
3821.4531,0.023443
3821.6861,0.023847
3821.9190,0.024186
3822.1520,0.024392
3822.3850,0.024407
3822.6179,0.024204
3822.8509,0.023804
3823.0838,0.023266
3823.3168,0.022663
3823.5497,0.022054
3823.7827,0.021480
3824.0157,0.020960
3824.2486,0.020500
3824.4816,0.020108
3824.7145,0.019793
3824.9475,0.019563
3825.1805,0.019422
3825.4134,0.019361
3825.6464,0.019360
3825.8793,0.019396
3826.1123,0.019448
3826.3452,0.019508
3826.5782,0.019585
3826.8112,0.019698
3827.0441,0.019862
3827.2771,0.020079
3827.5100,0.020329
3827.7430,0.020577
3827.9760,0.020780
3828.2089,0.020901
3828.4419,0.020924
3828.6748,0.020854
3828.9078,0.020713
3829.1408,0.020531
3829.3737,0.020338
3829.6067,0.020159
3829.8396,0.020016
3830.0726,0.019928
3830.3055,0.019907
3830.5385,0.019962
3830.7715,0.020089
3831.0044,0.020273
3831.2374,0.020494
3831.4703,0.020732
3831.7033,0.020976
3831.9363,0.021229
3832.1692,0.021500
3832.4022,0.021797
3832.6351,0.022113
3832.8681,0.022419
3833.1010,0.022668
3833.3340,0.022812
3833.5670,0.022824
3833.7999,0.022711
3834.0329,0.022517
3834.2658,0.022305
3834.4988,0.022139
3834.7318,0.022066
3834.9647,0.022105
3835.1977,0.022253
3835.4306,0.022487
3835.6636,0.022772
3835.8966,0.023072
3836.1295,0.023348
3836.3625,0.023561
3836.5954,0.023682
3836.8284,0.023691
3837.0613,0.023590
3837.2943,0.023406
3837.5273,0.023190
3837.7602,0.023001
3837.9932,0.022899
3838.2261,0.022918
3838.4591,0.023064
3838.6921,0.023299
3838.9250,0.023552
3839.1580,0.023734
3839.3909,0.023766
3839.6239,0.023615
3839.8568,0.023298
3840.0898,0.022875
3840.3228,0.022419
3840.5557,0.021992
3840.7887,0.021637
3841.0216,0.021373
3841.2546,0.021201
3841.4876,0.021106
3841.7205,0.021059
3841.9535,0.021025
3842.1864,0.020963
3842.4194,0.020846
3842.6524,0.020664
3842.8853,0.020433
3843.1183,0.020188
3843.3512,0.019974
3843.5842,0.019831
3843.8171,0.019778
3844.0501,0.019814
3844.2831,0.019917
3844.5160,0.020052
3844.7490,0.020183
3844.9819,0.020281
3845.2149,0.020329
3845.4479,0.020326
3845.6808,0.020279
3845.9138,0.020200
3846.1467,0.020102
3846.3797,0.020001
3846.6126,0.019914
3846.8456,0.019858
3847.0786,0.019848
3847.3115,0.019891
3847.5445,0.019979
3847.7774,0.020092
3848.0104,0.020203
3848.2434,0.020288
3848.4763,0.020337
3848.7093,0.020358
3848.9422,0.020374
3849.1752,0.020414
3849.4082,0.020498
3849.6411,0.020635
3849.8741,0.020817
3850.1070,0.021030
3850.3400,0.021259
3850.5729,0.021499
3850.8059,0.021755
3851.0389,0.022035
3851.2718,0.022346
3851.5048,0.022691
3851.7377,0.023066
3851.9707,0.023473
3852.2037,0.023921
3852.4366,0.024428
3852.6696,0.025008
3852.9025,0.025654
3853.1355,0.026325
3853.3684,0.026939
3853.6014,0.027395
3853.8344,0.027615
3854.0673,0.027582
3854.3003,0.027349
3854.5332,0.027015
3854.7662,0.026683
3854.9992,0.026412
3855.2321,0.026194
3855.4651,0.025962
3855.6980,0.025619
3855.9310,0.025094
3856.1640,0.024377
3856.3969,0.023527
3856.6299,0.022644
3856.8628,0.021828
3857.0958,0.021151
3857.3287,0.020653
3857.5617,0.020342
3857.7947,0.020201
3858.0276,0.020200
3858.2606,0.020296
3858.4935,0.020441
3858.7265,0.020585
3858.9595,0.020686
3859.1924,0.020716
3859.4254,0.020667
3859.6583,0.020557
3859.8913,0.020423
3860.1242,0.020310
3860.3572,0.020257
3860.5902,0.020288
3860.8231,0.020404
3861.0561,0.020585
3861.2890,0.020801
3861.5220,0.021026
3861.7550,0.021245
3861.9879,0.021459
3862.2209,0.021675
3862.4538,0.021901
3862.6868,0.022130
3862.9198,0.022344
3863.1527,0.022512
3863.3857,0.022613
3863.6186,0.022642
3863.8516,0.022618
3864.0845,0.022578
3864.3175,0.022563
3864.5505,0.022603
3864.7834,0.022711
3865.0164,0.022886
3865.2493,0.023113
3865.4823,0.023371
3865.7153,0.023635
3865.9482,0.023871
3866.1812,0.024042
3866.4141,0.024109
3866.6471,0.024039
3866.8800,0.023821
3867.1130,0.023476
3867.3460,0.023051
3867.5789,0.022611
3867.8119,0.022218
3868.0448,0.021923
3868.2778,0.021751
3868.5108,0.021708
3868.7437,0.021784
3868.9767,0.021961
3869.2096,0.022225
3869.4426,0.022562
3869.6756,0.022961
3869.9085,0.023403
3870.1415,0.023857
3870.3744,0.024279
3870.6074,0.024613
3870.8403,0.024811
3871.0733,0.024840
3871.3063,0.024697
3871.5392,0.024404
3871.7722,0.024005
3872.0051,0.023544
3872.2381,0.023065
3872.4711,0.022603
3872.7040,0.022188
3872.9370,0.021851
3873.1699,0.021617
3873.4029,0.021501
3873.6358,0.021503
3873.8688,0.021607
3874.1018,0.021781
3874.3347,0.021988
3874.5677,0.022195
3874.8006,0.022378
3875.0336,0.022525
3875.2666,0.022626
3875.4995,0.022670
3875.7325,0.022638
3875.9654,0.022513
3876.1984,0.022288
3876.4314,0.021980
3876.6643,0.021624
3876.8973,0.021273
3877.1302,0.020978
3877.3632,0.020774
3877.5961,0.020675
3877.8291,0.020672
3878.0621,0.020740
3878.2950,0.020852
3878.5280,0.020989
3878.7609,0.021142
3878.9939,0.021315
3879.2269,0.021515
3879.4598,0.021745
3879.6928,0.021999
3879.9257,0.022267
3880.1587,0.022541
3880.3916,0.022818
3880.6246,0.023103
3880.8576,0.023398
3881.0905,0.023698
3881.3235,0.023977
3881.5564,0.024190
3881.7894,0.024288
3882.0224,0.024233
3882.2553,0.024020
3882.4883,0.023677
3882.7212,0.023260
3882.9542,0.022832
3883.1872,0.022446
3883.4201,0.022136
3883.6531,0.021923
3883.8860,0.021812
3884.1190,0.021801
3884.3519,0.021882
3884.5849,0.022037
3884.8179,0.022244
3885.0508,0.022474
3885.2838,0.022701
3885.5167,0.022911
3885.7497,0.023107
3885.9827,0.023304
3886.2156,0.023523
3886.4486,0.023771
3886.6815,0.024026
3886.9145,0.024236
3887.1474,0.024328
3887.3804,0.024240
3887.6134,0.023943
3887.8463,0.023468
3888.0793,0.022886
3888.3122,0.022289
3888.5452,0.021753
3888.7782,0.021326
3889.0111,0.021020
3889.2441,0.020828
3889.4770,0.020729
3889.7100,0.020705
3889.9430,0.020748
3890.1759,0.020853
3890.4089,0.021021
3890.6418,0.021242
3890.8748,0.021501
3891.1077,0.021777
3891.3407,0.022052
3891.5737,0.022315
3891.8066,0.022565
3892.0396,0.022804
3892.2725,0.023032
3892.5055,0.023231
3892.7385,0.023369
3892.9714,0.023410
3893.2044,0.023331
3893.4373,0.023133
3893.6703,0.022846
3893.9032,0.022519
3894.1362,0.022201
3894.3692,0.021931
3894.6021,0.021729
3894.8351,0.021597
3895.0680,0.021529
3895.3010,0.021511
3895.5340,0.021535
3895.7669,0.021590
3895.9999,0.021668
3896.2328,0.021757
3896.4658,0.021846
3896.6988,0.021923
3896.9317,0.021988
3897.1647,0.022047
3897.3976,0.022120
3897.6306,0.022230
3897.8635,0.022396
3898.0965,0.022624
3898.3295,0.022906
3898.5624,0.023225
3898.7954,0.023559
3899.0283,0.023894
3899.2613,0.024227
3899.4943,0.024563
3899.7272,0.024908
3899.9602,0.025258
3900.1931,0.025591
3900.4261,0.025871
3900.6590,0.026053
3900.8920,0.026106
3901.1250,0.026024
3901.3579,0.025832
3901.5909,0.025584
3901.8238,0.025341
3902.0568,0.025160
3902.2898,0.025079
3902.5227,0.025113
3902.7557,0.025250
3902.9886,0.025453
3903.2216,0.025663
3903.4546,0.025817
3903.6875,0.025863
3903.9205,0.025785
3904.1534,0.025604
3904.3864,0.025377
3904.6193,0.025167
3904.8523,0.025027
3905.0853,0.024980
3905.3182,0.025005
3905.5512,0.025047
3905.7841,0.025032
3906.0171,0.024899
3906.2501,0.024621
3906.4830,0.024220
3906.7160,0.023755
3906.9489,0.023294
3907.1819,0.022892
3907.4148,0.022576
3907.6478,0.022344
3907.8808,0.022176
3908.1137,0.022046
3908.3467,0.021937
3908.5796,0.021844
3908.8126,0.021775
3909.0456,0.021737
3909.2785,0.021734
3909.5115,0.021760
3909.7444,0.021801
3909.9774,0.021843
3910.2103,0.021878
3910.4433,0.021905
3910.6763,0.021930
3910.9092,0.021958
3911.1422,0.021992
3911.3751,0.022028
3911.6081,0.022060
3911.8411,0.022085
3912.0740,0.022106
3912.3070,0.022133
3912.5399,0.022175
3912.7729,0.022235
3913.0059,0.022309
3913.2388,0.022382
3913.4718,0.022437
3913.7047,0.022467
3913.9377,0.022475
3914.1706,0.022478
3914.4036,0.022502
3914.6366,0.022567
3914.8695,0.022685
3915.1025,0.022853
3915.3354,0.023056
3915.5684,0.023276
3915.8014,0.023497
3916.0343,0.023709
3916.2673,0.023909
3916.5002,0.024095
3916.7332,0.024266
3916.9661,0.024414
3917.1991,0.024537
3917.4321,0.024630
3917.6650,0.024700
3917.8980,0.024753
3918.1309,0.024793
3918.3639,0.024818
3918.5969,0.024813
3918.8298,0.024758
3919.0628,0.024640
3919.2957,0.024459
3919.5287,0.024237
3919.7617,0.024011
3919.9946,0.023821
3920.2276,0.023700
3920.4605,0.023657
3920.6935,0.023684
3920.9264,0.023754
3921.1594,0.023833
3921.3924,0.023889
3921.6253,0.023905
3921.8583,0.023874
3922.0912,0.023806
3922.3242,0.023713
3922.5572,0.023612
3922.7901,0.023520
3923.0231,0.023451
3923.2560,0.023422
3923.4890,0.023448
3923.7219,0.023533
3923.9549,0.023671
3924.1879,0.023843
3924.4208,0.024018
3924.6538,0.024164
3924.8867,0.024259
3925.1197,0.024294
3925.3527,0.024278
3925.5856,0.024229
3925.8186,0.024167
3926.0515,0.024105
3926.2845,0.024043
3926.5175,0.023975
3926.7504,0.023895
3926.9834,0.023798
3927.2163,0.023687
3927.4493,0.023570
3927.6822,0.023456
3927.9152,0.023350
3928.1482,0.023254
3928.3811,0.023172
3928.6141,0.023107
3928.8470,0.023068
3929.0800,0.023062
3929.3130,0.023093
3929.5459,0.023156
3929.7789,0.023237
3930.0118,0.023317
3930.2448,0.023378
3930.4777,0.023412
3930.7107,0.023426
3930.9437,0.023434
3931.1766,0.023454
3931.4096,0.023499
3931.6425,0.023566
3931.8755,0.023645
3932.1085,0.023721
3932.3414,0.023783
3932.5744,0.023831
3932.8073,0.023870
3933.0403,0.023911
3933.2733,0.023958
3933.5062,0.024003
3933.7392,0.024030
3933.9721,0.024017
3934.2051,0.023950
3934.4380,0.023829
3934.6710,0.023667
3934.9040,0.023486
3935.1369,0.023308
3935.3699,0.023149
3935.6028,0.023017
3935.8358,0.022913
3936.0688,0.022835
3936.3017,0.022784
3936.5347,0.022759
3936.7676,0.022756
3937.0006,0.022767
3937.2335,0.022780
3937.4665,0.022782
3937.6995,0.022763
3937.9324,0.022727
3938.1654,0.022684
3938.3983,0.022652
3938.6313,0.022646
3938.8643,0.022672
3939.0972,0.022722
3939.3302,0.022780
3939.5631,0.022829
3939.7961,0.022857
3940.0291,0.022867
3940.2620,0.022868
3940.4950,0.022874
3940.7279,0.022895
3940.9609,0.022929
3941.1938,0.022970
3941.4268,0.023007
3941.6598,0.023033
3941.8927,0.023053
3942.1257,0.023078
3942.3586,0.023122
3942.5916,0.023194
3942.8246,0.023295
3943.0575,0.023416
3943.2905,0.023547
3943.5234,0.023676
3943.7564,0.023797
3943.9893,0.023904
3944.2223,0.023991
3944.4553,0.024044
3944.6882,0.024050
3944.9212,0.023996
3945.1541,0.023881
3945.3871,0.023722
3945.6201,0.023551
3945.8530,0.023405
3946.0860,0.023317
3946.3189,0.023302
3946.5519,0.023352
3946.7849,0.023441
3947.0178,0.023537
3947.2508,0.023616
3947.4837,0.023667
3947.7167,0.023697
3947.9496,0.023722
3948.1826,0.023759
3948.4156,0.023813
3948.6485,0.023880
3948.8815,0.023950
3949.1144,0.024012
3949.3474,0.024063
3949.5804,0.024107
3949.8133,0.024148
3950.0463,0.024187
3950.2792,0.024214
3950.5122,0.024215
3950.7451,0.024175
3950.9781,0.024088
3951.2111,0.023964
3951.4440,0.023820
3951.6770,0.023682
3951.9099,0.023565
3952.1429,0.023474
3952.3759,0.023401
3952.6088,0.023334
3952.8418,0.023265
3953.0747,0.023195
3953.3077,0.023135
3953.5407,0.023098
3953.7736,0.023091
3954.0066,0.023112
3954.2395,0.023146
3954.4725,0.023175
3954.7054,0.023185
3954.9384,0.023175
3955.1714,0.023154
3955.4043,0.023137
3955.6373,0.023135
3955.8702,0.023150
3956.1032,0.023175
3956.3362,0.023199
3956.5691,0.023214
3956.8021,0.023220
3957.0350,0.023222
3957.2680,0.023232
3957.5009,0.023255
3957.7339,0.023287
3957.9669,0.023317
3958.1998,0.023334
3958.4328,0.023330
3958.6657,0.023310
3958.8987,0.023287
3959.1317,0.023275
3959.3646,0.023283
3959.5976,0.023308
3959.8305,0.023337
3960.0635,0.023351
3960.2965,0.023338
3960.5294,0.023299
3960.7624,0.023245
3960.9953,0.023192
3961.2283,0.023155
3961.4612,0.023139
3961.6942,0.023135
3961.9272,0.023133
3962.1601,0.023120
3962.3931,0.023092
3962.6260,0.023055
3962.8590,0.023017
3963.0920,0.022987
3963.3249,0.022966
3963.5579,0.022949
3963.7908,0.022928
3964.0238,0.022901
3964.2567,0.022873
3964.4897,0.022852
3964.7227,0.022851
3964.9556,0.022872
3965.1886,0.022908
3965.4215,0.022942
3965.6545,0.022957
3965.8875,0.022942
3966.1204,0.022899
3966.3534,0.022842
3966.5863,0.022793
3966.8193,0.022770
3967.0523,0.022781
3967.2852,0.022824
3967.5182,0.022888
3967.7511,0.022960
3967.9841,0.023034
3968.2170,0.023106
3968.4500,0.023176
3968.6830,0.023242
3968.9159,0.023296
3969.1489,0.023325
3969.3818,0.023316
3969.6148,0.023267
3969.8478,0.023184
3970.0807,0.023085
3970.3137,0.022991
3970.5466,0.022921
3970.7796,0.022881
3971.0125,0.022867
3971.2455,0.022866
3971.4785,0.022867
3971.7114,0.022863
3971.9444,0.022856
3972.1773,0.022851
3972.4103,0.022851
3972.6433,0.022858
3972.8762,0.022865
3973.1092,0.022866
3973.3421,0.022857
3973.5751,0.022840
3973.8081,0.022820
3974.0410,0.022805
3974.2740,0.022799
3974.5069,0.022801
3974.7399,0.022806
3974.9728,0.022809
3975.2058,0.022810
3975.4388,0.022816
3975.6717,0.022835
3975.9047,0.022874
3976.1376,0.022928
3976.3706,0.022985
3976.6036,0.023025
3976.8365,0.023031
3977.0695,0.022996
3977.3024,0.022928
3977.5354,0.022848
3977.7683,0.022777
3978.0013,0.022733
3978.2343,0.022721
3978.4672,0.022733
3978.7002,0.022756
3978.9331,0.022777
3979.1661,0.022788
3979.3991,0.022790
3979.6320,0.022787
3979.8650,0.022782
3980.0979,0.022775
3980.3309,0.022764
3980.5639,0.022747
3980.7968,0.022728
3981.0298,0.022717
3981.2627,0.022728
3981.4957,0.022769
3981.7286,0.022839
3981.9616,0.022923
3982.1946,0.022999
3982.4275,0.023043
3982.6605,0.023044
3982.8934,0.023002
3983.1264,0.022932
3983.3594,0.022856
3983.5923,0.022790
3983.8253,0.022743
3984.0582,0.022712
3984.2912,0.022692
3984.5241,0.022675
3984.7571,0.022664
3984.9901,0.022663
3985.2230,0.022681
3985.4560,0.022720
3985.6889,0.022775
3985.9219,0.022831
3986.1549,0.022874
3986.3878,0.022895
3986.6208,0.022891
3986.8537,0.022871
3987.0867,0.022848
3987.3197,0.022831
3987.5526,0.022821
3987.7856,0.022815
3988.0185,0.022806
3988.2515,0.022790
3988.4844,0.022769
3988.7174,0.022754
3988.9504,0.022754
3989.1833,0.022776
3989.4163,0.022820
3989.6492,0.022878
3989.8822,0.022941
3990.1152,0.023002
3990.3481,0.023059
3990.5811,0.023113
3990.8140,0.023164
3991.0470,0.023207
3991.2799,0.023232
3991.5129,0.023225
3991.7459,0.023181
3991.9788,0.023101
3992.2118,0.023003
3992.4447,0.022909
3992.6777,0.022842
3992.9107,0.022814
3993.1436,0.022825
3993.3766,0.022861
3993.6095,0.022903
3993.8425,0.022936
3994.0755,0.022951
3994.3084,0.022950
3994.5414,0.022938
3994.7743,0.022921
3995.0073,0.022899
3995.2402,0.022871
3995.4732,0.022836
3995.7062,0.022797
3995.9391,0.022764
3996.1721,0.022748
3996.4050,0.022755
3996.6380,0.022785
3996.8710,0.022826
3997.1039,0.022862
3997.3369,0.022878
3997.5698,0.022870
3997.8028,0.022842
3998.0357,0.022807
3998.2687,0.022776
3998.5017,0.022753
3998.7346,0.022735
3998.9676,0.022712
3999.2005,0.022679
3999.4335,0.022640
3999.6665,0.022611
3999.8994,0.022612
