Wavenumber,Intensity
649.9545,0.092751
650.1875,0.091922
650.4205,0.091130
650.6534,0.090436
650.8864,0.089794
651.1193,0.089086
651.3523,0.088206
651.5852,0.087139
651.8182,0.085980
652.0512,0.084885
652.2841,0.083983
652.5171,0.083308
652.7500,0.082778
652.9830,0.082254
653.2160,0.081621
653.4489,0.080866
653.6819,0.080095
653.9148,0.079483
654.1478,0.079180
654.3807,0.079243
654.6137,0.079606
654.8467,0.080119
655.0796,0.080628
655.3126,0.081057
655.5455,0.081438
655.7785,0.081885
656.0115,0.082506
656.2444,0.083336
656.4774,0.084295
656.7103,0.085217
656.9433,0.085925
657.1763,0.086312
657.4092,0.086389
657.6422,0.086266
657.8751,0.086084
658.1081,0.085947
658.3410,0.085883
658.5740,0.085857
658.8070,0.085816
659.0399,0.085739
659.2729,0.085658
659.5058,0.085636
659.7388,0.085725
659.9718,0.085919
660.2047,0.086149
660.4377,0.086316
660.6706,0.086343
660.9036,0.086229
661.1365,0.086047
661.3695,0.085912
661.6025,0.085919
661.8354,0.086094
662.0684,0.086381
662.3013,0.086677
662.5343,0.086888
662.7673,0.086978
663.0002,0.086984
663.2332,0.086985
663.4661,0.087042
663.6991,0.087159
663.9321,0.087271
664.1650,0.087275
664.3980,0.087087
664.6309,0.086684
664.8639,0.086118
665.0968,0.085486
665.3298,0.084881
665.5628,0.084363
665.7957,0.083953
666.0287,0.083666
666.2616,0.083545
666.4946,0.083702
666.7276,0.084312
666.9605,0.085585
667.1935,0.087679
667.4264,0.090549
667.6594,0.093772
667.8923,0.096538
668.1253,0.098037
668.3583,0.098018
668.5912,0.096894
668.8242,0.095300
669.0571,0.093684
669.2901,0.092205
669.5231,0.090817
669.7560,0.089400
669.9890,0.087868
670.2219,0.086237
670.4549,0.084625
670.6879,0.083201
670.9208,0.082102
671.1538,0.081367
671.3867,0.080926
671.6197,0.080632
671.8526,0.080339
672.0856,0.079961
672.3186,0.079512
672.5515,0.079078
672.7845,0.078757
673.0174,0.078599
673.2504,0.078578
673.4834,0.078609
673.7163,0.078595
673.9493,0.078485
674.1822,0.078294
674.4152,0.078096
674.6481,0.077966
674.8811,0.077943
675.1141,0.078000
675.3470,0.078064
675.5800,0.078058
675.8129,0.077950
676.0459,0.077771
676.2789,0.077598
676.5118,0.077504
676.7448,0.077511
676.9777,0.077575
677.2107,0.077597
677.4437,0.077479
677.6766,0.077167
677.9096,0.076688
678.1425,0.076131
678.3755,0.075604
678.6084,0.075184
678.8414,0.074893
679.0744,0.074696
679.3073,0.074536
679.5403,0.074369
679.7732,0.074190
680.0062,0.074025
680.2392,0.073909
680.4721,0.073847
680.7051,0.073809
680.9380,0.073732
681.1710,0.073552
681.4039,0.073236
681.6369,0.072800
681.8699,0.072301
682.1028,0.071808
682.3358,0.071369
682.5687,0.071005
682.8017,0.070708
683.0347,0.070463
683.2676,0.070265
683.5006,0.070126
683.7335,0.070059
683.9665,0.070057
684.1995,0.070084
684.4324,0.070075
684.6654,0.069960
684.8983,0.069702
685.1313,0.069318
685.3642,0.068879
685.5972,0.068482
685.8302,0.068206
686.0631,0.068079
686.2961,0.068071
686.5290,0.068107
686.7620,0.068112
686.9950,0.068041
687.2279,0.067902
687.4609,0.067743
687.6938,0.067622
687.9268,0.067572
688.1597,0.067585
688.3927,0.067618
688.6257,0.067616
688.8586,0.067543
689.0916,0.067400
689.3245,0.067219
689.5575,0.067047
689.7905,0.066918
690.0234,0.066841
690.2564,0.066804
690.4893,0.066787
690.7223,0.066780
690.9553,0.066788
691.1882,0.066823
691.4212,0.066892
691.6541,0.066979
691.8871,0.067049
692.1200,0.067056
692.3530,0.066968
692.5860,0.066781
692.8189,0.066528
693.0519,0.066257
693.2848,0.066014
693.5178,0.065822
693.7508,0.065678
693.9837,0.065559
694.2167,0.065443
694.4496,0.065326
694.6826,0.065218
694.9155,0.065139
695.1485,0.065102
695.3815,0.065101
695.6144,0.065113
695.8474,0.065113
696.0803,0.065089
696.3133,0.065050
696.5463,0.065017
696.7792,0.065013
697.0122,0.065036
697.2451,0.065061
697.4781,0.065044
697.7111,0.064955
697.9440,0.064798
698.1770,0.064620
698.4099,0.064498
698.6429,0.064500
698.8758,0.064647
699.1088,0.064898
699.3418,0.065154
699.5747,0.065301
699.8077,0.065255
700.0406,0.065000
700.2736,0.064600
700.5066,0.064171
700.7395,0.063832
700.9725,0.063661
701.2054,0.063674
701.4384,0.063830
701.6713,0.064056
701.9043,0.064288
702.1373,0.064491
702.3702,0.064663
702.6032,0.064820
702.8361,0.064975
703.0691,0.065119
703.3021,0.065230
703.5350,0.065280
703.7680,0.065264
704.0009,0.065198
704.2339,0.065124
704.4669,0.065081
704.6998,0.065094
704.9328,0.065159
705.1657,0.065246
705.3987,0.065321
705.6316,0.065358
705.8646,0.065356
706.0976,0.065333
706.3305,0.065317
706.5635,0.065333
706.7964,0.065396
707.0294,0.065510
707.2624,0.065680
707.4953,0.065915
707.7283,0.066224
707.9612,0.066611
708.1942,0.067063
708.4271,0.067544
708.6601,0.068000
708.8931,0.068377
709.1260,0.068637
709.3590,0.068775
709.5919,0.068815
709.8249,0.068798
710.0579,0.068757
710.2908,0.068706
710.5238,0.068641
710.7567,0.068549
710.9897,0.068423
711.2227,0.068279
711.4556,0.068143
711.6886,0.068044
711.9215,0.067992
712.1545,0.067972
712.3874,0.067953
712.6204,0.067905
712.8534,0.067818
713.0863,0.067715
713.3193,0.067642
713.5522,0.067646
713.7852,0.067749
714.0182,0.067941
714.2511,0.068180
714.4841,0.068419
714.7170,0.068635
714.9500,0.068838
715.1829,0.069068
715.4159,0.069369
715.6489,0.069763
715.8818,0.070226
716.1148,0.070696
716.3477,0.071103
716.5807,0.071396
716.8137,0.071575
717.0466,0.071691
717.2796,0.071817
717.5125,0.072012
717.7455,0.072292
717.9785,0.072618
718.2114,0.072924
718.4444,0.073142
718.6773,0.073243
718.9103,0.073247
719.1432,0.073210
719.3762,0.073195
719.6092,0.073237
719.8421,0.073334
720.0751,0.073449
720.3080,0.073544
720.5410,0.073600
720.7740,0.073635
721.0069,0.073693
721.2399,0.073817
721.4728,0.074028
721.7058,0.074306
721.9387,0.074603
722.1717,0.074864
722.4047,0.075054
722.6376,0.075171
722.8706,0.075245
723.1035,0.075317
723.3365,0.075419
723.5695,0.075561
723.8024,0.075736
724.0354,0.075928
724.2683,0.076137
724.5013,0.076376
724.7343,0.076666
724.9672,0.077021
725.2002,0.077428
725.4331,0.077849
725.6661,0.078232
725.8990,0.078536
726.1320,0.078755
726.3650,0.078926
726.5979,0.079116
726.8309,0.079394
727.0638,0.079809
727.2968,0.080372
727.5298,0.081061
727.7627,0.081840
727.9957,0.082678
728.2286,0.083567
728.4616,0.084515
728.6945,0.085533
728.9275,0.086614
729.1605,0.087726
729.3934,0.088813
729.6264,0.089809
729.8593,0.090662
730.0923,0.091341
730.3253,0.091832
730.5582,0.092127
730.7912,0.092209
731.0241,0.092053
731.2571,0.091638
731.4901,0.090968
731.7230,0.090086
731.9560,0.089066
732.1889,0.087999
732.4219,0.086958
732.6548,0.085981
732.8878,0.085061
733.1208,0.084170
733.3537,0.083272
733.5867,0.082353
733.8196,0.081427
734.0526,0.080523
734.2856,0.079672
734.5185,0.078889
734.7515,0.078167
734.9844,0.077487
735.2174,0.076833
735.4503,0.076206
735.6833,0.075622
735.9163,0.075106
736.1492,0.074670
736.3822,0.074300
736.6151,0.073963
736.8481,0.073611
737.0811,0.073210
737.3140,0.072753
737.5470,0.072271
737.7799,0.071814
738.0129,0.071436
738.2459,0.071172
738.4788,0.071028
738.7118,0.070983
738.9447,0.071005
739.1777,0.071061
739.4106,0.071135
739.6436,0.071220
739.8766,0.071317
740.1095,0.071425
740.3425,0.071536
740.5754,0.071639
740.8084,0.071731
741.0414,0.071823
741.2743,0.071935
741.5073,0.072089
741.7402,0.072298
741.9732,0.072553
742.2061,0.072829
742.4391,0.073099
742.6721,0.073347
742.9050,0.073581
743.1380,0.073837
743.3709,0.074161
743.6039,0.074592
743.8369,0.075144
744.0698,0.075802
744.3028,0.076532
744.5357,0.077294
744.7687,0.078064
745.0017,0.078839
745.2346,0.079634
745.4676,0.080464
745.7005,0.081332
745.9335,0.082221
746.1664,0.083099
746.3994,0.083933
746.6324,0.084700
746.8653,0.085392
747.0983,0.086011
747.3312,0.086551
747.5642,0.086985
747.7972,0.087270
748.0301,0.087357
748.2631,0.087216
748.4960,0.086855
748.7290,0.086326
748.9619,0.085717
749.1949,0.085123
749.4279,0.084623
749.6608,0.084267
749.8938,0.084069
750.1267,0.084017
750.3597,0.084088
750.5927,0.084249
750.8256,0.084467
751.0586,0.084705
751.2915,0.084913
751.5245,0.085038
751.7575,0.085029
751.9904,0.084849
752.2234,0.084487
752.4563,0.083957
752.6893,0.083287
752.9222,0.082516
753.1552,0.081677
753.3882,0.080801
753.6211,0.079922
753.8541,0.079076
754.0870,0.078307
754.3200,0.077649
754.5530,0.077120
754.7859,0.076710
755.0189,0.076384
755.2518,0.076094
755.4848,0.075798
755.7177,0.075479
755.9507,0.075151
756.1837,0.074853
756.4166,0.074625
756.6496,0.074491
756.8825,0.074444
757.1155,0.074455
757.3485,0.074482
757.5814,0.074496
757.8144,0.074490
758.0473,0.074482
758.2803,0.074500
758.5132,0.074566
758.7462,0.074682
758.9792,0.074827
759.2121,0.074974
759.4451,0.075098
759.6780,0.075196
759.9110,0.075285
760.1440,0.075392
760.3769,0.075539
760.6099,0.075731
760.8428,0.075956
761.0758,0.076193
761.3088,0.076429
761.5417,0.076664
761.7747,0.076915
762.0076,0.077203
762.2406,0.077537
762.4735,0.077909
762.7065,0.078288
762.9395,0.078642
763.1724,0.078950
763.4054,0.079219
763.6383,0.079479
763.8713,0.079770
764.1043,0.080124
764.3372,0.080549
764.5702,0.081025
764.8031,0.081517
765.0361,0.081993
765.2690,0.082440
765.5020,0.082867
765.7350,0.083298
765.9679,0.083753
766.2009,0.084234
766.4338,0.084722
766.6668,0.085185
766.8998,0.085593
767.1327,0.085940
767.3657,0.086240
767.5986,0.086522
767.8316,0.086814
768.0646,0.087121
768.2975,0.087429
768.5305,0.087705
768.7634,0.087916
768.9964,0.088046
769.2293,0.088101
769.4623,0.088103
769.6953,0.088074
769.9282,0.088024
770.1612,0.087945
770.3941,0.087819
770.6271,0.087630
770.8601,0.087381
771.0930,0.087093
771.3260,0.086800
771.5589,0.086536
771.7919,0.086323
772.0248,0.086166
772.2578,0.086054
772.4908,0.085973
772.7237,0.085911
772.9567,0.085866
773.1896,0.085837
773.4226,0.085821
773.6556,0.085809
773.8885,0.085787
774.1215,0.085748
774.3544,0.085699
774.5874,0.085664
774.8204,0.085676
775.0533,0.085761
775.2863,0.085924
775.5192,0.086142
775.7522,0.086371
775.9851,0.086559
776.2181,0.086674
776.4511,0.086713
776.6840,0.086704
776.9170,0.086692
777.1499,0.086719
777.3829,0.086803
777.6159,0.086940
777.8488,0.087110
778.0818,0.087287
778.3147,0.087461
778.5477,0.087636
778.7806,0.087822
779.0136,0.088029
779.2466,0.088249
779.4795,0.088464
779.7125,0.088651
779.9454,0.088801
780.1784,0.088927
780.4114,0.089065
780.6443,0.089261
780.8773,0.089553
781.1102,0.089958
781.3432,0.090463
781.5762,0.091040
781.8091,0.091655
782.0421,0.092283
782.2750,0.092915
782.5080,0.093555
782.7409,0.094202
782.9739,0.094850
783.2069,0.095481
783.4398,0.096072
783.6728,0.096612
783.9057,0.097101
784.1387,0.097557
784.3717,0.097997
784.6046,0.098425
784.8376,0.098825
785.0705,0.099162
785.3035,0.099403
785.5364,0.099529
785.7694,0.099556
786.0024,0.099526
786.2353,0.099494
786.4683,0.099507
786.7012,0.099582
786.9342,0.099711
787.1672,0.099865
787.4001,0.100022
787.6331,0.100175
787.8660,0.100341
788.0990,0.100551
788.3320,0.100832
788.5649,0.101193
788.7979,0.101618
789.0308,0.102084
789.2638,0.102568
789.4967,0.103065
789.7297,0.103592
789.9627,0.104174
790.1956,0.104829
790.4286,0.105555
790.6615,0.106323
790.8945,0.107093
791.1275,0.107832
791.3604,0.108527
791.5934,0.109193
791.8263,0.109859
792.0593,0.110551
792.2922,0.111270
792.5252,0.111993
792.7582,0.112676
792.9911,0.113274
793.2241,0.113762
793.4570,0.114141
793.6900,0.114435
793.9230,0.114670
794.1559,0.114862
794.3889,0.115010
794.6218,0.115100
794.8548,0.115117
795.0878,0.115060
795.3207,0.114942
795.5537,0.114792
795.7866,0.114633
796.0196,0.114481
796.2525,0.114338
796.4855,0.114206
796.7185,0.114096
796.9514,0.114035
797.1844,0.114066
797.4173,0.114233
797.6503,0.114562
797.8833,0.115051
798.1162,0.115671
798.3492,0.116379
798.5821,0.117137
798.8151,0.117932
799.0480,0.118774
799.2810,0.119693
799.5140,0.120714
799.7469,0.121849
799.9799,0.123089
800.2128,0.124412
800.4458,0.125801
800.6788,0.127259
800.9117,0.128807
801.1447,0.130476
801.3776,0.132282
801.6106,0.134212
801.8436,0.136216
802.0765,0.138214
802.3095,0.140116
802.5424,0.141841
802.7754,0.143325
803.0083,0.144512
803.2413,0.145341
803.4743,0.145731
803.7072,0.145584
803.9402,0.144809
804.1731,0.143345
804.4061,0.141193
804.6391,0.138415
804.8720,0.135124
805.1050,0.131452
805.3379,0.127527
805.5709,0.123464
805.8038,0.119364
806.0368,0.115323
806.2698,0.111439
806.5027,0.107801
806.7357,0.104482
806.9686,0.101522
807.2016,0.098929
807.4346,0.096679
807.6675,0.094736
807.9005,0.093066
808.1334,0.091647
808.3664,0.090469
808.5994,0.089529
808.8323,0.088819
809.0653,0.088316
809.2982,0.087986
809.5312,0.087788
809.7641,0.087685
809.9971,0.087652
810.2301,0.087680
810.4630,0.087765
810.6960,0.087905
810.9289,0.088089
811.1619,0.088303
811.3949,0.088533
811.6278,0.088773
811.8608,0.089032
812.0937,0.089329
812.3267,0.089681
812.5596,0.090097
812.7926,0.090566
813.0256,0.091062
813.2585,0.091554
813.4915,0.092019
813.7244,0.092453
813.9574,0.092870
814.1904,0.093293
814.4233,0.093744
814.6563,0.094231
814.8892,0.094750
815.1222,0.095289
815.3552,0.095840
815.5881,0.096409
815.8211,0.097016
816.0540,0.097685
816.2870,0.098435
816.5199,0.099270
816.7529,0.100177
816.9859,0.101139
817.2188,0.102143
817.4518,0.103190
817.6847,0.104297
817.9177,0.105486
818.1507,0.106773
818.3836,0.108157
818.6166,0.109618
818.8495,0.111126
819.0825,0.112655
819.3154,0.114191
819.5484,0.115737
819.7814,0.117305
820.0143,0.118906
820.2473,0.120540
820.4802,0.122195
820.7132,0.123856
820.9462,0.125518
821.1791,0.127193
821.4121,0.128908
821.6450,0.130690
821.8780,0.132549
822.1110,0.134471
822.3439,0.136413
822.5769,0.138325
822.8098,0.140169
823.0428,0.141936
823.2757,0.143652
823.5087,0.145359
823.7417,0.147099
823.9746,0.148888
824.2076,0.150712
824.4405,0.152530
824.6735,0.154297
824.9065,0.155978
825.1394,0.157559
825.3724,0.159036
825.6053,0.160402
825.8383,0.161636
826.0712,0.162695
826.3042,0.163532
826.5372,0.164113
826.7701,0.164433
827.0031,0.164514
827.2360,0.164399
827.4690,0.164123
827.7020,0.163703
827.9349,0.163133
828.1679,0.162402
828.4008,0.161508
828.6338,0.160477
828.8668,0.159362
829.0997,0.158225
829.3327,0.157117
829.5656,0.156062
829.7986,0.155054
830.0315,0.154072
830.2645,0.153095
830.4975,0.152123
830.7304,0.151173
830.9634,0.150270
831.1963,0.149431
831.4293,0.148656
831.6623,0.147923
831.8952,0.147206
832.1282,0.146489
832.3611,0.145779
832.5941,0.145107
832.8270,0.144511
833.0600,0.144024
833.2930,0.143654
833.5259,0.143389
833.7589,0.143204
833.9918,0.143081
834.2248,0.143019
834.4578,0.143034
834.6907,0.143150
834.9237,0.143376
835.1566,0.143703
835.3896,0.144094
835.6226,0.144504
835.8555,0.144894
836.0885,0.145245
836.3214,0.145562
836.5544,0.145862
836.7873,0.146154
837.0203,0.146433
837.2533,0.146670
837.4862,0.146830
837.7192,0.146889
837.9521,0.146846
838.1851,0.146728
838.4181,0.146580
838.6510,0.146445
838.8840,0.146355
839.1169,0.146323
839.3499,0.146351
839.5828,0.146446
839.8158,0.146621
840.0488,0.146901
840.2817,0.147305
840.5147,0.147837
840.7476,0.148472
840.9806,0.149162
841.2136,0.149850
841.4465,0.150492
841.6795,0.151066
841.9124,0.151577
842.1454,0.152045
842.3784,0.152482
842.6113,0.152882
842.8443,0.153216
843.0772,0.153454
843.3102,0.153574
843.5431,0.153585
843.7761,0.153526
844.0091,0.153451
844.2420,0.153410
844.4750,0.153434
844.7079,0.153529
844.9409,0.153690
845.1739,0.153910
845.4068,0.154199
845.6398,0.154579
845.8727,0.155079
846.1057,0.155714
846.3386,0.156476
846.5716,0.157331
846.8046,0.158235
847.0375,0.159150
847.2705,0.160060
847.5034,0.160971
847.7364,0.161902
847.9694,0.162863
848.2023,0.163841
848.4353,0.164795
848.6682,0.165675
848.9012,0.166434
849.1342,0.167050
849.3671,0.167530
849.6001,0.167898
849.8330,0.168177
850.0660,0.168373
850.2989,0.168475
850.5319,0.168463
850.7649,0.168331
850.9978,0.168095
851.2308,0.167799
851.4637,0.167497
851.6967,0.167234
851.9297,0.167030
852.1626,0.166873
852.3956,0.166734
852.6285,0.166580
852.8615,0.166395
853.0944,0.166183
853.3274,0.165958
853.5604,0.165728
853.7933,0.165484
854.0263,0.165194
854.2592,0.164815
854.4922,0.164313
854.7252,0.163677
854.9581,0.162920
855.1911,0.162077
855.4240,0.161182
855.6570,0.160262
855.8900,0.159330
856.1229,0.158391
856.3559,0.157459
856.5888,0.156561
856.8218,0.155740
857.0547,0.155040
857.2877,0.154495
857.5207,0.154120
857.7536,0.153904
857.9866,0.153823
858.2195,0.153853
858.4525,0.153977
858.6855,0.154190
858.9184,0.154486
859.1514,0.154852
859.3843,0.155252
859.6173,0.155633
859.8502,0.155934
860.0832,0.156095
860.3162,0.156075
860.5491,0.155847
860.7821,0.155393
861.0150,0.154690
861.2480,0.153709
861.4810,0.152417
861.7139,0.150789
861.9469,0.148826
862.1798,0.146565
862.4128,0.144068
862.6458,0.141410
862.8787,0.138664
863.1117,0.135883
863.3446,0.133110
863.5776,0.130380
863.8105,0.127733
864.0435,0.125221
864.2765,0.122899
864.5094,0.120815
864.7424,0.118997
864.9753,0.117451
865.2083,0.116164
865.4413,0.115113
865.6742,0.114285
865.9072,0.113676
866.1401,0.113294
866.3731,0.113148
866.6060,0.113230
866.8390,0.113515
867.0720,0.113955
867.3049,0.114495
867.5379,0.115081
867.7708,0.115673
868.0038,0.116245
868.2368,0.116775
868.4697,0.117240
868.7027,0.117602
868.9356,0.117815
869.1686,0.117832
869.4016,0.117625
869.6345,0.117189
869.8675,0.116552
870.1004,0.115760
870.3334,0.114864
870.5663,0.113910
870.7993,0.112934
871.0323,0.111967
871.2652,0.111039
871.4982,0.110187
871.7311,0.109450
871.9641,0.108864
872.1971,0.108452
872.4300,0.108216
872.6630,0.108145
872.8959,0.108219
873.1289,0.108419
873.3618,0.108738
873.5948,0.109176
873.8278,0.109742
874.0607,0.110435
874.2937,0.111251
874.5266,0.112174
874.7596,0.113192
874.9926,0.114296
875.2255,0.115494
875.4585,0.116804
875.6914,0.118245
875.9244,0.119833
876.1574,0.121568
876.3903,0.123444
876.6233,0.125450
876.8562,0.127585
877.0892,0.129865
877.3221,0.132317
877.5551,0.134972
877.7881,0.137852
878.0210,0.140961
878.2540,0.144292
878.4869,0.147832
878.7199,0.151582
878.9529,0.155559
879.1858,0.159802
879.4188,0.164350
879.6517,0.169227
879.8847,0.174419
880.1176,0.179877
880.3506,0.185519
880.5836,0.191251
880.8165,0.196984
881.0495,0.202634
881.2824,0.208116
881.5154,0.213320
881.7484,0.218099
881.9813,0.222268
882.2143,0.225625
882.4472,0.227985
882.6802,0.229213
882.9132,0.229240
883.1461,0.228059
883.3791,0.225706
883.6120,0.222248
883.8450,0.217776
884.0779,0.212421
884.3109,0.206367
884.5439,0.199843
884.7768,0.193113
885.0098,0.186433
885.2427,0.180025
885.4757,0.174055
885.7087,0.168629
885.9416,0.163812
886.1746,0.159643
886.4075,0.156149
886.6405,0.153349
886.8734,0.151246
887.1064,0.149816
887.3394,0.149002
887.5723,0.148717
887.8053,0.148856
888.0382,0.149310
888.2712,0.149985
888.5042,0.150803
888.7371,0.151693
888.9701,0.152586
889.2030,0.153400
889.4360,0.154048
889.6690,0.154449
889.9019,0.154551
890.1349,0.154346
890.3678,0.153876
890.6008,0.153219
890.8337,0.152471
891.0667,0.151725
891.2997,0.151059
891.5326,0.150532
891.7656,0.150194
891.9985,0.150090
892.2315,0.150264
892.4645,0.150750
892.6974,0.151566
892.9304,0.152706
893.1633,0.154140
893.3963,0.155818
893.6292,0.157686
893.8622,0.159692
894.0952,0.161789
894.3281,0.163924
894.5611,0.166033
894.7940,0.168023
895.0270,0.169780
895.2600,0.171183
895.4929,0.172120
895.7259,0.172509
895.9588,0.172306
896.1918,0.171500
896.4247,0.170099
896.6577,0.168124
896.8907,0.165599
897.1236,0.162566
897.3566,0.159088
897.5895,0.155257
897.8225,0.151188
898.0555,0.146999
898.2884,0.142796
898.5214,0.138658
898.7543,0.134634
898.9873,0.130756
899.2203,0.127044
899.4532,0.123522
899.6862,0.120213
899.9191,0.117135
900.1521,0.114294
900.3850,0.111676
900.6180,0.109250
900.8510,0.106977
901.0839,0.104822
901.3169,0.102763
901.5498,0.100792
901.7828,0.098914
902.0158,0.097129
902.2487,0.095435
902.4817,0.093813
902.7146,0.092241
902.9476,0.090695
903.1805,0.089159
903.4135,0.087628
903.6465,0.086106
903.8794,0.084603
904.1124,0.083129
904.3453,0.081689
904.5783,0.080289
904.8113,0.078938
905.0442,0.077647
905.2772,0.076436
905.5101,0.075320
905.7431,0.074311
905.9761,0.073412
906.2090,0.072616
906.4420,0.071909
906.6749,0.071276
906.9079,0.070710
907.1408,0.070206
907.3738,0.069770
907.6068,0.069405
907.8397,0.069116
908.0727,0.068904
908.3056,0.068771
908.5386,0.068718
908.7716,0.068749
909.0045,0.068868
909.2375,0.069079
909.4704,0.069377
909.7034,0.069751
909.9363,0.070182
910.1693,0.070647
910.4023,0.071133
910.6352,0.071633
910.8682,0.072152
911.1011,0.072698
911.3341,0.073278
911.5671,0.073890
911.8000,0.074518
912.0330,0.075136
912.2659,0.075714
912.4989,0.076223
912.7319,0.076644
912.9648,0.076963
913.1978,0.077173
913.4307,0.077272
913.6637,0.077258
913.8966,0.077131
914.1296,0.076900
914.3626,0.076579
914.5955,0.076188
914.8285,0.075749
915.0614,0.075280
915.2944,0.074789
915.5274,0.074279
915.7603,0.073744
915.9933,0.073180
916.2262,0.072589
916.4592,0.071981
916.6921,0.071368
916.9251,0.070766
917.1581,0.070184
917.3910,0.069628
917.6240,0.069099
917.8569,0.068595
918.0899,0.068114
918.3229,0.067655
918.5558,0.067219
918.7888,0.066801
919.0217,0.066397
919.2547,0.065999
919.4877,0.065601
919.7206,0.065202
919.9536,0.064806
920.1865,0.064424
920.4195,0.064067
920.6524,0.063745
920.8854,0.063463
921.1184,0.063222
921.3513,0.063019
921.5843,0.062854
921.8172,0.062726
922.0502,0.062640
922.2832,0.062596
922.5161,0.062590
922.7491,0.062612
922.9820,0.062647
923.2150,0.062679
923.4479,0.062695
923.6809,0.062691
923.9139,0.062670
924.1468,0.062639
924.3798,0.062605
924.6127,0.062573
924.8457,0.062541
925.0787,0.062504
925.3116,0.062457
925.5446,0.062399
925.7775,0.062332
926.0105,0.062263
926.2435,0.062195
926.4764,0.062130
926.7094,0.062064
926.9423,0.061992
927.1753,0.061906
927.4082,0.061803
927.6412,0.061681
927.8742,0.061539
928.1071,0.061377
928.3401,0.061193
928.5730,0.060985
928.8060,0.060752
929.0390,0.060500
929.2719,0.060238
929.5049,0.059979
929.7378,0.059733
929.9708,0.059507
930.2037,0.059301
930.4367,0.059107
930.6697,0.058919
930.9026,0.058730
931.1356,0.058541
931.3685,0.058356
931.6015,0.058184
931.8345,0.058033
932.0674,0.057907
932.3004,0.057806
932.5333,0.057725
932.7663,0.057665
932.9993,0.057624
933.2322,0.057608
933.4652,0.057619
933.6981,0.057659
933.9311,0.057728
934.1640,0.057818
934.3970,0.057924
934.6300,0.058040
934.8629,0.058168
935.0959,0.058312
935.3288,0.058479
935.5618,0.058674
935.7948,0.058897
936.0277,0.059142
936.2607,0.059401
936.4936,0.059667
936.7266,0.059932
936.9595,0.060197
937.1925,0.060464
937.4255,0.060737
937.6584,0.061018
937.8914,0.061305
938.1243,0.061597
938.3573,0.061891
938.5903,0.062185
938.8232,0.062477
939.0562,0.062767
939.2891,0.063052
939.5221,0.063328
939.7551,0.063590
939.9880,0.063834
940.2210,0.064060
940.4539,0.064270
940.6869,0.064471
940.9198,0.064667
941.1528,0.064858
941.3858,0.065043
941.6187,0.065218
941.8517,0.065377
942.0846,0.065523
942.3176,0.065660
942.5506,0.065797
942.7835,0.065943
943.0165,0.066101
943.2494,0.066270
943.4824,0.066441
943.7153,0.066609
943.9483,0.066767
944.1813,0.066920
944.4142,0.067073
944.6472,0.067237
944.8801,0.067417
945.1131,0.067613
945.3461,0.067819
945.5790,0.068023
945.8120,0.068217
946.0449,0.068392
946.2779,0.068550
946.5109,0.068693
946.7438,0.068825
946.9768,0.068953
947.2097,0.069080
947.4427,0.069212
947.6756,0.069355
947.9086,0.069514
948.1416,0.069696
948.3745,0.069901
948.6075,0.070126
948.8404,0.070360
949.0734,0.070594
949.3064,0.070819
949.5393,0.071034
949.7723,0.071245
950.0052,0.071464
950.2382,0.071702
950.4711,0.071965
950.7041,0.072251
950.9371,0.072554
951.1700,0.072869
951.4030,0.073193
951.6359,0.073532
951.8689,0.073897
952.1019,0.074297
952.3348,0.074738
952.5678,0.075218
952.8007,0.075727
953.0337,0.076258
953.2667,0.076806
953.4996,0.077377
953.7326,0.077984
953.9655,0.078645
954.1985,0.079374
954.4314,0.080176
954.6644,0.081047
954.8974,0.081979
955.1303,0.082959
955.3633,0.083983
955.5962,0.085046
955.8292,0.086150
956.0622,0.087295
956.2951,0.088475
956.5281,0.089681
956.7610,0.090900
956.9940,0.092120
957.2269,0.093336
957.4599,0.094543
957.6929,0.095735
957.9258,0.096904
958.1588,0.098030
958.3917,0.099088
958.6247,0.100051
958.8577,0.100899
959.0906,0.101619
959.3236,0.102209
959.5565,0.102666
959.7895,0.102988
960.0225,0.103159
960.2554,0.103162
960.4884,0.102974
960.7213,0.102585
960.9543,0.101997
961.1872,0.101227
961.4202,0.100302
961.6532,0.099252
961.8861,0.098100
962.1191,0.096865
962.3520,0.095561
962.5850,0.094201
962.8180,0.092808
963.0509,0.091406
963.2839,0.090027
963.5168,0.088697
963.7498,0.087438
963.9827,0.086262
964.2157,0.085174
964.4487,0.084176
964.6816,0.083266
964.9146,0.082444
965.1475,0.081705
965.3805,0.081041
965.6135,0.080439
965.8464,0.079881
966.0794,0.079351
966.3123,0.078835
966.5453,0.078329
966.7783,0.077829
967.0112,0.077337
967.2442,0.076852
967.4771,0.076374
967.7101,0.075897
967.9430,0.075422
968.1760,0.074951
968.4090,0.074496
968.6419,0.074070
968.8749,0.073684
969.1078,0.073343
969.3408,0.073045
969.5738,0.072779
969.8067,0.072532
970.0397,0.072299
970.2726,0.072077
970.5056,0.071875
970.7385,0.071703
970.9715,0.071568
971.2045,0.071472
971.4374,0.071412
971.6704,0.071382
971.9033,0.071378
972.1363,0.071402
972.3693,0.071464
972.6022,0.071575
972.8352,0.071740
973.0681,0.071961
973.3011,0.072227
973.5341,0.072526
973.7670,0.072844
974.0000,0.073171
974.2329,0.073506
974.4659,0.073854
974.6988,0.074218
974.9318,0.074602
975.1648,0.075003
975.3977,0.075414
975.6307,0.075827
975.8636,0.076237
976.0966,0.076640
976.3296,0.077036
976.5625,0.077426
976.7955,0.077806
977.0284,0.078174
977.2614,0.078526
977.4943,0.078865
977.7273,0.079196
977.9603,0.079532
978.1932,0.079887
978.4262,0.080274
978.6591,0.080698
978.8921,0.081161
979.1251,0.081661
979.3580,0.082198
979.5910,0.082776
979.8239,0.083403
980.0569,0.084089
980.2899,0.084840
980.5228,0.085654
980.7558,0.086521
980.9887,0.087425
981.2217,0.088348
981.4546,0.089275
981.6876,0.090195
981.9206,0.091096
982.1535,0.091963
982.3865,0.092778
982.6194,0.093516
982.8524,0.094153
983.0854,0.094671
983.3183,0.095062
983.5513,0.095332
983.7842,0.095492
984.0172,0.095558
984.2501,0.095540
984.4831,0.095444
984.7161,0.095274
984.9490,0.095030
985.1820,0.094719
985.4149,0.094353
985.6479,0.093948
985.8809,0.093520
986.1138,0.093081
986.3468,0.092640
986.5797,0.092199
986.8127,0.091761
987.0457,0.091330
987.2786,0.090909
987.5116,0.090498
987.7445,0.090096
987.9775,0.089696
988.2104,0.089289
988.4434,0.088869
988.6764,0.088438
988.9093,0.088007
989.1423,0.087592
989.3752,0.087215
989.6082,0.086893
989.8412,0.086635
990.0741,0.086446
990.3071,0.086324
990.5400,0.086268
990.7730,0.086281
991.0059,0.086371
991.2389,0.086546
991.4719,0.086811
991.7048,0.087164
991.9378,0.087597
992.1707,0.088099
992.4037,0.088661
992.6367,0.089280
992.8696,0.089964
993.1026,0.090723
993.3355,0.091571
993.5685,0.092514
993.8015,0.093552
994.0344,0.094680
994.2674,0.095889
994.5003,0.097172
994.7333,0.098529
994.9662,0.099962
995.1992,0.101479
995.4322,0.103083
995.6651,0.104775
995.8981,0.106553
996.1310,0.108411
996.3640,0.110341
996.5970,0.112336
996.8299,0.114381
997.0629,0.116457
997.2958,0.118534
997.5288,0.120574
997.7617,0.122538
997.9947,0.124388
998.2277,0.126097
998.4606,0.127647
998.6936,0.129028
998.9265,0.130235
999.1595,0.131260
999.3925,0.132096
999.6254,0.132738
999.8584,0.133189
1000.0913,0.133462
1000.3243,0.133581
1000.5573,0.133574
1000.7902,0.133468
1001.0232,0.133282
1001.2561,0.133023
1001.4891,0.132695
1001.7220,0.132297
1001.9550,0.131829
1002.1880,0.131296
1002.4209,0.130701
1002.6539,0.130045
1002.8868,0.129323
1003.1198,0.128527
1003.3528,0.127652
1003.5857,0.126696
1003.8187,0.125672
1004.0516,0.124599
1004.2846,0.123506
1004.5175,0.122417
1004.7505,0.121357
1004.9835,0.120344
1005.2164,0.119394
1005.4494,0.118525
1005.6823,0.117756
1005.9153,0.117109
1006.1483,0.116599
1006.3812,0.116232
1006.6142,0.116004
1006.8471,0.115898
1007.0801,0.115889
1007.3131,0.115955
1007.5460,0.116077
1007.7790,0.116243
1008.0119,0.116449
1008.2449,0.116692
1008.4778,0.116972
1008.7108,0.117285
1008.9438,0.117632
1009.1767,0.118018
1009.4097,0.118454
1009.6426,0.118958
1009.8756,0.119551
1010.1086,0.120248
1010.3415,0.121063
1010.5745,0.122002
1010.8074,0.123068
1011.0404,0.124266
1011.2733,0.125598
1011.5063,0.127070
1011.7393,0.128682
1011.9722,0.130428
1012.2052,0.132291
1012.4381,0.134250
1012.6711,0.136278
1012.9041,0.138357
1013.1370,0.140478
1013.3700,0.142636
1013.6029,0.144835
1013.8359,0.147073
1014.0689,0.149345
1014.3018,0.151636
1014.5348,0.153937
1014.7677,0.156239
1015.0007,0.158550
1015.2336,0.160883
1015.4666,0.163251
1015.6996,0.165664
1015.9325,0.168109
1016.1655,0.170561
1016.3984,0.172977
1016.6314,0.175312
1016.8644,0.177523
1017.0973,0.179568
1017.3303,0.181409
1017.5632,0.182998
1017.7962,0.184281
1018.0291,0.185194
1018.2621,0.185677
1018.4951,0.185687
1018.7280,0.185203
1018.9610,0.184235
1019.1939,0.182812
1019.4269,0.180979
1019.6599,0.178784
1019.8928,0.176278
1020.1258,0.173516
1020.3587,0.170559
1020.5917,0.167477
1020.8247,0.164343
1021.0576,0.161227
1021.2906,0.158187
1021.5235,0.155265
1021.7565,0.152488
1021.9894,0.149877
1022.2224,0.147452
1022.4554,0.145235
1022.6883,0.143255
1022.9213,0.141535
1023.1542,0.140093
1023.3872,0.138934
1023.6202,0.138051
1023.8531,0.137429
1024.0861,0.137053
1024.3190,0.136913
1024.5520,0.137002
1024.7849,0.137320
1025.0179,0.137863
1025.2509,0.138623
1025.4838,0.139586
1025.7168,0.140735
1025.9497,0.142053
1026.1827,0.143533
1026.4157,0.145170
1026.6486,0.146964
1026.8816,0.148908
1027.1145,0.150987
1027.3475,0.153175
1027.5804,0.155441
1027.8134,0.157749
1028.0464,0.160072
1028.2793,0.162390
1028.5123,0.164687
1028.7452,0.166948
1028.9782,0.169148
1029.2112,0.171256
1029.4441,0.173231
1029.6771,0.175035
1029.9100,0.176631
1030.1430,0.177992
1030.3760,0.179098
1030.6089,0.179928
1030.8419,0.180459
1031.0748,0.180666
1031.3078,0.180525
1031.5407,0.180019
1031.7737,0.179141
1032.0067,0.177897
1032.2396,0.176301
1032.4726,0.174368
1032.7055,0.172114
1032.9385,0.169559
1033.1715,0.166728
1033.4044,0.163660
1033.6374,0.160406
1033.8703,0.157027
1034.1033,0.153581
1034.3362,0.150123
1034.5692,0.146691
1034.8022,0.143312
1035.0351,0.140008
1035.2681,0.136794
1035.5010,0.133686
1035.7340,0.130702
1035.9670,0.127852
1036.1999,0.125143
1036.4329,0.122574
1036.6658,0.120140
1036.8988,0.117837
1037.1318,0.115665
1037.3647,0.113628
1037.5977,0.111731
1037.8306,0.109978
1038.0636,0.108365
1038.2965,0.106881
1038.5295,0.105512
1038.7625,0.104241
1038.9954,0.103057
1039.2284,0.101958
1039.4613,0.100945
1039.6943,0.100019
1039.9273,0.099181
1040.1602,0.098425
1040.3932,0.097742
1040.6261,0.097122
1040.8591,0.096560
1041.0920,0.096056
1041.3250,0.095615
1041.5580,0.095243
1041.7909,0.094946
1042.0239,0.094726
1042.2568,0.094584
1042.4898,0.094521
1042.7228,0.094545
1042.9557,0.094668
1043.1887,0.094906
1043.4216,0.095274
1043.6546,0.095782
1043.8876,0.096431
1044.1205,0.097218
1044.3535,0.098139
1044.5864,0.099190
1044.8194,0.100373
1045.0523,0.101695
1045.2853,0.103166
1045.5183,0.104788
1045.7512,0.106560
1045.9842,0.108472
1046.2171,0.110506
1046.4501,0.112646
1046.6831,0.114872
1046.9160,0.117166
1047.1490,0.119508
1047.3819,0.121872
1047.6149,0.124223
1047.8478,0.126521
1048.0808,0.128724
1048.3138,0.130795
1048.5467,0.132707
1048.7797,0.134442
1049.0126,0.135991
1049.2456,0.137348
1049.4786,0.138509
1049.7115,0.139477
1049.9445,0.140258
1050.1774,0.140870
1050.4104,0.141342
1050.6434,0.141705
1050.8763,0.141985
1051.1093,0.142188
1051.3422,0.142299
1051.5752,0.142279
1051.8081,0.142076
1052.0411,0.141634
1052.2741,0.140903
1052.5070,0.139846
1052.7400,0.138434
1052.9729,0.136647
1053.2059,0.134472
1053.4389,0.131905
1053.6718,0.128957
1053.9048,0.125663
1054.1377,0.122077
1054.3707,0.118277
1054.6036,0.114349
1054.8366,0.110378
1055.0696,0.106442
1055.3025,0.102604
1055.5355,0.098912
1055.7684,0.095401
1056.0014,0.092093
1056.2344,0.089003
1056.4673,0.086131
1056.7003,0.083474
1056.9332,0.081018
1057.1662,0.078750
1057.3992,0.076656
1057.6321,0.074729
1057.8651,0.072960
1058.0980,0.071343
1058.3310,0.069868
1058.5639,0.068521
1058.7969,0.067281
1059.0299,0.066127
1059.2628,0.065040
1059.4958,0.064010
1059.7287,0.063032
1059.9617,0.062110
1060.1947,0.061249
1060.4276,0.060453
1060.6606,0.059720
1060.8935,0.059044
1061.1265,0.058415
1061.3594,0.057827
1061.5924,0.057272
1061.8254,0.056749
1062.0583,0.056257
1062.2913,0.055796
1062.5242,0.055365
1062.7572,0.054963
1062.9902,0.054590
1063.2231,0.054250
1063.4561,0.053945
1063.6890,0.053680
1063.9220,0.053458
1064.1550,0.053276
1064.3879,0.053131
1064.6209,0.053015
1064.8538,0.052920
1065.0868,0.052843
1065.3197,0.052783
1065.5527,0.052741
1065.7857,0.052719
1066.0186,0.052718
1066.2516,0.052735
1066.4845,0.052768
1066.7175,0.052814
1066.9505,0.052873
1067.1834,0.052946
1067.4164,0.053038
1067.6493,0.053151
1067.8823,0.053285
1068.1152,0.053437
1068.3482,0.053603
1068.5812,0.053781
1068.8141,0.053972
1069.0471,0.054182
1069.2800,0.054414
1069.5130,0.054673
1069.7460,0.054958
1069.9789,0.055263
1070.2119,0.055578
1070.4448,0.055894
1070.6778,0.056209
1070.9108,0.056522
1071.1437,0.056841
1071.3767,0.057173
1071.6096,0.057524
1071.8426,0.057895
1072.0755,0.058283
1072.3085,0.058684
1072.5415,0.059095
1072.7744,0.059518
1073.0074,0.059955
1073.2403,0.060413
1073.4733,0.060895
1073.7063,0.061404
1073.9392,0.061938
1074.1722,0.062497
1074.4051,0.063080
1074.6381,0.063692
1074.8710,0.064334
1075.1040,0.065010
1075.3370,0.065717
1075.5699,0.066447
1075.8029,0.067186
1076.0358,0.067922
1076.2688,0.068643
1076.5018,0.069346
1076.7347,0.070027
1076.9677,0.070688
1077.2006,0.071325
1077.4336,0.071929
1077.6666,0.072486
1077.8995,0.072977
1078.1325,0.073386
1078.3654,0.073697
1078.5984,0.073903
1078.8313,0.073996
1079.0643,0.073974
1079.2973,0.073834
1079.5302,0.073578
1079.7632,0.073209
1079.9961,0.072739
1080.2291,0.072184
1080.4621,0.071565
1080.6950,0.070900
1080.9280,0.070205
1081.1609,0.069489
1081.3939,0.068760
1081.6268,0.068023
1081.8598,0.067288
1082.0928,0.066565
1082.3257,0.065869
1082.5587,0.065209
1082.7916,0.064592
1083.0246,0.064016
1083.2576,0.063476
1083.4905,0.062967
1083.7235,0.062486
1083.9564,0.062034
1084.1894,0.061616
1084.4224,0.061237
1084.6553,0.060899
1084.8883,0.060596
1085.1212,0.060321
1085.3542,0.060067
1085.5871,0.059830
1085.8201,0.059611
1086.0531,0.059418
1086.2860,0.059258
1086.5190,0.059138
1086.7519,0.059058
1086.9849,0.059014
1087.2179,0.058998
1087.4508,0.059004
1087.6838,0.059029
1087.9167,0.059076
1088.1497,0.059147
1088.3826,0.059248
1088.6156,0.059380
1088.8486,0.059539
1089.0815,0.059723
1089.3145,0.059927
1089.5474,0.060149
1089.7804,0.060388
1090.0134,0.060644
1090.2463,0.060918
1090.4793,0.061207
1090.7122,0.061506
1090.9452,0.061811
1091.1782,0.062119
1091.4111,0.062432
1091.6441,0.062753
1091.8770,0.063091
1092.1100,0.063450
1092.3429,0.063835
1092.5759,0.064247
1092.8089,0.064688
1093.0418,0.065157
1093.2748,0.065656
1093.5077,0.066188
1093.7407,0.066753
1093.9737,0.067351
1094.2066,0.067978
1094.4396,0.068632
1094.6725,0.069310
1094.9055,0.070010
1095.1384,0.070738
1095.3714,0.071494
1095.6044,0.072278
1095.8373,0.073082
1096.0703,0.073890
1096.3032,0.074679
1096.5362,0.075423
1096.7692,0.076101
1097.0021,0.076696
1097.2351,0.077196
1097.4680,0.077594
1097.7010,0.077886
1097.9340,0.078063
1098.1669,0.078116
1098.3999,0.078038
1098.6328,0.077828
1098.8658,0.077489
1099.0987,0.077034
1099.3317,0.076475
1099.5647,0.075829
1099.7976,0.075110
1100.0306,0.074330
1100.2635,0.073502
1100.4965,0.072645
1100.7295,0.071777
1100.9624,0.070921
1101.1954,0.070097
1101.4283,0.069318
1101.6613,0.068586
1101.8942,0.067898
1102.1272,0.067243
1102.3602,0.066610
1102.5931,0.065991
1102.8261,0.065383
1103.0590,0.064787
1103.2920,0.064209
1103.5250,0.063653
1103.7579,0.063122
1103.9909,0.062619
1104.2238,0.062144
1104.4568,0.061696
1104.6898,0.061273
1104.9227,0.060871
1105.1557,0.060484
1105.3886,0.060107
1105.6216,0.059734
1105.8545,0.059362
1106.0875,0.058990
1106.3205,0.058623
1106.5534,0.058266
1106.7864,0.057922
1107.0193,0.057593
1107.2523,0.057279
1107.4853,0.056975
1107.7182,0.056678
1107.9512,0.056385
1108.1841,0.056098
1108.4171,0.055820
1108.6500,0.055555
1108.8830,0.055306
1109.1160,0.055075
1109.3489,0.054860
1109.5819,0.054660
1109.8148,0.054474
1110.0478,0.054302
1110.2808,0.054142
1110.5137,0.053996
1110.7467,0.053863
1110.9796,0.053743
1111.2126,0.053635
1111.4456,0.053540
1111.6785,0.053459
1111.9115,0.053396
1112.1444,0.053352
1112.3774,0.053325
1112.6103,0.053311
1112.8433,0.053303
1113.0763,0.053295
1113.3092,0.053279
1113.5422,0.053255
1113.7751,0.053223
1114.0081,0.053185
1114.2411,0.053145
1114.4740,0.053105
1114.7070,0.053065
1114.9399,0.053025
1115.1729,0.052985
1115.4058,0.052948
1115.6388,0.052919
1115.8718,0.052899
1116.1047,0.052891
1116.3377,0.052892
1116.5706,0.052899
1116.8036,0.052907
1117.0366,0.052914
1117.2695,0.052923
1117.5025,0.052939
1117.7354,0.052968
1117.9684,0.053014
1118.2014,0.053076
1118.4343,0.053149
1118.6673,0.053225
1118.9002,0.053298
1119.1332,0.053366
1119.3661,0.053432
1119.5991,0.053503
1119.8321,0.053586
1120.0650,0.053686
1120.2980,0.053803
1120.5309,0.053934
1120.7639,0.054074
1120.9969,0.054219
1121.2298,0.054368
1121.4628,0.054521
1121.6957,0.054680
1121.9287,0.054845
1122.1616,0.055016
1122.3946,0.055191
1122.6276,0.055369
1122.8605,0.055550
1123.0935,0.055736
1123.3264,0.055933
1123.5594,0.056142
1123.7924,0.056365
1124.0253,0.056600
1124.2583,0.056843
1124.4912,0.057092
1124.7242,0.057347
1124.9572,0.057609
1125.1901,0.057884
1125.4231,0.058177
1125.6560,0.058489
1125.8890,0.058820
1126.1219,0.059165
1126.3549,0.059520
1126.5879,0.059880
1126.8208,0.060247
1127.0538,0.060622
1127.2867,0.061008
1127.5197,0.061408
1127.7527,0.061825
1127.9856,0.062256
1128.2186,0.062703
1128.4515,0.063164
1128.6845,0.063641
1128.9174,0.064134
1129.1504,0.064643
1129.3834,0.065168
1129.6163,0.065704
1129.8493,0.066248
1130.0822,0.066794
1130.3152,0.067341
1130.5482,0.067888
1130.7811,0.068436
1131.0141,0.068983
1131.2470,0.069525
1131.4800,0.070057
1131.7130,0.070572
1131.9459,0.071065
1132.1789,0.071531
1132.4118,0.071969
1132.6448,0.072379
1132.8777,0.072760
1133.1107,0.073105
1133.3437,0.073407
1133.5766,0.073659
1133.8096,0.073856
1134.0425,0.073999
1134.2755,0.074094
1134.5085,0.074149
1134.7414,0.074173
1134.9744,0.074174
1135.2073,0.074155
1135.4403,0.074117
1135.6732,0.074062
1135.9062,0.073995
1136.1392,0.073921
1136.3721,0.073846
1136.6051,0.073773
1136.8380,0.073703
1137.0710,0.073632
1137.3040,0.073559
1137.5369,0.073484
1137.7699,0.073416
1138.0028,0.073366
1138.2358,0.073348
1138.4688,0.073377
1138.7017,0.073460
1138.9347,0.073598
1139.1676,0.073791
1139.4006,0.074037
1139.6335,0.074337
1139.8665,0.074695
1140.0995,0.075119
1140.3324,0.075613
1140.5654,0.076180
1140.7983,0.076817
1141.0313,0.077519
1141.2643,0.078281
1141.4972,0.079103
1141.7302,0.079989
1141.9631,0.080948
1142.1961,0.081991
1142.4290,0.083124
1142.6620,0.084354
1142.8950,0.085682
1143.1279,0.087111
1143.3609,0.088644
1143.5938,0.090289
1143.8268,0.092056
1144.0598,0.093952
1144.2927,0.095982
1144.5257,0.098147
1144.7586,0.100441
1144.9916,0.102859
1145.2246,0.105396
1145.4575,0.108050
1145.6905,0.110818
1145.9234,0.113690
1146.1564,0.116649
1146.3893,0.119665
1146.6223,0.122701
1146.8553,0.125712
1147.0882,0.128656
1147.3212,0.131491
1147.5541,0.134180
1147.7871,0.136683
1148.0201,0.138952
1148.2530,0.140930
1148.4860,0.142555
1148.7189,0.143759
1148.9519,0.144486
1149.1848,0.144690
1149.4178,0.144343
1149.6508,0.143435
1149.8837,0.141970
1150.1167,0.139969
1150.3496,0.137468
1150.5826,0.134525
1150.8156,0.131216
1151.0485,0.127635
1151.2815,0.123883
1151.5144,0.120062
1151.7474,0.116258
1151.9804,0.112544
1152.2133,0.108974
1152.4463,0.105589
1152.6792,0.102422
1152.9122,0.099498
1153.1451,0.096833
1153.3781,0.094438
1153.6111,0.092313
1153.8440,0.090446
1154.0770,0.088822
1154.3099,0.087418
1154.5429,0.086215
1154.7759,0.085196
1155.0088,0.084348
1155.2418,0.083657
1155.4747,0.083109
1155.7077,0.082686
1155.9406,0.082369
1156.1736,0.082141
1156.4066,0.081988
1156.6395,0.081902
1156.8725,0.081880
1157.1054,0.081921
1157.3384,0.082023
1157.5714,0.082181
1157.8043,0.082387
1158.0373,0.082633
1158.2702,0.082913
1158.5032,0.083224
1158.7362,0.083568
1158.9691,0.083950
1159.2021,0.084375
1159.4350,0.084844
1159.6680,0.085355
1159.9009,0.085907
1160.1339,0.086496
1160.3669,0.087121
1160.5998,0.087783
1160.8328,0.088482
1161.0657,0.089217
1161.2987,0.089989
1161.5317,0.090795
1161.7646,0.091634
1161.9976,0.092508
1162.2305,0.093422
1162.4635,0.094382
1162.6964,0.095394
1162.9294,0.096462
1163.1624,0.097585
1163.3953,0.098763
1163.6283,0.099994
1163.8612,0.101280
1164.0942,0.102627
1164.3272,0.104041
1164.5601,0.105526
1164.7931,0.107083
1165.0260,0.108709
1165.2590,0.110398
1165.4919,0.112144
1165.7249,0.113944
1165.9579,0.115801
1166.1908,0.117718
1166.4238,0.119698
1166.6567,0.121739
1166.8897,0.123833
1167.1227,0.125965
1167.3556,0.128123
1167.5886,0.130296
1167.8215,0.132479
1168.0545,0.134671
1168.2875,0.136871
1168.5204,0.139073
1168.7534,0.141265
1168.9863,0.143422
1169.2193,0.145516
1169.4522,0.147512
1169.6852,0.149372
1169.9182,0.151055
1170.1511,0.152510
1170.3841,0.153683
1170.6170,0.154513
1170.8500,0.154945
1171.0830,0.154935
1171.3159,0.154465
1171.5489,0.153543
1171.7818,0.152203
1172.0148,0.150502
1172.2477,0.148507
1172.4807,0.146295
1172.7137,0.143944
1172.9466,0.141537
1173.1796,0.139153
1173.4125,0.136867
1173.6455,0.134739
1173.8785,0.132809
1174.1114,0.131093
1174.3444,0.129584
1174.5773,0.128260
1174.8103,0.127090
1175.0433,0.126042
1175.2762,0.125091
1175.5092,0.124217
1175.7421,0.123402
1175.9751,0.122626
1176.2080,0.121871
1176.4410,0.121114
1176.6740,0.120341
1176.9069,0.119544
1177.1399,0.118726
1177.3728,0.117897
1177.6058,0.117072
1177.8388,0.116265
1178.0717,0.115488
1178.3047,0.114750
1178.5376,0.114056
1178.7706,0.113416
1179.0035,0.112837
1179.2365,0.112329
1179.4695,0.111894
1179.7024,0.111529
1179.9354,0.111223
1180.1683,0.110961
1180.4013,0.110729
1180.6343,0.110515
1180.8672,0.110315
1181.1002,0.110127
1181.3331,0.109949
1181.5661,0.109777
1181.7991,0.109605
1182.0320,0.109423
1182.2650,0.109224
1182.4979,0.109006
1182.7309,0.108772
1182.9638,0.108527
1183.1968,0.108278
1183.4298,0.108028
1183.6627,0.107773
1183.8957,0.107510
1184.1286,0.107236
1184.3616,0.106954
1184.5946,0.106670
1184.8275,0.106395
1185.0605,0.106140
1185.2934,0.105908
1185.5264,0.105700
1185.7593,0.105511
1185.9923,0.105335
1186.2253,0.105167
1186.4582,0.105009
1186.6912,0.104862
1186.9241,0.104726
1187.1571,0.104596
1187.3901,0.104465
1187.6230,0.104325
1187.8560,0.104171
1188.0889,0.104004
1188.3219,0.103832
1188.5549,0.103670
1188.7878,0.103529
1189.0208,0.103414
1189.2537,0.103323
1189.4867,0.103248
1189.7196,0.103180
1189.9526,0.103114
1190.1856,0.103049
1190.4185,0.102992
1190.6515,0.102950
1190.8844,0.102931
1191.1174,0.102939
1191.3504,0.102975
1191.5833,0.103044
1191.8163,0.103154
1192.0492,0.103317
1192.2822,0.103546
1192.5151,0.103856
1192.7481,0.104253
1192.9811,0.104734
1193.2140,0.105294
1193.4470,0.105922
1193.6799,0.106613
1193.9129,0.107365
1194.1459,0.108183
1194.3788,0.109072
1194.6118,0.110035
1194.8447,0.111071
1195.0777,0.112176
1195.3107,0.113343
1195.5436,0.114569
1195.7766,0.115858
1196.0095,0.117214
1196.2425,0.118646
1196.4754,0.120159
1196.7084,0.121755
1196.9414,0.123432
1197.1743,0.125187
1197.4073,0.127019
1197.6402,0.128930
1197.8732,0.130924
1198.1062,0.133008
1198.3391,0.135179
1198.5721,0.137435
1198.8050,0.139766
1199.0380,0.142162
1199.2709,0.144619
1199.5039,0.147133
1199.7369,0.149709
1199.9698,0.152347
1200.2028,0.155045
1200.4357,0.157793
1200.6687,0.160579
1200.9017,0.163388
1201.1346,0.166210
1201.3676,0.169041
1201.6005,0.171878
1201.8335,0.174717
1202.0665,0.177545
1202.2994,0.180343
1202.5324,0.183084
1202.7653,0.185744
1202.9983,0.188304
1203.2312,0.190756
1203.4642,0.193096
1203.6972,0.195322
1203.9301,0.197428
1204.1631,0.199396
1204.3960,0.201207
1204.6290,0.202844
1204.8620,0.204303
1205.0949,0.205592
1205.3279,0.206735
1205.5608,0.207755
1205.7938,0.208675
1206.0267,0.209510
1206.2597,0.210270
1206.4927,0.210972
1206.7256,0.211639
1206.9586,0.212312
1207.1915,0.213042
1207.4245,0.213880
1207.6575,0.214868
1207.8904,0.216035
1208.1234,0.217394
1208.3563,0.218948
1208.5893,0.220701
1208.8223,0.222655
1209.0552,0.224816
1209.2882,0.227183
1209.5211,0.229742
1209.7541,0.232465
1209.9870,0.235309
1210.2200,0.238227
1210.4530,0.241180
1210.6859,0.244138
1210.9189,0.247084
1211.1518,0.250003
1211.3848,0.252875
1211.6178,0.255664
1211.8507,0.258323
1212.0837,0.260799
1212.3166,0.263047
1212.5496,0.265034
1212.7825,0.266739
1213.0155,0.268147
1213.2485,0.269242
1213.4814,0.269995
1213.7144,0.270373
1213.9473,0.270342
1214.1803,0.269882
1214.4133,0.268989
1214.6462,0.267675
1214.8792,0.265956
1215.1121,0.263849
1215.3451,0.261362
1215.5781,0.258497
1215.8110,0.255260
1216.0440,0.251671
1216.2769,0.247768
1216.5099,0.243602
1216.7428,0.239229
1216.9758,0.234703
1217.2088,0.230064
1217.4417,0.225346
1217.6747,0.220579
1217.9076,0.215800
1218.1406,0.211050
1218.3736,0.206375
1218.6065,0.201818
1218.8395,0.197412
1219.0724,0.193174
1219.3054,0.189114
1219.5383,0.185233
1219.7713,0.181536
1220.0043,0.178030
1220.2372,0.174726
1220.4702,0.171629
1220.7031,0.168740
1220.9361,0.166049
1221.1691,0.163536
1221.4020,0.161182
1221.6350,0.158968
1221.8679,0.156883
1222.1009,0.154916
1222.3339,0.153061
1222.5668,0.151304
1222.7998,0.149628
1223.0327,0.148013
1223.2657,0.146441
1223.4986,0.144900
1223.7316,0.143387
1223.9646,0.141906
1224.1975,0.140463
1224.4305,0.139058
1224.6634,0.137689
1224.8964,0.136345
1225.1294,0.135017
1225.3623,0.133700
1225.5953,0.132398
1225.8282,0.131118
1226.0612,0.129873
1226.2941,0.128676
1226.5271,0.127535
1226.7601,0.126458
1226.9930,0.125452
1227.2260,0.124524
1227.4589,0.123688
1227.6919,0.122956
1227.9249,0.122342
1228.1578,0.121851
1228.3908,0.121488
1228.6237,0.121250
1228.8567,0.121135
1229.0897,0.121142
1229.3226,0.121272
1229.5556,0.121528
1229.7885,0.121909
1230.0215,0.122409
1230.2544,0.123015
1230.4874,0.123709
1230.7204,0.124469
1230.9533,0.125280
1231.1863,0.126124
1231.4192,0.126988
1231.6522,0.127859
1231.8852,0.128718
1232.1181,0.129543
1232.3511,0.130312
1232.5840,0.131010
1232.8170,0.131631
1233.0499,0.132180
1233.2829,0.132673
1233.5159,0.133126
1233.7488,0.133555
1233.9818,0.133969
1234.2147,0.134367
1234.4477,0.134748
1234.6807,0.135108
1234.9136,0.135445
1235.1466,0.135757
1235.3795,0.136038
1235.6125,0.136274
1235.8455,0.136443
1236.0784,0.136519
1236.3114,0.136474
1236.5443,0.136288
1236.7773,0.135950
1237.0102,0.135456
1237.2432,0.134809
1237.4762,0.134014
1237.7091,0.133072
1237.9421,0.131988
1238.1750,0.130770
1238.4080,0.129431
1238.6410,0.127997
1238.8739,0.126496
1239.1069,0.124959
1239.3398,0.123415
1239.5728,0.121885
1239.8057,0.120383
1240.0387,0.118924
1240.2717,0.117519
1240.5046,0.116178
1240.7376,0.114913
1240.9705,0.113727
1241.2035,0.112620
1241.4365,0.111580
1241.6694,0.110595
1241.9024,0.109651
1242.1353,0.108738
1242.3683,0.107853
1242.6013,0.106996
1242.8342,0.106170
1243.0672,0.105373
1243.3001,0.104600
1243.5331,0.103840
1243.7660,0.103084
1243.9990,0.102324
1244.2320,0.101557
1244.4649,0.100784
1244.6979,0.100007
1244.9308,0.099225
1245.1638,0.098437
1245.3968,0.097641
1245.6297,0.096837
1245.8627,0.096028
1246.0956,0.095223
1246.3286,0.094431
1246.5615,0.093661
1246.7945,0.092916
1247.0275,0.092194
1247.2604,0.091488
1247.4934,0.090792
1247.7263,0.090101
1247.9593,0.089416
1248.1923,0.088741
1248.4252,0.088083
1248.6582,0.087442
1248.8911,0.086821
1249.1241,0.086219
1249.3571,0.085635
1249.5900,0.085073
1249.8230,0.084538
1250.0559,0.084039
1250.2889,0.083580
1250.5218,0.083158
1250.7548,0.082766
1250.9878,0.082391
1251.2207,0.082020
1251.4537,0.081643
1251.6866,0.081255
1251.9196,0.080856
1252.1526,0.080447
1252.3855,0.080031
1252.6185,0.079606
1252.8514,0.079171
1253.0844,0.078722
1253.3173,0.078262
1253.5503,0.077794
1253.7833,0.077329
1254.0162,0.076874
1254.2492,0.076440
1254.4821,0.076029
1254.7151,0.075647
1254.9481,0.075293
1255.1810,0.074970
1255.4140,0.074680
1255.6469,0.074425
1255.8799,0.074204
1256.1129,0.074016
1256.3458,0.073856
1256.5788,0.073719
1256.8117,0.073606
1257.0447,0.073521
1257.2776,0.073473
1257.5106,0.073472
1257.7436,0.073526
1257.9765,0.073637
1258.2095,0.073801
1258.4424,0.074009
1258.6754,0.074256
1258.9084,0.074535
1259.1413,0.074847
1259.3743,0.075195
1259.6072,0.075579
1259.8402,0.075997
1260.0731,0.076440
1260.3061,0.076896
1260.5391,0.077353
1260.7720,0.077807
1261.0050,0.078258
1261.2379,0.078717
1261.4709,0.079194
1261.7039,0.079700
1261.9368,0.080239
1262.1698,0.080810
1262.4027,0.081408
1262.6357,0.082031
1262.8687,0.082678
1263.1016,0.083352
1263.3346,0.084055
1263.5675,0.084789
1263.8005,0.085551
1264.0334,0.086337
1264.2664,0.087140
1264.4994,0.087958
1264.7323,0.088793
1264.9653,0.089652
1265.1982,0.090544
1265.4312,0.091474
1265.6642,0.092444
1265.8971,0.093449
1266.1301,0.094483
1266.3630,0.095543
1266.5960,0.096627
1266.8289,0.097741
1267.0619,0.098893
1267.2949,0.100088
1267.5278,0.101328
1267.7608,0.102609
1267.9937,0.103925
1268.2267,0.105270
1268.4597,0.106643
1268.6926,0.108045
1268.9256,0.109482
1269.1585,0.110954
1269.3915,0.112460
1269.6245,0.113991
1269.8574,0.115536
1270.0904,0.117087
1270.3233,0.118638
1270.5563,0.120194
1270.7892,0.121761
1271.0222,0.123343
1271.2552,0.124940
1271.4881,0.126543
1271.7211,0.128138
1271.9540,0.129707
1272.1870,0.131236
1272.4200,0.132719
1272.6529,0.134159
1272.8859,0.135562
1273.1188,0.136938
1273.3518,0.138294
1273.5847,0.139634
1273.8177,0.140960
1274.0507,0.142269
1274.2836,0.143560
1274.5166,0.144830
1274.7495,0.146073
1274.9825,0.147284
1275.2155,0.148453
1275.4484,0.149570
1275.6814,0.150628
1275.9143,0.151622
1276.1473,0.152550
1276.3803,0.153410
1276.6132,0.154202
1276.8462,0.154921
1277.0791,0.155562
1277.3121,0.156120
1277.5450,0.156591
1277.7780,0.156970
1278.0110,0.157258
1278.2439,0.157451
1278.4769,0.157544
1278.7098,0.157533
1278.9428,0.157412
1279.1758,0.157179
1279.4087,0.156835
1279.6417,0.156391
1279.8746,0.155854
1280.1076,0.155235
1280.3405,0.154535
1280.5735,0.153754
1280.8065,0.152889
1281.0394,0.151939
1281.2724,0.150910
1281.5053,0.149818
1281.7383,0.148682
1281.9713,0.147521
1282.2042,0.146347
1282.4372,0.145168
1282.6701,0.143984
1282.9031,0.142791
1283.1361,0.141593
1283.3690,0.140396
1283.6020,0.139213
1283.8349,0.138058
1284.0679,0.136939
1284.3008,0.135864
1284.5338,0.134833
1284.7668,0.133844
1284.9997,0.132898
1285.2327,0.132000
1285.4656,0.131160
1285.6986,0.130388
1285.9316,0.129690
1286.1645,0.129068
1286.3975,0.128518
1286.6304,0.128032
1286.8634,0.127603
1287.0963,0.127224
1287.3293,0.126888
1287.5623,0.126590
1287.7952,0.126319
1288.0282,0.126067
1288.2611,0.125822
1288.4941,0.125577
1288.7271,0.125333
1288.9600,0.125098
1289.1930,0.124885
1289.4259,0.124710
1289.6589,0.124582
1289.8919,0.124503
1290.1248,0.124470
1290.3578,0.124473
1290.5907,0.124505
1290.8237,0.124561
1291.0566,0.124638
1291.2896,0.124738
1291.5226,0.124860
1291.7555,0.125004
1291.9885,0.125166
1292.2214,0.125342
1292.4544,0.125532
1292.6874,0.125737
1292.9203,0.125963
1293.1533,0.126214
1293.3862,0.126494
1293.6192,0.126800
1293.8521,0.127129
1294.0851,0.127472
1294.3181,0.127825
1294.5510,0.128183
1294.7840,0.128542
1295.0169,0.128899
1295.2499,0.129246
1295.4829,0.129575
1295.7158,0.129873
1295.9488,0.130131
1296.1817,0.130343
1296.4147,0.130507
1296.6477,0.130624
1296.8806,0.130699
1297.1136,0.130732
1297.3465,0.130725
1297.5795,0.130680
1297.8124,0.130604
1298.0454,0.130512
1298.2784,0.130421
1298.5113,0.130354
1298.7443,0.130327
1298.9772,0.130348
1299.2102,0.130416
1299.4432,0.130519
1299.6761,0.130644
1299.9091,0.130778
1300.1420,0.130913
1300.3750,0.131045
1300.6079,0.131172
1300.8409,0.131290
1301.0739,0.131390
1301.3068,0.131461
1301.5398,0.131492
1301.7727,0.131477
1302.0057,0.131416
1302.2387,0.131313
1302.4716,0.131175
1302.7046,0.131006
1302.9375,0.130806
1303.1705,0.130570
1303.4034,0.130292
1303.6364,0.129971
1303.8694,0.129611
1304.1023,0.129220
1304.3353,0.128811
1304.5682,0.128397
1304.8012,0.127988
1305.0342,0.127593
1305.2671,0.127219
1305.5001,0.126875
1305.7330,0.126573
1305.9660,0.126326
1306.1990,0.126147
1306.4319,0.126045
1306.6649,0.126027
1306.8978,0.126095
1307.1308,0.126248
1307.3637,0.126486
1307.5967,0.126809
1307.8297,0.127211
1308.0626,0.127685
1308.2956,0.128214
1308.5285,0.128779
1308.7615,0.129356
1308.9945,0.129926
1309.2274,0.130475
1309.4604,0.130994
1309.6933,0.131480
1309.9263,0.131925
1310.1592,0.132320
1310.3922,0.132650
1310.6252,0.132899
1310.8581,0.133058
1311.0911,0.133125
1311.3240,0.133108
1311.5570,0.133020
1311.7900,0.132873
1312.0229,0.132670
1312.2559,0.132405
1312.4888,0.132064
1312.7218,0.131635
1312.9548,0.131115
1313.1877,0.130515
1313.4207,0.129860
1313.6536,0.129184
1313.8866,0.128519
1314.1195,0.127891
1314.3525,0.127315
1314.5855,0.126800
1314.8184,0.126352
1315.0514,0.125979
1315.2843,0.125693
1315.5173,0.125505
1315.7503,0.125424
1315.9832,0.125453
1316.2162,0.125584
1316.4491,0.125799
1316.6821,0.126076
1316.9150,0.126386
1317.1480,0.126705
1317.3810,0.127011
1317.6139,0.127293
1317.8469,0.127541
1318.0798,0.127754
1318.3128,0.127932
1318.5458,0.128072
1318.7787,0.128169
1319.0117,0.128213
1319.2446,0.128188
1319.4776,0.128079
1319.7106,0.127876
1319.9435,0.127575
1320.1765,0.127187
1320.4094,0.126728
1320.6424,0.126220
1320.8753,0.125682
1321.1083,0.125126
1321.3413,0.124557
1321.5742,0.123968
1321.8072,0.123352
1322.0401,0.122700
1322.2731,0.122006
1322.5061,0.121269
1322.7390,0.120489
1322.9720,0.119667
1323.2049,0.118800
1323.4379,0.117889
1323.6708,0.116935
1323.9038,0.115945
1324.1368,0.114932
1324.3697,0.113914
1324.6027,0.112907
1324.8356,0.111922
1325.0686,0.110965
1325.3016,0.110039
1325.5345,0.109142
1325.7675,0.108279
1326.0004,0.107456
1326.2334,0.106686
1326.4664,0.105979
1326.6993,0.105341
1326.9323,0.104772
1327.1652,0.104262
1327.3982,0.103800
1327.6311,0.103374
1327.8641,0.102978
1328.0971,0.102615
1328.3300,0.102289
1328.5630,0.102005
1328.7959,0.101763
1329.0289,0.101558
1329.2619,0.101382
1329.4948,0.101226
1329.7278,0.101090
1329.9607,0.100975
1330.1937,0.100888
1330.4266,0.100836
1330.6596,0.100822
1330.8926,0.100844
1331.1255,0.100895
1331.3585,0.100969
1331.5914,0.101064
1331.8244,0.101180
1332.0574,0.101319
1332.2903,0.101480
1332.5233,0.101657
1332.7562,0.101840
1332.9892,0.102017
1333.2222,0.102180
1333.4551,0.102326
1333.6881,0.102459
1333.9210,0.102585
1334.1540,0.102709
1334.3869,0.102832
1334.6199,0.102951
1334.8529,0.103063
1335.0858,0.103171
1335.3188,0.103285
1335.5517,0.103419
1335.7847,0.103586
1336.0177,0.103789
1336.2506,0.104018
1336.4836,0.104249
1336.7165,0.104456
1336.9495,0.104626
1337.1824,0.104765
1337.4154,0.104904
1337.6484,0.105086
1337.8813,0.105351
1338.1143,0.105721
1338.3472,0.106191
1338.5802,0.106728
1338.8132,0.107289
1339.0461,0.107826
1339.2791,0.108307
1339.5120,0.108719
1339.7450,0.109061
1339.9780,0.109331
1340.2109,0.109522
1340.4439,0.109616
1340.6768,0.109595
1340.9098,0.109454
1341.1427,0.109209
1341.3757,0.108901
1341.6087,0.108581
1341.8416,0.108301
1342.0746,0.108098
1342.3075,0.107986
1342.5405,0.107961
1342.7735,0.108004
1343.0064,0.108093
1343.2394,0.108209
1343.4723,0.108340
1343.7053,0.108481
1343.9382,0.108630
1344.1712,0.108784
1344.4042,0.108939
1344.6371,0.109089
1344.8701,0.109232
1345.1030,0.109368
1345.3360,0.109501
1345.5690,0.109637
1345.8019,0.109778
1346.0349,0.109924
1346.2678,0.110070
1346.5008,0.110211
1346.7338,0.110342
1346.9667,0.110459
1347.1997,0.110561
1347.4326,0.110644
1347.6656,0.110706
1347.8985,0.110741
1348.1315,0.110744
1348.3645,0.110713
1348.5974,0.110648
1348.8304,0.110551
1349.0633,0.110425
1349.2963,0.110268
1349.5293,0.110074
1349.7622,0.109837
1349.9952,0.109554
1350.2281,0.109227
1350.4611,0.108869
1350.6940,0.108494
1350.9270,0.108120
1351.1600,0.107757
1351.3929,0.107407
1351.6259,0.107064
1351.8588,0.106718
1352.0918,0.106362
1352.3248,0.105994
1352.5577,0.105618
1352.7907,0.105240
1353.0236,0.104867
1353.2566,0.104502
1353.4896,0.104145
1353.7225,0.103795
1353.9555,0.103454
1354.1884,0.103126
1354.4214,0.102813
1354.6543,0.102517
1354.8873,0.102233
1355.1203,0.101953
1355.3532,0.101666
1355.5862,0.101370
1355.8191,0.101070
1356.0521,0.100783
1356.2851,0.100531
1356.5180,0.100335
1356.7510,0.100206
1356.9839,0.100143
1357.2169,0.100135
1357.4498,0.100169
1357.6828,0.100230
1357.9158,0.100314
1358.1487,0.100421
1358.3817,0.100554
1358.6146,0.100716
1358.8476,0.100902
1359.0806,0.101112
1359.3135,0.101350
1359.5465,0.101638
1359.7794,0.102006
1360.0124,0.102495
1360.2454,0.103134
1360.4783,0.103929
1360.7113,0.104852
1360.9442,0.105844
1361.1772,0.106832
1361.4101,0.107759
1361.6431,0.108608
1361.8761,0.109414
1362.1090,0.110247
1362.3420,0.111179
1362.5749,0.112249
1362.8079,0.113434
1363.0409,0.114649
1363.2738,0.115759
1363.5068,0.116639
1363.7397,0.117213
1363.9727,0.117496
1364.2056,0.117579
1364.4386,0.117587
1364.6716,0.117641
1364.9045,0.117821
1365.1375,0.118159
1365.3704,0.118646
1365.6034,0.119241
1365.8364,0.119893
1366.0693,0.120555
1366.3023,0.121195
1366.5352,0.121801
1366.7682,0.122374
1367.0012,0.122928
1367.2341,0.123479
1367.4671,0.124043
1367.7000,0.124635
1367.9330,0.125262
1368.1659,0.125921
1368.3989,0.126598
1368.6319,0.127269
1368.8648,0.127906
1369.0978,0.128487
1369.3307,0.129006
1369.5637,0.129476
1369.7967,0.129926
1370.0296,0.130394
1370.2626,0.130916
1370.4955,0.131516
1370.7285,0.132202
1370.9614,0.132970
1371.1944,0.133810
1371.4274,0.134706
1371.6603,0.135654
1371.8933,0.136653
1372.1262,0.137716
1372.3592,0.138861
1372.5922,0.140103
1372.8251,0.141451
1373.0581,0.142892
1373.2910,0.144387
1373.5240,0.145860
1373.7570,0.147204
1373.9899,0.148295
1374.2229,0.149017
1374.4558,0.149291
1374.6888,0.149090
1374.9217,0.148441
1375.1547,0.147403
1375.3877,0.146053
1375.6206,0.144459
1375.8536,0.142676
1376.0865,0.140745
1376.3195,0.138702
1376.5525,0.136580
1376.7854,0.134412
1377.0184,0.132228
1377.2513,0.130047
1377.4843,0.127874
1377.7172,0.125701
1377.9502,0.123513
1378.1832,0.121297
1378.4161,0.119051
1378.6491,0.116788
1378.8820,0.114533
1379.1150,0.112313
1379.3480,0.110147
1379.5809,0.108049
1379.8139,0.106023
1380.0468,0.104070
1380.2798,0.102192
1380.5128,0.100397
1380.7457,0.098695
1380.9787,0.097096
1381.2116,0.095606
1381.4446,0.094224
1381.6775,0.092947
1381.9105,0.091767
1382.1435,0.090677
1382.3764,0.089673
1382.6094,0.088752
1382.8423,0.087911
1383.0753,0.087144
1383.3083,0.086446
1383.5412,0.085812
1383.7742,0.085239
1384.0071,0.084728
1384.2401,0.084286
1384.4730,0.083919
1384.7060,0.083631
1384.9390,0.083428
1385.1719,0.083311
1385.4049,0.083283
1385.6378,0.083350
1385.8708,0.083522
1386.1038,0.083808
1386.3367,0.084217
1386.5697,0.084743
1386.8026,0.085358
1387.0356,0.086004
1387.2686,0.086598
1387.5015,0.087042
1387.7345,0.087252
1387.9674,0.087187
1388.2004,0.086870
1388.4333,0.086376
1388.6663,0.085808
1388.8993,0.085262
1389.1322,0.084812
1389.3652,0.084499
1389.5981,0.084333
1389.8311,0.084299
1390.0641,0.084364
1390.2970,0.084491
1390.5300,0.084644
1390.7629,0.084797
1390.9959,0.084939
1391.2288,0.085072
1391.4618,0.085202
1391.6948,0.085338
1391.9277,0.085485
1392.1607,0.085652
1392.3936,0.085851
1392.6266,0.086103
1392.8596,0.086441
1393.0925,0.086902
1393.3255,0.087526
1393.5584,0.088335
1393.7914,0.089326
1394.0244,0.090452
1394.2573,0.091623
1394.4903,0.092712
1394.7232,0.093584
1394.9562,0.094132
1395.1891,0.094317
1395.4221,0.094179
1395.6551,0.093816
1395.8880,0.093351
1396.1210,0.092897
1396.3539,0.092532
1396.5869,0.092304
1396.8199,0.092226
1397.0528,0.092294
1397.2858,0.092495
1397.5187,0.092813
1397.7517,0.093236
1397.9846,0.093755
1398.2176,0.094358
1398.4506,0.095020
1398.6835,0.095695
1398.9165,0.096311
1399.1494,0.096781
1399.3824,0.097024
1399.6154,0.096993
1399.8483,0.096694
1400.0813,0.096186
1400.3142,0.095562
1400.5472,0.094923
1400.7802,0.094351
1401.0131,0.093905
1401.2461,0.093609
1401.4790,0.093457
1401.7120,0.093422
1401.9449,0.093464
1402.1779,0.093544
1402.4109,0.093631
1402.6438,0.093712
1402.8768,0.093792
1403.1097,0.093890
1403.3427,0.094033
1403.5757,0.094248
1403.8086,0.094557
1404.0416,0.094967
1404.2745,0.095467
1404.5075,0.096021
1404.7404,0.096566
1404.9734,0.097019
1405.2064,0.097297
1405.4393,0.097340
1405.6723,0.097139
1405.9052,0.096738
1406.1382,0.096223
1406.3712,0.095690
1406.6041,0.095223
1406.8371,0.094877
1407.0700,0.094669
1407.3030,0.094584
1407.5360,0.094586
1407.7689,0.094636
1408.0019,0.094702
1408.2348,0.094772
1408.4678,0.094852
1408.7007,0.094956
1408.9337,0.095094
1409.1667,0.095263
1409.3996,0.095450
1409.6326,0.095631
1409.8655,0.095788
1410.0985,0.095917
1410.3315,0.096024
1410.5644,0.096128
1410.7974,0.096244
1411.0303,0.096378
1411.2633,0.096521
1411.4962,0.096653
1411.7292,0.096751
1411.9622,0.096799
1412.1951,0.096793
1412.4281,0.096740
1412.6610,0.096658
1412.8940,0.096560
1413.1270,0.096455
1413.3599,0.096349
1413.5929,0.096244
1413.8258,0.096146
1414.0588,0.096067
1414.2918,0.096023
1414.5247,0.096028
1414.7577,0.096092
1414.9906,0.096216
1415.2236,0.096397
1415.4565,0.096637
1415.6895,0.096943
1415.9225,0.097336
1416.1554,0.097845
1416.3884,0.098492
1416.6213,0.099287
1416.8543,0.100211
1417.0873,0.101230
1417.3202,0.102298
1417.5532,0.103391
1417.7861,0.104525
1418.0191,0.105766
1418.2520,0.107217
1418.4850,0.108984
1418.7180,0.111121
1418.9509,0.113566
1419.1839,0.116095
1419.4168,0.118321
1419.6498,0.119811
1419.8828,0.120290
1420.1157,0.119795
1420.3487,0.118651
1420.5816,0.117292
1420.8146,0.116095
1421.0476,0.115309
1421.2805,0.115047
1421.5135,0.115322
1421.7464,0.116078
1421.9794,0.117217
1422.2123,0.118641
1422.4453,0.120278
1422.6783,0.122106
1422.9112,0.124140
1423.1442,0.126408
1423.3771,0.128907
1423.6101,0.131568
1423.8431,0.134249
1424.0760,0.136768
1424.3090,0.138964
1424.5419,0.140765
1424.7749,0.142213
1425.0078,0.143446
1425.2408,0.144635
1425.4738,0.145938
1425.7067,0.147457
1425.9397,0.149240
1426.1726,0.151282
1426.4056,0.153551
1426.6386,0.156003
1426.8715,0.158596
1427.1045,0.161297
1427.3374,0.164073
1427.5704,0.166897
1427.8034,0.169741
1428.0363,0.172593
1428.2693,0.175457
1428.5022,0.178364
1428.7352,0.181356
1428.9681,0.184477
1429.2011,0.187739
1429.4341,0.191106
1429.6670,0.194473
1429.9000,0.197680
1430.1329,0.200541
1430.3659,0.202898
1430.5989,0.204675
1430.8318,0.205901
1431.0648,0.206704
1431.2977,0.207263
1431.5307,0.207767
1431.7636,0.208369
1431.9966,0.209166
1432.2296,0.210194
1432.4625,0.211428
1432.6955,0.212804
1432.9284,0.214238
1433.1614,0.215658
1433.3944,0.217023
1433.6273,0.218329
1433.8603,0.219600
1434.0932,0.220871
1434.3262,0.222175
1434.5592,0.223541
1434.7921,0.225005
1435.0251,0.226630
1435.2580,0.228519
1435.4910,0.230817
1435.7239,0.233685
1435.9569,0.237256
1436.1899,0.241546
1436.4228,0.246351
1436.6558,0.251163
1436.8887,0.255245
1437.1217,0.257913
1437.3547,0.258888
1437.5876,0.258412
1437.8206,0.257047
1438.0535,0.255387
1438.2865,0.253872
1438.5194,0.252760
1438.7524,0.252156
1438.9854,0.252058
1439.2183,0.252392
1439.4513,0.253035
1439.6842,0.253846
1439.9172,0.254690
1440.1502,0.255463
1440.3831,0.256101
1440.6161,0.256587
1440.8490,0.256934
1441.0820,0.257166
1441.3149,0.257301
1441.5479,0.257336
1441.7809,0.257253
1442.0138,0.257022
1442.2468,0.256618
1442.4797,0.256031
1442.7127,0.255269
1442.9457,0.254350
1443.1786,0.253289
1443.4116,0.252087
1443.6445,0.250729
1443.8775,0.249190
1444.1105,0.247450
1444.3434,0.245506
1444.5764,0.243379
1444.8093,0.241098
1445.0423,0.238691
1445.2752,0.236169
1445.5082,0.233525
1445.7412,0.230746
1445.9741,0.227830
1446.2071,0.224799
1446.4400,0.221701
1446.6730,0.218591
1446.9060,0.215511
1447.1389,0.212468
1447.3719,0.209425
1447.6048,0.206314
1447.8378,0.203063
1448.0707,0.199630
1448.3037,0.196027
1448.5367,0.192312
1448.7696,0.188569
1449.0026,0.184865
1449.2355,0.181234
1449.4685,0.177684
1449.7015,0.174206
1449.9344,0.170795
1450.1674,0.167462
1450.4003,0.164223
1450.6333,0.161095
1450.8663,0.158079
1451.0992,0.155157
1451.3322,0.152298
1451.5651,0.149473
1451.7981,0.146665
1452.0310,0.143882
1452.2640,0.141148
1452.4970,0.138496
1452.7299,0.135949
1452.9629,0.133519
1453.1958,0.131207
1453.4288,0.129017
1453.6618,0.126961
1453.8947,0.125062
1454.1277,0.123351
1454.3606,0.121846
1454.5936,0.120551
1454.8265,0.119447
1455.0595,0.118503
1455.2925,0.117693
1455.5254,0.117014
1455.7584,0.116494
1455.9913,0.116172
1456.2243,0.116069
1456.4573,0.116142
1456.6902,0.116251
1456.9232,0.116169
1457.1561,0.115680
1457.3891,0.114694
1457.6221,0.113301
1457.8550,0.111701
1458.0880,0.110086
1458.3209,0.108570
1458.5539,0.107174
1458.7868,0.105859
1459.0198,0.104563
1459.2528,0.103237
1459.4857,0.101870
1459.7187,0.100491
1459.9516,0.099144
1460.1846,0.097872
1460.4176,0.096694
1460.6505,0.095608
1460.8835,0.094597
1461.1164,0.093645
1461.3494,0.092741
1461.5823,0.091888
1461.8153,0.091094
1462.0483,0.090362
1462.2812,0.089690
1462.5142,0.089066
1462.7471,0.088482
1462.9801,0.087943
1463.2131,0.087469
1463.4460,0.087104
1463.6790,0.086894
1463.9119,0.086876
1464.1449,0.087063
1464.3779,0.087423
1464.6108,0.087878
1464.8438,0.088302
1465.0767,0.088555
1465.3097,0.088519
1465.5426,0.088146
1465.7756,0.087466
1466.0086,0.086559
1466.2415,0.085514
1466.4745,0.084410
1466.7074,0.083293
1466.9404,0.082189
1467.1734,0.081099
1467.4063,0.080007
1467.6393,0.078886
1467.8722,0.077704
1468.1052,0.076436
1468.3381,0.075072
1468.5711,0.073625
1468.8041,0.072125
1469.0370,0.070609
1469.2700,0.069116
1469.5029,0.067670
1469.7359,0.066288
1469.9689,0.064979
1470.2018,0.063761
1470.4348,0.062661
1470.6677,0.061721
1470.9007,0.060986
1471.1337,0.060487
1471.3666,0.060230
1471.5996,0.060173
1471.8325,0.060231
1472.0655,0.060291
1472.2984,0.060242
1472.5314,0.060021
1472.7644,0.059632
1472.9973,0.059121
1473.2303,0.058543
1473.4632,0.057930
1473.6962,0.057283
1473.9292,0.056588
1474.1621,0.055847
1474.3951,0.055090
1474.6280,0.054376
1474.8610,0.053771
1475.0939,0.053327
1475.3269,0.053071
1475.5599,0.052990
1475.7928,0.053036
1476.0258,0.053124
1476.2587,0.053148
1476.4917,0.053014
1476.7247,0.052673
1476.9576,0.052136
1477.1906,0.051472
1477.4235,0.050764
1477.6565,0.050087
1477.8895,0.049490
1478.1224,0.048999
1478.3554,0.048619
1478.5883,0.048340
1478.8213,0.048141
1479.0542,0.047997
1479.2872,0.047883
1479.5202,0.047779
1479.7531,0.047679
1479.9861,0.047586
1480.2190,0.047509
1480.4520,0.047458
1480.6850,0.047432
1480.9179,0.047419
1481.1509,0.047399
1481.3838,0.047345
1481.6168,0.047238
1481.8497,0.047076
1482.0827,0.046869
1482.3157,0.046644
1482.5486,0.046426
1482.7816,0.046236
1483.0145,0.046083
1483.2475,0.045965
1483.4805,0.045877
1483.7134,0.045809
1483.9464,0.045760
1484.1793,0.045726
1484.4123,0.045712
1484.6453,0.045717
1484.8782,0.045744
1485.1112,0.045792
1485.3441,0.045868
1485.5771,0.045984
1485.8100,0.046159
1486.0430,0.046417
1486.2760,0.046774
1486.5089,0.047234
1486.7419,0.047777
1486.9748,0.048360
1487.2078,0.048922
1487.4408,0.049399
1487.6737,0.049748
1487.9067,0.049969
1488.1396,0.050104
1488.3726,0.050223
1488.6055,0.050401
1488.8385,0.050697
1489.0715,0.051142
1489.3044,0.051730
1489.5374,0.052419
1489.7703,0.053133
1490.0033,0.053772
1490.2363,0.054235
1490.4692,0.054449
1490.7022,0.054386
1490.9351,0.054069
1491.1681,0.053561
1491.4011,0.052942
1491.6340,0.052294
1491.8670,0.051686
1492.0999,0.051170
1492.3329,0.050778
1492.5658,0.050525
1492.7988,0.050413
1493.0318,0.050429
1493.2647,0.050554
1493.4977,0.050758
1493.7306,0.051015
1493.9636,0.051304
1494.1966,0.051619
1494.4295,0.051972
1494.6625,0.052399
1494.8954,0.052945
1495.1284,0.053663
1495.3613,0.054589
1495.5943,0.055729
1495.8273,0.057030
1496.0602,0.058367
1496.2932,0.059550
1496.5261,0.060374
1496.7591,0.060715
1496.9921,0.060593
1497.2250,0.060169
1497.4580,0.059664
1497.6909,0.059279
1497.9239,0.059145
1498.1569,0.059315
1498.3898,0.059763
1498.6228,0.060384
1498.8557,0.061018
1499.0887,0.061483
1499.3216,0.061640
1499.5546,0.061456
1499.7876,0.061001
1500.0205,0.060408
1500.2535,0.059814
1500.4864,0.059318
1500.7194,0.058970
1500.9524,0.058775
1501.1853,0.058708
1501.4183,0.058722
1501.6512,0.058767
1501.8842,0.058801
1502.1171,0.058801
1502.3501,0.058761
1502.5831,0.058693
1502.8160,0.058618
1503.0490,0.058566
1503.2819,0.058566
1503.5149,0.058653
1503.7479,0.058862
1503.9808,0.059236
1504.2138,0.059826
1504.4467,0.060687
1504.6797,0.061884
1504.9127,0.063477
1505.1456,0.065511
1505.3786,0.067995
1505.6115,0.070870
1505.8445,0.073983
1506.0774,0.077081
1506.3104,0.079858
1506.5434,0.082037
1506.7763,0.083452
1507.0093,0.084088
1507.2422,0.084046
1507.4752,0.083483
1507.7082,0.082569
1507.9411,0.081466
1508.1741,0.080319
1508.4070,0.079255
1508.6400,0.078372
1508.8729,0.077734
1509.1059,0.077365
1509.3389,0.077245
1509.5718,0.077313
1509.8048,0.077486
1510.0377,0.077675
1510.2707,0.077814
1510.5037,0.077886
1510.7366,0.077920
1510.9696,0.077983
1511.2025,0.078148
1511.4355,0.078471
1511.6685,0.078969
1511.9014,0.079608
1512.1344,0.080301
1512.3673,0.080926
1512.6003,0.081358
1512.8332,0.081518
1513.0662,0.081402
1513.2992,0.081082
1513.5321,0.080667
1513.7651,0.080270
1513.9980,0.079977
1514.2310,0.079837
1514.4640,0.079855
1514.6969,0.080000
1514.9299,0.080215
1515.1628,0.080434
1515.3958,0.080602
1515.6287,0.080703
1515.8617,0.080760
1516.0947,0.080831
1516.3276,0.080977
1516.5606,0.081232
1516.7935,0.081575
1517.0265,0.081913
1517.2595,0.082094
1517.4924,0.081963
1517.7254,0.081432
1517.9583,0.080529
1518.1913,0.079389
1518.4243,0.078192
1518.6572,0.077100
1518.8902,0.076235
1519.1231,0.075670
1519.3561,0.075448
1519.5890,0.075591
1519.8220,0.076104
1520.0550,0.076972
1520.2879,0.078148
1520.5209,0.079533
1520.7538,0.080967
1520.9868,0.082239
1521.2198,0.083133
1521.4527,0.083508
1521.6857,0.083347
1521.9186,0.082754
1522.1516,0.081890
1522.3845,0.080903
1522.6175,0.079891
1522.8505,0.078901
1523.0834,0.077948
1523.3164,0.077048
1523.5493,0.076232
1523.7823,0.075552
1524.0153,0.075070
1524.2482,0.074841
1524.4812,0.074900
1524.7141,0.075238
1524.9471,0.075797
1525.1801,0.076456
1525.4130,0.077045
1525.6460,0.077394
1525.8789,0.077394
1526.1119,0.077053
1526.3448,0.076478
1526.5778,0.075821
1526.8108,0.075216
1527.0437,0.074744
1527.2767,0.074427
1527.5096,0.074235
1527.7426,0.074107
1527.9756,0.073970
1528.2085,0.073765
1528.4415,0.073457
1528.6744,0.073044
1528.9074,0.072551
1529.1403,0.072016
1529.3733,0.071481
1529.6063,0.070982
1529.8392,0.070556
1530.0722,0.070231
1530.3051,0.070034
1530.5381,0.069983
1530.7711,0.070087
1531.0040,0.070337
1531.2370,0.070710
1531.4699,0.071168
1531.7029,0.071669
1531.9359,0.072185
1532.1688,0.072711
1532.4018,0.073272
1532.6347,0.073906
1532.8677,0.074641
1533.1006,0.075470
1533.3336,0.076319
1533.5666,0.077045
1533.7995,0.077464
1534.0325,0.077422
1534.2654,0.076871
1534.4984,0.075895
1534.7314,0.074675
1534.9643,0.073406
1535.1973,0.072247
1535.4302,0.071291
1535.6632,0.070572
1535.8961,0.070080
1536.1291,0.069782
1536.3621,0.069639
1536.5950,0.069620
1536.8280,0.069717
1537.0609,0.069948
1537.2939,0.070356
1537.5269,0.071000
1537.7598,0.071949
1537.9928,0.073272
1538.2257,0.075031
1538.4587,0.077259
1538.6917,0.079938
1538.9246,0.082951
1539.1576,0.086046
1539.3905,0.088838
1539.6235,0.090905
1539.8564,0.091964
1540.0894,0.092009
1540.3224,0.091303
1540.5553,0.090233
1540.7883,0.089158
1541.0212,0.088334
1541.2542,0.087900
1541.4872,0.087898
1541.7201,0.088285
1541.9531,0.088939
1542.1860,0.089675
1542.4190,0.090279
1542.6519,0.090573
1542.8849,0.090481
1543.1179,0.090060
1543.3508,0.089466
1543.5838,0.088895
1543.8167,0.088516
1544.0497,0.088448
1544.2827,0.088738
1544.5156,0.089363
1544.7486,0.090225
1544.9815,0.091158
1545.2145,0.091962
1545.4475,0.092451
1545.6804,0.092528
1545.9134,0.092212
1546.1463,0.091625
1546.3793,0.090930
1546.6122,0.090280
1546.8452,0.089784
1547.0782,0.089501
1547.3111,0.089446
1547.5441,0.089604
1547.7770,0.089943
1548.0100,0.090423
1548.2430,0.091011
1548.4759,0.091691
1548.7089,0.092467
1548.9418,0.093357
1549.1748,0.094378
1549.4077,0.095528
1549.6407,0.096759
1549.8737,0.097972
1550.1066,0.099024
1550.3396,0.099766
1550.5725,0.100108
1550.8055,0.100053
1551.0385,0.099699
1551.2714,0.099200
1551.5044,0.098710
1551.7373,0.098345
1551.9703,0.098169
1552.2033,0.098198
1552.4362,0.098416
1552.6692,0.098802
1552.9021,0.099348
1553.1351,0.100074
1553.3680,0.101020
1553.6010,0.102224
1553.8340,0.103682
1554.0669,0.105306
1554.2999,0.106893
1554.5328,0.108162
1554.7658,0.108851
1554.9988,0.108853
1555.2317,0.108284
1555.4647,0.107416
1555.6976,0.106560
1555.9306,0.105974
1556.1635,0.105840
1556.3965,0.106284
1556.6295,0.107403
1556.8624,0.109300
1557.0954,0.112090
1557.3283,0.115891
1557.5613,0.120772
1557.7943,0.126645
1558.0272,0.133139
1558.2602,0.139534
1558.4931,0.144953
1558.7261,0.148776
1558.9591,0.150963
1559.1920,0.151971
1559.4250,0.152378
1559.6579,0.152555
1559.8909,0.152548
1560.1238,0.152139
1560.3568,0.151045
1560.5898,0.149139
1560.8227,0.146573
1561.0557,0.143715
1561.2886,0.140978
1561.5216,0.138683
1561.7546,0.137003
1561.9875,0.135983
1562.2205,0.135578
1562.4534,0.135688
1562.6864,0.136188
1562.9193,0.136957
1563.1523,0.137902
1563.3853,0.138971
1563.6182,0.140153
1563.8512,0.141461
1564.0841,0.142909
1564.3171,0.144484
1564.5501,0.146138
1564.7830,0.147779
1565.0160,0.149294
1565.2489,0.150579
1565.4819,0.151573
1565.7149,0.152275
1565.9478,0.152748
1566.1808,0.153097
1566.4137,0.153443
1566.6467,0.153898
1566.8796,0.154550
1567.1126,0.155449
1567.3456,0.156612
1567.5785,0.158027
1567.8115,0.159676
1568.0444,0.161558
1568.2774,0.163697
1568.5104,0.166149
1568.7433,0.168977
1568.9763,0.172205
1569.2092,0.175758
1569.4422,0.179409
1569.6751,0.182773
1569.9081,0.185407
1570.1411,0.186985
1570.3740,0.187456
1570.6070,0.187057
1570.8399,0.186186
1571.0729,0.185238
1571.3059,0.184498
1571.5388,0.184126
1571.7718,0.184173
1572.0047,0.184618
1572.2377,0.185397
1572.4707,0.186430
1572.7036,0.187641
1572.9366,0.188970
1573.1695,0.190374
1573.4025,0.191833
1573.6354,0.193339
1573.8684,0.194901
1574.1014,0.196544
1574.3343,0.198321
1574.5673,0.200311
1574.8002,0.202623
1575.0332,0.205388
1575.2662,0.208740
1575.4991,0.212776
1575.7321,0.217486
1575.9650,0.222652
1576.1980,0.227778
1576.4309,0.232149
1576.6639,0.235100
1576.8969,0.236352
1577.1298,0.236122
1577.3628,0.234950
1577.5957,0.233414
1577.8287,0.231960
1578.0617,0.230850
1578.2946,0.230186
1578.5276,0.229948
1578.7605,0.230035
1578.9935,0.230303
1579.2264,0.230603
1579.4594,0.230819
1579.6924,0.230881
1579.9253,0.230767
1580.1583,0.230473
1580.3912,0.229997
1580.6242,0.229323
1580.8572,0.228428
1581.0901,0.227290
1581.3231,0.225913
1581.5560,0.224321
1581.7890,0.222556
1582.0220,0.220659
1582.2549,0.218652
1582.4879,0.216535
1582.7208,0.214293
1582.9538,0.211914
1583.1867,0.209401
1583.4197,0.206779
1583.6527,0.204089
1583.8856,0.201372
1584.1186,0.198654
1584.3515,0.195935
1584.5845,0.193201
1584.8175,0.190428
1585.0504,0.187603
1585.2834,0.184726
1585.5163,0.181813
1585.7493,0.178882
1585.9822,0.175945
1586.2152,0.172997
1586.4482,0.170023
1586.6811,0.167006
1586.9141,0.163931
1587.1470,0.160800
1587.3800,0.157625
1587.6130,0.154424
1587.8459,0.151212
1588.0789,0.147997
1588.3118,0.144782
1588.5448,0.141567
1588.7778,0.138357
1589.0107,0.135163
1589.2437,0.132006
1589.4766,0.128905
1589.7096,0.125877
1589.9425,0.122932
1590.1755,0.120071
1590.4085,0.117294
1590.6414,0.114604
1590.8744,0.112004
1591.1073,0.109507
1591.3403,0.107125
1591.5733,0.104868
1591.8062,0.102739
1592.0392,0.100737
1592.2721,0.098854
1592.5051,0.097082
1592.7380,0.095412
1592.9710,0.093841
1593.2040,0.092371
1593.4369,0.091003
1593.6699,0.089737
1593.9028,0.088567
1594.1358,0.087484
1594.3688,0.086474
1594.6017,0.085525
1594.8347,0.084626
1595.0676,0.083772
1595.3006,0.082965
1595.5336,0.082207
1595.7665,0.081502
1595.9995,0.080852
1596.2324,0.080252
1596.4654,0.079697
1596.6983,0.079184
1596.9313,0.078707
1597.1643,0.078266
1597.3972,0.077861
1597.6302,0.077496
1597.8631,0.077170
1598.0961,0.076885
1598.3291,0.076639
1598.5620,0.076430
1598.7950,0.076257
1599.0279,0.076119
1599.2609,0.076014
1599.4938,0.075940
1599.7268,0.075896
1599.9598,0.075879
1600.1927,0.075891
1600.4257,0.075932
1600.6586,0.076007
1600.8916,0.076117
1601.1246,0.076264
1601.3575,0.076440
1601.5905,0.076639
1601.8234,0.076850
1602.0564,0.077065
1602.2894,0.077282
1602.5223,0.077504
1602.7553,0.077738
1602.9882,0.077989
1603.2212,0.078259
1603.4541,0.078540
1603.6871,0.078822
1603.9201,0.079096
1604.1530,0.079359
1604.3860,0.079617
1604.6189,0.079885
1604.8519,0.080179
1605.0849,0.080518
1605.3178,0.080911
1605.5508,0.081360
1605.7837,0.081862
1606.0167,0.082413
1606.2496,0.083008
1606.4826,0.083642
1606.7156,0.084308
1606.9485,0.084994
1607.1815,0.085682
1607.4144,0.086352
1607.6474,0.086989
1607.8804,0.087593
1608.1133,0.088180
1608.3463,0.088781
1608.5792,0.089432
1608.8122,0.090158
1609.0452,0.090965
1609.2781,0.091834
1609.5111,0.092724
1609.7440,0.093587
1609.9770,0.094380
1610.2099,0.095083
1610.4429,0.095703
1610.6759,0.096266
1610.9088,0.096811
1611.1418,0.097376
1611.3747,0.097990
1611.6077,0.098669
1611.8407,0.099421
1612.0736,0.100243
1612.3066,0.101130
1612.5395,0.102073
1612.7725,0.103063
1613.0054,0.104095
1613.2384,0.105167
1613.4714,0.106289
1613.7043,0.107475
1613.9373,0.108747
1614.1702,0.110127
1614.4032,0.111634
1614.6362,0.113283
1614.8691,0.115097
1615.1021,0.117115
1615.3350,0.119405
1615.5680,0.122068
1615.8010,0.125224
1616.0339,0.128972
1616.2669,0.133325
1616.4998,0.138115
1616.7328,0.142928
1616.9657,0.147148
1617.1987,0.150198
1617.4317,0.151827
1617.6646,0.152235
1617.8976,0.151914
1618.1305,0.151398
1618.3635,0.151096
1618.5965,0.151243
1618.8294,0.151925
1619.0624,0.153115
1619.2953,0.154716
1619.5283,0.156589
1619.7612,0.158593
1619.9942,0.160610
1620.2272,0.162565
1620.4601,0.164423
1620.6931,0.166176
1620.9260,0.167828
1621.1590,0.169377
1621.3920,0.170818
1621.6249,0.172145
1621.8579,0.173365
1622.0908,0.174497
1622.3238,0.175570
1622.5568,0.176612
1622.7897,0.177626
1623.0227,0.178576
1623.2556,0.179375
1623.4886,0.179893
1623.7215,0.179990
1623.9545,0.179574
1624.1875,0.178648
1624.4204,0.177314
1624.6534,0.175737
1624.8863,0.174088
1625.1193,0.172509
1625.3523,0.171098
1625.5852,0.169908
1625.8182,0.168964
1626.0511,0.168267
1626.2841,0.167802
1626.5170,0.167553
1626.7500,0.167500
1626.9830,0.167631
1627.2159,0.167925
1627.4489,0.168349
1627.6818,0.168843
1627.9148,0.169313
1628.1478,0.169651
1628.3807,0.169765
1628.6137,0.169610
1628.8466,0.169207
1629.0796,0.168624
1629.3126,0.167948
1629.5455,0.167258
1629.7785,0.166601
1630.0114,0.165989
1630.2444,0.165407
1630.4773,0.164822
1630.7103,0.164196
1630.9433,0.163501
1631.1762,0.162722
1631.4092,0.161853
1631.6421,0.160893
1631.8751,0.159842
1632.1081,0.158698
1632.3410,0.157459
1632.5740,0.156131
1632.8069,0.154726
1633.0399,0.153265
1633.2728,0.151779
1633.5058,0.150302
1633.7388,0.148873
1633.9717,0.147532
1634.2047,0.146318
1634.4376,0.145263
1634.6706,0.144382
1634.9036,0.143655
1635.1365,0.143003
1635.3695,0.142278
1635.6024,0.141292
1635.8354,0.139900
1636.0684,0.138091
1636.3013,0.135995
1636.5343,0.133810
1636.7672,0.131705
1637.0002,0.129779
1637.2331,0.128060
1637.4661,0.126526
1637.6991,0.125128
1637.9320,0.123807
1638.1650,0.122515
1638.3979,0.121236
1638.6309,0.119985
1638.8639,0.118801
1639.0968,0.117729
1639.3298,0.116800
1639.5627,0.116022
1639.7957,0.115376
1640.0286,0.114822
1640.2616,0.114311
1640.4946,0.113792
1640.7275,0.113233
1640.9605,0.112616
1641.1934,0.111936
1641.4264,0.111191
1641.6594,0.110375
1641.8923,0.109474
1642.1253,0.108468
1642.3582,0.107340
1642.5912,0.106077
1642.8242,0.104677
1643.0571,0.103140
1643.2901,0.101471
1643.5230,0.099677
1643.7560,0.097768
1643.9889,0.095762
1644.2219,0.093686
1644.4549,0.091574
1644.6878,0.089459
1644.9208,0.087362
1645.1537,0.085291
1645.3867,0.083233
1645.6197,0.081164
1645.8526,0.079061
1646.0856,0.076917
1646.3185,0.074759
1646.5515,0.072641
1646.7844,0.070625
1647.0174,0.068754
1647.2504,0.067038
1647.4833,0.065453
1647.7163,0.063960
1647.9492,0.062515
1648.1822,0.061086
1648.4152,0.059662
1648.6481,0.058255
1648.8811,0.056893
1649.1140,0.055607
1649.3470,0.054423
1649.5800,0.053353
1649.8129,0.052399
1650.0459,0.051556
1650.2788,0.050819
1650.5118,0.050185
1650.7447,0.049660
1650.9777,0.049260
1651.2107,0.049004
1651.4436,0.048920
1651.6766,0.049037
1651.9095,0.049380
1652.1425,0.049957
1652.3755,0.050734
1652.6084,0.051598
1652.8414,0.052339
1653.0743,0.052693
1653.3073,0.052476
1653.5402,0.051695
1653.7732,0.050531
1654.0062,0.049205
1654.2391,0.047878
1654.4721,0.046630
1654.7050,0.045485
1654.9380,0.044442
1655.1710,0.043494
1655.4039,0.042637
1655.6369,0.041872
1655.8698,0.041202
1656.1028,0.040627
1656.3358,0.040146
1656.5687,0.039749
1656.8017,0.039424
1657.0346,0.039156
1657.2676,0.038927
1657.5005,0.038725
1657.7335,0.038540
1657.9665,0.038370
1658.1994,0.038212
1658.4324,0.038067
1658.6653,0.037934
1658.8983,0.037809
1659.1313,0.037690
1659.3642,0.037572
1659.5972,0.037455
1659.8301,0.037343
1660.0631,0.037240
1660.2960,0.037151
1660.5290,0.037080
1660.7620,0.037031
1660.9949,0.037006
1661.2279,0.037005
1661.4608,0.037032
1661.6938,0.037087
1661.9268,0.037167
1662.1597,0.037261
1662.3927,0.037345
1662.6256,0.037381
1662.8586,0.037322
1663.0916,0.037131
1663.3245,0.036792
1663.5575,0.036325
1663.7904,0.035778
1664.0234,0.035213
1664.2563,0.034685
1664.4893,0.034228
1664.7223,0.033857
1664.9552,0.033568
1665.1882,0.033345
1665.4211,0.033166
1665.6541,0.033012
1665.8871,0.032870
1666.1200,0.032735
1666.3530,0.032612
1666.5859,0.032508
1666.8189,0.032434
1667.0518,0.032396
1667.2848,0.032398
1667.5178,0.032443
1667.7507,0.032537
1667.9837,0.032685
1668.2166,0.032896
1668.4496,0.033167
1668.6826,0.033482
1668.9155,0.033798
1669.1485,0.034046
1669.3814,0.034147
1669.6144,0.034046
1669.8474,0.033741
1670.0803,0.033295
1670.3133,0.032808
1670.5462,0.032370
1670.7792,0.032039
1671.0121,0.031830
1671.2451,0.031720
1671.4781,0.031663
1671.7110,0.031601
1671.9440,0.031484
1672.1769,0.031289
1672.4099,0.031026
1672.6429,0.030733
1672.8758,0.030455
1673.1088,0.030233
1673.3417,0.030093
1673.5747,0.030046
1673.8076,0.030098
1674.0406,0.030249
1674.2736,0.030500
1674.5065,0.030846
1674.7395,0.031271
1674.9724,0.031729
1675.2054,0.032141
1675.4384,0.032398
1675.6713,0.032400
1675.9043,0.032111
1676.1372,0.031577
1676.3702,0.030911
1676.6032,0.030231
1676.8361,0.029627
1677.0691,0.029144
1677.3020,0.028791
1677.5350,0.028554
1677.7679,0.028408
1678.0009,0.028326
1678.2339,0.028286
1678.4668,0.028277
1678.6998,0.028299
1678.9327,0.028356
1679.1657,0.028453
1679.3987,0.028588
1679.6316,0.028750
1679.8646,0.028918
1680.0975,0.029065
1680.3305,0.029164
1680.5634,0.029200
1680.7964,0.029171
1681.0294,0.029091
1681.2623,0.028990
1681.4953,0.028904
1681.7282,0.028870
1681.9612,0.028923
1682.1942,0.029092
1682.4271,0.029399
1682.6601,0.029859
1682.8930,0.030474
1683.1260,0.031231
1683.3590,0.032098
1683.5919,0.033018
1683.8249,0.033910
1684.0578,0.034679
1684.2908,0.035218
1684.5237,0.035434
1684.7567,0.035271
1684.9897,0.034730
1685.2226,0.033887
1685.4556,0.032872
1685.6885,0.031826
1685.9215,0.030864
1686.1545,0.030057
1686.3874,0.029435
1686.6204,0.029001
1686.8533,0.028740
1687.0863,0.028629
1687.3192,0.028639
1687.5522,0.028736
1687.7852,0.028887
1688.0181,0.029053
1688.2511,0.029204
1688.4840,0.029313
1688.7170,0.029368
1688.9500,0.029366
1689.1829,0.029319
1689.4159,0.029243
1689.6488,0.029153
1689.8818,0.029060
1690.1148,0.028965
1690.3477,0.028864
1690.5807,0.028744
1690.8136,0.028601
1691.0466,0.028433
1691.2795,0.028251
1691.5125,0.028073
1691.7455,0.027918
1691.9784,0.027802
1692.2114,0.027731
1692.4443,0.027702
1692.6773,0.027704
1692.9103,0.027723
1693.1432,0.027746
1693.3762,0.027768
1693.6091,0.027795
1693.8421,0.027845
1694.0750,0.027946
1694.3080,0.028130
1694.5410,0.028431
1694.7739,0.028879
1695.0069,0.029491
1695.2398,0.030255
1695.4728,0.031120
1695.7058,0.031969
1695.9387,0.032632
1696.1717,0.032935
1696.4046,0.032792
1696.6376,0.032264
1696.8706,0.031522
1697.1035,0.030751
1697.3365,0.030082
1697.5694,0.029579
1697.8024,0.029254
1698.0353,0.029094
1698.2683,0.029080
1698.5013,0.029200
1698.7342,0.029458
1698.9672,0.029876
1699.2001,0.030491
1699.4331,0.031341
1699.6661,0.032436
1699.8990,0.033720
1700.1320,0.035017
1700.3649,0.036013
1700.5979,0.036358
1700.8308,0.035886
1701.0638,0.034753
1701.2968,0.033317
1701.5297,0.031907
1701.7627,0.030710
1701.9956,0.029784
1702.2286,0.029119
1702.4616,0.028678
1702.6945,0.028423
1702.9275,0.028325
1703.1604,0.028359
1703.3934,0.028508
1703.6264,0.028749
1703.8593,0.029051
1704.0923,0.029371
1704.3252,0.029661
1704.5582,0.029872
1704.7911,0.029979
1705.0241,0.029984
1705.2571,0.029919
1705.4900,0.029828
1705.7230,0.029751
1705.9559,0.029706
1706.1889,0.029688
1706.4219,0.029672
1706.6548,0.029618
1706.8878,0.029493
1707.1207,0.029280
1707.3537,0.028988
1707.5866,0.028648
1707.8196,0.028299
1708.0526,0.027979
1708.2855,0.027717
1708.5185,0.027528
1708.7514,0.027415
1708.9844,0.027371
1709.2174,0.027383
1709.4503,0.027433
1709.6833,0.027501
1709.9162,0.027567
1710.1492,0.027614
1710.3822,0.027626
1710.6151,0.027592
1710.8481,0.027510
1711.0810,0.027383
1711.3140,0.027225
1711.5469,0.027056
1711.7799,0.026899
1712.0129,0.026777
1712.2458,0.026706
1712.4788,0.026698
1712.7117,0.026754
1712.9447,0.026871
1713.1777,0.027043
1713.4106,0.027264
1713.6436,0.027531
1713.8765,0.027844
1714.1095,0.028201
1714.3424,0.028593
1714.5754,0.029002
1714.8084,0.029389
1715.0413,0.029710
1715.2743,0.029924
1715.5072,0.030014
1715.7402,0.029999
1715.9732,0.029934
1716.2061,0.029888
1716.4391,0.029929
1716.6720,0.030104
1716.9050,0.030430
1717.1379,0.030891
1717.3709,0.031432
1717.6039,0.031958
1717.8368,0.032358
1718.0698,0.032528
1718.3027,0.032416
1718.5357,0.032035
1718.7687,0.031454
1719.0016,0.030763
1719.2346,0.030047
1719.4675,0.029370
1719.7005,0.028775
1719.9335,0.028285
1720.1664,0.027908
1720.3994,0.027641
1720.6323,0.027476
1720.8653,0.027394
1721.0982,0.027374
1721.3312,0.027393
1721.5642,0.027430
1721.7971,0.027470
1722.0301,0.027504
1722.2630,0.027533
1722.4960,0.027562
1722.7290,0.027597
1722.9619,0.027639
1723.1949,0.027684
1723.4278,0.027720
1723.6608,0.027731
1723.8937,0.027705
1724.1267,0.027635
1724.3597,0.027523
1724.5926,0.027382
1724.8256,0.027230
1725.0585,0.027084
1725.2915,0.026957
1725.5245,0.026857
1725.7574,0.026780
1725.9904,0.026719
1726.2233,0.026665
1726.4563,0.026610
1726.6893,0.026550
1726.9222,0.026486
1727.1552,0.026424
1727.3881,0.026370
1727.6211,0.026329
1727.8540,0.026302
1728.0870,0.026294
1728.3200,0.026307
1728.5529,0.026348
1728.7859,0.026425
1729.0188,0.026549
1729.2518,0.026722
1729.4848,0.026938
1729.7177,0.027179
1729.9507,0.027411
1730.1836,0.027594
1730.4166,0.027696
1730.6495,0.027702
1730.8825,0.027626
1731.1155,0.027503
1731.3484,0.027384
1731.5814,0.027315
1731.8143,0.027333
1732.0473,0.027464
1732.2803,0.027718
1732.5132,0.028099
1732.7462,0.028603
1732.9791,0.029219
1733.2121,0.029925
1733.4451,0.030679
1733.6780,0.031417
1733.9110,0.032043
1734.1439,0.032449
1734.3769,0.032542
1734.6098,0.032283
1734.8428,0.031710
1735.0758,0.030927
1735.3087,0.030058
1735.5417,0.029212
1735.7746,0.028463
1736.0076,0.027851
1736.2406,0.027388
1736.4735,0.027070
1736.7065,0.026882
1736.9394,0.026803
1737.1724,0.026806
1737.4053,0.026863
1737.6383,0.026946
1737.8713,0.027037
1738.1042,0.027131
1738.3372,0.027240
1738.5701,0.027386
1738.8031,0.027594
1739.0361,0.027879
1739.2690,0.028235
1739.5020,0.028626
1739.7349,0.028987
1739.9679,0.029235
1740.2009,0.029299
1740.4338,0.029150
1740.6668,0.028814
1740.8997,0.028363
1741.1327,0.027884
1741.3656,0.027453
1741.5986,0.027121
1741.8316,0.026915
1742.0645,0.026841
1742.2975,0.026890
1742.5304,0.027040
1742.7634,0.027259
1742.9964,0.027506
1743.2293,0.027735
1743.4623,0.027903
1743.6952,0.027979
1743.9282,0.027949
1744.1611,0.027826
1744.3941,0.027639
1744.6271,0.027426
1744.8600,0.027226
1745.0930,0.027068
1745.3259,0.026971
1745.5589,0.026946
1745.7919,0.026990
1746.0248,0.027097
1746.2578,0.027256
1746.4907,0.027452
1746.7237,0.027669
1746.9567,0.027891
1747.1896,0.028105
1747.4226,0.028304
1747.6555,0.028487
1747.8885,0.028661
1748.1214,0.028831
1748.3544,0.028999
1748.5874,0.029152
1748.8203,0.029267
1749.0533,0.029320
1749.2862,0.029293
1749.5192,0.029194
1749.7522,0.029060
1749.9851,0.028948
1750.2181,0.028916
1750.4510,0.029007
1750.6840,0.029231
1750.9169,0.029555
1751.1499,0.029903
1751.3829,0.030166
1751.6158,0.030240
1751.8488,0.030068
1752.0817,0.029670
1752.3147,0.029131
1752.5477,0.028562
1752.7806,0.028055
1753.0136,0.027663
1753.2465,0.027404
1753.4795,0.027264
1753.7125,0.027217
1753.9454,0.027227
1754.1784,0.027262
1754.4113,0.027300
1754.6443,0.027329
1754.8772,0.027350
1755.1102,0.027374
1755.3432,0.027420
1755.5761,0.027507
1755.8091,0.027653
1756.0420,0.027867
1756.2750,0.028141
1756.5080,0.028453
1756.7409,0.028758
1756.9739,0.029005
1757.2068,0.029145
1757.4398,0.029150
1757.6727,0.029028
1757.9057,0.028816
1758.1387,0.028569
1758.3716,0.028340
1758.6046,0.028163
1758.8375,0.028055
1759.0705,0.028009
1759.3035,0.028010
1759.5364,0.028036
1759.7694,0.028075
1760.0023,0.028124
1760.2353,0.028199
1760.4683,0.028320
1760.7012,0.028513
1760.9342,0.028792
1761.1671,0.029152
1761.4001,0.029566
1761.6330,0.029977
1761.8660,0.030309
1762.0990,0.030487
1762.3319,0.030462
1762.5649,0.030233
1762.7978,0.029848
1763.0308,0.029385
1763.2638,0.028925
1763.4967,0.028532
1763.7297,0.028241
1763.9626,0.028061
1764.1956,0.027980
1764.4285,0.027971
1764.6615,0.028002
1764.8945,0.028046
1765.1274,0.028084
1765.3604,0.028111
1765.5933,0.028128
1765.8263,0.028145
1766.0593,0.028168
1766.2922,0.028207
1766.5252,0.028268
1766.7581,0.028362
1766.9911,0.028504
1767.2241,0.028707
1767.4570,0.028982
1767.6900,0.029324
1767.9229,0.029707
1768.1559,0.030080
1768.3888,0.030379
1768.6218,0.030544
1768.8548,0.030547
1769.0877,0.030408
1769.3207,0.030186
1769.5536,0.029958
1769.7866,0.029794
1770.0196,0.029743
1770.2525,0.029826
1770.4855,0.030043
1770.7184,0.030371
1770.9514,0.030777
1771.1843,0.031221
1771.4173,0.031667
1771.6503,0.032086
1771.8832,0.032458
1772.1162,0.032763
1772.3491,0.032978
1772.5821,0.033069
1772.8151,0.033000
1773.0480,0.032747
1773.2810,0.032315
1773.5139,0.031746
1773.7469,0.031111
1773.9799,0.030487
1774.2128,0.029942
1774.4458,0.029523
1774.6787,0.029249
1774.9117,0.029115
1775.1446,0.029094
1775.3776,0.029145
1775.6106,0.029218
1775.8435,0.029264
1776.0765,0.029250
1776.3094,0.029168
1776.5424,0.029029
1776.7754,0.028862
1777.0083,0.028700
1777.2413,0.028566
1777.4742,0.028477
1777.7072,0.028433
1777.9401,0.028429
1778.1731,0.028457
1778.4061,0.028505
1778.6390,0.028565
1778.8720,0.028632
1779.1049,0.028704
1779.3379,0.028783
1779.5709,0.028874
1779.8038,0.028983
1780.0368,0.029111
1780.2697,0.029257
1780.5027,0.029406
1780.7357,0.029536
1780.9686,0.029620
1781.2016,0.029633
1781.4345,0.029564
1781.6675,0.029419
1781.9004,0.029222
1782.1334,0.029008
1782.3664,0.028809
1782.5993,0.028649
1782.8323,0.028540
1783.0652,0.028485
1783.2982,0.028479
1783.5312,0.028517
1783.7641,0.028596
1783.9971,0.028711
1784.2300,0.028856
1784.4630,0.029014
1784.6959,0.029158
1784.9289,0.029253
1785.1619,0.029263
1785.3948,0.029168
1785.6278,0.028974
1785.8607,0.028711
1786.0937,0.028424
1786.3267,0.028157
1786.5596,0.027943
1786.7926,0.027792
1787.0255,0.027703
1787.2585,0.027661
1787.4915,0.027653
1787.7244,0.027667
1787.9574,0.027698
1788.1903,0.027744
1788.4233,0.027804
1788.6562,0.027877
1788.8892,0.027958
1789.1222,0.028048
1789.3551,0.028151
1789.5881,0.028278
1789.8210,0.028441
1790.0540,0.028652
1790.2870,0.028908
1790.5199,0.029198
1790.7529,0.029496
1790.9858,0.029772
1791.2188,0.030007
1791.4517,0.030197
1791.6847,0.030359
1791.9177,0.030516
1792.1506,0.030685
1792.3836,0.030859
1792.6165,0.031003
1792.8495,0.031059
1793.0825,0.030971
1793.3154,0.030715
1793.5484,0.030311
1793.7813,0.029822
1794.0143,0.029328
1794.2473,0.028896
1794.4802,0.028569
1794.7132,0.028365
1794.9461,0.028278
1795.1791,0.028288
1795.4120,0.028365
1795.6450,0.028479
1795.8780,0.028601
1796.1109,0.028706
1796.3439,0.028778
1796.5768,0.028807
1796.8098,0.028792
1797.0428,0.028739
1797.2757,0.028662
1797.5087,0.028581
1797.7416,0.028517
1797.9746,0.028492
1798.2075,0.028520
1798.4405,0.028609
1798.6735,0.028761
1798.9064,0.028966
1799.1394,0.029207
1799.3723,0.029456
1799.6053,0.029682
1799.8383,0.029852
1800.0712,0.029944
1800.3042,0.029948
1800.5371,0.029876
1800.7701,0.029756
1801.0031,0.029623
1801.2360,0.029510
1801.4690,0.029436
1801.7019,0.029403
1801.9349,0.029393
1802.1678,0.029377
1802.4008,0.029324
1802.6338,0.029212
1802.8667,0.029036
1803.0997,0.028811
1803.3326,0.028565
1803.5656,0.028329
1803.7986,0.028127
1804.0315,0.027973
1804.2645,0.027869
1804.4974,0.027808
1804.7304,0.027779
1804.9633,0.027768
1805.1963,0.027764
1805.4293,0.027757
1805.6622,0.027739
1805.8952,0.027708
1806.1281,0.027663
1806.3611,0.027613
1806.5941,0.027568
1806.8270,0.027540
1807.0600,0.027540
1807.2929,0.027570
1807.5259,0.027627
1807.7589,0.027697
1807.9918,0.027761
1808.2248,0.027804
1808.4577,0.027815
1808.6907,0.027797
1808.9236,0.027762
1809.1566,0.027727
1809.3896,0.027713
1809.6225,0.027731
1809.8555,0.027786
1810.0884,0.027872
1810.3214,0.027974
1810.5544,0.028069
1810.7873,0.028132
1811.0203,0.028145
1811.2532,0.028096
1811.4862,0.027989
1811.7191,0.027838
1811.9521,0.027663
1812.1851,0.027489
1812.4180,0.027335
1812.6510,0.027211
1812.8839,0.027118
1813.1169,0.027051
1813.3499,0.026997
1813.5828,0.026947
1813.8158,0.026895
1814.0487,0.026841
1814.2817,0.026788
1814.5147,0.026743
1814.7476,0.026709
1814.9806,0.026687
1815.2135,0.026672
1815.4465,0.026660
1815.6794,0.026650
1815.9124,0.026643
1816.1454,0.026647
1816.3783,0.026669
1816.6113,0.026717
1816.8442,0.026789
1817.0772,0.026877
1817.3102,0.026970
1817.5431,0.027049
1817.7761,0.027102
1818.0090,0.027120
1818.2420,0.027102
1818.4749,0.027055
1818.7079,0.026990
1818.9409,0.026917
1819.1738,0.026852
1819.4068,0.026803
1819.6397,0.026780
1819.8727,0.026787
1820.1057,0.026821
1820.3386,0.026875
1820.5716,0.026935
1820.8045,0.026988
1821.0375,0.027021
1821.2705,0.027029
1821.5034,0.027017
1821.7364,0.026996
1821.9693,0.026981
1822.2023,0.026986
1822.4352,0.027014
1822.6682,0.027061
1822.9012,0.027116
1823.1341,0.027167
1823.3671,0.027207
1823.6000,0.027242
1823.8330,0.027289
1824.0660,0.027371
1824.2989,0.027509
1824.5319,0.027715
1824.7648,0.027981
1824.9978,0.028277
1825.2307,0.028555
1825.4637,0.028756
1825.6967,0.028833
1825.9296,0.028766
1826.1626,0.028568
1826.3955,0.028283
1826.6285,0.027967
1826.8615,0.027673
1827.0944,0.027441
1827.3274,0.027293
1827.5603,0.027235
1827.7933,0.027261
1828.0263,0.027360
1828.2592,0.027519
1828.4922,0.027730
1828.7251,0.027989
1828.9581,0.028291
1829.1910,0.028626
1829.4240,0.028974
1829.6570,0.029297
1829.8899,0.029547
1830.1229,0.029675
1830.3558,0.029647
1830.5888,0.029459
1830.8218,0.029140
1831.0547,0.028744
1831.2877,0.028331
1831.5206,0.027953
1831.7536,0.027642
1831.9865,0.027410
1832.2195,0.027254
1832.4525,0.027161
1832.6854,0.027112
1832.9184,0.027090
1833.1513,0.027078
1833.3843,0.027068
1833.6173,0.027055
1833.8502,0.027041
1834.0832,0.027027
1834.3161,0.027017
1834.5491,0.027014
1834.7821,0.027017
1835.0150,0.027027
1835.2480,0.027042
1835.4809,0.027058
1835.7139,0.027075
1835.9468,0.027091
1836.1798,0.027104
1836.4128,0.027113
1836.6457,0.027115
1836.8787,0.027104
1837.1116,0.027076
1837.3446,0.027027
1837.5776,0.026955
1837.8105,0.026867
1838.0435,0.026772
1838.2764,0.026683
1838.5094,0.026613
1838.7423,0.026569
1838.9753,0.026553
1839.2083,0.026561
1839.4412,0.026585
1839.6742,0.026614
1839.9071,0.026641
1840.1401,0.026664
1840.3731,0.026686
1840.6060,0.026714
1840.8390,0.026757
1841.0719,0.026822
1841.3049,0.026913
1841.5379,0.027027
1841.7708,0.027162
1842.0038,0.027308
1842.2367,0.027462
1842.4697,0.027622
1842.7026,0.027795
1842.9356,0.027992
1843.1686,0.028228
1843.4015,0.028514
1843.6345,0.028851
1843.8674,0.029219
1844.1004,0.029571
1844.3334,0.029840
1844.5663,0.029953
1844.7993,0.029861
1845.0322,0.029564
1845.2652,0.029115
1845.4981,0.028597
1845.7311,0.028095
1845.9641,0.027672
1846.1970,0.027364
1846.4300,0.027181
1846.6629,0.027114
1846.8959,0.027138
1847.1289,0.027223
1847.3618,0.027338
1847.5948,0.027454
1847.8277,0.027547
1848.0607,0.027602
1848.2937,0.027610
1848.5266,0.027569
1848.7596,0.027487
1848.9925,0.027379
1849.2255,0.027268
1849.4584,0.027173
1849.6914,0.027110
1849.9244,0.027084
1850.1573,0.027089
1850.3903,0.027108
1850.6232,0.027122
1850.8562,0.027117
1851.0892,0.027090
1851.3221,0.027048
1851.5551,0.027007
1851.7880,0.026984
1852.0210,0.026987
1852.2539,0.027014
1852.4869,0.027056
1852.7199,0.027095
1852.9528,0.027118
1853.1858,0.027119
1853.4187,0.027100
1853.6517,0.027070
1853.8847,0.027041
1854.1176,0.027020
1854.3506,0.027010
1854.5835,0.027007
1854.8165,0.027007
1855.0494,0.027007
1855.2824,0.027004
1855.5154,0.027002
1855.7483,0.027002
1855.9813,0.027006
1856.2142,0.027016
1856.4472,0.027030
1856.6802,0.027046
1856.9131,0.027064
1857.1461,0.027084
1857.3790,0.027108
1857.6120,0.027137
1857.8450,0.027169
1858.0779,0.027201
1858.3109,0.027227
1858.5438,0.027244
1858.7768,0.027248
1859.0097,0.027238
1859.2427,0.027216
1859.4757,0.027183
1859.7086,0.027140
1859.9416,0.027089
1860.1745,0.027034
1860.4075,0.026977
1860.6405,0.026926
1860.8734,0.026886
1861.1064,0.026862
1861.3393,0.026854
1861.5723,0.026858
1861.8052,0.026869
1862.0382,0.026879
1862.2712,0.026883
1862.5041,0.026881
1862.7371,0.026875
1862.9700,0.026869
1863.2030,0.026867
1863.4360,0.026870
1863.6689,0.026877
1863.9019,0.026885
1864.1348,0.026895
1864.3678,0.026909
1864.6008,0.026933
1864.8337,0.026974
1865.0667,0.027038
1865.2996,0.027131
1865.5326,0.027252
1865.7655,0.027399
1865.9985,0.027565
1866.2315,0.027741
1866.4644,0.027918
1866.6974,0.028087
1866.9303,0.028239
1867.1633,0.028370
1867.3963,0.028477
1867.6292,0.028564
1867.8622,0.028639
1868.0951,0.028716
1868.3281,0.028805
1868.5610,0.028911
1868.7940,0.029025
1869.0270,0.029127
1869.2599,0.029187
1869.4929,0.029175
1869.7258,0.029071
1869.9588,0.028874
1870.1918,0.028603
1870.4247,0.028294
1870.6577,0.027986
1870.8906,0.027711
1871.1236,0.027488
1871.3566,0.027326
1871.5895,0.027221
1871.8225,0.027164
1872.0554,0.027143
1872.2884,0.027147
1872.5213,0.027165
1872.7543,0.027190
1872.9873,0.027215
1873.2202,0.027234
1873.4532,0.027240
1873.6861,0.027227
1873.9191,0.027190
1874.1521,0.027129
1874.3850,0.027049
1874.6180,0.026961
1874.8509,0.026881
1875.0839,0.026825
1875.3168,0.026807
1875.5498,0.026831
1875.7828,0.026892
1876.0157,0.026977
1876.2487,0.027067
1876.4816,0.027143
1876.7146,0.027195
1876.9476,0.027218
1877.1805,0.027220
1877.4135,0.027211
1877.6464,0.027205
1877.8794,0.027208
1878.1124,0.027223
1878.3453,0.027243
1878.5783,0.027259
1878.8112,0.027265
1879.0442,0.027257
1879.2771,0.027238
1879.5101,0.027214
1879.7431,0.027194
1879.9760,0.027181
1880.2090,0.027179
1880.4419,0.027184
1880.6749,0.027192
1880.9079,0.027201
1881.1408,0.027207
1881.3738,0.027213
1881.6067,0.027218
1881.8397,0.027224
1882.0726,0.027231
1882.3056,0.027234
1882.5386,0.027231
1882.7715,0.027215
1883.0045,0.027184
1883.2374,0.027137
1883.4704,0.027079
1883.7034,0.027017
1883.9363,0.026962
1884.1693,0.026928
1884.4022,0.026925
1884.6352,0.026956
1884.8682,0.027016
1885.1011,0.027093
1885.3341,0.027166
1885.5670,0.027218
1885.8000,0.027239
1886.0329,0.027230
1886.2659,0.027203
1886.4989,0.027178
1886.7318,0.027175
1886.9648,0.027201
1887.1977,0.027257
1887.4307,0.027330
1887.6637,0.027404
1887.8966,0.027466
1888.1296,0.027514
1888.3625,0.027556
1888.5955,0.027604
1888.8284,0.027670
1889.0614,0.027751
1889.2944,0.027833
1889.5273,0.027889
1889.7603,0.027891
1889.9932,0.027822
1890.2262,0.027686
1890.4592,0.027507
1890.6921,0.027319
1890.9251,0.027155
1891.1580,0.027037
1891.3910,0.026968
1891.6240,0.026946
1891.8569,0.026958
1892.0899,0.026996
1892.3228,0.027055
1892.5558,0.027130
1892.7887,0.027219
1893.0217,0.027314
1893.2547,0.027401
1893.4876,0.027467
1893.7206,0.027500
1893.9535,0.027499
1894.1865,0.027468
1894.4195,0.027425
1894.6524,0.027384
1894.8854,0.027357
1895.1183,0.027345
1895.3513,0.027340
1895.5842,0.027328
1895.8172,0.027294
1896.0502,0.027234
1896.2831,0.027152
1896.5161,0.027062
1896.7490,0.026981
1896.9820,0.026928
1897.2150,0.026914
1897.4479,0.026943
1897.6809,0.027009
1897.9138,0.027102
1898.1468,0.027203
1898.3798,0.027296
1898.6127,0.027365
1898.8457,0.027400
1899.0786,0.027400
1899.3116,0.027372
1899.5445,0.027327
1899.7775,0.027281
1900.0105,0.027243
1900.2434,0.027220
1900.4764,0.027208
1900.7093,0.027200
1900.9423,0.027186
1901.1753,0.027159
1901.4082,0.027117
1901.6412,0.027065
1901.8741,0.027009
1902.1071,0.026955
1902.3400,0.026908
1902.5730,0.026871
1902.8060,0.026847
1903.0389,0.026840
1903.2719,0.026853
1903.5048,0.026891
1903.7378,0.026951
1903.9708,0.027025
1904.2037,0.027100
1904.4367,0.027159
1904.6696,0.027192
1904.9026,0.027194
1905.1356,0.027172
1905.3685,0.027140
1905.6015,0.027114
1905.8344,0.027104
1906.0674,0.027116
1906.3003,0.027143
1906.5333,0.027178
1906.7663,0.027218
1906.9992,0.027260
1907.2322,0.027310
1907.4651,0.027372
1907.6981,0.027445
1907.9311,0.027523
1908.1640,0.027592
1908.3970,0.027637
1908.6299,0.027648
1908.8629,0.027627
1909.0958,0.027588
1909.3288,0.027548
1909.5618,0.027524
1909.7947,0.027523
1910.0277,0.027542
1910.2606,0.027569
1910.4936,0.027590
1910.7266,0.027593
1910.9595,0.027570
1911.1925,0.027520
1911.4254,0.027445
1911.6584,0.027346
1911.8914,0.027224
1912.1243,0.027085
1912.3573,0.026939
1912.5902,0.026805
1912.8232,0.026706
1913.0561,0.026659
1913.2891,0.026670
1913.5221,0.026730
1913.7550,0.026814
1913.9880,0.026893
1914.2209,0.026941
1914.4539,0.026951
1914.6869,0.026931
1914.9198,0.026903
1915.1528,0.026892
1915.3857,0.026915
1915.6187,0.026972
1915.8516,0.027048
1916.0846,0.027122
1916.3176,0.027180
1916.5505,0.027218
1916.7835,0.027250
1917.0164,0.027297
1917.2494,0.027380
1917.4824,0.027507
1917.7153,0.027668
1917.9483,0.027832
1918.1812,0.027961
1918.4142,0.028019
1918.6472,0.027987
1918.8801,0.027872
1919.1131,0.027703
1919.3460,0.027514
1919.5790,0.027339
1919.8119,0.027201
1920.0449,0.027108
1920.2779,0.027060
1920.5108,0.027048
1920.7438,0.027061
1920.9767,0.027090
1921.2097,0.027129
1921.4427,0.027181
1921.6756,0.027248
1921.9086,0.027333
1922.1415,0.027435
1922.3745,0.027547
1922.6074,0.027650
1922.8404,0.027722
1923.0734,0.027739
1923.3063,0.027686
1923.5393,0.027560
1923.7722,0.027374
1924.0052,0.027154
1924.2382,0.026926
1924.4711,0.026713
1924.7041,0.026529
1924.9370,0.026378
1925.1700,0.026258
1925.4030,0.026163
1925.6359,0.026090
1925.8689,0.026040
1926.1018,0.026009
1926.3348,0.025993
1926.5677,0.025982
1926.8007,0.025966
1927.0337,0.025936
1927.2666,0.025890
1927.4996,0.025834
1927.7325,0.025779
1927.9655,0.025739
1928.1985,0.025721
1928.4314,0.025725
1928.6644,0.025746
1928.8973,0.025772
1929.1303,0.025796
1929.3632,0.025819
1929.5962,0.025844
1929.8292,0.025881
1930.0621,0.025931
1930.2951,0.025992
1930.5280,0.026052
1930.7610,0.026098
1930.9940,0.026121
1931.2269,0.026118
1931.4599,0.026095
1931.6928,0.026063
1931.9258,0.026028
1932.1588,0.025991
1932.3917,0.025944
1932.6247,0.025877
1932.8576,0.025783
1933.0906,0.025666
1933.3235,0.025539
1933.5565,0.025423
1933.7895,0.025336
1934.0224,0.025287
1934.2554,0.025272
1934.4883,0.025277
1934.7213,0.025288
1934.9543,0.025292
1935.1872,0.025289
1935.4202,0.025284
1935.6531,0.025286
1935.8861,0.025302
1936.1190,0.025333
1936.3520,0.025374
1936.5850,0.025417
1936.8179,0.025458
1937.0509,0.025499
1937.2838,0.025544
1937.5168,0.025595
1937.7498,0.025651
1937.9827,0.025701
1938.2157,0.025727
1938.4486,0.025717
1938.6816,0.025662
1938.9146,0.025571
1939.1475,0.025464
1939.3805,0.025366
1939.6134,0.025304
1939.8464,0.025293
1940.0793,0.025333
1940.3123,0.025417
1940.5453,0.025525
1940.7782,0.025638
1941.0112,0.025741
1941.2441,0.025825
1941.4771,0.025889
1941.7101,0.025935
1941.9430,0.025967
1942.1760,0.025990
1942.4089,0.026003
1942.6419,0.026005
1942.8748,0.025989
1943.1078,0.025948
1943.3408,0.025878
1943.5737,0.025777
1943.8067,0.025655
1944.0396,0.025525
1944.2726,0.025405
1944.5056,0.025309
1944.7385,0.025248
1944.9715,0.025219
1945.2044,0.025213
1945.4374,0.025218
1945.6704,0.025224
1945.9033,0.025229
1946.1363,0.025239
1946.3692,0.025266
1946.6022,0.025315
1946.8351,0.025382
1947.0681,0.025449
1947.3011,0.025492
1947.5340,0.025487
1947.7670,0.025423
1947.9999,0.025303
1948.2329,0.025150
1948.4659,0.024991
1948.6988,0.024854
1948.9318,0.024753
1949.1647,0.024693
1949.3977,0.024666
1949.6306,0.024663
1949.8636,0.024676
1950.0966,0.024700
1950.3295,0.024733
1950.5625,0.024769
1950.7954,0.024796
1951.0284,0.024801
1951.2614,0.024773
1951.4943,0.024708
1951.7273,0.024615
1951.9602,0.024513
1952.1932,0.024422
1952.4262,0.024355
1952.6591,0.024314
1952.8921,0.024287
1953.1250,0.024259
1953.3580,0.024219
1953.5909,0.024168
1953.8239,0.024116
1954.0569,0.024079
1954.2898,0.024067
1954.5228,0.024074
1954.7557,0.024082
1954.9887,0.024066
1955.2217,0.024004
1955.4546,0.023892
1955.6876,0.023746
1955.9205,0.023598
1956.1535,0.023484
1956.3864,0.023431
1956.6194,0.023448
1956.8524,0.023527
1957.0853,0.023640
1957.3183,0.023758
1957.5512,0.023852
1957.7842,0.023905
1958.0172,0.023910
1958.2501,0.023869
1958.4831,0.023792
1958.7160,0.023696
1958.9490,0.023602
1959.1820,0.023534
1959.4149,0.023510
1959.6479,0.023541
1959.8808,0.023626
1960.1138,0.023746
1960.3467,0.023877
1960.5797,0.023994
1960.8127,0.024077
1961.0456,0.024124
1961.2786,0.024143
1961.5115,0.024150
1961.7445,0.024156
1961.9775,0.024166
1962.2104,0.024176
1962.4434,0.024180
1962.6763,0.024181
1962.9093,0.024188
1963.1422,0.024222
1963.3752,0.024298
1963.6082,0.024419
1963.8411,0.024567
1964.0741,0.024702
1964.3070,0.024777
1964.5400,0.024755
1964.7730,0.024621
1965.0059,0.024391
1965.2389,0.024110
1965.4718,0.023833
1965.7048,0.023608
1965.9378,0.023463
1966.1707,0.023405
1966.4037,0.023416
1966.6366,0.023471
1966.8696,0.023542
1967.1025,0.023607
1967.3355,0.023652
1967.5685,0.023672
1967.8014,0.023663
1968.0344,0.023625
1968.2673,0.023562
1968.5003,0.023484
1968.7333,0.023403
1968.9662,0.023332
1969.1992,0.023281
1969.4321,0.023252
1969.6651,0.023237
1969.8980,0.023222
1970.1310,0.023191
1970.3640,0.023130
1970.5969,0.023033
1970.8299,0.022902
1971.0628,0.022750
1971.2958,0.022594
1971.5288,0.022461
1971.7617,0.022379
1971.9947,0.022372
1972.2276,0.022456
1972.4606,0.022629
1972.6936,0.022869
1972.9265,0.023131
1973.1595,0.023366
1973.3924,0.023527
1973.6254,0.023584
1973.8583,0.023533
1974.0913,0.023399
1974.3243,0.023222
1974.5572,0.023047
1974.7902,0.022908
1975.0231,0.022823
1975.2561,0.022794
1975.4891,0.022818
1975.7220,0.022892
1975.9550,0.023016
1976.1879,0.023193
1976.4209,0.023422
1976.6538,0.023689
1976.8868,0.023971
1977.1198,0.024240
1977.3527,0.024468
1977.5857,0.024640
1977.8186,0.024752
1978.0516,0.024817
1978.2846,0.024852
1978.5175,0.024873
1978.7505,0.024891
1978.9834,0.024916
1979.2164,0.024955
1979.4494,0.025020
1979.6823,0.025125
1979.9153,0.025274
1980.1482,0.025461
1980.3812,0.025664
1980.6141,0.025850
1980.8471,0.025985
1981.0801,0.026048
1981.3130,0.026034
1981.5460,0.025962
1981.7789,0.025862
1982.0119,0.025761
1982.2449,0.025676
1982.4778,0.025607
1982.7108,0.025543
1982.9437,0.025473
1983.1767,0.025396
1983.4096,0.025322
1983.6426,0.025264
1983.8756,0.025231
1984.1085,0.025221
1984.3415,0.025215
1984.5744,0.025196
1984.8074,0.025152
1985.0404,0.025095
1985.2733,0.025057
1985.5063,0.025075
1985.7392,0.025180
1985.9722,0.025375
1986.2052,0.025630
1986.4381,0.025897
1986.6711,0.026122
1986.9040,0.026271
1987.1370,0.026335
1987.3699,0.026336
1987.6029,0.026308
1987.8359,0.026281
1988.0688,0.026267
1988.3018,0.026261
1988.5347,0.026249
1988.7677,0.026221
1989.0007,0.026185
1989.2336,0.026165
1989.4666,0.026187
1989.6995,0.026264
1989.9325,0.026388
1990.1654,0.026528
1990.3984,0.026642
1990.6314,0.026699
1990.8643,0.026691
1991.0973,0.026635
1991.3302,0.026566
1991.5632,0.026516
1991.7962,0.026500
1992.0291,0.026505
1992.2621,0.026501
1992.4950,0.026450
1992.7280,0.026333
1992.9609,0.026157
1993.1939,0.025952
1993.4269,0.025759
1993.6598,0.025610
1993.8928,0.025519
1994.1257,0.025479
1994.3587,0.025471
1994.5917,0.025468
1994.8246,0.025454
1995.0576,0.025418
1995.2905,0.025361
1995.5235,0.025286
1995.7565,0.025200
1995.9894,0.025111
1996.2224,0.025029
1996.4553,0.024967
1996.6883,0.024938
1996.9212,0.024951
1997.1542,0.025003
1997.3872,0.025078
1997.6201,0.025150
1997.8531,0.025194
1998.0860,0.025192
1998.3190,0.025141
1998.5520,0.025056
1998.7849,0.024962
1999.0179,0.024880
1999.2508,0.024821
1999.4838,0.024783
1999.7167,0.024755
1999.9497,0.024726
2000.1827,0.024690
2000.4156,0.024655
2000.6486,0.024632
2000.8815,0.024631
2001.1145,0.024653
2001.3475,0.024688
2001.5804,0.024714
2001.8134,0.024714
2002.0463,0.024675
2002.2793,0.024601
2002.5123,0.024506
2002.7452,0.024408
2002.9782,0.024322
2003.2111,0.024251
2003.4441,0.024189
2003.6770,0.024123
2003.9100,0.024036
2004.1430,0.023916
2004.3759,0.023755
2004.6089,0.023555
2004.8418,0.023322
2005.0748,0.023071
2005.3078,0.022822
2005.5407,0.022604
2005.7737,0.022445
2006.0066,0.022369
2006.2396,0.022385
2006.4725,0.022487
2006.7055,0.022654
2006.9385,0.022859
2007.1714,0.023078
2007.4044,0.023295
2007.6373,0.023499
2007.8703,0.023682
2008.1033,0.023831
2008.3362,0.023927
2008.5692,0.023950
2008.8021,0.023885
2009.0351,0.023738
2009.2681,0.023541
2009.5010,0.023346
2009.7340,0.023211
2009.9669,0.023176
2010.1999,0.023253
2010.4328,0.023417
2010.6658,0.023623
2010.8988,0.023822
2011.1317,0.023978
2011.3647,0.024082
2011.5976,0.024147
2011.8306,0.024196
2012.0636,0.024247
2012.2965,0.024302
2012.5295,0.024348
2012.7624,0.024367
2012.9954,0.024345
2013.2283,0.024285
2013.4613,0.024202
2013.6943,0.024111
2013.9272,0.024023
2014.1602,0.023932
2014.3931,0.023827
2014.6261,0.023702
2014.8591,0.023568
2015.0920,0.023459
2015.3250,0.023423
2015.5579,0.023500
2015.7909,0.023706
2016.0239,0.024016
2016.2568,0.024371
2016.4898,0.024695
2016.7227,0.024917
2016.9557,0.024997
2017.1886,0.024938
2017.4216,0.024777
2017.6546,0.024576
2017.8875,0.024389
2018.1205,0.024254
2018.3534,0.024182
2018.5864,0.024168
2018.8194,0.024191
2019.0523,0.024232
2019.2853,0.024271
2019.5182,0.024294
2019.7512,0.024295
2019.9841,0.024273
2020.2171,0.024241
2020.4501,0.024217
2020.6830,0.024223
2020.9160,0.024277
2021.1489,0.024377
2021.3819,0.024504
2021.6149,0.024623
2021.8478,0.024701
2022.0808,0.024715
2022.3137,0.024672
2022.5467,0.024599
2022.7797,0.024538
2023.0126,0.024517
2023.2456,0.024540
2023.4785,0.024582
2023.7115,0.024599
2023.9444,0.024553
2024.1774,0.024432
2024.4104,0.024263
2024.6433,0.024103
2024.8763,0.024014
2025.1092,0.024040
2025.3422,0.024184
2025.5752,0.024412
2025.8081,0.024663
2026.0411,0.024877
2026.2740,0.025014
2026.5070,0.025065
2026.7399,0.025046
2026.9729,0.024986
2027.2059,0.024910
2027.4388,0.024834
2027.6718,0.024761
2027.9047,0.024697
2028.1377,0.024647
2028.3707,0.024626
2028.6036,0.024643
2028.8366,0.024696
2029.0695,0.024768
2029.3025,0.024828
2029.5355,0.024848
2029.7684,0.024814
2030.0014,0.024737
2030.2343,0.024646
2030.4673,0.024582
2030.7002,0.024578
2030.9332,0.024645
2031.1662,0.024771
2031.3991,0.024929
2031.6321,0.025089
2031.8650,0.025229
2032.0980,0.025340
2032.3310,0.025419
2032.5639,0.025466
2032.7969,0.025479
2033.0298,0.025452
2033.2628,0.025392
2033.4957,0.025318
2033.7287,0.025266
2033.9617,0.025275
2034.1946,0.025371
2034.4276,0.025548
2034.6605,0.025763
2034.8935,0.025948
2035.1265,0.026033
2035.3594,0.025973
2035.5924,0.025768
2035.8253,0.025467
2036.0583,0.025148
2036.2913,0.024892
2036.5242,0.024753
2036.7572,0.024747
2036.9901,0.024850
2037.2231,0.025017
2037.4560,0.025194
2037.6890,0.025333
2037.9220,0.025403
2038.1549,0.025386
2038.3879,0.025276
2038.6208,0.025079
2038.8538,0.024818
2039.0868,0.024535
2039.3197,0.024290
2039.5527,0.024150
2039.7856,0.024170
2040.0186,0.024374
2040.2515,0.024743
2040.4845,0.025216
2040.7175,0.025709
2040.9504,0.026134
2041.1834,0.026426
2041.4163,0.026557
2041.6493,0.026538
2041.8823,0.026412
2042.1152,0.026229
2042.3482,0.026036
2042.5811,0.025866
2042.8141,0.025740
2043.0471,0.025670
2043.2800,0.025663
2043.5130,0.025725
2043.7459,0.025852
2043.9789,0.026034
2044.2118,0.026249
2044.4448,0.026470
2044.6778,0.026671
2044.9107,0.026833
2045.1437,0.026949
2045.3766,0.027021
2045.6096,0.027057
2045.8426,0.027064
2046.0755,0.027046
2046.3085,0.027006
2046.5414,0.026948
2046.7744,0.026884
2047.0073,0.026832
2047.2403,0.026812
2047.4733,0.026842
2047.7062,0.026928
2047.9392,0.027065
2048.1721,0.027243
2048.4051,0.027447
2048.6381,0.027664
2048.8710,0.027887
2049.1040,0.028115
2049.3369,0.028345
2049.5699,0.028574
2049.8029,0.028795
2050.0358,0.029001
2050.2688,0.029183
2050.5017,0.029338
2050.7347,0.029459
2050.9676,0.029543
2051.2006,0.029578
2051.4336,0.029553
2051.6665,0.029459
2051.8995,0.029294
2052.1324,0.029075
2052.3654,0.028835
2052.5984,0.028618
2052.8313,0.028466
2053.0643,0.028411
2053.2972,0.028456
2053.5302,0.028582
2053.7631,0.028752
2053.9961,0.028920
2054.2291,0.029047
2054.4620,0.029110
2054.6950,0.029105
2054.9279,0.029041
2055.1609,0.028935
2055.3939,0.028808
2055.6268,0.028678
2055.8598,0.028566
2056.0927,0.028488
2056.3257,0.028462
2056.5587,0.028496
2056.7916,0.028586
2057.0246,0.028716
2057.2575,0.028862
2057.4905,0.028992
2057.7234,0.029086
2057.9564,0.029134
2058.1894,0.029142
2058.4223,0.029131
2058.6553,0.029122
2058.8882,0.029134
2059.1212,0.029168
2059.3542,0.029216
2059.5871,0.029256
2059.8201,0.029264
2060.0530,0.029224
2060.2860,0.029129
2060.5189,0.028985
2060.7519,0.028810
2060.9849,0.028629
2061.2178,0.028468
2061.4508,0.028350
2061.6837,0.028292
2061.9167,0.028296
2062.1497,0.028355
2062.3826,0.028452
2062.6156,0.028565
2062.8485,0.028674
2063.0815,0.028767
2063.3145,0.028842
2063.5474,0.028905
2063.7804,0.028965
2064.0133,0.029028
2064.2463,0.029095
2064.4792,0.029160
2064.7122,0.029212
2064.9452,0.029243
2065.1781,0.029249
2065.4111,0.029233
2065.6440,0.029201
2065.8770,0.029160
2066.1100,0.029114
2066.3429,0.029061
2066.5759,0.028999
2066.8088,0.028928
2067.0418,0.028854
2067.2747,0.028784
2067.5077,0.028726
2067.7407,0.028684
2067.9736,0.028652
2068.2066,0.028623
2068.4395,0.028588
2068.6725,0.028549
2068.9055,0.028516
2069.1384,0.028509
2069.3714,0.028547
2069.6043,0.028638
2069.8373,0.028774
2070.0703,0.028927
2070.3032,0.029064
2070.5362,0.029156
2070.7691,0.029191
2071.0021,0.029178
2071.2350,0.029145
2071.4680,0.029124
2071.7010,0.029138
2071.9339,0.029193
2072.1669,0.029275
2072.3998,0.029360
2072.6328,0.029419
2072.8658,0.029437
2073.0987,0.029412
2073.3317,0.029356
2073.5646,0.029289
2073.7976,0.029230
2074.0305,0.029198
2074.2635,0.029201
2074.4965,0.029248
2074.7294,0.029340
2074.9624,0.029475
2075.1953,0.029644
2075.4283,0.029829
2075.6613,0.030006
2075.8942,0.030148
2076.1272,0.030235
2076.3601,0.030256
2076.5931,0.030218
2076.8261,0.030145
2077.0590,0.030063
2077.2920,0.029999
2077.5249,0.029970
2077.7579,0.029978
2077.9908,0.030015
2078.2238,0.030067
2078.4568,0.030125
2078.6897,0.030180
2078.9227,0.030233
2079.1556,0.030285
2079.3886,0.030337
2079.6216,0.030386
2079.8545,0.030427
2080.0875,0.030451
2080.3204,0.030452
2080.5534,0.030427
2080.7863,0.030376
2081.0193,0.030304
2081.2523,0.030222
2081.4852,0.030141
2081.7182,0.030076
2081.9511,0.030041
2082.1841,0.030043
2082.4171,0.030080
2082.6500,0.030136
2082.8830,0.030189
2083.1159,0.030212
2083.3489,0.030188
2083.5819,0.030113
2083.8148,0.030007
2084.0478,0.029899
2084.2807,0.029828
2084.5137,0.029821
2084.7466,0.029887
2084.9796,0.030012
2085.2126,0.030168
2085.4455,0.030323
2085.6785,0.030449
2085.9114,0.030535
2086.1444,0.030581
2086.3774,0.030598
2086.6103,0.030595
2086.8433,0.030578
2087.0762,0.030543
2087.3092,0.030486
2087.5421,0.030404
2087.7751,0.030303
2088.0081,0.030195
2088.2410,0.030092
2088.4740,0.030006
2088.7069,0.029943
2088.9399,0.029902
2089.1729,0.029882
2089.4058,0.029880
2089.6388,0.029902
2089.8717,0.029947
2090.1047,0.030017
2090.3377,0.030099
2090.5706,0.030178
2090.8036,0.030230
2091.0365,0.030241
2091.2695,0.030206
2091.5024,0.030137
2091.7354,0.030059
2091.9684,0.029998
2092.2013,0.029973
2092.4343,0.029989
2092.6672,0.030036
2092.9002,0.030097
2093.1332,0.030154
2093.3661,0.030197
2093.5991,0.030227
2093.8320,0.030250
2094.0650,0.030275
2094.2979,0.030309
2094.5309,0.030351
2094.7639,0.030395
2094.9968,0.030438
2095.2298,0.030481
2095.4627,0.030527
2095.6957,0.030582
2095.9287,0.030647
2096.1616,0.030716
2096.3946,0.030778
2096.6275,0.030823
2096.8605,0.030845
2097.0935,0.030850
2097.3264,0.030849
2097.5594,0.030858
2097.7923,0.030889
2098.0253,0.030945
2098.2582,0.031017
2098.4912,0.031090
2098.7242,0.031151
2098.9571,0.031190
2099.1901,0.031203
2099.4230,0.031193
2099.6560,0.031165
2099.8890,0.031123
2100.1219,0.031069
2100.3549,0.031006
2100.5878,0.030942
2100.8208,0.030887
2101.0537,0.030855
2101.2867,0.030852
2101.5197,0.030879
2101.7526,0.030924
2101.9856,0.030971
2102.2185,0.031000
2102.4515,0.031002
2102.6845,0.030977
2102.9174,0.030933
2103.1504,0.030883
2103.3833,0.030836
2103.6163,0.030795
2103.8493,0.030754
2104.0822,0.030706
2104.3152,0.030647
2104.5481,0.030581
2104.7811,0.030516
2105.0140,0.030462
2105.2470,0.030426
2105.4800,0.030404
2105.7129,0.030388
2105.9459,0.030367
2106.1788,0.030339
2106.4118,0.030311
2106.6448,0.030297
2106.8777,0.030312
2107.1107,0.030364
2107.3436,0.030447
2107.5766,0.030544
2107.8095,0.030630
2108.0425,0.030686
2108.2755,0.030703
2108.5084,0.030685
2108.7414,0.030648
2108.9743,0.030609
2109.2073,0.030576
2109.4403,0.030550
2109.6732,0.030524
2109.9062,0.030488
2110.1391,0.030437
2110.3721,0.030375
2110.6051,0.030312
2110.8380,0.030262
2111.0710,0.030234
2111.3039,0.030232
2111.5369,0.030254
2111.7698,0.030294
2112.0028,0.030344
2112.2358,0.030402
2112.4687,0.030464
2112.7017,0.030530
2112.9346,0.030594
2113.1676,0.030650
2113.4006,0.030689
2113.6335,0.030708
2113.8665,0.030706
2114.0994,0.030690
2114.3324,0.030667
2114.5653,0.030648
2114.7983,0.030635
2115.0313,0.030630
2115.2642,0.030628
2115.4972,0.030623
2115.7301,0.030610
2115.9631,0.030586
2116.1961,0.030548
2116.4290,0.030496
2116.6620,0.030429
2116.8949,0.030347
2117.1279,0.030254
2117.3609,0.030157
2117.5938,0.030069
2117.8268,0.030000
2118.0597,0.029958
2118.2927,0.029939
2118.5256,0.029934
2118.7586,0.029927
2118.9916,0.029906
2119.2245,0.029863
2119.4575,0.029802
2119.6904,0.029736
2119.9234,0.029678
2120.1564,0.029641
2120.3893,0.029625
2120.6223,0.029627
2120.8552,0.029638
2121.0882,0.029650
2121.3211,0.029663
2121.5541,0.029680
2121.7871,0.029711
2122.0200,0.029760
2122.2530,0.029827
2122.4859,0.029904
2122.7189,0.029977
2122.9519,0.030032
2123.1848,0.030058
2123.4178,0.030046
2123.6507,0.029993
2123.8837,0.029898
2124.1166,0.029760
2124.3496,0.029581
2124.5826,0.029365
2124.8155,0.029123
2125.0485,0.028869
2125.2814,0.028620
2125.5144,0.028392
2125.7474,0.028198
2125.9803,0.028042
2126.2133,0.027927
2126.4462,0.027854
2126.6792,0.027829
2126.9122,0.027858
2127.1451,0.027945
2127.3781,0.028083
2127.6110,0.028258
2127.8440,0.028440
2128.0769,0.028599
2128.3099,0.028705
2128.5429,0.028745
2128.7758,0.028720
2129.0088,0.028648
2129.2417,0.028552
2129.4747,0.028453
2129.7077,0.028364
2129.9406,0.028281
2130.1736,0.028197
2130.4065,0.028100
2130.6395,0.027985
2130.8724,0.027857
2131.1054,0.027727
2131.3384,0.027609
2131.5713,0.027515
2131.8043,0.027454
2132.0372,0.027426
2132.2702,0.027428
2132.5032,0.027455
2132.7361,0.027498
2132.9691,0.027549
2133.2020,0.027602
2133.4350,0.027648
2133.6680,0.027684
2133.9009,0.027707
2134.1339,0.027720
2134.3668,0.027723
2134.5998,0.027715
2134.8327,0.027691
2135.0657,0.027644
2135.2987,0.027566
2135.5316,0.027461
2135.7646,0.027343
2135.9975,0.027234
2136.2305,0.027161
2136.4635,0.027141
2136.6964,0.027175
2136.9294,0.027244
2137.1623,0.027318
2137.3953,0.027370
2137.6282,0.027384
2137.8612,0.027365
2138.0942,0.027334
2138.3271,0.027316
2138.5601,0.027330
2138.7930,0.027378
2139.0260,0.027447
2139.2590,0.027520
2139.4919,0.027582
2139.7249,0.027633
2139.9578,0.027686
2140.1908,0.027752
2140.4238,0.027835
2140.6567,0.027918
2140.8897,0.027973
2141.1226,0.027966
2141.3556,0.027878
2141.5885,0.027716
2141.8215,0.027510
2142.0545,0.027300
2142.2874,0.027122
2142.5204,0.026991
2142.7533,0.026896
2142.9863,0.026815
2143.2193,0.026729
2143.4522,0.026634
2143.6852,0.026552
2143.9181,0.026510
2144.1511,0.026532
2144.3840,0.026621
2144.6170,0.026753
2144.8500,0.026893
2145.0829,0.027011
2145.3159,0.027094
2145.5488,0.027156
2145.7818,0.027223
2146.0148,0.027316
2146.2477,0.027432
2146.4807,0.027542
2146.7136,0.027599
2146.9466,0.027566
2147.1796,0.027436
2147.4125,0.027240
2147.6455,0.027036
2147.8784,0.026882
2148.1114,0.026806
2148.3443,0.026789
2148.5773,0.026774
2148.8103,0.026692
2149.0432,0.026492
2149.2762,0.026173
2149.5091,0.025784
2149.7421,0.025408
2149.9751,0.025127
2150.2080,0.024991
2150.4410,0.025004
2150.6739,0.025123
2150.9069,0.025278
2151.1398,0.025401
2151.3728,0.025444
2151.6058,0.025391
2151.8387,0.025257
2152.0717,0.025074
2152.3046,0.024884
2152.5376,0.024728
2152.7706,0.024642
2153.0035,0.024653
2153.2365,0.024764
2153.4694,0.024960
2153.7024,0.025199
2153.9354,0.025426
2154.1683,0.025585
2154.4013,0.025644
2154.6342,0.025601
2154.8672,0.025485
2155.1001,0.025340
2155.3331,0.025205
2155.5661,0.025085
2155.7990,0.024954
2156.0320,0.024767
2156.2649,0.024487
2156.4979,0.024113
2156.7309,0.023696
2156.9638,0.023320
2157.1968,0.023077
2157.4297,0.023025
2157.6627,0.023172
2157.8956,0.023475
2158.1286,0.023866
2158.3616,0.024288
2158.5945,0.024717
2158.8275,0.025175
2159.0604,0.025706
2159.2934,0.026347
2159.5264,0.027094
2159.7593,0.027896
2159.9923,0.028664
2160.2252,0.029305
2160.4582,0.029754
2160.6912,0.030000
2160.9241,0.030078
2161.1571,0.030050
2161.3900,0.029978
2161.6230,0.029900
2161.8559,0.029826
2162.0889,0.029747
2162.3219,0.029642
2162.5548,0.029495
2162.7878,0.029302
2163.0207,0.029065
2163.2537,0.028796
2163.4867,0.028509
2163.7196,0.028225
2163.9526,0.027969
2164.1855,0.027764
2164.4185,0.027631
2164.6514,0.027575
2164.8844,0.027589
2165.1174,0.027653
2165.3503,0.027746
2165.5833,0.027863
2165.8162,0.028013
2166.0492,0.028219
2166.2822,0.028497
2166.5151,0.028843
2166.7481,0.029218
2166.9810,0.029555
2167.2140,0.029779
2167.4470,0.029834
2167.6799,0.029709
2167.9129,0.029449
2168.1458,0.029140
2168.3788,0.028882
2168.6117,0.028751
2168.8447,0.028776
2169.0777,0.028934
2169.3106,0.029164
2169.5436,0.029397
2169.7765,0.029576
2170.0095,0.029676
2170.2425,0.029702
2170.4754,0.029676
2170.7084,0.029622
2170.9413,0.029554
2171.1743,0.029474
2171.4072,0.029378
2171.6402,0.029262
2171.8732,0.029128
2172.1061,0.028981
2172.3391,0.028827
2172.5720,0.028672
2172.8050,0.028518
2173.0380,0.028372
2173.2709,0.028247
2173.5039,0.028163
2173.7368,0.028138
2173.9698,0.028183
2174.2028,0.028292
2174.4357,0.028446
2174.6687,0.028622
2174.9016,0.028801
2175.1346,0.028979
2175.3675,0.029168
2175.6005,0.029385
2175.8335,0.029638
2176.0664,0.029914
2176.2994,0.030176
2176.5323,0.030371
2176.7653,0.030454
2176.9983,0.030404
2177.2312,0.030234
2177.4642,0.029988
2177.6971,0.029724
2177.9301,0.029489
2178.1630,0.029312
2178.3960,0.029194
2178.6290,0.029122
2178.8619,0.029078
2179.0949,0.029054
2179.3278,0.029049
2179.5608,0.029066
2179.7938,0.029100
2180.0267,0.029138
2180.2597,0.029165
2180.4926,0.029171
2180.7256,0.029161
2180.9586,0.029159
2181.1915,0.029199
2181.4245,0.029306
2181.6574,0.029486
2181.8904,0.029715
2182.1233,0.029948
2182.3563,0.030142
2182.5893,0.030269
2182.8222,0.030332
2183.0552,0.030358
2183.2881,0.030386
2183.5211,0.030447
2183.7541,0.030545
2183.9870,0.030664
2184.2200,0.030773
2184.4529,0.030851
2184.6859,0.030895
2184.9188,0.030927
2185.1518,0.030979
2185.3848,0.031075
2185.6177,0.031222
2185.8507,0.031399
2186.0836,0.031565
2186.3166,0.031677
2186.5496,0.031702
2186.7825,0.031629
2187.0155,0.031469
2187.2484,0.031251
2187.4814,0.031007
2187.7144,0.030772
2187.9473,0.030580
2188.1803,0.030459
2188.4132,0.030431
2188.6462,0.030504
2188.8791,0.030661
2189.1121,0.030867
2189.3451,0.031068
2189.5780,0.031212
2189.8110,0.031265
2190.0439,0.031228
2190.2769,0.031132
2190.5099,0.031029
2190.7428,0.030971
2190.9758,0.030986
2191.2087,0.031067
2191.4417,0.031182
2191.6746,0.031290
2191.9076,0.031361
2192.1406,0.031388
2192.3735,0.031389
2192.6065,0.031390
2192.8394,0.031406
2193.0724,0.031432
2193.3054,0.031441
2193.5383,0.031403
2193.7713,0.031307
2194.0042,0.031168
2194.2372,0.031036
2194.4702,0.030972
2194.7031,0.031026
2194.9361,0.031210
2195.1690,0.031497
2195.4020,0.031827
2195.6349,0.032128
2195.8679,0.032345
2196.1009,0.032456
2196.3338,0.032475
2196.5668,0.032442
2196.7997,0.032400
2197.0327,0.032379
2197.2657,0.032389
2197.4986,0.032422
2197.7316,0.032457
2197.9645,0.032478
2198.1975,0.032474
2198.4304,0.032442
2198.6634,0.032381
2198.8964,0.032296
2199.1293,0.032190
2199.3623,0.032070
2199.5952,0.031948
2199.8282,0.031839
2200.0612,0.031757
2200.2941,0.031714
2200.5271,0.031713
2200.7600,0.031746
2200.9930,0.031805
2201.2260,0.031880
2201.4589,0.031966
2201.6919,0.032059
2201.9248,0.032157
2202.1578,0.032254
2202.3907,0.032338
2202.6237,0.032392
2202.8567,0.032405
2203.0896,0.032373
2203.3226,0.032306
2203.5555,0.032222
2203.7885,0.032144
2204.0215,0.032085
2204.2544,0.032050
2204.4874,0.032035
2204.7203,0.032030
2204.9533,0.032031
2205.1862,0.032036
2205.4192,0.032052
2205.6522,0.032083
2205.8851,0.032126
2206.1181,0.032172
2206.3510,0.032207
2206.5840,0.032220
2206.8170,0.032214
2207.0499,0.032204
2207.2829,0.032213
2207.5158,0.032262
2207.7488,0.032358
2207.9818,0.032490
2208.2147,0.032630
2208.4477,0.032744
2208.6806,0.032804
2208.9136,0.032801
2209.1465,0.032743
2209.3795,0.032654
2209.6125,0.032557
2209.8454,0.032472
2210.0784,0.032407
2210.3113,0.032364
2210.5443,0.032340
2210.7773,0.032335
2211.0102,0.032355
2211.2432,0.032404
2211.4761,0.032487
2211.7091,0.032600
2211.9420,0.032737
2212.1750,0.032887
2212.4080,0.033039
2212.6409,0.033185
2212.8739,0.033316
2213.1068,0.033423
2213.3398,0.033495
2213.5728,0.033522
2213.8057,0.033500
2214.0387,0.033440
2214.2716,0.033369
2214.5046,0.033321
2214.7376,0.033329
2214.9705,0.033410
2215.2035,0.033552
2215.4364,0.033722
2215.6694,0.033875
2215.9023,0.033971
2216.1353,0.033993
2216.3683,0.033951
2216.6012,0.033877
2216.8342,0.033810
2217.0671,0.033779
2217.3001,0.033790
2217.5331,0.033826
2217.7660,0.033862
2217.9990,0.033871
2218.2319,0.033840
2218.4649,0.033772
2218.6978,0.033681
2218.9308,0.033581
2219.1638,0.033484
2219.3967,0.033393
2219.6297,0.033311
2219.8626,0.033243
2220.0956,0.033201
2220.3286,0.033197
2220.5615,0.033239
2220.7945,0.033323
2221.0274,0.033431
2221.2604,0.033540
2221.4934,0.033629
2221.7263,0.033692
2221.9593,0.033743
2222.1922,0.033809
2222.4252,0.033918
2222.6581,0.034083
2222.8911,0.034299
2223.1241,0.034540
2223.3570,0.034767
2223.5900,0.034946
2223.8229,0.035054
2224.0559,0.035082
2224.2889,0.035034
2224.5218,0.034919
2224.7548,0.034746
2224.9877,0.034525
2225.2207,0.034273
2225.4536,0.034017
2225.6866,0.033795
2225.9196,0.033645
2226.1525,0.033595
2226.3855,0.033646
2226.6184,0.033775
2226.8514,0.033937
2227.0844,0.034091
2227.3173,0.034206
2227.5503,0.034283
2227.7832,0.034345
2228.0162,0.034424
2228.2492,0.034547
2228.4821,0.034716
2228.7151,0.034906
2228.9480,0.035074
2229.1810,0.035175
2229.4139,0.035180
2229.6469,0.035085
2229.8799,0.034913
2230.1128,0.034702
2230.3458,0.034494
2230.5787,0.034326
2230.8117,0.034223
2231.0447,0.034200
2231.2776,0.034261
2231.5106,0.034402
2231.7435,0.034608
2231.9765,0.034853
2232.2094,0.035103
2232.4424,0.035322
2232.6754,0.035482
2232.9083,0.035569
2233.1413,0.035591
2233.3742,0.035565
2233.6072,0.035517
2233.8402,0.035464
2234.0731,0.035409
2234.3061,0.035347
2234.5390,0.035270
2234.7720,0.035179
2235.0050,0.035086
2235.2379,0.035013
2235.4709,0.034981
2235.7038,0.034999
2235.9368,0.035054
2236.1697,0.035121
2236.4027,0.035171
2236.6357,0.035186
2236.8686,0.035170
2237.1016,0.035145
2237.3345,0.035146
2237.5675,0.035197
2237.8005,0.035300
2238.0334,0.035435
2238.2664,0.035563
2238.4993,0.035641
2238.7323,0.035642
2238.9652,0.035564
2239.1982,0.035426
2239.4312,0.035261
2239.6641,0.035102
2239.8971,0.034973
2240.1300,0.034888
2240.3630,0.034849
2240.5960,0.034858
2240.8289,0.034915
2241.0619,0.035018
2241.2948,0.035163
2241.5278,0.035337
2241.7608,0.035518
2241.9937,0.035679
2242.2267,0.035798
2242.4596,0.035863
2242.6926,0.035877
2242.9255,0.035851
2243.1585,0.035805
2243.3915,0.035754
2243.6244,0.035707
2243.8574,0.035668
2244.0903,0.035641
2244.3233,0.035629
2244.5563,0.035642
2244.7892,0.035685
2245.0222,0.035761
2245.2551,0.035864
2245.4881,0.035982
2245.7210,0.036099
2245.9540,0.036206
2246.1870,0.036302
2246.4199,0.036392
2246.6529,0.036486
2246.8858,0.036584
2247.1188,0.036677
2247.3518,0.036747
2247.5847,0.036769
2247.8177,0.036728
2248.0506,0.036621
2248.2836,0.036465
2248.5166,0.036290
2248.7495,0.036130
2248.9825,0.036011
2249.2154,0.035948
2249.4484,0.035942
2249.6813,0.035985
2249.9143,0.036066
2250.1473,0.036173
2250.3802,0.036295
2250.6132,0.036418
2250.8461,0.036527
2251.0791,0.036607
2251.3121,0.036648
2251.5450,0.036652
2251.7780,0.036634
2252.0109,0.036617
2252.2439,0.036628
2252.4768,0.036683
2252.7098,0.036783
2252.9428,0.036910
2253.1757,0.037038
2253.4087,0.037139
2253.6416,0.037200
2253.8746,0.037225
2254.1076,0.037231
2254.3405,0.037242
2254.5735,0.037275
2254.8064,0.037336
2255.0394,0.037418
2255.2724,0.037507
2255.5053,0.037586
2255.7383,0.037647
2255.9712,0.037688
2256.2042,0.037712
2256.4371,0.037722
2256.6701,0.037718
2256.9031,0.037699
2257.1360,0.037663
2257.3690,0.037614
2257.6019,0.037562
2257.8349,0.037519
2258.0679,0.037495
2258.3008,0.037495
2258.5338,0.037511
2258.7667,0.037529
2258.9997,0.037535
2259.2326,0.037518
2259.4656,0.037479
2259.6986,0.037428
2259.9315,0.037380
2260.1645,0.037349
2260.3974,0.037341
2260.6304,0.037355
2260.8634,0.037387
2261.0963,0.037429
2261.3293,0.037479
2261.5622,0.037539
2261.7952,0.037614
2262.0281,0.037706
2262.2611,0.037812
2262.4941,0.037924
2262.7270,0.038025
2262.9600,0.038101
2263.1929,0.038137
2263.4259,0.038131
2263.6589,0.038084
2263.8918,0.038011
2264.1248,0.037928
2264.3577,0.037856
2264.5907,0.037814
2264.8237,0.037815
2265.0566,0.037863
2265.2896,0.037951
2265.5225,0.038061
2265.7555,0.038172
2265.9884,0.038259
2266.2214,0.038308
2266.4544,0.038317
2266.6873,0.038299
2266.9203,0.038275
2267.1532,0.038271
2267.3862,0.038304
2267.6192,0.038381
2267.8521,0.038491
2268.0851,0.038614
2268.3180,0.038728
2268.5510,0.038811
2268.7839,0.038856
2269.0169,0.038867
2269.2499,0.038854
2269.4828,0.038836
2269.7158,0.038828
2269.9487,0.038841
2270.1817,0.038879
2270.4147,0.038940
2270.6476,0.039014
2270.8806,0.039091
2271.1135,0.039157
2271.3465,0.039200
2271.5795,0.039214
2271.8124,0.039198
2272.0454,0.039157
2272.2783,0.039102
2272.5113,0.039049
2272.7442,0.039010
2272.9772,0.038991
2273.2102,0.038994
2273.4431,0.039014
2273.6761,0.039042
2273.9090,0.039073
2274.1420,0.039105
2274.3750,0.039142
2274.6079,0.039191
2274.8409,0.039259
2275.0738,0.039352
2275.3068,0.039471
2275.5397,0.039613
2275.7727,0.039768
2276.0057,0.039926
2276.2386,0.040075
2276.4716,0.040202
2276.7045,0.040297
2276.9375,0.040357
2277.1705,0.040384
2277.4034,0.040386
2277.6364,0.040376
2277.8693,0.040368
2278.1023,0.040373
2278.3353,0.040395
2278.5682,0.040431
2278.8012,0.040475
2279.0341,0.040517
2279.2671,0.040553
2279.5000,0.040582
2279.7330,0.040608
2279.9660,0.040635
2280.1989,0.040661
2280.4319,0.040682
2280.6648,0.040690
2280.8978,0.040678
2281.1308,0.040649
2281.3637,0.040615
2281.5967,0.040595
2281.8296,0.040610
2282.0626,0.040676
2282.2955,0.040793
2282.5285,0.040949
2282.7615,0.041121
2282.9944,0.041283
2283.2274,0.041417
2283.4603,0.041513
2283.6933,0.041573
2283.9263,0.041602
2284.1592,0.041608
2284.3922,0.041594
2284.6251,0.041563
2284.8581,0.041514
2285.0911,0.041455
2285.3240,0.041397
2285.5570,0.041355
2285.7899,0.041346
2286.0229,0.041375
2286.2558,0.041441
2286.4888,0.041529
2286.7218,0.041619
2286.9547,0.041695
2287.1877,0.041746
2287.4206,0.041771
2287.6536,0.041779
2287.8866,0.041778
2288.1195,0.041777
2288.3525,0.041777
2288.5854,0.041774
2288.8184,0.041761
2289.0513,0.041734
2289.2843,0.041696
2289.5173,0.041653
2289.7502,0.041617
2289.9832,0.041599
2290.2161,0.041603
2290.4491,0.041630
2290.6821,0.041672
2290.9150,0.041718
2291.1480,0.041758
2291.3809,0.041784
2291.6139,0.041792
2291.8469,0.041784
2292.0798,0.041768
2292.3128,0.041751
2292.5457,0.041745
2292.7787,0.041756
2293.0116,0.041789
2293.2446,0.041845
2293.4776,0.041918
2293.7105,0.042000
2293.9435,0.042080
2294.1764,0.042146
2294.4094,0.042192
2294.6424,0.042216
2294.8753,0.042221
2295.1083,0.042214
2295.3412,0.042202
2295.5742,0.042192
2295.8071,0.042187
2296.0401,0.042185
2296.2731,0.042183
2296.5060,0.042174
2296.7390,0.042152
2296.9719,0.042114
2297.2049,0.042064
2297.4379,0.042006
2297.6708,0.041949
2297.9038,0.041905
2298.1367,0.041880
2298.3697,0.041876
2298.6027,0.041888
2298.8356,0.041907
2299.0686,0.041919
2299.3015,0.041913
2299.5345,0.041885
2299.7674,0.041837
2300.0004,0.041780
2300.2334,0.041726
2300.4663,0.041690
2300.6993,0.041677
2300.9322,0.041688
2301.1652,0.041717
2301.3982,0.041752
2301.6311,0.041784
2301.8641,0.041808
2302.0970,0.041821
2302.3300,0.041825
2302.5629,0.041822
2302.7959,0.041811
2303.0289,0.041795
2303.2618,0.041773
2303.4948,0.041750
2303.7277,0.041734
2303.9607,0.041733
2304.1937,0.041755
2304.4266,0.041803
2304.6596,0.041870
2304.8925,0.041946
2305.1255,0.042016
2305.3585,0.042067
2305.5914,0.042099
2305.8244,0.042116
2306.0573,0.042132
2306.2903,0.042164
2306.5232,0.042219
2306.7562,0.042296
2306.9892,0.042383
2307.2221,0.042463
2307.4551,0.042519
2307.6880,0.042544
2307.9210,0.042544
2308.1540,0.042535
2308.3869,0.042539
2308.6199,0.042572
2308.8528,0.042635
2309.0858,0.042718
2309.3187,0.042799
2309.5517,0.042857
2309.7847,0.042879
2310.0176,0.042871
2310.2506,0.042852
2310.4835,0.042850
2310.7165,0.042888
2310.9495,0.042975
2311.1824,0.043098
2311.4154,0.043229
2311.6483,0.043336
2311.8813,0.043394
2312.1143,0.043400
2312.3472,0.043374
2312.5802,0.043347
2312.8131,0.043352
2313.0461,0.043409
2313.2790,0.043513
2313.5120,0.043645
2313.7450,0.043775
2313.9779,0.043881
2314.2109,0.043956
2314.4438,0.044009
2314.6768,0.044059
2314.9098,0.044116
2315.1427,0.044180
2315.3757,0.044234
2315.6086,0.044258
2315.8416,0.044240
2316.0745,0.044191
2316.3075,0.044146
2316.5405,0.044150
2316.7734,0.044240
2317.0064,0.044422
2317.2393,0.044671
2317.4723,0.044934
2317.7053,0.045150
2317.9382,0.045274
2318.1712,0.045297
2318.4041,0.045249
2318.6371,0.045183
2318.8701,0.045150
2319.1030,0.045174
2319.3360,0.045251
2319.5689,0.045355
2319.8019,0.045453
2320.0348,0.045530
2320.2678,0.045592
2320.5008,0.045667
2320.7337,0.045779
2320.9667,0.045934
2321.1996,0.046109
2321.4326,0.046259
2321.6656,0.046336
2321.8985,0.046313
2322.1315,0.046202
2322.3644,0.046052
2322.5974,0.045922
2322.8303,0.045863
2323.0633,0.045890
2323.2963,0.045986
2323.5292,0.046109
2323.7622,0.046213
2323.9951,0.046268
2324.2281,0.046272
2324.4611,0.046239
2324.6940,0.046184
2324.9270,0.046112
2325.1599,0.046009
2325.3929,0.045853
2325.6259,0.045628
2325.8588,0.045342
2326.0918,0.045030
2326.3247,0.044740
2326.5577,0.044516
2326.7906,0.044379
2327.0236,0.044325
2327.2566,0.044325
2327.4895,0.044345
2327.7225,0.044361
2327.9554,0.044373
2328.1884,0.044397
2328.4214,0.044459
2328.6543,0.044571
2328.8873,0.044725
2329.1202,0.044892
2329.3532,0.045034
2329.5861,0.045120
2329.8191,0.045142
2330.0521,0.045120
2330.2850,0.045083
2330.5180,0.045063
2330.7509,0.045069
2330.9839,0.045093
2331.2169,0.045115
2331.4498,0.045114
2331.6828,0.045085
2331.9157,0.045042
2332.1487,0.045009
2332.3817,0.045008
2332.6146,0.045047
2332.8476,0.045115
2333.0805,0.045188
2333.3135,0.045242
2333.5464,0.045264
2333.7794,0.045258
2334.0124,0.045240
2334.2453,0.045229
2334.4783,0.045236
2334.7112,0.045264
2334.9442,0.045305
2335.1772,0.045356
2335.4101,0.045418
2335.6431,0.045504
2335.8760,0.045627
2336.1090,0.045792
2336.3419,0.045989
2336.5749,0.046190
2336.8079,0.046362
2337.0408,0.046476
2337.2738,0.046523
2337.5067,0.046514
2337.7397,0.046480
2337.9727,0.046450
2338.2056,0.046443
2338.4386,0.046461
2338.6715,0.046495
2338.9045,0.046529
2339.1375,0.046557
2339.3704,0.046585
2339.6034,0.046624
2339.8363,0.046686
2340.0693,0.046771
2340.3022,0.046868
2340.5352,0.046957
2340.7682,0.047022
2341.0011,0.047057
2341.2341,0.047073
2341.4670,0.047089
2341.7000,0.047120
2341.9330,0.047169
2342.1659,0.047221
2342.3989,0.047256
2342.6318,0.047256
2342.8648,0.047214
2343.0977,0.047144
2343.3307,0.047069
2343.5637,0.047005
2343.7966,0.046959
2344.0296,0.046914
2344.2625,0.046843
2344.4955,0.046723
2344.7285,0.046543
2344.9614,0.046318
2345.1944,0.046079
2345.4273,0.045860
2345.6603,0.045685
2345.8933,0.045556
2346.1262,0.045456
2346.3592,0.045358
2346.5921,0.045238
2346.8251,0.045081
2347.0580,0.044888
2347.2910,0.044670
2347.5240,0.044438
2347.7569,0.044201
2347.9899,0.043964
2348.2228,0.043731
2348.4558,0.043512
2348.6888,0.043320
2348.9217,0.043171
2349.1547,0.043078
2349.3876,0.043043
2349.6206,0.043058
2349.8535,0.043108
2350.0865,0.043175
2350.3195,0.043250
2350.5524,0.043333
2350.7854,0.043436
2351.0183,0.043573
2351.2513,0.043756
2351.4843,0.043984
2351.7172,0.044245
2351.9502,0.044514
2352.1831,0.044768
2352.4161,0.044988
2352.6491,0.045166
2352.8820,0.045304
2353.1150,0.045410
2353.3479,0.045491
2353.5809,0.045557
2353.8138,0.045617
2354.0468,0.045684
2354.2798,0.045772
2354.5127,0.045894
2354.7457,0.046054
2354.9786,0.046241
2355.2116,0.046432
2355.4446,0.046600
2355.6775,0.046722
2355.9105,0.046792
2356.1434,0.046825
2356.3764,0.046846
2356.6093,0.046885
2356.8423,0.046956
2357.0753,0.047055
2357.3082,0.047159
2357.5412,0.047244
2357.7741,0.047292
2358.0071,0.047306
2358.2401,0.047307
2358.4730,0.047326
2358.7060,0.047387
2358.9389,0.047498
2359.1719,0.047643
2359.4049,0.047793
2359.6378,0.047916
2359.8708,0.047987
2360.1037,0.047997
2360.3367,0.047954
2360.5696,0.047871
2360.8026,0.047767
2361.0356,0.047659
2361.2685,0.047565
2361.5015,0.047503
2361.7344,0.047491
2361.9674,0.047542
2362.2004,0.047654
2362.4333,0.047811
2362.6663,0.047978
2362.8992,0.048111
2363.1322,0.048174
2363.3651,0.048147
2363.5981,0.048038
2363.8311,0.047879
2364.0640,0.047712
2364.2970,0.047577
2364.5299,0.047498
2364.7629,0.047483
2364.9959,0.047528
2365.2288,0.047625
2365.4618,0.047764
2365.6947,0.047941
2365.9277,0.048147
2366.1607,0.048362
2366.3936,0.048562
2366.6266,0.048712
2366.8595,0.048784
2367.0925,0.048768
2367.3254,0.048672
2367.5584,0.048524
2367.7914,0.048359
2368.0243,0.048210
2368.2573,0.048090
2368.4902,0.048003
2368.7232,0.047941
2368.9562,0.047897
2369.1891,0.047874
2369.4221,0.047879
2369.6550,0.047922
2369.8880,0.048004
2370.1209,0.048118
2370.3539,0.048244
2370.5869,0.048361
2370.8198,0.048454
2371.0528,0.048520
2371.2857,0.048568
2371.5187,0.048611
2371.7517,0.048661
2371.9846,0.048715
2372.2176,0.048764
2372.4505,0.048791
2372.6835,0.048783
2372.9165,0.048740
2373.1494,0.048670
2373.3824,0.048590
2373.6153,0.048514
2373.8483,0.048447
2374.0812,0.048388
2374.3142,0.048329
2374.5472,0.048265
2374.7801,0.048193
2375.0131,0.048121
2375.2460,0.048053
2375.4790,0.047993
2375.7120,0.047935
2375.9449,0.047867
2376.1779,0.047775
2376.4108,0.047651
2376.6438,0.047496
2376.8767,0.047324
2377.1097,0.047153
2377.3427,0.047001
2377.5756,0.046879
2377.8086,0.046787
2378.0415,0.046719
2378.2745,0.046666
2378.5075,0.046619
2378.7404,0.046575
2378.9734,0.046530
2379.2063,0.046486
2379.4393,0.046439
2379.6723,0.046388
2379.9052,0.046333
2380.1382,0.046274
2380.3711,0.046216
2380.6041,0.046164
2380.8370,0.046121
2381.0700,0.046085
2381.3030,0.046050
2381.5359,0.046008
2381.7689,0.045956
2382.0018,0.045893
2382.2348,0.045831
2382.4678,0.045780
2382.7007,0.045752
2382.9337,0.045748
2383.1666,0.045761
2383.3996,0.045779
2383.6325,0.045787
2383.8655,0.045774
2384.0985,0.045739
2384.3314,0.045685
2384.5644,0.045623
2384.7973,0.045559
2385.0303,0.045499
2385.2633,0.045445
2385.4962,0.045399
2385.7292,0.045366
2385.9621,0.045353
2386.1951,0.045368
2386.4281,0.045412
2386.6610,0.045480
2386.8940,0.045559
2387.1269,0.045632
2387.3599,0.045683
2387.5928,0.045707
2387.8258,0.045706
2388.0588,0.045692
2388.2917,0.045675
2388.5247,0.045664
2388.7576,0.045659
2388.9906,0.045654
2389.2236,0.045645
2389.4565,0.045629
2389.6895,0.045615
2389.9224,0.045611
2390.1554,0.045628
2390.3883,0.045669
2390.6213,0.045727
2390.8543,0.045790
2391.0872,0.045845
2391.3202,0.045885
2391.5531,0.045910
2391.7861,0.045928
2392.0191,0.045945
2392.2520,0.045965
2392.4850,0.045983
2392.7179,0.045988
2392.9509,0.045973
2393.1839,0.045937
2393.4168,0.045888
2393.6498,0.045844
2393.8827,0.045821
2394.1157,0.045831
2394.3486,0.045871
2394.5816,0.045929
2394.8146,0.045988
2395.0475,0.046036
2395.2805,0.046065
2395.5134,0.046081
2395.7464,0.046088
2395.9794,0.046093
2396.2123,0.046096
2396.4453,0.046092
2396.6782,0.046075
2396.9112,0.046046
2397.1441,0.046009
2397.3771,0.045978
2397.6101,0.045965
2397.8430,0.045975
2398.0760,0.046006
2398.3089,0.046049
2398.5419,0.046090
2398.7749,0.046122
2399.0078,0.046147
2399.2408,0.046170
2399.4737,0.046201
2399.7067,0.046243
2399.9396,0.046291
2400.1726,0.046335
2400.4056,0.046364
2400.6385,0.046373
2400.8715,0.046365
2401.1044,0.046354
2401.3374,0.046353
2401.5704,0.046373
2401.8033,0.046413
2402.0363,0.046464
2402.2692,0.046512
2402.5022,0.046548
2402.7352,0.046569
2402.9681,0.046579
2403.2011,0.046583
2403.4340,0.046586
2403.6670,0.046584
2403.8999,0.046569
2404.1329,0.046535
2404.3659,0.046484
2404.5988,0.046425
2404.8318,0.046376
2405.0647,0.046357
2405.2977,0.046378
2405.5307,0.046435
2405.7636,0.046513
2405.9966,0.046591
2406.2295,0.046651
2406.4625,0.046685
2406.6954,0.046696
2406.9284,0.046693
2407.1614,0.046687
2407.3943,0.046683
2407.6273,0.046681
2407.8602,0.046676
2408.0932,0.046666
2408.3262,0.046654
2408.5591,0.046647
2408.7921,0.046654
2409.0250,0.046675
2409.2580,0.046706
2409.4910,0.046734
2409.7239,0.046747
2409.9569,0.046737
2410.1898,0.046705
2410.4228,0.046660
2410.6557,0.046617
2410.8887,0.046585
2411.1217,0.046566
2411.3546,0.046556
2411.5876,0.046547
2411.8205,0.046535
2412.0535,0.046521
2412.2865,0.046513
2412.5194,0.046516
2412.7524,0.046532
2412.9853,0.046555
2413.2183,0.046575
2413.4512,0.046580
2413.6842,0.046568
2413.9172,0.046543
2414.1501,0.046521
2414.3831,0.046514
2414.6160,0.046530
2414.8490,0.046565
2415.0820,0.046606
2415.3149,0.046641
2415.5479,0.046662
2415.7808,0.046674
2416.0138,0.046690
2416.2468,0.046724
2416.4797,0.046782
2416.7127,0.046858
2416.9456,0.046937
2417.1786,0.046996
2417.4115,0.047023
2417.6445,0.047018
2417.8775,0.046995
2418.1104,0.046975
2418.3434,0.046976
2418.5763,0.047004
2418.8093,0.047049
2419.0423,0.047093
2419.2752,0.047115
2419.5082,0.047107
2419.7411,0.047071
2419.9741,0.047023
2420.2070,0.046978
2420.4400,0.046949
2420.6730,0.046939
2420.9059,0.046940
2421.1389,0.046943
2421.3718,0.046940
2421.6048,0.046932
2421.8378,0.046924
2422.0707,0.046926
2422.3037,0.046944
2422.5366,0.046979
2422.7696,0.047026
2423.0026,0.047079
2423.2355,0.047130
2423.4685,0.047176
2423.7014,0.047213
2423.9344,0.047240
2424.1673,0.047254
2424.4003,0.047250
2424.6333,0.047229
2424.8662,0.047191
2425.0992,0.047144
2425.3321,0.047100
2425.5651,0.047069
2425.7981,0.047056
2426.0310,0.047061
2426.2640,0.047077
2426.4969,0.047096
2426.7299,0.047114
2426.9628,0.047129
2427.1958,0.047146
2427.4288,0.047166
2427.6617,0.047188
2427.8947,0.047204
2428.1276,0.047203
2428.3606,0.047176
2428.5936,0.047120
2428.8265,0.047045
2429.0595,0.046966
2429.2924,0.046898
2429.5254,0.046854
2429.7584,0.046835
2429.9913,0.046832
2430.2243,0.046837
2430.4572,0.046841
2430.6902,0.046841
2430.9231,0.046843
2431.1561,0.046853
2431.3891,0.046876
2431.6220,0.046909
2431.8550,0.046945
2432.0879,0.046975
2432.3209,0.046994
2432.5539,0.047001
2432.7868,0.046997
2433.0198,0.046988
2433.2527,0.046974
2433.4857,0.046950
2433.7186,0.046911
2433.9516,0.046854
2434.1846,0.046786
2434.4175,0.046721
2434.6505,0.046677
2434.8834,0.046668
2435.1164,0.046698
2435.3494,0.046757
2435.5823,0.046826
2435.8153,0.046883
2436.0482,0.046915
2436.2812,0.046921
2436.5142,0.046911
2436.7471,0.046903
2436.9801,0.046911
2437.2130,0.046940
2437.4460,0.046985
2437.6789,0.047036
2437.9119,0.047082
2438.1449,0.047117
2438.3778,0.047139
2438.6108,0.047151
2438.8437,0.047156
2439.0767,0.047152
2439.3097,0.047136
2439.5426,0.047104
2439.7756,0.047061
2440.0085,0.047019
2440.2415,0.046993
2440.4744,0.046997
2440.7074,0.047035
2440.9404,0.047103
2441.1733,0.047187
2441.4063,0.047271
2441.6392,0.047342
2441.8722,0.047400
2442.1052,0.047450
2442.3381,0.047502
2442.5711,0.047561
2442.8040,0.047624
2443.0370,0.047683
2443.2700,0.047727
2443.5029,0.047749
2443.7359,0.047751
2443.9688,0.047744
2444.2018,0.047739
2444.4347,0.047745
2444.6677,0.047762
2444.9007,0.047784
2445.1336,0.047802
2445.3666,0.047813
2445.5995,0.047820
2445.8325,0.047834
2446.0655,0.047865
2446.2984,0.047915
2446.5314,0.047980
2446.7643,0.048043
2446.9973,0.048087
2447.2302,0.048101
2447.4632,0.048084
2447.6962,0.048043
2447.9291,0.047993
2448.1621,0.047945
2448.3950,0.047902
2448.6280,0.047862
2448.8610,0.047820
2449.0939,0.047775
2449.3269,0.047732
2449.5598,0.047705
2449.7928,0.047705
2450.0258,0.047740
2450.2587,0.047805
2450.4917,0.047885
2450.7246,0.047962
2450.9576,0.048023
2451.1905,0.048060
2451.4235,0.048080
2451.6565,0.048090
2451.8894,0.048096
2452.1224,0.048100
2452.3553,0.048093
2452.5883,0.048068
2452.8213,0.048020
2453.0542,0.047955
2453.2872,0.047888
2453.5201,0.047837
2453.7531,0.047814
2453.9860,0.047824
2454.2190,0.047859
2454.4520,0.047905
2454.6849,0.047947
2454.9179,0.047980
2455.1508,0.048002
2455.3838,0.048019
2455.6168,0.048032
2455.8497,0.048039
2456.0827,0.048033
2456.3156,0.048007
2456.5486,0.047959
2456.7816,0.047896
2457.0145,0.047835
2457.2475,0.047792
2457.4804,0.047779
2457.7134,0.047795
2457.9463,0.047826
2458.1793,0.047854
2458.4123,0.047862
2458.6452,0.047847
2458.8782,0.047814
2459.1111,0.047782
2459.3441,0.047768
2459.5771,0.047781
2459.8100,0.047818
2460.0430,0.047864
2460.2759,0.047900
2460.5089,0.047912
2460.7418,0.047895
2460.9748,0.047852
2461.2078,0.047797
2461.4407,0.047741
2461.6737,0.047692
2461.9066,0.047655
2462.1396,0.047627
2462.3726,0.047606
2462.6055,0.047590
2462.8385,0.047578
2463.0714,0.047567
2463.3044,0.047554
2463.5374,0.047537
2463.7703,0.047510
2464.0033,0.047476
2464.2362,0.047440
2464.4692,0.047412
2464.7021,0.047402
2464.9351,0.047417
2465.1681,0.047457
2465.4010,0.047514
2465.6340,0.047577
2465.8669,0.047632
2466.0999,0.047673
2466.3329,0.047698
2466.5658,0.047711
2466.7988,0.047719
2467.0317,0.047727
2467.2647,0.047736
2467.4976,0.047746
2467.7306,0.047756
2467.9636,0.047765
2468.1965,0.047774
2468.4295,0.047788
2468.6624,0.047808
2468.8954,0.047836
2469.1284,0.047868
2469.3613,0.047902
2469.5943,0.047935
2469.8272,0.047963
2470.0602,0.047984
2470.2932,0.047996
2470.5261,0.047997
2470.7591,0.047985
2470.9920,0.047960
2471.2250,0.047925
2471.4579,0.047885
2471.6909,0.047846
2471.9239,0.047811
2472.1568,0.047779
2472.3898,0.047744
2472.6227,0.047695
2472.8557,0.047627
2473.0887,0.047542
2473.3216,0.047451
2473.5546,0.047374
2473.7875,0.047331
2474.0205,0.047335
2474.2534,0.047386
2474.4864,0.047469
2474.7194,0.047562
2474.9523,0.047640
2475.1853,0.047687
2475.4182,0.047698
2475.6512,0.047676
2475.8842,0.047634
2476.1171,0.047581
2476.3501,0.047528
2476.5830,0.047479
2476.8160,0.047437
2477.0490,0.047410
2477.2819,0.047403
2477.5149,0.047422
2477.7478,0.047467
2477.9808,0.047532
2478.2137,0.047602
2478.4467,0.047661
2478.6797,0.047694
2478.9126,0.047699
2479.1456,0.047679
2479.3785,0.047648
2479.6115,0.047617
2479.8445,0.047597
2480.0774,0.047588
2480.3104,0.047587
2480.5433,0.047588
2480.7763,0.047590
2481.0092,0.047596
2481.2422,0.047610
2481.4752,0.047635
2481.7081,0.047665
2481.9411,0.047691
2482.1740,0.047698
2482.4070,0.047678
2482.6400,0.047630
2482.8729,0.047565
2483.1059,0.047500
2483.3388,0.047451
2483.5718,0.047427
2483.8048,0.047425
2484.0377,0.047436
2484.2707,0.047449
2484.5036,0.047455
2484.7366,0.047453
2484.9695,0.047447
2485.2025,0.047446
2485.4355,0.047451
2485.6684,0.047462
2485.9014,0.047473
2486.1343,0.047482
2486.3673,0.047491
2486.6003,0.047508
2486.8332,0.047541
2487.0662,0.047597
2487.2991,0.047672
2487.5321,0.047751
2487.7650,0.047816
2487.9980,0.047852
2488.2310,0.047852
2488.4639,0.047824
2488.6969,0.047784
2488.9298,0.047753
2489.1628,0.047743
2489.3958,0.047756
2489.6287,0.047784
2489.8617,0.047817
2490.0946,0.047843
2490.3276,0.047863
2490.5606,0.047882
2490.7935,0.047908
2491.0265,0.047945
2491.2594,0.047989
2491.4924,0.048030
2491.7253,0.048052
2491.9583,0.048047
2492.1913,0.048013
2492.4242,0.047960
2492.6572,0.047902
2492.8901,0.047852
2493.1231,0.047820
2493.3561,0.047809
2493.5890,0.047818
2493.8220,0.047842
2494.0549,0.047876
2494.2879,0.047917
2494.5208,0.047956
2494.7538,0.047985
2494.9868,0.047992
2495.2197,0.047969
2495.4527,0.047914
2495.6856,0.047834
2495.9186,0.047746
2496.1516,0.047671
2496.3845,0.047628
2496.6175,0.047626
2496.8504,0.047660
2497.0834,0.047719
2497.3164,0.047788
2497.5493,0.047856
2497.7823,0.047918
2498.0152,0.047973
2498.2482,0.048023
2498.4811,0.048065
2498.7141,0.048095
2498.9471,0.048105
2499.1800,0.048094
2499.4130,0.048064
2499.6459,0.048027
2499.8789,0.047999
2500.1119,0.047989
2500.3448,0.048000
2500.5778,0.048023
2500.8107,0.048044
2501.0437,0.048051
2501.2766,0.048041
2501.5096,0.048017
2501.7426,0.047993
2501.9755,0.047982
2502.2085,0.047988
2502.4414,0.048009
2502.6744,0.048031
2502.9074,0.048044
2503.1403,0.048043
2503.3733,0.048030
2503.6062,0.048017
2503.8392,0.048016
2504.0722,0.048034
2504.3051,0.048066
2504.5381,0.048106
2504.7710,0.048143
2505.0040,0.048172
2505.2369,0.048195
2505.4699,0.048220
2505.7029,0.048254
2505.9358,0.048298
2506.1688,0.048347
2506.4017,0.048391
2506.6347,0.048420
2506.8677,0.048435
2507.1006,0.048445
2507.3336,0.048462
2507.5665,0.048500
2507.7995,0.048558
2508.0324,0.048625
2508.2654,0.048683
2508.4984,0.048710
2508.7313,0.048699
2508.9643,0.048654
2509.1972,0.048594
2509.4302,0.048541
2509.6632,0.048512
2509.8961,0.048513
2510.1291,0.048534
2510.3620,0.048562
2510.5950,0.048580
2510.8280,0.048584
2511.0609,0.048575
2511.2939,0.048561
2511.5268,0.048552
2511.7598,0.048550
2511.9927,0.048555
2512.2257,0.048562
2512.4587,0.048570
2512.6916,0.048583
2512.9246,0.048608
2513.1575,0.048651
2513.3905,0.048709
2513.6235,0.048772
2513.8564,0.048823
2514.0894,0.048843
2514.3223,0.048825
2514.5553,0.048773
2514.7882,0.048704
2515.0212,0.048641
2515.2542,0.048602
2515.4871,0.048593
2515.7201,0.048610
2515.9530,0.048640
2516.1860,0.048668
2516.4190,0.048687
2516.6519,0.048697
2516.8849,0.048704
2517.1178,0.048717
2517.3508,0.048739
2517.5838,0.048770
2517.8167,0.048802
2518.0497,0.048829
2518.2826,0.048846
2518.5156,0.048853
2518.7485,0.048853
2518.9815,0.048850
2519.2145,0.048845
2519.4474,0.048839
2519.6804,0.048830
2519.9133,0.048821
2520.1463,0.048815
2520.3793,0.048817
2520.6122,0.048830
2520.8452,0.048853
2521.0781,0.048883
2521.3111,0.048914
2521.5440,0.048944
2521.7770,0.048973
2522.0100,0.049007
2522.2429,0.049051
2522.4759,0.049109
2522.7088,0.049174
2522.9418,0.049235
2523.1748,0.049278
2523.4077,0.049294
2523.6407,0.049284
2523.8736,0.049257
2524.1066,0.049231
2524.3396,0.049222
2524.5725,0.049235
2524.8055,0.049267
2525.0384,0.049307
2525.2714,0.049343
2525.5043,0.049368
2525.7373,0.049384
2525.9703,0.049397
2526.2032,0.049416
2526.4362,0.049439
2526.6691,0.049459
2526.9021,0.049464
2527.1351,0.049441
2527.3680,0.049390
2527.6010,0.049321
2527.8339,0.049256
2528.0669,0.049216
2528.2998,0.049216
2528.5328,0.049257
2528.7658,0.049327
2528.9987,0.049405
2529.2317,0.049473
2529.4646,0.049517
2529.6976,0.049533
2529.9306,0.049524
2530.1635,0.049495
2530.3965,0.049451
2530.6294,0.049398
2530.8624,0.049340
2531.0954,0.049286
2531.3283,0.049244
2531.5613,0.049226
2531.7942,0.049236
2532.0272,0.049268
2532.2601,0.049311
2532.4931,0.049348
2532.7261,0.049367
2532.9590,0.049366
2533.1920,0.049354
2533.4249,0.049348
2533.6579,0.049363
2533.8909,0.049404
2534.1238,0.049465
2534.3568,0.049528
2534.5897,0.049575
2534.8227,0.049595
2535.0556,0.049590
2535.2886,0.049573
2535.5216,0.049560
2535.7545,0.049563
2535.9875,0.049583
2536.2204,0.049613
2536.4534,0.049636
2536.6864,0.049644
2536.9193,0.049633
2537.1523,0.049615
2537.3852,0.049604
2537.6182,0.049612
2537.8511,0.049647
2538.0841,0.049701
2538.3171,0.049765
2538.5500,0.049822
2538.7830,0.049864
2539.0159,0.049886
2539.2489,0.049891
2539.4819,0.049883
2539.7148,0.049866
2539.9478,0.049841
2540.1807,0.049808
2540.4137,0.049770
2540.6467,0.049731
2540.8796,0.049697
2541.1126,0.049675
2541.3455,0.049665
2541.5785,0.049666
2541.8114,0.049670
2542.0444,0.049672
2542.2774,0.049673
2542.5103,0.049676
2542.7433,0.049692
2542.9762,0.049727
2543.2092,0.049784
2543.4422,0.049857
2543.6751,0.049936
2543.9081,0.050012
2544.1410,0.050079
2544.3740,0.050141
2544.6069,0.050205
2544.8399,0.050278
2545.0729,0.050365
2545.3058,0.050460
2545.5388,0.050552
2545.7717,0.050627
2546.0047,0.050674
2546.2377,0.050690
2546.4706,0.050676
2546.7036,0.050639
2546.9365,0.050584
2547.1695,0.050516
2547.4025,0.050440
2547.6354,0.050361
2547.8684,0.050290
2548.1013,0.050240
2548.3343,0.050222
2548.5672,0.050239
2548.8002,0.050283
2549.0332,0.050336
2549.2661,0.050376
2549.4991,0.050385
2549.7320,0.050357
2549.9650,0.050301
2550.1980,0.050237
2550.4309,0.050186
2550.6639,0.050163
2550.8968,0.050171
2551.1298,0.050203
2551.3627,0.050244
2551.5957,0.050284
2551.8287,0.050317
2552.0616,0.050343
2552.2946,0.050368
2552.5275,0.050395
2552.7605,0.050423
2552.9935,0.050447
2553.2264,0.050461
2553.4594,0.050463
2553.6923,0.050455
2553.9253,0.050444
2554.1583,0.050436
2554.3912,0.050433
2554.6242,0.050431
2554.8571,0.050425
2555.0901,0.050410
2555.3230,0.050386
2555.5560,0.050359
2555.7890,0.050338
2556.0219,0.050328
2556.2549,0.050326
2556.4878,0.050319
2556.7208,0.050291
2556.9538,0.050231
2557.1867,0.050139
2557.4197,0.050032
2557.6526,0.049936
2557.8856,0.049880
2558.1185,0.049880
2558.3515,0.049939
2558.5845,0.050042
2558.8174,0.050161
2559.0504,0.050267
2559.2833,0.050338
2559.5163,0.050363
2559.7493,0.050343
2559.9822,0.050288
2560.2152,0.050211
2560.4481,0.050126
2560.6811,0.050045
2560.9141,0.049980
2561.1470,0.049942
2561.3800,0.049936
2561.6129,0.049964
2561.8459,0.050016
2562.0788,0.050076
2562.3118,0.050125
2562.5448,0.050147
2562.7777,0.050134
2563.0107,0.050090
2563.2436,0.050030
2563.4766,0.049969
2563.7096,0.049924
2563.9425,0.049902
2564.1755,0.049903
2564.4084,0.049919
2564.6414,0.049942
2564.8743,0.049966
2565.1073,0.049986
2565.3403,0.049998
2565.5732,0.050001
2565.8062,0.049992
2566.0391,0.049970
2566.2721,0.049939
2566.5051,0.049904
2566.7380,0.049877
2566.9710,0.049868
2567.2039,0.049880
2567.4369,0.049910
2567.6699,0.049947
2567.9028,0.049979
2568.1358,0.049997
2568.3687,0.049999
2568.6017,0.049995
2568.8346,0.049996
2569.0676,0.050014
2569.3006,0.050050
2569.5335,0.050097
2569.7665,0.050141
2569.9994,0.050167
2570.2324,0.050170
2570.4654,0.050152
2570.6983,0.050126
2570.9313,0.050106
2571.1642,0.050104
2571.3972,0.050121
2571.6301,0.050151
2571.8631,0.050182
2572.0961,0.050203
2572.3290,0.050209
2572.5620,0.050202
2572.7949,0.050191
2573.0279,0.050182
2573.2609,0.050183
2573.4938,0.050196
2573.7268,0.050221
2573.9597,0.050256
2574.1927,0.050299
2574.4257,0.050344
2574.6586,0.050388
2574.8916,0.050422
2575.1245,0.050440
2575.3575,0.050437
2575.5904,0.050416
2575.8234,0.050386
2576.0564,0.050361
2576.2893,0.050354
2576.5223,0.050372
2576.7552,0.050412
2576.9882,0.050465
2577.2212,0.050515
2577.4541,0.050553
2577.6871,0.050579
2577.9200,0.050600
2578.1530,0.050628
2578.3859,0.050672
2578.6189,0.050734
2578.8519,0.050802
2579.0848,0.050862
2579.3178,0.050900
2579.5507,0.050910
2579.7837,0.050897
2580.0167,0.050875
2580.2496,0.050861
2580.4826,0.050865
2580.7155,0.050887
2580.9485,0.050919
2581.1815,0.050946
2581.4144,0.050956
2581.6474,0.050943
2581.8803,0.050909
2582.1133,0.050861
2582.3462,0.050806
2582.5792,0.050752
2582.8122,0.050702
2583.0451,0.050662
2583.2781,0.050639
2583.5110,0.050641
2583.7440,0.050677
2583.9770,0.050750
2584.2099,0.050857
2584.4429,0.050983
2584.6758,0.051109
2584.9088,0.051216
2585.1417,0.051288
2585.3747,0.051320
2585.6077,0.051314
2585.8406,0.051280
2586.0736,0.051226
2586.3065,0.051160
2586.5395,0.051089
2586.7725,0.051018
2587.0054,0.050955
2587.2384,0.050909
2587.4713,0.050888
2587.7043,0.050899
2587.9373,0.050941
2588.1702,0.051007
2588.4032,0.051087
2588.6361,0.051170
2588.8691,0.051247
2589.1020,0.051315
2589.3350,0.051374
2589.5680,0.051424
2589.8009,0.051461
2590.0339,0.051480
2590.2668,0.051479
2590.4998,0.051456
2590.7328,0.051419
2590.9657,0.051380
2591.1987,0.051352
2591.4316,0.051345
2591.6646,0.051359
2591.8975,0.051387
2592.1305,0.051418
2592.3635,0.051442
2592.5964,0.051455
2592.8294,0.051462
2593.0623,0.051471
2593.2953,0.051490
2593.5283,0.051522
2593.7612,0.051561
2593.9942,0.051596
2594.2271,0.051617
2594.4601,0.051621
2594.6931,0.051611
2594.9260,0.051599
2595.1590,0.051597
2595.3919,0.051616
2595.6249,0.051658
2595.8578,0.051717
2596.0908,0.051783
2596.3238,0.051846
2596.5567,0.051896
2596.7897,0.051930
2597.0226,0.051947
2597.2556,0.051949
2597.4886,0.051938
2597.7215,0.051921
2597.9545,0.051907
2598.1874,0.051905
2598.4204,0.051927
2598.6533,0.051978
2598.8863,0.052056
2599.1193,0.052148
2599.3522,0.052238
2599.5852,0.052306
2599.8181,0.052341
2600.0511,0.052343
2600.2841,0.052325
2600.5170,0.052302
2600.7500,0.052292
2600.9829,0.052305
2601.2159,0.052339
2601.4489,0.052386
2601.6818,0.052433
2601.9148,0.052474
2602.1477,0.052503
2602.3807,0.052524
2602.6136,0.052541
2602.8466,0.052553
2603.0796,0.052560
2603.3125,0.052555
2603.5455,0.052537
2603.7784,0.052505
2604.0114,0.052465
2604.2444,0.052428
2604.4773,0.052402
2604.7103,0.052393
2604.9432,0.052400
2605.1762,0.052419
2605.4091,0.052446
2605.6421,0.052476
2605.8751,0.052512
2606.1080,0.052553
2606.3410,0.052601
2606.5739,0.052651
2606.8069,0.052696
2607.0399,0.052727
2607.2728,0.052741
2607.5058,0.052741
2607.7387,0.052737
2607.9717,0.052743
2608.2047,0.052770
2608.4376,0.052821
2608.6706,0.052889
2608.9035,0.052959
2609.1365,0.053017
2609.3694,0.053052
2609.6024,0.053059
2609.8354,0.053044
2610.0683,0.053016
2610.3013,0.052984
2610.5342,0.052957
2610.7672,0.052939
2611.0002,0.052933
2611.2331,0.052942
2611.4661,0.052968
2611.6990,0.053012
2611.9320,0.053072
2612.1649,0.053141
2612.3979,0.053209
2612.6309,0.053264
2612.8638,0.053297
2613.0968,0.053307
2613.3297,0.053299
2613.5627,0.053284
2613.7957,0.053272
2614.0286,0.053271
2614.2616,0.053285
2614.4945,0.053312
2614.7275,0.053348
2614.9605,0.053388
2615.1934,0.053429
2615.4264,0.053467
2615.6593,0.053500
2615.8923,0.053525
2616.1252,0.053538
2616.3582,0.053540
2616.5912,0.053533
2616.8241,0.053522
2617.0571,0.053516
2617.2900,0.053516
2617.5230,0.053522
2617.7560,0.053525
2617.9889,0.053516
2618.2219,0.053489
2618.4548,0.053446
2618.6878,0.053398
2618.9207,0.053360
2619.1537,0.053349
2619.3867,0.053374
2619.6196,0.053431
2619.8526,0.053507
2620.0855,0.053584
2620.3185,0.053647
2620.5515,0.053687
2620.7844,0.053705
2621.0174,0.053709
2621.2503,0.053708
2621.4833,0.053708
2621.7163,0.053709
2621.9492,0.053710
2622.1822,0.053707
2622.4151,0.053702
2622.6481,0.053700
2622.8810,0.053705
2623.1140,0.053721
2623.3470,0.053747
2623.5799,0.053778
2623.8129,0.053807
2624.0458,0.053831
2624.2788,0.053850
2624.5118,0.053871
2624.7447,0.053900
2624.9777,0.053939
2625.2106,0.053985
2625.4436,0.054028
2625.6765,0.054058
2625.9095,0.054069
2626.1425,0.054062
2626.3754,0.054048
2626.6084,0.054041
2626.8413,0.054053
2627.0743,0.054088
2627.3073,0.054144
2627.5402,0.054208
2627.7732,0.054269
2628.0061,0.054315
2628.2391,0.054341
2628.4721,0.054348
2628.7050,0.054337
2628.9380,0.054314
2629.1709,0.054282
2629.4039,0.054243
2629.6368,0.054202
2629.8698,0.054164
2630.1028,0.054137
2630.3357,0.054123
2630.5687,0.054123
2630.8016,0.054130
2631.0346,0.054135
2631.2676,0.054131
2631.5005,0.054118
2631.7335,0.054103
2631.9664,0.054097
2632.1994,0.054112
2632.4323,0.054153
2632.6653,0.054214
2632.8983,0.054284
2633.1312,0.054345
2633.3642,0.054386
2633.5971,0.054404
2633.8301,0.054406
2634.0631,0.054405
2634.2960,0.054412
2634.5290,0.054433
2634.7619,0.054466
2634.9949,0.054502
2635.2279,0.054531
2635.4608,0.054548
2635.6938,0.054551
2635.9267,0.054546
2636.1597,0.054539
2636.3926,0.054531
2636.6256,0.054524
2636.8586,0.054513
2637.0915,0.054499
2637.3245,0.054486
2637.5574,0.054480
2637.7904,0.054492
2638.0234,0.054528
2638.2563,0.054587
2638.4893,0.054660
2638.7222,0.054734
2638.9552,0.054795
2639.1881,0.054837
2639.4211,0.054857
2639.6541,0.054862
2639.8870,0.054860
2640.1200,0.054860
2640.3529,0.054866
2640.5859,0.054876
2640.8189,0.054892
2641.0518,0.054910
2641.2848,0.054931
2641.5177,0.054955
2641.7507,0.054981
2641.9837,0.055007
2642.2166,0.055027
2642.4496,0.055038
2642.6825,0.055042
2642.9155,0.055042
2643.1484,0.055048
2643.3814,0.055067
2643.6144,0.055099
2643.8473,0.055142
2644.0803,0.055185
2644.3132,0.055218
2644.5462,0.055235
2644.7792,0.055236
2645.0121,0.055231
2645.2451,0.055230
2645.4780,0.055243
2645.7110,0.055273
2645.9439,0.055315
2646.1769,0.055360
2646.4099,0.055399
2646.6428,0.055427
2646.8758,0.055443
2647.1087,0.055450
2647.3417,0.055449
2647.5747,0.055442
2647.8076,0.055423
2648.0406,0.055390
2648.2735,0.055345
2648.5065,0.055295
2648.7395,0.055255
2648.9724,0.055239
2649.2054,0.055257
2649.4383,0.055310
2649.6713,0.055386
2649.9042,0.055469
2650.1372,0.055539
2650.3702,0.055586
2650.6031,0.055608
2650.8361,0.055610
2651.0690,0.055604
2651.3020,0.055601
2651.5350,0.055606
2651.7679,0.055622
2652.0009,0.055647
2652.2338,0.055676
2652.4668,0.055710
2652.6997,0.055745
2652.9327,0.055782
2653.1657,0.055815
2653.3986,0.055842
2653.6316,0.055857
2653.8645,0.055860
2654.0975,0.055855
2654.3305,0.055851
2654.5634,0.055854
2654.7964,0.055872
2655.0293,0.055902
2655.2623,0.055938
2655.4953,0.055969
2655.7282,0.055988
2655.9612,0.055993
2656.1941,0.055989
2656.4271,0.055983
2656.6600,0.055986
2656.8930,0.056000
2657.1260,0.056023
2657.3589,0.056048
2657.5919,0.056067
2657.8248,0.056076
2658.0578,0.056073
2658.2908,0.056063
2658.5237,0.056050
2658.7567,0.056039
2658.9896,0.056030
2659.2226,0.056020
2659.4555,0.056008
2659.6885,0.055994
2659.9215,0.055978
2660.1544,0.055966
2660.3874,0.055959
2660.6203,0.055956
2660.8533,0.055953
2661.0863,0.055944
2661.3192,0.055926
2661.5522,0.055902
2661.7851,0.055875
2662.0181,0.055851
2662.2511,0.055834
2662.4840,0.055823
2662.7170,0.055813
2662.9499,0.055795
2663.1829,0.055766
2663.4158,0.055727
2663.6488,0.055684
2663.8818,0.055647
2664.1147,0.055623
2664.3477,0.055613
2664.5806,0.055615
2664.8136,0.055618
2665.0466,0.055617
2665.2795,0.055609
2665.5125,0.055597
2665.7454,0.055591
2665.9784,0.055598
2666.2113,0.055621
2666.4443,0.055658
2666.6773,0.055699
2666.9102,0.055734
2667.1432,0.055755
2667.3761,0.055758
2667.6091,0.055747
2667.8421,0.055725
2668.0750,0.055699
2668.3080,0.055670
2668.5409,0.055639
2668.7739,0.055607
2669.0069,0.055575
2669.2398,0.055550
2669.4728,0.055536
2669.7057,0.055538
2669.9387,0.055555
2670.1716,0.055582
2670.4046,0.055611
2670.6376,0.055632
2670.8705,0.055641
2671.1035,0.055636
2671.3364,0.055620
2671.5694,0.055599
2671.8024,0.055576
2672.0353,0.055554
2672.2683,0.055533
2672.5012,0.055514
2672.7342,0.055498
2672.9671,0.055487
2673.2001,0.055483
2673.4331,0.055487
2673.6660,0.055493
2673.8990,0.055495
2674.1319,0.055485
2674.3649,0.055459
2674.5979,0.055420
2674.8308,0.055371
2675.0638,0.055323
2675.2967,0.055280
2675.5297,0.055247
2675.7626,0.055220
2675.9956,0.055197
2676.2286,0.055173
2676.4615,0.055150
2676.6945,0.055131
2676.9274,0.055122
2677.1604,0.055125
2677.3934,0.055138
2677.6263,0.055155
2677.8593,0.055169
2678.0922,0.055174
2678.3252,0.055173
2678.5582,0.055168
2678.7911,0.055169
2679.0241,0.055181
2679.2570,0.055205
2679.4900,0.055237
2679.7229,0.055267
2679.9559,0.055291
2680.1889,0.055304
2680.4218,0.055310
2680.6548,0.055313
2680.8877,0.055318
2681.1207,0.055324
2681.3537,0.055327
2681.5866,0.055318
2681.8196,0.055292
2682.0525,0.055247
2682.2855,0.055191
2682.5184,0.055131
2682.7514,0.055078
2682.9844,0.055038
2683.2173,0.055013
2683.4503,0.054997
2683.6832,0.054989
2683.9162,0.054985
2684.1492,0.054986
2684.3821,0.054997
2684.6151,0.055018
2684.8480,0.055048
2685.0810,0.055084
2685.3140,0.055118
2685.5469,0.055146
2685.7799,0.055168
2686.0128,0.055186
2686.2458,0.055204
2686.4787,0.055223
2686.7117,0.055240
2686.9447,0.055247
2687.1776,0.055233
2687.4106,0.055196
2687.6435,0.055138
2687.8765,0.055072
2688.1095,0.055012
2688.3424,0.054975
2688.5754,0.054966
2688.8083,0.054983
2689.0413,0.055017
2689.2742,0.055054
2689.5072,0.055083
2689.7402,0.055102
2689.9731,0.055111
2690.2061,0.055117
2690.4390,0.055123
2690.6720,0.055129
2690.9050,0.055133
2691.1379,0.055130
2691.3709,0.055117
2691.6038,0.055095
2691.8368,0.055069
2692.0698,0.055042
2692.3027,0.055018
2692.5357,0.054997
2692.7686,0.054976
2693.0016,0.054953
2693.2345,0.054929
2693.4675,0.054906
2693.7005,0.054889
2693.9334,0.054882
2694.1664,0.054887
2694.3993,0.054899
2694.6323,0.054913
2694.8653,0.054924
2695.0982,0.054931
2695.3312,0.054936
2695.5641,0.054943
2695.7971,0.054956
2696.0300,0.054974
2696.2630,0.054994
2696.4960,0.055009
2696.7289,0.055013
2696.9619,0.055004
2697.1948,0.054987
2697.4278,0.054966
2697.6608,0.054948
2697.8937,0.054936
2698.1267,0.054926
2698.3596,0.054916
2698.5926,0.054901
2698.8256,0.054884
2699.0585,0.054868
2699.2915,0.054861
2699.5244,0.054871
2699.7574,0.054899
2699.9903,0.054940
2700.2233,0.054985
2700.4563,0.055025
2700.6892,0.055055
2700.9222,0.055075
2701.1551,0.055090
2701.3881,0.055105
2701.6211,0.055124
2701.8540,0.055146
2702.0870,0.055166
2702.3199,0.055180
2702.5529,0.055186
2702.7858,0.055185
2703.0188,0.055182
2703.2518,0.055182
2703.4847,0.055188
2703.7177,0.055199
2703.9506,0.055211
2704.1836,0.055222
2704.4166,0.055231
2704.6495,0.055239
2704.8825,0.055251
2705.1154,0.055272
2705.3484,0.055301
2705.5814,0.055334
2705.8143,0.055363
2706.0473,0.055379
2706.2802,0.055380
2706.5132,0.055367
2706.7461,0.055348
2706.9791,0.055332
2707.2121,0.055327
2707.4450,0.055336
2707.6780,0.055359
2707.9109,0.055392
2708.1439,0.055432
2708.3769,0.055476
2708.6098,0.055520
2708.8428,0.055563
2709.0757,0.055601
2709.3087,0.055632
2709.5416,0.055653
2709.7746,0.055665
2710.0076,0.055673
2710.2405,0.055682
2710.4735,0.055699
2710.7064,0.055727
2710.9394,0.055761
2711.1724,0.055796
2711.4053,0.055820
2711.6383,0.055829
2711.8712,0.055821
2712.1042,0.055802
2712.3372,0.055781
2712.5701,0.055768
2712.8031,0.055768
2713.0360,0.055778
2713.2690,0.055796
2713.5019,0.055817
2713.7349,0.055840
2713.9679,0.055869
2714.2008,0.055909
2714.4338,0.055965
2714.6667,0.056037
2714.8997,0.056115
2715.1327,0.056189
2715.3656,0.056247
2715.5986,0.056280
2715.8315,0.056289
2716.0645,0.056281
2716.2974,0.056265
2716.5304,0.056253
2716.7634,0.056251
2716.9963,0.056262
2717.2293,0.056286
2717.4622,0.056321
2717.6952,0.056364
2717.9282,0.056414
2718.1611,0.056468
2718.3941,0.056525
2718.6270,0.056579
2718.8600,0.056627
2719.0930,0.056668
2719.3259,0.056704
2719.5589,0.056740
2719.7918,0.056778
2720.0248,0.056823
2720.2577,0.056871
2720.4907,0.056918
2720.7237,0.056958
2720.9566,0.056987
2721.1896,0.057008
2721.4225,0.057025
2721.6555,0.057047
2721.8885,0.057081
2722.1214,0.057126
2722.3544,0.057178
2722.5873,0.057231
2722.8203,0.057277
2723.0532,0.057313
2723.2862,0.057342
2723.5192,0.057369
2723.7521,0.057401
2723.9851,0.057441
2724.2180,0.057489
2724.4510,0.057542
2724.6840,0.057594
2724.9169,0.057644
2725.1499,0.057693
2725.3828,0.057744
2725.6158,0.057799
2725.8488,0.057860
2726.0817,0.057922
2726.3147,0.057982
2726.5476,0.058035
2726.7806,0.058081
2727.0135,0.058119
2727.2465,0.058152
2727.4795,0.058180
2727.7124,0.058201
2727.9454,0.058208
2728.1783,0.058196
2728.4113,0.058161
2728.6443,0.058104
2728.8772,0.058033
2729.1102,0.057957
2729.3431,0.057883
2729.5761,0.057816
2729.8090,0.057753
2730.0420,0.057689
2730.2750,0.057619
2730.5079,0.057540
2730.7409,0.057453
2730.9738,0.057362
2731.2068,0.057271
2731.4398,0.057182
2731.6727,0.057097
2731.9057,0.057013
2732.1386,0.056933
2732.3716,0.056858
2732.6046,0.056796
2732.8375,0.056752
2733.0705,0.056728
2733.3034,0.056725
2733.5364,0.056735
2733.7693,0.056748
2734.0023,0.056756
2734.2353,0.056752
2734.4682,0.056735
2734.7012,0.056705
2734.9341,0.056664
2735.1671,0.056616
2735.4001,0.056561
2735.6330,0.056503
2735.8660,0.056446
2736.0989,0.056397
2736.3319,0.056362
2736.5648,0.056347
2736.7978,0.056350
2737.0308,0.056365
2737.2637,0.056382
2737.4967,0.056391
2737.7296,0.056386
2737.9626,0.056367
2738.1956,0.056336
2738.4285,0.056300
2738.6615,0.056263
2738.8944,0.056223
2739.1274,0.056180
2739.3604,0.056130
2739.5933,0.056074
2739.8263,0.056018
2740.0592,0.055970
2740.2922,0.055936
2740.5251,0.055920
2740.7581,0.055919
2740.9911,0.055923
2741.2240,0.055924
2741.4570,0.055917
2741.6899,0.055903
2741.9229,0.055888
2742.1559,0.055875
2742.3888,0.055869
2742.6218,0.055866
2742.8547,0.055858
2743.0877,0.055840
2743.3206,0.055810
2743.5536,0.055776
2743.7866,0.055749
2744.0195,0.055742
2744.2525,0.055760
2744.4854,0.055799
2744.7184,0.055844
2744.9514,0.055881
2745.1843,0.055897
2745.4173,0.055890
2745.6502,0.055869
2745.8832,0.055847
2746.1162,0.055836
2746.3491,0.055840
2746.5821,0.055854
2746.8150,0.055867
2747.0480,0.055871
2747.2809,0.055862
2747.5139,0.055847
2747.7469,0.055839
2747.9798,0.055852
2748.2128,0.055891
2748.4457,0.055952
2748.6787,0.056024
2748.9117,0.056090
2749.1446,0.056139
2749.3776,0.056165
2749.6105,0.056172
2749.8435,0.056167
2750.0764,0.056158
2750.3094,0.056150
2750.5424,0.056143
2750.7753,0.056136
2751.0083,0.056126
2751.2412,0.056113
2751.4742,0.056101
2751.7072,0.056089
2751.9401,0.056079
2752.1731,0.056066
2752.4060,0.056047
2752.6390,0.056018
2752.8720,0.055983
2753.1049,0.055947
2753.3379,0.055920
2753.5708,0.055907
2753.8038,0.055911
2754.0367,0.055925
2754.2697,0.055943
2754.5027,0.055957
2754.7356,0.055965
2754.9686,0.055970
2755.2015,0.055980
2755.4345,0.056005
2755.6675,0.056048
2755.9004,0.056107
2756.1334,0.056174
2756.3663,0.056239
2756.5993,0.056294
2756.8322,0.056336
2757.0652,0.056367
2757.2982,0.056389
2757.5311,0.056406
2757.7641,0.056419
2757.9970,0.056429
2758.2300,0.056436
2758.4630,0.056444
2758.6959,0.056455
2758.9289,0.056475
2759.1618,0.056503
2759.3948,0.056535
2759.6278,0.056563
2759.8607,0.056577
2760.0937,0.056571
2760.3266,0.056548
2760.5596,0.056515
2760.7925,0.056486
2761.0255,0.056473
2761.2585,0.056482
2761.4914,0.056511
2761.7244,0.056550
2761.9573,0.056590
2762.1903,0.056625
2762.4233,0.056655
2762.6562,0.056685
2762.8892,0.056723
2763.1221,0.056774
2763.3551,0.056836
2763.5880,0.056903
2763.8210,0.056965
2764.0540,0.057014
2764.2869,0.057045
2764.5199,0.057059
2764.7528,0.057060
2764.9858,0.057052
2765.2188,0.057040
2765.4517,0.057026
2765.6847,0.057012
2765.9176,0.057002
2766.1506,0.056999
2766.3836,0.057009
2766.6165,0.057034
2766.8495,0.057071
2767.0824,0.057117
2767.3154,0.057163
2767.5483,0.057204
2767.7813,0.057239
2768.0143,0.057269
2768.2472,0.057299
2768.4802,0.057333
2768.7131,0.057372
2768.9461,0.057412
2769.1791,0.057450
2769.4120,0.057481
2769.6450,0.057503
2769.8779,0.057519
2770.1109,0.057533
2770.3438,0.057549
2770.5768,0.057568
2770.8098,0.057586
2771.0427,0.057599
2771.2757,0.057602
2771.5086,0.057596
2771.7416,0.057585
2771.9746,0.057576
2772.2075,0.057576
2772.4405,0.057586
2772.6734,0.057607
2772.9064,0.057633
2773.1394,0.057662
2773.3723,0.057692
2773.6053,0.057724
2773.8382,0.057760
2774.0712,0.057802
2774.3041,0.057848
2774.5371,0.057893
2774.7701,0.057932
2775.0030,0.057963
2775.2360,0.057987
2775.4689,0.058009
2775.7019,0.058037
2775.9349,0.058075
2776.1678,0.058121
2776.4008,0.058167
2776.6337,0.058204
2776.8667,0.058225
2777.0996,0.058227
2777.3326,0.058216
2777.5656,0.058201
2777.7985,0.058191
2778.0315,0.058192
2778.2644,0.058204
2778.4974,0.058224
2778.7304,0.058248
2778.9633,0.058274
2779.1963,0.058305
2779.4292,0.058343
2779.6622,0.058389
2779.8952,0.058444
2780.1281,0.058501
2780.3611,0.058555
2780.5940,0.058600
2780.8270,0.058636
2781.0599,0.058666
2781.2929,0.058694
2781.5259,0.058726
2781.7588,0.058759
2781.9918,0.058790
2782.2247,0.058813
2782.4577,0.058825
2782.6907,0.058829
2782.9236,0.058832
2783.1566,0.058845
2783.3895,0.058874
2783.6225,0.058920
2783.8554,0.058978
2784.0884,0.059036
2784.3214,0.059085
2784.5543,0.059121
2784.7873,0.059145
2785.0202,0.059166
2785.2532,0.059193
2785.4862,0.059231
2785.7191,0.059279
2785.9521,0.059332
2786.1850,0.059381
2786.4180,0.059422
2786.6510,0.059453
2786.8839,0.059476
2787.1169,0.059498
2787.3498,0.059520
2787.5828,0.059545
2787.8157,0.059572
2788.0487,0.059601
2788.2817,0.059636
2788.5146,0.059680
2788.7476,0.059739
2788.9805,0.059815
2789.2135,0.059905
2789.4465,0.060000
2789.6794,0.060088
2789.9124,0.060158
2790.1453,0.060205
2790.3783,0.060232
2790.6112,0.060245
2790.8442,0.060257
2791.0772,0.060275
2791.3101,0.060305
2791.5431,0.060346
2791.7760,0.060395
2792.0090,0.060451
2792.2420,0.060512
2792.4749,0.060575
2792.7079,0.060640
2792.9408,0.060703
2793.1738,0.060760
2793.4068,0.060808
2793.6397,0.060848
2793.8727,0.060885
2794.1056,0.060927
2794.3386,0.060983
2794.5715,0.061055
2794.8045,0.061141
2795.0375,0.061232
2795.2704,0.061316
2795.5034,0.061385
2795.7363,0.061436
2795.9693,0.061475
2796.2023,0.061512
2796.4352,0.061559
2796.6682,0.061620
2796.9011,0.061695
2797.1341,0.061779
2797.3670,0.061864
2797.6000,0.061947
2797.8330,0.062028
2798.0659,0.062110
2798.2989,0.062199
2798.5318,0.062296
2798.7648,0.062401
2798.9978,0.062507
2799.2307,0.062610
2799.4637,0.062704
2799.6966,0.062790
2799.9296,0.062870
2800.1626,0.062947
2800.3955,0.063022
2800.6285,0.063092
2800.8614,0.063155
2801.0944,0.063209
2801.3273,0.063256
2801.5603,0.063300
2801.7933,0.063351
2802.0262,0.063413
2802.2592,0.063487
2802.4921,0.063571
2802.7251,0.063659
2802.9581,0.063745
2803.1910,0.063829
2803.4240,0.063916
2803.6569,0.064013
2803.8899,0.064126
2804.1228,0.064257
2804.3558,0.064400
2804.5888,0.064546
2804.8217,0.064686
2805.0547,0.064811
2805.2876,0.064920
2805.5206,0.065018
2805.7536,0.065110
2805.9865,0.065202
2806.2195,0.065297
2806.4524,0.065396
2806.6854,0.065496
2806.9184,0.065597
2807.1513,0.065698
2807.3843,0.065800
2807.6172,0.065904
2807.8502,0.066008
2808.0831,0.066112
2808.3161,0.066214
2808.5491,0.066312
2808.7820,0.066411
2809.0150,0.066515
2809.2479,0.066630
2809.4809,0.066756
2809.7139,0.066893
2809.9468,0.067036
2810.1798,0.067179
2810.4127,0.067321
2810.6457,0.067464
2810.8786,0.067616
2811.1116,0.067782
2811.3446,0.067964
2811.5775,0.068160
2811.8105,0.068357
2812.0434,0.068547
2812.2764,0.068718
2812.5094,0.068872
2812.7423,0.069013
2812.9753,0.069155
2813.2082,0.069308
2813.4412,0.069478
2813.6741,0.069667
2813.9071,0.069868
2814.1401,0.070076
2814.3730,0.070286
2814.6060,0.070496
2814.8389,0.070709
2815.0719,0.070926
2815.3049,0.071147
2815.5378,0.071371
2815.7708,0.071595
2816.0037,0.071818
2816.2367,0.072043
2816.4697,0.072278
2816.7026,0.072531
2816.9356,0.072808
2817.1685,0.073110
2817.4015,0.073432
2817.6344,0.073766
2817.8674,0.074105
2818.1004,0.074444
2818.3333,0.074785
2818.5663,0.075132
2818.7992,0.075488
2819.0322,0.075852
2819.2652,0.076223
2819.4981,0.076595
2819.7311,0.076968
2819.9640,0.077343
2820.1970,0.077728
2820.4299,0.078130
2820.6629,0.078556
2820.8959,0.079005
2821.1288,0.079473
2821.3618,0.079954
2821.5947,0.080445
2821.8277,0.080946
2822.0607,0.081464
2822.2936,0.082003
2822.5266,0.082565
2822.7595,0.083145
2822.9925,0.083732
2823.2255,0.084313
2823.4584,0.084883
2823.6914,0.085443
2823.9243,0.086006
2824.1573,0.086587
2824.3902,0.087200
2824.6232,0.087850
2824.8562,0.088530
2825.0891,0.089228
2825.3221,0.089930
2825.5550,0.090626
2825.7880,0.091313
2826.0210,0.091992
2826.2539,0.092665
2826.4869,0.093326
2826.7198,0.093964
2826.9528,0.094564
2827.1857,0.095112
2827.4187,0.095602
2827.6517,0.096034
2827.8846,0.096416
2828.1176,0.096751
2828.3505,0.097037
2828.5835,0.097263
2828.8165,0.097414
2829.0494,0.097474
2829.2824,0.097436
2829.5153,0.097303
2829.7483,0.097084
2829.9813,0.096794
2830.2142,0.096444
2830.4472,0.096042
2830.6801,0.095593
2830.9131,0.095105
2831.1460,0.094591
2831.3790,0.094065
2831.6120,0.093543
2831.8449,0.093037
2832.0779,0.092549
2832.3108,0.092075
2832.5438,0.091611
2832.7768,0.091154
2833.0097,0.090710
2833.2427,0.090291
2833.4756,0.089908
2833.7086,0.089565
2833.9415,0.089258
2834.1745,0.088973
2834.4075,0.088695
2834.6404,0.088415
2834.8734,0.088136
2835.1063,0.087871
2835.3393,0.087641
2835.5723,0.087460
2835.8052,0.087335
2836.0382,0.087261
2836.2711,0.087225
2836.5041,0.087216
2836.7371,0.087231
2836.9700,0.087279
2837.2030,0.087371
2837.4359,0.087519
2837.6689,0.087723
2837.9018,0.087974
2838.1348,0.088253
2838.3678,0.088538
2838.6007,0.088818
2838.8337,0.089091
2839.0666,0.089368
2839.2996,0.089662
2839.5326,0.089986
2839.7655,0.090346
2839.9985,0.090738
2840.2314,0.091156
2840.4644,0.091593
2840.6973,0.092046
2840.9303,0.092517
2841.1633,0.093006
2841.3962,0.093514
2841.6292,0.094036
2841.8621,0.094566
2842.0951,0.095101
2842.3281,0.095642
2842.5610,0.096195
2842.7940,0.096767
2843.0269,0.097365
2843.2599,0.097988
2843.4929,0.098630
2843.7258,0.099280
2843.9588,0.099934
2844.1917,0.100594
2844.4247,0.101270
2844.6576,0.101975
2844.8906,0.102716
2845.1236,0.103494
2845.3565,0.104298
2845.5895,0.105113
2845.8224,0.105929
2846.0554,0.106745
2846.2884,0.107572
2846.5213,0.108426
2846.7543,0.109320
2846.9872,0.110257
2847.2202,0.111226
2847.4531,0.112206
2847.6861,0.113180
2847.9191,0.114138
2848.1520,0.115086
2848.3850,0.116040
2848.6179,0.117017
2848.8509,0.118023
2849.0839,0.119051
2849.3168,0.120083
2849.5498,0.121096
2849.7827,0.122076
2850.0157,0.123023
2850.2487,0.123946
2850.4816,0.124863
2850.7146,0.125785
2850.9475,0.126711
2851.1805,0.127631
2851.4134,0.128529
2851.6464,0.129393
2851.8794,0.130221
2852.1123,0.131016
2852.3453,0.131785
2852.5782,0.132527
2852.8112,0.133233
2853.0442,0.133884
2853.2771,0.134463
2853.5101,0.134960
2853.7430,0.135375
2853.9760,0.135719
2854.2089,0.135999
2854.4419,0.136215
2854.6749,0.136356
2854.9078,0.136399
2855.1408,0.136320
2855.3737,0.136108
2855.6067,0.135761
2855.8397,0.135293
2856.0726,0.134719
2856.3056,0.134054
2856.5385,0.133304
2856.7715,0.132469
2857.0045,0.131551
2857.2374,0.130558
2857.4704,0.129506
2857.7033,0.128413
2857.9363,0.127296
2858.1692,0.126162
2858.4022,0.125005
2858.6352,0.123818
2858.8681,0.122596
2859.1011,0.121345
2859.3340,0.120086
2859.5670,0.118843
2859.8000,0.117639
2860.0329,0.116489
2860.2659,0.115391
2860.4988,0.114338
2860.7318,0.113320
2860.9647,0.112333
2861.1977,0.111383
2861.4307,0.110480
2861.6636,0.109637
2861.8966,0.108857
2862.1295,0.108139
2862.3625,0.107474
2862.5955,0.106856
2862.8284,0.106285
2863.0614,0.105765
2863.2943,0.105308
2863.5273,0.104920
2863.7603,0.104600
2863.9932,0.104334
2864.2262,0.104106
2864.4591,0.103899
2864.6921,0.103704
2864.9250,0.103527
2865.1580,0.103379
2865.3910,0.103275
2865.6239,0.103225
2865.8569,0.103230
2866.0898,0.103282
2866.3228,0.103371
2866.5558,0.103487
2866.7887,0.103628
2867.0217,0.103794
2867.2546,0.103985
2867.4876,0.104200
2867.7205,0.104429
2867.9535,0.104661
2868.1865,0.104882
2868.4194,0.105086
2868.6524,0.105269
2868.8853,0.105435
2869.1183,0.105586
2869.3513,0.105719
2869.5842,0.105829
2869.8172,0.105907
2870.0501,0.105949
2870.2831,0.105955
2870.5161,0.105932
2870.7490,0.105889
2870.9820,0.105832
2871.2149,0.105760
2871.4479,0.105662
2871.6808,0.105529
2871.9138,0.105352
2872.1468,0.105133
2872.3797,0.104884
2872.6127,0.104619
2872.8456,0.104354
2873.0786,0.104097
2873.3116,0.103848
2873.5445,0.103604
2873.7775,0.103362
2874.0104,0.103122
2874.2434,0.102890
2874.4763,0.102671
2874.7093,0.102467
2874.9423,0.102270
2875.1752,0.102066
2875.4082,0.101840
2875.6411,0.101582
2875.8741,0.101293
2876.1071,0.100987
2876.3400,0.100679
2876.5730,0.100386
2876.8059,0.100114
2877.0389,0.099864
2877.2719,0.099628
2877.5048,0.099404
2877.7378,0.099193
2877.9707,0.099005
2878.2037,0.098852
2878.4366,0.098740
2878.6696,0.098669
2878.9026,0.098626
2879.1355,0.098598
2879.3685,0.098570
2879.6014,0.098537
2879.8344,0.098500
2880.0674,0.098469
2880.3003,0.098449
2880.5333,0.098441
2880.7662,0.098443
2880.9992,0.098445
2881.2321,0.098446
2881.4651,0.098449
2881.6981,0.098465
2881.9310,0.098506
2882.1640,0.098579
2882.3969,0.098682
2882.6299,0.098801
2882.8629,0.098919
2883.0958,0.099022
2883.3288,0.099108
2883.5617,0.099184
2883.7947,0.099266
2884.0277,0.099368
2884.2606,0.099496
2884.4936,0.099646
2884.7265,0.099805
2884.9595,0.099963
2885.1924,0.100113
2885.4254,0.100260
2885.6584,0.100411
2885.8913,0.100574
2886.1243,0.100750
2886.3572,0.100933
2886.5902,0.101111
2886.8232,0.101273
2887.0561,0.101417
2887.2891,0.101551
2887.5220,0.101689
2887.7550,0.101845
2887.9879,0.102028
2888.2209,0.102236
2888.4539,0.102461
2888.6868,0.102694
2888.9198,0.102929
2889.1527,0.103168
2889.3857,0.103415
2889.6187,0.103677
2889.8516,0.103955
2890.0846,0.104244
2890.3175,0.104536
2890.5505,0.104824
2890.7835,0.105109
2891.0164,0.105400
2891.2494,0.105708
2891.4823,0.106045
2891.7153,0.106417
2891.9482,0.106819
2892.1812,0.107243
2892.4142,0.107678
2892.6471,0.108117
2892.8801,0.108561
2893.1130,0.109013
2893.3460,0.109477
2893.5790,0.109952
2893.8119,0.110433
2894.0449,0.110911
2894.2778,0.111382
2894.5108,0.111845
2894.7437,0.112309
2894.9767,0.112783
2895.2097,0.113275
2895.4426,0.113784
2895.6756,0.114303
2895.9085,0.114825
2896.1415,0.115345
2896.3745,0.115866
2896.6074,0.116399
2896.8404,0.116954
2897.0733,0.117535
2897.3063,0.118136
2897.5393,0.118738
2897.7722,0.119318
2898.0052,0.119858
2898.2381,0.120354
2898.4711,0.120815
2898.7040,0.121258
2898.9370,0.121705
2899.1700,0.122167
2899.4029,0.122648
2899.6359,0.123141
2899.8688,0.123638
2900.1018,0.124135
2900.3348,0.124631
2900.5677,0.125131
2900.8007,0.125635
2901.0336,0.126140
2901.2666,0.126639
2901.4995,0.127124
2901.7325,0.127595
2901.9655,0.128059
2902.1984,0.128534
2902.4314,0.129034
2902.6643,0.129570
2902.8973,0.130136
2903.1303,0.130717
2903.3632,0.131295
2903.5962,0.131862
2903.8291,0.132420
2904.0621,0.132988
2904.2951,0.133589
2904.5280,0.134242
2904.7610,0.134947
2904.9939,0.135693
2905.2269,0.136457
2905.4598,0.137219
2905.6928,0.137967
2905.9258,0.138707
2906.1587,0.139446
2906.3917,0.140196
2906.6246,0.140955
2906.8576,0.141714
2907.0906,0.142460
2907.3235,0.143189
2907.5565,0.143911
2907.7894,0.144647
2908.0224,0.145425
2908.2553,0.146264
2908.4883,0.147162
2908.7213,0.148097
2908.9542,0.149035
2909.1872,0.149945
2909.4201,0.150810
2909.6531,0.151633
2909.8861,0.152434
2910.1190,0.153233
2910.3520,0.154042
2910.5849,0.154856
2910.8179,0.155659
2911.0509,0.156435
2911.2838,0.157174
2911.5168,0.157884
2911.7497,0.158579
2911.9827,0.159275
2912.2156,0.159975
2912.4486,0.160670
2912.6816,0.161343
2912.9145,0.161977
2913.1475,0.162566
2913.3804,0.163121
2913.6134,0.163657
2913.8464,0.164188
2914.0793,0.164715
2914.3123,0.165224
2914.5452,0.165695
2914.7782,0.166113
2915.0111,0.166475
2915.2441,0.166797
2915.4771,0.167103
2915.7100,0.167412
2915.9430,0.167729
2916.1759,0.168043
2916.4089,0.168334
2916.6419,0.168587
2916.8748,0.168800
2917.1078,0.168990
2917.3407,0.169181
2917.5737,0.169390
2917.8067,0.169619
2918.0396,0.169850
2918.2726,0.170057
2918.5055,0.170218
2918.7385,0.170328
2918.9714,0.170401
2919.2044,0.170465
2919.4374,0.170544
2919.6703,0.170646
2919.9033,0.170762
2920.1362,0.170871
2920.3692,0.170958
2920.6022,0.171020
2920.8351,0.171071
2921.0681,0.171133
2921.3010,0.171222
2921.5340,0.171336
2921.7669,0.171454
2921.9999,0.171540
2922.2329,0.171570
2922.4658,0.171534
2922.6988,0.171447
2922.9317,0.171337
2923.1647,0.171226
2923.3977,0.171120
2923.6306,0.171001
2923.8636,0.170839
2924.0965,0.170603
2924.3295,0.170281
2924.5625,0.169882
2924.7954,0.169429
2925.0284,0.168945
2925.2613,0.168437
2925.4943,0.167890
2925.7272,0.167279
2925.9602,0.166578
2926.1932,0.165778
2926.4261,0.164892
2926.6591,0.163949
2926.8920,0.162981
2927.1250,0.162006
2927.3580,0.161023
2927.5909,0.160020
2927.8239,0.158979
2928.0568,0.157893
2928.2898,0.156767
2928.5227,0.155618
2928.7557,0.154460
2928.9887,0.153301
2929.2216,0.152133
2929.4546,0.150946
2929.6875,0.149729
2929.9205,0.148486
2930.1535,0.147233
2930.3864,0.145993
2930.6194,0.144783
2930.8523,0.143604
2931.0853,0.142446
2931.3183,0.141288
2931.5512,0.140114
2931.7842,0.138922
2932.0171,0.137726
2932.2501,0.136547
2932.4830,0.135405
2932.7160,0.134307
2932.9490,0.133246
2933.1819,0.132205
2933.4149,0.131169
2933.6478,0.130133
2933.8808,0.129104
2934.1138,0.128097
2934.3467,0.127124
2934.5797,0.126188
2934.8126,0.125280
2935.0456,0.124383
2935.2785,0.123486
2935.5115,0.122586
2935.7445,0.121693
2935.9774,0.120825
2936.2104,0.119995
2936.4433,0.119205
2936.6763,0.118448
2936.9093,0.117706
2937.1422,0.116966
2937.3752,0.116220
2937.6081,0.115476
2937.8411,0.114746
2938.0741,0.114044
2938.3070,0.113375
2938.5400,0.112737
2938.7729,0.112118
2939.0059,0.111509
2939.2388,0.110905
2939.4718,0.110309
2939.7048,0.109725
2939.9377,0.109156
2940.1707,0.108599
2940.4036,0.108041
2940.6366,0.107473
2940.8696,0.106887
2941.1025,0.106288
2941.3355,0.105686
2941.5684,0.105097
2941.8014,0.104531
2942.0343,0.103987
2942.2673,0.103455
2942.5003,0.102923
2942.7332,0.102381
2942.9662,0.101828
2943.1991,0.101271
2943.4321,0.100721
2943.6651,0.100185
2943.8980,0.099661
2944.1310,0.099141
2944.3639,0.098619
2944.5969,0.098093
2944.8299,0.097574
2945.0628,0.097079
2945.2958,0.096631
2945.5287,0.096242
2945.7617,0.095913
2945.9946,0.095634
2946.2276,0.095387
2946.4606,0.095159
2946.6935,0.094948
2946.9265,0.094759
2947.1594,0.094606
2947.3924,0.094499
2947.6254,0.094440
2947.8583,0.094420
2948.0913,0.094428
2948.3242,0.094452
2948.5572,0.094492
2948.7901,0.094553
2949.0231,0.094644
2949.2561,0.094773
2949.4890,0.094936
2949.7220,0.095125
2949.9549,0.095325
2950.1879,0.095526
2950.4209,0.095725
2950.6538,0.095928
2950.8868,0.096143
2951.1197,0.096376
2951.3527,0.096623
2951.5856,0.096870
2951.8186,0.097098
2952.0516,0.097297
2952.2845,0.097463
2952.5175,0.097605
2952.7504,0.097742
2952.9834,0.097887
2953.2164,0.098050
2953.4493,0.098229
2953.6823,0.098420
2953.9152,0.098615
2954.1482,0.098816
2954.3812,0.099024
2954.6141,0.099246
2954.8471,0.099479
2955.0800,0.099712
2955.3130,0.099928
2955.5459,0.100108
2955.7789,0.100243
2956.0119,0.100339
2956.2448,0.100415
2956.4778,0.100492
2956.7107,0.100588
2956.9437,0.100706
2957.1767,0.100833
2957.4096,0.100948
2957.6426,0.101033
2957.8755,0.101078
2958.1085,0.101089
2958.3414,0.101078
2958.5744,0.101056
2958.8074,0.101028
2959.0403,0.100987
2959.2733,0.100922
2959.5062,0.100822
2959.7392,0.100686
2959.9722,0.100524
2960.2051,0.100350
2960.4381,0.100175
2960.6710,0.100002
2960.9040,0.099821
2961.1370,0.099618
2961.3699,0.099380
2961.6029,0.099105
2961.8358,0.098803
2962.0688,0.098493
2962.3017,0.098192
2962.5347,0.097910
2962.7677,0.097647
2963.0006,0.097395
2963.2336,0.097143
2963.4665,0.096886
2963.6995,0.096624
2963.9325,0.096362
2964.1654,0.096101
2964.3984,0.095840
2964.6313,0.095570
2964.8643,0.095282
2965.0972,0.094969
2965.3302,0.094633
2965.5632,0.094282
2965.7961,0.093927
2966.0291,0.093570
2966.2620,0.093206
2966.4950,0.092820
2966.7280,0.092392
2966.9609,0.091908
2967.1939,0.091364
2967.4268,0.090769
2967.6598,0.090139
2967.8928,0.089492
2968.1257,0.088839
2968.3587,0.088186
2968.5916,0.087530
2968.8246,0.086872
2969.0575,0.086212
2969.2905,0.085555
2969.5235,0.084908
2969.7564,0.084272
2969.9894,0.083641
2970.2223,0.083009
2970.4553,0.082363
2970.6883,0.081700
2970.9212,0.081022
2971.1542,0.080336
2971.3871,0.079652
2971.6201,0.078977
2971.8530,0.078312
2972.0860,0.077653
2972.3190,0.076997
2972.5519,0.076343
2972.7849,0.075698
2973.0178,0.075069
2973.2508,0.074465
2973.4838,0.073886
2973.7167,0.073326
2973.9497,0.072776
2974.1826,0.072226
2974.4156,0.071675
2974.6486,0.071127
2974.8815,0.070595
2975.1145,0.070089
2975.3474,0.069614
2975.5804,0.069165
2975.8133,0.068733
2976.0463,0.068307
2976.2793,0.067880
2976.5122,0.067454
2976.7452,0.067037
2976.9781,0.066635
2977.2111,0.066251
2977.4441,0.065880
2977.6770,0.065514
2977.9100,0.065144
2978.1429,0.064771
2978.3759,0.064403
2978.6088,0.064053
2978.8418,0.063735
2979.0748,0.063452
2979.3077,0.063196
2979.5407,0.062951
2979.7736,0.062699
2980.0066,0.062429
2980.2396,0.062140
2980.4725,0.061843
2980.7055,0.061551
2980.9384,0.061277
2981.1714,0.061028
2981.4044,0.060799
2981.6373,0.060587
2981.8703,0.060386
2982.1032,0.060197
2982.3362,0.060026
2982.5691,0.059879
2982.8021,0.059758
2983.0351,0.059656
2983.2680,0.059561
2983.5010,0.059456
2983.7339,0.059332
2983.9669,0.059188
2984.1999,0.059031
2984.4328,0.058875
2984.6658,0.058733
2984.8987,0.058608
2985.1317,0.058501
2985.3646,0.058403
2985.5976,0.058307
2985.8306,0.058210
2986.0635,0.058113
2986.2965,0.058018
2986.5294,0.057928
2986.7624,0.057842
2986.9954,0.057754
2987.2283,0.057656
2987.4613,0.057546
2987.6942,0.057424
2987.9272,0.057296
2988.1602,0.057168
2988.3931,0.057043
2988.6261,0.056921
2988.8590,0.056795
2989.0920,0.056660
2989.3249,0.056513
2989.5579,0.056356
2989.7909,0.056195
2990.0238,0.056038
2990.2568,0.055887
2990.4897,0.055739
2990.7227,0.055586
2990.9557,0.055421
2991.1886,0.055244
2991.4216,0.055061
2991.6545,0.054887
2991.8875,0.054735
2992.1204,0.054615
2992.3534,0.054525
2992.5864,0.054454
2992.8193,0.054386
2993.0523,0.054305
2993.2852,0.054203
2993.5182,0.054080
2993.7512,0.053947
2993.9841,0.053812
2994.2171,0.053687
2994.4500,0.053575
2994.6830,0.053477
2994.9160,0.053391
2995.1489,0.053317
2995.3819,0.053253
2995.6148,0.053201
2995.8478,0.053160
2996.0807,0.053126
2996.3137,0.053094
2996.5467,0.053058
2996.7796,0.053014
2997.0126,0.052962
2997.2455,0.052903
2997.4785,0.052842
2997.7115,0.052781
2997.9444,0.052719
2998.1774,0.052654
2998.4103,0.052585
2998.6433,0.052512
2998.8762,0.052437
2999.1092,0.052365
2999.3422,0.052299
2999.5751,0.052238
2999.8081,0.052178
3000.0410,0.052112
3000.2740,0.052038
3000.5070,0.051955
3000.7399,0.051870
3000.9729,0.051791
3001.2058,0.051727
3001.4388,0.051678
3001.6718,0.051643
3001.9047,0.051615
3002.1377,0.051586
3002.3706,0.051554
3002.6036,0.051520
3002.8365,0.051493
3003.0695,0.051479
3003.3025,0.051484
3003.5354,0.051505
3003.7684,0.051536
3004.0013,0.051572
3004.2343,0.051604
3004.4673,0.051631
3004.7002,0.051653
3004.9332,0.051670
3005.1661,0.051679
3005.3991,0.051675
3005.6320,0.051653
3005.8650,0.051609
3006.0980,0.051546
3006.3309,0.051473
3006.5639,0.051400
3006.7968,0.051336
3007.0298,0.051286
3007.2628,0.051244
3007.4957,0.051205
3007.7287,0.051159
3007.9616,0.051103
3008.1946,0.051043
3008.4276,0.050987
3008.6605,0.050944
3008.8935,0.050921
3009.1264,0.050917
3009.3594,0.050927
3009.5923,0.050945
3009.8253,0.050966
3010.0583,0.050991
3010.2912,0.051021
3010.5242,0.051057
3010.7571,0.051097
3010.9901,0.051135
3011.2231,0.051161
3011.4560,0.051170
3011.6890,0.051164
3011.9219,0.051153
3012.1549,0.051152
3012.3878,0.051174
3012.6208,0.051226
3012.8538,0.051300
3013.0867,0.051383
3013.3197,0.051454
3013.5526,0.051498
3013.7856,0.051509
3014.0186,0.051492
3014.2515,0.051460
3014.4845,0.051426
3014.7174,0.051401
3014.9504,0.051389
3015.1834,0.051388
3015.4163,0.051396
3015.6493,0.051409
3015.8822,0.051425
3016.1152,0.051445
3016.3481,0.051468
3016.5811,0.051492
3016.8141,0.051515
3017.0470,0.051532
3017.2800,0.051544
3017.5129,0.051554
3017.7459,0.051567
3017.9789,0.051588
3018.2118,0.051622
3018.4448,0.051668
3018.6777,0.051722
3018.9107,0.051780
3019.1436,0.051839
3019.3766,0.051900
3019.6096,0.051965
3019.8425,0.052034
3020.0755,0.052107
3020.3084,0.052179
3020.5414,0.052244
3020.7744,0.052300
3021.0073,0.052347
3021.2403,0.052389
3021.4732,0.052434
3021.7062,0.052488
3021.9392,0.052551
3022.1721,0.052617
3022.4051,0.052676
3022.6380,0.052717
3022.8710,0.052736
3023.1039,0.052739
3023.3369,0.052738
3023.5699,0.052749
3023.8028,0.052786
3024.0358,0.052857
3024.2687,0.052960
3024.5017,0.053086
3024.7347,0.053222
3024.9676,0.053353
3025.2006,0.053467
3025.4335,0.053554
3025.6665,0.053610
3025.8994,0.053635
3026.1324,0.053634
3026.3654,0.053619
3026.5983,0.053607
3026.8313,0.053614
3027.0642,0.053653
3027.2972,0.053729
3027.5302,0.053837
3027.7631,0.053961
3027.9961,0.054082
3028.2290,0.054182
3028.4620,0.054252
3028.6950,0.054290
3028.9279,0.054305
3029.1609,0.054309
3029.3938,0.054310
3029.6268,0.054317
3029.8597,0.054333
3030.0927,0.054362
3030.3257,0.054406
3030.5586,0.054468
3030.7916,0.054552
3031.0245,0.054652
3031.2575,0.054762
3031.4905,0.054867
3031.7234,0.054951
3031.9564,0.055006
3032.1893,0.055027
3032.4223,0.055023
3032.6552,0.055006
3032.8882,0.054990
3033.1212,0.054981
3033.3541,0.054981
3033.5871,0.054983
3033.8200,0.054981
3034.0530,0.054967
3034.2860,0.054943
3034.5189,0.054909
3034.7519,0.054868
3034.9848,0.054821
3035.2178,0.054764
3035.4508,0.054693
3035.6837,0.054606
3035.9167,0.054505
3036.1496,0.054399
3036.3826,0.054300
3036.6155,0.054218
3036.8485,0.054157
3037.0815,0.054117
3037.3144,0.054091
3037.5474,0.054074
3037.7803,0.054063
3038.0133,0.054057
3038.2463,0.054060
3038.4792,0.054071
3038.7122,0.054085
3038.9451,0.054094
3039.1781,0.054088
3039.4110,0.054061
3039.6440,0.054014
3039.8770,0.053956
3040.1099,0.053900
3040.3429,0.053859
3040.5758,0.053838
3040.8088,0.053837
3041.0418,0.053847
3041.2747,0.053862
3041.5077,0.053873
3041.7406,0.053882
3041.9736,0.053890
3042.2066,0.053901
3042.4395,0.053917
3042.6725,0.053934
3042.9054,0.053948
3043.1384,0.053957
3043.3713,0.053961
3043.6043,0.053965
3043.8373,0.053974
3044.0702,0.053992
3044.3032,0.054018
3044.5361,0.054045
3044.7691,0.054064
3045.0021,0.054072
3045.2350,0.054068
3045.4680,0.054062
3045.7009,0.054064
3045.9339,0.054084
3046.1668,0.054126
3046.3998,0.054184
3046.6328,0.054249
3046.8657,0.054310
3047.0987,0.054359
3047.3316,0.054395
3047.5646,0.054421
3047.7976,0.054439
3048.0305,0.054452
3048.2635,0.054456
3048.4964,0.054450
3048.7294,0.054431
3048.9624,0.054403
3049.1953,0.054375
3049.4283,0.054354
3049.6612,0.054349
3049.8942,0.054361
3050.1271,0.054384
3050.3601,0.054413
3050.5931,0.054440
3050.8260,0.054467
3051.0590,0.054497
3051.2919,0.054536
3051.5249,0.054587
3051.7579,0.054647
3051.9908,0.054706
3052.2238,0.054754
3052.4567,0.054782
3052.6897,0.054793
3052.9226,0.054793
3053.1556,0.054798
3053.3886,0.054819
3053.6215,0.054864
3053.8545,0.054930
3054.0874,0.055010
3054.3204,0.055097
3054.5534,0.055187
3054.7863,0.055282
3055.0193,0.055388
3055.2522,0.055508
3055.4852,0.055642
3055.7182,0.055784
3055.9511,0.055925
3056.1841,0.056056
3056.4170,0.056172
3056.6500,0.056274
3056.8829,0.056364
3057.1159,0.056443
3057.3489,0.056509
3057.5818,0.056557
3057.8148,0.056582
3058.0477,0.056589
3058.2807,0.056587
3058.5137,0.056596
3058.7466,0.056636
3058.9796,0.056719
3059.2125,0.056846
3059.4455,0.057005
3059.6784,0.057176
3059.9114,0.057342
3060.1444,0.057492
3060.3773,0.057625
3060.6103,0.057750
3060.8432,0.057874
3061.0762,0.058002
3061.3092,0.058129
3061.5421,0.058250
3061.7751,0.058357
3062.0080,0.058452
3062.2410,0.058544
3062.4740,0.058650
3062.7069,0.058782
3062.9399,0.058946
3063.1728,0.059136
3063.4058,0.059340
3063.6387,0.059539
3063.8717,0.059722
3064.1047,0.059888
3064.3376,0.060040
3064.5706,0.060186
3064.8035,0.060335
3065.0365,0.060487
3065.2695,0.060642
3065.5024,0.060798
3065.7354,0.060955
3065.9683,0.061121
3066.2013,0.061303
3066.4342,0.061504
3066.6672,0.061718
3066.9002,0.061933
3067.1331,0.062130
3067.3661,0.062297
3067.5990,0.062428
3067.8320,0.062534
3068.0650,0.062633
3068.2979,0.062747
3068.5309,0.062888
3068.7638,0.063061
3068.9968,0.063257
3069.2298,0.063463
3069.4627,0.063667
3069.6957,0.063860
3069.9286,0.064042
3070.1616,0.064215
3070.3945,0.064384
3070.6275,0.064548
3070.8605,0.064706
3071.0934,0.064854
3071.3264,0.064993
3071.5593,0.065123
3071.7923,0.065247
3072.0253,0.065364
3072.2582,0.065466
3072.4912,0.065542
3072.7241,0.065583
3072.9571,0.065584
3073.1900,0.065551
3073.4230,0.065499
3073.6560,0.065443
3073.8889,0.065395
3074.1219,0.065355
3074.3548,0.065311
3074.5878,0.065241
3074.8208,0.065126
3075.0537,0.064956
3075.2867,0.064730
3075.5196,0.064456
3075.7526,0.064145
3075.9856,0.063802
3076.2185,0.063428
3076.4515,0.063019
3076.6844,0.062575
3076.9174,0.062105
3077.1503,0.061624
3077.3833,0.061151
3077.6163,0.060700
3077.8492,0.060276
3078.0822,0.059871
3078.3151,0.059474
3078.5481,0.059076
3078.7811,0.058681
3079.0140,0.058301
3079.2470,0.057955
3079.4799,0.057658
3079.7129,0.057413
3079.9458,0.057208
3080.1788,0.057024
3080.4118,0.056839
3080.6447,0.056638
3080.8777,0.056422
3081.1106,0.056203
3081.3436,0.055997
3081.5766,0.055818
3081.8095,0.055668
3082.0425,0.055543
3082.2754,0.055432
3082.5084,0.055327
3082.7413,0.055226
3082.9743,0.055130
3083.2073,0.055046
3083.4402,0.054976
3083.6732,0.054917
3083.9061,0.054862
3084.1391,0.054806
3084.3721,0.054745
3084.6050,0.054681
3084.8380,0.054621
3085.0709,0.054569
3085.3039,0.054525
3085.5369,0.054484
3085.7698,0.054439
3086.0028,0.054381
3086.2357,0.054311
3086.4687,0.054234
3086.7016,0.054160
3086.9346,0.054097
3087.1676,0.054047
3087.4005,0.054007
3087.6335,0.053968
3087.8664,0.053923
3088.0994,0.053872
3088.3324,0.053820
3088.5653,0.053777
3088.7983,0.053747
3089.0312,0.053733
3089.2642,0.053727
3089.4971,0.053721
3089.7301,0.053707
3089.9631,0.053687
3090.1960,0.053668
3090.4290,0.053662
3090.6619,0.053674
3090.8949,0.053702
3091.1279,0.053732
3091.3608,0.053746
3091.5938,0.053731
3091.8267,0.053685
3092.0597,0.053616
3092.2927,0.053543
3092.5256,0.053483
3092.7586,0.053444
3092.9915,0.053424
3093.2245,0.053411
3093.4574,0.053390
3093.6904,0.053355
3093.9234,0.053309
3094.1563,0.053261
3094.3893,0.053225
3094.6222,0.053211
3094.8552,0.053216
3095.0882,0.053233
3095.3211,0.053249
3095.5541,0.053255
3095.7870,0.053249
3096.0200,0.053233
3096.2529,0.053215
3096.4859,0.053194
3096.7189,0.053170
3096.9518,0.053138
3097.1848,0.053092
3097.4177,0.053038
3097.6507,0.052985
3097.8837,0.052948
3098.1166,0.052938
3098.3496,0.052959
3098.5825,0.053000
3098.8155,0.053047
3099.0485,0.053081
3099.2814,0.053090
3099.5144,0.053074
3099.7473,0.053041
3099.9803,0.053003
3100.2132,0.052973
3100.4462,0.052954
3100.6792,0.052946
3100.9121,0.052943
3101.1451,0.052942
3101.3780,0.052943
3101.6110,0.052945
3101.8440,0.052949
3102.0769,0.052950
3102.3099,0.052938
3102.5428,0.052902
3102.7758,0.052836
3103.0087,0.052743
3103.2417,0.052639
3103.4747,0.052543
3103.7076,0.052473
3103.9406,0.052439
3104.1735,0.052435
3104.4065,0.052448
3104.6395,0.052461
3104.8724,0.052461
3105.1054,0.052446
3105.3383,0.052423
3105.5713,0.052400
3105.8043,0.052387
3106.0372,0.052381
3106.2702,0.052376
3106.5031,0.052361
3106.7361,0.052329
3106.9690,0.052282
3107.2020,0.052230
3107.4350,0.052184
3107.6679,0.052156
3107.9009,0.052151
3108.1338,0.052165
3108.3668,0.052192
3108.5998,0.052221
3108.8327,0.052247
3109.0657,0.052266
3109.2986,0.052279
3109.5316,0.052284
3109.7645,0.052282
3109.9975,0.052269
3110.2305,0.052244
3110.4634,0.052207
3110.6964,0.052161
3110.9293,0.052113
3111.1623,0.052065
3111.3953,0.052017
3111.6282,0.051969
3111.8612,0.051918
3112.0941,0.051865
3112.3271,0.051816
3112.5601,0.051779
3112.7930,0.051763
3113.0260,0.051767
3113.2589,0.051783
3113.4919,0.051797
3113.7248,0.051792
3113.9578,0.051761
3114.1908,0.051706
3114.4237,0.051643
3114.6567,0.051591
3114.8896,0.051569
3115.1226,0.051583
3115.3556,0.051624
3115.5885,0.051676
3115.8215,0.051719
3116.0544,0.051741
3116.2874,0.051741
3116.5203,0.051728
3116.7533,0.051716
3116.9863,0.051716
3117.2192,0.051731
3117.4522,0.051758
3117.6851,0.051789
3117.9181,0.051817
3118.1511,0.051839
3118.3840,0.051857
3118.6170,0.051874
3118.8499,0.051889
3119.0829,0.051899
3119.3159,0.051897
3119.5488,0.051878
3119.7818,0.051843
3120.0147,0.051799
3120.2477,0.051758
3120.4806,0.051733
3120.7136,0.051729
3120.9466,0.051744
3121.1795,0.051769
3121.4125,0.051796
3121.6454,0.051818
3121.8784,0.051837
3122.1114,0.051857
3122.3443,0.051883
3122.5773,0.051918
3122.8102,0.051956
3123.0432,0.051986
3123.2761,0.051997
3123.5091,0.051982
3123.7421,0.051942
3123.9750,0.051884
3124.2080,0.051819
3124.4409,0.051755
3124.6739,0.051698
3124.9069,0.051646
3125.1398,0.051598
3125.3728,0.051552
3125.6057,0.051509
3125.8387,0.051470
3126.0717,0.051439
3126.3046,0.051414
3126.5376,0.051392
3126.7705,0.051370
3127.0035,0.051343
3127.2364,0.051313
3127.4694,0.051282
3127.7024,0.051256
3127.9353,0.051235
3128.1683,0.051218
3128.4012,0.051196
3128.6342,0.051163
3128.8672,0.051116
3129.1001,0.051059
3129.3331,0.051003
3129.5660,0.050961
3129.7990,0.050943
3130.0319,0.050949
3130.2649,0.050974
3130.4979,0.051004
3130.7308,0.051028
3130.9638,0.051039
3131.1967,0.051034
3131.4297,0.051017
3131.6627,0.050993
3131.8956,0.050965
3132.1286,0.050934
3132.3615,0.050899
3132.5945,0.050865
3132.8275,0.050836
3133.0604,0.050821
3133.2934,0.050822
3133.5263,0.050837
3133.7593,0.050854
3133.9922,0.050856
3134.2252,0.050828
3134.4582,0.050763
3134.6911,0.050669
3134.9241,0.050562
3135.1570,0.050462
3135.3900,0.050386
3135.6230,0.050337
3135.8559,0.050310
3136.0889,0.050293
3136.3218,0.050275
3136.5548,0.050256
3136.7877,0.050242
3137.0207,0.050245
3137.2537,0.050272
3137.4866,0.050320
3137.7196,0.050374
3137.9525,0.050414
3138.1855,0.050423
3138.4185,0.050395
3138.6514,0.050338
3138.8844,0.050272
3139.1173,0.050220
3139.3503,0.050198
3139.5833,0.050208
3139.8162,0.050242
3140.0492,0.050287
3140.2821,0.050328
3140.5151,0.050359
3140.7480,0.050382
3140.9810,0.050400
3141.2140,0.050417
3141.4469,0.050430
3141.6799,0.050429
3141.9128,0.050404
3142.1458,0.050346
3142.3788,0.050254
3142.6117,0.050135
3142.8447,0.049999
3143.0776,0.049862
3143.3106,0.049736
3143.5435,0.049627
3143.7765,0.049543
3144.0095,0.049487
3144.2424,0.049462
3144.4754,0.049466
3144.7083,0.049492
3144.9413,0.049529
3145.1743,0.049560
3145.4072,0.049568
3145.6402,0.049539
3145.8731,0.049472
3146.1061,0.049373
3146.3391,0.049259
3146.5720,0.049148
3146.8050,0.049059
3147.0379,0.049003
3147.2709,0.048983
3147.5038,0.048998
3147.7368,0.049042
3147.9698,0.049107
3148.2027,0.049180
3148.4357,0.049248
3148.6686,0.049297
3148.9016,0.049315
3149.1346,0.049296
3149.3675,0.049239
3149.6005,0.049157
3149.8334,0.049067
3150.0664,0.048986
3150.2993,0.048929
3150.5323,0.048900
3150.7653,0.048898
3150.9982,0.048915
3151.2312,0.048942
3151.4641,0.048977
3151.6971,0.049016
3151.9301,0.049063
3152.1630,0.049117
3152.3960,0.049179
3152.6289,0.049245
3152.8619,0.049312
3153.0949,0.049379
3153.3278,0.049447
3153.5608,0.049516
3153.7937,0.049586
3154.0267,0.049649
3154.2596,0.049694
3154.4926,0.049712
3154.7256,0.049697
3154.9585,0.049653
3155.1915,0.049595
3155.4244,0.049540
3155.6574,0.049500
3155.8904,0.049477
3156.1233,0.049462
3156.3563,0.049435
3156.5892,0.049379
3156.8222,0.049285
3157.0551,0.049160
3157.2881,0.049024
3157.5211,0.048902
3157.7540,0.048817
3157.9870,0.048779
3158.2199,0.048785
3158.4529,0.048823
3158.6859,0.048876
3158.9188,0.048930
3159.1518,0.048977
3159.3847,0.049010
3159.6177,0.049024
3159.8507,0.049013
3160.0836,0.048974
3160.3166,0.048906
3160.5495,0.048818
3160.7825,0.048729
3161.0154,0.048659
3161.2484,0.048625
3161.4814,0.048633
3161.7143,0.048672
3161.9473,0.048723
3162.1802,0.048761
3162.4132,0.048773
3162.6462,0.048755
3162.8791,0.048721
3163.1121,0.048687
3163.3450,0.048672
3163.5780,0.048679
3163.8109,0.048703
3164.0439,0.048731
3164.2769,0.048749
3164.5098,0.048752
3164.7428,0.048740
3164.9757,0.048720
3165.2087,0.048699
3165.4417,0.048677
3165.6746,0.048648
3165.9076,0.048605
3166.1405,0.048544
3166.3735,0.048471
3166.6065,0.048400
3166.8394,0.048348
3167.0724,0.048330
3167.3053,0.048348
3167.5383,0.048396
3167.7712,0.048458
3168.0042,0.048518
3168.2372,0.048566
3168.4701,0.048600
3168.7031,0.048623
3168.9360,0.048640
3169.1690,0.048652
3169.4020,0.048655
3169.6349,0.048647
3169.8679,0.048626
3170.1008,0.048596
3170.3338,0.048569
3170.5667,0.048556
3170.7997,0.048562
3171.0327,0.048585
3171.2656,0.048616
3171.4986,0.048640
3171.7315,0.048649
3171.9645,0.048639
3172.1975,0.048616
3172.4304,0.048588
3172.6634,0.048562
3172.8963,0.048537
3173.1293,0.048507
3173.3623,0.048465
3173.5952,0.048407
3173.8282,0.048341
3174.0611,0.048281
3174.2941,0.048242
3174.5270,0.048232
3174.7600,0.048249
3174.9930,0.048277
3175.2259,0.048296
3175.4589,0.048290
3175.6918,0.048255
3175.9248,0.048198
3176.1578,0.048139
3176.3907,0.048094
3176.6237,0.048075
3176.8566,0.048084
3177.0896,0.048113
3177.3225,0.048152
3177.5555,0.048196
3177.7885,0.048243
3178.0214,0.048297
3178.2544,0.048362
3178.4873,0.048438
3178.7203,0.048515
3178.9533,0.048583
3179.1862,0.048632
3179.4192,0.048656
3179.6521,0.048657
3179.8851,0.048644
3180.1181,0.048625
3180.3510,0.048608
3180.5840,0.048593
3180.8169,0.048582
3181.0499,0.048572
3181.2828,0.048567
3181.5158,0.048568
3181.7488,0.048578
3181.9817,0.048595
3182.2147,0.048615
3182.4476,0.048629
3182.6806,0.048633
3182.9136,0.048629
3183.1465,0.048626
3183.3795,0.048639
3183.6124,0.048676
3183.8454,0.048737
3184.0783,0.048811
3184.3113,0.048875
3184.5443,0.048907
3184.7772,0.048894
3185.0102,0.048837
3185.2431,0.048750
3185.4761,0.048655
3185.7091,0.048574
3185.9420,0.048518
3186.1750,0.048489
3186.4079,0.048481
3186.6409,0.048488
3186.8739,0.048505
3187.1068,0.048534
3187.3398,0.048575
3187.5727,0.048623
3187.8057,0.048668
3188.0386,0.048696
3188.2716,0.048694
3188.5046,0.048661
3188.7375,0.048609
3188.9705,0.048558
3189.2034,0.048533
3189.4364,0.048545
3189.6694,0.048592
3189.9023,0.048657
3190.1353,0.048714
3190.3682,0.048742
3190.6012,0.048733
3190.8341,0.048696
3191.0671,0.048650
3191.3001,0.048619
3191.5330,0.048613
3191.7660,0.048632
3191.9989,0.048665
3192.2319,0.048696
3192.4649,0.048714
3192.6978,0.048716
3192.9308,0.048710
3193.1637,0.048709
3193.3967,0.048720
3193.6297,0.048746
3193.8626,0.048781
3194.0956,0.048815
3194.3285,0.048838
3194.5615,0.048844
3194.7944,0.048832
3195.0274,0.048800
3195.2604,0.048751
3195.4933,0.048688
3195.7263,0.048617
3195.9592,0.048548
3196.1922,0.048495
3196.4252,0.048472
3196.6581,0.048486
3196.8911,0.048535
3197.1240,0.048605
3197.3570,0.048672
3197.5899,0.048715
3197.8229,0.048721
3198.0559,0.048690
3198.2888,0.048634
3198.5218,0.048572
3198.7547,0.048517
3198.9877,0.048476
3199.2207,0.048444
3199.4536,0.048412
3199.6866,0.048374
3199.9195,0.048334
3200.1525,0.048300
3200.3855,0.048284
3200.6184,0.048294
3200.8514,0.048326
3201.0843,0.048368
3201.3173,0.048404
3201.5502,0.048419
3201.7832,0.048412
3202.0162,0.048389
3202.2491,0.048366
3202.4821,0.048353
3202.7150,0.048353
3202.9480,0.048363
3203.1810,0.048370
3203.4139,0.048368
3203.6469,0.048353
3203.8798,0.048334
3204.1128,0.048318
3204.3457,0.048311
3204.5787,0.048310
3204.8117,0.048302
3205.0446,0.048272
3205.2776,0.048209
3205.5105,0.048115
3205.7435,0.048006
3205.9765,0.047903
3206.2094,0.047830
3206.4424,0.047795
3206.6753,0.047798
3206.9083,0.047825
3207.1413,0.047858
3207.3742,0.047884
3207.6072,0.047899
3207.8401,0.047904
3208.0731,0.047908
3208.3060,0.047913
3208.5390,0.047920
3208.7720,0.047924
3209.0049,0.047923
3209.2379,0.047916
3209.4708,0.047910
3209.7038,0.047914
3209.9368,0.047933
3210.1697,0.047968
3210.4027,0.048010
3210.6356,0.048048
3210.8686,0.048068
3211.1015,0.048065
3211.3345,0.048038
3211.5675,0.047994
3211.8004,0.047940
3212.0334,0.047880
3212.2663,0.047816
3212.4993,0.047748
3212.7323,0.047676
3212.9652,0.047607
3213.1982,0.047551
3213.4311,0.047518
3213.6641,0.047512
3213.8971,0.047533
3214.1300,0.047571
3214.3630,0.047615
3214.5959,0.047657
3214.8289,0.047692
3215.0618,0.047726
3215.2948,0.047761
3215.5278,0.047799
3215.7607,0.047832
3215.9937,0.047846
3216.2266,0.047826
3216.4596,0.047764
3216.6926,0.047662
3216.9255,0.047535
3217.1585,0.047402
3217.3914,0.047286
3217.6244,0.047198
3217.8573,0.047144
3218.0903,0.047118
3218.3233,0.047110
3218.5562,0.047111
3218.7892,0.047116
3219.0221,0.047120
3219.2551,0.047121
3219.4881,0.047115
3219.7210,0.047098
3219.9540,0.047068
3220.1869,0.047028
3220.4199,0.046983
3220.6528,0.046944
3220.8858,0.046918
3221.1188,0.046906
3221.3517,0.046905
3221.5847,0.046905
3221.8176,0.046898
3222.0506,0.046881
3222.2836,0.046859
3222.5165,0.046837
3222.7495,0.046824
3222.9824,0.046818
3223.2154,0.046815
3223.4484,0.046806
3223.6813,0.046783
3223.9143,0.046750
3224.1472,0.046720
3224.3802,0.046709
3224.6131,0.046734
3224.8461,0.046796
3225.0791,0.046883
3225.3120,0.046973
3225.5450,0.047039
3225.7779,0.047059
3226.0109,0.047031
3226.2439,0.046963
3226.4768,0.046877
3226.7098,0.046794
3226.9427,0.046730
3227.1757,0.046691
3227.4086,0.046678
3227.6416,0.046684
3227.8746,0.046706
3228.1075,0.046739
3228.3405,0.046777
3228.5734,0.046811
3228.8064,0.046830
3229.0394,0.046823
3229.2723,0.046781
3229.5053,0.046708
3229.7382,0.046616
3229.9712,0.046520
3230.2042,0.046436
3230.4371,0.046370
3230.6701,0.046321
3230.9030,0.046280
3231.1360,0.046243
3231.3689,0.046213
3231.6019,0.046203
3231.8349,0.046229
3232.0678,0.046301
3232.3008,0.046412
3232.5337,0.046541
3232.7667,0.046657
3232.9997,0.046731
3233.2326,0.046750
3233.4656,0.046719
3233.6985,0.046663
3233.9315,0.046612
3234.1644,0.046588
3234.3974,0.046593
3234.6304,0.046616
3234.8633,0.046631
3235.0963,0.046622
3235.3292,0.046582
3235.5622,0.046523
3235.7952,0.046468
3236.0281,0.046434
3236.2611,0.046429
3236.4940,0.046443
3236.7270,0.046458
3236.9600,0.046453
3237.1929,0.046418
3237.4259,0.046359
3237.6588,0.046293
3237.8918,0.046241
3238.1247,0.046216
3238.3577,0.046219
3238.5907,0.046238
3238.8236,0.046255
3239.0566,0.046252
3239.2895,0.046220
3239.5225,0.046160
3239.7555,0.046078
3239.9884,0.045985
3240.2214,0.045888
3240.4543,0.045798
3240.6873,0.045724
3240.9202,0.045675
3241.1532,0.045660
3241.3862,0.045685
3241.6191,0.045746
3241.8521,0.045827
3242.0850,0.045905
3242.3180,0.045958
3242.5510,0.045968
3242.7839,0.045934
3243.0169,0.045869
3243.2498,0.045793
3243.4828,0.045728
3243.7158,0.045692
3243.9487,0.045687
3244.1817,0.045710
3244.4146,0.045751
3244.6476,0.045798
3244.8805,0.045845
3245.1135,0.045884
3245.3465,0.045908
3245.5794,0.045909
3245.8124,0.045874
3246.0453,0.045800
3246.2783,0.045688
3246.5113,0.045554
3246.7442,0.045421
3246.9772,0.045315
3247.2101,0.045256
3247.4431,0.045248
3247.6760,0.045283
3247.9090,0.045341
3248.1420,0.045402
3248.3749,0.045449
3248.6079,0.045475
3248.8408,0.045485
3249.0738,0.045486
3249.3068,0.045485
3249.5397,0.045484
3249.7727,0.045481
3250.0056,0.045469
3250.2386,0.045447
3250.4716,0.045413
3250.7045,0.045373
3250.9375,0.045334
3251.1704,0.045302
3251.4034,0.045282
3251.6363,0.045275
3251.8693,0.045280
3252.1023,0.045290
3252.3352,0.045299
3252.5682,0.045297
3252.8011,0.045275
3253.0341,0.045226
3253.2671,0.045151
3253.5000,0.045060
3253.7330,0.044972
3253.9659,0.044911
3254.1989,0.044896
3254.4318,0.044937
3254.6648,0.045024
3254.8978,0.045135
3255.1307,0.045241
3255.3637,0.045316
3255.5966,0.045346
3255.8296,0.045336
3256.0626,0.045302
3256.2955,0.045265
3256.5285,0.045242
3256.7614,0.045240
3256.9944,0.045255
3257.2274,0.045278
3257.4603,0.045301
3257.6933,0.045320
3257.9262,0.045336
3258.1592,0.045353
3258.3921,0.045371
3258.6251,0.045387
3258.8581,0.045394
3259.0910,0.045385
3259.3240,0.045361
3259.5569,0.045327
3259.7899,0.045293
3260.0229,0.045269
3260.2558,0.045258
3260.4888,0.045257
3260.7217,0.045257
3260.9547,0.045247
3261.1876,0.045225
3261.4206,0.045191
3261.6536,0.045152
3261.8865,0.045112
3262.1195,0.045070
3262.3524,0.045021
3262.5854,0.044957
3262.8184,0.044874
3263.0513,0.044777
3263.2843,0.044683
3263.5172,0.044612
3263.7502,0.044580
3263.9832,0.044593
3264.2161,0.044642
3264.4491,0.044707
3264.6820,0.044768
3264.9150,0.044812
3265.1479,0.044835
3265.3809,0.044846
3265.6139,0.044856
3265.8468,0.044874
3266.0798,0.044900
3266.3127,0.044927
3266.5457,0.044947
3266.7787,0.044952
3267.0116,0.044945
3267.2446,0.044929
3267.4775,0.044913
3267.7105,0.044896
3267.9434,0.044874
3268.1764,0.044836
3268.4094,0.044775
3268.6423,0.044690
3268.8753,0.044594
3269.1082,0.044505
3269.3412,0.044442
3269.5742,0.044416
3269.8071,0.044426
3270.0401,0.044462
3270.2730,0.044510
3270.5060,0.044558
3270.7390,0.044604
3270.9719,0.044652
3271.2049,0.044712
3271.4378,0.044789
3271.6708,0.044884
3271.9037,0.044990
3272.1367,0.045098
3272.3697,0.045202
3272.6026,0.045298
3272.8356,0.045385
3273.0685,0.045459
3273.3015,0.045517
3273.5345,0.045549
3273.7674,0.045548
3274.0004,0.045511
3274.2333,0.045448
3274.4663,0.045377
3274.6992,0.045320
3274.9322,0.045293
3275.1652,0.045302
3275.3981,0.045334
3275.6311,0.045371
3275.8640,0.045394
3276.0970,0.045391
3276.3300,0.045366
3276.5629,0.045330
3276.7959,0.045299
3277.0288,0.045282
3277.2618,0.045280
3277.4948,0.045283
3277.7277,0.045282
3277.9607,0.045271
3278.1936,0.045256
3278.4266,0.045247
3278.6595,0.045258
3278.8925,0.045291
3279.1255,0.045342
3279.3584,0.045396
3279.5914,0.045434
3279.8243,0.045443
3280.0573,0.045417
3280.2903,0.045363
3280.5232,0.045289
3280.7562,0.045208
3280.9891,0.045128
3281.2221,0.045055
3281.4550,0.044996
3281.6880,0.044960
3281.9210,0.044959
3282.1539,0.045001
3282.3869,0.045086
3282.6198,0.045200
3282.8528,0.045321
3283.0858,0.045421
3283.3187,0.045481
3283.5517,0.045492
3283.7846,0.045462
3284.0176,0.045406
3284.2506,0.045343
3284.4835,0.045283
3284.7165,0.045227
3284.9494,0.045172
3285.1824,0.045114
3285.4153,0.045059
3285.6483,0.045023
3285.8813,0.045019
3286.1142,0.045056
3286.3472,0.045127
3286.5801,0.045213
3286.8131,0.045286
3287.0461,0.045325
3287.2790,0.045325
3287.5120,0.045301
3287.7449,0.045277
3287.9779,0.045277
3288.2108,0.045313
3288.4438,0.045375
3288.6768,0.045442
3288.9097,0.045489
3289.1427,0.045504
3289.3756,0.045493
3289.6086,0.045475
3289.8416,0.045477
3290.0745,0.045512
3290.3075,0.045580
3290.5404,0.045662
3290.7734,0.045734
3291.0064,0.045778
3291.2393,0.045790
3291.4723,0.045786
3291.7052,0.045786
3291.9382,0.045808
3292.1711,0.045857
3292.4041,0.045922
3292.6371,0.045981
3292.8700,0.046017
3293.1030,0.046020
3293.3359,0.045996
3293.5689,0.045960
3293.8019,0.045926
3294.0348,0.045903
3294.2678,0.045888
3294.5007,0.045874
3294.7337,0.045857
3294.9666,0.045835
3295.1996,0.045816
3295.4326,0.045812
3295.6655,0.045829
3295.8985,0.045866
3296.1314,0.045912
3296.3644,0.045955
3296.5974,0.045984
3296.8303,0.045995
3297.0633,0.045994
3297.2962,0.045991
3297.5292,0.045994
3297.7622,0.046004
3297.9951,0.046019
3298.2281,0.046032
3298.4610,0.046042
3298.6940,0.046054
3298.9269,0.046076
3299.1599,0.046118
3299.3929,0.046178
3299.6258,0.046247
3299.8588,0.046305
3300.0917,0.046337
3300.3247,0.046332
3300.5577,0.046295
3300.7906,0.046245
3301.0236,0.046200
3301.2565,0.046175
3301.4895,0.046175
3301.7224,0.046193
3301.9554,0.046215
3302.1884,0.046235
3302.4213,0.046254
3302.6543,0.046283
3302.8872,0.046335
3303.1202,0.046421
3303.3532,0.046537
3303.5861,0.046672
3303.8191,0.046803
3304.0520,0.046913
3304.2850,0.046989
3304.5180,0.047031
3304.7509,0.047042
3304.9839,0.047032
3305.2168,0.047004
3305.4498,0.046961
3305.6827,0.046904
3305.9157,0.046840
3306.1487,0.046780
3306.3816,0.046738
3306.6146,0.046728
3306.8475,0.046754
3307.0805,0.046812
3307.3135,0.046891
3307.5464,0.046981
3307.7794,0.047072
3308.0123,0.047165
3308.2453,0.047262
3308.4782,0.047364
3308.7112,0.047466
3308.9442,0.047553
3309.1771,0.047608
3309.4101,0.047620
3309.6430,0.047588
3309.8760,0.047527
3310.1090,0.047462
3310.3419,0.047415
3310.5749,0.047400
3310.8078,0.047412
3311.0408,0.047435
3311.2738,0.047448
3311.5067,0.047440
3311.7397,0.047409
3311.9726,0.047368
3312.2056,0.047336
3312.4385,0.047326
3312.6715,0.047344
3312.9045,0.047384
3313.1374,0.047436
3313.3704,0.047495
3313.6033,0.047559
3313.8363,0.047633
3314.0693,0.047723
3314.3022,0.047825
3314.5352,0.047928
3314.7681,0.048014
3315.0011,0.048065
3315.2340,0.048076
3315.4670,0.048055
3315.7000,0.048024
3315.9329,0.048004
3316.1659,0.048010
3316.3988,0.048041
3316.6318,0.048083
3316.8648,0.048117
3317.0977,0.048127
3317.3307,0.048111
3317.5636,0.048078
3317.7966,0.048045
3318.0296,0.048028
3318.2625,0.048034
3318.4955,0.048061
3318.7284,0.048102
3318.9614,0.048151
3319.1943,0.048206
3319.4273,0.048270
3319.6603,0.048349
3319.8932,0.048440
3320.1262,0.048536
3320.3591,0.048624
3320.5921,0.048690
3320.8251,0.048731
3321.0580,0.048752
3321.2910,0.048769
3321.5239,0.048795
3321.7569,0.048837
3321.9898,0.048889
3322.2228,0.048939
3322.4558,0.048973
3322.6887,0.048986
3322.9217,0.048990
3323.1546,0.049004
3323.3876,0.049050
3323.6206,0.049142
3323.8535,0.049276
3324.0865,0.049430
3324.3194,0.049576
3324.5524,0.049688
3324.7854,0.049752
3325.0183,0.049770
3325.2513,0.049757
3325.4842,0.049729
3325.7172,0.049703
3325.9501,0.049686
3326.1831,0.049681
3326.4161,0.049691
3326.6490,0.049717
3326.8820,0.049764
3327.1149,0.049832
3327.3479,0.049913
3327.5809,0.049995
3327.8138,0.050058
3328.0468,0.050090
3328.2797,0.050087
3328.5127,0.050058
3328.7456,0.050024
3328.9786,0.050004
3329.2116,0.050012
3329.4445,0.050047
3329.6775,0.050099
3329.9104,0.050152
3330.1434,0.050196
3330.3764,0.050229
3330.6093,0.050256
3330.8423,0.050287
3331.0752,0.050328
3331.3082,0.050379
3331.5412,0.050436
3331.7741,0.050492
3332.0071,0.050549
3332.2400,0.050614
3332.4730,0.050699
3332.7059,0.050812
3332.9389,0.050953
3333.1719,0.051110
3333.4048,0.051265
3333.6378,0.051400
3333.8707,0.051504
3334.1037,0.051579
3334.3367,0.051635
3334.5696,0.051684
3334.8026,0.051730
3335.0355,0.051774
3335.2685,0.051810
3335.5014,0.051836
3335.7344,0.051860
3335.9674,0.051898
3336.2003,0.051969
3336.4333,0.052085
3336.6662,0.052240
3336.8992,0.052411
3337.1322,0.052563
3337.3651,0.052666
3337.5981,0.052707
3337.8310,0.052694
3338.0640,0.052655
3338.2970,0.052624
3338.5299,0.052625
3338.7629,0.052669
3338.9958,0.052748
3339.2288,0.052848
3339.4617,0.052956
3339.6947,0.053067
3339.9277,0.053187
3340.1606,0.053321
3340.3936,0.053468
3340.6265,0.053616
3340.8595,0.053747
3341.0925,0.053841
3341.3254,0.053888
3341.5584,0.053897
3341.7913,0.053883
3342.0243,0.053870
3342.2572,0.053870
3342.4902,0.053884
3342.7232,0.053904
3342.9561,0.053919
3343.1891,0.053929
3343.4220,0.053944
3343.6550,0.053984
3343.8880,0.054064
3344.1209,0.054189
3344.3539,0.054340
3344.5868,0.054490
3344.8198,0.054608
3345.0528,0.054676
3345.2857,0.054699
3345.5187,0.054704
3345.7516,0.054727
3345.9846,0.054796
3346.2175,0.054923
3346.4505,0.055096
3346.6835,0.055290
3346.9164,0.055476
3347.1494,0.055631
3347.3823,0.055749
3347.6153,0.055834
3347.8483,0.055894
3348.0812,0.055936
3348.3142,0.055961
3348.5471,0.055968
3348.7801,0.055958
3349.0130,0.055940
3349.2460,0.055925
3349.4790,0.055928
3349.7119,0.055958
3349.9449,0.056018
3350.1778,0.056105
3350.4108,0.056218
3350.6438,0.056358
3350.8767,0.056530
3351.1097,0.056735
3351.3426,0.056966
3351.5756,0.057204
3351.8086,0.057418
3352.0415,0.057579
3352.2745,0.057671
3352.5074,0.057703
3352.7404,0.057708
3352.9733,0.057731
3353.2063,0.057813
3353.4393,0.057970
3353.6722,0.058194
3353.9052,0.058448
3354.1381,0.058690
3354.3711,0.058887
3354.6041,0.059024
3354.8370,0.059110
3355.0700,0.059164
3355.3029,0.059204
3355.5359,0.059236
3355.7688,0.059260
3356.0018,0.059274
3356.2348,0.059288
3356.4677,0.059325
3356.7007,0.059415
3356.9336,0.059582
3357.1666,0.059826
3357.3996,0.060121
3357.6325,0.060422
3357.8655,0.060676
3358.0984,0.060848
3358.3314,0.060931
3358.5643,0.060948
3358.7973,0.060940
3359.0303,0.060945
3359.2632,0.060984
3359.4962,0.061061
3359.7291,0.061163
3359.9621,0.061278
3360.1951,0.061405
3360.4280,0.061551
3360.6610,0.061728
3360.8939,0.061938
3361.1269,0.062170
3361.3599,0.062396
3361.5928,0.062587
3361.8258,0.062724
3362.0587,0.062809
3362.2917,0.062865
3362.5246,0.062923
3362.7576,0.063009
3362.9906,0.063134
3363.2235,0.063290
3363.4565,0.063459
3363.6894,0.063627
3363.9224,0.063794
3364.1554,0.063973
3364.3883,0.064182
3364.6213,0.064429
3364.8542,0.064705
3365.0872,0.064981
3365.3201,0.065223
3365.5531,0.065407
3365.7861,0.065529
3366.0190,0.065609
3366.2520,0.065682
3366.4849,0.065779
3366.7179,0.065915
3366.9509,0.066086
3367.1838,0.066275
3367.4168,0.066466
3367.6497,0.066651
3367.8827,0.066839
3368.1157,0.067040
3368.3486,0.067260
3368.5816,0.067491
3368.8145,0.067707
3369.0475,0.067879
3369.2804,0.067985
3369.5134,0.068027
3369.7464,0.068029
3369.9793,0.068027
3370.2123,0.068057
3370.4452,0.068138
3370.6782,0.068268
3370.9112,0.068430
3371.1441,0.068608
3371.3771,0.068792
3371.6100,0.068987
3371.8430,0.069203
3372.0759,0.069452
3372.3089,0.069729
3372.5419,0.070021
3372.7748,0.070302
3373.0078,0.070554
3373.2407,0.070769
3373.4737,0.070956
3373.7067,0.071132
3373.9396,0.071312
3374.1726,0.071501
3374.4055,0.071694
3374.6385,0.071882
3374.8715,0.072063
3375.1044,0.072248
3375.3374,0.072458
3375.5703,0.072711
3375.8033,0.073013
3376.0362,0.073344
3376.2692,0.073669
3376.5022,0.073949
3376.7351,0.074158
3376.9681,0.074301
3377.2010,0.074408
3377.4340,0.074526
3377.6670,0.074695
3377.8999,0.074935
3378.1329,0.075238
3378.3658,0.075576
3378.5988,0.075919
3378.8317,0.076248
3379.0647,0.076562
3379.2977,0.076874
3379.5306,0.077195
3379.7636,0.077531
3379.9965,0.077870
3380.2295,0.078197
3380.4625,0.078503
3380.6954,0.078793
3380.9284,0.079089
3381.1613,0.079418
3381.3943,0.079795
3381.6273,0.080213
3381.8602,0.080640
3382.0932,0.081036
3382.3261,0.081370
3382.5591,0.081635
3382.7920,0.081857
3383.0250,0.082078
3383.2580,0.082343
3383.4909,0.082674
3383.7239,0.083064
3383.9568,0.083486
3384.1898,0.083903
3384.4228,0.084290
3384.6557,0.084645
3384.8887,0.084987
3385.1216,0.085342
3385.3546,0.085725
3385.5875,0.086139
3385.8205,0.086568
3386.0535,0.086994
3386.2864,0.087406
3386.5194,0.087805
3386.7523,0.088207
3386.9853,0.088627
3387.2183,0.089073
3387.4512,0.089539
3387.6842,0.090006
3387.9171,0.090458
3388.1501,0.090889
3388.3831,0.091304
3388.6160,0.091718
3388.8490,0.092141
3389.0819,0.092572
3389.3149,0.093000
3389.5478,0.093409
3389.7808,0.093792
3390.0138,0.094158
3390.2467,0.094534
3390.4797,0.094947
3390.7126,0.095412
3390.9456,0.095919
3391.1786,0.096432
3391.4115,0.096908
3391.6445,0.097313
3391.8774,0.097648
3392.1104,0.097946
3392.3433,0.098268
3392.5763,0.098674
3392.8093,0.099201
3393.0422,0.099853
3393.2752,0.100596
3393.5081,0.101378
3393.7411,0.102142
3393.9741,0.102849
3394.2070,0.103476
3394.4400,0.104017
3394.6729,0.104478
3394.9059,0.104866
3395.1389,0.105196
3395.3718,0.105490
3395.6048,0.105785
3395.8377,0.106120
3396.0707,0.106531
3396.3036,0.107034
3396.5366,0.107619
3396.7696,0.108256
3397.0025,0.108907
3397.2355,0.109541
3397.4684,0.110150
3397.7014,0.110747
3397.9344,0.111351
3398.1673,0.111972
3398.4003,0.112598
3398.6332,0.113195
3398.8662,0.113722
3399.0991,0.114151
3399.3321,0.114479
3399.5651,0.114732
3399.7980,0.114949
3400.0310,0.115162
3400.2639,0.115385
3400.4969,0.115610
3400.7299,0.115822
3400.9628,0.116013
3401.1958,0.116194
3401.4287,0.116395
3401.6617,0.116645
3401.8947,0.116955
3402.1276,0.117308
3402.3606,0.117662
3402.5935,0.117973
3402.8265,0.118212
3403.0594,0.118384
3403.2924,0.118524
3403.5254,0.118678
3403.7583,0.118873
3403.9913,0.119104
3404.2242,0.119333
3404.4572,0.119513
3404.6902,0.119609
3404.9231,0.119626
3405.1561,0.119605
3405.3890,0.119605
3405.6220,0.119672
3405.8549,0.119814
3406.0879,0.120002
3406.3209,0.120177
3406.5538,0.120288
3406.7868,0.120311
3407.0197,0.120257
3407.2527,0.120166
3407.4857,0.120074
3407.7186,0.119996
3407.9516,0.119919
3408.1845,0.119811
3408.4175,0.119641
3408.6505,0.119404
3408.8834,0.119121
3409.1164,0.118829
3409.3493,0.118560
3409.5823,0.118321
3409.8152,0.118092
3410.0482,0.117841
3410.2812,0.117541
3410.5141,0.117190
3410.7471,0.116817
3410.9800,0.116465
3411.2130,0.116170
3411.4460,0.115944
3411.6789,0.115769
3411.9119,0.115608
3412.1448,0.115431
3412.3778,0.115223
3412.6107,0.114996
3412.8437,0.114775
3413.0767,0.114581
3413.3096,0.114414
3413.5426,0.114253
3413.7755,0.114065
3414.0085,0.113825
3414.2415,0.113529
3414.4744,0.113197
3414.7074,0.112857
3414.9403,0.112528
3415.1733,0.112211
3415.4063,0.111888
3415.6392,0.111538
3415.8722,0.111154
3416.1051,0.110758
3416.3381,0.110387
3416.5710,0.110082
3416.8040,0.109861
3417.0370,0.109707
3417.2699,0.109576
3417.5029,0.109412
3417.7358,0.109182
3417.9688,0.108888
3418.2018,0.108572
3418.4347,0.108292
3418.6677,0.108096
3418.9006,0.107996
3419.1336,0.107966
3419.3665,0.107952
3419.5995,0.107898
3419.8325,0.107769
3420.0654,0.107562
3420.2984,0.107298
3420.5313,0.107004
3420.7643,0.106703
3420.9973,0.106399
3421.2302,0.106091
3421.4632,0.105782
3421.6961,0.105488
3421.9291,0.105234
3422.1621,0.105044
3422.3950,0.104925
3422.6280,0.104859
3422.8609,0.104806
3423.0939,0.104727
3423.3268,0.104600
3423.5598,0.104434
3423.7928,0.104259
3424.0257,0.104116
3424.2587,0.104027
3424.4916,0.103984
3424.7246,0.103954
3424.9576,0.103893
3425.1905,0.103771
3425.4235,0.103587
3425.6564,0.103370
3425.8894,0.103163
3426.1223,0.102999
3426.3553,0.102887
3426.5883,0.102812
3426.8212,0.102748
3427.0542,0.102678
3427.2871,0.102604
3427.5201,0.102549
3427.7531,0.102539
3427.9860,0.102582
3428.2190,0.102659
3428.4519,0.102728
3428.6849,0.102743
3428.9179,0.102675
3429.1508,0.102532
3429.3838,0.102353
3429.6167,0.102189
3429.8497,0.102081
3430.0826,0.102036
3430.3156,0.102034
3430.5486,0.102037
3430.7815,0.102017
3431.0145,0.101966
3431.2474,0.101904
3431.4804,0.101861
3431.7134,0.101859
3431.9463,0.101897
3432.1793,0.101952
3432.4122,0.101994
3432.6452,0.102007
3432.8781,0.101997
3433.1111,0.101994
3433.3441,0.102029
3433.5770,0.102117
3433.8100,0.102236
3434.0429,0.102337
3434.2759,0.102363
3434.5089,0.102278
3434.7418,0.102087
3434.9748,0.101834
3435.2077,0.101588
3435.4407,0.101408
3435.6737,0.101325
3435.9066,0.101333
3436.1396,0.101401
3436.3725,0.101493
3436.6055,0.101590
3436.8384,0.101693
3437.0714,0.101816
3437.3044,0.101968
3437.5373,0.102144
3437.7703,0.102318
3438.0032,0.102463
3438.2362,0.102561
3438.4692,0.102622
3438.7021,0.102680
3438.9351,0.102778
3439.1680,0.102946
3439.4010,0.103184
3439.6339,0.103465
3439.8669,0.103742
3440.0999,0.103977
3440.3328,0.104154
3440.5658,0.104287
3440.7987,0.104404
3441.0317,0.104533
3441.2647,0.104683
3441.4976,0.104848
3441.7306,0.105008
3441.9635,0.105153
3442.1965,0.105289
3442.4295,0.105438
3442.6624,0.105624
3442.8954,0.105856
3443.1283,0.106116
3443.3613,0.106368
3443.5942,0.106568
3443.8272,0.106694
3444.0602,0.106749
3444.2931,0.106765
3444.5261,0.106779
3444.7590,0.106813
3444.9920,0.106862
3445.2250,0.106895
3445.4579,0.106878
3445.6909,0.106793
3445.9238,0.106655
3446.1568,0.106503
3446.3897,0.106386
3446.6227,0.106331
3446.8557,0.106331
3447.0886,0.106348
3447.3216,0.106331
3447.5545,0.106240
3447.7875,0.106068
3448.0205,0.105838
3448.2534,0.105584
3448.4864,0.105334
3448.7193,0.105090
3448.9523,0.104836
3449.1853,0.104547
3449.4182,0.104216
3449.6512,0.103858
3449.8841,0.103506
3450.1171,0.103191
3450.3500,0.102920
3450.5830,0.102668
3450.8160,0.102388
3451.0489,0.102031
3451.2819,0.101575
3451.5148,0.101035
3451.7478,0.100454
3451.9808,0.099880
3452.2137,0.099342
3452.4467,0.098833
3452.6796,0.098323
3452.9126,0.097776
3453.1455,0.097180
3453.3785,0.096556
3453.6115,0.095949
3453.8444,0.095400
3454.0774,0.094920
3454.3103,0.094480
3454.5433,0.094018
3454.7763,0.093469
3455.0092,0.092801
3455.2422,0.092028
3455.4751,0.091209
3455.7081,0.090417
3455.9411,0.089701
3456.1740,0.089073
3456.4070,0.088501
3456.6399,0.087933
3456.8729,0.087332
3457.1058,0.086691
3457.3388,0.086040
3457.5718,0.085423
3457.8047,0.084872
3458.0377,0.084387
3458.2706,0.083933
3458.5036,0.083459
3458.7366,0.082928
3458.9695,0.082329
3459.2025,0.081688
3459.4354,0.081047
3459.6684,0.080444
3459.9013,0.079889
3460.1343,0.079366
3460.3673,0.078847
3460.6002,0.078309
3460.8332,0.077750
3461.0661,0.077191
3461.2991,0.076663
3461.5321,0.076182
3461.7650,0.075743
3461.9980,0.075315
3462.2309,0.074860
3462.4639,0.074355
3462.6969,0.073806
3462.9298,0.073245
3463.1628,0.072719
3463.3957,0.072264
3463.6287,0.071887
3463.8616,0.071567
3464.0946,0.071262
3464.3276,0.070937
3464.5605,0.070570
3464.7935,0.070166
3465.0264,0.069743
3465.2594,0.069320
3465.4924,0.068905
3465.7253,0.068495
3465.9583,0.068085
3466.1912,0.067675
3466.4242,0.067283
3466.6571,0.066933
3466.8901,0.066645
3467.1231,0.066419
3467.3560,0.066226
3467.5890,0.066022
3467.8219,0.065759
3468.0549,0.065410
3468.2879,0.064980
3468.5208,0.064505
3468.7538,0.064033
3468.9867,0.063600
3469.2197,0.063221
3469.4527,0.062881
3469.6856,0.062554
3469.9186,0.062214
3470.1515,0.061855
3470.3845,0.061492
3470.6174,0.061149
3470.8504,0.060853
3471.0834,0.060611
3471.3163,0.060415
3471.5493,0.060247
3471.7822,0.060086
3472.0152,0.059924
3472.2482,0.059764
3472.4811,0.059614
3472.7141,0.059482
3472.9470,0.059362
3473.1800,0.059240
3473.4129,0.059098
3473.6459,0.058924
3473.8789,0.058719
3474.1118,0.058493
3474.3448,0.058257
3474.5777,0.058020
3474.8107,0.057778
3475.0437,0.057525
3475.2766,0.057254
3475.5096,0.056972
3475.7425,0.056695
3475.9755,0.056444
3476.2085,0.056236
3476.4414,0.056070
3476.6744,0.055932
3476.9073,0.055797
3477.1403,0.055649
3477.3732,0.055485
3477.6062,0.055322
3477.8392,0.055182
3478.0721,0.055084
3478.3051,0.055028
3478.5380,0.054994
3478.7710,0.054950
3479.0040,0.054870
3479.2369,0.054746
3479.4699,0.054591
3479.7028,0.054433
3479.9358,0.054300
3480.1687,0.054200
3480.4017,0.054118
3480.6347,0.054026
3480.8676,0.053894
3481.1006,0.053711
3481.3335,0.053490
3481.5665,0.053262
3481.7995,0.053064
3482.0324,0.052915
3482.2654,0.052814
3482.4983,0.052740
3482.7313,0.052662
3482.9643,0.052563
3483.1972,0.052438
3483.4302,0.052300
3483.6631,0.052166
3483.8961,0.052046
3484.1290,0.051934
3484.3620,0.051816
3484.5950,0.051680
3484.8279,0.051523
3485.0609,0.051359
3485.2938,0.051210
3485.5268,0.051094
3485.7598,0.051018
3485.9927,0.050967
3486.2257,0.050917
3486.4586,0.050846
3486.6916,0.050749
3486.9245,0.050635
3487.1575,0.050528
3487.3905,0.050452
3487.6234,0.050414
3487.8564,0.050405
3488.0893,0.050404
3488.3223,0.050394
3488.5553,0.050371
3488.7882,0.050347
3489.0212,0.050345
3489.2541,0.050377
3489.4871,0.050434
3489.7201,0.050484
3489.9530,0.050484
3490.1860,0.050396
3490.4189,0.050213
3490.6519,0.049962
3490.8848,0.049698
3491.1178,0.049479
3491.3508,0.049350
3491.5837,0.049324
3491.8167,0.049380
3492.0496,0.049481
3492.2826,0.049589
3492.5156,0.049676
3492.7485,0.049734
3492.9815,0.049764
3493.2144,0.049771
3493.4474,0.049751
3493.6803,0.049697
3493.9133,0.049604
3494.1463,0.049481
3494.3792,0.049350
3494.6122,0.049249
3494.8451,0.049210
3495.0781,0.049253
3495.3111,0.049373
3495.5440,0.049548
3495.7770,0.049744
3496.0099,0.049935
3496.2429,0.050106
3496.4758,0.050261
3496.7088,0.050410
3496.9418,0.050563
3497.1747,0.050722
3497.4077,0.050884
3497.6406,0.051045
3497.8736,0.051205
3498.1066,0.051369
3498.3395,0.051544
3498.5725,0.051726
3498.8054,0.051900
3499.0384,0.052036
3499.2714,0.052107
3499.5043,0.052101
3499.7373,0.052030
3499.9702,0.051936
3500.2032,0.051871
3500.4361,0.051882
3500.6691,0.051989
3500.9021,0.052182
3501.1350,0.052428
3501.3680,0.052689
3501.6009,0.052942
3501.8339,0.053190
3502.0669,0.053458
3502.2998,0.053773
3502.5328,0.054149
3502.7657,0.054575
3502.9987,0.055014
3503.2316,0.055422
3503.4646,0.055764
3503.6976,0.056030
3503.9305,0.056239
3504.1635,0.056427
3504.3964,0.056627
3504.6294,0.056856
3504.8624,0.057115
3505.0953,0.057389
3505.3283,0.057665
3505.5612,0.057939
3505.7942,0.058219
3506.0272,0.058515
3506.2601,0.058835
3506.4931,0.059172
3506.7260,0.059516
3506.9590,0.059852
3507.1919,0.060175
3507.4249,0.060492
3507.6579,0.060818
3507.8908,0.061165
3508.1238,0.061533
3508.3567,0.061908
3508.5897,0.062267
3508.8227,0.062596
3509.0556,0.062905
3509.2886,0.063225
3509.5215,0.063607
3509.7545,0.064095
3509.9874,0.064708
3510.2204,0.065427
3510.4534,0.066202
3510.6863,0.066965
3510.9193,0.067660
3511.1522,0.068259
3511.3852,0.068764
3511.6182,0.069202
3511.8511,0.069598
3512.0841,0.069966
3512.3170,0.070305
3512.5500,0.070605
3512.7830,0.070864
3513.0159,0.071094
3513.2489,0.071324
3513.4818,0.071582
3513.7148,0.071884
3513.9477,0.072225
3514.1807,0.072584
3514.4137,0.072931
3514.6466,0.073250
3514.8796,0.073543
3515.1125,0.073832
3515.3455,0.074139
3515.5785,0.074471
3515.8114,0.074815
3516.0444,0.075135
3516.2773,0.075395
3516.5103,0.075575
3516.7432,0.075682
3516.9762,0.075748
3517.2092,0.075816
3517.4421,0.075911
3517.6751,0.076033
3517.9080,0.076154
3518.1410,0.076233
3518.3740,0.076239
3518.6069,0.076166
3518.8399,0.076035
3519.0728,0.075880
3519.3058,0.075728
3519.5388,0.075584
3519.7717,0.075432
3520.0047,0.075239
3520.2376,0.074976
3520.4706,0.074631
3520.7035,0.074212
3520.9365,0.073737
3521.1695,0.073222
3521.4024,0.072668
3521.6354,0.072069
3521.8683,0.071415
3522.1013,0.070706
3522.3343,0.069958
3522.5672,0.069197
3522.8002,0.068446
3523.0331,0.067713
3523.2661,0.066982
3523.4990,0.066226
3523.7320,0.065416
3523.9650,0.064542
3524.1979,0.063618
3524.4309,0.062676
3524.6638,0.061754
3524.8968,0.060873
3525.1298,0.060035
3525.3627,0.059220
3525.5957,0.058405
3525.8286,0.057575
3526.0616,0.056728
3526.2946,0.055876
3526.5275,0.055034
3526.7605,0.054208
3526.9934,0.053394
3527.2264,0.052579
3527.4593,0.051748
3527.6923,0.050899
3527.9253,0.050039
3528.1582,0.049183
3528.3912,0.048345
3528.6241,0.047529
3528.8571,0.046730
3529.0901,0.045945
3529.3230,0.045176
3529.5560,0.044438
3529.7889,0.043759
3530.0219,0.043161
3530.2548,0.042656
3530.4878,0.042234
3530.7208,0.041863
3530.9537,0.041504
3531.1867,0.041123
3531.4196,0.040699
3531.6526,0.040235
3531.8856,0.039742
3532.1185,0.039241
3532.3515,0.038744
3532.5844,0.038256
3532.8174,0.037778
3533.0504,0.037311
3533.2833,0.036859
3533.5163,0.036427
3533.7492,0.036019
3533.9822,0.035631
3534.2151,0.035249
3534.4481,0.034861
3534.6811,0.034462
3534.9140,0.034062
3535.1470,0.033691
3535.3799,0.033384
3535.6129,0.033169
3535.8459,0.033053
3536.0788,0.033013
3536.3118,0.033006
3536.5447,0.032979
3536.7777,0.032888
3537.0106,0.032714
3537.2436,0.032462
3537.4766,0.032158
3537.7095,0.031833
3537.9425,0.031512
3538.1754,0.031211
3538.4084,0.030936
3538.6414,0.030690
3538.8743,0.030478
3539.1073,0.030303
3539.3402,0.030162
3539.5732,0.030046
3539.8062,0.029938
3540.0391,0.029817
3540.2721,0.029671
3540.5050,0.029503
3540.7380,0.029331
3540.9709,0.029184
3541.2039,0.029084
3541.4369,0.029043
3541.6698,0.029054
3541.9028,0.029095
3542.1357,0.029144
3542.3687,0.029183
3542.6017,0.029206
3542.8346,0.029214
3543.0676,0.029207
3543.3005,0.029179
3543.5335,0.029112
3543.7664,0.028987
3543.9994,0.028794
3544.2324,0.028546
3544.4653,0.028273
3544.6983,0.028024
3544.9312,0.027838
3545.1642,0.027737
3545.3972,0.027716
3545.6301,0.027749
3545.8631,0.027802
3546.0960,0.027848
3546.3290,0.027877
3546.5620,0.027893
3546.7949,0.027905
3547.0279,0.027912
3547.2608,0.027901
3547.4938,0.027850
3547.7267,0.027743
3547.9597,0.027577
3548.1927,0.027373
3548.4256,0.027164
3548.6586,0.026986
3548.8915,0.026855
3549.1245,0.026768
3549.3575,0.026705
3549.5904,0.026640
3549.8234,0.026560
3550.0563,0.026469
3550.2893,0.026387
3550.5222,0.026333
3550.7552,0.026318
3550.9882,0.026335
3551.2211,0.026362
3551.4541,0.026375
3551.6870,0.026360
3551.9200,0.026322
3552.1530,0.026281
3552.3859,0.026257
3552.6189,0.026260
3552.8518,0.026276
3553.0848,0.026281
3553.3178,0.026242
3553.5507,0.026143
3553.7837,0.025990
3554.0166,0.025812
3554.2496,0.025644
3554.4825,0.025515
3554.7155,0.025437
3554.9485,0.025401
3555.1814,0.025395
3555.4144,0.025407
3555.6473,0.025436
3555.8803,0.025487
3556.1133,0.025567
3556.3462,0.025669
3556.5792,0.025768
3556.8121,0.025832
3557.0451,0.025830
3557.2780,0.025750
3557.5110,0.025603
3557.7440,0.025425
3557.9769,0.025258
3558.2099,0.025134
3558.4428,0.025066
3558.6758,0.025044
3558.9088,0.025048
3559.1417,0.025065
3559.3747,0.025094
3559.6076,0.025151
3559.8406,0.025250
3560.0736,0.025398
3560.3065,0.025576
3560.5395,0.025748
3560.7724,0.025872
3561.0054,0.025919
3561.2383,0.025887
3561.4713,0.025802
3561.7043,0.025709
3561.9372,0.025649
3562.1702,0.025641
3562.4031,0.025677
3562.6361,0.025732
3562.8691,0.025776
3563.1020,0.025793
3563.3350,0.025785
3563.5679,0.025770
3563.8009,0.025772
3564.0338,0.025802
3564.2668,0.025861
3564.4998,0.025938
3564.7327,0.026021
3564.9657,0.026109
3565.1986,0.026216
3565.4316,0.026361
3565.6646,0.026563
3565.8975,0.026819
3566.1305,0.027111
3566.3634,0.027399
3566.5964,0.027640
3566.8294,0.027801
3567.0623,0.027864
3567.2953,0.027834
3567.5282,0.027730
3567.7612,0.027574
3567.9941,0.027382
3568.2271,0.027165
3568.4601,0.026930
3568.6930,0.026687
3568.9260,0.026449
3569.1589,0.026227
3569.3919,0.026025
3569.6249,0.025837
3569.8578,0.025654
3570.0908,0.025466
3570.3237,0.025272
3570.5567,0.025085
3570.7896,0.024927
3571.0226,0.024818
3571.2556,0.024768
3571.4885,0.024768
3571.7215,0.024796
3571.9544,0.024825
3572.1874,0.024832
3572.4204,0.024812
3572.6533,0.024776
3572.8863,0.024749
3573.1192,0.024752
3573.3522,0.024796
3573.5852,0.024874
3573.8181,0.024966
3574.0511,0.025050
3574.2840,0.025109
3574.5170,0.025136
3574.7499,0.025136
3574.9829,0.025117
3575.2159,0.025084
3575.4488,0.025038
3575.6818,0.024976
3575.9147,0.024899
3576.1477,0.024813
3576.3807,0.024735
3576.6136,0.024679
3576.8466,0.024655
3577.0795,0.024660
3577.3125,0.024680
3577.5454,0.024691
3577.7784,0.024677
3578.0114,0.024628
3578.2443,0.024554
3578.4773,0.024475
3578.7102,0.024412
3578.9432,0.024385
3579.1762,0.024401
3579.4091,0.024456
3579.6421,0.024539
3579.8750,0.024637
3580.1080,0.024738
3580.3410,0.024836
3580.5739,0.024927
3580.8069,0.025007
3581.0398,0.025079
3581.2728,0.025147
3581.5057,0.025216
3581.7387,0.025294
3581.9717,0.025380
3582.2046,0.025467
3582.4376,0.025539
3582.6705,0.025575
3582.9035,0.025558
3583.1365,0.025486
3583.3694,0.025378
3583.6024,0.025271
3583.8353,0.025206
3584.0683,0.025217
3584.3012,0.025309
3584.5342,0.025463
3584.7672,0.025635
3585.0001,0.025780
3585.2331,0.025865
3585.4660,0.025884
3585.6990,0.025861
3585.9320,0.025837
3586.1649,0.025850
3586.3979,0.025925
3586.6308,0.026064
3586.8638,0.026249
3587.0968,0.026452
3587.3297,0.026643
3587.5627,0.026804
3587.7956,0.026925
3588.0286,0.027005
3588.2615,0.027042
3588.4945,0.027035
3588.7275,0.026982
3588.9604,0.026885
3589.1934,0.026752
3589.4263,0.026594
3589.6593,0.026423
3589.8923,0.026244
3590.1252,0.026056
3590.3582,0.025852
3590.5911,0.025632
3590.8241,0.025405
3591.0570,0.025191
3591.2900,0.025016
3591.5230,0.024905
3591.7559,0.024873
3591.9889,0.024917
3592.2218,0.025023
3592.4548,0.025170
3592.6878,0.025337
3592.9207,0.025510
3593.1537,0.025681
3593.3866,0.025844
3593.6196,0.025993
3593.8526,0.026109
3594.0855,0.026173
3594.3185,0.026166
3594.5514,0.026084
3594.7844,0.025942
3595.0173,0.025772
3595.2503,0.025614
3595.4833,0.025495
3595.7162,0.025428
3595.9492,0.025405
3596.1821,0.025405
3596.4151,0.025407
3596.6481,0.025397
3596.8810,0.025377
3597.1140,0.025356
3597.3469,0.025345
3597.5799,0.025351
3597.8128,0.025368
3598.0458,0.025388
3598.2788,0.025399
3598.5117,0.025394
3598.7447,0.025377
3598.9776,0.025353
3599.2106,0.025329
3599.4436,0.025309
3599.6765,0.025293
3599.9095,0.025283
3600.1424,0.025280
3600.3754,0.025294
3600.6084,0.025334
3600.8413,0.025407
3601.0743,0.025509
3601.3072,0.025624
3601.5402,0.025726
3601.7731,0.025789
3602.0061,0.025795
3602.2391,0.025745
3602.4720,0.025652
3602.7050,0.025543
3602.9379,0.025439
3603.1709,0.025354
3603.4039,0.025290
3603.6368,0.025244
3603.8698,0.025213
3604.1027,0.025201
3604.3357,0.025217
3604.5686,0.025273
3604.8016,0.025372
3605.0346,0.025504
3605.2675,0.025648
3605.5005,0.025780
3605.7334,0.025882
3605.9664,0.025950
3606.1994,0.026002
3606.4323,0.026065
3606.6653,0.026172
3606.8982,0.026339
3607.1312,0.026565
3607.3642,0.026826
3607.5971,0.027086
3607.8301,0.027305
3608.0630,0.027454
3608.2960,0.027521
3608.5289,0.027518
3608.7619,0.027470
3608.9949,0.027403
3609.2278,0.027344
3609.4608,0.027303
3609.6937,0.027283
3609.9267,0.027272
3610.1597,0.027254
3610.3926,0.027211
3610.6256,0.027132
3610.8585,0.027018
3611.0915,0.026886
3611.3244,0.026765
3611.5574,0.026688
3611.7904,0.026680
3612.0233,0.026753
3612.2563,0.026897
3612.4892,0.027082
3612.7222,0.027266
3612.9552,0.027401
3613.1881,0.027448
3613.4211,0.027388
3613.6540,0.027229
3613.8870,0.027006
3614.1200,0.026764
3614.3529,0.026548
3614.5859,0.026390
3614.8188,0.026305
3615.0518,0.026290
3615.2847,0.026334
3615.5177,0.026415
3615.7507,0.026511
3615.9836,0.026594
3616.2166,0.026646
3616.4495,0.026654
3616.6825,0.026620
3616.9155,0.026563
3617.1484,0.026513
3617.3814,0.026501
3617.6143,0.026548
3617.8473,0.026662
3618.0802,0.026827
3618.3132,0.027013
3618.5462,0.027185
3618.7791,0.027309
3619.0121,0.027371
3619.2450,0.027375
3619.4780,0.027342
3619.7110,0.027293
3619.9439,0.027246
3620.1769,0.027206
3620.4098,0.027166
3620.6428,0.027115
3620.8758,0.027047
3621.1087,0.026958
3621.3417,0.026856
3621.5746,0.026747
3621.8076,0.026637
3622.0405,0.026529
3622.2735,0.026419
3622.5065,0.026308
3622.7394,0.026198
3622.9724,0.026096
3623.2053,0.026015
3623.4383,0.025969
3623.6713,0.025965
3623.9042,0.026008
3624.1372,0.026093
3624.3701,0.026206
3624.6031,0.026332
3624.8360,0.026451
3625.0690,0.026549
3625.3020,0.026621
3625.5349,0.026670
3625.7679,0.026709
3626.0008,0.026757
3626.2338,0.026837
3626.4668,0.026962
3626.6997,0.027136
3626.9327,0.027351
3627.1656,0.027589
3627.3986,0.027831
3627.6316,0.028067
3627.8645,0.028300
3628.0975,0.028548
3628.3304,0.028834
3628.5634,0.029171
3628.7963,0.029557
3629.0293,0.029960
3629.2623,0.030324
3629.4952,0.030579
3629.7282,0.030667
3629.9611,0.030557
3630.1941,0.030257
3630.4271,0.029814
3630.6600,0.029286
3630.8930,0.028730
3631.1259,0.028186
3631.3589,0.027680
3631.5918,0.027230
3631.8248,0.026851
3632.0578,0.026555
3632.2907,0.026348
3632.5237,0.026228
3632.7566,0.026181
3632.9896,0.026186
3633.2226,0.026220
3633.4555,0.026265
3633.6885,0.026314
3633.9214,0.026365
3634.1544,0.026424
3634.3873,0.026490
3634.6203,0.026553
3634.8533,0.026593
3635.0862,0.026588
3635.3192,0.026525
3635.5521,0.026405
3635.7851,0.026249
3636.0181,0.026083
3636.2510,0.025935
3636.4840,0.025816
3636.7169,0.025727
3636.9499,0.025659
3637.1829,0.025599
3637.4158,0.025541
3637.6488,0.025490
3637.8817,0.025455
3638.1147,0.025449
3638.3476,0.025477
3638.5806,0.025537
3638.8136,0.025617
3639.0465,0.025704
3639.2795,0.025786
3639.5124,0.025858
3639.7454,0.025919
3639.9784,0.025971
3640.2113,0.026011
3640.4443,0.026035
3640.6772,0.026040
3640.9102,0.026026
3641.1431,0.026005
3641.3761,0.025994
3641.6091,0.026016
3641.8420,0.026083
3642.0750,0.026199
3642.3079,0.026349
3642.5409,0.026510
3642.7739,0.026654
3643.0068,0.026765
3643.2398,0.026833
3643.4727,0.026865
3643.7057,0.026869
3643.9387,0.026855
3644.1716,0.026825
3644.4046,0.026780
3644.6375,0.026725
3644.8705,0.026670
3645.1034,0.026638
3645.3364,0.026655
3645.5694,0.026746
3645.8023,0.026922
3646.0353,0.027182
3646.2682,0.027507
3646.5012,0.027873
3646.7342,0.028254
3646.9671,0.028636
3647.2001,0.029010
3647.4330,0.029374
3647.6660,0.029720
3647.8989,0.030032
3648.1319,0.030286
3648.3649,0.030457
3648.5978,0.030535
3648.8308,0.030529
3649.0637,0.030473
3649.2967,0.030407
3649.5297,0.030367
3649.7626,0.030368
3649.9956,0.030410
3650.2285,0.030474
3650.4615,0.030537
3650.6945,0.030578
3650.9274,0.030583
3651.1604,0.030542
3651.3933,0.030443
3651.6263,0.030273
3651.8592,0.030017
3652.0922,0.029664
3652.3252,0.029222
3652.5581,0.028716
3652.7911,0.028187
3653.0240,0.027683
3653.2570,0.027246
3653.4900,0.026899
3653.7229,0.026650
3653.9559,0.026493
3654.1888,0.026414
3654.4218,0.026400
3654.6547,0.026438
3654.8877,0.026521
3655.1207,0.026642
3655.3536,0.026795
3655.5866,0.026977
3655.8195,0.027182
3656.0525,0.027403
3656.2855,0.027633
3656.5184,0.027858
3656.7514,0.028056
3656.9843,0.028198
3657.2173,0.028253
3657.4503,0.028195
3657.6832,0.028019
3657.9162,0.027742
3658.1491,0.027400
3658.3821,0.027041
3658.6150,0.026707
3658.8480,0.026426
3659.0810,0.026212
3659.3139,0.026064
3659.5469,0.025974
3659.7798,0.025933
3660.0128,0.025929
3660.2458,0.025951
3660.4787,0.025988
3660.7117,0.026025
3660.9446,0.026051
3661.1776,0.026057
3661.4105,0.026041
3661.6435,0.026007
3661.8765,0.025964
3662.1094,0.025920
3662.3424,0.025879
3662.5753,0.025840
3662.8083,0.025800
3663.0413,0.025757
3663.2742,0.025717
3663.5072,0.025692
3663.7401,0.025695
3663.9731,0.025737
3664.2061,0.025813
3664.4390,0.025907
3664.6720,0.025991
3664.9049,0.026040
3665.1379,0.026042
3665.3708,0.026006
3665.6038,0.025958
3665.8368,0.025934
3666.0697,0.025965
3666.3027,0.026064
3666.5356,0.026220
3666.7686,0.026407
3667.0016,0.026592
3667.2345,0.026753
3667.4675,0.026887
3667.7004,0.027012
3667.9334,0.027158
3668.1663,0.027358
3668.3993,0.027633
3668.6323,0.027986
3668.8652,0.028403
3669.0982,0.028850
3669.3311,0.029289
3669.5641,0.029676
3669.7971,0.029977
3670.0300,0.030167
3670.2630,0.030243
3670.4959,0.030217
3670.7289,0.030117
3670.9619,0.029976
3671.1948,0.029821
3671.4278,0.029665
3671.6607,0.029500
3671.8937,0.029306
3672.1266,0.029060
3672.3596,0.028752
3672.5926,0.028396
3672.8255,0.028031
3673.0585,0.027710
3673.2914,0.027484
3673.5244,0.027389
3673.7574,0.027440
3673.9903,0.027634
3674.2233,0.027955
3674.4562,0.028381
3674.6892,0.028890
3674.9221,0.029457
3675.1551,0.030057
3675.3881,0.030653
3675.6210,0.031193
3675.8540,0.031605
3676.0869,0.031814
3676.3199,0.031764
3676.5529,0.031443
3676.7858,0.030900
3677.0188,0.030227
3677.2517,0.029529
3677.4847,0.028889
3677.7177,0.028352
3677.9506,0.027927
3678.1836,0.027603
3678.4165,0.027363
3678.6495,0.027194
3678.8824,0.027091
3679.1154,0.027052
3679.3484,0.027075
3679.5813,0.027149
3679.8143,0.027257
3680.0472,0.027371
3680.2802,0.027462
3680.5132,0.027505
3680.7461,0.027483
3680.9791,0.027394
3681.2120,0.027246
3681.4450,0.027061
3681.6779,0.026865
3681.9109,0.026687
3682.1439,0.026555
3682.3768,0.026487
3682.6098,0.026490
3682.8427,0.026555
3683.0757,0.026663
3683.3087,0.026783
3683.5416,0.026889
3683.7746,0.026966
3684.0075,0.027014
3684.2405,0.027048
3684.4735,0.027090
3684.7064,0.027157
3684.9394,0.027256
3685.1723,0.027378
3685.4053,0.027505
3685.6382,0.027620
3685.8712,0.027710
3686.1042,0.027778
3686.3371,0.027838
3686.5701,0.027908
3686.8030,0.028006
3687.0360,0.028140
3687.2690,0.028311
3687.5019,0.028520
3687.7349,0.028765
3687.9678,0.029051
3688.2008,0.029381
3688.4337,0.029751
3688.6667,0.030145
3688.8997,0.030527
3689.1326,0.030845
3689.3656,0.031047
3689.5985,0.031094
3689.8315,0.030983
3690.0645,0.030751
3690.2974,0.030461
3690.5304,0.030176
3690.7633,0.029940
3690.9963,0.029771
3691.2293,0.029662
3691.4622,0.029589
3691.6952,0.029521
3691.9281,0.029424
3692.1611,0.029271
3692.3940,0.029050
3692.6270,0.028764
3692.8600,0.028435
3693.0929,0.028098
3693.3259,0.027792
3693.5588,0.027546
3693.7918,0.027379
3694.0248,0.027288
3694.2577,0.027259
3694.4907,0.027267
3694.7236,0.027288
3694.9566,0.027303
3695.1895,0.027306
3695.4225,0.027299
3695.6555,0.027292
3695.8884,0.027295
3696.1214,0.027310
3696.3543,0.027334
3696.5873,0.027360
3696.8203,0.027382
3697.0532,0.027398
3697.2862,0.027410
3697.5191,0.027423
3697.7521,0.027437
3697.9851,0.027449
3698.2180,0.027452
3698.4510,0.027439
3698.6839,0.027409
3698.9169,0.027368
3699.1498,0.027328
3699.3828,0.027304
3699.6158,0.027305
3699.8487,0.027331
3700.0817,0.027378
3700.3146,0.027439
3700.5476,0.027510
3700.7806,0.027600
3701.0135,0.027722
3701.2465,0.027889
3701.4794,0.028106
3701.7124,0.028362
3701.9453,0.028630
3702.1783,0.028870
3702.4113,0.029042
3702.6442,0.029118
3702.8772,0.029085
3703.1101,0.028956
3703.3431,0.028757
3703.5761,0.028522
3703.8090,0.028283
3704.0420,0.028066
3704.2749,0.027890
3704.5079,0.027766
3704.7409,0.027702
3704.9738,0.027696
3705.2068,0.027737
3705.4397,0.027808
3705.6727,0.027883
3705.9056,0.027939
3706.1386,0.027964
3706.3716,0.027960
3706.6045,0.027941
3706.8375,0.027930
3707.0704,0.027947
3707.3034,0.028002
3707.5364,0.028090
3707.7693,0.028198
3708.0023,0.028313
3708.2352,0.028427
3708.4682,0.028541
3708.7011,0.028667
3708.9341,0.028819
3709.1671,0.029007
3709.4000,0.029233
3709.6330,0.029487
3709.8659,0.029753
3710.0989,0.030010
3710.3319,0.030233
3710.5648,0.030402
3710.7978,0.030500
3711.0307,0.030520
3711.2637,0.030469
3711.4967,0.030369
3711.7296,0.030257
3711.9626,0.030176
3712.1955,0.030162
3712.4285,0.030231
3712.6614,0.030368
3712.8944,0.030523
3713.1274,0.030617
3713.3603,0.030574
3713.5933,0.030343
3713.8262,0.029932
3714.0592,0.029399
3714.2922,0.028834
3714.5251,0.028325
3714.7581,0.027929
3714.9910,0.027669
3715.2240,0.027533
3715.4569,0.027491
3715.6899,0.027505
3715.9229,0.027537
3716.1558,0.027563
3716.3888,0.027570
3716.6217,0.027556
3716.8547,0.027526
3717.0877,0.027493
3717.3206,0.027469
3717.5536,0.027467
3717.7865,0.027500
3718.0195,0.027574
3718.2525,0.027688
3718.4854,0.027834
3718.7184,0.027997
3718.9513,0.028162
3719.1843,0.028317
3719.4172,0.028452
3719.6502,0.028562
3719.8832,0.028641
3720.1161,0.028678
3720.3491,0.028663
3720.5820,0.028588
3720.8150,0.028456
3721.0480,0.028289
3721.2809,0.028126
3721.5139,0.028012
3721.7468,0.027987
3721.9798,0.028073
3722.2127,0.028261
3722.4457,0.028515
3722.6787,0.028777
3722.9116,0.028986
3723.1446,0.029095
3723.3775,0.029085
3723.6105,0.028967
3723.8435,0.028779
3724.0764,0.028564
3724.3094,0.028362
3724.5423,0.028198
3724.7753,0.028085
3725.0083,0.028026
3725.2412,0.028022
3725.4742,0.028075
3725.7071,0.028181
3725.9401,0.028334
3726.1730,0.028518
3726.4060,0.028709
3726.6390,0.028877
3726.8719,0.028996
3727.1049,0.029044
3727.3378,0.029010
3727.5708,0.028894
3727.8038,0.028704
3728.0367,0.028461
3728.2697,0.028191
3728.5026,0.027926
3728.7356,0.027699
3728.9685,0.027534
3729.2015,0.027443
3729.4345,0.027419
3729.6674,0.027445
3729.9004,0.027496
3730.1333,0.027549
3730.3663,0.027591
3730.5993,0.027626
3730.8322,0.027671
3731.0652,0.027747
3731.2981,0.027875
3731.5311,0.028068
3731.7641,0.028325
3731.9970,0.028633
3732.2300,0.028974
3732.4629,0.029322
3732.6959,0.029647
3732.9288,0.029919
3733.1618,0.030105
3733.3948,0.030179
3733.6277,0.030137
3733.8607,0.030006
3734.0936,0.029839
3734.3266,0.029705
3734.5596,0.029667
3734.7925,0.029761
3735.0255,0.029986
3735.2584,0.030306
3735.4914,0.030653
3735.7243,0.030950
3735.9573,0.031128
3736.1903,0.031156
3736.4232,0.031043
3736.6562,0.030836
3736.8891,0.030583
3737.1221,0.030316
3737.3551,0.030037
3737.5880,0.029731
3737.8210,0.029384
3738.0539,0.029004
3738.2869,0.028620
3738.5199,0.028275
3738.7528,0.028008
3738.9858,0.027838
3739.2187,0.027757
3739.4517,0.027737
3739.6846,0.027746
3739.9176,0.027757
3740.1506,0.027761
3740.3835,0.027764
3740.6165,0.027781
3740.8494,0.027825
3741.0824,0.027900
3741.3154,0.027999
3741.5483,0.028108
3741.7813,0.028213
3742.0142,0.028310
3742.2472,0.028402
3742.4801,0.028502
3742.7131,0.028626
3742.9461,0.028789
3743.1790,0.029007
3743.4120,0.029297
3743.6449,0.029680
3743.8779,0.030178
3744.1109,0.030810
3744.3438,0.031579
3744.5768,0.032456
3744.8097,0.033373
3745.0427,0.034211
3745.2757,0.034816
3745.5086,0.035036
3745.7416,0.034782
3745.9745,0.034078
3746.2075,0.033059
3746.4404,0.031918
3746.6734,0.030837
3746.9064,0.029937
3747.1393,0.029284
3747.3723,0.028893
3747.6052,0.028755
3747.8382,0.028839
3748.0712,0.029099
3748.3041,0.029483
3748.5371,0.029936
3748.7700,0.030408
3749.0030,0.030869
3749.2359,0.031310
3749.4689,0.031739
3749.7019,0.032164
3749.9348,0.032577
3750.1678,0.032940
3750.4007,0.033190
3750.6337,0.033259
3750.8667,0.033114
3751.0996,0.032783
3751.3326,0.032353
3751.5655,0.031940
3751.7985,0.031644
3752.0315,0.031525
3752.2644,0.031591
3752.4974,0.031807
3752.7303,0.032100
3752.9633,0.032379
3753.1962,0.032552
3753.4292,0.032543
3753.6622,0.032319
3753.8951,0.031895
3754.1281,0.031324
3754.3610,0.030680
3754.5940,0.030040
3754.8270,0.029464
3755.0599,0.028997
3755.2929,0.028665
3755.5258,0.028476
3755.7588,0.028420
3755.9917,0.028474
3756.2247,0.028609
3756.4577,0.028794
3756.6906,0.029003
3756.9236,0.029220
3757.1565,0.029430
3757.3895,0.029619
3757.6225,0.029771
3757.8554,0.029865
3758.0884,0.029886
3758.3213,0.029836
3758.5543,0.029736
3758.7873,0.029627
3759.0202,0.029555
3759.2532,0.029559
3759.4861,0.029659
3759.7191,0.029848
3759.9520,0.030092
3760.1850,0.030344
3760.4180,0.030547
3760.6509,0.030654
3760.8839,0.030639
3761.1168,0.030500
3761.3498,0.030261
3761.5828,0.029959
3761.8157,0.029641
3762.0487,0.029349
3762.2816,0.029115
3762.5146,0.028959
3762.7475,0.028884
3762.9805,0.028879
3763.2135,0.028924
3763.4464,0.028992
3763.6794,0.029062
3763.9123,0.029121
3764.1453,0.029172
3764.3783,0.029229
3764.6112,0.029313
3764.8442,0.029437
3765.0771,0.029605
3765.3101,0.029806
3765.5431,0.030023
3765.7760,0.030234
3766.0090,0.030420
3766.2419,0.030569
3766.4749,0.030670
3766.7078,0.030717
3766.9408,0.030702
3767.1738,0.030623
3767.4067,0.030484
3767.6397,0.030306
3767.8726,0.030122
3768.1056,0.029966
3768.3386,0.029871
3768.5715,0.029853
3768.8045,0.029911
3769.0374,0.030031
3769.2704,0.030193
3769.5033,0.030380
3769.7363,0.030581
3769.9693,0.030791
3770.2022,0.031005
3770.4352,0.031207
3770.6681,0.031363
3770.9011,0.031428
3771.1341,0.031358
3771.3670,0.031135
3771.6000,0.030775
3771.8329,0.030332
3772.0659,0.029878
3772.2988,0.029480
3772.5318,0.029180
3772.7648,0.028993
3772.9977,0.028906
3773.2307,0.028895
3773.4636,0.028930
3773.6966,0.028988
3773.9296,0.029055
3774.1625,0.029123
3774.3955,0.029188
3774.6284,0.029246
3774.8614,0.029291
3775.0944,0.029321
3775.3273,0.029335
3775.5603,0.029339
3775.7932,0.029342
3776.0262,0.029351
3776.2591,0.029372
3776.4921,0.029406
3776.7251,0.029451
3776.9580,0.029504
3777.1910,0.029568
3777.4239,0.029646
3777.6569,0.029739
3777.8899,0.029845
3778.1228,0.029954
3778.3558,0.030056
3778.5887,0.030141
3778.8217,0.030210
3779.0546,0.030277
3779.2876,0.030363
3779.5206,0.030488
3779.7535,0.030657
3779.9865,0.030853
3780.2194,0.031035
3780.4524,0.031150
3780.6854,0.031152
3780.9183,0.031021
3781.1513,0.030767
3781.3842,0.030435
3781.6172,0.030079
3781.8502,0.029749
3782.0831,0.029476
3782.3161,0.029269
3782.5490,0.029123
3782.7820,0.029026
3783.0149,0.028967
3783.2479,0.028938
3783.4809,0.028935
3783.7138,0.028957
3783.9468,0.028999
3784.1797,0.029057
3784.4127,0.029126
3784.6457,0.029204
3784.8786,0.029290
3785.1116,0.029381
3785.3445,0.029473
3785.5775,0.029551
3785.8104,0.029599
3786.0434,0.029597
3786.2764,0.029538
3786.5093,0.029424
3786.7423,0.029274
3786.9752,0.029113
3787.2082,0.028967
3787.4412,0.028854
3787.6741,0.028779
3787.9071,0.028736
3788.1400,0.028715
3788.3730,0.028703
3788.6060,0.028693
3788.8389,0.028680
3789.0719,0.028663
3789.3048,0.028641
3789.5378,0.028611
3789.7707,0.028572
3790.0037,0.028525
3790.2367,0.028475
3790.4696,0.028431
3790.7026,0.028401
3790.9355,0.028387
3791.1685,0.028387
3791.4015,0.028394
3791.6344,0.028398
3791.8674,0.028398
3792.1003,0.028397
3792.3333,0.028407
3792.5662,0.028440
3792.7992,0.028501
3793.0322,0.028587
3793.2651,0.028684
3793.4981,0.028774
3793.7310,0.028843
3793.9640,0.028886
3794.1970,0.028905
3794.4299,0.028913
3794.6629,0.028922
3794.8958,0.028943
3795.1288,0.028980
3795.3618,0.029039
3795.5947,0.029128
3795.8277,0.029258
3796.0606,0.029442
3796.2936,0.029687
3796.5265,0.029985
3796.7595,0.030308
3796.9925,0.030609
3797.2254,0.030834
3797.4584,0.030937
3797.6913,0.030897
3797.9243,0.030727
3798.1573,0.030472
3798.3902,0.030188
3798.6232,0.029932
3798.8561,0.029740
3799.0891,0.029629
3799.3220,0.029602
3799.5550,0.029651
3799.7880,0.029768
3800.0209,0.029946
3800.2539,0.030178
3800.4868,0.030456
3800.7198,0.030769
3800.9528,0.031108
3801.1857,0.031463
3801.4187,0.031828
3801.6516,0.032193
3801.8846,0.032541
3802.1176,0.032837
3802.3505,0.033031
3802.5835,0.033070
3802.8164,0.032915
3803.0494,0.032561
3803.2823,0.032047
3803.5153,0.031443
3803.7483,0.030828
3803.9812,0.030265
3804.2142,0.029793
3804.4471,0.029427
3804.6801,0.029164
3804.9131,0.028991
3805.1460,0.028897
3805.3790,0.028872
3805.6119,0.028914
3805.8449,0.029020
3806.0778,0.029187
3806.3108,0.029409
3806.5438,0.029678
3806.7767,0.029982
3807.0097,0.030309
3807.2426,0.030640
3807.4756,0.030949
3807.7086,0.031197
3807.9415,0.031338
3808.1745,0.031327
3808.4074,0.031142
3808.6404,0.030792
3808.8734,0.030323
3809.1063,0.029806
3809.3393,0.029313
3809.5722,0.028902
3809.8052,0.028600
3810.0381,0.028414
3810.2711,0.028327
3810.5041,0.028317
3810.7370,0.028355
3810.9700,0.028414
3811.2029,0.028471
3811.4359,0.028510
3811.6689,0.028518
3811.9018,0.028493
3812.1348,0.028444
3812.3677,0.028390
3812.6007,0.028355
3812.8336,0.028365
3813.0666,0.028436
3813.2996,0.028569
3813.5325,0.028747
3813.7655,0.028948
3813.9984,0.029144
3814.2314,0.029321
3814.4644,0.029483
3814.6973,0.029647
3814.9303,0.029837
3815.1632,0.030078
3815.3962,0.030379
3815.6292,0.030740
3815.8621,0.031147
3816.0951,0.031579
3816.3280,0.032012
3816.5610,0.032417
3816.7939,0.032753
3817.0269,0.032971
3817.2599,0.033016
3817.4928,0.032851
3817.7258,0.032474
3817.9587,0.031933
3818.1917,0.031314
3818.4247,0.030719
3818.6576,0.030233
3818.8906,0.029910
3819.1235,0.029766
3819.3565,0.029790
3819.5894,0.029947
3819.8224,0.030199
3820.0554,0.030514
3820.2883,0.030870
3820.5213,0.031257
3820.7542,0.031671
3820.9872,0.032098
3821.2202,0.032515
3821.4531,0.032880
3821.6861,0.033145
3821.9190,0.033264
3822.1520,0.033209
3822.3850,0.032975
3822.6179,0.032585
3822.8509,0.032077
3823.0838,0.031500
3823.3168,0.030904
3823.5497,0.030339
3823.7827,0.029847
3824.0157,0.029460
3824.2486,0.029191
3824.4816,0.029033
3824.7145,0.028963
3824.9475,0.028947
3825.1805,0.028951
3825.4134,0.028951
3825.6464,0.028943
3825.8793,0.028939
3826.1123,0.028963
3826.3452,0.029033
3826.5782,0.029158
3826.8112,0.029329
3827.0441,0.029528
3827.2771,0.029731
3827.5100,0.029916
3827.7430,0.030069
3827.9760,0.030179
3828.2089,0.030239
3828.4419,0.030238
3828.6748,0.030168
3828.9078,0.030030
3829.1408,0.029839
3829.3737,0.029626
3829.6067,0.029432
3829.8396,0.029295
3830.0726,0.029239
3830.3055,0.029266
3830.5385,0.029358
3830.7715,0.029491
3831.0044,0.029641
3831.2374,0.029801
3831.4703,0.029980
3831.7033,0.030194
3831.9363,0.030452
3832.1692,0.030746
3832.4022,0.031040
3832.6351,0.031281
3832.8681,0.031415
3833.1010,0.031411
3833.3340,0.031270
3833.5670,0.031034
3833.7999,0.030761
3834.0329,0.030512
3834.2658,0.030331
3834.4988,0.030248
3834.7318,0.030275
3834.9647,0.030415
3835.1977,0.030659
3835.4306,0.030987
3835.6636,0.031355
3835.8966,0.031704
3836.1295,0.031963
3836.3625,0.032076
3836.5954,0.032020
3836.8284,0.031826
3837.0613,0.031571
3837.2943,0.031352
3837.5273,0.031254
3837.7602,0.031325
3837.9932,0.031564
3838.2261,0.031923
3838.4591,0.032320
3838.6921,0.032658
3838.9250,0.032850
3839.1580,0.032847
3839.3909,0.032647
3839.6239,0.032297
3839.8568,0.031868
3840.0898,0.031431
3840.3228,0.031043
3840.5557,0.030742
3840.7887,0.030546
3841.0216,0.030455
3841.2546,0.030450
3841.4876,0.030490
3841.7205,0.030524
3841.9535,0.030498
3842.1864,0.030377
3842.4194,0.030158
3842.6524,0.029874
3842.8853,0.029583
3843.1183,0.029344
3843.3512,0.029204
3843.5842,0.029178
3843.8171,0.029258
3844.0501,0.029413
3844.2831,0.029601
3844.5160,0.029783
3844.7490,0.029924
3844.9819,0.029998
3845.2149,0.029992
3845.4479,0.029902
3845.6808,0.029737
3845.9138,0.029518
3846.1467,0.029280
3846.3797,0.029060
3846.6126,0.028894
3846.8456,0.028807
3847.0786,0.028806
3847.3115,0.028883
3847.5445,0.029012
3847.7774,0.029165
3848.0104,0.029316
3848.2434,0.029448
3848.4763,0.029556
3848.7093,0.029642
3848.9422,0.029711
3849.1752,0.029768
3849.4082,0.029816
3849.6411,0.029863
3849.8741,0.029917
3850.1070,0.029995
3850.3400,0.030109
3850.5729,0.030266
3850.8059,0.030462
3851.0389,0.030685
3851.2718,0.030922
3851.5048,0.031169
3851.7377,0.031439
3851.9707,0.031762
3852.2037,0.032170
3852.4366,0.032683
3852.6696,0.033293
3852.9025,0.033953
3853.1355,0.034587
3853.3684,0.035109
3853.6014,0.035458
3853.8344,0.035624
3854.0673,0.035649
3854.3003,0.035599
3854.5332,0.035521
3854.7662,0.035421
3854.9992,0.035258
3855.2321,0.034966
3855.4651,0.034491
3855.6980,0.033826
3855.9310,0.033024
3856.1640,0.032179
3856.3969,0.031385
3856.6299,0.030711
3856.8628,0.030189
3857.0958,0.029823
3857.3287,0.029600
3857.5617,0.029495
3857.7947,0.029479
3858.0276,0.029520
3858.2606,0.029581
3858.4935,0.029628
3858.7265,0.029635
3858.9595,0.029591
3859.1924,0.029507
3859.4254,0.029408
3859.6583,0.029327
3859.8913,0.029288
3860.1242,0.029300
3860.3572,0.029356
3860.5902,0.029439
3860.8231,0.029533
3861.0561,0.029631
3861.2890,0.029745
3861.5220,0.029893
3861.7550,0.030095
3861.9879,0.030360
3862.2209,0.030668
3862.4538,0.030980
3862.6868,0.031242
3862.9198,0.031407
3863.1527,0.031449
3863.3857,0.031379
3863.6186,0.031236
3863.8516,0.031081
3864.0845,0.030970
3864.3175,0.030946
3864.5505,0.031030
3864.7834,0.031220
3865.0164,0.031499
3865.2493,0.031834
3865.4823,0.032179
3865.7153,0.032476
3865.9482,0.032664
3866.1812,0.032694
3866.4141,0.032538
3866.6471,0.032210
3866.8800,0.031760
3867.1130,0.031261
3867.3460,0.030789
3867.5789,0.030401
3867.8119,0.030129
3868.0448,0.029980
3868.2778,0.029947
3868.5108,0.030020
3868.7437,0.030188
3868.9767,0.030443
3869.2096,0.030783
3869.4426,0.031196
3869.6756,0.031665
3869.9085,0.032155
3870.1415,0.032620
3870.3744,0.033006
3870.6074,0.033261
3870.8403,0.033350
3871.0733,0.033257
3871.3063,0.032994
3871.5392,0.032597
3871.7722,0.032115
3872.0051,0.031602
3872.2381,0.031108
3872.4711,0.030674
3872.7040,0.030330
3872.9370,0.030097
3873.1699,0.029984
3873.4029,0.029991
3873.6358,0.030114
3873.8688,0.030339
3874.1018,0.030649
3874.3347,0.031015
3874.5677,0.031398
3874.8006,0.031748
3875.0336,0.032007
3875.2666,0.032119
3875.4995,0.032047
3875.7325,0.031785
3875.9654,0.031370
3876.1984,0.030867
3876.4314,0.030356
3876.6643,0.029907
3876.8973,0.029565
3877.1302,0.029347
3877.3632,0.029249
3877.5961,0.029250
3877.8291,0.029328
3878.0621,0.029461
3878.2950,0.029629
3878.5280,0.029820
3878.7609,0.030021
3878.9939,0.030224
3879.2269,0.030426
3879.4598,0.030632
3879.6928,0.030853
3879.9257,0.031107
3880.1587,0.031410
3880.3916,0.031766
3880.6246,0.032161
3880.8576,0.032555
3881.0905,0.032892
3881.3235,0.033108
3881.5564,0.033152
3881.7894,0.033006
3882.0224,0.032690
3882.2553,0.032259
3882.4883,0.031783
3882.7212,0.031327
3882.9542,0.030939
3883.1872,0.030649
3883.4201,0.030466
3883.6531,0.030386
3883.8860,0.030394
3884.1190,0.030469
3884.3519,0.030584
3884.5849,0.030715
3884.8179,0.030845
3885.0508,0.030971
3885.2838,0.031103
3885.5167,0.031261
3885.7497,0.031465
3885.9827,0.031721
3886.2156,0.032010
3886.4486,0.032291
3886.6815,0.032501
3886.9145,0.032576
3887.1474,0.032473
3887.3804,0.032186
3887.6134,0.031755
3887.8463,0.031248
3888.0793,0.030739
3888.3122,0.030287
3888.5452,0.029930
3888.7782,0.029680
3889.0111,0.029536
3889.2441,0.029486
3889.4770,0.029512
3889.7100,0.029596
3889.9430,0.029725
3890.1759,0.029886
3890.4089,0.030076
3890.6418,0.030294
3890.8748,0.030542
3891.1077,0.030820
3891.3407,0.031116
3891.5737,0.031408
3891.8066,0.031665
3892.0396,0.031846
3892.2725,0.031918
3892.5055,0.031861
3892.7385,0.031679
3892.9714,0.031401
3893.2044,0.031072
3893.4373,0.030740
3893.6703,0.030441
3893.9032,0.030201
3894.1362,0.030030
3894.3692,0.029931
3894.6021,0.029901
3894.8351,0.029933
3895.0680,0.030013
3895.3010,0.030121
3895.5340,0.030233
3895.7669,0.030324
3895.9999,0.030377
3896.2328,0.030388
3896.4658,0.030370
3896.6988,0.030343
3896.9317,0.030333
3897.1647,0.030359
3897.3976,0.030433
3897.6306,0.030555
3897.8635,0.030723
3898.0965,0.030932
3898.3295,0.031180
3898.5624,0.031466
3898.7954,0.031784
3899.0283,0.032123
3899.2613,0.032461
3899.4943,0.032769
3899.7272,0.033020
3899.9602,0.033192
3900.1931,0.033280
3900.4261,0.033291
3900.6590,0.033241
3900.8920,0.033149
3901.1250,0.033034
3901.3579,0.032912
3901.5909,0.032798
3901.8238,0.032708
3902.0568,0.032662
3902.2898,0.032672
3902.5227,0.032739
3902.7557,0.032845
3902.9886,0.032954
3903.2216,0.033026
3903.4546,0.033028
3903.6875,0.032959
3903.9205,0.032847
3904.1534,0.032746
3904.3864,0.032705
3904.6193,0.032752
3904.8523,0.032879
3905.0853,0.033046
3905.3182,0.033189
3905.5512,0.033247
3905.7841,0.033181
3906.0171,0.032987
3906.2501,0.032696
3906.4830,0.032355
3906.7160,0.032006
3906.9489,0.031678
3907.1819,0.031380
3907.4148,0.031113
3907.6478,0.030875
3907.8808,0.030671
3908.1137,0.030506
3908.3467,0.030386
3908.5796,0.030309
3908.8126,0.030265
3909.0456,0.030238
3909.2785,0.030212
3909.5115,0.030180
3909.7444,0.030145
3909.9774,0.030119
3910.2103,0.030115
3910.4433,0.030139
3910.6763,0.030191
3910.9092,0.030260
3911.1422,0.030333
3911.3751,0.030400
3911.6081,0.030454
3911.8411,0.030500
3912.0740,0.030541
3912.3070,0.030584
3912.5399,0.030629
3912.7729,0.030677
3913.0059,0.030725
3913.2388,0.030776
3913.4718,0.030834
3913.7047,0.030901
3913.9377,0.030977
3914.1706,0.031055
3914.4036,0.031124
3914.6366,0.031171
3914.8695,0.031190
3915.1025,0.031184
3915.3354,0.031165
3915.5684,0.031150
3915.8014,0.031155
3916.0343,0.031188
3916.2673,0.031252
3916.5002,0.031344
3916.7332,0.031462
3916.9661,0.031610
3917.1991,0.031790
3917.4321,0.032004
3917.6650,0.032239
3917.8980,0.032466
3918.1309,0.032646
3918.3639,0.032735
3918.5969,0.032706
3918.8298,0.032560
3919.0628,0.032327
3919.2957,0.032057
3919.5287,0.031806
3919.7617,0.031618
3919.9946,0.031513
3920.2276,0.031489
3920.4605,0.031528
3920.6935,0.031603
3920.9264,0.031684
3921.1594,0.031745
3921.3924,0.031767
3921.6253,0.031736
3921.8583,0.031647
3922.0912,0.031504
3922.3242,0.031322
3922.5572,0.031127
3922.7901,0.030950
3923.0231,0.030820
3923.2560,0.030757
3923.4890,0.030767
3923.7219,0.030842
3923.9549,0.030963
3924.1879,0.031109
3924.4208,0.031261
3924.6538,0.031405
3924.8867,0.031534
3925.1197,0.031640
3925.3527,0.031715
3925.5856,0.031749
3925.8186,0.031731
3926.0515,0.031658
3926.2845,0.031541
3926.5175,0.031399
3926.7504,0.031256
3926.9834,0.031133
3927.2163,0.031041
3927.4493,0.030975
3927.6822,0.030928
3927.9152,0.030891
3928.1482,0.030861
3928.3811,0.030844
3928.6141,0.030851
3928.8470,0.030891
3929.0800,0.030965
3929.3130,0.031062
3929.5459,0.031167
3929.7789,0.031262
3930.0118,0.031337
3930.2448,0.031394
3930.4777,0.031440
3930.7107,0.031485
3930.9437,0.031535
3931.1766,0.031589
3931.4096,0.031642
3931.6425,0.031689
3931.8755,0.031732
3932.1085,0.031784
3932.3414,0.031859
3932.5744,0.031966
3932.8073,0.032103
3933.0403,0.032248
3933.2733,0.032366
3933.5062,0.032420
3933.7392,0.032379
3933.9721,0.032237
3934.2051,0.032008
3934.4380,0.031730
3934.6710,0.031444
3934.9040,0.031189
3935.1369,0.030991
3935.3699,0.030861
3935.6028,0.030798
3935.8358,0.030790
3936.0688,0.030820
3936.3017,0.030868
3936.5347,0.030914
3936.7676,0.030944
3937.0006,0.030950
3937.2335,0.030933
3937.4665,0.030903
3937.6995,0.030877
3937.9324,0.030869
3938.1654,0.030888
3938.3983,0.030933
3938.6313,0.030997
3938.8643,0.031066
3939.0972,0.031125
3939.3302,0.031168
3939.5631,0.031192
3939.7961,0.031201
3940.0291,0.031201
3940.2620,0.031196
3940.4950,0.031187
3940.7279,0.031175
3940.9609,0.031163
3941.1938,0.031157
3941.4268,0.031166
3941.6598,0.031197
3941.8927,0.031253
3942.1257,0.031332
3942.3586,0.031428
3942.5916,0.031532
3942.8246,0.031640
3943.0575,0.031750
3943.2905,0.031861
3943.5234,0.031972
3943.7564,0.032073
3943.9893,0.032149
3944.2223,0.032183
3944.4553,0.032162
3944.6882,0.032085
3944.9212,0.031967
3945.1541,0.031831
3945.3871,0.031703
3945.6201,0.031600
3945.8530,0.031528
3946.0860,0.031482
3946.3189,0.031452
3946.5519,0.031430
3946.7849,0.031416
3947.0178,0.031415
3947.2508,0.031436
3947.4837,0.031485
3947.7167,0.031557
3947.9496,0.031638
3948.1826,0.031711
3948.4156,0.031762
3948.6485,0.031782
3948.8815,0.031777
3949.1144,0.031756
3949.3474,0.031732
3949.5804,0.031710
3949.8133,0.031694
3950.0463,0.031681
3950.2792,0.031672
3950.5122,0.031670
3950.7451,0.031679
3950.9781,0.031704
3951.2111,0.031741
3951.4440,0.031777
3951.6770,0.031795
3951.9099,0.031780
3952.1429,0.031724
3952.3759,0.031637
3952.6088,0.031537
3952.8418,0.031446
3953.0747,0.031380
3953.3077,0.031341
3953.5407,0.031320
3953.7736,0.031298
3954.0066,0.031263
3954.2395,0.031208
3954.4725,0.031140
3954.7054,0.031073
3954.9384,0.031023
3955.1714,0.030997
3955.4043,0.030994
3955.6373,0.031004
3955.8702,0.031018
3956.1032,0.031030
3956.3362,0.031042
3956.5691,0.031056
3956.8021,0.031077
3957.0350,0.031103
3957.2680,0.031129
3957.5009,0.031147
3957.7339,0.031154
3957.9669,0.031154
3958.1998,0.031157
3958.4328,0.031174
3958.6657,0.031212
3958.8987,0.031265
3959.1317,0.031322
3959.3646,0.031366
3959.5976,0.031386
3959.8305,0.031381
3960.0635,0.031361
3960.2965,0.031340
3960.5294,0.031330
3960.7624,0.031331
3960.9953,0.031337
3961.2283,0.031334
3961.4612,0.031313
3961.6942,0.031276
3961.9272,0.031234
3962.1601,0.031204
3962.3931,0.031200
3962.6260,0.031224
3962.8590,0.031265
3963.0920,0.031301
3963.3249,0.031310
3963.5579,0.031280
3963.7908,0.031215
3964.0238,0.031130
3964.2567,0.031045
3964.4897,0.030977
3964.7227,0.030931
3964.9556,0.030905
3965.1886,0.030892
3965.4215,0.030883
3965.6545,0.030875
3965.8875,0.030872
3966.1204,0.030876
3966.3534,0.030887
3966.5863,0.030902
3966.8193,0.030912
3967.0523,0.030909
3967.2852,0.030892
3967.5182,0.030866
3967.7511,0.030840
3967.9841,0.030825
3968.2170,0.030829
3968.4500,0.030851
3968.6830,0.030888
3968.9159,0.030934
3969.1489,0.030984
3969.3818,0.031038
3969.6148,0.031096
3969.8478,0.031158
3970.0807,0.031220
3970.3137,0.031272
3970.5466,0.031306
3970.7796,0.031314
3971.0125,0.031299
3971.2455,0.031267
3971.4785,0.031232
3971.7114,0.031203
3971.9444,0.031184
3972.1773,0.031175
3972.4103,0.031167
3972.6433,0.031157
3972.8762,0.031143
3973.1092,0.031130
3973.3421,0.031123
3973.5751,0.031125
3973.8081,0.031132
3974.0410,0.031135
3974.2740,0.031124
3974.5069,0.031093
3974.7399,0.031049
3974.9728,0.031003
3975.2058,0.030973
3975.4388,0.030972
3975.6717,0.031003
3975.9047,0.031058
3976.1376,0.031118
3976.3706,0.031168
3976.6036,0.031196
3976.8365,0.031202
3977.0695,0.031190
3977.3024,0.031171
3977.5354,0.031149
3977.7683,0.031126
3978.0013,0.031099
3978.2343,0.031064
3978.4672,0.031023
3978.7002,0.030983
3978.9331,0.030953
3979.1661,0.030939
3979.3991,0.030944
3979.6320,0.030960
3979.8650,0.030979
3980.0979,0.030993
3980.3309,0.030997
3980.5639,0.030994
3980.7968,0.030993
3981.0298,0.030998
3981.2627,0.031010
3981.4957,0.031024
3981.7286,0.031032
3981.9616,0.031030
3982.1946,0.031017
3982.4275,0.031001
3982.6605,0.030991
3982.8934,0.030994
3983.1264,0.031007
3983.3594,0.031021
3983.5923,0.031024
3983.8253,0.031004
3984.0582,0.030962
3984.2912,0.030908
3984.5241,0.030861
3984.7571,0.030837
3984.9901,0.030847
3985.2230,0.030890
3985.4560,0.030953
3985.6889,0.031019
3985.9219,0.031072
3986.1549,0.031104
3986.3878,0.031112
3986.6208,0.031104
3986.8537,0.031084
3987.0867,0.031060
3987.3197,0.031034
3987.5526,0.031007
3987.7856,0.030982
3988.0185,0.030961
3988.2515,0.030946
3988.4844,0.030937
3988.7174,0.030933
3988.9504,0.030926
3989.1833,0.030910
3989.4163,0.030883
3989.6492,0.030850
3989.8822,0.030818
3990.1152,0.030802
3990.3481,0.030810
3990.5811,0.030845
3990.8140,0.030903
3991.0470,0.030969
3991.2799,0.031031
3991.5129,0.031076
3991.7459,0.031094
3991.9788,0.031083
3992.2118,0.031044
3992.4447,0.030983
3992.6777,0.030903
3992.9107,0.030815
3993.1436,0.030729
3993.3766,0.030657
3993.6095,0.030611
3993.8425,0.030597
3994.0755,0.030614
3994.3084,0.030656
3994.5414,0.030708
3994.7743,0.030760
3995.0073,0.030804
3995.2402,0.030838
3995.4732,0.030869
3995.7062,0.030904
3995.9391,0.030944
3996.1721,0.030990
3996.4050,0.031034
3996.6380,0.031069
3996.8710,0.031090
3997.1039,0.031099
3997.3369,0.031100
3997.5698,0.031101
3997.8028,0.031104
3998.0357,0.031110
3998.2687,0.031113
3998.5017,0.031109
3998.7346,0.031099
3998.9676,0.031087
3999.2005,0.031083
3999.4335,0.031095
3999.6665,0.031124
3999.8994,0.031166
