Wavenumber,Intensity
649.9545,0.097250
650.1875,0.096692
650.4205,0.096337
650.6534,0.096254
650.8864,0.096357
651.1193,0.096462
651.3523,0.096392
651.5852,0.096087
651.8182,0.095648
652.0512,0.095292
652.2841,0.095232
652.5171,0.095573
652.7500,0.096266
652.9830,0.097130
653.2160,0.097945
653.4489,0.098560
653.6819,0.098952
653.9148,0.099209
654.1478,0.099445
654.3807,0.099715
654.6137,0.099976
654.8467,0.100110
655.0796,0.100013
655.3126,0.099671
655.5455,0.099190
655.7785,0.098744
656.0115,0.098484
656.2444,0.098448
656.4774,0.098542
656.7103,0.098580
656.9433,0.098392
657.1763,0.097920
657.4092,0.097257
657.6422,0.096603
657.8751,0.096157
658.1081,0.096017
658.3410,0.096129
658.5740,0.096312
658.8070,0.096349
659.0399,0.096087
659.2729,0.095504
659.5058,0.094699
659.7388,0.093812
659.9718,0.092944
660.2047,0.092107
660.4377,0.091238
660.6706,0.090259
660.9036,0.089143
661.1365,0.087953
661.3695,0.086820
661.6025,0.085879
661.8354,0.085203
662.0684,0.084764
662.3013,0.084446
662.5343,0.084094
662.7673,0.083593
663.0002,0.082914
663.2332,0.082115
663.4661,0.081307
663.6991,0.080593
663.9321,0.080028
664.1650,0.079602
664.3980,0.079261
664.6309,0.078929
664.8639,0.078534
665.0968,0.078018
665.3298,0.077329
665.5628,0.076425
665.7957,0.075286
666.0287,0.073937
666.2616,0.072475
666.4946,0.071079
666.7276,0.069998
666.9605,0.069516
667.1935,0.069888
667.4264,0.071208
667.6594,0.073235
667.8923,0.075295
668.1253,0.076559
668.3583,0.076609
668.5912,0.075676
668.8242,0.074312
669.0571,0.072990
669.2901,0.071950
669.5231,0.071233
669.7560,0.070761
669.9890,0.070423
670.2219,0.070138
670.4549,0.069885
670.6879,0.069703
670.9208,0.069650
671.1538,0.069754
671.3867,0.069977
671.6197,0.070222
671.8526,0.070368
672.0856,0.070328
672.3186,0.070083
672.5515,0.069696
672.7845,0.069268
673.0174,0.068896
673.2504,0.068634
673.4834,0.068487
673.7163,0.068428
673.9493,0.068429
674.1822,0.068485
674.4152,0.068610
674.6481,0.068823
674.8811,0.069113
675.1141,0.069434
675.3470,0.069707
675.5800,0.069858
675.8129,0.069847
676.0459,0.069695
676.2789,0.069464
676.5118,0.069229
676.7448,0.069037
676.9777,0.068888
677.2107,0.068746
677.4437,0.068569
677.6766,0.068341
677.9096,0.068089
678.1425,0.067875
678.3755,0.067759
678.6084,0.067767
678.8414,0.067882
679.0744,0.068048
679.3073,0.068206
679.5403,0.068327
679.7732,0.068423
680.0062,0.068532
680.2392,0.068689
680.4721,0.068887
680.7051,0.069070
680.9380,0.069154
681.1710,0.069069
681.4039,0.068803
681.6369,0.068421
681.8699,0.068045
682.1028,0.067806
682.3358,0.067793
682.5687,0.068020
682.8017,0.068427
683.0347,0.068912
683.2676,0.069373
683.5006,0.069748
683.7335,0.070021
683.9665,0.070209
684.1995,0.070329
684.4324,0.070387
684.6654,0.070372
684.8983,0.070280
685.1313,0.070133
685.3642,0.069989
685.5972,0.069919
685.8302,0.069984
686.0631,0.070201
686.2961,0.070537
686.5290,0.070927
686.7620,0.071300
686.9950,0.071621
687.2279,0.071901
687.4609,0.072185
687.6938,0.072519
687.9268,0.072917
688.1597,0.073349
688.3927,0.073755
688.6257,0.074083
688.8586,0.074324
689.0916,0.074528
689.3245,0.074784
689.5575,0.075175
689.7905,0.075738
690.0234,0.076439
690.2564,0.077184
690.4893,0.077856
690.7223,0.078364
690.9553,0.078669
691.1882,0.078782
691.4212,0.078734
691.6541,0.078540
691.8871,0.078186
692.1200,0.077638
692.3530,0.076871
692.5860,0.075907
692.8189,0.074821
693.0519,0.073718
693.2848,0.072694
693.5178,0.071804
693.7508,0.071044
693.9837,0.070373
694.2167,0.069747
694.4496,0.069153
694.6826,0.068620
694.9155,0.068204
695.1485,0.067950
695.3815,0.067856
695.6144,0.067865
695.8474,0.067881
696.0803,0.067810
696.3133,0.067609
696.5463,0.067308
696.7792,0.066996
697.0122,0.066778
697.2451,0.066726
697.4781,0.066847
697.7111,0.067085
697.9440,0.067350
698.1770,0.067569
698.4099,0.067719
698.6429,0.067831
698.8758,0.067974
699.1088,0.068204
699.3418,0.068538
699.5747,0.068943
699.8077,0.069353
700.0406,0.069703
700.2736,0.069961
700.5066,0.070133
700.7395,0.070254
700.9725,0.070353
701.2054,0.070436
701.4384,0.070473
701.6713,0.070422
701.9043,0.070248
702.1373,0.069946
702.3702,0.069546
702.6032,0.069094
702.8361,0.068627
703.0691,0.068157
703.3021,0.067674
703.5350,0.067160
703.7680,0.066611
704.0009,0.066049
704.2339,0.065518
704.4669,0.065060
704.6998,0.064694
704.9328,0.064403
705.1657,0.064138
705.3987,0.063843
705.6316,0.063483
705.8646,0.063062
706.0976,0.062624
706.3305,0.062227
706.5635,0.061919
706.7964,0.061713
707.0294,0.061587
707.2624,0.061494
707.4953,0.061394
707.7283,0.061266
707.9612,0.061118
708.1942,0.060974
708.4271,0.060853
708.6601,0.060755
708.8931,0.060656
709.1260,0.060526
709.3590,0.060342
709.5919,0.060108
709.8249,0.059854
710.0579,0.059622
710.2908,0.059449
710.5238,0.059347
710.7567,0.059307
710.9897,0.059301
711.2227,0.059302
711.4556,0.059299
711.6886,0.059294
711.9215,0.059296
712.1545,0.059312
712.3874,0.059333
712.6204,0.059343
712.8534,0.059327
713.0863,0.059287
713.3193,0.059245
713.5522,0.059234
713.7852,0.059285
714.0182,0.059401
714.2511,0.059558
714.4841,0.059707
714.7170,0.059803
714.9500,0.059822
715.1829,0.059775
715.4159,0.059705
715.6489,0.059662
715.8818,0.059680
716.1148,0.059762
716.3477,0.059877
716.5807,0.059988
716.8137,0.060064
717.0466,0.060107
717.2796,0.060146
717.5125,0.060221
717.7455,0.060360
717.9785,0.060560
718.2114,0.060790
718.4444,0.061000
718.6773,0.061151
718.9103,0.061235
719.1432,0.061274
719.3762,0.061312
719.6092,0.061390
719.8421,0.061527
720.0751,0.061715
720.3080,0.061925
720.5410,0.062124
720.7740,0.062298
721.0069,0.062452
721.2399,0.062604
721.4728,0.062771
721.7058,0.062959
721.9387,0.063155
722.1717,0.063341
722.4047,0.063503
722.6376,0.063643
722.8706,0.063777
723.1035,0.063925
723.3365,0.064100
723.5695,0.064299
723.8024,0.064504
724.0354,0.064697
724.2683,0.064877
724.5013,0.065060
724.7343,0.065277
724.9672,0.065556
725.2002,0.065900
725.4331,0.066283
725.6661,0.066654
725.8990,0.066956
726.1320,0.067157
726.3650,0.067261
726.5979,0.067307
726.8309,0.067354
727.0638,0.067453
727.2968,0.067631
727.5298,0.067881
727.7627,0.068178
727.9957,0.068494
728.2286,0.068814
728.4616,0.069137
728.6945,0.069470
728.9275,0.069815
729.1605,0.070154
729.3934,0.070458
729.6264,0.070701
729.8593,0.070875
730.0923,0.071006
730.3253,0.071141
730.5582,0.071334
730.7912,0.071621
731.0241,0.072003
731.2571,0.072445
731.4901,0.072894
731.7230,0.073300
731.9560,0.073638
732.1889,0.073916
732.4219,0.074160
732.6548,0.074403
732.8878,0.074662
733.1208,0.074941
733.3537,0.075232
733.5867,0.075532
733.8196,0.075853
734.0526,0.076221
734.2856,0.076661
734.5185,0.077186
734.7515,0.077783
734.9844,0.078418
735.2174,0.079044
735.4503,0.079627
735.6833,0.080149
735.9163,0.080616
736.1492,0.081041
736.3822,0.081427
736.6151,0.081757
736.8481,0.081993
737.0811,0.082095
737.3140,0.082032
737.5470,0.081797
737.7799,0.081406
738.0129,0.080880
738.2459,0.080236
738.4788,0.079478
738.7118,0.078601
738.9447,0.077611
739.1777,0.076532
739.4106,0.075412
739.6436,0.074310
739.8766,0.073280
740.1095,0.072351
740.3425,0.071525
740.5754,0.070782
740.8084,0.070098
741.0414,0.069466
741.2743,0.068900
741.5073,0.068433
741.7402,0.068096
741.9732,0.067903
742.2061,0.067840
742.4391,0.067865
742.6721,0.067929
742.9050,0.067995
743.1380,0.068049
743.3709,0.068101
743.6039,0.068173
743.8369,0.068278
744.0698,0.068411
744.3028,0.068547
744.5357,0.068654
744.7687,0.068712
745.0017,0.068731
745.2346,0.068743
745.4676,0.068800
745.7005,0.068944
745.9335,0.069201
746.1664,0.069570
746.3994,0.070032
746.6324,0.070568
746.8653,0.071171
747.0983,0.071849
747.3312,0.072625
747.5642,0.073518
747.7972,0.074537
748.0301,0.075676
748.2631,0.076926
748.4960,0.078283
748.7290,0.079765
748.9619,0.081409
749.1949,0.083263
749.4279,0.085367
749.6608,0.087739
749.8938,0.090370
750.1267,0.093229
750.3597,0.096284
750.5927,0.099509
750.8256,0.102886
751.0586,0.106389
751.2915,0.109957
751.5245,0.113472
751.7575,0.116750
751.9904,0.119560
752.2234,0.121658
752.4563,0.122828
752.6893,0.122913
752.9222,0.121837
753.1552,0.119605
753.3882,0.116306
753.6211,0.112118
753.8541,0.107291
754.0870,0.102128
754.3200,0.096937
754.5530,0.091986
754.7859,0.087461
755.0189,0.083452
755.2518,0.079968
755.4848,0.076955
755.7177,0.074332
755.9507,0.072022
756.1837,0.069965
756.4166,0.068122
756.6496,0.066467
756.8825,0.064976
757.1155,0.063625
757.3485,0.062385
757.5814,0.061234
757.8144,0.060158
758.0473,0.059158
758.2803,0.058240
758.5132,0.057411
758.7462,0.056666
758.9792,0.055989
759.2121,0.055358
759.4451,0.054753
759.6780,0.054168
759.9110,0.053613
760.1440,0.053108
760.3769,0.052676
760.6099,0.052329
760.8428,0.052067
761.0758,0.051872
761.3088,0.051721
761.5417,0.051594
761.7747,0.051481
762.0076,0.051382
762.2406,0.051304
762.4735,0.051252
762.7065,0.051224
762.9395,0.051215
763.1724,0.051216
763.4054,0.051224
763.6383,0.051241
763.8713,0.051275
764.1043,0.051332
764.3372,0.051410
764.5702,0.051499
764.8031,0.051582
765.0361,0.051643
765.2690,0.051676
765.5020,0.051690
765.7350,0.051699
765.9679,0.051723
766.2009,0.051774
766.4338,0.051852
766.6668,0.051950
766.8998,0.052058
767.1327,0.052171
767.3657,0.052289
767.5986,0.052414
767.8316,0.052547
768.0646,0.052675
768.2975,0.052778
768.5305,0.052829
768.7634,0.052810
768.9964,0.052717
769.2293,0.052564
769.4623,0.052376
769.6953,0.052177
769.9282,0.051977
770.1612,0.051769
770.3941,0.051534
770.6271,0.051253
770.8601,0.050921
771.0930,0.050552
771.3260,0.050177
771.5589,0.049830
771.7919,0.049535
772.0248,0.049298
772.2578,0.049105
772.4908,0.048929
772.7237,0.048750
772.9567,0.048559
773.1896,0.048362
773.4226,0.048180
773.6556,0.048030
773.8885,0.047925
774.1215,0.047859
774.3544,0.047818
774.5874,0.047783
774.8204,0.047737
775.0533,0.047672
775.2863,0.047586
775.5192,0.047481
775.7522,0.047360
775.9851,0.047223
776.2181,0.047076
776.4511,0.046927
776.6840,0.046789
776.9170,0.046683
777.1499,0.046624
777.3829,0.046622
777.6159,0.046674
777.8488,0.046764
778.0818,0.046872
778.3147,0.046976
778.5477,0.047062
778.7806,0.047121
779.0136,0.047149
779.2466,0.047148
779.4795,0.047118
779.7125,0.047067
779.9454,0.047006
780.1784,0.046956
780.4114,0.046938
780.6443,0.046971
780.8773,0.047062
781.1102,0.047199
781.3432,0.047354
781.5762,0.047495
781.8091,0.047594
782.0421,0.047641
782.2750,0.047647
782.5080,0.047639
782.7409,0.047647
782.9739,0.047691
783.2069,0.047773
783.4398,0.047879
783.6728,0.047986
783.9057,0.048077
784.1387,0.048146
784.3717,0.048198
784.6046,0.048247
784.8376,0.048302
785.0705,0.048363
785.3035,0.048424
785.5364,0.048472
785.7694,0.048504
786.0024,0.048528
786.2353,0.048565
786.4683,0.048639
786.7012,0.048768
786.9342,0.048955
787.1672,0.049185
787.4001,0.049433
787.6331,0.049672
787.8660,0.049885
788.0990,0.050066
788.3320,0.050221
788.5649,0.050361
788.7979,0.050497
789.0308,0.050631
789.2638,0.050765
789.4967,0.050897
789.7297,0.051028
789.9627,0.051164
790.1956,0.051309
790.4286,0.051465
790.6615,0.051632
790.8945,0.051802
791.1275,0.051970
791.3604,0.052135
791.5934,0.052302
791.8263,0.052480
792.0593,0.052675
792.2922,0.052886
792.5252,0.053106
792.7582,0.053321
792.9911,0.053520
793.2241,0.053701
793.4570,0.053875
793.6900,0.054061
793.9230,0.054278
794.1559,0.054539
794.3889,0.054842
794.6218,0.055174
794.8548,0.055518
795.0878,0.055863
795.3207,0.056206
795.5537,0.056554
795.7866,0.056916
796.0196,0.057298
796.2525,0.057695
796.4855,0.058095
796.7185,0.058485
796.9514,0.058862
797.1844,0.059232
797.4173,0.059618
797.6503,0.060046
797.8833,0.060540
798.1162,0.061112
798.3492,0.061762
798.5821,0.062480
798.8151,0.063253
799.0480,0.064069
799.2810,0.064922
799.5140,0.065802
799.7469,0.066701
799.9799,0.067607
800.2128,0.068511
800.4458,0.069409
800.6788,0.070313
800.9117,0.071245
801.1447,0.072234
801.3776,0.073301
801.6106,0.074450
801.8436,0.075662
802.0765,0.076899
802.3095,0.078117
802.5424,0.079271
802.7754,0.080325
803.0083,0.081249
803.2413,0.082004
803.4743,0.082541
803.7072,0.082796
803.9402,0.082700
804.1731,0.082206
804.4061,0.081299
804.6391,0.080009
804.8720,0.078404
805.1050,0.076571
805.3379,0.074600
805.5709,0.072570
805.8038,0.070540
806.0368,0.068561
806.2698,0.066673
806.5027,0.064913
806.7357,0.063309
806.9686,0.061881
807.2016,0.060633
807.4346,0.059553
807.6675,0.058621
807.9005,0.057817
808.1334,0.057124
808.3664,0.056539
808.5994,0.056062
808.8323,0.055695
809.0653,0.055430
809.2982,0.055249
809.5312,0.055123
809.7641,0.055024
809.9971,0.054930
810.2301,0.054833
810.4630,0.054740
810.6960,0.054663
810.9289,0.054614
811.1619,0.054596
811.3949,0.054605
811.6278,0.054630
811.8608,0.054663
812.0937,0.054698
812.3267,0.054736
812.5596,0.054779
812.7926,0.054824
813.0256,0.054861
813.2585,0.054877
813.4915,0.054864
813.7244,0.054821
813.9574,0.054763
814.1904,0.054714
814.4233,0.054701
814.6563,0.054743
814.8892,0.054845
815.1222,0.054996
815.3552,0.055176
815.5881,0.055365
815.8211,0.055549
816.0540,0.055727
816.2870,0.055904
816.5199,0.056089
816.7529,0.056287
816.9859,0.056501
817.2188,0.056726
817.4518,0.056963
817.6847,0.057214
817.9177,0.057485
818.1507,0.057782
818.3836,0.058107
818.6166,0.058454
818.8495,0.058812
819.0825,0.059168
819.3154,0.059516
819.5484,0.059859
819.7814,0.060209
820.0143,0.060584
820.2473,0.060996
820.4802,0.061450
820.7132,0.061943
820.9462,0.062468
821.1791,0.063017
821.4121,0.063589
821.6450,0.064186
821.8780,0.064815
822.1110,0.065477
822.3439,0.066166
822.5769,0.066870
822.8098,0.067573
823.0428,0.068267
823.2757,0.068951
823.5087,0.069634
823.7417,0.070330
823.9746,0.071055
824.2076,0.071816
824.4405,0.072616
824.6735,0.073455
824.9065,0.074329
825.1394,0.075240
825.3724,0.076190
825.6053,0.077183
825.8383,0.078218
826.0712,0.079290
826.3042,0.080390
826.5372,0.081508
826.7701,0.082637
827.0031,0.083767
827.2360,0.084884
827.4690,0.085960
827.7020,0.086955
827.9349,0.087824
828.1679,0.088526
828.4008,0.089044
828.6338,0.089398
828.8668,0.089640
829.0997,0.089846
829.3327,0.090094
829.5656,0.090450
829.7986,0.090953
830.0315,0.091617
830.2645,0.092441
830.4975,0.093418
830.7304,0.094543
830.9634,0.095805
831.1963,0.097182
831.4293,0.098628
831.6623,0.100070
831.8952,0.101412
832.1282,0.102554
832.3611,0.103409
832.5941,0.103920
832.8270,0.104066
833.0600,0.103856
833.2930,0.103322
833.5259,0.102512
833.7589,0.101484
833.9918,0.100306
834.2248,0.099060
834.4578,0.097831
834.6907,0.096702
834.9237,0.095739
835.1566,0.094984
835.3896,0.094453
835.6226,0.094138
835.8555,0.094023
836.0885,0.094088
836.3214,0.094316
836.5544,0.094696
836.7873,0.095211
837.0203,0.095837
837.2533,0.096540
837.4862,0.097278
837.7192,0.098016
837.9521,0.098725
838.1851,0.099392
838.4181,0.100011
838.6510,0.100573
838.8840,0.101054
839.1169,0.101414
839.3499,0.101598
839.5828,0.101548
839.8158,0.101220
840.0488,0.100584
840.2817,0.099632
840.5147,0.098367
840.7476,0.096801
840.9806,0.094957
841.2136,0.092864
841.4465,0.090572
841.6795,0.088149
841.9124,0.085675
842.1454,0.083233
842.3784,0.080895
842.6113,0.078713
842.8443,0.076717
843.0772,0.074919
843.3102,0.073321
843.5431,0.071919
843.7761,0.070710
844.0091,0.069686
844.2420,0.068834
844.4750,0.068134
844.7079,0.067555
844.9409,0.067068
845.1739,0.066649
845.4068,0.066284
845.6398,0.065975
845.8727,0.065732
846.1057,0.065566
846.3386,0.065483
846.5716,0.065476
846.8046,0.065530
847.0375,0.065624
847.2705,0.065738
847.5034,0.065861
847.7364,0.065989
847.9694,0.066123
848.2023,0.066267
848.4353,0.066425
848.6682,0.066599
848.9012,0.066792
849.1342,0.067013
849.3671,0.067270
849.6001,0.067572
849.8330,0.067924
850.0660,0.068323
850.2989,0.068760
850.5319,0.069225
850.7649,0.069711
850.9978,0.070221
851.2308,0.070764
851.4637,0.071352
851.6967,0.071994
851.9297,0.072685
852.1626,0.073411
852.3956,0.074148
852.6285,0.074874
852.8615,0.075574
853.0944,0.076241
853.3274,0.076875
853.5604,0.077469
853.7933,0.078008
854.0263,0.078459
854.2592,0.078781
854.4922,0.078930
854.7252,0.078868
854.9581,0.078573
855.1911,0.078036
855.4240,0.077258
855.6570,0.076246
855.8900,0.075016
856.1229,0.073590
856.3559,0.072005
856.5888,0.070310
856.8218,0.068563
857.0547,0.066821
857.2877,0.065127
857.5207,0.063509
857.7536,0.061975
857.9866,0.060524
858.2195,0.059153
858.4525,0.057865
858.6855,0.056669
858.9184,0.055575
859.1514,0.054593
859.3843,0.053720
859.6173,0.052944
859.8502,0.052245
860.0832,0.051605
860.3162,0.051011
860.5491,0.050462
860.7821,0.049964
861.0150,0.049523
861.2480,0.049142
861.4810,0.048816
861.7139,0.048534
861.9469,0.048279
862.1798,0.048042
862.4128,0.047818
862.6458,0.047606
862.8787,0.047409
863.1117,0.047226
863.3446,0.047052
863.5776,0.046878
863.8105,0.046699
864.0435,0.046515
864.2765,0.046336
864.5094,0.046176
864.7424,0.046047
864.9753,0.045955
865.2083,0.045896
865.4413,0.045858
865.6742,0.045825
865.9072,0.045789
866.1401,0.045746
866.3731,0.045703
866.6060,0.045669
866.8390,0.045650
867.0720,0.045647
867.3049,0.045648
867.5379,0.045641
867.7708,0.045615
868.0038,0.045565
868.2368,0.045493
868.4697,0.045407
868.7027,0.045318
868.9356,0.045233
869.1686,0.045155
869.4016,0.045085
869.6345,0.045025
869.8675,0.044978
870.1004,0.044950
870.3334,0.044944
870.5663,0.044962
870.7993,0.044998
871.0323,0.045045
871.2652,0.045091
871.4982,0.045130
871.7311,0.045162
871.9641,0.045190
872.1971,0.045219
872.4300,0.045255
872.6630,0.045298
872.8959,0.045345
873.1289,0.045392
873.3618,0.045439
873.5948,0.045487
873.8278,0.045542
874.0607,0.045609
874.2937,0.045690
874.5266,0.045781
874.7596,0.045872
874.9926,0.045958
875.2255,0.046034
875.4585,0.046103
875.6914,0.046171
875.9244,0.046247
876.1574,0.046336
876.3903,0.046438
876.6233,0.046546
876.8562,0.046654
877.0892,0.046758
877.3221,0.046857
877.5551,0.046957
877.7881,0.047064
878.0210,0.047181
878.2540,0.047304
878.4869,0.047427
878.7199,0.047540
878.9529,0.047639
879.1858,0.047724
879.4188,0.047802
879.6517,0.047881
879.8847,0.047969
880.1176,0.048066
880.3506,0.048171
880.5836,0.048279
880.8165,0.048383
881.0495,0.048484
881.2824,0.048580
881.5154,0.048673
881.7484,0.048763
881.9813,0.048846
882.2143,0.048918
882.4472,0.048977
882.6802,0.049026
882.9132,0.049075
883.1461,0.049135
883.3791,0.049214
883.6120,0.049314
883.8450,0.049428
884.0779,0.049543
884.3109,0.049650
884.5439,0.049741
884.7768,0.049823
885.0098,0.049905
885.2427,0.049998
885.4757,0.050108
885.7087,0.050229
885.9416,0.050348
886.1746,0.050451
886.4075,0.050527
886.6405,0.050578
886.8734,0.050618
887.1064,0.050666
887.3394,0.050739
887.5723,0.050845
887.8053,0.050981
888.0382,0.051133
888.2712,0.051286
888.5042,0.051431
888.7371,0.051563
888.9701,0.051689
889.2030,0.051816
889.4360,0.051951
889.6690,0.052094
889.9019,0.052242
890.1349,0.052387
890.3678,0.052524
890.6008,0.052652
890.8337,0.052773
891.0667,0.052891
891.2997,0.053009
891.5326,0.053130
891.7656,0.053252
891.9985,0.053376
892.2315,0.053503
892.4645,0.053639
892.6974,0.053786
892.9304,0.053946
893.1633,0.054118
893.3963,0.054293
893.6292,0.054465
893.8622,0.054625
894.0952,0.054773
894.3281,0.054910
894.5611,0.055046
894.7940,0.055188
895.0270,0.055339
895.2600,0.055500
895.4929,0.055667
895.7259,0.055833
895.9588,0.055997
896.1918,0.056159
896.4247,0.056322
896.6577,0.056493
896.8907,0.056677
897.1236,0.056875
897.3566,0.057088
897.5895,0.057313
897.8225,0.057545
898.0555,0.057781
898.2884,0.058020
898.5214,0.058262
898.7543,0.058509
898.9873,0.058766
899.2203,0.059043
899.4532,0.059350
899.6862,0.059700
899.9191,0.060102
900.1521,0.060559
900.3850,0.061068
900.6180,0.061619
900.8510,0.062198
901.0839,0.062797
901.3169,0.063410
901.5498,0.064041
901.7828,0.064700
902.0158,0.065395
902.2487,0.066133
902.4817,0.066910
902.7146,0.067715
902.9476,0.068533
903.1805,0.069342
903.4135,0.070125
903.6465,0.070859
903.8794,0.071522
904.1124,0.072089
904.3453,0.072531
904.5783,0.072819
904.8113,0.072932
905.0442,0.072859
905.2772,0.072603
905.5101,0.072176
905.7431,0.071598
905.9761,0.070893
906.2090,0.070082
906.4420,0.069191
906.6749,0.068246
906.9079,0.067276
907.1408,0.066312
907.3738,0.065384
907.6068,0.064516
907.8397,0.063721
908.0727,0.063002
908.3056,0.062354
908.5386,0.061769
908.7716,0.061238
909.0045,0.060755
909.2375,0.060320
909.4704,0.059930
909.7034,0.059585
909.9363,0.059283
910.1693,0.059019
910.4023,0.058792
910.6352,0.058601
910.8682,0.058445
911.1011,0.058325
911.3341,0.058239
911.5671,0.058179
911.8000,0.058137
912.0330,0.058102
912.2659,0.058065
912.4989,0.058024
912.7319,0.057981
912.9648,0.057943
913.1978,0.057916
913.4307,0.057903
913.6637,0.057903
913.8966,0.057913
914.1296,0.057929
914.3626,0.057952
914.5955,0.057984
914.8285,0.058027
915.0614,0.058085
915.2944,0.058154
915.5274,0.058229
915.7603,0.058303
915.9933,0.058370
916.2262,0.058430
916.4592,0.058492
916.6921,0.058564
916.9251,0.058656
917.1581,0.058775
917.3910,0.058920
917.6240,0.059085
917.8569,0.059267
918.0899,0.059462
918.3229,0.059675
918.5558,0.059916
918.7888,0.060194
919.0217,0.060517
919.2547,0.060887
919.4877,0.061300
919.7206,0.061753
919.9536,0.062241
920.1865,0.062768
920.4195,0.063339
920.6524,0.063965
920.8854,0.064656
921.1184,0.065419
921.3513,0.066257
921.5843,0.067171
921.8172,0.068163
922.0502,0.069235
922.2832,0.070391
922.5161,0.071637
922.7491,0.072970
922.9820,0.074387
923.2150,0.075875
923.4479,0.077417
923.6809,0.078994
923.9139,0.080584
924.1468,0.082159
924.3798,0.083685
924.6127,0.085120
924.8457,0.086409
925.0787,0.087490
925.3116,0.088304
925.5446,0.088793
925.7775,0.088913
926.0105,0.088637
926.2435,0.087951
926.4764,0.086862
926.7094,0.085397
926.9423,0.083606
927.1753,0.081561
927.4082,0.079354
927.6412,0.077082
927.8742,0.074838
928.1071,0.072699
928.3401,0.070718
928.5730,0.068921
928.8060,0.067318
929.0390,0.065904
929.2719,0.064666
929.5049,0.063592
929.7378,0.062668
929.9708,0.061877
930.2037,0.061203
930.4367,0.060625
930.6697,0.060128
930.9026,0.059699
931.1356,0.059330
931.3685,0.059019
931.6015,0.058766
931.8345,0.058565
932.0674,0.058405
932.3004,0.058264
932.5333,0.058117
932.7663,0.057938
932.9993,0.057708
933.2322,0.057415
933.4652,0.057056
933.6981,0.056635
933.9311,0.056158
934.1640,0.055633
934.3970,0.055065
934.6300,0.054463
934.8629,0.053839
935.0959,0.053207
935.3288,0.052583
935.5618,0.051983
935.7948,0.051417
936.0277,0.050891
936.2607,0.050405
936.4936,0.049956
936.7266,0.049538
936.9595,0.049148
937.1925,0.048782
937.4255,0.048438
937.6584,0.048114
937.8914,0.047809
938.1243,0.047520
938.3573,0.047249
938.5903,0.046999
938.8232,0.046774
939.0562,0.046579
939.2891,0.046417
939.5221,0.046286
939.7551,0.046181
939.9880,0.046094
940.2210,0.046015
940.4539,0.045937
940.6869,0.045855
940.9198,0.045765
941.1528,0.045668
941.3858,0.045566
941.6187,0.045459
941.8517,0.045351
942.0846,0.045245
942.3176,0.045146
942.5506,0.045056
942.7835,0.044978
943.0165,0.044913
943.2494,0.044856
943.4824,0.044805
943.7153,0.044757
943.9483,0.044710
944.1813,0.044667
944.4142,0.044634
944.6472,0.044613
944.8801,0.044605
945.1131,0.044607
945.3461,0.044612
945.5790,0.044615
945.8120,0.044612
946.0449,0.044603
946.2779,0.044592
946.5109,0.044584
946.7438,0.044579
946.9768,0.044576
947.2097,0.044568
947.4427,0.044552
947.6756,0.044525
947.9086,0.044493
948.1416,0.044467
948.3745,0.044458
948.6075,0.044474
948.8404,0.044517
949.0734,0.044581
949.3064,0.044651
949.5393,0.044717
949.7723,0.044770
950.0052,0.044809
950.2382,0.044840
950.4711,0.044870
950.7041,0.044908
950.9371,0.044956
951.1700,0.045013
951.4030,0.045071
951.6359,0.045126
951.8689,0.045174
952.1019,0.045215
952.3348,0.045251
952.5678,0.045284
952.8007,0.045318
953.0337,0.045351
953.2667,0.045385
953.4996,0.045416
953.7326,0.045443
953.9655,0.045464
954.1985,0.045477
954.4314,0.045477
954.6644,0.045461
954.8974,0.045428
955.1303,0.045378
955.3633,0.045317
955.5962,0.045250
955.8292,0.045186
956.0622,0.045129
956.2951,0.045079
956.5281,0.045033
956.7610,0.044987
956.9940,0.044941
957.2269,0.044895
957.4599,0.044857
957.6929,0.044833
957.9258,0.044828
958.1588,0.044843
958.3917,0.044873
958.6247,0.044913
958.8577,0.044954
959.0906,0.044993
959.3236,0.045031
959.5565,0.045069
959.7895,0.045109
960.0225,0.045152
960.2554,0.045194
960.4884,0.045231
960.7213,0.045258
960.9543,0.045278
961.1872,0.045293
961.4202,0.045313
961.6532,0.045344
961.8861,0.045388
962.1191,0.045445
962.3520,0.045507
962.5850,0.045569
962.8180,0.045624
963.0509,0.045671
963.2839,0.045714
963.5168,0.045757
963.7498,0.045807
963.9827,0.045867
964.2157,0.045936
964.4487,0.046013
964.6816,0.046095
964.9146,0.046177
965.1475,0.046254
965.3805,0.046320
965.6135,0.046370
965.8464,0.046398
966.0794,0.046404
966.3123,0.046391
966.5453,0.046369
966.7783,0.046349
967.0112,0.046341
967.2442,0.046351
967.4771,0.046376
967.7101,0.046410
967.9430,0.046444
968.1760,0.046468
968.4090,0.046482
968.6419,0.046489
968.8749,0.046495
969.1078,0.046507
969.3408,0.046527
969.5738,0.046552
969.8067,0.046578
970.0397,0.046600
970.2726,0.046620
970.5056,0.046643
970.7385,0.046678
970.9715,0.046733
971.2045,0.046810
971.4374,0.046906
971.6704,0.047012
971.9033,0.047120
972.1363,0.047224
972.3693,0.047323
972.6022,0.047422
972.8352,0.047527
973.0681,0.047643
973.3011,0.047769
973.5341,0.047901
973.7670,0.048032
974.0000,0.048155
974.2329,0.048269
974.4659,0.048370
974.6988,0.048459
974.9318,0.048534
975.1648,0.048589
975.3977,0.048619
975.6307,0.048619
975.8636,0.048589
976.0966,0.048534
976.3296,0.048465
976.5625,0.048395
976.7955,0.048333
977.0284,0.048283
977.2614,0.048247
977.4943,0.048219
977.7273,0.048193
977.9603,0.048167
978.1932,0.048139
978.4262,0.048110
978.6591,0.048082
978.8921,0.048058
979.1251,0.048038
979.3580,0.048025
979.5910,0.048022
979.8239,0.048030
980.0569,0.048053
980.2899,0.048092
980.5228,0.048142
980.7558,0.048199
980.9887,0.048255
981.2217,0.048306
981.4546,0.048349
981.6876,0.048387
981.9206,0.048427
982.1535,0.048473
982.3865,0.048528
982.6194,0.048592
982.8524,0.048661
983.0854,0.048732
983.3183,0.048803
983.5513,0.048876
983.7842,0.048955
984.0172,0.049043
984.2501,0.049144
984.4831,0.049255
984.7161,0.049373
984.9490,0.049496
985.1820,0.049621
985.4149,0.049750
985.6479,0.049884
985.8809,0.050025
986.1138,0.050171
986.3468,0.050318
986.5797,0.050462
986.8127,0.050599
987.0457,0.050730
987.2786,0.050861
987.5116,0.051000
987.7445,0.051154
987.9775,0.051327
988.2104,0.051516
988.4434,0.051715
988.6764,0.051918
988.9093,0.052121
989.1423,0.052324
989.3752,0.052529
989.6082,0.052744
989.8412,0.052969
990.0741,0.053205
990.3071,0.053448
990.5400,0.053692
990.7730,0.053932
991.0059,0.054166
991.2389,0.054395
991.4719,0.054618
991.7048,0.054836
991.9378,0.055047
992.1707,0.055247
992.4037,0.055437
992.6367,0.055618
992.8696,0.055796
993.1026,0.055978
993.3355,0.056166
993.5685,0.056358
993.8015,0.056547
994.0344,0.056720
994.2674,0.056865
994.5003,0.056976
994.7333,0.057053
994.9662,0.057101
995.1992,0.057131
995.4322,0.057149
995.6651,0.057160
995.8981,0.057165
996.1310,0.057162
996.3640,0.057150
996.5970,0.057130
996.8299,0.057108
997.0629,0.057085
997.2958,0.057065
997.5288,0.057043
997.7617,0.057017
997.9947,0.056983
998.2277,0.056941
998.4606,0.056895
998.6936,0.056854
998.9265,0.056825
999.1595,0.056813
999.3925,0.056818
999.6254,0.056837
999.8584,0.056861
1000.0913,0.056884
1000.3243,0.056905
1000.5573,0.056925
1000.7902,0.056948
1001.0232,0.056979
1001.2561,0.057021
1001.4891,0.057075
1001.7220,0.057140
1001.9550,0.057212
1002.1880,0.057290
1002.4209,0.057372
1002.6539,0.057456
1002.8868,0.057537
1003.1198,0.057612
1003.3528,0.057676
1003.5857,0.057729
1003.8187,0.057775
1004.0516,0.057823
1004.2846,0.057884
1004.5175,0.057969
1004.7505,0.058085
1004.9835,0.058235
1005.2164,0.058416
1005.4494,0.058627
1005.6823,0.058864
1005.9153,0.059133
1006.1483,0.059437
1006.3812,0.059783
1006.6142,0.060178
1006.8471,0.060623
1007.0801,0.061121
1007.3131,0.061673
1007.5460,0.062284
1007.7790,0.062963
1008.0119,0.063723
1008.2449,0.064576
1008.4778,0.065531
1008.7108,0.066593
1008.9438,0.067759
1009.1767,0.069027
1009.4097,0.070393
1009.6426,0.071858
1009.8756,0.073421
1010.1086,0.075077
1010.3415,0.076807
1010.5745,0.078572
1010.8074,0.080310
1011.0404,0.081936
1011.2733,0.083351
1011.5063,0.084456
1011.7393,0.085165
1011.9722,0.085423
1012.2052,0.085212
1012.4381,0.084558
1012.6711,0.083534
1012.9041,0.082242
1013.1370,0.080808
1013.3700,0.079350
1013.6029,0.077969
1013.8359,0.076731
1014.0689,0.075662
1014.3018,0.074755
1014.5348,0.073980
1014.7677,0.073297
1015.0007,0.072669
1015.2336,0.072070
1015.4666,0.071487
1015.6996,0.070916
1015.9325,0.070358
1016.1655,0.069817
1016.3984,0.069299
1016.6314,0.068807
1016.8644,0.068350
1017.0973,0.067935
1017.3303,0.067568
1017.5632,0.067252
1017.7962,0.066985
1018.0291,0.066764
1018.2621,0.066582
1018.4951,0.066439
1018.7280,0.066335
1018.9610,0.066276
1019.1939,0.066269
1019.4269,0.066318
1019.6599,0.066420
1019.8928,0.066568
1020.1258,0.066754
1020.3587,0.066970
1020.5917,0.067213
1020.8247,0.067486
1021.0576,0.067798
1021.2906,0.068155
1021.5235,0.068559
1021.7565,0.069008
1021.9894,0.069495
1022.2224,0.070014
1022.4554,0.070562
1022.6883,0.071141
1022.9213,0.071761
1023.1542,0.072429
1023.3872,0.073154
1023.6202,0.073938
1023.8531,0.074783
1024.0861,0.075687
1024.3190,0.076652
1024.5520,0.077682
1024.7849,0.078780
1025.0179,0.079948
1025.2509,0.081183
1025.4838,0.082474
1025.7168,0.083807
1025.9497,0.085166
1026.1827,0.086539
1026.4157,0.087916
1026.6486,0.089285
1026.8816,0.090631
1027.1145,0.091930
1027.3475,0.093142
1027.5804,0.094222
1027.8134,0.095121
1028.0464,0.095796
1028.2793,0.096215
1028.5123,0.096357
1028.7452,0.096212
1028.9782,0.095779
1029.2112,0.095064
1029.4441,0.094080
1029.6771,0.092853
1029.9100,0.091421
1030.1430,0.089831
1030.3760,0.088139
1030.6089,0.086397
1030.8419,0.084650
1031.0748,0.082936
1031.3078,0.081279
1031.5407,0.079699
1031.7737,0.078208
1032.0067,0.076817
1032.2396,0.075530
1032.4726,0.074348
1032.7055,0.073264
1032.9385,0.072266
1033.1715,0.071340
1033.4044,0.070472
1033.6374,0.069655
1033.8703,0.068887
1034.1033,0.068170
1034.3362,0.067506
1034.5692,0.066895
1034.8022,0.066335
1035.0351,0.065817
1035.2681,0.065336
1035.5010,0.064885
1035.7340,0.064463
1035.9670,0.064070
1036.1999,0.063706
1036.4329,0.063368
1036.6658,0.063050
1036.8988,0.062743
1037.1318,0.062441
1037.3647,0.062139
1037.5977,0.061836
1037.8306,0.061535
1038.0636,0.061239
1038.2965,0.060951
1038.5295,0.060669
1038.7625,0.060389
1038.9954,0.060109
1039.2284,0.059829
1039.4613,0.059551
1039.6943,0.059280
1039.9273,0.059021
1040.1602,0.058774
1040.3932,0.058538
1040.6261,0.058309
1040.8591,0.058083
1041.0920,0.057857
1041.3250,0.057635
1041.5580,0.057422
1041.7909,0.057223
1042.0239,0.057040
1042.2568,0.056872
1042.4898,0.056713
1042.7228,0.056557
1042.9557,0.056397
1043.1887,0.056234
1043.4216,0.056068
1043.6546,0.055907
1043.8876,0.055756
1044.1205,0.055620
1044.3535,0.055502
1044.5864,0.055403
1044.8194,0.055326
1045.0523,0.055270
1045.2853,0.055235
1045.5183,0.055219
1045.7512,0.055216
1045.9842,0.055219
1046.2171,0.055223
1046.4501,0.055223
1046.6831,0.055222
1046.9160,0.055224
1047.1490,0.055239
1047.3819,0.055275
1047.6149,0.055338
1047.8478,0.055426
1048.0808,0.055535
1048.3138,0.055658
1048.5467,0.055788
1048.7797,0.055925
1049.0126,0.056069
1049.2456,0.056223
1049.4786,0.056390
1049.7115,0.056571
1049.9445,0.056765
1050.1774,0.056969
1050.4104,0.057181
1050.6434,0.057400
1050.8763,0.057624
1051.1093,0.057855
1051.3422,0.058091
1051.5752,0.058331
1051.8081,0.058572
1052.0411,0.058815
1052.2741,0.059062
1052.5070,0.059317
1052.7400,0.059585
1052.9729,0.059870
1053.2059,0.060172
1053.4389,0.060489
1053.6718,0.060815
1053.9048,0.061146
1054.1377,0.061482
1054.3707,0.061825
1054.6036,0.062181
1054.8366,0.062558
1055.0696,0.062960
1055.3025,0.063389
1055.5355,0.063843
1055.7684,0.064320
1056.0014,0.064818
1056.2344,0.065336
1056.4673,0.065873
1056.7003,0.066429
1056.9332,0.067002
1057.1662,0.067589
1057.3992,0.068188
1057.6321,0.068801
1057.8651,0.069436
1058.0980,0.070100
1058.3310,0.070804
1058.5639,0.071552
1058.7969,0.072340
1059.0299,0.073161
1059.2628,0.074002
1059.4958,0.074853
1059.7287,0.075711
1059.9617,0.076582
1060.1947,0.077478
1060.4276,0.078412
1060.6606,0.079395
1060.8935,0.080432
1061.1265,0.081522
1061.3594,0.082663
1061.5924,0.083853
1061.8254,0.085093
1062.0583,0.086387
1062.2913,0.087736
1062.5242,0.089141
1062.7572,0.090597
1062.9902,0.092096
1063.2231,0.093632
1063.4561,0.095204
1063.6890,0.096818
1063.9220,0.098480
1064.1550,0.100196
1064.3879,0.101966
1064.6209,0.103782
1064.8538,0.105624
1065.0868,0.107474
1065.3197,0.109312
1065.5527,0.111121
1065.7857,0.112886
1066.0186,0.114592
1066.2516,0.116216
1066.4845,0.117724
1066.7175,0.119077
1066.9505,0.120232
1067.1834,0.121147
1067.4164,0.121784
1067.6493,0.122107
1067.8823,0.122083
1068.1152,0.121680
1068.3482,0.120869
1068.5812,0.119633
1068.8141,0.117974
1069.0471,0.115919
1069.2800,0.113517
1069.5130,0.110836
1069.7460,0.107950
1069.9789,0.104935
1070.2119,0.101857
1070.4448,0.098777
1070.6778,0.095746
1070.9108,0.092811
1071.1437,0.090010
1071.3767,0.087374
1071.6096,0.084925
1071.8426,0.082671
1072.0755,0.080610
1072.3085,0.078734
1072.5415,0.077030
1072.7744,0.075488
1073.0074,0.074096
1073.2403,0.072847
1073.4733,0.071730
1073.7063,0.070735
1073.9392,0.069850
1074.1722,0.069060
1074.4051,0.068351
1074.6381,0.067714
1074.8710,0.067140
1075.1040,0.066625
1075.3370,0.066165
1075.5699,0.065756
1075.8029,0.065395
1076.0358,0.065081
1076.2688,0.064814
1076.5018,0.064599
1076.7347,0.064443
1076.9677,0.064352
1077.2006,0.064327
1077.4336,0.064365
1077.6666,0.064458
1077.8995,0.064595
1078.1325,0.064770
1078.3654,0.064981
1078.5984,0.065235
1078.8313,0.065542
1079.0643,0.065910
1079.2973,0.066347
1079.5302,0.066852
1079.7632,0.067420
1079.9961,0.068045
1080.2291,0.068724
1080.4621,0.069461
1080.6950,0.070263
1080.9280,0.071141
1081.1609,0.072102
1081.3939,0.073149
1081.6268,0.074278
1081.8598,0.075481
1082.0928,0.076751
1082.3257,0.078077
1082.5587,0.079456
1082.7916,0.080880
1083.0246,0.082345
1083.2576,0.083840
1083.4905,0.085350
1083.7235,0.086860
1083.9564,0.088353
1084.1894,0.089812
1084.4224,0.091221
1084.6553,0.092560
1084.8883,0.093806
1085.1212,0.094933
1085.3542,0.095909
1085.5871,0.096707
1085.8201,0.097302
1086.0531,0.097677
1086.2860,0.097821
1086.5190,0.097728
1086.7519,0.097398
1086.9849,0.096833
1087.2179,0.096043
1087.4508,0.095045
1087.6838,0.093865
1087.9167,0.092535
1088.1497,0.091089
1088.3826,0.089559
1088.6156,0.087971
1088.8486,0.086346
1089.0815,0.084701
1089.3145,0.083052
1089.5474,0.081415
1089.7804,0.079806
1090.0134,0.078239
1090.2463,0.076722
1090.4793,0.075262
1090.7122,0.073858
1090.9452,0.072511
1091.1782,0.071220
1091.4111,0.069989
1091.6441,0.068822
1091.8770,0.067721
1092.1100,0.066685
1092.3429,0.065711
1092.5759,0.064791
1092.8089,0.063922
1093.0418,0.063099
1093.2748,0.062324
1093.5077,0.061601
1093.7407,0.060934
1093.9737,0.060324
1094.2066,0.059768
1094.4396,0.059260
1094.6725,0.058793
1094.9055,0.058361
1095.1384,0.057963
1095.3714,0.057602
1095.6044,0.057278
1095.8373,0.056991
1096.0703,0.056734
1096.3032,0.056497
1096.5362,0.056266
1096.7692,0.056033
1097.0021,0.055792
1097.2351,0.055543
1097.4680,0.055287
1097.7010,0.055026
1097.9340,0.054761
1098.1669,0.054487
1098.3999,0.054202
1098.6328,0.053905
1098.8658,0.053602
1099.0987,0.053304
1099.3317,0.053024
1099.5647,0.052775
1099.7976,0.052563
1100.0306,0.052387
1100.2635,0.052240
1100.4965,0.052114
1100.7295,0.051999
1100.9624,0.051893
1101.1954,0.051794
1101.4283,0.051707
1101.6613,0.051634
1101.8942,0.051576
1102.1272,0.051533
1102.3602,0.051503
1102.5931,0.051486
1102.8261,0.051483
1103.0590,0.051493
1103.2920,0.051518
1103.5250,0.051559
1103.7579,0.051612
1103.9909,0.051675
1104.2238,0.051745
1104.4568,0.051823
1104.6898,0.051910
1104.9227,0.052007
1105.1557,0.052116
1105.3886,0.052233
1105.6216,0.052354
1105.8545,0.052473
1106.0875,0.052586
1106.3205,0.052693
1106.5534,0.052796
1106.7864,0.052903
1107.0193,0.053017
1107.2523,0.053143
1107.4853,0.053276
1107.7182,0.053411
1107.9512,0.053536
1108.1841,0.053642
1108.4171,0.053722
1108.6500,0.053769
1108.8830,0.053780
1109.1160,0.053753
1109.3489,0.053691
1109.5819,0.053596
1109.8148,0.053474
1110.0478,0.053334
1110.2808,0.053187
1110.5137,0.053042
1110.7467,0.052906
1110.9796,0.052781
1111.2126,0.052669
1111.4456,0.052566
1111.6785,0.052471
1111.9115,0.052386
1112.1444,0.052313
1112.3774,0.052255
1112.6103,0.052213
1112.8433,0.052185
1113.0763,0.052166
1113.3092,0.052153
1113.5422,0.052142
1113.7751,0.052135
1114.0081,0.052134
1114.2411,0.052145
1114.4740,0.052170
1114.7070,0.052208
1114.9399,0.052253
1115.1729,0.052298
1115.4058,0.052338
1115.6388,0.052371
1115.8718,0.052399
1116.1047,0.052427
1116.3377,0.052460
1116.5706,0.052502
1116.8036,0.052553
1117.0366,0.052612
1117.2695,0.052677
1117.5025,0.052748
1117.7354,0.052826
1117.9684,0.052912
1118.2014,0.053007
1118.4343,0.053107
1118.6673,0.053208
1118.9002,0.053304
1119.1332,0.053393
1119.3661,0.053478
1119.5991,0.053565
1119.8321,0.053660
1120.0650,0.053768
1120.2980,0.053889
1120.5309,0.054017
1120.7639,0.054143
1120.9969,0.054262
1121.2298,0.054372
1121.4628,0.054476
1121.6957,0.054584
1121.9287,0.054704
1122.1616,0.054839
1122.3946,0.054990
1122.6276,0.055149
1122.8605,0.055308
1123.0935,0.055461
1123.3264,0.055605
1123.5594,0.055741
1123.7924,0.055872
1124.0253,0.056002
1124.2583,0.056131
1124.4912,0.056258
1124.7242,0.056381
1124.9572,0.056501
1125.1901,0.056621
1125.4231,0.056746
1125.6560,0.056882
1125.8890,0.057031
1126.1219,0.057193
1126.3549,0.057363
1126.5879,0.057536
1126.8208,0.057709
1127.0538,0.057879
1127.2867,0.058049
1127.5197,0.058221
1127.7527,0.058397
1127.9856,0.058578
1128.2186,0.058762
1128.4515,0.058948
1128.6845,0.059134
1128.9174,0.059321
1129.1504,0.059513
1129.3834,0.059712
1129.6163,0.059920
1129.8493,0.060135
1130.0822,0.060356
1130.3152,0.060581
1130.5482,0.060813
1130.7811,0.061053
1131.0141,0.061307
1131.2470,0.061579
1131.4800,0.061871
1131.7130,0.062181
1131.9459,0.062506
1132.1789,0.062842
1132.4118,0.063186
1132.6448,0.063536
1132.8777,0.063892
1133.1107,0.064253
1133.3437,0.064619
1133.5766,0.064987
1133.8096,0.065358
1134.0425,0.065730
1134.2755,0.066108
1134.5085,0.066494
1134.7414,0.066893
1134.9744,0.067306
1135.2073,0.067727
1135.4403,0.068150
1135.6732,0.068568
1135.9062,0.068978
1136.1392,0.069380
1136.3721,0.069779
1136.6051,0.070185
1136.8380,0.070602
1137.0710,0.071031
1137.3040,0.071466
1137.5369,0.071898
1137.7699,0.072318
1138.0028,0.072720
1138.2358,0.073104
1138.4688,0.073473
1138.7017,0.073832
1138.9347,0.074184
1139.1676,0.074529
1139.4006,0.074865
1139.6335,0.075192
1139.8665,0.075514
1140.0995,0.075835
1140.3324,0.076165
1140.5654,0.076510
1140.7983,0.076871
1141.0313,0.077249
1141.2643,0.077638
1141.4972,0.078038
1141.7302,0.078450
1141.9631,0.078878
1142.1961,0.079333
1142.4290,0.079820
1142.6620,0.080341
1142.8950,0.080895
1143.1279,0.081473
1143.3609,0.082070
1143.5938,0.082680
1143.8268,0.083304
1144.0598,0.083944
1144.2927,0.084603
1144.5257,0.085279
1144.7586,0.085967
1144.9916,0.086657
1145.2246,0.087342
1145.4575,0.088015
1145.6905,0.088673
1145.9234,0.089314
1146.1564,0.089934
1146.3893,0.090522
1146.6223,0.091060
1146.8553,0.091528
1147.0882,0.091905
1147.3212,0.092174
1147.5541,0.092323
1147.7871,0.092345
1148.0201,0.092237
1148.2530,0.091993
1148.4860,0.091604
1148.7189,0.091064
1148.9519,0.090374
1149.1848,0.089542
1149.4178,0.088588
1149.6508,0.087542
1149.8837,0.086436
1150.1167,0.085301
1150.3496,0.084163
1150.5826,0.083040
1150.8156,0.081946
1151.0485,0.080893
1151.2815,0.079894
1151.5144,0.078962
1151.7474,0.078106
1151.9804,0.077333
1152.2133,0.076644
1152.4463,0.076034
1152.6792,0.075496
1152.9122,0.075019
1153.1451,0.074597
1153.3781,0.074224
1153.6111,0.073898
1153.8440,0.073613
1154.0770,0.073366
1154.3099,0.073150
1154.5429,0.072961
1154.7759,0.072797
1155.0088,0.072658
1155.2418,0.072547
1155.4747,0.072469
1155.7077,0.072424
1155.9406,0.072409
1156.1736,0.072420
1156.4066,0.072447
1156.6395,0.072488
1156.8725,0.072539
1157.1054,0.072603
1157.3384,0.072684
1157.5714,0.072786
1157.8043,0.072909
1158.0373,0.073053
1158.2702,0.073212
1158.5032,0.073381
1158.7362,0.073559
1158.9691,0.073742
1159.2021,0.073933
1159.4350,0.074130
1159.6680,0.074333
1159.9009,0.074543
1160.1339,0.074757
1160.3669,0.074976
1160.5998,0.075201
1160.8328,0.075434
1161.0657,0.075679
1161.2987,0.075935
1161.5317,0.076202
1161.7646,0.076476
1161.9976,0.076752
1162.2305,0.077026
1162.4635,0.077297
1162.6964,0.077564
1162.9294,0.077831
1163.1624,0.078099
1163.3953,0.078369
1163.6283,0.078643
1163.8612,0.078920
1164.0942,0.079202
1164.3272,0.079490
1164.5601,0.079782
1164.7931,0.080079
1165.0260,0.080377
1165.2590,0.080675
1165.4919,0.080968
1165.7249,0.081257
1165.9579,0.081540
1166.1908,0.081819
1166.4238,0.082097
1166.6567,0.082372
1166.8897,0.082645
1167.1227,0.082914
1167.3556,0.083177
1167.5886,0.083437
1167.8215,0.083699
1168.0545,0.083971
1168.2875,0.084261
1168.5204,0.084570
1168.7534,0.084896
1168.9863,0.085229
1169.2193,0.085559
1169.4522,0.085874
1169.6852,0.086166
1169.9182,0.086434
1170.1511,0.086680
1170.3841,0.086909
1170.6170,0.087127
1170.8500,0.087337
1171.0830,0.087544
1171.3159,0.087749
1171.5489,0.087954
1171.7818,0.088158
1172.0148,0.088357
1172.2477,0.088543
1172.4807,0.088701
1172.7137,0.088814
1172.9466,0.088863
1173.1796,0.088835
1173.4125,0.088723
1173.6455,0.088530
1173.8785,0.088267
1174.1114,0.087952
1174.3444,0.087606
1174.5773,0.087249
1174.8103,0.086904
1175.0433,0.086589
1175.2762,0.086320
1175.5092,0.086108
1175.7421,0.085957
1175.9751,0.085863
1176.2080,0.085816
1176.4410,0.085801
1176.6740,0.085807
1176.9069,0.085823
1177.1399,0.085849
1177.3728,0.085887
1177.6058,0.085944
1177.8388,0.086025
1178.0717,0.086130
1178.3047,0.086256
1178.5376,0.086394
1178.7706,0.086539
1179.0035,0.086686
1179.2365,0.086837
1179.4695,0.086994
1179.7024,0.087162
1179.9354,0.087343
1180.1683,0.087535
1180.4013,0.087733
1180.6343,0.087935
1180.8672,0.088135
1181.1002,0.088334
1181.3331,0.088532
1181.5661,0.088732
1181.7991,0.088937
1182.0320,0.089148
1182.2650,0.089370
1182.4979,0.089607
1182.7309,0.089863
1182.9638,0.090145
1183.1968,0.090456
1183.4298,0.090796
1183.6627,0.091160
1183.8957,0.091542
1184.1286,0.091934
1184.3616,0.092333
1184.5946,0.092740
1184.8275,0.093159
1185.0605,0.093595
1185.2934,0.094053
1185.5264,0.094531
1185.7593,0.095023
1185.9923,0.095519
1186.2253,0.096010
1186.4582,0.096488
1186.6912,0.096947
1186.9241,0.097384
1187.1571,0.097795
1187.3901,0.098176
1187.6230,0.098522
1187.8560,0.098824
1188.0889,0.099076
1188.3219,0.099273
1188.5549,0.099410
1188.7878,0.099482
1189.0208,0.099482
1189.2537,0.099405
1189.4867,0.099241
1189.7196,0.098986
1189.9526,0.098641
1190.1856,0.098209
1190.4185,0.097697
1190.6515,0.097115
1190.8844,0.096467
1191.1174,0.095760
1191.3504,0.094996
1191.5833,0.094185
1191.8163,0.093340
1192.0492,0.092478
1192.2822,0.091622
1192.5151,0.090791
1192.7481,0.089998
1192.9811,0.089249
1193.2140,0.088543
1193.4470,0.087875
1193.6799,0.087243
1193.9129,0.086647
1194.1459,0.086089
1194.3788,0.085577
1194.6118,0.085114
1194.8447,0.084703
1195.0777,0.084342
1195.3107,0.084029
1195.5436,0.083763
1195.7766,0.083542
1196.0095,0.083369
1196.2425,0.083243
1196.4754,0.083163
1196.7084,0.083125
1196.9414,0.083119
1197.1743,0.083141
1197.4073,0.083185
1197.6402,0.083251
1197.8732,0.083342
1198.1062,0.083461
1198.3391,0.083609
1198.5721,0.083781
1198.8050,0.083969
1199.0380,0.084166
1199.2709,0.084367
1199.5039,0.084573
1199.7369,0.084790
1199.9698,0.085024
1200.2028,0.085281
1200.4357,0.085561
1200.6687,0.085859
1200.9017,0.086169
1201.1346,0.086485
1201.3676,0.086807
1201.6005,0.087137
1201.8335,0.087482
1202.0665,0.087846
1202.2994,0.088228
1202.5324,0.088624
1202.7653,0.089026
1202.9983,0.089430
1203.2312,0.089835
1203.4642,0.090243
1203.6972,0.090662
1203.9301,0.091099
1204.1631,0.091555
1204.3960,0.092029
1204.6290,0.092513
1204.8620,0.093001
1205.0949,0.093490
1205.3279,0.093979
1205.5608,0.094471
1205.7938,0.094973
1206.0267,0.095486
1206.2597,0.096010
1206.4927,0.096544
1206.7256,0.097083
1206.9586,0.097629
1207.1915,0.098183
1207.4245,0.098751
1207.6575,0.099336
1207.8904,0.099940
1208.1234,0.100562
1208.3563,0.101200
1208.5893,0.101851
1208.8223,0.102515
1209.0552,0.103196
1209.2882,0.103896
1209.5211,0.104618
1209.7541,0.105359
1209.9870,0.106114
1210.2200,0.106876
1210.4530,0.107641
1210.6859,0.108405
1210.9189,0.109171
1211.1518,0.109943
1211.3848,0.110722
1211.6178,0.111509
1211.8507,0.112303
1212.0837,0.113099
1212.3166,0.113896
1212.5496,0.114696
1212.7825,0.115505
1213.0155,0.116326
1213.2485,0.117161
1213.4814,0.118007
1213.7144,0.118859
1213.9473,0.119706
1214.1803,0.120546
1214.4133,0.121380
1214.6462,0.122214
1214.8792,0.123060
1215.1121,0.123925
1215.3451,0.124814
1215.5781,0.125725
1215.8110,0.126653
1216.0440,0.127596
1216.2769,0.128553
1216.5099,0.129528
1216.7428,0.130527
1216.9758,0.131556
1217.2088,0.132616
1217.4417,0.133704
1217.6747,0.134816
1217.9076,0.135949
1218.1406,0.137106
1218.3736,0.138292
1218.6065,0.139512
1218.8395,0.140770
1219.0724,0.142061
1219.3054,0.143375
1219.5383,0.144697
1219.7713,0.146015
1220.0043,0.147318
1220.2372,0.148601
1220.4702,0.149860
1220.7031,0.151086
1220.9361,0.152263
1221.1691,0.153369
1221.4020,0.154372
1221.6350,0.155242
1221.8679,0.155950
1222.1009,0.156471
1222.3339,0.156784
1222.5668,0.156867
1222.7998,0.156702
1223.0327,0.156269
1223.2657,0.155558
1223.4986,0.154566
1223.7316,0.153310
1223.9646,0.151817
1224.1975,0.150128
1224.4305,0.148289
1224.6634,0.146350
1224.8964,0.144359
1225.1294,0.142363
1225.3623,0.140409
1225.5953,0.138542
1225.8282,0.136803
1226.0612,0.135226
1226.2941,0.133833
1226.5271,0.132637
1226.7601,0.131638
1226.9930,0.130834
1227.2260,0.130217
1227.4589,0.129784
1227.6919,0.129528
1227.9249,0.129446
1228.1578,0.129529
1228.3908,0.129762
1228.6237,0.130131
1228.8567,0.130617
1229.0897,0.131207
1229.3226,0.131888
1229.5556,0.132655
1229.7885,0.133500
1230.0215,0.134414
1230.2544,0.135383
1230.4874,0.136386
1230.7204,0.137404
1230.9533,0.138418
1231.1863,0.139414
1231.4192,0.140384
1231.6522,0.141318
1231.8852,0.142204
1232.1181,0.143023
1232.3511,0.143750
1232.5840,0.144358
1232.8170,0.144821
1233.0499,0.145118
1233.2829,0.145237
1233.5159,0.145170
1233.7488,0.144911
1233.9818,0.144454
1234.2147,0.143796
1234.4477,0.142938
1234.6807,0.141891
1234.9136,0.140673
1235.1466,0.139313
1235.3795,0.137841
1235.6125,0.136287
1235.8455,0.134674
1236.0784,0.133019
1236.3114,0.131335
1236.5443,0.129635
1236.7773,0.127937
1237.0102,0.126258
1237.2432,0.124615
1237.4762,0.123019
1237.7091,0.121476
1237.9421,0.119986
1238.1750,0.118546
1238.4080,0.117154
1238.6410,0.115814
1238.8739,0.114532
1239.1069,0.113317
1239.3398,0.112174
1239.5728,0.111105
1239.8057,0.110104
1240.0387,0.109163
1240.2717,0.108271
1240.5046,0.107421
1240.7376,0.106608
1240.9705,0.105829
1241.2035,0.105083
1241.4365,0.104368
1241.6694,0.103680
1241.9024,0.103017
1242.1353,0.102375
1242.3683,0.101754
1242.6013,0.101157
1242.8342,0.100586
1243.0672,0.100041
1243.3001,0.099521
1243.5331,0.099021
1243.7660,0.098537
1243.9990,0.098064
1244.2320,0.097601
1244.4649,0.097149
1244.6979,0.096713
1244.9308,0.096294
1245.1638,0.095896
1245.3968,0.095518
1245.6297,0.095160
1245.8627,0.094822
1246.0956,0.094506
1246.3286,0.094215
1246.5615,0.093954
1246.7945,0.093723
1247.0275,0.093523
1247.2604,0.093354
1247.4934,0.093213
1247.7263,0.093102
1247.9593,0.093022
1248.1923,0.092976
1248.4252,0.092968
1248.6582,0.092995
1248.8911,0.093053
1249.1241,0.093135
1249.3571,0.093236
1249.5900,0.093351
1249.8230,0.093481
1250.0559,0.093631
1250.2889,0.093808
1250.5218,0.094015
1250.7548,0.094254
1250.9878,0.094522
1251.2207,0.094814
1251.4537,0.095127
1251.6866,0.095459
1251.9196,0.095810
1252.1526,0.096184
1252.3855,0.096582
1252.6185,0.097005
1252.8514,0.097451
1253.0844,0.097916
1253.3173,0.098398
1253.5503,0.098897
1253.7833,0.099416
1254.0162,0.099957
1254.2492,0.100523
1254.4821,0.101114
1254.7151,0.101727
1254.9481,0.102359
1255.1810,0.103007
1255.4140,0.103669
1255.6469,0.104347
1255.8799,0.105038
1256.1129,0.105742
1256.3458,0.106455
1256.5788,0.107174
1256.8117,0.107896
1257.0447,0.108622
1257.2776,0.109359
1257.5106,0.110111
1257.7436,0.110885
1257.9765,0.111683
1258.2095,0.112502
1258.4424,0.113334
1258.6754,0.114173
1258.9084,0.115012
1259.1413,0.115850
1259.3743,0.116686
1259.6072,0.117519
1259.8402,0.118343
1260.0731,0.119144
1260.3061,0.119906
1260.5391,0.120610
1260.7720,0.121242
1261.0050,0.121795
1261.2379,0.122267
1261.4709,0.122662
1261.7039,0.122981
1261.9368,0.123223
1262.1698,0.123385
1262.4027,0.123463
1262.6357,0.123457
1262.8687,0.123373
1263.1016,0.123221
1263.3346,0.123013
1263.5675,0.122759
1263.8005,0.122467
1264.0334,0.122140
1264.2664,0.121785
1264.4994,0.121411
1264.7323,0.121032
1264.9653,0.120668
1265.1982,0.120335
1265.4312,0.120045
1265.6642,0.119802
1265.8971,0.119604
1266.1301,0.119444
1266.3630,0.119319
1266.5960,0.119226
1266.8289,0.119168
1267.0619,0.119147
1267.2949,0.119161
1267.5278,0.119207
1267.7608,0.119275
1267.9937,0.119355
1268.2267,0.119439
1268.4597,0.119525
1268.6926,0.119617
1268.9256,0.119716
1269.1585,0.119825
1269.3915,0.119941
1269.6245,0.120056
1269.8574,0.120163
1270.0904,0.120255
1270.3233,0.120335
1270.5563,0.120406
1270.7892,0.120475
1271.0222,0.120547
1271.2552,0.120618
1271.4881,0.120681
1271.7211,0.120726
1271.9540,0.120745
1272.1870,0.120738
1272.4200,0.120711
1272.6529,0.120674
1272.8859,0.120638
1273.1188,0.120609
1273.3518,0.120585
1273.5847,0.120564
1273.8177,0.120540
1274.0507,0.120513
1274.2836,0.120487
1274.5166,0.120467
1274.7495,0.120461
1274.9825,0.120474
1275.2155,0.120506
1275.4484,0.120554
1275.6814,0.120617
1275.9143,0.120694
1276.1473,0.120787
1276.3803,0.120900
1276.6132,0.121036
1276.8462,0.121197
1277.0791,0.121382
1277.3121,0.121587
1277.5450,0.121812
1277.7780,0.122056
1278.0110,0.122324
1278.2439,0.122620
1278.4769,0.122946
1278.7098,0.123301
1278.9428,0.123680
1279.1758,0.124078
1279.4087,0.124488
1279.6417,0.124910
1279.8746,0.125342
1280.1076,0.125785
1280.3405,0.126239
1280.5735,0.126698
1280.8065,0.127157
1281.0394,0.127606
1281.2724,0.128040
1281.5053,0.128458
1281.7383,0.128861
1281.9713,0.129254
1282.2042,0.129638
1282.4372,0.130012
1282.6701,0.130372
1282.9031,0.130712
1283.1361,0.131029
1283.3690,0.131323
1283.6020,0.131600
1283.8349,0.131864
1284.0679,0.132119
1284.3008,0.132364
1284.5338,0.132595
1284.7668,0.132804
1284.9997,0.132987
1285.2327,0.133144
1285.4656,0.133275
1285.6986,0.133387
1285.9316,0.133480
1286.1645,0.133554
1286.3975,0.133602
1286.6304,0.133617
1286.8634,0.133591
1287.0963,0.133519
1287.3293,0.133401
1287.5623,0.133236
1287.7952,0.133022
1288.0282,0.132754
1288.2611,0.132425
1288.4941,0.132027
1288.7271,0.131556
1288.9600,0.131013
1289.1930,0.130402
1289.4259,0.129725
1289.6589,0.128985
1289.8919,0.128174
1290.1248,0.127284
1290.3578,0.126302
1290.5907,0.125222
1290.8237,0.124043
1291.0566,0.122773
1291.2896,0.121428
1291.5226,0.120025
1291.7555,0.118580
1291.9885,0.117105
1292.2214,0.115612
1292.4544,0.114110
1292.6874,0.112610
1292.9203,0.111123
1293.1533,0.109664
1293.3862,0.108244
1293.6192,0.106870
1293.8521,0.105549
1294.0851,0.104281
1294.3181,0.103068
1294.5510,0.101913
1294.7840,0.100821
1295.0169,0.099799
1295.2499,0.098852
1295.4829,0.097985
1295.7158,0.097198
1295.9488,0.096491
1296.1817,0.095859
1296.4147,0.095301
1296.6477,0.094816
1296.8806,0.094402
1297.1136,0.094061
1297.3465,0.093796
1297.5795,0.093606
1297.8124,0.093495
1298.0454,0.093465
1298.2784,0.093519
1298.5113,0.093657
1298.7443,0.093881
1298.9772,0.094185
1299.2102,0.094565
1299.4432,0.095014
1299.6761,0.095526
1299.9091,0.096099
1300.1420,0.096732
1300.3750,0.097429
1300.6079,0.098194
1300.8409,0.099030
1301.0739,0.099936
1301.3068,0.100909
1301.5398,0.101943
1301.7727,0.103034
1302.0057,0.104178
1302.2387,0.105371
1302.4716,0.106606
1302.7046,0.107878
1302.9375,0.109175
1303.1705,0.110486
1303.4034,0.111801
1303.6364,0.113109
1303.8694,0.114406
1304.1023,0.115686
1304.3353,0.116944
1304.5682,0.118171
1304.8012,0.119354
1305.0342,0.120479
1305.2671,0.121532
1305.5001,0.122501
1305.7330,0.123382
1305.9660,0.124171
1306.1990,0.124866
1306.4319,0.125466
1306.6649,0.125964
1306.8978,0.126353
1307.1308,0.126629
1307.3637,0.126789
1307.5967,0.126838
1307.8297,0.126783
1308.0626,0.126632
1308.2956,0.126394
1308.5285,0.126075
1308.7615,0.125682
1308.9945,0.125224
1309.2274,0.124715
1309.4604,0.124172
1309.6933,0.123610
1309.9263,0.123045
1310.1592,0.122484
1310.3922,0.121931
1310.6252,0.121387
1310.8581,0.120856
1311.0911,0.120343
1311.3240,0.119859
1311.5570,0.119412
1311.7900,0.119009
1312.0229,0.118645
1312.2559,0.118307
1312.4888,0.117977
1312.7218,0.117639
1312.9548,0.117282
1313.1877,0.116907
1313.4207,0.116524
1313.6536,0.116145
1313.8866,0.115778
1314.1195,0.115425
1314.3525,0.115081
1314.5855,0.114737
1314.8184,0.114390
1315.0514,0.114041
1315.2843,0.113701
1315.5173,0.113384
1315.7503,0.113101
1315.9832,0.112856
1316.2162,0.112644
1316.4491,0.112452
1316.6821,0.112263
1316.9150,0.112066
1317.1480,0.111854
1317.3810,0.111631
1317.6139,0.111405
1317.8469,0.111187
1318.0798,0.110986
1318.3128,0.110802
1318.5458,0.110630
1318.7787,0.110457
1319.0117,0.110271
1319.2446,0.110058
1319.4776,0.109810
1319.7106,0.109524
1319.9435,0.109207
1320.1765,0.108867
1320.4094,0.108517
1320.6424,0.108164
1320.8753,0.107813
1321.1083,0.107462
1321.3413,0.107101
1321.5742,0.106722
1321.8072,0.106314
1322.0401,0.105875
1322.2731,0.105404
1322.5061,0.104907
1322.7390,0.104386
1322.9720,0.103843
1323.2049,0.103273
1323.4379,0.102670
1323.6708,0.102026
1323.9038,0.101336
1324.1368,0.100603
1324.3697,0.099831
1324.6027,0.099030
1324.8356,0.098204
1325.0686,0.097357
1325.3016,0.096486
1325.5345,0.095589
1325.7675,0.094662
1326.0004,0.093706
1326.2334,0.092724
1326.4664,0.091724
1326.6993,0.090709
1326.9323,0.089684
1327.1652,0.088649
1327.3982,0.087601
1327.6311,0.086539
1327.8641,0.085465
1328.0971,0.084380
1328.3300,0.083292
1328.5630,0.082206
1328.7959,0.081128
1329.0289,0.080061
1329.2619,0.079009
1329.4948,0.077971
1329.7278,0.076950
1329.9607,0.075945
1330.1937,0.074959
1330.4266,0.073989
1330.6596,0.073034
1330.8926,0.072092
1331.1255,0.071163
1331.3585,0.070247
1331.5914,0.069349
1331.8244,0.068472
1332.0574,0.067619
1332.2903,0.066794
1332.5233,0.065995
1332.7562,0.065222
1332.9892,0.064470
1333.2222,0.063740
1333.4551,0.063031
1333.6881,0.062343
1333.9210,0.061676
1334.1540,0.061032
1334.3869,0.060411
1334.6199,0.059814
1334.8529,0.059246
1335.0858,0.058714
1335.3188,0.058224
1335.5517,0.057782
1335.7847,0.057385
1336.0177,0.057027
1336.2506,0.056693
1336.4836,0.056369
1336.7165,0.056044
1336.9495,0.055719
1337.1824,0.055404
1337.4154,0.055121
1337.6484,0.054888
1337.8813,0.054719
1338.1143,0.054617
1338.3472,0.054571
1338.5802,0.054563
1338.8132,0.054577
1339.0461,0.054599
1339.2791,0.054625
1339.5120,0.054659
1339.7450,0.054701
1339.9780,0.054749
1340.2109,0.054792
1340.4439,0.054815
1340.6768,0.054806
1340.9098,0.054763
1341.1427,0.054701
1341.3757,0.054646
1341.6087,0.054626
1341.8416,0.054665
1342.0746,0.054774
1342.3075,0.054948
1342.5405,0.055174
1342.7735,0.055434
1343.0064,0.055715
1343.2394,0.056008
1343.4723,0.056318
1343.7053,0.056649
1343.9382,0.057009
1344.1712,0.057398
1344.4042,0.057814
1344.6371,0.058251
1344.8701,0.058704
1345.1030,0.059172
1345.3360,0.059661
1345.5690,0.060176
1345.8019,0.060722
1346.0349,0.061300
1346.2678,0.061906
1346.5008,0.062536
1346.7338,0.063184
1346.9667,0.063852
1347.1997,0.064542
1347.4326,0.065261
1347.6656,0.066012
1347.8985,0.066797
1348.1315,0.067612
1348.3645,0.068451
1348.5974,0.069307
1348.8304,0.070179
1349.0633,0.071066
1349.2963,0.071967
1349.5293,0.072883
1349.7622,0.073812
1349.9952,0.074750
1350.2281,0.075695
1350.4611,0.076650
1350.6940,0.077619
1350.9270,0.078611
1351.1600,0.079630
1351.3929,0.080678
1351.6259,0.081747
1351.8588,0.082826
1352.0918,0.083903
1352.3248,0.084966
1352.5577,0.086013
1352.7907,0.087049
1353.0236,0.088080
1353.2566,0.089117
1353.4896,0.090164
1353.7225,0.091222
1353.9555,0.092289
1354.1884,0.093357
1354.4214,0.094416
1354.6543,0.095452
1354.8873,0.096447
1355.1203,0.097382
1355.3532,0.098241
1355.5862,0.099014
1355.8191,0.099704
1356.0521,0.100325
1356.2851,0.100895
1356.5180,0.101435
1356.7510,0.101952
1356.9839,0.102445
1357.2169,0.102898
1357.4498,0.103291
1357.6828,0.103606
1357.9158,0.103832
1358.1487,0.103964
1358.3817,0.104005
1358.6146,0.103956
1358.8476,0.103820
1359.0806,0.103601
1359.3135,0.103309
1359.5465,0.102964
1359.7794,0.102592
1360.0124,0.102217
1360.2454,0.101851
1360.4783,0.101487
1360.7113,0.101101
1360.9442,0.100663
1361.1772,0.100157
1361.4101,0.099598
1361.6431,0.099032
1361.8761,0.098530
1362.1090,0.098153
1362.3420,0.097933
1362.5749,0.097853
1362.8079,0.097848
1363.0409,0.097823
1363.2738,0.097682
1363.5068,0.097371
1363.7397,0.096893
1363.9727,0.096313
1364.2056,0.095723
1364.4386,0.095207
1364.6716,0.094816
1364.9045,0.094562
1365.1375,0.094426
1365.3704,0.094375
1365.6034,0.094373
1365.8364,0.094394
1366.0693,0.094429
1366.3023,0.094477
1366.5352,0.094545
1366.7682,0.094638
1367.0012,0.094758
1367.2341,0.094906
1367.4671,0.095079
1367.7000,0.095272
1367.9330,0.095479
1368.1659,0.095684
1368.3989,0.095862
1368.6319,0.095986
1368.8648,0.096028
1369.0978,0.095975
1369.3307,0.095827
1369.5637,0.095608
1369.7967,0.095346
1370.0296,0.095072
1370.2626,0.094802
1370.4955,0.094536
1370.7285,0.094258
1370.9614,0.093941
1371.1944,0.093563
1371.4274,0.093106
1371.6603,0.092567
1371.8933,0.091952
1372.1262,0.091273
1372.3592,0.090540
1372.5922,0.089755
1372.8251,0.088914
1373.0581,0.088005
1373.2910,0.087013
1373.5240,0.085923
1373.7570,0.084731
1373.9899,0.083442
1374.2229,0.082076
1374.4558,0.080665
1374.6888,0.079245
1374.9217,0.077851
1375.1547,0.076508
1375.3877,0.075232
1375.6206,0.074028
1375.8536,0.072897
1376.0865,0.071837
1376.3195,0.070854
1376.5525,0.069954
1376.7854,0.069143
1377.0184,0.068425
1377.2513,0.067794
1377.4843,0.067236
1377.7172,0.066729
1377.9502,0.066251
1378.1832,0.065787
1378.4161,0.065331
1378.6491,0.064887
1378.8820,0.064465
1379.1150,0.064074
1379.3480,0.063718
1379.5809,0.063392
1379.8139,0.063088
1380.0468,0.062800
1380.2798,0.062526
1380.5128,0.062268
1380.7457,0.062033
1380.9787,0.061827
1381.2116,0.061649
1381.4446,0.061494
1381.6775,0.061352
1381.9105,0.061213
1382.1435,0.061074
1382.3764,0.060937
1382.6094,0.060810
1382.8423,0.060699
1383.0753,0.060607
1383.3083,0.060534
1383.5412,0.060472
1383.7742,0.060417
1384.0071,0.060369
1384.2401,0.060335
1384.4730,0.060325
1384.7060,0.060353
1384.9390,0.060424
1385.1719,0.060544
1385.4049,0.060717
1385.6378,0.060951
1385.8708,0.061263
1386.1038,0.061679
1386.3367,0.062224
1386.5697,0.062910
1386.8026,0.063726
1387.0356,0.064622
1387.2686,0.065513
1387.5015,0.066295
1387.7345,0.066877
1387.9674,0.067217
1388.2004,0.067338
1388.4333,0.067323
1388.6663,0.067276
1388.8993,0.067291
1389.1322,0.067428
1389.3652,0.067710
1389.5981,0.068126
1389.8311,0.068648
1390.0641,0.069237
1390.2970,0.069858
1390.5300,0.070490
1390.7629,0.071120
1390.9959,0.071745
1391.2288,0.072364
1391.4618,0.072974
1391.6948,0.073569
1391.9277,0.074144
1392.1607,0.074701
1392.3936,0.075255
1392.6266,0.075831
1392.8596,0.076464
1393.0925,0.077188
1393.3255,0.078029
1393.5584,0.078994
1393.7914,0.080063
1394.0244,0.081187
1394.2573,0.082286
1394.4903,0.083258
1394.7232,0.084004
1394.9562,0.084453
1395.1891,0.084590
1395.4221,0.084457
1395.6551,0.084136
1395.8880,0.083721
1396.1210,0.083294
1396.3539,0.082906
1396.5869,0.082582
1396.8199,0.082327
1397.0528,0.082138
1397.2858,0.082019
1397.5187,0.081977
1397.7517,0.082026
1397.9846,0.082175
1398.2176,0.082415
1398.4506,0.082707
1398.6835,0.082983
1398.9165,0.083150
1399.1494,0.083113
1399.3824,0.082811
1399.6154,0.082236
1399.8483,0.081439
1400.0813,0.080513
1400.3142,0.079554
1400.5472,0.078642
1400.7802,0.077826
1401.0131,0.077122
1401.2461,0.076527
1401.4790,0.076026
1401.7120,0.075601
1401.9449,0.075235
1402.1779,0.074917
1402.4109,0.074643
1402.6438,0.074414
1402.8768,0.074239
1403.1097,0.074135
1403.3427,0.074125
1403.5757,0.074235
1403.8086,0.074487
1404.0416,0.074892
1404.2745,0.075441
1404.5075,0.076099
1404.7404,0.076802
1404.9734,0.077469
1405.2064,0.078024
1405.4393,0.078415
1405.6723,0.078642
1405.9052,0.078751
1406.1382,0.078817
1406.3712,0.078922
1406.6041,0.079130
1406.8371,0.079476
1407.0700,0.079963
1407.3030,0.080570
1407.5360,0.081263
1407.7689,0.082008
1408.0019,0.082780
1408.2348,0.083572
1408.4678,0.084384
1408.7007,0.085224
1408.9337,0.086094
1409.1667,0.086984
1409.3996,0.087876
1409.6326,0.088748
1409.8655,0.089581
1410.0985,0.090366
1410.3315,0.091106
1410.5644,0.091807
1410.7974,0.092478
1411.0303,0.093115
1411.2633,0.093709
1411.4962,0.094243
1411.7292,0.094699
1411.9622,0.095072
1412.1951,0.095368
1412.4281,0.095605
1412.6610,0.095807
1412.8940,0.095996
1413.1270,0.096190
1413.3599,0.096396
1413.5929,0.096622
1413.8258,0.096872
1414.0588,0.097157
1414.2918,0.097486
1414.5247,0.097869
1414.7577,0.098307
1414.9906,0.098799
1415.2236,0.099333
1415.4565,0.099902
1415.6895,0.100504
1415.9225,0.101142
1416.1554,0.101826
1416.3884,0.102561
1416.6213,0.103341
1416.8543,0.104148
1417.0873,0.104961
1417.3202,0.105770
1417.5532,0.106599
1417.7861,0.107512
1418.0191,0.108610
1418.2520,0.110001
1418.4850,0.111754
1418.7180,0.113856
1418.9509,0.116160
1419.1839,0.118371
1419.4168,0.120081
1419.6498,0.120920
1419.8828,0.120736
1420.1157,0.119695
1420.3487,0.118177
1420.5816,0.116583
1420.8146,0.115193
1421.0476,0.114129
1421.2805,0.113388
1421.5135,0.112895
1421.7464,0.112554
1421.9794,0.112285
1422.2123,0.112048
1422.4453,0.111845
1422.6783,0.111707
1422.9112,0.111658
1423.1442,0.111694
1423.3771,0.111767
1423.6101,0.111791
1423.8431,0.111667
1424.0760,0.111320
1424.3090,0.110730
1424.5419,0.109937
1424.7749,0.109024
1425.0078,0.108078
1425.2408,0.107169
1425.4738,0.106333
1425.7067,0.105578
1425.9397,0.104891
1426.1726,0.104255
1426.4056,0.103653
1426.6386,0.103072
1426.8715,0.102503
1427.1045,0.101942
1427.3374,0.101391
1427.5704,0.100858
1427.8034,0.100359
1428.0363,0.099921
1428.2693,0.099573
1428.5022,0.099341
1428.7352,0.099243
1428.9681,0.099273
1429.2011,0.099405
1429.4341,0.099584
1429.6670,0.099739
1429.9000,0.099790
1430.1329,0.099673
1430.3659,0.099362
1430.5989,0.098877
1430.8318,0.098280
1431.0648,0.097657
1431.2977,0.097088
1431.5307,0.096629
1431.7636,0.096301
1431.9966,0.096090
1432.2296,0.095956
1432.4625,0.095847
1432.6955,0.095715
1432.9284,0.095527
1433.1614,0.095274
1433.3944,0.094964
1433.6273,0.094614
1433.8603,0.094241
1434.0932,0.093860
1434.3262,0.093487
1434.5592,0.093154
1434.7921,0.092914
1435.0251,0.092845
1435.2580,0.093038
1435.4910,0.093576
1435.7239,0.094508
1435.9569,0.095816
1436.1899,0.097380
1436.4228,0.098958
1436.6558,0.100199
1436.8887,0.100756
1437.1217,0.100449
1437.3547,0.099371
1437.5876,0.097833
1437.8206,0.096188
1438.0535,0.094696
1438.2865,0.093482
1438.5194,0.092564
1438.7524,0.091892
1438.9854,0.091388
1439.2183,0.090971
1439.4513,0.090570
1439.6842,0.090140
1439.9172,0.089663
1440.1502,0.089141
1440.3831,0.088586
1440.6161,0.088014
1440.8490,0.087434
1441.0820,0.086851
1441.3149,0.086264
1441.5479,0.085673
1441.7809,0.085079
1442.0138,0.084489
1442.2468,0.083908
1442.4797,0.083346
1442.7127,0.082807
1442.9457,0.082292
1443.1786,0.081802
1443.4116,0.081335
1443.6445,0.080890
1443.8775,0.080469
1444.1105,0.080080
1444.3434,0.079728
1444.5764,0.079420
1444.8093,0.079158
1445.0423,0.078940
1445.2752,0.078760
1445.5082,0.078618
1445.7412,0.078521
1445.9741,0.078489
1446.2071,0.078553
1446.4400,0.078752
1446.6730,0.079123
1446.9060,0.079685
1447.1389,0.080433
1447.3719,0.081327
1447.6048,0.082288
1447.8378,0.083215
1448.0707,0.084001
1448.3037,0.084575
1448.5367,0.084921
1448.7696,0.085094
1449.0026,0.085188
1449.2355,0.085310
1449.4685,0.085545
1449.7015,0.085940
1449.9344,0.086506
1450.1674,0.087223
1450.4003,0.088056
1450.6333,0.088968
1450.8663,0.089929
1451.0992,0.090921
1451.3322,0.091934
1451.5651,0.092955
1451.7981,0.093961
1452.0310,0.094912
1452.2640,0.095760
1452.4970,0.096460
1452.7299,0.096992
1452.9629,0.097368
1453.1958,0.097633
1453.4288,0.097843
1453.6618,0.098049
1453.8947,0.098276
1454.1277,0.098523
1454.3606,0.098767
1454.5936,0.098985
1454.8265,0.099174
1455.0595,0.099372
1455.2925,0.099661
1455.5254,0.100148
1455.7584,0.100932
1455.9913,0.102057
1456.2243,0.103474
1456.4573,0.105005
1456.6902,0.106343
1456.9232,0.107137
1457.1561,0.107141
1457.3891,0.106360
1457.6221,0.105044
1457.8550,0.103527
1458.0880,0.102065
1458.3209,0.100767
1458.5539,0.099620
1458.7868,0.098539
1459.0198,0.097437
1459.2528,0.096257
1459.4857,0.094997
1459.7187,0.093701
1459.9516,0.092433
1460.1846,0.091242
1460.4176,0.090153
1460.6505,0.089160
1460.8835,0.088241
1461.1164,0.087372
1461.3494,0.086534
1461.5823,0.085721
1461.8153,0.084929
1462.0483,0.084158
1462.2812,0.083409
1462.5142,0.082680
1462.7471,0.081986
1462.9801,0.081352
1463.2131,0.080825
1463.4460,0.080453
1463.6790,0.080278
1463.9119,0.080313
1464.1449,0.080529
1464.3779,0.080849
1464.6108,0.081151
1464.8438,0.081294
1465.0767,0.081158
1465.3097,0.080698
1465.5426,0.079966
1465.7756,0.079086
1466.0086,0.078201
1466.2415,0.077421
1466.4745,0.076807
1466.7074,0.076370
1466.9404,0.076086
1467.1734,0.075913
1467.4063,0.075803
1467.6393,0.075715
1467.8722,0.075622
1468.1052,0.075513
1468.3381,0.075390
1468.5711,0.075263
1468.8041,0.075135
1469.0370,0.075004
1469.2700,0.074858
1469.5029,0.074687
1469.7359,0.074493
1469.9689,0.074299
1470.2018,0.074153
1470.4348,0.074121
1470.6677,0.074271
1470.9007,0.074658
1471.1337,0.075307
1471.3666,0.076205
1471.5996,0.077292
1471.8325,0.078478
1472.0655,0.079657
1472.2984,0.080739
1472.5314,0.081687
1472.7644,0.082511
1472.9973,0.083248
1473.2303,0.083923
1473.4632,0.084526
1473.6962,0.085023
1473.9292,0.085387
1474.1621,0.085633
1474.3951,0.085839
1474.6280,0.086131
1474.8610,0.086649
1475.0939,0.087511
1475.3269,0.088776
1475.5599,0.090432
1475.7928,0.092380
1476.0258,0.094429
1476.2587,0.096323
1476.4917,0.097812
1476.7247,0.098742
1476.9576,0.099117
1477.1906,0.099076
1477.4235,0.098808
1477.6565,0.098472
1477.8895,0.098154
1478.1224,0.097871
1478.3554,0.097596
1478.5883,0.097286
1478.8213,0.096904
1479.0542,0.096427
1479.2872,0.095853
1479.5202,0.095192
1479.7531,0.094459
1479.9861,0.093667
1480.2190,0.092826
1480.4520,0.091943
1480.6850,0.091013
1480.9179,0.090028
1481.1509,0.088969
1481.3838,0.087821
1481.6168,0.086576
1481.8497,0.085243
1482.0827,0.083852
1482.3157,0.082444
1482.5486,0.081062
1482.7816,0.079729
1483.0145,0.078453
1483.2475,0.077220
1483.4805,0.076007
1483.7134,0.074793
1483.9464,0.073570
1484.1793,0.072340
1484.4123,0.071114
1484.6453,0.069904
1484.8782,0.068716
1485.1112,0.067554
1485.3441,0.066419
1485.5771,0.065320
1485.8100,0.064275
1486.0430,0.063302
1486.2760,0.062415
1486.5089,0.061608
1486.7419,0.060853
1486.9748,0.060100
1487.2078,0.059299
1487.4408,0.058416
1487.6737,0.057460
1487.9067,0.056480
1488.1396,0.055554
1488.3726,0.054759
1488.6055,0.054145
1488.8385,0.053728
1489.0715,0.053492
1489.3044,0.053395
1489.5374,0.053376
1489.7703,0.053365
1490.0033,0.053294
1490.2363,0.053105
1490.4692,0.052765
1490.7022,0.052271
1490.9351,0.051648
1491.1681,0.050937
1491.4011,0.050188
1491.6340,0.049447
1491.8670,0.048749
1492.0999,0.048114
1492.3329,0.047551
1492.5658,0.047054
1492.7988,0.046611
1493.0318,0.046202
1493.2647,0.045812
1493.4977,0.045424
1493.7306,0.045032
1493.9636,0.044641
1494.1966,0.044263
1494.4295,0.043923
1494.6625,0.043651
1494.8954,0.043476
1495.1284,0.043416
1495.3613,0.043471
1495.5943,0.043612
1495.8273,0.043776
1496.0602,0.043868
1496.2932,0.043783
1496.5261,0.043452
1496.7591,0.042878
1496.9921,0.042152
1497.2250,0.041407
1497.4580,0.040765
1497.6909,0.040299
1497.9239,0.040021
1498.1569,0.039898
1498.3898,0.039860
1498.6228,0.039816
1498.8557,0.039674
1499.0887,0.039370
1499.3216,0.038891
1499.5546,0.038283
1499.7876,0.037627
1500.0205,0.036997
1500.2535,0.036444
1500.4864,0.035981
1500.7194,0.035597
1500.9524,0.035266
1501.1853,0.034957
1501.4183,0.034644
1501.6512,0.034311
1501.8842,0.033951
1502.1171,0.033567
1502.3501,0.033166
1502.5831,0.032757
1502.8160,0.032344
1503.0490,0.031934
1503.2819,0.031536
1503.5149,0.031162
1503.7479,0.030830
1503.9808,0.030564
1504.2138,0.030389
1504.4467,0.030328
1504.6797,0.030399
1504.9127,0.030609
1505.1456,0.030954
1505.3786,0.031414
1505.6115,0.031950
1505.8445,0.032508
1506.0774,0.033021
1506.3104,0.033426
1506.5434,0.033675
1506.7763,0.033747
1507.0093,0.033646
1507.2422,0.033394
1507.4752,0.033027
1507.7082,0.032585
1507.9411,0.032114
1508.1741,0.031658
1508.4070,0.031251
1508.6400,0.030915
1508.8729,0.030654
1509.1059,0.030459
1509.3389,0.030306
1509.5718,0.030171
1509.8048,0.030029
1510.0377,0.029867
1510.2707,0.029686
1510.5037,0.029503
1510.7366,0.029344
1510.9696,0.029237
1511.2025,0.029200
1511.4355,0.029237
1511.6685,0.029337
1511.9014,0.029470
1512.1344,0.029593
1512.3673,0.029659
1512.6003,0.029630
1512.8332,0.029498
1513.0662,0.029284
1513.2992,0.029034
1513.5321,0.028797
1513.7651,0.028617
1513.9980,0.028514
1514.2310,0.028493
1514.4640,0.028539
1514.6969,0.028630
1514.9299,0.028738
1515.1628,0.028847
1515.3958,0.028952
1515.6287,0.029064
1515.8617,0.029207
1516.0947,0.029401
1516.3276,0.029656
1516.5606,0.029955
1516.7935,0.030257
1517.0265,0.030495
1517.2595,0.030595
1517.4924,0.030505
1517.7254,0.030221
1517.9583,0.029796
1518.1913,0.029319
1518.4243,0.028880
1518.6572,0.028546
1518.8902,0.028355
1519.1231,0.028325
1519.3561,0.028457
1519.5890,0.028745
1519.8220,0.029177
1520.0550,0.029731
1520.2879,0.030376
1520.5209,0.031061
1520.7538,0.031720
1520.9868,0.032273
1521.2198,0.032649
1521.4527,0.032813
1521.6857,0.032778
1521.9186,0.032598
1522.1516,0.032337
1522.3845,0.032046
1522.6175,0.031754
1522.8505,0.031466
1523.0834,0.031181
1523.3164,0.030903
1523.5493,0.030649
1523.7823,0.030453
1524.0153,0.030353
1524.2482,0.030382
1524.4812,0.030558
1524.7141,0.030874
1524.9471,0.031294
1525.1801,0.031751
1525.4130,0.032156
1525.6460,0.032428
1525.8789,0.032527
1526.1119,0.032473
1526.3448,0.032332
1526.5778,0.032181
1526.8108,0.032081
1527.0437,0.032057
1527.2767,0.032102
1527.5096,0.032186
1527.7426,0.032271
1527.9756,0.032324
1528.2085,0.032324
1528.4415,0.032268
1528.6744,0.032164
1528.9074,0.032027
1529.1403,0.031872
1529.3733,0.031712
1529.6063,0.031558
1529.8392,0.031427
1530.0722,0.031332
1530.3051,0.031288
1530.5381,0.031305
1530.7711,0.031380
1531.0040,0.031505
1531.2370,0.031662
1531.4699,0.031836
1531.7029,0.032018
1531.9359,0.032217
1532.1688,0.032454
1532.4018,0.032756
1532.6347,0.033142
1532.8677,0.033610
1533.1006,0.034128
1533.3336,0.034624
1533.5666,0.035003
1533.7995,0.035171
1534.0325,0.035069
1534.2654,0.034711
1534.4984,0.034172
1534.7314,0.033558
1534.9643,0.032965
1535.1973,0.032454
1535.4302,0.032049
1535.6632,0.031746
1535.8961,0.031526
1536.1291,0.031361
1536.3621,0.031231
1536.5950,0.031124
1536.8280,0.031045
1537.0609,0.031012
1537.2939,0.031055
1537.5269,0.031212
1537.7598,0.031522
1537.9928,0.032022
1538.2257,0.032741
1538.4587,0.033690
1538.6917,0.034850
1538.9246,0.036155
1539.1576,0.037473
1539.3905,0.038618
1539.6235,0.039397
1539.8564,0.039699
1540.0894,0.039545
1540.3224,0.039078
1540.5553,0.038489
1540.7883,0.037946
1541.0212,0.037564
1541.2542,0.037394
1541.4872,0.037438
1541.7201,0.037653
1541.9531,0.037959
1542.1860,0.038250
1542.4190,0.038422
1542.6519,0.038404
1542.8849,0.038194
1543.1179,0.037854
1543.3508,0.037486
1543.5838,0.037193
1543.8167,0.037053
1544.0497,0.037105
1544.2827,0.037350
1544.5156,0.037753
1544.7486,0.038247
1544.9815,0.038737
1545.2145,0.039118
1545.4475,0.039305
1545.6804,0.039261
1545.9134,0.039010
1546.1463,0.038621
1546.3793,0.038183
1546.6122,0.037773
1546.8452,0.037443
1547.0782,0.037220
1547.3111,0.037103
1547.5441,0.037082
1547.7770,0.037133
1548.0100,0.037240
1548.2430,0.037390
1548.4759,0.037584
1548.7089,0.037832
1548.9418,0.038148
1549.1748,0.038534
1549.4077,0.038974
1549.6407,0.039425
1549.8737,0.039819
1550.1066,0.040079
1550.3396,0.040146
1550.5725,0.040006
1550.8055,0.039694
1551.0385,0.039286
1551.2714,0.038864
1551.5044,0.038493
1551.7373,0.038206
1551.9703,0.038011
1552.2033,0.037898
1552.4362,0.037856
1552.6692,0.037879
1552.9021,0.037979
1553.1351,0.038177
1553.3680,0.038493
1553.6010,0.038933
1553.8340,0.039467
1554.0669,0.040017
1554.2999,0.040459
1554.5328,0.040652
1554.7658,0.040501
1554.9988,0.040012
1555.2317,0.039292
1555.4647,0.038508
1555.6976,0.037813
1555.9306,0.037317
1556.1635,0.037087
1556.3965,0.037160
1556.6295,0.037562
1556.8624,0.038319
1557.0954,0.039462
1557.3283,0.041011
1557.5613,0.042962
1557.7943,0.045239
1558.0272,0.047664
1558.2602,0.049952
1558.4931,0.051806
1558.7261,0.053058
1558.9591,0.053754
1559.1920,0.054086
1559.4250,0.054247
1559.6579,0.054317
1559.8909,0.054247
1560.1238,0.053900
1560.3568,0.053154
1560.5898,0.051989
1560.8227,0.050530
1561.0557,0.048987
1561.2886,0.047565
1561.5216,0.046406
1561.7546,0.045563
1561.9875,0.045028
1562.2205,0.044749
1562.4534,0.044657
1562.6864,0.044683
1562.9193,0.044778
1563.1523,0.044916
1563.3853,0.045103
1563.6182,0.045356
1563.8512,0.045695
1564.0841,0.046121
1564.3171,0.046610
1564.5501,0.047109
1564.7830,0.047552
1565.0160,0.047872
1565.2489,0.048030
1565.4819,0.048021
1565.7149,0.047879
1565.9478,0.047662
1566.1808,0.047431
1566.4137,0.047242
1566.6467,0.047131
1566.8796,0.047122
1567.1126,0.047221
1567.3456,0.047429
1567.5785,0.047743
1567.8115,0.048167
1568.0444,0.048713
1568.2774,0.049405
1568.5104,0.050271
1568.7433,0.051328
1568.9763,0.052563
1569.2092,0.053905
1569.4422,0.055210
1569.6751,0.056277
1569.9081,0.056907
1570.1411,0.056984
1570.3740,0.056543
1570.6070,0.055748
1570.8399,0.054819
1571.0729,0.053946
1571.3059,0.053246
1571.5388,0.052767
1571.7718,0.052497
1572.0047,0.052395
1572.2377,0.052406
1572.4707,0.052483
1572.7036,0.052594
1572.9366,0.052728
1573.1695,0.052884
1573.4025,0.053067
1573.6354,0.053282
1573.8684,0.053539
1574.1014,0.053856
1574.3343,0.054275
1574.5673,0.054860
1574.8002,0.055697
1575.0332,0.056874
1575.2662,0.058458
1575.4991,0.060460
1575.7321,0.062791
1575.9650,0.065223
1576.1980,0.067383
1576.4309,0.068859
1576.6639,0.069379
1576.8969,0.068965
1577.1298,0.067908
1577.3628,0.066595
1577.5957,0.065348
1577.8287,0.064362
1578.0617,0.063711
1578.2946,0.063388
1578.5276,0.063342
1578.7605,0.063498
1578.9935,0.063784
1579.2264,0.064142
1579.4594,0.064535
1579.6924,0.064949
1579.9253,0.065386
1580.1583,0.065852
1580.3912,0.066350
1580.6242,0.066874
1580.8572,0.067413
1581.0901,0.067955
1581.3231,0.068496
1581.5560,0.069036
1581.7890,0.069585
1582.0220,0.070152
1582.2549,0.070740
1582.4879,0.071348
1582.7208,0.071968
1582.9538,0.072589
1583.1867,0.073206
1583.4197,0.073821
1583.6527,0.074439
1583.8856,0.075069
1584.1186,0.075715
1584.3515,0.076374
1584.5845,0.077037
1584.8175,0.077693
1585.0504,0.078332
1585.2834,0.078947
1585.5163,0.079539
1585.7493,0.080109
1585.9822,0.080657
1586.2152,0.081179
1586.4482,0.081668
1586.6811,0.082119
1586.9141,0.082526
1587.1470,0.082891
1587.3800,0.083217
1587.6130,0.083505
1587.8459,0.083753
1588.0789,0.083955
1588.3118,0.084103
1588.5448,0.084193
1588.7778,0.084229
1589.0107,0.084220
1589.2437,0.084178
1589.4766,0.084112
1589.7096,0.084023
1589.9425,0.083906
1590.1755,0.083752
1590.4085,0.083558
1590.6414,0.083331
1590.8744,0.083091
1591.1073,0.082859
1591.3403,0.082656
1591.5733,0.082488
1591.8062,0.082352
1592.0392,0.082231
1592.2721,0.082113
1592.5051,0.081994
1592.7380,0.081883
1592.9710,0.081803
1593.2040,0.081775
1593.4369,0.081816
1593.6699,0.081926
1593.9028,0.082088
1594.1358,0.082274
1594.3688,0.082456
1594.6017,0.082613
1594.8347,0.082741
1595.0676,0.082845
1595.3006,0.082938
1595.5336,0.083032
1595.7665,0.083132
1595.9995,0.083236
1596.2324,0.083342
1596.4654,0.083446
1596.6983,0.083547
1596.9313,0.083649
1597.1643,0.083753
1597.3972,0.083860
1597.6302,0.083971
1597.8631,0.084085
1598.0961,0.084203
1598.3291,0.084330
1598.5620,0.084472
1598.7950,0.084631
1599.0279,0.084809
1599.2609,0.084999
1599.4938,0.085196
1599.7268,0.085396
1599.9598,0.085600
1600.1927,0.085817
1600.4257,0.086057
1600.6586,0.086325
1600.8916,0.086616
1601.1246,0.086918
1601.3575,0.087211
1601.5905,0.087483
1601.8234,0.087732
1602.0564,0.087968
1602.2894,0.088212
1602.5223,0.088478
1602.7553,0.088767
1602.9882,0.089062
1603.2212,0.089333
1603.4541,0.089547
1603.6871,0.089684
1603.9201,0.089744
1604.1530,0.089749
1604.3860,0.089731
1604.6189,0.089721
1604.8519,0.089736
1605.0849,0.089781
1605.3178,0.089855
1605.5508,0.089955
1605.7837,0.090089
1606.0167,0.090268
1606.2496,0.090502
1606.4826,0.090792
1606.7156,0.091121
1606.9485,0.091457
1607.1815,0.091766
1607.4144,0.092028
1607.6474,0.092247
1607.8804,0.092452
1608.1133,0.092689
1608.3463,0.092997
1608.5792,0.093394
1608.8122,0.093868
1609.0452,0.094382
1609.2781,0.094883
1609.5111,0.095322
1609.7440,0.095668
1609.9770,0.095913
1610.2099,0.096067
1610.4429,0.096155
1610.6759,0.096199
1610.9088,0.096223
1611.1418,0.096242
1611.3747,0.096273
1611.6077,0.096324
1611.8407,0.096401
1612.0736,0.096495
1612.3066,0.096586
1612.5395,0.096648
1612.7725,0.096656
1613.0054,0.096599
1613.2384,0.096483
1613.4714,0.096334
1613.7043,0.096181
1613.9373,0.096049
1614.1702,0.095957
1614.4032,0.095918
1614.6362,0.095959
1614.8691,0.096135
1615.1021,0.096537
1615.3350,0.097280
1615.5680,0.098482
1615.8010,0.100222
1616.0339,0.102493
1616.2669,0.105147
1616.4998,0.107853
1616.7328,0.110117
1616.9657,0.111424
1617.1987,0.111480
1617.4317,0.110385
1617.6646,0.108569
1617.8976,0.106547
1618.1305,0.104720
1618.3635,0.103293
1618.5965,0.102317
1618.8294,0.101741
1619.0624,0.101471
1619.2953,0.101403
1619.5283,0.101444
1619.7612,0.101529
1619.9942,0.101620
1620.2272,0.101708
1620.4601,0.101799
1620.6931,0.101907
1620.9260,0.102049
1621.1590,0.102240
1621.3920,0.102503
1621.6249,0.102871
1621.8579,0.103387
1622.0908,0.104109
1622.3238,0.105088
1622.5568,0.106357
1622.7897,0.107898
1623.0227,0.109621
1623.2556,0.111344
1623.4886,0.112813
1623.7215,0.113770
1623.9545,0.114053
1624.1875,0.113679
1624.4204,0.112838
1624.6534,0.111811
1624.8863,0.110860
1625.1193,0.110163
1625.3523,0.109794
1625.5852,0.109744
1625.8182,0.109961
1626.0511,0.110383
1626.2841,0.110972
1626.5170,0.111724
1626.7500,0.112660
1626.9830,0.113799
1627.2159,0.115124
1627.4489,0.116556
1627.6818,0.117952
1627.9148,0.119135
1628.1478,0.119956
1628.3807,0.120349
1628.6137,0.120362
1628.8466,0.120134
1629.0796,0.119830
1629.3126,0.119585
1629.5455,0.119472
1629.7785,0.119505
1630.0114,0.119657
1630.2444,0.119887
1630.4773,0.120152
1630.7103,0.120424
1630.9433,0.120683
1631.1762,0.120917
1631.4092,0.121115
1631.6421,0.121267
1631.8751,0.121371
1632.1081,0.121434
1632.3410,0.121481
1632.5740,0.121543
1632.8069,0.121659
1633.0399,0.121874
1633.2728,0.122240
1633.5058,0.122831
1633.7388,0.123752
1633.9717,0.125134
1634.2047,0.127123
1634.4376,0.129846
1634.6706,0.133349
1634.9036,0.137524
1635.1365,0.142015
1635.3695,0.146187
1635.6024,0.149258
1635.8354,0.150648
1636.0684,0.150335
1636.3013,0.148869
1636.5343,0.147023
1636.7672,0.145419
1637.0002,0.144370
1637.2331,0.143921
1637.4661,0.143934
1637.6991,0.144192
1637.9320,0.144474
1638.1650,0.144624
1638.3979,0.144597
1638.6309,0.144447
1638.8639,0.144289
1639.0968,0.144230
1639.3298,0.144333
1639.5627,0.144601
1639.7957,0.144989
1640.0286,0.145429
1640.2616,0.145861
1640.4946,0.146245
1640.7275,0.146571
1640.9605,0.146849
1641.1934,0.147094
1641.4264,0.147313
1641.6594,0.147502
1641.8923,0.147650
1642.1253,0.147749
1642.3582,0.147797
1642.5912,0.147799
1642.8242,0.147760
1643.0571,0.147683
1643.2901,0.147564
1643.5230,0.147409
1643.7560,0.147248
1643.9889,0.147146
1644.2219,0.147204
1644.4549,0.147549
1644.6878,0.148301
1644.9208,0.149548
1645.1537,0.151309
1645.3867,0.153510
1645.6197,0.155964
1645.8526,0.158377
1646.0856,0.160411
1646.3185,0.161793
1646.5515,0.162442
1646.7844,0.162497
1647.0174,0.162231
1647.2504,0.161901
1647.4833,0.161642
1647.7163,0.161435
1647.9492,0.161143
1648.1822,0.160594
1648.4152,0.159659
1648.6481,0.158324
1648.8811,0.156696
1649.1140,0.154957
1649.3470,0.153293
1649.5800,0.151830
1649.8129,0.150617
1650.0459,0.149644
1650.2788,0.148880
1650.5118,0.148319
1650.7447,0.148009
1650.9777,0.148064
1651.2107,0.148649
1651.4436,0.149952
1651.6766,0.152147
1651.9095,0.155359
1652.1425,0.159610
1652.3755,0.164730
1652.6084,0.170235
1652.8414,0.175267
1653.0743,0.178787
1653.3073,0.180090
1653.5402,0.179241
1653.7732,0.176941
1654.0062,0.174007
1654.2391,0.170993
1654.4721,0.168149
1654.7050,0.165544
1654.9380,0.163182
1655.1710,0.161072
1655.4039,0.159244
1655.6369,0.157730
1655.8698,0.156544
1656.1028,0.155670
1656.3358,0.155058
1656.5687,0.154635
1656.8017,0.154319
1657.0346,0.154036
1657.2676,0.153732
1657.5005,0.153380
1657.7335,0.152974
1657.9665,0.152526
1658.1994,0.152048
1658.4324,0.151549
1658.6653,0.151034
1658.8983,0.150506
1659.1313,0.149971
1659.3642,0.149438
1659.5972,0.148920
1659.8301,0.148425
1660.0631,0.147961
1660.2960,0.147531
1660.5290,0.147144
1660.7620,0.146819
1660.9949,0.146596
1661.2279,0.146523
1661.4608,0.146652
1661.6938,0.147016
1661.9268,0.147607
1662.1597,0.148354
1662.3927,0.149121
1662.6256,0.149709
1662.8586,0.149910
1663.0916,0.149571
1663.3245,0.148669
1663.5575,0.147330
1663.7904,0.145783
1664.0234,0.144267
1664.2563,0.142956
1664.4893,0.141922
1664.7223,0.141145
1664.9552,0.140543
1665.1882,0.140011
1665.4211,0.139452
1665.6541,0.138810
1665.8871,0.138079
1666.1200,0.137296
1666.3530,0.136519
1666.5859,0.135799
1666.8189,0.135171
1667.0518,0.134648
1667.2848,0.134241
1667.5178,0.133975
1667.7507,0.133897
1667.9837,0.134064
1668.2166,0.134518
1668.4496,0.135247
1668.6826,0.136155
1668.9155,0.137050
1669.1485,0.137663
1669.3814,0.137741
1669.6144,0.137158
1669.8474,0.136006
1670.0803,0.134565
1670.3133,0.133165
1670.5462,0.132045
1670.7792,0.131293
1671.0121,0.130852
1671.2451,0.130577
1671.4781,0.130282
1671.7110,0.129809
1671.9440,0.129070
1672.1769,0.128079
1672.4099,0.126934
1672.6429,0.125773
1672.8758,0.124718
1673.1088,0.123852
1673.3417,0.123223
1673.5747,0.122866
1673.8076,0.122813
1674.0406,0.123099
1674.2736,0.123744
1674.5065,0.124722
1674.7395,0.125924
1674.9724,0.127135
1675.2054,0.128041
1675.4384,0.128303
1675.6713,0.127708
1675.9043,0.126301
1676.1372,0.124383
1676.3702,0.122361
1676.6032,0.120556
1676.8361,0.119130
1677.0691,0.118093
1677.3020,0.117364
1677.5350,0.116830
1677.7679,0.116383
1678.0009,0.115948
1678.2339,0.115499
1678.4668,0.115047
1678.6998,0.114627
1678.9327,0.114272
1679.1657,0.113993
1679.3987,0.113772
1679.6316,0.113562
1679.8646,0.113296
1680.0975,0.112905
1680.3305,0.112335
1680.5634,0.111564
1680.7964,0.110614
1681.0294,0.109552
1681.2623,0.108481
1681.4953,0.107518
1681.7282,0.106775
1681.9612,0.106339
1682.1942,0.106265
1682.4271,0.106577
1682.6601,0.107275
1682.8930,0.108336
1683.1260,0.109726
1683.3590,0.111394
1683.5919,0.113268
1683.8249,0.115247
1684.0578,0.117177
1684.2908,0.118847
1684.5237,0.119999
1684.7567,0.120398
1684.9897,0.119930
1685.2226,0.118678
1685.4556,0.116913
1685.6885,0.114989
1685.9215,0.113224
1686.1545,0.111829
1686.3874,0.110897
1686.6204,0.110429
1686.8533,0.110371
1687.0863,0.110636
1687.3192,0.111123
1687.5522,0.111736
1687.7852,0.112386
1688.0181,0.113008
1688.2511,0.113557
1688.4840,0.114012
1688.7170,0.114368
1688.9500,0.114629
1689.1829,0.114802
1689.4159,0.114890
1689.6488,0.114888
1689.8818,0.114777
1690.1148,0.114528
1690.3477,0.114107
1690.5807,0.113479
1690.8136,0.112625
1691.0466,0.111545
1691.2795,0.110263
1691.5125,0.108809
1691.7455,0.107216
1691.9784,0.105499
1692.2114,0.103658
1692.4443,0.101683
1692.6773,0.099559
1692.9103,0.097290
1693.1432,0.094899
1693.3762,0.092436
1693.6091,0.089973
1693.8421,0.087593
1694.0750,0.085375
1694.3080,0.083386
1694.5410,0.081664
1694.7739,0.080209
1695.0069,0.078966
1695.2398,0.077818
1695.4728,0.076584
1695.7058,0.075049
1695.9387,0.073049
1696.1717,0.070580
1696.4046,0.067857
1696.6376,0.065221
1696.8706,0.062964
1697.1035,0.061211
1697.3365,0.059928
1697.5694,0.059001
1697.8024,0.058306
1698.0353,0.057755
1698.2683,0.057315
1698.5013,0.057009
1698.7342,0.056901
1698.9672,0.057071
1699.2001,0.057586
1699.4331,0.058468
1699.6661,0.059674
1699.8990,0.061056
1700.1320,0.062338
1700.3649,0.063139
1700.5979,0.063123
1700.8308,0.062235
1701.0638,0.060769
1701.2968,0.059170
1701.5297,0.057772
1701.7627,0.056723
1701.9956,0.056037
1702.2286,0.055671
1702.4616,0.055568
1702.6945,0.055681
1702.9275,0.055975
1703.1604,0.056422
1703.3934,0.056999
1703.6264,0.057678
1703.8593,0.058421
1704.0923,0.059182
1704.3252,0.059912
1704.5582,0.060572
1704.7911,0.061145
1705.0241,0.061649
1705.2571,0.062127
1705.4900,0.062629
1705.7230,0.063192
1705.9559,0.063820
1706.1889,0.064483
1706.4219,0.065123
1706.6548,0.065671
1706.8878,0.066075
1707.1207,0.066320
1707.3537,0.066438
1707.5866,0.066496
1707.8196,0.066571
1708.0526,0.066729
1708.2855,0.067008
1708.5185,0.067421
1708.7514,0.067956
1708.9844,0.068588
1709.2174,0.069286
1709.4503,0.070021
1709.6833,0.070766
1709.9162,0.071496
1710.1492,0.072190
1710.3822,0.072827
1710.6151,0.073391
1710.8481,0.073871
1711.0810,0.074269
1711.3140,0.074602
1711.5469,0.074899
1711.7799,0.075193
1712.0129,0.075516
1712.2458,0.075886
1712.4788,0.076309
1712.7117,0.076778
1712.9447,0.077281
1713.1777,0.077808
1713.4106,0.078355
1713.6436,0.078928
1713.8765,0.079532
1714.1095,0.080161
1714.3424,0.080787
1714.5754,0.081351
1714.8084,0.081774
1715.0413,0.081976
1715.2743,0.081919
1715.5072,0.081628
1715.7402,0.081199
1715.9732,0.080764
1716.2061,0.080442
1716.4391,0.080304
1716.6720,0.080361
1716.9050,0.080564
1717.1379,0.080815
1717.3709,0.080986
1717.6039,0.080941
1717.8368,0.080572
1718.0698,0.079831
1718.3027,0.078741
1718.5357,0.077381
1718.7687,0.075849
1719.0016,0.074229
1719.2346,0.072585
1719.4675,0.070962
1719.7005,0.069394
1719.9335,0.067899
1720.1664,0.066485
1720.3994,0.065138
1720.6323,0.063833
1720.8653,0.062534
1721.0982,0.061209
1721.3312,0.059841
1721.5642,0.058433
1721.7971,0.057008
1722.0301,0.055598
1722.2630,0.054235
1722.4960,0.052933
1722.7290,0.051691
1722.9619,0.050491
1723.1949,0.049314
1723.4278,0.048146
1723.6608,0.046985
1723.8937,0.045844
1724.1267,0.044742
1724.3597,0.043697
1724.5926,0.042716
1724.8256,0.041801
1725.0585,0.040941
1725.2915,0.040125
1725.5245,0.039345
1725.7574,0.038596
1725.9904,0.037876
1726.2233,0.037187
1726.4563,0.036530
1726.6893,0.035906
1726.9222,0.035314
1727.1552,0.034750
1727.3881,0.034215
1727.6211,0.033707
1727.8540,0.033229
1728.0870,0.032786
1728.3200,0.032381
1728.5529,0.032020
1728.7859,0.031702
1729.0188,0.031424
1729.2518,0.031176
1729.4848,0.030938
1729.7177,0.030688
1729.9507,0.030403
1730.1836,0.030064
1730.4166,0.029667
1730.6495,0.029228
1730.8825,0.028777
1731.1155,0.028353
1731.3484,0.027988
1731.5814,0.027705
1731.8143,0.027513
1732.0473,0.027409
1732.2803,0.027388
1732.5132,0.027439
1732.7462,0.027554
1732.9791,0.027724
1733.2121,0.027938
1733.4451,0.028175
1733.6780,0.028403
1733.9110,0.028570
1734.1439,0.028619
1734.3769,0.028502
1734.6098,0.028204
1734.8428,0.027752
1735.0758,0.027208
1735.3087,0.026644
1735.5417,0.026122
1735.7746,0.025678
1736.0076,0.025329
1736.2406,0.025075
1736.4735,0.024903
1736.7065,0.024795
1736.9394,0.024730
1737.1724,0.024683
1737.4053,0.024635
1737.6383,0.024574
1737.8713,0.024500
1738.1042,0.024425
1738.3372,0.024369
1738.5701,0.024354
1738.8031,0.024391
1739.0361,0.024475
1739.2690,0.024583
1739.5020,0.024676
1739.7349,0.024706
1739.9679,0.024633
1740.2009,0.024442
1740.4338,0.024152
1740.6668,0.023811
1740.8997,0.023475
1741.1327,0.023187
1741.3656,0.022970
1741.5986,0.022824
1741.8316,0.022740
1742.0645,0.022702
1742.2975,0.022691
1742.5304,0.022692
1742.7634,0.022688
1742.9964,0.022665
1743.2293,0.022609
1743.4623,0.022513
1743.6952,0.022377
1743.9282,0.022209
1744.1611,0.022025
1744.3941,0.021842
1744.6271,0.021676
1744.8600,0.021533
1745.0930,0.021413
1745.3259,0.021313
1745.5589,0.021227
1745.7919,0.021154
1746.0248,0.021093
1746.2578,0.021046
1746.4907,0.021014
1746.7237,0.020992
1746.9567,0.020972
1747.1896,0.020945
1747.4226,0.020905
1747.6555,0.020852
1747.8885,0.020791
1748.1214,0.020733
1748.3544,0.020682
1748.5874,0.020635
1748.8203,0.020580
1749.0533,0.020505
1749.2862,0.020402
1749.5192,0.020281
1749.7522,0.020165
1749.9851,0.020084
1750.2181,0.020067
1750.4510,0.020124
1750.6840,0.020243
1750.9169,0.020392
1751.1499,0.020518
1751.3829,0.020568
1751.6158,0.020506
1751.8488,0.020330
1752.0817,0.020078
1752.3147,0.019809
1752.5477,0.019571
1752.7806,0.019394
1753.0136,0.019279
1753.2465,0.019215
1753.4795,0.019180
1753.7125,0.019155
1753.9454,0.019125
1754.1784,0.019083
1754.4113,0.019028
1754.6443,0.018966
1754.8772,0.018905
1755.1102,0.018855
1755.3432,0.018827
1755.5761,0.018831
1755.8091,0.018872
1756.0420,0.018949
1756.2750,0.019050
1756.5080,0.019153
1756.7409,0.019228
1756.9739,0.019247
1757.2068,0.019195
1757.4398,0.019073
1757.6727,0.018905
1757.9057,0.018726
1758.1387,0.018568
1758.3716,0.018452
1758.6046,0.018382
1758.8375,0.018350
1759.0705,0.018339
1759.3035,0.018335
1759.5364,0.018327
1759.7694,0.018314
1760.0023,0.018306
1760.2353,0.018316
1760.4683,0.018355
1760.7012,0.018432
1760.9342,0.018541
1761.1671,0.018671
1761.4001,0.018799
1761.6330,0.018894
1761.8660,0.018929
1762.0990,0.018886
1762.3319,0.018766
1762.5649,0.018589
1762.7978,0.018390
1763.0308,0.018204
1763.2638,0.018056
1763.4967,0.017956
1763.7297,0.017902
1763.9626,0.017879
1764.1956,0.017873
1764.4285,0.017865
1764.6615,0.017848
1764.8945,0.017817
1765.1274,0.017776
1765.3604,0.017730
1765.5933,0.017686
1765.8263,0.017647
1766.0593,0.017613
1766.2922,0.017586
1766.5252,0.017567
1766.7581,0.017564
1766.9911,0.017585
1767.2241,0.017634
1767.4570,0.017710
1767.6900,0.017799
1767.9229,0.017878
1768.1559,0.017914
1768.3888,0.017883
1768.6218,0.017773
1768.8548,0.017601
1769.0877,0.017402
1769.3207,0.017222
1769.5536,0.017097
1769.7866,0.017048
1770.0196,0.017076
1770.2525,0.017168
1770.4855,0.017305
1770.7184,0.017462
1770.9514,0.017618
1771.1843,0.017759
1771.4173,0.017881
1771.6503,0.017986
1771.8832,0.018083
1772.1162,0.018172
1772.3491,0.018248
1772.5821,0.018293
1772.8151,0.018284
1773.0480,0.018205
1773.2810,0.018058
1773.5139,0.017860
1773.7469,0.017647
1773.9799,0.017455
1774.2128,0.017310
1774.4458,0.017226
1774.6787,0.017201
1774.9117,0.017222
1775.1446,0.017267
1775.3776,0.017313
1775.6106,0.017341
1775.8435,0.017341
1776.0765,0.017313
1776.3094,0.017268
1776.5424,0.017221
1776.7754,0.017185
1777.0083,0.017168
1777.2413,0.017169
1777.4742,0.017187
1777.7072,0.017216
1777.9401,0.017253
1778.1731,0.017294
1778.4061,0.017337
1778.6390,0.017381
1778.8720,0.017423
1779.1049,0.017463
1779.3379,0.017501
1779.5709,0.017539
1779.8038,0.017579
1780.0368,0.017622
1780.2697,0.017664
1780.5027,0.017699
1780.7357,0.017716
1780.9686,0.017706
1781.2016,0.017668
1781.4345,0.017606
1781.6675,0.017534
1781.9004,0.017466
1782.1334,0.017415
1782.3664,0.017384
1782.5993,0.017371
1782.8323,0.017368
1783.0652,0.017367
1783.2982,0.017365
1783.5312,0.017365
1783.7641,0.017377
1783.9971,0.017410
1784.2300,0.017468
1784.4630,0.017549
1784.6959,0.017637
1784.9289,0.017713
1785.1619,0.017753
1785.3948,0.017746
1785.6278,0.017689
1785.8607,0.017596
1786.0937,0.017485
1786.3267,0.017375
1786.5596,0.017281
1786.7926,0.017208
1787.0255,0.017157
1787.2585,0.017124
1787.4915,0.017105
1787.7244,0.017095
1787.9574,0.017089
1788.1903,0.017082
1788.4233,0.017073
1788.6562,0.017058
1788.8892,0.017041
1789.1222,0.017025
1789.3551,0.017019
1789.5881,0.017029
1789.8210,0.017061
1790.0540,0.017116
1790.2870,0.017189
1790.5199,0.017275
1790.7529,0.017367
1790.9858,0.017461
1791.2188,0.017559
1791.4517,0.017666
1791.6847,0.017788
1791.9177,0.017925
1792.1506,0.018067
1792.3836,0.018195
1792.6165,0.018283
1792.8495,0.018303
1793.0825,0.018243
1793.3154,0.018106
1793.5484,0.017919
1793.7813,0.017720
1794.0143,0.017545
1794.2473,0.017418
1794.4802,0.017349
1794.7132,0.017334
1794.9461,0.017360
1795.1791,0.017409
1795.4120,0.017462
1795.6450,0.017504
1795.8780,0.017525
1796.1109,0.017522
1796.3439,0.017501
1796.5768,0.017469
1796.8098,0.017436
1797.0428,0.017408
1797.2757,0.017388
1797.5087,0.017378
1797.7416,0.017378
1797.9746,0.017391
1798.2075,0.017418
1798.4405,0.017463
1798.6735,0.017525
1798.9064,0.017603
1799.1394,0.017688
1799.3723,0.017770
1799.6053,0.017836
1799.8383,0.017878
1800.0712,0.017893
1800.3042,0.017885
1800.5371,0.017866
1800.7701,0.017845
1801.0031,0.017834
1801.2360,0.017836
1801.4690,0.017851
1801.7019,0.017874
1801.9349,0.017899
1802.1678,0.017920
1802.4008,0.017930
1802.6338,0.017926
1802.8667,0.017905
1803.0997,0.017866
1803.3326,0.017814
1803.5656,0.017751
1803.7986,0.017686
1804.0315,0.017624
1804.2645,0.017571
1804.4974,0.017532
1804.7304,0.017507
1804.9633,0.017493
1805.1963,0.017485
1805.4293,0.017482
1805.6622,0.017480
1805.8952,0.017483
1806.1281,0.017493
1806.3611,0.017514
1806.5941,0.017546
1806.8270,0.017587
1807.0600,0.017630
1807.2929,0.017666
1807.5259,0.017689
1807.7589,0.017695
1807.9918,0.017683
1808.2248,0.017657
1808.4577,0.017623
1808.6907,0.017589
1808.9236,0.017560
1809.1566,0.017543
1809.3896,0.017540
1809.6225,0.017551
1809.8555,0.017573
1810.0884,0.017602
1810.3214,0.017631
1810.5544,0.017651
1810.7873,0.017654
1811.0203,0.017637
1811.2532,0.017600
1811.4862,0.017550
1811.7191,0.017495
1811.9521,0.017445
1812.1851,0.017404
1812.4180,0.017375
1812.6510,0.017356
1812.8839,0.017343
1813.1169,0.017332
1813.3499,0.017322
1813.5828,0.017312
1813.8158,0.017300
1814.0487,0.017288
1814.2817,0.017272
1814.5147,0.017250
1814.7476,0.017220
1814.9806,0.017181
1815.2135,0.017138
1815.4465,0.017096
1815.6794,0.017062
1815.9124,0.017043
1816.1454,0.017043
1816.3783,0.017061
1816.6113,0.017094
1816.8442,0.017139
1817.0772,0.017190
1817.3102,0.017243
1817.5431,0.017293
1817.7761,0.017336
1818.0090,0.017366
1818.2420,0.017380
1818.4749,0.017378
1818.7079,0.017361
1818.9409,0.017337
1819.1738,0.017314
1819.4068,0.017298
1819.6397,0.017293
1819.8727,0.017298
1820.1057,0.017304
1820.3386,0.017304
1820.5716,0.017288
1820.8045,0.017254
1821.0375,0.017206
1821.2705,0.017151
1821.5034,0.017103
1821.7364,0.017072
1821.9693,0.017064
1822.2023,0.017079
1822.4352,0.017109
1822.6682,0.017147
1822.9012,0.017184
1823.1341,0.017216
1823.3671,0.017246
1823.6000,0.017280
1823.8330,0.017325
1824.0660,0.017389
1824.2989,0.017470
1824.5319,0.017562
1824.7648,0.017648
1824.9978,0.017707
1825.2307,0.017720
1825.4637,0.017671
1825.6967,0.017564
1825.9296,0.017414
1826.1626,0.017250
1826.3955,0.017101
1826.6285,0.016985
1826.8615,0.016912
1827.0944,0.016877
1827.3274,0.016868
1827.5603,0.016873
1827.7933,0.016884
1828.0263,0.016900
1828.2592,0.016931
1828.4922,0.016988
1828.7251,0.017082
1828.9581,0.017217
1829.1910,0.017383
1829.4240,0.017560
1829.6570,0.017721
1829.8899,0.017835
1830.1229,0.017881
1830.3558,0.017855
1830.5888,0.017767
1830.8218,0.017644
1831.0547,0.017512
1831.2877,0.017395
1831.5206,0.017307
1831.7536,0.017253
1831.9865,0.017230
1832.2195,0.017232
1832.4525,0.017249
1832.6854,0.017274
1832.9184,0.017298
1833.1513,0.017316
1833.3843,0.017324
1833.6173,0.017319
1833.8502,0.017303
1834.0832,0.017278
1834.3161,0.017248
1834.5491,0.017217
1834.7821,0.017188
1835.0150,0.017167
1835.2480,0.017158
1835.4809,0.017165
1835.7139,0.017191
1835.9468,0.017236
1836.1798,0.017294
1836.4128,0.017357
1836.6457,0.017414
1836.8787,0.017454
1837.1116,0.017467
1837.3446,0.017450
1837.5776,0.017408
1837.8105,0.017347
1838.0435,0.017280
1838.2764,0.017219
1838.5094,0.017171
1838.7423,0.017141
1838.9753,0.017131
1839.2083,0.017138
1839.4412,0.017158
1839.6742,0.017187
1839.9071,0.017218
1840.1401,0.017245
1840.3731,0.017263
1840.6060,0.017269
1840.8390,0.017263
1841.0719,0.017249
1841.3049,0.017229
1841.5379,0.017209
1841.7708,0.017191
1842.0038,0.017177
1842.2367,0.017171
1842.4697,0.017176
1842.7026,0.017201
1842.9356,0.017259
1843.1686,0.017361
1843.4015,0.017513
1843.6345,0.017713
1843.8674,0.017942
1844.1004,0.018162
1844.3334,0.018329
1844.5663,0.018398
1844.7993,0.018348
1845.0322,0.018191
1845.2652,0.017970
1845.4981,0.017739
1845.7311,0.017543
1845.9641,0.017412
1846.1970,0.017354
1846.4300,0.017363
1846.6629,0.017426
1846.8959,0.017524
1847.1289,0.017638
1847.3618,0.017752
1847.5948,0.017852
1847.8277,0.017928
1848.0607,0.017974
1848.2937,0.017988
1848.5266,0.017968
1848.7596,0.017922
1848.9925,0.017857
1849.2255,0.017787
1849.4584,0.017723
1849.6914,0.017676
1849.9244,0.017650
1850.1573,0.017647
1850.3903,0.017663
1850.6232,0.017694
1850.8562,0.017734
1851.0892,0.017777
1851.3221,0.017821
1851.5551,0.017863
1851.7880,0.017900
1852.0210,0.017931
1852.2539,0.017955
1852.4869,0.017971
1852.7199,0.017982
1852.9528,0.017988
1853.1858,0.017992
1853.4187,0.017996
1853.6517,0.017998
1853.8847,0.017999
1854.1176,0.017995
1854.3506,0.017986
1854.5835,0.017970
1854.8165,0.017948
1855.0494,0.017922
1855.2824,0.017896
1855.5154,0.017871
1855.7483,0.017852
1855.9813,0.017842
1856.2142,0.017843
1856.4472,0.017856
1856.6802,0.017883
1856.9131,0.017923
1857.1461,0.017973
1857.3790,0.018028
1857.6120,0.018082
1857.8450,0.018129
1858.0779,0.018165
1858.3109,0.018184
1858.5438,0.018187
1858.7768,0.018172
1859.0097,0.018143
1859.2427,0.018101
1859.4757,0.018051
1859.7086,0.017997
1859.9416,0.017944
1860.1745,0.017897
1860.4075,0.017859
1860.6405,0.017832
1860.8734,0.017816
1861.1064,0.017804
1861.3393,0.017793
1861.5723,0.017775
1861.8052,0.017745
1862.0382,0.017703
1862.2712,0.017651
1862.5041,0.017595
1862.7371,0.017542
1862.9700,0.017500
1863.2030,0.017474
1863.4360,0.017465
1863.6689,0.017474
1863.9019,0.017494
1864.1348,0.017519
1864.3678,0.017544
1864.6008,0.017564
1864.8337,0.017576
1865.0667,0.017582
1865.2996,0.017582
1865.5326,0.017579
1865.7655,0.017575
1865.9985,0.017571
1866.2315,0.017567
1866.4644,0.017566
1866.6974,0.017568
1866.9303,0.017575
1867.1633,0.017593
1867.3963,0.017624
1867.6292,0.017672
1867.8622,0.017738
1868.0951,0.017822
1868.3281,0.017917
1868.5610,0.018017
1868.7940,0.018111
1869.0270,0.018184
1869.2599,0.018222
1869.4929,0.018214
1869.7258,0.018155
1869.9588,0.018051
1870.1918,0.017918
1870.4247,0.017777
1870.6577,0.017650
1870.8906,0.017553
1871.1236,0.017493
1871.3566,0.017469
1871.5895,0.017473
1871.8225,0.017493
1872.0554,0.017519
1872.2884,0.017545
1872.5213,0.017569
1872.7543,0.017595
1872.9873,0.017629
1873.2202,0.017672
1873.4532,0.017720
1873.6861,0.017765
1873.9191,0.017797
1874.1521,0.017806
1874.3850,0.017790
1874.6180,0.017752
1874.8509,0.017703
1875.0839,0.017655
1875.3168,0.017617
1875.5498,0.017596
1875.7828,0.017591
1876.0157,0.017599
1876.2487,0.017616
1876.4816,0.017638
1876.7146,0.017662
1876.9476,0.017687
1877.1805,0.017711
1877.4135,0.017729
1877.6464,0.017739
1877.8794,0.017737
1878.1124,0.017724
1878.3453,0.017704
1878.5783,0.017685
1878.8112,0.017674
1879.0442,0.017678
1879.2771,0.017694
1879.5101,0.017719
1879.7431,0.017743
1879.9760,0.017757
1880.2090,0.017757
1880.4419,0.017742
1880.6749,0.017719
1880.9079,0.017697
1881.1408,0.017683
1881.3738,0.017684
1881.6067,0.017699
1881.8397,0.017725
1882.0726,0.017754
1882.3056,0.017779
1882.5386,0.017792
1882.7715,0.017790
1883.0045,0.017770
1883.2374,0.017735
1883.4704,0.017690
1883.7034,0.017641
1883.9363,0.017597
1884.1693,0.017563
1884.4022,0.017544
1884.6352,0.017539
1884.8682,0.017543
1885.1011,0.017549
1885.3341,0.017551
1885.5670,0.017545
1885.8000,0.017532
1886.0329,0.017519
1886.2659,0.017512
1886.4989,0.017518
1886.7318,0.017539
1886.9648,0.017569
1887.1977,0.017601
1887.4307,0.017626
1887.6637,0.017638
1887.8966,0.017638
1888.1296,0.017633
1888.3625,0.017636
1888.5955,0.017657
1888.8284,0.017705
1889.0614,0.017778
1889.2944,0.017867
1889.5273,0.017956
1889.7603,0.018027
1889.9932,0.018066
1890.2262,0.018065
1890.4592,0.018029
1890.6921,0.017970
1890.9251,0.017900
1891.1580,0.017833
1891.3910,0.017774
1891.6240,0.017725
1891.8569,0.017682
1892.0899,0.017645
1892.3228,0.017610
1892.5558,0.017580
1892.7887,0.017559
1893.0217,0.017548
1893.2547,0.017550
1893.4876,0.017563
1893.7206,0.017585
1893.9535,0.017613
1894.1865,0.017643
1894.4195,0.017677
1894.6524,0.017716
1894.8854,0.017762
1895.1183,0.017813
1895.3513,0.017861
1895.5842,0.017896
1895.8172,0.017906
1896.0502,0.017882
1896.2831,0.017826
1896.5161,0.017748
1896.7490,0.017666
1896.9820,0.017598
1897.2150,0.017561
1897.4479,0.017561
1897.6809,0.017596
1897.9138,0.017656
1898.1468,0.017729
1898.3798,0.017803
1898.6127,0.017873
1898.8457,0.017938
1899.0786,0.017998
1899.3116,0.018051
1899.5445,0.018093
1899.7775,0.018116
1900.0105,0.018112
1900.2434,0.018078
1900.4764,0.018020
1900.7093,0.017950
1900.9423,0.017887
1901.1753,0.017848
1901.4082,0.017845
1901.6412,0.017879
1901.8741,0.017943
1902.1071,0.018022
1902.3400,0.018100
1902.5730,0.018160
1902.8060,0.018194
1903.0389,0.018197
1903.2719,0.018171
1903.5048,0.018123
1903.7378,0.018063
1903.9708,0.018001
1904.2037,0.017948
1904.4367,0.017915
1904.6696,0.017907
1904.9026,0.017926
1905.1356,0.017967
1905.3685,0.018021
1905.6015,0.018076
1905.8344,0.018124
1906.0674,0.018158
1906.3003,0.018178
1906.5333,0.018187
1906.7663,0.018192
1906.9992,0.018199
1907.2322,0.018211
1907.4651,0.018231
1907.6981,0.018257
1907.9311,0.018290
1908.1640,0.018324
1908.3970,0.018358
1908.6299,0.018384
1908.8629,0.018398
1909.0958,0.018393
1909.3288,0.018365
1909.5618,0.018313
1909.7947,0.018243
1910.0277,0.018166
1910.2606,0.018092
1910.4936,0.018032
1910.7266,0.017990
1910.9595,0.017965
1911.1925,0.017947
1911.4254,0.017925
1911.6584,0.017890
1911.8914,0.017839
1912.1243,0.017775
1912.3573,0.017710
1912.5902,0.017656
1912.8232,0.017626
1913.0561,0.017628
1913.2891,0.017663
1913.5221,0.017725
1913.7550,0.017805
1913.9880,0.017889
1914.2209,0.017966
1914.4539,0.018026
1914.6869,0.018065
1914.9198,0.018081
1915.1528,0.018077
1915.3857,0.018055
1915.6187,0.018022
1915.8516,0.017982
1916.0846,0.017943
1916.3176,0.017913
1916.5505,0.017902
1916.7835,0.017919
1917.0164,0.017970
1917.2494,0.018057
1917.4824,0.018173
1917.7153,0.018304
1917.9483,0.018428
1918.1812,0.018521
1918.4142,0.018564
1918.6472,0.018550
1918.8801,0.018487
1919.1131,0.018394
1919.3460,0.018294
1919.5790,0.018203
1919.8119,0.018130
1920.0449,0.018076
1920.2779,0.018039
1920.5108,0.018015
1920.7438,0.018003
1920.9767,0.018009
1921.2097,0.018036
1921.4427,0.018084
1921.6756,0.018149
1921.9086,0.018216
1922.1415,0.018266
1922.3745,0.018281
1922.6074,0.018251
1922.8404,0.018178
1923.0734,0.018075
1923.3063,0.017961
1923.5393,0.017859
1923.7722,0.017783
1924.0052,0.017739
1924.2382,0.017726
1924.4711,0.017737
1924.7041,0.017764
1924.9370,0.017801
1925.1700,0.017842
1925.4030,0.017885
1925.6359,0.017924
1925.8689,0.017954
1926.1018,0.017971
1926.3348,0.017973
1926.5677,0.017961
1926.8007,0.017940
1927.0337,0.017914
1927.2666,0.017885
1927.4996,0.017852
1927.7325,0.017812
1927.9655,0.017763
1928.1985,0.017704
1928.4314,0.017639
1928.6644,0.017578
1928.8973,0.017525
1929.1303,0.017485
1929.3632,0.017455
1929.5962,0.017425
1929.8292,0.017388
1930.0621,0.017338
1930.2951,0.017281
1930.5280,0.017226
1930.7610,0.017189
1930.9940,0.017185
1931.2269,0.017216
1931.4599,0.017278
1931.6928,0.017354
1931.9258,0.017425
1932.1588,0.017476
1932.3917,0.017497
1932.6247,0.017486
1932.8576,0.017450
1933.0906,0.017397
1933.3235,0.017335
1933.5565,0.017271
1933.7895,0.017209
1934.0224,0.017156
1934.2554,0.017114
1934.4883,0.017088
1934.7213,0.017079
1934.9543,0.017082
1935.1872,0.017089
1935.4202,0.017088
1935.6531,0.017070
1935.8861,0.017029
1936.1190,0.016965
1936.3520,0.016886
1936.5850,0.016802
1936.8179,0.016722
1937.0509,0.016656
1937.2838,0.016609
1937.5168,0.016585
1937.7498,0.016587
1937.9827,0.016617
1938.2157,0.016674
1938.4486,0.016753
1938.6816,0.016842
1938.9146,0.016925
1939.1475,0.016985
1939.3805,0.017008
1939.6134,0.016991
1939.8464,0.016940
1940.0793,0.016871
1940.3123,0.016800
1940.5453,0.016741
1940.7782,0.016703
1941.0112,0.016689
1941.2441,0.016695
1941.4771,0.016719
1941.7101,0.016756
1941.9430,0.016807
1942.1760,0.016869
1942.4089,0.016936
1942.6419,0.016996
1942.8748,0.017037
1943.1078,0.017048
1943.3408,0.017025
1943.5737,0.016976
1943.8067,0.016914
1944.0396,0.016856
1944.2726,0.016813
1944.5056,0.016795
1944.7385,0.016802
1944.9715,0.016830
1945.2044,0.016875
1945.4374,0.016930
1945.6704,0.016989
1945.9033,0.017043
1946.1363,0.017078
1946.3692,0.017077
1946.6022,0.017025
1946.8351,0.016914
1947.0681,0.016748
1947.3011,0.016547
1947.5340,0.016341
1947.7670,0.016163
1947.9999,0.016042
1948.2329,0.015994
1948.4659,0.016014
1948.6988,0.016085
1948.9318,0.016181
1949.1647,0.016276
1949.3977,0.016348
1949.6306,0.016390
1949.8636,0.016400
1950.0966,0.016385
1950.3295,0.016354
1950.5625,0.016313
1950.7954,0.016268
1951.0284,0.016223
1951.2614,0.016179
1951.4943,0.016140
1951.7273,0.016107
1951.9602,0.016085
1952.1932,0.016078
1952.4262,0.016090
1952.6591,0.016127
1952.8921,0.016189
1953.1250,0.016275
1953.3580,0.016374
1953.5909,0.016474
1953.8239,0.016557
1954.0569,0.016607
1954.2898,0.016616
1954.5228,0.016585
1954.7557,0.016527
1954.9887,0.016457
1955.2217,0.016392
1955.4546,0.016341
1955.6876,0.016303
1955.9205,0.016265
1956.1535,0.016207
1956.3864,0.016112
1956.6194,0.015967
1956.8524,0.015773
1957.0853,0.015546
1957.3183,0.015310
1957.5512,0.015100
1957.7842,0.014946
1958.0172,0.014871
1958.2501,0.014885
1958.4831,0.014983
1958.7160,0.015144
1958.9490,0.015335
1959.1820,0.015519
1959.4149,0.015667
1959.6479,0.015760
1959.8808,0.015800
1960.1138,0.015800
1960.3467,0.015786
1960.5797,0.015776
1960.8127,0.015782
1961.0456,0.015796
1961.2786,0.015804
1961.5115,0.015786
1961.7445,0.015732
1961.9775,0.015646
1962.2104,0.015548
1962.4434,0.015463
1962.6763,0.015415
1962.9093,0.015412
1963.1422,0.015446
1963.3752,0.015497
1963.6082,0.015538
1963.8411,0.015546
1964.0741,0.015510
1964.3070,0.015430
1964.5400,0.015312
1964.7730,0.015170
1965.0059,0.015015
1965.2389,0.014863
1965.4718,0.014734
1965.7048,0.014652
1965.9378,0.014644
1966.1707,0.014729
1966.4037,0.014910
1966.6366,0.015160
1966.8696,0.015424
1967.1025,0.015633
1967.3355,0.015724
1967.5685,0.015662
1967.8014,0.015455
1968.0344,0.015154
1968.2673,0.014836
1968.5003,0.014581
1968.7333,0.014445
1968.9662,0.014444
1969.1992,0.014553
1969.4321,0.014722
1969.6651,0.014895
1969.8980,0.015028
1970.1310,0.015101
1970.3640,0.015119
1970.5969,0.015102
1970.8299,0.015074
1971.0628,0.015054
1971.2958,0.015046
1971.5288,0.015043
1971.7617,0.015032
1971.9947,0.015000
1972.2276,0.014941
1972.4606,0.014859
1972.6936,0.014764
1972.9265,0.014676
1973.1595,0.014612
1973.3924,0.014587
1973.6254,0.014607
1973.8583,0.014668
1974.0913,0.014756
1974.3243,0.014847
1974.5572,0.014915
1974.7902,0.014942
1975.0231,0.014919
1975.2561,0.014856
1975.4891,0.014778
1975.7220,0.014718
1975.9550,0.014712
1976.1879,0.014787
1976.4209,0.014952
1976.6538,0.015196
1976.8868,0.015491
1977.1198,0.015800
1977.3527,0.016081
1977.5857,0.016303
1977.8186,0.016450
1978.0516,0.016526
1978.2846,0.016558
1978.5175,0.016583
1978.7505,0.016642
1978.9834,0.016760
1979.2164,0.016943
1979.4494,0.017171
1979.6823,0.017406
1979.9153,0.017604
1980.1482,0.017732
1980.3812,0.017775
1980.6141,0.017744
1980.8471,0.017663
1981.0801,0.017563
1981.3130,0.017463
1981.5460,0.017364
1981.7789,0.017247
1982.0119,0.017080
1982.2449,0.016835
1982.4778,0.016503
1982.7108,0.016098
1982.9437,0.015666
1983.1767,0.015271
1983.4096,0.014977
1983.6426,0.014834
1983.8756,0.014864
1984.1085,0.015054
1984.3415,0.015368
1984.5744,0.015753
1984.8074,0.016151
1985.0404,0.016513
1985.2733,0.016797
1985.5063,0.016980
1985.7392,0.017052
1985.9722,0.017017
1986.2052,0.016892
1986.4381,0.016705
1986.6711,0.016489
1986.9040,0.016281
1987.1370,0.016115
1987.3699,0.016016
1987.6029,0.015995
1987.8359,0.016046
1988.0688,0.016151
1988.3018,0.016282
1988.5347,0.016411
1988.7677,0.016517
1989.0007,0.016588
1989.2336,0.016625
1989.4666,0.016637
1989.6995,0.016639
1989.9325,0.016645
1990.1654,0.016661
1990.3984,0.016688
1990.6314,0.016717
1990.8643,0.016738
1991.0973,0.016741
1991.3302,0.016722
1991.5632,0.016684
1991.7962,0.016635
1992.0291,0.016588
1992.2621,0.016556
1992.4950,0.016547
1992.7280,0.016567
1992.9609,0.016617
1993.1939,0.016690
1993.4269,0.016780
1993.6598,0.016878
1993.8928,0.016972
1994.1257,0.017048
1994.3587,0.017088
1994.5917,0.017077
1994.8246,0.017006
1995.0576,0.016873
1995.2905,0.016690
1995.5235,0.016480
1995.7565,0.016272
1995.9894,0.016100
1996.2224,0.015991
1996.4553,0.015963
1996.6883,0.016022
1996.9212,0.016158
1997.1542,0.016351
1997.3872,0.016569
1997.6201,0.016781
1997.8531,0.016953
1998.0860,0.017058
1998.3190,0.017080
1998.5520,0.017018
1998.7849,0.016886
1999.0179,0.016709
1999.2508,0.016517
1999.4838,0.016335
1999.7167,0.016177
1999.9497,0.016046
2000.1827,0.015934
2000.4156,0.015833
2000.6486,0.015736
2000.8815,0.015648
2001.1145,0.015584
2001.3475,0.015565
2001.5804,0.015604
2001.8134,0.015707
2002.0463,0.015858
2002.2793,0.016031
2002.5123,0.016191
2002.7452,0.016313
2002.9782,0.016385
2003.2111,0.016413
2003.4441,0.016418
2003.6770,0.016425
2003.9100,0.016458
2004.1430,0.016523
2004.3759,0.016614
2004.6089,0.016711
2004.8418,0.016789
2005.0748,0.016827
2005.3078,0.016810
2005.5407,0.016735
2005.7737,0.016608
2006.0066,0.016445
2006.2396,0.016261
2006.4725,0.016074
2006.7055,0.015897
2006.9385,0.015740
2007.1714,0.015614
2007.4044,0.015525
2007.6373,0.015477
2007.8703,0.015468
2008.1033,0.015486
2008.3362,0.015514
2008.5692,0.015527
2008.8021,0.015504
2009.0351,0.015431
2009.2681,0.015312
2009.5010,0.015165
2009.7340,0.015027
2009.9669,0.014935
2010.1999,0.014922
2010.4328,0.014999
2010.6658,0.015148
2010.8988,0.015332
2011.1317,0.015496
2011.3647,0.015594
2011.5976,0.015597
2011.8306,0.015510
2012.0636,0.015369
2012.2965,0.015226
2012.5295,0.015134
2012.7624,0.015131
2012.9954,0.015226
2013.2283,0.015400
2013.4613,0.015616
2013.6943,0.015835
2013.9272,0.016024
2014.1602,0.016169
2014.3931,0.016269
2014.6261,0.016331
2014.8591,0.016364
2015.0920,0.016375
2015.3250,0.016368
2015.5579,0.016353
2015.7909,0.016341
2016.0239,0.016348
2016.2568,0.016388
2016.4898,0.016468
2016.7227,0.016583
2016.9557,0.016717
2017.1886,0.016848
2017.4216,0.016956
2017.6546,0.017032
2017.8875,0.017082
2018.1205,0.017117
2018.3534,0.017152
2018.5864,0.017190
2018.8194,0.017226
2019.0523,0.017241
2019.2853,0.017215
2019.5182,0.017131
2019.7512,0.016982
2019.9841,0.016771
2020.2171,0.016516
2020.4501,0.016242
2020.6830,0.015977
2020.9160,0.015750
2021.1489,0.015587
2021.3819,0.015506
2021.6149,0.015513
2021.8478,0.015601
2022.0808,0.015745
2022.3137,0.015907
2022.5467,0.016042
2022.7797,0.016110
2023.0126,0.016086
2023.2456,0.015969
2023.4785,0.015780
2023.7115,0.015554
2023.9444,0.015329
2024.1774,0.015134
2024.4104,0.014986
2024.6433,0.014883
2024.8763,0.014817
2025.1092,0.014774
2025.3422,0.014746
2025.5752,0.014732
2025.8081,0.014738
2026.0411,0.014771
2026.2740,0.014839
2026.5070,0.014946
2026.7399,0.015094
2026.9729,0.015279
2027.2059,0.015493
2027.4388,0.015720
2027.6718,0.015936
2027.9047,0.016109
2028.1377,0.016206
2028.3707,0.016207
2028.6036,0.016109
2028.8366,0.015933
2029.0695,0.015721
2029.3025,0.015521
2029.5355,0.015379
2029.7684,0.015325
2030.0014,0.015366
2030.2343,0.015485
2030.4673,0.015655
2030.7002,0.015844
2030.9332,0.016029
2031.1662,0.016195
2031.3991,0.016337
2031.6321,0.016457
2031.8650,0.016562
2032.0980,0.016661
2032.3310,0.016768
2032.5639,0.016895
2032.7969,0.017049
2033.0298,0.017225
2033.2628,0.017400
2033.4957,0.017537
2033.7287,0.017591
2033.9617,0.017527
2034.1946,0.017334
2034.4276,0.017032
2034.6605,0.016673
2034.8935,0.016324
2035.1265,0.016049
2035.3594,0.015894
2035.5924,0.015876
2035.8253,0.015979
2036.0583,0.016172
2036.2913,0.016414
2036.5242,0.016676
2036.7572,0.016934
2036.9901,0.017177
2037.2231,0.017395
2037.4560,0.017574
2037.6890,0.017706
2037.9220,0.017786
2038.1549,0.017821
2038.3879,0.017830
2038.6208,0.017836
2038.8538,0.017863
2039.0868,0.017919
2039.3197,0.017997
2039.5527,0.018074
2039.7856,0.018124
2040.0186,0.018126
2040.2515,0.018078
2040.4845,0.017994
2040.7175,0.017899
2040.9504,0.017821
2041.1834,0.017775
2041.4163,0.017765
2041.6493,0.017776
2041.8823,0.017789
2042.1152,0.017787
2042.3482,0.017764
2042.5811,0.017728
2042.8141,0.017696
2043.0471,0.017687
2043.2800,0.017714
2043.5130,0.017780
2043.7459,0.017874
2043.9789,0.017978
2044.2118,0.018070
2044.4448,0.018130
2044.6778,0.018149
2044.9107,0.018128
2045.1437,0.018083
2045.3766,0.018037
2045.6096,0.018015
2045.8426,0.018039
2046.0755,0.018121
2046.3085,0.018259
2046.5414,0.018442
2046.7744,0.018650
2047.0073,0.018866
2047.2403,0.019077
2047.4733,0.019281
2047.7062,0.019479
2047.9392,0.019677
2048.1721,0.019877
2048.4051,0.020071
2048.6381,0.020252
2048.8710,0.020407
2049.1040,0.020533
2049.3369,0.020631
2049.5699,0.020708
2049.8029,0.020771
2050.0358,0.020823
2050.2688,0.020857
2050.5017,0.020863
2050.7347,0.020830
2050.9676,0.020753
2051.2006,0.020636
2051.4336,0.020491
2051.6665,0.020331
2051.8995,0.020171
2052.1324,0.020015
2052.3654,0.019866
2052.5984,0.019720
2052.8313,0.019578
2053.0643,0.019445
2053.2972,0.019334
2053.5302,0.019260
2053.7631,0.019235
2053.9961,0.019262
2054.2291,0.019333
2054.4620,0.019428
2054.6950,0.019526
2054.9279,0.019608
2055.1609,0.019665
2055.3939,0.019698
2055.6268,0.019717
2055.8598,0.019730
2056.0927,0.019743
2056.3257,0.019753
2056.5587,0.019752
2056.7916,0.019731
2057.0246,0.019681
2057.2575,0.019604
2057.4905,0.019508
2057.7234,0.019411
2057.9564,0.019329
2058.1894,0.019275
2058.4223,0.019253
2058.6553,0.019256
2058.8882,0.019269
2059.1212,0.019273
2059.3542,0.019253
2059.5871,0.019206
2059.8201,0.019140
2060.0530,0.019075
2060.2860,0.019030
2060.5189,0.019020
2060.7519,0.019049
2060.9849,0.019103
2061.2178,0.019157
2061.4508,0.019190
2061.6837,0.019186
2061.9167,0.019151
2062.1497,0.019107
2062.3826,0.019085
2062.6156,0.019113
2062.8485,0.019202
2063.0815,0.019338
2063.3145,0.019491
2063.5474,0.019618
2063.7804,0.019685
2064.0133,0.019675
2064.2463,0.019598
2064.4792,0.019481
2064.7122,0.019361
2064.9452,0.019268
2065.1781,0.019216
2065.4111,0.019205
2065.6440,0.019220
2065.8770,0.019244
2066.1100,0.019266
2066.3429,0.019282
2066.5759,0.019297
2066.8088,0.019318
2067.0418,0.019347
2067.2747,0.019384
2067.5077,0.019423
2067.7407,0.019462
2067.9736,0.019500
2068.2066,0.019544
2068.4395,0.019603
2068.6725,0.019684
2068.9055,0.019787
2069.1384,0.019908
2069.3714,0.020034
2069.6043,0.020149
2069.8373,0.020243
2070.0703,0.020307
2070.3032,0.020338
2070.5362,0.020340
2070.7691,0.020316
2071.0021,0.020272
2071.2350,0.020217
2071.4680,0.020158
2071.7010,0.020100
2071.9339,0.020049
2072.1669,0.020005
2072.3998,0.019967
2072.6328,0.019934
2072.8658,0.019908
2073.0987,0.019898
2073.3317,0.019916
2073.5646,0.019976
2073.7976,0.020085
2074.0305,0.020243
2074.2635,0.020432
2074.4965,0.020627
2074.7294,0.020797
2074.9624,0.020920
2075.1953,0.020987
2075.4283,0.021003
2075.6613,0.020986
2075.8942,0.020956
2076.1272,0.020929
2076.3601,0.020912
2076.5931,0.020901
2076.8261,0.020891
2077.0590,0.020877
2077.2920,0.020857
2077.5249,0.020834
2077.7579,0.020814
2077.9908,0.020800
2078.2238,0.020793
2078.4568,0.020792
2078.6897,0.020795
2078.9227,0.020805
2079.1556,0.020821
2079.3886,0.020844
2079.6216,0.020868
2079.8545,0.020881
2080.0875,0.020871
2080.3204,0.020829
2080.5534,0.020757
2080.7863,0.020670
2081.0193,0.020594
2081.2523,0.020553
2081.4852,0.020561
2081.7182,0.020616
2081.9511,0.020697
2082.1841,0.020776
2082.4171,0.020828
2082.6500,0.020843
2082.8830,0.020830
2083.1159,0.020813
2083.3489,0.020812
2083.5819,0.020839
2083.8148,0.020886
2084.0478,0.020930
2084.2807,0.020944
2084.5137,0.020911
2084.7466,0.020831
2084.9796,0.020724
2085.2126,0.020621
2085.4455,0.020550
2085.6785,0.020522
2085.9114,0.020534
2086.1444,0.020564
2086.3774,0.020590
2086.6103,0.020595
2086.8433,0.020580
2087.0762,0.020555
2087.3092,0.020538
2087.5421,0.020546
2087.7751,0.020582
2088.0081,0.020644
2088.2410,0.020716
2088.4740,0.020787
2088.7069,0.020845
2088.9399,0.020886
2089.1729,0.020908
2089.4058,0.020910
2089.6388,0.020891
2089.8717,0.020847
2090.1047,0.020779
2090.3377,0.020688
2090.5706,0.020583
2090.8036,0.020472
2091.0365,0.020365
2091.2695,0.020270
2091.5024,0.020190
2091.7354,0.020127
2091.9684,0.020084
2092.2013,0.020065
2092.4343,0.020073
2092.6672,0.020109
2092.9002,0.020165
2093.1332,0.020228
2093.3661,0.020282
2093.5991,0.020315
2093.8320,0.020326
2094.0650,0.020326
2094.2979,0.020336
2094.5309,0.020374
2094.7639,0.020451
2094.9968,0.020560
2095.2298,0.020681
2095.4627,0.020784
2095.6957,0.020846
2095.9287,0.020859
2096.1616,0.020829
2096.3946,0.020779
2096.6275,0.020731
2096.8605,0.020705
2097.0935,0.020705
2097.3264,0.020728
2097.5594,0.020765
2097.7923,0.020812
2098.0253,0.020868
2098.2582,0.020940
2098.4912,0.021033
2098.7242,0.021147
2098.9571,0.021272
2099.1901,0.021392
2099.4230,0.021490
2099.6560,0.021555
2099.8890,0.021585
2100.1219,0.021584
2100.3549,0.021561
2100.5878,0.021521
2100.8208,0.021467
2101.0537,0.021399
2101.2867,0.021317
2101.5197,0.021231
2101.7526,0.021155
2101.9856,0.021106
2102.2185,0.021096
2102.4515,0.021124
2102.6845,0.021176
2102.9174,0.021229
2103.1504,0.021260
2103.3833,0.021254
2103.6163,0.021213
2103.8493,0.021154
2104.0822,0.021102
2104.3152,0.021077
2104.5481,0.021091
2104.7811,0.021142
2105.0140,0.021214
2105.2470,0.021292
2105.4800,0.021363
2105.7129,0.021422
2105.9459,0.021472
2106.1788,0.021516
2106.4118,0.021556
2106.6448,0.021585
2106.8777,0.021591
2107.1107,0.021562
2107.3436,0.021492
2107.5766,0.021385
2107.8095,0.021256
2108.0425,0.021128
2108.2755,0.021026
2108.5084,0.020967
2108.7414,0.020962
2108.9743,0.021008
2109.2073,0.021095
2109.4403,0.021207
2109.6732,0.021328
2109.9062,0.021441
2110.1391,0.021536
2110.3721,0.021606
2110.6051,0.021648
2110.8380,0.021661
2111.0710,0.021645
2111.3039,0.021602
2111.5369,0.021535
2111.7698,0.021450
2112.0028,0.021358
2112.2358,0.021273
2112.4687,0.021211
2112.7017,0.021185
2112.9346,0.021200
2113.1676,0.021251
2113.4006,0.021324
2113.6335,0.021400
2113.8665,0.021463
2114.0994,0.021501
2114.3324,0.021517
2114.5653,0.021519
2114.7983,0.021520
2115.0313,0.021525
2115.2642,0.021532
2115.4972,0.021528
2115.7301,0.021495
2115.9631,0.021423
2116.1961,0.021311
2116.4290,0.021174
2116.6620,0.021036
2116.8949,0.020920
2117.1279,0.020842
2117.3609,0.020806
2117.5938,0.020799
2117.8268,0.020807
2118.0597,0.020817
2118.2927,0.020828
2118.5256,0.020848
2118.7586,0.020894
2118.9916,0.020975
2119.2245,0.021092
2119.4575,0.021228
2119.6904,0.021358
2119.9234,0.021451
2120.1564,0.021489
2120.3893,0.021466
2120.6223,0.021392
2120.8552,0.021287
2121.0882,0.021174
2121.3211,0.021071
2121.5541,0.020986
2121.7871,0.020919
2122.0200,0.020862
2122.2530,0.020802
2122.4859,0.020731
2122.7189,0.020643
2122.9519,0.020539
2123.1848,0.020425
2123.4178,0.020313
2123.6507,0.020219
2123.8837,0.020158
2124.1166,0.020138
2124.3496,0.020161
2124.5826,0.020214
2124.8155,0.020275
2125.0485,0.020319
2125.2814,0.020328
2125.5144,0.020295
2125.7474,0.020229
2125.9803,0.020152
2126.2133,0.020086
2126.4462,0.020048
2126.6792,0.020039
2126.9122,0.020045
2127.1451,0.020048
2127.3781,0.020029
2127.6110,0.019983
2127.8440,0.019918
2128.0769,0.019852
2128.3099,0.019802
2128.5429,0.019775
2128.7758,0.019763
2129.0088,0.019745
2129.2417,0.019695
2129.4747,0.019590
2129.7077,0.019427
2129.9406,0.019215
2130.1736,0.018981
2130.4065,0.018756
2130.6395,0.018570
2130.8724,0.018445
2131.1054,0.018389
2131.3384,0.018403
2131.5713,0.018479
2131.8043,0.018602
2132.0372,0.018753
2132.2702,0.018909
2132.5032,0.019049
2132.7361,0.019152
2132.9691,0.019211
2133.2020,0.019227
2133.4350,0.019216
2133.6680,0.019195
2133.9009,0.019181
2134.1339,0.019180
2134.3668,0.019185
2134.5998,0.019181
2134.8327,0.019150
2135.0657,0.019077
2135.2987,0.018963
2135.5316,0.018815
2135.7646,0.018649
2135.9975,0.018482
2136.2305,0.018328
2136.4635,0.018195
2136.6964,0.018090
2136.9294,0.018017
2137.1623,0.017981
2137.3953,0.017982
2137.6282,0.018018
2137.8612,0.018077
2138.0942,0.018140
2138.3271,0.018186
2138.5601,0.018199
2138.7930,0.018171
2139.0260,0.018107
2139.2590,0.018021
2139.4919,0.017925
2139.7249,0.017830
2139.9578,0.017736
2140.1908,0.017638
2140.4238,0.017529
2140.6567,0.017412
2140.8897,0.017297
2141.1226,0.017199
2141.3556,0.017134
2141.5885,0.017111
2141.8215,0.017125
2142.0545,0.017158
2142.2874,0.017188
2142.5204,0.017195
2142.7533,0.017171
2142.9863,0.017118
2143.2193,0.017048
2143.4522,0.016978
2143.6852,0.016920
2143.9181,0.016884
2144.1511,0.016876
2144.3840,0.016897
2144.6170,0.016948
2144.8500,0.017027
2145.0829,0.017126
2145.3159,0.017232
2145.5488,0.017323
2145.7818,0.017382
2146.0148,0.017393
2146.2477,0.017357
2146.4807,0.017285
2146.7136,0.017197
2146.9466,0.017113
2147.1796,0.017048
2147.4125,0.017005
2147.6455,0.016978
2147.8784,0.016954
2148.1114,0.016922
2148.3443,0.016877
2148.5773,0.016813
2148.8103,0.016729
2149.0432,0.016620
2149.2762,0.016486
2149.5091,0.016330
2149.7421,0.016169
2149.9751,0.016032
2150.2080,0.015954
2150.4410,0.015962
2150.6739,0.016065
2150.9069,0.016240
2151.1398,0.016433
2151.3728,0.016581
2151.6058,0.016627
2151.8387,0.016548
2152.0717,0.016364
2152.3046,0.016128
2152.5376,0.015911
2152.7706,0.015773
2153.0035,0.015740
2153.2365,0.015799
2153.4694,0.015906
2153.7024,0.016005
2153.9354,0.016058
2154.1683,0.016050
2154.4013,0.015999
2154.6342,0.015934
2154.8672,0.015883
2155.1001,0.015856
2155.3331,0.015838
2155.5661,0.015798
2155.7990,0.015704
2156.0320,0.015538
2156.2649,0.015305
2156.4979,0.015032
2156.7309,0.014760
2156.9638,0.014530
2157.1968,0.014370
2157.4297,0.014293
2157.6627,0.014298
2157.8956,0.014378
2158.1286,0.014528
2158.3616,0.014747
2158.5945,0.015041
2158.8275,0.015415
2159.0604,0.015866
2159.2934,0.016384
2159.5264,0.016941
2159.7593,0.017493
2159.9923,0.017986
2160.2252,0.018363
2160.4582,0.018579
2160.6912,0.018615
2160.9241,0.018491
2161.1571,0.018255
2161.3900,0.017980
2161.6230,0.017740
2161.8559,0.017596
2162.0889,0.017577
2162.3219,0.017682
2162.5548,0.017874
2162.7878,0.018102
2163.0207,0.018314
2163.2537,0.018475
2163.4867,0.018571
2163.7196,0.018609
2163.9526,0.018613
2164.1855,0.018611
2164.4185,0.018629
2164.6514,0.018680
2164.8844,0.018767
2165.1174,0.018882
2165.3503,0.019006
2165.5833,0.019121
2165.8162,0.019212
2166.0492,0.019269
2166.2822,0.019293
2166.5151,0.019289
2166.7481,0.019267
2166.9810,0.019230
2167.2140,0.019175
2167.4470,0.019096
2167.6799,0.018985
2167.9129,0.018842
2168.1458,0.018686
2168.3788,0.018548
2168.6117,0.018465
2168.8447,0.018474
2169.0777,0.018589
2169.3106,0.018800
2169.5436,0.019070
2169.7765,0.019346
2170.0095,0.019571
2170.2425,0.019705
2170.4754,0.019731
2170.7084,0.019658
2170.9413,0.019509
2171.1743,0.019313
2171.4072,0.019096
2171.6402,0.018879
2171.8732,0.018679
2172.1061,0.018510
2172.3391,0.018388
2172.5720,0.018326
2172.8050,0.018329
2173.0380,0.018382
2173.2709,0.018454
2173.5039,0.018498
2173.7368,0.018469
2173.9698,0.018338
2174.2028,0.018106
2174.4357,0.017807
2174.6687,0.017503
2174.9016,0.017262
2175.1346,0.017143
2175.3675,0.017176
2175.6005,0.017351
2175.8335,0.017626
2176.0664,0.017934
2176.2994,0.018207
2176.5323,0.018392
2176.7653,0.018458
2176.9983,0.018405
2177.2312,0.018257
2177.4642,0.018054
2177.6971,0.017839
2177.9301,0.017642
2178.1630,0.017473
2178.3960,0.017327
2178.6290,0.017184
2178.8619,0.017024
2179.0949,0.016842
2179.3278,0.016648
2179.5608,0.016472
2179.7938,0.016350
2180.0267,0.016310
2180.2597,0.016362
2180.4926,0.016488
2180.7256,0.016654
2180.9586,0.016819
2181.1915,0.016956
2181.4245,0.017060
2181.6574,0.017156
2181.8904,0.017282
2182.1233,0.017472
2182.3563,0.017739
2182.5893,0.018062
2182.8222,0.018398
2183.0552,0.018689
2183.2881,0.018891
2183.5211,0.018986
2183.7541,0.018984
2183.9870,0.018918
2184.2200,0.018828
2184.4529,0.018748
2184.6859,0.018698
2184.9188,0.018684
2185.1518,0.018705
2185.3848,0.018760
2185.6177,0.018850
2185.8507,0.018977
2186.0836,0.019141
2186.3166,0.019332
2186.5496,0.019529
2186.7825,0.019702
2187.0155,0.019817
2187.2484,0.019847
2187.4814,0.019779
2187.7144,0.019611
2187.9473,0.019359
2188.1803,0.019052
2188.4132,0.018729
2188.6462,0.018436
2188.8791,0.018213
2189.1121,0.018093
2189.3451,0.018090
2189.5780,0.018196
2189.8110,0.018386
2190.0439,0.018620
2190.2769,0.018858
2190.5099,0.019069
2190.7428,0.019241
2190.9758,0.019382
2191.2087,0.019508
2191.4417,0.019634
2191.6746,0.019763
2191.9076,0.019885
2192.1406,0.019980
2192.3735,0.020031
2192.6065,0.020031
2192.8394,0.019988
2193.0724,0.019927
2193.3054,0.019872
2193.5383,0.019845
2193.7713,0.019853
2194.0042,0.019890
2194.2372,0.019944
2194.4702,0.020001
2194.7031,0.020051
2194.9361,0.020091
2195.1690,0.020121
2195.4020,0.020141
2195.6349,0.020149
2195.8679,0.020139
2196.1009,0.020111
2196.3338,0.020068
2196.5668,0.020018
2196.7997,0.019970
2197.0327,0.019927
2197.2657,0.019885
2197.4986,0.019832
2197.7316,0.019752
2197.9645,0.019641
2198.1975,0.019504
2198.4304,0.019365
2198.6634,0.019255
2198.8964,0.019203
2199.1293,0.019227
2199.3623,0.019326
2199.5952,0.019480
2199.8282,0.019661
2200.0612,0.019836
2200.2941,0.019983
2200.5271,0.020089
2200.7600,0.020155
2200.9930,0.020190
2201.2260,0.020207
2201.4589,0.020228
2201.6919,0.020273
2201.9248,0.020366
2202.1578,0.020519
2202.3907,0.020733
2202.6237,0.020986
2202.8567,0.021241
2203.0896,0.021447
2203.3226,0.021557
2203.5555,0.021546
2203.7885,0.021414
2204.0215,0.021191
2204.2544,0.020923
2204.4874,0.020658
2204.7203,0.020432
2204.9533,0.020261
2205.1862,0.020146
2205.4192,0.020080
2205.6522,0.020058
2205.8851,0.020079
2206.1181,0.020146
2206.3510,0.020255
2206.5840,0.020393
2206.8170,0.020534
2207.0499,0.020644
2207.2829,0.020694
2207.5158,0.020672
2207.7488,0.020583
2207.9818,0.020452
2208.2147,0.020309
2208.4477,0.020181
2208.6806,0.020089
2208.9136,0.020040
2209.1465,0.020036
2209.3795,0.020079
2209.6125,0.020172
2209.8454,0.020316
2210.0784,0.020504
2210.3113,0.020720
2210.5443,0.020934
2210.7773,0.021113
2211.0102,0.021229
2211.2432,0.021272
2211.4761,0.021251
2211.7091,0.021189
2211.9420,0.021113
2212.1750,0.021048
2212.4080,0.021004
2212.6409,0.020984
2212.8739,0.020983
2213.1068,0.021000
2213.3398,0.021037
2213.5728,0.021098
2213.8057,0.021181
2214.0387,0.021275
2214.2716,0.021358
2214.5046,0.021407
2214.7376,0.021403
2214.9705,0.021341
2215.2035,0.021235
2215.4364,0.021109
2215.6694,0.020988
2215.9023,0.020891
2216.1353,0.020824
2216.3683,0.020783
2216.6012,0.020761
2216.8342,0.020752
2217.0671,0.020754
2217.3001,0.020764
2217.5331,0.020778
2217.7660,0.020783
2217.9990,0.020762
2218.2319,0.020703
2218.4649,0.020608
2218.6978,0.020498
2218.9308,0.020407
2219.1638,0.020371
2219.3967,0.020413
2219.6297,0.020529
2219.8626,0.020695
2220.0956,0.020871
2220.3286,0.021024
2220.5615,0.021137
2220.7945,0.021218
2221.0274,0.021287
2221.2604,0.021362
2221.4934,0.021442
2221.7263,0.021508
2221.9593,0.021528
2222.1922,0.021477
2222.4252,0.021353
2222.6581,0.021183
2222.8911,0.021016
2223.1241,0.020901
2223.3570,0.020869
2223.5900,0.020918
2223.8229,0.021014
2224.0559,0.021113
2224.2889,0.021175
2224.5218,0.021187
2224.7548,0.021164
2224.9877,0.021138
2225.2207,0.021143
2225.4536,0.021196
2225.6866,0.021295
2225.9196,0.021417
2226.1525,0.021539
2226.3855,0.021645
2226.6184,0.021734
2226.8514,0.021813
2227.0844,0.021887
2227.3173,0.021951
2227.5503,0.021990
2227.7832,0.021981
2228.0162,0.021914
2228.2492,0.021795
2228.4821,0.021652
2228.7151,0.021525
2228.9480,0.021454
2229.1810,0.021462
2229.4139,0.021550
2229.6469,0.021697
2229.8799,0.021872
2230.1128,0.022043
2230.3458,0.022194
2230.5787,0.022319
2230.8117,0.022419
2231.0447,0.022501
2231.2776,0.022564
2231.5106,0.022607
2231.7435,0.022628
2231.9765,0.022627
2232.2094,0.022612
2232.4424,0.022590
2232.6754,0.022568
2232.9083,0.022547
2233.1413,0.022521
2233.3742,0.022483
2233.6072,0.022430
2233.8402,0.022365
2234.0731,0.022300
2234.3061,0.022251
2234.5390,0.022231
2234.7720,0.022247
2235.0050,0.022295
2235.2379,0.022368
2235.4709,0.022454
2235.7038,0.022545
2235.9368,0.022633
2236.1697,0.022710
2236.4027,0.022761
2236.6357,0.022771
2236.8686,0.022727
2237.1016,0.022623
2237.3345,0.022471
2237.5675,0.022294
2237.8005,0.022127
2238.0334,0.022002
2238.2664,0.021939
2238.4993,0.021941
2238.7323,0.021994
2238.9652,0.022074
2239.1982,0.022161
2239.4312,0.022240
2239.6641,0.022301
2239.8971,0.022341
2240.1300,0.022351
2240.3630,0.022321
2240.5960,0.022247
2240.8289,0.022134
2241.0619,0.022006
2241.2948,0.021903
2241.5278,0.021870
2241.7608,0.021943
2241.9937,0.022127
2242.2267,0.022394
2242.4596,0.022689
2242.6926,0.022948
2242.9255,0.023116
2243.1585,0.023170
2243.3915,0.023121
2243.6244,0.023001
2243.8574,0.022850
2244.0903,0.022701
2244.3233,0.022564
2244.5563,0.022437
2244.7892,0.022312
2245.0222,0.022189
2245.2551,0.022077
2245.4881,0.021997
2245.7210,0.021971
2245.9540,0.022009
2246.1870,0.022101
2246.4199,0.022225
2246.6529,0.022351
2246.8858,0.022456
2247.1188,0.022530
2247.3518,0.022576
2247.5847,0.022607
2247.8177,0.022634
2248.0506,0.022664
2248.2836,0.022693
2248.5166,0.022713
2248.7495,0.022720
2248.9825,0.022716
2249.2154,0.022706
2249.4484,0.022704
2249.6813,0.022716
2249.9143,0.022745
2250.1473,0.022787
2250.3802,0.022833
2250.6132,0.022872
2250.8461,0.022897
2251.0791,0.022899
2251.3121,0.022872
2251.5450,0.022813
2251.7780,0.022719
2252.0109,0.022598
2252.2439,0.022465
2252.4768,0.022346
2252.7098,0.022270
2252.9428,0.022260
2253.1757,0.022325
2253.4087,0.022452
2253.6416,0.022613
2253.8746,0.022772
2254.1076,0.022897
2254.3405,0.022971
2254.5735,0.023000
2254.8064,0.023002
2255.0394,0.023001
2255.2724,0.023016
2255.5053,0.023053
2255.7383,0.023106
2255.9712,0.023162
2256.2042,0.023210
2256.4371,0.023245
2256.6701,0.023268
2256.9031,0.023287
2257.1360,0.023310
2257.3690,0.023342
2257.6019,0.023383
2257.8349,0.023433
2258.0679,0.023490
2258.3008,0.023551
2258.5338,0.023612
2258.7667,0.023663
2258.9997,0.023693
2259.2326,0.023687
2259.4656,0.023640
2259.6986,0.023554
2259.9315,0.023450
2260.1645,0.023356
2260.3974,0.023304
2260.6304,0.023317
2260.8634,0.023398
2261.0963,0.023533
2261.3293,0.023688
2261.5622,0.023825
2261.7952,0.023911
2262.0281,0.023929
2262.2611,0.023879
2262.4941,0.023774
2262.7270,0.023639
2262.9600,0.023497
2263.1929,0.023371
2263.4259,0.023278
2263.6589,0.023228
2263.8918,0.023227
2264.1248,0.023274
2264.3577,0.023364
2264.5907,0.023485
2264.8237,0.023623
2265.0566,0.023762
2265.2896,0.023890
2265.5225,0.023996
2265.7555,0.024074
2265.9884,0.024120
2266.2214,0.024131
2266.4544,0.024108
2266.6873,0.024055
2266.9203,0.023981
2267.1532,0.023904
2267.3862,0.023845
2267.6192,0.023821
2267.8521,0.023844
2268.0851,0.023912
2268.3180,0.024010
2268.5510,0.024117
2268.7839,0.024212
2269.0169,0.024284
2269.2499,0.024329
2269.4828,0.024354
2269.7158,0.024370
2269.9487,0.024384
2270.1817,0.024398
2270.4147,0.024408
2270.6476,0.024410
2270.8806,0.024402
2271.1135,0.024388
2271.3465,0.024374
2271.5795,0.024362
2271.8124,0.024350
2272.0454,0.024330
2272.2783,0.024295
2272.5113,0.024241
2272.7442,0.024180
2272.9772,0.024133
2273.2102,0.024126
2273.4431,0.024177
2273.6761,0.024288
2273.9090,0.024444
2274.1420,0.024612
2274.3750,0.024756
2274.6079,0.024853
2274.8409,0.024895
2275.0738,0.024897
2275.3068,0.024885
2275.5397,0.024885
2275.7727,0.024913
2276.0057,0.024968
2276.2386,0.025040
2276.4716,0.025110
2276.7045,0.025166
2276.9375,0.025203
2277.1705,0.025224
2277.4034,0.025237
2277.6364,0.025248
2277.8693,0.025259
2278.1023,0.025272
2278.3353,0.025285
2278.5682,0.025300
2278.8012,0.025319
2279.0341,0.025346
2279.2671,0.025377
2279.5000,0.025406
2279.7330,0.025424
2279.9660,0.025422
2280.1989,0.025400
2280.4319,0.025368
2280.6648,0.025341
2280.8978,0.025336
2281.1308,0.025365
2281.3637,0.025424
2281.5967,0.025500
2281.8296,0.025576
2282.0626,0.025635
2282.2955,0.025671
2282.5285,0.025688
2282.7615,0.025695
2282.9944,0.025704
2283.2274,0.025720
2283.4603,0.025743
2283.6933,0.025767
2283.9263,0.025786
2284.1592,0.025801
2284.3922,0.025813
2284.6251,0.025829
2284.8581,0.025848
2285.0911,0.025867
2285.3240,0.025875
2285.5570,0.025862
2285.7899,0.025823
2286.0229,0.025763
2286.2558,0.025695
2286.4888,0.025635
2286.7218,0.025596
2286.9547,0.025580
2287.1877,0.025578
2287.4206,0.025576
2287.6536,0.025561
2287.8866,0.025526
2288.1195,0.025478
2288.3525,0.025429
2288.5854,0.025395
2288.8184,0.025385
2289.0513,0.025402
2289.2843,0.025438
2289.5173,0.025484
2289.7502,0.025532
2289.9832,0.025578
2290.2161,0.025622
2290.4491,0.025668
2290.6821,0.025715
2290.9150,0.025760
2291.1480,0.025795
2291.3809,0.025816
2291.6139,0.025820
2291.8469,0.025809
2292.0798,0.025791
2292.3128,0.025773
2292.5457,0.025759
2292.7787,0.025749
2293.0116,0.025744
2293.2446,0.025742
2293.4776,0.025744
2293.7105,0.025756
2293.9435,0.025779
2294.1764,0.025814
2294.4094,0.025855
2294.6424,0.025892
2294.8753,0.025914
2295.1083,0.025914
2295.3412,0.025894
2295.5742,0.025861
2295.8071,0.025825
2296.0401,0.025794
2296.2731,0.025769
2296.5060,0.025746
2296.7390,0.025719
2296.9719,0.025682
2297.2049,0.025640
2297.4379,0.025603
2297.6708,0.025580
2297.9038,0.025578
2298.1367,0.025595
2298.3697,0.025615
2298.6027,0.025623
2298.8356,0.025604
2299.0686,0.025557
2299.3015,0.025491
2299.5345,0.025429
2299.7674,0.025393
2300.0004,0.025398
2300.2334,0.025444
2300.4663,0.025520
2300.6993,0.025605
2300.9322,0.025679
2301.1652,0.025727
2301.3982,0.025746
2301.6311,0.025738
2301.8641,0.025713
2302.0970,0.025677
2302.3300,0.025635
2302.5629,0.025588
2302.7959,0.025539
2303.0289,0.025489
2303.2618,0.025445
2303.4948,0.025411
2303.7277,0.025390
2303.9607,0.025383
2304.1937,0.025388
2304.4266,0.025400
2304.6596,0.025419
2304.8925,0.025444
2305.1255,0.025480
2305.3585,0.025528
2305.5914,0.025591
2305.8244,0.025667
2306.0573,0.025750
2306.2903,0.025833
2306.5232,0.025909
2306.7562,0.025973
2306.9892,0.026018
2307.2221,0.026040
2307.4551,0.026036
2307.6880,0.026005
2307.9210,0.025954
2308.1540,0.025895
2308.3869,0.025844
2308.6199,0.025817
2308.8528,0.025822
2309.0858,0.025858
2309.3187,0.025914
2309.5517,0.025977
2309.7847,0.026033
2310.0176,0.026078
2310.2506,0.026120
2310.4835,0.026170
2310.7165,0.026236
2310.9495,0.026317
2311.1824,0.026400
2311.4154,0.026463
2311.6483,0.026490
2311.8813,0.026476
2312.1143,0.026435
2312.3472,0.026396
2312.5802,0.026386
2312.8131,0.026420
2313.0461,0.026487
2313.2790,0.026558
2313.5120,0.026593
2313.7450,0.026567
2313.9779,0.026477
2314.2109,0.026350
2314.4438,0.026233
2314.6768,0.026167
2314.9098,0.026173
2315.1427,0.026242
2315.3757,0.026342
2315.6086,0.026432
2315.8416,0.026480
2316.0745,0.026483
2316.3075,0.026461
2316.5405,0.026450
2316.7734,0.026478
2317.0064,0.026552
2317.2393,0.026658
2317.4723,0.026765
2317.7053,0.026841
2317.9382,0.026872
2318.1712,0.026867
2318.4041,0.026851
2318.6371,0.026853
2318.8701,0.026889
2319.1030,0.026955
2319.3360,0.027030
2319.5689,0.027090
2319.8019,0.027120
2320.0348,0.027125
2320.2678,0.027125
2320.5008,0.027147
2320.7337,0.027204
2320.9667,0.027295
2321.1996,0.027400
2321.4326,0.027494
2321.6656,0.027559
2321.8985,0.027593
2322.1315,0.027611
2322.3644,0.027635
2322.5974,0.027680
2322.8303,0.027745
2323.0633,0.027810
2323.2963,0.027846
2323.5292,0.027832
2323.7622,0.027761
2323.9951,0.027649
2324.2281,0.027521
2324.4611,0.027400
2324.6940,0.027294
2324.9270,0.027190
2325.1599,0.027068
2325.3929,0.026907
2325.6259,0.026705
2325.8588,0.026481
2326.0918,0.026269
2326.3247,0.026105
2326.5577,0.026011
2326.7906,0.025986
2327.0236,0.026013
2327.2566,0.026067
2327.4895,0.026122
2327.7225,0.026166
2327.9554,0.026197
2328.1884,0.026222
2328.4214,0.026244
2328.6543,0.026259
2328.8873,0.026256
2329.1202,0.026222
2329.3532,0.026152
2329.5861,0.026056
2329.8191,0.025957
2330.0521,0.025881
2330.2850,0.025849
2330.5180,0.025862
2330.7509,0.025909
2330.9839,0.025967
2331.2169,0.026014
2331.4498,0.026041
2331.6828,0.026053
2331.9157,0.026066
2332.1487,0.026094
2332.3817,0.026146
2332.6146,0.026211
2332.8476,0.026273
2333.0805,0.026311
2333.3135,0.026315
2333.5464,0.026288
2333.7794,0.026246
2334.0124,0.026209
2334.2453,0.026193
2334.4783,0.026202
2334.7112,0.026230
2334.9442,0.026261
2335.1772,0.026284
2335.4101,0.026294
2335.6431,0.026294
2335.8760,0.026294
2336.1090,0.026302
2336.3419,0.026319
2336.5749,0.026338
2336.8079,0.026350
2337.0408,0.026347
2337.2738,0.026328
2337.5067,0.026301
2337.7397,0.026279
2337.9727,0.026274
2338.2056,0.026291
2338.4386,0.026329
2338.6715,0.026381
2338.9045,0.026436
2339.1375,0.026491
2339.3704,0.026543
2339.6034,0.026596
2339.8363,0.026650
2340.0693,0.026707
2340.3022,0.026762
2340.5352,0.026809
2340.7682,0.026847
2341.0011,0.026876
2341.2341,0.026903
2341.4670,0.026933
2341.7000,0.026970
2341.9330,0.027009
2342.1659,0.027037
2342.3989,0.027044
2342.6318,0.027023
2342.8648,0.026975
2343.0977,0.026916
2343.3307,0.026861
2343.5637,0.026828
2343.7966,0.026821
2344.0296,0.026835
2344.2625,0.026854
2344.4955,0.026860
2344.7285,0.026840
2344.9614,0.026789
2345.1944,0.026714
2345.4273,0.026624
2345.6603,0.026529
2345.8933,0.026435
2346.1262,0.026339
2346.3592,0.026240
2346.5921,0.026133
2346.8251,0.026019
2347.0580,0.025901
2347.2910,0.025782
2347.5240,0.025662
2347.7569,0.025542
2347.9899,0.025416
2348.2228,0.025285
2348.4558,0.025152
2348.6888,0.025025
2348.9217,0.024916
2349.1547,0.024836
2349.3876,0.024791
2349.6206,0.024780
2349.8535,0.024799
2350.0865,0.024836
2350.3195,0.024885
2350.5524,0.024939
2350.7854,0.025000
2351.0183,0.025069
2351.2513,0.025144
2351.4843,0.025220
2351.7172,0.025286
2351.9502,0.025329
2352.1831,0.025340
2352.4161,0.025320
2352.6491,0.025283
2352.8820,0.025248
2353.1150,0.025235
2353.3479,0.025259
2353.5809,0.025318
2353.8138,0.025401
2354.0468,0.025490
2354.2798,0.025572
2354.5127,0.025639
2354.7457,0.025698
2354.9786,0.025759
2355.2116,0.025833
2355.4446,0.025921
2355.6775,0.026014
2355.9105,0.026092
2356.1434,0.026138
2356.3764,0.026142
2356.6093,0.026106
2356.8423,0.026049
2357.0753,0.025994
2357.3082,0.025963
2357.5412,0.025968
2357.7741,0.026010
2358.0071,0.026075
2358.2401,0.026147
2358.4730,0.026206
2358.7060,0.026242
2358.9389,0.026251
2359.1719,0.026238
2359.4049,0.026213
2359.6378,0.026186
2359.8708,0.026168
2360.1037,0.026165
2360.3367,0.026181
2360.5696,0.026212
2360.8026,0.026254
2361.0356,0.026299
2361.2685,0.026339
2361.5015,0.026367
2361.7344,0.026379
2361.9674,0.026376
2362.2004,0.026363
2362.4333,0.026346
2362.6663,0.026328
2362.8992,0.026312
2363.1322,0.026300
2363.3651,0.026291
2363.5981,0.026286
2363.8311,0.026286
2364.0640,0.026295
2364.2970,0.026310
2364.5299,0.026330
2364.7629,0.026345
2364.9959,0.026348
2365.2288,0.026334
2365.4618,0.026302
2365.6947,0.026263
2365.9277,0.026234
2366.1607,0.026230
2366.3936,0.026264
2366.6266,0.026341
2366.8595,0.026453
2367.0925,0.026585
2367.3254,0.026717
2367.5584,0.026834
2367.7914,0.026925
2368.0243,0.026989
2368.2573,0.027026
2368.4902,0.027041
2368.7232,0.027037
2368.9562,0.027017
2369.1891,0.026984
2369.4221,0.026944
2369.6550,0.026903
2369.8880,0.026867
2370.1209,0.026839
2370.3539,0.026819
2370.5869,0.026801
2370.8198,0.026780
2371.0528,0.026750
2371.2857,0.026713
2371.5187,0.026674
2371.7517,0.026640
2371.9846,0.026620
2372.2176,0.026613
2372.4505,0.026615
2372.6835,0.026618
2372.9165,0.026614
2373.1494,0.026598
2373.3824,0.026573
2373.6153,0.026547
2373.8483,0.026529
2374.0812,0.026526
2374.3142,0.026538
2374.5472,0.026561
2374.7801,0.026587
2375.0131,0.026608
2375.2460,0.026619
2375.4790,0.026621
2375.7120,0.026615
2375.9449,0.026604
2376.1779,0.026589
2376.4108,0.026569
2376.6438,0.026542
2376.8767,0.026509
2377.1097,0.026477
2377.3427,0.026454
2377.5756,0.026448
2377.8086,0.026465
2378.0415,0.026501
2378.2745,0.026549
2378.5075,0.026595
2378.7404,0.026626
2378.9734,0.026635
2379.2063,0.026620
2379.4393,0.026588
2379.6723,0.026547
2379.9052,0.026505
2380.1382,0.026466
2380.3711,0.026430
2380.6041,0.026392
2380.8370,0.026348
2381.0700,0.026296
2381.3030,0.026239
2381.5359,0.026181
2381.7689,0.026129
2382.0018,0.026090
2382.2348,0.026065
2382.4678,0.026053
2382.7007,0.026051
2382.9337,0.026053
2383.1666,0.026056
2383.3996,0.026058
2383.6325,0.026056
2383.8655,0.026053
2384.0985,0.026049
2384.3314,0.026046
2384.5644,0.026044
2384.7973,0.026044
2385.0303,0.026047
2385.2633,0.026053
2385.4962,0.026064
2385.7292,0.026080
2385.9621,0.026103
2386.1951,0.026134
2386.4281,0.026175
2386.6610,0.026224
2386.8940,0.026277
2387.1269,0.026331
2387.3599,0.026378
2387.5928,0.026414
2387.8258,0.026436
2388.0588,0.026444
2388.2917,0.026441
2388.5247,0.026432
2388.7576,0.026417
2388.9906,0.026398
2389.2236,0.026372
2389.4565,0.026337
2389.6895,0.026292
2389.9224,0.026244
2390.1554,0.026200
2390.3883,0.026172
2390.6213,0.026168
2390.8543,0.026191
2391.0872,0.026236
2391.3202,0.026294
2391.5531,0.026351
2391.7861,0.026397
2392.0191,0.026425
2392.2520,0.026438
2392.4850,0.026441
2392.7179,0.026441
2392.9509,0.026443
2393.1839,0.026445
2393.4168,0.026443
2393.6498,0.026433
2393.8827,0.026412
2394.1157,0.026381
2394.3486,0.026346
2394.5816,0.026315
2394.8146,0.026295
2395.0475,0.026289
2395.2805,0.026297
2395.5134,0.026317
2395.7464,0.026345
2395.9794,0.026377
2396.2123,0.026408
2396.4453,0.026437
2396.6782,0.026461
2396.9112,0.026475
2397.1441,0.026478
2397.3771,0.026470
2397.6101,0.026453
2397.8430,0.026433
2398.0760,0.026416
2398.3089,0.026407
2398.5419,0.026408
2398.7749,0.026415
2399.0078,0.026426
2399.2408,0.026436
2399.4737,0.026442
2399.7067,0.026444
2399.9396,0.026443
2400.1726,0.026440
2400.4056,0.026433
2400.6385,0.026421
2400.8715,0.026399
2401.1044,0.026365
2401.3374,0.026322
2401.5704,0.026276
2401.8033,0.026237
2402.0363,0.026214
2402.2692,0.026212
2402.5022,0.026231
2402.7352,0.026264
2402.9681,0.026303
2403.2011,0.026338
2403.4340,0.026363
2403.6670,0.026377
2403.8999,0.026383
2404.1329,0.026385
2404.3659,0.026385
2404.5988,0.026386
2404.8318,0.026388
2405.0647,0.026389
2405.2977,0.026390
2405.5307,0.026393
2405.7636,0.026400
2405.9966,0.026411
2406.2295,0.026427
2406.4625,0.026447
2406.6954,0.026469
2406.9284,0.026492
2407.1614,0.026518
2407.3943,0.026547
2407.6273,0.026582
2407.8602,0.026620
2408.0932,0.026655
2408.3262,0.026681
2408.5591,0.026689
2408.7921,0.026674
2409.0250,0.026637
2409.2580,0.026585
2409.4910,0.026528
2409.7239,0.026479
2409.9569,0.026445
2410.1898,0.026431
2410.4228,0.026437
2410.6557,0.026455
2410.8887,0.026482
2411.1217,0.026510
2411.3546,0.026539
2411.5876,0.026570
2411.8205,0.026604
2412.0535,0.026642
2412.2865,0.026685
2412.5194,0.026730
2412.7524,0.026772
2412.9853,0.026807
2413.2183,0.026833
2413.4512,0.026847
2413.6842,0.026854
2413.9172,0.026858
2414.1501,0.026865
2414.3831,0.026881
2414.6160,0.026907
2414.8490,0.026941
2415.0820,0.026975
2415.3149,0.026997
2415.5479,0.026995
2415.7808,0.026960
2416.0138,0.026887
2416.2468,0.026783
2416.4797,0.026659
2416.7127,0.026532
2416.9456,0.026423
2417.1786,0.026344
2417.4115,0.026306
2417.6445,0.026308
2417.8775,0.026344
2418.1104,0.026403
2418.3434,0.026475
2418.5763,0.026548
2418.8093,0.026615
2419.0423,0.026673
2419.2752,0.026720
2419.5082,0.026754
2419.7411,0.026778
2419.9741,0.026791
2420.2070,0.026794
2420.4400,0.026787
2420.6730,0.026771
2420.9059,0.026747
2421.1389,0.026719
2421.3718,0.026688
2421.6048,0.026657
2421.8378,0.026629
2422.0707,0.026607
2422.3037,0.026593
2422.5366,0.026590
2422.7696,0.026599
2423.0026,0.026623
2423.2355,0.026663
2423.4685,0.026720
2423.7014,0.026791
2423.9344,0.026873
2424.1673,0.026956
2424.4003,0.027031
2424.6333,0.027087
2424.8662,0.027116
2425.0992,0.027116
2425.3321,0.027092
2425.5651,0.027051
2425.7981,0.027005
2426.0310,0.026965
2426.2640,0.026939
2426.4969,0.026928
2426.7299,0.026933
2426.9628,0.026950
2427.1958,0.026976
2427.4288,0.027007
2427.6617,0.027042
2427.8947,0.027078
2428.1276,0.027112
2428.3606,0.027141
2428.5936,0.027164
2428.8265,0.027179
2429.0595,0.027188
2429.2924,0.027195
2429.5254,0.027203
2429.7584,0.027212
2429.9913,0.027222
2430.2243,0.027227
2430.4572,0.027221
2430.6902,0.027203
2430.9231,0.027171
2431.1561,0.027134
2431.3891,0.027098
2431.6220,0.027074
2431.8550,0.027066
2432.0879,0.027073
2432.3209,0.027091
2432.5539,0.027112
2432.7868,0.027130
2433.0198,0.027144
2433.2527,0.027154
2433.4857,0.027164
2433.7186,0.027178
2433.9516,0.027197
2434.1846,0.027219
2434.4175,0.027240
2434.6505,0.027261
2434.8834,0.027280
2435.1164,0.027301
2435.3494,0.027330
2435.5823,0.027368
2435.8153,0.027416
2436.0482,0.027467
2436.2812,0.027512
2436.5142,0.027542
2436.7471,0.027553
2436.9801,0.027545
2437.2130,0.027524
2437.4460,0.027498
2437.6789,0.027478
2437.9119,0.027470
2438.1449,0.027478
2438.3778,0.027499
2438.6108,0.027529
2438.8437,0.027560
2439.0767,0.027586
2439.3097,0.027600
2439.5426,0.027599
2439.7756,0.027578
2440.0085,0.027538
2440.2415,0.027483
2440.4744,0.027418
2440.7074,0.027353
2440.9404,0.027294
2441.1733,0.027249
2441.4063,0.027221
2441.6392,0.027210
2441.8722,0.027212
2442.1052,0.027224
2442.3381,0.027243
2442.5711,0.027268
2442.8040,0.027299
2443.0370,0.027339
2443.2700,0.027386
2443.5029,0.027439
2443.7359,0.027495
2443.9688,0.027547
2444.2018,0.027591
2444.4347,0.027621
2444.6677,0.027635
2444.9007,0.027630
2445.1336,0.027604
2445.3666,0.027558
2445.5995,0.027493
2445.8325,0.027411
2446.0655,0.027321
2446.2984,0.027230
2446.5314,0.027148
2446.7643,0.027086
2446.9973,0.027050
2447.2302,0.027042
2447.4632,0.027062
2447.6962,0.027101
2447.9291,0.027153
2448.1621,0.027207
2448.3950,0.027256
2448.6280,0.027295
2448.8610,0.027325
2449.0939,0.027347
2449.3269,0.027366
2449.5598,0.027385
2449.7928,0.027408
2450.0258,0.027432
2450.2587,0.027454
2450.4917,0.027468
2450.7246,0.027467
2450.9576,0.027450
2451.1905,0.027416
2451.4235,0.027373
2451.6565,0.027330
2451.8894,0.027298
2452.1224,0.027285
2452.3553,0.027295
2452.5883,0.027329
2452.8213,0.027381
2453.0542,0.027442
2453.2872,0.027505
2453.5201,0.027562
2453.7531,0.027609
2453.9860,0.027643
2454.2190,0.027662
2454.4520,0.027668
2454.6849,0.027662
2454.9179,0.027647
2455.1508,0.027625
2455.3838,0.027600
2455.6168,0.027576
2455.8497,0.027556
2456.0827,0.027541
2456.3156,0.027532
2456.5486,0.027529
2456.7816,0.027534
2457.0145,0.027547
2457.2475,0.027572
2457.4804,0.027607
2457.7134,0.027652
2457.9463,0.027704
2458.1793,0.027759
2458.4123,0.027812
2458.6452,0.027859
2458.8782,0.027900
2459.1111,0.027934
2459.3441,0.027959
2459.5771,0.027975
2459.8100,0.027975
2460.0430,0.027958
2460.2759,0.027919
2460.5089,0.027861
2460.7418,0.027790
2460.9748,0.027715
2461.2078,0.027646
2461.4407,0.027592
2461.6737,0.027557
2461.9066,0.027542
2462.1396,0.027544
2462.3726,0.027560
2462.6055,0.027590
2462.8385,0.027636
2463.0714,0.027703
2463.3044,0.027790
2463.5374,0.027895
2463.7703,0.028008
2464.0033,0.028113
2464.2362,0.028192
2464.4692,0.028229
2464.7021,0.028217
2464.9351,0.028157
2465.1681,0.028057
2465.4010,0.027937
2465.6340,0.027815
2465.8669,0.027712
2466.0999,0.027643
2466.3329,0.027615
2466.5658,0.027626
2466.7988,0.027667
2467.0317,0.027724
2467.2647,0.027781
2467.4976,0.027826
2467.7306,0.027850
2467.9636,0.027853
2468.1965,0.027839
2468.4295,0.027817
2468.6624,0.027793
2468.8954,0.027773
2469.1284,0.027755
2469.3613,0.027739
2469.5943,0.027722
2469.8272,0.027705
2470.0602,0.027688
2470.2932,0.027679
2470.5261,0.027680
2470.7591,0.027693
2470.9920,0.027716
2471.2250,0.027743
2471.4579,0.027768
2471.6909,0.027787
2471.9239,0.027798
2472.1568,0.027803
2472.3898,0.027805
2472.6227,0.027804
2472.8557,0.027800
2473.0887,0.027791
2473.3216,0.027777
2473.5546,0.027761
2473.7875,0.027748
2474.0205,0.027748
2474.2534,0.027765
2474.4864,0.027800
2474.7194,0.027848
2474.9523,0.027895
2475.1853,0.027931
2475.4182,0.027945
2475.6512,0.027937
2475.8842,0.027914
2476.1171,0.027888
2476.3501,0.027868
2476.5830,0.027860
2476.8160,0.027863
2477.0490,0.027868
2477.2819,0.027868
2477.5149,0.027858
2477.7478,0.027840
2477.9808,0.027820
2478.2137,0.027807
2478.4467,0.027806
2478.6797,0.027818
2478.9126,0.027840
2479.1456,0.027868
2479.3785,0.027900
2479.6115,0.027935
2479.8445,0.027977
2480.0774,0.028029
2480.3104,0.028090
2480.5433,0.028155
2480.7763,0.028213
2481.0092,0.028255
2481.2422,0.028271
2481.4752,0.028262
2481.7081,0.028232
2481.9411,0.028190
2482.1740,0.028145
2482.4070,0.028104
2482.6400,0.028073
2482.8729,0.028053
2483.1059,0.028045
2483.3388,0.028050
2483.5718,0.028070
2483.8048,0.028105
2484.0377,0.028149
2484.2707,0.028196
2484.5036,0.028234
2484.7366,0.028254
2484.9695,0.028251
2485.2025,0.028227
2485.4355,0.028191
2485.6684,0.028156
2485.9014,0.028131
2486.1343,0.028124
2486.3673,0.028134
2486.6003,0.028158
2486.8332,0.028190
2487.0662,0.028225
2487.2991,0.028260
2487.5321,0.028296
2487.7650,0.028330
2487.9980,0.028361
2488.2310,0.028384
2488.4639,0.028396
2488.6969,0.028395
2488.9298,0.028382
2489.1628,0.028361
2489.3958,0.028339
2489.6287,0.028319
2489.8617,0.028306
2490.0946,0.028299
2490.3276,0.028297
2490.5606,0.028299
2490.7935,0.028306
2491.0265,0.028322
2491.2594,0.028348
2491.4924,0.028382
2491.7253,0.028420
2491.9583,0.028455
2492.1913,0.028481
2492.4242,0.028494
2492.6572,0.028498
2492.8901,0.028498
2493.1231,0.028503
2493.3561,0.028516
2493.5890,0.028537
2493.8220,0.028557
2494.0549,0.028571
2494.2879,0.028571
2494.5208,0.028560
2494.7538,0.028547
2494.9868,0.028543
2495.2197,0.028560
2495.4527,0.028603
2495.6856,0.028667
2495.9186,0.028740
2496.1516,0.028807
2496.3845,0.028856
2496.6175,0.028882
2496.8504,0.028889
2497.0834,0.028884
2497.3164,0.028878
2497.5493,0.028877
2497.7823,0.028884
2498.0152,0.028894
2498.2482,0.028903
2498.4811,0.028907
2498.7141,0.028907
2498.9471,0.028903
2499.1800,0.028902
2499.4130,0.028906
2499.6459,0.028916
2499.8789,0.028927
2500.1119,0.028934
2500.3448,0.028932
2500.5778,0.028918
2500.8107,0.028891
2501.0437,0.028855
2501.2766,0.028816
2501.5096,0.028782
2501.7426,0.028758
2501.9755,0.028749
2502.2085,0.028758
2502.4414,0.028784
2502.6744,0.028825
2502.9074,0.028878
2503.1403,0.028937
2503.3733,0.028998
2503.6062,0.029055
2503.8392,0.029104
2504.0722,0.029145
2504.3051,0.029178
2504.5381,0.029203
2504.7710,0.029223
2505.0040,0.029240
2505.2369,0.029252
2505.4699,0.029258
2505.7029,0.029254
2505.9358,0.029235
2506.1688,0.029200
2506.4017,0.029150
2506.6347,0.029090
2506.8677,0.029031
2507.1006,0.028985
2507.3336,0.028962
2507.5665,0.028966
2507.7995,0.028997
2508.0324,0.029043
2508.2654,0.029094
2508.4984,0.029136
2508.7313,0.029165
2508.9643,0.029181
2509.1972,0.029194
2509.4302,0.029215
2509.6632,0.029254
2509.8961,0.029309
2510.1291,0.029374
2510.3620,0.029431
2510.5950,0.029463
2510.8280,0.029457
2511.0609,0.029410
2511.2939,0.029330
2511.5268,0.029231
2511.7598,0.029133
2511.9927,0.029051
2512.2257,0.028991
2512.4587,0.028957
2512.6916,0.028942
2512.9246,0.028941
2513.1575,0.028947
2513.3905,0.028958
2513.6235,0.028972
2513.8564,0.028989
2514.0894,0.029007
2514.3223,0.029026
2514.5553,0.029043
2514.7882,0.029058
2515.0212,0.029072
2515.2542,0.029088
2515.4871,0.029111
2515.7201,0.029146
2515.9530,0.029196
2516.1860,0.029262
2516.4190,0.029341
2516.6519,0.029428
2516.8849,0.029515
2517.1178,0.029595
2517.3508,0.029658
2517.5838,0.029698
2517.8167,0.029716
2518.0497,0.029712
2518.2826,0.029696
2518.5156,0.029676
2518.7485,0.029661
2518.9815,0.029652
2519.2145,0.029649
2519.4474,0.029643
2519.6804,0.029626
2519.9133,0.029595
2520.1463,0.029550
2520.3793,0.029500
2520.6122,0.029458
2520.8452,0.029434
2521.0781,0.029435
2521.3111,0.029459
2521.5440,0.029497
2521.7770,0.029537
2522.0100,0.029571
2522.2429,0.029592
2522.4759,0.029602
2522.7088,0.029605
2522.9418,0.029608
2523.1748,0.029615
2523.4077,0.029627
2523.6407,0.029645
2523.8736,0.029668
2524.1066,0.029697
2524.3396,0.029733
2524.5725,0.029775
2524.8055,0.029820
2525.0384,0.029861
2525.2714,0.029887
2525.5043,0.029892
2525.7373,0.029874
2525.9703,0.029840
2526.2032,0.029805
2526.4362,0.029785
2526.6691,0.029792
2526.9021,0.029833
2527.1351,0.029900
2527.3680,0.029981
2527.6010,0.030057
2527.8339,0.030113
2528.0669,0.030141
2528.2998,0.030139
2528.5328,0.030115
2528.7658,0.030079
2528.9987,0.030039
2529.2317,0.030005
2529.4646,0.029982
2529.6976,0.029972
2529.9306,0.029976
2530.1635,0.029990
2530.3965,0.030008
2530.6294,0.030023
2530.8624,0.030026
2531.0954,0.030010
2531.3283,0.029977
2531.5613,0.029930
2531.7942,0.029881
2532.0272,0.029841
2532.2601,0.029822
2532.4931,0.029828
2532.7261,0.029858
2532.9590,0.029905
2533.1920,0.029963
2533.4249,0.030022
2533.6579,0.030078
2533.8909,0.030130
2534.1238,0.030177
2534.3568,0.030218
2534.5897,0.030252
2534.8227,0.030281
2535.0556,0.030306
2535.2886,0.030332
2535.5216,0.030364
2535.7545,0.030405
2535.9875,0.030456
2536.2204,0.030510
2536.4534,0.030558
2536.6864,0.030590
2536.9193,0.030598
2537.1523,0.030581
2537.3852,0.030545
2537.6182,0.030500
2537.8511,0.030455
2538.0841,0.030421
2538.3171,0.030399
2538.5500,0.030390
2538.7830,0.030396
2539.0159,0.030415
2539.2489,0.030451
2539.4819,0.030504
2539.7148,0.030571
2539.9478,0.030645
2540.1807,0.030715
2540.4137,0.030765
2540.6467,0.030787
2540.8796,0.030776
2541.1126,0.030736
2541.3455,0.030678
2541.5785,0.030614
2541.8114,0.030554
2542.0444,0.030504
2542.2774,0.030466
2542.5103,0.030439
2542.7433,0.030425
2542.9762,0.030426
2543.2092,0.030447
2543.4422,0.030490
2543.6751,0.030555
2543.9081,0.030634
2544.1410,0.030715
2544.3740,0.030789
2544.6069,0.030846
2544.8399,0.030884
2545.0729,0.030907
2545.3058,0.030921
2545.5388,0.030933
2545.7717,0.030946
2546.0047,0.030961
2546.2377,0.030974
2546.4706,0.030985
2546.7036,0.030993
2546.9365,0.030999
2547.1695,0.031006
2547.4025,0.031017
2547.6354,0.031030
2547.8684,0.031045
2548.1013,0.031059
2548.3343,0.031069
2548.5672,0.031076
2548.8002,0.031082
2549.0332,0.031088
2549.2661,0.031097
2549.4991,0.031106
2549.7320,0.031113
2549.9650,0.031117
2550.1980,0.031118
2550.4309,0.031116
2550.6639,0.031118
2550.8968,0.031128
2551.1298,0.031150
2551.3627,0.031184
2551.5957,0.031226
2551.8287,0.031270
2552.0616,0.031308
2552.2946,0.031337
2552.5275,0.031354
2552.7605,0.031358
2552.9935,0.031355
2553.2264,0.031347
2553.4594,0.031340
2553.6923,0.031336
2553.9253,0.031337
2554.1583,0.031342
2554.3912,0.031345
2554.6242,0.031343
2554.8571,0.031332
2555.0901,0.031312
2555.3230,0.031287
2555.5560,0.031263
2555.7890,0.031250
2556.0219,0.031254
2556.2549,0.031275
2556.4878,0.031310
2556.7208,0.031348
2556.9538,0.031381
2557.1867,0.031404
2557.4197,0.031418
2557.6526,0.031432
2557.8856,0.031458
2558.1185,0.031504
2558.3515,0.031571
2558.5845,0.031650
2558.8174,0.031725
2559.0504,0.031777
2559.2833,0.031794
2559.5163,0.031773
2559.7493,0.031724
2559.9822,0.031662
2560.2152,0.031606
2560.4481,0.031567
2560.6811,0.031553
2560.9141,0.031559
2561.1470,0.031579
2561.3800,0.031601
2561.6129,0.031617
2561.8459,0.031617
2562.0788,0.031598
2562.3118,0.031556
2562.5448,0.031492
2562.7777,0.031411
2563.0107,0.031321
2563.2436,0.031238
2563.4766,0.031173
2563.7096,0.031141
2563.9425,0.031144
2564.1755,0.031182
2564.4084,0.031243
2564.6414,0.031315
2564.8743,0.031387
2565.1073,0.031449
2565.3403,0.031500
2565.5732,0.031539
2565.8062,0.031567
2566.0391,0.031583
2566.2721,0.031585
2566.5051,0.031570
2566.7380,0.031538
2566.9710,0.031493
2567.2039,0.031442
2567.4369,0.031392
2567.6699,0.031350
2567.9028,0.031320
2568.1358,0.031300
2568.3687,0.031289
2568.6017,0.031287
2568.8346,0.031294
2569.0676,0.031312
2569.3006,0.031338
2569.5335,0.031367
2569.7665,0.031390
2569.9994,0.031393
2570.2324,0.031371
2570.4654,0.031322
2570.6983,0.031261
2570.9313,0.031204
2571.1642,0.031173
2571.3972,0.031181
2571.6301,0.031225
2571.8631,0.031294
2572.0961,0.031363
2572.3290,0.031410
2572.5620,0.031420
2572.7949,0.031394
2573.0279,0.031342
2573.2609,0.031282
2573.4938,0.031233
2573.7268,0.031204
2573.9597,0.031196
2574.1927,0.031204
2574.4257,0.031219
2574.6586,0.031235
2574.8916,0.031249
2575.1245,0.031265
2575.3575,0.031284
2575.5904,0.031309
2575.8234,0.031339
2576.0564,0.031368
2576.2893,0.031391
2576.5223,0.031405
2576.7552,0.031408
2576.9882,0.031402
2577.2212,0.031392
2577.4541,0.031382
2577.6871,0.031376
2577.9200,0.031375
2578.1530,0.031380
2578.3859,0.031390
2578.6189,0.031405
2578.8519,0.031422
2579.0848,0.031438
2579.3178,0.031453
2579.5507,0.031464
2579.7837,0.031470
2580.0167,0.031472
2580.2496,0.031468
2580.4826,0.031457
2580.7155,0.031435
2580.9485,0.031400
2581.1815,0.031352
2581.4144,0.031295
2581.6474,0.031240
2581.8803,0.031202
2582.1133,0.031195
2582.3462,0.031228
2582.5792,0.031299
2582.8122,0.031394
2583.0451,0.031493
2583.2781,0.031573
2583.5110,0.031618
2583.7440,0.031625
2583.9770,0.031601
2584.2099,0.031560
2584.4429,0.031521
2584.6758,0.031493
2584.9088,0.031480
2585.1417,0.031478
2585.3747,0.031478
2585.6077,0.031475
2585.8406,0.031467
2586.0736,0.031458
2586.3065,0.031452
2586.5395,0.031451
2586.7725,0.031455
2587.0054,0.031458
2587.2384,0.031454
2587.4713,0.031440
2587.7043,0.031419
2587.9373,0.031400
2588.1702,0.031394
2588.4032,0.031409
2588.6361,0.031452
2588.8691,0.031517
2589.1020,0.031598
2589.3350,0.031681
2589.5680,0.031755
2589.8009,0.031813
2590.0339,0.031852
2590.2668,0.031874
2590.4998,0.031886
2590.7328,0.031897
2590.9657,0.031917
2591.1987,0.031956
2591.4316,0.032019
2591.6646,0.032105
2591.8975,0.032206
2592.1305,0.032308
2592.3635,0.032394
2592.5964,0.032449
2592.8294,0.032465
2593.0623,0.032445
2593.2953,0.032400
2593.5283,0.032348
2593.7612,0.032308
2593.9942,0.032292
2594.2271,0.032307
2594.4601,0.032347
2594.6931,0.032403
2594.9260,0.032463
2595.1590,0.032515
2595.3919,0.032550
2595.6249,0.032565
2595.8578,0.032560
2596.0908,0.032539
2596.3238,0.032506
2596.5567,0.032472
2596.7897,0.032444
2597.0226,0.032431
2597.2556,0.032437
2597.4886,0.032465
2597.7215,0.032510
2597.9545,0.032565
2598.1874,0.032621
2598.4204,0.032671
2598.6533,0.032711
2598.8863,0.032739
2599.1193,0.032757
2599.3522,0.032767
2599.5852,0.032771
2599.8181,0.032773
2600.0511,0.032777
2600.2841,0.032789
2600.5170,0.032814
2600.7500,0.032857
2600.9829,0.032921
2601.2159,0.032999
2601.4489,0.033081
2601.6818,0.033152
2601.9148,0.033201
2602.1477,0.033219
2602.3807,0.033207
2602.6136,0.033173
2602.8466,0.033130
2603.0796,0.033088
2603.3125,0.033055
2603.5455,0.033033
2603.7784,0.033023
2604.0114,0.033021
2604.2444,0.033028
2604.4773,0.033043
2604.7103,0.033066
2604.9432,0.033098
2605.1762,0.033131
2605.4091,0.033160
2605.6421,0.033177
2605.8751,0.033178
2606.1080,0.033166
2606.3410,0.033147
2606.5739,0.033133
2606.8069,0.033130
2607.0399,0.033144
2607.2728,0.033173
2607.5058,0.033211
2607.7387,0.033250
2607.9717,0.033285
2608.2047,0.033312
2608.4376,0.033332
2608.6706,0.033345
2608.9035,0.033352
2609.1365,0.033353
2609.3694,0.033348
2609.6024,0.033337
2609.8354,0.033325
2610.0683,0.033316
2610.3013,0.033315
2610.5342,0.033324
2610.7672,0.033342
2611.0002,0.033363
2611.2331,0.033380
2611.4661,0.033389
2611.6990,0.033387
2611.9320,0.033379
2612.1649,0.033368
2612.3979,0.033363
2612.6309,0.033369
2612.8638,0.033388
2613.0968,0.033420
2613.3297,0.033464
2613.5627,0.033517
2613.7957,0.033576
2614.0286,0.033634
2614.2616,0.033684
2614.4945,0.033717
2614.7275,0.033726
2614.9605,0.033709
2615.1934,0.033670
2615.4264,0.033619
2615.6593,0.033570
2615.8923,0.033534
2616.1252,0.033516
2616.3582,0.033512
2616.5912,0.033513
2616.8241,0.033507
2617.0571,0.033491
2617.2900,0.033465
2617.5230,0.033440
2617.7560,0.033430
2617.9889,0.033445
2618.2219,0.033489
2618.4548,0.033557
2618.6878,0.033638
2618.9207,0.033718
2619.1537,0.033789
2619.3867,0.033847
2619.6196,0.033892
2619.8526,0.033926
2620.0855,0.033952
2620.3185,0.033965
2620.5515,0.033963
2620.7844,0.033944
2621.0174,0.033909
2621.2503,0.033869
2621.4833,0.033833
2621.7163,0.033813
2621.9492,0.033816
2622.1822,0.033843
2622.4151,0.033885
2622.6481,0.033935
2622.8810,0.033981
2623.1140,0.034019
2623.3470,0.034046
2623.5799,0.034063
2623.8129,0.034074
2624.0458,0.034079
2624.2788,0.034082
2624.5118,0.034083
2624.7447,0.034085
2624.9777,0.034093
2625.2106,0.034111
2625.4436,0.034138
2625.6765,0.034171
2625.9095,0.034205
2626.1425,0.034231
2626.3754,0.034245
2626.6084,0.034247
2626.8413,0.034244
2627.0743,0.034244
2627.3073,0.034253
2627.5402,0.034276
2627.7732,0.034308
2628.0061,0.034341
2628.2391,0.034365
2628.4721,0.034375
2628.7050,0.034372
2628.9380,0.034364
2629.1709,0.034360
2629.4039,0.034369
2629.6368,0.034394
2629.8698,0.034430
2630.1028,0.034469
2630.3357,0.034500
2630.5687,0.034516
2630.8016,0.034512
2631.0346,0.034491
2631.2676,0.034460
2631.5005,0.034427
2631.7335,0.034400
2631.9664,0.034383
2632.1994,0.034379
2632.4323,0.034390
2632.6653,0.034413
2632.8983,0.034445
2633.1312,0.034483
2633.3642,0.034522
2633.5971,0.034557
2633.8301,0.034585
2634.0631,0.034604
2634.2960,0.034615
2634.5290,0.034617
2634.7619,0.034611
2634.9949,0.034597
2635.2279,0.034574
2635.4608,0.034544
2635.6938,0.034508
2635.9267,0.034472
2636.1597,0.034441
2636.3926,0.034421
2636.6256,0.034416
2636.8586,0.034425
2637.0915,0.034446
2637.3245,0.034473
2637.5574,0.034503
2637.7904,0.034532
2638.0234,0.034562
2638.2563,0.034590
2638.4893,0.034617
2638.7222,0.034640
2638.9552,0.034652
2639.1881,0.034648
2639.4211,0.034625
2639.6541,0.034582
2639.8870,0.034524
2640.1200,0.034458
2640.3529,0.034394
2640.5859,0.034337
2640.8189,0.034293
2641.0518,0.034264
2641.2848,0.034248
2641.5177,0.034243
2641.7507,0.034247
2641.9837,0.034258
2642.2166,0.034275
2642.4496,0.034296
2642.6825,0.034317
2642.9155,0.034338
2643.1484,0.034354
2643.3814,0.034363
2643.6144,0.034363
2643.8473,0.034351
2644.0803,0.034326
2644.3132,0.034288
2644.5462,0.034239
2644.7792,0.034186
2645.0121,0.034136
2645.2451,0.034098
2645.4780,0.034080
2645.7110,0.034083
2645.9439,0.034103
2646.1769,0.034133
2646.4099,0.034160
2646.6428,0.034179
2646.8758,0.034184
2647.1087,0.034179
2647.3417,0.034170
2647.5747,0.034162
2647.8076,0.034159
2648.0406,0.034160
2648.2735,0.034163
2648.5065,0.034163
2648.7395,0.034160
2648.9724,0.034157
2649.2054,0.034157
2649.4383,0.034164
2649.6713,0.034178
2649.9042,0.034197
2650.1372,0.034212
2650.3702,0.034218
2650.6031,0.034212
2650.8361,0.034196
2651.0690,0.034177
2651.3020,0.034162
2651.5350,0.034157
2651.7679,0.034158
2652.0009,0.034159
2652.2338,0.034153
2652.4668,0.034132
2652.6997,0.034097
2652.9327,0.034054
2653.1657,0.034011
2653.3986,0.033976
2653.6316,0.033954
2653.8645,0.033943
2654.0975,0.033937
2654.3305,0.033930
2654.5634,0.033920
2654.7964,0.033909
2655.0293,0.033902
2655.2623,0.033903
2655.4953,0.033913
2655.7282,0.033927
2655.9612,0.033938
2656.1941,0.033938
2656.4271,0.033921
2656.6600,0.033888
2656.8930,0.033846
2657.1260,0.033805
2657.3589,0.033770
2657.5919,0.033747
2657.8248,0.033734
2658.0578,0.033728
2658.2908,0.033726
2658.5237,0.033724
2658.7567,0.033724
2658.9896,0.033728
2659.2226,0.033737
2659.4555,0.033753
2659.6885,0.033773
2659.9215,0.033794
2660.1544,0.033814
2660.3874,0.033829
2660.6203,0.033839
2660.8533,0.033842
2661.0863,0.033837
2661.3192,0.033824
2661.5522,0.033799
2661.7851,0.033763
2662.0181,0.033718
2662.2511,0.033667
2662.4840,0.033615
2662.7170,0.033569
2662.9499,0.033532
2663.1829,0.033505
2663.4158,0.033489
2663.6488,0.033483
2663.8818,0.033483
2664.1147,0.033491
2664.3477,0.033503
2664.5806,0.033518
2664.8136,0.033531
2665.0466,0.033539
2665.2795,0.033537
2665.5125,0.033526
2665.7454,0.033511
2665.9784,0.033498
2666.2113,0.033495
2666.4443,0.033506
2666.6773,0.033530
2666.9102,0.033562
2667.1432,0.033591
2667.3761,0.033609
2667.6091,0.033612
2667.8421,0.033600
2668.0750,0.033580
2668.3080,0.033557
2668.5409,0.033539
2668.7739,0.033528
2669.0069,0.033524
2669.2398,0.033524
2669.4728,0.033525
2669.7057,0.033526
2669.9387,0.033527
2670.1716,0.033528
2670.4046,0.033528
2670.6376,0.033524
2670.8705,0.033514
2671.1035,0.033497
2671.3364,0.033476
2671.5694,0.033457
2671.8024,0.033448
2672.0353,0.033455
2672.2683,0.033479
2672.5012,0.033517
2672.7342,0.033558
2672.9671,0.033593
2673.2001,0.033615
2673.4331,0.033622
2673.6660,0.033618
2673.8990,0.033612
2674.1319,0.033612
2674.3649,0.033623
2674.5979,0.033646
2674.8308,0.033675
2675.0638,0.033706
2675.2967,0.033733
2675.5297,0.033753
2675.7626,0.033765
2675.9956,0.033770
2676.2286,0.033771
2676.4615,0.033769
2676.6945,0.033764
2676.9274,0.033758
2677.1604,0.033749
2677.3934,0.033739
2677.6263,0.033727
2677.8593,0.033713
2678.0922,0.033695
2678.3252,0.033675
2678.5582,0.033652
2678.7911,0.033631
2679.0241,0.033617
2679.2570,0.033615
2679.4900,0.033627
2679.7229,0.033652
2679.9559,0.033685
2680.1889,0.033718
2680.4218,0.033742
2680.6548,0.033754
2680.8877,0.033754
2681.1207,0.033745
2681.3537,0.033733
2681.5866,0.033723
2681.8196,0.033716
2682.0525,0.033712
2682.2855,0.033708
2682.5184,0.033702
2682.7514,0.033697
2682.9844,0.033693
2683.2173,0.033695
2683.4503,0.033706
2683.6832,0.033725
2683.9162,0.033752
2684.1492,0.033784
2684.3821,0.033820
2684.6151,0.033859
2684.8480,0.033902
2685.0810,0.033949
2685.3140,0.033997
2685.5469,0.034041
2685.7799,0.034075
2686.0128,0.034092
2686.2458,0.034088
2686.4787,0.034064
2686.7117,0.034024
2686.9447,0.033978
2687.1776,0.033933
2687.4106,0.033895
2687.6435,0.033866
2687.8765,0.033847
2688.1095,0.033833
2688.3424,0.033824
2688.5754,0.033819
2688.8083,0.033819
2689.0413,0.033825
2689.2742,0.033837
2689.5072,0.033854
2689.7402,0.033874
2689.9731,0.033895
2690.2061,0.033917
2690.4390,0.033940
2690.6720,0.033967
2690.9050,0.034000
2691.1379,0.034037
2691.3709,0.034075
2691.6038,0.034109
2691.8368,0.034134
2692.0698,0.034145
2692.3027,0.034141
2692.5357,0.034125
2692.7686,0.034103
2693.0016,0.034082
2693.2345,0.034069
2693.4675,0.034070
2693.7005,0.034088
2693.9334,0.034120
2694.1664,0.034164
2694.3993,0.034212
2694.6323,0.034256
2694.8653,0.034289
2695.0982,0.034307
2695.3312,0.034308
2695.5641,0.034294
2695.7971,0.034267
2696.0300,0.034233
2696.2630,0.034196
2696.4960,0.034157
2696.7289,0.034121
2696.9619,0.034091
2697.1948,0.034069
2697.4278,0.034060
2697.6608,0.034069
2697.8937,0.034095
2698.1267,0.034135
2698.3596,0.034184
2698.5926,0.034232
2698.8256,0.034269
2699.0585,0.034290
2699.2915,0.034293
2699.5244,0.034281
2699.7574,0.034261
2699.9903,0.034239
2700.2233,0.034221
2700.4563,0.034212
2700.6892,0.034214
2700.9222,0.034225
2701.1551,0.034248
2701.3881,0.034278
2701.6211,0.034314
2701.8540,0.034349
2702.0870,0.034376
2702.3199,0.034387
2702.5529,0.034379
2702.7858,0.034350
2703.0188,0.034310
2703.2518,0.034268
2703.4847,0.034236
2703.7177,0.034222
2703.9506,0.034230
2704.1836,0.034254
2704.4166,0.034287
2704.6495,0.034319
2704.8825,0.034345
2705.1154,0.034363
2705.3484,0.034378
2705.5814,0.034394
2705.8143,0.034414
2706.0473,0.034438
2706.2802,0.034463
2706.5132,0.034482
2706.7461,0.034491
2706.9791,0.034490
2707.2121,0.034482
2707.4450,0.034472
2707.6780,0.034466
2707.9109,0.034468
2708.1439,0.034479
2708.3769,0.034497
2708.6098,0.034520
2708.8428,0.034545
2709.0757,0.034570
2709.3087,0.034593
2709.5416,0.034614
2709.7746,0.034632
2710.0076,0.034645
2710.2405,0.034651
2710.4735,0.034653
2710.7064,0.034651
2710.9394,0.034647
2711.1724,0.034644
2711.4053,0.034642
2711.6383,0.034640
2711.8712,0.034637
2712.1042,0.034634
2712.3372,0.034630
2712.5701,0.034628
2712.8031,0.034632
2713.0360,0.034644
2713.2690,0.034666
2713.5019,0.034694
2713.7349,0.034725
2713.9679,0.034755
2714.2008,0.034778
2714.4338,0.034792
2714.6667,0.034798
2714.8997,0.034796
2715.1327,0.034787
2715.3656,0.034772
2715.5986,0.034753
2715.8315,0.034732
2716.0645,0.034712
2716.2974,0.034697
2716.5304,0.034690
2716.7634,0.034694
2716.9963,0.034706
2717.2293,0.034723
2717.4622,0.034742
2717.6952,0.034762
2717.9282,0.034781
2718.1611,0.034801
2718.3941,0.034826
2718.6270,0.034857
2718.8600,0.034891
2719.0930,0.034924
2719.3259,0.034952
2719.5589,0.034970
2719.7918,0.034978
2720.0248,0.034979
2720.2577,0.034977
2720.4907,0.034977
2720.7237,0.034982
2720.9566,0.034991
2721.1896,0.035002
2721.4225,0.035012
2721.6555,0.035019
2721.8885,0.035024
2722.1214,0.035031
2722.3544,0.035040
2722.5873,0.035054
2722.8203,0.035070
2723.0532,0.035082
2723.2862,0.035086
2723.5192,0.035078
2723.7521,0.035060
2723.9851,0.035034
2724.2180,0.035007
2724.4510,0.034987
2724.6840,0.034976
2724.9169,0.034979
2725.1499,0.034994
2725.3828,0.035020
2725.6158,0.035054
2725.8488,0.035093
2726.0817,0.035132
2726.3147,0.035167
2726.5476,0.035195
2726.7806,0.035214
2727.0135,0.035223
2727.2465,0.035225
2727.4795,0.035224
2727.7124,0.035223
2727.9454,0.035224
2728.1783,0.035226
2728.4113,0.035225
2728.6443,0.035219
2728.8772,0.035206
2729.1102,0.035186
2729.3431,0.035165
2729.5761,0.035148
2729.8090,0.035141
2730.0420,0.035144
2730.2750,0.035156
2730.5079,0.035173
2730.7409,0.035189
2730.9738,0.035202
2731.2068,0.035211
2731.4398,0.035218
2731.6727,0.035226
2731.9057,0.035237
2732.1386,0.035250
2732.3716,0.035261
2732.6046,0.035269
2732.8375,0.035269
2733.0705,0.035261
2733.3034,0.035247
2733.5364,0.035228
2733.7693,0.035206
2734.0023,0.035182
2734.2353,0.035159
2734.4682,0.035138
2734.7012,0.035122
2734.9341,0.035114
2735.1671,0.035118
2735.4001,0.035133
2735.6330,0.035158
2735.8660,0.035186
2736.0989,0.035211
2736.3319,0.035229
2736.5648,0.035238
2736.7978,0.035241
2737.0308,0.035242
2737.2637,0.035247
2737.4967,0.035258
2737.7296,0.035273
2737.9626,0.035286
2738.1956,0.035294
2738.4285,0.035292
2738.6615,0.035278
2738.8944,0.035256
2739.1274,0.035229
2739.3604,0.035201
2739.5933,0.035173
2739.8263,0.035145
2740.0592,0.035116
2740.2922,0.035082
2740.5251,0.035045
2740.7581,0.035006
2740.9911,0.034966
2741.2240,0.034930
2741.4570,0.034900
2741.6899,0.034877
2741.9229,0.034863
2742.1559,0.034858
2742.3888,0.034865
2742.6218,0.034881
2742.8547,0.034905
2743.0877,0.034930
2743.3206,0.034950
2743.5536,0.034956
2743.7866,0.034944
2744.0195,0.034912
2744.2525,0.034864
2744.4854,0.034807
2744.7184,0.034752
2744.9514,0.034707
2745.1843,0.034675
2745.4173,0.034657
2745.6502,0.034652
2745.8832,0.034656
2746.1162,0.034665
2746.3491,0.034676
2746.5821,0.034686
2746.8150,0.034694
2747.0480,0.034696
2747.2809,0.034692
2747.5139,0.034682
2747.7469,0.034666
2747.9798,0.034650
2748.2128,0.034636
2748.4457,0.034631
2748.6787,0.034635
2748.9117,0.034648
2749.1446,0.034667
2749.3776,0.034689
2749.6105,0.034710
2749.8435,0.034726
2750.0764,0.034738
2750.3094,0.034743
2750.5424,0.034742
2750.7753,0.034736
2751.0083,0.034725
2751.2412,0.034713
2751.4742,0.034703
2751.7072,0.034699
2751.9401,0.034704
2752.1731,0.034717
2752.4060,0.034736
2752.6390,0.034755
2752.8720,0.034767
2753.1049,0.034769
2753.3379,0.034760
2753.5708,0.034745
2753.8038,0.034730
2754.0367,0.034719
2754.2697,0.034715
2754.5027,0.034717
2754.7356,0.034722
2754.9686,0.034725
2755.2015,0.034726
2755.4345,0.034727
2755.6675,0.034731
2755.9004,0.034743
2756.1334,0.034763
2756.3663,0.034788
2756.5993,0.034811
2756.8322,0.034826
2757.0652,0.034827
2757.2982,0.034813
2757.5311,0.034787
2757.7641,0.034754
2757.9970,0.034720
2758.2300,0.034689
2758.4630,0.034665
2758.6959,0.034650
2758.9289,0.034645
2759.1618,0.034652
2759.3948,0.034670
2759.6278,0.034701
2759.8607,0.034739
2760.0937,0.034781
2760.3266,0.034818
2760.5596,0.034845
2760.7925,0.034861
2761.0255,0.034870
2761.2585,0.034876
2761.4914,0.034887
2761.7244,0.034907
2761.9573,0.034933
2762.1903,0.034959
2762.4233,0.034978
2762.6562,0.034982
2762.8892,0.034969
2763.1221,0.034941
2763.3551,0.034909
2763.5880,0.034882
2763.8210,0.034870
2764.0540,0.034875
2764.2869,0.034899
2764.5199,0.034934
2764.7528,0.034974
2764.9858,0.035012
2765.2188,0.035040
2765.4517,0.035056
2765.6847,0.035059
2765.9176,0.035049
2766.1506,0.035028
2766.3836,0.035001
2766.6165,0.034974
2766.8495,0.034950
2767.0824,0.034935
2767.3154,0.034931
2767.5483,0.034938
2767.7813,0.034952
2768.0143,0.034969
2768.2472,0.034985
2768.4802,0.034996
2768.7131,0.035003
2768.9461,0.035005
2769.1791,0.035005
2769.4120,0.035004
2769.6450,0.035003
2769.8779,0.035005
2770.1109,0.035011
2770.3438,0.035021
2770.5768,0.035038
2770.8098,0.035062
2771.0427,0.035091
2771.2757,0.035125
2771.5086,0.035159
2771.7416,0.035190
2771.9746,0.035219
2772.2075,0.035245
2772.4405,0.035272
2772.6734,0.035300
2772.9064,0.035333
2773.1394,0.035366
2773.3723,0.035397
2773.6053,0.035421
2773.8382,0.035432
2774.0712,0.035430
2774.3041,0.035419
2774.5371,0.035402
2774.7701,0.035387
2775.0030,0.035380
2775.2360,0.035383
2775.4689,0.035397
2775.7019,0.035419
2775.9349,0.035445
2776.1678,0.035471
2776.4008,0.035495
2776.6337,0.035515
2776.8667,0.035532
2777.0996,0.035548
2777.3326,0.035565
2777.5656,0.035585
2777.7985,0.035608
2778.0315,0.035636
2778.2644,0.035665
2778.4974,0.035693
2778.7304,0.035717
2778.9633,0.035735
2779.1963,0.035747
2779.4292,0.035755
2779.6622,0.035764
2779.8952,0.035779
2780.1281,0.035805
2780.3611,0.035844
2780.5940,0.035894
2780.8270,0.035950
2781.0599,0.036004
2781.2929,0.036048
2781.5259,0.036075
2781.7588,0.036079
2781.9918,0.036060
2782.2247,0.036019
2782.4577,0.035961
2782.6907,0.035894
2782.9236,0.035829
2783.1566,0.035774
2783.3895,0.035738
2783.6225,0.035726
2783.8554,0.035739
2784.0884,0.035773
2784.3214,0.035822
2784.5543,0.035876
2784.7873,0.035928
2785.0202,0.035971
2785.2532,0.036004
2785.4862,0.036026
2785.7191,0.036044
2785.9521,0.036061
2786.1850,0.036081
2786.4180,0.036106
2786.6510,0.036135
2786.8839,0.036165
2787.1169,0.036194
2787.3498,0.036219
2787.5828,0.036240
2787.8157,0.036257
2788.0487,0.036273
2788.2817,0.036292
2788.5146,0.036316
2788.7476,0.036345
2788.9805,0.036379
2789.2135,0.036413
2789.4465,0.036442
2789.6794,0.036464
2789.9124,0.036474
2790.1453,0.036474
2790.3783,0.036465
2790.6112,0.036452
2790.8442,0.036439
2791.0772,0.036427
2791.3101,0.036418
2791.5431,0.036411
2791.7760,0.036408
2792.0090,0.036410
2792.2420,0.036421
2792.4749,0.036443
2792.7079,0.036479
2792.9408,0.036524
2793.1738,0.036576
2793.4068,0.036625
2793.6397,0.036667
2793.8727,0.036697
2794.1056,0.036716
2794.3386,0.036730
2794.5715,0.036743
2794.8045,0.036760
2795.0375,0.036782
2795.2704,0.036807
2795.5034,0.036831
2795.7363,0.036849
2795.9693,0.036862
2796.2023,0.036871
2796.4352,0.036883
2796.6682,0.036902
2796.9011,0.036930
2797.1341,0.036965
2797.3670,0.037005
2797.6000,0.037044
2797.8330,0.037080
2798.0659,0.037113
2798.2989,0.037148
2798.5318,0.037189
2798.7648,0.037239
2798.9978,0.037299
2799.2307,0.037365
2799.4637,0.037432
2799.6966,0.037496
2799.9296,0.037550
2800.1626,0.037595
2800.3955,0.037627
2800.6285,0.037647
2800.8614,0.037653
2801.0944,0.037645
2801.3273,0.037622
2801.5603,0.037589
2801.7933,0.037553
2802.0262,0.037522
2802.2592,0.037504
2802.4921,0.037504
2802.7251,0.037522
2802.9581,0.037555
2803.1910,0.037595
2803.4240,0.037638
2803.6569,0.037680
2803.8899,0.037724
2804.1228,0.037774
2804.3558,0.037833
2804.5888,0.037900
2804.8217,0.037973
2805.0547,0.038043
2805.2876,0.038102
2805.5206,0.038146
2805.7536,0.038172
2805.9865,0.038185
2806.2195,0.038189
2806.4524,0.038193
2806.6854,0.038199
2806.9184,0.038212
2807.1513,0.038232
2807.3843,0.038257
2807.6172,0.038287
2807.8502,0.038322
2808.0831,0.038362
2808.3161,0.038405
2808.5491,0.038449
2808.7820,0.038491
2809.0150,0.038528
2809.2479,0.038557
2809.4809,0.038580
2809.7139,0.038601
2809.9468,0.038626
2810.1798,0.038660
2810.4127,0.038707
2810.6457,0.038764
2810.8786,0.038826
2811.1116,0.038886
2811.3446,0.038936
2811.5775,0.038972
2811.8105,0.038994
2812.0434,0.039005
2812.2764,0.039015
2812.5094,0.039031
2812.7423,0.039059
2812.9753,0.039102
2813.2082,0.039157
2813.4412,0.039217
2813.6741,0.039275
2813.9071,0.039325
2814.1401,0.039366
2814.3730,0.039399
2814.6060,0.039430
2814.8389,0.039466
2815.0719,0.039510
2815.3049,0.039564
2815.5378,0.039626
2815.7708,0.039692
2816.0037,0.039757
2816.2367,0.039817
2816.4697,0.039870
2816.7026,0.039916
2816.9356,0.039958
2817.1685,0.039994
2817.4015,0.040027
2817.6344,0.040057
2817.8674,0.040087
2818.1004,0.040121
2818.3333,0.040164
2818.5663,0.040222
2818.7992,0.040296
2819.0322,0.040385
2819.2652,0.040482
2819.4981,0.040578
2819.7311,0.040665
2819.9640,0.040738
2820.1970,0.040800
2820.4299,0.040857
2820.6629,0.040918
2820.8959,0.040992
2821.1288,0.041081
2821.3618,0.041184
2821.5947,0.041293
2821.8277,0.041399
2822.0607,0.041496
2822.2936,0.041580
2822.5266,0.041651
2822.7595,0.041711
2822.9925,0.041765
2823.2255,0.041817
2823.4584,0.041870
2823.6914,0.041924
2823.9243,0.041979
2824.1573,0.042036
2824.3902,0.042092
2824.6232,0.042149
2824.8562,0.042206
2825.0891,0.042265
2825.3221,0.042326
2825.5550,0.042393
2825.7880,0.042470
2826.0210,0.042559
2826.2539,0.042657
2826.4869,0.042762
2826.7198,0.042866
2826.9528,0.042961
2827.1857,0.043043
2827.4187,0.043111
2827.6517,0.043169
2827.8846,0.043225
2828.1176,0.043284
2828.3505,0.043350
2828.5835,0.043420
2828.8165,0.043489
2829.0494,0.043549
2829.2824,0.043596
2829.5153,0.043631
2829.7483,0.043660
2829.9813,0.043692
2830.2142,0.043732
2830.4472,0.043784
2830.6801,0.043844
2830.9131,0.043904
2831.1460,0.043954
2831.3790,0.043990
2831.6120,0.044010
2831.8449,0.044017
2832.0779,0.044017
2832.3108,0.044017
2832.5438,0.044023
2832.7768,0.044037
2833.0097,0.044057
2833.2427,0.044082
2833.4756,0.044106
2833.7086,0.044126
2833.9415,0.044137
2834.1745,0.044136
2834.4075,0.044121
2834.6404,0.044095
2834.8734,0.044062
2835.1063,0.044028
2835.3393,0.044003
2835.5723,0.043990
2835.8052,0.043991
2836.0382,0.044004
2836.2711,0.044021
2836.5041,0.044038
2836.7371,0.044051
2836.9700,0.044061
2837.2030,0.044070
2837.4359,0.044081
2837.6689,0.044098
2837.9018,0.044119
2838.1348,0.044141
2838.3678,0.044161
2838.6007,0.044177
2838.8337,0.044194
2839.0666,0.044219
2839.2996,0.044257
2839.5326,0.044313
2839.7655,0.044386
2839.9985,0.044469
2840.2314,0.044551
2840.4644,0.044621
2840.6973,0.044671
2840.9303,0.044698
2841.1633,0.044705
2841.3962,0.044695
2841.6292,0.044675
2841.8621,0.044649
2842.0951,0.044621
2842.3281,0.044595
2842.5610,0.044573
2842.7940,0.044558
2843.0269,0.044551
2843.2599,0.044551
2843.4929,0.044557
2843.7258,0.044565
2843.9588,0.044572
2844.1917,0.044578
2844.4247,0.044584
2844.6576,0.044595
2844.8906,0.044613
2845.1236,0.044641
2845.3565,0.044679
2845.5895,0.044723
2845.8224,0.044771
2846.0554,0.044820
2846.2884,0.044867
2846.5213,0.044915
2846.7543,0.044964
2846.9872,0.045015
2847.2202,0.045067
2847.4531,0.045122
2847.6861,0.045179
2847.9191,0.045242
2848.1520,0.045313
2848.3850,0.045394
2848.6179,0.045481
2848.8509,0.045567
2849.0839,0.045640
2849.3168,0.045690
2849.5498,0.045714
2849.7827,0.045715
2850.0157,0.045705
2850.2487,0.045703
2850.4816,0.045721
2850.7146,0.045766
2850.9475,0.045834
2851.1805,0.045912
2851.4134,0.045985
2851.6464,0.046042
2851.8794,0.046082
2852.1123,0.046110
2852.3453,0.046139
2852.5782,0.046178
2852.8112,0.046230
2853.0442,0.046290
2853.2771,0.046347
2853.5101,0.046391
2853.7430,0.046417
2853.9760,0.046429
2854.2089,0.046436
2854.4419,0.046447
2854.6749,0.046470
2854.9078,0.046506
2855.1408,0.046553
2855.3737,0.046602
2855.6067,0.046649
2855.8397,0.046692
2856.0726,0.046732
2856.3056,0.046772
2856.5385,0.046815
2856.7715,0.046860
2857.0045,0.046906
2857.2374,0.046949
2857.4704,0.046987
2857.7033,0.047022
2857.9363,0.047054
2858.1692,0.047086
2858.4022,0.047117
2858.6352,0.047145
2858.8681,0.047166
2859.1011,0.047180
2859.3340,0.047187
2859.5670,0.047192
2859.8000,0.047203
2860.0329,0.047225
2860.2659,0.047262
2860.4988,0.047311
2860.7318,0.047371
2860.9647,0.047437
2861.1977,0.047506
2861.4307,0.047576
2861.6636,0.047645
2861.8966,0.047711
2862.1295,0.047770
2862.3625,0.047815
2862.5955,0.047842
2862.8284,0.047851
2863.0614,0.047844
2863.2943,0.047831
2863.5273,0.047817
2863.7603,0.047808
2863.9932,0.047805
2864.2262,0.047806
2864.4591,0.047805
2864.6921,0.047804
2864.9250,0.047805
2865.1580,0.047816
2865.3910,0.047844
2865.6239,0.047893
2865.8569,0.047960
2866.0898,0.048036
2866.3228,0.048111
2866.5558,0.048175
2866.7887,0.048227
2867.0217,0.048269
2867.2546,0.048309
2867.4876,0.048352
2867.7205,0.048399
2867.9535,0.048446
2868.1865,0.048484
2868.4194,0.048507
2868.6524,0.048513
2868.8853,0.048510
2869.1183,0.048507
2869.3513,0.048516
2869.5842,0.048541
2869.8172,0.048580
2870.0501,0.048624
2870.2831,0.048664
2870.5161,0.048690
2870.7490,0.048702
2870.9820,0.048706
2871.2149,0.048711
2871.4479,0.048726
2871.6808,0.048758
2871.9138,0.048808
2872.1468,0.048874
2872.3797,0.048950
2872.6127,0.049034
2872.8456,0.049120
2873.0786,0.049205
2873.3116,0.049285
2873.5445,0.049356
2873.7775,0.049415
2874.0104,0.049458
2874.2434,0.049489
2874.4763,0.049510
2874.7093,0.049528
2874.9423,0.049545
2875.1752,0.049560
2875.4082,0.049570
2875.6411,0.049570
2875.8741,0.049558
2876.1071,0.049538
2876.3400,0.049518
2876.5730,0.049508
2876.8059,0.049517
2877.0389,0.049546
2877.2719,0.049590
2877.5048,0.049639
2877.7378,0.049683
2877.9707,0.049715
2878.2037,0.049735
2878.4366,0.049749
2878.6696,0.049767
2878.9026,0.049796
2879.1355,0.049840
2879.3685,0.049895
2879.6014,0.049951
2879.8344,0.049998
2880.0674,0.050028
2880.3003,0.050038
2880.5333,0.050027
2880.7662,0.050001
2880.9992,0.049967
2881.2321,0.049932
2881.4651,0.049901
2881.6981,0.049878
2881.9310,0.049866
2882.1640,0.049862
2882.3969,0.049864
2882.6299,0.049866
2882.8629,0.049863
2883.0958,0.049851
2883.3288,0.049830
2883.5617,0.049803
2883.7947,0.049776
2884.0277,0.049754
2884.2606,0.049739
2884.4936,0.049732
2884.7265,0.049729
2884.9595,0.049729
2885.1924,0.049733
2885.4254,0.049744
2885.6584,0.049765
2885.8913,0.049798
2886.1243,0.049842
2886.3572,0.049887
2886.5902,0.049921
2886.8232,0.049934
2887.0561,0.049918
2887.2891,0.049876
2887.5220,0.049817
2887.7550,0.049754
2887.9879,0.049699
2888.2209,0.049657
2888.4539,0.049627
2888.6868,0.049604
2888.9198,0.049582
2889.1527,0.049558
2889.3857,0.049533
2889.6187,0.049512
2889.8516,0.049502
2890.0846,0.049504
2890.3175,0.049517
2890.5505,0.049538
2890.7835,0.049560
2891.0164,0.049579
2891.2494,0.049594
2891.4823,0.049606
2891.7153,0.049614
2891.9482,0.049617
2892.1812,0.049613
2892.4142,0.049599
2892.6471,0.049574
2892.8801,0.049541
2893.1130,0.049508
2893.3460,0.049484
2893.5790,0.049474
2893.8119,0.049481
2894.0449,0.049501
2894.2778,0.049526
2894.5108,0.049551
2894.7437,0.049571
2894.9767,0.049588
2895.2097,0.049607
2895.4426,0.049630
2895.6756,0.049659
2895.9085,0.049691
2896.1415,0.049718
2896.3745,0.049736
2896.6074,0.049742
2896.8404,0.049739
2897.0733,0.049732
2897.3063,0.049730
2897.5393,0.049737
2897.7722,0.049754
2898.0052,0.049777
2898.2381,0.049801
2898.4711,0.049820
2898.7040,0.049835
2898.9370,0.049849
2899.1700,0.049869
2899.4029,0.049898
2899.6359,0.049940
2899.8688,0.049994
2900.1018,0.050053
2900.3348,0.050111
2900.5677,0.050161
2900.8007,0.050197
2901.0336,0.050216
2901.2666,0.050220
2901.4995,0.050210
2901.7325,0.050194
2901.9655,0.050178
2902.1984,0.050170
2902.4314,0.050176
2902.6643,0.050200
2902.8973,0.050240
2903.1303,0.050289
2903.3632,0.050342
2903.5962,0.050390
2903.8291,0.050431
2904.0621,0.050465
2904.2951,0.050493
2904.5280,0.050521
2904.7610,0.050549
2904.9939,0.050579
2905.2269,0.050611
2905.4598,0.050646
2905.6928,0.050687
2905.9258,0.050741
2906.1587,0.050811
2906.3917,0.050898
2906.6246,0.050999
2906.8576,0.051103
2907.0906,0.051197
2907.3235,0.051272
2907.5565,0.051324
2907.7894,0.051358
2908.0224,0.051383
2908.2553,0.051412
2908.4883,0.051453
2908.7213,0.051508
2908.9542,0.051571
2909.1872,0.051634
2909.4201,0.051692
2909.6531,0.051742
2909.8861,0.051788
2910.1190,0.051835
2910.3520,0.051887
2910.5849,0.051945
2910.8179,0.052003
2911.0509,0.052056
2911.2838,0.052099
2911.5168,0.052132
2911.7497,0.052158
2911.9827,0.052185
2912.2156,0.052218
2912.4486,0.052261
2912.6816,0.052315
2912.9145,0.052378
2913.1475,0.052450
2913.3804,0.052534
2913.6134,0.052633
2913.8464,0.052750
2914.0793,0.052885
2914.3123,0.053030
2914.5452,0.053172
2914.7782,0.053298
2915.0111,0.053396
2915.2441,0.053462
2915.4771,0.053499
2915.7100,0.053515
2915.9430,0.053518
2916.1759,0.053516
2916.4089,0.053511
2916.6419,0.053506
2916.8748,0.053499
2917.1078,0.053493
2917.3407,0.053487
2917.5737,0.053483
2917.8067,0.053478
2918.0396,0.053470
2918.2726,0.053453
2918.5055,0.053426
2918.7385,0.053393
2918.9714,0.053360
2919.2044,0.053339
2919.4374,0.053340
2919.6703,0.053364
2919.9033,0.053408
2920.1362,0.053461
2920.3692,0.053512
2920.6022,0.053556
2920.8351,0.053590
2921.0681,0.053619
2921.3010,0.053652
2921.5340,0.053692
2921.7669,0.053737
2921.9999,0.053780
2922.2329,0.053815
2922.4658,0.053838
2922.6988,0.053853
2922.9317,0.053868
2923.1647,0.053895
2923.3977,0.053940
2923.6306,0.054001
2923.8636,0.054071
2924.0965,0.054137
2924.3295,0.054190
2924.5625,0.054229
2924.7954,0.054259
2925.0284,0.054292
2925.2613,0.054335
2925.4943,0.054392
2925.7272,0.054456
2925.9602,0.054514
2926.1932,0.054555
2926.4261,0.054571
2926.6591,0.054562
2926.8920,0.054534
2927.1250,0.054497
2927.3580,0.054458
2927.5909,0.054420
2927.8239,0.054381
2928.0568,0.054339
2928.2898,0.054292
2928.5227,0.054239
2928.7557,0.054183
2928.9887,0.054124
2929.2216,0.054060
2929.4546,0.053987
2929.6875,0.053903
2929.9205,0.053808
2930.1535,0.053707
2930.3864,0.053608
2930.6194,0.053524
2930.8523,0.053461
2931.0853,0.053419
2931.3183,0.053392
2931.5512,0.053369
2931.7842,0.053341
2932.0171,0.053298
2932.2501,0.053240
2932.4830,0.053170
2932.7160,0.053091
2932.9490,0.053005
2933.1819,0.052914
2933.4149,0.052817
2933.6478,0.052718
2933.8808,0.052620
2934.1138,0.052533
2934.3467,0.052466
2934.5797,0.052425
2934.8126,0.052409
2935.0456,0.052413
2935.2785,0.052426
2935.5115,0.052440
2935.7445,0.052448
2935.9774,0.052450
2936.2104,0.052446
2936.4433,0.052439
2936.6763,0.052428
2936.9093,0.052411
2937.1422,0.052383
2937.3752,0.052344
2937.6081,0.052297
2937.8411,0.052249
2938.0741,0.052207
2938.3070,0.052178
2938.5400,0.052163
2938.7729,0.052156
2939.0059,0.052151
2939.2388,0.052142
2939.4718,0.052126
2939.7048,0.052101
2939.9377,0.052071
2940.1707,0.052034
2940.4036,0.051991
2940.6366,0.051936
2940.8696,0.051868
2941.1025,0.051787
2941.3355,0.051700
2941.5684,0.051619
2941.8014,0.051556
2942.0343,0.051516
2942.2673,0.051502
2942.5003,0.051504
2942.7332,0.051514
2942.9662,0.051521
2943.1991,0.051520
2943.4321,0.051511
2943.6651,0.051498
2943.8980,0.051482
2944.1310,0.051464
2944.3639,0.051440
2944.5969,0.051406
2944.8299,0.051362
2945.0628,0.051314
2945.2958,0.051272
2945.5287,0.051245
2945.7617,0.051239
2945.9946,0.051254
2946.2276,0.051283
2946.4606,0.051314
2946.6935,0.051341
2946.9265,0.051360
2947.1594,0.051379
2947.3924,0.051402
2947.6254,0.051437
2947.8583,0.051478
2948.0913,0.051518
2948.3242,0.051543
2948.5572,0.051543
2948.7901,0.051516
2949.0231,0.051471
2949.2561,0.051423
2949.4890,0.051385
2949.7220,0.051364
2949.9549,0.051359
2950.1879,0.051359
2950.4209,0.051348
2950.6538,0.051318
2950.8868,0.051265
2951.1197,0.051198
2951.3527,0.051127
2951.5856,0.051065
2951.8186,0.051020
2952.0516,0.050994
2952.2845,0.050986
2952.5175,0.050993
2952.7504,0.051013
2952.9834,0.051045
2953.2164,0.051086
2953.4493,0.051130
2953.6823,0.051168
2953.9152,0.051187
2954.1482,0.051178
2954.3812,0.051136
2954.6141,0.051066
2954.8471,0.050978
2955.0800,0.050886
2955.3130,0.050800
2955.5459,0.050727
2955.7789,0.050668
2956.0119,0.050620
2956.2448,0.050579
2956.4778,0.050546
2956.7107,0.050522
2956.9437,0.050512
2957.1767,0.050517
2957.4096,0.050532
2957.6426,0.050549
2957.8755,0.050559
2958.1085,0.050550
2958.3414,0.050520
2958.5744,0.050469
2958.8074,0.050403
2959.0403,0.050332
2959.2733,0.050264
2959.5062,0.050207
2959.7392,0.050164
2959.9722,0.050139
2960.2051,0.050131
2960.4381,0.050138
2960.6710,0.050154
2960.9040,0.050173
2961.1370,0.050185
2961.3699,0.050182
2961.6029,0.050160
2961.8358,0.050119
2962.0688,0.050068
2962.3017,0.050014
2962.5347,0.049970
2962.7677,0.049942
2963.0006,0.049931
2963.2336,0.049937
2963.4665,0.049952
2963.6995,0.049971
2963.9325,0.049989
2964.1654,0.050000
2964.3984,0.050001
2964.6313,0.049991
2964.8643,0.049965
2965.0972,0.049922
2965.3302,0.049863
2965.5632,0.049789
2965.7961,0.049704
2966.0291,0.049612
2966.2620,0.049513
2966.4950,0.049407
2966.7280,0.049288
2966.9609,0.049150
2967.1939,0.048992
2967.4268,0.048814
2967.6598,0.048621
2967.8928,0.048422
2968.1257,0.048223
2968.3587,0.048030
2968.5916,0.047845
2968.8246,0.047668
2969.0575,0.047502
2969.2905,0.047349
2969.5235,0.047211
2969.7564,0.047091
2969.9894,0.046985
2970.2223,0.046887
2970.4553,0.046785
2970.6883,0.046668
2970.9212,0.046528
2971.1542,0.046366
2971.3871,0.046188
2971.6201,0.046007
2971.8530,0.045836
2972.0860,0.045687
2972.3190,0.045562
2972.5519,0.045460
2972.7849,0.045375
2973.0178,0.045301
2973.2508,0.045233
2973.4838,0.045169
2973.7167,0.045110
2973.9497,0.045053
2974.1826,0.044997
2974.4156,0.044938
2974.6486,0.044873
2974.8815,0.044801
2975.1145,0.044722
2975.3474,0.044640
2975.5804,0.044559
2975.8133,0.044485
2976.0463,0.044417
2976.2793,0.044356
2976.5122,0.044299
2976.7452,0.044241
2976.9781,0.044181
2977.2111,0.044114
2977.4441,0.044041
2977.6770,0.043961
2977.9100,0.043877
2978.1429,0.043791
2978.3759,0.043709
2978.6088,0.043634
2978.8418,0.043570
2979.0748,0.043517
2979.3077,0.043469
2979.5407,0.043422
2979.7736,0.043366
2980.0066,0.043298
2980.2396,0.043215
2980.4725,0.043124
2980.7055,0.043030
2980.9384,0.042939
2981.1714,0.042856
2981.4044,0.042776
2981.6373,0.042694
2981.8703,0.042604
2982.1032,0.042501
2982.3362,0.042389
2982.5691,0.042274
2982.8021,0.042169
2983.0351,0.042083
2983.2680,0.042021
2983.5010,0.041981
2983.7339,0.041954
2983.9669,0.041930
2984.1999,0.041896
2984.4328,0.041844
2984.6658,0.041770
2984.8987,0.041674
2985.1317,0.041563
2985.3646,0.041445
2985.5976,0.041329
2985.8306,0.041225
2986.0635,0.041140
2986.2965,0.041079
2986.5294,0.041041
2986.7624,0.041020
2986.9954,0.041006
2987.2283,0.040988
2987.4613,0.040957
2987.6942,0.040910
2987.9272,0.040846
2988.1602,0.040769
2988.3931,0.040683
2988.6261,0.040594
2988.8590,0.040504
2989.0920,0.040415
2989.3249,0.040331
2989.5579,0.040257
2989.7909,0.040199
2990.0238,0.040162
2990.2568,0.040145
2990.4897,0.040144
2990.7227,0.040145
2990.9557,0.040137
2991.1886,0.040106
2991.4216,0.040049
2991.6545,0.039969
2991.8875,0.039875
2992.1204,0.039778
2992.3534,0.039687
2992.5864,0.039607
2992.8193,0.039536
2993.0523,0.039473
2993.2852,0.039417
2993.5182,0.039367
2993.7512,0.039328
2993.9841,0.039300
2994.2171,0.039281
2994.4500,0.039261
2994.6830,0.039231
2994.9160,0.039180
2995.1489,0.039108
2995.3819,0.039021
2995.6148,0.038932
2995.8478,0.038859
2996.0807,0.038812
2996.3137,0.038794
2996.5467,0.038798
2996.7796,0.038811
2997.0126,0.038819
2997.2455,0.038812
2997.4785,0.038789
2997.7115,0.038751
2997.9444,0.038702
2998.1774,0.038645
2998.4103,0.038576
2998.6433,0.038493
2998.8762,0.038396
2999.1092,0.038288
2999.3422,0.038180
2999.5751,0.038085
2999.8081,0.038014
3000.0410,0.037972
3000.2740,0.037955
3000.5070,0.037955
3000.7399,0.037960
3000.9729,0.037963
3001.2058,0.037960
3001.4388,0.037951
3001.6718,0.037939
3001.9047,0.037923
3002.1377,0.037897
3002.3706,0.037856
3002.6036,0.037795
3002.8365,0.037713
3003.0695,0.037621
3003.3025,0.037532
3003.5354,0.037462
3003.7684,0.037421
3004.0013,0.037412
3004.2343,0.037427
3004.4673,0.037452
3004.7002,0.037476
3004.9332,0.037489
3005.1661,0.037488
3005.3991,0.037479
3005.6320,0.037467
3005.8650,0.037458
3006.0980,0.037455
3006.3309,0.037455
3006.5639,0.037454
3006.7968,0.037448
3007.0298,0.037432
3007.2628,0.037407
3007.4957,0.037373
3007.7287,0.037331
3007.9616,0.037284
3008.1946,0.037234
3008.4276,0.037187
3008.6605,0.037145
3008.8935,0.037112
3009.1264,0.037086
3009.3594,0.037067
3009.5923,0.037050
3009.8253,0.037031
3010.0583,0.037009
3010.2912,0.036984
3010.5242,0.036962
3010.7571,0.036947
3010.9901,0.036942
3011.2231,0.036946
3011.4560,0.036955
3011.6890,0.036959
3011.9219,0.036952
3012.1549,0.036930
3012.3878,0.036898
3012.6208,0.036859
3012.8538,0.036824
3013.0867,0.036798
3013.3197,0.036785
3013.5526,0.036786
3013.7856,0.036801
3014.0186,0.036825
3014.2515,0.036859
3014.4845,0.036901
3014.7174,0.036949
3014.9504,0.036998
3015.1834,0.037045
3015.4163,0.037082
3015.6493,0.037107
3015.8822,0.037117
3016.1152,0.037115
3016.3481,0.037104
3016.5811,0.037086
3016.8141,0.037066
3017.0470,0.037042
3017.2800,0.037016
3017.5129,0.036990
3017.7459,0.036969
3017.9789,0.036959
3018.2118,0.036964
3018.4448,0.036986
3018.6777,0.037019
3018.9107,0.037053
3019.1436,0.037078
3019.3766,0.037085
3019.6096,0.037073
3019.8425,0.037045
3020.0755,0.037012
3020.3084,0.036982
3020.5414,0.036960
3020.7744,0.036946
3021.0073,0.036938
3021.2403,0.036929
3021.4732,0.036918
3021.7062,0.036906
3021.9392,0.036899
3022.1721,0.036901
3022.4051,0.036916
3022.6380,0.036943
3022.8710,0.036975
3023.1039,0.037006
3023.3369,0.037030
3023.5699,0.037043
3023.8028,0.037046
3024.0358,0.037039
3024.2687,0.037024
3024.5017,0.037000
3024.7347,0.036967
3024.9676,0.036925
3025.2006,0.036875
3025.4335,0.036821
3025.6665,0.036768
3025.8994,0.036717
3026.1324,0.036672
3026.3654,0.036629
3026.5983,0.036589
3026.8313,0.036552
3027.0642,0.036520
3027.2972,0.036502
3027.5302,0.036501
3027.7631,0.036521
3027.9961,0.036558
3028.2290,0.036601
3028.4620,0.036638
3028.6950,0.036659
3028.9279,0.036659
3029.1609,0.036640
3029.3938,0.036614
3029.6268,0.036593
3029.8597,0.036586
3030.0927,0.036598
3030.3257,0.036629
3030.5586,0.036670
3030.7916,0.036713
3031.0245,0.036750
3031.2575,0.036776
3031.4905,0.036788
3031.7234,0.036785
3031.9564,0.036769
3032.1893,0.036741
3032.4223,0.036706
3032.6552,0.036671
3032.8882,0.036645
3033.1212,0.036631
3033.3541,0.036634
3033.5871,0.036650
3033.8200,0.036669
3034.0530,0.036681
3034.2860,0.036678
3034.5189,0.036656
3034.7519,0.036619
3034.9848,0.036574
3035.2178,0.036533
3035.4508,0.036506
3035.6837,0.036498
3035.9167,0.036510
3036.1496,0.036537
3036.3826,0.036572
3036.6155,0.036609
3036.8485,0.036640
3037.0815,0.036661
3037.3144,0.036670
3037.5474,0.036665
3037.7803,0.036650
3038.0133,0.036631
3038.2463,0.036615
3038.4792,0.036607
3038.7122,0.036610
3038.9451,0.036621
3039.1781,0.036632
3039.4110,0.036636
3039.6440,0.036625
3039.8770,0.036601
3040.1099,0.036571
3040.3429,0.036546
3040.5758,0.036539
3040.8088,0.036553
3041.0418,0.036586
3041.2747,0.036625
3041.5077,0.036659
3041.7406,0.036675
3041.9736,0.036671
3042.2066,0.036654
3042.4395,0.036635
3042.6725,0.036626
3042.9054,0.036633
3043.1384,0.036655
3043.3713,0.036683
3043.6043,0.036709
3043.8373,0.036724
3044.0702,0.036728
3044.3032,0.036724
3044.5361,0.036717
3044.7691,0.036714
3045.0021,0.036717
3045.2350,0.036724
3045.4680,0.036732
3045.7009,0.036739
3045.9339,0.036744
3046.1668,0.036747
3046.3998,0.036750
3046.6328,0.036750
3046.8657,0.036745
3047.0987,0.036731
3047.3316,0.036707
3047.5646,0.036674
3047.7976,0.036638
3048.0305,0.036608
3048.2635,0.036587
3048.4964,0.036578
3048.7294,0.036578
3048.9624,0.036580
3049.1953,0.036580
3049.4283,0.036577
3049.6612,0.036571
3049.8942,0.036568
3050.1271,0.036571
3050.3601,0.036579
3050.5931,0.036585
3050.8260,0.036582
3051.0590,0.036561
3051.2919,0.036521
3051.5249,0.036467
3051.7579,0.036412
3051.9908,0.036368
3052.2238,0.036347
3052.4567,0.036356
3052.6897,0.036394
3052.9226,0.036455
3053.1556,0.036529
3053.3886,0.036606
3053.6215,0.036681
3053.8545,0.036746
3054.0874,0.036798
3054.3204,0.036836
3054.5534,0.036860
3054.7863,0.036871
3055.0193,0.036876
3055.2522,0.036879
3055.4852,0.036884
3055.7182,0.036891
3055.9511,0.036894
3056.1841,0.036889
3056.4170,0.036868
3056.6500,0.036831
3056.8829,0.036782
3057.1159,0.036729
3057.3489,0.036683
3057.5818,0.036652
3057.8148,0.036636
3058.0477,0.036631
3058.2807,0.036631
3058.5137,0.036630
3058.7466,0.036625
3058.9796,0.036621
3059.2125,0.036621
3059.4455,0.036629
3059.6784,0.036643
3059.9114,0.036657
3060.1444,0.036661
3060.3773,0.036652
3060.6103,0.036630
3060.8432,0.036603
3061.0762,0.036583
3061.3092,0.036582
3061.5421,0.036604
3061.7751,0.036645
3062.0080,0.036699
3062.2410,0.036753
3062.4740,0.036800
3062.7069,0.036840
3062.9399,0.036874
3063.1728,0.036908
3063.4058,0.036944
3063.6387,0.036979
3063.8717,0.037007
3064.1047,0.037020
3064.3376,0.037016
3064.5706,0.036995
3064.8035,0.036964
3065.0365,0.036934
3065.2695,0.036912
3065.5024,0.036900
3065.7354,0.036898
3065.9683,0.036904
3066.2013,0.036914
3066.4342,0.036928
3066.6672,0.036947
3066.9002,0.036974
3067.1331,0.037004
3067.3661,0.037034
3067.5990,0.037054
3067.8320,0.037057
3068.0650,0.037040
3068.2979,0.037005
3068.5309,0.036959
3068.7638,0.036914
3068.9968,0.036876
3069.2298,0.036851
3069.4627,0.036840
3069.6957,0.036840
3069.9286,0.036850
3070.1616,0.036867
3070.3945,0.036893
3070.6275,0.036927
3070.8605,0.036966
3071.0934,0.037004
3071.3264,0.037036
3071.5593,0.037056
3071.7923,0.037060
3072.0253,0.037051
3072.2582,0.037033
3072.4912,0.037011
3072.7241,0.036989
3072.9571,0.036966
3073.1900,0.036942
3073.4230,0.036913
3073.6560,0.036880
3073.8889,0.036845
3074.1219,0.036811
3074.3548,0.036781
3074.5878,0.036754
3074.8208,0.036727
3075.0537,0.036695
3075.2867,0.036656
3075.5196,0.036610
3075.7526,0.036564
3075.9856,0.036529
3076.2185,0.036515
3076.4515,0.036528
3076.6844,0.036568
3076.9174,0.036628
3077.1503,0.036700
3077.3833,0.036774
3077.6163,0.036844
3077.8492,0.036905
3078.0822,0.036957
3078.3151,0.036999
3078.5481,0.037031
3078.7811,0.037050
3079.0140,0.037057
3079.2470,0.037053
3079.4799,0.037043
3079.7129,0.037031
3079.9458,0.037021
3080.1788,0.037014
3080.4118,0.037008
3080.6447,0.036997
3080.8777,0.036979
3081.1106,0.036952
3081.3436,0.036922
3081.5766,0.036895
3081.8095,0.036881
3082.0425,0.036886
3082.2754,0.036912
3082.5084,0.036956
3082.7413,0.037015
3082.9743,0.037083
3083.2073,0.037158
3083.4402,0.037235
3083.6732,0.037312
3083.9061,0.037384
3084.1391,0.037446
3084.3721,0.037492
3084.6050,0.037518
3084.8380,0.037521
3085.0709,0.037505
3085.3039,0.037473
3085.5369,0.037429
3085.7698,0.037376
3086.0028,0.037319
3086.2357,0.037264
3086.4687,0.037219
3086.7016,0.037195
3086.9346,0.037205
3087.1676,0.037253
3087.4005,0.037340
3087.6335,0.037451
3087.8664,0.037567
3088.0994,0.037665
3088.3324,0.037729
3088.5653,0.037752
3088.7983,0.037740
3089.0312,0.037710
3089.2642,0.037677
3089.4971,0.037656
3089.7301,0.037652
3089.9631,0.037665
3090.1960,0.037688
3090.4290,0.037717
3090.6619,0.037749
3090.8949,0.037783
3091.1279,0.037821
3091.3608,0.037860
3091.5938,0.037892
3091.8267,0.037909
3092.0597,0.037902
3092.2927,0.037867
3092.5256,0.037810
3092.7586,0.037745
3092.9915,0.037686
3093.2245,0.037648
3093.4574,0.037638
3093.6904,0.037654
3093.9234,0.037687
3094.1563,0.037728
3094.3893,0.037763
3094.6222,0.037788
3094.8552,0.037797
3095.0882,0.037791
3095.3211,0.037769
3095.5541,0.037732
3095.7870,0.037683
3096.0200,0.037626
3096.2529,0.037567
3096.4859,0.037514
3096.7189,0.037474
3096.9518,0.037454
3097.1848,0.037452
3097.4177,0.037465
3097.6507,0.037486
3097.8837,0.037506
3098.1166,0.037520
3098.3496,0.037522
3098.5825,0.037513
3098.8155,0.037493
3099.0485,0.037464
3099.2814,0.037430
3099.5144,0.037397
3099.7473,0.037371
3099.9803,0.037362
3100.2132,0.037375
3100.4462,0.037413
3100.6792,0.037472
3100.9121,0.037542
3101.1451,0.037610
3101.3780,0.037661
3101.6110,0.037685
3101.8440,0.037680
3102.0769,0.037650
3102.3099,0.037603
3102.5428,0.037552
3102.7758,0.037508
3103.0087,0.037478
3103.2417,0.037465
3103.4747,0.037470
3103.7076,0.037487
3103.9406,0.037511
3104.1735,0.037533
3104.4065,0.037545
3104.6395,0.037542
3104.8724,0.037519
3105.1054,0.037478
3105.3383,0.037425
3105.5713,0.037366
3105.8043,0.037309
3106.0372,0.037260
3106.2702,0.037222
3106.5031,0.037193
3106.7361,0.037170
3106.9690,0.037152
3107.2020,0.037137
3107.4350,0.037126
3107.6679,0.037120
3107.9009,0.037118
3108.1338,0.037119
3108.3668,0.037120
3108.5998,0.037121
3108.8327,0.037122
3109.0657,0.037128
3109.2986,0.037144
3109.5316,0.037173
3109.7645,0.037213
3109.9975,0.037257
3110.2305,0.037297
3110.4634,0.037321
3110.6964,0.037326
3110.9293,0.037314
3111.1623,0.037291
3111.3953,0.037271
3111.6282,0.037259
3111.8612,0.037260
3112.0941,0.037270
3112.3271,0.037279
3112.5601,0.037279
3112.7930,0.037266
3113.0260,0.037242
3113.2589,0.037213
3113.4919,0.037187
3113.7248,0.037167
3113.9578,0.037155
3114.1908,0.037146
3114.4237,0.037131
3114.6567,0.037105
3114.8896,0.037068
3115.1226,0.037024
3115.3556,0.036980
3115.5885,0.036946
3115.8215,0.036929
3116.0544,0.036930
3116.2874,0.036947
3116.5203,0.036973
3116.7533,0.036999
3116.9863,0.037017
3117.2192,0.037023
3117.4522,0.037015
3117.6851,0.036997
3117.9181,0.036976
3118.1511,0.036961
3118.3840,0.036957
3118.6170,0.036968
3118.8499,0.036988
3119.0829,0.037007
3119.3159,0.037013
3119.5488,0.036994
3119.7818,0.036946
3120.0147,0.036873
3120.2477,0.036791
3120.4806,0.036715
3120.7136,0.036662
3120.9466,0.036640
3121.1795,0.036650
3121.4125,0.036683
3121.6454,0.036727
3121.8784,0.036773
3122.1114,0.036814
3122.3443,0.036851
3122.5773,0.036884
3122.8102,0.036916
3123.0432,0.036943
3123.2761,0.036960
3123.5091,0.036960
3123.7421,0.036938
3123.9750,0.036897
3124.2080,0.036843
3124.4409,0.036787
3124.6739,0.036739
3124.9069,0.036704
3125.1398,0.036682
3125.3728,0.036672
3125.6057,0.036668
3125.8387,0.036665
3126.0717,0.036662
3126.3046,0.036659
3126.5376,0.036655
3126.7705,0.036651
3127.0035,0.036643
3127.2364,0.036630
3127.4694,0.036610
3127.7024,0.036587
3127.9353,0.036565
3128.1683,0.036550
3128.4012,0.036548
3128.6342,0.036556
3128.8672,0.036573
3129.1001,0.036590
3129.3331,0.036603
3129.5660,0.036609
3129.7990,0.036609
3130.0319,0.036609
3130.2649,0.036616
3130.4979,0.036637
3130.7308,0.036674
3130.9638,0.036727
3131.1967,0.036791
3131.4297,0.036859
3131.6627,0.036922
3131.8956,0.036972
3132.1286,0.037001
3132.3615,0.037005
3132.5945,0.036988
3132.8275,0.036957
3133.0604,0.036923
3133.2934,0.036901
3133.5263,0.036899
3133.7593,0.036918
3133.9922,0.036953
3134.2252,0.036989
3134.4582,0.037013
3134.6911,0.037014
3134.9241,0.036993
3135.1570,0.036958
3135.3900,0.036924
3135.6230,0.036900
3135.8559,0.036891
3136.0889,0.036890
3136.3218,0.036883
3136.5548,0.036855
3136.7877,0.036795
3137.0207,0.036705
3137.2537,0.036598
3137.4866,0.036492
3137.7196,0.036408
3137.9525,0.036362
3138.1855,0.036358
3138.4185,0.036393
3138.6514,0.036455
3138.8844,0.036531
3139.1173,0.036608
3139.3503,0.036674
3139.5833,0.036723
3139.8162,0.036751
3140.0492,0.036757
3140.2821,0.036745
3140.5151,0.036721
3140.7480,0.036692
3140.9810,0.036666
3141.2140,0.036646
3141.4469,0.036632
3141.6799,0.036619
3141.9128,0.036601
3142.1458,0.036576
3142.3788,0.036545
3142.6117,0.036516
3142.8447,0.036499
3143.0776,0.036503
3143.3106,0.036532
3143.5435,0.036584
3143.7765,0.036650
3144.0095,0.036718
3144.2424,0.036777
3144.4754,0.036819
3144.7083,0.036841
3144.9413,0.036841
3145.1743,0.036824
3145.4072,0.036791
3145.6402,0.036748
3145.8731,0.036705
3146.1061,0.036671
3146.3391,0.036656
3146.5720,0.036667
3146.8050,0.036701
3147.0379,0.036748
3147.2709,0.036789
3147.5038,0.036805
3147.7368,0.036786
3147.9698,0.036732
3148.2027,0.036655
3148.4357,0.036578
3148.6686,0.036523
3148.9016,0.036506
3149.1346,0.036533
3149.3675,0.036595
3149.6005,0.036681
3149.8334,0.036773
3150.0664,0.036860
3150.2993,0.036936
3150.5323,0.036996
3150.7653,0.037037
3150.9982,0.037057
3151.2312,0.037052
3151.4641,0.037021
3151.6971,0.036969
3151.9301,0.036908
3152.1630,0.036850
3152.3960,0.036810
3152.6289,0.036795
3152.8619,0.036802
3153.0949,0.036823
3153.3278,0.036847
3153.5608,0.036866
3153.7937,0.036876
3154.0267,0.036882
3154.2596,0.036889
3154.4926,0.036903
3154.7256,0.036922
3154.9585,0.036943
3155.1915,0.036958
3155.4244,0.036965
3155.6574,0.036964
3155.8904,0.036959
3156.1233,0.036956
3156.3563,0.036957
3156.5892,0.036961
3156.8222,0.036958
3157.0551,0.036941
3157.2881,0.036906
3157.5211,0.036853
3157.7540,0.036794
3157.9870,0.036742
3158.2199,0.036710
3158.4529,0.036706
3158.6859,0.036730
3158.9188,0.036774
3159.1518,0.036828
3159.3847,0.036880
3159.6177,0.036919
3159.8507,0.036939
3160.0836,0.036937
3160.3166,0.036916
3160.5495,0.036882
3160.7825,0.036848
3161.0154,0.036827
3161.2484,0.036831
3161.4814,0.036866
3161.7143,0.036929
3161.9473,0.037007
3162.1802,0.037080
3162.4132,0.037131
3162.6462,0.037148
3162.8791,0.037134
3163.1121,0.037104
3163.3450,0.037077
3163.5780,0.037068
3163.8109,0.037085
3164.0439,0.037119
3164.2769,0.037152
3164.5098,0.037167
3164.7428,0.037149
3164.9757,0.037101
3165.2087,0.037033
3165.4417,0.036963
3165.6746,0.036909
3165.9076,0.036881
3166.1405,0.036879
3166.3735,0.036898
3166.6065,0.036930
3166.8394,0.036968
3167.0724,0.037008
3167.3053,0.037048
3167.5383,0.037085
3167.7712,0.037112
3168.0042,0.037127
3168.2372,0.037127
3168.4701,0.037116
3168.7031,0.037103
3168.9360,0.037098
3169.1690,0.037108
3169.4020,0.037131
3169.6349,0.037156
3169.8679,0.037170
3170.1008,0.037161
3170.3338,0.037127
3170.5667,0.037078
3170.7997,0.037035
3171.0327,0.037015
3171.2656,0.037030
3171.4986,0.037078
3171.7315,0.037143
3171.9645,0.037205
3172.1975,0.037246
3172.4304,0.037259
3172.6634,0.037249
3172.8963,0.037228
3173.1293,0.037207
3173.3623,0.037193
3173.5952,0.037183
3173.8282,0.037168
3174.0611,0.037139
3174.2941,0.037096
3174.5270,0.037045
3174.7600,0.037002
3174.9930,0.036981
3175.2259,0.036990
3175.4589,0.037028
3175.6918,0.037085
3175.9248,0.037146
3176.1578,0.037198
3176.3907,0.037236
3176.6237,0.037261
3176.8566,0.037281
3177.0896,0.037307
3177.3225,0.037345
3177.5555,0.037400
3177.7885,0.037467
3178.0214,0.037539
3178.2544,0.037606
3178.4873,0.037657
3178.7203,0.037684
3178.9533,0.037683
3179.1862,0.037655
3179.4192,0.037608
3179.6521,0.037555
3179.8851,0.037513
3180.1181,0.037490
3180.3510,0.037490
3180.5840,0.037504
3180.8169,0.037521
3181.0499,0.037524
3181.2828,0.037504
3181.5158,0.037464
3181.7488,0.037414
3181.9817,0.037372
3182.2147,0.037352
3182.4476,0.037359
3182.6806,0.037390
3182.9136,0.037431
3183.1465,0.037467
3183.3795,0.037490
3183.6124,0.037499
3183.8454,0.037500
3184.0783,0.037502
3184.3113,0.037512
3184.5443,0.037529
3184.7772,0.037549
3185.0102,0.037565
3185.2431,0.037571
3185.4761,0.037567
3185.7091,0.037557
3185.9420,0.037544
3186.1750,0.037529
3186.4079,0.037510
3186.6409,0.037483
3186.8739,0.037449
3187.1068,0.037416
3187.3398,0.037396
3187.5727,0.037401
3187.8057,0.037436
3188.0386,0.037492
3188.2716,0.037552
3188.5046,0.037592
3188.7375,0.037595
3188.9705,0.037559
3189.2034,0.037498
3189.4364,0.037442
3189.6694,0.037417
3189.9023,0.037441
3190.1353,0.037512
3190.3682,0.037610
3190.6012,0.037707
3190.8341,0.037778
3191.0671,0.037810
3191.3001,0.037808
3191.5330,0.037786
3191.7660,0.037761
3191.9989,0.037743
3192.2319,0.037734
3192.4649,0.037727
3192.6978,0.037716
3192.9308,0.037701
3193.1637,0.037686
3193.3967,0.037680
3193.6297,0.037690
3193.8626,0.037714
3194.0956,0.037743
3194.3285,0.037764
3194.5615,0.037767
3194.7944,0.037753
3195.0274,0.037732
3195.2604,0.037718
3195.4933,0.037723
3195.7263,0.037751
3195.9592,0.037792
3196.1922,0.037829
3196.4252,0.037844
3196.6581,0.037827
3196.8911,0.037782
3197.1240,0.037722
3197.3570,0.037666
3197.5899,0.037633
3197.8229,0.037632
3198.0559,0.037663
3198.2888,0.037720
3198.5218,0.037792
3198.7547,0.037871
3198.9877,0.037951
3199.2207,0.038027
3199.4536,0.038095
3199.6866,0.038151
3199.9195,0.038193
3200.1525,0.038221
3200.3855,0.038237
3200.6184,0.038246
3200.8514,0.038249
3201.0843,0.038245
3201.3173,0.038227
3201.5502,0.038189
3201.7832,0.038129
3202.0162,0.038052
3202.2491,0.037973
3202.4821,0.037910
3202.7150,0.037876
3202.9480,0.037875
3203.1810,0.037898
3203.4139,0.037926
3203.6469,0.037935
3203.8798,0.037910
3204.1128,0.037851
3204.3457,0.037771
3204.5787,0.037690
3204.8117,0.037631
3205.0446,0.037605
3205.2776,0.037616
3205.5105,0.037656
3205.7435,0.037718
3205.9765,0.037799
3206.2094,0.037898
3206.4424,0.038019
3206.6753,0.038158
3206.9083,0.038306
3207.1413,0.038441
3207.3742,0.038539
3207.6072,0.038584
3207.8401,0.038570
3208.0731,0.038511
3208.3060,0.038430
3208.5390,0.038355
3208.7720,0.038306
3209.0049,0.038289
3209.2379,0.038295
3209.4708,0.038307
3209.7038,0.038308
3209.9368,0.038286
3210.1697,0.038239
3210.4027,0.038176
3210.6356,0.038107
3210.8686,0.038041
3211.1015,0.037987
3211.3345,0.037947
3211.5675,0.037923
3211.8004,0.037915
3212.0334,0.037922
3212.2663,0.037941
3212.4993,0.037968
3212.7323,0.037993
3212.9652,0.038010
3213.1982,0.038011
3213.4311,0.037999
3213.6641,0.037981
3213.8971,0.037969
3214.1300,0.037973
3214.3630,0.038002
3214.5959,0.038058
3214.8289,0.038135
3215.0618,0.038224
3215.2948,0.038314
3215.5278,0.038396
3215.7607,0.038461
3215.9937,0.038504
3216.2266,0.038517
3216.4596,0.038499
3216.6926,0.038452
3216.9255,0.038381
3217.1585,0.038301
3217.3914,0.038229
3217.6244,0.038178
3217.8573,0.038159
3218.0903,0.038170
3218.3233,0.038205
3218.5562,0.038252
3218.7892,0.038298
3219.0221,0.038336
3219.2551,0.038361
3219.4881,0.038375
3219.7210,0.038378
3219.9540,0.038373
3220.1869,0.038360
3220.4199,0.038342
3220.6528,0.038325
3220.8858,0.038317
3221.1188,0.038327
3221.3517,0.038360
3221.5847,0.038413
3221.8176,0.038476
3222.0506,0.038534
3222.2836,0.038573
3222.5165,0.038587
3222.7495,0.038574
3222.9824,0.038545
3223.2154,0.038510
3223.4484,0.038478
3223.6813,0.038452
3223.9143,0.038431
3224.1472,0.038413
3224.3802,0.038398
3224.6131,0.038392
3224.8461,0.038403
3225.0791,0.038437
3225.3120,0.038492
3225.5450,0.038559
3225.7779,0.038622
3226.0109,0.038663
3226.2439,0.038674
3226.4768,0.038654
3226.7098,0.038611
3226.9427,0.038561
3227.1757,0.038515
3227.4086,0.038481
3227.6416,0.038458
3227.8746,0.038441
3228.1075,0.038428
3228.3405,0.038421
3228.5734,0.038426
3228.8064,0.038449
3229.0394,0.038490
3229.2723,0.038542
3229.5053,0.038589
3229.7382,0.038615
3229.9712,0.038610
3230.2042,0.038575
3230.4371,0.038521
3230.6701,0.038469
3230.9030,0.038435
3231.1360,0.038430
3231.3689,0.038454
3231.6019,0.038498
3231.8349,0.038550
3232.0678,0.038600
3232.3008,0.038642
3232.5337,0.038678
3232.7667,0.038711
3232.9997,0.038745
3233.2326,0.038781
3233.4656,0.038821
3233.6985,0.038866
3233.9315,0.038917
3234.1644,0.038977
3234.3974,0.039044
3234.6304,0.039111
3234.8633,0.039167
3235.0963,0.039196
3235.3292,0.039190
3235.5622,0.039147
3235.7952,0.039079
3236.0281,0.039004
3236.2611,0.038944
3236.4940,0.038912
3236.7270,0.038912
3236.9600,0.038934
3237.1929,0.038961
3237.4259,0.038979
3237.6588,0.038979
3237.8918,0.038962
3238.1247,0.038936
3238.3577,0.038911
3238.5907,0.038897
3238.8236,0.038896
3239.0566,0.038908
3239.2895,0.038933
3239.5225,0.038970
3239.7555,0.039021
3239.9884,0.039086
3240.2214,0.039158
3240.4543,0.039225
3240.6873,0.039274
3240.9202,0.039288
3241.1532,0.039263
3241.3862,0.039205
3241.6191,0.039131
3241.8521,0.039063
3242.0850,0.039017
3242.3180,0.039003
3242.5510,0.039016
3242.7839,0.039042
3243.0169,0.039065
3243.2498,0.039074
3243.4828,0.039065
3243.7158,0.039042
3243.9487,0.039017
3244.1817,0.038997
3244.4146,0.038990
3244.6476,0.038997
3244.8805,0.039019
3245.1135,0.039054
3245.3465,0.039099
3245.5794,0.039148
3245.8124,0.039193
3246.0453,0.039225
3246.2783,0.039231
3246.5113,0.039206
3246.7442,0.039153
3246.9772,0.039087
3247.2101,0.039025
3247.4431,0.038987
3247.6760,0.038986
3247.9090,0.039019
3248.1420,0.039077
3248.3749,0.039141
3248.6079,0.039196
3248.8408,0.039235
3249.0738,0.039261
3249.3068,0.039286
3249.5397,0.039319
3249.7727,0.039365
3250.0056,0.039421
3250.2386,0.039474
3250.4716,0.039511
3250.7045,0.039522
3250.9375,0.039504
3251.1704,0.039464
3251.4034,0.039411
3251.6363,0.039356
3251.8693,0.039307
3252.1023,0.039265
3252.3352,0.039231
3252.5682,0.039205
3252.8011,0.039189
3253.0341,0.039186
3253.2671,0.039200
3253.5000,0.039232
3253.7330,0.039280
3253.9659,0.039339
3254.1989,0.039402
3254.4318,0.039462
3254.6648,0.039518
3254.8978,0.039566
3255.1307,0.039609
3255.3637,0.039648
3255.5966,0.039684
3255.8296,0.039720
3256.0626,0.039757
3256.2955,0.039797
3256.5285,0.039836
3256.7614,0.039868
3256.9944,0.039885
3257.2274,0.039877
3257.4603,0.039836
3257.6933,0.039763
3257.9262,0.039667
3258.1592,0.039564
3258.3921,0.039473
3258.6251,0.039409
3258.8581,0.039379
3259.0910,0.039381
3259.3240,0.039406
3259.5569,0.039441
3259.7899,0.039479
3260.0229,0.039516
3260.2558,0.039551
3260.4888,0.039584
3260.7217,0.039611
3260.9547,0.039623
3261.1876,0.039614
3261.4206,0.039581
3261.6536,0.039528
3261.8865,0.039469
3262.1195,0.039422
3262.3524,0.039401
3262.5854,0.039410
3262.8184,0.039443
3263.0513,0.039481
3263.2843,0.039505
3263.5172,0.039499
3263.7502,0.039459
3263.9832,0.039393
3264.2161,0.039316
3264.4491,0.039244
3264.6820,0.039188
3264.9150,0.039152
3265.1479,0.039136
3265.3809,0.039136
3265.6139,0.039147
3265.8468,0.039168
3266.0798,0.039195
3266.3127,0.039223
3266.5457,0.039245
3266.7787,0.039252
3267.0116,0.039239
3267.2446,0.039206
3267.4775,0.039162
3267.7105,0.039121
3267.9434,0.039097
3268.1764,0.039099
3268.4094,0.039130
3268.6423,0.039182
3268.8753,0.039245
3269.1082,0.039309
3269.3412,0.039365
3269.5742,0.039411
3269.8071,0.039447
3270.0401,0.039474
3270.2730,0.039492
3270.5060,0.039501
3270.7390,0.039504
3270.9719,0.039508
3271.2049,0.039520
3271.4378,0.039551
3271.6708,0.039605
3271.9037,0.039679
3272.1367,0.039763
3272.3697,0.039841
3272.6026,0.039899
3272.8356,0.039931
3273.0685,0.039938
3273.3015,0.039927
3273.5345,0.039908
3273.7674,0.039885
3274.0004,0.039858
3274.2333,0.039822
3274.4663,0.039772
3274.6992,0.039710
3274.9322,0.039642
3275.1652,0.039584
3275.3981,0.039549
3275.6311,0.039543
3275.8640,0.039565
3276.0970,0.039606
3276.3300,0.039651
3276.5629,0.039689
3276.7959,0.039714
3277.0288,0.039726
3277.2618,0.039728
3277.4948,0.039723
3277.7277,0.039713
3277.9607,0.039694
3278.1936,0.039664
3278.4266,0.039624
3278.6595,0.039578
3278.8925,0.039530
3279.1255,0.039487
3279.3584,0.039449
3279.5914,0.039413
3279.8243,0.039374
3280.0573,0.039331
3280.2903,0.039285
3280.5232,0.039244
3280.7562,0.039217
3280.9891,0.039210
3281.2221,0.039221
3281.4550,0.039239
3281.6880,0.039250
3281.9210,0.039242
3282.1539,0.039215
3282.3869,0.039177
3282.6198,0.039143
3282.8528,0.039132
3283.0858,0.039152
3283.3187,0.039204
3283.5517,0.039275
3283.7846,0.039349
3284.0176,0.039410
3284.2506,0.039447
3284.4835,0.039458
3284.7165,0.039446
3284.9494,0.039415
3285.1824,0.039369
3285.4153,0.039312
3285.6483,0.039251
3285.8813,0.039194
3286.1142,0.039153
3286.3472,0.039137
3286.5801,0.039151
3286.8131,0.039186
3287.0461,0.039228
3287.2790,0.039257
3287.5120,0.039258
3287.7449,0.039227
3287.9779,0.039172
3288.2108,0.039114
3288.4438,0.039074
3288.6768,0.039065
3288.9097,0.039090
3289.1427,0.039140
3289.3756,0.039198
3289.6086,0.039248
3289.8416,0.039280
3290.0745,0.039291
3290.3075,0.039282
3290.5404,0.039258
3290.7734,0.039219
3291.0064,0.039169
3291.2393,0.039111
3291.4723,0.039058
3291.7052,0.039024
3291.9382,0.039027
3292.1711,0.039079
3292.4041,0.039181
3292.6371,0.039320
3292.8700,0.039471
3293.1030,0.039609
3293.3359,0.039711
3293.5689,0.039770
3293.8019,0.039786
3294.0348,0.039773
3294.2678,0.039742
3294.5007,0.039702
3294.7337,0.039658
3294.9666,0.039610
3295.1996,0.039558
3295.4326,0.039506
3295.6655,0.039457
3295.8985,0.039417
3296.1314,0.039387
3296.3644,0.039366
3296.5974,0.039352
3296.8303,0.039343
3297.0633,0.039343
3297.2962,0.039358
3297.5292,0.039393
3297.7622,0.039449
3297.9951,0.039515
3298.2281,0.039572
3298.4610,0.039592
3298.6940,0.039556
3298.9269,0.039453
3299.1599,0.039289
3299.3929,0.039086
3299.6258,0.038870
3299.8588,0.038669
3300.0917,0.038501
3300.3247,0.038377
3300.5577,0.038301
3300.7906,0.038273
3301.0236,0.038289
3301.2565,0.038344
3301.4895,0.038427
3301.7224,0.038520
3301.9554,0.038600
3302.1884,0.038644
3302.4213,0.038639
3302.6543,0.038588
3302.8872,0.038510
3303.1202,0.038435
3303.3532,0.038396
3303.5861,0.038413
3303.8191,0.038488
3304.0520,0.038606
3304.2850,0.038742
3304.5180,0.038872
3304.7509,0.038981
3304.9839,0.039066
3305.2168,0.039136
3305.4498,0.039201
3305.6827,0.039268
3305.9157,0.039338
3306.1487,0.039403
3306.3816,0.039458
3306.6146,0.039500
3306.8475,0.039533
3307.0805,0.039565
3307.3135,0.039606
3307.5464,0.039659
3307.7794,0.039723
3308.0123,0.039791
3308.2453,0.039852
3308.4782,0.039896
3308.7112,0.039919
3308.9442,0.039917
3309.1771,0.039890
3309.4101,0.039838
3309.6430,0.039767
3309.8760,0.039683
3310.1090,0.039596
3310.3419,0.039521
3310.5749,0.039467
3310.8078,0.039443
3311.0408,0.039449
3311.2738,0.039479
3311.5067,0.039522
3311.7397,0.039569
3311.9726,0.039613
3312.2056,0.039652
3312.4385,0.039684
3312.6715,0.039705
3312.9045,0.039710
3313.1374,0.039689
3313.3704,0.039635
3313.6033,0.039546
3313.8363,0.039433
3314.0693,0.039315
3314.3022,0.039213
3314.5352,0.039144
3314.7681,0.039113
3315.0011,0.039114
3315.2340,0.039131
3315.4670,0.039145
3315.7000,0.039142
3315.9329,0.039116
3316.1659,0.039067
3316.3988,0.039003
3316.6318,0.038925
3316.8648,0.038839
3317.0977,0.038745
3317.3307,0.038650
3317.5636,0.038564
3317.7966,0.038501
3318.0296,0.038475
3318.2625,0.038492
3318.4955,0.038549
3318.7284,0.038630
3318.9614,0.038716
3319.1943,0.038790
3319.4273,0.038844
3319.6603,0.038882
3319.8932,0.038911
3320.1262,0.038942
3320.3591,0.038975
3320.5921,0.039003
3320.8251,0.039011
3321.0580,0.038988
3321.2910,0.038933
3321.5239,0.038855
3321.7569,0.038773
3321.9898,0.038706
3322.2228,0.038667
3322.4558,0.038660
3322.6887,0.038677
3322.9217,0.038710
3323.1546,0.038754
3323.3876,0.038808
3323.6206,0.038876
3323.8535,0.038960
3324.0865,0.039056
3324.3194,0.039152
3324.5524,0.039234
3324.7854,0.039289
3325.0183,0.039317
3325.2513,0.039329
3325.4842,0.039343
3325.7172,0.039373
3325.9501,0.039425
3326.1831,0.039492
3326.4161,0.039555
3326.6490,0.039597
3326.8820,0.039607
3327.1149,0.039591
3327.3479,0.039563
3327.5809,0.039541
3327.8138,0.039536
3328.0468,0.039543
3328.2797,0.039550
3328.5127,0.039536
3328.7456,0.039492
3328.9786,0.039418
3329.2116,0.039333
3329.4445,0.039260
3329.6775,0.039219
3329.9104,0.039219
3330.1434,0.039254
3330.3764,0.039304
3330.6093,0.039350
3330.8423,0.039374
3331.0752,0.039373
3331.3082,0.039352
3331.5412,0.039323
3331.7741,0.039294
3332.0071,0.039271
3332.2400,0.039253
3332.4730,0.039234
3332.7059,0.039210
3332.9389,0.039179
3333.1719,0.039145
3333.4048,0.039112
3333.6378,0.039088
3333.8707,0.039081
3334.1037,0.039098
3334.3367,0.039142
3334.5696,0.039211
3334.8026,0.039299
3335.0355,0.039390
3335.2685,0.039465
3335.5014,0.039507
3335.7344,0.039507
3335.9674,0.039470
3336.2003,0.039417
3336.4333,0.039378
3336.6662,0.039381
3336.8992,0.039440
3337.1322,0.039547
3337.3651,0.039676
3337.5981,0.039791
3337.8310,0.039858
3338.0640,0.039862
3338.2970,0.039811
3338.5299,0.039732
3338.7629,0.039657
3338.9958,0.039616
3339.2288,0.039622
3339.4617,0.039671
3339.6947,0.039748
3339.9277,0.039833
3340.1606,0.039911
3340.3936,0.039974
3340.6265,0.040018
3340.8595,0.040041
3341.0925,0.040041
3341.3254,0.040015
3341.5584,0.039961
3341.7913,0.039888
3342.0243,0.039809
3342.2572,0.039742
3342.4902,0.039702
3342.7232,0.039698
3342.9561,0.039726
3343.1891,0.039776
3343.4220,0.039831
3343.6550,0.039882
3343.8880,0.039922
3344.1209,0.039952
3344.3539,0.039973
3344.5868,0.039986
3344.8198,0.039983
3345.0528,0.039956
3345.2857,0.039903
3345.5187,0.039830
3345.7516,0.039751
3345.9846,0.039690
3346.2175,0.039664
3346.4505,0.039682
3346.6835,0.039740
3346.9164,0.039818
3347.1494,0.039895
3347.3823,0.039949
3347.6153,0.039974
3347.8483,0.039970
3348.0812,0.039948
3348.3142,0.039921
3348.5471,0.039898
3348.7801,0.039885
3349.0130,0.039882
3349.2460,0.039891
3349.4790,0.039910
3349.7119,0.039939
3349.9449,0.039972
3350.1778,0.040002
3350.4108,0.040018
3350.6438,0.040012
3350.8767,0.039984
3351.1097,0.039945
3351.3426,0.039913
3351.5756,0.039908
3351.8086,0.039941
3352.0415,0.040013
3352.2745,0.040107
3352.5074,0.040199
3352.7404,0.040264
3352.9733,0.040289
3353.2063,0.040274
3353.4393,0.040232
3353.6722,0.040183
3353.9052,0.040142
3354.1381,0.040119
3354.3711,0.040113
3354.6041,0.040116
3354.8370,0.040118
3355.0700,0.040109
3355.3029,0.040081
3355.5359,0.040029
3355.7688,0.039949
3356.0018,0.039841
3356.2348,0.039717
3356.4677,0.039595
3356.7007,0.039503
3356.9336,0.039467
3357.1666,0.039502
3357.3996,0.039602
3357.6325,0.039741
3357.8655,0.039877
3358.0984,0.039967
3358.3314,0.039986
3358.5643,0.039933
3358.7973,0.039833
3359.0303,0.039728
3359.2632,0.039655
3359.4962,0.039638
3359.7291,0.039679
3359.9621,0.039761
3360.1951,0.039858
3360.4280,0.039952
3360.6610,0.040036
3360.8939,0.040114
3361.1269,0.040193
3361.3599,0.040277
3361.5928,0.040359
3361.8258,0.040425
3362.0587,0.040463
3362.2917,0.040470
3362.5246,0.040453
3362.7576,0.040427
3362.9906,0.040407
3363.2235,0.040398
3363.4565,0.040393
3363.6894,0.040375
3363.9224,0.040330
3364.1554,0.040256
3364.3883,0.040162
3364.6213,0.040074
3364.8542,0.040016
3365.0872,0.040003
3365.3201,0.040037
3365.5531,0.040105
3365.7861,0.040188
3366.0190,0.040269
3366.2520,0.040341
3366.4849,0.040405
3366.7179,0.040467
3366.9509,0.040532
3367.1838,0.040597
3367.4168,0.040657
3367.6497,0.040706
3367.8827,0.040745
3368.1157,0.040781
3368.3486,0.040824
3368.5816,0.040882
3368.8145,0.040950
3369.0475,0.041016
3369.2804,0.041059
3369.5134,0.041067
3369.7464,0.041041
3369.9793,0.040999
3370.2123,0.040966
3370.4452,0.040968
3370.6782,0.041015
3370.9112,0.041102
3371.1441,0.041208
3371.3771,0.041307
3371.6100,0.041379
3371.8430,0.041418
3372.0759,0.041428
3372.3089,0.041419
3372.5419,0.041398
3372.7748,0.041363
3373.0078,0.041309
3373.2407,0.041235
3373.4737,0.041149
3373.7067,0.041071
3373.9396,0.041025
3374.1726,0.041032
3374.4055,0.041095
3374.6385,0.041196
3374.8715,0.041303
3375.1044,0.041378
3375.3374,0.041397
3375.5703,0.041355
3375.8033,0.041268
3376.0362,0.041164
3376.2692,0.041071
3376.5022,0.041004
3376.7351,0.040966
3376.9681,0.040947
3377.2010,0.040936
3377.4340,0.040926
3377.6670,0.040918
3377.8999,0.040915
3378.1329,0.040917
3378.3658,0.040919
3378.5988,0.040913
3378.8317,0.040886
3379.0647,0.040836
3379.2977,0.040766
3379.5306,0.040688
3379.7636,0.040615
3379.9965,0.040555
3380.2295,0.040509
3380.4625,0.040471
3380.6954,0.040434
3380.9284,0.040395
3381.1613,0.040359
3381.3943,0.040332
3381.6273,0.040320
3381.8602,0.040318
3382.0932,0.040314
3382.3261,0.040291
3382.5591,0.040241
3382.7920,0.040167
3383.0250,0.040089
3383.2580,0.040037
3383.4909,0.040036
3383.7239,0.040096
3383.9568,0.040206
3384.1898,0.040340
3384.4228,0.040461
3384.6557,0.040543
3384.8887,0.040575
3385.1216,0.040562
3385.3546,0.040521
3385.5875,0.040467
3385.8205,0.040410
3386.0535,0.040347
3386.2864,0.040273
3386.5194,0.040186
3386.7523,0.040091
3386.9853,0.040003
3387.2183,0.039940
3387.4512,0.039914
3387.6842,0.039929
3387.9171,0.039977
3388.1501,0.040042
3388.3831,0.040109
3388.6160,0.040165
3388.8490,0.040203
3389.0819,0.040217
3389.3149,0.040202
3389.5478,0.040152
3389.7808,0.040065
3390.0138,0.039948
3390.2467,0.039820
3390.4797,0.039711
3390.7126,0.039653
3390.9456,0.039668
3391.1786,0.039759
3391.4115,0.039910
3391.6445,0.040090
3391.8774,0.040268
3392.1104,0.040423
3392.3433,0.040553
3392.5763,0.040667
3392.8093,0.040781
3393.0422,0.040898
3393.2752,0.041010
3393.5081,0.041097
3393.7411,0.041137
3393.9741,0.041118
3394.2070,0.041047
3394.4400,0.040946
3394.6729,0.040843
3394.9059,0.040761
3395.1389,0.040711
3395.3718,0.040689
3395.6048,0.040683
3395.8377,0.040686
3396.0707,0.040697
3396.3036,0.040727
3396.5366,0.040787
3396.7696,0.040882
3397.0025,0.041004
3397.2355,0.041132
3397.4684,0.041239
3397.7014,0.041304
3397.9344,0.041319
3398.1673,0.041293
3398.4003,0.041243
3398.6332,0.041188
3398.8662,0.041143
3399.0991,0.041111
3399.3321,0.041094
3399.5651,0.041086
3399.7980,0.041089
3400.0310,0.041103
3400.2639,0.041131
3400.4969,0.041168
3400.7299,0.041209
3400.9628,0.041243
3401.1958,0.041262
3401.4287,0.041269
3401.6617,0.041272
3401.8947,0.041281
3402.1276,0.041301
3402.3606,0.041327
3402.5935,0.041344
3402.8265,0.041333
3403.0594,0.041281
3403.2924,0.041193
3403.5254,0.041089
3403.7583,0.040995
3403.9913,0.040937
3404.2242,0.040923
3404.4572,0.040941
3404.6902,0.040967
3404.9231,0.040976
3405.1561,0.040956
3405.3890,0.040915
3405.6220,0.040876
3405.8549,0.040865
3406.0879,0.040897
3406.3209,0.040965
3406.5538,0.041044
3406.7868,0.041097
3407.0197,0.041097
3407.2527,0.041034
3407.4857,0.040922
3407.7186,0.040788
3407.9516,0.040664
3408.1845,0.040574
3408.4175,0.040529
3408.6505,0.040527
3408.8834,0.040560
3409.1164,0.040618
3409.3493,0.040693
3409.5823,0.040775
3409.8152,0.040849
3410.0482,0.040898
3410.2812,0.040900
3410.5141,0.040846
3410.7471,0.040740
3410.9800,0.040607
3411.2130,0.040482
3411.4460,0.040403
3411.6789,0.040394
3411.9119,0.040458
3412.1448,0.040578
3412.3778,0.040723
3412.6107,0.040866
3412.8437,0.040989
3413.0767,0.041087
3413.3096,0.041166
3413.5426,0.041231
3413.7755,0.041280
3414.0085,0.041304
3414.2415,0.041290
3414.4744,0.041232
3414.7074,0.041139
3414.9403,0.041030
3415.1733,0.040928
3415.4063,0.040855
3415.6392,0.040817
3415.8722,0.040806
3416.1051,0.040806
3416.3381,0.040799
3416.5710,0.040778
3416.8040,0.040745
3417.0370,0.040713
3417.2699,0.040693
3417.5029,0.040694
3417.7358,0.040718
3417.9688,0.040759
3418.2018,0.040812
3418.4347,0.040876
3418.6677,0.040951
3418.9006,0.041037
3419.1336,0.041128
3419.3665,0.041208
3419.5995,0.041254
3419.8325,0.041248
3420.0654,0.041176
3420.2984,0.041046
3420.5313,0.040878
3420.7643,0.040705
3420.9973,0.040559
3421.2302,0.040462
3421.4632,0.040422
3421.6961,0.040435
3421.9291,0.040484
3422.1621,0.040548
3422.3950,0.040606
3422.6280,0.040639
3422.8609,0.040636
3423.0939,0.040591
3423.3268,0.040506
3423.5598,0.040396
3423.7928,0.040283
3424.0257,0.040188
3424.2587,0.040130
3424.4916,0.040112
3424.7246,0.040124
3424.9576,0.040143
3425.1905,0.040147
3425.4235,0.040120
3425.6564,0.040065
3425.8894,0.039999
3426.1223,0.039944
3426.3553,0.039917
3426.5883,0.039918
3426.8212,0.039934
3427.0542,0.039945
3427.2871,0.039935
3427.5201,0.039903
3427.7531,0.039865
3427.9860,0.039847
3428.2190,0.039867
3428.4519,0.039926
3428.6849,0.040007
3428.9179,0.040078
3429.1508,0.040113
3429.3838,0.040103
3429.6167,0.040065
3429.8497,0.040034
3430.0826,0.040047
3430.3156,0.040130
3430.5486,0.040277
3430.7815,0.040459
3431.0145,0.040634
3431.2474,0.040762
3431.4804,0.040824
3431.7134,0.040826
3431.9463,0.040787
3432.1793,0.040736
3432.4122,0.040688
3432.6452,0.040649
3432.8781,0.040612
3433.1111,0.040566
3433.3441,0.040508
3433.5770,0.040445
3433.8100,0.040388
3434.0429,0.040350
3434.2759,0.040332
3434.5089,0.040330
3434.7418,0.040331
3434.9748,0.040323
3435.2077,0.040299
3435.4407,0.040263
3435.6737,0.040221
3435.9066,0.040179
3436.1396,0.040136
3436.3725,0.040087
3436.6055,0.040024
3436.8384,0.039945
3437.0714,0.039856
3437.3044,0.039768
3437.5373,0.039696
3437.7703,0.039650
3438.0032,0.039632
3438.2362,0.039633
3438.4692,0.039645
3438.7021,0.039656
3438.9351,0.039664
3439.1680,0.039668
3439.4010,0.039667
3439.6339,0.039657
3439.8669,0.039630
3440.0999,0.039578
3440.3328,0.039502
3440.5658,0.039416
3440.7987,0.039343
3441.0317,0.039311
3441.2647,0.039337
3441.4976,0.039420
3441.7306,0.039536
3441.9635,0.039652
3442.1965,0.039732
3442.4295,0.039762
3442.6624,0.039749
3442.8954,0.039719
3443.1283,0.039704
3443.3613,0.039722
3443.5942,0.039770
3443.8272,0.039824
3444.0602,0.039851
3444.2931,0.039829
3444.5261,0.039758
3444.7590,0.039661
3444.9920,0.039574
3445.2250,0.039530
3445.4579,0.039538
3445.6909,0.039583
3445.9238,0.039630
3446.1568,0.039639
3446.3897,0.039589
3446.6227,0.039482
3446.8557,0.039343
3447.0886,0.039211
3447.3216,0.039123
3447.5545,0.039098
3447.7875,0.039135
3448.0205,0.039214
3448.2534,0.039311
3448.4864,0.039407
3448.7193,0.039493
3448.9523,0.039569
3449.1853,0.039637
3449.4182,0.039696
3449.6512,0.039741
3449.8841,0.039760
3450.1171,0.039745
3450.3500,0.039693
3450.5830,0.039609
3450.8160,0.039507
3451.0489,0.039404
3451.2819,0.039316
3451.5148,0.039255
3451.7478,0.039223
3451.9808,0.039219
3452.2137,0.039236
3452.4467,0.039263
3452.6796,0.039293
3452.9126,0.039316
3453.1455,0.039329
3453.3785,0.039327
3453.6115,0.039313
3453.8444,0.039291
3454.0774,0.039265
3454.3103,0.039239
3454.5433,0.039219
3454.7763,0.039208
3455.0092,0.039213
3455.2422,0.039241
3455.4751,0.039298
3455.7081,0.039386
3455.9411,0.039496
3456.1740,0.039609
3456.4070,0.039694
3456.6399,0.039722
3456.8729,0.039667
3457.1058,0.039525
3457.3388,0.039311
3457.5718,0.039056
3457.8047,0.038801
3458.0377,0.038578
3458.2706,0.038409
3458.5036,0.038297
3458.7366,0.038233
3458.9695,0.038203
3459.2025,0.038195
3459.4354,0.038204
3459.6684,0.038230
3459.9013,0.038274
3460.1343,0.038330
3460.3673,0.038390
3460.6002,0.038441
3460.8332,0.038471
3461.0661,0.038479
3461.2991,0.038468
3461.5321,0.038452
3461.7650,0.038440
3461.9980,0.038441
3462.2309,0.038456
3462.4639,0.038482
3462.6969,0.038516
3462.9298,0.038558
3463.1628,0.038608
3463.3957,0.038666
3463.6287,0.038725
3463.8616,0.038776
3464.0946,0.038808
3464.3276,0.038815
3464.5605,0.038802
3464.7935,0.038786
3465.0264,0.038790
3465.2594,0.038830
3465.4924,0.038908
3465.7253,0.039011
3465.9583,0.039107
3466.1912,0.039167
3466.4242,0.039170
3466.6571,0.039115
3466.8901,0.039018
3467.1231,0.038905
3467.3560,0.038794
3467.5890,0.038692
3467.8219,0.038588
3468.0549,0.038467
3468.2879,0.038319
3468.5208,0.038151
3468.7538,0.037989
3468.9867,0.037868
3469.2197,0.037823
3469.4527,0.037868
3469.6856,0.037996
3469.9186,0.038182
3470.1515,0.038387
3470.3845,0.038577
3470.6174,0.038727
3470.8504,0.038827
3471.0834,0.038878
3471.3163,0.038883
3471.5493,0.038851
3471.7822,0.038792
3472.0152,0.038721
3472.2482,0.038657
3472.4811,0.038621
3472.7141,0.038626
3472.9470,0.038672
3473.1800,0.038743
3473.4129,0.038810
3473.6459,0.038845
3473.8789,0.038833
3474.1118,0.038777
3474.3448,0.038695
3474.5777,0.038614
3474.8107,0.038549
3475.0437,0.038501
3475.2766,0.038454
3475.5096,0.038383
3475.7425,0.038277
3475.9755,0.038140
3476.2085,0.038001
3476.4414,0.037896
3476.6744,0.037856
3476.9073,0.037888
3477.1403,0.037972
3477.3732,0.038069
3477.6062,0.038133
3477.8392,0.038133
3478.0721,0.038058
3478.3051,0.037924
3478.5380,0.037756
3478.7710,0.037584
3479.0040,0.037431
3479.2369,0.037308
3479.4699,0.037224
3479.7028,0.037184
3479.9358,0.037197
3480.1687,0.037266
3480.4017,0.037388
3480.6347,0.037547
3480.8676,0.037719
3481.1006,0.037874
3481.3335,0.037997
3481.5665,0.038086
3481.7995,0.038159
3482.0324,0.038237
3482.2654,0.038332
3482.4983,0.038435
3482.7313,0.038518
3482.9643,0.038541
3483.1972,0.038478
3483.4302,0.038325
3483.6631,0.038114
3483.8961,0.037892
3484.1290,0.037708
3484.3620,0.037591
3484.5950,0.037539
3484.8279,0.037523
3485.0609,0.037504
3485.2938,0.037450
3485.5268,0.037353
3485.7598,0.037227
3485.9927,0.037102
3486.2257,0.037007
3486.4586,0.036955
3486.6916,0.036947
3486.9245,0.036969
3487.1575,0.037010
3487.3905,0.037069
3487.6234,0.037150
3487.8564,0.037262
3488.0893,0.037406
3488.3223,0.037564
3488.5553,0.037705
3488.7882,0.037795
3489.0212,0.037806
3489.2541,0.037734
3489.4871,0.037597
3489.7201,0.037428
3489.9530,0.037264
3490.1860,0.037132
3490.4189,0.037047
3490.6519,0.037011
3490.8848,0.037017
3491.1178,0.037058
3491.3508,0.037128
3491.5837,0.037217
3491.8167,0.037309
3492.0496,0.037382
3492.2826,0.037411
3492.5156,0.037378
3492.7485,0.037279
3492.9815,0.037129
3493.2144,0.036958
3493.4474,0.036798
3493.6803,0.036673
3493.9133,0.036593
3494.1463,0.036551
3494.3792,0.036531
3494.6122,0.036518
3494.8451,0.036507
3495.0781,0.036501
3495.3111,0.036510
3495.5440,0.036539
3495.7770,0.036588
3496.0099,0.036643
3496.2429,0.036690
3496.4758,0.036716
3496.7088,0.036718
3496.9418,0.036702
3497.1747,0.036679
3497.4077,0.036657
3497.6406,0.036636
3497.8736,0.036612
3498.1066,0.036576
3498.3395,0.036523
3498.5725,0.036457
3498.8054,0.036386
3499.0384,0.036319
3499.2714,0.036261
3499.5043,0.036213
3499.7373,0.036172
3499.9702,0.036134
3500.2032,0.036105
3500.4361,0.036091
3500.6691,0.036101
3500.9021,0.036140
3501.1350,0.036196
3501.3680,0.036250
3501.6009,0.036278
3501.8339,0.036264
3502.0669,0.036206
3502.2998,0.036124
3502.5328,0.036045
3502.7657,0.035998
3502.9987,0.035995
3503.2316,0.036032
3503.4646,0.036087
3503.6976,0.036138
3503.9305,0.036167
3504.1635,0.036177
3504.3964,0.036182
3504.6294,0.036199
3504.8624,0.036240
3505.0953,0.036299
3505.3283,0.036357
3505.5612,0.036388
3505.7942,0.036370
3506.0272,0.036297
3506.2601,0.036178
3506.4931,0.036031
3506.7260,0.035878
3506.9590,0.035736
3507.1919,0.035616
3507.4249,0.035527
3507.6579,0.035474
3507.8908,0.035467
3508.1238,0.035510
3508.3567,0.035605
3508.5897,0.035743
3508.8227,0.035902
3509.0556,0.036057
3509.2886,0.036183
3509.5215,0.036266
3509.7545,0.036307
3509.9874,0.036314
3510.2204,0.036297
3510.4534,0.036261
3510.6863,0.036204
3510.9193,0.036118
3511.1522,0.036000
3511.3852,0.035855
3511.6182,0.035704
3511.8511,0.035571
3512.0841,0.035477
3512.3170,0.035431
3512.5500,0.035428
3512.7830,0.035449
3513.0159,0.035476
3513.2489,0.035493
3513.4818,0.035493
3513.7148,0.035478
3513.9477,0.035450
3514.1807,0.035406
3514.4137,0.035338
3514.6466,0.035239
3514.8796,0.035107
3515.1125,0.034957
3515.3455,0.034815
3515.5785,0.034711
3515.8114,0.034670
3516.0444,0.034697
3516.2773,0.034778
3516.5103,0.034880
3516.7432,0.034970
3516.9762,0.035024
3517.2092,0.035033
3517.4421,0.035009
3517.6751,0.034970
3517.9080,0.034933
3518.1410,0.034911
3518.3740,0.034908
3518.6069,0.034925
3518.8399,0.034965
3519.0728,0.035030
3519.3058,0.035120
3519.5388,0.035223
3519.7717,0.035315
3520.0047,0.035359
3520.2376,0.035322
3520.4706,0.035188
3520.7035,0.034971
3520.9365,0.034715
3521.1695,0.034480
3521.4024,0.034323
3521.6354,0.034279
3521.8683,0.034345
3522.1013,0.034489
3522.3343,0.034658
3522.5672,0.034798
3522.8002,0.034874
3523.0331,0.034874
3523.2661,0.034803
3523.4990,0.034681
3523.7320,0.034528
3523.9650,0.034363
3524.1979,0.034204
3524.4309,0.034072
3524.6638,0.033989
3524.8968,0.033970
3525.1298,0.034021
3525.3627,0.034126
3525.5957,0.034253
3525.8286,0.034359
3526.0616,0.034407
3526.2946,0.034380
3526.5275,0.034288
3526.7605,0.034161
3526.9934,0.034041
3527.2264,0.033958
3527.4593,0.033926
3527.6923,0.033937
3527.9253,0.033970
3528.1582,0.034002
3528.3912,0.034020
3528.6241,0.034021
3528.8571,0.034014
3529.0901,0.034004
3529.3230,0.033993
3529.5560,0.033974
3529.7889,0.033943
3530.0219,0.033899
3530.2548,0.033850
3530.4878,0.033811
3530.7208,0.033794
3530.9537,0.033801
3531.1867,0.033820
3531.4196,0.033833
3531.6526,0.033820
3531.8856,0.033777
3532.1185,0.033715
3532.3515,0.033659
3532.5844,0.033635
3532.8174,0.033656
3533.0504,0.033717
3533.2833,0.033795
3533.5163,0.033857
3533.7492,0.033879
3533.9822,0.033852
3534.2151,0.033789
3534.4481,0.033713
3534.6811,0.033645
3534.9140,0.033597
3535.1470,0.033565
3535.3799,0.033534
3535.6129,0.033491
3535.8459,0.033432
3536.0788,0.033364
3536.3118,0.033306
3536.5447,0.033271
3536.7777,0.033265
3537.0106,0.033274
3537.2436,0.033274
3537.4766,0.033234
3537.7095,0.033135
3537.9425,0.032972
3538.1754,0.032761
3538.4084,0.032528
3538.6414,0.032307
3538.8743,0.032127
3539.1073,0.032009
3539.3402,0.031962
3539.5732,0.031982
3539.8062,0.032055
3540.0391,0.032157
3540.2721,0.032259
3540.5050,0.032331
3540.7380,0.032349
3540.9709,0.032305
3541.2039,0.032206
3541.4369,0.032074
3541.6698,0.031935
3541.9028,0.031814
3542.1357,0.031722
3542.3687,0.031658
3542.6017,0.031609
3542.8346,0.031561
3543.0676,0.031508
3543.3005,0.031453
3543.5335,0.031410
3543.7664,0.031395
3543.9994,0.031419
3544.2324,0.031482
3544.4653,0.031575
3544.6983,0.031685
3544.9312,0.031798
3545.1642,0.031907
3545.3972,0.032007
3545.6301,0.032096
3545.8631,0.032166
3546.0960,0.032208
3546.3290,0.032209
3546.5620,0.032166
3546.7949,0.032085
3547.0279,0.031986
3547.2608,0.031891
3547.4938,0.031820
3547.7267,0.031778
3547.9597,0.031756
3548.1927,0.031736
3548.4256,0.031695
3548.6586,0.031617
3548.8915,0.031500
3549.1245,0.031353
3549.3575,0.031189
3549.5904,0.031023
3549.8234,0.030866
3550.0563,0.030726
3550.2893,0.030613
3550.5222,0.030537
3550.7552,0.030511
3550.9882,0.030542
3551.2211,0.030626
3551.4541,0.030744
3551.6870,0.030865
3551.9200,0.030955
3552.1530,0.030989
3552.3859,0.030961
3552.6189,0.030886
3552.8518,0.030795
3553.0848,0.030716
3553.3178,0.030669
3553.5507,0.030654
3553.7837,0.030655
3554.0166,0.030652
3554.2496,0.030627
3554.4825,0.030576
3554.7155,0.030504
3554.9485,0.030418
3555.1814,0.030325
3555.4144,0.030221
3555.6473,0.030104
3555.8803,0.029973
3556.1133,0.029837
3556.3462,0.029717
3556.5792,0.029636
3556.8121,0.029613
3557.0451,0.029651
3557.2780,0.029736
3557.5110,0.029839
3557.7440,0.029926
3557.9769,0.029978
3558.2099,0.029990
3558.4428,0.029976
3558.6758,0.029957
3558.9088,0.029951
3559.1417,0.029962
3559.3747,0.029983
3559.6076,0.029999
3559.8406,0.029996
3560.0736,0.029968
3560.3065,0.029922
3560.5395,0.029865
3560.7724,0.029808
3561.0054,0.029750
3561.2383,0.029688
3561.4713,0.029616
3561.7043,0.029534
3561.9372,0.029450
3562.1702,0.029381
3562.4031,0.029341
3562.6361,0.029336
3562.8691,0.029359
3563.1020,0.029393
3563.3350,0.029413
3563.5679,0.029403
3563.8009,0.029356
3564.0338,0.029280
3564.2668,0.029194
3564.4998,0.029122
3564.7327,0.029084
3564.9657,0.029095
3565.1986,0.029162
3565.4316,0.029285
3565.6646,0.029456
3565.8975,0.029659
3566.1305,0.029871
3566.3634,0.030055
3566.5964,0.030177
3566.8294,0.030207
3567.0623,0.030140
3567.2953,0.029996
3567.5282,0.029824
3567.7612,0.029678
3567.9941,0.029601
3568.2271,0.029603
3568.4601,0.029662
3568.6930,0.029727
3568.9260,0.029745
3569.1589,0.029673
3569.3919,0.029498
3569.6249,0.029234
3569.8578,0.028914
3570.0908,0.028574
3570.3237,0.028243
3570.5567,0.027940
3570.7896,0.027674
3571.0226,0.027450
3571.2556,0.027275
3571.4885,0.027154
3571.7215,0.027087
3571.9544,0.027069
3572.1874,0.027081
3572.4204,0.027103
3572.6533,0.027118
3572.8863,0.027119
3573.1192,0.027115
3573.3522,0.027123
3573.5852,0.027162
3573.8181,0.027237
3574.0511,0.027341
3574.2840,0.027455
3574.5170,0.027553
3574.7499,0.027622
3574.9829,0.027658
3575.2159,0.027676
3575.4488,0.027690
3575.6818,0.027714
3575.9147,0.027749
3576.1477,0.027782
3576.3807,0.027798
3576.6136,0.027785
3576.8466,0.027743
3577.0795,0.027680
3577.3125,0.027613
3577.5454,0.027555
3577.7784,0.027512
3578.0114,0.027480
3578.2443,0.027448
3578.4773,0.027410
3578.7102,0.027364
3578.9432,0.027316
3579.1762,0.027276
3579.4091,0.027250
3579.6421,0.027238
3579.8750,0.027231
3580.1080,0.027221
3580.3410,0.027200
3580.5739,0.027163
3580.8069,0.027111
3581.0398,0.027045
3581.2728,0.026963
3581.5057,0.026859
3581.7387,0.026731
3581.9717,0.026578
3582.2046,0.026414
3582.4376,0.026260
3582.6705,0.026140
3582.9035,0.026069
3583.1365,0.026053
3583.3694,0.026079
3583.6024,0.026128
3583.8353,0.026179
3584.0683,0.026222
3584.3012,0.026258
3584.5342,0.026300
3584.7672,0.026358
3585.0001,0.026435
3585.2331,0.026521
3585.4660,0.026599
3585.6990,0.026654
3585.9320,0.026684
3586.1649,0.026707
3586.3979,0.026748
3586.6308,0.026832
3586.8638,0.026969
3587.0968,0.027145
3587.3297,0.027322
3587.5627,0.027457
3587.7956,0.027519
3588.0286,0.027502
3588.2615,0.027429
3588.4945,0.027341
3588.7275,0.027268
3588.9604,0.027224
3589.1934,0.027191
3589.4263,0.027136
3589.6593,0.027027
3589.8923,0.026846
3590.1252,0.026601
3590.3582,0.026321
3590.5911,0.026048
3590.8241,0.025814
3591.0570,0.025639
3591.2900,0.025526
3591.5230,0.025466
3591.7559,0.025447
3591.9889,0.025463
3592.2218,0.025511
3592.4548,0.025592
3592.6878,0.025703
3592.9207,0.025832
3593.1537,0.025959
3593.3866,0.026059
3593.6196,0.026110
3593.8526,0.026097
3594.0855,0.026017
3594.3185,0.025886
3594.5514,0.025727
3594.7844,0.025577
3595.0173,0.025469
3595.2503,0.025429
3595.4833,0.025468
3595.7162,0.025576
3595.9492,0.025724
3596.1821,0.025871
3596.4151,0.025973
3596.6481,0.025994
3596.8810,0.025923
3597.1140,0.025775
3597.3469,0.025585
3597.5799,0.025396
3597.8128,0.025245
3598.0458,0.025148
3598.2788,0.025103
3598.5117,0.025093
3598.7447,0.025097
3598.9776,0.025100
3599.2106,0.025097
3599.4436,0.025089
3599.6765,0.025081
3599.9095,0.025072
3600.1424,0.025056
3600.3754,0.025021
3600.6084,0.024960
3600.8413,0.024873
3601.0743,0.024776
3601.3072,0.024685
3601.5402,0.024617
3601.7731,0.024577
3602.0061,0.024557
3602.2391,0.024539
3602.4720,0.024502
3602.7050,0.024438
3602.9379,0.024350
3603.1709,0.024254
3603.4039,0.024167
3603.6368,0.024103
3603.8698,0.024066
3604.1027,0.024048
3604.3357,0.024040
3604.5686,0.024031
3604.8016,0.024020
3605.0346,0.024009
3605.2675,0.024004
3605.5005,0.024006
3605.7334,0.024014
3605.9664,0.024020
3606.1994,0.024022
3606.4323,0.024027
3606.6653,0.024049
3606.8982,0.024109
3607.1312,0.024219
3607.3642,0.024383
3607.5971,0.024585
3607.8301,0.024793
3608.0630,0.024973
3608.2960,0.025098
3608.5289,0.025161
3608.7619,0.025169
3608.9949,0.025142
3609.2278,0.025093
3609.4608,0.025030
3609.6937,0.024946
3609.9267,0.024831
3610.1597,0.024681
3610.3926,0.024502
3610.6256,0.024312
3610.8585,0.024139
3611.0915,0.024004
3611.3244,0.023921
3611.5574,0.023888
3611.7904,0.023899
3612.0233,0.023945
3612.2563,0.024019
3612.4892,0.024118
3612.7222,0.024236
3612.9552,0.024359
3613.1881,0.024468
3613.4211,0.024535
3613.6540,0.024541
3613.8870,0.024480
3614.1200,0.024365
3614.3529,0.024224
3614.5859,0.024086
3614.8188,0.023970
3615.0518,0.023883
3615.2847,0.023816
3615.5177,0.023757
3615.7507,0.023696
3615.9836,0.023632
3616.2166,0.023572
3616.4495,0.023528
3616.6825,0.023511
3616.9155,0.023526
3617.1484,0.023573
3617.3814,0.023651
3617.6143,0.023759
3617.8473,0.023898
3618.0802,0.024068
3618.3132,0.024260
3618.5462,0.024454
3618.7791,0.024624
3619.0121,0.024738
3619.2450,0.024779
3619.4780,0.024747
3619.7110,0.024658
3619.9439,0.024533
3620.1769,0.024390
3620.4098,0.024228
3620.6428,0.024037
3620.8758,0.023801
3621.1087,0.023518
3621.3417,0.023206
3621.5746,0.022904
3621.8076,0.022658
3622.0405,0.022503
3622.2735,0.022447
3622.5065,0.022474
3622.7394,0.022548
3622.9724,0.022631
3623.2053,0.022694
3623.4383,0.022727
3623.6713,0.022738
3623.9042,0.022743
3624.1372,0.022754
3624.3701,0.022768
3624.6031,0.022774
3624.8360,0.022758
3625.0690,0.022716
3625.3020,0.022662
3625.5349,0.022622
3625.7679,0.022630
3626.0008,0.022704
3626.2338,0.022841
3626.4668,0.023015
3626.6997,0.023189
3626.9327,0.023330
3627.1656,0.023429
3627.3986,0.023503
3627.6316,0.023591
3627.8645,0.023739
3628.0975,0.023975
3628.3304,0.024304
3628.5634,0.024701
3628.7963,0.025124
3629.0293,0.025520
3629.2623,0.025844
3629.4952,0.026060
3629.7282,0.026143
3629.9611,0.026080
3630.1941,0.025870
3630.4271,0.025526
3630.6600,0.025077
3630.8930,0.024567
3631.1259,0.024047
3631.3589,0.023565
3631.5918,0.023159
3631.8248,0.022847
3632.0578,0.022629
3632.2907,0.022492
3632.5237,0.022420
3632.7566,0.022399
3632.9896,0.022419
3633.2226,0.022480
3633.4555,0.022577
3633.6885,0.022704
3633.9214,0.022846
3634.1544,0.022981
3634.3873,0.023088
3634.6203,0.023147
3634.8533,0.023150
3635.0862,0.023099
3635.3192,0.023004
3635.5521,0.022883
3635.7851,0.022751
3636.0181,0.022626
3636.2510,0.022522
3636.4840,0.022450
3636.7169,0.022420
3636.9499,0.022431
3637.1829,0.022479
3637.4158,0.022550
3637.6488,0.022624
3637.8817,0.022683
3638.1147,0.022711
3638.3476,0.022705
3638.5806,0.022664
3638.8136,0.022595
3639.0465,0.022501
3639.2795,0.022386
3639.5124,0.022253
3639.7454,0.022106
3639.9784,0.021959
3640.2113,0.021830
3640.4443,0.021738
3640.6772,0.021696
3640.9102,0.021701
3641.1431,0.021737
3641.3761,0.021779
3641.6091,0.021800
3641.8420,0.021788
3642.0750,0.021747
3642.3079,0.021695
3642.5409,0.021656
3642.7739,0.021645
3643.0068,0.021662
3643.2398,0.021686
3643.4727,0.021693
3643.7057,0.021661
3643.9387,0.021585
3644.1716,0.021483
3644.4046,0.021386
3644.6375,0.021325
3644.8705,0.021319
3645.1034,0.021369
3645.3364,0.021459
3645.5694,0.021567
3645.8023,0.021681
3646.0353,0.021801
3646.2682,0.021946
3646.5012,0.022141
3646.7342,0.022406
3646.9671,0.022746
3647.2001,0.023140
3647.4330,0.023551
3647.6660,0.023931
3647.8989,0.024237
3648.1319,0.024438
3648.3649,0.024531
3648.5978,0.024529
3648.8308,0.024468
3649.0637,0.024386
3649.2967,0.024314
3649.5297,0.024270
3649.7626,0.024257
3649.9956,0.024260
3650.2285,0.024256
3650.4615,0.024217
3650.6945,0.024120
3650.9274,0.023957
3651.1604,0.023736
3651.3933,0.023481
3651.6263,0.023217
3651.8592,0.022965
3652.0922,0.022734
3652.3252,0.022519
3652.5581,0.022311
3652.7911,0.022104
3653.0240,0.021902
3653.2570,0.021720
3653.4900,0.021580
3653.7229,0.021502
3653.9559,0.021497
3654.1888,0.021562
3654.4218,0.021684
3654.6547,0.021838
3654.8877,0.022005
3655.1207,0.022173
3655.3536,0.022339
3655.5866,0.022511
3655.8195,0.022700
3656.0525,0.022907
3656.2855,0.023123
3656.5184,0.023321
3656.7514,0.023469
3656.9843,0.023532
3657.2173,0.023484
3657.4503,0.023316
3657.6832,0.023039
3657.9162,0.022683
3658.1491,0.022290
3658.3821,0.021905
3658.6150,0.021569
3658.8480,0.021313
3659.0810,0.021155
3659.3139,0.021100
3659.5469,0.021139
3659.7798,0.021248
3660.0128,0.021395
3660.2458,0.021540
3660.4787,0.021652
3660.7117,0.021711
3660.9446,0.021714
3661.1776,0.021677
3661.4105,0.021620
3661.6435,0.021564
3661.8765,0.021523
3662.1094,0.021501
3662.3424,0.021490
3662.5753,0.021482
3662.8083,0.021464
3663.0413,0.021429
3663.2742,0.021375
3663.5072,0.021302
3663.7401,0.021218
3663.9731,0.021132
3664.2061,0.021055
3664.4390,0.020995
3664.6720,0.020958
3664.9049,0.020944
3665.1379,0.020946
3665.3708,0.020953
3665.6038,0.020955
3665.8368,0.020948
3666.0697,0.020933
3666.3027,0.020923
3666.5356,0.020930
3666.7686,0.020965
3667.0016,0.021032
3667.2345,0.021125
3667.4675,0.021234
3667.7004,0.021350
3667.9334,0.021468
3668.1663,0.021594
3668.3993,0.021734
3668.6323,0.021896
3668.8652,0.022077
3669.0982,0.022263
3669.3311,0.022432
3669.5641,0.022561
3669.7971,0.022640
3670.0300,0.022676
3670.2630,0.022692
3670.4959,0.022715
3670.7289,0.022759
3670.9619,0.022817
3671.1948,0.022857
3671.4278,0.022834
3671.6607,0.022713
3671.8937,0.022480
3672.1266,0.022155
3672.3596,0.021786
3672.5926,0.021437
3672.8255,0.021163
3673.0585,0.020999
3673.2914,0.020955
3673.5244,0.021021
3673.7574,0.021182
3673.9903,0.021422
3674.2233,0.021727
3674.4562,0.022083
3674.6892,0.022477
3674.9221,0.022893
3675.1551,0.023309
3675.3881,0.023701
3675.6210,0.024044
3675.8540,0.024306
3676.0869,0.024455
3676.3199,0.024458
3676.5529,0.024293
3676.7858,0.023959
3677.0188,0.023486
3677.2517,0.022928
3677.4847,0.022352
3677.7177,0.021824
3677.9506,0.021391
3678.1836,0.021080
3678.4165,0.020894
3678.6495,0.020819
3678.8824,0.020831
3679.1154,0.020904
3679.3484,0.021014
3679.5813,0.021145
3679.8143,0.021279
3680.0472,0.021403
3680.2802,0.021500
3680.5132,0.021556
3680.7461,0.021562
3680.9791,0.021518
3681.2120,0.021438
3681.4450,0.021343
3681.6779,0.021255
3681.9109,0.021190
3682.1439,0.021152
3682.3768,0.021132
3682.6098,0.021117
3682.8427,0.021091
3683.0757,0.021044
3683.3087,0.020979
3683.5416,0.020902
3683.7746,0.020829
3684.0075,0.020770
3684.2405,0.020731
3684.4735,0.020713
3684.7064,0.020711
3684.9394,0.020720
3685.1723,0.020737
3685.4053,0.020759
3685.6382,0.020787
3685.8712,0.020821
3686.1042,0.020866
3686.3371,0.020923
3686.5701,0.021001
3686.8030,0.021108
3687.0360,0.021255
3687.2690,0.021450
3687.5019,0.021691
3687.7349,0.021971
3687.9678,0.022272
3688.2008,0.022575
3688.4337,0.022858
3688.6667,0.023103
3688.8997,0.023296
3689.1326,0.023419
3689.3656,0.023457
3689.5985,0.023396
3689.8315,0.023234
3690.0645,0.022989
3690.2974,0.022699
3690.5304,0.022411
3690.7633,0.022171
3690.9963,0.022009
3691.2293,0.021933
3691.4622,0.021931
3691.6952,0.021973
3691.9281,0.022019
3692.1611,0.022031
3692.3940,0.021986
3692.6270,0.021881
3692.8600,0.021735
3693.0929,0.021577
3693.3259,0.021437
3693.5588,0.021331
3693.7918,0.021266
3694.0248,0.021233
3694.2577,0.021224
3694.4907,0.021227
3694.7236,0.021235
3694.9566,0.021246
3695.1895,0.021259
3695.4225,0.021277
3695.6555,0.021299
3695.8884,0.021326
3696.1214,0.021355
3696.3543,0.021384
3696.5873,0.021408
3696.8203,0.021425
3697.0532,0.021431
3697.2862,0.021427
3697.5191,0.021417
3697.7521,0.021406
3697.9851,0.021401
3698.2180,0.021405
3698.4510,0.021419
3698.6839,0.021437
3698.9169,0.021451
3699.1498,0.021454
3699.3828,0.021439
3699.6158,0.021410
3699.8487,0.021375
3700.0817,0.021343
3700.3146,0.021327
3700.5476,0.021334
3700.7806,0.021369
3701.0135,0.021431
3701.2465,0.021517
3701.4794,0.021623
3701.7124,0.021741
3701.9453,0.021860
3702.1783,0.021959
3702.4113,0.022015
3702.6442,0.022007
3702.8772,0.021921
3703.1101,0.021764
3703.3431,0.021564
3703.5761,0.021359
3703.8090,0.021188
3704.0420,0.021075
3704.2749,0.021024
3704.5079,0.021023
3704.7409,0.021049
3704.9738,0.021080
3705.2068,0.021106
3705.4397,0.021125
3705.6727,0.021146
3705.9056,0.021176
3706.1386,0.021218
3706.3716,0.021263
3706.6045,0.021293
3706.8375,0.021293
3707.0704,0.021258
3707.3034,0.021195
3707.5364,0.021126
3707.7693,0.021081
3708.0023,0.021084
3708.2352,0.021151
3708.4682,0.021283
3708.7011,0.021469
3708.9341,0.021690
3709.1671,0.021926
3709.4000,0.022155
3709.6330,0.022357
3709.8659,0.022508
3710.0989,0.022587
3710.3319,0.022579
3710.5648,0.022486
3710.7978,0.022330
3711.0307,0.022155
3711.2637,0.022011
3711.4967,0.021944
3711.7296,0.021978
3711.9626,0.022108
3712.1955,0.022309
3712.4285,0.022535
3712.6614,0.022739
3712.8944,0.022878
3713.1274,0.022922
3713.3603,0.022862
3713.5933,0.022707
3713.8262,0.022482
3714.0592,0.022222
3714.2922,0.021962
3714.5251,0.021731
3714.7581,0.021546
3714.9910,0.021417
3715.2240,0.021339
3715.4569,0.021300
3715.6899,0.021280
3715.9229,0.021258
3716.1558,0.021220
3716.3888,0.021161
3716.6217,0.021091
3716.8547,0.021026
3717.0877,0.020981
3717.3206,0.020965
3717.5536,0.020978
3717.7865,0.021013
3718.0195,0.021058
3718.2525,0.021109
3718.4854,0.021168
3718.7184,0.021240
3718.9513,0.021330
3719.1843,0.021432
3719.4172,0.021532
3719.6502,0.021606
3719.8832,0.021633
3720.1161,0.021601
3720.3491,0.021519
3720.5820,0.021410
3720.8150,0.021306
3721.0480,0.021235
3721.2809,0.021211
3721.5139,0.021231
3721.7468,0.021284
3721.9798,0.021350
3722.2127,0.021418
3722.4457,0.021478
3722.6787,0.021527
3722.9116,0.021560
3723.1446,0.021569
3723.3775,0.021543
3723.6105,0.021475
3723.8435,0.021369
3724.0764,0.021240
3724.3094,0.021117
3724.5423,0.021026
3724.7753,0.020988
3725.0083,0.021007
3725.2412,0.021072
3725.4742,0.021162
3725.7071,0.021256
3725.9401,0.021343
3726.1730,0.021417
3726.4060,0.021483
3726.6390,0.021547
3726.8719,0.021608
3727.1049,0.021654
3727.3378,0.021669
3727.5708,0.021635
3727.8038,0.021548
3728.0367,0.021415
3728.2697,0.021256
3728.5026,0.021098
3728.7356,0.020961
3728.9685,0.020854
3729.2015,0.020773
3729.4345,0.020708
3729.6674,0.020647
3729.9004,0.020584
3730.1333,0.020521
3730.3663,0.020468
3730.5993,0.020439
3730.8322,0.020445
3731.0652,0.020495
3731.2981,0.020593
3731.5311,0.020739
3731.7641,0.020927
3731.9970,0.021146
3732.2300,0.021379
3732.4629,0.021597
3732.6959,0.021769
3732.9288,0.021861
3733.1618,0.021853
3733.3948,0.021745
3733.6277,0.021566
3733.8607,0.021367
3734.0936,0.021210
3734.3266,0.021145
3734.5596,0.021202
3734.7925,0.021384
3735.0255,0.021670
3735.2584,0.022021
3735.4914,0.022386
3735.7243,0.022708
3735.9573,0.022932
3736.1903,0.023022
3736.4232,0.022966
3736.6562,0.022790
3736.8891,0.022537
3737.1221,0.022258
3737.3551,0.021987
3737.5880,0.021741
3737.8210,0.021518
3738.0539,0.021305
3738.2869,0.021091
3738.5199,0.020871
3738.7528,0.020654
3738.9858,0.020458
3739.2187,0.020304
3739.4517,0.020206
3739.6846,0.020172
3739.9176,0.020192
3740.1506,0.020252
3740.3835,0.020332
3740.6165,0.020415
3740.8494,0.020489
3741.0824,0.020550
3741.3154,0.020598
3741.5483,0.020631
3741.7813,0.020647
3742.0142,0.020641
3742.2472,0.020615
3742.4801,0.020580
3742.7131,0.020554
3742.9461,0.020567
3743.1790,0.020649
3743.4120,0.020825
3743.6449,0.021109
3743.8779,0.021502
3744.1109,0.021990
3744.3438,0.022552
3744.5768,0.023150
3744.8097,0.023733
3745.0427,0.024230
3745.2757,0.024556
3745.5086,0.024629
3745.7416,0.024408
3745.9745,0.023915
3746.2075,0.023246
3746.4404,0.022527
3746.6734,0.021871
3746.9064,0.021347
3747.1393,0.020981
3747.3723,0.020766
3747.6052,0.020682
3747.8382,0.020706
3748.0712,0.020823
3748.3041,0.021025
3748.5371,0.021310
3748.7700,0.021675
3749.0030,0.022108
3749.2359,0.022585
3749.4689,0.023069
3749.7019,0.023511
3749.9348,0.023860
3750.1678,0.024070
3750.4007,0.024112
3750.6337,0.023985
3750.8667,0.023721
3751.0996,0.023384
3751.3326,0.023055
3751.5655,0.022809
3751.7985,0.022695
3752.0315,0.022733
3752.2644,0.022907
3752.4974,0.023172
3752.7303,0.023461
3752.9633,0.023689
3753.1962,0.023779
3753.4292,0.023684
3753.6622,0.023409
3753.8951,0.023008
3754.1281,0.022568
3754.3610,0.022169
3754.5940,0.021859
3754.8270,0.021655
3755.0599,0.021545
3755.2929,0.021507
3755.5258,0.021517
3755.7588,0.021561
3755.9917,0.021630
3756.2247,0.021719
3756.4577,0.021821
3756.6906,0.021924
3756.9236,0.022015
3757.1565,0.022081
3757.3895,0.022117
3757.6225,0.022128
3757.8554,0.022128
3758.0884,0.022133
3758.3213,0.022153
3758.5543,0.022192
3758.7873,0.022246
3759.0202,0.022310
3759.2532,0.022382
3759.4861,0.022466
3759.7191,0.022566
3759.9520,0.022680
3760.1850,0.022795
3760.4180,0.022885
3760.6509,0.022915
3760.8839,0.022858
3761.1168,0.022702
3761.3498,0.022464
3761.5828,0.022183
3761.8157,0.021908
3762.0487,0.021682
3762.2816,0.021530
3762.5146,0.021459
3762.7475,0.021461
3762.9805,0.021519
3763.2135,0.021621
3763.4464,0.021755
3763.6794,0.021915
3763.9123,0.022093
3764.1453,0.022276
3764.3783,0.022450
3764.6112,0.022599
3764.8442,0.022713
3765.0771,0.022792
3765.3101,0.022843
3765.5431,0.022879
3765.7760,0.022911
3766.0090,0.022940
3766.2419,0.022956
3766.4749,0.022943
3766.7078,0.022882
3766.9408,0.022764
3767.1738,0.022597
3767.4067,0.022404
3767.6397,0.022217
3767.8726,0.022070
3768.1056,0.021987
3768.3386,0.021979
3768.5715,0.022046
3768.8045,0.022179
3769.0374,0.022363
3769.2704,0.022581
3769.5033,0.022813
3769.7363,0.023039
3769.9693,0.023238
3770.2022,0.023390
3770.4352,0.023483
3770.6681,0.023504
3770.9011,0.023453
3771.1341,0.023333
3771.3670,0.023158
3771.6000,0.022946
3771.8329,0.022722
3772.0659,0.022509
3772.2988,0.022330
3772.5318,0.022200
3772.7648,0.022125
3772.9977,0.022103
3773.2307,0.022120
3773.4636,0.022159
3773.6966,0.022197
3773.9296,0.022220
3774.1625,0.022222
3774.3955,0.022207
3774.6284,0.022188
3774.8614,0.022181
3775.0944,0.022196
3775.3273,0.022233
3775.5603,0.022287
3775.7932,0.022344
3776.0262,0.022396
3776.2591,0.022433
3776.4921,0.022456
3776.7251,0.022465
3776.9580,0.022464
3777.1910,0.022453
3777.4239,0.022437
3777.6569,0.022417
3777.8899,0.022403
3778.1228,0.022407
3778.3558,0.022442
3778.5887,0.022518
3778.8217,0.022636
3779.0546,0.022787
3779.2876,0.022952
3779.5206,0.023110
3779.7535,0.023241
3779.9865,0.023335
3780.2194,0.023387
3780.4524,0.023398
3780.6854,0.023368
3780.9183,0.023300
3781.1513,0.023192
3781.3842,0.023048
3781.6172,0.022876
3781.8502,0.022693
3782.0831,0.022521
3782.3161,0.022379
3782.5490,0.022280
3782.7820,0.022230
3783.0149,0.022220
3783.2479,0.022238
3783.4809,0.022269
3783.7138,0.022303
3783.9468,0.022337
3784.1797,0.022376
3784.4127,0.022427
3784.6457,0.022493
3784.8786,0.022571
3785.1116,0.022650
3785.3445,0.022711
3785.5775,0.022738
3785.8104,0.022720
3786.0434,0.022658
3786.2764,0.022561
3786.5093,0.022446
3786.7423,0.022334
3786.9752,0.022241
3787.2082,0.022176
3787.4412,0.022141
3787.6741,0.022128
3787.9071,0.022124
3788.1400,0.022116
3788.3730,0.022094
3788.6060,0.022054
3788.8389,0.022002
3789.0719,0.021947
3789.3048,0.021902
3789.5378,0.021879
3789.7707,0.021880
3790.0037,0.021900
3790.2367,0.021927
3790.4696,0.021947
3790.7026,0.021950
3790.9355,0.021931
3791.1685,0.021894
3791.4015,0.021848
3791.6344,0.021801
3791.8674,0.021758
3792.1003,0.021719
3792.3333,0.021682
3792.5662,0.021643
3792.7992,0.021601
3793.0322,0.021556
3793.2651,0.021515
3793.4981,0.021483
3793.7310,0.021462
3793.9640,0.021454
3794.1970,0.021456
3794.4299,0.021469
3794.6629,0.021494
3794.8958,0.021537
3795.1288,0.021605
3795.3618,0.021705
3795.5947,0.021837
3795.8277,0.021993
3796.0606,0.022163
3796.2936,0.022333
3796.5265,0.022488
3796.7595,0.022618
3796.9925,0.022714
3797.2254,0.022769
3797.4584,0.022776
3797.6913,0.022730
3797.9243,0.022633
3798.1573,0.022493
3798.3902,0.022328
3798.6232,0.022162
3798.8561,0.022019
3799.0891,0.021918
3799.3220,0.021868
3799.5550,0.021872
3799.7880,0.021926
3800.0209,0.022027
3800.2539,0.022173
3800.4868,0.022365
3800.7198,0.022602
3800.9528,0.022882
3801.1857,0.023195
3801.4187,0.023521
3801.6516,0.023830
3801.8846,0.024090
3802.1176,0.024267
3802.3505,0.024336
3802.5835,0.024280
3802.8164,0.024103
3803.0494,0.023820
3803.2823,0.023462
3803.5153,0.023068
3803.7483,0.022676
3803.9812,0.022323
3804.2142,0.022035
3804.4471,0.021831
3804.6801,0.021713
3804.9131,0.021672
3805.1460,0.021690
3805.3790,0.021744
3805.6119,0.021814
3805.8449,0.021895
3806.0778,0.021994
3806.3108,0.022128
3806.5438,0.022313
3806.7767,0.022557
3807.0097,0.022850
3807.2426,0.023158
3807.4756,0.023433
3807.7086,0.023618
3807.9415,0.023668
3808.1745,0.023558
3808.4074,0.023298
3808.6404,0.022929
3808.8734,0.022512
3809.1063,0.022111
3809.3393,0.021777
3809.5722,0.021540
3809.8052,0.021407
3810.0381,0.021371
3810.2711,0.021406
3810.5041,0.021485
3810.7370,0.021575
3810.9700,0.021649
3811.2029,0.021690
3811.4359,0.021697
3811.6689,0.021677
3811.9018,0.021648
3812.1348,0.021624
3812.3677,0.021616
3812.6007,0.021622
3812.8336,0.021636
3813.0666,0.021646
3813.2996,0.021648
3813.5325,0.021640
3813.7655,0.021631
3813.9984,0.021632
3814.2314,0.021653
3814.4644,0.021705
3814.6973,0.021794
3814.9303,0.021924
3815.1632,0.022097
3815.3962,0.022317
3815.6292,0.022581
3815.8621,0.022881
3816.0951,0.023196
3816.3280,0.023494
3816.5610,0.023732
3816.7939,0.023869
3817.0269,0.023874
3817.2599,0.023738
3817.4928,0.023480
3817.7258,0.023145
3817.9587,0.022785
3818.1917,0.022451
3818.4247,0.022178
3818.6576,0.021986
3818.8906,0.021883
3819.1235,0.021869
3819.3565,0.021942
3819.5894,0.022095
3819.8224,0.022318
3820.0554,0.022594
3820.2883,0.022905
3820.5213,0.023228
3820.7542,0.023547
3820.9872,0.023848
3821.2202,0.024120
3821.4531,0.024347
3821.6861,0.024506
3821.9190,0.024569
3822.1520,0.024510
3822.3850,0.024315
3822.6179,0.023992
3822.8509,0.023574
3823.0838,0.023110
3823.3168,0.022654
3823.5497,0.022250
3823.7827,0.021929
3824.0157,0.021703
3824.2486,0.021568
3824.4816,0.021512
3824.7145,0.021518
3824.9475,0.021567
3825.1805,0.021645
3825.4134,0.021740
3825.6464,0.021845
3825.8793,0.021958
3826.1123,0.022081
3826.3452,0.022217
3826.5782,0.022368
3826.8112,0.022528
3827.0441,0.022684
3827.2771,0.022814
3827.5100,0.022892
3827.7430,0.022899
3827.9760,0.022823
3828.2089,0.022673
3828.4419,0.022471
3828.6748,0.022249
3828.9078,0.022038
3829.1408,0.021862
3829.3737,0.021733
3829.6067,0.021652
3829.8396,0.021612
3830.0726,0.021604
3830.3055,0.021622
3830.5385,0.021660
3830.7715,0.021717
3831.0044,0.021795
3831.2374,0.021894
3831.4703,0.022012
3831.7033,0.022144
3831.9363,0.022281
3832.1692,0.022409
3832.4022,0.022510
3832.6351,0.022564
3832.8681,0.022553
3833.1010,0.022471
3833.3340,0.022328
3833.5670,0.022150
3833.7999,0.021973
3834.0329,0.021833
3834.2658,0.021757
3834.4988,0.021756
3834.7318,0.021827
3834.9647,0.021955
3835.1977,0.022117
3835.4306,0.022291
3835.6636,0.022457
3835.8966,0.022600
3836.1295,0.022713
3836.3625,0.022790
3836.5954,0.022834
3836.8284,0.022851
3837.0613,0.022860
3837.2943,0.022886
3837.5273,0.022957
3837.7602,0.023092
3837.9932,0.023296
3838.2261,0.023551
3838.4591,0.023814
3838.6921,0.024023
3838.9250,0.024116
3839.1580,0.024054
3839.3909,0.023842
3839.6239,0.023532
3839.8568,0.023196
3840.0898,0.022903
3840.3228,0.022695
3840.5557,0.022579
3840.7887,0.022537
3841.0216,0.022540
3841.2546,0.022561
3841.4876,0.022579
3841.7205,0.022585
3841.9535,0.022579
3842.1864,0.022565
3842.4194,0.022543
3842.6524,0.022514
3842.8853,0.022477
3843.1183,0.022437
3843.3512,0.022398
3843.5842,0.022367
3843.8171,0.022349
3844.0501,0.022341
3844.2831,0.022333
3844.5160,0.022308
3844.7490,0.022250
3844.9819,0.022147
3845.2149,0.022002
3845.4479,0.021826
3845.6808,0.021640
3845.9138,0.021466
3846.1467,0.021319
3846.3797,0.021208
3846.6126,0.021136
3846.8456,0.021105
3847.0786,0.021113
3847.3115,0.021160
3847.5445,0.021243
3847.7774,0.021352
3848.0104,0.021472
3848.2434,0.021585
3848.4763,0.021675
3848.7093,0.021732
3848.9422,0.021758
3849.1752,0.021763
3849.4082,0.021764
3849.6411,0.021775
3849.8741,0.021807
3850.1070,0.021862
3850.3400,0.021935
3850.5729,0.022018
3850.8059,0.022108
3851.0389,0.022205
3851.2718,0.022319
3851.5048,0.022468
3851.7377,0.022667
3851.9707,0.022930
3852.2037,0.023262
3852.4366,0.023652
3852.6696,0.024077
3852.9025,0.024501
3853.1355,0.024878
3853.3684,0.025170
3853.6014,0.025355
3853.8344,0.025440
3854.0673,0.025456
3854.3003,0.025437
3854.5332,0.025404
3854.7662,0.025349
3854.9992,0.025231
3855.2321,0.024996
3855.4651,0.024606
3855.6980,0.024060
3855.9310,0.023412
3856.1640,0.022749
3856.3969,0.022162
3856.6299,0.021711
3856.8628,0.021420
3857.0958,0.021279
3857.3287,0.021256
3857.5617,0.021310
3857.7947,0.021400
3858.0276,0.021496
3858.2606,0.021577
3858.4935,0.021636
3858.7265,0.021672
3858.9595,0.021689
3859.1924,0.021689
3859.4254,0.021675
3859.6583,0.021652
3859.8913,0.021625
3860.1242,0.021605
3860.3572,0.021603
3860.5902,0.021629
3860.8231,0.021687
3861.0561,0.021778
3861.2890,0.021896
3861.5220,0.022036
3861.7550,0.022191
3861.9879,0.022355
3862.2209,0.022517
3862.4538,0.022663
3862.6868,0.022776
3862.9198,0.022839
3863.1527,0.022843
3863.3857,0.022793
3863.6186,0.022710
3863.8516,0.022624
3864.0845,0.022565
3864.3175,0.022554
3864.5505,0.022596
3864.7834,0.022684
3865.0164,0.022799
3865.2493,0.022920
3865.4823,0.023026
3865.7153,0.023097
3865.9482,0.023119
3866.1812,0.023078
3866.4141,0.022965
3866.6471,0.022784
3866.8800,0.022551
3867.1130,0.022299
3867.3460,0.022068
3867.5789,0.021899
3867.8119,0.021822
3868.0448,0.021850
3868.2778,0.021976
3868.5108,0.022177
3868.7437,0.022420
3868.9767,0.022677
3869.2096,0.022928
3869.4426,0.023170
3869.6756,0.023407
3869.9085,0.023647
3870.1415,0.023885
3870.3744,0.024099
3870.6074,0.024253
3870.8403,0.024303
3871.0733,0.024220
3871.3063,0.023998
3871.5392,0.023665
3871.7722,0.023272
3872.0051,0.022874
3872.2381,0.022522
3872.4711,0.022248
3872.7040,0.022067
3872.9370,0.021982
3873.1699,0.021983
3873.4029,0.022057
3873.6358,0.022183
3873.8688,0.022341
3874.1018,0.022508
3874.3347,0.022662
3874.5677,0.022786
3874.8006,0.022868
3875.0336,0.022900
3875.2666,0.022879
3875.4995,0.022804
3875.7325,0.022678
3875.9654,0.022512
3876.1984,0.022326
3876.4314,0.022145
3876.6643,0.022000
3876.8973,0.021913
3877.1302,0.021895
3877.3632,0.021941
3877.5961,0.022032
3877.8291,0.022136
3878.0621,0.022222
3878.2950,0.022269
3878.5280,0.022273
3878.7609,0.022251
3878.9939,0.022231
3879.2269,0.022245
3879.4598,0.022318
3879.6928,0.022456
3879.9257,0.022652
3880.1587,0.022884
3880.3916,0.023124
3880.6246,0.023347
3880.8576,0.023531
3881.0905,0.023656
3881.3235,0.023706
3881.5564,0.023670
3881.7894,0.023546
3882.0224,0.023343
3882.2553,0.023088
3882.4883,0.022813
3882.7212,0.022555
3882.9542,0.022344
3883.1872,0.022199
3883.4201,0.022124
3883.6531,0.022118
3883.8860,0.022169
3884.1190,0.022264
3884.3519,0.022392
3884.5849,0.022542
3884.8179,0.022710
3885.0508,0.022893
3885.2838,0.023092
3885.5167,0.023304
3885.7497,0.023525
3885.9827,0.023741
3886.2156,0.023928
3886.4486,0.024053
3886.6815,0.024074
3886.9145,0.023959
3887.1474,0.023698
3887.3804,0.023313
3887.6134,0.022861
3887.8463,0.022412
3888.0793,0.022033
3888.3122,0.021764
3888.5452,0.021613
3888.7782,0.021568
3889.0111,0.021598
3889.2441,0.021674
3889.4770,0.021776
3889.7100,0.021895
3889.9430,0.022035
3890.1759,0.022204
3890.4089,0.022406
3890.6418,0.022635
3890.8748,0.022870
3891.1077,0.023087
3891.3407,0.023265
3891.5737,0.023388
3891.8066,0.023453
3892.0396,0.023462
3892.2725,0.023418
3892.5055,0.023319
3892.7385,0.023165
3892.9714,0.022957
3893.2044,0.022711
3893.4373,0.022454
3893.6703,0.022219
3893.9032,0.022035
3894.1362,0.021919
3894.3692,0.021874
3894.6021,0.021885
3894.8351,0.021930
3895.0680,0.021986
3895.3010,0.022036
3895.5340,0.022072
3895.7669,0.022095
3895.9999,0.022109
3896.2328,0.022116
3896.4658,0.022117
3896.6988,0.022109
3896.9317,0.022096
3897.1647,0.022086
3897.3976,0.022096
3897.6306,0.022145
3897.8635,0.022249
3898.0965,0.022410
3898.3295,0.022620
3898.5624,0.022858
3898.7954,0.023102
3899.0283,0.023330
3899.2613,0.023529
3899.4943,0.023695
3899.7272,0.023824
3899.9602,0.023913
3900.1931,0.023955
3900.4261,0.023944
3900.6590,0.023883
3900.8920,0.023785
3901.1250,0.023676
3901.3579,0.023587
3901.5909,0.023543
3901.8238,0.023557
3902.0568,0.023623
3902.2898,0.023723
3902.5227,0.023830
3902.7557,0.023921
3902.9886,0.023976
3903.2216,0.023989
3903.4546,0.023962
3903.6875,0.023908
3903.9205,0.023844
3904.1534,0.023785
3904.3864,0.023742
3904.6193,0.023719
3904.8523,0.023717
3905.0853,0.023728
3905.3182,0.023739
3905.5512,0.023737
3905.7841,0.023707
3906.0171,0.023645
3906.2501,0.023556
3906.4830,0.023456
3906.7160,0.023364
3906.9489,0.023298
3907.1819,0.023262
3907.4148,0.023250
3907.6478,0.023248
3907.8808,0.023239
3908.1137,0.023209
3908.3467,0.023154
3908.5796,0.023081
3908.8126,0.023003
3909.0456,0.022932
3909.2785,0.022877
3909.5115,0.022840
3909.7444,0.022817
3909.9774,0.022805
3910.2103,0.022801
3910.4433,0.022805
3910.6763,0.022819
3910.9092,0.022845
3911.1422,0.022879
3911.3751,0.022915
3911.6081,0.022945
3911.8411,0.022966
3912.0740,0.022977
3912.3070,0.022985
3912.5399,0.022995
3912.7729,0.023013
3913.0059,0.023035
3913.2388,0.023056
3913.4718,0.023064
3913.7047,0.023054
3913.9377,0.023023
3914.1706,0.022978
3914.4036,0.022929
3914.6366,0.022883
3914.8695,0.022847
3915.1025,0.022820
3915.3354,0.022799
3915.5684,0.022783
3915.8014,0.022774
3916.0343,0.022778
3916.2673,0.022805
3916.5002,0.022861
3916.7332,0.022947
3916.9661,0.023052
3917.1991,0.023163
3917.4321,0.023259
3917.6650,0.023325
3917.8980,0.023351
3918.1309,0.023334
3918.3639,0.023278
3918.5969,0.023193
3918.8298,0.023096
3919.0628,0.023004
3919.2957,0.022936
3919.5287,0.022906
3919.7617,0.022923
3919.9946,0.022984
3920.2276,0.023077
3920.4605,0.023179
3920.6935,0.023267
3920.9264,0.023316
3921.1594,0.023317
3921.3924,0.023269
3921.6253,0.023187
3921.8583,0.023090
3922.0912,0.022994
3922.3242,0.022910
3922.5572,0.022843
3922.7901,0.022793
3923.0231,0.022765
3923.2560,0.022764
3923.4890,0.022799
3923.7219,0.022876
3923.9549,0.022992
3924.1879,0.023133
3924.4208,0.023276
3924.6538,0.023396
3924.8867,0.023476
3925.1197,0.023511
3925.3527,0.023508
3925.5856,0.023486
3925.8186,0.023459
3926.0515,0.023436
3926.2845,0.023413
3926.5175,0.023380
3926.7504,0.023326
3926.9834,0.023246
3927.2163,0.023146
3927.4493,0.023041
3927.6822,0.022948
3927.9152,0.022880
3928.1482,0.022844
3928.3811,0.022838
3928.6141,0.022855
3928.8470,0.022886
3929.0800,0.022924
3929.3130,0.022965
3929.5459,0.023007
3929.7789,0.023051
3930.0118,0.023096
3930.2448,0.023143
3930.4777,0.023193
3930.7107,0.023244
3930.9437,0.023297
3931.1766,0.023351
3931.4096,0.023404
3931.6425,0.023454
3931.8755,0.023499
3932.1085,0.023539
3932.3414,0.023579
3932.5744,0.023621
3932.8073,0.023666
3933.0403,0.023708
3933.2733,0.023737
3933.5062,0.023737
3933.7392,0.023693
3933.9721,0.023604
3934.2051,0.023477
3934.4380,0.023335
3934.6710,0.023199
3934.9040,0.023091
3935.1369,0.023018
3935.3699,0.022973
3935.6028,0.022945
3935.8358,0.022917
3936.0688,0.022882
3936.3017,0.022840
3936.5347,0.022799
3936.7676,0.022770
3937.0006,0.022759
3937.2335,0.022766
3937.4665,0.022783
3937.6995,0.022799
3937.9324,0.022810
3938.1654,0.022815
3938.3983,0.022823
3938.6313,0.022842
3938.8643,0.022878
3939.0972,0.022928
3939.3302,0.022984
3939.5631,0.023033
3939.7961,0.023065
3940.0291,0.023078
3940.2620,0.023078
3940.4950,0.023072
3940.7279,0.023070
3940.9609,0.023075
3941.1938,0.023087
3941.4268,0.023105
3941.6598,0.023129
3941.8927,0.023161
3942.1257,0.023206
3942.3586,0.023266
3942.5916,0.023337
3942.8246,0.023408
3943.0575,0.023463
3943.2905,0.023486
3943.5234,0.023469
3943.7564,0.023418
3943.9893,0.023345
3944.2223,0.023270
3944.4553,0.023209
3944.6882,0.023168
3944.9212,0.023147
3945.1541,0.023141
3945.3871,0.023144
3945.6201,0.023157
3945.8530,0.023182
3946.0860,0.023226
3946.3189,0.023287
3946.5519,0.023363
3946.7849,0.023443
3947.0178,0.023517
3947.2508,0.023579
3947.4837,0.023629
3947.7167,0.023673
3947.9496,0.023718
3948.1826,0.023767
3948.4156,0.023816
3948.6485,0.023856
3948.8815,0.023876
3949.1144,0.023870
3949.3474,0.023839
3949.5804,0.023791
3949.8133,0.023737
3950.0463,0.023681
3950.2792,0.023626
3950.5122,0.023567
3950.7451,0.023501
3950.9781,0.023431
3951.2111,0.023365
3951.4440,0.023318
3951.6770,0.023301
3951.9099,0.023320
3952.1429,0.023368
3952.3759,0.023430
3952.6088,0.023487
3952.8418,0.023527
3953.0747,0.023543
3953.3077,0.023540
3953.5407,0.023525
3953.7736,0.023503
3954.0066,0.023475
3954.2395,0.023440
3954.4725,0.023396
3954.7054,0.023345
3954.9384,0.023297
3955.1714,0.023265
3955.4043,0.023259
3955.6373,0.023279
3955.8702,0.023313
3956.1032,0.023344
3956.3362,0.023354
3956.5691,0.023334
3956.8021,0.023290
3957.0350,0.023242
3957.2680,0.023214
3957.5009,0.023221
3957.7339,0.023266
3957.9669,0.023333
3958.1998,0.023396
3958.4328,0.023431
3958.6657,0.023422
3958.8987,0.023373
3959.1317,0.023298
3959.3646,0.023224
3959.5976,0.023170
3959.8305,0.023148
3960.0635,0.023157
3960.2965,0.023187
3960.5294,0.023224
3960.7624,0.023256
3960.9953,0.023275
3961.2283,0.023278
3961.4612,0.023266
3961.6942,0.023242
3961.9272,0.023208
3962.1601,0.023170
3962.3931,0.023135
3962.6260,0.023110
3962.8590,0.023101
3963.0920,0.023111
3963.3249,0.023138
3963.5579,0.023175
3963.7908,0.023216
3964.0238,0.023257
3964.2567,0.023297
3964.4897,0.023338
3964.7227,0.023384
3964.9556,0.023433
3965.1886,0.023482
3965.4215,0.023523
3965.6545,0.023549
3965.8875,0.023556
3966.1204,0.023549
3966.3534,0.023533
3966.5863,0.023517
3966.8193,0.023505
3967.0523,0.023499
3967.2852,0.023496
3967.5182,0.023495
3967.7511,0.023496
3967.9841,0.023503
3968.2170,0.023520
3968.4500,0.023548
3968.6830,0.023582
3968.9159,0.023610
3969.1489,0.023619
3969.3818,0.023602
3969.6148,0.023560
3969.8478,0.023505
3970.0807,0.023455
3970.3137,0.023426
3970.5466,0.023424
3970.7796,0.023443
3971.0125,0.023466
3971.2455,0.023475
3971.4785,0.023456
3971.7114,0.023407
3971.9444,0.023338
3972.1773,0.023266
3972.4103,0.023210
3972.6433,0.023181
3972.8762,0.023182
3973.1092,0.023211
3973.3421,0.023260
3973.5751,0.023324
3973.8081,0.023396
3974.0410,0.023472
3974.2740,0.023544
3974.5069,0.023603
3974.7399,0.023640
3974.9728,0.023650
3975.2058,0.023637
3975.4388,0.023609
3975.6717,0.023579
3975.9047,0.023555
3976.1376,0.023542
3976.3706,0.023534
3976.6036,0.023522
3976.8365,0.023501
3977.0695,0.023471
3977.3024,0.023440
3977.5354,0.023420
3977.7683,0.023423
3978.0013,0.023449
3978.2343,0.023491
3978.4672,0.023533
3978.7002,0.023561
3978.9331,0.023568
3979.1661,0.023559
3979.3991,0.023544
3979.6320,0.023538
3979.8650,0.023545
3980.0979,0.023563
3980.3309,0.023581
3980.5639,0.023589
3980.7968,0.023579
3981.0298,0.023557
3981.2627,0.023534
3981.4957,0.023522
3981.7286,0.023529
3981.9616,0.023552
3982.1946,0.023579
3982.4275,0.023596
3982.6605,0.023592
3982.8934,0.023567
3983.1264,0.023529
3983.3594,0.023490
3983.5923,0.023456
3983.8253,0.023432
3984.0582,0.023414
3984.2912,0.023398
3984.5241,0.023384
3984.7571,0.023377
3984.9901,0.023386
3985.2230,0.023417
3985.4560,0.023467
3985.6889,0.023522
3985.9219,0.023560
3986.1549,0.023566
3986.3878,0.023533
3986.6208,0.023470
3986.8537,0.023400
3987.0867,0.023347
3987.3197,0.023326
3987.5526,0.023338
3987.7856,0.023369
3988.0185,0.023398
3988.2515,0.023408
3988.4844,0.023394
3988.7174,0.023365
3988.9504,0.023340
3989.1833,0.023335
3989.4163,0.023359
3989.6492,0.023407
3989.8822,0.023466
3990.1152,0.023522
3990.3481,0.023566
3990.5811,0.023597
3990.8140,0.023624
3991.0470,0.023654
3991.2799,0.023692
3991.5129,0.023735
3991.7459,0.023776
3991.9788,0.023806
3992.2118,0.023824
3992.4447,0.023831
3992.6777,0.023834
3992.9107,0.023837
3993.1436,0.023842
3993.3766,0.023843
3993.6095,0.023837
3993.8425,0.023819
3994.0755,0.023789
3994.3084,0.023754
3994.5414,0.023720
3994.7743,0.023689
3995.0073,0.023662
3995.2402,0.023634
3995.4732,0.023604
3995.7062,0.023573
3995.9391,0.023552
3996.1721,0.023552
3996.4050,0.023581
3996.6380,0.023639
3996.8710,0.023715
3997.1039,0.023788
3997.3369,0.023841
3997.5698,0.023863
3997.8028,0.023860
3998.0357,0.023846
3998.2687,0.023837
3998.5017,0.023846
3998.7346,0.023871
3998.9676,0.023898
3999.2005,0.023911
3999.4335,0.023898
3999.6665,0.023858
3999.8994,0.023804
