Wavenumber,Intensity
649.9545,0.094518
650.1875,0.094592
650.4205,0.094959
650.6534,0.095677
650.8864,0.096662
651.1193,0.097729
651.3523,0.098678
651.5852,0.099392
651.8182,0.099881
652.0512,0.100245
652.2841,0.100600
652.5171,0.100998
652.7500,0.101408
652.9830,0.101755
653.2160,0.101993
653.4489,0.102168
653.6819,0.102417
653.9148,0.102903
654.1478,0.103719
654.3807,0.104820
654.6137,0.106020
654.8467,0.107051
655.0796,0.107689
655.3126,0.107850
655.5455,0.107634
655.7785,0.107262
656.0115,0.106967
656.2444,0.106895
656.4774,0.107063
656.7103,0.107389
656.9433,0.107759
657.1763,0.108103
657.4092,0.108423
657.6422,0.108765
657.8751,0.109156
658.1081,0.109558
658.3410,0.109854
658.5740,0.109905
658.8070,0.109615
659.0399,0.108990
659.2729,0.108136
659.5058,0.107190
659.7388,0.106249
659.9718,0.105314
660.2047,0.104308
660.4377,0.103136
660.6706,0.101768
660.9036,0.100282
661.1365,0.098842
661.3695,0.097621
661.6025,0.096716
661.8354,0.096099
662.0684,0.095629
662.3013,0.095124
662.5343,0.094448
662.7673,0.093581
663.0002,0.092619
663.2332,0.091711
663.4661,0.090969
663.6991,0.090409
663.9321,0.089938
664.1650,0.089399
664.3980,0.088650
664.6309,0.087624
664.8639,0.086348
665.0968,0.084910
665.3298,0.083403
665.5628,0.081889
665.7957,0.080395
666.0287,0.078943
666.2616,0.077600
666.4946,0.076512
666.7276,0.075904
666.9605,0.076053
667.1935,0.077205
667.4264,0.079418
667.6594,0.082341
667.8923,0.085131
668.1253,0.086795
668.3583,0.086852
668.5912,0.085587
668.8242,0.083669
669.0571,0.081683
669.2901,0.079953
669.5231,0.078586
669.7560,0.077563
669.9890,0.076822
670.2219,0.076302
670.4549,0.075967
670.6879,0.075795
670.9208,0.075753
671.1538,0.075785
671.3867,0.075814
671.6197,0.075767
671.8526,0.075616
672.0856,0.075401
672.3186,0.075219
672.5515,0.075180
672.7845,0.075358
673.0174,0.075750
673.2504,0.076282
673.4834,0.076842
673.7163,0.077334
673.9493,0.077723
674.1822,0.078045
674.4152,0.078375
674.6481,0.078768
674.8811,0.079221
675.1141,0.079666
675.3470,0.080003
675.5800,0.080160
675.8129,0.080146
676.0459,0.080058
676.2789,0.080044
676.5118,0.080235
676.7448,0.080685
676.9777,0.081349
677.2107,0.082107
677.4437,0.082824
677.6766,0.083408
677.9096,0.083850
678.1425,0.084213
678.3755,0.084580
678.6084,0.085010
678.8414,0.085502
679.0744,0.086010
679.3073,0.086475
679.5403,0.086875
679.7732,0.087241
680.0062,0.087644
680.2392,0.088154
680.4721,0.088800
680.7051,0.089548
680.9380,0.090322
681.1710,0.091039
681.4039,0.091658
681.6369,0.092196
681.8699,0.092717
682.1028,0.093287
682.3358,0.093936
682.5687,0.094641
682.8017,0.095342
683.0347,0.095980
683.2676,0.096536
683.5006,0.097046
683.7335,0.097573
683.9665,0.098171
684.1995,0.098844
684.4324,0.099539
684.6654,0.100168
684.8983,0.100664
685.1313,0.101021
685.3642,0.101304
685.5972,0.101628
685.8302,0.102094
686.0631,0.102747
686.2961,0.103555
686.5290,0.104427
686.7620,0.105262
686.9950,0.105997
687.2279,0.106631
687.4609,0.107213
687.6938,0.107795
687.9268,0.108394
688.1597,0.108979
688.3927,0.109486
688.6257,0.109865
688.8586,0.110118
689.0916,0.110304
689.3245,0.110516
689.5575,0.110826
689.7905,0.111238
690.0234,0.111689
690.2564,0.112068
690.4893,0.112274
690.7223,0.112264
690.9553,0.112069
691.1882,0.111765
691.4212,0.111425
691.6541,0.111067
691.8871,0.110647
692.1200,0.110077
692.3530,0.109278
692.5860,0.108226
692.8189,0.106967
693.0519,0.105597
693.2848,0.104217
693.5178,0.102903
693.7508,0.101684
693.9837,0.100565
694.2167,0.099550
694.4496,0.098663
694.6826,0.097942
694.9155,0.097417
695.1485,0.097080
695.3815,0.096869
695.6144,0.096687
695.8474,0.096435
696.0803,0.096060
696.3133,0.095582
696.5463,0.095090
696.7792,0.094695
697.0122,0.094482
697.2451,0.094465
697.4781,0.094589
697.7111,0.094758
697.9440,0.094884
698.1770,0.094934
698.4099,0.094940
698.6429,0.094978
698.8758,0.095118
699.1088,0.095387
699.3418,0.095754
699.5747,0.096147
699.8077,0.096488
700.0406,0.096733
700.2736,0.096888
700.5066,0.096987
700.7395,0.097066
700.9725,0.097127
701.2054,0.097134
701.4384,0.097032
701.6713,0.096787
701.9043,0.096406
702.1373,0.095949
702.3702,0.095495
702.6032,0.095103
702.8361,0.094780
703.0691,0.094480
703.3021,0.094125
703.5350,0.093654
703.7680,0.093053
704.0009,0.092364
704.2339,0.091663
704.4669,0.091018
704.6998,0.090456
704.9328,0.089954
705.1657,0.089462
705.3987,0.088933
705.6316,0.088359
705.8646,0.087775
706.0976,0.087240
706.3305,0.086801
706.5635,0.086464
706.7964,0.086194
707.0294,0.085927
707.2624,0.085615
707.4953,0.085248
707.7283,0.084863
707.9612,0.084527
708.1942,0.084296
708.4271,0.084185
708.6601,0.084160
708.8931,0.084154
709.1260,0.084098
709.3590,0.083960
709.5919,0.083752
709.8249,0.083522
710.0579,0.083322
710.2908,0.083178
710.5238,0.083080
710.7567,0.082994
710.9897,0.082887
711.2227,0.082753
711.4556,0.082622
711.6886,0.082545
711.9215,0.082567
712.1545,0.082698
712.3874,0.082906
712.6204,0.083126
712.8534,0.083294
713.0863,0.083375
713.3193,0.083376
713.5522,0.083339
713.7852,0.083316
714.0182,0.083343
714.2511,0.083423
714.4841,0.083530
714.7170,0.083631
714.9500,0.083708
715.1829,0.083762
715.4159,0.083816
715.6489,0.083893
715.8818,0.084002
716.1148,0.084126
716.3477,0.084241
716.5807,0.084322
716.8137,0.084370
717.0466,0.084408
717.2796,0.084474
717.5125,0.084598
717.7455,0.084787
717.9785,0.085021
718.2114,0.085266
718.4444,0.085491
718.6773,0.085689
718.9103,0.085880
719.1432,0.086096
719.3762,0.086363
719.6092,0.086682
719.8421,0.087032
720.0751,0.087378
720.3080,0.087691
720.5410,0.087968
720.7740,0.088229
721.0069,0.088502
721.2399,0.088805
721.4728,0.089126
721.7058,0.089430
721.9387,0.089681
722.1717,0.089858
722.4047,0.089981
722.6376,0.090103
722.8706,0.090291
723.1035,0.090590
723.3365,0.091010
723.5695,0.091513
723.8024,0.092040
724.0354,0.092533
724.2683,0.092965
724.5013,0.093341
724.7343,0.093691
724.9672,0.094041
725.2002,0.094398
725.4331,0.094745
725.6661,0.095058
725.8990,0.095328
726.1320,0.095580
726.3650,0.095865
726.5979,0.096243
726.8309,0.096751
727.0638,0.097378
727.2968,0.098072
727.5298,0.098756
727.7627,0.099369
727.9957,0.099887
728.2286,0.100334
728.4616,0.100762
728.6945,0.101222
728.9275,0.101733
729.1605,0.102277
729.3934,0.102813
729.6264,0.103304
729.8593,0.103745
730.0923,0.104168
730.3253,0.104623
730.5582,0.105151
730.7912,0.105761
731.0241,0.106422
731.2571,0.107083
731.4901,0.107704
731.7230,0.108278
731.9560,0.108841
732.1889,0.109450
732.4219,0.110150
732.6548,0.110946
732.8878,0.111797
733.1208,0.112633
733.3537,0.113391
733.5867,0.114042
733.8196,0.114612
734.0526,0.115161
734.2856,0.115752
734.5185,0.116421
734.7515,0.117158
734.9844,0.117920
735.2174,0.118657
735.4503,0.119339
735.6833,0.119967
735.9163,0.120564
736.1492,0.121152
736.3822,0.121724
736.6151,0.122238
736.8481,0.122627
737.0811,0.122832
737.3140,0.122817
737.5470,0.122587
737.7799,0.122168
738.0129,0.121588
738.2459,0.120856
738.4788,0.119963
738.7118,0.118900
738.9447,0.117680
739.1777,0.116359
739.4106,0.115023
739.6436,0.113766
739.8766,0.112658
740.1095,0.111723
740.3425,0.110944
740.5754,0.110284
740.8084,0.109716
741.0414,0.109241
741.2743,0.108890
741.5073,0.108701
741.7402,0.108694
741.9732,0.108849
742.2061,0.109109
742.4391,0.109403
742.6721,0.109678
742.9050,0.109922
743.1380,0.110172
743.3709,0.110490
743.6039,0.110933
743.8369,0.111521
744.0698,0.112232
744.3028,0.113015
744.5357,0.113816
744.7687,0.114610
745.0017,0.115410
745.2346,0.116258
745.4676,0.117203
745.7005,0.118272
745.9335,0.119469
746.1664,0.120774
746.3994,0.122173
746.6324,0.123666
746.8653,0.125279
747.0983,0.127047
747.3312,0.128993
747.5642,0.131109
747.7972,0.133357
748.0301,0.135683
748.2631,0.138052
748.4960,0.140460
748.7290,0.142941
748.9619,0.145543
749.1949,0.148289
749.4279,0.151155
749.6608,0.154065
749.8938,0.156914
750.1267,0.159612
750.3597,0.162118
750.5927,0.164444
750.8256,0.166630
751.0586,0.168695
751.2915,0.170593
751.5245,0.172201
751.7575,0.173345
751.9904,0.173856
752.2234,0.173622
752.4563,0.172617
752.6893,0.170886
752.9222,0.168512
753.1552,0.165578
753.3882,0.162152
753.6211,0.158304
753.8541,0.154133
754.0870,0.149778
754.3200,0.145406
754.5530,0.141174
754.7859,0.137192
755.0189,0.133493
755.2518,0.130038
755.4848,0.126748
755.7177,0.123544
755.9507,0.120378
756.1837,0.117249
756.4166,0.114183
756.6496,0.111214
756.8825,0.108358
757.1155,0.105610
757.3485,0.102955
757.5814,0.100383
757.8144,0.097907
758.0473,0.095558
758.2803,0.093373
758.5132,0.091376
758.7462,0.089566
758.9792,0.087921
759.2121,0.086410
759.4451,0.085012
759.6780,0.083730
759.9110,0.082588
760.1440,0.081619
760.3769,0.080848
760.6099,0.080273
760.8428,0.079868
761.0758,0.079590
761.3088,0.079397
761.5417,0.079262
761.7747,0.079180
762.0076,0.079162
762.2406,0.079220
762.4735,0.079358
762.7065,0.079567
762.9395,0.079827
763.1724,0.080119
763.4054,0.080430
763.6383,0.080759
763.8713,0.081108
764.1043,0.081478
764.3372,0.081858
764.5702,0.082233
764.8031,0.082592
765.0361,0.082933
765.2690,0.083273
765.5020,0.083637
765.7350,0.084043
765.9679,0.084492
766.2009,0.084963
766.4338,0.085416
766.6668,0.085813
766.8998,0.086137
767.1327,0.086400
767.3657,0.086639
767.5986,0.086895
767.8316,0.087191
768.0646,0.087520
768.2975,0.087847
768.5305,0.088128
768.7634,0.088328
768.9964,0.088443
769.2293,0.088492
769.4623,0.088512
769.6953,0.088526
769.9282,0.088538
770.1612,0.088524
770.3941,0.088452
770.6271,0.088304
770.8601,0.088087
771.0930,0.087836
771.3260,0.087600
771.5589,0.087421
771.7919,0.087313
772.0248,0.087262
772.2578,0.087237
772.4908,0.087206
772.7237,0.087154
772.9567,0.087086
773.1896,0.087019
773.4226,0.086968
773.6556,0.086932
773.8885,0.086897
774.1215,0.086843
774.3544,0.086764
774.5874,0.086676
774.8204,0.086616
775.0533,0.086626
775.2863,0.086739
775.5192,0.086958
775.7522,0.087259
775.9851,0.087600
776.2181,0.087940
776.4511,0.088255
776.6840,0.088542
776.9170,0.088811
777.1499,0.089069
777.3829,0.089314
777.6159,0.089529
777.8488,0.089695
778.0818,0.089803
778.3147,0.089870
778.5477,0.089929
778.7806,0.090017
779.0136,0.090161
779.2466,0.090361
779.4795,0.090594
779.7125,0.090827
779.9454,0.091039
780.1784,0.091231
780.4114,0.091429
780.6443,0.091670
780.8773,0.091980
781.1102,0.092359
781.3432,0.092783
781.5762,0.093211
781.8091,0.093607
782.0421,0.093957
782.2750,0.094272
782.5080,0.094575
782.7409,0.094892
782.9739,0.095229
783.2069,0.095579
783.4398,0.095924
783.6728,0.096256
783.9057,0.096585
784.1387,0.096940
784.3717,0.097352
784.6046,0.097836
784.8376,0.098380
785.0705,0.098942
785.3035,0.099473
785.5364,0.099934
785.7694,0.100314
786.0024,0.100639
786.2353,0.100949
786.4683,0.101285
786.7012,0.101664
786.9342,0.102077
787.1672,0.102498
787.4001,0.102902
787.6331,0.103283
787.8660,0.103659
788.0990,0.104061
788.3320,0.104514
788.5649,0.105021
788.7979,0.105564
789.0308,0.106105
789.2638,0.106612
789.4967,0.107072
789.7297,0.107495
789.9627,0.107908
790.1956,0.108336
790.4286,0.108785
790.6615,0.109244
790.8945,0.109692
791.1275,0.110110
791.3604,0.110501
791.5934,0.110885
791.8263,0.111290
792.0593,0.111734
792.2922,0.112212
792.5252,0.112697
792.7582,0.113152
792.9911,0.113555
793.2241,0.113909
793.4570,0.114245
793.6900,0.114610
793.9230,0.115038
794.1559,0.115540
794.3889,0.116096
794.6218,0.116670
794.8548,0.117231
795.0878,0.117769
795.3207,0.118301
795.5537,0.118856
795.7866,0.119455
796.0196,0.120096
796.2525,0.120752
796.4855,0.121381
796.7185,0.121951
796.9514,0.122459
797.1844,0.122929
797.4173,0.123403
797.6503,0.123916
797.8833,0.124473
798.1162,0.125050
798.3492,0.125604
798.5821,0.126100
798.8151,0.126528
799.0480,0.126916
799.2810,0.127313
799.5140,0.127766
799.7469,0.128300
799.9799,0.128903
800.2128,0.129540
800.4458,0.130170
800.6788,0.130770
800.9117,0.131339
801.1447,0.131901
801.3776,0.132476
801.6106,0.133071
801.8436,0.133665
802.0765,0.134221
802.3095,0.134694
802.5424,0.135053
802.7754,0.135283
803.0083,0.135373
803.2413,0.135309
803.4743,0.135056
803.7072,0.134562
803.9402,0.133777
804.1731,0.132677
804.4061,0.131277
804.6391,0.129637
804.8720,0.127844
805.1050,0.125985
805.3379,0.124127
805.5709,0.122310
805.8038,0.120555
806.0368,0.118879
806.2698,0.117305
806.5027,0.115868
806.7357,0.114604
806.9686,0.113536
807.2016,0.112661
807.4346,0.111953
807.6675,0.111372
807.9005,0.110877
808.1334,0.110440
808.3664,0.110052
808.5994,0.109713
808.8323,0.109425
809.0653,0.109180
809.2982,0.108964
809.5312,0.108761
809.7641,0.108567
809.9971,0.108393
810.2301,0.108264
810.4630,0.108205
810.6960,0.108222
810.9289,0.108297
811.1619,0.108389
811.3949,0.108451
811.6278,0.108449
811.8608,0.108377
812.0937,0.108261
812.3267,0.108145
812.5596,0.108071
812.7926,0.108061
813.0256,0.108114
813.2585,0.108209
813.4915,0.108319
813.7244,0.108430
813.9574,0.108542
814.1904,0.108667
814.4233,0.108819
814.6563,0.109003
814.8892,0.109212
815.1222,0.109433
815.3552,0.109659
815.5881,0.109893
815.8211,0.110152
816.0540,0.110456
816.2870,0.110814
816.5199,0.111219
816.7529,0.111649
816.9859,0.112078
817.2188,0.112488
817.4518,0.112887
817.6847,0.113299
817.9177,0.113758
818.1507,0.114291
818.3836,0.114901
818.6166,0.115566
818.8495,0.116252
819.0825,0.116931
819.3154,0.117592
819.5484,0.118247
819.7814,0.118927
820.0143,0.119658
820.2473,0.120452
820.4802,0.121299
820.7132,0.122172
820.9462,0.123042
821.1791,0.123894
821.4121,0.124730
821.6450,0.125568
821.8780,0.126427
822.1110,0.127317
822.3439,0.128233
822.5769,0.129159
822.8098,0.130078
823.0428,0.130982
823.2757,0.131876
823.5087,0.132767
823.7417,0.133663
823.9746,0.134557
824.2076,0.135434
824.4405,0.136276
824.6735,0.137076
824.9065,0.137845
825.1394,0.138609
825.3724,0.139398
825.6053,0.140228
825.8383,0.141095
826.0712,0.141971
826.3042,0.142821
826.5372,0.143615
826.7701,0.144340
827.0031,0.145001
827.2360,0.145611
827.4690,0.146170
827.7020,0.146664
827.9349,0.147061
828.1679,0.147329
828.4008,0.147455
828.6338,0.147456
828.8668,0.147376
829.0997,0.147274
829.3327,0.147201
829.5656,0.147187
829.7986,0.147238
830.0315,0.147348
830.2645,0.147509
830.4975,0.147724
830.7304,0.148000
830.9634,0.148340
831.1963,0.148726
831.4293,0.149109
831.6623,0.149422
831.8952,0.149588
832.1282,0.149549
832.3611,0.149279
832.5941,0.148783
832.8270,0.148086
833.0600,0.147219
833.2930,0.146203
833.5259,0.145057
833.7589,0.143805
833.9918,0.142491
834.2248,0.141182
834.4578,0.139955
834.6907,0.138875
834.9237,0.137978
835.1566,0.137256
835.3896,0.136669
835.6226,0.136165
835.8555,0.135702
836.0885,0.135269
836.3214,0.134876
836.5544,0.134549
836.7873,0.134299
837.0203,0.134118
837.2533,0.133971
837.4862,0.133816
837.7192,0.133619
837.9521,0.133371
838.1851,0.133082
838.4181,0.132770
838.6510,0.132441
838.8840,0.132073
839.1169,0.131619
839.3499,0.131022
839.5828,0.130237
839.8158,0.129243
840.0488,0.128051
840.2817,0.126687
840.5147,0.125178
840.7476,0.123541
840.9806,0.121781
841.2136,0.119908
841.4465,0.117944
841.6795,0.115936
841.9124,0.113947
842.1454,0.112042
842.3784,0.110269
842.6113,0.108647
842.8443,0.107169
843.0772,0.105820
843.3102,0.104588
843.5431,0.103478
843.7761,0.102515
844.0091,0.101726
844.2420,0.101127
844.4750,0.100713
844.7079,0.100453
844.9409,0.100308
845.1739,0.100239
845.4068,0.100224
845.6398,0.100263
845.8727,0.100364
846.1057,0.100536
846.3386,0.100775
846.5716,0.101064
846.8046,0.101375
847.0375,0.101689
847.2705,0.102000
847.5034,0.102319
847.7364,0.102666
847.9694,0.103056
848.2023,0.103488
848.4353,0.103948
848.6682,0.104411
848.9012,0.104858
849.1342,0.105287
849.3671,0.105710
849.6001,0.106150
849.8330,0.106624
850.0660,0.107138
850.2989,0.107678
850.5319,0.108224
850.7649,0.108761
850.9978,0.109289
851.2308,0.109819
851.4637,0.110370
851.6967,0.110951
851.9297,0.111550
852.1626,0.112134
852.3956,0.112663
852.6285,0.113100
852.8615,0.113427
853.0944,0.113651
853.3274,0.113789
853.5604,0.113860
853.7933,0.113866
854.0263,0.113792
854.2592,0.113609
854.4922,0.113287
854.7252,0.112810
854.9581,0.112172
855.1911,0.111382
855.4240,0.110443
855.6570,0.109356
855.8900,0.108110
856.1229,0.106699
856.3559,0.105133
856.5888,0.103440
856.8218,0.101669
857.0547,0.099878
857.2877,0.098116
857.5207,0.096416
857.7536,0.094793
857.9866,0.093247
858.2195,0.091775
858.4525,0.090380
858.6855,0.089071
858.9184,0.087858
859.1514,0.086747
859.3843,0.085732
859.6173,0.084798
859.8502,0.083927
860.0832,0.083107
860.3162,0.082339
860.5491,0.081632
860.7821,0.080998
861.0150,0.080443
861.2480,0.079959
861.4810,0.079526
861.7139,0.079121
861.9469,0.078728
862.1798,0.078340
862.4128,0.077965
862.6458,0.077617
862.8787,0.077306
863.1117,0.077032
863.3446,0.076782
863.5776,0.076544
863.8105,0.076305
864.0435,0.076068
864.2765,0.075843
864.5094,0.075649
864.7424,0.075498
864.9753,0.075395
865.2083,0.075330
865.4413,0.075289
865.6742,0.075260
865.9072,0.075239
866.1401,0.075231
866.3731,0.075243
866.6060,0.075279
866.8390,0.075335
867.0720,0.075397
867.3049,0.075451
867.5379,0.075489
867.7708,0.075515
868.0038,0.075544
868.2368,0.075594
868.4697,0.075675
868.7027,0.075782
868.9356,0.075899
869.1686,0.076003
869.4016,0.076078
869.6345,0.076121
869.8675,0.076147
870.1004,0.076181
870.3334,0.076244
870.5663,0.076348
870.7993,0.076488
871.0323,0.076650
871.2652,0.076817
871.4982,0.076976
871.7311,0.077126
871.9641,0.077275
872.1971,0.077429
872.4300,0.077591
872.6630,0.077757
872.8959,0.077919
873.1289,0.078076
873.3618,0.078233
873.5948,0.078404
873.8278,0.078605
874.0607,0.078844
874.2937,0.079118
874.5266,0.079410
874.7596,0.079698
874.9926,0.079964
875.2255,0.080202
875.4585,0.080421
875.6914,0.080638
875.9244,0.080871
876.1574,0.081125
876.3903,0.081396
876.6233,0.081669
876.8562,0.081928
877.0892,0.082167
877.3221,0.082388
877.5551,0.082603
877.7881,0.082824
878.0210,0.083057
878.2540,0.083300
878.4869,0.083544
878.7199,0.083783
878.9529,0.084013
879.1858,0.084238
879.4188,0.084465
879.6517,0.084696
879.8847,0.084921
880.1176,0.085125
880.3506,0.085289
880.5836,0.085405
880.8165,0.085476
881.0495,0.085520
881.2824,0.085562
881.5154,0.085622
881.7484,0.085709
881.9813,0.085814
882.2143,0.085917
882.4472,0.086002
882.6802,0.086058
882.9132,0.086093
883.1461,0.086122
883.3791,0.086166
883.6120,0.086236
883.8450,0.086331
884.0779,0.086437
884.3109,0.086537
884.5439,0.086614
884.7768,0.086661
885.0098,0.086678
885.2427,0.086673
885.4757,0.086652
885.7087,0.086620
885.9416,0.086582
886.1746,0.086544
886.4075,0.086515
886.6405,0.086506
886.8734,0.086531
887.1064,0.086595
887.3394,0.086694
887.5723,0.086816
887.8053,0.086946
888.0382,0.087070
888.2712,0.087187
888.5042,0.087301
888.7371,0.087424
888.9701,0.087564
889.2030,0.087726
889.4360,0.087903
889.6690,0.088088
889.9019,0.088273
890.1349,0.088459
890.3678,0.088652
890.6008,0.088863
890.8337,0.089097
891.0667,0.089355
891.2997,0.089627
891.5326,0.089902
891.7656,0.090173
891.9985,0.090438
892.2315,0.090705
892.4645,0.090982
892.6974,0.091273
892.9304,0.091574
893.1633,0.091874
893.3963,0.092158
893.6292,0.092421
893.8622,0.092669
894.0952,0.092919
894.3281,0.093192
894.5611,0.093504
894.7940,0.093854
895.0270,0.094231
895.2600,0.094613
895.4929,0.094980
895.7259,0.095323
895.9588,0.095647
896.1918,0.095967
896.4247,0.096298
896.6577,0.096648
896.8907,0.097014
897.1236,0.097384
897.3566,0.097747
897.5895,0.098098
897.8225,0.098442
898.0555,0.098791
898.2884,0.099159
898.5214,0.099554
898.7543,0.099971
898.9873,0.100403
899.2203,0.100839
899.4532,0.101276
899.6862,0.101718
899.9191,0.102177
900.1521,0.102662
900.3850,0.103179
900.6180,0.103722
900.8510,0.104283
901.0839,0.104853
901.3169,0.105430
901.5498,0.106023
901.7828,0.106644
902.0158,0.107306
902.2487,0.108010
902.4817,0.108748
902.7146,0.109501
902.9476,0.110246
903.1805,0.110962
903.4135,0.111629
903.6465,0.112234
903.8794,0.112759
904.1124,0.113182
904.3453,0.113477
904.5783,0.113616
904.8113,0.113584
905.0442,0.113379
905.2772,0.113015
905.5101,0.112517
905.7431,0.111912
905.9761,0.111227
906.2090,0.110481
906.4420,0.109689
906.6749,0.108870
906.9079,0.108046
907.1408,0.107244
907.3738,0.106487
907.6068,0.105795
907.8397,0.105174
908.0727,0.104624
908.3056,0.104138
908.5386,0.103713
908.7716,0.103351
909.0045,0.103060
909.2375,0.102849
909.4704,0.102719
909.7034,0.102661
909.9363,0.102651
910.1693,0.102662
910.4023,0.102672
910.6352,0.102667
910.8682,0.102651
911.1011,0.102634
911.3341,0.102635
911.5671,0.102664
911.8000,0.102727
912.0330,0.102818
912.2659,0.102930
912.4989,0.103053
912.7319,0.103178
912.9648,0.103298
913.1978,0.103408
913.4307,0.103497
913.6637,0.103556
913.8966,0.103580
914.1296,0.103570
914.3626,0.103536
914.5955,0.103494
914.8285,0.103460
915.0614,0.103443
915.2944,0.103441
915.5274,0.103440
915.7603,0.103425
915.9933,0.103385
916.2262,0.103320
916.4592,0.103239
916.6921,0.103161
916.9251,0.103103
917.1581,0.103077
917.3910,0.103085
917.6240,0.103124
917.8569,0.103190
918.0899,0.103283
918.3229,0.103406
918.5558,0.103569
918.7888,0.103779
919.0217,0.104039
919.2547,0.104347
919.4877,0.104699
919.7206,0.105091
919.9536,0.105528
920.1865,0.106017
920.4195,0.106571
920.6524,0.107199
920.8854,0.107906
921.1184,0.108688
921.3513,0.109542
921.5843,0.110461
921.8172,0.111443
922.0502,0.112489
922.2832,0.113599
922.5161,0.114768
922.7491,0.115982
922.9820,0.117221
923.2150,0.118459
923.4479,0.119675
923.6809,0.120851
923.9139,0.121974
924.1468,0.123029
924.3798,0.123991
924.6127,0.124822
924.8457,0.125474
925.0787,0.125892
925.3116,0.126025
925.5446,0.125838
925.7775,0.125310
926.0105,0.124438
926.2435,0.123228
926.4764,0.121696
926.7094,0.119865
926.9423,0.117770
927.1753,0.115464
927.4082,0.113012
927.6412,0.110486
927.8742,0.107956
928.1071,0.105481
928.3401,0.103101
928.5730,0.100838
928.8060,0.098703
929.0390,0.096697
929.2719,0.094825
929.5049,0.093087
929.7378,0.091484
929.9708,0.090013
930.2037,0.088664
930.4367,0.087427
930.6697,0.086293
930.9026,0.085256
931.1356,0.084312
931.3685,0.083464
931.6015,0.082708
931.8345,0.082040
932.0674,0.081443
932.3004,0.080901
932.5333,0.080392
932.7663,0.079901
932.9993,0.079416
933.2322,0.078931
933.4652,0.078438
933.6981,0.077931
933.9311,0.077400
934.1640,0.076840
934.3970,0.076248
934.6300,0.075635
934.8629,0.075017
935.0959,0.074418
935.3288,0.073860
935.5618,0.073358
935.7948,0.072915
936.0277,0.072524
936.2607,0.072178
936.4936,0.071867
936.7266,0.071591
936.9595,0.071354
937.1925,0.071160
937.4255,0.071012
937.6584,0.070904
937.8914,0.070825
938.1243,0.070761
938.3573,0.070701
938.5903,0.070641
938.8232,0.070583
939.0562,0.070535
939.2891,0.070506
939.5221,0.070501
939.7551,0.070519
939.9880,0.070554
940.2210,0.070601
940.4539,0.070654
940.6869,0.070710
940.9198,0.070767
941.1528,0.070826
941.3858,0.070883
941.6187,0.070936
941.8517,0.070984
942.0846,0.071027
942.3176,0.071071
942.5506,0.071122
942.7835,0.071185
943.0165,0.071260
943.2494,0.071342
943.4824,0.071420
943.7153,0.071483
943.9483,0.071524
944.1813,0.071543
944.4142,0.071544
944.6472,0.071540
944.8801,0.071544
945.1131,0.071565
945.3461,0.071609
945.5790,0.071678
945.8120,0.071770
946.0449,0.071880
946.2779,0.072002
946.5109,0.072129
946.7438,0.072251
946.9768,0.072360
947.2097,0.072451
947.4427,0.072524
947.6756,0.072584
947.9086,0.072641
948.1416,0.072704
948.3745,0.072779
948.6075,0.072867
948.8404,0.072958
949.0734,0.073045
949.3064,0.073118
949.5393,0.073177
949.7723,0.073226
950.0052,0.073274
950.2382,0.073330
950.4711,0.073399
950.7041,0.073480
950.9371,0.073568
951.1700,0.073655
951.4030,0.073741
951.6359,0.073825
951.8689,0.073912
952.1019,0.074002
952.3348,0.074093
952.5678,0.074178
952.8007,0.074245
953.0337,0.074289
953.2667,0.074310
953.4996,0.074314
953.7326,0.074314
953.9655,0.074321
954.1985,0.074341
954.4314,0.074372
954.6644,0.074402
954.8974,0.074419
955.1303,0.074413
955.3633,0.074380
955.5962,0.074322
955.8292,0.074245
956.0622,0.074156
956.2951,0.074060
956.5281,0.073962
956.7610,0.073868
956.9940,0.073785
957.2269,0.073722
957.4599,0.073687
957.6929,0.073683
957.9258,0.073706
958.1588,0.073744
958.3917,0.073783
958.6247,0.073812
958.8577,0.073827
959.0906,0.073834
959.3236,0.073844
959.5565,0.073868
959.7895,0.073915
960.0225,0.073984
960.2554,0.074067
960.4884,0.074156
960.7213,0.074244
960.9543,0.074332
961.1872,0.074423
961.4202,0.074522
961.6532,0.074630
961.8861,0.074741
962.1191,0.074848
962.3520,0.074944
962.5850,0.075027
962.8180,0.075102
963.0509,0.075178
963.2839,0.075266
963.5168,0.075372
963.7498,0.075492
963.9827,0.075619
964.2157,0.075740
964.4487,0.075846
964.6816,0.075936
964.9146,0.076013
965.1475,0.076085
965.3805,0.076158
965.6135,0.076233
965.8464,0.076308
966.0794,0.076377
966.3123,0.076439
966.5453,0.076493
966.7783,0.076542
967.0112,0.076590
967.2442,0.076636
967.4771,0.076676
967.7101,0.076705
967.9430,0.076715
968.1760,0.076706
968.4090,0.076683
968.6419,0.076654
968.8749,0.076625
969.1078,0.076600
969.3408,0.076576
969.5738,0.076549
969.8067,0.076514
970.0397,0.076473
970.2726,0.076433
970.5056,0.076406
970.7385,0.076401
970.9715,0.076421
971.2045,0.076461
971.4374,0.076509
971.6704,0.076554
971.9033,0.076587
972.1363,0.076612
972.3693,0.076634
972.6022,0.076665
972.8352,0.076710
973.0681,0.076770
973.3011,0.076838
973.5341,0.076908
973.7670,0.076974
974.0000,0.077036
974.2329,0.077099
974.4659,0.077167
974.6988,0.077236
974.9318,0.077299
975.1648,0.077341
975.3977,0.077349
975.6307,0.077314
975.8636,0.077239
976.0966,0.077137
976.3296,0.077024
976.5625,0.076915
976.7955,0.076820
977.0284,0.076739
977.2614,0.076670
977.4943,0.076609
977.7273,0.076554
977.9603,0.076509
978.1932,0.076479
978.4262,0.076465
978.6591,0.076466
978.8921,0.076478
979.1251,0.076498
979.3580,0.076524
979.5910,0.076558
979.8239,0.076610
980.0569,0.076685
980.2899,0.076786
980.5228,0.076910
980.7558,0.077046
980.9887,0.077183
981.2217,0.077314
981.4546,0.077436
981.6876,0.077553
981.9206,0.077674
982.1535,0.077806
982.3865,0.077952
982.6194,0.078113
982.8524,0.078287
983.0854,0.078475
983.3183,0.078679
983.5513,0.078903
983.7842,0.079152
984.0172,0.079422
984.2501,0.079707
984.4831,0.079997
984.7161,0.080281
984.9490,0.080555
985.1820,0.080823
985.4149,0.081094
985.6479,0.081380
985.8809,0.081689
986.1138,0.082022
986.3468,0.082375
986.5797,0.082742
986.8127,0.083121
987.0457,0.083514
987.2786,0.083927
987.5116,0.084368
987.7445,0.084838
987.9775,0.085333
988.2104,0.085843
988.4434,0.086357
988.6764,0.086868
988.9093,0.087374
989.1423,0.087884
989.3752,0.088406
989.6082,0.088946
989.8412,0.089502
990.0741,0.090066
990.3071,0.090629
990.5400,0.091180
990.7730,0.091717
991.0059,0.092241
991.2389,0.092756
991.4719,0.093264
991.7048,0.093758
991.9378,0.094229
992.1707,0.094664
992.4037,0.095056
992.6367,0.095403
992.8696,0.095707
993.1026,0.095974
993.3355,0.096202
993.5685,0.096385
993.8015,0.096509
994.0344,0.096562
994.2674,0.096537
994.5003,0.096438
994.7333,0.096277
994.9662,0.096071
995.1992,0.095830
995.4322,0.095559
995.6651,0.095252
995.8981,0.094901
996.1310,0.094501
996.3640,0.094057
996.5970,0.093582
996.8299,0.093095
997.0629,0.092612
997.2958,0.092142
997.5288,0.091684
997.7617,0.091234
997.9947,0.090787
998.2277,0.090346
998.4606,0.089919
998.6936,0.089522
998.9265,0.089168
999.1595,0.088868
999.3925,0.088622
999.6254,0.088427
999.8584,0.088276
1000.0913,0.088167
1000.3243,0.088100
1000.5573,0.088081
1000.7902,0.088115
1001.0232,0.088203
1001.2561,0.088342
1001.4891,0.088528
1001.7220,0.088754
1001.9550,0.089020
1002.1880,0.089326
1002.4209,0.089677
1002.6539,0.090072
1002.8868,0.090506
1003.1198,0.090969
1003.3528,0.091448
1003.5857,0.091931
1003.8187,0.092415
1004.0516,0.092904
1004.2846,0.093411
1004.5175,0.093948
1004.7505,0.094523
1004.9835,0.095142
1005.2164,0.095803
1005.4494,0.096501
1005.6823,0.097234
1005.9153,0.098002
1006.1483,0.098810
1006.3812,0.099660
1006.6142,0.100556
1006.8471,0.101495
1007.0801,0.102475
1007.3131,0.103495
1007.5460,0.104562
1007.7790,0.105686
1008.0119,0.106887
1008.2449,0.108181
1008.4778,0.109585
1008.7108,0.111110
1008.9438,0.112758
1009.1767,0.114530
1009.4097,0.116419
1009.6426,0.118419
1009.8756,0.120516
1010.1086,0.122686
1010.3415,0.124891
1010.5745,0.127075
1010.8074,0.129163
1011.0404,0.131070
1011.2733,0.132706
1011.5063,0.133988
1011.7393,0.134852
1011.9722,0.135260
1012.2052,0.135207
1012.4381,0.134726
1012.6711,0.133883
1012.9041,0.132769
1013.1370,0.131485
1013.3700,0.130124
1013.6029,0.128750
1013.8359,0.127398
1014.0689,0.126066
1014.3018,0.124732
1014.5348,0.123365
1014.7677,0.121941
1015.0007,0.120447
1015.2336,0.118889
1015.4666,0.117279
1015.6996,0.115633
1015.9325,0.113969
1016.1655,0.112301
1016.3984,0.110649
1016.6314,0.109036
1016.8644,0.107493
1017.0973,0.106052
1017.3303,0.104742
1017.5632,0.103582
1017.7962,0.102581
1018.0291,0.101736
1018.2621,0.101045
1018.4951,0.100504
1018.7280,0.100115
1018.9610,0.099881
1019.1939,0.099801
1019.4269,0.099871
1019.6599,0.100073
1019.8928,0.100388
1020.1258,0.100791
1020.3587,0.101265
1020.5917,0.101798
1020.8247,0.102386
1021.0576,0.103027
1021.2906,0.103720
1021.5235,0.104454
1021.7565,0.105219
1021.9894,0.106003
1022.2224,0.106798
1022.4554,0.107604
1022.6883,0.108426
1022.9213,0.109273
1023.1542,0.110150
1023.3872,0.111055
1023.6202,0.111986
1023.8531,0.112938
1024.0861,0.113912
1024.3190,0.114919
1024.5520,0.115970
1024.7849,0.117080
1025.0179,0.118253
1025.2509,0.119484
1025.4838,0.120755
1025.7168,0.122046
1025.9497,0.123335
1026.1827,0.124605
1026.4157,0.125848
1026.6486,0.127052
1026.8816,0.128203
1027.1145,0.129280
1027.3475,0.130252
1027.5804,0.131087
1027.8134,0.131755
1028.0464,0.132238
1028.2793,0.132521
1028.5123,0.132599
1028.7452,0.132465
1028.9782,0.132114
1029.2112,0.131543
1029.4441,0.130761
1029.6771,0.129790
1029.9100,0.128672
1030.1430,0.127459
1030.3760,0.126205
1030.6089,0.124954
1030.8419,0.123740
1031.0748,0.122579
1031.3078,0.121480
1031.5407,0.120447
1031.7737,0.119490
1032.0067,0.118616
1032.2396,0.117831
1032.4726,0.117131
1032.7055,0.116498
1032.9385,0.115907
1033.1715,0.115330
1033.4044,0.114743
1033.6374,0.114136
1033.8703,0.113510
1034.1033,0.112876
1034.3362,0.112246
1034.5692,0.111630
1034.8022,0.111030
1035.0351,0.110447
1035.2681,0.109877
1035.5010,0.109321
1035.7340,0.108780
1035.9670,0.108256
1036.1999,0.107745
1036.4329,0.107238
1036.6658,0.106723
1036.8988,0.106189
1037.1318,0.105628
1037.3647,0.105042
1037.5977,0.104439
1037.8306,0.103830
1038.0636,0.103224
1038.2965,0.102621
1038.5295,0.102019
1038.7625,0.101408
1038.9954,0.100784
1039.2284,0.100144
1039.4613,0.099491
1039.6943,0.098829
1039.9273,0.098161
1040.1602,0.097489
1040.3932,0.096812
1040.6261,0.096129
1040.8591,0.095443
1041.0920,0.094760
1041.3250,0.094092
1041.5580,0.093446
1041.7909,0.092827
1042.0239,0.092237
1042.2568,0.091672
1042.4898,0.091130
1042.7228,0.090613
1042.9557,0.090124
1043.1887,0.089669
1043.4216,0.089253
1043.6546,0.088872
1043.8876,0.088522
1044.1205,0.088193
1044.3535,0.087879
1044.5864,0.087580
1044.8194,0.087304
1045.0523,0.087065
1045.2853,0.086876
1045.5183,0.086745
1045.7512,0.086670
1045.9842,0.086646
1046.2171,0.086663
1046.4501,0.086713
1046.6831,0.086797
1046.9160,0.086915
1047.1490,0.087071
1047.3819,0.087266
1047.6149,0.087494
1047.8478,0.087747
1048.0808,0.088019
1048.3138,0.088305
1048.5467,0.088610
1048.7797,0.088943
1049.0126,0.089312
1049.2456,0.089724
1049.4786,0.090178
1049.7115,0.090666
1049.9445,0.091179
1050.1774,0.091709
1050.4104,0.092252
1050.6434,0.092810
1050.8763,0.093387
1051.1093,0.093986
1051.3422,0.094606
1051.5752,0.095242
1051.8081,0.095894
1052.0411,0.096560
1052.2741,0.097247
1052.5070,0.097964
1052.7400,0.098717
1052.9729,0.099510
1053.2059,0.100335
1053.4389,0.101181
1053.6718,0.102037
1053.9048,0.102892
1054.1377,0.103747
1054.3707,0.104608
1054.6036,0.105485
1054.8366,0.106387
1055.0696,0.107316
1055.3025,0.108275
1055.5355,0.109261
1055.7684,0.110273
1056.0014,0.111315
1056.2344,0.112389
1056.4673,0.113498
1056.7003,0.114638
1056.9332,0.115797
1057.1662,0.116960
1057.3992,0.118117
1057.6321,0.119263
1057.8651,0.120405
1058.0980,0.121554
1058.3310,0.122724
1058.5639,0.123922
1058.7969,0.125142
1059.0299,0.126372
1059.2628,0.127594
1059.4958,0.128798
1059.7287,0.129980
1059.9617,0.131147
1060.1947,0.132309
1060.4276,0.133473
1060.6606,0.134638
1060.8935,0.135798
1061.1265,0.136943
1061.3594,0.138068
1061.5924,0.139173
1061.8254,0.140265
1062.0583,0.141352
1062.2913,0.142433
1062.5242,0.143501
1062.7572,0.144540
1062.9902,0.145534
1063.2231,0.146476
1063.4561,0.147366
1063.6890,0.148217
1063.9220,0.149041
1064.1550,0.149846
1064.3879,0.150627
1064.6209,0.151369
1064.8538,0.152055
1065.0868,0.152671
1065.3197,0.153211
1065.5527,0.153679
1065.7857,0.154076
1066.0186,0.154399
1066.2516,0.154630
1066.4845,0.154740
1066.7175,0.154698
1066.9505,0.154477
1067.1834,0.154065
1067.4164,0.153461
1067.6493,0.152671
1067.8823,0.151700
1068.1152,0.150545
1068.3482,0.149195
1068.5812,0.147639
1068.8141,0.145872
1069.0471,0.143904
1069.2800,0.141757
1069.5130,0.139461
1069.7460,0.137055
1069.9789,0.134571
1070.2119,0.132045
1070.4448,0.129508
1070.6778,0.126996
1070.9108,0.124545
1071.1437,0.122189
1071.3767,0.119952
1071.6096,0.117850
1071.8426,0.115881
1072.0755,0.114038
1072.3085,0.112310
1072.5415,0.110691
1072.7744,0.109180
1073.0074,0.107778
1073.2403,0.106486
1073.4733,0.105298
1073.7063,0.104200
1073.9392,0.103172
1074.1722,0.102200
1074.4051,0.101273
1074.6381,0.100394
1074.8710,0.099573
1075.1040,0.098823
1075.3370,0.098152
1075.5699,0.097562
1075.8029,0.097045
1076.0358,0.096592
1076.2688,0.096199
1076.5018,0.095865
1076.7347,0.095599
1076.9677,0.095410
1077.2006,0.095307
1077.4336,0.095291
1077.6666,0.095358
1077.8995,0.095503
1078.1325,0.095722
1078.3654,0.096019
1078.5984,0.096404
1078.8313,0.096887
1079.0643,0.097478
1079.2973,0.098182
1079.5302,0.098996
1079.7632,0.099916
1079.9961,0.100935
1080.2291,0.102052
1080.4621,0.103267
1080.6950,0.104581
1080.9280,0.105990
1081.1609,0.107485
1081.3939,0.109051
1081.6268,0.110675
1081.8598,0.112343
1082.0928,0.114052
1082.3257,0.115801
1082.5587,0.117589
1082.7916,0.119412
1083.0246,0.121253
1083.2576,0.123092
1083.4905,0.124899
1083.7235,0.126652
1083.9564,0.128329
1084.1894,0.129916
1084.4224,0.131398
1084.6553,0.132756
1084.8883,0.133962
1085.1212,0.134986
1085.3542,0.135797
1085.5871,0.136375
1085.8201,0.136714
1086.0531,0.136823
1086.2860,0.136714
1086.5190,0.136403
1086.7519,0.135894
1086.9849,0.135190
1087.2179,0.134288
1087.4508,0.133194
1087.6838,0.131925
1087.9167,0.130506
1088.1497,0.128966
1088.3826,0.127333
1088.6156,0.125627
1088.8486,0.123863
1089.0815,0.122048
1089.3145,0.120193
1089.5474,0.118309
1089.7804,0.116411
1090.0134,0.114510
1090.2463,0.112612
1090.4793,0.110713
1090.7122,0.108808
1090.9452,0.106893
1091.1782,0.104969
1091.4111,0.103047
1091.6441,0.101144
1091.8770,0.099280
1092.1100,0.097465
1092.3429,0.095704
1092.5759,0.093991
1092.8089,0.092319
1093.0418,0.090684
1093.2748,0.089087
1093.5077,0.087539
1093.7407,0.086053
1093.9737,0.084642
1094.2066,0.083316
1094.4396,0.082076
1094.6725,0.080919
1094.9055,0.079841
1095.1384,0.078835
1095.3714,0.077898
1095.6044,0.077024
1095.8373,0.076210
1096.0703,0.075450
1096.3032,0.074739
1096.5362,0.074071
1096.7692,0.073445
1097.0021,0.072860
1097.2351,0.072315
1097.4680,0.071805
1097.7010,0.071323
1097.9340,0.070858
1098.1669,0.070399
1098.3999,0.069942
1098.6328,0.069489
1098.8658,0.069050
1099.0987,0.068640
1099.3317,0.068272
1099.5647,0.067952
1099.7976,0.067680
1100.0306,0.067448
1100.2635,0.067247
1100.4965,0.067069
1100.7295,0.066914
1100.9624,0.066785
1101.1954,0.066685
1101.4283,0.066615
1101.6613,0.066570
1101.8942,0.066541
1102.1272,0.066519
1102.3602,0.066499
1102.5931,0.066482
1102.8261,0.066478
1103.0590,0.066498
1103.2920,0.066552
1103.5250,0.066645
1103.7579,0.066773
1103.9909,0.066930
1104.2238,0.067109
1104.4568,0.067305
1104.6898,0.067519
1104.9227,0.067751
1105.1557,0.068004
1105.3886,0.068279
1105.6216,0.068573
1105.8545,0.068881
1106.0875,0.069199
1106.3205,0.069526
1106.5534,0.069863
1106.7864,0.070211
1107.0193,0.070570
1107.2523,0.070937
1107.4853,0.071303
1107.7182,0.071660
1107.9512,0.071999
1108.1841,0.072313
1108.4171,0.072599
1108.6500,0.072855
1108.8830,0.073080
1109.1160,0.073270
1109.3489,0.073421
1109.5819,0.073532
1109.8148,0.073604
1110.0478,0.073646
1110.2808,0.073671
1110.5137,0.073691
1110.7467,0.073717
1110.9796,0.073754
1111.2126,0.073802
1111.4456,0.073857
1111.6785,0.073913
1111.9115,0.073970
1112.1444,0.074027
1112.3774,0.074086
1112.6103,0.074151
1112.8433,0.074220
1113.0763,0.074293
1113.3092,0.074369
1113.5422,0.074447
1113.7751,0.074531
1114.0081,0.074625
1114.2411,0.074735
1114.4740,0.074864
1114.7070,0.075012
1114.9399,0.075176
1115.1729,0.075353
1115.4058,0.075542
1115.6388,0.075746
1115.8718,0.075966
1116.1047,0.076209
1116.3377,0.076474
1116.5706,0.076759
1116.8036,0.077059
1117.0366,0.077369
1117.2695,0.077685
1117.5025,0.078009
1117.7354,0.078345
1117.9684,0.078698
1118.2014,0.079070
1118.4343,0.079461
1118.6673,0.079867
1118.9002,0.080284
1119.1332,0.080709
1119.3661,0.081141
1119.5991,0.081583
1119.8321,0.082038
1120.0650,0.082508
1120.2980,0.082991
1120.5309,0.083482
1120.7639,0.083979
1120.9969,0.084478
1121.2298,0.084984
1121.4628,0.085498
1121.6957,0.086026
1121.9287,0.086566
1122.1616,0.087113
1122.3946,0.087660
1122.6276,0.088196
1122.8605,0.088718
1123.0935,0.089225
1123.3264,0.089721
1123.5594,0.090215
1123.7924,0.090709
1124.0253,0.091206
1124.2583,0.091701
1124.4912,0.092189
1124.7242,0.092667
1124.9572,0.093135
1125.1901,0.093597
1125.4231,0.094059
1125.6560,0.094525
1125.8890,0.094996
1126.1219,0.095472
1126.3549,0.095950
1126.5879,0.096429
1126.8208,0.096912
1127.0538,0.097403
1127.2867,0.097909
1127.5197,0.098430
1127.7527,0.098964
1127.9856,0.099506
1128.2186,0.100047
1128.4515,0.100584
1128.6845,0.101115
1128.9174,0.101645
1129.1504,0.102178
1129.3834,0.102719
1129.6163,0.103268
1129.8493,0.103824
1130.0822,0.104385
1130.3152,0.104950
1130.5482,0.105521
1130.7811,0.106102
1131.0141,0.106694
1131.2470,0.107298
1131.4800,0.107908
1131.7130,0.108519
1131.9459,0.109125
1132.1789,0.109725
1132.4118,0.110321
1132.6448,0.110920
1132.8777,0.111526
1133.1107,0.112140
1133.3437,0.112757
1133.5766,0.113369
1133.8096,0.113969
1134.0425,0.114553
1134.2755,0.115122
1134.5085,0.115683
1134.7414,0.116238
1134.9744,0.116792
1135.2073,0.117342
1135.4403,0.117881
1135.6732,0.118405
1135.9062,0.118913
1136.1392,0.119409
1136.3721,0.119900
1136.6051,0.120392
1136.8380,0.120887
1137.0710,0.121380
1137.3040,0.121863
1137.5369,0.122327
1137.7699,0.122768
1138.0028,0.123188
1138.2358,0.123594
1138.4688,0.123993
1138.7017,0.124387
1138.9347,0.124775
1139.1676,0.125151
1139.4006,0.125507
1139.6335,0.125841
1139.8665,0.126155
1140.0995,0.126456
1140.3324,0.126750
1140.5654,0.127041
1140.7983,0.127326
1141.0313,0.127602
1141.2643,0.127865
1141.4972,0.128118
1141.7302,0.128368
1141.9631,0.128626
1142.1961,0.128900
1142.4290,0.129194
1142.6620,0.129500
1142.8950,0.129808
1143.1279,0.130106
1143.3609,0.130387
1143.5938,0.130653
1143.8268,0.130910
1144.0598,0.131165
1144.2927,0.131422
1144.5257,0.131675
1144.7586,0.131913
1144.9916,0.132122
1145.2246,0.132291
1145.4575,0.132413
1145.6905,0.132491
1145.9234,0.132527
1146.1564,0.132521
1146.3893,0.132470
1146.6223,0.132365
1146.8553,0.132193
1147.0882,0.131946
1147.3212,0.131615
1147.5541,0.131196
1147.7871,0.130684
1148.0201,0.130072
1148.2530,0.129349
1148.4860,0.128507
1148.7189,0.127543
1148.9519,0.126466
1149.1848,0.125291
1149.4178,0.124046
1149.6508,0.122757
1149.8837,0.121446
1150.1167,0.120130
1150.3496,0.118817
1150.5826,0.117515
1150.8156,0.116233
1151.0485,0.114982
1151.2815,0.113774
1151.5144,0.112620
1151.7474,0.111522
1151.9804,0.110477
1152.2133,0.109478
1152.4463,0.108518
1152.6792,0.107595
1152.9122,0.106713
1153.1451,0.105885
1153.3781,0.105119
1153.6111,0.104424
1153.8440,0.103797
1154.0770,0.103230
1154.3099,0.102712
1154.5429,0.102232
1154.7759,0.101784
1155.0088,0.101366
1155.2418,0.100982
1155.4747,0.100632
1155.7077,0.100318
1155.9406,0.100040
1156.1736,0.099795
1156.4066,0.099586
1156.6395,0.099416
1156.8725,0.099291
1157.1054,0.099214
1157.3384,0.099185
1157.5714,0.099201
1157.8043,0.099254
1158.0373,0.099335
1158.2702,0.099441
1158.5032,0.099569
1158.7362,0.099724
1158.9691,0.099909
1159.2021,0.100125
1159.4350,0.100372
1159.6680,0.100642
1159.9009,0.100930
1160.1339,0.101231
1160.3669,0.101543
1160.5998,0.101868
1160.8328,0.102206
1161.0657,0.102558
1161.2987,0.102919
1161.5317,0.103283
1161.7646,0.103647
1161.9976,0.104007
1162.2305,0.104367
1162.4635,0.104731
1162.6964,0.105106
1162.9294,0.105494
1163.1624,0.105893
1163.3953,0.106298
1163.6283,0.106703
1163.8612,0.107103
1164.0942,0.107498
1164.3272,0.107890
1164.5601,0.108280
1164.7931,0.108670
1165.0260,0.109059
1165.2590,0.109445
1165.4919,0.109830
1165.7249,0.110216
1165.9579,0.110610
1166.1908,0.111018
1166.4238,0.111442
1166.6567,0.111881
1166.8897,0.112327
1167.1227,0.112771
1167.3556,0.113209
1167.5886,0.113641
1167.8215,0.114073
1168.0545,0.114517
1168.2875,0.114978
1168.5204,0.115455
1168.7534,0.115941
1168.9863,0.116421
1169.2193,0.116883
1169.4522,0.117323
1169.6852,0.117742
1169.9182,0.118154
1170.1511,0.118569
1170.3841,0.118997
1170.6170,0.119436
1170.8500,0.119881
1171.0830,0.120318
1171.3159,0.120738
1171.5489,0.121134
1171.7818,0.121502
1172.0148,0.121842
1172.2477,0.122146
1172.4807,0.122405
1172.7137,0.122603
1172.9466,0.122728
1173.1796,0.122770
1173.4125,0.122731
1173.6455,0.122622
1173.8785,0.122460
1174.1114,0.122263
1174.3444,0.122049
1174.5773,0.121832
1174.8103,0.121623
1175.0433,0.121430
1175.2762,0.121263
1175.5092,0.121127
1175.7421,0.121024
1175.9751,0.120951
1176.2080,0.120899
1176.4410,0.120857
1176.6740,0.120816
1176.9069,0.120771
1177.1399,0.120724
1177.3728,0.120681
1177.6058,0.120646
1177.8388,0.120622
1178.0717,0.120605
1178.3047,0.120588
1178.5376,0.120562
1178.7706,0.120520
1179.0035,0.120463
1179.2365,0.120390
1179.4695,0.120307
1179.7024,0.120212
1179.9354,0.120106
1180.1683,0.119986
1180.4013,0.119850
1180.6343,0.119701
1180.8672,0.119545
1181.1002,0.119390
1181.3331,0.119243
1181.5661,0.119106
1181.7991,0.118976
1182.0320,0.118850
1182.2650,0.118723
1182.4979,0.118597
1182.7309,0.118479
1182.9638,0.118378
1183.1968,0.118303
1183.4298,0.118256
1183.6627,0.118234
1183.8957,0.118232
1184.1286,0.118244
1184.3616,0.118267
1184.5946,0.118306
1184.8275,0.118367
1185.0605,0.118456
1185.2934,0.118572
1185.5264,0.118712
1185.7593,0.118865
1185.9923,0.119022
1186.2253,0.119176
1186.4582,0.119328
1186.6912,0.119480
1186.9241,0.119632
1187.1571,0.119783
1187.3901,0.119923
1187.6230,0.120039
1187.8560,0.120119
1188.0889,0.120156
1188.3219,0.120147
1188.5549,0.120096
1188.7878,0.120008
1189.0208,0.119885
1189.2537,0.119724
1189.4867,0.119518
1189.7196,0.119260
1189.9526,0.118947
1190.1856,0.118579
1190.4185,0.118162
1190.6515,0.117702
1190.8844,0.117204
1191.1174,0.116671
1191.3504,0.116103
1191.5833,0.115507
1191.8163,0.114892
1192.0492,0.114272
1192.2822,0.113664
1192.5151,0.113084
1192.7481,0.112540
1192.9811,0.112035
1193.2140,0.111565
1193.4470,0.111129
1193.6799,0.110727
1193.9129,0.110366
1194.1459,0.110056
1194.3788,0.109806
1194.6118,0.109621
1194.8447,0.109498
1195.0777,0.109427
1195.3107,0.109395
1195.5436,0.109390
1195.7766,0.109406
1196.0095,0.109442
1196.2425,0.109505
1196.4754,0.109599
1196.7084,0.109731
1196.9414,0.109902
1197.1743,0.110113
1197.4073,0.110359
1197.6402,0.110637
1197.8732,0.110940
1198.1062,0.111264
1198.3391,0.111600
1198.5721,0.111944
1198.8050,0.112291
1199.0380,0.112643
1199.2709,0.113003
1199.5039,0.113379
1199.7369,0.113777
1199.9698,0.114198
1200.2028,0.114639
1200.4357,0.115092
1200.6687,0.115549
1200.9017,0.116008
1201.1346,0.116471
1201.3676,0.116944
1201.6005,0.117437
1201.8335,0.117957
1202.0665,0.118502
1202.2994,0.119067
1202.5324,0.119641
1202.7653,0.120217
1202.9983,0.120794
1203.2312,0.121376
1203.4642,0.121972
1203.6972,0.122587
1203.9301,0.123222
1204.1631,0.123873
1204.3960,0.124531
1204.6290,0.125190
1204.8620,0.125848
1205.0949,0.126511
1205.3279,0.127188
1205.5608,0.127887
1205.7938,0.128610
1206.0267,0.129352
1206.2597,0.130104
1206.4927,0.130857
1206.7256,0.131610
1206.9586,0.132366
1207.1915,0.133136
1207.4245,0.133928
1207.6575,0.134745
1207.8904,0.135583
1208.1234,0.136429
1208.3563,0.137272
1208.5893,0.138102
1208.8223,0.138921
1209.0552,0.139735
1209.2882,0.140551
1209.5211,0.141375
1209.7541,0.142208
1209.9870,0.143043
1210.2200,0.143874
1210.4530,0.144698
1210.6859,0.145515
1210.9189,0.146329
1211.1518,0.147147
1211.3848,0.147966
1211.6178,0.148781
1211.8507,0.149579
1212.0837,0.150348
1212.3166,0.151079
1212.5496,0.151769
1212.7825,0.152426
1213.0155,0.153055
1213.2485,0.153662
1213.4814,0.154249
1213.7144,0.154814
1213.9473,0.155354
1214.1803,0.155871
1214.4133,0.156369
1214.6462,0.156855
1214.8792,0.157335
1215.1121,0.157809
1215.3451,0.158270
1215.5781,0.158712
1215.8110,0.159125
1216.0440,0.159509
1216.2769,0.159869
1216.5099,0.160217
1216.7428,0.160562
1216.9758,0.160910
1217.2088,0.161258
1217.4417,0.161601
1217.6747,0.161934
1217.9076,0.162254
1218.1406,0.162565
1218.3736,0.162875
1218.6065,0.163189
1218.8395,0.163506
1219.0724,0.163817
1219.3054,0.164111
1219.5383,0.164375
1219.7713,0.164607
1220.0043,0.164810
1220.2372,0.164989
1220.4702,0.165151
1220.7031,0.165293
1220.9361,0.165400
1221.1691,0.165454
1221.4020,0.165432
1221.6350,0.165318
1221.8679,0.165104
1222.1009,0.164789
1222.3339,0.164374
1222.5668,0.163857
1222.7998,0.163230
1223.0327,0.162482
1223.2657,0.161604
1223.4986,0.160596
1223.7316,0.159466
1223.9646,0.158233
1224.1975,0.156921
1224.4305,0.155552
1224.6634,0.154148
1224.8964,0.152728
1225.1294,0.151313
1225.3623,0.149927
1225.5953,0.148596
1225.8282,0.147350
1226.0612,0.146210
1226.2941,0.145188
1226.5271,0.144287
1226.7601,0.143503
1226.9930,0.142829
1227.2260,0.142260
1227.4589,0.141796
1227.6919,0.141440
1227.9249,0.141193
1228.1578,0.141050
1228.3908,0.140999
1228.6237,0.141024
1228.8567,0.141105
1229.0897,0.141228
1229.3226,0.141385
1229.5556,0.141575
1229.7885,0.141795
1230.0215,0.142043
1230.2544,0.142311
1230.4874,0.142588
1230.7204,0.142860
1230.9533,0.143118
1231.1863,0.143355
1231.4192,0.143567
1231.6522,0.143751
1231.8852,0.143898
1232.1181,0.143996
1232.3511,0.144026
1232.5840,0.143975
1232.8170,0.143829
1233.0499,0.143582
1233.2829,0.143233
1233.5159,0.142783
1233.7488,0.142228
1233.9818,0.141565
1234.2147,0.140792
1234.4477,0.139908
1234.6807,0.138921
1234.9136,0.137845
1235.1466,0.136700
1235.3795,0.135500
1235.6125,0.134260
1235.8455,0.132984
1236.0784,0.131676
1236.3114,0.130338
1236.5443,0.128981
1236.7773,0.127618
1237.0102,0.126265
1237.2432,0.124940
1237.4762,0.123653
1237.7091,0.122409
1237.9421,0.121206
1238.1750,0.120044
1238.4080,0.118921
1238.6410,0.117839
1238.8739,0.116799
1239.1069,0.115802
1239.3398,0.114847
1239.5728,0.113926
1239.8057,0.113032
1240.0387,0.112161
1240.2717,0.111314
1240.5046,0.110494
1240.7376,0.109709
1240.9705,0.108960
1241.2035,0.108247
1241.4365,0.107559
1241.6694,0.106886
1241.9024,0.106218
1242.1353,0.105551
1242.3683,0.104889
1242.6013,0.104240
1242.8342,0.103613
1243.0672,0.103011
1243.3001,0.102435
1243.5331,0.101879
1243.7660,0.101338
1243.9990,0.100806
1244.2320,0.100285
1244.4649,0.099777
1244.6979,0.099287
1244.9308,0.098815
1245.1638,0.098361
1245.3968,0.097922
1245.6297,0.097496
1245.8627,0.097082
1246.0956,0.096684
1246.3286,0.096309
1246.5615,0.095961
1246.7945,0.095642
1247.0275,0.095351
1247.2604,0.095085
1247.4934,0.094841
1247.7263,0.094622
1247.9593,0.094430
1248.1923,0.094273
1248.4252,0.094154
1248.6582,0.094074
1248.8911,0.094028
1249.1241,0.094008
1249.3571,0.094007
1249.5900,0.094022
1249.8230,0.094055
1250.0559,0.094109
1250.2889,0.094190
1250.5218,0.094300
1250.7548,0.094437
1250.9878,0.094595
1251.2207,0.094770
1251.4537,0.094958
1251.6866,0.095159
1251.9196,0.095378
1252.1526,0.095616
1252.3855,0.095873
1252.6185,0.096147
1252.8514,0.096431
1253.0844,0.096720
1253.3173,0.097012
1253.5503,0.097308
1253.7833,0.097614
1254.0162,0.097934
1254.2492,0.098268
1254.4821,0.098617
1254.7151,0.098975
1254.9481,0.099339
1255.1810,0.099707
1255.4140,0.100082
1255.6469,0.100464
1255.8799,0.100857
1256.1129,0.101259
1256.3458,0.101665
1256.5788,0.102068
1256.8117,0.102466
1257.0447,0.102857
1257.2776,0.103246
1257.5106,0.103641
1257.7436,0.104045
1257.9765,0.104458
1258.2095,0.104875
1258.4424,0.105286
1258.6754,0.105683
1258.9084,0.106062
1259.1413,0.106424
1259.3743,0.106769
1259.6072,0.107098
1259.8402,0.107401
1260.0731,0.107665
1260.3061,0.107869
1260.5391,0.107995
1260.7720,0.108032
1261.0050,0.107978
1261.2379,0.107839
1261.4709,0.107625
1261.7039,0.107341
1261.9368,0.106986
1262.1698,0.106554
1262.4027,0.106039
1262.6357,0.105436
1262.8687,0.104746
1263.1016,0.103978
1263.3346,0.103144
1263.5675,0.102256
1263.8005,0.101325
1264.0334,0.100358
1264.2664,0.099364
1264.4994,0.098352
1264.7323,0.097335
1264.9653,0.096329
1265.1982,0.095348
1265.4312,0.094403
1265.6642,0.093502
1265.8971,0.092645
1266.1301,0.091833
1266.3630,0.091067
1266.5960,0.090349
1266.8289,0.089684
1267.0619,0.089077
1267.2949,0.088533
1267.5278,0.088053
1267.7608,0.087638
1267.9937,0.087286
1268.2267,0.086996
1268.4597,0.086768
1268.6926,0.086599
1268.9256,0.086486
1269.1585,0.086423
1269.3915,0.086404
1269.6245,0.086424
1269.8574,0.086477
1270.0904,0.086566
1270.3233,0.086695
1270.5563,0.086871
1270.7892,0.087099
1271.0222,0.087378
1271.2552,0.087703
1271.4881,0.088062
1271.7211,0.088444
1271.9540,0.088834
1272.1870,0.089226
1272.4200,0.089615
1272.6529,0.090005
1272.8859,0.090399
1273.1188,0.090806
1273.3518,0.091231
1273.5847,0.091683
1273.8177,0.092166
1274.0507,0.092683
1274.2836,0.093233
1274.5166,0.093810
1274.7495,0.094407
1274.9825,0.095015
1275.2155,0.095624
1275.4484,0.096231
1275.6814,0.096835
1275.9143,0.097440
1276.1473,0.098051
1276.3803,0.098670
1276.6132,0.099297
1276.8462,0.099928
1277.0791,0.100558
1277.3121,0.101183
1277.5450,0.101804
1277.7780,0.102423
1278.0110,0.103045
1278.2439,0.103673
1278.4769,0.104304
1278.7098,0.104934
1278.9428,0.105558
1279.1758,0.106170
1279.4087,0.106770
1279.6417,0.107360
1279.8746,0.107944
1280.1076,0.108522
1280.3405,0.109094
1280.5735,0.109652
1280.8065,0.110189
1281.0394,0.110699
1281.2724,0.111182
1281.5053,0.111640
1281.7383,0.112084
1281.9713,0.112520
1282.2042,0.112954
1282.4372,0.113389
1282.6701,0.113824
1282.9031,0.114256
1283.1361,0.114689
1283.3690,0.115127
1283.6020,0.115578
1283.8349,0.116048
1284.0679,0.116541
1284.3008,0.117055
1284.5338,0.117587
1284.7668,0.118131
1284.9997,0.118686
1285.2327,0.119255
1285.4656,0.119841
1285.6986,0.120449
1285.9316,0.121081
1286.1645,0.121733
1286.3975,0.122398
1286.6304,0.123067
1286.8634,0.123734
1287.0963,0.124390
1287.3293,0.125030
1287.5623,0.125645
1287.7952,0.126226
1288.0282,0.126762
1288.2611,0.127239
1288.4941,0.127652
1288.7271,0.127998
1288.9600,0.128279
1289.1930,0.128502
1289.4259,0.128670
1289.6589,0.128781
1289.8919,0.128827
1290.1248,0.128797
1290.3578,0.128685
1290.5907,0.128486
1290.8237,0.128206
1291.0566,0.127859
1291.2896,0.127461
1291.5226,0.127028
1291.7555,0.126575
1291.9885,0.126115
1292.2214,0.125659
1292.4544,0.125220
1292.6874,0.124811
1292.9203,0.124446
1293.1533,0.124136
1293.3862,0.123888
1293.6192,0.123704
1293.8521,0.123582
1294.0851,0.123522
1294.3181,0.123524
1294.5510,0.123592
1294.7840,0.123731
1295.0169,0.123947
1295.2499,0.124240
1295.4829,0.124609
1295.7158,0.125048
1295.9488,0.125552
1296.1817,0.126116
1296.4147,0.126735
1296.6477,0.127405
1296.8806,0.128120
1297.1136,0.128872
1297.3465,0.129650
1297.5795,0.130446
1297.8124,0.131254
1298.0454,0.132073
1298.2784,0.132908
1298.5113,0.133765
1298.7443,0.134649
1298.9772,0.135560
1299.2102,0.136493
1299.4432,0.137441
1299.6761,0.138399
1299.9091,0.139362
1300.1420,0.140332
1300.3750,0.141311
1300.6079,0.142300
1300.8409,0.143296
1301.0739,0.144292
1301.3068,0.145281
1301.5398,0.146256
1301.7727,0.147218
1302.0057,0.148167
1302.2387,0.149108
1302.4716,0.150039
1302.7046,0.150956
1302.9375,0.151850
1303.1705,0.152710
1303.4034,0.153529
1303.6364,0.154304
1303.8694,0.155039
1304.1023,0.155740
1304.3353,0.156409
1304.5682,0.157043
1304.8012,0.157631
1305.0342,0.158161
1305.2671,0.158621
1305.5001,0.159005
1305.7330,0.159315
1305.9660,0.159557
1306.1990,0.159735
1306.4319,0.159855
1306.6649,0.159917
1306.8978,0.159918
1307.1308,0.159859
1307.3637,0.159742
1307.5967,0.159573
1307.8297,0.159359
1308.0626,0.159105
1308.2956,0.158811
1308.5285,0.158474
1308.7615,0.158094
1308.9945,0.157675
1309.2274,0.157225
1309.4604,0.156761
1309.6933,0.156298
1309.9263,0.155845
1310.1592,0.155407
1310.3922,0.154979
1310.6252,0.154557
1310.8581,0.154138
1311.0911,0.153727
1311.3240,0.153334
1311.5570,0.152972
1311.7900,0.152647
1312.0229,0.152356
1312.2559,0.152087
1312.4888,0.151822
1312.7218,0.151544
1312.9548,0.151241
1313.1877,0.150913
1313.4207,0.150567
1313.6536,0.150212
1313.8866,0.149856
1314.1195,0.149501
1314.3525,0.149145
1314.5855,0.148786
1314.8184,0.148421
1315.0514,0.148054
1315.2843,0.147690
1315.5173,0.147336
1315.7503,0.146996
1315.9832,0.146671
1316.2162,0.146361
1316.4491,0.146064
1316.6821,0.145780
1316.9150,0.145507
1317.1480,0.145246
1317.3810,0.144993
1317.6139,0.144742
1317.8469,0.144489
1318.0798,0.144227
1318.3128,0.143957
1318.5458,0.143678
1318.7787,0.143393
1319.0117,0.143099
1319.2446,0.142790
1319.4776,0.142455
1319.7106,0.142083
1319.9435,0.141667
1320.1765,0.141210
1320.4094,0.140722
1320.6424,0.140218
1320.8753,0.139708
1321.1083,0.139197
1321.3413,0.138681
1321.5742,0.138153
1321.8072,0.137602
1322.0401,0.137025
1322.2731,0.136428
1322.5061,0.135818
1322.7390,0.135202
1322.9720,0.134581
1323.2049,0.133946
1323.4379,0.133282
1323.6708,0.132573
1323.9038,0.131811
1324.1368,0.130997
1324.3697,0.130139
1324.6027,0.129251
1324.8356,0.128340
1325.0686,0.127408
1325.3016,0.126450
1325.5345,0.125459
1325.7675,0.124431
1326.0004,0.123367
1326.2334,0.122275
1326.4664,0.121164
1326.6993,0.120040
1326.9323,0.118905
1327.1652,0.117753
1327.3982,0.116579
1327.6311,0.115382
1327.8641,0.114166
1328.0971,0.112937
1328.3300,0.111704
1328.5630,0.110469
1328.7959,0.109232
1329.0289,0.107984
1329.2619,0.106720
1329.4948,0.105438
1329.7278,0.104142
1329.9607,0.102843
1330.1937,0.101551
1330.4266,0.100272
1330.6596,0.099007
1330.8926,0.097752
1331.1255,0.096500
1331.3585,0.095252
1331.5914,0.094012
1331.8244,0.092791
1332.0574,0.091598
1332.2903,0.090439
1332.5233,0.089312
1332.7562,0.088207
1332.9892,0.087117
1333.2222,0.086037
1333.4551,0.084971
1333.6881,0.083932
1333.9210,0.082932
1334.1540,0.081983
1334.3869,0.081091
1334.6199,0.080252
1334.8529,0.079461
1335.0858,0.078714
1335.3188,0.078015
1335.5517,0.077372
1335.7847,0.076796
1336.0177,0.076293
1336.2506,0.075858
1336.4836,0.075475
1336.7165,0.075121
1336.9495,0.074780
1337.1824,0.074447
1337.4154,0.074136
1337.6484,0.073873
1337.8813,0.073691
1338.1143,0.073612
1338.3472,0.073646
1338.5802,0.073779
1338.8132,0.073986
1339.0461,0.074236
1339.2791,0.074500
1339.5120,0.074762
1339.7450,0.075014
1339.9780,0.075250
1340.2109,0.075466
1340.4439,0.075649
1340.6768,0.075787
1340.9098,0.075879
1341.1427,0.075935
1341.3757,0.075985
1341.6087,0.076071
1341.8416,0.076236
1342.0746,0.076512
1342.3075,0.076917
1342.5405,0.077450
1342.7735,0.078096
1343.0064,0.078829
1343.2394,0.079626
1343.4723,0.080468
1343.7053,0.081345
1343.9382,0.082254
1344.1712,0.083194
1344.4042,0.084164
1344.6371,0.085162
1344.8701,0.086185
1345.1030,0.087232
1345.3360,0.088307
1345.5690,0.089411
1345.8019,0.090547
1346.0349,0.091717
1346.2678,0.092917
1346.5008,0.094141
1346.7338,0.095383
1346.9667,0.096640
1347.1997,0.097909
1347.4326,0.099192
1347.6656,0.100488
1347.8985,0.101796
1348.1315,0.103114
1348.3645,0.104439
1348.5974,0.105771
1348.8304,0.107106
1349.0633,0.108443
1349.2963,0.109774
1349.5293,0.111087
1349.7622,0.112367
1349.9952,0.113599
1350.2281,0.114774
1350.4611,0.115896
1350.6940,0.116974
1350.9270,0.118023
1351.1600,0.119058
1351.3929,0.120081
1351.6259,0.121087
1351.8588,0.122065
1352.0918,0.123001
1352.3248,0.123887
1352.5577,0.124723
1352.7907,0.125515
1353.0236,0.126272
1353.2566,0.126995
1353.4896,0.127682
1353.7225,0.128327
1353.9555,0.128922
1354.1884,0.129464
1354.4214,0.129953
1354.6543,0.130391
1354.8873,0.130776
1355.1203,0.131098
1355.3532,0.131341
1355.5862,0.131492
1355.8191,0.131543
1356.0521,0.131502
1356.2851,0.131388
1356.5180,0.131229
1356.7510,0.131045
1356.9839,0.130850
1357.2169,0.130641
1357.4498,0.130405
1357.6828,0.130126
1357.9158,0.129794
1358.1487,0.129405
1358.3817,0.128964
1358.6146,0.128475
1358.8476,0.127942
1359.0806,0.127364
1359.3135,0.126743
1359.5465,0.126088
1359.7794,0.125414
1360.0124,0.124750
1360.2454,0.124119
1360.4783,0.123541
1360.7113,0.123012
1360.9442,0.122514
1361.1772,0.122014
1361.4101,0.121483
1361.6431,0.120914
1361.8761,0.120323
1362.1090,0.119749
1362.3420,0.119235
1362.5749,0.118808
1362.8079,0.118466
1363.0409,0.118173
1363.2738,0.117865
1363.5068,0.117475
1363.7397,0.116961
1363.9727,0.116322
1364.2056,0.115600
1364.4386,0.114859
1364.6716,0.114168
1364.9045,0.113580
1365.1375,0.113126
1365.3704,0.112809
1365.6034,0.112615
1365.8364,0.112514
1366.0693,0.112472
1366.3023,0.112458
1366.5352,0.112451
1366.7682,0.112442
1367.0012,0.112431
1367.2341,0.112423
1367.4671,0.112421
1367.7000,0.112429
1367.9330,0.112441
1368.1659,0.112449
1368.3989,0.112438
1368.6319,0.112389
1368.8648,0.112280
1369.0978,0.112095
1369.3307,0.111823
1369.5637,0.111463
1369.7967,0.111025
1370.0296,0.110524
1370.2626,0.109979
1370.4955,0.109408
1370.7285,0.108819
1370.9614,0.108214
1371.1944,0.107585
1371.4274,0.106918
1371.6603,0.106195
1371.8933,0.105404
1372.1262,0.104541
1372.3592,0.103610
1372.5922,0.102620
1372.8251,0.101584
1373.0581,0.100508
1373.2910,0.099389
1373.5240,0.098216
1373.7570,0.096972
1373.9899,0.095642
1374.2229,0.094223
1374.4558,0.092730
1374.6888,0.091192
1374.9217,0.089645
1375.1547,0.088119
1375.3877,0.086641
1375.6206,0.085221
1375.8536,0.083866
1376.0865,0.082581
1376.3195,0.081370
1376.5525,0.080243
1376.7854,0.079207
1377.0184,0.078269
1377.2513,0.077428
1377.4843,0.076674
1377.7172,0.075992
1377.9502,0.075361
1378.1832,0.074766
1378.4161,0.074192
1378.6491,0.073634
1378.8820,0.073094
1379.1150,0.072574
1379.3480,0.072081
1379.5809,0.071618
1379.8139,0.071187
1380.0468,0.070788
1380.2798,0.070419
1380.5128,0.070080
1380.7457,0.069767
1380.9787,0.069480
1381.2116,0.069219
1381.4446,0.068984
1381.6775,0.068780
1381.9105,0.068610
1382.1435,0.068476
1382.3764,0.068379
1382.6094,0.068316
1382.8423,0.068282
1383.0753,0.068270
1383.3083,0.068276
1383.5412,0.068301
1383.7742,0.068349
1384.0071,0.068424
1384.2401,0.068536
1384.4730,0.068689
1384.7060,0.068890
1384.9390,0.069139
1385.1719,0.069443
1385.4049,0.069807
1385.6378,0.070243
1385.8708,0.070768
1386.1038,0.071398
1386.3367,0.072152
1386.5697,0.073038
1386.8026,0.074048
1387.0356,0.075150
1387.2686,0.076277
1387.5015,0.077337
1387.7345,0.078230
1387.9674,0.078880
1388.2004,0.079265
1388.4333,0.079426
1388.6663,0.079450
1388.8993,0.079442
1389.1322,0.079499
1389.3652,0.079691
1389.5981,0.080055
1389.8311,0.080591
1390.0641,0.081271
1390.2970,0.082044
1390.5300,0.082859
1390.7629,0.083671
1390.9959,0.084455
1391.2288,0.085203
1391.4618,0.085918
1391.6948,0.086605
1391.9277,0.087265
1392.1607,0.087897
1392.3936,0.088504
1392.6266,0.089096
1392.8596,0.089695
1393.0925,0.090333
1393.3255,0.091045
1393.5584,0.091856
1393.7914,0.092775
1394.0244,0.093776
1394.2573,0.094800
1394.4903,0.095754
1394.7232,0.096531
1394.9562,0.097032
1395.1891,0.097207
1395.4221,0.097061
1395.6551,0.096658
1395.8880,0.096094
1396.1210,0.095468
1396.3539,0.094869
1396.5869,0.094357
1396.8199,0.093965
1397.0528,0.093701
1397.2858,0.093551
1397.5187,0.093489
1397.7517,0.093488
1397.9846,0.093525
1398.2176,0.093584
1398.4506,0.093648
1398.6835,0.093695
1398.9165,0.093684
1399.1494,0.093562
1399.3824,0.093267
1399.6154,0.092756
1399.8483,0.092017
1400.0813,0.091081
1400.3142,0.090007
1400.5472,0.088866
1400.7802,0.087723
1401.0131,0.086627
1401.2461,0.085604
1401.4790,0.084660
1401.7120,0.083785
1401.9449,0.082958
1402.1779,0.082157
1402.4109,0.081363
1402.6438,0.080571
1402.8768,0.079782
1403.1097,0.079010
1403.3427,0.078273
1403.5757,0.077595
1403.8086,0.076993
1404.0416,0.076483
1404.2745,0.076064
1404.5075,0.075722
1404.7404,0.075421
1404.9734,0.075112
1405.2064,0.074737
1405.4393,0.074255
1405.6723,0.073653
1405.9052,0.072955
1406.1382,0.072214
1406.3712,0.071494
1406.6041,0.070856
1406.8371,0.070341
1407.0700,0.069969
1407.3030,0.069734
1407.5360,0.069614
1407.7689,0.069579
1408.0019,0.069598
1408.2348,0.069650
1408.4678,0.069727
1408.7007,0.069828
1408.9337,0.069956
1409.1667,0.070111
1409.3996,0.070285
1409.6326,0.070464
1409.8655,0.070629
1410.0985,0.070764
1410.3315,0.070857
1410.5644,0.070902
1410.7974,0.070898
1411.0303,0.070845
1411.2633,0.070739
1411.4962,0.070577
1411.7292,0.070352
1411.9622,0.070059
1412.1951,0.069701
1412.4281,0.069284
1412.6610,0.068823
1412.8940,0.068338
1413.1270,0.067852
1413.3599,0.067386
1413.5929,0.066961
1413.8258,0.066592
1414.0588,0.066287
1414.2918,0.066051
1414.5247,0.065881
1414.7577,0.065774
1414.9906,0.065723
1415.2236,0.065725
1415.4565,0.065779
1415.6895,0.065887
1415.9225,0.066055
1416.1554,0.066291
1416.3884,0.066602
1416.6213,0.066991
1416.8543,0.067456
1417.0873,0.067980
1417.3202,0.068542
1417.5532,0.069121
1417.7861,0.069707
1418.0191,0.070317
1418.2520,0.070995
1418.4850,0.071802
1418.7180,0.072787
1418.9509,0.073955
1419.1839,0.075216
1419.4168,0.076369
1419.6498,0.077153
1419.8828,0.077353
1420.1157,0.076926
1420.3487,0.076014
1420.5816,0.074857
1420.8146,0.073697
1421.0476,0.072715
1421.2805,0.072013
1421.5135,0.071627
1421.7464,0.071536
1421.9794,0.071680
1422.2123,0.071987
1422.4453,0.072394
1422.6783,0.072873
1422.9112,0.073424
1423.1442,0.074065
1423.3771,0.074800
1423.6101,0.075595
1423.8431,0.076373
1424.0760,0.077027
1424.3090,0.077463
1424.5419,0.077640
1424.7749,0.077585
1425.0078,0.077379
1425.2408,0.077121
1425.4738,0.076897
1425.7067,0.076761
1425.9397,0.076732
1426.1726,0.076805
1426.4056,0.076964
1426.6386,0.077190
1426.8715,0.077471
1427.1045,0.077798
1427.3374,0.078159
1427.5704,0.078543
1427.8034,0.078934
1428.0363,0.079323
1428.2693,0.079712
1428.5022,0.080120
1428.7352,0.080574
1428.9681,0.081102
1429.2011,0.081713
1429.4341,0.082391
1429.6670,0.083085
1429.9000,0.083717
1430.1329,0.084204
1430.3659,0.084481
1430.5989,0.084526
1430.8318,0.084363
1431.0648,0.084055
1431.2977,0.083682
1431.5307,0.083325
1431.7636,0.083047
1431.9966,0.082891
1432.2296,0.082871
1432.4625,0.082977
1432.6955,0.083175
1432.9284,0.083418
1433.1614,0.083654
1433.3944,0.083850
1433.6273,0.083992
1433.8603,0.084093
1434.0932,0.084185
1434.3262,0.084304
1434.5592,0.084483
1434.7921,0.084748
1435.0251,0.085124
1435.2580,0.085644
1435.4910,0.086352
1435.7239,0.087309
1435.9569,0.088566
1436.1899,0.090127
1436.4228,0.091891
1436.6558,0.093614
1436.8887,0.094940
1437.1217,0.095542
1437.3547,0.095297
1437.5876,0.094339
1437.8206,0.092956
1438.0535,0.091448
1438.2865,0.090034
1438.5194,0.088841
1438.7524,0.087916
1438.9854,0.087252
1439.2183,0.086808
1439.4513,0.086528
1439.6842,0.086356
1439.9172,0.086242
1440.1502,0.086152
1440.3831,0.086063
1440.6161,0.085962
1440.8490,0.085842
1441.0820,0.085702
1441.3149,0.085545
1441.5479,0.085380
1441.7809,0.085222
1442.0138,0.085085
1442.2468,0.084978
1442.4797,0.084906
1442.7127,0.084871
1442.9457,0.084871
1443.1786,0.084909
1443.4116,0.084989
1443.6445,0.085119
1443.8775,0.085302
1444.1105,0.085540
1444.3434,0.085828
1444.5764,0.086163
1444.8093,0.086541
1445.0423,0.086966
1445.2752,0.087444
1445.5082,0.087983
1445.7412,0.088586
1445.9741,0.089252
1446.2071,0.089982
1446.4400,0.090787
1446.6730,0.091690
1446.9060,0.092729
1447.1389,0.093944
1447.3719,0.095350
1447.6048,0.096921
1447.8378,0.098563
1448.0707,0.100132
1448.3037,0.101466
1448.5367,0.102449
1448.7696,0.103060
1449.0026,0.103371
1449.2355,0.103518
1449.4685,0.103647
1449.7015,0.103874
1449.9344,0.104265
1450.1674,0.104837
1450.4003,0.105565
1450.6333,0.106409
1450.8663,0.107323
1451.0992,0.108273
1451.3322,0.109240
1451.5651,0.110207
1451.7981,0.111157
1452.0310,0.112058
1452.2640,0.112867
1452.4970,0.113539
1452.7299,0.114042
1452.9629,0.114368
1453.1958,0.114538
1453.4288,0.114597
1453.6618,0.114597
1453.8947,0.114592
1454.1277,0.114622
1454.3606,0.114709
1454.5936,0.114856
1454.8265,0.115053
1455.0595,0.115275
1455.2925,0.115502
1455.5254,0.115730
1455.7584,0.115976
1455.9913,0.116279
1456.2243,0.116677
1456.4573,0.117176
1456.6902,0.117706
1456.9232,0.118104
1457.1561,0.118153
1457.3891,0.117690
1457.6221,0.116688
1457.8550,0.115257
1458.0880,0.113570
1458.3209,0.111782
1458.5539,0.110003
1458.7868,0.108286
1459.0198,0.106645
1459.2528,0.105068
1459.4857,0.103537
1459.7187,0.102043
1459.9516,0.100595
1460.1846,0.099215
1460.4176,0.097935
1460.6505,0.096782
1460.8835,0.095777
1461.1164,0.094923
1461.3494,0.094211
1461.5823,0.093624
1461.8153,0.093145
1462.0483,0.092763
1462.2812,0.092473
1462.5142,0.092278
1462.7471,0.092182
1462.9801,0.092189
1463.2131,0.092303
1463.4460,0.092538
1463.6790,0.092921
1463.9119,0.093489
1464.1449,0.094281
1464.3779,0.095309
1464.6108,0.096525
1464.8438,0.097805
1465.0767,0.098956
1465.3097,0.099777
1465.5426,0.100150
1465.7756,0.100087
1466.0086,0.099713
1466.2415,0.099206
1466.4745,0.098730
1466.7074,0.098404
1466.9404,0.098288
1467.1734,0.098391
1467.4063,0.098686
1467.6393,0.099121
1467.8722,0.099639
1468.1052,0.100190
1468.3381,0.100740
1468.5711,0.101274
1468.8041,0.101786
1469.0370,0.102279
1469.2700,0.102758
1469.5029,0.103230
1469.7359,0.103701
1469.9689,0.104184
1470.2018,0.104700
1470.4348,0.105280
1470.6677,0.105973
1470.9007,0.106843
1471.1337,0.107964
1471.3666,0.109401
1471.5996,0.111178
1471.8325,0.113250
1472.0655,0.115472
1472.2984,0.117623
1472.5314,0.119478
1472.7644,0.120899
1472.9973,0.121881
1473.2303,0.122533
1473.4632,0.122998
1473.6962,0.123387
1473.9292,0.123740
1474.1621,0.124037
1474.3951,0.124238
1474.6280,0.124332
1474.8610,0.124358
1475.0939,0.124405
1475.3269,0.124580
1475.5599,0.124978
1475.7928,0.125640
1476.0258,0.126520
1476.2587,0.127465
1476.4917,0.128246
1476.7247,0.128639
1476.9576,0.128512
1477.1906,0.127876
1477.4235,0.126845
1477.6565,0.125568
1477.8895,0.124172
1478.1224,0.122741
1478.3554,0.121318
1478.5883,0.119912
1478.8213,0.118513
1479.0542,0.117106
1479.2872,0.115667
1479.5202,0.114179
1479.7531,0.112628
1479.9861,0.111008
1480.2190,0.109324
1480.4520,0.107589
1480.6850,0.105821
1480.9179,0.104032
1481.1509,0.102226
1481.3838,0.100398
1481.6168,0.098539
1481.8497,0.096641
1482.0827,0.094708
1482.3157,0.092757
1482.5486,0.090810
1482.7816,0.088888
1483.0145,0.087008
1483.2475,0.085177
1483.4805,0.083396
1483.7134,0.081663
1483.9464,0.079979
1484.1793,0.078343
1484.4123,0.076759
1484.6453,0.075227
1484.8782,0.073741
1485.1112,0.072296
1485.3441,0.070883
1485.5771,0.069498
1485.8100,0.068142
1486.0430,0.066818
1486.2760,0.065530
1486.5089,0.064277
1486.7419,0.063050
1486.9748,0.061833
1487.2078,0.060606
1487.4408,0.059351
1487.6737,0.058059
1487.9067,0.056737
1488.1396,0.055400
1488.3726,0.054073
1488.6055,0.052775
1488.8385,0.051524
1489.0715,0.050334
1489.3044,0.049213
1489.5374,0.048161
1489.7703,0.047164
1490.0033,0.046196
1490.2363,0.045217
1490.4692,0.044187
1490.7022,0.043080
1490.9351,0.041894
1491.1681,0.040654
1491.4011,0.039397
1491.6340,0.038164
1491.8670,0.036990
1492.0999,0.035895
1492.3329,0.034891
1492.5658,0.033983
1492.7988,0.033176
1493.0318,0.032469
1493.2647,0.031863
1493.4977,0.031351
1493.7306,0.030918
1493.9636,0.030548
1494.1966,0.030221
1494.4295,0.029928
1494.6625,0.029676
1494.8954,0.029486
1495.1284,0.029388
1495.3613,0.029417
1495.5943,0.029592
1495.8273,0.029903
1496.0602,0.030298
1496.2932,0.030676
1496.5261,0.030912
1496.7591,0.030909
1496.9921,0.030637
1497.2250,0.030154
1497.4580,0.029566
1497.6909,0.028988
1497.9239,0.028512
1498.1569,0.028198
1498.3898,0.028067
1498.6228,0.028097
1498.8557,0.028218
1499.0887,0.028324
1499.3216,0.028305
1499.5546,0.028095
1499.7876,0.027695
1500.0205,0.027164
1500.2535,0.026591
1500.4864,0.026058
1500.7194,0.025623
1500.9524,0.025314
1501.1853,0.025126
1501.4183,0.025032
1501.6512,0.024989
1501.8842,0.024959
1502.1171,0.024914
1502.3501,0.024847
1502.5831,0.024765
1502.8160,0.024682
1503.0490,0.024609
1503.2819,0.024554
1503.5149,0.024525
1503.7479,0.024534
1503.9808,0.024604
1504.2138,0.024771
1504.4467,0.025085
1504.6797,0.025599
1504.9127,0.026364
1505.1456,0.027417
1505.3786,0.028764
1505.6115,0.030361
1505.8445,0.032104
1506.0774,0.033824
1506.3104,0.035319
1506.5434,0.036415
1506.7763,0.037014
1507.0093,0.037116
1507.2422,0.036794
1507.4752,0.036155
1507.7082,0.035306
1507.9411,0.034343
1508.1741,0.033346
1508.4070,0.032381
1508.6400,0.031502
1508.8729,0.030744
1509.1059,0.030127
1509.3389,0.029654
1509.5718,0.029305
1509.8048,0.029045
1510.0377,0.028826
1510.2707,0.028599
1510.5037,0.028337
1510.7366,0.028035
1510.9696,0.027721
1511.2025,0.027437
1511.4355,0.027232
1511.6685,0.027140
1511.9014,0.027172
1512.1344,0.027299
1512.3673,0.027458
1512.6003,0.027567
1512.8332,0.027558
1513.0662,0.027404
1513.2992,0.027134
1513.5321,0.026811
1513.7651,0.026515
1513.9980,0.026312
1514.2310,0.026244
1514.4640,0.026326
1514.6969,0.026542
1514.9299,0.026856
1515.1628,0.027216
1515.3958,0.027575
1515.6287,0.027901
1515.8617,0.028193
1516.0947,0.028475
1516.3276,0.028783
1516.5606,0.029151
1516.7935,0.029583
1517.0265,0.030044
1517.2595,0.030446
1517.4924,0.030678
1517.7254,0.030648
1517.9583,0.030328
1518.1913,0.029772
1518.4243,0.029090
1518.6572,0.028406
1518.8902,0.027834
1519.1231,0.027463
1519.3561,0.027360
1519.5890,0.027569
1519.8220,0.028108
1520.0550,0.028967
1520.2879,0.030102
1520.5209,0.031424
1520.7538,0.032798
1520.9868,0.034053
1521.2198,0.035014
1521.4527,0.035564
1521.6857,0.035675
1521.9186,0.035416
1522.1516,0.034905
1522.3845,0.034261
1522.6175,0.033573
1522.8505,0.032892
1523.0834,0.032241
1523.3164,0.031631
1523.5493,0.031074
1523.7823,0.030594
1524.0153,0.030230
1524.2482,0.030028
1524.4812,0.030032
1524.7141,0.030270
1524.9471,0.030733
1525.1801,0.031359
1525.4130,0.032026
1525.6460,0.032578
1525.8789,0.032881
1526.1119,0.032888
1526.3448,0.032649
1526.5778,0.032281
1526.8108,0.031910
1527.0437,0.031633
1527.2767,0.031494
1527.5096,0.031486
1527.7426,0.031564
1527.9756,0.031659
1528.2085,0.031704
1528.4415,0.031653
1528.6744,0.031488
1528.9074,0.031220
1529.1403,0.030877
1529.3733,0.030493
1529.6063,0.030103
1529.8392,0.029746
1530.0722,0.029457
1530.3051,0.029274
1530.5381,0.029228
1530.7711,0.029340
1531.0040,0.029607
1531.2370,0.030004
1531.4699,0.030482
1531.7029,0.030986
1531.9359,0.031468
1532.1688,0.031911
1532.4018,0.032333
1532.6347,0.032782
1532.8677,0.033306
1533.1006,0.033931
1533.3336,0.034624
1533.5666,0.035283
1533.7995,0.035750
1534.0325,0.035869
1534.2654,0.035557
1534.4984,0.034846
1534.7314,0.033863
1534.9643,0.032770
1535.1973,0.031715
1535.4302,0.030798
1535.6632,0.030074
1535.8961,0.029557
1536.1291,0.029230
1536.3621,0.029058
1536.5950,0.029004
1536.8280,0.029041
1537.0609,0.029163
1537.2939,0.029392
1537.5269,0.029777
1537.7598,0.030383
1537.9928,0.031284
1538.2257,0.032550
1538.4587,0.034229
1538.6917,0.036321
1538.9246,0.038741
1539.1576,0.041285
1539.3905,0.043628
1539.6235,0.045396
1539.8564,0.046320
1540.0894,0.046355
1540.3224,0.045684
1540.5553,0.044607
1540.7883,0.043417
1541.0212,0.042341
1541.2542,0.041525
1541.4872,0.041047
1541.7201,0.040919
1541.9531,0.041091
1542.1860,0.041444
1542.4190,0.041810
1542.6519,0.042015
1542.8849,0.041943
1543.1179,0.041581
1543.3508,0.041010
1543.5838,0.040367
1543.8167,0.039793
1544.0497,0.039400
1544.2827,0.039252
1544.5156,0.039362
1544.7486,0.039681
1544.9815,0.040104
1545.2145,0.040483
1545.4475,0.040670
1545.6804,0.040563
1545.9134,0.040149
1546.1463,0.039497
1546.3793,0.038722
1546.6122,0.037947
1546.8452,0.037271
1547.0782,0.036759
1547.3111,0.036439
1547.5441,0.036308
1547.7770,0.036340
1548.0100,0.036495
1548.2430,0.036734
1548.4759,0.037030
1548.7089,0.037379
1548.9418,0.037799
1549.1748,0.038314
1549.4077,0.038935
1549.6407,0.039637
1549.8737,0.040347
1550.1066,0.040943
1550.3396,0.041299
1550.5725,0.041324
1550.8055,0.041011
1551.0385,0.040437
1551.2714,0.039727
1551.5044,0.039011
1551.7373,0.038391
1551.9703,0.037923
1552.2033,0.037627
1552.4362,0.037489
1552.6692,0.037489
1552.9021,0.037612
1553.1351,0.037865
1553.3680,0.038271
1553.6010,0.038861
1553.8340,0.039642
1554.0669,0.040563
1554.2999,0.041494
1554.5328,0.042234
1554.7658,0.042575
1554.9988,0.042412
1555.2317,0.041793
1555.4647,0.040894
1555.6976,0.039937
1555.9306,0.039118
1556.1635,0.038587
1556.3965,0.038456
1556.6295,0.038812
1556.8624,0.039742
1557.0954,0.041334
1557.3283,0.043674
1557.5613,0.046811
1557.7943,0.050680
1558.0272,0.055008
1558.2602,0.059260
1558.4931,0.062776
1558.7261,0.065075
1558.9591,0.066104
1559.1920,0.066179
1559.4250,0.065727
1559.6579,0.065047
1559.8909,0.064227
1560.1238,0.063181
1560.3568,0.061766
1560.5898,0.059913
1560.8227,0.057703
1561.0557,0.055334
1561.2886,0.053038
1561.5216,0.051002
1561.7546,0.049336
1561.9875,0.048088
1562.2205,0.047250
1562.4534,0.046781
1562.6864,0.046616
1562.9193,0.046679
1563.1523,0.046899
1563.3853,0.047224
1563.6182,0.047630
1563.8512,0.048113
1564.0841,0.048677
1564.3171,0.049315
1564.5501,0.049994
1564.7830,0.050648
1565.0160,0.051197
1565.2489,0.051564
1565.4819,0.051707
1565.7149,0.051636
1565.9478,0.051405
1566.1808,0.051099
1566.4137,0.050804
1566.6467,0.050598
1566.8796,0.050535
1567.1126,0.050646
1567.3456,0.050943
1567.5785,0.051422
1567.8115,0.052078
1568.0444,0.052909
1568.2774,0.053924
1568.5104,0.055143
1568.7433,0.056581
1568.9763,0.058228
1569.2092,0.060018
1569.4422,0.061797
1569.6751,0.063330
1569.9081,0.064354
1570.1411,0.064691
1570.3740,0.064326
1570.6070,0.063421
1570.8399,0.062223
1571.0729,0.060979
1571.3059,0.059869
1571.5388,0.059000
1571.7718,0.058409
1572.0047,0.058087
1572.2377,0.057991
1572.4707,0.058065
1572.7036,0.058253
1572.9366,0.058514
1573.1695,0.058830
1573.4025,0.059200
1573.6354,0.059634
1573.8684,0.060146
1574.1014,0.060753
1574.3343,0.061474
1574.5673,0.062346
1574.8002,0.063425
1575.0332,0.064790
1575.2662,0.066532
1575.4991,0.068717
1575.7321,0.071335
1575.9650,0.074223
1576.1980,0.077026
1576.4309,0.079248
1576.6639,0.080462
1576.8969,0.080533
1577.1298,0.079668
1577.3628,0.078271
1577.5957,0.076740
1577.8287,0.075365
1578.0617,0.074306
1578.2946,0.073623
1578.5276,0.073301
1578.7605,0.073286
1578.9935,0.073501
1579.2264,0.073870
1579.4594,0.074335
1579.6924,0.074858
1579.9253,0.075423
1580.1583,0.076027
1580.3912,0.076665
1580.6242,0.077330
1580.8572,0.078009
1581.0901,0.078695
1581.3231,0.079387
1581.5560,0.080094
1581.7890,0.080828
1582.0220,0.081603
1582.2549,0.082417
1582.4879,0.083261
1582.7208,0.084114
1582.9538,0.084957
1583.1867,0.085779
1583.4197,0.086583
1583.6527,0.087381
1583.8856,0.088188
1584.1186,0.089013
1584.3515,0.089856
1584.5845,0.090704
1584.8175,0.091543
1585.0504,0.092359
1585.2834,0.093147
1585.5163,0.093905
1585.7493,0.094635
1585.9822,0.095332
1586.2152,0.095984
1586.4482,0.096575
1586.6811,0.097089
1586.9141,0.097518
1587.1470,0.097863
1587.3800,0.098135
1587.6130,0.098342
1587.8459,0.098488
1588.0789,0.098569
1588.3118,0.098578
1588.5448,0.098508
1588.7778,0.098362
1589.0107,0.098151
1589.2437,0.097895
1589.4766,0.097607
1589.7096,0.097295
1589.9425,0.096951
1590.1755,0.096565
1590.4085,0.096125
1590.6414,0.095632
1590.8744,0.095098
1591.1073,0.094548
1591.3403,0.094005
1591.5733,0.093485
1591.8062,0.092990
1592.0392,0.092514
1592.2721,0.092044
1592.5051,0.091573
1592.7380,0.091104
1592.9710,0.090653
1593.2040,0.090239
1593.4369,0.089876
1593.6699,0.089572
1593.9028,0.089319
1594.1358,0.089104
1594.3688,0.088908
1594.6017,0.088715
1594.8347,0.088515
1595.0676,0.088302
1595.3006,0.088073
1595.5336,0.087826
1595.7665,0.087559
1595.9995,0.087274
1596.2324,0.086975
1596.4654,0.086674
1596.6983,0.086381
1596.9313,0.086106
1597.1643,0.085851
1597.3972,0.085612
1597.6302,0.085383
1597.8631,0.085156
1598.0961,0.084931
1598.3291,0.084717
1598.5620,0.084523
1598.7950,0.084359
1599.0279,0.084228
1599.2609,0.084124
1599.4938,0.084037
1599.7268,0.083957
1599.9598,0.083880
1600.1927,0.083811
1600.4257,0.083760
1600.6586,0.083735
1600.8916,0.083736
1601.1246,0.083754
1601.3575,0.083772
1601.5905,0.083773
1601.8234,0.083751
1602.0564,0.083713
1602.2894,0.083675
1602.5223,0.083654
1602.7553,0.083657
1602.9882,0.083673
1603.2212,0.083677
1603.4541,0.083640
1603.6871,0.083538
1603.9201,0.083368
1604.1530,0.083145
1604.3860,0.082898
1604.6189,0.082656
1604.8519,0.082439
1605.0849,0.082253
1605.3178,0.082091
1605.5508,0.081946
1605.7837,0.081814
1606.0167,0.081702
1606.2496,0.081623
1606.4826,0.081586
1606.7156,0.081591
1606.9485,0.081623
1607.1815,0.081653
1607.4144,0.081650
1607.6474,0.081593
1607.8804,0.081481
1608.1133,0.081330
1608.3463,0.081174
1608.5792,0.081042
1608.8122,0.080958
1609.0452,0.080926
1609.2781,0.080931
1609.5111,0.080945
1609.7440,0.080931
1609.9770,0.080857
1610.2099,0.080701
1610.4429,0.080454
1610.6759,0.080127
1610.9088,0.079742
1611.1418,0.079329
1611.3747,0.078921
1611.6077,0.078545
1611.8407,0.078214
1612.0736,0.077928
1612.3066,0.077669
1612.5395,0.077411
1612.7725,0.077125
1613.0054,0.076797
1613.2384,0.076428
1613.4714,0.076035
1613.7043,0.075646
1613.9373,0.075286
1614.1702,0.074973
1614.4032,0.074712
1614.6362,0.074503
1614.8691,0.074346
1615.1021,0.074257
1615.3350,0.074268
1615.5680,0.074428
1615.8010,0.074790
1616.0339,0.075389
1616.2669,0.076213
1616.4998,0.077163
1616.7328,0.078041
1616.9657,0.078577
1617.1987,0.078543
1617.4317,0.077866
1617.6646,0.076657
1617.8976,0.075136
1618.1305,0.073529
1618.3635,0.072007
1618.5965,0.070674
1618.8294,0.069582
1619.0624,0.068740
1619.2953,0.068125
1619.5283,0.067688
1619.7612,0.067366
1619.9942,0.067098
1620.2272,0.066835
1620.4601,0.066554
1620.6931,0.066258
1620.9260,0.065965
1621.1590,0.065694
1621.3920,0.065463
1621.6249,0.065278
1621.8579,0.065142
1622.0908,0.065063
1622.3238,0.065059
1622.5568,0.065153
1622.7897,0.065368
1623.0227,0.065700
1623.2556,0.066100
1623.4886,0.066465
1623.7215,0.066654
1623.9545,0.066540
1624.1875,0.066063
1624.4204,0.065261
1624.6534,0.064246
1624.8863,0.063155
1625.1193,0.062112
1625.3523,0.061200
1625.5852,0.060462
1625.8182,0.059910
1626.0511,0.059533
1626.2841,0.059315
1626.5170,0.059242
1626.7500,0.059304
1626.9830,0.059496
1627.2159,0.059805
1627.4489,0.060200
1627.6818,0.060622
1627.9148,0.060985
1628.1478,0.061196
1628.3807,0.061184
1628.6137,0.060928
1628.8466,0.060461
1629.0796,0.059858
1629.3126,0.059207
1629.5455,0.058588
1629.7785,0.058057
1630.0114,0.057643
1630.2444,0.057350
1630.4773,0.057163
1630.7103,0.057053
1630.9433,0.056989
1631.1762,0.056948
1631.4092,0.056916
1631.6421,0.056896
1631.8751,0.056896
1632.1081,0.056931
1632.3410,0.057016
1632.5740,0.057159
1632.8069,0.057368
1633.0399,0.057651
1633.2728,0.058020
1633.5058,0.058501
1633.7388,0.059134
1633.9717,0.059976
1634.2047,0.061101
1634.4376,0.062594
1634.6706,0.064524
1634.9036,0.066911
1635.1365,0.069649
1635.3695,0.072447
1635.6024,0.074830
1635.8354,0.076309
1636.0684,0.076638
1636.3013,0.075947
1636.5343,0.074630
1636.7672,0.073119
1637.0002,0.071741
1637.2331,0.070678
1637.4661,0.069983
1637.6991,0.069612
1637.9320,0.069450
1638.1650,0.069355
1638.3979,0.069202
1638.6309,0.068933
1638.8639,0.068560
1639.0968,0.068154
1639.3298,0.067805
1639.5627,0.067585
1639.7957,0.067525
1640.0286,0.067609
1640.2616,0.067787
1640.4946,0.067994
1640.7275,0.068178
1640.9605,0.068317
1641.1934,0.068420
1641.4264,0.068513
1641.6594,0.068617
1641.8923,0.068740
1642.1253,0.068869
1642.3582,0.068987
1642.5912,0.069077
1642.8242,0.069145
1643.0571,0.069211
1643.2901,0.069304
1643.5230,0.069449
1643.7560,0.069659
1643.9889,0.069937
1644.2219,0.070287
1644.4549,0.070731
1644.6878,0.071321
1644.9208,0.072138
1645.1537,0.073272
1645.3867,0.074792
1645.6197,0.076698
1645.8526,0.078879
1646.0856,0.081094
1646.3185,0.083027
1646.5515,0.084404
1646.7844,0.085112
1647.0174,0.085232
1647.2504,0.084960
1647.4833,0.084508
1647.7163,0.084018
1647.9492,0.083542
1648.1822,0.083053
1648.4152,0.082484
1648.6481,0.081779
1648.8811,0.080927
1649.1140,0.079973
1649.3470,0.079003
1649.5800,0.078112
1649.8129,0.077387
1650.0459,0.076894
1650.2788,0.076675
1650.5118,0.076754
1650.7447,0.077142
1650.9777,0.077852
1651.2107,0.078915
1651.4436,0.080396
1651.6766,0.082410
1651.9095,0.085121
1652.1425,0.088720
1652.3755,0.093330
1652.6084,0.098840
1652.8414,0.104687
1653.0743,0.109825
1653.3073,0.113144
1653.5402,0.114127
1653.7732,0.113095
1654.0062,0.110827
1654.2391,0.108067
1654.4721,0.105295
1654.7050,0.102743
1654.9380,0.100480
1655.1710,0.098500
1655.4039,0.096781
1655.6369,0.095311
1655.8698,0.094095
1656.1028,0.093153
1656.3358,0.092498
1656.5687,0.092132
1656.8017,0.092026
1657.0346,0.092127
1657.2676,0.092363
1657.5005,0.092661
1657.7335,0.092963
1657.9665,0.093241
1658.1994,0.093491
1658.4324,0.093726
1658.6653,0.093960
1658.8983,0.094199
1659.1313,0.094443
1659.3642,0.094689
1659.5972,0.094943
1659.8301,0.095221
1660.0631,0.095548
1660.2960,0.095946
1660.5290,0.096430
1660.7620,0.096997
1660.9949,0.097639
1661.2279,0.098349
1661.4608,0.099133
1661.6938,0.100016
1661.9268,0.101032
1662.1597,0.102200
1662.3927,0.103502
1662.6256,0.104857
1662.8586,0.106117
1663.0916,0.107101
1663.3245,0.107659
1663.5575,0.107733
1663.7904,0.107386
1664.0234,0.106766
1664.2563,0.106046
1664.4893,0.105377
1664.7223,0.104862
1664.9552,0.104555
1665.1882,0.104461
1665.4211,0.104557
1665.6541,0.104795
1665.8871,0.105123
1666.1200,0.105497
1666.3530,0.105891
1666.5859,0.106306
1666.8189,0.106761
1667.0518,0.107287
1667.2848,0.107917
1667.5178,0.108675
1667.7507,0.109576
1667.9837,0.110630
1668.2166,0.111846
1668.4496,0.113235
1668.6826,0.114802
1668.9155,0.116514
1669.1485,0.118277
1669.3814,0.119910
1669.6144,0.121185
1669.8474,0.121922
1670.0803,0.122075
1670.3133,0.121756
1670.5462,0.121181
1670.7792,0.120581
1671.0121,0.120142
1671.2451,0.119976
1671.4781,0.120102
1671.7110,0.120448
1671.9440,0.120873
1672.1769,0.121223
1672.4099,0.121390
1672.6429,0.121357
1672.8758,0.121194
1673.1088,0.121016
1673.3417,0.120944
1673.5747,0.121064
1673.8076,0.121428
1674.0406,0.122054
1674.2736,0.122952
1674.5065,0.124134
1674.7395,0.125612
1674.9724,0.127364
1675.2054,0.129283
1675.4384,0.131132
1675.6713,0.132576
1675.9043,0.133311
1676.1372,0.133222
1676.3702,0.132432
1676.6032,0.131217
1676.8361,0.129874
1677.0691,0.128640
1677.3020,0.127663
1677.5350,0.127004
1677.7679,0.126655
1678.0009,0.126556
1678.2339,0.126627
1678.4668,0.126794
1678.6998,0.127009
1678.9327,0.127258
1679.1657,0.127552
1679.3987,0.127905
1679.6316,0.128320
1679.8646,0.128776
1680.0975,0.129232
1680.3305,0.129635
1680.5634,0.129938
1680.7964,0.130111
1681.0294,0.130145
1681.2623,0.130058
1681.4953,0.129892
1681.7282,0.129707
1681.9612,0.129587
1682.1942,0.129627
1682.4271,0.129937
1682.6601,0.130620
1682.8930,0.131755
1683.1260,0.133375
1683.3590,0.135435
1683.5919,0.137807
1683.8249,0.140286
1684.0578,0.142629
1684.2908,0.144600
1684.5237,0.146004
1684.7567,0.146711
1684.9897,0.146673
1685.2226,0.145944
1685.4556,0.144672
1685.6885,0.143067
1685.9215,0.141344
1686.1545,0.139686
1686.3874,0.138224
1686.6204,0.137038
1686.8533,0.136168
1687.0863,0.135621
1687.3192,0.135376
1687.5522,0.135390
1687.7852,0.135602
1688.0181,0.135938
1688.2511,0.136321
1688.4840,0.136673
1688.7170,0.136928
1688.9500,0.137038
1689.1829,0.136980
1689.4159,0.136756
1689.6488,0.136391
1689.8818,0.135916
1690.1148,0.135360
1690.3477,0.134736
1690.5807,0.134036
1690.8136,0.133233
1691.0466,0.132297
1691.2795,0.131207
1691.5125,0.129960
1691.7455,0.128572
1691.9784,0.127074
1692.2114,0.125499
1692.4443,0.123877
1692.6773,0.122226
1692.9103,0.120560
1693.1432,0.118888
1693.3762,0.117219
1693.6091,0.115570
1693.8421,0.113962
1694.0750,0.112427
1694.3080,0.110999
1694.5410,0.109719
1694.7739,0.108626
1695.0069,0.107758
1695.2398,0.107139
1695.4728,0.106760
1695.7058,0.106549
1695.9387,0.106354
1696.1717,0.105970
1696.4046,0.105221
1696.6376,0.104063
1696.8706,0.102595
1697.1035,0.100997
1697.3365,0.099441
1697.5694,0.098062
1697.8024,0.096945
1698.0353,0.096145
1698.2683,0.095683
1698.5013,0.095564
1698.7342,0.095782
1698.9672,0.096336
1699.2001,0.097260
1699.4331,0.098629
1699.6661,0.100550
1699.8990,0.103099
1700.1320,0.106190
1700.3649,0.109407
1700.5979,0.111995
1700.8308,0.113213
1701.0638,0.112835
1701.2968,0.111240
1701.5297,0.109056
1701.7627,0.106811
1701.9956,0.104827
1702.2286,0.103253
1702.4616,0.102133
1702.6945,0.101452
1702.9275,0.101170
1703.1604,0.101237
1703.3934,0.101609
1703.6264,0.102247
1703.8593,0.103114
1704.0923,0.104159
1704.3252,0.105307
1704.5582,0.106453
1704.7911,0.107486
1705.0241,0.108325
1705.2571,0.108943
1705.4900,0.109378
1705.7230,0.109707
1705.9559,0.110015
1706.1889,0.110363
1706.4219,0.110764
1706.6548,0.111177
1706.8878,0.111528
1707.1207,0.111732
1707.3537,0.111737
1707.5866,0.111541
1707.8196,0.111192
1708.0526,0.110768
1708.2855,0.110354
1708.5185,0.110022
1708.7514,0.109818
1708.9844,0.109758
1709.2174,0.109830
1709.4503,0.110001
1709.6833,0.110227
1709.9162,0.110462
1710.1492,0.110667
1710.3822,0.110815
1710.6151,0.110886
1710.8481,0.110870
1711.0810,0.110763
1711.3140,0.110567
1711.5469,0.110296
1711.7799,0.109974
1712.0129,0.109634
1712.2458,0.109313
1712.4788,0.109044
1712.7117,0.108848
1712.9447,0.108725
1713.1777,0.108662
1713.4106,0.108632
1713.6436,0.108607
1713.8765,0.108572
1714.1095,0.108525
1714.3424,0.108475
1714.5754,0.108428
1714.8084,0.108373
1715.0413,0.108266
1715.2743,0.108044
1715.5072,0.107640
1715.7402,0.107018
1715.9732,0.106191
1716.2061,0.105211
1716.4391,0.104157
1716.6720,0.103106
1716.9050,0.102123
1717.1379,0.101247
1717.3709,0.100483
1717.6039,0.099797
1717.8368,0.099110
1718.0698,0.098319
1718.3027,0.097326
1718.5357,0.096075
1718.7687,0.094565
1719.0016,0.092846
1719.2346,0.090993
1719.4675,0.089087
1719.7005,0.087193
1719.9335,0.085361
1720.1664,0.083616
1720.3994,0.081970
1720.6323,0.080419
1720.8653,0.078958
1721.0982,0.077578
1721.3312,0.076274
1721.5642,0.075043
1721.7971,0.073881
1722.0301,0.072785
1722.2630,0.071747
1722.4960,0.070758
1722.7290,0.069811
1722.9619,0.068899
1723.1949,0.068020
1723.4278,0.067170
1723.6608,0.066344
1723.8937,0.065532
1724.1267,0.064722
1724.3597,0.063903
1724.5926,0.063071
1724.8256,0.062236
1725.0585,0.061412
1725.2915,0.060621
1725.5245,0.059883
1725.7574,0.059209
1725.9904,0.058598
1726.2233,0.058041
1726.4563,0.057524
1726.6893,0.057035
1726.9222,0.056568
1727.1552,0.056127
1727.3881,0.055719
1727.6211,0.055351
1727.8540,0.055024
1728.0870,0.054732
1728.3200,0.054468
1728.5529,0.054225
1728.7859,0.054007
1729.0188,0.053828
1729.2518,0.053707
1729.4848,0.053661
1729.7177,0.053690
1729.9507,0.053770
1730.1836,0.053851
1730.4166,0.053868
1730.6495,0.053765
1730.8825,0.053516
1731.1155,0.053138
1731.3484,0.052683
1731.5814,0.052220
1731.8143,0.051818
1732.0473,0.051535
1732.2803,0.051412
1732.5132,0.051474
1732.7462,0.051733
1732.9791,0.052186
1733.2121,0.052817
1733.4451,0.053589
1733.6780,0.054433
1733.9110,0.055246
1734.1439,0.055891
1734.3769,0.056232
1734.6098,0.056176
1734.8428,0.055710
1735.0758,0.054905
1735.3087,0.053872
1735.5417,0.052729
1735.7746,0.051571
1736.0076,0.050467
1736.2406,0.049463
1736.4735,0.048590
1736.7065,0.047872
1736.9394,0.047319
1737.1724,0.046930
1737.4053,0.046683
1737.6383,0.046539
1737.8713,0.046448
1738.1042,0.046366
1738.3372,0.046268
1738.5701,0.046158
1738.8031,0.046066
1739.0361,0.046036
1739.2690,0.046102
1739.5020,0.046271
1739.7349,0.046503
1739.9679,0.046714
1740.2009,0.046796
1740.4338,0.046663
1740.6668,0.046283
1740.8997,0.045693
1741.1327,0.044973
1741.3656,0.044210
1741.5986,0.043484
1741.8316,0.042848
1742.0645,0.042337
1742.2975,0.041964
1742.5304,0.041731
1742.7634,0.041621
1742.9964,0.041601
1743.2293,0.041623
1743.4623,0.041630
1743.6952,0.041562
1743.9282,0.041381
1744.1611,0.041073
1744.3941,0.040655
1744.6271,0.040163
1744.8600,0.039642
1745.0930,0.039135
1745.3259,0.038671
1745.5589,0.038267
1745.7919,0.037929
1746.0248,0.037660
1746.2578,0.037456
1746.4907,0.037311
1746.7237,0.037217
1746.9567,0.037158
1747.1896,0.037114
1747.4226,0.037061
1747.6555,0.036982
1747.8885,0.036871
1748.1214,0.036734
1748.3544,0.036584
1748.5874,0.036434
1748.8203,0.036283
1749.0533,0.036117
1749.2862,0.035908
1749.5192,0.035636
1749.7522,0.035300
1749.9851,0.034926
1750.2181,0.034564
1750.4510,0.034274
1750.6840,0.034104
1750.9169,0.034075
1751.1499,0.034162
1751.3829,0.034290
1751.6158,0.034348
1751.8488,0.034231
1752.0817,0.033882
1752.3147,0.033322
1752.5477,0.032625
1752.7806,0.031883
1753.0136,0.031179
1753.2465,0.030566
1753.4795,0.030073
1753.7125,0.029703
1753.9454,0.029442
1754.1784,0.029263
1754.4113,0.029136
1754.6443,0.029032
1754.8772,0.028930
1755.1102,0.028824
1755.3432,0.028719
1755.5761,0.028634
1755.8091,0.028592
1756.0420,0.028616
1756.2750,0.028718
1756.5080,0.028895
1756.7409,0.029115
1756.9739,0.029327
1757.2068,0.029468
1757.4398,0.029480
1757.6727,0.029337
1757.9057,0.029050
1758.1387,0.028661
1758.3716,0.028227
1758.6046,0.027805
1758.8375,0.027436
1759.0705,0.027144
1759.3035,0.026931
1759.5364,0.026783
1759.7694,0.026683
1760.0023,0.026610
1760.2353,0.026558
1760.4683,0.026534
1760.7012,0.026556
1760.9342,0.026652
1761.1671,0.026840
1761.4001,0.027121
1761.6330,0.027466
1761.8660,0.027810
1762.0990,0.028063
1762.3319,0.028142
1762.5649,0.028002
1762.7978,0.027651
1763.0308,0.027149
1763.2638,0.026579
1763.4967,0.026021
1763.7297,0.025535
1763.9626,0.025155
1764.1956,0.024886
1764.4285,0.024713
1764.6615,0.024610
1764.8945,0.024545
1765.1274,0.024494
1765.3604,0.024441
1765.5933,0.024383
1765.8263,0.024320
1766.0593,0.024258
1766.2922,0.024198
1766.5252,0.024147
1766.7581,0.024115
1766.9911,0.024117
1767.2241,0.024176
1767.4570,0.024316
1767.6900,0.024549
1767.9229,0.024866
1768.1559,0.025227
1768.3888,0.025560
1768.6218,0.025783
1768.8548,0.025826
1769.0877,0.025668
1769.3207,0.025342
1769.5536,0.024920
1769.7866,0.024490
1770.0196,0.024132
1770.2525,0.023909
1770.4855,0.023859
1770.7184,0.023994
1770.9514,0.024295
1771.1843,0.024722
1771.4173,0.025215
1771.6503,0.025712
1771.8832,0.026163
1772.1162,0.026537
1772.3491,0.026816
1772.5821,0.026990
1772.8151,0.027043
1773.0480,0.026954
1773.2810,0.026705
1773.5139,0.026298
1773.7469,0.025761
1773.9799,0.025147
1774.2128,0.024521
1774.4458,0.023949
1774.6787,0.023489
1774.9117,0.023176
1775.1446,0.023024
1775.3776,0.023019
1775.6106,0.023118
1775.8435,0.023261
1776.0765,0.023382
1776.3094,0.023430
1776.5424,0.023384
1776.7754,0.023251
1777.0083,0.023062
1777.2413,0.022855
1777.4742,0.022668
1777.7072,0.022525
1777.9401,0.022441
1778.1731,0.022418
1778.4061,0.022448
1778.6390,0.022519
1778.8720,0.022615
1779.1049,0.022722
1779.3379,0.022829
1779.5709,0.022932
1779.8038,0.023035
1780.0368,0.023142
1780.2697,0.023259
1780.5027,0.023383
1780.7357,0.023499
1780.9686,0.023581
1781.2016,0.023598
1781.4345,0.023528
1781.6675,0.023368
1781.9004,0.023135
1782.1334,0.022865
1782.3664,0.022597
1782.5993,0.022367
1782.8323,0.022197
1783.0652,0.022091
1783.2982,0.022044
1783.5312,0.022044
1783.7641,0.022080
1783.9971,0.022148
1784.2300,0.022249
1784.4630,0.022380
1784.6959,0.022533
1784.9289,0.022683
1785.1619,0.022795
1785.3948,0.022831
1785.6278,0.022765
1785.8607,0.022598
1786.0937,0.022355
1786.3267,0.022079
1786.5596,0.021814
1786.7926,0.021595
1787.0255,0.021440
1787.2585,0.021353
1787.4915,0.021323
1787.7244,0.021333
1787.9574,0.021368
1788.1903,0.021415
1788.4233,0.021467
1788.6562,0.021522
1788.8892,0.021578
1789.1222,0.021638
1789.3551,0.021704
1789.5881,0.021788
1789.8210,0.021901
1790.0540,0.022061
1790.2870,0.022278
1790.5199,0.022555
1790.7529,0.022878
1790.9858,0.023221
1791.2188,0.023551
1791.4517,0.023841
1791.6847,0.024079
1791.9177,0.024277
1792.1506,0.024455
1792.3836,0.024632
1792.6165,0.024804
1792.8495,0.024940
1793.0825,0.024987
1793.3154,0.024890
1793.5484,0.024622
1793.7813,0.024197
1794.0143,0.023670
1794.2473,0.023111
1794.4802,0.022590
1794.7132,0.022166
1794.9461,0.021875
1795.1791,0.021731
1795.4120,0.021725
1795.6450,0.021824
1795.8780,0.021984
1796.1109,0.022158
1796.3439,0.022305
1796.5768,0.022399
1796.8098,0.022430
1797.0428,0.022402
1797.2757,0.022328
1797.5087,0.022225
1797.7416,0.022113
1797.9746,0.022015
1798.2075,0.021952
1798.4405,0.021947
1798.6735,0.022016
1798.9064,0.022166
1799.1394,0.022390
1799.3723,0.022664
1799.6053,0.022947
1799.8383,0.023194
1800.0712,0.023365
1800.3042,0.023440
1800.5371,0.023424
1800.7701,0.023343
1801.0031,0.023238
1801.2360,0.023145
1801.4690,0.023091
1801.7019,0.023083
1801.9349,0.023110
1802.1678,0.023145
1802.4008,0.023157
1802.6338,0.023116
1802.8667,0.023005
1803.0997,0.022824
1803.3326,0.022588
1803.5656,0.022322
1803.7986,0.022054
1804.0315,0.021809
1804.2645,0.021604
1804.4974,0.021451
1804.7304,0.021351
1804.9633,0.021298
1805.1963,0.021281
1805.4293,0.021286
1805.6622,0.021302
1805.8952,0.021320
1806.1281,0.021336
1806.3611,0.021351
1806.5941,0.021371
1806.8270,0.021401
1807.0600,0.021447
1807.2929,0.021508
1807.5259,0.021582
1807.7589,0.021659
1807.9918,0.021727
1808.2248,0.021772
1808.4577,0.021786
1808.6907,0.021766
1808.9236,0.021719
1809.1566,0.021662
1809.3896,0.021617
1809.6225,0.021608
1809.8555,0.021650
1810.0884,0.021749
1810.3214,0.021894
1810.5544,0.022061
1810.7873,0.022211
1811.0203,0.022309
1811.2532,0.022326
1811.4862,0.022255
1811.7191,0.022108
1811.9521,0.021914
1812.1851,0.021705
1812.4180,0.021508
1812.6510,0.021341
1812.8839,0.021210
1813.1169,0.021109
1813.3499,0.021029
1813.5828,0.020961
1813.8158,0.020898
1814.0487,0.020840
1814.2817,0.020788
1814.5147,0.020743
1814.7476,0.020706
1814.9806,0.020676
1815.2135,0.020650
1815.4465,0.020627
1815.6794,0.020607
1815.9124,0.020594
1816.1454,0.020594
1816.3783,0.020614
1816.6113,0.020657
1816.8442,0.020724
1817.0772,0.020810
1817.3102,0.020905
1817.5431,0.020996
1817.7761,0.021071
1818.0090,0.021117
1818.2420,0.021130
1818.4749,0.021109
1818.7079,0.021058
1818.9409,0.020987
1819.1738,0.020905
1819.4068,0.020825
1819.6397,0.020755
1819.8727,0.020700
1820.1057,0.020665
1820.3386,0.020651
1820.5716,0.020656
1820.8045,0.020677
1821.0375,0.020711
1821.2705,0.020753
1821.5034,0.020800
1821.7364,0.020850
1821.9693,0.020900
1822.2023,0.020953
1822.4352,0.021009
1822.6682,0.021067
1822.9012,0.021123
1823.1341,0.021167
1823.3671,0.021193
1823.6000,0.021196
1823.8330,0.021183
1824.0660,0.021171
1824.2989,0.021190
1824.5319,0.021271
1824.7648,0.021441
1824.9978,0.021702
1825.2307,0.022027
1825.4637,0.022357
1825.6967,0.022616
1825.9296,0.022737
1826.1626,0.022690
1826.3955,0.022486
1826.6285,0.022179
1826.8615,0.021836
1827.0944,0.021521
1827.3274,0.021280
1827.5603,0.021137
1827.7933,0.021094
1828.0263,0.021141
1828.2592,0.021265
1828.4922,0.021455
1828.7251,0.021706
1828.9581,0.022019
1829.1910,0.022390
1829.4240,0.022802
1829.6570,0.023221
1829.8899,0.023593
1830.1229,0.023857
1830.3558,0.023964
1830.5888,0.023887
1830.8218,0.023637
1831.0547,0.023253
1831.2877,0.022793
1831.5206,0.022312
1831.7536,0.021859
1831.9865,0.021471
1832.2195,0.021172
1832.4525,0.020970
1832.6854,0.020863
1832.9184,0.020834
1833.1513,0.020857
1833.3843,0.020904
1833.6173,0.020949
1833.8502,0.020977
1834.0832,0.020985
1834.3161,0.020978
1834.5491,0.020964
1834.7821,0.020948
1835.0150,0.020928
1835.2480,0.020903
1835.4809,0.020867
1835.7139,0.020823
1835.9468,0.020783
1836.1798,0.020763
1836.4128,0.020778
1836.6457,0.020835
1836.8787,0.020929
1837.1116,0.021041
1837.3446,0.021145
1837.5776,0.021215
1837.8105,0.021234
1838.0435,0.021200
1838.2764,0.021122
1838.5094,0.021018
1838.7423,0.020907
1838.9753,0.020805
1839.2083,0.020720
1839.4412,0.020660
1839.6742,0.020626
1839.9071,0.020621
1840.1401,0.020644
1840.3731,0.020691
1840.6060,0.020755
1840.8390,0.020830
1841.0719,0.020910
1841.3049,0.020994
1841.5379,0.021086
1841.7708,0.021192
1842.0038,0.021318
1842.2367,0.021468
1842.4697,0.021641
1842.7026,0.021839
1842.9356,0.022069
1843.1686,0.022346
1843.4015,0.022694
1843.6345,0.023134
1843.8674,0.023670
1844.1004,0.024269
1844.3334,0.024852
1844.5663,0.025303
1844.7993,0.025512
1845.0322,0.025417
1845.2652,0.025038
1845.4981,0.024460
1845.7311,0.023795
1845.9641,0.023149
1846.1970,0.022595
1846.4300,0.022174
1846.6629,0.021898
1846.8959,0.021762
1847.1289,0.021747
1847.3618,0.021830
1847.5948,0.021982
1847.8277,0.022174
1848.0607,0.022369
1848.2937,0.022531
1848.5266,0.022628
1848.7596,0.022640
1848.9925,0.022566
1849.2255,0.022426
1849.4584,0.022254
1849.6914,0.022090
1849.9244,0.021964
1850.1573,0.021888
1850.3903,0.021859
1850.6232,0.021861
1850.8562,0.021875
1851.0892,0.021885
1851.3221,0.021888
1851.5551,0.021887
1851.7880,0.021890
1852.0210,0.021902
1852.2539,0.021925
1852.4869,0.021952
1852.7199,0.021978
1852.9528,0.022002
1853.1858,0.022024
1853.4187,0.022051
1853.6517,0.022088
1853.8847,0.022134
1854.1176,0.022182
1854.3506,0.022222
1854.5835,0.022242
1854.8165,0.022238
1855.0494,0.022214
1855.2824,0.022180
1855.5154,0.022148
1855.7483,0.022127
1855.9813,0.022117
1856.2142,0.022115
1856.4472,0.022113
1856.6802,0.022105
1856.9131,0.022092
1857.1461,0.022078
1857.3790,0.022069
1857.6120,0.022073
1857.8450,0.022093
1858.0779,0.022128
1858.3109,0.022175
1858.5438,0.022230
1858.7768,0.022289
1859.0097,0.022347
1859.2427,0.022399
1859.4757,0.022434
1859.7086,0.022442
1859.9416,0.022417
1860.1745,0.022358
1860.4075,0.022272
1860.6405,0.022175
1860.8734,0.022087
1861.1064,0.022022
1861.3393,0.021986
1861.5723,0.021974
1861.8052,0.021971
1862.0382,0.021963
1862.2712,0.021938
1862.5041,0.021896
1862.7371,0.021845
1862.9700,0.021802
1863.2030,0.021777
1863.4360,0.021778
1863.6689,0.021801
1863.9019,0.021835
1864.1348,0.021867
1864.3678,0.021887
1864.6008,0.021891
1864.8337,0.021885
1865.0667,0.021882
1865.2996,0.021896
1865.5326,0.021940
1865.7655,0.022023
1865.9985,0.022148
1866.2315,0.022309
1866.4644,0.022498
1866.6974,0.022704
1866.9303,0.022915
1867.1633,0.023125
1867.3963,0.023331
1867.6292,0.023536
1867.8622,0.023748
1868.0951,0.023973
1868.3281,0.024213
1868.5610,0.024463
1868.7940,0.024702
1869.0270,0.024902
1869.2599,0.025027
1869.4929,0.025048
1869.7258,0.024950
1869.9588,0.024739
1870.1918,0.024441
1870.4247,0.024090
1870.6577,0.023723
1870.8906,0.023369
1871.1236,0.023046
1871.3566,0.022766
1871.5895,0.022533
1871.8225,0.022350
1872.0554,0.022215
1872.2884,0.022124
1872.5213,0.022067
1872.7543,0.022035
1872.9873,0.022017
1873.2202,0.022003
1873.4532,0.021989
1873.6861,0.021974
1873.9191,0.021961
1874.1521,0.021955
1874.3850,0.021960
1874.6180,0.021980
1874.8509,0.022014
1875.0839,0.022059
1875.3168,0.022111
1875.5498,0.022163
1875.7828,0.022206
1876.0157,0.022228
1876.2487,0.022222
1876.4816,0.022181
1876.7146,0.022107
1876.9476,0.022009
1877.1805,0.021903
1877.4135,0.021807
1877.6464,0.021736
1877.8794,0.021702
1878.1124,0.021705
1878.3453,0.021740
1878.5783,0.021797
1878.8112,0.021865
1879.0442,0.021936
1879.2771,0.022005
1879.5101,0.022069
1879.7431,0.022124
1879.9760,0.022169
1880.2090,0.022202
1880.4419,0.022223
1880.6749,0.022236
1880.9079,0.022245
1881.1408,0.022257
1881.3738,0.022272
1881.6067,0.022289
1881.8397,0.022300
1882.0726,0.022296
1882.3056,0.022271
1882.5386,0.022229
1882.7715,0.022178
1883.0045,0.022133
1883.2374,0.022108
1883.4704,0.022112
1883.7034,0.022144
1883.9363,0.022195
1884.1693,0.022256
1884.4022,0.022315
1884.6352,0.022365
1884.8682,0.022402
1885.1011,0.022423
1885.3341,0.022423
1885.5670,0.022396
1885.8000,0.022338
1886.0329,0.022250
1886.2659,0.022142
1886.4989,0.022033
1886.7318,0.021948
1886.9648,0.021905
1887.1977,0.021913
1887.4307,0.021965
1887.6637,0.022046
1887.8966,0.022137
1888.1296,0.022229
1888.3625,0.022327
1888.5955,0.022447
1888.8284,0.022611
1889.0614,0.022832
1889.2944,0.023101
1889.5273,0.023382
1889.7603,0.023623
1889.9932,0.023765
1890.2262,0.023768
1890.4592,0.023629
1890.6921,0.023375
1890.9251,0.023060
1891.1580,0.022741
1891.3910,0.022463
1891.6240,0.022253
1891.8569,0.022123
1892.0899,0.022069
1892.3228,0.022079
1892.5558,0.022140
1892.7887,0.022234
1893.0217,0.022344
1893.2547,0.022457
1893.4876,0.022558
1893.7206,0.022640
1893.9535,0.022703
1894.1865,0.022754
1894.4195,0.022806
1894.6524,0.022871
1894.8854,0.022952
1895.1183,0.023048
1895.3513,0.023143
1895.5842,0.023220
1895.8172,0.023262
1896.0502,0.023262
1896.2831,0.023226
1896.5161,0.023168
1896.7490,0.023106
1896.9820,0.023051
1897.2150,0.023011
1897.4479,0.022981
1897.6809,0.022953
1897.9138,0.022919
1898.1468,0.022876
1898.3798,0.022824
1898.6127,0.022772
1898.8457,0.022728
1899.0786,0.022702
1899.3116,0.022697
1899.5445,0.022710
1899.7775,0.022737
1900.0105,0.022769
1900.2434,0.022802
1900.4764,0.022834
1900.7093,0.022866
1900.9423,0.022902
1901.1753,0.022947
1901.4082,0.022999
1901.6412,0.023057
1901.8741,0.023111
1902.1071,0.023154
1902.3400,0.023177
1902.5730,0.023180
1902.8060,0.023167
1903.0389,0.023151
1903.2719,0.023146
1903.5048,0.023161
1903.7378,0.023198
1903.9708,0.023250
1904.2037,0.023302
1904.4367,0.023339
1904.6696,0.023350
1904.9026,0.023335
1905.1356,0.023307
1905.3685,0.023283
1905.6015,0.023281
1905.8344,0.023307
1906.0674,0.023360
1906.3003,0.023428
1906.5333,0.023495
1906.7663,0.023549
1906.9992,0.023587
1907.2322,0.023614
1907.4651,0.023640
1907.6981,0.023672
1907.9311,0.023714
1908.1640,0.023760
1908.3970,0.023805
1908.6299,0.023842
1908.8629,0.023876
1909.0958,0.023917
1909.3288,0.023979
1909.5618,0.024070
1909.7947,0.024185
1910.0277,0.024306
1910.2606,0.024403
1910.4936,0.024447
1910.7266,0.024418
1910.9595,0.024314
1911.1925,0.024153
1911.4254,0.023965
1911.6584,0.023782
1911.8914,0.023629
1912.1243,0.023521
1912.3573,0.023460
1912.5902,0.023441
1912.8232,0.023452
1913.0561,0.023482
1913.2891,0.023521
1913.5221,0.023556
1913.7550,0.023577
1913.9880,0.023573
1914.2209,0.023536
1914.4539,0.023465
1914.6869,0.023369
1914.9198,0.023262
1915.1528,0.023162
1915.3857,0.023087
1915.6187,0.023047
1915.8516,0.023042
1916.0846,0.023067
1916.3176,0.023116
1916.5505,0.023186
1916.7835,0.023283
1917.0164,0.023421
1917.2494,0.023618
1917.4824,0.023885
1917.7153,0.024222
1917.9483,0.024602
1918.1812,0.024979
1918.4142,0.025289
1918.6472,0.025473
1918.8801,0.025497
1919.1131,0.025362
1919.3460,0.025105
1919.5790,0.024779
1919.8119,0.024445
1920.0449,0.024150
1920.2779,0.023923
1920.5108,0.023771
1920.7438,0.023685
1920.9767,0.023644
1921.2097,0.023629
1921.4427,0.023633
1921.6756,0.023660
1921.9086,0.023724
1922.1415,0.023840
1922.3745,0.024013
1922.6074,0.024230
1922.8404,0.024461
1923.0734,0.024663
1923.3063,0.024794
1923.5393,0.024827
1923.7722,0.024753
1924.0052,0.024587
1924.2382,0.024358
1924.4711,0.024098
1924.7041,0.023836
1924.9370,0.023595
1925.1700,0.023391
1925.4030,0.023234
1925.6359,0.023134
1925.8689,0.023091
1926.1018,0.023101
1926.3348,0.023148
1926.5677,0.023204
1926.8007,0.023244
1927.0337,0.023243
1927.2666,0.023192
1927.4996,0.023097
1927.7325,0.022976
1927.9655,0.022854
1928.1985,0.022752
1928.4314,0.022678
1928.6644,0.022631
1928.8973,0.022599
1929.1303,0.022571
1929.3632,0.022542
1929.5962,0.022515
1929.8292,0.022497
1930.0621,0.022497
1930.2951,0.022519
1930.5280,0.022557
1930.7610,0.022596
1930.9940,0.022623
1931.2269,0.022626
1931.4599,0.022602
1931.6928,0.022554
1931.9258,0.022493
1932.1588,0.022429
1932.3917,0.022371
1932.6247,0.022320
1932.8576,0.022276
1933.0906,0.022236
1933.3235,0.022197
1933.5565,0.022157
1933.7895,0.022117
1934.0224,0.022079
1934.2554,0.022045
1934.4883,0.022021
1934.7213,0.022009
1934.9543,0.022013
1935.1872,0.022033
1935.4202,0.022062
1935.6531,0.022091
1935.8861,0.022105
1936.1190,0.022092
1936.3520,0.022049
1936.5850,0.021980
1936.8179,0.021901
1937.0509,0.021832
1937.2838,0.021788
1937.5168,0.021777
1937.7498,0.021792
1937.9827,0.021817
1938.2157,0.021828
1938.4486,0.021809
1938.6816,0.021755
1938.9146,0.021675
1939.1475,0.021587
1939.3805,0.021515
1939.6134,0.021476
1939.8464,0.021479
1940.0793,0.021521
1940.3123,0.021591
1940.5453,0.021676
1940.7782,0.021765
1941.0112,0.021856
1941.2441,0.021951
1941.4771,0.022062
1941.7101,0.022201
1941.9430,0.022377
1942.1760,0.022592
1942.4089,0.022835
1942.6419,0.023080
1942.8748,0.023289
1943.1078,0.023419
1943.3408,0.023438
1943.5737,0.023335
1943.8067,0.023123
1944.0396,0.022841
1944.2726,0.022539
1944.5056,0.022266
1944.7385,0.022060
1944.9715,0.021937
1945.2044,0.021887
1945.4374,0.021886
1945.6704,0.021898
1945.9033,0.021895
1946.1363,0.021856
1946.3692,0.021778
1946.6022,0.021672
1946.8351,0.021552
1947.0681,0.021436
1947.3011,0.021336
1947.5340,0.021262
1947.7670,0.021221
1947.9999,0.021219
1948.2329,0.021254
1948.4659,0.021321
1948.6988,0.021404
1948.9318,0.021482
1949.1647,0.021530
1949.3977,0.021530
1949.6306,0.021476
1949.8636,0.021376
1950.0966,0.021252
1950.3295,0.021127
1950.5625,0.021026
1950.7954,0.020959
1951.0284,0.020929
1951.2614,0.020929
1951.4943,0.020948
1951.7273,0.020978
1951.9602,0.021015
1952.1932,0.021059
1952.4262,0.021108
1952.6591,0.021161
1952.8921,0.021213
1953.1250,0.021259
1953.3580,0.021293
1953.5909,0.021313
1953.8239,0.021315
1954.0569,0.021295
1954.2898,0.021243
1954.5228,0.021152
1954.7557,0.021013
1954.9887,0.020827
1955.2217,0.020608
1955.4546,0.020380
1955.6876,0.020175
1955.9205,0.020023
1956.1535,0.019941
1956.3864,0.019928
1956.6194,0.019969
1956.8524,0.020038
1957.0853,0.020107
1957.3183,0.020160
1957.5512,0.020189
1957.7842,0.020198
1958.0172,0.020202
1958.2501,0.020213
1958.4831,0.020240
1958.7160,0.020286
1958.9490,0.020346
1959.1820,0.020412
1959.4149,0.020472
1959.6479,0.020519
1959.8808,0.020550
1960.1138,0.020567
1960.3467,0.020581
1960.5797,0.020602
1960.8127,0.020639
1961.0456,0.020695
1961.2786,0.020760
1961.5115,0.020816
1961.7445,0.020841
1961.9775,0.020814
1962.2104,0.020726
1962.4434,0.020585
1962.6763,0.020410
1962.9093,0.020230
1963.1422,0.020071
1963.3752,0.019951
1963.6082,0.019875
1963.8411,0.019837
1964.0741,0.019830
1964.3070,0.019849
1964.5400,0.019896
1964.7730,0.019971
1965.0059,0.020077
1965.2389,0.020204
1965.4718,0.020340
1965.7048,0.020473
1965.9378,0.020594
1966.1707,0.020709
1966.4037,0.020829
1966.6366,0.020967
1966.8696,0.021124
1967.1025,0.021286
1967.3355,0.021422
1967.5685,0.021497
1967.8014,0.021486
1968.0344,0.021386
1968.2673,0.021217
1968.5003,0.021016
1968.7333,0.020817
1968.9662,0.020639
1969.1992,0.020480
1969.4321,0.020328
1969.6651,0.020170
1969.8980,0.020007
1970.1310,0.019864
1970.3640,0.019775
1970.5969,0.019769
1970.8299,0.019849
1971.0628,0.019991
1971.2958,0.020146
1971.5288,0.020264
1971.7617,0.020314
1971.9947,0.020301
1972.2276,0.020257
1972.4606,0.020231
1972.6936,0.020259
1972.9265,0.020350
1973.1595,0.020478
1973.3924,0.020597
1973.6254,0.020660
1973.8583,0.020642
1974.0913,0.020548
1974.3243,0.020410
1974.5572,0.020273
1974.7902,0.020174
1975.0231,0.020139
1975.2561,0.020175
1975.4891,0.020282
1975.7220,0.020456
1975.9550,0.020691
1976.1879,0.020974
1976.4209,0.021280
1976.6538,0.021574
1976.8868,0.021820
1977.1198,0.021994
1977.3527,0.022098
1977.5857,0.022160
1977.8186,0.022228
1978.0516,0.022345
1978.2846,0.022527
1978.5175,0.022751
1978.7505,0.022961
1978.9834,0.023092
1979.2164,0.023098
1979.4494,0.022972
1979.6823,0.022751
1979.9153,0.022499
1980.1482,0.022277
1980.3812,0.022120
1980.6141,0.022023
1980.8471,0.021952
1981.0801,0.021865
1981.3130,0.021736
1981.5460,0.021570
1981.7789,0.021400
1982.0119,0.021276
1982.2449,0.021239
1982.4778,0.021310
1982.7108,0.021482
1982.9437,0.021727
1983.1767,0.022001
1983.4096,0.022259
1983.6426,0.022464
1983.8756,0.022582
1984.1085,0.022592
1984.3415,0.022486
1984.5744,0.022271
1984.8074,0.021976
1985.0404,0.021651
1985.2733,0.021356
1985.5063,0.021143
1985.7392,0.021042
1985.9722,0.021047
1986.2052,0.021124
1986.4381,0.021225
1986.6711,0.021314
1986.9040,0.021377
1987.1370,0.021429
1987.3699,0.021504
1987.6029,0.021631
1987.8359,0.021820
1988.0688,0.022050
1988.3018,0.022282
1988.5347,0.022472
1988.7677,0.022591
1989.0007,0.022638
1989.2336,0.022630
1989.4666,0.022595
1989.6995,0.022555
1989.9325,0.022513
1990.1654,0.022462
1990.3984,0.022397
1990.6314,0.022325
1990.8643,0.022270
1991.0973,0.022267
1991.3302,0.022340
1991.5632,0.022488
1991.7962,0.022675
1992.0291,0.022838
1992.2621,0.022911
1992.4950,0.022849
1992.7280,0.022653
1992.9609,0.022364
1993.1939,0.022051
1993.4269,0.021778
1993.6598,0.021583
1993.8928,0.021470
1994.1257,0.021417
1994.3587,0.021395
1994.5917,0.021376
1994.8246,0.021347
1995.0576,0.021304
1995.2905,0.021246
1995.5235,0.021170
1995.7565,0.021070
1995.9894,0.020947
1996.2224,0.020814
1996.4553,0.020704
1996.6883,0.020659
1996.9212,0.020719
1997.1542,0.020898
1997.3872,0.021177
1997.6201,0.021502
1997.8531,0.021802
1998.0860,0.022011
1998.3190,0.022091
1998.5520,0.022042
1998.7849,0.021899
1999.0179,0.021716
1999.2508,0.021539
1999.4838,0.021396
1999.7167,0.021290
1999.9497,0.021207
2000.1827,0.021134
2000.4156,0.021064
2000.6486,0.021008
2000.8815,0.020984
2001.1145,0.021011
2001.3475,0.021093
2001.5804,0.021217
2001.8134,0.021350
2002.0463,0.021454
2002.2793,0.021491
2002.5123,0.021438
2002.7452,0.021294
2002.9782,0.021078
2003.2111,0.020827
2003.4441,0.020584
2003.6770,0.020396
2003.9100,0.020296
2004.1430,0.020301
2004.3759,0.020406
2004.6089,0.020588
2004.8418,0.020812
2005.0748,0.021045
2005.3078,0.021258
2005.5407,0.021432
2005.7737,0.021557
2006.0066,0.021624
2006.2396,0.021624
2006.4725,0.021549
2006.7055,0.021397
2006.9385,0.021182
2007.1714,0.020938
2007.4044,0.020720
2007.6373,0.020586
2007.8703,0.020581
2008.1033,0.020713
2008.3362,0.020952
2008.5692,0.021232
2008.8021,0.021482
2009.0351,0.021643
2009.2681,0.021691
2009.5010,0.021639
2009.7340,0.021529
2009.9669,0.021412
2010.1999,0.021326
2010.4328,0.021288
2010.6658,0.021296
2010.8988,0.021342
2011.1317,0.021414
2011.3647,0.021508
2011.5976,0.021618
2011.8306,0.021727
2012.0636,0.021807
2012.2965,0.021820
2012.5295,0.021735
2012.7624,0.021549
2012.9954,0.021291
2013.2283,0.021025
2013.4613,0.020826
2013.6943,0.020750
2013.9272,0.020815
2014.1602,0.020992
2014.3931,0.021222
2014.6261,0.021446
2014.8591,0.021623
2015.0920,0.021751
2015.3250,0.021859
2015.5579,0.021982
2015.7909,0.022139
2016.0239,0.022315
2016.2568,0.022467
2016.4898,0.022542
2016.7227,0.022503
2016.9557,0.022354
2017.1886,0.022136
2017.4216,0.021914
2017.6546,0.021747
2017.8875,0.021663
2018.1205,0.021655
2018.3534,0.021689
2018.5864,0.021725
2018.8194,0.021740
2019.0523,0.021734
2019.2853,0.021728
2019.5182,0.021745
2019.7512,0.021796
2019.9841,0.021877
2020.2171,0.021971
2020.4501,0.022058
2020.6830,0.022135
2020.9160,0.022209
2021.1489,0.022298
2021.3819,0.022412
2021.6149,0.022543
2021.8478,0.022661
2022.0808,0.022722
2022.3137,0.022686
2022.5467,0.022532
2022.7797,0.022272
2023.0126,0.021945
2023.2456,0.021604
2023.4785,0.021297
2023.7115,0.021058
2023.9444,0.020898
2024.1774,0.020812
2024.4104,0.020787
2024.6433,0.020802
2024.8763,0.020839
2025.1092,0.020880
2025.3422,0.020909
2025.5752,0.020915
2025.8081,0.020894
2026.0411,0.020852
2026.2740,0.020803
2026.5070,0.020768
2026.7399,0.020760
2026.9729,0.020784
2027.2059,0.020833
2027.4388,0.020892
2027.6718,0.020945
2027.9047,0.020984
2028.1377,0.021010
2028.3707,0.021033
2028.6036,0.021057
2028.8366,0.021085
2029.0695,0.021109
2029.3025,0.021120
2029.5355,0.021117
2029.7684,0.021105
2030.0014,0.021103
2030.2343,0.021127
2030.4673,0.021185
2030.7002,0.021266
2030.9332,0.021346
2031.1662,0.021397
2031.3991,0.021403
2031.6321,0.021371
2031.8650,0.021329
2032.0980,0.021315
2032.3310,0.021358
2032.5639,0.021465
2032.7969,0.021610
2033.0298,0.021751
2033.2628,0.021848
2033.4957,0.021878
2033.7287,0.021850
2033.9617,0.021800
2034.1946,0.021775
2034.4276,0.021811
2034.6605,0.021924
2034.8935,0.022104
2035.1265,0.022325
2035.3594,0.022560
2035.5924,0.022788
2035.8253,0.023003
2036.0583,0.023204
2036.2913,0.023388
2036.5242,0.023548
2036.7572,0.023671
2036.9901,0.023744
2037.2231,0.023763
2037.4560,0.023734
2037.6890,0.023677
2037.9220,0.023609
2038.1549,0.023547
2038.3879,0.023495
2038.6208,0.023457
2038.8538,0.023439
2039.0868,0.023457
2039.3197,0.023532
2039.5527,0.023682
2039.7856,0.023905
2040.0186,0.024177
2040.2515,0.024449
2040.4845,0.024667
2040.7175,0.024789
2040.9504,0.024807
2041.1834,0.024744
2041.4163,0.024656
2041.6493,0.024596
2041.8823,0.024600
2042.1152,0.024669
2042.3482,0.024773
2042.5811,0.024867
2042.8141,0.024919
2043.0471,0.024920
2043.2800,0.024889
2043.5130,0.024862
2043.7459,0.024870
2043.9789,0.024924
2044.2118,0.025012
2044.4448,0.025106
2044.6778,0.025180
2044.9107,0.025223
2045.1437,0.025249
2045.3766,0.025288
2045.6096,0.025370
2045.8426,0.025515
2046.0755,0.025723
2046.3085,0.025972
2046.5414,0.026228
2046.7744,0.026460
2047.0073,0.026639
2047.2403,0.026750
2047.4733,0.026785
2047.7062,0.026741
2047.9392,0.026623
2048.1721,0.026450
2048.4051,0.026252
2048.6381,0.026076
2048.8710,0.025973
2049.1040,0.025983
2049.3369,0.026120
2049.5699,0.026366
2049.8029,0.026674
2050.0358,0.026986
2050.2688,0.027248
2050.5017,0.027427
2050.7347,0.027515
2050.9676,0.027526
2051.2006,0.027479
2051.4336,0.027388
2051.6665,0.027255
2051.8995,0.027077
2052.1324,0.026856
2052.3654,0.026605
2052.5984,0.026353
2052.8313,0.026138
2053.0643,0.025994
2053.2972,0.025939
2053.5302,0.025966
2053.7631,0.026050
2053.9961,0.026153
2054.2291,0.026243
2054.4620,0.026301
2054.6950,0.026328
2054.9279,0.026338
2055.1609,0.026347
2055.3939,0.026367
2055.6268,0.026398
2055.8598,0.026427
2056.0927,0.026438
2056.3257,0.026417
2056.5587,0.026356
2056.7916,0.026260
2057.0246,0.026140
2057.2575,0.026011
2057.4905,0.025892
2057.7234,0.025797
2057.9564,0.025738
2058.1894,0.025719
2058.4223,0.025736
2058.6553,0.025780
2058.8882,0.025837
2059.1212,0.025894
2059.3542,0.025939
2059.5871,0.025966
2059.8201,0.025974
2060.0530,0.025966
2060.2860,0.025947
2060.5189,0.025919
2060.7519,0.025886
2060.9849,0.025852
2061.2178,0.025825
2061.4508,0.025815
2061.6837,0.025834
2061.9167,0.025889
2062.1497,0.025978
2062.3826,0.026090
2062.6156,0.026209
2062.8485,0.026316
2063.0815,0.026403
2063.3145,0.026471
2063.5474,0.026528
2063.7804,0.026587
2064.0133,0.026653
2064.2463,0.026725
2064.4792,0.026790
2064.7122,0.026835
2064.9452,0.026851
2065.1781,0.026843
2065.4111,0.026824
2065.6440,0.026813
2065.8770,0.026819
2066.1100,0.026838
2066.3429,0.026851
2066.5759,0.026835
2066.8088,0.026772
2067.0418,0.026665
2067.2747,0.026537
2067.5077,0.026426
2067.7407,0.026368
2067.9736,0.026381
2068.2066,0.026458
2068.4395,0.026570
2068.6725,0.026677
2068.9055,0.026744
2069.1384,0.026751
2069.3714,0.026702
2069.6043,0.026618
2069.8373,0.026524
2070.0703,0.026440
2070.3032,0.026376
2070.5362,0.026331
2070.7691,0.026303
2071.0021,0.026291
2071.2350,0.026300
2071.4680,0.026337
2071.7010,0.026405
2071.9339,0.026499
2072.1669,0.026605
2072.3998,0.026704
2072.6328,0.026777
2072.8658,0.026816
2073.0987,0.026821
2073.3317,0.026801
2073.5646,0.026768
2073.7976,0.026732
2074.0305,0.026698
2074.2635,0.026669
2074.4965,0.026652
2074.7294,0.026659
2074.9624,0.026703
2075.1953,0.026796
2075.4283,0.026941
2075.6613,0.027126
2075.8942,0.027324
2076.1272,0.027505
2076.3601,0.027636
2076.5931,0.027698
2076.8261,0.027689
2077.0590,0.027620
2077.2920,0.027512
2077.5249,0.027389
2077.7579,0.027268
2077.9908,0.027162
2078.2238,0.027076
2078.4568,0.027016
2078.6897,0.026982
2078.9227,0.026978
2079.1556,0.027000
2079.3886,0.027044
2079.6216,0.027099
2079.8545,0.027153
2080.0875,0.027197
2080.3204,0.027224
2080.5534,0.027231
2080.7863,0.027218
2081.0193,0.027188
2081.2523,0.027142
2081.4852,0.027080
2081.7182,0.027008
2081.9511,0.026935
2082.1841,0.026872
2082.4171,0.026831
2082.6500,0.026819
2082.8830,0.026833
2083.1159,0.026861
2083.3489,0.026887
2083.5819,0.026894
2083.8148,0.026872
2084.0478,0.026822
2084.2807,0.026755
2084.5137,0.026685
2084.7466,0.026625
2084.9796,0.026583
2085.2126,0.026558
2085.4455,0.026552
2085.6785,0.026563
2085.9114,0.026596
2086.1444,0.026652
2086.3774,0.026733
2086.6103,0.026832
2086.8433,0.026933
2087.0762,0.027015
2087.3092,0.027060
2087.5421,0.027056
2087.7751,0.027005
2088.0081,0.026920
2088.2410,0.026816
2088.4740,0.026709
2088.7069,0.026606
2088.9399,0.026509
2089.1729,0.026419
2089.4058,0.026339
2089.6388,0.026280
2089.8717,0.026259
2090.1047,0.026286
2090.3377,0.026363
2090.5706,0.026474
2090.8036,0.026588
2091.0365,0.026669
2091.2695,0.026690
2091.5024,0.026642
2091.7354,0.026535
2091.9684,0.026400
2092.2013,0.026270
2092.4343,0.026170
2092.6672,0.026112
2092.9002,0.026089
2093.1332,0.026084
2093.3661,0.026083
2093.5991,0.026078
2093.8320,0.026073
2094.0650,0.026082
2094.2979,0.026120
2094.5309,0.026198
2094.7639,0.026313
2094.9968,0.026455
2095.2298,0.026606
2095.4627,0.026751
2095.6957,0.026877
2095.9287,0.026982
2096.1616,0.027067
2096.3946,0.027137
2096.6275,0.027198
2096.8605,0.027250
2097.0935,0.027293
2097.3264,0.027323
2097.5594,0.027339
2097.7923,0.027340
2098.0253,0.027330
2098.2582,0.027315
2098.4912,0.027302
2098.7242,0.027302
2098.9571,0.027320
2099.1901,0.027360
2099.4230,0.027415
2099.6560,0.027477
2099.8890,0.027530
2100.1219,0.027559
2100.3549,0.027557
2100.5878,0.027522
2100.8208,0.027466
2101.0537,0.027404
2101.2867,0.027354
2101.5197,0.027328
2101.7526,0.027328
2101.9856,0.027350
2102.2185,0.027380
2102.4515,0.027407
2102.6845,0.027424
2102.9174,0.027428
2103.1504,0.027425
2103.3833,0.027426
2103.6163,0.027440
2103.8493,0.027472
2104.0822,0.027521
2104.3152,0.027584
2104.5481,0.027649
2104.7811,0.027704
2105.0140,0.027739
2105.2470,0.027743
2105.4800,0.027714
2105.7129,0.027652
2105.9459,0.027566
2106.1788,0.027469
2106.4118,0.027376
2106.6448,0.027296
2106.8777,0.027237
2107.1107,0.027197
2107.3436,0.027171
2107.5766,0.027158
2107.8095,0.027155
2108.0425,0.027169
2108.2755,0.027206
2108.5084,0.027273
2108.7414,0.027367
2108.9743,0.027476
2109.2073,0.027579
2109.4403,0.027652
2109.6732,0.027677
2109.9062,0.027647
2110.1391,0.027570
2110.3721,0.027464
2110.6051,0.027353
2110.8380,0.027259
2111.0710,0.027195
2111.3039,0.027166
2111.5369,0.027166
2111.7698,0.027184
2112.0028,0.027209
2112.2358,0.027229
2112.4687,0.027238
2112.7017,0.027230
2112.9346,0.027206
2113.1676,0.027170
2113.4006,0.027133
2113.6335,0.027106
2113.8665,0.027103
2114.0994,0.027128
2114.3324,0.027178
2114.5653,0.027238
2114.7983,0.027286
2115.0313,0.027302
2115.2642,0.027273
2115.4972,0.027200
2115.7301,0.027096
2115.9631,0.026985
2116.1961,0.026890
2116.4290,0.026828
2116.6620,0.026803
2116.8949,0.026809
2117.1279,0.026829
2117.3609,0.026850
2117.5938,0.026856
2117.8268,0.026839
2118.0597,0.026795
2118.2927,0.026726
2118.5256,0.026637
2118.7586,0.026537
2118.9916,0.026439
2119.2245,0.026358
2119.4575,0.026306
2119.6904,0.026291
2119.9234,0.026308
2120.1564,0.026341
2120.3893,0.026368
2120.6223,0.026368
2120.8552,0.026332
2121.0882,0.026265
2121.3211,0.026185
2121.5541,0.026121
2121.7871,0.026097
2122.0200,0.026124
2122.2530,0.026197
2122.4859,0.026295
2122.7189,0.026388
2122.9519,0.026451
2123.1848,0.026466
2123.4178,0.026429
2123.6507,0.026348
2123.8837,0.026239
2124.1166,0.026120
2124.3496,0.026006
2124.5826,0.025913
2124.8155,0.025846
2125.0485,0.025811
2125.2814,0.025804
2125.5144,0.025814
2125.7474,0.025828
2125.9803,0.025827
2126.2133,0.025799
2126.4462,0.025737
2126.6792,0.025646
2126.9122,0.025537
2127.1451,0.025426
2127.3781,0.025325
2127.6110,0.025238
2127.8440,0.025161
2128.0769,0.025084
2128.3099,0.024996
2128.5429,0.024889
2128.7758,0.024760
2129.0088,0.024609
2129.2417,0.024438
2129.4747,0.024250
2129.7077,0.024046
2129.9406,0.023836
2130.1736,0.023631
2130.4065,0.023452
2130.6395,0.023316
2130.8724,0.023234
2131.1054,0.023203
2131.3384,0.023204
2131.5713,0.023211
2131.8043,0.023202
2132.0372,0.023169
2132.2702,0.023120
2132.5032,0.023083
2132.7361,0.023087
2132.9691,0.023154
2133.2020,0.023283
2133.4350,0.023453
2133.6680,0.023630
2133.9009,0.023778
2134.1339,0.023875
2134.3668,0.023921
2134.5998,0.023931
2134.8327,0.023930
2135.0657,0.023942
2135.2987,0.023977
2135.5316,0.024032
2135.7646,0.024094
2135.9975,0.024145
2136.2305,0.024167
2136.4635,0.024148
2136.6964,0.024079
2136.9294,0.023959
2137.1623,0.023793
2137.3953,0.023596
2137.6282,0.023395
2137.8612,0.023224
2138.0942,0.023114
2138.3271,0.023088
2138.5601,0.023144
2138.7930,0.023258
2139.0260,0.023389
2139.2590,0.023494
2139.4919,0.023542
2139.7249,0.023522
2139.9578,0.023446
2140.1908,0.023340
2140.4238,0.023230
2140.6567,0.023135
2140.8897,0.023059
2141.1226,0.023001
2141.3556,0.022958
2141.5885,0.022931
2141.8215,0.022924
2142.0545,0.022936
2142.2874,0.022957
2142.5204,0.022965
2142.7533,0.022930
2142.9863,0.022831
2143.2193,0.022666
2143.4522,0.022459
2143.6852,0.022251
2143.9181,0.022084
2144.1511,0.021986
2144.3840,0.021954
2144.6170,0.021960
2144.8500,0.021963
2145.0829,0.021931
2145.3159,0.021854
2145.5488,0.021747
2145.7818,0.021644
2146.0148,0.021577
2146.2477,0.021562
2146.4807,0.021594
2146.7136,0.021654
2146.9466,0.021724
2147.1796,0.021794
2147.4125,0.021867
2147.6455,0.021954
2147.8784,0.022058
2148.1114,0.022165
2148.3443,0.022251
2148.5773,0.022287
2148.8103,0.022258
2149.0432,0.022174
2149.2762,0.022062
2149.5091,0.021961
2149.7421,0.021894
2149.9751,0.021858
2150.2080,0.021821
2150.4410,0.021743
2150.6739,0.021592
2150.9069,0.021369
2151.1398,0.021112
2151.3728,0.020876
2151.6058,0.020714
2151.8387,0.020651
2152.0717,0.020671
2152.3046,0.020730
2152.5376,0.020778
2152.7706,0.020783
2153.0035,0.020748
2153.2365,0.020700
2153.4694,0.020680
2153.7024,0.020714
2153.9354,0.020797
2154.1683,0.020902
2154.4013,0.020991
2154.6342,0.021037
2154.8672,0.021043
2155.1001,0.021039
2155.3331,0.021067
2155.5661,0.021159
2155.7990,0.021322
2156.0320,0.021532
2156.2649,0.021743
2156.4979,0.021912
2156.7309,0.022013
2156.9638,0.022049
2157.1968,0.022045
2157.4297,0.022042
2157.6627,0.022074
2157.8956,0.022169
2158.1286,0.022340
2158.3616,0.022592
2158.5945,0.022922
2158.8275,0.023317
2159.0604,0.023751
2159.2934,0.024187
2159.5264,0.024579
2159.7593,0.024888
2159.9923,0.025096
2160.2252,0.025208
2160.4582,0.025254
2160.6912,0.025274
2160.9241,0.025299
2161.1571,0.025338
2161.3900,0.025378
2161.6230,0.025396
2161.8559,0.025375
2162.0889,0.025314
2162.3219,0.025234
2162.5548,0.025162
2162.7878,0.025119
2163.0207,0.025103
2163.2537,0.025094
2163.4867,0.025066
2163.7196,0.025006
2163.9526,0.024927
2164.1855,0.024870
2164.4185,0.024888
2164.6514,0.025021
2164.8844,0.025278
2165.1174,0.025629
2165.3503,0.026012
2165.5833,0.026361
2165.8162,0.026620
2166.0492,0.026762
2166.2822,0.026788
2166.5151,0.026713
2166.7481,0.026554
2166.9810,0.026318
2167.2140,0.026007
2167.4470,0.025626
2167.6799,0.025194
2167.9129,0.024749
2168.1458,0.024338
2168.3788,0.024002
2168.6117,0.023764
2168.8447,0.023625
2169.0777,0.023568
2169.3106,0.023574
2169.5436,0.023630
2169.7765,0.023735
2170.0095,0.023893
2170.2425,0.024098
2170.4754,0.024329
2170.7084,0.024550
2170.9413,0.024720
2171.1743,0.024807
2171.4072,0.024804
2171.6402,0.024728
2171.8732,0.024614
2172.1061,0.024490
2172.3391,0.024372
2172.5720,0.024252
2172.8050,0.024110
2173.0380,0.023931
2173.2709,0.023720
2173.5039,0.023505
2173.7368,0.023323
2173.9698,0.023205
2174.2028,0.023154
2174.4357,0.023145
2174.6687,0.023137
2174.9016,0.023092
2175.1346,0.023000
2175.3675,0.022888
2175.6005,0.022809
2175.8335,0.022820
2176.0664,0.022956
2176.2994,0.023215
2176.5323,0.023558
2176.7653,0.023926
2176.9983,0.024264
2177.2312,0.024539
2177.4642,0.024743
2177.6971,0.024886
2177.9301,0.024980
2178.1630,0.025028
2178.3960,0.025023
2178.6290,0.024953
2178.8619,0.024817
2179.0949,0.024635
2179.3278,0.024444
2179.5608,0.024283
2179.7938,0.024183
2180.0267,0.024148
2180.2597,0.024162
2180.4926,0.024195
2180.7256,0.024219
2180.9586,0.024222
2181.1915,0.024208
2181.4245,0.024191
2181.6574,0.024184
2181.8904,0.024189
2182.1233,0.024201
2182.3563,0.024214
2182.5893,0.024232
2182.8222,0.024276
2183.0552,0.024373
2183.2881,0.024543
2183.5211,0.024787
2183.7541,0.025073
2183.9870,0.025349
2184.2200,0.025555
2184.4529,0.025648
2184.6859,0.025624
2184.9188,0.025512
2185.1518,0.025372
2185.3848,0.025260
2185.6177,0.025214
2185.8507,0.025238
2186.0836,0.025306
2186.3166,0.025377
2186.5496,0.025415
2186.7825,0.025403
2187.0155,0.025350
2187.2484,0.025285
2187.4814,0.025239
2187.7144,0.025237
2187.9473,0.025286
2188.1803,0.025379
2188.4132,0.025496
2188.6462,0.025613
2188.8791,0.025712
2189.1121,0.025780
2189.3451,0.025812
2189.5780,0.025812
2189.8110,0.025787
2190.0439,0.025751
2190.2769,0.025716
2190.5099,0.025689
2190.7428,0.025674
2190.9758,0.025666
2191.2087,0.025657
2191.4417,0.025641
2191.6746,0.025616
2191.9076,0.025588
2192.1406,0.025571
2192.3735,0.025576
2192.6065,0.025613
2192.8394,0.025681
2193.0724,0.025775
2193.3054,0.025888
2193.5383,0.026019
2193.7713,0.026172
2194.0042,0.026356
2194.2372,0.026570
2194.4702,0.026801
2194.7031,0.027019
2194.9361,0.027179
2195.1690,0.027243
2195.4020,0.027189
2195.6349,0.027028
2195.8679,0.026802
2196.1009,0.026571
2196.3338,0.026396
2196.5668,0.026313
2196.7997,0.026325
2197.0327,0.026407
2197.2657,0.026515
2197.4986,0.026607
2197.7316,0.026660
2197.9645,0.026673
2198.1975,0.026661
2198.4304,0.026650
2198.6634,0.026656
2198.8964,0.026687
2199.1293,0.026740
2199.3623,0.026806
2199.5952,0.026878
2199.8282,0.026952
2200.0612,0.027026
2200.2941,0.027091
2200.5271,0.027138
2200.7600,0.027150
2200.9930,0.027113
2201.2260,0.027024
2201.4589,0.026895
2201.6919,0.026754
2201.9248,0.026638
2202.1578,0.026581
2202.3907,0.026606
2202.6237,0.026715
2202.8567,0.026893
2203.0896,0.027109
2203.3226,0.027322
2203.5555,0.027496
2203.7885,0.027601
2204.0215,0.027619
2204.2544,0.027554
2204.4874,0.027423
2204.7203,0.027263
2204.9533,0.027119
2205.1862,0.027034
2205.4192,0.027039
2205.6522,0.027137
2205.8851,0.027304
2206.1181,0.027494
2206.3510,0.027649
2206.5840,0.027725
2206.8170,0.027697
2207.0499,0.027576
2207.2829,0.027399
2207.5158,0.027221
2207.7488,0.027092
2207.9818,0.027050
2208.2147,0.027106
2208.4477,0.027247
2208.6806,0.027445
2208.9136,0.027665
2209.1465,0.027873
2209.3795,0.028040
2209.6125,0.028148
2209.8454,0.028186
2210.0784,0.028155
2210.3113,0.028061
2210.5443,0.027919
2210.7773,0.027750
2211.0102,0.027579
2211.2432,0.027428
2211.4761,0.027314
2211.7091,0.027245
2211.9420,0.027224
2212.1750,0.027246
2212.4080,0.027306
2212.6409,0.027398
2212.8739,0.027512
2213.1068,0.027642
2213.3398,0.027778
2213.5728,0.027910
2213.8057,0.028028
2214.0387,0.028125
2214.2716,0.028193
2214.5046,0.028224
2214.7376,0.028214
2214.9705,0.028161
2215.2035,0.028066
2215.4364,0.027941
2215.6694,0.027811
2215.9023,0.027707
2216.1353,0.027663
2216.3683,0.027705
2216.6012,0.027839
2216.8342,0.028051
2217.0671,0.028305
2217.3001,0.028556
2217.5331,0.028761
2217.7660,0.028897
2217.9990,0.028958
2218.2319,0.028958
2218.4649,0.028922
2218.6978,0.028876
2218.9308,0.028837
2219.1638,0.028814
2219.3967,0.028810
2219.6297,0.028823
2219.8626,0.028852
2220.0956,0.028891
2220.3286,0.028932
2220.5615,0.028957
2220.7945,0.028942
2221.0274,0.028866
2221.2604,0.028719
2221.4934,0.028509
2221.7263,0.028263
2221.9593,0.028020
2222.1922,0.027819
2222.4252,0.027686
2222.6581,0.027630
2222.8911,0.027641
2223.1241,0.027701
2223.3570,0.027790
2223.5900,0.027894
2223.8229,0.028009
2224.0559,0.028129
2224.2889,0.028249
2224.5218,0.028359
2224.7548,0.028448
2224.9877,0.028511
2225.2207,0.028552
2225.4536,0.028587
2225.6866,0.028638
2225.9196,0.028721
2226.1525,0.028841
2226.3855,0.028985
2226.6184,0.029130
2226.8514,0.029251
2227.0844,0.029331
2227.3173,0.029369
2227.5503,0.029374
2227.7832,0.029361
2228.0162,0.029338
2228.2492,0.029307
2228.4821,0.029261
2228.7151,0.029199
2228.9480,0.029127
2229.1810,0.029064
2229.4139,0.029038
2229.6469,0.029068
2229.8799,0.029159
2230.1128,0.029295
2230.3458,0.029443
2230.5787,0.029567
2230.8117,0.029644
2231.0447,0.029675
2231.2776,0.029679
2231.5106,0.029685
2231.7435,0.029715
2231.9765,0.029772
2232.2094,0.029842
2232.4424,0.029897
2232.6754,0.029912
2232.9083,0.029878
2233.1413,0.029801
2233.3742,0.029705
2233.6072,0.029609
2233.8402,0.029526
2234.0731,0.029454
2234.3061,0.029384
2234.5390,0.029308
2234.7720,0.029233
2235.0050,0.029179
2235.2379,0.029174
2235.4709,0.029244
2235.7038,0.029393
2235.9368,0.029602
2236.1697,0.029832
2236.4027,0.030033
2236.6357,0.030167
2236.8686,0.030215
2237.1016,0.030181
2237.3345,0.030094
2237.5675,0.029990
2237.8005,0.029902
2238.0334,0.029854
2238.2664,0.029851
2238.4993,0.029889
2238.7323,0.029954
2238.9652,0.030026
2239.1982,0.030088
2239.4312,0.030128
2239.6641,0.030139
2239.8971,0.030125
2240.1300,0.030097
2240.3630,0.030067
2240.5960,0.030050
2240.8289,0.030049
2241.0619,0.030059
2241.2948,0.030065
2241.5278,0.030050
2241.7608,0.030006
2241.9937,0.029935
2242.2267,0.029857
2242.4596,0.029796
2242.6926,0.029773
2242.9255,0.029796
2243.1585,0.029855
2243.3915,0.029929
2243.6244,0.029995
2243.8574,0.030039
2244.0903,0.030064
2244.3233,0.030089
2244.5563,0.030134
2244.7892,0.030213
2245.0222,0.030323
2245.2551,0.030444
2245.4881,0.030546
2245.7210,0.030601
2245.9540,0.030598
2246.1870,0.030543
2246.4199,0.030456
2246.6529,0.030362
2246.8858,0.030283
2247.1188,0.030229
2247.3518,0.030199
2247.5847,0.030189
2247.8177,0.030194
2248.0506,0.030212
2248.2836,0.030244
2248.5166,0.030284
2248.7495,0.030322
2248.9825,0.030341
2249.2154,0.030326
2249.4484,0.030269
2249.6813,0.030177
2249.9143,0.030070
2250.1473,0.029975
2250.3802,0.029917
2250.6132,0.029909
2250.8461,0.029950
2251.0791,0.030028
2251.3121,0.030124
2251.5450,0.030223
2251.7780,0.030315
2252.0109,0.030395
2252.2439,0.030460
2252.4768,0.030505
2252.7098,0.030525
2252.9428,0.030513
2253.1757,0.030473
2253.4087,0.030418
2253.6416,0.030372
2253.8746,0.030359
2254.1076,0.030400
2254.3405,0.030501
2254.5735,0.030652
2254.8064,0.030827
2255.0394,0.030998
2255.2724,0.031139
2255.5053,0.031234
2255.7383,0.031281
2255.9712,0.031287
2256.2042,0.031264
2256.4371,0.031223
2256.6701,0.031175
2256.9031,0.031130
2257.1360,0.031096
2257.3690,0.031076
2257.6019,0.031074
2257.8349,0.031086
2258.0679,0.031106
2258.3008,0.031126
2258.5338,0.031140
2258.7667,0.031147
2258.9997,0.031151
2259.2326,0.031158
2259.4656,0.031170
2259.6986,0.031184
2259.9315,0.031193
2260.1645,0.031185
2260.3974,0.031156
2260.6304,0.031110
2260.8634,0.031060
2261.0963,0.031024
2261.3293,0.031015
2261.5622,0.031037
2261.7952,0.031085
2262.0281,0.031145
2262.2611,0.031205
2262.4941,0.031262
2262.7270,0.031325
2262.9600,0.031407
2263.1929,0.031519
2263.4259,0.031657
2263.6589,0.031801
2263.8918,0.031919
2264.1248,0.031979
2264.3577,0.031961
2264.5907,0.031868
2264.8237,0.031724
2265.0566,0.031563
2265.2896,0.031417
2265.5225,0.031303
2265.7555,0.031224
2265.9884,0.031169
2266.2214,0.031130
2266.4544,0.031105
2266.6873,0.031106
2266.9203,0.031148
2267.1532,0.031241
2267.3862,0.031381
2267.6192,0.031545
2267.8521,0.031698
2268.0851,0.031808
2268.3180,0.031855
2268.5510,0.031842
2268.7839,0.031791
2269.0169,0.031737
2269.2499,0.031710
2269.4828,0.031726
2269.7158,0.031784
2269.9487,0.031867
2270.1817,0.031954
2270.4147,0.032028
2270.6476,0.032083
2270.8806,0.032128
2271.1135,0.032172
2271.3465,0.032229
2271.5795,0.032299
2271.8124,0.032378
2272.0454,0.032450
2272.2783,0.032501
2272.5113,0.032519
2272.7442,0.032504
2272.9772,0.032468
2273.2102,0.032430
2273.4431,0.032413
2273.6761,0.032436
2273.9090,0.032506
2274.1420,0.032618
2274.3750,0.032750
2274.6079,0.032873
2274.8409,0.032957
2275.0738,0.032986
2275.3068,0.032956
2275.5397,0.032882
2275.7727,0.032791
2276.0057,0.032712
2276.2386,0.032665
2276.4716,0.032656
2276.7045,0.032675
2276.9375,0.032706
2277.1705,0.032735
2277.4034,0.032756
2277.6364,0.032774
2277.8693,0.032804
2278.1023,0.032857
2278.3353,0.032940
2278.5682,0.033046
2278.8012,0.033163
2279.0341,0.033274
2279.2671,0.033370
2279.5000,0.033452
2279.7330,0.033532
2279.9660,0.033620
2280.1989,0.033723
2280.4319,0.033835
2280.6648,0.033942
2280.8978,0.034023
2281.1308,0.034061
2281.3637,0.034051
2281.5967,0.034000
2281.8296,0.033925
2282.0626,0.033850
2282.2955,0.033791
2282.5285,0.033758
2282.7615,0.033751
2282.9944,0.033762
2283.2274,0.033781
2283.4603,0.033798
2283.6933,0.033807
2283.9263,0.033806
2284.1592,0.033797
2284.3922,0.033782
2284.6251,0.033765
2284.8581,0.033750
2285.0911,0.033740
2285.3240,0.033739
2285.5570,0.033744
2285.7899,0.033753
2286.0229,0.033759
2286.2558,0.033762
2286.4888,0.033761
2286.7218,0.033762
2286.9547,0.033773
2287.1877,0.033803
2287.4206,0.033852
2287.6536,0.033917
2287.8866,0.033985
2288.1195,0.034041
2288.3525,0.034072
2288.5854,0.034074
2288.8184,0.034048
2289.0513,0.034002
2289.2843,0.033944
2289.5173,0.033884
2289.7502,0.033825
2289.9832,0.033768
2290.2161,0.033714
2290.4491,0.033666
2290.6821,0.033629
2290.9150,0.033607
2291.1480,0.033601
2291.3809,0.033608
2291.6139,0.033619
2291.8469,0.033625
2292.0798,0.033617
2292.3128,0.033595
2292.5457,0.033565
2292.7787,0.033537
2293.0116,0.033522
2293.2446,0.033527
2293.4776,0.033551
2293.7105,0.033587
2293.9435,0.033625
2294.1764,0.033654
2294.4094,0.033668
2294.6424,0.033665
2294.8753,0.033644
2295.1083,0.033610
2295.3412,0.033570
2295.5742,0.033529
2295.8071,0.033495
2296.0401,0.033476
2296.2731,0.033475
2296.5060,0.033491
2296.7390,0.033520
2296.9719,0.033550
2297.2049,0.033571
2297.4379,0.033574
2297.6708,0.033558
2297.9038,0.033527
2298.1367,0.033489
2298.3697,0.033450
2298.6027,0.033413
2298.8356,0.033375
2299.0686,0.033335
2299.3015,0.033290
2299.5345,0.033246
2299.7674,0.033217
2300.0004,0.033214
2300.2334,0.033248
2300.4663,0.033318
2300.6993,0.033409
2300.9322,0.033501
2301.1652,0.033575
2301.3982,0.033617
2301.6311,0.033632
2301.8641,0.033631
2302.0970,0.033635
2302.3300,0.033658
2302.5629,0.033704
2302.7959,0.033767
2303.0289,0.033832
2303.2618,0.033885
2303.4948,0.033919
2303.7277,0.033933
2303.9607,0.033938
2304.1937,0.033942
2304.4266,0.033952
2304.6596,0.033969
2304.8925,0.033987
2305.1255,0.033998
2305.3585,0.033998
2305.5914,0.033986
2305.8244,0.033967
2306.0573,0.033947
2306.2903,0.033934
2306.5232,0.033933
2306.7562,0.033944
2306.9892,0.033966
2307.2221,0.033997
2307.4551,0.034029
2307.6880,0.034055
2307.9210,0.034072
2308.1540,0.034076
2308.3869,0.034073
2308.6199,0.034073
2308.8528,0.034086
2309.0858,0.034119
2309.3187,0.034169
2309.5517,0.034222
2309.7847,0.034255
2310.0176,0.034254
2310.2506,0.034217
2310.4835,0.034165
2310.7165,0.034136
2310.9495,0.034167
2311.1824,0.034280
2311.4154,0.034463
2311.6483,0.034673
2311.8813,0.034844
2312.1143,0.034920
2312.3472,0.034877
2312.5802,0.034739
2312.8131,0.034565
2313.0461,0.034425
2313.2790,0.034372
2313.5120,0.034416
2313.7450,0.034522
2313.9779,0.034631
2314.2109,0.034687
2314.4438,0.034666
2314.6768,0.034590
2314.9098,0.034509
2315.1427,0.034477
2315.3757,0.034524
2315.6086,0.034639
2315.8416,0.034780
2316.0745,0.034895
2316.3075,0.034957
2316.5405,0.034975
2316.7734,0.034991
2317.0064,0.035058
2317.2393,0.035202
2317.4723,0.035412
2317.7053,0.035633
2317.9382,0.035797
2318.1712,0.035851
2318.4041,0.035794
2318.6371,0.035671
2318.8701,0.035552
2319.1030,0.035500
2319.3360,0.035540
2319.5689,0.035651
2319.8019,0.035780
2320.0348,0.035873
2320.2678,0.035910
2320.5008,0.035911
2320.7337,0.035926
2320.9667,0.036001
2321.1996,0.036150
2321.4326,0.036339
2321.6656,0.036500
2321.8985,0.036562
2322.1315,0.036488
2322.3644,0.036301
2322.5974,0.036067
2322.8303,0.035872
2323.0633,0.035776
2323.2963,0.035795
2323.5292,0.035894
2323.7622,0.036011
2323.9951,0.036084
2324.2281,0.036084
2324.4611,0.036018
2324.6940,0.035919
2324.9270,0.035814
2325.1599,0.035711
2325.3929,0.035590
2325.6259,0.035420
2325.8588,0.035179
2326.0918,0.034878
2326.3247,0.034558
2326.5577,0.034278
2326.7906,0.034089
2327.0236,0.034010
2327.2566,0.034026
2327.4895,0.034091
2327.7225,0.034157
2327.9554,0.034192
2328.1884,0.034197
2328.4214,0.034202
2328.6543,0.034240
2328.8873,0.034333
2329.1202,0.034474
2329.3532,0.034629
2329.5861,0.034756
2329.8191,0.034827
2330.0521,0.034839
2330.2850,0.034815
2330.5180,0.034785
2330.7509,0.034771
2330.9839,0.034771
2331.2169,0.034764
2331.4498,0.034727
2331.6828,0.034646
2331.9157,0.034533
2332.1487,0.034419
2332.3817,0.034340
2332.6146,0.034315
2332.8476,0.034341
2333.0805,0.034394
2333.3135,0.034440
2333.5464,0.034456
2333.7794,0.034442
2334.0124,0.034416
2334.2453,0.034405
2334.4783,0.034428
2334.7112,0.034481
2334.9442,0.034546
2335.1772,0.034598
2335.4101,0.034622
2335.6431,0.034624
2335.8760,0.034630
2336.1090,0.034665
2336.3419,0.034745
2336.5749,0.034858
2336.8079,0.034973
2337.0408,0.035050
2337.2738,0.035064
2337.5067,0.035018
2337.7397,0.034945
2337.9727,0.034890
2338.2056,0.034890
2338.4386,0.034956
2338.6715,0.035070
2338.9045,0.035194
2339.1375,0.035292
2339.3704,0.035344
2339.6034,0.035358
2339.8363,0.035361
2340.0693,0.035381
2340.3022,0.035434
2340.5352,0.035517
2340.7682,0.035610
2341.0011,0.035689
2341.2341,0.035742
2341.4670,0.035772
2341.7000,0.035794
2341.9330,0.035823
2342.1659,0.035863
2342.3989,0.035906
2342.6318,0.035931
2342.8648,0.035922
2343.0977,0.035876
2343.3307,0.035806
2343.5637,0.035736
2343.7966,0.035688
2344.0296,0.035671
2344.2625,0.035675
2344.4955,0.035681
2344.7285,0.035668
2344.9614,0.035622
2345.1944,0.035547
2345.4273,0.035455
2345.6603,0.035361
2345.8933,0.035269
2346.1262,0.035170
2346.3592,0.035045
2346.5921,0.034877
2346.8251,0.034656
2347.0580,0.034389
2347.2910,0.034092
2347.5240,0.033787
2347.7569,0.033493
2347.9899,0.033220
2348.2228,0.032971
2348.4558,0.032746
2348.6888,0.032543
2348.9217,0.032364
2349.1547,0.032213
2349.3876,0.032091
2349.6206,0.031997
2349.8535,0.031927
2350.0865,0.031875
2350.3195,0.031836
2350.5524,0.031815
2350.7854,0.031821
2351.0183,0.031866
2351.2513,0.031961
2351.4843,0.032107
2351.7172,0.032293
2351.9502,0.032502
2352.1831,0.032710
2352.4161,0.032898
2352.6491,0.033055
2352.8820,0.033179
2353.1150,0.033277
2353.3479,0.033355
2353.5809,0.033423
2353.8138,0.033490
2354.0468,0.033565
2354.2798,0.033654
2354.5127,0.033765
2354.7457,0.033895
2354.9786,0.034033
2355.2116,0.034159
2355.4446,0.034255
2355.6775,0.034306
2355.9105,0.034315
2356.1434,0.034303
2356.3764,0.034298
2356.6093,0.034328
2356.8423,0.034405
2357.0753,0.034518
2357.3082,0.034643
2357.5412,0.034746
2357.7741,0.034808
2358.0071,0.034828
2358.2401,0.034826
2358.4730,0.034835
2358.7060,0.034880
2358.9389,0.034969
2359.1719,0.035086
2359.4049,0.035199
2359.6378,0.035275
2359.8708,0.035291
2360.1037,0.035244
2360.3367,0.035152
2360.5696,0.035041
2360.8026,0.034941
2361.0356,0.034873
2361.2685,0.034850
2361.5015,0.034877
2361.7344,0.034956
2361.9674,0.035082
2362.2004,0.035247
2362.4333,0.035428
2362.6663,0.035599
2362.8992,0.035726
2363.1322,0.035784
2363.3651,0.035766
2363.5981,0.035686
2363.8311,0.035582
2364.0640,0.035496
2364.2970,0.035464
2364.5299,0.035504
2364.7629,0.035613
2364.9959,0.035773
2365.2288,0.035959
2365.4618,0.036152
2365.6947,0.036339
2365.9277,0.036515
2366.1607,0.036673
2366.3936,0.036802
2366.6266,0.036887
2366.8595,0.036914
2367.0925,0.036880
2367.3254,0.036795
2367.5584,0.036683
2367.7914,0.036571
2368.0243,0.036480
2368.2573,0.036417
2368.4902,0.036375
2368.7232,0.036343
2368.9562,0.036312
2369.1891,0.036287
2369.4221,0.036283
2369.6550,0.036316
2369.8880,0.036398
2370.1209,0.036524
2370.3539,0.036676
2370.5869,0.036824
2370.8198,0.036944
2371.0528,0.037024
2371.2857,0.037068
2371.5187,0.037089
2371.7517,0.037106
2371.9846,0.037128
2372.2176,0.037155
2372.4505,0.037178
2372.6835,0.037185
2372.9165,0.037174
2373.1494,0.037149
2373.3824,0.037119
2373.6153,0.037097
2373.8483,0.037088
2374.0812,0.037090
2374.3142,0.037095
2374.5472,0.037096
2374.7801,0.037088
2375.0131,0.037071
2375.2460,0.037049
2375.4790,0.037024
2375.7120,0.036992
2375.9449,0.036947
2376.1779,0.036883
2376.4108,0.036798
2376.6438,0.036698
2376.8767,0.036599
2377.1097,0.036513
2377.3427,0.036450
2377.5756,0.036408
2377.8086,0.036376
2378.0415,0.036340
2378.2745,0.036288
2378.5075,0.036220
2378.7404,0.036143
2378.9734,0.036070
2379.2063,0.036013
2379.4393,0.035978
2379.6723,0.035959
2379.9052,0.035949
2380.1382,0.035937
2380.3711,0.035922
2380.6041,0.035903
2380.8370,0.035887
2381.0700,0.035875
2381.3030,0.035866
2381.5359,0.035850
2381.7689,0.035818
2382.0018,0.035765
2382.2348,0.035694
2382.4678,0.035619
2382.7007,0.035557
2382.9337,0.035524
2383.1666,0.035523
2383.3996,0.035549
2383.6325,0.035588
2383.8655,0.035624
2384.0985,0.035647
2384.3314,0.035653
2384.5644,0.035647
2384.7973,0.035637
2385.0303,0.035626
2385.2633,0.035614
2385.4962,0.035596
2385.7292,0.035567
2385.9621,0.035525
2386.1951,0.035475
2386.4281,0.035427
2386.6610,0.035390
2386.8940,0.035370
2387.1269,0.035365
2387.3599,0.035371
2387.5928,0.035383
2387.8258,0.035397
2388.0588,0.035413
2388.2917,0.035436
2388.5247,0.035466
2388.7576,0.035504
2388.9906,0.035543
2389.2236,0.035576
2389.4565,0.035600
2389.6895,0.035613
2389.9224,0.035620
2390.1554,0.035630
2390.3883,0.035646
2390.6213,0.035667
2390.8543,0.035685
2391.0872,0.035688
2391.3202,0.035668
2391.5531,0.035624
2391.7861,0.035564
2392.0191,0.035499
2392.2520,0.035445
2392.4850,0.035409
2392.7179,0.035393
2392.9509,0.035391
2393.1839,0.035393
2393.4168,0.035394
2393.6498,0.035392
2393.8827,0.035388
2394.1157,0.035386
2394.3486,0.035388
2394.5816,0.035392
2394.8146,0.035394
2395.0475,0.035392
2395.2805,0.035386
2395.5134,0.035379
2395.7464,0.035381
2395.9794,0.035396
2396.2123,0.035429
2396.4453,0.035473
2396.6782,0.035522
2396.9112,0.035566
2397.1441,0.035596
2397.3771,0.035611
2397.6101,0.035611
2397.8430,0.035601
2398.0760,0.035589
2398.3089,0.035578
2398.5419,0.035574
2398.7749,0.035579
2399.0078,0.035597
2399.2408,0.035628
2399.4737,0.035673
2399.7067,0.035727
2399.9396,0.035784
2400.1726,0.035836
2400.4056,0.035877
2400.6385,0.035905
2400.8715,0.035922
2401.1044,0.035932
2401.3374,0.035937
2401.5704,0.035935
2401.8033,0.035922
2402.0363,0.035893
2402.2692,0.035848
2402.5022,0.035798
2402.7352,0.035759
2402.9681,0.035748
2403.2011,0.035780
2403.4340,0.035853
2403.6670,0.035954
2403.8999,0.036056
2404.1329,0.036132
2404.3659,0.036162
2404.5988,0.036144
2404.8318,0.036090
2405.0647,0.036021
2405.2977,0.035963
2405.5307,0.035933
2405.7636,0.035938
2405.9966,0.035974
2406.2295,0.036035
2406.4625,0.036109
2406.6954,0.036191
2406.9284,0.036273
2407.1614,0.036350
2407.3943,0.036414
2407.6273,0.036455
2407.8602,0.036469
2408.0932,0.036454
2408.3262,0.036421
2408.5591,0.036384
2408.7921,0.036359
2409.0250,0.036355
2409.2580,0.036373
2409.4910,0.036400
2409.7239,0.036422
2409.9569,0.036425
2410.1898,0.036403
2410.4228,0.036361
2410.6557,0.036308
2410.8887,0.036257
2411.1217,0.036215
2411.3546,0.036182
2411.5876,0.036156
2411.8205,0.036135
2412.0535,0.036119
2412.2865,0.036118
2412.5194,0.036140
2412.7524,0.036194
2412.9853,0.036281
2413.2183,0.036393
2413.4512,0.036513
2413.6842,0.036624
2413.9172,0.036712
2414.1501,0.036767
2414.3831,0.036790
2414.6160,0.036786
2414.8490,0.036764
2415.0820,0.036732
2415.3149,0.036695
2415.5479,0.036659
2415.7808,0.036628
2416.0138,0.036604
2416.2468,0.036588
2416.4797,0.036580
2416.7127,0.036576
2416.9456,0.036575
2417.1786,0.036574
2417.4115,0.036579
2417.6445,0.036593
2417.8775,0.036621
2418.1104,0.036665
2418.3434,0.036719
2418.5763,0.036771
2418.8093,0.036810
2419.0423,0.036825
2419.2752,0.036817
2419.5082,0.036796
2419.7411,0.036775
2419.9741,0.036767
2420.2070,0.036779
2420.4400,0.036803
2420.6730,0.036828
2420.9059,0.036838
2421.1389,0.036823
2421.3718,0.036784
2421.6048,0.036731
2421.8378,0.036679
2422.0707,0.036642
2422.3037,0.036626
2422.5366,0.036630
2422.7696,0.036645
2423.0026,0.036666
2423.2355,0.036688
2423.4685,0.036712
2423.7014,0.036740
2423.9344,0.036773
2424.1673,0.036808
2424.4003,0.036837
2424.6333,0.036853
2424.8662,0.036852
2425.0992,0.036836
2425.3321,0.036816
2425.5651,0.036803
2425.7981,0.036806
2426.0310,0.036827
2426.2640,0.036859
2426.4969,0.036892
2426.7299,0.036917
2426.9628,0.036931
2427.1958,0.036937
2427.4288,0.036944
2427.6617,0.036962
2427.8947,0.036998
2428.1276,0.037054
2428.3606,0.037126
2428.5936,0.037208
2428.8265,0.037294
2429.0595,0.037380
2429.2924,0.037460
2429.5254,0.037529
2429.7584,0.037582
2429.9913,0.037614
2430.2243,0.037624
2430.4572,0.037615
2430.6902,0.037595
2430.9231,0.037573
2431.1561,0.037559
2431.3891,0.037554
2431.6220,0.037558
2431.8550,0.037562
2432.0879,0.037560
2432.3209,0.037551
2432.5539,0.037536
2432.7868,0.037523
2433.0198,0.037519
2433.2527,0.037525
2433.4857,0.037540
2433.7186,0.037556
2433.9516,0.037565
2434.1846,0.037565
2434.4175,0.037556
2434.6505,0.037546
2434.8834,0.037542
2435.1164,0.037548
2435.3494,0.037564
2435.5823,0.037587
2435.8153,0.037614
2436.0482,0.037644
2436.2812,0.037678
2436.5142,0.037720
2436.7471,0.037771
2436.9801,0.037828
2437.2130,0.037883
2437.4460,0.037926
2437.6789,0.037950
2437.9119,0.037954
2438.1449,0.037945
2438.3778,0.037933
2438.6108,0.037929
2438.8437,0.037935
2439.0767,0.037950
2439.3097,0.037968
2439.5426,0.037985
2439.7756,0.038001
2440.0085,0.038021
2440.2415,0.038052
2440.4744,0.038099
2440.7074,0.038160
2440.9404,0.038224
2441.1733,0.038279
2441.4063,0.038313
2441.6392,0.038325
2441.8722,0.038321
2442.1052,0.038313
2442.3381,0.038312
2442.5711,0.038322
2442.8040,0.038338
2443.0370,0.038349
2443.2700,0.038347
2443.5029,0.038327
2443.7359,0.038297
2443.9688,0.038267
2444.2018,0.038246
2444.4347,0.038236
2444.6677,0.038228
2444.9007,0.038210
2445.1336,0.038170
2445.3666,0.038107
2445.5995,0.038032
2445.8325,0.037967
2446.0655,0.037931
2446.2984,0.037938
2446.5314,0.037983
2446.7643,0.038051
2446.9973,0.038119
2447.2302,0.038169
2447.4632,0.038193
2447.6962,0.038196
2447.9291,0.038192
2448.1621,0.038197
2448.3950,0.038217
2448.6280,0.038255
2448.8610,0.038299
2449.0939,0.038341
2449.3269,0.038371
2449.5598,0.038384
2449.7928,0.038380
2450.0258,0.038362
2450.2587,0.038331
2450.4917,0.038288
2450.7246,0.038236
2450.9576,0.038182
2451.1905,0.038135
2451.4235,0.038107
2451.6565,0.038106
2451.8894,0.038135
2452.1224,0.038187
2452.3553,0.038249
2452.5883,0.038309
2452.8213,0.038355
2453.0542,0.038386
2453.2872,0.038403
2453.5201,0.038412
2453.7531,0.038417
2453.9860,0.038421
2454.2190,0.038421
2454.4520,0.038420
2454.6849,0.038421
2454.9179,0.038432
2455.1508,0.038462
2455.3838,0.038514
2455.6168,0.038582
2455.8497,0.038652
2456.0827,0.038703
2456.3156,0.038721
2456.5486,0.038698
2456.7816,0.038644
2457.0145,0.038579
2457.2475,0.038527
2457.4804,0.038506
2457.7134,0.038525
2457.9463,0.038579
2458.1793,0.038653
2458.4123,0.038731
2458.6452,0.038801
2458.8782,0.038853
2459.1111,0.038885
2459.3441,0.038895
2459.5771,0.038883
2459.8100,0.038849
2460.0430,0.038795
2460.2759,0.038730
2460.5089,0.038667
2460.7418,0.038619
2460.9748,0.038598
2461.2078,0.038607
2461.4407,0.038638
2461.6737,0.038676
2461.9066,0.038706
2462.1396,0.038716
2462.3726,0.038705
2462.6055,0.038682
2462.8385,0.038658
2463.0714,0.038644
2463.3044,0.038644
2463.5374,0.038657
2463.7703,0.038675
2464.0033,0.038693
2464.2362,0.038705
2464.4692,0.038714
2464.7021,0.038722
2464.9351,0.038730
2465.1681,0.038740
2465.4010,0.038749
2465.6340,0.038755
2465.8669,0.038758
2466.0999,0.038760
2466.3329,0.038766
2466.5658,0.038778
2466.7988,0.038794
2467.0317,0.038810
2467.2647,0.038816
2467.4976,0.038808
2467.7306,0.038784
2467.9636,0.038749
2468.1965,0.038712
2468.4295,0.038683
2468.6624,0.038667
2468.8954,0.038667
2469.1284,0.038682
2469.3613,0.038710
2469.5943,0.038753
2469.8272,0.038812
2470.0602,0.038886
2470.2932,0.038968
2470.5261,0.039046
2470.7591,0.039105
2470.9920,0.039131
2471.2250,0.039121
2471.4579,0.039083
2471.6909,0.039034
2471.9239,0.038998
2472.1568,0.038990
2472.3898,0.039014
2472.6227,0.039063
2472.8557,0.039117
2473.0887,0.039159
2473.3216,0.039179
2473.5546,0.039175
2473.7875,0.039159
2474.0205,0.039141
2474.2534,0.039130
2474.4864,0.039126
2474.7194,0.039125
2474.9523,0.039119
2475.1853,0.039106
2475.4182,0.039088
2475.6512,0.039070
2475.8842,0.039055
2476.1171,0.039043
2476.3501,0.039027
2476.5830,0.039000
2476.8160,0.038960
2477.0490,0.038911
2477.2819,0.038868
2477.5149,0.038846
2477.7478,0.038856
2477.9808,0.038897
2478.2137,0.038955
2478.4467,0.039013
2478.6797,0.039053
2478.9126,0.039069
2479.1456,0.039068
2479.3785,0.039066
2479.6115,0.039078
2479.8445,0.039112
2480.0774,0.039164
2480.3104,0.039218
2480.5433,0.039261
2480.7763,0.039281
2481.0092,0.039283
2481.2422,0.039279
2481.4752,0.039284
2481.7081,0.039308
2481.9411,0.039351
2482.1740,0.039402
2482.4070,0.039449
2482.6400,0.039482
2482.8729,0.039501
2483.1059,0.039517
2483.3388,0.039540
2483.5718,0.039579
2483.8048,0.039633
2484.0377,0.039693
2484.2707,0.039744
2484.5036,0.039774
2484.7366,0.039779
2484.9695,0.039762
2485.2025,0.039734
2485.4355,0.039702
2485.6684,0.039673
2485.9014,0.039646
2486.1343,0.039623
2486.3673,0.039601
2486.6003,0.039585
2486.8332,0.039579
2487.0662,0.039585
2487.2991,0.039598
2487.5321,0.039612
2487.7650,0.039616
2487.9980,0.039607
2488.2310,0.039589
2488.4639,0.039576
2488.6969,0.039583
2488.9298,0.039623
2489.1628,0.039694
2489.3958,0.039780
2489.6287,0.039859
2489.8617,0.039909
2490.0946,0.039918
2490.3276,0.039893
2490.5606,0.039856
2490.7935,0.039832
2491.0265,0.039841
2491.2594,0.039889
2491.4924,0.039964
2491.7253,0.040048
2491.9583,0.040119
2492.1913,0.040165
2492.4242,0.040181
2492.6572,0.040176
2492.8901,0.040160
2493.1231,0.040140
2493.3561,0.040121
2493.5890,0.040107
2493.8220,0.040100
2494.0549,0.040106
2494.2879,0.040131
2494.5208,0.040182
2494.7538,0.040254
2494.9868,0.040338
2495.2197,0.040417
2495.4527,0.040474
2495.6856,0.040501
2495.9186,0.040500
2496.1516,0.040481
2496.3845,0.040460
2496.6175,0.040447
2496.8504,0.040444
2497.0834,0.040444
2497.3164,0.040438
2497.5493,0.040418
2497.7823,0.040386
2498.0152,0.040353
2498.2482,0.040331
2498.4811,0.040332
2498.7141,0.040360
2498.9471,0.040409
2499.1800,0.040470
2499.4130,0.040531
2499.6459,0.040589
2499.8789,0.040643
2500.1119,0.040696
2500.3448,0.040750
2500.5778,0.040802
2500.8107,0.040846
2501.0437,0.040875
2501.2766,0.040883
2501.5096,0.040873
2501.7426,0.040851
2501.9755,0.040825
2502.2085,0.040798
2502.4414,0.040769
2502.6744,0.040731
2502.9074,0.040677
2503.1403,0.040610
2503.3733,0.040537
2503.6062,0.040473
2503.8392,0.040435
2504.0722,0.040432
2504.3051,0.040463
2504.5381,0.040518
2504.7710,0.040583
2505.0040,0.040643
2505.2369,0.040691
2505.4699,0.040728
2505.7029,0.040759
2505.9358,0.040786
2506.1688,0.040812
2506.4017,0.040830
2506.6347,0.040837
2506.8677,0.040833
2507.1006,0.040822
2507.3336,0.040817
2507.5665,0.040830
2507.7995,0.040870
2508.0324,0.040936
2508.2654,0.041021
2508.4984,0.041114
2508.7313,0.041205
2508.9643,0.041287
2509.1972,0.041361
2509.4302,0.041424
2509.6632,0.041475
2509.8961,0.041503
2510.1291,0.041497
2510.3620,0.041447
2510.5950,0.041352
2510.8280,0.041225
2511.0609,0.041086
2511.2939,0.040966
2511.5268,0.040889
2511.7598,0.040868
2511.9927,0.040905
2512.2257,0.040987
2512.4587,0.041096
2512.6916,0.041211
2512.9246,0.041316
2513.1575,0.041398
2513.3905,0.041451
2513.6235,0.041474
2513.8564,0.041468
2514.0894,0.041440
2514.3223,0.041401
2514.5553,0.041365
2514.7882,0.041342
2515.0212,0.041338
2515.2542,0.041349
2515.4871,0.041366
2515.7201,0.041373
2515.9530,0.041361
2516.1860,0.041327
2516.4190,0.041282
2516.6519,0.041240
2516.8849,0.041218
2517.1178,0.041228
2517.3508,0.041268
2517.5838,0.041329
2517.8167,0.041398
2518.0497,0.041464
2518.2826,0.041520
2518.5156,0.041568
2518.7485,0.041613
2518.9815,0.041657
2519.2145,0.041700
2519.4474,0.041735
2519.6804,0.041752
2519.9133,0.041747
2520.1463,0.041720
2520.3793,0.041678
2520.6122,0.041634
2520.8452,0.041599
2521.0781,0.041582
2521.3111,0.041586
2521.5440,0.041609
2521.7770,0.041648
2522.0100,0.041699
2522.2429,0.041756
2522.4759,0.041811
2522.7088,0.041856
2522.9418,0.041882
2523.1748,0.041884
2523.4077,0.041865
2523.6407,0.041832
2523.8736,0.041803
2524.1066,0.041793
2524.3396,0.041812
2524.5725,0.041860
2524.8055,0.041925
2525.0384,0.041988
2525.2714,0.042033
2525.5043,0.042046
2525.7373,0.042028
2525.9703,0.041987
2526.2032,0.041936
2526.4362,0.041885
2526.6691,0.041840
2526.9021,0.041803
2527.1351,0.041772
2527.3680,0.041747
2527.6010,0.041729
2527.8339,0.041722
2528.0669,0.041729
2528.2998,0.041748
2528.5328,0.041776
2528.7658,0.041806
2528.9987,0.041834
2529.2317,0.041860
2529.4646,0.041889
2529.6976,0.041928
2529.9306,0.041977
2530.1635,0.042035
2530.3965,0.042091
2530.6294,0.042136
2530.8624,0.042165
2531.0954,0.042178
2531.3283,0.042185
2531.5613,0.042198
2531.7942,0.042225
2532.0272,0.042267
2532.2601,0.042311
2532.4931,0.042345
2532.7261,0.042357
2532.9590,0.042345
2533.1920,0.042317
2533.4249,0.042291
2533.6579,0.042282
2533.8909,0.042299
2534.1238,0.042340
2534.3568,0.042393
2534.5897,0.042444
2534.8227,0.042481
2535.0556,0.042501
2535.2886,0.042511
2535.5216,0.042521
2535.7545,0.042537
2535.9875,0.042563
2536.2204,0.042595
2536.4534,0.042630
2536.6864,0.042662
2536.9193,0.042691
2537.1523,0.042721
2537.3852,0.042755
2537.6182,0.042793
2537.8511,0.042834
2538.0841,0.042872
2538.3171,0.042905
2538.5500,0.042931
2538.7830,0.042957
2539.0159,0.042986
2539.2489,0.043020
2539.4819,0.043056
2539.7148,0.043082
2539.9478,0.043089
2540.1807,0.043069
2540.4137,0.043028
2540.6467,0.042979
2540.8796,0.042942
2541.1126,0.042934
2541.3455,0.042963
2541.5785,0.043024
2541.8114,0.043105
2542.0444,0.043189
2542.2774,0.043265
2542.5103,0.043327
2542.7433,0.043378
2542.9762,0.043423
2543.2092,0.043467
2543.4422,0.043509
2543.6751,0.043544
2543.9081,0.043569
2544.1410,0.043581
2544.3740,0.043582
2544.6069,0.043577
2544.8399,0.043571
2545.0729,0.043563
2545.3058,0.043551
2545.5388,0.043532
2545.7717,0.043505
2546.0047,0.043478
2546.2377,0.043464
2546.4706,0.043473
2546.7036,0.043512
2546.9365,0.043576
2547.1695,0.043649
2547.4025,0.043710
2547.6354,0.043742
2547.8684,0.043741
2548.1013,0.043714
2548.3343,0.043682
2548.5672,0.043666
2548.8002,0.043683
2549.0332,0.043737
2549.2661,0.043821
2549.4991,0.043920
2549.7320,0.044017
2549.9650,0.044096
2550.1980,0.044148
2550.4309,0.044169
2550.6639,0.044157
2550.8968,0.044114
2551.1298,0.044046
2551.3627,0.043968
2551.5957,0.043896
2551.8287,0.043851
2552.0616,0.043846
2552.2946,0.043884
2552.5275,0.043951
2552.7605,0.044022
2552.9935,0.044070
2553.2264,0.044075
2553.4594,0.044032
2553.6923,0.043955
2553.9253,0.043869
2554.1583,0.043799
2554.3912,0.043762
2554.6242,0.043761
2554.8571,0.043784
2555.0901,0.043816
2555.3230,0.043845
2555.5560,0.043866
2555.7890,0.043883
2556.0219,0.043903
2556.2549,0.043933
2556.4878,0.043974
2556.7208,0.044019
2556.9538,0.044063
2557.1867,0.044099
2557.4197,0.044127
2557.6526,0.044146
2557.8856,0.044159
2558.1185,0.044164
2558.3515,0.044157
2558.5845,0.044132
2558.8174,0.044089
2559.0504,0.044031
2559.2833,0.043971
2559.5163,0.043920
2559.7493,0.043889
2559.9822,0.043877
2560.2152,0.043876
2560.4481,0.043873
2560.6811,0.043861
2560.9141,0.043838
2561.1470,0.043813
2561.3800,0.043802
2561.6129,0.043815
2561.8459,0.043857
2562.0788,0.043918
2562.3118,0.043984
2562.5448,0.044040
2562.7777,0.044076
2563.0107,0.044092
2563.2436,0.044097
2563.4766,0.044101
2563.7096,0.044111
2563.9425,0.044125
2564.1755,0.044137
2564.4084,0.044137
2564.6414,0.044120
2564.8743,0.044088
2565.1073,0.044045
2565.3403,0.043996
2565.5732,0.043944
2565.8062,0.043887
2566.0391,0.043823
2566.2721,0.043753
2566.5051,0.043685
2566.7380,0.043631
2566.9710,0.043605
2567.2039,0.043612
2567.4369,0.043650
2567.6699,0.043702
2567.9028,0.043749
2568.1358,0.043776
2568.3687,0.043777
2568.6017,0.043760
2568.8346,0.043742
2569.0676,0.043737
2569.3006,0.043754
2569.5335,0.043790
2569.7665,0.043832
2569.9994,0.043866
2570.2324,0.043881
2570.4654,0.043880
2570.6983,0.043870
2570.9313,0.043864
2571.1642,0.043869
2571.3972,0.043884
2571.6301,0.043902
2571.8631,0.043910
2572.0961,0.043903
2572.3290,0.043880
2572.5620,0.043845
2572.7949,0.043809
2573.0279,0.043779
2573.2609,0.043757
2573.4938,0.043742
2573.7268,0.043736
2573.9597,0.043740
2574.1927,0.043759
2574.4257,0.043800
2574.6586,0.043864
2574.8916,0.043944
2575.1245,0.044028
2575.3575,0.044095
2575.5904,0.044133
2575.8234,0.044135
2576.0564,0.044107
2576.2893,0.044065
2576.5223,0.044022
2576.7552,0.043989
2576.9882,0.043967
2577.2212,0.043950
2577.4541,0.043930
2577.6871,0.043902
2577.9200,0.043868
2578.1530,0.043835
2578.3859,0.043814
2578.6189,0.043810
2578.8519,0.043823
2579.0848,0.043848
2579.3178,0.043878
2579.5507,0.043908
2579.7837,0.043939
2580.0167,0.043973
2580.2496,0.044012
2580.4826,0.044057
2580.7155,0.044102
2580.9485,0.044139
2581.1815,0.044163
2581.4144,0.044177
2581.6474,0.044185
2581.8803,0.044198
2582.1133,0.044221
2582.3462,0.044253
2582.5792,0.044286
2582.8122,0.044308
2583.0451,0.044313
2583.2781,0.044300
2583.5110,0.044279
2583.7440,0.044265
2583.9770,0.044273
2584.2099,0.044305
2584.4429,0.044355
2584.6758,0.044406
2584.9088,0.044441
2585.1417,0.044445
2585.3747,0.044417
2585.6077,0.044363
2585.8406,0.044297
2586.0736,0.044233
2586.3065,0.044182
2586.5395,0.044148
2586.7725,0.044135
2587.0054,0.044142
2587.2384,0.044169
2587.4713,0.044214
2587.7043,0.044269
2587.9373,0.044325
2588.1702,0.044370
2588.4032,0.044394
2588.6361,0.044396
2588.8691,0.044386
2589.1020,0.044380
2589.3350,0.044395
2589.5680,0.044440
2589.8009,0.044512
2590.0339,0.044595
2590.2668,0.044668
2590.4998,0.044712
2590.7328,0.044719
2590.9657,0.044696
2591.1987,0.044661
2591.4316,0.044632
2591.6646,0.044620
2591.8975,0.044628
2592.1305,0.044644
2592.3635,0.044659
2592.5964,0.044664
2592.8294,0.044661
2593.0623,0.044659
2593.2953,0.044672
2593.5283,0.044707
2593.7612,0.044762
2593.9942,0.044827
2594.2271,0.044887
2594.4601,0.044931
2594.6931,0.044956
2594.9260,0.044965
2595.1590,0.044970
2595.3919,0.044981
2595.6249,0.045002
2595.8578,0.045031
2596.0908,0.045059
2596.3238,0.045080
2596.5567,0.045087
2596.7897,0.045081
2597.0226,0.045064
2597.2556,0.045040
2597.4886,0.045015
2597.7215,0.044989
2597.9545,0.044965
2598.1874,0.044945
2598.4204,0.044934
2598.6533,0.044934
2598.8863,0.044945
2599.1193,0.044963
2599.3522,0.044981
2599.5852,0.044991
2599.8181,0.044990
2600.0511,0.044980
2600.2841,0.044969
2600.5170,0.044970
2600.7500,0.044993
2600.9829,0.045040
2601.2159,0.045108
2601.4489,0.045188
2601.6818,0.045267
2601.9148,0.045335
2602.1477,0.045387
2602.3807,0.045421
2602.6136,0.045441
2602.8466,0.045446
2603.0796,0.045440
2603.3125,0.045423
2603.5455,0.045402
2603.7784,0.045383
2604.0114,0.045377
2604.2444,0.045388
2604.4773,0.045419
2604.7103,0.045461
2604.9432,0.045503
2605.1762,0.045530
2605.4091,0.045535
2605.6421,0.045520
2605.8751,0.045496
2606.1080,0.045475
2606.3410,0.045473
2606.5739,0.045492
2606.8069,0.045530
2607.0399,0.045577
2607.2728,0.045622
2607.5058,0.045657
2607.7387,0.045683
2607.9717,0.045702
2608.2047,0.045719
2608.4376,0.045736
2608.6706,0.045752
2608.9035,0.045762
2609.1365,0.045763
2609.3694,0.045754
2609.6024,0.045738
2609.8354,0.045720
2610.0683,0.045702
2610.3013,0.045685
2610.5342,0.045666
2610.7672,0.045642
2611.0002,0.045615
2611.2331,0.045592
2611.4661,0.045583
2611.6990,0.045599
2611.9320,0.045642
2612.1649,0.045708
2612.3979,0.045782
2612.6309,0.045849
2612.8638,0.045898
2613.0968,0.045925
2613.3297,0.045935
2613.5627,0.045937
2613.7957,0.045941
2614.0286,0.045951
2614.2616,0.045965
2614.4945,0.045977
2614.7275,0.045985
2614.9605,0.045990
2615.1934,0.045997
2615.4264,0.046013
2615.6593,0.046041
2615.8923,0.046075
2616.1252,0.046106
2616.3582,0.046121
2616.5912,0.046114
2616.8241,0.046086
2617.0571,0.046049
2617.2900,0.046018
2617.5230,0.046007
2617.7560,0.046018
2617.9889,0.046048
2618.2219,0.046088
2618.4548,0.046130
2618.6878,0.046170
2618.9207,0.046214
2619.1537,0.046266
2619.3867,0.046329
2619.6196,0.046398
2619.8526,0.046459
2620.0855,0.046496
2620.3185,0.046498
2620.5515,0.046465
2620.7844,0.046407
2621.0174,0.046344
2621.2503,0.046292
2621.4833,0.046261
2621.7163,0.046250
2621.9492,0.046247
2622.1822,0.046243
2622.4151,0.046232
2622.6481,0.046217
2622.8810,0.046208
2623.1140,0.046216
2623.3470,0.046247
2623.5799,0.046296
2623.8129,0.046354
2624.0458,0.046406
2624.2788,0.046444
2624.5118,0.046470
2624.7447,0.046491
2624.9777,0.046516
2625.2106,0.046552
2625.4436,0.046598
2625.6765,0.046645
2625.9095,0.046682
2626.1425,0.046701
2626.3754,0.046702
2626.6084,0.046689
2626.8413,0.046671
2627.0743,0.046655
2627.3073,0.046643
2627.5402,0.046634
2627.7732,0.046623
2628.0061,0.046610
2628.2391,0.046596
2628.4721,0.046588
2628.7050,0.046592
2628.9380,0.046609
2629.1709,0.046636
2629.4039,0.046664
2629.6368,0.046685
2629.8698,0.046696
2630.1028,0.046698
2630.3357,0.046698
2630.5687,0.046705
2630.8016,0.046722
2631.0346,0.046746
2631.2676,0.046769
2631.5005,0.046781
2631.7335,0.046775
2631.9664,0.046752
2632.1994,0.046719
2632.4323,0.046686
2632.6653,0.046661
2632.8983,0.046647
2633.1312,0.046643
2633.3642,0.046643
2633.5971,0.046642
2633.8301,0.046638
2634.0631,0.046634
2634.2960,0.046632
2634.5290,0.046637
2634.7619,0.046650
2634.9949,0.046669
2635.2279,0.046691
2635.4608,0.046714
2635.6938,0.046735
2635.9267,0.046755
2636.1597,0.046770
2636.3926,0.046777
2636.6256,0.046772
2636.8586,0.046753
2637.0915,0.046719
2637.3245,0.046679
2637.5574,0.046642
2637.7904,0.046620
2638.0234,0.046619
2638.2563,0.046637
2638.4893,0.046665
2638.7222,0.046688
2638.9552,0.046696
2639.1881,0.046684
2639.4211,0.046657
2639.6541,0.046627
2639.8870,0.046609
2640.1200,0.046611
2640.3529,0.046634
2640.5859,0.046670
2640.8189,0.046708
2641.0518,0.046734
2641.2848,0.046744
2641.5177,0.046737
2641.7507,0.046719
2641.9837,0.046695
2642.2166,0.046671
2642.4496,0.046651
2642.6825,0.046633
2642.9155,0.046619
2643.1484,0.046607
2643.3814,0.046597
2643.6144,0.046587
2643.8473,0.046575
2644.0803,0.046556
2644.3132,0.046527
2644.5462,0.046487
2644.7792,0.046441
2645.0121,0.046399
2645.2451,0.046369
2645.4780,0.046357
2645.7110,0.046363
2645.9439,0.046379
2646.1769,0.046394
2646.4099,0.046396
2646.6428,0.046379
2646.8758,0.046346
2647.1087,0.046301
2647.3417,0.046257
2647.5747,0.046220
2647.8076,0.046197
2648.0406,0.046186
2648.2735,0.046185
2648.5065,0.046193
2648.7395,0.046207
2648.9724,0.046228
2649.2054,0.046255
2649.4383,0.046285
2649.6713,0.046313
2649.9042,0.046332
2650.1372,0.046338
2650.3702,0.046329
2650.6031,0.046308
2650.8361,0.046285
2651.0690,0.046264
2651.3020,0.046250
2651.5350,0.046243
2651.7679,0.046236
2652.0009,0.046225
2652.2338,0.046205
2652.4668,0.046178
2652.6997,0.046148
2652.9327,0.046122
2653.1657,0.046105
2653.3986,0.046099
2653.6316,0.046102
2653.8645,0.046109
2654.0975,0.046117
2654.3305,0.046122
2654.5634,0.046120
2654.7964,0.046110
2655.0293,0.046092
2655.2623,0.046063
2655.4953,0.046024
2655.7282,0.045979
2655.9612,0.045932
2656.1941,0.045891
2656.4271,0.045861
2656.6600,0.045847
2656.8930,0.045847
2657.1260,0.045855
2657.3589,0.045865
2657.5919,0.045872
2657.8248,0.045873
2658.0578,0.045871
2658.2908,0.045870
2658.5237,0.045872
2658.7567,0.045877
2658.9896,0.045882
2659.2226,0.045881
2659.4555,0.045872
2659.6885,0.045855
2659.9215,0.045832
2660.1544,0.045810
2660.3874,0.045793
2660.6203,0.045779
2660.8533,0.045766
2661.0863,0.045748
2661.3192,0.045722
2661.5522,0.045688
2661.7851,0.045650
2662.0181,0.045615
2662.2511,0.045590
2662.4840,0.045574
2662.7170,0.045568
2662.9499,0.045564
2663.1829,0.045560
2663.4158,0.045554
2663.6488,0.045551
2663.8818,0.045555
2664.1147,0.045569
2664.3477,0.045593
2664.5806,0.045621
2664.8136,0.045642
2665.0466,0.045648
2665.2795,0.045636
2665.5125,0.045608
2665.7454,0.045573
2665.9784,0.045537
2666.2113,0.045507
2666.4443,0.045484
2666.6773,0.045464
2666.9102,0.045442
2667.1432,0.045414
2667.3761,0.045381
2667.6091,0.045348
2667.8421,0.045321
2668.0750,0.045306
2668.3080,0.045304
2668.5409,0.045314
2668.7739,0.045331
2669.0069,0.045350
2669.2398,0.045369
2669.4728,0.045387
2669.7057,0.045403
2669.9387,0.045418
2670.1716,0.045431
2670.4046,0.045441
2670.6376,0.045447
2670.8705,0.045451
2671.1035,0.045457
2671.3364,0.045468
2671.5694,0.045487
2671.8024,0.045513
2672.0353,0.045543
2672.2683,0.045569
2672.5012,0.045590
2672.7342,0.045602
2672.9671,0.045609
2673.2001,0.045615
2673.4331,0.045624
2673.6660,0.045639
2673.8990,0.045657
2674.1319,0.045674
2674.3649,0.045684
2674.5979,0.045686
2674.8308,0.045677
2675.0638,0.045662
2675.2967,0.045641
2675.5297,0.045618
2675.7626,0.045594
2675.9956,0.045570
2676.2286,0.045547
2676.4615,0.045531
2676.6945,0.045525
2676.9274,0.045535
2677.1604,0.045562
2677.3934,0.045602
2677.6263,0.045648
2677.8593,0.045691
2678.0922,0.045726
2678.3252,0.045748
2678.5582,0.045761
2678.7911,0.045768
2679.0241,0.045771
2679.2570,0.045771
2679.4900,0.045765
2679.7229,0.045749
2679.9559,0.045721
2680.1889,0.045685
2680.4218,0.045646
2680.6548,0.045615
2680.8877,0.045599
2681.1207,0.045603
2681.3537,0.045624
2681.5866,0.045655
2681.8196,0.045688
2682.0525,0.045718
2682.2855,0.045743
2682.5184,0.045762
2682.7514,0.045779
2682.9844,0.045794
2683.2173,0.045806
2683.4503,0.045813
2683.6832,0.045812
2683.9162,0.045804
2684.1492,0.045790
2684.3821,0.045775
2684.6151,0.045761
2684.8480,0.045748
2685.0810,0.045736
2685.3140,0.045723
2685.5469,0.045708
2685.7799,0.045694
2686.0128,0.045686
2686.2458,0.045686
2686.4787,0.045695
2686.7117,0.045708
2686.9447,0.045718
2687.1776,0.045715
2687.4106,0.045695
2687.6435,0.045659
2687.8765,0.045614
2688.1095,0.045574
2688.3424,0.045547
2688.5754,0.045538
2688.8083,0.045546
2689.0413,0.045564
2689.2742,0.045583
2689.5072,0.045599
2689.7402,0.045608
2689.9731,0.045613
2690.2061,0.045617
2690.4390,0.045621
2690.6720,0.045625
2690.9050,0.045627
2691.1379,0.045624
2691.3709,0.045615
2691.6038,0.045603
2691.8368,0.045590
2692.0698,0.045581
2692.3027,0.045576
2692.5357,0.045574
2692.7686,0.045572
2693.0016,0.045571
2693.2345,0.045574
2693.4675,0.045585
2693.7005,0.045609
2693.9334,0.045646
2694.1664,0.045693
2694.3993,0.045740
2694.6323,0.045774
2694.8653,0.045788
2695.0982,0.045781
2695.3312,0.045759
2695.5641,0.045734
2695.7971,0.045716
2696.0300,0.045712
2696.2630,0.045723
2696.4960,0.045741
2696.7289,0.045758
2696.9619,0.045766
2697.1948,0.045764
2697.4278,0.045754
2697.6608,0.045741
2697.8937,0.045732
2698.1267,0.045728
2698.3596,0.045730
2698.5926,0.045736
2698.8256,0.045745
2699.0585,0.045758
2699.2915,0.045776
2699.5244,0.045800
2699.7574,0.045829
2699.9903,0.045861
2700.2233,0.045888
2700.4563,0.045908
2700.6892,0.045919
2700.9222,0.045922
2701.1551,0.045922
2701.3881,0.045921
2701.6211,0.045918
2701.8540,0.045912
2702.0870,0.045895
2702.3199,0.045865
2702.5529,0.045820
2702.7858,0.045765
2703.0188,0.045710
2703.2518,0.045664
2703.4847,0.045633
2703.7177,0.045618
2703.9506,0.045620
2704.1836,0.045631
2704.4166,0.045648
2704.6495,0.045668
2704.8825,0.045688
2705.1154,0.045706
2705.3484,0.045721
2705.5814,0.045729
2705.8143,0.045728
2706.0473,0.045718
2706.2802,0.045700
2706.5132,0.045681
2706.7461,0.045665
2706.9791,0.045659
2707.2121,0.045661
2707.4450,0.045668
2707.6780,0.045674
2707.9109,0.045674
2708.1439,0.045668
2708.3769,0.045659
2708.6098,0.045652
2708.8428,0.045652
2709.0757,0.045662
2709.3087,0.045679
2709.5416,0.045697
2709.7746,0.045712
2710.0076,0.045721
2710.2405,0.045726
2710.4735,0.045730
2710.7064,0.045737
2710.9394,0.045751
2711.1724,0.045770
2711.4053,0.045791
2711.6383,0.045813
2711.8712,0.045832
2712.1042,0.045851
2712.3372,0.045872
2712.5701,0.045896
2712.8031,0.045924
2713.0360,0.045950
2713.2690,0.045970
2713.5019,0.045978
2713.7349,0.045974
2713.9679,0.045959
2714.2008,0.045937
2714.4338,0.045914
2714.6667,0.045891
2714.8997,0.045868
2715.1327,0.045841
2715.3656,0.045810
2715.5986,0.045774
2715.8315,0.045738
2716.0645,0.045708
2716.2974,0.045689
2716.5304,0.045685
2716.7634,0.045696
2716.9963,0.045716
2717.2293,0.045742
2717.4622,0.045771
2717.6952,0.045802
2717.9282,0.045834
2718.1611,0.045867
2718.3941,0.045900
2718.6270,0.045928
2718.8600,0.045946
2719.0930,0.045952
2719.3259,0.045944
2719.5589,0.045925
2719.7918,0.045899
2720.0248,0.045869
2720.2577,0.045838
2720.4907,0.045806
2720.7237,0.045774
2720.9566,0.045744
2721.1896,0.045722
2721.4225,0.045714
2721.6555,0.045726
2721.8885,0.045759
2722.1214,0.045809
2722.3544,0.045867
2722.5873,0.045924
2722.8203,0.045972
2723.0532,0.046005
2723.2862,0.046025
2723.5192,0.046038
2723.7521,0.046045
2723.9851,0.046050
2724.2180,0.046051
2724.4510,0.046046
2724.6840,0.046034
2724.9169,0.046017
2725.1499,0.046001
2725.3828,0.045995
2725.6158,0.046003
2725.8488,0.046028
2726.0817,0.046066
2726.3147,0.046111
2726.5476,0.046156
2726.7806,0.046200
2727.0135,0.046240
2727.2465,0.046279
2727.4795,0.046315
2727.7124,0.046346
2727.9454,0.046366
2728.1783,0.046368
2728.4113,0.046350
2728.6443,0.046316
2728.8772,0.046273
2729.1102,0.046235
2729.3431,0.046211
2729.5761,0.046206
2729.8090,0.046217
2730.0420,0.046236
2730.2750,0.046252
2730.5079,0.046258
2730.7409,0.046249
2730.9738,0.046227
2731.2068,0.046197
2731.4398,0.046163
2731.6727,0.046127
2731.9057,0.046093
2732.1386,0.046059
2732.3716,0.046028
2732.6046,0.046001
2732.8375,0.045981
2733.0705,0.045968
2733.3034,0.045962
2733.5364,0.045957
2733.7693,0.045950
2734.0023,0.045940
2734.2353,0.045928
2734.4682,0.045921
2734.7012,0.045924
2734.9341,0.045941
2735.1671,0.045971
2735.4001,0.046007
2735.6330,0.046038
2735.8660,0.046055
2736.0989,0.046054
2736.3319,0.046037
2736.5648,0.046010
2736.7978,0.045982
2737.0308,0.045962
2737.2637,0.045952
2737.4967,0.045952
2737.7296,0.045957
2737.9626,0.045965
2738.1956,0.045969
2738.4285,0.045968
2738.6615,0.045959
2738.8944,0.045940
2739.1274,0.045910
2739.3604,0.045868
2739.5933,0.045820
2739.8263,0.045771
2740.0592,0.045729
2740.2922,0.045702
2740.5251,0.045691
2740.7581,0.045691
2740.9911,0.045692
2741.2240,0.045685
2741.4570,0.045661
2741.6899,0.045619
2741.9229,0.045568
2742.1559,0.045517
2742.3888,0.045478
2742.6218,0.045458
2742.8547,0.045457
2743.0877,0.045470
2743.3206,0.045488
2743.5536,0.045505
2743.7866,0.045514
2744.0195,0.045516
2744.2525,0.045511
2744.4854,0.045502
2744.7184,0.045488
2744.9514,0.045471
2745.1843,0.045451
2745.4173,0.045431
2745.6502,0.045414
2745.8832,0.045404
2746.1162,0.045402
2746.3491,0.045406
2746.5821,0.045411
2746.8150,0.045412
2747.0480,0.045404
2747.2809,0.045387
2747.5139,0.045367
2747.7469,0.045349
2747.9798,0.045341
2748.2128,0.045346
2748.4457,0.045363
2748.6787,0.045387
2748.9117,0.045414
2749.1446,0.045440
2749.3776,0.045464
2749.6105,0.045486
2749.8435,0.045506
2750.0764,0.045524
2750.3094,0.045534
2750.5424,0.045533
2750.7753,0.045517
2751.0083,0.045486
2751.2412,0.045444
2751.4742,0.045397
2751.7072,0.045353
2751.9401,0.045316
2752.1731,0.045290
2752.4060,0.045276
2752.6390,0.045273
2752.8720,0.045280
2753.1049,0.045299
2753.3379,0.045328
2753.5708,0.045365
2753.8038,0.045407
2754.0367,0.045446
2754.2697,0.045478
2754.5027,0.045499
2754.7356,0.045507
2754.9686,0.045505
2755.2015,0.045498
2755.4345,0.045490
2755.6675,0.045483
2755.9004,0.045477
2756.1334,0.045471
2756.3663,0.045467
2756.5993,0.045465
2756.8322,0.045469
2757.0652,0.045481
2757.2982,0.045500
2757.5311,0.045520
2757.7641,0.045536
2757.9970,0.045541
2758.2300,0.045532
2758.4630,0.045513
2758.6959,0.045491
2758.9289,0.045473
2759.1618,0.045465
2759.3948,0.045467
2759.6278,0.045477
2759.8607,0.045489
2760.0937,0.045500
2760.3266,0.045511
2760.5596,0.045525
2760.7925,0.045547
2761.0255,0.045579
2761.2585,0.045619
2761.4914,0.045658
2761.7244,0.045688
2761.9573,0.045704
2762.1903,0.045705
2762.4233,0.045696
2762.6562,0.045688
2762.8892,0.045688
2763.1221,0.045702
2763.3551,0.045727
2763.5880,0.045757
2763.8210,0.045783
2764.0540,0.045800
2764.2869,0.045803
2764.5199,0.045795
2764.7528,0.045777
2764.9858,0.045752
2765.2188,0.045720
2765.4517,0.045682
2765.6847,0.045639
2765.9176,0.045595
2766.1506,0.045556
2766.3836,0.045530
2766.6165,0.045521
2766.8495,0.045531
2767.0824,0.045555
2767.3154,0.045587
2767.5483,0.045619
2767.7813,0.045645
2768.0143,0.045667
2768.2472,0.045685
2768.4802,0.045703
2768.7131,0.045724
2768.9461,0.045748
2769.1791,0.045772
2769.4120,0.045794
2769.6450,0.045813
2769.8779,0.045829
2770.1109,0.045844
2770.3438,0.045858
2770.5768,0.045872
2770.8098,0.045884
2771.0427,0.045892
2771.2757,0.045893
2771.5086,0.045890
2771.7416,0.045888
2771.9746,0.045892
2772.2075,0.045906
2772.4405,0.045931
2772.6734,0.045966
2772.9064,0.046006
2773.1394,0.046043
2773.3723,0.046076
2773.6053,0.046101
2773.8382,0.046119
2774.0712,0.046133
2774.3041,0.046143
2774.5371,0.046154
2774.7701,0.046166
2775.0030,0.046185
2775.2360,0.046215
2775.4689,0.046260
2775.7019,0.046319
2775.9349,0.046390
2776.1678,0.046463
2776.4008,0.046527
2776.6337,0.046572
2776.8667,0.046592
2777.0996,0.046590
2777.3326,0.046572
2777.5656,0.046550
2777.7985,0.046532
2778.0315,0.046523
2778.2644,0.046522
2778.4974,0.046526
2778.7304,0.046531
2778.9633,0.046535
2779.1963,0.046539
2779.4292,0.046547
2779.6622,0.046561
2779.8952,0.046579
2780.1281,0.046599
2780.3611,0.046614
2780.5940,0.046619
2780.8270,0.046615
2781.0599,0.046603
2781.2929,0.046591
2781.5259,0.046584
2781.7588,0.046586
2781.9918,0.046597
2782.2247,0.046616
2782.4577,0.046637
2782.6907,0.046657
2782.9236,0.046677
2783.1566,0.046697
2783.3895,0.046717
2783.6225,0.046739
2783.8554,0.046762
2784.0884,0.046785
2784.3214,0.046807
2784.5543,0.046825
2784.7873,0.046839
2785.0202,0.046847
2785.2532,0.046848
2785.4862,0.046840
2785.7191,0.046824
2785.9521,0.046802
2786.1850,0.046781
2786.4180,0.046770
2786.6510,0.046775
2786.8839,0.046799
2787.1169,0.046839
2787.3498,0.046886
2787.5828,0.046927
2787.8157,0.046954
2788.0487,0.046965
2788.2817,0.046964
2788.5146,0.046963
2788.7476,0.046976
2788.9805,0.047008
2789.2135,0.047060
2789.4465,0.047123
2789.6794,0.047185
2789.9124,0.047235
2790.1453,0.047267
2790.3783,0.047285
2790.6112,0.047296
2790.8442,0.047311
2791.0772,0.047337
2791.3101,0.047375
2791.5431,0.047423
2791.7760,0.047473
2792.0090,0.047517
2792.2420,0.047551
2792.4749,0.047573
2792.7079,0.047582
2792.9408,0.047582
2793.1738,0.047575
2793.4068,0.047564
2793.6397,0.047551
2793.8727,0.047540
2794.1056,0.047534
2794.3386,0.047536
2794.5715,0.047545
2794.8045,0.047560
2795.0375,0.047579
2795.2704,0.047601
2795.5034,0.047625
2795.7363,0.047653
2795.9693,0.047689
2796.2023,0.047734
2796.4352,0.047785
2796.6682,0.047839
2796.9011,0.047887
2797.1341,0.047926
2797.3670,0.047954
2797.6000,0.047972
2797.8330,0.047985
2798.0659,0.048000
2798.2989,0.048018
2798.5318,0.048041
2798.7648,0.048065
2798.9978,0.048088
2799.2307,0.048111
2799.4637,0.048134
2799.6966,0.048162
2799.9296,0.048196
2800.1626,0.048234
2800.3955,0.048271
2800.6285,0.048300
2800.8614,0.048317
2801.0944,0.048320
2801.3273,0.048316
2801.5603,0.048314
2801.7933,0.048321
2802.0262,0.048343
2802.2592,0.048379
2802.4921,0.048420
2802.7251,0.048460
2802.9581,0.048493
2803.1910,0.048519
2803.4240,0.048542
2803.6569,0.048565
2803.8899,0.048593
2804.1228,0.048625
2804.3558,0.048657
2804.5888,0.048685
2804.8217,0.048705
2805.0547,0.048720
2805.2876,0.048733
2805.5206,0.048749
2805.7536,0.048770
2805.9865,0.048795
2806.2195,0.048821
2806.4524,0.048844
2806.6854,0.048864
2806.9184,0.048885
2807.1513,0.048917
2807.3843,0.048965
2807.6172,0.049031
2807.8502,0.049110
2808.0831,0.049192
2808.3161,0.049266
2808.5491,0.049323
2808.7820,0.049363
2809.0150,0.049392
2809.2479,0.049417
2809.4809,0.049447
2809.7139,0.049484
2809.9468,0.049526
2810.1798,0.049568
2810.4127,0.049602
2810.6457,0.049628
2810.8786,0.049648
2811.1116,0.049666
2811.3446,0.049687
2811.5775,0.049712
2811.8105,0.049741
2812.0434,0.049769
2812.2764,0.049794
2812.5094,0.049814
2812.7423,0.049832
2812.9753,0.049851
2813.2082,0.049874
2813.4412,0.049901
2813.6741,0.049931
2813.9071,0.049964
2814.1401,0.050000
2814.3730,0.050042
2814.6060,0.050094
2814.8389,0.050159
2815.0719,0.050235
2815.3049,0.050316
2815.5378,0.050394
2815.7708,0.050462
2816.0037,0.050516
2816.2367,0.050558
2816.4697,0.050597
2816.7026,0.050639
2816.9356,0.050690
2817.1685,0.050750
2817.4015,0.050813
2817.6344,0.050876
2817.8674,0.050934
2818.1004,0.050991
2818.3333,0.051050
2818.5663,0.051117
2818.7992,0.051194
2819.0322,0.051278
2819.2652,0.051361
2819.4981,0.051437
2819.7311,0.051501
2819.9640,0.051553
2820.1970,0.051599
2820.4299,0.051644
2820.6629,0.051690
2820.8959,0.051738
2821.1288,0.051781
2821.3618,0.051817
2821.5947,0.051844
2821.8277,0.051870
2822.0607,0.051906
2822.2936,0.051962
2822.5266,0.052045
2822.7595,0.052153
2822.9925,0.052279
2823.2255,0.052409
2823.4584,0.052536
2823.6914,0.052654
2823.9243,0.052767
2824.1573,0.052880
2824.3902,0.052997
2824.6232,0.053116
2824.8562,0.053233
2825.0891,0.053340
2825.3221,0.053433
2825.5550,0.053515
2825.7880,0.053592
2826.0210,0.053676
2826.2539,0.053774
2826.4869,0.053887
2826.7198,0.054008
2826.9528,0.054126
2827.1857,0.054231
2827.4187,0.054315
2827.6517,0.054378
2827.8846,0.054422
2828.1176,0.054454
2828.3505,0.054476
2828.5835,0.054487
2828.8165,0.054485
2829.0494,0.054472
2829.2824,0.054453
2829.5153,0.054439
2829.7483,0.054442
2829.9813,0.054469
2830.2142,0.054524
2830.4472,0.054598
2830.6801,0.054679
2830.9131,0.054755
2831.1460,0.054817
2831.3790,0.054860
2831.6120,0.054888
2831.8449,0.054906
2832.0779,0.054919
2832.3108,0.054929
2832.5438,0.054938
2832.7768,0.054945
2833.0097,0.054948
2833.2427,0.054948
2833.4756,0.054946
2833.7086,0.054940
2833.9415,0.054927
2834.1745,0.054901
2834.4075,0.054858
2834.6404,0.054796
2834.8734,0.054720
2835.1063,0.054633
2835.3393,0.054545
2835.5723,0.054457
2835.8052,0.054370
2836.0382,0.054282
2836.2711,0.054188
2836.5041,0.054091
2836.7371,0.053995
2836.9700,0.053909
2837.2030,0.053842
2837.4359,0.053796
2837.6689,0.053769
2837.9018,0.053751
2838.1348,0.053729
2838.3678,0.053695
2838.6007,0.053646
2838.8337,0.053585
2839.0666,0.053520
2839.2996,0.053455
2839.5326,0.053393
2839.7655,0.053332
2839.9985,0.053265
2840.2314,0.053191
2840.4644,0.053108
2840.6973,0.053022
2840.9303,0.052941
2841.1633,0.052869
2841.3962,0.052810
2841.6292,0.052762
2841.8621,0.052720
2842.0951,0.052680
2842.3281,0.052639
2842.5610,0.052596
2842.7940,0.052551
2843.0269,0.052502
2843.2599,0.052446
2843.4929,0.052380
2843.7258,0.052301
2843.9588,0.052215
2844.1917,0.052128
2844.4247,0.052052
2844.6576,0.051994
2844.8906,0.051957
2845.1236,0.051935
2845.3565,0.051917
2845.5895,0.051894
2845.8224,0.051859
2846.0554,0.051814
2846.2884,0.051767
2846.5213,0.051729
2846.7543,0.051705
2846.9872,0.051697
2847.2202,0.051697
2847.4531,0.051699
2847.6861,0.051695
2847.9191,0.051687
2848.1520,0.051679
2848.3850,0.051681
2848.6179,0.051696
2848.8509,0.051723
2849.0839,0.051757
2849.3168,0.051785
2849.5498,0.051802
2849.7827,0.051805
2850.0157,0.051800
2850.2487,0.051796
2850.4816,0.051803
2850.7146,0.051824
2850.9475,0.051857
2851.1805,0.051895
2851.4134,0.051932
2851.6464,0.051961
2851.8794,0.051981
2852.1123,0.051996
2852.3453,0.052005
2852.5782,0.052008
2852.8112,0.052002
2853.0442,0.051983
2853.2771,0.051953
2853.5101,0.051915
2853.7430,0.051878
2853.9760,0.051853
2854.2089,0.051846
2854.4419,0.051857
2854.6749,0.051881
2854.9078,0.051909
2855.1408,0.051935
2855.3737,0.051954
2855.6067,0.051970
2855.8397,0.051986
2856.0726,0.052005
2856.3056,0.052026
2856.5385,0.052041
2856.7715,0.052044
2857.0045,0.052032
2857.2374,0.052006
2857.4704,0.051977
2857.7033,0.051956
2857.9363,0.051950
2858.1692,0.051964
2858.4022,0.051992
2858.6352,0.052026
2858.8681,0.052058
2859.1011,0.052088
2859.3340,0.052118
2859.5670,0.052159
2859.8000,0.052218
2860.0329,0.052296
2860.2659,0.052389
2860.4988,0.052485
2860.7318,0.052569
2860.9647,0.052632
2861.1977,0.052671
2861.4307,0.052689
2861.6636,0.052695
2861.8966,0.052697
2862.1295,0.052699
2862.3625,0.052704
2862.5955,0.052710
2862.8284,0.052718
2863.0614,0.052728
2863.2943,0.052745
2863.5273,0.052770
2863.7603,0.052805
2863.9932,0.052845
2864.2262,0.052886
2864.4591,0.052922
2864.6921,0.052948
2864.9250,0.052964
2865.1580,0.052972
2865.3910,0.052976
2865.6239,0.052979
2865.8569,0.052986
2866.0898,0.052996
2866.3228,0.053010
2866.5558,0.053028
2866.7887,0.053052
2867.0217,0.053079
2867.2546,0.053108
2867.4876,0.053137
2867.7205,0.053161
2867.9535,0.053180
2868.1865,0.053194
2868.4194,0.053210
2868.6524,0.053232
2868.8853,0.053264
2869.1183,0.053306
2869.3513,0.053352
2869.5842,0.053394
2869.8172,0.053426
2870.0501,0.053446
2870.2831,0.053457
2870.5161,0.053468
2870.7490,0.053488
2870.9820,0.053523
2871.2149,0.053576
2871.4479,0.053642
2871.6808,0.053713
2871.9138,0.053783
2872.1468,0.053848
2872.3797,0.053909
2872.6127,0.053969
2872.8456,0.054031
2873.0786,0.054095
2873.3116,0.054160
2873.5445,0.054223
2873.7775,0.054283
2874.0104,0.054340
2874.2434,0.054396
2874.4763,0.054454
2874.7093,0.054514
2874.9423,0.054574
2875.1752,0.054630
2875.4082,0.054677
2875.6411,0.054714
2875.8741,0.054743
2876.1071,0.054765
2876.3400,0.054784
2876.5730,0.054801
2876.8059,0.054812
2877.0389,0.054816
2877.2719,0.054809
2877.5048,0.054794
2877.7378,0.054777
2877.9707,0.054766
2878.2037,0.054770
2878.4366,0.054791
2878.6696,0.054826
2878.9026,0.054871
2879.1355,0.054918
2879.3685,0.054965
2879.6014,0.055014
2879.8344,0.055069
2880.0674,0.055134
2880.3003,0.055209
2880.5333,0.055289
2880.7662,0.055363
2880.9992,0.055422
2881.2321,0.055458
2881.4651,0.055474
2881.6981,0.055474
2881.9310,0.055469
2882.1640,0.055467
2882.3969,0.055472
2882.6299,0.055485
2882.8629,0.055505
2883.0958,0.055530
2883.3288,0.055562
2883.5617,0.055601
2883.7947,0.055645
2884.0277,0.055692
2884.2606,0.055732
2884.4936,0.055758
2884.7265,0.055763
2884.9595,0.055747
2885.1924,0.055716
2885.4254,0.055681
2885.6584,0.055652
2885.8913,0.055634
2886.1243,0.055625
2886.3572,0.055619
2886.5902,0.055611
2886.8232,0.055599
2887.0561,0.055587
2887.2891,0.055582
2887.5220,0.055593
2887.7550,0.055623
2887.9879,0.055667
2888.2209,0.055716
2888.4539,0.055760
2888.6868,0.055792
2888.9198,0.055812
2889.1527,0.055823
2889.3857,0.055832
2889.6187,0.055843
2889.8516,0.055854
2890.0846,0.055859
2890.3175,0.055852
2890.5505,0.055830
2890.7835,0.055799
2891.0164,0.055767
2891.2494,0.055744
2891.4823,0.055738
2891.7153,0.055747
2891.9482,0.055765
2892.1812,0.055782
2892.4142,0.055790
2892.6471,0.055787
2892.8801,0.055776
2893.1130,0.055764
2893.3460,0.055757
2893.5790,0.055759
2893.8119,0.055769
2894.0449,0.055784
2894.2778,0.055803
2894.5108,0.055828
2894.7437,0.055860
2894.9767,0.055902
2895.2097,0.055952
2895.4426,0.056005
2895.6756,0.056055
2895.9085,0.056097
2896.1415,0.056130
2896.3745,0.056160
2896.6074,0.056195
2896.8404,0.056243
2897.0733,0.056305
2897.3063,0.056377
2897.5393,0.056447
2897.7722,0.056505
2898.0052,0.056545
2898.2381,0.056570
2898.4711,0.056586
2898.7040,0.056605
2898.9370,0.056634
2899.1700,0.056672
2899.4029,0.056716
2899.6359,0.056757
2899.8688,0.056789
2900.1018,0.056813
2900.3348,0.056830
2900.5677,0.056847
2900.8007,0.056865
2901.0336,0.056883
2901.2666,0.056897
2901.4995,0.056901
2901.7325,0.056897
2901.9655,0.056889
2902.1984,0.056887
2902.4314,0.056897
2902.6643,0.056923
2902.8973,0.056958
2903.1303,0.056993
2903.3632,0.057016
2903.5962,0.057024
2903.8291,0.057022
2904.0621,0.057023
2904.2951,0.057040
2904.5280,0.057082
2904.7610,0.057148
2904.9939,0.057230
2905.2269,0.057311
2905.4598,0.057378
2905.6928,0.057423
2905.9258,0.057446
2906.1587,0.057452
2906.3917,0.057448
2906.6246,0.057437
2906.8576,0.057420
2907.0906,0.057395
2907.3235,0.057364
2907.5565,0.057330
2907.7894,0.057304
2908.0224,0.057293
2908.2553,0.057303
2908.4883,0.057331
2908.7213,0.057368
2908.9542,0.057404
2909.1872,0.057431
2909.4201,0.057451
2909.6531,0.057471
2909.8861,0.057501
2910.1190,0.057552
2910.3520,0.057626
2910.5849,0.057720
2910.8179,0.057825
2911.0509,0.057931
2911.2838,0.058030
2911.5168,0.058120
2911.7497,0.058201
2911.9827,0.058277
2912.2156,0.058347
2912.4486,0.058411
2912.6816,0.058469
2912.9145,0.058523
2913.1475,0.058581
2913.3804,0.058651
2913.6134,0.058739
2913.8464,0.058849
2914.0793,0.058973
2914.3123,0.059101
2914.5452,0.059221
2914.7782,0.059323
2915.0111,0.059404
2915.2441,0.059468
2915.4771,0.059523
2915.7100,0.059575
2915.9430,0.059625
2916.1759,0.059673
2916.4089,0.059714
2916.6419,0.059747
2916.8748,0.059776
2917.1078,0.059806
2917.3407,0.059842
2917.5737,0.059887
2917.8067,0.059937
2918.0396,0.059980
2918.2726,0.060008
2918.5055,0.060015
2918.7385,0.060004
2918.9714,0.059985
2919.2044,0.059971
2919.4374,0.059974
2919.6703,0.059999
2919.9033,0.060044
2920.1362,0.060102
2920.3692,0.060166
2920.6022,0.060232
2920.8351,0.060296
2921.0681,0.060360
2921.3010,0.060423
2921.5340,0.060484
2921.7669,0.060539
2921.9999,0.060589
2922.2329,0.060636
2922.4658,0.060689
2922.6988,0.060760
2922.9317,0.060856
2923.1647,0.060981
2923.3977,0.061128
2923.6306,0.061283
2923.8636,0.061432
2924.0965,0.061563
2924.3295,0.061671
2924.5625,0.061760
2924.7954,0.061838
2925.0284,0.061911
2925.2613,0.061984
2925.4943,0.062057
2925.7272,0.062127
2925.9602,0.062194
2926.1932,0.062258
2926.4261,0.062321
2926.6591,0.062382
2926.8920,0.062439
2927.1250,0.062482
2927.3580,0.062501
2927.5909,0.062489
2927.8239,0.062444
2928.0568,0.062376
2928.2898,0.062295
2928.5227,0.062216
2928.7557,0.062145
2928.9887,0.062083
2929.2216,0.062024
2929.4546,0.061961
2929.6875,0.061890
2929.9205,0.061812
2930.1535,0.061733
2930.3864,0.061656
2930.6194,0.061577
2930.8523,0.061487
2931.0853,0.061374
2931.3183,0.061230
2931.5512,0.061057
2931.7842,0.060866
2932.0171,0.060680
2932.2501,0.060517
2932.4830,0.060391
2932.7160,0.060301
2932.9490,0.060233
2933.1819,0.060172
2933.4149,0.060106
2933.6478,0.060032
2933.8808,0.059958
2934.1138,0.059895
2934.3467,0.059850
2934.5797,0.059824
2934.8126,0.059804
2935.0456,0.059776
2935.2785,0.059728
2935.5115,0.059657
2935.7445,0.059571
2935.9774,0.059487
2936.2104,0.059420
2936.4433,0.059378
2936.6763,0.059357
2936.9093,0.059346
2937.1422,0.059329
2937.3752,0.059292
2937.6081,0.059229
2937.8411,0.059143
2938.0741,0.059041
2938.3070,0.058934
2938.5400,0.058830
2938.7729,0.058735
2939.0059,0.058654
2939.2388,0.058586
2939.4718,0.058531
2939.7048,0.058484
2939.9377,0.058438
2940.1707,0.058386
2940.4036,0.058318
2940.6366,0.058232
2940.8696,0.058129
2941.1025,0.058019
2941.3355,0.057913
2941.5684,0.057820
2941.8014,0.057745
2942.0343,0.057683
2942.2673,0.057625
2942.5003,0.057564
2942.7332,0.057494
2942.9662,0.057420
2943.1991,0.057349
2943.4321,0.057291
2943.6651,0.057251
2943.8980,0.057228
2944.1310,0.057215
2944.3639,0.057203
2944.5969,0.057186
2944.8299,0.057164
2945.0628,0.057139
2945.2958,0.057118
2945.5287,0.057102
2945.7617,0.057089
2945.9946,0.057074
2946.2276,0.057052
2946.4606,0.057024
2946.6935,0.056996
2946.9265,0.056980
2947.1594,0.056985
2947.3924,0.057017
2947.6254,0.057071
2947.8583,0.057136
2948.0913,0.057197
2948.3242,0.057240
2948.5572,0.057260
2948.7901,0.057257
2949.0231,0.057236
2949.2561,0.057203
2949.4890,0.057159
2949.7220,0.057107
2949.9549,0.057047
2950.1879,0.056984
2950.4209,0.056925
2950.6538,0.056879
2950.8868,0.056854
2951.1197,0.056848
2951.3527,0.056856
2951.5856,0.056864
2951.8186,0.056864
2952.0516,0.056852
2952.2845,0.056835
2952.5175,0.056826
2952.7504,0.056841
2952.9834,0.056888
2953.2164,0.056965
2953.4493,0.057060
2953.6823,0.057156
2953.9152,0.057237
2954.1482,0.057291
2954.3812,0.057318
2954.6141,0.057323
2954.8471,0.057314
2955.0800,0.057296
2955.3130,0.057272
2955.5459,0.057245
2955.7789,0.057215
2956.0119,0.057187
2956.2448,0.057168
2956.4778,0.057163
2956.7107,0.057172
2956.9437,0.057190
2957.1767,0.057207
2957.4096,0.057213
2957.6426,0.057203
2957.8755,0.057180
2958.1085,0.057153
2958.3414,0.057134
2958.5744,0.057133
2958.8074,0.057150
2959.0403,0.057181
2959.2733,0.057218
2959.5062,0.057249
2959.7392,0.057270
2959.9722,0.057279
2960.2051,0.057281
2960.4381,0.057279
2960.6710,0.057275
2960.9040,0.057267
2961.1370,0.057257
2961.3699,0.057243
2961.6029,0.057230
2961.8358,0.057223
2962.0688,0.057227
2962.3017,0.057244
2962.5347,0.057271
2962.7677,0.057302
2963.0006,0.057331
2963.2336,0.057352
2963.4665,0.057368
2963.6995,0.057382
2963.9325,0.057398
2964.1654,0.057419
2964.3984,0.057441
2964.6313,0.057461
2964.8643,0.057474
2965.0972,0.057479
2965.3302,0.057480
2965.5632,0.057483
2965.7961,0.057491
2966.0291,0.057501
2966.2620,0.057505
2966.4950,0.057491
2966.7280,0.057452
2966.9609,0.057383
2967.1939,0.057289
2967.4268,0.057182
2967.6598,0.057072
2967.8928,0.056964
2968.1257,0.056858
2968.3587,0.056748
2968.5916,0.056628
2968.8246,0.056498
2969.0575,0.056364
2969.2905,0.056237
2969.5235,0.056127
2969.7564,0.056036
2969.9894,0.055959
2970.2223,0.055881
2970.4553,0.055785
2970.6883,0.055662
2970.9212,0.055511
2971.1542,0.055343
2971.3871,0.055176
2971.6201,0.055026
2971.8530,0.054906
2972.0860,0.054816
2972.3190,0.054751
2972.5519,0.054702
2972.7849,0.054658
2973.0178,0.054612
2973.2508,0.054561
2973.4838,0.054504
2973.7167,0.054443
2973.9497,0.054379
2974.1826,0.054318
2974.4156,0.054267
2974.6486,0.054232
2974.8815,0.054218
2975.1145,0.054224
2975.3474,0.054241
2975.5804,0.054254
2975.8133,0.054248
2976.0463,0.054211
2976.2793,0.054139
2976.5122,0.054041
2976.7452,0.053930
2976.9781,0.053823
2977.2111,0.053731
2977.4441,0.053655
2977.6770,0.053591
2977.9100,0.053530
2978.1429,0.053467
2978.3759,0.053401
2978.6088,0.053335
2978.8418,0.053278
2979.0748,0.053235
2979.3077,0.053209
2979.5407,0.053198
2979.7736,0.053197
2980.0066,0.053201
2980.2396,0.053208
2980.4725,0.053215
2980.7055,0.053219
2980.9384,0.053216
2981.1714,0.053199
2981.4044,0.053164
2981.6373,0.053108
2981.8703,0.053036
2982.1032,0.052957
2982.3362,0.052884
2982.5691,0.052826
2982.8021,0.052785
2983.0351,0.052758
2983.2680,0.052737
2983.5010,0.052716
2983.7339,0.052692
2983.9669,0.052668
2984.1999,0.052653
2984.4328,0.052651
2984.6658,0.052663
2984.8987,0.052681
2985.1317,0.052697
2985.3646,0.052701
2985.5976,0.052691
2985.8306,0.052673
2986.0635,0.052657
2986.2965,0.052655
2986.5294,0.052672
2986.7624,0.052705
2986.9954,0.052746
2987.2283,0.052783
2987.4613,0.052809
2987.6942,0.052824
2987.9272,0.052832
2988.1602,0.052841
2988.3931,0.052856
2988.6261,0.052877
2988.8590,0.052899
2989.0920,0.052916
2989.3249,0.052926
2989.5579,0.052929
2989.7909,0.052930
2990.0238,0.052934
2990.2568,0.052939
2990.4897,0.052939
2990.7227,0.052927
2990.9557,0.052893
2991.1886,0.052836
2991.4216,0.052764
2991.6545,0.052691
2991.8875,0.052632
2992.1204,0.052598
2992.3534,0.052594
2992.5864,0.052614
2992.8193,0.052648
2993.0523,0.052688
2993.2852,0.052727
2993.5182,0.052764
2993.7512,0.052801
2993.9841,0.052835
2994.2171,0.052863
2994.4500,0.052881
2994.6830,0.052881
2994.9160,0.052864
2995.1489,0.052832
2995.3819,0.052794
2995.6148,0.052759
2995.8478,0.052733
2996.0807,0.052719
2996.3137,0.052713
2996.5467,0.052711
2996.7796,0.052709
2997.0126,0.052707
2997.2455,0.052705
2997.4785,0.052703
2997.7115,0.052698
2997.9444,0.052683
2998.1774,0.052653
2998.4103,0.052604
2998.6433,0.052539
2998.8762,0.052470
2999.1092,0.052409
2999.3422,0.052368
2999.5751,0.052351
2999.8081,0.052353
3000.0410,0.052363
3000.2740,0.052371
3000.5070,0.052370
3000.7399,0.052362
3000.9729,0.052355
3001.2058,0.052358
3001.4388,0.052376
3001.6718,0.052405
3001.9047,0.052436
3002.1377,0.052457
3002.3706,0.052458
3002.6036,0.052440
3002.8365,0.052408
3003.0695,0.052374
3003.3025,0.052347
3003.5354,0.052332
3003.7684,0.052328
3004.0013,0.052331
3004.2343,0.052333
3004.4673,0.052332
3004.7002,0.052327
3004.9332,0.052319
3005.1661,0.052308
3005.3991,0.052293
3005.6320,0.052271
3005.8650,0.052240
3006.0980,0.052202
3006.3309,0.052164
3006.5639,0.052135
3006.7968,0.052121
3007.0298,0.052126
3007.2628,0.052144
3007.4957,0.052166
3007.7287,0.052184
3007.9616,0.052189
3008.1946,0.052179
3008.4276,0.052157
3008.6605,0.052128
3008.8935,0.052095
3009.1264,0.052061
3009.3594,0.052026
3009.5923,0.051990
3009.8253,0.051956
3010.0583,0.051932
3010.2912,0.051922
3010.5242,0.051931
3010.7571,0.051956
3010.9901,0.051985
3011.2231,0.052007
3011.4560,0.052008
3011.6890,0.051983
3011.9219,0.051934
3012.1549,0.051868
3012.3878,0.051797
3012.6208,0.051729
3012.8538,0.051666
3013.0867,0.051606
3013.3197,0.051547
3013.5526,0.051487
3013.7856,0.051430
3014.0186,0.051380
3014.2515,0.051344
3014.4845,0.051324
3014.7174,0.051320
3014.9504,0.051325
3015.1834,0.051338
3015.4163,0.051354
3015.6493,0.051373
3015.8822,0.051398
3016.1152,0.051425
3016.3481,0.051450
3016.5811,0.051463
3016.8141,0.051457
3017.0470,0.051427
3017.2800,0.051379
3017.5129,0.051324
3017.7459,0.051277
3017.9789,0.051248
3018.2118,0.051242
3018.4448,0.051252
3018.6777,0.051266
3018.9107,0.051272
3019.1436,0.051266
3019.3766,0.051249
3019.6096,0.051232
3019.8425,0.051225
3020.0755,0.051235
3020.3084,0.051260
3020.5414,0.051292
3020.7744,0.051320
3021.0073,0.051339
3021.2403,0.051347
3021.4732,0.051350
3021.7062,0.051357
3021.9392,0.051373
3022.1721,0.051397
3022.4051,0.051422
3022.6380,0.051438
3022.8710,0.051436
3023.1039,0.051415
3023.3369,0.051377
3023.5699,0.051330
3023.8028,0.051283
3024.0358,0.051242
3024.2687,0.051211
3024.5017,0.051190
3024.7347,0.051180
3024.9676,0.051179
3025.2006,0.051188
3025.4335,0.051202
3025.6665,0.051217
3025.8994,0.051223
3026.1324,0.051213
3026.3654,0.051183
3026.5983,0.051135
3026.8313,0.051079
3027.0642,0.051028
3027.2972,0.050990
3027.5302,0.050971
3027.7631,0.050965
3027.9961,0.050965
3028.2290,0.050961
3028.4620,0.050949
3028.6950,0.050932
3028.9279,0.050916
3029.1609,0.050911
3029.3938,0.050921
3029.6268,0.050945
3029.8597,0.050979
3030.0927,0.051015
3030.3257,0.051047
3030.5586,0.051073
3030.7916,0.051096
3031.0245,0.051118
3031.2575,0.051138
3031.4905,0.051154
3031.7234,0.051159
3031.9564,0.051149
3032.1893,0.051121
3032.4223,0.051079
3032.6552,0.051028
3032.8882,0.050973
3033.1212,0.050920
3033.3541,0.050866
3033.5871,0.050810
3033.8200,0.050751
3034.0530,0.050691
3034.2860,0.050637
3034.5189,0.050596
3034.7519,0.050574
3034.9848,0.050571
3035.2178,0.050582
3035.4508,0.050600
3035.6837,0.050617
3035.9167,0.050630
3036.1496,0.050641
3036.3826,0.050653
3036.6155,0.050670
3036.8485,0.050692
3037.0815,0.050715
3037.3144,0.050732
3037.5474,0.050738
3037.7803,0.050733
3038.0133,0.050721
3038.2463,0.050709
3038.4792,0.050703
3038.7122,0.050703
3038.9451,0.050707
3039.1781,0.050708
3039.4110,0.050705
3039.6440,0.050696
3039.8770,0.050687
3040.1099,0.050682
3040.3429,0.050686
3040.5758,0.050695
3040.8088,0.050705
3041.0418,0.050708
3041.2747,0.050703
3041.5077,0.050694
3041.7406,0.050691
3041.9736,0.050703
3042.2066,0.050735
3042.4395,0.050784
3042.6725,0.050836
3042.9054,0.050875
3043.1384,0.050888
3043.3713,0.050871
3043.6043,0.050832
3043.8373,0.050784
3044.0702,0.050738
3044.3032,0.050701
3044.5361,0.050670
3044.7691,0.050637
3045.0021,0.050593
3045.2350,0.050535
3045.4680,0.050466
3045.7009,0.050398
3045.9339,0.050344
3046.1668,0.050309
3046.3998,0.050296
3046.6328,0.050298
3046.8657,0.050307
3047.0987,0.050320
3047.3316,0.050336
3047.5646,0.050360
3047.7976,0.050397
3048.0305,0.050448
3048.2635,0.050511
3048.4964,0.050578
3048.7294,0.050641
3048.9624,0.050697
3049.1953,0.050745
3049.4283,0.050786
3049.6612,0.050821
3049.8942,0.050844
3050.1271,0.050846
3050.3601,0.050816
3050.5931,0.050751
3050.8260,0.050652
3051.0590,0.050532
3051.2919,0.050410
3051.5249,0.050303
3051.7579,0.050221
3051.9908,0.050166
3052.2238,0.050132
3052.4567,0.050112
3052.6897,0.050101
3052.9226,0.050099
3053.1556,0.050109
3053.3886,0.050136
3053.6215,0.050177
3053.8545,0.050227
3054.0874,0.050276
3054.3204,0.050316
3054.5534,0.050344
3054.7863,0.050365
3055.0193,0.050387
3055.2522,0.050419
3055.4852,0.050465
3055.7182,0.050521
3055.9511,0.050579
3056.1841,0.050628
3056.4170,0.050663
3056.6500,0.050684
3056.8829,0.050696
3057.1159,0.050701
3057.3489,0.050703
3057.5818,0.050697
3057.8148,0.050681
3058.0477,0.050653
3058.2807,0.050616
3058.5137,0.050583
3058.7466,0.050563
3058.9796,0.050565
3059.2125,0.050587
3059.4455,0.050620
3059.6784,0.050649
3059.9114,0.050662
3060.1444,0.050654
3060.3773,0.050632
3060.6103,0.050608
3060.8432,0.050593
3061.0762,0.050596
3061.3092,0.050613
3061.5421,0.050635
3061.7751,0.050650
3062.0080,0.050652
3062.2410,0.050643
3062.4740,0.050632
3062.7069,0.050628
3062.9399,0.050635
3063.1728,0.050650
3063.4058,0.050663
3063.6387,0.050663
3063.8717,0.050645
3064.1047,0.050612
3064.3376,0.050576
3064.5706,0.050550
3064.8035,0.050544
3065.0365,0.050559
3065.2695,0.050585
3065.5024,0.050612
3065.7354,0.050628
3065.9683,0.050628
3066.2013,0.050615
3066.4342,0.050596
3066.6672,0.050578
3066.9002,0.050565
3067.1331,0.050557
3067.3661,0.050553
3067.5990,0.050552
3067.8320,0.050555
3068.0650,0.050565
3068.2979,0.050584
3068.5309,0.050609
3068.7638,0.050633
3068.9968,0.050644
3069.2298,0.050633
3069.4627,0.050597
3069.6957,0.050540
3069.9286,0.050475
3070.1616,0.050415
3070.3945,0.050371
3070.6275,0.050348
3070.8605,0.050345
3071.0934,0.050355
3071.3264,0.050370
3071.5593,0.050386
3071.7923,0.050397
3072.0253,0.050401
3072.2582,0.050395
3072.4912,0.050374
3072.7241,0.050337
3072.9571,0.050286
3073.1900,0.050230
3073.4230,0.050182
3073.6560,0.050157
3073.8889,0.050163
3074.1219,0.050201
3074.3548,0.050259
3074.5878,0.050320
3074.8208,0.050365
3075.0537,0.050383
3075.2867,0.050373
3075.5196,0.050342
3075.7526,0.050304
3075.9856,0.050272
3076.2185,0.050251
3076.4515,0.050242
3076.6844,0.050242
3076.9174,0.050245
3077.1503,0.050248
3077.3833,0.050251
3077.6163,0.050254
3077.8492,0.050259
3078.0822,0.050263
3078.3151,0.050264
3078.5481,0.050261
3078.7811,0.050254
3079.0140,0.050248
3079.2470,0.050246
3079.4799,0.050247
3079.7129,0.050249
3079.9458,0.050244
3080.1788,0.050226
3080.4118,0.050194
3080.6447,0.050152
3080.8777,0.050115
3081.1106,0.050096
3081.3436,0.050106
3081.5766,0.050145
3081.8095,0.050205
3082.0425,0.050270
3082.2754,0.050327
3082.5084,0.050366
3082.7413,0.050388
3082.9743,0.050400
3083.2073,0.050409
3083.4402,0.050418
3083.6732,0.050423
3083.9061,0.050417
3084.1391,0.050393
3084.3721,0.050351
3084.6050,0.050304
3084.8380,0.050270
3085.0709,0.050266
3085.3039,0.050304
3085.5369,0.050380
3085.7698,0.050480
3086.0028,0.050580
3086.2357,0.050660
3086.4687,0.050705
3086.7016,0.050715
3086.9346,0.050698
3087.1676,0.050666
3087.4005,0.050632
3087.6335,0.050601
3087.8664,0.050571
3088.0994,0.050539
3088.3324,0.050500
3088.5653,0.050455
3088.7983,0.050405
3089.0312,0.050357
3089.2642,0.050316
3089.4971,0.050284
3089.7301,0.050262
3089.9631,0.050246
3090.1960,0.050231
3090.4290,0.050214
3090.6619,0.050193
3090.8949,0.050170
3091.1279,0.050149
3091.3608,0.050135
3091.5938,0.050137
3091.8267,0.050157
3092.0597,0.050198
3092.2927,0.050253
3092.5256,0.050313
3092.7586,0.050367
3092.9915,0.050402
3093.2245,0.050411
3093.4574,0.050394
3093.6904,0.050357
3093.9234,0.050308
3094.1563,0.050254
3094.3893,0.050196
3094.6222,0.050133
3094.8552,0.050062
3095.0882,0.049983
3095.3211,0.049904
3095.5541,0.049837
3095.7870,0.049796
3096.0200,0.049792
3096.2529,0.049823
3096.4859,0.049874
3096.7189,0.049924
3096.9518,0.049950
3097.1848,0.049939
3097.4177,0.049891
3097.6507,0.049819
3097.8837,0.049744
3098.1166,0.049684
3098.3496,0.049649
3098.5825,0.049635
3098.8155,0.049633
3099.0485,0.049627
3099.2814,0.049607
3099.5144,0.049569
3099.7473,0.049515
3099.9803,0.049449
3100.2132,0.049374
3100.4462,0.049293
3100.6792,0.049205
3100.9121,0.049114
3101.1451,0.049028
3101.3780,0.048959
3101.6110,0.048919
3101.8440,0.048916
3102.0769,0.048950
3102.3099,0.049009
3102.5428,0.049078
3102.7758,0.049141
3103.0087,0.049188
3103.2417,0.049218
3103.4747,0.049236
3103.7076,0.049247
3103.9406,0.049255
3104.1735,0.049257
3104.4065,0.049247
3104.6395,0.049216
3104.8724,0.049160
3105.1054,0.049079
3105.3383,0.048979
3105.5713,0.048871
3105.8043,0.048762
3106.0372,0.048660
3106.2702,0.048570
3106.5031,0.048498
3106.7361,0.048447
3106.9690,0.048422
3107.2020,0.048424
3107.4350,0.048449
3107.6679,0.048486
3107.9009,0.048523
3108.1338,0.048545
3108.3668,0.048542
3108.5998,0.048511
3108.8327,0.048454
3109.0657,0.048380
3109.2986,0.048295
3109.5316,0.048202
3109.7645,0.048104
3109.9975,0.048000
3110.2305,0.047897
3110.4634,0.047801
3110.6964,0.047725
3110.9293,0.047679
3111.1623,0.047667
3111.3953,0.047684
3111.6282,0.047719
3111.8612,0.047758
3112.0941,0.047788
3112.3271,0.047801
3112.5601,0.047797
3112.7930,0.047782
3113.0260,0.047760
3113.2589,0.047733
3113.4919,0.047698
3113.7248,0.047655
3113.9578,0.047602
3114.1908,0.047547
3114.4237,0.047499
3114.6567,0.047469
3114.8896,0.047464
3115.1226,0.047485
3115.3556,0.047523
3115.5885,0.047568
3115.8215,0.047610
3116.0544,0.047643
3116.2874,0.047668
3116.5203,0.047686
3116.7533,0.047700
3116.9863,0.047707
3117.2192,0.047702
3117.4522,0.047675
3117.6851,0.047623
3117.9181,0.047548
3118.1511,0.047458
3118.3840,0.047368
3118.6170,0.047288
3118.8499,0.047228
3119.0829,0.047185
3119.3159,0.047154
3119.5488,0.047125
3119.7818,0.047092
3120.0147,0.047050
3120.2477,0.047001
3120.4806,0.046947
3120.7136,0.046893
3120.9466,0.046841
3121.1795,0.046793
3121.4125,0.046754
3121.6454,0.046725
3121.8784,0.046711
3122.1114,0.046715
3122.3443,0.046734
3122.5773,0.046765
3122.8102,0.046802
3123.0432,0.046835
3123.2761,0.046859
3123.5091,0.046870
3123.7421,0.046867
3123.9750,0.046849
3124.2080,0.046816
3124.4409,0.046767
3124.6739,0.046706
3124.9069,0.046637
3125.1398,0.046572
3125.3728,0.046524
3125.6057,0.046503
3125.8387,0.046513
3126.0717,0.046547
3126.3046,0.046590
3126.5376,0.046623
3126.7705,0.046630
3127.0035,0.046605
3127.2364,0.046552
3127.4694,0.046485
3127.7024,0.046417
3127.9353,0.046358
3128.1683,0.046313
3128.4012,0.046279
3128.6342,0.046253
3128.8672,0.046233
3129.1001,0.046222
3129.3331,0.046225
3129.5660,0.046241
3129.7990,0.046269
3130.0319,0.046298
3130.2649,0.046315
3130.4979,0.046312
3130.7308,0.046286
3130.9638,0.046244
3131.1967,0.046199
3131.4297,0.046163
3131.6627,0.046141
3131.8956,0.046131
3132.1286,0.046125
3132.3615,0.046115
3132.5945,0.046099
3132.8275,0.046083
3133.0604,0.046078
3133.2934,0.046093
3133.5263,0.046129
3133.7593,0.046177
3133.9922,0.046219
3134.2252,0.046238
3134.4582,0.046222
3134.6911,0.046173
3134.9241,0.046106
3135.1570,0.046040
3135.3900,0.045992
3135.6230,0.045970
3135.8559,0.045970
3136.0889,0.045982
3136.3218,0.045995
3136.5548,0.046002
3136.7877,0.046001
3137.0207,0.045994
3137.2537,0.045984
3137.4866,0.045968
3137.7196,0.045945
3137.9525,0.045908
3138.1855,0.045859
3138.4185,0.045802
3138.6514,0.045751
3138.8844,0.045717
3139.1173,0.045709
3139.3503,0.045727
3139.5833,0.045764
3139.8162,0.045809
3140.0492,0.045852
3140.2821,0.045885
3140.5151,0.045904
3140.7480,0.045911
3140.9810,0.045905
3141.2140,0.045884
3141.4469,0.045848
3141.6799,0.045798
3141.9128,0.045740
3142.1458,0.045687
3142.3788,0.045650
3142.6117,0.045639
3142.8447,0.045657
3143.0776,0.045695
3143.3106,0.045742
3143.5435,0.045784
3143.7765,0.045812
3144.0095,0.045825
3144.2424,0.045829
3144.4754,0.045829
3144.7083,0.045828
3144.9413,0.045822
3145.1743,0.045802
3145.4072,0.045760
3145.6402,0.045694
3145.8731,0.045609
3146.1061,0.045517
3146.3391,0.045431
3146.5720,0.045360
3146.8050,0.045306
3147.0379,0.045264
3147.2709,0.045229
3147.5038,0.045198
3147.7368,0.045174
3147.9698,0.045160
3148.2027,0.045161
3148.4357,0.045177
3148.6686,0.045203
3148.9016,0.045230
3149.1346,0.045252
3149.3675,0.045265
3149.6005,0.045273
3149.8334,0.045281
3150.0664,0.045291
3150.2993,0.045298
3150.5323,0.045293
3150.7653,0.045265
3150.9982,0.045209
3151.2312,0.045133
3151.4641,0.045056
3151.6971,0.045000
3151.9301,0.044983
3152.1630,0.045010
3152.3960,0.045071
3152.6289,0.045143
3152.8619,0.045205
3153.0949,0.045243
3153.3278,0.045259
3153.5608,0.045263
3153.7937,0.045273
3154.0267,0.045298
3154.2596,0.045339
3154.4926,0.045387
3154.7256,0.045429
3154.9585,0.045454
3155.1915,0.045461
3155.4244,0.045454
3155.6574,0.045440
3155.8904,0.045420
3156.1233,0.045391
3156.3563,0.045346
3156.5892,0.045278
3156.8222,0.045192
3157.0551,0.045102
3157.2881,0.045028
3157.5211,0.044989
3157.7540,0.044989
3157.9870,0.045021
3158.2199,0.045064
3158.4529,0.045097
3158.6859,0.045107
3158.9188,0.045094
3159.1518,0.045071
3159.3847,0.045053
3159.6177,0.045050
3159.8507,0.045058
3160.0836,0.045062
3160.3166,0.045046
3160.5495,0.045000
3160.7825,0.044929
3161.0154,0.044853
3161.2484,0.044797
3161.4814,0.044783
3161.7143,0.044815
3161.9473,0.044881
3162.1802,0.044959
3162.4132,0.045022
3162.6462,0.045055
3162.8791,0.045054
3163.1121,0.045027
3163.3450,0.044985
3163.5780,0.044937
3163.8109,0.044882
3164.0439,0.044819
3164.2769,0.044743
3164.5098,0.044657
3164.7428,0.044570
3164.9757,0.044496
3165.2087,0.044448
3165.4417,0.044430
3165.6746,0.044438
3165.9076,0.044463
3166.1405,0.044492
3166.3735,0.044518
3166.6065,0.044536
3166.8394,0.044548
3167.0724,0.044555
3167.3053,0.044554
3167.5383,0.044543
3167.7712,0.044516
3168.0042,0.044476
3168.2372,0.044428
3168.4701,0.044384
3168.7031,0.044355
3168.9360,0.044348
3169.1690,0.044358
3169.4020,0.044378
3169.6349,0.044394
3169.8679,0.044400
3170.1008,0.044395
3170.3338,0.044385
3170.5667,0.044378
3170.7997,0.044379
3171.0327,0.044386
3171.2656,0.044389
3171.4986,0.044376
3171.7315,0.044341
3171.9645,0.044282
3172.1975,0.044209
3172.4304,0.044134
3172.6634,0.044065
3172.8963,0.044007
3173.1293,0.043958
3173.3623,0.043918
3173.5952,0.043886
3173.8282,0.043868
3174.0611,0.043872
3174.2941,0.043903
3174.5270,0.043958
3174.7600,0.044024
3174.9930,0.044085
3175.2259,0.044124
3175.4589,0.044135
3175.6918,0.044123
3175.9248,0.044104
3176.1578,0.044097
3176.3907,0.044112
3176.6237,0.044150
3176.8566,0.044197
3177.0896,0.044237
3177.3225,0.044254
3177.5555,0.044245
3177.7885,0.044215
3178.0214,0.044175
3178.2544,0.044138
3178.4873,0.044107
3178.7203,0.044078
3178.9533,0.044045
3179.1862,0.044003
3179.4192,0.043952
3179.6521,0.043900
3179.8851,0.043855
3180.1181,0.043824
3180.3510,0.043807
3180.5840,0.043797
3180.8169,0.043786
3181.0499,0.043769
3181.2828,0.043749
3181.5158,0.043731
3181.7488,0.043723
3181.9817,0.043726
3182.2147,0.043735
3182.4476,0.043740
3182.6806,0.043731
3182.9136,0.043706
3183.1465,0.043671
3183.3795,0.043641
3183.6124,0.043629
3183.8454,0.043640
3184.0783,0.043669
3184.3113,0.043698
3184.5443,0.043710
3184.7772,0.043694
3185.0102,0.043653
3185.2431,0.043599
3185.4761,0.043553
3185.7091,0.043529
3185.9420,0.043532
3186.1750,0.043556
3186.4079,0.043586
3186.6409,0.043609
3186.8739,0.043616
3187.1068,0.043606
3187.3398,0.043581
3187.5727,0.043544
3187.8057,0.043496
3188.0386,0.043433
3188.2716,0.043354
3188.5046,0.043267
3188.7375,0.043188
3188.9705,0.043137
3189.2034,0.043132
3189.4364,0.043182
3189.6694,0.043277
3189.9023,0.043393
3190.1353,0.043500
3190.3682,0.043574
3190.6012,0.043602
3190.8341,0.043587
3191.0671,0.043540
3191.3001,0.043481
3191.5330,0.043422
3191.7660,0.043371
3191.9989,0.043330
3192.2319,0.043302
3192.4649,0.043293
3192.6978,0.043308
3192.9308,0.043353
3193.1637,0.043426
3193.3967,0.043511
3193.6297,0.043587
3193.8626,0.043629
3194.0956,0.043620
3194.3285,0.043554
3194.5615,0.043440
3194.7944,0.043300
3195.0274,0.043155
3195.2604,0.043025
3195.4933,0.042920
3195.7263,0.042845
3195.9592,0.042800
3196.1922,0.042784
3196.4252,0.042793
3196.6581,0.042822
3196.8911,0.042861
3197.1240,0.042896
3197.3570,0.042916
3197.5899,0.042914
3197.8229,0.042896
3198.0559,0.042874
3198.2888,0.042866
3198.5218,0.042884
3198.7547,0.042928
3198.9877,0.042983
3199.2207,0.043027
3199.4536,0.043037
3199.6866,0.043005
3199.9195,0.042937
3200.1525,0.042855
3200.3855,0.042783
3200.6184,0.042737
3200.8514,0.042721
3201.0843,0.042720
3201.3173,0.042715
3201.5502,0.042692
3201.7832,0.042645
3202.0162,0.042588
3202.2491,0.042540
3202.4821,0.042516
3202.7150,0.042525
3202.9480,0.042557
3203.1810,0.042595
3203.4139,0.042620
3203.6469,0.042618
3203.8798,0.042592
3204.1128,0.042551
3204.3457,0.042513
3204.5787,0.042490
3204.8117,0.042486
3205.0446,0.042496
3205.2776,0.042511
3205.5105,0.042521
3205.7435,0.042520
3205.9765,0.042506
3206.2094,0.042481
3206.4424,0.042447
3206.6753,0.042408
3206.9083,0.042370
3207.1413,0.042338
3207.3742,0.042319
3207.6072,0.042317
3207.8401,0.042331
3208.0731,0.042353
3208.3060,0.042374
3208.5390,0.042380
3208.7720,0.042367
3209.0049,0.042340
3209.2379,0.042309
3209.4708,0.042291
3209.7038,0.042294
3209.9368,0.042315
3210.1697,0.042338
3210.4027,0.042344
3210.6356,0.042316
3210.8686,0.042254
3211.1015,0.042170
3211.3345,0.042091
3211.5675,0.042042
3211.8004,0.042036
3212.0334,0.042068
3212.2663,0.042120
3212.4993,0.042163
3212.7323,0.042179
3212.9652,0.042161
3213.1982,0.042119
3213.4311,0.042073
3213.6641,0.042041
3213.8971,0.042030
3214.1300,0.042038
3214.3630,0.042049
3214.5959,0.042052
3214.8289,0.042039
3215.0618,0.042010
3215.2948,0.041974
3215.5278,0.041941
3215.7607,0.041916
3215.9937,0.041898
3216.2266,0.041883
3216.4596,0.041866
3216.6926,0.041844
3216.9255,0.041819
3217.1585,0.041794
3217.3914,0.041767
3217.6244,0.041737
3217.8573,0.041697
3218.0903,0.041650
3218.3233,0.041603
3218.5562,0.041573
3218.7892,0.041580
3219.0221,0.041637
3219.2551,0.041744
3219.4881,0.041881
3219.7210,0.042015
3219.9540,0.042111
3220.1869,0.042140
3220.4199,0.042093
3220.6528,0.041978
3220.8858,0.041821
3221.1188,0.041649
3221.3517,0.041488
3221.5847,0.041355
3221.8176,0.041263
3222.0506,0.041216
3222.2836,0.041219
3222.5165,0.041273
3222.7495,0.041372
3222.9824,0.041499
3223.2154,0.041630
3223.4484,0.041736
3223.6813,0.041794
3223.9143,0.041796
3224.1472,0.041749
3224.3802,0.041675
3224.6131,0.041601
3224.8461,0.041546
3225.0791,0.041517
3225.3120,0.041507
3225.5450,0.041502
3225.7779,0.041489
3226.0109,0.041466
3226.2439,0.041436
3226.4768,0.041411
3226.7098,0.041397
3226.9427,0.041395
3227.1757,0.041398
3227.4086,0.041398
3227.6416,0.041387
3227.8746,0.041371
3228.1075,0.041357
3228.3405,0.041357
3228.5734,0.041373
3228.8064,0.041399
3229.0394,0.041418
3229.2723,0.041413
3229.5053,0.041375
3229.7382,0.041306
3229.9712,0.041220
3230.2042,0.041137
3230.4371,0.041073
3230.6701,0.041031
3230.9030,0.041004
3231.1360,0.040980
3231.3689,0.040950
3231.6019,0.040917
3231.8349,0.040893
3232.0678,0.040894
3232.3008,0.040930
3232.5337,0.041000
3232.7667,0.041090
3232.9997,0.041177
3233.2326,0.041239
3233.4656,0.041265
3233.6985,0.041259
3233.9315,0.041232
3234.1644,0.041200
3234.3974,0.041175
3234.6304,0.041159
3234.8633,0.041147
3235.0963,0.041134
3235.3292,0.041118
3235.5622,0.041100
3235.7952,0.041084
3236.0281,0.041072
3236.2611,0.041058
3236.4940,0.041032
3236.7270,0.040984
3236.9600,0.040911
3237.1929,0.040822
3237.4259,0.040735
3237.6588,0.040671
3237.8918,0.040647
3238.1247,0.040666
3238.3577,0.040717
3238.5907,0.040778
3238.8236,0.040826
3239.0566,0.040846
3239.2895,0.040834
3239.5225,0.040797
3239.7555,0.040748
3239.9884,0.040697
3240.2214,0.040650
3240.4543,0.040607
3240.6873,0.040566
3240.9202,0.040529
3241.1532,0.040498
3241.3862,0.040478
3241.6191,0.040471
3241.8521,0.040477
3242.0850,0.040490
3242.3180,0.040505
3242.5510,0.040519
3242.7839,0.040535
3243.0169,0.040561
3243.2498,0.040602
3243.4828,0.040660
3243.7158,0.040725
3243.9487,0.040784
3244.1817,0.040820
3244.4146,0.040825
3244.6476,0.040802
3244.8805,0.040763
3245.1135,0.040726
3245.3465,0.040704
3245.5794,0.040702
3245.8124,0.040713
3246.0453,0.040722
3246.2783,0.040717
3246.5113,0.040691
3246.7442,0.040650
3246.9772,0.040604
3247.2101,0.040565
3247.4431,0.040539
3247.6760,0.040524
3247.9090,0.040511
3248.1420,0.040493
3248.3749,0.040467
3248.6079,0.040439
3248.8408,0.040417
3249.0738,0.040408
3249.3068,0.040416
3249.5397,0.040432
3249.7727,0.040443
3250.0056,0.040438
3250.2386,0.040409
3250.4716,0.040360
3250.7045,0.040299
3250.9375,0.040241
3251.1704,0.040197
3251.4034,0.040169
3251.6363,0.040154
3251.8693,0.040144
3252.1023,0.040132
3252.3352,0.040114
3252.5682,0.040091
3252.8011,0.040067
3253.0341,0.040045
3253.2671,0.040024
3253.5000,0.040003
3253.7330,0.039978
3253.9659,0.039946
3254.1989,0.039909
3254.4318,0.039870
3254.6648,0.039834
3254.8978,0.039804
3255.1307,0.039785
3255.3637,0.039777
3255.5966,0.039777
3255.8296,0.039785
3256.0626,0.039798
3256.2955,0.039810
3256.5285,0.039820
3256.7614,0.039822
3256.9944,0.039815
3257.2274,0.039798
3257.4603,0.039775
3257.6933,0.039752
3257.9262,0.039731
3258.1592,0.039715
3258.3921,0.039701
3258.6251,0.039683
3258.8581,0.039657
3259.0910,0.039620
3259.3240,0.039575
3259.5569,0.039530
3259.7899,0.039495
3260.0229,0.039474
3260.2558,0.039469
3260.4888,0.039476
3260.7217,0.039489
3260.9547,0.039501
3261.1876,0.039511
3261.4206,0.039520
3261.6536,0.039528
3261.8865,0.039537
3262.1195,0.039544
3262.3524,0.039543
3262.5854,0.039533
3262.8184,0.039513
3263.0513,0.039492
3263.2843,0.039478
3263.5172,0.039482
3263.7502,0.039505
3263.9832,0.039542
3264.2161,0.039580
3264.4491,0.039605
3264.6820,0.039607
3264.9150,0.039586
3265.1479,0.039548
3265.3809,0.039502
3265.6139,0.039455
3265.8468,0.039410
3266.0798,0.039365
3266.3127,0.039315
3266.5457,0.039262
3266.7787,0.039213
3267.0116,0.039180
3267.2446,0.039172
3267.4775,0.039189
3267.7105,0.039219
3267.9434,0.039241
3268.1764,0.039233
3268.4094,0.039180
3268.6423,0.039085
3268.8753,0.038966
3269.1082,0.038849
3269.3412,0.038758
3269.5742,0.038704
3269.8071,0.038686
3270.0401,0.038688
3270.2730,0.038694
3270.5060,0.038693
3270.7390,0.038685
3270.9719,0.038681
3271.2049,0.038694
3271.4378,0.038735
3271.6708,0.038804
3271.9037,0.038891
3272.1367,0.038979
3272.3697,0.039053
3272.6026,0.039099
3272.8356,0.039110
3273.0685,0.039087
3273.3015,0.039035
3273.5345,0.038961
3273.7674,0.038877
3274.0004,0.038794
3274.2333,0.038727
3274.4663,0.038683
3274.6992,0.038666
3274.9322,0.038666
3275.1652,0.038669
3275.3981,0.038661
3275.6311,0.038633
3275.8640,0.038591
3276.0970,0.038552
3276.3300,0.038540
3276.5629,0.038574
3276.7959,0.038658
3277.0288,0.038775
3277.2618,0.038892
3277.4948,0.038974
3277.7277,0.038996
3277.9607,0.038955
3278.1936,0.038866
3278.4266,0.038758
3278.6595,0.038662
3278.8925,0.038594
3279.1255,0.038553
3279.3584,0.038529
3279.5914,0.038504
3279.8243,0.038467
3280.0573,0.038420
3280.2903,0.038371
3280.5232,0.038336
3280.7562,0.038323
3280.9891,0.038338
3281.2221,0.038377
3281.4550,0.038437
3281.6880,0.038512
3281.9210,0.038597
3282.1539,0.038686
3282.3869,0.038767
3282.6198,0.038823
3282.8528,0.038838
3283.0858,0.038803
3283.3187,0.038722
3283.5517,0.038617
3283.7846,0.038515
3284.0176,0.038445
3284.2506,0.038416
3284.4835,0.038418
3284.7165,0.038422
3284.9494,0.038396
3285.1824,0.038318
3285.4153,0.038189
3285.6483,0.038035
3285.8813,0.037895
3286.1142,0.037802
3286.3472,0.037773
3286.5801,0.037799
3286.8131,0.037851
3287.0461,0.037897
3287.2790,0.037912
3287.5120,0.037891
3287.7449,0.037845
3287.9779,0.037792
3288.2108,0.037749
3288.4438,0.037721
3288.6768,0.037704
3288.9097,0.037689
3289.1427,0.037670
3289.3756,0.037651
3289.6086,0.037639
3289.8416,0.037644
3290.0745,0.037665
3290.3075,0.037696
3290.5404,0.037723
3290.7734,0.037734
3291.0064,0.037727
3291.2393,0.037714
3291.4723,0.037712
3291.7052,0.037737
3291.9382,0.037793
3292.1711,0.037871
3292.4041,0.037949
3292.6371,0.038006
3292.8700,0.038032
3293.1030,0.038027
3293.3359,0.038005
3293.5689,0.037982
3293.8019,0.037966
3294.0348,0.037954
3294.2678,0.037934
3294.5007,0.037892
3294.7337,0.037825
3294.9666,0.037740
3295.1996,0.037655
3295.4326,0.037589
3295.6655,0.037555
3295.8985,0.037553
3296.1314,0.037573
3296.3644,0.037600
3296.5974,0.037628
3296.8303,0.037655
3297.0633,0.037687
3297.2962,0.037729
3297.5292,0.037778
3297.7622,0.037818
3297.9951,0.037831
3298.2281,0.037800
3298.4610,0.037724
3298.6940,0.037619
3298.9269,0.037513
3299.1599,0.037435
3299.3929,0.037402
3299.6258,0.037410
3299.8588,0.037436
3300.0917,0.037451
3300.3247,0.037431
3300.5577,0.037364
3300.7906,0.037261
3301.0236,0.037142
3301.2565,0.037029
3301.4895,0.036940
3301.7224,0.036878
3301.9554,0.036839
3302.1884,0.036818
3302.4213,0.036811
3302.6543,0.036817
3302.8872,0.036838
3303.1202,0.036873
3303.3532,0.036912
3303.5861,0.036942
3303.8191,0.036951
3304.0520,0.036931
3304.2850,0.036887
3304.5180,0.036835
3304.7509,0.036793
3304.9839,0.036776
3305.2168,0.036794
3305.4498,0.036842
3305.6827,0.036914
3305.9157,0.036996
3306.1487,0.037078
3306.3816,0.037151
3306.6146,0.037207
3306.8475,0.037235
3307.0805,0.037224
3307.3135,0.037171
3307.5464,0.037078
3307.7794,0.036962
3308.0123,0.036851
3308.2453,0.036773
3308.4782,0.036747
3308.7112,0.036778
3308.9442,0.036853
3309.1771,0.036945
3309.4101,0.037027
3309.6430,0.037079
3309.8760,0.037096
3310.1090,0.037081
3310.3419,0.037044
3310.5749,0.036989
3310.8078,0.036915
3311.0408,0.036818
3311.2738,0.036699
3311.5067,0.036569
3311.7397,0.036450
3311.9726,0.036372
3312.2056,0.036356
3312.4385,0.036405
3312.6715,0.036505
3312.9045,0.036622
3313.1374,0.036724
3313.3704,0.036787
3313.6033,0.036804
3313.8363,0.036789
3314.0693,0.036763
3314.3022,0.036741
3314.5352,0.036728
3314.7681,0.036714
3315.0011,0.036685
3315.2340,0.036630
3315.4670,0.036550
3315.7000,0.036459
3315.9329,0.036379
3316.1659,0.036329
3316.3988,0.036315
3316.6318,0.036332
3316.8648,0.036364
3317.0977,0.036395
3317.3307,0.036415
3317.5636,0.036424
3317.7966,0.036427
3318.0296,0.036430
3318.2625,0.036432
3318.4955,0.036423
3318.7284,0.036393
3318.9614,0.036330
3319.1943,0.036235
3319.4273,0.036118
3319.6603,0.035995
3319.8932,0.035886
3320.1262,0.035801
3320.3591,0.035748
3320.5921,0.035722
3320.8251,0.035718
3321.0580,0.035730
3321.2910,0.035752
3321.5239,0.035779
3321.7569,0.035806
3321.9898,0.035827
3322.2228,0.035835
3322.4558,0.035830
3322.6887,0.035813
3322.9217,0.035796
3323.1546,0.035788
3323.3876,0.035797
3323.6206,0.035822
3323.8535,0.035856
3324.0865,0.035886
3324.3194,0.035904
3324.5524,0.035907
3324.7854,0.035906
3325.0183,0.035913
3325.2513,0.035942
3325.4842,0.035996
3325.7172,0.036066
3325.9501,0.036133
3326.1831,0.036177
3326.4161,0.036183
3326.6490,0.036147
3326.8820,0.036077
3327.1149,0.035986
3327.3479,0.035891
3327.5809,0.035801
3327.8138,0.035721
3328.0468,0.035653
3328.2797,0.035601
3328.5127,0.035567
3328.7456,0.035556
3328.9786,0.035567
3329.2116,0.035594
3329.4445,0.035626
3329.6775,0.035648
3329.9104,0.035649
3330.1434,0.035625
3330.3764,0.035583
3330.6093,0.035534
3330.8423,0.035492
3331.0752,0.035461
3331.3082,0.035444
3331.5412,0.035433
3331.7741,0.035425
3332.0071,0.035419
3332.2400,0.035420
3332.4730,0.035435
3332.7059,0.035468
3332.9389,0.035514
3333.1719,0.035558
3333.4048,0.035583
3333.6378,0.035573
3333.8707,0.035524
3334.1037,0.035445
3334.3367,0.035354
3334.5696,0.035275
3334.8026,0.035224
3335.0355,0.035208
3335.2685,0.035221
3335.5014,0.035253
3335.7344,0.035288
3335.9674,0.035317
3336.2003,0.035330
3336.4333,0.035324
3336.6662,0.035298
3336.8992,0.035252
3337.1322,0.035190
3337.3651,0.035122
3337.5981,0.035059
3337.8310,0.035017
3338.0640,0.035005
3338.2970,0.035024
3338.5299,0.035065
3338.7629,0.035115
3338.9958,0.035161
3339.2288,0.035196
3339.4617,0.035225
3339.6947,0.035258
3339.9277,0.035303
3340.1606,0.035360
3340.3936,0.035416
3340.6265,0.035447
3340.8595,0.035432
3341.0925,0.035356
3341.3254,0.035226
3341.5584,0.035064
3341.7913,0.034902
3342.0243,0.034770
3342.2572,0.034687
3342.4902,0.034656
3342.7232,0.034667
3342.9561,0.034708
3343.1891,0.034771
3343.4220,0.034852
3343.6550,0.034950
3343.8880,0.035061
3344.1209,0.035177
3344.3539,0.035281
3344.5868,0.035355
3344.8198,0.035390
3345.0528,0.035387
3345.2857,0.035361
3345.5187,0.035330
3345.7516,0.035310
3345.9846,0.035306
3346.2175,0.035313
3346.4505,0.035317
3346.6835,0.035308
3346.9164,0.035283
3347.1494,0.035250
3347.3823,0.035218
3347.6153,0.035196
3347.8483,0.035179
3348.0812,0.035156
3348.3142,0.035110
3348.5471,0.035031
3348.7801,0.034921
3349.0130,0.034798
3349.2460,0.034685
3349.4790,0.034605
3349.7119,0.034566
3349.9449,0.034567
3350.1778,0.034596
3350.4108,0.034639
3350.6438,0.034692
3350.8767,0.034758
3351.1097,0.034841
3351.3426,0.034943
3351.5756,0.035052
3351.8086,0.035148
3352.0415,0.035207
3352.2745,0.035212
3352.5074,0.035161
3352.7404,0.035071
3352.9733,0.034970
3353.2063,0.034885
3353.4393,0.034834
3353.6722,0.034816
3353.9052,0.034819
3354.1381,0.034823
3354.3711,0.034815
3354.6041,0.034789
3354.8370,0.034750
3355.0700,0.034703
3355.3029,0.034653
3355.5359,0.034599
3355.7688,0.034536
3356.0018,0.034464
3356.2348,0.034388
3356.4677,0.034320
3356.7007,0.034270
3356.9336,0.034245
3357.1666,0.034234
3357.3996,0.034221
3357.6325,0.034184
3357.8655,0.034112
3358.0984,0.034009
3358.3314,0.033892
3358.5643,0.033790
3358.7973,0.033728
3359.0303,0.033714
3359.2632,0.033745
3359.4962,0.033802
3359.7291,0.033867
3359.9621,0.033927
3360.1951,0.033978
3360.4280,0.034027
3360.6610,0.034076
3360.8939,0.034124
3361.1269,0.034161
3361.3599,0.034174
3361.5928,0.034156
3361.8258,0.034108
3362.0587,0.034044
3362.2917,0.033980
3362.5246,0.033929
3362.7576,0.033893
3362.9906,0.033860
3363.2235,0.033817
3363.4565,0.033756
3363.6894,0.033680
3363.9224,0.033607
3364.1554,0.033557
3364.3883,0.033542
3364.6213,0.033560
3364.8542,0.033594
3365.0872,0.033618
3365.3201,0.033615
3365.5531,0.033587
3365.7861,0.033554
3366.0190,0.033550
3366.2520,0.033606
3366.4849,0.033735
3366.7179,0.033926
3366.9509,0.034150
3367.1838,0.034369
3367.4168,0.034550
3367.6497,0.034677
3367.8827,0.034747
3368.1157,0.034770
3368.3486,0.034755
3368.5816,0.034708
3368.8145,0.034634
3369.0475,0.034539
3369.2804,0.034439
3369.5134,0.034358
3369.7464,0.034319
3369.9793,0.034340
3370.2123,0.034422
3370.4452,0.034545
3370.6782,0.034680
3370.9112,0.034795
3371.1441,0.034870
3371.3771,0.034899
3371.6100,0.034888
3371.8430,0.034849
3372.0759,0.034789
3372.3089,0.034709
3372.5419,0.034605
3372.7748,0.034474
3373.0078,0.034322
3373.2407,0.034167
3373.4737,0.034026
3373.7067,0.033912
3373.9396,0.033823
3374.1726,0.033745
3374.4055,0.033657
3374.6385,0.033544
3374.8715,0.033409
3375.1044,0.033275
3375.3374,0.033174
3375.5703,0.033135
3375.8033,0.033170
3376.0362,0.033270
3376.2692,0.033407
3376.5022,0.033547
3376.7351,0.033664
3376.9681,0.033749
3377.2010,0.033805
3377.4340,0.033843
3377.6670,0.033867
3377.8999,0.033871
3378.1329,0.033839
3378.3658,0.033757
3378.5988,0.033618
3378.8317,0.033432
3379.0647,0.033225
3379.2977,0.033023
3379.5306,0.032846
3379.7636,0.032703
3379.9965,0.032586
3380.2295,0.032485
3380.4625,0.032393
3380.6954,0.032313
3380.9284,0.032254
3381.1613,0.032226
3381.3943,0.032229
3381.6273,0.032251
3381.8602,0.032272
3382.0932,0.032269
3382.3261,0.032231
3382.5591,0.032164
3382.7920,0.032087
3383.0250,0.032023
3383.2580,0.031989
3383.4909,0.031990
3383.7239,0.032013
3383.9568,0.032037
3384.1898,0.032047
3384.4228,0.032033
3384.6557,0.032000
3384.8887,0.031962
3385.1216,0.031930
3385.3546,0.031914
3385.5875,0.031911
3385.8205,0.031916
3386.0535,0.031921
3386.2864,0.031922
3386.5194,0.031920
3386.7523,0.031918
3386.9853,0.031913
3387.2183,0.031902
3387.4512,0.031878
3387.6842,0.031839
3387.9171,0.031788
3388.1501,0.031735
3388.3831,0.031696
3388.6160,0.031683
3388.8490,0.031700
3389.0819,0.031741
3389.3149,0.031793
3389.5478,0.031839
3389.7808,0.031871
3390.0138,0.031889
3390.2467,0.031898
3390.4797,0.031911
3390.7126,0.031935
3390.9456,0.031974
3391.1786,0.032027
3391.4115,0.032091
3391.6445,0.032166
3391.8774,0.032254
3392.1104,0.032357
3392.3433,0.032470
3392.5763,0.032584
3392.8093,0.032683
3393.0422,0.032751
3393.2752,0.032778
3393.5081,0.032764
3393.7411,0.032719
3393.9741,0.032660
3394.2070,0.032600
3394.4400,0.032545
3394.6729,0.032492
3394.9059,0.032437
3395.1389,0.032378
3395.3718,0.032318
3395.6048,0.032268
3395.8377,0.032234
3396.0707,0.032217
3396.3036,0.032207
3396.5366,0.032188
3396.7696,0.032147
3397.0025,0.032083
3397.2355,0.032015
3397.4684,0.031972
3397.7014,0.031986
3397.9344,0.032074
3398.1673,0.032228
3398.4003,0.032415
3398.6332,0.032586
3398.8662,0.032696
3399.0991,0.032718
3399.3321,0.032656
3399.5651,0.032537
3399.7980,0.032401
3400.0310,0.032289
3400.2639,0.032228
3400.4969,0.032228
3400.7299,0.032285
3400.9628,0.032388
3401.1958,0.032519
3401.4287,0.032659
3401.6617,0.032788
3401.8947,0.032886
3402.1276,0.032934
3402.3606,0.032923
3402.5935,0.032857
3402.8265,0.032753
3403.0594,0.032642
3403.2924,0.032550
3403.5254,0.032491
3403.7583,0.032462
3403.9913,0.032438
3404.2242,0.032393
3404.4572,0.032306
3404.6902,0.032175
3404.9231,0.032020
3405.1561,0.031874
3405.3890,0.031768
3405.6220,0.031722
3405.8549,0.031734
3406.0879,0.031789
3406.3209,0.031867
3406.5538,0.031949
3406.7868,0.032027
3407.0197,0.032101
3407.2527,0.032171
3407.4857,0.032231
3407.7186,0.032266
3407.9516,0.032264
3408.1845,0.032215
3408.4175,0.032130
3408.6505,0.032029
3408.8834,0.031944
3409.1164,0.031898
3409.3493,0.031898
3409.5823,0.031933
3409.8152,0.031974
3410.0482,0.031992
3410.2812,0.031970
3410.5141,0.031910
3410.7471,0.031828
3410.9800,0.031749
3411.2130,0.031693
3411.4460,0.031667
3411.6789,0.031668
3411.9119,0.031686
3412.1448,0.031715
3412.3778,0.031757
3412.6107,0.031819
3412.8437,0.031913
3413.0767,0.032040
3413.3096,0.032189
3413.5426,0.032342
3413.7755,0.032475
3414.0085,0.032569
3414.2415,0.032615
3414.4744,0.032618
3414.7074,0.032584
3414.9403,0.032524
3415.1733,0.032444
3415.4063,0.032346
3415.6392,0.032236
3415.8722,0.032120
3416.1051,0.032012
3416.3381,0.031922
3416.5710,0.031859
3416.8040,0.031820
3417.0370,0.031794
3417.2699,0.031769
3417.5029,0.031737
3417.7358,0.031698
3417.9688,0.031664
3418.2018,0.031648
3418.4347,0.031656
3418.6677,0.031682
3418.9006,0.031706
3419.1336,0.031705
3419.3665,0.031659
3419.5995,0.031564
3419.8325,0.031433
3420.0654,0.031291
3420.2984,0.031165
3420.5313,0.031074
3420.7643,0.031025
3420.9973,0.031015
3421.2302,0.031034
3421.4632,0.031076
3421.6961,0.031140
3421.9291,0.031224
3422.1621,0.031324
3422.3950,0.031430
3422.6280,0.031522
3422.8609,0.031581
3423.0939,0.031597
3423.3268,0.031570
3423.5598,0.031517
3423.7928,0.031459
3424.0257,0.031415
3424.2587,0.031391
3424.4916,0.031379
3424.7246,0.031367
3424.9576,0.031340
3425.1905,0.031298
3425.4235,0.031250
3425.6564,0.031214
3425.8894,0.031204
3426.1223,0.031222
3426.3553,0.031256
3426.5883,0.031282
3426.8212,0.031282
3427.0542,0.031246
3427.2871,0.031182
3427.5201,0.031112
3427.7531,0.031063
3427.9860,0.031052
3428.2190,0.031083
3428.4519,0.031146
3428.6849,0.031222
3428.9179,0.031292
3429.1508,0.031345
3429.3838,0.031376
3429.6167,0.031391
3429.8497,0.031391
3430.0826,0.031379
3430.3156,0.031353
3430.5486,0.031310
3430.7815,0.031250
3431.0145,0.031181
3431.2474,0.031112
3431.4804,0.031053
3431.7134,0.031012
3431.9463,0.030990
3432.1793,0.030987
3432.4122,0.030999
3432.6452,0.031024
3432.8781,0.031061
3433.1111,0.031103
3433.3441,0.031143
3433.5770,0.031170
3433.8100,0.031175
3434.0429,0.031156
3434.2759,0.031125
3434.5089,0.031104
3434.7418,0.031119
3434.9748,0.031190
3435.2077,0.031320
3435.4407,0.031490
3435.6737,0.031666
3435.9066,0.031810
3436.1396,0.031893
3436.3725,0.031903
3436.6055,0.031850
3436.8384,0.031758
3437.0714,0.031656
3437.3044,0.031568
3437.5373,0.031504
3437.7703,0.031466
3438.0032,0.031448
3438.2362,0.031444
3438.4692,0.031447
3438.7021,0.031453
3438.9351,0.031455
3439.1680,0.031448
3439.4010,0.031425
3439.6339,0.031389
3439.8669,0.031347
3440.0999,0.031312
3440.3328,0.031299
3440.5658,0.031311
3440.7987,0.031340
3441.0317,0.031365
3441.2647,0.031363
3441.4976,0.031322
3441.7306,0.031247
3441.9635,0.031163
3442.1965,0.031104
3442.4295,0.031097
3442.6624,0.031147
3442.8954,0.031236
3443.1283,0.031324
3443.3613,0.031371
3443.5942,0.031347
3443.8272,0.031252
3444.0602,0.031108
3444.2931,0.030955
3444.5261,0.030828
3444.7590,0.030748
3444.9920,0.030719
3445.2250,0.030734
3445.4579,0.030783
3445.6909,0.030862
3445.9238,0.030973
3446.1568,0.031117
3446.3897,0.031288
3446.6227,0.031471
3446.8557,0.031640
3447.0886,0.031773
3447.3216,0.031861
3447.5545,0.031909
3447.7875,0.031938
3448.0205,0.031968
3448.2534,0.032009
3448.4864,0.032051
3448.7193,0.032069
3448.9523,0.032038
3449.1853,0.031947
3449.4182,0.031807
3449.6512,0.031649
3449.8841,0.031508
3450.1171,0.031407
3450.3500,0.031350
3450.5830,0.031316
3450.8160,0.031278
3451.0489,0.031212
3451.2819,0.031116
3451.5148,0.031005
3451.7478,0.030906
3451.9808,0.030843
3452.2137,0.030820
3452.4467,0.030827
3452.6796,0.030839
3452.9126,0.030840
3453.1455,0.030829
3453.3785,0.030822
3453.6115,0.030845
3453.8444,0.030915
3454.0774,0.031030
3454.3103,0.031163
3454.5433,0.031271
3454.7763,0.031315
3455.0092,0.031276
3455.2422,0.031166
3455.4751,0.031021
3455.7081,0.030889
3455.9411,0.030810
3456.1740,0.030803
3456.4070,0.030863
3456.6399,0.030969
3456.8729,0.031093
3457.1058,0.031210
3457.3388,0.031303
3457.5718,0.031366
3457.8047,0.031396
3458.0377,0.031393
3458.2706,0.031360
3458.5036,0.031307
3458.7366,0.031249
3458.9695,0.031207
3459.2025,0.031197
3459.4354,0.031226
3459.6684,0.031284
3459.9013,0.031349
3460.1343,0.031394
3460.3673,0.031397
3460.6002,0.031354
3460.8332,0.031275
3461.0661,0.031184
3461.2991,0.031101
3461.5321,0.031042
3461.7650,0.031009
3461.9980,0.030998
3462.2309,0.031000
3462.4639,0.031013
3462.6969,0.031038
3462.9298,0.031077
3463.1628,0.031126
3463.3957,0.031174
3463.6287,0.031207
3463.8616,0.031212
3464.0946,0.031187
3464.3276,0.031146
3464.5605,0.031108
3464.7935,0.031094
3465.0264,0.031110
3465.2594,0.031142
3465.4924,0.031165
3465.7253,0.031151
3465.9583,0.031089
3466.1912,0.030993
3466.4242,0.030896
3466.6571,0.030843
3466.8901,0.030867
3467.1231,0.030976
3467.3560,0.031149
3467.5890,0.031343
3467.8219,0.031511
3468.0549,0.031618
3468.2879,0.031652
3468.5208,0.031625
3468.7538,0.031562
3468.9867,0.031491
3469.2197,0.031430
3469.4527,0.031392
3469.6856,0.031381
3469.9186,0.031397
3470.1515,0.031442
3470.3845,0.031512
3470.6174,0.031598
3470.8504,0.031681
3471.0834,0.031738
3471.3163,0.031747
3471.5493,0.031696
3471.7822,0.031591
3472.0152,0.031447
3472.2482,0.031287
3472.4811,0.031128
3472.7141,0.030973
3472.9470,0.030819
3473.1800,0.030661
3473.4129,0.030501
3473.6459,0.030357
3473.8789,0.030252
3474.1118,0.030213
3474.3448,0.030247
3474.5777,0.030341
3474.8107,0.030465
3475.0437,0.030580
3475.2766,0.030656
3475.5096,0.030682
3475.7425,0.030671
3475.9755,0.030647
3476.2085,0.030634
3476.4414,0.030642
3476.6744,0.030666
3476.9073,0.030688
3477.1403,0.030694
3477.3732,0.030678
3477.6062,0.030647
3477.8392,0.030618
3478.0721,0.030604
3478.3051,0.030612
3478.5380,0.030637
3478.7710,0.030670
3479.0040,0.030706
3479.2369,0.030749
3479.4699,0.030813
3479.7028,0.030910
3479.9358,0.031043
3480.1687,0.031197
3480.4017,0.031343
3480.6347,0.031449
3480.8676,0.031497
3481.1006,0.031487
3481.3335,0.031442
3481.5665,0.031396
3481.7995,0.031375
3482.0324,0.031388
3482.2654,0.031426
3482.4983,0.031466
3482.7313,0.031491
3482.9643,0.031497
3483.1972,0.031499
3483.4302,0.031515
3483.6631,0.031556
3483.8961,0.031612
3484.1290,0.031650
3484.3620,0.031625
3484.5950,0.031505
3484.8279,0.031283
3485.0609,0.030989
3485.2938,0.030679
3485.5268,0.030415
3485.7598,0.030248
3485.9927,0.030197
3486.2257,0.030255
3486.4586,0.030390
3486.6916,0.030565
3486.9245,0.030748
3487.1575,0.030921
3487.3905,0.031078
3487.6234,0.031213
3487.8564,0.031323
3488.0893,0.031399
3488.3223,0.031432
3488.5553,0.031421
3488.7882,0.031373
3489.0212,0.031301
3489.2541,0.031222
3489.4871,0.031143
3489.7201,0.031065
3489.9530,0.030981
3490.1860,0.030886
3490.4189,0.030782
3490.6519,0.030676
3490.8848,0.030585
3491.1178,0.030519
3491.3508,0.030485
3491.5837,0.030476
3491.8167,0.030481
3492.0496,0.030488
3492.2826,0.030493
3492.5156,0.030501
3492.7485,0.030520
3492.9815,0.030558
3493.2144,0.030614
3493.4474,0.030680
3493.6803,0.030743
3493.9133,0.030792
3494.1463,0.030825
3494.3792,0.030850
3494.6122,0.030877
3494.8451,0.030915
3495.0781,0.030963
3495.3111,0.031011
3495.5440,0.031043
3495.7770,0.031050
3496.0099,0.031029
3496.2429,0.030990
3496.4758,0.030951
3496.7088,0.030926
3496.9418,0.030921
3497.1747,0.030931
3497.4077,0.030945
3497.6406,0.030953
3497.8736,0.030949
3498.1066,0.030934
3498.3395,0.030915
3498.5725,0.030893
3498.8054,0.030864
3499.0384,0.030820
3499.2714,0.030750
3499.5043,0.030655
3499.7373,0.030545
3499.9702,0.030441
3500.2032,0.030368
3500.4361,0.030345
3500.6691,0.030381
3500.9021,0.030469
3501.1350,0.030598
3501.3680,0.030757
3501.6009,0.030940
3501.8339,0.031144
3502.0669,0.031367
3502.2998,0.031601
3502.5328,0.031829
3502.7657,0.032028
3502.9987,0.032179
3503.2316,0.032271
3503.4646,0.032309
3503.6976,0.032310
3503.9305,0.032293
3504.1635,0.032265
3504.3964,0.032221
3504.6294,0.032141
3504.8624,0.032009
3505.0953,0.031821
3505.3283,0.031594
3505.5612,0.031361
3505.7942,0.031161
3506.0272,0.031021
3506.2601,0.030944
3506.4931,0.030912
3506.7260,0.030894
3506.9590,0.030859
3507.1919,0.030789
3507.4249,0.030685
3507.6579,0.030563
3507.8908,0.030445
3508.1238,0.030347
3508.3567,0.030280
3508.5897,0.030250
3508.8227,0.030264
3509.0556,0.030330
3509.2886,0.030463
3509.5215,0.030668
3509.7545,0.030934
3509.9874,0.031230
3510.2204,0.031505
3510.4534,0.031702
3510.6863,0.031776
3510.9193,0.031709
3511.1522,0.031520
3511.3852,0.031252
3511.6182,0.030966
3511.8511,0.030713
3512.0841,0.030532
3512.3170,0.030439
3512.5500,0.030434
3512.7830,0.030503
3513.0159,0.030627
3513.2489,0.030780
3513.4818,0.030931
3513.7148,0.031054
3513.9477,0.031123
3514.1807,0.031125
3514.4137,0.031064
3514.6466,0.030961
3514.8796,0.030844
3515.1125,0.030742
3515.3455,0.030670
3515.5785,0.030626
3515.8114,0.030593
3516.0444,0.030550
3516.2773,0.030484
3516.5103,0.030400
3516.7432,0.030317
3516.9762,0.030264
3517.2092,0.030263
3517.4421,0.030322
3517.6751,0.030427
3517.9080,0.030553
3518.1410,0.030671
3518.3740,0.030758
3518.6069,0.030804
3518.8399,0.030814
3519.0728,0.030799
3519.3058,0.030769
3519.5388,0.030732
3519.7717,0.030689
3520.0047,0.030640
3520.2376,0.030588
3520.4706,0.030536
3520.7035,0.030488
3520.9365,0.030448
3521.1695,0.030417
3521.4024,0.030395
3521.6354,0.030386
3521.8683,0.030399
3522.1013,0.030446
3522.3343,0.030537
3522.5672,0.030675
3522.8002,0.030849
3523.0331,0.031037
3523.2661,0.031212
3523.4990,0.031354
3523.7320,0.031453
3523.9650,0.031516
3524.1979,0.031562
3524.4309,0.031607
3524.6638,0.031657
3524.8968,0.031703
3525.1298,0.031729
3525.3627,0.031719
3525.5957,0.031669
3525.8286,0.031591
3526.0616,0.031509
3526.2946,0.031448
3526.5275,0.031422
3526.7605,0.031428
3526.9934,0.031451
3527.2264,0.031469
3527.4593,0.031467
3527.6923,0.031441
3527.9253,0.031400
3528.1582,0.031360
3528.3912,0.031331
3528.6241,0.031318
3528.8571,0.031318
3529.0901,0.031329
3529.3230,0.031354
3529.5560,0.031402
3529.7889,0.031480
3530.0219,0.031587
3530.2548,0.031703
3530.4878,0.031798
3530.7208,0.031834
3530.9537,0.031787
3531.1867,0.031655
3531.4196,0.031466
3531.6526,0.031269
3531.8856,0.031115
3532.1185,0.031039
3532.3515,0.031045
3532.5844,0.031115
3532.8174,0.031209
3533.0504,0.031288
3533.2833,0.031322
3533.5163,0.031295
3533.7492,0.031207
3533.9822,0.031059
3534.2151,0.030859
3534.4481,0.030612
3534.6811,0.030336
3534.9140,0.030059
3535.1470,0.029822
3535.3799,0.029669
3535.6129,0.029630
3535.8459,0.029709
3536.0788,0.029883
3536.3118,0.030105
3536.5447,0.030325
3536.7777,0.030504
3537.0106,0.030626
3537.2436,0.030701
3537.4766,0.030749
3537.7095,0.030788
3537.9425,0.030819
3538.1754,0.030827
3538.4084,0.030790
3538.6414,0.030691
3538.8743,0.030533
3539.1073,0.030342
3539.3402,0.030155
3539.5732,0.030009
3539.8062,0.029928
3540.0391,0.029917
3540.2721,0.029964
3540.5050,0.030048
3540.7380,0.030150
3540.9709,0.030256
3541.2039,0.030358
3541.4369,0.030451
3541.6698,0.030531
3541.9028,0.030591
3542.1357,0.030630
3542.3687,0.030653
3542.6017,0.030674
3542.8346,0.030712
3543.0676,0.030784
3543.3005,0.030895
3543.5335,0.031035
3543.7664,0.031185
3543.9994,0.031319
3544.2324,0.031424
3544.4653,0.031500
3544.6983,0.031562
3544.9312,0.031632
3545.1642,0.031729
3545.3972,0.031858
3545.6301,0.032009
3545.8631,0.032166
3546.0960,0.032307
3546.3290,0.032421
3546.5620,0.032505
3546.7949,0.032559
3547.0279,0.032588
3547.2608,0.032590
3547.4938,0.032562
3547.7267,0.032499
3547.9597,0.032406
3548.1927,0.032295
3548.4256,0.032181
3548.6586,0.032077
3548.8915,0.031983
3549.1245,0.031892
3549.3575,0.031788
3549.5904,0.031659
3549.8234,0.031504
3550.0563,0.031336
3550.2893,0.031176
3550.5222,0.031042
3550.7552,0.030943
3550.9882,0.030873
3551.2211,0.030820
3551.4541,0.030776
3551.6870,0.030741
3551.9200,0.030731
3552.1530,0.030767
3552.3859,0.030865
3552.6189,0.031021
3552.8518,0.031210
3553.0848,0.031389
3553.3178,0.031514
3553.5507,0.031557
3553.7837,0.031514
3554.0166,0.031407
3554.2496,0.031269
3554.4825,0.031128
3554.7155,0.030998
3554.9485,0.030878
3555.1814,0.030758
3555.4144,0.030634
3555.6473,0.030508
3555.8803,0.030392
3556.1133,0.030300
3556.3462,0.030237
3556.5792,0.030195
3556.8121,0.030156
3557.0451,0.030099
3557.2780,0.030011
3557.5110,0.029897
3557.7440,0.029775
3557.9769,0.029666
3558.2099,0.029586
3558.4428,0.029535
3558.6758,0.029504
3558.9088,0.029479
3559.1417,0.029453
3559.3747,0.029436
3559.6076,0.029447
3559.8406,0.029511
3560.0736,0.029642
3560.3065,0.029834
3560.5395,0.030062
3560.7724,0.030289
3561.0054,0.030483
3561.2383,0.030623
3561.4713,0.030710
3561.7043,0.030759
3561.9372,0.030794
3562.1702,0.030829
3562.4031,0.030868
3562.6361,0.030905
3562.8691,0.030929
3563.1020,0.030938
3563.3350,0.030936
3563.5679,0.030939
3563.8009,0.030968
3564.0338,0.031042
3564.2668,0.031174
3564.4998,0.031368
3564.7327,0.031617
3564.9657,0.031910
3565.1986,0.032231
3565.4316,0.032565
3565.6646,0.032897
3565.8975,0.033217
3566.1305,0.033526
3566.3634,0.033825
3566.5964,0.034122
3566.8294,0.034419
3567.0623,0.034707
3567.2953,0.034963
3567.5282,0.035157
3567.7612,0.035260
3567.9941,0.035261
3568.2271,0.035175
3568.4601,0.035038
3568.6930,0.034893
3568.9260,0.034769
3569.1589,0.034662
3569.3919,0.034537
3569.6249,0.034341
3569.8578,0.034030
3570.0908,0.033591
3570.3237,0.033058
3570.5567,0.032495
3570.7896,0.031980
3571.0226,0.031570
3571.2556,0.031283
3571.4885,0.031099
3571.7215,0.030968
3571.9544,0.030839
3572.1874,0.030681
3572.4204,0.030496
3572.6533,0.030319
3572.8863,0.030198
3573.1192,0.030165
3573.3522,0.030223
3573.5852,0.030345
3573.8181,0.030481
3574.0511,0.030584
3574.2840,0.030626
3574.5170,0.030607
3574.7499,0.030552
3574.9829,0.030494
3575.2159,0.030460
3575.4488,0.030460
3575.6818,0.030485
3575.9147,0.030520
3576.1477,0.030547
3576.3807,0.030560
3576.6136,0.030559
3576.8466,0.030551
3577.0795,0.030542
3577.3125,0.030534
3577.5454,0.030529
3577.7784,0.030527
3578.0114,0.030528
3578.2443,0.030537
3578.4773,0.030553
3578.7102,0.030572
3578.9432,0.030584
3579.1762,0.030580
3579.4091,0.030556
3579.6421,0.030519
3579.8750,0.030481
3580.1080,0.030462
3580.3410,0.030472
3580.5739,0.030508
3580.8069,0.030553
3581.0398,0.030579
3581.2728,0.030565
3581.5057,0.030502
3581.7387,0.030402
3581.9717,0.030291
3582.2046,0.030199
3582.4376,0.030148
3582.6705,0.030143
3582.9035,0.030178
3583.1365,0.030239
3583.3694,0.030314
3583.6024,0.030401
3583.8353,0.030502
3584.0683,0.030621
3584.3012,0.030757
3584.5342,0.030897
3584.7672,0.031024
3585.0001,0.031125
3585.2331,0.031197
3585.4660,0.031256
3585.6990,0.031332
3585.9320,0.031459
3586.1649,0.031666
3586.3979,0.031967
3586.6308,0.032360
3586.8638,0.032826
3587.0968,0.033337
3587.3297,0.033859
3587.5627,0.034351
3587.7956,0.034771
3588.0286,0.035081
3588.2615,0.035252
3588.4945,0.035276
3588.7275,0.035172
3588.9604,0.034976
3589.1934,0.034733
3589.4263,0.034482
3589.6593,0.034235
3589.8923,0.033979
3590.1252,0.033676
3590.3582,0.033293
3590.5911,0.032817
3590.8241,0.032272
3591.0570,0.031718
3591.2900,0.031225
3591.5230,0.030861
3591.7559,0.030660
3591.9889,0.030622
3592.2218,0.030717
3592.4548,0.030892
3592.6878,0.031099
3592.9207,0.031303
3593.1537,0.031491
3593.3866,0.031667
3593.6196,0.031839
3593.8526,0.032006
3594.0855,0.032157
3594.3185,0.032273
3594.5514,0.032343
3594.7844,0.032373
3595.0173,0.032384
3595.2503,0.032407
3595.4833,0.032470
3595.7162,0.032580
3595.9492,0.032720
3596.1821,0.032857
3596.4151,0.032948
3596.6481,0.032959
3596.8810,0.032869
3597.1140,0.032682
3597.3469,0.032415
3597.5799,0.032098
3597.8128,0.031760
3598.0458,0.031437
3598.2788,0.031161
3598.5117,0.030963
3598.7447,0.030867
3598.9776,0.030884
3599.2106,0.031003
3599.4436,0.031195
3599.6765,0.031415
3599.9095,0.031616
3600.1424,0.031764
3600.3754,0.031842
3600.6084,0.031858
3600.8413,0.031831
3601.0743,0.031786
3601.3072,0.031738
3601.5402,0.031693
3601.7731,0.031644
3602.0061,0.031581
3602.2391,0.031498
3602.4720,0.031395
3602.7050,0.031277
3602.9379,0.031156
3603.1709,0.031041
3603.4039,0.030943
3603.6368,0.030867
3603.8698,0.030814
3604.1027,0.030784
3604.3357,0.030771
3604.5686,0.030762
3604.8016,0.030742
3605.0346,0.030695
3605.2675,0.030611
3605.5005,0.030492
3605.7334,0.030354
3605.9664,0.030221
3606.1994,0.030126
3606.4323,0.030096
3606.6653,0.030151
3606.8982,0.030300
3607.1312,0.030546
3607.3642,0.030885
3607.5971,0.031307
3607.8301,0.031790
3608.0630,0.032300
3608.2960,0.032789
3608.5289,0.033208
3608.7619,0.033519
3608.9949,0.033711
3609.2278,0.033803
3609.4608,0.033839
3609.6937,0.033867
3609.9267,0.033915
3610.1597,0.033973
3610.3926,0.033993
3610.6256,0.033907
3610.8585,0.033657
3611.0915,0.033233
3611.3244,0.032685
3611.5574,0.032113
3611.7904,0.031632
3612.0233,0.031338
3612.2563,0.031285
3612.4892,0.031478
3612.7222,0.031876
3612.9552,0.032403
3613.1881,0.032969
3613.4211,0.033486
3613.6540,0.033885
3613.8870,0.034122
3614.1200,0.034185
3614.3529,0.034085
3614.5859,0.033856
3614.8188,0.033549
3615.0518,0.033221
3615.2847,0.032932
3615.5177,0.032727
3615.7507,0.032623
3615.9836,0.032604
3616.2166,0.032625
3616.4495,0.032627
3616.6825,0.032564
3616.9155,0.032424
3617.1484,0.032234
3617.3814,0.032047
3617.6143,0.031927
3617.8473,0.031922
3618.0802,0.032047
3618.3132,0.032288
3618.5462,0.032603
3618.7791,0.032947
3619.0121,0.033280
3619.2450,0.033586
3619.4780,0.033865
3619.7110,0.034120
3619.9439,0.034347
3620.1769,0.034525
3620.4098,0.034621
3620.6428,0.034600
3620.8758,0.034442
3621.1087,0.034147
3621.3417,0.033740
3621.5746,0.033256
3621.8076,0.032736
3622.0405,0.032212
3622.2735,0.031712
3622.5065,0.031258
3622.7394,0.030865
3622.9724,0.030545
3623.2053,0.030300
3623.4383,0.030125
3623.6713,0.030006
3623.9042,0.029928
3624.1372,0.029881
3624.3701,0.029863
3624.6031,0.029881
3624.8360,0.029944
3625.0690,0.030056
3625.3020,0.030211
3625.5349,0.030393
3625.7679,0.030583
3626.0008,0.030771
3626.2338,0.030955
3626.4668,0.031148
3626.6997,0.031367
3626.9327,0.031625
3627.1656,0.031922
3627.3986,0.032251
3627.6316,0.032603
3627.8645,0.032983
3628.0975,0.033417
3628.3304,0.033949
3628.5634,0.034629
3628.7963,0.035484
3629.0293,0.036504
3629.2623,0.037618
3629.4952,0.038707
3629.7282,0.039620
3629.9611,0.040220
3630.1941,0.040421
3630.4271,0.040211
3630.6600,0.039636
3630.8930,0.038774
3631.1259,0.037711
3631.3589,0.036528
3631.5918,0.035306
3631.8248,0.034121
3632.0578,0.033049
3632.2907,0.032150
3632.5237,0.031463
3632.7566,0.030996
3632.9896,0.030725
3633.2226,0.030609
3633.4555,0.030600
3633.6885,0.030664
3633.9214,0.030783
3634.1544,0.030954
3634.3873,0.031176
3634.6203,0.031430
3634.8533,0.031677
3635.0862,0.031855
3635.3192,0.031908
3635.5521,0.031801
3635.7851,0.031543
3636.0181,0.031180
3636.2510,0.030779
3636.4840,0.030401
3636.7169,0.030089
3636.9499,0.029856
3637.1829,0.029695
3637.4158,0.029587
3637.6488,0.029514
3637.8817,0.029469
3638.1147,0.029450
3638.3476,0.029460
3638.5806,0.029493
3638.8136,0.029539
3639.0465,0.029579
3639.2795,0.029596
3639.5124,0.029583
3639.7454,0.029542
3639.9784,0.029482
3640.2113,0.029414
3640.4443,0.029343
3640.6772,0.029269
3640.9102,0.029188
3641.1431,0.029105
3641.3761,0.029030
3641.6091,0.028982
3641.8420,0.028983
3642.0750,0.029045
3642.3079,0.029164
3642.5409,0.029324
3642.7739,0.029498
3643.0068,0.029657
3643.2398,0.029785
3643.4727,0.029877
3643.7057,0.029938
3643.9387,0.029979
3644.1716,0.030007
3644.4046,0.030030
3644.6375,0.030049
3644.8705,0.030071
3645.1034,0.030109
3645.3364,0.030180
3645.5694,0.030301
3645.8023,0.030483
3646.0353,0.030727
3646.2682,0.031030
3646.5012,0.031392
3646.7342,0.031819
3646.9671,0.032334
3647.2001,0.032966
3647.4330,0.033734
3647.6660,0.034631
3647.8989,0.035605
3648.1319,0.036554
3648.3649,0.037354
3648.5978,0.037894
3648.8308,0.038125
3649.0637,0.038081
3649.2967,0.037866
3649.5297,0.037614
3649.7626,0.037446
3649.9956,0.037433
3650.2285,0.037588
3650.4615,0.037865
3650.6945,0.038178
3650.9274,0.038431
3651.1604,0.038546
3651.3933,0.038479
3651.6263,0.038220
3651.8592,0.037786
3652.0922,0.037209
3652.3252,0.036525
3652.5581,0.035771
3652.7911,0.034981
3653.0240,0.034184
3653.2570,0.033406
3653.4900,0.032664
3653.7229,0.031980
3653.9559,0.031371
3654.1888,0.030862
3654.4218,0.030474
3654.6547,0.030223
3654.8877,0.030112
3655.1207,0.030132
3655.3536,0.030260
3655.5866,0.030470
3655.8195,0.030742
3656.0525,0.031069
3656.2855,0.031449
3656.5184,0.031886
3656.7514,0.032368
3656.9843,0.032858
3657.2173,0.033292
3657.4503,0.033590
3657.6832,0.033678
3657.9162,0.033518
3658.1491,0.033119
3658.3821,0.032534
3658.6150,0.031840
3658.8480,0.031114
3659.0810,0.030423
3659.3139,0.029814
3659.5469,0.029317
3659.7798,0.028953
3660.0128,0.028727
3660.2458,0.028633
3660.4787,0.028647
3660.7117,0.028731
3660.9446,0.028840
3661.1776,0.028929
3661.4105,0.028966
3661.6435,0.028939
3661.8765,0.028856
3662.1094,0.028738
3662.3424,0.028613
3662.5753,0.028499
3662.8083,0.028408
3663.0413,0.028339
3663.2742,0.028288
3663.5072,0.028251
3663.7401,0.028228
3663.9731,0.028219
3664.2061,0.028224
3664.4390,0.028233
3664.6720,0.028230
3664.9049,0.028199
3665.1379,0.028129
3665.3708,0.028021
3665.6038,0.027891
3665.8368,0.027765
3666.0697,0.027670
3666.3027,0.027624
3666.5356,0.027633
3666.7686,0.027688
3667.0016,0.027774
3667.2345,0.027879
3667.4675,0.027998
3667.7004,0.028137
3667.9334,0.028313
3668.1663,0.028548
3668.3993,0.028865
3668.6323,0.029284
3668.8652,0.029818
3669.0982,0.030469
3669.3311,0.031222
3669.5641,0.032037
3669.7971,0.032851
3670.0300,0.033591
3670.2630,0.034193
3670.4959,0.034627
3670.7289,0.034906
3670.9619,0.035082
3671.1948,0.035218
3671.4278,0.035359
3671.6607,0.035499
3671.8937,0.035579
3672.1266,0.035506
3672.3596,0.035192
3672.5926,0.034602
3672.8255,0.033779
3673.0585,0.032833
3673.2914,0.031903
3673.5244,0.031124
3673.7574,0.030595
3673.9903,0.030367
3674.2233,0.030452
3674.4562,0.030827
3674.6892,0.031452
3674.9221,0.032286
3675.1551,0.033293
3675.3881,0.034441
3675.6210,0.035687
3675.8540,0.036959
3676.0869,0.038144
3676.3199,0.039095
3676.5529,0.039666
3676.7858,0.039764
3677.0188,0.039380
3677.2517,0.038586
3677.4847,0.037504
3677.7177,0.036267
3677.9506,0.034986
3678.1836,0.033748
3678.4165,0.032616
3678.6495,0.031635
3678.8824,0.030834
3679.1154,0.030233
3679.3484,0.029835
3679.5813,0.029632
3679.8143,0.029597
3680.0472,0.029692
3680.2802,0.029868
3680.5132,0.030069
3680.7461,0.030242
3680.9791,0.030339
3681.2120,0.030328
3681.4450,0.030196
3681.6779,0.029949
3681.9109,0.029614
3682.1439,0.029232
3682.3768,0.028854
3682.6098,0.028524
3682.8427,0.028275
3683.0757,0.028120
3683.3087,0.028054
3683.5416,0.028060
3683.7746,0.028119
3684.0075,0.028219
3684.2405,0.028355
3684.4735,0.028532
3684.7064,0.028751
3684.9394,0.029008
3685.1723,0.029283
3685.4053,0.029549
3685.6382,0.029773
3685.8712,0.029931
3686.1042,0.030014
3686.3371,0.030032
3686.5701,0.030007
3686.8030,0.029969
3687.0360,0.029950
3687.2690,0.029982
3687.5019,0.030094
3687.7349,0.030318
3687.9678,0.030688
3688.2008,0.031231
3688.4337,0.031961
3688.6667,0.032867
3688.8997,0.033897
3689.1326,0.034958
3689.3656,0.035919
3689.5985,0.036634
3689.8315,0.036990
3690.0645,0.036944
3690.2974,0.036537
3690.5304,0.035878
3690.7633,0.035101
3690.9963,0.034338
3691.2293,0.033697
3691.4622,0.033253
3691.6952,0.033039
3691.9281,0.033043
3692.1611,0.033198
3692.3940,0.033393
3692.6270,0.033502
3692.8600,0.033420
3693.0929,0.033100
3693.3259,0.032566
3693.5588,0.031897
3693.7918,0.031195
3694.0248,0.030558
3694.2577,0.030052
3694.4907,0.029705
3694.7236,0.029510
3694.9566,0.029437
3695.1895,0.029448
3695.4225,0.029507
3695.6555,0.029590
3695.8884,0.029680
3696.1214,0.029766
3696.3543,0.029834
3696.5873,0.029869
3696.8203,0.029860
3697.0532,0.029801
3697.2862,0.029701
3697.5191,0.029578
3697.7521,0.029453
3697.9851,0.029342
3698.2180,0.029251
3698.4510,0.029176
3698.6839,0.029104
3698.9169,0.029030
3699.1498,0.028956
3699.3828,0.028892
3699.6158,0.028855
3699.8487,0.028859
3700.0817,0.028906
3700.3146,0.028988
3700.5476,0.029087
3700.7806,0.029190
3701.0135,0.029292
3701.2465,0.029401
3701.4794,0.029540
3701.7124,0.029733
3701.9453,0.029998
3702.1783,0.030335
3702.4113,0.030721
3702.6442,0.031107
3702.8772,0.031428
3703.1101,0.031619
3703.3431,0.031635
3703.5761,0.031461
3703.8090,0.031120
3704.0420,0.030661
3704.2749,0.030153
3704.5079,0.029666
3704.7409,0.029260
3704.9738,0.028976
3705.2068,0.028826
3705.4397,0.028800
3705.6727,0.028866
3705.9056,0.028985
3706.1386,0.029117
3706.3716,0.029236
3706.6045,0.029330
3706.8375,0.029404
3707.0704,0.029466
3707.3034,0.029526
3707.5364,0.029588
3707.7693,0.029652
3708.0023,0.029716
3708.2352,0.029781
3708.4682,0.029855
3708.7011,0.029956
3708.9341,0.030104
3709.1671,0.030324
3709.4000,0.030634
3709.6330,0.031048
3709.8659,0.031561
3710.0989,0.032153
3710.3319,0.032780
3710.5648,0.033377
3710.7978,0.033874
3711.0307,0.034212
3711.2637,0.034367
3711.4967,0.034359
3711.7296,0.034255
3711.9626,0.034147
3712.1955,0.034132
3712.4285,0.034278
3712.6614,0.034601
3712.8944,0.035050
3713.1274,0.035508
3713.3603,0.035825
3713.5933,0.035859
3713.8262,0.035539
3714.0592,0.034881
3714.2922,0.033984
3714.5251,0.032980
3714.7581,0.032000
3714.9910,0.031143
3715.2240,0.030472
3715.4569,0.030011
3715.6899,0.029753
3715.9229,0.029668
3716.1558,0.029704
3716.3888,0.029799
3716.6217,0.029889
3716.8547,0.029927
3717.0877,0.029888
3717.3206,0.029774
3717.5536,0.029611
3717.7865,0.029443
3718.0195,0.029310
3718.2525,0.029247
3718.4854,0.029268
3718.7184,0.029372
3718.9513,0.029542
3719.1843,0.029757
3719.4172,0.029994
3719.6502,0.030228
3719.8832,0.030435
3720.1161,0.030586
3720.3491,0.030657
3720.5820,0.030631
3720.8150,0.030513
3721.0480,0.030331
3721.2809,0.030138
3721.5139,0.029995
3721.7468,0.029961
3721.9798,0.030073
3722.2127,0.030333
3722.4457,0.030712
3722.6787,0.031152
3722.9116,0.031577
3723.1446,0.031914
3723.3775,0.032105
3723.6105,0.032118
3723.8435,0.031951
3724.0764,0.031634
3724.3094,0.031214
3724.5423,0.030752
3724.7753,0.030311
3725.0083,0.029946
3725.2412,0.029697
3725.4742,0.029582
3725.7071,0.029593
3725.9401,0.029696
3726.1730,0.029847
3726.4060,0.030000
3726.6390,0.030129
3726.8719,0.030231
3727.1049,0.030321
3727.3378,0.030416
3727.5708,0.030517
3727.8038,0.030602
3728.0367,0.030629
3728.2697,0.030555
3728.5026,0.030357
3728.7356,0.030045
3728.9685,0.029662
3729.2015,0.029267
3729.4345,0.028915
3729.6674,0.028638
3729.9004,0.028446
3730.1333,0.028326
3730.3663,0.028259
3730.5993,0.028229
3730.8322,0.028237
3731.0652,0.028296
3731.2981,0.028430
3731.5311,0.028662
3731.7641,0.029009
3731.9970,0.029481
3732.2300,0.030077
3732.4629,0.030786
3732.6959,0.031580
3732.9288,0.032403
3733.1618,0.033166
3733.3948,0.033758
3733.6277,0.034075
3733.8607,0.034063
3734.0936,0.033749
3734.3266,0.033241
3734.5596,0.032698
3734.7925,0.032285
3735.0255,0.032131
3735.2584,0.032298
3735.4914,0.032769
3735.7243,0.033445
3735.9573,0.034169
3736.1903,0.034765
3736.4232,0.035104
3736.6562,0.035140
3736.8891,0.034920
3737.1221,0.034539
3737.3551,0.034094
3737.5880,0.033651
3737.8210,0.033237
3738.0539,0.032848
3738.2869,0.032471
3738.5199,0.032093
3738.7528,0.031710
3738.9858,0.031325
3739.2187,0.030942
3739.4517,0.030564
3739.6846,0.030193
3739.9176,0.029834
3740.1506,0.029494
3740.3835,0.029190
3740.6165,0.028941
3740.8494,0.028769
3741.0824,0.028689
3741.3154,0.028711
3741.5483,0.028835
3741.7813,0.029047
3742.0142,0.029319
3742.2472,0.029611
3742.4801,0.029875
3742.7131,0.030069
3742.9461,0.030170
3743.1790,0.030191
3743.4120,0.030186
3743.6449,0.030242
3743.8779,0.030472
3744.1109,0.030987
3744.3438,0.031878
3744.5768,0.033189
3744.8097,0.034892
3745.0427,0.036860
3745.2757,0.038855
3745.5086,0.040552
3745.7416,0.041617
3745.9745,0.041837
3746.2075,0.041201
3746.4404,0.039887
3746.6734,0.038169
3746.9064,0.036317
3747.1393,0.034545
3747.3723,0.033001
3747.6052,0.031777
3747.8382,0.030921
3748.0712,0.030441
3748.3041,0.030313
3748.5371,0.030487
3748.7700,0.030899
3749.0030,0.031490
3749.2359,0.032223
3749.4689,0.033083
3749.7019,0.034067
3749.9348,0.035158
3750.1678,0.036293
3750.4007,0.037350
3750.6337,0.038164
3750.8667,0.038581
3751.0996,0.038528
3751.3326,0.038052
3751.5655,0.037304
3751.7985,0.036480
3752.0315,0.035767
3752.2644,0.035301
3752.4974,0.035156
3752.7303,0.035332
3752.9633,0.035759
3753.1962,0.036298
3753.4292,0.036765
3753.6622,0.036981
3753.8951,0.036827
3754.1281,0.036286
3754.3610,0.035432
3754.5940,0.034397
3754.8270,0.033328
3755.0599,0.032351
3755.2929,0.031556
3755.5258,0.030989
3755.7588,0.030658
3755.9917,0.030539
3756.2247,0.030592
3756.4577,0.030773
3756.6906,0.031044
3756.9236,0.031371
3757.1565,0.031723
3757.3895,0.032061
3757.6225,0.032336
3757.8554,0.032498
3758.0884,0.032507
3758.3213,0.032357
3758.5543,0.032081
3758.7873,0.031748
3759.0202,0.031446
3759.2532,0.031251
3759.4861,0.031218
3759.7191,0.031363
3759.9520,0.031668
3760.1850,0.032084
3760.4180,0.032545
3760.6509,0.032974
3760.8839,0.033297
3761.1168,0.033452
3761.3498,0.033402
3761.5828,0.033143
3761.8157,0.032703
3762.0487,0.032146
3762.2816,0.031552
3762.5146,0.031005
3762.7475,0.030576
3762.9805,0.030302
3763.2135,0.030188
3763.4464,0.030202
3763.6794,0.030290
3763.9123,0.030393
3764.1453,0.030470
3764.3783,0.030502
3764.6112,0.030503
3764.8442,0.030503
3765.0771,0.030540
3765.3101,0.030646
3765.5431,0.030842
3765.7760,0.031135
3766.0090,0.031518
3766.2419,0.031971
3766.4749,0.032456
3766.7078,0.032913
3766.9408,0.033268
3767.1738,0.033449
3767.4067,0.033410
3767.6397,0.033148
3767.8726,0.032715
3768.1056,0.032197
3768.3386,0.031692
3768.5715,0.031284
3768.8045,0.031019
3769.0374,0.030909
3769.2704,0.030936
3769.5033,0.031073
3769.7363,0.031298
3769.9693,0.031602
3770.2022,0.031990
3770.4352,0.032457
3770.6681,0.032977
3770.9011,0.033486
3771.1341,0.033891
3771.3670,0.034097
3771.6000,0.034043
3771.8329,0.033728
3772.0659,0.033211
3772.2988,0.032584
3772.5318,0.031948
3772.7648,0.031378
3772.9977,0.030922
3773.2307,0.030593
3773.4636,0.030381
3773.6966,0.030263
3773.9296,0.030209
3774.1625,0.030194
3774.3955,0.030197
3774.6284,0.030203
3774.8614,0.030206
3775.0944,0.030206
3775.3273,0.030209
3775.5603,0.030224
3775.7932,0.030262
3776.0262,0.030326
3776.2591,0.030410
3776.4921,0.030502
3776.7251,0.030585
3776.9580,0.030649
3777.1910,0.030694
3777.4239,0.030729
3777.6569,0.030772
3777.8899,0.030841
3778.1228,0.030942
3778.3558,0.031075
3778.5887,0.031231
3778.8217,0.031401
3779.0546,0.031587
3779.2876,0.031802
3779.5206,0.032066
3779.7535,0.032391
3779.9865,0.032771
3780.2194,0.033172
3780.4524,0.033533
3780.6854,0.033782
3780.9183,0.033858
3781.1513,0.033732
3781.3842,0.033415
3781.6172,0.032959
3781.8502,0.032430
3782.0831,0.031898
3782.3161,0.031418
3782.5490,0.031028
3782.7820,0.030748
3783.0149,0.030578
3783.2479,0.030505
3783.4809,0.030505
3783.7138,0.030545
3783.9468,0.030594
3784.1797,0.030630
3784.4127,0.030646
3784.6457,0.030650
3784.8786,0.030663
3785.1116,0.030707
3785.3445,0.030795
3785.5775,0.030920
3785.8104,0.031056
3786.0434,0.031167
3786.2764,0.031216
3786.5093,0.031186
3786.7423,0.031076
3786.9752,0.030909
3787.2082,0.030715
3787.4412,0.030523
3787.6741,0.030351
3787.9071,0.030208
3788.1400,0.030094
3788.3730,0.030004
3788.6060,0.029935
3788.8389,0.029885
3789.0719,0.029851
3789.3048,0.029830
3789.5378,0.029813
3789.7707,0.029793
3790.0037,0.029765
3790.2367,0.029729
3790.4696,0.029691
3790.7026,0.029656
3790.9355,0.029625
3791.1685,0.029595
3791.4015,0.029554
3791.6344,0.029493
3791.8674,0.029410
3792.1003,0.029313
3792.3333,0.029222
3792.5662,0.029156
3792.7992,0.029131
3793.0322,0.029146
3793.2651,0.029190
3793.4981,0.029241
3793.7310,0.029280
3793.9640,0.029299
3794.1970,0.029304
3794.4299,0.029310
3794.6629,0.029335
3794.8958,0.029390
3795.1288,0.029477
3795.3618,0.029592
3795.5947,0.029729
3795.8277,0.029892
3796.0606,0.030091
3796.2936,0.030339
3796.5265,0.030648
3796.7595,0.031011
3796.9925,0.031404
3797.2254,0.031784
3797.4584,0.032101
3797.6913,0.032313
3797.9243,0.032396
3798.1573,0.032353
3798.3902,0.032205
3798.6232,0.031982
3798.8561,0.031715
3799.0891,0.031431
3799.3220,0.031155
3799.5550,0.030913
3799.7880,0.030733
3800.0209,0.030645
3800.2539,0.030674
3800.4868,0.030839
3800.7198,0.031150
3800.9528,0.031612
3801.1857,0.032228
3801.4187,0.032998
3801.6516,0.033913
3801.8846,0.034941
3802.1176,0.036008
3802.3505,0.036998
3802.5835,0.037762
3802.8164,0.038163
3803.0494,0.038123
3803.2823,0.037653
3803.5153,0.036845
3803.7483,0.035833
3803.9812,0.034750
3804.2142,0.033697
3804.4471,0.032740
3804.6801,0.031913
3804.9131,0.031230
3805.1460,0.030698
3805.3790,0.030322
3805.6119,0.030104
3805.8449,0.030038
3806.0778,0.030107
3806.3108,0.030291
3806.5438,0.030566
3806.7767,0.030922
3807.0097,0.031357
3807.2426,0.031881
3807.4756,0.032498
3807.7086,0.033179
3807.9415,0.033853
3808.1745,0.034401
3808.4074,0.034690
3808.6404,0.034617
3808.8734,0.034155
3809.1063,0.033366
3809.3393,0.032374
3809.5722,0.031328
3809.8052,0.030356
3810.0381,0.029547
3810.2711,0.028945
3810.5041,0.028553
3810.7370,0.028346
3810.9700,0.028283
3811.2029,0.028322
3811.4359,0.028421
3811.6689,0.028551
3811.9018,0.028689
3812.1348,0.028819
3812.3677,0.028933
3812.6007,0.029025
3812.8336,0.029095
3813.0666,0.029147
3813.2996,0.029186
3813.5325,0.029215
3813.7655,0.029235
3813.9984,0.029248
3814.2314,0.029260
3814.4644,0.029282
3814.6973,0.029338
3814.9303,0.029457
3815.1632,0.029670
3815.3962,0.030008
3815.6292,0.030492
3815.8621,0.031134
3816.0951,0.031930
3816.3280,0.032859
3816.5610,0.033874
3816.7939,0.034893
3817.0269,0.035799
3817.2599,0.036457
3817.4928,0.036744
3817.7258,0.036598
3817.9587,0.036043
3818.1917,0.035187
3818.4247,0.034184
3818.6576,0.033190
3818.8906,0.032330
3819.1235,0.031678
3819.3565,0.031267
3819.5894,0.031092
3819.8224,0.031129
3820.0554,0.031345
3820.2883,0.031711
3820.5213,0.032211
3820.7542,0.032838
3820.9872,0.033583
3821.2202,0.034433
3821.4531,0.035348
3821.6861,0.036264
3821.9190,0.037095
3822.1520,0.037743
3822.3850,0.038124
3822.6179,0.038179
3822.8509,0.037892
3823.0838,0.037287
3823.3168,0.036423
3823.5497,0.035386
3823.7827,0.034275
3824.0157,0.033187
3824.2486,0.032206
3824.4816,0.031386
3824.7145,0.030753
3824.9475,0.030303
3825.1805,0.030013
3825.4134,0.029851
3825.6464,0.029786
3825.8793,0.029799
3826.1123,0.029879
3826.3452,0.030025
3826.5782,0.030234
3826.8112,0.030496
3827.0441,0.030791
3827.2771,0.031089
3827.5100,0.031356
3827.7430,0.031562
3827.9760,0.031681
3828.2089,0.031694
3828.4419,0.031594
3828.6748,0.031380
3828.9078,0.031066
3829.1408,0.030679
3829.3737,0.030258
3829.6067,0.029852
3829.8396,0.029506
3830.0726,0.029255
3830.3055,0.029111
3830.5385,0.029073
3830.7715,0.029124
3831.0044,0.029248
3831.2374,0.029443
3831.4703,0.029719
3831.7033,0.030099
3831.9363,0.030598
3832.1692,0.031212
3832.4022,0.031899
3832.6351,0.032576
3832.8681,0.033136
3833.1010,0.033478
3833.3340,0.033540
3833.5670,0.033324
3833.7999,0.032893
3834.0329,0.032351
3834.2658,0.031812
3834.4988,0.031382
3834.7318,0.031137
3834.9647,0.031126
3835.1977,0.031363
3835.4306,0.031824
3835.6636,0.032446
3835.8966,0.033133
3836.1295,0.033764
3836.3625,0.034227
3836.5954,0.034446
3836.8284,0.034410
3837.0613,0.034180
3837.2943,0.033869
3837.5273,0.033612
3837.7602,0.033528
3837.9932,0.033700
3838.2261,0.034157
3838.4591,0.034860
3838.6921,0.035707
3838.9250,0.036535
3839.1580,0.037163
3839.3909,0.037442
3839.6239,0.037308
3839.8568,0.036801
3840.0898,0.036040
3840.3228,0.035181
3840.5557,0.034375
3840.7887,0.033735
3841.0216,0.033328
3841.2546,0.033162
3841.4876,0.033189
3841.7205,0.033316
3841.9535,0.033426
3842.1864,0.033415
3842.4194,0.033217
3842.6524,0.032829
3842.8853,0.032302
3843.1183,0.031721
3843.3512,0.031181
3843.5842,0.030758
3843.8171,0.030503
3844.0501,0.030432
3844.2831,0.030532
3844.5160,0.030757
3844.7490,0.031036
3844.9819,0.031284
3845.2149,0.031414
3845.4479,0.031366
3845.6808,0.031118
3845.9138,0.030695
3846.1467,0.030163
3846.3797,0.029608
3846.6126,0.029111
3846.8456,0.028732
3847.0786,0.028500
3847.3115,0.028408
3847.5445,0.028426
3847.7774,0.028510
3848.0104,0.028618
3848.2434,0.028719
3848.4763,0.028802
3848.7093,0.028866
3848.9422,0.028922
3849.1752,0.028983
3849.4082,0.029063
3849.6411,0.029179
3849.8741,0.029345
3850.1070,0.029573
3850.3400,0.029868
3850.5729,0.030219
3850.8059,0.030606
3851.0389,0.030997
3851.2718,0.031368
3851.5048,0.031715
3851.7377,0.032065
3851.9707,0.032475
3852.2037,0.033013
3852.4366,0.033738
3852.6696,0.034673
3852.9025,0.035784
3853.1355,0.036977
3853.3684,0.038122
3853.6014,0.039097
3853.8344,0.039838
3854.0673,0.040365
3854.3003,0.040756
3854.5332,0.041095
3854.7662,0.041421
3854.9992,0.041693
3855.2321,0.041802
3855.4651,0.041610
3855.6980,0.041014
3855.9310,0.040003
3856.1640,0.038663
3856.3969,0.037143
3856.6299,0.035599
3856.8628,0.034164
3857.0958,0.032931
3857.3287,0.031961
3857.5617,0.031280
3857.7947,0.030885
3858.0276,0.030736
3858.2606,0.030765
3858.4935,0.030881
3858.7265,0.030990
3858.9595,0.031020
3859.1924,0.030937
3859.4254,0.030753
3859.6583,0.030512
3859.8913,0.030266
3860.1242,0.030061
3860.3572,0.029920
3860.5902,0.029849
3860.8231,0.029837
3861.0561,0.029877
3861.2890,0.029970
3861.5220,0.030128
3861.7550,0.030368
3861.9879,0.030703
3862.2209,0.031126
3862.4538,0.031603
3862.6868,0.032078
3862.9198,0.032482
3863.1527,0.032753
3863.3857,0.032855
3863.6186,0.032791
3863.8516,0.032599
3864.0845,0.032346
3864.3175,0.032109
3864.5505,0.031960
3864.7834,0.031962
3865.0164,0.032155
3865.2493,0.032547
3865.4823,0.033112
3865.7153,0.033779
3865.9482,0.034445
3866.1812,0.034984
3866.4141,0.035286
3866.6471,0.035283
3866.8800,0.034973
3867.1130,0.034413
3867.3460,0.033700
3867.5789,0.032936
3867.8119,0.032209
3868.0448,0.031586
3868.2778,0.031115
3868.5108,0.030828
3868.7437,0.030746
3868.9767,0.030881
3869.2096,0.031234
3869.4426,0.031794
3869.6756,0.032534
3869.9085,0.033410
3870.1415,0.034364
3870.3744,0.035322
3870.6074,0.036196
3870.8403,0.036894
3871.0733,0.037331
3871.3063,0.037448
3871.5392,0.037226
3871.7722,0.036692
3872.0051,0.035917
3872.2381,0.034998
3872.4711,0.034041
3872.7040,0.033139
3872.9370,0.032368
3873.1699,0.031776
3873.4029,0.031389
3873.6358,0.031216
3873.8688,0.031251
3874.1018,0.031478
3874.3347,0.031869
3874.5677,0.032378
3874.8006,0.032942
3875.0336,0.033478
3875.2666,0.033890
3875.4995,0.034092
3875.7325,0.034032
3875.9654,0.033708
3876.1984,0.033174
3876.4314,0.032519
3876.6643,0.031838
3876.8973,0.031211
3877.1302,0.030686
3877.3632,0.030286
3877.5961,0.030011
3877.8291,0.029852
3878.0621,0.029796
3878.2950,0.029827
3878.5280,0.029932
3878.7609,0.030094
3878.9939,0.030294
3879.2269,0.030516
3879.4598,0.030752
3879.6928,0.031007
3879.9257,0.031301
3880.1587,0.031662
3880.3916,0.032115
3880.6246,0.032671
3880.8576,0.033309
3881.0905,0.033974
3881.3235,0.034582
3881.5564,0.035036
3881.7894,0.035252
3882.0224,0.035191
3882.2553,0.034865
3882.4883,0.034333
3882.7212,0.033679
3882.9542,0.032993
3883.1872,0.032357
3883.4201,0.031839
3883.6531,0.031481
3883.8860,0.031304
3884.1190,0.031301
3884.3519,0.031436
3884.5849,0.031658
3884.8179,0.031910
3885.0508,0.032149
3885.2838,0.032361
3885.5167,0.032567
3885.7497,0.032813
3885.9827,0.033148
3886.2156,0.033603
3886.4486,0.034167
3886.6815,0.034772
3886.9145,0.035307
3887.1474,0.035641
3887.3804,0.035669
3887.6134,0.035352
3887.8463,0.034727
3888.0793,0.033888
3888.3122,0.032954
3888.5452,0.032041
3888.7782,0.031240
3889.0111,0.030613
3889.2441,0.030191
3889.4770,0.029975
3889.7100,0.029940
3889.9430,0.030045
3890.1759,0.030240
3890.4089,0.030482
3890.6418,0.030745
3890.8748,0.031025
3891.1077,0.031337
3891.3407,0.031705
3891.5737,0.032144
3891.8066,0.032649
3892.0396,0.033179
3892.2725,0.033669
3892.5055,0.034033
3892.7385,0.034196
3892.9714,0.034113
3893.2044,0.033791
3893.4373,0.033282
3893.6703,0.032665
3893.9032,0.032025
3894.1362,0.031431
3894.3692,0.030934
3894.6021,0.030563
3894.8351,0.030324
3895.0680,0.030207
3895.3010,0.030187
3895.5340,0.030230
3895.7669,0.030302
3895.9999,0.030375
3896.2328,0.030433
3896.4658,0.030472
3896.6988,0.030499
3896.9317,0.030525
3897.1647,0.030560
3897.3976,0.030612
3897.6306,0.030683
3897.8635,0.030775
3898.0965,0.030897
3898.3295,0.031058
3898.5624,0.031278
3898.7954,0.031575
3899.0283,0.031965
3899.2613,0.032453
3899.4943,0.033032
3899.7272,0.033678
3899.9602,0.034346
3900.1931,0.034977
3900.4261,0.035500
3900.6590,0.035844
3900.8920,0.035960
3901.1250,0.035836
3901.3579,0.035513
3901.5909,0.035077
3901.8238,0.034642
3902.0568,0.034326
3902.2898,0.034222
3902.5227,0.034374
3902.7557,0.034759
3902.9886,0.035288
3903.2216,0.035823
3903.4546,0.036217
3903.6875,0.036373
3903.9205,0.036278
3904.1534,0.036003
3904.3864,0.035672
3904.6193,0.035408
3904.8523,0.035293
3905.0853,0.035343
3905.3182,0.035508
3905.5512,0.035691
3905.7841,0.035782
3906.0171,0.035702
3906.2501,0.035423
3906.4830,0.034975
3906.7160,0.034424
3906.9489,0.033840
3907.1819,0.033279
3907.4148,0.032774
3907.6478,0.032336
3907.8808,0.031960
3908.1137,0.031635
3908.3467,0.031350
3908.5796,0.031101
3908.8126,0.030884
3909.0456,0.030703
3909.2785,0.030563
3909.5115,0.030469
3909.7444,0.030425
3909.9774,0.030432
3910.2103,0.030482
3910.4433,0.030563
3910.6763,0.030660
3910.9092,0.030755
3911.1422,0.030836
3911.3751,0.030894
3911.6081,0.030930
3911.8411,0.030951
3912.0740,0.030964
3912.3070,0.030980
3912.5399,0.031001
3912.7729,0.031032
3913.0059,0.031071
3913.2388,0.031117
3913.4718,0.031168
3913.7047,0.031221
3913.9377,0.031272
3914.1706,0.031314
3914.4036,0.031341
3914.6366,0.031347
3914.8695,0.031332
3915.1025,0.031303
3915.3354,0.031273
3915.5684,0.031258
3915.8014,0.031272
3916.0343,0.031329
3916.2673,0.031436
3916.5002,0.031594
3916.7332,0.031807
3916.9661,0.032072
3917.1991,0.032387
3917.4321,0.032741
3917.6650,0.033113
3917.8980,0.033470
3918.1309,0.033770
3918.3639,0.033969
3918.5969,0.034031
3918.8298,0.033944
3919.0628,0.033720
3919.2957,0.033399
3919.5287,0.033037
3919.7617,0.032693
3919.9946,0.032418
3920.2276,0.032247
3920.4605,0.032197
3920.6935,0.032260
3920.9264,0.032406
3921.1594,0.032586
3921.3924,0.032743
3921.6253,0.032825
3921.8583,0.032799
3922.0912,0.032661
3922.3242,0.032435
3922.5572,0.032164
3922.7901,0.031899
3923.0231,0.031683
3923.2560,0.031541
3923.4890,0.031480
3923.7219,0.031491
3923.9549,0.031563
3924.1879,0.031682
3924.4208,0.031841
3924.6538,0.032038
3924.8867,0.032268
3925.1197,0.032518
3925.3527,0.032768
3925.5856,0.032987
3925.8186,0.033147
3926.0515,0.033227
3926.2845,0.033218
3926.5175,0.033130
3926.7504,0.032976
3926.9834,0.032776
3927.2163,0.032545
3927.4493,0.032294
3927.6822,0.032031
3927.9152,0.031770
3928.1482,0.031530
3928.3811,0.031333
3928.6141,0.031202
3928.8470,0.031149
3929.0800,0.031175
3929.3130,0.031267
3929.5459,0.031408
3929.7789,0.031577
3930.0118,0.031760
3930.2448,0.031946
3930.4777,0.032129
3930.7107,0.032299
3930.9437,0.032444
3931.1766,0.032548
3931.4096,0.032603
3931.6425,0.032611
3931.8755,0.032591
3932.1085,0.032573
3932.3414,0.032593
3932.5744,0.032676
3932.8073,0.032829
3933.0403,0.033032
3933.2733,0.033248
3933.5062,0.033428
3933.7392,0.033525
3933.9721,0.033511
3934.2051,0.033380
3934.4380,0.033147
3934.6710,0.032841
3934.9040,0.032498
3935.1369,0.032152
3935.3699,0.031830
3935.6028,0.031554
3935.8358,0.031336
3936.0688,0.031179
3936.3017,0.031081
3936.5347,0.031029
3936.7676,0.031011
3937.0006,0.031015
3937.2335,0.031032
3937.4665,0.031062
3937.6995,0.031105
3937.9324,0.031162
3938.1654,0.031227
3938.3983,0.031294
3938.6313,0.031354
3938.8643,0.031398
3939.0972,0.031425
3939.3302,0.031441
3939.5631,0.031453
3939.7961,0.031468
3940.0291,0.031486
3940.2620,0.031499
3940.4950,0.031498
3940.7279,0.031476
3940.9609,0.031434
3941.1938,0.031383
3941.4268,0.031342
3941.6598,0.031330
3941.8927,0.031362
3942.1257,0.031443
3942.3586,0.031572
3942.5916,0.031743
3942.8246,0.031951
3943.0575,0.032195
3943.2905,0.032468
3943.5234,0.032755
3943.7564,0.033030
3943.9893,0.033254
3944.2223,0.033388
3944.4553,0.033401
3944.6882,0.033290
3944.9212,0.033077
3945.1541,0.032803
3945.3871,0.032518
3945.6201,0.032263
3945.8530,0.032062
3946.0860,0.031920
3946.3189,0.031831
3946.5519,0.031784
3946.7849,0.031776
3947.0178,0.031806
3947.2508,0.031882
3947.4837,0.032004
3947.7167,0.032166
3947.9496,0.032349
3948.1826,0.032528
3948.4156,0.032678
3948.6485,0.032785
3948.8815,0.032843
3949.1144,0.032861
3949.3474,0.032853
3949.5804,0.032832
3949.8133,0.032810
3950.0463,0.032794
3950.2792,0.032791
3950.5122,0.032805
3950.7451,0.032837
3950.9781,0.032882
3951.2111,0.032925
3951.4440,0.032945
3951.6770,0.032915
3951.9099,0.032818
3952.1429,0.032652
3952.3759,0.032436
3952.6088,0.032202
3952.8418,0.031989
3953.0747,0.031826
3953.3077,0.031727
3953.5407,0.031684
3953.7736,0.031678
3954.0066,0.031685
3954.2395,0.031688
3954.4725,0.031680
3954.7054,0.031666
3954.9384,0.031657
3955.1714,0.031659
3955.4043,0.031675
3955.6373,0.031702
3955.8702,0.031732
3956.1032,0.031762
3956.3362,0.031792
3956.5691,0.031822
3956.8021,0.031853
3957.0350,0.031883
3957.2680,0.031905
3957.5009,0.031912
3957.7339,0.031901
3957.9669,0.031876
3958.1998,0.031848
3958.4328,0.031832
3958.6657,0.031837
3958.8987,0.031865
3959.1317,0.031908
3959.3646,0.031953
3959.5976,0.031985
3959.8305,0.031996
3960.0635,0.031987
3960.2965,0.031962
3960.5294,0.031933
3960.7624,0.031906
3960.9953,0.031886
3961.2283,0.031875
3961.4612,0.031874
3961.6942,0.031888
3961.9272,0.031921
3962.1601,0.031975
3962.3931,0.032047
3962.6260,0.032126
3962.8590,0.032194
3963.0920,0.032233
3963.3249,0.032229
3963.5579,0.032181
3963.7908,0.032097
3964.0238,0.031995
3964.2567,0.031895
3964.4897,0.031811
3964.7227,0.031752
3964.9556,0.031719
3965.1886,0.031709
3965.4215,0.031717
3965.6545,0.031736
3965.8875,0.031761
3966.1204,0.031782
3966.3534,0.031791
3966.5863,0.031781
3966.8193,0.031752
3967.0523,0.031713
3967.2852,0.031679
3967.5182,0.031668
3967.7511,0.031692
3967.9841,0.031751
3968.2170,0.031832
3968.4500,0.031912
3968.6830,0.031970
3968.9159,0.031992
3969.1489,0.031978
3969.3818,0.031943
3969.6148,0.031908
3969.8478,0.031893
3970.0807,0.031904
3970.3137,0.031938
3970.5466,0.031979
3970.7796,0.032011
3971.0125,0.032022
3971.2455,0.032009
3971.4785,0.031980
3971.7114,0.031946
3971.9444,0.031920
3972.1773,0.031909
3972.4103,0.031919
3972.6433,0.031947
3972.8762,0.031990
3973.1092,0.032042
3973.3421,0.032093
3973.5751,0.032132
3973.8081,0.032148
3974.0410,0.032132
3974.2740,0.032087
3974.5069,0.032022
3974.7399,0.031957
3974.9728,0.031913
3975.2058,0.031906
3975.4388,0.031937
3975.6717,0.031997
3975.9047,0.032066
3976.1376,0.032123
3976.3706,0.032157
3976.6036,0.032165
3976.8365,0.032155
3977.0695,0.032139
3977.3024,0.032125
3977.5354,0.032112
3977.7683,0.032095
3978.0013,0.032067
3978.2343,0.032023
3978.4672,0.031970
3978.7002,0.031917
3978.9331,0.031876
3979.1661,0.031852
3979.3991,0.031839
3979.6320,0.031829
3979.8650,0.031809
3980.0979,0.031777
3980.3309,0.031738
3980.5639,0.031707
3980.7968,0.031699
3981.0298,0.031723
3981.2627,0.031777
3981.4957,0.031847
3981.7286,0.031915
3981.9616,0.031966
3982.1946,0.031993
3982.4275,0.031999
3982.6605,0.031994
3982.8934,0.031985
3983.1264,0.031974
3983.3594,0.031960
3983.5923,0.031937
3983.8253,0.031901
3984.0582,0.031857
3984.2912,0.031813
3984.5241,0.031781
3984.7571,0.031766
3984.9901,0.031770
3985.2230,0.031788
3985.4560,0.031812
3985.6889,0.031840
3985.9219,0.031873
3986.1549,0.031917
3986.3878,0.031974
3986.6208,0.032038
3986.8537,0.032097
3987.0867,0.032133
3987.3197,0.032131
3987.5526,0.032090
3987.7856,0.032022
3988.0185,0.031947
3988.2515,0.031891
3988.4844,0.031867
3988.7174,0.031875
3988.9504,0.031902
3989.1833,0.031930
3989.4163,0.031945
3989.6492,0.031947
3989.8822,0.031945
3990.1152,0.031957
3990.3481,0.031994
3990.5811,0.032058
3990.8140,0.032137
3991.0470,0.032213
3991.2799,0.032268
3991.5129,0.032296
3991.7459,0.032300
3991.9788,0.032291
3992.2118,0.032282
3992.4447,0.032277
3992.6777,0.032274
3992.9107,0.032263
3993.1436,0.032235
3993.3766,0.032190
3993.6095,0.032133
3993.8425,0.032078
3994.0755,0.032036
3994.3084,0.032012
3994.5414,0.032003
3994.7743,0.032004
3995.0073,0.032008
3995.2402,0.032015
3995.4732,0.032029
3995.7062,0.032056
3995.9391,0.032097
3996.1721,0.032144
3996.4050,0.032183
3996.6380,0.032198
3996.8710,0.032177
3997.1039,0.032119
3997.3369,0.032036
3997.5698,0.031945
3997.8028,0.031866
3998.0357,0.031810
3998.2687,0.031779
3998.5017,0.031769
3998.7346,0.031776
3998.9676,0.031795
3999.2005,0.031828
3999.4335,0.031877
3999.6665,0.031940
3999.8994,0.032011
