Wavenumber,Intensity
649.9545,0.135385
650.1875,0.134847
650.4205,0.134630
650.6534,0.134748
650.8864,0.135047
651.1193,0.135282
651.3523,0.135265
651.5852,0.134976
651.8182,0.134590
652.0512,0.134379
652.2841,0.134569
652.5171,0.135215
652.7500,0.136169
652.9830,0.137146
653.2160,0.137863
653.4489,0.138181
653.6819,0.138163
653.9148,0.138025
654.1478,0.138006
654.3807,0.138249
654.6137,0.138738
654.8467,0.139337
655.0796,0.139886
655.3126,0.140300
655.5455,0.140612
655.7785,0.140936
656.0115,0.141369
656.2444,0.141916
656.4774,0.142466
656.7103,0.142849
656.9433,0.142938
657.1763,0.142732
657.4092,0.142369
657.6422,0.142045
657.8751,0.141904
658.1081,0.141947
658.3410,0.142022
658.5740,0.141897
658.8070,0.141375
659.0399,0.140396
659.2729,0.139052
659.5058,0.137520
659.7388,0.135949
659.9718,0.134378
660.2047,0.132732
660.4377,0.130887
660.6706,0.128776
660.9036,0.126457
661.1365,0.124107
661.3695,0.121946
661.6025,0.120129
661.8354,0.118678
662.0684,0.117481
662.3013,0.116357
662.5343,0.115153
662.7673,0.113825
663.0002,0.112454
663.2332,0.111180
663.4661,0.110120
663.6991,0.109292
663.9321,0.108600
664.1650,0.107886
664.3980,0.107010
664.6309,0.105932
664.8639,0.104728
665.0968,0.103557
665.3298,0.102577
665.5628,0.101878
665.7957,0.101456
666.0287,0.101231
666.2616,0.101107
666.4946,0.101019
666.7276,0.100968
666.9605,0.100997
667.1935,0.101137
667.4264,0.101330
667.6594,0.101362
667.8923,0.100937
668.1253,0.099901
668.3583,0.098430
668.5912,0.096907
668.8242,0.095642
669.0571,0.094738
669.2901,0.094127
669.5231,0.093654
669.7560,0.093161
669.9890,0.092552
670.2219,0.091829
670.4549,0.091089
670.6879,0.090475
670.9208,0.090096
671.1538,0.089975
671.3867,0.090035
671.6197,0.090135
671.8526,0.090142
672.0856,0.089995
672.3186,0.089734
672.5515,0.089469
672.7845,0.089309
673.0174,0.089301
673.2504,0.089403
673.4834,0.089506
673.7163,0.089496
673.9493,0.089319
674.1822,0.089010
674.4152,0.088676
674.6481,0.088437
674.8811,0.088364
675.1141,0.088446
675.3470,0.088608
675.5800,0.088748
675.8129,0.088801
676.0459,0.088769
676.2789,0.088708
676.5118,0.088690
676.7448,0.088751
676.9777,0.088868
677.2107,0.088968
677.4437,0.088974
677.6766,0.088847
677.9096,0.088615
678.1425,0.088359
678.3755,0.088168
678.6084,0.088092
678.8414,0.088123
679.0744,0.088203
679.3073,0.088263
679.5403,0.088266
679.7732,0.088225
680.0062,0.088191
680.2392,0.088217
680.4721,0.088319
680.7051,0.088462
680.9380,0.088578
681.1710,0.088607
681.4039,0.088539
681.6369,0.088426
681.8699,0.088359
682.1028,0.088423
682.3358,0.088646
682.5687,0.088987
682.8017,0.089344
683.0347,0.089610
683.2676,0.089720
683.5006,0.089686
683.7335,0.089582
683.9665,0.089504
684.1995,0.089522
684.4324,0.089650
684.6654,0.089842
684.8983,0.090033
685.1313,0.090170
685.3642,0.090248
685.5972,0.090305
685.8302,0.090397
686.0631,0.090568
686.2961,0.090829
686.5290,0.091163
686.7620,0.091546
686.9950,0.091973
687.2279,0.092471
687.4609,0.093082
687.6938,0.093839
687.9268,0.094737
688.1597,0.095726
688.3927,0.096729
688.6257,0.097679
688.8586,0.098554
689.0916,0.099394
689.3245,0.100277
689.5575,0.101277
689.7905,0.102419
690.0234,0.103662
690.2564,0.104910
690.4893,0.106052
690.7223,0.107004
690.9553,0.107732
691.1882,0.108238
691.4212,0.108524
691.6541,0.108560
691.8871,0.108268
692.1200,0.107556
692.3530,0.106366
692.5860,0.104721
692.8189,0.102740
693.0519,0.100599
693.2848,0.098484
693.5178,0.096534
693.7508,0.094819
693.9837,0.093348
694.2167,0.092100
694.4496,0.091051
694.6826,0.090193
694.9155,0.089533
695.1485,0.089072
695.3815,0.088786
695.6144,0.088620
695.8474,0.088501
696.0803,0.088364
696.3133,0.088177
696.5463,0.087951
696.7792,0.087734
697.0122,0.087575
697.2451,0.087506
697.4781,0.087525
697.7111,0.087606
697.9440,0.087718
698.1770,0.087849
698.4099,0.088017
698.6429,0.088257
698.8758,0.088604
699.1088,0.089073
699.3418,0.089653
699.5747,0.090312
699.8077,0.091019
700.0406,0.091755
700.2736,0.092519
700.5066,0.093306
700.7395,0.094092
700.9725,0.094814
701.2054,0.095379
701.4384,0.095691
701.6713,0.095688
701.9043,0.095375
702.1373,0.094817
702.3702,0.094118
702.6032,0.093369
702.8361,0.092621
703.0691,0.091868
703.3021,0.091075
703.5350,0.090204
703.7680,0.089250
704.0009,0.088249
704.2339,0.087258
704.4669,0.086328
704.6998,0.085483
704.9328,0.084710
705.1657,0.083977
705.3987,0.083258
705.6316,0.082552
705.8646,0.081887
706.0976,0.081301
706.3305,0.080816
706.5635,0.080422
706.7964,0.080076
707.0294,0.079721
707.2624,0.079321
707.4953,0.078876
707.7283,0.078429
707.9612,0.078043
708.1942,0.077765
708.4271,0.077606
708.6601,0.077529
708.8931,0.077470
709.1260,0.077367
709.3590,0.077189
709.5919,0.076946
709.8249,0.076680
710.0579,0.076434
710.2908,0.076233
710.5238,0.076072
710.7567,0.075925
710.9897,0.075770
711.2227,0.075605
711.4556,0.075460
711.6886,0.075376
711.9215,0.075386
712.1545,0.075490
712.3874,0.075651
712.6204,0.075810
712.8534,0.075910
713.0863,0.075925
713.3193,0.075869
713.5522,0.075789
713.7852,0.075732
714.0182,0.075728
714.2511,0.075774
714.4841,0.075841
714.7170,0.075895
714.9500,0.075919
715.1829,0.075924
715.4159,0.075940
715.6489,0.075996
715.8818,0.076102
716.1148,0.076241
716.3477,0.076377
716.5807,0.076476
716.8137,0.076527
717.0466,0.076547
717.2796,0.076576
717.5125,0.076651
717.7455,0.076790
717.9785,0.076983
718.2114,0.077197
718.4444,0.077395
718.6773,0.077555
718.9103,0.077679
719.1432,0.077788
719.3762,0.077906
719.6092,0.078046
719.8421,0.078203
720.0751,0.078369
720.3080,0.078542
720.5410,0.078741
720.7740,0.079001
721.0069,0.079354
721.2399,0.079811
721.4728,0.080343
721.7058,0.080885
721.9387,0.081359
722.1717,0.081707
722.4047,0.081911
722.6376,0.082007
722.8706,0.082061
723.1035,0.082143
723.3365,0.082290
723.5695,0.082501
723.8024,0.082740
724.0354,0.082963
724.2683,0.083144
724.5013,0.083294
724.7343,0.083448
724.9672,0.083648
725.2002,0.083918
725.4331,0.084252
725.6661,0.084621
725.8990,0.084991
726.1320,0.085344
726.3650,0.085689
726.5979,0.086054
726.8309,0.086468
727.0638,0.086942
727.2968,0.087459
727.5298,0.087984
727.7627,0.088483
727.9957,0.088941
728.2286,0.089370
728.4616,0.089801
728.6945,0.090259
728.9275,0.090749
729.1605,0.091247
729.3934,0.091713
729.6264,0.092117
729.8593,0.092456
730.0923,0.092763
730.3253,0.093093
730.5582,0.093493
730.7912,0.093980
731.0241,0.094533
731.2571,0.095101
731.4901,0.095635
731.7230,0.096113
731.9560,0.096550
732.1889,0.096991
732.4219,0.097482
732.6548,0.098044
732.8878,0.098662
733.1208,0.099291
733.3537,0.099887
733.5867,0.100432
733.8196,0.100950
734.0526,0.101502
734.2856,0.102159
734.5185,0.102970
734.7515,0.103946
734.9844,0.105055
735.2174,0.106244
735.4503,0.107462
735.6833,0.108679
735.9163,0.109888
736.1492,0.111090
736.3822,0.112272
736.6151,0.113391
736.8481,0.114381
737.0811,0.115160
737.3140,0.115659
737.5470,0.115826
737.7799,0.115631
738.0129,0.115052
738.2459,0.114066
738.4788,0.112658
738.7118,0.110838
738.9447,0.108661
739.1777,0.106240
739.4106,0.103730
739.6436,0.101298
739.8766,0.099082
740.1095,0.097166
740.3425,0.095569
740.5754,0.094264
740.8084,0.093198
741.0414,0.092318
741.2743,0.091588
741.5073,0.090987
741.7402,0.090506
741.9732,0.090134
742.2061,0.089854
742.4391,0.089647
742.6721,0.089500
742.9050,0.089410
743.1380,0.089388
743.3709,0.089442
743.6039,0.089574
743.8369,0.089764
744.0698,0.089977
744.3028,0.090181
744.5357,0.090356
744.7687,0.090510
745.0017,0.090676
745.2346,0.090894
745.4676,0.091196
745.7005,0.091585
745.9335,0.092042
746.1664,0.092541
746.3994,0.093066
746.6324,0.093632
746.8653,0.094285
747.0983,0.095091
747.3312,0.096111
747.5642,0.097380
747.7972,0.098906
748.0301,0.100677
748.2631,0.102684
748.4960,0.104939
748.7290,0.107487
748.9619,0.110398
749.1949,0.113743
749.4279,0.117582
749.6608,0.121943
749.8938,0.126830
750.1267,0.132243
750.3597,0.138187
750.5927,0.144678
750.8256,0.151727
751.0586,0.159293
751.2915,0.167232
751.5245,0.175265
751.7575,0.182962
751.9904,0.189786
752.2234,0.195159
752.4563,0.198547
752.6893,0.199537
752.9222,0.197888
753.1552,0.193564
753.3882,0.186761
753.6211,0.177906
753.8541,0.167623
754.0870,0.156648
754.3200,0.145702
754.5530,0.135380
754.7859,0.126076
755.0189,0.117972
755.2518,0.111072
755.4848,0.105270
755.7177,0.100409
755.9507,0.096334
756.1837,0.092910
756.4166,0.090028
756.6496,0.087585
756.8825,0.085481
757.1155,0.083615
757.3485,0.081901
757.5814,0.080281
757.8144,0.078735
758.0473,0.077280
758.2803,0.075949
758.5132,0.074772
758.7462,0.073756
758.9792,0.072889
759.2121,0.072140
759.4451,0.071486
759.6780,0.070911
759.9110,0.070419
760.1440,0.070012
760.3769,0.069690
760.6099,0.069432
760.8428,0.069206
761.0758,0.068978
761.3088,0.068733
761.5417,0.068482
761.7747,0.068261
762.0076,0.068111
762.2406,0.068060
762.4735,0.068106
762.7065,0.068217
762.9395,0.068342
763.1724,0.068434
763.4054,0.068470
763.6383,0.068456
763.8713,0.068421
764.1043,0.068399
764.3372,0.068413
764.5702,0.068470
764.8031,0.068563
765.0361,0.068684
765.2690,0.068837
765.5020,0.069038
765.7350,0.069307
765.9679,0.069656
766.2009,0.070072
766.4338,0.070522
766.6668,0.070957
766.8998,0.071334
767.1327,0.071632
767.3657,0.071854
767.5986,0.072023
767.8316,0.072162
768.0646,0.072282
768.2975,0.072371
768.5305,0.072403
768.7634,0.072351
768.9964,0.072200
769.2293,0.071956
769.4623,0.071634
769.6953,0.071253
769.9282,0.070823
770.1612,0.070341
770.3941,0.069802
770.6271,0.069211
770.8601,0.068590
771.0930,0.067978
771.3260,0.067416
771.5589,0.066932
771.7919,0.066528
772.0248,0.066178
772.2578,0.065839
772.4908,0.065472
772.7237,0.065058
772.9567,0.064609
773.1896,0.064156
773.4226,0.063738
773.6556,0.063381
773.8885,0.063088
774.1215,0.062845
774.3544,0.062627
774.5874,0.062413
774.8204,0.062195
775.0533,0.061980
775.2863,0.061781
775.5192,0.061606
775.7522,0.061455
775.9851,0.061323
776.2181,0.061199
776.4511,0.061080
776.6840,0.060972
776.9170,0.060884
777.1499,0.060828
777.3829,0.060802
777.6159,0.060799
777.8488,0.060803
778.0818,0.060802
778.3147,0.060790
778.5477,0.060773
778.7806,0.060758
779.0136,0.060754
779.2466,0.060759
779.4795,0.060766
779.7125,0.060767
779.9454,0.060760
780.1784,0.060757
780.4114,0.060776
780.6443,0.060839
780.8773,0.060952
781.1102,0.061106
781.3432,0.061276
781.5762,0.061431
781.8091,0.061552
782.0421,0.061637
782.2750,0.061708
782.5080,0.061792
782.7409,0.061907
782.9739,0.062055
783.2069,0.062213
783.4398,0.062346
783.6728,0.062424
783.9057,0.062439
784.1387,0.062407
784.3717,0.062368
784.6046,0.062360
784.8376,0.062414
785.0705,0.062534
785.3035,0.062706
785.5364,0.062906
785.7694,0.063113
786.0024,0.063319
786.2353,0.063527
786.4683,0.063745
786.7012,0.063977
786.9342,0.064216
787.1672,0.064447
787.4001,0.064653
787.6331,0.064825
787.8660,0.064965
788.0990,0.065084
788.3320,0.065194
788.5649,0.065303
788.7979,0.065411
789.0308,0.065517
789.2638,0.065622
789.4967,0.065735
789.7297,0.065876
789.9627,0.066065
790.1956,0.066310
790.4286,0.066605
790.6615,0.066925
790.8945,0.067240
791.1275,0.067522
791.3604,0.067764
791.5934,0.067978
791.8263,0.068188
792.0593,0.068422
792.2922,0.068695
792.5252,0.069007
792.7582,0.069346
792.9911,0.069698
793.2241,0.070058
793.4570,0.070429
793.6900,0.070823
793.9230,0.071247
794.1559,0.071698
794.3889,0.072161
794.6218,0.072615
794.8548,0.073049
795.0878,0.073471
795.3207,0.073906
795.5537,0.074389
795.7866,0.074950
796.0196,0.075598
796.2525,0.076322
796.4855,0.077094
796.7185,0.077887
796.9514,0.078691
797.1844,0.079519
797.4173,0.080401
797.6503,0.081368
797.8833,0.082439
798.1162,0.083610
798.3492,0.084860
798.5821,0.086164
798.8151,0.087505
799.0480,0.088889
799.2810,0.090336
799.5140,0.091872
799.7469,0.093514
799.9799,0.095265
800.2128,0.097114
800.4458,0.099052
800.6788,0.101083
800.9117,0.103228
801.1447,0.105521
801.3776,0.107995
801.6106,0.110655
801.8436,0.113477
802.0765,0.116400
802.3095,0.119343
802.5424,0.122217
802.7754,0.124936
803.0083,0.127406
803.2413,0.129520
803.4743,0.131143
803.7072,0.132119
803.9402,0.132299
804.1731,0.131573
804.4061,0.129911
804.6391,0.127373
804.8720,0.124096
805.1050,0.120263
805.3379,0.116064
805.5709,0.111678
805.8038,0.107257
806.0368,0.102933
806.2698,0.098821
806.5027,0.095017
806.7357,0.091592
806.9686,0.088589
807.2016,0.086011
807.4346,0.083833
807.6675,0.082001
807.9005,0.080455
808.1334,0.079137
808.3664,0.077999
808.5994,0.077014
808.8323,0.076163
809.0653,0.075435
809.2982,0.074819
809.5312,0.074301
809.7641,0.073872
809.9971,0.073519
810.2301,0.073236
810.4630,0.073015
810.6960,0.072846
810.9289,0.072713
811.1619,0.072599
811.3949,0.072489
811.6278,0.072373
811.8608,0.072256
812.0937,0.072150
812.3267,0.072072
812.5596,0.072032
812.7926,0.072034
813.0256,0.072072
813.2585,0.072136
813.4915,0.072222
813.7244,0.072335
813.9574,0.072486
814.1904,0.072684
814.4233,0.072929
814.6563,0.073205
814.8892,0.073480
815.1222,0.073724
815.3552,0.073917
815.5881,0.074061
815.8211,0.074186
816.0540,0.074332
816.2870,0.074541
816.5199,0.074836
816.7529,0.075216
816.9859,0.075657
817.2188,0.076124
817.4518,0.076584
817.6847,0.077022
817.9177,0.077437
818.1507,0.077841
818.3836,0.078251
818.6166,0.078679
818.8495,0.079132
819.0825,0.079613
819.3154,0.080128
819.5484,0.080682
819.7814,0.081283
820.0143,0.081933
820.2473,0.082623
820.4802,0.083338
820.7132,0.084061
820.9462,0.084781
821.1791,0.085503
821.4121,0.086246
821.6450,0.087037
821.8780,0.087897
822.1110,0.088833
822.3439,0.089835
822.5769,0.090878
822.8098,0.091938
823.0428,0.093002
823.2757,0.094074
823.5087,0.095175
823.7417,0.096326
823.9746,0.097546
824.2076,0.098837
824.4405,0.100195
824.6735,0.101612
824.9065,0.103089
825.1394,0.104642
825.3724,0.106294
825.6053,0.108069
825.8383,0.109981
826.0712,0.112022
826.3042,0.114166
826.5372,0.116378
826.7701,0.118618
827.0031,0.120851
827.2360,0.123039
827.4690,0.125134
827.7020,0.127075
827.9349,0.128793
828.1679,0.130221
828.4008,0.131324
828.6338,0.132112
828.8668,0.132653
829.0997,0.133058
829.3327,0.133458
829.5656,0.133985
829.7986,0.134748
830.0315,0.135833
830.2645,0.137301
830.4975,0.139196
830.7304,0.141541
830.9634,0.144335
831.1963,0.147531
831.4293,0.151025
831.6623,0.154647
831.8952,0.158174
832.1282,0.161351
832.3611,0.163935
832.5941,0.165724
832.8270,0.166588
833.0600,0.166477
833.2930,0.165424
833.5259,0.163541
833.7589,0.161008
833.9918,0.158059
834.2248,0.154954
834.4578,0.151950
834.6907,0.149260
834.9237,0.147030
835.1566,0.145335
835.3896,0.144186
835.6226,0.143550
835.8555,0.143379
836.0885,0.143624
836.3214,0.144247
836.5544,0.145214
836.7873,0.146484
837.0203,0.148004
837.2533,0.149705
837.4862,0.151515
837.7192,0.153376
837.9521,0.155246
838.1851,0.157103
838.4181,0.158923
838.6510,0.160668
838.8840,0.162260
839.1169,0.163588
839.3499,0.164522
839.5828,0.164934
839.8158,0.164728
840.0488,0.163845
840.2817,0.162264
840.5147,0.159988
840.7476,0.157034
840.9806,0.153437
841.2136,0.149264
841.4465,0.144620
841.6795,0.139654
841.9124,0.134539
842.1454,0.129450
842.3784,0.124537
842.6113,0.119906
842.8443,0.115622
843.0772,0.111717
843.3102,0.108203
843.5431,0.105085
843.7761,0.102368
844.0091,0.100048
844.2420,0.098112
844.4750,0.096530
844.7079,0.095257
844.9409,0.094237
845.1739,0.093417
845.4068,0.092754
845.6398,0.092217
845.8727,0.091787
846.1057,0.091451
846.3386,0.091198
846.5716,0.091016
846.8046,0.090895
847.0375,0.090831
847.2705,0.090830
847.5034,0.090905
847.7364,0.091069
847.9694,0.091328
848.2023,0.091678
848.4353,0.092100
848.6682,0.092573
848.9012,0.093080
849.1342,0.093617
849.3671,0.094193
849.6001,0.094828
849.8330,0.095539
850.0660,0.096338
850.2989,0.097224
850.5319,0.098190
850.7649,0.099226
850.9978,0.100330
851.2308,0.101510
851.4637,0.102778
851.6967,0.104147
851.9297,0.105619
852.1626,0.107188
852.3956,0.108835
852.6285,0.110539
852.8615,0.112278
853.0944,0.114025
853.3274,0.115752
853.5604,0.117413
853.7933,0.118943
854.0263,0.120264
854.2592,0.121289
854.4922,0.121938
854.7252,0.122152
854.9581,0.121895
855.1911,0.121151
855.4240,0.119919
855.6570,0.118208
855.8900,0.116039
856.1229,0.113453
856.3559,0.110520
856.5888,0.107334
856.8218,0.104008
857.0547,0.100650
857.2877,0.097356
857.5207,0.094193
857.7536,0.091200
857.9866,0.088403
858.2195,0.085813
858.4525,0.083442
858.6855,0.081299
858.9184,0.079387
859.1514,0.077701
859.3843,0.076223
859.6173,0.074928
859.8502,0.073784
860.0832,0.072765
860.3162,0.071852
860.5491,0.071032
860.7821,0.070295
861.0150,0.069631
861.2480,0.069028
861.4810,0.068470
861.7139,0.067943
861.9469,0.067441
862.1798,0.066967
862.4128,0.066529
862.6458,0.066137
862.8787,0.065795
863.1117,0.065503
863.3446,0.065250
863.5776,0.065026
863.8105,0.064825
864.0435,0.064645
864.2765,0.064491
864.5094,0.064367
864.7424,0.064273
864.9753,0.064204
865.2083,0.064150
865.4413,0.064103
865.6742,0.064061
865.9072,0.064029
866.1401,0.064017
866.3731,0.064032
866.6060,0.064071
866.8390,0.064120
867.0720,0.064157
867.3049,0.064158
867.5379,0.064109
867.7708,0.064011
868.0038,0.063881
868.2368,0.063742
868.4697,0.063617
868.7027,0.063519
868.9356,0.063448
869.1686,0.063398
869.4016,0.063357
869.6345,0.063318
869.8675,0.063282
870.1004,0.063251
870.3334,0.063229
870.5663,0.063214
870.7993,0.063201
871.0323,0.063184
871.2652,0.063160
871.4982,0.063131
871.7311,0.063108
871.9641,0.063102
872.1971,0.063121
872.4300,0.063168
872.6630,0.063236
872.8959,0.063317
873.1289,0.063402
873.3618,0.063488
873.5948,0.063577
873.8278,0.063672
874.0607,0.063775
874.2937,0.063881
874.5266,0.063983
874.7596,0.064071
874.9926,0.064143
875.2255,0.064202
875.4585,0.064262
875.6914,0.064336
875.9244,0.064432
876.1574,0.064553
876.3903,0.064693
876.6233,0.064842
876.8562,0.064992
877.0892,0.065143
877.3221,0.065299
877.5551,0.065466
877.7881,0.065645
878.0210,0.065832
878.2540,0.066015
878.4869,0.066183
878.7199,0.066326
878.9529,0.066446
879.1858,0.066550
879.4188,0.066651
879.6517,0.066759
879.8847,0.066877
880.1176,0.067003
880.3506,0.067129
880.5836,0.067251
880.8165,0.067372
881.0495,0.067499
881.2824,0.067639
881.5154,0.067796
881.7484,0.067964
881.9813,0.068130
882.2143,0.068281
882.4472,0.068406
882.6802,0.068506
882.9132,0.068593
883.1461,0.068682
883.3791,0.068786
883.6120,0.068910
883.8450,0.069049
884.0779,0.069192
884.3109,0.069331
884.5439,0.069461
884.7768,0.069588
885.0098,0.069718
885.2427,0.069860
885.4757,0.070015
885.7087,0.070177
885.9416,0.070337
886.1746,0.070489
886.4075,0.070633
886.6405,0.070775
886.8734,0.070926
887.1064,0.071092
887.3394,0.071274
887.5723,0.071463
887.8053,0.071650
888.0382,0.071825
888.2712,0.071988
888.5042,0.072146
888.7371,0.072308
888.9701,0.072483
889.2030,0.072674
889.4360,0.072873
889.6690,0.073072
889.9019,0.073261
890.1349,0.073439
890.3678,0.073609
890.6008,0.073781
890.8337,0.073962
891.0667,0.074155
891.2997,0.074358
891.5326,0.074567
891.7656,0.074779
891.9985,0.074999
892.2315,0.075235
892.4645,0.075497
892.6974,0.075786
892.9304,0.076096
893.1633,0.076412
893.3963,0.076716
893.6292,0.076994
893.8622,0.077245
894.0952,0.077477
894.3281,0.077705
894.5611,0.077941
894.7940,0.078190
895.0270,0.078446
895.2600,0.078699
895.4929,0.078937
895.7259,0.079161
895.9588,0.079377
896.1918,0.079601
896.4247,0.079847
896.6577,0.080126
896.8907,0.080435
897.1236,0.080767
897.3566,0.081114
897.5895,0.081471
897.8225,0.081842
898.0555,0.082238
898.2884,0.082670
898.5214,0.083146
898.7543,0.083670
898.9873,0.084240
899.2203,0.084854
899.4532,0.085514
899.6862,0.086226
899.9191,0.087000
900.1521,0.087842
900.3850,0.088758
900.6180,0.089746
900.8510,0.090802
901.0839,0.091925
901.3169,0.093119
901.5498,0.094397
901.7828,0.095769
902.0158,0.097244
902.2487,0.098817
902.4817,0.100472
902.7146,0.102186
902.9476,0.103925
903.1805,0.105661
903.4135,0.107362
903.6465,0.108993
903.8794,0.110509
904.1124,0.111853
904.3453,0.112954
904.5783,0.113745
904.8113,0.114168
905.0442,0.114188
905.2772,0.113799
905.5101,0.113022
905.7431,0.111892
905.9761,0.110458
906.2090,0.108774
906.4420,0.106902
906.6749,0.104907
906.9079,0.102864
907.1408,0.100844
907.3738,0.098908
907.6068,0.097099
907.8397,0.095441
908.0727,0.093936
908.3056,0.092575
908.5386,0.091347
908.7716,0.090241
909.0045,0.089251
909.2375,0.088373
909.4704,0.087599
909.7034,0.086914
909.9363,0.086299
910.1693,0.085733
910.4023,0.085203
910.6352,0.084700
910.8682,0.084229
911.1011,0.083794
911.3341,0.083401
911.5671,0.083051
911.8000,0.082738
912.0330,0.082454
912.2659,0.082196
912.4989,0.081964
912.7319,0.081761
912.9648,0.081593
913.1978,0.081461
913.4307,0.081360
913.6637,0.081280
913.8966,0.081210
914.1296,0.081147
914.3626,0.081094
914.5955,0.081061
914.8285,0.081059
915.0614,0.081095
915.2944,0.081164
915.5274,0.081254
915.7603,0.081349
915.9933,0.081436
916.2262,0.081515
916.4592,0.081593
916.6921,0.081686
916.9251,0.081812
917.1581,0.081984
917.3910,0.082206
917.6240,0.082477
917.8569,0.082794
918.0899,0.083158
918.3229,0.083571
918.5558,0.084040
918.7888,0.084568
919.0217,0.085156
919.2547,0.085800
919.4877,0.086498
919.7206,0.087250
919.9536,0.088063
920.1865,0.088955
920.4195,0.089943
920.6524,0.091045
920.8854,0.092272
921.1184,0.093629
921.3513,0.095114
921.5843,0.096730
921.8172,0.098482
922.0502,0.100382
922.2832,0.102442
922.5161,0.104668
922.7491,0.107060
922.9820,0.109607
923.2150,0.112292
923.4479,0.115100
923.6809,0.118016
923.9139,0.121027
924.1468,0.124108
924.3798,0.127216
924.6127,0.130271
924.8457,0.133158
925.0787,0.135733
925.3116,0.137838
925.5446,0.139321
925.7775,0.140054
926.0105,0.139946
926.2435,0.138955
926.4764,0.137083
926.7094,0.134393
926.9423,0.130998
927.1753,0.127063
927.4082,0.122789
927.6412,0.118384
927.8742,0.114042
928.1071,0.109919
928.3401,0.106124
928.5730,0.102713
928.8060,0.099709
929.0390,0.097104
929.2719,0.094878
929.5049,0.093005
929.7378,0.091454
929.9708,0.090186
930.2037,0.089162
930.4367,0.088336
930.6697,0.087667
930.9026,0.087119
931.1356,0.086670
931.3685,0.086304
931.6015,0.086015
931.8345,0.085792
932.0674,0.085623
932.3004,0.085484
932.5333,0.085347
932.7663,0.085183
932.9993,0.084961
933.2322,0.084658
933.4652,0.084252
933.6981,0.083725
933.9311,0.083061
934.1640,0.082254
934.3970,0.081307
934.6300,0.080241
934.8629,0.079088
935.0959,0.077893
935.3288,0.076701
935.5618,0.075550
935.7948,0.074464
936.0277,0.073454
936.2607,0.072524
936.4936,0.071669
936.7266,0.070888
936.9595,0.070180
937.1925,0.069544
937.4255,0.068978
937.6584,0.068472
937.8914,0.068015
938.1243,0.067592
938.3573,0.067194
938.5903,0.066816
938.8232,0.066460
939.0562,0.066131
939.2891,0.065829
939.5221,0.065556
939.7551,0.065304
939.9880,0.065067
940.2210,0.064842
940.4539,0.064628
940.6869,0.064429
940.9198,0.064250
941.1528,0.064092
941.3858,0.063953
941.6187,0.063824
941.8517,0.063697
942.0846,0.063567
942.3176,0.063434
942.5506,0.063306
942.7835,0.063192
943.0165,0.063100
943.2494,0.063031
943.4824,0.062979
943.7153,0.062936
943.9483,0.062894
944.1813,0.062850
944.4142,0.062805
944.6472,0.062763
944.8801,0.062726
945.1131,0.062695
945.3461,0.062663
945.5790,0.062623
945.8120,0.062571
946.0449,0.062508
946.2779,0.062442
946.5109,0.062384
946.7438,0.062343
946.9768,0.062323
947.2097,0.062324
947.4427,0.062337
947.6756,0.062357
947.9086,0.062377
948.1416,0.062398
948.3745,0.062422
948.6075,0.062452
948.8404,0.062488
949.0734,0.062527
949.3064,0.062565
949.5393,0.062598
949.7723,0.062626
950.0052,0.062652
950.2382,0.062683
950.4711,0.062723
950.7041,0.062774
950.9371,0.062836
951.1700,0.062903
951.4030,0.062972
951.6359,0.063042
951.8689,0.063116
952.1019,0.063198
952.3348,0.063291
952.5678,0.063396
952.8007,0.063508
953.0337,0.063621
953.2667,0.063729
953.4996,0.063830
953.7326,0.063919
953.9655,0.063997
954.1985,0.064060
954.4314,0.064099
954.6644,0.064107
954.8974,0.064074
955.1303,0.063996
955.3633,0.063876
955.5962,0.063722
955.8292,0.063547
956.0622,0.063364
956.2951,0.063184
956.5281,0.063014
956.7610,0.062858
956.9940,0.062722
957.2269,0.062609
957.4599,0.062522
957.6929,0.062464
957.9258,0.062429
958.1588,0.062411
958.3917,0.062398
958.6247,0.062384
958.8577,0.062367
959.0906,0.062351
959.3236,0.062346
959.5565,0.062363
959.7895,0.062406
960.0225,0.062471
960.2554,0.062548
960.4884,0.062623
960.7213,0.062686
960.9543,0.062735
961.1872,0.062775
961.4202,0.062816
961.6532,0.062870
961.8861,0.062941
962.1191,0.063027
962.3520,0.063120
962.5850,0.063211
962.8180,0.063294
963.0509,0.063366
963.2839,0.063432
963.5168,0.063495
963.7498,0.063559
963.9827,0.063625
964.2157,0.063689
964.4487,0.063750
964.6816,0.063805
964.9146,0.063856
965.1475,0.063903
965.3805,0.063948
965.6135,0.063987
965.8464,0.064016
966.0794,0.064030
966.3123,0.064025
966.5453,0.064005
966.7783,0.063975
967.0112,0.063943
967.2442,0.063916
967.4771,0.063896
967.7101,0.063883
967.9430,0.063870
968.1760,0.063856
968.4090,0.063840
968.6419,0.063826
968.8749,0.063819
969.1078,0.063824
969.3408,0.063844
969.5738,0.063877
969.8067,0.063922
970.0397,0.063977
970.2726,0.064044
970.5056,0.064127
970.7385,0.064232
970.9715,0.064361
971.2045,0.064511
971.4374,0.064677
971.6704,0.064851
971.9033,0.065028
972.1363,0.065208
972.3693,0.065395
972.6022,0.065593
972.8352,0.065808
973.0681,0.066041
973.3011,0.066286
973.5341,0.066536
973.7670,0.066782
974.0000,0.067017
974.2329,0.067237
974.4659,0.067435
974.6988,0.067605
974.9318,0.067738
975.1648,0.067824
975.3977,0.067854
975.6307,0.067826
975.8636,0.067748
976.0966,0.067636
976.3296,0.067507
976.5625,0.067380
976.7955,0.067264
977.0284,0.067163
977.2614,0.067073
977.4943,0.066989
977.7273,0.066907
977.9603,0.066826
978.1932,0.066746
978.4262,0.066669
978.6591,0.066594
978.8921,0.066518
979.1251,0.066439
979.3580,0.066355
979.5910,0.066272
979.8239,0.066199
980.0569,0.066146
980.2899,0.066122
980.5228,0.066129
980.7558,0.066163
980.9887,0.066215
981.2217,0.066276
981.4546,0.066338
981.6876,0.066399
981.9206,0.066463
982.1535,0.066533
982.3865,0.066611
982.6194,0.066699
982.8524,0.066791
983.0854,0.066886
983.3183,0.066978
983.5513,0.067068
983.7842,0.067156
984.0172,0.067243
984.2501,0.067329
984.4831,0.067413
984.7161,0.067495
984.9490,0.067576
985.1820,0.067660
985.4149,0.067754
985.6479,0.067865
985.8809,0.067996
986.1138,0.068148
986.3468,0.068315
986.5797,0.068489
986.8127,0.068665
987.0457,0.068838
987.2786,0.069008
987.5116,0.069179
987.7445,0.069355
987.9775,0.069538
988.2104,0.069728
988.4434,0.069925
988.6764,0.070128
988.9093,0.070338
989.1423,0.070557
989.3752,0.070787
989.6082,0.071030
989.8412,0.071286
990.0741,0.071551
990.3071,0.071821
990.5400,0.072094
990.7730,0.072367
991.0059,0.072643
991.2389,0.072920
991.4719,0.073196
991.7048,0.073469
991.9378,0.073733
992.1707,0.073984
992.4037,0.074222
992.6367,0.074453
992.8696,0.074682
993.1026,0.074914
993.3355,0.075149
993.5685,0.075384
993.8015,0.075607
994.0344,0.075810
994.2674,0.075985
994.5003,0.076135
994.7333,0.076264
994.9662,0.076383
995.1992,0.076500
995.4322,0.076617
995.6651,0.076732
995.8981,0.076841
996.1310,0.076937
996.3640,0.077017
996.5970,0.077080
996.8299,0.077130
997.0629,0.077167
997.2958,0.077195
997.5288,0.077213
997.7617,0.077224
997.9947,0.077232
998.2277,0.077244
998.4606,0.077268
998.6936,0.077310
998.9265,0.077371
999.1595,0.077447
999.3925,0.077529
999.6254,0.077609
999.8584,0.077681
1000.0913,0.077745
1000.3243,0.077806
1000.5573,0.077869
1000.7902,0.077937
1001.0232,0.078011
1001.2561,0.078087
1001.4891,0.078162
1001.7220,0.078236
1001.9550,0.078314
1002.1880,0.078402
1002.4209,0.078507
1002.6539,0.078630
1002.8868,0.078768
1003.1198,0.078910
1003.3528,0.079046
1003.5857,0.079170
1003.8187,0.079283
1004.0516,0.079392
1004.2846,0.079510
1004.5175,0.079648
1004.7505,0.079813
1004.9835,0.080011
1005.2164,0.080244
1005.4494,0.080515
1005.6823,0.080832
1005.9153,0.081206
1006.1483,0.081649
1006.3812,0.082167
1006.6142,0.082766
1006.8471,0.083444
1007.0801,0.084201
1007.3131,0.085041
1007.5460,0.085975
1007.7790,0.087021
1008.0119,0.088202
1008.2449,0.089541
1008.4778,0.091055
1008.7108,0.092755
1008.9438,0.094648
1009.1767,0.096741
1009.4097,0.099049
1009.6426,0.101588
1009.8756,0.104379
1010.1086,0.107425
1010.3415,0.110702
1010.5745,0.114140
1010.8074,0.117609
1011.0404,0.120925
1011.2733,0.123857
1011.5063,0.126157
1011.7393,0.127596
1011.9722,0.128010
1012.2052,0.127333
1012.4381,0.125620
1012.6711,0.123045
1012.9041,0.119875
1013.1370,0.116419
1013.3700,0.112974
1013.6029,0.109780
1013.8359,0.106987
1014.0689,0.104649
1014.3018,0.102748
1014.5348,0.101216
1014.7677,0.099967
1015.0007,0.098926
1015.2336,0.098036
1015.4666,0.097259
1015.6996,0.096569
1015.9325,0.095948
1016.1655,0.095376
1016.3984,0.094840
1016.6314,0.094331
1016.8644,0.093852
1017.0973,0.093414
1017.3303,0.093032
1017.5632,0.092717
1017.7962,0.092470
1018.0291,0.092288
1018.2621,0.092164
1018.4951,0.092093
1018.7280,0.092079
1018.9610,0.092132
1019.1939,0.092263
1019.4269,0.092480
1019.6599,0.092779
1019.8928,0.093150
1020.1258,0.093578
1020.3587,0.094050
1020.5917,0.094564
1020.8247,0.095123
1021.0576,0.095741
1021.2906,0.096427
1021.5235,0.097189
1021.7565,0.098025
1021.9894,0.098933
1022.2224,0.099909
1022.4554,0.100954
1022.6883,0.102078
1022.9213,0.103289
1023.1542,0.104597
1023.3872,0.106003
1023.6202,0.107508
1023.8531,0.109110
1024.0861,0.110813
1024.3190,0.112630
1024.5520,0.114582
1024.7849,0.116689
1025.0179,0.118965
1025.2509,0.121411
1025.4838,0.124011
1025.7168,0.126742
1025.9497,0.129574
1026.1827,0.132480
1026.4157,0.135436
1026.6486,0.138411
1026.8816,0.141362
1027.1145,0.144224
1027.3475,0.146912
1027.5804,0.149324
1027.8134,0.151361
1028.0464,0.152934
1028.2793,0.153976
1028.5123,0.154441
1028.7452,0.154305
1028.9782,0.153557
1029.2112,0.152202
1029.4441,0.150265
1029.6771,0.147797
1029.9100,0.144876
1030.1430,0.141603
1030.3760,0.138086
1030.6089,0.134434
1030.8419,0.130739
1031.0748,0.127079
1031.3078,0.123514
1031.5407,0.120093
1031.7737,0.116854
1032.0067,0.113826
1032.2396,0.111026
1032.4726,0.108453
1032.7055,0.106094
1032.9385,0.103921
1033.1715,0.101907
1033.4044,0.100026
1033.6374,0.098266
1033.8703,0.096625
1034.1033,0.095107
1034.3362,0.093716
1034.5692,0.092447
1034.8022,0.091290
1035.0351,0.090228
1035.2681,0.089244
1035.5010,0.088327
1035.7340,0.087471
1035.9670,0.086678
1036.1999,0.085947
1036.4329,0.085279
1036.6658,0.084666
1036.8988,0.084100
1037.1318,0.083572
1037.3647,0.083079
1037.5977,0.082619
1037.8306,0.082196
1038.0636,0.081810
1038.2965,0.081459
1038.5295,0.081134
1038.7625,0.080823
1038.9954,0.080517
1039.2284,0.080210
1039.4613,0.079901
1039.6943,0.079597
1039.9273,0.079300
1040.1602,0.079015
1040.3932,0.078739
1040.6261,0.078468
1040.8591,0.078199
1041.0920,0.077934
1041.3250,0.077677
1041.5580,0.077436
1041.7909,0.077219
1042.0239,0.077026
1042.2568,0.076856
1042.4898,0.076701
1042.7228,0.076555
1042.9557,0.076413
1043.1887,0.076277
1043.4216,0.076150
1043.6546,0.076037
1043.8876,0.075942
1044.1205,0.075865
1044.3535,0.075805
1044.5864,0.075758
1044.8194,0.075727
1045.0523,0.075711
1045.2853,0.075715
1045.5183,0.075740
1045.7512,0.075783
1045.9842,0.075839
1046.2171,0.075901
1046.4501,0.075962
1046.6831,0.076022
1046.9160,0.076084
1047.1490,0.076153
1047.3819,0.076236
1047.6149,0.076337
1047.8478,0.076457
1048.0808,0.076595
1048.3138,0.076751
1048.5467,0.076927
1048.7797,0.077126
1049.0126,0.077351
1049.2456,0.077601
1049.4786,0.077868
1049.7115,0.078145
1049.9445,0.078419
1050.1774,0.078683
1050.4104,0.078938
1050.6434,0.079188
1050.8763,0.079442
1051.1093,0.079708
1051.3422,0.079991
1051.5752,0.080289
1051.8081,0.080599
1052.0411,0.080916
1052.2741,0.081241
1052.5070,0.081580
1052.7400,0.081939
1052.9729,0.082324
1053.2059,0.082736
1053.4389,0.083172
1053.6718,0.083623
1053.9048,0.084083
1054.1377,0.084548
1054.3707,0.085022
1054.6036,0.085515
1054.8366,0.086037
1055.0696,0.086593
1055.3025,0.087187
1055.5355,0.087814
1055.7684,0.088469
1056.0014,0.089146
1056.2344,0.089843
1056.4673,0.090564
1056.7003,0.091313
1056.9332,0.092097
1057.1662,0.092920
1057.3992,0.093785
1057.6321,0.094696
1057.8651,0.095655
1058.0980,0.096662
1058.3310,0.097721
1058.5639,0.098828
1058.7969,0.099981
1059.0299,0.101177
1059.2628,0.102416
1059.4958,0.103702
1059.7287,0.105045
1059.9617,0.106457
1060.1947,0.107954
1060.4276,0.109545
1060.6606,0.111234
1060.8935,0.113022
1061.1265,0.114906
1061.3594,0.116890
1061.5924,0.118978
1061.8254,0.121183
1062.0583,0.123513
1062.2913,0.125976
1062.5242,0.128573
1062.7572,0.131300
1062.9902,0.134152
1063.2231,0.137130
1063.4561,0.140242
1063.6890,0.143503
1063.9220,0.146923
1064.1550,0.150508
1064.3879,0.154249
1064.6209,0.158122
1064.8538,0.162097
1065.0868,0.166141
1065.3197,0.170226
1065.5527,0.174329
1065.7857,0.178424
1066.0186,0.182473
1066.2516,0.186419
1066.4845,0.190183
1066.7175,0.193667
1066.9505,0.196765
1067.1834,0.199371
1067.4164,0.201386
1067.6493,0.202714
1067.8823,0.203265
1068.1152,0.202957
1068.3482,0.201725
1068.5812,0.199537
1068.8141,0.196403
1069.0471,0.192388
1069.2800,0.187601
1069.5130,0.182182
1069.7460,0.176285
1069.9789,0.170067
1070.2119,0.163677
1070.4448,0.157254
1070.6778,0.150931
1070.9108,0.144824
1071.1437,0.139034
1071.3767,0.133634
1071.6096,0.128666
1071.8426,0.124145
1072.0755,0.120059
1072.3085,0.116385
1072.5415,0.113094
1072.7744,0.110155
1073.0074,0.107542
1073.2403,0.105227
1073.4733,0.103179
1073.7063,0.101365
1073.9392,0.099752
1074.1722,0.098308
1074.4051,0.097012
1074.6381,0.095851
1074.8710,0.094818
1075.1040,0.093910
1075.3370,0.093122
1075.5699,0.092446
1075.8029,0.091868
1076.0358,0.091376
1076.2688,0.090966
1076.5018,0.090635
1076.7347,0.090390
1076.9677,0.090238
1077.2006,0.090182
1077.4336,0.090221
1077.6666,0.090348
1077.8995,0.090555
1078.1325,0.090837
1078.3654,0.091194
1078.5984,0.091634
1078.8313,0.092165
1079.0643,0.092793
1079.2973,0.093520
1079.5302,0.094344
1079.7632,0.095261
1079.9961,0.096272
1080.2291,0.097382
1080.4621,0.098602
1080.6950,0.099944
1080.9280,0.101419
1081.1609,0.103029
1081.3939,0.104771
1081.6268,0.106639
1081.8598,0.108630
1082.0928,0.110745
1082.3257,0.112991
1082.5587,0.115371
1082.7916,0.117886
1083.0246,0.120522
1083.2576,0.123256
1083.4905,0.126057
1083.7235,0.128894
1083.9564,0.131735
1084.1894,0.134552
1084.4224,0.137314
1084.6553,0.139980
1084.8883,0.142498
1085.1212,0.144800
1085.3542,0.146817
1085.5871,0.148481
1085.8201,0.149741
1086.0531,0.150560
1086.2860,0.150919
1086.5190,0.150804
1086.7519,0.150210
1086.9849,0.149139
1087.2179,0.147604
1087.4508,0.145638
1087.6838,0.143296
1087.9167,0.140649
1088.1497,0.137777
1088.3826,0.134753
1088.6156,0.131641
1088.8486,0.128489
1089.0815,0.125336
1089.3145,0.122211
1089.5474,0.119144
1089.7804,0.116163
1090.0134,0.113292
1090.2463,0.110550
1090.4793,0.107947
1090.7122,0.105485
1090.9452,0.103162
1091.1782,0.100975
1091.4111,0.098926
1091.6441,0.097015
1091.8770,0.095245
1092.1100,0.093610
1092.3429,0.092102
1092.5759,0.090708
1092.8089,0.089414
1093.0418,0.088210
1093.2748,0.087092
1093.5077,0.086063
1093.7407,0.085129
1093.9737,0.084296
1094.2066,0.083563
1094.4396,0.082923
1094.6725,0.082367
1094.9055,0.081881
1095.1384,0.081455
1095.3714,0.081080
1095.6044,0.080750
1095.8373,0.080456
1096.0703,0.080188
1096.3032,0.079932
1096.5362,0.079674
1096.7692,0.079402
1097.0021,0.079106
1097.2351,0.078782
1097.4680,0.078428
1097.7010,0.078042
1097.9340,0.077622
1098.1669,0.077169
1098.3999,0.076687
1098.6328,0.076181
1098.8658,0.075666
1099.0987,0.075157
1099.3317,0.074670
1099.5647,0.074219
1099.7976,0.073809
1100.0306,0.073444
1100.2635,0.073120
1100.4965,0.072835
1100.7295,0.072586
1100.9624,0.072375
1101.1954,0.072200
1101.4283,0.072061
1101.6613,0.071953
1101.8942,0.071872
1102.1272,0.071812
1102.3602,0.071770
1102.5931,0.071744
1102.8261,0.071737
1103.0590,0.071752
1103.2920,0.071788
1103.5250,0.071845
1103.7579,0.071918
1103.9909,0.072006
1104.2238,0.072107
1104.4568,0.072222
1104.6898,0.072354
1104.9227,0.072505
1105.1557,0.072674
1105.3886,0.072855
1105.6216,0.073043
1105.8545,0.073230
1106.0875,0.073417
1106.3205,0.073604
1106.5534,0.073799
1106.7864,0.074006
1107.0193,0.074229
1107.2523,0.074460
1107.4853,0.074690
1107.7182,0.074902
1107.9512,0.075083
1108.1841,0.075219
1108.4171,0.075304
1108.6500,0.075332
1108.8830,0.075301
1109.1160,0.075208
1109.3489,0.075054
1109.5819,0.074840
1109.8148,0.074578
1110.0478,0.074280
1110.2808,0.073964
1110.5137,0.073647
1110.7467,0.073341
1110.9796,0.073055
1111.2126,0.072789
1111.4456,0.072544
1111.6785,0.072320
1111.9115,0.072121
1112.1444,0.071949
1112.3774,0.071808
1112.6103,0.071697
1112.8433,0.071612
1113.0763,0.071547
1113.3092,0.071495
1113.5422,0.071453
1113.7751,0.071422
1114.0081,0.071404
1114.2411,0.071402
1114.4740,0.071414
1114.7070,0.071434
1114.9399,0.071455
1115.1729,0.071471
1115.4058,0.071480
1115.6388,0.071485
1115.8718,0.071496
1116.1047,0.071520
1116.3377,0.071563
1116.5706,0.071624
1116.8036,0.071697
1117.0366,0.071775
1117.2695,0.071854
1117.5025,0.071933
1117.7354,0.072015
1117.9684,0.072107
1118.2014,0.072210
1118.4343,0.072323
1118.6673,0.072441
1118.9002,0.072557
1119.1332,0.072667
1119.3661,0.072772
1119.5991,0.072875
1119.8321,0.072982
1120.0650,0.073099
1120.2980,0.073226
1120.5309,0.073358
1120.7639,0.073491
1120.9969,0.073620
1121.2298,0.073745
1121.4628,0.073869
1121.6957,0.073997
1121.9287,0.074135
1122.1616,0.074283
1122.3946,0.074440
1122.6276,0.074602
1122.8605,0.074766
1123.0935,0.074932
1123.3264,0.075099
1123.5594,0.075268
1123.7924,0.075438
1124.0253,0.075606
1124.2583,0.075766
1124.4912,0.075914
1124.7242,0.076052
1124.9572,0.076182
1125.1901,0.076313
1125.4231,0.076453
1125.6560,0.076606
1125.8890,0.076772
1126.1219,0.076948
1126.3549,0.077129
1126.5879,0.077311
1126.8208,0.077493
1127.0538,0.077680
1127.2867,0.077874
1127.5197,0.078077
1127.7527,0.078285
1127.9856,0.078495
1128.2186,0.078703
1128.4515,0.078908
1128.6845,0.079114
1128.9174,0.079328
1129.1504,0.079559
1129.3834,0.079810
1129.6163,0.080081
1129.8493,0.080368
1130.0822,0.080663
1130.3152,0.080963
1130.5482,0.081268
1130.7811,0.081584
1131.0141,0.081914
1131.2470,0.082264
1131.4800,0.082631
1131.7130,0.083013
1131.9459,0.083404
1132.1789,0.083803
1132.4118,0.084210
1132.6448,0.084631
1132.8777,0.085071
1133.1107,0.085532
1133.3437,0.086013
1133.5766,0.086509
1133.8096,0.087014
1134.0425,0.087527
1134.2755,0.088052
1134.5085,0.088596
1134.7414,0.089163
1134.9744,0.089757
1135.2073,0.090373
1135.4403,0.091003
1135.6732,0.091636
1135.9062,0.092265
1136.1392,0.092888
1136.3721,0.093511
1136.6051,0.094138
1136.8380,0.094774
1137.0710,0.095417
1137.3040,0.096060
1137.5369,0.096692
1137.7699,0.097306
1138.0028,0.097895
1138.2358,0.098460
1138.4688,0.099002
1138.7017,0.099521
1138.9347,0.100017
1139.1676,0.100488
1139.4006,0.100933
1139.6335,0.101356
1139.8665,0.101768
1140.0995,0.102184
1140.3324,0.102619
1140.5654,0.103083
1140.7983,0.103582
1141.0313,0.104117
1141.2643,0.104687
1141.4972,0.105298
1141.7302,0.105955
1141.9631,0.106672
1142.1961,0.107457
1142.4290,0.108317
1142.6620,0.109248
1142.8950,0.110240
1143.1279,0.111282
1143.3609,0.112367
1143.5938,0.113496
1143.8268,0.114677
1144.0598,0.115919
1144.2927,0.117227
1144.5257,0.118600
1144.7586,0.120025
1144.9916,0.121488
1145.2246,0.122973
1145.4575,0.124468
1145.6905,0.125964
1145.9234,0.127455
1146.1564,0.128926
1146.3893,0.130354
1146.6223,0.131706
1146.8553,0.132941
1147.0882,0.134018
1147.3212,0.134896
1147.5541,0.135543
1147.7871,0.135927
1148.0201,0.136021
1148.2530,0.135797
1148.4860,0.135235
1148.7189,0.134325
1148.9519,0.133079
1149.1848,0.131527
1149.4178,0.129721
1149.6508,0.127724
1149.8837,0.125602
1150.1167,0.123414
1150.3496,0.121212
1150.5826,0.119040
1150.8156,0.116932
1151.0485,0.114921
1151.2815,0.113033
1151.5144,0.111289
1151.7474,0.109701
1151.9804,0.108272
1152.2133,0.106994
1152.4463,0.105857
1152.6792,0.104847
1152.9122,0.103954
1153.1451,0.103169
1153.3781,0.102484
1153.6111,0.101889
1153.8440,0.101373
1154.0770,0.100923
1154.3099,0.100529
1154.5429,0.100186
1154.7759,0.099893
1155.0088,0.099657
1155.2418,0.099480
1155.4747,0.099363
1155.7077,0.099301
1155.9406,0.099281
1156.1736,0.099291
1156.4066,0.099321
1156.6395,0.099368
1156.8725,0.099435
1157.1054,0.099526
1157.3384,0.099646
1157.5714,0.099796
1157.8043,0.099971
1158.0373,0.100167
1158.2702,0.100379
1158.5032,0.100607
1158.7362,0.100854
1158.9691,0.101125
1159.2021,0.101418
1159.4350,0.101728
1159.6680,0.102046
1159.9009,0.102363
1160.1339,0.102672
1160.3669,0.102973
1160.5998,0.103275
1160.8328,0.103586
1161.0657,0.103914
1161.2987,0.104259
1161.5317,0.104615
1161.7646,0.104975
1161.9976,0.105331
1162.2305,0.105683
1162.4635,0.106036
1162.6964,0.106397
1162.9294,0.106774
1163.1624,0.107167
1163.3953,0.107572
1163.6283,0.107982
1163.8612,0.108391
1164.0942,0.108797
1164.3272,0.109204
1164.5601,0.109620
1164.7931,0.110051
1165.0260,0.110498
1165.2590,0.110959
1165.4919,0.111424
1165.7249,0.111886
1165.9579,0.112341
1166.1908,0.112791
1166.4238,0.113242
1166.6567,0.113703
1166.8897,0.114179
1167.1227,0.114673
1167.3556,0.115185
1167.5886,0.115714
1167.8215,0.116260
1168.0545,0.116822
1168.2875,0.117402
1168.5204,0.117996
1168.7534,0.118596
1168.9863,0.119191
1169.2193,0.119769
1169.4522,0.120320
1169.6852,0.120840
1169.9182,0.121332
1170.1511,0.121802
1170.3841,0.122259
1170.6170,0.122711
1170.8500,0.123166
1171.0830,0.123631
1171.3159,0.124110
1171.5489,0.124607
1171.7818,0.125118
1172.0148,0.125630
1172.2477,0.126112
1172.4807,0.126526
1172.7137,0.126822
1172.9466,0.126958
1173.1796,0.126901
1173.4125,0.126641
1173.6455,0.126190
1173.8785,0.125578
1174.1114,0.124849
1174.3444,0.124050
1174.5773,0.123227
1174.8103,0.122425
1175.0433,0.121683
1175.2762,0.121034
1175.5092,0.120504
1175.7421,0.120106
1175.9751,0.119843
1176.2080,0.119702
1176.4410,0.119662
1176.6740,0.119699
1176.9069,0.119791
1177.1399,0.119923
1177.3728,0.120089
1177.6058,0.120287
1177.8388,0.120519
1178.0717,0.120787
1178.3047,0.121089
1178.5376,0.121421
1178.7706,0.121781
1179.0035,0.122167
1179.2365,0.122580
1179.4695,0.123022
1179.7024,0.123493
1179.9354,0.123986
1180.1683,0.124494
1180.4013,0.125011
1180.6343,0.125533
1180.8672,0.126060
1181.1002,0.126599
1181.3331,0.127160
1181.5661,0.127748
1181.7991,0.128369
1182.0320,0.129023
1182.2650,0.129709
1182.4979,0.130425
1182.7309,0.131175
1182.9638,0.131961
1183.1968,0.132786
1183.4298,0.133651
1183.6627,0.134553
1183.8957,0.135489
1184.1286,0.136454
1184.3616,0.137449
1184.5946,0.138480
1184.8275,0.139552
1185.0605,0.140668
1185.2934,0.141824
1185.5264,0.143009
1185.7593,0.144207
1185.9923,0.145398
1186.2253,0.146571
1186.4582,0.147720
1186.6912,0.148844
1186.9241,0.149941
1187.1571,0.151006
1187.3901,0.152024
1187.6230,0.152974
1187.8560,0.153833
1188.0889,0.154579
1188.3219,0.155199
1188.5549,0.155682
1188.7878,0.156023
1189.0208,0.156210
1189.2537,0.156228
1189.4867,0.156058
1189.7196,0.155683
1189.9526,0.155093
1190.1856,0.154288
1190.4185,0.153280
1190.6515,0.152087
1190.8844,0.150730
1191.1174,0.149229
1191.3504,0.147605
1191.5833,0.145877
1191.8163,0.144068
1192.0492,0.142208
1192.2822,0.140323
1192.5151,0.138440
1192.7481,0.136581
1192.9811,0.134760
1193.2140,0.132988
1193.4470,0.131277
1193.6799,0.129640
1193.9129,0.128092
1194.1459,0.126652
1194.3788,0.125333
1194.6118,0.124141
1194.8447,0.123074
1195.0777,0.122123
1195.3107,0.121277
1195.5436,0.120525
1195.7766,0.119862
1196.0095,0.119285
1196.2425,0.118791
1196.4754,0.118377
1196.7084,0.118037
1196.9414,0.117762
1197.1743,0.117546
1197.4073,0.117387
1197.6402,0.117289
1197.8732,0.117256
1198.1062,0.117291
1198.3391,0.117391
1198.5721,0.117547
1198.8050,0.117742
1199.0380,0.117963
1199.2709,0.118201
1199.5039,0.118453
1199.7369,0.118728
1199.9698,0.119034
1200.2028,0.119377
1200.4357,0.119756
1200.6687,0.120164
1200.9017,0.120592
1201.1346,0.121029
1201.3676,0.121474
1201.6005,0.121928
1201.8335,0.122399
1202.0665,0.122893
1202.2994,0.123412
1202.5324,0.123955
1202.7653,0.124519
1202.9983,0.125101
1203.2312,0.125702
1203.4642,0.126327
1203.6972,0.126982
1203.9301,0.127668
1204.1631,0.128383
1204.3960,0.129116
1204.6290,0.129858
1204.8620,0.130598
1205.0949,0.131335
1205.3279,0.132074
1205.5608,0.132822
1205.7938,0.133591
1206.0267,0.134387
1206.2597,0.135212
1206.4927,0.136063
1206.7256,0.136938
1206.9586,0.137834
1207.1915,0.138752
1207.4245,0.139695
1207.6575,0.140665
1207.8904,0.141662
1208.1234,0.142682
1208.3563,0.143723
1208.5893,0.144781
1208.8223,0.145858
1209.0552,0.146958
1209.2882,0.148083
1209.5211,0.149234
1209.7541,0.150412
1209.9870,0.151612
1210.2200,0.152834
1210.4530,0.154077
1210.6859,0.155348
1210.9189,0.156655
1211.1518,0.158005
1211.3848,0.159398
1211.6178,0.160829
1211.8507,0.162291
1212.0837,0.163771
1212.3166,0.165265
1212.5496,0.166771
1212.7825,0.168293
1213.0155,0.169838
1213.2485,0.171407
1213.4814,0.172999
1213.7144,0.174609
1213.9473,0.176232
1214.1803,0.177870
1214.4133,0.179531
1214.6462,0.181229
1214.8792,0.182977
1215.1121,0.184786
1215.3451,0.186659
1215.5781,0.188593
1215.8110,0.190586
1216.0440,0.192638
1216.2769,0.194757
1216.5099,0.196952
1216.7428,0.199234
1216.9758,0.201605
1217.2088,0.204064
1217.4417,0.206604
1217.6747,0.209218
1217.9076,0.211907
1218.1406,0.214681
1218.3736,0.217555
1218.6065,0.220543
1218.8395,0.223653
1219.0724,0.226877
1219.3054,0.230202
1219.5383,0.233606
1219.7713,0.237069
1220.0043,0.240577
1220.2372,0.244112
1220.4702,0.247651
1220.7031,0.251153
1220.9361,0.254561
1221.1691,0.257800
1221.4020,0.260789
1221.6350,0.263451
1221.8679,0.265717
1222.1009,0.267526
1222.3339,0.268819
1222.5668,0.269537
1222.7998,0.269617
1223.0327,0.269002
1223.2657,0.267658
1223.4986,0.265583
1223.7316,0.262816
1223.9646,0.259433
1224.1975,0.255536
1224.4305,0.251239
1224.6634,0.246661
1224.8964,0.241917
1225.1294,0.237123
1225.3623,0.232393
1225.5953,0.227839
1225.8282,0.223564
1226.0612,0.219654
1226.2941,0.216170
1226.5271,0.213150
1226.7601,0.210607
1226.9930,0.208539
1227.2260,0.206938
1227.4589,0.205791
1227.6919,0.205085
1227.9249,0.204804
1228.1578,0.204924
1228.3908,0.205417
1228.6237,0.206246
1228.8567,0.207374
1229.0897,0.208769
1229.3226,0.210407
1229.5556,0.212269
1229.7885,0.214335
1230.0215,0.216583
1230.2544,0.218984
1230.4874,0.221502
1230.7204,0.224097
1230.9533,0.226733
1231.1863,0.229380
1231.4192,0.232007
1231.6522,0.234583
1231.8852,0.237067
1232.1181,0.239405
1232.3511,0.241535
1232.5840,0.243393
1232.8170,0.244923
1233.0499,0.246079
1233.2829,0.246829
1233.5159,0.247150
1233.7488,0.247023
1233.9818,0.246430
1234.2147,0.245363
1234.4477,0.243825
1234.6807,0.241843
1234.9136,0.239465
1235.1466,0.236752
1235.3795,0.233772
1235.6125,0.230588
1235.8455,0.227251
1236.0784,0.223805
1236.3114,0.220286
1236.5443,0.216733
1236.7773,0.213185
1237.0102,0.209680
1237.2432,0.206250
1237.4762,0.202915
1237.7091,0.199683
1237.9421,0.196553
1238.1750,0.193522
1238.4080,0.190593
1238.6410,0.187773
1238.8739,0.185074
1239.1069,0.182508
1239.3398,0.180078
1239.5728,0.177781
1239.8057,0.175603
1240.0387,0.173533
1240.2717,0.171559
1240.5046,0.169679
1240.7376,0.167892
1240.9705,0.166199
1241.2035,0.164595
1241.4365,0.163070
1241.6694,0.161608
1241.9024,0.160193
1242.1353,0.158813
1242.3683,0.157462
1242.6013,0.156141
1242.8342,0.154854
1243.0672,0.153602
1243.3001,0.152384
1243.5331,0.151196
1243.7660,0.150033
1243.9990,0.148891
1244.2320,0.147772
1244.4649,0.146682
1244.6979,0.145628
1244.9308,0.144614
1245.1638,0.143641
1245.3968,0.142709
1245.6297,0.141817
1245.8627,0.140967
1246.0956,0.140165
1246.3286,0.139417
1246.5615,0.138729
1246.7945,0.138104
1247.0275,0.137536
1247.2604,0.137021
1247.4934,0.136551
1247.7263,0.136123
1247.9593,0.135739
1248.1923,0.135406
1248.4252,0.135129
1248.6582,0.134912
1248.8911,0.134755
1249.1241,0.134653
1249.3571,0.134601
1249.5900,0.134594
1249.8230,0.134634
1250.0559,0.134723
1250.2889,0.134866
1250.5218,0.135065
1250.7548,0.135318
1250.9878,0.135620
1251.2207,0.135966
1251.4537,0.136352
1251.6866,0.136781
1251.9196,0.137256
1252.1526,0.137781
1252.3855,0.138358
1252.6185,0.138983
1252.8514,0.139650
1253.0844,0.140351
1253.3173,0.141080
1253.5503,0.141838
1253.7833,0.142627
1254.0162,0.143453
1254.2492,0.144322
1254.4821,0.145235
1254.7151,0.146192
1254.9481,0.147193
1255.1810,0.148238
1255.4140,0.149331
1255.6469,0.150476
1255.8799,0.151676
1256.1129,0.152931
1256.3458,0.154236
1256.5788,0.155584
1256.8117,0.156969
1257.0447,0.158387
1257.2776,0.159841
1257.5106,0.161337
1257.7436,0.162878
1257.9765,0.164464
1258.2095,0.166089
1258.4424,0.167742
1258.6754,0.169413
1258.9084,0.171092
1259.1413,0.172777
1259.3743,0.174465
1259.6072,0.176148
1259.8402,0.177812
1260.0731,0.179436
1260.3061,0.180989
1260.5391,0.182444
1260.7720,0.183776
1261.0050,0.184973
1261.2379,0.186024
1261.4709,0.186923
1261.7039,0.187659
1261.9368,0.188217
1262.1698,0.188577
1262.4027,0.188725
1262.6357,0.188658
1262.8687,0.188388
1263.1016,0.187937
1263.3346,0.187333
1263.5675,0.186603
1263.8005,0.185771
1264.0334,0.184855
1264.2664,0.183875
1264.4994,0.182854
1264.7323,0.181822
1264.9653,0.180814
1265.1982,0.179861
1265.4312,0.178986
1265.6642,0.178201
1265.8971,0.177507
1266.1301,0.176900
1266.3630,0.176375
1266.5960,0.175930
1266.8289,0.175565
1267.0619,0.175279
1267.2949,0.175067
1267.5278,0.174918
1267.7608,0.174817
1267.9937,0.174746
1268.2267,0.174696
1268.4597,0.174659
1268.6926,0.174639
1268.9256,0.174637
1269.1585,0.174656
1269.3915,0.174690
1269.6245,0.174732
1269.8574,0.174770
1270.0904,0.174796
1270.3233,0.174807
1270.5563,0.174802
1270.7892,0.174785
1271.0222,0.174761
1271.2552,0.174728
1271.4881,0.174684
1271.7211,0.174627
1271.9540,0.174557
1272.1870,0.174478
1272.4200,0.174395
1272.6529,0.174316
1272.8859,0.174245
1273.1188,0.174181
1273.3518,0.174123
1273.5847,0.174068
1273.8177,0.174015
1274.0507,0.173969
1274.2836,0.173935
1274.5166,0.173916
1274.7495,0.173916
1274.9825,0.173933
1275.2155,0.173967
1275.4484,0.174019
1275.6814,0.174096
1275.9143,0.174208
1276.1473,0.174369
1276.3803,0.174588
1276.6132,0.174866
1276.8462,0.175199
1277.0791,0.175579
1277.3121,0.175999
1277.5450,0.176454
1277.7780,0.176949
1278.0110,0.177489
1278.2439,0.178080
1278.4769,0.178721
1278.7098,0.179407
1278.9428,0.180126
1279.1758,0.180867
1279.4087,0.181622
1279.6417,0.182388
1279.8746,0.183166
1280.1076,0.183956
1280.3405,0.184753
1280.5735,0.185546
1280.8065,0.186321
1281.0394,0.187063
1281.2724,0.187766
1281.5053,0.188429
1281.7383,0.189056
1281.9713,0.189653
1282.2042,0.190223
1282.4372,0.190765
1282.6701,0.191273
1282.9031,0.191744
1283.1361,0.192178
1283.3690,0.192584
1283.6020,0.192972
1283.8349,0.193353
1284.0679,0.193737
1284.3008,0.194122
1284.5338,0.194505
1284.7668,0.194876
1284.9997,0.195230
1285.2327,0.195562
1285.4656,0.195871
1285.6986,0.196156
1285.9316,0.196414
1286.1645,0.196639
1286.3975,0.196822
1286.6304,0.196959
1286.8634,0.197048
1287.0963,0.197091
1287.3293,0.197090
1287.5623,0.197044
1287.7952,0.196948
1288.0282,0.196787
1288.2611,0.196547
1288.4941,0.196215
1288.7271,0.195782
1288.9600,0.195244
1289.1930,0.194597
1289.4259,0.193833
1289.6589,0.192937
1289.8919,0.191886
1290.1248,0.190653
1290.3578,0.189217
1290.5907,0.187570
1290.8237,0.185715
1291.0566,0.183671
1291.2896,0.181462
1291.5226,0.179119
1291.7555,0.176669
1291.9885,0.174140
1292.2214,0.171562
1292.4544,0.168967
1292.6874,0.166386
1292.9203,0.163851
1293.1533,0.161386
1293.3862,0.159007
1293.6192,0.156720
1293.8521,0.154529
1294.0851,0.152438
1294.3181,0.150453
1294.5510,0.148586
1294.7840,0.146853
1295.0169,0.145264
1295.2499,0.143828
1295.4829,0.142543
1295.7158,0.141405
1295.9488,0.140409
1296.1817,0.139552
1296.4147,0.138836
1296.6477,0.138261
1296.8806,0.137831
1297.1136,0.137543
1297.3465,0.137390
1297.5795,0.137364
1297.8124,0.137458
1298.0454,0.137674
1298.2784,0.138016
1298.5113,0.138494
1298.7443,0.139116
1298.9772,0.139887
1299.2102,0.140801
1299.4432,0.141850
1299.6761,0.143024
1299.9091,0.144316
1300.1420,0.145724
1300.3750,0.147250
1300.6079,0.148899
1300.8409,0.150674
1301.0739,0.152572
1301.3068,0.154587
1301.5398,0.156712
1301.7727,0.158940
1302.0057,0.161266
1302.2387,0.163684
1302.4716,0.166186
1302.7046,0.168755
1302.9375,0.171371
1303.1705,0.174009
1303.4034,0.176647
1303.6364,0.179268
1303.8694,0.181861
1304.1023,0.184418
1304.3353,0.186926
1304.5682,0.189365
1304.8012,0.191710
1305.0342,0.193926
1305.2671,0.195981
1305.5001,0.197853
1305.7330,0.199524
1305.9660,0.200987
1306.1990,0.202238
1306.4319,0.203267
1306.6649,0.204065
1306.8978,0.204622
1307.1308,0.204930
1307.3637,0.204993
1307.5967,0.204822
1307.8297,0.204437
1308.0626,0.203858
1308.2956,0.203104
1308.5285,0.202188
1308.7615,0.201126
1308.9945,0.199934
1309.2274,0.198638
1309.4604,0.197267
1309.6933,0.195853
1309.9263,0.194423
1310.1592,0.192998
1310.3922,0.191590
1310.6252,0.190204
1310.8581,0.188847
1311.0911,0.187529
1311.3240,0.186259
1311.5570,0.185046
1311.7900,0.183896
1312.0229,0.182803
1312.2559,0.181755
1312.4888,0.180738
1312.7218,0.179743
1312.9548,0.178765
1313.1877,0.177811
1313.4207,0.176891
1313.6536,0.176012
1313.8866,0.175176
1314.1195,0.174379
1314.3525,0.173614
1314.5855,0.172875
1314.8184,0.172161
1315.0514,0.171480
1315.2843,0.170839
1315.5173,0.170247
1315.7503,0.169704
1315.9832,0.169206
1316.2162,0.168742
1316.4491,0.168304
1316.6821,0.167888
1316.9150,0.167493
1317.1480,0.167122
1317.3810,0.166776
1317.6139,0.166455
1317.8469,0.166150
1318.0798,0.165854
1318.3128,0.165562
1318.5458,0.165271
1318.7787,0.164982
1319.0117,0.164697
1319.2446,0.164415
1319.4776,0.164129
1319.7106,0.163829
1319.9435,0.163505
1320.1765,0.163154
1320.4094,0.162777
1320.6424,0.162380
1320.8753,0.161969
1321.1083,0.161544
1321.3413,0.161097
1321.5742,0.160617
1321.8072,0.160088
1322.0401,0.159500
1322.2731,0.158850
1322.5061,0.158143
1322.7390,0.157382
1322.9720,0.156569
1323.2049,0.155701
1323.4379,0.154768
1323.6708,0.153762
1323.9038,0.152678
1324.1368,0.151519
1324.3697,0.150294
1324.6027,0.149015
1324.8356,0.147690
1325.0686,0.146318
1325.3016,0.144896
1325.5345,0.143419
1325.7675,0.141883
1326.0004,0.140292
1326.2334,0.138657
1326.4664,0.136988
1326.6993,0.135295
1326.9323,0.133581
1327.1652,0.131846
1327.3982,0.130085
1327.6311,0.128300
1327.8641,0.126495
1328.0971,0.124681
1328.3300,0.122871
1328.5630,0.121076
1328.7959,0.119301
1329.0289,0.117548
1329.2619,0.115815
1329.4948,0.114103
1329.7278,0.112414
1329.9607,0.110756
1330.1937,0.109138
1330.4266,0.107568
1330.6596,0.106048
1330.8926,0.104577
1331.1255,0.103150
1331.3585,0.101761
1331.5914,0.100406
1331.8244,0.099086
1332.0574,0.097803
1332.2903,0.096561
1332.5233,0.095362
1332.7562,0.094207
1332.9892,0.093093
1333.2222,0.092020
1333.4551,0.090987
1333.6881,0.089997
1333.9210,0.089054
1334.1540,0.088159
1334.3869,0.087314
1334.6199,0.086520
1334.8529,0.085772
1335.0858,0.085070
1335.3188,0.084411
1335.5517,0.083795
1335.7847,0.083221
1336.0177,0.082687
1336.2506,0.082191
1336.4836,0.081727
1336.7165,0.081290
1336.9495,0.080878
1337.1824,0.080490
1337.4154,0.080132
1337.6484,0.079809
1337.8813,0.079522
1338.1143,0.079271
1338.3472,0.079051
1338.5802,0.078853
1338.8132,0.078672
1339.0461,0.078504
1339.2791,0.078350
1339.5120,0.078212
1339.7450,0.078093
1339.9780,0.077994
1340.2109,0.077906
1340.4439,0.077825
1340.6768,0.077743
1340.9098,0.077664
1341.1427,0.077598
1341.3757,0.077562
1341.6087,0.077572
1341.8416,0.077641
1342.0746,0.077773
1342.3075,0.077963
1342.5405,0.078201
1342.7735,0.078475
1343.0064,0.078774
1343.2394,0.079094
1343.4723,0.079437
1343.7053,0.079806
1343.9382,0.080207
1344.1712,0.080642
1344.4042,0.081111
1344.6371,0.081612
1344.8701,0.082145
1345.1030,0.082710
1345.3360,0.083309
1345.5690,0.083947
1345.8019,0.084623
1346.0349,0.085338
1346.2678,0.086087
1346.5008,0.086869
1346.7338,0.087682
1346.9667,0.088530
1347.1997,0.089420
1347.4326,0.090358
1347.6656,0.091349
1347.8985,0.092394
1348.1315,0.093492
1348.3645,0.094639
1348.5974,0.095832
1348.8304,0.097070
1349.0633,0.098353
1349.2963,0.099684
1349.5293,0.101061
1349.7622,0.102481
1349.9952,0.103941
1350.2281,0.105437
1350.4611,0.106969
1350.6940,0.108542
1350.9270,0.110161
1351.1600,0.111832
1351.3929,0.113556
1351.6259,0.115326
1351.8588,0.117136
1352.0918,0.118975
1352.3248,0.120838
1352.5577,0.122726
1352.7907,0.124641
1353.0236,0.126587
1353.2566,0.128563
1353.4896,0.130561
1353.7225,0.132567
1353.9555,0.134566
1354.1884,0.136547
1354.4214,0.138500
1354.6543,0.140421
1354.8873,0.142303
1355.1203,0.144137
1355.3532,0.145909
1355.5862,0.147607
1355.8191,0.149219
1356.0521,0.150745
1356.2851,0.152192
1356.5180,0.153567
1356.7510,0.154875
1356.9839,0.156113
1357.2169,0.157263
1357.4498,0.158305
1357.6828,0.159216
1357.9158,0.159979
1358.1487,0.160588
1358.3817,0.161037
1358.6146,0.161327
1358.8476,0.161450
1359.0806,0.161400
1359.3135,0.161174
1359.5465,0.160777
1359.7794,0.160222
1360.0124,0.159534
1360.2454,0.158735
1360.4783,0.157843
1360.7113,0.156868
1360.9442,0.155818
1361.1772,0.154707
1361.4101,0.153561
1361.6431,0.152417
1361.8761,0.151314
1362.1090,0.150281
1362.3420,0.149327
1362.5749,0.148438
1362.8079,0.147588
1363.0409,0.146747
1363.2738,0.145898
1363.5068,0.145050
1363.7397,0.144234
1363.9727,0.143491
1364.2056,0.142860
1364.4386,0.142361
1364.6716,0.141998
1364.9045,0.141760
1365.1375,0.141633
1365.3704,0.141599
1365.6034,0.141644
1365.8364,0.141754
1366.0693,0.141914
1366.3023,0.142110
1366.5352,0.142327
1366.7682,0.142552
1367.0012,0.142774
1367.2341,0.142987
1367.4671,0.143190
1367.7000,0.143379
1367.9330,0.143548
1368.1659,0.143686
1368.3989,0.143781
1368.6319,0.143823
1368.8648,0.143808
1369.0978,0.143744
1369.3307,0.143648
1369.5637,0.143539
1369.7967,0.143435
1370.0296,0.143345
1370.2626,0.143268
1370.4955,0.143190
1370.7285,0.143093
1370.9614,0.142951
1371.1944,0.142736
1371.4274,0.142418
1371.6603,0.141961
1371.8933,0.141329
1372.1262,0.140486
1372.3592,0.139398
1372.5922,0.138036
1372.8251,0.136382
1373.0581,0.134429
1373.2910,0.132186
1373.5240,0.129685
1373.7570,0.126979
1373.9899,0.124145
1374.2229,0.121274
1374.4558,0.118456
1374.6888,0.115768
1374.9217,0.113257
1375.1547,0.110942
1375.3877,0.108817
1375.6206,0.106867
1375.8536,0.105073
1376.0865,0.103422
1376.3195,0.101911
1376.5525,0.100539
1376.7854,0.099301
1377.0184,0.098186
1377.2513,0.097174
1377.4843,0.096239
1377.7172,0.095356
1377.9502,0.094510
1378.1832,0.093699
1378.4161,0.092931
1378.6491,0.092219
1378.8820,0.091572
1379.1150,0.090989
1379.3480,0.090459
1379.5809,0.089967
1379.8139,0.089504
1380.0468,0.089066
1380.2798,0.088661
1380.5128,0.088299
1380.7457,0.087987
1380.9787,0.087724
1381.2116,0.087500
1381.4446,0.087299
1381.6775,0.087106
1381.9105,0.086918
1382.1435,0.086737
1382.3764,0.086573
1382.6094,0.086437
1382.8423,0.086332
1383.0753,0.086257
1383.3083,0.086204
1383.5412,0.086168
1383.7742,0.086152
1384.0071,0.086166
1384.2401,0.086222
1384.4730,0.086336
1384.7060,0.086514
1384.9390,0.086753
1385.1719,0.087047
1385.4049,0.087391
1385.6378,0.087785
1385.8708,0.088242
1386.1038,0.088780
1386.3367,0.089415
1386.5697,0.090153
1386.8026,0.090977
1387.0356,0.091850
1387.2686,0.092716
1387.5015,0.093513
1387.7345,0.094195
1387.9674,0.094749
1388.2004,0.095202
1388.4333,0.095608
1388.6663,0.096030
1388.8993,0.096523
1389.1322,0.097125
1389.3652,0.097853
1389.5981,0.098709
1389.8311,0.099679
1390.0641,0.100745
1390.2970,0.101881
1390.5300,0.103065
1390.7629,0.104281
1390.9959,0.105523
1391.2288,0.106792
1391.4618,0.108089
1391.6948,0.109418
1391.9277,0.110774
1392.1607,0.112149
1392.3936,0.113532
1392.6266,0.114915
1392.8596,0.116292
1393.0925,0.117664
1393.3255,0.119032
1393.5584,0.120394
1393.7914,0.121734
1394.0244,0.123025
1394.2573,0.124217
1394.4903,0.125250
1394.7232,0.126067
1394.9562,0.126629
1395.1891,0.126936
1395.4221,0.127023
1395.6551,0.126956
1395.8880,0.126804
1396.1210,0.126625
1396.3539,0.126459
1396.5869,0.126322
1396.8199,0.126214
1397.0528,0.126123
1397.2858,0.126035
1397.5187,0.125935
1397.7517,0.125810
1397.9846,0.125647
1398.2176,0.125423
1398.4506,0.125107
1398.6835,0.124653
1398.9165,0.124013
1399.1494,0.123149
1399.3824,0.122056
1399.6154,0.120767
1399.8483,0.119353
1400.0813,0.117899
1400.3142,0.116481
1400.5472,0.115153
1400.7802,0.113939
1401.0131,0.112842
1401.2461,0.111854
1401.4790,0.110965
1401.7120,0.110166
1401.9449,0.109458
1402.1779,0.108847
1402.4109,0.108339
1402.6438,0.107944
1402.8768,0.107668
1403.1097,0.107513
1403.3427,0.107484
1403.5757,0.107585
1403.8086,0.107822
1404.0416,0.108199
1404.2745,0.108712
1404.5075,0.109341
1404.7404,0.110048
1404.9734,0.110779
1405.2064,0.111480
1405.4393,0.112112
1405.6723,0.112670
1405.9052,0.113187
1406.1382,0.113717
1406.3712,0.114320
1406.6041,0.115043
1406.8371,0.115907
1407.0700,0.116910
1407.3030,0.118033
1407.5360,0.119247
1407.7689,0.120529
1408.0019,0.121862
1408.2348,0.123243
1408.4678,0.124673
1408.7007,0.126154
1408.9337,0.127678
1409.1667,0.129232
1409.3996,0.130790
1409.6326,0.132325
1409.8655,0.133813
1410.0985,0.135231
1410.3315,0.136559
1410.5644,0.137781
1410.7974,0.138879
1411.0303,0.139837
1411.2633,0.140643
1411.4962,0.141289
1411.7292,0.141780
1411.9622,0.142132
1412.1951,0.142367
1412.4281,0.142517
1412.6610,0.142613
1412.8940,0.142686
1413.1270,0.142766
1413.3599,0.142883
1413.5929,0.143066
1413.8258,0.143339
1414.0588,0.143720
1414.2918,0.144218
1414.5247,0.144834
1414.7577,0.145560
1414.9906,0.146388
1415.2236,0.147311
1415.4565,0.148323
1415.6895,0.149418
1415.9225,0.150591
1416.1554,0.151835
1416.3884,0.153140
1416.6213,0.154497
1416.8543,0.155899
1417.0873,0.157336
1417.3202,0.158801
1417.5532,0.160281
1417.7861,0.161767
1418.0191,0.163254
1418.2520,0.164744
1418.4850,0.166240
1418.7180,0.167735
1418.9509,0.169194
1419.1839,0.170528
1419.4168,0.171603
1419.6498,0.172275
1419.8828,0.172465
1420.1157,0.172210
1420.3487,0.171648
1420.5816,0.170949
1420.8146,0.170255
1421.0476,0.169649
1421.2805,0.169163
1421.5135,0.168787
1421.7464,0.168487
1421.9794,0.168217
1422.2123,0.167934
1422.4453,0.167607
1422.6783,0.167221
1422.9112,0.166773
1423.1442,0.166261
1423.3771,0.165679
1423.6101,0.165012
1423.8431,0.164247
1424.0760,0.163376
1424.3090,0.162411
1424.5419,0.161379
1424.7749,0.160317
1425.0078,0.159259
1425.2408,0.158227
1425.4738,0.157231
1425.7067,0.156269
1425.9397,0.155338
1426.1726,0.154433
1426.4056,0.153553
1426.6386,0.152704
1426.8715,0.151888
1427.1045,0.151109
1427.3374,0.150369
1427.5704,0.149665
1427.8034,0.148993
1428.0363,0.148350
1428.2693,0.147732
1428.5022,0.147136
1428.7352,0.146560
1428.9681,0.145995
1429.2011,0.145429
1429.4341,0.144845
1429.6670,0.144227
1429.9000,0.143558
1430.1329,0.142835
1430.3659,0.142067
1430.5989,0.141276
1430.8318,0.140490
1431.0648,0.139736
1431.2977,0.139032
1431.5307,0.138387
1431.7636,0.137799
1431.9966,0.137262
1432.2296,0.136767
1432.4625,0.136304
1432.6955,0.135869
1432.9284,0.135459
1433.1614,0.135075
1433.3944,0.134721
1433.6273,0.134403
1433.8603,0.134127
1434.0932,0.133900
1434.3262,0.133727
1434.5592,0.133615
1434.7921,0.133566
1435.0251,0.133583
1435.2580,0.133670
1435.4910,0.133824
1435.7239,0.134038
1435.9569,0.134290
1436.1899,0.134533
1436.4228,0.134688
1436.6558,0.134651
1436.8887,0.134331
1437.1217,0.133698
1437.3547,0.132816
1437.5876,0.131806
1437.8206,0.130795
1438.0535,0.129868
1438.2865,0.129061
1438.5194,0.128367
1438.7524,0.127760
1438.9854,0.127200
1439.2183,0.126648
1439.4513,0.126070
1439.6842,0.125443
1439.9172,0.124760
1440.1502,0.124023
1440.3831,0.123238
1440.6161,0.122416
1440.8490,0.121565
1441.0820,0.120690
1441.3149,0.119801
1441.5479,0.118908
1441.7809,0.118021
1442.0138,0.117155
1442.2468,0.116322
1442.4797,0.115529
1442.7127,0.114781
1442.9457,0.114081
1443.1786,0.113431
1443.4116,0.112832
1443.6445,0.112290
1443.8775,0.111808
1444.1105,0.111392
1444.3434,0.111046
1444.5764,0.110774
1444.8093,0.110578
1445.0423,0.110464
1445.2752,0.110439
1445.5082,0.110510
1445.7412,0.110682
1445.9741,0.110959
1446.2071,0.111339
1446.4400,0.111820
1446.6730,0.112402
1446.9060,0.113086
1447.1389,0.113874
1447.3719,0.114767
1447.6048,0.115751
1447.8378,0.116795
1448.0707,0.117853
1448.3037,0.118877
1448.5367,0.119837
1448.7696,0.120734
1449.0026,0.121604
1449.2355,0.122504
1449.4685,0.123490
1449.7015,0.124606
1449.9344,0.125869
1450.1674,0.127275
1450.4003,0.128801
1450.6333,0.130418
1450.8663,0.132100
1451.0992,0.133831
1451.3322,0.135604
1451.5651,0.137417
1451.7981,0.139263
1452.0310,0.141124
1452.2640,0.142971
1452.4970,0.144770
1452.7299,0.146488
1452.9629,0.148103
1453.1958,0.149606
1453.4288,0.150996
1453.6618,0.152275
1453.8947,0.153436
1454.1277,0.154466
1454.3606,0.155344
1454.5936,0.156050
1454.8265,0.156570
1455.0595,0.156906
1455.2925,0.157074
1455.5254,0.157098
1455.7584,0.156994
1455.9913,0.156760
1456.2243,0.156361
1456.4573,0.155734
1456.6902,0.154799
1456.9232,0.153511
1457.1561,0.151891
1457.3891,0.150044
1457.6221,0.148106
1457.8550,0.146181
1458.0880,0.144305
1458.3209,0.142467
1458.5539,0.140631
1458.7868,0.138771
1459.0198,0.136882
1459.2528,0.134986
1459.4857,0.133122
1459.7187,0.131326
1459.9516,0.129621
1460.1846,0.128012
1460.4176,0.126491
1460.6505,0.125046
1460.8835,0.123669
1461.1164,0.122359
1461.3494,0.121116
1461.5823,0.119943
1461.8153,0.118835
1462.0483,0.117784
1462.2812,0.116787
1462.5142,0.115843
1462.7471,0.114965
1462.9801,0.114172
1463.2131,0.113483
1463.4460,0.112908
1463.6790,0.112441
1463.9119,0.112060
1464.1449,0.111729
1464.3779,0.111407
1464.6108,0.111051
1464.8438,0.110629
1465.0767,0.110126
1465.3097,0.109555
1465.5426,0.108955
1465.7756,0.108378
1466.0086,0.107875
1466.2415,0.107482
1466.4745,0.107223
1466.7074,0.107103
1466.9404,0.107116
1467.1734,0.107241
1467.4063,0.107455
1467.6393,0.107731
1467.8722,0.108048
1468.1052,0.108394
1468.3381,0.108765
1468.5711,0.109161
1468.8041,0.109574
1469.0370,0.109990
1469.2700,0.110384
1469.5029,0.110731
1469.7359,0.111014
1469.9689,0.111235
1470.2018,0.111413
1470.4348,0.111582
1470.6677,0.111781
1470.9007,0.112039
1471.1337,0.112372
1471.3666,0.112782
1471.5996,0.113259
1471.8325,0.113792
1472.0655,0.114373
1472.2984,0.115008
1472.5314,0.115717
1472.7644,0.116525
1472.9973,0.117456
1473.2303,0.118521
1473.4632,0.119720
1473.6962,0.121035
1473.9292,0.122444
1474.1621,0.123923
1474.3951,0.125460
1474.6280,0.127068
1474.8610,0.128780
1475.0939,0.130647
1475.3269,0.132721
1475.5599,0.135036
1475.7928,0.137585
1476.0258,0.140294
1476.2587,0.143014
1476.4917,0.145546
1476.7247,0.147708
1476.9576,0.149404
1477.1906,0.150650
1477.4235,0.151534
1477.6565,0.152161
1477.8895,0.152603
1478.1224,0.152892
1478.3554,0.153024
1478.5883,0.152980
1478.8213,0.152743
1479.0542,0.152305
1479.2872,0.151667
1479.5202,0.150835
1479.7531,0.149813
1479.9861,0.148606
1480.2190,0.147219
1480.4520,0.145667
1480.6850,0.143971
1480.9179,0.142157
1481.1509,0.140249
1481.3838,0.138268
1481.6168,0.136230
1481.8497,0.134152
1482.0827,0.132051
1482.3157,0.129945
1482.5486,0.127851
1482.7816,0.125774
1483.0145,0.123714
1483.2475,0.121660
1483.4805,0.119604
1483.7134,0.117542
1483.9464,0.115480
1484.1793,0.113430
1484.4123,0.111401
1484.6453,0.109399
1484.8782,0.107422
1485.1112,0.105461
1485.3441,0.103513
1485.5771,0.101579
1485.8100,0.099670
1486.0430,0.097793
1486.2760,0.095951
1486.5089,0.094133
1486.7419,0.092314
1486.9748,0.090474
1487.2078,0.088612
1487.4408,0.086759
1487.6737,0.084977
1487.9067,0.083341
1488.1396,0.081906
1488.3726,0.080692
1488.6055,0.079675
1488.8385,0.078806
1489.0715,0.078025
1489.3044,0.077276
1489.5374,0.076516
1489.7703,0.075717
1490.0033,0.074867
1490.2363,0.073969
1490.4692,0.073036
1490.7022,0.072091
1490.9351,0.071164
1491.1681,0.070284
1491.4011,0.069476
1491.6340,0.068755
1491.8670,0.068123
1492.0999,0.067570
1492.3329,0.067078
1492.5658,0.066625
1492.7988,0.066192
1493.0318,0.065768
1493.2647,0.065346
1493.4977,0.064925
1493.7306,0.064509
1493.9636,0.064100
1494.1966,0.063704
1494.4295,0.063331
1494.6625,0.062987
1494.8954,0.062682
1495.1284,0.062414
1495.3613,0.062169
1495.5943,0.061913
1495.8273,0.061594
1496.0602,0.061154
1496.2932,0.060556
1496.5261,0.059815
1496.7591,0.059003
1496.9921,0.058231
1497.2250,0.057594
1497.4580,0.057137
1497.6909,0.056844
1497.9239,0.056660
1498.1569,0.056506
1498.3898,0.056300
1498.6228,0.055973
1498.8557,0.055486
1499.0887,0.054845
1499.3216,0.054105
1499.5546,0.053348
1499.7876,0.052648
1500.0205,0.052048
1500.2535,0.051552
1500.4864,0.051139
1500.7194,0.050777
1500.9524,0.050433
1501.1853,0.050082
1501.4183,0.049707
1501.6512,0.049305
1501.8842,0.048880
1502.1171,0.048448
1502.3501,0.048025
1502.5831,0.047629
1502.8160,0.047274
1503.0490,0.046967
1503.2819,0.046713
1503.5149,0.046514
1503.7479,0.046375
1503.9808,0.046301
1504.2138,0.046301
1504.4467,0.046379
1504.6797,0.046534
1504.9127,0.046753
1505.1456,0.047009
1505.3786,0.047259
1505.6115,0.047454
1505.8445,0.047545
1506.0774,0.047501
1506.3104,0.047322
1506.5434,0.047030
1506.7763,0.046662
1507.0093,0.046248
1507.2422,0.045811
1507.4752,0.045368
1507.7082,0.044941
1507.9411,0.044558
1508.1741,0.044246
1508.4070,0.044022
1508.6400,0.043884
1508.8729,0.043813
1509.1059,0.043780
1509.3389,0.043749
1509.5718,0.043694
1509.8048,0.043604
1510.0377,0.043487
1510.2707,0.043367
1510.5037,0.043275
1510.7366,0.043238
1510.9696,0.043266
1511.2025,0.043354
1511.4355,0.043479
1511.6685,0.043609
1511.9014,0.043703
1512.1344,0.043725
1512.3673,0.043652
1512.6003,0.043487
1512.8332,0.043259
1513.0662,0.043019
1513.2992,0.042822
1513.5321,0.042707
1513.7651,0.042689
1513.9980,0.042761
1514.2310,0.042896
1514.4640,0.043059
1514.6969,0.043213
1514.9299,0.043334
1515.1628,0.043415
1515.3958,0.043472
1515.6287,0.043537
1515.8617,0.043640
1516.0947,0.043798
1516.3276,0.043999
1516.5606,0.044205
1516.7935,0.044355
1517.0265,0.044391
1517.2595,0.044271
1517.4924,0.044002
1517.7254,0.043644
1517.9583,0.043288
1518.1913,0.043018
1518.4243,0.042890
1518.6572,0.042919
1518.8902,0.043094
1519.1231,0.043391
1519.3561,0.043784
1519.5890,0.044249
1519.8220,0.044760
1520.0550,0.045289
1520.2879,0.045797
1520.5209,0.046241
1520.7538,0.046568
1520.9868,0.046735
1521.2198,0.046726
1521.4527,0.046562
1521.6857,0.046298
1521.9186,0.045998
1522.1516,0.045713
1522.3845,0.045469
1522.6175,0.045267
1522.8505,0.045102
1523.0834,0.044970
1523.3164,0.044880
1523.5493,0.044852
1523.7823,0.044910
1524.0153,0.045074
1524.2482,0.045347
1524.4812,0.045714
1524.7141,0.046136
1524.9471,0.046556
1525.1801,0.046902
1525.4130,0.047109
1525.6460,0.047146
1525.8789,0.047032
1526.1119,0.046834
1526.3448,0.046638
1526.5778,0.046507
1526.8108,0.046471
1527.0437,0.046518
1527.2767,0.046616
1527.5096,0.046721
1527.7426,0.046796
1527.9756,0.046820
1528.2085,0.046792
1528.4415,0.046726
1528.6744,0.046646
1528.9074,0.046574
1529.1403,0.046523
1529.3733,0.046503
1529.6063,0.046519
1529.8392,0.046576
1530.0722,0.046680
1530.3051,0.046832
1530.5381,0.047025
1530.7711,0.047246
1531.0040,0.047477
1531.2370,0.047698
1531.4699,0.047897
1531.7029,0.048079
1531.9359,0.048260
1532.1688,0.048466
1532.4018,0.048719
1532.6347,0.049017
1532.8677,0.049334
1533.1006,0.049612
1533.3336,0.049777
1533.5666,0.049756
1533.7995,0.049514
1534.0325,0.049076
1534.2654,0.048524
1534.4984,0.047969
1534.7314,0.047504
1534.9643,0.047175
1535.1973,0.046987
1535.4302,0.046913
1535.6632,0.046918
1535.8961,0.046968
1536.1291,0.047041
1536.3621,0.047127
1536.5950,0.047233
1536.8280,0.047375
1537.0609,0.047573
1537.2939,0.047850
1537.5269,0.048226
1537.7598,0.048714
1537.9928,0.049323
1538.2257,0.050054
1538.4587,0.050890
1538.6917,0.051791
1538.9246,0.052680
1539.1576,0.053446
1539.3905,0.053964
1539.6235,0.054144
1539.8564,0.053982
1540.0894,0.053578
1540.3224,0.053085
1540.5553,0.052651
1540.7883,0.052374
1541.0212,0.052292
1541.2542,0.052399
1541.4872,0.052651
1541.7201,0.052984
1541.9531,0.053315
1542.1860,0.053560
1542.4190,0.053655
1542.6519,0.053583
1542.8849,0.053383
1543.1179,0.053138
1543.3508,0.052942
1543.5838,0.052866
1543.8167,0.052948
1544.0497,0.053185
1544.2827,0.053541
1544.5156,0.053959
1544.7486,0.054359
1544.9815,0.054662
1545.2145,0.054800
1545.4475,0.054746
1545.6804,0.054524
1545.9134,0.054202
1546.1463,0.053865
1546.3793,0.053588
1546.6122,0.053418
1546.8452,0.053369
1547.0782,0.053433
1547.3111,0.053586
1547.5441,0.053796
1547.7770,0.054035
1548.0100,0.054281
1548.2430,0.054524
1548.4759,0.054766
1548.7089,0.055016
1548.9418,0.055283
1549.1748,0.055562
1549.4077,0.055837
1549.6407,0.056070
1549.8737,0.056219
1550.1066,0.056248
1550.3396,0.056147
1550.5725,0.055943
1550.8055,0.055692
1551.0385,0.055457
1551.2714,0.055289
1551.5044,0.055206
1551.7373,0.055206
1551.9703,0.055265
1552.2033,0.055360
1552.4362,0.055473
1552.6692,0.055604
1552.9021,0.055762
1553.1351,0.055963
1553.3680,0.056215
1553.6010,0.056503
1553.8340,0.056782
1554.0669,0.056984
1554.2999,0.057026
1554.5328,0.056854
1554.7658,0.056480
1554.9988,0.055990
1555.2317,0.055519
1555.4647,0.055190
1555.6976,0.055079
1555.9306,0.055216
1556.1635,0.055597
1556.3965,0.056211
1556.6295,0.057050
1556.8624,0.058116
1557.0954,0.059415
1557.3283,0.060950
1557.5613,0.062693
1557.7943,0.064560
1558.0272,0.066385
1558.2602,0.067940
1558.4931,0.069021
1558.7261,0.069559
1558.9591,0.069657
1559.1920,0.069505
1559.4250,0.069258
1559.6579,0.068967
1559.8909,0.068584
1560.1238,0.068019
1560.3568,0.067213
1560.5898,0.066199
1560.8227,0.065098
1561.0557,0.064070
1561.2886,0.063242
1561.5216,0.062678
1561.7546,0.062383
1561.9875,0.062315
1562.2205,0.062417
1562.4534,0.062627
1562.6864,0.062890
1562.9193,0.063171
1563.1523,0.063455
1563.3853,0.063744
1563.6182,0.064051
1563.8512,0.064382
1564.0841,0.064733
1564.3171,0.065086
1564.5501,0.065407
1564.7830,0.065665
1565.0160,0.065835
1565.2489,0.065914
1565.4819,0.065922
1565.7149,0.065893
1565.9478,0.065872
1566.1808,0.065895
1566.4137,0.065990
1566.6467,0.066171
1566.8796,0.066442
1567.1126,0.066798
1567.3456,0.067228
1567.5785,0.067722
1567.8115,0.068275
1568.0444,0.068889
1568.2774,0.069575
1568.5104,0.070345
1568.7433,0.071201
1568.9763,0.072121
1569.2092,0.073042
1569.4422,0.073857
1569.6751,0.074438
1569.9081,0.074678
1570.1411,0.074548
1570.3740,0.074125
1570.6070,0.073556
1570.8399,0.072998
1571.0729,0.072565
1571.3059,0.072313
1571.5388,0.072245
1571.7718,0.072333
1572.0047,0.072533
1572.2377,0.072804
1572.4707,0.073116
1572.7036,0.073454
1572.9366,0.073818
1573.1695,0.074217
1573.4025,0.074662
1573.6354,0.075160
1573.8684,0.075721
1574.1014,0.076358
1574.3343,0.077094
1574.5673,0.077961
1574.8002,0.078998
1575.0332,0.080238
1575.2662,0.081696
1575.4991,0.083343
1575.7321,0.085086
1575.9650,0.086752
1576.1980,0.088097
1576.4309,0.088889
1576.6639,0.089023
1576.8969,0.088594
1577.1298,0.087845
1577.3628,0.087046
1577.5957,0.086395
1577.8287,0.085992
1578.0617,0.085858
1578.2946,0.085967
1578.5276,0.086265
1578.7605,0.086693
1578.9935,0.087197
1579.2264,0.087736
1579.4594,0.088289
1579.6924,0.088853
1579.9253,0.089434
1580.1583,0.090041
1580.3912,0.090680
1580.6242,0.091346
1580.8572,0.092034
1581.0901,0.092737
1581.3231,0.093459
1581.5560,0.094208
1581.7890,0.094999
1582.0220,0.095842
1582.2549,0.096739
1582.4879,0.097682
1582.7208,0.098655
1582.9538,0.099638
1583.1867,0.100621
1583.4197,0.101600
1583.6527,0.102583
1583.8856,0.103578
1584.1186,0.104593
1584.3515,0.105625
1584.5845,0.106666
1584.8175,0.107707
1585.0504,0.108737
1585.2834,0.109754
1585.5163,0.110758
1585.7493,0.111748
1585.9822,0.112718
1586.2152,0.113652
1586.4482,0.114528
1586.6811,0.115325
1586.9141,0.116028
1587.1470,0.116634
1587.3800,0.117147
1587.6130,0.117576
1587.8459,0.117928
1588.0789,0.118199
1588.3118,0.118383
1588.5448,0.118472
1588.7778,0.118462
1589.0107,0.118361
1589.2437,0.118181
1589.4766,0.117937
1589.7096,0.117641
1589.9425,0.117300
1590.1755,0.116919
1590.4085,0.116503
1590.6414,0.116065
1590.8744,0.115622
1591.1073,0.115196
1591.3403,0.114801
1591.5733,0.114447
1591.8062,0.114131
1592.0392,0.113849
1592.2721,0.113592
1592.5051,0.113364
1592.7380,0.113171
1592.9710,0.113028
1593.2040,0.112946
1593.4369,0.112928
1593.6699,0.112965
1593.9028,0.113039
1594.1358,0.113130
1594.3688,0.113222
1594.6017,0.113307
1594.8347,0.113388
1595.0676,0.113472
1595.3006,0.113566
1595.5336,0.113673
1595.7665,0.113789
1595.9995,0.113911
1596.2324,0.114039
1596.4654,0.114178
1596.6983,0.114336
1596.9313,0.114523
1597.1643,0.114740
1597.3972,0.114984
1597.6302,0.115244
1597.8631,0.115509
1598.0961,0.115773
1598.3291,0.116037
1598.5620,0.116305
1598.7950,0.116585
1599.0279,0.116880
1599.2609,0.117188
1599.4938,0.117506
1599.7268,0.117827
1599.9598,0.118155
1600.1927,0.118496
1600.4257,0.118859
1600.6586,0.119251
1600.8916,0.119668
1601.1246,0.120096
1601.3575,0.120514
1601.5905,0.120904
1601.8234,0.121260
1602.0564,0.121586
1602.2894,0.121897
1602.5223,0.122204
1602.7553,0.122512
1602.9882,0.122809
1603.2212,0.123075
1603.4541,0.123289
1603.6871,0.123437
1603.9201,0.123526
1604.1530,0.123572
1604.3860,0.123602
1604.6189,0.123636
1604.8519,0.123681
1605.0849,0.123739
1605.3178,0.123803
1605.5508,0.123874
1605.7837,0.123962
1606.0167,0.124083
1606.2496,0.124254
1606.4826,0.124483
1606.7156,0.124761
1606.9485,0.125071
1607.1815,0.125387
1607.4144,0.125695
1607.6474,0.125993
1607.8804,0.126300
1608.1133,0.126642
1608.3463,0.127040
1608.5792,0.127501
1608.8122,0.128015
1609.0452,0.128556
1609.2781,0.129093
1609.5111,0.129597
1609.7440,0.130054
1609.9770,0.130461
1610.2099,0.130826
1610.4429,0.131160
1610.6759,0.131474
1610.9088,0.131778
1611.1418,0.132080
1611.3747,0.132390
1611.6077,0.132716
1611.8407,0.133058
1612.0736,0.133409
1612.3066,0.133753
1612.5395,0.134067
1612.7725,0.134337
1613.0054,0.134560
1613.2384,0.134749
1613.4714,0.134933
1613.7043,0.135142
1613.9373,0.135396
1614.1702,0.135702
1614.4032,0.136052
1614.6362,0.136441
1614.8691,0.136874
1615.1021,0.137376
1615.3350,0.137993
1615.5680,0.138776
1615.8010,0.139759
1616.0339,0.140933
1616.2669,0.142222
1616.4998,0.143457
1616.7328,0.144401
1616.9657,0.144812
1617.1987,0.144568
1617.4317,0.143738
1617.6646,0.142548
1617.8976,0.141264
1618.1305,0.140093
1618.3635,0.139151
1618.5965,0.138480
1618.8294,0.138076
1619.0624,0.137910
1619.2953,0.137934
1619.5283,0.138094
1619.7612,0.138332
1619.9942,0.138600
1620.2272,0.138869
1620.4601,0.139135
1620.6931,0.139415
1620.9260,0.139735
1621.1590,0.140120
1621.3920,0.140583
1621.6249,0.141123
1621.8579,0.141733
1622.0908,0.142407
1622.3238,0.143150
1622.5568,0.143970
1622.7897,0.144871
1623.0227,0.145828
1623.2556,0.146774
1623.4886,0.147596
1623.7215,0.148172
1623.9545,0.148420
1624.1875,0.148345
1624.4204,0.148047
1624.6534,0.147676
1624.8863,0.147376
1625.1193,0.147244
1625.3523,0.147321
1625.5852,0.147600
1625.8182,0.148052
1626.0511,0.148639
1626.2841,0.149339
1626.5170,0.150144
1626.7500,0.151058
1626.9830,0.152084
1627.2159,0.153204
1627.4489,0.154371
1627.6818,0.155507
1627.9148,0.156521
1628.1478,0.157337
1628.3807,0.157919
1628.6137,0.158288
1628.8466,0.158505
1629.0796,0.158653
1629.3126,0.158802
1629.5455,0.159006
1629.7785,0.159292
1630.0114,0.159672
1630.2444,0.160146
1630.4773,0.160704
1630.7103,0.161326
1630.9433,0.161992
1631.1762,0.162677
1631.4092,0.163368
1631.6421,0.164062
1631.8751,0.164775
1632.1081,0.165530
1632.3410,0.166355
1632.5740,0.167273
1632.8069,0.168295
1633.0399,0.169422
1633.2728,0.170654
1633.5058,0.172003
1633.7388,0.173495
1633.9717,0.175178
1634.2047,0.177116
1634.4376,0.179372
1634.6706,0.181987
1634.9036,0.184942
1635.1365,0.188113
1635.3695,0.191232
1635.6024,0.193911
1635.8354,0.195783
1636.0684,0.196695
1636.3013,0.196792
1636.5343,0.196409
1636.7672,0.195898
1637.0002,0.195515
1637.2331,0.195400
1637.4661,0.195602
1637.6991,0.196095
1637.9320,0.196803
1638.1650,0.197623
1638.3979,0.198452
1638.6309,0.199218
1638.8639,0.199901
1639.0968,0.200529
1639.3298,0.201152
1639.5627,0.201825
1639.7957,0.202579
1640.0286,0.203414
1640.2616,0.204303
1640.4946,0.205202
1640.7275,0.206074
1640.9605,0.206898
1641.1934,0.207681
1641.4264,0.208443
1641.6594,0.209207
1641.8923,0.209986
1642.1253,0.210775
1642.3582,0.211558
1642.5912,0.212323
1642.8242,0.213067
1643.0571,0.213807
1643.2901,0.214572
1643.5230,0.215390
1643.7560,0.216281
1643.9889,0.217247
1644.2219,0.218279
1644.4549,0.219368
1644.6878,0.220517
1644.9208,0.221742
1645.1537,0.223069
1645.3867,0.224514
1645.6197,0.226061
1645.8526,0.227638
1646.0856,0.229117
1646.3185,0.230341
1646.5515,0.231188
1646.7844,0.231624
1647.0174,0.231709
1647.2504,0.231561
1647.4833,0.231301
1647.7163,0.231023
1647.9492,0.230778
1648.1822,0.230588
1648.4152,0.230456
1648.6481,0.230377
1648.8811,0.230346
1649.1140,0.230360
1649.3470,0.230424
1649.5800,0.230545
1649.8129,0.230741
1650.0459,0.231031
1650.2788,0.231440
1650.5118,0.231988
1650.7447,0.232685
1650.9777,0.233531
1651.2107,0.234515
1651.4436,0.235628
1651.6766,0.236877
1651.9095,0.238287
1652.1425,0.239895
1652.3755,0.241713
1652.6084,0.243662
1652.8414,0.245498
1653.0743,0.246828
1653.3073,0.247279
1653.5402,0.246741
1653.7732,0.245432
1654.0062,0.243730
1654.2391,0.241976
1654.4721,0.240388
1654.7050,0.239057
1654.9380,0.237987
1655.1710,0.237133
1655.4039,0.236431
1655.6369,0.235825
1655.8698,0.235279
1656.1028,0.234777
1656.3358,0.234318
1656.5687,0.233903
1656.8017,0.233527
1657.0346,0.233178
1657.2676,0.232836
1657.5005,0.232481
1657.7335,0.232104
1657.9665,0.231709
1658.1994,0.231307
1658.4324,0.230912
1658.6653,0.230532
1658.8983,0.230164
1659.1313,0.229799
1659.3642,0.229429
1659.5972,0.229051
1659.8301,0.228674
1660.0631,0.228312
1660.2960,0.227977
1660.5290,0.227673
1660.7620,0.227391
1660.9949,0.227114
1661.2279,0.226820
1661.4608,0.226494
1661.6938,0.226130
1661.9268,0.225732
1662.1597,0.225304
1662.3927,0.224847
1662.6256,0.224352
1662.8586,0.223805
1663.0916,0.223194
1663.3245,0.222519
1663.5575,0.221794
1663.7904,0.221045
1664.0234,0.220298
1664.2563,0.219570
1664.4893,0.218868
1664.7223,0.218192
1664.9552,0.217541
1665.1882,0.216917
1665.4211,0.216325
1665.6541,0.215768
1665.8871,0.215247
1666.1200,0.214756
1666.3530,0.214283
1666.5859,0.213819
1666.8189,0.213359
1667.0518,0.212907
1667.2848,0.212472
1667.5178,0.212059
1667.7507,0.211665
1667.9837,0.211273
1668.2166,0.210857
1668.4496,0.210385
1668.6826,0.209837
1668.9155,0.209210
1669.1485,0.208524
1669.3814,0.207810
1669.6144,0.207098
1669.8474,0.206401
1670.0803,0.205705
1670.3133,0.204985
1670.5462,0.204223
1670.7792,0.203418
1671.0121,0.202590
1671.2451,0.201772
1671.4781,0.200999
1671.7110,0.200298
1671.9440,0.199677
1672.1769,0.199125
1672.4099,0.198617
1672.6429,0.198134
1672.8758,0.197669
1673.1088,0.197228
1673.3417,0.196824
1673.5747,0.196460
1673.8076,0.196127
1674.0406,0.195799
1674.2736,0.195439
1674.5065,0.195010
1674.7395,0.194482
1674.9724,0.193840
1675.2054,0.193088
1675.4384,0.192246
1675.6713,0.191348
1675.9043,0.190435
1676.1372,0.189543
1676.3702,0.188695
1676.6032,0.187907
1676.8361,0.187184
1677.0691,0.186526
1677.3020,0.185927
1677.5350,0.185373
1677.7679,0.184845
1678.0009,0.184318
1678.2339,0.183775
1678.4668,0.183208
1678.6998,0.182624
1678.9327,0.182037
1679.1657,0.181469
1679.3987,0.180932
1679.6316,0.180432
1679.8646,0.179964
1680.0975,0.179525
1680.3305,0.179117
1680.5634,0.178753
1680.7964,0.178455
1681.0294,0.178246
1681.2623,0.178139
1681.4953,0.178136
1681.7282,0.178230
1681.9612,0.178414
1682.1942,0.178689
1682.4271,0.179065
1682.6601,0.179558
1682.8930,0.180178
1683.1260,0.180921
1683.3590,0.181755
1683.5919,0.182623
1683.8249,0.183456
1684.0578,0.184200
1684.2908,0.184828
1684.5237,0.185345
1684.7567,0.185773
1684.9897,0.186131
1685.2226,0.186432
1685.4556,0.186693
1685.6885,0.186948
1685.9215,0.187243
1686.1545,0.187637
1686.3874,0.188177
1686.6204,0.188895
1686.8533,0.189800
1687.0863,0.190877
1687.3192,0.192094
1687.5522,0.193411
1687.7852,0.194788
1688.0181,0.196193
1688.2511,0.197599
1688.4840,0.198979
1688.7170,0.200291
1688.9500,0.201479
1689.1829,0.202481
1689.4159,0.203240
1689.6488,0.203723
1689.8818,0.203920
1690.1148,0.203841
1690.3477,0.203497
1690.5807,0.202886
1690.8136,0.201988
1691.0466,0.200768
1691.2795,0.199189
1691.5125,0.197225
1691.7455,0.194872
1691.9784,0.192143
1692.2114,0.189064
1692.4443,0.185667
1692.6773,0.181991
1692.9103,0.178077
1693.1432,0.173972
1693.3762,0.169727
1693.6091,0.165398
1693.8421,0.161037
1694.0750,0.156685
1694.3080,0.152364
1694.5410,0.148065
1694.7739,0.143742
1695.0069,0.139306
1695.2398,0.134642
1695.4728,0.129647
1695.7058,0.124317
1695.9387,0.118830
1696.1717,0.113578
1696.4046,0.109035
1696.6376,0.105520
1696.8706,0.103047
1697.1035,0.101383
1697.3365,0.100210
1697.5694,0.099264
1697.8024,0.098380
1698.0353,0.097495
1698.2683,0.096620
1698.5013,0.095806
1698.7342,0.095109
1698.9672,0.094556
1699.2001,0.094135
1699.4331,0.093787
1699.6661,0.093428
1699.8990,0.092959
1700.1320,0.092300
1700.3649,0.091423
1700.5979,0.090394
1700.8308,0.089365
1701.0638,0.088495
1701.2968,0.087874
1701.5297,0.087512
1701.7627,0.087383
1701.9956,0.087455
1702.2286,0.087703
1702.4616,0.088100
1702.6945,0.088615
1702.9275,0.089208
1703.1604,0.089845
1703.3934,0.090497
1703.6264,0.091159
1703.8593,0.091841
1704.0923,0.092566
1704.3252,0.093349
1704.5582,0.094189
1704.7911,0.095064
1705.0241,0.095940
1705.2571,0.096791
1705.4900,0.097613
1705.7230,0.098420
1705.9559,0.099237
1706.1889,0.100078
1706.4219,0.100945
1706.6548,0.101817
1706.8878,0.102670
1707.1207,0.103488
1707.3537,0.104276
1707.5866,0.105063
1707.8196,0.105887
1708.0526,0.106777
1708.2855,0.107749
1708.5185,0.108800
1708.7514,0.109911
1708.9844,0.111062
1709.2174,0.112240
1709.4503,0.113438
1709.6833,0.114658
1709.9162,0.115905
1710.1492,0.117179
1710.3822,0.118469
1710.6151,0.119762
1710.8481,0.121042
1711.0810,0.122302
1711.3140,0.123543
1711.5469,0.124776
1711.7799,0.126015
1712.0129,0.127267
1712.2458,0.128532
1712.4788,0.129801
1712.7117,0.131061
1712.9447,0.132296
1713.1777,0.133491
1713.4106,0.134635
1713.6436,0.135718
1713.8765,0.136728
1714.1095,0.137650
1714.3424,0.138468
1714.5754,0.139161
1714.8084,0.139714
1715.0413,0.140117
1715.2743,0.140373
1715.5072,0.140491
1715.7402,0.140485
1715.9732,0.140357
1716.2061,0.140092
1716.4391,0.139657
1716.6720,0.139002
1716.9050,0.138071
1717.1379,0.136819
1717.3709,0.135222
1717.6039,0.133304
1717.8368,0.131143
1718.0698,0.128857
1718.3027,0.126575
1718.5357,0.124388
1718.7687,0.122331
1719.0016,0.120395
1719.2346,0.118549
1719.4675,0.116758
1719.7005,0.114987
1719.9335,0.113204
1720.1664,0.111371
1720.3994,0.109448
1720.6323,0.107399
1720.8653,0.105200
1721.0982,0.102848
1721.3312,0.100367
1721.5642,0.097804
1721.7971,0.095213
1722.0301,0.092644
1722.2630,0.090125
1722.4960,0.087661
1722.7290,0.085242
1722.9619,0.082852
1723.1949,0.080485
1723.4278,0.078154
1723.6608,0.075882
1723.8937,0.073703
1724.1267,0.071642
1724.3597,0.069712
1724.5926,0.067910
1724.8256,0.066223
1725.0585,0.064632
1725.2915,0.063121
1725.5245,0.061678
1725.7574,0.060295
1725.9904,0.058964
1726.2233,0.057682
1726.4563,0.056447
1726.6893,0.055259
1726.9222,0.054123
1727.1552,0.053045
1727.3881,0.052029
1727.6211,0.051079
1727.8540,0.050193
1728.0870,0.049367
1728.3200,0.048595
1728.5529,0.047868
1728.7859,0.047180
1729.0188,0.046519
1729.2518,0.045875
1729.4848,0.045230
1729.7177,0.044570
1729.9507,0.043885
1730.1836,0.043181
1730.4166,0.042480
1730.6495,0.041820
1730.8825,0.041244
1731.1155,0.040783
1731.3484,0.040448
1731.5814,0.040226
1731.8143,0.040090
1732.0473,0.040005
1732.2803,0.039936
1732.5132,0.039855
1732.7462,0.039738
1732.9791,0.039565
1733.2121,0.039316
1733.4451,0.038967
1733.6780,0.038492
1733.9110,0.037874
1734.1439,0.037120
1734.3769,0.036278
1734.6098,0.035433
1734.8428,0.034685
1735.0758,0.034108
1735.3087,0.033735
1735.5417,0.033553
1735.7746,0.033523
1736.0076,0.033592
1736.2406,0.033715
1736.4735,0.033850
1736.7065,0.033968
1736.9394,0.034046
1737.1724,0.034073
1737.4053,0.034046
1737.6383,0.033977
1737.8713,0.033886
1738.1042,0.033800
1738.3372,0.033739
1738.5701,0.033714
1738.8031,0.033714
1739.0361,0.033707
1739.2690,0.033649
1739.5020,0.033492
1739.7349,0.033205
1739.9679,0.032792
1740.2009,0.032300
1740.4338,0.031812
1740.6668,0.031411
1740.8997,0.031154
1741.1327,0.031050
1741.3656,0.031074
1741.5986,0.031181
1741.8316,0.031323
1742.0645,0.031458
1742.2975,0.031557
1742.5304,0.031600
1742.7634,0.031577
1742.9964,0.031484
1743.2293,0.031324
1743.4623,0.031108
1743.6952,0.030854
1743.9282,0.030592
1744.1611,0.030353
1744.3941,0.030164
1744.6271,0.030041
1744.8600,0.029983
1745.0930,0.029977
1745.3259,0.030002
1745.5589,0.030033
1745.7919,0.030051
1746.0248,0.030046
1746.2578,0.030015
1746.4907,0.029962
1746.7237,0.029893
1746.9567,0.029816
1747.1896,0.029735
1747.4226,0.029655
1747.6555,0.029580
1747.8885,0.029508
1748.1214,0.029438
1748.3544,0.029359
1748.5874,0.029262
1748.8203,0.029140
1749.0533,0.028995
1749.2862,0.028847
1749.5192,0.028728
1749.7522,0.028670
1749.9851,0.028695
1750.2181,0.028799
1750.4510,0.028951
1750.6840,0.029097
1750.9169,0.029170
1751.1499,0.029110
1751.3829,0.028887
1751.6158,0.028525
1751.8488,0.028098
1752.0817,0.027708
1752.3147,0.027441
1752.5477,0.027331
1752.7806,0.027364
1753.0136,0.027497
1753.2465,0.027675
1753.4795,0.027851
1753.7125,0.027996
1753.9454,0.028093
1754.1784,0.028147
1754.4113,0.028168
1754.6443,0.028175
1754.8772,0.028183
1755.1102,0.028204
1755.3432,0.028242
1755.5761,0.028296
1755.8091,0.028356
1756.0420,0.028405
1756.2750,0.028421
1756.5080,0.028380
1756.7409,0.028263
1756.9739,0.028071
1757.2068,0.027827
1757.4398,0.027575
1757.6727,0.027363
1757.9057,0.027234
1758.1387,0.027202
1758.3716,0.027259
1758.6046,0.027375
1758.8375,0.027514
1759.0705,0.027645
1759.3035,0.027749
1759.5364,0.027821
1759.7694,0.027872
1760.0023,0.027919
1760.2353,0.027977
1760.4683,0.028053
1760.7012,0.028140
1760.9342,0.028218
1761.1671,0.028262
1761.4001,0.028243
1761.6330,0.028140
1761.8660,0.027952
1762.0990,0.027696
1762.3319,0.027414
1762.5649,0.027156
1762.7978,0.026963
1763.0308,0.026860
1763.2638,0.026842
1763.4967,0.026889
1763.7297,0.026971
1763.9626,0.027057
1764.1956,0.027124
1764.4285,0.027160
1764.6615,0.027167
1764.8945,0.027154
1765.1274,0.027134
1765.3604,0.027117
1765.5933,0.027108
1765.8263,0.027103
1766.0593,0.027100
1766.2922,0.027100
1766.5252,0.027111
1766.7581,0.027144
1766.9911,0.027206
1767.2241,0.027295
1767.4570,0.027391
1767.6900,0.027457
1767.9229,0.027454
1768.1559,0.027348
1768.3888,0.027135
1768.6218,0.026849
1768.8548,0.026557
1769.0877,0.026335
1769.3207,0.026235
1769.5536,0.026277
1769.7866,0.026443
1770.0196,0.026691
1770.2525,0.026975
1770.4855,0.027251
1770.7184,0.027483
1770.9514,0.027652
1771.1843,0.027750
1771.4173,0.027780
1771.6503,0.027749
1771.8832,0.027666
1772.1162,0.027533
1772.3491,0.027348
1772.5821,0.027110
1772.8151,0.026827
1773.0480,0.026521
1773.2810,0.026226
1773.5139,0.025983
1773.7469,0.025828
1773.9799,0.025781
1774.2128,0.025841
1774.4458,0.025989
1774.6787,0.026195
1774.9117,0.026418
1775.1446,0.026619
1775.3776,0.026763
1775.6106,0.026832
1775.8435,0.026829
1776.0765,0.026777
1776.3094,0.026711
1776.5424,0.026663
1776.7754,0.026655
1777.0083,0.026689
1777.2413,0.026753
1777.4742,0.026829
1777.7072,0.026902
1777.9401,0.026964
1778.1731,0.027016
1778.4061,0.027061
1778.6390,0.027107
1778.8720,0.027156
1779.1049,0.027209
1779.3379,0.027263
1779.5709,0.027315
1779.8038,0.027364
1780.0368,0.027405
1780.2697,0.027433
1780.5027,0.027438
1780.7357,0.027413
1780.9686,0.027351
1781.2016,0.027260
1781.4345,0.027158
1781.6675,0.027071
1781.9004,0.027021
1782.1334,0.027022
1782.3664,0.027071
1782.5993,0.027151
1782.8323,0.027241
1783.0652,0.027322
1783.2982,0.027386
1783.5312,0.027436
1783.7641,0.027482
1783.9971,0.027532
1784.2300,0.027584
1784.4630,0.027623
1784.6959,0.027625
1784.9289,0.027567
1785.1619,0.027445
1785.3948,0.027276
1785.6278,0.027097
1785.8607,0.026952
1786.0937,0.026873
1786.3267,0.026869
1786.5596,0.026924
1786.7926,0.027011
1787.0255,0.027101
1787.2585,0.027175
1787.4915,0.027226
1787.7244,0.027260
1787.9574,0.027286
1788.1903,0.027311
1788.4233,0.027336
1788.6562,0.027358
1788.8892,0.027374
1789.1222,0.027389
1789.3551,0.027411
1789.5881,0.027455
1789.8210,0.027528
1790.0540,0.027624
1790.2870,0.027730
1790.5199,0.027820
1790.7529,0.027877
1790.9858,0.027894
1791.2188,0.027884
1791.4517,0.027873
1791.6847,0.027887
1791.9177,0.027933
1792.1506,0.027997
1792.3836,0.028037
1792.6165,0.028010
1792.8495,0.027884
1793.0825,0.027662
1793.3154,0.027387
1793.5484,0.027129
1793.7813,0.026950
1794.0143,0.026886
1794.2473,0.026935
1794.4802,0.027070
1794.7132,0.027251
1794.9461,0.027437
1795.1791,0.027595
1795.4120,0.027709
1795.6450,0.027772
1795.8780,0.027792
1796.1109,0.027779
1796.3439,0.027747
1796.5768,0.027706
1796.8098,0.027666
1797.0428,0.027638
1797.2757,0.027629
1797.5087,0.027650
1797.7416,0.027705
1797.9746,0.027794
1798.2075,0.027911
1798.4405,0.028045
1798.6735,0.028178
1798.9064,0.028292
1799.1394,0.028370
1799.3723,0.028398
1799.6053,0.028372
1799.8383,0.028297
1800.0712,0.028191
1800.3042,0.028080
1800.5371,0.027988
1800.7701,0.027936
1801.0031,0.027932
1801.2360,0.027969
1801.4690,0.028029
1801.7019,0.028089
1801.9349,0.028129
1802.1678,0.028136
1802.4008,0.028111
1802.6338,0.028064
1802.8667,0.028014
1803.0997,0.027981
1803.3326,0.027975
1803.5656,0.027998
1803.7986,0.028047
1804.0315,0.028111
1804.2645,0.028181
1804.4974,0.028250
1804.7304,0.028315
1804.9633,0.028373
1805.1963,0.028421
1805.4293,0.028459
1805.6622,0.028483
1805.8952,0.028495
1806.1281,0.028494
1806.3611,0.028486
1806.5941,0.028473
1806.8270,0.028459
1807.0600,0.028444
1807.2929,0.028425
1807.5259,0.028399
1807.7589,0.028364
1807.9918,0.028320
1808.2248,0.028273
1808.4577,0.028231
1808.6907,0.028203
1808.9236,0.028195
1809.1566,0.028212
1809.3896,0.028251
1809.6225,0.028307
1809.8555,0.028370
1810.0884,0.028429
1810.3214,0.028472
1810.5544,0.028487
1810.7873,0.028466
1811.0203,0.028409
1811.2532,0.028321
1811.4862,0.028213
1811.7191,0.028101
1811.9521,0.027999
1812.1851,0.027915
1812.4180,0.027852
1812.6510,0.027808
1812.8839,0.027778
1813.1169,0.027756
1813.3499,0.027742
1813.5828,0.027736
1813.8158,0.027741
1814.0487,0.027759
1814.2817,0.027788
1814.5147,0.027825
1814.7476,0.027862
1814.9806,0.027894
1815.2135,0.027919
1815.4465,0.027937
1815.6794,0.027951
1815.9124,0.027966
1816.1454,0.027981
1816.3783,0.027995
1816.6113,0.028006
1816.8442,0.028010
1817.0772,0.028010
1817.3102,0.028008
1817.5431,0.028009
1817.7761,0.028018
1818.0090,0.028034
1818.2420,0.028052
1818.4749,0.028064
1818.7079,0.028064
1818.9409,0.028049
1819.1738,0.028024
1819.4068,0.027995
1819.6397,0.027970
1819.8727,0.027953
1820.1057,0.027944
1820.3386,0.027935
1820.5716,0.027921
1820.8045,0.027895
1821.0375,0.027858
1821.2705,0.027815
1821.5034,0.027774
1821.7364,0.027743
1821.9693,0.027725
1822.2023,0.027722
1822.4352,0.027730
1822.6682,0.027747
1822.9012,0.027774
1823.1341,0.027817
1823.3671,0.027882
1823.6000,0.027975
1823.8330,0.028095
1824.0660,0.028232
1824.2989,0.028366
1824.5319,0.028471
1824.7648,0.028519
1824.9978,0.028487
1825.2307,0.028364
1825.4637,0.028161
1825.6967,0.027908
1825.9296,0.027653
1826.1626,0.027442
1826.3955,0.027310
1826.6285,0.027271
1826.8615,0.027316
1827.0944,0.027421
1827.3274,0.027555
1827.5603,0.027692
1827.7933,0.027812
1828.0263,0.027910
1828.2592,0.027994
1828.4922,0.028076
1828.7251,0.028169
1828.9581,0.028273
1829.1910,0.028376
1829.4240,0.028451
1829.6570,0.028466
1829.8899,0.028396
1830.1229,0.028236
1830.3558,0.028010
1830.5888,0.027760
1830.8218,0.027538
1831.0547,0.027383
1831.2877,0.027314
1831.5206,0.027327
1831.7536,0.027402
1831.9865,0.027515
1832.2195,0.027642
1832.4525,0.027765
1832.6854,0.027873
1832.9184,0.027962
1833.1513,0.028031
1833.3843,0.028083
1833.6173,0.028118
1833.8502,0.028139
1834.0832,0.028147
1834.3161,0.028144
1834.5491,0.028135
1834.7821,0.028125
1835.0150,0.028119
1835.2480,0.028124
1835.4809,0.028146
1835.7139,0.028188
1835.9468,0.028250
1836.1798,0.028325
1836.4128,0.028404
1836.6457,0.028473
1836.8787,0.028519
1837.1116,0.028533
1837.3446,0.028511
1837.5776,0.028457
1837.8105,0.028380
1838.0435,0.028291
1838.2764,0.028202
1838.5094,0.028123
1838.7423,0.028060
1838.9753,0.028019
1839.2083,0.028001
1839.4412,0.028008
1839.6742,0.028039
1839.9071,0.028090
1840.1401,0.028155
1840.3731,0.028225
1840.6060,0.028291
1840.8390,0.028347
1841.0719,0.028390
1841.3049,0.028419
1841.5379,0.028440
1841.7708,0.028461
1842.0038,0.028490
1842.2367,0.028540
1842.4697,0.028624
1842.7026,0.028753
1842.9356,0.028933
1843.1686,0.029155
1843.4015,0.029395
1843.6345,0.029610
1843.8674,0.029743
1844.1004,0.029734
1844.3334,0.029548
1844.5663,0.029192
1844.7993,0.028733
1845.0322,0.028274
1845.2652,0.027919
1845.4981,0.027729
1845.7311,0.027715
1845.9641,0.027840
1846.1970,0.028049
1846.4300,0.028284
1846.6629,0.028502
1846.8959,0.028676
1847.1289,0.028801
1847.3618,0.028884
1847.5948,0.028936
1847.8277,0.028967
1848.0607,0.028977
1848.2937,0.028966
1848.5266,0.028933
1848.7596,0.028889
1848.9925,0.028846
1849.2255,0.028821
1849.4584,0.028822
1849.6914,0.028850
1849.9244,0.028894
1850.1573,0.028939
1850.3903,0.028974
1850.6232,0.028995
1850.8562,0.029008
1851.0892,0.029023
1851.3221,0.029046
1851.5551,0.029076
1851.7880,0.029105
1852.0210,0.029118
1852.2539,0.029108
1852.4869,0.029075
1852.7199,0.029032
1852.9528,0.028999
1853.1858,0.028991
1853.4187,0.029016
1853.6517,0.029067
1853.8847,0.029127
1854.1176,0.029179
1854.3506,0.029210
1854.5835,0.029220
1854.8165,0.029217
1855.0494,0.029211
1855.2824,0.029211
1855.5154,0.029219
1855.7483,0.029230
1855.9813,0.029239
1856.2142,0.029243
1856.4472,0.029246
1856.6802,0.029257
1856.9131,0.029283
1857.1461,0.029326
1857.3790,0.029379
1857.6120,0.029426
1857.8450,0.029456
1858.0779,0.029461
1858.3109,0.029444
1858.5438,0.029419
1858.7768,0.029402
1859.0097,0.029404
1859.2427,0.029426
1859.4757,0.029461
1859.7086,0.029495
1859.9416,0.029516
1860.1745,0.029518
1860.4075,0.029504
1860.6405,0.029479
1860.8734,0.029452
1861.1064,0.029426
1861.3393,0.029400
1861.5723,0.029371
1861.8052,0.029338
1862.0382,0.029305
1862.2712,0.029278
1862.5041,0.029264
1862.7371,0.029266
1862.9700,0.029282
1863.2030,0.029304
1863.4360,0.029322
1863.6689,0.029333
1863.9019,0.029335
1864.1348,0.029335
1864.3678,0.029336
1864.6008,0.029340
1864.8337,0.029341
1865.0667,0.029330
1865.2996,0.029301
1865.5326,0.029253
1865.7655,0.029195
1865.9985,0.029143
1866.2315,0.029115
1866.4644,0.029117
1866.6974,0.029149
1866.9303,0.029196
1867.1633,0.029240
1867.3963,0.029268
1867.6292,0.029278
1867.8622,0.029275
1868.0951,0.029273
1868.3281,0.029280
1868.5610,0.029293
1868.7940,0.029296
1869.0270,0.029266
1869.2599,0.029187
1869.4929,0.029053
1869.7258,0.028882
1869.9588,0.028706
1870.1918,0.028560
1870.4247,0.028468
1870.6577,0.028439
1870.8906,0.028463
1871.1236,0.028522
1871.3566,0.028598
1871.5895,0.028676
1871.8225,0.028749
1872.0554,0.028817
1872.2884,0.028880
1872.5213,0.028939
1872.7543,0.028992
1872.9873,0.029038
1873.2202,0.029074
1873.4532,0.029103
1873.6861,0.029127
1873.9191,0.029153
1874.1521,0.029184
1874.3850,0.029221
1874.6180,0.029260
1874.8509,0.029297
1875.0839,0.029328
1875.3168,0.029350
1875.5498,0.029363
1875.7828,0.029368
1876.0157,0.029364
1876.2487,0.029351
1876.4816,0.029324
1876.7146,0.029280
1876.9476,0.029217
1877.1805,0.029136
1877.4135,0.029041
1877.6464,0.028944
1877.8794,0.028855
1878.1124,0.028785
1878.3453,0.028745
1878.5783,0.028740
1878.8112,0.028771
1879.0442,0.028831
1879.2771,0.028908
1879.5101,0.028985
1879.7431,0.029047
1879.9760,0.029082
1880.2090,0.029088
1880.4419,0.029072
1880.6749,0.029046
1880.9079,0.029027
1881.1408,0.029025
1881.3738,0.029043
1881.6067,0.029077
1881.8397,0.029116
1882.0726,0.029147
1882.3056,0.029163
1882.5386,0.029161
1882.7715,0.029143
1883.0045,0.029114
1883.2374,0.029080
1883.4704,0.029041
1883.7034,0.029000
1883.9363,0.028959
1884.1693,0.028921
1884.4022,0.028893
1884.6352,0.028881
1884.8682,0.028891
1885.1011,0.028922
1885.3341,0.028969
1885.5670,0.029025
1885.8000,0.029083
1886.0329,0.029137
1886.2659,0.029186
1886.4989,0.029229
1886.7318,0.029266
1886.9648,0.029294
1887.1977,0.029312
1887.4307,0.029319
1887.6637,0.029325
1887.8966,0.029339
1888.1296,0.029377
1888.3625,0.029445
1888.5955,0.029539
1888.8284,0.029639
1889.0614,0.029713
1889.2944,0.029729
1889.5273,0.029664
1889.7603,0.029520
1889.9932,0.029323
1890.2262,0.029120
1890.4592,0.028959
1890.6921,0.028870
1890.9251,0.028860
1891.1580,0.028909
1891.3910,0.028988
1891.6240,0.029066
1891.8569,0.029126
1892.0899,0.029161
1892.3228,0.029176
1892.5558,0.029183
1892.7887,0.029188
1893.0217,0.029193
1893.2547,0.029198
1893.4876,0.029202
1893.7206,0.029207
1893.9535,0.029220
1894.1865,0.029249
1894.4195,0.029295
1894.6524,0.029354
1894.8854,0.029410
1895.1183,0.029446
1895.3513,0.029446
1895.5842,0.029408
1895.8172,0.029342
1896.0502,0.029266
1896.2831,0.029206
1896.5161,0.029176
1896.7490,0.029187
1896.9820,0.029236
1897.2150,0.029314
1897.4479,0.029412
1897.6809,0.029517
1897.9138,0.029619
1898.1468,0.029707
1898.3798,0.029769
1898.6127,0.029791
1898.8457,0.029768
1899.0786,0.029699
1899.3116,0.029598
1899.5445,0.029486
1899.7775,0.029388
1900.0105,0.029326
1900.2434,0.029308
1900.4764,0.029331
1900.7093,0.029381
1900.9423,0.029441
1901.1753,0.029496
1901.4082,0.029540
1901.6412,0.029572
1901.8741,0.029597
1902.1071,0.029619
1902.3400,0.029638
1902.5730,0.029650
1902.8060,0.029651
1903.0389,0.029640
1903.2719,0.029623
1903.5048,0.029609
1903.7378,0.029610
1903.9708,0.029635
1904.2037,0.029688
1904.4367,0.029765
1904.6696,0.029856
1904.9026,0.029945
1905.1356,0.030020
1905.3685,0.030069
1905.6015,0.030083
1905.8344,0.030061
1906.0674,0.030006
1906.3003,0.029927
1906.5333,0.029838
1906.7663,0.029756
1906.9992,0.029696
1907.2322,0.029668
1907.4651,0.029672
1907.6981,0.029701
1907.9311,0.029742
1908.1640,0.029783
1908.3970,0.029817
1908.6299,0.029848
1908.8629,0.029883
1909.0958,0.029929
1909.3288,0.029987
1909.5618,0.030049
1909.7947,0.030098
1910.0277,0.030115
1910.2606,0.030084
1910.4936,0.030005
1910.7266,0.029888
1910.9595,0.029752
1911.1925,0.029620
1911.4254,0.029509
1911.6584,0.029427
1911.8914,0.029375
1912.1243,0.029348
1912.3573,0.029342
1912.5902,0.029355
1912.8232,0.029386
1913.0561,0.029428
1913.2891,0.029475
1913.5221,0.029515
1913.7550,0.029541
1913.9880,0.029548
1914.2209,0.029542
1914.4539,0.029536
1914.6869,0.029544
1914.9198,0.029574
1915.1528,0.029627
1915.3857,0.029692
1915.6187,0.029752
1915.8516,0.029794
1916.0846,0.029814
1916.3176,0.029820
1916.5505,0.029825
1916.7835,0.029845
1917.0164,0.029885
1917.2494,0.029937
1917.4824,0.029982
1917.7153,0.029994
1917.9483,0.029955
1918.1812,0.029862
1918.4142,0.029734
1918.6472,0.029606
1918.8801,0.029516
1919.1131,0.029493
1919.3460,0.029546
1919.5790,0.029663
1919.8119,0.029820
1920.0449,0.029988
1920.2779,0.030137
1920.5108,0.030244
1920.7438,0.030299
1920.9767,0.030300
1921.2097,0.030259
1921.4427,0.030193
1921.6756,0.030123
1921.9086,0.030062
1922.1415,0.030020
1922.3745,0.029993
1922.6074,0.029969
1922.8404,0.029934
1923.0734,0.029879
1923.3063,0.029805
1923.5393,0.029728
1923.7722,0.029672
1924.0052,0.029660
1924.2382,0.029705
1924.4711,0.029805
1924.7041,0.029942
1924.9370,0.030091
1925.1700,0.030226
1925.4030,0.030328
1925.6359,0.030389
1925.8689,0.030410
1926.1018,0.030399
1926.3348,0.030362
1926.5677,0.030303
1926.8007,0.030223
1927.0337,0.030124
1927.2666,0.030014
1927.4996,0.029905
1927.7325,0.029809
1927.9655,0.029740
1928.1985,0.029699
1928.4314,0.029680
1928.6644,0.029669
1928.8973,0.029649
1929.1303,0.029610
1929.3632,0.029546
1929.5962,0.029461
1929.8292,0.029363
1930.0621,0.029256
1930.2951,0.029144
1930.5280,0.029028
1930.7610,0.028910
1930.9940,0.028797
1931.2269,0.028704
1931.4599,0.028648
1931.6928,0.028639
1931.9258,0.028681
1932.1588,0.028761
1932.3917,0.028855
1932.6247,0.028938
1932.8576,0.028986
1933.0906,0.028992
1933.3235,0.028960
1933.5565,0.028907
1933.7895,0.028854
1934.0224,0.028813
1934.2554,0.028789
1934.4883,0.028775
1934.7213,0.028757
1934.9543,0.028727
1935.1872,0.028682
1935.4202,0.028629
1935.6531,0.028583
1935.8861,0.028560
1936.1190,0.028570
1936.3520,0.028615
1936.5850,0.028682
1936.8179,0.028748
1937.0509,0.028788
1937.2838,0.028779
1937.5168,0.028709
1937.7498,0.028584
1937.9827,0.028420
1938.2157,0.028249
1938.4486,0.028104
1938.6816,0.028011
1938.9146,0.027982
1939.1475,0.028011
1939.3805,0.028075
1939.6134,0.028145
1939.8464,0.028195
1940.0793,0.028214
1940.3123,0.028207
1940.5453,0.028193
1940.7782,0.028199
1941.0112,0.028244
1941.2441,0.028335
1941.4771,0.028458
1941.7101,0.028582
1941.9430,0.028668
1942.1760,0.028680
1942.4089,0.028592
1942.6419,0.028401
1942.8748,0.028127
1943.1078,0.027810
1943.3408,0.027502
1943.5737,0.027254
1943.8067,0.027108
1944.0396,0.027083
1944.2726,0.027180
1944.5056,0.027373
1944.7385,0.027623
1944.9715,0.027878
1945.2044,0.028092
1945.4374,0.028227
1945.6704,0.028269
1945.9033,0.028225
1946.1363,0.028122
1946.3692,0.027996
1946.6022,0.027880
1946.8351,0.027794
1947.0681,0.027739
1947.3011,0.027707
1947.5340,0.027683
1947.7670,0.027654
1947.9999,0.027617
1948.2329,0.027576
1948.4659,0.027538
1948.6988,0.027514
1948.9318,0.027510
1949.1647,0.027530
1949.3977,0.027577
1949.6306,0.027654
1949.8636,0.027760
1950.0966,0.027893
1950.3295,0.028041
1950.5625,0.028188
1950.7954,0.028311
1951.0284,0.028387
1951.2614,0.028403
1951.4943,0.028356
1951.7273,0.028257
1951.9602,0.028125
1952.1932,0.027984
1952.4262,0.027851
1952.6591,0.027733
1952.8921,0.027627
1953.1250,0.027525
1953.3580,0.027416
1953.5909,0.027296
1953.8239,0.027165
1954.0569,0.027031
1954.2898,0.026904
1954.5228,0.026789
1954.7557,0.026690
1954.9887,0.026603
1955.2217,0.026522
1955.4546,0.026435
1955.6876,0.026333
1955.9205,0.026212
1956.1535,0.026076
1956.3864,0.025938
1956.6194,0.025821
1956.8524,0.025749
1957.0853,0.025744
1957.3183,0.025814
1957.5512,0.025949
1957.7842,0.026120
1958.0172,0.026286
1958.2501,0.026409
1958.4831,0.026463
1958.7160,0.026444
1958.9490,0.026367
1959.1820,0.026264
1959.4149,0.026168
1959.6479,0.026104
1959.8808,0.026081
1960.1138,0.026093
1960.3467,0.026126
1960.5797,0.026165
1960.8127,0.026199
1961.0456,0.026227
1961.2786,0.026246
1961.5115,0.026259
1961.7445,0.026263
1961.9775,0.026258
1962.2104,0.026241
1962.4434,0.026214
1962.6763,0.026184
1962.9093,0.026154
1963.1422,0.026127
1963.3752,0.026100
1963.6082,0.026068
1963.8411,0.026029
1964.0741,0.025985
1964.3070,0.025950
1964.5400,0.025942
1964.7730,0.025977
1965.0059,0.026056
1965.2389,0.026163
1965.4718,0.026266
1965.7048,0.026330
1965.9378,0.026325
1966.1707,0.026239
1966.4037,0.026081
1966.6366,0.025874
1966.8696,0.025644
1967.1025,0.025415
1967.3355,0.025200
1967.5685,0.025008
1967.8014,0.024851
1968.0344,0.024746
1968.2673,0.024718
1968.5003,0.024781
1968.7333,0.024932
1968.9662,0.025138
1969.1992,0.025347
1969.4321,0.025500
1969.6651,0.025550
1969.8980,0.025483
1970.1310,0.025316
1970.3640,0.025100
1970.5969,0.024893
1970.8299,0.024739
1971.0628,0.024659
1971.2958,0.024641
1971.5288,0.024660
1971.7617,0.024688
1971.9947,0.024708
1972.2276,0.024723
1972.4606,0.024742
1972.6936,0.024776
1972.9265,0.024824
1973.1595,0.024876
1973.3924,0.024916
1973.6254,0.024927
1973.8583,0.024904
1974.0913,0.024852
1974.3243,0.024779
1974.5572,0.024694
1974.7902,0.024601
1975.0231,0.024507
1975.2561,0.024424
1975.4891,0.024379
1975.7220,0.024408
1975.9550,0.024549
1976.1879,0.024820
1976.4209,0.025204
1976.6538,0.025648
1976.8868,0.026076
1977.1198,0.026405
1977.3527,0.026578
1977.5857,0.026576
1977.8186,0.026431
1978.0516,0.026208
1978.2846,0.025986
1978.5175,0.025836
1978.7505,0.025795
1978.9834,0.025873
1979.2164,0.026051
1979.4494,0.026294
1979.6823,0.026561
1979.9153,0.026811
1980.1482,0.027009
1980.3812,0.027130
1980.6141,0.027162
1980.8471,0.027112
1981.0801,0.027003
1981.3130,0.026876
1981.5460,0.026775
1981.7789,0.026733
1982.0119,0.026764
1982.2449,0.026857
1982.4778,0.026979
1982.7108,0.027092
1982.9437,0.027165
1983.1767,0.027185
1983.4096,0.027156
1983.6426,0.027094
1983.8756,0.027015
1984.1085,0.026933
1984.3415,0.026854
1984.5744,0.026783
1984.8074,0.026732
1985.0404,0.026718
1985.2733,0.026762
1985.5063,0.026880
1985.7392,0.027067
1985.9722,0.027301
1986.2052,0.027543
1986.4381,0.027754
1986.6711,0.027907
1986.9040,0.027998
1987.1370,0.028044
1987.3699,0.028072
1987.6029,0.028102
1987.8359,0.028136
1988.0688,0.028158
1988.3018,0.028137
1988.5347,0.028048
1988.7677,0.027888
1989.0007,0.027675
1989.2336,0.027452
1989.4666,0.027262
1989.6995,0.027141
1989.9325,0.027102
1990.1654,0.027137
1990.3984,0.027228
1990.6314,0.027354
1990.8643,0.027495
1991.0973,0.027636
1991.3302,0.027763
1991.5632,0.027852
1991.7962,0.027879
1992.0291,0.027818
1992.2621,0.027657
1992.4950,0.027409
1992.7280,0.027112
1992.9609,0.026819
1993.1939,0.026584
1993.4269,0.026441
1993.6598,0.026397
1993.8928,0.026438
1994.1257,0.026539
1994.3587,0.026674
1994.5917,0.026828
1994.8246,0.026995
1995.0576,0.027176
1995.2905,0.027368
1995.5235,0.027561
1995.7565,0.027735
1995.9894,0.027871
1996.2224,0.027952
1996.4553,0.027978
1996.6883,0.027961
1996.9212,0.027923
1997.1542,0.027887
1997.3872,0.027867
1997.6201,0.027863
1997.8531,0.027871
1998.0860,0.027878
1998.3190,0.027878
1998.5520,0.027863
1998.7849,0.027831
1999.0179,0.027779
1999.2508,0.027702
1999.4838,0.027593
1999.7167,0.027452
1999.9497,0.027289
2000.1827,0.027125
2000.4156,0.026988
2000.6486,0.026903
2000.8815,0.026882
2001.1145,0.026919
2001.3475,0.026987
2001.5804,0.027054
2001.8134,0.027082
2002.0463,0.027049
2002.2793,0.026947
2002.5123,0.026786
2002.7452,0.026588
2002.9782,0.026376
2003.2111,0.026174
2003.4441,0.026001
2003.6770,0.025869
2003.9100,0.025787
2004.1430,0.025753
2004.3759,0.025759
2004.6089,0.025784
2004.8418,0.025806
2005.0748,0.025798
2005.3078,0.025746
2005.5407,0.025648
2005.7737,0.025522
2006.0066,0.025400
2006.2396,0.025320
2006.4725,0.025309
2006.7055,0.025385
2006.9385,0.025541
2007.1714,0.025761
2007.4044,0.026016
2007.6373,0.026277
2007.8703,0.026523
2008.1033,0.026740
2008.3362,0.026921
2008.5692,0.027066
2008.8021,0.027173
2009.0351,0.027242
2009.2681,0.027269
2009.5010,0.027249
2009.7340,0.027180
2009.9669,0.027060
2010.1999,0.026891
2010.4328,0.026679
2010.6658,0.026434
2010.8988,0.026177
2011.1317,0.025932
2011.3647,0.025728
2011.5976,0.025587
2011.8306,0.025522
2012.0636,0.025531
2012.2965,0.025596
2012.5295,0.025697
2012.7624,0.025808
2012.9954,0.025912
2013.2283,0.025998
2013.4613,0.026065
2013.6943,0.026116
2013.9272,0.026154
2014.1602,0.026186
2014.3931,0.026218
2014.6261,0.026259
2014.8591,0.026318
2015.0920,0.026406
2015.3250,0.026532
2015.5579,0.026693
2015.7909,0.026879
2016.0239,0.027069
2016.2568,0.027236
2016.4898,0.027358
2016.7227,0.027420
2016.9557,0.027420
2017.1886,0.027374
2017.4216,0.027305
2017.6546,0.027242
2017.8875,0.027209
2018.1205,0.027222
2018.3534,0.027280
2018.5864,0.027374
2018.8194,0.027482
2019.0523,0.027580
2019.2853,0.027646
2019.5182,0.027670
2019.7512,0.027655
2019.9841,0.027620
2020.2171,0.027592
2020.4501,0.027596
2020.6830,0.027646
2020.9160,0.027730
2021.1489,0.027818
2021.3819,0.027863
2021.6149,0.027819
2021.8478,0.027656
2022.0808,0.027373
2022.3137,0.026999
2022.5467,0.026588
2022.7797,0.026197
2023.0126,0.025876
2023.2456,0.025649
2023.4785,0.025517
2023.7115,0.025464
2023.9444,0.025470
2024.1774,0.025514
2024.4104,0.025583
2024.6433,0.025666
2024.8763,0.025750
2025.1092,0.025817
2025.3422,0.025849
2025.5752,0.025833
2025.8081,0.025763
2026.0411,0.025649
2026.2740,0.025513
2026.5070,0.025385
2026.7399,0.025286
2026.9729,0.025231
2027.2059,0.025220
2027.4388,0.025245
2027.6718,0.025293
2027.9047,0.025354
2028.1377,0.025422
2028.3707,0.025492
2028.6036,0.025562
2028.8366,0.025628
2029.0695,0.025686
2029.3025,0.025734
2029.5355,0.025772
2029.7684,0.025803
2030.0014,0.025828
2030.2343,0.025845
2030.4673,0.025848
2030.7002,0.025833
2030.9332,0.025799
2031.1662,0.025755
2031.3991,0.025725
2031.6321,0.025736
2031.8650,0.025813
2032.0980,0.025965
2032.3310,0.026178
2032.5639,0.026417
2032.7969,0.026635
2033.0298,0.026790
2033.2628,0.026858
2033.4957,0.026841
2033.7287,0.026764
2033.9617,0.026669
2034.1946,0.026596
2034.4276,0.026575
2034.6605,0.026620
2034.8935,0.026732
2035.1265,0.026903
2035.3594,0.027121
2035.5924,0.027373
2035.8253,0.027643
2036.0583,0.027908
2036.2913,0.028144
2036.5242,0.028323
2036.7572,0.028423
2036.9901,0.028432
2037.2231,0.028355
2037.4560,0.028213
2037.6890,0.028039
2037.9220,0.027869
2038.1549,0.027738
2038.3879,0.027669
2038.6208,0.027679
2038.8538,0.027775
2039.0868,0.027954
2039.3197,0.028206
2039.5527,0.028508
2039.7856,0.028832
2040.0186,0.029141
2040.2515,0.029401
2040.4845,0.029586
2040.7175,0.029681
2040.9504,0.029687
2041.1834,0.029623
2041.4163,0.029515
2041.6493,0.029393
2041.8823,0.029285
2042.1152,0.029210
2042.3482,0.029177
2042.5811,0.029188
2042.8141,0.029238
2043.0471,0.029318
2043.2800,0.029413
2043.5130,0.029511
2043.7459,0.029599
2043.9789,0.029671
2044.2118,0.029728
2044.4448,0.029780
2044.6778,0.029838
2044.9107,0.029910
2045.1437,0.030003
2045.3766,0.030116
2045.6096,0.030248
2045.8426,0.030397
2046.0755,0.030571
2046.3085,0.030780
2046.5414,0.031032
2046.7744,0.031325
2047.0073,0.031641
2047.2403,0.031943
2047.4733,0.032188
2047.7062,0.032333
2047.9392,0.032353
2048.1721,0.032251
2048.4051,0.032056
2048.6381,0.031819
2048.8710,0.031595
2049.1040,0.031433
2049.3369,0.031360
2049.5699,0.031381
2049.8029,0.031486
2050.0358,0.031651
2050.2688,0.031850
2050.5017,0.032053
2050.7347,0.032235
2050.9676,0.032373
2051.2006,0.032452
2051.4336,0.032471
2051.6665,0.032440
2051.8995,0.032383
2052.1324,0.032329
2052.3654,0.032302
2052.5984,0.032311
2052.8313,0.032345
2053.0643,0.032375
2053.2972,0.032365
2053.5302,0.032291
2053.7631,0.032148
2053.9961,0.031957
2054.2291,0.031762
2054.4620,0.031608
2054.6950,0.031530
2054.9279,0.031539
2055.1609,0.031621
2055.3939,0.031742
2055.6268,0.031869
2055.8598,0.031973
2056.0927,0.032043
2056.3257,0.032078
2056.5587,0.032085
2056.7916,0.032070
2057.0246,0.032039
2057.2575,0.031994
2057.4905,0.031942
2057.7234,0.031895
2057.9564,0.031866
2058.1894,0.031867
2058.4223,0.031900
2058.6553,0.031953
2058.8882,0.032002
2059.1212,0.032019
2059.3542,0.031987
2059.5871,0.031905
2059.8201,0.031792
2060.0530,0.031682
2060.2860,0.031606
2060.5189,0.031587
2060.7519,0.031625
2060.9849,0.031702
2061.2178,0.031789
2061.4508,0.031857
2061.6837,0.031892
2061.9167,0.031895
2062.1497,0.031881
2062.3826,0.031872
2062.6156,0.031886
2062.8485,0.031930
2063.0815,0.031998
2063.3145,0.032076
2063.5474,0.032145
2063.7804,0.032191
2064.0133,0.032207
2064.2463,0.032196
2064.4792,0.032165
2064.7122,0.032127
2064.9452,0.032090
2065.1781,0.032058
2065.4111,0.032032
2065.6440,0.032007
2065.8770,0.031975
2066.1100,0.031936
2066.3429,0.031891
2066.5759,0.031848
2066.8088,0.031822
2067.0418,0.031823
2067.2747,0.031861
2067.5077,0.031934
2067.7407,0.032033
2067.9736,0.032144
2068.2066,0.032256
2068.4395,0.032361
2068.6725,0.032458
2068.9055,0.032552
2069.1384,0.032646
2069.3714,0.032736
2069.6043,0.032812
2069.8373,0.032858
2070.0703,0.032864
2070.3032,0.032826
2070.5362,0.032760
2070.7691,0.032693
2071.0021,0.032654
2071.2350,0.032670
2071.4680,0.032744
2071.7010,0.032863
2071.9339,0.032995
2072.1669,0.033105
2072.3998,0.033167
2072.6328,0.033174
2072.8658,0.033135
2073.0987,0.033077
2073.3317,0.033027
2073.5646,0.033003
2073.7976,0.033011
2074.0305,0.033046
2074.2635,0.033092
2074.4965,0.033135
2074.7294,0.033165
2074.9624,0.033179
2075.1953,0.033179
2075.4283,0.033172
2075.6613,0.033165
2075.8942,0.033167
2076.1272,0.033187
2076.3601,0.033234
2076.5931,0.033310
2076.8261,0.033415
2077.0590,0.033535
2077.2920,0.033652
2077.5249,0.033744
2077.7579,0.033793
2077.9908,0.033795
2078.2238,0.033760
2078.4568,0.033709
2078.6897,0.033667
2078.9227,0.033655
2079.1556,0.033681
2079.3886,0.033739
2079.6216,0.033813
2079.8545,0.033884
2080.0875,0.033937
2080.3204,0.033963
2080.5534,0.033962
2080.7863,0.033934
2081.0193,0.033885
2081.2523,0.033815
2081.4852,0.033728
2081.7182,0.033633
2081.9511,0.033541
2082.1841,0.033469
2082.4171,0.033430
2082.6500,0.033431
2082.8830,0.033469
2083.1159,0.033528
2083.3489,0.033591
2083.5819,0.033644
2083.8148,0.033680
2084.0478,0.033707
2084.2807,0.033736
2084.5137,0.033783
2084.7466,0.033855
2084.9796,0.033951
2085.2126,0.034060
2085.4455,0.034170
2085.6785,0.034267
2085.9114,0.034343
2086.1444,0.034395
2086.3774,0.034421
2086.6103,0.034421
2086.8433,0.034392
2087.0762,0.034333
2087.3092,0.034250
2087.5421,0.034151
2087.7751,0.034053
2088.0081,0.033973
2088.2410,0.033921
2088.4740,0.033900
2088.7069,0.033901
2088.9399,0.033912
2089.1729,0.033921
2089.4058,0.033922
2089.6388,0.033915
2089.8717,0.033908
2090.1047,0.033903
2090.3377,0.033897
2090.5706,0.033880
2090.8036,0.033838
2091.0365,0.033761
2091.2695,0.033652
2091.5024,0.033524
2091.7354,0.033402
2091.9684,0.033308
2092.2013,0.033254
2092.4343,0.033242
2092.6672,0.033260
2092.9002,0.033292
2093.1332,0.033325
2093.3661,0.033355
2093.5991,0.033391
2093.8320,0.033440
2094.0650,0.033512
2094.2979,0.033603
2094.5309,0.033705
2094.7639,0.033803
2094.9968,0.033884
2095.2298,0.033944
2095.4627,0.033990
2095.6957,0.034031
2095.9287,0.034080
2096.1616,0.034142
2096.3946,0.034217
2096.6275,0.034300
2096.8605,0.034383
2097.0935,0.034463
2097.3264,0.034538
2097.5594,0.034605
2097.7923,0.034658
2098.0253,0.034686
2098.2582,0.034677
2098.4912,0.034624
2098.7242,0.034535
2098.9571,0.034429
2099.1901,0.034338
2099.4230,0.034296
2099.6560,0.034325
2099.8890,0.034430
2100.1219,0.034596
2100.3549,0.034791
2100.5878,0.034984
2100.8208,0.035145
2101.0537,0.035262
2101.2867,0.035331
2101.5197,0.035355
2101.7526,0.035340
2101.9856,0.035283
2102.2185,0.035181
2102.4515,0.035033
2102.6845,0.034847
2102.9174,0.034644
2103.1504,0.034450
2103.3833,0.034297
2103.6163,0.034202
2103.8493,0.034173
2104.0822,0.034198
2104.3152,0.034257
2104.5481,0.034326
2104.7811,0.034389
2105.0140,0.034435
2105.2470,0.034465
2105.4800,0.034485
2105.7129,0.034501
2105.9459,0.034520
2106.1788,0.034543
2106.4118,0.034573
2106.6448,0.034613
2106.8777,0.034664
2107.1107,0.034727
2107.3436,0.034798
2107.5766,0.034868
2107.8095,0.034922
2108.0425,0.034950
2108.2755,0.034946
2108.5084,0.034917
2108.7414,0.034883
2108.9743,0.034866
2109.2073,0.034891
2109.4403,0.034969
2109.6732,0.035094
2109.9062,0.035244
2110.1391,0.035384
2110.3721,0.035480
2110.6051,0.035502
2110.8380,0.035439
2111.0710,0.035301
2111.3039,0.035112
2111.5369,0.034906
2111.7698,0.034718
2112.0028,0.034575
2112.2358,0.034490
2112.4687,0.034465
2112.7017,0.034490
2112.9346,0.034552
2113.1676,0.034640
2113.4006,0.034747
2113.6335,0.034871
2113.8665,0.035007
2114.0994,0.035147
2114.3324,0.035275
2114.5653,0.035371
2114.7983,0.035413
2115.0313,0.035390
2115.2642,0.035300
2115.4972,0.035160
2115.7301,0.034997
2115.9631,0.034845
2116.1961,0.034729
2116.4290,0.034663
2116.6620,0.034648
2116.8949,0.034671
2117.1279,0.034712
2117.3609,0.034757
2117.5938,0.034794
2117.8268,0.034819
2118.0597,0.034828
2118.2927,0.034820
2118.5256,0.034789
2118.7586,0.034733
2118.9916,0.034650
2119.2245,0.034547
2119.4575,0.034441
2119.6904,0.034351
2119.9234,0.034296
2120.1564,0.034285
2120.3893,0.034318
2120.6223,0.034379
2120.8552,0.034449
2121.0882,0.034509
2121.3211,0.034545
2121.5541,0.034553
2121.7871,0.034537
2122.0200,0.034503
2122.2530,0.034458
2122.4859,0.034410
2122.7189,0.034361
2122.9519,0.034315
2123.1848,0.034278
2123.4178,0.034253
2123.6507,0.034243
2123.8837,0.034247
2124.1166,0.034258
2124.3496,0.034270
2124.5826,0.034280
2124.8155,0.034286
2125.0485,0.034293
2125.2814,0.034308
2125.5144,0.034332
2125.7474,0.034359
2125.9803,0.034375
2126.2133,0.034360
2126.4462,0.034301
2126.6792,0.034196
2126.9122,0.034057
2127.1451,0.033909
2127.3781,0.033783
2127.6110,0.033698
2127.8440,0.033662
2128.0769,0.033665
2128.3099,0.033689
2128.5429,0.033710
2128.7758,0.033714
2129.0088,0.033697
2129.2417,0.033662
2129.4747,0.033619
2129.7077,0.033573
2129.9406,0.033523
2130.1736,0.033465
2130.4065,0.033399
2130.6395,0.033326
2130.8724,0.033257
2131.1054,0.033203
2131.3384,0.033173
2131.5713,0.033163
2131.8043,0.033160
2132.0372,0.033140
2132.2702,0.033081
2132.5032,0.032971
2132.7361,0.032808
2132.9691,0.032609
2133.2020,0.032395
2133.4350,0.032188
2133.6680,0.032004
2133.9009,0.031851
2134.1339,0.031733
2134.3668,0.031650
2134.5998,0.031605
2134.8327,0.031597
2135.0657,0.031623
2135.2987,0.031671
2135.5316,0.031720
2135.7646,0.031745
2135.9975,0.031725
2136.2305,0.031650
2136.4635,0.031526
2136.6964,0.031374
2136.9294,0.031223
2137.1623,0.031098
2137.3953,0.031011
2137.6282,0.030962
2137.8612,0.030939
2138.0942,0.030925
2138.3271,0.030901
2138.5601,0.030858
2138.7930,0.030793
2139.0260,0.030704
2139.2590,0.030590
2139.4919,0.030449
2139.7249,0.030279
2139.9578,0.030081
2140.1908,0.029863
2140.4238,0.029644
2140.6567,0.029448
2140.8897,0.029301
2141.1226,0.029224
2141.3556,0.029225
2141.5885,0.029293
2141.8215,0.029403
2142.0545,0.029512
2142.2874,0.029577
2142.5204,0.029559
2142.7533,0.029436
2142.9863,0.029208
2143.2193,0.028901
2143.4522,0.028563
2143.6852,0.028252
2143.9181,0.028024
2144.1511,0.027917
2144.3840,0.027940
2144.6170,0.028074
2144.8500,0.028276
2145.0829,0.028493
2145.3159,0.028678
2145.5488,0.028798
2145.7818,0.028848
2146.0148,0.028842
2146.2477,0.028810
2146.4807,0.028782
2146.7136,0.028776
2146.9466,0.028799
2147.1796,0.028842
2147.4125,0.028888
2147.6455,0.028916
2147.8784,0.028915
2148.1114,0.028882
2148.3443,0.028822
2148.5773,0.028746
2148.8103,0.028667
2149.0432,0.028596
2149.2762,0.028540
2149.5091,0.028505
2149.7421,0.028495
2149.9751,0.028518
2150.2080,0.028582
2150.4410,0.028692
2150.6739,0.028851
2150.9069,0.029048
2151.1398,0.029259
2151.3728,0.029448
2151.6058,0.029573
2151.8387,0.029594
2152.0717,0.029491
2152.3046,0.029267
2152.5376,0.028956
2152.7706,0.028614
2153.0035,0.028307
2153.2365,0.028093
2153.4694,0.028003
2153.7024,0.028034
2153.9354,0.028149
2154.1683,0.028286
2154.4013,0.028384
2154.6342,0.028393
2154.8672,0.028293
2155.1001,0.028096
2155.3331,0.027840
2155.5661,0.027578
2155.7990,0.027356
2156.0320,0.027206
2156.2649,0.027136
2156.4979,0.027130
2156.7309,0.027154
2156.9638,0.027166
2157.1968,0.027134
2157.4297,0.027041
2157.6627,0.026900
2157.8956,0.026743
2158.1286,0.026621
2158.3616,0.026583
2158.5945,0.026664
2158.8275,0.026875
2159.0604,0.027196
2159.2934,0.027594
2159.5264,0.028027
2159.7593,0.028464
2159.9923,0.028885
2160.2252,0.029279
2160.4582,0.029637
2160.6912,0.029940
2160.9241,0.030165
2161.1571,0.030285
2161.3900,0.030287
2161.6230,0.030179
2161.8559,0.029997
2162.0889,0.029801
2162.3219,0.029654
2162.5548,0.029602
2162.7878,0.029657
2163.0207,0.029790
2163.2537,0.029951
2163.4867,0.030086
2163.7196,0.030162
2163.9526,0.030181
2164.1855,0.030181
2164.4185,0.030214
2164.6514,0.030326
2164.8844,0.030533
2165.1174,0.030813
2165.3503,0.031116
2165.5833,0.031378
2165.8162,0.031549
2166.0492,0.031608
2166.2822,0.031571
2166.5151,0.031481
2166.7481,0.031393
2166.9810,0.031356
2167.2140,0.031399
2167.4470,0.031525
2167.6799,0.031717
2167.9129,0.031939
2168.1458,0.032146
2168.3788,0.032293
2168.6117,0.032342
2168.8447,0.032266
2169.0777,0.032062
2169.3106,0.031746
2169.5436,0.031361
2169.7765,0.030966
2170.0095,0.030622
2170.2425,0.030379
2170.4754,0.030264
2170.7084,0.030273
2170.9413,0.030379
2171.1743,0.030543
2171.4072,0.030719
2171.6402,0.030868
2171.8732,0.030962
2172.1061,0.030984
2172.3391,0.030928
2172.5720,0.030798
2172.8050,0.030607
2173.0380,0.030376
2173.2709,0.030136
2173.5039,0.029922
2173.7368,0.029763
2173.9698,0.029678
2174.2028,0.029662
2174.4357,0.029697
2174.6687,0.029747
2174.9016,0.029776
2175.1346,0.029757
2175.3675,0.029678
2175.6005,0.029544
2175.8335,0.029376
2176.0664,0.029204
2176.2994,0.029059
2176.5323,0.028968
2176.7653,0.028951
2176.9983,0.029012
2177.2312,0.029141
2177.4642,0.029314
2177.6971,0.029491
2177.9301,0.029631
2178.1630,0.029699
2178.3960,0.029679
2178.6290,0.029577
2178.8619,0.029423
2179.0949,0.029261
2179.3278,0.029135
2179.5608,0.029076
2179.7938,0.029093
2180.0267,0.029177
2180.2597,0.029310
2180.4926,0.029473
2180.7256,0.029654
2180.9586,0.029848
2181.1915,0.030048
2181.4245,0.030243
2181.6574,0.030407
2181.8904,0.030511
2182.1233,0.030532
2182.3563,0.030462
2182.5893,0.030321
2182.8222,0.030150
2183.0552,0.029997
2183.2881,0.029902
2183.5211,0.029885
2183.7541,0.029936
2183.9870,0.030036
2184.2200,0.030162
2184.4529,0.030310
2184.6859,0.030492
2184.9188,0.030729
2185.1518,0.031037
2185.3848,0.031409
2185.6177,0.031807
2185.8507,0.032171
2186.0836,0.032436
2186.3166,0.032553
2186.5496,0.032513
2186.7825,0.032347
2187.0155,0.032117
2187.2484,0.031893
2187.4814,0.031736
2187.7144,0.031678
2187.9473,0.031724
2188.1803,0.031856
2188.4132,0.032041
2188.6462,0.032247
2188.8791,0.032444
2189.1121,0.032608
2189.3451,0.032724
2189.5780,0.032783
2189.8110,0.032786
2190.0439,0.032751
2190.2769,0.032706
2190.5099,0.032683
2190.7428,0.032709
2190.9758,0.032792
2191.2087,0.032916
2191.4417,0.033040
2191.6746,0.033119
2191.9076,0.033111
2192.1406,0.032999
2192.3735,0.032798
2192.6065,0.032547
2192.8394,0.032301
2193.0724,0.032111
2193.3054,0.032014
2193.5383,0.032024
2193.7713,0.032138
2194.0042,0.032334
2194.2372,0.032581
2194.4702,0.032844
2194.7031,0.033091
2194.9361,0.033291
2195.1690,0.033422
2195.4020,0.033473
2195.6349,0.033449
2195.8679,0.033365
2196.1009,0.033249
2196.3338,0.033123
2196.5668,0.033004
2196.7997,0.032895
2197.0327,0.032789
2197.2657,0.032682
2197.4986,0.032576
2197.7316,0.032487
2197.9645,0.032440
2198.1975,0.032460
2198.4304,0.032555
2198.6634,0.032715
2198.8964,0.032908
2199.1293,0.033090
2199.3623,0.033226
2199.5952,0.033297
2199.8282,0.033309
2200.0612,0.033282
2200.2941,0.033238
2200.5271,0.033188
2200.7600,0.033127
2200.9930,0.033034
2201.2260,0.032894
2201.4589,0.032709
2201.6919,0.032508
2201.9248,0.032344
2202.1578,0.032275
2202.3907,0.032346
2202.6237,0.032566
2202.8567,0.032908
2203.0896,0.033311
2203.3226,0.033699
2203.5555,0.034007
2203.7885,0.034192
2204.0215,0.034247
2204.2544,0.034194
2204.4874,0.034071
2204.7203,0.033921
2204.9533,0.033782
2205.1862,0.033681
2205.4192,0.033635
2205.6522,0.033645
2205.8851,0.033703
2206.1181,0.033789
2206.3510,0.033878
2206.5840,0.033942
2206.8170,0.033964
2207.0499,0.033940
2207.2829,0.033884
2207.5158,0.033828
2207.7488,0.033810
2207.9818,0.033859
2208.2147,0.033990
2208.4477,0.034189
2208.6806,0.034424
2208.9136,0.034652
2209.1465,0.034828
2209.3795,0.034925
2209.6125,0.034932
2209.8454,0.034859
2210.0784,0.034723
2210.3113,0.034551
2210.5443,0.034364
2210.7773,0.034180
2211.0102,0.034014
2211.2432,0.033873
2211.4761,0.033765
2211.7091,0.033694
2211.9420,0.033662
2212.1750,0.033670
2212.4080,0.033712
2212.6409,0.033784
2212.8739,0.033874
2213.1068,0.033973
2213.3398,0.034071
2213.5728,0.034163
2213.8057,0.034245
2214.0387,0.034318
2214.2716,0.034391
2214.5046,0.034471
2214.7376,0.034566
2214.9705,0.034676
2215.2035,0.034795
2215.4364,0.034904
2215.6694,0.034982
2215.9023,0.035011
2216.1353,0.034983
2216.3683,0.034905
2216.6012,0.034803
2216.8342,0.034707
2217.0671,0.034646
2217.3001,0.034633
2217.5331,0.034667
2217.7660,0.034731
2217.9990,0.034801
2218.2319,0.034857
2218.4649,0.034892
2218.6978,0.034909
2218.9308,0.034917
2219.1638,0.034926
2219.3967,0.034934
2219.6297,0.034933
2219.8626,0.034907
2220.0956,0.034845
2220.3286,0.034746
2220.5615,0.034624
2220.7945,0.034504
2221.0274,0.034416
2221.2604,0.034382
2221.4934,0.034411
2221.7263,0.034496
2221.9593,0.034619
2222.1922,0.034754
2222.4252,0.034874
2222.6581,0.034957
2222.8911,0.034990
2223.1241,0.034968
2223.3570,0.034894
2223.5900,0.034783
2223.8229,0.034660
2224.0559,0.034553
2224.2889,0.034492
2224.5218,0.034496
2224.7548,0.034566
2224.9877,0.034683
2225.2207,0.034814
2225.4536,0.034921
2225.6866,0.034974
2225.9196,0.034966
2226.1525,0.034914
2226.3855,0.034857
2226.6184,0.034834
2226.8514,0.034876
2227.0844,0.034990
2227.3173,0.035160
2227.5503,0.035350
2227.7832,0.035521
2228.0162,0.035647
2228.2492,0.035719
2228.4821,0.035747
2228.7151,0.035751
2228.9480,0.035748
2229.1810,0.035746
2229.4139,0.035742
2229.6469,0.035726
2229.8799,0.035691
2230.1128,0.035642
2230.3458,0.035594
2230.5787,0.035572
2230.8117,0.035597
2231.0447,0.035680
2231.2776,0.035811
2231.5106,0.035963
2231.7435,0.036100
2231.9765,0.036189
2232.2094,0.036210
2232.4424,0.036164
2232.6754,0.036069
2232.9083,0.035955
2233.1413,0.035854
2233.3742,0.035791
2233.6072,0.035775
2233.8402,0.035804
2234.0731,0.035860
2234.3061,0.035925
2234.5390,0.035976
2234.7720,0.035999
2235.0050,0.035987
2235.2379,0.035942
2235.4709,0.035875
2235.7038,0.035804
2235.9368,0.035751
2236.1697,0.035732
2236.4027,0.035762
2236.6357,0.035839
2236.8686,0.035954
2237.1016,0.036084
2237.3345,0.036204
2237.5675,0.036290
2237.8005,0.036330
2238.0334,0.036328
2238.2664,0.036300
2238.4993,0.036269
2238.7323,0.036261
2238.9652,0.036289
2239.1982,0.036355
2239.4312,0.036445
2239.6641,0.036540
2239.8971,0.036619
2240.1300,0.036671
2240.3630,0.036694
2240.5960,0.036697
2240.8289,0.036691
2241.0619,0.036686
2241.2948,0.036685
2241.5278,0.036684
2241.7608,0.036676
2241.9937,0.036658
2242.2267,0.036633
2242.4596,0.036614
2242.6926,0.036615
2242.9255,0.036650
2243.1585,0.036724
2243.3915,0.036830
2243.6244,0.036949
2243.8574,0.037059
2244.0903,0.037138
2244.3233,0.037174
2244.5563,0.037164
2244.7892,0.037115
2245.0222,0.037041
2245.2551,0.036955
2245.4881,0.036870
2245.7210,0.036796
2245.9540,0.036737
2246.1870,0.036698
2246.4199,0.036682
2246.6529,0.036689
2246.8858,0.036719
2247.1188,0.036767
2247.3518,0.036828
2247.5847,0.036896
2247.8177,0.036967
2248.0506,0.037037
2248.2836,0.037099
2248.5166,0.037147
2248.7495,0.037171
2248.9825,0.037160
2249.2154,0.037108
2249.4484,0.037021
2249.6813,0.036916
2249.9143,0.036820
2250.1473,0.036766
2250.3802,0.036780
2250.6132,0.036870
2250.8461,0.037024
2251.0791,0.037207
2251.3121,0.037376
2251.5450,0.037486
2251.7780,0.037508
2252.0109,0.037437
2252.2439,0.037288
2252.4768,0.037092
2252.7098,0.036886
2252.9428,0.036704
2253.1757,0.036570
2253.4087,0.036493
2253.6416,0.036475
2253.8746,0.036512
2254.1076,0.036591
2254.3405,0.036700
2254.5735,0.036824
2254.8064,0.036947
2255.0394,0.037056
2255.2724,0.037142
2255.5053,0.037206
2255.7383,0.037258
2255.9712,0.037313
2256.2042,0.037385
2256.4371,0.037484
2256.6701,0.037608
2256.9031,0.037742
2257.1360,0.037866
2257.3690,0.037957
2257.6019,0.037996
2257.8349,0.037977
2258.0679,0.037902
2258.3008,0.037787
2258.5338,0.037650
2258.7667,0.037514
2258.9997,0.037397
2259.2326,0.037314
2259.4656,0.037272
2259.6986,0.037274
2259.9315,0.037312
2260.1645,0.037378
2260.3974,0.037460
2260.6304,0.037551
2260.8634,0.037644
2261.0963,0.037743
2261.3293,0.037849
2261.5622,0.037967
2261.7952,0.038095
2262.0281,0.038224
2262.2611,0.038338
2262.4941,0.038424
2262.7270,0.038469
2262.9600,0.038472
2263.1929,0.038443
2263.4259,0.038399
2263.6589,0.038357
2263.8918,0.038333
2264.1248,0.038330
2264.3577,0.038342
2264.5907,0.038358
2264.8237,0.038370
2265.0566,0.038371
2265.2896,0.038365
2265.5225,0.038360
2265.7555,0.038361
2265.9884,0.038374
2266.2214,0.038395
2266.4544,0.038416
2266.6873,0.038427
2266.9203,0.038423
2267.1532,0.038403
2267.3862,0.038376
2267.6192,0.038351
2267.8521,0.038340
2268.0851,0.038349
2268.3180,0.038379
2268.5510,0.038425
2268.7839,0.038479
2269.0169,0.038529
2269.2499,0.038569
2269.4828,0.038594
2269.7158,0.038603
2269.9487,0.038602
2270.1817,0.038599
2270.4147,0.038607
2270.6476,0.038638
2270.8806,0.038698
2271.1135,0.038791
2271.3465,0.038909
2271.5795,0.039039
2271.8124,0.039163
2272.0454,0.039264
2272.2783,0.039331
2272.5113,0.039360
2272.7442,0.039356
2272.9772,0.039326
2273.2102,0.039281
2273.4431,0.039232
2273.6761,0.039184
2273.9090,0.039147
2274.1420,0.039128
2274.3750,0.039135
2274.6079,0.039175
2274.8409,0.039252
2275.0738,0.039362
2275.3068,0.039493
2275.5397,0.039629
2275.7727,0.039756
2276.0057,0.039861
2276.2386,0.039942
2276.4716,0.040003
2276.7045,0.040050
2276.9375,0.040090
2277.1705,0.040121
2277.4034,0.040139
2277.6364,0.040136
2277.8693,0.040104
2278.1023,0.040047
2278.3353,0.039973
2278.5682,0.039901
2278.8012,0.039847
2279.0341,0.039826
2279.2671,0.039841
2279.5000,0.039888
2279.7330,0.039957
2279.9660,0.040034
2280.1989,0.040109
2280.4319,0.040174
2280.6648,0.040228
2280.8978,0.040270
2281.1308,0.040303
2281.3637,0.040326
2281.5967,0.040342
2281.8296,0.040353
2282.0626,0.040361
2282.2955,0.040368
2282.5285,0.040378
2282.7615,0.040394
2282.9944,0.040416
2283.2274,0.040446
2283.4603,0.040486
2283.6933,0.040539
2283.9263,0.040607
2284.1592,0.040691
2284.3922,0.040785
2284.6251,0.040879
2284.8581,0.040959
2285.0911,0.041014
2285.3240,0.041038
2285.5570,0.041034
2285.7899,0.041014
2286.0229,0.040993
2286.2558,0.040986
2286.4888,0.041000
2286.7218,0.041032
2286.9547,0.041073
2287.1877,0.041108
2287.4206,0.041126
2287.6536,0.041118
2287.8866,0.041087
2288.1195,0.041038
2288.3525,0.040978
2288.5854,0.040912
2288.8184,0.040843
2289.0513,0.040773
2289.2843,0.040706
2289.5173,0.040649
2289.7502,0.040613
2289.9832,0.040610
2290.2161,0.040646
2290.4491,0.040718
2290.6821,0.040816
2290.9150,0.040919
2291.1480,0.041005
2291.3809,0.041056
2291.6139,0.041062
2291.8469,0.041026
2292.0798,0.040959
2292.3128,0.040880
2292.5457,0.040809
2292.7787,0.040761
2293.0116,0.040744
2293.2446,0.040758
2293.4776,0.040793
2293.7105,0.040836
2293.9435,0.040874
2294.1764,0.040894
2294.4094,0.040893
2294.6424,0.040873
2294.8753,0.040843
2295.1083,0.040815
2295.3412,0.040799
2295.5742,0.040799
2295.8071,0.040811
2296.0401,0.040826
2296.2731,0.040830
2296.5060,0.040813
2296.7390,0.040774
2296.9719,0.040716
2297.2049,0.040651
2297.4379,0.040594
2297.6708,0.040553
2297.9038,0.040532
2298.1367,0.040528
2298.3697,0.040535
2298.6027,0.040545
2298.8356,0.040557
2299.0686,0.040570
2299.3015,0.040588
2299.5345,0.040615
2299.7674,0.040651
2300.0004,0.040692
2300.2334,0.040732
2300.4663,0.040765
2300.6993,0.040785
2300.9322,0.040793
2301.1652,0.040792
2301.3982,0.040790
2301.6311,0.040792
2301.8641,0.040803
2302.0970,0.040824
2302.3300,0.040852
2302.5629,0.040880
2302.7959,0.040904
2303.0289,0.040915
2303.2618,0.040910
2303.4948,0.040889
2303.7277,0.040857
2303.9607,0.040824
2304.1937,0.040802
2304.4266,0.040802
2304.6596,0.040830
2304.8925,0.040886
2305.1255,0.040960
2305.3585,0.041041
2305.5914,0.041115
2305.8244,0.041177
2306.0573,0.041227
2306.2903,0.041269
2306.5232,0.041310
2306.7562,0.041353
2306.9892,0.041395
2307.2221,0.041427
2307.4551,0.041441
2307.6880,0.041435
2307.9210,0.041415
2308.1540,0.041395
2308.3869,0.041388
2308.6199,0.041401
2308.8528,0.041428
2309.0858,0.041454
2309.3187,0.041462
2309.5517,0.041443
2309.7847,0.041402
2310.0176,0.041363
2310.2506,0.041352
2310.4835,0.041390
2310.7165,0.041478
2310.9495,0.041595
2311.1824,0.041707
2311.4154,0.041780
2311.6483,0.041798
2311.8813,0.041769
2312.1143,0.041728
2312.3472,0.041713
2312.5802,0.041751
2312.8131,0.041842
2313.0461,0.041955
2313.2790,0.042049
2313.5120,0.042083
2313.7450,0.042043
2313.9779,0.041945
2314.2109,0.041832
2314.4438,0.041750
2314.6768,0.041724
2314.9098,0.041754
2315.1427,0.041815
2315.3757,0.041870
2315.6086,0.041896
2315.8416,0.041894
2316.0745,0.041888
2316.3075,0.041912
2316.5405,0.041989
2316.7734,0.042114
2317.0064,0.042260
2317.2393,0.042384
2317.4723,0.042455
2317.7053,0.042464
2317.9382,0.042436
2318.1712,0.042414
2318.4041,0.042438
2318.6371,0.042524
2318.8701,0.042651
2319.1030,0.042778
2319.3360,0.042857
2319.5689,0.042864
2319.8019,0.042807
2320.0348,0.042724
2320.2678,0.042667
2320.5008,0.042670
2320.7337,0.042733
2320.9667,0.042827
2321.1996,0.042905
2321.4326,0.042932
2321.6656,0.042899
2321.8985,0.042833
2322.1315,0.042781
2322.3644,0.042787
2322.5974,0.042864
2322.8303,0.042992
2323.0633,0.043124
2323.2963,0.043211
2323.5292,0.043222
2323.7622,0.043157
2323.9951,0.043047
2324.2281,0.042929
2324.4611,0.042831
2324.6940,0.042753
2324.9270,0.042673
2325.1599,0.042562
2325.3929,0.042403
2325.6259,0.042206
2325.8588,0.042005
2326.0918,0.041845
2326.3247,0.041758
2326.5577,0.041747
2326.7906,0.041790
2327.0236,0.041845
2327.2566,0.041877
2327.4895,0.041869
2327.7225,0.041828
2327.9554,0.041779
2328.1884,0.041751
2328.4214,0.041756
2328.6543,0.041788
2328.8873,0.041826
2329.1202,0.041848
2329.3532,0.041845
2329.5861,0.041829
2329.8191,0.041821
2330.0521,0.041843
2330.2850,0.041900
2330.5180,0.041976
2330.7509,0.042041
2330.9839,0.042067
2331.2169,0.042041
2331.4498,0.041974
2331.6828,0.041894
2331.9157,0.041833
2332.1487,0.041812
2332.3817,0.041826
2332.6146,0.041855
2332.8476,0.041873
2333.0805,0.041865
2333.3135,0.041834
2333.5464,0.041801
2333.7794,0.041792
2334.0124,0.041819
2334.2453,0.041875
2334.4783,0.041936
2334.7112,0.041970
2334.9442,0.041957
2335.1772,0.041901
2335.4101,0.041826
2335.6431,0.041772
2335.8760,0.041767
2336.1090,0.041823
2336.3419,0.041921
2336.5749,0.042030
2336.8079,0.042114
2337.0408,0.042155
2337.2738,0.042153
2337.5067,0.042130
2337.7397,0.042114
2337.9727,0.042125
2338.2056,0.042169
2338.4386,0.042237
2338.6715,0.042312
2338.9045,0.042382
2339.1375,0.042441
2339.3704,0.042490
2339.6034,0.042535
2339.8363,0.042571
2340.0693,0.042591
2340.3022,0.042581
2340.5352,0.042535
2340.7682,0.042457
2341.0011,0.042367
2341.2341,0.042291
2341.4670,0.042251
2341.7000,0.042256
2341.9330,0.042297
2342.1659,0.042356
2342.3989,0.042410
2342.6318,0.042446
2342.8648,0.042462
2343.0977,0.042467
2343.3307,0.042472
2343.5637,0.042482
2343.7966,0.042490
2344.0296,0.042482
2344.2625,0.042447
2344.4955,0.042380
2344.7285,0.042289
2344.9614,0.042191
2345.1944,0.042102
2345.4273,0.042028
2345.6603,0.041962
2345.8933,0.041888
2346.1262,0.041789
2346.3592,0.041660
2346.5921,0.041507
2346.8251,0.041349
2347.0580,0.041205
2347.2910,0.041086
2347.5240,0.040987
2347.7569,0.040897
2347.9899,0.040799
2348.2228,0.040686
2348.4558,0.040565
2348.6888,0.040454
2348.9217,0.040378
2349.1547,0.040353
2349.3876,0.040386
2349.6206,0.040471
2349.8535,0.040591
2350.0865,0.040729
2350.3195,0.040872
2350.5524,0.041016
2350.7854,0.041159
2351.0183,0.041303
2351.2513,0.041442
2351.4843,0.041564
2351.7172,0.041654
2351.9502,0.041702
2352.1831,0.041705
2352.4161,0.041676
2352.6491,0.041636
2352.8820,0.041609
2353.1150,0.041608
2353.3479,0.041636
2353.5809,0.041684
2353.8138,0.041739
2354.0468,0.041786
2354.2798,0.041821
2354.5127,0.041844
2354.7457,0.041862
2354.9786,0.041879
2355.2116,0.041893
2355.4446,0.041900
2355.6775,0.041895
2355.9105,0.041876
2356.1434,0.041849
2356.3764,0.041824
2356.6093,0.041810
2356.8423,0.041813
2357.0753,0.041834
2357.3082,0.041868
2357.5412,0.041905
2357.7741,0.041938
2358.0071,0.041962
2358.2401,0.041973
2358.4730,0.041968
2358.7060,0.041943
2358.9389,0.041898
2359.1719,0.041834
2359.4049,0.041760
2359.6378,0.041692
2359.8708,0.041647
2360.1037,0.041636
2360.3367,0.041662
2360.5696,0.041715
2360.8026,0.041775
2361.0356,0.041821
2361.2685,0.041841
2361.5015,0.041833
2361.7344,0.041808
2361.9674,0.041782
2362.2004,0.041768
2362.4333,0.041772
2362.6663,0.041790
2362.8992,0.041815
2363.1322,0.041838
2363.3651,0.041860
2363.5981,0.041881
2363.8311,0.041908
2364.0640,0.041941
2364.2970,0.041972
2364.5299,0.041992
2364.7629,0.041991
2364.9959,0.041965
2365.2288,0.041923
2365.4618,0.041878
2365.6947,0.041847
2365.9277,0.041841
2366.1607,0.041857
2366.3936,0.041887
2366.6266,0.041919
2366.8595,0.041947
2367.0925,0.041974
2367.3254,0.042012
2367.5584,0.042077
2367.7914,0.042174
2368.0243,0.042297
2368.2573,0.042425
2368.4902,0.042532
2368.7232,0.042595
2368.9562,0.042606
2369.1891,0.042570
2369.4221,0.042506
2369.6550,0.042434
2369.8880,0.042370
2370.1209,0.042318
2370.3539,0.042277
2370.5869,0.042241
2370.8198,0.042208
2371.0528,0.042181
2371.2857,0.042165
2371.5187,0.042168
2371.7517,0.042190
2371.9846,0.042224
2372.2176,0.042261
2372.4505,0.042290
2372.6835,0.042308
2372.9165,0.042314
2373.1494,0.042316
2373.3824,0.042317
2373.6153,0.042317
2373.8483,0.042311
2374.0812,0.042292
2374.3142,0.042255
2374.5472,0.042206
2374.7801,0.042155
2375.0131,0.042117
2375.2460,0.042104
2375.4790,0.042118
2375.7120,0.042149
2375.9449,0.042181
2376.1779,0.042196
2376.4108,0.042185
2376.6438,0.042147
2376.8767,0.042095
2377.1097,0.042046
2377.3427,0.042015
2377.5756,0.042011
2377.8086,0.042032
2378.0415,0.042070
2378.2745,0.042114
2378.5075,0.042156
2378.7404,0.042190
2378.9734,0.042215
2379.2063,0.042232
2379.4393,0.042242
2379.6723,0.042245
2379.9052,0.042241
2380.1382,0.042230
2380.3711,0.042211
2380.6041,0.042188
2380.8370,0.042164
2381.0700,0.042141
2381.3030,0.042123
2381.5359,0.042111
2381.7689,0.042108
2382.0018,0.042116
2382.2348,0.042135
2382.4678,0.042165
2382.7007,0.042199
2382.9337,0.042228
2383.1666,0.042241
2383.3996,0.042231
2383.6325,0.042196
2383.8655,0.042141
2384.0985,0.042080
2384.3314,0.042026
2384.5644,0.041990
2384.7973,0.041977
2385.0303,0.041984
2385.2633,0.042003
2385.4962,0.042027
2385.7292,0.042053
2385.9621,0.042080
2386.1951,0.042111
2386.4281,0.042146
2386.6610,0.042185
2386.8940,0.042222
2387.1269,0.042248
2387.3599,0.042259
2387.5928,0.042256
2387.8258,0.042245
2388.0588,0.042237
2388.2917,0.042241
2388.5247,0.042260
2388.7576,0.042290
2388.9906,0.042321
2389.2236,0.042344
2389.4565,0.042349
2389.6895,0.042336
2389.9224,0.042309
2390.1554,0.042274
2390.3883,0.042240
2390.6213,0.042211
2390.8543,0.042187
2391.0872,0.042168
2391.3202,0.042155
2391.5531,0.042148
2391.7861,0.042147
2392.0191,0.042153
2392.2520,0.042164
2392.4850,0.042177
2392.7179,0.042187
2392.9509,0.042198
2393.1839,0.042215
2393.4168,0.042249
2393.6498,0.042306
2393.8827,0.042390
2394.1157,0.042491
2394.3486,0.042591
2394.5816,0.042668
2394.8146,0.042702
2395.0475,0.042685
2395.2805,0.042623
2395.5134,0.042536
2395.7464,0.042450
2395.9794,0.042386
2396.2123,0.042358
2396.4453,0.042365
2396.6782,0.042393
2396.9112,0.042426
2397.1441,0.042447
2397.3771,0.042446
2397.6101,0.042421
2397.8430,0.042380
2398.0760,0.042332
2398.3089,0.042289
2398.5419,0.042262
2398.7749,0.042259
2399.0078,0.042281
2399.2408,0.042326
2399.4737,0.042386
2399.7067,0.042452
2399.9396,0.042511
2400.1726,0.042556
2400.4056,0.042583
2400.6385,0.042595
2400.8715,0.042599
2401.1044,0.042600
2401.3374,0.042605
2401.5704,0.042612
2401.8033,0.042616
2402.0363,0.042614
2402.2692,0.042600
2402.5022,0.042579
2402.7352,0.042556
2402.9681,0.042539
2403.2011,0.042534
2403.4340,0.042538
2403.6670,0.042546
2403.8999,0.042548
2404.1329,0.042540
2404.3659,0.042524
2404.5988,0.042508
2404.8318,0.042504
2405.0647,0.042522
2405.2977,0.042562
2405.5307,0.042616
2405.7636,0.042668
2405.9966,0.042705
2406.2295,0.042717
2406.4625,0.042707
2406.6954,0.042688
2406.9284,0.042675
2407.1614,0.042681
2407.3943,0.042710
2407.6273,0.042755
2407.8602,0.042805
2408.0932,0.042846
2408.3262,0.042869
2408.5591,0.042873
2408.7921,0.042860
2409.0250,0.042838
2409.2580,0.042810
2409.4910,0.042780
2409.7239,0.042748
2409.9569,0.042715
2410.1898,0.042685
2410.4228,0.042661
2410.6557,0.042649
2410.8887,0.042652
2411.1217,0.042669
2411.3546,0.042697
2411.5876,0.042730
2411.8205,0.042765
2412.0535,0.042799
2412.2865,0.042833
2412.5194,0.042866
2412.7524,0.042894
2412.9853,0.042913
2413.2183,0.042916
2413.4512,0.042899
2413.6842,0.042864
2413.9172,0.042819
2414.1501,0.042778
2414.3831,0.042755
2414.6160,0.042757
2414.8490,0.042786
2415.0820,0.042837
2415.3149,0.042898
2415.5479,0.042958
2415.7808,0.043008
2416.0138,0.043044
2416.2468,0.043064
2416.4797,0.043070
2416.7127,0.043061
2416.9456,0.043035
2417.1786,0.042993
2417.4115,0.042936
2417.6445,0.042873
2417.8775,0.042811
2418.1104,0.042759
2418.3434,0.042725
2418.5763,0.042709
2418.8093,0.042709
2419.0423,0.042721
2419.2752,0.042739
2419.5082,0.042762
2419.7411,0.042793
2419.9741,0.042835
2420.2070,0.042892
2420.4400,0.042963
2420.6730,0.043048
2420.9059,0.043140
2421.1389,0.043235
2421.3718,0.043323
2421.6048,0.043399
2421.8378,0.043452
2422.0707,0.043477
2422.3037,0.043467
2422.5366,0.043422
2422.7696,0.043346
2423.0026,0.043255
2423.2355,0.043165
2423.4685,0.043095
2423.7014,0.043057
2423.9344,0.043053
2424.1673,0.043075
2424.4003,0.043108
2424.6333,0.043138
2424.8662,0.043155
2425.0992,0.043159
2425.3321,0.043155
2425.5651,0.043153
2425.7981,0.043160
2426.0310,0.043179
2426.2640,0.043206
2426.4969,0.043234
2426.7299,0.043259
2426.9628,0.043277
2427.1958,0.043292
2427.4288,0.043309
2427.6617,0.043332
2427.8947,0.043365
2428.1276,0.043406
2428.3606,0.043455
2428.5936,0.043509
2428.8265,0.043567
2429.0595,0.043628
2429.2924,0.043687
2429.5254,0.043739
2429.7584,0.043774
2429.9913,0.043783
2430.2243,0.043762
2430.4572,0.043713
2430.6902,0.043647
2430.9231,0.043580
2431.1561,0.043528
2431.3891,0.043502
2431.6220,0.043505
2431.8550,0.043532
2432.0879,0.043575
2432.3209,0.043623
2432.5539,0.043670
2432.7868,0.043710
2433.0198,0.043742
2433.2527,0.043765
2433.4857,0.043777
2433.7186,0.043777
2433.9516,0.043767
2434.1846,0.043751
2434.4175,0.043736
2434.6505,0.043730
2434.8834,0.043739
2435.1164,0.043764
2435.3494,0.043799
2435.5823,0.043838
2435.8153,0.043872
2436.0482,0.043899
2436.2812,0.043921
2436.5142,0.043941
2436.7471,0.043962
2436.9801,0.043984
2437.2130,0.044004
2437.4460,0.044016
2437.6789,0.044015
2437.9119,0.044003
2438.1449,0.043988
2438.3778,0.043979
2438.6108,0.043985
2438.8437,0.044007
2439.0767,0.044038
2439.3097,0.044065
2439.5426,0.044073
2439.7756,0.044051
2440.0085,0.043998
2440.2415,0.043923
2440.4744,0.043838
2440.7074,0.043758
2440.9404,0.043694
2441.1733,0.043654
2441.4063,0.043641
2441.6392,0.043655
2441.8722,0.043693
2442.1052,0.043752
2442.3381,0.043824
2442.5711,0.043897
2442.8040,0.043955
2443.0370,0.043985
2443.2700,0.043978
2443.5029,0.043934
2443.7359,0.043865
2443.9688,0.043788
2444.2018,0.043723
2444.4347,0.043685
2444.6677,0.043678
2444.9007,0.043698
2445.1336,0.043735
2445.3666,0.043780
2445.5995,0.043826
2445.8325,0.043871
2446.0655,0.043916
2446.2984,0.043963
2446.5314,0.044011
2446.7643,0.044055
2446.9973,0.044087
2447.2302,0.044099
2447.4632,0.044087
2447.6962,0.044050
2447.9291,0.043992
2448.1621,0.043916
2448.3950,0.043831
2448.6280,0.043744
2448.8610,0.043663
2449.0939,0.043598
2449.3269,0.043557
2449.5598,0.043546
2449.7928,0.043563
2450.0258,0.043603
2450.2587,0.043653
2450.4917,0.043701
2450.7246,0.043738
2450.9576,0.043759
2451.1905,0.043769
2451.4235,0.043777
2451.6565,0.043791
2451.8894,0.043815
2452.1224,0.043846
2452.3553,0.043876
2452.5883,0.043899
2452.8213,0.043909
2453.0542,0.043907
2453.2872,0.043898
2453.5201,0.043888
2453.7531,0.043879
2453.9860,0.043872
2454.2190,0.043863
2454.4520,0.043848
2454.6849,0.043828
2454.9179,0.043810
2455.1508,0.043803
2455.3838,0.043818
2455.6168,0.043856
2455.8497,0.043917
2456.0827,0.043988
2456.3156,0.044055
2456.5486,0.044105
2456.7816,0.044131
2457.0145,0.044132
2457.2475,0.044114
2457.4804,0.044084
2457.7134,0.044052
2457.9463,0.044025
2458.1793,0.044013
2458.4123,0.044020
2458.6452,0.044054
2458.8782,0.044114
2459.1111,0.044198
2459.3441,0.044295
2459.5771,0.044390
2459.8100,0.044468
2460.0430,0.044516
2460.2759,0.044533
2460.5089,0.044525
2460.7418,0.044505
2460.9748,0.044487
2461.2078,0.044477
2461.4407,0.044474
2461.6737,0.044469
2461.9066,0.044453
2462.1396,0.044422
2462.3726,0.044382
2462.6055,0.044347
2462.8385,0.044335
2463.0714,0.044359
2463.3044,0.044424
2463.5374,0.044520
2463.7703,0.044629
2464.0033,0.044729
2464.2362,0.044801
2464.4692,0.044833
2464.7021,0.044827
2464.9351,0.044790
2465.1681,0.044733
2465.4010,0.044669
2465.6340,0.044608
2465.8669,0.044554
2466.0999,0.044509
2466.3329,0.044472
2466.5658,0.044440
2466.7988,0.044408
2467.0317,0.044371
2467.2647,0.044329
2467.4976,0.044284
2467.7306,0.044243
2467.9636,0.044215
2468.1965,0.044208
2468.4295,0.044222
2468.6624,0.044252
2468.8954,0.044285
2469.1284,0.044305
2469.3613,0.044300
2469.5943,0.044267
2469.8272,0.044214
2470.0602,0.044153
2470.2932,0.044101
2470.5261,0.044070
2470.7591,0.044061
2470.9920,0.044070
2471.2250,0.044088
2471.4579,0.044106
2471.6909,0.044120
2471.9239,0.044134
2472.1568,0.044153
2472.3898,0.044181
2472.6227,0.044217
2472.8557,0.044255
2473.0887,0.044286
2473.3216,0.044301
2473.5546,0.044298
2473.7875,0.044281
2474.0205,0.044260
2474.2534,0.044246
2474.4864,0.044245
2474.7194,0.044259
2474.9523,0.044284
2475.1853,0.044314
2475.4182,0.044344
2475.6512,0.044371
2475.8842,0.044394
2476.1171,0.044414
2476.3501,0.044430
2476.5830,0.044441
2476.8160,0.044441
2477.0490,0.044428
2477.2819,0.044402
2477.5149,0.044369
2477.7478,0.044337
2477.9808,0.044313
2478.2137,0.044306
2478.4467,0.044316
2478.6797,0.044343
2478.9126,0.044382
2479.1456,0.044429
2479.3785,0.044480
2479.6115,0.044530
2479.8445,0.044577
2480.0774,0.044615
2480.3104,0.044640
2480.5433,0.044647
2480.7763,0.044633
2481.0092,0.044600
2481.2422,0.044556
2481.4752,0.044511
2481.7081,0.044476
2481.9411,0.044460
2482.1740,0.044467
2482.4070,0.044496
2482.6400,0.044542
2482.8729,0.044598
2483.1059,0.044657
2483.3388,0.044712
2483.5718,0.044761
2483.8048,0.044800
2484.0377,0.044831
2484.2707,0.044852
2484.5036,0.044865
2484.7366,0.044870
2484.9695,0.044869
2485.2025,0.044862
2485.4355,0.044851
2485.6684,0.044838
2485.9014,0.044823
2486.1343,0.044811
2486.3673,0.044804
2486.6003,0.044808
2486.8332,0.044825
2487.0662,0.044857
2487.2991,0.044902
2487.5321,0.044958
2487.7650,0.045020
2487.9980,0.045083
2488.2310,0.045143
2488.4639,0.045198
2488.6969,0.045244
2488.9298,0.045279
2489.1628,0.045302
2489.3958,0.045311
2489.6287,0.045306
2489.8617,0.045292
2490.0946,0.045273
2490.3276,0.045256
2490.5606,0.045245
2490.7935,0.045239
2491.0265,0.045236
2491.2594,0.045228
2491.4924,0.045212
2491.7253,0.045186
2491.9583,0.045156
2492.1913,0.045131
2492.4242,0.045121
2492.6572,0.045130
2492.8901,0.045158
2493.1231,0.045199
2493.3561,0.045241
2493.5890,0.045275
2493.8220,0.045297
2494.0549,0.045306
2494.2879,0.045309
2494.5208,0.045314
2494.7538,0.045325
2494.9868,0.045343
2495.2197,0.045366
2495.4527,0.045388
2495.6856,0.045404
2495.9186,0.045410
2496.1516,0.045405
2496.3845,0.045392
2496.6175,0.045375
2496.8504,0.045359
2497.0834,0.045352
2497.3164,0.045360
2497.5493,0.045388
2497.7823,0.045438
2498.0152,0.045507
2498.2482,0.045583
2498.4811,0.045651
2498.7141,0.045696
2498.9471,0.045705
2499.1800,0.045679
2499.4130,0.045627
2499.6459,0.045569
2499.8789,0.045524
2500.1119,0.045507
2500.3448,0.045522
2500.5778,0.045563
2500.8107,0.045615
2501.0437,0.045662
2501.2766,0.045696
2501.5096,0.045712
2501.7426,0.045717
2501.9755,0.045717
2502.2085,0.045719
2502.4414,0.045726
2502.6744,0.045738
2502.9074,0.045754
2503.1403,0.045776
2503.3733,0.045806
2503.6062,0.045851
2503.8392,0.045912
2504.0722,0.045988
2504.3051,0.046066
2504.5381,0.046132
2504.7710,0.046171
2505.0040,0.046173
2505.2369,0.046137
2505.4699,0.046073
2505.7029,0.045996
2505.9358,0.045920
2506.1688,0.045860
2506.4017,0.045823
2506.6347,0.045812
2506.8677,0.045827
2507.1006,0.045866
2507.3336,0.045928
2507.5665,0.046008
2507.7995,0.046097
2508.0324,0.046186
2508.2654,0.046262
2508.4984,0.046316
2508.7313,0.046341
2508.9643,0.046338
2509.1972,0.046315
2509.4302,0.046282
2509.6632,0.046248
2509.8961,0.046219
2510.1291,0.046195
2510.3620,0.046174
2510.5950,0.046152
2510.8280,0.046127
2511.0609,0.046096
2511.2939,0.046062
2511.5268,0.046028
2511.7598,0.045997
2511.9927,0.045974
2512.2257,0.045961
2512.4587,0.045961
2512.6916,0.045975
2512.9246,0.046003
2513.1575,0.046038
2513.3905,0.046074
2513.6235,0.046105
2513.8564,0.046124
2514.0894,0.046132
2514.3223,0.046131
2514.5553,0.046131
2514.7882,0.046140
2515.0212,0.046161
2515.2542,0.046195
2515.4871,0.046236
2515.7201,0.046276
2515.9530,0.046310
2516.1860,0.046337
2516.4190,0.046362
2516.6519,0.046392
2516.8849,0.046434
2517.1178,0.046490
2517.3508,0.046557
2517.5838,0.046625
2517.8167,0.046687
2518.0497,0.046735
2518.2826,0.046767
2518.5156,0.046785
2518.7485,0.046795
2518.9815,0.046801
2519.2145,0.046807
2519.4474,0.046817
2519.6804,0.046830
2519.9133,0.046847
2520.1463,0.046866
2520.3793,0.046884
2520.6122,0.046896
2520.8452,0.046898
2521.0781,0.046885
2521.3111,0.046856
2521.5440,0.046818
2521.7770,0.046780
2522.0100,0.046755
2522.2429,0.046753
2522.4759,0.046776
2522.7088,0.046816
2522.9418,0.046861
2523.1748,0.046895
2523.4077,0.046910
2523.6407,0.046903
2523.8736,0.046883
2524.1066,0.046862
2524.3396,0.046849
2524.5725,0.046851
2524.8055,0.046864
2525.0384,0.046881
2525.2714,0.046894
2525.5043,0.046899
2525.7373,0.046898
2525.9703,0.046898
2526.2032,0.046903
2526.4362,0.046917
2526.6691,0.046938
2526.9021,0.046957
2527.1351,0.046967
2527.3680,0.046964
2527.6010,0.046946
2527.8339,0.046916
2528.0669,0.046879
2528.2998,0.046839
2528.5328,0.046795
2528.7658,0.046750
2528.9987,0.046704
2529.2317,0.046663
2529.4646,0.046636
2529.6976,0.046630
2529.9306,0.046650
2530.1635,0.046695
2530.3965,0.046755
2530.6294,0.046822
2530.8624,0.046885
2531.0954,0.046940
2531.3283,0.046989
2531.5613,0.047038
2531.7942,0.047092
2532.0272,0.047150
2532.2601,0.047210
2532.4931,0.047265
2532.7261,0.047309
2532.9590,0.047342
2533.1920,0.047368
2533.4249,0.047394
2533.6579,0.047428
2533.8909,0.047469
2534.1238,0.047511
2534.3568,0.047544
2534.5897,0.047558
2534.8227,0.047549
2535.0556,0.047522
2535.2886,0.047489
2535.5216,0.047462
2535.7545,0.047451
2535.9875,0.047458
2536.2204,0.047481
2536.4534,0.047511
2536.6864,0.047541
2536.9193,0.047567
2537.1523,0.047589
2537.3852,0.047610
2537.6182,0.047630
2537.8511,0.047650
2538.0841,0.047665
2538.3171,0.047673
2538.5500,0.047674
2538.7830,0.047672
2539.0159,0.047675
2539.2489,0.047692
2539.4819,0.047726
2539.7148,0.047777
2539.9478,0.047836
2540.1807,0.047894
2540.4137,0.047944
2540.6467,0.047981
2540.8796,0.048007
2541.1126,0.048028
2541.3455,0.048046
2541.5785,0.048064
2541.8114,0.048082
2542.0444,0.048097
2542.2774,0.048108
2542.5103,0.048116
2542.7433,0.048125
2542.9762,0.048139
2543.2092,0.048162
2543.4422,0.048194
2543.6751,0.048230
2543.9081,0.048265
2544.1410,0.048295
2544.3740,0.048317
2544.6069,0.048331
2544.8399,0.048338
2545.0729,0.048340
2545.3058,0.048338
2545.5388,0.048334
2545.7717,0.048328
2546.0047,0.048323
2546.2377,0.048322
2546.4706,0.048332
2546.7036,0.048355
2546.9365,0.048394
2547.1695,0.048445
2547.4025,0.048503
2547.6354,0.048559
2547.8684,0.048604
2548.1013,0.048630
2548.3343,0.048631
2548.5672,0.048604
2548.8002,0.048549
2549.0332,0.048470
2549.2661,0.048379
2549.4991,0.048291
2549.7320,0.048222
2549.9650,0.048188
2550.1980,0.048196
2550.4309,0.048243
2550.6639,0.048317
2550.8968,0.048402
2551.1298,0.048483
2551.3627,0.048550
2551.5957,0.048602
2551.8287,0.048646
2552.0616,0.048689
2552.2946,0.048738
2552.5275,0.048789
2552.7605,0.048836
2552.9935,0.048870
2553.2264,0.048883
2553.4594,0.048875
2553.6923,0.048855
2553.9253,0.048832
2554.1583,0.048815
2554.3912,0.048806
2554.6242,0.048801
2554.8571,0.048793
2555.0901,0.048776
2555.3230,0.048749
2555.5560,0.048716
2555.7890,0.048685
2556.0219,0.048667
2556.2549,0.048664
2556.4878,0.048677
2556.7208,0.048699
2556.9538,0.048725
2557.1867,0.048751
2557.4197,0.048774
2557.6526,0.048793
2557.8856,0.048809
2558.1185,0.048818
2558.3515,0.048818
2558.5845,0.048808
2558.8174,0.048793
2559.0504,0.048781
2559.2833,0.048782
2559.5163,0.048805
2559.7493,0.048849
2559.9822,0.048904
2560.2152,0.048954
2560.4481,0.048980
2560.6811,0.048970
2560.9141,0.048927
2561.1470,0.048861
2561.3800,0.048794
2561.6129,0.048744
2561.8459,0.048723
2562.0788,0.048732
2562.3118,0.048763
2562.5448,0.048806
2562.7777,0.048852
2563.0107,0.048899
2563.2436,0.048947
2563.4766,0.048995
2563.7096,0.049038
2563.9425,0.049067
2564.1755,0.049071
2564.4084,0.049042
2564.6414,0.048982
2564.8743,0.048903
2565.1073,0.048823
2565.3403,0.048760
2565.5732,0.048725
2565.8062,0.048716
2566.0391,0.048723
2566.2721,0.048734
2566.5051,0.048736
2566.7380,0.048724
2566.9710,0.048700
2567.2039,0.048672
2567.4369,0.048642
2567.6699,0.048611
2567.9028,0.048575
2568.1358,0.048530
2568.3687,0.048473
2568.6017,0.048411
2568.8346,0.048351
2569.0676,0.048305
2569.3006,0.048280
2569.5335,0.048277
2569.7665,0.048290
2569.9994,0.048310
2570.2324,0.048329
2570.4654,0.048346
2570.6983,0.048365
2570.9313,0.048392
2571.1642,0.048431
2571.3972,0.048483
2571.6301,0.048540
2571.8631,0.048592
2572.0961,0.048629
2572.3290,0.048644
2572.5620,0.048636
2572.7949,0.048609
2573.0279,0.048569
2573.2609,0.048521
2573.4938,0.048468
2573.7268,0.048414
2573.9597,0.048359
2574.1927,0.048306
2574.4257,0.048260
2574.6586,0.048227
2574.8916,0.048211
2575.1245,0.048216
2575.3575,0.048245
2575.5904,0.048296
2575.8234,0.048369
2576.0564,0.048460
2576.2893,0.048562
2576.5223,0.048668
2576.7552,0.048766
2576.9882,0.048843
2577.2212,0.048890
2577.4541,0.048902
2577.6871,0.048881
2577.9200,0.048835
2578.1530,0.048774
2578.3859,0.048712
2578.6189,0.048656
2578.8519,0.048613
2579.0848,0.048585
2579.3178,0.048576
2579.5507,0.048589
2579.7837,0.048625
2580.0167,0.048684
2580.2496,0.048762
2580.4826,0.048848
2580.7155,0.048931
2580.9485,0.048995
2581.1815,0.049035
2581.4144,0.049049
2581.6474,0.049045
2581.8803,0.049033
2582.1133,0.049021
2582.3462,0.049014
2582.5792,0.049009
2582.8122,0.048999
2583.0451,0.048978
2583.2781,0.048944
2583.5110,0.048900
2583.7440,0.048852
2583.9770,0.048808
2584.2099,0.048772
2584.4429,0.048747
2584.6758,0.048733
2584.9088,0.048729
2585.1417,0.048740
2585.3747,0.048770
2585.6077,0.048823
2585.8406,0.048898
2586.0736,0.048991
2586.3065,0.049089
2586.5395,0.049180
2586.7725,0.049256
2587.0054,0.049314
2587.2384,0.049360
2587.4713,0.049400
2587.7043,0.049439
2587.9373,0.049476
2588.1702,0.049501
2588.4032,0.049504
2588.6361,0.049478
2588.8691,0.049426
2589.1020,0.049363
2589.3350,0.049309
2589.5680,0.049287
2589.8009,0.049307
2590.0339,0.049367
2590.2668,0.049454
2590.4998,0.049546
2590.7328,0.049625
2590.9657,0.049681
2591.1987,0.049712
2591.4316,0.049728
2591.6646,0.049738
2591.8975,0.049748
2592.1305,0.049759
2592.3635,0.049767
2592.5964,0.049767
2592.8294,0.049757
2593.0623,0.049741
2593.2953,0.049727
2593.5283,0.049722
2593.7612,0.049732
2593.9942,0.049757
2594.2271,0.049794
2594.4601,0.049837
2594.6931,0.049879
2594.9260,0.049920
2595.1590,0.049961
2595.3919,0.050005
2595.6249,0.050053
2595.8578,0.050106
2596.0908,0.050162
2596.3238,0.050216
2596.5567,0.050262
2596.7897,0.050297
2597.0226,0.050319
2597.2556,0.050326
2597.4886,0.050320
2597.7215,0.050306
2597.9545,0.050289
2598.1874,0.050278
2598.4204,0.050281
2598.6533,0.050301
2598.8863,0.050340
2599.1193,0.050391
2599.3522,0.050445
2599.5852,0.050494
2599.8181,0.050531
2600.0511,0.050559
2600.2841,0.050581
2600.5170,0.050607
2600.7500,0.050640
2600.9829,0.050683
2601.2159,0.050730
2601.4489,0.050776
2601.6818,0.050817
2601.9148,0.050851
2602.1477,0.050886
2602.3807,0.050928
2602.6136,0.050983
2602.8466,0.051052
2603.0796,0.051126
2603.3125,0.051193
2603.5455,0.051242
2603.7784,0.051265
2604.0114,0.051263
2604.2444,0.051242
2604.4773,0.051215
2604.7103,0.051191
2604.9432,0.051178
2605.1762,0.051178
2605.4091,0.051189
2605.6421,0.051209
2605.8751,0.051238
2606.1080,0.051275
2606.3410,0.051318
2606.5739,0.051364
2606.8069,0.051405
2607.0399,0.051434
2607.2728,0.051447
2607.5058,0.051444
2607.7387,0.051431
2607.9717,0.051417
2608.2047,0.051412
2608.4376,0.051419
2608.6706,0.051436
2608.9035,0.051454
2609.1365,0.051462
2609.3694,0.051454
2609.6024,0.051429
2609.8354,0.051395
2610.0683,0.051359
2610.3013,0.051333
2610.5342,0.051319
2610.7672,0.051319
2611.0002,0.051328
2611.2331,0.051344
2611.4661,0.051364
2611.6990,0.051389
2611.9320,0.051422
2612.1649,0.051465
2612.3979,0.051515
2612.6309,0.051567
2612.8638,0.051617
2613.0968,0.051657
2613.3297,0.051685
2613.5627,0.051704
2613.7957,0.051715
2614.0286,0.051723
2614.2616,0.051731
2614.4945,0.051737
2614.7275,0.051743
2614.9605,0.051747
2615.1934,0.051751
2615.4264,0.051759
2615.6593,0.051771
2615.8923,0.051788
2616.1252,0.051806
2616.3582,0.051820
2616.5912,0.051825
2616.8241,0.051818
2617.0571,0.051802
2617.2900,0.051784
2617.5230,0.051773
2617.7560,0.051777
2617.9889,0.051801
2618.2219,0.051842
2618.4548,0.051897
2618.6878,0.051956
2618.9207,0.052012
2619.1537,0.052058
2619.3867,0.052091
2619.6196,0.052110
2619.8526,0.052116
2620.0855,0.052110
2620.3185,0.052098
2620.5515,0.052083
2620.7844,0.052073
2621.0174,0.052072
2621.2503,0.052084
2621.4833,0.052109
2621.7163,0.052143
2621.9492,0.052181
2622.1822,0.052220
2622.4151,0.052254
2622.6481,0.052282
2622.8810,0.052305
2623.1140,0.052323
2623.3470,0.052337
2623.5799,0.052345
2623.8129,0.052349
2624.0458,0.052349
2624.2788,0.052347
2624.5118,0.052350
2624.7447,0.052359
2624.9777,0.052378
2625.2106,0.052404
2625.4436,0.052435
2625.6765,0.052466
2625.9095,0.052497
2626.1425,0.052528
2626.3754,0.052564
2626.6084,0.052610
2626.8413,0.052665
2627.0743,0.052726
2627.3073,0.052783
2627.5402,0.052824
2627.7732,0.052841
2628.0061,0.052830
2628.2391,0.052798
2628.4721,0.052755
2628.7050,0.052716
2628.9380,0.052690
2629.1709,0.052685
2629.4039,0.052699
2629.6368,0.052728
2629.8698,0.052767
2630.1028,0.052811
2630.3357,0.052858
2630.5687,0.052906
2630.8016,0.052954
2631.0346,0.052995
2631.2676,0.053024
2631.5005,0.053032
2631.7335,0.053017
2631.9664,0.052978
2632.1994,0.052921
2632.4323,0.052857
2632.6653,0.052795
2632.8983,0.052744
2633.1312,0.052711
2633.3642,0.052697
2633.5971,0.052699
2633.8301,0.052715
2634.0631,0.052736
2634.2960,0.052757
2634.5290,0.052772
2634.7619,0.052777
2634.9949,0.052770
2635.2279,0.052754
2635.4608,0.052732
2635.6938,0.052713
2635.9267,0.052704
2636.1597,0.052708
2636.3926,0.052725
2636.6256,0.052751
2636.8586,0.052777
2637.0915,0.052797
2637.3245,0.052805
2637.5574,0.052801
2637.7904,0.052787
2638.0234,0.052766
2638.2563,0.052744
2638.4893,0.052723
2638.7222,0.052707
2638.9552,0.052696
2639.1881,0.052692
2639.4211,0.052697
2639.6541,0.052710
2639.8870,0.052732
2640.1200,0.052761
2640.3529,0.052794
2640.5859,0.052825
2640.8189,0.052852
2641.0518,0.052872
2641.2848,0.052885
2641.5177,0.052891
2641.7507,0.052892
2641.9837,0.052886
2642.2166,0.052876
2642.4496,0.052860
2642.6825,0.052843
2642.9155,0.052828
2643.1484,0.052819
2643.3814,0.052819
2643.6144,0.052827
2643.8473,0.052837
2644.0803,0.052840
2644.3132,0.052829
2644.5462,0.052798
2644.7792,0.052750
2645.0121,0.052691
2645.2451,0.052633
2645.4780,0.052587
2645.7110,0.052560
2645.9439,0.052552
2646.1769,0.052558
2646.4099,0.052570
2646.6428,0.052579
2646.8758,0.052578
2647.1087,0.052566
2647.3417,0.052545
2647.5747,0.052518
2647.8076,0.052490
2648.0406,0.052466
2648.2735,0.052447
2648.5065,0.052433
2648.7395,0.052422
2648.9724,0.052411
2649.2054,0.052397
2649.4383,0.052377
2649.6713,0.052352
2649.9042,0.052324
2650.1372,0.052295
2650.3702,0.052272
2650.6031,0.052256
2650.8361,0.052249
2651.0690,0.052249
2651.3020,0.052252
2651.5350,0.052253
2651.7679,0.052249
2652.0009,0.052243
2652.2338,0.052237
2652.4668,0.052235
2652.6997,0.052239
2652.9327,0.052249
2653.1657,0.052259
2653.3986,0.052262
2653.6316,0.052256
2653.8645,0.052240
2654.0975,0.052220
2654.3305,0.052203
2654.5634,0.052198
2654.7964,0.052208
2655.0293,0.052228
2655.2623,0.052252
2655.4953,0.052268
2655.7282,0.052269
2655.9612,0.052252
2656.1941,0.052220
2656.4271,0.052179
2656.6600,0.052137
2656.8930,0.052097
2657.1260,0.052062
2657.3589,0.052029
2657.5919,0.051997
2657.8248,0.051966
2658.0578,0.051938
2658.2908,0.051915
2658.5237,0.051899
2658.7567,0.051888
2658.9896,0.051880
2659.2226,0.051869
2659.4555,0.051854
2659.6885,0.051834
2659.9215,0.051816
2660.1544,0.051804
2660.3874,0.051805
2660.6203,0.051819
2660.8533,0.051843
2661.0863,0.051869
2661.3192,0.051890
2661.5522,0.051900
2661.7851,0.051896
2662.0181,0.051881
2662.2511,0.051860
2662.4840,0.051835
2662.7170,0.051810
2662.9499,0.051786
2663.1829,0.051761
2663.4158,0.051735
2663.6488,0.051707
2663.8818,0.051679
2664.1147,0.051653
2664.3477,0.051629
2664.5806,0.051610
2664.8136,0.051597
2665.0466,0.051590
2665.2795,0.051591
2665.5125,0.051601
2665.7454,0.051617
2665.9784,0.051636
2666.2113,0.051654
2666.4443,0.051666
2666.6773,0.051668
2666.9102,0.051661
2667.1432,0.051648
2667.3761,0.051637
2667.6091,0.051634
2667.8421,0.051640
2668.0750,0.051655
2668.3080,0.051674
2668.5409,0.051689
2668.7739,0.051696
2669.0069,0.051693
2669.2398,0.051683
2669.4728,0.051670
2669.7057,0.051660
2669.9387,0.051653
2670.1716,0.051652
2670.4046,0.051655
2670.6376,0.051662
2670.8705,0.051674
2671.1035,0.051693
2671.3364,0.051720
2671.5694,0.051753
2671.8024,0.051788
2672.0353,0.051817
2672.2683,0.051834
2672.5012,0.051833
2672.7342,0.051818
2672.9671,0.051794
2673.2001,0.051771
2673.4331,0.051756
2673.6660,0.051750
2673.8990,0.051752
2674.1319,0.051756
2674.3649,0.051757
2674.5979,0.051751
2674.8308,0.051743
2675.0638,0.051737
2675.2967,0.051739
2675.5297,0.051751
2675.7626,0.051772
2675.9956,0.051798
2676.2286,0.051820
2676.4615,0.051836
2676.6945,0.051846
2676.9274,0.051854
2677.1604,0.051863
2677.3934,0.051876
2677.6263,0.051893
2677.8593,0.051910
2678.0922,0.051921
2678.3252,0.051922
2678.5582,0.051914
2678.7911,0.051901
2679.0241,0.051888
2679.2570,0.051881
2679.4900,0.051883
2679.7229,0.051894
2679.9559,0.051911
2680.1889,0.051930
2680.4218,0.051948
2680.6548,0.051967
2680.8877,0.051987
2681.1207,0.052011
2681.3537,0.052040
2681.5866,0.052072
2681.8196,0.052103
2682.0525,0.052127
2682.2855,0.052141
2682.5184,0.052140
2682.7514,0.052126
2682.9844,0.052100
2683.2173,0.052067
2683.4503,0.052034
2683.6832,0.052007
2683.9162,0.051992
2684.1492,0.051992
2684.3821,0.052006
2684.6151,0.052032
2684.8480,0.052062
2685.0810,0.052091
2685.3140,0.052113
2685.5469,0.052126
2685.7799,0.052131
2686.0128,0.052132
2686.2458,0.052131
2686.4787,0.052131
2686.7117,0.052132
2686.9447,0.052131
2687.1776,0.052128
2687.4106,0.052123
2687.6435,0.052117
2687.8765,0.052117
2688.1095,0.052124
2688.3424,0.052139
2688.5754,0.052159
2688.8083,0.052178
2689.0413,0.052193
2689.2742,0.052200
2689.5072,0.052204
2689.7402,0.052211
2689.9731,0.052227
2690.2061,0.052257
2690.4390,0.052298
2690.6720,0.052342
2690.9050,0.052379
2691.1379,0.052400
2691.3709,0.052400
2691.6038,0.052380
2691.8368,0.052346
2692.0698,0.052309
2692.3027,0.052278
2692.5357,0.052258
2692.7686,0.052254
2693.0016,0.052266
2693.2345,0.052293
2693.4675,0.052332
2693.7005,0.052380
2693.9334,0.052429
2694.1664,0.052471
2694.3993,0.052499
2694.6323,0.052507
2694.8653,0.052494
2695.0982,0.052466
2695.3312,0.052432
2695.5641,0.052403
2695.7971,0.052386
2696.0300,0.052384
2696.2630,0.052393
2696.4960,0.052408
2696.7289,0.052423
2696.9619,0.052437
2697.1948,0.052452
2697.4278,0.052473
2697.6608,0.052505
2697.8937,0.052548
2698.1267,0.052597
2698.3596,0.052647
2698.5926,0.052688
2698.8256,0.052715
2699.0585,0.052729
2699.2915,0.052731
2699.5244,0.052726
2699.7574,0.052719
2699.9903,0.052712
2700.2233,0.052705
2700.4563,0.052700
2700.6892,0.052697
2700.9222,0.052701
2701.1551,0.052714
2701.3881,0.052738
2701.6211,0.052770
2701.8540,0.052804
2702.0870,0.052831
2702.3199,0.052845
2702.5529,0.052845
2702.7858,0.052835
2703.0188,0.052823
2703.2518,0.052818
2703.4847,0.052826
2703.7177,0.052848
2703.9506,0.052878
2704.1836,0.052909
2704.4166,0.052934
2704.6495,0.052950
2704.8825,0.052957
2705.1154,0.052961
2705.3484,0.052966
2705.5814,0.052975
2705.8143,0.052988
2706.0473,0.053003
2706.2802,0.053017
2706.5132,0.053026
2706.7461,0.053029
2706.9791,0.053025
2707.2121,0.053014
2707.4450,0.052997
2707.6780,0.052977
2707.9109,0.052957
2708.1439,0.052942
2708.3769,0.052937
2708.6098,0.052945
2708.8428,0.052968
2709.0757,0.053004
2709.3087,0.053046
2709.5416,0.053089
2709.7746,0.053128
2710.0076,0.053159
2710.2405,0.053184
2710.4735,0.053204
2710.7064,0.053222
2710.9394,0.053238
2711.1724,0.053252
2711.4053,0.053262
2711.6383,0.053269
2711.8712,0.053274
2712.1042,0.053280
2712.3372,0.053291
2712.5701,0.053306
2712.8031,0.053323
2713.0360,0.053336
2713.2690,0.053339
2713.5019,0.053332
2713.7349,0.053317
2713.9679,0.053305
2714.2008,0.053303
2714.4338,0.053321
2714.6667,0.053358
2714.8997,0.053407
2715.1327,0.053458
2715.3656,0.053497
2715.5986,0.053516
2715.8315,0.053512
2716.0645,0.053492
2716.2974,0.053463
2716.5304,0.053437
2716.7634,0.053420
2716.9963,0.053416
2717.2293,0.053424
2717.4622,0.053442
2717.6952,0.053466
2717.9282,0.053494
2718.1611,0.053520
2718.3941,0.053542
2718.6270,0.053555
2718.8600,0.053556
2719.0930,0.053545
2719.3259,0.053528
2719.5589,0.053511
2719.7918,0.053503
2720.0248,0.053509
2720.2577,0.053529
2720.4907,0.053557
2720.7237,0.053583
2720.9566,0.053598
2721.1896,0.053596
2721.4225,0.053581
2721.6555,0.053561
2721.8885,0.053547
2722.1214,0.053548
2722.3544,0.053569
2722.5873,0.053606
2722.8203,0.053653
2723.0532,0.053699
2723.2862,0.053735
2723.5192,0.053757
2723.7521,0.053763
2723.9851,0.053755
2724.2180,0.053739
2724.4510,0.053720
2724.6840,0.053704
2724.9169,0.053699
2725.1499,0.053710
2725.3828,0.053742
2725.6158,0.053796
2725.8488,0.053868
2726.0817,0.053951
2726.3147,0.054037
2726.5476,0.054114
2726.7806,0.054176
2727.0135,0.054220
2727.2465,0.054248
2727.4795,0.054262
2727.7124,0.054269
2727.9454,0.054270
2728.1783,0.054271
2728.4113,0.054270
2728.6443,0.054271
2728.8772,0.054274
2729.1102,0.054277
2729.3431,0.054280
2729.5761,0.054278
2729.8090,0.054267
2730.0420,0.054242
2730.2750,0.054203
2730.5079,0.054154
2730.7409,0.054103
2730.9738,0.054059
2731.2068,0.054032
2731.4398,0.054026
2731.6727,0.054038
2731.9057,0.054064
2732.1386,0.054095
2732.3716,0.054123
2732.6046,0.054143
2732.8375,0.054153
2733.0705,0.054155
2733.3034,0.054149
2733.5364,0.054137
2733.7693,0.054119
2734.0023,0.054098
2734.2353,0.054074
2734.4682,0.054052
2734.7012,0.054035
2734.9341,0.054025
2735.1671,0.054022
2735.4001,0.054021
2735.6330,0.054017
2735.8660,0.054006
2736.0989,0.053984
2736.3319,0.053954
2736.5648,0.053923
2736.7978,0.053898
2737.0308,0.053887
2737.2637,0.053891
2737.4967,0.053908
2737.7296,0.053932
2737.9626,0.053954
2738.1956,0.053966
2738.4285,0.053964
2738.6615,0.053946
2738.8944,0.053917
2739.1274,0.053881
2739.3604,0.053844
2739.5933,0.053811
2739.8263,0.053783
2740.0592,0.053758
2740.2922,0.053733
2740.5251,0.053703
2740.7581,0.053663
2740.9911,0.053614
2741.2240,0.053557
2741.4570,0.053500
2741.6899,0.053451
2741.9229,0.053418
2742.1559,0.053403
2742.3888,0.053404
2742.6218,0.053414
2742.8547,0.053424
2743.0877,0.053424
2743.3206,0.053412
2743.5536,0.053388
2743.7866,0.053357
2744.0195,0.053328
2744.2525,0.053304
2744.4854,0.053288
2744.7184,0.053277
2744.9514,0.053265
2745.1843,0.053248
2745.4173,0.053222
2745.6502,0.053187
2745.8832,0.053143
2746.1162,0.053095
2746.3491,0.053044
2746.5821,0.052995
2746.8150,0.052952
2747.0480,0.052921
2747.2809,0.052908
2747.5139,0.052917
2747.7469,0.052949
2747.9798,0.052999
2748.2128,0.053057
2748.4457,0.053112
2748.6787,0.053154
2748.9117,0.053175
2749.1446,0.053176
2749.3776,0.053163
2749.6105,0.053144
2749.8435,0.053126
2750.0764,0.053114
2750.3094,0.053107
2750.5424,0.053103
2750.7753,0.053097
2751.0083,0.053089
2751.2412,0.053079
2751.4742,0.053068
2751.7072,0.053058
2751.9401,0.053046
2752.1731,0.053032
2752.4060,0.053013
2752.6390,0.052990
2752.8720,0.052967
2753.1049,0.052950
2753.3379,0.052945
2753.5708,0.052954
2753.8038,0.052975
2754.0367,0.053001
2754.2697,0.053023
2754.5027,0.053034
2754.7356,0.053030
2754.9686,0.053016
2755.2015,0.052998
2755.4345,0.052985
2755.6675,0.052981
2755.9004,0.052990
2756.1334,0.053011
2756.3663,0.053038
2756.5993,0.053068
2756.8322,0.053096
2757.0652,0.053118
2757.2982,0.053130
2757.5311,0.053132
2757.7641,0.053120
2757.9970,0.053094
2758.2300,0.053058
2758.4630,0.053018
2758.6959,0.052982
2758.9289,0.052957
2759.1618,0.052947
2759.3948,0.052951
2759.6278,0.052966
2759.8607,0.052984
2760.0937,0.053000
2760.3266,0.053011
2760.5596,0.053019
2760.7925,0.053025
2761.0255,0.053033
2761.2585,0.053045
2761.4914,0.053058
2761.7244,0.053071
2761.9573,0.053083
2762.1903,0.053091
2762.4233,0.053098
2762.6562,0.053102
2762.8892,0.053105
2763.1221,0.053102
2763.3551,0.053091
2763.5880,0.053072
2763.8210,0.053048
2764.0540,0.053025
2764.2869,0.053012
2764.5199,0.053015
2764.7528,0.053036
2764.9858,0.053069
2765.2188,0.053103
2765.4517,0.053125
2765.6847,0.053129
2765.9176,0.053113
2766.1506,0.053085
2766.3836,0.053059
2766.6165,0.053046
2766.8495,0.053052
2767.0824,0.053076
2767.3154,0.053111
2767.5483,0.053145
2767.7813,0.053170
2768.0143,0.053183
2768.2472,0.053186
2768.4802,0.053185
2768.7131,0.053185
2768.9461,0.053191
2769.1791,0.053200
2769.4120,0.053209
2769.6450,0.053217
2769.8779,0.053220
2770.1109,0.053221
2770.3438,0.053224
2770.5768,0.053235
2770.8098,0.053255
2771.0427,0.053287
2771.2757,0.053327
2771.5086,0.053373
2771.7416,0.053420
2771.9746,0.053465
2772.2075,0.053503
2772.4405,0.053534
2772.6734,0.053559
2772.9064,0.053579
2773.1394,0.053599
2773.3723,0.053623
2773.6053,0.053654
2773.8382,0.053692
2774.0712,0.053731
2774.3041,0.053764
2774.5371,0.053783
2774.7701,0.053781
2775.0030,0.053761
2775.2360,0.053731
2775.4689,0.053702
2775.7019,0.053688
2775.9349,0.053697
2776.1678,0.053731
2776.4008,0.053782
2776.6337,0.053838
2776.8667,0.053888
2777.0996,0.053921
2777.3326,0.053935
2777.5656,0.053933
2777.7985,0.053919
2778.0315,0.053902
2778.2644,0.053884
2778.4974,0.053871
2778.7304,0.053864
2778.9633,0.053866
2779.1963,0.053880
2779.4292,0.053907
2779.6622,0.053948
2779.8952,0.053995
2780.1281,0.054043
2780.3611,0.054081
2780.5940,0.054103
2780.8270,0.054106
2781.0599,0.054095
2781.2929,0.054078
2781.5259,0.054063
2781.7588,0.054057
2781.9918,0.054065
2782.2247,0.054084
2782.4577,0.054110
2782.6907,0.054139
2782.9236,0.054167
2783.1566,0.054194
2783.3895,0.054218
2783.6225,0.054241
2783.8554,0.054261
2784.0884,0.054275
2784.3214,0.054282
2784.5543,0.054278
2784.7873,0.054263
2785.0202,0.054236
2785.2532,0.054201
2785.4862,0.054162
2785.7191,0.054126
2785.9521,0.054101
2786.1850,0.054094
2786.4180,0.054113
2786.6510,0.054158
2786.8839,0.054225
2787.1169,0.054305
2787.3498,0.054383
2787.5828,0.054447
2787.8157,0.054489
2788.0487,0.054508
2788.2817,0.054511
2788.5146,0.054514
2788.7476,0.054527
2788.9805,0.054559
2789.2135,0.054609
2789.4465,0.054670
2789.6794,0.054728
2789.9124,0.054772
2790.1453,0.054796
2790.3783,0.054801
2790.6112,0.054794
2790.8442,0.054784
2791.0772,0.054781
2791.3101,0.054792
2791.5431,0.054819
2791.7760,0.054864
2792.0090,0.054923
2792.2420,0.054993
2792.4749,0.055070
2792.7079,0.055146
2792.9408,0.055211
2793.1738,0.055259
2793.4068,0.055282
2793.6397,0.055281
2793.8727,0.055262
2794.1056,0.055233
2794.3386,0.055205
2794.5715,0.055186
2794.8045,0.055180
2795.0375,0.055185
2795.2704,0.055199
2795.5034,0.055218
2795.7363,0.055242
2795.9693,0.055272
2796.2023,0.055310
2796.4352,0.055355
2796.6682,0.055405
2796.9011,0.055451
2797.1341,0.055489
2797.3670,0.055514
2797.6000,0.055528
2797.8330,0.055537
2798.0659,0.055551
2798.2989,0.055575
2798.5318,0.055613
2798.7648,0.055664
2798.9978,0.055722
2799.2307,0.055782
2799.4637,0.055840
2799.6966,0.055894
2799.9296,0.055946
2800.1626,0.055996
2800.3955,0.056043
2800.6285,0.056084
2800.8614,0.056118
2801.0944,0.056144
2801.3273,0.056164
2801.5603,0.056182
2801.7933,0.056203
2802.0262,0.056229
2802.2592,0.056257
2802.4921,0.056285
2802.7251,0.056307
2802.9581,0.056321
2803.1910,0.056331
2803.4240,0.056341
2803.6569,0.056359
2803.8899,0.056387
2804.1228,0.056424
2804.3558,0.056463
2804.5888,0.056498
2804.8217,0.056522
2805.0547,0.056537
2805.2876,0.056548
2805.5206,0.056564
2805.7536,0.056593
2805.9865,0.056638
2806.2195,0.056696
2806.4524,0.056761
2806.6854,0.056826
2806.9184,0.056884
2807.1513,0.056936
2807.3843,0.056983
2807.6172,0.057030
2807.8502,0.057079
2808.0831,0.057129
2808.3161,0.057177
2808.5491,0.057220
2808.7820,0.057258
2809.0150,0.057291
2809.2479,0.057325
2809.4809,0.057364
2809.7139,0.057409
2809.9468,0.057463
2810.1798,0.057525
2810.4127,0.057593
2810.6457,0.057666
2810.8786,0.057744
2811.1116,0.057825
2811.3446,0.057908
2811.5775,0.057989
2811.8105,0.058064
2812.0434,0.058130
2812.2764,0.058190
2812.5094,0.058246
2812.7423,0.058304
2812.9753,0.058370
2813.2082,0.058440
2813.4412,0.058510
2813.6741,0.058570
2813.9071,0.058611
2814.1401,0.058632
2814.3730,0.058637
2814.6060,0.058635
2814.8389,0.058640
2815.0719,0.058659
2815.3049,0.058695
2815.5378,0.058743
2815.7708,0.058797
2816.0037,0.058851
2816.2367,0.058903
2816.4697,0.058956
2816.7026,0.059016
2816.9356,0.059086
2817.1685,0.059164
2817.4015,0.059245
2817.6344,0.059319
2817.8674,0.059381
2818.1004,0.059434
2818.3333,0.059483
2818.5663,0.059539
2818.7992,0.059608
2819.0322,0.059694
2819.2652,0.059789
2819.4981,0.059881
2819.7311,0.059962
2819.9640,0.060026
2820.1970,0.060076
2820.4299,0.060121
2820.6629,0.060175
2820.8959,0.060244
2821.1288,0.060333
2821.3618,0.060436
2821.5947,0.060549
2821.8277,0.060663
2822.0607,0.060776
2822.2936,0.060886
2822.5266,0.060996
2822.7595,0.061104
2822.9925,0.061211
2823.2255,0.061312
2823.4584,0.061404
2823.6914,0.061488
2823.9243,0.061566
2824.1573,0.061642
2824.3902,0.061719
2824.6232,0.061799
2824.8562,0.061878
2825.0891,0.061951
2825.3221,0.062015
2825.5550,0.062073
2825.7880,0.062129
2826.0210,0.062191
2826.2539,0.062267
2826.4869,0.062358
2826.7198,0.062461
2826.9528,0.062568
2827.1857,0.062672
2827.4187,0.062767
2827.6517,0.062853
2827.8846,0.062932
2828.1176,0.063008
2828.3505,0.063084
2828.5835,0.063157
2828.8165,0.063227
2829.0494,0.063292
2829.2824,0.063353
2829.5153,0.063416
2829.7483,0.063488
2829.9813,0.063573
2830.2142,0.063671
2830.4472,0.063775
2830.6801,0.063875
2830.9131,0.063963
2831.1460,0.064032
2831.3790,0.064085
2831.6120,0.064128
2831.8449,0.064167
2832.0779,0.064208
2832.3108,0.064248
2832.5438,0.064283
2832.7768,0.064306
2833.0097,0.064312
2833.2427,0.064301
2833.4756,0.064276
2833.7086,0.064245
2833.9415,0.064213
2834.1745,0.064185
2834.4075,0.064163
2834.6404,0.064146
2834.8734,0.064135
2835.1063,0.064130
2835.3393,0.064131
2835.5723,0.064136
2835.8052,0.064142
2836.0382,0.064144
2836.2711,0.064138
2836.5041,0.064121
2836.7371,0.064097
2836.9700,0.064073
2837.2030,0.064055
2837.4359,0.064051
2837.6689,0.064062
2837.9018,0.064085
2838.1348,0.064116
2838.3678,0.064150
2838.6007,0.064188
2838.8337,0.064232
2839.0666,0.064287
2839.2996,0.064354
2839.5326,0.064428
2839.7655,0.064502
2839.9985,0.064566
2840.2314,0.064612
2840.4644,0.064637
2840.6973,0.064645
2840.9303,0.064643
2841.1633,0.064636
2841.3962,0.064625
2841.6292,0.064607
2841.8621,0.064578
2842.0951,0.064533
2842.3281,0.064475
2842.5610,0.064413
2842.7940,0.064359
2843.0269,0.064326
2843.2599,0.064321
2843.4929,0.064344
2843.7258,0.064390
2843.9588,0.064450
2844.1917,0.064514
2844.4247,0.064576
2844.6576,0.064631
2844.8906,0.064675
2845.1236,0.064705
2845.3565,0.064718
2845.5895,0.064714
2845.8224,0.064697
2846.0554,0.064675
2846.2884,0.064662
2846.5213,0.064668
2846.7543,0.064701
2846.9872,0.064757
2847.2202,0.064827
2847.4531,0.064897
2847.6861,0.064955
2847.9191,0.064999
2848.1520,0.065032
2848.3850,0.065066
2848.6179,0.065110
2848.8509,0.065172
2849.0839,0.065247
2849.3168,0.065328
2849.5498,0.065403
2849.7827,0.065461
2850.0157,0.065501
2850.2487,0.065524
2850.4816,0.065535
2850.7146,0.065542
2850.9475,0.065547
2851.1805,0.065553
2851.4134,0.065560
2851.6464,0.065573
2851.8794,0.065596
2852.1123,0.065637
2852.3453,0.065699
2852.5782,0.065780
2852.8112,0.065874
2853.0442,0.065973
2853.2771,0.066065
2853.5101,0.066147
2853.7430,0.066218
2853.9760,0.066282
2854.2089,0.066340
2854.4419,0.066394
2854.6749,0.066440
2854.9078,0.066472
2855.1408,0.066487
2855.3737,0.066487
2855.6067,0.066478
2855.8397,0.066472
2856.0726,0.066477
2856.3056,0.066497
2856.5385,0.066527
2856.7715,0.066558
2857.0045,0.066581
2857.2374,0.066592
2857.4704,0.066593
2857.7033,0.066592
2857.9363,0.066602
2858.1692,0.066628
2858.4022,0.066672
2858.6352,0.066728
2858.8681,0.066789
2859.1011,0.066847
2859.3340,0.066900
2859.5670,0.066953
2859.8000,0.067012
2860.0329,0.067082
2860.2659,0.067167
2860.4988,0.067264
2860.7318,0.067367
2860.9647,0.067471
2861.1977,0.067572
2861.4307,0.067667
2861.6636,0.067754
2861.8966,0.067830
2862.1295,0.067891
2862.3625,0.067931
2862.5955,0.067946
2862.8284,0.067938
2863.0614,0.067912
2863.2943,0.067881
2863.5273,0.067856
2863.7603,0.067847
2863.9932,0.067857
2864.2262,0.067886
2864.4591,0.067927
2864.6921,0.067973
2864.9250,0.068020
2865.1580,0.068066
2865.3910,0.068110
2865.6239,0.068154
2865.8569,0.068198
2866.0898,0.068241
2866.3228,0.068282
2866.5558,0.068318
2866.7887,0.068349
2867.0217,0.068374
2867.2546,0.068393
2867.4876,0.068403
2867.7205,0.068407
2867.9535,0.068404
2868.1865,0.068401
2868.4194,0.068404
2868.6524,0.068424
2868.8853,0.068466
2869.1183,0.068529
2869.3513,0.068609
2869.5842,0.068694
2869.8172,0.068770
2870.0501,0.068828
2870.2831,0.068866
2870.5161,0.068888
2870.7490,0.068904
2870.9820,0.068922
2871.2149,0.068949
2871.4479,0.068986
2871.6808,0.069031
2871.9138,0.069081
2872.1468,0.069132
2872.3797,0.069189
2872.6127,0.069255
2872.8456,0.069335
2873.0786,0.069429
2873.3116,0.069537
2873.5445,0.069655
2873.7775,0.069778
2874.0104,0.069903
2874.2434,0.070029
2874.4763,0.070153
2874.7093,0.070274
2874.9423,0.070384
2875.1752,0.070476
2875.4082,0.070541
2875.6411,0.070578
2875.8741,0.070589
2876.1071,0.070584
2876.3400,0.070575
2876.5730,0.070574
2876.8059,0.070585
2877.0389,0.070605
2877.2719,0.070628
2877.5048,0.070648
2877.7378,0.070658
2877.9707,0.070660
2878.2037,0.070658
2878.4366,0.070655
2878.6696,0.070654
2878.9026,0.070655
2879.1355,0.070656
2879.3685,0.070654
2879.6014,0.070650
2879.8344,0.070648
2880.0674,0.070652
2880.3003,0.070663
2880.5333,0.070681
2880.7662,0.070699
2880.9992,0.070711
2881.2321,0.070713
2881.4651,0.070704
2881.6981,0.070690
2881.9310,0.070680
2882.1640,0.070679
2882.3969,0.070688
2882.6299,0.070704
2882.8629,0.070720
2883.0958,0.070727
2883.3288,0.070723
2883.5617,0.070708
2883.7947,0.070685
2884.0277,0.070656
2884.2606,0.070622
2884.4936,0.070581
2884.7265,0.070529
2884.9595,0.070467
2885.1924,0.070399
2885.4254,0.070335
2885.6584,0.070283
2885.8913,0.070249
2886.1243,0.070232
2886.3572,0.070223
2886.5902,0.070211
2886.8232,0.070188
2887.0561,0.070149
2887.2891,0.070101
2887.5220,0.070055
2887.7550,0.070019
2887.9879,0.070000
2888.2209,0.069995
2888.4539,0.069993
2888.6868,0.069984
2888.9198,0.069958
2889.1527,0.069915
2889.3857,0.069858
2889.6187,0.069797
2889.8516,0.069743
2890.0846,0.069699
2890.3175,0.069668
2890.5505,0.069648
2890.7835,0.069637
2891.0164,0.069633
2891.2494,0.069637
2891.4823,0.069650
2891.7153,0.069671
2891.9482,0.069699
2892.1812,0.069728
2892.4142,0.069755
2892.6471,0.069773
2892.8801,0.069782
2893.1130,0.069781
2893.3460,0.069772
2893.5790,0.069759
2893.8119,0.069743
2894.0449,0.069728
2894.2778,0.069718
2894.5108,0.069715
2894.7437,0.069724
2894.9767,0.069744
2895.2097,0.069772
2895.4426,0.069804
2895.6756,0.069831
2895.9085,0.069851
2896.1415,0.069863
2896.3745,0.069870
2896.6074,0.069880
2896.8404,0.069898
2897.0733,0.069923
2897.3063,0.069952
2897.5393,0.069975
2897.7722,0.069986
2898.0052,0.069981
2898.2381,0.069965
2898.4711,0.069948
2898.7040,0.069941
2898.9370,0.069949
2899.1700,0.069972
2899.4029,0.070004
2899.6359,0.070034
2899.8688,0.070055
2900.1018,0.070066
2900.3348,0.070073
2900.5677,0.070087
2900.8007,0.070117
2901.0336,0.070166
2901.2666,0.070232
2901.4995,0.070305
2901.7325,0.070376
2901.9655,0.070436
2902.1984,0.070481
2902.4314,0.070513
2902.6643,0.070536
2902.8973,0.070553
2903.1303,0.070569
2903.3632,0.070586
2903.5962,0.070609
2903.8291,0.070643
2904.0621,0.070694
2904.2951,0.070766
2904.5280,0.070856
2904.7610,0.070958
2904.9939,0.071058
2905.2269,0.071143
2905.4598,0.071206
2905.6928,0.071245
2905.9258,0.071268
2906.1587,0.071285
2906.3917,0.071309
2906.6246,0.071347
2906.8576,0.071398
2907.0906,0.071460
2907.3235,0.071527
2907.5565,0.071595
2907.7894,0.071663
2908.0224,0.071731
2908.2553,0.071798
2908.4883,0.071863
2908.7213,0.071921
2908.9542,0.071968
2909.1872,0.072003
2909.4201,0.072030
2909.6531,0.072056
2909.8861,0.072091
2910.1190,0.072140
2910.3520,0.072203
2910.5849,0.072273
2910.8179,0.072344
2911.0509,0.072409
2911.2838,0.072468
2911.5168,0.072525
2911.7497,0.072589
2911.9827,0.072668
2912.2156,0.072766
2912.4486,0.072881
2912.6816,0.073008
2912.9145,0.073144
2913.1475,0.073286
2913.3804,0.073436
2913.6134,0.073598
2913.8464,0.073774
2914.0793,0.073962
2914.3123,0.074154
2914.5452,0.074338
2914.7782,0.074503
2915.0111,0.074639
2915.2441,0.074742
2915.4771,0.074808
2915.7100,0.074841
2915.9430,0.074840
2916.1759,0.074810
2916.4089,0.074756
2916.6419,0.074689
2916.8748,0.074620
2917.1078,0.074565
2917.3407,0.074530
2917.5737,0.074518
2917.8067,0.074522
2918.0396,0.074531
2918.2726,0.074533
2918.5055,0.074524
2918.7385,0.074508
2918.9714,0.074495
2919.2044,0.074496
2919.4374,0.074518
2919.6703,0.074556
2919.9033,0.074598
2920.1362,0.074631
2920.3692,0.074643
2920.6022,0.074633
2920.8351,0.074609
2921.0681,0.074588
2921.3010,0.074583
2921.5340,0.074600
2921.7669,0.074639
2921.9999,0.074689
2922.2329,0.074740
2922.4658,0.074784
2922.6988,0.074821
2922.9317,0.074858
2923.1647,0.074903
2923.3977,0.074966
2923.6306,0.075047
2923.8636,0.075144
2924.0965,0.075254
2924.3295,0.075369
2924.5625,0.075488
2924.7954,0.075607
2925.0284,0.075726
2925.2613,0.075840
2925.4943,0.075944
2925.7272,0.076033
2925.9602,0.076104
2926.1932,0.076159
2926.4261,0.076200
2926.6591,0.076232
2926.8920,0.076258
2927.1250,0.076275
2927.3580,0.076279
2927.5909,0.076265
2927.8239,0.076231
2928.0568,0.076181
2928.2898,0.076119
2928.5227,0.076054
2928.7557,0.075987
2928.9887,0.075917
2929.2216,0.075835
2929.4546,0.075736
2929.6875,0.075616
2929.9205,0.075481
2930.1535,0.075340
2930.3864,0.075203
2930.6194,0.075077
2930.8523,0.074960
2931.0853,0.074844
2931.3183,0.074717
2931.5512,0.074571
2931.7842,0.074406
2932.0171,0.074228
2932.2501,0.074049
2932.4830,0.073880
2932.7160,0.073729
2932.9490,0.073595
2933.1819,0.073474
2933.4149,0.073363
2933.6478,0.073260
2933.8808,0.073166
2934.1138,0.073085
2934.3467,0.073020
2934.5797,0.072970
2934.8126,0.072932
2935.0456,0.072899
2935.2785,0.072868
2935.5115,0.072840
2935.7445,0.072819
2935.9774,0.072810
2936.2104,0.072818
2936.4433,0.072840
2936.6763,0.072869
2936.9093,0.072898
2937.1422,0.072919
2937.3752,0.072931
2937.6081,0.072936
2937.8411,0.072937
2938.0741,0.072939
2938.3070,0.072941
2938.5400,0.072938
2938.7729,0.072925
2939.0059,0.072899
2939.2388,0.072856
2939.4718,0.072800
2939.7048,0.072732
2939.9377,0.072654
2940.1707,0.072564
2940.4036,0.072459
2940.6366,0.072336
2940.8696,0.072198
2941.1025,0.072052
2941.3355,0.071909
2941.5684,0.071780
2941.8014,0.071671
2942.0343,0.071583
2942.2673,0.071513
2942.5003,0.071455
2942.7332,0.071407
2942.9662,0.071370
2943.1991,0.071348
2943.4321,0.071343
2943.6651,0.071353
2943.8980,0.071369
2944.1310,0.071382
2944.3639,0.071382
2944.5969,0.071369
2944.8299,0.071348
2945.0628,0.071327
2945.2958,0.071314
2945.5287,0.071313
2945.7617,0.071314
2945.9946,0.071307
2946.2276,0.071279
2946.4606,0.071229
2946.6935,0.071163
2946.9265,0.071099
2947.1594,0.071053
2947.3924,0.071037
2947.6254,0.071048
2947.8583,0.071072
2948.0913,0.071091
2948.3242,0.071088
2948.5572,0.071061
2948.7901,0.071017
2949.0231,0.070975
2949.2561,0.070954
2949.4890,0.070964
2949.7220,0.071005
2949.9549,0.071065
2950.1879,0.071124
2950.4209,0.071168
2950.6538,0.071186
2950.8868,0.071179
2951.1197,0.071151
2951.3527,0.071111
2951.5856,0.071067
2951.8186,0.071026
2952.0516,0.070994
2952.2845,0.070974
2952.5175,0.070971
2952.7504,0.070987
2952.9834,0.071018
2953.2164,0.071057
2953.4493,0.071092
2953.6823,0.071113
2953.9152,0.071110
2954.1482,0.071082
2954.3812,0.071033
2954.6141,0.070971
2954.8471,0.070901
2955.0800,0.070829
2955.3130,0.070752
2955.5459,0.070668
2955.7789,0.070575
2956.0119,0.070474
2956.2448,0.070369
2956.4778,0.070262
2956.7107,0.070157
2956.9437,0.070052
2957.1767,0.069946
2957.4096,0.069838
2957.6426,0.069733
2957.8755,0.069642
2958.1085,0.069578
2958.3414,0.069552
2958.5744,0.069564
2958.8074,0.069608
2959.0403,0.069666
2959.2733,0.069719
2959.5062,0.069752
2959.7392,0.069759
2959.9722,0.069746
2960.2051,0.069726
2960.4381,0.069714
2960.6710,0.069717
2960.9040,0.069740
2961.1370,0.069778
2961.3699,0.069826
2961.6029,0.069878
2961.8358,0.069933
2962.0688,0.069991
2962.3017,0.070052
2962.5347,0.070112
2962.7677,0.070169
2963.0006,0.070217
2963.2336,0.070254
2963.4665,0.070282
2963.6995,0.070305
2963.9325,0.070327
2964.1654,0.070348
2964.3984,0.070363
2964.6313,0.070363
2964.8643,0.070340
2965.0972,0.070292
2965.3302,0.070226
2965.5632,0.070149
2965.7961,0.070073
2966.0291,0.070001
2966.2620,0.069931
2966.4950,0.069850
2966.7280,0.069747
2966.9609,0.069614
2967.1939,0.069453
2967.4268,0.069273
2967.6598,0.069087
2967.8928,0.068902
2968.1257,0.068715
2968.3587,0.068516
2968.5916,0.068292
2968.8246,0.068031
2969.0575,0.067736
2969.2905,0.067418
2969.5235,0.067100
2969.7564,0.066803
2969.9894,0.066545
2970.2223,0.066329
2970.4553,0.066150
2970.6883,0.065993
2970.9212,0.065847
2971.1542,0.065701
2971.3871,0.065550
2971.6201,0.065392
2971.8530,0.065229
2972.0860,0.065058
2972.3190,0.064881
2972.5519,0.064696
2972.7849,0.064508
2973.0178,0.064323
2973.2508,0.064147
2973.4838,0.063987
2973.7167,0.063841
2973.9497,0.063708
2974.1826,0.063580
2974.4156,0.063453
2974.6486,0.063327
2974.8815,0.063207
2975.1145,0.063102
2975.3474,0.063017
2975.5804,0.062956
2975.8133,0.062912
2976.0463,0.062875
2976.2793,0.062833
2976.5122,0.062772
2976.7452,0.062685
2976.9781,0.062570
2977.2111,0.062430
2977.4441,0.062272
2977.6770,0.062102
2977.9100,0.061930
2978.1429,0.061764
2978.3759,0.061614
2978.6088,0.061484
2978.8418,0.061378
2979.0748,0.061293
2979.3077,0.061221
2979.5407,0.061151
2979.7736,0.061072
2980.0066,0.060976
2980.2396,0.060862
2980.4725,0.060732
2980.7055,0.060593
2980.9384,0.060453
2981.1714,0.060316
2981.4044,0.060186
2981.6373,0.060064
2981.8703,0.059953
2982.1032,0.059856
2982.3362,0.059775
2982.5691,0.059711
2982.8021,0.059659
2983.0351,0.059612
2983.2680,0.059559
2983.5010,0.059491
2983.7339,0.059403
2983.9669,0.059297
2984.1999,0.059179
2984.4328,0.059056
2984.6658,0.058934
2984.8987,0.058815
2985.1317,0.058695
2985.3646,0.058569
2985.5976,0.058436
2985.8306,0.058295
2986.0635,0.058154
2986.2965,0.058021
2986.5294,0.057905
2986.7624,0.057809
2986.9954,0.057734
2987.2283,0.057677
2987.4613,0.057632
2987.6942,0.057593
2987.9272,0.057556
2988.1602,0.057514
2988.3931,0.057465
2988.6261,0.057405
2988.8590,0.057331
2989.0920,0.057246
2989.3249,0.057152
2989.5579,0.057057
2989.7909,0.056969
2990.0238,0.056890
2990.2568,0.056818
2990.4897,0.056748
2990.7227,0.056672
2990.9557,0.056585
2991.1886,0.056489
2991.4216,0.056394
2991.6545,0.056312
2991.8875,0.056257
2992.1204,0.056233
2992.3534,0.056239
2992.5864,0.056262
2992.8193,0.056288
2993.0523,0.056302
2993.2852,0.056297
2993.5182,0.056271
2993.7512,0.056226
2993.9841,0.056167
2994.2171,0.056096
2994.4500,0.056014
2994.6830,0.055921
2994.9160,0.055817
2995.1489,0.055709
2995.3819,0.055606
2995.6148,0.055515
2995.8478,0.055443
2996.0807,0.055391
2996.3137,0.055353
2996.5467,0.055323
2996.7796,0.055291
2997.0126,0.055256
2997.2455,0.055217
2997.4785,0.055176
2997.7115,0.055139
2997.9444,0.055104
2998.1774,0.055072
2998.4103,0.055038
2998.6433,0.055000
2998.8762,0.054956
2999.1092,0.054909
2999.3422,0.054861
2999.5751,0.054815
2999.8081,0.054771
3000.0410,0.054728
3000.2740,0.054687
3000.5070,0.054646
3000.7399,0.054608
3000.9729,0.054574
3001.2058,0.054546
3001.4388,0.054522
3001.6718,0.054497
3001.9047,0.054465
3002.1377,0.054423
3002.3706,0.054370
3002.6036,0.054312
3002.8365,0.054256
3003.0695,0.054210
3003.3025,0.054175
3003.5354,0.054148
3003.7684,0.054122
3004.0013,0.054088
3004.2343,0.054042
3004.4673,0.053985
3004.7002,0.053920
3004.9332,0.053854
3005.1661,0.053793
3005.3991,0.053740
3005.6320,0.053694
3005.8650,0.053656
3006.0980,0.053628
3006.3309,0.053616
3006.5639,0.053625
3006.7968,0.053661
3007.0298,0.053720
3007.2628,0.053794
3007.4957,0.053867
3007.7287,0.053924
3007.9616,0.053955
3008.1946,0.053957
3008.4276,0.053938
3008.6605,0.053907
3008.8935,0.053874
3009.1264,0.053846
3009.3594,0.053820
3009.5923,0.053793
3009.8253,0.053760
3010.0583,0.053723
3010.2912,0.053686
3010.5242,0.053659
3010.7571,0.053649
3010.9901,0.053659
3011.2231,0.053686
3011.4560,0.053720
3011.6890,0.053751
3011.9219,0.053775
3012.1549,0.053789
3012.3878,0.053799
3012.6208,0.053814
3012.8538,0.053839
3013.0867,0.053878
3013.3197,0.053929
3013.5526,0.053985
3013.7856,0.054039
3014.0186,0.054086
3014.2515,0.054120
3014.4845,0.054141
3014.7174,0.054150
3014.9504,0.054148
3015.1834,0.054138
3015.4163,0.054124
3015.6493,0.054109
3015.8822,0.054096
3016.1152,0.054084
3016.3481,0.054073
3016.5811,0.054058
3016.8141,0.054037
3017.0470,0.054010
3017.2800,0.053980
3017.5129,0.053955
3017.7459,0.053941
3017.9789,0.053942
3018.2118,0.053957
3018.4448,0.053980
3018.6777,0.054001
3018.9107,0.054013
3019.1436,0.054013
3019.3766,0.054006
3019.6096,0.054001
3019.8425,0.054008
3020.0755,0.054034
3020.3084,0.054078
3020.5414,0.054134
3020.7744,0.054190
3021.0073,0.054234
3021.2403,0.054261
3021.4732,0.054268
3021.7062,0.054258
3021.9392,0.054239
3022.1721,0.054213
3022.4051,0.054187
3022.6380,0.054162
3022.8710,0.054142
3023.1039,0.054131
3023.3369,0.054133
3023.5699,0.054149
3023.8028,0.054177
3024.0358,0.054208
3024.2687,0.054233
3024.5017,0.054240
3024.7347,0.054223
3024.9676,0.054182
3025.2006,0.054124
3025.4335,0.054059
3025.6665,0.053999
3025.8994,0.053954
3026.1324,0.053926
3026.3654,0.053916
3026.5983,0.053921
3026.8313,0.053937
3027.0642,0.053962
3027.2972,0.053991
3027.5302,0.054020
3027.7631,0.054044
3027.9961,0.054054
3028.2290,0.054046
3028.4620,0.054016
3028.6950,0.053965
3028.9279,0.053898
3029.1609,0.053822
3029.3938,0.053745
3029.6268,0.053673
3029.8597,0.053611
3030.0927,0.053563
3030.3257,0.053532
3030.5586,0.053520
3030.7916,0.053529
3031.0245,0.053554
3031.2575,0.053585
3031.4905,0.053610
3031.7234,0.053615
3031.9564,0.053588
3032.1893,0.053528
3032.4223,0.053443
3032.6552,0.053349
3032.8882,0.053264
3033.1212,0.053206
3033.3541,0.053185
3033.5871,0.053198
3033.8200,0.053239
3034.0530,0.053292
3034.2860,0.053344
3034.5189,0.053383
3034.7519,0.053401
3034.9848,0.053399
3035.2178,0.053379
3035.4508,0.053346
3035.6837,0.053310
3035.9167,0.053275
3036.1496,0.053247
3036.3826,0.053228
3036.6155,0.053215
3036.8485,0.053203
3037.0815,0.053188
3037.3144,0.053167
3037.5474,0.053142
3037.7803,0.053120
3038.0133,0.053108
3038.2463,0.053115
3038.4792,0.053144
3038.7122,0.053191
3038.9451,0.053249
3039.1781,0.053306
3039.4110,0.053355
3039.6440,0.053395
3039.8770,0.053427
3040.1099,0.053458
3040.3429,0.053494
3040.5758,0.053533
3040.8088,0.053570
3041.0418,0.053596
3041.2747,0.053603
3041.5077,0.053586
3041.7406,0.053549
3041.9736,0.053499
3042.2066,0.053447
3042.4395,0.053400
3042.6725,0.053362
3042.9054,0.053332
3043.1384,0.053309
3043.3713,0.053292
3043.6043,0.053282
3043.8373,0.053278
3044.0702,0.053280
3044.3032,0.053284
3044.5361,0.053280
3044.7691,0.053263
3045.0021,0.053228
3045.2350,0.053179
3045.4680,0.053127
3045.7009,0.053089
3045.9339,0.053081
3046.1668,0.053112
3046.3998,0.053181
3046.6328,0.053275
3046.8657,0.053379
3047.0987,0.053471
3047.3316,0.053539
3047.5646,0.053575
3047.7976,0.053575
3048.0305,0.053545
3048.2635,0.053489
3048.4964,0.053415
3048.7294,0.053333
3048.9624,0.053252
3049.1953,0.053184
3049.4283,0.053141
3049.6612,0.053127
3049.8942,0.053143
3050.1271,0.053181
3050.3601,0.053228
3050.5931,0.053271
3050.8260,0.053301
3051.0590,0.053315
3051.2919,0.053317
3051.5249,0.053313
3051.7579,0.053309
3051.9908,0.053310
3052.2238,0.053313
3052.4567,0.053316
3052.6897,0.053316
3052.9226,0.053309
3053.1556,0.053296
3053.3886,0.053279
3053.6215,0.053259
3053.8545,0.053235
3054.0874,0.053209
3054.3204,0.053179
3054.5534,0.053148
3054.7863,0.053121
3055.0193,0.053103
3055.2522,0.053098
3055.4852,0.053109
3055.7182,0.053133
3055.9511,0.053165
3056.1841,0.053201
3056.4170,0.053234
3056.6500,0.053262
3056.8829,0.053283
3057.1159,0.053296
3057.3489,0.053300
3057.5818,0.053293
3057.8148,0.053274
3058.0477,0.053245
3058.2807,0.053209
3058.5137,0.053175
3058.7466,0.053150
3058.9796,0.053139
3059.2125,0.053141
3059.4455,0.053152
3059.6784,0.053167
3059.9114,0.053178
3060.1444,0.053184
3060.3773,0.053184
3060.6103,0.053181
3060.8432,0.053175
3061.0762,0.053167
3061.3092,0.053155
3061.5421,0.053135
3061.7751,0.053111
3062.0080,0.053088
3062.2410,0.053075
3062.4740,0.053078
3062.7069,0.053101
3062.9399,0.053136
3063.1728,0.053173
3063.4058,0.053197
3063.6387,0.053198
3063.8717,0.053175
3064.1047,0.053134
3064.3376,0.053089
3064.5706,0.053054
3064.8035,0.053037
3065.0365,0.053041
3065.2695,0.053061
3065.5024,0.053090
3065.7354,0.053125
3065.9683,0.053167
3066.2013,0.053217
3066.4342,0.053278
3066.6672,0.053346
3066.9002,0.053412
3067.1331,0.053463
3067.3661,0.053489
3067.5990,0.053486
3067.8320,0.053458
3068.0650,0.053417
3068.2979,0.053377
3068.5309,0.053346
3068.7638,0.053326
3068.9968,0.053308
3069.2298,0.053281
3069.4627,0.053236
3069.6957,0.053170
3069.9286,0.053088
3070.1616,0.053003
3070.3945,0.052929
3070.6275,0.052878
3070.8605,0.052857
3071.0934,0.052871
3071.3264,0.052915
3071.5593,0.052987
3071.7923,0.053077
3072.0253,0.053177
3072.2582,0.053275
3072.4912,0.053357
3072.7241,0.053414
3072.9571,0.053440
3073.1900,0.053435
3073.4230,0.053407
3073.6560,0.053369
3073.8889,0.053331
3074.1219,0.053301
3074.3548,0.053280
3074.5878,0.053261
3074.8208,0.053239
3075.0537,0.053208
3075.2867,0.053167
3075.5196,0.053121
3075.7526,0.053076
3075.9856,0.053036
3076.2185,0.053006
3076.4515,0.052984
3076.6844,0.052970
3076.9174,0.052963
3077.1503,0.052965
3077.3833,0.052979
3077.6163,0.053007
3077.8492,0.053046
3078.0822,0.053093
3078.3151,0.053139
3078.5481,0.053176
3078.7811,0.053202
3079.0140,0.053216
3079.2470,0.053221
3079.4799,0.053222
3079.7129,0.053223
3079.9458,0.053223
3080.1788,0.053222
3080.4118,0.053218
3080.6447,0.053213
3080.8777,0.053209
3081.1106,0.053206
3081.3436,0.053206
3081.5766,0.053207
3081.8095,0.053205
3082.0425,0.053196
3082.2754,0.053181
3082.5084,0.053164
3082.7413,0.053154
3082.9743,0.053159
3083.2073,0.053183
3083.4402,0.053224
3083.6732,0.053272
3083.9061,0.053316
3084.1391,0.053346
3084.3721,0.053359
3084.6050,0.053357
3084.8380,0.053350
3085.0709,0.053345
3085.3039,0.053347
3085.5369,0.053352
3085.7698,0.053357
3086.0028,0.053358
3086.2357,0.053356
3086.4687,0.053356
3086.7016,0.053367
3086.9346,0.053392
3087.1676,0.053431
3087.4005,0.053476
3087.6335,0.053516
3087.8664,0.053542
3088.0994,0.053553
3088.3324,0.053556
3088.5653,0.053563
3088.7983,0.053588
3089.0312,0.053635
3089.2642,0.053700
3089.4971,0.053771
3089.7301,0.053835
3089.9631,0.053882
3090.1960,0.053911
3090.4290,0.053930
3090.6619,0.053949
3090.8949,0.053979
3091.1279,0.054022
3091.3608,0.054074
3091.5938,0.054126
3091.8267,0.054170
3092.0597,0.054201
3092.2927,0.054220
3092.5256,0.054230
3092.7586,0.054232
3092.9915,0.054228
3093.2245,0.054214
3093.4574,0.054187
3093.6904,0.054148
3093.9234,0.054101
3094.1563,0.054057
3094.3893,0.054025
3094.6222,0.054013
3094.8552,0.054020
3095.0882,0.054038
3095.3211,0.054056
3095.5541,0.054062
3095.7870,0.054050
3096.0200,0.054018
3096.2529,0.053970
3096.4859,0.053911
3096.7189,0.053846
3096.9518,0.053778
3097.1848,0.053712
3097.4177,0.053649
3097.6507,0.053597
3097.8837,0.053558
3098.1166,0.053538
3098.3496,0.053536
3098.5825,0.053549
3098.8155,0.053570
3099.0485,0.053592
3099.2814,0.053610
3099.5144,0.053624
3099.7473,0.053635
3099.9803,0.053644
3100.2132,0.053651
3100.4462,0.053652
3100.6792,0.053643
3100.9121,0.053621
3101.1451,0.053590
3101.3780,0.053554
3101.6110,0.053525
3101.8440,0.053510
3102.0769,0.053513
3102.3099,0.053532
3102.5428,0.053558
3102.7758,0.053582
3103.0087,0.053595
3103.2417,0.053593
3103.4747,0.053577
3103.7076,0.053551
3103.9406,0.053518
3104.1735,0.053483
3104.4065,0.053450
3104.6395,0.053422
3104.8724,0.053404
3105.1054,0.053400
3105.3383,0.053412
3105.5713,0.053438
3105.8043,0.053467
3106.0372,0.053487
3106.2702,0.053487
3106.5031,0.053459
3106.7361,0.053406
3106.9690,0.053339
3107.2020,0.053272
3107.4350,0.053219
3107.6679,0.053187
3107.9009,0.053176
3108.1338,0.053177
3108.3668,0.053183
3108.5998,0.053187
3108.8327,0.053190
3109.0657,0.053192
3109.2986,0.053197
3109.5316,0.053203
3109.7645,0.053204
3109.9975,0.053194
3110.2305,0.053166
3110.4634,0.053121
3110.6964,0.053068
3110.9293,0.053017
3111.1623,0.052979
3111.3953,0.052956
3111.6282,0.052943
3111.8612,0.052930
3112.0941,0.052906
3112.3271,0.052867
3112.5601,0.052817
3112.7930,0.052768
3113.0260,0.052736
3113.2589,0.052730
3113.4919,0.052751
3113.7248,0.052790
3113.9578,0.052835
3114.1908,0.052871
3114.4237,0.052890
3114.6567,0.052891
3114.8896,0.052879
3115.1226,0.052861
3115.3556,0.052841
3115.5885,0.052820
3115.8215,0.052795
3116.0544,0.052764
3116.2874,0.052723
3116.5203,0.052672
3116.7533,0.052611
3116.9863,0.052542
3117.2192,0.052464
3117.4522,0.052379
3117.6851,0.052291
3117.9181,0.052209
3118.1511,0.052146
3118.3840,0.052113
3118.6170,0.052119
3118.8499,0.052162
3119.0829,0.052232
3119.3159,0.052311
3119.5488,0.052382
3119.7818,0.052429
3120.0147,0.052447
3120.2477,0.052441
3120.4806,0.052418
3120.7136,0.052391
3120.9466,0.052367
3121.1795,0.052351
3121.4125,0.052343
3121.6454,0.052342
3121.8784,0.052347
3122.1114,0.052356
3122.3443,0.052365
3122.5773,0.052369
3122.8102,0.052359
3123.0432,0.052326
3123.2761,0.052266
3123.5091,0.052183
3123.7421,0.052087
3123.9750,0.051994
3124.2080,0.051920
3124.4409,0.051873
3124.6739,0.051856
3124.9069,0.051861
3125.1398,0.051882
3125.3728,0.051911
3125.6057,0.051948
3125.8387,0.051995
3126.0717,0.052057
3126.3046,0.052132
3126.5376,0.052215
3126.7705,0.052292
3127.0035,0.052350
3127.2364,0.052374
3127.4694,0.052362
3127.7024,0.052316
3127.9353,0.052249
3128.1683,0.052174
3128.4012,0.052105
3128.6342,0.052046
3128.8672,0.052001
3129.1001,0.051968
3129.3331,0.051944
3129.5660,0.051931
3129.7990,0.051931
3130.0319,0.051948
3130.2649,0.051984
3130.4979,0.052038
3130.7308,0.052108
3130.9638,0.052184
3131.1967,0.052257
3131.4297,0.052317
3131.6627,0.052354
3131.8956,0.052362
3132.1286,0.052340
3132.3615,0.052289
3132.5945,0.052220
3132.8275,0.052143
3133.0604,0.052070
3133.2934,0.052011
3133.5263,0.051968
3133.7593,0.051940
3133.9922,0.051922
3134.2252,0.051908
3134.4582,0.051895
3134.6911,0.051882
3134.9241,0.051872
3135.1570,0.051869
3135.3900,0.051871
3135.6230,0.051876
3135.8559,0.051878
3136.0889,0.051871
3136.3218,0.051854
3136.5548,0.051830
3136.7877,0.051807
3137.0207,0.051792
3137.2537,0.051790
3137.4866,0.051799
3137.7196,0.051815
3137.9525,0.051831
3138.1855,0.051842
3138.4185,0.051848
3138.6514,0.051852
3138.8844,0.051857
3139.1173,0.051865
3139.3503,0.051873
3139.5833,0.051875
3139.8162,0.051864
3140.0492,0.051839
3140.2821,0.051801
3140.5151,0.051758
3140.7480,0.051718
3140.9810,0.051687
3141.2140,0.051665
3141.4469,0.051648
3141.6799,0.051632
3141.9128,0.051613
3142.1458,0.051593
3142.3788,0.051579
3142.6117,0.051572
3142.8447,0.051573
3143.0776,0.051577
3143.3106,0.051575
3143.5435,0.051562
3143.7765,0.051539
3144.0095,0.051515
3144.2424,0.051504
3144.4754,0.051519
3144.7083,0.051560
3144.9413,0.051618
3145.1743,0.051671
3145.4072,0.051698
3145.6402,0.051686
3145.8731,0.051635
3146.1061,0.051561
3146.3391,0.051486
3146.5720,0.051432
3146.8050,0.051407
3147.0379,0.051406
3147.2709,0.051416
3147.5038,0.051420
3147.7368,0.051408
3147.9698,0.051382
3148.2027,0.051352
3148.4357,0.051331
3148.6686,0.051328
3148.9016,0.051342
3149.1346,0.051365
3149.3675,0.051387
3149.6005,0.051399
3149.8334,0.051403
3150.0664,0.051405
3150.2993,0.051411
3150.5323,0.051427
3150.7653,0.051450
3150.9982,0.051473
3151.2312,0.051488
3151.4641,0.051493
3151.6971,0.051492
3151.9301,0.051497
3152.1630,0.051519
3152.3960,0.051560
3152.6289,0.051616
3152.8619,0.051675
3153.0949,0.051719
3153.3278,0.051737
3153.5608,0.051727
3153.7937,0.051695
3154.0267,0.051654
3154.2596,0.051617
3154.4926,0.051594
3154.7256,0.051587
3154.9585,0.051598
3155.1915,0.051626
3155.4244,0.051670
3155.6574,0.051731
3155.8904,0.051806
3156.1233,0.051889
3156.3563,0.051967
3156.5892,0.052025
3156.8222,0.052051
3157.0551,0.052039
3157.2881,0.051993
3157.5211,0.051925
3157.7540,0.051848
3157.9870,0.051774
3158.2199,0.051705
3158.4529,0.051643
3158.6859,0.051581
3158.9188,0.051519
3159.1518,0.051459
3159.3847,0.051409
3159.6177,0.051377
3159.8507,0.051367
3160.0836,0.051377
3160.3166,0.051400
3160.5495,0.051427
3160.7825,0.051448
3161.0154,0.051459
3161.2484,0.051462
3161.4814,0.051459
3161.7143,0.051454
3161.9473,0.051449
3162.1802,0.051443
3162.4132,0.051440
3162.6462,0.051444
3162.8791,0.051463
3163.1121,0.051503
3163.3450,0.051566
3163.5780,0.051646
3163.8109,0.051729
3164.0439,0.051794
3164.2769,0.051823
3164.5098,0.051810
3164.7428,0.051758
3164.9757,0.051681
3165.2087,0.051601
3165.4417,0.051533
3165.6746,0.051488
3165.9076,0.051465
3166.1405,0.051455
3166.3735,0.051451
3166.6065,0.051444
3166.8394,0.051435
3167.0724,0.051424
3167.3053,0.051418
3167.5383,0.051419
3167.7712,0.051430
3168.0042,0.051451
3168.2372,0.051481
3168.4701,0.051518
3168.7031,0.051561
3168.9360,0.051605
3169.1690,0.051643
3169.4020,0.051665
3169.6349,0.051661
3169.8679,0.051629
3170.1008,0.051570
3170.3338,0.051496
3170.5667,0.051423
3170.7997,0.051364
3171.0327,0.051329
3171.2656,0.051316
3171.4986,0.051321
3171.7315,0.051332
3171.9645,0.051344
3172.1975,0.051354
3172.4304,0.051363
3172.6634,0.051374
3172.8963,0.051388
3173.1293,0.051404
3173.3623,0.051416
3173.5952,0.051420
3173.8282,0.051416
3174.0611,0.051406
3174.2941,0.051397
3174.5270,0.051394
3174.7600,0.051401
3174.9930,0.051412
3175.2259,0.051422
3175.4589,0.051422
3175.6918,0.051411
3175.9248,0.051390
3176.1578,0.051369
3176.3907,0.051358
3176.6237,0.051363
3176.8566,0.051388
3177.0896,0.051431
3177.3225,0.051488
3177.5555,0.051552
3177.7885,0.051619
3178.0214,0.051685
3178.2544,0.051744
3178.4873,0.051789
3178.7203,0.051813
3178.9533,0.051808
3179.1862,0.051775
3179.4192,0.051720
3179.6521,0.051658
3179.8851,0.051603
3180.1181,0.051567
3180.3510,0.051552
3180.5840,0.051553
3180.8169,0.051556
3181.0499,0.051551
3181.2828,0.051529
3181.5158,0.051491
3181.7488,0.051443
3181.9817,0.051391
3182.2147,0.051342
3182.4476,0.051296
3182.6806,0.051252
3182.9136,0.051205
3183.1465,0.051157
3183.3795,0.051114
3183.6124,0.051083
3183.8454,0.051074
3184.0783,0.051091
3184.3113,0.051135
3184.5443,0.051202
3184.7772,0.051285
3185.0102,0.051379
3185.2431,0.051477
3185.4761,0.051574
3185.7091,0.051662
3185.9420,0.051730
3186.1750,0.051768
3186.4079,0.051768
3186.6409,0.051732
3186.8739,0.051667
3187.1068,0.051592
3187.3398,0.051524
3187.5727,0.051471
3187.8057,0.051435
3188.0386,0.051406
3188.2716,0.051371
3188.5046,0.051323
3188.7375,0.051264
3188.9705,0.051211
3189.2034,0.051183
3189.4364,0.051198
3189.6694,0.051261
3189.9023,0.051362
3190.1353,0.051478
3190.3682,0.051581
3190.6012,0.051651
3190.8341,0.051683
3191.0671,0.051685
3191.3001,0.051674
3191.5330,0.051669
3191.7660,0.051681
3191.9989,0.051710
3192.2319,0.051748
3192.4649,0.051780
3192.6978,0.051795
3192.9308,0.051787
3193.1637,0.051755
3193.3967,0.051705
3193.6297,0.051646
3193.8626,0.051585
3194.0956,0.051534
3194.3285,0.051498
3194.5615,0.051483
3194.7944,0.051490
3195.0274,0.051513
3195.2604,0.051541
3195.4933,0.051562
3195.7263,0.051564
3195.9592,0.051546
3196.1922,0.051515
3196.4252,0.051487
3196.6581,0.051477
3196.8911,0.051496
3197.1240,0.051542
3197.3570,0.051599
3197.5899,0.051648
3197.8229,0.051667
3198.0559,0.051649
3198.2888,0.051599
3198.5218,0.051535
3198.7547,0.051476
3198.9877,0.051440
3199.2207,0.051430
3199.4536,0.051441
3199.6866,0.051459
3199.9195,0.051475
3200.1525,0.051485
3200.3855,0.051491
3200.6184,0.051502
3200.8514,0.051524
3201.0843,0.051554
3201.3173,0.051584
3201.5502,0.051600
3201.7832,0.051590
3202.0162,0.051552
3202.2491,0.051491
3202.4821,0.051421
3202.7150,0.051358
3202.9480,0.051311
3203.1810,0.051285
3203.4139,0.051275
3203.6469,0.051275
3203.8798,0.051277
3204.1128,0.051279
3204.3457,0.051280
3204.5787,0.051284
3204.8117,0.051291
3205.0446,0.051301
3205.2776,0.051311
3205.5105,0.051317
3205.7435,0.051319
3205.9765,0.051318
3206.2094,0.051319
3206.4424,0.051326
3206.6753,0.051343
3206.9083,0.051368
3207.1413,0.051401
3207.3742,0.051437
3207.6072,0.051474
3207.8401,0.051510
3208.0731,0.051544
3208.3060,0.051574
3208.5390,0.051597
3208.7720,0.051607
3209.0049,0.051600
3209.2379,0.051574
3209.4708,0.051528
3209.7038,0.051469
3209.9368,0.051405
3210.1697,0.051344
3210.4027,0.051297
3210.6356,0.051269
3210.8686,0.051263
3211.1015,0.051281
3211.3345,0.051316
3211.5675,0.051360
3211.8004,0.051402
3212.0334,0.051432
3212.2663,0.051439
3212.4993,0.051421
3212.7323,0.051382
3212.9652,0.051333
3213.1982,0.051290
3213.4311,0.051264
3213.6641,0.051266
3213.8971,0.051296
3214.1300,0.051346
3214.3630,0.051406
3214.5959,0.051467
3214.8289,0.051521
3215.0618,0.051565
3215.2948,0.051601
3215.5278,0.051629
3215.7607,0.051648
3215.9937,0.051656
3216.2266,0.051650
3216.4596,0.051632
3216.6926,0.051606
3216.9255,0.051581
3217.1585,0.051568
3217.3914,0.051576
3217.6244,0.051608
3217.8573,0.051661
3218.0903,0.051726
3218.3233,0.051792
3218.5562,0.051845
3218.7892,0.051875
3219.0221,0.051877
3219.2551,0.051850
3219.4881,0.051798
3219.7210,0.051729
3219.9540,0.051655
3220.1869,0.051589
3220.4199,0.051541
3220.6528,0.051518
3220.8858,0.051515
3221.1188,0.051527
3221.3517,0.051542
3221.5847,0.051554
3221.8176,0.051562
3222.0506,0.051576
3222.2836,0.051605
3222.5165,0.051658
3222.7495,0.051731
3222.9824,0.051808
3223.2154,0.051863
3223.4484,0.051872
3223.6813,0.051820
3223.9143,0.051712
3224.1472,0.051570
3224.3802,0.051428
3224.6131,0.051315
3224.8461,0.051251
3225.0791,0.051232
3225.3120,0.051245
3225.5450,0.051266
3225.7779,0.051282
3226.0109,0.051288
3226.2439,0.051294
3226.4768,0.051317
3226.7098,0.051366
3226.9427,0.051441
3227.1757,0.051528
3227.4086,0.051605
3227.6416,0.051653
3227.8746,0.051663
3228.1075,0.051639
3228.3405,0.051594
3228.5734,0.051544
3228.8064,0.051502
3229.0394,0.051472
3229.2723,0.051453
3229.5053,0.051441
3229.7382,0.051436
3229.9712,0.051443
3230.2042,0.051472
3230.4371,0.051527
3230.6701,0.051607
3230.9030,0.051702
3231.1360,0.051793
3231.3689,0.051863
3231.6019,0.051897
3231.8349,0.051893
3232.0678,0.051855
3232.3008,0.051799
3232.5337,0.051740
3232.7667,0.051695
3232.9997,0.051676
3233.2326,0.051692
3233.4656,0.051744
3233.6985,0.051828
3233.9315,0.051932
3234.1644,0.052040
3234.3974,0.052134
3234.6304,0.052200
3234.8633,0.052232
3235.0963,0.052235
3235.3292,0.052223
3235.5622,0.052213
3235.7952,0.052214
3236.0281,0.052229
3236.2611,0.052247
3236.4940,0.052253
3236.7270,0.052235
3236.9600,0.052191
3237.1929,0.052130
3237.4259,0.052070
3237.6588,0.052027
3237.8918,0.052008
3238.1247,0.052007
3238.3577,0.052009
3238.5907,0.051999
3238.8236,0.051970
3239.0566,0.051928
3239.2895,0.051887
3239.5225,0.051864
3239.7555,0.051866
3239.9884,0.051888
3240.2214,0.051914
3240.4543,0.051923
3240.6873,0.051902
3240.9202,0.051850
3241.1532,0.051783
3241.3862,0.051719
3241.6191,0.051678
3241.8521,0.051663
3242.0850,0.051670
3242.3180,0.051686
3242.5510,0.051702
3242.7839,0.051716
3243.0169,0.051737
3243.2498,0.051778
3243.4828,0.051845
3243.7158,0.051935
3243.9487,0.052033
3244.1817,0.052117
3244.4146,0.052170
3244.6476,0.052187
3244.8805,0.052175
3245.1135,0.052150
3245.3465,0.052126
3245.5794,0.052107
3245.8124,0.052087
3246.0453,0.052056
3246.2783,0.052003
3246.5113,0.051933
3246.7442,0.051858
3246.9772,0.051799
3247.2101,0.051774
3247.4431,0.051787
3247.6760,0.051831
3247.9090,0.051886
3248.1420,0.051935
3248.3749,0.051969
3248.6079,0.051994
3248.8408,0.052024
3249.0738,0.052072
3249.3068,0.052142
3249.5397,0.052223
3249.7727,0.052293
3250.0056,0.052328
3250.2386,0.052312
3250.4716,0.052246
3250.7045,0.052147
3250.9375,0.052040
3251.1704,0.051949
3251.4034,0.051886
3251.6363,0.051854
3251.8693,0.051846
3252.1023,0.051853
3252.3352,0.051870
3252.5682,0.051899
3252.8011,0.051940
3253.0341,0.051997
3253.2671,0.052064
3253.5000,0.052134
3253.7330,0.052197
3253.9659,0.052246
3254.1989,0.052280
3254.4318,0.052304
3254.6648,0.052321
3254.8978,0.052333
3255.1307,0.052334
3255.3637,0.052318
3255.5966,0.052278
3255.8296,0.052212
3256.0626,0.052127
3256.2955,0.052037
3256.5285,0.051956
3256.7614,0.051896
3256.9944,0.051863
3257.2274,0.051859
3257.4603,0.051883
3257.6933,0.051934
3257.9262,0.052011
3258.1592,0.052111
3258.3921,0.052226
3258.6251,0.052342
3258.8581,0.052439
3259.0910,0.052498
3259.3240,0.052509
3259.5569,0.052472
3259.7899,0.052400
3260.0229,0.052310
3260.2558,0.052220
3260.4888,0.052138
3260.7217,0.052068
3260.9547,0.052008
3261.1876,0.051961
3261.4206,0.051933
3261.6536,0.051939
3261.8865,0.051988
3262.1195,0.052081
3262.3524,0.052201
3262.5854,0.052318
3262.8184,0.052399
3263.0513,0.052417
3263.2843,0.052365
3263.5172,0.052256
3263.7502,0.052121
3263.9832,0.051993
3264.2161,0.051895
3264.4491,0.051833
3264.6820,0.051796
3264.9150,0.051767
3265.1479,0.051733
3265.3809,0.051694
3265.6139,0.051658
3265.8468,0.051641
3266.0798,0.051653
3266.3127,0.051693
3266.5457,0.051748
3266.7787,0.051800
3267.0116,0.051834
3267.2446,0.051844
3267.4775,0.051837
3267.7105,0.051829
3267.9434,0.051832
3268.1764,0.051855
3268.4094,0.051894
3268.6423,0.051944
3268.8753,0.051993
3269.1082,0.052039
3269.3412,0.052080
3269.5742,0.052117
3269.8071,0.052148
3270.0401,0.052164
3270.2730,0.052151
3270.5060,0.052098
3270.7390,0.052003
3270.9719,0.051880
3271.2049,0.051755
3271.4378,0.051660
3271.6708,0.051621
3271.9037,0.051653
3272.1367,0.051750
3272.3697,0.051888
3272.6026,0.052039
3272.8356,0.052171
3273.0685,0.052266
3273.3015,0.052320
3273.5345,0.052340
3273.7674,0.052342
3274.0004,0.052344
3274.2333,0.052359
3274.4663,0.052395
3274.6992,0.052449
3274.9322,0.052515
3275.1652,0.052579
3275.3981,0.052629
3275.6311,0.052656
3275.8640,0.052659
3276.0970,0.052642
3276.3300,0.052619
3276.5629,0.052602
3276.7959,0.052602
3277.0288,0.052619
3277.2618,0.052645
3277.4948,0.052665
3277.7277,0.052666
3277.9607,0.052642
3278.1936,0.052596
3278.4266,0.052540
3278.6595,0.052487
3278.8925,0.052443
3279.1255,0.052406
3279.3584,0.052367
3279.5914,0.052313
3279.8243,0.052241
3280.0573,0.052156
3280.2903,0.052075
3280.5232,0.052019
3280.7562,0.051999
3280.9891,0.052014
3281.2221,0.052049
3281.4550,0.052080
3281.6880,0.052087
3281.9210,0.052062
3282.1539,0.052013
3282.3869,0.051960
3282.6198,0.051930
3282.8528,0.051937
3283.0858,0.051984
3283.3187,0.052060
3283.5517,0.052144
3283.7846,0.052216
3284.0176,0.052263
3284.2506,0.052279
3284.4835,0.052263
3284.7165,0.052217
3284.9494,0.052141
3285.1824,0.052034
3285.4153,0.051900
3285.6483,0.051751
3285.8813,0.051606
3286.1142,0.051487
3286.3472,0.051413
3286.5801,0.051391
3286.8131,0.051414
3287.0461,0.051465
3287.2790,0.051521
3287.5120,0.051567
3287.7449,0.051597
3287.9779,0.051617
3288.2108,0.051633
3288.4438,0.051653
3288.6768,0.051673
3288.9097,0.051682
3289.1427,0.051668
3289.3756,0.051623
3289.6086,0.051548
3289.8416,0.051456
3290.0745,0.051366
3290.3075,0.051295
3290.5404,0.051254
3290.7734,0.051244
3291.0064,0.051261
3291.2393,0.051297
3291.4723,0.051348
3291.7052,0.051413
3291.9382,0.051495
3292.1711,0.051593
3292.4041,0.051701
3292.6371,0.051809
3292.8700,0.051903
3293.1030,0.051972
3293.3359,0.052009
3293.5689,0.052017
3293.8019,0.051999
3294.0348,0.051960
3294.2678,0.051905
3294.5007,0.051836
3294.7337,0.051757
3294.9666,0.051676
3295.1996,0.051608
3295.4326,0.051568
3295.6655,0.051572
3295.8985,0.051623
3296.1314,0.051715
3296.3644,0.051832
3296.5974,0.051952
3296.8303,0.052055
3297.0633,0.052129
3297.2962,0.052169
3297.5292,0.052180
3297.7622,0.052165
3297.9951,0.052127
3298.2281,0.052065
3298.4610,0.051979
3298.6940,0.051872
3298.9269,0.051755
3299.1599,0.051641
3299.3929,0.051547
3299.6258,0.051483
3299.8588,0.051450
3300.0917,0.051439
3300.3247,0.051433
3300.5577,0.051416
3300.7906,0.051376
3301.0236,0.051311
3301.2565,0.051230
3301.4895,0.051145
3301.7224,0.051070
3301.9554,0.051015
3302.1884,0.050983
3302.4213,0.050971
3302.6543,0.050974
3302.8872,0.050982
3303.1202,0.050988
3303.3532,0.050988
3303.5861,0.050982
3303.8191,0.050977
3304.0520,0.050982
3304.2850,0.051011
3304.5180,0.051074
3304.7509,0.051174
3304.9839,0.051306
3305.2168,0.051455
3305.4498,0.051598
3305.6827,0.051717
3305.9157,0.051799
3306.1487,0.051844
3306.3816,0.051865
3306.6146,0.051882
3306.8475,0.051914
3307.0805,0.051972
3307.3135,0.052056
3307.5464,0.052156
3307.7794,0.052259
3308.0123,0.052351
3308.2453,0.052425
3308.4782,0.052481
3308.7112,0.052520
3308.9442,0.052545
3309.1771,0.052554
3309.4101,0.052542
3309.6430,0.052505
3309.8760,0.052443
3310.1090,0.052362
3310.3419,0.052271
3310.5749,0.052184
3310.8078,0.052110
3311.0408,0.052053
3311.2738,0.052014
3311.5067,0.051985
3311.7397,0.051960
3311.9726,0.051933
3312.2056,0.051903
3312.4385,0.051870
3312.6715,0.051838
3312.9045,0.051810
3313.1374,0.051792
3313.3704,0.051786
3313.6033,0.051797
3313.8363,0.051823
3314.0693,0.051860
3314.3022,0.051899
3314.5352,0.051929
3314.7681,0.051941
3315.0011,0.051929
3315.2340,0.051895
3315.4670,0.051847
3315.7000,0.051794
3315.9329,0.051743
3316.1659,0.051692
3316.3988,0.051634
3316.6318,0.051559
3316.8648,0.051461
3317.0977,0.051344
3317.3307,0.051225
3317.5636,0.051126
3317.7966,0.051069
3318.0296,0.051069
3318.2625,0.051122
3318.4955,0.051215
3318.7284,0.051325
3318.9614,0.051428
3319.1943,0.051509
3319.4273,0.051562
3319.6603,0.051588
3319.8932,0.051590
3320.1262,0.051570
3320.3591,0.051526
3320.5921,0.051459
3320.8251,0.051374
3321.0580,0.051280
3321.2910,0.051192
3321.5239,0.051124
3321.7569,0.051082
3321.9898,0.051062
3322.2228,0.051051
3322.4558,0.051035
3322.6887,0.051006
3322.9217,0.050967
3323.1546,0.050932
3323.3876,0.050920
3323.6206,0.050942
3323.8535,0.050998
3324.0865,0.051074
3324.3194,0.051146
3324.5524,0.051194
3324.7854,0.051209
3325.0183,0.051202
3325.2513,0.051195
3325.4842,0.051216
3325.7172,0.051283
3325.9501,0.051398
3326.1831,0.051546
3326.4161,0.051700
3326.6490,0.051829
3326.8820,0.051912
3327.1149,0.051941
3327.3479,0.051921
3327.5809,0.051864
3327.8138,0.051788
3328.0468,0.051707
3328.2797,0.051630
3328.5127,0.051564
3328.7456,0.051513
3328.9786,0.051478
3329.2116,0.051454
3329.4445,0.051435
3329.6775,0.051413
3329.9104,0.051381
3330.1434,0.051336
3330.3764,0.051283
3330.6093,0.051237
3330.8423,0.051213
3331.0752,0.051226
3331.3082,0.051283
3331.5412,0.051382
3331.7741,0.051507
3332.0071,0.051637
3332.2400,0.051751
3332.4730,0.051829
3332.7059,0.051859
3332.9389,0.051839
3333.1719,0.051771
3333.4048,0.051668
3333.6378,0.051546
3333.8707,0.051429
3334.1037,0.051340
3334.3367,0.051300
3334.5696,0.051320
3334.8026,0.051397
3335.0355,0.051512
3335.2685,0.051637
3335.5014,0.051739
3335.7344,0.051790
3335.9674,0.051777
3336.2003,0.051703
3336.4333,0.051587
3336.6662,0.051455
3336.8992,0.051333
3337.1322,0.051241
3337.3651,0.051192
3337.5981,0.051185
3337.8310,0.051216
3338.0640,0.051274
3338.2970,0.051346
3338.5299,0.051420
3338.7629,0.051487
3338.9958,0.051543
3339.2288,0.051588
3339.4617,0.051630
3339.6947,0.051682
3339.9277,0.051750
3340.1606,0.051837
3340.3936,0.051933
3340.6265,0.052020
3340.8595,0.052075
3341.0925,0.052079
3341.3254,0.052026
3341.5584,0.051925
3341.7913,0.051798
3342.0243,0.051670
3342.2572,0.051564
3342.4902,0.051493
3342.7232,0.051457
3342.9561,0.051450
3343.1891,0.051466
3343.4220,0.051499
3343.6550,0.051549
3343.8880,0.051616
3344.1209,0.051696
3344.3539,0.051775
3344.5868,0.051837
3344.8198,0.051864
3345.0528,0.051846
3345.2857,0.051784
3345.5187,0.051695
3345.7516,0.051603
3345.9846,0.051530
3346.2175,0.051487
3346.4505,0.051475
3346.6835,0.051482
3346.9164,0.051489
3347.1494,0.051483
3347.3823,0.051457
3347.6153,0.051413
3347.8483,0.051359
3348.0812,0.051308
3348.3142,0.051270
3348.5471,0.051253
3348.7801,0.051262
3349.0130,0.051297
3349.2460,0.051359
3349.4790,0.051442
3349.7119,0.051537
3349.9449,0.051629
3350.1778,0.051705
3350.4108,0.051758
3350.6438,0.051788
3350.8767,0.051805
3351.1097,0.051829
3351.3426,0.051877
3351.5756,0.051961
3351.8086,0.052080
3352.0415,0.052219
3352.2745,0.052360
3352.5074,0.052481
3352.7404,0.052571
3352.9733,0.052625
3353.2063,0.052647
3353.4393,0.052643
3353.6722,0.052619
3353.9052,0.052576
3354.1381,0.052516
3354.3711,0.052443
3354.6041,0.052363
3354.8370,0.052286
3355.0700,0.052221
3355.3029,0.052171
3355.5359,0.052130
3355.7688,0.052088
3356.0018,0.052033
3356.2348,0.051961
3356.4677,0.051877
3356.7007,0.051794
3356.9336,0.051729
3357.1666,0.051693
3357.3996,0.051687
3357.6325,0.051699
3357.8655,0.051710
3358.0984,0.051705
3358.3314,0.051675
3358.5643,0.051625
3358.7973,0.051571
3359.0303,0.051532
3359.2632,0.051525
3359.4962,0.051558
3359.7291,0.051630
3359.9621,0.051731
3360.1951,0.051850
3360.4280,0.051974
3360.6610,0.052094
3360.8939,0.052201
3361.1269,0.052289
3361.3599,0.052355
3361.5928,0.052398
3361.8258,0.052420
3362.0587,0.052429
3362.2917,0.052432
3362.5246,0.052436
3362.7576,0.052438
3362.9906,0.052433
3363.2235,0.052412
3363.4565,0.052371
3363.6894,0.052315
3363.9224,0.052260
3364.1554,0.052227
3364.3883,0.052235
3364.6213,0.052291
3364.8542,0.052386
3365.0872,0.052495
3365.3201,0.052587
3365.5531,0.052636
3365.7861,0.052627
3366.0190,0.052563
3366.2520,0.052464
3366.4849,0.052357
3366.7179,0.052270
3366.9509,0.052227
3367.1838,0.052242
3367.4168,0.052323
3367.6497,0.052466
3367.8827,0.052662
3368.1157,0.052889
3368.3486,0.053121
3368.5816,0.053328
3368.8145,0.053483
3369.0475,0.053573
3369.2804,0.053603
3369.5134,0.053597
3369.7464,0.053586
3369.9793,0.053603
3370.2123,0.053662
3370.4452,0.053758
3370.6782,0.053866
3370.9112,0.053954
3371.1441,0.053997
3371.3771,0.053984
3371.6100,0.053928
3371.8430,0.053852
3372.0759,0.053781
3372.3089,0.053728
3372.5419,0.053694
3372.7748,0.053662
3373.0078,0.053615
3373.2407,0.053541
3373.4737,0.053439
3373.7067,0.053322
3373.9396,0.053205
3374.1726,0.053101
3374.4055,0.053014
3374.6385,0.052937
3374.8715,0.052862
3375.1044,0.052781
3375.3374,0.052692
3375.5703,0.052604
3375.8033,0.052529
3376.0362,0.052478
3376.2692,0.052458
3376.5022,0.052471
3376.7351,0.052515
3376.9681,0.052587
3377.2010,0.052682
3377.4340,0.052796
3377.6670,0.052922
3377.8999,0.053045
3378.1329,0.053144
3378.3658,0.053196
3378.5988,0.053181
3378.8317,0.053093
3379.0647,0.052937
3379.2977,0.052734
3379.5306,0.052513
3379.7636,0.052304
3379.9965,0.052130
3380.2295,0.052006
3380.4625,0.051939
3380.6954,0.051924
3380.9284,0.051953
3381.1613,0.052011
3381.3943,0.052085
3381.6273,0.052160
3381.8602,0.052224
3382.0932,0.052268
3382.3261,0.052285
3382.5591,0.052275
3382.7920,0.052239
3383.0250,0.052177
3383.2580,0.052091
3383.4909,0.051982
3383.7239,0.051852
3383.9568,0.051710
3384.1898,0.051567
3384.4228,0.051441
3384.6557,0.051347
3384.8887,0.051290
3385.1216,0.051269
3385.3546,0.051269
3385.5875,0.051274
3385.8205,0.051266
3386.0535,0.051238
3386.2864,0.051196
3386.5194,0.051150
3386.7523,0.051115
3386.9853,0.051099
3387.2183,0.051104
3387.4512,0.051123
3387.6842,0.051146
3387.9171,0.051168
3388.1501,0.051185
3388.3831,0.051204
3388.6160,0.051229
3388.8490,0.051267
3389.0819,0.051317
3389.3149,0.051375
3389.5478,0.051436
3389.7808,0.051497
3390.0138,0.051559
3390.2467,0.051625
3390.4797,0.051696
3390.7126,0.051772
3390.9456,0.051847
3391.1786,0.051916
3391.4115,0.051976
3391.6445,0.052028
3391.8774,0.052081
3392.1104,0.052144
3392.3433,0.052220
3392.5763,0.052306
3392.8093,0.052389
3393.0422,0.052453
3393.2752,0.052488
3393.5081,0.052491
3393.7411,0.052471
3393.9741,0.052445
3394.2070,0.052426
3394.4400,0.052422
3394.6729,0.052431
3394.9059,0.052444
3395.1389,0.052454
3395.3718,0.052460
3395.6048,0.052468
3395.8377,0.052487
3396.0707,0.052520
3396.3036,0.052559
3396.5366,0.052584
3396.7696,0.052570
3397.0025,0.052499
3397.2355,0.052370
3397.4684,0.052205
3397.7014,0.052037
3397.9344,0.051905
3398.1673,0.051834
3398.4003,0.051829
3398.6332,0.051877
3398.8662,0.051952
3399.0991,0.052030
3399.3321,0.052101
3399.5651,0.052166
3399.7980,0.052239
3400.0310,0.052331
3400.2639,0.052450
3400.4969,0.052592
3400.7299,0.052750
3400.9628,0.052913
3401.1958,0.053080
3401.4287,0.053251
3401.6617,0.053431
3401.8947,0.053615
3402.1276,0.053790
3402.3606,0.053932
3402.5935,0.054012
3402.8265,0.054009
3403.0594,0.053913
3403.2924,0.053730
3403.5254,0.053481
3403.7583,0.053192
3403.9913,0.052891
3404.2242,0.052607
3404.4572,0.052367
3404.6902,0.052196
3404.9231,0.052113
3405.1561,0.052126
3405.3890,0.052226
3405.6220,0.052385
3405.8549,0.052559
3406.0879,0.052703
3406.3209,0.052785
3406.5538,0.052794
3406.7868,0.052749
3407.0197,0.052689
3407.2527,0.052655
3407.4857,0.052674
3407.7186,0.052750
3407.9516,0.052860
3408.1845,0.052967
3408.4175,0.053035
3408.6505,0.053042
3408.8834,0.052986
3409.1164,0.052878
3409.3493,0.052740
3409.5823,0.052589
3409.8152,0.052441
3410.0482,0.052303
3410.2812,0.052189
3410.5141,0.052111
3410.7471,0.052083
3410.9800,0.052114
3411.2130,0.052199
3411.4460,0.052320
3411.6789,0.052449
3411.9119,0.052556
3412.1448,0.052627
3412.3778,0.052663
3412.6107,0.052680
3412.8437,0.052702
3413.0767,0.052742
3413.3096,0.052801
3413.5426,0.052863
3413.7755,0.052908
3414.0085,0.052920
3414.2415,0.052900
3414.4744,0.052861
3414.7074,0.052824
3414.9403,0.052799
3415.1733,0.052783
3415.4063,0.052757
3415.6392,0.052695
3415.8722,0.052584
3416.1051,0.052430
3416.3381,0.052261
3416.5710,0.052115
3416.8040,0.052029
3417.0370,0.052020
3417.2699,0.052081
3417.5029,0.052187
3417.7358,0.052307
3417.9688,0.052415
3418.2018,0.052500
3418.4347,0.052565
3418.6677,0.052614
3418.9006,0.052644
3419.1336,0.052645
3419.3665,0.052599
3419.5995,0.052495
3419.8325,0.052339
3420.0654,0.052152
3420.2984,0.051970
3420.5313,0.051825
3420.7643,0.051735
3420.9973,0.051697
3421.2302,0.051691
3421.4632,0.051691
3421.6961,0.051681
3421.9291,0.051663
3422.1621,0.051656
3422.3950,0.051682
3422.6280,0.051754
3422.8609,0.051867
3423.0939,0.051998
3423.3268,0.052114
3423.5598,0.052185
3423.7928,0.052201
3424.0257,0.052173
3424.2587,0.052123
3424.4916,0.052077
3424.7246,0.052051
3424.9576,0.052047
3425.1905,0.052051
3425.4235,0.052046
3425.6564,0.052021
3425.8894,0.051976
3426.1223,0.051919
3426.3553,0.051864
3426.5883,0.051823
3426.8212,0.051798
3427.0542,0.051785
3427.2871,0.051775
3427.5201,0.051763
3427.7531,0.051746
3427.9860,0.051729
3428.2190,0.051720
3428.4519,0.051726
3428.6849,0.051747
3428.9179,0.051782
3429.1508,0.051821
3429.3838,0.051857
3429.6167,0.051883
3429.8497,0.051894
3430.0826,0.051888
3430.3156,0.051865
3430.5486,0.051825
3430.7815,0.051771
3431.0145,0.051707
3431.2474,0.051635
3431.4804,0.051557
3431.7134,0.051472
3431.9463,0.051378
3432.1793,0.051273
3432.4122,0.051161
3432.6452,0.051054
3432.8781,0.050969
3433.1111,0.050928
3433.3441,0.050944
3433.5770,0.051020
3433.8100,0.051144
3434.0429,0.051291
3434.2759,0.051433
3434.5089,0.051545
3434.7418,0.051618
3434.9748,0.051659
3435.2077,0.051685
3435.4407,0.051717
3435.6737,0.051767
3435.9066,0.051836
3436.1396,0.051912
3436.3725,0.051977
3436.6055,0.052015
3436.8384,0.052015
3437.0714,0.051981
3437.3044,0.051921
3437.5373,0.051850
3437.7703,0.051780
3438.0032,0.051721
3438.2362,0.051674
3438.4692,0.051641
3438.7021,0.051618
3438.9351,0.051603
3439.1680,0.051592
3439.4010,0.051580
3439.6339,0.051564
3439.8669,0.051539
3440.0999,0.051503
3440.3328,0.051456
3440.5658,0.051399
3440.7987,0.051335
3441.0317,0.051265
3441.2647,0.051190
3441.4976,0.051115
3441.7306,0.051043
3441.9635,0.050981
3442.1965,0.050937
3442.4295,0.050917
3442.6624,0.050921
3442.8954,0.050944
3443.1283,0.050980
3443.3613,0.051021
3443.5942,0.051064
3443.8272,0.051112
3444.0602,0.051167
3444.2931,0.051230
3444.5261,0.051294
3444.7590,0.051342
3444.9920,0.051352
3445.2250,0.051308
3445.4579,0.051207
3445.6909,0.051069
3445.9238,0.050928
3446.1568,0.050827
3446.3897,0.050801
3446.6227,0.050860
3446.8557,0.050992
3447.0886,0.051161
3447.3216,0.051322
3447.5545,0.051441
3447.7875,0.051500
3448.0205,0.051504
3448.2534,0.051473
3448.4864,0.051426
3448.7193,0.051376
3448.9523,0.051320
3449.1853,0.051245
3449.4182,0.051138
3449.6512,0.050995
3449.8841,0.050824
3450.1171,0.050644
3450.3500,0.050479
3450.5830,0.050350
3450.8160,0.050270
3451.0489,0.050242
3451.2819,0.050263
3451.5148,0.050325
3451.7478,0.050418
3451.9808,0.050533
3452.2137,0.050658
3452.4467,0.050782
3452.6796,0.050891
3452.9126,0.050977
3453.1455,0.051036
3453.3785,0.051074
3453.6115,0.051102
3453.8444,0.051130
3454.0774,0.051164
3454.3103,0.051199
3454.5433,0.051221
3454.7763,0.051215
3455.0092,0.051169
3455.2422,0.051085
3455.4751,0.050977
3455.7081,0.050868
3455.9411,0.050785
3456.1740,0.050747
3456.4070,0.050763
3456.6399,0.050826
3456.8729,0.050918
3457.1058,0.051009
3457.3388,0.051068
3457.5718,0.051065
3457.8047,0.050984
3458.0377,0.050822
3458.2706,0.050597
3458.5036,0.050347
3458.7366,0.050124
3458.9695,0.049979
3459.2025,0.049950
3459.4354,0.050049
3459.6684,0.050256
3459.9013,0.050527
3460.1343,0.050801
3460.3673,0.051024
3460.6002,0.051160
3460.8332,0.051201
3461.0661,0.051163
3461.2991,0.051074
3461.5321,0.050961
3461.7650,0.050843
3461.9980,0.050725
3462.2309,0.050608
3462.4639,0.050491
3462.6969,0.050380
3462.9298,0.050286
3463.1628,0.050217
3463.3957,0.050177
3463.6287,0.050155
3463.8616,0.050137
3464.0946,0.050105
3464.3276,0.050055
3464.5605,0.049994
3464.7935,0.049944
3465.0264,0.049930
3465.2594,0.049972
3465.4924,0.050072
3465.7253,0.050217
3465.9583,0.050379
3466.1912,0.050529
3466.4242,0.050641
3466.6571,0.050704
3466.8901,0.050717
3467.1231,0.050684
3467.3560,0.050613
3467.5890,0.050508
3467.8219,0.050374
3468.0549,0.050219
3468.2879,0.050055
3468.5208,0.049899
3468.7538,0.049771
3468.9867,0.049688
3469.2197,0.049656
3469.4527,0.049678
3469.6856,0.049747
3469.9186,0.049851
3470.1515,0.049977
3470.3845,0.050112
3470.6174,0.050238
3470.8504,0.050342
3471.0834,0.050408
3471.3163,0.050428
3471.5493,0.050405
3471.7822,0.050349
3472.0152,0.050281
3472.2482,0.050223
3472.4811,0.050187
3472.7141,0.050169
3472.9470,0.050154
3473.1800,0.050121
3473.4129,0.050055
3473.6459,0.049955
3473.8789,0.049844
3474.1118,0.049753
3474.3448,0.049714
3474.5777,0.049746
3474.8107,0.049841
3475.0437,0.049973
3475.2766,0.050102
3475.5096,0.050195
3475.7425,0.050234
3475.9755,0.050224
3476.2085,0.050189
3476.4414,0.050153
3476.6744,0.050134
3476.9073,0.050135
3477.1403,0.050143
3477.3732,0.050138
3477.6062,0.050106
3477.8392,0.050046
3478.0721,0.049966
3478.3051,0.049888
3478.5380,0.049829
3478.7710,0.049802
3479.0040,0.049807
3479.2369,0.049831
3479.4699,0.049858
3479.7028,0.049868
3479.9358,0.049848
3480.1687,0.049791
3480.4017,0.049702
3480.6347,0.049590
3480.8676,0.049472
3481.1006,0.049364
3481.3335,0.049281
3481.5665,0.049230
3481.7995,0.049210
3482.0324,0.049209
3482.2654,0.049214
3482.4983,0.049210
3482.7313,0.049192
3482.9643,0.049161
3483.1972,0.049129
3483.4302,0.049112
3483.6631,0.049122
3483.8961,0.049165
3484.1290,0.049238
3484.3620,0.049334
3484.5950,0.049445
3484.8279,0.049561
3485.0609,0.049676
3485.2938,0.049782
3485.5268,0.049867
3485.7598,0.049916
3485.9927,0.049914
3486.2257,0.049850
3486.4586,0.049729
3486.6916,0.049571
3486.9245,0.049408
3487.1575,0.049273
3487.3905,0.049184
3487.6234,0.049142
3487.8564,0.049129
3488.0893,0.049116
3488.3223,0.049075
3488.5553,0.048996
3488.7882,0.048886
3489.0212,0.048771
3489.2541,0.048680
3489.4871,0.048635
3489.7201,0.048643
3489.9530,0.048696
3490.1860,0.048776
3490.4189,0.048867
3490.6519,0.048956
3490.8848,0.049038
3491.1178,0.049112
3491.3508,0.049176
3491.5837,0.049219
3491.8167,0.049228
3492.0496,0.049195
3492.2826,0.049116
3492.5156,0.049004
3492.7485,0.048881
3492.9815,0.048773
3493.2144,0.048699
3493.4474,0.048668
3493.6803,0.048679
3493.9133,0.048719
3494.1463,0.048776
3494.3792,0.048840
3494.6122,0.048905
3494.8451,0.048967
3495.0781,0.049022
3495.3111,0.049063
3495.5440,0.049081
3495.7770,0.049073
3496.0099,0.049039
3496.2429,0.048985
3496.4758,0.048921
3496.7088,0.048853
3496.9418,0.048783
3497.1747,0.048705
3497.4077,0.048614
3497.6406,0.048508
3497.8736,0.048399
3498.1066,0.048306
3498.3395,0.048249
3498.5725,0.048242
3498.8054,0.048282
3499.0384,0.048351
3499.2714,0.048418
3499.5043,0.048456
3499.7373,0.048450
3499.9702,0.048406
3500.2032,0.048345
3500.4361,0.048294
3500.6691,0.048276
3500.9021,0.048294
3501.1350,0.048340
3501.3680,0.048391
3501.6009,0.048427
3501.8339,0.048436
3502.0669,0.048421
3502.2998,0.048395
3502.5328,0.048374
3502.7657,0.048374
3502.9987,0.048397
3503.2316,0.048441
3503.4646,0.048496
3503.6976,0.048554
3503.9305,0.048603
3504.1635,0.048637
3504.3964,0.048648
3504.6294,0.048625
3504.8624,0.048562
3505.0953,0.048456
3505.3283,0.048313
3505.5612,0.048147
3505.7942,0.047976
3506.0272,0.047819
3506.2601,0.047689
3506.4931,0.047592
3506.7260,0.047528
3506.9590,0.047496
3507.1919,0.047494
3507.4249,0.047520
3507.6579,0.047570
3507.8908,0.047638
3508.1238,0.047710
3508.3567,0.047773
3508.5897,0.047818
3508.8227,0.047842
3509.0556,0.047856
3509.2886,0.047875
3509.5215,0.047911
3509.7545,0.047968
3509.9874,0.048027
3510.2204,0.048061
3510.4534,0.048041
3510.6863,0.047948
3510.9193,0.047791
3511.1522,0.047600
3511.3852,0.047421
3511.6182,0.047294
3511.8511,0.047241
3512.0841,0.047256
3512.3170,0.047315
3512.5500,0.047385
3512.7830,0.047435
3513.0159,0.047451
3513.2489,0.047433
3513.4818,0.047386
3513.7148,0.047316
3513.9477,0.047220
3514.1807,0.047089
3514.4137,0.046918
3514.6466,0.046716
3514.8796,0.046508
3515.1125,0.046334
3515.3455,0.046234
3515.5785,0.046234
3515.8114,0.046334
3516.0444,0.046505
3516.2773,0.046702
3516.5103,0.046875
3516.7432,0.046988
3516.9762,0.047031
3517.2092,0.047019
3517.4421,0.046982
3517.6751,0.046954
3517.9080,0.046959
3518.1410,0.047005
3518.3740,0.047082
3518.6069,0.047171
3518.8399,0.047249
3519.0728,0.047295
3519.3058,0.047300
3519.5388,0.047262
3519.7717,0.047190
3520.0047,0.047099
3520.2376,0.047010
3520.4706,0.046941
3520.7035,0.046907
3520.9365,0.046915
3521.1695,0.046963
3521.4024,0.047044
3521.6354,0.047150
3521.8683,0.047275
3522.1013,0.047412
3522.3343,0.047555
3522.5672,0.047690
3522.8002,0.047793
3523.0331,0.047829
3523.2661,0.047765
3523.4990,0.047577
3523.7320,0.047271
3523.9650,0.046885
3524.1979,0.046487
3524.4309,0.046158
3524.6638,0.045960
3524.8968,0.045921
3525.1298,0.046024
3525.3627,0.046211
3525.5957,0.046411
3525.8286,0.046555
3526.0616,0.046607
3526.2946,0.046565
3526.5275,0.046462
3526.7605,0.046343
3526.9934,0.046252
3527.2264,0.046212
3527.4593,0.046220
3527.6923,0.046252
3527.9253,0.046276
3528.1582,0.046262
3528.3912,0.046193
3528.6241,0.046072
3528.8571,0.045914
3529.0901,0.045746
3529.3230,0.045594
3529.5560,0.045478
3529.7889,0.045409
3530.0219,0.045386
3530.2548,0.045400
3530.4878,0.045435
3530.7208,0.045479
3530.9537,0.045520
3531.1867,0.045557
3531.4196,0.045594
3531.6526,0.045638
3531.8856,0.045692
3532.1185,0.045755
3532.3515,0.045814
3532.5844,0.045851
3532.8174,0.045847
3533.0504,0.045789
3533.2833,0.045673
3533.5163,0.045508
3533.7492,0.045312
3533.9822,0.045109
3534.2151,0.044922
3534.4481,0.044774
3534.6811,0.044683
3534.9140,0.044665
3535.1470,0.044725
3535.3799,0.044859
3535.6129,0.045047
3535.8459,0.045256
3536.0788,0.045449
3536.3118,0.045588
3536.5447,0.045650
3536.7777,0.045631
3537.0106,0.045552
3537.2436,0.045451
3537.4766,0.045366
3537.7095,0.045328
3537.9425,0.045343
3538.1754,0.045401
3538.4084,0.045475
3538.6414,0.045538
3538.8743,0.045566
3539.1073,0.045546
3539.3402,0.045474
3539.5732,0.045349
3539.8062,0.045169
3540.0391,0.044939
3540.2721,0.044669
3540.5050,0.044383
3540.7380,0.044117
3540.9709,0.043912
3541.2039,0.043798
3541.4369,0.043787
3541.6698,0.043863
3541.9028,0.043988
3542.1357,0.044116
3542.3687,0.044209
3542.6017,0.044249
3542.8346,0.044244
3543.0676,0.044223
3543.3005,0.044216
3543.5335,0.044249
3543.7664,0.044326
3543.9994,0.044437
3544.2324,0.044562
3544.4653,0.044680
3544.6983,0.044780
3544.9312,0.044856
3545.1642,0.044905
3545.3972,0.044924
3545.6301,0.044906
3545.8631,0.044845
3546.0960,0.044744
3546.3290,0.044621
3546.5620,0.044506
3546.7949,0.044430
3547.0279,0.044412
3547.2608,0.044448
3547.4938,0.044507
3547.7267,0.044544
3547.9597,0.044512
3548.1927,0.044387
3548.4256,0.044175
3548.6586,0.043915
3548.8915,0.043658
3549.1245,0.043456
3549.3575,0.043338
3549.5904,0.043307
3549.8234,0.043342
3550.0563,0.043410
3550.2893,0.043480
3550.5222,0.043534
3550.7552,0.043566
3550.9882,0.043581
3551.2211,0.043590
3551.4541,0.043598
3551.6870,0.043606
3551.9200,0.043606
3552.1530,0.043590
3552.3859,0.043549
3552.6189,0.043477
3552.8518,0.043373
3553.0848,0.043241
3553.3178,0.043085
3553.5507,0.042914
3553.7837,0.042737
3554.0166,0.042559
3554.2496,0.042383
3554.4825,0.042209
3554.7155,0.042035
3554.9485,0.041868
3555.1814,0.041719
3555.4144,0.041612
3555.6473,0.041572
3555.8803,0.041622
3556.1133,0.041764
3556.3462,0.041980
3556.5792,0.042228
3556.8121,0.042456
3557.0451,0.042614
3557.2780,0.042674
3557.5110,0.042636
3557.7440,0.042530
3557.9769,0.042404
3558.2099,0.042306
3558.4428,0.042265
3558.6758,0.042285
3558.9088,0.042349
3559.1417,0.042425
3559.3747,0.042481
3559.6076,0.042497
3559.8406,0.042466
3560.0736,0.042395
3560.3065,0.042292
3560.5395,0.042170
3560.7724,0.042038
3561.0054,0.041910
3561.2383,0.041804
3561.4713,0.041741
3561.7043,0.041736
3561.9372,0.041796
3562.1702,0.041906
3562.4031,0.042040
3562.6361,0.042163
3562.8691,0.042242
3563.1020,0.042266
3563.3350,0.042240
3563.5679,0.042189
3563.8009,0.042146
3564.0338,0.042134
3564.2668,0.042165
3564.4998,0.042232
3564.7327,0.042318
3564.9657,0.042409
3565.1986,0.042496
3565.4316,0.042582
3565.6646,0.042674
3565.8975,0.042775
3566.1305,0.042876
3566.3634,0.042952
3566.5964,0.042974
3566.8294,0.042913
3567.0623,0.042760
3567.2953,0.042528
3567.5282,0.042249
3567.7612,0.041968
3567.9941,0.041724
3568.2271,0.041537
3568.4601,0.041410
3568.6930,0.041326
3568.9260,0.041257
3569.1589,0.041175
3569.3919,0.041059
3569.6249,0.040900
3569.8578,0.040706
3570.0908,0.040497
3570.3237,0.040303
3570.5567,0.040159
3570.7896,0.040090
3571.0226,0.040110
3571.2556,0.040211
3571.4885,0.040370
3571.7215,0.040549
3571.9544,0.040710
3572.1874,0.040825
3572.4204,0.040889
3572.6533,0.040917
3572.8863,0.040939
3573.1192,0.040979
3573.3522,0.041049
3573.5852,0.041134
3573.8181,0.041202
3574.0511,0.041211
3574.2840,0.041133
3574.5170,0.040958
3574.7499,0.040709
3574.9829,0.040425
3575.2159,0.040152
3575.4488,0.039929
3575.6818,0.039775
3575.9147,0.039689
3576.1477,0.039657
3576.3807,0.039660
3576.6136,0.039678
3576.8466,0.039701
3577.0795,0.039721
3577.3125,0.039730
3577.5454,0.039723
3577.7784,0.039693
3578.0114,0.039636
3578.2443,0.039560
3578.4773,0.039480
3578.7102,0.039418
3578.9432,0.039398
3579.1762,0.039434
3579.4091,0.039526
3579.6421,0.039660
3579.8750,0.039808
3580.1080,0.039940
3580.3410,0.040027
3580.5739,0.040052
3580.8069,0.040007
3581.0398,0.039901
3581.2728,0.039749
3581.5057,0.039574
3581.7387,0.039402
3581.9717,0.039255
3582.2046,0.039150
3582.4376,0.039094
3582.6705,0.039087
3582.9035,0.039117
3583.1365,0.039170
3583.3694,0.039233
3583.6024,0.039294
3583.8353,0.039351
3584.0683,0.039405
3584.3012,0.039460
3584.5342,0.039520
3584.7672,0.039582
3585.0001,0.039642
3585.2331,0.039696
3585.4660,0.039743
3585.6990,0.039788
3585.9320,0.039838
3586.1649,0.039902
3586.3979,0.039980
3586.6308,0.040064
3586.8638,0.040132
3587.0968,0.040161
3587.3297,0.040130
3587.5627,0.040034
3587.7956,0.039885
3588.0286,0.039713
3588.2615,0.039550
3588.4945,0.039424
3588.7275,0.039339
3588.9604,0.039281
3589.1934,0.039217
3589.4263,0.039114
3589.6593,0.038945
3589.8923,0.038704
3590.1252,0.038410
3590.3582,0.038099
3590.5911,0.037817
3590.8241,0.037606
3591.0570,0.037492
3591.2900,0.037480
3591.5230,0.037558
3591.7559,0.037703
3591.9889,0.037885
3592.2218,0.038079
3592.4548,0.038262
3592.6878,0.038420
3592.9207,0.038544
3593.1537,0.038631
3593.3866,0.038679
3593.6196,0.038687
3593.8526,0.038657
3594.0855,0.038597
3594.3185,0.038519
3594.5514,0.038446
3594.7844,0.038400
3595.0173,0.038401
3595.2503,0.038455
3595.4833,0.038552
3595.7162,0.038671
3595.9492,0.038779
3596.1821,0.038848
3596.4151,0.038860
3596.6481,0.038812
3596.8810,0.038719
3597.1140,0.038604
3597.3469,0.038488
3597.5799,0.038387
3597.8128,0.038304
3598.0458,0.038235
3598.2788,0.038176
3598.5117,0.038124
3598.7447,0.038083
3598.9776,0.038058
3599.2106,0.038053
3599.4436,0.038065
3599.6765,0.038082
3599.9095,0.038089
3600.1424,0.038074
3600.3754,0.038034
3600.6084,0.037980
3600.8413,0.037931
3601.0743,0.037909
3601.3072,0.037927
3601.5402,0.037985
3601.7731,0.038068
3602.0061,0.038151
3602.2391,0.038207
3602.4720,0.038217
3602.7050,0.038178
3602.9379,0.038098
3603.1709,0.037997
3603.4039,0.037894
3603.6368,0.037804
3603.8698,0.037736
3604.1027,0.037692
3604.3357,0.037670
3604.5686,0.037669
3604.8016,0.037685
3605.0346,0.037719
3605.2675,0.037767
3605.5005,0.037824
3605.7334,0.037886
3605.9664,0.037945
3606.1994,0.037997
3606.4323,0.038041
3606.6653,0.038079
3606.8982,0.038112
3607.1312,0.038142
3607.3642,0.038166
3607.5971,0.038178
3607.8301,0.038174
3608.0630,0.038151
3608.2960,0.038112
3608.5289,0.038066
3608.7619,0.038021
3608.9949,0.037983
3609.2278,0.037945
3609.4608,0.037894
3609.6937,0.037808
3609.9267,0.037664
3610.1597,0.037452
3610.3926,0.037180
3610.6256,0.036880
3610.8585,0.036604
3611.0915,0.036408
3611.3244,0.036338
3611.5574,0.036415
3611.7904,0.036631
3612.0233,0.036953
3612.2563,0.037327
3612.4892,0.037695
3612.7222,0.037995
3612.9552,0.038176
3613.1881,0.038204
3613.4211,0.038075
3613.6540,0.037814
3613.8870,0.037475
3614.1200,0.037124
3614.3529,0.036823
3614.5859,0.036611
3614.8188,0.036499
3615.0518,0.036470
3615.2847,0.036487
3615.5177,0.036507
3615.7507,0.036495
3615.9836,0.036436
3616.2166,0.036342
3616.4495,0.036250
3616.6825,0.036208
3616.9155,0.036263
3617.1484,0.036437
3617.3814,0.036719
3617.6143,0.037065
3617.8473,0.037409
3618.0802,0.037680
3618.3132,0.037820
3618.5462,0.037805
3618.7791,0.037649
3619.0121,0.037405
3619.2450,0.037140
3619.4780,0.036913
3619.7110,0.036751
3619.9439,0.036644
3620.1769,0.036553
3620.4098,0.036431
3620.6428,0.036245
3620.8758,0.035993
3621.1087,0.035703
3621.3417,0.035425
3621.5746,0.035213
3621.8076,0.035104
3622.0405,0.035110
3622.2735,0.035218
3622.5065,0.035394
3622.7394,0.035601
3622.9724,0.035800
3623.2053,0.035965
3623.4383,0.036080
3623.6713,0.036144
3623.9042,0.036168
3624.1372,0.036169
3624.3701,0.036169
3624.6031,0.036186
3624.8360,0.036237
3625.0690,0.036326
3625.3020,0.036452
3625.5349,0.036605
3625.7679,0.036772
3626.0008,0.036942
3626.2338,0.037109
3626.4668,0.037274
3626.6997,0.037448
3626.9327,0.037643
3627.1656,0.037870
3627.3986,0.038137
3627.6316,0.038437
3627.8645,0.038757
3628.0975,0.039071
3628.3304,0.039350
3628.5634,0.039562
3628.7963,0.039675
3629.0293,0.039662
3629.2623,0.039502
3629.4952,0.039187
3629.7282,0.038729
3629.9611,0.038162
3630.1941,0.037538
3630.4271,0.036920
3630.6600,0.036362
3630.8930,0.035904
3631.1259,0.035566
3631.3589,0.035353
3631.5918,0.035259
3631.8248,0.035270
3632.0578,0.035367
3632.2907,0.035530
3632.5237,0.035738
3632.7566,0.035967
3632.9896,0.036198
3633.2226,0.036415
3633.4555,0.036605
3633.6885,0.036757
3633.9214,0.036861
3634.1544,0.036909
3634.3873,0.036887
3634.6203,0.036788
3634.8533,0.036606
3635.0862,0.036353
3635.3192,0.036058
3635.5521,0.035763
3635.7851,0.035516
3636.0181,0.035357
3636.2510,0.035305
3636.4840,0.035355
3636.7169,0.035482
3636.9499,0.035648
3637.1829,0.035811
3637.4158,0.035938
3637.6488,0.036010
3637.8817,0.036025
3638.1147,0.035995
3638.3476,0.035937
3638.5806,0.035868
3638.8136,0.035799
3639.0465,0.035736
3639.2795,0.035679
3639.5124,0.035630
3639.7454,0.035590
3639.9784,0.035564
3640.2113,0.035558
3640.4443,0.035576
3640.6772,0.035620
3640.9102,0.035686
3641.1431,0.035765
3641.3761,0.035844
3641.6091,0.035909
3641.8420,0.035946
3642.0750,0.035949
3642.3079,0.035914
3642.5409,0.035847
3642.7739,0.035756
3643.0068,0.035657
3643.2398,0.035560
3643.4727,0.035477
3643.7057,0.035410
3643.9387,0.035364
3644.1716,0.035338
3644.4046,0.035337
3644.6375,0.035367
3644.8705,0.035438
3645.1034,0.035556
3645.3364,0.035724
3645.5694,0.035936
3645.8023,0.036185
3646.0353,0.036458
3646.2682,0.036749
3646.5012,0.037052
3646.7342,0.037366
3646.9671,0.037685
3647.2001,0.037991
3647.4330,0.038256
3647.6660,0.038440
3647.8989,0.038503
3648.1319,0.038428
3648.3649,0.038231
3648.5978,0.037969
3648.8308,0.037725
3649.0637,0.037579
3649.2967,0.037574
3649.5297,0.037699
3649.7626,0.037897
3649.9956,0.038081
3650.2285,0.038165
3650.4615,0.038092
3650.6945,0.037849
3650.9274,0.037472
3651.1604,0.037028
3651.3933,0.036582
3651.6263,0.036176
3651.8592,0.035822
3652.0922,0.035509
3652.3252,0.035221
3652.5581,0.034954
3652.7911,0.034722
3653.0240,0.034552
3653.2570,0.034472
3653.4900,0.034498
3653.7229,0.034625
3653.9559,0.034833
3654.1888,0.035088
3654.4218,0.035356
3654.6547,0.035612
3654.8877,0.035843
3655.1207,0.036053
3655.3536,0.036253
3655.5866,0.036457
3655.8195,0.036669
3656.0525,0.036877
3656.2855,0.037050
3656.5184,0.037144
3656.7514,0.037113
3656.9843,0.036921
3657.2173,0.036564
3657.4503,0.036075
3657.6832,0.035527
3657.9162,0.035013
3658.1491,0.034622
3658.3821,0.034407
3658.6150,0.034374
3658.8480,0.034489
3659.0810,0.034692
3659.3139,0.034915
3659.5469,0.035101
3659.7798,0.035217
3660.0128,0.035254
3660.2458,0.035228
3660.4787,0.035169
3660.7117,0.035109
3660.9446,0.035067
3661.1776,0.035048
3661.4105,0.035045
3661.6435,0.035047
3661.8765,0.035047
3662.1094,0.035046
3662.3424,0.035050
3662.5753,0.035069
3662.8083,0.035102
3663.0413,0.035145
3663.2742,0.035184
3663.5072,0.035205
3663.7401,0.035200
3663.9731,0.035172
3664.2061,0.035133
3664.4390,0.035098
3664.6720,0.035079
3664.9049,0.035081
3665.1379,0.035097
3665.3708,0.035115
3665.6038,0.035123
3665.8368,0.035117
3666.0697,0.035100
3666.3027,0.035085
3666.5356,0.035087
3666.7686,0.035117
3667.0016,0.035181
3667.2345,0.035277
3667.4675,0.035400
3667.7004,0.035546
3667.9334,0.035714
3668.1663,0.035904
3668.3993,0.036117
3668.6323,0.036348
3668.8652,0.036584
3669.0982,0.036805
3669.3311,0.036987
3669.5641,0.037111
3669.7971,0.037171
3670.0300,0.037176
3670.2630,0.037147
3670.4959,0.037106
3670.7289,0.037062
3670.9619,0.037006
3671.1948,0.036908
3671.4278,0.036729
3671.6607,0.036440
3671.8937,0.036039
3672.1266,0.035563
3672.3596,0.035084
3672.5926,0.034692
3672.8255,0.034465
3673.0585,0.034446
3673.2914,0.034638
3673.5244,0.035009
3673.7574,0.035510
3673.9903,0.036084
3674.2233,0.036680
3674.4562,0.037256
3674.6892,0.037781
3674.9221,0.038233
3675.1551,0.038592
3675.3881,0.038837
3675.6210,0.038937
3675.8540,0.038855
3676.0869,0.038561
3676.3199,0.038046
3676.5529,0.037339
3676.7858,0.036511
3677.0188,0.035657
3677.2517,0.034869
3677.4847,0.034218
3677.7177,0.033740
3677.9506,0.033444
3678.1836,0.033321
3678.4165,0.033352
3678.6495,0.033512
3678.8824,0.033770
3679.1154,0.034094
3679.3484,0.034442
3679.5813,0.034773
3679.8143,0.035046
3680.0472,0.035227
3680.2802,0.035302
3680.5132,0.035274
3680.7461,0.035168
3680.9791,0.035021
3681.2120,0.034874
3681.4450,0.034759
3681.6779,0.034696
3681.9109,0.034689
3682.1439,0.034728
3682.3768,0.034797
3682.6098,0.034878
3682.8427,0.034955
3683.0757,0.035018
3683.3087,0.035066
3683.5416,0.035104
3683.7746,0.035144
3684.0075,0.035199
3684.2405,0.035276
3684.4735,0.035377
3684.7064,0.035494
3684.9394,0.035611
3685.1723,0.035712
3685.4053,0.035787
3685.6382,0.035834
3685.8712,0.035866
3686.1042,0.035904
3686.3371,0.035971
3686.5701,0.036085
3686.8030,0.036253
3687.0360,0.036472
3687.2690,0.036729
3687.5019,0.037012
3687.7349,0.037308
3687.9678,0.037604
3688.2008,0.037885
3688.4337,0.038124
3688.6667,0.038280
3688.8997,0.038300
3689.1326,0.038135
3689.3656,0.037762
3689.5985,0.037207
3689.8315,0.036553
3690.0645,0.035925
3690.2974,0.035441
3690.5304,0.035176
3690.7633,0.035143
3690.9963,0.035297
3691.2293,0.035559
3691.4622,0.035836
3691.6952,0.036043
3691.9281,0.036118
3692.1611,0.036034
3692.3940,0.035809
3692.6270,0.035495
3692.8600,0.035164
3693.0929,0.034887
3693.3259,0.034710
3693.5588,0.034652
3693.7918,0.034703
3694.0248,0.034832
3694.2577,0.035002
3694.4907,0.035176
3694.7236,0.035325
3694.9566,0.035434
3695.1895,0.035499
3695.4225,0.035530
3695.6555,0.035540
3695.8884,0.035544
3696.1214,0.035551
3696.3543,0.035559
3696.5873,0.035560
3696.8203,0.035545
3697.0532,0.035505
3697.2862,0.035438
3697.5191,0.035351
3697.7521,0.035257
3697.9851,0.035168
3698.2180,0.035097
3698.4510,0.035054
3698.6839,0.035043
3698.9169,0.035067
3699.1498,0.035125
3699.3828,0.035216
3699.6158,0.035336
3699.8487,0.035475
3700.0817,0.035624
3700.3146,0.035773
3700.5476,0.035913
3700.7806,0.036044
3701.0135,0.036166
3701.2465,0.036286
3701.4794,0.036404
3701.7124,0.036512
3701.9453,0.036593
3702.1783,0.036618
3702.4113,0.036557
3702.6442,0.036388
3702.8772,0.036113
3703.1101,0.035758
3703.3431,0.035375
3703.5761,0.035026
3703.8090,0.034763
3704.0420,0.034619
3704.2749,0.034601
3704.5079,0.034690
3704.7409,0.034855
3704.9738,0.035054
3705.2068,0.035251
3705.4397,0.035418
3705.6727,0.035541
3705.9056,0.035617
3706.1386,0.035653
3706.3716,0.035664
3706.6045,0.035662
3706.8375,0.035657
3707.0704,0.035656
3707.3034,0.035658
3707.5364,0.035667
3707.7693,0.035687
3708.0023,0.035731
3708.2352,0.035814
3708.4682,0.035952
3708.7011,0.036153
3708.9341,0.036411
3709.1671,0.036703
3709.4000,0.036994
3709.6330,0.037239
3709.8659,0.037393
3710.0989,0.037430
3710.3319,0.037344
3710.5648,0.037161
3710.7978,0.036931
3711.0307,0.036716
3711.2637,0.036571
3711.4967,0.036531
3711.7296,0.036598
3711.9626,0.036747
3712.1955,0.036928
3712.4285,0.037075
3712.6614,0.037121
3712.8944,0.037009
3713.1274,0.036712
3713.3603,0.036243
3713.5933,0.035666
3713.8262,0.035076
3714.0592,0.034574
3714.2922,0.034230
3714.5251,0.034070
3714.7581,0.034074
3714.9910,0.034196
3715.2240,0.034377
3715.4569,0.034563
3715.6899,0.034717
3715.9229,0.034823
3716.1558,0.034886
3716.3888,0.034925
3716.6217,0.034964
3716.8547,0.035018
3717.0877,0.035094
3717.3206,0.035186
3717.5536,0.035284
3717.7865,0.035380
3718.0195,0.035470
3718.2525,0.035555
3718.4854,0.035639
3718.7184,0.035720
3718.9513,0.035791
3719.1843,0.035839
3719.4172,0.035848
3719.6502,0.035808
3719.8832,0.035719
3720.1161,0.035594
3720.3491,0.035455
3720.5820,0.035332
3720.8150,0.035251
3721.0480,0.035228
3721.2809,0.035269
3721.5139,0.035371
3721.7468,0.035517
3721.9798,0.035688
3722.2127,0.035858
3722.4457,0.035999
3722.6787,0.036082
3722.9116,0.036083
3723.1446,0.035988
3723.3775,0.035801
3723.6105,0.035547
3723.8435,0.035268
3724.0764,0.035016
3724.3094,0.034833
3724.5423,0.034747
3724.7753,0.034761
3725.0083,0.034857
3725.2412,0.035004
3725.4742,0.035162
3725.7071,0.035301
3725.9401,0.035397
3726.1730,0.035446
3726.4060,0.035453
3726.6390,0.035433
3726.8719,0.035398
3727.1049,0.035354
3727.3378,0.035294
3727.5708,0.035207
3727.8038,0.035082
3728.0367,0.034917
3728.2697,0.034722
3728.5026,0.034522
3728.7356,0.034347
3728.9685,0.034220
3729.2015,0.034156
3729.4345,0.034155
3729.6674,0.034205
3729.9004,0.034292
3730.1333,0.034403
3730.3663,0.034531
3730.5993,0.034680
3730.8322,0.034858
3731.0652,0.035075
3731.2981,0.035336
3731.5311,0.035637
3731.7641,0.035962
3731.9970,0.036286
3732.2300,0.036573
3732.4629,0.036787
3732.6959,0.036891
3732.9288,0.036861
3733.1618,0.036688
3733.3948,0.036393
3733.6277,0.036029
3733.8607,0.035671
3734.0936,0.035399
3734.3266,0.035278
3734.5596,0.035334
3734.7925,0.035554
3735.0255,0.035887
3735.2584,0.036256
3735.4914,0.036570
3735.7243,0.036741
3735.9573,0.036710
3736.1903,0.036465
3736.4232,0.036048
3736.6562,0.035540
3736.8891,0.035028
3737.1221,0.034574
3737.3551,0.034208
3737.5880,0.033930
3737.8210,0.033725
3738.0539,0.033582
3738.2869,0.033493
3738.5199,0.033460
3738.7528,0.033481
3738.9858,0.033551
3739.2187,0.033656
3739.4517,0.033781
3739.6846,0.033911
3739.9176,0.034040
3740.1506,0.034169
3740.3835,0.034308
3740.6165,0.034463
3740.8494,0.034634
3741.0824,0.034814
3741.3154,0.034986
3741.5483,0.035134
3741.7813,0.035247
3742.0142,0.035329
3742.2472,0.035398
3742.4801,0.035485
3742.7131,0.035620
3742.9461,0.035828
3743.1790,0.036122
3743.4120,0.036503
3743.6449,0.036962
3743.8779,0.037484
3744.1109,0.038048
3744.3438,0.038619
3744.5768,0.039140
3744.8097,0.039526
3745.0427,0.039663
3745.2757,0.039435
3745.5086,0.038776
3745.7416,0.037721
3745.9745,0.036433
3746.2075,0.035155
3746.4404,0.034115
3746.6734,0.033450
3746.9064,0.033193
3747.1393,0.033292
3747.3723,0.033660
3747.6052,0.034197
3747.8382,0.034820
3748.0712,0.035463
3748.3041,0.036086
3748.5371,0.036669
3748.7700,0.037210
3749.0030,0.037709
3749.2359,0.038166
3749.4689,0.038567
3749.7019,0.038877
3749.9348,0.039051
3750.1678,0.039040
3750.4007,0.038818
3750.6337,0.038398
3750.8667,0.037852
3751.0996,0.037291
3751.3326,0.036835
3751.5655,0.036564
3751.7985,0.036503
3752.0315,0.036616
3752.2644,0.036829
3752.4974,0.037042
3752.7303,0.037157
3752.9633,0.037093
3753.1962,0.036812
3753.4292,0.036337
3753.6622,0.035754
3753.8951,0.035180
3754.1281,0.034727
3754.3610,0.034464
3754.5940,0.034405
3754.8270,0.034522
3755.0599,0.034765
3755.2929,0.035078
3755.5258,0.035413
3755.7588,0.035733
3755.9917,0.036017
3756.2247,0.036252
3756.4577,0.036434
3756.6906,0.036564
3756.9236,0.036641
3757.1565,0.036669
3757.3895,0.036650
3757.6225,0.036594
3757.8554,0.036516
3758.0884,0.036440
3758.3213,0.036390
3758.5543,0.036390
3758.7873,0.036450
3759.0202,0.036572
3759.2532,0.036738
3759.4861,0.036923
3759.7191,0.037092
3759.9520,0.037209
3760.1850,0.037242
3760.4180,0.037173
3760.6509,0.036998
3760.8839,0.036738
3761.1168,0.036429
3761.3498,0.036122
3761.5828,0.035865
3761.8157,0.035693
3762.0487,0.035627
3762.2816,0.035664
3762.5146,0.035787
3762.7475,0.035965
3762.9805,0.036167
3763.2135,0.036367
3763.4464,0.036544
3763.6794,0.036692
3763.9123,0.036819
3764.1453,0.036937
3764.3783,0.037063
3764.6112,0.037209
3764.8442,0.037375
3765.0771,0.037552
3765.3101,0.037721
3765.5431,0.037859
3765.7760,0.037944
3766.0090,0.037962
3766.2419,0.037906
3766.4749,0.037781
3766.7078,0.037601
3766.9408,0.037390
3767.1738,0.037176
3767.4067,0.036989
3767.6397,0.036854
3767.8726,0.036785
3768.1056,0.036784
3768.3386,0.036839
3768.5715,0.036937
3768.8045,0.037059
3769.0374,0.037194
3769.2704,0.037335
3769.5033,0.037477
3769.7363,0.037616
3769.9693,0.037735
3770.2022,0.037811
3770.4352,0.037811
3770.6681,0.037701
3770.9011,0.037464
3771.1341,0.037111
3771.3670,0.036682
3771.6000,0.036248
3771.8329,0.035878
3772.0659,0.035627
3772.2988,0.035517
3772.5318,0.035539
3772.7648,0.035663
3772.9977,0.035849
3773.2307,0.036062
3773.4636,0.036271
3773.6966,0.036458
3773.9296,0.036611
3774.1625,0.036725
3774.3955,0.036799
3774.6284,0.036834
3774.8614,0.036838
3775.0944,0.036824
3775.3273,0.036809
3775.5603,0.036813
3775.7932,0.036847
3776.0262,0.036911
3776.2591,0.036993
3776.4921,0.037077
3776.7251,0.037145
3776.9580,0.037190
3777.1910,0.037215
3777.4239,0.037236
3777.6569,0.037270
3777.8899,0.037329
3778.1228,0.037416
3778.3558,0.037520
3778.5887,0.037628
3778.8217,0.037725
3779.0546,0.037802
3779.2876,0.037859
3779.5206,0.037895
3779.7535,0.037906
3779.9865,0.037878
3780.2194,0.037791
3780.4524,0.037625
3780.6854,0.037378
3780.9183,0.037069
3781.1513,0.036745
3781.3842,0.036463
3781.6172,0.036274
3781.8502,0.036206
3782.0831,0.036256
3782.3161,0.036396
3782.5490,0.036584
3782.7820,0.036778
3783.0149,0.036943
3783.2479,0.037066
3783.4809,0.037145
3783.7138,0.037193
3783.9468,0.037225
3784.1797,0.037250
3784.4127,0.037271
3784.6457,0.037284
3784.8786,0.037278
3785.1116,0.037245
3785.3445,0.037178
3785.5775,0.037075
3785.8104,0.036941
3786.0434,0.036786
3786.2764,0.036622
3786.5093,0.036467
3786.7423,0.036337
3786.9752,0.036244
3787.2082,0.036194
3787.4412,0.036187
3787.6741,0.036213
3787.9071,0.036260
3788.1400,0.036311
3788.3730,0.036354
3788.6060,0.036379
3788.8389,0.036381
3789.0719,0.036359
3789.3048,0.036318
3789.5378,0.036263
3789.7707,0.036200
3790.0037,0.036138
3790.2367,0.036087
3790.4696,0.036054
3790.7026,0.036045
3790.9355,0.036061
3791.1685,0.036095
3791.4015,0.036137
3791.6344,0.036175
3791.8674,0.036200
3792.1003,0.036208
3792.3333,0.036203
3792.5662,0.036194
3792.7992,0.036191
3793.0322,0.036203
3793.2651,0.036233
3793.4981,0.036280
3793.7310,0.036337
3793.9640,0.036397
3794.1970,0.036455
3794.4299,0.036505
3794.6629,0.036549
3794.8958,0.036587
3795.1288,0.036626
3795.3618,0.036671
3795.5947,0.036729
3795.8277,0.036804
3796.0606,0.036897
3796.2936,0.036998
3796.5265,0.037089
3796.7595,0.037144
3796.9925,0.037137
3797.2254,0.037047
3797.4584,0.036869
3797.6913,0.036624
3797.9243,0.036353
3798.1573,0.036108
3798.3902,0.035938
3798.6232,0.035874
3798.8561,0.035921
3799.0891,0.036063
3799.3220,0.036271
3799.5550,0.036513
3799.7880,0.036766
3800.0209,0.037020
3800.2539,0.037281
3800.4868,0.037563
3800.7198,0.037881
3800.9528,0.038239
3801.1857,0.038624
3801.4187,0.038996
3801.6516,0.039295
3801.8846,0.039448
3802.1176,0.039385
3802.3505,0.039068
3802.5835,0.038505
3802.8164,0.037767
3803.0494,0.036969
3803.2823,0.036235
3803.5153,0.035664
3803.7483,0.035305
3803.9812,0.035155
3804.2142,0.035176
3804.4471,0.035315
3804.6801,0.035522
3804.9131,0.035754
3805.1460,0.035990
3805.3790,0.036222
3805.6119,0.036454
3805.8449,0.036695
3806.0778,0.036950
3806.3108,0.037219
3806.5438,0.037491
3806.7767,0.037744
3807.0097,0.037945
3807.2426,0.038056
3807.4756,0.038035
3807.7086,0.037846
3807.9415,0.037476
3808.1745,0.036947
3808.4074,0.036320
3808.6404,0.035690
3808.8734,0.035156
3809.1063,0.034797
3809.3393,0.034642
3809.5722,0.034677
3809.8052,0.034849
3810.0381,0.035093
3810.2711,0.035345
3810.5041,0.035557
3810.7370,0.035707
3810.9700,0.035796
3811.2029,0.035842
3811.4359,0.035871
3811.6689,0.035903
3811.9018,0.035948
3812.1348,0.036002
3812.3677,0.036055
3812.6007,0.036100
3812.8336,0.036135
3813.0666,0.036167
3813.2996,0.036209
3813.5325,0.036271
3813.7655,0.036363
3813.9984,0.036487
3814.2314,0.036642
3814.4644,0.036827
3814.6973,0.037038
3814.9303,0.037277
3815.1632,0.037541
3815.3962,0.037827
3815.6292,0.038124
3815.8621,0.038409
3816.0951,0.038650
3816.3280,0.038805
3816.5610,0.038824
3816.7939,0.038664
3817.0269,0.038299
3817.2599,0.037740
3817.4928,0.037049
3817.7258,0.036331
3817.9587,0.035713
3818.1917,0.035302
3818.4247,0.035159
3818.6576,0.035290
3818.8906,0.035649
3819.1235,0.036164
3819.3565,0.036748
3819.5894,0.037323
3819.8224,0.037829
3820.0554,0.038237
3820.2883,0.038550
3820.5213,0.038789
3820.7542,0.038981
3820.9872,0.039137
3821.2202,0.039243
3821.4531,0.039260
3821.6861,0.039137
3821.9190,0.038839
3822.1520,0.038363
3822.3850,0.037751
3822.6179,0.037078
3822.8509,0.036428
3823.0838,0.035875
3823.3168,0.035462
3823.5497,0.035206
3823.7827,0.035099
3824.0157,0.035116
3824.2486,0.035228
3824.4816,0.035401
3824.7145,0.035603
3824.9475,0.035803
3825.1805,0.035977
3825.4134,0.036112
3825.6464,0.036207
3825.8793,0.036271
3826.1123,0.036321
3826.3452,0.036373
3826.5782,0.036436
3826.8112,0.036505
3827.0441,0.036568
3827.2771,0.036611
3827.5100,0.036619
3827.7430,0.036589
3827.9760,0.036525
3828.2089,0.036438
3828.4419,0.036340
3828.6748,0.036239
3828.9078,0.036146
3829.1408,0.036066
3829.3737,0.036011
3829.6067,0.035993
3829.8396,0.036023
3830.0726,0.036108
3830.3055,0.036248
3830.5385,0.036432
3830.7715,0.036642
3831.0044,0.036855
3831.2374,0.037052
3831.4703,0.037213
3831.7033,0.037325
3831.9363,0.037374
3832.1692,0.037348
3832.4022,0.037233
3832.6351,0.037027
3832.8681,0.036741
3833.1010,0.036412
3833.3340,0.036096
3833.5670,0.035856
3833.7999,0.035744
3834.0329,0.035785
3834.2658,0.035975
3834.4988,0.036286
3834.7318,0.036668
3834.9647,0.037065
3835.1977,0.037424
3835.4306,0.037696
3835.6636,0.037846
3835.8966,0.037860
3836.1295,0.037743
3836.3625,0.037531
3836.5954,0.037282
3836.8284,0.037068
3837.0613,0.036958
3837.2943,0.036999
3837.5273,0.037200
3837.7602,0.037532
3837.9932,0.037929
3838.2261,0.038300
3838.4591,0.038543
3838.6921,0.038573
3838.9250,0.038347
3839.1580,0.037887
3839.3909,0.037284
3839.6239,0.036668
3839.8568,0.036158
3840.0898,0.035826
3840.3228,0.035686
3840.5557,0.035704
3840.7887,0.035817
3841.0216,0.035957
3841.2546,0.036064
3841.4876,0.036098
3841.7205,0.036043
3841.9535,0.035911
3842.1864,0.035740
3842.4194,0.035578
3842.6524,0.035477
3842.8853,0.035469
3843.1183,0.035567
3843.3512,0.035757
3843.5842,0.036003
3843.8171,0.036258
3844.0501,0.036469
3844.2831,0.036593
3844.5160,0.036597
3844.7490,0.036477
3844.9819,0.036251
3845.2149,0.035962
3845.4479,0.035666
3845.6808,0.035417
3845.9138,0.035253
3846.1467,0.035188
3846.3797,0.035216
3846.6126,0.035310
3846.8456,0.035441
3847.0786,0.035580
3847.3115,0.035707
3847.5445,0.035815
3847.7774,0.035906
3848.0104,0.035991
3848.2434,0.036080
3848.4763,0.036181
3848.7093,0.036295
3848.9422,0.036418
3849.1752,0.036546
3849.4082,0.036676
3849.6411,0.036812
3849.8741,0.036959
3850.1070,0.037121
3850.3400,0.037298
3850.5729,0.037483
3850.8059,0.037664
3851.0389,0.037836
3851.2718,0.038000
3851.5048,0.038168
3851.7377,0.038363
3851.9707,0.038602
3852.2037,0.038893
3852.4366,0.039217
3852.6696,0.039537
3852.9025,0.039801
3853.1355,0.039959
3853.3684,0.039990
3853.6014,0.039911
3853.8344,0.039771
3854.0673,0.039622
3854.3003,0.039487
3854.5332,0.039342
3854.7662,0.039117
3854.9992,0.038726
3855.2321,0.038112
3855.4651,0.037284
3855.6980,0.036337
3855.9310,0.035422
3856.1640,0.034689
3856.3969,0.034233
3856.6299,0.034075
3856.8628,0.034170
3857.0958,0.034442
3857.3287,0.034804
3857.5617,0.035175
3857.7947,0.035494
3858.0276,0.035719
3858.2606,0.035837
3858.4935,0.035857
3858.7265,0.035811
3858.9595,0.035740
3859.1924,0.035687
3859.4254,0.035685
3859.6583,0.035750
3859.8913,0.035880
3860.1242,0.036056
3860.3572,0.036252
3860.5902,0.036444
3860.8231,0.036611
3861.0561,0.036745
3861.2890,0.036850
3861.5220,0.036933
3861.7550,0.037004
3861.9879,0.037065
3862.2209,0.037108
3862.4538,0.037124
3862.6868,0.037100
3862.9198,0.037035
3863.1527,0.036943
3863.3857,0.036846
3863.6186,0.036777
3863.8516,0.036763
3864.0845,0.036820
3864.3175,0.036950
3864.5505,0.037140
3864.7834,0.037365
3865.0164,0.037590
3865.2493,0.037770
3865.4823,0.037860
3865.7153,0.037819
3865.9482,0.037621
3866.1812,0.037273
3866.4141,0.036819
3866.6471,0.036337
3866.8800,0.035918
3867.1130,0.035642
3867.3460,0.035552
3867.5789,0.035654
3867.8119,0.035920
3868.0448,0.036305
3868.2778,0.036759
3868.5108,0.037239
3868.7437,0.037716
3868.9767,0.038167
3869.2096,0.038580
3869.4426,0.038937
3869.6756,0.039215
3869.9085,0.039385
3870.1415,0.039410
3870.3744,0.039264
3870.6074,0.038933
3870.8403,0.038433
3871.0733,0.037804
3871.3063,0.037112
3871.5392,0.036433
3871.7722,0.035839
3872.0051,0.035388
3872.2381,0.035117
3872.4711,0.035038
3872.7040,0.035143
3872.9370,0.035403
3873.1699,0.035779
3873.4029,0.036219
3873.6358,0.036672
3873.8688,0.037085
3874.1018,0.037420
3874.3347,0.037648
3874.5677,0.037751
3874.8006,0.037724
3875.0336,0.037569
3875.2666,0.037297
3875.4995,0.036935
3875.7325,0.036527
3875.9654,0.036129
3876.1984,0.035799
3876.4314,0.035579
3876.6643,0.035490
3876.8973,0.035519
3877.1302,0.035638
3877.3632,0.035802
3877.5961,0.035975
3877.8291,0.036129
3878.0621,0.036256
3878.2950,0.036365
3878.5280,0.036477
3878.7609,0.036611
3878.9939,0.036781
3879.2269,0.036986
3879.4598,0.037218
3879.6928,0.037459
3879.9257,0.037689
3880.1587,0.037888
3880.3916,0.038033
3880.6246,0.038102
3880.8576,0.038072
3881.0905,0.037928
3881.3235,0.037671
3881.5564,0.037328
3881.7894,0.036949
3882.0224,0.036598
3882.2553,0.036333
3882.4883,0.036188
3882.7212,0.036169
3882.9542,0.036258
3883.1872,0.036423
3883.4201,0.036630
3883.6531,0.036852
3883.8860,0.037070
3884.1190,0.037272
3884.3519,0.037450
3884.5849,0.037603
3884.8179,0.037733
3885.0508,0.037846
3885.2838,0.037955
3885.5167,0.038070
3885.7497,0.038191
3885.9827,0.038300
3886.2156,0.038359
3886.4486,0.038314
3886.6815,0.038112
3886.9145,0.037729
3887.1474,0.037189
3887.3804,0.036572
3887.6134,0.035988
3887.8463,0.035543
3888.0793,0.035301
3888.3122,0.035272
3888.5452,0.035418
3888.7782,0.035672
3889.0111,0.035968
3889.2441,0.036250
3889.4770,0.036488
3889.7100,0.036678
3889.9430,0.036834
3890.1759,0.036976
3890.4089,0.037122
3890.6418,0.037277
3890.8748,0.037438
3891.1077,0.037592
3891.3407,0.037722
3891.5737,0.037809
3891.8066,0.037836
3892.0396,0.037781
3892.2725,0.037628
3892.5055,0.037373
3892.7385,0.037029
3892.9714,0.036636
3893.2044,0.036252
3893.4373,0.035936
3893.6703,0.035733
3893.9032,0.035660
3894.1362,0.035706
3894.3692,0.035836
3894.6021,0.036002
3894.8351,0.036160
3895.0680,0.036276
3895.3010,0.036336
3895.5340,0.036343
3895.7669,0.036318
3895.9999,0.036287
3896.2328,0.036273
3896.4658,0.036294
3896.6988,0.036358
3896.9317,0.036466
3897.1647,0.036613
3897.3976,0.036791
3897.6306,0.036990
3897.8635,0.037201
3898.0965,0.037412
3898.3295,0.037616
3898.5624,0.037805
3898.7954,0.037976
3899.0283,0.038126
3899.2613,0.038248
3899.4943,0.038334
3899.7272,0.038366
3899.9602,0.038326
3900.1931,0.038204
3900.4261,0.038002
3900.6590,0.037745
3900.8920,0.037482
3901.1250,0.037273
3901.3579,0.037175
3901.5909,0.037220
3901.8238,0.037405
3902.0568,0.037694
3902.2898,0.038026
3902.5227,0.038325
3902.7557,0.038523
3902.9886,0.038572
3903.2216,0.038467
3903.4546,0.038248
3903.6875,0.037990
3903.9205,0.037774
3904.1534,0.037658
3904.3864,0.037652
3904.6193,0.037724
3904.8523,0.037808
3905.0853,0.037835
3905.3182,0.037753
3905.5512,0.037549
3905.7841,0.037256
3906.0171,0.036938
3906.2501,0.036670
3906.4830,0.036503
3906.7160,0.036451
3906.9489,0.036491
3907.1819,0.036579
3907.4148,0.036670
3907.6478,0.036731
3907.8808,0.036753
3908.1137,0.036744
3908.3467,0.036725
3908.5796,0.036714
3908.8126,0.036723
3909.0456,0.036749
3909.2785,0.036786
3909.5115,0.036825
3909.7444,0.036862
3909.9774,0.036898
3910.2103,0.036940
3910.4433,0.036990
3910.6763,0.037047
3910.9092,0.037108
3911.1422,0.037166
3911.3751,0.037215
3911.6081,0.037255
3911.8411,0.037288
3912.0740,0.037315
3912.3070,0.037339
3912.5399,0.037354
3912.7729,0.037355
3913.0059,0.037338
3913.2388,0.037305
3913.4718,0.037264
3913.7047,0.037225
3913.9377,0.037198
3914.1706,0.037186
3914.4036,0.037187
3914.6366,0.037193
3914.8695,0.037196
3915.1025,0.037197
3915.3354,0.037206
3915.5684,0.037236
3915.8014,0.037302
3916.0343,0.037406
3916.2673,0.037541
3916.5002,0.037685
3916.7332,0.037811
3916.9661,0.037895
3917.1991,0.037920
3917.4321,0.037881
3917.6650,0.037783
3917.8980,0.037636
3918.1309,0.037449
3918.3639,0.037236
3918.5969,0.037012
3918.8298,0.036800
3919.0628,0.036630
3919.2957,0.036534
3919.5287,0.036535
3919.7617,0.036637
3919.9946,0.036824
3920.2276,0.037061
3920.4605,0.037298
3920.6935,0.037485
3920.9264,0.037582
3921.1594,0.037573
3921.3924,0.037465
3921.6253,0.037289
3921.8583,0.037089
3922.0912,0.036908
3922.3242,0.036783
3922.5572,0.036733
3922.7901,0.036761
3923.0231,0.036859
3923.2560,0.037008
3923.4890,0.037183
3923.7219,0.037359
3923.9549,0.037514
3924.1879,0.037632
3924.4208,0.037704
3924.6538,0.037734
3924.8867,0.037728
3925.1197,0.037698
3925.3527,0.037651
3925.5856,0.037591
3925.8186,0.037517
3926.0515,0.037429
3926.2845,0.037329
3926.5175,0.037228
3926.7504,0.037141
3926.9834,0.037082
3927.2163,0.037063
3927.4493,0.037088
3927.6822,0.037151
3927.9152,0.037239
3928.1482,0.037338
3928.3811,0.037435
3928.6141,0.037519
3928.8470,0.037583
3929.0800,0.037624
3929.3130,0.037639
3929.5459,0.037630
3929.7789,0.037601
3930.0118,0.037561
3930.2448,0.037522
3930.4777,0.037497
3930.7107,0.037492
3930.9437,0.037509
3931.1766,0.037540
3931.4096,0.037574
3931.6425,0.037601
3931.8755,0.037614
3932.1085,0.037614
3932.3414,0.037604
3932.5744,0.037588
3932.8073,0.037564
3933.0403,0.037526
3933.2733,0.037462
3933.5062,0.037366
3933.7392,0.037240
3933.9721,0.037099
3934.2051,0.036964
3934.4380,0.036861
3934.6710,0.036803
3934.9040,0.036794
3935.1369,0.036823
3935.3699,0.036874
3935.6028,0.036931
3935.8358,0.036986
3936.0688,0.037037
3936.3017,0.037090
3936.5347,0.037149
3936.7676,0.037213
3937.0006,0.037274
3937.2335,0.037317
3937.4665,0.037331
3937.6995,0.037311
3937.9324,0.037261
3938.1654,0.037200
3938.3983,0.037148
3938.6313,0.037125
3938.8643,0.037143
3939.0972,0.037201
3939.3302,0.037289
3939.5631,0.037390
3939.7961,0.037487
3940.0291,0.037567
3940.2620,0.037621
3940.4950,0.037649
3940.7279,0.037655
3940.9609,0.037648
3941.1938,0.037640
3941.4268,0.037643
3941.6598,0.037665
3941.8927,0.037711
3942.1257,0.037781
3942.3586,0.037863
3942.5916,0.037943
3942.8246,0.038003
3943.0575,0.038026
3943.2905,0.038002
3943.5234,0.037931
3943.7564,0.037820
3943.9893,0.037685
3944.2223,0.037543
3944.4553,0.037414
3944.6882,0.037312
3944.9212,0.037245
3945.1541,0.037214
3945.3871,0.037217
3945.6201,0.037244
3945.8530,0.037284
3946.0860,0.037327
3946.3189,0.037367
3946.5519,0.037403
3946.7849,0.037440
3947.0178,0.037485
3947.2508,0.037543
3947.4837,0.037615
3947.7167,0.037692
3947.9496,0.037762
3948.1826,0.037809
3948.4156,0.037824
3948.6485,0.037809
3948.8815,0.037775
3949.1144,0.037741
3949.3474,0.037725
3949.5804,0.037738
3949.8133,0.037774
3950.0463,0.037820
3950.2792,0.037855
3950.5122,0.037860
3950.7451,0.037827
3950.9781,0.037759
3951.2111,0.037672
3951.4440,0.037583
3951.6770,0.037510
3951.9099,0.037463
3952.1429,0.037443
3952.3759,0.037446
3952.6088,0.037465
3952.8418,0.037494
3953.0747,0.037528
3953.3077,0.037563
3953.5407,0.037594
3953.7736,0.037615
3954.0066,0.037620
3954.2395,0.037601
3954.4725,0.037559
3954.7054,0.037496
3954.9384,0.037422
3955.1714,0.037352
3955.4043,0.037298
3955.6373,0.037273
3955.8702,0.037282
3956.1032,0.037328
3956.3362,0.037404
3956.5691,0.037498
3956.8021,0.037597
3957.0350,0.037684
3957.2680,0.037747
3957.5009,0.037776
3957.7339,0.037771
3957.9669,0.037737
3958.1998,0.037685
3958.4328,0.037627
3958.6657,0.037575
3958.8987,0.037535
3959.1317,0.037509
3959.3646,0.037493
3959.5976,0.037485
3959.8305,0.037482
3960.0635,0.037484
3960.2965,0.037490
3960.5294,0.037502
3960.7624,0.037518
3960.9953,0.037535
3961.2283,0.037550
3961.4612,0.037560
3961.6942,0.037565
3961.9272,0.037566
3962.1601,0.037566
3962.3931,0.037563
3962.6260,0.037554
3962.8590,0.037532
3963.0920,0.037492
3963.3249,0.037429
3963.5579,0.037346
3963.7908,0.037253
3964.0238,0.037163
3964.2567,0.037088
3964.4897,0.037038
3964.7227,0.037019
3964.9556,0.037032
3965.1886,0.037074
3965.4215,0.037145
3965.6545,0.037242
3965.8875,0.037360
3966.1204,0.037492
3966.3534,0.037626
3966.5863,0.037746
3966.8193,0.037838
3967.0523,0.037892
3967.2852,0.037905
3967.5182,0.037883
3967.7511,0.037840
3967.9841,0.037790
3968.2170,0.037746
3968.4500,0.037713
3968.6830,0.037695
3968.9159,0.037691
3969.1489,0.037697
3969.3818,0.037712
3969.6148,0.037733
3969.8478,0.037758
3970.0807,0.037781
3970.3137,0.037797
3970.5466,0.037803
3970.7796,0.037796
3971.0125,0.037780
3971.2455,0.037760
3971.4785,0.037740
3971.7114,0.037723
3971.9444,0.037703
3972.1773,0.037677
3972.4103,0.037638
3972.6433,0.037588
3972.8762,0.037535
3973.1092,0.037494
3973.3421,0.037478
3973.5751,0.037496
3973.8081,0.037543
3974.0410,0.037605
3974.2740,0.037661
3974.5069,0.037693
3974.7399,0.037693
3974.9728,0.037666
3975.2058,0.037629
3975.4388,0.037602
3975.6717,0.037600
3975.9047,0.037627
3976.1376,0.037672
3976.3706,0.037719
3976.6036,0.037749
3976.8365,0.037750
3977.0695,0.037719
3977.3024,0.037662
3977.5354,0.037594
3977.7683,0.037528
3978.0013,0.037478
3978.2343,0.037451
3978.4672,0.037451
3978.7002,0.037476
3978.9331,0.037522
3979.1661,0.037580
3979.3991,0.037640
3979.6320,0.037690
3979.8650,0.037723
3980.0979,0.037733
3980.3309,0.037725
3980.5639,0.037708
3980.7968,0.037693
3981.0298,0.037688
3981.2627,0.037697
3981.4957,0.037716
3981.7286,0.037736
3981.9616,0.037749
3982.1946,0.037752
3982.4275,0.037745
3982.6605,0.037737
3982.8934,0.037732
3983.1264,0.037735
3983.3594,0.037742
3983.5923,0.037748
3983.8253,0.037748
3984.0582,0.037738
3984.2912,0.037725
3984.5241,0.037714
3984.7571,0.037715
3984.9901,0.037729
3985.2230,0.037751
3985.4560,0.037770
3985.6889,0.037776
3985.9219,0.037762
3986.1549,0.037729
3986.3878,0.037688
3986.6208,0.037650
3986.8537,0.037625
3987.0867,0.037618
3987.3197,0.037623
3987.5526,0.037634
3987.7856,0.037642
3988.0185,0.037644
3988.2515,0.037645
3988.4844,0.037649
3988.7174,0.037661
3988.9504,0.037680
3989.1833,0.037701
3989.4163,0.037712
3989.6492,0.037705
3989.8822,0.037677
3990.1152,0.037632
3990.3481,0.037581
3990.5811,0.037536
3990.8140,0.037506
3991.0470,0.037496
3991.2799,0.037502
3991.5129,0.037521
3991.7459,0.037548
3991.9788,0.037582
3992.2118,0.037625
3992.4447,0.037680
3992.6777,0.037746
3992.9107,0.037820
3993.1436,0.037894
3993.3766,0.037958
3993.6095,0.038003
3993.8425,0.038025
3994.0755,0.038024
3994.3084,0.038002
3994.5414,0.037967
3994.7743,0.037923
3995.0073,0.037877
3995.2402,0.037831
3995.4732,0.037790
3995.7062,0.037755
3995.9391,0.037732
3996.1721,0.037722
3996.4050,0.037728
3996.6380,0.037752
3996.8710,0.037792
3997.1039,0.037848
3997.3369,0.037912
3997.5698,0.037980
3997.8028,0.038043
3998.0357,0.038093
3998.2687,0.038124
3998.5017,0.038134
3998.7346,0.038124
3998.9676,0.038102
3999.2005,0.038072
3999.4335,0.038042
3999.6665,0.038014
3999.8994,0.037985
