DATATYPE	 IR Spectrum
XYUNITS	 Wavenumber;Absorbance
DECIMALSYMBOL	 .
649.954535365105000	 0.170996552113644
650.187493979931000	 0.168557319460639
650.420452594757000	 0.166613261078851
650.653411209583000	 0.165097290184435
650.886369824409000	 0.163779020593115
651.119328439236000	 0.162390451551483
651.352287054062000	 0.160767405212819
651.585245668888000	 0.158926055175156
651.818204283714000	 0.157028824247174
652.051162898541000	 0.155265762877698
652.284121513367000	 0.153730425423251
652.517080128193000	 0.152363470167617
652.750038743019000	 0.150990070466126
652.982997357845000	 0.149425711036075
653.215955972672000	 0.147588914643093
653.448914587498000	 0.145553014540708
653.681873202324000	 0.143504944271848
653.914831817150000	 0.141639964813629
654.147790431976000	 0.140060048788632
654.380749046803000	 0.138733372248655
654.613707661629000	 0.137531119272806
654.846666276455000	 0.136315829075487
655.079624891281000	 0.135028911226614
655.312583506107000	 0.133724566466971
655.545542120934000	 0.132529941758507
655.778500735760000	 0.131559751145612
656.011459350586000	 0.130841358733026
656.244417965412000	 0.130295415184002
656.477376580238000	 0.129782098652970
656.710335195065000	 0.129186283848525
656.943293809891000	 0.128491301800270
657.176252424717000	 0.127793719166850
657.409211039543000	 0.127246430824165
657.642169654369000	 0.126963803357284
657.875128269196000	 0.126945536068648
658.108086884022000	 0.127062429675906
658.341045498848000	 0.127113315739927
658.574004113674000	 0.126926679067072
658.806962728500000	 0.126454378632885
659.039921343327000	 0.125803103172618
659.272879958153000	 0.125182431298144
659.505838572979000	 0.124798982188319
659.738797187805000	 0.124756051009040
659.971755802631000	 0.125009234468399
660.204714417458000	 0.125395648838834
660.437673032284000	 0.125718590978076
660.670631647110000	 0.125842835662690
660.903590261936000	 0.125749810749086
661.136548876762000	 0.125525783711487
661.369507491589000	 0.125297666801778
661.602466106415000	 0.125159656963144
661.835424721241000	 0.125131980211240
662.068383336067000	 0.125169026289497
662.301341950893000	 0.125205522545336
662.534300565720000	 0.125208715094055
662.767259180546000	 0.125201953821844
663.000217795372000	 0.125245000470658
663.233176410198000	 0.125386521169935
663.466135025024000	 0.125622015180843
663.699093639851000	 0.125884983992582
663.932052254677000	 0.126077734245672
664.165010869503000	 0.126124048770355
664.397969484329000	 0.126011057799863
664.630928099155000	 0.125792349761085
664.863886713982000	 0.125549164644397
665.096845328808000	 0.125334924864658
665.329803943634000	 0.125139471945531
665.562762558460000	 0.124896942930832
665.795721173286000	 0.124534818417430
666.028679788113000	 0.124036728062762
666.261638402939000	 0.123483249416446
666.494597017765000	 0.123049398627476
666.727555632591000	 0.122961842521576
666.960514247417000	 0.123429773977129
667.193472862244000	 0.124552850576725
667.426431477070000	 0.126201316047577
667.659390091896000	 0.127913090673788
667.892348706722000	 0.128982546317302
668.125307321548000	 0.128892061668745
668.358265936375000	 0.127747468729082
668.591224551201000	 0.126140476992715
668.824183166027000	 0.124631478073486
669.057141780853000	 0.123466589744432
669.290100395679000	 0.122624670664584
669.523059010506000	 0.121968172047385
669.756017625332000	 0.121364370822670
669.988976240158000	 0.120752706865358
670.221934854984000	 0.120159860004408
670.454893469810000	 0.119667559733638
670.687852084637000	 0.119352039535987
670.920810699463000	 0.119228738448392
671.153769314289000	 0.119232738847934
671.386727929115000	 0.119244506534698
671.619686543942000	 0.119146231650184
671.852645158768000	 0.118877967672777
672.085603773594000	 0.118461274317707
672.318562388420000	 0.117975660692731
672.551521003246000	 0.117503025694330
672.784479618072000	 0.117075968175456
673.017438232899000	 0.116661241175280
673.250396847725000	 0.116186225514081
673.483355462551000	 0.115591579269368
673.716314077377000	 0.114878689159175
673.949272692204000	 0.114122073480956
674.182231307030000	 0.113436851251312
674.415189921856000	 0.112920172595185
674.648148536682000	 0.112602000642979
674.881107151508000	 0.112432759647737
675.114065766335000	 0.112312254182038
675.347024381161000	 0.112142462193477
675.579982995987000	 0.111875314112155
675.812941610813000	 0.111528997909987
676.045900225639000	 0.111164053683906
676.278858840466000	 0.110835643967279
676.511817455292000	 0.110553324785252
676.744776070118000	 0.110273341958527
676.977734684944000	 0.109927370184488
677.210693299770000	 0.109470116690232
677.443651914597000	 0.108916703587145
677.676610529423000	 0.108344945108115
677.909569144249000	 0.107857982469633
678.142527759075000	 0.107528278207039
678.375486373901000	 0.107356327808030
678.608444988728000	 0.107268101817803
678.841403603554000	 0.107152869378921
679.074362218380000	 0.106921705295965
679.307320833206000	 0.106555593806006
679.540279448032000	 0.106115963567062
679.773238062859000	 0.105710876696100
680.006196677685000	 0.105436646265652
680.239155292511000	 0.105328798117239
680.472113907337000	 0.105348632306887
680.705072522163000	 0.105410149954680
680.938031136990000	 0.105430834439362
681.170989751816000	 0.105377799344296
681.403948366642000	 0.105283046016870
681.636906981468000	 0.105219055202973
681.869865596294000	 0.105250023149341
682.102824211121000	 0.105388472397134
682.335782825947000	 0.105582329410237
682.568741440773000	 0.105739260948194
682.801700055599000	 0.105774903549848
683.034658670426000	 0.105658650496762
683.267617285252000	 0.105431018921257
683.500575900078000	 0.105182415038248
683.733534514904000	 0.105006267147973
683.966493129730000	 0.104954018766606
684.199451744556000	 0.105015947284273
684.432410359383000	 0.105135277547048
684.665368974209000	 0.105245030033012
684.898327589035000	 0.105305815709389
685.131286203861000	 0.105323056437883
685.364244818687000	 0.105334930508207
685.597203433514000	 0.105380989417591
685.830162048340000	 0.105473070298609
686.063120663166000	 0.105587063458979
686.296079277992000	 0.105679998856553
686.529037892818000	 0.105721314285381
686.761996507645000	 0.105718211039110
686.994955122471000	 0.105717738761083
687.227913737297000	 0.105782539931519
687.460872352123000	 0.105954494965531
687.693830966949000	 0.106228539835848
687.926789581776000	 0.106552681790282
688.159748196602000	 0.106855210173009
688.392706811428000	 0.107084981945578
688.625665426254000	 0.107242144114369
688.858624041080000	 0.107379942977933
689.091582655907000	 0.107574384791748
689.324541270733000	 0.107878640740501
689.557499885559000	 0.108288761952419
689.790458500385000	 0.108740086212333
690.023417115211000	 0.109136266098280
690.256375730038000	 0.109395736434709
690.489334344864000	 0.109490958386852
690.722292959690000	 0.109458625049346
690.955251574516000	 0.109375024820108
691.188210189343000	 0.109311652739983
691.421168804169000	 0.109297601410890
691.654127418995000	 0.109309778655392
691.887086033821000	 0.109294981762922
692.120044648647000	 0.109210058591997
692.353003263474000	 0.109056172050023
692.585961878300000	 0.108885755892770
692.818920493126000	 0.108776491187926
693.051879107952000	 0.108786919718041
693.284837722778000	 0.108919359062534
693.517796337605000	 0.109110892146322
693.750754952431000	 0.109257574879797
693.983713567257000	 0.109260077310699
694.216672182083000	 0.109067756573880
694.449630796909000	 0.108697966160935
694.682589411736000	 0.108220715967689
694.915548026562000	 0.107719216418466
695.148506641388000	 0.107250292150119
695.381465256214000	 0.106826007007003
695.614423871040000	 0.106423048696998
695.847382485867000	 0.106010233210042
696.080341100693000	 0.105575269651153
696.313299715519000	 0.105133560709120
696.546258330345000	 0.104713746292441
696.779216945171000	 0.104330181472208
697.012175559998000	 0.103961226684282
697.245134174824000	 0.103548558206114
697.478092789650000	 0.103020084514069
697.711051404476000	 0.102325244213504
697.944010019302000	 0.101463339025338
698.176968634128000	 0.100487889998900
698.409927248955000	 0.099483268335317
698.642885863781000	 0.098526649088067
698.875844478607000	 0.097656842973164
699.108803093433000	 0.096866105041241
699.341761708260000	 0.096116748685699
699.574720323086000	 0.095370828187768
699.807678937912000	 0.094614929298559
700.040637552738000	 0.093865730388061
700.273596167564000	 0.093153912728373
700.506554782391000	 0.092497550715540
700.739513397217000	 0.091882448954692
700.972472012043000	 0.091262084715944
701.205430626869000	 0.090577797260228
701.438389241695000	 0.089788070610483
701.671347856522000	 0.088890214535780
701.904306471348000	 0.087921560381194
702.137265086174000	 0.086939209479279
702.370223701000000	 0.085990462704572
702.603182315826000	 0.085091422725800
702.836140930653000	 0.084225524342720
703.069099545479000	 0.083361484463616
703.302058160305000	 0.082479026584508
703.535016775131000	 0.081586460682595
703.767975389957000	 0.080719062840755
704.000934004784000	 0.079918977439356
704.233892619610000	 0.079208970987523
704.466851234436000	 0.078576050947527
704.699809849262000	 0.077974722126355
704.932768464088000	 0.077348224447292
705.165727078915000	 0.076656145906543
705.398685693741000	 0.075893123242801
705.631644308567000	 0.075088068075445
705.864602923393000	 0.074284724996137
706.097561538219000	 0.073515718725214
706.330520153046000	 0.072785862119385
706.563478767872000	 0.072074191160751
706.796437382698000	 0.071352716613719
707.029395997524000	 0.070610172027665
707.262354612350000	 0.069865997825295
707.495313227177000	 0.069165150490657
707.728271842003000	 0.068555655015537
707.961230456829000	 0.068061412055408
708.194189071655000	 0.067665685870247
708.427147686482000	 0.067314498583582
708.660106301308000	 0.066938416747759
708.893064916134000	 0.066481930296548
709.126023530960000	 0.065925892023745
709.358982145786000	 0.065292161469474
709.591940760612000	 0.064629395662719
709.824899375439000	 0.063989341533905
710.057857990265000	 0.063407218520720
710.290816605091000	 0.062895482097773
710.523775219917000	 0.062451203443289
710.756733834744000	 0.062069469055058
710.989692449570000	 0.061752675918643
711.222651064396000	 0.061509292403599
711.455609679222000	 0.061343247352327
711.688568294048000	 0.061241751312703
711.921526908875000	 0.061170661247433
712.154485523701000	 0.061081930128014
712.387444138527000	 0.060930465830707
712.620402753353000	 0.060691973590723
712.853361368179000	 0.060372056633879
713.086319983006000	 0.060001163585327
713.319278597832000	 0.059618094925608
713.552237212658000	 0.059251709858355
713.785195827484000	 0.058911295257027
714.018154442310000	 0.058590272814951
714.251113057137000	 0.058279631719883
714.484071671963000	 0.057981731025216
714.717030286789000	 0.057714990414179
714.949988901615000	 0.057505673717457
715.182947516441000	 0.057371381235816
715.415906131268000	 0.057306626013270
715.648864746094000	 0.057280016358426
715.881823360920000	 0.057245840021407
716.114781975746000	 0.057164597823501
716.347740590572000	 0.057021690406216
716.580699205399000	 0.056833692487225
716.813657820225000	 0.056637956540877
717.046616435051000	 0.056470903795243
717.279575049877000	 0.056347410255209
717.512533664703000	 0.056253226999675
717.745492279530000	 0.056154748416400
717.978450894356000	 0.056020643538686
718.211409509182000	 0.055843233233546
718.444368124008000	 0.055647184461989
718.677326738834000	 0.055479646323050
718.910285353661000	 0.055386446859878
719.143243968487000	 0.055387229853408
719.376202583313000	 0.055463078512314
719.609161198139000	 0.055563251713695
719.842119812965000	 0.055627824943369
720.075078427792000	 0.055615233384088
720.308037042618000	 0.055521011707637
720.540995657444000	 0.055378006751011
720.773954272270000	 0.055238116284103
721.006912887096000	 0.055145961500903
721.239871501923000	 0.055118841302043
721.472830116749000	 0.055142393261829
721.705788731575000	 0.055181853333889
721.938747346401000	 0.055201007948514
722.171705961227000	 0.055178434253706
722.404664576054000	 0.055113590257495
722.637623190880000	 0.055021715668629
722.870581805706000	 0.054922791690785
723.103540420532000	 0.054832302089390
723.336499035358000	 0.054758915372682
723.569457650185000	 0.054708608127009
723.802416265011000	 0.054690070173542
724.035374879837000	 0.054715464344248
724.268333494663000	 0.054794211076268
724.501292109489000	 0.054923075678621
724.734250724316000	 0.055079562048907
724.967209339142000	 0.055224711942445
725.200167953968000	 0.055316310856435
725.433126568794000	 0.055327246968422
725.666085183620000	 0.055259839339829
725.899043798447000	 0.055147729210317
726.132002413273000	 0.055042749999311
726.364961028099000	 0.054992401014229
726.597919642925000	 0.055019177667690
726.830878257751000	 0.055112234303132
727.063836872578000	 0.055235206037078
727.296795487404000	 0.055345648551260
727.529754102230000	 0.055415891193284
727.762712717056000	 0.055444679971901
727.995671331882000	 0.055454056657573
728.228629946709000	 0.055474086450773
728.461588561535000	 0.055524693585047
728.694547176361000	 0.055604907429032
728.927505791187000	 0.055694891324369
729.160464406013000	 0.055768606967439
729.393423020840000	 0.055809193395578
729.626381635666000	 0.055818000286661
729.859340250492000	 0.055812248687529
730.092298865318000	 0.055813304597882
730.325257480145000	 0.055833266407021
730.558216094971000	 0.055868318506785
730.791174709797000	 0.055902826763085
731.024133324623000	 0.055921502805192
731.257091939449000	 0.055922056828913
731.490050554276000	 0.055920268632209
731.723009169102000	 0.055943771366025
731.955967783928000	 0.056017717830080
732.188926398754000	 0.056150582008667
732.421885013580000	 0.056328316094246
732.654843628407000	 0.056520190925076
732.887802243233000	 0.056693132509470
733.120760858059000	 0.056826817861294
733.353719472885000	 0.056921438337631
733.586678087711000	 0.056994204594361
733.819636702538000	 0.057067275561607
734.052595317364000	 0.057154820733622
734.285553932190000	 0.057257038978927
734.518512547016000	 0.057364233562086
734.751471161842000	 0.057467692644810
734.984429776669000	 0.057569918713221
735.217388391495000	 0.057687001525062
735.450347006321000	 0.057840666337717
735.683305621147000	 0.058044161812956
735.916264235973000	 0.058290469347083
736.149222850800000	 0.058550399642226
736.382181465626000	 0.058782669880341
736.615140080452000	 0.058951414123132
736.848098695278000	 0.059042281484528
737.081057310104000	 0.059068488642445
737.314015924931000	 0.059063234515023
737.546974539757000	 0.059062472007356
737.779933154583000	 0.059087638965418
738.012891769409000	 0.059137825233098
738.245850384235000	 0.059195175933755
738.478808999062000	 0.059239830236696
738.711767613888000	 0.059265567647662
738.944726228714000	 0.059287055130987
739.177684843540000	 0.059334336827911
739.410643458366000	 0.059437584898193
739.643602073193000	 0.059610785870505
739.876560688019000	 0.059843422866429
740.109519302845000	 0.060104384421148
740.342477917671000	 0.060355583797883
740.575436532497000	 0.060567862712545
740.808395147324000	 0.060730930168807
741.041353762150000	 0.060852691468344
741.274312376976000	 0.060949553309750
741.507270991802000	 0.061034485310862
741.740229606629000	 0.061110413290445
741.973188221455000	 0.061172543467848
742.206146836281000	 0.061217297196031
742.439105451107000	 0.061251370055286
742.672064065933000	 0.061294351238174
742.905022680759000	 0.061372393692939
743.137981295586000	 0.061506250617756
743.370939910412000	 0.061700843658627
743.603898525238000	 0.061942783578570
743.836857140064000	 0.062207491229425
744.069815754890000	 0.062471885628658
744.302774369717000	 0.062725300693709
744.535732984543000	 0.062972139064293
744.768691599369000	 0.063224512277644
745.001650214195000	 0.063489298826495
745.234608829021000	 0.063757866268704
745.467567443848000	 0.064005478292683
745.700526058674000	 0.064201798598031
745.933484673500000	 0.064327334373926
746.166443288326000	 0.064386831557261
746.399401903152000	 0.064411641186585
746.632360517979000	 0.064448691885041
746.865319132805000	 0.064541123809448
747.098277747631000	 0.064710484040261
747.331236362457000	 0.064949541174527
747.564194977283000	 0.065228848609734
747.797153592110000	 0.065512858422861
748.030112206936000	 0.065776663192183
748.263070821762000	 0.066014584964342
748.496029436588000	 0.066236721979084
748.728988051414000	 0.066456624539615
748.961946666241000	 0.066678368362650
749.194905281067000	 0.066891273649868
749.427863895893000	 0.067075544648533
749.660822510719000	 0.067215374176217
749.893781125546000	 0.067311458453220
750.126739740372000	 0.067384927767336
750.359698355198000	 0.067469549531468
750.592656970024000	 0.067596074300792
750.825615584850000	 0.067777458050115
751.058574199677000	 0.068003272073196
751.291532814503000	 0.068246313800869
751.524491429329000	 0.068477623338445
751.757450044155000	 0.068681578078858
751.990408658981000	 0.068862786662570
752.223367273808000	 0.069041197522083
752.456325888634000	 0.069238710760287
752.689284503460000	 0.069465519514643
752.922243118286000	 0.069714283239529
753.155201733112000	 0.069965284466800
753.388160347939000	 0.070199159425408
753.621118962765000	 0.070409410455206
753.854077577591000	 0.070607058393252
754.087036192417000	 0.070814478434403
754.319994807243000	 0.071052091693067
754.552953422070000	 0.071326055855668
754.785912036896000	 0.071624504619413
755.018870651722000	 0.071924685788659
755.251829266548000	 0.072206813706254
755.484787881374000	 0.072466327134562
755.717746496201000	 0.072716868010656
755.950705111027000	 0.072981613205695
756.183663725853000	 0.073277751379134
756.416622340679000	 0.073603448454180
756.649580955505000	 0.073935563729029
756.882539570332000	 0.074240347023280
757.115498185158000	 0.074491957740848
757.348456799984000	 0.074688874275768
757.581415414810000	 0.074858691002252
757.814374029636000	 0.075047663947523
758.047332644463000	 0.075299817627229
758.280291259289000	 0.075636447071140
758.513249874115000	 0.076046635772627
758.746208488941000	 0.076493322458404
758.979167103767000	 0.076931327926367
759.212125718593000	 0.077327879383347
759.445084333420000	 0.077675224048967
759.678042948246000	 0.077989399445190
759.911001563072000	 0.078296980794269
760.143960177898000	 0.078618251080037
760.376918792725000	 0.078956669632268
760.609877407551000	 0.079300104002314
760.842836022377000	 0.079632086858965
761.075794637203000	 0.079945613514326
761.308753252029000	 0.080250718602380
761.541711866856000	 0.080570913137091
761.774670481682000	 0.080930418847515
762.007629096508000	 0.081339863429865
762.240587711334000	 0.081789070946870
762.473546326160000	 0.082251337590414
762.706504940987000	 0.082696923329498
762.939463555813000	 0.083108249405287
763.172422170639000	 0.083488246848736
763.405380785465000	 0.083857127087278
763.638339400291000	 0.084239597536518
763.871298015118000	 0.084650222793242
764.104256629944000	 0.085085627924836
764.337215244770000	 0.085528012161185
764.570173859596000	 0.085957728728315
764.803132474422000	 0.086367377329653
765.036091089249000	 0.086768825832423
765.269049704075000	 0.087188520055286
765.502008318901000	 0.087653328530794
765.734966933727000	 0.088174924325317
765.967925548553000	 0.088741718303641
766.200884163380000	 0.089323105981961
766.433842778206000	 0.089883971088337
766.666801393032000	 0.090401802354109
766.899760007858000	 0.090877291376467
767.132718622684000	 0.091332764555342
767.365677237511000	 0.091799560040155
767.598635852337000	 0.092301623899211
767.831594467163000	 0.092844416544396
768.064553081989000	 0.093414758823956
768.297511696815000	 0.093990866974584
768.530470311642000	 0.094556249328822
768.763428926468000	 0.095109287947929
768.996387541294000	 0.095663132136140
769.229346156120000	 0.096236431140012
769.462304770947000	 0.096840918347406
769.695263385773000	 0.097473552563107
769.928222000599000	 0.098117939788555
770.161180615425000	 0.098754137302084
770.394139230251000	 0.099371013353907
770.627097845078000	 0.099973818624667
770.860056459904000	 0.100582407345132
771.093015074730000	 0.101221106340706
771.325973689556000	 0.101906195369134
771.558932304382000	 0.102638213304157
771.791890919209000	 0.103403203384700
772.024849534035000	 0.104181658935477
772.257808148861000	 0.104959522158498
772.490766763687000	 0.105734580562637
772.723725378513000	 0.106514603816455
772.956683993340000	 0.107308873842885
773.189642608166000	 0.108119077971132
773.422601222992000	 0.108936030875097
773.655559837818000	 0.109745030913671
773.888518452644000	 0.110537113909345
774.121477067471000	 0.111319343922666
774.354435682297000	 0.112117120369346
774.587394297123000	 0.112965742694356
774.820352911949000	 0.113894903205470
775.053311526775000	 0.114914400190023
775.286270141602000	 0.116009162622892
775.519228756428000	 0.117146767862012
775.752187371254000	 0.118293888777699
775.985145986080000	 0.119433139476923
776.218104600906000	 0.120571255383243
776.451063215733000	 0.121734063970611
776.684021830559000	 0.122951098755044
776.916980445385000	 0.124238662874830
777.149939060211000	 0.125590959283680
777.382897675037000	 0.126984183041019
777.615856289864000	 0.128391128934007
777.848814904690000	 0.129797947030781
778.081773519516000	 0.131213325592653
778.314732134342000	 0.132664569707454
778.547690749168000	 0.134182702121442
778.780649363995000	 0.135785294774067
779.013607978821000	 0.137467101635398
779.246566593647000	 0.139203972497245
779.479525208473000	 0.140967863512224
779.712483823299000	 0.142744296783081
779.945442438126000	 0.144541848998558
780.178401052952000	 0.146387468114602
780.411359667778000	 0.148309664734034
780.644318282604000	 0.150319070953647
780.877276897430000	 0.152397796602525
781.110235512257000	 0.154504268628944
781.343194127083000	 0.156591665115760
781.576152741909000	 0.158630281721838
781.809111356735000	 0.160621305798346
782.042069971561000	 0.162593531248167
782.275028586388000	 0.164583929813833
782.507987201214000	 0.166612416447979
782.740945816040000	 0.168664768971652
782.973904430866000	 0.170693346900900
783.206863045692000	 0.172635698083373
783.439821660519000	 0.174441503149807
783.672780275345000	 0.176093485570323
783.905738890171000	 0.177610775735196
784.138697504997000	 0.179032844267630
784.371656119823000	 0.180393171779071
784.604614734650000	 0.181697458672069
784.837573349476000	 0.182918060129659
785.070531964302000	 0.184006772289073
785.303490579128000	 0.184917799613234
785.536449193954000	 0.185627286993102
785.769407808781000	 0.186138252965046
786.002366423607000	 0.186468980944790
786.235325038433000	 0.186633427208757
786.468283653259000	 0.186627231680504
786.701242268085000	 0.186429261825580
786.934200882912000	 0.186018729937320
787.167159497738000	 0.185397828154005
787.400118112564000	 0.184605508362119
787.633076727390000	 0.183712414492616
787.866035342216000	 0.182797927436533
788.098993957043000	 0.181921158514584
788.331952571869000	 0.181101580708514
788.564911186695000	 0.180319593023216
788.797869801521000	 0.179536271253678
789.030828416348000	 0.178721209817769
789.263787031174000	 0.177873160891516
789.496745646000000	 0.177022435113216
789.729704260826000	 0.176214586545490
789.962662875652000	 0.175485639254672
790.195621490479000	 0.174843532200420
790.428580105305000	 0.174266203927395
790.661538720131000	 0.173716825994274
790.894497334957000	 0.173166943945453
791.127455949783000	 0.172613949547692
791.360414564610000	 0.172082757963725
791.593373179436000	 0.171610945598746
791.826331794262000	 0.171226334354905
792.059290409088000	 0.170930125516807
792.292249023914000	 0.170694963901404
792.525207638740000	 0.170478406455946
792.758166253567000	 0.170243445904133
792.991124868393000	 0.169973837606846
793.224083483219000	 0.169675222394904
793.457042098045000	 0.169361728029903
793.690000712872000	 0.169036674264545
793.922959327698000	 0.168679627594567
794.155917942524000	 0.168248214897229
794.388876557350000	 0.167694284007248
794.621835172176000	 0.166985345723868
794.854793787003000	 0.166118714688662
795.087752401829000	 0.165119705025928
795.320711016655000	 0.164024629152960
795.553669631481000	 0.162858475254384
795.786628246307000	 0.161620245825862
796.019586861134000	 0.160284283440675
796.252545475960000	 0.158816539625571
796.485504090786000	 0.157196091507249
796.718462705612000	 0.155429136330702
796.951421320438000	 0.153547159084652
797.184379935265000	 0.151590556315162
797.417338550091000	 0.149587775404790
797.650297164917000	 0.147542466211589
797.883255779743000	 0.145436058847389
798.116214394569000	 0.143244037902409
798.349173009396000	 0.140956292080110
798.582131624222000	 0.138589581020612
798.815090239048000	 0.136184802493686
799.048048853874000	 0.133790822970528
799.281007468700000	 0.131444554933708
799.513966083527000	 0.129158732306681
799.746924698353000	 0.126923710059468
799.979883313179000	 0.124721210866282
800.212841928005000	 0.122541280971481
800.445800542831000	 0.120392339279800
800.678759157658000	 0.118298714537883
800.911717772484000	 0.116287798446518
801.144676387310000	 0.114375166017412
801.377635002136000	 0.112556905028863
801.610593616962000	 0.110813679635768
801.843552231789000	 0.109123892761896
802.076510846615000	 0.107477946672520
802.309469461441000	 0.105884999316617
802.542428076267000	 0.104368133596131
802.775386691094000	 0.102950894193634
803.008345305920000	 0.101643365311087
803.241303920746000	 0.100436105956490
803.474262535572000	 0.099305424826143
803.707221150398000	 0.098226772197151
803.940179765224000	 0.097188323158198
804.173138380051000	 0.096196705116595
804.406096994877000	 0.095271441077817
804.639055609703000	 0.094431475522331
804.872014224529000	 0.093681986196545
805.104972839355000	 0.093009515196352
805.337931454182000	 0.092388472280691
805.570890069008000	 0.091795363563294
805.803848683834000	 0.091222493070598
806.036807298660000	 0.090682915886939
806.269765913486000	 0.090203243067761
806.502724528313000	 0.089807946584732
806.735683143139000	 0.089503913176192
806.968641757965000	 0.089274007723913
807.201600372791000	 0.089083411591144
807.434558987617000	 0.088895512473517
807.667517602444000	 0.088688953755534
807.900476217270000	 0.088466777569445
808.133434832096000	 0.088252874166444
808.366393446922000	 0.088077982375456
808.599352061749000	 0.087963230071987
808.832310676575000	 0.087910230074111
809.065269291401000	 0.087902627274599
809.298227906227000	 0.087917396617451
809.531186521053000	 0.087938893244570
809.764145135880000	 0.087967433114097
809.997103750706000	 0.088017628246333
810.230062365532000	 0.088107874990825
810.463020980358000	 0.088247642036052
810.695979595184000	 0.088430350582357
810.928938210011000	 0.088636122948920
811.161896824837000	 0.088842768324265
811.394855439663000	 0.089038525578946
811.627814054489000	 0.089228993514447
811.860772669315000	 0.089434021954241
812.093731284142000	 0.089676278186689
812.326689898968000	 0.089968191057229
812.559648513794000	 0.090304928904474
812.792607128620000	 0.090667473931485
813.025565743446000	 0.091033960183433
813.258524358273000	 0.091392647224433
813.491482973099000	 0.091748882258250
813.724441587925000	 0.092121824478653
813.957400202751000	 0.092532723342472
814.190358817577000	 0.092991602249775
814.423317432404000	 0.093490210297241
814.656276047230000	 0.094005502130588
814.889234662056000	 0.094511863352033
815.122193276882000	 0.094995228972172
815.355151891708000	 0.095460973972085
815.588110506535000	 0.095930852970302
815.821069121361000	 0.096430552892899
816.054027736187000	 0.096974909744328
816.286986351013000	 0.097559218263314
816.519944965839000	 0.098161602613521
816.752903580666000	 0.098755219331290
816.985862195492000	 0.099323558006103
817.218820810318000	 0.099870264322731
817.451779425144000	 0.100417880082713
817.684738039970000	 0.100996162557707
817.917696654797000	 0.101626555720649
818.150655269623000	 0.102311402901700
818.383613884449000	 0.103033591053076
818.616572499275000	 0.103766409509578
818.849531114101000	 0.104487828857076
819.082489728928000	 0.105191118171724
819.315448343754000	 0.105885997028392
819.548406958580000	 0.106590159323687
819.781365573406000	 0.107316675993551
820.014324188232000	 0.108065024500864
820.247282803059000	 0.108821069171805
820.480241417885000	 0.109565856944668
820.713200032711000	 0.110287807468306
820.946158647537000	 0.110990751301665
821.179117262363000	 0.111692625693681
821.412075877190000	 0.112415250674373
821.645034492016000	 0.113171104933908
821.877993106842000	 0.113954966073110
822.110951721668000	 0.114745531312155
822.343910336494000	 0.115516411462886
822.576868951321000	 0.116250446528282
822.809827566147000	 0.116949150221793
823.042786180973000	 0.117631635964507
823.275744795799000	 0.118323398477146
823.508703410625000	 0.119041311660318
823.741662025452000	 0.119783472332695
823.974620640278000	 0.120529751975592
824.207579255104000	 0.121252849243646
824.440537869930000	 0.121933677457600
824.673496484756000	 0.122572301550381
824.906455099583000	 0.123187948129493
825.139413714409000	 0.123807797110101
825.372372329235000	 0.124450788429195
825.605330944061000	 0.125115593939884
825.838289558887000	 0.125779543034119
826.071248173714000	 0.126409189838589
826.304206788540000	 0.126976819941188
826.537165403366000	 0.127473923436217
826.770124018192000	 0.127914342510197
827.003082633018000	 0.128325652751938
827.236041247845000	 0.128734008703483
827.468999862671000	 0.129151175081935
827.701958477497000	 0.129570820776231
827.934917092323000	 0.129975601560261
828.167875707150000	 0.130350391457434
828.400834321976000	 0.130693627789592
828.633792936802000	 0.131019979445470
828.866751551628000	 0.131352767882567
829.099710166454000	 0.131710674600276
829.332668781281000	 0.132096548886695
829.565627396107000	 0.132494742189639
829.798586010933000	 0.132878407030665
830.031544625759000	 0.133222580107582
830.264503240585000	 0.133515714347757
830.497461855412000	 0.133763377378792
830.730420470238000	 0.133982540631546
830.963379085064000	 0.134190444023941
831.196337699890000	 0.134395013081098
831.429296314716000	 0.134592494633256
831.662254929543000	 0.134773370029826
831.895213544369000	 0.134932548215684
832.128172159195000	 0.135077260300574
832.361130774021000	 0.135227466751127
832.594089388847000	 0.135408165128698
832.827048003674000	 0.135637970838807
833.060006618500000	 0.135920644372175
833.292965233326000	 0.136244514192238
833.525923848152000	 0.136590154502049
833.758882462978000	 0.136941939027958
833.991841077805000	 0.137296884856818
834.224799692631000	 0.137665815173511
834.457758307457000	 0.138066435342100
834.690716922283000	 0.138512704475943
834.923675537109000	 0.139006959072870
835.156634151936000	 0.139539419964770
835.389592766762000	 0.140095209370911
835.622551381588000	 0.140664502988618
835.855509996414000	 0.141249533266987
836.088468611241000	 0.141864011201702
836.321427226067000	 0.142525141141044
836.554385840893000	 0.143242980326123
836.787344455719000	 0.144013592226572
837.020303070545000	 0.144820246920364
837.253261685371000	 0.145642193535446
837.486220300198000	 0.146466012920455
837.719178915024000	 0.147292860688259
837.952137529850000	 0.148137160799450
838.185096144676000	 0.149017351646828
838.418054759502000	 0.149944099396368
838.651013374329000	 0.150912974876619
838.883971989155000	 0.151905984150462
839.116930603981000	 0.152901127136117
839.349889218807000	 0.153884321876314
839.582847833633000	 0.154856366461544
839.815806448460000	 0.155830302263262
840.048765063286000	 0.156820275631820
840.281723678112000	 0.157828381510605
840.514682292938000	 0.158837632225296
840.747640907764000	 0.159816034257498
840.980599522591000	 0.160730534709214
841.213558137417000	 0.161563724112037
841.446516752243000	 0.162323969767369
841.679475367069000	 0.163042701465636
841.912433981895000	 0.163759539770707
842.145392596722000	 0.164502871626734
842.378351211548000	 0.165276171304460
842.611309826374000	 0.166057310937532
842.844268441200000	 0.166811163431497
843.077227056026000	 0.167508733489403
843.310185670853000	 0.168142541733175
843.543144285679000	 0.168730031300367
843.776102900505000	 0.169303455740560
844.009061515331000	 0.169892243463467
844.242020130157000	 0.170507738195511
844.474978744984000	 0.171138366196273
844.707937359810000	 0.171757099658957
844.940895974636000	 0.172336213267265
845.173854589462000	 0.172860481870301
845.406813204288000	 0.173331224225597
845.639771819115000	 0.173759294584527
845.872730433941000	 0.174151883333571
846.105689048767000	 0.174501653017910
846.338647663593000	 0.174785147356961
846.571606278419000	 0.174971699040708
846.804564893246000	 0.175037657278674
847.037523508072000	 0.174977357885960
847.270482122898000	 0.174803950269323
847.503440737724000	 0.174539165717180
847.736399352551000	 0.174197798480046
847.969357967377000	 0.173775921345979
848.202316582203000	 0.173249739473953
848.435275197029000	 0.172585895319629
848.668233811855000	 0.171757520456494
848.901192426682000	 0.170757032283691
849.134151041508000	 0.169598536600115
849.367109656334000	 0.168308773290215
849.600068271160000	 0.166912209193549
849.833026885986000	 0.165419038982188
850.065985500813000	 0.163822726433874
850.298944115639000	 0.162107873915963
850.531902730465000	 0.160263229361096
850.764861345291000	 0.158291927113589
850.997819960117000	 0.156213086351492
851.230778574944000	 0.154054378312310
851.463737189770000	 0.151840681987424
851.696695804596000	 0.149586036284204
851.929654419422000	 0.147293639888356
852.162613034248000	 0.144963416346996
852.395571649075000	 0.142601933047608
852.628530263901000	 0.140228042292854
852.861488878727000	 0.137870332009608
853.094447493553000	 0.135557670900865
853.327406108379000	 0.133308537582808
853.560364723205000	 0.131125667259697
853.793323338032000	 0.128999410970636
854.026281952858000	 0.126918091573988
854.259240567684000	 0.124879545340131
854.492199182510000	 0.122897247123031
854.725157797337000	 0.120997405909563
854.958116412163000	 0.119208520097298
855.191075026989000	 0.117549104663850
855.424033641815000	 0.116020174964402
855.656992256641000	 0.114606248951545
855.889950871468000	 0.113283929297635
856.122909486294000	 0.112033208864159
856.355868101120000	 0.110845534071272
856.588826715946000	 0.109724840203769
856.821785330772000	 0.108681932275394
857.054743945599000	 0.107726268220147
857.287702560425000	 0.106860271846732
857.520661175251000	 0.106079302647173
857.753619790077000	 0.105376725243559
857.986578404903000	 0.104750383677837
858.219537019730000	 0.104205978554318
858.452495634556000	 0.103754794169977
858.685454249382000	 0.103406745595956
858.918412864208000	 0.103162658277650
859.151371479034000	 0.103010275315521
859.384330093861000	 0.102926428360572
859.617288708687000	 0.102884370071468
859.850247323513000	 0.102862388082407
860.083205938339000	 0.102849082451915
860.316164553165000	 0.102842540959455
860.549123167992000	 0.102844084732678
860.782081782818000	 0.102850274676553
861.015040397644000	 0.102847691012695
861.247999012470000	 0.102813232475009
861.480957627296000	 0.102719469338602
861.713916242123000	 0.102541790923485
861.946874856949000	 0.102263269589788
862.179833471775000	 0.101874783099001
862.412792086601000	 0.101371038805336
862.645750701427000	 0.100745791138458
862.878709316254000	 0.099990033905816
863.111667931080000	 0.099094965847852
863.344626545906000	 0.098058320903914
863.577585160732000	 0.096890208326831
863.810543775558000	 0.095614481635546
864.043502390385000	 0.094264064084369
864.276461005211000	 0.092872209785375
864.509419620037000	 0.091464141537126
864.742378234863000	 0.090053312699735
864.975336849689000	 0.088643868440237
865.208295464516000	 0.087237411483133
865.441254079342000	 0.085839920217593
865.674212694168000	 0.084464839647881
865.907171308994000	 0.083130809373925
866.140129923821000	 0.081855735926686
866.373088538647000	 0.080650984397283
866.606047153473000	 0.079519139984616
866.839005768299000	 0.078456411067447
867.071964383125000	 0.077457875136784
867.304922997952000	 0.076522127628825
867.537881612778000	 0.075652389882134
867.770840227604000	 0.074853429136951
868.003798842430000	 0.074126336984032
868.236757457256000	 0.073464630440956
868.469716072083000	 0.072854407328041
868.702674686909000	 0.072278888471583
868.935633301735000	 0.071725071306237
869.168591916561000	 0.071188909025170
869.401550531387000	 0.070676170245517
869.634509146214000	 0.070198544414110
869.867467761040000	 0.069767254194728
870.100426375866000	 0.069387783301581
870.333384990692000	 0.069058504204925
870.566343605518000	 0.068773551615641
870.799302220345000	 0.068527754166584
871.032260835171000	 0.068320299299747
871.265219449997000	 0.068154700091668
871.498178064823000	 0.068035026341038
871.731136679649000	 0.067960820047949
871.964095294476000	 0.067924103798502
872.197053909302000	 0.067910757282703
872.430012524128000	 0.067905950236419
872.662971138954000	 0.067900815420423
872.895929753780000	 0.067896592695678
873.128888368607000	 0.067903688718123
873.361846983433000	 0.067935888989488
873.594805598259000	 0.068002766970908
873.827764213085000	 0.068104470303958
874.060722827911000	 0.068231793842719
874.293681442738000	 0.068371495521618
874.526640057564000	 0.068513867631166
874.759598672390000	 0.068658287733694
874.992557287216000	 0.068813572262977
875.225515902042000	 0.068992880732057
875.458474516869000	 0.069206039396381
875.691433131695000	 0.069453647467691
875.924391746521000	 0.069726311083092
876.157350361347000	 0.070009432821954
876.390308976173000	 0.070290845950057
876.623267591000000	 0.070566964863733
876.856226205826000	 0.070843931573358
877.089184820652000	 0.071133071448653
877.322143435478000	 0.071443250139219
877.555102050304000	 0.071774531749080
877.788060665131000	 0.072116812967889
878.021019279957000	 0.072454302106737
878.253977894783000	 0.072773437415366
878.486936509609000	 0.073069889205603
878.719895124435000	 0.073350727760282
878.952853739262000	 0.073630467204778
879.185812354088000	 0.073923076238975
879.418770968914000	 0.074234244139814
879.651729583740000	 0.074557964696468
879.884688198566000	 0.074879077011938
880.117646813393000	 0.075180221510278
880.350605428219000	 0.075449458687723
880.583564043045000	 0.075684674718603
880.816522657871000	 0.075892858692435
881.049481272697000	 0.076085229343221
881.282439887524000	 0.076271314112180
881.515398502350000	 0.076455241684142
881.748357117176000	 0.076635771792495
881.981315732002000	 0.076809161197595
882.214274346828000	 0.076972354903434
882.447232961655000	 0.077124108161142
882.680191576481000	 0.077263332646836
882.913150191307000	 0.077386092959779
883.146108806133000	 0.077483832550097
883.379067420959000	 0.077544784554841
883.612026035786000	 0.077558482859232
883.844984650612000	 0.077521096396506
884.077943265438000	 0.077438356211797
884.310901880264000	 0.077323851506396
884.543860495090000	 0.077193017383205
884.776819109917000	 0.077055772750204
885.009777724743000	 0.076911833585577
885.242736339569000	 0.076751465195839
885.475694954395000	 0.076561514181018
885.708653569222000	 0.076333616020889
885.941612184048000	 0.076070144961806
886.174570798874000	 0.075784550965065
886.407529413700000	 0.075495728274878
886.640488028526000	 0.075219357157146
886.873446643352000	 0.074960847870082
887.106405258179000	 0.074713610427871
887.339363873005000	 0.074463450131235
887.572322487831000	 0.074196635713128
887.805281102657000	 0.073907353662507
888.038239717484000	 0.073600767847288
888.271198332310000	 0.073290426515218
888.504156947136000	 0.072991866799060
888.737115561962000	 0.072716168043132
888.970074176788000	 0.072466851245041
889.203032791615000	 0.072241276236147
889.435991406441000	 0.072035009543766
889.668950021267000	 0.071846100572144
889.901908636093000	 0.071676613210707
890.134867250919000	 0.071530762273637
890.367825865746000	 0.071411311655681
890.600784480572000	 0.071317034428184
890.833743095398000	 0.071243296200126
891.066701710224000	 0.071185700645087
891.299660325050000	 0.071144589817334
891.532618939877000	 0.071127379339436
891.765577554703000	 0.071146797729324
891.998536169529000	 0.071215523771161
892.231494784355000	 0.071340035740388
892.464453399181000	 0.071517227492725
892.697412014008000	 0.071735967701282
892.930370628834000	 0.071983043551633
893.163329243660000	 0.072250407406215
893.396287858486000	 0.072539775729244
893.629246473312000	 0.072861962616040
893.862205088139000	 0.073231210555217
894.095163702965000	 0.073657618109310
894.328122317791000	 0.074141896749254
894.561080932617000	 0.074675424022424
894.794039547443000	 0.075245622183825
895.026998162270000	 0.075843740953434
895.259956777096000	 0.076470777765798
895.492915391922000	 0.077138265986719
895.725874006748000	 0.077863479772953
895.958832621574000	 0.078661677870149
896.191791236401000	 0.079539573577193
896.424749851227000	 0.080493395096022
896.657708466053000	 0.081512235214158
896.890667080879000	 0.082584447416628
897.123625695706000	 0.083703257684011
897.356584310532000	 0.084868369548000
897.589542925358000	 0.086082784664975
897.822501540184000	 0.087346932375979
898.055460155010000	 0.088653800926994
898.288418769836000	 0.089988139438471
898.521377384663000	 0.091330342428113
898.754335999489000	 0.092662785885997
898.987294614315000	 0.093974797531387
899.220253229141000	 0.095263070514554
899.453211843967000	 0.096526908338847
899.686170458794000	 0.097760786458250
899.919129073620000	 0.098948491538201
900.152087688446000	 0.100062442382469
900.385046303272000	 0.101069033370628
900.618004918098000	 0.101937505297289
900.850963532925000	 0.102647796440243
901.083922147751000	 0.103193274044926
901.316880762577000	 0.103577080113231
901.549839377403000	 0.103804503191139
901.782797992229000	 0.103876123054646
902.015756607056000	 0.103786013213643
902.248715221882000	 0.103526272285098
902.481673836708000	 0.103095352935589
902.714632451534000	 0.102505271940506
902.947591066360000	 0.101783243858445
903.180549681187000	 0.100966409530619
903.413508296013000	 0.100092323921304
903.646466910839000	 0.099190300918479
903.879425525665000	 0.098278116083670
904.112384140491000	 0.097365380970614
904.345342755318000	 0.096461078152361
904.578301370144000	 0.095580483852840
904.811259984970000	 0.094747244008359
905.044218599796000	 0.093989364530780
905.277177214623000	 0.093331551807616
905.510135829449000	 0.092788488767249
905.743094444275000	 0.092363004421623
905.976053059101000	 0.092050168593112
906.209011673927000	 0.091844909567518
906.441970288754000	 0.091748768420386
906.674928903580000	 0.091771949265089
906.907887518406000	 0.091929582553443
907.140846133232000	 0.092234509904271
907.373804748058000	 0.092690931840325
907.606763362885000	 0.093292743175003
907.839721977711000	 0.094027660996895
908.072680592537000	 0.094884921348470
908.305639207363000	 0.095862237981632
908.538597822189000	 0.096968021167817
908.771556437016000	 0.098217411151279
909.004515051842000	 0.099624091953075
909.237473666668000	 0.101192174243626
909.470432281494000	 0.102912344065602
909.703390896320000	 0.104764068264993
909.936349511147000	 0.106722314124667
910.169308125973000	 0.108764784085378
910.402266740799000	 0.110875376198333
910.635225355625000	 0.113041628613376
910.868183970451000	 0.115247215127534
911.101142585278000	 0.117463308243633
911.334101200104000	 0.119643289652152
911.567059814930000	 0.121723551107314
911.800018429756000	 0.123630018835884
912.032977044582000	 0.125287273079754
912.265935659408000	 0.126626225923471
912.498894274235000	 0.127587787032143
912.731852889061000	 0.128122948037049
912.964811503887000	 0.128192372635104
913.197770118713000	 0.127769067667615
913.430728733540000	 0.126845507621207
913.663687348366000	 0.125442936441343
913.896645963192000	 0.123617808862949
914.129604578018000	 0.121460449973266
914.362563192844000	 0.119084292220509
914.595521807671000	 0.116608684672304
914.828480422497000	 0.114141447612093
915.061439037323000	 0.111767186344517
915.294397652149000	 0.109544168486876
915.527356266975000	 0.107508355989282
915.760314881802000	 0.105680301098652
915.993273496628000	 0.104070373048990
916.226232111454000	 0.102679955467435
916.459190726280000	 0.101499376117447
916.692149341106000	 0.100505557136415
916.925107955933000	 0.099662527576633
917.158066570759000	 0.098926118727269
917.391025185585000	 0.098251558518152
917.623983800411000	 0.097600833690888
917.856942415237000	 0.096946662203811
918.089901030064000	 0.096271746789842
918.322859644890000	 0.095564597835079
918.555818259716000	 0.094815031309939
918.788776874542000	 0.094012347715218
919.021735489368000	 0.093147264994929
919.254694104195000	 0.092216124943822
919.487652719021000	 0.091224292545142
919.720611333847000	 0.090186023001073
919.953569948673000	 0.089120205004316
920.186528563499000	 0.088043994854971
920.419487178326000	 0.086967783584617
920.652445793152000	 0.085894271964788
920.885404407978000	 0.084822070846842
921.118363022804000	 0.083751612737636
921.351321637630000	 0.082689801094805
921.584280252457000	 0.081650548589499
921.817238867283000	 0.080650780665170
922.050197482109000	 0.079704186868717
922.283156096935000	 0.078816354132053
922.516114711762000	 0.077984102987541
922.749073326588000	 0.077199388148273
922.982031941414000	 0.076455481865627
923.214990556240000	 0.075751843863147
923.447949171066000	 0.075094843229763
923.680907785892000	 0.074493922097784
923.913866400719000	 0.073955482294021
924.146825015545000	 0.073478136552259
924.379783630371000	 0.073052188596834
924.612742245197000	 0.072663771078646
924.845700860024000	 0.072301392463909
925.078659474850000	 0.071961225009830
925.311618089676000	 0.071648104536985
925.544576704502000	 0.071371588299668
925.777535319328000	 0.071139205141523
926.010493934155000	 0.070950619068543
926.243452548981000	 0.070795900749762
926.476411163807000	 0.070658809289534
926.709369778633000	 0.070523259725849
926.942328393459000	 0.070379485753104
927.175287008286000	 0.070226677261565
927.408245623112000	 0.070070906206930
927.641204237938000	 0.069919795586990
927.874162852764000	 0.069777111565255
928.107121467590000	 0.069640298285284
928.340080082417000	 0.069502109787055
928.573038697243000	 0.069355084517424
928.805997312069000	 0.069196049452537
929.038955926895000	 0.069027979404134
929.271914541721000	 0.068858237928336
929.504873156548000	 0.068694446557918
929.737831771374000	 0.068540615303168
929.970790386200000	 0.068395895823304
930.203749001026000	 0.068256610810369
930.436707615852000	 0.068120152559766
930.669666230679000	 0.067988180481362
930.902624845505000	 0.067866974944072
931.135583460331000	 0.067764574484793
931.368542075157000	 0.067686365652439
931.601500689983000	 0.067631842513240
931.834459304810000	 0.067594641237985
932.067417919636000	 0.067566045674252
932.300376534462000	 0.067540089742834
932.533335149288000	 0.067517369893183
932.766293764114000	 0.067505341471423
932.999252378941000	 0.067514869303473
933.232210993767000	 0.067554988569214
933.465169608593000	 0.067628896622292
933.698128223419000	 0.067733483137454
933.931086838245000	 0.067862632710374
934.164045453072000	 0.068012315274652
934.397004067898000	 0.068184396200671
934.629962682724000	 0.068386789515604
934.862921297550000	 0.068629687072101
935.095879912376000	 0.068919925696604
935.328838527203000	 0.069256730429791
935.561797142029000	 0.069631384142755
935.794755756855000	 0.070031210152981
936.027714371681000	 0.070445840745524
936.260672986507000	 0.070872425962777
936.493631601334000	 0.071316960183864
936.726590216160000	 0.071791014215019
936.959548830986000	 0.072305694535658
937.192507445812000	 0.072866166696857
937.425466060638000	 0.073469718129150
937.658424675465000	 0.074108333435454
937.891383290291000	 0.074774258651823
938.124341905117000	 0.075465413630193
938.357300519943000	 0.076187645378761
938.590259134769000	 0.076952615714352
938.823217749596000	 0.077772560217830
939.056176364422000	 0.078654840572569
939.289134979248000	 0.079599202493518
939.522093594074000	 0.080599027781448
939.755052208900000	 0.081645616710870
939.988010823727000	 0.082732928911690
940.220969438553000	 0.083860118271980
940.453928053379000	 0.085030639193498
940.686886668205000	 0.086248814741966
940.919845283031000	 0.087516272292214
941.152803897858000	 0.088830665233508
941.385762512684000	 0.090187625540383
941.618721127510000	 0.091584821779160
941.851679742336000	 0.093025550311815
942.084638357162000	 0.094519337557821
942.317596971989000	 0.096078613587484
942.550555586815000	 0.097712756697490
942.783514201641000	 0.099422394463920
943.016472816467000	 0.101196837022908
943.249431431293000	 0.103015911431828
943.482390046120000	 0.104855152186209
943.715348660946000	 0.106691530318817
943.948307275772000	 0.108506639023106
944.181265890598000	 0.110285691324021
944.414224505425000	 0.112013076120188
944.647183120251000	 0.113667216606097
944.880141735077000	 0.115217921378477
945.113100349903000	 0.116628057571532
945.346058964729000	 0.117858985037160
945.579017579556000	 0.118877114038277
945.811976194382000	 0.119658372808426
946.044934809208000	 0.120188674183093
946.277893424034000	 0.120460921914086
946.510852038860000	 0.120471195987383
946.743810653687000	 0.120217159573833
946.976769268513000	 0.119700157878321
947.209727883339000	 0.118929903739851
947.442686498165000	 0.117928673084823
947.675645112991000	 0.116731833034193
947.908603727817000	 0.115383442247742
948.141562342644000	 0.113928461358714
948.374520957470000	 0.112405046269934
948.607479572296000	 0.110840272058864
948.840438187122000	 0.109250593050223
949.073396801949000	 0.107645696297296
949.306355416775000	 0.106032732291785
949.539314031601000	 0.104418127841784
949.772272646427000	 0.102806087925235
950.005231261253000	 0.101195275432099
950.238189876080000	 0.099576539847663
950.471148490906000	 0.097934096188154
950.704107105732000	 0.096250527183974
950.937065720558000	 0.094513614365644
951.170024335384000	 0.092721700077496
951.402982950211000	 0.090884843374111
951.635941565037000	 0.089021199707890
951.868900179863000	 0.087150601865756
952.101858794689000	 0.085288747893551
952.334817409515000	 0.083444879034001
952.567776024342000	 0.081623719512553
952.800734639168000	 0.079830029369689
953.033693253994000	 0.078072771084089
953.266651868820000	 0.076366312790052
953.499610483646000	 0.074727962418650
953.732569098473000	 0.073173304625627
953.965527713299000	 0.071712007768302
954.198486328125000	 0.070346335057268
954.431444942951000	 0.069072899030233
954.664403557777000	 0.067886326161548
954.897362172604000	 0.066782549562652
955.130320787430000	 0.065759912594047
955.363279402256000	 0.064817788155906
955.596238017082000	 0.063954026567372
955.829196631909000	 0.063163241719898
956.062155246735000	 0.062437323121856
956.295113861561000	 0.061768044603279
956.528072476387000	 0.061150194368833
956.761031091213000	 0.060583184122106
956.993989706039000	 0.060069924123652
957.226948320866000	 0.059613406063475
957.459906935692000	 0.059212913131532
957.692865550518000	 0.058862143877939
957.925824165344000	 0.058550525376916
958.158782780170000	 0.058267170763565
958.391741394997000	 0.058005358777064
958.624700009823000	 0.057765003380446
958.857658624649000	 0.057551622770256
959.090617239475000	 0.057372266324530
959.323575854301000	 0.057230608750459
959.556534469128000	 0.057123938873540
959.789493083954000	 0.057043737399687
960.022451698780000	 0.056979544169454
960.255410313606000	 0.056923986689552
960.488368928432000	 0.056876193345871
960.721327543259000	 0.056841712903892
960.954286158085000	 0.056829018145031
961.187244772911000	 0.056844577465784
961.420203387737000	 0.056889233326697
961.653162002563000	 0.056957812224017
961.886120617390000	 0.057042017606485
962.119079232216000	 0.057134819576930
962.352037847042000	 0.057233783025938
962.584996461868000	 0.057341480817028
962.817955076694000	 0.057462898699043
963.050913691521000	 0.057601516254836
963.283872306347000	 0.057756488162279
963.516830921173000	 0.057922630486372
963.749789535999000	 0.058093201051067
963.982748150826000	 0.058263785180154
964.215706765652000	 0.058434940131525
964.448665380478000	 0.058611998197006
964.681623995304000	 0.058802148405177
964.914582610130000	 0.059010580776091
965.147541224957000	 0.059238060047430
965.380499839783000	 0.059481427143813
965.613458454609000	 0.059736728390141
965.846417069435000	 0.060003021942385
966.079375684261000	 0.060284397857520
966.312334299088000	 0.060588719420647
966.545292913914000	 0.060923537670962
966.778251528740000	 0.061291422252854
967.011210143566000	 0.061687493289612
967.244168758392000	 0.062100853076687
967.477127373219000	 0.062519488795103
967.710085988045000	 0.062936235093079
967.943044602871000	 0.063352659774330
968.176003217697000	 0.063778715844175
968.408961832523000	 0.064228216749525
968.641920447350000	 0.064712441873908
968.874879062176000	 0.065235191157656
969.107837677002000	 0.065791800243491
969.340796291828000	 0.066372471953577
969.573754906654000	 0.066967987221560
969.806713521481000	 0.067574668266670
970.039672136307000	 0.068195996736585
970.272630751133000	 0.068840229692164
970.505589365959000	 0.069515614347842
970.738547980785000	 0.070226091543225
970.971506595612000	 0.070969974977501
971.204465210438000	 0.071742273141713
971.437423825264000	 0.072539162106383
971.670382440090000	 0.073361852415580
971.903341054916000	 0.074217430943470
972.136299669743000	 0.075116007882048
972.369258284569000	 0.076065659593768
972.602216899395000	 0.077067975114950
972.835175514221000	 0.078116723990342
973.068134129047000	 0.079200445030785
973.301092743873000	 0.080307591852405
973.534051358700000	 0.081431462893753
973.767009973526000	 0.082572264238608
973.999968588352000	 0.083735242425540
974.232927203178000	 0.084925997076497
974.465885818005000	 0.086145607040759
974.698844432831000	 0.087388222902070
974.931803047657000	 0.088642321711774
975.164761662483000	 0.089894748651594
975.397720277309000	 0.091135153970526
975.630678892136000	 0.092358304122767
975.863637506962000	 0.093563057872047
976.096596121788000	 0.094748785233128
976.329554736614000	 0.095911503838853
976.562513351440000	 0.097042140808458
976.795471966267000	 0.098128044390060
977.028430581093000	 0.099156942435895
977.261389195919000	 0.100121101533167
977.494347810745000	 0.101019320449973
977.727306425571000	 0.101855669423700
977.960265040398000	 0.102635806935686
978.193223655224000	 0.103363111679431
978.426182270050000	 0.104036914800312
978.659140884876000	 0.104653796873990
978.892099499702000	 0.105211035028364
979.125058114529000	 0.105709973542397
979.358016729355000	 0.106157132142368
979.590975344181000	 0.106562245372819
979.823933959007000	 0.106934311286567
980.056892573833000	 0.107277957757618
980.289851188660000	 0.107592250744996
980.522809803486000	 0.107872586338802
980.755768418312000	 0.108114424050323
980.988727033138000	 0.108316463380481
981.221685647964000	 0.108481154327710
981.454644262791000	 0.108612038206507
981.687602877617000	 0.108709399830012
981.920561492443000	 0.108766866566981
982.153520107269000	 0.108771187814678
982.386478722095000	 0.108705678135473
982.619437336922000	 0.108555708425302
982.852395951748000	 0.108313390155237
983.085354566574000	 0.107978967392041
983.318313181400000	 0.107558256183536
983.551271796227000	 0.107057716099455
983.784230411053000	 0.106480068265142
984.017189025879000	 0.105822989108174
984.250147640705000	 0.105081552586426
984.483106255531000	 0.104252873670550
984.716064870358000	 0.103340118614121
984.949023485184000	 0.102353445556351
985.181982100010000	 0.101307297558480
985.414940714836000	 0.100215677412367
985.647899329662000	 0.099088238605784
985.880857944489000	 0.097929496204102
986.113816559315000	 0.096741540285811
986.346775174141000	 0.095528494724329
986.579733788967000	 0.094299877687515
986.812692403793000	 0.093070637256419
987.045651018620000	 0.091857614376073
987.278609633446000	 0.090674356607406
987.511568248272000	 0.089527253285211
987.744526863098000	 0.088415247638362
987.977485477924000	 0.087333338336729
988.210444092751000	 0.086277912702642
988.443402707577000	 0.085250895367012
988.676361322403000	 0.084260349367769
988.909319937229000	 0.083317174897995
989.142278552055000	 0.082429773702587
989.375237166882000	 0.081599697423396
989.608195781708000	 0.080820719686304
989.841154396534000	 0.080081831170861
990.074113011360000	 0.079372482384989
990.307071626186000	 0.078687199211565
990.540030241013000	 0.078027110202381
990.772988855839000	 0.077397699555870
991.005947470665000	 0.076804221410952
991.238906085491000	 0.076247464259425
991.471864700318000	 0.075722243949069
991.704823315144000	 0.075219365918829
991.937781929970000	 0.074729815900651
992.170740544796000	 0.074248737095896
992.403699159622000	 0.073776971798663
992.636657774448000	 0.073319418862318
992.869616389275000	 0.072881309064922
993.102575004101000	 0.072464643494944
993.335533618927000	 0.072066831305086
993.568492233753000	 0.071682181197349
993.801450848579000	 0.071305203582522
994.034409463406000	 0.070933664780387
994.267368078232000	 0.070569565346632
994.500326693058000	 0.070217521730359
994.733285307884000	 0.069881614705530
994.966243922710000	 0.069562672197571
995.199202537537000	 0.069257647034895
995.432161152363000	 0.068961446611485
995.665119767189000	 0.068670077120664
995.898078382015000	 0.068383175262185
996.131036996841000	 0.068104378339088
996.363995611668000	 0.067839298243196
996.596954226494000	 0.067592321114091
996.829912841320000	 0.067364166637776
997.062871456146000	 0.067151678730374
997.295830070972000	 0.066949969922351
997.528788685799000	 0.066755619481134
997.761747300625000	 0.066568978308667
997.994705915451000	 0.066394153259195
998.227664530277000	 0.066236633252138
998.460623145103000	 0.066099951877847
998.693581759930000	 0.065983386611981
998.926540374756000	 0.065882100553360
999.159498989582000	 0.065789691512942
999.392457604408000	 0.065701678276219
999.625416219234000	 0.065617871911357
999.858374834061000	 0.065542209365027
1000.091333448890000	 0.065480120867342
1000.324292063710000	 0.065434985941747
1000.557250678540000	 0.065405810169796
1000.790209293370000	 0.065387564946927
1001.023167908190000	 0.065374070844119
1001.256126523020000	 0.065361779170982
1001.489085137840000	 0.065352207484099
1001.722043752670000	 0.065351488755780
1001.955002367500000	 0.065367132153373
1002.187960982320000	 0.065403731153310
1002.420919597150000	 0.065460027567072
1002.653878211970000	 0.065529040892678
1002.886836826800000	 0.065601292884533
1003.119795441630000	 0.065669439558541
1003.352754056450000	 0.065731822992732
1003.585712671280000	 0.065793029962877
1003.818671286110000	 0.065861192358392
1004.051629900930000	 0.065943561325163
1004.284588515760000	 0.066042805154205
1004.517547130580000	 0.066156008447948
1004.750505745410000	 0.066276790365494
1004.983464360240000	 0.066399217091567
1005.216422975060000	 0.066521228054934
1005.449381589890000	 0.066645641008473
1005.682340204720000	 0.066778236405609
1005.915298819540000	 0.066924113916681
1006.148257434370000	 0.067084479934030
1006.381216049190000	 0.067255721457212
1006.614174664020000	 0.067431264003606
1006.847133278850000	 0.067605108747388
1007.080091893670000	 0.067775008928826
1007.313050508500000	 0.067943490875245
1007.546009123330000	 0.068116194460696
1007.778967738150000	 0.068298556146952
1008.011926352980000	 0.068492775764389
1008.244884967800000	 0.068696773809489
1008.477843582630000	 0.068905635599279
1008.710802197460000	 0.069114589477556
1008.943760812280000	 0.069321718496281
1009.176719427110000	 0.069528827240688
1009.409678041930000	 0.069740025614071
1009.642636656760000	 0.069958963470691
1009.875595271590000	 0.070186433411970
1010.108553886410000	 0.070419798471955
1010.341512501240000	 0.070654580369833
1010.574471116070000	 0.070887249984218
1010.807429730890000	 0.071117558595865
1011.040388345720000	 0.071349036554286
1011.273346960540000	 0.071587381457829
1011.506305575370000	 0.071837698773322
1011.739264190200000	 0.072102197767244
1011.972222805020000	 0.072379615031162
1012.205181419850000	 0.072666567277067
1012.438140034680000	 0.072959892550510
1012.671098649500000	 0.073258510821557
1012.904057264330000	 0.073563720765098
1013.137015879150000	 0.073877892229167
1013.369974493980000	 0.074202552031207
1013.602933108810000	 0.074537233974356
1013.835891723630000	 0.074879933217069
1014.068850338460000	 0.075228907888738
1014.301808953290000	 0.075584608339733
1014.534767568110000	 0.075950318014776
1014.767726182940000	 0.076330830763306
1015.000684797760000	 0.076729750181878
1015.233643412590000	 0.077146996904333
1015.466602027420000	 0.077578182572246
1015.699560642240000	 0.078016535589564
1015.932519257070000	 0.078456569622517
1016.165477871890000	 0.078897541569954
1016.398436486720000	 0.079344666458497
1016.631395101550000	 0.079807178471479
1016.864353716370000	 0.080294080288396
1017.097312331200000	 0.080809810261585
1017.330270946030000	 0.081352234256273
1017.563229560850000	 0.081914172475208
1017.796188175680000	 0.082487733392536
1018.029146790500000	 0.083069115823814
1018.262105405330000	 0.083661174792995
1018.495064020160000	 0.084272192541489
1018.728022634980000	 0.084911378574967
1018.960981249810000	 0.085583495378361
1019.193939864640000	 0.086285594618990
1019.426898479460000	 0.087007793916695
1019.659857094290000	 0.087737891161922
1019.892815709110000	 0.088467550050012
1020.125774323940000	 0.089196904928306
1020.358732938770000	 0.089935220640596
1020.591691553590000	 0.090697303260860
1020.824650168420000	 0.091497565778798
1021.057608783250000	 0.092344784347394
1021.290567398070000	 0.093240043324981
1021.523526012900000	 0.094178533701964
1021.756484627720000	 0.095153804180811
1021.989443242550000	 0.096161893642984
1022.222401857380000	 0.097203091907370
1022.455360472200000	 0.098280644394725
1022.688319087030000	 0.099397590372474
1022.921277701850000	 0.100553989728218
1023.154236316680000	 0.101746439136356
1023.387194931510000	 0.102970259879451
1023.620153546330000	 0.104222993754947
1023.853112161160000	 0.105506925259749
1024.086070775990000	 0.106828831834761
1024.319029390810000	 0.108196803556645
1024.551988005640000	 0.109615807865583
1024.784946620460000	 0.111084580714154
1025.017905235290000	 0.112595816084631
1025.250863850120000	 0.114139816190488
1025.483822464940000	 0.115709771879240
1025.716781079770000	 0.117305802306411
1025.949739694600000	 0.118935432034174
1026.182698309420000	 0.120610088201732
1026.415656924250000	 0.122339422330333
1026.648615539070000	 0.124126519729308
1026.881574153900000	 0.125966603857294
1027.114532768730000	 0.127849915701785
1027.347491383550000	 0.129767125771277
1027.580449998380000	 0.131714208954016
1027.813408613200000	 0.133693991331815
1028.046367228030000	 0.135713446948177
1028.279325842860000	 0.137778250847165
1028.512284457680000	 0.139887685801267
1028.745243072510000	 0.142032818999092
1028.978201687340000	 0.144199003638809
1029.211160302160000	 0.146371267048648
1029.444118916990000	 0.148539421689914
1029.677077531810000	 0.150699775930667
1029.910036146640000	 0.152852170575090
1030.142994761470000	 0.154993728389927
1030.375953376290000	 0.157112659564356
1030.608911991120000	 0.159185570222438
1030.841870605950000	 0.161179890087926
1031.074829220770000	 0.163060278743535
1031.307787835600000	 0.164795707858759
1031.540746450420000	 0.166363565370296
1031.773705065250000	 0.167748832267565
1032.006663680080000	 0.168939215257367
1032.239622294900000	 0.169919446302674
1032.472580909730000	 0.170668412727395
1032.705539524560000	 0.171161098791048
1032.938498139380000	 0.171374495392903
1033.171456754210000	 0.171294314316769
1033.404415369030000	 0.170918882444354
1033.637373983860000	 0.170258269466703
1033.870332598690000	 0.169329510208034
1034.103291213510000	 0.168150992289615
1034.336249828340000	 0.166739339210314
1034.569208443160000	 0.165110327575487
1034.802167057990000	 0.163282716445630
1035.035125672820000	 0.161282008284549
1035.268084287640000	 0.159141225357598
1035.501042902470000	 0.156897680291567
1035.734001517300000	 0.154587223220565
1035.966960132120000	 0.152238994279266
1036.199918746950000	 0.149873380231452
1036.432877361770000	 0.147503934598885
1036.665835976600000	 0.145141693238430
1036.898794591430000	 0.142799004621712
1037.131753206250000	 0.140490458060204
1037.364711821080000	 0.138230418056175
1037.597670435910000	 0.136028855225965
1037.830629050730000	 0.133888257229085
1038.063587665560000	 0.131803759998903
1038.296546280380000	 0.129766686710332
1038.529504895210000	 0.127769614125494
1038.762463510040000	 0.125810144055349
1038.995422124860000	 0.123891318613052
1039.228380739690000	 0.122018647081180
1039.461339354520000	 0.120195786707386
1039.694297969340000	 0.118421762231022
1039.927256584170000	 0.116691690335179
1040.160215198990000	 0.115000834410910
1040.393173813820000	 0.113349711166818
1040.626132428650000	 0.111747147809896
1040.859091043470000	 0.110209176620007
1041.092049658300000	 0.108753939115247
1041.325008273120000	 0.107395046455616
1041.557966887950000	 0.106136771814514
1041.790925502780000	 0.104973497511093
1042.023884117600000	 0.103893567886589
1042.256842732430000	 0.102885386662734
1042.489801347260000	 0.101942501369668
1042.722759962080000	 0.101065116113267
1042.955718576910000	 0.100257562851372
1043.188677191730000	 0.099523545820967
1043.421635806560000	 0.098862141130123
1043.654594421390000	 0.098266942739048
1043.887553036210000	 0.097728796582740
1044.120511651040000	 0.097240412655108
1044.353470265870000	 0.096800019001846
1044.586428880690000	 0.096411758056348
1044.819387495520000	 0.096082422706424
1045.052346110340000	 0.095816288317919
1045.285304725170000	 0.095610946363967
1045.518263340000000	 0.095456513783190
1045.751221954820000	 0.095338704771183
1045.984180569650000	 0.095244097193391
1046.217139184470000	 0.095164712623129
1046.450097799300000	 0.095099434440005
1046.683056414130000	 0.095051594356100
1046.916015028950000	 0.095024240849185
1047.148973643780000	 0.095015899850016
1047.381932258610000	 0.095019302083474
1047.614890873430000	 0.095023799739473
1047.847849488260000	 0.095020049061319
1048.080808103080000	 0.095004213428043
1048.313766717910000	 0.094979191952102
1048.546725332740000	 0.094952071794119
1048.779683947560000	 0.094929175794291
1049.012642562390000	 0.094911469821014
1049.245601177220000	 0.094892902725516
1049.478559792040000	 0.094862608066857
1049.711518406870000	 0.094809754863571
1049.944477021690000	 0.094728394627898
1050.177435636520000	 0.094619702106073
1050.410394251350000	 0.094490505588514
1050.643352866170000	 0.094349088298902
1050.876311481000000	 0.094200714485078
1051.109270095830000	 0.094045365915811
1051.342228710650000	 0.093878803003702
1051.575187325480000	 0.093696128563071
1051.808145940300000	 0.093495647501311
1052.041104555130000	 0.093280742775881
1052.274063169960000	 0.093058723769121
1052.507021784780000	 0.092837393457162
1052.739980399610000	 0.092621364189131
1052.972939014430000	 0.092410200122264
1053.205897629260000	 0.092199307499874
1053.438856244090000	 0.091982862372633
1053.671814858910000	 0.091756926208895
1053.904773473740000	 0.091520896490824
1054.137732088570000	 0.091276534927735
1054.370690703390000	 0.091025322570425
1054.603649318220000	 0.090765887693239
1054.836607933040000	 0.090493151905137
1055.069566547870000	 0.090199738973368
1055.302525162700000	 0.089878782596017
1055.535483777520000	 0.089526411663510
1055.768442392350000	 0.089142401905050
1056.001401007180000	 0.088728631765074
1056.234359622000000	 0.088286358057873
1056.467318236830000	 0.087814075394473
1056.700276851650000	 0.087307377461063
1056.933235466480000	 0.086761011742301
1057.166194081310000	 0.086171958800327
1057.399152696130000	 0.085541699020180
1057.632111310960000	 0.084876274496592
1057.865069925790000	 0.084184064548210
1058.098028540610000	 0.083472579655358
1058.330987155440000	 0.082746185720456
1058.563945770260000	 0.082006121639670
1058.796904385090000	 0.081252799101245
1059.029862999920000	 0.080488992999209
1059.262821614740000	 0.079721960554822
1059.495780229570000	 0.078963114456302
1059.728738844390000	 0.078225286999268
1059.961697459220000	 0.077519021132655
1060.194656074050000	 0.076849874721979
1060.427614688870000	 0.076218115945256
1060.660573303700000	 0.075620810705045
1060.893531918530000	 0.075054977097999
1061.126490533350000	 0.074519964147625
1061.359449148180000	 0.074017778903519
1061.592407763000000	 0.073551383931727
1061.825366377830000	 0.073122227559308
1062.058324992660000	 0.072728699410945
1062.291283607480000	 0.072366577063944
1062.524242222310000	 0.072031249309425
1062.757200837140000	 0.071720353693482
1062.990159451960000	 0.071435147203700
1063.223118066790000	 0.071179648540948
1063.456076681610000	 0.070957939043154
1063.689035296440000	 0.070771175467159
1063.921993911270000	 0.070616123466434
1064.154952526090000	 0.070486185143428
1064.387911140920000	 0.070374449638425
1064.620869755740000	 0.070277085384045
1064.853828370570000	 0.070195127979884
1065.086786985400000	 0.070133581726676
1065.319745600220000	 0.070098280628864
1065.552704215050000	 0.070092266463946
1065.785662829880000	 0.070113752345388
1066.018621444700000	 0.070156849496718
1066.251580059530000	 0.070214653854184
1066.484538674350000	 0.070282925085470
1066.717497289180000	 0.070362223959314
1066.950455904010000	 0.070457231281807
1067.183414518830000	 0.070573588905674
1067.416373133660000	 0.070714057927263
1067.649331748490000	 0.070876225531277
1067.882290363310000	 0.071053144814394
1068.115248978140000	 0.071236646978600
1068.348207592960000	 0.071421554927246
1068.581166207790000	 0.071608493648428
1068.814124822620000	 0.071803736824046
1069.047083437440000	 0.072016147447051
1069.280042052270000	 0.072252857938755
1069.513000667100000	 0.072515992544302
1069.745959281920000	 0.072802103792716
1069.978917896750000	 0.073104467203637
1070.211876511570000	 0.073416837261796
1070.444835126400000	 0.073736563964463
1070.677793741230000	 0.074065458747562
1070.910752356050000	 0.074408162706546
1071.143710970880000	 0.074769198699105
1071.376669585700000	 0.075150550847509
1071.609628200530000	 0.075551155983624
1071.842586815360000	 0.075968437299008
1072.075545430180000	 0.076400743779279
1072.308504045010000	 0.076849039709778
1072.541462659840000	 0.077316713375385
1072.774421274660000	 0.077807609186463
1073.007379889490000	 0.078323563109109
1073.240338504310000	 0.078863097873081
1073.473297119140000	 0.079422263849817
1073.706255733970000	 0.079997290665196
1073.939214348790000	 0.080587540092987
1074.172172963620000	 0.081196946578201
1074.405131578450000	 0.081832923870920
1074.638090193270000	 0.082503177876347
1074.871048808100000	 0.083212140321755
1075.104007422920000	 0.083959048168846
1075.336966037750000	 0.084738826727400
1075.569924652580000	 0.085545372530397
1075.802883267400000	 0.086375462315304
1076.035841882230000	 0.087231124126578
1076.268800497060000	 0.088119144219491
1076.501759111880000	 0.089047997430423
1076.734717726710000	 0.090023953494035
1076.967676341530000	 0.091048565964283
1077.200634956360000	 0.092118925185331
1077.433593571190000	 0.093230435563293
1077.666552186010000	 0.094380397836895
1077.899510800840000	 0.095570195232413
1078.132469415660000	 0.096804698115267
1078.365428030490000	 0.098089168881951
1078.598386645320000	 0.099425495799846
1078.831345260140000	 0.100810077826995
1079.064303874970000	 0.102234800026755
1079.297262489800000	 0.103690764362027
1079.530221104620000	 0.105172772618394
1079.763179719450000	 0.106681958308196
1079.996138334270000	 0.108224834597720
1080.229096949100000	 0.109808949272569
1080.462055563930000	 0.111437254574971
1080.695014178750000	 0.113104099453674
1080.927972793580000	 0.114794951499382
1081.160931408410000	 0.116489985565859
1081.393890023230000	 0.118169606974526
1081.626848638060000	 0.119818929355905
1081.859807252880000	 0.121428792771165
1082.092765867710000	 0.122992819646355
1082.325724482540000	 0.124502223476568
1082.558683097360000	 0.125941349458442
1082.791641712190000	 0.127286511076440
1083.024600327010000	 0.128508836398445
1083.257558941840000	 0.129579603642630
1083.490517556670000	 0.130475183002471
1083.723476171490000	 0.131178993862033
1083.956434786320000	 0.131679697200330
1084.189393401150000	 0.131967132046710
1084.422352015970000	 0.132028897938645
1084.655310630800000	 0.131850121872888
1084.888269245620000	 0.131417031580856
1085.121227860450000	 0.130722622780376
1085.354186475280000	 0.129771340946244
1085.587145090100000	 0.128580130831020
1085.820103704930000	 0.127175216490717
1086.053062319760000	 0.125586364310163
1086.286020934580000	 0.123841691295887
1086.518979549410000	 0.121965526760121
1086.751938164230000	 0.119979812825892
1086.984896779060000	 0.117907321649186
1087.217855393890000	 0.115773919282407
1087.450814008710000	 0.113607822731049
1087.683772623540000	 0.111435808108242
1087.916731238370000	 0.109278378866589
1088.149689853190000	 0.107146723344675
1088.382648468020000	 0.105043383987356
1088.615607082840000	 0.102966489180051
1088.848565697670000	 0.100915398134206
1089.081524312500000	 0.098894837187738
1089.314482927320000	 0.096915491684788
1089.547441542150000	 0.094991034478070
1089.780400156970000	 0.093133539154874
1090.013358771800000	 0.091350004744790
1090.246317386630000	 0.089641899531960
1090.479276001450000	 0.088007758984256
1090.712234616280000	 0.086447075643800
1090.945193231110000	 0.084963028477526
1091.178151845930000	 0.083562373529334
1091.411110460760000	 0.082252560502293
1091.644069075580000	 0.081037799403959
1091.877027690410000	 0.079916398943621
1092.109986305240000	 0.078880915330187
1092.342944920060000	 0.077920994213090
1092.575903534890000	 0.077027253909087
1092.808862149720000	 0.076194030270894
1093.041820764540000	 0.075419562565880
1093.274779379370000	 0.074703770573221
1093.507737994190000	 0.074045204158948
1093.740696609020000	 0.073439180685033
1093.973655223850000	 0.072878321772679
1094.206613838670000	 0.072355167278060
1094.439572453500000	 0.071865214269780
1094.672531068330000	 0.071408407289214
1094.905489683150000	 0.070988003154789
1095.138448297980000	 0.070607327635040
1095.371406912800000	 0.070266270566457
1095.604365527630000	 0.069959610282822
1095.837324142460000	 0.069678249652684
1096.070282757280000	 0.069412766059858
1096.303241372110000	 0.069157302074214
1096.536199986930000	 0.068911563080273
1096.769158601760000	 0.068679729426529
1097.002117216590000	 0.068466863013956
1097.235075831410000	 0.068274861844646
1097.468034446240000	 0.068100311614559
1097.700993061070000	 0.067935515734767
1097.933951675890000	 0.067772168240128
1098.166910290720000	 0.067605604969225
1098.399868905540000	 0.067437200791649
1098.632827520370000	 0.067273505757107
1098.865786135200000	 0.067122568409926
1099.098744750020000	 0.066989510979820
1099.331703364850000	 0.066873847736944
1099.564661979680000	 0.066770026986100
1099.797620594500000	 0.066670824925487
1100.030579209330000	 0.066571590062878
1100.263537824150000	 0.066472853932514
1100.496496438980000	 0.066379770683225
1100.729455053810000	 0.066298698136108
1100.962413668630000	 0.066232917940070
1101.195372283460000	 0.066180020720720
1101.428330898280000	 0.066132544449239
1101.661289513110000	 0.066081601032394
1101.894248127940000	 0.066021516653699
1102.127206742760000	 0.065952906724174
1102.360165357590000	 0.065882454257427
1102.593123972420000	 0.065819498727051
1102.826082587240000	 0.065771327831263
1103.059041202070000	 0.065739766112535
1103.291999816890000	 0.065720878112618
1103.524958431720000	 0.065707822112967
1103.757917046550000	 0.065695132029578
1103.990875661370000	 0.065681950991670
1104.223834276200000	 0.065672395392715
1104.456792891030000	 0.065672909233262
1104.689751505850000	 0.065688205977649
1104.922710120680000	 0.065718183928878
1105.155668735500000	 0.065757600431476
1105.388627350330000	 0.065798678109664
1105.621585965160000	 0.065835137654799
1105.854544579980000	 0.065865357540616
1106.087503194810000	 0.065892886217243
1106.320461809640000	 0.065924065087896
1106.553420424460000	 0.065964172741012
1106.786379039290000	 0.066014315722383
1107.019337654110000	 0.066070812194427
1107.252296268940000	 0.066127350310633
1107.485254883770000	 0.066178618371153
1107.718213498590000	 0.066223303379946
1107.951172113420000	 0.066264774793650
1108.184130728240000	 0.066309144377205
1108.417089343070000	 0.066361906969226
1108.650047957900000	 0.066425136547195
1108.883006572720000	 0.066496810874095
1109.115965187550000	 0.066572538920488
1109.348923802380000	 0.066648551943980
1109.581882417200000	 0.066724114597002
1109.814841032030000	 0.066801910552294
1110.047799646850000	 0.066886203481032
1110.280758261680000	 0.066979915717295
1110.513716876510000	 0.067082402895549
1110.746675491330000	 0.067189269952056
1110.979634106160000	 0.067294352700067
1111.212592720990000	 0.067392714955465
1111.445551335810000	 0.067482933563328
1111.678509950640000	 0.067567396229520
1111.911468565460000	 0.067650541987089
1112.144427180290000	 0.067736198858964
1112.377385795120000	 0.067825673639392
1112.610344409940000	 0.067917730150256
1112.843303024770000	 0.068010383990723
1113.076261639600000	 0.068103283554665
1113.309220254420000	 0.068199045676070
1113.542178869250000	 0.068302528688574
1113.775137484070000	 0.068418302737614
1114.008096098900000	 0.068547745301204
1114.241054713730000	 0.068687525371113
1114.474013328550000	 0.068830516299125
1114.706971943380000	 0.068968801073898
1114.939930558200000	 0.069097197424067
1115.172889173030000	 0.069215361089807
1115.405847787860000	 0.069327274116492
1115.638806402680000	 0.069438396112466
1115.871765017510000	 0.069552106300509
1116.104723632340000	 0.069667494638566
1116.337682247160000	 0.069779808658965
1116.570640861990000	 0.069883354701618
1116.803599476810000	 0.069975239449633
1117.036558091640000	 0.070057817180744
1117.269516706470000	 0.070138388517526
1117.502475321290000	 0.070226211522947
1117.735433936120000	 0.070328376463217
1117.968392550950000	 0.070446707375235
1118.201351165770000	 0.070577255433040
1118.434309780600000	 0.070712513824327
1118.667268395420000	 0.070845035620744
1118.900227010250000	 0.070970471374384
1119.133185625080000	 0.071088505494070
1119.366144239900000	 0.071201468009708
1119.599102854730000	 0.071311758304133
1119.832061469550000	 0.071419835556874
1120.065020084380000	 0.071524062572795
1120.297978699210000	 0.071622451224505
1120.530937314030000	 0.071715110765702
1120.763895928860000	 0.071805694307131
1120.996854543690000	 0.071900685956628
1121.229813158510000	 0.072006663252482
1121.462771773340000	 0.072126939698588
1121.695730388160000	 0.072259467871202
1121.928689002990000	 0.072397265918103
1122.161647617820000	 0.072531272780616
1122.394606232640000	 0.072654215153782
1122.627564847470000	 0.072763523260868
1122.860523462300000	 0.072861866016871
1123.093482077120000	 0.072955188945589
1123.326440691950000	 0.073049482148473
1123.559399306770000	 0.073148111088095
1123.792357921600000	 0.073251083197587
1124.025316536430000	 0.073356407068807
1124.258275151250000	 0.073462465574790
1124.491233766080000	 0.073569787813964
1124.724192380910000	 0.073681058420898
1124.957150995730000	 0.073799354305001
1125.190109610560000	 0.073925743109451
1125.423068225380000	 0.074057815704166
1125.656026840210000	 0.074190191210519
1125.888985455040000	 0.074316853066097
1126.121944069860000	 0.074434056837995
1126.354902684690000	 0.074542161378865
1126.587861299510000	 0.074645314811626
1126.820819914340000	 0.074749147586696
1127.053778529170000	 0.074857770618689
1127.286737143990000	 0.074971766311295
1127.519695758820000	 0.075088264593551
1127.752654373650000	 0.075202974336007
1127.985612988470000	 0.075312915439823
1128.218571603300000	 0.075418224463037
1128.451530218120000	 0.075521998437717
1128.684488832950000	 0.075628340596841
1128.917447447780000	 0.075739855742217
1129.150406062600000	 0.075856156382922
1129.383364677430000	 0.075974297437516
1129.616323292260000	 0.076090852093392
1129.849281907080000	 0.076204306151857
1130.082240521910000	 0.076316215927196
1130.315199136730000	 0.076430305591872
1130.548157751560000	 0.076549952769604
1130.781116366390000	 0.076675558976077
1131.014074981210000	 0.076803472423266
1131.247033596040000	 0.076927291903933
1131.479992210870000	 0.077041001735720
1131.712950825690000	 0.077142266534198
1131.945909440520000	 0.077234021202129
1132.178868055340000	 0.077323380039341
1132.411826670170000	 0.077418380095246
1132.644785285000000	 0.077524308245184
1132.877743899820000	 0.077641609354597
1133.110702514650000	 0.077766481258961
1133.343661129470000	 0.077893739961679
1133.576619744300000	 0.078020250228491
1133.809578359130000	 0.078146898434852
1134.042536973950000	 0.078277935388856
1134.275495588780000	 0.078418065931655
1134.508454203610000	 0.078569011604268
1134.741412818430000	 0.078727625109191
1134.974371433260000	 0.078886778909723
1135.207330048080000	 0.079038674276860
1135.440288662910000	 0.079178810761849
1135.673247277740000	 0.079308414644712
1135.906205892560000	 0.079433922577139
1136.139164507390000	 0.079563734140499
1136.372123122220000	 0.079703971606071
1136.605081737040000	 0.079855535130576
1136.838040351870000	 0.080014006336444
1137.070998966690000	 0.080172370369346
1137.303957581520000	 0.080324994495185
1137.536916196350000	 0.080470659454187
1137.769874811170000	 0.080613024595182
1138.002833426000000	 0.080758378439352
1138.235792040820000	 0.080912042170314
1138.468750655650000	 0.081075490481872
1138.701709270480000	 0.081245758989669
1138.934667885300000	 0.081417348145709
1139.167626500130000	 0.081585415151448
1139.400585114960000	 0.081748369498560
1139.633543729780000	 0.081908413229110
1139.866502344610000	 0.082069821634208
1140.099460959430000	 0.082236094265868
1140.332419574260000	 0.082407730889074
1140.565378189090000	 0.082581952083256
1140.798336803910000	 0.082754480847071
1141.031295418740000	 0.082922262543152
1141.264254033570000	 0.083085454444397
1141.497212648390000	 0.083247473512126
1141.730171263220000	 0.083413072782993
1141.963129878040000	 0.083585611578481
1142.196088492870000	 0.083765169905863
1142.429047107700000	 0.083948642945657
1142.662005722520000	 0.084131755688725
1142.894964337350000	 0.084311781130639
1143.127922952180000	 0.084489315565177
1143.360881567000000	 0.084668019711887
1143.593840181830000	 0.084852453755862
1143.826798796650000	 0.085045294647316
1144.059757411480000	 0.085245624252317
1144.292716026310000	 0.085449367088516
1144.525674641130000	 0.085651691702841
1144.758633255960000	 0.085850013263692
1144.991591870780000	 0.086045838765010
1145.224550485610000	 0.086244324359668
1145.457509100440000	 0.086451717621179
1145.690467715260000	 0.086672083821486
1145.923426330090000	 0.086905146543221
1146.156384944920000	 0.087146455157844
1146.389343559740000	 0.087389783580998
1146.622302174570000	 0.087630417540045
1146.855260789390000	 0.087867508803239
1147.088219404220000	 0.088104230357917
1147.321178019050000	 0.088345730257535
1147.554136633870000	 0.088596118703493
1147.787095248700000	 0.088856219499339
1148.020053863530000	 0.089123306315649
1148.253012478350000	 0.089392854127523
1148.485971093180000	 0.089661177985628
1148.718929708000000	 0.089927376490009
1148.951888322830000	 0.090193492717738
1149.184846937660000	 0.090462933002001
1149.417805552480000	 0.090738249641904
1149.650764167310000	 0.091019747701733
1149.883722782140000	 0.091305811506391
1150.116681396960000	 0.091594719763660
1150.349640011790000	 0.091886727053705
1150.582598626610000	 0.092184954241653
1150.815557241440000	 0.092494321417364
1151.048515856270000	 0.092818976585031
1151.281474471090000	 0.093159681031978
1151.514433085920000	 0.093512775864823
1151.747391700740000	 0.093871540588629
1151.980350315570000	 0.094229410068963
1152.213308930400000	 0.094583406752553
1152.446267545220000	 0.094935926133497
1152.679226160050000	 0.095293853200433
1152.912184774880000	 0.095665439837025
1153.145143389700000	 0.096056608959659
1153.378102004530000	 0.096468651407642
1153.611060619350000	 0.096898477115931
1153.844019234180000	 0.097341144037281
1154.076977849010000	 0.097793136138658
1154.309936463830000	 0.098254499110870
1154.542895078660000	 0.098728670705887
1154.775853693490000	 0.099220236687558
1155.008812308310000	 0.099732077960644
1155.241770923140000	 0.100263713002635
1155.474729537960000	 0.100811887229876
1155.707688152790000	 0.101373074468513
1155.940646767620000	 0.101946359456648
1156.173605382440000	 0.102534878563790
1156.406563997270000	 0.103144807603240
1156.639522612090000	 0.103782349484240
1156.872481226920000	 0.104450424039833
1157.105439841750000	 0.105147030362781
1157.338398456570000	 0.105866349152097
1157.571357071400000	 0.106602084019310
1157.804315686230000	 0.107351201769173
1158.037274301050000	 0.108115902487876
1158.270232915880000	 0.108902564712059
1158.503191530700000	 0.109718099539560
1158.736150145530000	 0.110565662052561
1158.969108760360000	 0.111442120030453
1159.202067375180000	 0.112338778927473
1159.435025990010000	 0.113245093818524
1159.667984604840000	 0.114153434530874
1159.900943219660000	 0.115062326984108
1160.133901834490000	 0.115976348818209
1160.366860449310000	 0.116902630951378
1160.599819064140000	 0.117845747290166
1160.832777678970000	 0.118803646516408
1161.065736293790000	 0.119766715976370
1161.298694908620000	 0.120720401285464
1161.531653523450000	 0.121649961528121
1161.764612138270000	 0.122544907331347
1161.997570753100000	 0.123400976537876
1162.230529367920000	 0.124218946972783
1162.463487982750000	 0.125001339888003
1162.696446597580000	 0.125749140929648
1162.929405212400000	 0.126460483589360
1163.162363827230000	 0.127131971522175
1163.395322442050000	 0.127761740391218
1163.628281056880000	 0.128352389065925
1163.861239671710000	 0.128912066819624
1164.094198286530000	 0.129453138665352
1164.327156901360000	 0.129989248288839
1164.560115516190000	 0.130532414471298
1164.793074131010000	 0.131091582132260
1165.026032745840000	 0.131673004303995
1165.258991360660000	 0.132281650700443
1165.491949975490000	 0.132922261770786
1165.724908590320000	 0.133599030004156
1165.957867205140000	 0.134313929890866
1166.190825819970000	 0.135064742076770
1166.423784434800000	 0.135844143040266
1166.656743049620000	 0.136640622440950
1166.889701664450000	 0.137440809457838
1167.122660279270000	 0.138231781139071
1167.355618894100000	 0.139001765653525
1167.588577508930000	 0.139738526871124
1167.821536123750000	 0.140426167679940
1168.054494738580000	 0.141042255121705
1168.287453353410000	 0.141557294342908
1168.520411968230000	 0.141937486849878
1168.753370583060000	 0.142149946969525
1168.986329197880000	 0.142168102244751
1169.219287812710000	 0.141974749617286
1169.452246427540000	 0.141561428366868
1169.685205042360000	 0.140924799008981
1169.918163657190000	 0.140062418363563
1170.151122272010000	 0.138970641192527
1170.384080886840000	 0.137646113803610
1170.617039501670000	 0.136090166558943
1170.849998116490000	 0.134313613675413
1171.082956731320000	 0.132339100842919
1171.315915346150000	 0.130199455890184
1171.548873960970000	 0.127932735818180
1171.781832575800000	 0.125576481489675
1172.014791190620000	 0.123163999309420
1172.247749805450000	 0.120724139284795
1172.480708420280000	 0.118283884611538
1172.713667035100000	 0.115871406345776
1172.946625649930000	 0.113517036941470
1173.179584264760000	 0.111250974218061
1173.412542879580000	 0.109098616526522
1173.645501494410000	 0.107075994656002
1173.878460109230000	 0.105187884818487
1174.111418724060000	 0.103429812508753
1174.344377338890000	 0.101793090076469
1174.577335953710000	 0.100270420214679
1174.810294568540000	 0.098859319146924
1175.043253183360000	 0.097561823869450
1175.276211798190000	 0.096380983772895
1175.509170413020000	 0.095316352615166
1175.742129027840000	 0.094361130124026
1175.975087642670000	 0.093502558002273
1176.208046257500000	 0.092725306986085
1176.441004872320000	 0.092015965919270
1176.673963487150000	 0.091366227887053
1176.906922101970000	 0.090773197136831
1177.139880716800000	 0.090236916337455
1177.372839331630000	 0.089756771659813
1177.605797946450000	 0.089328980330217
1177.838756561280000	 0.088946610620588
1178.071715176110000	 0.088602006281027
1178.304673790930000	 0.088290027807645
1178.537632405760000	 0.088010027592623
1178.770591020580000	 0.087765224221112
1179.003549635410000	 0.087559695719733
1179.236508250240000	 0.087394660952695
1179.469466865060000	 0.087266203241897
1179.702425479890000	 0.087165817565463
1179.935384094720000	 0.087083577290849
1180.168342709540000	 0.087012226411247
1180.401301324370000	 0.086949953584090
1180.634259939190000	 0.086900310153892
1180.867218554020000	 0.086869307924642
1181.100177168850000	 0.086861290753902
1181.333135783670000	 0.086875837936422
1181.566094398500000	 0.086907363089012
1181.799053013320000	 0.086947574742470
1182.032011628150000	 0.086989412590499
1182.264970242980000	 0.087030317598802
1182.497928857800000	 0.087073124465725
1182.730887472630000	 0.087124208158133
1182.963846087460000	 0.087189998782859
1183.196804702280000	 0.087273773849070
1183.429763317110000	 0.087374341441962
1183.662721931930000	 0.087487077384900
1183.895680546760000	 0.087606475338298
1184.128639161590000	 0.087728651034540
1184.361597776410000	 0.087852469979183
1184.594556391240000	 0.087978935758684
1184.827515006070000	 0.088109554996480
1185.060473620890000	 0.088244924432914
1185.293432235720000	 0.088384476059270
1185.526390850540000	 0.088527413075846
1185.759349465370000	 0.088673982552757
1185.992308080200000	 0.088825947313402
1186.225266695020000	 0.088985637811487
1186.458225309850000	 0.089153965450106
1186.691183924670000	 0.089328618194370
1186.924142539500000	 0.089503769550020
1187.157101154330000	 0.089671878386250
1187.390059769150000	 0.089826935334278
1187.623018383980000	 0.089967534554540
1187.855976998810000	 0.090098040900592
1188.088935613630000	 0.090227027250274
1188.321894228460000	 0.090363609000184
1188.554852843280000	 0.090513475631134
1188.787811458110000	 0.090676628420639
1189.020770072940000	 0.090847949900074
1189.253728687760000	 0.091020237430287
1189.486687302590000	 0.091188038120258
1189.719645917420000	 0.091350228000259
1189.952604532240000	 0.091510011089743
1190.185563147070000	 0.091672475102190
1190.418521761890000	 0.091841201149902
1190.651480376720000	 0.092015907108572
1190.884438991550000	 0.092192451386967
1191.117397606370000	 0.092365136807077
1191.350356221200000	 0.092529933833589
1191.583314836030000	 0.092686732754898
1191.816273450850000	 0.092839319681843
1192.049232065680000	 0.092993110555370
1192.282190680500000	 0.093151984876094
1192.515149295330000	 0.093316068945646
1192.748107910160000	 0.093481743579504
1192.981066524980000	 0.093643848675877
1193.214025139810000	 0.093798786321254
1193.446983754630000	 0.093946709948994
1193.679942369460000	 0.094091522411130
1193.912900984290000	 0.094238682825676
1194.145859599110000	 0.094392093379724
1194.378818213940000	 0.094551856312232
1194.611776828770000	 0.094714168485715
1194.844735443590000	 0.094873385197060
1195.077694058420000	 0.095025061349668
1195.310652673240000	 0.095168260510262
1195.543611288070000	 0.095305892264364
1195.776569902900000	 0.095443010029769
1196.009528517720000	 0.095584176900017
1196.242487132550000	 0.095731486806592
1196.475445747380000	 0.095884342855954
1196.708404362200000	 0.096040964144571
1196.941362977030000	 0.096200513560830
1197.174321591850000	 0.096364361678314
1197.407280206680000	 0.096535553076966
1197.640238821510000	 0.096716694176773
1197.873197436330000	 0.096907537414956
1198.106156051160000	 0.097103839492490
1198.339114665990000	 0.097298411448557
1198.572073280810000	 0.097484022569796
1198.805031895640000	 0.097656694631392
1199.037990510460000	 0.097817593707802
1199.270949125290000	 0.097972418424278
1199.503907740120000	 0.098128533983401
1199.736866354940000	 0.098291348159468
1199.969824969770000	 0.098461848031496
1200.202783584590000	 0.098636570139480
1200.435742199420000	 0.098809934358091
1200.668700814250000	 0.098977590421365
1200.901659429070000	 0.099138913234940
1201.134618043900000	 0.099297311176541
1201.367576658730000	 0.099458270459347
1201.600535273550000	 0.099626325565972
1201.833493888380000	 0.099802699785562
1202.066452503200000	 0.099984905465858
1202.299411118030000	 0.100168424832796
1202.532369732860000	 0.100349401732890
1202.765328347680000	 0.100526743644867
1202.998286962510000	 0.100702446606091
1203.231245577340000	 0.100880046292442
1203.464204192160000	 0.101062208211426
1203.697162806990000	 0.101248944075949
1203.930121421810000	 0.101437519693770
1204.163080036640000	 0.101624078369059
1204.396038651470000	 0.101805973994568
1204.628997266290000	 0.101983399036861
1204.861955881120000	 0.102159338511371
1205.094914495940000	 0.102337902741128
1205.327873110770000	 0.102522063057017
1205.560831725600000	 0.102712147388737
1205.793790340420000	 0.102905958286820
1206.026748955250000	 0.103100369596942
1206.259707570080000	 0.103293356047660
1206.492666184900000	 0.103485160596791
1206.725624799730000	 0.103677862870604
1206.958583414550000	 0.103873638885669
1207.191542029380000	 0.104072859398489
1207.424500644210000	 0.104273319893540
1207.657459259030000	 0.104471224417937
1207.890417873860000	 0.104663453209840
1208.123376488690000	 0.104849787807488
1208.356335103510000	 0.105033684059301
1208.589293718340000	 0.105220967326038
1208.822252333160000	 0.105417041740670
1209.055210947990000	 0.105624131282473
1209.288169562820000	 0.105840130944209
1209.521128177640000	 0.106059780371568
1209.754086792470000	 0.106277565668847
1209.987045407300000	 0.106490750937414
1210.220004022120000	 0.106700825122926
1210.452962636950000	 0.106912520215769
1210.685921251770000	 0.107130940606781
1210.918879866600000	 0.107358439961075
1211.151838481430000	 0.107593039519102
1211.384797096250000	 0.107829302610638
1211.617755711080000	 0.108061172841862
1211.850714325900000	 0.108285150710581
1212.083672940730000	 0.108501972518489
1212.316631555560000	 0.108715807567606
1212.549590170380000	 0.108931440300013
1212.782548785210000	 0.109151112093654
1213.015507400040000	 0.109372932886904
1213.248466014860000	 0.109591877059084
1213.481424629690000	 0.109802868892955
1213.714383244510000	 0.110004215245713
1213.947341859340000	 0.110199377415755
1214.180300474170000	 0.110395958970233
1214.413259088990000	 0.110602340971845
1214.646217703820000	 0.110823744513275
1214.879176318650000	 0.111059865360283
1215.112134933470000	 0.111305386900074
1215.345093548300000	 0.111553102386292
1215.578052163120000	 0.111797943260401
1215.811010777950000	 0.112039711811626
1216.043969392780000	 0.112283033664600
1216.276928007600000	 0.112534585569403
1216.509886622430000	 0.112799155779342
1216.742845237260000	 0.113076715304957
1216.975803852080000	 0.113362085710088
1217.208762466910000	 0.113647342258055
1217.441721081730000	 0.113925610614716
1217.674679696560000	 0.114194209101573
1217.907638311390000	 0.114455516704705
1218.140596926210000	 0.114715238808476
1218.373555541040000	 0.114979154168084
1218.606514155860000	 0.115250168248945
1218.839472770690000	 0.115527190545505
1219.072431385520000	 0.115806232037304
1219.305390000340000	 0.116082866461072
1219.538348615170000	 0.116354532585209
1219.771307230000000	 0.116621416141760
1220.004265844820000	 0.116885625057135
1220.237224459650000	 0.117149433659076
1220.470183074470000	 0.117413871564792
1220.703141689300000	 0.117678594900860
1220.936100304130000	 0.117943051087043
1221.169058918950000	 0.118208037227778
1221.402017533780000	 0.118476439377802
1221.634976148610000	 0.118752434155649
1221.867934763430000	 0.119039436798403
1222.100893378260000	 0.119337961790579
1222.333851993080000	 0.119644754461472
1222.566810607910000	 0.119953901310266
1222.799769222740000	 0.120259491783779
1223.032727837560000	 0.120558445580472
1223.265686452390000	 0.120851920439819
1223.498645067210000	 0.121144435546837
1223.731603682040000	 0.121441102009273
1223.964562296870000	 0.121744424135867
1224.197520911690000	 0.122052398431727
1224.430479526520000	 0.122358939565981
1224.663438141350000	 0.122656401649773
1224.896396756170000	 0.122938842509624
1225.129355371000000	 0.123204317595572
1225.362313985820000	 0.123455087417152
1225.595272600650000	 0.123695830357962
1225.828231215480000	 0.123931057807980
1226.061189830300000	 0.124163277523289
1226.294148445130000	 0.124392861401707
1226.527107059960000	 0.124619440001392
1226.760065674780000	 0.124843679154373
1226.993024289610000	 0.125068085003738
1227.225982904430000	 0.125296156454426
1227.458941519260000	 0.125530340707759
1227.691900134090000	 0.125770133920744
1227.924858748910000	 0.126011729036402
1228.157817363740000	 0.126249767457940
1228.390775978570000	 0.126480472965727
1228.623734593390000	 0.126704488060369
1228.856693208220000	 0.126927699449697
1229.089651823040000	 0.127159325850504
1229.322610437870000	 0.127408036841673
1229.555569052700000	 0.127678024193913
1229.788527667520000	 0.127967070480981
1230.021486282350000	 0.128267655508764
1230.254444897170000	 0.128570552208973
1230.487403512000000	 0.128869053798522
1230.720362126830000	 0.129161657123770
1230.953320741650000	 0.129451888600439
1231.186279356480000	 0.129745536282374
1231.419237971310000	 0.130046962851419
1231.652196586130000	 0.130356621636572
1231.885155200960000	 0.130671144093535
1232.118113815780000	 0.130985865685767
1232.351072430610000	 0.131298265068292
1232.584031045440000	 0.131610281988528
1232.816989660260000	 0.131928127637064
1233.049948275090000	 0.132259634906333
1233.282906889920000	 0.132610592479002
1233.515865504740000	 0.132982065272195
1233.748824119570000	 0.133370122421307
1233.981782734390000	 0.133768034989717
1234.214741349220000	 0.134169656021506
1234.447699964050000	 0.134572105979811
1234.680658578870000	 0.134976363275648
1234.913617193700000	 0.135385606078720
1235.146575808530000	 0.135802436641550
1235.379534423350000	 0.136226700443141
1235.612493038180000	 0.136655176585838
1235.845451653000000	 0.137083254889291
1236.078410267830000	 0.137507530000974
1236.311368882660000	 0.137927722221222
1236.544327497480000	 0.138346764305350
1236.777286112310000	 0.138769001324964
1237.010244727130000	 0.139197569029668
1237.243203341960000	 0.139632479967123
1237.476161956790000	 0.140070494717636
1237.709120571610000	 0.140506779507329
1237.942079186440000	 0.140937304535902
1238.175037801270000	 0.141360539124599
1238.407996416090000	 0.141777474640144
1238.640955030920000	 0.142190055341509
1238.873913645740000	 0.142599078089056
1239.106872260570000	 0.143002937631070
1239.339830875400000	 0.143398058692558
1239.572789490220000	 0.143780801891194
1239.805748105050000	 0.144149702112709
1240.038706719880000	 0.144506664940812
1240.271665334700000	 0.144856361118083
1240.504623949530000	 0.145204153954463
1240.737582564350000	 0.145553798893764
1240.970541179180000	 0.145906307106506
1241.203499794010000	 0.146260665121332
1241.436458408830000	 0.146615968111540
1241.669417023660000	 0.146973637469656
1241.902375638480000	 0.147338297082844
1242.135334253310000	 0.147716657128354
1242.368292868140000	 0.148114950859780
1242.601251482960000	 0.148536367856545
1242.834210097790000	 0.148979974386388
1243.067168712620000	 0.149441767739132
1243.300127327440000	 0.149917269934348
1243.533085942270000	 0.150404158141268
1243.766044557090000	 0.150903401259887
1243.999003171920000	 0.151418265784549
1244.231961786750000	 0.151951857177043
1244.464920401570000	 0.152504790726012
1244.697879016400000	 0.153074554074602
1244.930837631230000	 0.153657118604978
1245.163796246050000	 0.154249956933186
1245.396754860880000	 0.154854664248931
1245.629713475700000	 0.155477467865807
1245.862672090530000	 0.156127048395447
1246.095630705360000	 0.156810657710281
1246.328589320180000	 0.157530590470978
1246.561547935010000	 0.158282998306158
1246.794506549840000	 0.159059830196660
1247.027465164660000	 0.159852983755289
1247.260423779490000	 0.160658491013687
1247.493382394310000	 0.161478463834469
1247.726341009140000	 0.162319699322346
1247.959299623970000	 0.163189677524448
1248.192258238790000	 0.164092138253184
1248.425216853620000	 0.165024661428582
1248.658175468440000	 0.165979561012214
1248.891134083270000	 0.166947567330061
1249.124092698100000	 0.167922232744222
1249.357051312920000	 0.168902602230618
1249.590009927750000	 0.169892677635897
1249.822968542580000	 0.170898032485774
1250.055927157400000	 0.171921555643454
1250.288885772230000	 0.172960770778942
1250.521844387050000	 0.174008228301401
1250.754803001880000	 0.175054657971230
1250.987761616710000	 0.176092941665985
1251.220720231530000	 0.177120447272611
1251.453678846360000	 0.178138175749612
1251.686637461190000	 0.179147023377954
1251.919596076010000	 0.180143189298488
1252.152554690840000	 0.181115344465814
1252.385513305660000	 0.182045264032495
1252.618471920490000	 0.182911724952300
1252.851430535320000	 0.183695655035038
1253.084389150140000	 0.184383813819670
1253.317347764970000	 0.184969110373555
1253.550306379800000	 0.185447578344540
1253.783264994620000	 0.185813940359455
1254.016223609450000	 0.186058481354898
1254.249182224270000	 0.186167151875398
1254.482140839100000	 0.186124915742744
1254.715099453930000	 0.185920461710153
1254.948058068750000	 0.185549622476755
1255.181016683580000	 0.185015646821666
1255.413975298400000	 0.184326380088779
1255.646933913230000	 0.183490271276434
1255.879892528060000	 0.182513801247618
1256.112851142880000	 0.181402004917291
1256.345809757710000	 0.180161808579755
1256.578768372540000	 0.178806106309694
1256.811726987360000	 0.177355946011070
1257.044685602190000	 0.175839236781060
1257.277644217010000	 0.174286411648226
1257.510602831840000	 0.172725261149749
1257.743561446670000	 0.171177620240409
1257.976520061490000	 0.169659484591659
1258.209478676320000	 0.168184132054899
1258.442437291150000	 0.166766103614980
1258.675395905970000	 0.165423437665011
1258.908354520800000	 0.164176599968035
1259.141313135620000	 0.163044484135546
1259.374271750450000	 0.162039543854872
1259.607230365280000	 0.161164613686353
1259.840188980100000	 0.160413071257525
1260.073147594930000	 0.159772261324946
1260.306106209750000	 0.159228491427535
1260.539064824580000	 0.158771239105459
1260.772023439410000	 0.158394794230517
1261.004982054230000	 0.158097044050895
1261.237940669060000	 0.157876628375881
1261.470899283890000	 0.157730365355706
1261.703857898710000	 0.157652342185561
1261.936816513540000	 0.157634798348696
1262.169775128360000	 0.157669747677766
1262.402733743190000	 0.157749903482554
1262.635692358020000	 0.157868070356624
1262.868650972840000	 0.158015337012313
1263.101609587670000	 0.158179397926044
1263.334568202500000	 0.158344496762452
1263.567526817320000	 0.158493663407369
1263.800485432150000	 0.158612555345005
1264.033444046970000	 0.158693113250088
1264.266402661800000	 0.158735093255266
1264.499361276630000	 0.158744516561127
1264.732319891450000	 0.158729688946925
1264.965278506280000	 0.158696777182268
1265.198237121110000	 0.158647195713022
1265.431195735930000	 0.158578082298529
1265.664154350760000	 0.158485472568266
1265.897112965580000	 0.158368346859355
1266.130071580410000	 0.158231300482299
1266.363030195240000	 0.158084409064708
1266.595988810060000	 0.157940466341667
1266.828947424890000	 0.157811241142699
1267.061906039710000	 0.157704872901797
1267.294864654540000	 0.157625740655957
1267.527823269370000	 0.157576602151643
1267.760781884190000	 0.157561437064115
1267.993740499020000	 0.157587029332289
1268.226699113850000	 0.157662103188895
1268.459657728670000	 0.157794329099905
1268.692616343500000	 0.157986863327862
1268.925574958320000	 0.158236479019863
1269.158533573150000	 0.158534545795482
1269.391492187980000	 0.158870578154701
1269.624450802800000	 0.159236666799938
1269.857409417630000	 0.159630597333020
1270.090368032460000	 0.160056115286771
1270.323326647280000	 0.160520262538569
1270.556285262110000	 0.161029195000089
1270.789243876930000	 0.161584587798111
1271.022202491760000	 0.162182294806015
1271.255161106590000	 0.162813672255159
1271.488119721410000	 0.163468651137290
1271.721078336240000	 0.164138948748917
1271.954036951070000	 0.164820017854434
1272.186995565890000	 0.165511211363549
1272.419954180720000	 0.166214635354868
1272.652912795540000	 0.166933705809819
1272.885871410370000	 0.167672254293438
1273.118830025200000	 0.168434348831436
1273.351788640020000	 0.169224332830474
1273.584747254850000	 0.170046412835430
1273.817705869670000	 0.170903549844578
1274.050664484500000	 0.171796112175738
1274.283623099330000	 0.172721214585222
1274.516581714150000	 0.173673514751845
1274.749540328980000	 0.174647468922245
1274.982498943810000	 0.175640093554968
1275.215457558630000	 0.176652758279676
1275.448416173460000	 0.177690857714910
1275.681374788280000	 0.178761280268217
1275.914333403110000	 0.179868834660444
1276.147292017940000	 0.181013487750827
1276.380250632760000	 0.182189967295018
1276.613209247590000	 0.183390091763976
1276.846167862420000	 0.184606723033019
1277.079126477240000	 0.185837311638932
1277.312085092070000	 0.187085170973911
1277.545043706890000	 0.188357820213296
1277.778002321720000	 0.189663315852965
1278.010960936550000	 0.191006561802082
1278.243919551370000	 0.192387549729011
1278.476878166200000	 0.193802361799979
1278.709836781020000	 0.195246199983749
1278.942795395850000	 0.196716578971565
1279.175754010680000	 0.198214780263114
1279.408712625500000	 0.199744734971627
1279.641671240330000	 0.201310051652240
1279.874629855160000	 0.202911018946784
1280.107588469980000	 0.204543435593236
1280.340547084810000	 0.206200033763992
1280.573505699630000	 0.207873692512270
1280.806464314460000	 0.209560511223094
1281.039422929290000	 0.211260824944935
1281.272381544110000	 0.212977429370151
1281.505340158940000	 0.214711956037812
1281.738298773770000	 0.216461490628281
1281.971257388590000	 0.218217452366952
1282.204216003420000	 0.219967469431444
1282.437174618240000	 0.221699217192196
1282.670133233070000	 0.223403953009298
1282.903091847900000	 0.225077538295798
1283.136050462720000	 0.226718128140353
1283.369009077550000	 0.228321679164565
1283.601967692380000	 0.229877831442655
1283.834926307200000	 0.231368703383683
1284.067884922030000	 0.232771655337890
1284.300843536850000	 0.234064926395597
1284.533802151680000	 0.235233423938917
1284.766760766510000	 0.236271787223117
1284.999719381330000	 0.237183302198567
1285.232677996160000	 0.237975528096424
1285.465636610980000	 0.238655292759296
1285.698595225810000	 0.239225963455451
1285.931553840640000	 0.239688456535151
1286.164512455460000	 0.240045165639002
1286.397471070290000	 0.240304196411089
1286.630429685120000	 0.240481035082358
1286.863388299940000	 0.240596211155923
1287.096346914770000	 0.240669831613913
1287.329305529590000	 0.240715738873553
1287.562264144420000	 0.240738392514471
1287.795222759250000	 0.240734172247730
1288.028181374070000	 0.240696406317045
1288.261139988900000	 0.240621370805145
1288.494098603730000	 0.240511949706380
1288.727057218550000	 0.240376934094008
1288.960015833380000	 0.240226343106673
1289.192974448200000	 0.240065281443170
1289.425933063030000	 0.239889518603890
1289.658891677860000	 0.239684912023433
1289.891850292680000	 0.239430722576422
1290.124808907510000	 0.239104979669568
1290.357767522340000	 0.238689313792355
1290.590726137160000	 0.238171366181475
1290.823684751990000	 0.237544508979972
1291.056643366810000	 0.236806176307493
1291.289601981640000	 0.235956695455201
1291.522560596470000	 0.234999814393013
1291.755519211290000	 0.233944651723156
1291.988477826120000	 0.232807530565189
1292.221436440940000	 0.231611918484942
1292.454395055770000	 0.230385625386823
1292.687353670600000	 0.229155918542939
1292.920312285420000	 0.227944368837539
1293.153270900250000	 0.226763353669482
1293.386229515080000	 0.225615161475564
1293.619188129900000	 0.224493178219305
1293.852146744730000	 0.223383581745973
1294.085105359550000	 0.222265967756990
1294.318063974380000	 0.221112375935851
1294.551022589210000	 0.219885618672870
1294.783981204030000	 0.218538728251399
1295.016939818860000	 0.217017128708616
1295.249898433690000	 0.215263883066140
1295.482857048510000	 0.213226789720712
1295.715815663340000	 0.210865151595839
1295.948774278160000	 0.208154302853748
1296.181732892990000	 0.205087273704832
1296.414691507820000	 0.201674448938511
1296.647650122640000	 0.197942754590114
1296.880608737470000	 0.193935360755266
1297.113567352290000	 0.189711543008833
1297.346525967120000	 0.185345208873998
1297.579484581950000	 0.180920574982726
1297.812443196770000	 0.176524728989703
1298.045401811600000	 0.172238588453706
1298.278360426430000	 0.168128946256012
1298.511319041250000	 0.164244118622754
1298.744277656080000	 0.160614266289765
1298.977236270900000	 0.157255513189811
1299.210194885730000	 0.154175512698681
1299.443153500560000	 0.151377800774805
1299.676112115380000	 0.148863245919854
1299.909070730210000	 0.146628643892071
1300.142029345040000	 0.144664097532228
1300.374987959860000	 0.142951437165690
1300.607946574690000	 0.141465289045024
1300.840905189510000	 0.140176886100698
1301.073863804340000	 0.139059166380394
1301.306822419170000	 0.138090938490173
1301.539781033990000	 0.137258315591551
1301.772739648820000	 0.136553010002480
1302.005698263650000	 0.135968681185630
1302.238656878470000	 0.135497452146388
1302.471615493300000	 0.135128454605956
1302.704574108120000	 0.134849011234824
1302.937532722950000	 0.134647540207373
1303.170491337780000	 0.134516320221014
1303.403449952600000	 0.134452393574951
1303.636408567430000	 0.134456014659912
1303.869367182250000	 0.134527511601833
1304.102325797080000	 0.134664366631107
1304.335284411910000	 0.134860196356183
1304.568243026730000	 0.135106217599550
1304.801201641560000	 0.135394363099465
1305.034160256390000	 0.135720275238646
1305.267118871210000	 0.136084481614348
1305.500077486040000	 0.136491099801226
1305.733036100860000	 0.136944829760845
1305.965994715690000	 0.137447947634662
1306.198953330520000	 0.137998956213661
1306.431911945340000	 0.138593521833882
1306.664870560170000	 0.139226951791838
1306.897829175000000	 0.139896555331079
1307.130787789820000	 0.140602323578290
1307.363746404650000	 0.141345412490354
1307.596705019470000	 0.142125307675120
1307.829663634300000	 0.142937468283858
1308.062622249130000	 0.143773130265576
1308.295580863950000	 0.144621818152714
1308.528539478780000	 0.145475562613569
1308.761498093610000	 0.146332713960635
1308.994456708430000	 0.147199260560392
1309.227415323260000	 0.148086781892906
1309.460373938080000	 0.149007942023886
1309.693332552910000	 0.149971745680183
1309.926291167740000	 0.150980891994638
1310.159249782560000	 0.152032440507405
1310.392208397390000	 0.153121282809940
1310.625167012210000	 0.154244481788452
1310.858125627040000	 0.155404106581242
1311.091084241870000	 0.156606969408356
1311.324042856690000	 0.157861261976517
1311.557001471520000	 0.159171658061963
1311.789960086350000	 0.160535189061112
1312.022918701170000	 0.161939804163204
1312.255877316000000	 0.163366297899748
1312.488835930820000	 0.164792857896270
1312.721794545650000	 0.166200461926123
1312.954753160480000	 0.167577114937297
1313.187711775300000	 0.168919528107122
1313.420670390130000	 0.170232002546906
1313.653629004960000	 0.171523406067538
1313.886587619780000	 0.172803669087885
1314.119546234610000	 0.174081014266553
1314.352504849430000	 0.175360473779082
1314.585463464260000	 0.176643607459293
1314.818422079090000	 0.177928997923540
1315.051380693910000	 0.179213048607334
1315.284339308740000	 0.180490673587893
1315.517297923560000	 0.181755525394395
1315.750256538390000	 0.182999493996404
1315.983215153220000	 0.184211447414109
1316.216173768040000	 0.185375619093139
1316.449132382870000	 0.186470536687761
1316.682090997700000	 0.187469610007247
1316.915049612520000	 0.188344104927488
1317.148008227350000	 0.189068119477037
1317.380966842170000	 0.189623755919100
1317.613925457000000	 0.190003854035752
1317.846884071830000	 0.190210268936363
1318.079842686650000	 0.190247752596054
1318.312801301480000	 0.190115979334411
1318.545759916310000	 0.189803725254028
1318.778718531130000	 0.189288814699078
1319.011677145960000	 0.188545205803028
1319.244635760780000	 0.187555240173119
1319.477594375610000	 0.186322005422940
1319.710552990440000	 0.184875768747798
1319.943511605260000	 0.183270745100933
1320.176470220090000	 0.181573229378963
1320.409428834920000	 0.179846484312474
1320.642387449740000	 0.178139005303624
1320.875346064570000	 0.176480464078522
1321.108304679390000	 0.174885567175728
1321.341263294220000	 0.173362519105675
1321.574221909050000	 0.171921191115363
1321.807180523870000	 0.170576886060663
1322.040139138700000	 0.169348267314413
1322.273097753520000	 0.168251236680170
1322.506056368350000	 0.167292604623670
1322.739014983180000	 0.166467258409283
1322.971973598000000	 0.165760464412741
1323.204932212830000	 0.165154179092055
1323.437890827660000	 0.164634185622589
1323.670849442480000	 0.164194478326628
1323.903808057310000	 0.163836792690567
1324.136766672130000	 0.163565802481256
1324.369725286960000	 0.163382837441589
1324.602683901790000	 0.163281677973319
1324.835642516610000	 0.163248711312942
1325.068601131440000	 0.163267292877641
1325.301559746270000	 0.163323897894222
1325.534518361090000	 0.163412721594217
1325.767476975920000	 0.163536252496511
1326.000435590740000	 0.163701555979208
1326.233394205570000	 0.163914352564001
1326.466352820400000	 0.164174128016791
1326.699311435220000	 0.164472852686323
1326.932270050050000	 0.164797859964364
1327.165228664880000	 0.165137192192544
1327.398187279700000	 0.165484458924573
1327.631145894530000	 0.165840622173311
1327.864104509350000	 0.166211911571968
1328.097063124180000	 0.166605249638369
1328.330021739010000	 0.167023861209036
1328.562980353830000	 0.167465442103427
1328.795938968660000	 0.167923642692041
1329.028897583480000	 0.168391684859016
1329.261856198310000	 0.168865783647594
1329.494814813140000	 0.169346316974871
1329.727773427960000	 0.169836195053491
1329.960732042790000	 0.170337694740339
1330.193690657620000	 0.170850004849868
1330.426649272440000	 0.171369260971944
1330.659607887270000	 0.171891222091327
1330.892566502090000	 0.172414946029571
1331.125525116920000	 0.172944970048855
1331.358483731750000	 0.173490203996077
1331.591442346570000	 0.174059676437112
1331.824400961400000	 0.174657292756876
1332.057359576230000	 0.175278605161009
1332.290318191050000	 0.175911708867210
1332.523276805880000	 0.176542220223337
1332.756235420700000	 0.177159988865466
1332.989194035530000	 0.177764003269558
1333.222152650360000	 0.178362680803006
1333.455111265180000	 0.178969196794868
1333.688069880010000	 0.179594364544777
1333.921028494830000	 0.180241098704165
1334.153987109660000	 0.180903742456690
1334.386945724490000	 0.181572923172390
1334.619904339310000	 0.182243481044550
1334.852862954140000	 0.182921001042376
1335.085821568970000	 0.183622790735960
1335.318780183790000	 0.184371891019610
1335.551738798620000	 0.185186476705541
1335.784697413440000	 0.186069650564859
1336.017656028270000	 0.187004815854317
1336.250614643100000	 0.187959674503645
1336.483573257920000	 0.188898366113628
1336.716531872750000	 0.189797379094989
1336.949490487580000	 0.190658147546256
1337.182449102400000	 0.191509743355277
1337.415407717230000	 0.192399571125128
1337.648366332050000	 0.193376094212331
1337.881324946880000	 0.194471239753397
1338.114283561710000	 0.195689299739011
1338.347242176530000	 0.197005498722827
1338.580200791360000	 0.198373608188705
1338.813159406190000	 0.199739236415070
1339.046118021010000	 0.201053739141950
1339.279076635840000	 0.202283500073467
1339.512035250660000	 0.203411431650270
1339.744993865490000	 0.204431554278181
1339.977952480320000	 0.205341184841390
1340.210911095140000	 0.206136191399457
1340.443869709970000	 0.206812425722640
1340.676828324790000	 0.207372367355354
1340.909786939620000	 0.207832590806841
1341.142745554450000	 0.208226918742209
1341.375704169270000	 0.208602577928687
1341.608662784100000	 0.209010686651151
1341.841621398930000	 0.209495194581671
1342.074580013750000	 0.210084436387402
1342.307538628580000	 0.210787537058671
1342.540497243400000	 0.211595794316440
1342.773455858230000	 0.212487851911635
1343.006414473060000	 0.213436869976750
1343.239373087880000	 0.214417637149998
1343.472331702710000	 0.215411674030072
1343.705290317540000	 0.216409088643121
1343.938248932360000	 0.217407186084395
1344.171207547190000	 0.218407056228424
1344.404166162010000	 0.219409954558495
1344.637124776840000	 0.220415042251823
1344.870083391670000	 0.221419199139099
1345.103042006490000	 0.222418600711505
1345.336000621320000	 0.223410978251125
1345.568959236140000	 0.224397256335875
1345.801917850970000	 0.225381656753704
1346.034876465800000	 0.226370164826698
1346.267835080620000	 0.227368079249943
1346.500793695450000	 0.228377828870032
1346.733752310280000	 0.229398134468000
1346.966710925100000	 0.230424958065783
1347.199669539930000	 0.231453793110345
1347.432628154750000	 0.232482136940151
1347.665586769580000	 0.233510839083615
1347.898545384410000	 0.234543547115489
1348.131503999230000	 0.235584424180811
1348.364462614060000	 0.236635207920680
1348.597421228890000	 0.237693067792239
1348.830379843710000	 0.238750395753192
1349.063338458540000	 0.239796774956348
1349.296297073360000	 0.240822335436742
1349.529255688190000	 0.241821037881691
1349.762214303020000	 0.242792475453357
1349.995172917840000	 0.243741536660488
1350.228131532670000	 0.244676331810983
1350.461090147500000	 0.245605567335826
1350.694048762320000	 0.246536626568852
1350.927007377150000	 0.247474983158069
1351.159965991970000	 0.248424666570476
1351.392924606800000	 0.249388895356393
1351.625883221630000	 0.250370052648249
1351.858841836450000	 0.251368840928437
1352.091800451280000	 0.252383285791703
1352.324759066100000	 0.253408693319481
1352.557717680930000	 0.254439333761262
1352.790676295760000	 0.255471616394506
1353.023634910580000	 0.256507388998452
1353.256593525410000	 0.257555450499826
1353.489552140240000	 0.258629849008924
1353.722510755060000	 0.259744939820916
1353.955469369890000	 0.260908853644757
1354.188427984710000	 0.262118109931533
1354.421386599540000	 0.263355985389413
1354.654345214370000	 0.264595878948212
1354.887303829190000	 0.265808848355528
1355.120262444020000	 0.266972589233202
1355.353221058850000	 0.268078253104646
1355.586179673670000	 0.269132235080371
1355.819138288500000	 0.270152292685362
1356.052096903320000	 0.271160031807490
1356.285055518150000	 0.272173380539160
1356.518014132980000	 0.273202253577042
1356.750972747800000	 0.274248598662996
1356.983931362630000	 0.275309710432700
1357.216889977460000	 0.276382290324264
1357.449848592280000	 0.277464757053191
1357.682807207110000	 0.278556650067565
1357.915765821930000	 0.279655958429923
1358.148724436760000	 0.280756795359344
1358.381683051590000	 0.281850033024000
1358.614641666410000	 0.282928022973103
1358.847600281240000	 0.283992018367386
1359.080558896060000	 0.285058678819368
1359.313517510890000	 0.286161419008232
1359.546476125720000	 0.287344066212247
1359.779434740540000	 0.288647724896472
1360.012393355370000	 0.290095083371661
1360.245351970200000	 0.291677913859549
1360.478310585020000	 0.293352967133121
1360.711269199850000	 0.295049667569990
1360.944227814670000	 0.296690109122797
1361.177186429500000	 0.298216956498791
1361.410145044330000	 0.299618666432681
1361.643103659150000	 0.300938628972341
1361.876062273980000	 0.302260569789777
1362.109020888810000	 0.303674839328887
1362.341979503630000	 0.305239632889103
1362.574938118460000	 0.306951631518815
1362.807896733280000	 0.308735653007625
1363.040855348110000	 0.310458723921860
1363.273813962940000	 0.311969679730933
1363.506772577760000	 0.313155234048452
1363.739731192590000	 0.313988913971494
1363.972689807420000	 0.314545173584586
1364.205648422240000	 0.314969341585600
1364.438607037070000	 0.315422031734698
1364.671565651890000	 0.316028235756961
1364.904524266720000	 0.316850270160664
1365.137482881550000	 0.317886447699229
1365.370441496370000	 0.319087895479516
1365.603400111200000	 0.320384401565010
1365.836358726020000	 0.321710846973349
1366.069317340850000	 0.323026363614638
1366.302275955680000	 0.324320603420444
1366.535234570500000	 0.325606743232283
1366.768193185330000	 0.326906845472504
1367.001151800160000	 0.328237935649984
1367.234110414980000	 0.329604988574454
1367.467069029810000	 0.331001917945621
1367.700027644630000	 0.332417043323285
1367.932986259460000	 0.333837765926691
1368.165944874290000	 0.335250861002364
1368.398903489110000	 0.336638676035679
1368.631862103940000	 0.337975227039560
1368.864820718770000	 0.339227291274888
1369.097779333590000	 0.340363001748876
1369.330737948420000	 0.341365288181072
1369.563696563240000	 0.342243021521808
1369.796655178070000	 0.343032447726675
1370.029613792900000	 0.343786321631969
1370.262572407720000	 0.344554997579525
1370.495531022550000	 0.345368075229343
1370.728489637370000	 0.346224856916279
1370.961448252200000	 0.347097852047469
1371.194406867030000	 0.347948006619163
1371.427365481850000	 0.348745073623706
1371.660324096680000	 0.349483521577004
1371.893282711510000	 0.350185726160371
1372.126241326330000	 0.350890253376557
1372.359199941160000	 0.351630708445662
1372.592158555980000	 0.352415162021955
1372.825117170810000	 0.353215272229246
1373.058075785640000	 0.353969465231699
1373.291034400460000	 0.354598937432475
1373.523993015290000	 0.355030652584203
1373.756951630120000	 0.355218650567864
1373.989910244940000	 0.355154912457122
1374.222868859770000	 0.354865073591411
1374.455827474590000	 0.354391754258932
1374.688786089420000	 0.353774946337659
1374.921744704250000	 0.353039747103775
1375.154703319070000	 0.352196068785045
1375.387661933900000	 0.351247346414088
1375.620620548730000	 0.350200992661721
1375.853579163550000	 0.349074071138678
1376.086537778380000	 0.347891543124974
1376.319496393200000	 0.346678699781987
1376.552455008030000	 0.345452019053468
1376.785413622860000	 0.344212877674112
1377.018372237680000	 0.342946673450711
1377.251330852510000	 0.341627247329909
1377.484289467330000	 0.340224468422425
1377.717248082160000	 0.338712179817763
1377.950206696990000	 0.337074186848360
1378.183165311810000	 0.335306973798054
1378.416123926640000	 0.333418913674865
1378.649082541470000	 0.331426723818602
1378.882041156290000	 0.329350650801936
1379.114999771120000	 0.327210059585442
1379.347958385940000	 0.325020633195670
1379.580917000770000	 0.322793541002462
1379.813875615600000	 0.320536188583567
1380.046834230420000	 0.318253803747984
1380.279792845250000	 0.315951104823829
1380.512751460080000	 0.313633476144809
1380.745710074900000	 0.311307339977388
1380.978668689730000	 0.308979720244945
1381.211627304550000	 0.306657273131982
1381.444585919380000	 0.304345221066839
1381.677544534210000	 0.302046628980359
1381.910503149030000	 0.299762339006785
1382.143461763860000	 0.297491681674311
1382.376420378690000	 0.295233833125520
1382.609378993510000	 0.292989428132875
1382.842337608340000	 0.290761865766571
1383.075296223160000	 0.288557771248159
1383.308254837990000	 0.286386332371940
1383.541213452820000	 0.284257628424898
1383.774172067640000	 0.282180484238676
1384.007130682470000	 0.280160683448973
1384.240089297290000	 0.278200416055954
1384.473047912120000	 0.276299475709380
1384.706006526950000	 0.274457974948282
1384.938965141770000	 0.272679496817215
1385.171923756600000	 0.270973092711305
1385.404882371430000	 0.269352690757997
1385.637840986250000	 0.267833312822402
1385.870799601080000	 0.266424732240892
1386.103758215900000	 0.265124359545416
1386.336716830730000	 0.263911720850505
1386.569675445560000	 0.262746700812845
1386.802634060380000	 0.261573068911006
1387.035592675210000	 0.260328105896571
1387.268551290040000	 0.258958085467618
1387.501509904860000	 0.257436827346305
1387.734468519690000	 0.255780408369214
1387.967427134510000	 0.254048765177457
1388.200385749340000	 0.252329525200214
1388.433344364170000	 0.250710324036997
1388.666302978990000	 0.249253555192675
1388.899261593820000	 0.247984275621359
1389.132220208640000	 0.246892268451864
1389.365178823470000	 0.245942690778778
1389.598137438300000	 0.245089468763903
1389.831096053120000	 0.244288100462319
1390.064054667950000	 0.243506041523054
1390.297013282780000	 0.242728777078816
1390.529971897600000	 0.241959709049643
1390.762930512430000	 0.241213687959336
1390.995889127250000	 0.240506975034466
1391.228847742080000	 0.239848496304474
1391.461806356910000	 0.239236785121896
1391.694764971730000	 0.238664266104822
1391.927723586560000	 0.238126978346244
1392.160682201390000	 0.237634959539461
1392.393640816210000	 0.237217602679364
1392.626599431040000	 0.236920171955813
1392.859558045860000	 0.236791664964942
1393.092516660690000	 0.236868014317640
1393.325475275520000	 0.237156087772489
1393.558433890340000	 0.237623051508527
1393.791392505170000	 0.238194116409570
1394.024351120000000	 0.238760795098124
1394.257309734820000	 0.239200960061792
1394.490268349650000	 0.239409115992571
1394.723226964470000	 0.239329166776081
1394.956185579300000	 0.238975595944620
1395.189144194130000	 0.238429828981225
1395.422102808950000	 0.237810811573987
1395.655061423780000	 0.237234647195932
1395.888020038600000	 0.236783277539710
1396.120978653430000	 0.236493026302499
1396.353937268260000	 0.236360783331681
1396.586895883080000	 0.236359121916534
1396.819854497910000	 0.236452559105625
1397.052813112740000	 0.236610648477523
1397.285771727560000	 0.236815999002711
1397.518730342390000	 0.237066231709801
1397.751688957210000	 0.237369563005670
1397.984647572040000	 0.237735029671873
1398.217606186870000	 0.238160071479626
1398.450564801690000	 0.238619492655820
1398.683523416520000	 0.239060428581023
1398.916482031350000	 0.239407706239650
1399.149440646170000	 0.239581764970680
1399.382399261000000	 0.239525539783250
1399.615357875820000	 0.239229017944122
1399.848316490650000	 0.238737428655507
1400.081275105480000	 0.238136999128463
1400.314233720300000	 0.237526000308824
1400.547192335130000	 0.236986174800768
1400.780150949950000	 0.236565639632591
1401.013109564780000	 0.236275505447131
1401.246068179610000	 0.236096572543603
1401.479026794430000	 0.235991211607939
1401.711985409260000	 0.235916495216235
1401.944944024090000	 0.235835725430678
1402.177902638910000	 0.235726328298300
1402.410861253740000	 0.235583054033132
1402.643819868560000	 0.235416599938192
1402.876778483390000	 0.235248727325898
1403.109737098220000	 0.235105287466346
1403.342695713040000	 0.235008401825313
1403.575654327870000	 0.234968784669409
1403.808612942700000	 0.234979184802000
1404.041571557520000	 0.235010223716156
1404.274530172350000	 0.235010395969491
1404.507488787170000	 0.234912310049162
1404.740447402000000	 0.234646537479979
1404.973406016830000	 0.234161592095332
1405.206364631650000	 0.233443682937341
1405.439323246480000	 0.232526184016508
1405.672281861310000	 0.231481304647188
1405.905240476130000	 0.230396071643049
1406.138199090960000	 0.229344327995690
1406.371157705780000	 0.228367653721853
1406.604116320610000	 0.227471017230360
1406.837074935440000	 0.226630817622973
1407.070033550260000	 0.225809156752342
1407.302992165090000	 0.224968440841105
1407.535950779910000	 0.224082168693072
1407.768909394740000	 0.223139578316347
1408.001868009570000	 0.222143747958601
1408.234826624390000	 0.221104916464580
1408.467785239220000	 0.220032489072651
1408.700743854050000	 0.218929376741592
1408.933702468870000	 0.217790773440056
1409.166661083700000	 0.216607174261354
1409.399619698520000	 0.215369642218755
1409.632578313350000	 0.214074682377713
1409.865536928180000	 0.212726527347238
1410.098495543000000	 0.211335851154896
1410.331454157830000	 0.209915486153242
1410.564412772660000	 0.208475035416785
1410.797371387480000	 0.207016748774836
1411.030330002310000	 0.205534447700111
1411.263288617130000	 0.204015987322675
1411.496247231960000	 0.202448333857302
1411.729205846790000	 0.200823289783120
1411.962164461610000	 0.199141533089033
1412.195123076440000	 0.197413206171018
1412.428081691270000	 0.195654788401112
1412.661040306090000	 0.193883791853746
1412.893998920920000	 0.192113861985352
1413.126957535740000	 0.190352449790559
1413.359916150570000	 0.188601652488417
1413.592874765400000	 0.186861113127616
1413.825833380220000	 0.185130982177626
1414.058791995050000	 0.183413279124932
1414.291750609870000	 0.181711306814800
1414.524709224700000	 0.180028273126965
1414.757667839530000	 0.178366964220504
1414.990626454350000	 0.176731605154781
1415.223585069180000	 0.175131235570706
1415.456543684010000	 0.173582106817910
1415.689502298830000	 0.172106088741702
1415.922460913660000	 0.170723663687520
1416.155419528480000	 0.169443352790159
1416.388378143310000	 0.168252580756282
1416.621336758140000	 0.167115970172704
1416.854295372960000	 0.165984974158737
1417.087253987790000	 0.164818126272714
1417.320212602620000	 0.163605222644020
1417.553171217440000	 0.162383705460367
1417.786129832270000	 0.161235434565901
1418.019088447090000	 0.160259925665456
1418.252047061920000	 0.159532331387384
1418.485005676750000	 0.159061661925874
1418.717964291570000	 0.158762907797374
1418.950922906400000	 0.158452921315896
1419.183881521220000	 0.157882084937028
1419.416840136050000	 0.156814264891429
1419.649798750880000	 0.155142212994028
1419.882757365700000	 0.152972001293936
1420.115715980530000	 0.150594672099725
1420.348674595360000	 0.148349098116379
1420.581633210180000	 0.146480827626585
1420.814591825010000	 0.145085250627930
1421.047550439830000	 0.144131934266215
1421.280509054660000	 0.143520426793811
1421.513467669490000	 0.143131906985343
1421.746426284310000	 0.142866261159356
1421.979384899140000	 0.142664349482514
1422.212343513970000	 0.142514408807801
1422.445302128790000	 0.142441072381188
1422.678260743620000	 0.142480587302773
1422.911219358440000	 0.142652540656613
1423.144177973270000	 0.142939983626156
1423.377136588100000	 0.143285408805888
1423.610095202920000	 0.143604111985293
1423.843053817750000	 0.143811437355851
1424.076012432580000	 0.143854765345454
1424.308971047400000	 0.143735807272026
1424.541929662230000	 0.143510418985375
1424.774888277050000	 0.143265425087431
1425.007846891880000	 0.143086210145078
1425.240805506710000	 0.143032153718914
1425.473764121530000	 0.143128304406347
1425.706722736360000	 0.143371035602602
1425.939681351180000	 0.143740363854794
1426.172639966010000	 0.144211993926338
1426.405598580840000	 0.144764888048247
1426.638557195660000	 0.145383296003870
1426.871515810490000	 0.146054923797207
1427.104474425320000	 0.146768520910756
1427.337433040140000	 0.147513951448297
1427.570391654970000	 0.148285805300554
1427.803350269790000	 0.149088798659251
1428.036308884620000	 0.149941220703048
1428.269267499450000	 0.150872858312970
1428.502226114270000	 0.151916236771672
1428.735184729100000	 0.153093192808411
1428.968143343930000	 0.154400952316694
1429.201101958750000	 0.155802383074340
1429.434060573580000	 0.157224515178229
1429.667019188400000	 0.158568223014723
1429.899977803230000	 0.159729499458158
1430.132936418060000	 0.160628147111640
1430.365895032880000	 0.161234150114536
1430.598853647710000	 0.161579756931001
1430.831812262540000	 0.161750449787788
1431.064770877360000	 0.161858646542880
1431.297729492190000	 0.162012315310012
1431.530688107010000	 0.162290653325617
1431.763646721840000	 0.162732449793562
1431.996605336670000	 0.163336115158147
1432.229563951490000	 0.164067597180848
1432.462522566320000	 0.164872890164696
1432.695481181140000	 0.165692854816752
1432.928439795970000	 0.166477785435580
1433.161398410800000	 0.167198061782662
1433.394357025620000	 0.167847461183914
1433.627315640450000	 0.168438690580899
1433.860274255280000	 0.168994934209200
1434.093232870100000	 0.169543348413972
1434.326191484930000	 0.170114634101562
1434.559150099750000	 0.170748316316824
1434.792108714580000	 0.171499039943705
1435.025067329410000	 0.172437573379344
1435.258025944230000	 0.173642100230176
1435.490984559060000	 0.175179075002030
1435.723943173890000	 0.177075412244090
1435.956901788710000	 0.179284373777890
1436.189860403540000	 0.181650567379803
1436.422819018360000	 0.183891792736017
1436.655777633190000	 0.185634689775150
1436.888736248020000	 0.186537554153950
1437.121694862840000	 0.186464765137516
1437.354653477670000	 0.185582696794583
1437.587612092490000	 0.184276477914494
1437.820570707320000	 0.182956009821814
1438.053529322150000	 0.181906383630474
1438.286487936970000	 0.181250161238945
1438.519446551800000	 0.180984116926512
1438.752405166630000	 0.181034131388989
1438.985363781450000	 0.181299903676794
1439.218322396280000	 0.181684386433945
1439.451281011100000	 0.182110506188225
1439.684239625930000	 0.182527654630887
1439.917198240760000	 0.182909856831674
1440.150156855580000	 0.183248615782869
1440.383115470410000	 0.183544679855894
1440.616074085240000	 0.183802316670982
1440.849032700060000	 0.184027112566406
1441.081991314890000	 0.184225802111509
1441.314949929710000	 0.184405928885371
1441.547908544540000	 0.184574343638222
1441.780867159370000	 0.184735351301877
1442.013825774190000	 0.184890197637474
1442.246784389020000	 0.185038872228046
1442.479743003850000	 0.185183474747556
1442.712701618670000	 0.185330994753490
1442.945660233500000	 0.185493413532227
1443.178618848320000	 0.185684625396249
1443.411577463150000	 0.185915762376871
1443.644536077980000	 0.186191670977970
1443.877494692800000	 0.186510695146735
1444.110453307630000	 0.186867863180495
1444.343411922450000	 0.187259329828340
1444.576370537280000	 0.187684992725800
1444.809329152110000	 0.188147359607140
1445.042287766930000	 0.188647405184963
1445.275246381760000	 0.189180626192448
1445.508204996590000	 0.189737033772835
1445.741163611410000	 0.190306735299708
1445.974122226240000	 0.190888935250695
1446.207080841060000	 0.191498818273442
1446.440039455890000	 0.192166283400206
1446.672998070720000	 0.192923748972877
1446.905956685540000	 0.193785550326385
1447.138915300370000	 0.194725915488936
1447.371873915200000	 0.195664620912964
1447.604832530020000	 0.196469448871620
1447.837791144850000	 0.196981863804999
1448.070749759670000	 0.197063905693219
1448.303708374500000	 0.196649538876500
1448.536666989330000	 0.195772337670828
1448.769625604150000	 0.194549468199863
1449.002584218980000	 0.193129790800700
1449.235542833810000	 0.191637149263648
1449.468501448630000	 0.190137359691646
1449.701460063460000	 0.188636725834705
1449.934418678280000	 0.187102396655855
1450.167377293110000	 0.185489768406125
1450.400335907940000	 0.183765124615701
1450.633294522760000	 0.181916886710013
1450.866253137590000	 0.179954156373331
1451.099211752410000	 0.177896320356794
1451.332170367240000	 0.175761001732241
1451.565128982070000	 0.173557664456038
1451.798087596890000	 0.171290458335410
1452.031046211720000	 0.168968522080558
1452.264004826550000	 0.166617776545488
1452.496963441370000	 0.164287124083436
1452.729922056200000	 0.162044456055854
1452.962880671020000	 0.159963032900450
1453.195839285850000	 0.158103965396420
1453.428797900680000	 0.156502367255649
1453.661756515500000	 0.155162128053453
1453.894715130330000	 0.154059587207508
1454.127673745160000	 0.153153228828840
1454.360632359980000	 0.152396146575349
1454.593590974810000	 0.151748939619935
1454.826549589630000	 0.151190800887253
1455.059508204460000	 0.150725426374489
1455.292466819290000	 0.150377731937373
1455.525425434110000	 0.150179231223058
1455.758384048940000	 0.150143968158760
1455.991342663760000	 0.150240628539377
1456.224301278590000	 0.150369208497990
1456.457259893420000	 0.150355414210821
1456.690218508240000	 0.149982901224592
1456.923177123070000	 0.149077654699641
1457.156135737900000	 0.147616610562143
1457.389094352720000	 0.145775239397514
1457.622052967550000	 0.143848879892010
1457.855011582370000	 0.142100487557718
1458.087970197200000	 0.140653635308901
1458.320928812030000	 0.139482551660966
1458.553887426850000	 0.138465965885735
1458.786846041680000	 0.137457099547506
1459.019804656510000	 0.136344540902396
1459.252763271330000	 0.135091934369108
1459.485721886160000	 0.133746154378691
1459.718680500980000	 0.132410721453107
1459.951639115810000	 0.131197996910881
1460.184597730640000	 0.130185603883262
1460.417556345460000	 0.129396775233268
1460.650514960290000	 0.128807363824781
1460.883473575120000	 0.128369134766040
1461.116432189940000	 0.128035566944056
1461.349390804770000	 0.127779240674144
1461.582349419590000	 0.127595266536817
1461.815308034420000	 0.127491954640999
1462.048266649250000	 0.127476267002586
1462.281225264070000	 0.127544123420362
1462.514183878900000	 0.127682372780686
1462.747142493720000	 0.127881937933564
1462.980101108550000	 0.128154343851929
1463.213059723380000	 0.128540541332100
1463.446018338200000	 0.129103936187108
1463.678976953030000	 0.129907463962741
1463.911935567860000	 0.130982194565162
1464.144894182680000	 0.132297851979274
1464.377852797510000	 0.133745069197511
1464.610811412330000	 0.135139759170632
1464.843770027160000	 0.136260838357768
1465.076728641990000	 0.136922972925873
1465.309687256810000	 0.137058077163904
1465.542645871640000	 0.136753665750197
1465.775604486470000	 0.136214359291721
1466.008563101290000	 0.135671871135176
1466.241521716120000	 0.135304124030617
1466.474480330940000	 0.135201203770461
1466.707438945770000	 0.135373797357138
1466.940397560600000	 0.135781104355574
1467.173356175420000	 0.136359901998016
1467.406314790250000	 0.137046593929592
1467.639273405080000	 0.137790311705577
1467.872232019900000	 0.138557658369044
1468.105190634730000	 0.139330999973771
1468.338149249550000	 0.140103284236854
1468.571107864380000	 0.140872639829460
1468.804066479210000	 0.141639041275377
1469.037025094030000	 0.142403721085260
1469.269983708860000	 0.143170822759522
1469.502942323680000	 0.143950416440920
1469.735900938510000	 0.144761976235361
1469.968859553340000	 0.145637125837101
1470.201818168160000	 0.146619886356391
1470.434776782990000	 0.147762434388739
1470.667735397820000	 0.149115040034327
1470.900694012640000	 0.150710222329847
1471.133652627470000	 0.152542732816729
1471.366611242290000	 0.154549069211561
1471.599569857120000	 0.156594087910798
1471.832528471950000	 0.158477658742970
1472.065487086770000	 0.159975108220192
1472.298445701600000	 0.160910126631735
1472.531404316430000	 0.161227236834581
1472.764362931250000	 0.161012265246918
1472.997321546080000	 0.160438768353822
1473.230280160900000	 0.159676737509426
1473.463238775730000	 0.158824983998440
1473.696197390560000	 0.157901312907160
1473.929156005380000	 0.156882493601024
1474.162114620210000	 0.155760914986550
1474.395073235030000	 0.154581339803126
1474.628031849860000	 0.153436887058113
1474.860990464690000	 0.152430348824363
1475.093949079510000	 0.151625974567088
1475.326907694340000	 0.151014949227020
1475.559866309170000	 0.150504060167129
1475.792824923990000	 0.149928560408658
1476.025783538820000	 0.149090869505557
1476.258742153640000	 0.147824974262674
1476.491700768470000	 0.146069308747493
1476.724659383300000	 0.143906600549786
1476.957617998120000	 0.141533514030298
1477.190576612950000	 0.139173007865984
1477.423535227780000	 0.136989100065907
1477.656493842600000	 0.135052165642217
1477.889452457430000	 0.133354971294547
1478.122411072250000	 0.131850770339676
1478.355369687080000	 0.130487740740635
1478.588328301910000	 0.129228557466330
1478.821286916730000	 0.128054978689492
1479.054245531560000	 0.126962893813449
1479.287204146390000	 0.125954910183426
1479.520162761210000	 0.125035853841975
1479.753121376040000	 0.124212414683729
1479.986079990860000	 0.123494062135317
1480.219038605690000	 0.122891063851171
1480.451997220520000	 0.122407785575000
1480.684955835340000	 0.122033686683348
1480.917914450170000	 0.121737583340182
1481.150873064990000	 0.121470615273236
1481.383831679820000	 0.121179584518520
1481.616790294650000	 0.120826468528301
1481.849748909470000	 0.120404977587294
1482.082707524300000	 0.119944690727624
1482.315666139130000	 0.119499280877284
1482.548624753950000	 0.119124476396894
1482.781583368780000	 0.118857106392397
1483.014541983600000	 0.118704921883654
1483.247500598430000	 0.118650134498247
1483.480459213260000	 0.118662850677323
1483.713417828080000	 0.118716910293572
1483.946376442910000	 0.118800563860280
1484.179335057740000	 0.118917571298534
1484.412293672560000	 0.119079644624339
1484.645252287390000	 0.119296105348887
1484.878210902210000	 0.119568033196446
1485.111169517040000	 0.119890992937788
1485.344128131870000	 0.120264681875875
1485.577086746690000	 0.120702963687126
1485.810045361520000	 0.121236490120796
1486.043003976350000	 0.121903411419393
1486.275962591170000	 0.122729994599998
1486.508921206000000	 0.123708787864456
1486.741879820820000	 0.124784430843117
1486.974838435650000	 0.125856130169844
1487.207797050480000	 0.126801853698025
1487.440755665300000	 0.127521093186811
1487.673714280130000	 0.127980180376970
1487.906672894950000	 0.128234789580082
1488.139631509780000	 0.128412434180256
1488.372590124610000	 0.128663136030886
1488.605548739430000	 0.129106196012084
1488.838507354260000	 0.129796938934506
1489.071465969090000	 0.130718799940745
1489.304424583910000	 0.131793195188938
1489.537383198740000	 0.132898748988052
1489.770341813560000	 0.133895922624218
1490.003300428390000	 0.134655166887809
1490.236259043220000	 0.135084259188432
1490.469217658040000	 0.135147170883092
1490.702176272870000	 0.134868079163888
1490.935134887700000	 0.134320682924641
1491.168093502520000	 0.133609134674109
1491.401052117350000	 0.132847642245561
1491.634010732170000	 0.132142620379208
1491.866969347000000	 0.131578681064866
1492.099927961830000	 0.131209288377588
1492.332886576650000	 0.131053044738546
1492.565845191480000	 0.131096019431365
1492.798803806300000	 0.131299501533758
1493.031762421130000	 0.131611735187322
1493.264721035960000	 0.131981689897333
1493.497679650780000	 0.132372451484870
1493.730638265610000	 0.132771411106202
1493.963596880440000	 0.133194636327599
1494.196555495260000	 0.133684131300970
1494.429514110090000	 0.134298747478530
1494.662472724910000	 0.135101022971521
1494.895431339740000	 0.136142163721008
1495.128389954570000	 0.137445991370820
1495.361348569390000	 0.138991501402511
1495.594307184220000	 0.140694781573720
1495.827265799050000	 0.142396359641399
1496.060224413870000	 0.143869389666534
1496.293183028700000	 0.144869724656342
1496.526141643520000	 0.145232416983767
1496.759100258350000	 0.144971785274046
1496.992058873180000	 0.144306382356070
1497.225017488000000	 0.143573444917324
1497.457976102830000	 0.143091843453213
1497.690934717660000	 0.143062897804427
1497.923893332480000	 0.143541210266890
1498.156851947310000	 0.144450376861324
1498.389810562130000	 0.145612379997862
1498.622769176960000	 0.146783100043396
1498.855727791790000	 0.147705243870238
1499.088686406610000	 0.148184431131188
1499.321645021440000	 0.148163282647376
1499.554603636260000	 0.147743592576909
1499.787562251090000	 0.147131851930365
1500.020520865920000	 0.146544103799997
1500.253479480740000	 0.146131617376373
1500.486438095570000	 0.145956782426719
1500.719396710400000	 0.146007860486630
1500.952355325220000	 0.146228638753246
1501.185313940050000	 0.146546914756498
1501.418272554870000	 0.146895518367307
1501.651231169700000	 0.147224487068866
1501.884189784530000	 0.147505007834691
1502.117148399350000	 0.147727435630469
1502.350107014180000	 0.147897094729105
1502.583065629010000	 0.148031275427514
1502.816024243830000	 0.148158605390725
1503.048982858660000	 0.148319384867208
1503.281941473480000	 0.148564441906993
1503.514900088310000	 0.148951160845360
1503.747858703140000	 0.149537467074668
1503.980817317960000	 0.150375943175257
1504.213775932790000	 0.151509898931536
1504.446734547620000	 0.152971542949040
1504.679693162440000	 0.154780635739371
1504.912651777270000	 0.156941114144129
1505.145610392090000	 0.159433523652551
1505.378569006920000	 0.162202868764333
1505.611527621750000	 0.165145026509091
1505.844486236570000	 0.168099763109999
1506.077444851400000	 0.170861426320449
1506.310403466220000	 0.173213350610448
1506.543362081050000	 0.174976749458624
1506.776320695880000	 0.176050951850568
1507.009279310700000	 0.176426649256384
1507.242237925530000	 0.176174857905890
1507.475196540360000	 0.175427670178930
1507.708155155180000	 0.174360277678735
1507.941113770010000	 0.173171028852351
1508.174072384830000	 0.172054239516175
1508.407030999660000	 0.171168652901261
1508.639989614490000	 0.170611152427745
1508.872948229310000	 0.170403841774885
1509.105906844140000	 0.170496598125808
1509.338865458970000	 0.170783283698465
1509.571824073790000	 0.171129515347473
1509.804782688620000	 0.171409398178346
1510.037741303440000	 0.171544016581917
1510.270699918270000	 0.171527730545679
1510.503658533100000	 0.171428026300720
1510.736617147920000	 0.171356593582765
1510.969575762750000	 0.171425702232696
1511.202534377570000	 0.171709978598354
1511.435492992400000	 0.172225704897970
1511.668451607230000	 0.172928357607545
1511.901410222050000	 0.173724281451392
1512.134368836880000	 0.174493945637493
1512.367327451710000	 0.175125227422924
1512.600286066530000	 0.175550164137454
1512.833244681360000	 0.175770452514667
1513.066203296180000	 0.175856727299521
1513.299161911010000	 0.175920561076629
1513.532120525840000	 0.176075096965353
1513.765079140660000	 0.176403610903692
1513.998037755490000	 0.176944712424880
1514.230996370320000	 0.177691694655781
1514.463954985140000	 0.178600361851786
1514.696913599970000	 0.179602491249848
1514.929872214790000	 0.180624992257730
1515.162830829620000	 0.181613707964876
1515.395789444450000	 0.182555526809207
1515.628748059270000	 0.183487692095034
1515.861706674100000	 0.184485498637636
1516.094665288930000	 0.185629776229719
1516.327623903750000	 0.186965674066708
1516.560582518580000	 0.188466759360007
1516.793541133400000	 0.190015902304454
1517.026499748230000	 0.191414180706717
1517.259458363060000	 0.192429440244973
1517.492416977880000	 0.192882932924238
1517.725375592710000	 0.192738673605503
1517.958334207530000	 0.192135870266185
1518.191292822360000	 0.191335564914777
1518.424251437190000	 0.190620482996863
1518.657210052010000	 0.190215006499067
1518.890168666840000	 0.190257254635970
1519.123127281670000	 0.190810577434299
1519.356085896490000	 0.191887282007881
1519.589044511320000	 0.193465872521360
1519.822003126140000	 0.195495086986985
1520.054961740970000	 0.197885753449851
1520.287920355800000	 0.200496315928874
1520.520878970620000	 0.203122798991316
1520.753837585450000	 0.205509158350132
1520.986796200280000	 0.207393442576337
1521.219754815100000	 0.208587907532938
1521.452713429930000	 0.209056751868974
1521.685672044750000	 0.208934709228315
1521.918630659580000	 0.208462564071098
1522.151589274410000	 0.207881184281020
1522.384547889230000	 0.207352200343151
1522.617506504060000	 0.206939439784895
1522.850465118890000	 0.206639404591166
1523.083423733710000	 0.206430168130621
1523.316382348540000	 0.206311811219933
1523.549340963360000	 0.206322743190898
1523.782299578190000	 0.206529396929546
1524.015258193020000	 0.206998962646513
1524.248216807840000	 0.207770080982806
1524.481175422670000	 0.208832334957263
1524.714134037490000	 0.210117844483234
1524.947092652320000	 0.211505117885231
1525.180051267150000	 0.212837951410903
1525.413009881970000	 0.213963765701972
1525.645968496800000	 0.214786493179136
1525.878927111630000	 0.215309481644688
1526.111885726450000	 0.215635973994216
1526.344844341280000	 0.215920182546357
1526.577802956100000	 0.216300208547335
1526.810761570930000	 0.216851693872194
1527.043720185760000	 0.217575991568913
1527.276678800580000	 0.218413307174783
1527.509637415410000	 0.219267292493790
1527.742596030240000	 0.220033525254630
1527.975554645060000	 0.220627708717278
1528.208513259890000	 0.221007821481394
1528.441471874710000	 0.221183015672565
1528.674430489540000	 0.221205960982487
1528.907389104370000	 0.221153272812133
1529.140347719190000	 0.221104004068560
1529.373306334020000	 0.221124731994768
1529.606264948840000	 0.221263932047276
1529.839223563670000	 0.221553120869727
1530.072182178500000	 0.222010275816825
1530.305140793320000	 0.222641891092334
1530.538099408150000	 0.223442226819304
1530.771058022980000	 0.224390666618206
1531.004016637800000	 0.225449981487294
1531.236975252630000	 0.226569214953699
1531.469933867450000	 0.227694042556776
1531.702892482280000	 0.228783951041456
1531.935851097110000	 0.229830097878882
1532.168809711930000	 0.230863797696049
1532.401768326760000	 0.231947501612692
1532.634726941590000	 0.233147817056415
1532.867685556410000	 0.234498245860379
1533.100644171240000	 0.235963644958840
1533.333602786060000	 0.237420540395383
1533.566561400890000	 0.238669791236068
1533.799520015720000	 0.239494402064407
1534.032478630540000	 0.239752244966570
1534.265437245370000	 0.239455526470604
1534.498395860200000	 0.238777705173278
1534.731354475020000	 0.237977093583702
1534.964313089850000	 0.237291048740567
1535.197271704670000	 0.236864351530378
1535.430230319500000	 0.236733626178998
1535.663188934330000	 0.236852329464397
1535.896147549150000	 0.237132946543767
1536.129106163980000	 0.237490464783394
1536.362064778800000	 0.237877256181267
1536.595023393630000	 0.238301237197409
1536.827982008460000	 0.238822032814186
1537.060940623280000	 0.239527589714361
1537.293899238110000	 0.240502619558021
1537.526857852940000	 0.241802940336183
1537.759816467760000	 0.243443794290159
1537.992775082590000	 0.245400799382167
1538.225733697410000	 0.247615962729786
1538.458692312240000	 0.250000519602566
1538.691650927070000	 0.252430368104949
1538.924609541890000	 0.254737843115929
1539.157568156720000	 0.256714612138488
1539.390526771550000	 0.258147382517925
1539.623485386370000	 0.258893889456594
1539.856444001200000	 0.258964488704069
1540.089402616020000	 0.258543798461666
1540.322361230850000	 0.257922918426338
1540.555319845680000	 0.257388573412880
1540.788278460500000	 0.257139822440216
1541.021237075330000	 0.257260362359944
1541.254195690160000	 0.257729949690017
1541.487154304980000	 0.258449345669578
1541.720112919810000	 0.259266098529712
1541.953071534630000	 0.260002498712419
1542.186030149460000	 0.260492684750798
1542.418988764290000	 0.260629693745910
1542.651947379110000	 0.260407061493344
1542.884905993940000	 0.259927946505523
1543.117864608760000	 0.259367779434824
1543.350823223590000	 0.258909305463726
1543.583781838420000	 0.258686826469120
1543.816740453240000	 0.258761289986265
1544.049699068070000	 0.259121819753171
1544.282657682900000	 0.259698395439229
1544.515616297720000	 0.260376063823546
1544.748574912550000	 0.261011480027437
1544.981533527370000	 0.261458417942678
1545.214492142200000	 0.261605247310604
1545.447450757030000	 0.261414110965262
1545.680409371850000	 0.260938997061865
1545.913367986680000	 0.260305613936730
1546.146326601510000	 0.259661610346057
1546.379285216330000	 0.259126260679338
1546.612243831160000	 0.258763540958866
1546.845202445980000	 0.258582023126960
1547.078161060810000	 0.258551091680178
1547.311119675640000	 0.258621951843346
1547.544078290460000	 0.258746740677923
1547.777036905290000	 0.258892984893499
1548.009995520110000	 0.259051963428114
1548.242954134940000	 0.259239600018768
1548.475912749770000	 0.259489152019556
1548.708871364590000	 0.259836865273602
1548.941829979420000	 0.260304048276124
1549.174788594250000	 0.260880282379444
1549.407747209070000	 0.261512510573510
1549.640705823900000	 0.262104654855376
1549.873664438720000	 0.262532483627972
1550.106623053550000	 0.262675955956578
1550.339581668380000	 0.262462343817506
1550.572540283200000	 0.261900577241442
1550.805498898030000	 0.261083881988263
1551.038457512860000	 0.260154948595836
1551.271416127680000	 0.259253720463400
1551.504374742510000	 0.258477014098948
1551.737333357330000	 0.257865665450625
1551.970291972160000	 0.257416272360195
1552.203250586990000	 0.257105417656716
1552.436209201810000	 0.256913878632613
1552.669167816640000	 0.256840981749771
1552.902126431470000	 0.256903155304587
1553.135085046290000	 0.257116651180328
1553.368043661120000	 0.257470956022509
1553.601002275940000	 0.257903361037662
1553.833960890770000	 0.258286103083892
1554.066919505600000	 0.258438268086720
1554.299878120420000	 0.258173872203245
1554.532836735250000	 0.257383611107692
1554.765795350070000	 0.256112850967033
1554.998753964900000	 0.254572139707807
1555.231712579730000	 0.253053646821144
1555.464671194550000	 0.251810232060269
1555.697629809380000	 0.250981673515127
1555.930588424210000	 0.250595581067656
1556.163547039030000	 0.250611093402716
1556.396505653860000	 0.250964925989460
1556.629464268680000	 0.251599214760922
1556.862422883510000	 0.252467391938274
1557.095381498340000	 0.253521263087564
1557.328340113160000	 0.254685395182332
1557.561298727990000	 0.255829526763698
1557.794257342820000	 0.256758120902580
1558.027215957640000	 0.257243662959960
1558.260174572470000	 0.257118103278453
1558.493133187290000	 0.256383671817482
1558.726091802120000	 0.255244190749991
1558.959050416950000	 0.253993955993323
1559.192009031770000	 0.252837567489169
1559.424967646600000	 0.251777941331807
1559.657926261420000	 0.250629441688673
1559.890884876250000	 0.249123695012740
1560.123843491080000	 0.247055645615447
1560.356802105900000	 0.244412853625682
1560.589760720730000	 0.241415257225316
1560.822719335560000	 0.238423753560917
1561.055677950380000	 0.235773788393896
1561.288636565210000	 0.233650087706970
1561.521595180030000	 0.232064168744091
1561.754553794860000	 0.230906820218316
1561.987512409690000	 0.230018962971800
1562.220471024510000	 0.229247594510687
1562.453429639340000	 0.228479839274974
1562.686388254170000	 0.227657854058886
1562.919346868990000	 0.226776884966208
1563.152305483820000	 0.225868512337660
1563.385264098640000	 0.224974959704110
1563.618222713470000	 0.224124672195819
1563.851181328300000	 0.223318577820895
1564.084139943120000	 0.222530169251926
1564.317098557950000	 0.221715963298970
1564.550057172780000	 0.220830282525325
1564.783015787600000	 0.219839239602363
1565.015974402430000	 0.218730607411308
1565.248933017250000	 0.217517554849774
1565.481891632080000	 0.216235521831673
1565.714850246910000	 0.214933371860498
1565.947808861730000	 0.213661725938696
1566.180767476560000	 0.212461947651055
1566.413726091380000	 0.211358574372198
1566.646684706210000	 0.210356935767876
1566.879643321040000	 0.209446722079696
1567.112601935860000	 0.208610986291323
1567.345560550690000	 0.207838095505120
1567.578519165520000	 0.207131974129216
1567.811477780340000	 0.206515047420480
1568.044436395170000	 0.206020050046152
1568.277395009990000	 0.205671298761140
1568.510353624820000	 0.205461084882617
1568.743312239650000	 0.205329925207281
1568.976270854470000	 0.205159782089952
1569.209229469300000	 0.204788247732545
1569.442188084130000	 0.204048835978322
1569.675146698950000	 0.202833214459574
1569.908105313780000	 0.201151713906797
1570.141063928600000	 0.199151413523667
1570.374022543430000	 0.197065904048724
1570.606981158260000	 0.195121371730237
1570.839939773080000	 0.193459282507682
1571.072898387910000	 0.192114850751494
1571.305857002740000	 0.191043010422451
1571.538815617560000	 0.190160820089545
1571.771774232390000	 0.189383050476773
1572.004732847210000	 0.188643181465077
1572.237691462040000	 0.187900934184364
1572.470650076870000	 0.187139991240444
1572.703608691690000	 0.186360069174328
1572.936567306520000	 0.185568008261027
1573.169525921340000	 0.184772280050860
1573.402484536170000	 0.183983196226299
1573.635443151000000	 0.183217710973441
1573.868401765820000	 0.182504905757067
1574.101360380650000	 0.181887529857686
1574.334318995480000	 0.181416651995222
1574.567277610300000	 0.181139672909898
1574.800236225130000	 0.181084728318904
1575.033194839950000	 0.181244975346695
1575.266153454780000	 0.181564599205535
1575.499112069610000	 0.181927691509919
1575.732070684430000	 0.182155342742206
1575.965029299260000	 0.182025600893311
1576.197987914090000	 0.181335243128432
1576.430946528910000	 0.179999495532895
1576.663905143740000	 0.178131409571067
1576.896863758560000	 0.176018728053024
1577.129822373390000	 0.173993548748150
1577.362780988220000	 0.172293961192277
1577.595739603040000	 0.171007557363698
1577.828698217870000	 0.170095986574509
1578.061656832700000	 0.169450983940419
1578.294615447520000	 0.168945768709692
1578.527574062350000	 0.168471409347076
1578.760532677170000	 0.167958727489272
1578.993491292000000	 0.167386075894219
1579.226449906830000	 0.166772160310517
1579.459408521650000	 0.166156294172178
1579.692367136480000	 0.165574322701846
1579.925325751300000	 0.165041214542254
1580.158284366130000	 0.164547619489935
1580.391242980960000	 0.164069885587959
1580.624201595780000	 0.163586289315482
1580.857160210610000	 0.163090015998328
1581.090118825440000	 0.162592173647194
1581.323077440260000	 0.162114094770268
1581.556036055090000	 0.161674203086328
1581.788994669910000	 0.161277416837672
1582.021953284740000	 0.160912991405698
1582.254911899570000	 0.160561455604508
1582.487870514390000	 0.160206138804857
1582.720829129220000	 0.159842468421698
1582.953787744050000	 0.159479767244979
1583.186746358870000	 0.159134786638906
1583.419704973700000	 0.158821120999092
1583.652663588520000	 0.158540991746125
1583.885622203350000	 0.158284249941720
1584.118580818180000	 0.158034994969163
1584.351539433000000	 0.157781727502466
1584.584498047830000	 0.157524969524131
1584.817456662650000	 0.157277804674553
1585.050415277480000	 0.157058965190227
1585.283373892310000	 0.156882525616413
1585.516332507130000	 0.156750263020088
1585.749291121960000	 0.156651085497342
1585.982249736790000	 0.156567728266665
1586.215208351610000	 0.156486735529637
1586.448166966440000	 0.156405927374237
1586.681125581260000	 0.156335052321525
1586.914084196090000	 0.156289344145117
1587.147042810920000	 0.156279952324256
1587.380001425740000	 0.156307101937046
1587.612960040570000	 0.156360160979663
1587.845918655400000	 0.156424620272787
1588.078877270220000	 0.156491854866777
1588.311835885050000	 0.156565792747175
1588.544794499870000	 0.156662251087416
1588.777753114700000	 0.156800889823540
1589.010711729530000	 0.156994128633078
1589.243670344350000	 0.157239321493710
1589.476628959180000	 0.157518764455550
1589.709587574010000	 0.157807785055434
1589.942546188830000	 0.158086717570394
1590.175504803660000	 0.158350369116663
1590.408463418480000	 0.158609805526487
1590.641422033310000	 0.158885453112918
1590.874380648140000	 0.159195430396662
1591.107339262960000	 0.159545740748064
1591.340297877790000	 0.159927751136755
1591.573256492610000	 0.160324107716355
1591.806215107440000	 0.160719560915098
1592.039173722270000	 0.161110620934220
1592.272132337090000	 0.161508693889128
1592.505090951920000	 0.161934941231106
1592.738049566750000	 0.162409717178168
1592.971008181570000	 0.162942435458011
1593.203966796400000	 0.163527243032067
1593.436925411220000	 0.164146343999282
1593.669884026050000	 0.164778589082608
1593.902842640880000	 0.165408470688264
1594.135801255700000	 0.166030975465180
1594.368759870530000	 0.166650365853246
1594.601718485360000	 0.167274443501006
1594.834677100180000	 0.167908319516710
1595.067635715010000	 0.168551684710856
1595.300594329830000	 0.169200982456501
1595.533552944660000	 0.169854443691099
1595.766511559490000	 0.170515990253783
1595.999470174310000	 0.171194818597304
1596.232428789140000	 0.171900430750897
1596.465387403970000	 0.172636046704817
1596.698346018790000	 0.173394716566269
1596.931304633620000	 0.174161152441240
1597.164263248440000	 0.174919005121809
1597.397221863270000	 0.175659903800187
1597.630180478100000	 0.176389101565622
1597.863139092920000	 0.177124072403736
1598.096097707750000	 0.177886231915961
1598.329056322570000	 0.178689954523951
1598.562014937400000	 0.179534821857344
1598.794973552230000	 0.180405450409819
1599.027932167050000	 0.181279201117216
1599.260890781880000	 0.182137794875538
1599.493849396710000	 0.182976609230385
1599.726808011530000	 0.183806470096682
1599.959766626360000	 0.184646727562440
1600.192725241180000	 0.185513273277398
1600.425683856010000	 0.186408101502977
1600.658642470840000	 0.187316246757448
1600.891601085660000	 0.188211937235274
1601.124559700490000	 0.189070868295097
1601.357518315320000	 0.189882171153563
1601.590476930140000	 0.190653589668450
1601.823435544970000	 0.191406811394014
1602.056394159790000	 0.192165248780834
1602.289352774620000	 0.192940806333314
1602.522311389450000	 0.193726660827553
1602.755270004270000	 0.194499630084306
1602.988228619100000	 0.195230593903321
1603.221187233920000	 0.195897482211649
1603.454145848750000	 0.196494289692989
1603.687104463580000	 0.197031775785364
1603.920063078400000	 0.197530028985761
1604.153021693230000	 0.198007602735126
1604.385980308060000	 0.198473664605715
1604.618938922880000	 0.198927342275457
1604.851897537710000	 0.199363787329180
1605.084856152530000	 0.199782474920729
1605.317814767360000	 0.200192140599851
1605.550773382190000	 0.200608855585690
1605.783731997010000	 0.201047787752534
1606.016690611840000	 0.201512997496433
1606.249649226670000	 0.201991034007843
1606.482607841490000	 0.202452311869439
1606.715566456320000	 0.202860351292658
1606.948525071140000	 0.203185085999464
1607.181483685970000	 0.203414364375193
1607.414442300800000	 0.203558352381540
1607.647400915620000	 0.203644723629749
1607.880359530450000	 0.203707006748520
1608.113318145280000	 0.203771759879177
1608.346276760100000	 0.203850192556250
1608.579235374930000	 0.203936669248757
1608.812193989750000	 0.204012731041079
1609.045152604580000	 0.204053349312740
1609.278111219410000	 0.204032645011972
1609.511069834230000	 0.203928136536405
1609.744028449060000	 0.203724154460307
1609.976987063880000	 0.203415340289403
1610.209945678710000	 0.203010057360478
1610.442904293540000	 0.202532031015320
1610.675862908360000	 0.202017983903356
1610.908821523190000	 0.201510212276293
1611.141780138020000	 0.201045489030441
1611.374738752840000	 0.200644010486113
1611.607697367670000	 0.200302961145804
1611.840655982490000	 0.199998013292740
1612.073614597320000	 0.199693038080284
1612.306573212150000	 0.199354641968396
1612.539531826970000	 0.198965473526385
1612.772490441800000	 0.198530114699658
1613.005449056630000	 0.198070477163796
1613.238407671450000	 0.197612949187620
1613.471366286280000	 0.197174260035545
1613.704324901100000	 0.196754111242479
1613.937283515930000	 0.196339148300331
1614.170242130760000	 0.195916732179927
1614.403200745580000	 0.195491429438501
1614.636159360410000	 0.195094835181320
1614.869117975230000	 0.194781633695067
1615.102076590060000	 0.194611123958648
1615.335035204890000	 0.194620555032795
1615.567993819710000	 0.194800025248442
1615.800952434540000	 0.195076753436254
1616.033911049370000	 0.195312783317710
1616.266869664190000	 0.195319996348015
1616.499828279020000	 0.194899993852883
1616.732786893840000	 0.193914059648352
1616.965745508670000	 0.192364824898774
1617.198704123500000	 0.190433741794326
1617.431662738320000	 0.188421315012000
1617.664621353150000	 0.186615248429790
1617.897579967980000	 0.185182222435551
1618.130538582800000	 0.184145490635392
1618.363497197630000	 0.183427767679114
1618.596455812450000	 0.182908244746866
1618.829414427280000	 0.182464615115359
1619.062373042110000	 0.181996877667186
1619.295331656930000	 0.181438855220792
1619.528290271760000	 0.180761517491508
1619.761248886590000	 0.179968677258177
1619.994207501410000	 0.179085326768989
1620.227166116240000	 0.178141886181321
1620.460124731060000	 0.177160602681784
1620.693083345890000	 0.176149870398439
1620.926041960720000	 0.175108169653737
1621.159000575540000	 0.174034345039051
1621.391959190370000	 0.172937769710083
1621.624917805190000	 0.171841830547839
1621.857876420020000	 0.170777159835844
1622.090835034850000	 0.169765974190646
1622.323793649670000	 0.168803352198733
1622.556752264500000	 0.167843096923897
1622.789710879330000	 0.166794954011767
1623.022669494150000	 0.165538016732921
1623.255628108980000	 0.163952395101663
1623.488586723800000	 0.161964812703426
1623.721545338630000	 0.159591713771956
1623.954503953460000	 0.156953114360707
1624.187462568280000	 0.154238636398743
1624.420421183110000	 0.151638235879217
1624.653379797940000	 0.149277309645644
1624.886338412760000	 0.147189608052410
1625.119297027590000	 0.145330930687578
1625.352255642410000	 0.143614421346772
1625.585214257240000	 0.141947164150702
1625.818172872070000	 0.140256813647065
1626.051131486890000	 0.138504337822093
1626.284090101720000	 0.136682468827306
1626.517048716550000	 0.134802193977037
1626.750007331370000	 0.132873279292214
1626.982965946200000	 0.130887681854906
1627.215924561020000	 0.128814131916136
1627.448883175850000	 0.126607805115415
1627.681841790680000	 0.124232694342016
1627.914800405500000	 0.121687802506537
1628.147759020330000	 0.119023545879262
1628.380717635150000	 0.116336001830150
1628.613676249980000	 0.113737547947443
1628.846634864810000	 0.111317966621225
1629.079593479630000	 0.109116755793830
1629.312552094460000	 0.107118591967069
1629.545510709290000	 0.105268910327018
1629.778469324110000	 0.103498229502941
1630.011427938940000	 0.101744656385858
1630.244386553760000	 0.099968535259336
1630.477345168590000	 0.098157121428201
1630.710303783420000	 0.096320042499156
1630.943262398240000	 0.094478917448672
1631.176221013070000	 0.092656281977576
1631.409179627900000	 0.090868540035357
1631.642138242720000	 0.089124866245519
1631.875096857550000	 0.087430548215332
1632.108055472370000	 0.085791327679237
1632.341014087200000	 0.084215766581527
1632.573972702030000	 0.082714814954032
1632.806931316850000	 0.081299969055504
1633.039889931680000	 0.079982170015445
1633.272848546500000	 0.078772435515065
1633.505807161330000	 0.077683025366682
1633.738765776160000	 0.076726319087807
1633.971724390980000	 0.075908712706490
1634.204683005810000	 0.075218738372995
1634.437641620640000	 0.074611372893267
1634.670600235460000	 0.073993508533829
1634.903558850290000	 0.073219459973380
1635.136517465110000	 0.072110537034213
1635.369476079940000	 0.070513343942031
1635.602434694770000	 0.068391395860387
1635.835393309590000	 0.065896959212188
1636.068351924420000	 0.063343226364842
1636.301310539250000	 0.061065619731011
1636.534269154070000	 0.059273507518029
1636.767227768900000	 0.057995885930953
1637.000186383720000	 0.057122053228154
1637.233144998550000	 0.056475878207495
1637.466103613380000	 0.055879905338822
1637.699062228200000	 0.055200145561717
1637.932020843030000	 0.054374218931234
1638.164979457860000	 0.053420049152935
1638.397938072680000	 0.052418579701561
1638.630896687510000	 0.051473184949498
1638.863855302330000	 0.050663861102485
1639.096813917160000	 0.050018540406376
1639.329772531990000	 0.049511597787207
1639.562731146810000	 0.049083696982872
1639.795689761640000	 0.048669966464311
1640.028648376460000	 0.048224723610235
1640.261606991290000	 0.047734783392389
1640.494565606120000	 0.047217742305352
1640.727524220940000	 0.046707416335091
1640.960482835770000	 0.046234518187995
1641.193441450600000	 0.045812624696588
1641.426400065420000	 0.045435545859005
1641.659358680250000	 0.045085278519553
1641.892317295070000	 0.044744456346510
1642.125275909900000	 0.044405974582530
1642.358234524730000	 0.044075028666300
1642.591193139550000	 0.043763568053992
1642.824151754380000	 0.043481668085192
1643.057110369210000	 0.043231968624111
1643.290068984030000	 0.043011136956978
1643.523027598860000	 0.042817751511388
1643.755986213680000	 0.042661778399749
1643.988944828510000	 0.042569217399341
1644.221903443340000	 0.042577539904188
1644.454862058160000	 0.042722300006793
1644.687820672990000	 0.043019838935938
1644.920779287820000	 0.043452429876799
1645.153737902640000	 0.043960526328543
1645.386696517470000	 0.044444821304320
1645.619655132290000	 0.044780788726675
1645.852613747120000	 0.044848440466328
1646.085572361950000	 0.044574622488246
1646.318530976770000	 0.043971554918341
1646.551489591600000	 0.043144264935931
1646.784448206420000	 0.042251608153629
1647.017406821250000	 0.041439934093633
1647.250365436080000	 0.040789758000190
1647.483324050900000	 0.040300641048807
1647.716282665730000	 0.039910194040650
1647.949241280560000	 0.039529627751753
1648.182199895380000	 0.039081277940411
1648.415158510210000	 0.038528635236295
1648.648117125030000	 0.037890692881626
1648.881075739860000	 0.037234898042733
1649.114034354690000	 0.036651436630007
1649.346992969510000	 0.036221542761101
1649.579951584340000	 0.035994736218693
1649.812910199170000	 0.035982536669453
1650.045868813990000	 0.036166764776653
1650.278827428820000	 0.036515749233546
1650.511786043640000	 0.037001599667467
1650.744744658470000	 0.037612982475551
1650.977703273300000	 0.038359104403471
1651.210661888120000	 0.039262638916104
1651.443620502950000	 0.040342473130726
1651.676579117770000	 0.041589782300153
1651.909537732600000	 0.042941451882496
1652.142496347430000	 0.044255106856413
1652.375454962250000	 0.045295687958440
1652.608413577080000	 0.045758520169737
1652.841372191910000	 0.045364705630001
1653.074330806730000	 0.044026167801983
1653.307289421560000	 0.041967922733342
1653.540248036380000	 0.039650239048205
1653.773206651210000	 0.037518132579739
1654.006165266040000	 0.035805310115326
1654.239123880860000	 0.034525097489389
1654.472082495690000	 0.033575681414957
1654.705041110520000	 0.032844358102711
1654.937999725340000	 0.032262160035642
1655.170958340170000	 0.031811655440208
1655.403916954990000	 0.031506634068065
1655.636875569820000	 0.031363252038464
1655.869834184650000	 0.031377854553122
1656.102792799470000	 0.031519051355586
1656.335751414300000	 0.031733683720294
1656.568710029130000	 0.031961398008859
1656.801668643950000	 0.032151147339819
1657.034627258780000	 0.032273581890157
1657.267585873600000	 0.032325046525299
1657.500544488430000	 0.032322040677285
1657.733503103260000	 0.032289209858727
1657.966461718080000	 0.032247115313745
1658.199420332910000	 0.032205726017483
1658.432378947730000	 0.032165736361375
1658.665337562560000	 0.032125114338623
1658.898296177390000	 0.032085749798728
1659.131254792210000	 0.032055883111384
1659.364213407040000	 0.032047245144003
1659.597172021870000	 0.032069405354534
1659.830130636690000	 0.032125538088410
1660.063089251520000	 0.032212711968066
1660.296047866340000	 0.032326712818057
1660.529006481170000	 0.032468289575941
1660.761965096000000	 0.032646387120241
1660.994923710820000	 0.032875194808439
1661.227882325650000	 0.033165111358676
1661.460840940480000	 0.033511180019834
1661.693799555300000	 0.033884150556777
1661.926758170130000	 0.034228427163122
1662.159716784950000	 0.034468952330125
1662.392675399780000	 0.034527042506039
1662.625634014610000	 0.034343222257737
1662.858592629430000	 0.033901691226138
1663.091551244260000	 0.033246286350327
1663.324509859090000	 0.032476377133325
1663.557468473910000	 0.031719254041815
1663.790427088740000	 0.031090689988486
1664.023385703560000	 0.030663684513671
1664.256344318390000	 0.030457989517525
1664.489302933220000	 0.030448357604869
1664.722261548040000	 0.030581481733396
1664.955220162870000	 0.030793323335741
1665.188178777690000	 0.031023683835357
1665.421137392520000	 0.031227810794399
1665.654096007350000	 0.031384493426856
1665.887054622170000	 0.031498588636930
1666.120013237000000	 0.031596031069574
1666.352971851830000	 0.031712263145468
1666.585930466650000	 0.031878791645200
1666.818889081480000	 0.032113915889134
1667.051847696300000	 0.032421251451883
1667.284806311130000	 0.032795246957328
1667.517764925960000	 0.033229141847581
1667.750723540780000	 0.033719392717658
1667.983682155610000	 0.034262070326454
1668.216640770440000	 0.034840768214654
1668.449599385260000	 0.035410696167727
1668.682558000090000	 0.035887942860775
1668.915516614910000	 0.036155185045565
1669.148475229740000	 0.036093527721043
1669.381433844570000	 0.035639244636979
1669.614392459390000	 0.034840413606029
1669.847351074220000	 0.033868368043187
1670.080309689040000	 0.032957911572938
1670.313268303870000	 0.032308071873581
1670.546226918700000	 0.032008434000776
1670.779185533520000	 0.032025824318458
1671.012144148350000	 0.032237759963233
1671.245102763180000	 0.032483714754488
1671.478061378000000	 0.032616811496392
1671.711019992830000	 0.032548340251550
1671.943978607650000	 0.032275100597406
1672.176937222480000	 0.031875902736819
1672.409895837310000	 0.031473964175481
1672.642854452130000	 0.031184049171527
1672.875813066960000	 0.031074407425093
1673.108771681790000	 0.031160398806117
1673.341730296610000	 0.031423587361938
1673.574688911440000	 0.031837666127416
1673.807647526260000	 0.032384608454335
1674.040606141090000	 0.033053222775810
1674.273564755920000	 0.033821454639331
1674.506523370740000	 0.034630860650860
1674.739481985570000	 0.035366177117709
1674.972440600400000	 0.035855700263001
1675.205399215220000	 0.035908513694782
1675.438357830050000	 0.035393530362100
1675.671316444870000	 0.034330831007430
1675.904275059700000	 0.032926041878738
1676.137233674530000	 0.031496660162262
1676.370192289350000	 0.030331879347695
1676.603150904180000	 0.029588475627362
1676.836109519000000	 0.029276432089894
1677.069068133830000	 0.029307062045272
1677.302026748660000	 0.029553477497535
1677.534985363480000	 0.029895959728238
1677.767943978310000	 0.030247526294199
1678.000902593140000	 0.030562797184072
1678.233861207960000	 0.030833402383213
1678.466819822790000	 0.031073763112010
1678.699778437610000	 0.031303543203605
1678.932737052440000	 0.031534075375760
1679.165695667270000	 0.031763149384516
1679.398654282090000	 0.031977458394113
1679.631612896920000	 0.032158527108563
1679.864571511750000	 0.032287988496077
1680.097530126570000	 0.032350702748148
1680.330488741400000	 0.032337131409957
1680.563447356220000	 0.032247384947173
1680.796405971050000	 0.032097464025266
1681.029364585880000	 0.031924678997685
1681.262323200700000	 0.031787247572864
1681.495281815530000	 0.031755132593374
1681.728240430360000	 0.031894258320733
1681.961199045180000	 0.032250278257941
1682.194157660010000	 0.032837930200459
1682.427116274830000	 0.033638414958133
1682.660074889660000	 0.034603344862850
1682.893033504490000	 0.035661890286300
1683.125992119310000	 0.036727801152651
1683.358950734140000	 0.037703950150451
1683.591909348960000	 0.038483574275266
1683.824867963790000	 0.038950214751201
1684.057826578620000	 0.038982787070247
1684.290785193440000	 0.038475575973241
1684.523743808270000	 0.037378814627971
1684.756702423100000	 0.035748601000277
1684.989661037920000	 0.033772625646839
1685.222619652750000	 0.031736577713335
1685.455578267570000	 0.029934440531406
1685.688536882400000	 0.028574553634436
1685.921495497230000	 0.027736155871264
1686.154454112050000	 0.027386083256360
1686.387412726880000	 0.027426029280200
1686.620371341710000	 0.027737877703693
1686.853329956530000	 0.028212110343320
1687.086288571360000	 0.028759198189817
1687.319247186180000	 0.029309731785446
1687.552205801010000	 0.029809518266937
1687.785164415840000	 0.030214821874916
1688.018123030660000	 0.030491406227471
1688.251081645490000	 0.030618542270691
1688.484040260310000	 0.030595672597328
1688.716998875140000	 0.030446563692750
1688.949957489970000	 0.030215862378668
1689.182916104790000	 0.029956815095668
1689.415874719620000	 0.029714390798666
1689.648833334450000	 0.029511410935786
1689.881791949270000	 0.029344223464073
1690.114750564100000	 0.029189847690339
1690.347709178920000	 0.029021191455287
1690.580667793750000	 0.028823347737433
1690.813626408580000	 0.028603374314732
1691.046585023400000	 0.028388828587029
1691.279543638230000	 0.028215967022183
1691.512502253060000	 0.028114090959339
1691.745460867880000	 0.028094276482903
1691.978419482710000	 0.028147455107535
1692.211378097530000	 0.028251262549004
1692.444336712360000	 0.028381133136368
1692.677295327190000	 0.028520454496089
1692.910253942010000	 0.028666404513268
1693.143212556840000	 0.028830790368386
1693.376171171670000	 0.029037464129011
1693.609129786490000	 0.029318689344355
1693.842088401320000	 0.029711770395325
1694.075047016140000	 0.030255079315589
1694.308005630970000	 0.030980963422125
1694.540964245800000	 0.031903131984077
1694.773922860620000	 0.032997943711050
1695.006881475450000	 0.034181926358021
1695.239840090270000	 0.035292396060971
1695.472798705100000	 0.036086224601248
1695.705757319930000	 0.036282300947918
1695.938715934750000	 0.035669760055008
1696.171674549580000	 0.034255083358848
1696.404633164410000	 0.032337168206877
1696.637591779230000	 0.030400690854266
1696.870550394060000	 0.028883016625787
1697.103509008880000	 0.028003419875573
1697.336467623710000	 0.027753297279011
1697.569426238540000	 0.027987887637867
1697.802384853360000	 0.028526417093951
1698.035343468190000	 0.029219375023561
1698.268302083020000	 0.029981862620135
1698.501260697840000	 0.030799938869069
1698.734219312670000	 0.031713055295716
1698.967177927490000	 0.032776142487756
1699.200136542320000	 0.034010614487086
1699.433095157150000	 0.035356684966234
1699.666053771970000	 0.036637230754967
1699.899012386800000	 0.037546122250693
1700.131971001630000	 0.037693077260110
1700.364929616450000	 0.036753463998738
1700.597888231280000	 0.034707991893170
1700.830846846100000	 0.031983110704960
1701.063805460930000	 0.029269327062897
1701.296764075760000	 0.027135175278768
1701.529722690580000	 0.025804489714263
1701.762681305410000	 0.025212161711089
1701.995639920230000	 0.025166891892455
1702.228598535060000	 0.025471504045510
1702.461557149890000	 0.025973729544253
1702.694515764710000	 0.026573044281377
1702.927474379540000	 0.027208113809942
1703.160432994370000	 0.027838422791408
1703.393391609190000	 0.028427475324295
1703.626350224020000	 0.028932694327178
1703.859308838840000	 0.029305620824804
1704.092267453670000	 0.029503362892058
1704.325226068500000	 0.029507716499388
1704.558184683320000	 0.029342637338731
1704.791143298150000	 0.029077589725641
1705.024101912980000	 0.028809373993042
1705.257060527800000	 0.028628179339452
1705.490019142630000	 0.028584467423583
1705.722977757450000	 0.028671840131758
1705.955936372280000	 0.028830465953812
1706.188894987110000	 0.028966914990316
1706.421853601930000	 0.028983807686335
1706.654812216760000	 0.028812260826627
1706.887770831580000	 0.028437706973433
1707.120729446410000	 0.027907940305323
1707.353688061240000	 0.027317434077665
1707.586646676060000	 0.026774232752738
1707.819605290890000	 0.026365555730900
1708.052563905720000	 0.026136871309020
1708.285522520540000	 0.026089161211664
1708.518481135370000	 0.026189806308218
1708.751439750190000	 0.026389212786871
1708.984398365020000	 0.026636537827493
1709.217356979850000	 0.026890414403060
1709.450315594670000	 0.027122918077981
1709.683274209500000	 0.027317259351288
1709.916232824330000	 0.027461930930668
1710.149191439150000	 0.027545542044573
1710.382150053980000	 0.027556180047269
1710.615108668800000	 0.027486485655684
1710.848067283630000	 0.027341872151883
1711.081025898460000	 0.027146680931294
1711.313984513280000	 0.026943419162822
1711.546943128110000	 0.026783704320552
1711.779901742940000	 0.026714172887648
1712.012860357760000	 0.026763515738447
1712.245818972590000	 0.026936278495269
1712.478777587410000	 0.027215740509449
1712.711736202240000	 0.027574152371529
1712.944694817070000	 0.027985663276656
1713.177653431890000	 0.028436152347993
1713.410612046720000	 0.028925104398484
1713.643570661540000	 0.029457711199008
1713.876529276370000	 0.030029872615532
1714.109487891200000	 0.030612819440795
1714.342446506020000	 0.031145603230750
1714.575405120850000	 0.031542107933178
1714.808363735680000	 0.031715094806710
1715.041322350500000	 0.031612879086561
1715.274280965330000	 0.031254519616650
1715.507239580150000	 0.030742296855036
1715.740198194980000	 0.030236881611903
1715.973156809810000	 0.029903273433055
1716.206115424630000	 0.029855669095304
1716.439074039460000	 0.030126295278022
1716.672032654290000	 0.030662589814679
1716.904991269110000	 0.031341873011049
1717.137949883940000	 0.031993543245056
1717.370908498760000	 0.032428459211669
1717.603867113590000	 0.032480809516380
1717.836825728420000	 0.032060332976163
1718.069784343240000	 0.031193719811480
1718.302742958070000	 0.030023312589380
1718.535701572900000	 0.028752680177361
1718.768660187720000	 0.027569984723765
1719.001618802550000	 0.026595295438196
1719.234577417370000	 0.025871811485265
1719.467536032200000	 0.025387860925420
1719.700494647030000	 0.025106173439253
1719.933453261850000	 0.024985218157870
1720.166411876680000	 0.024988707133856
1720.399370491500000	 0.025086094223749
1720.632329106330000	 0.025249037132474
1720.865287721160000	 0.025448299011008
1721.098246335980000	 0.025653895311442
1721.331204950810000	 0.025839133890594
1721.564163565640000	 0.025986903076160
1721.797122180460000	 0.026094750119761
1722.030080795290000	 0.026175054638501
1722.263039410110000	 0.026248685161914
1722.495998024940000	 0.026334098314306
1722.728956639770000	 0.026436649266308
1722.961915254590000	 0.026543162423886
1723.194873869420000	 0.026624663978996
1723.427832484250000	 0.026646869080674
1723.660791099070000	 0.026584685526987
1723.893749713900000	 0.026434646601829
1724.126708328720000	 0.026219223169035
1724.359666943550000	 0.025980358296491
1724.592625558380000	 0.025765021875157
1724.825584173200000	 0.025609624900573
1725.058542788030000	 0.025530077791317
1725.291501402850000	 0.025520687537221
1725.524460017680000	 0.025560753066752
1725.757418632510000	 0.025624921437583
1725.990377247330000	 0.025692719397474
1726.223335862160000	 0.025753784857278
1726.456294476990000	 0.025807572035336
1726.689253091810000	 0.025858887789807
1726.922211706640000	 0.025912452780108
1727.155170321460000	 0.025969836053993
1727.388128936290000	 0.026030480269570
1727.621087551120000	 0.026096017680594
1727.854046165940000	 0.026175033427384
1728.087004780770000	 0.026284911308777
1728.319963395600000	 0.026448652231172
1728.552922010420000	 0.026686948933854
1728.785880625250000	 0.027008095255113
1729.018839240070000	 0.027399378151809
1729.251797854900000	 0.027823193875689
1729.484756469730000	 0.028219940543584
1729.717715084550000	 0.028518539148010
1729.950673699380000	 0.028654058568455
1730.183632314210000	 0.028589354605530
1730.416590929030000	 0.028333755207729
1730.649549543860000	 0.027949391856592
1730.882508158680000	 0.027539157199842
1731.115466773510000	 0.027219722787945
1731.348425388340000	 0.027091574326756
1731.581384003160000	 0.027218094313384
1731.814342617990000	 0.027618277166220
1732.047301232810000	 0.028270152763186
1732.280259847640000	 0.029119385719494
1732.513218462470000	 0.030088931418081
1732.746177077290000	 0.031087884023958
1732.979135692120000	 0.032018885937050
1733.212094306950000	 0.032783839501239
1733.445052921770000	 0.033288354674418
1733.678011536600000	 0.033447205100184
1733.910970151420000	 0.033195123778265
1734.143928766250000	 0.032506247138589
1734.376887381080000	 0.031417997770611
1734.609845995900000	 0.030044093710496
1734.842804610730000	 0.028559440574344
1735.075763225560000	 0.027156451091234
1735.308721840380000	 0.025994721501889
1735.541680455210000	 0.025169558381077
1735.774639070030000	 0.024707681989430
1736.007597684860000	 0.024581218267344
1736.240556299690000	 0.024727106281288
1736.473514914510000	 0.025064251632625
1736.706473529340000	 0.025506759750950
1736.939432144170000	 0.025974705162219
1737.172390758990000	 0.026404243931922
1737.405349373820000	 0.026757378763866
1737.638307988640000	 0.027029223419352
1737.871266603470000	 0.027248653749265
1738.104225218300000	 0.027468856375369
1738.337183833120000	 0.027748319016680
1738.570142447950000	 0.028127825987167
1738.803101062770000	 0.028610997414229
1739.036059677600000	 0.029153810482720
1739.269018292430000	 0.029665646512546
1739.501976907250000	 0.030023948965940
1739.734935522080000	 0.030105024364962
1739.967894136910000	 0.029828876572711
1740.200852751730000	 0.029202825888137
1740.433811366560000	 0.028336672845379
1740.666769981380000	 0.027411229175035
1740.899728596210000	 0.026614157279161
1741.132687211040000	 0.026081033886179
1741.365645825860000	 0.025869647920370
1741.598604440690000	 0.025967399396035
1741.831563055520000	 0.026314942124787
1742.064521670340000	 0.026830529706220
1742.297480285170000	 0.027427779598545
1742.530438899990000	 0.028025856010041
1742.763397514820000	 0.028553974010572
1742.996356129650000	 0.028953263059129
1743.229314744470000	 0.029179283596663
1743.462273359300000	 0.029207386276683
1743.695231974120000	 0.029040156426013
1743.928190588950000	 0.028712634530482
1744.161149203780000	 0.028289827562626
1744.394107818600000	 0.027854213211169
1744.627066433430000	 0.027486620502735
1744.860025048260000	 0.027247597089200
1745.092983663080000	 0.027165674329442
1745.325942277910000	 0.027235317117482
1745.558900892730000	 0.027423711688586
1745.791859507560000	 0.027683308437313
1746.024818122390000	 0.027966019304621
1746.257776737210000	 0.028234882822995
1746.490735352040000	 0.028470068071403
1746.723693966870000	 0.028668314911413
1746.956652581690000	 0.028837441063036
1747.189611196520000	 0.028989044739369
1747.422569811340000	 0.029132270653955
1747.655528426170000	 0.029269966932466
1747.888487041000000	 0.029397007598680
1748.121445655820000	 0.029500108199462
1748.354404270650000	 0.029559304642668
1748.587362885480000	 0.029552448900080
1748.820321500300000	 0.029464034065683
1749.053280115130000	 0.029297251160778
1749.286238729950000	 0.029084018790511
1749.519197344780000	 0.028885075485056
1749.752155959610000	 0.028775157271936
1749.985114574430000	 0.028816584667603
1750.218073189260000	 0.029031704904510
1750.451031804080000	 0.029384607815668
1750.683990418910000	 0.029777612783209
1750.916949033740000	 0.030065157938938
1751.149907648560000	 0.030088546536758
1751.382866263390000	 0.029731959148731
1751.615824878220000	 0.028983988761903
1751.848783493040000	 0.027966851515623
1752.081742107870000	 0.026899131120072
1752.314700722690000	 0.026004856568957
1752.547659337520000	 0.025427631363759
1752.780617952350000	 0.025198026593762
1753.013576567170000	 0.025254235454800
1753.246535182000000	 0.025486762885198
1753.479493796830000	 0.025781723927245
1753.712452411650000	 0.026051633523011
1753.945411026480000	 0.026251082926362
1754.178369641300000	 0.026377500154011
1754.411328256130000	 0.026459507353497
1754.644286870960000	 0.026538883795083
1754.877245485780000	 0.026654145893407
1755.110204100610000	 0.026831509425477
1755.343162715440000	 0.027083509625536
1755.576121330260000	 0.027410819144068
1755.809079945090000	 0.027802008218929
1756.042038559910000	 0.028229210136495
1756.274997174740000	 0.028642554786375
1756.507955789570000	 0.028969944316648
1756.740914404390000	 0.029128951795118
1756.973873019220000	 0.029052738231817
1757.206831634040000	 0.028722124918420
1757.439790248870000	 0.028186360566032
1757.672748863700000	 0.027555623613540
1757.905707478520000	 0.026963989998245
1758.138666093350000	 0.026521623726821
1758.371624708180000	 0.026281007645941
1758.604583323000000	 0.026230342283296
1758.837541937830000	 0.026311233890000
1759.070500552650000	 0.026449394246411
1759.303459167480000	 0.026586275782041
1759.536417782310000	 0.026701289525017
1759.769376397130000	 0.026816909328649
1760.002335011960000	 0.026984469921679
1760.235293626790000	 0.027256731540507
1760.468252241610000	 0.027659508872154
1760.701210856440000	 0.028173933987597
1760.934169471260000	 0.028734330355007
1761.167128086090000	 0.029240135001478
1761.400086700920000	 0.029577869291847
1761.633045315740000	 0.029649530907541
1761.866003930570000	 0.029402811051457
1762.098962545390000	 0.028854256396468
1762.331921160220000	 0.028092944898636
1762.564879775050000	 0.027257366272860
1762.797838389870000	 0.026493175440923
1763.030797004700000	 0.025912018093969
1763.263755619530000	 0.025568894795222
1763.496714234350000	 0.025461422698230
1763.729672849180000	 0.025543315028580
1763.962631464000000	 0.025743127993533
1764.195590078830000	 0.025983407528475
1764.428548693660000	 0.026198426374179
1764.661507308480000	 0.026348490674898
1764.894465923310000	 0.026427105363226
1765.127424538140000	 0.026457474712583
1765.360383152960000	 0.026478695820836
1765.593341767790000	 0.026527598096993
1765.826300382610000	 0.026625030955344
1766.059258997440000	 0.026772912072718
1766.292217612270000	 0.026962158995239
1766.525176227090000	 0.027185609649624
1766.758134841920000	 0.027447309669319
1766.991093456750000	 0.027761361283868
1767.224052071570000	 0.028139108386462
1767.457010686400000	 0.028570043296174
1767.689969301220000	 0.029006278729606
1767.922927916050000	 0.029361198191972
1768.155886530880000	 0.029529749578420
1768.388845145700000	 0.029429512395585
1768.621803760530000	 0.029047389745477
1768.854762375350000	 0.028464093023609
1769.087720990180000	 0.027834213765101
1769.320679605010000	 0.027328533244589
1769.553638219830000	 0.027072572455084
1769.786596834660000	 0.027113349093973
1770.019555449490000	 0.027421530005850
1770.252514064310000	 0.027916313968949
1770.485472679140000	 0.028497329952907
1770.718431293960000	 0.029073498743037
1770.951389908790000	 0.029583259975056
1771.184348523620000	 0.030001791305942
1771.417307138440000	 0.030332517455398
1771.650265753270000	 0.030585633184309
1771.883224368100000	 0.030753797574616
1772.116182982920000	 0.030798685905728
1772.349141597750000	 0.030657930680112
1772.582100212570000	 0.030272232771225
1772.815058827400000	 0.029621762643800
1773.048017442230000	 0.028753465597901
1773.280976057050000	 0.027781559167976
1773.513934671880000	 0.026856583455941
1773.746893286700000	 0.026117997857335
1773.979851901530000	 0.025655057189119
1774.212810516360000	 0.025491632272352
1774.445769131180000	 0.025593309097007
1774.678727746010000	 0.025885376265288
1774.911686360840000	 0.026271991833467
1775.144644975660000	 0.026653261340859
1775.377603590490000	 0.026941354807711
1775.610562205310000	 0.027076612046569
1775.843520820140000	 0.027040868783083
1776.076479434970000	 0.026861640867692
1776.309438049790000	 0.026601967858675
1776.542396664620000	 0.026337863525602
1776.775355279450000	 0.026133164975934
1777.008313894270000	 0.026022975550990
1777.241272509100000	 0.026010964169708
1777.474231123920000	 0.026078146323020
1777.707189738750000	 0.026196588248747
1777.940148353580000	 0.026341478916844
1778.173106968400000	 0.026497458572772
1778.406065583230000	 0.026658381114837
1778.639024198060000	 0.026822712764236
1778.871982812880000	 0.026988412010903
1779.104941427710000	 0.027150584565770
1779.337900042530000	 0.027302760961034
1779.570858657360000	 0.027439829069880
1779.803817272190000	 0.027559334160137
1780.036775887010000	 0.027659011772418
1780.269734501840000	 0.027731425999648
1780.502693116660000	 0.027759553408046
1780.735651731490000	 0.027718025790215
1780.968610346320000	 0.027582411355542
1781.201568961140000	 0.027343901853584
1781.434527575970000	 0.027021716269824
1781.667486190800000	 0.026664543882819
1781.900444805620000	 0.026337765161022
1782.133403420450000	 0.026101893908815
1782.366362035270000	 0.025992895761233
1782.599320650100000	 0.026013181863318
1782.832279264930000	 0.026135857792316
1783.065237879750000	 0.026318919429254
1783.298196494580000	 0.026522651009966
1783.531155109410000	 0.026722519629285
1783.764113724230000	 0.026911672287592
1783.997072339060000	 0.027092053857106
1784.230030953880000	 0.027259433948918
1784.462989568710000	 0.027391595909084
1784.695948183540000	 0.027448070581311
1784.928906798360000	 0.027384439211899
1785.161865413190000	 0.027176313827593
1785.394824028020000	 0.026840534171641
1785.627782642840000	 0.026439091434902
1785.860741257670000	 0.026059674184158
1786.093699872490000	 0.025782027046764
1786.326658487320000	 0.025648844063501
1786.559617102150000	 0.025655456536815
1786.792575716970000	 0.025759969663492
1787.025534331800000	 0.025905732666780
1787.258492946620000	 0.026045125364718
1787.491451561450000	 0.026155300654685
1787.724410176280000	 0.026240582734242
1787.957368791100000	 0.026322181695844
1788.190327405930000	 0.026422045575526
1788.423286020760000	 0.026550423264393
1788.656244635580000	 0.026703816207013
1788.889203250410000	 0.026873205024968
1789.122161865230000	 0.027056036119012
1789.355120480060000	 0.027263152121431
1789.588079094890000	 0.027514987513536
1789.821037709710000	 0.027828205161368
1790.053996324540000	 0.028200266571382
1790.286954939370000	 0.028601267371589
1790.519913554190000	 0.028979098814772
1790.752872169020000	 0.029277765801976
1790.985830783840000	 0.029461779083315
1791.218789398670000	 0.029534192953808
1791.451748013500000	 0.029536019030566
1791.684706628320000	 0.029523647008581
1791.917665243150000	 0.029534688294171
1792.150623857980000	 0.029560909444226
1792.383582472800000	 0.029543629657733
1792.616541087630000	 0.029396328140976
1792.849499702450000	 0.029047488960809
1793.082458317280000	 0.028485442545213
1793.315416932110000	 0.027779728125602
1793.548375546930000	 0.027061375433972
1793.781334161760000	 0.026470733649173
1794.014292776580000	 0.026104857624844
1794.247251391410000	 0.025992719212202
1794.480210006240000	 0.026102361215375
1794.713168621060000	 0.026365707118381
1794.946127235890000	 0.026705079195409
1795.179085850720000	 0.027052541663744
1795.412044465540000	 0.027359592601493
1795.645003080370000	 0.027598159697932
1795.877961695190000	 0.027755830797955
1796.110920310020000	 0.027829600959618
1796.343878924850000	 0.027822261459808
1796.576837539670000	 0.027743135103480
1796.809796154500000	 0.027611325799436
1797.042754769330000	 0.027457477413035
1797.275713384150000	 0.027320832257821
1797.508671998980000	 0.027241501853636
1797.741630613800000	 0.027250995913865
1797.974589228630000	 0.027365017764699
1798.207547843460000	 0.027580899138698
1798.440506458280000	 0.027879304527756
1798.673465073110000	 0.028228019503806
1798.906423687930000	 0.028585787586266
1799.139382302760000	 0.028905853272267
1799.372340917590000	 0.029140723706079
1799.605299532410000	 0.029250101260712
1799.838258147240000	 0.029212009960607
1800.071216762070000	 0.029033471604892
1800.304175376890000	 0.028754329905474
1800.537133991720000	 0.028439144142681
1800.770092606540000	 0.028157936148495
1801.003051221370000	 0.027963178439107
1801.236009836200000	 0.027872828663919
1801.468968451020000	 0.027866154744403
1801.701927065850000	 0.027893446704760
1801.934885680680000	 0.027895794714712
1802.167844295500000	 0.027827971072059
1802.400802910330000	 0.027675926161046
1802.633761525150000	 0.027461367532134
1802.866720139980000	 0.027230844225968
1803.099678754810000	 0.027034627193637
1803.332637369630000	 0.026906420302325
1803.565595984460000	 0.026853783746282
1803.798554599290000	 0.026861994344391
1804.031513214110000	 0.026906547294241
1804.264471828940000	 0.026966243469842
1804.497430443760000	 0.027030339998259
1804.730389058590000	 0.027097537152044
1804.963347673420000	 0.027169223233193
1805.196306288240000	 0.027242332848766
1805.429264903070000	 0.027307005116131
1805.662223517890000	 0.027351004485013
1805.895182132720000	 0.027368376293044
1806.128140747550000	 0.027366696145342
1806.361099362370000	 0.027367508030704
1806.594057977200000	 0.027398224274654
1806.827016592030000	 0.027478842628769
1807.059975206850000	 0.027610240313889
1807.292933821680000	 0.027770460228780
1807.525892436500000	 0.027921629518387
1807.758851051330000	 0.028025082548368
1807.991809666160000	 0.028058244435947
1808.224768280980000	 0.028025538756573
1808.457726895810000	 0.027957882796558
1808.690685510640000	 0.027900694739906
1808.923644125460000	 0.027896102268270
1809.156602740290000	 0.027967591398428
1809.389561355110000	 0.028113111523688
1809.622519969940000	 0.028307677427123
1809.855478584770000	 0.028512337779407
1810.088437199590000	 0.028685029187499
1810.321395814420000	 0.028789917968793
1810.554354429250000	 0.028803797168522
1810.787313044070000	 0.028719592607049
1811.020271658900000	 0.028547421718602
1811.253230273720000	 0.028313149538408
1811.486188888550000	 0.028053866103284
1811.719147503380000	 0.027810099748427
1811.952106118200000	 0.027616020376354
1812.185064733030000	 0.027490459997553
1812.418023347850000	 0.027432080124296
1812.650981962680000	 0.027420951773035
1812.883940577510000	 0.027426597688714
1813.116899192330000	 0.027420001730206
1813.349857807160000	 0.027385101620983
1813.582816421990000	 0.027324820628338
1813.815775036810000	 0.027258562447747
1814.048733651640000	 0.027212018408695
1814.281692266460000	 0.027204184473930
1814.514650881290000	 0.027238095666939
1814.747609496120000	 0.027299843007989
1814.980568110940000	 0.027366157530874
1815.213526725770000	 0.027416608397788
1815.446485340600000	 0.027444229149614
1815.679443955420000	 0.027459110845587
1815.912402570250000	 0.027483015949449
1816.145361185070000	 0.027537785685339
1816.378319799900000	 0.027633586602280
1816.611278414730000	 0.027762882167008
1816.844237029550000	 0.027902727537530
1817.077195644380000	 0.028023761885420
1817.310154259200000	 0.028101332855123
1817.543112874030000	 0.028123619475247
1817.776071488860000	 0.028093459757187
1818.009030103680000	 0.028024008052820
1818.241988718510000	 0.027931585164973
1818.474947333340000	 0.027830130177046
1818.707905948160000	 0.027729830331769
1818.940864562990000	 0.027639222957487
1819.173823177810000	 0.027567725247964
1819.406781792640000	 0.027525623174201
1819.639740407470000	 0.027520743694575
1819.872699022290000	 0.027553757114136
1820.105657637120000	 0.027615498048694
1820.338616251950000	 0.027688885014190
1820.571574866770000	 0.027755401983456
1820.804533481600000	 0.027803229400792
1821.037492096420000	 0.027832691554482
1821.270450711250000	 0.027855684610838
1821.503409326080000	 0.027888853356722
1821.736367940900000	 0.027943885610073
1821.969326555730000	 0.028020228912353
1822.202285170560000	 0.028104507460576
1822.435243785380000	 0.028177485588586
1822.668202400210000	 0.028225521283037
1822.901161015030000	 0.028251014989241
1823.134119629860000	 0.028276452653705
1823.367078244690000	 0.028339340593153
1823.600036859510000	 0.028479571480830
1823.832995474340000	 0.028724333302006
1824.065954089160000	 0.029076383351502
1824.298912703990000	 0.029509134929522
1824.531871318820000	 0.029968721522286
1824.764829933640000	 0.030381560252849
1824.997788548470000	 0.030666503290662
1825.230747163300000	 0.030751623176819
1825.463705778120000	 0.030594415363262
1825.696664392950000	 0.030199996693429
1825.929623007770000	 0.029628075006588
1826.162581622600000	 0.028981675989810
1826.395540237430000	 0.028379902987417
1826.628498852250000	 0.027926220506634
1826.861457467080000	 0.027684911172032
1827.094416081910000	 0.027671996464091
1827.327374696730000	 0.027859892693319
1827.560333311560000	 0.028191783690234
1827.793291926380000	 0.028601172864370
1828.026250541210000	 0.029031680432634
1828.259209156040000	 0.029451200077302
1828.492167770860000	 0.029854783242836
1828.725126385690000	 0.030254050825937
1828.958085000510000	 0.030656997510864
1829.191043615340000	 0.031047417842240
1829.424002230170000	 0.031374572055272
1829.656960844990000	 0.031560451244781
1829.889919459820000	 0.031525267237759
1830.122878074650000	 0.031222901393872
1830.355836689470000	 0.030669807242045
1830.588795304300000	 0.029949743541352
1830.821753919120000	 0.029188287043958
1831.054712533950000	 0.028509909428205
1831.287671148780000	 0.028000775367636
1831.520629763600000	 0.027693472046932
1831.753588378430000	 0.027574004633093
1831.986546993260000	 0.027600551379971
1832.219505608080000	 0.027722514693895
1832.452464222910000	 0.027893244721396
1832.685422837730000	 0.028075254930444
1832.918381452560000	 0.028240345154697
1833.151340067390000	 0.028368316430747
1833.384298682210000	 0.028447065864096
1833.617257297040000	 0.028474462334335
1833.850215911870000	 0.028459962721150
1834.083174526690000	 0.028423125390885
1834.316133141520000	 0.028387745020699
1834.549091756340000	 0.028373298642492
1834.782050371170000	 0.028387691604411
1835.015008986000000	 0.028425259868550
1835.247967600820000	 0.028471469642871
1835.480926215650000	 0.028512119162900
1835.713884830470000	 0.028542128832085
1835.946843445300000	 0.028568845432868
1836.179802060130000	 0.028607524457174
1836.412760674950000	 0.028670976015311
1836.645719289780000	 0.028758884250500
1836.878677904610000	 0.028852985662958
1837.111636519430000	 0.028921624172732
1837.344595134260000	 0.028932452796252
1837.577553749080000	 0.028867544129203
1837.810512363910000	 0.028733308578871
1838.043470978740000	 0.028559786160212
1838.276429593560000	 0.028389309148831
1838.509388208390000	 0.028260173047937
1838.742346823220000	 0.028193303831822
1838.975305438040000	 0.028187702643221
1839.208264052870000	 0.028225492396778
1839.441222667690000	 0.028282822995811
1839.674181282520000	 0.028340901903388
1839.907139897350000	 0.028392389380458
1840.140098512170000	 0.028441360250901
1840.373057127000000	 0.028498362490400
1840.606015741830000	 0.028574148795125
1840.838974356650000	 0.028675484635963
1841.071932971480000	 0.028804421774698
1841.304891586300000	 0.028960071034316
1841.537850201130000	 0.029140773316798
1841.770808815960000	 0.029345169090327
1842.003767430780000	 0.029572225070718
1842.236726045610000	 0.029821397966988
1842.469684660430000	 0.030093803080346
1842.702643275260000	 0.030393645206018
1842.935601890090000	 0.030727535539141
1843.168560504910000	 0.031099194059049
1843.401519119740000	 0.031499017931593
1843.634477734570000	 0.031891410601370
1843.867436349390000	 0.032206445452248
1844.100394964220000	 0.032345040443745
1844.333353579040000	 0.032205500105756
1844.566312193870000	 0.031729363955694
1844.799270808700000	 0.030945993306534
1845.032229423520000	 0.029983266232468
1845.265188038350000	 0.029027639228907
1845.498146653180000	 0.028254618381913
1845.731105268000000	 0.027771574704359
1845.964063882830000	 0.027598564996596
1846.197022497650000	 0.027683510049563
1846.429981112480000	 0.027934074670030
1846.662939727310000	 0.028251081966117
1846.895898342130000	 0.028554785145029
1847.128856956960000	 0.028799089145256
1847.361815571780000	 0.028971305102500
1847.594774186610000	 0.029079356348106
1847.827732801440000	 0.029134015644952
1848.060691416260000	 0.029136540795404
1848.293650031090000	 0.029078688349856
1848.526608645920000	 0.028953992367698
1848.759567260740000	 0.028771646199405
1848.992525875570000	 0.028562363633913
1849.225484490390000	 0.028370732364915
1849.458443105220000	 0.028237527482895
1849.691401720050000	 0.028182032772517
1849.924360334870000	 0.028194312491160
1850.157318949700000	 0.028241473973424
1850.390277564530000	 0.028284548667264
1850.623236179350000	 0.028297445847143
1850.856194794180000	 0.028278352940977
1851.089153409000000	 0.028247593741986
1851.322112023830000	 0.028233232308768
1851.555070638660000	 0.028252823651404
1851.788029253480000	 0.028301945653964
1852.020987868310000	 0.028355932251207
1852.253946483140000	 0.028383521323776
1852.486905097960000	 0.028364569114905
1852.719863712790000	 0.028301808515580
1852.952822327610000	 0.028219867634149
1853.185780942440000	 0.028152022244580
1853.418739557270000	 0.028122424920765
1853.651698172090000	 0.028134143909456
1853.884656786920000	 0.028169581549489
1854.117615401740000	 0.028202440106223
1854.350574016570000	 0.028213927212285
1854.583532631400000	 0.028203679671087
1854.816491246220000	 0.028188970129040
1855.049449861050000	 0.028192695596004
1855.282408475880000	 0.028227545839803
1855.515367090700000	 0.028286189054077
1855.748325705530000	 0.028343687768469
1855.981284320350000	 0.028371138501659
1856.214242935180000	 0.028353018068287
1856.447201550010000	 0.028298292316384
1856.680160164830000	 0.028238351942374
1856.913118779660000	 0.028212115149310
1857.146077394490000	 0.028246211782214
1857.379036009310000	 0.028341176360550
1857.611994624140000	 0.028471060449325
1857.844953238960000	 0.028596354585527
1858.077911853790000	 0.028683146151683
1858.310870468620000	 0.028718430980412
1858.543829083440000	 0.028713683034042
1858.776787698270000	 0.028695269925902
1859.009746313100000	 0.028687795615940
1859.242704927920000	 0.028700384289639
1859.475663542750000	 0.028723682537774
1859.708622157570000	 0.028738566916996
1859.941580772400000	 0.028730593141555
1860.174539387230000	 0.028701044850696
1860.407498002050000	 0.028667609470538
1860.640456616880000	 0.028654031840403
1860.873415231700000	 0.028674938498616
1861.106373846530000	 0.028725117594723
1861.339332461360000	 0.028779961987810
1861.572291076180000	 0.028807329093572
1861.805249691010000	 0.028784571000123
1862.038208305840000	 0.028711337884533
1862.271166920660000	 0.028610704870153
1862.504125535490000	 0.028517629356575
1862.737084150310000	 0.028461241356411
1862.970042765140000	 0.028451152739623
1863.203001379970000	 0.028475352968971
1863.435959994790000	 0.028510324875793
1863.668918609620000	 0.028537201268057
1863.901877224450000	 0.028554640638239
1864.134835839270000	 0.028580966756815
1864.367794454100000	 0.028644154929962
1864.600753068920000	 0.028765367774931
1864.833711683750000	 0.028945624563971
1865.066670298580000	 0.029163272792287
1865.299628913400000	 0.029383624812739
1865.532587528230000	 0.029575450419158
1865.765546143050000	 0.029725515364584
1865.998504757880000	 0.029843505916426
1866.231463372710000	 0.029954902220596
1866.464421987530000	 0.030086080942672
1866.697380602360000	 0.030250262043862
1866.930339217190000	 0.030442077143832
1867.163297832010000	 0.030643110195831
1867.396256446840000	 0.030834217548669
1867.629215061660000	 0.031006557966031
1867.862173676490000	 0.031164133503592
1868.095132291320000	 0.031315884858794
1868.328090906140000	 0.031462099958340
1868.561049520970000	 0.031583929948886
1868.794008135800000	 0.031643587026066
1869.026966750620000	 0.031597162771343
1869.259925365450000	 0.031415038769966
1869.492883980270000	 0.031099783795505
1869.725842595100000	 0.030691055790184
1869.958801209930000	 0.030253099182578
1870.191759824750000	 0.029850753264758
1870.424718439580000	 0.029527256613030
1870.657677054410000	 0.029295217833066
1870.890635669230000	 0.029142728011533
1871.123594284060000	 0.029047746431429
1871.356552898880000	 0.028991307812955
1871.589511513710000	 0.028963328209136
1871.822470128540000	 0.028960262952085
1872.055428743360000	 0.028978457311452
1872.288387358190000	 0.029008893944773
1872.521345973010000	 0.029037537618802
1872.754304587840000	 0.029051453766987
1872.987263202670000	 0.029046673791120
1873.220221817490000	 0.029032093236323
1873.453180432320000	 0.029025812817293
1873.686139047150000	 0.029045111242100
1873.919097661970000	 0.029095638945792
1874.152056276800000	 0.029166501433942
1874.385014891620000	 0.029234821498987
1874.617973506450000	 0.029277909878477
1874.850932121280000	 0.029286505669772
1875.083890736100000	 0.029271409095559
1875.316849350930000	 0.029259127561765
1875.549807965760000	 0.029278317988809
1875.782766580580000	 0.029344301821048
1876.015725195410000	 0.029450311818757
1876.248683810230000	 0.029570469276645
1876.481642425060000	 0.029672991754189
1876.714601039890000	 0.029736493113982
1876.947559654710000	 0.029760469547924
1877.180518269540000	 0.029764176370949
1877.413476884370000	 0.029774591046285
1877.646435499190000	 0.029810408616132
1877.879394114020000	 0.029871220702548
1878.112352728840000	 0.029937849633635
1878.345311343670000	 0.029983325002417
1878.578269958500000	 0.029988053298946
1878.811228573320000	 0.029950540758232
1879.044187188150000	 0.029887696026654
1879.277145802970000	 0.029824849338021
1879.510104417800000	 0.029781678563490
1879.743063032630000	 0.029762494670652
1879.976021647450000	 0.029756415490359
1880.208980262280000	 0.029746811100026
1880.441938877110000	 0.029723838918181
1880.674897491930000	 0.029692110353900
1880.907856106760000	 0.029668559752448
1881.140814721580000	 0.029671728630691
1881.373773336410000	 0.029709205256099
1881.606731951240000	 0.029771302218427
1881.839690566060000	 0.029835337936070
1882.072649180890000	 0.029878483927009
1882.305607795720000	 0.029891847066498
1882.538566410540000	 0.029887269786790
1882.771525025370000	 0.029892128357614
1883.004483640190000	 0.029934359362464
1883.237442255020000	 0.030025989507455
1883.470400869850000	 0.030154669663044
1883.703359484670000	 0.030288275182703
1883.936318099500000	 0.030390318572266
1884.169276714320000	 0.030437921274541
1884.402235329150000	 0.030432541515044
1884.635193943980000	 0.030397480604385
1884.868152558800000	 0.030363644578065
1885.101111173630000	 0.030351956945990
1885.334069788460000	 0.030362801059928
1885.567028403280000	 0.030378534393345
1885.799987018110000	 0.030377227419534
1886.032945632930000	 0.030349120469989
1886.265904247760000	 0.030305653074831
1886.498862862590000	 0.030275295305794
1886.731821477410000	 0.030288426041339
1886.964780092240000	 0.030360328117379
1887.197738707070000	 0.030482653947660
1887.430697321890000	 0.030628712604338
1887.663655936720000	 0.030769789612780
1887.896614551540000	 0.030893038016115
1888.129573166370000	 0.031009910746879
1888.362531781200000	 0.031148899608873
1888.595490396020000	 0.031335322401145
1888.828449010850000	 0.031568855624945
1889.061407625680000	 0.031811603713827
1889.294366240500000	 0.031994858660833
1889.527324855330000	 0.032044080853149
1889.760283470150000	 0.031912378540389
1889.993242084980000	 0.031606221811176
1890.226200699810000	 0.031188022282930
1890.459159314630000	 0.030751750382392
1890.692117929460000	 0.030384506170717
1890.925076544280000	 0.030135672726705
1891.158035159110000	 0.030008512875874
1891.390993773940000	 0.029973810860396
1891.623952388760000	 0.029993789362312
1891.856911003590000	 0.030042400059201
1892.089869618420000	 0.030112925753255
1892.322828233240000	 0.030211627116374
1892.555786848070000	 0.030343611300497
1892.788745462890000	 0.030500984385799
1893.021704077720000	 0.030661407246341
1893.254662692550000	 0.030798297360759
1893.487621307370000	 0.030896266998063
1893.720579922200000	 0.030961647158149
1893.953538537030000	 0.031020429029453
1894.186497151850000	 0.031103384858464
1894.419455766680000	 0.031226167285424
1894.652414381500000	 0.031375814567902
1894.885372996330000	 0.031512022402893
1895.118331611160000	 0.031583722257453
1895.351290225980000	 0.031553265388646
1895.584248840810000	 0.031415902624144
1895.817207455630000	 0.031203843334140
1896.050166070460000	 0.030972117348708
1896.283124685290000	 0.030773905542416
1896.516083300110000	 0.030639104881153
1896.749041914940000	 0.030567192388000
1896.982000529770000	 0.030536240639877
1897.214959144590000	 0.030520866105385
1897.447917759420000	 0.030508080877997
1897.680876374240000	 0.030502450493086
1897.913834989070000	 0.030518653443186
1898.146793603900000	 0.030566971997877
1898.379752218720000	 0.030641376447333
1898.612710833550000	 0.030718156830070
1898.845669448380000	 0.030766514909232
1899.078628063200000	 0.030765217121440
1899.311586678030000	 0.030715628376718
1899.544545292850000	 0.030643270839873
1899.777503907680000	 0.030586497709558
1900.010462522510000	 0.030578308290367
1900.243421137330000	 0.030631247491008
1900.476379752160000	 0.030733286449931
1900.709338366990000	 0.030856050004918
1900.942296981810000	 0.030969909024424
1901.175255596640000	 0.031057158395533
1901.408214211460000	 0.031116299991781
1901.641172826290000	 0.031156166590951
1901.874131441120000	 0.031184903017281
1902.107090055940000	 0.031201765735571
1902.340048670770000	 0.031197414151327
1902.573007285590000	 0.031162425619548
1902.805965900420000	 0.031098058485869
1903.038924515250000	 0.031021382508617
1903.271883130070000	 0.030960076025367
1903.504841744900000	 0.030938755650587
1903.737800359730000	 0.030964622385976
1903.970758974550000	 0.031021463056816
1904.203717589380000	 0.031076585980949
1904.436676204200000	 0.031097811439741
1904.669634819030000	 0.031071568582692
1904.902593433860000	 0.031011867290435
1905.135552048680000	 0.030954413397066
1905.368510663510000	 0.030938427646498
1905.601469278340000	 0.030986131587040
1905.834427893160000	 0.031091522507883
1906.067386507990000	 0.031224690721374
1906.300345122810000	 0.031348968385461
1906.533303737640000	 0.031441008871776
1906.766262352470000	 0.031502303082628
1906.999220967290000	 0.031555442061747
1907.232179582120000	 0.031627271998213
1907.465138196950000	 0.031729059971426
1907.698096811770000	 0.031845928202175
1907.931055426600000	 0.031942608165816
1908.164014041420000	 0.031983101660640
1908.396972656250000	 0.031953447235686
1908.629931271080000	 0.031874050505285
1908.862889885900000	 0.031792989841316
1909.095848500730000	 0.031762437953911
1909.328807115550000	 0.031810653959276
1909.561765730380000	 0.031925034986569
1909.794724345210000	 0.032055611375219
1910.027682960030000	 0.032137500063592
1910.260641574860000	 0.032121342941295
1910.493600189690000	 0.031996646815223
1910.726558804510000	 0.031796001700699
1910.959517419340000	 0.031578000820400
1911.192476034160000	 0.031398751077678
1911.425434648990000	 0.031288227444731
1911.658393263820000	 0.031243641419612
1911.891351878640000	 0.031240865332401
1912.124310493470000	 0.031254781079140
1912.357269108300000	 0.031275735623708
1912.590227723120000	 0.031312786086229
1912.823186337950000	 0.031382684343669
1913.056144952770000	 0.031492311337728
1913.289103567600000	 0.031626467353285
1913.522062182430000	 0.031749704558756
1913.755020797250000	 0.031822237174252
1913.987979412080000	 0.031821315549593
1914.220938026910000	 0.031755733690839
1914.453896641730000	 0.031664360319106
1914.686855256560000	 0.031598376297572
1914.919813871380000	 0.031596615499452
1915.152772486210000	 0.031667906705533
1915.385731101040000	 0.031790337926321
1915.618689715860000	 0.031927493235801
1915.851648330690000	 0.032052142929289
1916.084606945510000	 0.032163759302476
1916.317565560340000	 0.032289457840995
1916.550524175170000	 0.032467081293413
1916.783482789990000	 0.032719444549193
1917.016441404820000	 0.033033966322526
1917.249400019650000	 0.033358775430260
1917.482358634470000	 0.033617617240062
1917.715317249300000	 0.033737179941872
1917.948275864120000	 0.033675341616321
1918.181234478950000	 0.033437985144890
1918.414193093780000	 0.033076053648662
1918.647151708600000	 0.032663910624805
1918.880110323430000	 0.032270986363120
1919.113068938260000	 0.031942605116236
1919.346027553080000	 0.031698228094358
1919.578986167910000	 0.031542509782515
1919.811944782730000	 0.031477408532832
1920.044903397560000	 0.031506119576230
1920.277862012390000	 0.031627514613967
1920.510820627210000	 0.031826880599346
1920.743779242040000	 0.032071359303594
1920.976737856860000	 0.032315778834185
1921.209696471690000	 0.032518062382290
1921.442655086520000	 0.032656631783627
1921.675613701340000	 0.032739450472651
1921.908572316170000	 0.032797979608934
1922.141530931000000	 0.032867761000521
1922.374489545820000	 0.032965538695341
1922.607448160650000	 0.033075655005127
1922.840406775470000	 0.033154133622288
1923.073365390300000	 0.033149655637823
1923.306324005130000	 0.033031129303378
1923.539282619950000	 0.032806785054315
1923.772241234780000	 0.032523342396024
1924.005199849610000	 0.032245105155924
1924.238158464430000	 0.032025075549248
1924.471117079260000	 0.031884575814628
1924.704075694080000	 0.031811514373736
1924.937034308910000	 0.031775728067516
1925.169992923740000	 0.031750749852778
1925.402951538560000	 0.031729221711168
1925.635910153390000	 0.031723808938413
1925.868868768220000	 0.031754088964741
1926.101827383040000	 0.031828178938227
1926.334785997870000	 0.031931151574233
1926.567744612690000	 0.032028265527041
1926.800703227520000	 0.032081959684261
1927.033661842350000	 0.032072953178386
1927.266620457170000	 0.032012766557659
1927.499579072000000	 0.031939415893248
1927.732537686820000	 0.031897720591526
1927.965496301650000	 0.031915080649398
1928.198454916480000	 0.031986749664803
1928.431413531300000	 0.032079295315065
1928.664372146130000	 0.032150396060174
1928.897330760960000	 0.032173713675063
1929.130289375780000	 0.032154523369302
1929.363247990610000	 0.032126754159510
1929.596206605430000	 0.032132682334960
1929.829165220260000	 0.032196887812229
1930.062123835090000	 0.032309805761458
1930.295082449910000	 0.032430757522558
1930.528041064740000	 0.032509143517764
1930.760999679570000	 0.032512192657430
1930.993958294390000	 0.032443819491005
1931.226916909220000	 0.032343741144510
1931.459875524040000	 0.032266926583825
1931.692834138870000	 0.032254794574356
1931.925792753700000	 0.032314382378894
1932.158751368520000	 0.032416826827433
1932.391709983350000	 0.032515193119499
1932.624668598180000	 0.032570917435262
1932.857627213000000	 0.032573721999986
1933.090585827830000	 0.032543879887269
1933.323544442650000	 0.032516076582239
1933.556503057480000	 0.032515151843014
1933.789461672310000	 0.032538921331835
1934.022420287130000	 0.032558786204441
1934.255378901960000	 0.032537869599419
1934.488337516780000	 0.032455812561020
1934.721296131610000	 0.032325164995321
1934.954254746440000	 0.032188812083983
1935.187213361260000	 0.032098839377812
1935.420171976090000	 0.032088490407318
1935.653130590920000	 0.032153370951742
1935.886089205740000	 0.032252827327121
1936.119047820570000	 0.032330894772934
1936.352006435390000	 0.032345332610707
1936.584965050220000	 0.032288843458441
1936.817923665050000	 0.032190814457979
1937.050882279870000	 0.032098854593331
1937.283840894700000	 0.032051137959076
1937.516799509530000	 0.032055872879909
1937.749758124350000	 0.032089599218690
1937.982716739180000	 0.032114588395322
1938.215675354000000	 0.032104506722170
1938.448633968830000	 0.032062858457581
1938.681592583660000	 0.032022900647389
1938.914551198480000	 0.032028637228364
1939.147509813310000	 0.032108072509571
1939.380468428130000	 0.032254877999045
1939.613427042960000	 0.032429683698838
1939.846385657790000	 0.032580670630666
1940.079344272610000	 0.032672118975278
1940.312302887440000	 0.032704984018998
1940.545261502270000	 0.032717665575425
1940.778220117090000	 0.032766021933515
1941.011178731920000	 0.032893531403718
1941.244137346740000	 0.033108014585823
1941.477095961570000	 0.033376932159107
1941.710054576400000	 0.033642272756969
1941.943013191220000	 0.033845646244592
1942.175971806050000	 0.033949907426052
1942.408930420880000	 0.033946804808870
1942.641889035700000	 0.033848790507268
1942.874847650530000	 0.033672852155067
1943.107806265350000	 0.033429187037734
1943.340764880180000	 0.033123605289791
1943.573723495010000	 0.032771570924064
1943.806682109830000	 0.032411745661454
1944.039640724660000	 0.032105814562906
1944.272599339490000	 0.031920296857256
1944.505557954310000	 0.031898279354666
1944.738516569140000	 0.032036126711263
1944.971475183960000	 0.032278493813190
1945.204433798790000	 0.032536418263066
1945.437392413620000	 0.032722348709373
1945.670351028440000	 0.032786898913481
1945.903309643270000	 0.032739040088476
1946.136268258090000	 0.032637879475165
1946.369226872920000	 0.032559123956929
1946.602185487750000	 0.032554389870170
1946.835144102570000	 0.032625962500627
1947.068102717400000	 0.032730130112190
1947.301061332230000	 0.032805666102266
1947.534019947050000	 0.032810558369679
1947.766978561880000	 0.032746264057352
1947.999937176700000	 0.032656085940372
1948.232895791530000	 0.032599213157273
1948.465854406360000	 0.032616241039641
1948.698813021180000	 0.032706594171952
1948.931771636010000	 0.032830478216415
1949.164730250840000	 0.032933328815420
1949.397688865660000	 0.032978000296187
1949.630647480490000	 0.032965635444254
1949.863606095310000	 0.032932566974262
1950.096564710140000	 0.032924929970072
1950.329523324970000	 0.032966717716170
1950.562481939790000	 0.033041419625024
1950.795440554620000	 0.033099093629214
1951.028399169450000	 0.033085454398547
1951.261357784270000	 0.032976501680985
1951.494316399100000	 0.032798192174453
1951.727275013920000	 0.032618113549205
1951.960233628750000	 0.032512057522017
1952.193192243580000	 0.032523840781166
1952.426150858400000	 0.032641373688473
1952.659109473230000	 0.032802598324291
1952.892068088050000	 0.032928013621481
1953.125026702880000	 0.032962136044115
1953.357985317710000	 0.032901407961169
1953.590943932530000	 0.032793083198788
1953.823902547360000	 0.032705752393704
1954.056861162190000	 0.032688799685080
1954.289819777010000	 0.032744506935307
1954.522778391840000	 0.032828447294794
1954.755737006660000	 0.032877029601890
1954.988695621490000	 0.032845859551251
1955.221654236320000	 0.032736672686895
1955.454612851140000	 0.032596830654081
1955.687571465970000	 0.032491254365947
1955.920530080800000	 0.032463523222535
1956.153488695620000	 0.032509649772706
1956.386447310450000	 0.032580071683148
1956.619405925270000	 0.032608468617987
1956.852364540100000	 0.032550716770955
1957.085323154930000	 0.032411554582513
1957.318281769750000	 0.032243088035419
1957.551240384580000	 0.032115336582278
1957.784198999400000	 0.032075869303616
1958.017157614230000	 0.032122357311096
1958.250116229060000	 0.032204013524236
1958.483074843880000	 0.032250947478156
1958.716033458710000	 0.032214737453259
1958.948992073540000	 0.032097078483165
1959.181950688360000	 0.031949570525680
1959.414909303190000	 0.031844256080190
1959.647867918010000	 0.031832285061369
1959.880826532840000	 0.031915317940824
1960.113785147670000	 0.032046065804101
1960.346743762490000	 0.032156825771113
1960.579702377320000	 0.032198998347098
1960.812660992150000	 0.032170539704069
1961.045619606970000	 0.032115103726906
1961.278578221800000	 0.032093428005721
1961.511536836620000	 0.032144782900513
1961.744495451450000	 0.032262391511803
1961.977454066280000	 0.032397497646999
1962.210412681100000	 0.032489081798346
1962.443371295930000	 0.032501194501628
1962.676329910760000	 0.032445275622739
1962.909288525580000	 0.032373144955597
1963.142247140410000	 0.032344019936003
1963.375205755230000	 0.032385634558043
1963.608164370060000	 0.032473719961455
1963.841122984890000	 0.032542831161768
1964.074081599710000	 0.032522849148198
1964.307040214540000	 0.032380655325577
1964.539998829360000	 0.032142740743559
1964.772957444190000	 0.031884216023963
1965.005916059020000	 0.031689211355763
1965.238874673840000	 0.031605795096275
1965.471833288670000	 0.031622402087222
1965.704791903500000	 0.031679384645138
1965.937750518320000	 0.031708365027479
1966.170709133150000	 0.031676314860208
1966.403667747970000	 0.031608152794534
1966.636626362800000	 0.031572797236259
1966.869584977630000	 0.031638855352388
1967.102543592450000	 0.031825805573959
1967.335502207280000	 0.032080959718370
1967.568460822110000	 0.032297929419775
1967.801419436930000	 0.032368473520482
1968.034378051760000	 0.032240331195015
1968.267336666580000	 0.031948502234071
1968.500295281410000	 0.031600284803872
1968.733253896240000	 0.031320828928713
1968.966212511060000	 0.031190320792534
1969.199171125890000	 0.031208440096866
1969.432129740720000	 0.031303749375567
1969.665088355540000	 0.031379591825091
1969.898046970370000	 0.031369825859403
1970.131005585190000	 0.031274052715680
1970.363964200020000	 0.031153117700932
1970.596922814850000	 0.031087790292008
1970.829881429670000	 0.031125721672164
1971.062840044500000	 0.031249162671893
1971.295798659320000	 0.031382718008939
1971.528757274150000	 0.031436173128011
1971.761715888980000	 0.031357448876857
1971.994674503800000	 0.031164841015415
1972.227633118630000	 0.030938560594581
1972.460591733460000	 0.030775082070651
1972.693550348280000	 0.030731060546236
1972.926508963110000	 0.030790540305393
1973.159467577930000	 0.030874659362667
1973.392426192760000	 0.030887842538286
1973.625384807590000	 0.030774281421409
1973.858343422410000	 0.030552820847890
1974.091302037240000	 0.030309596960304
1974.324260652070000	 0.030151733420172
1974.557219266890000	 0.030149135850817
1974.790177881720000	 0.030298655809984
1975.023136496540000	 0.030530352159491
1975.256095111370000	 0.030750229956270
1975.489053726200000	 0.030893713492326
1975.722012341020000	 0.030958835812917
1975.954970955850000	 0.030999748398383
1976.187929570670000	 0.031084818585858
1976.420888185500000	 0.031246056972166
1976.653846800330000	 0.031452381612620
1976.886805415150000	 0.031624051558640
1977.119764029980000	 0.031680479534218
1977.352722644810000	 0.031593830284545
1977.585681259630000	 0.031415985453047
1977.818639874460000	 0.031259711470962
1978.051598489280000	 0.031241488076691
1978.284557104110000	 0.031418130112494
1978.517515718940000	 0.031754232258663
1978.750474333760000	 0.032138828813496
1978.983432948590000	 0.032441342441963
1979.216391563420000	 0.032576215550026
1979.449350178240000	 0.032541802329734
1979.682308793070000	 0.032413338416243
1979.915267407890000	 0.032295842801059
1980.148226022720000	 0.032265789172251
1980.381184637550000	 0.032334924496472
1980.614143252370000	 0.032453706707245
1980.847101867200000	 0.032548111718854
1981.080060482030000	 0.032566419695869
1981.313019096850000	 0.032509049470784
1981.545977711680000	 0.032425117572066
1981.778936326500000	 0.032379384027633
1982.011894941330000	 0.032411408028968
1982.244853556160000	 0.032512785521881
1982.477812170980000	 0.032635712809436
1982.710770785810000	 0.032726329503043
1982.943729400630000	 0.032761730381795
1983.176688015460000	 0.032767393101537
1983.409646630290000	 0.032803070041989
1983.642605245110000	 0.032924668102416
1983.875563859940000	 0.033145613892443
1984.108522474770000	 0.033422279746352
1984.341481089590000	 0.033673353878928
1984.574439704420000	 0.033822879864378
1984.807398319240000	 0.033842939402962
1985.040356934070000	 0.033771115513970
1985.273315548900000	 0.033690874401447
1985.506274163720000	 0.033684479340228
1985.739232778550000	 0.033785503161772
1985.972191393380000	 0.033959004361021
1986.205150008200000	 0.034121021401938
1986.438108623030000	 0.034186557177129
1986.671067237850000	 0.034119656635662
1986.904025852680000	 0.033957516571151
1987.136984467510000	 0.033793846793884
1987.369943082330000	 0.033729586873239
1987.602901697160000	 0.033818684714940
1987.835860311980000	 0.034039568326690
1988.068818926810000	 0.034307359496150
1988.301777541640000	 0.034518963124917
1988.534736156460000	 0.034606175488560
1988.767694771290000	 0.034568129138717
1989.000653386120000	 0.034465400264847
1989.233612000940000	 0.034379962595325
1989.466570615770000	 0.034365871697687
1989.699529230590000	 0.034420671679031
1989.932487845420000	 0.034493265127826
1990.165446460250000	 0.034521169224455
1990.398405075070000	 0.034473373312512
1990.631363689900000	 0.034372566662752
1990.864322304730000	 0.034282696033126
1991.097280919550000	 0.034268544118270
1991.330239534380000	 0.034351542582208
1991.563198149200000	 0.034489013586135
1991.796156764030000	 0.034590705588077
1992.029115378860000	 0.034565547765808
1992.262073993680000	 0.034374127246935
1992.495032608510000	 0.034056686211310
1992.727991223340000	 0.033717424808214
1992.960949838160000	 0.033471280800723
1993.193908452990000	 0.033384002837301
1993.426867067810000	 0.033440925305088
1993.659825682640000	 0.033560663536080
1993.892784297470000	 0.033642886789542
1994.125742912290000	 0.033622305556792
1994.358701527120000	 0.033500274469750
1994.591660141940000	 0.033338355261358
1994.824618756770000	 0.033218794235225
1995.057577371600000	 0.033195376299098
1995.290535986420000	 0.033263297837782
1995.523494601250000	 0.033364694324463
1995.756453216080000	 0.033425202366179
1995.989411830900000	 0.033399409476481
1996.222370445730000	 0.033298305880678
1996.455329060550000	 0.033182146567758
1996.688287675380000	 0.033122662998750
1996.921246290210000	 0.033157635385559
1997.154204905030000	 0.033265733322113
1997.387163519860000	 0.033376917995058
1997.620122134690000	 0.033412486053567
1997.853080749510000	 0.033331880517223
1998.086039364340000	 0.033159148740308
1998.318997979160000	 0.032972636708818
1998.551956593990000	 0.032862660388084
1998.784915208820000	 0.032881516929952
1999.017873823640000	 0.033015014061070
1999.250832438470000	 0.033191429503690
1999.483791053300000	 0.033322005443083
1999.716749668120000	 0.033349881635830
1999.949708282950000	 0.033279923670354
2000.182666897770000	 0.033172249578257
2000.415625512600000	 0.033103211558178
2000.648584127430000	 0.033117537563381
2000.881542742250000	 0.033200772339946
2001.114501357080000	 0.033288231561567
2001.347459971900000	 0.033304722348860
2001.580418586730000	 0.033211721151563
2001.813377201560000	 0.033034115016760
2002.046335816380000	 0.032849330128595
2002.279294431210000	 0.032743455882933
2002.512253046040000	 0.032759697175241
2002.745211660860000	 0.032869977535362
2002.978170275690000	 0.032986774455110
2003.211128890510000	 0.033009104512597
2003.444087505340000	 0.032877876519442
2003.677046120170000	 0.032610302406707
2003.910004734990000	 0.032293367891571
2004.142963349820000	 0.032038990906653
2004.375921964650000	 0.031926343892249
2004.608880579470000	 0.031964384138297
2004.841839194300000	 0.032094489059717
2005.074797809120000	 0.032229163783699
2005.307756423950000	 0.032303248260923
2005.540715038780000	 0.032308239419596
2005.773673653600000	 0.032290290031042
2006.006632268430000	 0.032313922254578
2006.239590883260000	 0.032414884234815
2006.472549498080000	 0.032572538034029
2006.705508112910000	 0.032719526146122
2006.938466727730000	 0.032783189230769
2007.171425342560000	 0.032733795336456
2007.404383957390000	 0.032609316186693
2007.637342572210000	 0.032498704946529
2007.870301187040000	 0.032490593912324
2008.103259801860000	 0.032617314769136
2008.336218416690000	 0.032828547562288
2008.569177031520000	 0.033011361693006
2008.802135646340000	 0.033046730225522
2009.035094261170000	 0.032872738102027
2009.268052876000000	 0.032520427135251
2009.501011490820000	 0.032101498839303
2009.733970105650000	 0.031753267605207
2009.966928720470000	 0.031571240036923
2010.199887335300000	 0.031566494488472
2010.432845950130000	 0.031669057143854
2010.665804564950000	 0.031771936847568
2010.898763179780000	 0.031789798553803
2011.131721794610000	 0.031700432264965
2011.364680409430000	 0.031547670653806
2011.597639024260000	 0.031406783221074
2011.830597639080000	 0.031335669500049
2012.063556253910000	 0.031342609343273
2012.296514868740000	 0.031388880975611
2012.529473483560000	 0.031421850768512
2012.762432098390000	 0.031415913514348
2012.995390713210000	 0.031394348476491
2013.228349328040000	 0.031416710210058
2013.461307942870000	 0.031538239230844
2013.694266557690000	 0.031766790347536
2013.927225172520000	 0.032045469312397
2014.160183787350000	 0.032273687457288
2014.393142402170000	 0.032356776924672
2014.626101017000000	 0.032257838987009
2014.859059631820000	 0.032022626759536
2015.092018246650000	 0.031761138125082
2015.324976861480000	 0.031593865813772
2015.557935476300000	 0.031592546043764
2015.790894091130000	 0.031748830708745
2016.023852705960000	 0.031986710019393
2016.256811320780000	 0.032208972524677
2016.489769935610000	 0.032350326468011
2016.722728550430000	 0.032407512834597
2016.955687165260000	 0.032429938492562
2017.188645780090000	 0.032477683022630
2017.421604394910000	 0.032574564564185
2017.654563009740000	 0.032687542585409
2017.887521624570000	 0.032746500407012
2018.120480239390000	 0.032692470729160
2018.353438854220000	 0.032524312018619
2018.586397469040000	 0.032313400986177
2018.819356083870000	 0.032173483481947
2019.052314698700000	 0.032199868637886
2019.285273313520000	 0.032412458167744
2019.518231928350000	 0.032736457144183
2019.751190543170000	 0.033033370673757
2019.984149158000000	 0.033167283173669
2020.217107772830000	 0.033072572015377
2020.450066387650000	 0.032787188871999
2020.683025002480000	 0.032432257836377
2020.915983617310000	 0.032148102412302
2021.148942232130000	 0.032022528344513
2021.381900846960000	 0.032051316253909
2021.614859461780000	 0.032150630076097
2021.847818076610000	 0.032211285680849
2022.080776691440000	 0.032163257025349
2022.313735306260000	 0.032014613274412
2022.546693921090000	 0.031843492786546
2022.779652535920000	 0.031748807288824
2023.012611150740000	 0.031790214431868
2023.245569765570000	 0.031953692035011
2023.478528380390000	 0.032161986718910
2023.711486995220000	 0.032322021979804
2023.944445610050000	 0.032380755042175
2024.177404224870000	 0.032356671401944
2024.410362839700000	 0.032327903643291
2024.643321454520000	 0.032383779702354
2024.876280069350000	 0.032569451411477
2025.109238684180000	 0.032857267508569
2025.342197299000000	 0.033161200461166
2025.575155913830000	 0.033384771901579
2025.808114528660000	 0.033474223756573
2026.041073143480000	 0.033445851341109
2026.274031758310000	 0.033370855064318
2026.506990373130000	 0.033326561850403
2026.739948987960000	 0.033344466006675
2026.972907602790000	 0.033387928155528
2027.205866217610000	 0.033373788046688
2027.438824832440000	 0.033225727361556
2027.671783447270000	 0.032928510744067
2027.904742062090000	 0.032550223231793
2028.137700676920000	 0.032216276948240
2028.370659291740000	 0.032047451847593
2028.603617906570000	 0.032097383036468
2028.836576521400000	 0.032325788275397
2029.069535136220000	 0.032621864901116
2029.302493751050000	 0.032863652042931
2029.535452365880000	 0.032980430024622
2029.768410980700000	 0.032984056828631
2030.001369595530000	 0.032951880198251
2030.234328210350000	 0.032971800439001
2030.467286825180000	 0.033083369646985
2030.700245440010000	 0.033251083242212
2030.933204054830000	 0.033385547680121
2031.166162669660000	 0.033399562637450
2031.399121284480000	 0.033266227792987
2031.632079899310000	 0.033044213607179
2031.865038514140000	 0.032852848816638
2032.097997128960000	 0.032809320137601
2032.330955743790000	 0.032964376710027
2032.563914358620000	 0.033274170259194
2032.796872973440000	 0.033623668246504
2033.029831588270000	 0.033887628295347
2033.262790203090000	 0.033995444501853
2033.495748817920000	 0.033964369753854
2033.728707432750000	 0.033882497962427
2033.961666047570000	 0.033851779944537
2034.194624662400000	 0.033925786292517
2034.427583277230000	 0.034079717683972
2034.660541892050000	 0.034229423376503
2034.893500506880000	 0.034286919861142
2035.126459121700000	 0.034219428501470
2035.359417736530000	 0.034076661731526
2035.592376351360000	 0.033968475299666
2035.825334966180000	 0.034004584475124
2036.058293581010000	 0.034232017889036
2036.291252195840000	 0.034607175866320
2036.524210810660000	 0.035017562303461
2036.757169425490000	 0.035339763429403
2036.990128040310000	 0.035501616394861
2037.223086655140000	 0.035514986038841
2037.456045269970000	 0.035461301514048
2037.689003884790000	 0.035438713074853
2037.921962499620000	 0.035502610040513
2038.154921114440000	 0.035634569139210
2038.387879729270000	 0.035756391273404
2038.620838344100000	 0.035779169100346
2038.853796958920000	 0.035658372895817
2039.086755573750000	 0.035423297080762
2039.319714188580000	 0.035163702498863
2039.552672803400000	 0.034981567043644
2039.785631418230000	 0.034937051622552
2040.018590033050000	 0.035020605165792
2040.251548647880000	 0.035165959790359
2040.484507262710000	 0.035294230311977
2040.717465877530000	 0.035362349044103
2040.950424492360000	 0.035387471164728
2041.183383107190000	 0.035433057717496
2041.416341722010000	 0.035565378993207
2041.649300336840000	 0.035807779433323
2041.882258951660000	 0.036121458002299
2042.115217566490000	 0.036424707746568
2042.348176181320000	 0.036639155159422
2042.581134796140000	 0.036735615546510
2042.814093410970000	 0.036751881583294
2043.047052025790000	 0.036770585373126
2043.280010640620000	 0.036869341358955
2043.512969255450000	 0.037072929280126
2043.745927870270000	 0.037336229294561
2043.978886485100000	 0.037568113670243
2044.211845099930000	 0.037683082404045
2044.444803714750000	 0.037652022624610
2044.677762329580000	 0.037523051073667
2044.910720944400000	 0.037398966654613
2045.143679559230000	 0.037382821561378
2045.376638174060000	 0.037522745328867
2045.609596788880000	 0.037787651639034
2045.842555403710000	 0.038086667304241
2046.075514018540000	 0.038320235851007
2046.308472633360000	 0.038434190223813
2046.541431248190000	 0.038446973750662
2046.774389863010000	 0.038434989552609
2047.007348477840000	 0.038485117893974
2047.240307092670000	 0.038642960021167
2047.473265707490000	 0.038887267481265
2047.706224322320000	 0.039144349067237
2047.939182937150000	 0.039332728506022
2048.172141551970000	 0.039411721207005
2048.405100166800000	 0.039405706752286
2048.638058781620000	 0.039389590500216
2048.871017396450000	 0.039443815302247
2049.103976011280000	 0.039605875610085
2049.336934626100000	 0.039847115889659
2049.569893240930000	 0.040087822619515
2049.802851855750000	 0.040241300169929
2050.035810470580000	 0.040261751999727
2050.268769085410000	 0.040168898994916
2050.501727700230000	 0.040035372473259
2050.734686315060000	 0.039944772079037
2050.967644929890000	 0.039945796532167
2051.200603544710000	 0.040029149825368
2051.433562159540000	 0.040138756842377
2051.666520774360000	 0.040208403406697
2051.899479389190000	 0.040201585668568
2052.132438004020000	 0.040131981113899
2052.365396618840000	 0.040053652564376
2052.598355233670000	 0.040027679636617
2052.831313848500000	 0.040085537263744
2053.064272463320000	 0.040210915186846
2053.297231078150000	 0.040350283002065
2053.530189692970000	 0.040445732602953
2053.763148307800000	 0.040470870455334
2053.996106922630000	 0.040448271406530
2054.229065537450000	 0.040437046893822
2054.462024152280000	 0.040496942920442
2054.694982767110000	 0.040650392784398
2054.927941381930000	 0.040865705211226
2055.160899996760000	 0.041071809291486
2055.393858611580000	 0.041196454950060
2055.626817226410000	 0.041206513846147
2055.859775841240000	 0.041127652651034
2056.092734456060000	 0.041031806245342
2056.325693070890000	 0.040999101992177
2056.558651685710000	 0.041075715257699
2056.791610300540000	 0.041251119904481
2057.024568915370000	 0.041466415760581
2057.257527530190000	 0.041647868539415
2057.490486145020000	 0.041746531492483
2057.723444759850000	 0.041762117340047
2057.956403374670000	 0.041738328520753
2058.189361989500000	 0.041733325683933
2058.422320604320000	 0.041783575559284
2058.655279219150000	 0.041882665715302
2058.888237833980000	 0.041986881864051
2059.121196448800000	 0.042043264523733
2059.354155063630000	 0.042023184183590
2059.587113678460000	 0.041941699828102
2059.820072293280000	 0.041851347871449
2060.053030908110000	 0.041814181151737
2060.285989522930000	 0.041868911503980
2060.518948137760000	 0.042012512041133
2060.751906752590000	 0.042206240802088
2060.984865367410000	 0.042401268684200
2061.217823982240000	 0.042567859054958
2061.450782597070000	 0.042710308312827
2061.683741211890000	 0.042858542782703
2061.916699826720000	 0.043041767502386
2062.149658441540000	 0.043261093483181
2062.382617056370000	 0.043479022288428
2062.615575671200000	 0.043633534758575
2062.848534286020000	 0.043669940975290
2063.081492900850000	 0.043572975626205
2063.314451515670000	 0.043380457909829
2063.547410130500000	 0.043169303636913
2063.780368745330000	 0.043020336647148
2064.013327360150000	 0.042980946954796
2064.246285974980000	 0.043045854147252
2064.479244589810000	 0.043165476174255
2064.712203204630000	 0.043275958303601
2064.945161819460000	 0.043333652643725
2065.178120434280000	 0.043335110155969
2065.411079049110000	 0.043312189514637
2065.644037663940000	 0.043306555024965
2065.876996278760000	 0.043340157742261
2066.109954893590000	 0.043400182037763
2066.342913508420000	 0.043447238271173
2066.575872123240000	 0.043441049294216
2066.808830738070000	 0.043367509251717
2067.041789352890000	 0.043250319040240
2067.274747967720000	 0.043139579604614
2067.507706582550000	 0.043083700214832
2067.740665197370000	 0.043101385824747
2067.973623812200000	 0.043170599910233
2068.206582427020000	 0.043241276924256
2068.439541041850000	 0.043264687779174
2068.672499656680000	 0.043222722880401
2068.905458271500000	 0.043140039062124
2069.138416886330000	 0.043071492731087
2069.371375501160000	 0.043071753190256
2069.604334115980000	 0.043164791022744
2069.837292730810000	 0.043330957323712
2070.070251345630000	 0.043518736494124
2070.303209960460000	 0.043673967575671
2070.536168575290000	 0.043769635078604
2070.769127190110000	 0.043819121315153
2071.002085804940000	 0.043865239731309
2071.235044419770000	 0.043951604901255
2071.468003034590000	 0.044093554593242
2071.700961649420000	 0.044266040583666
2071.933920264240000	 0.044415655040273
2072.166878879070000	 0.044489925161997
2072.399837493900000	 0.044467243815163
2072.632796108720000	 0.044370293299422
2072.865754723550000	 0.044254968348439
2073.098713338380000	 0.044180987721454
2073.331671953200000	 0.044181230432010
2073.564630568030000	 0.044247307985596
2073.797589182850000	 0.044338854740850
2074.030547797680000	 0.044410168129824
2074.263506412510000	 0.044438277368956
2074.496465027330000	 0.044436117956592
2074.729423642160000	 0.044443336009987
2074.962382256980000	 0.044500623525698
2075.195340871810000	 0.044623441821814
2075.428299486640000	 0.044791114882069
2075.661258101460000	 0.044957649980108
2075.894216716290000	 0.045077628127935
2076.127175331120000	 0.045131779051855
2076.360133945940000	 0.045137026505380
2076.593092560770000	 0.045134822800807
2076.826051175590000	 0.045164657874637
2077.059009790420000	 0.045238856195165
2077.291968405250000	 0.045334105989350
2077.524927020070000	 0.045405046126330
2077.757885634900000	 0.045412130285020
2077.990844249730000	 0.045347497282841
2078.223802864550000	 0.045243259923385
2078.456761479380000	 0.045156389282311
2078.689720094200000	 0.045138159193040
2078.922678709030000	 0.045205685562155
2079.155637323860000	 0.045332164497712
2079.388595938680000	 0.045461560974554
2079.621554553510000	 0.045539565552210
2079.854513168340000	 0.045543549974389
2080.087471783160000	 0.045494692271057
2080.320430397990000	 0.045445293232758
2080.553389012810000	 0.045448485545670
2080.786347627640000	 0.045527789414664
2081.019306242470000	 0.045663873443187
2081.252264857290000	 0.045805671897744
2081.485223472120000	 0.045899154450089
2081.718182086940000	 0.045917361414883
2081.951140701770000	 0.045874745187952
2082.184099316600000	 0.045817765589352
2082.417057931420000	 0.045797445751571
2082.650016546250000	 0.045840139747784
2082.882975161080000	 0.045933482185619
2083.115933775900000	 0.046035176824749
2083.348892390730000	 0.046098994593351
2083.581851005550000	 0.046102734361603
2083.814809620380000	 0.046061932499103
2084.047768235210000	 0.046021327710399
2084.280726850030000	 0.046029138708961
2084.513685464860000	 0.046109363913834
2084.746644079690000	 0.046248193840892
2084.979602694510000	 0.046401977081629
2085.212561309340000	 0.046521693754507
2085.445519924160000	 0.046579746364572
2085.678478538990000	 0.046583771528783
2085.911437153820000	 0.046569718971012
2086.144395768640000	 0.046578691969553
2086.377354383470000	 0.046631735159364
2086.610312998290000	 0.046717696512031
2086.843271613120000	 0.046801050116425
2087.076230227950000	 0.046844593964495
2087.309188842770000	 0.046833293286073
2087.542147457600000	 0.046784845761885
2087.775106072430000	 0.046740253958432
2088.008064687250000	 0.046739704979844
2088.241023302080000	 0.046798175941534
2088.473981916900000	 0.046895495204844
2088.706940531730000	 0.046986945032993
2088.939899146560000	 0.047028439950016
2089.172857761380000	 0.047001864451909
2089.405816376210000	 0.046925822483664
2089.638774991040000	 0.046845179525224
2089.871733605860000	 0.046805156866713
2090.104692220690000	 0.046825091680079
2090.337650835510000	 0.046887348388692
2090.570609450340000	 0.046948026791180
2090.803568065170000	 0.046963536604121
2091.036526679990000	 0.046917933751396
2091.269485294820000	 0.046835080051867
2091.502443909650000	 0.046767972166175
2091.735402524470000	 0.046770756185910
2091.968361139300000	 0.046869166158706
2092.201319754120000	 0.047045922246237
2092.434278368950000	 0.047248820687312
2092.667236983780000	 0.047416652690069
2092.900195598600000	 0.047508773158020
2093.133154213430000	 0.047522570892516
2093.366112828250000	 0.047489964948077
2093.599071443080000	 0.047455964522895
2093.832030057910000	 0.047452523061635
2094.064988672730000	 0.047483029699523
2094.297947287560000	 0.047525635505836
2094.530905902390000	 0.047552041179145
2094.763864517210000	 0.047549370700085
2094.996823132040000	 0.047531226409070
2095.229781746860000	 0.047530775439769
2095.462740361690000	 0.047580026983171
2095.695698976520000	 0.047688402154613
2095.928657591340000	 0.047834350567673
2096.161616206170000	 0.047975710008840
2096.394574821000000	 0.048073043101425
2096.627533435820000	 0.048112252893458
2096.860492050650000	 0.048112830632655
2097.093450665470000	 0.048116248942757
2097.326409280300000	 0.048160860202605
2097.559367895130000	 0.048258035677987
2097.792326509950000	 0.048383757745818
2098.025285124780000	 0.048490818899799
2098.258243739610000	 0.048534870941002
2098.491202354430000	 0.048499615767642
2098.724160969260000	 0.048406687193929
2098.957119584080000	 0.048304325498876
2099.190078198910000	 0.048241311438987
2099.423036813740000	 0.048241408956139
2099.655995428560000	 0.048293097048409
2099.888954043390000	 0.048360043940988
2100.121912658210000	 0.048405564290876
2100.354871273040000	 0.048416291606279
2100.587829887870000	 0.048410781096957
2100.820788502690000	 0.048427597042060
2101.053747117520000	 0.048499865540744
2101.286705732350000	 0.048631790984794
2101.519664347170000	 0.048791734291245
2101.752622962000000	 0.048926749021293
2101.985581576820000	 0.048991001939568
2102.218540191650000	 0.048972309309924
2102.451498806480000	 0.048901467856536
2102.684457421300000	 0.048838246620900
2102.917416036130000	 0.048841151219233
2103.150374650960000	 0.048937571833776
2103.383333265780000	 0.049110658773854
2103.616291880610000	 0.049309568184648
2103.849250495430000	 0.049476726410795
2104.082209110260000	 0.049576765999648
2104.315167725090000	 0.049611320475997
2104.548126339910000	 0.049612181732281
2104.781084954740000	 0.049618030975871
2105.014043569560000	 0.049649530147899
2105.247002184390000	 0.049697965148368
2105.479960799220000	 0.049733846595119
2105.712919414040000	 0.049729658102093
2105.945878028870000	 0.049682454269954
2106.178836643700000	 0.049621844985672
2106.411795258520000	 0.049597327248058
2106.644753873350000	 0.049651433715100
2106.877712488170000	 0.049794181917794
2107.110671103000000	 0.049993981476381
2107.343629717830000	 0.050190799306952
2107.576588332650000	 0.050324901197422
2107.809546947480000	 0.050365878288939
2108.042505562310000	 0.050326320906425
2108.275464177130000	 0.050252794620259
2108.508422791960000	 0.050199551236458
2108.741381406780000	 0.050200219789542
2108.974340021610000	 0.050253351212310
2109.207298636440000	 0.050328944416277
2109.440257251260000	 0.050390757022399
2109.673215866090000	 0.050420527221728
2109.906174480920000	 0.050429670846945
2110.139133095740000	 0.050451710334412
2110.372091710570000	 0.050520405508864
2110.605050325390000	 0.050647304196508
2110.838008940220000	 0.050812658636744
2111.070967555050000	 0.050975344660488
2111.303926169870000	 0.051095954551225
2111.536884784700000	 0.051159367620623
2111.769843399520000	 0.051183152095413
2112.002802014350000	 0.051206265200806
2112.235760629180000	 0.051264352385979
2112.468719244000000	 0.051366360672414
2112.701677858830000	 0.051486680561977
2112.934636473660000	 0.051577913259101
2113.167595088480000	 0.051597339337657
2113.400553703310000	 0.051532157181717
2113.633512318130000	 0.051408871224765
2113.866470932960000	 0.051280880162981
2114.099429547790000	 0.051200826665437
2114.332388162610000	 0.051193274942213
2114.565346777440000	 0.051243109453469
2114.798305392270000	 0.051305898509997
2115.031264007090000	 0.051334058509823
2115.264222621920000	 0.051304002655303
2115.497181236740000	 0.051229047942211
2115.730139851570000	 0.051150967255153
2115.963098466400000	 0.051115432875951
2116.196057081220000	 0.051145949396559
2116.429015696050000	 0.051231388645976
2116.661974310870000	 0.051333805227403
2116.894932925700000	 0.051411300278428
2117.127891540530000	 0.051442245545662
2117.360850155350000	 0.051436650765410
2117.593808770180000	 0.051428112844635
2117.826767385010000	 0.051451431125707
2118.059725999830000	 0.051519660953185
2118.292684614660000	 0.051614635772237
2118.525643229480000	 0.051696771577308
2118.758601844310000	 0.051728476302840
2118.991560459140000	 0.051697383851357
2119.224519073960000	 0.051625398163441
2119.457477688790000	 0.051557560407128
2119.690436303620000	 0.051536763565155
2119.923394918440000	 0.051579064253878
2120.156353533270000	 0.051664139604620
2120.389312148090000	 0.051746509002906
2120.622270762920000	 0.051781113659061
2120.855229377750000	 0.051748605934153
2121.088187992570000	 0.051665682548008
2121.321146607400000	 0.051574267651375
2121.554105222230000	 0.051515879326960
2121.787063837050000	 0.051506582701552
2122.020022451880000	 0.051527664639808
2122.252981066700000	 0.051537756584552
2122.485939681530000	 0.051499489378684
2122.718898296360000	 0.051405134925471
2122.951856911180000	 0.051285755185875
2123.184815526010000	 0.051197433589151
2123.417774140830000	 0.051191541454257
2123.650732755660000	 0.051285748444512
2123.883691370490000	 0.051452370747770
2124.116649985310000	 0.051630807574597
2124.349608600140000	 0.051757376191076
2124.582567214970000	 0.051796335509341
2124.815525829790000	 0.051755213053970
2125.048484444620000	 0.051676310910925
2125.281443059440000	 0.051610015413565
2125.514401674270000	 0.051586153014857
2125.747360289100000	 0.051600316256687
2125.980318903920000	 0.051622534078745
2126.213277518750000	 0.051622083553159
2126.446236133580000	 0.051592586352005
2126.679194748400000	 0.051561070904504
2126.912153363230000	 0.051573967198093
2127.145111978050000	 0.051667211196236
2127.378070592880000	 0.051838208580433
2127.611029207710000	 0.052037365076339
2127.843987822530000	 0.052186136711253
2128.076946437360000	 0.052213636384234
2128.309905052190000	 0.052093002528308
2128.542863667010000	 0.051857675105784
2128.775822281840000	 0.051587632268153
2129.008780896660000	 0.051372007914482
2129.241739511490000	 0.051267994666703
2129.474698126320000	 0.051277943053799
2129.707656741140000	 0.051355910867445
2129.940615355970000	 0.051438471239374
2130.173573970790000	 0.051481722850714
2130.406532585620000	 0.051483633217260
2130.639491200450000	 0.051479507409212
2130.872449815270000	 0.051514171056048
2131.105408430100000	 0.051608341252751
2131.338367044930000	 0.051739983703165
2131.571325659750000	 0.051852309122325
2131.804284274580000	 0.051884369986727
2132.037242889400000	 0.051806982700593
2132.270201504230000	 0.051642956752598
2132.503160119060000	 0.051458803717804
2132.736118733880000	 0.051331426137821
2132.969077348710000	 0.051308234722905
2133.202035963540000	 0.051383122309545
2133.434994578360000	 0.051501416719712
2133.667953193190000	 0.051590594516758
2133.900911808010000	 0.051599548868547
2134.133870422840000	 0.051524648629350
2134.366829037670000	 0.051408234693588
2134.599787652490000	 0.051311199021923
2134.832746267320000	 0.051276661994000
2135.065704882140000	 0.051306573350532
2135.298663496970000	 0.051364372588151
2135.531622111800000	 0.051400784501056
2135.764580726620000	 0.051386243907687
2135.997539341450000	 0.051329762643312
2136.230497956280000	 0.051272362320922
2136.463456571100000	 0.051259114920826
2136.696415185930000	 0.051307635242347
2136.929373800750000	 0.051393382648946
2137.162332415580000	 0.051461797758474
2137.395291030410000	 0.051460959964898
2137.628249645230000	 0.051375727184430
2137.861208260060000	 0.051242241393519
2138.094166874890000	 0.051132099563404
2138.327125489710000	 0.051113399712886
2138.560084104540000	 0.051210491509606
2138.793042719360000	 0.051385888102613
2139.026001334190000	 0.051555525935562
2139.258959949020000	 0.051630280467974
2139.491918563840000	 0.051562357209039
2139.724877178670000	 0.051371823162924
2139.957835793500000	 0.051138388108534
2140.190794408320000	 0.050962460834461
2140.423753023150000	 0.050916762819744
2140.656711637970000	 0.051014331701995
2140.889670252800000	 0.051208183364792
2141.122628867630000	 0.051419874376901
2141.355587482450000	 0.051579372295076
2141.588546097280000	 0.051654143476298
2141.821504712100000	 0.051653013354301
2142.054463326930000	 0.051606118135083
2142.287421941760000	 0.051536808389808
2142.520380556580000	 0.051445210173807
2142.753339171410000	 0.051314061800174
2142.986297786240000	 0.051131961081019
2143.219256401060000	 0.050917097906165
2143.452215015890000	 0.050723081437314
2143.685173630710000	 0.050619059165476
2143.918132245540000	 0.050653255360870
2144.151090860370000	 0.050821348361921
2144.384049475190000	 0.051059995097565
2144.617008090020000	 0.051271932436419
2144.849966704850000	 0.051371244554898
2145.082925319670000	 0.051325420815540
2145.315883934500000	 0.051170930355986
2145.548842549320000	 0.050992329092306
2145.781801164150000	 0.050875528508478
2146.014759778980000	 0.050861511915001
2146.247718393800000	 0.050926746632185
2146.480677008630000	 0.051000820794429
2146.713635623460000	 0.051010674220524
2146.946594238280000	 0.050926073757537
2147.179552853110000	 0.050779992039431
2147.412511467930000	 0.050651351480617
2147.645470082760000	 0.050619628665610
2147.878428697590000	 0.050717913274659
2148.111387312410000	 0.050911819995455
2148.344345927240000	 0.051116074910784
2148.577304542060000	 0.051239092872552
2148.810263156890000	 0.051230487176175
2149.043221771720000	 0.051104701813589
2149.276180386540000	 0.050927299919438
2149.509139001370000	 0.050772610336561
2149.742097616200000	 0.050678986974845
2149.975056231020000	 0.050628900369237
2150.208014845850000	 0.050565179801186
2150.440973460670000	 0.050432874438398
2150.673932075500000	 0.050221085085172
2150.906890690330000	 0.049978459313915
2151.139849305150000	 0.049790880582333
2151.372807919980000	 0.049732973440993
2151.605766534810000	 0.049822134608146
2151.838725149630000	 0.050003072251401
2152.071683764460000	 0.050173038644175
2152.304642379280000	 0.050234808750238
2152.537600994110000	 0.050148709699026
2152.770559608940000	 0.049954294319355
2153.003518223760000	 0.049748065458425
2153.236476838590000	 0.049629012291534
2153.469435453410000	 0.049643333811130
2153.702394068240000	 0.049760062940503
2153.935352683070000	 0.049890525124244
2154.168311297890000	 0.049939475043478
2154.401269912720000	 0.049858468977885
2154.634228527550000	 0.049670760521698
2154.867187142370000	 0.049453086897942
2155.100145757200000	 0.049285742550996
2155.333104372020000	 0.049202471340359
2155.566062986850000	 0.049171865130929
2155.799021601680000	 0.049122139187548
2156.031980216500000	 0.048994616608988
2156.264938831330000	 0.048793185939568
2156.497897446160000	 0.048597071827907
2156.730856060980000	 0.048524353585336
2156.963814675810000	 0.048664298664497
2157.196773290630000	 0.049018122888204
2157.429731905460000	 0.049484684712024
2157.662690520290000	 0.049902477141239
2157.895649135110000	 0.050128537598725
2158.128607749940000	 0.050114141400231
2158.361566364770000	 0.049935543220762
2158.594524979590000	 0.049759257884743
2158.827483594420000	 0.049758125341349
2159.060442209240000	 0.050024600702155
2159.293400824070000	 0.050529261565933
2159.526359438900000	 0.051144625140751
2159.759318053720000	 0.051717028233164
2159.992276668550000	 0.052144314745935
2160.225235283370000	 0.052416098054500
2160.458193898200000	 0.052597022803235
2160.691152513030000	 0.052769030325685
2160.924111127850000	 0.052972808707374
2161.157069742680000	 0.053184941601618
2161.390028357510000	 0.053341164627006
2161.622986972330000	 0.053387191677715
2161.855945587160000	 0.053323029311658
2162.088904201980000	 0.053211068337619
2162.321862816810000	 0.053140584423704
2162.554821431640000	 0.053169830623882
2162.787780046460000	 0.053282934597776
2163.020738661290000	 0.053390619006906
2163.253697276120000	 0.053377437594560
2163.486655890940000	 0.053170825965287
2163.719614505770000	 0.052793295902336
2163.952573120590000	 0.052365620067134
2164.185531735420000	 0.052054805851886
2164.418490350250000	 0.051993266489768
2164.651448965070000	 0.052213694172329
2164.884407579900000	 0.052634831256109
2165.117366194730000	 0.053104110962543
2165.350324809550000	 0.053473191459279
2165.583283424380000	 0.053666573076800
2165.816242039200000	 0.053707628586758
2166.049200654030000	 0.053689405565093
2166.282159268860000	 0.053709138657542
2166.515117883680000	 0.053806523764648
2166.748076498510000	 0.053941976722605
2166.981035113330000	 0.054025720356999
2167.213993728160000	 0.053978804209257
2167.446952342990000	 0.053789522422282
2167.679910957810000	 0.053531292241874
2167.912869572640000	 0.053330014953116
2168.145828187470000	 0.053299008542975
2168.378786802290000	 0.053479135795424
2168.611745417120000	 0.053817871462665
2168.844704031940000	 0.054197657658544
2169.077662646770000	 0.054496681560471
2169.310621261600000	 0.054648601307497
2169.543579876420000	 0.054668906903034
2169.776538491250000	 0.054634384049163
2170.009497106080000	 0.054629497531130
2170.242455720900000	 0.054692933451529
2170.475414335730000	 0.054796160437501
2170.708372950550000	 0.054865405523795
2170.941331565380000	 0.054832631693395
2171.174290180210000	 0.054684433602232
2171.407248795030000	 0.054478574252650
2171.640207409860000	 0.054316479443635
2171.873166024680000	 0.054286792493238
2172.106124639510000	 0.054413300841064
2172.339083254340000	 0.054638037275527
2172.572041869160000	 0.054849676752375
2172.805000483990000	 0.054942005896702
2173.037959098820000	 0.054870718364091
2173.270917713640000	 0.054676951103861
2173.503876328470000	 0.054463848238583
2173.736834943290000	 0.054339533070853
2173.969793558120000	 0.054359577987075
2174.202752172950000	 0.054501250757506
2174.435710787770000	 0.054682068555126
2174.668669402600000	 0.054809993780099
2174.901628017430000	 0.054835838895199
2175.134586632250000	 0.054777908660191
2175.367545247080000	 0.054705260549716
2175.600503861900000	 0.054691022939734
2175.833462476730000	 0.054765501527137
2176.066421091560000	 0.054898028507293
2176.299379706380000	 0.055017918511942
2176.532338321210000	 0.055061131178443
2176.765296936040000	 0.055013958584941
2176.998255550860000	 0.054926289612111
2177.231214165690000	 0.054884900155845
2177.464172780510000	 0.054962156396594
2177.697131395340000	 0.055171387695891
2177.930090010170000	 0.055456172560129
2178.163048624990000	 0.055720385663513
2178.396007239820000	 0.055882385614475
2178.628965854640000	 0.055922723580883
2178.861924469470000	 0.055897092537258
2179.094883084300000	 0.055905015083264
2179.327841699120000	 0.056030891170403
2179.560800313950000	 0.056291303733176
2179.793758928780000	 0.056619198832694
2180.026717543600000	 0.056894492553497
2180.259676158430000	 0.057005278862065
2180.492634773250000	 0.056907340958213
2180.725593388080000	 0.056649748490750
2180.958552002910000	 0.056352064064665
2181.191510617730000	 0.056145929261134
2181.424469232560000	 0.056114094980799
2181.657427847390000	 0.056259838039041
2181.890386462210000	 0.056520297599188
2182.123345077040000	 0.056812063163915
2182.356303691860000	 0.057080597430288
2182.589262306690000	 0.057324606350167
2182.822220921520000	 0.057582407602707
2183.055179536340000	 0.057891210236063
2183.288138151170000	 0.058247218031517
2183.521096766000000	 0.058593418828432
2183.754055380820000	 0.058844279511645
2183.987013995650000	 0.058934046556796
2184.219972610470000	 0.058860618109953
2184.452931225300000	 0.058697815803979
2184.685889840130000	 0.058565995457694
2184.918848454950000	 0.058575510975301
2185.151807069780000	 0.058774089119340
2185.384765684600000	 0.059126662928380
2185.617724299430000	 0.059537237968006
2185.850682914260000	 0.059899476363405
2186.083641529080000	 0.060148126636553
2186.316600143910000	 0.060283811883242
2186.549558758740000	 0.060359114932632
2186.782517373560000	 0.060436612735856
2187.015475988390000	 0.060545771320652
2187.248434603210000	 0.060664909199370
2187.481393218040000	 0.060738031446302
2187.714351832870000	 0.060715211134868
2187.947310447690000	 0.060591355517036
2188.180269062520000	 0.060418870572195
2188.413227677350000	 0.060285097566834
2188.646186292170000	 0.060267061757428
2188.879144907000000	 0.060390265131312
2189.112103521820000	 0.060615647562785
2189.345062136650000	 0.060861982648595
2189.578020751480000	 0.061050870753251
2189.810979366300000	 0.061149008287665
2190.043937981130000	 0.061183686083231
2190.276896595950000	 0.061222537606103
2190.509855210780000	 0.061329755636710
2190.742813825610000	 0.061525212867011
2190.975772440430000	 0.061770763065276
2191.208731055260000	 0.061991467298993
2191.441689670090000	 0.062119325063533
2191.674648284910000	 0.062134380618964
2191.907606899740000	 0.062079204011672
2192.140565514560000	 0.062037685075514
2192.373524129390000	 0.062090025554671
2192.606482744220000	 0.062269830147520
2192.839441359040000	 0.062547261826458
2193.072399973870000	 0.062846460900678
2193.305358588700000	 0.063086231752319
2193.538317203520000	 0.063220831973045
2193.771275818350000	 0.063258335339929
2194.004234433170000	 0.063247360646514
2194.237193048000000	 0.063241950456631
2194.470151662830000	 0.063267317761946
2194.703110277650000	 0.063307557777687
2194.936068892480000	 0.063321861595556
2195.169027507310000	 0.063278034408169
2195.401986122130000	 0.063181611056388
2195.634944736960000	 0.063081282454440
2195.867903351780000	 0.063045669375076
2196.100861966610000	 0.063124561148066
2196.333820581440000	 0.063318029030805
2196.566779196260000	 0.063572512648034
2196.799737811090000	 0.063807175124506
2197.032696425910000	 0.063956328235921
2197.265655040740000	 0.064004131775015
2197.498613655570000	 0.063991327485458
2197.731572270390000	 0.063989447081641
2197.964530885220000	 0.064057318598875
2198.197489500050000	 0.064205552088570
2198.430448114870000	 0.064389825403836
2198.663406729700000	 0.064536744644556
2198.896365344520000	 0.064587406864870
2199.129323959350000	 0.064533624861464
2199.362282574180000	 0.064425392691281
2199.595241189000000	 0.064344380843069
2199.828199803830000	 0.064358394226908
2200.061158418660000	 0.064483258455479
2200.294117033480000	 0.064674029590954
2200.527075648310000	 0.064850180167572
2200.760034263130000	 0.064940244425747
2200.992992877960000	 0.064920638839022
2201.225951492790000	 0.064826500359763
2201.458910107610000	 0.064728355502073
2201.691868722440000	 0.064688738304451
2201.924827337270000	 0.064724950083710
2202.157785952090000	 0.064800165825408
2202.390744566920000	 0.064848023712649
2202.623703181740000	 0.064816327414045
2202.856661796570000	 0.064704244776911
2203.089620411400000	 0.064570359168066
2203.322579026220000	 0.064505211055093
2203.555537641050000	 0.064582843976767
2203.788496255870000	 0.064818541147630
2204.021454870700000	 0.065156464991281
2204.254413485530000	 0.065494125391957
2204.487372100350000	 0.065730796037803
2204.720330715180000	 0.065814503764298
2204.953289330010000	 0.065763086958864
2205.186247944830000	 0.065649056259368
2205.419206559660000	 0.065558228282503
2205.652165174480000	 0.065546235650893
2205.885123789310000	 0.065616427931198
2206.118082404140000	 0.065728764145671
2206.351041018960000	 0.065831352812179
2206.583999633790000	 0.065894393229532
2206.816958248620000	 0.065926307003717
2207.049916863440000	 0.065963593259476
2207.282875478270000	 0.066042544081977
2207.515834093090000	 0.066171981389470
2207.748792707920000	 0.066324695196087
2207.981751322750000	 0.066452913339023
2208.214709937570000	 0.066518067434440
2208.447668552400000	 0.066516139054840
2208.680627167220000	 0.066482106104114
2208.913585782050000	 0.066469644245311
2209.146544396880000	 0.066517929556634
2209.379503011700000	 0.066625958036281
2209.612461626530000	 0.066750562579232
2209.845420241360000	 0.066830242968192
2210.078378856180000	 0.066821652182102
2210.311337471010000	 0.066727590104836
2210.544296085830000	 0.066599296150602
2210.777254700660000	 0.066510371794407
2211.010213315490000	 0.066516711738828
2211.243171930310000	 0.066625519275684
2211.476130545140000	 0.066791196036672
2211.709089159970000	 0.066940414316969
2211.942047774790000	 0.067012405012430
2212.175006389620000	 0.066992055167870
2212.407965004440000	 0.066917199950028
2212.640923619270000	 0.066856088851918
2212.873882234100000	 0.066868467889270
2213.106840848920000	 0.066973171206142
2213.339799463750000	 0.067140556701220
2213.572758078580000	 0.067313011295408
2213.805716693400000	 0.067440576043105
2214.038675308230000	 0.067510374505741
2214.271633923050000	 0.067552310753082
2214.504592537880000	 0.067617698125988
2214.737551152710000	 0.067744093101304
2214.970509767530000	 0.067928183852764
2215.203468382360000	 0.068123582046008
2215.436426997180000	 0.068265304551626
2215.669385612010000	 0.068306906999246
2215.902344226840000	 0.068248483413533
2216.135302841660000	 0.068138462035978
2216.368261456490000	 0.068047298457261
2216.601220071320000	 0.068028212478154
2216.834178686140000	 0.068088219348489
2217.067137300970000	 0.068186586028562
2217.300095915790000	 0.068261624897166
2217.533054530620000	 0.068270213309947
2217.766013145450000	 0.068216672529524
2217.998971760270000	 0.068153076526850
2218.231930375100000	 0.068149462245065
2218.464888989930000	 0.068250665670118
2218.697847604750000	 0.068445189511939
2218.930806219580000	 0.068665039021958
2219.163764834400000	 0.068818090643866
2219.396723449230000	 0.068836415185399
2219.629682064060000	 0.068714588727351
2219.862640678880000	 0.068516474953240
2220.095599293710000	 0.068345759138844
2220.328557908540000	 0.068295747128727
2220.561516523360000	 0.068405402981041
2220.794475138190000	 0.068644374934027
2221.027433753010000	 0.068933215612210
2221.260392367840000	 0.069186230733640
2221.493350982670000	 0.069353224206191
2221.726309597490000	 0.069438182840209
2221.959268212320000	 0.069486738409621
2222.192226827140000	 0.069552406906625
2222.425185441970000	 0.069663174351006
2222.658144056800000	 0.069808089192495
2222.891102671620000	 0.069950186249203
2223.124061286450000	 0.070055953595673
2223.357019901280000	 0.070121868207575
2223.589978516100000	 0.070180541801845
2223.822937130930000	 0.070281759089949
2224.055895745750000	 0.070459662225510
2224.288854360580000	 0.070706413335129
2224.521812975410000	 0.070969121653862
2224.754771590230000	 0.071173228679640
2224.987730205060000	 0.071260141599532
2225.220688819890000	 0.071218220060407
2225.453647434710000	 0.071089224840912
2225.686606049540000	 0.070946032742088
2225.919564664360000	 0.070854164979312
2226.152523279190000	 0.070839053023310
2226.385481894020000	 0.070877180627326
2226.618440508840000	 0.070915162234427
2226.851399123670000	 0.070905029935096
2227.084357738490000	 0.070835083830352
2227.317316353320000	 0.070738360399484
2227.550274968150000	 0.070673942778275
2227.783233582970000	 0.070692531129232
2228.016192197800000	 0.070806904873597
2228.249150812630000	 0.070984538754420
2228.482109427450000	 0.071166330786426
2228.715068042280000	 0.071300331512413
2228.948026657100000	 0.071370806431828
2229.180985271930000	 0.071405570221930
2229.413943886760000	 0.071457243401011
2229.646902501580000	 0.071569696149984
2229.879861116410000	 0.071749759696864
2230.112819731240000	 0.071960884057970
2230.345778346060000	 0.072142396486809
2230.578736960890000	 0.072243316061203
2230.811695575710000	 0.072251348365890
2231.044654190540000	 0.072200236028518
2231.277612805370000	 0.072151053890319
2231.510571420190000	 0.072158338202904
2231.743530035020000	 0.072240699419919
2231.976488649850000	 0.072372457818578
2232.209447264670000	 0.072500319351564
2232.442405879500000	 0.072574903919357
2232.675364494320000	 0.072578852707537
2232.908323109150000	 0.072535535363698
2233.141281723980000	 0.072493941292732
2233.374240338800000	 0.072499536590990
2233.607198953630000	 0.072568909054890
2233.840157568450000	 0.072683001545331
2234.073116183280000	 0.072802037575058
2234.306074798110000	 0.072892264974483
2234.539033412930000	 0.072947820178184
2234.771992027760000	 0.072994127952056
2235.004950642590000	 0.073070645888881
2235.237909257410000	 0.073203692348926
2235.470867872240000	 0.073386420303374
2235.703826487060000	 0.073578739686444
2235.936785101890000	 0.073727974363130
2236.169743716720000	 0.073798515792209
2236.402702331540000	 0.073792891845075
2236.635660946370000	 0.073751110619485
2236.868619561200000	 0.073727825302418
2237.101578176020000	 0.073760408419037
2237.334536790850000	 0.073846886117560
2237.567495405670000	 0.073947144624045
2237.800454020500000	 0.074007377396066
2238.033412635330000	 0.073994209225686
2238.266371250150000	 0.073918786031901
2238.499329864980000	 0.073836055319376
2238.732288479810000	 0.073818326087895
2238.965247094630000	 0.073917176323411
2239.198205709460000	 0.074134744170258
2239.431164324280000	 0.074420261667425
2239.664122939110000	 0.074693796787227
2239.897081553940000	 0.074884519838838
2240.130040168760000	 0.074963104915402
2240.362998783590000	 0.074951236716683
2240.595957398410000	 0.074904139107316
2240.828916013240000	 0.074877333004856
2241.061874628070000	 0.074897260785488
2241.294833242890000	 0.074952085828802
2241.527791857720000	 0.075006492949772
2241.760750472550000	 0.075030303983147
2241.993709087370000	 0.075022950531103
2242.226667702200000	 0.075018515340325
2242.459626317020000	 0.075067778916873
2242.692584931850000	 0.075207670728665
2242.925543546680000	 0.075436215550005
2243.158502161500000	 0.075707959650066
2243.391460776330000	 0.075953198992453
2243.624419391160000	 0.076110977181847
2243.857378005980000	 0.076158055988629
2244.090336620810000	 0.076118184117192
2244.323295235630000	 0.076047086553001
2244.556253850460000	 0.076002309285368
2244.789212465290000	 0.076015079620480
2245.022171080110000	 0.076079101895334
2245.255129694940000	 0.076160735264257
2245.488088309760000	 0.076222826475806
2245.721046924590000	 0.076247357849793
2245.954005539420000	 0.076243733057318
2246.186964154240000	 0.076238887224237
2246.419922769070000	 0.076256794644354
2246.652881383900000	 0.076301236425732
2246.885839998720000	 0.076353090605692
2247.118798613550000	 0.076383893618943
2247.351757228370000	 0.076377000028998
2247.584715843200000	 0.076342569918413
2247.817674458030000	 0.076315990536436
2248.050633072850000	 0.076339422650424
2248.283591687680000	 0.076436852410445
2248.516550302510000	 0.076597558029560
2248.749508917330000	 0.076778412391384
2248.982467532160000	 0.076924699158917
2249.215426146980000	 0.076998357280597
2249.448384761810000	 0.076997888232589
2249.681343376640000	 0.076958481266682
2249.914301991460000	 0.076932136808274
2250.147260606290000	 0.076959168673195
2250.380219221120000	 0.077047359628419
2250.613177835940000	 0.077170372441175
2250.846136450770000	 0.077285784479731
2251.079095065590000	 0.077361845572987
2251.312053680420000	 0.077397056546705
2251.545012295250000	 0.077420895958529
2251.777970910070000	 0.077475287293508
2252.010929524900000	 0.077588025098763
2252.243888139720000	 0.077754222709463
2252.476846754550000	 0.077937077670519
2252.709805369380000	 0.078087918648499
2252.942763984200000	 0.078174164433459
2253.175722599030000	 0.078198874369296
2253.408681213860000	 0.078200048995064
2253.641639828680000	 0.078229515866136
2253.874598443510000	 0.078323274214669
2254.107557058330000	 0.078480267958549
2254.340515673160000	 0.078661790259374
2254.573474287990000	 0.078812091499609
2254.806432902810000	 0.078888844623102
2255.039391517640000	 0.078886466023151
2255.272350132470000	 0.078839247798513
2255.505308747290000	 0.078802838262969
2255.738267362120000	 0.078824991443180
2255.971225976940000	 0.078922217020181
2256.204184591770000	 0.079074895576924
2256.437143206600000	 0.079242453936049
2256.670101821420000	 0.079388775688590
2256.903060436250000	 0.079502499523061
2257.136019051080000	 0.079600363135693
2257.368977665900000	 0.079712287143794
2257.601936280730000	 0.079858043638913
2257.834894895550000	 0.080030277715949
2258.067853510380000	 0.080194619681553
2258.300812125210000	 0.080307349710182
2258.533770740030000	 0.080340542700869
2258.766729354860000	 0.080299824905915
2258.999687969680000	 0.080223832272184
2259.232646584510000	 0.080165145039496
2259.465605199340000	 0.080163437814236
2259.698563814160000	 0.080226073960253
2259.931522428990000	 0.080326905634594
2260.164481043820000	 0.080423562000562
2260.397439658640000	 0.080483032218802
2260.630398273470000	 0.080500685554285
2260.863356888290000	 0.080501812450142
2261.096315503120000	 0.080525223617314
2261.329274117950000	 0.080599111756368
2261.562232732770000	 0.080723742094335
2261.795191347600000	 0.080871220841447
2262.028149962430000	 0.081002441084944
2262.261108577250000	 0.081091154597483
2262.494067192080000	 0.081140681002767
2262.727025806900000	 0.081182852668824
2262.959984421730000	 0.081259319474073
2263.192943036560000	 0.081395954676931
2263.425901651380000	 0.081585274972820
2263.658860266210000	 0.081787228935489
2263.891818881030000	 0.081948359235915
2264.124777495860000	 0.082029016944423
2264.357736110690000	 0.082023636716088
2264.590694725510000	 0.081962906219731
2264.823653340340000	 0.081897061512282
2265.056611955170000	 0.081870298455262
2265.289570569990000	 0.081900836415119
2265.522529184820000	 0.081977103535700
2265.755487799640000	 0.082070737398806
2265.988446414470000	 0.082157404069568
2266.221405029300000	 0.082232246860854
2266.454363644120000	 0.082310508528072
2266.687322258950000	 0.082413400753277
2266.920280873780000	 0.082548743441342
2267.153239488600000	 0.082699335993548
2267.386198103430000	 0.082827444304740
2267.619156718250000	 0.082894049291339
2267.852115333080000	 0.082882252314241
2268.085073947910000	 0.082810896047540
2268.318032562730000	 0.082729409733259
2268.550991177560000	 0.082695587164407
2268.783949792390000	 0.082748005106077
2269.016908407210000	 0.082887970734624
2269.249867022040000	 0.083080585949517
2269.482825636860000	 0.083274048367692
2269.715784251690000	 0.083426445897706
2269.948742866520000	 0.083525329440089
2270.181701481340000	 0.083589636793363
2270.414660096170000	 0.083653867499376
2270.647618710990000	 0.083744655966873
2270.880577325820000	 0.083863875137541
2271.113535940650000	 0.083988018555668
2271.346494555470000	 0.084083773717285
2271.579453170300000	 0.084130123996030
2271.812411785130000	 0.084133403274672
2272.045370399950000	 0.084125868162352
2272.278329014780000	 0.084148267509918
2272.511287629600000	 0.084226559585731
2272.744246244430000	 0.084356453927245
2272.977204859260000	 0.084504932832171
2273.210163474080000	 0.084628187948436
2273.443122088910000	 0.084695989444499
2273.676080703740000	 0.084708659254197
2273.909039318560000	 0.084696941187217
2274.141997933390000	 0.084704944477306
2274.374956548210000	 0.084766065567829
2274.607915163040000	 0.084885550309573
2274.840873777870000	 0.085039225482734
2275.073832392690000	 0.085188598116129
2275.306791007520000	 0.085303271160147
2275.539749622350000	 0.085377580185477
2275.772708237170000	 0.085431940650724
2276.005666852000000	 0.085498614111242
2276.238625466820000	 0.085600840135367
2276.471584081650000	 0.085737949636993
2276.704542696480000	 0.085885263140236
2276.937501311300000	 0.086008786947626
2277.170459926130000	 0.086085987981585
2277.403418540950000	 0.086120205947210
2277.636377155780000	 0.086139889009966
2277.869335770610000	 0.086182838054676
2278.102294385430000	 0.086274540772951
2278.335253000260000	 0.086413094745463
2278.568211615090000	 0.086569382317743
2278.801170229910000	 0.086702517009058
2279.034128844740000	 0.086781967799670
2279.267087459560000	 0.086803950696289
2279.500046074390000	 0.086792974855496
2279.733004689220000	 0.086788046165361
2279.965963304040000	 0.086821765991329
2280.198921918870000	 0.086904220272616
2280.431880533700000	 0.087020321376214
2280.664839148520000	 0.087141365534646
2280.897797763350000	 0.087243523090323
2281.130756378170000	 0.087322242505730
2281.363714993000000	 0.087394283032223
2281.596673607830000	 0.087486676790990
2281.829632222650000	 0.087619669352479
2282.062590837480000	 0.087793928675172
2282.295549452300000	 0.087989418872224
2282.528508067130000	 0.088176311693464
2282.761466681960000	 0.088331246971431
2282.994425296780000	 0.088449179120205
2283.227383911610000	 0.088543835006002
2283.460342526440000	 0.088636834771088
2283.693301141260000	 0.088742411624439
2283.926259756090000	 0.088857179301122
2284.159218370910000	 0.088961213358930
2284.392176985740000	 0.089029901051117
2284.625135600570000	 0.089049541571235
2284.858094215390000	 0.089027302767012
2285.091052830220000	 0.088989385019809
2285.324011445050000	 0.088968244189837
2285.556970059870000	 0.088986187987432
2285.789928674700000	 0.089044701046080
2286.022887289520000	 0.089125455361471
2286.255845904350000	 0.089202245657490
2286.488804519180000	 0.089256864057930
2286.721763134000000	 0.089289724338013
2286.954721748830000	 0.089319211062172
2287.187680363660000	 0.089370408402027
2287.420638978480000	 0.089459999447854
2287.653597593310000	 0.089586126551766
2287.886556208130000	 0.089728923517083
2288.119514822960000	 0.089861195090355
2288.352473437790000	 0.089962865644795
2288.585432052610000	 0.090030716679723
2288.818390667440000	 0.090077900529716
2289.051349282260000	 0.090123957635084
2289.284307897090000	 0.090181677354653
2289.517266511920000	 0.090248782601070
2289.750225126740000	 0.090309345184397
2289.983183741570000	 0.090343986969449
2290.216142356400000	 0.090342648820556
2290.449100971220000	 0.090312119942531
2290.682059586050000	 0.090273692739180
2290.915018200870000	 0.090252325071788
2291.147976815700000	 0.090263750958238
2291.380935430530000	 0.090307048764437
2291.613894045350000	 0.090366850299539
2291.846852660180000	 0.090423712428813
2292.079811275010000	 0.090466360968743
2292.312769889830000	 0.090498353558875
2292.545728504660000	 0.090535064905500
2292.778687119480000	 0.090592843960312
2293.011645734310000	 0.090677018512008
2293.244604349140000	 0.090776181626750
2293.477562963960000	 0.090866565489158
2293.710521578790000	 0.090924457129261
2293.943480193620000	 0.090939803377734
2294.176438808440000	 0.090923157503307
2294.409397423270000	 0.090901702939148
2294.642356038090000	 0.090906265003645
2294.875314652920000	 0.090956297683808
2295.108273267750000	 0.091050844690781
2295.341231882570000	 0.091170013327569
2295.574190497400000	 0.091285676320027
2295.807149112220000	 0.091375204692083
2296.040107727050000	 0.091430759196722
2296.273066341880000	 0.091459691796641
2296.506024956700000	 0.091477014134915
2296.738983571530000	 0.091495349968676
2296.971942186360000	 0.091518727861700
2297.204900801180000	 0.091543644997954
2297.437859416010000	 0.091565936313150
2297.670818030830000	 0.091588148624520
2297.903776645660000	 0.091621803514943
2298.136735260490000	 0.091682364818169
2298.369693875310000	 0.091779634806641
2298.602652490140000	 0.091909546142809
2298.835611104970000	 0.092052965754427
2299.068569719790000	 0.092183323361469
2299.301528334620000	 0.092279566835762
2299.534486949440000	 0.092337187694249
2299.767445564270000	 0.092370550170829
2300.000404179100000	 0.092404664960824
2300.233362793920000	 0.092460817922595
2300.466321408750000	 0.092544086357663
2300.699280023570000	 0.092639797716843
2300.932238638400000	 0.092721213034701
2301.165197253230000	 0.092764551775120
2301.398155868050000	 0.092762986818469
2301.631114482880000	 0.092731285637341
2301.864073097710000	 0.092698002421687
2302.097031712530000	 0.092689520891848
2302.329990327360000	 0.092715015746444
2302.562948942180000	 0.092760815825925
2302.795907557010000	 0.092797563391656
2303.028866171840000	 0.092796808968130
2303.261824786660000	 0.092748397270629
2303.494783401490000	 0.092668981809350
2303.727742016320000	 0.092596460556944
2303.960700631140000	 0.092572920606861
2304.193659245970000	 0.092625000958642
2304.426617860790000	 0.092751609819778
2304.659576475620000	 0.092924663483672
2304.892535090450000	 0.093101884907480
2305.125493705270000	 0.093245039001442
2305.358452320100000	 0.093334666052031
2305.591410934930000	 0.093374480191097
2305.824369549750000	 0.093384258112881
2306.057328164580000	 0.093386210858620
2306.290286779400000	 0.093392880948538
2306.523245394230000	 0.093402907164042
2306.756204009060000	 0.093405986562436
2306.989162623880000	 0.093393208113048
2307.222121238710000	 0.093366347432878
2307.455079853530000	 0.093340666697409
2307.688038468360000	 0.093339452985713
2307.920997083190000	 0.093383007044456
2308.153955698010000	 0.093477799241861
2308.386914312840000	 0.093611443506177
2308.619872927670000	 0.093756080246933
2308.852831542490000	 0.093878632923804
2309.085790157320000	 0.093953623403030
2309.318748772140000	 0.093973804424028
2309.551707386970000	 0.093955008341509
2309.784666001800000	 0.093933210871407
2310.017624616620000	 0.093953772367775
2310.250583231450000	 0.094055518522581
2310.483541846280000	 0.094254982227590
2310.716500461100000	 0.094536820493663
2310.949459075930000	 0.094854336387472
2311.182417690750000	 0.095140751404414
2311.415376305580000	 0.095329196906468
2311.648334920410000	 0.095376916651313
2311.881293535230000	 0.095285686695967
2312.114252150060000	 0.095107837666368
2312.347210764880000	 0.094930645117195
2312.580169379710000	 0.094842896018879
2312.813127994540000	 0.094898702247144
2313.046086609360000	 0.095095376187547
2313.279045224190000	 0.095374221912961
2313.512003839020000	 0.095643332412042
2313.744962453840000	 0.095814433701953
2313.977921068670000	 0.095839993943691
2314.210879683490000	 0.095733151385241
2314.443838298320000	 0.095558326864583
2314.676796913150000	 0.095396811354862
2314.909755527970000	 0.095307477270795
2315.142714142800000	 0.095304174698891
2315.375672757630000	 0.095359324807887
2315.608631372450000	 0.095429045914749
2315.841589987280000	 0.095485444692387
2316.074548602100000	 0.095537477063049
2316.307507216930000	 0.095626171013258
2316.540465831760000	 0.095795131763598
2316.773424446580000	 0.096054262490606
2317.006383061410000	 0.096359372937822
2317.239341676240000	 0.096620743573269
2317.472300291060000	 0.096739624849902
2317.705258905890000	 0.096659124791583
2317.938217520710000	 0.096405063465510
2318.171176135540000	 0.096089690399578
2318.404134750370000	 0.095868267423808
2318.637093365190000	 0.095869662767098
2318.870051980020000	 0.096139623363908
2319.103010594840000	 0.096623777640224
2319.335969209670000	 0.097193055547887
2319.568927824500000	 0.097697767286867
2319.801886439320000	 0.098028640652156
2320.034845054150000	 0.098157856954434
2320.267803668980000	 0.098137489096756
2320.500762283800000	 0.098055624592015
2320.733720898630000	 0.097978672366983
2320.966679513450000	 0.097915946814900
2321.199638128280000	 0.097825016561655
2321.432596743110000	 0.097651898883001
2321.665555357930000	 0.097382669144332
2321.898513972760000	 0.097075113022274
2322.131472587590000	 0.096846258976700
2322.364431202410000	 0.096818168371374
2322.597389817240000	 0.097053777108379
2322.830348432060000	 0.097520124063346
2323.063307046890000	 0.098096009073939
2323.296265661720000	 0.098617673407068
2323.529224276540000	 0.098942983999172
2323.762182891370000	 0.099007489315243
2323.995141506200000	 0.098844143200899
2324.228100121020000	 0.098553299671247
2324.461058735850000	 0.098240256021881
2324.694017350670000	 0.097959482237131
2324.926975965500000	 0.097697289586213
2325.159934580330000	 0.097398184114911
2325.392893195150000	 0.097016656628303
2325.625851809980000	 0.096564465034000
2325.858810424800000	 0.096124454429498
2326.091769039630000	 0.095819131273463
2326.324727654460000	 0.095750809169511
2326.557686269280000	 0.095948955758617
2326.790644884110000	 0.096353328451631
2327.023603498940000	 0.096838467589341
2327.256562113760000	 0.097265912100923
2327.489520728590000	 0.097541033116652
2327.722479343410000	 0.097648439813367
2327.955437958240000	 0.097646673312381
2328.188396573070000	 0.097624022116228
2328.421355187890000	 0.097641923715265
2328.654313802720000	 0.097699626635183
2328.887272417550000	 0.097738356739818
2329.120231032370000	 0.097680083400086
2329.353189647200000	 0.097479008628228
2329.586148262020000	 0.097156988098898
2329.819106876850000	 0.096800487979811
2330.052065491680000	 0.096518672720928
2330.285024106500000	 0.096388010973659
2330.517982721330000	 0.096416970574780
2330.750941336150000	 0.096549054873843
2330.983899950980000	 0.096699185569135
2331.216858565810000	 0.096802604292996
2331.449817180630000	 0.096850334418749
2331.682775795460000	 0.096891149261407
2331.915734410290000	 0.096998071042837
2332.148693025110000	 0.097219666909146
2332.381651639940000	 0.097545819224598
2332.614610254760000	 0.097906965803082
2332.847568869590000	 0.098205766062454
2333.080527484420000	 0.098364227916725
2333.313486099240000	 0.098362053017628
2333.546444714070000	 0.098244813034908
2333.779403328900000	 0.098095960633903
2334.012361943720000	 0.097988933948393
2334.245320558550000	 0.097948351806870
2334.478279173370000	 0.097942022197663
2334.711237788200000	 0.097905807189306
2334.944196403030000	 0.097785815240485
2335.177155017850000	 0.097574219609401
2335.410113632680000	 0.097318004359076
2335.643072247510000	 0.097094684641117
2335.876030862330000	 0.096969471437015
2336.108989477160000	 0.096960105258661
2336.341948091980000	 0.097029497319524
2336.574906706810000	 0.097108771005340
2336.807865321640000	 0.097137095085898
2337.040823936460000	 0.097096635863654
2337.273782551290000	 0.097022884937893
2337.506741166110000	 0.096983553189155
2337.739699780940000	 0.097038404736744
2337.972658395770000	 0.097204587869090
2338.205617010590000	 0.097447362109521
2338.438575625420000	 0.097699620838172
2338.671534240250000	 0.097897966104489
2338.904492855070000	 0.098015636101367
2339.137451469900000	 0.098074492734832
2339.370410084720000	 0.098129279724868
2339.603368699550000	 0.098233596133664
2339.836327314380000	 0.098408357020449
2340.069285929200000	 0.098631221195828
2340.302244544030000	 0.098851843610564
2340.535203158860000	 0.099022931134770
2340.768161773680000	 0.099128837351026
2341.001120388510000	 0.099194796556522
2341.234079003330000	 0.099270846545240
2341.467037618160000	 0.099400147171667
2341.699996232990000	 0.099591441068815
2341.932954847810000	 0.099812257877592
2342.165913462640000	 0.100006247801058
2342.398872077470000	 0.100124316148914
2342.631830692290000	 0.100151976085355
2342.864789307120000	 0.100117077503013
2343.097747921940000	 0.100072779356823
2343.330706536770000	 0.100065701546890
2343.563665151600000	 0.100108784912878
2343.796623766420000	 0.100175186737525
2344.029582381250000	 0.100216357114350
2344.262540996070000	 0.100193527166980
2344.495499610900000	 0.100104342267607
2344.728458225730000	 0.099988275117337
2344.961416840550000	 0.099905863555435
2345.194375455380000	 0.099902747605636
2345.427334070210000	 0.099979516081364
2345.660292685030000	 0.100084991692497
2345.893251299860000	 0.100136954477737
2346.126209914680000	 0.100060004105082
2346.359168529510000	 0.099822065952316
2346.592127144340000	 0.099451279619128
2346.825085759160000	 0.099024261394409
2347.058044373990000	 0.098632053521008
2347.291002988820000	 0.098342495222590
2347.523961603640000	 0.098178291151862
2347.756920218470000	 0.098119033726029
2347.989878833290000	 0.098121763012523
2348.222837448120000	 0.098146552167639
2348.455796062950000	 0.098173557707772
2348.688754677770000	 0.098204476960316
2348.921713292600000	 0.098250870224834
2349.154671907420000	 0.098319120718472
2349.387630522250000	 0.098402545354875
2349.620589137080000	 0.098485441132622
2349.853547751900000	 0.098555969317277
2350.086506366730000	 0.098619332760470
2350.319464981560000	 0.098702043250689
2350.552423596380000	 0.098842499066692
2350.785382211210000	 0.099070871167311
2351.018340826030000	 0.099388284533681
2351.251299440860000	 0.099756853610854
2351.484258055690000	 0.100107033402142
2351.717216670510000	 0.100360204424908
2351.950175285340000	 0.100457060105474
2352.183133900170000	 0.100379348649744
2352.416092514990000	 0.100155245294187
2352.649051129820000	 0.099846568209387
2352.882009744640000	 0.099525351993859
2353.114968359470000	 0.099251929057284
2353.347926974300000	 0.099063511613305
2353.580885589120000	 0.098974344787611
2353.813844203950000	 0.098981976658751
2354.046802818780000	 0.099072978926770
2354.279761433600000	 0.099225105724247
2354.512720048430000	 0.099407945919980
2354.745678663250000	 0.099586661387483
2354.978637278080000	 0.099731431151429
2355.211595892910000	 0.099830015114976
2355.444554507730000	 0.099896073546603
2355.677513122560000	 0.099965354891041
2355.910471737380000	 0.100077362484219
2356.143430352210000	 0.100249509101877
2356.376388967040000	 0.100458025556790
2356.609347581860000	 0.100638987961663
2356.842306196690000	 0.100713219807990
2357.075264811520000	 0.100625966108006
2357.308223426340000	 0.100382792459395
2357.541182041170000	 0.100061607907115
2357.774140655990000	 0.099789402897248
2358.007099270820000	 0.099689798346534
2358.240057885650000	 0.099825151487270
2358.473016500470000	 0.100162368174973
2358.705975115300000	 0.100580098384251
2358.938933730130000	 0.100914829733241
2359.171892344950000	 0.101026473330320
2359.404850959780000	 0.100856175501330
2359.637809574600000	 0.100451345794499
2359.870768189430000	 0.099946101126278
2360.103726804260000	 0.099506617539256
2360.336685419080000	 0.099268717267135
2360.569644033910000	 0.099296467418730
2360.802602648740000	 0.099575160417401
2361.035561263560000	 0.100032539152234
2361.268519878390000	 0.100571109350901
2361.501478493210000	 0.101095013912400
2361.734437108040000	 0.101523331871480
2361.967395722870000	 0.101792073725917
2362.200354337690000	 0.101854081721730
2362.433312952520000	 0.101685681414007
2362.666271567340000	 0.101301441911085
2362.899230182170000	 0.100768535467689
2363.132188797000000	 0.100206831357128
2363.365147411820000	 0.099765158452402
2363.598106026650000	 0.099577440985274
2363.831064641480000	 0.099716422845908
2364.064023256300000	 0.100166803851708
2364.296981871130000	 0.100830422805107
2364.529940485950000	 0.101560553203491
2364.762899100780000	 0.102210079964310
2364.995857715610000	 0.102673957316526
2365.228816330430000	 0.102909948671680
2365.461774945260000	 0.102931909116307
2365.694733560090000	 0.102783375895089
2365.927692174910000	 0.102508917252424
2366.160650789740000	 0.102139897526780
2366.393609404560000	 0.101700303234656
2366.626568019390000	 0.101224521409420
2366.859526634220000	 0.100771120505916
2367.092485249040000	 0.100419270613400
2367.325443863870000	 0.100245979597869
2367.558402478690000	 0.100295659173528
2367.791361093520000	 0.100559577370922
2368.024319708350000	 0.100977414769978
2368.257278323170000	 0.101460702679485
2368.490236938000000	 0.101926534869103
2368.723195552830000	 0.102325239957422
2368.956154167650000	 0.102649141597878
2369.189112782480000	 0.102919534072232
2369.422071397300000	 0.103160884726021
2369.655030012130000	 0.103378146526490
2369.887988626960000	 0.103550359360758
2370.120947241780000	 0.103643328663637
2370.353905856610000	 0.103632793569552
2370.586864471440000	 0.103523511469046
2370.819823086260000	 0.103352066435224
2371.052781701090000	 0.103170864546706
2371.285740315910000	 0.103022420813491
2371.518698930740000	 0.102919241875162
2371.751657545570000	 0.102841106041082
2371.984616160390000	 0.102750925284878
2372.217574775220000	 0.102619608025931
2372.450533390050000	 0.102445429958569
2372.683492004870000	 0.102256656465342
2372.916450619700000	 0.102095901649264
2373.149409234520000	 0.101995650498674
2373.382367849350000	 0.101959706620921
2373.615326464180000	 0.101961526474455
2373.848285079000000	 0.101960186284665
2374.081243693830000	 0.101924604500787
2374.314202308650000	 0.101852115279005
2374.547160923480000	 0.101770656098994
2374.780119538310000	 0.101723133743014
2375.013078153130000	 0.101742963355362
2375.246036767960000	 0.101834943792906
2375.478995382790000	 0.101972211116956
2375.711953997610000	 0.102110488666170
2375.944912612440000	 0.102211250966433
2376.177871227260000	 0.102260872618268
2376.410829842090000	 0.102275335936491
2376.643788456920000	 0.102288295168572
2376.876747071740000	 0.102329846455340
2377.109705686570000	 0.102408503435586
2377.342664301400000	 0.102506412537149
2377.575622916220000	 0.102589659452514
2377.808581531050000	 0.102626915441931
2378.041540145870000	 0.102605422989858
2378.274498760700000	 0.102535368197283
2378.507457375530000	 0.102440796836690
2378.740415990350000	 0.102343388634562
2378.973374605180000	 0.102249579525676
2379.206333220010000	 0.102149022922840
2379.439291834830000	 0.102024999318723
2379.672250449660000	 0.101869896191917
2379.905209064480000	 0.101695664278481
2380.138167679310000	 0.101531971023134
2380.371126294140000	 0.101412159994547
2380.604084908960000	 0.101354847756000
2380.837043523790000	 0.101352139626216
2381.070002138610000	 0.101371861295594
2381.302960753440000	 0.101373171143948
2381.535919368270000	 0.101327292428717
2381.768877983090000	 0.101232043569425
2382.001836597920000	 0.101111966565438
2382.234795212750000	 0.101003753256560
2382.467753827570000	 0.100935124119672
2382.700712442400000	 0.100909181022588
2382.933671057220000	 0.100903007747339
2383.166629672050000	 0.100881048381292
2383.399588286880000	 0.100815553805688
2383.632546901700000	 0.100702586391798
2383.865505516530000	 0.100564560786178
2384.098464131360000	 0.100437864319230
2384.331422746180000	 0.100352694696868
2384.564381361010000	 0.100316725675643
2384.797339975830000	 0.100311737896988
2385.030298590660000	 0.100304648702459
2385.263257205490000	 0.100266244798981
2385.496215820310000	 0.100186856328458
2385.729174435140000	 0.100080190114677
2385.962133049960000	 0.099973489690738
2386.195091664790000	 0.099890277501360
2386.428050279620000	 0.099836266081318
2386.661008894440000	 0.099796845395155
2386.893967509270000	 0.099747370984102
2387.126926124100000	 0.099669816369381
2387.359884738920000	 0.099565595148558
2387.592843353750000	 0.099456514751100
2387.825801968570000	 0.099372809671666
2388.058760583400000	 0.099335099814482
2388.291719198230000	 0.099341037716283
2388.524677813050000	 0.099364770664759
2388.757636427880000	 0.099369868868495
2388.990595042710000	 0.099328637577463
2389.223553657530000	 0.099237032041551
2389.456512272360000	 0.099116672025962
2389.689470887180000	 0.099002648522097
2389.922429502010000	 0.098924033289173
2390.155388116840000	 0.098888255773567
2390.388346731660000	 0.098878069104363
2390.621305346490000	 0.098862344384017
2390.854263961320000	 0.098814069126468
2391.087222576140000	 0.098725073597455
2391.320181190970000	 0.098609109392162
2391.553139805790000	 0.098491836724602
2391.786098420620000	 0.098394160344509
2392.019057035450000	 0.098319341734614
2392.252015650270000	 0.098251817635552
2392.484974265100000	 0.098168350098420
2392.717932879920000	 0.098054611304513
2392.950891494750000	 0.097916910802149
2393.183850109580000	 0.097781401544211
2393.416808724400000	 0.097680468500628
2393.649767339230000	 0.097633950466508
2393.882725954060000	 0.097636374690478
2394.115684568880000	 0.097658093057940
2394.348643183710000	 0.097660173233736
2394.581601798530000	 0.097614986438642
2394.814560413360000	 0.097521018832841
2395.047519028190000	 0.097403349205135
2395.280477643010000	 0.097299163022186
2395.513436257840000	 0.097236354764687
2395.746394872670000	 0.097217431834162
2395.979353487490000	 0.097217848737881
2396.212312102320000	 0.097199552085870
2396.445270717140000	 0.097131980620165
2396.678229331970000	 0.097008716531081
2396.911187946800000	 0.096850457754653
2397.144146561620000	 0.096692747285488
2397.377105176450000	 0.096565739563333
2397.610063791280000	 0.096477888238655
2397.843022406100000	 0.096412891075425
2398.075981020930000	 0.096341258408900
2398.308939635750000	 0.096239425747963
2398.541898250580000	 0.096105136590639
2398.774856865410000	 0.095960030413265
2399.007815480230000	 0.095837828866271
2399.240774095060000	 0.095765061728378
2399.473732709880000	 0.095745705251956
2399.706691324710000	 0.095758623718743
2399.939649939540000	 0.095769040142828
2400.172608554360000	 0.095747201364928
2400.405567169190000	 0.095683465874371
2400.638525784020000	 0.095591243751858
2400.871484398840000	 0.095496393367700
2401.104443013670000	 0.095419798061825
2401.337401628490000	 0.095363914274215
2401.570360243320000	 0.095311476523899
2401.803318858150000	 0.095237016969701
2402.036277472970000	 0.095124112360491
2402.269236087800000	 0.094977758560215
2402.502194702630000	 0.094823949440177
2402.735153317450000	 0.094696079509730
2402.968111932280000	 0.094615915328493
2403.201070547100000	 0.094580484564006
2403.434029161930000	 0.094562901046756
2403.666987776760000	 0.094527012676294
2403.899946391580000	 0.094447761590419
2404.132905006410000	 0.094325719386900
2404.365863621230000	 0.094187267962898
2404.598822236060000	 0.094069948943829
2404.831780850890000	 0.094001197484167
2405.064739465710000	 0.093982675681061
2405.297698080540000	 0.093989127761142
2405.530656695370000	 0.093982254558606
2405.763615310190000	 0.093931673178487
2405.996573925020000	 0.093831185530405
2406.229532539840000	 0.093701254900650
2406.462491154670000	 0.093576455740008
2406.695449769500000	 0.093485411984189
2406.928408384320000	 0.093435057152864
2407.161366999150000	 0.093408185963736
2407.394325613980000	 0.093375180711696
2407.627284228800000	 0.093312539817375
2407.860242843630000	 0.093217067138198
2408.093201458450000	 0.093107245498311
2408.326160073280000	 0.093010988576307
2408.559118688110000	 0.092947275145425
2408.792077302930000	 0.092912968504597
2409.025035917760000	 0.092882966703035
2409.257994532590000	 0.092823821814885
2409.490953147410000	 0.092713035132734
2409.723911762240000	 0.092552821919888
2409.956870377060000	 0.092370093231885
2410.189828991890000	 0.092202289389915
2410.422787606720000	 0.092077110535089
2410.655746221540000	 0.091997901007770
2410.888704836370000	 0.091943037220301
2411.121663451190000	 0.091879408705978
2411.354622066020000	 0.091782046404650
2411.587580680850000	 0.091648582480681
2411.820539295670000	 0.091500240878948
2412.053497910500000	 0.091368910234313
2412.286456525330000	 0.091278140573750
2412.519415140150000	 0.091229510071601
2412.752373754980000	 0.091202393170997
2412.985332369800000	 0.091167006877836
2413.218290984630000	 0.091102777325056
2413.451249599460000	 0.091010972565583
2413.684208214280000	 0.090913838033913
2413.917166829110000	 0.090840454001294
2414.150125443940000	 0.090807679285531
2414.383084058760000	 0.090807759899658
2414.616042673590000	 0.090810321458696
2414.849001288410000	 0.090777996948997
2415.081959903240000	 0.090686988059537
2415.314918518070000	 0.090540830703261
2415.547877132890000	 0.090369198892683
2415.780835747720000	 0.090212033434717
2416.013794362550000	 0.090097938359432
2416.246752977370000	 0.090029287354483
2416.479711592200000	 0.089982513613799
2416.712670207020000	 0.089923175140351
2416.945628821850000	 0.089826970040728
2417.178587436680000	 0.089694546708215
2417.411546051500000	 0.089551441069330
2417.644504666330000	 0.089433031532728
2417.877463281150000	 0.089363275031124
2418.110421895980000	 0.089339746132913
2418.343380510810000	 0.089333761051539
2418.576339125630000	 0.089305590615966
2418.809297740460000	 0.089226238761074
2419.042256355290000	 0.089093603101631
2419.275214970110000	 0.088933908451951
2419.508173584940000	 0.088787606443540
2419.741132199760000	 0.088687883891344
2419.974090814590000	 0.088644058369234
2420.207049429420000	 0.088638883124863
2420.440008044240000	 0.088640425383194
2420.672966659070000	 0.088620940319369
2420.905925273900000	 0.088571580849057
2421.138883888720000	 0.088504580795580
2421.371842503550000	 0.088442158115829
2421.604801118370000	 0.088399469329644
2421.837759733200000	 0.088372517058450
2422.070718348030000	 0.088338693804580
2422.303676962850000	 0.088269805526618
2422.536635577680000	 0.088149830155951
2422.769594192500000	 0.087986656504590
2423.002552807330000	 0.087810305428183
2423.235511422160000	 0.087658021676730
2423.468470036980000	 0.087554621497401
2423.701428651810000	 0.087499528800444
2423.934387266640000	 0.087468009437585
2424.167345881460000	 0.087425803402064
2424.400304496290000	 0.087348736990330
2424.633263111120000	 0.087236155209082
2424.866221725940000	 0.087110544658558
2425.099180340770000	 0.087003710373613
2425.332138955590000	 0.086937830548670
2425.565097570420000	 0.086912694074699
2425.798056185250000	 0.086906486739334
2426.031014800070000	 0.086889255700585
2426.263973414900000	 0.086840756375103
2426.496932029720000	 0.086761940895327
2426.729890644550000	 0.086673143652222
2426.962849259380000	 0.086600026587013
2427.195807874200000	 0.086555948305285
2427.428766489030000	 0.086531804678346
2427.661725103860000	 0.086499911378940
2427.894683718680000	 0.086430007290158
2428.127642333510000	 0.086308117966334
2428.360600948330000	 0.086146987795951
2428.593559563160000	 0.085981283411382
2428.826518177990000	 0.085849560859768
2429.059476792810000	 0.085773075092317
2429.292435407640000	 0.085743761409180
2429.525394022460000	 0.085728541541544
2429.758352637290000	 0.085687737649916
2429.991311252120000	 0.085597378894062
2430.224269866940000	 0.085462890935144
2430.457228481770000	 0.085316289675675
2430.690187096600000	 0.085198274780927
2430.923145711420000	 0.085135400517251
2431.156104326250000	 0.085125398385361
2431.389062941070000	 0.085138867265276
2431.622021555900000	 0.085136062127728
2431.854980170730000	 0.085089075462716
2432.087938785550000	 0.084996851382463
2432.320897400380000	 0.084884600568660
2432.553856015210000	 0.084788161690261
2432.786814630030000	 0.084732662152600
2433.019773244860000	 0.084718079387424
2433.252731859680000	 0.084719959650994
2433.485690474510000	 0.084704503123507
2433.718649089340000	 0.084648984769636
2433.951607704160000	 0.084555560775889
2434.184566318990000	 0.084450363932583
2434.417524933820000	 0.084368376242606
2434.650483548640000	 0.084333013197294
2434.883442163470000	 0.084342452098534
2435.116400778290000	 0.084370540828622
2435.349359393120000	 0.084381439446828
2435.582318007950000	 0.084349298762767
2435.815276622770000	 0.084271599181301
2436.048235237600000	 0.084168595689161
2436.281193852420000	 0.084069570632761
2436.514152467250000	 0.083994531675192
2436.747111082080000	 0.083942651237019
2436.980069696900000	 0.083894410571173
2437.213028311730000	 0.083825940957487
2437.445986926560000	 0.083726667242719
2437.678945541380000	 0.083609261460295
2437.911904156210000	 0.083505296971593
2438.144862771030000	 0.083448538928395
2438.377821385860000	 0.083455512904418
2438.610780000690000	 0.083514935772117
2438.843738615510000	 0.083592452574755
2439.076697230340000	 0.083648198699999
2439.309655845170000	 0.083657347653435
2439.542614459990000	 0.083622036036698
2439.775573074820000	 0.083567847070262
2440.008531689640000	 0.083526951809713
2440.241490304470000	 0.083517977349127
2440.474448919300000	 0.083534666068301
2440.707407534120000	 0.083550040904524
2440.940366148950000	 0.083533508903066
2441.173324763770000	 0.083470704657615
2441.406283378600000	 0.083374125946696
2441.639241993430000	 0.083277744481274
2441.872200608250000	 0.083218167728926
2442.105159223080000	 0.083213198471559
2442.338117837910000	 0.083250540301504
2442.571076452730000	 0.083293595364892
2442.804035067560000	 0.083301437071619
2443.036993682380000	 0.083251933610998
2443.269952297210000	 0.083155015062486
2443.502910912040000	 0.083048309693603
2443.735869526860000	 0.082977257060552
2443.968828141690000	 0.082970832383696
2444.201786756520000	 0.083026605390879
2444.434745371340000	 0.083113330824591
2444.667703986170000	 0.083189185857821
2444.900662600990000	 0.083225125581214
2445.133621215820000	 0.083220204165182
2445.366579830650000	 0.083200345471298
2445.599538445470000	 0.083201543030451
2445.832497060300000	 0.083247531657824
2446.065455675130000	 0.083335080835417
2446.298414289950000	 0.083435290845969
2446.531372904780000	 0.083509782974804
2446.764331519600000	 0.083532210477651
2446.997290134430000	 0.083502675622033
2447.230248749260000	 0.083446812225807
2447.463207364080000	 0.083400260302877
2447.696165978910000	 0.083387920514960
2447.929124593730000	 0.083410381662031
2448.162083208560000	 0.083445371086788
2448.395041823390000	 0.083462997344777
2448.628000438210000	 0.083445492545506
2448.860959053040000	 0.083399600619502
2449.093917667870000	 0.083354026852602
2449.326876282690000	 0.083343188389959
2449.559834897520000	 0.083386810982803
2449.792793512340000	 0.083477527520978
2450.025752127170000	 0.083583876000650
2450.258710742000000	 0.083667056205208
2450.491669356820000	 0.083701925736518
2450.724627971650000	 0.083690309785861
2450.957586586480000	 0.083659012939547
2451.190545201300000	 0.083643711418892
2451.423503816130000	 0.083668183307792
2451.656462430950000	 0.083730997466059
2451.889421045780000	 0.083807161320371
2452.122379660610000	 0.083863352460073
2452.355338275430000	 0.083877598678264
2452.588296890260000	 0.083851891215394
2452.821255505090000	 0.083810424689164
2453.054214119910000	 0.083784681987778
2453.287172734740000	 0.083794487917743
2453.520131349560000	 0.083836508212741
2453.753089964390000	 0.083886993573178
2453.986048579220000	 0.083916942715087
2454.219007194040000	 0.083910537848648
2454.451965808870000	 0.083875775622762
2454.684924423700000	 0.083840721153903
2454.917883038520000	 0.083837351074355
2455.150841653350000	 0.083882545472525
2455.383800268170000	 0.083967629318953
2455.616758883000000	 0.084062734732874
2455.849717497830000	 0.084133459188121
2456.082676112650000	 0.084160128927290
2456.315634727480000	 0.084148413612382
2456.548593342300000	 0.084124951853915
2456.781551957130000	 0.084120466865171
2457.014510571960000	 0.084150470316065
2457.247469186780000	 0.084205242446335
2457.480427801610000	 0.084255242451002
2457.713386416440000	 0.084268938419477
2457.946345031260000	 0.084232705332721
2458.179303646090000	 0.084160983607675
2458.412262260910000	 0.084090205258304
2458.645220875740000	 0.084059388152472
2458.878179490570000	 0.084088387348451
2459.111138105390000	 0.084166460140778
2459.344096720220000	 0.084257887905531
2459.577055335040000	 0.084321609280415
2459.810013949870000	 0.084333907507784
2460.042972564700000	 0.084301406681586
2460.275931179520000	 0.084256921950255
2460.508889794350000	 0.084240407511263
2460.741848409180000	 0.084275913409468
2460.974807024000000	 0.084357773745780
2461.207765638830000	 0.084453750830760
2461.440724253650000	 0.084523071709651
2461.673682868480000	 0.084538997414906
2461.906641483310000	 0.084503188172547
2462.139600098130000	 0.084443842913344
2462.372558712960000	 0.084398935890686
2462.605517327790000	 0.084394552442966
2462.838475942610000	 0.084431007914932
2463.071434557440000	 0.084484480153348
2463.304393172260000	 0.084522582604023
2463.537351787090000	 0.084524298390973
2463.770310401920000	 0.084492382340533
2464.003269016740000	 0.084450879901672
2464.236227631570000	 0.084429348287827
2464.469186246390000	 0.084443506091745
2464.702144861220000	 0.084484271946929
2464.935103476050000	 0.084522033633544
2465.168062090870000	 0.084523823777815
2465.401020705700000	 0.084473402457109
2465.633979320530000	 0.084382347075007
2465.866937935350000	 0.084285215160504
2466.099896550180000	 0.084221109411219
2466.332855165000000	 0.084212198509846
2466.565813779830000	 0.084251748078733
2466.798772394660000	 0.084308645835614
2467.031731009480000	 0.084345781736747
2467.264689624310000	 0.084341682802466
2467.497648239140000	 0.084302867422133
2467.730606853960000	 0.084259555829521
2467.963565468790000	 0.084247006243142
2468.196524083610000	 0.084283354875266
2468.429482698440000	 0.084357072721148
2468.662441313270000	 0.084431566256927
2468.895399928090000	 0.084464564570474
2469.128358542920000	 0.084431544494399
2469.361317157750000	 0.084340050020375
2469.594275772570000	 0.084226651027925
2469.827234387400000	 0.084138019292948
2470.060193002220000	 0.084106724295676
2470.293151617050000	 0.084135286996935
2470.526110231880000	 0.084196989949247
2470.759068846700000	 0.084252250500098
2470.992027461530000	 0.084270816404721
2471.224986076360000	 0.084247203470555
2471.457944691180000	 0.084200997468510
2471.690903306010000	 0.084162596064428
2471.923861920830000	 0.084153545828761
2472.156820535660000	 0.084173566609315
2472.389779150490000	 0.084201873394442
2472.622737765310000	 0.084211525880616
2472.855696380140000	 0.084187725833931
2473.088654994960000	 0.084138649847456
2473.321613609790000	 0.084091817789235
2473.554572224620000	 0.084077762951497
2473.787530839440000	 0.084110731443452
2474.020489454270000	 0.084178242524875
2474.253448069100000	 0.084246192342081
2474.486406683920000	 0.084277046117442
2474.719365298750000	 0.084250969318857
2474.952323913570000	 0.084177757259112
2475.185282528400000	 0.084092331137068
2475.418241143230000	 0.084035930014808
2475.651199758050000	 0.084033597735293
2475.884158372880000	 0.084080836519552
2476.117116987710000	 0.084146911328970
2476.350075602530000	 0.084192697187008
2476.583034217360000	 0.084192834318735
2476.815992832180000	 0.084149639638439
2477.048951447010000	 0.084090903980068
2477.281910061840000	 0.084052989008914
2477.514868676660000	 0.084059281529135
2477.747827291490000	 0.084106733227320
2477.980785906310000	 0.084168236755373
2478.213744521140000	 0.084209205200322
2478.446703135970000	 0.084208557370930
2478.679661750790000	 0.084171813053434
2478.912620365620000	 0.084128466363516
2479.145578980450000	 0.084114909783288
2479.378537595270000	 0.084152753320497
2479.611496210100000	 0.084235151627725
2479.844454824920000	 0.084329017751199
2480.077413439750000	 0.084391861642040
2480.310372054580000	 0.084393879319838
2480.543330669400000	 0.084333161878587
2480.776289284230000	 0.084235836781604
2481.009247899060000	 0.084141520054000
2481.242206513880000	 0.084082802329072
2481.475165128710000	 0.084070525777301
2481.708123743530000	 0.084092538782182
2481.941082358360000	 0.084125286409867
2482.174040973190000	 0.084150223873376
2482.406999588010000	 0.084164755469850
2482.639958202840000	 0.084181258709675
2482.872916817670000	 0.084215442716089
2483.105875432490000	 0.084272160806685
2483.338834047320000	 0.084338455423503
2483.571792662140000	 0.084388968878457
2483.804751276970000	 0.084400930249629
2484.037709891800000	 0.084369636116162
2484.270668506620000	 0.084314423741747
2484.503627121450000	 0.084270330693893
2484.736585736270000	 0.084269221322139
2484.969544351100000	 0.084321016112120
2485.202502965930000	 0.084406275924515
2485.435461580750000	 0.084485162038709
2485.668420195580000	 0.084518477133032
2485.901378810410000	 0.084489471931955
2486.134337425230000	 0.084414215943639
2486.367296040060000	 0.084334254909257
2486.600254654880000	 0.084295117881357
2486.833213269710000	 0.084322445059741
2487.066171884540000	 0.084408970684148
2487.299130499360000	 0.084519342884878
2487.532089114190000	 0.084609714133780
2487.765047729020000	 0.084651030705431
2487.998006343840000	 0.084643181338731
2488.230964958670000	 0.084612456591125
2488.463923573490000	 0.084594337626330
2488.696882188320000	 0.084612067844693
2488.929840803150000	 0.084663632527167
2489.162799417970000	 0.084724401253182
2489.395758032800000	 0.084763281827577
2489.628716647630000	 0.084762432003551
2489.861675262450000	 0.084728656467979
2490.094633877280000	 0.084689574901962
2490.327592492100000	 0.084676786721014
2490.560551106930000	 0.084706222083282
2490.793509721760000	 0.084767652208132
2491.026468336580000	 0.084829813795014
2491.259426951410000	 0.084858328747975
2491.492385566230000	 0.084836095273133
2491.725344181060000	 0.084774225424717
2491.958302795890000	 0.084706834208310
2492.191261410710000	 0.084672330008499
2492.424220025540000	 0.084691914286322
2492.657178640370000	 0.084757722258925
2492.890137255190000	 0.084837335625312
2493.123095870020000	 0.084891918221071
2493.356054484840000	 0.084897563850611
2493.589013099670000	 0.084857735426561
2493.821971714500000	 0.084799809539800
2494.054930329320000	 0.084758010963511
2494.287888944150000	 0.084753074786475
2494.520847558970000	 0.084780791439374
2494.753806173800000	 0.084816051114644
2494.986764788630000	 0.084829693679538
2495.219723403450000	 0.084807958323688
2495.452682018280000	 0.084762760219115
2495.685640633110000	 0.084726284304391
2495.918599247930000	 0.084732688136604
2496.151557862760000	 0.084797599703472
2496.384516477580000	 0.084907585831950
2496.617475092410000	 0.085025900983978
2496.850433707240000	 0.085111361461385
2497.083392322060000	 0.085139712552613
2497.316350936890000	 0.085115396294721
2497.549309551720000	 0.085066987531534
2497.782268166540000	 0.085028992296409
2498.015226781370000	 0.085020803058649
2498.248185396190000	 0.085035309432871
2498.481144011020000	 0.085043846786750
2498.714102625850000	 0.085014510558255
2498.947061240670000	 0.084933091454331
2499.180019855500000	 0.084814255230319
2499.412978470330000	 0.084696020414358
2499.645937085150000	 0.084620246390801
2499.878895699980000	 0.084610165787562
2500.111854314800000	 0.084657803862205
2500.344812929630000	 0.084728322709472
2500.577771544460000	 0.084778643908110
2500.810730159280000	 0.084779829180609
2501.043688774110000	 0.084730806095082
2501.276647388940000	 0.084656040232767
2501.509606003760000	 0.084589037973548
2501.742564618590000	 0.084551811003736
2501.975523233410000	 0.084542555187795
2502.208481848240000	 0.084538511184264
2502.441440463070000	 0.084511758922725
2502.674399077890000	 0.084448130364751
2502.907357692720000	 0.084357693097033
2503.140316307540000	 0.084270260092596
2503.373274922370000	 0.084218379391284
2503.606233537200000	 0.084217955019091
2503.839192152020000	 0.084258194587534
2504.072150766850000	 0.084306993066577
2504.305109381680000	 0.084328729909668
2504.538067996500000	 0.084304221342124
2504.771026611330000	 0.084241225031144
2505.003985226150000	 0.084169222816654
2505.236943840980000	 0.084121406825477
2505.469902455810000	 0.084114509353835
2505.702861070630000	 0.084138480885344
2505.935819685460000	 0.084162143693595
2506.168778300290000	 0.084151556718021
2506.401736915110000	 0.084090464351634
2506.634695529940000	 0.083990886041406
2506.867654144760000	 0.083887396302698
2507.100612759590000	 0.083818089153696
2507.333571374420000	 0.083803163604840
2507.566529989240000	 0.083833536166506
2507.799488604070000	 0.083875956824794
2508.032447218900000	 0.083891557669710
2508.265405833720000	 0.083857215933775
2508.498364448550000	 0.083777609548668
2508.731323063370000	 0.083681151549692
2508.964281678200000	 0.083602315632875
2509.197240293030000	 0.083560858399587
2509.430198907850000	 0.083550159481248
2509.663157522680000	 0.083541299449161
2509.896116137500000	 0.083500196085082
2510.129074752330000	 0.083407662269631
2510.362033367160000	 0.083270691843095
2510.594991981980000	 0.083118411619228
2510.827950596810000	 0.082985172795022
2511.060909211640000	 0.082890919682729
2511.293867826460000	 0.082830490861978
2511.526826441290000	 0.082777974555629
2511.759785056110000	 0.082703253698984
2511.992743670940000	 0.082590822284962
2512.225702285770000	 0.082449716795577
2512.458660900590000	 0.082308637748851
2512.691619515420000	 0.082199174668732
2512.924578130250000	 0.082137263656844
2513.157536745070000	 0.082114031765367
2513.390495359900000	 0.082101387815998
2513.623453974720000	 0.082068852981607
2513.856412589550000	 0.082001511632231
2514.089371204380000	 0.081908285732098
2514.322329819200000	 0.081815406226624
2514.555288434030000	 0.081748900334260
2514.788247048850000	 0.081716815498956
2515.021205663680000	 0.081702305874503
2515.254164278510000	 0.081672261966460
2515.487122893330000	 0.081596880921221
2515.720081508160000	 0.081468919308160
2515.953040122990000	 0.081311062986970
2516.185998737810000	 0.081166255060353
2516.418957352640000	 0.081075653398293
2516.651915967460000	 0.081056422576036
2516.884874582290000	 0.081091997275873
2517.117833197120000	 0.081140427218575
2517.350791811940000	 0.081156269990084
2517.583750426770000	 0.081114057751114
2517.816709041600000	 0.081020517541943
2518.049667656420000	 0.080908914933138
2518.282626271250000	 0.080818945730222
2518.515584886070000	 0.080773848492835
2518.748543500900000	 0.080767814570590
2518.981502115730000	 0.080770511399293
2519.214460730550000	 0.080745600493912
2519.447419345380000	 0.080672340690350
2519.680377960210000	 0.080557851569188
2519.913336575030000	 0.080433077079731
2520.146295189860000	 0.080334979707865
2520.379253804680000	 0.080285535645761
2520.612212419510000	 0.080279766350823
2520.845171034340000	 0.080289415721202
2521.078129649160000	 0.080279665682259
2521.311088263990000	 0.080228971800456
2521.544046878810000	 0.080140618459827
2521.777005493640000	 0.080039601010902
2522.009964108470000	 0.079957140671348
2522.242922723290000	 0.079912414325295
2522.475881338120000	 0.079902421684613
2522.708839952950000	 0.079905587149387
2522.941798567770000	 0.079896254601813
2523.174757182600000	 0.079860838479891
2523.407715797420000	 0.079805623414676
2523.640674412250000	 0.079751421501332
2523.873633027080000	 0.079718519164592
2524.106591641900000	 0.079711573925828
2524.339550256730000	 0.079714309646769
2524.572508871560000	 0.079697832903572
2524.805467486380000	 0.079637977674821
2525.038426101210000	 0.079531355541818
2525.271384716030000	 0.079400070652394
2525.504343330860000	 0.079281396283112
2525.737301945690000	 0.079207699869344
2525.970260560510000	 0.079188142787694
2526.203219175340000	 0.079203062786419
2526.436177790160000	 0.079214709844421
2526.669136404990000	 0.079188569626891
2526.902095019820000	 0.079113325045019
2527.135053634640000	 0.079007962782271
2527.368012249470000	 0.078911546767211
2527.600970864300000	 0.078861109468680
2527.833929479120000	 0.078870188187486
2528.066888093950000	 0.078920291859644
2528.299846708770000	 0.078970138463226
2528.532805323600000	 0.078977443702048
2528.765763938430000	 0.078921114100515
2528.998722553250000	 0.078811534562704
2529.231681168080000	 0.078683340592729
2529.464639782910000	 0.078575102388264
2529.697598397730000	 0.078507917990518
2529.930557012560000	 0.078475302622862
2530.163515627380000	 0.078449781657571
2530.396474242210000	 0.078401706128966
2530.629432857040000	 0.078318840874936
2530.862391471860000	 0.078214978602193
2531.095350086690000	 0.078122323815215
2531.328308701520000	 0.078072110484279
2531.561267316340000	 0.078075119889663
2531.794225931170000	 0.078113894207958
2532.027184545990000	 0.078151426260931
2532.260143160820000	 0.078151384419967
2532.493101775650000	 0.078098219713975
2532.726060390470000	 0.078005462903401
2532.959019005300000	 0.077907231822378
2533.191977620120000	 0.077837836846239
2533.424936234950000	 0.077811579777526
2533.657894849780000	 0.077814790168698
2533.890853464600000	 0.077814813618962
2534.123812079430000	 0.077780636352213
2534.356770694260000	 0.077702973741878
2534.589729309080000	 0.077601735482570
2534.822687923910000	 0.077515878517723
2535.055646538730000	 0.077481018200545
2535.288605153560000	 0.077507716481175
2535.521563768390000	 0.077573300080791
2535.754522383210000	 0.077632348741513
2535.987480998040000	 0.077640367797322
2536.220439612870000	 0.077577693689572
2536.453398227690000	 0.077460329522121
2536.686356842520000	 0.077331444129558
2536.919315457340000	 0.077238095927076
2537.152274072170000	 0.077206206137133
2537.385232687000000	 0.077227704289552
2537.618191301820000	 0.077266598194759
2537.851149916650000	 0.077280003508090
2538.084108531480000	 0.077242085620061
2538.317067146300000	 0.077157605531161
2538.550025761130000	 0.077057839225445
2538.782984375950000	 0.076981777277557
2539.015942990780000	 0.076953906224470
2539.248901605610000	 0.076971445470922
2539.481860220430000	 0.077007853611154
2539.714818835260000	 0.077029714260217
2539.947777450080000	 0.077016558533164
2540.180736064910000	 0.076971861394755
2540.413694679740000	 0.076918938812193
2540.646653294560000	 0.076884658637663
2540.879611909390000	 0.076881300307936
2541.112570524220000	 0.076897916879572
2541.345529139040000	 0.076906598708123
2541.578487753870000	 0.076879955467749
2541.811446368690000	 0.076809358648210
2542.044404983520000	 0.076712818583611
2542.277363598350000	 0.076627247309826
2542.510322213170000	 0.076589082223908
2542.743280828000000	 0.076614330610172
2542.976239442830000	 0.076689556380290
2543.209198057650000	 0.076778909253884
2543.442156672480000	 0.076843067187670
2543.675115287300000	 0.076859323818875
2543.908073902130000	 0.076831571590022
2544.141032516960000	 0.076784850621189
2544.373991131780000	 0.076748232542092
2544.606949746610000	 0.076736715399553
2544.839908361430000	 0.076743158816123
2545.072866976260000	 0.076744893069902
2545.305825591090000	 0.076720593984084
2545.538784205910000	 0.076666753160710
2545.771742820740000	 0.076603132045531
2546.004701435570000	 0.076563032518358
2546.237660050390000	 0.076573514968915
2546.470618665220000	 0.076637255420520
2546.703577280040000	 0.076727290435565
2546.936535894870000	 0.076798615777980
2547.169494509700000	 0.076810917072744
2547.402453124520000	 0.076750173450286
2547.635411739350000	 0.076637050987442
2547.868370354180000	 0.076516992182417
2548.101328969000000	 0.076437136216156
2548.334287583830000	 0.076422783427502
2548.567246198650000	 0.076466318085056
2548.800204813480000	 0.076534211667658
2549.033163428310000	 0.076587492067831
2549.266122043130000	 0.076603766949997
2549.499080657960000	 0.076588346430476
2549.732039272790000	 0.076568436418817
2549.964997887610000	 0.076574306041576
2550.197956502440000	 0.076619015622933
2550.430915117260000	 0.076688989921827
2550.663873732090000	 0.076751070101532
2550.896832346920000	 0.076771891130901
2551.129790961740000	 0.076738235363453
2551.362749576570000	 0.076666318233056
2551.595708191390000	 0.076594190804107
2551.828666806220000	 0.076561272739288
2552.061625421050000	 0.076586714849191
2552.294584035870000	 0.076659037405124
2552.527542650700000	 0.076742877256010
2552.760501265530000	 0.076798876340295
2552.993459880350000	 0.076805432950171
2553.226418495180000	 0.076770087906071
2553.459377110000000	 0.076724212597866
2553.692335724830000	 0.076704274526406
2553.925294339660000	 0.076730739457599
2554.158252954480000	 0.076796848231813
2554.391211569310000	 0.076873443983369
2554.624170184140000	 0.076926622850496
2554.857128798960000	 0.076937764672016
2555.090087413790000	 0.076914328568597
2555.323046028610000	 0.076885221022134
2555.556004643440000	 0.076883593400852
2555.788963258270000	 0.076927326193484
2556.021921873090000	 0.077008654193539
2556.254880487920000	 0.077098741479223
2556.487839102750000	 0.077164189432608
2556.720797717570000	 0.077185686794544
2556.953756332400000	 0.077167956295768
2557.186714947220000	 0.077135325142844
2557.419673562050000	 0.077115790541316
2557.652632176880000	 0.077123339185813
2557.885590791700000	 0.077149222625937
2558.118549406530000	 0.077167355446791
2558.351508021350000	 0.077150546813680
2558.584466636180000	 0.077087932126568
2558.817425251010000	 0.076993243141979
2559.050383865830000	 0.076898835806522
2559.283342480660000	 0.076838773844260
2559.516301095490000	 0.076830785834123
2559.749259710310000	 0.076867503809226
2559.982218325140000	 0.076921755042979
2560.215176939960000	 0.076962444829442
2560.448135554790000	 0.076971625801887
2560.681094169620000	 0.076952931178963
2560.914052784440000	 0.076926805679460
2561.147011399270000	 0.076915926791267
2561.379970014100000	 0.076930116234821
2561.612928628920000	 0.076960179688258
2561.845887243750000	 0.076984432509666
2562.078845858570000	 0.076983799489973
2562.311804473400000	 0.076956054067135
2562.544763088230000	 0.076920047105440
2562.777721703050000	 0.076906608924935
2563.010680317880000	 0.076940941818073
2563.243638932700000	 0.077026817185442
2563.476597547530000	 0.077142177110837
2563.709556162360000	 0.077249192141370
2563.942514777180000	 0.077313459620380
2564.175473392010000	 0.077321680545193
2564.408432006840000	 0.077287779708301
2564.641390621660000	 0.077243830654509
2564.874349236490000	 0.077220913681909
2565.107307851310000	 0.077231023755672
2565.340266466140000	 0.077260569689233
2565.573225080970000	 0.077279190285007
2565.806183695790000	 0.077258732896430
2566.039142310620000	 0.077191396773200
2566.272100925450000	 0.077096401130829
2566.505059540270000	 0.077010981759078
2566.738018155100000	 0.076970600436077
2566.970976769920000	 0.076989651152816
2567.203935384750000	 0.077053679199980
2567.436893999580000	 0.077127408430122
2567.669852614400000	 0.077173888358541
2567.902811229230000	 0.077173977652769
2568.135769844060000	 0.077135362061600
2568.368728458880000	 0.077086318474942
2568.601687073710000	 0.077058227023406
2568.834645688530000	 0.077067299423178
2569.067604303360000	 0.077106164897758
2569.300562918190000	 0.077149814068127
2569.533521533010000	 0.077171858001689
2569.766480147840000	 0.077161154736879
2569.999438762660000	 0.077128801494521
2570.232397377490000	 0.077101259156653
2570.465355992320000	 0.077103722784039
2570.698314607140000	 0.077143811999039
2570.931273221970000	 0.077205508047222
2571.164231836800000	 0.077257145289270
2571.397190451620000	 0.077268999398717
2571.630149066450000	 0.077230421289495
2571.863107681270000	 0.077156609347175
2572.096066296100000	 0.077080958834040
2572.329024910930000	 0.077037284174223
2572.561983525750000	 0.077042143810862
2572.794942140580000	 0.077087314833774
2573.027900755410000	 0.077146350100214
2573.260859370230000	 0.077190968727720
2573.493817985060000	 0.077207560057720
2573.726776599880000	 0.077204254023133
2573.959735214710000	 0.077204661726944
2574.192693829540000	 0.077232338346728
2574.425652444360000	 0.077295537453859
2574.658611059190000	 0.077381479921390
2574.891569674020000	 0.077463447273676
2575.124528288840000	 0.077516289585733
2575.357486903670000	 0.077530988990116
2575.590445518490000	 0.077519494356347
2575.823404133320000	 0.077506833003106
2576.056362748150000	 0.077515236027049
2576.289321362970000	 0.077549995344239
2576.522279977800000	 0.077595796005813
2576.755238592620000	 0.077625929530167
2576.988197207450000	 0.077619035859735
2577.221155822280000	 0.077573414750436
2577.454114437100000	 0.077510107146286
2577.687073051930000	 0.077462350040004
2577.920031666760000	 0.077457121377374
2578.152990281580000	 0.077499434215198
2578.385948896410000	 0.077568628174796
2578.618907511230000	 0.077628978554518
2578.851866126060000	 0.077648727075614
2579.084824740890000	 0.077616849639714
2579.317783355710000	 0.077548119154451
2579.550741970540000	 0.077473687876057
2579.783700585370000	 0.077422858214997
2580.016659200190000	 0.077406912720886
2580.249617815020000	 0.077414528814107
2580.482576429840000	 0.077421242687874
2580.715535044670000	 0.077407018394231
2580.948493659500000	 0.077371135105690
2581.181452274320000	 0.077335031659723
2581.414410889150000	 0.077330750037258
2581.647369503970000	 0.077381330458010
2581.880328118800000	 0.077484709439508
2582.113286733630000	 0.077611013825968
2582.346245348450000	 0.077715570215903
2582.579203963280000	 0.077760981147507
2582.812162578110000	 0.077736312488641
2583.045121192930000	 0.077662676756926
2583.278079807760000	 0.077581798188389
2583.511038422580000	 0.077533681329483
2583.743997037410000	 0.077535756620451
2583.976955652240000	 0.077574984334350
2584.209914267060000	 0.077616941925596
2584.442872881890000	 0.077626433182269
2584.675831496720000	 0.077587962537585
2584.908790111540000	 0.077514699243047
2585.141748726370000	 0.077441110170846
2585.374707341190000	 0.077403733833843
2585.607665956020000	 0.077421254942705
2585.840624570850000	 0.077485104692616
2586.073583185670000	 0.077565385277311
2586.306541800500000	 0.077628079522954
2586.539500415330000	 0.077653367139638
2586.772459030150000	 0.077644637271186
2587.005417644980000	 0.077623444207572
2587.238376259800000	 0.077614006624914
2587.471334874630000	 0.077626980882371
2587.704293489460000	 0.077652399117290
2587.937252104280000	 0.077665876882605
2588.170210719110000	 0.077644163086477
2588.403169333930000	 0.077580577640220
2588.636127948760000	 0.077490909976050
2588.869086563590000	 0.077405917426718
2589.102045178410000	 0.077354557936162
2589.335003793240000	 0.077347753078457
2589.567962408070000	 0.077372258092815
2589.800921022890000	 0.077398280726443
2590.033879637720000	 0.077396536327781
2590.266838252540000	 0.077355072102412
2590.499796867370000	 0.077286329050015
2590.732755482200000	 0.077220438904396
2590.965714097020000	 0.077188632219163
2591.198672711850000	 0.077206272607465
2591.431631326680000	 0.077265019909401
2591.664589941500000	 0.077338091136031
2591.897548556330000	 0.077395038715489
2592.130507171150000	 0.077417302812918
2592.363465785980000	 0.077405761360226
2592.596424400810000	 0.077376476410442
2592.829383015630000	 0.077347937600517
2593.062341630460000	 0.077328091170355
2593.295300245290000	 0.077309254997344
2593.528258860110000	 0.077273885491707
2593.761217474940000	 0.077207387843069
2593.994176089760000	 0.077109835541548
2594.227134704590000	 0.076999065401012
2594.460093319420000	 0.076902806369976
2594.693051934240000	 0.076844261738975
2594.926010549070000	 0.076829730095935
2595.158969163890000	 0.076845734993654
2595.391927778720000	 0.076867439160872
2595.624886393550000	 0.076873395019661
2595.857845008370000	 0.076857905344965
2596.090803623200000	 0.076833590723333
2596.323762238030000	 0.076822516595889
2596.556720852850000	 0.076841172463074
2596.789679467680000	 0.076888500119430
2597.022638082500000	 0.076944496281005
2597.255596697330000	 0.076980643202373
2597.488555312160000	 0.076976352511438
2597.721513926980000	 0.076931854063062
2597.954472541810000	 0.076869679703200
2598.187431156640000	 0.076823284126238
2598.420389771460000	 0.076818902244770
2598.653348386290000	 0.076860946903364
2598.886307001110000	 0.076929407890137
2599.119265615940000	 0.076990896518110
2599.352224230770000	 0.077017252047518
2599.585182845590000	 0.077001340944941
2599.818141460420000	 0.076961143599704
2600.051100075240000	 0.076929719808745
2600.284058690070000	 0.076936666839836
2600.517017304900000	 0.076991567345961
2600.749975919720000	 0.077078690732259
2600.982934534550000	 0.077165672465244
2601.215893149380000	 0.077221028469510
2601.448851764200000	 0.077230608179793
2601.681810379030000	 0.077203918688838
2601.914768993850000	 0.077167142072835
2602.147727608680000	 0.077147338844696
2602.380686223510000	 0.077157298177104
2602.613644838330000	 0.077189767701403
2602.846603453160000	 0.077223947996300
2603.079562067990000	 0.077239851779985
2603.312520682810000	 0.077231666460889
2603.545479297640000	 0.077212038837858
2603.778437912460000	 0.077204717468149
2604.011396527290000	 0.077230058271805
2604.244355142120000	 0.077292259346907
2604.477313756940000	 0.077376120898182
2604.710272371770000	 0.077455342241426
2604.943230986600000	 0.077507472809990
2605.176189601420000	 0.077526678939601
2605.409148216250000	 0.077526691205370
2605.642106831070000	 0.077532025438238
2605.875065445900000	 0.077562590069473
2606.108024060730000	 0.077620880783636
2606.340982675550000	 0.077689528410118
2606.573941290380000	 0.077740873934735
2606.806899905200000	 0.077753188196115
2607.039858520030000	 0.077724200149524
2607.272817134860000	 0.077673947904355
2607.505775749680000	 0.077634958487191
2607.738734364510000	 0.077635095308397
2607.971692979340000	 0.077682754969700
2608.204651594160000	 0.077762756218344
2608.437610208990000	 0.077845089064356
2608.670568823810000	 0.077901429794932
2608.903527438640000	 0.077920107010074
2609.136486053470000	 0.077911252571685
2609.369444668290000	 0.077899563515221
2609.602403283120000	 0.077909245394841
2609.835361897950000	 0.077950111850422
2610.068320512770000	 0.078012824861346
2610.301279127600000	 0.078075591840194
2610.534237742420000	 0.078117837347359
2610.767196357250000	 0.078132423582689
2611.000154972080000	 0.078129063609448
2611.233113586900000	 0.078126995480577
2611.466072201730000	 0.078141606858613
2611.699030816560000	 0.078173493718245
2611.931989431380000	 0.078207000859384
2612.164948046210000	 0.078219513281520
2612.397906661030000	 0.078196188928898
2612.630865275860000	 0.078141321955670
2612.863823890690000	 0.078079148938725
2613.096782505510000	 0.078042873956130
2613.329741120340000	 0.078057653780075
2613.562699735160000	 0.078127065313272
2613.795658349990000	 0.078230774518294
2614.028616964820000	 0.078334814504579
2614.261575579640000	 0.078408822347695
2614.494534194470000	 0.078440760816933
2614.727492809300000	 0.078441114519862
2614.960451424120000	 0.078434526434031
2615.193410038950000	 0.078444032257500
2615.426368653770000	 0.078477247078214
2615.659327268600000	 0.078522510396281
2615.892285883430000	 0.078556976667055
2616.125244498250000	 0.078561615721048
2616.358203113080000	 0.078534104116846
2616.591161727910000	 0.078491828964803
2616.824120342730000	 0.078463007412957
2617.057078957560000	 0.078470976637902
2617.290037572380000	 0.078520830685406
2617.522996187210000	 0.078596236210000
2617.755954802040000	 0.078668315385372
2617.988913416860000	 0.078711546554416
2618.221872031690000	 0.078717662539134
2618.454830646510000	 0.078699673105716
2618.687789261340000	 0.078683777608120
2618.920747876170000	 0.078693916750167
2619.153706490990000	 0.078737932107984
2619.386665105820000	 0.078803208162553
2619.619623720650000	 0.078864013914803
2619.852582335470000	 0.078896009682703
2620.085540950300000	 0.078889418925433
2620.318499565120000	 0.078853323901068
2620.551458179950000	 0.078808854963349
2620.784416794780000	 0.078775667212351
2621.017375409600000	 0.078760067356821
2621.250334024430000	 0.078752014677091
2621.483292639260000	 0.078732726634234
2621.716251254080000	 0.078688174058401
2621.949209868910000	 0.078620147448312
2622.182168483730000	 0.078547867971735
2622.415127098560000	 0.078498632160521
2622.648085713390000	 0.078492591702741
2622.881044328210000	 0.078530504524473
2623.114002943040000	 0.078591794473935
2623.346961557870000	 0.078644410803872
2623.579920172690000	 0.078661265476639
2623.812878787520000	 0.078634252753859
2624.045837402340000	 0.078578087071897
2624.278796017170000	 0.078521817372126
2624.511754632000000	 0.078492815296522
2624.744713246820000	 0.078502263409184
2624.977671861650000	 0.078540149427419
2625.210630476470000	 0.078582185649961
2625.443589091300000	 0.078604306463073
2625.676547706130000	 0.078596298226346
2625.909506320950000	 0.078566854594807
2626.142464935780000	 0.078537441174761
2626.375423550610000	 0.078528896738112
2626.608382165430000	 0.078548853435861
2626.841340780260000	 0.078587357162489
2627.074299395080000	 0.078623051914489
2627.307258009910000	 0.078636067550044
2627.540216624740000	 0.078619929938742
2627.773175239560000	 0.078585482668522
2628.006133854390000	 0.078554551030344
2628.239092469220000	 0.078547160407482
2628.472051084040000	 0.078569914334034
2628.705009698870000	 0.078612340079795
2628.937968313690000	 0.078653190167996
2629.170926928520000	 0.078672833369073
2629.403885543350000	 0.078664395545236
2629.636844158170000	 0.078637138150054
2629.869802773000000	 0.078610197006222
2630.102761387830000	 0.078600568292876
2630.335720002650000	 0.078612658950877
2630.568678617480000	 0.078635699737676
2630.801637232300000	 0.078650519384842
2631.034595847130000	 0.078641558611334
2631.267554461960000	 0.078606872709096
2631.500513076780000	 0.078560014860602
2631.733471691610000	 0.078522484807887
2631.966430306430000	 0.078511110177575
2632.199388921260000	 0.078527869120691
2632.432347536090000	 0.078558293550121
2632.665306150910000	 0.078579545128388
2632.898264765740000	 0.078573572545565
2633.131223380570000	 0.078537731445057
2633.364181995390000	 0.078486602172879
2633.597140610220000	 0.078443784033344
2633.830099225040000	 0.078428339947752
2634.063057839870000	 0.078443797407221
2634.296016454700000	 0.078476168795434
2634.528975069520000	 0.078502204039220
2634.761933684350000	 0.078503163405554
2634.994892299180000	 0.078476184934324
2635.227850914000000	 0.078436606701824
2635.460809528830000	 0.078409724373339
2635.693768143650000	 0.078416568726533
2635.926726758480000	 0.078461797488766
2636.159685373310000	 0.078530592200707
2636.392643988130000	 0.078596292456767
2636.625602602960000	 0.078634457686499
2636.858561217780000	 0.078635520335563
2637.091519832610000	 0.078609066216821
2637.324478447440000	 0.078577552721645
2637.557437062260000	 0.078563287366551
2637.790395677090000	 0.078576242138325
2638.023354291920000	 0.078609554537212
2638.256312906740000	 0.078644896996766
2638.489271521570000	 0.078664152614228
2638.722230136400000	 0.078660332871928
2638.955188751220000	 0.078641308964874
2639.188147366050000	 0.078624282619957
2639.421105980870000	 0.078624473503456
2639.654064595700000	 0.078644950550230
2639.887023210530000	 0.078673807025335
2640.119981825350000	 0.078690476758334
2640.352940440180000	 0.078677596905403
2640.585899055000000	 0.078631560652243
2640.818857669830000	 0.078565588040611
2641.051816284660000	 0.078503404717500
2641.284774899480000	 0.078467046133840
2641.517733514310000	 0.078465695035701
2641.750692129140000	 0.078491773858060
2641.983650743960000	 0.078526232340334
2642.216609358790000	 0.078549713123816
2642.449567973610000	 0.078553069514409
2642.682526588440000	 0.078541279811988
2642.915485203270000	 0.078528772704729
2643.148443818090000	 0.078529259214609
2643.381402432920000	 0.078546356619515
2643.614361047740000	 0.078570682318310
2643.847319662570000	 0.078585129499842
2644.080278277400000	 0.078575156566684
2644.313236892220000	 0.078537979896550
2644.546195507050000	 0.078485194230702
2644.779154121880000	 0.078437177824883
2645.012112736700000	 0.078412458892986
2645.245071351530000	 0.078418159971109
2645.478029966350000	 0.078446926894342
2645.710988581180000	 0.078481880491656
2645.943947196010000	 0.078506481686995
2646.176905810830000	 0.078513482709557
2646.409864425660000	 0.078507841741393
2646.642823040490000	 0.078502152416770
2646.875781655310000	 0.078507626308737
2647.108740270140000	 0.078526275856723
2647.341698884960000	 0.078549099098198
2647.574657499790000	 0.078561336615762
2647.807616114620000	 0.078551562963221
2648.040574729440000	 0.078519045402233
2648.273533344270000	 0.078474796710335
2648.506491959100000	 0.078435505594766
2648.739450573920000	 0.078413850689754
2648.972409188750000	 0.078410965747390
2649.205367803570000	 0.078415607030314
2649.438326418400000	 0.078410619618895
2649.671285033230000	 0.078382992440008
2649.904243648050000	 0.078331647529140
2650.137202262880000	 0.078268363853875
2650.370160877700000	 0.078211214654859
2650.603119492530000	 0.078174318795354
2650.836078107360000	 0.078159918509861
2651.069036722180000	 0.078157426474040
2651.301995337010000	 0.078149969426641
2651.534953951840000	 0.078124565001214
2651.767912566660000	 0.078079947104921
2652.000871181490000	 0.078027405479153
2652.233829796310000	 0.077984086298267
2652.466788411140000	 0.077962675779707
2652.699747025970000	 0.077963583888620
2652.932705640790000	 0.077974303406061
2653.165664255620000	 0.077976410684531
2653.398622870450000	 0.077956206046939
2653.631581485270000	 0.077912837175032
2653.864540100100000	 0.077859128376228
2654.097498714920000	 0.077814511085541
2654.330457329750000	 0.077794051269150
2654.563415944580000	 0.077799873331163
2654.796374559400000	 0.077819884588656
2655.029333174230000	 0.077834464867421
2655.262291789050000	 0.077827229192592
2655.495250403880000	 0.077793701383113
2655.728209018710000	 0.077742998762323
2655.961167633530000	 0.077691709510164
2656.194126248360000	 0.077653713675898
2656.427084863190000	 0.077632052390544
2656.660043478010000	 0.077617662327492
2656.893002092840000	 0.077595663508593
2657.125960707660000	 0.077555399724986
2657.358919322490000	 0.077498183800865
2657.591877937320000	 0.077437970430258
2657.824836552140000	 0.077394278185972
2658.057795166970000	 0.077381276778780
2658.290753781800000	 0.077399319579946
2658.523712396620000	 0.077433886587489
2658.756671011450000	 0.077462696323375
2658.989629626270000	 0.077467126442683
2659.222588241100000	 0.077441665116642
2659.455546855930000	 0.077396214545241
2659.688505470750000	 0.077350076081494
2659.921464085580000	 0.077321120753204
2660.154422700410000	 0.077316287163170
2660.387381315230000	 0.077328612047791
2660.620339930060000	 0.077342113742562
2660.853298544880000	 0.077341364937287
2661.086257159710000	 0.077320076626993
2661.319215774540000	 0.077283813150807
2661.552174389360000	 0.077245541155854
2661.785133004190000	 0.077216981074110
2662.018091619010000	 0.077201147513616
2662.251050233840000	 0.077190602224442
2662.484008848670000	 0.077172386528762
2662.716967463490000	 0.077136542585316
2662.949926078320000	 0.077082976986211
2663.182884693150000	 0.077022404025986
2663.415843307970000	 0.076970659030352
2663.648801922800000	 0.076939704621603
2663.881760537620000	 0.076930717796411
2664.114719152450000	 0.076933454996788
2664.347677767280000	 0.076932367072695
2664.580636382100000	 0.076915919081284
2664.813594996930000	 0.076883618063441
2665.046553611760000	 0.076846507864899
2665.279512226580000	 0.076820681584603
2665.512470841410000	 0.076817515465003
2665.745429456230000	 0.076836354523653
2665.978388071060000	 0.076864017386651
2666.211346685890000	 0.076881540388954
2666.444305300710000	 0.076874385414742
2666.677263915540000	 0.076840306822844
2666.910222530370000	 0.076790365406899
2667.143181145190000	 0.076742498160972
2667.376139760020000	 0.076711377529666
2667.609098374840000	 0.076700462090773
2667.842056989670000	 0.076700826175308
2668.075015604500000	 0.076697351132734
2668.307974219320000	 0.076678552146943
2668.540932834150000	 0.076644191842850
2668.773891448980000	 0.076606099007432
2669.006850063800000	 0.076581570973800
2669.239808678630000	 0.076583128502066
2669.472767293450000	 0.076610609216641
2669.705725908280000	 0.076650278512514
2669.938684523110000	 0.076681590600230
2670.171643137930000	 0.076687839717149
2670.404601752760000	 0.076664714520851
2670.637560367580000	 0.076621951125847
2670.870518982410000	 0.076577222140498
2671.103477597240000	 0.076545862431206
2671.336436212060000	 0.076532394684807
2671.569394826890000	 0.076528669606853
2671.802353441720000	 0.076519498984614
2672.035312056540000	 0.076492294952629
2672.268270671370000	 0.076444954576863
2672.501229286190000	 0.076387317133915
2672.734187901020000	 0.076335348741305
2672.967146515850000	 0.076301557438530
2673.200105130670000	 0.076287411866811
2673.433063745500000	 0.076282345845175
2673.666022360320000	 0.076270016163508
2673.898980975150000	 0.076238189086013
2674.131939589980000	 0.076186450516715
2674.364898204800000	 0.076127112861081
2674.597856819630000	 0.076078596450624
2674.830815434460000	 0.076054972571550
2675.063774049280000	 0.076057657463464
2675.296732664110000	 0.076074047382697
2675.529691278930000	 0.076083917017638
2675.762649893760000	 0.076070014405625
2675.995608508590000	 0.076026962610958
2676.228567123410000	 0.075963586985334
2676.461525738240000	 0.075897554310335
2676.694484353070000	 0.075845595397891
2676.927442967890000	 0.075815014452433
2677.160401582720000	 0.075801230092884
2677.393360197540000	 0.075792387422439
2677.626318812370000	 0.075777900681239
2677.859277427200000	 0.075755576565017
2678.092236042020000	 0.075732954178412
2678.325194656850000	 0.075722070519171
2678.558153271670000	 0.075730907113101
2678.791111886500000	 0.075756851223458
2679.024070501330000	 0.075786342357947
2679.257029116150000	 0.075801195651932
2679.489987730980000	 0.075788117456879
2679.722946345810000	 0.075745975546940
2679.955904960630000	 0.075686581264822
2680.188863575460000	 0.075628434636811
2680.421822190280000	 0.075586959837658
2680.654780805110000	 0.075566786721450
2680.887739419940000	 0.075560374097343
2681.120698034760000	 0.075553503353578
2681.353656649590000	 0.075534175885719
2681.586615264420000	 0.075499557940733
2681.819573879240000	 0.075456893699406
2682.052532494070000	 0.075417998147012
2682.285491108890000	 0.075390868913358
2682.518449723720000	 0.075373737775110
2682.751408338550000	 0.075355406396393
2682.984366953370000	 0.075321873800260
2683.217325568200000	 0.075265379842109
2683.450284183030000	 0.075190359942265
2683.683242797850000	 0.075112426453736
2683.916201412680000	 0.075050511203812
2684.149160027500000	 0.075016419699699
2684.382118642330000	 0.075007773893898
2684.615077257160000	 0.075008543304079
2684.848035871980000	 0.074997098468974
2685.080994486810000	 0.074957450697318
2685.313953101640000	 0.074887499013335
2685.546911716460000	 0.074799735429345
2685.779870331290000	 0.074714090683521
2686.012828946110000	 0.074647051296353
2686.245787560940000	 0.074603241685917
2686.478746175770000	 0.074574117778633
2686.711704790590000	 0.074544219935733
2686.944663405420000	 0.074501081074524
2687.177622020240000	 0.074442868496600
2687.410580635070000	 0.074379264037563
2687.643539249900000	 0.074325133788542
2687.876497864720000	 0.074290858968655
2688.109456479550000	 0.074275213114715
2688.342415094380000	 0.074265155571526
2688.575373709200000	 0.074242802538672
2688.808332324030000	 0.074195593369934
2689.041290938850000	 0.074123746918000
2689.274249553680000	 0.074040598402246
2689.507208168510000	 0.073965501656608
2689.740166783330000	 0.073913326729306
2689.973125398160000	 0.073886588994025
2690.206084012990000	 0.073874689811944
2690.439042627810000	 0.073860584548759
2690.672001242640000	 0.073830906990846
2690.904959857460000	 0.073783634746204
2691.137918472290000	 0.073728860126143
2691.370877087120000	 0.073682294832127
2691.603835701940000	 0.073655437276527
2691.836794316770000	 0.073648303358117
2692.069752931590000	 0.073649067039706
2692.302711546420000	 0.073640835276598
2692.535670161250000	 0.073611564428276
2692.768628776070000	 0.073561259702700
2693.001587390900000	 0.073502151812187
2693.234546005730000	 0.073451653590190
2693.467504620550000	 0.073422189395547
2693.700463235380000	 0.073413885337787
2693.933421850200000	 0.073414436643862
2694.166380465030000	 0.073406243505977
2694.399339079860000	 0.073376648779874
2694.632297694680000	 0.073325282397518
2694.865256309510000	 0.073264165028967
2695.098214924340000	 0.073210444825591
2695.331173539160000	 0.073176014190888
2695.564132153990000	 0.073160161886163
2695.797090768810000	 0.073149673562584
2696.030049383640000	 0.073126440086535
2696.263007998470000	 0.073078243825914
2696.495966613290000	 0.073006490369708
2696.728925228120000	 0.072926321028606
2696.961883842950000	 0.072858878015465
2697.194842457770000	 0.072820038816695
2697.427801072600000	 0.072812005961928
2697.660759687420000	 0.072822482186873
2697.893718302250000	 0.072831785959390
2698.126676917080000	 0.072823756558690
2698.359635531900000	 0.072794223527046
2698.592594146730000	 0.072752304345927
2698.825552761550000	 0.072713993872316
2699.058511376380000	 0.072692005674746
2699.291469991210000	 0.072687961238233
2699.524428606030000	 0.072691526189510
2699.757387220860000	 0.072686906258633
2699.990345835690000	 0.072662757896004
2700.223304450510000	 0.072619563042851
2700.456263065340000	 0.072569994414736
2700.689221680160000	 0.072531921344973
2700.922180294990000	 0.072518089671923
2701.155138909820000	 0.072528530984957
2701.388097524640000	 0.072550182630632
2701.621056139470000	 0.072563992262475
2701.854014754300000	 0.072555446773703
2702.086973369120000	 0.072522499237016
2702.319931983950000	 0.072476371875088
2702.552890598770000	 0.072434842445693
2702.785849213600000	 0.072411997468740
2703.018807828430000	 0.072410457872338
2703.251766443250000	 0.072420535994178
2703.484725058080000	 0.072426634532972
2703.717683672910000	 0.072416943637274
2703.950642287730000	 0.072390602031366
2704.183600902560000	 0.072358031425162
2704.416559517380000	 0.072334248232227
2704.649518132210000	 0.072329208568182
2704.882476747040000	 0.072341083403211
2705.115435361860000	 0.072356649846439
2705.348393976690000	 0.072358757438021
2705.581352591510000	 0.072336603690590
2705.814311206340000	 0.072292785729961
2706.047269821170000	 0.072242826862652
2706.280228435990000	 0.072207185532312
2706.513187050820000	 0.072200175232060
2706.746145665650000	 0.072222111496139
2706.979104280470000	 0.072259188855606
2707.212062895300000	 0.072291164007269
2707.445021510120000	 0.072302486303791
2707.677980124950000	 0.072290587776153
2707.910938739780000	 0.072266688112391
2708.143897354600000	 0.072248777238039
2708.376855969430000	 0.072250954863096
2708.609814584250000	 0.072275364202901
2708.842773199080000	 0.072311327299196
2709.075731813910000	 0.072341995546701
2709.308690428730000	 0.072354447803542
2709.541649043560000	 0.072347218977869
2709.774607658390000	 0.072330802949354
2710.007566273210000	 0.072320853523815
2710.240524888040000	 0.072328183271385
2710.473483502860000	 0.072351606910431
2710.706442117690000	 0.072377994078538
2710.939400732520000	 0.072389613633752
2711.172359347340000	 0.072374535300439
2711.405317962170000	 0.072334011019376
2711.638276577000000	 0.072282443243912
2711.871235191820000	 0.072239829970154
2712.104193806650000	 0.072220996478550
2712.337152421470000	 0.072227844942358
2712.570111036300000	 0.072249094273521
2712.803069651130000	 0.072267601909314
2713.036028265950000	 0.072270954334690
2713.268986880780000	 0.072259119901777
2713.501945495610000	 0.072244651626234
2713.734904110430000	 0.072245271763904
2713.967862725260000	 0.072273167287741
2714.200821340080000	 0.072327296875008
2714.433779954910000	 0.072393256086432
2714.666738569740000	 0.072450834604815
2714.899697184560000	 0.072484942496756
2715.132655799390000	 0.072493632506424
2715.365614414220000	 0.072488597487348
2715.598573029040000	 0.072487865209391
2715.831531643870000	 0.072504965828718
2716.064490258690000	 0.072540913036487
2716.297448873520000	 0.072583667520893
2716.530407488350000	 0.072615356896497
2716.763366103170000	 0.072623013389524
2716.996324718000000	 0.072606546997304
2717.229283332820000	 0.072579248855583
2717.462241947650000	 0.072560444394372
2717.695200562480000	 0.072564511104340
2717.928159177300000	 0.072592622008658
2718.161117792130000	 0.072631989247424
2718.394076406960000	 0.072663039850516
2718.627035021780000	 0.072670422986491
2718.859993636610000	 0.072651594958689
2719.092952251430000	 0.072618136904725
2719.325910866260000	 0.072589138362327
2719.558869481090000	 0.072580539637745
2719.791828095910000	 0.072596586796292
2720.024786710740000	 0.072628191393222
2720.257745325570000	 0.072658887487132
2720.490703940390000	 0.072674709840413
2720.723662555220000	 0.072672181233520
2720.956621170040000	 0.072659848218172
2721.189579784870000	 0.072652684064249
2721.422538399700000	 0.072662905227360
2721.655497014520000	 0.072692794634972
2721.888455629350000	 0.072733778379048
2722.121414244180000	 0.072772145183639
2722.354372859000000	 0.072797793546656
2722.587331473830000	 0.072810598435115
2722.820290088650000	 0.072820437934368
2723.053248703480000	 0.072840771785498
2723.286207318310000	 0.072879635474874
2723.519165933130000	 0.072933578357803
2723.752124547960000	 0.072988392202625
2723.985083162780000	 0.073026472191148
2724.218041777610000	 0.073036715749336
2724.451000392440000	 0.073021281059403
2724.683959007260000	 0.072995228273836
2724.916917622090000	 0.072979133461047
2725.149876236920000	 0.072988850692221
2725.382834851740000	 0.073028235970996
2725.615793466570000	 0.073088827400450
2725.848752081390000	 0.073156329309864
2726.081710696220000	 0.073219775525880
2726.314669311050000	 0.073277758585600
2726.547627925870000	 0.073337952616094
2726.780586540700000	 0.073410278237666
2727.013545155530000	 0.073498032870308
2727.246503770350000	 0.073592700787324
2727.479462385180000	 0.073676060010602
2727.712421000000000	 0.073728862294937
2727.945379614830000	 0.073741349595545
2728.178338229660000	 0.073719519877630
2728.411296844480000	 0.073683205861235
2728.644255459310000	 0.073656579801691
2728.877214074130000	 0.073656089568154
2729.110172688960000	 0.073682445393745
2729.343131303790000	 0.073721081995724
2729.576089918610000	 0.073750789751808
2729.809048533440000	 0.073755680478589
2730.042007148270000	 0.073733858964678
2730.274965763090000	 0.073698081390321
2730.507924377920000	 0.073668242642269
2730.740882992740000	 0.073660171357944
2730.973841607570000	 0.073677218976149
2731.206800222400000	 0.073709338026196
2731.439758837220000	 0.073739889122164
2731.672717452050000	 0.073755959525830
2731.905676066880000	 0.073756056076715
2732.138634681700000	 0.073750683864418
2732.371593296530000	 0.073755574395222
2732.604551911350000	 0.073781709469720
2732.837510526180000	 0.073828180683298
2733.070469141010000	 0.073882189209179
2733.303427755830000	 0.073926214401608
2733.536386370660000	 0.073948138438131
2733.769344985490000	 0.073948363955645
2734.002303600310000	 0.073939687733164
2734.235262215140000	 0.073939923240612
2734.468220829960000	 0.073961553957789
2734.701179444790000	 0.074004483193612
2734.934138059620000	 0.074056133865435
2735.167096674440000	 0.074098848980774
2735.400055289270000	 0.074120312501581
2735.633013904090000	 0.074120981404055
2735.865972518920000	 0.074114254171854
2736.098931133750000	 0.074119311483523
2736.331889748570000	 0.074150815928467
2736.564848363400000	 0.074211422499720
2736.797806978230000	 0.074291282842537
2737.030765593050000	 0.074374539815977
2737.263724207880000	 0.074448730631002
2737.496682822700000	 0.074511413190872
2737.729641437530000	 0.074570096382151
2737.962600052360000	 0.074635658324575
2738.195558667180000	 0.074713447361522
2738.428517282010000	 0.074797732199287
2738.661475896830000	 0.074873178505687
2738.894434511660000	 0.074922791418348
2739.127393126490000	 0.074937815311136
2739.360351741310000	 0.074923736630494
2739.593310356140000	 0.074898613056558
2739.826268970970000	 0.074884338484136
2740.059227585790000	 0.074895625728341
2740.292186200620000	 0.074932926822284
2740.525144815440000	 0.074983297455941
2740.758103430270000	 0.075028659847502
2740.991062045100000	 0.075056701006424
2741.224020659920000	 0.075068162045784
2741.456979274750000	 0.075076359885104
2741.689937889580000	 0.075099279117206
2741.922896504400000	 0.075148898745630
2742.155855119230000	 0.075224004470500
2742.388813734050000	 0.075310632471054
2742.621772348880000	 0.075389796252810
2742.854730963710000	 0.075447940713278
2743.087689578530000	 0.075484051906651
2743.320648193360000	 0.075509359094058
2743.553606808190000	 0.075539949955629
2743.786565423010000	 0.075586825312487
2744.019524037840000	 0.075649410676791
2744.252482652660000	 0.075716400226932
2744.485441267490000	 0.075773355733917
2744.718399882320000	 0.075812404409537
2744.951358497140000	 0.075838068854707
2745.184317111970000	 0.075865497631532
2745.417275726800000	 0.075911900619102
2745.650234341620000	 0.075986176849455
2745.883192956450000	 0.076082992512940
2746.116151571270000	 0.076185081469789
2746.349110186100000	 0.076272757136910
2746.582068800930000	 0.076335351851951
2746.815027415750000	 0.076378000470361
2747.047986030580000	 0.076419648349252
2747.280944645400000	 0.076483090420096
2747.513903260230000	 0.076582458298779
2747.746861875060000	 0.076715136096197
2747.979820489880000	 0.076862633544636
2748.212779104710000	 0.076999922120853
2748.445737719540000	 0.077108055880861
2748.678696334360000	 0.077183164989147
2748.911654949190000	 0.077237048367596
2749.144613564010000	 0.077289393644116
2749.377572178840000	 0.077356376691470
2749.610530793670000	 0.077442277969252
2749.843489408490000	 0.077538722520755
2750.076448023320000	 0.077631504827041
2750.309406638150000	 0.077710494639417
2750.542365252970000	 0.077776409178341
2750.775323867800000	 0.077840230129485
2751.008282482620000	 0.077915582979870
2751.241241097450000	 0.078008794634853
2751.474199712280000	 0.078112908326967
2751.707158327100000	 0.078209669037818
2751.940116941930000	 0.078278765504432
2752.173075556760000	 0.078309238189436
2752.406034171580000	 0.078306476555396
2752.638992786410000	 0.078290532229175
2752.871951401230000	 0.078286354024903
2753.104910016060000	 0.078311239951338
2753.337868630890000	 0.078366500952547
2753.570827245710000	 0.078437973119449
2753.803785860540000	 0.078504989345563
2754.036744475360000	 0.078552658803145
2754.269703090190000	 0.078580486478508
2754.502661705020000	 0.078602490519492
2754.735620319840000	 0.078638863488229
2754.968578934670000	 0.078704094960467
2755.201537549500000	 0.078798469410597
2755.434496164320000	 0.078907802820448
2755.667454779150000	 0.079011455895793
2755.900413393970000	 0.079093917970686
2756.133372008800000	 0.079153282468813
2756.366330623630000	 0.079201800751891
2756.599289238450000	 0.079258331677152
2756.832247853280000	 0.079337219335650
2757.065206468110000	 0.079440136399380
2757.298165082930000	 0.079555549005551
2757.531123697760000	 0.079665888225528
2757.764082312580000	 0.079758002695754
2757.997040927410000	 0.079830619874566
2758.229999542240000	 0.079894390522947
2758.462958157060000	 0.079964566328418
2758.695916771890000	 0.080050832889681
2758.928875386710000	 0.080150576505730
2759.161834001540000	 0.080249815158324
2759.394792616370000	 0.080331421765471
2759.627751231190000	 0.080385861001858
2759.860709846020000	 0.080418019535989
2760.093668460850000	 0.080445819158560
2760.326627075670000	 0.080491032904180
2760.559585690500000	 0.080567356793842
2760.792544305320000	 0.080672537900396
2761.025502920150000	 0.080789132445037
2761.258461534980000	 0.080893588395369
2761.491420149800000	 0.080968656581763
2761.724378764630000	 0.081012265874139
2761.957337379460000	 0.081037983705262
2762.190295994280000	 0.081066944680492
2762.423254609110000	 0.081115974385093
2762.656213223930000	 0.081188720795608
2762.889171838760000	 0.081274707538314
2763.122130453590000	 0.081356535651379
2763.355089068410000	 0.081420777092814
2763.588047683240000	 0.081466087591415
2763.821006298070000	 0.081503808578008
2764.053964912890000	 0.081550812165037
2764.286923527720000	 0.081618956862993
2764.519882142540000	 0.081707510616293
2764.752840757370000	 0.081803079225565
2764.985799372200000	 0.081887100574050
2765.218757987020000	 0.081946513768420
2765.451716601850000	 0.081981351014594
2765.684675216670000	 0.082004777166644
2765.917633831500000	 0.082035518817902
2766.150592446330000	 0.082087118265485
2766.383551061150000	 0.082160320219267
2766.616509675980000	 0.082243015342786
2766.849468290810000	 0.082317695414052
2767.082426905630000	 0.082371993296774
2767.315385520460000	 0.082406107173375
2767.548344135280000	 0.082432736896689
2767.781302750110000	 0.082469558276363
2768.014261364940000	 0.082528675258860
2768.247219979760000	 0.082609274031390
2768.480178594590000	 0.082697780905778
2768.713137209420000	 0.082775394655506
2768.946095824240000	 0.082828574028570
2769.179054439070000	 0.082856377103109
2769.412013053890000	 0.082870411054843
2769.644971668720000	 0.082887502819098
2769.877930283550000	 0.082919509449286
2770.110888898370000	 0.082966357886139
2770.343847513200000	 0.083016419374328
2770.576806128030000	 0.083053918677485
2770.809764742850000	 0.083068905525160
2771.042723357680000	 0.083063803137859
2771.275681972500000	 0.083052562986811
2771.508640587330000	 0.083052854949390
2771.741599202160000	 0.083075926870817
2771.974557816980000	 0.083120216814372
2772.207516431810000	 0.083172580974529
2772.440475046630000	 0.083216458667469
2772.673433661460000	 0.083242149335024
2772.906392276290000	 0.083253045748317
2773.139350891110000	 0.083263950687532
2773.372309505940000	 0.083292250020697
2773.605268120770000	 0.083347030045432
2773.838226735590000	 0.083422594148920
2774.071185350420000	 0.083500374792396
2774.304143965240000	 0.083558403162985
2774.537102580070000	 0.083583115962510
2774.770061194900000	 0.083576841335316
2775.003019809720000	 0.083556647290289
2775.235978424550000	 0.083545099324988
2775.468937039380000	 0.083558101305343
2775.701895654200000	 0.083596647306309
2775.934854269030000	 0.083646996116577
2776.167812883850000	 0.083688906862847
2776.400771498680000	 0.083707020734457
2776.633730113510000	 0.083698814782101
2776.866688728330000	 0.083674671400937
2777.099647343160000	 0.083650272265514
2777.332605957980000	 0.083636033009644
2777.565564572810000	 0.083629976961327
2777.798523187640000	 0.083618318127357
2778.031481802460000	 0.083583407859094
2778.264440417290000	 0.083514346358749
2778.497399032120000	 0.083413982791288
2778.730357646940000	 0.083298131458002
2778.963316261770000	 0.083187423680309
2779.196274876590000	 0.083096591849947
2779.429233491420000	 0.083027482036523
2779.662192106250000	 0.082969799687794
2779.895150721070000	 0.082908938756956
2780.128109335900000	 0.082836030130333
2780.361067950730000	 0.082754028834068
2780.594026565550000	 0.082676018536080
2780.826985180380000	 0.082616625174413
2781.059943795200000	 0.082581723664007
2781.292902410030000	 0.082562847973562
2781.525861024860000	 0.082540063017351
2781.758819639680000	 0.082492096180121
2781.991778254510000	 0.082408170466415
2782.224736869340000	 0.082294740172424
2782.457695484160000	 0.082172979380541
2782.690654098990000	 0.082068034159313
2782.923612713810000	 0.081995809264398
2783.156571328640000	 0.081954584266757
2783.389529943470000	 0.081926087496062
2783.622488558290000	 0.081885371237833
2783.855447173120000	 0.081813979054402
2784.088405787940000	 0.081709161019088
2784.321364402770000	 0.081584193955528
2784.554323017600000	 0.081459925841060
2784.787281632420000	 0.081352625056409
2785.020240247250000	 0.081265185836684
2785.253198862080000	 0.081186590100931
2785.486157476900000	 0.081099614350656
2785.719116091730000	 0.080992024715549
2785.952074706550000	 0.080864610852216
2786.185033321380000	 0.080731373074654
2786.417991936210000	 0.080611840576003
2786.650950551030000	 0.080520141049806
2786.883909165860000	 0.080457301178709
2787.116867780690000	 0.080411246220028
2787.349826395510000	 0.080364365954834
2787.582785010340000	 0.080304091816219
2787.815743625160000	 0.080230230824905
2788.048702239990000	 0.080154760520341
2788.281660854820000	 0.080094266299465
2788.514619469640000	 0.080059571206384
2788.747578084470000	 0.080048744631849
2788.980536699300000	 0.080047608533681
2789.213495314120000	 0.080037389558409
2789.446453928950000	 0.080004979251876
2789.679412543770000	 0.079949779608272
2789.912371158600000	 0.079883156713640
2790.145329773430000	 0.079820919274013
2790.378288388250000	 0.079773391629004
2790.611247003080000	 0.079739050562092
2790.844205617900000	 0.079705503357533
2791.077164232730000	 0.079657174478840
2791.310122847560000	 0.079585088253050
2791.543081462380000	 0.079492887210761
2791.776040077210000	 0.079395424221718
2792.008998692040000	 0.079310668066663
2792.241957306860000	 0.079249678784101
2792.474915921690000	 0.079210584444564
2792.707874536510000	 0.079180085373107
2792.940833151340000	 0.079141514057057
2793.173791766170000	 0.079084606981810
2793.406750380990000	 0.079011159471483
2793.639708995820000	 0.078933198195394
2793.872667610650000	 0.078864804670943
2794.105626225470000	 0.078812602860842
2794.338584840300000	 0.078770809516058
2794.571543455120000	 0.078724051702249
2794.804502069950000	 0.078656492597253
2795.037460684780000	 0.078561948614331
2795.270419299600000	 0.078448902041970
2795.503377914430000	 0.078337135543003
2795.736336529250000	 0.078247592016068
2795.969295144080000	 0.078191145919566
2796.202253758910000	 0.078162758282119
2796.435212373730000	 0.078144447627847
2796.668170988560000	 0.078115451175212
2796.901129603390000	 0.078063833237463
2797.134088218210000	 0.077992958510964
2797.367046833040000	 0.077919171849995
2797.600005447860000	 0.077862098792146
2797.832964062690000	 0.077833281436279
2798.065922677520000	 0.077829809968597
2798.298881292340000	 0.077836603663461
2798.531839907170000	 0.077835845666008
2798.764798522000000	 0.077817835197485
2798.997757136820000	 0.077786651483406
2799.230715751650000	 0.077757057423029
2799.463674366470000	 0.077744309191347
2799.696632981300000	 0.077752911606247
2799.929591596130000	 0.077771202890004
2800.162550210950000	 0.077775406085420
2800.395508825780000	 0.077741350114434
2800.628467440610000	 0.077657566484859
2800.861426055430000	 0.077532439765124
2801.094384670260000	 0.077391174310943
2801.327343285080000	 0.077263933436203
2801.560301899910000	 0.077171476924856
2801.793260514740000	 0.077116037744004
2802.026219129560000	 0.077082182581026
2802.259177744390000	 0.077046790927718
2802.492136359210000	 0.076992313106356
2802.725094974040000	 0.076915866429134
2802.958053588870000	 0.076829305894063
2803.191012203690000	 0.076750680200278
2803.423970818520000	 0.076692431110846
2803.656929433350000	 0.076653422430467
2803.889888048170000	 0.076619425833141
2804.122846663000000	 0.076571609518965
2804.355805277820000	 0.076497906191779
2804.588763892650000	 0.076400530326737
2804.821722507480000	 0.076295224589695
2805.054681122300000	 0.076202690590818
2805.287639737130000	 0.076137240673237
2805.520598351960000	 0.076099255646926
2805.753556966780000	 0.076075655857731
2805.986515581610000	 0.076047810619946
2806.219474196430000	 0.076002013320621
2806.452432811260000	 0.075936310894523
2806.685391426090000	 0.075859814302335
2806.918350040910000	 0.075785242675323
2807.151308655740000	 0.075719599375936
2807.384267270570000	 0.075658991923222
2807.617225885390000	 0.075590988281274
2807.850184500220000	 0.075503173249006
2808.083143115040000	 0.075392612641593
2808.316101729870000	 0.075270131633193
2808.549060344700000	 0.075156220057710
2808.782018959520000	 0.075070382586517
2809.014977574350000	 0.075019895768031
2809.247936189170000	 0.074994634533572
2809.480894804000000	 0.074971357760835
2809.713853418830000	 0.074925482459140
2809.946812033650000	 0.074844018573841
2810.179770648480000	 0.074732467564852
2810.412729263310000	 0.074611686186729
2810.645687878130000	 0.074506305982610
2810.878646492960000	 0.074431118240958
2811.111605107780000	 0.074383020794707
2811.344563722610000	 0.074342951919109
2811.577522337440000	 0.074286599751680
2811.810480952260000	 0.074197816724060
2812.043439567090000	 0.074077251643038
2812.276398181920000	 0.073941470320961
2812.509356796740000	 0.073813242487116
2812.742315411570000	 0.073708671798800
2812.975274026390000	 0.073628525675324
2813.208232641220000	 0.073558529100482
2813.441191256050000	 0.073478141573540
2813.674149870870000	 0.073372537750510
2813.907108485700000	 0.073240849710679
2814.140067100520000	 0.073096058814101
2814.373025715350000	 0.072956876042519
2814.605984330180000	 0.072836628298525
2814.838942945000000	 0.072735795165079
2815.071901559830000	 0.072642491478732
2815.304860174660000	 0.072540377274438
2815.537818789480000	 0.072419106982883
2815.770777404310000	 0.072281019513426
2816.003736019130000	 0.072140083389068
2816.236694633960000	 0.072013786057352
2816.469653248790000	 0.071912915749690
2816.702611863610000	 0.071835430223741
2816.935570478440000	 0.071768080932123
2817.168529093270000	 0.071694744460043
2817.401487708090000	 0.071606363930305
2817.634446322920000	 0.071506402381468
2817.867404937740000	 0.071408356067262
2818.100363552570000	 0.071326667753453
2818.333322167400000	 0.071266486718626
2818.566280782220000	 0.071218613877298
2818.799239397050000	 0.071163041152083
2819.032198011880000	 0.071079471439947
2819.265156626700000	 0.070959028563715
2819.498115241530000	 0.070810439588729
2819.731073856350000	 0.070656883948545
2819.964032471180000	 0.070524901193522
2820.196991086010000	 0.070431280410411
2820.429949700830000	 0.070375037111941
2820.662908315660000	 0.070338710083881
2820.895866930480000	 0.070298010342127
2821.128825545310000	 0.070234337408277
2821.361784160140000	 0.070143325755371
2821.594742774960000	 0.070035059760749
2821.827701389790000	 0.069926454895326
2822.060660004620000	 0.069830735680017
2822.293618619440000	 0.069750348602792
2822.526577234270000	 0.069677263788770
2822.759535849090000	 0.069599992373038
2822.992494463920000	 0.069512598252077
2823.225453078750000	 0.069419871719849
2823.458411693570000	 0.069335261452300
2823.691370308400000	 0.069272678668880
2823.924328923230000	 0.069237167638795
2824.157287538050000	 0.069220281348056
2824.390246152880000	 0.069203272695067
2824.623204767700000	 0.069166575686131
2824.856163382530000	 0.069100272519109
2825.089121997360000	 0.069009523101787
2825.322080612180000	 0.068911725517055
2825.555039227010000	 0.068826928852989
2825.787997841840000	 0.068766961943710
2826.020956456660000	 0.068729485941029
2826.253915071490000	 0.068700264159245
2826.486873686310000	 0.068662143252333
2826.719832301140000	 0.068605393208037
2826.952790915970000	 0.068533353168678
2827.185749530790000	 0.068460153310768
2827.418708145620000	 0.068402003345223
2827.651666760440000	 0.068367368635284
2827.884625375270000	 0.068351968899320
2828.117583990100000	 0.068341564520105
2828.350542604920000	 0.068320779590339
2828.583501219750000	 0.068282583687060
2828.816459834580000	 0.068232637744412
2829.049418449400000	 0.068185761084559
2829.282377064230000	 0.068156545043940
2829.515335679050000	 0.068149776224489
2829.748294293880000	 0.068156573698992
2829.981252908710000	 0.068158787231547
2830.214211523530000	 0.068139264277304
2830.447170138360000	 0.068092009483700
2830.680128753190000	 0.068026145962913
2830.913087368010000	 0.067961088473995
2831.146045982840000	 0.067915512220301
2831.379004597660000	 0.067896500246815
2831.611963212490000	 0.067895316851223
2831.844921827320000	 0.067892462916677
2832.077880442140000	 0.067869250786283
2832.310839056970000	 0.067819251460243
2832.543797671790000	 0.067752864862260
2832.776756286620000	 0.067692093932294
2833.009714901450000	 0.067658282237817
2833.242673516270000	 0.067659808153049
2833.475632131100000	 0.067686924121816
2833.708590745930000	 0.067716896786810
2833.941549360750000	 0.067726703278224
2834.174507975580000	 0.067706162667251
2834.407466590400000	 0.067663987541800
2834.640425205230000	 0.067623106131572
2834.873383820060000	 0.067607666208872
2835.106342434880000	 0.067628960774264
2835.339301049710000	 0.067678244760784
2835.572259664540000	 0.067730568650720
2835.805218279360000	 0.067757589901984
2836.038176894190000	 0.067742353368942
2836.271135509010000	 0.067687980031223
2836.504094123840000	 0.067615614865103
2836.737052738670000	 0.067552980435039
2836.970011353490000	 0.067520081973954
2837.202969968320000	 0.067520012857467
2837.435928583150000	 0.067539662049771
2837.668887197970000	 0.067559378058367
2837.901845812800000	 0.067565649084518
2838.134804427620000	 0.067559374506633
2838.367763042450000	 0.067555068115891
2838.600721657280000	 0.067571729917164
2838.833680272100000	 0.067620997556723
2839.066638886930000	 0.067699648157336
2839.299597501750000	 0.067790760570207
2839.532556116580000	 0.067872644627571
2839.765514731410000	 0.067930135571764
2839.998473346230000	 0.067961610576857
2840.231431961060000	 0.067977746977052
2840.464390575890000	 0.067993029053660
2840.697349190710000	 0.068015368815232
2840.930307805540000	 0.068040306839869
2841.163266420360000	 0.068053445466881
2841.396225035190000	 0.068039764705728
2841.629183650020000	 0.067994259110994
2841.862142264840000	 0.067927368857184
2842.095100879670000	 0.067861568421862
2842.328059494500000	 0.067820624550059
2842.561018109320000	 0.067817430971621
2842.793976724150000	 0.067847298624661
2843.026935338970000	 0.067890518934735
2843.259893953800000	 0.067922768949148
2843.492852568630000	 0.067927554165539
2843.725811183450000	 0.067903837962629
2843.958769798280000	 0.067864842469300
2844.191728413110000	 0.067829115908887
2844.424687027930000	 0.067809381324686
2844.657645642760000	 0.067805783615984
2844.890604257580000	 0.067807314816130
2845.123562872410000	 0.067800204581968
2845.356521487240000	 0.067777913700446
2845.589480102060000	 0.067746465045273
2845.822438716890000	 0.067721693687074
2846.055397331710000	 0.067719937991630
2846.288355946540000	 0.067747774004281
2846.521314561370000	 0.067797103515339
2846.754273176190000	 0.067848786023823
2846.987231791020000	 0.067882945460360
2847.220190405850000	 0.067890077306293
2847.453149020670000	 0.067876455889611
2847.686107635500000	 0.067860513909255
2847.919066250320000	 0.067862094236339
2848.152024865150000	 0.067890713160425
2848.384983479980000	 0.067939644972216
2848.617942094800000	 0.067989299902508
2848.850900709630000	 0.068018014273709
2849.083859324460000	 0.068014123037682
2849.316817939280000	 0.067982440858916
2849.549776554110000	 0.067941462082481
2849.782735168930000	 0.067912925021866
2850.015693783760000	 0.067909786928105
2850.248652398590000	 0.067929505877186
2850.481611013410000	 0.067956341750689
2850.714569628240000	 0.067971116924677
2850.947528243060000	 0.067962608486197
2851.180486857890000	 0.067933887714409
2851.413445472720000	 0.067899948338958
2851.646404087540000	 0.067878149173767
2851.879362702370000	 0.067877290289849
2852.112321317200000	 0.067891943738526
2852.345279932020000	 0.067905492714537
2852.578238546850000	 0.067900141519243
2852.811197161680000	 0.067868016425103
2853.044155776500000	 0.067816761264354
2853.277114391330000	 0.067766168738927
2853.510073006150000	 0.067737618819088
2853.743031620980000	 0.067742356492046
2853.975990235810000	 0.067775355730318
2854.208948850630000	 0.067818261099709
2854.441907465460000	 0.067849659657680
2854.674866080280000	 0.067856781153620
2854.907824695110000	 0.067841984982502
2855.140783309940000	 0.067820460846919
2855.373741924760000	 0.067810704572236
2855.606700539590000	 0.067823528806175
2855.839659154420000	 0.067856107378343
2856.072617769240000	 0.067894418257746
2856.305576384070000	 0.067922399011518
2856.538534998890000	 0.067932175544663
2856.771493613720000	 0.067929135801054
2857.004452228550000	 0.067928717994859
2857.237410843370000	 0.067946783116975
2857.470369458200000	 0.067989372231213
2857.703328073020000	 0.068048096715517
2857.936286687850000	 0.068104088863620
2858.169245302680000	 0.068138376350762
2858.402203917500000	 0.068142733960157
2858.635162532330000	 0.068124699650898
2858.868121147160000	 0.068103753164308
2859.101079761980000	 0.068100786036123
2859.334038376810000	 0.068126932762094
2859.566996991630000	 0.068178184492088
2859.799955606460000	 0.068238749674746
2860.032914221290000	 0.068290972964001
2860.265872836110000	 0.068325829029646
2860.498831450940000	 0.068347746964863
2860.731790065770000	 0.068370938192556
2860.964748680590000	 0.068409529990638
2861.197707295420000	 0.068467596733666
2861.430665910240000	 0.068535298788821
2861.663624525070000	 0.068593691455109
2861.896583139900000	 0.068625560337193
2862.129541754720000	 0.068625951927229
2862.362500369550000	 0.068606047840952
2862.595458984380000	 0.068587767404206
2862.828417599200000	 0.068591910608870
2863.061376214030000	 0.068626583580535
2863.294334828850000	 0.068682650082132
2863.527293443680000	 0.068738959495750
2863.760252058510000	 0.068774474772946
2863.993210673330000	 0.068780425983888
2864.226169288160000	 0.068765516442349
2864.459127902980000	 0.068751115333560
2864.692086517810000	 0.068759135941092
2864.925045132640000	 0.068799582820334
2865.158003747460000	 0.068864967366344
2865.390962362290000	 0.068934793641083
2865.623920977120000	 0.068987498188909
2865.856879591940000	 0.069012960023037
2866.089838206770000	 0.069018368060153
2866.322796821590000	 0.069024035046258
2866.555755436420000	 0.069051567460731
2866.788714051250000	 0.069111271104617
2867.021672666070000	 0.069196110817097
2867.254631280900000	 0.069285689780883
2867.487589895730000	 0.069357895045234
2867.720548510550000	 0.069401459260826
2867.953507125380000	 0.069422182063223
2868.186465740200000	 0.069439220840083
2868.419424355030000	 0.069473645275041
2868.652382969860000	 0.069535988228981
2868.885341584680000	 0.069620090900891
2869.118300199510000	 0.069706803389834
2869.351258814330000	 0.069775330286283
2869.584217429160000	 0.069815574581350
2869.817176043990000	 0.069834232412573
2870.050134658810000	 0.069850976441751
2870.283093273640000	 0.069886844493446
2870.516051888470000	 0.069951568665561
2870.749010503290000	 0.070037259738293
2870.981969118120000	 0.070122193157310
2871.214927732940000	 0.070182639322792
2871.447886347770000	 0.070206109489960
2871.680844962600000	 0.070198593854545
2871.913803577420000	 0.070181776966968
2872.146762192250000	 0.070181920785099
2872.379720807080000	 0.070216810522819
2872.612679421900000	 0.070288075066869
2872.845638036730000	 0.070382837018888
2873.078596651550000	 0.070483126330826
2873.311555266380000	 0.070577080259107
2873.544513881210000	 0.070665131658570
2873.777472496030000	 0.070757564707336
2874.010431110860000	 0.070865138233705
2874.243389725690000	 0.070988776346651
2874.476348340510000	 0.071114972037721
2874.709306955340000	 0.071220150030794
2874.942265570160000	 0.071281882217595
2875.175224184990000	 0.071290715099017
2875.408182799820000	 0.071255816160606
2875.641141414640000	 0.071201008234157
2875.874100029470000	 0.071153180386594
2876.107058644290000	 0.071129420598127
2876.340017259120000	 0.071129911399667
2876.572975873950000	 0.071140252509580
2876.805934488770000	 0.071141468926466
2877.038893103600000	 0.071121690361718
2877.271851718430000	 0.071082748324360
2877.504810333250000	 0.071038102543442
2877.737768948080000	 0.071003732014764
2877.970727562900000	 0.070987804646204
2878.203686177730000	 0.070985541413611
2878.436644792560000	 0.070982392264031
2878.669603407380000	 0.070963516081108
2878.902562022210000	 0.070923694700564
2879.135520637040000	 0.070871468788847
2879.368479251860000	 0.070824685326503
2879.601437866690000	 0.070799847040436
2879.834396481510000	 0.070801545331657
2880.067355096340000	 0.070818415493808
2880.300313711170000	 0.070828327942678
2880.533272325990000	 0.070810147817603
2880.766230940820000	 0.070755508505978
2880.999189555650000	 0.070673885149909
2881.232148170470000	 0.070587969376262
2881.465106785300000	 0.070521884102943
2881.698065400120000	 0.070488913059935
2881.931024014950000	 0.070485651290201
2882.163982629780000	 0.070495669954492
2882.396941244600000	 0.070500243226562
2882.629899859430000	 0.070489657066322
2882.862858474260000	 0.070468389775473
2883.095817089080000	 0.070451149335769
2883.328775703910000	 0.070452264662882
2883.561734318730000	 0.070474994567037
2883.794692933560000	 0.070507447887749
2884.027651548390000	 0.070527905428820
2884.260610163210000	 0.070516748798210
2884.493568778040000	 0.070468198967754
2884.726527392860000	 0.070394944423596
2884.959486007690000	 0.070322641998102
2885.192444622520000	 0.070277071767672
2885.425403237340000	 0.070271051474067
2885.658361852170000	 0.070298434784747
2885.891320467000000	 0.070338477892253
2886.124279081820000	 0.070367981417872
2886.357237696650000	 0.070374291202104
2886.590196311470000	 0.070361854424970
2886.823154926300000	 0.070348762766915
2887.056113541130000	 0.070355482489831
2887.289072155950000	 0.070392445194405
2887.522030770780000	 0.070453700078879
2887.754989385600000	 0.070520141969328
2887.987948000430000	 0.070570208676864
2888.220906615260000	 0.070591694239607
2888.453865230080000	 0.070587827419691
2888.686823844910000	 0.070574244823188
2888.919782459740000	 0.070568927010480
2889.152741074560000	 0.070581340131432
2889.385699689390000	 0.070607393044203
2889.618658304210000	 0.070633177257485
2889.851616919040000	 0.070645070553631
2890.084575533870000	 0.070639892361375
2890.317534148690000	 0.070628677182449
2890.550492763520000	 0.070631388897308
2890.783451378350000	 0.070665393847286
2891.016409993170000	 0.070734462937977
2891.249368608000000	 0.070825009555228
2891.482327222820000	 0.070912160385150
2891.715285837650000	 0.070972542919649
2891.948244452480000	 0.070996690952275
2892.181203067300000	 0.070994004763983
2892.414161682130000	 0.070987312352147
2892.647120296950000	 0.071000016617013
2892.880078911780000	 0.071043143820288
2893.113037526610000	 0.071109705210129
2893.345996141430000	 0.071179552690189
2893.578954756260000	 0.071231861471848
2893.811913371090000	 0.071258000675755
2894.044871985910000	 0.071267308652473
2894.277830600740000	 0.071282331888858
2894.510789215560000	 0.071326176332993
2894.743747830390000	 0.071409236267738
2894.976706445220000	 0.071522947916681
2895.209665060040000	 0.071644145886657
2895.442623674870000	 0.071747527219776
2895.675582289700000	 0.071819153349389
2895.908540904520000	 0.071863376107223
2896.141499519350000	 0.071899349808195
2896.374458134170000	 0.071949281289475
2896.607416749000000	 0.072025308902197
2896.840375363830000	 0.072122569719151
2897.073333978650000	 0.072222262411694
2897.306292593480000	 0.072302666904076
2897.539251208310000	 0.072351573584744
2897.772209823130000	 0.072372906525254
2898.005168437960000	 0.072383805647138
2898.238127052780000	 0.072404061488229
2898.471085667610000	 0.072444284970062
2898.704044282440000	 0.072499856369867
2898.937002897260000	 0.072554163136298
2899.169961512090000	 0.072589085753054
2899.402920126920000	 0.072596420027531
2899.635878741740000	 0.072583383391758
2899.868837356570000	 0.072568847455157
2900.101795971390000	 0.072572462154258
2900.334754586220000	 0.072603115098336
2900.567713201050000	 0.072653598285787
2900.800671815870000	 0.072704681059060
2901.033630430700000	 0.072736253286499
2901.266589045520000	 0.072739063423557
2901.499547660350000	 0.072720195949589
2901.732506275180000	 0.072699047141374
2901.965464890000000	 0.072696125445695
2902.198423504830000	 0.072721244445246
2902.431382119660000	 0.072768018309869
2902.664340734480000	 0.072817821918148
2902.897299349310000	 0.072850833793723
2903.130257964130000	 0.072857693679154
2903.363216578960000	 0.072844985040206
2903.596175193790000	 0.072831372176192
2903.829133808610000	 0.072836725027943
2904.062092423440000	 0.072870707596972
2904.295051038270000	 0.072927567626743
2904.528009653090000	 0.072990100790298
2904.760968267920000	 0.073040289032128
2904.993926882740000	 0.073070180553130
2905.226885497570000	 0.073086451057652
2905.459844112400000	 0.073105847676437
2905.692802727220000	 0.073144211578166
2905.925761342050000	 0.073205726601909
2906.158719956870000	 0.073279011778141
2906.391678571700000	 0.073342664369634
2906.624637186530000	 0.073377281069443
2906.857595801350000	 0.073377094335201
2907.090554416180000	 0.073354386610959
2907.323513031010000	 0.073333848837483
2907.556471645830000	 0.073339833664997
2907.789430260660000	 0.073383638685086
2908.022388875480000	 0.073457981841722
2908.255347490310000	 0.073541672667633
2908.488306105140000	 0.073611657385650
2908.721264719960000	 0.073655512265531
2908.954223334790000	 0.073677351215086
2909.187181949620000	 0.073694022575925
2909.420140564440000	 0.073724169806116
2909.653099179270000	 0.073776875956153
2909.886057794090000	 0.073846696965864
2910.119016408920000	 0.073917893118638
2910.351975023750000	 0.073975069016371
2910.584933638570000	 0.074013575065601
2910.817892253400000	 0.074043143313938
2911.050850868230000	 0.074082285209526
2911.283809483050000	 0.074146645228461
2911.516768097880000	 0.074238374877795
2911.749726712700000	 0.074343214652198
2911.982685327530000	 0.074437499088419
2912.215643942360000	 0.074501408253850
2912.448602557180000	 0.074530941812937
2912.681561172010000	 0.074541525462385
2912.914519786830000	 0.074560734376933
2913.147478401660000	 0.074613846807750
2913.380437016490000	 0.074710216241701
2913.613395631310000	 0.074838149051182
2913.846354246140000	 0.074971196352906
2914.079312860970000	 0.075082313889231
2914.312271475790000	 0.075157926911260
2914.545230090620000	 0.075204033653030
2914.778188705440000	 0.075241050659973
2915.011147320270000	 0.075290592582453
2915.244105935100000	 0.075362030480145
2915.477064549920000	 0.075446723820125
2915.710023164750000	 0.075523273861524
2915.942981779580000	 0.075570724852576
2916.175940394400000	 0.075582030293960
2916.408899009230000	 0.075569865604508
2916.641857624050000	 0.075561171839679
2916.874816238880000	 0.075583299857265
2917.107774853710000	 0.075649542915648
2917.340733468530000	 0.075752235760904
2917.573692083360000	 0.075867229967983
2917.806650698190000	 0.075967078675734
2918.039609313010000	 0.076035443157655
2918.272567927840000	 0.076074722442196
2918.505526542660000	 0.076102914047298
2918.738485157490000	 0.076141945537584
2918.971443772320000	 0.076204561401822
2919.204402387140000	 0.076287452925585
2919.437361001970000	 0.076374389529941
2919.670319616790000	 0.076447088723208
2919.903278231620000	 0.076497024791817
2920.136236846450000	 0.076530922795407
2920.369195461270000	 0.076566552233346
2920.602154076100000	 0.076621362904343
2920.835112690930000	 0.076700937704047
2921.068071305750000	 0.076794449022174
2921.301029920580000	 0.076880160415817
2921.533988535400000	 0.076938015866481
2921.766947150230000	 0.076962029513855
2921.999905765060000	 0.076965050912887
2922.232864379880000	 0.076972721526527
2922.465822994710000	 0.077009719949917
2922.698781609530000	 0.077086023982171
2922.931740224360000	 0.077191064209258
2923.164698839190000	 0.077299197168107
2923.397657454010000	 0.077383528720574
2923.630616068840000	 0.077430426537263
2923.863574683670000	 0.077446667095968
2924.096533298490000	 0.077455308283899
2924.329491913320000	 0.077482782770100
2924.562450528140000	 0.077544672033238
2924.795409142970000	 0.077638197552435
2925.028367757800000	 0.077745379312940
2925.261326372620000	 0.077844592337457
2925.494284987450000	 0.077923526973158
2925.727243602280000	 0.077985938296065
2925.960202217100000	 0.078048347373719
2926.193160831930000	 0.078128864218840
2926.426119446750000	 0.078234998184523
2926.659078061580000	 0.078357868850988
2926.892036676410000	 0.078476342399627
2927.124995291230000	 0.078568708653570
2927.357953906060000	 0.078625073984641
2927.590912520890000	 0.078653193884033
2927.823871135710000	 0.078674266738310
2928.056829750540000	 0.078711109084813
2928.289788365360000	 0.078775653131848
2928.522746980190000	 0.078863090831272
2928.755705595020000	 0.078956009949041
2928.988664209840000	 0.079035963929885
2929.221622824670000	 0.079095566696867
2929.454581439500000	 0.079143879479620
2929.687540054320000	 0.079201756239777
2929.920498669150000	 0.079289736825207
2930.153457283970000	 0.079415537724383
2930.386415898800000	 0.079568477856447
2930.619374513630000	 0.079724131551702
2930.852333128450000	 0.079856594968118
2931.085291743280000	 0.079951439600348
2931.318250358100000	 0.080012111306332
2931.551208972930000	 0.080056353110580
2931.784167587760000	 0.080105006626617
2932.017126202580000	 0.080169910412886
2932.250084817410000	 0.080247966229246
2932.483043432240000	 0.080324621026299
2932.716002047060000	 0.080384363266560
2932.948960661890000	 0.080421692967435
2933.181919276710000	 0.080445772283026
2933.414877891540000	 0.080475756031247
2933.647836506370000	 0.080529454632384
2933.880795121190000	 0.080612109479136
2934.113753736020000	 0.080712118389890
2934.346712350850000	 0.080806499164171
2934.579670965670000	 0.080873175559409
2934.812629580500000	 0.080903148226290
2935.045588195320000	 0.080905572265570
2935.278546810150000	 0.080902777314651
2935.511505424980000	 0.080918087569296
2935.744464039800000	 0.080963496853004
2935.977422654630000	 0.081034274008650
2936.210381269460000	 0.081113426645360
2936.443339884280000	 0.081183166656269
2936.676298499110000	 0.081236478501611
2936.909257113930000	 0.081281870349611
2937.142215728760000	 0.081338410378976
2937.375174343590000	 0.081423934357397
2937.608132958410000	 0.081543435581656
2937.841091573240000	 0.081684601245137
2938.074050188060000	 0.081823285086744
2938.307008802890000	 0.081935934657085
2938.539967417720000	 0.082011970488381
2938.772926032540000	 0.082059095552350
2939.005884647370000	 0.082098528151501
2939.238843262200000	 0.082152956441051
2939.471801877020000	 0.082234208888588
2939.704760491850000	 0.082337687898821
2939.937719106670000	 0.082446531573838
2940.170677721500000	 0.082542765727795
2940.403636336330000	 0.082618730001105
2940.636594951150000	 0.082682031817045
2940.869553565980000	 0.082751180578466
2941.102512180810000	 0.082844627943447
2941.335470795630000	 0.082969870780394
2941.568429410460000	 0.083119165935143
2941.801388025280000	 0.083274365244041
2942.034346640110000	 0.083417911711470
2942.267305254940000	 0.083543393065082
2942.500263869760000	 0.083659320099449
2942.733222484590000	 0.083783839280827
2942.966181099410000	 0.083933567179679
2943.199139714240000	 0.084113346843989
2943.432098329070000	 0.084313208584944
2943.665056943890000	 0.084514461752832
2943.898015558720000	 0.084701302220775
2944.130974173550000	 0.084870888484072
2944.363932788370000	 0.085035550408995
2944.596891403200000	 0.085215344204502
2944.829850018020000	 0.085424993644693
2945.062808632850000	 0.085662868488197
2945.295767247680000	 0.085908759710165
2945.528725862500000	 0.086132284266142
2945.761684477330000	 0.086307686397002
2945.994643092160000	 0.086427058116013
2946.227601706980000	 0.086504669214383
2946.460560321810000	 0.086569888949675
2946.693518936630000	 0.086652519690562
2946.926477551460000	 0.086768622864648
2947.159436166290000	 0.086914540565511
2947.392394781110000	 0.087072010947249
2947.625353395940000	 0.087220909995811
2947.858312010770000	 0.087351914509656
2948.091270625590000	 0.087471638942400
2948.324229240420000	 0.087597371876992
2948.557187855240000	 0.087744781359245
2948.790146470070000	 0.087916177447653
2949.023105084900000	 0.088096590162372
2949.256063699720000	 0.088260296735969
2949.489022314550000	 0.088384301689158
2949.721980929370000	 0.088461159835338
2949.954939544200000	 0.088503742931645
2950.187898159030000	 0.088539034259502
2950.420856773850000	 0.088594319421577
2950.653815388680000	 0.088683541129453
2950.886774003510000	 0.088801417383171
2951.119732618330000	 0.088928313478162
2951.352691233160000	 0.089042636769575
2951.585649847980000	 0.089133328771807
2951.818608462810000	 0.089205191047458
2952.051567077640000	 0.089274159583856
2952.284525692460000	 0.089355708916065
2952.517484307290000	 0.089453715318017
2952.750442922110000	 0.089556793775544
2952.983401536940000	 0.089644537787477
2953.216360151770000	 0.089700033461405
2953.449318766590000	 0.089721094655623
2953.682277381420000	 0.089723187723690
2953.915235996250000	 0.089731765587644
2954.148194611070000	 0.089768013559332
2954.381153225900000	 0.089836082387452
2954.614111840720000	 0.089919246437911
2954.847070455550000	 0.089987441248618
2955.080029070380000	 0.090012228505847
2955.312987685200000	 0.089981029166891
2955.545946300030000	 0.089902798707841
2955.778904914860000	 0.089802092866519
2956.011863529680000	 0.089705074277261
2956.244822144510000	 0.089625582622087
2956.477780759330000	 0.089559166306783
2956.710739374160000	 0.089488141621942
2956.943697988990000	 0.089394276872631
2957.176656603810000	 0.089271364098461
2957.409615218640000	 0.089130146837071
2957.642573833470000	 0.088992678620283
2957.875532448290000	 0.088879550537660
2958.108491063120000	 0.088797751609396
2958.341449677940000	 0.088736553199937
2958.574408292770000	 0.088673987901367
2958.807366907600000	 0.088590177260572
2959.040325522420000	 0.088479662402772
2959.273284137250000	 0.088355352367187
2959.506242752080000	 0.088241526049404
2959.739201366900000	 0.088159797938767
2959.972159981730000	 0.088116242685611
2960.205118596550000	 0.088097315959674
2960.438077211380000	 0.088077127665705
2960.671035826210000	 0.088032064285148
2960.903994441030000	 0.087954499579196
2961.136953055860000	 0.087857754839965
2961.369911670680000	 0.087769382754353
2961.602870285510000	 0.087716537464692
2961.835828900340000	 0.087711761742945
2962.068787515160000	 0.087747216771157
2962.301746129990000	 0.087800419801718
2962.534704744820000	 0.087847944413872
2962.767663359640000	 0.087879083493727
2963.000621974470000	 0.087901619840763
2963.233580589290000	 0.087936487600536
2963.466539204120000	 0.088004615068767
2963.699497818950000	 0.088113793918827
2963.932456433770000	 0.088253285530509
2964.165415048600000	 0.088399213244250
2964.398373663430000	 0.088527488212231
2964.631332278250000	 0.088626744365310
2964.864290893080000	 0.088703854009345
2965.097249507900000	 0.088778956690915
2965.330208122730000	 0.088873081296063
2965.563166737560000	 0.088995762473644
2965.796125352380000	 0.089139929000890
2966.029083967210000	 0.089286888769779
2966.262042582040000	 0.089418215672813
2966.495001196860000	 0.089527332385278
2966.727959811690000	 0.089623855089216
2966.960918426510000	 0.089728131950814
2967.193877041340000	 0.089859317893389
2967.426835656170000	 0.090024230997192
2967.659794270990000	 0.090213719463797
2967.892752885820000	 0.090408664979899
2968.125711500640000	 0.090591901700607
2968.358670115470000	 0.090758739775822
2968.591628730300000	 0.090919559356182
2968.824587345120000	 0.091092690766874
2969.057545959950000	 0.091291776450541
2969.290504574780000	 0.091515390828249
2969.523463189600000	 0.091745586425394
2969.756421804430000	 0.091956830564922
2969.989380419250000	 0.092130579338310
2970.222339034080000	 0.092267132640108
2970.455297648910000	 0.092387564649867
2970.688256263730000	 0.092523958586488
2970.921214878560000	 0.092702924257702
2971.154173493390000	 0.092931473113704
2971.387132108210000	 0.093193218645282
2971.620090723040000	 0.093457154327147
2971.853049337860000	 0.093694264275512
2972.086007952690000	 0.093892879018269
2972.318966567520000	 0.094064373703566
2972.551925182340000	 0.094236188150028
2972.784883797170000	 0.094436288411299
2973.017842411990000	 0.094677985690962
2973.250801026820000	 0.094953643344167
2973.483759641650000	 0.095240530000906
2973.716718256470000	 0.095515096975641
2973.949676871300000	 0.095767259691704
2974.182635486130000	 0.096006399991560
2974.415594100950000	 0.096255668821015
2974.648552715780000	 0.096538013418374
2974.881511330600000	 0.096862178406224
2975.114469945430000	 0.097216851153180
2975.347428560260000	 0.097576263927271
2975.580387175080000	 0.097913922139499
2975.813345789910000	 0.098216563528736
2976.046304404740000	 0.098490475295965
2976.279263019560000	 0.098756827283394
2976.512221634390000	 0.099039106250731
2976.745180249210000	 0.099350263552259
2976.978138864040000	 0.099687098665182
2977.211097478870000	 0.100034829746250
2977.444056093690000	 0.100378603332523
2977.677014708520000	 0.100714559792980
2977.909973323350000	 0.101053384336842
2978.142931938170000	 0.101413874914137
2978.375890553000000	 0.101810277016632
2978.608849167820000	 0.102241192151244
2978.841807782650000	 0.102687184604326
2979.074766397480000	 0.103119141557533
2979.307725012300000	 0.103513015555390
2979.540683627130000	 0.103862562908736
2979.773642241950000	 0.104182457718292
2980.006600856780000	 0.104499444996936
2980.239559471610000	 0.104836106647351
2980.472518086430000	 0.105196283520287
2980.705476701260000	 0.105560456335098
2980.938435316090000	 0.105893828210363
2981.171393930910000	 0.106162728522122
2981.404352545740000	 0.106350293930509
2981.637311160560000	 0.106462739788338
2981.870269775390000	 0.106522781183702
2982.103228390220000	 0.106554054951971
2982.336187005040000	 0.106565540471288
2982.569145619870000	 0.106544897074108
2982.802104234700000	 0.106464394949426
2983.035062849520000	 0.106295862822358
2983.268021464350000	 0.106025987778025
2983.500980079170000	 0.105663197740442
2983.733938694000000	 0.105232276583185
2983.966897308830000	 0.104760019219517
2984.199855923650000	 0.104260438586947
2984.432814538480000	 0.103728179742958
2984.665773153310000	 0.103143857793829
2984.898731768130000	 0.102488029611838
2985.131690382960000	 0.101755512390859
2985.364648997780000	 0.100961590393574
2985.597607612610000	 0.100136410392342
2985.830566227440000	 0.099310830650394
2986.063524842260000	 0.098502013141395
2986.296483457090000	 0.097707096319396
2986.529442071910000	 0.096908423162046
2986.762400686740000	 0.096087055455520
2986.995359301570000	 0.095236627081675
2987.228317916390000	 0.094369562128594
2987.461276531220000	 0.093512252638756
2987.694235146050000	 0.092692293993483
2987.927193760870000	 0.091925450094867
2988.160152375700000	 0.091209930456330
2988.393110990520000	 0.090530978577010
2988.626069605350000	 0.089872582768954
2988.859028220180000	 0.089229006717640
2989.091986835000000	 0.088609128806461
2989.324945449830000	 0.088031057273825
2989.557904064660000	 0.087510483502685
2989.790862679480000	 0.087050090489398
2990.023821294310000	 0.086636670113455
2990.256779909130000	 0.086247889806251
2990.489738523960000	 0.085864811330787
2990.722697138790000	 0.085482759746250
2990.955655753610000	 0.085113993781417
2991.188614368440000	 0.084780399182944
2991.421572983260000	 0.084500374334235
2991.654531598090000	 0.084277614280160
2991.887490212920000	 0.084098416593651
2992.120448827740000	 0.083939095602795
2992.353407442570000	 0.083779155787606
2992.586366057400000	 0.083612504189324
2992.819324672220000	 0.083450096668708
2993.052283287050000	 0.083312426902626
2993.285241901870000	 0.083216316338624
2993.518200516700000	 0.083163908535311
2993.751159131530000	 0.083140458952977
2993.984117746350000	 0.083122251775408
2994.217076361180000	 0.083089970856319
2994.450034976010000	 0.083039609358153
2994.682993590830000	 0.082984358094804
2994.915952205660000	 0.082946144375862
2995.148910820480000	 0.082941653061771
2995.381869435310000	 0.082971095109113
2995.614828050140000	 0.083016542391062
2995.847786664960000	 0.083051127180676
2996.080745279790000	 0.083054068069716
2996.313703894620000	 0.083022996418717
2996.546662509440000	 0.082976428117639
2996.779621124270000	 0.082944761942657
2997.012579739090000	 0.082954770321327
2997.245538353920000	 0.083016292344184
2997.478496968750000	 0.083118479589178
2997.711455583570000	 0.083237347731373
2997.944414198400000	 0.083349916598945
2998.177372813220000	 0.083446590101300
2998.410331428050000	 0.083534636849453
2998.643290042880000	 0.083630989873402
2998.876248657700000	 0.083749004633132
2999.109207272530000	 0.083887456547288
2999.342165887360000	 0.084028694146494
2999.575124502180000	 0.084147357283991
2999.808083117010000	 0.084224745059200
3000.041041731830000	 0.084260433323765
3000.274000346660000	 0.084274090592570
3000.506958961490000	 0.084295973499100
3000.739917576310000	 0.084351217791732
3000.972876191140000	 0.084446825037153
3001.205834805970000	 0.084568794512801
3001.438793420790000	 0.084691004691576
3001.671752035620000	 0.084790702831685
3001.904710650440000	 0.084861697814922
3002.137669265270000	 0.084917664430809
3002.370627880100000	 0.084983652658152
3002.603586494920000	 0.085080767950410
3002.836545109750000	 0.085213018762783
3003.069503724580000	 0.085364068361546
3003.302462339400000	 0.085505842383741
3003.535420954230000	 0.085614077558214
3003.768379569050000	 0.085681885075299
3004.001338183880000	 0.085723480643546
3004.234296798710000	 0.085765836485055
3004.467255413530000	 0.085832993992749
3004.700214028360000	 0.085932040972476
3004.933172643180000	 0.086048739091481
3005.166131258010000	 0.086155149475391
3005.399089872840000	 0.086224741614736
3005.632048487660000	 0.086246312192596
3005.865007102490000	 0.086228862070129
3006.097965717320000	 0.086194899513948
3006.330924332140000	 0.086166418367372
3006.563882946970000	 0.086152025522500
3006.796841561790000	 0.086142813128778
3007.029800176620000	 0.086119198536845
3007.262758791450000	 0.086064398480311
3007.495717406270000	 0.085976308521560
3007.728676021100000	 0.085870520373930
3007.961634635930000	 0.085772478431512
3008.194593250750000	 0.085703305548139
3008.427551865580000	 0.085667695078074
3008.660510480400000	 0.085651085364435
3008.893469095230000	 0.085627842143929
3009.126427710060000	 0.085575701508035
3009.359386324880000	 0.085488050349675
3009.592344939710000	 0.085376848244368
3009.825303554530000	 0.085264480433069
3010.058262169360000	 0.085169436691471
3010.291220784190000	 0.085094468472643
3010.524179399010000	 0.085024451794017
3010.757138013840000	 0.084935434486470
3010.990096628670000	 0.084809710180927
3011.223055243490000	 0.084648077505570
3011.456013858320000	 0.084471846163043
3011.688972473140000	 0.084312973327196
3011.921931087970000	 0.084197676010260
3012.154889702800000	 0.084132790954336
3012.387848317620000	 0.084102612213289
3012.620806932450000	 0.084077914203656
3012.853765547280000	 0.084032004060782
3013.086724162100000	 0.083954823667717
3013.319682776930000	 0.083857353291181
3013.552641391750000	 0.083764143769637
3013.785600006580000	 0.083698617561449
3014.018558621410000	 0.083669856247105
3014.251517236230000	 0.083668460328488
3014.484475851060000	 0.083673459961851
3014.717434465890000	 0.083665646508070
3014.950393080710000	 0.083639016802896
3015.183351695540000	 0.083603350431522
3015.416310310360000	 0.083576442179245
3015.649268925190000	 0.083570922392416
3015.882227540020000	 0.083584036865206
3016.115186154840000	 0.083597097128596
3016.348144769670000	 0.083585543163115
3016.581103384490000	 0.083534107609380
3016.814061999320000	 0.083448186192550
3017.047020614150000	 0.083354246399025
3017.279979228970000	 0.083288185074585
3017.512937843800000	 0.083277602980089
3017.745896458630000	 0.083327761362067
3017.978855073450000	 0.083419106999176
3018.211813688280000	 0.083517797257320
3018.444772303100000	 0.083593447534688
3018.677730917930000	 0.083634412917006
3018.910689532760000	 0.083652374039770
3019.143648147580000	 0.083674007045453
3019.376606762410000	 0.083724772825212
3019.609565377240000	 0.083814212807207
3019.842523992060000	 0.083931031530311
3020.075482606890000	 0.084050399897989
3020.308441221710000	 0.084148840831781
3020.541399836540000	 0.084217829438983
3020.774358451370000	 0.084268176101998
3021.007317066190000	 0.084322778790693
3021.240275681020000	 0.084402228795297
3021.473234295850000	 0.084511941755008
3021.706192910670000	 0.084638471820030
3021.939151525500000	 0.084757155051642
3022.172110140320000	 0.084846565690750
3022.405068755150000	 0.084901304283155
3022.638027369980000	 0.084935592349784
3022.870985984800000	 0.084975508099565
3023.103944599630000	 0.085044394194295
3023.336903214450000	 0.085150000648542
3023.569861829280000	 0.085280834017113
3023.802820444110000	 0.085413688234079
3024.035779058930000	 0.085527782633551
3024.268737673760000	 0.085617133461932
3024.501696288590000	 0.085693867581805
3024.734654903410000	 0.085780548102674
3024.967613518240000	 0.085896132717648
3025.200572133060000	 0.086043991883220
3025.433530747890000	 0.086209139586363
3025.666489362720000	 0.086366305923308
3025.899447977540000	 0.086494086749284
3026.132406592370000	 0.086586865656605
3026.365365207200000	 0.086657501392171
3026.598323822020000	 0.086729185745823
3026.831282436850000	 0.086821302085136
3027.064241051670000	 0.086937714215484
3027.297199666500000	 0.087064468895570
3027.530158281330000	 0.087178289595000
3027.763116896150000	 0.087260854992071
3027.996075510980000	 0.087310419432022
3028.229034125800000	 0.087343822303234
3028.461992740630000	 0.087387553018381
3028.694951355460000	 0.087463051677898
3028.927909970280000	 0.087574907289473
3029.160868585110000	 0.087708909575531
3029.393827199940000	 0.087841073076126
3029.626785814760000	 0.087952295819617
3029.859744429590000	 0.088039979464153
3030.092703044410000	 0.088119634821300
3030.325661659240000	 0.088215340004346
3030.558620274070000	 0.088344576061979
3030.791578888890000	 0.088506431759559
3031.024537503720000	 0.088680281163063
3031.257496118550000	 0.088835941256339
3031.490454733370000	 0.088949653694687
3031.723413348200000	 0.089016826603690
3031.956371963020000	 0.089054238886460
3032.189330577850000	 0.089090431157045
3032.422289192680000	 0.089149891936732
3032.655247807500000	 0.089240291432213
3032.888206422330000	 0.089350145558238
3033.121165037160000	 0.089458034866774
3033.354123651980000	 0.089547633956259
3033.587082266810000	 0.089619359462529
3033.820040881630000	 0.089691419001160
3034.052999496460000	 0.089789346764643
3034.285958111290000	 0.089930070000024
3034.518916726110000	 0.090109970755152
3034.751875340940000	 0.090304214575539
3034.984833955760000	 0.090478168787627
3035.217792570590000	 0.090604799597298
3035.450751185420000	 0.090678397520767
3035.683709800240000	 0.090716838953921
3035.916668415070000	 0.090750982014151
3036.149627029900000	 0.090807182466462
3036.382585644720000	 0.090892895345056
3036.615544259550000	 0.090993444177209
3036.848502874370000	 0.091081503347929
3037.081461489200000	 0.091133601208130
3037.314420104030000	 0.091144102763003
3037.547378718850000	 0.091128705497876
3037.780337333680000	 0.091115583887197
3038.013295948510000	 0.091129516498281
3038.246254563330000	 0.091178385098167
3038.479213178160000	 0.091249885488191
3038.712171792980000	 0.091320134573590
3038.945130407810000	 0.091368855997106
3039.178089022640000	 0.091392050214208
3039.411047637460000	 0.091404604810376
3039.644006252290000	 0.091431289681897
3039.876964867120000	 0.091491550565411
3040.109923481940000	 0.091587272438932
3040.342882096770000	 0.091700903003347
3040.575840711590000	 0.091805116416646
3040.808799326420000	 0.091878334815071
3041.041757941250000	 0.091916932424932
3041.274716556070000	 0.091936833935387
3041.507675170900000	 0.091963456311569
3041.740633785720000	 0.092015926811918
3041.973592400550000	 0.092095022579638
3042.206551015380000	 0.092182132739535
3042.439509630200000	 0.092250042339106
3042.672468245030000	 0.092279346109290
3042.905426859860000	 0.092270844719679
3043.138385474680000	 0.092246374871600
3043.371344089510000	 0.092237143797817
3043.604302704330000	 0.092266043932642
3043.837261319160000	 0.092334153445553
3044.070219933990000	 0.092419341881026
3044.303178548810000	 0.092487985175182
3044.536137163640000	 0.092513345168336
3044.769095778470000	 0.092490365656731
3045.002054393290000	 0.092438541649162
3045.235013008120000	 0.092391155360194
3045.467971622940000	 0.092376904071310
3045.700930237770000	 0.092404278222697
3045.933888852600000	 0.092457370478083
3046.166847467420000	 0.092505159999692
3046.399806082250000	 0.092518701291492
3046.632764697070000	 0.092486390888309
3046.865723311900000	 0.092418866486043
3047.098681926730000	 0.092341249828194
3047.331640541550000	 0.092277809298053
3047.564599156380000	 0.092238335943452
3047.797557771210000	 0.092214123470259
3048.030516386030000	 0.092185425711964
3048.263475000860000	 0.092135354117866
3048.496433615680000	 0.092061415759719
3048.729392230510000	 0.091977409120122
3048.962350845340000	 0.091904336294187
3049.195309460160000	 0.091855872297877
3049.428268074990000	 0.091827524091758
3049.661226689820000	 0.091796610797599
3049.894185304640000	 0.091733794687867
3050.127143919470000	 0.091619935720198
3050.360102534290000	 0.091458599327280
3050.593061149120000	 0.091276670489345
3050.826019763950000	 0.091112170958082
3051.058978378770000	 0.090995775099128
3051.291936993600000	 0.090936218326972
3051.524895608430000	 0.090917507636455
3051.757854223250000	 0.090909027555039
3051.990812838080000	 0.090882390652292
3052.223771452900000	 0.090825313216478
3052.456730067730000	 0.090744804417345
3052.689688682560000	 0.090658386290751
3052.922647297380000	 0.090579230239541
3053.155605912210000	 0.090504725952284
3053.388564527030000	 0.090415859516947
3053.621523141860000	 0.090288183997099
3053.854481756690000	 0.090108069317385
3054.087440371510000	 0.089884442152934
3054.320398986340000	 0.089648431978934
3054.553357601170000	 0.089440153119696
3054.786316215990000	 0.089289435105975
3055.019274830820000	 0.089201094072827
3055.252233445640000	 0.089152936360825
3055.485192060470000	 0.089107559163226
3055.718150675300000	 0.089031390469865
3055.951109290120000	 0.088910564744293
3056.184067904950000	 0.088755188436052
3056.417026519780000	 0.088590198065042
3056.649985134600000	 0.088438622232411
3056.882943749430000	 0.088307211290918
3057.115902364250000	 0.088182668963951
3057.348860979080000	 0.088040259843405
3057.581819593910000	 0.087859281564854
3057.814778208730000	 0.087635985757486
3058.047736823560000	 0.087386200145787
3058.280695438390000	 0.087136180961263
3058.513654053210000	 0.086907376549730
3058.746612668040000	 0.086704400488968
3058.979571282860000	 0.086513386865758
3059.212529897690000	 0.086311501832942
3059.445488512520000	 0.086081700349394
3059.678447127340000	 0.085823736137328
3059.911405742170000	 0.085554671786115
3060.144364356990000	 0.085298456672365
3060.377322971820000	 0.085070882095848
3060.610281586650000	 0.084869234935062
3060.843240201470000	 0.084673265081794
3061.076198816300000	 0.084457267240996
3061.309157431130000	 0.084206282850624
3061.542116045950000	 0.083926679167907
3061.775074660780000	 0.083644346592494
3062.008033275600000	 0.083390929760743
3062.240991890430000	 0.083185759417849
3062.473950505260000	 0.083024041366637
3062.706909120080000	 0.082878481891244
3062.939867734910000	 0.082713851940176
3063.172826349740000	 0.082506504932844
3063.405784964560000	 0.082257807467856
3063.638743579390000	 0.081993593334143
3063.871702194210000	 0.081749540469568
3064.104660809040000	 0.081550485388246
3064.337619423870000	 0.081395335284857
3064.570578038690000	 0.081256176526842
3064.803536653520000	 0.081092248074414
3065.036495268340000	 0.080871236285802
3065.269453883170000	 0.080586334948144
3065.502412498000000	 0.080259823089548
3065.735371112820000	 0.079931373689864
3065.968329727650000	 0.079637830937510
3066.201288342480000	 0.079395795070774
3066.434246957300000	 0.079196287359307
3066.667205572130000	 0.079013472797111
3066.900164186960000	 0.078821428294132
3067.133122801780000	 0.078608823292583
3067.366081416610000	 0.078383193204411
3067.599040031430000	 0.078162992250422
3067.831998646260000	 0.077962989681732
3068.064957261090000	 0.077782436535595
3068.297915875910000	 0.077603470630930
3068.530874490740000	 0.077400753356810
3068.763833105560000	 0.077156372888799
3068.996791720390000	 0.076870767698198
3069.229750335220000	 0.076562737782511
3069.462708950040000	 0.076258193148390
3069.695667564870000	 0.075974236444229
3069.928626179700000	 0.075708217102145
3070.161584794520000	 0.075438602519902
3070.394543409350000	 0.075137578291041
3070.627502024170000	 0.074788330703151
3070.860460639000000	 0.074396982761479
3071.093419253830000	 0.073991916599819
3071.326377868650000	 0.073610336417415
3071.559336483480000	 0.073279388409919
3071.792295098300000	 0.073002453537785
3072.025253713130000	 0.072758287619983
3072.258212327960000	 0.072513310957205
3072.491170942780000	 0.072239949081982
3072.724129557610000	 0.071930673995801
3072.957088172440000	 0.071600019309484
3073.190046787260000	 0.071273864883692
3073.423005402090000	 0.070972705327632
3073.655964016910000	 0.070699019643782
3073.888922631740000	 0.070436182538379
3074.121881246570000	 0.070159308236556
3074.354839861390000	 0.069851289973543
3074.587798476220000	 0.069514240321746
3074.820757091050000	 0.069169270975796
3075.053715705870000	 0.068844534637746
3075.286674320700000	 0.068558611069873
3075.519632935520000	 0.068309281939722
3075.752591550350000	 0.068074619541796
3075.985550165180000	 0.067826012103723
3076.218508780000000	 0.067545640450969
3076.451467394830000	 0.067238127219995
3076.684426009660000	 0.066929242834835
3076.917384624480000	 0.066652006068325
3077.150343239310000	 0.066428004892800
3077.383301854130000	 0.066254752824616
3077.616260468960000	 0.066106489853096
3077.849219083790000	 0.065948090541958
3078.082177698610000	 0.065754229102731
3078.315136313440000	 0.065522909589008
3078.548094928260000	 0.065275584601815
3078.781053543090000	 0.065043714651259
3079.014012157920000	 0.064849484318197
3079.246970772740000	 0.064691826930494
3079.479929387570000	 0.064545812750984
3079.712888002400000	 0.064375736949393
3079.945846617220000	 0.064154479440377
3080.178805232050000	 0.063878241006977
3080.411763846870000	 0.063568412601330
3080.644722461700000	 0.063259635066898
3080.877681076530000	 0.062980963580396
3081.110639691350000	 0.062740873652723
3081.343598306180000	 0.062524367173099
3081.576556921010000	 0.062303260527939
3081.809515535830000	 0.062053219309439
3082.042474150660000	 0.061767551035009
3082.275432765480000	 0.061460038125061
3082.508391380310000	 0.061155753201488
3082.741349995140000	 0.060875909440771
3082.974308609960000	 0.060626115737844
3083.207267224790000	 0.060394997148898
3083.440225839610000	 0.060163614906101
3083.673184454440000	 0.059919493283952
3083.906143069270000	 0.059666247636680
3084.139101684090000	 0.059422461963383
3084.372060298920000	 0.059210086687468
3084.605018913750000	 0.059039259875098
3084.837977528570000	 0.058898950652938
3085.070936143400000	 0.058759566695937
3085.303894758220000	 0.058586666631072
3085.536853373050000	 0.058358367754674
3085.769811987880000	 0.058076697159915
3086.002770602700000	 0.057766349394517
3086.235729217530000	 0.057461385283847
3086.468687832360000	 0.057187332193427
3086.701646447180000	 0.056948783513594
3086.934605062010000	 0.056729306561847
3087.167563676830000	 0.056503260617884
3087.400522291660000	 0.056252287138940
3087.633480906490000	 0.055976668565708
3087.866439521310000	 0.055694891765837
3088.099398136140000	 0.055431836958377
3088.332356750970000	 0.055202902708988
3088.565315365790000	 0.055003863128441
3088.798273980620000	 0.054812784049122
3089.031232595440000	 0.054603069691235
3089.264191210270000	 0.054360037811753
3089.497149825100000	 0.054091173162353
3089.730108439920000	 0.053823681024624
3089.963067054750000	 0.053590281922598
3090.196025669570000	 0.053411162226913
3090.428984284400000	 0.053282404477174
3090.661942899230000	 0.053177536640966
3090.894901514050000	 0.053061294088682
3091.127860128880000	 0.052907752653893
3091.360818743710000	 0.052712601103781
3091.593777358530000	 0.052492785585642
3091.826735973360000	 0.052274133954707
3092.059694588180000	 0.052074585716626
3092.292653203010000	 0.051893101947577
3092.525611817840000	 0.051710750665512
3092.758570432660000	 0.051503113026963
3092.991529047490000	 0.051256430066372
3093.224487662320000	 0.050977652508281
3093.457446277140000	 0.050692064154430
3093.690404891970000	 0.050429518765843
3093.923363506790000	 0.050207283198132
3094.156322121620000	 0.050019734641650
3094.389280736450000	 0.049841243903437
3094.622239351270000	 0.049640868622612
3094.855197966100000	 0.049400561738144
3095.088156580930000	 0.049126419804609
3095.321115195750000	 0.048846310866453
3095.554073810580000	 0.048594991354220
3095.787032425400000	 0.048395111347679
3096.019991040230000	 0.048244931520155
3096.252949655060000	 0.048119643744968
3096.485908269880000	 0.047985330048613
3096.718866884710000	 0.047817451186534
3096.951825499540000	 0.047613316734005
3097.184784114360000	 0.047391566025207
3097.417742729190000	 0.047179319741802
3097.650701344010000	 0.046994950813947
3097.883659958840000	 0.046836937617200
3098.116618573670000	 0.046685439056380
3098.349577188490000	 0.046515499963590
3098.582535803320000	 0.046313857173212
3098.815494418140000	 0.046089156088516
3099.048453032970000	 0.045869181308378
3099.281411647800000	 0.045686332672534
3099.514370262620000	 0.045559636553182
3099.747328877450000	 0.045483793590227
3099.980287492280000	 0.045431720283880
3100.213246107100000	 0.045369195181785
3100.446204721930000	 0.045273217245919
3100.679163336750000	 0.045143509069282
3100.912121951580000	 0.045000492963116
3101.145080566410000	 0.044870928794463
3101.378039181230000	 0.044769720706114
3101.610997796060000	 0.044688750066123
3101.843956410880000	 0.044599503679018
3102.076915025710000	 0.044468236416047
3102.309873640540000	 0.044275158287128
3102.542832255360000	 0.044026722046341
3102.775790870190000	 0.043753846305934
3103.008749485020000	 0.043496844323805
3103.241708099840000	 0.043285449048015
3103.474666714670000	 0.043125070031746
3103.707625329490000	 0.042996630416233
3103.940583944320000	 0.042869425087722
3104.173542559150000	 0.042719161025957
3104.406501173970000	 0.042540749925784
3104.639459788800000	 0.042348809265663
3104.872418403630000	 0.042166217286256
3105.105377018450000	 0.042008175475252
3105.338335633280000	 0.041871779521188
3105.571294248100000	 0.041737543697677
3105.804252862930000	 0.041581937412864
3106.037211477760000	 0.041393281556482
3106.270170092580000	 0.041181214377113
3106.503128707410000	 0.040973590081240
3106.736087322230000	 0.040802094254595
3106.969045937060000	 0.040684731746824
3107.202004551890000	 0.040615446221820
3107.434963166710000	 0.040567095551940
3107.667921781540000	 0.040506288168536
3107.900880396370000	 0.040411761167448
3108.133839011190000	 0.040285904898089
3108.366797626020000	 0.040152852871450
3108.599756240840000	 0.040044198086908
3108.832714855670000	 0.039980533743974
3109.065673470500000	 0.039959380490470
3109.298632085320000	 0.039956207156026
3109.531590700150000	 0.039937592577682
3109.764549314980000	 0.039878711906656
3109.997507929800000	 0.039775128568900
3110.230466544630000	 0.039642427479938
3110.463425159450000	 0.039504445269450
3110.696383774280000	 0.039377535688039
3110.929342389110000	 0.039260457970200
3111.162301003930000	 0.039135831409596
3111.395259618760000	 0.038981987172979
3111.628218233590000	 0.038787792266917
3111.861176848410000	 0.038561258976809
3112.094135463240000	 0.038326488555336
3112.327094078060000	 0.038110600180393
3112.560052692890000	 0.037928536166305
3112.793011307720000	 0.037775103539054
3113.025969922540000	 0.037629312928444
3113.258928537370000	 0.037468651824692
3113.491887152200000	 0.037284866284246
3113.724845767020000	 0.037091679627314
3113.957804381850000	 0.036919386004731
3114.190762996670000	 0.036798954569038
3114.423721611500000	 0.036744665326169
3114.656680226330000	 0.036745408375471
3114.889638841150000	 0.036769837825744
3115.122597455980000	 0.036782571292845
3115.355556070800000	 0.036762286831946
3115.588514685630000	 0.036711469576285
3115.821473300460000	 0.036652325913150
3116.054431915280000	 0.036611412641098
3116.287390530110000	 0.036602196206795
3116.520349144940000	 0.036615989035101
3116.753307759760000	 0.036626677990384
3116.986266374590000	 0.036606422189496
3117.219224989410000	 0.036542952711941
3117.452183604240000	 0.036448021055029
3117.685142219070000	 0.036351593991877
3117.918100833890000	 0.036284809061960
3118.151059448720000	 0.036261563313182
3118.384018063550000	 0.036269659550045
3118.616976678370000	 0.036276962848922
3118.849935293200000	 0.036249350115728
3119.082893908020000	 0.036170421683357
3119.315852522850000	 0.036051743888275
3119.548811137680000	 0.035927499586404
3119.781769752500000	 0.035836198548837
3120.014728367330000	 0.035799638538711
3120.247686982150000	 0.035811041273724
3120.480645596980000	 0.035839022887253
3120.713604211810000	 0.035844965822895
3120.946562826630000	 0.035803824072554
3121.179521441460000	 0.035716627535711
3121.412480056290000	 0.035607813166274
3121.645438671110000	 0.035509249331043
3121.878397285940000	 0.035440456024982
3122.111355900760000	 0.035396571605229
3122.344314515590000	 0.035350909993551
3122.577273130420000	 0.035270416551728
3122.810231745240000	 0.035134977624822
3123.043190360070000	 0.034949429541958
3123.276148974900000	 0.034741346032956
3123.509107589720000	 0.034545942861607
3123.742066204550000	 0.034387012132157
3123.975024819370000	 0.034265097259116
3124.207983434200000	 0.034159670209991
3124.440942049030000	 0.034043649473390
3124.673900663850000	 0.033901339489629
3124.906859278680000	 0.033738990061603
3125.139817893510000	 0.033581642078537
3125.372776508330000	 0.033458117363597
3125.605735123160000	 0.033383117451107
3125.838693737980000	 0.033347154486349
3126.071652352810000	 0.033320406556924
3126.304610967640000	 0.033268417047281
3126.537569582460000	 0.033170668324283
3126.770528197290000	 0.033031363011868
3127.003486812120000	 0.032876208451503
3127.236445426940000	 0.032737154472944
3127.469404041770000	 0.032634135908978
3127.702362656590000	 0.032564583520251
3127.935321271420000	 0.032506713895894
3128.168279886250000	 0.032434340474007
3128.401238501070000	 0.032334135676955
3128.634197115900000	 0.032214855265583
3128.867155730720000	 0.032102820599223
3129.100114345550000	 0.032026218968615
3129.333072960380000	 0.031997627202999
3129.566031575200000	 0.032005365037384
3129.798990190030000	 0.032019073929455
3130.031948804860000	 0.032006484660965
3130.264907419680000	 0.031951666571476
3130.497866034510000	 0.031863963181139
3130.730824649330000	 0.031772035649967
3130.963783264160000	 0.031706152686221
3131.196741878990000	 0.031679008660468
3131.429700493810000	 0.031676493866009
3131.662659108640000	 0.031664185637128
3131.895617723470000	 0.031606267883979
3132.128576338290000	 0.031486368357196
3132.361534953120000	 0.031318434462691
3132.594493567940000	 0.031141088798235
3132.827452182770000	 0.030998156803725
3133.060410797600000	 0.030916025891371
3133.293369412420000	 0.030890385385636
3133.526328027250000	 0.030889535404880
3133.759286642070000	 0.030872112902525
3133.992245256900000	 0.030809180186899
3134.225203871730000	 0.030698440889432
3134.458162486550000	 0.030562997156679
3134.691121101380000	 0.030436003799315
3134.924079716210000	 0.030340692594388
3135.157038331030000	 0.030277634406593
3135.389996945860000	 0.030226379912200
3135.622955560680000	 0.030159876377986
3135.855914175510000	 0.030062626767929
3136.088872790340000	 0.029941592839658
3136.321831405160000	 0.029823273209799
3136.554790019990000	 0.029738663454662
3136.787748634810000	 0.029705122844951
3137.020707249640000	 0.029716071759659
3137.253665864470000	 0.029744717618283
3137.486624479290000	 0.029759603722215
3137.719583094120000	 0.029742772365986
3137.952541708950000	 0.029699761936321
3138.185500323770000	 0.029655400549723
3138.418458938600000	 0.029637774791432
3138.651417553420000	 0.029659930210198
3138.884376168250000	 0.029710373554513
3139.117334783080000	 0.029758284869576
3139.350293397900000	 0.029770665298722
3139.583252012730000	 0.029731594890050
3139.816210627560000	 0.029652347171725
3140.049169242380000	 0.029566135585400
3140.282127857210000	 0.029510060534360
3140.515086472030000	 0.029504365914267
3140.748045086860000	 0.029540811891464
3140.981003701690000	 0.029586721234342
3141.213962316510000	 0.029602282831807
3141.446920931340000	 0.029561306657342
3141.679879546170000	 0.029463898284710
3141.912838160990000	 0.029334274519980
3142.145796775820000	 0.029205507531242
3142.378755390640000	 0.029100491694015
3142.611714005470000	 0.029020412732091
3142.844672620300000	 0.028947254980045
3143.077631235120000	 0.028858351296804
3143.310589849950000	 0.028743792855753
3143.543548464780000	 0.028615822576163
3143.776507079600000	 0.028504091393009
3144.009465694430000	 0.028439167452472
3144.242424309250000	 0.028433938116398
3144.475382924080000	 0.028474062522233
3144.708341538910000	 0.028523437357302
3144.941300153730000	 0.028541923039345
3145.174258768560000	 0.028505504552968
3145.407217383380000	 0.028417612296871
3145.640175998210000	 0.028305299775187
3145.873134613040000	 0.028202645909324
3146.106093227860000	 0.028131144430413
3146.339051842690000	 0.028088490623865
3146.572010457520000	 0.028052045823169
3146.804969072340000	 0.027994522552064
3147.037927687170000	 0.027902301835024
3147.270886301990000	 0.027785323071787
3147.503844916820000	 0.027672475852762
3147.736803531650000	 0.027595066858614
3147.969762146470000	 0.027568174912744
3148.202720761300000	 0.027581097175640
3148.435679376130000	 0.027602728140338
3148.668637990950000	 0.027598895258562
3148.901596605780000	 0.027551645525426
3149.134555220600000	 0.027469240786525
3149.367513835430000	 0.027380898969747
3149.600472450260000	 0.027319219949514
3149.833431065080000	 0.027300600804107
3150.066389679910000	 0.027315262519589
3150.299348294740000	 0.027332895698150
3150.532306909560000	 0.027320783177163
3150.765265524390000	 0.027263952050511
3150.998224139210000	 0.027175572183186
3151.231182754040000	 0.027091246177971
3151.464141368870000	 0.027050098788430
3151.697099983690000	 0.027073351660040
3151.930058598520000	 0.027152637786056
3152.163017213340000	 0.027254671918569
3152.395975828170000	 0.027339490099922
3152.628934443000000	 0.027381813805113
3152.861893057820000	 0.027383425438767
3153.094851672650000	 0.027369637833137
3153.327810287480000	 0.027372140403369
3153.560768902300000	 0.027408427241605
3153.793727517130000	 0.027469902774437
3154.026686131950000	 0.027525512376182
3154.259644746780000	 0.027538650054363
3154.492603361610000	 0.027487525567667
3154.725561976430000	 0.027377305471332
3154.958520591260000	 0.027237119056653
3155.191479206090000	 0.027103796984045
3155.424437820910000	 0.027001958050920
3155.657396435740000	 0.026932107795984
3155.890355050560000	 0.026873495064504
3156.123313665390000	 0.026799645855855
3156.356272280220000	 0.026697048280229
3156.589230895040000	 0.026575656839091
3156.822189509870000	 0.026464718979555
3157.055148124690000	 0.026396176030514
3157.288106739520000	 0.026385420338364
3157.521065354350000	 0.026420894140417
3157.754023969170000	 0.026468845709198
3157.986982584000000	 0.026490719524593
3158.219941198830000	 0.026463368644359
3158.452899813650000	 0.026390617463884
3158.685858428480000	 0.026299592663014
3158.918817043300000	 0.026224021377814
3159.151775658130000	 0.026184314413041
3159.384734272960000	 0.026176078480791
3159.617692887780000	 0.026173604110636
3159.850651502610000	 0.026146029876782
3160.083610117440000	 0.026076550737714
3160.316568732260000	 0.025973335308646
3160.549527347090000	 0.025865649472622
3160.782485961910000	 0.025787366535051
3161.015444576740000	 0.025757545845516
3161.248403191570000	 0.025769519047740
3161.481361806390000	 0.025794849861565
3161.714320421220000	 0.025799785804216
3161.947279036050000	 0.025764601249924
3162.180237650870000	 0.025694603033087
3162.413196265700000	 0.025616408943097
3162.646154880520000	 0.025561729123665
3162.879113495350000	 0.025548280865931
3163.112072110180000	 0.025569145027245
3163.345030725000000	 0.025596794191225
3163.577989339830000	 0.025599349258573
3163.810947954650000	 0.025559508809029
3164.043906569480000	 0.025485047593675
3164.276865184310000	 0.025404637281517
3164.509823799130000	 0.025351315241020
3164.742782413960000	 0.025343246070085
3164.975741028790000	 0.025373032948280
3165.208699643610000	 0.025411750588026
3165.441658258440000	 0.025425250666563
3165.674616873260000	 0.025393248995571
3165.907575488090000	 0.025320189324241
3166.140534102920000	 0.025231694557000
3166.373492717740000	 0.025158871888393
3166.606451332570000	 0.025119908384264
3166.839409947390000	 0.025109907455528
3167.072368562220000	 0.025104859839807
3167.305327177050000	 0.025077189100948
3167.538285791870000	 0.025013510208390
3167.771244406700000	 0.024923938843637
3168.004203021530000	 0.024837207640028
3168.237161636350000	 0.024784246464642
3168.470120251180000	 0.024779848797621
3168.703078866000000	 0.024813285228213
3168.936037480830000	 0.024853454695927
3169.168996095660000	 0.024865657864652
3169.401954710480000	 0.024830377899906
3169.634913325310000	 0.024753313250624
3169.867871940140000	 0.024660939666746
3170.100830554960000	 0.024584303923273
3170.333789169790000	 0.024540674415968
3170.566747784610000	 0.024523861714476
3170.799706399440000	 0.024508748593157
3171.032665014270000	 0.024467135196193
3171.265623629090000	 0.024385435987225
3171.498582243920000	 0.024273749959872
3171.731540858750000	 0.024160894454662
3171.964499473570000	 0.024078302112912
3172.197458088400000	 0.024042347690483
3172.430416703220000	 0.024045578715315
3172.663375318050000	 0.024061912109201
3172.896333932880000	 0.024062540175959
3173.129292547700000	 0.024033055451595
3173.362251162530000	 0.023981671896857
3173.595209777360000	 0.023933703795472
3173.828168392180000	 0.023915681105118
3174.061127007010000	 0.023938771748569
3174.294085621830000	 0.023991609897142
3174.527044236660000	 0.024046875513307
3174.760002851490000	 0.024077623288494
3174.992961466310000	 0.024073454530771
3175.225920081140000	 0.024046582884141
3175.458878695960000	 0.024023751351780
3175.691837310790000	 0.024028529509715
3175.924795925620000	 0.024064663599860
3176.157754540440000	 0.024110938072942
3176.390713155270000	 0.024131389293294
3176.623671770100000	 0.024095647416096
3176.856630384920000	 0.023997977884347
3177.089588999750000	 0.023863790967606
3177.322547614570000	 0.023739056405913
3177.555506229400000	 0.023667703894844
3177.788464844230000	 0.023669186962993
3178.021423459050000	 0.023728558456257
3178.254382073880000	 0.023804449548054
3178.487340688710000	 0.023850438545999
3178.720299303530000	 0.023838105956873
3178.953257918360000	 0.023769404607229
3179.186216533180000	 0.023672092940618
3179.419175148010000	 0.023581594049011
3179.652133762840000	 0.023520307299855
3179.885092377660000	 0.023486484982635
3180.118050992490000	 0.023458642147386
3180.351009607320000	 0.023412009503658
3180.583968222140000	 0.023336511309527
3180.816926836970000	 0.023245101520783
3181.049885451790000	 0.023167209768374
3181.282844066620000	 0.023131085194094
3181.515802681450000	 0.023145668019432
3181.748761296270000	 0.023193087136625
3181.981719911100000	 0.023236659513721
3182.214678525920000	 0.023240151696453
3182.447637140750000	 0.023187431145130
3182.680595755580000	 0.023091240650929
3182.913554370400000	 0.022985938488782
3183.146512985230000	 0.022908304117348
3183.379471600060000	 0.022877516103830
3183.612430214880000	 0.022885841236847
3183.845388829710000	 0.022905130246262
3184.078347444530000	 0.022904884324812
3184.311306059360000	 0.022870982144044
3184.544264674190000	 0.022813887550751
3184.777223289010000	 0.022761408317604
3185.010181903840000	 0.022740336149862
3185.243140518670000	 0.022758129809821
3185.476099133490000	 0.022795966607018
3185.709057748320000	 0.022817799977987
3185.942016363140000	 0.022790577261883
3186.174974977970000	 0.022704066152585
3186.407933592800000	 0.022578619520395
3186.640892207620000	 0.022455853811201
3186.873850822450000	 0.022377038070039
3187.106809437270000	 0.022361278772620
3187.339768052100000	 0.022395827980498
3187.572726666930000	 0.022443845533180
3187.805685281750000	 0.022465008327074
3188.038643896580000	 0.022437275375578
3188.271602511410000	 0.022367704510625
3188.504561126230000	 0.022286575298683
3188.737519741060000	 0.022228679513114
3188.970478355880000	 0.022212988016680
3189.203436970710000	 0.022232569786997
3189.436395585540000	 0.022260250965343
3189.669354200360000	 0.022266062782969
3189.902312815190000	 0.022235685916564
3190.135271430020000	 0.022178710588548
3190.368230044840000	 0.022121737371710
3190.601188659670000	 0.022090577480730
3190.834147274490000	 0.022092574946401
3191.067105889320000	 0.022110140945288
3191.300064504150000	 0.022109871035870
3191.533023118970000	 0.022062246569667
3191.765981733800000	 0.021960463458724
3191.998940348630000	 0.021827076403443
3192.231898963450000	 0.021703919363981
3192.464857578280000	 0.021630481951730
3192.697816193100000	 0.021622903027810
3192.930774807930000	 0.021665608699836
3193.163733422760000	 0.021720347774312
3193.396692037580000	 0.021747396076696
3193.629650652410000	 0.021726864795649
3193.862609267230000	 0.021668119832575
3194.095567882060000	 0.021602197593445
3194.328526496890000	 0.021561972286102
3194.561485111710000	 0.021561981163734
3194.794443726540000	 0.021589887523360
3195.027402341370000	 0.021614487638195
3195.260360956190000	 0.021605295493816
3195.493319571020000	 0.021551916414845
3195.726278185840000	 0.021471504803817
3195.959236800670000	 0.021399551479444
3196.192195415500000	 0.021369165975072
3196.425154030320000	 0.021391056714603
3196.658112645150000	 0.021446181969746
3196.891071259980000	 0.021495618347816
3197.124029874800000	 0.021502095848998
3197.356988489630000	 0.021450812706949
3197.589947104450000	 0.021357422502350
3197.822905719280000	 0.021258388734204
3198.055864334110000	 0.021189218516775
3198.288822948930000	 0.021163382098160
3198.521781563760000	 0.021164452909215
3198.754740178590000	 0.021156226736621
3198.987698793410000	 0.021104993808444
3199.220657408240000	 0.021000940494295
3199.453616023060000	 0.020865929710585
3199.686574637890000	 0.020742618527540
3199.919533252720000	 0.020670802661285
3200.152491867540000	 0.020664611778504
3200.385450482370000	 0.020703903065127
3200.618409097190000	 0.020745037500379
3200.851367712020000	 0.020745131414025
3201.084326326850000	 0.020686229172694
3201.317284941670000	 0.020585763966100
3201.550243556500000	 0.020487225250531
3201.783202171330000	 0.020436126912864
3202.016160786150000	 0.020454823684289
3202.249119400980000	 0.020530342590769
3202.482078015800000	 0.020621799160346
3202.715036630630000	 0.020682815058878
3202.947995245460000	 0.020686111868524
3203.180953860280000	 0.020636547564655
3203.413912475110000	 0.020565639916626
3203.646871089940000	 0.020511323068716
3203.879829704760000	 0.020495161523197
3204.112788319590000	 0.020510413065808
3204.345746934410000	 0.020527562515099
3204.578705549240000	 0.020513516868821
3204.811664164070000	 0.020452757657863
3205.044622778890000	 0.020357772430498
3205.277581393720000	 0.020262490725648
3205.510540008540000	 0.020202608188923
3205.743498623370000	 0.020194609327605
3205.976457238200000	 0.020226096344753
3206.209415853020000	 0.020263209176039
3206.442374467850000	 0.020270747727856
3206.675333082680000	 0.020233135766191
3206.908291697500000	 0.020163802638164
3207.141250312330000	 0.020097229034139
3207.374208927150000	 0.020068118085475
3207.607167541980000	 0.020089931083392
3207.840126156810000	 0.020145551894600
3208.073084771630000	 0.020195750433315
3208.306043386460000	 0.020200753864985
3208.539002001290000	 0.020142662401881
3208.771960616110000	 0.020035850880673
3209.004919230940000	 0.019919229615006
3209.237877845760000	 0.019834656093754
3209.470836460590000	 0.019803881825809
3209.703795075420000	 0.019817242409846
3209.936753690240000	 0.019840355398882
3210.169712305070000	 0.019834680938707
3210.402670919900000	 0.019780004605465
3210.635629534720000	 0.019685959080446
3210.868588149550000	 0.019586064981102
3211.101546764370000	 0.019517958513787
3211.334505379200000	 0.019501586792644
3211.567463994030000	 0.019528203338502
3211.800422608850000	 0.019566351819730
3212.033381223680000	 0.019580919982753
3212.266339838500000	 0.019553859585784
3212.499298453330000	 0.019494441329977
3212.732257068160000	 0.019433169977641
3212.965215682980000	 0.019403141419561
3213.198174297810000	 0.019420057215959
3213.431132912640000	 0.019472813742510
3213.664091527460000	 0.019530138463056
3213.897050142290000	 0.019559167506773
3214.130008757110000	 0.019544857300940
3214.362967371940000	 0.019498658769239
3214.595925986770000	 0.019451198147428
3214.828884601590000	 0.019433255918923
3215.061843216420000	 0.019456485507107
3215.294801831250000	 0.019505599996034
3215.527760446070000	 0.019546907989881
3215.760719060900000	 0.019548297899420
3215.993677675720000	 0.019498902714833
3216.226636290550000	 0.019416689390863
3216.459594905380000	 0.019339147233293
3216.692553520200000	 0.019302193023886
3216.925512135030000	 0.019319494243534
3217.158470749860000	 0.019374285131401
3217.391429364680000	 0.019428495741147
3217.624387979510000	 0.019444035591839
3217.857346594330000	 0.019404128001291
3218.090305209160000	 0.019322504923492
3218.323263823990000	 0.019235150179066
3218.556222438810000	 0.019179382662488
3218.789181053640000	 0.019172513169659
3219.022139668460000	 0.019202506263002
3219.255098283290000	 0.019235921232508
3219.488056898120000	 0.019238322861588
3219.721015512940000	 0.019195231499511
3219.953974127770000	 0.019121409492195
3220.186932742600000	 0.019052968479828
3220.419891357420000	 0.019026758334888
3220.652849972250000	 0.019058984736351
3220.885808587070000	 0.019135420824658
3221.118767201900000	 0.019218684562329
3221.351725816730000	 0.019268144793314
3221.584684431550000	 0.019260956276131
3221.817643046380000	 0.019202392286786
3222.050601661210000	 0.019120082110823
3222.283560276030000	 0.019046252358147
3222.516518890860000	 0.018999008336489
3222.749477505680000	 0.018973862412712
3222.982436120510000	 0.018950125754979
3223.215394735340000	 0.018907616939730
3223.448353350160000	 0.018842913618963
3223.681311964990000	 0.018774650263042
3223.914270579810000	 0.018734008281405
3224.147229194640000	 0.018745742039460
3224.380187809470000	 0.018811243555423
3224.613146424290000	 0.018904305677894
3224.846105039120000	 0.018982842444164
3225.079063653950000	 0.019010403847219
3225.312022268770000	 0.018975418732016
3225.544980883600000	 0.018897059406675
3225.777939498420000	 0.018814042614498
3226.010898113250000	 0.018762535288338
3226.243856728080000	 0.018755832805569
3226.476815342900000	 0.018777526096866
3226.709773957730000	 0.018791976730048
3226.942732572560000	 0.018765886630580
3227.175691187380000	 0.018688426509089
3227.408649802210000	 0.018578253037106
3227.641608417030000	 0.018473316724932
3227.874567031860000	 0.018409439402173
3228.107525646690000	 0.018400306400734
3228.340484261510000	 0.018430636088166
3228.573442876340000	 0.018466377802386
3228.806401491170000	 0.018475708256234
3229.039360105990000	 0.018448278440808
3229.272318720820000	 0.018401170218352
3229.505277335640000	 0.018367840049216
3229.738235950470000	 0.018376557726454
3229.971194565300000	 0.018431362256973
3230.204153180120000	 0.018507234237794
3230.437111794950000	 0.018562811905649
3230.670070409770000	 0.018563668532614
3230.903029024600000	 0.018502880207012
3231.135987639430000	 0.018406813918564
3231.368946254250000	 0.018322234997963
3231.601904869080000	 0.018291602757627
3231.834863483910000	 0.018330500775666
3232.067822098730000	 0.018420050614556
3232.300780713560000	 0.018518465204890
3232.533739328380000	 0.018584931810738
3232.766697943210000	 0.018602149742037
3232.999656558040000	 0.018584771673601
3233.232615172860000	 0.018569115778612
3233.465573787690000	 0.018590352546470
3233.698532402520000	 0.018660667373730
3233.931491017340000	 0.018761214470654
3234.164449632170000	 0.018852432839418
3234.397408246990000	 0.018896546697256
3234.630366861820000	 0.018879099143997
3234.863325476650000	 0.018817007069667
3235.096284091470000	 0.018748479547616
3235.329242706300000	 0.018710793306330
3235.562201321130000	 0.018719086217695
3235.795159935950000	 0.018758608750285
3236.028118550780000	 0.018794767415635
3236.261077165600000	 0.018794827633888
3236.494035780430000	 0.018748420591386
3236.726994395260000	 0.018674700689384
3236.959953010080000	 0.018611739820881
3237.192911624910000	 0.018594243790209
3237.425870239730000	 0.018632753617555
3237.658828854560000	 0.018706713094600
3237.891787469390000	 0.018775571915828
3238.124746084210000	 0.018801501248330
3238.357704699040000	 0.018770557765875
3238.590663313870000	 0.018700004546588
3238.823621928690000	 0.018627505687641
3239.056580543520000	 0.018588569068827
3239.289539158340000	 0.018595607991013
3239.522497773170000	 0.018630980944048
3239.755456388000000	 0.018657994828658
3239.988415002820000	 0.018643288609721
3240.221373617650000	 0.018577415450070
3240.454332232480000	 0.018481443203324
3240.687290847300000	 0.018395466965646
3240.920249462130000	 0.018355607964086
3241.153208076950000	 0.018373050253310
3241.386166691780000	 0.018427546280475
3241.619125306610000	 0.018479238926361
3241.852083921430000	 0.018491870601614
3242.085042536260000	 0.018453805477752
3242.318001151080000	 0.018384492644521
3242.550959765910000	 0.018322422545224
3242.783918380740000	 0.018301584701103
3243.016876995560000	 0.018330425550815
3243.249835610390000	 0.018385941450158
3243.482794225220000	 0.018426619851804
3243.715752840040000	 0.018416886596043
3243.948711454870000	 0.018348925999111
3244.181670069690000	 0.018248976860600
3244.414628684520000	 0.018163910084467
3244.647587299350000	 0.018135338834505
3244.880545914170000	 0.018175993484719
3245.113504529000000	 0.018261948957823
3245.346463143830000	 0.018345196622710
3245.579421758650000	 0.018379514093880
3245.812380373480000	 0.018345171827900
3246.045338988300000	 0.018258688556721
3246.278297603130000	 0.018162295230319
3246.511256217960000	 0.018099450536201
3246.744214832780000	 0.018090849660039
3246.977173447610000	 0.018124817563015
3247.210132062440000	 0.018167148445158
3247.443090677260000	 0.018183933645396
3247.676049292090000	 0.018163533976222
3247.909007906910000	 0.018124574301372
3248.141966521740000	 0.018105099701568
3248.374925136570000	 0.018139190684412
3248.607883751390000	 0.018234892505036
3248.840842366220000	 0.018366652504334
3249.073800981040000	 0.018486984922980
3249.306759595870000	 0.018550960788487
3249.539718210700000	 0.018539779475878
3249.772676825520000	 0.018470120141743
3250.005635440350000	 0.018383970871721
3250.238594055180000	 0.018324831868130
3250.471552670000000	 0.018314078210364
3250.704511284830000	 0.018340994528956
3250.937469899650000	 0.018371745957175
3251.170428514480000	 0.018371451227693
3251.403387129310000	 0.018326093027647
3251.636345744130000	 0.018251310389649
3251.869304358960000	 0.018182921831808
3252.102262973790000	 0.018154929767650
3252.335221588610000	 0.018178316487533
3252.568180203440000	 0.018233475263699
3252.801138818260000	 0.018280931602336
3253.034097433090000	 0.018284171380835
3253.267056047920000	 0.018231264171652
3253.500014662740000	 0.018142511748139
3253.732973277570000	 0.018059305991128
3253.965931892400000	 0.018020371164022
3254.198890507220000	 0.018039143138107
3254.431849122050000	 0.018095498846505
3254.664807736870000	 0.018146706206900
3254.897766351700000	 0.018151411615242
3255.130724966530000	 0.018093094484379
3255.363683581350000	 0.017989706636688
3255.596642196180000	 0.017884038794361
3255.829600811000000	 0.017820445367562
3256.062559425830000	 0.017821423643236
3256.295518040660000	 0.017877323009737
3256.528476655480000	 0.017954382442470
3256.761435270310000	 0.018015522628754
3256.994393885140000	 0.018041258017134
3257.227352499960000	 0.018038533006281
3257.460311114790000	 0.018032748189167
3257.693269729610000	 0.018048428369237
3257.926228344440000	 0.018090886619350
3258.159186959270000	 0.018140595267297
3258.392145574090000	 0.018164150953585
3258.625104188920000	 0.018135519837485
3258.858062803750000	 0.018054741154739
3259.091021418570000	 0.017952265590167
3259.323980033400000	 0.017875240478562
3259.556938648220000	 0.017862805828901
3259.789897263050000	 0.017924373583478
3260.022855877880000	 0.018033518386895
3260.255814492700000	 0.018141278675618
3260.488773107530000	 0.018201700307751
3260.721731722350000	 0.018195603895303
3260.954690337180000	 0.018139477766620
3261.187648952010000	 0.018074631424624
3261.420607566830000	 0.018042902553410
3261.653566181660000	 0.018062899302704
3261.886524796490000	 0.018120277492633
3262.119483411310000	 0.018177193738772
3262.352442026140000	 0.018194980842889
3262.585400640960000	 0.018156717764377
3262.818359255790000	 0.018076698686238
3263.051317870620000	 0.017991542976450
3263.284276485440000	 0.017938461664250
3263.517235100270000	 0.017933691817761
3263.750193715100000	 0.017963784395094
3263.983152329920000	 0.017994597330973
3264.216110944750000	 0.017992397259652
3264.449069559570000	 0.017944521005143
3264.682028174400000	 0.017867399986571
3264.914986789230000	 0.017797175594132
3265.147945404050000	 0.017768458404506
3265.380904018880000	 0.017793881758991
3265.613862633710000	 0.017856563929102
3265.846821248530000	 0.017919814316498
3266.079779863360000	 0.017948270257086
3266.312738478180000	 0.017928093525664
3266.545697093010000	 0.017874479257932
3266.778655707840000	 0.017822145964033
3267.011614322660000	 0.017804519262617
3267.244572937490000	 0.017834038734793
3267.477531552310000	 0.017895224682029
3267.710490167140000	 0.017954374767425
3267.943448781970000	 0.017979891237813
3268.176407396790000	 0.017961102091339
3268.409366011620000	 0.017914421809911
3268.642324626450000	 0.017873205618866
3268.875283241270000	 0.017867425097539
3269.108241856100000	 0.017905484761178
3269.341200470920000	 0.017969200411300
3269.574159085750000	 0.018024968996407
3269.807117700580000	 0.018044446656135
3270.040076315400000	 0.018022374449126
3270.273034930230000	 0.017980754924855
3270.505993545060000	 0.017956552918212
3270.738952159880000	 0.017979973960972
3270.971910774710000	 0.018056222049134
3271.204869389530000	 0.018161707218497
3271.437828004360000	 0.018257100416294
3271.670786619190000	 0.018309681223041
3271.903745234010000	 0.018311932644703
3272.136703848840000	 0.018285385640425
3272.369662463670000	 0.018267226568395
3272.602621078490000	 0.018287397814460
3272.835579693320000	 0.018349750211862
3273.068538308140000	 0.018428540271692
3273.301496922970000	 0.018482544293529
3273.534455537800000	 0.018478756665830
3273.767414152620000	 0.018412002996265
3274.000372767450000	 0.018308942506406
3274.233331382270000	 0.018213777245392
3274.466289997100000	 0.018163693231106
3274.699248611930000	 0.018168314090571
3274.932207226750000	 0.018205251947140
3275.165165841580000	 0.018234400757720
3275.398124456410000	 0.018222627297769
3275.631083071230000	 0.018164399883560
3275.864041686060000	 0.018086122674168
3276.097000300880000	 0.018031344340597
3276.329958915710000	 0.018035277946525
3276.562917530540000	 0.018103491567622
3276.795876145360000	 0.018207258269519
3277.028834760190000	 0.018298411324907
3277.261793375020000	 0.018335425410827
3277.494751989840000	 0.018306064205392
3277.727710604670000	 0.018233710140793
3277.960669219490000	 0.018163612637388
3278.193627834320000	 0.018136860525525
3278.426586449150000	 0.018167082044444
3278.659545063970000	 0.018233169119656
3278.892503678800000	 0.018291822302511
3279.125462293620000	 0.018302344727891
3279.358420908450000	 0.018249430474709
3279.591379523280000	 0.018151145271018
3279.824338138100000	 0.018047924047217
3280.057296752930000	 0.017979415429591
3280.290255367760000	 0.017962986090306
3280.523213982580000	 0.017986387717087
3280.756172597410000	 0.018018348381718
3280.989131212240000	 0.018030120122410
3281.222089827060000	 0.018014633623383
3281.455048441890000	 0.017991442678039
3281.688007056710000	 0.017994212331996
3281.920965671540000	 0.018048202250339
3282.153924286370000	 0.018151539912548
3282.386882901190000	 0.018272034888890
3282.619841516020000	 0.018362131359156
3282.852800130840000	 0.018383947993439
3283.085758745670000	 0.018330349044317
3283.318717360500000	 0.018229905925027
3283.551675975320000	 0.018132505007784
3283.784634590150000	 0.018083420534343
3284.017593204980000	 0.018100408558192
3284.250551819800000	 0.018166550833566
3284.483510434630000	 0.018242297225931
3284.716469049450000	 0.018289138870415
3284.949427664280000	 0.018290988938791
3285.182386279110000	 0.018261057739721
3285.415344893930000	 0.018230735134819
3285.648303508760000	 0.018227774405949
3285.881262123580000	 0.018257465433637
3286.114220738410000	 0.018298488061478
3286.347179353240000	 0.018316040081604
3286.580137968060000	 0.018284313207740
3286.813096582890000	 0.018204649708607
3287.046055197720000	 0.018107977040663
3287.279013812540000	 0.018039214219309
3287.511972427370000	 0.018032193324172
3287.744931042190000	 0.018089714283410
3287.977889657020000	 0.018180698108443
3288.210848271850000	 0.018256541206077
3288.443806886670000	 0.018277669420545
3288.676765501500000	 0.018235348284394
3288.909724116330000	 0.018156286295436
3289.142682731150000	 0.018087205402476
3289.375641345980000	 0.018068092989772
3289.608599960800000	 0.018109527860343
3289.841558575630000	 0.018187101511464
3290.074517190460000	 0.018255941283599
3290.307475805280000	 0.018276752323749
3290.540434420110000	 0.018238301429284
3290.773393034940000	 0.018163389952392
3291.006351649760000	 0.018094930471643
3291.239310264590000	 0.018070406223690
3291.472268879410000	 0.018099854961354
3291.705227494240000	 0.018160341799135
3291.938186109070000	 0.018210065689249
3292.171144723890000	 0.018213777758972
3292.404103338720000	 0.018164652618359
3292.637061953540000	 0.018089702766126
3292.870020568370000	 0.018035264947262
3293.102979183200000	 0.018040792625836
3293.335937798020000	 0.018116178807973
3293.568896412850000	 0.018235709174840
3293.801855027680000	 0.018351900224257
3294.034813642500000	 0.018421037972038
3294.267772257330000	 0.018425786298059
3294.500730872150000	 0.018382143258855
3294.733689486980000	 0.018327147520713
3294.966648101810000	 0.018295018719919
3295.199606716630000	 0.018296227512711
3295.432565331460000	 0.018312075789317
3295.665523946290000	 0.018307894651953
3295.898482561110000	 0.018256782130849
3296.131441175940000	 0.018159481113827
3296.364399790760000	 0.018048080349869
3296.597358405590000	 0.017970595158944
3296.830317020420000	 0.017964877574756
3297.063275635240000	 0.018036904013377
3297.296234250070000	 0.018156139791883
3297.529192864890000	 0.018270840967111
3297.762151479720000	 0.018334811420315
3297.995110094550000	 0.018330751188073
3298.228068709370000	 0.018277303202043
3298.461027324200000	 0.018216163345286
3298.693985939030000	 0.018187079944491
3298.926944553850000	 0.018205503829793
3299.159903168680000	 0.018255757580792
3299.392861783500000	 0.018303095184166
3299.625820398330000	 0.018316820624220
3299.858779013160000	 0.018290284300012
3300.091737627980000	 0.018245562224089
3300.324696242810000	 0.018219808851550
3300.557654857640000	 0.018241426912138
3300.790613472460000	 0.018310588382175
3301.023572087290000	 0.018396211077528
3301.256530702110000	 0.018451751130978
3301.489489316940000	 0.018441076343113
3301.722447931770000	 0.018359644661017
3301.955406546590000	 0.018238563451510
3302.188365161420000	 0.018128694134185
3302.421323776250000	 0.018073543013682
3302.654282391070000	 0.018086364090182
3302.887241005900000	 0.018144451580180
3303.120199620720000	 0.018203530745526
3303.353158235550000	 0.018223645308240
3303.586116850380000	 0.018191596522658
3303.819075465200000	 0.018127167907570
3304.052034080030000	 0.018069829706955
3304.284992694850000	 0.018054097746847
3304.517951309680000	 0.018088429328806
3304.750909924510000	 0.018150271331164
3304.983868539330000	 0.018200060658142
3305.216827154160000	 0.018205691593656
3305.449785768990000	 0.018162811741179
3305.682744383810000	 0.018098681407667
3305.915702998640000	 0.018056928579929
3306.148661613460000	 0.018071938009187
3306.381620228290000	 0.018147982613692
3306.614578843120000	 0.018255513573486
3306.847537457940000	 0.018346958432786
3307.080496072770000	 0.018383088713594
3307.313454687600000	 0.018354968459591
3307.546413302420000	 0.018288919554370
3307.779371917250000	 0.018231550700491
3308.012330532070000	 0.018223413704211
3308.245289146900000	 0.018276488859101
3308.478247761730000	 0.018368330096705
3308.711206376550000	 0.018455833884472
3308.944164991380000	 0.018500296439367
3309.177123606210000	 0.018489168669856
3309.410082221030000	 0.018442017604254
3309.643040835860000	 0.018397470643187
3309.875999450680000	 0.018389187308402
3310.108958065510000	 0.018425446199248
3310.341916680340000	 0.018484589762446
3310.574875295160000	 0.018528821142879
3310.807833909990000	 0.018527829216670
3311.040792524820000	 0.018477972816081
3311.273751139640000	 0.018405431058547
3311.506709754470000	 0.018351238278012
3311.739668369290000	 0.018347017005238
3311.972626984120000	 0.018395962367958
3312.205585598950000	 0.018470586157159
3312.438544213770000	 0.018528743217405
3312.671502828600000	 0.018538603139902
3312.904461443420000	 0.018497823717872
3313.137420058250000	 0.018435321008627
3313.370378673080000	 0.018394120101961
3313.603337287900000	 0.018405130509140
3313.836295902730000	 0.018467425844467
3314.069254517560000	 0.018546999220915
3314.302213132380000	 0.018595179353362
3314.535171747210000	 0.018576423454734
3314.768130362030000	 0.018489600928269
3315.001088976860000	 0.018370261542144
3315.234047591690000	 0.018272081896684
3315.467006206510000	 0.018237814801872
3315.699964821340000	 0.018276357950417
3315.932923436160000	 0.018358996330761
3316.165882050990000	 0.018436684132792
3316.398840665820000	 0.018468236769851
3316.631799280640000	 0.018443289554211
3316.864757895470000	 0.018386972197633
3317.097716510300000	 0.018343758476198
3317.330675125120000	 0.018350089386291
3317.563633739950000	 0.018411972182589
3317.796592354770000	 0.018500700379679
3318.029550969600000	 0.018569050430640
3318.262509584430000	 0.018578398262792
3318.495468199250000	 0.018520994234067
3318.728426814080000	 0.018424459610839
3318.961385428910000	 0.018335879340160
3319.194344043730000	 0.018294893624346
3319.427302658560000	 0.018311725012649
3319.660261273380000	 0.018362983342161
3319.893219888210000	 0.018407350313740
3320.126178503040000	 0.018411518990296
3320.359137117860000	 0.018370856487348
3320.592095732690000	 0.018312370757670
3320.825054347520000	 0.018277988468795
3321.058012962340000	 0.018298015785304
3321.290971577170000	 0.018370795966922
3321.523930191990000	 0.018461045560542
3321.756888806820000	 0.018518312421511
3321.989847421650000	 0.018505186388056
3322.222806036470000	 0.018419093878100
3322.455764651300000	 0.018294900067490
3322.688723266120000	 0.018186395587757
3322.921681880950000	 0.018137065515082
3323.154640495780000	 0.018156950216664
3323.387599110600000	 0.018218810273991
3323.620557725430000	 0.018275437410337
3323.853516340260000	 0.018287766446123
3324.086474955080000	 0.018247406009825
3324.319433569910000	 0.018180525848897
3324.552392184730000	 0.018130919055838
3324.785350799560000	 0.018132435222106
3325.018309414390000	 0.018187430905068
3325.251268029210000	 0.018264274753215
3325.484226644040000	 0.018315514871665
3325.717185258870000	 0.018306083050009
3325.950143873690000	 0.018234943261573
3326.183102488520000	 0.018137168793264
3326.416061103340000	 0.018064696131345
3326.649019718170000	 0.018056674148010
3326.881978333000000	 0.018116750334629
3327.114936947820000	 0.018210662200928
3327.347895562650000	 0.018285603217013
3327.580854177480000	 0.018300279808828
3327.813812792300000	 0.018248489218576
3328.046771407130000	 0.018162615272478
3328.279730021950000	 0.018094797834649
3328.512688636780000	 0.018086522217768
3328.745647251610000	 0.018144341455481
3328.978605866430000	 0.018235931289070
3329.211564481260000	 0.018308773739818
3329.444523096080000	 0.018320695443301
3329.677481710910000	 0.018264735192595
3329.910440325740000	 0.018173992480027
3330.143398940560000	 0.018103496107288
3330.376357555390000	 0.018099431080367
3330.609316170220000	 0.018173428014704
3330.842274785040000	 0.018296502694886
3331.075233399870000	 0.018415660445684
3331.308192014690000	 0.018483246156290
3331.541150629520000	 0.018482171923510
3331.774109244350000	 0.018432806975755
3332.007067859170000	 0.018378055833186
3332.240026474000000	 0.018355982260027
3332.472985088830000	 0.018376621605418
3332.705943703650000	 0.018416812378782
3332.938902318480000	 0.018435821369974
3333.171860933300000	 0.018402121496914
3333.404819548130000	 0.018315121730258
3333.637778162960000	 0.018208513499605
3333.870736777780000	 0.018132649106104
3334.103695392610000	 0.018125972457231
3334.336654007430000	 0.018192362661108
3334.569612622260000	 0.018297922264609
3334.802571237090000	 0.018389322340654
3335.035529851910000	 0.018423329625475
3335.268488466740000	 0.018390739624946
3335.501447081570000	 0.018321027462086
3335.734405696390000	 0.018264978017818
3335.967364311220000	 0.018265365403991
3336.200322926040000	 0.018332807057195
3336.433281540870000	 0.018440711366177
3336.666240155700000	 0.018541766191422
3336.899198770520000	 0.018595804119538
3337.132157385350000	 0.018592473490950
3337.365116000180000	 0.018555364517024
3337.598074615000000	 0.018525242723492
3337.831033229830000	 0.018532627199516
3338.063991844650000	 0.018576580323746
3338.296950459480000	 0.018622989945527
3338.529909074310000	 0.018623960529958
3338.762867689130000	 0.018547293254062
3338.995826303960000	 0.018398797797204
3339.228784918790000	 0.018223871439471
3339.461743533610000	 0.018086493922187
3339.694702148440000	 0.018036956474685
3339.927660763260000	 0.018086390981020
3340.160619378090000	 0.018202289016746
3340.393577992920000	 0.018327172155025
3340.626536607740000	 0.018409652623010
3340.859495222570000	 0.018430502693412
3341.092453837400000	 0.018409421346270
3341.325412452220000	 0.018389281079173
3341.558371067050000	 0.018407672866544
3341.791329681870000	 0.018472872212539
3342.024288296700000	 0.018558397522900
3342.257246911530000	 0.018619036912458
3342.490205526350000	 0.018618542792832
3342.723164141180000	 0.018552444092254
3342.956122756000000	 0.018452263243302
3343.189081370830000	 0.018368316266710
3343.422039985660000	 0.018341080423769
3343.654998600480000	 0.018378090348894
3343.887957215310000	 0.018450026174146
3344.120915830140000	 0.018508209366143
3344.353874444960000	 0.018513218362721
3344.586833059790000	 0.018457987313478
3344.819791674610000	 0.018371943746250
3345.052750289440000	 0.018303705668402
3345.285708904270000	 0.018292452830191
3345.518667519090000	 0.018344803169458
3345.751626133920000	 0.018430674449684
3345.984584748750000	 0.018500342182286
3346.217543363570000	 0.018512618271650
3346.450501978400000	 0.018457801242853
3346.683460593220000	 0.018362166171795
3346.916419208050000	 0.018271584508664
3347.149377822880000	 0.018224274081112
3347.382336437700000	 0.018229146779862
3347.615295052530000	 0.018262620915762
3347.848253667350000	 0.018285432846159
3348.081212282180000	 0.018268975274858
3348.314170897010000	 0.018215010428602
3348.547129511830000	 0.018156409268565
3348.780088126660000	 0.018137839561489
3349.013046741490000	 0.018187660406750
3349.246005356310000	 0.018298083841276
3349.478963971140000	 0.018426077984927
3349.711922585960000	 0.018515302593515
3349.944881200790000	 0.018526986054325
3350.177839815620000	 0.018462153259745
3350.410798430440000	 0.018362058587375
3350.643757045270000	 0.018285889313243
3350.876715660090000	 0.018278087179896
3351.109674274920000	 0.018343981157054
3351.342632889750000	 0.018447684375570
3351.575591504570000	 0.018533281675647
3351.808550119400000	 0.018557061831240
3352.041508734230000	 0.018512421073979
3352.274467349050000	 0.018433264410551
3352.507425963880000	 0.018373991027184
3352.740384578700000	 0.018377706613343
3352.973343193530000	 0.018451160540933
3353.206301808360000	 0.018560827123404
3353.439260423180000	 0.018652135661055
3353.672219038010000	 0.018680599884726
3353.905177652840000	 0.018636931896276
3354.138136267660000	 0.018551669534869
3354.371094882490000	 0.018476632801021
3354.604053497310000	 0.018454148833934
3354.837012112140000	 0.018492265565964
3355.069970726970000	 0.018560487700577
3355.302929341790000	 0.018608309727021
3355.535887956620000	 0.018595567131934
3355.768846571450000	 0.018516932904121
3356.001805186270000	 0.018406260511499
3356.234763801100000	 0.018318092899297
3356.467722415920000	 0.018297075615685
3356.700681030750000	 0.018353204385146
3356.933639645580000	 0.018457250405480
3357.166598260400000	 0.018558653309968
3357.399556875230000	 0.018615109728040
3357.632515490060000	 0.018616514652543
3357.865474104880000	 0.018589313860495
3358.098432719710000	 0.018578810488686
3358.331391334530000	 0.018620066784539
3358.564349949360000	 0.018714865854626
3358.797308564190000	 0.018828457137546
3359.030267179010000	 0.018907964386039
3359.263225793840000	 0.018911717360469
3359.496184408660000	 0.018832584080147
3359.729143023490000	 0.018701881487382
3359.962101638320000	 0.018571709538008
3360.195060253140000	 0.018486261503105
3360.428018867970000	 0.018459138090235
3360.660977482800000	 0.018469802255558
3360.893936097620000	 0.018480567349727
3361.126894712450000	 0.018463239328801
3361.359853327270000	 0.018418911391136
3361.592811942100000	 0.018378539737994
3361.825770556930000	 0.018383535762323
3362.058729171750000	 0.018457993910081
3362.291687786580000	 0.018589681417547
3362.524646401410000	 0.018731945305054
3362.757605016230000	 0.018826355095433
3362.990563631060000	 0.018833675842156
3363.223522245880000	 0.018755585894038
3363.456480860710000	 0.018634312079162
3363.689439475540000	 0.018529751403972
3363.922398090360000	 0.018486846600251
3364.155356705190000	 0.018511913047249
3364.388315320020000	 0.018571346988014
3364.621273934840000	 0.018612986737348
3364.854232549670000	 0.018597409748201
3365.087191164490000	 0.018520963393933
3365.320149779320000	 0.018417180727359
3365.553108394150000	 0.018335833021574
3365.786067008970000	 0.018312208095535
3366.019025623800000	 0.018345207660350
3366.251984238620000	 0.018397601479300
3366.484942853450000	 0.018418507584030
3366.717901468280000	 0.018374972615596
3366.950860083100000	 0.018273970451990
3367.183818697930000	 0.018161322813807
3367.416777312760000	 0.018097334205392
3367.649735927580000	 0.018122846329572
3367.882694542410000	 0.018235400609754
3368.115653157230000	 0.018389359871924
3368.348611772060000	 0.018519940224317
3368.581570386890000	 0.018577603395853
3368.814529001710000	 0.018553590980510
3369.047487616540000	 0.018482350099902
3369.280446231370000	 0.018419647081386
3369.513404846190000	 0.018409235340857
3369.746363461020000	 0.018457641616472
3369.979322075840000	 0.018531623795531
3370.212280690670000	 0.018579296369823
3370.445239305500000	 0.018562184033853
3370.678197920320000	 0.018479375758427
3370.911156535150000	 0.018369631487707
3371.144115149970000	 0.018290122230073
3371.377073764800000	 0.018284249673336
3371.610032379630000	 0.018357422103129
3371.842990994450000	 0.018474730221297
3372.075949609280000	 0.018581403401313
3372.308908224110000	 0.018633782758747
3372.541866838930000	 0.018622742576578
3372.774825453760000	 0.018576014111569
3373.007784068580000	 0.018538281494434
3373.240742683410000	 0.018541290425248
3373.473701298240000	 0.018582390441984
3373.706659913060000	 0.018624841087371
3373.939618527890000	 0.018620031866378
3374.172577142720000	 0.018538626704143
3374.405535757540000	 0.018392120874911
3374.638494372370000	 0.018231419036055
3374.871452987190000	 0.018122170195341
3375.104411602020000	 0.018110417360473
3375.337370216850000	 0.018198206883692
3375.570328831670000	 0.018343128227414
3375.803287446500000	 0.018481857562331
3376.036246061330000	 0.018564155373757
3376.269204676150000	 0.018578104252732
3376.502163290980000	 0.018552555516055
3376.735121905800000	 0.018535962916166
3376.968080520630000	 0.018564652622096
3377.201039135460000	 0.018639748270223
3377.433997750280000	 0.018726470014968
3377.666956365110000	 0.018775869846691
3377.899914979930000	 0.018755700599689
3378.132873594760000	 0.018671734192999
3378.365832209590000	 0.018566330463158
3378.598790824410000	 0.018494458397007
3378.831749439240000	 0.018491103659120
3379.064708054070000	 0.018549625197859
3379.297666668890000	 0.018624377807739
3379.530625283720000	 0.018656622922583
3379.763583898540000	 0.018609068616887
3379.996542513370000	 0.018489092073631
3380.229501128200000	 0.018346727663877
3380.462459743020000	 0.018247816889464
3380.695418357850000	 0.018237382793316
3380.928376972670000	 0.018314375683106
3381.161335587500000	 0.018432409676372
3381.394294202330000	 0.018526014513622
3381.627252817150000	 0.018547391788030
3381.860211431980000	 0.018492799326230
3382.093170046810000	 0.018403506891476
3382.326128661630000	 0.018340734610716
3382.559087276460000	 0.018349149741660
3382.792045891280000	 0.018430281192145
3383.025004506110000	 0.018541279799429
3383.257963120940000	 0.018619542473956
3383.490921735760000	 0.018618873765122
3383.723880350590000	 0.018536383612382
3383.956838965420000	 0.018414562683522
3384.189797580240000	 0.018317181861013
3384.422756195070000	 0.018292973506915
3384.655714809890000	 0.018348271762221
3384.888673424720000	 0.018444334038848
3385.121632039550000	 0.018520452198061
3385.354590654370000	 0.018529144053795
3385.587549269200000	 0.018463038905629
3385.820507884030000	 0.018357994414075
3386.053466498850000	 0.018270866806631
3386.286425113680000	 0.018245412791741
3386.519383728500000	 0.018286854852076
3386.752342343330000	 0.018360146423999
3386.985300958160000	 0.018412524448171
3387.218259572980000	 0.018406535831646
3387.451218187810000	 0.018343637834058
3387.684176802640000	 0.018263932840011
3387.917135417460000	 0.018221677842906
3388.150094032290000	 0.018250957536651
3388.383052647110000	 0.018342282350605
3388.616011261940000	 0.018444672326206
3388.848969876770000	 0.018492874504371
3389.081928491590000	 0.018444733614276
3389.314887106420000	 0.018307559281167
3389.547845721240000	 0.018137931478167
3389.780804336070000	 0.018014074083347
3390.013762950900000	 0.017995746926193
3390.246721565720000	 0.018094028833635
3390.479680180550000	 0.018267587136609
3390.712638795380000	 0.018446762585448
3390.945597410200000	 0.018571380637191
3391.178556025030000	 0.018621133172766
3391.411514639850000	 0.018622044754799
3391.644473254680000	 0.018626336105042
3391.877431869510000	 0.018678353869063
3392.110390484330000	 0.018787045747476
3392.343349099160000	 0.018920865439418
3392.576307713990000	 0.019027130172213
3392.809266328810000	 0.019063479654484
3393.042224943640000	 0.019022448101598
3393.275183558460000	 0.018934592395540
3393.508142173290000	 0.018848519125918
3393.741100788120000	 0.018800197145105
3393.974059402940000	 0.018790594350004
3394.207018017770000	 0.018785585349098
3394.439976632600000	 0.018738420427841
3394.672935247420000	 0.018621323947022
3394.905893862250000	 0.018447103039080
3395.138852477070000	 0.018267227282129
3395.371811091900000	 0.018146644471581
3395.604769706730000	 0.018129631501776
3395.837728321550000	 0.018216561164812
3396.070686936380000	 0.018365003509975
3396.303645551200000	 0.018514227664470
3396.536604166030000	 0.018618670746811
3396.769562780860000	 0.018670889364774
3397.002521395680000	 0.018700598117813
3397.235480010510000	 0.018750459892288
3397.468438625340000	 0.018843430366020
3397.701397240160000	 0.018961987238166
3397.934355854990000	 0.019052766034017
3398.167314469810000	 0.019055080551590
3398.400273084640000	 0.018937488535206
3398.633231699470000	 0.018721092285318
3398.866190314290000	 0.018474926354064
3399.099148929120000	 0.018284472098358
3399.332107543950000	 0.018210244080369
3399.565066158770000	 0.018259532430438
3399.798024773600000	 0.018386673346840
3400.030983388420000	 0.018520749384550
3400.263942003250000	 0.018604509110930
3400.496900618080000	 0.018622720747508
3400.729859232900000	 0.018604623750312
3400.962817847730000	 0.018600122746960
3401.195776462550000	 0.018644700533608
3401.428735077380000	 0.018734547092575
3401.661693692210000	 0.018826914380861
3401.894652307030000	 0.018865353861837
3402.127610921860000	 0.018814713040945
3402.360569536690000	 0.018684944439482
3402.593528151510000	 0.018529000783844
3402.826486766340000	 0.018415098342048
3403.059445381160000	 0.018389007070137
3403.292403995990000	 0.018448337876249
3403.525362610820000	 0.018543900379956
3403.758321225640000	 0.018607483647027
3403.991279840470000	 0.018590398912521
3404.224238455300000	 0.018491090714851
3404.457197070120000	 0.018356120900612
3404.690155684950000	 0.018253842069590
3404.923114299770000	 0.018235951341094
3405.156072914600000	 0.018309270034519
3405.389031529430000	 0.018433829633045
3405.621990144250000	 0.018547655483828
3405.854948759080000	 0.018603249270555
3406.087907373910000	 0.018594410665201
3406.320865988730000	 0.018557897056815
3406.553824603560000	 0.018549219517011
3406.786783218380000	 0.018607275549221
3407.019741833210000	 0.018729197240490
3407.252700448040000	 0.018870479355305
3407.485659062860000	 0.018970220019590
3407.718617677690000	 0.018986535107557
3407.951576292510000	 0.018921290085439
3408.184534907340000	 0.018819367067072
3408.417493522170000	 0.018742539338324
3408.650452136990000	 0.018733283631227
3408.883410751820000	 0.018790124008727
3409.116369366650000	 0.018869211126442
3409.349327981470000	 0.018911153002966
3409.582286596300000	 0.018877253017630
3409.815245211120000	 0.018773742262301
3410.048203825950000	 0.018649336935862
3410.281162440780000	 0.018566995909964
3410.514121055600000	 0.018566322874737
3410.747079670430000	 0.018639033584631
3410.980038285260000	 0.018732321080984
3411.212996900080000	 0.018778583529770
3411.445955514910000	 0.018734718334882
3411.678914129730000	 0.018608487321402
3411.911872744560000	 0.018456323269138
3412.144831359390000	 0.018352996744990
3412.377789974210000	 0.018350041926084
3412.610748589040000	 0.018446745814933
3412.843707203870000	 0.018590260666361
3413.076665818690000	 0.018704536548435
3413.309624433520000	 0.018731521729813
3413.542583048340000	 0.018661462236297
3413.775541663170000	 0.018535461571893
3414.008500278000000	 0.018419354418049
3414.241458892820000	 0.018364589867319
3414.474417507650000	 0.018379225045974
3414.707376122470000	 0.018425679151885
3414.940334737300000	 0.018445838233998
3415.173293352130000	 0.018398259806203
3415.406251966950000	 0.018285435235345
3415.639210581780000	 0.018154823948466
3415.872169196610000	 0.018072660445337
3416.105127811430000	 0.018085789294163
3416.338086426260000	 0.018194052428648
3416.571045041080000	 0.018349366325628
3416.804003655910000	 0.018481812996899
3417.036962270740000	 0.018537592277893
3417.269920885560000	 0.018507170183343
3417.502879500390000	 0.018427680490860
3417.735838115220000	 0.018358568240808
3417.968796730040000	 0.018345293349787
3418.201755344870000	 0.018392972897004
3418.434713959690000	 0.018465538760946
3418.667672574520000	 0.018510439101930
3418.900631189350000	 0.018493771258579
3419.133589804170000	 0.018424605090097
3419.366548419000000	 0.018353371812588
3419.599507033820000	 0.018344357995761
3419.832465648650000	 0.018438027665330
3420.065424263480000	 0.018625401912393
3420.298382878300000	 0.018849743504494
3420.531341493130000	 0.019034823661886
3420.764300107960000	 0.019123878322711
3420.997258722780000	 0.019107403528895
3421.230217337610000	 0.019024199918739
3421.463175952430000	 0.018935381685200
3421.696134567260000	 0.018887026816650
3421.929093182090000	 0.018883963067989
3422.162051796910000	 0.018890203983669
3422.395010411740000	 0.018855191090175
3422.627969026570000	 0.018749527312978
3422.860927641390000	 0.018588289040821
3423.093886256220000	 0.018427211377391
3423.326844871040000	 0.018333059527155
3423.559803485870000	 0.018345189788539
3423.792762100700000	 0.018451040598917
3424.025720715520000	 0.018590323779422
3424.258679330350000	 0.018686020861478
3424.491637945180000	 0.018684970512662
3424.724596560000000	 0.018585356949179
3424.957555174830000	 0.018435627796601
3425.190513789650000	 0.018305568447946
3425.423472404480000	 0.018246435353021
3425.656431019310000	 0.018263361111609
3425.889389634130000	 0.018315630275179
3426.122348248960000	 0.018343803570782
3426.355306863780000	 0.018307195494736
3426.588265478610000	 0.018209523367641
3426.821224093440000	 0.018097547315885
3427.054182708260000	 0.018033462044162
3427.287141323090000	 0.018057641789424
3427.520099937920000	 0.018164286385923
3427.753058552740000	 0.018304655026200
3427.986017167570000	 0.018415956146293
3428.218975782390000	 0.018458766543096
3428.451934397220000	 0.018440674910037
3428.684893012050000	 0.018411536067475
3428.917851626870000	 0.018432366886097
3429.150810241700000	 0.018536083815078
3429.383768856530000	 0.018703813649737
3429.616727471350000	 0.018871574925610
3429.849686086180000	 0.018964337625685
3430.082644701000000	 0.018938547867120
3430.315603315830000	 0.018808922612144
3430.548561930660000	 0.018643486323241
3430.781520545480000	 0.018528477418157
3431.014479160310000	 0.018522283742676
3431.247437775140000	 0.018624289020130
3431.480396389960000	 0.018775978108683
3431.713355004790000	 0.018893257719759
3431.946313619610000	 0.018911745890617
3432.179272234440000	 0.018820036311589
3432.412230849270000	 0.018662874570886
3432.645189464090000	 0.018513227486962
3432.878148078920000	 0.018430106334886
3433.111106693740000	 0.018426965381059
3433.344065308570000	 0.018468479137009
3433.577023923400000	 0.018496207148327
3433.809982538220000	 0.018466877215499
3434.042941153050000	 0.018380179505407
3434.275899767880000	 0.018279427077790
3434.508858382700000	 0.018224634175140
3434.741816997530000	 0.018254352748671
3434.974775612350000	 0.018359668597099
3435.207734227180000	 0.018486445002460
3435.440692842010000	 0.018564935910597
3435.673651456830000	 0.018549758849594
3435.906610071660000	 0.018447049742139
3436.139568686490000	 0.018312636023477
3436.372527301310000	 0.018221591322640
3436.605485916140000	 0.018226363360316
3436.838444530960000	 0.018327567222766
3437.071403145790000	 0.018474079270586
3437.304361760620000	 0.018592040822727
3437.537320375440000	 0.018626075382853
3437.770278990270000	 0.018569377090543
3438.003237605090000	 0.018465693645307
3438.236196219920000	 0.018382349124523
3438.469154834750000	 0.018370416055917
3438.702113449570000	 0.018435601341383
3438.935072064400000	 0.018536568072130
3439.168030679230000	 0.018610865740916
3439.400989294050000	 0.018612700766744
3439.633947908880000	 0.018540342409683
3439.866906523700000	 0.018437145747055
3440.099865138530000	 0.018365610971959
3440.332823753360000	 0.018369987178979
3440.565782368180000	 0.018449872466637
3440.798740983010000	 0.018560518575414
3441.031699597840000	 0.018639466573106
3441.264658212660000	 0.018643692873022
3441.497616827490000	 0.018575423704980
3441.730575442310000	 0.018481301249194
3441.963534057140000	 0.018425128552157
3442.196492671970000	 0.018450188885183
3442.429451286790000	 0.018553454219360
3442.662409901620000	 0.018686783758798
3442.895368516450000	 0.018784160031446
3443.128327131270000	 0.018798968934769
3443.361285746100000	 0.018729703008530
3443.594244360920000	 0.018619149786517
3443.827202975750000	 0.018527651576169
3444.060161590580000	 0.018496665736666
3444.293120205400000	 0.018524820459724
3444.526078820230000	 0.018570810772103
3444.759037435050000	 0.018580906375214
3444.991996049880000	 0.018524082399909
3445.224954664710000	 0.018413439640824
3445.457913279530000	 0.018300767547733
3445.690871894360000	 0.018247109225275
3445.923830509190000	 0.018286799093741
3446.156789124010000	 0.018406702493937
3446.389747738840000	 0.018553409734078
3446.622706353660000	 0.018664411500483
3446.855664968490000	 0.018704883387998
3447.088623583320000	 0.018687932692576
3447.321582198140000	 0.018665321340579
3447.554540812970000	 0.018693068752720
3447.787499427800000	 0.018792058857208
3448.020458042620000	 0.018927971339895
3448.253416657450000	 0.019024329492388
3448.486375272270000	 0.019003190973222
3448.719333887100000	 0.018831217019555
3448.952292501930000	 0.018544350777187
3449.185251116750000	 0.018235450758657
3449.418209731580000	 0.018010390168957
3449.651168346410000	 0.017936715675657
3449.884126961230000	 0.018013096070608
3450.117085576060000	 0.018175309047756
3450.350044190880000	 0.018334015061494
3450.583002805710000	 0.018422985457136
3450.815961420540000	 0.018431691765036
3451.048920035360000	 0.018404988389192
3451.281878650190000	 0.018410894392218
3451.514837265010000	 0.018495702460123
3451.747795879840000	 0.018652894124846
3451.980754494670000	 0.018823839691219
3452.213713109490000	 0.018929467105268
3452.446671724320000	 0.018914443646282
3452.679630339150000	 0.018778588557730
3452.912588953970000	 0.018577573683956
3453.145547568800000	 0.018392629640010
3453.378506183620000	 0.018287098555125
3453.611464798450000	 0.018275150928212
3453.844423413280000	 0.018320072161850
3454.077382028100000	 0.018361616520224
3454.310340642930000	 0.018355196246604
3454.543299257760000	 0.018299424704746
3454.776257872580000	 0.018235780562554
3455.009216487410000	 0.018220911823764
3455.242175102230000	 0.018288792941056
3455.475133717060000	 0.018426212010572
3455.708092331890000	 0.018576816179596
3455.941050946710000	 0.018671627490002
3456.174009561540000	 0.018668254635767
3456.406968176360000	 0.018575773375882
3456.639926791190000	 0.018450210545261
3456.872885406020000	 0.018362650431748
3457.105844020840000	 0.018358516808105
3457.338802635670000	 0.018432188791344
3457.571761250500000	 0.018531951170142
3457.804719865320000	 0.018592217755359
3458.037678480150000	 0.018574024843058
3458.270637094970000	 0.018489878586176
3458.503595709800000	 0.018397791509979
3458.736554324630000	 0.018367282866342
3458.969512939450000	 0.018437089427085
3459.202471554280000	 0.018589713436285
3459.435430169110000	 0.018758107819086
3459.668388783930000	 0.018861058195248
3459.901347398760000	 0.018847422533701
3460.134306013580000	 0.018724232208935
3460.367264628410000	 0.018552430723416
3460.600223243240000	 0.018412414440047
3460.833181858060000	 0.018359321776889
3461.066140472890000	 0.018394111483471
3461.299099087720000	 0.018466816771108
3461.532057702540000	 0.018509288663556
3461.765016317370000	 0.018477896109229
3461.997974932190000	 0.018381187306764
3462.230933547020000	 0.018276083419137
3462.463892161850000	 0.018234396708237
3462.696850776670000	 0.018299229461784
3462.929809391500000	 0.018457136175391
3463.162768006320000	 0.018642614422610
3463.395726621150000	 0.018772561353766
3463.628685235980000	 0.018791272464647
3463.861643850800000	 0.018700623720764
3464.094602465630000	 0.018558230362354
3464.327561080460000	 0.018444573350243
3464.560519695280000	 0.018418267962137
3464.793478310110000	 0.018485501309794
3465.026436924930000	 0.018600632339799
3465.259395539760000	 0.018696148209297
3465.492354154590000	 0.018723437180626
3465.725312769410000	 0.018680385640098
3465.958271384240000	 0.018609954312044
3466.191229999070000	 0.018571067529897
3466.424188613890000	 0.018599761184692
3466.657147228720000	 0.018684464477088
3466.890105843540000	 0.018770626280505
3467.123064458370000	 0.018792164435104
3467.356023073200000	 0.018711282635215
3467.588981688020000	 0.018543070760770
3467.821940302850000	 0.018349766863198
3468.054898917680000	 0.018207250855088
3468.287857532500000	 0.018163180616618
3468.520816147330000	 0.018211508173730
3468.753774762150000	 0.018298234829382
3468.986733376980000	 0.018354614121221
3469.219691991810000	 0.018338145799433
3469.452650606630000	 0.018257447277005
3469.685609221460000	 0.018166417528265
3469.918567836280000	 0.018130990728413
3470.151526451110000	 0.018188168495066
3470.384485065940000	 0.018321850506846
3470.617443680760000	 0.018469998565820
3470.850402295590000	 0.018559153422715
3471.083360910420000	 0.018546452929724
3471.316319525240000	 0.018444858017167
3471.549278140070000	 0.018316570486125
3471.782236754890000	 0.018237827432340
3472.015195369720000	 0.018255211647426
3472.248153984550000	 0.018358900222130
3472.481112599370000	 0.018488344691360
3472.714071214200000	 0.018566973538002
3472.947029829030000	 0.018545986010118
3473.179988443850000	 0.018432252025775
3473.412947058680000	 0.018284321152310
3473.645905673500000	 0.018178874850243
3473.878864288330000	 0.018167306303268
3474.111822903160000	 0.018247804540859
3474.344781517980000	 0.018368698480758
3474.577740132810000	 0.018460173742802
3474.810698747630000	 0.018475210973554
3475.043657362460000	 0.018415697409703
3475.276615977290000	 0.018328518648428
3475.509574592110000	 0.018274255191987
3475.742533206940000	 0.018287731144393
3475.975491821770000	 0.018354761781713
3476.208450436590000	 0.018419595260119
3476.441409051420000	 0.018418980897588
3476.674367666240000	 0.018322817780782
3476.907326281070000	 0.018157035523761
3477.140284895900000	 0.017994210118125
3477.373243510720000	 0.017916227643153
3477.606202125550000	 0.017970139829769
3477.839160740380000	 0.018142611967588
3478.072119355200000	 0.018367360206242
3478.305077970030000	 0.018560920742688
3478.538036584850000	 0.018666367413456
3478.770995199680000	 0.018680525433622
3479.003953814510000	 0.018649736647036
3479.236912429330000	 0.018637439827573
3479.469871044160000	 0.018683505895989
3479.702829658990000	 0.018779985085420
3479.935788273810000	 0.018877500761847
3480.168746888640000	 0.018917762926377
3480.401705503460000	 0.018872137160296
3480.634664118290000	 0.018762610976743
3480.867622733120000	 0.018651708749517
3481.100581347940000	 0.018606471755493
3481.333539962770000	 0.018657811503850
3481.566498577590000	 0.018780041581798
3481.799457192420000	 0.018903612552704
3482.032415807250000	 0.018954380161564
3482.265374422070000	 0.018896962268998
3482.498333036900000	 0.018756716547482
3482.731291651730000	 0.018606469524724
3482.964250266550000	 0.018524537871123
3483.197208881380000	 0.018548193662102
3483.430167496200000	 0.018650290767002
3483.663126111030000	 0.018753500809256
3483.896084725860000	 0.018774628776338
3484.129043340680000	 0.018673878775843
3484.362001955510000	 0.018480577365859
3484.594960570340000	 0.018279770401884
3484.827919185160000	 0.018166534066078
3485.060877799990000	 0.018193789038764
3485.293836414810000	 0.018343143789200
3485.526795029640000	 0.018534793494752
3485.759753644470000	 0.018670580759927
3485.992712259290000	 0.018686501605358
3486.225670874120000	 0.018586027872073
3486.458629488950000	 0.018435965429950
3486.691588103770000	 0.018327442458271
3486.924546718600000	 0.018324718120898
3487.157505333420000	 0.018431318878857
3487.390463948250000	 0.018592033690717
3487.623422563080000	 0.018727900901952
3487.856381177900000	 0.018782726770748
3488.089339792730000	 0.018753947360032
3488.322298407550000	 0.018690267060138
3488.555257022380000	 0.018658193637753
3488.788215637210000	 0.018698226423469
3489.021174252030000	 0.018797621417285
3489.254132866860000	 0.018896410223956
3489.487091481690000	 0.018923268963668
3489.720050096510000	 0.018840028557432
3489.953008711340000	 0.018668111948610
3490.185967326160000	 0.018480261880211
3490.418925940990000	 0.018361432227076
3490.651884555820000	 0.018361515568391
3490.884843170640000	 0.018467537739176
3491.117801785470000	 0.018611085577176
3491.350760400300000	 0.018706258979343
3491.583719015120000	 0.018696627331817
3491.816677629950000	 0.018585006200266
3492.049636244770000	 0.018429393709451
3492.282594859600000	 0.018307630225680
3492.515553474430000	 0.018271831663270
3492.748512089250000	 0.018319734785970
3492.981470704080000	 0.018399479976696
3493.214429318900000	 0.018444053450412
3493.447387933730000	 0.018414308141748
3493.680346548560000	 0.018324774175813
3493.913305163380000	 0.018236539952565
3494.146263778210000	 0.018220946995212
3494.379222393040000	 0.018315646559650
3494.612181007860000	 0.018499548202314
3494.845139622690000	 0.018701954422386
3495.078098237510000	 0.018840954207673
3495.311056852340000	 0.018869167360194
3495.544015467170000	 0.018800453565021
3495.776974081990000	 0.018701581816264
3496.009932696820000	 0.018652946917487
3496.242891311650000	 0.018700971798562
3496.475849926470000	 0.018830162263736
3496.708808541300000	 0.018971198583848
3496.941767156120000	 0.019040401867530
3497.174725770950000	 0.018988072570046
3497.407684385780000	 0.018828151794156
3497.640643000600000	 0.018631931196314
3497.873601615430000	 0.018489062372994
3498.106560230260000	 0.018458481197275
3498.339518845080000	 0.018537889029741
3498.572477459910000	 0.018668988875401
3498.805436074730000	 0.018774329450504
3499.038394689560000	 0.018803614296242
3499.271353304390000	 0.018762542056977
3499.504311919210000	 0.018707671022300
3499.737270534040000	 0.018710668700204
3499.970229148860000	 0.018813409978456
3500.203187763690000	 0.019000750499781
3500.436146378520000	 0.019207102277527
3500.669104993340000	 0.019353035478343
3500.902063608170000	 0.019390832966648
3501.135022223000000	 0.019332599788224
3501.367980837820000	 0.019244081458208
3501.600939452650000	 0.019207083825065
3501.833898067470000	 0.019272158227932
3502.066856682300000	 0.019429178754324
3502.299815297130000	 0.019612657553417
3502.532773911950000	 0.019738240833641
3502.765732526780000	 0.019749168464581
3502.998691141610000	 0.019646066585780
3503.231649756430000	 0.019482987527553
3503.464608371260000	 0.019332350570908
3503.697566986080000	 0.019240259298196
3503.930525600910000	 0.019199614035411
3504.163484215740000	 0.019157344258020
3504.396442830560000	 0.019051177333884
3504.629401445390000	 0.018853570484933
3504.862360060220000	 0.018595857162261
3505.095318675040000	 0.018356896472026
3505.328277289870000	 0.018221667031476
3505.561235904690000	 0.018233844783484
3505.794194519520000	 0.018370406370690
3506.027153134350000	 0.018553139081535
3506.260111749170000	 0.018690489605859
3506.493070364000000	 0.018726342110997
3506.726028978820000	 0.018668690263460
3506.958987593650000	 0.018582215643021
3507.191946208480000	 0.018549046992698
3507.424904823300000	 0.018620408019134
3507.657863438130000	 0.018787108620540
3507.890822052960000	 0.018985417798260
3508.123780667780000	 0.019134191419144
3508.356739282610000	 0.019181604790591
3508.589697897430000	 0.019134702411615
3508.822656512260000	 0.019054627828216
3509.055615127090000	 0.019020022957034
3509.288573741910000	 0.019079857645037
3509.521532356740000	 0.019223263304797
3509.754490971570000	 0.019383722610003
3509.987449586390000	 0.019474981396316
3510.220408201220000	 0.019438295291739
3510.453366816040000	 0.019274415069449
3510.686325430870000	 0.019042150179925
3510.919284045700000	 0.018824607689426
3511.152242660520000	 0.018683658643512
3511.385201275350000	 0.018630119421368
3511.618159890170000	 0.018626441390048
3511.851118505000000	 0.018617958457817
3512.084077119830000	 0.018571847777109
3512.317035734650000	 0.018499525450956
3512.549994349480000	 0.018448950192440
3512.782952964310000	 0.018471680713540
3513.015911579130000	 0.018585132918811
3513.248870193960000	 0.018753953780427
3513.481828808780000	 0.018903334751982
3513.714787423610000	 0.018958083770209
3513.947746038440000	 0.018885643653985
3514.180704653260000	 0.018717895557851
3514.413663268090000	 0.018537721647650
3514.646621882920000	 0.018436340065832
3514.879580497740000	 0.018464905505291
3515.112539112570000	 0.018607712718423
3515.345497727390000	 0.018791886330045
3515.578456342220000	 0.018927656863998
3515.811414957050000	 0.018956583834611
3516.044373571870000	 0.018881174779168
3516.277332186700000	 0.018759909621182
3516.510290801530000	 0.018671256705076
3516.743249416350000	 0.018668110227047
3516.976208031180000	 0.018749347676244
3517.209166646000000	 0.018864458456794
3517.442125260830000	 0.018947342491410
3517.675083875660000	 0.018958506057798
3517.908042490480000	 0.018910316758446
3518.141001105310000	 0.018859952763263
3518.373959720130000	 0.018873832043268
3518.606918334960000	 0.018984704101998
3518.839876949790000	 0.019167394148230
3519.072835564610000	 0.019348200054259
3519.305794179440000	 0.019443177968611
3519.538752794270000	 0.019403911170429
3519.771711409090000	 0.019244928087799
3520.004670023920000	 0.019036962493522
3520.237628638740000	 0.018869576781200
3520.470587253570000	 0.018804475411813
3520.703545868400000	 0.018846137227839
3520.936504483220000	 0.018945731537100
3521.169463098050000	 0.019034583688906
3521.402421712880000	 0.019066743699394
3521.635380327700000	 0.019045669958623
3521.868338942530000	 0.019019737768293
3522.101297557350000	 0.019049799133102
3522.334256172180000	 0.019168697710833
3522.567214787010000	 0.019357263159545
3522.800173401830000	 0.019551123088474
3523.033132016660000	 0.019674413462498
3523.266090631490000	 0.019681089842206
3523.499049246310000	 0.019580252490213
3523.732007861140000	 0.019430797550212
3523.964966475960000	 0.019308339687226
3524.197925090790000	 0.019263910663310
3524.430883705620000	 0.019298944331201
3524.663842320440000	 0.019370775415579
3524.896800935270000	 0.019423870434496
3525.129759550100000	 0.019426486569313
3525.362718164920000	 0.019389813184788
3525.595676779750000	 0.019358102026976
3525.828635394570000	 0.019376682776588
3526.061594009400000	 0.019458685016199
3526.294552624230000	 0.019572067720729
3526.527511239050000	 0.019655999712280
3526.760469853880000	 0.019657711595236
3526.993428468700000	 0.019568088468861
3527.226387083530000	 0.019433688111553
3527.459345698360000	 0.019335524328012
3527.692304313180000	 0.019344566845904
3527.925262928010000	 0.019478922363213
3528.158221542840000	 0.019688098789613
3528.391180157660000	 0.019874822853724
3528.624138772490000	 0.019943660340086
3528.857097387310000	 0.019850385407605
3529.090056002140000	 0.019624919940055
3529.323014616970000	 0.019354750488321
3529.555973231790000	 0.019138002249899
3529.788931846620000	 0.019032914553804
3530.021890461440000	 0.019032124774137
3530.254849076270000	 0.019074965595513
3530.487807691100000	 0.019088844951017
3530.720766305920000	 0.019034743041963
3530.953724920750000	 0.018930241699922
3531.186683535580000	 0.018836901816141
3531.419642150400000	 0.018820036304949
3531.652600765230000	 0.018905557968379
3531.885559380050000	 0.019060135517498
3532.118517994880000	 0.019206656102537
3532.351476609710000	 0.019266302161801
3532.584435224530000	 0.019203388983566
3532.817393839360000	 0.019047208521080
3533.050352454190000	 0.018877588501248
3533.283311069010000	 0.018781667460052
3533.516269683840000	 0.018806613056202
3533.749228298660000	 0.018935476945982
3533.982186913490000	 0.019099378230173
3534.215145528320000	 0.019218072637386
3534.448104143140000	 0.019245383051527
3534.681062757970000	 0.019193841736306
3534.914021372800000	 0.019124826548979
3535.146979987620000	 0.019110338557287
3535.379938602450000	 0.019189287434108
3535.612897217270000	 0.019344218274241
3535.845855832100000	 0.019511679996178
3536.078814446930000	 0.019619242813516
3536.311773061750000	 0.019626873739779
3536.544731676580000	 0.019548240482725
3536.777690291400000	 0.019439353283490
3537.010648906230000	 0.019361471065352
3537.243607521060000	 0.019341232051755
3537.476566135880000	 0.019353200236364
3537.709524750710000	 0.019336398165590
3537.942483365540000	 0.019235333567176
3538.175441980360000	 0.019040512661098
3538.408400595190000	 0.018802775295049
3538.641359210010000	 0.018610774375235
3538.874317824840000	 0.018543176866880
3539.107276439670000	 0.018623061482407
3539.340235054490000	 0.018801314221728
3539.573193669320000	 0.018979331113556
3539.806152284150000	 0.019059520929464
3540.039110898970000	 0.018996956725265
3540.272069513800000	 0.018824231698456
3540.505028128620000	 0.018635055770061
3540.737986743450000	 0.018534568922086
3540.970945358280000	 0.018583610545698
3541.203903973100000	 0.018767926975080
3541.436862587930000	 0.019008683431742
3541.669821202760000	 0.019207153239355
3541.902779817580000	 0.019298122906089
3542.135738432410000	 0.019282665963610
3542.368697047230000	 0.019222811976187
3542.601655662060000	 0.019202188136807
3542.834614276890000	 0.019276195272572
3543.067572891710000	 0.019440833702007
3543.300531506540000	 0.019637423961009
3543.533490121360000	 0.019789111866435
3543.766448736190000	 0.019847194628723
3543.999407351020000	 0.019820331709230
3544.232365965840000	 0.019769683677475
3544.465324580670000	 0.019772779048302
3544.698283195500000	 0.019877476488437
3544.931241810320000	 0.020073199999682
3545.164200425150000	 0.020295830754824
3545.397159039970000	 0.020462553450227
3545.630117654800000	 0.020516079292110
3545.863076269630000	 0.020453014782010
3546.096034884450000	 0.020320561086769
3546.328993499280000	 0.020184301178652
3546.561952114110000	 0.020087318615492
3546.794910728930000	 0.020026140357063
3547.027869343760000	 0.019957937149625
3547.260827958580000	 0.019833372001925
3547.493786573410000	 0.019633738927336
3547.726745188240000	 0.019388938013321
3547.959703803060000	 0.019164778892082
3548.192662417890000	 0.019026824543296
3548.425621032710000	 0.019002624395461
3548.658579647540000	 0.019065712516740
3548.891538262370000	 0.019151683229521
3549.124496877190000	 0.019196906562772
3549.357455492020000	 0.019176408976862
3549.590414106850000	 0.019117832730737
3549.823372721670000	 0.019082873899825
3550.056331336500000	 0.019127276302001
3550.289289951320000	 0.019263377632326
3550.522248566150000	 0.019447821010612
3550.755207180980000	 0.019602630807111
3550.988165795800000	 0.019658829590757
3551.221124410630000	 0.019598341136239
3551.454083025460000	 0.019469361129036
3551.687041640280000	 0.019364045673320
3551.920000255110000	 0.019368823522785
3552.152958869930000	 0.019514411277713
3552.385917484760000	 0.019753899286988
3552.618876099590000	 0.019982159765674
3552.851834714410000	 0.020087511383343
3553.084793329240000	 0.020009146598292
3553.317751944070000	 0.019769834852136
3553.550710558890000	 0.019465536432955
3553.783669173720000	 0.019216945518470
3554.016627788540000	 0.019109785336983
3554.249586403370000	 0.019156655478559
3554.482545018200000	 0.019299277784539
3554.715503633020000	 0.019446124422554
3554.948462247850000	 0.019521939198558
3555.181420862680000	 0.019501921910941
3555.414379477500000	 0.019414277541017
3555.647338092330000	 0.019313532225616
3555.880296707150000	 0.019243226202460
3556.113255321980000	 0.019211194269709
3556.346213936810000	 0.019191216441476
3556.579172551630000	 0.019147707106771
3556.812131166460000	 0.019066030294515
3557.045089781280000	 0.018968087727748
3557.278048396110000	 0.018902337466564
3557.511007010940000	 0.018913693248446
3557.743965625760000	 0.019012038649616
3557.976924240590000	 0.019159926765241
3558.209882855420000	 0.019288966622674
3558.442841470240000	 0.019337121474489
3558.675800085070000	 0.019285988905380
3558.908758699890000	 0.019175850768086
3559.141717314720000	 0.019088102966708
3559.374675929550000	 0.019103380530446
3559.607634544370000	 0.019258244887753
3559.840593159200000	 0.019524482736996
3560.073551774030000	 0.019822184109489
3560.306510388850000	 0.020059019235230
3560.539469003680000	 0.020174317450785
3560.772427618500000	 0.020164567613403
3561.005386233330000	 0.020077458475689
3561.238344848160000	 0.019979282137931
3561.471303462980000	 0.019915829154287
3561.704262077810000	 0.019890355337624
3561.937220692630000	 0.019871089939179
3562.170179307460000	 0.019822037659355
3562.403137922290000	 0.019736486165941
3562.636096537110000	 0.019651378043284
3562.869055151940000	 0.019632789380276
3563.102013766770000	 0.019740506155403
3563.334972381590000	 0.019992399326494
3563.567930996420000	 0.020349641584616
3563.800889611240000	 0.020732032929613
3564.033848226070000	 0.021055855739024
3564.266806840900000	 0.021274030471906
3564.499765455720000	 0.021396681506293
3564.732724070550000	 0.021480879745449
3564.965682685370000	 0.021595904789799
3565.198641300200000	 0.021784537086218
3565.431599915030000	 0.022042535566634
3565.664558529850000	 0.022326516194875
3565.897517144680000	 0.022582904578149
3566.130475759510000	 0.022778513023615
3566.363434374330000	 0.022913410861543
3566.596392989160000	 0.023008515307340
3566.829351603980000	 0.023076803249881
3567.062310218810000	 0.023098609494757
3567.295268833640000	 0.023020636154863
3567.528227448460000	 0.022784082033034
3567.761186063290000	 0.022367096350336
3567.994144678120000	 0.021813674804543
3568.227103292940000	 0.021226096973192
3568.460061907770000	 0.020720179998073
3568.693020522590000	 0.020367287852596
3568.925979137420000	 0.020156820898168
3569.158937752250000	 0.020001998610290
3569.391896367070000	 0.019788068856142
3569.624854981900000	 0.019438679122871
3569.857813596730000	 0.018964440444034
3570.090772211550000	 0.018465240504537
3570.323730826380000	 0.018083397269228
3570.556689441200000	 0.017933613565701
3570.789648056030000	 0.018048006419124
3571.022606670860000	 0.018363036334756
3571.255565285680000	 0.018750998122369
3571.488523900510000	 0.019077853641248
3571.721482515340000	 0.019259535125128
3571.954441130160000	 0.019290982297861
3572.187399744990000	 0.019235021073518
3572.420358359810000	 0.019178401537598
3572.653316974640000	 0.019180362107669
3572.886275589470000	 0.019242932869993
3573.119234204290000	 0.019318208261264
3573.352192819120000	 0.019345391588208
3573.585151433940000	 0.019293833726585
3573.818110048770000	 0.019186238022518
3574.051068663600000	 0.019088558706640
3574.284027278420000	 0.019072838498280
3574.516985893250000	 0.019175291057276
3574.749944508080000	 0.019374623373136
3574.982903122900000	 0.019603214963117
3575.215861737730000	 0.019784288703969
3575.448820352550000	 0.019873353370237
3575.681778967380000	 0.019880039513598
3575.914737582210000	 0.019857934850561
3576.147696197030000	 0.019868917325171
3576.380654811860000	 0.019943764206257
3576.613613426690000	 0.020062784310385
3576.846572041510000	 0.020167620405293
3577.079530656340000	 0.020196546016141
3577.312489271160000	 0.020122059579635
3577.545447885990000	 0.019968636345951
3577.778406500820000	 0.019800175252101
3578.011365115640000	 0.019684477783210
3578.244323730470000	 0.019655832963321
3578.477282345300000	 0.019697974422674
3578.710240960120000	 0.019757345638842
3578.943199574950000	 0.019778357765801
3579.176158189770000	 0.019739203508811
3579.409116804600000	 0.019666461220526
3579.642075419430000	 0.019619391980537
3579.875034034250000	 0.019653113515242
3580.107992649080000	 0.019782670389109
3580.340951263900000	 0.019969582310912
3580.573909878730000	 0.020139352826251
3580.806868493560000	 0.020220681832922
3581.039827108380000	 0.020184584573945
3581.272785723210000	 0.020060993345915
3581.505744338040000	 0.019922689506335
3581.738702952860000	 0.019845474195863
3581.971661567690000	 0.019867880941675
3582.204620182510000	 0.019973810572272
3582.437578797340000	 0.020107175576129
3582.670537412170000	 0.020208599027950
3582.903496026990000	 0.020251995757004
3583.136454641820000	 0.020259690740574
3583.369413256650000	 0.020287462934658
3583.602371871470000	 0.020388474659006
3583.835330486300000	 0.020577585728919
3584.068289101120000	 0.020817563439837
3584.301247715950000	 0.021036061348797
3584.534206330780000	 0.021164475251425
3584.767164945600000	 0.021177097828208
3585.000123560430000	 0.021108430658341
3585.233082175250000	 0.021038603882168
3585.466040790080000	 0.021055041138397
3585.698999404910000	 0.021211969391983
3585.931958019730000	 0.021509620777756
3586.164916634560000	 0.021902137301430
3586.397875249390000	 0.022325947879482
3586.630833864210000	 0.022729417631398
3586.863792479040000	 0.023085729082019
3587.096751093860000	 0.023382899470223
3587.329709708690000	 0.023600589185267
3587.562668323520000	 0.023693685293710
3587.795626938340000	 0.023600310737555
3588.028585553170000	 0.023276088026470
3588.261544168000000	 0.022735546769705
3588.494502782820000	 0.022070581760551
3588.727461397650000	 0.021426153700824
3588.960420012470000	 0.020940333050688
3589.193378627300000	 0.020679789666269
3589.426337242130000	 0.020606005438925
3589.659295856950000	 0.020591607338479
3589.892254471780000	 0.020481747116344
3590.125213086610000	 0.020173201953148
3590.358171701430000	 0.019671822736897
3590.591130316260000	 0.019095721724352
3590.824088931080000	 0.018619879331875
3591.057047545910000	 0.018392639751632
3591.290006160740000	 0.018470047070671
3591.522964775560000	 0.018799470064628
3591.755923390390000	 0.019254221303880
3591.988882005210000	 0.019697055459299
3592.221840620040000	 0.020041154264348
3592.454799234870000	 0.020280773800967
3592.687757849690000	 0.020477883984887
3592.920716464520000	 0.020712912257519
3593.153675079350000	 0.021027551953063
3593.386633694170000	 0.021392405999009
3593.619592309000000	 0.021717663813734
3593.852550923820000	 0.021900571479197
3594.085509538650000	 0.021883550050364
3594.318468153480000	 0.021690750366263
3594.551426768300000	 0.021421362462200
3594.784385383130000	 0.021201606779101
3595.017343997950000	 0.021121869671728
3595.250302612780000	 0.021194352794497
3595.483261227610000	 0.021353043511244
3595.716219842430000	 0.021492342980745
3595.949178457260000	 0.021520846315496
3596.182137072090000	 0.021402159424839
3596.415095686910000	 0.021164164404512
3596.648054301740000	 0.020875645195527
3596.881012916560000	 0.020606519671226
3597.113971531390000	 0.020395911015743
3597.346930146220000	 0.020245424213264
3597.579888761040000	 0.020137395193812
3597.812847375870000	 0.020061771394130
3598.045805990700000	 0.020031424528880
3598.278764605520000	 0.020075405181101
3598.511723220350000	 0.020215247919020
3598.744681835170000	 0.020440713573632
3598.977640450000000	 0.020702019510574
3599.210599064830000	 0.020926007517215
3599.443557679650000	 0.021049476374240
3599.676516294480000	 0.021051723186315
3599.909474909310000	 0.020966724316203
3600.142433524130000	 0.020865661382320
3600.375392138960000	 0.020817919542058
3600.608350753780000	 0.020852407649928
3600.841309368610000	 0.020941453309331
3601.074267983440000	 0.021016298521257
3601.307226598260000	 0.021005297107591
3601.540185213090000	 0.020873804529025
3601.773143827920000	 0.020644144636378
3602.006102442740000	 0.020384782898102
3602.239061057570000	 0.020174826953350
3602.472019672390000	 0.020064169562807
3602.704978287220000	 0.020052013224046
3602.937936902050000	 0.020095021000312
3603.170895516870000	 0.020138355473271
3603.403854131700000	 0.020149975443368
3603.636812746520000	 0.020138069766789
3603.869771361350000	 0.020142595707788
3604.102729976180000	 0.020207445455582
3604.335688591000000	 0.020350824192033
3604.568647205830000	 0.020551868477174
3604.801605820660000	 0.020761416223127
3605.034564435480000	 0.020930316411778
3605.267523050310000	 0.021038273395363
3605.500481665130000	 0.021105940474172
3605.733440279960000	 0.021182963767233
3605.966398894790000	 0.021319060817500
3606.199357509610000	 0.021535304556289
3606.432316124440000	 0.021812398137713
3606.665274739270000	 0.022102267797426
3606.898233354090000	 0.022355315547515
3607.131191968920000	 0.022546486228879
3607.364150583740000	 0.022684174198882
3607.597109198570000	 0.022796504885356
3607.830067813400000	 0.022903828312085
3608.063026428220000	 0.022995922242112
3608.295985043050000	 0.023030903783697
3608.528943657880000	 0.022959749705412
3608.761902272700000	 0.022762751583233
3608.994860887530000	 0.022473854257596
3609.227819502350000	 0.022174182285927
3609.460778117180000	 0.021954795751111
3609.693736732010000	 0.021868160507062
3609.926695346830000	 0.021895421330945
3610.159653961660000	 0.021949250633738
3610.392612576480000	 0.021914921175054
3610.625571191310000	 0.021712300781645
3610.858529806140000	 0.021346643990903
3611.091488420960000	 0.020917048451994
3611.324447035790000	 0.020574063838314
3611.557405650620000	 0.020449924312584
3611.790364265440000	 0.020600977876427
3612.023322880270000	 0.020990102992561
3612.256281495090000	 0.021510784034190
3612.489240109920000	 0.022034755323616
3612.722198724750000	 0.022459465961631
3612.955157339570000	 0.022736151482452
3613.188115954400000	 0.022869333909060
3613.421074569230000	 0.022891974424748
3613.654033184050000	 0.022833333580566
3613.886991798880000	 0.022701024402225
3614.119950413700000	 0.022489027050152
3614.352909028530000	 0.022204120357322
3614.585867643360000	 0.021888378870212
3614.818826258180000	 0.021617150914835
3615.051784873010000	 0.021469215418899
3615.284743487830000	 0.021485423243004
3615.517702102660000	 0.021640514516949
3615.750660717490000	 0.021846249462134
3615.983619332310000	 0.021988148128456
3616.216577947140000	 0.021981012601627
3616.449536561970000	 0.021816651745681
3616.682495176790000	 0.021577146348778
3616.915453791620000	 0.021402525925353
3617.148412406440000	 0.021427060944398
3617.381371021270000	 0.021716865806068
3617.614329636100000	 0.022239534363474
3617.847288250920000	 0.022877387366361
3618.080246865750000	 0.023474699192578
3618.313205480580000	 0.023896872969273
3618.546164095400000	 0.024077042156696
3618.779122710230000	 0.024031143792958
3619.012081325050000	 0.023836018116609
3619.245039939880000	 0.023583546286727
3619.477998554710000	 0.023336823648328
3619.710957169530000	 0.023111182435665
3619.943915784360000	 0.022885110170597
3620.176874399190000	 0.022627616524694
3620.409833014010000	 0.022321963765027
3620.642791628840000	 0.021972575140149
3620.875750243660000	 0.021595485945680
3621.108708858490000	 0.021203897682562
3621.341667473320000	 0.020802483688280
3621.574626088140000	 0.020395878956114
3621.807584702970000	 0.020004317587142
3622.040543317790000	 0.019672329924078
3622.273501932620000	 0.019460269668468
3622.506460547450000	 0.019420059863159
3622.739419162270000	 0.019567486066604
3622.972377777100000	 0.019866824051593
3623.205336391930000	 0.020238182046248
3623.438295006750000	 0.020586791998744
3623.671253621580000	 0.020841800620588
3623.904212236400000	 0.020985560798108
3624.137170851230000	 0.021057460970085
3624.370129466060000	 0.021129072425708
3624.603088080880000	 0.021263434192101
3624.836046695710000	 0.021480696710042
3625.069005310540000	 0.021748931233038
3625.301963925360000	 0.022004827930441
3625.534922540190000	 0.022192461509044
3625.767881155010000	 0.022298156197641
3626.000839769840000	 0.022361262034239
3626.233798384670000	 0.022454074924184
3626.466756999490000	 0.022642026106497
3626.699715614320000	 0.022946866587147
3626.932674229150000	 0.023333874364837
3627.165632843970000	 0.023730624767681
3627.398591458800000	 0.024067378180084
3627.631550073620000	 0.024316593275660
3627.864508688450000	 0.024508279394777
3628.097467303280000	 0.024710722545231
3628.330425918100000	 0.024986220294200
3628.563384532930000	 0.025346279986559
3628.796343147750000	 0.025731019584402
3629.029301762580000	 0.026024625697966
3629.262260377410000	 0.026101004444354
3629.495218992230000	 0.025878646153923
3629.728177607060000	 0.025356603696397
3629.961136221890000	 0.024610426437519
3630.194094836710000	 0.023749803711493
3630.427053451540000	 0.022866059906761
3630.660012066360000	 0.022004997475258
3630.892970681190000	 0.021179960777396
3631.125929296020000	 0.020408826571647
3631.358887910840000	 0.019742855795181
3631.591846525670000	 0.019264650008844
3631.824805140500000	 0.019056026249391
3632.057763755320000	 0.019156161695297
3632.290722370150000	 0.019534461906895
3632.523680984970000	 0.020092535963707
3632.756639599800000	 0.020694512414228
3632.989598214630000	 0.021212719083224
3633.222556829450000	 0.021569620727932
3633.455515444280000	 0.021757734387899
3633.688474059100000	 0.021827971151642
3633.921432673930000	 0.021851993047150
3634.154391288760000	 0.021878519807741
3634.387349903580000	 0.021907449689508
3634.620308518410000	 0.021895586232152
3634.853267133240000	 0.021789687609113
3635.086225748060000	 0.021566953883270
3635.319184362890000	 0.021258409622764
3635.552142977710000	 0.020940277671745
3635.785101592540000	 0.020698103781611
3636.018060207370000	 0.020585670811210
3636.251018822190000	 0.020603059144243
3636.483977437020000	 0.020704573072063
3636.716936051850000	 0.020828896568371
3636.949894666670000	 0.020932747683151
3637.182853281500000	 0.021009630155352
3637.415811896320000	 0.021084676904971
3637.648770511150000	 0.021190041930161
3637.881729125980000	 0.021336345341148
3638.114687740800000	 0.021498000096116
3638.347646355630000	 0.021621961463448
3638.580604970460000	 0.021655428106036
3638.813563585280000	 0.021576667538633
3639.046522200110000	 0.021410805341840
3639.279480814930000	 0.021220498473137
3639.512439429760000	 0.021075886697059
3639.745398044590000	 0.021020783366858
3639.978356659410000	 0.021054461822987
3640.211315274240000	 0.021138722557712
3640.444273889060000	 0.021224697334991
3640.677232503890000	 0.021282760063604
3640.910191118720000	 0.021318004122830
3641.143149733540000	 0.021362796661636
3641.376108348370000	 0.021451644804761
3641.609066963200000	 0.021594211447471
3641.842025578020000	 0.021763440818023
3642.074984192850000	 0.021906676106887
3642.307942807670000	 0.021973969150239
3642.540901422500000	 0.021947480003968
3642.773860037330000	 0.021854588875905
3643.006818652150000	 0.021756034447105
3643.239777266980000	 0.021714788136910
3643.472735881810000	 0.021763237274710
3643.705694496630000	 0.021887829002697
3643.938653111460000	 0.022040176237572
3644.171611726280000	 0.022168076441471
3644.404570341110000	 0.022248340526296
3644.637528955940000	 0.022302259639294
3644.870487570760000	 0.022384564991811
3645.103446185590000	 0.022552388792282
3645.336404800420000	 0.022832736405405
3645.569363415240000	 0.023207795234109
3645.802322030070000	 0.023626775864134
3646.035280644890000	 0.024037732361901
3646.268239259720000	 0.024421356993982
3646.501197874550000	 0.024806555949120
3646.734156489370000	 0.025256128807397
3646.967115104200000	 0.025826919000468
3647.200073719020000	 0.026524183293931
3647.433032333850000	 0.027275306240744
3647.665990948680000	 0.027940029627434
3647.898949563500000	 0.028357862584684
3648.131908178330000	 0.028415625071210
3648.364866793160000	 0.028104869737826
3648.597825407980000	 0.027537092560371
3648.830784022810000	 0.026901990244046
3649.063742637630000	 0.026386851273437
3649.296701252460000	 0.026100305579745
3649.529659867290000	 0.026038604876861
3649.762618482110000	 0.026103193598868
3649.995577096940000	 0.026151270807395
3650.228535711770000	 0.026052599425131
3650.461494326590000	 0.025731611972212
3650.694452941420000	 0.025183802645704
3650.927411556240000	 0.024465507764304
3651.160370171070000	 0.023665888106358
3651.393328785900000	 0.022875862079846
3651.626287400720000	 0.022166540392676
3651.859246015550000	 0.021580870173436
3652.092204630370000	 0.021134219272090
3652.325163245200000	 0.020818234985772
3652.558121860030000	 0.020606214184810
3652.791080474850000	 0.020461872506428
3653.024039089680000	 0.020352716041809
3653.256997704510000	 0.020264783940996
3653.489956319330000	 0.020211633088328
3653.722914934160000	 0.020231104309436
3653.955873548980000	 0.020368900429799
3654.188832163810000	 0.020654973957152
3654.421790778640000	 0.021083240942199
3654.654749393460000	 0.021605040548253
3654.887708008290000	 0.022141819355917
3655.120666623120000	 0.022614004957134
3655.353625237940000	 0.022973993194287
3655.586583852770000	 0.023226439568192
3655.819542467590000	 0.023422970050543
3656.052501082420000	 0.023630814977625
3656.285459697250000	 0.023889300864615
3656.518418312070000	 0.024175989592909
3656.751376926900000	 0.024401174999906
3656.984335541730000	 0.024437419138619
3657.217294156550000	 0.024174864451722
3657.450252771380000	 0.023578600424063
3657.683211386200000	 0.022718390055906
3657.916170001030000	 0.021751282531468
3658.149128615860000	 0.020863442557523
3658.382087230680000	 0.020202520269853
3658.615045845510000	 0.019835508794296
3658.848004460330000	 0.019747078741648
3659.080963075160000	 0.019868411291497
3659.313921689990000	 0.020114652576055
3659.546880304810000	 0.020412690995056
3659.779838919640000	 0.020711830602111
3660.012797534470000	 0.020980205127172
3660.245756149290000	 0.021195663853991
3660.478714764120000	 0.021340227165382
3660.711673378940000	 0.021402557245719
3660.944631993770000	 0.021385855100004
3661.177590608600000	 0.021313553597870
3661.410549223420000	 0.021225681023851
3661.643507838250000	 0.021164748702458
3661.876466453080000	 0.021157520116645
3662.109425067900000	 0.021202921737444
3662.342383682730000	 0.021273832450747
3662.575342297550000	 0.021332819906279
3662.808300912380000	 0.021353630540777
3663.041259527210000	 0.021336426124438
3663.274218142030000	 0.021307890002053
3663.507176756860000	 0.021305817361656
3663.740135371690000	 0.021356829652325
3663.973093986510000	 0.021460106645158
3664.206052601340000	 0.021586850430505
3664.439011216160000	 0.021696227314265
3664.671969830990000	 0.021758886896018
3664.904928445820000	 0.021774508467558
3665.137887060640000	 0.021773063592779
3665.370845675470000	 0.021798864447817
3665.603804290290000	 0.021886504808297
3665.836762905120000	 0.022042543910303
3666.069721519950000	 0.022243427243937
3666.302680134770000	 0.022450649693151
3666.535638749600000	 0.022634071212037
3666.768597364430000	 0.022789519320237
3667.001555979250000	 0.022940275490493
3667.234514594080000	 0.023121781902774
3667.467473208900000	 0.023359060645693
3667.700431823730000	 0.023650726571010
3667.933390438560000	 0.023969438938708
3668.166349053380000	 0.024278559621865
3668.399307668210000	 0.024554609596989
3668.632266283040000	 0.024800998494646
3668.865224897860000	 0.025043256327855
3669.098183512690000	 0.025307172250633
3669.331142127510000	 0.025592428498585
3669.564100742340000	 0.025858959748962
3669.797059357170000	 0.026038053406662
3670.030017971990000	 0.026066344948643
3670.262976586820000	 0.025924651135948
3670.495935201640000	 0.025655796655878
3670.728893816470000	 0.025345206578796
3670.961852431300000	 0.025071677896626
3671.194811046120000	 0.024856600239776
3671.427769660950000	 0.024642816345096
3671.660728275780000	 0.024319135154470
3671.893686890600000	 0.023783179316725
3672.126645505430000	 0.023013072348167
3672.359604120250000	 0.022106906301461
3672.592562735080000	 0.021260478140031
3672.825521349910000	 0.020690182968750
3673.058479964730000	 0.020544598431228
3673.291438579560000	 0.020853063780370
3673.524397194390000	 0.021530891975968
3673.757355809210000	 0.022427645723403
3673.990314424040000	 0.023389972576234
3674.223273038860000	 0.024312843607524
3674.456231653690000	 0.025162080694157
3674.689190268520000	 0.025961826507162
3674.922148883340000	 0.026753375540492
3675.155107498170000	 0.027544493369412
3675.388066113000000	 0.028274470904196
3675.621024727820000	 0.028814432094051
3675.853983342650000	 0.029006508092859
3676.086941957470000	 0.028726557440542
3676.319900572300000	 0.027941246108364
3676.552859187130000	 0.026729387450654
3676.785817801950000	 0.025254870376533
3677.018776416780000	 0.023707811764124
3677.251735031600000	 0.022250004708390
3677.484693646430000	 0.020992351095111
3677.717652261260000	 0.020004081462519
3677.950610876080000	 0.019332212568997
3678.183569490910000	 0.019009891599979
3678.416528105740000	 0.019047511719436
3678.649486720560000	 0.019415681219950
3678.882445335390000	 0.020034788943512
3679.115403950210000	 0.020781596553704
3679.348362565040000	 0.021513919512791
3679.581321179870000	 0.022105440406090
3679.814279794690000	 0.022477414885703
3680.047238409520000	 0.022614121358086
3680.280197024350000	 0.022555049006634
3680.513155639170000	 0.022367689074922
3680.746114254000000	 0.022115314089683
3680.979072868820000	 0.021837060875135
3681.212031483650000	 0.021549511700464
3681.444990098480000	 0.021264612033764
3681.677948713300000	 0.021008271135222
3681.910907328130000	 0.020824572223838
3682.143865942960000	 0.020761152072049
3682.376824557780000	 0.020844303996032
3682.609783172610000	 0.021059328812857
3682.842741787430000	 0.021348976075244
3683.075700402260000	 0.021632943152607
3683.308659017090000	 0.021840125237894
3683.541617631910000	 0.021938163556338
3683.774576246740000	 0.021945249783690
3684.007534861560000	 0.021917615056331
3684.240493476390000	 0.021919088099265
3684.473452091220000	 0.021989244420038
3684.706410706040000	 0.022127272012983
3684.939369320870000	 0.022299172048426
3685.172327935700000	 0.022462509279776
3685.405286550520000	 0.022593602800073
3685.638245165350000	 0.022701473506856
3685.871203780170000	 0.022820938842801
3686.104162395000000	 0.022989679006593
3686.337121009830000	 0.023223840928157
3686.570079624650000	 0.023507586619215
3686.803038239480000	 0.023803223964876
3687.035996854310000	 0.024075899907345
3687.268955469130000	 0.024318026294049
3687.501914083960000	 0.024558286328691
3687.734872698780000	 0.024848068798638
3687.967831313610000	 0.025230358033535
3688.200789928440000	 0.025706043432459
3688.433748543260000	 0.026214745234746
3688.666707158090000	 0.026640727244432
3688.899665772910000	 0.026843681664531
3689.132624387740000	 0.026704612920498
3689.365583002570000	 0.026171179941864
3689.598541617390000	 0.025285036848692
3689.831500232220000	 0.024177877332278
3690.064458847050000	 0.023035471318109
3690.297417461870000	 0.022045559518495
3690.530376076700000	 0.021353201988329
3690.763334691520000	 0.021038197985117
3690.996293306350000	 0.021112303298156
3691.229251921180000	 0.021524784623660
3691.462210536000000	 0.022168479423518
3691.695169150830000	 0.022888160800162
3691.928127765660000	 0.023499783351329
3692.161086380480000	 0.023827860139883
3692.394044995310000	 0.023757485450065
3692.627003610130000	 0.023281680424730
3692.859962224960000	 0.022515830643850
3693.092920839790000	 0.021662029014346
3693.325879454610000	 0.020935000490526
3693.558838069440000	 0.020485868938185
3693.791796684270000	 0.020359566201717
3694.024755299090000	 0.020499296220195
3694.257713913920000	 0.020787224488088
3694.490672528740000	 0.021098573368763
3694.723631143570000	 0.021346682425341
3694.956589758400000	 0.021503901450300
3695.189548373220000	 0.021593954030183
3695.422506988050000	 0.021663413814023
3695.655465602870000	 0.021748921265947
3695.888424217700000	 0.021857494428502
3696.121382832530000	 0.021968469351607
3696.354341447350000	 0.022052446153089
3696.587300062180000	 0.022093282795366
3696.820258677010000	 0.022098898636011
3697.053217291830000	 0.022094804288764
3697.286175906660000	 0.022105523932465
3697.519134521480000	 0.022136631902560
3697.752093136310000	 0.022169532875025
3697.985051751140000	 0.022172905833845
3698.218010365960000	 0.022124092565770
3698.450968980790000	 0.022027180030054
3698.683927595620000	 0.021916073050558
3698.916886210440000	 0.021839673847960
3699.149844825270000	 0.021837172957948
3699.382803440090000	 0.021917721865228
3699.615762054920000	 0.022056456827682
3699.848720669750000	 0.022209441404918
3700.081679284570000	 0.022339293775025
3700.314637899400000	 0.022437157532040
3700.547596514230000	 0.022528445544551
3700.780555129050000	 0.022658511912355
3701.013513743880000	 0.022865509980222
3701.246472358700000	 0.023154921974469
3701.479430973530000	 0.023489245446843
3701.712389588360000	 0.023797815424338
3701.945348203180000	 0.024001155853861
3702.178306818010000	 0.024037720679647
3702.411265432830000	 0.023881307776581
3702.644224047660000	 0.023543611855503
3702.877182662490000	 0.023064547238844
3703.110141277310000	 0.022498655090616
3703.343099892140000	 0.021905835318940
3703.576058506970000	 0.021348886963661
3703.809017121790000	 0.020893244350481
3704.041975736620000	 0.020601702183246
3704.274934351440000	 0.020521042888163
3704.507892966270000	 0.020664818597134
3704.740851581100000	 0.021001401205771
3704.973810195920000	 0.021455726178688
3705.206768810750000	 0.021927680962213
3705.439727425580000	 0.022322514321804
3705.672686040400000	 0.022582002901954
3705.905644655230000	 0.022702584299688
3706.138603270050000	 0.022730861942798
3706.371561884880000	 0.022737435879637
3706.604520499710000	 0.022781763618684
3706.837479114530000	 0.022886167298626
3707.070437729360000	 0.023032087345826
3707.303396344180000	 0.023179153110271
3707.536354959010000	 0.023295180427518
3707.769313573840000	 0.023379750065482
3708.002272188660000	 0.023468205904232
3708.235230803490000	 0.023614231078984
3708.468189418320000	 0.023861204736921
3708.701148033140000	 0.024218325980959
3708.934106647970000	 0.024653834265841
3709.167065262790000	 0.025107319711288
3709.400023877620000	 0.025512644158057
3709.632982492450000	 0.025818296527770
3709.865941107270000	 0.025995250565027
3710.098899722100000	 0.026031408933133
3710.331858336930000	 0.025921163015855
3710.564816951750000	 0.025662315176488
3710.797775566580000	 0.025267025175323
3711.030734181400000	 0.024780908928587
3711.263692796230000	 0.024293688130561
3711.496651411060000	 0.023925643729859
3711.729610025880000	 0.023788177301610
3711.962568640710000	 0.023934032787698
3712.195527255540000	 0.024320487794931
3712.428485870360000	 0.024803755877009
3712.661444485190000	 0.025171357056111
3712.894403100010000	 0.025207421596765
3713.127361714840000	 0.024773633265830
3713.360320329670000	 0.023875163980191
3713.593278944490000	 0.022675418465985
3713.826237559320000	 0.021441276067952
3714.059196174140000	 0.020441182903336
3714.292154788970000	 0.019850774502824
3714.525113403800000	 0.019712583630887
3714.758072018620000	 0.019956272320676
3714.991030633450000	 0.020451763844134
3715.223989248280000	 0.021061652654715
3715.456947863100000	 0.021673311499975
3715.689906477930000	 0.022208181563809
3715.922865092750000	 0.022616670501611
3716.155823707580000	 0.022870407948750
3716.388782322410000	 0.022960389207004
3716.621740937230000	 0.022901984991954
3716.854699552060000	 0.022740136402380
3717.087658166890000	 0.022545463878527
3717.320616781710000	 0.022396875036629
3717.553575396540000	 0.022355516062170
3717.786534011360000	 0.022442097493024
3718.019492626190000	 0.022629798346209
3718.252451241020000	 0.022857889198390
3718.485409855840000	 0.023060744621506
3718.718368470670000	 0.023198406123334
3718.951327085500000	 0.023272960042026
3719.184285700320000	 0.023321623036546
3719.417244315150000	 0.023389959722718
3719.650202929970000	 0.023500291703549
3719.883161544800000	 0.023633943616489
3720.116120159630000	 0.023738833515270
3720.349078774450000	 0.023759616536206
3720.582037389280000	 0.023673875555382
3720.814996004100000	 0.023512853671553
3721.047954618930000	 0.023353079240795
3721.280913233760000	 0.023282224804219
3721.513871848580000	 0.023357866133787
3721.746830463410000	 0.023581304586764
3721.979789078240000	 0.023898973055072
3722.212747693060000	 0.024228607124783
3722.445706307890000	 0.024495348644024
3722.678664922710000	 0.024659282082762
3722.911623537540000	 0.024721280689405
3723.144582152370000	 0.024706094651426
3723.377540767190000	 0.024634935769962
3723.610499382020000	 0.024506740278006
3723.843457996850000	 0.024302095417265
3724.076416611670000	 0.024008191864486
3724.309375226500000	 0.023647259323832
3724.542333841320000	 0.023286733940527
3724.775292456150000	 0.023020696069139
3725.008251070980000	 0.022930649862991
3725.241209685800000	 0.023046351933120
3725.474168300630000	 0.023327173442193
3725.707126915450000	 0.023674011113931
3725.940085530280000	 0.023967720404860
3726.173044145110000	 0.024117716918003
3726.406002759930000	 0.024097907925681
3726.638961374760000	 0.023951009339537
3726.871919989590000	 0.023758038265857
3727.104878604410000	 0.023590014892393
3727.337837219240000	 0.023469933884895
3727.570795834060000	 0.023366564944136
3727.803754448890000	 0.023222297278592
3728.036713063720000	 0.022997477605456
3728.269671678540000	 0.022704333044685
3728.502630293370000	 0.022409605601703
3728.735588908200000	 0.022203885627214
3728.968547523020000	 0.022156183672450
3729.201506137850000	 0.022280579195323
3729.434464752670000	 0.022532740171572
3729.667423367500000	 0.022835730330641
3729.900381982330000	 0.023119266997071
3730.133340597150000	 0.023351513341054
3730.366299211980000	 0.023547912031048
3730.599257826810000	 0.023754184481600
3730.832216441630000	 0.024014659898630
3731.065175056460000	 0.024345116826809
3731.298133671280000	 0.024726115430358
3731.531092286110000	 0.025119835431098
3731.764050900940000	 0.025498459461470
3731.997009515760000	 0.025864131055418
3732.229968130590000	 0.026244544312044
3732.462926745410000	 0.026662847293381
3732.695885360240000	 0.027098077183794
3732.928843975070000	 0.027462623025317
3733.161802589890000	 0.027619202087282
3733.394761204720000	 0.027440833585188
3733.627719819550000	 0.026889568535414
3733.860678434370000	 0.026068350395733
3734.093637049200000	 0.025206028135590
3734.326595664020000	 0.024574513123655
3734.559554278850000	 0.024382067226661
3734.792512893680000	 0.024698348067199
3735.025471508500000	 0.025439456877625
3735.258430123330000	 0.026405980414809
3735.491388738160000	 0.027350326340031
3735.724347352980000	 0.028050093571231
3735.957305967810000	 0.028367668253297
3736.190264582630000	 0.028277539696065
3736.423223197460000	 0.027850008029332
3736.656181812290000	 0.027199870339744
3736.889140427110000	 0.026430382879151
3737.122099041940000	 0.025604558542530
3737.355057656770000	 0.024753239292549
3737.588016271590000	 0.023903071378192
3737.820974886420000	 0.023098404594758
3738.053933501240000	 0.022401102919748
3738.286892116070000	 0.021870102685052
3738.519850730900000	 0.021536222481128
3738.752809345720000	 0.021389810945232
3738.985767960550000	 0.021389181956728
3739.218726575380000	 0.021483852470037
3739.451685190200000	 0.021638006622994
3739.684643805030000	 0.021840993928281
3739.917602419850000	 0.022100612104306
3740.150561034680000	 0.022425328933242
3740.383519649510000	 0.022807667440484
3740.616478264330000	 0.023219597156295
3740.849436879160000	 0.023622851859376
3741.082395493980000	 0.023987442507080
3741.315354108810000	 0.024306283940115
3741.548312723640000	 0.024596127614447
3741.781271338460000	 0.024883453408163
3742.014229953290000	 0.025183620398009
3742.247188568120000	 0.025486801292461
3742.480147182940000	 0.025761558654498
3742.713105797770000	 0.025976865549895
3742.946064412590000	 0.026131022229062
3743.179023027420000	 0.026269164751343
3743.411981642250000	 0.026475585040699
3743.644940257070000	 0.026841008982320
3743.877898871900000	 0.027419090326913
3744.110857486720000	 0.028191512481405
3744.343816101550000	 0.029055645595780
3744.576774716380000	 0.029838466816858
3744.809733331200000	 0.030332166539898
3745.042691946030000	 0.030343016476753
3745.275650560860000	 0.029743673306277
3745.508609175680000	 0.028516944505293
3745.741567790510000	 0.026776107260407
3745.974526405330000	 0.024748800796772
3746.207485020160000	 0.022724717080290
3746.440443634990000	 0.020986758047594
3746.673402249810000	 0.019753534572563
3746.906360864640000	 0.019149323498079
3747.139319479470000	 0.019199074501430
3747.372278094290000	 0.019837765008126
3747.605236709120000	 0.020926945324198
3747.838195323940000	 0.022277955654703
3748.071153938770000	 0.023684196410935
3748.304112553600000	 0.024962040527827
3748.537071168420000	 0.025992554103799
3748.770029783250000	 0.026748241279371
3749.002988398080000	 0.027287903902521
3749.235947012900000	 0.027714252422198
3749.468905627730000	 0.028109339973381
3749.701864242550000	 0.028478436163420
3749.934822857380000	 0.028732090903189
3750.167781472210000	 0.028719998084922
3750.400740087030000	 0.028307450760714
3750.633698701860000	 0.027462158485331
3750.866657316680000	 0.026304097108571
3751.099615931510000	 0.025080836058206
3751.332574546340000	 0.024074080746436
3751.565533161160000	 0.023491381137754
3751.798491775990000	 0.023403156878845
3752.031450390820000	 0.023744680374913
3752.264409005640000	 0.024359682318018
3752.497367620470000	 0.025051208098503
3752.730326235290000	 0.025620498498698
3752.963284850120000	 0.025893924221681
3753.196243464950000	 0.025747681989038
3753.429202079770000	 0.025136637325154
3753.662160694600000	 0.024120306735880
3753.895119309430000	 0.022866274291787
3754.128077924250000	 0.021614756120133
3754.361036539080000	 0.020610735471913
3754.593995153900000	 0.020032700050111
3754.826953768730000	 0.019948104118602
3755.059912383560000	 0.020307777621349
3755.292870998380000	 0.020973490123760
3755.525829613210000	 0.021765340914752
3755.758788228040000	 0.022515059277056
3755.991746842860000	 0.023111270205282
3756.224705457690000	 0.023522799358210
3756.457664072510000	 0.023790672033354
3756.690622687340000	 0.023991350175128
3756.923581302170000	 0.024188270699735
3757.156539916990000	 0.024396028987016
3757.389498531820000	 0.024575439427523
3757.622457146640000	 0.024661301894103
3757.855415761470000	 0.024607092859016
3758.088374376300000	 0.024421015713427
3758.321332991120000	 0.024171719875582
3758.554291605950000	 0.023959255925198
3758.787250220780000	 0.023867923939332
3759.020208835600000	 0.023928026920141
3759.253167450430000	 0.024106128274044
3759.486126065250000	 0.024325327535664
3759.719084680080000	 0.024501463530642
3759.952043294910000	 0.024575735097290
3760.185001909730000	 0.024528903852053
3760.417960524560000	 0.024373249956193
3760.650919139390000	 0.024130850478598
3760.883877754210000	 0.023814483122139
3761.116836369040000	 0.023425216538373
3761.349794983860000	 0.022968478685584
3761.582753598690000	 0.022475765718150
3761.815712213520000	 0.022013292683029
3762.048670828340000	 0.021667141389029
3762.281629443170000	 0.021510773701502
3762.514588057990000	 0.021572692235737
3762.747546672820000	 0.021821860107910
3762.980505287650000	 0.022178524100897
3763.213463902470000	 0.022545696702453
3763.446422517300000	 0.022847389271664
3763.679381132130000	 0.023056335204815
3763.912339746950000	 0.023197917222973
3764.145298361780000	 0.023328291067111
3764.378256976600000	 0.023498690762047
3764.611215591430000	 0.023725954936970
3764.844174206260000	 0.023985329820666
3765.077132821080000	 0.024227945015451
3765.310091435910000	 0.024410875349974
3765.543050050740000	 0.024520842139342
3765.776008665560000	 0.024576838333170
3766.008967280390000	 0.024609937562682
3766.241925895210000	 0.024633087640816
3766.474884510040000	 0.024621086386880
3766.707843124870000	 0.024516288033795
3766.940801739690000	 0.024260940147299
3767.173760354520000	 0.023839962105473
3767.406718969350000	 0.023308243720914
3767.639677584170000	 0.022782271772279
3767.872636199000000	 0.022396729107636
3768.105594813820000	 0.022249351886530
3768.338553428650000	 0.022364390065417
3768.571512043480000	 0.022692022810796
3768.804470658300000	 0.023139934909154
3769.037429273130000	 0.023618193076171
3769.270387887960000	 0.024074785562097
3769.503346502780000	 0.024505089927948
3769.736305117610000	 0.024931323696508
3769.969263732430000	 0.025363579527369
3770.202222347260000	 0.025765043205944
3770.435180962090000	 0.026043500697034
3770.668139576910000	 0.026078657713267
3770.901098191740000	 0.025776170025608
3771.134056806560000	 0.025122852464326
3771.367015421390000	 0.024211746397264
3771.599974036220000	 0.023217938032778
3771.832932651040000	 0.022334209302631
3772.065891265870000	 0.021701318735436
3772.298849880700000	 0.021369347454512
3772.531808495520000	 0.021303515491413
3772.764767110350000	 0.021421236282301
3772.997725725170000	 0.021635454633831
3773.230684340000000	 0.021883836556999
3773.463642954830000	 0.022135567514820
3773.696601569650000	 0.022379771774146
3773.929560184480000	 0.022607577875372
3774.162518799310000	 0.022800999763038
3774.395477414130000	 0.022935718440495
3774.628436028960000	 0.022994951720568
3774.861394643780000	 0.022983872669397
3775.094353258610000	 0.022933285461831
3775.327311873440000	 0.022888017638277
3775.560270488260000	 0.022885565400282
3775.793229103090000	 0.022937429734427
3776.026187717910000	 0.023024643211811
3776.259146332740000	 0.023110706543375
3776.492104947570000	 0.023164764499471
3776.725063562390000	 0.023181596208101
3776.958022177220000	 0.023186461170648
3777.190980792050000	 0.023221386262372
3777.423939406870000	 0.023320461763285
3777.656898021700000	 0.023488577721933
3777.889856636520000	 0.023696304942568
3778.122815251350000	 0.023894286070545
3778.355773866180000	 0.024039280482720
3778.588732481000000	 0.024117286265151
3778.821691095830000	 0.024150439528434
3779.054649710650000	 0.024183094237700
3779.287608325480000	 0.024254185494230
3779.520566940310000	 0.024371036262703
3779.753525555130000	 0.024499210502020
3779.986484169960000	 0.024574280019620
3780.219442784790000	 0.024529852263862
3780.452401399610000	 0.024328053665719
3780.685360014440000	 0.023977488823618
3780.918318629260000	 0.023530078013329
3781.151277244090000	 0.023059520671706
3781.384235858920000	 0.022634254714294
3781.617194473740000	 0.022299671732900
3781.850153088570000	 0.022076392243076
3782.083111703400000	 0.021969956530846
3782.316070318220000	 0.021981019810316
3782.549028933050000	 0.022107485379139
3782.781987547870000	 0.022337772823347
3783.014946162700000	 0.022641825362635
3783.247904777530000	 0.022969110899937
3783.480863392350000	 0.023259348284820
3783.713822007180000	 0.023463765026596
3783.946780622010000	 0.023566737940220
3784.179739236830000	 0.023594828591443
3784.412697851660000	 0.023605357676116
3784.645656466480000	 0.023657723991317
3784.878615081310000	 0.023781180161912
3785.111573696140000	 0.023956018477504
3785.344532310960000	 0.024118927466173
3785.577490925790000	 0.024191130729300
3785.810449540620000	 0.024116123132808
3786.043408155440000	 0.023888179995397
3786.276366770270000	 0.023556664694267
3786.509325385090000	 0.023203627230445
3786.742283999920000	 0.022906939668292
3786.975242614750000	 0.022709038457954
3787.208201229570000	 0.022606964496270
3787.441159844400000	 0.022566142956355
3787.674118459220000	 0.022547175125178
3787.907077074050000	 0.022529276207160
3788.140035688880000	 0.022517797332276
3788.372994303700000	 0.022533456423014
3788.605952918530000	 0.022591696749791
3788.838911533360000	 0.022686054528455
3789.071870148180000	 0.022786475424276
3789.304828763010000	 0.022854038257620
3789.537787377830000	 0.022863291520260
3789.770745992660000	 0.022818456250738
3790.003704607490000	 0.022753020869319
3790.236663222310000	 0.022712006660466
3790.469621837140000	 0.022726756479558
3790.702580451970000	 0.022796976436096
3790.935539066790000	 0.022890762416543
3791.168497681620000	 0.022962879774627
3791.401456296440000	 0.022980909864206
3791.634414911270000	 0.022944155870279
3791.867373526100000	 0.022884136729675
3792.100332140920000	 0.022846101788010
3792.333290755750000	 0.022862267386850
3792.566249370580000	 0.022932547367875
3792.799207985400000	 0.023024210700262
3793.032166600230000	 0.023090876314384
3793.265125215050000	 0.023100119054966
3793.498083829880000	 0.023053894856338
3793.731042444710000	 0.022989759560203
3793.964001059530000	 0.022961658441019
3794.196959674360000	 0.023010987846098
3794.429918289180000	 0.023144488687622
3794.662876904010000	 0.023331593208280
3794.895835518840000	 0.023522628950448
3795.128794133660000	 0.023677550578565
3795.361752748490000	 0.023789061965821
3795.594711363320000	 0.023887039320864
3795.827669978140000	 0.024021518095373
3796.060628592970000	 0.024233568885025
3796.293587207790000	 0.024530080468192
3796.526545822620000	 0.024875805161170
3796.759504437450000	 0.025206081558078
3796.992463052270000	 0.025452695015879
3797.225421667100000	 0.025569218857124
3797.458380281930000	 0.025543517745184
3797.691338896750000	 0.025393014950504
3797.924297511580000	 0.025148727969020
3798.157256126400000	 0.024840596985871
3798.390214741230000	 0.024494315708887
3798.623173356060000	 0.024139935866099
3798.856131970880000	 0.023822514022879
3799.089090585710000	 0.023602780244752
3799.322049200530000	 0.023542732349436
3799.555007815360000	 0.023681856514767
3799.787966430190000	 0.024016993926762
3800.020925045010000	 0.024498430951555
3800.253883659840000	 0.025047066422019
3800.486842274670000	 0.025586384237956
3800.719800889490000	 0.026073696993858
3800.952759504320000	 0.026512854127102
3801.185718119140000	 0.026938208406605
3801.418676733970000	 0.027374837772934
3801.651635348800000	 0.027794984948744
3801.884593963620000	 0.028096693926978
3802.117552578450000	 0.028123850224721
3802.350511193280000	 0.027728819512352
3802.583469808100000	 0.026854275724879
3802.816428422930000	 0.025590099699132
3803.049387037750000	 0.024163400446928
3803.282345652580000	 0.022856535470022
3803.515304267410000	 0.021897711178017
3803.748262882230000	 0.021386537651870
3803.981221497060000	 0.021287169975556
3804.214180111890000	 0.021476592815614
3804.447138726710000	 0.021811969378422
3804.680097341540000	 0.022184335390753
3804.913055956360000	 0.022541728281653
3805.146014571190000	 0.022881231297554
3805.378973186020000	 0.023221966368372
3805.611931800840000	 0.023577225644763
3805.844890415670000	 0.023941245486702
3806.077849030490000	 0.024295494507104
3806.310807645320000	 0.024626526731260
3806.543766260150000	 0.024939891640773
3806.776724874970000	 0.025256793318787
3807.009683489800000	 0.025591183754094
3807.242642104630000	 0.025918741892483
3807.475600719450000	 0.026157779565510
3807.708559334280000	 0.026180114859396
3807.941517949100000	 0.025856987735229
3808.174476563930000	 0.025125238993814
3808.407435178760000	 0.024040762155320
3808.640393793580000	 0.022783387179844
3808.873352408410000	 0.021600614629960
3809.106311023230000	 0.020716789748671
3809.339269638060000	 0.020257424251790
3809.572228252890000	 0.020224480378456
3809.805186867710000	 0.020523083904368
3810.038145482540000	 0.021014539503150
3810.271104097370000	 0.021567352837475
3810.504062712190000	 0.022088654970229
3810.737021327020000	 0.022531315548733
3810.969979941840000	 0.022882117097830
3811.202938556670000	 0.023142533468379
3811.435897171500000	 0.023314568976532
3811.668855786320000	 0.023398866104823
3811.901814401150000	 0.023403231900869
3812.134773015980000	 0.023352366184876
3812.367731630800000	 0.023288749641389
3812.600690245630000	 0.023260887641281
3812.833648860450000	 0.023304217787939
3813.066607475280000	 0.023425879642005
3813.299566090110000	 0.023603188603794
3813.532524704930000	 0.023797779107754
3813.765483319760000	 0.023977943416318
3813.998441934590000	 0.024136550631346
3814.231400549410000	 0.024294258134393
3814.464359164240000	 0.024486302802637
3814.697317779060000	 0.024741000508584
3814.930276393890000	 0.025063134568466
3815.163235008720000	 0.025432291107389
3815.396193623540000	 0.025816613422521
3815.629152238370000	 0.026192239487491
3815.862110853200000	 0.026554163409949
3816.095069468020000	 0.026908540008540
3816.328028082850000	 0.027247785326071
3816.560986697670000	 0.027522428245929
3816.793945312500000	 0.027630537668763
3817.026903927330000	 0.027441521490586
3817.259862542150000	 0.026854634437940
3817.492821156980000	 0.025868084706520
3817.725779771800000	 0.024616618653051
3817.958738386630000	 0.023344301177451
3818.191697001460000	 0.022318968068054
3818.424655616280000	 0.021735603406340
3818.657614231110000	 0.021660095915991
3818.890572845940000	 0.022032406806957
3819.123531460760000	 0.022713082411408
3819.356490075590000	 0.023543697277429
3819.589448690410000	 0.024397004259235
3819.822407305240000	 0.025203049001522
3820.055365920070000	 0.025947043397965
3820.288324534890000	 0.026644048756953
3820.521283149720000	 0.027304275824659
3820.754241764550000	 0.027906696314365
3820.987200379370000	 0.028393667856678
3821.220158994200000	 0.028687494966862
3821.453117609020000	 0.028718529289325
3821.686076223850000	 0.028449803860285
3821.919034838680000	 0.027886863849746
3822.151993453500000	 0.027070961811286
3822.384952068330000	 0.026063912836739
3822.617910683160000	 0.024936965503765
3822.850869297980000	 0.023770230838761
3823.083827912810000	 0.022657644599111
3823.316786527630000	 0.021705298315246
3823.549745142460000	 0.021015082240019
3823.782703757290000	 0.020657529451609
3824.015662372110000	 0.020647404306378
3824.248620986940000	 0.020935676177638
3824.481579601760000	 0.021423149869323
3824.714538216590000	 0.021990720986348
3824.947496831420000	 0.022534561321148
3825.180455446240000	 0.022993152443651
3825.413414061070000	 0.023356284947771
3825.646372675900000	 0.023653045738663
3825.879331290720000	 0.023924871890185
3826.112289905550000	 0.024197126514040
3826.345248520370000	 0.024463436534180
3826.578207135200000	 0.024689644183442
3826.811165750030000	 0.024833006158968
3827.044124364850000	 0.024864360526229
3827.277082979680000	 0.024780748735895
3827.510041594510000	 0.024602744934228
3827.743000209330000	 0.024360253925078
3827.975958824160000	 0.024077388334632
3828.208917438980000	 0.023767031905140
3828.441876053810000	 0.023438462276742
3828.674834668640000	 0.023111541347370
3828.907793283460000	 0.022825480347591
3829.140751898290000	 0.022633269288088
3829.373710513110000	 0.022582549647252
3829.606669127940000	 0.022693255192382
3829.839627742770000	 0.022945322166220
3830.072586357590000	 0.023284565006700
3830.305544972420000	 0.023644993228837
3830.538503587250000	 0.023976937802832
3830.771462202070000	 0.024266637727970
3831.004420816900000	 0.024536280992029
3831.237379431720000	 0.024823040281550
3831.470338046550000	 0.025147207071880
3831.703296661380000	 0.025486589625428
3831.936255276200000	 0.025772187013324
3832.169213891030000	 0.025909824947132
3832.402172505860000	 0.025819718602973
3832.635131120680000	 0.025476691773887
3832.868089735510000	 0.024931581385987
3833.101048350330000	 0.024301178018222
3833.334006965160000	 0.023729248500087
3833.566965579990000	 0.023337639454497
3833.799924194810000	 0.023192169809129
3834.032882809640000	 0.023297238449970
3834.265841424470000	 0.023614279797560
3834.498800039290000	 0.024087086032590
3834.731758654120000	 0.024658228984308
3834.964717268940000	 0.025270880995434
3835.197675883770000	 0.025861127153900
3835.430634498600000	 0.026351937712830
3835.663593113420000	 0.026659413030571
3835.896551728250000	 0.026715119308756
3836.129510343070000	 0.026497716956489
3836.362468957900000	 0.026057609127160
3836.595427572730000	 0.025516822939760
3836.828386187550000	 0.025037134831101
3837.061344802380000	 0.024768031981791
3837.294303417210000	 0.024798954236262
3837.527262032030000	 0.025136554943771
3837.760220646860000	 0.025711185060404
3837.993179261680000	 0.026401695288046
3838.226137876510000	 0.027063912745240
3838.459096491340000	 0.027554474005459
3838.692055106160000	 0.027750609140202
3838.925013720990000	 0.027571069710548
3839.157972335820000	 0.027000067564258
3839.390930950640000	 0.026106371053630
3839.623889565470000	 0.025042110259251
3839.856848180290000	 0.024010891147222
3840.089806795120000	 0.023212199973176
3840.322765409950000	 0.022784129111753
3840.555724024770000	 0.022766386464720
3840.788682639600000	 0.023093703127655
3841.021641254430000	 0.023618014101320
3841.254599869250000	 0.024151906279301
3841.487558484080000	 0.024523075025310
3841.720517098900000	 0.024625919519848
3841.953475713730000	 0.024452844982140
3842.186434328560000	 0.024090359975410
3842.419392943380000	 0.023678498019136
3842.652351558210000	 0.023351592872324
3842.885310173030000	 0.023189646616900
3843.118268787860000	 0.023202042809889
3843.351227402690000	 0.023344691437549
3843.584186017510000	 0.023553721830145
3843.817144632340000	 0.023774338259540
3844.050103247170000	 0.023971515150246
3844.283061861990000	 0.024122387038389
3844.516020476820000	 0.024201140180814
3844.748979091640000	 0.024171197831851
3844.981937706470000	 0.023994649273940
3845.214896321300000	 0.023656932548269
3845.447854936120000	 0.023191954175867
3845.680813550950000	 0.022688206410495
3845.913772165780000	 0.022265733606376
3846.146730780600000	 0.022032249853073
3846.379689395430000	 0.022040712777582
3846.612648010250000	 0.022269902094750
3846.845606625080000	 0.022636314467849
3847.078565239910000	 0.023030316602255
3847.311523854730000	 0.023359867061001
3847.544482469560000	 0.023583105865085
3847.777441084380000	 0.023716150331819
3848.010399699210000	 0.023813594908240
3848.243358314040000	 0.023932876866920
3848.476316928860000	 0.024102397540441
3848.709275543690000	 0.024310690043887
3848.942234158520000	 0.024521048739291
3849.175192773340000	 0.024701071786927
3849.408151388170000	 0.024848308029389
3849.641110002990000	 0.024995791415766
3849.874068617820000	 0.025193201740792
3850.107027232650000	 0.025474379435609
3850.339985847470000	 0.025831138122293
3850.572944462300000	 0.026210729031193
3850.805903077130000	 0.026541251252303
3851.038861691950000	 0.026773261179009
3851.271820306780000	 0.026915225342323
3851.504778921600000	 0.027041042074409
3851.737737536430000	 0.027260979772981
3851.970696151260000	 0.027667431121712
3852.203654766080000	 0.028281853785215
3852.436613380910000	 0.029029395499171
3852.669571995740000	 0.029754486398172
3852.902530610560000	 0.030273704641939
3853.135489225390000	 0.030447862143210
3853.368447840210000	 0.030243994659689
3853.601406455040000	 0.029753890591207
3853.834365069870000	 0.029150703950239
3854.067323684690000	 0.028601045150961
3854.300282299520000	 0.028181345832096
3854.533240914340000	 0.027843788448649
3854.766199529170000	 0.027443576290066
3854.999158144000000	 0.026808521381917
3855.232116758820000	 0.025820957334327
3855.465075373650000	 0.024481855974736
3855.698033988480000	 0.022929745265257
3855.930992603300000	 0.021400973803811
3856.163951218130000	 0.020148324675059
3856.396909832950000	 0.019360939551233
3856.629868447780000	 0.019122401182170
3856.862827062610000	 0.019412024198506
3857.095785677430000	 0.020129774861607
3857.328744292260000	 0.021124471463642
3857.561702907090000	 0.022217744360308
3857.794661521910000	 0.023227063614889
3858.027620136740000	 0.023993330110392
3858.260578751560000	 0.024412948780906
3858.493537366390000	 0.024465346733423
3858.726495981220000	 0.024221220535411
3858.959454596040000	 0.023820934174479
3859.192413210870000	 0.023426959468411
3859.425371825700000	 0.023169931632241
3859.658330440520000	 0.023112390059901
3859.891289055350000	 0.023243902905226
3860.124247670170000	 0.023504365999681
3860.357206285000000	 0.023820147685513
3860.590164899830000	 0.024135429512162
3860.823123514650000	 0.024426740185660
3861.056082129480000	 0.024698070463250
3861.289040744300000	 0.024963089550769
3861.521999359130000	 0.025226272616102
3861.754957973960000	 0.025473757755267
3861.987916588780000	 0.025678046269154
3862.220875203610000	 0.025812223213972
3862.453833818440000	 0.025864163065243
3862.686792433260000	 0.025841953394947
3862.919751048090000	 0.025767773763332
3863.152709662910000	 0.025665135370463
3863.385668277740000	 0.025548935042514
3863.618626892570000	 0.025425753143931
3863.851585507390000	 0.025304031788744
3864.084544122220000	 0.025205700950961
3864.317502737050000	 0.025168667093696
3864.550461351870000	 0.025235007672673
3864.783419966700000	 0.025428784843193
3865.016378581520000	 0.025734285443176
3865.249337196350000	 0.026086718379911
3865.482295811180000	 0.026382941478770
3865.715254426000000	 0.026511682422469
3865.948213040830000	 0.026393572538438
3866.181171655650000	 0.026014398975754
3866.414130270480000	 0.025434753767222
3866.647088885310000	 0.024769111245740
3866.880047500130000	 0.024144170870864
3867.113006114960000	 0.023658699283948
3867.345964729790000	 0.023364506812938
3867.578923344610000	 0.023272602431410
3867.811881959440000	 0.023373094827482
3868.044840574260000	 0.023652701388638
3868.277799189090000	 0.024099789202493
3868.510757803920000	 0.024696987393116
3868.743716418740000	 0.025409241299621
3868.976675033570000	 0.026177544438975
3869.209633648400000	 0.026925050714660
3869.442592263220000	 0.027574688603479
3869.675550878050000	 0.028069670708306
3869.908509492870000	 0.028385042374260
3870.141468107700000	 0.028522418716779
3870.374426722530000	 0.028490041040661
3870.607385337350000	 0.028280890757074
3870.840343952180000	 0.027865866202111
3871.073302567010000	 0.027212190080905
3871.306261181830000	 0.026320655781567
3871.539219796660000	 0.025258700514270
3871.772178411480000	 0.024163509523228
3872.005137026310000	 0.023206444482214
3872.238095641140000	 0.022535621443775
3872.471054255960000	 0.022226961958070
3872.704012870790000	 0.022266476395726
3872.936971485610000	 0.022567412298188
3873.169930100440000	 0.023009983581607
3873.402888715270000	 0.023485177669964
3873.635847330090000	 0.023925845822971
3873.868805944920000	 0.024314674648319
3874.101764559750000	 0.024668033749435
3874.334723174570000	 0.025005030349775
3874.567681789400000	 0.025318172606772
3874.800640404220000	 0.025561571906439
3875.033599019050000	 0.025664011352605
3875.266557633880000	 0.025561448151094
3875.499516248700000	 0.025232665018837
3875.732474863530000	 0.024718502346576
3875.965433478360000	 0.024112732270334
3876.198392093180000	 0.023528721612518
3876.431350708010000	 0.023060464359490
3876.664309322830000	 0.022758312050474
3876.897267937660000	 0.022627984697830
3877.130226552490000	 0.022646642446487
3877.363185167310000	 0.022782535576135
3877.596143782140000	 0.023007172311296
3877.829102396970000	 0.023296584979638
3878.062061011790000	 0.023625756150091
3878.295019626620000	 0.023964020276466
3878.527978241440000	 0.024277824912370
3878.760936856270000	 0.024541573152122
3878.993895471100000	 0.024750750199206
3879.226854085920000	 0.024928348557392
3879.459812700750000	 0.025118114408339
3879.692771315570000	 0.025365233546073
3879.925729930400000	 0.025692666436645
3880.158688545230000	 0.026084733699261
3880.391647160050000	 0.026486486837355
3880.624605774880000	 0.026819675042046
3880.857564389710000	 0.027008248806231
3881.090523004530000	 0.027002359106165
3881.323481619360000	 0.026791197074333
3881.556440234180000	 0.026400844981658
3881.789398849010000	 0.025880961608319
3882.022357463840000	 0.025289587103885
3882.255316078660000	 0.024684735100296
3882.488274693490000	 0.024124577431559
3882.721233308320000	 0.023670167529295
3882.954191923140000	 0.023382294476328
3883.187150537970000	 0.023308816790973
3883.420109152790000	 0.023466544796505
3883.653067767620000	 0.023827011571978
3883.886026382450000	 0.024315545247534
3884.118984997270000	 0.024828225545193
3884.351943612100000	 0.025263541443471
3884.584902226920000	 0.025557655709771
3884.817860841750000	 0.025707687706284
3885.050819456580000	 0.025769980533799
3885.283778071400000	 0.025830968103628
3885.516736686230000	 0.025962467820342
3885.749695301060000	 0.026182173767353
3885.982653915880000	 0.026437650660564
3886.215612530710000	 0.026620488627722
3886.448571145530000	 0.026604439579926
3886.681529760360000	 0.026293198353773
3886.914488375190000	 0.025660605674650
3887.147446990010000	 0.024767577094961
3887.380405604840000	 0.023747442361336
3887.613364219670000	 0.022765167635030
3887.846322834490000	 0.021969476133125
3888.079281449320000	 0.021459092389076
3888.312240064140000	 0.021272584307262
3888.545198678970000	 0.021396266734151
3888.778157293800000	 0.021778349680486
3889.011115908620000	 0.022341419123316
3889.244074523450000	 0.022992664368688
3889.477033138280000	 0.023635570996829
3889.709991753100000	 0.024185922789081
3889.942950367930000	 0.024590325255374
3890.175908982750000	 0.024840500250828
3890.408867597580000	 0.024975121976746
3890.641826212410000	 0.025064974234443
3890.874784827230000	 0.025185061902239
3891.107743442060000	 0.025384313956522
3891.340702056880000	 0.025665220466348
3891.573660671710000	 0.025981224009933
3891.806619286540000	 0.026251885326599
3892.039577901360000	 0.026389040763960
3892.272536516190000	 0.026324136113579
3892.505495131020000	 0.026027984465517
3892.738453745840000	 0.025518073760777
3892.971412360670000	 0.024853427808856
3893.204370975490000	 0.024120982363387
3893.437329590320000	 0.023418841845330
3893.670288205150000	 0.022840316192063
3893.903246819970000	 0.022459960780103
3894.136205434800000	 0.022321407294158
3894.369164049630000	 0.022427670207676
3894.602122664450000	 0.022736796474482
3894.835081279280000	 0.023167049144376
3895.068039894100000	 0.023614417583640
3895.300998508930000	 0.023980547030275
3895.533957123760000	 0.024202750578905
3895.766915738580000	 0.024273525731840
3895.999874353410000	 0.024239216919276
3896.232832968240000	 0.024176847009921
3896.465791583060000	 0.024159696817307
3896.698750197890000	 0.024228385934765
3896.931708812710000	 0.024380921673948
3897.164667427540000	 0.024584719952678
3897.397626042370000	 0.024802197889798
3897.630584657190000	 0.025015127847859
3897.863543272020000	 0.025234466982977
3898.096501886840000	 0.025490868026637
3898.329460501670000	 0.025812010984364
3898.562419116500000	 0.026200230476867
3898.795377731320000	 0.026623487342056
3899.028336346150000	 0.027024837999463
3899.261294960980000	 0.027344761265992
3899.494253575800000	 0.027543231728289
3899.727212190630000	 0.027608779793014
3899.960170805450000	 0.027550150628740
3900.193129420280000	 0.027377927120927
3900.426088035110000	 0.027091316909171
3900.659046649930000	 0.026683310680092
3900.892005264760000	 0.026164999828316
3901.124963879590000	 0.025593736572874
3901.357922494410000	 0.025081939145298
3901.590881109240000	 0.024772234951703
3901.823839724060000	 0.024785666865507
3902.056798338890000	 0.025166925355377
3902.289756953720000	 0.025852228716609
3902.522715568540000	 0.026674460779921
3902.755674183370000	 0.027406740324992
3902.988632798190000	 0.027834294454702
3903.221591413020000	 0.027832828815806
3903.454550027850000	 0.027420505154080
3903.687508642670000	 0.026752189633625
3903.920467257500000	 0.026050661142278
3904.153425872330000	 0.025508451876443
3904.386384487150000	 0.025212799787107
3904.619343101980000	 0.025127640904562
3904.852301716800000	 0.025130556218453
3905.085260331630000	 0.025078535611353
3905.318218946460000	 0.024872170631823
3905.551177561280000	 0.024494340837280
3905.784136176110000	 0.024010179690021
3906.017094790940000	 0.023530665764408
3906.250053405760000	 0.023159730840555
3906.483012020590000	 0.022952928798084
3906.715970635410000	 0.022906079486806
3906.948929250240000	 0.022972137782217
3907.181887865070000	 0.023090012437067
3907.414846479890000	 0.023208315574827
3907.647805094720000	 0.023295704820492
3907.880763709550000	 0.023339212877564
3908.113722324370000	 0.023337478807260
3908.346680939200000	 0.023295776002589
3908.579639554020000	 0.023225559106163
3908.812598168850000	 0.023146152068304
3909.045556783680000	 0.023083719871455
3909.278515398500000	 0.023064439845230
3909.511474013330000	 0.023103447315293
3909.744432628150000	 0.023195378536450
3909.977391242980000	 0.023313119343566
3910.210349857810000	 0.023417689187719
3910.443308472630000	 0.023475810634951
3910.676267087460000	 0.023476417719436
3910.909225702290000	 0.023436768588232
3911.142184317110000	 0.023393920832821
3911.375142931940000	 0.023385448418196
3911.608101546760000	 0.023429637304831
3911.841060161590000	 0.023516067699586
3912.074018776420000	 0.023611885268325
3912.306977391240000	 0.023680308027828
3912.539936006070000	 0.023701007776561
3912.772894620900000	 0.023680926086312
3913.005853235720000	 0.023649525508852
3913.238811850550000	 0.023641393335266
3913.471770465370000	 0.023676384226594
3913.704729080200000	 0.023748847278650
3913.937687695030000	 0.023832105549729
3914.170646309850000	 0.023895400402157
3914.403604924680000	 0.023923230511450
3914.636563539510000	 0.023925641436516
3914.869522154330000	 0.023933353957967
3915.102480769160000	 0.023980569436542
3915.335439383980000	 0.024085599739146
3915.568397998810000	 0.024240755542389
3915.801356613640000	 0.024417369915992
3916.034315228460000	 0.024582741004340
3916.267273843290000	 0.024718566724624
3916.500232458110000	 0.024829396674934
3916.733191072940000	 0.024935434835828
3916.966149687770000	 0.025053427262873
3917.199108302590000	 0.025176955376709
3917.432066917420000	 0.025268741007518
3917.665025532250000	 0.025271577457435
3917.897984147070000	 0.025134294783546
3918.130942761900000	 0.024840154621038
3918.363901376720000	 0.024422321709376
3918.596859991550000	 0.023956824811446
3918.829818606380000	 0.023535386176536
3919.062777221200000	 0.023231937500984
3919.295735836030000	 0.023080008817612
3919.528694450860000	 0.023070912072573
3919.761653065680000	 0.023169859400576
3919.994611680510000	 0.023337651074084
3920.227570295330000	 0.023544795360804
3920.460528910160000	 0.023771826877775
3920.693487524990000	 0.023998991369901
3920.926446139810000	 0.024195091536086
3921.159404754640000	 0.024315999672049
3921.392363369460000	 0.024317653783006
3921.625321984290000	 0.024178747615023
3921.858280599120000	 0.023920178056365
3922.091239213940000	 0.023607601025703
3922.324197828770000	 0.023332085509411
3922.557156443600000	 0.023176765491720
3922.790115058420000	 0.023185748308502
3923.023073673250000	 0.023350042790750
3923.256032288070000	 0.023615899033664
3923.488990902900000	 0.023910018937975
3923.721949517730000	 0.024169101540635
3923.954908132550000	 0.024360467735866
3924.187866747380000	 0.024485685667485
3924.420825362210000	 0.024567800236472
3924.653783977030000	 0.024630905644102
3924.886742591860000	 0.024684036518466
3925.119701206680000	 0.024717710535620
3925.352659821510000	 0.024713156810290
3925.585618436340000	 0.024656560877029
3925.818577051160000	 0.024548316015606
3926.051535665990000	 0.024401510321459
3926.284494280820000	 0.024231746426329
3926.517452895640000	 0.024046639027969
3926.750411510470000	 0.023843682056303
3926.983370125290000	 0.023619192697578
3927.216328740120000	 0.023382692398096
3927.449287354950000	 0.023166173289533
3927.682245969770000	 0.023019795935171
3927.915204584600000	 0.022993518609690
3928.148163199420000	 0.023112998046453
3928.381121814250000	 0.023362471060481
3928.614080429080000	 0.023684750272973
3928.847039043900000	 0.024000342532368
3929.079997658730000	 0.024238068598927
3929.312956273560000	 0.024363119925832
3929.545914888380000	 0.024388753312816
3929.778873503210000	 0.024365450472457
3930.011832118030000	 0.024352993235800
3930.244790732860000	 0.024390130597233
3930.477749347690000	 0.024477685202507
3930.710707962510000	 0.024583201892958
3930.943666577340000	 0.024663199867507
3931.176625192170000	 0.024689665768006
3931.409583806990000	 0.024665680969405
3931.642542421820000	 0.024621765514235
3931.875501036640000	 0.024595823378481
3932.108459651470000	 0.024608950678959
3932.341418266300000	 0.024651296458301
3932.574376881120000	 0.024685767263853
3932.807335495950000	 0.024666910041574
3933.040294110780000	 0.024564045715444
3933.273252725600000	 0.024375973391907
3933.506211340430000	 0.024129822984917
3933.739169955250000	 0.023865865061496
3933.972128570080000	 0.023618118993513
3934.205087184910000	 0.023402539811499
3934.438045799730000	 0.023218949162467
3934.671004414560000	 0.023063369074775
3934.903963029380000	 0.022940611657477
3935.136921644210000	 0.022867437893567
3935.369880259040000	 0.022863547479068
3935.602838873860000	 0.022936109233516
3935.835797488690000	 0.023068165989775
3936.068756103520000	 0.023219523003846
3936.301714718340000	 0.023341722934599
3936.534673333170000	 0.023400207498880
3936.767631947990000	 0.023391576230676
3937.000590562820000	 0.023345476434874
3937.233549177650000	 0.023308880094704
3937.466507792470000	 0.023320759497697
3937.699466407300000	 0.023391124897344
3937.932425022130000	 0.023496231819677
3938.165383636950000	 0.023592744323187
3938.398342251780000	 0.023642956285148
3938.631300866600000	 0.023636785383697
3938.864259481430000	 0.023597815630918
3939.097218096260000	 0.023569616532960
3939.330176711080000	 0.023590033516070
3939.563135325910000	 0.023668370786011
3939.796093940730000	 0.023778918859356
3940.029052555560000	 0.023874903549166
3940.262011170390000	 0.023915106446799
3940.494969785210000	 0.023887915706569
3940.727928400040000	 0.023818803905236
3940.960887014870000	 0.023756740241614
3941.193845629690000	 0.023747401975665
3941.426804244520000	 0.023808818643798
3941.659762859340000	 0.023923555112954
3941.892721474170000	 0.024051746668217
3942.125680089000000	 0.024157033983639
3942.358638703820000	 0.024229655352754
3942.591597318650000	 0.024292142334926
3942.824555933480000	 0.024382971834666
3943.057514548300000	 0.024526798313953
3943.290473163130000	 0.024708755887601
3943.523431777950000	 0.024869384043087
3943.756390392780000	 0.024926246620640
3943.989349007610000	 0.024813591457968
3944.222307622430000	 0.024519960176079
3944.455266237260000	 0.024102325114093
3944.688224852090000	 0.023666705397249
3944.921183466910000	 0.023324032619209
3945.154142081740000	 0.023144408576526
3945.387100696560000	 0.023133033944316
3945.620059311390000	 0.023237741272417
3945.853017926220000	 0.023381016081058
3946.085976541040000	 0.023498494972330
3946.318935155870000	 0.023565148226152
3946.551893770690000	 0.023598276372918
3946.784852385520000	 0.023638781460673
3947.017811000350000	 0.023723065668096
3947.250769615170000	 0.023861739273023
3947.483728230000000	 0.024035968487411
3947.716686844830000	 0.024211161089739
3947.949645459650000	 0.024357663890579
3948.182604074480000	 0.024465023820827
3948.415562689300000	 0.024541491669152
3948.648521304130000	 0.024600402635890
3948.881479918960000	 0.024643733459399
3949.114438533780000	 0.024655075847318
3949.347397148610000	 0.024608045212448
3949.580355763440000	 0.024485557109143
3949.813314378260000	 0.024297332021754
3950.046272993090000	 0.024082974054276
3950.279231607910000	 0.023896411527924
3950.512190222740000	 0.023779169317834
3950.745148837570000	 0.023737467631451
3950.978107452390000	 0.023736883040948
3951.211066067220000	 0.023719071837450
3951.444024682050000	 0.023632944136120
3951.676983296870000	 0.023464053472136
3951.909941911700000	 0.023245728813518
3952.142900526520000	 0.023044714141457
3952.375859141350000	 0.022928346970600
3952.608817756180000	 0.022931032241297
3952.841776371000000	 0.023037988808794
3953.074734985830000	 0.023194114151927
3953.307693600660000	 0.023332097228516
3953.540652215480000	 0.023404420292890
3953.773610830310000	 0.023402860831507
3954.006569445130000	 0.023356338540078
3954.239528059960000	 0.023309732973253
3954.472486674790000	 0.023296575308369
3954.705445289610000	 0.023321434138433
3954.938403904440000	 0.023361457191158
3955.171362519260000	 0.023384766983793
3955.404321134090000	 0.023373476628017
3955.637279748920000	 0.023336831980509
3955.870238363740000	 0.023306444228349
3956.103196978570000	 0.023316706108894
3956.336155593400000	 0.023382563824140
3956.569114208220000	 0.023488398105411
3956.802072823050000	 0.023595031530333
3957.035031437870000	 0.023661026006531
3957.267990052700000	 0.023665888287715
3957.500948667530000	 0.023621461330698
3957.733907282350000	 0.023564508214362
3957.966865897180000	 0.023534591375344
3958.199824512000000	 0.023550281368460
3958.432783126830000	 0.023597932882113
3958.665741741660000	 0.023639881482882
3958.898700356480000	 0.023637420997552
3959.131658971310000	 0.023575134226558
3959.364617586140000	 0.023472136410345
3959.597576200960000	 0.023373224203346
3959.830534815790000	 0.023324668563486
3960.063493430610000	 0.023348539173767
3960.296452045440000	 0.023430411959399
3960.529410660270000	 0.023527544474769
3960.762369275090000	 0.023592866779191
3960.995327889920000	 0.023601194920990
3961.228286504750000	 0.023562791898517
3961.461245119570000	 0.023516495098763
3961.694203734400000	 0.023506316420201
3961.927162349220000	 0.023555023639343
3962.160120964050000	 0.023649912705637
3962.393079578880000	 0.023748770407580
3962.626038193700000	 0.023802410478662
3962.858996808530000	 0.023780941707029
3963.091955423360000	 0.023689061074113
3963.324914038180000	 0.023562037481042
3963.557872653010000	 0.023445213825793
3963.790831267830000	 0.023369437440782
3964.023789882660000	 0.023336911215448
3964.256748497490000	 0.023325138553161
3964.489707112310000	 0.023305350074082
3964.722665727140000	 0.023263211865245
3964.955624341960000	 0.023208753530154
3965.188582956790000	 0.023169439113627
3965.421541571620000	 0.023170795476201
3965.654500186440000	 0.023216813982924
3965.887458801270000	 0.023282816001349
3966.120417416100000	 0.023326244718055
3966.353376030920000	 0.023310094164939
3966.586334645750000	 0.023225695465787
3966.819293260570000	 0.023101146529617
3967.052251875400000	 0.022989391851766
3967.285210490230000	 0.022941645537139
3967.518169105050000	 0.022980629951810
3967.751127719880000	 0.023088571621665
3967.984086334710000	 0.023216709952746
3968.217044949530000	 0.023311099244755
3968.450003564360000	 0.023340536761022
3968.682962179180000	 0.023311375390986
3968.915920794010000	 0.023261339253523
3969.148879408840000	 0.023236271675997
3969.381838023660000	 0.023263328875780
3969.614796638490000	 0.023335858932086
3969.847755253320000	 0.023418131704436
3970.080713868140000	 0.023466568430433
3970.313672482970000	 0.023454875851465
3970.546631097790000	 0.023388610827102
3970.779589712620000	 0.023301113474627
3971.012548327450000	 0.023233782560325
3971.245506942270000	 0.023212825189206
3971.478465557100000	 0.023236306075180
3971.711424171920000	 0.023278616076532
3971.944382786750000	 0.023308757274028
3972.177341401580000	 0.023310708185189
3972.410300016400000	 0.023293242449846
3972.643258631230000	 0.023283224186669
3972.876217246060000	 0.023306624872566
3973.109175860880000	 0.023369222017015
3973.342134475710000	 0.023449414500657
3973.575093090530000	 0.023508414840482
3973.808051705360000	 0.023512510550996
3974.041010320190000	 0.023454410879728
3974.273968935010000	 0.023360554202995
3974.506927549840000	 0.023279038095817
3974.739886164670000	 0.023254231905201
3974.972844779490000	 0.023302307184861
3975.205803394320000	 0.023401741080893
3975.438762009140000	 0.023504371516377
3975.671720623970000	 0.023560930492320
3975.904679238800000	 0.023546851724738
3976.137637853620000	 0.023473981354766
3976.370596468450000	 0.023381741030319
3976.603555083270000	 0.023313038635750
3976.836513698100000	 0.023289073226843
3977.069472312930000	 0.023297762762764
3977.302430927750000	 0.023302411081893
3977.535389542580000	 0.023265330218344
3977.768348157410000	 0.023172433271409
3978.001306772230000	 0.023044227409288
3978.234265387060000	 0.022926505503086
3978.467224001880000	 0.022865933273913
3978.700182616710000	 0.022884658629308
3978.933141231540000	 0.022968589384298
3979.166099846360000	 0.023075861006086
3979.399058461190000	 0.023160321712056
3979.632017076020000	 0.023196450914804
3979.864975690840000	 0.023191557193047
3980.097934305670000	 0.023178538477989
3980.330892920490000	 0.023193795134119
3980.563851535320000	 0.023253589926564
3980.796810150150000	 0.023343000168376
3981.029768764970000	 0.023424022739187
3981.262727379800000	 0.023457975676160
3981.495685994630000	 0.023428874468402
3981.728644609450000	 0.023353811953428
3981.961603224280000	 0.023273920510626
3982.194561839100000	 0.023230967670232
3982.427520453930000	 0.023243275033483
3982.660479068760000	 0.023295166243276
3982.893437683580000	 0.023346204540183
3983.126396298410000	 0.023354915980191
3983.359354913240000	 0.023303296885616
3983.592313528060000	 0.023207892565185
3983.825272142890000	 0.023110907619087
3984.058230757710000	 0.023056412921605
3984.291189372540000	 0.023065501376784
3984.524147987370000	 0.023124846526115
3984.757106602190000	 0.023195132959325
3984.990065217020000	 0.023234163017127
3985.223023831840000	 0.023221021831569
3985.455982446670000	 0.023167243561822
3985.688941061500000	 0.023108617783274
3985.921899676320000	 0.023082711916462
3986.154858291150000	 0.023105679133737
3986.387816905980000	 0.023162327005758
3986.620775520800000	 0.023215463933679
3986.853734135630000	 0.023229035232747
3987.086692750450000	 0.023191295642190
3987.319651365280000	 0.023123999448294
3987.552609980110000	 0.023071573509685
3987.785568594930000	 0.023076027993074
3988.018527209760000	 0.023152034084577
3988.251485824590000	 0.023276822814445
3988.484444439410000	 0.023401118356985
3988.717403054240000	 0.023475262074766
3988.950361669060000	 0.023475982817080
3989.183320283890000	 0.023418759044953
3989.416278898720000	 0.023348715228485
3989.649237513540000	 0.023315140502468
3989.882196128370000	 0.023344066413237
3990.115154743190000	 0.023424323496978
3990.348113358020000	 0.023514566170878
3990.581071972850000	 0.023566752951315
3990.814030587670000	 0.023552469342594
3991.046989202500000	 0.023477256432822
3991.279947817330000	 0.023375281286129
3991.512906432150000	 0.023288173341190
3991.745865046980000	 0.023240988336341
3991.978823661800000	 0.023229574243274
3992.211782276630000	 0.023226369669451
3992.444740891460000	 0.023200410805009
3992.677699506280000	 0.023138875593059
3992.910658121110000	 0.023056780036632
3993.143616735930000	 0.022988803902830
3993.376575350760000	 0.022968255835442
3993.609533965590000	 0.023006170620171
3993.842492580410000	 0.023083531000956
3994.075451195240000	 0.023161685699225
3994.308409810070000	 0.023205071757632
3994.541368424890000	 0.023202800082263
3994.774327039720000	 0.023175894606201
3995.007285654540000	 0.023165076770100
3995.240244269370000	 0.023205541215563
3995.473202884200000	 0.023303339726764
3995.706161499020000	 0.023427614440826
3995.939120113850000	 0.023524051753856
3996.172078728680000	 0.023542802181597
3996.405037343500000	 0.023465667681095
3996.637995958330000	 0.023317303602872
3996.870954573150000	 0.023153755985057
3997.103913187980000	 0.023034346938168
3997.336871802810000	 0.022992439272590
3997.569830417630000	 0.023021127514452
3997.802789032460000	 0.023081107127085
3998.035747647290000	 0.023125330622863
3998.268706262110000	 0.023125959175948
3998.501664876940000	 0.023088409087749
3998.734623491760000	 0.023045074860402
3998.967582106590000	 0.023033175281749
3999.200540721420000	 0.023070340607405
3999.433499336240000	 0.023142610776530
3999.666457951070000	 0.023211864385028
3999.899416565900000	 0.023238070875082
