DATATYPE	 IR Spectrum
XYUNITS	 Wavenumber;Absorbance
DECIMALSYMBOL	 .
649.954535365105000	 0.061341024998239
650.187493979931000	 0.061208484408561
650.420452594757000	 0.061299789796229
650.653411209583000	 0.061575765261199
650.886369824409000	 0.061928316742654
651.119328439236000	 0.062231275950713
651.352287054062000	 0.062401545332233
651.585245668888000	 0.062436198965083
651.818204283714000	 0.062401794626481
652.051162898541000	 0.062381624757591
652.284121513367000	 0.062413016008451
652.517080128193000	 0.062451092393510
652.750038743019000	 0.062379800161860
652.982997357845000	 0.062067139818427
653.215955972672000	 0.061437859501992
653.448914587498000	 0.060523807482957
653.681873202324000	 0.059462476027491
653.914831817150000	 0.058445150931814
654.147790431976000	 0.057643942178996
654.380749046803000	 0.057152677122431
654.613707661629000	 0.056964068647848
654.846666276455000	 0.056988158564747
655.079624891281000	 0.057100685520423
655.312583506107000	 0.057197166629517
655.545542120934000	 0.057226623508972
655.778500735760000	 0.057192789003076
656.011459350586000	 0.057130994610476
656.244417965412000	 0.057080200001937
656.477376580238000	 0.057066330038346
656.710335195065000	 0.057101416459462
656.943293809891000	 0.057191576679331
657.176252424717000	 0.057341780276826
657.409211039543000	 0.057549474332315
657.642169654369000	 0.057789607932988
657.875128269196000	 0.058002765485722
658.108086884022000	 0.058099748886259
658.341045498848000	 0.057988827460978
658.574004113674000	 0.057618408417923
658.806962728500000	 0.057014353166992
659.039921343327000	 0.056288154369036
659.272879958153000	 0.055606067127299
659.505838572979000	 0.055131554726220
659.738797187805000	 0.054967128038048
659.971755802631000	 0.055119715621962
660.204714417458000	 0.055502235188679
660.437673032284000	 0.055969863635722
660.670631647110000	 0.056375062258609
660.903590261936000	 0.056615908475108
661.136548876762000	 0.056656261181563
661.369507491589000	 0.056513803055769
661.602466106415000	 0.056230232625320
661.835424721241000	 0.055844154094666
662.068383336067000	 0.055380480247441
662.301341950893000	 0.054857402575789
662.534300565720000	 0.054300696904552
662.767259180546000	 0.053751242201667
663.000217795372000	 0.053257582460275
663.233176410198000	 0.052856804717921
663.466135025024000	 0.052555477935324
663.699093639851000	 0.052323012733639
663.932052254677000	 0.052103507602085
664.165010869503000	 0.051842135366168
664.397969484329000	 0.051512731904731
664.630928099155000	 0.051130648002498
664.863886713982000	 0.050742696515193
665.096845328808000	 0.050399555675738
665.329803943634000	 0.050125910312739
665.562762558460000	 0.049904562710529
665.795721173286000	 0.049683451553829
666.028679788113000	 0.049402633911836
666.261638402939000	 0.049027915697502
666.494597017765000	 0.048576111118186
666.727555632591000	 0.048124794161542
666.960514247417000	 0.047807883301201
667.193472862244000	 0.047796278221366
667.426431477070000	 0.048248046888974
667.659390091896000	 0.049206652692630
667.892348706722000	 0.050484123067674
668.125307321548000	 0.051682839295108
668.358265936375000	 0.052439200817755
668.591224551201000	 0.052648912592563
668.824183166027000	 0.052435972204655
669.057141780853000	 0.051986885153913
669.290100395679000	 0.051443587481535
669.523059010506000	 0.050883681081176
669.756017625332000	 0.050340531580896
669.988976240158000	 0.049828883901683
670.221934854984000	 0.049362466641435
670.454893469810000	 0.048959713556879
670.687852084637000	 0.048639028744076
670.920810699463000	 0.048409317843521
671.153769314289000	 0.048263074982638
671.386727929115000	 0.048177089167414
671.619686543942000	 0.048121305106980
671.852645158768000	 0.048071618213527
672.085603773594000	 0.048019404265414
672.318562388420000	 0.047971679461239
672.551521003246000	 0.047941360579262
672.784479618072000	 0.047933492180276
673.017438232899000	 0.047935806267705
673.250396847725000	 0.047919479258150
673.483355462551000	 0.047850618005418
673.716314077377000	 0.047707217872159
673.949272692204000	 0.047492496548716
674.182231307030000	 0.047236617509131
674.415189921856000	 0.046985452458850
674.648148536682000	 0.046782672012589
674.881107151508000	 0.046654400067709
675.114065766335000	 0.046602981136228
675.347024381161000	 0.046611342725827
675.579982995987000	 0.046654807277123
675.812941610813000	 0.046714154998219
676.045900225639000	 0.046783398083754
676.278858840466000	 0.046868885351544
676.511817455292000	 0.046981342405028
676.744776070118000	 0.047125854888849
676.977734684944000	 0.047294846719392
677.210693299770000	 0.047466777234726
677.443651914597000	 0.047610372096792
677.676610529423000	 0.047691925215932
677.909569144249000	 0.047682485340688
678.142527759075000	 0.047563020846883
678.375486373901000	 0.047327896035103
678.608444988728000	 0.046988006894780
678.841403603554000	 0.046573509816329
679.074362218380000	 0.046133460472985
679.307320833206000	 0.045728739320983
679.540279448032000	 0.045417431963057
679.773238062859000	 0.045237097863566
680.006196677685000	 0.045191860697303
680.239155292511000	 0.045250872329873
680.472113907337000	 0.045359606092965
680.705072522163000	 0.045460006096603
680.938031136990000	 0.045511759915268
681.170989751816000	 0.045505643805037
681.403948366642000	 0.045462359239119
681.636906981468000	 0.045417053788128
681.869865596294000	 0.045397555037918
682.102824211121000	 0.045407821307359
682.335782825947000	 0.045424995009655
682.568741440773000	 0.045411322006400
682.801700055599000	 0.045334948284157
683.034658670426000	 0.045188963247718
683.267617285252000	 0.044998293533463
683.500575900078000	 0.044810222306937
683.733534514904000	 0.044673483303736
683.966493129730000	 0.044616977774463
684.199451744556000	 0.044638511656722
684.432410359383000	 0.044708184405584
684.665368974209000	 0.044784018909731
684.898327589035000	 0.044831858258673
685.131286203861000	 0.044839505744949
685.364244818687000	 0.044818203125732
685.597203433514000	 0.044791781546456
685.830162048340000	 0.044780588754627
686.063120663166000	 0.044789250080805
686.296079277992000	 0.044804128831179
686.529037892818000	 0.044800745971939
686.761996507645000	 0.044756313713199
686.994955122471000	 0.044660165175919
687.227913737297000	 0.044516617145589
687.460872352123000	 0.044339846436775
687.693830966949000	 0.044145269046275
687.926789581776000	 0.043943378900117
688.159748196602000	 0.043739583135948
688.392706811428000	 0.043539286487770
688.625665426254000	 0.043353901342323
688.858624041080000	 0.043202637556189
689.091582655907000	 0.043107542257191
689.324541270733000	 0.043083699627834
689.557499885559000	 0.043129705417166
689.790458500385000	 0.043223653971058
690.023417115211000	 0.043327424940550
690.256375730038000	 0.043398449998676
690.489334344864000	 0.043404580443064
690.722292959690000	 0.043335697277413
690.955251574516000	 0.043206982853170
691.188210189343000	 0.043053064473655
691.421168804169000	 0.042916589581219
691.654127418995000	 0.042836249276171
691.887086033821000	 0.042837771600056
692.120044648647000	 0.042929096848092
692.353003263474000	 0.043099508757059
692.585961878300000	 0.043322043781760
692.818920493126000	 0.043558448591429
693.051879107952000	 0.043766011497753
693.284837722778000	 0.043905708393768
693.517796337605000	 0.043950938535091
693.750754952431000	 0.043895208160305
693.983713567257000	 0.043755770926654
694.216672182083000	 0.043570011209873
694.449630796909000	 0.043383817869898
694.682589411736000	 0.043235664238968
694.915548026562000	 0.043143341520545
695.148506641388000	 0.043099498771875
695.381465256214000	 0.043077867385251
695.614423871040000	 0.043047122170828
695.847382485867000	 0.042986011749389
696.080341100693000	 0.042892702037798
696.313299715519000	 0.042783812040928
696.546258330345000	 0.042683894179269
696.779216945171000	 0.042611378135292
697.012175559998000	 0.042568763923602
697.245134174824000	 0.042542105038809
697.478092789650000	 0.042509663637844
697.711051404476000	 0.042454904711913
697.944010019302000	 0.042376707573262
698.176968634128000	 0.042290980970609
698.409927248955000	 0.042222607468623
698.642885863781000	 0.042192249882989
698.875844478607000	 0.042205314808875
699.108803093433000	 0.042248694750466
699.341761708260000	 0.042296463003453
699.574720323086000	 0.042321247812527
699.807678937912000	 0.042305474851518
700.040637552738000	 0.042247021763164
700.273596167564000	 0.042157105422291
700.506554782391000	 0.042052730155290
700.739513397217000	 0.041948840479322
700.972472012043000	 0.041854641123268
701.205430626869000	 0.041775192235780
701.438389241695000	 0.041715779960432
701.671347856522000	 0.041684869885358
701.904306471348000	 0.041692600018092
702.137265086174000	 0.041745057367252
702.370223701000000	 0.041837842803691
702.603182315826000	 0.041953426255795
702.836140930653000	 0.042064941751302
703.069099545479000	 0.042145592473288
703.302058160305000	 0.042179569090461
703.535016775131000	 0.042168975717432
703.767975389957000	 0.042132816153782
704.000934004784000	 0.042098269407575
704.233892619610000	 0.042088840267027
704.466851234436000	 0.042115520915363
704.699809849262000	 0.042174941480299
704.932768464088000	 0.042254348714066
705.165727078915000	 0.042339662890477
705.398685693741000	 0.042421573515213
705.631644308567000	 0.042496255374804
705.864602923393000	 0.042561031233881
706.097561538219000	 0.042608896210741
706.330520153046000	 0.042626773722296
706.563478767872000	 0.042599990604084
706.796437382698000	 0.042521247903582
707.029395997524000	 0.042398810768314
707.262354612350000	 0.042257963559446
707.495313227177000	 0.042132961847667
707.728271842003000	 0.042052400638325
707.961230456829000	 0.042025504459230
708.194189071655000	 0.042037077324885
708.427147686482000	 0.042054556439443
708.660106301308000	 0.042044389377494
708.893064916134000	 0.041989896606913
709.126023530960000	 0.041901283931989
709.358982145786000	 0.041811857068873
709.591940760612000	 0.041761739250837
709.824899375439000	 0.041777452414954
710.057857990265000	 0.041858079072644
710.290816605091000	 0.041975156655849
710.523775219917000	 0.042086462546969
710.756733834744000	 0.042156990068166
710.989692449570000	 0.042176601825860
711.222651064396000	 0.042165135110896
711.455609679222000	 0.042162195919746
711.688568294048000	 0.042207139316916
711.921526908875000	 0.042319666427748
712.154485523701000	 0.042490406302758
712.387444138527000	 0.042685278411149
712.620402753353000	 0.042860716526703
712.853361368179000	 0.042981891057725
713.086319983006000	 0.043035014524333
713.319278597832000	 0.043028508210027
713.552237212658000	 0.042984389066238
713.785195827484000	 0.042926494373237
714.018154442310000	 0.042872782462674
714.251113057137000	 0.042835110822576
714.484071671963000	 0.042824500131800
714.717030286789000	 0.042856228735475
714.949988901615000	 0.042949250265455
715.182947516441000	 0.043118338848733
715.415906131268000	 0.043362588322587
715.648864746094000	 0.043657052011312
715.881823360920000	 0.043953578566156
716.114781975746000	 0.044192828260141
716.347740590572000	 0.044323913577501
716.580699205399000	 0.044323508840898
716.813657820225000	 0.044205349156250
717.046616435051000	 0.044015281653908
717.279575049877000	 0.043814422294013
717.512533664703000	 0.043658703762515
717.745492279530000	 0.043583717925917
717.978450894356000	 0.043599836159510
718.211409509182000	 0.043697169408041
718.444368124008000	 0.043855726910713
718.677326738834000	 0.044054682697447
718.910285353661000	 0.044276438420364
719.143243968487000	 0.044505175798785
719.376202583313000	 0.044723355629269
719.609161198139000	 0.044910771758534
719.842119812965000	 0.045048708660350
720.075078427792000	 0.045127795224537
720.308037042618000	 0.045154677832436
720.540995657444000	 0.045152115773286
720.773954272270000	 0.045150537056006
721.006912887096000	 0.045174559122844
721.239871501923000	 0.045231577934363
721.472830116749000	 0.045308729644010
721.705788731575000	 0.045380120655735
721.938747346401000	 0.045420941407888
722.171705961227000	 0.045421489975730
722.404664576054000	 0.045393905558446
722.637623190880000	 0.045367966226567
722.870581805706000	 0.045378023158151
723.103540420532000	 0.045447757877702
723.336499035358000	 0.045580303232475
723.569457650185000	 0.045758200545878
723.802416265011000	 0.045952605879151
724.035374879837000	 0.046136621918283
724.268333494663000	 0.046295775540995
724.501292109489000	 0.046430566025990
724.734250724316000	 0.046550724835881
724.967209339142000	 0.046665487282765
725.200167953968000	 0.046775971115837
725.433126568794000	 0.046873943982689
725.666085183620000	 0.046947247338984
725.899043798447000	 0.046988251187983
726.132002413273000	 0.047000054447466
726.364961028099000	 0.046996689351676
726.597919642925000	 0.046997375904094
726.830878257751000	 0.047018403695628
727.063836872578000	 0.047067283661737
727.296795487404000	 0.047142046252897
727.529754102230000	 0.047235309087982
727.762712717056000	 0.047339934828768
727.995671331882000	 0.047452334083299
728.228629946709000	 0.047571238877393
728.461588561535000	 0.047693015817254
728.694547176361000	 0.047807186731210
728.927505791187000	 0.047896076547089
729.160464406013000	 0.047940220822709
729.393423020840000	 0.047927583845259
729.626381635666000	 0.047861775751454
729.859340250492000	 0.047764221420553
730.092298865318000	 0.047668174570994
730.325257480145000	 0.047606940015339
730.558216094971000	 0.047601815668403
730.791174709797000	 0.047655292054361
731.024133324623000	 0.047752285709132
731.257091939449000	 0.047868272829682
731.490050554276000	 0.047979950319109
731.723009169102000	 0.048073033026756
731.955967783928000	 0.048143712005062
732.188926398754000	 0.048194174974486
732.421885013580000	 0.048226010548059
732.654843628407000	 0.048236177817887
732.887802243233000	 0.048218218992172
733.120760858059000	 0.048167892294995
733.353719472885000	 0.048089436636903
733.586678087711000	 0.047998007237916
733.819636702538000	 0.047915982145427
734.052595317364000	 0.047864523778083
734.285553932190000	 0.047854586098816
734.518512547016000	 0.047881847472465
734.751471161842000	 0.047927960671216
734.984429776669000	 0.047967362241676
735.217388391495000	 0.047976213631967
735.450347006321000	 0.047939180238519
735.683305621147000	 0.047851297434714
735.916264235973000	 0.047715293231530
736.149222850800000	 0.047537376313863
736.382181465626000	 0.047324898368735
736.615140080452000	 0.047087354521344
736.848098695278000	 0.046839329559410
737.081057310104000	 0.046602137100647
737.314015924931000	 0.046401318060725
737.546974539757000	 0.046259715743992
737.779933154583000	 0.046188881087459
738.012891769409000	 0.046183077673359
738.245850384235000	 0.046219278319662
738.478808999062000	 0.046263874998011
738.711767613888000	 0.046283673645077
738.944726228714000	 0.046256520189783
739.177684843540000	 0.046176853263020
739.410643458366000	 0.046054010289191
739.643602073193000	 0.045904970454698
739.876560688019000	 0.045745990087260
740.109519302845000	 0.045587579722356
740.342477917671000	 0.045434750898548
740.575436532497000	 0.045291125567894
740.808395147324000	 0.045163252710788
741.041353762150000	 0.045061542438134
741.274312376976000	 0.044996584097043
741.507270991802000	 0.044972805124485
741.740229606629000	 0.044983400178224
741.973188221455000	 0.045010033712815
742.206146836281000	 0.045028341910600
742.439105451107000	 0.045017079867535
742.672064065933000	 0.044966487798027
742.905022680759000	 0.044881444702987
743.137981295586000	 0.044777581165706
743.370939910412000	 0.044672384502704
743.603898525238000	 0.044576054879907
743.836857140064000	 0.044486838424883
744.069815754890000	 0.044393011949294
744.302774369717000	 0.044280167433613
744.535732984543000	 0.044139718508428
744.768691599369000	 0.043973997896762
745.001650214195000	 0.043795343795338
745.234608829021000	 0.043620085176567
745.467567443848000	 0.043461154555676
745.700526058674000	 0.043323493733821
745.933484673500000	 0.043204455197868
746.166443288326000	 0.043098397905272
746.399401903152000	 0.043002321734312
746.632360517979000	 0.042918912052669
746.865319132805000	 0.042855038275555
747.098277747631000	 0.042816593505892
747.331236362457000	 0.042802836886938
747.564194977283000	 0.042803769845399
747.797153592110000	 0.042802433738299
748.030112206936000	 0.042781327244514
748.263070821762000	 0.042729823773295
748.496029436588000	 0.042648798896793
748.728988051414000	 0.042550140015707
748.961946666241000	 0.042451588259800
749.194905281067000	 0.042369730369782
749.427863895893000	 0.042314548455982
749.660822510719000	 0.042287657125662
749.893781125546000	 0.042284179367739
750.126739740372000	 0.042296377974999
750.359698355198000	 0.042316589730872
750.592656970024000	 0.042337939562510
750.825615584850000	 0.042353106213125
751.058574199677000	 0.042352878014018
751.291532814503000	 0.042326421863460
751.524491429329000	 0.042263994079115
751.757450044155000	 0.042161006382750
751.990408658981000	 0.042021087286752
752.223367273808000	 0.041855981715405
752.456325888634000	 0.041681846388840
752.689284503460000	 0.041513661646627
752.922243118286000	 0.041360643561445
753.155201733112000	 0.041224974753907
753.388160347939000	 0.041104287836605
753.621118962765000	 0.040996225166145
753.854077577591000	 0.040902202020084
754.087036192417000	 0.040827929707233
754.319994807243000	 0.040780172011447
754.552953422070000	 0.040761517872868
754.785912036896000	 0.040766250635734
755.018870651722000	 0.040779944510966
755.251829266548000	 0.040783526337307
755.484787881374000	 0.040760183111893
755.717746496201000	 0.040701850097568
755.950705111027000	 0.040612046970354
756.183663725853000	 0.040503698860736
756.416622340679000	 0.040393244982521
756.649580955505000	 0.040294152368398
756.882539570332000	 0.040212914035826
757.115498185158000	 0.040148981536994
757.348456799984000	 0.040097925004423
757.581415414810000	 0.040055552021386
757.814374029636000	 0.040020497504017
758.047332644463000	 0.039993997944430
758.280291259289000	 0.039977432382756
758.513249874115000	 0.039969558635957
758.746208488941000	 0.039965407156486
758.979167103767000	 0.039957623818175
759.212125718593000	 0.039939460078099
759.445084333420000	 0.039907538093715
759.678042948246000	 0.039862629070043
759.911001563072000	 0.039807965341502
760.143960177898000	 0.039746251720452
760.376918792725000	 0.039677431569523
760.609877407551000	 0.039598804505504
760.842836022377000	 0.039507598514314
761.075794637203000	 0.039404477778649
761.308753252029000	 0.039295682392250
761.541711866856000	 0.039192101350704
761.774670481682000	 0.039105335031787
762.007629096508000	 0.039042655920020
762.240587711334000	 0.039003534760744
762.473546326160000	 0.038979617066822
762.706504940987000	 0.038958234984015
762.939463555813000	 0.038927717668752
763.172422170639000	 0.038881837605807
763.405380785465000	 0.038821216686219
763.638339400291000	 0.038751235995395
763.871298015118000	 0.038677977990484
764.104256629944000	 0.038604748129428
764.337215244770000	 0.038531174851618
764.570173859596000	 0.038455194217661
764.803132474422000	 0.038376437814183
765.036091089249000	 0.038298682584680
765.269049704075000	 0.038229594166278
765.502008318901000	 0.038177692509283
765.734966933727000	 0.038148242366226
765.967925548553000	 0.038140484705498
766.200884163380000	 0.038147857202906
766.433842778206000	 0.038161118934848
766.666801393032000	 0.038172610203317
766.899760007858000	 0.038179186373317
767.132718622684000	 0.038182116687883
767.365677237511000	 0.038184091149452
767.598635852337000	 0.038185333916045
767.831594467163000	 0.038181485874493
768.064553081989000	 0.038164942841233
768.297511696815000	 0.038129277450039
768.530470311642000	 0.038074381501930
768.763428926468000	 0.038009182312469
768.996387541294000	 0.037949805883396
769.229346156120000	 0.037913481929402
769.462304770947000	 0.037910949371983
769.695263385773000	 0.037941137923734
769.928222000599000	 0.037990894786562
770.161180615425000	 0.038040095044438
770.394139230251000	 0.038069855811027
770.627097845078000	 0.038070017331322
770.860056459904000	 0.038042388466679
771.093015074730000	 0.037998430183962
771.325973689556000	 0.037952921162516
771.558932304382000	 0.037917065522490
771.791890919209000	 0.037894449014427
772.024849534035000	 0.037881448842279
772.257808148861000	 0.037871257233903
772.490766763687000	 0.037858862925088
772.723725378513000	 0.037844047971682
772.956683993340000	 0.037830824980389
773.189642608166000	 0.037823943447268
773.422601222992000	 0.037824802624447
773.655559837818000	 0.037829361011828
773.888518452644000	 0.037829403567415
774.121477067471000	 0.037816584678646
774.354435682297000	 0.037787072212976
774.587394297123000	 0.037744247401072
774.820352911949000	 0.037697992094689
775.053311526775000	 0.037660970120852
775.286270141602000	 0.037643835699528
775.519228756428000	 0.037651645200342
775.752187371254000	 0.037682889528285
775.985145986080000	 0.037731124039579
776.218104600906000	 0.037787941342464
776.451063215733000	 0.037845609032939
776.684021830559000	 0.037898243500307
776.916980445385000	 0.037941515861203
777.149939060211000	 0.037971832636722
777.382897675037000	 0.037986102582770
777.615856289864000	 0.037982550778101
777.848814904690000	 0.037962067976949
778.081773519516000	 0.037928977091318
778.314732134342000	 0.037890313037335
778.547690749168000	 0.037853643470648
778.780649363995000	 0.037824469734811
779.013607978821000	 0.037804625259246
779.246566593647000	 0.037792569395324
779.479525208473000	 0.037785382682329
779.712483823299000	 0.037781250035164
779.945442438126000	 0.037780879021856
780.178401052952000	 0.037786906689017
780.411359667778000	 0.037801607073867
780.644318282604000	 0.037824353803207
780.877276897430000	 0.037850569234155
781.110235512257000	 0.037873105621536
781.343194127083000	 0.037885597528585
781.576152741909000	 0.037886070396126
781.809111356735000	 0.037878714749430
782.042069971561000	 0.037872572774500
782.275028586388000	 0.037877573517776
782.507987201214000	 0.037899908881743
782.740945816040000	 0.037939191067551
782.973904430866000	 0.037988914333483
783.206863045692000	 0.038040011037667
783.439821660519000	 0.038085656168217
783.672780275345000	 0.038124754779065
783.905738890171000	 0.038162169088185
784.138697504997000	 0.038205468453691
784.371656119823000	 0.038259883044570
784.604614734650000	 0.038324111909781
784.837573349476000	 0.038389173331530
785.070531964302000	 0.038440940823950
785.303490579128000	 0.038465224358146
785.536449193954000	 0.038453086581349
785.769407808781000	 0.038404080872718
786.002366423607000	 0.038326256031494
786.235325038433000	 0.038233411738860
786.468283653259000	 0.038141220227103
786.701242268085000	 0.038063865937287
786.934200882912000	 0.038012006964010
787.167159497738000	 0.037991863329108
787.400118112564000	 0.038004756605094
787.633076727390000	 0.038046667979655
787.866035342216000	 0.038108044366286
788.098993957043000	 0.038174598928434
788.331952571869000	 0.038229772095672
788.564911186695000	 0.038258780684637
788.797869801521000	 0.038253141093218
789.030828416348000	 0.038213812635051
789.263787031174000	 0.038151250084650
789.496745646000000	 0.038081861778916
789.729704260826000	 0.038022126268578
789.962662875652000	 0.037982900700138
790.195621490479000	 0.037966434476513
790.428580105305000	 0.037967275536309
790.661538720131000	 0.037976370024115
790.894497334957000	 0.037986169317684
791.127455949783000	 0.037994177800374
791.360414564610000	 0.038003296422655
791.593373179436000	 0.038019082447762
791.826331794262000	 0.038045676608891
792.059290409088000	 0.038082718564923
792.292249023914000	 0.038124829919514
792.525207638740000	 0.038163723938157
792.758166253567000	 0.038191593910409
792.991124868393000	 0.038203879167485
793.224083483219000	 0.038200067229394
793.457042098045000	 0.038182495412066
793.690000712872000	 0.038154330254262
793.922959327698000	 0.038118244439396
794.155917942524000	 0.038076594946472
794.388876557350000	 0.038032660617783
794.621835172176000	 0.037991583112458
794.854793787003000	 0.037959723352013
795.087752401829000	 0.037942224668855
795.320711016655000	 0.037939992834687
795.553669631481000	 0.037948086240320
795.786628246307000	 0.037957045480956
796.019586861134000	 0.037957145589927
796.252545475960000	 0.037943740215681
796.485504090786000	 0.037920814278692
796.718462705612000	 0.037900335097025
796.951421320438000	 0.037897005731734
797.184379935265000	 0.037920594680911
797.417338550091000	 0.037969628144088
797.650297164917000	 0.038029876422862
797.883255779743000	 0.038078906895654
798.116214394569000	 0.038095085694198
798.349173009396000	 0.038067115154063
798.582131624222000	 0.037999618350665
798.815090239048000	 0.037911933346752
799.048048853874000	 0.037830532800535
799.281007468700000	 0.037778610408768
799.513966083527000	 0.037767608348262
799.746924698353000	 0.037794253508146
799.979883313179000	 0.037843893583481
800.212841928005000	 0.037898047345113
800.445800542831000	 0.037942379968275
800.678759157658000	 0.037971487002664
800.911717772484000	 0.037988790067559
801.144676387310000	 0.038002453706203
801.377635002136000	 0.038020057808271
801.610593616962000	 0.038044894146282
801.843552231789000	 0.038075382725262
802.076510846615000	 0.038107192568004
802.309469461441000	 0.038136278717779
802.542428076267000	 0.038160875198019
802.775386691094000	 0.038181483376036
803.008345305920000	 0.038199354512162
803.241303920746000	 0.038214917639157
803.474262535572000	 0.038227477824918
803.707221150398000	 0.038236477046547
803.940179765224000	 0.038243397586139
804.173138380051000	 0.038252799356031
804.406096994877000	 0.038271429518103
804.639055609703000	 0.038305570953839
804.872014224529000	 0.038358003044731
805.104972839355000	 0.038426326392217
805.337931454182000	 0.038503706663087
805.570890069008000	 0.038581749117105
805.803848683834000	 0.038653996751099
806.036807298660000	 0.038718148551694
806.269765913486000	 0.038775802778016
806.502724528313000	 0.038829992396932
806.735683143139000	 0.038882117455714
806.968641757965000	 0.038930235211845
807.201600372791000	 0.038969814206785
807.434558987617000	 0.038996522107608
807.667517602444000	 0.039009309869589
807.900476217270000	 0.039011759775060
808.133434832096000	 0.039010629065065
808.366393446922000	 0.039012243284388
808.599352061749000	 0.039018825601408
808.832310676575000	 0.039027056169561
809.065269291401000	 0.039029968087842
809.298227906227000	 0.039021377298295
809.531186521053000	 0.039000480093080
809.764145135880000	 0.038973933169943
809.997103750706000	 0.038953939954005
810.230062365532000	 0.038953024857202
810.463020980358000	 0.038978063589552
810.695979595184000	 0.039026638323422
810.928938210011000	 0.039087630489444
811.161896824837000	 0.039145821082404
811.394855439663000	 0.039188263807380
811.627814054489000	 0.039209339933543
811.860772669315000	 0.039212156760717
812.093731284142000	 0.039205938242465
812.326689898968000	 0.039201151961900
812.559648513794000	 0.039205107042127
812.792607128620000	 0.039220149169748
813.025565743446000	 0.039244862393968
813.258524358273000	 0.039276924393871
813.491482973099000	 0.039315445865664
813.724441587925000	 0.039361183984927
813.957400202751000	 0.039414583912318
814.190358817577000	 0.039473174296472
814.423317432404000	 0.039530411911245
814.656276047230000	 0.039577268888465
814.889234662056000	 0.039606154857502
815.122193276882000	 0.039615160838522
815.355151891708000	 0.039610087745103
815.588110506535000	 0.039602716506271
815.821069121361000	 0.039605822167243
816.054027736187000	 0.039627335156523
816.286986351013000	 0.039666652687435
816.519944965839000	 0.039715056164698
816.752903580666000	 0.039760094481162
816.985862195492000	 0.039791747800440
817.218820810318000	 0.039807246619497
817.451779425144000	 0.039812131626913
817.684738039970000	 0.039817176275715
817.917696654797000	 0.039833009181026
818.150655269623000	 0.039865381397058
818.383613884449000	 0.039913456215818
818.616572499275000	 0.039971694823058
818.849531114101000	 0.040033923238301
819.082489728928000	 0.040097060471681
819.315448343754000	 0.040162349064262
819.548406958580000	 0.040233536851546
819.781365573406000	 0.040313337243822
820.014324188232000	 0.040400498327272
820.247282803059000	 0.040489376174830
820.480241417885000	 0.040572359009535
820.713200032711000	 0.040643751649816
820.946158647537000	 0.040702803755920
821.179117262363000	 0.040754020232039
821.412075877190000	 0.040804503517831
821.645034492016000	 0.040859870800361
821.877993106842000	 0.040921146473639
822.110951721668000	 0.040984447910755
822.343910336494000	 0.041043643983581
822.576868951321000	 0.041094422575430
822.809827566147000	 0.041137342443973
823.042786180973000	 0.041177998387003
823.275744795799000	 0.041224129793740
823.508703410625000	 0.041281343131126
823.741662025452000	 0.041349966125786
823.974620640278000	 0.041424908323089
824.207579255104000	 0.041498674271094
824.440537869930000	 0.041565843332820
824.673496484756000	 0.041626416218774
824.906455099583000	 0.041685999859777
825.139413714409000	 0.041752605844331
825.372372329235000	 0.041831833732090
825.605330944061000	 0.041923195089656
825.838289558887000	 0.042019737232893
826.071248173714000	 0.042111316182433
826.304206788540000	 0.042189840737563
826.537165403366000	 0.042253648354636
826.770124018192000	 0.042308553422705
827.003082633018000	 0.042364892390312
827.236041247845000	 0.042432087260617
827.468999862671000	 0.042513586366400
827.701958477497000	 0.042604799942624
827.934917092323000	 0.042695051718685
828.167875707150000	 0.042772517339589
828.400834321976000	 0.042829666210889
828.633792936802000	 0.042866595750230
828.866751551628000	 0.042890887939708
829.099710166454000	 0.042914481382229
829.332668781281000	 0.042949428549824
829.565627396107000	 0.043004571937522
829.798586010933000	 0.043084221559432
830.031544625759000	 0.043188581715595
830.264503240585000	 0.043314791973543
830.497461855412000	 0.043457484453655
830.730420470238000	 0.043608593290679
830.963379085064000	 0.043757152111322
831.196337699890000	 0.043890239564636
831.429296314716000	 0.043995712897400
831.662254929543000	 0.044066153787896
831.895213544369000	 0.044102278148533
832.128172159195000	 0.044113762591314
832.361130774021000	 0.044116418658527
832.594089388847000	 0.044126504067664
832.827048003674000	 0.044154632196315
833.060006618500000	 0.044202181623446
833.292965233326000	 0.044261998573619
833.525923848152000	 0.044323086436478
833.758882462978000	 0.044376951354166
833.991841077805000	 0.044422371281350
834.224799692631000	 0.044466130165602
834.457758307457000	 0.044519385836641
834.690716922283000	 0.044591667842093
834.923675537109000	 0.044685717219907
835.156634151936000	 0.044795849867288
835.389592766762000	 0.044910609117866
835.622551381588000	 0.045018208537982
835.855509996414000	 0.045111820172240
836.088468611241000	 0.045191913381187
836.321427226067000	 0.045264544448214
836.554385840893000	 0.045336775836458
836.787344455719000	 0.045411939109302
837.020303070545000	 0.045487410952883
837.253261685371000	 0.045556066842241
837.486220300198000	 0.045610497922057
837.719178915024000	 0.045647554567486
837.952137529850000	 0.045670642947163
838.185096144676000	 0.045688521534487
838.418054759502000	 0.045711331022303
838.651013374329000	 0.045746060581535
838.883971989155000	 0.045793809614131
839.116930603981000	 0.045850079127580
839.349889218807000	 0.045907631855307
839.582847833633000	 0.045960134041995
839.815806448460000	 0.046004542426665
840.048765063286000	 0.046041134429129
840.281723678112000	 0.046071593973890
840.514682292938000	 0.046096700819544
840.747640907764000	 0.046115254277870
840.980599522591000	 0.046124916503848
841.213558137417000	 0.046124321835005
841.446516752243000	 0.046114905094054
841.679475367069000	 0.046101021387662
841.912433981895000	 0.046088009399930
842.145392596722000	 0.046079206676187
842.378351211548000	 0.046073685647171
842.611309826374000	 0.046066165376713
842.844268441200000	 0.046049351230875
843.077227056026000	 0.046017545676888
843.310185670853000	 0.045969564897431
843.543144285679000	 0.045909305925555
843.776102900505000	 0.045843622129799
844.009061515331000	 0.045778711934145
844.242020130157000	 0.045717058383531
844.474978744984000	 0.045656594380713
844.707937359810000	 0.045592465735392
844.940895974636000	 0.045520280180474
845.173854589462000	 0.045438890711092
845.406813204288000	 0.045351053864599
845.639771819115000	 0.045261586426413
845.872730433941000	 0.045174155647811
846.105689048767000	 0.045088651707068
846.338647663593000	 0.045000734096768
846.571606278419000	 0.044903866532692
846.804564893246000	 0.044792709939687
847.037523508072000	 0.044665945887143
847.270482122898000	 0.044526922439220
847.503440737724000	 0.044381791363780
847.736399352551000	 0.044236279524141
847.969357967377000	 0.044093003398542
848.202316582203000	 0.043950848747406
848.435275197029000	 0.043806669574485
848.668233811855000	 0.043658173163511
848.901192426682000	 0.043506151890995
849.134151041508000	 0.043354620631156
849.367109656334000	 0.043208708994348
849.600068271160000	 0.043071564386250
849.833026885986000	 0.042942175232324
850.065985500813000	 0.042815529149124
850.298944115639000	 0.042685177872367
850.531902730465000	 0.042546855076438
850.764861345291000	 0.042401092260304
850.997819960117000	 0.042253241649248
851.230778574944000	 0.042110737870603
851.463737189770000	 0.041979008265422
851.696695804596000	 0.041858247099646
851.929654419422000	 0.041742844490136
852.162613034248000	 0.041623863862872
852.395571649075000	 0.041493349210187
852.628530263901000	 0.041348260191994
852.861488878727000	 0.041192013638874
853.094447493553000	 0.041032877915899
853.327406108379000	 0.040880114197221
853.560364723205000	 0.040739855226777
853.793323338032000	 0.040612699462524
854.026281952858000	 0.040493990686721
854.259240567684000	 0.040376367285378
854.492199182510000	 0.040253130820784
854.725157797337000	 0.040120791401047
854.958116412163000	 0.039979823808638
855.191075026989000	 0.039833752428027
855.424033641815000	 0.039687501704642
855.656992256641000	 0.039546057096412
855.889950871468000	 0.039413930749706
856.122909486294000	 0.039295173002262
856.355868101120000	 0.039193246088030
856.588826715946000	 0.039110252907741
856.821785330772000	 0.039045647521483
857.054743945599000	 0.038995185434975
857.287702560425000	 0.038951034702982
857.520661175251000	 0.038903496342719
857.753619790077000	 0.038843904300790
857.986578404903000	 0.038767488084095
858.219537019730000	 0.038674789379576
858.452495634556000	 0.038570840657121
858.685454249382000	 0.038462464036347
858.918412864208000	 0.038355074701994
859.151371479034000	 0.038250651557494
859.384330093861000	 0.038147894496694
859.617288708687000	 0.038044382538670
859.850247323513000	 0.037939436373850
860.083205938339000	 0.037835981257854
860.316164553165000	 0.037740253097486
860.549123167992000	 0.037659409439809
860.782081782818000	 0.037598298430740
861.015040397644000	 0.037557114912510
861.247999012470000	 0.037531191191065
861.480957627296000	 0.037513033099899
861.713916242123000	 0.037495539065775
861.946874856949000	 0.037474744187844
862.179833471775000	 0.037450735492528
862.412792086601000	 0.037426426621242
862.645750701427000	 0.037405055839098
862.878709316254000	 0.037387893865285
863.111667931080000	 0.037373394488166
863.344626545906000	 0.037358102052699
863.577585160732000	 0.037338606435869
863.810543775558000	 0.037313285374886
864.043502390385000	 0.037282793522059
864.276461005211000	 0.037249096901049
864.509419620037000	 0.037213778678924
864.742378234863000	 0.037176775457237
864.975336849689000	 0.037136392909692
865.208295464516000	 0.037090615538982
865.441254079342000	 0.037038888179573
865.674212694168000	 0.036983217668095
865.907171308994000	 0.036927836559363
866.140129923821000	 0.036877557941401
866.373088538647000	 0.036835771176619
866.606047153473000	 0.036803254690518
866.839005768299000	 0.036778474647043
867.071964383125000	 0.036759118531400
867.304922997952000	 0.036743839440018
867.537881612778000	 0.036733036075678
867.770840227604000	 0.036728092062809
868.003798842430000	 0.036729516162305
868.236757457256000	 0.036735232191397
868.469716072083000	 0.036740326291393
868.702674686909000	 0.036738781283771
868.935633301735000	 0.036726528284238
869.168591916561000	 0.036704202804417
869.401550531387000	 0.036677893535200
869.634509146214000	 0.036657082696384
869.867467761040000	 0.036650474226394
870.100426375866000	 0.036661657776491
870.333384990692000	 0.036686825559239
870.566343605518000	 0.036715866197891
870.799302220345000	 0.036736550412563
871.032260835171000	 0.036739986233602
871.265219449997000	 0.036724818301256
871.498178064823000	 0.036698175137575
871.731136679649000	 0.036672913592172
871.964095294476000	 0.036662472399596
872.197053909302000	 0.036675693687635
872.430012524128000	 0.036713813967015
872.662971138954000	 0.036770660571623
872.895929753780000	 0.036835578573278
873.128888368607000	 0.036897492165537
873.361846983433000	 0.036948257897133
873.594805598259000	 0.036984127784427
873.827764213085000	 0.037005266983032
874.060722827911000	 0.037014196163024
874.293681442738000	 0.037014276322148
874.526640057564000	 0.037008914726633
874.759598672390000	 0.037001446685343
874.992557287216000	 0.036995150294060
875.225515902042000	 0.036992879707681
875.458474516869000	 0.036996277207960
875.691433131695000	 0.037005059025340
875.924391746521000	 0.037017044699319
876.157350361347000	 0.037029248860829
876.390308976173000	 0.037039671040728
876.623267591000000	 0.037048835987982
876.856226205826000	 0.037060071385653
877.089184820652000	 0.037078097231243
877.322143435478000	 0.037106460773945
877.555102050304000	 0.037145118434650
877.788060665131000	 0.037189550333348
878.021019279957000	 0.037232094122877
878.253977894783000	 0.037265046505328
878.486936509609000	 0.037284096326788
878.719895124435000	 0.037290372421056
878.952853739262000	 0.037290026668979
879.185812354088000	 0.037291530300490
879.418770968914000	 0.037302045839083
879.651729583740000	 0.037324678753903
879.884688198566000	 0.037357887532650
880.117646813393000	 0.037397158903529
880.350605428219000	 0.037437875339117
880.583564043045000	 0.037477735088588
880.816522657871000	 0.037517432038072
881.049481272697000	 0.037559366282687
881.282439887524000	 0.037605315265059
881.515398502350000	 0.037654571922501
881.748357117176000	 0.037703737864199
881.981315732002000	 0.037748359829634
882.214274346828000	 0.037785495000858
882.447232961655000	 0.037815709162127
882.680191576481000	 0.037843296292037
882.913150191307000	 0.037874510690163
883.146108806133000	 0.037914733678072
883.379067420959000	 0.037966087058572
883.612026035786000	 0.038026732090066
883.844984650612000	 0.038092144184338
884.077943265438000	 0.038157571588291
884.310901880264000	 0.038220262748179
884.543860495090000	 0.038280228142307
884.776819109917000	 0.038339188592670
885.009777724743000	 0.038398432338364
885.242736339569000	 0.038456924129271
885.475694954395000	 0.038510836317115
885.708653569222000	 0.038554835590743
885.941612184048000	 0.038584449832415
886.174570798874000	 0.038598225453947
886.407529413700000	 0.038598516264829
886.640488028526000	 0.038590544173780
886.873446643352000	 0.038580352959309
887.106405258179000	 0.038572841039791
887.339363873005000	 0.038570891565670
887.572322487831000	 0.038575864395718
887.805281102657000	 0.038588851675865
888.038239717484000	 0.038611640674056
888.271198332310000	 0.038646544778309
888.504156947136000	 0.038695027637097
888.737115561962000	 0.038755889310897
888.970074176788000	 0.038824184975304
889.203032791615000	 0.038891755380949
889.435991406441000	 0.038949419803062
889.668950021267000	 0.038989968821364
889.901908636093000	 0.039010602154410
890.134867250919000	 0.039013683573100
890.367825865746000	 0.039005529635924
890.600784480572000	 0.038993931517144
890.833743095398000	 0.038985658960142
891.066701710224000	 0.038985024274899
891.299660325050000	 0.038993851142955
891.532618939877000	 0.039012365316985
891.765577554703000	 0.039040085717158
891.998536169529000	 0.039075980150772
892.231494784355000	 0.039117819005248
892.464453399181000	 0.039161372356971
892.697412014008000	 0.039200378100725
892.930370628834000	 0.039227851598553
893.163329243660000	 0.039238491343525
893.396287858486000	 0.039231128432694
893.629246473312000	 0.039209875542097
893.862205088139000	 0.039183106054641
894.095163702965000	 0.039160444002186
894.328122317791000	 0.039149002244787
894.561080932617000	 0.039150567747824
894.794039547443000	 0.039161037567235
895.026998162270000	 0.039172363722855
895.259956777096000	 0.039176092565491
895.492915391922000	 0.039166856968327
895.725874006748000	 0.039144258676861
895.958832621574000	 0.039112420428681
896.191791236401000	 0.039077637224592
896.424749851227000	 0.039045398969433
896.657708466053000	 0.039018190760144
896.890667080879000	 0.038994920831346
897.123625695706000	 0.038971944497554
897.356584310532000	 0.038944919874792
897.589542925358000	 0.038910491858430
897.822501540184000	 0.038867109772581
898.055460155010000	 0.038814891589031
898.288418769836000	 0.038754962243096
898.521377384663000	 0.038688835546971
898.754335999489000	 0.038618171022851
898.987294614315000	 0.038544847515209
899.220253229141000	 0.038471042801613
899.453211843967000	 0.038399050926771
899.686170458794000	 0.038330842712818
899.919129073620000	 0.038267650461490
900.152087688446000	 0.038209910982394
900.385046303272000	 0.038157674604052
900.618004918098000	 0.038111230112514
900.850963532925000	 0.038071461458276
901.083922147751000	 0.038039537356917
901.316880762577000	 0.038015936460827
901.549839377403000	 0.037999300387114
901.782797992229000	 0.037985861686734
902.015756607056000	 0.037970010725541
902.248715221882000	 0.037946001504282
902.481673836708000	 0.037910141881103
902.714632451534000	 0.037862437752586
902.947591066360000	 0.037806817639756
903.180549681187000	 0.037749729605550
903.413508296013000	 0.037697737046750
903.646466910839000	 0.037655262497832
903.879425525665000	 0.037623524494761
904.112384140491000	 0.037601041524593
904.345342755318000	 0.037585224101161
904.578301370144000	 0.037574016354548
904.811259984970000	 0.037566594420544
905.044218599796000	 0.037562762614343
905.277177214623000	 0.037561547745441
905.510135829449000	 0.037560058387635
905.743094444275000	 0.037553590101089
905.976053059101000	 0.037537246327235
906.209011673927000	 0.037508401405283
906.441970288754000	 0.037468695663911
906.674928903580000	 0.037424323725004
906.907887518406000	 0.037384184782091
907.140846133232000	 0.037356596330650
907.373804748058000	 0.037346085891348
907.606763362885000	 0.037351791732045
907.839721977711000	 0.037368213100522
908.072680592537000	 0.037387885654265
908.305639207363000	 0.037404624819043
908.538597822189000	 0.037415754091694
908.771556437016000	 0.037422336854454
909.004515051842000	 0.037427536976480
909.237473666668000	 0.037434223344573
909.470432281494000	 0.037443246745976
909.703390896320000	 0.037453305311963
909.936349511147000	 0.037462311071922
910.169308125973000	 0.037469267748758
910.402266740799000	 0.037475383733226
910.635225355625000	 0.037483637532604
910.868183970451000	 0.037496995842981
911.101142585278000	 0.037516362973969
911.334101200104000	 0.037539574782178
911.567059814930000	 0.037562189548357
911.800018429756000	 0.037579788697717
912.032977044582000	 0.037590570156087
912.265935659408000	 0.037596738361289
912.498894274235000	 0.037603769805152
912.731852889061000	 0.037617780186739
912.964811503887000	 0.037642299641028
913.197770118713000	 0.037676154587610
913.430728733540000	 0.037713632125979
913.663687348366000	 0.037746945949697
913.896645963192000	 0.037769836721815
914.129604578018000	 0.037780540948883
914.362563192844000	 0.037782675341142
914.595521807671000	 0.037783653662551
914.828480422497000	 0.037791499218447
915.061439037323000	 0.037811661328445
915.294397652149000	 0.037845319656029
915.527356266975000	 0.037889792834824
915.760314881802000	 0.037940558790984
915.993273496628000	 0.037993629626762
916.226232111454000	 0.038046982255831
916.459190726280000	 0.038100408425719
916.692149341106000	 0.038154106987400
916.925107955933000	 0.038207040981473
917.158066570759000	 0.038256150142416
917.391025185585000	 0.038296955534801
917.623983800411000	 0.038325265741804
917.856942415237000	 0.038339067620502
918.089901030064000	 0.038339601628194
918.322859644890000	 0.038331103015987
918.555818259716000	 0.038319423250375
918.788776874542000	 0.038310287775192
919.021735489368000	 0.038308009180872
919.254694104195000	 0.038315085441204
919.487652719021000	 0.038332553188517
919.720611333847000	 0.038360580457347
919.953569948673000	 0.038398780188945
920.186528563499000	 0.038446066417847
920.419487178326000	 0.038500306353025
920.652445793152000	 0.038558242574957
920.885404407978000	 0.038616017447754
921.118363022804000	 0.038670215129470
921.351321637630000	 0.038718916860166
921.584280252457000	 0.038762133581127
921.817238867283000	 0.038801263444582
922.050197482109000	 0.038837781691302
922.283156096935000	 0.038871868798791
922.516114711762000	 0.038901797536015
922.749073326588000	 0.038924534484180
922.982031941414000	 0.038937353279904
923.214990556240000	 0.038939664714793
923.447949171066000	 0.038934083045480
923.680907785892000	 0.038926100184274
923.913866400719000	 0.038922453916140
924.146825015545000	 0.038928950238530
924.379783630371000	 0.038948751072784
924.612742245197000	 0.038981844883526
924.845700860024000	 0.039025771290577
925.078659474850000	 0.039077039556311
925.311618089676000	 0.039132401951543
925.544576704502000	 0.039189352949035
925.777535319328000	 0.039245785309615
926.010493934155000	 0.039299299901628
926.243452548981000	 0.039346891218857
926.476411163807000	 0.039385481422759
926.709369778633000	 0.039413206630574
926.942328393459000	 0.039430812628102
927.175287008286000	 0.039442327336947
927.408245623112000	 0.039454477703674
927.641204237938000	 0.039474949615711
927.874162852764000	 0.039510182781240
928.107121467590000	 0.039563605899651
928.340080082417000	 0.039634952484880
928.573038697243000	 0.039720738779126
928.805997312069000	 0.039815459514620
929.038955926895000	 0.039912841168546
929.271914541721000	 0.040006670823503
929.504873156548000	 0.040091145751603
929.737831771374000	 0.040161070491687
929.970790386200000	 0.040212303956495
930.203749001026000	 0.040242574511098
930.436707615852000	 0.040252330612096
930.669666230679000	 0.040245005014042
930.902624845505000	 0.040226193929932
931.135583460331000	 0.040201787272097
931.368542075157000	 0.040175740971946
931.601500689983000	 0.040148539845353
931.834459304810000	 0.040117189285650
932.067417919636000	 0.040076858877575
932.300376534462000	 0.040023445359601
932.533335149288000	 0.039955790441229
932.766293764114000	 0.039876399891232
932.999252378941000	 0.039790254416495
933.232210993767000	 0.039702308504378
933.465169608593000	 0.039614988236195
933.698128223419000	 0.039527015126107
933.931086838245000	 0.039434186093917
934.164045453072000	 0.039331708362917
934.397004067898000	 0.039216872365270
934.629962682724000	 0.039090678947968
934.862921297550000	 0.038957611925520
935.095879912376000	 0.038823749322733
935.328838527203000	 0.038694275171433
935.561797142029000	 0.038571708678017
935.794755756855000	 0.038455695653526
936.027714371681000	 0.038344306060322
936.260672986507000	 0.038235964924611
936.493631601334000	 0.038130854921464
936.726590216160000	 0.038031009093868
936.959548830986000	 0.037939123060391
937.192507445812000	 0.037856872540792
937.425466060638000	 0.037783783775217
937.658424675465000	 0.037717339743772
937.891383290291000	 0.037654251003198
938.124341905117000	 0.037592125389193
938.357300519943000	 0.037530540551449
938.590259134769000	 0.037470892787054
938.823217749596000	 0.037415144567426
939.056176364422000	 0.037364266709585
939.289134979248000	 0.037317359854231
939.522093594074000	 0.037272032568751
939.755052208900000	 0.037225853089789
939.988010823727000	 0.037178024006890
940.220969438553000	 0.037130251581340
940.453928053379000	 0.037086217090005
940.686886668205000	 0.037049866068082
940.919845283031000	 0.037023435625104
941.152803897858000	 0.037006318874450
941.385762512684000	 0.036995411935825
941.618721127510000	 0.036986760719526
941.851679742336000	 0.036977586476581
942.084638357162000	 0.036967541982784
942.317596971989000	 0.036958481857313
942.550555586815000	 0.036952890234111
942.783514201641000	 0.036951899794315
943.016472816467000	 0.036954092065642
943.249431431293000	 0.036955839449986
943.482390046120000	 0.036953076001647
943.715348660946000	 0.036943551092764
943.948307275772000	 0.036928297368217
944.181265890598000	 0.036911435441042
944.414224505425000	 0.036898344807243
944.647183120251000	 0.036893142444790
944.880141735077000	 0.036896805002978
945.113100349903000	 0.036906929290237
945.346058964729000	 0.036919244533663
945.579017579556000	 0.036930046001756
945.811976194382000	 0.036938218992046
946.044934809208000	 0.036945744027500
946.277893424034000	 0.036956408300343
946.510852038860000	 0.036973433886768
946.743810653687000	 0.036997321450186
946.976769268513000	 0.037025088309878
947.209727883339000	 0.037051337941535
947.442686498165000	 0.037070637747401
947.675645112991000	 0.037080004209633
947.908603727817000	 0.037080251785667
948.141562342644000	 0.037075571159900
948.374520957470000	 0.037071620577639
948.607479572296000	 0.037073133940586
948.840438187122000	 0.037082205797297
949.073396801949000	 0.037097976713144
949.306355416775000	 0.037117690104530
949.539314031601000	 0.037138427907818
949.772272646427000	 0.037158582384886
950.005231261253000	 0.037178376421837
950.238189876080000	 0.037199322137480
950.471148490906000	 0.037223063771484
950.704107105732000	 0.037250292395079
950.937065720558000	 0.037280267746341
951.170024335384000	 0.037311082805509
951.402982950211000	 0.037340413960673
951.635941565037000	 0.037366322919680
951.868900179863000	 0.037387771552131
952.101858794689000	 0.037404764466696
952.334817409515000	 0.037418251690431
952.567776024342000	 0.037429966109066
952.800734639168000	 0.037442244628345
953.033693253994000	 0.037457724604571
953.266651868820000	 0.037478776144155
953.499610483646000	 0.037506686565306
953.732569098473000	 0.037540866210505
953.965527713299000	 0.037578510416082
954.198486328125000	 0.037615077083116
954.431444942951000	 0.037645608966745
954.664403557777000	 0.037666491740491
954.897362172604000	 0.037676930068565
955.130320787430000	 0.037679445721585
955.363279402256000	 0.037679095007991
955.596238017082000	 0.037681693753638
955.829196631909000	 0.037691816030985
956.062155246735000	 0.037711433194535
956.295113861561000	 0.037739726838350
956.528072476387000	 0.037774023588540
956.761031091213000	 0.037811268494756
956.993989706039000	 0.037849248086368
957.226948320866000	 0.037886991523997
957.459906935692000	 0.037924288206427
957.692865550518000	 0.037960769831127
957.925824165344000	 0.037995226701717
958.158782780170000	 0.038025648334065
958.391741394997000	 0.038050015961236
958.624700009823000	 0.038067403220987
958.857658624649000	 0.038078734244421
959.090617239475000	 0.038086725714601
959.323575854301000	 0.038094996039602
959.556534469128000	 0.038106789349141
959.789493083954000	 0.038123964346254
960.022451698780000	 0.038146732094161
960.255410313606000	 0.038174200859399
960.488368928432000	 0.038205345823472
960.721327543259000	 0.038239810444394
960.954286158085000	 0.038278076231701
961.187244772911000	 0.038320925920138
961.420203387737000	 0.038368540726553
961.653162002563000	 0.038419777384491
961.886120617390000	 0.038472061951272
962.119079232216000	 0.038521994898605
962.352037847042000	 0.038566386240480
962.584996461868000	 0.038603234796928
962.817955076694000	 0.038632231710449
963.050913691521000	 0.038654646472513
963.283872306347000	 0.038672764434117
963.516830921173000	 0.038689205079610
963.749789535999000	 0.038706393289127
963.982748150826000	 0.038726262607705
964.215706765652000	 0.038750097741063
964.448665380478000	 0.038778392884456
964.681623995304000	 0.038810716537187
964.914582610130000	 0.038845722078396
965.147541224957000	 0.038881483620217
965.380499839783000	 0.038916198482278
965.613458454609000	 0.038949042042106
965.846417069435000	 0.038980751107088
966.079375684261000	 0.039013517172218
966.312334299088000	 0.039050052605818
966.545292913914000	 0.039092139613659
966.778251528740000	 0.039139336364248
967.011210143566000	 0.039188555994812
967.244168758392000	 0.039234879075114
967.477127373219000	 0.039273363017098
967.710085988045000	 0.039301075178523
967.943044602871000	 0.039318392570245
968.176003217697000	 0.039328911427014
968.408961832523000	 0.039337976707485
968.641920447350000	 0.039350537933901
968.874879062176000	 0.039369379735778
969.107837677002000	 0.039394563998317
969.340796291828000	 0.039424268418669
969.573754906654000	 0.039456468121034
969.806713521481000	 0.039490476765382
970.039672136307000	 0.039527470096048
970.272630751133000	 0.039569703755492
970.505589365959000	 0.039618887506146
970.738547980785000	 0.039674668877519
970.971506595612000	 0.039734133795636
971.204465210438000	 0.039792680267700
971.437423825264000	 0.039845873003245
971.670382440090000	 0.039891348092258
971.903341054916000	 0.039929796238304
972.136299669743000	 0.039964533910916
972.369258284569000	 0.039999911275870
972.602216899395000	 0.040039392228303
972.835175514221000	 0.040084255987603
973.068134129047000	 0.040133474246006
973.301092743873000	 0.040184663007653
973.534051358700000	 0.040235466919164
973.767009973526000	 0.040284590243038
973.999968588352000	 0.040331993015994
974.232927203178000	 0.040378319360139
974.465885818005000	 0.040424077666693
974.698844432831000	 0.040469180046928
974.931803047657000	 0.040513138484954
975.164761662483000	 0.040555724119128
975.397720277309000	 0.040597546365277
975.630678892136000	 0.040640029874919
975.863637506962000	 0.040684657937045
976.096596121788000	 0.040731872170900
976.329554736614000	 0.040780333418110
976.562513351440000	 0.040827133498461
976.795471966267000	 0.040869037907323
977.028430581093000	 0.040904216883242
977.261389195919000	 0.040933551742767
977.494347810745000	 0.040960726228795
977.727306425571000	 0.040990900813754
977.960265040398000	 0.041028519992529
978.193223655224000	 0.041075301812768
978.426182270050000	 0.041129415482722
978.659140884876000	 0.041186277285531
978.892099499702000	 0.041240589737313
979.125058114529000	 0.041288637093149
979.358016729355000	 0.041329749707786
979.590975344181000	 0.041366305705424
979.823933959007000	 0.041402396030210
980.056892573833000	 0.041441922331389
980.289851188660000	 0.041487088689130
980.522809803486000	 0.041537919994368
980.755768418312000	 0.041592816207458
980.988727033138000	 0.041649603667975
981.221685647964000	 0.041706374831809
981.454644262791000	 0.041761683676095
981.687602877617000	 0.041814184158618
981.920561492443000	 0.041862218426628
982.153520107269000	 0.041903906270208
982.386478722095000	 0.041937924925410
982.619437336922000	 0.041964626130088
982.852395951748000	 0.041986767645399
983.085354566574000	 0.042009205585397
983.318313181400000	 0.042037408691090
983.551271796227000	 0.042075338166292
983.784230411053000	 0.042123684650487
984.017189025879000	 0.042179388787774
984.250147640705000	 0.042236801439116
984.483106255531000	 0.042290044043559
984.716064870358000	 0.042335513301725
984.949023485184000	 0.042373368365725
985.181982100010000	 0.042407322693863
985.414940714836000	 0.042442893133844
985.647899329662000	 0.042484989096278
985.880857944489000	 0.042535973727065
986.113816559315000	 0.042595004624483
986.346775174141000	 0.042658781118152
986.579733788967000	 0.042723159345704
986.812692403793000	 0.042784771206724
987.045651018620000	 0.042841929375884
987.278609633446000	 0.042894592872793
987.511568248272000	 0.042943695059477
987.744526863098000	 0.042990391554676
987.977485477924000	 0.043035659644739
988.210444092751000	 0.043080312621438
988.443402707577000	 0.043125156402065
988.676361322403000	 0.043170938069818
988.909319937229000	 0.043217957114806
989.142278552055000	 0.043265562627168
989.375237166882000	 0.043311977848587
989.608195781708000	 0.043354795248439
989.841154396534000	 0.043392100205517
990.074113011360000	 0.043423734966868
990.307071626186000	 0.043451992318699
990.540030241013000	 0.043481209453948
990.772988855839000	 0.043516270980793
991.005947470665000	 0.043560646663282
991.238906085491000	 0.043614914858449
991.471864700318000	 0.043676533848779
991.704823315144000	 0.043741002990873
991.937781929970000	 0.043803841902705
992.170740544796000	 0.043862394761126
992.403699159622000	 0.043916564464617
992.636657774448000	 0.043968156247650
992.869616389275000	 0.044019263713669
993.102575004101000	 0.044070645556705
993.335533618927000	 0.044121019057817
993.568492233753000	 0.044167649236228
993.801450848579000	 0.044207862590012
994.034409463406000	 0.044240591117746
994.267368078232000	 0.044267043416728
994.500326693058000	 0.044290104625378
994.733285307884000	 0.044312802137354
994.966243922710000	 0.044336718047769
995.199202537537000	 0.044361259832101
995.432161152363000	 0.044384197040867
995.665119767189000	 0.044403134546544
995.898078382015000	 0.044417055218543
996.131036996841000	 0.044427031892650
996.363995611668000	 0.044435692793520
996.596954226494000	 0.044445748985271
996.829912841320000	 0.044458440615782
997.062871456146000	 0.044472807475570
997.295830070972000	 0.044486205804004
997.528788685799000	 0.044495763854729
997.761747300625000	 0.044499924414241
997.994705915451000	 0.044499176707085
998.227664530277000	 0.044495552491168
998.460623145103000	 0.044491177421362
998.693581759930000	 0.044486717603323
998.926540374756000	 0.044480624142960
999.159498989582000	 0.044469617305344
999.392457604408000	 0.044450139249660
999.625416219234000	 0.044419961094005
999.858374834061000	 0.044379068786926
1000.091333448890000	 0.044329394619724
1000.324292063710000	 0.044273636955509
1000.557250678540000	 0.044213921717729
1000.790209293370000	 0.044151108395437
1001.023167908190000	 0.044085107477592
1001.256126523020000	 0.044015924121725
1001.489085137840000	 0.043944676953202
1001.722043752670000	 0.043873850089873
1001.955002367500000	 0.043806517369506
1002.187960982320000	 0.043744938110656
1002.420919597150000	 0.043689359412402
1002.653878211970000	 0.043637794507277
1002.886836826800000	 0.043586998862561
1003.119795441630000	 0.043534150717106
1003.352754056450000	 0.043478293834754
1003.585712671280000	 0.043420705445100
1003.818671286110000	 0.043363969478711
1004.051629900930000	 0.043310309578991
1004.284588515760000	 0.043260208893953
1004.517547130580000	 0.043212218419678
1004.750505745410000	 0.043164175755121
1004.983464360240000	 0.043115194955488
1005.216422975060000	 0.043067250768107
1005.449381589890000	 0.043025309239869
1005.682340204720000	 0.042995714568265
1005.915298819540000	 0.042983521216010
1006.148257434370000	 0.042990113764053
1006.381216049190000	 0.043012404816970
1006.614174664020000	 0.043044137999997
1006.847133278850000	 0.043078731753971
1007.080091893670000	 0.043112264754683
1007.313050508500000	 0.043145095990872
1007.546009123330000	 0.043181309110323
1007.778967738150000	 0.043226297783201
1008.011926352980000	 0.043283758018615
1008.244884967800000	 0.043353626846359
1008.477843582630000	 0.043431977236932
1008.710802197460000	 0.043512841206806
1008.943760812280000	 0.043590945011467
1009.176719427110000	 0.043663928733935
1009.409678041930000	 0.043732988598301
1009.642636656760000	 0.043801784555640
1009.875595271590000	 0.043874370300548
1010.108553886410000	 0.043953330327327
1010.341512501240000	 0.044039055287781
1010.574471116070000	 0.044130344095018
1010.807429730890000	 0.044225739414811
1011.040388345720000	 0.044324634688956
1011.273346960540000	 0.044427429293913
1011.506305575370000	 0.044534677251777
1011.739264190200000	 0.044645845213120
1011.972222805020000	 0.044758556597965
1012.205181419850000	 0.044868901403686
1012.438140034680000	 0.044972724160949
1012.671098649500000	 0.045067177867022
1012.904057264330000	 0.045151640621630
1013.137015879150000	 0.045227460791710
1013.369974493980000	 0.045296700551920
1013.602933108810000	 0.045360650902251
1013.835891723630000	 0.045419023344052
1014.068850338460000	 0.045470301345567
1014.301808953290000	 0.045513006696804
1014.534767568110000	 0.045547040326042
1014.767726182940000	 0.045574170609465
1015.000684797760000	 0.045597242864961
1015.233643412590000	 0.045618484104811
1015.466602027420000	 0.045637892593597
1015.699560642240000	 0.045652747644105
1015.932519257070000	 0.045658694249104
1016.165477871890000	 0.045651954979583
1016.398436486720000	 0.045631508596846
1016.631395101550000	 0.045599988268783
1016.864353716370000	 0.045562686928045
1017.097312331200000	 0.045525080187977
1017.330270946030000	 0.045490115023988
1017.563229560850000	 0.045456692402605
1017.796188175680000	 0.045420183934634
1018.029146790500000	 0.045374765807004
1018.262105405330000	 0.045316383994794
1018.495064020160000	 0.045244816052968
1018.728022634980000	 0.045163775697971
1018.960981249810000	 0.045079055927801
1019.193939864640000	 0.044995737770948
1019.426898479460000	 0.044915946792228
1019.659857094290000	 0.044838299892155
1019.892815709110000	 0.044759258013490
1020.125774323940000	 0.044675587573384
1020.358732938770000	 0.044586574389622
1020.591691553590000	 0.044494822416241
1020.824650168420000	 0.044405279062002
1021.057608783250000	 0.044323083554564
1021.290567398070000	 0.044251404892018
1021.523526012900000	 0.044190345447904
1021.756484627720000	 0.044137336271346
1021.989443242550000	 0.044088628717819
1022.222401857380000	 0.044040952761799
1022.455360472200000	 0.043992447991817
1022.688319087030000	 0.043942522899380
1022.921277701850000	 0.043891000093615
1023.154236316680000	 0.043837323165940
1023.387194931510000	 0.043780494934250
1023.620153546330000	 0.043719873146873
1023.853112161160000	 0.043656314372446
1024.086070775990000	 0.043592830711991
1024.319029390810000	 0.043534126949809
1024.551988005640000	 0.043485015217622
1024.784946620460000	 0.043448390625187
1025.017905235290000	 0.043423786637639
1025.250863850120000	 0.043407309699202
1025.483822464940000	 0.043393084252440
1025.716781079770000	 0.043375571811800
1025.949739694600000	 0.043351674915900
1026.182698309420000	 0.043321653896036
1026.415656924250000	 0.043288510141465
1026.648615539070000	 0.043256269904768
1026.881574153900000	 0.043228106685560
1027.114532768730000	 0.043205217139376
1027.347491383550000	 0.043186868394418
1027.580449998380000	 0.043171363190720
1027.813408613200000	 0.043157197815079
1028.046367228030000	 0.043143667069485
1028.279325842860000	 0.043130588202008
1028.512284457680000	 0.043117403208331
1028.745243072510000	 0.043102318337877
1028.978201687340000	 0.043082122861897
1029.211160302160000	 0.043052921112807
1029.444118916990000	 0.043011459096635
1029.677077531810000	 0.042956352937133
1029.910036146640000	 0.042888550260602
1030.142994761470000	 0.042810763783287
1030.375953376290000	 0.042726168792644
1030.608911991120000	 0.042637037927057
1030.841870605950000	 0.042544000438526
1031.074829220770000	 0.042446279782202
1031.307787835600000	 0.042342784050958
1031.540746450420000	 0.042233554455946
1031.773705065250000	 0.042120988956396
1032.006663680080000	 0.042010447480906
1032.239622294900000	 0.041910146145791
1032.472580909730000	 0.041830454504257
1032.705539524560000	 0.041782726964657
1032.938498139380000	 0.041777707858818
1033.171456754210000	 0.041823534703960
1033.404415369030000	 0.041923556966373
1033.637373983860000	 0.042074526489964
1033.870332598690000	 0.042265943997388
1034.103291213510000	 0.042481188270206
1034.336249828340000	 0.042700460631981
1034.569208443160000	 0.042904814076506
1034.802167057990000	 0.043080018089816
1035.035125672820000	 0.043219014076731
1035.268084287640000	 0.043322228941769
1035.501042902470000	 0.043395792659334
1035.734001517300000	 0.043448436583503
1035.966960132120000	 0.043488272195328
1036.199918746950000	 0.043520613278419
1036.432877361770000	 0.043547504069540
1036.665835976600000	 0.043568834835497
1036.898794591430000	 0.043584214531018
1037.131753206250000	 0.043594494491024
1037.364711821080000	 0.043602151434415
1037.597670435910000	 0.043610455360880
1037.830629050730000	 0.043622047361199
1038.063587665560000	 0.043637845626871
1038.296546280380000	 0.043656949754241
1038.529504895210000	 0.043677590528288
1038.762463510040000	 0.043698537063188
1038.995422124860000	 0.043720090605814
1039.228380739690000	 0.043744030295746
1039.461339354520000	 0.043772492511530
1039.694297969340000	 0.043806399104457
1039.927256584170000	 0.043844335537910
1040.160215198990000	 0.043882560639216
1040.393173813820000	 0.043916229466235
1040.626132428650000	 0.043941258435566
1040.859091043470000	 0.043955917203983
1041.092049658300000	 0.043961387076623
1041.325008273120000	 0.043961085254621
1041.557966887950000	 0.043959188349991
1041.790925502780000	 0.043959141481354
1042.023884117600000	 0.043962841791954
1042.256842732430000	 0.043970732350040
1042.489801347260000	 0.043982515285460
1042.722759962080000	 0.043997894382048
1042.955718576910000	 0.044016843426438
1043.188677191730000	 0.044039288330547
1043.421635806560000	 0.044064525136013
1043.654594421390000	 0.044090893839099
1043.887553036210000	 0.044116068875444
1044.120511651040000	 0.044137915112708
1044.353470265870000	 0.044155454747144
1044.586428880690000	 0.044169358818979
1044.819387495520000	 0.044181618588188
1045.052346110340000	 0.044194531318872
1045.285304725170000	 0.044209557226211
1045.518263340000000	 0.044226703484905
1045.751221954820000	 0.044244797237454
1045.984180569650000	 0.044262486992196
1046.217139184470000	 0.044279363903973
1046.450097799300000	 0.044296493904710
1046.683056414130000	 0.044315978611020
1046.916015028950000	 0.044339740744231
1047.148973643780000	 0.044368218942146
1047.381932258610000	 0.044399761085402
1047.614890873430000	 0.044431150663646
1047.847849488260000	 0.044459075309517
1048.080808103080000	 0.044481795627010
1048.313766717910000	 0.044500113792157
1048.546725332740000	 0.044517085435984
1048.779683947560000	 0.044536587722284
1049.012642562390000	 0.044561477154880
1049.245601177220000	 0.044592293192312
1049.478559792040000	 0.044627168046573
1049.711518406870000	 0.044662955926913
1049.944477021690000	 0.044696949294340
1050.177435636520000	 0.044728255193104
1050.410394251350000	 0.044758119721904
1050.643352866170000	 0.044789085618286
1050.876311481000000	 0.044823502892119
1051.109270095830000	 0.044862230763088
1051.342228710650000	 0.044904211695519
1051.575187325480000	 0.044947078232381
1051.808145940300000	 0.044988376739371
1052.041104555130000	 0.045026684116976
1052.274063169960000	 0.045062017562817
1052.507021784780000	 0.045095401121198
1052.739980399610000	 0.045127964378212
1052.972939014430000	 0.045160199993432
1053.205897629260000	 0.045191860277274
1053.438856244090000	 0.045222534022169
1053.671814858910000	 0.045252488649465
1053.904773473740000	 0.045283170818079
1054.137732088570000	 0.045316951448749
1054.370690703390000	 0.045356162375673
1054.603649318220000	 0.045401918936518
1054.836607933040000	 0.045453383669752
1055.069566547870000	 0.045507903347751
1055.302525162700000	 0.045561972750657
1055.535483777520000	 0.045612520419113
1055.768442392350000	 0.045657843430085
1056.001401007180000	 0.045697743236365
1056.234359622000000	 0.045732898647842
1056.467318236830000	 0.045763960160913
1056.700276851650000	 0.045790990958132
1056.933235466480000	 0.045813632977546
1057.166194081310000	 0.045831893223447
1057.399152696130000	 0.045847018419343
1057.632111310960000	 0.045861819806152
1057.865069925790000	 0.045880101684852
1058.098028540610000	 0.045905370931168
1058.330987155440000	 0.045939447996125
1058.563945770260000	 0.045981698808221
1058.796904385090000	 0.046029301494464
1059.029862999920000	 0.046078421114306
1059.262821614740000	 0.046125689843030
1059.495780229570000	 0.046169248929782
1059.728738844390000	 0.046208887107853
1059.961697459220000	 0.046245345161645
1060.194656074050000	 0.046279327181843
1060.427614688870000	 0.046310885773856
1060.660573303700000	 0.046339563721739
1060.893531918530000	 0.046365156612169
1061.126490533350000	 0.046388525012154
1061.359449148180000	 0.046411802833310
1061.592407763000000	 0.046437686656438
1061.825366377830000	 0.046468058437193
1062.058324992660000	 0.046502652928252
1062.291283607480000	 0.046538552593650
1062.524242222310000	 0.046570920751390
1062.757200837140000	 0.046594758454021
1062.990159451960000	 0.046606923603601
1063.223118066790000	 0.046607483141881
1063.456076681610000	 0.046599783890164
1063.689035296440000	 0.046589254991454
1063.921993911270000	 0.046581544266661
1064.154952526090000	 0.046580827996511
1064.387911140920000	 0.046588928016531
1064.620869755740000	 0.046605383566742
1064.853828370570000	 0.046628153035475
1065.086786985400000	 0.046654417737575
1065.319745600220000	 0.046681105328106
1065.552704215050000	 0.046705108549345
1065.785662829880000	 0.046723481377955
1066.018621444700000	 0.046733927592169
1066.251580059530000	 0.046735624386987
1066.484538674350000	 0.046730029214237
1066.717497289180000	 0.046721089212674
1066.950455904010000	 0.046714418161786
1067.183414518830000	 0.046715504274417
1067.416373133660000	 0.046727596577988
1067.649331748490000	 0.046750229768691
1067.882290363310000	 0.046779163891103
1068.115248978140000	 0.046807889229296
1068.348207592960000	 0.046830082704571
1068.581166207790000	 0.046841899058038
1068.814124822620000	 0.046843028169927
1069.047083437440000	 0.046836061083683
1069.280042052270000	 0.046824576818532
1069.513000667100000	 0.046811019360801
1069.745959281920000	 0.046795515262537
1069.978917896750000	 0.046776242435821
1070.211876511570000	 0.046751094011708
1070.444835126400000	 0.046719655632238
1070.677793741230000	 0.046684325939285
1070.910752356050000	 0.046649867836104
1071.143710970880000	 0.046621534076514
1071.376669585700000	 0.046602691922195
1071.609628200530000	 0.046593153001860
1071.842586815360000	 0.046589055706090
1072.075545430180000	 0.046584352661941
1072.308504045010000	 0.046573150892946
1072.541462659840000	 0.046551761218627
1072.774421274660000	 0.046519534978497
1073.007379889490000	 0.046478258904916
1073.240338504310000	 0.046430640198455
1073.473297119140000	 0.046378820990967
1073.706255733970000	 0.046323717552452
1073.939214348790000	 0.046265407407536
1074.172172963620000	 0.046204137806578
1074.405131578450000	 0.046141177578823
1074.638090193270000	 0.046078873086024
1074.871048808100000	 0.046019797497011
1075.104007422920000	 0.045965472129647
1075.336966037750000	 0.045915434954661
1075.569924652580000	 0.045867263629510
1075.802883267400000	 0.045817628345553
1076.035841882230000	 0.045763858466095
1076.268800497060000	 0.045705197252164
1076.501759111880000	 0.045643074664746
1076.734717726710000	 0.045580262724338
1076.967676341530000	 0.045519383145844
1077.200634956360000	 0.045461572658072
1077.433593571190000	 0.045406003530010
1077.666552186010000	 0.045350480491475
1077.899510800840000	 0.045292757819681
1078.132469415660000	 0.045231855023079
1078.365428030490000	 0.045168687293427
1078.598386645320000	 0.045105727918046
1078.831345260140000	 0.045045939507904
1079.064303874970000	 0.044991555557075
1079.297262489800000	 0.044943297209901
1079.530221104620000	 0.044900311442608
1079.763179719450000	 0.044860713168976
1079.996138334270000	 0.044822337700836
1080.229096949100000	 0.044783300807709
1080.462055563930000	 0.044742191731490
1080.695014178750000	 0.044698015909074
1080.927972793580000	 0.044650157944489
1081.160931408410000	 0.044598556604476
1081.393890023230000	 0.044544040564862
1081.626848638060000	 0.044488547898663
1081.859807252880000	 0.044434918650101
1082.092765867710000	 0.044386158283640
1082.325724482540000	 0.044344404237089
1082.558683097360000	 0.044310075837241
1082.791641712190000	 0.044281677907565
1083.024600327010000	 0.044256438694989
1083.257558941840000	 0.044231535795141
1083.490517556670000	 0.044205330897424
1083.723476171490000	 0.044177992821378
1083.956434786320000	 0.044151185504211
1084.189393401150000	 0.044126985426114
1084.422352015970000	 0.044106603202044
1084.655310630800000	 0.044089587650215
1084.888269245620000	 0.044073932521053
1085.121227860450000	 0.044057028714731
1085.354186475280000	 0.044036963386404
1085.587145090100000	 0.044013495280881
1085.820103704930000	 0.043988222021309
1086.053062319760000	 0.043963891412137
1086.286020934580000	 0.043943247748451
1086.518979549410000	 0.043928006766350
1086.751938164230000	 0.043918427667769
1086.984896779060000	 0.043913592633641
1087.217855393890000	 0.043912125010040
1087.450814008710000	 0.043912882571486
1087.683772623540000	 0.043915242665432
1087.916731238370000	 0.043918882906902
1088.149689853190000	 0.043923272505114
1088.382648468020000	 0.043927243860250
1088.615607082840000	 0.043928938663911
1088.848565697670000	 0.043926185233061
1089.081524312500000	 0.043917119091812
1089.314482927320000	 0.043900750262556
1089.547441542150000	 0.043877255353758
1089.780400156970000	 0.043847957610416
1090.013358771800000	 0.043815115699393
1090.246317386630000	 0.043781667668626
1090.479276001450000	 0.043750972344270
1090.712234616280000	 0.043726460102522
1090.945193231110000	 0.043711075853840
1091.178151845930000	 0.043706524009284
1091.411110460760000	 0.043712541438545
1091.644069075580000	 0.043726576806570
1091.877027690410000	 0.043744203489305
1092.109986305240000	 0.043760310878670
1092.342944920060000	 0.043770722912080
1092.575903534890000	 0.043773594819968
1092.808862149720000	 0.043769934385908
1093.041820764540000	 0.043762940211511
1093.274779379370000	 0.043756405045334
1093.507737994190000	 0.043752911629150
1093.740696609020000	 0.043752681938979
1093.973655223850000	 0.043753636741424
1094.206613838670000	 0.043752624488377
1094.439572453500000	 0.043747189677637
1094.672531068330000	 0.043736978796841
1094.905489683150000	 0.043724078505605
1095.138448297980000	 0.043712147128160
1095.371406912800000	 0.043704827690233
1095.604365527630000	 0.043704273868911
1095.837324142460000	 0.043710502549638
1096.070282757280000	 0.043721794330124
1096.303241372110000	 0.043735783009827
1096.536199986930000	 0.043750531432731
1096.769158601760000	 0.043764971981480
1097.002117216590000	 0.043778539521669
1097.235075831410000	 0.043790366313947
1097.468034446240000	 0.043798707164307
1097.700993061070000	 0.043801130699787
1097.933951675890000	 0.043795521896085
1098.166910290720000	 0.043781381905932
1098.399868905540000	 0.043760627200647
1098.632827520370000	 0.043737280266009
1098.865786135200000	 0.043716032244640
1099.098744750020000	 0.043700316258616
1099.331703364850000	 0.043690869561424
1099.564661979680000	 0.043685570187086
1099.797620594500000	 0.043680696083202
1100.030579209330000	 0.043673004450024
1100.263537824150000	 0.043661569113173
1100.496496438980000	 0.043648409243003
1100.729455053810000	 0.043637565412604
1100.962413668630000	 0.043633098818685
1101.195372283460000	 0.043637053849777
1101.428330898280000	 0.043648426131651
1101.661289513110000	 0.043663629057014
1101.894248127940000	 0.043678157122982
1102.127206742760000	 0.043688530049303
1102.360165357590000	 0.043693495269488
1102.593123972420000	 0.043693923397419
1102.826082587240000	 0.043691590763812
1103.059041202070000	 0.043687667450311
1103.291999816890000	 0.043681863364673
1103.524958431720000	 0.043672763929421
1103.757917046550000	 0.043659160563229
1103.990875661370000	 0.043641563611814
1104.223834276200000	 0.043622930269553
1104.456792891030000	 0.043608046363102
1104.689751505850000	 0.043601747969525
1104.922710120680000	 0.043606835616207
1105.155668735500000	 0.043622745500586
1105.388627350330000	 0.043645684047803
1105.621585965160000	 0.043670198920290
1105.854544579980000	 0.043691437513150
1106.087503194810000	 0.043707008933935
1106.320461809640000	 0.043717590173602
1106.553420424460000	 0.043726074395643
1106.786379039290000	 0.043735788289649
1107.019337654110000	 0.043748719888439
1107.252296268940000	 0.043764604575996
1107.485254883770000	 0.043781204967486
1107.718213498590000	 0.043795489930107
1107.951172113420000	 0.043805006754719
1108.184130728240000	 0.043808744712017
1108.417089343070000	 0.043807164032939
1108.650047957900000	 0.043801564405692
1108.883006572720000	 0.043793296490799
1109.115965187550000	 0.043783311513954
1109.348923802380000	 0.043772242109508
1109.581882417200000	 0.043760822413187
1109.814841032030000	 0.043750229229931
1110.047799646850000	 0.043741990707184
1110.280758261680000	 0.043737411903696
1110.513716876510000	 0.043736810482222
1110.746675491330000	 0.043739024982875
1110.979634106160000	 0.043741549460174
1111.212592720990000	 0.043741324544883
1111.445551335810000	 0.043735862038607
1111.678509950640000	 0.043724198533271
1111.911468565460000	 0.043707262619040
1112.144427180290000	 0.043687539468507
1112.377385795120000	 0.043668246327496
1112.610344409940000	 0.043652410902877
1112.843303024770000	 0.043642198169941
1113.076261639600000	 0.043638624803182
1113.309220254420000	 0.043641581416401
1113.542178869250000	 0.043649983295428
1113.775137484070000	 0.043661928844621
1114.008096098900000	 0.043674888790359
1114.241054713730000	 0.043686048134715
1114.474013328550000	 0.043692881388395
1114.706971943380000	 0.043693868644457
1114.939930558200000	 0.043689070594572
1115.172889173030000	 0.043680225409756
1115.405847787860000	 0.043670192029739
1115.638806402680000	 0.043661885053177
1115.871765017510000	 0.043657146753640
1116.104723632340000	 0.043656090284340
1116.337682247160000	 0.043657246950590
1116.570640861990000	 0.043658449105011
1116.803599476810000	 0.043657989784877
1117.036558091640000	 0.043655441228164
1117.269516706470000	 0.043651693923403
1117.502475321290000	 0.043648214254843
1117.735433936120000	 0.043645970196319
1117.968392550950000	 0.043644675327976
1118.201351165770000	 0.043642825729337
1118.434309780600000	 0.043638543943543
1118.667268395420000	 0.043630757310856
1118.900227010250000	 0.043620007598890
1119.133185625080000	 0.043608365815155
1119.366144239900000	 0.043598430911516
1119.599102854730000	 0.043591941160600
1119.832061469550000	 0.043588795822712
1120.065020084380000	 0.043587099956451
1120.297978699210000	 0.043584292480585
1120.530937314030000	 0.043578792442011
1120.763895928860000	 0.043571249523488
1120.996854543690000	 0.043564629072766
1121.229813158510000	 0.043562953383926
1121.462771773340000	 0.043569252937004
1121.695730388160000	 0.043583749771065
1121.928689002990000	 0.043603234144568
1122.161647617820000	 0.043622027712343
1122.394606232640000	 0.043634141562550
1122.627564847470000	 0.043635637000195
1122.860523462300000	 0.043626092977306
1123.093482077120000	 0.043608536089387
1123.326440691950000	 0.043587958727751
1123.559399306770000	 0.043569225122541
1123.792357921600000	 0.043555392424732
1124.025316536430000	 0.043547162404603
1124.258275151250000	 0.043543528709225
1124.491233766080000	 0.043543058990070
1124.724192380910000	 0.043544980618553
1124.957150995730000	 0.043549449102294
1125.190109610560000	 0.043556927204697
1125.423068225380000	 0.043567161868268
1125.656026840210000	 0.043578493161778
1125.888985455040000	 0.043588032717601
1126.121944069860000	 0.043592731989839
1126.354902684690000	 0.043590822596615
1126.587861299510000	 0.043582858753996
1126.820819914340000	 0.043571769598900
1127.053778529170000	 0.043561836912088
1127.286737143990000	 0.043557066329737
1127.519695758820000	 0.043559716891018
1127.752654373650000	 0.043569648352943
1127.985612988470000	 0.043584714279260
1128.218571603300000	 0.043601913244792
1128.451530218120000	 0.043618681903175
1128.684488832950000	 0.043633728504306
1128.917447447780000	 0.043647124201883
1129.150406062600000	 0.043659788321260
1129.383364677430000	 0.043672782906734
1129.616323292260000	 0.043686837077646
1129.849281907080000	 0.043702289768318
1130.082240521910000	 0.043719338720293
1130.315199136730000	 0.043738304819192
1130.548157751560000	 0.043759662654552
1130.781116366390000	 0.043783802223546
1131.014074981210000	 0.043810715685067
1131.247033596040000	 0.043839886622153
1131.479992210870000	 0.043870537087221
1131.712950825690000	 0.043902135969713
1131.945909440520000	 0.043934856289202
1132.178868055340000	 0.043969641224898
1132.411826670170000	 0.044007738820711
1132.644785285000000	 0.044049887072300
1132.877743899820000	 0.044095583151817
1133.110702514650000	 0.044142893314688
1133.343661129470000	 0.044189020745034
1133.576619744300000	 0.044231461131859
1133.809578359130000	 0.044269243574325
1134.042536973950000	 0.044303664214264
1134.275495588780000	 0.044338133595545
1134.508454203610000	 0.044377168150866
1134.741412818430000	 0.044424944502409
1134.974371433260000	 0.044484007565186
1135.207330048080000	 0.044554613387558
1135.440288662910000	 0.044634875125404
1135.673247277740000	 0.044721532769680
1135.906205892560000	 0.044810950897635
1136.139164507390000	 0.044899949969042
1136.372123122220000	 0.044986259765535
1136.605081737040000	 0.045068616239892
1136.838040351870000	 0.045146663406701
1137.070998966690000	 0.045220809438084
1137.303957581520000	 0.045292071754151
1137.536916196350000	 0.045361844544443
1137.769874811170000	 0.045431526297023
1138.002833426000000	 0.045502058245101
1138.235792040820000	 0.045573559270265
1138.468750655650000	 0.045645282098875
1138.701709270480000	 0.045715999076252
1138.934667885300000	 0.045784697017258
1139.167626500130000	 0.045851248730727
1139.400585114960000	 0.045916675621081
1139.633543729780000	 0.045982786951467
1139.866502344610000	 0.046051310644760
1140.099460959430000	 0.046122940814556
1140.332419574260000	 0.046196830463814
1140.565378189090000	 0.046270872375863
1140.798336803910000	 0.046342716651472
1141.031295418740000	 0.046411070338252
1141.264254033570000	 0.046476631120813
1141.497212648390000	 0.046542143246550
1141.730171263220000	 0.046611478020255
1141.963129878040000	 0.046688123499648
1142.196088492870000	 0.046773762525037
1142.429047107700000	 0.046867571103329
1142.662005722520000	 0.046966513922360
1142.894964337350000	 0.047066442732241
1143.127922952180000	 0.047163457494671
1143.360881567000000	 0.047254935004942
1143.593840181830000	 0.047339872846421
1143.826798796650000	 0.047418585605649
1144.059757411480000	 0.047492099987143
1144.292716026310000	 0.047561661357257
1144.525674641130000	 0.047628577857270
1144.758633255960000	 0.047694332201160
1144.991591870780000	 0.047760683656528
1145.224550485610000	 0.047829494312010
1145.457509100440000	 0.047902230323457
1145.690467715260000	 0.047979362380603
1145.923426330090000	 0.048060033163860
1146.156384944920000	 0.048142266789046
1146.389343559740000	 0.048223708574156
1146.622302174570000	 0.048302569993969
1146.855260789390000	 0.048378306823026
1147.088219404220000	 0.048451681252785
1147.321178019050000	 0.048524194476880
1147.554136633870000	 0.048597232929651
1147.787095248700000	 0.048671434428889
1148.020053863530000	 0.048746644809586
1148.253012478350000	 0.048822472180059
1148.485971093180000	 0.048899063603889
1148.718929708000000	 0.048977557323240
1148.951888322830000	 0.049059819526480
1149.184846937660000	 0.049147486148971
1149.417805552480000	 0.049240768310647
1149.650764167310000	 0.049337689001184
1149.883722782140000	 0.049434265066737
1150.116681396960000	 0.049525697311907
1150.349640011790000	 0.049608112140686
1150.582598626610000	 0.049680086637806
1150.815557241440000	 0.049743260936936
1151.048515856270000	 0.049801768113323
1151.281474471090000	 0.049860766663256
1151.514433085920000	 0.049924751119624
1151.747391700740000	 0.049996353499420
1151.980350315570000	 0.050076043060327
1152.213308930400000	 0.050162668832761
1152.446267545220000	 0.050254415449098
1152.679226160050000	 0.050349637806183
1152.912184774880000	 0.050447226957670
1153.145143389700000	 0.050546498003191
1153.378102004530000	 0.050646866498327
1153.611060619350000	 0.050747638941310
1153.844019234180000	 0.050848080049152
1154.076977849010000	 0.050947668216892
1154.309936463830000	 0.051046289572269
1154.542895078660000	 0.051144160038693
1154.775853693490000	 0.051241474558430
1155.008812308310000	 0.051338013768166
1155.241770923140000	 0.051433021516965
1155.474729537960000	 0.051525527580128
1155.707688152790000	 0.051615002165818
1155.940646767620000	 0.051701971117116
1156.173605382440000	 0.051788169768399
1156.406563997270000	 0.051876030869634
1156.639522612090000	 0.051967681460269
1156.872481226920000	 0.052063941905484
1157.105439841750000	 0.052163873906091
1157.338398456570000	 0.052265160915672
1157.571357071400000	 0.052365159483455
1157.804315686230000	 0.052462080573188
1158.037274301050000	 0.052555668236345
1158.270232915880000	 0.052647010172965
1158.503191530700000	 0.052737605722215
1158.736150145530000	 0.052828252285212
1158.969108760360000	 0.052918428900808
1159.202067375180000	 0.053006574248375
1159.435025990010000	 0.053091128512995
1159.667984604840000	 0.053171734041867
1159.900943219660000	 0.053249848006159
1160.133901834490000	 0.053328313252236
1160.366860449310000	 0.053410015820418
1160.599819064140000	 0.053496303625530
1160.832777678970000	 0.053586029243865
1161.065736293790000	 0.053675787261292
1161.298694908620000	 0.053761292678569
1161.531653523450000	 0.053839228296776
1161.764612138270000	 0.053908616129989
1161.997570753100000	 0.053971001515108
1162.230529367920000	 0.054029364857329
1162.463487982750000	 0.054086356378361
1162.696446597580000	 0.054142806750094
1162.929405212400000	 0.054197303777626
1163.162363827230000	 0.054247036415883
1163.395322442050000	 0.054289418327338
1163.628281056880000	 0.054323588733200
1163.861239671710000	 0.054350970020941
1164.094198286530000	 0.054374587452314
1164.327156901360000	 0.054397528628715
1164.560115516190000	 0.054421365961653
1164.793074131010000	 0.054445350503161
1165.026032745840000	 0.054466741374703
1165.258991360660000	 0.054482025546858
1165.491949975490000	 0.054488347509115
1165.724908590320000	 0.054484434110692
1165.957867205140000	 0.054470657284020
1166.190825819970000	 0.054448392679939
1166.423784434800000	 0.054419192835880
1166.656743049620000	 0.054384299697050
1166.889701664450000	 0.054344700895341
1167.122660279270000	 0.054301512978685
1167.355618894100000	 0.054256231299727
1167.588577508930000	 0.054210479859507
1167.821536123750000	 0.054165265965908
1168.054494738580000	 0.054120151935169
1168.287453353410000	 0.054072925969138
1168.520411968230000	 0.054020153985300
1168.753370583060000	 0.053958515238032
1168.986329197880000	 0.053886335950650
1169.219287812710000	 0.053804534169567
1169.452246427540000	 0.053716425456166
1169.685205042360000	 0.053626409972455
1169.918163657190000	 0.053538156143492
1170.151122272010000	 0.053453177897335
1170.384080886840000	 0.053370509709128
1170.617039501670000	 0.053287617030357
1170.849998116490000	 0.053202040093728
1171.082956731320000	 0.053112897275205
1171.315915346150000	 0.053021471105646
1171.548873960970000	 0.052930610839123
1171.781832575800000	 0.052843322392540
1172.014791190620000	 0.052761326047745
1172.247749805450000	 0.052684333483614
1172.480708420280000	 0.052610369925777
1172.713667035100000	 0.052536896213191
1172.946625649930000	 0.052462084450303
1173.179584264760000	 0.052385578897748
1173.412542879580000	 0.052308420795142
1173.645501494410000	 0.052232309761529
1173.878460109230000	 0.052158718840703
1174.111418724060000	 0.052088387769744
1174.344377338890000	 0.052021415571019
1174.577335953710000	 0.051957765629307
1174.810294568540000	 0.051897739933331
1175.043253183360000	 0.051842029147548
1175.276211798190000	 0.051791262655011
1175.509170413020000	 0.051745355964995
1175.742129027840000	 0.051703132865781
1175.975087642670000	 0.051662563320412
1176.208046257500000	 0.051621584726038
1176.441004872320000	 0.051579091568146
1176.673963487150000	 0.051535525854623
1176.906922101970000	 0.051492688628051
1177.139880716800000	 0.051452829921082
1177.372839331630000	 0.051417507640324
1177.605797946450000	 0.051386868151691
1177.838756561280000	 0.051359780658912
1178.071715176110000	 0.051334770215481
1178.304673790930000	 0.051311217672781
1178.537632405760000	 0.051290108167294
1178.770591020580000	 0.051273835037061
1179.003549635410000	 0.051265091122868
1179.236508250240000	 0.051265410360138
1179.469466865060000	 0.051274151118343
1179.702425479890000	 0.051288500846294
1179.935384094720000	 0.051304542969426
1180.168342709540000	 0.051318858572216
1180.401301324370000	 0.051329850306086
1180.634259939190000	 0.051338132755282
1180.867218554020000	 0.051345845918308
1181.100177168850000	 0.051355327555485
1181.333135783670000	 0.051367898315739
1181.566094398500000	 0.051383398028446
1181.799053013320000	 0.051400643582829
1182.032011628150000	 0.051418438867878
1182.264970242980000	 0.051436468405868
1182.497928857800000	 0.051455515527627
1182.730887472630000	 0.051476889134781
1182.963846087460000	 0.051501448233054
1183.196804702280000	 0.051528872686886
1183.429763317110000	 0.051557684131189
1183.662721931930000	 0.051586058398211
1183.895680546760000	 0.051612967270285
1184.128639161590000	 0.051638948949682
1184.361597776410000	 0.051665988274291
1184.594556391240000	 0.051696495963340
1184.827515006070000	 0.051731917404251
1185.060473620890000	 0.051771754326472
1185.293432235720000	 0.051813589692576
1185.526390850540000	 0.051854166303782
1185.759349465370000	 0.051890982630380
1185.992308080200000	 0.051923568086170
1186.225266695020000	 0.051953760961637
1186.458225309850000	 0.051984848723083
1186.691183924670000	 0.052020038409894
1186.924142539500000	 0.052061062604817
1187.157101154330000	 0.052107613247281
1187.390059769150000	 0.052157808659381
1187.623018383980000	 0.052209323403676
1187.855976998810000	 0.052260477859477
1188.088935613630000	 0.052310683499616
1188.321894228460000	 0.052360098918741
1188.554852843280000	 0.052408876620794
1188.787811458110000	 0.052456639408832
1189.020770072940000	 0.052502655980464
1189.253728687760000	 0.052546690863202
1189.486687302590000	 0.052589988039818
1189.719645917420000	 0.052635641534422
1189.952604532240000	 0.052687872068464
1190.185563147070000	 0.052750345799236
1190.418521761890000	 0.052824288062088
1190.651480376720000	 0.052907388127672
1190.884438991550000	 0.052994190521037
1191.117397606370000	 0.053077956599269
1191.350356221200000	 0.053153219190838
1191.583314836030000	 0.053217851924354
1191.816273450850000	 0.053273674252215
1192.049232065680000	 0.053325334739835
1192.282190680500000	 0.053378078181012
1192.515149295330000	 0.053435535616464
1192.748107910160000	 0.053498598925739
1192.981066524980000	 0.053565815676027
1193.214025139810000	 0.053634917324290
1193.446983754630000	 0.053704517800966
1193.679942369460000	 0.053774994132110
1193.912900984290000	 0.053848088182557
1194.145859599110000	 0.053925539214394
1194.378818213940000	 0.054007624044113
1194.611776828770000	 0.054092525624266
1194.844735443590000	 0.054176960196316
1195.077694058420000	 0.054257755538121
1195.310652673240000	 0.054333507162496
1195.543611288070000	 0.054405368078574
1195.776569902900000	 0.054476497149393
1196.009528517720000	 0.054550435981205
1196.242487132550000	 0.054629278182017
1196.475445747380000	 0.054712604046127
1196.708404362200000	 0.054797728264140
1196.941362977030000	 0.054881094897663
1197.174321591850000	 0.054960047346289
1197.407280206680000	 0.055034029401615
1197.640238821510000	 0.055104621799235
1197.873197436330000	 0.055174480080077
1198.106156051160000	 0.055245833679916
1198.339114665990000	 0.055319403645580
1198.572073280810000	 0.055394307086194
1198.805031895640000	 0.055468927163212
1199.037990510460000	 0.055542182699514
1199.270949125290000	 0.055614436671183
1199.503907740120000	 0.055687533529366
1199.736866354940000	 0.055763985912808
1199.969824969770000	 0.055845819253340
1200.202783584590000	 0.055933746769284
1200.435742199420000	 0.056027110901510
1200.668700814250000	 0.056124549652004
1200.901659429070000	 0.056224918280380
1201.134618043900000	 0.056327870213414
1201.367576658730000	 0.056433743577022
1201.600535273550000	 0.056542855510668
1201.833493888380000	 0.056654691336285
1202.066452503200000	 0.056767553090631
1202.299411118030000	 0.056878955416775
1202.532369732860000	 0.056986593923310
1202.765328347680000	 0.057089342270224
1202.998286962510000	 0.057187687198055
1203.231245577340000	 0.057283322306287
1203.464204192160000	 0.057378110383043
1203.697162806990000	 0.057472999667829
1203.930121421810000	 0.057567518022846
1204.163080036640000	 0.057660145320111
1204.396038651470000	 0.057749362306811
1204.628997266290000	 0.057834781352680
1204.861955881120000	 0.057917709171420
1205.094914495940000	 0.058000807951169
1205.327873110770000	 0.058087024872797
1205.560831725600000	 0.058178359144099
1205.793790340420000	 0.058275108221147
1206.026748955250000	 0.058375952836709
1206.259707570080000	 0.058478774623394
1206.492666184900000	 0.058581717519184
1206.725624799730000	 0.058683917781147
1206.958583414550000	 0.058785573563771
1207.191542029380000	 0.058887440697644
1207.424500644210000	 0.058990166995572
1207.657459259030000	 0.059093921187665
1207.890417873860000	 0.059198524671689
1208.123376488690000	 0.059303923958510
1208.356335103510000	 0.059410590263448
1208.589293718340000	 0.059519466751941
1208.822252333160000	 0.059631389320312
1209.055210947990000	 0.059746290936853
1209.288169562820000	 0.059862711187273
1209.521128177640000	 0.059978021814072
1209.754086792470000	 0.060089390825732
1209.987045407300000	 0.060195058366099
1210.220004022120000	 0.060295255282930
1210.452962636950000	 0.060392226537700
1210.685921251770000	 0.060489278887408
1210.918879866600000	 0.060589303976146
1211.151838481430000	 0.060693524867193
1211.384797096250000	 0.060801100712974
1211.617755711080000	 0.060909761424964
1211.850714325900000	 0.061017086528484
1212.083672940730000	 0.061121697482111
1212.316631555560000	 0.061223698632970
1212.549590170380000	 0.061324151830755
1212.782548785210000	 0.061423949855476
1213.015507400040000	 0.061522822541645
1213.248466014860000	 0.061619144694474
1213.481424629690000	 0.061710749745076
1213.714383244510000	 0.061796351911942
1213.947341859340000	 0.061876783645355
1214.180300474170000	 0.061955294339782
1214.413259088990000	 0.062036621870834
1214.646217703820000	 0.062125191869730
1214.879176318650000	 0.062223269689393
1215.112134933470000	 0.062329933753316
1215.345093548300000	 0.062441340231324
1215.578052163120000	 0.062552125874515
1215.811010777950000	 0.062657274613542
1216.043969392780000	 0.062753615518882
1216.276928007600000	 0.062840385228610
1216.509886622430000	 0.062918806200921
1216.742845237260000	 0.062991103592050
1216.975803852080000	 0.063059559410951
1217.208762466910000	 0.063126026079562
1217.441721081730000	 0.063191942904958
1217.674679696560000	 0.063258568222835
1217.907638311390000	 0.063327052840481
1218.140596926210000	 0.063398167277483
1218.373555541040000	 0.063471812590521
1218.606514155860000	 0.063546671656718
1218.839472770690000	 0.063620338588747
1219.072431385520000	 0.063690003510635
1219.305390000340000	 0.063753428886949
1219.538348615170000	 0.063809748278085
1219.771307230000000	 0.063859686102677
1220.004265844820000	 0.063905106364778
1220.237224459650000	 0.063948164410630
1220.470183074470000	 0.063990536099749
1220.703141689300000	 0.064033114060423
1220.936100304130000	 0.064076247340348
1221.169058918950000	 0.064120253728301
1221.402017533780000	 0.064165768914051
1221.634976148610000	 0.064213619070950
1221.867934763430000	 0.064264240159898
1222.100893378260000	 0.064317006296980
1222.333851993080000	 0.064369951038439
1222.566810607910000	 0.064420179649170
1222.799769222740000	 0.064464874641913
1223.032727837560000	 0.064502421613344
1223.265686452390000	 0.064533059985659
1223.498645067210000	 0.064558687073268
1223.731603682040000	 0.064581899104920
1223.964562296870000	 0.064604775110786
1224.197520911690000	 0.064628047056841
1224.430479526520000	 0.064651069565633
1224.663438141350000	 0.064672538233051
1224.896396756170000	 0.064691475054522
1225.129355371000000	 0.064707854812226
1225.362313985820000	 0.064722479472487
1225.595272600650000	 0.064736186471208
1225.828231215480000	 0.064748910803130
1226.061189830300000	 0.064759236984906
1226.294148445130000	 0.064764794131871
1226.527107059960000	 0.064763329855564
1226.760065674780000	 0.064753857612658
1226.993024289610000	 0.064737182459921
1227.225982904430000	 0.064715446064848
1227.458941519260000	 0.064690910927454
1227.691900134090000	 0.064664683509646
1227.924858748910000	 0.064636156968893
1228.157817363740000	 0.064603564783353
1228.390775978570000	 0.064565381700082
1228.623734593390000	 0.064521760357002
1228.856693208220000	 0.064475086542468
1229.089651823040000	 0.064429175277004
1229.322610437870000	 0.064387397756848
1229.555569052700000	 0.064350694872435
1229.788527667520000	 0.064316600722428
1230.021486282350000	 0.064279945440188
1230.254444897170000	 0.064235050042134
1230.487403512000000	 0.064178410624860
1230.720362126830000	 0.064110536842131
1230.953320741650000	 0.064035968901293
1231.186279356480000	 0.063961391015337
1231.419237971310000	 0.063892723796509
1231.652196586130000	 0.063832597782936
1231.885155200960000	 0.063779413776026
1232.118113815780000	 0.063728397556877
1232.351072430610000	 0.063674074794277
1232.584031045440000	 0.063612922839566
1232.816989660260000	 0.063544929314104
1233.049948275090000	 0.063473399539741
1233.282906889920000	 0.063403264780119
1233.515865504740000	 0.063338858983204
1233.748824119570000	 0.063282292259245
1233.981782734390000	 0.063233118565479
1234.214741349220000	 0.063189252493939
1234.447699964050000	 0.063148453006769
1234.680658578870000	 0.063109488045792
1234.913617193700000	 0.063072395618142
1235.146575808530000	 0.063037853861487
1235.379534423350000	 0.063006201373213
1235.612493038180000	 0.062976810614140
1235.845451653000000	 0.062948245877238
1236.078410267830000	 0.062919121492085
1236.311368882660000	 0.062889132620664
1236.544327497480000	 0.062859618967998
1236.777286112310000	 0.062833296043699
1237.010244727130000	 0.062813274595944
1237.243203341960000	 0.062801892566322
1237.476161956790000	 0.062799972285487
1237.709120571610000	 0.062806851356989
1237.942079186440000	 0.062821087779365
1238.175037801270000	 0.062841375169229
1238.407996416090000	 0.062867129659527
1238.640955030920000	 0.062898455279610
1238.873913645740000	 0.062935597851755
1239.106872260570000	 0.062978308919799
1239.339830875400000	 0.063025576703386
1239.572789490220000	 0.063075929514021
1239.805748105050000	 0.063128140612914
1240.038706719880000	 0.063181896653099
1240.271665334700000	 0.063237999919813
1240.504623949530000	 0.063297952150469
1240.737582564350000	 0.063363141720414
1240.970541179180000	 0.063434095822079
1241.203499794010000	 0.063510221320508
1241.436458408830000	 0.063590169582742
1241.669417023660000	 0.063672597713179
1241.902375638480000	 0.063756879261974
1242.135334253310000	 0.063843372083985
1242.368292868140000	 0.063933141506212
1242.601251482960000	 0.064027377255007
1242.834210097790000	 0.064126916025702
1243.067168712620000	 0.064232179596678
1243.300127327440000	 0.064343528316572
1243.533085942270000	 0.064461712379124
1243.766044557090000	 0.064587990671699
1243.999003171920000	 0.064723670722934
1244.231961786750000	 0.064869208467452
1244.464920401570000	 0.065023359217006
1244.697879016400000	 0.065182958725221
1244.930837631230000	 0.065343649922738
1245.163796246050000	 0.065501377579212
1245.396754860880000	 0.065654017743522
1245.629713475700000	 0.065802360478670
1245.862672090530000	 0.065949933842830
1246.095630705360000	 0.066101715927456
1246.328589320180000	 0.066262327039124
1246.561547935010000	 0.066434528157144
1246.794506549840000	 0.066618656307021
1247.027465164660000	 0.066813120489088
1247.260423779490000	 0.067015542623397
1247.493382394310000	 0.067223847622715
1247.726341009140000	 0.067436733159300
1247.959299623970000	 0.067653398512034
1248.192258238790000	 0.067872905751032
1248.425216853620000	 0.068093780660700
1248.658175468440000	 0.068314291441657
1248.891134083270000	 0.068533372928426
1249.124092698100000	 0.068751679118512
1249.357051312920000	 0.068972053520442
1249.590009927750000	 0.069198951435221
1249.822968542580000	 0.069436915231218
1250.055927157400000	 0.069688768491798
1250.288885772230000	 0.069954418987904
1250.521844387050000	 0.070230899596637
1250.754803001880000	 0.070513661893631
1250.987761616710000	 0.070798495672039
1251.220720231530000	 0.071083126212822
1251.453678846360000	 0.071367724816871
1251.686637461190000	 0.071654167152436
1251.919596076010000	 0.071944555426579
1252.152554690840000	 0.072239895871908
1252.385513305660000	 0.072539683172400
1252.618471920490000	 0.072842579184807
1252.851430535320000	 0.073147714090502
1253.084389150140000	 0.073455762949119
1253.317347764970000	 0.073769078873409
1253.550306379800000	 0.074090726569138
1253.783264994620000	 0.074422928154866
1254.016223609450000	 0.074765809701789
1254.249182224270000	 0.075117196134524
1254.482140839100000	 0.075473621085014
1254.715099453930000	 0.075832025619573
1254.948058068750000	 0.076191210370643
1255.181016683580000	 0.076552223502223
1255.413975298400000	 0.076917460323344
1255.646933913230000	 0.077288986431767
1255.879892528060000	 0.077667049880559
1256.112851142880000	 0.078049654812793
1256.345809757710000	 0.078433478378982
1256.578768372540000	 0.078815652620038
1256.811726987360000	 0.079195427960884
1257.044685602190000	 0.079574775410992
1257.277644217010000	 0.079957558620992
1257.510602831840000	 0.080347694957428
1257.743561446670000	 0.080747281393906
1257.976520061490000	 0.081155677191675
1258.209478676320000	 0.081570008991607
1258.442437291150000	 0.081986788097030
1258.675395905970000	 0.082403729518085
1258.908354520800000	 0.082820768939634
1259.141313135620000	 0.083239737434417
1259.374271750450000	 0.083662905950127
1259.607230365280000	 0.084091224065321
1259.840188980100000	 0.084523220371271
1260.073147594930000	 0.084955150946513
1260.306106209750000	 0.085382301057746
1260.539064824580000	 0.085800732850002
1260.772023439410000	 0.086208560016426
1261.004982054230000	 0.086606136421629
1261.237940669060000	 0.086995185427046
1261.470899283890000	 0.087377480562753
1261.703857898710000	 0.087753871325532
1261.936816513540000	 0.088124152676637
1262.169775128360000	 0.088487718870580
1262.402733743190000	 0.088844468852754
1262.635692358020000	 0.089195309732646
1262.868650972840000	 0.089541886700940
1263.101609587670000	 0.089885668801004
1263.334568202500000	 0.090226933516407
1263.567526817320000	 0.090564270757450
1263.800485432150000	 0.090894925607604
1264.033444046970000	 0.091215803259507
1264.266402661800000	 0.091524567222995
1264.499361276630000	 0.091820208719985
1264.732319891450000	 0.092102782904169
1264.965278506280000	 0.092372502398217
1265.198237121110000	 0.092628751364274
1265.431195735930000	 0.092869616774398
1265.664154350760000	 0.093092220456989
1265.897112965580000	 0.093293669370538
1266.130071580410000	 0.093472095048166
1266.363030195240000	 0.093627222937092
1266.595988810060000	 0.093760207124007
1266.828947424890000	 0.093872897510418
1267.061906039710000	 0.093967004638477
1267.294864654540000	 0.094043615860073
1267.527823269370000	 0.094103226113833
1267.760781884190000	 0.094146083884997
1267.993740499020000	 0.094172458576678
1268.226699113850000	 0.094182532486440
1268.459657728670000	 0.094175940418163
1268.692616343500000	 0.094151304873189
1268.925574958320000	 0.094106215576383
1269.158533573150000	 0.094037890022543
1269.391492187980000	 0.093944340957879
1269.624450802800000	 0.093825515435846
1269.857409417630000	 0.093683790575531
1270.090368032460000	 0.093523489829016
1270.323326647280000	 0.093349583959363
1270.556285262110000	 0.093166177499857
1270.789243876930000	 0.092975488365354
1271.022202491760000	 0.092777736185945
1271.255161106590000	 0.092571843900546
1271.488119721410000	 0.092356438633380
1271.721078336240000	 0.092130555849200
1271.954036951070000	 0.091893739161966
1272.186995565890000	 0.091645696969490
1272.419954180720000	 0.091386021044095
1272.652912795540000	 0.091114451850253
1272.885871410370000	 0.090831779418645
1273.118830025200000	 0.090540943080506
1273.351788640020000	 0.090247591136548
1273.584747254850000	 0.089959509749420
1273.817705869670000	 0.089684884009479
1274.050664484500000	 0.089430023466567
1274.283623099330000	 0.089197593886142
1274.516581714150000	 0.088986281629008
1274.749540328980000	 0.088792175823933
1274.982498943810000	 0.088611286767681
1275.215457558630000	 0.088441995809363
1275.448416173460000	 0.088286224171592
1275.681374788280000	 0.088148751364349
1275.914333403110000	 0.088035070018402
1276.147292017940000	 0.087948916391181
1276.380250632760000	 0.087890761351208
1276.613209247590000	 0.087858010068325
1276.846167862420000	 0.087846729274128
1277.079126477240000	 0.087853903474340
1277.312085092070000	 0.087878965161846
1277.545043706890000	 0.087923786051618
1277.778002321720000	 0.087991197265015
1278.010960936550000	 0.088082923093770
1278.243919551370000	 0.088198111797985
1278.476878166200000	 0.088333274503759
1278.709836781020000	 0.088483621621454
1278.942795395850000	 0.088644986136067
1279.175754010680000	 0.088815202138097
1279.408712625500000	 0.088994145187327
1279.641671240330000	 0.089182433079453
1279.874629855160000	 0.089379565596858
1280.107588469980000	 0.089582602231654
1280.340547084810000	 0.089786161125959
1280.573505699630000	 0.089983755450604
1280.806464314460000	 0.090169707884988
1281.039422929290000	 0.090340554729874
1281.272381544110000	 0.090495165346992
1281.505340158940000	 0.090633567917324
1281.738298773770000	 0.090755223632038
1281.971257388590000	 0.090857784054179
1282.204216003420000	 0.090937043687501
1282.437174618240000	 0.090988067339215
1282.670133233070000	 0.091006766456834
1282.903091847900000	 0.090990939787062
1283.136050462720000	 0.090940140114730
1283.369009077550000	 0.090854472020570
1283.601967692380000	 0.090733107028120
1283.834926307200000	 0.090573498267672
1284.067884922030000	 0.090371861002247
1284.300843536850000	 0.090124702549966
1284.533802151680000	 0.089830504098692
1284.766760766510000	 0.089490500759005
1284.999719381330000	 0.089107998748979
1285.232677996160000	 0.088686539233254
1285.465636610980000	 0.088227947106155
1285.698595225810000	 0.087731437212310
1285.931553840640000	 0.087194386288598
1286.164512455460000	 0.086614423864446
1286.397471070290000	 0.085991689311314
1286.630429685120000	 0.085329915374066
1286.863388299940000	 0.084635567758853
1287.096346914770000	 0.083915310755848
1287.329305529590000	 0.083173020301623
1287.562264144420000	 0.082407901921367
1287.795222759250000	 0.081614788538793
1288.028181374070000	 0.080786621214489
1288.261139988900000	 0.079918002027913
1288.494098603730000	 0.079008143493844
1288.727057218550000	 0.078061837515480
1288.960015833380000	 0.077088068641302
1289.192974448200000	 0.076097043785971
1289.425933063030000	 0.075097088036780
1289.658891677860000	 0.074092757758456
1289.891850292680000	 0.073084788602132
1290.124808907510000	 0.072071569705644
1290.357767522340000	 0.071051187886298
1290.590726137160000	 0.070022990851407
1290.823684751990000	 0.068988052247567
1291.056643366810000	 0.067948599962506
1291.289601981640000	 0.066907007633847
1291.522560596470000	 0.065865073277211
1291.755519211290000	 0.064824001793043
1291.988477826120000	 0.063785001259632
1292.221436440940000	 0.062750016903633
1292.454395055770000	 0.061722073526174
1292.687353670600000	 0.060704970321733
1292.920312285420000	 0.059702477630036
1293.153270900250000	 0.058717475459859
1293.386229515080000	 0.057751491820605
1293.619188129900000	 0.056804856981731
1293.852146744730000	 0.055877347032925
1294.085105359550000	 0.054968950763616
1294.318063974380000	 0.054080383454829
1294.551022589210000	 0.053213166674730
1294.783981204030000	 0.052369350834247
1295.016939818860000	 0.051551114828554
1295.249898433690000	 0.050760457250739
1295.482857048510000	 0.049999042822942
1295.715815663340000	 0.049268113588378
1295.948774278160000	 0.048568335620891
1296.181732892990000	 0.047899557304452
1296.414691507820000	 0.047260623592303
1296.647650122640000	 0.046649484736873
1296.880608737470000	 0.046063756821707
1297.113567352290000	 0.045501645377744
1297.346525967120000	 0.044962865224061
1297.579484581950000	 0.044449066015587
1297.812443196770000	 0.043963423651659
1298.045401811600000	 0.043509439775307
1298.278360426430000	 0.043089408367771
1298.511319041250000	 0.042703227578083
1298.744277656080000	 0.042348126857132
1298.977236270900000	 0.042019482602645
1299.210194885730000	 0.041712391390754
1299.443153500560000	 0.041423302656299
1299.676112115380000	 0.041150978807667
1299.909070730210000	 0.040896386660942
1300.142029345040000	 0.040661660777699
1300.374987959860000	 0.040448725702729
1300.607946574690000	 0.040258281373563
1300.840905189510000	 0.040089597276600
1301.073863804340000	 0.039941085489959
1301.306822419170000	 0.039811197565499
1301.539781033990000	 0.039699047334021
1301.772739648820000	 0.039604374869927
1302.005698263650000	 0.039526905050835
1302.238656878470000	 0.039465552837294
1302.471615493300000	 0.039418046823992
1302.704574108120000	 0.039381310643766
1302.937532722950000	 0.039352490988920
1303.170491337780000	 0.039330110785066
1303.403449952600000	 0.039314700750634
1303.636408567430000	 0.039308511792774
1303.869367182250000	 0.039314405072514
1304.102325797080000	 0.039334473624654
1304.335284411910000	 0.039369103166279
1304.568243026730000	 0.039416941131306
1304.801201641560000	 0.039475745626808
1305.034160256390000	 0.039543604366838
1305.267118871210000	 0.039619814231041
1305.500077486040000	 0.039704910696584
1305.733036100860000	 0.039799827357603
1305.965994715690000	 0.039904672520616
1306.198953330520000	 0.040017842813284
1306.431911945340000	 0.040136020332667
1306.664870560170000	 0.040255118610848
1306.897829175000000	 0.040371722958365
1307.130787789820000	 0.040484301145699
1307.363746404650000	 0.040593587630294
1307.596705019470000	 0.040701989859779
1307.829663634300000	 0.040812372308778
1308.062622249130000	 0.040926862747887
1308.295580863950000	 0.041046250911413
1308.528539478780000	 0.041170172671781
1308.761498093610000	 0.041297816494621
1308.994456708430000	 0.041428617101253
1309.227415323260000	 0.041562469046600
1309.460373938080000	 0.041699348544530
1309.693332552910000	 0.041838644746240
1309.926291167740000	 0.041978712702726
1310.159249782560000	 0.042117045168676
1310.392208397390000	 0.042251092256178
1310.625167012210000	 0.042379350751708
1310.858125627040000	 0.042502134302949
1311.091084241870000	 0.042621552840653
1311.324042856690000	 0.042740619669643
1311.557001471520000	 0.042861848588716
1311.789960086350000	 0.042985953305752
1312.022918701170000	 0.043111197268843
1312.255877316000000	 0.043233627707538
1312.488835930820000	 0.043348042753625
1312.721794545650000	 0.043449268428505
1312.954753160480000	 0.043533270282705
1313.187711775300000	 0.043597787605959
1313.420670390130000	 0.043642443159083
1313.653629004960000	 0.043668486354936
1313.886587619780000	 0.043678366908412
1314.119546234610000	 0.043675235098897
1314.352504849430000	 0.043662354717342
1314.585463464260000	 0.043642419669750
1314.818422079090000	 0.043616899333632
1315.051380693910000	 0.043585687350141
1315.284339308740000	 0.043547331421238
1315.517297923560000	 0.043499897420462
1315.750256538390000	 0.043442160166045
1315.983215153220000	 0.043374540086635
1316.216173768040000	 0.043299226320981
1316.449132382870000	 0.043219285032693
1316.682090997700000	 0.043137094188281
1316.915049612520000	 0.043052899919504
1317.148008227350000	 0.042964376994722
1317.380966842170000	 0.042867652128328
1317.613925457000000	 0.042759447939363
1317.846884071830000	 0.042639262672983
1318.079842686650000	 0.042510311320278
1318.312801301480000	 0.042378496146662
1318.545759916310000	 0.042249666195327
1318.778718531130000	 0.042126349262228
1319.011677145960000	 0.042005561883839
1319.244635760780000	 0.041878998115205
1319.477594375610000	 0.041735879547030
1319.710552990440000	 0.041567381655904
1319.943511605260000	 0.041370571787743
1320.176470220090000	 0.041149903576742
1320.409428834920000	 0.040915544987149
1320.642387449740000	 0.040679411579085
1320.875346064570000	 0.040450800419192
1321.108304679390000	 0.040233544346533
1321.341263294220000	 0.040025787766147
1321.574221909050000	 0.039822257704583
1321.807180523870000	 0.039617774608204
1322.040139138700000	 0.039410220672192
1322.273097753520000	 0.039201555206049
1322.506056368350000	 0.038996556049780
1322.739014983180000	 0.038800154702701
1322.971973598000000	 0.038614876781657
1323.204932212830000	 0.038439724125548
1323.437890827660000	 0.038271002270746
1323.670849442480000	 0.038104549053929
1323.903808057310000	 0.037938088972542
1324.136766672130000	 0.037772419882351
1324.369725286960000	 0.037610844456769
1324.602683901790000	 0.037457259091093
1324.835642516610000	 0.037314016270959
1325.068601131440000	 0.037180719716188
1325.301559746270000	 0.037054533751187
1325.534518361090000	 0.036931738640058
1325.767476975920000	 0.036809602661768
1326.000435590740000	 0.036687525407842
1326.233394205570000	 0.036566889809584
1326.466352820400000	 0.036449841246143
1326.699311435220000	 0.036337817750551
1326.932270050050000	 0.036230744841699
1327.165228664880000	 0.036127360440761
1327.398187279700000	 0.036026426988279
1327.631145894530000	 0.035928034072920
1327.864104509350000	 0.035834126358923
1328.097063124180000	 0.035747854831275
1328.330021739010000	 0.035672062103551
1328.562980353830000	 0.035607743517949
1328.795938968660000	 0.035553368341452
1329.028897583480000	 0.035505480556508
1329.261856198310000	 0.035460282661496
1329.494814813140000	 0.035415337763305
1329.727773427960000	 0.035370443813440
1329.960732042790000	 0.035327207148506
1330.193690657620000	 0.035287598198315
1330.426649272440000	 0.035252362585132
1330.659607887270000	 0.035220244734148
1330.892566502090000	 0.035188511576364
1331.125525116920000	 0.035154498858470
1331.358483731750000	 0.035117276646362
1331.591442346570000	 0.035078426093829
1331.824400961400000	 0.035041419831539
1332.057359576230000	 0.035009910058846
1332.290318191050000	 0.034985872700688
1332.523276805880000	 0.034968669875700
1332.756235420700000	 0.034955608401914
1332.989194035530000	 0.034943727776699
1333.222152650360000	 0.034931800738597
1333.455111265180000	 0.034921333731276
1333.688069880010000	 0.034915881061720
1333.921028494830000	 0.034918951159858
1334.153987109660000	 0.034931630672416
1334.386945724490000	 0.034951314235069
1334.619904339310000	 0.034972446848572
1334.852862954140000	 0.034989150064444
1335.085821568970000	 0.034998511545733
1335.318780183790000	 0.035002804368137
1335.551738798620000	 0.035009334174040
1335.784697413440000	 0.035027763201546
1336.017656028270000	 0.035065986655242
1336.250614643100000	 0.035126377863793
1336.483573257920000	 0.035204228895834
1336.716531872750000	 0.035289425430018
1336.949490487580000	 0.035370917124550
1337.182449102400000	 0.035441971406989
1337.415407717230000	 0.035503566271039
1337.648366332050000	 0.035564199238894
1337.881324946880000	 0.035636279891704
1338.114283561710000	 0.035730857643228
1338.347242176530000	 0.035852955074478
1338.580200791360000	 0.035999343757668
1338.813159406190000	 0.036159598340975
1339.046118021010000	 0.036319937076331
1339.279076635840000	 0.036468062550008
1339.512035250660000	 0.036596657124614
1339.744993865490000	 0.036703914195009
1339.977952480320000	 0.036791186209648
1340.210911095140000	 0.036859435218341
1340.443869709970000	 0.036906732109550
1340.676828324790000	 0.036928343081969
1340.909786939620000	 0.036919410037118
1341.142745554450000	 0.036878711655607
1341.375704169270000	 0.036811371536697
1341.608662784100000	 0.036729029138672
1341.841621398930000	 0.036647391420362
1342.074580013750000	 0.036582274384760
1342.307538628580000	 0.036545661154472
1342.540497243400000	 0.036543058347036
1342.773455858230000	 0.036572885390696
1343.006414473060000	 0.036627976576835
1343.239373087880000	 0.036698579123001
1343.472331702710000	 0.036775673980385
1343.705290317540000	 0.036853339321655
1343.938248932360000	 0.036929369137158
1344.171207547190000	 0.037004215569314
1344.404166162010000	 0.037079067046185
1344.637124776840000	 0.037154140679381
1344.870083391670000	 0.037228001526770
1345.103042006490000	 0.037298122265919
1345.336000621320000	 0.037362271013069
1345.568959236140000	 0.037419945862346
1345.801917850970000	 0.037473109063357
1346.034876465800000	 0.037525855345819
1346.267835080620000	 0.037583161474799
1346.500793695450000	 0.037649262987477
1346.733752310280000	 0.037726333874123
1346.966710925100000	 0.037813981381174
1347.199669539930000	 0.037909702660772
1347.432628154750000	 0.038010048447987
1347.665586769580000	 0.038111974762587
1347.898545384410000	 0.038213838767663
1348.131503999230000	 0.038315693966149
1348.364462614060000	 0.038418851227054
1348.597421228890000	 0.038524955906568
1348.830379843710000	 0.038634984642669
1349.063338458540000	 0.038748552660548
1349.296297073360000	 0.038863771714899
1349.529255688190000	 0.038977679217666
1349.762214303020000	 0.039087053262457
1349.995172917840000	 0.039189307422854
1350.228131532670000	 0.039283161880350
1350.461090147500000	 0.039368903253903
1350.694048762320000	 0.039448215645917
1350.927007377150000	 0.039523710441789
1351.159965991970000	 0.039598345954429
1351.392924606800000	 0.039674904757160
1351.625883221630000	 0.039755624139611
1351.858841836450000	 0.039842002269816
1352.091800451280000	 0.039934760756114
1352.324759066100000	 0.040033937597356
1352.557717680930000	 0.040139095789764
1352.790676295760000	 0.040249636341804
1353.023634910580000	 0.040365180335859
1353.256593525410000	 0.040485932171461
1353.489552140240000	 0.040612879864442
1353.722510755060000	 0.040747671421013
1353.955469369890000	 0.040892068083227
1354.188427984710000	 0.041047023069422
1354.421386599540000	 0.041211629558833
1354.654345214370000	 0.041382347334413
1354.887303829190000	 0.041552960134583
1355.120262444020000	 0.041715554365949
1355.353221058850000	 0.041862430111803
1355.586179673670000	 0.041988381274101
1355.819138288500000	 0.042092476087607
1356.052096903320000	 0.042178574278543
1356.285055518150000	 0.042254329098367
1356.518014132980000	 0.042329055292792
1356.750972747800000	 0.042411258930805
1356.983931362630000	 0.042506673844651
1357.216889977460000	 0.042617389469277
1357.449848592280000	 0.042742214110204
1357.682807207110000	 0.042877932945534
1357.915765821930000	 0.043020774256648
1358.148724436760000	 0.043167391103464
1358.381683051590000	 0.043315058235757
1358.614641666410000	 0.043461372425582
1358.847600281240000	 0.043604153764792
1359.080558896060000	 0.043742171729791
1359.313517510890000	 0.043876738944580
1359.546476125720000	 0.044013441575654
1359.779434740540000	 0.044162803772138
1360.012393355370000	 0.044338853516688
1360.245351970200000	 0.044555312451745
1360.478310585020000	 0.044820166952381
1360.711269199850000	 0.045130442710009
1360.944227814670000	 0.045469828211559
1361.177186429500000	 0.045811659341399
1361.410145044330000	 0.046127750905047
1361.643103659150000	 0.046399951985673
1361.876062273980000	 0.046628662793879
1362.109020888810000	 0.046833559977136
1362.341979503630000	 0.047045820953720
1362.574938118460000	 0.047294885334207
1362.807896733280000	 0.047594347028500
1363.040855348110000	 0.047931931160616
1363.273813962940000	 0.048268602790778
1363.506772577760000	 0.048549962672987
1363.739731192590000	 0.048727105206922
1363.972689807420000	 0.048776904999244
1364.205648422240000	 0.048710690975676
1364.438607037070000	 0.048567940830881
1364.671565651890000	 0.048400721282384
1364.904524266720000	 0.048257391673866
1365.137482881550000	 0.048171067423377
1365.370441496370000	 0.048154516169160
1365.603400111200000	 0.048201179565376
1365.836358726020000	 0.048291177782559
1366.069317340850000	 0.048400180705821
1366.302275955680000	 0.048508010971203
1366.535234570500000	 0.048603911110185
1366.768193185330000	 0.048687084196488
1367.001151800160000	 0.048763445257896
1367.234110414980000	 0.048840974904172
1367.467069029810000	 0.048925966226157
1367.700027644630000	 0.049021260013560
1367.932986259460000	 0.049126200220034
1368.165944874290000	 0.049237262040771
1368.398903489110000	 0.049348409753124
1368.631862103940000	 0.049451026709122
1368.864820718770000	 0.049534126237830
1369.097779333590000	 0.049585819128328
1369.330737948420000	 0.049596354739185
1369.563696563240000	 0.049561821328939
1369.796655178070000	 0.049486699302074
1370.029613792900000	 0.049383687448346
1370.262572407720000	 0.049270486186869
1370.495531022550000	 0.049164662801541
1370.728489637370000	 0.049078526908286
1370.961448252200000	 0.049015908597782
1371.194406867030000	 0.048972062229920
1371.427365481850000	 0.048936816199868
1371.660324096680000	 0.048899776613489
1371.893282711510000	 0.048855395263332
1372.126241326330000	 0.048805707685720
1372.359199941160000	 0.048759700277892
1372.592158555980000	 0.048729874515654
1372.825117170810000	 0.048727643605264
1373.058075785640000	 0.048759291588856
1373.291034400460000	 0.048823647518048
1373.523993015290000	 0.048911891430833
1373.756951630120000	 0.049009285726485
1373.989910244940000	 0.049098150084473
1374.222868859770000	 0.049161117520573
1374.455827474590000	 0.049183771176931
1374.688786089420000	 0.049156208780560
1374.921744704250000	 0.049073651645258
1375.154703319070000	 0.048936506966033
1375.387661933900000	 0.048750159956780
1375.620620548730000	 0.048524449036705
1375.853579163550000	 0.048272610970756
1376.086537778380000	 0.048009629562053
1376.319496393200000	 0.047750260319013
1376.552455008030000	 0.047507255911367
1376.785413622860000	 0.047290255740297
1377.018372237680000	 0.047105430957891
1377.251330852510000	 0.046955546924049
1377.484289467330000	 0.046839942867861
1377.717248082160000	 0.046754190586800
1377.950206696990000	 0.046689744303066
1378.183165311810000	 0.046634346443924
1378.416123926640000	 0.046573878605792
1378.649082541470000	 0.046495604707757
1378.882041156290000	 0.046391747984228
1379.114999771120000	 0.046261815979245
1379.347958385940000	 0.046112486661642
1379.580917000770000	 0.045954953155371
1379.813875615600000	 0.045800748879674
1380.046834230420000	 0.045657723905574
1380.279792845250000	 0.045527805540611
1380.512751460080000	 0.045407437206205
1380.745710074900000	 0.045290362184704
1380.978668689730000	 0.045171260186720
1381.211627304550000	 0.045048345101477
1381.444585919380000	 0.044923678798073
1381.677544534210000	 0.044801257567510
1381.910503149030000	 0.044684127713522
1382.143461763860000	 0.044572269334222
1382.376420378690000	 0.044462531974333
1382.609378993510000	 0.044350725838877
1382.842337608340000	 0.044234680191597
1383.075296223160000	 0.044116441884903
1383.308254837990000	 0.044002223531251
1383.541213452820000	 0.043899966374575
1383.774172067640000	 0.043815718006788
1384.007130682470000	 0.043750714942162
1384.240089297290000	 0.043700747900172
1384.473047912120000	 0.043658208131998
1384.706006526950000	 0.043615779682232
1384.938965141770000	 0.043569891066514
1385.171923756600000	 0.043522296275907
1385.404882371430000	 0.043479328729368
1385.637840986250000	 0.043449697006631
1385.870799601080000	 0.043442366020012
1386.103758215900000	 0.043465714331580
1386.336716830730000	 0.043527983111244
1386.569675445560000	 0.043637712939368
1386.802634060380000	 0.043802233879381
1387.035592675210000	 0.044022952790227
1387.268551290040000	 0.044288332918550
1387.501509904860000	 0.044568437261701
1387.734468519690000	 0.044816634146004
1387.967427134510000	 0.044981574928700
1388.200385749340000	 0.045025556710772
1388.433344364170000	 0.044939409521145
1388.666302978990000	 0.044745666335292
1388.899261593820000	 0.044489674996231
1389.132220208640000	 0.044224648300952
1389.365178823470000	 0.043997175074390
1389.598137438300000	 0.043836973919410
1389.831096053120000	 0.043752418153097
1390.064054667950000	 0.043732374073506
1390.297013282780000	 0.043753803450041
1390.529971897600000	 0.043792527900921
1390.762930512430000	 0.043832648494621
1390.995889127250000	 0.043870394516263
1391.228847742080000	 0.043911136212752
1391.461806356910000	 0.043962050653802
1391.694764971730000	 0.044025057220710
1391.927723586560000	 0.044094150484534
1392.160682201390000	 0.044158687779139
1392.393640816210000	 0.044210868773203
1392.626599431040000	 0.044253295969437
1392.859558045860000	 0.044302523674098
1393.092516660690000	 0.044386783679925
1393.325475275520000	 0.044538893986801
1393.558433890340000	 0.044786932325217
1393.791392505170000	 0.045145249876376
1394.024351120000000	 0.045607753065727
1394.257309734820000	 0.046145071814469
1394.490268349650000	 0.046707292460866
1394.723226964470000	 0.047233322382104
1394.956185579300000	 0.047665557466836
1395.189144194130000	 0.047965037872229
1395.422102808950000	 0.048120764472906
1395.655061423780000	 0.048149645743462
1395.888020038600000	 0.048088678218935
1396.120978653430000	 0.047984016417368
1396.353937268260000	 0.047880902534741
1396.586895883080000	 0.047816124353609
1396.819854497910000	 0.047813271515265
1397.052813112740000	 0.047881089821060
1397.285771727560000	 0.048015602240022
1397.518730342390000	 0.048206100185607
1397.751688957210000	 0.048443336768639
1397.984647572040000	 0.048726385940798
1398.217606186870000	 0.049064281651190
1398.450564801690000	 0.049470363063631
1398.683523416520000	 0.049950521326334
1398.916482031350000	 0.050490127955467
1399.149440646170000	 0.051047054379750
1399.382399261000000	 0.051557633800246
1399.615357875820000	 0.051956384338385
1399.848316490650000	 0.052200813062789
1400.081275105480000	 0.052287596043247
1400.314233720300000	 0.052251790903967
1400.547192335130000	 0.052151803378988
1400.780150949950000	 0.052049647205173
1401.013109564780000	 0.051995072294580
1401.246068179610000	 0.052017431180933
1401.479026794430000	 0.052125195122787
1401.711985409260000	 0.052310968146849
1401.944944024090000	 0.052558976056276
1402.177902638910000	 0.052851922094468
1402.410861253740000	 0.053175017107728
1402.643819868560000	 0.053516856919783
1402.876778483390000	 0.053868727347365
1403.109737098220000	 0.054224612565876
1403.342695713040000	 0.054583139086246
1403.575654327870000	 0.054950640269324
1403.808612942700000	 0.055342917205341
1404.041571557520000	 0.055783146608252
1404.274530172350000	 0.056294794359002
1404.507488787170000	 0.056890735170805
1404.740447402000000	 0.057562378882604
1404.973406016830000	 0.058274519019622
1405.206364631650000	 0.058971052578292
1405.439323246480000	 0.059591995252559
1405.672281861310000	 0.060094906064020
1405.905240476130000	 0.060469769005474
1406.138199090960000	 0.060740115911507
1406.371157705780000	 0.060951758945724
1406.604116320610000	 0.061156491477363
1406.837074935440000	 0.061398047797673
1407.070033550260000	 0.061704015373496
1407.302992165090000	 0.062084015697257
1407.535950779910000	 0.062532721755440
1407.768909394740000	 0.063035674844367
1408.001868009570000	 0.063575734081899
1408.234826624390000	 0.064138243484436
1408.467785239220000	 0.064713768736438
1408.700743854050000	 0.065298338117273
1408.933702468870000	 0.065891972363060
1409.166661083700000	 0.066496524178957
1409.399619698520000	 0.067113596132817
1409.632578313350000	 0.067742984266757
1409.865536928180000	 0.068381960883434
1410.098495543000000	 0.069025662844555
1410.331454157830000	 0.069668623941740
1410.564412772660000	 0.070306993346202
1410.797371387480000	 0.070940466817532
1411.030330002310000	 0.071572826186002
1411.263288617130000	 0.072210457130985
1411.496247231960000	 0.072859168085664
1411.729205846790000	 0.073520647084383
1411.962164461610000	 0.074190406769545
1412.195123076440000	 0.074858605866043
1412.428081691270000	 0.075513700512882
1412.661040306090000	 0.076147213298006
1412.893998920920000	 0.076757124026682
1413.126957535740000	 0.077348081429692
1413.359916150570000	 0.077928385662541
1413.592874765400000	 0.078505441366004
1413.825833380220000	 0.079082185619104
1414.058791995050000	 0.079656447004664
1414.291750609870000	 0.080223533428284
1414.524709224700000	 0.080780443527033
1414.757667839530000	 0.081329084192966
1414.990626454350000	 0.081876431553753
1415.223585069180000	 0.082431395501486
1415.456543684010000	 0.083000166095783
1415.689502298830000	 0.083582846204652
1415.922460913660000	 0.084173507690620
1416.155419528480000	 0.084763666408245
1416.388378143310000	 0.085346805356341
1416.621336758140000	 0.085920627390804
1416.854295372960000	 0.086485029593817
1417.087253987790000	 0.087036758237555
1417.320212602620000	 0.087564655635916
1417.553171217440000	 0.088050322664219
1417.786129832270000	 0.088476462391274
1418.019088447090000	 0.088839954027855
1418.252047061920000	 0.089162455316680
1418.485005676750000	 0.089491336178496
1418.717964291570000	 0.089887158451302
1418.950922906400000	 0.090397666688449
1419.183881521220000	 0.091022998472434
1419.416840136050000	 0.091687044581507
1419.649798750880000	 0.092241928501901
1419.882757365700000	 0.092523565478454
1420.115715980530000	 0.092432076801295
1420.348674595360000	 0.091976554138408
1420.581633210180000	 0.091254993141112
1420.814591825010000	 0.090398991305949
1421.047550439830000	 0.089526132298626
1421.280509054660000	 0.088716432446136
1421.513467669490000	 0.088007461228641
1421.746426284310000	 0.087399504783465
1421.979384899140000	 0.086866653992604
1422.212343513970000	 0.086372084967562
1422.445302128790000	 0.085884099812551
1422.678260743620000	 0.085387268559509
1422.911219358440000	 0.084884315208593
1423.144177973270000	 0.084389016290954
1423.377136588100000	 0.083914548047025
1423.610095202920000	 0.083462995446744
1423.843053817750000	 0.083020729145765
1424.076012432580000	 0.082561994826410
1424.308971047400000	 0.082059265491761
1424.541929662230000	 0.081494854854688
1424.774888277050000	 0.080867363550540
1425.007846891880000	 0.080190323658322
1425.240805506710000	 0.079485569666219
1425.473764121530000	 0.078775946130248
1425.706722736360000	 0.078080467764405
1425.939681351180000	 0.077412530059800
1426.172639966010000	 0.076780209979361
1426.405598580840000	 0.076187365213011
1426.638557195660000	 0.075634628485635
1426.871515810490000	 0.075120013623434
1427.104474425320000	 0.074639376978424
1427.337433040140000	 0.074187195857003
1427.570391654970000	 0.073757952846117
1427.803350269790000	 0.073347959130986
1428.036308884620000	 0.072956999319596
1428.269267499450000	 0.072589058936808
1428.502226114270000	 0.072251712715672
1428.735184729100000	 0.071954272677406
1428.968143343930000	 0.071705145736949
1429.201101958750000	 0.071508882791573
1429.434060573580000	 0.071363317919789
1429.667019188400000	 0.071257316766956
1429.899977803230000	 0.071170045396694
1430.132936418060000	 0.071072933822408
1430.365895032880000	 0.070934963682420
1430.598853647710000	 0.070730323602329
1430.831812262540000	 0.070445743104344
1431.064770877360000	 0.070084453318876
1431.297729492190000	 0.069665244446451
1431.530688107010000	 0.069217298834934
1431.763646721840000	 0.068772793843674
1431.996605336670000	 0.068359303934091
1432.229563951490000	 0.067993543297282
1432.462522566320000	 0.067677730687893
1432.695481181140000	 0.067399776457772
1432.928439795970000	 0.067137860898450
1433.161398410800000	 0.066868290864492
1433.394357025620000	 0.066573511409039
1433.627315640450000	 0.066246566347841
1433.860274255280000	 0.065890145671310
1434.093232870100000	 0.065511505826497
1434.326191484930000	 0.065116787811005
1434.559150099750000	 0.064708322581758
1434.792108714580000	 0.064286660632157
1435.025067329410000	 0.063856390429683
1435.258025944230000	 0.063432695190645
1435.490984559060000	 0.063045102666894
1435.723943173890000	 0.062735834639135
1435.956901788710000	 0.062551181982172
1436.189860403540000	 0.062524717861371
1436.422819018360000	 0.062653118704589
1436.655777633190000	 0.062873236689846
1436.888736248020000	 0.063061260513250
1437.121694862840000	 0.063072839083020
1437.354653477670000	 0.062809014800567
1437.587612092490000	 0.062258267285986
1437.820570707320000	 0.061484894601812
1438.053529322150000	 0.060585519389332
1438.286487936970000	 0.059650980829001
1438.519446551800000	 0.058748561633335
1438.752405166630000	 0.057919348930353
1438.985363781450000	 0.057181738510971
1439.218322396280000	 0.056536126883884
1439.451281011100000	 0.055969710084798
1439.684239625930000	 0.055461790482746
1439.917198240760000	 0.054989598459206
1440.150156855580000	 0.054533641138885
1440.383115470410000	 0.054081184765206
1440.616074085240000	 0.053627064119341
1440.849032700060000	 0.053172083171865
1441.081991314890000	 0.052720079243799
1441.314949929710000	 0.052274942838876
1441.547908544540000	 0.051838627183034
1441.780867159370000	 0.051410667012373
1442.013825774190000	 0.050989123859112
1442.246784389020000	 0.050572338398074
1442.479743003850000	 0.050160572906495
1442.712701618670000	 0.049756703059684
1442.945660233500000	 0.049365568145629
1443.178618848320000	 0.048992235753003
1443.411577463150000	 0.048639987285110
1443.644536077980000	 0.048309013026913
1443.877494692800000	 0.047996507957670
1444.110453307630000	 0.047698188817789
1444.343411922450000	 0.047410507731788
1444.576370537280000	 0.047132405004725
1444.809329152110000	 0.046865612181028
1445.042287766930000	 0.046613272578788
1445.275246381760000	 0.046377626630341
1445.508204996590000	 0.046158188995485
1445.741163611410000	 0.045951814688372
1445.974122226240000	 0.045755208520032
1446.207080841060000	 0.045569079644915
1446.440039455890000	 0.045401971706498
1446.672998070720000	 0.045271535359624
1446.905956685540000	 0.045201826521292
1447.138915300370000	 0.045216575366996
1447.371873915200000	 0.045329685604707
1447.604832530020000	 0.045535519578527
1447.837791144850000	 0.045803042292616
1448.070749759670000	 0.046078699456333
1448.303708374500000	 0.046300497559432
1448.536666989330000	 0.046419086563318
1448.769625604150000	 0.046415233018577
1449.002584218980000	 0.046304163886618
1449.235542833810000	 0.046126071104084
1449.468501448630000	 0.045930103380877
1449.701460063460000	 0.045760075964848
1449.934418678280000	 0.045646028694607
1450.167377293110000	 0.045601809395041
1450.400335907940000	 0.045627179231024
1450.633294522760000	 0.045712698348040
1450.866253137590000	 0.045845634493653
1451.099211752410000	 0.046015059931382
1451.332170367240000	 0.046214568282576
1451.565128982070000	 0.046441930260657
1451.798087596890000	 0.046696232537500
1452.031046211720000	 0.046974044865813
1452.264004826550000	 0.047266568773786
1452.496963441370000	 0.047559430051951
1452.729922056200000	 0.047835771198774
1452.962880671020000	 0.048081773985945
1453.195839285850000	 0.048292386036265
1453.428797900680000	 0.048474735238046
1453.661756515500000	 0.048647714457945
1453.894715130330000	 0.048837735984990
1454.127673745160000	 0.049071780815192
1454.360632359980000	 0.049369488452820
1454.593590974810000	 0.049736635408740
1454.826549589630000	 0.050162981842457
1455.059508204460000	 0.050627122667069
1455.292466819290000	 0.051108483739503
1455.525425434110000	 0.051602519900776
1455.758384048940000	 0.052132179444318
1455.991342663760000	 0.052748797645318
1456.224301278590000	 0.053517699651877
1456.457259893420000	 0.054486586394458
1456.690218508240000	 0.055641865261725
1456.923177123070000	 0.056875063329078
1457.156135737900000	 0.057997106095297
1457.389094352720000	 0.058816114397060
1457.622052967550000	 0.059230413048136
1457.855011582370000	 0.059262700303957
1458.087970197200000	 0.059020962190132
1458.320928812030000	 0.058633756971230
1458.553887426850000	 0.058203452248348
1458.786846041680000	 0.057787285010224
1459.019804656510000	 0.057398532722984
1459.252763271330000	 0.057019661817357
1459.485721886160000	 0.056621488592290
1459.718680500980000	 0.056181556049828
1459.951639115810000	 0.055694721275219
1460.184597730640000	 0.055172984191220
1460.417556345460000	 0.054637492976006
1460.650514960290000	 0.054108599891927
1460.883473575120000	 0.053598715609300
1461.116432189940000	 0.053109944648775
1461.349390804770000	 0.052636134984502
1461.582349419590000	 0.052167445370454
1461.815308034420000	 0.051694836675288
1462.048266649250000	 0.051212355522277
1462.281225264070000	 0.050716673979385
1462.514183878900000	 0.050205169692908
1462.747142493720000	 0.049674698310133
1462.980101108550000	 0.049122603322520
1463.213059723380000	 0.048549842089724
1463.446018338200000	 0.047964456339585
1463.678976953030000	 0.047383078864909
1463.911935567860000	 0.046828972540348
1464.144894182680000	 0.046326381009512
1464.377852797510000	 0.045891903741468
1464.610811412330000	 0.045524603553282
1464.843770027160000	 0.045198664581624
1465.076728641990000	 0.044864753485583
1465.309687256810000	 0.044464395684075
1465.542645871640000	 0.043952716055961
1465.775604486470000	 0.043316002247053
1466.008563101290000	 0.042573553797067
1466.241521716120000	 0.041765954396179
1466.474480330940000	 0.040939720896918
1466.707438945770000	 0.040135745813583
1466.940397560600000	 0.039383057267201
1467.173356175420000	 0.038696459564250
1467.406314790250000	 0.038076790123933
1467.639273405080000	 0.037513517719382
1467.872232019900000	 0.036989587847021
1468.105190634730000	 0.036487589189622
1468.338149249550000	 0.035995329377813
1468.571107864380000	 0.035508814008776
1468.804066479210000	 0.035031701131429
1469.037025094030000	 0.034571883946259
1469.269983708860000	 0.034137017066317
1469.502942323680000	 0.033731080440451
1469.735900938510000	 0.033353518982654
1469.968859553340000	 0.033001375370970
1470.201818168160000	 0.032673519176970
1470.434776782990000	 0.032375084797715
1470.667735397820000	 0.032120049997603
1470.900694012640000	 0.031930538210627
1471.133652627470000	 0.031832360730837
1471.366611242290000	 0.031847018731763
1471.599569857120000	 0.031981169738944
1471.832528471950000	 0.032216454214446
1472.065487086770000	 0.032505642529228
1472.298445701600000	 0.032782030091767
1472.531404316430000	 0.032982605843389
1472.764362931250000	 0.033073226902608
1472.997321546080000	 0.033058794365452
1473.230280160900000	 0.032972022481795
1473.463238775730000	 0.032850083141262
1473.696197390560000	 0.032713979629309
1473.929156005380000	 0.032560612085595
1474.162114620210000	 0.032369741994570
1474.395073235030000	 0.032120998967894
1474.628031849860000	 0.031811300414202
1474.860990464690000	 0.031463745659469
1475.093949079510000	 0.031125205541667
1475.326907694340000	 0.030855767955999
1475.559866309170000	 0.030714188403672
1475.792824923990000	 0.030741179552422
1476.025783538820000	 0.030941912107934
1476.258742153640000	 0.031273464083593
1476.491700768470000	 0.031648533894348
1476.724659383300000	 0.031963063349908
1476.957617998120000	 0.032137578307938
1477.190576612950000	 0.032146571550685
1477.423535227780000	 0.032018662822391
1477.656493842600000	 0.031813965827976
1477.889452457430000	 0.031597103224999
1478.122411072250000	 0.031418495769939
1478.355369687080000	 0.031306517091912
1478.588328301910000	 0.031268093395560
1478.821286916730000	 0.031294558124608
1479.054245531560000	 0.031369808122871
1479.287204146390000	 0.031477940124538
1479.520162761210000	 0.031608137299656
1479.753121376040000	 0.031755993189266
1479.986079990860000	 0.031922070948112
1480.219038605690000	 0.032109316609678
1480.451997220520000	 0.032320633096777
1480.684955835340000	 0.032557003634558
1480.917914450170000	 0.032815892429696
1481.150873064990000	 0.033089775483554
1481.383831679820000	 0.033365406114690
1481.616790294650000	 0.033625032849930
1481.849748909470000	 0.033850386665046
1482.082707524300000	 0.034028653958768
1482.315666139130000	 0.034157881660379
1482.548624753950000	 0.034248908337962
1482.781583368780000	 0.034322507366102
1483.014541983600000	 0.034402798849256
1483.247500598430000	 0.034509573925447
1483.480459213260000	 0.034652439970278
1483.713417828080000	 0.034828954550393
1483.946376442910000	 0.035027452391063
1484.179335057740000	 0.035233294117506
1484.412293672560000	 0.035435546929689
1484.645252287390000	 0.035630853380598
1484.878210902210000	 0.035822918647051
1485.111169517040000	 0.036018642634086
1485.344128131870000	 0.036223770764816
1485.577086746690000	 0.036440993866864
1485.810045361520000	 0.036671733450973
1486.043003976350000	 0.036920323644628
1486.275962591170000	 0.037197367711056
1486.508921206000000	 0.037518893918280
1486.741879820820000	 0.037899733604949
1486.974838435650000	 0.038342587731066
1487.207797050480000	 0.038827660311580
1487.440755665300000	 0.039310088806782
1487.673714280130000	 0.039730777526139
1487.906672894950000	 0.040038580387467
1488.139631509780000	 0.040212444107226
1488.372590124610000	 0.040270655040774
1488.605548739430000	 0.040263369985536
1488.838507354260000	 0.040254857430638
1489.071465969090000	 0.040304449085482
1489.304424583910000	 0.040451523755469
1489.537383198740000	 0.040706199510488
1489.770341813560000	 0.041046661428487
1490.003300428390000	 0.041424491329330
1490.236259043220000	 0.041777954287234
1490.469217658040000	 0.042049270965076
1490.702176272870000	 0.042198761844378
1490.935134887700000	 0.042210371178765
1491.168093502520000	 0.042088696736296
1491.401052117350000	 0.041852097898562
1491.634010732170000	 0.041526425228137
1491.866969347000000	 0.041141027523779
1492.099927961830000	 0.040726267688670
1492.332886576650000	 0.040311232732171
1492.565845191480000	 0.039921014746317
1492.798803806300000	 0.039573796033203
1493.031762421130000	 0.039278479789535
1493.264721035960000	 0.039033739203152
1493.497679650780000	 0.038829156588701
1493.730638265610000	 0.038648568795486
1493.963596880440000	 0.038474930414312
1494.196555495260000	 0.038295351804232
1494.429514110090000	 0.038104938631160
1494.662472724910000	 0.037908709052492
1494.895431339740000	 0.037721657546243
1495.128389954570000	 0.037567282703014
1495.361348569390000	 0.037474346495879
1495.594307184220000	 0.037470672784932
1495.827265799050000	 0.037572448210077
1496.060224413870000	 0.037769468165594
1496.293183028700000	 0.038012483716355
1496.526141643520000	 0.038215354693579
1496.759100258350000	 0.038281648037918
1496.992058873180000	 0.038145995954207
1497.225017488000000	 0.037802644507098
1497.457976102830000	 0.037303103339903
1497.690934717660000	 0.036731514699061
1497.923893332480000	 0.036177589873972
1498.156851947310000	 0.035717370689654
1498.389810562130000	 0.035400200764818
1498.622769176960000	 0.035237658580247
1498.855727791790000	 0.035195818694609
1499.088686406610000	 0.035199475353053
1499.321645021440000	 0.035155992350925
1499.554603636260000	 0.034991930678286
1499.787562251090000	 0.034680693168631
1500.020520865920000	 0.034244667547272
1500.253479480740000	 0.033736148724533
1500.486438095570000	 0.033213315840013
1500.719396710400000	 0.032722991521326
1500.952355325220000	 0.032292721241544
1501.185313940050000	 0.031930134611668
1501.418272554870000	 0.031627161516665
1501.651231169700000	 0.031367055944764
1501.884189784530000	 0.031131878228278
1502.117148399350000	 0.030907868540885
1502.350107014180000	 0.030687124439083
1502.583065629010000	 0.030465995769012
1502.816024243830000	 0.030242280510456
1503.048982858660000	 0.030013536606497
1503.281941473480000	 0.029777668862206
1503.514900088310000	 0.029535339948939
1503.747858703140000	 0.029292724838883
1503.980817317960000	 0.029063176562124
1504.213775932790000	 0.028867220243668
1504.446734547620000	 0.028731186325756
1504.679693162440000	 0.028685109009101
1504.912651777270000	 0.028760136216260
1505.145610392090000	 0.028984944981745
1505.378569006920000	 0.029380093418174
1505.611527621750000	 0.029949620374965
1505.844486236570000	 0.030671275799373
1506.077444851400000	 0.031490233095298
1506.310403466220000	 0.032323109260904
1506.543362081050000	 0.033075246106935
1506.776320695880000	 0.033664876909416
1507.009279310700000	 0.034041678421086
1507.242237925530000	 0.034191669831893
1507.475196540360000	 0.034130565718124
1507.708155155180000	 0.033893089256854
1507.941113770010000	 0.033523826824871
1508.174072384830000	 0.033070980909965
1508.407030999660000	 0.032582090982572
1508.639989614490000	 0.032100639594852
1508.872948229310000	 0.031662907316946
1509.105906844140000	 0.031294672576601
1509.338865458970000	 0.031007650184804
1509.571824073790000	 0.030796439883823
1509.804782688620000	 0.030638073504819
1510.037741303440000	 0.030496798339464
1510.270699918270000	 0.030334926246737
1510.503658533100000	 0.030126579186970
1510.736617147920000	 0.029868178664652
1510.969575762750000	 0.029580853055526
1511.202534377570000	 0.029304491039947
1511.435492992400000	 0.029086591157332
1511.668451607230000	 0.028969186281422
1511.901410222050000	 0.028975855246978
1512.134368836880000	 0.029101019275139
1512.367327451710000	 0.029305786536807
1512.600286066530000	 0.029525511478811
1512.833244681360000	 0.029689867100102
1513.066203296180000	 0.029747462790929
1513.299161911010000	 0.029682180978694
1513.532120525840000	 0.029513869614146
1513.765079140660000	 0.029286549168243
1513.998037755490000	 0.029052694615295
1514.230996370320000	 0.028860024235429
1514.463954985140000	 0.028742652001596
1514.696913599970000	 0.028715986896103
1514.929872214790000	 0.028775062108381
1515.162830829620000	 0.028897309830062
1515.395789444450000	 0.029050889650861
1515.628748059270000	 0.029207326368998
1515.861706674100000	 0.029353825116150
1516.094665288930000	 0.029499487922089
1516.327623903750000	 0.029672148151627
1516.560582518580000	 0.029906304845633
1516.793541133400000	 0.030225033542831
1517.026499748230000	 0.030620592855092
1517.259458363060000	 0.031042071268183
1517.492416977880000	 0.031401519859163
1517.725375592710000	 0.031603864772222
1517.958334207530000	 0.031587652716503
1518.191292822360000	 0.031350650511974
1518.424251437190000	 0.030945650968846
1518.657210052010000	 0.030455834029370
1518.890168666840000	 0.029968824285816
1519.123127281670000	 0.029560519505602
1519.356085896490000	 0.029288959055524
1519.589044511320000	 0.029193983841351
1519.822003126140000	 0.029298758648207
1520.054961740970000	 0.029610598572616
1520.287920355800000	 0.030119365682706
1520.520878970620000	 0.030792608169015
1520.753837585450000	 0.031569184726482
1520.986796200280000	 0.032357720790384
1521.219754815100000	 0.033049052413740
1521.452713429930000	 0.033545560841838
1521.685672044750000	 0.033794782478116
1521.918630659580000	 0.033805515458460
1522.151589274410000	 0.033636025984258
1522.384547889230000	 0.033364488743565
1522.617506504060000	 0.033059720532274
1522.850465118890000	 0.032763517268324
1523.083423733710000	 0.032486986607084
1523.316382348540000	 0.032218700456003
1523.549340963360000	 0.031940248707959
1523.782299578190000	 0.031642854982039
1524.015258193020000	 0.031338568878515
1524.248216807840000	 0.031062444217454
1524.481175422670000	 0.030865987137389
1524.714134037490000	 0.030803974741598
1524.947092652320000	 0.030916490687995
1525.180051267150000	 0.031208878287155
1525.413009881970000	 0.031636907349882
1525.645968496800000	 0.032109630011889
1525.878927111630000	 0.032517976898413
1526.111885726450000	 0.032778371207833
1526.344844341280000	 0.032864360744762
1526.577802956100000	 0.032807527752137
1526.810761570930000	 0.032673432338195
1527.043720185760000	 0.032531498493498
1527.276678800580000	 0.032432536878179
1527.509637415410000	 0.032397749774050
1527.742596030240000	 0.032418336418760
1527.975554645060000	 0.032463978626896
1528.208513259890000	 0.032497248096305
1528.441471874710000	 0.032488490819726
1528.674430489540000	 0.032424916766358
1528.907389104370000	 0.032310783848751
1529.140347719190000	 0.032160816971546
1529.373306334020000	 0.031992170833824
1529.606264948840000	 0.031819482690338
1529.839223563670000	 0.031654418519447
1530.072182178500000	 0.031508125484460
1530.305140793320000	 0.031393672649446
1530.538099408150000	 0.031326052068266
1530.771058022980000	 0.031318918344320
1531.004016637800000	 0.031379076912443
1531.236975252630000	 0.031501215964704
1531.469933867450000	 0.031666136328012
1531.702892482280000	 0.031845122241674
1531.935851097110000	 0.032010481841008
1532.168809711930000	 0.032148420995787
1532.401768326760000	 0.032267974764883
1532.634726941590000	 0.032400964766526
1532.867685556410000	 0.032591839733816
1533.100644171240000	 0.032879686300782
1533.333602786060000	 0.033276686433367
1533.566561400890000	 0.033749973927441
1533.799520015720000	 0.034217871780729
1534.032478630540000	 0.034570819367344
1534.265437245370000	 0.034713635485553
1534.498395860200000	 0.034605740794966
1534.731354475020000	 0.034273395766017
1534.964313089850000	 0.033790428035074
1535.197271704670000	 0.033245945848360
1535.430230319500000	 0.032718108835828
1535.663188934330000	 0.032260578707324
1535.896147549150000	 0.031899132647410
1536.129106163980000	 0.031634369575197
1536.362064778800000	 0.031448323061167
1536.595023393630000	 0.031314009685351
1536.827982008460000	 0.031206310378952
1537.060940623280000	 0.031111371351985
1537.293899238110000	 0.031031846812194
1537.526857852940000	 0.030987222223178
1537.759816467760000	 0.031010611800034
1537.992775082590000	 0.031144079508458
1538.225733697410000	 0.031433405098196
1538.458692312240000	 0.031921249756667
1538.691650927070000	 0.032636146421408
1538.924609541890000	 0.033575286357603
1539.157568156720000	 0.034683982472709
1539.390526771550000	 0.035844388425942
1539.623485386370000	 0.036892507227551
1539.856444001200000	 0.037669717910307
1540.089402616020000	 0.038083356604956
1540.322361230850000	 0.038135606372281
1540.555319845680000	 0.037906386870956
1540.788278460500000	 0.037512464343088
1541.021237075330000	 0.037071407825844
1541.254195690160000	 0.036681537939967
1541.487154304980000	 0.036413672699421
1541.720112919810000	 0.036306651513849
1541.953071534630000	 0.036362175684932
1542.186030149460000	 0.036540710358104
1542.418988764290000	 0.036765696671436
1542.651947379110000	 0.036943060350700
1542.884905993940000	 0.036993090400582
1543.117864608760000	 0.036878972959865
1543.350823223590000	 0.036615838830158
1543.583781838420000	 0.036258766752641
1543.816740453240000	 0.035881508294066
1544.049699068070000	 0.035557699700388
1544.282657682900000	 0.035348245928979
1544.515616297720000	 0.035292406240672
1544.748574912550000	 0.035399543605599
1544.981533527370000	 0.035642208194299
1545.214492142200000	 0.035956067519938
1545.447450757030000	 0.036253258364608
1545.680409371850000	 0.036448776333667
1545.913367986680000	 0.036488297760395
1546.146326601510000	 0.036362392273222
1546.379285216330000	 0.036101732641601
1546.612243831160000	 0.035760352025776
1546.845202445980000	 0.035397629040960
1547.078161060810000	 0.035065181163514
1547.311119675640000	 0.034799502092547
1547.544078290460000	 0.034618968547097
1547.777036905290000	 0.034524200147525
1548.009995520110000	 0.034501691093724
1548.242954134940000	 0.034530693165785
1548.475912749770000	 0.034592162528217
1548.708871364590000	 0.034677000158255
1548.941829979420000	 0.034790200231413
1549.174788594250000	 0.034948577440526
1549.407747209070000	 0.035171886850351
1549.640705823900000	 0.035469446521743
1549.873664438720000	 0.035826705685607
1550.106623053550000	 0.036198531711086
1550.339581668380000	 0.036516179597320
1550.572540283200000	 0.036709210252949
1550.805498898030000	 0.036732864653726
1551.038457512860000	 0.036585149190637
1551.271416127680000	 0.036304477729491
1551.504374742510000	 0.035952123902366
1551.737333357330000	 0.035590840345494
1551.970291972160000	 0.035268499462333
1552.203250586990000	 0.035010116529158
1552.436209201810000	 0.034818403624573
1552.669167816640000	 0.034681747186460
1552.902126431470000	 0.034586979242815
1553.135085046290000	 0.034532266326219
1553.368043661120000	 0.034534621773803
1553.601002275940000	 0.034627950249284
1553.833960890770000	 0.034850055897405
1554.066919505600000	 0.035219910302160
1554.299878120420000	 0.035711695254487
1554.532836735250000	 0.036240928247176
1554.765795350070000	 0.036681667230013
1554.998753964900000	 0.036916423089252
1555.231712579730000	 0.036888527625748
1555.464671194550000	 0.036619799076221
1555.697629809380000	 0.036188565196522
1555.930588424210000	 0.035693423370427
1556.163547039030000	 0.035226502398525
1556.396505653860000	 0.034862685300782
1556.629464268680000	 0.034660396873064
1556.862422883510000	 0.034667884428533
1557.095381498340000	 0.034930167780451
1557.328340113160000	 0.035491874846875
1557.561298727990000	 0.036389771206303
1557.794257342820000	 0.037629044089237
1558.027215957640000	 0.039145831058041
1558.260174572470000	 0.040779587457112
1558.493133187290000	 0.042296590845035
1558.726091802120000	 0.043479158165268
1558.959050416950000	 0.044224376925244
1559.192009031770000	 0.044572267582527
1559.424967646600000	 0.044651842700875
1559.657926261420000	 0.044599488310913
1559.890884876250000	 0.044498547288514
1560.123843491080000	 0.044356346988391
1560.356802105900000	 0.044119353423444
1560.589760720730000	 0.043718345449718
1560.822719335560000	 0.043118775186678
1561.055677950380000	 0.042344993867565
1561.288636565210000	 0.041468775462698
1561.521595180030000	 0.040579944571363
1561.754553794860000	 0.039760716234904
1561.987512409690000	 0.039071679343903
1562.220471024510000	 0.038546593279258
1562.453429639340000	 0.038191702425685
1562.686388254170000	 0.037988367589168
1562.919346868990000	 0.037900163058606
1563.152305483820000	 0.037884749810424
1563.385264098640000	 0.037907519389466
1563.618222713470000	 0.037951467611538
1563.851181328300000	 0.038018845658395
1564.084139943120000	 0.038124166800220
1564.317098557950000	 0.038281983023822
1564.550057172780000	 0.038494579987297
1564.783015787600000	 0.038744669976625
1565.015974402430000	 0.038996711711527
1565.248933017250000	 0.039207193843821
1565.481891632080000	 0.039339593118646
1565.714850246910000	 0.039376738116359
1565.947808861730000	 0.039324921522380
1566.180767476560000	 0.039209252542458
1566.413726091380000	 0.039064127671950
1566.646684706210000	 0.038923557495574
1566.879643321040000	 0.038814298767974
1567.112601935860000	 0.038752618058595
1567.345560550690000	 0.038744339133002
1567.578519165520000	 0.038787512080249
1567.811477780340000	 0.038876962438476
1568.044436395170000	 0.039009697567875
1568.277395009990000	 0.039189674596775
1568.510353624820000	 0.039430070755492
1568.743312239650000	 0.039751195230898
1568.976270854470000	 0.040172650794334
1569.209229469300000	 0.040699682446320
1569.442188084130000	 0.041306847431306
1569.675146698950000	 0.041927503976842
1569.908105313780000	 0.042461204128558
1570.141063928600000	 0.042804373208508
1570.374022543430000	 0.042891166528391
1570.606981158260000	 0.042718668544818
1570.839939773080000	 0.042341821389454
1571.072898387910000	 0.041847101479884
1571.305857002740000	 0.041323996675698
1571.538815617560000	 0.040845778522640
1571.771774232390000	 0.040460522553590
1572.004732847210000	 0.040189142880006
1572.237691462040000	 0.040028123731320
1572.470650076870000	 0.039956260635700
1572.703608691690000	 0.039944532506981
1572.936567306520000	 0.039966478776388
1573.169525921340000	 0.040005292111719
1573.402484536170000	 0.040055047103431
1573.635443151000000	 0.040116621069144
1573.868401765820000	 0.040191768236777
1574.101360380650000	 0.040279673047288
1574.334318995480000	 0.040378755699037
1574.567277610300000	 0.040493404045779
1574.800236225130000	 0.040642328998627
1575.033194839950000	 0.040863948532062
1575.266153454780000	 0.041214683982229
1575.499112069610000	 0.041756877816625
1575.732070684430000	 0.042533731298517
1575.965029299260000	 0.043532616590309
1576.197987914090000	 0.044651160250451
1576.430946528910000	 0.045698470574910
1576.663905143740000	 0.046458145990601
1576.896863758560000	 0.046787065279489
1577.129822373390000	 0.046675568151420
1577.362780988220000	 0.046227634686714
1577.595739603040000	 0.045594787685702
1577.828698217870000	 0.044918235836676
1578.061656832700000	 0.044301094882054
1578.294615447520000	 0.043803598007461
1578.527574062350000	 0.043448699220763
1578.760532677170000	 0.043231007938262
1578.993491292000000	 0.043126967965292
1579.226449906830000	 0.043105507810052
1579.459408521650000	 0.043137448885314
1579.692367136480000	 0.043201296795743
1579.925325751300000	 0.043284158658129
1580.158284366130000	 0.043378830470177
1580.391242980960000	 0.043479801051963
1580.624201595780000	 0.043580889056583
1580.857160210610000	 0.043675705748343
1581.090118825440000	 0.043760167425170
1581.323077440260000	 0.043834985422336
1581.556036055090000	 0.043906122868063
1581.788994669910000	 0.043982513015019
1582.021953284740000	 0.044072018204229
1582.254911899570000	 0.044177661996717
1582.487870514390000	 0.044296078788650
1582.720829129220000	 0.044419023403362
1582.953787744050000	 0.044537228215392
1583.186746358870000	 0.044644662324061
1583.419704973700000	 0.044741031087486
1583.652663588520000	 0.044831324612433
1583.885622203350000	 0.044922814413491
1584.118580818180000	 0.045021180355791
1584.351539433000000	 0.045127771281810
1584.584498047830000	 0.045239295066905
1584.817456662650000	 0.045349916495021
1585.050415277480000	 0.045454488916854
1585.283373892310000	 0.045551116464840
1585.516332507130000	 0.045641725667079
1585.749291121960000	 0.045730510895450
1585.982249736790000	 0.045821292792048
1586.215208351610000	 0.045915350245817
1586.448166966440000	 0.046010931935031
1586.681125581260000	 0.046104657642805
1586.914084196090000	 0.046193929197535
1587.147042810920000	 0.046278897720856
1587.380001425740000	 0.046362815438528
1587.612960040570000	 0.046450558164179
1587.845918655400000	 0.046546155266001
1588.078877270220000	 0.046650713343418
1588.311835885050000	 0.046761895000094
1588.544794499870000	 0.046875250188698
1588.777753114700000	 0.046986655299112
1589.010711729530000	 0.047094479345595
1589.243670344350000	 0.047200251991612
1589.476628959180000	 0.047307467828918
1589.709587574010000	 0.047419216215491
1589.942546188830000	 0.047535988451039
1590.175504803660000	 0.047654941024744
1590.408463418480000	 0.047771110639720
1590.641422033310000	 0.047879971320432
1590.874380648140000	 0.047979916441089
1591.107339262960000	 0.048073250716147
1591.340297877790000	 0.048165105726604
1591.573256492610000	 0.048260836816100
1591.806215107440000	 0.048363271852858
1592.039173722270000	 0.048471278794261
1592.272132337090000	 0.048580479603914
1592.505090951920000	 0.048685846631317
1592.738049566750000	 0.048784898053792
1592.971008181570000	 0.048879834999444
1593.203966796400000	 0.048977478236761
1593.436925411220000	 0.049086952359914
1593.669884026050000	 0.049216101321965
1593.902842640880000	 0.049368128784588
1594.135801255700000	 0.049539829074550
1594.368759870530000	 0.049722134014223
1594.601718485360000	 0.049902776431418
1594.834677100180000	 0.050070005971654
1595.067635715010000	 0.050215895241681
1595.300594329830000	 0.050338067527862
1595.533552944660000	 0.050439475143095
1595.766511559490000	 0.050526675315678
1595.999470174310000	 0.050607477433585
1596.232428789140000	 0.050688790505784
1596.465387403970000	 0.050775179122550
1596.698346018790000	 0.050868294222377
1596.931304633620000	 0.050967125726293
1597.164263248440000	 0.051068924171934
1597.397221863270000	 0.051170569172193
1597.630180478100000	 0.051270053180669
1597.863139092920000	 0.051367626896609
1598.096097707750000	 0.051466137692289
1598.329056322570000	 0.051570296662223
1598.562014937400000	 0.051685018845701
1598.794973552230000	 0.051813428481166
1599.027932167050000	 0.051955378654856
1599.260890781880000	 0.052107233698607
1599.493849396710000	 0.052263173921764
1599.726808011530000	 0.052417561261342
1599.959766626360000	 0.052567289924945
1600.192725241180000	 0.052712924040593
1600.425683856010000	 0.052857959171038
1600.658642470840000	 0.053006501471527
1600.891601085660000	 0.053160529968800
1601.124559700490000	 0.053318232267319
1601.357518315320000	 0.053474484913517
1601.590476930140000	 0.053623506852919
1601.823435544970000	 0.053762492384121
1602.056394159790000	 0.053894300817499
1602.289352774620000	 0.054027567250896
1602.522311389450000	 0.054173823861566
1602.755270004270000	 0.054342702287683
1602.988228619100000	 0.054537264774446
1603.221187233920000	 0.054751598237256
1603.454145848750000	 0.054971981941100
1603.687104463580000	 0.055181425699330
1603.920063078400000	 0.055365732492759
1604.153021693230000	 0.055518370306560
1604.385980308060000	 0.055642017910978
1604.618938922880000	 0.055746409525614
1604.851897537710000	 0.055843930034820
1605.084856152530000	 0.055945268657793
1605.317814767360000	 0.056057057169381
1605.550773382190000	 0.056182195241377
1605.783731997010000	 0.056322138962064
1606.016690611840000	 0.056479438762205
1606.249649226670000	 0.056658732121939
1606.482607841490000	 0.056865283574409
1606.715566456320000	 0.057101577806559
1606.948525071140000	 0.057363718844777
1607.181483685970000	 0.057639860020131
1607.414442300800000	 0.057912230109258
1607.647400915620000	 0.058162608142128
1607.880359530450000	 0.058379102739232
1608.113318145280000	 0.058561080116365
1608.346276760100000	 0.058719850077107
1608.579235374930000	 0.058874747937916
1608.812193989750000	 0.059046199100531
1609.045152604580000	 0.059248307036399
1609.278111219410000	 0.059483474523502
1609.511069834230000	 0.059740906031375
1609.744028449060000	 0.059999663543948
1609.976987063880000	 0.060235327100764
1610.209945678710000	 0.060427787596916
1610.442904293540000	 0.060567199400016
1610.675862908360000	 0.060656098404171
1610.908821523190000	 0.060707534318433
1611.141780138020000	 0.060740601474658
1611.374738752840000	 0.060775264088090
1611.607697367670000	 0.060827988649512
1611.840655982490000	 0.060908983182491
1612.073614597320000	 0.061021258650157
1612.306573212150000	 0.061161405585105
1612.539531826970000	 0.061321800456962
1612.772490441800000	 0.061493736536919
1613.005449056630000	 0.061670657230174
1613.238407671450000	 0.061850429546889
1613.471366286280000	 0.062035723521674
1613.704324901100000	 0.062232196641112
1613.937283515930000	 0.062445135259246
1614.170242130760000	 0.062676083708443
1614.403200745580000	 0.062921403893608
1614.636159360410000	 0.063174341437413
1614.869117975230000	 0.063430892058090
1615.102076590060000	 0.063697910648976
1615.335035204890000	 0.064000423034046
1615.567993819710000	 0.064384795173523
1615.800952434540000	 0.064914955148607
1616.033911049370000	 0.065659068798526
1616.266869664190000	 0.066664017096251
1616.499828279020000	 0.067918323384579
1616.732786893840000	 0.069316597733742
1616.965745508670000	 0.070657012852115
1617.198704123500000	 0.071701291275721
1617.431662738320000	 0.072277868039835
1617.664621353150000	 0.072354879706812
1617.897579967980000	 0.072031458619783
1618.130538582800000	 0.071472166203781
1618.363497197630000	 0.070841659878671
1618.596455812450000	 0.070268602594357
1618.829414427280000	 0.069835087572958
1619.062373042110000	 0.069578608401961
1619.295331656930000	 0.069498722508740
1619.528290271760000	 0.069566770954841
1619.761248886590000	 0.069739009487727
1619.994207501410000	 0.069971554654472
1620.227166116240000	 0.070232770580108
1620.460124731060000	 0.070508560704639
1620.693083345890000	 0.070799274959661
1620.926041960720000	 0.071111177364427
1621.159000575540000	 0.071447747648873
1621.391959190370000	 0.071805546626142
1621.624917805190000	 0.072176692655706
1621.857876420020000	 0.072556504934081
1622.090835034850000	 0.072952109514791
1622.323793649670000	 0.073387094990543
1622.556752264500000	 0.073898782124124
1622.789710879330000	 0.074527161847001
1623.022669494150000	 0.075297046781506
1623.255628108980000	 0.076197935891744
1623.488586723800000	 0.077170268148764
1623.721545338630000	 0.078109670093681
1623.954503953460000	 0.078895708734443
1624.187462568280000	 0.079435647060414
1624.420421183110000	 0.079698944528411
1624.653379797940000	 0.079722782028297
1624.886338412760000	 0.079590223975197
1625.119297027590000	 0.079398420814397
1625.352255642410000	 0.079232725118384
1625.585214257240000	 0.079152527356530
1625.818172872070000	 0.079187548650628
1626.051131486890000	 0.079341702385905
1626.284090101720000	 0.079602162210344
1626.517048716550000	 0.079951040289401
1626.750007331370000	 0.080375886299089
1626.982965946200000	 0.080874739557128
1627.215924561020000	 0.081453058307519
1627.448883175850000	 0.082113177661249
1627.681841790680000	 0.082840678556132
1627.914800405500000	 0.083594915752982
1628.147759020330000	 0.084311229521424
1628.380717635150000	 0.084917697415431
1628.613676249980000	 0.085360116109699
1628.846634864810000	 0.085621903003839
1629.079593479630000	 0.085728275427772
1629.312552094460000	 0.085734524373279
1629.545510709290000	 0.085706607191160
1629.778469324110000	 0.085702999417679
1630.011427938940000	 0.085762767504486
1630.244386553760000	 0.085901155613672
1630.477345168590000	 0.086112149710359
1630.710303783420000	 0.086376340982612
1630.943262398240000	 0.086671099688647
1631.176221013070000	 0.086979256752239
1631.409179627900000	 0.087293281676086
1631.642138242720000	 0.087614257727330
1631.875096857550000	 0.087947386623659
1632.108055472370000	 0.088296917969486
1632.341014087200000	 0.088662957468989
1632.573972702030000	 0.089041171122348
1632.806931316850000	 0.089424917807620
1633.039889931680000	 0.089808589128420
1633.272848546500000	 0.090191147655959
1633.505807161330000	 0.090579594499198
1633.738765776160000	 0.090992593434161
1633.971724390980000	 0.091464215070264
1634.204683005810000	 0.092046754824568
1634.437641620640000	 0.092810092332517
1634.670600235460000	 0.093833246413186
1634.903558850290000	 0.095182174657035
1635.136517465110000	 0.096869509305418
1635.369476079940000	 0.098804060327532
1635.602434694770000	 0.100764246241968
1635.835393309590000	 0.102446050491942
1636.068351924420000	 0.103591507954605
1636.301310539250000	 0.104112190235106
1636.534269154070000	 0.104108768891891
1636.767227768900000	 0.103790845158387
1637.000186383720000	 0.103378508167586
1637.233144998550000	 0.103041366451207
1637.466103613380000	 0.102876855504039
1637.699062228200000	 0.102910123645116
1637.932020843030000	 0.103105334614317
1638.164979457860000	 0.103387811336701
1638.397938072680000	 0.103675808772794
1638.630896687510000	 0.103912290063133
1638.863855302330000	 0.104082689334761
1639.096813917160000	 0.104211860018919
1639.329772531990000	 0.104345658982315
1639.562731146810000	 0.104528643699771
1639.795689761640000	 0.104787175943553
1640.028648376460000	 0.105122360323062
1640.261606991290000	 0.105513419060008
1640.494565606120000	 0.105928977941884
1640.727524220940000	 0.106340830537294
1640.960482835770000	 0.106733742648440
1641.193441450600000	 0.107107374459807
1641.426400065420000	 0.107471080491185
1641.659358680250000	 0.107835882142767
1641.892317295070000	 0.108208347641635
1642.125275909900000	 0.108588993244885
1642.358234524730000	 0.108974797591302
1642.591193139550000	 0.109363105249536
1642.824151754380000	 0.109753737698491
1643.057110369210000	 0.110147720158678
1643.290068984030000	 0.110543603365553
1643.523027598860000	 0.110934275384374
1643.755986213680000	 0.111307295487078
1643.988944828510000	 0.111650010827692
1644.221903443340000	 0.111957921841710
1644.454862058160000	 0.112242613427355
1644.687820672990000	 0.112535501908463
1644.920779287820000	 0.112885446559482
1645.153737902640000	 0.113350144100506
1645.386696517470000	 0.113981832935371
1645.619655132290000	 0.114808113528819
1645.852613747120000	 0.115811330484707
1646.085572361950000	 0.116916121737421
1646.318530976770000	 0.117999196060718
1646.551489591600000	 0.118927251924024
1646.784448206420000	 0.119606983374720
1647.017406821250000	 0.120016785632318
1647.250365436080000	 0.120203064923560
1647.483324050900000	 0.120250539229923
1647.716282665730000	 0.120247265561851
1647.949241280560000	 0.120258098436871
1648.182199895380000	 0.120310542112773
1648.415158510210000	 0.120393341528538
1648.648117125030000	 0.120467570908583
1648.881075739860000	 0.120487053153435
1649.114034354690000	 0.120419995887510
1649.346992969510000	 0.120262233246647
1649.579951584340000	 0.120037337772457
1649.812910199170000	 0.119786068957756
1650.045868813990000	 0.119551490193720
1650.278827428820000	 0.119365706601753
1650.511786043640000	 0.119242267072552
1650.744744658470000	 0.119176635123340
1650.977703273300000	 0.119155272833161
1651.210661888120000	 0.119171052618473
1651.443620502950000	 0.119239912376231
1651.676579117770000	 0.119412809133324
1651.909537732600000	 0.119778043030889
1652.142496347430000	 0.120449079802966
1652.375454962250000	 0.121530229282928
1652.608413577080000	 0.123052846476850
1652.841372191910000	 0.124895749584756
1653.074330806730000	 0.126753815498697
1653.307289421560000	 0.128237591429344
1653.540248036380000	 0.129074191739956
1653.773206651210000	 0.129234553668575
1654.006165266040000	 0.128882916032396
1654.239123880860000	 0.128238785071372
1654.472082495690000	 0.127476962580422
1654.705041110520000	 0.126698153311098
1654.937999725340000	 0.125942715849094
1655.170958340170000	 0.125217612807224
1655.403916954990000	 0.124520246024727
1655.636875569820000	 0.123852812997198
1655.869834184650000	 0.123226593658415
1656.102792799470000	 0.122658969370482
1656.335751414300000	 0.122167177659815
1656.568710029130000	 0.121762209853511
1656.801668643950000	 0.121444972610152
1657.034627258780000	 0.121205677022520
1657.267585873600000	 0.121026421916925
1657.500544488430000	 0.120885898450872
1657.733503103260000	 0.120764324090439
1657.966461718080000	 0.120646744129865
1658.199420332910000	 0.120523897856079
1658.432378947730000	 0.120391235214621
1658.665337562560000	 0.120247413160171
1658.898296177390000	 0.120093328013155
1659.131254792210000	 0.119931863595534
1659.364213407040000	 0.119767774275122
1659.597172021870000	 0.119606970769805
1659.830130636690000	 0.119454947157383
1660.063089251520000	 0.119314792638948
1660.296047866340000	 0.119185702824585
1660.529006481170000	 0.119062883103988
1660.761965096000000	 0.118939234260348
1660.994923710820000	 0.118808443420987
1661.227882325650000	 0.118668425601579
1661.460840940480000	 0.118523828160323
1661.693799555300000	 0.118386611545201
1661.926758170130000	 0.118274252008823
1662.159716784950000	 0.118205487723588
1662.392675399780000	 0.118193787448447
1662.625634014610000	 0.118239452203536
1662.858592629430000	 0.118322958380322
1663.091551244260000	 0.118403963245687
1663.324509859090000	 0.118429688029215
1663.557468473910000	 0.118351351883444
1663.790427088740000	 0.118141068650098
1664.023385703560000	 0.117800558229258
1664.256344318390000	 0.117358657185894
1664.489302933220000	 0.116861079250537
1664.722261548040000	 0.116357847516072
1664.955220162870000	 0.115891997790481
1665.188178777690000	 0.115491070781777
1665.421137392520000	 0.115162388458968
1665.654096007350000	 0.114893449946434
1665.887054622170000	 0.114658256922474
1666.120013237000000	 0.114428104440972
1666.352971851830000	 0.114182580281193
1666.585930466650000	 0.113915766608958
1666.818889081480000	 0.113635104060204
1667.051847696300000	 0.113354390564127
1667.284806311130000	 0.113085242707428
1667.517764925960000	 0.112831726969872
1667.750723540780000	 0.112591031186669
1667.983682155610000	 0.112359873974652
1668.216640770440000	 0.112143105344611
1668.449599385260000	 0.111959169336014
1668.682558000090000	 0.111837638517927
1668.915516614910000	 0.111806621450622
1669.148475229740000	 0.111872373042093
1669.381433844570000	 0.112000343300658
1669.614392459390000	 0.112112980494769
1669.847351074220000	 0.112114651593566
1670.080309689040000	 0.111933304323643
1670.313268303870000	 0.111551061131616
1670.546226918700000	 0.111005329323237
1670.779185533520000	 0.110367026958499
1671.012144148350000	 0.109713811583759
1671.245102763180000	 0.109109298305625
1671.478061378000000	 0.108589925097955
1671.711019992830000	 0.108158779672825
1671.943978607650000	 0.107787867908646
1672.176937222480000	 0.107430394379265
1672.409895837310000	 0.107039620607468
1672.642854452130000	 0.106585370175333
1672.875813066960000	 0.106060411454729
1673.108771681790000	 0.105476302495359
1673.341730296610000	 0.104854336220073
1673.574688911440000	 0.104217670073324
1673.807647526260000	 0.103587689853926
1674.040606141090000	 0.102984552789199
1674.273564755920000	 0.102429935274563
1674.506523370740000	 0.101949064381020
1674.739481985570000	 0.101568789773298
1674.972440600400000	 0.101308917648875
1675.205399215220000	 0.101166591450139
1675.438357830050000	 0.101100089072992
1675.671316444870000	 0.101026594820135
1675.904275059700000	 0.100846225491182
1676.137233674530000	 0.100483224996272
1676.370192289350000	 0.099915228112758
1676.603150904180000	 0.099172012285569
1676.836109519000000	 0.098313006409799
1677.069068133830000	 0.097403255001174
1677.302026748660000	 0.096497945155174
1677.534985363480000	 0.095635027242982
1677.767943978310000	 0.094832640007823
1678.000902593140000	 0.094089894038064
1678.233861207960000	 0.093391359381521
1678.466819822790000	 0.092715181184661
1678.699778437610000	 0.092042684101407
1678.932737052440000	 0.091365823637661
1679.165695667270000	 0.090689500776363
1679.398654282090000	 0.090028076323808
1679.631612896920000	 0.089397768449184
1679.864571511750000	 0.088807995303498
1680.097530126570000	 0.088255044882232
1680.330488741400000	 0.087720732961802
1680.563447356220000	 0.087176869655538
1680.796405971050000	 0.086593831019704
1681.029364585880000	 0.085949565141414
1681.262323200700000	 0.085235267415769
1681.495281815530000	 0.084455949867654
1681.728240430360000	 0.083626910054716
1681.961199045180000	 0.082768826056304
1682.194157660010000	 0.081903967513116
1682.427116274830000	 0.081054428996330
1682.660074889660000	 0.080241644796406
1682.893033504490000	 0.079485616499915
1683.125992119310000	 0.078802516231319
1683.358950734140000	 0.078200530688150
1683.591909348960000	 0.077675579254288
1683.824867963790000	 0.077209787087830
1684.057826578620000	 0.076774846662857
1684.290785193440000	 0.076339396268906
1684.523743808270000	 0.075876434469800
1684.756702423100000	 0.075366576521066
1684.989661037920000	 0.074796323761010
1685.222619652750000	 0.074154650753345
1685.455578267570000	 0.073432123782855
1685.688536882400000	 0.072623587374557
1685.921495497230000	 0.071731920331463
1686.154454112050000	 0.070770009490751
1686.387412726880000	 0.069760023999210
1686.620371341710000	 0.068730544952190
1686.853329956530000	 0.067712296999255
1687.086288571360000	 0.066733023131006
1687.319247186180000	 0.065812236039192
1687.552205801010000	 0.064957171401925
1687.785164415840000	 0.064161648621984
1688.018123030660000	 0.063408973617821
1688.251081645490000	 0.062678308932785
1688.484040260310000	 0.061951945117370
1688.716998875140000	 0.061220144165451
1688.949957489970000	 0.060481564516071
1689.182916104790000	 0.059739942387887
1689.415874719620000	 0.058999760711413
1689.648833334450000	 0.058263659177675
1689.881791949270000	 0.057532576414116
1690.114750564100000	 0.056807551071760
1690.347709178920000	 0.056091117783495
1690.580667793750000	 0.055386751807500
1690.813626408580000	 0.054696389537533
1691.046585023400000	 0.054017686501539
1691.279543638230000	 0.053343234979845
1691.512502253060000	 0.052662890923201
1691.745460867880000	 0.051968322062743
1691.978419482710000	 0.051257367204008
1692.211378097530000	 0.050535774525903
1692.444336712360000	 0.049815172285321
1692.677295327190000	 0.049107906104286
1692.910253942010000	 0.048420932348416
1693.143212556840000	 0.047751710032355
1693.376171171670000	 0.047088448778752
1693.609129786490000	 0.046415074495404
1693.842088401320000	 0.045718800523557
1694.075047016140000	 0.044996826442632
1694.308005630970000	 0.044259382935055
1694.540964245800000	 0.043528523785200
1694.773922860620000	 0.042834124210993
1695.006881475450000	 0.042209107538924
1695.239840090270000	 0.041684681558315
1695.472798705100000	 0.041284154226372
1695.705757319930000	 0.041012768978225
1695.938715934750000	 0.040844281407626
1696.171674549580000	 0.040713915859895
1696.404633164410000	 0.040532354709254
1696.637591779230000	 0.040220549345388
1696.870550394060000	 0.039740836119457
1697.103509008880000	 0.039102122079383
1697.336467623710000	 0.038343810392654
1697.569426238540000	 0.037516433463455
1697.802384853360000	 0.036668615538792
1698.035343468190000	 0.035839686484880
1698.268302083020000	 0.035054874844652
1698.501260697840000	 0.034322569168889
1698.734219312670000	 0.033635813340932
1698.967177927490000	 0.032980171046854
1699.200136542320000	 0.032347220668641
1699.433095157150000	 0.031749576758614
1699.666053771970000	 0.031231404133685
1699.899012386800000	 0.030866531161494
1700.131971001630000	 0.030733174153628
1700.364929616450000	 0.030858889459158
1700.597888231280000	 0.031161131123544
1700.830846846100000	 0.031451285609986
1701.063805460930000	 0.031533746179627
1701.296764075760000	 0.031314448147329
1701.529722690580000	 0.030819920930584
1701.762681305410000	 0.030142591824148
1701.995639920230000	 0.029382129514476
1702.228598535060000	 0.028614746125228
1702.461557149890000	 0.027885682793661
1702.694515764710000	 0.027213481166696
1702.927474379540000	 0.026599373453726
1703.160432994370000	 0.026038347364420
1703.393391609190000	 0.025528807608146
1703.626350224020000	 0.025077573479936
1703.859308838840000	 0.024697994954590
1704.092267453670000	 0.024401567216537
1704.325226068500000	 0.024186901533768
1704.558184683320000	 0.024032712301416
1704.791143298150000	 0.023900957141965
1705.024101912980000	 0.023750611142025
1705.257060527800000	 0.023554766066396
1705.490019142630000	 0.023310840667590
1705.722977757450000	 0.023038630353798
1705.955936372280000	 0.022768597766557
1706.188894987110000	 0.022526937634762
1706.421853601930000	 0.022323764703007
1706.654812216760000	 0.022148791139295
1706.887770831580000	 0.021976165771237
1707.120729446410000	 0.021776289726398
1707.353688061240000	 0.021528549791032
1707.586646676060000	 0.021228330543746
1707.819605290890000	 0.020885746031620
1708.052563905720000	 0.020518911544464
1708.285522520540000	 0.020146815953918
1708.518481135370000	 0.019785236357594
1708.751439750190000	 0.019446138780324
1708.984398365020000	 0.019138922706567
1709.217356979850000	 0.018871367133853
1709.450315594670000	 0.018648912818144
1709.683274209500000	 0.018472370706926
1709.916232824330000	 0.018335523980572
1710.149191439150000	 0.018224588795896
1710.382150053980000	 0.018120699146479
1710.615108668800000	 0.018004864782082
1710.848067283630000	 0.017863280438635
1711.081025898460000	 0.017690504150141
1711.313984513280000	 0.017489183719224
1711.546943128110000	 0.017266975839045
1711.779901742940000	 0.017032775499368
1712.012860357760000	 0.016794412032772
1712.245818972590000	 0.016558674562337
1712.478777587410000	 0.016332879017703
1712.711736202240000	 0.016126222802512
1712.944694817070000	 0.015949366125717
1713.177653431890000	 0.015811863940845
1713.410612046720000	 0.015718619821505
1713.643570661540000	 0.015667525308882
1713.876529276370000	 0.015650072061032
1714.109487891200000	 0.015654957164726
1714.342446506020000	 0.015672608130960
1714.575405120850000	 0.015697579290228
1714.808363735680000	 0.015726707480209
1715.041322350500000	 0.015753571989152
1715.274280965330000	 0.015763040586250
1715.507239580150000	 0.015731162835594
1715.740198194980000	 0.015632943262235
1715.973156809810000	 0.015454598130414
1716.206115424630000	 0.015203208528988
1716.439074039460000	 0.014908889030440
1716.672032654290000	 0.014619559518648
1716.904991269110000	 0.014390919981933
1717.137949883940000	 0.014273487648083
1717.370908498760000	 0.014297679508937
1717.603867113590000	 0.014459854357641
1717.836825728420000	 0.014716520427559
1718.069784343240000	 0.014994992802045
1718.302742958070000	 0.015220043493291
1718.535701572900000	 0.015341847376307
1718.768660187720000	 0.015347383715458
1719.001618802550000	 0.015251545540094
1719.234577417370000	 0.015079509502609
1719.467536032200000	 0.014853618030531
1719.700494647030000	 0.014589816894981
1719.933453261850000	 0.014301042252220
1720.166411876680000	 0.014002248971497
1720.399370491500000	 0.013712873355836
1720.632329106330000	 0.013455109575898
1720.865287721160000	 0.013248820828825
1721.098246335980000	 0.013105461327504
1721.331204950810000	 0.013023900993990
1721.564163565640000	 0.012990486422768
1721.797122180460000	 0.012983972980275
1722.030080795290000	 0.012983517964552
1722.263039410110000	 0.012976035095648
1722.495998024940000	 0.012959363986630
1722.728956639770000	 0.012940039107967
1722.961915254590000	 0.012927351543863
1723.194873869420000	 0.012927032157007
1723.427832484250000	 0.012937619407152
1723.660791099070000	 0.012950938739809
1723.893749713900000	 0.012955996495836
1724.126708328720000	 0.012943909514341
1724.359666943550000	 0.012911156482810
1724.592625558380000	 0.012859743500954
1724.825584173200000	 0.012794934508003
1725.058542788030000	 0.012722500789372
1725.291501402850000	 0.012647210653566
1725.524460017680000	 0.012572993181855
1725.757418632510000	 0.012503935300149
1725.990377247330000	 0.012444789211471
1726.223335862160000	 0.012400147501423
1726.456294476990000	 0.012372515636988
1726.689253091810000	 0.012360474138208
1726.922211706640000	 0.012358310476152
1727.155170321460000	 0.012357731315117
1727.388128936290000	 0.012351010403908
1727.621087551120000	 0.012334000587850
1727.854046165940000	 0.012307447864443
1728.087004780770000	 0.012276016387593
1728.319963395600000	 0.012245794818577
1728.552922010420000	 0.012221955205212
1728.785880625250000	 0.012208062454908
1729.018839240070000	 0.012207345263198
1729.251797854900000	 0.012224757525276
1729.484756469730000	 0.012267777394809
1729.717715084550000	 0.012344183243658
1729.950673699380000	 0.012456619370469
1730.183632314210000	 0.012596202479570
1730.416590929030000	 0.012739449861022
1730.649549543860000	 0.012852373738465
1730.882508158680000	 0.012901630369088
1731.115466773510000	 0.012867494828607
1731.348425388340000	 0.012751729639081
1731.581384003160000	 0.012576799789943
1731.814342617990000	 0.012378038647378
1732.047301232810000	 0.012193194649893
1732.280259847640000	 0.012053513883643
1732.513218462470000	 0.011978840385667
1732.746177077290000	 0.011977559191113
1732.979135692120000	 0.012050740004821
1733.212094306950000	 0.012198270114924
1733.445052921770000	 0.012423289807025
1733.678011536600000	 0.012730858706203
1733.910970151420000	 0.013118891908134
1734.143928766250000	 0.013564683833921
1734.376887381080000	 0.014016623501867
1734.609845995900000	 0.014401682229751
1734.842804610730000	 0.014649440600637
1735.075763225560000	 0.014718845954401
1735.308721840380000	 0.014610424726152
1735.541680455210000	 0.014359057754449
1735.774639070030000	 0.014016369209307
1736.007597684860000	 0.013634480794130
1736.240556299690000	 0.013256890180624
1736.473514914510000	 0.012916000684728
1736.706473529340000	 0.012634132736218
1736.939432144170000	 0.012424933379296
1737.172390758990000	 0.012293419321522
1737.405349373820000	 0.012234637786410
1737.638307988640000	 0.012232642840404
1737.871266603470000	 0.012262347420275
1738.104225218300000	 0.012295826625143
1738.337183833120000	 0.012311869929493
1738.570142447950000	 0.012304895691107
1738.803101062770000	 0.012288961402821
1739.036059677600000	 0.012294606732414
1739.269018292430000	 0.012358742267191
1739.501976907250000	 0.012509552496298
1739.734935522080000	 0.012750335303980
1739.967894136910000	 0.013049286737472
1740.200852751730000	 0.013343813273893
1740.433811366560000	 0.013562289019554
1740.666769981380000	 0.013653315598184
1740.899728596210000	 0.013604693539333
1741.132687211040000	 0.013442149515022
1741.365645825860000	 0.013213247751117
1741.598604440690000	 0.012968954673201
1741.831563055520000	 0.012751302489929
1742.064521670340000	 0.012588714117520
1742.297480285170000	 0.012496630677411
1742.530438899990000	 0.012480257095887
1742.763397514820000	 0.012536861342469
1742.996356129650000	 0.012656284800212
1743.229314744470000	 0.012819994147403
1743.462273359300000	 0.013000702299929
1743.695231974120000	 0.013165189065099
1743.928190588950000	 0.013281405760753
1744.161149203780000	 0.013327750382791
1744.394107818600000	 0.013299998923275
1744.627066433430000	 0.013212085359030
1744.860025048260000	 0.013090321743220
1745.092983663080000	 0.012964008839305
1745.325942277910000	 0.012856579485338
1745.558900892730000	 0.012780471737782
1745.791859507560000	 0.012736990897108
1746.024818122390000	 0.012720373109400
1746.257776737210000	 0.012723614758703
1746.490735352040000	 0.012742955154920
1746.723693966870000	 0.012778718811661
1746.956652581690000	 0.012832376381258
1747.189611196520000	 0.012902071633875
1747.422569811340000	 0.012980019517740
1747.655528426170000	 0.013054205273521
1747.888487041000000	 0.013114054245584
1748.121445655820000	 0.013156828173939
1748.354404270650000	 0.013190420198187
1748.587362885480000	 0.013229843115194
1748.820321500300000	 0.013288206274685
1749.053280115130000	 0.013366584477907
1749.286238729950000	 0.013448986924293
1749.519197344780000	 0.013506911327910
1749.752155959610000	 0.013512554444611
1749.985114574430000	 0.013453955214174
1750.218073189260000	 0.013344060530884
1750.451031804080000	 0.013219778554645
1750.683990418910000	 0.013132085005730
1750.916949033740000	 0.013130240587134
1751.149907648560000	 0.013243219543544
1751.382866263390000	 0.013463305402119
1751.615824878220000	 0.013740923623186
1751.848783493040000	 0.013999404571124
1752.081742107870000	 0.014166343992841
1752.314700722690000	 0.014202774721209
1752.547659337520000	 0.014112061189179
1752.780617952350000	 0.013928112472419
1753.013576567170000	 0.013696077213300
1753.246535182000000	 0.013457183157854
1753.479493796830000	 0.013241281948474
1753.712452411650000	 0.013065418860267
1753.945411026480000	 0.012935672895707
1754.178369641300000	 0.012850212769285
1754.411328256130000	 0.012802350967155
1754.644286870960000	 0.012783039266388
1754.877245485780000	 0.012782825506111
1755.110204100610000	 0.012793658286441
1755.343162715440000	 0.012810829440589
1755.576121330260000	 0.012834790060018
1755.809079945090000	 0.012871956726377
1756.042038559910000	 0.012933439430667
1756.274997174740000	 0.013031118956713
1756.507955789570000	 0.013171587770460
1756.740914404390000	 0.013349865447483
1756.973873019220000	 0.013546016570710
1757.206831634040000	 0.013727816343535
1757.439790248870000	 0.013860201735778
1757.672748863700000	 0.013917856082278
1757.905707478520000	 0.013894334119944
1758.138666093350000	 0.013803043397785
1758.371624708180000	 0.013670741145661
1758.604583323000000	 0.013528003503303
1758.837541937830000	 0.013400920761620
1759.070500552650000	 0.013305943951919
1759.303459167480000	 0.013248015768267
1759.536417782310000	 0.013221597410126
1759.769376397130000	 0.013214174124568
1760.002335011960000	 0.013211490334570
1760.235293626790000	 0.013203168205976
1760.468252241610000	 0.013187127075191
1760.701210856440000	 0.013171650868588
1760.934169471260000	 0.013174601020517
1761.167128086090000	 0.013219565311050
1761.400086700920000	 0.013328794791051
1761.633045315740000	 0.013513494536372
1761.866003930570000	 0.013764150856200
1762.098962545390000	 0.014046241316439
1762.331921160220000	 0.014306701921896
1762.564879775050000	 0.014491108107977
1762.797838389870000	 0.014563494532049
1763.030797004700000	 0.014517993804299
1763.263755619530000	 0.014377355923129
1763.496714234350000	 0.014181775929238
1763.729672849180000	 0.013975001861345
1763.962631464000000	 0.013792970989215
1764.195590078830000	 0.013657130358322
1764.428548693660000	 0.013572729658309
1764.661507308480000	 0.013531622985547
1764.894465923310000	 0.013518379993547
1765.127424538140000	 0.013517417243825
1765.360383152960000	 0.013518242768645
1765.593341767790000	 0.013516799331155
1765.826300382610000	 0.013513125591647
1766.059258997440000	 0.013507649274604
1766.292217612270000	 0.013498982061112
1766.525176227090000	 0.013484893865882
1766.758134841920000	 0.013466032094665
1766.991093456750000	 0.013450109055092
1767.224052071570000	 0.013453690678227
1767.457010686400000	 0.013499621507283
1767.689969301220000	 0.013609867502700
1767.922927916050000	 0.013795357908931
1768.155886530880000	 0.014046156536851
1768.388845145700000	 0.014326998388053
1768.621803760530000	 0.014583286166732
1768.854762375350000	 0.014758215829608
1769.087720990180000	 0.014813605735617
1769.320679605010000	 0.014742757320111
1769.553638219830000	 0.014569258784813
1769.786596834660000	 0.014335660148543
1770.019555449490000	 0.014090337683630
1770.252514064310000	 0.013877865165698
1770.485472679140000	 0.013733415830877
1770.718431293960000	 0.013679462277824
1770.951389908790000	 0.013723582697527
1771.184348523620000	 0.013857847314544
1771.417307138440000	 0.014061234634174
1771.650265753270000	 0.014305687521360
1771.883224368100000	 0.014564145196632
1772.116182982920000	 0.014817046453103
1772.349141597750000	 0.015054085359865
1772.582100212570000	 0.015270384255110
1772.815058827400000	 0.015459384824767
1773.048017442230000	 0.015607072204032
1773.280976057050000	 0.015692034857864
1773.513934671880000	 0.015692446642162
1773.746893286700000	 0.015596212138716
1773.979851901530000	 0.015408370959865
1774.212810516360000	 0.015152205130931
1774.445769131180000	 0.014864532597097
1774.678727746010000	 0.014587813218157
1774.911686360840000	 0.014361406825190
1775.144644975660000	 0.014213351407451
1775.377603590490000	 0.014153856948478
1775.610562205310000	 0.014172391909489
1775.843520820140000	 0.014240545387620
1776.076479434970000	 0.014321242920433
1776.309438049790000	 0.014381376386570
1776.542396664620000	 0.014402113019704
1776.775355279450000	 0.014382128123780
1777.008313894270000	 0.014333378942497
1777.241272509100000	 0.014273073680273
1777.474231123920000	 0.014216370332090
1777.707189738750000	 0.014172530024959
1777.940148353580000	 0.014144790856121
1778.173106968400000	 0.014132531444082
1778.406065583230000	 0.014133763966774
1778.639024198060000	 0.014146526594335
1778.871982812880000	 0.014168915530759
1779.104941427710000	 0.014198603000383
1779.337900042530000	 0.014233030859585
1779.570858657360000	 0.014270814989956
1779.803817272190000	 0.014313680959392
1780.036775887010000	 0.014367338922578
1780.269734501840000	 0.014439821388564
1780.502693116660000	 0.014537059060121
1780.735651731490000	 0.014657291317179
1780.968610346320000	 0.014787345437003
1781.201568961140000	 0.014903828233491
1781.434527575970000	 0.014980176124682
1781.667486190800000	 0.014996944112031
1781.900444805620000	 0.014950100638959
1782.133403420450000	 0.014852855838278
1782.366362035270000	 0.014730312089897
1782.599320650100000	 0.014609972539210
1782.832279264930000	 0.014512507671922
1783.065237879750000	 0.014446319945063
1783.298196494580000	 0.014407644159691
1783.531155109410000	 0.014385835443039
1783.764113724230000	 0.014371347948215
1783.997072339060000	 0.014362478048477
1784.230030953880000	 0.014367341072318
1784.462989568710000	 0.014399852801182
1784.695948183540000	 0.014471412692030
1784.928906798360000	 0.014582149511665
1785.161865413190000	 0.014716337459461
1785.394824028020000	 0.014845373406183
1785.627782642840000	 0.014938030294561
1785.860741257670000	 0.014972982787198
1786.093699872490000	 0.014946668583661
1786.326658487320000	 0.014872692881454
1786.559617102150000	 0.014774445235041
1786.792575716970000	 0.014675717994440
1787.025534331800000	 0.014593572027364
1787.258492946620000	 0.014535443871365
1787.491451561450000	 0.014500400829457
1787.724410176280000	 0.014482991366608
1787.957368791100000	 0.014477349167037
1788.190327405930000	 0.014479428728861
1788.423286020760000	 0.014486600852620
1788.656244635580000	 0.014495623860337
1788.889203250410000	 0.014501100235069
1789.122161865230000	 0.014496227800064
1789.355120480060000	 0.014476107477796
1789.588079094890000	 0.014441982178409
1789.821037709710000	 0.014403781420797
1790.053996324540000	 0.014378945787838
1790.286954939370000	 0.014387278456984
1790.519913554190000	 0.014443448717703
1790.752872169020000	 0.014550075450533
1790.985830783840000	 0.014694822919936
1791.218789398670000	 0.014854080924759
1791.451748013500000	 0.015002886732342
1791.684706628320000	 0.015126739402813
1791.917665243150000	 0.015228933710891
1792.150623857980000	 0.015329086644004
1792.383582472800000	 0.015452995472008
1792.616541087630000	 0.015617765878358
1792.849499702450000	 0.015818405247883
1793.082458317280000	 0.016023059228691
1793.315416932110000	 0.016181876526229
1793.548375546930000	 0.016247034837273
1793.781334161760000	 0.016193041830319
1794.014292776580000	 0.016025977882025
1794.247251391410000	 0.015779022854072
1794.480210006240000	 0.015500053393274
1794.713168621060000	 0.015238401348266
1794.946127235890000	 0.015034430969656
1795.179085850720000	 0.014912634070797
1795.412044465540000	 0.014878307404076
1795.645003080370000	 0.014918327227391
1795.877961695190000	 0.015006305082608
1796.110920310020000	 0.015110939535334
1796.343878924850000	 0.015204709518736
1796.576837539670000	 0.015269749672552
1796.809796154500000	 0.015299268005357
1797.042754769330000	 0.015295140983707
1797.275713384150000	 0.015263868220775
1797.508671998980000	 0.015213189205298
1797.741630613800000	 0.015150643456144
1797.974589228630000	 0.015083979582401
1798.207547843460000	 0.015022329726657
1798.440506458280000	 0.014976816516573
1798.673465073110000	 0.014959665002535
1798.906423687930000	 0.014981642117482
1799.139382302760000	 0.015048451494125
1799.372340917590000	 0.015157371051490
1799.605299532410000	 0.015295730062113
1799.838258147240000	 0.015442511517516
1800.071216762070000	 0.015573257896284
1800.304175376890000	 0.015666840188191
1800.537133991720000	 0.015711444859835
1800.770092606540000	 0.015707338514848
1801.003051221370000	 0.015665614621053
1801.236009836200000	 0.015604023300268
1801.468968451020000	 0.015541842250632
1801.701927065850000	 0.015495356182104
1801.934885680680000	 0.015474654462104
1802.167844295500000	 0.015481930861590
1802.400802910330000	 0.015511430700458
1802.633761525150000	 0.015551222188274
1802.866720139980000	 0.015586611146980
1803.099678754810000	 0.015604313997282
1803.332637369630000	 0.015596029117343
1803.565595984460000	 0.015560282443857
1803.798554599290000	 0.015502195955593
1804.031513214110000	 0.015431560951993
1804.264471828940000	 0.015359959890184
1804.497430443760000	 0.015297757312422
1804.730389058590000	 0.015251743796701
1804.963347673420000	 0.015224061910924
1805.196306288240000	 0.015212674967846
1805.429264903070000	 0.015213098503807
1805.662223517890000	 0.015220634187762
1805.895182132720000	 0.015232187824893
1806.128140747550000	 0.015247012515339
1806.361099362370000	 0.015266265943911
1806.594057977200000	 0.015291826225504
1806.827016592030000	 0.015325081007372
1807.059975206850000	 0.015366254294151
1807.292933821680000	 0.015414389022587
1807.525892436500000	 0.015467666969773
1807.758851051330000	 0.015523597591588
1807.991809666160000	 0.015578824889955
1808.224768280980000	 0.015628742692602
1808.457726895810000	 0.015667475231861
1808.690685510640000	 0.015688773041384
1808.923644125460000	 0.015687918276277
1809.156602740290000	 0.015664087392556
1809.389561355110000	 0.015622188491657
1809.622519969940000	 0.015573201388188
1809.855478584770000	 0.015532448050771
1810.088437199590000	 0.015515856664724
1810.321395814420000	 0.015535044185122
1810.554354429250000	 0.015592776542765
1810.787313044070000	 0.015680721921869
1811.020271658900000	 0.015780929235331
1811.253230273720000	 0.015870999705494
1811.486188888550000	 0.015931082337109
1811.719147503380000	 0.015949784115606
1811.952106118200000	 0.015926649383611
1812.185064733030000	 0.015870670536588
1812.418023347850000	 0.015796103932675
1812.650981962680000	 0.015717658197816
1812.883940577510000	 0.015646793568034
1813.116899192330000	 0.015589980469011
1813.349857807160000	 0.015548889950892
1813.582816421990000	 0.015521896317706
1813.815775036810000	 0.015506010763937
1814.048733651640000	 0.015498428314750
1814.281692266460000	 0.015497213150777
1814.514650881290000	 0.015501117230227
1814.747609496120000	 0.015508905269800
1814.980568110940000	 0.015518703845537
1815.213526725770000	 0.015527809578253
1815.446485340600000	 0.015533165960572
1815.679443955420000	 0.015532429152773
1815.912402570250000	 0.015525263286120
1816.145361185070000	 0.015514331871564
1816.378319799900000	 0.015505465542866
1816.611278414730000	 0.015506687578299
1816.844237029550000	 0.015526101873307
1817.077195644380000	 0.015569043644007
1817.310154259200000	 0.015635323652630
1817.543112874030000	 0.015717710665649
1817.776071488860000	 0.015802682489091
1818.009030103680000	 0.015873705428730
1818.241988718510000	 0.015916108136541
1818.474947333340000	 0.015921700476170
1818.707905948160000	 0.015891277770496
1818.940864562990000	 0.015834056875083
1819.173823177810000	 0.015764375105860
1819.406781792640000	 0.015697035163188
1819.639740407470000	 0.015643117915439
1819.872699022290000	 0.015607777728316
1820.105657637120000	 0.015590599636620
1820.338616251950000	 0.015587935876270
1820.571574866770000	 0.015595808727726
1820.804533481600000	 0.015611876450949
1821.037492096420000	 0.015635632099210
1821.270450711250000	 0.015667071401628
1821.503409326080000	 0.015704943616554
1821.736367940900000	 0.015745881607536
1821.969326555730000	 0.015785077635200
1822.202285170560000	 0.015818128938365
1822.435243785380000	 0.015842889081602
1822.668202400210000	 0.015860111143910
1822.901161015030000	 0.015872389982967
1823.134119629860000	 0.015882016606270
1823.367078244690000	 0.015889214033914
1823.600036859510000	 0.015892221696724
1823.832995474340000	 0.015889670498215
1824.065954089160000	 0.015884193375172
1824.298912703990000	 0.015885172946006
1824.531871318820000	 0.015908515222044
1824.764829933640000	 0.015972300174427
1824.997788548470000	 0.016088811035874
1825.230747163300000	 0.016255578422118
1825.463705778120000	 0.016450063433622
1825.696664392950000	 0.016632703800951
1825.929623007770000	 0.016759404079283
1826.162581622600000	 0.016798292281426
1826.395540237430000	 0.016741810793280
1826.628498852250000	 0.016608015506991
1826.861457467080000	 0.016431870745834
1827.094416081910000	 0.016252234780078
1827.327374696730000	 0.016100419624117
1827.560333311560000	 0.015993680330672
1827.793291926380000	 0.015934484250230
1828.026250541210000	 0.015914781073527
1828.259209156040000	 0.015923300607885
1828.492167770860000	 0.015952946593629
1828.725126385690000	 0.016005186432018
1828.958085000510000	 0.016089510428314
1829.191043615340000	 0.016218160923388
1829.424002230170000	 0.016398271223288
1829.656960844990000	 0.016624522154503
1829.889919459820000	 0.016875457894232
1830.122878074650000	 0.017115810601272
1830.355836689470000	 0.017305150102344
1830.588795304300000	 0.017409940034870
1830.821753919120000	 0.017413579671431
1831.054712533950000	 0.017319888437971
1831.287671148780000	 0.017149564752452
1831.520629763600000	 0.016932866657711
1831.753588378430000	 0.016702308482141
1831.986546993260000	 0.016487275008520
1832.219505608080000	 0.016310528836323
1832.452464222910000	 0.016185956053083
1832.685422837730000	 0.016117334593153
1832.918381452560000	 0.016098558305314
1833.151340067390000	 0.016115882463392
1833.384298682210000	 0.016152126022729
1833.617257297040000	 0.016191706920095
1833.850215911870000	 0.016224644550582
1834.083174526690000	 0.016247896541390
1834.316133141520000	 0.016263636355209
1834.549091756340000	 0.016275627753140
1834.782050371170000	 0.016285773909691
1835.015008986000000	 0.016292690604667
1835.247967600820000	 0.016292951936769
1835.480926215650000	 0.016284158515057
1835.713884830470000	 0.016267954632560
1835.946843445300000	 0.016251097192431
1836.179802060130000	 0.016243691448109
1836.412760674950000	 0.016255234959246
1836.645719289780000	 0.016290317578419
1836.878677904610000	 0.016346063865058
1837.111636519430000	 0.016412587369612
1837.344595134260000	 0.016476298036532
1837.577553749080000	 0.016524552346579
1837.810512363910000	 0.016549515532253
1838.043470978740000	 0.016549585688925
1838.276429593560000	 0.016528111530845
1838.509388208390000	 0.016490602942751
1838.742346823220000	 0.016442249011757
1838.975305438040000	 0.016386991533303
1839.208264052870000	 0.016328159862827
1839.441222667690000	 0.016269631971331
1839.674181282520000	 0.016216263526335
1839.907139897350000	 0.016172982191520
1840.140098512170000	 0.016143030108096
1840.373057127000000	 0.016126638831471
1840.606015741830000	 0.016121342443231
1840.838974356650000	 0.016124113092823
1841.071932971480000	 0.016134142078298
1841.304891586300000	 0.016154310211011
1841.537850201130000	 0.016189819632997
1841.770808815960000	 0.016244013760370
1842.003767430780000	 0.016313335741046
1842.236726045610000	 0.016384585686394
1842.469684660430000	 0.016437207442359
1842.702643275260000	 0.016451080573026
1842.935601890090000	 0.016417208394893
1843.168560504910000	 0.016346600815518
1843.401519119740000	 0.016272838712753
1843.634477734570000	 0.016245898556100
1843.867436349390000	 0.016317421900738
1844.100394964220000	 0.016520224451151
1844.333353579040000	 0.016848374565140
1844.566312193870000	 0.017248334896137
1844.799270808700000	 0.017631422523508
1845.032229423520000	 0.017906873840530
1845.265188038350000	 0.018018087551668
1845.498146653180000	 0.017960129746968
1845.731105268000000	 0.017771629373558
1845.964063882830000	 0.017512157147822
1846.197022497650000	 0.017240220160842
1846.429981112480000	 0.016999776276095
1846.662939727310000	 0.016815671631729
1846.895898342130000	 0.016695345753015
1847.128856956960000	 0.016633975618721
1847.361815571780000	 0.016620596236452
1847.594774186610000	 0.016643010212242
1847.827732801440000	 0.016690033107946
1848.060691416260000	 0.016751104954493
1848.293650031090000	 0.016814849963145
1848.526608645920000	 0.016868705783311
1848.759567260740000	 0.016900811653200
1848.992525875570000	 0.016903528933913
1849.225484490390000	 0.016876536749240
1849.458443105220000	 0.016827458617489
1849.691401720050000	 0.016769395346292
1849.924360334870000	 0.016716449297702
1850.157318949700000	 0.016679199005541
1850.390277564530000	 0.016661873215311
1850.623236179350000	 0.016662109831665
1850.856194794180000	 0.016673120971898
1851.089153409000000	 0.016687127647250
1851.322112023830000	 0.016698445240558
1851.555070638660000	 0.016704925613109
1851.788029253480000	 0.016707461420260
1852.020987868310000	 0.016708282789998
1852.253946483140000	 0.016709205020133
1852.486905097960000	 0.016710708692125
1852.719863712790000	 0.016712076165903
1852.952822327610000	 0.016712193677082
1853.185780942440000	 0.016710363866756
1853.418739557270000	 0.016706650006084
1853.651698172090000	 0.016701709898966
1853.884656786920000	 0.016696434369766
1854.117615401740000	 0.016691745436342
1854.350574016570000	 0.016688662770058
1854.583532631400000	 0.016688441975962
1854.816491246220000	 0.016692468305732
1855.049449861050000	 0.016701754829466
1855.282408475880000	 0.016716228636895
1855.515367090700000	 0.016734236402365
1855.748325705530000	 0.016752666847868
1855.981284320350000	 0.016767780016405
1856.214242935180000	 0.016776426423158
1856.447201550010000	 0.016777061365216
1856.680160164830000	 0.016770003132305
1856.913118779660000	 0.016756794131142
1857.146077394490000	 0.016739090320256
1857.379036009310000	 0.016717839493859
1857.611994624140000	 0.016693348803881
1857.844953238960000	 0.016666266670127
1858.077911853790000	 0.016638859209246
1858.310870468620000	 0.016615631017841
1858.543829083440000	 0.016602570861787
1858.776787698270000	 0.016605054454543
1859.009746313100000	 0.016625304951256
1859.242704927920000	 0.016660733290809
1859.475663542750000	 0.016704162432360
1859.708622157570000	 0.016746069807204
1859.941580772400000	 0.016778015764123
1860.174539387230000	 0.016795792484401
1860.407498002050000	 0.016800835032727
1860.640456616880000	 0.016799181447855
1860.873415231700000	 0.016798453660786
1861.106373846530000	 0.016804301995554
1861.339332461360000	 0.016817957817745
1861.572291076180000	 0.016835931442536
1861.805249691010000	 0.016851868460680
1862.038208305840000	 0.016859609800613
1862.271166920660000	 0.016855974067372
1862.504125535490000	 0.016841960167473
1862.737084150310000	 0.016821923318879
1862.970042765140000	 0.016801335180781
1863.203001379970000	 0.016784360149009
1863.435959994790000	 0.016772376633271
1863.668918609620000	 0.016763959058375
1863.901877224450000	 0.016756123480927
1864.134835839270000	 0.016746133845632
1864.367794454100000	 0.016733026478154
1864.600753068920000	 0.016718265255522
1864.833711683750000	 0.016705431047295
1865.066670298580000	 0.016699273535391
1865.299628913400000	 0.016704585150340
1865.532587528230000	 0.016725220392332
1865.765546143050000	 0.016763378593200
1865.998504757880000	 0.016819158224967
1866.231463372710000	 0.016890392737973
1866.464421987530000	 0.016972809315208
1866.697380602360000	 0.017060542339640
1866.930339217190000	 0.017146979464785
1867.163297832010000	 0.017225851231498
1867.396256446840000	 0.017292408981213
1867.629215061660000	 0.017344471540474
1867.862173676490000	 0.017383088268171
1868.095132291320000	 0.017412612681372
1868.328090906140000	 0.017440098930502
1868.561049520970000	 0.017474030717505
1868.794008135800000	 0.017522403151959
1869.026966750620000	 0.017590206515449
1869.259925365450000	 0.017676637762120
1869.492883980270000	 0.017772955654655
1869.725842595100000	 0.017862392594284
1869.958801209930000	 0.017923208388290
1870.191759824750000	 0.017934550990031
1870.424718439580000	 0.017883121379337
1870.657677054410000	 0.017768035729297
1870.890635669230000	 0.017602107790782
1871.123594284060000	 0.017409211270566
1871.356552898880000	 0.017218537376608
1871.589511513710000	 0.017057275285967
1871.822470128540000	 0.016943711536192
1872.055428743360000	 0.016882897012736
1872.288387358190000	 0.016866504829088
1872.521345973010000	 0.016877132847735
1872.754304587840000	 0.016895507492266
1872.987263202670000	 0.016907698013292
1873.220221817490000	 0.016909357897469
1873.453180432320000	 0.016905364316157
1873.686139047150000	 0.016905405108335
1873.919097661970000	 0.016917928808510
1874.152056276800000	 0.016945453553667
1874.385014891620000	 0.016983312780565
1874.617973506450000	 0.017022094347415
1874.850932121280000	 0.017052252148171
1875.083890736100000	 0.017068440785202
1875.316849350930000	 0.017071433773275
1875.549807965760000	 0.017066861257079
1875.782766580580000	 0.017061706211895
1876.015725195410000	 0.017060579389692
1876.248683810230000	 0.017063701746968
1876.481642425060000	 0.017067439005656
1876.714601039890000	 0.017066842656982
1876.947559654710000	 0.017058681226756
1877.180518269540000	 0.017043338751908
1877.413476884370000	 0.017024720131916
1877.646435499190000	 0.017008469712714
1877.879394114020000	 0.016999670198438
1878.112352728840000	 0.017001260163572
1878.345311343670000	 0.017013757388438
1878.578269958500000	 0.017036001021131
1878.811228573320000	 0.017066076347504
1879.044187188150000	 0.017101652783378
1879.277145802970000	 0.017139562813325
1879.510104417800000	 0.017175165988063
1879.743063032630000	 0.017202379705421
1879.976021647450000	 0.017214957595864
1880.208980262280000	 0.017208803610503
1880.441938877110000	 0.017184282281639
1880.674897491930000	 0.017147150451558
1880.907856106760000	 0.017107213031724
1881.140814721580000	 0.017074947232770
1881.373773336410000	 0.017057503590412
1881.606731951240000	 0.017055943631493
1881.839690566060000	 0.017065037581027
1882.072649180890000	 0.017075750904828
1882.305607795720000	 0.017079308622527
1882.538566410540000	 0.017070994176629
1882.771525025370000	 0.017051964817281
1883.004483640190000	 0.017028355108826
1883.237442255020000	 0.017008310469799
1883.470400869850000	 0.016998554820360
1883.703359484670000	 0.017002115951456
1883.936318099500000	 0.017018013013474
1884.169276714320000	 0.017042618076147
1884.402235329150000	 0.017071627132169
1884.635193943980000	 0.017101459376710
1884.868152558800000	 0.017129460542958
1885.101111173630000	 0.017153175035142
1885.334069788460000	 0.017169611575103
1885.567028403280000	 0.017175426503943
1885.799987018110000	 0.017168284692651
1886.032945632930000	 0.017148744874331
1886.265904247760000	 0.017121433336458
1886.498862862590000	 0.017094443013638
1886.731821477410000	 0.017076808162506
1886.964780092240000	 0.017075030782498
1887.197738707070000	 0.017090276275208
1887.430697321890000	 0.017117654960890
1887.663655936720000	 0.017148111263916
1887.896614551540000	 0.017172274082170
1888.129573166370000	 0.017184658935740
1888.362531781200000	 0.017186328854740
1888.595490396020000	 0.017184772307445
1888.828449010850000	 0.017191044134911
1889.061407625680000	 0.017215381389351
1889.294366240500000	 0.017262975216170
1889.527324855330000	 0.017331387444100
1889.760283470150000	 0.017410567915609
1889.993242084980000	 0.017485640021818
1890.226200699810000	 0.017541532004673
1890.459159314630000	 0.017567560663922
1890.692117929460000	 0.017560072917712
1890.925076544280000	 0.017522450668082
1891.158035159110000	 0.017463221947692
1891.390993773940000	 0.017393562585620
1891.623952388760000	 0.017325025981699
1891.856911003590000	 0.017267659378268
1892.089869618420000	 0.017228393342780
1892.322828233240000	 0.017209783782530
1892.555786848070000	 0.017209491841026
1892.788745462890000	 0.017220931282350
1893.021704077720000	 0.017235181391951
1893.254662692550000	 0.017243738687055
1893.487621307370000	 0.017241256221425
1893.720579922200000	 0.017227311678850
1893.953538537030000	 0.017206536775990
1894.186497151850000	 0.017187053356197
1894.419455766680000	 0.017177825557470
1894.652414381500000	 0.017185898283060
1894.885372996330000	 0.017214382327220
1895.118331611160000	 0.017261627126028
1895.351290225980000	 0.017321600239751
1895.584248840810000	 0.017385234389693
1895.817207455630000	 0.017442370015794
1896.050166070460000	 0.017483839327539
1896.283124685290000	 0.017503230967584
1896.516083300110000	 0.017497997449203
1896.749041914940000	 0.017469768595170
1896.982000529770000	 0.017423883893826
1897.214959144590000	 0.017368215150419
1897.447917759420000	 0.017311424552335
1897.680876374240000	 0.017260996858412
1897.913834989070000	 0.017221622195582
1898.146793603900000	 0.017194545611218
1898.379752218720000	 0.017178165516079
1898.612710833550000	 0.017169570466546
1898.845669448380000	 0.017166212161119
1899.078628063200000	 0.017166848887029
1899.311586678030000	 0.017171324347094
1899.544545292850000	 0.017179452242247
1899.777503907680000	 0.017189863278503
1900.010462522510000	 0.017199763765378
1900.243421137330000	 0.017206039304304
1900.476379752160000	 0.017207279633142
1900.709338366990000	 0.017205596041955
1900.942296981810000	 0.017206972943059
1901.175255596640000	 0.017219483007730
1901.408214211460000	 0.017249792934436
1901.641172826290000	 0.017299455007914
1901.874131441120000	 0.017362865921244
1902.107090055940000	 0.017428153266751
1902.340048670770000	 0.017480914441110
1902.573007285590000	 0.017509384517974
1902.805965900420000	 0.017508883152350
1903.038924515250000	 0.017483593432312
1903.271883130070000	 0.017444824848097
1903.504841744900000	 0.017406492952510
1903.737800359730000	 0.017379835326182
1903.970758974550000	 0.017369647374182
1904.203717589380000	 0.017373446218463
1904.436676204200000	 0.017383539142365
1904.669634819030000	 0.017390761261860
1904.902593433860000	 0.017388136980867
1905.135552048680000	 0.017373013144419
1905.368510663510000	 0.017347115355933
1905.601469278340000	 0.017315032853924
1905.834427893160000	 0.017282265756681
1906.067386507990000	 0.017253852753734
1906.300345122810000	 0.017233927291671
1906.533303737640000	 0.017225846356883
1906.766262352470000	 0.017232242677907
1906.999220967290000	 0.017254578757110
1907.232179582120000	 0.017292302835345
1907.465138196950000	 0.017342136075857
1907.698096811770000	 0.017398072344882
1907.931055426600000	 0.017452344155996
1908.164014041420000	 0.017497127058431
1908.396972656250000	 0.017526380940991
1908.629931271080000	 0.017537135632563
1908.862889885900000	 0.017529784397893
1909.095848500730000	 0.017507450744025
1909.328807115550000	 0.017474940184742
1909.561765730380000	 0.017437855246583
1909.794724345210000	 0.017402091515031
1910.027682960030000	 0.017373448149976
1910.260641574860000	 0.017356886159182
1910.493600189690000	 0.017355256338281
1910.726558804510000	 0.017367932378624
1910.959517419340000	 0.017390238888856
1911.192476034160000	 0.017414393327966
1911.425434648990000	 0.017431899375506
1911.658393263820000	 0.017436481121956
1911.891351878640000	 0.017426293018229
1912.124310493470000	 0.017404413932018
1912.357269108300000	 0.017377338283304
1912.590227723120000	 0.017352049793793
1912.823186337950000	 0.017332979794843
1913.056144952770000	 0.017320296838799
1913.289103567600000	 0.017310326205238
1913.522062182430000	 0.017297769065841
1913.755020797250000	 0.017278476555027
1913.987979412080000	 0.017251359460812
1914.220938026910000	 0.017218606083451
1914.453896641730000	 0.017184369236670
1914.686855256560000	 0.017152927605805
1914.919813871380000	 0.017127526119454
1915.152772486210000	 0.017110495578060
1915.385731101040000	 0.017104235379419
1915.618689715860000	 0.017111931687394
1915.851648330690000	 0.017136993511924
1916.084606945510000	 0.017181099976177
1916.317565560340000	 0.017241921733621
1916.550524175170000	 0.017312202796257
1916.783482789990000	 0.017381390497317
1917.016441404820000	 0.017439565660030
1917.249400019650000	 0.017481955499679
1917.482358634470000	 0.017511684369108
1917.715317249300000	 0.017538895596728
1917.948275864120000	 0.017575804726465
1918.181234478950000	 0.017629357492177
1918.414193093780000	 0.017695216554998
1918.647151708600000	 0.017757164389742
1918.880110323430000	 0.017793372679041
1919.113068938260000	 0.017786563293412
1919.346027553080000	 0.017732381873065
1919.578986167910000	 0.017641537906776
1919.811944782730000	 0.017535061742289
1920.044903397560000	 0.017435440225045
1920.277862012390000	 0.017357816490892
1920.510820627210000	 0.017304978588178
1920.743779242040000	 0.017268136772399
1920.976737856860000	 0.017233050600787
1921.209696471690000	 0.017188635681400
1921.442655086520000	 0.017133821276039
1921.675613701340000	 0.017079088532313
1921.908572316170000	 0.017041771203478
1922.141530931000000	 0.017037488451120
1922.374489545820000	 0.017072078203061
1922.607448160650000	 0.017138012089893
1922.840406775470000	 0.017216912130938
1923.073365390300000	 0.017286810779083
1923.306324005130000	 0.017330566823050
1923.539282619950000	 0.017341351095910
1923.772241234780000	 0.017322763026017
1924.005199849610000	 0.017284254572772
1924.238158464430000	 0.017235202190217
1924.471117079260000	 0.017181303111273
1924.704075694080000	 0.017124886366713
1924.937034308910000	 0.017067943343701
1925.169992923740000	 0.017015072693795
1925.402951538560000	 0.016973839775335
1925.635910153390000	 0.016951869965449
1925.868868768220000	 0.016952260187220
1926.101827383040000	 0.016970290103002
1926.334785997870000	 0.016993999460422
1926.567744612690000	 0.017009082030398
1926.800703227520000	 0.017005937819505
1927.033661842350000	 0.016985158413566
1927.266620457170000	 0.016958165468406
1927.499579072000000	 0.016942110275774
1927.732537686820000	 0.016951299049165
1927.965496301650000	 0.016989515990160
1928.198454916480000	 0.017047322963151
1928.431413531300000	 0.017105859925008
1928.664372146130000	 0.017145353332298
1928.897330760960000	 0.017154202330260
1929.130289375780000	 0.017134221423638
1929.363247990610000	 0.017099513520819
1929.596206605430000	 0.017069686191326
1929.829165220260000	 0.017061005762684
1930.062123835090000	 0.017079911848752
1930.295082449910000	 0.017121661825470
1930.528041064740000	 0.017173922243368
1930.760999679570000	 0.017222668703175
1930.993958294390000	 0.017257015377693
1931.226916909220000	 0.017270760403116
1931.459875524040000	 0.017260753341417
1931.692834138870000	 0.017224280060152
1931.925792753700000	 0.017158196527477
1932.158751368520000	 0.017061167846883
1932.391709983350000	 0.016937971174350
1932.624668598180000	 0.016802910944159
1932.857627213000000	 0.016679212627756
1933.090585827830000	 0.016593152887877
1933.323544442650000	 0.016564768620356
1933.556503057480000	 0.016599404063063
1933.789461672310000	 0.016684438623502
1934.022420287130000	 0.016793147104807
1934.255378901960000	 0.016894223710628
1934.488337516780000	 0.016962873367651
1934.721296131610000	 0.016988690151374
1934.954254746440000	 0.016977076204252
1935.187213361260000	 0.016944091033975
1935.420171976090000	 0.016907818678438
1935.653130590920000	 0.016880773793989
1935.886089205740000	 0.016866743142881
1936.119047820570000	 0.016862654877373
1936.352006435390000	 0.016863355664368
1936.584965050220000	 0.016865974001691
1936.817923665050000	 0.016871306330317
1937.050882279870000	 0.016881824919536
1937.283840894700000	 0.016898148901934
1937.516799509530000	 0.016916730680773
1937.749758124350000	 0.016930555503637
1937.982716739180000	 0.016932554619950
1938.215675354000000	 0.016919568141965
1938.448633968830000	 0.016894192328339
1938.681592583660000	 0.016863053784846
1938.914551198480000	 0.016832340846084
1939.147509813310000	 0.016803373001747
1939.380468428130000	 0.016771233000177
1939.613427042960000	 0.016727753676269
1939.846385657790000	 0.016667492643367
1940.079344272610000	 0.016593310401834
1940.312302887440000	 0.016517964931165
1940.545261502270000	 0.016460048832902
1940.778220117090000	 0.016435786897936
1941.011178731920000	 0.016450841823954
1941.244137346740000	 0.016496581885773
1941.477095961570000	 0.016552994811404
1941.710054576400000	 0.016597038608013
1941.943013191220000	 0.016612575408530
1942.175971806050000	 0.016597241199975
1942.408930420880000	 0.016562888882576
1942.641889035700000	 0.016529220380410
1942.874847650530000	 0.016513760392076
1943.107806265350000	 0.016523518523484
1943.340764880180000	 0.016552871564196
1943.573723495010000	 0.016588493867066
1943.806682109830000	 0.016617890989265
1944.039640724660000	 0.016636173398508
1944.272599339490000	 0.016647322773868
1944.505557954310000	 0.016659914299721
1944.738516569140000	 0.016680417075182
1944.971475183960000	 0.016708104840992
1945.204433798790000	 0.016734338272601
1945.437392413620000	 0.016746572911077
1945.670351028440000	 0.016734986390140
1945.903309643270000	 0.016698091405040
1946.136268258090000	 0.016644038781825
1946.369226872920000	 0.016586708323889
1946.602185487750000	 0.016538808641912
1946.835144102570000	 0.016505915606725
1947.068102717400000	 0.016484583608507
1947.301061332230000	 0.016465157520213
1947.534019947050000	 0.016437365397826
1947.766978561880000	 0.016395485448090
1947.999937176700000	 0.016340398731032
1948.232895791530000	 0.016277859107452
1948.465854406360000	 0.016214631407666
1948.698813021180000	 0.016155266312968
1948.931771636010000	 0.016101535964259
1949.164730250840000	 0.016054593573671
1949.397688865660000	 0.016018049374009
1949.630647480490000	 0.015999475394137
1949.863606095310000	 0.016008786091649
1950.096564710140000	 0.016053980722613
1950.329523324970000	 0.016136545180698
1950.562481939790000	 0.016249134283682
1950.795440554620000	 0.016376843619794
1951.028399169450000	 0.016501402960541
1951.261357784270000	 0.016606143689956
1951.494316399100000	 0.016679306102082
1951.727275013920000	 0.016714312193255
1951.960233628750000	 0.016707569053721
1952.193192243580000	 0.016656046672264
1952.426150858400000	 0.016557079557093
1952.659109473230000	 0.016411283874374
1952.892068088050000	 0.016227081147826
1953.125026702880000	 0.016023569005833
1953.357985317710000	 0.015828637349087
1953.590943932530000	 0.015671625070921
1953.823902547360000	 0.015573267251881
1954.056861162190000	 0.015537871197734
1954.289819777010000	 0.015551912639858
1954.522778391840000	 0.015590062822769
1954.755737006660000	 0.015626057039175
1954.988695621490000	 0.015643541494056
1955.221654236320000	 0.015641909156822
1955.454612851140000	 0.015634364389117
1955.687571465970000	 0.015639364015042
1955.920530080800000	 0.015670132333814
1956.153488695620000	 0.015727810925136
1956.386447310450000	 0.015801448409460
1956.619405925270000	 0.015874168767064
1956.852364540100000	 0.015931753194661
1957.085323154930000	 0.015968899927689
1957.318281769750000	 0.015989910777130
1957.551240384580000	 0.016003824454503
1957.784198999400000	 0.016017297612695
1958.017157614230000	 0.016029747541747
1958.250116229060000	 0.016033673174301
1958.483074843880000	 0.016019827916547
1958.716033458710000	 0.015983999231583
1958.948992073540000	 0.015931100854412
1959.181950688360000	 0.015873744461468
1959.414909303190000	 0.015825805367626
1959.647867918010000	 0.015794719833250
1959.880826532840000	 0.015777133548371
1960.113785147670000	 0.015760508993172
1960.346743762490000	 0.015729849472925
1960.579702377320000	 0.015675847530689
1960.812660992150000	 0.015599921777416
1961.045619606970000	 0.015513281355881
1961.278578221800000	 0.015430664583419
1961.511536836620000	 0.015362649744928
1961.744495451450000	 0.015311165822520
1961.977454066280000	 0.015270587530637
1962.210412681100000	 0.015233263442682
1962.443371295930000	 0.015195707492729
1962.676329910760000	 0.015161349374963
1962.909288525580000	 0.015137900152064
1963.142247140410000	 0.015130948233776
1963.375205755230000	 0.015138117043389
1963.608164370060000	 0.015148043058845
1963.841122984890000	 0.015145592452746
1964.074081599710000	 0.015120953612023
1964.307040214540000	 0.015077600574745
1964.539998829360000	 0.015034024693872
1964.772957444190000	 0.015017047983295
1965.005916059020000	 0.015049300919608
1965.238874673840000	 0.015137156375953
1965.471833288670000	 0.015265451960938
1965.704791903500000	 0.015401828984110
1965.937750518320000	 0.015508880797167
1966.170709133150000	 0.015558802909684
1966.403667747970000	 0.015544005166334
1966.636626362800000	 0.015478809437547
1966.869584977630000	 0.015391733728850
1967.102543592450000	 0.015312795321683
1967.335502207280000	 0.015262474772311
1967.568460822110000	 0.015247084406454
1967.801419436930000	 0.015261060444884
1968.034378051760000	 0.015293077944366
1968.267336666580000	 0.015331670020691
1968.500295281410000	 0.015367448906804
1968.733253896240000	 0.015392033045390
1968.966212511060000	 0.015396360650854
1969.199171125890000	 0.015371380571341
1969.432129740720000	 0.015312011612254
1969.665088355540000	 0.015222301861327
1969.898046970370000	 0.015117835022907
1970.131005585190000	 0.015022004644406
1970.363964200020000	 0.014956105113017
1970.596922814850000	 0.014927675931326
1970.829881429670000	 0.014923964271705
1971.062840044500000	 0.014915469803286
1971.295798659320000	 0.014869301657389
1971.528757274150000	 0.014766678771566
1971.761715888980000	 0.014616001359131
1971.994674503800000	 0.014453921038169
1972.227633118630000	 0.014332133902457
1972.460591733460000	 0.014295359050997
1972.693550348280000	 0.014361462165968
1972.926508963110000	 0.014513826718427
1973.159467577930000	 0.014709508376776
1973.392426192760000	 0.014898898290847
1973.625384807590000	 0.015047433342063
1973.858343422410000	 0.015148913744463
1974.091302037240000	 0.015223768721503
1974.324260652070000	 0.015303312470468
1974.557219266890000	 0.015408788782803
1974.790177881720000	 0.015536716030808
1975.023136496540000	 0.015658106218776
1975.256095111370000	 0.015731631314432
1975.489053726200000	 0.015723960492242
1975.722012341020000	 0.015626982004434
1975.954970955850000	 0.015463027174657
1976.187929570670000	 0.015275642996000
1976.420888185500000	 0.015111630572753
1976.653846800330000	 0.015004436998924
1976.886805415150000	 0.014966772462391
1977.119764029980000	 0.014993961960891
1977.352722644810000	 0.015073572558359
1977.585681259630000	 0.015194228815323
1977.818639874460000	 0.015348045710118
1978.051598489280000	 0.015525882176693
1978.284557104110000	 0.015709901311748
1978.517515718940000	 0.015870245025774
1978.750474333760000	 0.015970463411476
1978.983432948590000	 0.015981099089045
1979.216391563420000	 0.015895370195086
1979.449350178240000	 0.015738155500700
1979.682308793070000	 0.015561721749822
1979.915267407890000	 0.015428512461932
1980.148226022720000	 0.015388598466763
1980.381184637550000	 0.015461972023876
1980.614143252370000	 0.015632690053255
1980.847101867200000	 0.015856132571674
1981.080060482030000	 0.016075627891441
1981.313019096850000	 0.016241575117222
1981.545977711680000	 0.016325493315664
1981.778936326500000	 0.016323991882793
1982.011894941330000	 0.016252906812330
1982.244853556160000	 0.016136667125337
1982.477812170980000	 0.015999146263793
1982.710770785810000	 0.015859602584273
1982.943729400630000	 0.015733299439597
1983.176688015460000	 0.015633673124974
1983.409646630290000	 0.015572752721594
1983.642605245110000	 0.015558608271023
1983.875563859940000	 0.015591315248287
1984.108522474770000	 0.015660384979899
1984.341481089590000	 0.015746019864075
1984.574439704420000	 0.015824542205240
1984.807398319240000	 0.015876093002060
1985.040356934070000	 0.015891231286002
1985.273315548900000	 0.015873243864793
1985.506274163720000	 0.015835088877255
1985.739232778550000	 0.015792864872652
1985.972191393380000	 0.015759467747184
1986.205150008200000	 0.015741473913513
1986.438108623030000	 0.015739975605912
1986.671067237850000	 0.015753771901900
1986.904025852680000	 0.015782263972736
1987.136984467510000	 0.015826029905339
1987.369943082330000	 0.015884923240274
1987.602901697160000	 0.015955445491785
1987.835860311980000	 0.016029782167167
1988.068818926810000	 0.016097869308690
1988.301777541640000	 0.016151893724587
1988.534736156460000	 0.016190866007770
1988.767694771290000	 0.016222336513390
1989.000653386120000	 0.016259540704189
1989.233612000940000	 0.016314892804903
1989.466570615770000	 0.016393155439941
1989.699529230590000	 0.016487998659587
1989.932487845420000	 0.016583775471231
1990.165446460250000	 0.016661579499626
1990.398405075070000	 0.016706592675599
1990.631363689900000	 0.016713206412620
1990.864322304730000	 0.016685609599339
1991.097280919550000	 0.016634030614068
1991.330239534380000	 0.016569244567350
1991.563198149200000	 0.016498712604752
1991.796156764030000	 0.016426321481431
1992.029115378860000	 0.016355155866658
1992.262073993680000	 0.016290665275389
1992.495032608510000	 0.016241236476167
1992.727991223340000	 0.016214964298422
1992.960949838160000	 0.016214372661592
1993.193908452990000	 0.016232783602089
1993.426867067810000	 0.016255308212108
1993.659825682640000	 0.016264620972973
1993.892784297470000	 0.016248848398664
1994.125742912290000	 0.016207601732668
1994.358701527120000	 0.016152831841541
1994.591660141940000	 0.016103588082464
1994.824618756770000	 0.016077034449920
1995.057577371600000	 0.016080390509955
1995.290535986420000	 0.016108122786180
1995.523494601250000	 0.016145777568934
1995.756453216080000	 0.016178161411118
1995.989411830900000	 0.016197200289456
1996.222370445730000	 0.016204903739307
1996.455329060550000	 0.016209532794964
1996.688287675380000	 0.016217156091718
1996.921246290210000	 0.016223882901034
1997.154204905030000	 0.016214033026156
1997.387163519860000	 0.016166284428928
1997.620122134690000	 0.016065380513055
1997.853080749510000	 0.015913566989551
1998.086039364340000	 0.015735205866459
1998.318997979160000	 0.015570802950879
1998.551956593990000	 0.015462164925494
1998.784915208820000	 0.015435510481847
1999.017873823640000	 0.015490674759189
1999.250832438470000	 0.015601374730920
1999.483791053300000	 0.015726204828481
1999.716749668120000	 0.015825410422745
1999.949708282950000	 0.015876096133184
2000.182666897770000	 0.015879180439177
2000.415625512600000	 0.015855317165827
2000.648584127430000	 0.015832563155750
2000.881542742250000	 0.015832476606776
2001.114501357080000	 0.015861257373943
2001.347459971900000	 0.015909151858966
2001.580418586730000	 0.015957095935791
2001.813377201560000	 0.015986476593136
2002.046335816380000	 0.015986959696571
2002.279294431210000	 0.015958865256330
2002.512253046040000	 0.015909833703392
2002.745211660860000	 0.015848566527992
2002.978170275690000	 0.015779406491341
2003.211128890510000	 0.015700269087041
2003.444087505340000	 0.015604238032690
2003.677046120170000	 0.015483390643607
2003.910004734990000	 0.015332838646708
2004.142963349820000	 0.015153579786491
2004.375921964650000	 0.014953952212133
2004.608880579470000	 0.014750254598890
2004.841839194300000	 0.014566755805858
2005.074797809120000	 0.014434216322163
2005.307756423950000	 0.014385403703561
2005.540715038780000	 0.014447029988916
2005.773673653600000	 0.014629973155097
2006.006632268430000	 0.014921891351716
2006.239590883260000	 0.015286369318012
2006.472549498080000	 0.015670184616412
2006.705508112910000	 0.016016802776600
2006.938466727730000	 0.016281638417451
2007.171425342560000	 0.016443613874240
2007.404383957390000	 0.016508322317864
2007.637342572210000	 0.016501129661704
2007.870301187040000	 0.016453314116910
2008.103259801860000	 0.016388179821119
2008.336218416690000	 0.016314024639241
2008.569177031520000	 0.016226753081550
2008.802135646340000	 0.016119587747295
2009.035094261170000	 0.015993741503410
2009.268052876000000	 0.015863594648803
2009.501011490820000	 0.015753036938544
2009.733970105650000	 0.015684805411935
2009.966928720470000	 0.015668848709371
2010.199887335300000	 0.015696213324467
2010.432845950130000	 0.015741681052517
2010.665804564950000	 0.015773843928411
2010.898763179780000	 0.015767872129392
2011.131721794610000	 0.015715061397639
2011.364680409430000	 0.015624813787279
2011.597639024260000	 0.015518671457804
2011.830597639080000	 0.015420325500961
2012.063556253910000	 0.015347252300046
2012.296514868740000	 0.015307710688085
2012.529473483560000	 0.015303012786536
2012.762432098390000	 0.015331941584379
2012.995390713210000	 0.015393510464092
2013.228349328040000	 0.015486017987702
2013.461307942870000	 0.015603377370290
2013.694266557690000	 0.015732011399783
2013.927225172520000	 0.015851598368514
2014.160183787350000	 0.015940672127521
2014.393142402170000	 0.015984987153779
2014.626101017000000	 0.015984340132357
2014.859059631820000	 0.015953470065866
2015.092018246650000	 0.015915339428667
2015.324976861480000	 0.015889554474545
2015.557935476300000	 0.015882084175534
2015.790894091130000	 0.015882166972902
2016.023852705960000	 0.015868467738949
2016.256811320780000	 0.015821642505472
2016.489769935610000	 0.015736956656537
2016.722728550430000	 0.015629948547559
2016.955687165260000	 0.015531102304016
2017.188645780090000	 0.015471388536941
2017.421604394910000	 0.015466130352264
2017.654563009740000	 0.015506036176161
2017.887521624570000	 0.015560455294509
2018.120480239390000	 0.015591624933552
2018.353438854220000	 0.015573299502715
2018.586397469040000	 0.015504816208638
2018.819356083870000	 0.015413435599956
2019.052314698700000	 0.015343409475032
2019.285273313520000	 0.015336889956062
2019.518231928350000	 0.015415477370365
2019.751190543170000	 0.015570132688621
2019.984149158000000	 0.015762996796382
2020.217107772830000	 0.015939936774083
2020.450066387650000	 0.016048773365876
2020.683025002480000	 0.016056031221277
2020.915983617310000	 0.015955923748016
2021.148942232130000	 0.015769257670889
2021.381900846960000	 0.015534635271804
2021.614859461780000	 0.015296658540150
2021.847818076610000	 0.015095081369602
2022.080776691440000	 0.014956874573792
2022.313735306260000	 0.014891911844083
2022.546693921090000	 0.014892690426643
2022.779652535920000	 0.014938201936207
2023.012611150740000	 0.015001161680425
2023.245569765570000	 0.015056702118058
2023.478528380390000	 0.015090021344217
2023.711486995220000	 0.015100534444525
2023.944445610050000	 0.015100778456175
2024.177404224870000	 0.015109913367076
2024.410362839700000	 0.015144094363441
2024.643321454520000	 0.015208041987300
2024.876280069350000	 0.015292043416649
2025.109238684180000	 0.015376006377739
2025.342197299000000	 0.015438664173346
2025.575155913830000	 0.015467561411851
2025.808114528660000	 0.015464966680403
2026.041073143480000	 0.015446531978858
2026.274031758310000	 0.015433049187797
2026.506990373130000	 0.015439548319759
2026.739948987960000	 0.015467694318700
2026.972907602790000	 0.015505540138297
2027.205866217610000	 0.015534481276242
2027.438824832440000	 0.015539424504939
2027.671783447270000	 0.015516587430947
2027.904742062090000	 0.015474555825709
2028.137700676920000	 0.015427906391798
2028.370659291740000	 0.015387195182786
2028.603617906570000	 0.015351580309100
2028.836576521400000	 0.015308928890679
2029.069535136220000	 0.015243912732462
2029.302493751050000	 0.015150038959590
2029.535452365880000	 0.015039037862466
2029.768410980700000	 0.014941712498956
2030.001369595530000	 0.014898412420775
2030.234328210350000	 0.014943008490769
2030.467286825180000	 0.015088029886709
2030.700245440010000	 0.015317873902663
2030.933204054830000	 0.015592709397141
2031.166162669660000	 0.015861023860757
2031.399121284480000	 0.016075768077169
2031.632079899310000	 0.016208063302505
2031.865038514140000	 0.016253581908843
2032.097997128960000	 0.016230054620317
2032.330955743790000	 0.016168466275480
2032.563914358620000	 0.016102704392079
2032.796872973440000	 0.016061406925289
2033.029831588270000	 0.016062991982456
2033.262790203090000	 0.016112911295490
2033.495748817920000	 0.016202278211977
2033.728707432750000	 0.016308398959136
2033.961666047570000	 0.016398656519750
2034.194624662400000	 0.016438552763337
2034.427583277230000	 0.016402790256551
2034.660541892050000	 0.016286149237094
2034.893500506880000	 0.016109569352433
2035.126459121700000	 0.015917201439045
2035.359417736530000	 0.015763194723680
2035.592376351360000	 0.015692246384472
2035.825334966180000	 0.015722421854482
2036.058293581010000	 0.015838639067068
2036.291252195840000	 0.015999989777289
2036.524210810660000	 0.016157320377594
2036.757169425490000	 0.016273100389780
2036.990128040310000	 0.016334921642491
2037.223086655140000	 0.016356757827457
2037.456045269970000	 0.016367735999612
2037.689003884790000	 0.016394557300454
2037.921962499620000	 0.016447082200376
2038.154921114440000	 0.016514475566839
2038.387879729270000	 0.016573180149736
2038.620838344100000	 0.016601777151092
2038.853796958920000	 0.016594510566222
2039.086755573750000	 0.016566026120001
2039.319714188580000	 0.016544500598475
2039.552672803400000	 0.016556836669554
2039.785631418230000	 0.016614177386944
2040.018590033050000	 0.016705630603709
2040.251548647880000	 0.016803319402817
2040.484507262710000	 0.016875950231135
2040.717465877530000	 0.016904006615365
2040.950424492360000	 0.016888921339249
2041.183383107190000	 0.016851556841638
2041.416341722010000	 0.016820963628496
2041.649300336840000	 0.016819611652399
2041.882258951660000	 0.016852788859399
2042.115217566490000	 0.016906984717674
2042.348176181320000	 0.016957115356308
2042.581134796140000	 0.016978260404803
2042.814093410970000	 0.016955902235578
2043.047052025790000	 0.016890049368082
2043.280010640620000	 0.016792388178256
2043.512969255450000	 0.016679528867061
2043.745927870270000	 0.016566963845932
2043.978886485100000	 0.016466792251260
2044.211845099930000	 0.016389095320218
2044.444803714750000	 0.016344323073438
2044.677762329580000	 0.016343630719691
2044.910720944400000	 0.016395887799039
2045.143679559230000	 0.016502815255656
2045.376638174060000	 0.016655429800474
2045.609596788880000	 0.016834497567163
2045.842555403710000	 0.017015505596155
2046.075514018540000	 0.017176212800603
2046.308472633360000	 0.017303375978290
2046.541431248190000	 0.017395434180085
2046.774389863010000	 0.017459917533931
2047.007348477840000	 0.017507298274299
2047.240307092670000	 0.017545078780399
2047.473265707490000	 0.017575570613657
2047.706224322320000	 0.017598271731163
2047.939182937150000	 0.017614730265986
2048.172141551970000	 0.017632129300684
2048.405100166800000	 0.017662505658084
2048.638058781620000	 0.017717278560521
2048.871017396450000	 0.017800022717661
2049.103976011280000	 0.017901969661165
2049.336934626100000	 0.018003433265269
2049.569893240930000	 0.018081110173070
2049.802851855750000	 0.018117943749840
2050.035810470580000	 0.018110582345062
2050.268769085410000	 0.018070301075429
2050.501727700230000	 0.018016560038033
2050.734686315060000	 0.017966580887289
2050.967644929890000	 0.017926729147304
2051.200603544710000	 0.017890364841047
2051.433562159540000	 0.017843041094530
2051.666520774360000	 0.017771982903444
2051.899479389190000	 0.017674713314933
2052.132438004020000	 0.017562287758030
2052.365396618840000	 0.017455514040624
2052.598355233670000	 0.017376345699847
2052.831313848500000	 0.017339177060779
2053.064272463320000	 0.017346523826806
2053.297231078150000	 0.017390871409032
2053.530189692970000	 0.017461055838971
2053.763148307800000	 0.017549203491231
2053.996106922630000	 0.017654075205293
2054.229065537450000	 0.017778812855547
2054.462024152280000	 0.017924544473463
2054.694982767110000	 0.018083986690050
2054.927941381930000	 0.018239319770489
2055.160899996760000	 0.018366183945960
2055.393858611580000	 0.018442222118456
2055.626817226410000	 0.018456014547332
2055.859775841240000	 0.018411789506414
2056.092734456060000	 0.018327360005827
2056.325693070890000	 0.018226426413180
2056.558651685710000	 0.018129508758848
2056.791610300540000	 0.018048283533615
2057.024568915370000	 0.017985783181751
2057.257527530190000	 0.017941400916988
2057.490486145020000	 0.017916977783694
2057.723444759850000	 0.017919771791825
2057.956403374670000	 0.017960073375672
2058.189361989500000	 0.018044611568325
2058.422320604320000	 0.018169665255256
2058.655279219150000	 0.018318216412612
2058.888237833980000	 0.018463406565203
2059.121196448800000	 0.018577286130874
2059.354155063630000	 0.018641019632471
2059.587113678460000	 0.018651633776503
2059.820072293280000	 0.018621813584083
2060.053030908110000	 0.018572765798631
2060.285989522930000	 0.018523877661526
2060.518948137760000	 0.018484495053050
2060.751906752590000	 0.018451757884045
2060.984865367410000	 0.018415126002610
2061.217823982240000	 0.018364862617739
2061.450782597070000	 0.018299854219963
2061.683741211890000	 0.018230597276556
2061.916699826720000	 0.018175823136800
2062.149658441540000	 0.018154615842589
2062.382617056370000	 0.018178004128814
2062.615575671200000	 0.018243854207019
2062.848534286020000	 0.018337000287102
2063.081492900850000	 0.018434181112576
2063.314451515670000	 0.018511502730451
2063.547410130500000	 0.018551416089923
2063.780368745330000	 0.018546839987368
2064.013327360150000	 0.018501705867687
2064.246285974980000	 0.018428805287641
2064.479244589810000	 0.018346408852061
2064.712203204630000	 0.018274637206912
2064.945161819460000	 0.018231802852841
2065.178120434280000	 0.018230742200696
2065.411079049110000	 0.018275656442882
2065.644037663940000	 0.018360567346799
2065.876996278760000	 0.018470429042778
2066.109954893590000	 0.018585045542073
2066.342913508420000	 0.018684716514153
2066.575872123240000	 0.018755639105684
2066.808830738070000	 0.018792975561747
2067.041789352890000	 0.018800327314577
2067.274747967720000	 0.018785961337714
2067.507706582550000	 0.018757801832591
2067.740665197370000	 0.018719901818226
2067.973623812200000	 0.018672275136211
2068.206582427020000	 0.018614026224809
2068.439541041850000	 0.018547770576495
2068.672499656680000	 0.018482460455429
2068.905458271500000	 0.018432462161804
2069.138416886330000	 0.018412827105109
2069.371375501160000	 0.018433031805062
2069.604334115980000	 0.018492551534939
2069.837292730810000	 0.018580744277196
2070.070251345630000	 0.018681249917215
2070.303209960460000	 0.018778790187461
2070.536168575290000	 0.018865024084041
2070.769127190110000	 0.018940523897187
2071.002085804940000	 0.019011894569332
2071.235044419770000	 0.019085666254143
2071.468003034590000	 0.019162364276409
2071.700961649420000	 0.019234009270594
2071.933920264240000	 0.019286386358688
2072.166878879070000	 0.019304927647190
2072.399837493900000	 0.019281259891521
2072.632796108720000	 0.019217184844333
2072.865754723550000	 0.019124239595458
2073.098713338380000	 0.019019353108867
2073.331671953200000	 0.018919087951316
2073.564630568030000	 0.018835317456102
2073.797589182850000	 0.018773870987488
2074.030547797680000	 0.018735742361229
2074.263506412510000	 0.018719159722820
2074.496465027330000	 0.018720812503690
2074.729423642160000	 0.018735648781445
2074.962382256980000	 0.018756075588144
2075.195340871810000	 0.018772121750103
2075.428299486640000	 0.018773634031767
2075.661258101460000	 0.018754171329570
2075.894216716290000	 0.018714813513219
2076.127175331120000	 0.018665535496330
2076.360133945940000	 0.018622645726584
2076.593092560770000	 0.018602824258911
2076.826051175590000	 0.018616396753650
2077.059009790420000	 0.018663219377512
2077.291968405250000	 0.018733318704340
2077.524927020070000	 0.018811964571639
2077.757885634900000	 0.018886577394537
2077.990844249730000	 0.018951934181266
2078.223802864550000	 0.019010995853378
2078.456761479380000	 0.019071012507484
2078.689720094200000	 0.019137221126877
2078.922678709030000	 0.019207864837372
2079.155637323860000	 0.019273511078619
2079.388595938680000	 0.019321191031648
2079.621554553510000	 0.019341168970890
2079.854513168340000	 0.019332617143738
2080.087471783160000	 0.019304915959849
2080.320430397990000	 0.019273601284972
2080.553389012810000	 0.019252974428512
2080.786347627640000	 0.019249307100101
2081.019306242470000	 0.019258224324788
2081.252264857290000	 0.019267522937283
2081.485223472120000	 0.019263808622394
2081.718182086940000	 0.019239425253697
2081.951140701770000	 0.019196109308407
2082.184099316600000	 0.019143665048018
2082.417057931420000	 0.019094757933876
2082.650016546250000	 0.019059014250797
2082.882975161080000	 0.019039712355614
2083.115933775900000	 0.019034511719110
2083.348892390730000	 0.019039151608717
2083.581851005550000	 0.019051358462327
2083.814809620380000	 0.019072237637539
2084.047768235210000	 0.019104155323491
2084.280726850030000	 0.019146528290058
2084.513685464860000	 0.019192512968938
2084.746644079690000	 0.019229279626693
2084.979602694510000	 0.019242539193007
2085.212561309340000	 0.019223426710183
2085.445519924160000	 0.019174142587866
2085.678478538990000	 0.019108931027489
2085.911437153820000	 0.019049192484066
2086.144395768640000	 0.019014723333252
2086.377354383470000	 0.019015345541357
2086.610312998290000	 0.019047092451408
2086.843271613120000	 0.019094768078123
2087.076230227950000	 0.019139503179167
2087.309188842770000	 0.019167512162589
2087.542147457600000	 0.019175720753884
2087.775106072430000	 0.019171605790252
2088.008064687250000	 0.019167714384945
2088.241023302080000	 0.019174175437882
2088.473981916900000	 0.019193386633454
2088.706940531730000	 0.019219544984543
2088.939899146560000	 0.019242842415323
2089.172857761380000	 0.019255594711090
2089.405816376210000	 0.019256603798678
2089.638774991040000	 0.019251160901822
2089.871733605860000	 0.019246710814196
2090.104692220690000	 0.019246807081168
2090.337650835510000	 0.019247025477863
2090.570609450340000	 0.019235415557801
2090.803568065170000	 0.019197570736112
2091.036526679990000	 0.019123852678982
2091.269485294820000	 0.019015033507535
2091.502443909650000	 0.018883374589760
2091.735402524470000	 0.018748633643512
2091.968361139300000	 0.018631224277019
2092.201319754120000	 0.018546048391827
2092.434278368950000	 0.018499735339963
2092.667236983780000	 0.018491889910572
2092.900195598600000	 0.018518814530898
2093.133154213430000	 0.018577102654123
2093.366112828250000	 0.018664938070161
2093.599071443080000	 0.018780574195649
2093.832030057910000	 0.018919332925056
2094.064988672730000	 0.019071423758299
2094.297947287560000	 0.019222401656590
2094.530905902390000	 0.019356505409697
2094.763864517210000	 0.019461357335444
2094.996823132040000	 0.019531540081996
2095.229781746860000	 0.019569033174025
2095.462740361690000	 0.019580262898893
2095.695698976520000	 0.019571560383980
2095.928657591340000	 0.019545795165367
2096.161616206170000	 0.019502212574545
2096.394574821000000	 0.019439535086577
2096.627533435820000	 0.019360362133691
2096.860492050650000	 0.019273974744799
2097.093450665470000	 0.019195406897322
2097.326409280300000	 0.019140731616776
2097.559367895130000	 0.019120708892833
2097.792326509950000	 0.019135946609800
2098.025285124780000	 0.019176047353828
2098.258243739610000	 0.019223348456393
2098.491202354430000	 0.019259751880394
2098.724160969260000	 0.019273696041659
2098.957119584080000	 0.019264220625093
2099.190078198910000	 0.019240459629472
2099.423036813740000	 0.019217072565130
2099.655995428560000	 0.019207871779878
2099.888954043390000	 0.019220371426332
2100.121912658210000	 0.019253214976495
2100.354871273040000	 0.019297071132875
2100.587829887870000	 0.019338273092156
2100.820788502690000	 0.019363642876952
2101.053747117520000	 0.019364806256119
2101.286705732350000	 0.019340794829572
2101.519664347170000	 0.019298466699930
2101.752622962000000	 0.019250831075086
2101.985581576820000	 0.019213642259221
2102.218540191650000	 0.019200889698917
2102.451498806480000	 0.019220257088072
2102.684457421300000	 0.019270048579671
2102.917416036130000	 0.019338992382933
2103.150374650960000	 0.019409469963527
2103.383333265780000	 0.019463371679525
2103.616291880610000	 0.019488565731912
2103.849250495430000	 0.019483428310353
2104.082209110260000	 0.019457339516425
2104.315167725090000	 0.019426565375064
2104.548126339910000	 0.019407079923624
2104.781084954740000	 0.019407562917528
2105.014043569560000	 0.019425919432151
2105.247002184390000	 0.019450989156942
2105.479960799220000	 0.019468563728199
2105.712919414040000	 0.019468738601997
2105.945878028870000	 0.019450950870651
2106.178836643700000	 0.019424133372686
2106.411795258520000	 0.019401875872824
2106.644753873350000	 0.019395150979489
2106.877712488170000	 0.019406504418920
2107.110671103000000	 0.019428795080329
2107.343629717830000	 0.019449115637753
2107.576588332650000	 0.019455820675260
2107.809546947480000	 0.019444973358416
2108.042505562310000	 0.019422755971297
2108.275464177130000	 0.019402450488057
2108.508422791960000	 0.019397499972076
2108.741381406780000	 0.019414276157370
2108.974340021610000	 0.019448270365750
2109.207298636440000	 0.019485562012671
2109.440257251260000	 0.019508762051235
2109.673215866090000	 0.019504524412147
2109.906174480920000	 0.019469084927896
2110.139133095740000	 0.019409405150648
2110.372091710570000	 0.019339821582880
2110.605050325390000	 0.019276323253710
2110.838008940220000	 0.019231406741281
2111.070967555050000	 0.019211566172835
2111.303926169870000	 0.019217664895486
2111.536884784700000	 0.019246889683434
2111.769843399520000	 0.019294505025920
2112.002802014350000	 0.019354308835017
2112.235760629180000	 0.019418000678234
2112.468719244000000	 0.019474721291751
2112.701677858830000	 0.019512104379189
2112.934636473660000	 0.019519233911205
2113.167595088480000	 0.019490504418877
2113.400553703310000	 0.019428399896267
2113.633512318130000	 0.019343337914826
2113.866470932960000	 0.019250095252325
2114.099429547790000	 0.019162251524072
2114.332388162610000	 0.019087357161456
2114.565346777440000	 0.019025288168116
2114.798305392270000	 0.018970616359130
2115.031264007090000	 0.018917737817501
2115.264222621920000	 0.018866051277134
2115.497181236740000	 0.018822392828209
2115.730139851570000	 0.018799318338601
2115.963098466400000	 0.018810002134422
2116.196057081220000	 0.018862266357525
2116.429015696050000	 0.018954585183213
2116.661974310870000	 0.019075769764190
2116.894932925700000	 0.019208214255092
2117.127891540530000	 0.019333031357472
2117.360850155350000	 0.019434787142329
2117.593808770180000	 0.019504072748103
2117.826767385010000	 0.019537511307784
2118.059725999830000	 0.019536191921849
2118.292684614660000	 0.019504094930515
2118.525643229480000	 0.019447529696499
2118.758601844310000	 0.019375421041710
2118.991560459140000	 0.019299327860057
2119.224519073960000	 0.019232047033275
2119.457477688790000	 0.019184611276834
2119.690436303620000	 0.019162786780592
2119.923394918440000	 0.019164880940753
2120.156353533270000	 0.019182253551373
2120.389312148090000	 0.019202626624707
2120.622270762920000	 0.019214853961677
2120.855229377750000	 0.019212998546841
2121.088187992570000	 0.019197830638831
2121.321146607400000	 0.019175165465423
2121.554105222230000	 0.019152149205385
2121.787063837050000	 0.019133654630175
2122.020022451880000	 0.019120689144780
2122.252981066700000	 0.019111351990197
2122.485939681530000	 0.019103292110301
2122.718898296360000	 0.019095753721142
2122.951856911180000	 0.019089648362443
2123.184815526010000	 0.019085483042191
2123.417774140830000	 0.019080571440428
2123.650732755660000	 0.019067700872775
2123.883691370490000	 0.019036767603086
2124.116649985310000	 0.018979176096490
2124.349608600140000	 0.018892993529431
2124.582567214970000	 0.018785983286441
2124.815525829790000	 0.018674345982862
2125.048484444620000	 0.018577138027854
2125.281443059440000	 0.018508806065815
2125.514401674270000	 0.018473512830987
2125.747360289100000	 0.018464093685522
2125.980318903920000	 0.018466106555710
2126.213277518750000	 0.018464897818538
2126.446236133580000	 0.018452160395145
2126.679194748400000	 0.018428765676318
2126.912153363230000	 0.018402628592977
2127.145111978050000	 0.018383063250647
2127.378070592880000	 0.018374961875916
2127.611029207710000	 0.018376041580381
2127.843987822530000	 0.018378485567998
2128.076946437360000	 0.018373776607423
2128.309905052190000	 0.018357779099800
2128.542863667010000	 0.018333057875180
2128.775822281840000	 0.018307090742017
2129.008780896660000	 0.018287536491395
2129.241739511490000	 0.018277522610758
2129.474698126320000	 0.018273851180787
2129.707656741140000	 0.018269178087550
2129.940615355970000	 0.018256796322483
2130.173573970790000	 0.018235064222410
2130.406532585620000	 0.018208661712510
2130.639491200450000	 0.018185736312105
2130.872449815270000	 0.018172591592497
2131.105408430100000	 0.018169247309327
2131.338367044930000	 0.018168819000858
2131.571325659750000	 0.018161421134905
2131.804284274580000	 0.018140517737638
2132.037242889400000	 0.018107907011102
2132.270201504230000	 0.018073918859592
2132.503160119060000	 0.018051980248847
2132.736118733880000	 0.018050155903791
2132.969077348710000	 0.018064468013335
2133.202035963540000	 0.018078261361912
2133.434994578360000	 0.018068862675069
2133.667953193190000	 0.018018887007723
2133.900911808010000	 0.017926675914688
2134.133870422840000	 0.017810072535571
2134.366829037670000	 0.017700671804428
2134.599787652490000	 0.017630657081376
2134.832746267320000	 0.017618489249323
2135.065704882140000	 0.017660470328537
2135.298663496970000	 0.017732275069750
2135.531622111800000	 0.017799764097615
2135.764580726620000	 0.017834070608597
2135.997539341450000	 0.017823901716875
2136.230497956280000	 0.017779289946975
2136.463456571100000	 0.017725326817271
2136.696415185930000	 0.017689441169992
2136.929373800750000	 0.017688624168323
2137.162332415580000	 0.017722325067334
2137.395291030410000	 0.017773505848975
2137.628249645230000	 0.017816496926485
2137.861208260060000	 0.017827506095562
2138.094166874890000	 0.017792984156831
2138.327125489710000	 0.017712796906386
2138.560084104540000	 0.017598226526929
2138.793042719360000	 0.017467240401604
2139.026001334190000	 0.017339839515322
2139.258959949020000	 0.017234897762495
2139.491918563840000	 0.017168144001295
2139.724877178670000	 0.017150143830023
2139.957835793500000	 0.017183704618399
2140.190794408320000	 0.017261433793827
2140.423753023150000	 0.017365128462175
2140.656711637970000	 0.017468507688460
2140.889670252800000	 0.017543531468976
2141.122628867630000	 0.017568752686591
2141.355587482450000	 0.017536626506977
2141.588546097280000	 0.017456392215012
2141.821504712100000	 0.017350706551876
2142.054463326930000	 0.017247176057709
2142.287421941760000	 0.017168541150421
2142.520380556580000	 0.017125777008301
2142.753339171410000	 0.017116623328301
2142.986297786240000	 0.017129325083393
2143.219256401060000	 0.017149130339266
2143.452215015890000	 0.017164218631796
2143.685173630710000	 0.017168490550557
2143.918132245540000	 0.017160647457462
2144.151090860370000	 0.017141094913720
2144.384049475190000	 0.017109124712030
2144.617008090020000	 0.017062126728072
2144.849966704850000	 0.016996940120382
2145.082925319670000	 0.016912031383401
2145.315883934500000	 0.016808840408477
2145.548842549320000	 0.016691508945778
2145.781801164150000	 0.016565630082546
2146.014759778980000	 0.016437508182339
2146.247718393800000	 0.016314956901582
2146.480677008630000	 0.016209168446353
2146.713635623460000	 0.016135755828800
2146.946594238280000	 0.016112856788615
2147.179552853110000	 0.016155664647316
2147.412511467930000	 0.016269222127813
2147.645470082760000	 0.016443113105341
2147.878428697590000	 0.016651380150371
2148.111387312410000	 0.016858634663503
2148.344345927240000	 0.017030302062332
2148.577304542060000	 0.017142770518990
2148.810263156890000	 0.017188853194910
2149.043221771720000	 0.017175892163666
2149.276180386540000	 0.017117596769209
2149.509139001370000	 0.017024405933879
2149.742097616200000	 0.016898257875408
2149.975056231020000	 0.016735140348256
2150.208014845850000	 0.016534132287607
2150.440973460670000	 0.016307471307641
2150.673932075500000	 0.016084761831972
2150.906890690330000	 0.015906946243268
2151.139849305150000	 0.015811346346353
2151.372807919980000	 0.015814753768835
2151.605766534810000	 0.015903379845433
2151.838725149630000	 0.016035296009036
2152.071683764460000	 0.016155051746072
2152.304642379280000	 0.016214578259339
2152.537600994110000	 0.016191314931040
2152.770559608940000	 0.016095086415315
2153.003518223760000	 0.015960272920122
2153.236476838590000	 0.015827412615881
2153.469435453410000	 0.015723971388279
2153.702394068240000	 0.015653907570963
2153.935352683070000	 0.015600391850360
2154.168311297890000	 0.015539201395712
2154.401269912720000	 0.015455222381338
2154.634228527550000	 0.015353123691301
2154.867187142370000	 0.015256430250694
2155.100145757200000	 0.015195689353238
2155.333104372020000	 0.015192400507002
2155.566062986850000	 0.015247136810716
2155.799021601680000	 0.015337389457944
2156.031980216500000	 0.015425615014423
2156.264938831330000	 0.015473393515087
2156.497897446160000	 0.015455119659749
2156.730856060980000	 0.015365327246890
2156.963814675810000	 0.015217587908208
2157.196773290630000	 0.015037656241729
2157.429731905460000	 0.014855797614461
2157.662690520290000	 0.014701721740980
2157.895649135110000	 0.014602097736369
2158.128607749940000	 0.014578238096430
2158.361566364770000	 0.014641944460742
2158.594524979590000	 0.014790190852283
2158.827483594420000	 0.015001968490210
2159.060442209240000	 0.015240901540821
2159.293400824070000	 0.015464743683768
2159.526359438900000	 0.015639101570578
2159.759318053720000	 0.015749677195184
2159.992276668550000	 0.015806668654719
2160.225235283370000	 0.015837976344988
2160.458193898200000	 0.015873919920728
2160.691152513030000	 0.015931597740319
2160.924111127850000	 0.016007567799429
2161.157069742680000	 0.016082688097035
2161.390028357510000	 0.016136197173920
2161.622986972330000	 0.016161213232975
2161.855945587160000	 0.016172745144491
2162.088904201980000	 0.016202729247298
2162.321862816810000	 0.016283626543785
2162.554821431640000	 0.016429064270921
2162.787780046460000	 0.016622220547235
2163.020738661290000	 0.016818690321032
2163.253697276120000	 0.016963284522861
2163.486655890940000	 0.017013500350724
2163.719614505770000	 0.016958807181235
2163.952573120590000	 0.016826100055817
2164.185531735420000	 0.016668188691301
2164.418490350250000	 0.016541152822128
2164.651448965070000	 0.016482085595048
2164.884407579900000	 0.016497505681177
2165.117366194730000	 0.016566242503148
2165.350324809550000	 0.016653405218732
2165.583283424380000	 0.016727464652273
2165.816242039200000	 0.016771908492445
2166.049200654030000	 0.016786583232581
2166.282159268860000	 0.016780073287645
2166.515117883680000	 0.016759547680263
2166.748076498510000	 0.016725132624735
2166.981035113330000	 0.016672040103920
2167.213993728160000	 0.016598272181761
2167.446952342990000	 0.016512003600307
2167.679910957810000	 0.016432782645430
2167.912869572640000	 0.016384591910220
2168.145828187470000	 0.016384243577574
2168.378786802290000	 0.016431883346783
2168.611745417120000	 0.016509400214546
2168.844704031940000	 0.016588214143150
2169.077662646770000	 0.016642858085454
2169.310621261600000	 0.016663404428372
2169.543579876420000	 0.016659842712631
2169.776538491250000	 0.016655562761715
2170.009497106080000	 0.016673285975524
2170.242455720900000	 0.016721210431088
2170.475414335730000	 0.016786906698392
2170.708372950550000	 0.016842141069434
2170.941331565380000	 0.016856125989976
2171.174290180210000	 0.016810451290678
2171.407248795030000	 0.016708015762293
2171.640207409860000	 0.016571445404330
2171.873166024680000	 0.016432376315537
2172.106124639510000	 0.016317985135313
2172.339083254340000	 0.016242039709564
2172.572041869160000	 0.016204379409266
2172.805000483990000	 0.016197655640135
2173.037959098820000	 0.016216253739180
2173.270917713640000	 0.016261441849185
2173.503876328470000	 0.016339412464938
2173.736834943290000	 0.016453586812288
2173.969793558120000	 0.016596401120542
2174.202752172950000	 0.016746342221254
2174.435710787770000	 0.016873098150391
2174.668669402600000	 0.016949112113621
2174.901628017430000	 0.016961885917402
2175.134586632250000	 0.016920202641528
2175.367545247080000	 0.016850235011288
2175.600503861900000	 0.016783145655846
2175.833462476730000	 0.016740738227764
2176.066421091560000	 0.016726732401873
2176.299379706380000	 0.016727995593581
2176.532338321210000	 0.016724787164603
2176.765296936040000	 0.016704437290782
2176.998255550860000	 0.016671016140675
2177.231214165690000	 0.016645618846065
2177.464172780510000	 0.016657051731252
2177.697131395340000	 0.016727855893908
2177.930090010170000	 0.016862626127450
2178.163048624990000	 0.017043856694550
2178.396007239820000	 0.017236733431459
2178.628965854640000	 0.017400386329131
2178.861924469470000	 0.017500562623641
2179.094883084300000	 0.017518564247438
2179.327841699120000	 0.017453827614854
2179.560800313950000	 0.017321166860720
2179.793758928780000	 0.017145921263599
2180.026717543600000	 0.016959713299836
2180.259676158430000	 0.016797192400624
2180.492634773250000	 0.016692198155444
2180.725593388080000	 0.016671843289621
2180.958552002910000	 0.016749027069001
2181.191510617730000	 0.016916218390283
2181.424469232560000	 0.017144140568757
2181.657427847390000	 0.017387618246982
2181.890386462210000	 0.017598027332711
2182.123345077040000	 0.017738672309032
2182.356303691860000	 0.017797216899731
2182.589262306690000	 0.017789457785460
2182.822220921520000	 0.017752101416005
2183.055179536340000	 0.017727450248944
2183.288138151170000	 0.017746786948534
2183.521096766000000	 0.017819370888398
2183.754055380820000	 0.017930779417556
2183.987013995650000	 0.018050058048174
2184.219972610470000	 0.018141724424113
2184.452931225300000	 0.018177222270088
2184.685889840130000	 0.018141522892949
2184.918848454950000	 0.018033758843166
2185.151807069780000	 0.017864100545163
2185.384765684600000	 0.017650327144645
2185.617724299430000	 0.017416103428709
2185.850682914260000	 0.017190295001715
2186.083641529080000	 0.017004913920714
2186.316600143910000	 0.016889848298694
2186.549558758740000	 0.016865033986880
2186.782517373560000	 0.016933292965835
2187.015475988390000	 0.017077736720837
2187.248434603210000	 0.017265937862160
2187.481393218040000	 0.017460050471749
2187.714351832870000	 0.017629143766373
2187.947310447690000	 0.017758441250406
2188.180269062520000	 0.017851003592811
2188.413227677350000	 0.017920918196965
2188.646186292170000	 0.017981649257548
2188.879144907000000	 0.018035966512782
2189.112103521820000	 0.018073004773717
2189.345062136650000	 0.018074172261501
2189.578020751480000	 0.018024966156403
2189.810979366300000	 0.017926436448369
2190.043937981130000	 0.017799750511716
2190.276896595950000	 0.017680654411349
2190.509855210780000	 0.017606053516333
2190.742813825610000	 0.017599151282410
2190.975772440430000	 0.017660111726364
2191.208731055260000	 0.017766268858061
2191.441689670090000	 0.017881509128046
2191.674648284910000	 0.017970557502558
2191.907606899740000	 0.018011911158840
2192.140565514560000	 0.018004056871133
2192.373524129390000	 0.017963152492549
2192.606482744220000	 0.017914524914947
2192.839441359040000	 0.017882608879448
2193.072399973870000	 0.017883406566815
2193.305358588700000	 0.017921286307018
2193.538317203520000	 0.017989670478999
2193.771275818350000	 0.018073951769238
2194.004234433170000	 0.018155033975496
2194.237193048000000	 0.018212805061140
2194.470151662830000	 0.018229797167877
2194.703110277650000	 0.018195443845866
2194.936068892480000	 0.018110440692952
2195.169027507310000	 0.017989359099571
2195.401986122130000	 0.017859091148819
2195.634944736960000	 0.017751941882259
2195.867903351780000	 0.017694985856262
2196.100861966610000	 0.017699922039604
2196.333820581440000	 0.017758163502427
2196.566779196260000	 0.017843839608268
2196.799737811090000	 0.017923940783891
2197.032696425910000	 0.017971603577321
2197.265655040740000	 0.017976815636969
2197.498613655570000	 0.017949600577100
2197.731572270390000	 0.017914177599482
2197.964530885220000	 0.017897126672726
2198.197489500050000	 0.017915516691957
2198.430448114870000	 0.017970556658530
2198.663406729700000	 0.018049185410494
2198.896365344520000	 0.018132072268913
2199.129323959350000	 0.018203586007104
2199.362282574180000	 0.018258598435181
2199.595241189000000	 0.018302917777382
2199.828199803830000	 0.018347767552744
2200.061158418660000	 0.018401904615249
2200.294117033480000	 0.018465838602264
2200.527075648310000	 0.018530971643738
2200.760034263130000	 0.018583588970343
2200.992992877960000	 0.018611107724424
2201.225951492790000	 0.018607049502171
2201.458910107610000	 0.018572307233195
2201.691868722440000	 0.018512758666552
2201.924827337270000	 0.018435496316654
2202.157785952090000	 0.018346437146477
2202.390744566920000	 0.018250686938485
2202.623703181740000	 0.018154859880301
2202.856661796570000	 0.018069046441699
2203.089620411400000	 0.018006251298340
2203.322579026220000	 0.017978843187979
2203.555537641050000	 0.017993727084948
2203.788496255870000	 0.018049050199148
2204.021454870700000	 0.018134555205939
2204.254413485530000	 0.018235693754805
2204.487372100350000	 0.018339474703794
2204.720330715180000	 0.018438877009993
2204.953289330010000	 0.018533237731612
2205.186247944830000	 0.018624260897298
2205.419206559660000	 0.018710005106204
2205.652165174480000	 0.018780677687126
2205.885123789310000	 0.018819310698521
2206.118082404140000	 0.018807838430497
2206.351041018960000	 0.018736076470016
2206.583999633790000	 0.018609135915676
2206.816958248620000	 0.018449085068759
2207.049916863440000	 0.018289375360846
2207.282875478270000	 0.018164265037487
2207.515834093090000	 0.018097907852120
2207.748792707920000	 0.018097575596182
2207.981751322750000	 0.018153192527736
2208.214709937570000	 0.018242528413715
2208.447668552400000	 0.018339311399215
2208.680627167220000	 0.018420849394746
2208.913585782050000	 0.018472649595356
2209.146544396880000	 0.018489481666516
2209.379503011700000	 0.018474126495746
2209.612461626530000	 0.018435544468171
2209.845420241360000	 0.018387262980651
2210.078378856180000	 0.018345413117408
2210.311337471010000	 0.018325322759306
2210.544296085830000	 0.018336485158643
2210.777254700660000	 0.018377470785252
2211.010213315490000	 0.018433549234065
2211.243171930310000	 0.018479356010904
2211.476130545140000	 0.018486910949550
2211.709089159970000	 0.018436628677807
2211.942047774790000	 0.018326894608245
2212.175006389620000	 0.018177489409364
2212.407965004440000	 0.018024353187018
2212.640923619270000	 0.017907282238541
2212.873882234100000	 0.017855901829308
2213.106840848920000	 0.017880220165305
2213.339799463750000	 0.017969661833574
2213.572758078580000	 0.018100280287985
2213.805716693400000	 0.018246089801925
2214.038675308230000	 0.018388761228094
2214.271633923050000	 0.018521045293958
2214.504592537880000	 0.018642864349694
2214.737551152710000	 0.018753249414948
2214.970509767530000	 0.018843695254353
2215.203468382360000	 0.018897621751459
2215.436426997180000	 0.018897052510533
2215.669385612010000	 0.018833324068603
2215.902344226840000	 0.018715852208727
2216.135302841660000	 0.018573365023582
2216.368261456490000	 0.018445730912059
2216.601220071320000	 0.018369601067077
2216.834178686140000	 0.018364472898743
2217.067137300970000	 0.018425578568219
2217.300095915790000	 0.018526697113581
2217.533054530620000	 0.018631484658096
2217.766013145450000	 0.018708174085642
2217.998971760270000	 0.018741074821502
2218.231930375100000	 0.018734036259553
2218.464888989930000	 0.018705200497722
2218.697847604750000	 0.018676608288825
2218.930806219580000	 0.018664144851409
2219.163764834400000	 0.018672241669132
2219.396723449230000	 0.018694795298517
2219.629682064060000	 0.018720648048347
2219.862640678880000	 0.018740120497352
2220.095599293710000	 0.018749229260374
2220.328557908540000	 0.018750094746901
2220.561516523360000	 0.018748373111639
2220.794475138190000	 0.018749884547214
2221.027433753010000	 0.018758370678880
2221.260392367840000	 0.018775019697291
2221.493350982670000	 0.018799086494669
2221.726309597490000	 0.018828440373253
2221.959268212320000	 0.018859398218991
2222.192226827140000	 0.018886244027509
2222.425185441970000	 0.018901533018137
2222.658144056800000	 0.018898026219725
2222.891102671620000	 0.018871977187890
2223.124061286450000	 0.018826201172096
2223.357019901280000	 0.018770836070701
2223.589978516100000	 0.018720559434991
2223.822937130930000	 0.018688979478270
2224.055895745750000	 0.018682784060729
2224.288854360580000	 0.018698730359447
2224.521812975410000	 0.018725303482806
2224.754771590230000	 0.018748547531099
2224.987730205060000	 0.018759356198103
2225.220688819890000	 0.018758522883466
2225.453647434710000	 0.018756772302041
2225.686606049540000	 0.018769570398462
2225.919564664360000	 0.018809351344580
2226.152523279190000	 0.018879193355462
2226.385481894020000	 0.018971148950633
2226.618440508840000	 0.019069990536218
2226.851399123670000	 0.019160391986790
2227.084357738490000	 0.019233832430806
2227.317316353320000	 0.019291664176136
2227.550274968150000	 0.019342875718505
2227.783233582970000	 0.019397986068105
2228.016192197800000	 0.019462495909165
2228.249150812630000	 0.019533299076644
2228.482109427450000	 0.019599661835013
2228.715068042280000	 0.019647947364239
2228.948026657100000	 0.019667451959212
2229.180985271930000	 0.019654402965336
2229.413943886760000	 0.019612484700197
2229.646902501580000	 0.019550373959853
2229.879861116410000	 0.019478288984157
2230.112819731240000	 0.019405559832933
2230.345778346060000	 0.019339930167504
2230.578736960890000	 0.019287765623587
2230.811695575710000	 0.019253672592353
2231.044654190540000	 0.019238685435177
2231.277612805370000	 0.019237710560622
2231.510571420190000	 0.019238216879129
2231.743530035020000	 0.019222216634318
2231.976488649850000	 0.019172154074587
2232.209447264670000	 0.019079059508204
2232.442405879500000	 0.018949401569855
2232.675364494320000	 0.018806711844942
2232.908323109150000	 0.018685924323836
2233.141281723980000	 0.018621829344435
2233.374240338800000	 0.018636182353901
2233.607198953630000	 0.018728949959346
2233.840157568450000	 0.018877465653217
2234.073116183280000	 0.019043931101442
2234.306074798110000	 0.019188257059399
2234.539033412930000	 0.019281040177042
2234.771992027760000	 0.019311523772290
2235.004950642590000	 0.019287879468378
2235.237909257410000	 0.019230859048972
2235.470867872240000	 0.019164676121109
2235.703826487060000	 0.019109405249640
2235.936785101890000	 0.019077417460325
2236.169743716720000	 0.019073792786233
2236.402702331540000	 0.019098738278400
2236.635660946370000	 0.019149637891201
2236.868619561200000	 0.019221444708349
2237.101578176020000	 0.019305861629440
2237.334536790850000	 0.019390963989332
2237.567495405670000	 0.019462815544729
2237.800454020500000	 0.019509297824698
2238.033412635330000	 0.019524644348435
2238.266371250150000	 0.019512171022598
2238.499329864980000	 0.019483229973114
2238.732288479810000	 0.019452363748170
2238.965247094630000	 0.019430840281360
2239.198205709460000	 0.019421787678027
2239.431164324280000	 0.019419397096648
2239.664122939110000	 0.019412600828310
2239.897081553940000	 0.019391354520459
2240.130040168760000	 0.019352289764900
2240.362998783590000	 0.019300816182522
2240.595957398410000	 0.019248677615103
2240.828916013240000	 0.019208424429480
2241.061874628070000	 0.019187778647830
2241.294833242890000	 0.019186649618378
2241.527791857720000	 0.019197949746593
2241.760750472550000	 0.019211376747658
2241.993709087370000	 0.019217984019445
2242.226667702200000	 0.019213274028973
2242.459626317020000	 0.019197698526817
2242.692584931850000	 0.019175082098193
2242.925543546680000	 0.019150531448596
2243.158502161500000	 0.019129235355915
2243.391460776330000	 0.019116464843367
2243.624419391160000	 0.019117921493811
2243.857378005980000	 0.019139200201687
2244.090336620810000	 0.019183821389742
2244.323295235630000	 0.019250583292004
2244.556253850460000	 0.019331948914630
2244.789212465290000	 0.019415057536007
2245.022171080110000	 0.019485687481875
2245.255129694940000	 0.019533748722206
2245.488088309760000	 0.019557632567474
2245.721046924590000	 0.019564854966230
2245.954005539420000	 0.019568138756897
2246.186964154240000	 0.019578608702277
2246.419922769070000	 0.019599603846692
2246.652881383900000	 0.019624534961756
2246.885839998720000	 0.019640209957520
2247.118798613550000	 0.019634191082992
2247.351757228370000	 0.019602486745721
2247.584715843200000	 0.019553421062263
2247.817674458030000	 0.019505310222303
2248.050633072850000	 0.019478828545370
2248.283591687680000	 0.019487841793026
2248.516550302510000	 0.019533304332983
2248.749508917330000	 0.019603165391867
2248.982467532160000	 0.019678134633600
2249.215426146980000	 0.019740240986015
2249.448384761810000	 0.019779802587130
2249.681343376640000	 0.019797416546369
2249.914301991460000	 0.019800423966697
2250.147260606290000	 0.019796401237738
2250.380219221120000	 0.019787736564167
2250.613177835940000	 0.019770461070215
2250.846136450770000	 0.019737867587189
2251.079095065590000	 0.019686607253767
2251.312053680420000	 0.019621468763279
2251.545012295250000	 0.019555773814557
2251.777970910070000	 0.019506885953562
2252.010929524900000	 0.019489189956787
2252.243888139720000	 0.019508323568212
2252.476846754550000	 0.019559675099777
2252.709805369380000	 0.019631762555953
2252.942763984200000	 0.019712441140902
2253.175722599030000	 0.019794373226350
2253.408681213860000	 0.019876704059928
2253.641639828680000	 0.019962190193073
2253.874598443510000	 0.020051769891976
2254.107557058330000	 0.020140083947696
2254.340515673160000	 0.020214893695282
2254.573474287990000	 0.020261087678325
2254.806432902810000	 0.020267287684330
2255.039391517640000	 0.020231453385037
2255.272350132470000	 0.020162342266217
2255.505308747290000	 0.020076027827621
2255.738267362120000	 0.019989481559307
2255.971225976940000	 0.019914739385058
2256.204184591770000	 0.019856577846551
2256.437143206600000	 0.019814427342632
2256.670101821420000	 0.019786776565465
2256.903060436250000	 0.019774957340983
2257.136019051080000	 0.019783723617319
2257.368977665900000	 0.019818156221912
2257.601936280730000	 0.019878836557862
2257.834894895550000	 0.019958456774305
2258.067853510380000	 0.020042363672578
2258.300812125210000	 0.020113351352071
2258.533770740030000	 0.020158491093991
2258.766729354860000	 0.020174344152584
2258.999687969680000	 0.020167534877813
2259.232646584510000	 0.020150173537386
2259.465605199340000	 0.020132543984011
2259.698563814160000	 0.020117047751992
2259.931522428990000	 0.020096767112770
2260.164481043820000	 0.020059586037357
2260.397439658640000	 0.019995839683782
2260.630398273470000	 0.019905466343257
2260.863356888290000	 0.019800763279628
2261.096315503120000	 0.019703135284676
2261.329274117950000	 0.019635359083732
2261.562232732770000	 0.019613068432602
2261.795191347600000	 0.019639353403864
2262.028149962430000	 0.019704715639261
2262.261108577250000	 0.019792045771853
2262.494067192080000	 0.019883974694245
2262.727025806900000	 0.019969007563149
2262.959984421730000	 0.020043785876095
2263.192943036560000	 0.020111062408426
2263.425901651380000	 0.020175147172913
2263.658860266210000	 0.020237517441327
2263.891818881030000	 0.020294721252459
2264.124777495860000	 0.020339206599999
2264.357736110690000	 0.020362177007160
2264.590694725510000	 0.020356796115119
2264.823653340340000	 0.020320346586319
2265.056611955170000	 0.020254922666791
2265.289570569990000	 0.020167111043238
2265.522529184820000	 0.020067298988680
2265.755487799640000	 0.019968782196579
2265.988446414470000	 0.019886290298872
2266.221405029300000	 0.019833501932753
2266.454363644120000	 0.019819736220559
2266.687322258950000	 0.019846867307016
2266.920280873780000	 0.019907954163568
2267.153239488600000	 0.019988703151703
2267.386198103430000	 0.020071766561631
2267.619156718250000	 0.020142496738806
2267.852115333080000	 0.020193801017987
2268.085073947910000	 0.020227836545419
2268.318032562730000	 0.020253658547681
2268.550991177560000	 0.020281976580024
2268.783949792390000	 0.020319686588149
2269.016908407210000	 0.020366912243257
2269.249867022040000	 0.020417899326413
2269.482825636860000	 0.020465050069105
2269.715784251690000	 0.020503723869502
2269.948742866520000	 0.020535042909719
2270.181701481340000	 0.020565104714200
2270.414660096170000	 0.020601106699685
2270.647618710990000	 0.020646677612074
2270.880577325820000	 0.020699126818884
2271.113535940650000	 0.020750191325761
2271.346494555470000	 0.020789880872657
2271.579453170300000	 0.020811282366260
2271.812411785130000	 0.020813651013256
2272.045370399950000	 0.020802142862966
2272.278329014780000	 0.020784550689272
2272.511287629600000	 0.020767134989747
2272.744246244430000	 0.020752025824644
2272.977204859260000	 0.020737553038135
2273.210163474080000	 0.020720988147643
2273.443122088910000	 0.020701674058886
2273.676080703740000	 0.020682289112226
2273.909039318560000	 0.020667234720312
2274.141997933390000	 0.020659110443965
2274.374956548210000	 0.020655671851963
2274.607915163040000	 0.020649611362463
2274.840873777870000	 0.020631947924840
2275.073832392690000	 0.020597605954845
2275.306791007520000	 0.020550149342586
2275.539749622350000	 0.020502662016015
2275.772708237170000	 0.020473634757699
2276.005666852000000	 0.020479447192484
2276.238625466820000	 0.020526999921805
2276.471584081650000	 0.020610121952860
2276.704542696480000	 0.020711579654823
2276.937501311300000	 0.020809797868037
2277.170459926130000	 0.020887084151507
2277.403418540950000	 0.020935420370424
2277.636377155780000	 0.020957261712357
2277.869335770610000	 0.020961560749850
2278.102294385430000	 0.020957756077506
2278.335253000260000	 0.020951253034298
2278.568211615090000	 0.020942667413172
2278.801170229910000	 0.020930676705168
2279.034128844740000	 0.020916139656217
2279.267087459560000	 0.020904439834018
2279.500046074390000	 0.020904212149060
2279.733004689220000	 0.020922992834458
2279.965963304040000	 0.020962387809067
2280.198921918870000	 0.021015820283234
2280.431880533700000	 0.021070557824141
2280.664839148520000	 0.021113309580589
2280.897797763350000	 0.021136541108887
2281.130756378170000	 0.021142039878363
2281.363714993000000	 0.021139685789031
2281.596673607830000	 0.021142084232142
2281.829632222650000	 0.021158055558400
2282.062590837480000	 0.021188552455446
2282.295549452300000	 0.021227146539968
2282.528508067130000	 0.021264641702240
2282.761466681960000	 0.021295024879218
2282.994425296780000	 0.021319165831607
2283.227383911610000	 0.021343985087253
2283.460342526440000	 0.021377525226403
2283.693301141260000	 0.021422838272747
2283.926259756090000	 0.021474361896145
2284.159218370910000	 0.021519119900335
2284.392176985740000	 0.021542419944546
2284.625135600570000	 0.021535148109871
2284.858094215390000	 0.021498708008494
2285.091052830220000	 0.021444833223496
2285.324011445050000	 0.021390311929650
2285.556970059870000	 0.021349432414582
2285.789928674700000	 0.021328090309643
2286.022887289520000	 0.021322475848093
2286.255845904350000	 0.021322750643955
2286.488804519180000	 0.021319469903879
2286.721763134000000	 0.021309107209040
2286.954721748830000	 0.021295684164918
2287.187680363660000	 0.021287822333861
2287.420638978480000	 0.021293124877257
2287.653597593310000	 0.021313175940833
2287.886556208130000	 0.021341959364885
2288.119514822960000	 0.021368527185502
2288.352473437790000	 0.021382386493649
2288.585432052610000	 0.021378617194856
2288.818390667440000	 0.021360022442486
2289.051349282260000	 0.021335433880875
2289.284307897090000	 0.021315454868142
2289.517266511920000	 0.021308123668982
2289.750225126740000	 0.021316662669816
2289.983183741570000	 0.021340017525508
2290.216142356400000	 0.021375202230547
2290.449100971220000	 0.021419533739292
2290.682059586050000	 0.021471202676569
2290.915018200870000	 0.021528009610001
2291.147976815700000	 0.021585539175502
2291.380935430530000	 0.021636567663221
2291.613894045350000	 0.021672752205749
2291.846852660180000	 0.021688075993002
2292.079811275010000	 0.021682103256467
2292.312769889830000	 0.021660824065281
2292.545728504660000	 0.021634091452449
2292.778687119480000	 0.021610697032003
2293.011645734310000	 0.021593691784559
2293.244604349140000	 0.021578635323065
2293.477562963960000	 0.021555975642314
2293.710521578790000	 0.021516505465569
2293.943480193620000	 0.021457018027209
2294.176438808440000	 0.021382984085037
2294.409397423270000	 0.021306624291863
2294.642356038090000	 0.021241343059646
2294.875314652920000	 0.021195579327641
2295.108273267750000	 0.021169476686539
2295.341231882570000	 0.021156198625454
2295.574190497400000	 0.021147088419011
2295.807149112220000	 0.021137633392013
2296.040107727050000	 0.021130644519967
2296.273066341880000	 0.021134619625760
2296.506024956700000	 0.021158073453701
2296.738983571530000	 0.021203059333524
2296.971942186360000	 0.021261777280742
2297.204900801180000	 0.021318636841417
2297.437859416010000	 0.021357133709144
2297.670818030830000	 0.021368019059924
2297.903776645660000	 0.021354256038727
2298.136735260490000	 0.021329900984158
2298.369693875310000	 0.021313345898951
2298.602652490140000	 0.021318355548426
2298.835611104970000	 0.021347476097416
2299.068569719790000	 0.021391223963666
2299.301528334620000	 0.021433503244590
2299.534486949440000	 0.021460310146031
2299.767445564270000	 0.021466880647178
2300.000404179100000	 0.021459359171214
2300.233362793920000	 0.021450297312804
2300.466321408750000	 0.021450747380356
2300.699280023570000	 0.021463440028837
2300.932238638400000	 0.021480861541023
2301.165197253230000	 0.021489433150261
2301.398155868050000	 0.021477624459109
2301.631114482880000	 0.021443465439596
2301.864073097710000	 0.021397132072873
2302.097031712530000	 0.021357075820173
2302.329990327360000	 0.021341709123069
2302.562948942180000	 0.021360822579640
2302.795907557010000	 0.021410837062998
2303.028866171840000	 0.021476080914795
2303.261824786660000	 0.021535432012679
2303.494783401490000	 0.021571074235164
2303.727742016320000	 0.021575165156584
2303.960700631140000	 0.021551583201568
2304.193659245970000	 0.021512740775360
2304.426617860790000	 0.021473826865873
2304.659576475620000	 0.021447465847956
2304.892535090450000	 0.021440746652764
2305.125493705270000	 0.021454893863497
2305.358452320100000	 0.021486559852401
2305.591410934930000	 0.021529402287944
2305.824369549750000	 0.021575241117126
2306.057328164580000	 0.021615049220790
2306.290286779400000	 0.021640503311575
2306.523245394230000	 0.021646381751299
2306.756204009060000	 0.021633055182587
2306.989162623880000	 0.021607507169469
2307.222121238710000	 0.021581511259457
2307.455079853530000	 0.021566933776575
2307.688038468360000	 0.021569990686380
2307.920997083190000	 0.021587499617858
2308.153955698010000	 0.021607695449299
2308.386914312840000	 0.021615897488050
2308.619872927670000	 0.021602417754036
2308.852831542490000	 0.021568461103220
2309.085790157320000	 0.021526548824030
2309.318748772140000	 0.021494778232405
2309.551707386970000	 0.021487520045597
2309.784666001800000	 0.021507387535169
2310.017624616620000	 0.021543255109824
2310.250583231450000	 0.021576187485047
2310.483541846280000	 0.021590450262487
2310.716500461100000	 0.021583310497663
2310.949459075930000	 0.021567766250851
2311.182417690750000	 0.021566313595941
2311.415376305580000	 0.021598624199449
2311.648334920410000	 0.021669274065508
2311.881293535230000	 0.021762419531579
2312.114252150060000	 0.021847651515968
2312.347210764880000	 0.021895082362150
2312.580169379710000	 0.021891324455371
2312.813127994540000	 0.021846794553746
2313.046086609360000	 0.021790131680271
2313.279045224190000	 0.021752887783968
2313.512003839020000	 0.021752230068569
2313.744962453840000	 0.021780344918527
2313.977921068670000	 0.021807055111446
2314.210879683490000	 0.021796128915695
2314.443838298320000	 0.021727189207454
2314.676796913150000	 0.021610289037845
2314.909755527970000	 0.021484355205787
2315.142714142800000	 0.021400408125710
2315.375672757630000	 0.021397877227745
2315.608631372450000	 0.021484614675373
2315.841589987280000	 0.021630206817536
2316.074548602100000	 0.021777796330646
2316.307507216930000	 0.021870364463238
2316.540465831760000	 0.021877572187724
2316.773424446580000	 0.021808087377979
2317.006383061410000	 0.021701982039811
2317.239341676240000	 0.021609308210506
2317.472300291060000	 0.021566217251431
2317.705258905890000	 0.021579477755193
2317.938217520710000	 0.021626803277892
2318.171176135540000	 0.021673385609916
2318.404134750370000	 0.021695237579507
2318.637093365190000	 0.021694681664063
2318.870051980020000	 0.021698681550155
2319.103010594840000	 0.021741967699352
2319.335969209670000	 0.021844722988478
2319.568927824500000	 0.021996345079989
2319.801886439320000	 0.022154650580500
2320.034845054150000	 0.022263495493517
2320.267803668980000	 0.022280864962815
2320.500762283800000	 0.022201050670204
2320.733720898630000	 0.022057805282558
2320.966679513450000	 0.021908090954666
2321.199638128280000	 0.021806418538747
2321.432596743110000	 0.021782006918558
2321.665555357930000	 0.021828480390467
2321.898513972760000	 0.021911139621837
2322.131472587590000	 0.021988652351391
2322.364431202410000	 0.022036763795909
2322.597389817240000	 0.022059678620579
2322.830348432060000	 0.022083348687066
2323.063307046890000	 0.022136195507224
2323.296265661720000	 0.022228468515093
2323.529224276540000	 0.022341104677278
2323.762182891370000	 0.022430891569134
2323.995141506200000	 0.022450755056706
2324.228100121020000	 0.022374189161566
2324.461058735850000	 0.022209134947584
2324.694017350670000	 0.021993848113436
2324.926975965500000	 0.021778913282135
2325.159934580330000	 0.021605833781196
2325.392893195150000	 0.021491985045950
2325.625851809980000	 0.021428010318473
2325.858810424800000	 0.021388483706340
2326.091769039630000	 0.021349912561330
2326.324727654460000	 0.021305443017067
2326.557686269280000	 0.021267734603145
2326.790644884110000	 0.021259212314736
2327.023603498940000	 0.021295973934124
2327.256562113760000	 0.021374245453539
2327.489520728590000	 0.021467014283205
2327.722479343410000	 0.021533997066136
2327.955437958240000	 0.021540713143204
2328.188396573070000	 0.021475951923069
2328.421355187890000	 0.021357342708919
2328.654313802720000	 0.021222451286685
2328.887272417550000	 0.021111127586038
2329.120231032370000	 0.021048226650304
2329.353189647200000	 0.021034672445545
2329.586148262020000	 0.021051037373970
2329.819106876850000	 0.021071760045014
2330.052065491680000	 0.021081758646038
2330.285024106500000	 0.021085408475341
2330.517982721330000	 0.021102943431197
2330.750941336150000	 0.021157148100386
2330.983899950980000	 0.021258126032178
2331.216858565810000	 0.021394434906260
2331.449817180630000	 0.021535871337330
2331.682775795460000	 0.021647219857249
2331.915734410290000	 0.021705475267539
2332.148693025110000	 0.021710387092529
2332.381651639940000	 0.021682543827397
2332.614610254760000	 0.021650998819866
2332.847568869590000	 0.021637709371257
2333.080527484420000	 0.021646763825883
2333.313486099240000	 0.021663695689825
2333.546444714070000	 0.021665166259266
2333.779403328900000	 0.021633428689508
2334.012361943720000	 0.021566929035778
2334.245320558550000	 0.021481044174110
2334.478279173370000	 0.021399302985123
2334.711237788200000	 0.021340620827137
2334.944196403030000	 0.021309546568987
2335.177155017850000	 0.021294700566573
2335.410113632680000	 0.021276380589107
2335.643072247510000	 0.021239081024241
2335.876030862330000	 0.021181482715625
2336.108989477160000	 0.021118058973323
2336.341948091980000	 0.021071675699273
2336.574906706810000	 0.021061490337689
2336.807865321640000	 0.021092531413843
2337.040823936460000	 0.021152465530826
2337.273782551290000	 0.021217632581597
2337.506741166110000	 0.021265300586166
2337.739699780940000	 0.021285111216496
2337.972658395770000	 0.021283190206700
2338.205617010590000	 0.021277191678194
2338.438575625420000	 0.021285785444725
2338.671534240250000	 0.021318552671675
2338.904492855070000	 0.021371528312035
2339.137451469900000	 0.021430577386222
2339.370410084720000	 0.021480500594707
2339.603368699550000	 0.021514331544025
2339.836327314380000	 0.021537202830422
2340.069285929200000	 0.021562681012430
2340.302244544030000	 0.021604007372532
2340.535203158860000	 0.021665413492230
2340.768161773680000	 0.021738553150854
2341.001120388510000	 0.021806343386953
2341.234079003330000	 0.021852231227592
2341.467037618160000	 0.021869469049441
2341.699996232990000	 0.021864923989963
2341.932954847810000	 0.021855375099016
2342.165913462640000	 0.021858564650893
2342.398872077470000	 0.021883858065006
2342.631830692290000	 0.021927393944009
2342.864789307120000	 0.021974329779778
2343.097747921940000	 0.022007003108600
2343.330706536770000	 0.022014411251357
2343.563665151600000	 0.021997716508314
2343.796623766420000	 0.021969058559719
2344.029582381250000	 0.021944810257850
2344.262540996070000	 0.021937108126355
2344.495499610900000	 0.021948010826781
2344.728458225730000	 0.021969108707877
2344.961416840550000	 0.021986444828962
2345.194375455380000	 0.021987639610147
2345.427334070210000	 0.021967080217564
2345.660292685030000	 0.021926683156460
2345.893251299860000	 0.021872693454575
2346.126209914680000	 0.021811159668065
2346.359168529510000	 0.021745051112646
2346.592127144340000	 0.021674603659782
2346.825085759160000	 0.021600231056653
2347.058044373990000	 0.021525526046872
2347.291002988820000	 0.021457735198168
2347.523961603640000	 0.021404760455026
2347.756920218470000	 0.021370049140769
2347.989878833290000	 0.021348262251747
2348.222837448120000	 0.021324604284800
2348.455796062950000	 0.021279089917972
2348.688754677770000	 0.021194402262944
2348.921713292600000	 0.021063768741120
2349.154671907420000	 0.020895002367010
2349.387630522250000	 0.020708800178371
2349.620589137080000	 0.020532170060235
2349.853547751900000	 0.020389819615522
2350.086506366730000	 0.020296870376157
2350.319464981560000	 0.020255564757427
2350.552423596380000	 0.020256986104442
2350.785382211210000	 0.020286602197305
2351.018340826030000	 0.020330631378025
2351.251299440860000	 0.020379994527880
2351.484258055690000	 0.020430253353076
2351.717216670510000	 0.020478443808008
2351.950175285340000	 0.020519569875974
2352.183133900170000	 0.020545663393297
2352.416092514990000	 0.020548594530382
2352.649051129820000	 0.020525162100962
2352.882009744640000	 0.020481127787373
2353.114968359470000	 0.020431163313308
2353.347926974300000	 0.020393986387473
2353.580885589120000	 0.020384747234273
2353.813844203950000	 0.020408420608659
2354.046802818780000	 0.020457761167220
2354.279761433600000	 0.020517285034534
2354.512720048430000	 0.020571572654972
2354.745678663250000	 0.020613611662498
2354.978637278080000	 0.020648569441379
2355.211595892910000	 0.020690662272633
2355.444554507730000	 0.020754440029472
2355.677513122560000	 0.020844918984281
2355.910471737380000	 0.020951951073293
2356.143430352210000	 0.021052306380421
2356.376388967040000	 0.021118950789826
2356.609347581860000	 0.021133160884775
2356.842306196690000	 0.021093672366171
2357.075264811520000	 0.021018560338265
2357.308223426340000	 0.020938871810363
2357.541182041170000	 0.020886635768877
2357.774140655990000	 0.020882442952694
2358.007099270820000	 0.020928089948413
2358.240057885650000	 0.021007291842361
2358.473016500470000	 0.021093434382907
2358.705975115300000	 0.021160271970501
2358.938933730130000	 0.021190974465765
2359.171892344950000	 0.021182517269181
2359.404850959780000	 0.021144682898096
2359.637809574600000	 0.021094957143501
2359.870768189430000	 0.021051922325530
2360.103726804260000	 0.021029906747565
2360.336685419080000	 0.021036439634071
2360.569644033910000	 0.021072226236670
2360.802602648740000	 0.021132219395928
2361.035561263560000	 0.021206599895812
2361.268519878390000	 0.021281595499560
2361.501478493210000	 0.021341004826108
2361.734437108040000	 0.021369270587563
2361.967395722870000	 0.021355949759299
2362.200354337690000	 0.021300164540472
2362.433312952520000	 0.021212986032437
2362.666271567340000	 0.021116139411189
2362.899230182170000	 0.021036742788177
2363.132188797000000	 0.020999486266236
2363.365147411820000	 0.021019027184150
2363.598106026650000	 0.021095605815700
2363.831064641480000	 0.021215554235498
2364.064023256300000	 0.021356122379977
2364.296981871130000	 0.021492286769751
2364.529940485950000	 0.021602881333088
2364.762899100780000	 0.021674281426515
2364.995857715610000	 0.021701161480952
2365.228816330430000	 0.021684939177658
2365.461774945260000	 0.021631193807246
2365.694733560090000	 0.021547469642420
2365.927692174910000	 0.021442364558875
2366.160650789740000	 0.021325868340035
2366.393609404560000	 0.021210066837142
2366.626568019390000	 0.021109050937678
2366.859526634220000	 0.021037317243110
2367.092485249040000	 0.021006883058942
2367.325443863870000	 0.021024219524046
2367.558402478690000	 0.021088354540119
2367.791361093520000	 0.021190942524398
2368.024319708350000	 0.021318177207594
2368.257278323170000	 0.021453772001038
2368.490236938000000	 0.021582104064167
2368.723195552830000	 0.021690808742892
2368.956154167650000	 0.021772349478959
2369.189112782480000	 0.021824326973336
2369.422071397300000	 0.021848606150252
2369.655030012130000	 0.021849687999932
2369.887988626960000	 0.021832953607589
2370.120947241780000	 0.021803339250640
2370.353905856610000	 0.021764730241775
2370.586864471440000	 0.021720047772401
2370.819823086260000	 0.021671765433539
2371.052781701090000	 0.021622481295761
2371.285740315910000	 0.021575206403964
2371.518698930740000	 0.021533195271882
2371.751657545570000	 0.021499369732736
2371.984616160390000	 0.021475582948699
2372.217574775220000	 0.021462068542984
2372.450533390050000	 0.021457382301814
2372.683492004870000	 0.021458954016732
2372.916450619700000	 0.021464071713060
2373.149409234520000	 0.021470868107679
2373.382367849350000	 0.021478843477737
2373.615326464180000	 0.021488686325337
2373.848285079000000	 0.021501510643833
2374.081243693830000	 0.021517915041467
2374.314202308650000	 0.021537344755241
2374.547160923480000	 0.021558068857053
2374.780119538310000	 0.021577748603855
2375.013078153130000	 0.021594250386167
2375.246036767960000	 0.021606250017910
2375.478995382790000	 0.021613354050409
2375.711953997610000	 0.021615799613927
2375.944912612440000	 0.021614061719326
2376.177871227260000	 0.021608731305883
2376.410829842090000	 0.021600807997876
2376.643788456920000	 0.021592206100139
2376.876747071740000	 0.021586019827173
2377.109705686570000	 0.021586118272034
2377.342664301400000	 0.021595961457458
2377.575622916220000	 0.021616987087952
2377.808581531050000	 0.021647278571379
2378.041540145870000	 0.021681280735041
2378.274498760700000	 0.021710974301713
2378.507457375530000	 0.021728248185235
2378.740415990350000	 0.021727559814002
2378.973374605180000	 0.021707755040807
2379.206333220010000	 0.021672284408865
2379.439291834830000	 0.021627780501964
2379.672250449660000	 0.021581662159155
2379.905209064480000	 0.021539807152750
2380.138167679310000	 0.021505253819986
2380.371126294140000	 0.021478375876264
2380.604084908960000	 0.021458234026503
2380.837043523790000	 0.021444219386969
2381.070002138610000	 0.021436999678510
2381.302960753440000	 0.021438210692508
2381.535919368270000	 0.021449053246832
2381.768877983090000	 0.021468586352257
2382.001836597920000	 0.021492731619119
2382.234795212750000	 0.021514683988246
2382.467753827570000	 0.021526705380050
2382.700712442400000	 0.021522562547897
2382.933671057220000	 0.021499563266871
2383.166629672050000	 0.021459369574532
2383.399588286880000	 0.021407336273582
2383.632546901700000	 0.021350738508811
2383.865505516530000	 0.021296666322052
2384.098464131360000	 0.021250418881883
2384.331422746180000	 0.021214898527911
2384.564381361010000	 0.021190954942028
2384.797339975830000	 0.021178179611109
2385.030298590660000	 0.021175553349974
2385.263257205490000	 0.021181616777364
2385.496215820310000	 0.021194254773861
2385.729174435140000	 0.021210485847837
2385.962133049960000	 0.021226647428650
2386.195091664790000	 0.021239084939683
2386.428050279620000	 0.021245088141963
2386.661008894440000	 0.021243619824540
2386.893967509270000	 0.021235466674025
2387.126926124100000	 0.021222740246118
2387.359884738920000	 0.021207989534553
2387.592843353750000	 0.021193375993018
2387.825801968570000	 0.021180299548048
2388.058760583400000	 0.021169573948407
2388.291719198230000	 0.021161901712440
2388.524677813050000	 0.021158216012674
2388.757636427880000	 0.021159558886708
2388.990595042710000	 0.021166488138768
2389.223553657530000	 0.021178351223826
2389.456512272360000	 0.021192916536668
2389.689470887180000	 0.021206695193213
2389.922429502010000	 0.021215894436647
2390.155388116840000	 0.021217564168956
2390.388346731660000	 0.021210383409817
2390.621305346490000	 0.021194753728361
2390.854263961320000	 0.021172274225712
2391.087222576140000	 0.021145020710894
2391.320181190970000	 0.021115134870549
2391.553139805790000	 0.021084980298241
2391.786098420620000	 0.021057666764419
2392.019057035450000	 0.021037363710542
2392.252015650270000	 0.021028792914008
2392.484974265100000	 0.021035691011229
2392.717932879920000	 0.021058695743794
2392.950891494750000	 0.021093686724356
2393.183850109580000	 0.021131718345367
2393.416808724400000	 0.021161115874934
2393.649767339230000	 0.021171259881484
2393.882725954060000	 0.021156624173579
2394.115684568880000	 0.021119323226377
2394.348643183710000	 0.021068940016711
2394.581601798530000	 0.021019492674063
2394.814560413360000	 0.020984609816658
2395.047519028190000	 0.020972832528669
2395.280477643010000	 0.020985007475203
2395.513436257840000	 0.021014828999265
2395.746394872670000	 0.021052120292319
2395.979353487490000	 0.021087206856521
2396.212312102320000	 0.021114373465878
2396.445270717140000	 0.021133000400128
2396.678229331970000	 0.021146160485263
2396.911187946800000	 0.021157658720807
2397.144146561620000	 0.021169173687894
2397.377105176450000	 0.021178987213858
2397.610063791280000	 0.021182860610773
2397.843022406100000	 0.021176460329205
2398.075981020930000	 0.021157980574835
2398.308939635750000	 0.021129590096510
2398.541898250580000	 0.021096977708785
2398.774856865410000	 0.021067241546876
2399.007815480230000	 0.021046187446121
2399.240774095060000	 0.021036346402132
2399.473732709880000	 0.021036562986935
2399.706691324710000	 0.021043145584520
2399.939649939540000	 0.021051825287841
2400.172608554360000	 0.021059513232086
2400.405567169190000	 0.021065114253463
2400.638525784020000	 0.021069231610169
2400.871484398840000	 0.021073165022494
2401.104443013670000	 0.021077877218477
2401.337401628490000	 0.021083468780770
2401.570360243320000	 0.021089293285376
2401.803318858150000	 0.021094454134063
2402.036277472970000	 0.021098282060896
2402.269236087800000	 0.021100531755940
2402.502194702630000	 0.021101313118761
2402.735153317450000	 0.021100977774205
2402.968111932280000	 0.021100169790653
2403.201070547100000	 0.021100035401701
2403.434029161930000	 0.021102338873160
2403.666987776760000	 0.021109156250594
2403.899946391580000	 0.021122014872665
2404.132905006410000	 0.021140735074835
2404.365863621230000	 0.021162578771719
2404.598822236060000	 0.021182352170665
2404.831780850890000	 0.021193737368224
2405.064739465710000	 0.021191508451390
2405.297698080540000	 0.021173771451761
2405.530656695370000	 0.021143238408344
2405.763615310190000	 0.021106870606275
2405.996573925020000	 0.021073878653361
2406.229532539840000	 0.021052791644637
2406.462491154670000	 0.021048763012436
2406.695449769500000	 0.021062184719392
2406.928408384320000	 0.021089047650195
2407.161366999150000	 0.021122682943054
2407.394325613980000	 0.021156004763341
2407.627284228800000	 0.021183363628883
2407.860242843630000	 0.021201502322572
2408.093201458450000	 0.021209610642973
2408.326160073280000	 0.021208836842322
2408.559118688110000	 0.021201678814573
2408.792077302930000	 0.021191465442390
2409.025035917760000	 0.021181838716007
2409.257994532590000	 0.021176009643222
2409.490953147410000	 0.021175721000247
2409.723911762240000	 0.021180221168155
2409.956870377060000	 0.021185857464103
2410.189828991890000	 0.021186837322370
2410.422787606720000	 0.021177203016451
2410.655746221540000	 0.021153372377600
2410.888704836370000	 0.021116137104380
2411.121663451190000	 0.021071079098690
2411.354622066020000	 0.021026978427797
2411.587580680850000	 0.020992709065469
2411.820539295670000	 0.020973940401679
2412.053497910500000	 0.020971210861124
2412.286456525330000	 0.020980351054035
2412.519415140150000	 0.020995042335209
2412.752373754980000	 0.021010169525891
2412.985332369800000	 0.021024205866384
2413.218290984630000	 0.021039366543508
2413.451249599460000	 0.021059427632404
2413.684208214280000	 0.021086375234479
2413.917166829110000	 0.021117771654830
2414.150125443940000	 0.021146446848631
2414.383084058760000	 0.021162929568208
2414.616042673590000	 0.021159574848250
2414.849001288410000	 0.021134410273614
2415.081959903240000	 0.021092760011252
2415.314918518070000	 0.021045684000357
2415.547877132890000	 0.021005775970268
2415.780835747720000	 0.020982201980443
2416.013794362550000	 0.020977296141965
2416.246752977370000	 0.020986260247990
2416.479711592200000	 0.020999967618040
2416.712670207020000	 0.021009418075348
2416.945628821850000	 0.021009734912954
2417.178587436680000	 0.021001945569119
2417.411546051500000	 0.020991914493652
2417.644504666330000	 0.020987166866072
2417.877463281150000	 0.020993280843363
2418.110421895980000	 0.021011549587396
2418.343380510810000	 0.021038777725067
2418.576339125630000	 0.021068940897363
2418.809297740460000	 0.021095637632254
2419.042256355290000	 0.021114123471120
2419.275214970110000	 0.021122179929822
2419.508173584940000	 0.021119817001354
2419.741132199760000	 0.021108413562528
2419.974090814590000	 0.021090036807138
2420.207049429420000	 0.021067319822654
2420.440008044240000	 0.021043708329570
2420.672966659070000	 0.021023518769690
2420.905925273900000	 0.021011330698975
2421.138883888720000	 0.021010716398580
2421.371842503550000	 0.021022866008963
2421.604801118370000	 0.021045897643370
2421.837759733200000	 0.021075358244827
2422.070718348030000	 0.021105791165920
2422.303676962850000	 0.021132661647383
2422.536635577680000	 0.021153725765991
2422.769594192500000	 0.021169209670824
2423.002552807330000	 0.021180798654306
2423.235511422160000	 0.021190091770324
2423.468470036980000	 0.021197470331191
2423.701428651810000	 0.021202053726500
2423.934387266640000	 0.021202728409992
2424.167345881460000	 0.021199554943958
2424.400304496290000	 0.021194584621300
2424.633263111120000	 0.021191414721592
2424.866221725940000	 0.021193541025310
2425.099180340770000	 0.021202331632302
2425.332138955590000	 0.021215775130201
2425.565097570420000	 0.021228808740688
2425.798056185250000	 0.021235198359452
2426.031014800070000	 0.021230105673466
2426.263973414900000	 0.021212083417184
2426.496932029720000	 0.021183482435718
2426.729890644550000	 0.021149037971699
2426.962849259380000	 0.021113361607445
2427.195807874200000	 0.021078677119522
2427.428766489030000	 0.021044023187960
2427.661725103860000	 0.021006358676452
2427.894683718680000	 0.020963003505408
2428.127642333510000	 0.020914158757538
2428.360600948330000	 0.020864189788676
2428.593559563160000	 0.020820942580138
2428.826518177990000	 0.020793317789953
2429.059476792810000	 0.020788155552900
2429.292435407640000	 0.020807740981681
2429.525394022460000	 0.020848844389980
2429.758352637290000	 0.020903483576177
2429.991311252120000	 0.020960964764413
2430.224269866940000	 0.021010455989197
2430.457228481770000	 0.021043368916527
2430.690187096600000	 0.021055055044005
2430.923145711420000	 0.021045611971090
2431.156104326250000	 0.021019799499452
2431.389062941070000	 0.020986109894597
2431.622021555900000	 0.020954998947435
2431.854980170730000	 0.020936358687188
2432.087938785550000	 0.020936629377486
2432.320897400380000	 0.020956389167879
2432.553856015210000	 0.020989472070895
2432.786814630030000	 0.021024338456208
2433.019773244860000	 0.021047593670454
2433.252731859680000	 0.021048610354542
2433.485690474510000	 0.021023612397987
2433.718649089340000	 0.020977592148832
2433.951607704160000	 0.020923112556654
2434.184566318990000	 0.020876235360582
2434.417524933820000	 0.020851066643586
2434.650483548640000	 0.020855071984860
2434.883442163470000	 0.020886960589886
2435.116400778290000	 0.020937759650273
2435.349359393120000	 0.020994362324173
2435.582318007950000	 0.021043964729914
2435.815276622770000	 0.021077676540351
2436.048235237600000	 0.021092139524462
2436.281193852420000	 0.021088953336425
2436.514152467250000	 0.021072655109153
2436.747111082080000	 0.021048467883665
2436.980069696900000	 0.021020821516254
2437.213028311730000	 0.020992975047029
2437.445986926560000	 0.020967391752145
2437.678945541380000	 0.020946213860839
2437.911904156210000	 0.020931347339669
2438.144862771030000	 0.020924110547297
2438.377821385860000	 0.020924792694550
2438.610780000690000	 0.020932545703344
2438.843738615510000	 0.020945772285622
2439.076697230340000	 0.020962785883321
2439.309655845170000	 0.020982285467648
2439.542614459990000	 0.021003278629517
2439.775573074820000	 0.021024464455559
2440.008531689640000	 0.021043524548487
2440.241490304470000	 0.021056965184790
2440.474448919300000	 0.021060933361110
2440.707407534120000	 0.021052883597230
2440.940366148950000	 0.021033395091782
2441.173324763770000	 0.021007154291435
2441.406283378600000	 0.020982331339203
2441.639241993430000	 0.020968273097762
2441.872200608250000	 0.020972305840564
2442.105159223080000	 0.020996993275523
2442.338117837910000	 0.021039069638754
2442.571076452730000	 0.021090523472650
2442.804035067560000	 0.021141363346670
2443.036993682380000	 0.021182904690178
2443.269952297210000	 0.021210240502971
2443.502910912040000	 0.021222952993169
2443.735869526860000	 0.021223939288684
2443.968828141690000	 0.021217093843764
2444.201786756520000	 0.021205062749579
2444.434745371340000	 0.021188124922854
2444.667703986170000	 0.021164604892271
2444.900662600990000	 0.021132461664851
2445.133621215820000	 0.021091186267728
2445.366579830650000	 0.021043070598067
2445.599538445470000	 0.020993276002135
2445.832497060300000	 0.020948722984040
2446.065455675130000	 0.020916318937987
2446.298414289950000	 0.020901203356860
2446.531372904780000	 0.020905529325040
2446.764331519600000	 0.020928009124880
2446.997290134430000	 0.020964210374773
2447.230248749260000	 0.021007450471842
2447.463207364080000	 0.021050068087396
2447.696165978910000	 0.021084819235230
2447.929124593730000	 0.021106147441678
2448.162083208560000	 0.021111107695613
2448.395041823390000	 0.021099768232897
2448.628000438210000	 0.021074979732233
2448.860959053040000	 0.021041524136955
2449.093917667870000	 0.021004845962514
2449.326876282690000	 0.020969752169425
2449.559834897520000	 0.020939509822820
2449.792793512340000	 0.020915605314517
2450.025752127170000	 0.020898134361914
2450.258710742000000	 0.020886538712911
2450.491669356820000	 0.020880321338167
2450.724627971650000	 0.020879468180881
2450.957586586480000	 0.020884497238805
2451.190545201300000	 0.020896227206405
2451.423503816130000	 0.020915420197841
2451.656462430950000	 0.020942399700679
2451.889421045780000	 0.020976657228253
2452.122379660610000	 0.021016445705138
2452.355338275430000	 0.021058454231897
2452.588296890260000	 0.021097794599108
2452.821255505090000	 0.021128562123442
2453.054214119910000	 0.021145062341000
2453.287172734740000	 0.021143463917243
2453.520131349560000	 0.021123322998777
2453.753089964390000	 0.021088314245657
2453.986048579220000	 0.021045688973326
2454.219007194040000	 0.021004429887513
2454.451965808870000	 0.020972644136324
2454.684924423700000	 0.020955179220901
2454.917883038520000	 0.020952467907863
2455.150841653350000	 0.020961090473834
2455.383800268170000	 0.020975715814891
2455.616758883000000	 0.020991415971713
2455.849717497830000	 0.021005217405372
2456.082676112650000	 0.021016211668435
2456.315634727480000	 0.021024352507146
2456.548593342300000	 0.021028809906221
2456.781551957130000	 0.021027029493212
2457.014510571960000	 0.021015264034551
2457.247469186780000	 0.020990485255332
2457.480427801610000	 0.020952730312096
2457.713386416440000	 0.020906563666906
2457.946345031260000	 0.020860652806018
2458.179303646090000	 0.020825346672700
2458.412262260910000	 0.020809201931031
2458.645220875740000	 0.020816050954380
2458.878179490570000	 0.020844008763972
2459.111138105390000	 0.020886827097659
2459.344096720220000	 0.020936794591401
2459.577055335040000	 0.020987641242939
2459.810013949870000	 0.021035996789986
2460.042972564700000	 0.021080789089676
2460.275931179520000	 0.021121123520036
2460.508889794350000	 0.021154065006368
2460.741848409180000	 0.021173849992495
2460.974807024000000	 0.021173293840512
2461.207765638830000	 0.021146942382110
2461.440724253650000	 0.021094493537911
2461.673682868480000	 0.021022695428407
2461.906641483310000	 0.020944490049679
2462.139600098130000	 0.020875417246801
2462.372558712960000	 0.020828647685700
2462.605517327790000	 0.020810734924936
2462.838475942610000	 0.020819837856707
2463.071434557440000	 0.020846997908487
2463.304393172260000	 0.020879751798302
2463.537351787090000	 0.020906539731473
2463.770310401920000	 0.020920270545497
2464.003269016740000	 0.020919942295216
2464.236227631570000	 0.020910103899420
2464.469186246390000	 0.020898769073776
2464.702144861220000	 0.020894776143284
2464.935103476050000	 0.020905424198394
2465.168062090870000	 0.020934765997256
2465.401020705700000	 0.020982591815773
2465.633979320530000	 0.021044095233282
2465.866937935350000	 0.021110357926333
2466.099896550180000	 0.021169848522507
2466.332855165000000	 0.021210916649895
2466.565813779830000	 0.021224832738758
2466.798772394660000	 0.021208508372269
2467.031731009480000	 0.021165876646509
2467.264689624310000	 0.021107174197367
2467.497648239140000	 0.021046065445461
2467.730606853960000	 0.020995481043375
2467.963565468790000	 0.020963747880878
2468.196524083610000	 0.020952582566929
2468.429482698440000	 0.020957698504977
2468.662441313270000	 0.020971568155036
2468.895399928090000	 0.020986944275939
2469.128358542920000	 0.020999519752939
2469.361317157750000	 0.021008643362582
2469.594275772570000	 0.021016027204658
2469.827234387400000	 0.021023387543329
2470.060193002220000	 0.021030433949511
2470.293151617050000	 0.021034310676580
2470.526110231880000	 0.021030711495018
2470.759068846700000	 0.021015965869909
2470.992027461530000	 0.020988923557489
2471.224986076360000	 0.020951650974352
2471.457944691180000	 0.020908662836073
2471.690903306010000	 0.020865241985522
2471.923861920830000	 0.020825856176711
2472.156820535660000	 0.020793485927645
2472.389779150490000	 0.020769986375426
2472.622737765310000	 0.020756896052705
2472.855696380140000	 0.020755836728525
2473.088654994960000	 0.020767982086482
2473.321613609790000	 0.020792798129280
2473.554572224620000	 0.020826908090751
2473.787530839440000	 0.020864058543549
2474.020489454270000	 0.020896634649138
2474.253448069100000	 0.020918286580201
2474.486406683920000	 0.020926493766641
2474.719365298750000	 0.020923724288986
2474.952323913570000	 0.020916389750594
2475.185282528400000	 0.020911860601279
2475.418241143230000	 0.020914873353035
2475.651199758050000	 0.020925098877649
2475.884158372880000	 0.020937134737588
2476.117116987710000	 0.020942998537539
2476.350075602530000	 0.020935980435007
2476.583034217360000	 0.020914057482405
2476.815992832180000	 0.020881264179020
2477.048951447010000	 0.020846375509526
2477.281910061840000	 0.020819555359146
2477.514868676660000	 0.020808582451242
2477.747827291490000	 0.020816357354646
2477.980785906310000	 0.020840618793761
2478.213744521140000	 0.020875668587933
2478.446703135970000	 0.020915039331991
2478.679661750790000	 0.020953795722698
2478.912620365620000	 0.020989554663222
2479.145578980450000	 0.021022081102836
2479.378537595270000	 0.021052041582442
2479.611496210100000	 0.021079790333255
2479.844454824920000	 0.021104818295097
2480.077413439750000	 0.021125948608299
2480.310372054580000	 0.021141894609808
2480.543330669400000	 0.021151676574019
2480.776289284230000	 0.021154641287119
2481.009247899060000	 0.021150233128612
2481.242206513880000	 0.021137920229472
2481.475165128710000	 0.021117584795856
2481.708123743530000	 0.021090295078007
2481.941082358360000	 0.021058958860414
2482.174040973190000	 0.021028224820746
2482.406999588010000	 0.021003304865289
2482.639958202840000	 0.020988023441931
2482.872916817670000	 0.020982991037054
2483.105875432490000	 0.020984933713100
2483.338834047320000	 0.020987733975011
2483.571792662140000	 0.020984892307015
2483.804751276970000	 0.020972365715882
2484.037709891800000	 0.020950469705196
2484.270668506620000	 0.020923895811733
2484.503627121450000	 0.020899769621902
2484.736585736270000	 0.020884649120945
2484.969544351100000	 0.020881904875053
2485.202502965930000	 0.020890700697545
2485.435461580750000	 0.020906941003762
2485.668420195580000	 0.020925568284519
2485.901378810410000	 0.020942989797630
2486.134337425230000	 0.020958442235017
2486.367296040060000	 0.020973713625431
2486.600254654880000	 0.020991513370331
2486.833213269710000	 0.021013449704131
2487.066171884540000	 0.021038682426316
2487.299130499360000	 0.021063858986130
2487.532089114190000	 0.021084239112133
2487.765047729020000	 0.021095370281943
2487.998006343840000	 0.021094534204164
2488.230964958670000	 0.021081446745478
2488.463923573490000	 0.021058163914056
2488.696882188320000	 0.021028526730203
2488.929840803150000	 0.020997539080636
2489.162799417970000	 0.020970819941192
2489.395758032800000	 0.020953949532208
2489.628716647630000	 0.020951438988755
2489.861675262450000	 0.020965321470019
2490.094633877280000	 0.020993829012223
2490.327592492100000	 0.021030925724674
2490.560551106930000	 0.021067315825056
2490.793509721760000	 0.021092937011859
2491.026468336580000	 0.021100195558752
2491.259426951410000	 0.021086698778479
2491.492385566230000	 0.021056269270277
2491.725344181060000	 0.021017647004242
2491.958302795890000	 0.020981299992297
2492.191261410710000	 0.020955696725981
2492.424220025540000	 0.020944691939793
2492.657178640370000	 0.020947110160468
2492.890137255190000	 0.020958490187947
2493.123095870020000	 0.020973912170744
2493.356054484840000	 0.020990396031993
2493.589013099670000	 0.021007708586987
2493.821971714500000	 0.021027347038363
2494.054930329320000	 0.021050492651287
2494.287888944150000	 0.021076280587178
2494.520847558970000	 0.021101490571930
2494.753806173800000	 0.021121888320030
2494.986764788630000	 0.021134462554266
2495.219723403450000	 0.021139250455591
2495.452682018280000	 0.021139617745859
2495.685640633110000	 0.021140688362359
2495.918599247930000	 0.021146672078037
2496.151557862760000	 0.021158505336201
2496.384516477580000	 0.021173088758512
2496.617475092410000	 0.021184559329247
2496.850433707240000	 0.021186975533891
2497.083392322060000	 0.021177079884768
2497.316350936890000	 0.021155774708017
2497.549309551720000	 0.021127618072227
2497.782268166540000	 0.021098685900376
2498.015226781370000	 0.021073982779140
2498.248185396190000	 0.021055732280596
2498.481144011020000	 0.021043283098748
2498.714102625850000	 0.021034429275885
2498.947061240670000	 0.021027206626803
2499.180019855500000	 0.021021062583746
2499.412978470330000	 0.021016754332436
2499.645937085150000	 0.021015140008403
2499.878895699980000	 0.021015716301442
2500.111854314800000	 0.021015913895178
2500.344812929630000	 0.021011714183318
2500.577771544460000	 0.020999383401266
2500.810730159280000	 0.020977466926882
2501.043688774110000	 0.020947988396030
2501.276647388940000	 0.020916167908266
2501.509606003760000	 0.020888731634627
2501.742564618590000	 0.020871611041124
2501.975523233410000	 0.020868103249317
2502.208481848240000	 0.020878258085443
2502.441440463070000	 0.020899603361270
2502.674399077890000	 0.020928696774469
2502.907357692720000	 0.020962685167185
2503.140316307540000	 0.021000153942146
2503.373274922370000	 0.021040970395099
2503.606233537200000	 0.021085332604210
2503.839192152020000	 0.021132569431166
2504.072150766850000	 0.021180264691209
2504.305109381680000	 0.021224061987453
2504.538067996500000	 0.021258213303464
2504.771026611330000	 0.021276699768865
2505.003985226150000	 0.021274626258551
2505.236943840980000	 0.021249560838108
2505.469902455810000	 0.021202516948451
2505.702861070630000	 0.021138318322597
2505.935819685460000	 0.021065133912435
2506.168778300290000	 0.020993077003002
2506.401736915110000	 0.020932012205114
2506.634695529940000	 0.020889099285301
2506.867654144760000	 0.020866933425739
2507.100612759590000	 0.020863126185667
2507.333571374420000	 0.020871670975405
2507.566529989240000	 0.020885645759434
2507.799488604070000	 0.020900143662504
2508.032447218900000	 0.020914144424581
2508.265405833720000	 0.020930452800956
2508.498364448550000	 0.020953686414924
2508.731323063370000	 0.020987238760090
2508.964281678200000	 0.021030697926771
2509.197240293030000	 0.021079017883297
2509.430198907850000	 0.021123874765128
2509.663157522680000	 0.021156569069626
2509.896116137500000	 0.021171119557464
2510.129074752330000	 0.021166158245233
2510.362033367160000	 0.021144864503628
2510.594991981980000	 0.021113170566476
2510.827950596810000	 0.021077331159850
2511.060909211640000	 0.021042185377939
2511.293867826460000	 0.021010893587936
2511.526826441290000	 0.020985943570713
2511.759785056110000	 0.020970401482155
2511.992743670940000	 0.020968223921906
2512.225702285770000	 0.020983048158045
2512.458660900590000	 0.021015908014868
2512.691619515420000	 0.021063171191678
2512.924578130250000	 0.021116107882253
2513.157536745070000	 0.021162767206391
2513.390495359900000	 0.021191666102664
2513.623453974720000	 0.021195814746268
2513.856412589550000	 0.021175296650550
2514.089371204380000	 0.021137162945715
2514.322329819200000	 0.021092605306843
2514.555288434030000	 0.021052687057372
2514.788247048850000	 0.021024610517130
2515.021205663680000	 0.021010151480861
2515.254164278510000	 0.021006715190317
2515.487122893330000	 0.021010157182014
2515.720081508160000	 0.021017745773348
2515.953040122990000	 0.021029737110584
2516.185998737810000	 0.021048880650071
2516.418957352640000	 0.021078313779545
2516.651915967460000	 0.021119118981115
2516.884874582290000	 0.021168871947920
2517.117833197120000	 0.021221846928841
2517.350791811940000	 0.021270623202103
2517.583750426770000	 0.021308179429164
2517.816709041600000	 0.021329469620720
2518.049667656420000	 0.021331928389151
2518.282626271250000	 0.021315059773343
2518.515584886070000	 0.021279785726711
2518.748543500900000	 0.021228236677762
2518.981502115730000	 0.021164167217968
2519.214460730550000	 0.021093529553408
2519.447419345380000	 0.021024397874852
2519.680377960210000	 0.020965685367768
2519.913336575030000	 0.020924837791843
2520.146295189860000	 0.020905468474843
2520.379253804680000	 0.020906172016173
2520.612212419510000	 0.020921277886934
2520.845171034340000	 0.020943335786998
2521.078129649160000	 0.020966212160061
2521.311088263990000	 0.020987308544744
2521.544046878810000	 0.021007793597631
2521.777005493640000	 0.021030731961132
2522.009964108470000	 0.021058120672098
2522.242922723290000	 0.021088481522000
2522.475881338120000	 0.021116410709460
2522.708839952950000	 0.021134480065719
2522.941798567770000	 0.021136662218939
2523.174757182600000	 0.021121626081765
2523.407715797420000	 0.021094216509072
2523.640674412250000	 0.021064244851108
2523.873633027080000	 0.021043012399045
2524.106591641900000	 0.021039088433393
2524.339550256730000	 0.021055167852169
2524.572508871560000	 0.021087236399020
2524.805467486380000	 0.021126190344071
2525.038426101210000	 0.021161065894545
2525.271384716030000	 0.021182528173488
2525.504343330860000	 0.021185379435219
2525.737301945690000	 0.021169451723454
2525.970260560510000	 0.021139010666397
2526.203219175340000	 0.021101297782368
2526.436177790160000	 0.021064855358878
2526.669136404990000	 0.021037944429336
2526.902095019820000	 0.021027044819444
2527.135053634640000	 0.021035403654894
2527.368012249470000	 0.021061870267165
2527.600970864300000	 0.021100547515869
2527.833929479120000	 0.021141787736468
2528.066888093950000	 0.021174656477004
2528.299846708770000	 0.021190339509949
2528.532805323600000	 0.021185384515486
2528.765763938430000	 0.021163452361835
2528.998722553250000	 0.021134610853371
2529.231681168080000	 0.021112121754426
2529.464639782910000	 0.021107789546497
2529.697598397730000	 0.021127660062041
2529.930557012560000	 0.021169748741585
2530.163515627380000	 0.021224614388386
2530.396474242210000	 0.021278452267377
2530.629432857040000	 0.021317468925181
2530.862391471860000	 0.021331928469523
2531.095350086690000	 0.021318525442557
2531.328308701520000	 0.021280527744490
2531.561267316340000	 0.021226076186092
2531.794225931170000	 0.021165639642597
2532.027184545990000	 0.021109630391184
2532.260143160820000	 0.021066718046757
2532.493101775650000	 0.021042843293492
2532.726060390470000	 0.021040665700844
2532.959019005300000	 0.021059258786669
2533.191977620120000	 0.021094119277265
2533.424936234950000	 0.021137734811199
2533.657894849780000	 0.021180899356249
2533.890853464600000	 0.021214692299275
2534.123812079430000	 0.021232683933061
2534.356770694260000	 0.021232677865938
2534.589729309080000	 0.021217313484549
2534.822687923910000	 0.021193201993417
2535.055646538730000	 0.021168844515911
2535.288605153560000	 0.021152084349194
2535.521563768390000	 0.021147989470688
2535.754522383210000	 0.021157792249797
2535.987480998040000	 0.021179033106755
2536.220439612870000	 0.021206630886016
2536.453398227690000	 0.021234389147437
2536.686356842520000	 0.021256457968113
2536.919315457340000	 0.021268435639047
2537.152274072170000	 0.021268006486464
2537.385232687000000	 0.021255160072515
2537.618191301820000	 0.021232066794450
2537.851149916650000	 0.021202634933663
2538.084108531480000	 0.021171750809732
2538.317067146300000	 0.021144284950602
2538.550025761130000	 0.021124099217876
2538.782984375950000	 0.021113377989770
2539.015942990780000	 0.021112512114691
2539.248901605610000	 0.021120506552618
2539.481860220430000	 0.021135619690943
2539.714818835260000	 0.021155849540291
2539.947777450080000	 0.021179026329697
2540.180736064910000	 0.021202572770214
2540.413694679740000	 0.021223270228214
2540.646653294560000	 0.021237434187114
2540.879611909390000	 0.021241684000954
2541.112570524220000	 0.021234099110178
2541.345529139040000	 0.021215217471635
2541.578487753870000	 0.021188265272392
2541.811446368690000	 0.021158293246735
2542.044404983520000	 0.021130438327052
2542.277363598350000	 0.021108060848245
2542.510322213170000	 0.021091690457066
2542.743280828000000	 0.021079366469626
2542.976239442830000	 0.021068230517120
2543.209198057650000	 0.021056530673912
2543.442156672480000	 0.021044925296975
2543.675115287300000	 0.021036295018426
2543.908073902130000	 0.021034052294867
2544.141032516960000	 0.021039801060509
2544.373991131780000	 0.021051660724501
2544.606949746610000	 0.021064314714894
2544.839908361430000	 0.021070975556945
2545.072866976260000	 0.021066448785801
2545.305825591090000	 0.021049854611172
2545.538784205910000	 0.021025630419953
2545.771742820740000	 0.021002179012023
2546.004701435570000	 0.020988636221869
2546.237660050390000	 0.020991165941522
2546.470618665220000	 0.021010430689453
2546.703577280040000	 0.021041295836961
2546.936535894870000	 0.021074770815240
2547.169494509700000	 0.021101250944651
2547.402453124520000	 0.021113707250919
2547.635411739350000	 0.021109669711864
2547.868370354180000	 0.021091497714366
2548.101328969000000	 0.021065197683325
2548.334287583830000	 0.021038545870595
2548.567246198650000	 0.021019275963861
2548.800204813480000	 0.021013699459435
2549.033163428310000	 0.021025701467374
2549.266122043130000	 0.021055925436934
2549.499080657960000	 0.021101180263319
2549.732039272790000	 0.021154429142992
2549.964997887610000	 0.021205811017041
2550.197956502440000	 0.021244832213381
2550.430915117260000	 0.021263278977687
2550.663873732090000	 0.021257871469202
2550.896832346920000	 0.021231524314247
2551.129790961740000	 0.021192459265209
2551.362749576570000	 0.021151270027947
2551.595708191390000	 0.021117032791610
2551.828666806220000	 0.021094148333205
2552.061625421050000	 0.021081362463696
2552.294584035870000	 0.021073387435365
2552.527542650700000	 0.021064282099296
2552.760501265530000	 0.021050909613873
2552.993459880350000	 0.021034776770974
2553.226418495180000	 0.021021366046345
2553.459377110000000	 0.021017331556233
2553.692335724830000	 0.021027019443646
2553.925294339660000	 0.021050094894294
2554.158252954480000	 0.021081432777621
2554.391211569310000	 0.021113240134175
2554.624170184140000	 0.021138289689739
2554.857128798960000	 0.021152677137063
2555.090087413790000	 0.021156841094659
2555.323046028610000	 0.021154514134139
2555.556004643440000	 0.021150329332302
2555.788963258270000	 0.021147420631931
2556.021921873090000	 0.021146203793984
2556.254880487920000	 0.021144758270109
2556.487839102750000	 0.021140345093392
2556.720797717570000	 0.021131080412179
2556.953756332400000	 0.021116858204755
2557.186714947220000	 0.021099173445439
2557.419673562050000	 0.021080185779937
2557.652632176880000	 0.021061766231436
2557.885590791700000	 0.021045157311610
2558.118549406530000	 0.021031365869865
2558.351508021350000	 0.021021863288689
2558.584466636180000	 0.021018944774667
2558.817425251010000	 0.021025330408511
2559.050383865830000	 0.021043120270331
2559.283342480660000	 0.021072692334205
2559.516301095490000	 0.021112225123683
2559.749259710310000	 0.021158164490939
2559.982218325140000	 0.021206375843261
2560.215176939960000	 0.021253304426018
2560.448135554790000	 0.021296468794591
2560.681094169620000	 0.021334047050057
2560.914052784440000	 0.021363938607963
2561.147011399270000	 0.021383111560696
2561.379970014100000	 0.021387970568402
2561.612928628920000	 0.021375893000138
2561.845887243750000	 0.021347299205292
2562.078845858570000	 0.021307098991093
2562.311804473400000	 0.021264430755820
2562.544763088230000	 0.021230338128644
2562.777721703050000	 0.021214103749039
2563.010680317880000	 0.021219793184220
2563.243638932700000	 0.021244618889198
2563.476597547530000	 0.021279931354760
2563.709556162360000	 0.021314427601463
2563.942514777180000	 0.021338178243161
2564.175473392010000	 0.021345765478428
2564.408432006840000	 0.021337305449858
2564.641390621660000	 0.021317175761709
2564.874349236490000	 0.021291377230172
2565.107307851310000	 0.021265034319016
2565.340266466140000	 0.021241261289697
2565.573225080970000	 0.021221688854376
2565.806183695790000	 0.021207934976005
2566.039142310620000	 0.021202783035105
2566.272100925450000	 0.021210061768243
2566.505059540270000	 0.021233057286977
2566.738018155100000	 0.021272246260157
2566.970976769920000	 0.021323654924669
2567.203935384750000	 0.021378921229607
2567.436893999580000	 0.021427317391217
2567.669852614400000	 0.021459031735505
2567.902811229230000	 0.021468375496522
2568.135769844060000	 0.021455556416105
2568.368728458880000	 0.021426276134106
2568.601687073710000	 0.021389390351258
2568.834645688530000	 0.021353716517264
2569.067604303360000	 0.021325337411085
2569.300562918190000	 0.021306351788262
2569.533521533010000	 0.021295272229975
2569.766480147840000	 0.021288587615746
2569.999438762660000	 0.021282668397667
2570.232397377490000	 0.021275252283623
2570.465355992320000	 0.021266089381021
2570.698314607140000	 0.021256736555325
2570.931273221970000	 0.021249768061389
2571.164231836800000	 0.021247737629994
2571.397190451620000	 0.021252166637512
2571.630149066450000	 0.021262778612854
2571.863107681270000	 0.021277202815279
2572.096066296100000	 0.021291353572864
2572.329024910930000	 0.021300545950992
2572.561983525750000	 0.021301115231726
2572.794942140580000	 0.021291990557245
2573.027900755410000	 0.021275520491293
2573.260859370230000	 0.021257002375666
2573.493817985060000	 0.021242847804782
2573.726776599880000	 0.021237974703681
2573.959735214710000	 0.021243535740249
2574.192693829540000	 0.021256122099816
2574.425652444360000	 0.021268993471597
2574.658611059190000	 0.021274933164138
2574.891569674020000	 0.021269506822021
2575.124528288840000	 0.021253237095717
2575.357486903670000	 0.021231638733619
2575.590445518490000	 0.021213025809414
2575.823404133320000	 0.021205080431266
2576.056362748150000	 0.021211805602617
2576.289321362970000	 0.021232286947407
2576.522279977800000	 0.021261740672592
2576.755238592620000	 0.021294161929067
2576.988197207450000	 0.021325134264643
2577.221155822280000	 0.021353370947839
2577.454114437100000	 0.021380290964010
2577.687073051930000	 0.021408007692418
2577.920031666760000	 0.021436964222582
2578.152990281580000	 0.021464612917917
2578.385948896410000	 0.021485924238876
2578.618907511230000	 0.021495491563290
2578.851866126060000	 0.021490144800995
2579.084824740890000	 0.021470727314743
2579.317783355710000	 0.021442136604794
2579.550741970540000	 0.021411640494624
2579.783700585370000	 0.021386362329300
2580.016659200190000	 0.021371178492601
2580.249617815020000	 0.021367907205083
2580.482576429840000	 0.021375860542995
2580.715535044670000	 0.021393098555203
2580.948493659500000	 0.021417474830674
2581.181452274320000	 0.021446884386275
2581.414410889150000	 0.021478778008583
2581.647369503970000	 0.021509571302160
2581.880328118800000	 0.021534690453049
2582.113286733630000	 0.021549587031595
2582.346245348450000	 0.021551381397270
2582.579203963280000	 0.021540275319869
2582.812162578110000	 0.021519837445425
2583.045121192930000	 0.021495781399132
2583.278079807760000	 0.021473680369406
2583.511038422580000	 0.021456718854754
2583.743997037410000	 0.021444640978341
2583.976955652240000	 0.021434442906313
2584.209914267060000	 0.021422427151055
2584.442872881890000	 0.021406516593132
2584.675831496720000	 0.021387597624552
2584.908790111540000	 0.021369190875899
2585.141748726370000	 0.021355666050185
2585.374707341190000	 0.021350023018537
2585.607665956020000	 0.021352479907667
2585.840624570850000	 0.021360610346304
2586.073583185670000	 0.021370871236616
2586.306541800500000	 0.021380592019421
2586.539500415330000	 0.021389272014660
2586.772459030150000	 0.021398457527159
2587.005417644980000	 0.021410309826330
2587.238376259800000	 0.021425755769750
2587.471334874630000	 0.021443368607430
2587.704293489460000	 0.021459699622013
2587.937252104280000	 0.021470935269460
2588.170210719110000	 0.021474985124065
2588.403169333930000	 0.021472833999561
2588.636127948760000	 0.021468362269559
2588.869086563590000	 0.021466664717318
2589.102045178410000	 0.021471729275020
2589.335003793240000	 0.021484687205542
2589.567962408070000	 0.021503510591841
2589.800921022890000	 0.021524231310985
2590.033879637720000	 0.021542963073399
2590.266838252540000	 0.021557643998300
2590.499796867370000	 0.021568640927609
2590.732755482200000	 0.021578023836040
2590.965714097020000	 0.021588051704733
2591.198672711850000	 0.021599789509426
2591.431631326680000	 0.021612596194288
2591.664589941500000	 0.021624636587994
2591.897548556330000	 0.021633961803972
2592.130507171150000	 0.021639430195344
2592.363465785980000	 0.021640935560531
2592.596424400810000	 0.021638925956487
2592.829383015630000	 0.021633697833307
2593.062341630460000	 0.021625102444881
2593.295300245290000	 0.021612995399927
2593.528258860110000	 0.021598192739656
2593.761217474940000	 0.021583239986180
2593.994176089760000	 0.021572268002482
2594.227134704590000	 0.021569673188354
2594.460093319420000	 0.021578087138449
2594.693051934240000	 0.021596655925731
2594.926010549070000	 0.021620654343621
2595.158969163890000	 0.021642865649338
2595.391927778720000	 0.021656278218883
2595.624886393550000	 0.021656951736790
2595.857845008370000	 0.021645742807350
2596.090803623200000	 0.021628057517459
2596.323762238030000	 0.021611719796641
2596.556720852850000	 0.021603952462612
2596.789679467680000	 0.021608862490933
2597.022638082500000	 0.021626488228325
2597.255596697330000	 0.021653629173702
2597.488555312160000	 0.021685825841477
2597.721513926980000	 0.021719413497010
2597.954472541810000	 0.021752702293738
2598.187431156640000	 0.021785912817432
2598.420389771460000	 0.021820183969036
2598.653348386290000	 0.021856386085197
2598.886307001110000	 0.021894409662480
2599.119265615940000	 0.021933161029832
2599.352224230770000	 0.021971004415717
2599.585182845590000	 0.022006161089697
2599.818141460420000	 0.022036729524617
2600.051100075240000	 0.022060395133933
2600.284058690070000	 0.022074258996440
2600.517017304900000	 0.022075257670831
2600.749975919720000	 0.022061303355814
2600.982934534550000	 0.022032737738923
2601.215893149380000	 0.021993298555662
2601.448851764200000	 0.021949829911976
2601.681810379030000	 0.021910495988801
2601.914768993850000	 0.021882055586231
2602.147727608680000	 0.021867371376551
2602.380686223510000	 0.021864356733121
2602.613644838330000	 0.021866940187723
2602.846603453160000	 0.021867683048232
2603.079562067990000	 0.021860910456814
2603.312520682810000	 0.021844980811852
2603.545479297640000	 0.021822731549014
2603.778437912460000	 0.021800016117875
2604.011396527290000	 0.021783154780449
2604.244355142120000	 0.021776573739647
2604.477313756940000	 0.021781668267100
2604.710272371770000	 0.021797179398620
2604.943230986600000	 0.021820577357494
2605.176189601420000	 0.021849520687853
2605.409148216250000	 0.021882581366339
2605.642106831070000	 0.021918973317600
2605.875065445900000	 0.021957660294175
2606.108024060730000	 0.021996574516404
2606.340982675550000	 0.022032556368581
2606.573941290380000	 0.022062134042692
2606.806899905200000	 0.022082719801110
2607.039858520030000	 0.022093530180970
2607.272817134860000	 0.022095693071166
2607.505775749680000	 0.022091492888282
2607.738734364510000	 0.022083230470538
2607.971692979340000	 0.022072402340429
2608.204651594160000	 0.022059682205193
2608.437610208990000	 0.022045655835026
2608.670568823810000	 0.022031753546329
2608.903527438640000	 0.022020657190727
2609.136486053470000	 0.022015746647838
2609.369444668290000	 0.022019743045440
2609.602403283120000	 0.022033251265371
2609.835361897950000	 0.022054055510962
2610.068320512770000	 0.022077667871382
2610.301279127600000	 0.022098970876623
2610.534237742420000	 0.022114199789776
2610.767196357250000	 0.022122298125309
2611.000154972080000	 0.022124972407884
2611.233113586900000	 0.022125438226030
2611.466072201730000	 0.022126542131408
2611.699030816560000	 0.022129270008032
2611.931989431380000	 0.022132420978456
2612.164948046210000	 0.022133577658707
2612.397906661030000	 0.022130807437533
2612.630865275860000	 0.022124152461430
2612.863823890690000	 0.022116093189356
2613.096782505510000	 0.022110729679619
2613.329741120340000	 0.022112112396762
2613.562699735160000	 0.022122585430148
2613.795658349990000	 0.022141948088486
2614.028616964820000	 0.022167763359390
2614.261575579640000	 0.022196540218266
2614.494534194470000	 0.022225113579526
2614.727492809300000	 0.022251523468854
2614.960451424120000	 0.022275034671185
2615.193410038950000	 0.022295439357155
2615.426368653770000	 0.022312166626738
2615.659327268600000	 0.022323782982727
2615.892285883430000	 0.022328204142426
2616.125244498250000	 0.022323528709752
2616.358203113080000	 0.022309077448531
2616.591161727910000	 0.022286133478875
2616.824120342730000	 0.022258046246771
2617.057078957560000	 0.022229667726728
2617.290037572380000	 0.022206350710408
2617.522996187210000	 0.022192829487734
2617.755954802040000	 0.022192235421805
2617.988913416860000	 0.022205393099387
2618.221872031690000	 0.022230501944917
2618.454830646510000	 0.022263330060699
2618.687789261340000	 0.022298033508437
2618.920747876170000	 0.022328573520936
2619.153706490990000	 0.022350446202104
2619.386665105820000	 0.022362185413340
2619.619623720650000	 0.022366010193676
2619.852582335470000	 0.022367175364324
2620.085540950300000	 0.022372048663034
2620.318499565120000	 0.022385528161696
2620.551458179950000	 0.022408840521673
2620.784416794780000	 0.022438733625457
2621.017375409600000	 0.022468521409994
2621.250334024430000	 0.022490598386845
2621.483292639260000	 0.022499343298273
2621.716251254080000	 0.022493128448850
2621.949209868910000	 0.022474552832218
2622.182168483730000	 0.022448859054601
2622.415127098560000	 0.022421389039813
2622.648085713390000	 0.022395413797260
2622.881044328210000	 0.022371444835698
2623.114002943040000	 0.022348299072800
2623.346961557870000	 0.022325204760944
2623.579920172690000	 0.022303641813785
2623.812878787520000	 0.022287726845885
2624.045837402340000	 0.022282737824105
2624.278796017170000	 0.022292430962183
2624.511754632000000	 0.022316556576769
2624.744713246820000	 0.022349986084972
2624.977671861650000	 0.022384094782282
2625.210630476470000	 0.022409918048153
2625.443589091300000	 0.022421694848814
2625.676547706130000	 0.022419171225519
2625.909506320950000	 0.022407580751796
2626.142464935780000	 0.022395308502421
2626.375423550610000	 0.022390345706009
2626.608382165430000	 0.022397175250524
2626.841340780260000	 0.022415422248974
2627.074299395080000	 0.022440669512805
2627.307258009910000	 0.022466803079976
2627.540216624740000	 0.022488629583637
2627.773175239560000	 0.022503549462306
2628.006133854390000	 0.022511700230121
2628.239092469220000	 0.022514841265135
2628.472051084040000	 0.022514863081728
2628.705009698870000	 0.022512850855797
2628.937968313690000	 0.022509141635183
2629.170926928520000	 0.022504122976032
2629.403885543350000	 0.022499046431056
2629.636844158170000	 0.022496137267167
2629.869802773000000	 0.022497752932816
2630.102761387830000	 0.022504987349618
2630.335720002650000	 0.022516539742229
2630.568678617480000	 0.022528606708687
2630.801637232300000	 0.022536049164015
2631.034595847130000	 0.022534415445843
2631.267554461960000	 0.022521923817096
2631.500513076780000	 0.022500473587910
2631.733471691610000	 0.022475196609364
2631.966430306430000	 0.022452758532110
2632.199388921260000	 0.022439195469045
2632.432347536090000	 0.022438219265254
2632.665306150910000	 0.022450599138924
2632.898264765740000	 0.022474649704222
2633.131223380570000	 0.022507345502906
2633.364181995390000	 0.022545381179398
2633.597140610220000	 0.022585669976949
2633.830099225040000	 0.022625198340798
2634.063057839870000	 0.022660583244185
2634.296016454700000	 0.022687871918028
2634.528975069520000	 0.022702983799019
2634.761933684350000	 0.022702809784690
2634.994892299180000	 0.022686564816123
2635.227850914000000	 0.022656759507877
2635.460809528830000	 0.022619243854261
2635.693768143650000	 0.022582143298576
2635.926726758480000	 0.022553963161135
2636.159685373310000	 0.022541455313943
2636.392643988130000	 0.022547902092742
2636.625602602960000	 0.022572306575953
2636.858561217780000	 0.022609690855598
2637.091519832610000	 0.022652391677018
2637.324478447440000	 0.022691977557889
2637.557437062260000	 0.022721257784362
2637.790395677090000	 0.022735856950308
2638.023354291920000	 0.022734980159846
2638.256312906740000	 0.022721230886460
2638.489271521570000	 0.022699594372521
2638.722230136400000	 0.022675916627814
2638.955188751220000	 0.022655351490857
2639.188147366050000	 0.022641258202449
2639.421105980870000	 0.022634865025487
2639.654064595700000	 0.022635704424816
2639.887023210530000	 0.022642502418862
2640.119981825350000	 0.022654028246514
2640.352940440180000	 0.022669472572403
2640.585899055000000	 0.022688198166279
2640.818857669830000	 0.022709066620743
2641.051816284660000	 0.022729807674379
2641.284774899480000	 0.022746917180154
2641.517733514310000	 0.022756320223301
2641.750692129140000	 0.022754640361643
2641.983650743960000	 0.022740576929421
2642.216609358790000	 0.022715778874382
2642.449567973610000	 0.022684774981606
2642.682526588440000	 0.022653907708315
2642.915485203270000	 0.022629646183856
2643.148443818090000	 0.022616911103745
2643.381402432920000	 0.022617998029279
2643.614361047740000	 0.022632376500970
2643.847319662570000	 0.022657258806002
2644.080278277400000	 0.022688577881655
2644.313236892220000	 0.022721982361972
2644.546195507050000	 0.022753603140074
2644.779154121880000	 0.022780543032532
2645.012112736700000	 0.022801164082406
2645.245071351530000	 0.022815240024584
2645.478029966350000	 0.022823943966217
2645.710988581180000	 0.022829558682336
2645.943947196010000	 0.022834828823417
2646.176905810830000	 0.022842042183085
2646.409864425660000	 0.022852144062999
2646.642823040490000	 0.022864299974995
2646.875781655310000	 0.022876207111564
2647.108740270140000	 0.022885128115605
2647.341698884960000	 0.022889242162081
2647.574657499790000	 0.022888690819918
2647.807616114620000	 0.022885777496699
2648.040574729440000	 0.022884147675094
2648.273533344270000	 0.022887270126397
2648.506491959100000	 0.022896907833801
2648.739450573920000	 0.022912299850861
2648.972409188750000	 0.022930433669638
2649.205367803570000	 0.022947250797767
2649.438326418400000	 0.022959186396154
2649.671285033230000	 0.022964322602621
2649.904243648050000	 0.022962679842851
2650.137202262880000	 0.022955640091540
2650.370160877700000	 0.022944938556510
2650.603119492530000	 0.022931836662160
2650.836078107360000	 0.022916908720727
2651.069036722180000	 0.022900457830046
2651.301995337010000	 0.022883182409280
2651.534953951840000	 0.022866577347856
2651.767912566660000	 0.022852744972991
2652.000871181490000	 0.022843687174672
2652.233829796310000	 0.022840503453129
2652.466788411140000	 0.022843002422048
2652.699747025970000	 0.022849984703435
2652.932705640790000	 0.022860027163903
2653.165664255620000	 0.022872264324780
2653.398622870450000	 0.022886638354547
2653.631581485270000	 0.022903404516268
2653.864540100100000	 0.022922160570283
2654.097498714920000	 0.022941028196367
2654.330457329750000	 0.022956612156049
2654.563415944580000	 0.022964965146996
2654.796374559400000	 0.022963204817918
2655.029333174230000	 0.022950996444162
2655.262291789050000	 0.022931086483007
2655.495250403880000	 0.022908491950996
2655.728209018710000	 0.022888624013316
2655.961167633530000	 0.022875199947844
2656.194126248360000	 0.022868942603051
2656.427084863190000	 0.022867673107959
2656.660043478010000	 0.022867680704118
2656.893002092840000	 0.022865607604057
2657.125960707660000	 0.022859866582021
2657.358919322490000	 0.022850919001093
2657.591877937320000	 0.022840402357952
2657.824836552140000	 0.022829742860949
2658.057795166970000	 0.022819153051218
2658.290753781800000	 0.022807641455478
2658.523712396620000	 0.022794014760545
2658.756671011450000	 0.022778221207974
2658.989629626270000	 0.022762140587880
2659.222588241100000	 0.022749217873069
2659.455546855930000	 0.022743008896637
2659.688505470750000	 0.022745377677149
2659.921464085580000	 0.022755352846062
2660.154422700410000	 0.022769333309276
2660.387381315230000	 0.022782600410386
2660.620339930060000	 0.022791366571734
2660.853298544880000	 0.022794282013640
2661.086257159710000	 0.022792607191162
2661.319215774540000	 0.022788993514799
2661.552174389360000	 0.022785602093448
2661.785133004190000	 0.022782679466116
2662.018091619010000	 0.022778456629251
2662.251050233840000	 0.022770471939836
2662.484008848670000	 0.022757573766597
2662.716967463490000	 0.022741414232542
2662.949926078320000	 0.022726459105589
2663.182884693150000	 0.022718317456332
2663.415843307970000	 0.022721131516902
2663.648801922800000	 0.022735341001909
2663.881760537620000	 0.022757007205204
2664.114719152450000	 0.022779110016602
2664.347677767280000	 0.022794239280534
2664.580636382100000	 0.022797416307455
2664.813594996930000	 0.022787743608870
2665.046553611760000	 0.022768197187808
2665.279512226580000	 0.022743822562613
2665.512470841410000	 0.022719370207146
2665.745429456230000	 0.022697592069547
2665.978388071060000	 0.022678940382503
2666.211346685890000	 0.022662570841120
2666.444305300710000	 0.022647845257254
2666.677263915540000	 0.022635334483061
2666.910222530370000	 0.022626715225213
2667.143181145190000	 0.022623680943220
2667.376139760020000	 0.022626609642795
2667.609098374840000	 0.022633880347172
2667.842056989670000	 0.022642328896769
2668.075015604500000	 0.022648639395789
2668.307974219320000	 0.022650898590519
2668.540932834150000	 0.022649427093980
2668.773891448980000	 0.022646409536523
2669.006850063800000	 0.022644542482053
2669.239808678630000	 0.022645493676353
2669.472767293450000	 0.022649069804644
2669.705725908280000	 0.022653558143804
2669.938684523110000	 0.022657002842591
2670.171643137930000	 0.022658618022495
2670.404601752760000	 0.022659453314786
2670.637560367580000	 0.022661868508635
2670.870518982410000	 0.022668094568977
2671.103477597240000	 0.022678733050260
2671.336436212060000	 0.022692120164378
2671.569394826890000	 0.022704999014622
2671.802353441720000	 0.022714183885645
2672.035312056540000	 0.022718303514633
2672.268270671370000	 0.022718621014485
2672.501229286190000	 0.022718414398768
2672.734187901020000	 0.022721209237463
2672.967146515850000	 0.022728826361715
2673.200105130670000	 0.022740340653966
2673.433063745500000	 0.022752550628657
2673.666022360320000	 0.022761713604781
2673.898980975150000	 0.022765583928830
2674.131939589980000	 0.022764601415713
2674.364898204800000	 0.022761530859387
2674.597856819630000	 0.022759718484080
2674.830815434460000	 0.022760928860606
2675.063774049280000	 0.022763994415201
2675.296732664110000	 0.022765088624993
2675.529691278930000	 0.022759560489527
2675.762649893760000	 0.022744420452671
2675.995608508590000	 0.022720195631688
2676.228567123410000	 0.022691174578399
2676.461525738240000	 0.022663889589226
2676.694484353070000	 0.022644595143870
2676.927442967890000	 0.022636990098584
2677.160401582720000	 0.022641238371304
2677.393360197540000	 0.022654609008088
2677.626318812370000	 0.022673212806412
2677.859277427200000	 0.022693811193203
2678.092236042020000	 0.022714753100906
2678.325194656850000	 0.022735681328671
2678.558153271670000	 0.022756395036025
2678.791111886500000	 0.022775729298439
2679.024070501330000	 0.022791253465904
2679.257029116150000	 0.022800056303581
2679.489987730980000	 0.022800205009352
2679.722946345810000	 0.022792030274060
2679.955904960630000	 0.022778445738128
2680.188863575460000	 0.022764027586662
2680.421822190280000	 0.022753263172272
2680.654780805110000	 0.022748830185460
2680.887739419940000	 0.022750736443296
2681.120698034760000	 0.022756676298593
2681.353656649590000	 0.022763330806076
2681.586615264420000	 0.022767900813321
2681.819573879240000	 0.022769131267604
2682.052532494070000	 0.022767447442268
2682.285491108890000	 0.022764348684175
2682.518449723720000	 0.022761576217520
2682.751408338550000	 0.022760581086380
2682.984366953370000	 0.022762497048414
2683.217325568200000	 0.022768407006550
2683.450284183030000	 0.022779461143493
2683.683242797850000	 0.022796513038242
2683.916201412680000	 0.022819320856825
2684.149160027500000	 0.022845765855628
2684.382118642330000	 0.022871691202603
2684.615077257160000	 0.022891732011796
2684.848035871980000	 0.022900997746479
2685.080994486810000	 0.022896955315210
2685.313953101640000	 0.022880637312292
2685.546911716460000	 0.022856522455225
2685.779870331290000	 0.022831029953552
2686.012828946110000	 0.022810239890297
2686.245787560940000	 0.022797832603494
2686.478746175770000	 0.022794122731433
2686.711704790590000	 0.022796523520600
2686.944663405420000	 0.022801109153437
2687.177622020240000	 0.022804479680766
2687.410580635070000	 0.022805080481226
2687.643539249900000	 0.022803481769448
2687.876497864720000	 0.022801676058561
2688.109456479550000	 0.022801899829798
2688.342415094380000	 0.022805607297412
2688.575373709200000	 0.022813005835393
2688.808332324030000	 0.022823185077975
2689.041290938850000	 0.022834574010400
2689.274249553680000	 0.022845393949462
2689.507208168510000	 0.022853931479333
2689.740166783330000	 0.022858688420907
2689.973125398160000	 0.022858593178443
2690.206084012990000	 0.022853382344838
2690.439042627810000	 0.022844038100162
2690.672001242640000	 0.022832966736692
2690.904959857460000	 0.022823601381728
2691.137918472290000	 0.022819365211703
2691.370877087120000	 0.022822321716790
2691.603835701940000	 0.022832125175381
2691.836794316770000	 0.022845857645939
2692.069752931590000	 0.022858968720741
2692.302711546420000	 0.022866998754481
2692.535670161250000	 0.022867344639418
2692.768628776070000	 0.022860250775501
2693.001587390900000	 0.022848545374089
2693.234546005730000	 0.022836249429479
2693.467504620550000	 0.022826751719629
2693.700463235380000	 0.022821453011250
2693.933421850200000	 0.022819515009353
2694.166380465030000	 0.022818757038162
2694.399339079860000	 0.022817151412534
2694.632297694680000	 0.022814085901016
2694.865256309510000	 0.022810727612659
2695.098214924340000	 0.022809341887287
2695.331173539160000	 0.022812003867418
2695.564132153990000	 0.022819459635609
2695.797090768810000	 0.022830774242005
2696.030049383640000	 0.022843931724707
2696.263007998470000	 0.022857007276752
2696.495966613290000	 0.022869216625909
2696.728925228120000	 0.022881229263190
2696.961883842950000	 0.022894560981262
2697.194842457770000	 0.022910393590769
2697.427801072600000	 0.022928499491634
2697.660759687420000	 0.022946891028925
2697.893718302250000	 0.022962414983207
2698.126676917080000	 0.022972004554830
2698.359635531900000	 0.022973960448346
2698.592594146730000	 0.022968633110307
2698.825552761550000	 0.022958209840673
2699.058511376380000	 0.022945782503862
2699.291469991210000	 0.022934214923939
2699.524428606030000	 0.022925359824816
2699.757387220860000	 0.022919906715879
2699.990345835690000	 0.022917760591321
2700.223304450510000	 0.022918585394130
2700.456263065340000	 0.022922132556475
2700.689221680160000	 0.022928192365760
2700.922180294990000	 0.022936298306853
2701.155138909820000	 0.022945489425854
2701.388097524640000	 0.022954386254246
2701.621056139470000	 0.022961605607108
2701.854014754300000	 0.022966286970291
2702.086973369120000	 0.022968396981208
2702.319931983950000	 0.022968594645622
2702.552890598770000	 0.022967712917786
2702.785849213600000	 0.022966168716295
2703.018807828430000	 0.022963680213472
2703.251766443250000	 0.022959492693378
2703.484725058080000	 0.022952996567941
2703.717683672910000	 0.022944359365913
2703.950642287730000	 0.022934755267099
2704.183600902560000	 0.022926000246199
2704.416559517380000	 0.022919766816740
2704.649518132210000	 0.022916836881100
2704.882476747040000	 0.022916864586847
2705.115435361860000	 0.022918835864176
2705.348393976690000	 0.022921987058272
2705.581352591510000	 0.022926631551165
2705.814311206340000	 0.022934335900003
2706.047269821170000	 0.022947216752703
2706.280228435990000	 0.022966632833627
2706.513187050820000	 0.022991938740239
2706.746145665650000	 0.023020008889458
2706.979104280470000	 0.023045888614591
2707.212062895300000	 0.023064368510324
2707.445021510120000	 0.023071802921368
2707.677980124950000	 0.023067351773545
2707.910938739780000	 0.023053098757370
2708.143897354600000	 0.023033056693002
2708.376855969430000	 0.023011615465170
2708.609814584250000	 0.022992214426139
2708.842773199080000	 0.022976809544116
2709.075731813910000	 0.022966199324915
2709.308690428730000	 0.022960780493117
2709.541649043560000	 0.022961105917690
2709.774607658390000	 0.022967814811048
2710.007566273210000	 0.022980971043083
2710.240524888040000	 0.022999291330554
2710.473483502860000	 0.023019888999013
2710.706442117690000	 0.023038900515050
2710.939400732520000	 0.023052844619491
2711.172359347340000	 0.023060084652314
2711.405317962170000	 0.023061606159672
2711.638276577000000	 0.023060603319361
2711.871235191820000	 0.023060969010620
2712.104193806650000	 0.023065384727825
2712.337152421470000	 0.023073960644885
2712.570111036300000	 0.023084124895584
2712.803069651130000	 0.023091835591716
2713.036028265950000	 0.023093521242219
2713.268986880780000	 0.023087788993719
2713.501945495610000	 0.023076064123775
2713.734904110430000	 0.023061880740078
2713.967862725260000	 0.023049241128931
2714.200821340080000	 0.023040919201670
2714.433779954910000	 0.023037556914137
2714.666738569740000	 0.023037929364426
2714.899697184560000	 0.023040115526890
2715.132655799390000	 0.023042854483260
2715.365614414220000	 0.023046322416898
2715.598573029040000	 0.023051940526722
2715.831531643870000	 0.023061398184780
2716.064490258690000	 0.023075517903383
2716.297448873520000	 0.023093650426147
2716.530407488350000	 0.023113950556130
2716.763366103170000	 0.023134355162705
2716.996324718000000	 0.023153666850533
2717.229283332820000	 0.023172073207880
2717.462241947650000	 0.023190746685578
2717.695200562480000	 0.023210700185151
2717.928159177300000	 0.023231517173088
2718.161117792130000	 0.023250681277551
2718.394076406960000	 0.023263944294090
2718.627035021780000	 0.023266651859861
2718.859993636610000	 0.023255463218024
2719.092952251430000	 0.023229700209413
2719.325910866260000	 0.023191743044432
2719.558869481090000	 0.023146356477916
2719.791828095910000	 0.023099322178308
2720.024786710740000	 0.023056008330306
2720.257745325570000	 0.023020418365382
2720.490703940390000	 0.022994922865945
2720.723662555220000	 0.022980506496122
2720.956621170040000	 0.022977155324490
2721.189579784870000	 0.022984056101831
2721.422538399700000	 0.022999520108384
2721.655497014520000	 0.023020818037604
2721.888455629350000	 0.023044248039424
2722.121414244180000	 0.023065673072967
2722.354372859000000	 0.023081500686471
2722.587331473830000	 0.023089782146254
2722.820290088650000	 0.023090948540102
2723.053248703480000	 0.023087786240991
2723.286207318310000	 0.023084558820145
2723.519165933130000	 0.023085555545657
2723.752124547960000	 0.023093599854599
2723.985083162780000	 0.023109072103795
2724.218041777610000	 0.023129798312457
2724.451000392440000	 0.023151827731294
2724.683959007260000	 0.023170796923774
2724.916917622090000	 0.023183377631348
2725.149876236920000	 0.023188303324336
2725.382834851740000	 0.023186654547157
2725.615793466570000	 0.023181363862603
2725.848752081390000	 0.023176159372804
2726.081710696220000	 0.023174321327814
2726.314669311050000	 0.023177655110130
2726.547627925870000	 0.023185995437920
2726.780586540700000	 0.023197377402022
2727.013545155530000	 0.023208789417806
2727.246503770350000	 0.023217234109512
2727.479462385180000	 0.023220733498609
2727.712421000000000	 0.023218952603800
2727.945379614830000	 0.023213259928066
2728.178338229660000	 0.023206241428189
2728.411296844480000	 0.023200868979445
2728.644255459310000	 0.023199626962656
2728.877214074130000	 0.023203878314996
2729.110172688960000	 0.023213618043171
2729.343131303790000	 0.023227591946282
2729.576089918610000	 0.023243642253581
2729.809048533440000	 0.023259128909567
2730.042007148270000	 0.023271344622310
2730.274965763090000	 0.023277924043605
2730.507924377920000	 0.023277273063628
2730.740882992740000	 0.023268989034396
2730.973841607570000	 0.023254144985019
2731.206800222400000	 0.023235249955170
2731.439758837220000	 0.023215746553616
2731.672717452050000	 0.023199083771337
2731.905676066880000	 0.023187643635252
2732.138634681700000	 0.023181971160553
2732.371593296530000	 0.023180722559996
2732.604551911350000	 0.023181466154062
2732.837510526180000	 0.023182054415299
2733.070469141010000	 0.023181948814729
2733.303427755830000	 0.023182816905741
2733.536386370660000	 0.023187999783340
2733.769344985490000	 0.023200967678672
2734.002303600310000	 0.023223407667369
2734.235262215140000	 0.023253845929893
2734.468220829960000	 0.023287528742224
2734.701179444790000	 0.023317729427659
2734.934138059620000	 0.023337985849856
2735.167096674440000	 0.023344335549381
2735.400055289270000	 0.023336611498700
2735.633013904090000	 0.023318288362611
2735.865972518920000	 0.023295027979811
2736.098931133750000	 0.023272648232209
2736.331889748570000	 0.023255441134279
2736.564848363400000	 0.023245493410854
2736.797806978230000	 0.023243081216302
2737.030765593050000	 0.023247653971137
2737.263724207880000	 0.023258689273043
2737.496682822700000	 0.023275892139810
2737.729641437530000	 0.023298692869614
2737.962600052360000	 0.023325479769214
2738.195558667180000	 0.023353201063850
2738.428517282010000	 0.023377769047630
2738.661475896830000	 0.023395222670047
2738.894434511660000	 0.023403133562179
2739.127393126490000	 0.023401544232025
2739.360351741310000	 0.023392920987018
2739.593310356140000	 0.023381095083108
2739.826268970970000	 0.023369692270435
2740.059227585790000	 0.023360814570995
2740.292186200620000	 0.023354581272033
2740.525144815440000	 0.023349651230666
2740.758103430270000	 0.023344321167361
2740.991062045100000	 0.023337522565160
2741.224020659920000	 0.023329164155051
2741.456979274750000	 0.023319705444166
2741.689937889580000	 0.023309340678144
2741.922896504400000	 0.023297426048001
2742.155855119230000	 0.023282637366383
2742.388813734050000	 0.023263882935822
2742.621772348880000	 0.023241490041767
2742.854730963710000	 0.023217933081873
2743.087689578530000	 0.023197537206490
2743.320648193360000	 0.023185108006431
2743.553606808190000	 0.023184034744137
2743.786565423010000	 0.023194752998803
2744.019524037840000	 0.023214327952980
2744.252482652660000	 0.023237395206795
2744.485441267490000	 0.023258056662782
2744.718399882320000	 0.023271900567717
2744.951358497140000	 0.023277294660269
2745.184317111970000	 0.023275482402749
2745.417275726800000	 0.023269594491283
2745.650234341620000	 0.023263168983959
2745.883192956450000	 0.023258908667778
2746.116151571270000	 0.023258153865784
2746.349110186100000	 0.023261095622467
2746.582068800930000	 0.023267373109411
2746.815027415750000	 0.023276586503984
2747.047986030580000	 0.023288433306653
2747.280944645400000	 0.023302497910511
2747.513903260230000	 0.023317976778469
2747.746861875060000	 0.023333650731101
2747.979820489880000	 0.023348220629162
2748.212779104710000	 0.023360846587084
2748.445737719540000	 0.023371560582605
2748.678696334360000	 0.023381269858059
2748.911654949190000	 0.023391306004685
2749.144613564010000	 0.023402751531227
2749.377572178840000	 0.023415911164594
2749.610530793670000	 0.023430198409911
2749.843489408490000	 0.023444443827496
2750.076448023320000	 0.023457376128313
2750.309406638150000	 0.023467948256020
2750.542365252970000	 0.023475330153478
2750.775323867800000	 0.023478670996874
2751.008282482620000	 0.023476954170185
2751.241241097450000	 0.023469258978685
2751.474199712280000	 0.023455477071659
2751.707158327100000	 0.023437157929511
2751.940116941930000	 0.023417917319080
2752.173075556760000	 0.023402922769780
2752.406034171580000	 0.023397388033463
2752.638992786410000	 0.023404575918813
2752.871951401230000	 0.023424206044436
2753.104910016060000	 0.023452118079258
2753.337868630890000	 0.023481516697523
2753.570827245710000	 0.023505373895668
2753.803785860540000	 0.023518979999051
2754.036744475360000	 0.023521523497366
2754.269703090190000	 0.023516012015005
2754.502661705020000	 0.023507627182270
2754.735620319840000	 0.023501351220740
2754.968578934670000	 0.023500018623307
2755.201537549500000	 0.023503656620345
2755.434496164320000	 0.023510251425776
2755.667454779150000	 0.023517327832332
2755.900413393970000	 0.023523364750073
2756.133372008800000	 0.023528265975476
2756.366330623630000	 0.023532733186645
2756.599289238450000	 0.023537081111523
2756.832247853280000	 0.023540384375971
2757.065206468110000	 0.023540637846910
2757.298165082930000	 0.023535966698425
2757.531123697760000	 0.023526221010692
2757.764082312580000	 0.023513949034920
2757.997040927410000	 0.023503983974846
2758.229999542240000	 0.023501605048773
2758.462958157060000	 0.023510061960808
2758.695916771890000	 0.023528706089639
2758.928875386710000	 0.023552764796945
2759.161834001540000	 0.023575017067944
2759.394792616370000	 0.023588687045752
2759.627751231190000	 0.023590248572973
2759.860709846020000	 0.023580840834400
2760.093668460850000	 0.023565641238042
2760.326627075670000	 0.023551518252941
2760.559585690500000	 0.023544096865805
2760.792544305320000	 0.023545592443514
2761.025502920150000	 0.023554316025760
2761.258461534980000	 0.023565906760217
2761.491420149800000	 0.023575558270591
2761.724378764630000	 0.023580141469847
2761.957337379460000	 0.023579310554092
2762.190295994280000	 0.023575266351390
2762.423254609110000	 0.023571508889638
2762.656213223930000	 0.023571296138528
2762.889171838760000	 0.023576484175646
2763.122130453590000	 0.023587067352480
2763.355089068410000	 0.023601336497273
2763.588047683240000	 0.023616364448115
2763.821006298070000	 0.023628576208502
2764.053964912890000	 0.023634352132831
2764.286923527720000	 0.023630752268497
2764.519882142540000	 0.023616400515698
2764.752840757370000	 0.023592344123575
2764.985799372200000	 0.023562471809995
2765.218757987020000	 0.023533043828737
2765.451716601850000	 0.023511175579297
2765.684675216670000	 0.023502637840719
2765.917633831500000	 0.023509811608459
2766.150592446330000	 0.023530743164293
2766.383551061150000	 0.023559847608564
2766.616509675980000	 0.023590069719493
2766.849468290810000	 0.023615602616664
2767.082426905630000	 0.023633954293474
2767.315385520460000	 0.023646417648019
2767.548344135280000	 0.023656747608864
2767.781302750110000	 0.023668732629661
2768.014261364940000	 0.023683909840892
2768.247219979760000	 0.023700595833674
2768.480178594590000	 0.023714717357632
2768.713137209420000	 0.023721993216034
2768.946095824240000	 0.023720323108931
2769.179054439070000	 0.023711128029637
2769.412013053890000	 0.023698916440832
2769.644971668720000	 0.023689258936591
2769.877930283550000	 0.023686172788579
2770.110888898370000	 0.023690215478783
2770.343847513200000	 0.023698220636944
2770.576806128030000	 0.023704798039737
2770.809764742850000	 0.023704884820883
2771.042723357680000	 0.023696171498407
2771.275681972500000	 0.023680327485626
2771.508640587330000	 0.023662541453908
2771.741599202160000	 0.023649664076122
2771.974557816980000	 0.023647808197928
2772.207516431810000	 0.023660378159049
2772.440475046630000	 0.023687186207991
2772.673433661460000	 0.023724796569035
2772.906392276290000	 0.023767779322920
2773.139350891110000	 0.023810320639728
2773.372309505940000	 0.023847650959668
2773.605268120770000	 0.023876940063107
2773.838226735590000	 0.023897542187218
2774.071185350420000	 0.023910654059446
2774.304143965240000	 0.023918547532130
2774.537102580070000	 0.023923596137830
2774.770061194900000	 0.023927371846499
2775.003019809720000	 0.023930124129471
2775.235978424550000	 0.023930892551081
2775.468937039380000	 0.023928292304403
2775.701895654200000	 0.023921695306096
2775.934854269030000	 0.023912258253035
2776.167812883850000	 0.023903198817797
2776.400771498680000	 0.023898984160534
2776.633730113510000	 0.023903606272125
2776.866688728330000	 0.023918647943917
2777.099647343160000	 0.023942092524316
2777.332605957980000	 0.023968603440471
2777.565564572810000	 0.023991350852474
2777.798523187640000	 0.024004697768667
2778.031481802460000	 0.024006567241536
2778.264440417290000	 0.023999367486800
2778.497399032120000	 0.023988972722527
2778.730357646940000	 0.023982181502940
2778.963316261770000	 0.023983843524365
2779.196274876590000	 0.023995031490312
2779.429233491420000	 0.024013105633765
2779.662192106250000	 0.024033548589649
2779.895150721070000	 0.024052554095304
2780.128109335900000	 0.024068994677622
2780.361067950730000	 0.024084746929188
2780.594026565550000	 0.024103238221973
2780.826985180380000	 0.024127036626543
2781.059943795200000	 0.024155817761689
2781.292902410030000	 0.024185825512795
2781.525861024860000	 0.024211130625581
2781.758819639680000	 0.024226041945647
2781.991778254510000	 0.024227445572253
2782.224736869340000	 0.024215924848721
2782.457695484160000	 0.024195192585324
2782.690654098990000	 0.024170273561048
2782.923612713810000	 0.024145502376389
2783.156571328640000	 0.024123396204627
2783.389529943470000	 0.024104851565949
2783.622488558290000	 0.024090286091671
2783.855447173120000	 0.024080795198566
2784.088405787940000	 0.024078432177873
2784.321364402770000	 0.024085316041546
2784.554323017600000	 0.024102066927838
2784.787281632420000	 0.024126576993974
2785.020240247250000	 0.024154021854591
2785.253198862080000	 0.024178350136816
2785.486157476900000	 0.024194639142602
2785.719116091730000	 0.024201155514655
2785.952074706550000	 0.024200030362778
2786.185033321380000	 0.024196141479961
2786.417991936210000	 0.024194742021348
2786.650950551030000	 0.024199056989428
2786.883909165860000	 0.024209083623687
2787.116867780690000	 0.024222163566123
2787.349826395510000	 0.024234924382221
2787.582785010340000	 0.024245453103409
2787.815743625160000	 0.024254459097890
2788.048702239990000	 0.024264764269906
2788.281660854820000	 0.024279412124358
2788.514619469640000	 0.024299481222071
2788.747578084470000	 0.024322869803453
2788.980536699300000	 0.024344789101101
2789.213495314120000	 0.024359770868243
2789.446453928950000	 0.024364174048011
2789.679412543770000	 0.024357902023936
2789.912371158600000	 0.024344459185272
2790.145329773430000	 0.024329358580275
2790.378288388250000	 0.024317749933937
2790.611247003080000	 0.024312488583599
2790.844205617900000	 0.024313537664984
2791.077164232730000	 0.024318815643678
2791.310122847560000	 0.024325828949968
2791.543081462380000	 0.024333081678175
2791.776040077210000	 0.024340494997795
2792.008998692040000	 0.024348736389383
2792.241957306860000	 0.024358049524813
2792.474915921690000	 0.024367473032551
2792.707874536510000	 0.024375067729183
2792.940833151340000	 0.024379110931685
2793.173791766170000	 0.024379563816699
2793.406750380990000	 0.024378862552400
2793.639708995820000	 0.024381392034259
2793.872667610650000	 0.024391719028888
2794.105626225470000	 0.024412386453710
2794.338584840300000	 0.024442380308272
2794.571543455120000	 0.024477093157969
2794.804502069950000	 0.024509881165815
2795.037460684780000	 0.024534530355125
2795.270419299600000	 0.024547508760110
2795.503377914430000	 0.024549004266161
2795.736336529250000	 0.024542368847058
2795.969295144080000	 0.024532376162560
2796.202253758910000	 0.024523226082211
2796.435212373730000	 0.024517234695906
2796.668170988560000	 0.024514682052725
2796.901129603390000	 0.024514650629865
2797.134088218210000	 0.024516223789546
2797.367046833040000	 0.024519339662529
2797.600005447860000	 0.024524902057991
2797.832964062690000	 0.024534223680790
2798.065922677520000	 0.024548232281270
2798.298881292340000	 0.024566922504200
2798.531839907170000	 0.024589303969178
2798.764798522000000	 0.024613763629894
2798.997757136820000	 0.024638543146830
2799.230715751650000	 0.024662046194901
2799.463674366470000	 0.024682894942818
2799.696632981300000	 0.024699885948013
2799.929591596130000	 0.024712079646544
2800.162550210950000	 0.024719130381449
2800.395508825780000	 0.024721715090231
2800.628467440610000	 0.024721731221168
2800.861426055430000	 0.024721964795150
2801.094384670260000	 0.024725200516783
2801.327343285080000	 0.024733112073514
2801.560301899910000	 0.024745494926455
2801.793260514740000	 0.024760313530056
2802.026219129560000	 0.024774648279445
2802.259177744390000	 0.024786147916829
2802.492136359210000	 0.024794286015406
2802.725094974040000	 0.024800767605955
2802.958053588870000	 0.024808835924171
2803.191012203690000	 0.024821792922688
2803.423970818520000	 0.024841462772227
2803.656929433350000	 0.024867354663409
2803.889888048170000	 0.024896904073007
2804.122846663000000	 0.024926607625230
2804.355805277820000	 0.024953425340714
2804.588763892650000	 0.024975733255736
2804.821722507480000	 0.024993405918328
2805.054681122300000	 0.025007121420780
2805.287639737130000	 0.025017416718044
2805.520598351960000	 0.025024125783926
2805.753556966780000	 0.025026555279734
2805.986515581610000	 0.025024269760057
2806.219474196430000	 0.025017962327471
2806.452432811260000	 0.025009809480324
2806.685391426090000	 0.025002997641770
2806.918350040910000	 0.025000596636480
2807.151308655740000	 0.025004350967719
2807.384267270570000	 0.025014024373409
2807.617225885390000	 0.025027633549667
2807.850184500220000	 0.025042428528948
2808.083143115040000	 0.025056096758384
2808.316101729870000	 0.025067590898579
2808.549060344700000	 0.025077236385293
2808.782018959520000	 0.025086204860069
2809.014977574350000	 0.025095782068928
2809.247936189170000	 0.025106907688794
2809.480894804000000	 0.025120204767638
2809.713853418830000	 0.025136332407443
2809.946812033650000	 0.025156245793661
2810.179770648480000	 0.025181001988486
2810.412729263310000	 0.025211083580920
2810.645687878130000	 0.025245613823760
2810.878646492960000	 0.025282031356931
2811.111605107780000	 0.025316621673517
2811.344563722610000	 0.025345837472476
2811.577522337440000	 0.025367841961377
2811.810480952260000	 0.025383473975945
2812.043439567090000	 0.025396029627672
2812.276398181920000	 0.025409823713145
2812.509356796740000	 0.025428152775845
2812.742315411570000	 0.025451657154276
2812.975274026390000	 0.025477931707212
2813.208232641220000	 0.025502621667916
2813.441191256050000	 0.025521485268465
2813.674149870870000	 0.025532406182820
2813.907108485700000	 0.025536358759465
2814.140067100520000	 0.025536867871193
2814.373025715350000	 0.025538288325579
2814.605984330180000	 0.025543831356471
2814.838942945000000	 0.025554353025521
2815.071901559830000	 0.025568456668667
2815.304860174660000	 0.025583728345673
2815.537818789480000	 0.025598331145484
2815.770777404310000	 0.025612041817680
2816.003736019130000	 0.025626182478109
2816.236694633960000	 0.025642565137950
2816.469653248790000	 0.025662143150045
2816.702611863610000	 0.025684217731192
2816.935570478440000	 0.025706701773274
2817.168529093270000	 0.025727314221540
2817.401487708090000	 0.025745031594004
2817.634446322920000	 0.025760961876846
2817.867404937740000	 0.025778117008218
2818.100363552570000	 0.025800168291525
2818.333322167400000	 0.025829824845927
2818.566280782220000	 0.025867659149289
2818.799239397050000	 0.025911927112050
2819.032198011880000	 0.025959379010637
2819.265156626700000	 0.026006556574036
2819.498115241530000	 0.026050887428358
2819.731073856350000	 0.026091096044719
2819.964032471180000	 0.026126905048681
2820.196991086010000	 0.026158418256871
2820.429949700830000	 0.026185702729782
2820.662908315660000	 0.026208859355348
2820.895866930480000	 0.026228458289331
2821.128825545310000	 0.026245900835505
2821.361784160140000	 0.026263271296819
2821.594742774960000	 0.026282577322019
2821.827701389790000	 0.026304739374478
2822.060660004620000	 0.026328968524727
2822.293618619440000	 0.026353052820119
2822.526577234270000	 0.026374588609721
2822.759535849090000	 0.026392610305538
2822.992494463920000	 0.026408732867730
2823.225453078750000	 0.026427055462845
2823.458411693570000	 0.026452664819304
2823.691370308400000	 0.026489335560429
2823.924328923230000	 0.026537528243331
2824.157287538050000	 0.026593724778681
2824.390246152880000	 0.026651523016031
2824.623204767700000	 0.026704055545644
2824.856163382530000	 0.026746638927116
2825.089121997360000	 0.026778430771431
2825.322080612180000	 0.026802350077646
2825.555039227010000	 0.026823372389217
2825.787997841840000	 0.026846101713239
2826.020956456660000	 0.026872824706388
2826.253915071490000	 0.026902926103178
2826.486873686310000	 0.026933797572524
2826.719832301140000	 0.026962618410213
2826.952790915970000	 0.026988005835909
2827.185749530790000	 0.027010692987729
2827.418708145620000	 0.027032979484294
2827.651666760440000	 0.027057374138078
2827.884625375270000	 0.027085237384917
2828.117583990100000	 0.027116144681428
2828.350542604920000	 0.027148229502936
2828.583501219750000	 0.027179218728443
2828.816459834580000	 0.027207544982256
2829.049418449400000	 0.027232961780820
2829.282377064230000	 0.027256436275538
2829.515335679050000	 0.027279519478308
2829.748294293880000	 0.027303636314934
2829.981252908710000	 0.027329676018338
2830.214211523530000	 0.027357981291611
2830.447170138360000	 0.027388546898264
2830.680128753190000	 0.027421138833102
2830.913087368010000	 0.027455186132562
2831.146045982840000	 0.027489562469287
2831.379004597660000	 0.027522558390398
2831.611963212490000	 0.027552293331457
2831.844921827320000	 0.027577536948693
2832.077880442140000	 0.027598572183686
2832.310839056970000	 0.027617566798035
2832.543797671790000	 0.027638073433101
2832.776756286620000	 0.027663713317901
2833.009714901450000	 0.027696586067747
2833.242673516270000	 0.027736187087986
2833.475632131100000	 0.027779429735367
2833.708590745930000	 0.027821838480443
2833.941549360750000	 0.027859384836548
2834.174507975580000	 0.027890098703935
2834.407466590400000	 0.027914690612468
2834.640425205230000	 0.027935926059632
2834.873383820060000	 0.027957140435195
2835.106342434880000	 0.027980711104103
2835.339301049710000	 0.028007264878571
2835.572259664540000	 0.028035926635483
2835.805218279360000	 0.028065300522450
2836.038176894190000	 0.028094483047504
2836.271135509010000	 0.028123459183349
2836.504094123840000	 0.028152688630000
2836.737052738670000	 0.028182266857567
2836.970011353490000	 0.028211374982056
2837.202969968320000	 0.028238585463651
2837.435928583150000	 0.028263034176471
2837.668887197970000	 0.028285832146944
2837.901845812800000	 0.028310769516159
2838.134804427620000	 0.028343600867549
2838.367763042450000	 0.028389928135906
2838.600721657280000	 0.028452537320787
2838.833680272100000	 0.028529500644385
2839.066638886930000	 0.028614118414088
2839.299597501750000	 0.028696934129395
2839.532556116580000	 0.028769042406879
2839.765514731410000	 0.028825240010289
2839.998473346230000	 0.028865593446854
2840.231431961060000	 0.028894730383022
2840.464390575890000	 0.028919260499885
2840.697349190710000	 0.028944625550804
2840.930307805540000	 0.028972889099175
2841.163266420360000	 0.029002409821640
2841.396225035190000	 0.029029335700451
2841.629183650020000	 0.029049956229201
2841.862142264840000	 0.029062610269630
2842.095100879670000	 0.029068217094162
2842.328059494500000	 0.029069350343032
2842.561018109320000	 0.029068613144948
2842.793976724150000	 0.029067411436652
2843.026935338970000	 0.029065885183273
2843.259893953800000	 0.029063976903442
2843.492852568630000	 0.029062873095727
2843.725811183450000	 0.029065786339212
2843.958769798280000	 0.029077414840118
2844.191728413110000	 0.029102211405439
2844.424687027930000	 0.029142340833560
2844.657645642760000	 0.029196449175111
2844.890604257580000	 0.029259962462706
2845.123562872410000	 0.029326814228089
2845.356521487240000	 0.029391731523123
2845.589480102060000	 0.029451913125708
2845.822438716890000	 0.029507283984138
2846.055397331710000	 0.029559324560946
2846.288355946540000	 0.029609288128028
2846.521314561370000	 0.029656949667864
2846.754273176190000	 0.029700679480862
2846.987231791020000	 0.029738811538931
2847.220190405850000	 0.029771457360003
2847.453149020670000	 0.029801574044194
2847.686107635500000	 0.029834450191544
2847.919066250320000	 0.029875657007405
2848.152024865150000	 0.029928429531445
2848.384983479980000	 0.029991855597222
2848.617942094800000	 0.030060909030307
2848.850900709630000	 0.030128449030309
2849.083859324460000	 0.030188298618016
2849.316817939280000	 0.030237929573496
2849.549776554110000	 0.030279434063877
2849.782735168930000	 0.030318301146915
2850.015693783760000	 0.030360610215618
2850.248652398590000	 0.030410018981414
2850.481611013410000	 0.030465970870221
2850.714569628240000	 0.030523896164674
2850.947528243060000	 0.030577203511063
2851.180486857890000	 0.030620044202602
2851.413445472720000	 0.030649559864523
2851.646404087540000	 0.030666696517531
2851.879362702370000	 0.030675450477406
2852.112321317200000	 0.030681155147382
2852.345279932020000	 0.030688732704344
2852.578238546850000	 0.030701624311684
2852.811197161680000	 0.030721589196758
2853.044155776500000	 0.030749071491816
2853.277114391330000	 0.030783639432608
2853.510073006150000	 0.030824160754997
2853.743031620980000	 0.030868731296076
2853.975990235810000	 0.030914657106850
2854.208948850630000	 0.030958807699214
2854.441907465460000	 0.030998401988662
2854.674866080280000	 0.031031934797593
2854.907824695110000	 0.031059745491181
2855.140783309940000	 0.031083835142602
2855.373741924760000	 0.031106924822083
2855.606700539590000	 0.031131190784620
2855.839659154420000	 0.031157330358483
2856.072617769240000	 0.031184455980894
2856.305576384070000	 0.031210865401898
2856.538534998890000	 0.031235247369588
2856.771493613720000	 0.031257630913064
2857.004452228550000	 0.031279523933399
2857.237410843370000	 0.031303149164436
2857.470369458200000	 0.031330211698586
2857.703328073020000	 0.031360911692220
2857.936286687850000	 0.031393783876622
2858.169245302680000	 0.031426481237254
2858.402203917500000	 0.031457085912071
2858.635162532330000	 0.031485219529107
2858.868121147160000	 0.031512312842813
2859.101079761980000	 0.031540842069338
2859.334038376810000	 0.031572901232611
2859.566996991630000	 0.031608839833127
2859.799955606460000	 0.031646660786428
2860.032914221290000	 0.031682483930113
2860.265872836110000	 0.031711858060997
2860.498831450940000	 0.031731318052116
2860.731790065770000	 0.031739515994848
2860.964748680590000	 0.031737519735100
2861.197707295420000	 0.031728302602945
2861.430665910240000	 0.031715793514573
2861.663624525070000	 0.031703941229779
2861.896583139900000	 0.031696077602194
2862.129541754720000	 0.031694602689312
2862.362500369550000	 0.031700845029064
2862.595458984380000	 0.031714961777878
2862.828417599200000	 0.031735885370630
2863.061376214030000	 0.031761456059192
2863.294334828850000	 0.031788877442138
2863.527293443680000	 0.031815472432609
2863.760252058510000	 0.031839496555131
2863.993210673330000	 0.031860638327752
2864.226169288160000	 0.031879918425138
2864.459127902980000	 0.031898984949778
2864.692086517810000	 0.031919143828372
2864.925045132640000	 0.031940645975937
2865.158003747460000	 0.031962636809865
2865.390962362290000	 0.031983801858522
2865.623920977120000	 0.032003322727753
2865.856879591940000	 0.032021540320996
2866.089838206770000	 0.032039855613199
2866.322796821590000	 0.032059837729829
2866.555755436420000	 0.032082016997675
2866.788714051250000	 0.032105106133684
2867.021672666070000	 0.032126225510688
2867.254631280900000	 0.032142172577590
2867.487589895730000	 0.032151158152849
2867.720548510550000	 0.032154081066458
2867.953507125380000	 0.032154552844070
2868.186465740200000	 0.032157491616856
2868.419424355030000	 0.032166882720121
2868.652382969860000	 0.032183817841144
2868.885341584680000	 0.032205859805550
2869.118300199510000	 0.032228145565114
2869.351258814330000	 0.032245760927020
2869.584217429160000	 0.032256245951921
2869.817176043990000	 0.032260969429864
2870.050134658810000	 0.032264633937781
2870.283093273640000	 0.032273100965593
2870.516051888470000	 0.032290578376728
2870.749010503290000	 0.032317530669026
2870.981969118120000	 0.032350298883248
2871.214927732940000	 0.032382574206723
2871.447886347770000	 0.032407997343673
2871.680844962600000	 0.032422671230269
2871.913803577420000	 0.032426491199232
2872.146762192250000	 0.032422833879285
2872.379720807080000	 0.032416954403516
2872.612679421900000	 0.032413984532186
2872.845638036730000	 0.032417442344098
2873.078596651550000	 0.032428721834815
2873.311555266380000	 0.032447439151633
2873.544513881210000	 0.032472115658205
2873.777472496030000	 0.032500665165516
2874.010431110860000	 0.032530475460936
2874.243389725690000	 0.032558291234016
2874.476348340510000	 0.032580331115737
2874.709306955340000	 0.032592954188039
2874.942265570160000	 0.032593803501662
2875.175224184990000	 0.032582941146200
2875.408182799820000	 0.032563323422723
2875.641141414640000	 0.032540186932946
2875.874100029470000	 0.032519439842388
2876.107058644290000	 0.032505690715709
2876.340017259120000	 0.032500782639635
2876.572975873950000	 0.032503487533933
2876.805934488770000	 0.032510465738567
2877.038893103600000	 0.032517995605523
2877.271851718430000	 0.032523628415249
2877.504810333250000	 0.032526998356534
2877.737768948080000	 0.032529474792158
2877.970727562900000	 0.032532939749465
2878.203686177730000	 0.032538389345743
2878.436644792560000	 0.032545090398051
2878.669603407380000	 0.032550692577740
2878.902562022210000	 0.032552203619703
2879.135520637040000	 0.032547333304588
2879.368479251860000	 0.032535581529749
2879.601437866690000	 0.032518619097031
2879.834396481510000	 0.032499863120799
2880.067355096340000	 0.032483479359239
2880.300313711170000	 0.032473198722125
2880.533272325990000	 0.032471298145651
2880.766230940820000	 0.032477961672264
2880.999189555650000	 0.032491113820659
2881.232148170470000	 0.032506746542601
2881.465106785300000	 0.032519713855612
2881.698065400120000	 0.032524892827919
2881.931024014950000	 0.032518487217875
2882.163982629780000	 0.032499120393238
2882.396941244600000	 0.032468313199990
2882.629899859430000	 0.032430059014021
2882.862858474260000	 0.032389516973535
2883.095817089080000	 0.032351246838536
2883.328775703910000	 0.032317695895443
2883.561734318730000	 0.032288618780869
2883.794692933560000	 0.032261724476155
2884.027651548390000	 0.032234272432591
2884.260610163210000	 0.032204868766071
2884.493568778040000	 0.032174588009009
2884.726527392860000	 0.032146848894061
2884.959486007690000	 0.032126077476045
2885.192444622520000	 0.032115797809019
2885.425403237340000	 0.032117070892110
2885.658361852170000	 0.032128000203054
2885.891320467000000	 0.032144459302232
2886.124279081820000	 0.032161592255580
2886.357237696650000	 0.032175308747332
2886.590196311470000	 0.032183095450609
2886.823154926300000	 0.032183918308077
2887.056113541130000	 0.032177531936369
2887.289072155950000	 0.032163823058856
2887.522030770780000	 0.032142710122924
2887.754989385600000	 0.032114674069827
2887.987948000430000	 0.032081492937403
2888.220906615260000	 0.032046520232235
2888.453865230080000	 0.032014053899639
2888.686823844910000	 0.031987895908408
2888.919782459740000	 0.031969775949110
2889.152741074560000	 0.031958532132324
2889.385699689390000	 0.031950630078795
2889.618658304210000	 0.031941906560867
2889.851616919040000	 0.031929724555216
2890.084575533870000	 0.031914414644037
2890.317534148690000	 0.031899155672240
2890.550492763520000	 0.031888219266864
2890.783451378350000	 0.031884386832135
2891.016409993170000	 0.031886855845149
2891.249368608000000	 0.031890779596320
2891.482327222820000	 0.031888806559298
2891.715285837650000	 0.031874004257944
2891.948244452480000	 0.031842857712961
2892.181203067300000	 0.031796964195176
2892.414161682130000	 0.031742648127874
2892.647120296950000	 0.031688701998997
2892.880078911780000	 0.031643313960330
2893.113037526610000	 0.031611527974784
2893.345996141430000	 0.031594192983517
2893.578954756260000	 0.031588567091018
2893.811913371090000	 0.031589996596451
2894.044871985910000	 0.031593742766467
2894.277830600740000	 0.031596190611517
2894.510789215560000	 0.031595185841439
2894.743747830390000	 0.031589779478149
2894.976706445220000	 0.031579901391342
2895.209665060040000	 0.031566326302118
2895.442623674870000	 0.031550893384929
2895.675582289700000	 0.031536596744048
2895.908540904520000	 0.031527131269816
2896.141499519350000	 0.031525798686333
2896.374458134170000	 0.031534150342325
2896.607416749000000	 0.031551044993640
2896.840375363830000	 0.031572706230550
2897.073333978650000	 0.031593900404407
2897.306292593480000	 0.031609775555834
2897.539251208310000	 0.031617527977554
2897.772209823130000	 0.031617113406424
2898.005168437960000	 0.031610693724520
2898.238127052780000	 0.031601168843412
2898.471085667610000	 0.031590619726885
2898.704044282440000	 0.031579502143863
2898.937002897260000	 0.031566972927183
2899.169961512090000	 0.031552069256932
2899.402920126920000	 0.031534973293154
2899.635878741740000	 0.031517552159174
2899.868837356570000	 0.031502792443611
2900.101795971390000	 0.031493406211526
2900.334754586220000	 0.031490387517621
2900.567713201050000	 0.031492349240025
2900.800671815870000	 0.031496047680785
2901.033630430700000	 0.031497858061965
2901.266589045520000	 0.031495457612216
2901.499547660350000	 0.031488874667026
2901.732506275180000	 0.031480419252979
2901.965464890000000	 0.031473617773507
2902.198423504830000	 0.031471778585442
2902.431382119660000	 0.031476928760617
2902.664340734480000	 0.031489548039141
2902.897299349310000	 0.031509008795303
2903.130257964130000	 0.031534237543467
2903.363216578960000	 0.031564072115723
2903.596175193790000	 0.031597104517145
2903.829133808610000	 0.031631255797268
2904.062092423440000	 0.031663614801739
2904.295051038270000	 0.031690978787909
2904.528009653090000	 0.031711094059908
2904.760968267920000	 0.031724067109359
2904.993926882740000	 0.031733132515600
2905.226885497570000	 0.031744139722923
2905.459844112400000	 0.031763720000833
2905.692802727220000	 0.031796810741945
2905.925761342050000	 0.031844629034378
2906.158719956870000	 0.031904038051595
2906.391678571700000	 0.031968606228941
2906.624637186530000	 0.032030863054648
2906.857595801350000	 0.032084712747877
2907.090554416180000	 0.032126946201001
2907.323513031010000	 0.032157304604761
2907.556471645830000	 0.032177328428257
2907.789430260660000	 0.032188840162014
2908.022388875480000	 0.032193007060378
2908.255347490310000	 0.032190469798001
2908.488306105140000	 0.032182297853731
2908.721264719960000	 0.032170980379802
2908.954223334790000	 0.032160610577528
2909.187181949620000	 0.032155911611269
2909.420140564440000	 0.032160499552099
2909.653099179270000	 0.032175326996756
2909.886057794090000	 0.032198250268184
2910.119016408920000	 0.032225095961042
2910.351975023750000	 0.032251783721502
2910.584933638570000	 0.032276441783676
2910.817892253400000	 0.032300378921020
2911.050850868230000	 0.032327325971635
2911.283809483050000	 0.032361268995117
2911.516768097880000	 0.032403972554285
2911.749726712700000	 0.032453495474869
2911.982685327530000	 0.032504518744118
2912.215643942360000	 0.032550400775186
2912.448602557180000	 0.032586013411737
2912.681561172010000	 0.032610014019965
2912.914519786830000	 0.032625470597677
2913.147478401660000	 0.032638552650499
2913.380437016490000	 0.032655921535007
2913.613395631310000	 0.032682022483874
2913.846354246140000	 0.032717435365058
2914.079312860970000	 0.032758871470904
2914.312271475790000	 0.032800644742723
2914.545230090620000	 0.032836864989593
2914.778188705440000	 0.032863427573764
2915.011147320270000	 0.032879122759130
2915.244105935100000	 0.032885668166437
2915.477064549920000	 0.032886898807575
2915.710023164750000	 0.032887535368725
2915.942981779580000	 0.032891894152650
2916.175940394400000	 0.032902756458396
2916.408899009230000	 0.032920539184242
2916.641857624050000	 0.032942936877508
2916.874816238880000	 0.032965240355779
2917.107774853710000	 0.032981446337386
2917.340733468530000	 0.032986010770826
2917.573692083360000	 0.032975758278374
2917.806650698190000	 0.032951228622946
2918.039609313010000	 0.032916801084149
2918.272567927840000	 0.032879356464072
2918.505526542660000	 0.032845883306555
2918.738485157490000	 0.032820993936428
2918.971443772320000	 0.032805447495334
2919.204402387140000	 0.032796349559566
2919.437361001970000	 0.032788901532269
2919.670319616790000	 0.032778815895183
2919.903278231620000	 0.032764191304776
2920.136236846450000	 0.032745936443529
2920.369195461270000	 0.032726614252815
2920.602154076100000	 0.032708444361548
2920.835112690930000	 0.032691667693619
2921.068071305750000	 0.032674266103760
2921.301029920580000	 0.032653249992077
2921.533988535400000	 0.032626807753164
2921.766947150230000	 0.032596059106723
2921.999905765060000	 0.032565292027988
2922.232864379880000	 0.032540354545536
2922.465822994710000	 0.032525907217376
2922.698781609530000	 0.032522934726647
2922.931740224360000	 0.032527857831944
2923.164698839190000	 0.032533802596875
2923.397657454010000	 0.032533490746915
2923.630616068840000	 0.032522374339301
2923.863574683670000	 0.032500480479216
2924.096533298490000	 0.032472062707234
2924.329491913320000	 0.032443272118425
2924.562450528140000	 0.032419069788478
2924.795409142970000	 0.032400952308400
2925.028367757800000	 0.032386585806348
2925.261326372620000	 0.032371430508464
2925.494284987450000	 0.032351428508824
2925.727243602280000	 0.032325323379423
2925.960202217100000	 0.032295421238748
2926.193160831930000	 0.032266452354733
2926.426119446750000	 0.032243186441087
2926.659078061580000	 0.032228055865239
2926.892036676410000	 0.032219959606906
2927.124995291230000	 0.032214761086758
2927.357953906060000	 0.032207138451340
2927.590912520890000	 0.032192827431516
2927.823871135710000	 0.032170195584824
2928.056829750540000	 0.032140516712316
2928.289788365360000	 0.032107013805147
2928.522746980190000	 0.032073314529781
2928.755705595020000	 0.032042128903298
2928.988664209840000	 0.032014694358761
2929.221622824670000	 0.031991050991124
2929.454581439500000	 0.031970792319616
2929.687540054320000	 0.031953781882181
2929.920498669150000	 0.031940464218807
2930.153457283970000	 0.031931701168021
2930.386415898800000	 0.031928331781164
2930.619374513630000	 0.031930745043068
2930.852333128450000	 0.031938662664006
2931.085291743280000	 0.031951159097017
2931.318250358100000	 0.031966822221622
2931.551208972930000	 0.031983943040855
2931.784167587760000	 0.032000690078602
2932.017126202580000	 0.032015293469510
2932.250084817410000	 0.032026266808402
2932.483043432240000	 0.032032628891992
2932.716002047060000	 0.032034017375941
2932.948960661890000	 0.032030594240120
2933.181919276710000	 0.032022759325806
2933.414877891540000	 0.032010851873597
2933.647836506370000	 0.031995104306069
2933.880795121190000	 0.031976014708622
2934.113753736020000	 0.031955036588218
2934.346712350850000	 0.031935189700530
2934.579670965670000	 0.031921072575479
2934.812629580500000	 0.031917940590910
2935.045588195320000	 0.031929973989899
2935.278546810150000	 0.031958379534761
2935.511505424980000	 0.032000235002415
2935.744464039800000	 0.032048786586225
2935.977422654630000	 0.032095296062571
2936.210381269460000	 0.032131803076528
2936.443339884280000	 0.032153685737433
2936.676298499110000	 0.032160923148200
2936.909257113930000	 0.032157515746763
2937.142215728760000	 0.032149374232841
2937.375174343590000	 0.032141722776633
2937.608132958410000	 0.032137269239588
2937.841091573240000	 0.032135943323829
2938.074050188060000	 0.032136141754059
2938.307008802890000	 0.032136622103319
2938.539967417720000	 0.032137876533693
2938.772926032540000	 0.032142152647499
2939.005884647370000	 0.032152091636239
2939.238843262200000	 0.032168781733570
2939.471801877020000	 0.032190402227475
2939.704760491850000	 0.032212338544431
2939.937719106670000	 0.032228852731040
2940.170677721500000	 0.032235540141535
2940.403636336330000	 0.032231349742422
2940.636594951150000	 0.032219137375703
2940.869553565980000	 0.032204473777602
2941.102512180810000	 0.032193344273445
2941.335470795630000	 0.032189938930232
2941.568429410460000	 0.032195619554785
2941.801388025280000	 0.032209446109514
2942.034346640110000	 0.032229768973772
2942.267305254940000	 0.032255832374443
2942.500263869760000	 0.032288381954182
2942.733222484590000	 0.032328889609370
2942.966181099410000	 0.032377851352428
2943.199139714240000	 0.032433195619609
2943.432098329070000	 0.032489826045224
2943.665056943890000	 0.032540729918873
2943.898015558720000	 0.032579247243076
2944.130974173550000	 0.032601462962098
2944.363932788370000	 0.032607586372860
2944.596891403200000	 0.032601673411298
2944.829850018020000	 0.032589869096101
2945.062808632850000	 0.032578045025173
2945.295767247680000	 0.032569904521054
2945.528725862500000	 0.032566265262044
2945.761684477330000	 0.032565570693243
2945.994643092160000	 0.032565114380488
2946.227601706980000	 0.032562262590765
2946.460560321810000	 0.032555171361588
2946.693518936630000	 0.032542927989162
2946.926477551460000	 0.032525405800647
2947.159436166290000	 0.032503182137351
2947.392394781110000	 0.032477628559075
2947.625353395940000	 0.032450952551154
2947.858312010770000	 0.032425830978510
2948.091270625590000	 0.032404476230774
2948.324229240420000	 0.032387417972721
2948.557187855240000	 0.032372665751413
2948.790146470070000	 0.032355933955148
2949.023105084900000	 0.032332167000053
2949.256063699720000	 0.032297894740622
2949.489022314550000	 0.032253354802756
2949.721980929370000	 0.032203205507948
2949.954939544200000	 0.032155180451981
2950.187898159030000	 0.032117025601910
2950.420856773850000	 0.032093016914696
2950.653815388680000	 0.032081722692158
2950.886774003510000	 0.032076191363607
2951.119732618330000	 0.032066631472491
2951.352691233160000	 0.032044459252007
2951.585649847980000	 0.032005899215354
2951.818608462810000	 0.031953481764370
2952.051567077640000	 0.031894751335268
2952.284525692460000	 0.031838827134141
2952.517484307290000	 0.031792466128203
2952.750442922110000	 0.031757441458564
2952.983401536940000	 0.031730320992385
2953.216360151770000	 0.031704532898192
2953.449318766590000	 0.031673551448611
2953.682277381420000	 0.031633618589565
2953.915235996250000	 0.031584799755995
2954.148194611070000	 0.031530119635309
2954.381153225900000	 0.031473506213735
2954.614111840720000	 0.031417766628944
2954.847070455550000	 0.031363618781085
2955.080029070380000	 0.031310101340996
2955.312987685200000	 0.031255907434125
2955.545946300030000	 0.031200742148089
2955.778904914860000	 0.031145891936789
2956.011863529680000	 0.031093722212317
2956.244822144510000	 0.031046454803166
2956.477780759330000	 0.031004948240245
2956.710739374160000	 0.030968133761365
2956.943697988990000	 0.030933348957820
2957.176656603810000	 0.030897330566202
2957.409615218640000	 0.030857341496268
2957.642573833470000	 0.030811937817716
2957.875532448290000	 0.030761164366834
2958.108491063120000	 0.030706297719451
2958.341449677940000	 0.030649420712525
2958.574408292770000	 0.030593038902147
2958.807366907600000	 0.030539742102465
2959.040325522420000	 0.030491768898259
2959.273284137250000	 0.030450384412350
2959.506242752080000	 0.030415205978893
2959.739201366900000	 0.030383833941510
2959.972159981730000	 0.030352166883778
2960.205118596550000	 0.030315526413078
2960.438077211380000	 0.030270293941906
2960.671035826210000	 0.030215400520584
2960.903994441030000	 0.030152937509720
2961.136953055860000	 0.030087472627496
2961.369911670680000	 0.030024256912945
2961.602870285510000	 0.029967091855220
2961.835828900340000	 0.029916850873057
2962.068787515160000	 0.029871360028574
2962.301746129990000	 0.029826681637570
2962.534704744820000	 0.029779156508572
2962.767663359640000	 0.029727192988277
2963.000621974470000	 0.029671928356356
2963.233580589290000	 0.029616469767851
2963.466539204120000	 0.029564151235966
2963.699497818950000	 0.029516726860057
2963.932456433770000	 0.029473402790233
2964.165415048600000	 0.029431131878197
2964.398373663430000	 0.029385943391017
2964.631332278250000	 0.029334597781144
2964.864290893080000	 0.029275764567755
2965.097249507900000	 0.029210235954433
2965.330208122730000	 0.029140221105703
2965.563166737560000	 0.029068215294517
2965.796125352380000	 0.028996065714209
2966.029083967210000	 0.028924632809569
2966.262042582040000	 0.028854052958594
2966.495001196860000	 0.028784294393928
2966.727959811690000	 0.028715623673709
2966.960918426510000	 0.028648760508717
2967.193877041340000	 0.028584750670021
2967.426835656170000	 0.028524748210311
2967.659794270990000	 0.028469872096600
2967.892752885820000	 0.028421139499653
2968.125711500640000	 0.028379332322668
2968.358670115470000	 0.028344663039468
2968.591628730300000	 0.028316287407544
2968.824587345120000	 0.028291939639046
2969.057545959950000	 0.028268052739278
2969.290504574780000	 0.028240559575867
2969.523463189600000	 0.028206204008646
2969.756421804430000	 0.028163828042596
2969.989380419250000	 0.028114970804807
2970.222339034080000	 0.028063344375077
2970.455297648910000	 0.028013277052038
2970.688256263730000	 0.027967781378558
2970.921214878560000	 0.027927179645999
2971.154173493390000	 0.027889001254326
2971.387132108210000	 0.027849239386379
2971.620090723040000	 0.027804353953678
2971.853049337860000	 0.027753013645009
2972.086007952690000	 0.027696698330152
2972.318966567520000	 0.027638883183417
2972.551925182340000	 0.027583292084248
2972.784883797170000	 0.027532213220344
2973.017842411990000	 0.027485807291881
2973.250801026820000	 0.027442733501623
2973.483759641650000	 0.027401627791125
2973.716718256470000	 0.027362454889876
2973.949676871300000	 0.027326818528125
2974.182635486130000	 0.027296930669106
2974.415594100950000	 0.027273773957846
2974.648552715780000	 0.027255552549038
2974.881511330600000	 0.027237455948315
2975.114469945430000	 0.027213071136554
2975.347428560260000	 0.027176857390369
2975.580387175080000	 0.027126464762824
2975.813345789910000	 0.027063688332553
2976.046304404740000	 0.026993526242699
2976.279263019560000	 0.026921812699587
2976.512221634390000	 0.026852676550421
2976.745180249210000	 0.026787169012967
2976.978138864040000	 0.026723738676512
2977.211097478870000	 0.026660187089124
2977.444056093690000	 0.026595903856363
2977.677014708520000	 0.026533015362461
2977.909973323350000	 0.026475684907832
2978.142931938170000	 0.026427861523879
2978.375890553000000	 0.026390703347021
2978.608849167820000	 0.026361155503416
2978.841807782650000	 0.026332581793416
2979.074766397480000	 0.026297261757043
2979.307725012300000	 0.026249569243095
2979.540683627130000	 0.026188270482840
2979.773642241950000	 0.026116816611365
2980.006600856780000	 0.026041537273165
2980.239559471610000	 0.025968716773369
2980.472518086430000	 0.025902054740910
2980.705476701260000	 0.025841702706054
2980.938435316090000	 0.025785144770533
2981.171393930910000	 0.025729203955765
2981.404352545740000	 0.025671938972294
2981.637311160560000	 0.025613390037983
2981.870269775390000	 0.025554890213268
2982.103228390220000	 0.025497529156939
2982.336187005040000	 0.025440828024052
2982.569145619870000	 0.025382493561841
2982.802104234700000	 0.025319412625188
2983.035062849520000	 0.025249272923962
2983.268021464350000	 0.025171816167833
2983.500980079170000	 0.025088964171260
2983.733938694000000	 0.025003762457933
2983.966897308830000	 0.024918826852460
2984.199855923650000	 0.024835289470995
2984.432814538480000	 0.024752920165246
2984.665773153310000	 0.024671343233478
2984.898731768130000	 0.024591536871917
2985.131690382960000	 0.024516540891853
2985.364648997780000	 0.024450692816353
2985.597607612610000	 0.024397573991217
2985.830566227440000	 0.024357685768135
2986.063524842260000	 0.024327177392492
2986.296483457090000	 0.024298504355768
2986.529442071910000	 0.024262938419485
2986.762400686740000	 0.024213886749202
2986.995359301570000	 0.024149505571554
2987.228317916390000	 0.024073368049579
2987.461276531220000	 0.023992856693316
2987.694235146050000	 0.023916042138122
2987.927193760870000	 0.023848501341369
2988.160152375700000	 0.023791461604652
2988.393110990520000	 0.023741918745762
2988.626069605350000	 0.023694408236513
2988.859028220180000	 0.023643408754426
2989.091986835000000	 0.023585233915239
2989.324945449830000	 0.023518715271075
2989.557904064660000	 0.023444705528646
2989.790862679480000	 0.023365011746070
2990.023821294310000	 0.023281497927387
2990.256779909130000	 0.023195771672073
2990.489738523960000	 0.023109365047606
2990.722697138790000	 0.023023983303953
2990.955655753610000	 0.022941424488443
2991.188614368440000	 0.022863109819500
2991.421572983260000	 0.022789545507673
2991.654531598090000	 0.022720173966248
2991.887490212920000	 0.022653853812076
2992.120448827740000	 0.022589773553426
2992.353407442570000	 0.022528247241548
2992.586366057400000	 0.022470819051879
2992.819324672220000	 0.022419475829154
2993.052283287050000	 0.022375334744563
2993.285241901870000	 0.022337579824488
2993.518200516700000	 0.022303373351225
2993.751159131530000	 0.022268949495089
2993.984117746350000	 0.022231393668388
2994.217076361180000	 0.022190132633417
2994.450034976010000	 0.022147207324248
2994.682993590830000	 0.022106000144100
2994.915952205660000	 0.022068956522151
2995.148910820480000	 0.022035496088297
2995.381869435310000	 0.022001342771446
2995.614828050140000	 0.021959847006466
2995.847786664960000	 0.021904855815996
2996.080745279790000	 0.021833837100714
2996.313703894620000	 0.021749730076091
2996.546662509440000	 0.021660527882521
2996.779621124270000	 0.021576668436027
2997.012579739090000	 0.021507370925006
2997.245538353920000	 0.021457535099824
2997.478496968750000	 0.021426475905233
2997.711455583570000	 0.021408831242508
2997.944414198400000	 0.021396982529186
2998.177372813220000	 0.021383757406737
2998.410331428050000	 0.021364265992304
2998.643290042880000	 0.021336346701121
2998.876248657700000	 0.021299887450055
2999.109207272530000	 0.021255794113011
2999.342165887360000	 0.021205343976290
2999.575124502180000	 0.021150179031971
2999.808083117010000	 0.021092621794774
3000.041041731830000	 0.021035718892720
3000.274000346660000	 0.020982610611405
3000.506958961490000	 0.020935354889919
3000.739917576310000	 0.020893838202150
3000.972876191140000	 0.020855520801546
3001.205834805970000	 0.020816377413477
3001.438793420790000	 0.020772721709757
3001.671752035620000	 0.020723041781301
3001.904710650440000	 0.020668867267640
3002.137669265270000	 0.020614138762424
3002.370627880100000	 0.020563345559929
3002.603586494920000	 0.020519396505124
3002.836545109750000	 0.020482365193129
3003.069503724580000	 0.020449779400444
3003.302462339400000	 0.020418271287723
3003.535420954230000	 0.020385651751018
3003.768379569050000	 0.020352232798967
3004.001338183880000	 0.020320631460613
3004.234296798710000	 0.020294136298311
3004.467255413530000	 0.020274534975372
3004.700214028360000	 0.020260616112808
3004.933172643180000	 0.020248190154974
3005.166131258010000	 0.020231647680320
3005.399089872840000	 0.020206262603328
3005.632048487660000	 0.020170086995698
3005.865007102490000	 0.020124551224611
3006.097965717320000	 0.020073617360789
3006.330924332140000	 0.020022109827883
3006.563882946970000	 0.019974206516762
3006.796841561790000	 0.019932815659436
3007.029800176620000	 0.019899882727208
3007.262758791450000	 0.019877021134270
3007.495717406270000	 0.019865659823776
3007.728676021100000	 0.019866284377415
3007.961634635930000	 0.019877084425648
3008.194593250750000	 0.019892936242477
3008.427551865580000	 0.019905718019291
3008.660510480400000	 0.019906370606273
3008.893469095230000	 0.019888162943194
3009.126427710060000	 0.019849806571750
3009.359386324880000	 0.019796858469897
3009.592344939710000	 0.019740458856796
3009.825303554530000	 0.019693654807555
3010.058262169360000	 0.019666761974120
3010.291220784190000	 0.019663746265558
3010.524179399010000	 0.019681159129255
3010.757138013840000	 0.019709983248033
3010.990096628670000	 0.019739447750611
3011.223055243490000	 0.019761061436712
3011.456013858320000	 0.019771139860783
3011.688972473140000	 0.019770937752272
3011.921931087970000	 0.019764715764510
3012.154889702800000	 0.019757022675710
3012.387848317620000	 0.019750665624315
3012.620806932450000	 0.019746240486634
3012.853765547280000	 0.019743116952790
3013.086724162100000	 0.019740981211279
3013.319682776930000	 0.019740830390035
3013.552641391750000	 0.019744749192785
3013.785600006580000	 0.019754598324690
3014.018558621410000	 0.019770430546816
3014.251517236230000	 0.019789629531460
3014.484475851060000	 0.019807362642123
3014.717434465890000	 0.019818213229696
3014.950393080710000	 0.019818226130419
3015.183351695540000	 0.019806395498803
3015.416310310360000	 0.019784937583362
3015.649268925190000	 0.019758328426372
3015.882227540020000	 0.019731676613518
3016.115186154840000	 0.019709223001942
3016.348144769670000	 0.019693539421486
3016.581103384490000	 0.019685527971206
3016.814061999320000	 0.019684902966499
3017.047020614150000	 0.019690691796388
3017.279979228970000	 0.019701454285398
3017.512937843800000	 0.019715241805166
3017.745896458630000	 0.019729563031182
3017.978855073450000	 0.019741628613327
3018.211813688280000	 0.019748923210731
3018.444772303100000	 0.019749868765765
3018.677730917930000	 0.019744204775182
3018.910689532760000	 0.019732832148416
3019.143648147580000	 0.019717188854122
3019.376606762410000	 0.019698542268359
3019.609565377240000	 0.019677668140840
3019.842523992060000	 0.019655151784397
3020.075482606890000	 0.019632119476672
3020.308441221710000	 0.019610854522750
3020.541399836540000	 0.019594717608162
3020.774358451370000	 0.019587143773145
3021.007317066190000	 0.019590059002937
3021.240275681020000	 0.019602515322819
3021.473234295850000	 0.019620385190091
3021.706192910670000	 0.019637514374747
3021.939151525500000	 0.019648015129703
3022.172110140320000	 0.019648750756540
3022.405068755150000	 0.019640851407948
3022.638027369980000	 0.019629457834780
3022.870985984800000	 0.019621685895814
3023.103944599630000	 0.019623654486478
3023.336903214450000	 0.019637874068677
3023.569861829280000	 0.019662116450766
3023.802820444110000	 0.019690195970577
3024.035779058930000	 0.019714252643382
3024.268737673760000	 0.019727528237671
3024.501696288590000	 0.019726509828071
3024.734654903410000	 0.019711700690689
3024.967613518240000	 0.019686950283743
3025.200572133060000	 0.019657878082837
3025.433530747890000	 0.019630166331171
3025.666489362720000	 0.019608322198818
3025.899447977540000	 0.019595113636938
3026.132406592370000	 0.019591538375443
3026.365365207200000	 0.019597062061614
3026.598323822020000	 0.019609950900622
3026.831282436850000	 0.019627685449552
3027.064241051670000	 0.019647516595879
3027.297199666500000	 0.019667144728153
3027.530158281330000	 0.019685333184154
3027.763116896150000	 0.019702155694917
3027.996075510980000	 0.019718654000135
3028.229034125800000	 0.019735957332285
3028.461992740630000	 0.019754249354021
3028.694951355460000	 0.019772139714460
3028.927909970280000	 0.019786856833092
3029.160868585110000	 0.019795266011312
3029.393827199940000	 0.019795250323128
3029.626785814760000	 0.019786738276645
3029.859744429590000	 0.019771790957350
3030.092703044410000	 0.019753644445644
3030.325661659240000	 0.019735199927422
3030.558620274070000	 0.019717814509967
3030.791578888890000	 0.019701123120845
3031.024537503720000	 0.019684051728390
3031.257496118550000	 0.019666476644460
3031.490454733370000	 0.019650544165684
3031.723413348200000	 0.019640755237737
3031.956371963020000	 0.019642533408450
3032.189330577850000	 0.019659831333586
3032.422289192680000	 0.019692930575071
3032.655247807500000	 0.019737590261708
3032.888206422330000	 0.019786076191902
3033.121165037160000	 0.019829681406593
3033.354123651980000	 0.019861612086965
3033.587082266810000	 0.019878934658806
3033.820040881630000	 0.019882759375203
3034.052999496460000	 0.019876735326725
3034.285958111290000	 0.019864772609691
3034.518916726110000	 0.019849227802280
3034.751875340940000	 0.019830432234167
3034.984833955760000	 0.019807643821718
3035.217792570590000	 0.019780718652527
3035.450751185420000	 0.019751440172053
3035.683709800240000	 0.019723684498716
3035.916668415070000	 0.019702294266520
3036.149627029900000	 0.019691277056966
3036.382585644720000	 0.019692301423426
3036.615544259550000	 0.019704244028555
3036.848502874370000	 0.019723916961798
3037.081461489200000	 0.019747465896778
3037.314420104030000	 0.019771633645592
3037.547378718850000	 0.019794268365439
3037.780337333680000	 0.019813989926714
3038.013295948510000	 0.019829481977336
3038.246254563330000	 0.019839105589902
3038.479213178160000	 0.019841287378749
3038.712171792980000	 0.019835572004501
3038.945130407810000	 0.019823697961107
3039.178089022640000	 0.019809897095108
3039.411047637460000	 0.019799965058133
3039.644006252290000	 0.019799333617827
3039.876964867120000	 0.019810998665904
3040.109923481940000	 0.019834329050501
3040.342882096770000	 0.019865377502039
3040.575840711590000	 0.019898558538734
3040.808799326420000	 0.019928865268908
3041.041757941250000	 0.019953536508977
3041.274716556070000	 0.019972399888336
3041.507675170900000	 0.019986847701353
3041.740633785720000	 0.019998151080190
3041.973592400550000	 0.020006156475439
3042.206551015380000	 0.020009144805298
3042.439509630200000	 0.020004931749637
3042.672468245030000	 0.019992552150944
3042.905426859860000	 0.019973511165742
3043.138385474680000	 0.019951803854912
3043.371344089510000	 0.019932592203115
3043.604302704330000	 0.019920194530840
3043.837261319160000	 0.019916435456341
3044.070219933990000	 0.019920200509608
3044.303178548810000	 0.019928377480878
3044.536137163640000	 0.019937633212573
3044.769095778470000	 0.019946062046765
3045.002054393290000	 0.019953854454746
3045.235013008120000	 0.019962700480343
3045.467971622940000	 0.019974345793113
3045.700930237770000	 0.019989160378143
3045.933888852600000	 0.020005521540403
3046.166847467420000	 0.020020318175292
3046.399806082250000	 0.020030259141849
3046.632764697070000	 0.020033265532051
3046.865723311900000	 0.020029247367825
3047.098681926730000	 0.020019967140483
3047.331640541550000	 0.020008214806252
3047.564599156380000	 0.019996838889534
3047.797557771210000	 0.019988121318763
3048.030516386030000	 0.019983632702866
3048.263475000860000	 0.019984328543266
3048.496433615680000	 0.019990511120313
3048.729392230510000	 0.020001478788039
3048.962350845340000	 0.020015072809218
3049.195309460160000	 0.020027620862152
3049.428268074990000	 0.020034717487128
3049.661226689820000	 0.020032845161652
3049.894185304640000	 0.020021248321271
3050.127143919470000	 0.020003082814788
3050.360102534290000	 0.019984974683018
3050.593061149120000	 0.019974793001084
3050.826019763950000	 0.019978387448590
3051.058978378770000	 0.019996735364183
3051.291936993600000	 0.020024935196433
3051.524895608430000	 0.020053715444476
3051.757854223250000	 0.020072971565591
3051.990812838080000	 0.020075859820961
3052.223771452900000	 0.020061638970699
3052.456730067730000	 0.020035956315566
3052.689688682560000	 0.020008439417802
3052.922647297380000	 0.019988726473079
3053.155605912210000	 0.019982781470234
3053.388564527030000	 0.019991122161945
3053.621523141860000	 0.020009588600854
3053.854481756690000	 0.020032038970771
3054.087440371510000	 0.020053487257424
3054.320398986340000	 0.020072096090097
3054.553357601170000	 0.020089141125369
3054.786316215990000	 0.020107195293966
3055.019274830820000	 0.020127722385357
3055.252233445640000	 0.020149511689016
3055.485192060470000	 0.020168837173297
3055.718150675300000	 0.020181228812320
3055.951109290120000	 0.020183846114721
3056.184067904950000	 0.020177111464933
3056.417026519780000	 0.020164665320421
3056.649985134600000	 0.020151625005927
3056.882943749430000	 0.020142050234930
3057.115902364250000	 0.020136936033259
3057.348860979080000	 0.020133767735838
3057.581819593910000	 0.020127866440742
3057.814778208730000	 0.020114851198678
3058.047736823560000	 0.020092997762954
3058.280695438390000	 0.020064358027737
3058.513654053210000	 0.020034164741942
3058.746612668040000	 0.020008904313868
3058.979571282860000	 0.019994025293495
3059.212529897690000	 0.019992296551874
3059.445488512520000	 0.020003398082659
3059.678447127340000	 0.020024696641939
3059.911405742170000	 0.020052642852705
3060.144364356990000	 0.020084047103842
3060.377322971820000	 0.020116697440699
3060.610281586650000	 0.020149226294493
3060.843240201470000	 0.020180548526721
3061.076198816300000	 0.020209357741201
3061.309157431130000	 0.020234028529757
3061.542116045950000	 0.020252953296395
3061.775074660780000	 0.020265051065144
3062.008033275600000	 0.020270092541317
3062.240991890430000	 0.020268630948267
3062.473950505260000	 0.020261602408561
3062.706909120080000	 0.020249879403664
3062.939867734910000	 0.020234090861726
3063.172826349740000	 0.020214852839233
3063.405784964560000	 0.020193290028397
3063.638743579390000	 0.020171523649455
3063.871702194210000	 0.020152774649467
3064.104660809040000	 0.020140901392830
3064.337619423870000	 0.020139464942366
3064.570578038690000	 0.020150648999543
3064.803536653520000	 0.020174450893611
3065.036495268340000	 0.020208480283192
3065.269453883170000	 0.020248490584753
3065.502412498000000	 0.020289496582021
3065.735371112820000	 0.020327099247415
3065.968329727650000	 0.020358548908686
3066.201288342480000	 0.020383180639003
3066.434246957300000	 0.020402105185194
3066.667205572130000	 0.020417320507219
3066.900164186960000	 0.020430612725366
3067.133122801780000	 0.020442679148970
3067.366081416610000	 0.020452814561787
3067.599040031430000	 0.020459279019130
3067.831998646260000	 0.020460183674203
3068.064957261090000	 0.020454503913532
3068.297915875910000	 0.020442761581517
3068.530874490740000	 0.020427050587039
3068.763833105560000	 0.020410367468783
3068.996791720390000	 0.020395535954044
3069.229750335220000	 0.020384232441104
3069.462708950040000	 0.020376600894904
3069.695667564870000	 0.020371666846681
3069.928626179700000	 0.020368343322971
3070.161584794520000	 0.020366481806308
3070.394543409350000	 0.020367345434624
3070.627502024170000	 0.020373130479423
3070.860460639000000	 0.020385642998264
3071.093419253830000	 0.020404730292784
3071.326377868650000	 0.020427304746354
3071.559336483480000	 0.020447611135797
3071.792295098300000	 0.020458834601509
3072.025253713130000	 0.020455496273137
3072.258212327960000	 0.020435659115316
3072.491170942780000	 0.020401969869869
3072.724129557610000	 0.020361007355010
3072.957088172440000	 0.020321123027312
3073.190046787260000	 0.020289633765565
3073.423005402090000	 0.020270521862225
3073.655964016910000	 0.020263548594610
3073.888922631740000	 0.020265029761586
3074.121881246570000	 0.020269801499611
3074.354839861390000	 0.020273459009261
3074.587798476220000	 0.020273939982675
3074.820757091050000	 0.020271904698966
3075.053715705870000	 0.020269935862272
3075.286674320700000	 0.020271070287150
3075.519632935520000	 0.020277363695809
3075.752591550350000	 0.020289039035059
3075.985550165180000	 0.020304424431179
3076.218508780000000	 0.020320559992454
3076.451467394830000	 0.020334177634093
3076.684426009660000	 0.020342743736800
3076.917384624480000	 0.020345326350691
3077.150343239310000	 0.020343121008051
3077.383301854130000	 0.020339500555766
3077.616260468960000	 0.020339470913282
3077.849219083790000	 0.020348490857876
3078.082177698610000	 0.020370809771817
3078.315136313440000	 0.020407760065795
3078.548094928260000	 0.020456656699787
3078.781053543090000	 0.020510908499265
3079.014012157920000	 0.020561555002103
3079.246970772740000	 0.020599848104253
3079.479929387570000	 0.020619991247616
3079.712888002400000	 0.020620990682497
3079.945846617220000	 0.020606857903660
3080.178805232050000	 0.020585037563650
3080.411763846870000	 0.020563675851219
3080.644722461700000	 0.020548855559825
3080.877681076530000	 0.020542925526291
3081.110639691350000	 0.020544510208865
3081.343598306180000	 0.020549979446191
3081.576556921010000	 0.020555517937947
3081.809515535830000	 0.020558772040873
3082.042474150660000	 0.020559407033978
3082.275432765480000	 0.020558558063950
3082.508391380310000	 0.020557742196951
3082.741349995140000	 0.020558001558857
3082.974308609960000	 0.020559775040485
3083.207267224790000	 0.020563439451301
3083.440225839610000	 0.020569976073881
3083.673184454440000	 0.020581106440312
3083.906143069270000	 0.020598576903805
3084.139101684090000	 0.020622861383691
3084.372060298920000	 0.020652030431844
3084.605018913750000	 0.020681579074525
3084.837977528570000	 0.020705552257020
3085.070936143400000	 0.020718604961000
3085.303894758220000	 0.020718082798705
3085.536853373050000	 0.020705116280962
3085.769811987880000	 0.020684156116871
3086.002770602700000	 0.020661138942345
3086.235729217530000	 0.020641171771345
3086.468687832360000	 0.020626864041513
3086.701646447180000	 0.020618064526773
3086.934605062010000	 0.020612984637129
3087.167563676830000	 0.020609951222946
3087.400522291660000	 0.020608733412026
3087.633480906490000	 0.020610679784971
3087.866439521310000	 0.020617619778250
3088.099398136140000	 0.020630224486313
3088.332356750970000	 0.020646855092879
3088.565315365790000	 0.020663654593220
3088.798273980620000	 0.020675930425712
3089.031232595440000	 0.020680148626699
3089.264191210270000	 0.020675512222091
3089.497149825100000	 0.020664303967714
3089.730108439920000	 0.020650825069246
3089.963067054750000	 0.020639507142122
3090.196025669570000	 0.020633191418978
3090.428984284400000	 0.020632413577898
3090.661942899230000	 0.020635912387129
3090.894901514050000	 0.020641883097072
3091.127860128880000	 0.020649129797535
3091.360818743710000	 0.020657424706524
3091.593777358530000	 0.020666943326252
3091.826735973360000	 0.020677266531889
3092.059694588180000	 0.020686737949460
3092.292653203010000	 0.020692748419640
3092.525611817840000	 0.020692921984896
3092.758570432660000	 0.020686564522962
3092.991529047490000	 0.020675477108750
3093.224487662320000	 0.020663506464830
3093.457446277140000	 0.020654890356150
3093.690404891970000	 0.020652185837363
3093.923363506790000	 0.020654901186128
3094.156322121620000	 0.020659655463554
3094.389280736450000	 0.020661908607661
3094.622239351270000	 0.020658467833735
3094.855197966100000	 0.020649527210483
3095.088156580930000	 0.020639172498784
3095.321115195750000	 0.020634012605147
3095.554073810580000	 0.020640522928137
3095.787032425400000	 0.020662314363014
3096.019991040230000	 0.020698539893456
3096.252949655060000	 0.020744058497701
3096.485908269880000	 0.020791156525009
3096.718866884710000	 0.020832001686740
3096.951825499540000	 0.020860826116321
3097.184784114360000	 0.020875116042989
3097.417742729190000	 0.020875636639342
3097.650701344010000	 0.020865635673246
3097.883659958840000	 0.020849781636707
3098.116618573670000	 0.020833240634776
3098.349577188490000	 0.020820965449851
3098.582535803320000	 0.020817041069597
3098.815494418140000	 0.020823970277129
3099.048453032970000	 0.020842029958874
3099.281411647800000	 0.020869050491821
3099.514370262620000	 0.020900940175316
3099.747328877450000	 0.020932951101413
3099.980287492280000	 0.020961243792985
3100.213246107100000	 0.020984039196387
3100.446204721930000	 0.021001753348612
3100.679163336750000	 0.021015995141783
3100.912121951580000	 0.021027945579027
3101.145080566410000	 0.021037061490979
3101.378039181230000	 0.021040956853604
3101.610997796060000	 0.021036695833467
3101.843956410880000	 0.021022902222437
3102.076915025710000	 0.021001516144593
3102.309873640540000	 0.020978057970634
3102.542832255360000	 0.020959941463231
3102.775790870190000	 0.020953417128385
3103.008749485020000	 0.020960575291449
3103.241708099840000	 0.020977977548248
3103.474666714670000	 0.020997773035386
3103.707625329490000	 0.021010952803871
3103.940583944320000	 0.021011329933434
3104.173542559150000	 0.020998429469919
3104.406501173970000	 0.020977923837935
3104.639459788800000	 0.020959366056635
3104.872418403630000	 0.020952234260301
3105.105377018450000	 0.020962062799088
3105.338335633280000	 0.020988301058030
3105.571294248100000	 0.021024636569098
3105.804252862930000	 0.021061387802499
3106.037211477760000	 0.021088789124016
3106.270170092580000	 0.021099848444346
3106.503128707410000	 0.021091903863185
3106.736087322230000	 0.021066732385700
3106.969045937060000	 0.021029663263958
3107.202004551890000	 0.020988318122101
3107.434963166710000	 0.020951332917027
3107.667921781540000	 0.020927011402091
3107.900880396370000	 0.020921700232095
3108.133839011190000	 0.020937940663160
3108.366797626020000	 0.020972964691914
3108.599756240840000	 0.021018437463193
3108.832714855670000	 0.021062132041207
3109.065673470500000	 0.021091438925824
3109.298632085320000	 0.021097639130134
3109.531590700150000	 0.021079244728631
3109.764549314980000	 0.021042830096618
3109.997507929800000	 0.021000703486042
3110.230466544630000	 0.020966166558136
3110.463425159450000	 0.020948318975499
3110.696383774280000	 0.020948704400390
3110.929342389110000	 0.020961300019221
3111.162301003930000	 0.020975799029055
3111.395259618760000	 0.020982609813198
3111.628218233590000	 0.020977231800304
3111.861176848410000	 0.020962015196566
3112.094135463240000	 0.020944615181131
3112.327094078060000	 0.020934087876503
3112.560052692890000	 0.020936697551851
3112.793011307720000	 0.020953508787997
3113.025969922540000	 0.020980763619463
3113.258928537370000	 0.021012535524751
3113.491887152200000	 0.021044024427304
3113.724845767020000	 0.021073653066851
3113.957804381850000	 0.021102901624802
3114.190762996670000	 0.021134138729379
3114.423721611500000	 0.021167840266250
3114.656680226330000	 0.021200900631928
3114.889638841150000	 0.021227091198761
3115.122597455980000	 0.021239517597930
3115.355556070800000	 0.021233841044424
3115.588514685630000	 0.021210615454497
3115.821473300460000	 0.021175550461903
3116.054431915280000	 0.021137592544423
3116.287390530110000	 0.021105822558983
3116.520349144940000	 0.021086676877492
3116.753307759760000	 0.021082667298192
3116.986266374590000	 0.021092872677795
3117.219224989410000	 0.021114558567511
3117.452183604240000	 0.021144832786303
3117.685142219070000	 0.021181443096485
3117.918100833890000	 0.021222492081725
3118.151059448720000	 0.021265560839206
3118.384018063550000	 0.021307070257180
3118.616976678370000	 0.021342497583765
3118.849935293200000	 0.021367481194690
3119.082893908020000	 0.021379261048815
3119.315852522850000	 0.021377657470139
3119.548811137680000	 0.021365025447400
3119.781769752500000	 0.021345202051721
3120.014728367330000	 0.021322040240448
3120.247686982150000	 0.021298329782675
3120.480645596980000	 0.021275618497756
3120.713604211810000	 0.021254863367297
3120.946562826630000	 0.021237336877150
3121.179521441460000	 0.021225092070483
3121.412480056290000	 0.021220608251906
3121.645438671110000	 0.021225788503358
3121.878397285940000	 0.021240909625215
3122.111355900760000	 0.021264165019284
3122.344314515590000	 0.021292079313057
3122.577273130420000	 0.021320550825886
3122.810231745240000	 0.021345917686681
3123.043190360070000	 0.021365459790412
3123.276148974900000	 0.021377137759417
3123.509107589720000	 0.021378904954638
3123.742066204550000	 0.021368270777422
3123.975024819370000	 0.021342697248729
3124.207983434200000	 0.021300898202950
3124.440942049030000	 0.021244472331611
3124.673900663850000	 0.021178923355417
3124.906859278680000	 0.021113262138953
3125.139817893510000	 0.021058025969438
3125.372776508330000	 0.021022367283290
3125.605735123160000	 0.021011393810914
3125.838693737980000	 0.021024869694570
3126.071652352810000	 0.021057758620523
3126.304610967640000	 0.021102261237806
3126.537569582460000	 0.021150391192810
3126.770528197290000	 0.021196013636507
3127.003486812120000	 0.021235659021485
3127.236445426940000	 0.021268105668057
3127.469404041770000	 0.021293328726009
3127.702362656590000	 0.021311613501933
3127.935321271420000	 0.021323345207123
3128.168279886250000	 0.021329427567149
3128.401238501070000	 0.021331809397268
3128.634197115900000	 0.021333497165421
3128.867155730720000	 0.021337757461601
3129.100114345550000	 0.021346760560005
3129.333072960380000	 0.021360338563405
3129.566031575200000	 0.021375563109360
3129.798990190030000	 0.021387473326403
3130.031948804860000	 0.021390725748116
3130.264907419680000	 0.021381491873054
3130.497866034510000	 0.021358812949608
3130.730824649330000	 0.021324886857434
3130.963783264160000	 0.021284269447639
3131.196741878990000	 0.021242446212907
3131.429700493810000	 0.021204415598303
3131.662659108640000	 0.021173763487994
3131.895617723470000	 0.021152362473632
3132.128576338290000	 0.021140539514193
3132.361534953120000	 0.021137463402895
3132.594493567940000	 0.021141585393625
3132.827452182770000	 0.021151089447561
3133.060410797600000	 0.021164344922912
3133.293369412420000	 0.021180276049491
3133.526328027250000	 0.021198458447252
3133.759286642070000	 0.021218761102407
3133.992245256900000	 0.021240550670807
3134.225203871730000	 0.021261800150422
3134.458162486550000	 0.021278691572303
3134.691121101380000	 0.021286242160919
3134.924079716210000	 0.021280040553133
3135.157038331030000	 0.021258536925086
3135.389996945860000	 0.021224840036221
3135.622955560680000	 0.021186946770771
3135.855914175510000	 0.021155871286940
3136.088872790340000	 0.021142087570699
3136.321831405160000	 0.021151633357967
3136.554790019990000	 0.021183616372289
3136.787748634810000	 0.021230386178854
3137.020707249640000	 0.021280443943072
3137.253665864470000	 0.021322862548728
3137.486624479290000	 0.021351255942477
3137.719583094120000	 0.021365534063661
3137.952541708950000	 0.021370726115304
3138.185500323770000	 0.021373576480432
3138.418458938600000	 0.021378715258453
3138.651417553420000	 0.021386376224894
3138.884376168250000	 0.021392758921824
3139.117334783080000	 0.021392696494772
3139.350293397900000	 0.021383087038789
3139.583252012730000	 0.021365191125119
3139.816210627560000	 0.021344547117396
3140.049169242380000	 0.021328566867878
3140.282127857210000	 0.021323151071473
3140.515086472030000	 0.021330184477754
3140.748045086860000	 0.021347229340020
3140.981003701690000	 0.021369465669544
3141.213962316510000	 0.021392680212394
3141.446920931340000	 0.021415566377506
3141.679879546170000	 0.021440025463393
3141.912838160990000	 0.021469310622198
3142.145796775820000	 0.021505103150886
3142.378755390640000	 0.021545250156428
3142.611714005470000	 0.021583546615440
3142.844672620300000	 0.021611817261655
3143.077631235120000	 0.021623292618680
3143.310589849950000	 0.021615564553200
3143.543548464780000	 0.021591615424310
3143.776507079600000	 0.021558432361506
3144.009465694430000	 0.021524001172333
3144.242424309250000	 0.021494299257119
3144.475382924080000	 0.021471796835958
3144.708341538910000	 0.021456023648918
3144.941300153730000	 0.021445556280911
3145.174258768560000	 0.021440023394486
3145.407217383380000	 0.021440813068490
3145.640175998210000	 0.021450023694860
3145.873134613040000	 0.021468325675291
3146.106093227860000	 0.021493128285287
3146.339051842690000	 0.021518337966628
3146.572010457520000	 0.021536121556482
3146.804969072340000	 0.021539960451451
3147.037927687170000	 0.021527519469735
3147.270886301990000	 0.021501864422012
3147.503844916820000	 0.021470359461842
3147.736803531650000	 0.021441751743444
3147.969762146470000	 0.021422855095601
3148.202720761300000	 0.021416365602318
3148.435679376130000	 0.021420652704071
3148.668637990950000	 0.021431319038528
3148.901596605780000	 0.021443505671494
3149.134555220600000	 0.021453728568315
3149.367513835430000	 0.021460496799750
3149.600472450260000	 0.021463771919325
3149.833431065080000	 0.021463993054876
3150.066389679910000	 0.021461526015800
3150.299348294740000	 0.021456954962377
3150.532306909560000	 0.021451941346958
3150.765265524390000	 0.021449884367655
3150.998224139210000	 0.021455643778169
3151.231182754040000	 0.021474124803692
3151.464141368870000	 0.021508250734800
3151.697099983690000	 0.021557303235250
3151.930058598520000	 0.021616502495855
3152.163017213340000	 0.021678101616461
3152.395975828170000	 0.021733543800657
3152.628934443000000	 0.021775771881230
3152.861893057820000	 0.021800799254014
3153.094851672650000	 0.021808102509027
3153.327810287480000	 0.021800007858085
3153.560768902300000	 0.021780655228034
3153.793727517130000	 0.021755103487551
3154.026686131950000	 0.021728753159241
3154.259644746780000	 0.021706832972066
3154.492603361610000	 0.021693571850983
3154.725561976430000	 0.021690980972822
3154.958520591260000	 0.021697700594020
3155.191479206090000	 0.021708716129152
3155.424437820910000	 0.021716580880157
3155.657396435740000	 0.021714090560643
3155.890355050560000	 0.021697489974218
3156.123313665390000	 0.021668756135766
3156.356272280220000	 0.021635664742411
3156.589230895040000	 0.021609249749262
3156.822189509870000	 0.021599543216379
3157.055148124690000	 0.021611465711344
3157.288106739520000	 0.021642812789631
3157.521065354350000	 0.021685327847487
3157.754023969170000	 0.021728358626139
3157.986982584000000	 0.021763349216238
3158.219941198830000	 0.021787038786776
3158.452899813650000	 0.021801904372480
3158.685858428480000	 0.021813791427461
3158.918817043300000	 0.021828121066091
3159.151775658130000	 0.021846758454370
3159.384734272960000	 0.021867173375412
3159.617692887780000	 0.021884199396208
3159.850651502610000	 0.021893268452932
3160.083610117440000	 0.021893231389282
3160.316568732260000	 0.021887150928536
3160.549527347090000	 0.021880615025156
3160.782485961910000	 0.021878535696023
3161.015444576740000	 0.021882264085725
3161.248403191570000	 0.021888661621210
3161.481361806390000	 0.021891654454884
3161.714320421220000	 0.021885428391813
3161.947279036050000	 0.021867548362659
3162.180237650870000	 0.021840353966557
3162.413196265700000	 0.021809941572099
3162.646154880520000	 0.021783369767173
3162.879113495350000	 0.021765662885151
3163.112072110180000	 0.021758195548436
3163.345030725000000	 0.021759154331564
3163.577989339830000	 0.021765558358478
3163.810947954650000	 0.021775485376681
3164.043906569480000	 0.021789134270112
3164.276865184310000	 0.021808135575175
3164.509823799130000	 0.021833632995151
3164.742782413960000	 0.021864434401903
3164.975741028790000	 0.021896501619096
3165.208699643610000	 0.021924247483379
3165.441658258440000	 0.021943027848147
3165.674616873260000	 0.021951477136033
3165.907575488090000	 0.021952350735915
3166.140534102920000	 0.021951314445421
3166.373492717740000	 0.021954242554514
3166.606451332570000	 0.021964405999092
3166.839409947390000	 0.021980969476015
3167.072368562220000	 0.021999479006923
3167.305327177050000	 0.022013972975121
3167.538285791870000	 0.022019577471592
3167.771244406700000	 0.022014328620743
3168.004203021530000	 0.021999511775950
3168.237161636350000	 0.021978676538739
3168.470120251180000	 0.021956153375644
3168.703078866000000	 0.021935972527773
3168.936037480830000	 0.021921579458492
3169.168996095660000	 0.021916048693811
3169.401954710480000	 0.021922112321557
3169.634913325310000	 0.021941504336925
3169.867871940140000	 0.021973750854560
3170.100830554960000	 0.022015166949171
3170.333789169790000	 0.022058979337126
3170.566747784610000	 0.022097005039823
3170.799706399440000	 0.022122432987350
3171.032665014270000	 0.022132491958960
3171.265623629090000	 0.022129615045467
3171.498582243920000	 0.022120312382930
3171.731540858750000	 0.022112111241086
3171.964499473570000	 0.022110013019240
3172.197458088400000	 0.022114278545215
3172.430416703220000	 0.022120705274395
3172.663375318050000	 0.022123243787444
3172.896333932880000	 0.022117553379126
3173.129292547700000	 0.022103591950605
3173.362251162530000	 0.022085849244787
3173.595209777360000	 0.022071122448332
3173.828168392180000	 0.022065112650882
3174.061127007010000	 0.022069783752156
3174.294085621830000	 0.022082953521611
3174.527044236660000	 0.022100257826984
3174.760002851490000	 0.022118232538378
3174.992961466310000	 0.022136590648614
3175.225920081140000	 0.022158216973605
3175.458878695960000	 0.022186748186348
3175.691837310790000	 0.022223114418349
3175.924795925620000	 0.022263187137007
3176.157754540440000	 0.022298197311012
3176.390713155270000	 0.022318097201349
3176.623671770100000	 0.022316362060287
3176.856630384920000	 0.022293773799916
3177.089588999750000	 0.022259046729010
3177.322547614570000	 0.022225677797005
3177.555506229400000	 0.022206388816242
3177.788464844230000	 0.022207866945306
3178.021423459050000	 0.022228400823949
3178.254382073880000	 0.022259513723378
3178.487340688710000	 0.022290657582463
3178.720299303530000	 0.022314511108098
3178.953257918360000	 0.022330159365254
3179.186216533180000	 0.022342568814882
3179.419175148010000	 0.022358770406041
3179.652133762840000	 0.022382957127767
3179.885092377660000	 0.022413267888693
3180.118050992490000	 0.022442061389876
3180.351009607320000	 0.022459574523570
3180.583968222140000	 0.022459059734647
3180.816926836970000	 0.022440709909086
3181.049885451790000	 0.022412283302239
3181.282844066620000	 0.022386030164509
3181.515802681450000	 0.022373412011163
3181.748761296270000	 0.022380180650328
3181.981719911100000	 0.022404116130929
3182.214678525920000	 0.022436347185011
3182.447637140750000	 0.022465459921703
3182.680595755580000	 0.022482372116945
3182.913554370400000	 0.022483751910248
3183.146512985230000	 0.022472633967025
3183.379471600060000	 0.022456333046380
3183.612430214880000	 0.022442977435246
3183.845388829710000	 0.022438376704382
3184.078347444530000	 0.022444440512020
3184.311306059360000	 0.022459403831143
3184.544264674190000	 0.022479256256393
3184.777223289010000	 0.022499414067321
3185.010181903840000	 0.022515890146019
3185.243140518670000	 0.022525772727102
3185.476099133490000	 0.022527321605408
3185.709057748320000	 0.022520120048289
3185.942016363140000	 0.022505451781818
3186.174974977970000	 0.022486649363338
3186.407933592800000	 0.022468922540942
3186.640892207620000	 0.022458329658776
3186.873850822450000	 0.022460030742137
3187.106809437270000	 0.022476447645607
3187.339768052100000	 0.022506127762631
3187.572726666930000	 0.022543853262112
3187.805685281750000	 0.022582010965126
3188.038643896580000	 0.022612716037526
3188.271602511410000	 0.022629905469151
3188.504561126230000	 0.022630698573562
3188.737519741060000	 0.022615706959064
3188.970478355880000	 0.022588448703874
3189.203436970710000	 0.022554313455028
3189.436395585540000	 0.022519502550903
3189.669354200360000	 0.022490126077054
3189.902312815190000	 0.022471411756322
3190.135271430020000	 0.022466950359762
3190.368230044840000	 0.022478063081064
3190.601188659670000	 0.022503552658749
3190.834147274490000	 0.022540094995367
3191.067105889320000	 0.022583284397197
3191.300064504150000	 0.022628991836697
3191.533023118970000	 0.022674454014833
3191.765981733800000	 0.022718558971970
3191.998940348630000	 0.022761163443632
3192.231898963450000	 0.022801812093449
3192.464857578280000	 0.022838629971362
3192.697816193100000	 0.022868149298277
3192.930774807930000	 0.022886358003886
3193.163733422760000	 0.022890558484738
3193.396692037580000	 0.022881087033884
3193.629650652410000	 0.022861882616121
3193.862609267230000	 0.022839395551325
3194.095567882060000	 0.022820184751539
3194.328526496890000	 0.022808315188327
3194.561485111710000	 0.022803870741674
3194.794443726540000	 0.022803380778268
3195.027402341370000	 0.022801995896771
3195.260360956190000	 0.022796360582670
3195.493319571020000	 0.022786768783891
3195.726278185840000	 0.022777527171259
3195.959236800670000	 0.022775330351537
3196.192195415500000	 0.022786428837093
3196.425154030320000	 0.022813920059345
3196.658112645150000	 0.022856333128013
3196.891071259980000	 0.022907961630172
3197.124029874800000	 0.022960577151354
3197.356988489630000	 0.023005656195478
3197.589947104450000	 0.023036252341259
3197.822905719280000	 0.023048046314828
3198.055864334110000	 0.023039626647657
3198.288822948930000	 0.023012373165100
3198.521781563760000	 0.022970261880101
3198.754740178590000	 0.022919578427413
3198.987698793410000	 0.022868225067160
3199.220657408240000	 0.022824334848112
3199.453616023060000	 0.022794329532403
3199.686574637890000	 0.022781113220527
3199.919533252720000	 0.022783340997742
3200.152491867540000	 0.022796351771372
3200.385450482370000	 0.022814526838950
3200.618409097190000	 0.022834003292296
3200.851367712020000	 0.022854341716826
3201.084326326850000	 0.022878166520582
3201.317284941670000	 0.022908827884836
3201.550243556500000	 0.022947283845381
3201.783202171330000	 0.022990008253559
3202.016160786150000	 0.023029346400121
3202.249119400980000	 0.023056484149101
3202.482078015800000	 0.023065734978636
3202.715036630630000	 0.023057981941867
3202.947995245460000	 0.023041329131802
3203.180953860280000	 0.023028290452274
3203.413912475110000	 0.023030606946581
3203.646871089940000	 0.023054116008562
3203.879829704760000	 0.023096192597198
3204.112788319590000	 0.023147021004244
3204.345746934410000	 0.023194029761406
3204.578705549240000	 0.023227276820362
3204.811664164070000	 0.023243176156019
3205.044622778890000	 0.023244874812368
3205.277581393720000	 0.023239360288660
3205.510540008540000	 0.023233085962584
3205.743498623370000	 0.023228596802822
3205.976457238200000	 0.023223920719811
3206.209415853020000	 0.023214814025895
3206.442374467850000	 0.023198310130642
3206.675333082680000	 0.023175332077439
3206.908291697500000	 0.023150746864315
3207.141250312330000	 0.023130810851019
3207.374208927150000	 0.023119574356071
3207.607167541980000	 0.023116492780433
3207.840126156810000	 0.023116794949957
3208.073084771630000	 0.023114509797098
3208.306043386460000	 0.023106432915512
3208.539002001290000	 0.023094654044677
3208.771960616110000	 0.023085967491516
3209.004919230940000	 0.023088231202460
3209.237877845760000	 0.023105577038959
3209.470836460590000	 0.023135197529570
3209.703795075420000	 0.023167693497446
3209.936753690240000	 0.023191067137806
3210.169712305070000	 0.023196451725343
3210.402670919900000	 0.023182645071601
3210.635629534720000	 0.023157013429002
3210.868588149550000	 0.023132173059903
3211.101546764370000	 0.023120115059277
3211.334505379200000	 0.023126836691618
3211.567463994030000	 0.023150229326255
3211.800422608850000	 0.023182141436677
3212.033381223680000	 0.023213272082556
3212.266339838500000	 0.023238101312434
3212.499298453330000	 0.023257160856396
3212.732257068160000	 0.023275516526365
3212.965215682980000	 0.023298524822768
3213.198174297810000	 0.023327501337619
3213.431132912640000	 0.023357974314776
3213.664091527460000	 0.023381681296690
3213.897050142290000	 0.023391283172231
3214.130008757110000	 0.023385130795350
3214.362967371940000	 0.023369229911305
3214.595925986770000	 0.023354982286950
3214.828884601590000	 0.023353622149395
3215.061843216420000	 0.023370206994218
3215.294801831250000	 0.023400413789463
3215.527760446070000	 0.023431996509557
3215.760719060900000	 0.023450354902482
3215.993677675720000	 0.023445513446671
3216.226636290550000	 0.023417013402104
3216.459594905380000	 0.023374227429202
3216.692553520200000	 0.023331941224289
3216.925512135030000	 0.023303459298714
3217.158470749860000	 0.023294664475866
3217.391429364680000	 0.023301840137392
3217.624387979510000	 0.023314112083443
3217.857346594330000	 0.023319130848661
3218.090305209160000	 0.023309148192563
3218.323263823990000	 0.023284604320544
3218.556222438810000	 0.023253729505131
3218.789181053640000	 0.023228713916264
3219.022139668460000	 0.023220572976267
3219.255098283290000	 0.023235146530949
3219.488056898120000	 0.023271751469605
3219.721015512940000	 0.023324534847305
3219.953974127770000	 0.023385352354259
3220.186932742600000	 0.023446561767709
3220.419891357420000	 0.023502567210050
3220.652849972250000	 0.023549915591957
3220.885808587070000	 0.023586607028807
3221.118767201900000	 0.023611534793113
3221.351725816730000	 0.023624556337437
3221.584684431550000	 0.023626991054491
3221.817643046380000	 0.023621869493454
3222.050601661210000	 0.023613355061217
3222.283560276030000	 0.023605351943333
3222.516518890860000	 0.023599975146326
3222.749477505680000	 0.023596806229785
3222.982436120510000	 0.023593492921844
3223.215394735340000	 0.023587479134906
3223.448353350160000	 0.023577933867243
3223.681311964990000	 0.023566729375615
3223.914270579810000	 0.023557787415538
3224.147229194640000	 0.023555048210903
3224.380187809470000	 0.023560171682992
3224.613146424290000	 0.023571314587225
3224.846105039120000	 0.023583778213621
3225.079063653950000	 0.023592294653846
3225.312022268770000	 0.023593777011266
3225.544980883600000	 0.023589019956749
3225.777939498420000	 0.023582331632803
3226.010898113250000	 0.023579188761204
3226.243856728080000	 0.023583124440639
3226.476815342900000	 0.023593531740647
3226.709773957730000	 0.023605626862952
3226.942732572560000	 0.023612714524876
3227.175691187380000	 0.023609706490810
3227.408649802210000	 0.023596154306206
3227.641608417030000	 0.023577235587476
3227.874567031860000	 0.023562123164614
3228.107525646690000	 0.023560450699010
3228.340484261510000	 0.023578469893405
3228.573442876340000	 0.023616549010816
3228.806401491170000	 0.023668964192482
3229.039360105990000	 0.023725903030549
3229.272318720820000	 0.023776713713315
3229.505277335640000	 0.023813050330315
3229.738235950470000	 0.023830812891950
3229.971194565300000	 0.023830478204486
3230.204153180120000	 0.023816145237528
3230.437111794950000	 0.023793987887210
3230.670070409770000	 0.023770723656020
3230.903029024600000	 0.023752377655821
3231.135987639430000	 0.023743346727907
3231.368946254250000	 0.023745713276023
3231.601904869080000	 0.023758876036143
3231.834863483910000	 0.023779679481722
3232.067822098730000	 0.023803182920030
3232.300780713560000	 0.023823993477351
3232.533739328380000	 0.023837803590811
3232.766697943210000	 0.023842591219207
3232.999656558040000	 0.023838999702173
3233.232615172860000	 0.023829741122032
3233.465573787690000	 0.023818320106725
3233.698532402520000	 0.023807693543451
3233.931491017340000	 0.023799461118590
3234.164449632170000	 0.023793835577639
3234.397408246990000	 0.023790194080321
3234.630366861820000	 0.023787735817606
3234.863325476650000	 0.023785817649949
3235.096284091470000	 0.023783859558310
3235.329242706300000	 0.023781084489457
3235.562201321130000	 0.023776521386674
3235.795159935950000	 0.023769527126868
3236.028118550780000	 0.023760670349283
3236.261077165600000	 0.023752432423735
3236.494035780430000	 0.023749091716643
3236.726994395260000	 0.023755489093002
3236.959953010080000	 0.023774995390675
3237.192911624910000	 0.023807561646924
3237.425870239730000	 0.023848858302537
3237.658828854560000	 0.023891078975348
3237.891787469390000	 0.023925218207631
3238.124746084210000	 0.023943931498979
3238.357704699040000	 0.023943795516135
3238.590663313870000	 0.023926056743930
3238.823621928690000	 0.023895682340709
3239.056580543520000	 0.023859345668700
3239.289539158340000	 0.023823426102411
3239.522497773170000	 0.023792913686008
3239.755456388000000	 0.023771427091096
3239.988415002820000	 0.023761827740022
3240.221373617650000	 0.023766590755924
3240.454332232480000	 0.023787356384250
3240.687290847300000	 0.023823761972468
3240.920249462130000	 0.023872311540901
3241.153208076950000	 0.023926236215001
3241.386166691780000	 0.023976874227143
3241.619125306610000	 0.024016278704333
3241.852083921430000	 0.024039997759022
3242.085042536260000	 0.024048691796457
3242.318001151080000	 0.024047668085297
3242.550959765910000	 0.024044393391688
3242.783918380740000	 0.024045105737740
3243.016876995560000	 0.024052167762162
3243.249835610390000	 0.024063449370309
3243.482794225220000	 0.024073988983267
3243.715752840040000	 0.024079030596152
3243.948711454870000	 0.024076851264234
3244.181670069690000	 0.024069909902720
3244.414628684520000	 0.024063721455937
3244.647587299350000	 0.024064059341717
3244.880545914170000	 0.024073963767281
3245.113504529000000	 0.024092100928812
3245.346463143830000	 0.024113280622118
3245.579421758650000	 0.024130839631485
3245.812380373480000	 0.024139700278440
3246.045338988300000	 0.024138627355246
3246.278297603130000	 0.024130652563270
3246.511256217960000	 0.024121583593513
3246.744214832780000	 0.024117450016470
3246.977173447610000	 0.024122148653571
3247.210132062440000	 0.024136273980060
3247.443090677260000	 0.024157414546339
3247.676049292090000	 0.024181503681398
3247.909007906910000	 0.024204459062854
3248.141966521740000	 0.024223419974177
3248.374925136570000	 0.024237262519390
3248.607883751390000	 0.024246482916330
3248.840842366220000	 0.024252748161643
3249.073800981040000	 0.024258351808946
3249.306759595870000	 0.024265615024595
3249.539718210700000	 0.024276160253785
3249.772676825520000	 0.024290084800733
3250.005635440350000	 0.024305305700969
3250.238594055180000	 0.024317516036238
3250.471552670000000	 0.024321085840297
3250.704511284830000	 0.024310840842041
3250.937469899650000	 0.024284150391627
3251.170428514480000	 0.024242434266219
3251.403387129310000	 0.024191280832674
3251.636345744130000	 0.024138905370676
3251.869304358960000	 0.024093465292282
3252.102262973790000	 0.024060372884817
3252.335221588610000	 0.024040808733818
3252.568180203440000	 0.024032061173747
3252.801138818260000	 0.024029418651219
3253.034097433090000	 0.024028614581179
3253.267056047920000	 0.024027628958280
3253.500014662740000	 0.024027061931531
3253.732973277570000	 0.024029091497559
3253.965931892400000	 0.024035782495068
3254.198890507220000	 0.024047800088348
3254.431849122050000	 0.024064242762981
3254.664807736870000	 0.024083578084026
3254.897766351700000	 0.024104990727047
3255.130724966530000	 0.024129220035206
3255.363683581350000	 0.024158291060853
3255.596642196180000	 0.024194233740597
3255.829600811000000	 0.024237524049698
3256.062559425830000	 0.024286166856402
3256.295518040660000	 0.024335957806327
3256.528476655480000	 0.024381767594827
3256.761435270310000	 0.024419122345372
3256.994393885140000	 0.024445236224132
3257.227352499960000	 0.024459038198679
3257.460311114790000	 0.024460390719030
3257.693269729610000	 0.024449222419314
3257.926228344440000	 0.024425343222388
3258.159186959270000	 0.024389221492287
3258.392145574090000	 0.024343272401913
3258.625104188920000	 0.024292699553312
3258.858062803750000	 0.024245005362585
3259.091021418570000	 0.024207974018783
3259.323980033400000	 0.024186879597220
3259.556938648220000	 0.024182294501222
3259.789897263050000	 0.024189724001581
3260.022855877880000	 0.024201407226149
3260.255814492700000	 0.024209508013912
3260.488773107530000	 0.024209191356684
3260.721731722350000	 0.024200123889008
3260.954690337180000	 0.024185742497068
3261.187648952010000	 0.024170813429097
3261.420607566830000	 0.024158718527862
3261.653566181660000	 0.024150002455280
3261.886524796490000	 0.024142912458006
3262.119483411310000	 0.024135441649342
3262.352442026140000	 0.024127476126261
3262.585400640960000	 0.024121575229072
3262.818359255790000	 0.024121741466954
3263.051317870620000	 0.024130812761045
3263.284276485440000	 0.024148077378439
3263.517235100270000	 0.024168738823090
3263.750193715100000	 0.024185871215665
3263.983152329920000	 0.024194055814623
3264.216110944750000	 0.024192790116569
3264.449069559570000	 0.024187639961422
3264.682028174400000	 0.024188118958651
3264.914986789230000	 0.024202996578164
3265.147945404050000	 0.024235247951261
3265.380904018880000	 0.024279258501933
3265.613862633710000	 0.024321900278830
3265.846821248530000	 0.024347240629250
3266.079779863360000	 0.024342885511695
3266.312738478180000	 0.024305127389294
3266.545697093010000	 0.024240555641042
3266.778655707840000	 0.024163427254360
3267.011614322660000	 0.024090117607828
3267.244572937490000	 0.024033296095592
3267.477531552310000	 0.023998381402437
3267.710490167140000	 0.023983478458900
3267.943448781970000	 0.023982234866753
3268.176407396790000	 0.023987805688054
3268.409366011620000	 0.023995901812406
3268.642324626450000	 0.024005696278336
3268.875283241270000	 0.024018675345528
3269.108241856100000	 0.024036598078816
3269.341200470920000	 0.024059986813455
3269.574159085750000	 0.024087960092466
3269.807117700580000	 0.024119214726796
3270.040076315400000	 0.024153212255141
3270.273034930230000	 0.024190558090383
3270.505993545060000	 0.024232181689428
3270.738952159880000	 0.024277816386130
3270.971910774710000	 0.024324844169173
3271.204869389530000	 0.024368430702803
3271.437828004360000	 0.024403114319498
3271.670786619190000	 0.024425100343137
3271.903745234010000	 0.024433995416857
3272.136703848840000	 0.024432923786289
3272.369662463670000	 0.024426834839010
3272.602621078490000	 0.024419868516494
3272.835579693320000	 0.024413250158697
3273.068538308140000	 0.024404943774238
3273.301496922970000	 0.024391332777204
3273.534455537800000	 0.024370067600432
3273.767414152620000	 0.024342534540045
3274.000372767450000	 0.024314532242791
3274.233331382270000	 0.024294652628552
3274.466289997100000	 0.024291079287278
3274.699248611930000	 0.024308350719974
3274.932207226750000	 0.024345615429614
3275.165165841580000	 0.024397089028760
3275.398124456410000	 0.024454315192049
3275.631083071230000	 0.024509025701768
3275.864041686060000	 0.024555263431248
3276.097000300880000	 0.024589993536037
3276.329958915710000	 0.024612341766901
3276.562917530540000	 0.024622325616335
3276.795876145360000	 0.024620068046551
3277.028834760190000	 0.024605983106662
3277.261793375020000	 0.024581658523392
3277.494751989840000	 0.024550620409275
3277.727710604670000	 0.024518181504956
3277.960669219490000	 0.024490142732100
3278.193627834320000	 0.024470879412532
3278.426586449150000	 0.024461791611249
3278.659545063970000	 0.024460933920959
3278.892503678800000	 0.024463987201518
3279.125462293620000	 0.024466017167110
3279.358420908450000	 0.024463099132052
3279.591379523280000	 0.024453059165047
3279.824338138100000	 0.024435175924097
3280.057296752930000	 0.024409348227707
3280.290255367760000	 0.024375543791200
3280.523213982580000	 0.024334092331643
3280.756172597410000	 0.024286723905162
3280.989131212240000	 0.024237604841289
3281.222089827060000	 0.024193419571404
3281.455048441890000	 0.024161970068560
3281.688007056710000	 0.024149619192996
3281.920965671540000	 0.024158682950234
3282.153924286370000	 0.024186068043338
3282.386882901190000	 0.024223906853235
3282.619841516020000	 0.024261980346072
3282.852800130840000	 0.024290877135120
3283.085758745670000	 0.024304535823980
3283.318717360500000	 0.024301189997484
3283.551675975320000	 0.024282591991330
3283.784634590150000	 0.024252277974085
3284.017593204980000	 0.024214038018204
3284.250551819800000	 0.024171425673287
3284.483510434630000	 0.024128302806741
3284.716469049450000	 0.024089614841576
3284.949427664280000	 0.024061348898302
3285.182386279110000	 0.024049124184507
3285.415344893930000	 0.024055824125386
3285.648303508760000	 0.024079500701417
3285.881262123580000	 0.024112904333656
3286.114220738410000	 0.024145288983835
3286.347179353240000	 0.024165992140874
3286.580137968060000	 0.024168309316599
3286.813096582890000	 0.024151885834509
3287.046055197720000	 0.024122440381783
3287.279013812540000	 0.024088901719658
3287.511972427370000	 0.024059355778624
3287.744931042190000	 0.024037814637391
3287.977889657020000	 0.024023355464943
3288.210848271850000	 0.024011909132695
3288.443806886670000	 0.023999612017017
3288.676765501500000	 0.023985862994077
3288.909724116330000	 0.023974413507590
3289.142682731150000	 0.023971870162583
3289.375641345980000	 0.023984369209828
3289.608599960800000	 0.024014141304673
3289.841558575630000	 0.024057712137037
3290.074517190460000	 0.024106632270328
3290.307475805280000	 0.024150412129637
3290.540434420110000	 0.024180360695462
3290.773393034940000	 0.024192698339610
3291.006351649760000	 0.024189735917462
3291.239310264590000	 0.024178840305895
3291.472268879410000	 0.024169837821087
3291.705227494240000	 0.024171967653135
3291.938186109070000	 0.024191361988792
3292.171144723890000	 0.024229557481512
3292.404103338720000	 0.024283108236795
3292.637061953540000	 0.024344171999124
3292.870020568370000	 0.024401930023206
3293.102979183200000	 0.024444707096432
3293.335937798020000	 0.024462552500997
3293.568896412850000	 0.024449819115092
3293.801855027680000	 0.024407045628084
3294.034813642500000	 0.024341385727580
3294.267772257330000	 0.024265114554370
3294.500730872150000	 0.024192413670267
3294.733689486980000	 0.024135447015620
3294.966648101810000	 0.024101213371034
3295.199606716630000	 0.024090410003790
3295.432565331460000	 0.024098624725010
3295.665523946290000	 0.024119088657809
3295.898482561110000	 0.024145556049812
3296.131441175940000	 0.024173953363412
3296.364399790760000	 0.024202199003530
3296.597358405590000	 0.024228648175615
3296.830317020420000	 0.024250399617450
3297.063275635240000	 0.024262758468785
3297.296234250070000	 0.024260437828861
3297.529192864890000	 0.024240010119817
3297.762151479720000	 0.024202288804726
3297.995110094550000	 0.024153192001786
3298.228068709370000	 0.024102326090367
3298.461027324200000	 0.024059717146090
3298.693985939030000	 0.024032161052630
3298.926944553850000	 0.024020925062610
3299.159903168680000	 0.024021843736923
3299.392861783500000	 0.024027632968061
3299.625820398330000	 0.024031189463483
3299.858779013160000	 0.024028273084111
3300.091737627980000	 0.024018418869610
3300.324696242810000	 0.024003928947106
3300.557654857640000	 0.023987802321151
3300.790613472460000	 0.023971907640525
3301.023572087290000	 0.023956364037832
3301.256530702110000	 0.023940237212427
3301.489489316940000	 0.023922842553363
3301.722447931770000	 0.023904653086386
3301.955406546590000	 0.023887175699733
3302.188365161420000	 0.023871929560814
3302.421323776250000	 0.023859327211692
3302.654282391070000	 0.023848366152805
3302.887241005900000	 0.023837501388490
3303.120199620720000	 0.023826237788288
3303.353158235550000	 0.023816395941491
3303.586116850380000	 0.023812059944212
3303.819075465200000	 0.023817937771074
3304.052034080030000	 0.023836872352706
3304.284992694850000	 0.023867911999314
3304.517951309680000	 0.023906203127813
3304.750909924510000	 0.023945028580235
3304.983868539330000	 0.023979107718234
3305.216827154160000	 0.024007479022557
3305.449785768990000	 0.024034354285804
3305.682744383810000	 0.024067292192125
3305.915702998640000	 0.024113446307857
3306.148661613460000	 0.024175735933743
3306.381620228290000	 0.024250905509374
3306.614578843120000	 0.024330484793942
3306.847537457940000	 0.024404185202768
3307.080496072770000	 0.024464063177775
3307.313454687600000	 0.024507433661197
3307.546413302420000	 0.024537178007783
3307.779371917250000	 0.024559442518584
3308.012330532070000	 0.024580065295054
3308.245289146900000	 0.024601649260234
3308.478247761730000	 0.024622704389382
3308.711206376550000	 0.024639059132846
3308.944164991380000	 0.024646525680582
3309.177123606210000	 0.024643241735470
3309.410082221030000	 0.024630449042875
3309.643040835860000	 0.024611479314874
3309.875999450680000	 0.024589802032459
3310.108958065510000	 0.024567481905143
3310.341916680340000	 0.024544998657418
3310.574875295160000	 0.024522385241335
3310.807833909990000	 0.024500704870604
3311.040792524820000	 0.024482607829489
3311.273751139640000	 0.024471272291631
3311.506709754470000	 0.024468118285315
3311.739668369290000	 0.024470624170383
3311.972626984120000	 0.024471753091895
3312.205585598950000	 0.024461753829153
3312.438544213770000	 0.024431835077677
3312.671502828600000	 0.024378111372574
3312.904461443420000	 0.024303883669838
3313.137420058250000	 0.024218992312065
3313.370378673080000	 0.024136394789892
3313.603337287900000	 0.024067531636242
3313.836295902730000	 0.024018628312767
3314.069254517560000	 0.023989506712511
3314.302213132380000	 0.023975134260935
3314.535171747210000	 0.023968807094995
3314.768130362030000	 0.023965219256647
3315.001088976860000	 0.023961971432186
3315.234047591690000	 0.023959103377036
3315.467006206510000	 0.023957394847382
3315.699964821340000	 0.023956789090936
3315.932923436160000	 0.023956015403019
3316.165882050990000	 0.023953557434064
3316.398840665820000	 0.023949148823597
3316.631799280640000	 0.023944573454883
3316.864757895470000	 0.023942957057109
3317.097716510300000	 0.023946734246887
3317.330675125120000	 0.023955446193509
3317.563633739950000	 0.023964823467530
3317.796592354770000	 0.023968002794916
3318.029550969600000	 0.023958550582815
3318.262509584430000	 0.023933877733311
3318.495468199250000	 0.023897231342257
3318.728426814080000	 0.023857015767719
3318.961385428910000	 0.023823519359810
3319.194344043730000	 0.023804517125360
3319.427302658560000	 0.023801867799098
3319.660261273380000	 0.023810739648259
3319.893219888210000	 0.023821790347713
3320.126178503040000	 0.023825220421519
3320.359137117860000	 0.023814795377492
3320.592095732690000	 0.023790041343780
3320.825054347520000	 0.023755796658067
3321.058012962340000	 0.023719647953063
3321.290971577170000	 0.023688753538857
3321.523930191990000	 0.023667630449155
3321.756888806820000	 0.023657703347401
3321.989847421650000	 0.023658330183350
3322.222806036470000	 0.023668265865736
3322.455764651300000	 0.023686467688749
3322.688723266120000	 0.023711747613877
3322.921681880950000	 0.023741643378721
3323.154640495780000	 0.023771477827053
3323.387599110600000	 0.023794549127419
3323.620557725430000	 0.023803778384745
3323.853516340260000	 0.023794295746911
3324.086474955080000	 0.023765827491027
3324.319433569910000	 0.023723694975448
3324.552392184730000	 0.023677818391571
3324.785350799560000	 0.023640042645588
3325.018309414390000	 0.023620846762564
3325.251268029210000	 0.023626661072540
3325.484226644040000	 0.023658600786154
3325.717185258870000	 0.023712764290977
3325.950143873690000	 0.023781698118861
3326.183102488520000	 0.023856373367881
3326.416061103340000	 0.023928048299017
3326.649019718170000	 0.023989613225850
3326.881978333000000	 0.024036289814404
3327.114936947820000	 0.024065756341313
3327.347895562650000	 0.024077837725976
3327.580854177480000	 0.024073888342791
3327.813812792300000	 0.024056011083209
3328.046771407130000	 0.024026339737709
3328.279730021950000	 0.023986683446079
3328.512688636780000	 0.023938753493321
3328.745647251610000	 0.023884910802421
3328.978605866430000	 0.023829006510298
3329.211564481260000	 0.023776672992931
3329.444523096080000	 0.023734556894065
3329.677481710910000	 0.023708491634820
3329.910440325740000	 0.023701268386238
3330.143398940560000	 0.023711089779314
3330.376357555390000	 0.023731641322290
3330.609316170220000	 0.023753985425212
3330.842274785040000	 0.023769557794801
3331.075233399870000	 0.023772946197374
3331.308192014690000	 0.023763182926730
3331.541150629520000	 0.023742976866402
3331.774109244350000	 0.023716340729531
3332.007067859170000	 0.023685924780475
3332.240026474000000	 0.023651550573726
3332.472985088830000	 0.023610782200689
3332.705943703650000	 0.023561225424026
3332.938902318480000	 0.023503260001114
3333.171860933300000	 0.023441627063649
3333.404819548130000	 0.023384860537111
3333.637778162960000	 0.023342689497807
3333.870736777780000	 0.023322647786248
3334.103695392610000	 0.023327559920784
3334.336654007430000	 0.023355047085104
3334.569612622260000	 0.023399049221758
3334.802571237090000	 0.023452316757456
3335.035529851910000	 0.023508486711725
3335.268488466740000	 0.023562843152214
3335.501447081570000	 0.023611821658501
3335.734405696390000	 0.023652155085610
3335.967364311220000	 0.023680742647847
3336.200322926040000	 0.023695715822358
3336.433281540870000	 0.023698154006840
3336.666240155700000	 0.023693146988876
3336.899198770520000	 0.023688955075630
3337.132157385350000	 0.023693971732071
3337.365116000180000	 0.023712595889590
3337.598074615000000	 0.023742141310417
3337.831033229830000	 0.023772792200101
3338.063991844650000	 0.023791235752814
3338.296950459480000	 0.023786658141013
3338.529909074310000	 0.023756356232187
3338.762867689130000	 0.023708095324690
3338.995826303960000	 0.023657694101693
3339.228784918790000	 0.023622605222625
3339.461743533610000	 0.023614378687926
3339.694702148440000	 0.023633635525751
3339.927660763260000	 0.023670010915374
3340.160619378090000	 0.023707065708444
3340.393577992920000	 0.023729766160396
3340.626536607740000	 0.023730980560485
3340.859495222570000	 0.023714000637854
3341.092453837400000	 0.023690067751839
3341.325412452220000	 0.023672351839467
3341.558371067050000	 0.023669542282320
3341.791329681870000	 0.023682217483579
3342.024288296700000	 0.023703500913038
3342.257246911530000	 0.023723212122647
3342.490205526350000	 0.023733062503322
3342.723164141180000	 0.023730199260790
3342.956122756000000	 0.023717555245170
3343.189081370830000	 0.023701325654546
3343.422039985660000	 0.023687411672348
3343.654998600480000	 0.023678983829139
3343.887957215310000	 0.023676319650922
3344.120915830140000	 0.023678487751919
3344.353874444960000	 0.023685310426733
3344.586833059790000	 0.023698003254319
3344.819791674610000	 0.023717927357242
3345.052750289440000	 0.023744317857196
3345.285708904270000	 0.023772729728321
3345.518667519090000	 0.023795655979159
3345.751626133920000	 0.023805465901915
3345.984584748750000	 0.023798280894430
3346.217543363570000	 0.023776578395136
3346.450501978400000	 0.023748735654993
3346.683460593220000	 0.023725287086323
3346.916419208050000	 0.023713581479529
3347.149377822880000	 0.023713646495373
3347.382336437700000	 0.023717622051632
3347.615295052530000	 0.023713301579279
3347.848253667350000	 0.023690153438249
3348.081212282180000	 0.023644852202651
3348.314170897010000	 0.023583513684503
3348.547129511830000	 0.023519454733285
3348.780088126660000	 0.023467608474398
3349.013046741490000	 0.023438464763130
3349.246005356310000	 0.023434548783082
3349.478963971140000	 0.023450940343793
3349.711922585960000	 0.023479127937153
3349.944881200790000	 0.023511843976752
3350.177839815620000	 0.023546247882527
3350.410798430440000	 0.023583959509674
3350.643757045270000	 0.023628332399620
3350.876715660090000	 0.023680909638291
3351.109674274920000	 0.023739309846137
3351.342632889750000	 0.023797718696671
3351.575591504570000	 0.023849455411747
3351.808550119400000	 0.023889812954111
3352.041508734230000	 0.023917267965586
3352.274467349050000	 0.023932266744294
3352.507425963880000	 0.023934461031133
3352.740384578700000	 0.023920448426763
3352.973343193530000	 0.023883958729812
3353.206301808360000	 0.023819015344571
3353.439260423180000	 0.023724701249438
3353.672219038010000	 0.023608870974092
3353.905177652840000	 0.023488272542233
3354.138136267660000	 0.023384189037396
3354.371094882490000	 0.023315125452293
3354.604053497310000	 0.023289875018477
3354.837012112140000	 0.023304335337016
3355.069970726970000	 0.023343637296361
3355.302929341790000	 0.023388559630458
3355.535887956620000	 0.023423210484083
3355.768846571450000	 0.023440476354184
3356.001805186270000	 0.023442937990802
3356.234763801100000	 0.023439260540430
3356.467722415920000	 0.023438309595120
3356.700681030750000	 0.023444194448429
3356.933639645580000	 0.023454611243153
3357.166598260400000	 0.023462857365341
3357.399556875230000	 0.023461924139046
3357.632515490060000	 0.023448174871039
3357.865474104880000	 0.023422650015089
3358.098432719710000	 0.023389625946153
3358.331391334530000	 0.023353727799688
3358.564349949360000	 0.023317639186313
3358.797308564190000	 0.023281850243247
3359.030267179010000	 0.023246409577540
3359.263225793840000	 0.023213270253771
3359.496184408660000	 0.023187384765599
3359.729143023490000	 0.023175466871587
3359.962101638320000	 0.023182848660504
3360.195060253140000	 0.023210178661430
3360.428018867970000	 0.023251972314408
3360.660977482800000	 0.023298058548359
3360.893936097620000	 0.023337363827038
3361.126894712450000	 0.023362166204063
3361.359853327270000	 0.023370652982608
3361.592811942100000	 0.023366514695464
3361.825770556930000	 0.023355953572482
3362.058729171750000	 0.023343931847608
3362.291687786580000	 0.023331835540804
3362.524646401410000	 0.023317771784194
3362.757605016230000	 0.023299077155803
3362.990563631060000	 0.023275283566824
3363.223522245880000	 0.023249525394172
3363.456480860710000	 0.023227342883768
3363.689439475540000	 0.023213513912924
3363.922398090360000	 0.023208911111616
3364.155356705190000	 0.023209531363305
3364.388315320020000	 0.023208643463457
3364.621273934840000	 0.023201164589026
3364.854232549670000	 0.023187954114198
3365.087191164490000	 0.023177490488173
3365.320149779320000	 0.023183573007843
3365.553108394150000	 0.023219742157652
3365.786067008970000	 0.023292929501673
3366.019025623800000	 0.023399354070178
3366.251984238620000	 0.023524601684027
3366.484942853450000	 0.023647843622467
3366.717901468280000	 0.023748338908963
3366.950860083100000	 0.023811521500471
3367.183818697930000	 0.023832393737282
3367.416777312760000	 0.023815387875175
3367.649735927580000	 0.023771557052080
3367.882694542410000	 0.023714951068718
3368.115653157230000	 0.023659798950878
3368.348611772060000	 0.023618989634025
3368.581570386890000	 0.023603215977895
3368.814529001710000	 0.023619812411503
3369.047487616540000	 0.023670935514814
3369.280446231370000	 0.023751789174098
3369.513404846190000	 0.023850245869612
3369.746363461020000	 0.023948905707578
3369.979322075840000	 0.024029483093004
3370.212280690670000	 0.024078084240525
3370.445239305500000	 0.024089190434026
3370.678197920320000	 0.024066464824862
3370.911156535150000	 0.024019863874802
3371.144115149970000	 0.023960388650030
3371.377073764800000	 0.023895133730581
3371.610032379630000	 0.023825203201415
3371.842990994450000	 0.023747518518859
3372.075949609280000	 0.023659406595805
3372.308908224110000	 0.023563299632208
3372.541866838930000	 0.023468719028709
3372.774825453760000	 0.023390088015295
3373.007784068580000	 0.023341178281813
3373.240742683410000	 0.023328916186554
3373.473701298240000	 0.023349714756374
3373.706659913060000	 0.023390214472014
3373.939618527890000	 0.023432110065665
3374.172577142720000	 0.023458817228887
3374.405535757540000	 0.023460980374316
3374.638494372370000	 0.023438521375085
3374.871452987190000	 0.023398720408940
3375.104411602020000	 0.023351778140916
3375.337370216850000	 0.023306351415267
3375.570328831670000	 0.023267148392028
3375.803287446500000	 0.023235206897132
3376.036246061330000	 0.023209934494829
3376.269204676150000	 0.023191224240521
3376.502163290980000	 0.023180282400062
3376.735121905800000	 0.023178891982988
3376.968080520630000	 0.023187948285295
3377.201039135460000	 0.023206521272540
3377.433997750280000	 0.023232203960114
3377.666956365110000	 0.023262503869175
3377.899914979930000	 0.023296234071241
3378.132873594760000	 0.023333794971327
3378.365832209590000	 0.023375968202110
3378.598790824410000	 0.023421917185811
3378.831749439240000	 0.023467780845318
3379.064708054070000	 0.023507037954976
3379.297666668890000	 0.023532788061956
3379.530625283720000	 0.023540867574274
3379.763583898540000	 0.023532046417765
3379.996542513370000	 0.023511881465312
3380.229501128200000	 0.023488055272933
3380.462459743020000	 0.023466548097488
3380.695418357850000	 0.023448826590837
3380.928376972670000	 0.023431757794022
3381.161335587500000	 0.023410387389099
3381.394294202330000	 0.023381992478008
3381.627252817150000	 0.023348953314009
3381.860211431980000	 0.023318520251377
3382.093170046810000	 0.023299281509170
3382.326128661630000	 0.023296155912867
3382.559087276460000	 0.023306822940528
3382.792045891280000	 0.023321899838671
3383.025004506110000	 0.023329168151106
3383.257963120940000	 0.023319876734442
3383.490921735760000	 0.023293840859458
3383.723880350590000	 0.023260436093042
3383.956838965420000	 0.023234584199059
3384.189797580240000	 0.023229514069864
3384.422756195070000	 0.023249955166428
3384.655714809890000	 0.023289310576044
3384.888673424720000	 0.023332297695499
3385.121632039550000	 0.023361741832435
3385.354590654370000	 0.023366150832597
3385.587549269200000	 0.023344359266550
3385.820507884030000	 0.023305067461429
3386.053466498850000	 0.023261789218541
3386.286425113680000	 0.023226121740884
3386.519383728500000	 0.023202957381377
3386.752342343330000	 0.023189900418293
3386.985300958160000	 0.023180662333405
3387.218259572980000	 0.023170072589930
3387.451218187810000	 0.023157667023015
3387.684176802640000	 0.023147869124896
3387.917135417460000	 0.023146928556214
3388.150094032290000	 0.023158750820048
3388.383052647110000	 0.023182326197648
3388.616011261940000	 0.023212326049929
3388.848969876770000	 0.023242371176031
3389.081928491590000	 0.023268781506849
3389.314887106420000	 0.023292280005821
3389.547845721240000	 0.023316368944201
3389.780804336070000	 0.023343255596061
3390.013762950900000	 0.023369975517103
3390.246721565720000	 0.023387563015881
3390.479680180550000	 0.023384521003812
3390.712638795380000	 0.023353329379182
3390.945597410200000	 0.023296694773634
3391.178556025030000	 0.023229845804888
3391.411514639850000	 0.023176834606958
3391.644473254680000	 0.023161852835267
3391.877431869510000	 0.023199361523839
3392.110390484330000	 0.023287677736404
3392.343349099160000	 0.023409052789527
3392.576307713990000	 0.023536202748936
3392.809266328810000	 0.023642335195838
3393.042224943640000	 0.023710253211858
3393.275183558460000	 0.023736700693433
3393.508142173290000	 0.023730511466672
3393.741100788120000	 0.023706190130851
3393.974059402940000	 0.023676627777189
3394.207018017770000	 0.023648614025943
3394.439976632600000	 0.023622838587570
3394.672935247420000	 0.023597447769785
3394.905893862250000	 0.023572387896895
3395.138852477070000	 0.023551625761575
3395.371811091900000	 0.023541863114757
3395.604769706730000	 0.023548608493646
3395.837728321550000	 0.023572074704158
3396.070686936380000	 0.023605444272288
3396.303645551200000	 0.023636694666402
3396.536604166030000	 0.023653251938775
3396.769562780860000	 0.023647246102693
3397.002521395680000	 0.023618804242285
3397.235480010510000	 0.023575831286875
3397.468438625340000	 0.023530555371649
3397.701397240160000	 0.023494684535579
3397.934355854990000	 0.023475448339310
3398.167314469810000	 0.023474006403112
3398.400273084640000	 0.023486348725290
3398.633231699470000	 0.023505693510781
3398.866190314290000	 0.023525003818141
3399.099148929120000	 0.023538644591773
3399.332107543950000	 0.023543024293610
3399.565066158770000	 0.023536727943161
3399.798024773600000	 0.023520718051900
3400.030983388420000	 0.023498682637301
3400.263942003250000	 0.023476998245141
3400.496900618080000	 0.023463595434514
3400.729859232900000	 0.023465514905096
3400.962817847730000	 0.023485866224046
3401.195776462550000	 0.023521606331775
3401.428735077380000	 0.023563479762914
3401.661693692210000	 0.023598565441481
3401.894652307030000	 0.023614636666161
3402.127610921860000	 0.023604598679186
3402.360569536690000	 0.023569094976552
3402.593528151510000	 0.023516130116515
3402.826486766340000	 0.023457963366816
3403.059445381160000	 0.023406848843474
3403.292403995990000	 0.023371630718619
3403.525362610820000	 0.023356493078845
3403.758321225640000	 0.023361823199336
3403.991279840470000	 0.023386026773310
3404.224238455300000	 0.023426843522981
3404.457197070120000	 0.023481332627147
3404.690155684950000	 0.023544805736252
3404.923114299770000	 0.023609877385437
3405.156072914600000	 0.023666896061959
3405.389031529430000	 0.023706235275101
3405.621990144250000	 0.023721728448583
3405.854948759080000	 0.023713620702064
3406.087907373910000	 0.023689341520410
3406.320865988730000	 0.023661328919998
3406.553824603560000	 0.023642647345719
3406.786783218380000	 0.023642369073050
3407.019741833210000	 0.023662842510258
3407.252700448040000	 0.023699949550761
3407.485659062860000	 0.023745904901427
3407.718617677690000	 0.023792947665428
3407.951576292510000	 0.023835996526481
3408.184534907340000	 0.023873071642974
3408.417493522170000	 0.023903629537832
3408.650452136990000	 0.023926160992201
3408.883410751820000	 0.023936756507670
3409.116369366650000	 0.023929666712016
3409.349327981470000	 0.023899639017430
3409.582286596300000	 0.023844746298067
3409.815245211120000	 0.023768121065247
3410.048203825950000	 0.023677626984182
3410.281162440780000	 0.023583684928143
3410.514121055600000	 0.023496485658896
3410.747079670430000	 0.023423997765970
3410.980038285260000	 0.023371440006437
3411.212996900080000	 0.023341811151304
3411.445955514910000	 0.023336426034121
3411.678914129730000	 0.023354610436155
3411.911872744560000	 0.023392596772417
3412.144831359390000	 0.023442610382950
3412.377789974210000	 0.023493435279180
3412.610748589040000	 0.023533096884235
3412.843707203870000	 0.023553032884597
3413.076665818690000	 0.023551978989144
3413.309624433520000	 0.023537466844947
3413.542583048340000	 0.023523645131373
3413.775541663170000	 0.023525866678254
3414.008500278000000	 0.023554286690602
3414.241458892820000	 0.023609468135707
3414.474417507650000	 0.023682096795788
3414.707376122470000	 0.023756850520186
3414.940334737300000	 0.023818440503086
3415.173293352130000	 0.023856899818059
3415.406251966950000	 0.023869734765038
3415.639210581780000	 0.023860296165585
3415.872169196610000	 0.023833812116110
3416.105127811430000	 0.023793785978198
3416.338086426260000	 0.023741090038776
3416.571045041080000	 0.023676259870500
3416.804003655910000	 0.023603329696063
3417.036962270740000	 0.023532345463668
3417.269920885560000	 0.023478204712792
3417.502879500390000	 0.023455540709226
3417.735838115220000	 0.023471890682797
3417.968796730040000	 0.023522807410564
3418.201755344870000	 0.023591899973835
3418.434713959690000	 0.023656370226122
3418.667672574520000	 0.023695828324432
3418.900631189350000	 0.023700449901150
3419.133589804170000	 0.023674680401383
3419.366548419000000	 0.023634715304251
3419.599507033820000	 0.023601031755559
3419.832465648650000	 0.023589720494272
3420.065424263480000	 0.023606791056597
3420.298382878300000	 0.023647771499408
3420.531341493130000	 0.023702004337853
3420.764300107960000	 0.023758734081695
3420.997258722780000	 0.023811503738917
3421.230217337610000	 0.023858694304562
3421.463175952430000	 0.023900506602623
3421.696134567260000	 0.023934898165847
3421.929093182090000	 0.023955596540245
3422.162051796910000	 0.023953927803304
3422.395010411740000	 0.023923699849775
3422.627969026570000	 0.023866276234564
3422.860927641390000	 0.023792511426146
3423.093886256220000	 0.023719756571009
3423.326844871040000	 0.023664926402605
3423.559803485870000	 0.023637029736205
3423.792762100700000	 0.023633104111413
3424.025720715520000	 0.023639822672176
3424.258679330350000	 0.023640146527908
3424.491637945180000	 0.023621812302328
3424.724596560000000	 0.023583428523186
3424.957555174830000	 0.023535062967402
3425.190513789650000	 0.023493010290780
3425.423472404480000	 0.023471481626001
3425.656431019310000	 0.023475504843439
3425.889389634130000	 0.023498539888462
3426.122348248960000	 0.023525811969451
3426.355306863780000	 0.023541561781916
3426.588265478610000	 0.023536613170102
3426.821224093440000	 0.023512626672801
3427.054182708260000	 0.023481162766028
3427.287141323090000	 0.023458327401744
3427.520099937920000	 0.023457831383706
3427.753058552740000	 0.023485674924770
3427.986017167570000	 0.023538431093516
3428.218975782390000	 0.023605204799264
3428.451934397220000	 0.023671815586228
3428.684893012050000	 0.023725174264326
3428.917851626870000	 0.023756267887223
3429.150810241700000	 0.023761251855449
3429.383768856530000	 0.023741174878481
3429.616727471350000	 0.023701217447892
3429.849686086180000	 0.023649916257436
3430.082644701000000	 0.023598159484459
3430.315603315830000	 0.023557428365569
3430.548561930660000	 0.023537150880148
3430.781520545480000	 0.023541856669815
3431.014479160310000	 0.023569410800542
3431.247437775140000	 0.023611419301222
3431.480396389960000	 0.023655965573406
3431.713355004790000	 0.023691684510368
3431.946313619610000	 0.023711445469721
3432.179272234440000	 0.023714007145307
3432.412230849270000	 0.023702966809993
3432.645189464090000	 0.023683732771208
3432.878148078920000	 0.023660310851882
3433.111106693740000	 0.023633718616930
3433.344065308570000	 0.023602779304537
3433.577023923400000	 0.023566565362306
3433.809982538220000	 0.023526750557703
3434.042941153050000	 0.023488175261945
3434.275899767880000	 0.023457037902922
3434.508858382700000	 0.023437683561578
3434.741816997530000	 0.023429994669374
3434.974775612350000	 0.023429179384655
3435.207734227180000	 0.023428387818175
3435.440692842010000	 0.023422893132915
3435.673651456830000	 0.023413534770862
3435.906610071660000	 0.023407331960975
3436.139568686490000	 0.023414604449594
3436.372527301310000	 0.023443872418302
3436.605485916140000	 0.023497127420476
3436.838444530960000	 0.023567937211658
3437.071403145790000	 0.023643353561247
3437.304361760620000	 0.023708638754011
3437.537320375440000	 0.023752461946177
3437.770278990270000	 0.023770083152997
3438.003237605090000	 0.023763202022044
3438.236196219920000	 0.023737036058835
3438.469154834750000	 0.023696744178115
3438.702113449570000	 0.023645541324873
3438.935072064400000	 0.023585595073719
3439.168030679230000	 0.023520866415312
3439.400989294050000	 0.023459647429848
3439.633947908880000	 0.023414506863280
3439.866906523700000	 0.023398775629372
3440.099865138530000	 0.023420841043748
3440.332823753360000	 0.023479095772398
3440.565782368180000	 0.023560387349989
3440.798740983010000	 0.023643211100074
3441.031699597840000	 0.023704608708128
3441.264658212660000	 0.023727949512564
3441.497616827490000	 0.023708301824536
3441.730575442310000	 0.023653195543554
3441.963534057140000	 0.023578781608304
3442.196492671970000	 0.023503565678464
3442.429451286790000	 0.023442776060681
3442.662409901620000	 0.023405566693886
3442.895368516450000	 0.023395347022353
3443.128327131270000	 0.023411813911901
3443.361285746100000	 0.023452672401252
3443.594244360920000	 0.023513761982707
3443.827202975750000	 0.023587802144628
3444.060161590580000	 0.023663248084443
3444.293120205400000	 0.023724957321796
3444.526078820230000	 0.023757364230800
3444.759037435050000	 0.023749268574158
3444.991996049880000	 0.023698115571171
3445.224954664710000	 0.023611522201600
3445.457913279530000	 0.023504977702499
3445.690871894360000	 0.023396580516535
3445.923830509190000	 0.023301269460550
3446.156789124010000	 0.023227256378370
3446.389747738840000	 0.023176096083204
3446.622706353660000	 0.023145811108612
3446.855664968490000	 0.023134874914526
3447.088623583320000	 0.023144503510576
3447.321582198140000	 0.023177793705719
3447.554540812970000	 0.023236189047382
3447.787499427800000	 0.023315441197073
3448.020458042620000	 0.023403676280928
3448.253416657450000	 0.023483140563140
3448.486375272270000	 0.023535280992606
3448.719333887100000	 0.023547004562504
3448.952292501930000	 0.023515196412689
3449.185251116750000	 0.023447373764782
3449.418209731580000	 0.023358379857044
3449.651168346410000	 0.023265059403168
3449.884126961230000	 0.023181601535288
3450.117085576060000	 0.023117356631964
3450.350044190880000	 0.023077232018190
3450.583002805710000	 0.023063387204231
3450.815961420540000	 0.023076576114560
3451.048920035360000	 0.023116153989428
3451.281878650190000	 0.023178973456240
3451.514837265010000	 0.023258353319770
3451.747795879840000	 0.023344394669974
3451.980754494670000	 0.023426101273717
3452.213713109490000	 0.023494572774441
3452.446671724320000	 0.023545703321834
3452.679630339150000	 0.023580850659238
3452.912588953970000	 0.023604922142785
3453.145547568800000	 0.023622781218890
3453.378506183620000	 0.023635927658123
3453.611464798450000	 0.023641319943955
3453.844423413280000	 0.023633000429537
3454.077382028100000	 0.023605594244820
3454.310340642930000	 0.023557699049664
3454.543299257760000	 0.023493240486927
3454.776257872580000	 0.023420039929872
3455.009216487410000	 0.023346504300543
3455.242175102230000	 0.023278485335788
3455.475133717060000	 0.023218197517030
3455.708092331890000	 0.023165717131685
3455.941050946710000	 0.023121896648060
3456.174009561540000	 0.023090561032356
3456.406968176360000	 0.023078196982635
3456.639926791190000	 0.023090868128242
3456.872885406020000	 0.023129937586206
3457.105844020840000	 0.023189184057930
3457.338802635670000	 0.023255347856636
3457.571761250500000	 0.023312332229052
3457.804719865320000	 0.023347259519435
3458.037678480150000	 0.023355426187178
3458.270637094970000	 0.023341545871605
3458.503595709800000	 0.023316481770162
3458.736554324630000	 0.023291113011839
3458.969512939450000	 0.023270649740967
3459.202471554280000	 0.023252517502613
3459.435430169110000	 0.023228956781818
3459.668388783930000	 0.023192890791363
3459.901347398760000	 0.023143789742607
3460.134306013580000	 0.023090118153074
3460.367264628410000	 0.023046653337292
3460.600223243240000	 0.023027737403073
3460.833181858060000	 0.023039831990649
3461.066140472890000	 0.023077192525603
3461.299099087720000	 0.023122876589069
3461.532057702540000	 0.023154699185458
3461.765016317370000	 0.023153511369542
3461.997974932190000	 0.023110231783026
3462.230933547020000	 0.023028747697271
3462.463892161850000	 0.022923837340516
3462.696850776670000	 0.022815622817019
3462.929809391500000	 0.022723395873311
3463.162768006320000	 0.022661278051329
3463.395726621150000	 0.022636594833080
3463.628685235980000	 0.022650256931663
3463.861643850800000	 0.022697783374733
3464.094602465630000	 0.022770035223217
3464.327561080460000	 0.022853736987485
3464.560519695280000	 0.022932644465002
3464.793478310110000	 0.022990191198169
3465.026436924930000	 0.023013592181659
3465.259395539760000	 0.022998206802092
3465.492354154590000	 0.022950176577280
3465.725312769410000	 0.022885556311147
3465.958271384240000	 0.022825520869316
3466.191229999070000	 0.022789202633619
3466.424188613890000	 0.022787138696060
3466.657147228720000	 0.022818197278066
3466.890105843540000	 0.022871216775899
3467.123064458370000	 0.022930388353383
3467.356023073200000	 0.022981781211998
3467.588981688020000	 0.023018045431425
3467.821940302850000	 0.023039357946634
3468.054898917680000	 0.023050644670854
3468.287857532500000	 0.023057009788861
3468.520816147330000	 0.023060051800043
3468.753774762150000	 0.023056961705785
3468.986733376980000	 0.023042573443882
3469.219691991810000	 0.023012926515770
3469.452650606630000	 0.022968230625362
3469.685609221460000	 0.022913644351609
3469.918567836280000	 0.022857631669448
3470.151526451110000	 0.022809017551198
3470.384485065940000	 0.022774400181063
3470.617443680760000	 0.022757041696419
3470.850402295590000	 0.022757239031711
3471.083360910420000	 0.022773273463836
3471.316319525240000	 0.022801900930368
3471.549278140070000	 0.022837987121790
3471.782236754890000	 0.022873834045742
3472.015195369720000	 0.022899313771744
3472.248153984550000	 0.022903678737863
3472.481112599370000	 0.022878946325573
3472.714071214200000	 0.022823611075711
3472.947029829030000	 0.022744805827960
3473.179988443850000	 0.022657393219845
3473.412947058680000	 0.022579816486229
3473.645905673500000	 0.022528226658386
3473.878864288330000	 0.022511406171060
3474.111822903160000	 0.022528649844529
3474.344781517980000	 0.022571274939147
3474.577740132810000	 0.022626728632027
3474.810698747630000	 0.022683231809135
3475.043657362460000	 0.022732941387499
3475.276615977290000	 0.022772608256474
3475.509574592110000	 0.022802114938842
3475.742533206940000	 0.022822321495333
3475.975491821770000	 0.022833734376969
3476.208450436590000	 0.022836656257824
3476.441409051420000	 0.022832301719009
3476.674367666240000	 0.022823656970697
3476.907326281070000	 0.022815065048435
3477.140284895900000	 0.022810488931754
3477.373243510720000	 0.022811479328671
3477.606202125550000	 0.022816267930866
3477.839160740380000	 0.022820791983661
3478.072119355200000	 0.022821220315806
3478.305077970030000	 0.022816492816714
3478.538036584850000	 0.022809177378913
3478.770995199680000	 0.022803796682058
3479.003953814510000	 0.022803306446341
3479.236912429330000	 0.022805743953284
3479.469871044160000	 0.022803291171612
3479.702829658990000	 0.022784829085015
3479.935788273810000	 0.022741132951583
3480.168746888640000	 0.022670267412623
3480.401705503460000	 0.022580356177025
3480.634664118290000	 0.022487999904829
3480.867622733120000	 0.022412765400859
3481.100581347940000	 0.022370266934318
3481.333539962770000	 0.022367130460513
3481.566498577590000	 0.022400040424120
3481.799457192420000	 0.022458812022872
3482.032415807250000	 0.022531393545495
3482.265374422070000	 0.022607978112902
3482.498333036900000	 0.022682268367941
3482.731291651730000	 0.022749857607582
3482.964250266550000	 0.022805563506168
3483.197208881380000	 0.022842214833358
3483.430167496200000	 0.022852373414962
3483.663126111030000	 0.022832380053605
3483.896084725860000	 0.022786243303183
3484.129043340680000	 0.022726442260600
3484.362001955510000	 0.022670148967634
3484.594960570340000	 0.022632064374987
3484.827919185160000	 0.022617411310946
3485.060877799990000	 0.022619019191333
3485.293836414810000	 0.022620482472072
3485.526795029640000	 0.022604225758542
3485.759753644470000	 0.022560683600717
3485.992712259290000	 0.022493957584944
3486.225670874120000	 0.022420725604556
3486.458629488950000	 0.022362449827956
3486.691588103770000	 0.022334564957374
3486.924546718600000	 0.022338191489980
3487.157505333420000	 0.022358729019095
3487.390463948250000	 0.022372137914291
3487.623422563080000	 0.022355879676421
3487.856381177900000	 0.022299270746470
3488.089339792730000	 0.022208337848626
3488.322298407550000	 0.022103004597505
3488.555257022380000	 0.022008329653233
3488.788215637210000	 0.021944454997319
3489.021174252030000	 0.021920191921866
3489.254132866860000	 0.021932759318840
3489.487091481690000	 0.021972718803566
3489.720050096510000	 0.022030590495075
3489.953008711340000	 0.022101188119705
3490.185967326160000	 0.022183475696339
3490.418925940990000	 0.022276688147377
3490.651884555820000	 0.022375800312876
3490.884843170640000	 0.022469734250929
3491.117801785470000	 0.022543900734393
3491.350760400300000	 0.022585995003889
3491.583719015120000	 0.022591922357365
3491.816677629950000	 0.022568366211591
3492.049636244770000	 0.022530130616322
3492.282594859600000	 0.022493290945850
3492.515553474430000	 0.022467712746495
3492.748512089250000	 0.022452994895004
3492.981470704080000	 0.022440013000819
3493.214429318900000	 0.022417179776286
3493.447387933730000	 0.022378037236688
3493.680346548560000	 0.022326091793799
3493.913305163380000	 0.022274237873576
3494.146263778210000	 0.022239005714993
3494.379222393040000	 0.022232646047991
3494.612181007860000	 0.022257116248991
3494.845139622690000	 0.022302849131680
3495.078098237510000	 0.022352640887576
3495.311056852340000	 0.022388540653738
3495.544015467170000	 0.022398396214429
3495.776974081990000	 0.022379182757811
3496.009932696820000	 0.022336126193911
3496.242891311650000	 0.022278874147096
3496.475849926470000	 0.022217243526376
3496.708808541300000	 0.022158716324772
3496.941767156120000	 0.022108318479413
3497.174725770950000	 0.022069916219227
3497.407684385780000	 0.022047263063923
3497.640643000600000	 0.022043632699032
3497.873601615430000	 0.022060137255231
3498.106560230260000	 0.022093948060703
3498.339518845080000	 0.022137834832274
3498.572477459910000	 0.022181637422429
3498.805436074730000	 0.022215083372560
3499.038394689560000	 0.022230550093740
3499.271353304390000	 0.022224431326543
3499.504311919210000	 0.022196679583041
3499.737270534040000	 0.022149309297616
3499.970229148860000	 0.022085333985018
3500.203187763690000	 0.022009221022805
3500.436146378520000	 0.021928655470791
3500.669104993340000	 0.021856041946455
3500.902063608170000	 0.021807712149352
3501.135022223000000	 0.021799775905342
3501.367980837820000	 0.021841623184767
3501.600939452650000	 0.021930038677384
3501.833898067470000	 0.022047339138223
3502.066856682300000	 0.022165404021117
3502.299815297130000	 0.022254743115911
3502.532773911950000	 0.022295215554677
3502.765732526780000	 0.022283818726915
3502.998691141610000	 0.022235753619490
3503.231649756430000	 0.022177763655453
3503.464608371260000	 0.022136471868900
3503.697566986080000	 0.022127061190905
3503.930525600910000	 0.022147487270270
3504.163484215740000	 0.022180598004205
3504.396442830560000	 0.022202752458870
3504.629401445390000	 0.022194667025133
3504.862360060220000	 0.022149430378466
3505.095318675040000	 0.022074235764315
3505.328277289870000	 0.021985683703924
3505.561235904690000	 0.021901748115526
3505.794194519520000	 0.021834782568773
3506.027153134350000	 0.021788703224466
3506.260111749170000	 0.021760812813219
3506.493070364000000	 0.021746302664893
3506.726028978820000	 0.021742430757552
3506.958987593650000	 0.021750014266745
3507.191946208480000	 0.021771715880307
3507.424904823300000	 0.021808567686869
3507.657863438130000	 0.021857122929632
3507.890822052960000	 0.021909101851931
3508.123780667780000	 0.021953882960335
3508.356739282610000	 0.021982615662313
3508.589697897430000	 0.021991887292598
3508.822656512260000	 0.021985150570166
3509.055615127090000	 0.021971348095780
3509.288573741910000	 0.021961626212096
3509.521532356740000	 0.021965796089107
3509.754490971570000	 0.021989882291907
3509.987449586390000	 0.022035125061686
3510.220408201220000	 0.022097976473246
3510.453366816040000	 0.022170474551802
3510.686325430870000	 0.022240838397723
3510.919284045700000	 0.022294705037214
3511.152242660520000	 0.022317564780847
3511.385201275350000	 0.022298426145782
3511.618159890170000	 0.022233828737245
3511.851118505000000	 0.022130586513448
3512.084077119830000	 0.022005604695857
3512.317035734650000	 0.021882014247972
3512.549994349480000	 0.021782489735925
3512.782952964310000	 0.021722188176553
3513.015911579130000	 0.021704267805500
3513.248870193960000	 0.021719924560908
3513.481828808780000	 0.021752809071365
3513.714787423610000	 0.021785688714146
3513.947746038440000	 0.021806306630491
3514.180704653260000	 0.021809972865129
3514.413663268090000	 0.021798223651558
3514.646621882920000	 0.021774998291298
3514.879580497740000	 0.021743015492220
3515.112539112570000	 0.021702629854383
3515.345497727390000	 0.021653685871869
3515.578456342220000	 0.021598866789061
3515.811414957050000	 0.021545948886311
3516.044373571870000	 0.021506858087751
3516.277332186700000	 0.021493287170024
3516.510290801530000	 0.021510843012726
3516.743249416350000	 0.021554888527807
3516.976208031180000	 0.021610628823663
3517.209166646000000	 0.021657923073489
3517.442125260830000	 0.021678942682994
3517.675083875660000	 0.021665304343071
3517.908042490480000	 0.021621377020707
3518.141001105310000	 0.021562167908983
3518.373959720130000	 0.021506811847382
3518.606918334960000	 0.021470819235989
3518.839876949790000	 0.021460632831188
3519.072835564610000	 0.021472579414159
3519.305794179440000	 0.021496000324033
3519.538752794270000	 0.021518493857087
3519.771711409090000	 0.021530587298509
3520.004670023920000	 0.021527886996234
3520.237628638740000	 0.021510355769499
3520.470587253570000	 0.021479935536490
3520.703545868400000	 0.021438380373060
3520.936504483220000	 0.021386611526199
3521.169463098050000	 0.021325659129384
3521.402421712880000	 0.021258181248183
3521.635380327700000	 0.021189283369140
3521.868338942530000	 0.021125976860422
3522.101297557350000	 0.021075632781833
3522.334256172180000	 0.021044472469545
3522.567214787010000	 0.021037008799243
3522.800173401830000	 0.021056544482957
3523.033132016660000	 0.021105961569220
3523.266090631490000	 0.021187727747403
3523.499049246310000	 0.021302541164216
3523.732007861140000	 0.021447055513120
3523.964966475960000	 0.021612005768948
3524.197925090790000	 0.021782148201836
3524.430883705620000	 0.021938594174549
3524.663842320440000	 0.022062848083279
3524.896800935270000	 0.022140921439356
3525.129759550100000	 0.022165835780083
3525.362718164920000	 0.022137710091401
3525.595676779750000	 0.022061988561085
3525.828635394570000	 0.021947374679066
3526.061594009400000	 0.021804981292404
3526.294552624230000	 0.021649033370067
3526.527511239050000	 0.021497907045040
3526.760469853880000	 0.021373420335531
3526.993428468700000	 0.021296862107882
3527.226387083530000	 0.021282209344528
3527.459345698360000	 0.021329302987972
3527.692304313180000	 0.021420840080016
3527.925262928010000	 0.021525873305001
3528.158221542840000	 0.021609541590280
3528.391180157660000	 0.021645583401777
3528.624138772490000	 0.021626398864387
3528.857097387310000	 0.021565914190864
3529.090056002140000	 0.021493347721728
3529.323014616970000	 0.021440224989673
3529.555973231790000	 0.021426518601756
3529.788931846620000	 0.021452386483399
3530.021890461440000	 0.021499164681772
3530.254849076270000	 0.021538747095592
3530.487807691100000	 0.021546681946078
3530.720766305920000	 0.021512834699754
3530.953724920750000	 0.021444789909773
3531.186683535580000	 0.021362786591534
3531.419642150400000	 0.021289249394393
3531.652600765230000	 0.021238527415505
3531.885559380050000	 0.021211815623237
3532.118517994880000	 0.021199055360654
3532.351476609710000	 0.021185963173624
3532.584435224530000	 0.021162079027730
3532.817393839360000	 0.021125676672362
3533.050352454190000	 0.021083389522537
3533.283311069010000	 0.021045431047377
3533.516269683840000	 0.021019622335953
3533.749228298660000	 0.021007695317693
3533.982186913490000	 0.021005541768644
3534.215145528320000	 0.021006576452153
3534.448104143140000	 0.021005719411478
3534.681062757970000	 0.021001476917027
3534.914021372800000	 0.020995067609530
3535.146979987620000	 0.020987576465738
3535.379938602450000	 0.020977439885756
3535.612897217270000	 0.020960298936350
3535.845855832100000	 0.020931596568056
3536.078814446930000	 0.020890344951648
3536.311773061750000	 0.020841486342828
3536.544731676580000	 0.020794878127731
3536.777690291400000	 0.020760915027032
3537.010648906230000	 0.020745040547805
3537.243607521060000	 0.020744431243600
3537.476566135880000	 0.020749150049290
3537.709524750710000	 0.020747555856822
3537.942483365540000	 0.020733183967961
3538.175441980360000	 0.020709169606461
3538.408400595190000	 0.020687346459489
3538.641359210010000	 0.020682024434817
3538.874317824840000	 0.020701557404826
3539.107276439670000	 0.020742229787822
3539.340235054490000	 0.020787863831422
3539.573193669320000	 0.020815672231823
3539.806152284150000	 0.020805859114724
3540.039110898970000	 0.020750623950931
3540.272069513800000	 0.020658281823866
3540.505028128620000	 0.020550346687030
3540.737986743450000	 0.020452854464229
3540.970945358280000	 0.020386100942359
3541.203903973100000	 0.020357558932715
3541.436862587930000	 0.020360783659003
3541.669821202760000	 0.020380021376661
3541.902779817580000	 0.020397750913868
3542.135738432410000	 0.020401513234631
3542.368697047230000	 0.020387256468481
3542.601655662060000	 0.020358496441212
3542.834614276890000	 0.020322747909337
3543.067572891710000	 0.020287709607491
3543.300531506540000	 0.020259120493398
3543.533490121360000	 0.020240661534026
3543.766448736190000	 0.020234891769128
3543.999407351020000	 0.020243803078633
3544.232365965840000	 0.020268251879882
3544.465324580670000	 0.020306697808393
3544.698283195500000	 0.020354469995504
3544.931241810320000	 0.020404602812464
3545.164200425150000	 0.020450263258459
3545.397159039970000	 0.020487639589422
3545.630117654800000	 0.020517633647364
3545.863076269630000	 0.020545179915847
3546.096034884450000	 0.020576335314296
3546.328993499280000	 0.020614719637708
3546.561952114110000	 0.020659457215342
3546.794910728930000	 0.020705937421710
3547.027869343760000	 0.020748922607108
3547.260827958580000	 0.020785956992571
3547.493786573410000	 0.020818702589194
3547.726745188240000	 0.020850994238306
3547.959703803060000	 0.020884445944677
3548.192662417890000	 0.020914198610942
3548.425621032710000	 0.020927767969183
3548.658579647540000	 0.020908543510453
3548.891538262370000	 0.020842961152745
3549.124496877190000	 0.020728099583285
3549.357455492020000	 0.020575769445708
3549.590414106850000	 0.020410618818425
3549.823372721670000	 0.020262694081797
3550.056331336500000	 0.020157638128153
3550.289289951320000	 0.020108719375929
3550.522248566150000	 0.020113769496920
3550.755207180980000	 0.020157741049704
3550.988165795800000	 0.020219268548832
3551.221124410630000	 0.020278239622646
3551.454083025460000	 0.020321351260595
3551.687041640280000	 0.020343900854745
3551.920000255110000	 0.020348050222158
3552.152958869930000	 0.020339410344452
3552.385917484760000	 0.020324093239948
3552.618876099590000	 0.020307348850233
3552.851834714410000	 0.020293437847102
3553.084793329240000	 0.020285548000868
3553.317751944070000	 0.020284865801750
3553.550710558890000	 0.020289074350480
3553.783669173720000	 0.020291628386584
3554.016627788540000	 0.020283202182953
3554.249586403370000	 0.020255511292279
3554.482545018200000	 0.020206030582990
3554.715503633020000	 0.020141087339569
3554.948462247850000	 0.020075125586848
3555.181420862680000	 0.020025619778798
3555.414379477500000	 0.020005438741065
3555.647338092330000	 0.020016178114424
3555.880296707150000	 0.020045948714375
3556.113255321980000	 0.020073138778982
3556.346213936810000	 0.020074778582860
3556.579172551630000	 0.020035865672995
3556.812131166460000	 0.019955478419441
3557.045089781280000	 0.019846961238367
3557.278048396110000	 0.019732257001648
3557.511007010940000	 0.019633229321449
3557.743965625760000	 0.019564067980454
3557.976924240590000	 0.019527924470802
3558.209882855420000	 0.019518445212933
3558.442841470240000	 0.019524386453989
3558.675800085070000	 0.019534363016340
3558.908758699890000	 0.019539457625937
3559.141717314720000	 0.019533324174618
3559.374675929550000	 0.019511288542012
3559.607634544370000	 0.019470535609327
3559.840593159200000	 0.019412360198227
3560.073551774030000	 0.019345389677531
3560.306510388850000	 0.019287057220275
3560.539469003680000	 0.019260635660472
3560.772427618500000	 0.019287186096187
3561.005386233330000	 0.019374978090686
3561.238344848160000	 0.019511445173465
3561.471303462980000	 0.019662709963626
3561.704262077810000	 0.019782668049829
3561.937220692630000	 0.019828958079567
3562.170179307460000	 0.019779331118938
3562.403137922290000	 0.019641088814114
3562.636096537110000	 0.019449066403897
3562.869055151940000	 0.019252852252947
3563.102013766770000	 0.019098859322401
3563.334972381590000	 0.019014891444354
3563.567930996420000	 0.019003155369100
3563.800889611240000	 0.019043520068666
3564.033848226070000	 0.019104391676691
3564.266806840900000	 0.019155700944204
3564.499765455720000	 0.019178256971942
3564.732724070550000	 0.019166208377507
3564.965682685370000	 0.019123364613963
3565.198641300200000	 0.019057384493837
3565.431599915030000	 0.018976358593058
3565.664558529850000	 0.018889905658537
3565.897517144680000	 0.018813261068806
3566.130475759510000	 0.018770274435789
3566.363434374330000	 0.018791291542813
3566.596392989160000	 0.018904591517728
3566.829351603980000	 0.019123961572144
3567.062310218810000	 0.019438053117100
3567.295268833640000	 0.019807681672428
3567.528227448460000	 0.020174501710095
3567.761186063290000	 0.020479124517047
3567.994144678120000	 0.020681150587562
3568.227103292940000	 0.020771478483933
3568.460061907770000	 0.020770930707842
3568.693020522590000	 0.020716665799026
3568.925979137420000	 0.020643888759860
3569.158937752250000	 0.020571546420880
3569.391896367070000	 0.020497570042916
3569.624854981900000	 0.020404372574173
3569.857813596730000	 0.020270823967139
3570.090772211550000	 0.020084369025054
3570.323730826380000	 0.019847631009181
3570.556689441200000	 0.019577551193124
3570.789648056030000	 0.019299312475126
3571.022606670860000	 0.019039128808488
3571.255565285680000	 0.018818916558141
3571.488523900510000	 0.018653599574699
3571.721482515340000	 0.018550193999463
3571.954441130160000	 0.018507562519007
3572.187399744990000	 0.018516459020040
3572.420358359810000	 0.018560384641982
3572.653316974640000	 0.018618093848967
3572.886275589470000	 0.018668045796742
3573.119234204290000	 0.018693993411938
3573.352192819120000	 0.018689855082590
3573.585151433940000	 0.018661634243238
3573.818110048770000	 0.018624879169700
3574.051068663600000	 0.018598012675993
3574.284027278420000	 0.018594047043048
3574.516985893250000	 0.018614409580577
3574.749944508080000	 0.018647906126504
3574.982903122900000	 0.018675506090453
3575.215861737730000	 0.018678868024336
3575.448820352550000	 0.018648671294733
3575.681778967380000	 0.018588758870486
3575.914737582210000	 0.018514025217482
3576.147696197030000	 0.018443127219892
3576.380654811860000	 0.018389775399223
3576.613613426690000	 0.018356981084403
3576.846572041510000	 0.018336898742726
3577.079530656340000	 0.018315956769592
3577.312489271160000	 0.018282427504316
3577.545447885990000	 0.018232595625856
3577.778406500820000	 0.018172596017460
3578.011365115640000	 0.018115310450817
3578.244323730470000	 0.018074214491981
3578.477282345300000	 0.018057406327295
3578.710240960120000	 0.018064609485307
3578.943199574950000	 0.018088162390568
3579.176158189770000	 0.018116960759675
3579.409116804600000	 0.018141045581912
3579.642075419430000	 0.018154586624578
3579.875034034250000	 0.018156238300932
3580.107992649080000	 0.018147426421886
3580.340951263900000	 0.018130097646568
3580.573909878730000	 0.018105367927135
3580.806868493560000	 0.018073607063845
3581.039827108380000	 0.018035470124739
3581.272785723210000	 0.017992861336797
3581.505744338040000	 0.017949055020752
3581.738702952860000	 0.017907961771521
3581.971661567690000	 0.017873207432722
3582.204620182510000	 0.017847754882600
3582.437578797340000	 0.017834220911107
3582.670537412170000	 0.017835308122715
3582.903496026990000	 0.017853479780267
3583.136454641820000	 0.017889438496855
3583.369413256650000	 0.017939913548878
3583.602371871470000	 0.017996105619671
3583.835330486300000	 0.018044248598147
3584.068289101120000	 0.018068906432261
3584.301247715950000	 0.018058184399015
3584.534206330780000	 0.018008728561578
3584.767164945600000	 0.017927983998555
3585.000123560430000	 0.017832141959419
3585.233082175250000	 0.017740293502574
3585.466040790080000	 0.017667445306660
3585.698999404910000	 0.017619874617994
3585.931958019730000	 0.017595171175865
3586.164916634560000	 0.017586849729560
3586.397875249390000	 0.017590987642004
3586.630833864210000	 0.017611181374483
3586.863792479040000	 0.017658778858743
3587.096751093860000	 0.017747589608177
3587.329709708690000	 0.017885169494410
3587.562668323520000	 0.018065022823135
3587.795626938340000	 0.018264444873127
3588.028585553170000	 0.018450554076808
3588.261544168000000	 0.018592768268567
3588.494502782820000	 0.018675729674613
3588.727461397650000	 0.018705634783439
3588.960420012470000	 0.018706429842410
3589.193378627300000	 0.018707975364721
3589.426337242130000	 0.018732056741637
3589.659295856950000	 0.018782330206339
3589.892254471780000	 0.018842124871422
3590.125213086610000	 0.018880966248979
3590.358171701430000	 0.018867232515497
3590.591130316260000	 0.018781334021804
3590.824088931080000	 0.018623295190148
3591.057047545910000	 0.018411803813295
3591.290006160740000	 0.018176585400302
3591.522964775560000	 0.017948711675960
3591.755923390390000	 0.017752854401498
3591.988882005210000	 0.017603235569616
3592.221840620040000	 0.017503172698244
3592.454799234870000	 0.017447287919778
3592.687757849690000	 0.017425198629416
3592.920716464520000	 0.017425433423922
3593.153675079350000	 0.017438454661684
3593.386633694170000	 0.017458131794723
3593.619592309000000	 0.017481627550306
3593.852550923820000	 0.017508120421282
3594.085509538650000	 0.017536987014911
3594.318468153480000	 0.017566132444802
3594.551426768300000	 0.017591162877353
3594.784385383130000	 0.017605921845032
3595.017343997950000	 0.017604437857766
3595.250302612780000	 0.017583683434904
3595.483261227610000	 0.017546047628348
3595.716219842430000	 0.017500313507641
3595.949178457260000	 0.017460262866919
3596.182137072090000	 0.017440789303144
3596.415095686910000	 0.017452494849628
3596.648054301740000	 0.017496788522858
3596.881012916560000	 0.017563811901180
3597.113971531390000	 0.017634591582331
3597.346930146220000	 0.017686941026244
3597.579888761040000	 0.017702827665953
3597.812847375870000	 0.017674227287963
3598.045805990700000	 0.017605247655878
3598.278764605520000	 0.017510018139229
3598.511723220350000	 0.017407569808932
3598.744681835170000	 0.017315868561964
3598.977640450000000	 0.017247067041445
3599.210599064830000	 0.017205227796733
3599.443557679650000	 0.017186764541659
3599.676516294480000	 0.017183019074785
3599.909474909310000	 0.017183881745685
3600.142433524130000	 0.017181228064975
3600.375392138960000	 0.017171200274098
3600.608350753780000	 0.017154887046125
3600.841309368610000	 0.017137469431969
3601.074267983440000	 0.017126189541063
3601.307226598260000	 0.017127605446477
3601.540185213090000	 0.017144735346439
3601.773143827920000	 0.017174944288455
3602.006102442740000	 0.017209557423937
3602.239061057570000	 0.017235834868801
3602.472019672390000	 0.017241025522392
3602.704978287220000	 0.017217129035538
3602.937936902050000	 0.017164388467850
3603.170895516870000	 0.017091846043972
3603.403854131700000	 0.017014462976098
3603.636812746520000	 0.016947829638088
3603.869771361350000	 0.016902654086113
3604.102729976180000	 0.016881393955411
3604.335688591000000	 0.016878419351677
3604.568647205830000	 0.016883406392160
3604.801605820660000	 0.016886106924738
3605.034564435480000	 0.016880018002431
3605.267523050310000	 0.016863150370591
3605.500481665130000	 0.016835799116205
3605.733440279960000	 0.016797076175188
3605.966398894790000	 0.016742877387532
3606.199357509610000	 0.016667279458004
3606.432316124440000	 0.016567366408620
3606.665274739270000	 0.016449215223653
3606.898233354090000	 0.016331456764595
3607.131191968920000	 0.016243304288715
3607.364150583740000	 0.016216242979016
3607.597109198570000	 0.016271785339985
3607.830067813400000	 0.016410282052647
3608.063026428220000	 0.016606346126825
3608.295985043050000	 0.016814412082506
3608.528943657880000	 0.016983736203935
3608.761902272700000	 0.017077308724194
3608.994860887530000	 0.017086327180827
3609.227819502350000	 0.017033411795026
3609.460778117180000	 0.016963236615467
3609.693736732010000	 0.016925131717025
3609.926695346830000	 0.016954895485449
3610.159653961660000	 0.017062130588057
3610.392612576480000	 0.017226894842131
3610.625571191310000	 0.017406692170880
3610.858529806140000	 0.017551520663361
3611.091488420960000	 0.017621076796295
3611.324447035790000	 0.017596774513726
3611.557405650620000	 0.017484264401955
3611.790364265440000	 0.017307835049657
3612.023322880270000	 0.017101765987956
3612.256281495090000	 0.016903067048974
3612.489240109920000	 0.016746917646435
3612.722198724750000	 0.016663499911475
3612.955157339570000	 0.016674273132658
3613.188115954400000	 0.016786927375784
3613.421074569230000	 0.016990337291310
3613.654033184050000	 0.017252502525560
3613.886991798880000	 0.017524447565341
3614.119950413700000	 0.017750871344935
3614.352909028530000	 0.017884855199351
3614.585867643360000	 0.017901194213945
3614.818826258180000	 0.017802909528581
3615.051784873010000	 0.017618532872749
3615.284743487830000	 0.017391883541368
3615.517702102660000	 0.017168667910979
3615.750660717490000	 0.016984316021833
3615.983619332310000	 0.016856055728352
3616.216577947140000	 0.016780747470353
3616.449536561970000	 0.016738797250159
3616.682495176790000	 0.016702981589251
3616.915453791620000	 0.016649222630373
3617.148412406440000	 0.016565387479551
3617.381371021270000	 0.016455141513583
3617.614329636100000	 0.016336213419962
3617.847288250920000	 0.016234421577709
3618.080246865750000	 0.016175533792836
3618.313205480580000	 0.016177035342942
3618.546164095400000	 0.016242026411078
3618.779122710230000	 0.016357622278179
3619.012081325050000	 0.016499328924670
3619.245039939880000	 0.016640386738539
3619.477998554710000	 0.016762250681472
3619.710957169530000	 0.016861368941910
3619.943915784360000	 0.016949097693626
3620.176874399190000	 0.017044755726954
3620.409833014010000	 0.017164709553587
3620.642791628840000	 0.017312018842805
3620.875750243660000	 0.017471237007444
3621.108708858490000	 0.017611215802771
3621.341667473320000	 0.017695385960656
3621.574626088140000	 0.017695287017371
3621.807584702970000	 0.017601252489067
3622.040543317790000	 0.017425532357943
3622.273501932620000	 0.017197011824830
3622.506460547450000	 0.016950613316627
3622.739419162270000	 0.016716275520164
3622.972377777100000	 0.016511677903988
3623.205336391930000	 0.016340683896828
3623.438295006750000	 0.016197084434683
3623.671253621580000	 0.016071373243810
3623.904212236400000	 0.015957345499483
3624.137170851230000	 0.015855612786553
3624.370129466060000	 0.015772735882974
3624.603088080880000	 0.015716922185610
3624.836046695710000	 0.015692887922418
3625.069005310540000	 0.015698663515008
3625.301963925360000	 0.015725899650834
3625.534922540190000	 0.015763373430979
3625.767881155010000	 0.015801771463041
3626.000839769840000	 0.015837160329762
3626.233798384670000	 0.015871235556847
3626.466756999490000	 0.015908195806136
3626.699715614320000	 0.015949958222861
3626.932674229150000	 0.015992394626956
3627.165632843970000	 0.016024917948784
3627.398591458800000	 0.016034298299711
3627.631550073620000	 0.016011568913554
3627.864508688450000	 0.015959119904370
3628.097467303280000	 0.015894607546719
3628.330425918100000	 0.015849603508031
3628.563384532930000	 0.015863148020375
3628.796343147750000	 0.015972066378842
3629.029301762580000	 0.016200442596343
3629.262260377410000	 0.016550692261425
3629.495218992230000	 0.016998942221766
3629.728177607060000	 0.017497328082601
3629.961136221890000	 0.017983958413026
3630.194094836710000	 0.018397635613589
3630.427053451540000	 0.018691542961799
3630.660012066360000	 0.018840821142814
3630.892970681190000	 0.018842777109442
3631.125929296020000	 0.018712062027358
3631.358887910840000	 0.018474193200801
3631.591846525670000	 0.018159755377986
3631.824805140500000	 0.017800160093125
3632.057763755320000	 0.017424919920076
3632.290722370150000	 0.017060026994668
3632.523680984970000	 0.016726961486774
3632.756639599800000	 0.016441984763996
3632.989598214630000	 0.016215668989636
3633.222556829450000	 0.016052951684717
3633.455515444280000	 0.015954100329376
3633.688474059100000	 0.015916586980066
3633.921432673930000	 0.015937119256740
3634.154391288760000	 0.016012507126303
3634.387349903580000	 0.016138281749480
3634.620308518410000	 0.016305171355606
3634.853267133240000	 0.016495183548730
3635.086225748060000	 0.016680184963498
3635.319184362890000	 0.016825448535547
3635.552142977710000	 0.016898251891788
3635.785101592540000	 0.016878404965771
3636.018060207370000	 0.016765878237377
3636.251018822190000	 0.016581874587904
3636.483977437020000	 0.016362746651344
3636.716936051850000	 0.016149009125211
3636.949894666670000	 0.015973226497409
3637.182853281500000	 0.015850873627422
3637.415811896320000	 0.015777503855253
3637.648770511150000	 0.015733501549889
3637.881729125980000	 0.015694634648317
3638.114687740800000	 0.015643917938270
3638.347646355630000	 0.015579546163150
3638.580604970460000	 0.015515375605806
3638.813563585280000	 0.015473784425504
3639.046522200110000	 0.015474231572717
3639.279480814930000	 0.015522930730965
3639.512439429760000	 0.015608607331519
3639.745398044590000	 0.015706276368797
3639.978356659410000	 0.015786943203505
3640.211315274240000	 0.015828415722549
3640.444273889060000	 0.015822379626185
3640.677232503890000	 0.015775148341092
3640.910191118720000	 0.015702639714229
3641.143149733540000	 0.015622677261803
3641.376108348370000	 0.015548591326907
3641.609066963200000	 0.015486942354648
3641.842025578020000	 0.015439659619821
3642.074984192850000	 0.015408423066751
3642.307942807670000	 0.015398050045911
3642.540901422500000	 0.015416442937276
3642.773860037330000	 0.015470789720293
3643.006818652150000	 0.015562028838198
3643.239777266980000	 0.015680793746330
3643.472735881810000	 0.015807401073118
3643.705694496630000	 0.015916334628938
3643.938653111460000	 0.015983408905870
3644.171611726280000	 0.015992607955600
3644.404570341110000	 0.015939919301199
3644.637528955940000	 0.015832980097465
3644.870487570760000	 0.015687273692029
3645.103446185590000	 0.015521039023625
3645.336404800420000	 0.015351242194748
3645.569363415240000	 0.015191870828872
3645.802322030070000	 0.015054240069776
3646.035280644890000	 0.014947980449307
3646.268239259720000	 0.014881446268554
3646.501197874550000	 0.014861213096734
3646.734156489370000	 0.014891372625754
3646.967115104200000	 0.014973666354937
3647.200073719020000	 0.015108790929989
3647.433032333850000	 0.015297923786966
3647.665990948680000	 0.015542652551240
3647.898949563500000	 0.015841898463745
3648.131908178330000	 0.016186307863460
3648.364866793160000	 0.016553190098984
3648.597825407980000	 0.016906501794066
3648.830784022810000	 0.017204514498914
3649.063742637630000	 0.017412932501061
3649.296701252460000	 0.017517104403770
3649.529659867290000	 0.017527243410979
3649.762618482110000	 0.017474557276227
3649.995577096940000	 0.017400295718352
3650.228535711770000	 0.017341920389818
3650.461494326590000	 0.017321353899165
3650.694452941420000	 0.017339996039972
3650.927411556240000	 0.017382986670773
3651.160370171070000	 0.017430651726564
3651.393328785900000	 0.017470579906027
3651.626287400720000	 0.017503119968829
3651.859246015550000	 0.017537269947372
3652.092204630370000	 0.017579890527551
3652.325163245200000	 0.017624990218041
3652.558121860030000	 0.017649740608942
3652.791080474850000	 0.017620328628273
3653.024039089680000	 0.017505464278149
3653.256997704510000	 0.017291003205945
3653.489956319330000	 0.016988338538585
3653.722914934160000	 0.016632540660748
3653.955873548980000	 0.016271417011506
3654.188832163810000	 0.015950522544391
3654.421790778640000	 0.015700072933169
3654.654749393460000	 0.015528214104379
3654.887708008290000	 0.015422475656760
3655.120666623120000	 0.015358381785405
3655.353625237940000	 0.015311672793360
3655.586583852770000	 0.015269199070026
3655.819542467590000	 0.015234193316575
3656.052501082420000	 0.015224318745873
3656.285459697250000	 0.015264159639665
3656.518418312070000	 0.015375695813821
3656.751376926900000	 0.015570024529425
3656.984335541730000	 0.015842099421696
3657.217294156550000	 0.016169027435259
3657.450252771380000	 0.016512126944281
3657.683211386200000	 0.016822907141511
3657.916170001030000	 0.017052408574540
3658.149128615860000	 0.017161886020693
3658.382087230680000	 0.017131774390617
3658.615045845510000	 0.016966315785068
3658.848004460330000	 0.016692792716570
3659.080963075160000	 0.016355799626581
3659.313921689990000	 0.016007800977805
3659.546880304810000	 0.015697739906042
3659.779838919640000	 0.015460141242108
3660.012797534470000	 0.015307788432426
3660.245756149290000	 0.015230819279525
3660.478714764120000	 0.015203271301400
3660.711673378940000	 0.015195000853772
3660.944631993770000	 0.015184055602727
3661.177590608600000	 0.015163953691893
3661.410549223420000	 0.015142723318986
3661.643507838250000	 0.015134785266703
3661.876466453080000	 0.015150365468140
3662.109425067900000	 0.015188108206571
3662.342383682730000	 0.015234565921019
3662.575342297550000	 0.015270498108154
3662.808300912380000	 0.015280390759240
3663.041259527210000	 0.015260061147852
3663.274218142030000	 0.015218386034437
3663.507176756860000	 0.015172413925143
3663.740135371690000	 0.015138612092474
3663.973093986510000	 0.015124881793619
3664.206052601340000	 0.015127353802790
3664.439011216160000	 0.015133321799084
3664.671969830990000	 0.015128440646653
3664.904928445820000	 0.015104197529758
3665.137887060640000	 0.015061758884485
3665.370845675470000	 0.015010500183744
3665.603804290290000	 0.014962515556920
3665.836762905120000	 0.014926441459818
3666.069721519950000	 0.014903949848055
3666.302680134770000	 0.014890434260014
3666.535638749600000	 0.014878876786430
3666.768597364430000	 0.014864108400176
3667.001555979250000	 0.014844682108984
3667.234514594080000	 0.014821356843348
3667.467473208900000	 0.014793631728487
3667.700431823730000	 0.014757332543861
3667.933390438560000	 0.014705914435805
3668.166349053380000	 0.014635980209721
3668.399307668210000	 0.014554644023356
3668.632266283040000	 0.014484442298809
3668.865224897860000	 0.014461784405162
3669.098183512690000	 0.014527495626586
3669.331142127510000	 0.014711642360912
3669.564100742340000	 0.015018049796001
3669.797059357170000	 0.015415620567437
3670.030017971990000	 0.015842640590501
3670.262976586820000	 0.016225533310911
3670.495935201640000	 0.016505731241882
3670.728893816470000	 0.016662151503628
3670.961852431300000	 0.016717857127709
3671.194811046120000	 0.016727876702923
3671.427769660950000	 0.016754356359443
3671.660728275780000	 0.016839579767919
3671.893686890600000	 0.016987062212257
3672.126645505430000	 0.017158266962576
3672.359604120250000	 0.017287327305644
3672.592562735080000	 0.017307865129439
3672.825521349910000	 0.017178835010471
3673.058479964730000	 0.016897210398546
3673.291438579560000	 0.016494439938190
3673.524397194390000	 0.016022729584932
3673.757355809210000	 0.015539671209231
3673.990314424040000	 0.015096681686659
3674.223273038860000	 0.014732850516961
3674.456231653690000	 0.014473678677980
3674.689190268520000	 0.014333489650415
3674.922148883340000	 0.014319848341374
3675.155107498170000	 0.014437724193312
3675.388066113000000	 0.014690874657980
3675.621024727820000	 0.015078712514489
3675.853983342650000	 0.015589014927684
3676.086941957470000	 0.016189753252523
3676.319900572300000	 0.016825619435861
3676.552859187130000	 0.017424214111793
3676.785817801950000	 0.017912035266986
3677.018776416780000	 0.018233801795985
3677.251735031600000	 0.018365746913654
3677.484693646430000	 0.018317195707239
3677.717652261260000	 0.018121684849951
3677.950610876080000	 0.017823523771213
3678.183569490910000	 0.017465875729566
3678.416528105740000	 0.017083813422884
3678.649486720560000	 0.016702810042216
3678.882445335390000	 0.016341079377030
3679.115403950210000	 0.016013325688542
3679.348362565040000	 0.015733580740621
3679.581321179870000	 0.015515586874034
3679.814279794690000	 0.015370391692201
3680.047238409520000	 0.015302200437394
3680.280197024350000	 0.015304633084410
3680.513155639170000	 0.015359719020282
3680.746114254000000	 0.015440866748829
3680.979072868820000	 0.015519100236458
3681.212031483650000	 0.015570187045576
3681.444990098480000	 0.015579905561870
3681.677948713300000	 0.015545747191565
3681.910907328130000	 0.015475091785464
3682.143865942960000	 0.015381315687423
3682.376824557780000	 0.015279715492490
3682.609783172610000	 0.015184537204827
3682.842741787430000	 0.015107341416884
3683.075700402260000	 0.015056127706676
3683.308659017090000	 0.015034528562677
3683.541617631910000	 0.015040924040769
3683.774576246740000	 0.015068061436046
3684.007534861560000	 0.015104075557468
3684.240493476390000	 0.015135335800258
3684.473452091220000	 0.015150511221879
3684.706410706040000	 0.015144321775846
3684.939369320870000	 0.015119256855251
3685.172327935700000	 0.015084250280339
3685.405286550520000	 0.015050611824177
3685.638245165350000	 0.015026881023561
3685.871203780170000	 0.015015009037069
3686.104162395000000	 0.015009820421222
3686.337121009830000	 0.015002086768538
3686.570079624650000	 0.014983617438576
3686.803038239480000	 0.014951713793376
3687.035996854310000	 0.014910763485206
3687.268955469130000	 0.014870380935179
3687.501914083960000	 0.014841442062696
3687.734872698780000	 0.014832602070174
3687.967831313610000	 0.014849674841023
3688.200789928440000	 0.014898517045218
3688.433748543260000	 0.014989613582228
3688.666707158090000	 0.015140721536722
3688.899665772910000	 0.015373799702581
3689.132624387740000	 0.015704579367034
3689.365583002570000	 0.016127457193508
3689.598541617390000	 0.016603497363627
3689.831500232220000	 0.017061430863027
3690.064458847050000	 0.017416332766246
3690.297417461870000	 0.017599273141819
3690.530376076700000	 0.017582752042173
3690.763334691520000	 0.017389404610395
3690.996293306350000	 0.017082386934668
3691.229251921180000	 0.016744822564220
3691.462210536000000	 0.016457261079562
3691.695169150830000	 0.016278898390382
3691.928127765660000	 0.016235156915676
3692.161086380480000	 0.016313192582068
3692.394044995310000	 0.016466858886466
3692.627003610130000	 0.016631203273373
3692.859962224960000	 0.016742710440817
3693.092920839790000	 0.016757686530730
3693.325879454610000	 0.016661535263719
3693.558838069440000	 0.016466943696860
3693.791796684270000	 0.016204816782547
3694.024755299090000	 0.015913679658858
3694.257713913920000	 0.015631184941193
3694.490672528740000	 0.015388400517157
3694.723631143570000	 0.015206091051298
3694.956589758400000	 0.015092478372019
3695.189548373220000	 0.015042890153653
3695.422506988050000	 0.015042081182610
3695.655465602870000	 0.015069310314850
3695.888424217700000	 0.015104892985376
3696.121382832530000	 0.015135900793269
3696.354341447350000	 0.015158733218794
3696.587300062180000	 0.015177535865660
3696.820258677010000	 0.015199312644967
3697.053217291830000	 0.015228165486404
3697.286175906660000	 0.015261555761152
3697.519134521480000	 0.015290486929940
3697.752093136310000	 0.015303499964174
3697.985051751140000	 0.015292378876568
3698.218010365960000	 0.015256531834759
3698.450968980790000	 0.015203662810380
3698.683927595620000	 0.015146299752294
3698.916886210440000	 0.015095991670925
3699.149844825270000	 0.015058264319535
3699.382803440090000	 0.015030971051815
3699.615762054920000	 0.015006771984134
3699.848720669750000	 0.014978247002751
3700.081679284570000	 0.014942812507530
3700.314637899400000	 0.014904814565797
3700.547596514230000	 0.014873770430301
3700.780555129050000	 0.014859893935010
3701.013513743880000	 0.014869576886196
3701.246472358700000	 0.014903475551475
3701.479430973530000	 0.014958236233846
3701.712389588360000	 0.015030645002510
3701.945348203180000	 0.015121421897448
3702.178306818010000	 0.015235871900755
3702.411265432830000	 0.015380205068475
3702.644224047660000	 0.015554854349841
3702.877182662490000	 0.015748345360083
3703.110141277310000	 0.015935831381690
3703.343099892140000	 0.016084462331249
3703.576058506970000	 0.016163958607047
3703.809017121790000	 0.016157435997684
3704.041975736620000	 0.016067156263357
3704.274934351440000	 0.015912818218577
3704.507892966270000	 0.015724021498883
3704.740851581100000	 0.015530911318187
3704.973810195920000	 0.015356809362549
3705.206768810750000	 0.015214807789866
3705.439727425580000	 0.015108273334698
3705.672686040400000	 0.015033822377887
3705.905644655230000	 0.014984832070955
3706.138603270050000	 0.014953930734810
3706.371561884880000	 0.014933941524315
3706.604520499710000	 0.014917894837105
3706.837479114530000	 0.014899280524585
3707.070437729360000	 0.014873314805013
3707.303396344180000	 0.014838933652215
3707.536354959010000	 0.014800250834278
3707.769313573840000	 0.014766069796745
3708.002272188660000	 0.014746957394200
3708.235230803490000	 0.014750900809117
3708.468189418320000	 0.014779705156354
3708.701148033140000	 0.014828229905946
3708.934106647970000	 0.014887243526731
3709.167065262790000	 0.014948797217925
3709.400023877620000	 0.015011539733556
3709.632982492450000	 0.015083044252454
3709.865941107270000	 0.015177264322532
3710.098899722100000	 0.015307404882957
3710.331858336930000	 0.015476971932772
3710.564816951750000	 0.015673389191185
3710.797775566580000	 0.015868238175736
3711.030734181400000	 0.016025447241033
3711.263692796230000	 0.016114583038212
3711.496651411060000	 0.016123275185404
3711.729610025880000	 0.016063153628718
3711.962568640710000	 0.015967347289482
3712.195527255540000	 0.015881618059973
3712.428485870360000	 0.015852768068302
3712.661444485190000	 0.015917020046311
3712.894403100010000	 0.016089772822744
3713.127361714840000	 0.016358322813863
3713.360320329670000	 0.016680530300746
3713.593278944490000	 0.016992532643077
3713.826237559320000	 0.017225209399303
3714.059196174140000	 0.017323696804069
3714.292154788970000	 0.017261843592357
3714.525113403800000	 0.017046734054667
3714.758072018620000	 0.016713979615558
3714.991030633450000	 0.016317594038930
3715.223989248280000	 0.015917967656906
3715.456947863100000	 0.015569996952441
3715.689906477930000	 0.015312771668442
3715.922865092750000	 0.015162535689897
3716.155823707580000	 0.015110911565715
3716.388782322410000	 0.015129556541310
3716.621740937230000	 0.015180280380666
3716.854699552060000	 0.015227193107116
3717.087658166890000	 0.015246343410055
3717.320616781710000	 0.015229575951852
3717.553575396540000	 0.015182300450333
3717.786534011360000	 0.015117618921451
3718.019492626190000	 0.015050241575015
3718.252451241020000	 0.014992681221734
3718.485409855840000	 0.014954311385336
3718.718368470670000	 0.014942177133022
3718.951327085500000	 0.014961741861758
3719.184285700320000	 0.015016241935797
3719.417244315150000	 0.015104613602308
3719.650202929970000	 0.015219246785233
3719.883161544800000	 0.015345333484587
3720.116120159630000	 0.015463007250231
3720.349078774450000	 0.015552077537317
3720.582037389280000	 0.015597637683967
3720.814996004100000	 0.015594068579960
3721.047954618930000	 0.015545641326750
3721.280913233760000	 0.015463818012999
3721.513871848580000	 0.015363209773408
3721.746830463410000	 0.015258638509864
3721.979789078240000	 0.015164593325262
3722.212747693060000	 0.015096465110374
3722.445706307890000	 0.015071487577075
3722.678664922710000	 0.015107115371818
3722.911623537540000	 0.015215837322656
3723.144582152370000	 0.015397719459314
3723.377540767190000	 0.015634206497914
3723.610499382020000	 0.015887459112769
3723.843457996850000	 0.016107778495537
3724.076416611670000	 0.016247776982248
3724.309375226500000	 0.016277867937202
3724.542333841320000	 0.016196160640703
3724.775292456150000	 0.016028397946882
3725.008251070980000	 0.015818584725666
3725.241209685800000	 0.015614983358977
3725.474168300630000	 0.015457034754183
3725.707126915450000	 0.015367093789250
3725.940085530280000	 0.015348510653733
3726.173044145110000	 0.015389620001181
3726.406002759930000	 0.015471588970342
3726.638961374760000	 0.015576804581633
3726.871919989590000	 0.015694260395067
3727.104878604410000	 0.015819905423299
3727.337837219240000	 0.015952571690286
3727.570795834060000	 0.016088286785555
3727.803754448890000	 0.016216310557003
3728.036713063720000	 0.016319108758142
3728.269671678540000	 0.016376410451338
3728.502630293370000	 0.016371427856744
3728.735588908200000	 0.016296291390736
3728.968547523020000	 0.016154419774838
3729.201506137850000	 0.015959397864758
3729.434464752670000	 0.015731561287004
3729.667423367500000	 0.015493900936239
3729.900381982330000	 0.015268325069766
3730.133340597150000	 0.015072626867122
3730.366299211980000	 0.014918277310472
3730.599257826810000	 0.014809331665976
3730.832216441630000	 0.014742884038708
3731.065175056460000	 0.014711310705642
3731.298133671280000	 0.014706016911313
3731.531092286110000	 0.014721775172326
3731.764050900940000	 0.014760269757274
3731.997009515760000	 0.014831351140316
3732.229968130590000	 0.014950913692034
3732.462926745410000	 0.015135231887018
3732.695885360240000	 0.015392776890914
3732.928843975070000	 0.015715704505820
3733.161802589890000	 0.016074241019423
3733.394761204720000	 0.016417742933002
3733.627719819550000	 0.016685042638361
3733.860678434370000	 0.016822570912914
3734.093637049200000	 0.016803208289507
3734.326595664020000	 0.016636836305423
3734.559554278850000	 0.016368195580437
3734.792512893680000	 0.016064964792528
3735.025471508500000	 0.015802275887039
3735.258430123330000	 0.015647772913564
3735.491388738160000	 0.015647957660628
3735.724347352980000	 0.015816049907281
3735.957305967810000	 0.016124410193246
3736.190264582630000	 0.016507434024611
3736.423223197460000	 0.016878836569116
3736.656181812290000	 0.017159070152619
3736.889140427110000	 0.017300470928044
3737.122099041940000	 0.017298036068146
3737.355057656770000	 0.017182630594367
3737.588016271590000	 0.017002740149852
3737.820974886420000	 0.016804382162868
3738.053933501240000	 0.016616993247311
3738.286892116070000	 0.016449155048211
3738.519850730900000	 0.016293753456832
3738.752809345720000	 0.016138550398448
3738.985767960550000	 0.015976399862783
3739.218726575380000	 0.015810307132608
3739.451685190200000	 0.015651635286907
3739.684643805030000	 0.015513287049069
3739.917602419850000	 0.015401970979878
3740.150561034680000	 0.015313866841585
3740.383519649510000	 0.015236191930057
3740.616478264330000	 0.015154145724520
3740.849436879160000	 0.015059851521453
3741.082395493980000	 0.014958661831613
3741.315354108810000	 0.014869261754635
3741.548312723640000	 0.014816878018080
3741.781271338460000	 0.014822137134265
3742.014229953290000	 0.014890216308409
3742.247188568120000	 0.015005072331096
3742.480147182940000	 0.015131700250192
3742.713105797770000	 0.015226157763324
3742.946064412590000	 0.015249658729036
3743.179023027420000	 0.015181084713728
3743.411981642250000	 0.015023209276904
3743.644940257070000	 0.014801498873498
3743.877898871900000	 0.014558210188178
3744.110857486720000	 0.014346006109952
3744.343816101550000	 0.014223683805094
3744.576774716380000	 0.014253177136763
3744.809733331200000	 0.014493852279451
3745.042691946030000	 0.014989239348789
3745.275650560860000	 0.015744691287367
3745.508609175680000	 0.016703025533113
3745.741567790510000	 0.017735236360940
3745.974526405330000	 0.018663773767733
3746.207485020160000	 0.019317386557547
3746.440443634990000	 0.019590131372462
3746.673402249810000	 0.019470698093076
3746.906360864640000	 0.019030695171064
3747.139319479470000	 0.018387642355705
3747.372278094290000	 0.017666048188419
3747.605236709120000	 0.016970347592578
3747.838195323940000	 0.016371752528984
3748.071153938770000	 0.015905530503716
3748.304112553600000	 0.015575117790171
3748.537071168420000	 0.015361099147906
3748.770029783250000	 0.015233725728209
3749.002988398080000	 0.015166604846340
3749.235947012900000	 0.015147716465672
3749.468905627730000	 0.015183915118810
3749.701864242550000	 0.015297124676870
3749.934822857380000	 0.015513161259478
3750.167781472210000	 0.015846174470449
3750.400740087030000	 0.016283408607525
3750.633698701860000	 0.016776931413671
3750.866657316680000	 0.017249145155182
3751.099615931510000	 0.017613624518627
3751.332574546340000	 0.017803173571389
3751.565533161160000	 0.017791450035962
3751.798491775990000	 0.017599389323543
3752.031450390820000	 0.017287710380862
3752.264409005640000	 0.016942164287325
3752.497367620470000	 0.016656483475783
3752.730326235290000	 0.016514023684089
3752.963284850120000	 0.016567795244109
3753.196243464950000	 0.016821574539128
3753.429202079770000	 0.017220140852485
3753.662160694600000	 0.017658825197950
3753.895119309430000	 0.018015277272327
3754.128077924250000	 0.018191394749471
3754.361036539080000	 0.018144012194407
3754.593995153900000	 0.017890215925712
3754.826953768730000	 0.017490211547907
3755.059912383560000	 0.017021416589981
3755.292870998380000	 0.016556093870990
3755.525829613210000	 0.016147875133694
3755.758788228040000	 0.015827152396853
3755.991746842860000	 0.015603264370866
3756.224705457690000	 0.015471006147507
3756.457664072510000	 0.015418698616080
3756.690622687340000	 0.015434818475725
3756.923581302170000	 0.015510798641241
3757.156539916990000	 0.015639362282176
3757.389498531820000	 0.015809935308179
3757.622457146640000	 0.016004193846609
3757.855415761470000	 0.016194919152539
3758.088374376300000	 0.016349862888182
3758.321332991120000	 0.016439720696260
3758.554291605950000	 0.016446915192136
3758.787250220780000	 0.016371363220987
3759.020208835600000	 0.016231151099147
3759.253167450430000	 0.016058576629203
3759.486126065250000	 0.015893465402644
3759.719084680080000	 0.015775565326788
3759.952043294910000	 0.015737078476582
3760.185001909730000	 0.015796012108177
3760.417960524560000	 0.015951275102214
3760.650919139390000	 0.016180887375636
3760.883877754210000	 0.016444683403936
3761.116836369040000	 0.016692036281966
3761.349794983860000	 0.016873386402099
3761.582753598690000	 0.016952365563234
3761.815712213520000	 0.016914339238815
3762.048670828340000	 0.016768333161893
3762.281629443170000	 0.016542205610817
3762.514588057990000	 0.016273707106132
3762.747546672820000	 0.016001028026993
3762.980505287650000	 0.015755516594758
3763.213463902470000	 0.015557669553254
3763.446422517300000	 0.015416321387068
3763.679381132130000	 0.015330373963078
3763.912339746950000	 0.015292086988039
3764.145298361780000	 0.015290715701549
3764.378256976600000	 0.015315339097369
3764.611215591430000	 0.015356288486501
3764.844174206260000	 0.015405464396874
3765.077132821080000	 0.015456463135921
3765.310091435910000	 0.015505369491118
3765.543050050740000	 0.015552311604906
3765.776008665560000	 0.015602880713655
3766.008967280390000	 0.015667953998718
3766.241925895210000	 0.015760784988611
3766.474884510040000	 0.015891405468888
3766.707843124870000	 0.016059943366192
3766.940801739690000	 0.016251754563299
3767.173760354520000	 0.016437524806472
3767.406718969350000	 0.016579945217113
3767.639677584170000	 0.016645276357936
3767.872636199000000	 0.016614953798950
3768.105594813820000	 0.016491965846314
3768.338553428650000	 0.016299610917594
3768.571512043480000	 0.016074066911155
3768.804470658300000	 0.015854343493793
3769.037429273130000	 0.015673181692606
3769.270387887960000	 0.015551422867638
3769.503346502780000	 0.015497080512718
3769.736305117610000	 0.015508780909213
3769.969263732430000	 0.015581451166808
3770.202222347260000	 0.015710930535550
3770.435180962090000	 0.015894554948080
3770.668139576910000	 0.016126907084962
3770.901098191740000	 0.016392986286823
3771.134056806560000	 0.016663504230086
3771.367015421390000	 0.016897023445387
3771.599974036220000	 0.017050169051863
3771.832932651040000	 0.017091780066013
3772.065891265870000	 0.017013793247451
3772.298849880700000	 0.016833588141371
3772.531808495520000	 0.016587533648660
3772.764767110350000	 0.016319431124073
3772.997725725170000	 0.016068562751215
3773.230684340000000	 0.015861068879537
3773.463642954830000	 0.015706757354641
3773.696601569650000	 0.015601614360774
3773.929560184480000	 0.015534320098045
3774.162518799310000	 0.015493557223393
3774.395477414130000	 0.015472734220622
3774.628436028960000	 0.015470261247713
3774.861394643780000	 0.015486000899295
3775.094353258610000	 0.015516612001006
3775.327311873440000	 0.015553033422646
3775.560270488260000	 0.015582008222391
3775.793229103090000	 0.015591106058687
3776.026187717910000	 0.015574593559202
3776.259146332740000	 0.015536904270112
3776.492104947570000	 0.015491617053558
3776.725063562390000	 0.015456101129569
3776.958022177220000	 0.015444208460023
3777.190980792050000	 0.015460473943573
3777.423939406870000	 0.015498581590969
3777.656898021700000	 0.015544679343555
3777.889856636520000	 0.015583709077475
3778.122815251350000	 0.015605623201679
3778.355773866180000	 0.015608760941480
3778.588732481000000	 0.015599339410921
3778.821691095830000	 0.015588013340436
3779.054649710650000	 0.015585768064806
3779.287608325480000	 0.015601366334818
3779.520566940310000	 0.015641205341817
3779.753525555130000	 0.015710604395676
3779.986484169960000	 0.015814425933672
3780.219442784790000	 0.015955294670886
3780.452401399610000	 0.016129421135547
3780.685360014440000	 0.016322234388246
3780.918318629260000	 0.016507248983750
3781.151277244090000	 0.016650600082472
3781.384235858920000	 0.016720591623110
3781.617194473740000	 0.016698353314312
3781.850153088570000	 0.016584685215285
3782.083111703400000	 0.016400069156934
3782.316070318220000	 0.016178151266630
3782.549028933050000	 0.015955674945496
3782.781987547870000	 0.015762790368375
3783.014946162700000	 0.015616973545102
3783.247904777530000	 0.015522072402792
3783.480863392350000	 0.015471948906903
3783.713822007180000	 0.015456484025143
3783.946780622010000	 0.015466993463676
3784.179739236830000	 0.015498736479719
3784.412697851660000	 0.015549948635657
3784.645656466480000	 0.015618763400361
3784.878615081310000	 0.015700382104536
3785.111573696140000	 0.015786379443764
3785.344532310960000	 0.015866519691398
3785.577490925790000	 0.015931891861349
3785.810449540620000	 0.015977422305285
3786.043408155440000	 0.016002259413289
3786.276366770270000	 0.016007909646932
3786.509325385090000	 0.015995529496471
3786.742283999920000	 0.015964417305569
3786.975242614750000	 0.015912979856348
3787.208201229570000	 0.015841748570437
3787.441159844400000	 0.015756521155433
3787.674118459220000	 0.015669343278792
3787.907077074050000	 0.015596034232952
3788.140035688880000	 0.015550805647795
3788.372994303700000	 0.015540279835711
3788.605952918530000	 0.015559889769740
3788.838911533360000	 0.015594746221439
3789.071870148180000	 0.015624986928512
3789.304828763010000	 0.015633452071234
3789.537787377830000	 0.015612352531476
3789.770745992660000	 0.015565977417800
3790.003704607490000	 0.015508276139945
3790.236663222310000	 0.015456532450875
3790.469621837140000	 0.015424132139597
3790.702580451970000	 0.015415673420416
3790.935539066790000	 0.015426315180953
3791.168497681620000	 0.015445136147144
3791.401456296440000	 0.015460510006507
3791.634414911270000	 0.015464858884891
3791.867373526100000	 0.015456793470110
3792.100332140920000	 0.015440161675110
3792.333290755750000	 0.015421081568514
3792.566249370580000	 0.015404801278058
3792.799207985400000	 0.015393892190099
3793.032166600230000	 0.015388216333689
3793.265125215050000	 0.015386048210419
3793.498083829880000	 0.015385264840905
3793.731042444710000	 0.015383803501316
3793.964001059530000	 0.015379344166155
3794.196959674360000	 0.015368869573114
3794.429918289180000	 0.015348922933879
3794.662876904010000	 0.015316920869812
3794.895835518840000	 0.015273101750579
3795.128794133660000	 0.015222098179020
3795.361752748490000	 0.015173108046969
3795.594711363320000	 0.015138276487565
3795.827669978140000	 0.015129863487818
3796.060628592970000	 0.015157452066147
3796.293587207790000	 0.015226361778450
3796.526545822620000	 0.015337608443050
3796.759504437450000	 0.015488749274387
3796.992463052270000	 0.015674429862169
3797.225421667100000	 0.015885752105592
3797.458380281930000	 0.016108599513898
3797.691338896750000	 0.016322247940970
3797.924297511580000	 0.016500153842252
3798.157256126400000	 0.016614128662820
3798.390214741230000	 0.016641315653958
3798.623173356060000	 0.016571509329002
3798.856131970880000	 0.016411650167811
3799.089090585710000	 0.016185319498461
3799.322049200530000	 0.015927178503398
3799.555007815360000	 0.015674339168506
3799.787966430190000	 0.015457658624542
3800.020925045010000	 0.015295713422147
3800.253883659840000	 0.015193153179491
3800.486842274670000	 0.015143750589914
3800.719800889490000	 0.015137027734608
3800.952759504320000	 0.015166069640487
3801.185718119140000	 0.015233477991792
3801.418676733970000	 0.015352834573441
3801.651635348800000	 0.015544485922427
3801.884593963620000	 0.015826320885748
3802.117552578450000	 0.016202011924041
3802.350511193280000	 0.016650926887417
3802.583469808100000	 0.017125137554573
3802.816428422930000	 0.017557737203922
3803.049387037750000	 0.017881328942127
3803.282345652580000	 0.018048572686729
3803.515304267410000	 0.018044551199122
3803.748262882230000	 0.017886253437600
3803.981221497060000	 0.017612370090251
3804.214180111890000	 0.017270089084596
3804.447138726710000	 0.016903941634518
3804.680097341540000	 0.016548634120413
3804.913055956360000	 0.016225905898451
3805.146014571190000	 0.015944884655076
3805.378973186020000	 0.015705202722707
3805.611931800840000	 0.015501753457655
3805.844890415670000	 0.015329596341583
3806.077849030490000	 0.015187575411438
3806.310807645320000	 0.015079811193864
3806.543766260150000	 0.015015085290823
3806.776724874970000	 0.015004823875120
3807.009683489800000	 0.015060559480017
3807.242642104630000	 0.015191343619372
3807.475600719450000	 0.015400921119449
3807.708559334280000	 0.015684203939110
3807.941517949100000	 0.016023283034812
3808.174476563930000	 0.016384806505046
3808.407435178760000	 0.016721788345042
3808.640393793580000	 0.016981902286536
3808.873352408410000	 0.017120608107405
3809.106311023230000	 0.017113730250021
3809.339269638060000	 0.016963972407444
3809.572228252890000	 0.016699441079888
3809.805186867710000	 0.016366062027507
3810.038145482540000	 0.016017095386359
3810.271104097370000	 0.015702291545178
3810.504062712190000	 0.015458442756836
3810.737021327020000	 0.015302997089224
3810.969979941840000	 0.015232411668405
3811.202938556670000	 0.015226067386260
3811.435897171500000	 0.015254683803640
3811.668855786320000	 0.015290226981194
3811.901814401150000	 0.015313621145891
3812.134773015980000	 0.015317706440986
3812.367731630800000	 0.015305184230924
3812.600690245630000	 0.015283472125702
3812.833648860450000	 0.015259382968183
3813.066607475280000	 0.015236021533920
3813.299566090110000	 0.015212729868442
3813.532524704930000	 0.015187229930351
3813.765483319760000	 0.015158160968225
3813.998441934590000	 0.015126356692266
3814.231400549410000	 0.015094236415214
3814.464359164240000	 0.015063965466850
3814.697317779060000	 0.015035861869379
3814.930276393890000	 0.015008460212510
3815.163235008720000	 0.014980761039418
3815.396193623540000	 0.014955980202099
3815.629152238370000	 0.014945160759644
3815.862110853200000	 0.014968729714578
3816.095069468020000	 0.015054548899559
3816.328028082850000	 0.015231969311784
3816.560986697670000	 0.015522486513812
3816.793945312500000	 0.015928722381231
3817.026903927330000	 0.016424899991261
3817.259862542150000	 0.016953601117233
3817.492821156980000	 0.017433704856825
3817.725779771800000	 0.017780414411331
3817.958738386630000	 0.017930632114277
3818.191697001460000	 0.017861762522612
3818.424655616280000	 0.017595427769132
3818.657614231110000	 0.017186998681572
3818.890572845940000	 0.016708491617163
3819.123531460760000	 0.016232049660435
3819.356490075590000	 0.015817293262322
3819.589448690410000	 0.015503029215012
3819.822407305240000	 0.015303513119093
3820.055365920070000	 0.015210127097695
3820.288324534890000	 0.015198928751112
3820.521283149720000	 0.015242425957063
3820.754241764550000	 0.015321460819150
3820.987200379370000	 0.015432299919856
3821.220158994200000	 0.015585777767017
3821.453117609020000	 0.015798702844792
3821.686076223850000	 0.016081115695485
3821.919034838680000	 0.016425097405852
3822.151993453500000	 0.016800669415352
3822.384952068330000	 0.017161361798958
3822.617910683160000	 0.017457202188598
3822.850869297980000	 0.017648968516039
3823.083827912810000	 0.017717289627130
3823.316786527630000	 0.017663692146150
3823.549745142460000	 0.017505283210722
3823.782703757290000	 0.017267348096078
3824.015662372110000	 0.016977649400436
3824.248620986940000	 0.016663803625525
3824.481579601760000	 0.016352732681154
3824.714538216590000	 0.016070119476369
3824.947496831420000	 0.015838231331350
3825.180455446240000	 0.015671922629515
3825.413414061070000	 0.015574331717853
3825.646372675900000	 0.015534847004107
3825.879331290720000	 0.015531512653788
3826.112289905550000	 0.015538044430874
3826.345248520370000	 0.015533052663439
3826.578207135200000	 0.015507567421426
3826.811165750030000	 0.015467520417191
3827.044124364850000	 0.015430085247276
3827.277082979680000	 0.015415470882984
3827.510041594510000	 0.015437685204589
3827.743000209330000	 0.015498176810540
3827.975958824160000	 0.015584929936687
3828.208917438980000	 0.015677052997597
3828.441876053810000	 0.015752389492762
3828.674834668640000	 0.015794534732449
3828.907793283460000	 0.015796443819824
3829.140751898290000	 0.015759951273173
3829.373710513110000	 0.015692612485116
3829.606669127940000	 0.015604139714535
3829.839627742770000	 0.015504101389981
3830.072586357590000	 0.015401189376352
3830.305544972420000	 0.015303247610353
3830.538503587250000	 0.015217033126532
3830.771462202070000	 0.015147333105607
3831.004420816900000	 0.015096043914662
3831.237379431720000	 0.015062370218369
3831.470338046550000	 0.015044892733845
3831.703296661380000	 0.015044993524438
3831.936255276200000	 0.015069782703250
3832.169213891030000	 0.015132152791162
3832.402172505860000	 0.015246411706698
3832.635131120680000	 0.015420054706937
3832.868089735510000	 0.015644932283804
3833.101048350330000	 0.015892840941047
3833.334006965160000	 0.016119551732774
3833.566965579990000	 0.016277096469860
3833.799924194810000	 0.016329246560773
3834.032882809640000	 0.016263264023018
3834.265841424470000	 0.016093426428190
3834.498800039290000	 0.015856224258343
3834.731758654120000	 0.015600380079412
3834.964717268940000	 0.015375686242706
3835.197675883770000	 0.015223697886591
3835.430634498600000	 0.015171649676581
3835.663593113420000	 0.015229431523981
3835.896551728250000	 0.015388652224796
3836.129510343070000	 0.015623095780113
3836.362468957900000	 0.015891024866396
3836.595427572730000	 0.016140770615031
3836.828386187550000	 0.016320542419696
3837.061344802380000	 0.016391165659915
3837.294303417210000	 0.016338086881960
3837.527262032030000	 0.016178465817703
3837.760220646860000	 0.015960754435384
3837.993179261680000	 0.015756289143615
3838.226137876510000	 0.015643759196809
3838.459096491340000	 0.015688313799918
3838.692055106160000	 0.015918999324054
3838.925013720990000	 0.016311774683505
3839.157972335820000	 0.016788133776408
3839.390930950640000	 0.017236136673543
3839.623889565470000	 0.017548869138927
3839.856848180290000	 0.017662275940632
3840.089806795120000	 0.017573022188549
3840.322765409950000	 0.017330406986452
3840.555724024770000	 0.017011803227312
3840.788682639600000	 0.016696098344801
3841.021641254430000	 0.016444547302569
3841.254599869250000	 0.016291287393148
3841.487558484080000	 0.016241783433066
3841.720517098900000	 0.016276806937987
3841.953475713730000	 0.016360137789323
3842.186434328560000	 0.016448416095823
3842.419392943380000	 0.016501236856017
3842.652351558210000	 0.016489422389199
3842.885310173030000	 0.016400055085149
3843.118268787860000	 0.016237998353500
3843.351227402690000	 0.016024425267094
3843.584186017510000	 0.015792938738049
3843.817144632340000	 0.015583616026900
3844.050103247170000	 0.015435343544395
3844.283061861990000	 0.015377318523532
3844.516020476820000	 0.015421337727102
3844.748979091640000	 0.015557067176764
3844.981937706470000	 0.015752477164507
3845.214896321300000	 0.015960602958292
3845.447854936120000	 0.016131571841229
3845.680813550950000	 0.016226158138461
3845.913772165780000	 0.016225790628576
3846.146730780600000	 0.016135389816682
3846.379689395430000	 0.015978916555952
3846.612648010250000	 0.015790529116940
3846.845606625080000	 0.015604980006388
3847.078565239910000	 0.015449774057947
3847.311523854730000	 0.015340226456755
3847.544482469560000	 0.015277828436661
3847.777441084380000	 0.015252022308517
3848.010399699210000	 0.015244957704486
3848.243358314040000	 0.015237893268079
3848.476316928860000	 0.015217179080626
3848.709275543690000	 0.015177852377335
3848.942234158520000	 0.015123846112163
3849.175192773340000	 0.015065112289156
3849.408151388170000	 0.015013023955314
3849.641110002990000	 0.014975915897053
3849.874068617820000	 0.014956402086529
3850.107027232650000	 0.014951200213520
3850.339985847470000	 0.014953000791280
3850.572944462300000	 0.014953120013114
3850.805903077130000	 0.014943735876804
3851.038861691950000	 0.014919286588593
3851.271820306780000	 0.014877492483962
3851.504778921600000	 0.014820798657816
3851.737737536430000	 0.014758544996965
3851.970696151260000	 0.014709124464183
3852.203654766080000	 0.014700436898056
3852.436613380910000	 0.014766647687403
3852.669571995740000	 0.014939886273981
3852.902530610560000	 0.015237356917561
3853.135489225390000	 0.015647702344293
3853.368447840210000	 0.016124357329441
3853.601406455040000	 0.016594209833505
3853.834365069870000	 0.016982922168038
3854.067323684690000	 0.017246248276528
3854.300282299520000	 0.017390255052968
3854.533240914340000	 0.017469378320133
3854.766199529170000	 0.017563435058684
3854.999158144000000	 0.017742958919740
3855.232116758820000	 0.018035122505065
3855.465075373650000	 0.018403997180305
3855.698033988480000	 0.018757506914205
3855.930992603300000	 0.018982626092085
3856.163951218130000	 0.018992217313168
3856.396909832950000	 0.018757714152701
3856.629868447780000	 0.018312935144838
3856.862827062610000	 0.017734421566771
3857.095785677430000	 0.017113996312974
3857.328744292260000	 0.016535924075520
3857.561702907090000	 0.016063022089122
3857.794661521910000	 0.015730778071074
3858.027620136740000	 0.015547113748130
3858.260578751560000	 0.015495969181633
3858.493537366390000	 0.015543591688722
3858.726495981220000	 0.015646553376283
3858.959454596040000	 0.015760226206134
3859.192413210870000	 0.015846269630412
3859.425371825700000	 0.015878019581716
3859.658330440520000	 0.015843333728489
3859.891289055350000	 0.015744947103326
3860.124247670170000	 0.015598501855429
3860.357206285000000	 0.015428416538231
3860.590164899830000	 0.015262082434914
3860.823123514650000	 0.015123596495524
3861.056082129480000	 0.015028911710142
3861.289040744300000	 0.014984201390147
3861.521999359130000	 0.014988028268189
3861.754957973960000	 0.015036024243441
3861.987916588780000	 0.015125318576815
3862.220875203610000	 0.015255906029894
3862.453833818440000	 0.015427733271799
3862.686792433260000	 0.015634795655422
3862.919751048090000	 0.015859708221377
3863.152709662910000	 0.016072733023033
3863.385668277740000	 0.016237414311038
3863.618626892570000	 0.016321426584013
3863.851585507390000	 0.016308019032235
3864.084544122220000	 0.016202765741002
3864.317502737050000	 0.016032763949082
3864.550461351870000	 0.015839260312488
3864.783419966700000	 0.015667396732073
3865.016378581520000	 0.015556995122657
3865.249337196350000	 0.015536533557775
3865.482295811180000	 0.015620211802461
3865.715254426000000	 0.015806647422981
3865.948213040830000	 0.016077945366177
3866.181171655650000	 0.016399408415722
3866.414130270480000	 0.016721835390414
3866.647088885310000	 0.016988522202363
3866.880047500130000	 0.017146912315785
3867.113006114960000	 0.017161621771559
3867.345964729790000	 0.017023902795212
3867.578923344610000	 0.016753879298472
3867.811881959440000	 0.016394968300579
3868.044840574260000	 0.016002699803975
3868.277799189090000	 0.015631558019841
3868.510757803920000	 0.015323606790475
3868.743716418740000	 0.015101963223358
3868.976675033570000	 0.014970805742490
3869.209633648400000	 0.014921587669451
3869.442592263220000	 0.014942839038314
3869.675550878050000	 0.015029245738251
3869.908509492870000	 0.015185614705815
3870.141468107700000	 0.015423310279711
3870.374426722530000	 0.015750152094420
3870.607385337350000	 0.016158145075032
3870.840343952180000	 0.016615233207345
3871.073302567010000	 0.017066443913867
3871.306261181830000	 0.017445954077212
3871.539219796660000	 0.017695863510967
3871.772178411480000	 0.017783076117314
3872.005137026310000	 0.017706392206415
3872.238095641140000	 0.017491848839541
3872.471054255960000	 0.017180876484605
3872.704012870790000	 0.016818135956266
3872.936971485610000	 0.016443583737600
3873.169930100440000	 0.016089531967553
3873.402888715270000	 0.015781005050503
3873.635847330090000	 0.015537185027230
3873.868805944920000	 0.015372448525433
3874.101764559750000	 0.015296493078908
3874.334723174570000	 0.015313708965769
3874.567681789400000	 0.015422087483320
3874.800640404220000	 0.015611813481459
3875.033599019050000	 0.015863749597799
3875.266557633880000	 0.016148564437447
3875.499516248700000	 0.016427960853525
3875.732474863530000	 0.016659429284805
3875.965433478360000	 0.016804495610874
3876.198392093180000	 0.016838121254573
3876.431350708010000	 0.016755535710596
3876.664309322830000	 0.016573642220420
3876.897267937660000	 0.016326570525517
3877.130226552490000	 0.016057133399350
3877.363185167310000	 0.015806840311428
3877.596143782140000	 0.015607022039444
3877.829102396970000	 0.015473143299099
3878.062061011790000	 0.015403642361060
3878.295019626620000	 0.015383430754064
3878.527978241440000	 0.015390636797814
3878.760936856270000	 0.015403985784757
3878.993895471100000	 0.015408179032470
3879.226854085920000	 0.015395929351469
3879.459812700750000	 0.015367202906670
3879.692771315570000	 0.015327546896637
3879.925729930400000	 0.015287336316707
3880.158688545230000	 0.015262407540611
3880.391647160050000	 0.015274738702910
3880.624605774880000	 0.015350747622262
3880.857564389710000	 0.015515227406485
3881.090523004530000	 0.015781065743184
3881.323481619360000	 0.016138036479987
3881.556440234180000	 0.016546536697524
3881.789398849010000	 0.016941938584695
3882.022357463840000	 0.017250849938442
3882.255316078660000	 0.017413724618011
3882.488274693490000	 0.017403719613842
3882.721233308320000	 0.017233355880240
3882.954191923140000	 0.016947264459621
3883.187150537970000	 0.016605980409718
3883.420109152790000	 0.016268341849788
3883.653067767620000	 0.015978450171757
3883.886026382450000	 0.015759730924448
3884.118984997270000	 0.015615611905640
3884.351943612100000	 0.015534621518209
3884.584902226920000	 0.015497275651237
3884.817860841750000	 0.015482613029312
3885.050819456580000	 0.015473247371909
3885.283778071400000	 0.015458838488850
3885.516736686230000	 0.015438413042020
3885.749695301060000	 0.015421698832770
3885.982653915880000	 0.015428798441601
3886.215612530710000	 0.015486795658758
3886.448571145530000	 0.015622061463101
3886.681529760360000	 0.015848692543475
3886.914488375190000	 0.016156572737610
3887.147446990010000	 0.016505428117378
3887.380405604840000	 0.016830893294519
3887.613364219670000	 0.017063016736626
3887.846322834490000	 0.017149605127998
3888.079281449320000	 0.017073053141905
3888.312240064140000	 0.016853391735522
3888.545198678970000	 0.016538342429282
3888.778157293800000	 0.016186701353238
3889.011115908620000	 0.015851994302351
3889.244074523450000	 0.015571026156168
3889.477033138280000	 0.015359267660081
3889.709991753100000	 0.015212949299697
3889.942950367930000	 0.015116120094120
3890.175908982750000	 0.015049724032791
3890.408867597580000	 0.014999413729989
3890.641826212410000	 0.014959802496390
3890.874784827230000	 0.014934801784717
3891.107743442060000	 0.014935427088052
3891.340702056880000	 0.014976880190429
3891.573660671710000	 0.015075731929401
3891.806619286540000	 0.015246607676742
3892.039577901360000	 0.015497218043801
3892.272536516190000	 0.015821650170774
3892.505495131020000	 0.016194205229978
3892.738453745840000	 0.016568122504305
3892.971412360670000	 0.016883024433712
3893.204370975490000	 0.017080837301053
3893.437329590320000	 0.017124392556150
3893.670288205150000	 0.017010221969463
3893.903246819970000	 0.016769717461555
3894.136205434800000	 0.016458761139610
3894.369164049630000	 0.016140788296800
3894.602122664450000	 0.015869651990377
3894.835081279280000	 0.015677358768930
3895.068039894100000	 0.015569517068811
3895.300998508930000	 0.015529048457257
3895.533957123760000	 0.015526333358978
3895.766915738580000	 0.015531741548137
3895.999874353410000	 0.015525537625345
3896.232832968240000	 0.015501536083926
3896.465791583060000	 0.015464208249972
3896.698750197890000	 0.015422199522570
3896.931708812710000	 0.015382404005874
3897.164667427540000	 0.015347464117122
3897.397626042370000	 0.015316986764583
3897.630584657190000	 0.015290537271462
3897.863543272020000	 0.015269745431644
3898.096501886840000	 0.015257874132855
3898.329460501670000	 0.015257234052524
3898.562419116500000	 0.015266576141303
3898.795377731320000	 0.015280936848786
3899.028336346150000	 0.015295063175261
3899.261294960980000	 0.015309188235617
3899.494253575800000	 0.015333868145054
3899.727212190630000	 0.015390130227383
3899.960170805450000	 0.015502900103377
3900.193129420280000	 0.015689003278305
3900.426088035110000	 0.015944507897255
3900.659046649930000	 0.016238056534804
3900.892005264760000	 0.016515610411606
3901.124963879590000	 0.016717116772386
3901.357922494410000	 0.016798822845593
3901.590881109240000	 0.016750827772095
3901.823839724060000	 0.016601736796303
3902.056798338890000	 0.016409390248696
3902.289756953720000	 0.016242813769139
3902.522715568540000	 0.016162042802494
3902.755674183370000	 0.016200766465596
3902.988632798190000	 0.016355357562598
3903.221591413020000	 0.016583970542566
3903.454550027850000	 0.016818579434650
3903.687508642670000	 0.016988157268245
3903.920467257500000	 0.017044222381140
3904.153425872330000	 0.016977168113069
3904.386384487150000	 0.016816986961840
3904.619343101980000	 0.016620606308710
3904.852301716800000	 0.016452755322574
3905.085260331630000	 0.016366637716831
3905.318218946460000	 0.016388561284513
3905.551177561280000	 0.016510003784931
3905.784136176110000	 0.016690344653193
3906.017094790940000	 0.016870861784075
3906.250053405760000	 0.016995307357655
3906.483012020590000	 0.017028277353195
3906.715970635410000	 0.016963715336138
3906.948929250240000	 0.016821537057453
3907.181887865070000	 0.016636002922489
3907.414846479890000	 0.016441845937212
3907.647805094720000	 0.016263460959014
3907.880763709550000	 0.016110294273412
3908.113722324370000	 0.015978972436483
3908.346680939200000	 0.015860168251124
3908.579639554020000	 0.015746456160713
3908.812598168850000	 0.015637343885712
3909.045556783680000	 0.015539444498768
3909.278515398500000	 0.015462403954941
3909.511474013330000	 0.015413261032969
3909.744432628150000	 0.015392416037815
3909.977391242980000	 0.015393266640749
3910.210349857810000	 0.015405513227128
3910.443308472630000	 0.015420176427823
3910.676267087460000	 0.015433497600846
3910.909225702290000	 0.015447594727767
3911.142184317110000	 0.015467647288345
3911.375142931940000	 0.015497378369626
3911.608101546760000	 0.015535523718527
3911.841060161590000	 0.015575333169390
3912.074018776420000	 0.015607373237449
3912.306977391240000	 0.015624024839694
3912.539936006070000	 0.015623135901868
3912.772894620900000	 0.015608798539500
3913.005853235720000	 0.015588872304867
3913.238811850550000	 0.015570710543258
3913.471770465370000	 0.015557506897654
3913.704729080200000	 0.015547241088847
3913.937687695030000	 0.015534668602138
3914.170646309850000	 0.015515069146257
3914.403604924680000	 0.015487516274511
3914.636563539510000	 0.015455777312243
3914.869522154330000	 0.015426384955892
3915.102480769160000	 0.015405092505001
3915.335439383980000	 0.015393846448438
3915.568397998810000	 0.015390062552921
3915.801356613640000	 0.015388621218255
3916.034315228460000	 0.015385426124920
3916.267273843290000	 0.015380494174782
3916.500232458110000	 0.015378845465517
3916.733191072940000	 0.015388744498510
3916.966149687770000	 0.015418336233144
3917.199108302590000	 0.015472529809662
3917.432066917420000	 0.015551651972674
3917.665025532250000	 0.015652172680663
3917.897984147070000	 0.015768474017349
3918.130942761900000	 0.015894034099636
3918.363901376720000	 0.016020971263030
3918.596859991550000	 0.016138364853009
3918.829818606380000	 0.016231169022330
3919.062777221200000	 0.016281752162996
3919.295735836030000	 0.016274736899877
3919.528694450860000	 0.016203662108039
3919.761653065680000	 0.016076456753768
3919.994611680510000	 0.015916779910418
3920.227570295330000	 0.015759843340753
3920.460528910160000	 0.015643503859754
3920.693487524990000	 0.015597246874130
3920.926446139810000	 0.015632640287728
3921.159404754640000	 0.015738722632857
3921.392363369460000	 0.015884489272334
3921.625321984290000	 0.016028196374421
3921.858280599120000	 0.016130293437064
3922.091239213940000	 0.016164943180006
3922.324197828770000	 0.016125741271191
3922.557156443600000	 0.016024269413905
3922.790115058420000	 0.015883527128150
3923.023073673250000	 0.015729954025477
3923.256032288070000	 0.015587143698804
3923.488990902900000	 0.015472528113112
3923.721949517730000	 0.015396656595379
3923.954908132550000	 0.015363927720842
3924.187866747380000	 0.015373735440938
3924.420825362210000	 0.015421546506579
3924.653783977030000	 0.015499949462911
3924.886742591860000	 0.015599879406470
3925.119701206680000	 0.015711998488100
3925.352659821510000	 0.015827858296027
3925.585618436340000	 0.015940344551941
3925.818577051160000	 0.016043204443134
3926.051535665990000	 0.016130055988364
3926.284494280820000	 0.016193774321968
3926.517452895640000	 0.016227117865690
3926.750411510470000	 0.016224773703152
3926.983370125290000	 0.016186002104243
3927.216328740120000	 0.016116386886499
3927.449287354950000	 0.016027380555748
3927.682245969770000	 0.015933377933181
3927.915204584600000	 0.015847377187759
3928.148163199420000	 0.015777105141597
3928.381121814250000	 0.015723337144928
3928.614080429080000	 0.015681145364121
3928.847039043900000	 0.015643474923927
3929.079997658730000	 0.015605369946444
3929.312956273560000	 0.015566829447057
3929.545914888380000	 0.015532894511120
3929.778873503210000	 0.015510953005535
3930.011832118030000	 0.015506708520656
3930.244790732860000	 0.015520951198070
3930.477749347690000	 0.015548775036832
3930.710707962510000	 0.015581532870022
3930.943666577340000	 0.015610407827829
3931.176625192170000	 0.015629759053128
3931.409583806990000	 0.015638695546031
3931.642542421820000	 0.015640432120185
3931.875501036640000	 0.015640230694173
3932.108459651470000	 0.015643370308571
3932.341418266300000	 0.015654245705029
3932.574376881120000	 0.015676651728990
3932.807335495950000	 0.015714309277520
3933.040294110780000	 0.015770415731188
3933.273252725600000	 0.015845679960586
3933.506211340430000	 0.015935564883200
3933.739169955250000	 0.016028521150300
3933.972128570080000	 0.016107044135319
3934.205087184910000	 0.016152132020484
3934.438045799730000	 0.016149747501917
3934.671004414560000	 0.016096412745568
3934.903963029380000	 0.016001137980905
3935.136921644210000	 0.015882553676311
3935.369880259040000	 0.015762399881219
3935.602838873860000	 0.015658151695907
3935.835797488690000	 0.015577806786934
3936.068756103520000	 0.015518805596673
3936.301714718340000	 0.015471264195539
3936.534673333170000	 0.015423886970801
3936.767631947990000	 0.015369810332708
3937.000590562820000	 0.015309764864698
3937.233549177650000	 0.015251356932503
3937.466507792470000	 0.015205233606022
3937.699466407300000	 0.015180300830163
3937.932425022130000	 0.015180300137569
3938.165383636950000	 0.015203025162775
3938.398342251780000	 0.015241984475476
3938.631300866600000	 0.015289186634956
3938.864259481430000	 0.015337448621903
3939.097218096260000	 0.015381260156652
3939.330176711080000	 0.015416336075280
3939.563135325910000	 0.015438852373722
3939.796093940730000	 0.015445454814353
3940.029052555560000	 0.015434431305707
3940.262011170390000	 0.015407431212988
3940.494969785210000	 0.015370470198289
3940.727928400040000	 0.015333145610379
3940.960887014870000	 0.015305954218604
3941.193845629690000	 0.015296763873251
3941.426804244520000	 0.015308103134509
3941.659762859340000	 0.015336625896073
3941.892721474170000	 0.015375079328256
3942.125680089000000	 0.015415904602444
3942.358638703820000	 0.015454810389057
3942.591597318650000	 0.015492664793038
3942.824555933480000	 0.015534874780740
3943.057514548300000	 0.015588638108822
3943.290473163130000	 0.015659392910705
3943.523431777950000	 0.015747993714665
3943.756390392780000	 0.015849638786282
3943.989349007610000	 0.015954739967993
3944.222307622430000	 0.016051170251574
3944.455266237260000	 0.016126924014330
3944.688224852090000	 0.016172307563321
3944.921183466910000	 0.016181257155028
3945.154142081740000	 0.016151922884330
3945.387100696560000	 0.016086874379890
3945.620059311390000	 0.015993068285958
3945.853017926220000	 0.015881331132349
3946.085976541040000	 0.015764959218386
3946.318935155870000	 0.015657345210614
3946.551893770690000	 0.015569176961737
3946.784852385520000	 0.015506279706961
3947.017811000350000	 0.015469130993356
3947.250769615170000	 0.015454356881472
3947.483728230000000	 0.015457490260516
3947.716686844830000	 0.015475553189411
3947.949645459650000	 0.015508064872126
3948.182604074480000	 0.015555898555517
3948.415562689300000	 0.015618608989396
3948.648521304130000	 0.015691791368704
3948.881479918960000	 0.015766168013294
3949.114438533780000	 0.015829290872341
3949.347397148610000	 0.015869376705254
3949.580355763440000	 0.015879581459684
3949.813314378260000	 0.015860663048518
3950.046272993090000	 0.015820734820386
3950.279231607910000	 0.015772276418065
3950.512190222740000	 0.015727878275123
3950.745148837570000	 0.015696601900737
3950.978107452390000	 0.015682229508918
3951.211066067220000	 0.015683566597051
3951.444024682050000	 0.015696030622243
3951.676983296870000	 0.015713437848833
3951.909941911700000	 0.015729233704784
3952.142900526520000	 0.015737108395307
3952.375859141350000	 0.015731516073459
3952.608817756180000	 0.015708668181818
3952.841776371000000	 0.015668058671869
3953.074734985830000	 0.015613862703322
3953.307693600660000	 0.015555142801294
3953.540652215480000	 0.015504048513324
3953.773610830310000	 0.015472109701613
3954.006569445130000	 0.015465891907747
3954.239528059960000	 0.015484008715595
3954.472486674790000	 0.015517182375264
3954.705445289610000	 0.015551703083657
3954.938403904440000	 0.015574937590397
3955.171362519260000	 0.015580422633867
3955.404321134090000	 0.015570177570881
3955.637279748920000	 0.015553175584607
3955.870238363740000	 0.015540790700527
3956.103196978570000	 0.015541514876865
3956.336155593400000	 0.015557514058847
3956.569114208220000	 0.015584532830878
3956.802072823050000	 0.015614885593578
3957.035031437870000	 0.015641745146924
3957.267990052700000	 0.015662405580408
3957.500948667530000	 0.015678876794248
3957.733907282350000	 0.015695691525504
3957.966865897180000	 0.015716350630206
3958.199824512000000	 0.015740529154611
3958.432783126830000	 0.015763632581106
3958.665741741660000	 0.015778890028103
3958.898700356480000	 0.015780738129634
3959.131658971310000	 0.015767574188116
3959.364617586140000	 0.015742375291677
3959.597576200960000	 0.015710934457791
3959.830534815790000	 0.015678826777542
3960.063493430610000	 0.015648883735615
3960.296452045440000	 0.015620553390218
3960.529410660270000	 0.015591357595923
3960.762369275090000	 0.015559448671376
3960.995327889920000	 0.015525692824382
3961.228286504750000	 0.015494050662873
3961.461245119570000	 0.015470067271593
3961.694203734400000	 0.015458404806964
3961.927162349220000	 0.015460864271814
3962.160120964050000	 0.015475950374844
3962.393079578880000	 0.015500029144523
3962.626038193700000	 0.015529169777262
3962.858996808530000	 0.015560423056722
3963.091955423360000	 0.015591746585729
3963.324914038180000	 0.015620761291458
3963.557872653010000	 0.015643413859620
3963.790831267830000	 0.015653830882542
3964.023789882660000	 0.015645988837067
3964.256748497490000	 0.015616666137102
3964.489707112310000	 0.015568196597360
3964.722665727140000	 0.015509390104334
3964.955624341960000	 0.015453753441725
3965.188582956790000	 0.015415450659333
3965.421541571620000	 0.015404597176639
3965.654500186440000	 0.015423859115566
3965.887458801270000	 0.015467736290290
3966.120417416100000	 0.015524687289173
3966.353376030920000	 0.015581049557702
3966.586334645750000	 0.015625084580477
3966.819293260570000	 0.015649674831961
3967.052251875400000	 0.015653041661314
3967.285210490230000	 0.015637844677978
3967.518169105050000	 0.015609604710612
3967.751127719880000	 0.015575290641327
3967.984086334710000	 0.015542319230026
3968.217044949530000	 0.015517643117288
3968.450003564360000	 0.015506494156839
3968.682962179180000	 0.015510787992760
3968.915920794010000	 0.015527839844036
3969.148879408840000	 0.015550358250020
3969.381838023660000	 0.015568330875295
3969.614796638490000	 0.015572502766097
3969.847755253320000	 0.015558169546137
3970.080713868140000	 0.015527545296382
3970.313672482970000	 0.015489368077619
3970.546631097790000	 0.015455605892894
3970.779589712620000	 0.015436585682697
3971.012548327450000	 0.015436779927910
3971.245506942270000	 0.015453249005652
3971.478465557100000	 0.015477418392807
3971.711424171920000	 0.015499200751072
3971.944382786750000	 0.015511366911358
3972.177341401580000	 0.015512078395344
3972.410300016400000	 0.015504565779897
3972.643258631230000	 0.015494485057430
3972.876217246060000	 0.015486669621882
3973.109175860880000	 0.015483165718168
3973.342134475710000	 0.015483521115955
3973.575093090530000	 0.015486852523753
3973.808051705360000	 0.015494099300886
3974.041010320190000	 0.015508734024118
3974.273968935010000	 0.015535147994839
3974.506927549840000	 0.015575429720537
3974.739886164670000	 0.015626400476262
3974.972844779490000	 0.015678836880848
3975.205803394320000	 0.015719736613840
3975.438762009140000	 0.015736887698683
3975.671720623970000	 0.015723745870055
3975.904679238800000	 0.015682347129837
3976.137637853620000	 0.015622846360827
3976.370596468450000	 0.015559883341083
3976.603555083270000	 0.015507496006949
3976.836513698100000	 0.015474875619002
3977.069472312930000	 0.015464595792735
3977.302430927750000	 0.015473523042244
3977.535389542580000	 0.015495309806547
3977.768348157410000	 0.015522875519702
3978.001306772230000	 0.015549750553676
3978.234265387060000	 0.015570199093332
3978.467224001880000	 0.015578957753491
3978.700182616710000	 0.015571635478773
3978.933141231540000	 0.015546196707389
3979.166099846360000	 0.015504921198388
3979.399058461190000	 0.015455493244148
3979.632017076020000	 0.015409959949223
3979.864975690840000	 0.015381285154564
3980.097934305670000	 0.015378623493940
3980.330892920490000	 0.015403412709540
3980.563851535320000	 0.015448261955704
3980.796810150150000	 0.015499380669246
3981.029768764970000	 0.015541607626805
3981.262727379800000	 0.015563857291591
3981.495685994630000	 0.015562621029407
3981.728644609450000	 0.015542132321001
3981.961603224280000	 0.015511454870416
3982.194561839100000	 0.015480219253408
3982.427520453930000	 0.015455205377486
3982.660479068760000	 0.015439210659052
3982.893437683580000	 0.015432177851630
3983.126396298410000	 0.015433288675643
3983.359354913240000	 0.015442368825192
3983.592313528060000	 0.015459634305770
3983.825272142890000	 0.015484074765520
3984.058230757710000	 0.015511814091968
3984.291189372540000	 0.015535937814955
3984.524147987370000	 0.015548419326414
3984.757106602190000	 0.015543438797009
3984.990065217020000	 0.015520385430621
3985.223023831840000	 0.015484784951755
3985.455982446670000	 0.015446393477961
3985.688941061500000	 0.015415238289164
3985.921899676320000	 0.015397582541789
3986.154858291150000	 0.015393899228059
3986.387816905980000	 0.015399858407514
3986.620775520800000	 0.015409682378009
3986.853734135630000	 0.015419936441168
3987.086692750450000	 0.015431597311049
3987.319651365280000	 0.015449208070961
3987.552609980110000	 0.015477582470628
3987.785568594930000	 0.015517937603498
3988.018527209760000	 0.015565681765174
3988.251485824590000	 0.015611168785376
3988.484444439410000	 0.015643113457532
3988.717403054240000	 0.015652962771326
3988.950361669060000	 0.015638063196983
3989.183320283890000	 0.015602163023229
3989.416278898720000	 0.015553252308455
3989.649237513540000	 0.015500147299061
3989.882196128370000	 0.015449747920940
3990.115154743190000	 0.015406249194060
3990.348113358020000	 0.015372226026689
3990.581071972850000	 0.015350311746556
3990.814030587670000	 0.015343882644574
3991.046989202500000	 0.015355916685999
3991.279947817330000	 0.015386548461617
3991.512906432150000	 0.015430939781918
3991.745865046980000	 0.015479191740154
3991.978823661800000	 0.015519009554275
3992.211782276630000	 0.015540258111790
3992.444740891460000	 0.015539307365447
3992.677699506280000	 0.015520888401050
3992.910658121110000	 0.015496256031571
3993.143616735930000	 0.015478293663618
3993.376575350760000	 0.015475807249906
3993.609533965590000	 0.015489704125658
3993.842492580410000	 0.015512793363564
3994.075451195240000	 0.015533157233814
3994.308409810070000	 0.015539389579411
3994.541368424890000	 0.015525253219591
3994.774327039720000	 0.015491764901229
3995.007285654540000	 0.015446104041243
3995.240244269370000	 0.015398317187982
3995.473202884200000	 0.015357685862255
3995.706161499020000	 0.015330395120535
3995.939120113850000	 0.015319065759495
3996.172078728680000	 0.015323562468493
3996.405037343500000	 0.015341963650643
3996.637995958330000	 0.015370899114096
3996.870954573150000	 0.015405307521169
3997.103913187980000	 0.015438397280959
3997.336871802810000	 0.015462664388902
3997.569830417630000	 0.015472141522812
3997.802789032460000	 0.015465058982648
3998.035747647290000	 0.015445452992019
3998.268706262110000	 0.015422447687105
3998.501664876940000	 0.015406992899456
3998.734623491760000	 0.015407258387297
3998.967582106590000	 0.015424840057344
3999.200540721420000	 0.015453765936715
3999.433499336240000	 0.015482989170321
3999.666457951070000	 0.015501305455479
3999.899416565900000	 0.015502371730923
