2487.376,1666.000,1639.000,1546.000,1499.000,1545.000,1463.000,1457.000,1399.000,1414.000,1362.000
2488.829,1683.000,1668.000,1576.000,1520.000,1520.000,1494.000,1471.000,1438.000,1422.000,1369.000
2490.281,1666.000,1628.000,1596.000,1545.000,1527.000,1513.000,1456.000,1430.000,1449.000,1401.000
2491.734,1640.000,1632.000,1592.000,1550.000,1515.000,1498.000,1504.000,1460.000,1410.000,1410.000
2493.186,1663.000,1627.000,1569.000,1533.000,1520.000,1507.000,1547.000,1426.000,1427.000,1407.000
2494.638,1675.000,1638.000,1617.000,1552.000,1572.000,1520.000,1488.000,1457.000,1443.000,1394.000
2496.090,1647.000,1639.000,1606.000,1543.000,1538.000,1486.000,1463.000,1497.000,1437.000,1417.000
2497.543,1718.000,1642.000,1623.000,1558.000,1503.000,1500.000,1482.000,1468.000,1434.000,1377.000
2498.994,1656.000,1646.000,1609.000,1547.000,3040.000,1508.000,1486.000,1502.000,1408.000,1389.000
2500.445,1707.000,1656.000,1616.000,1537.000,8467.000,1490.000,1492.000,1451.000,1459.000,1396.000
2501.895,1695.000,1682.000,1607.000,1549.000,1648.000,1536.000,1493.000,1469.000,1435.000,1398.000
2503.346,1681.000,1695.000,1618.000,1582.000,1547.000,1524.000,1511.000,1475.000,1426.000,1414.000
2504.796,1706.000,1657.000,1627.000,1557.000,1541.000,1534.000,1562.000,1514.000,1446.000,1399.000
2506.246,1694.000,1670.000,1598.000,1611.000,1563.000,1515.000,1864.000,1507.000,1427.000,1405.000
2507.695,1666.000,1681.000,1590.000,1540.000,1568.000,1509.000,1526.000,1474.000,1421.000,1430.000
2509.145,1723.000,1667.000,1620.000,1606.000,1554.000,1544.000,1513.000,1462.000,1446.000,1417.000
2510.594,1678.000,1664.000,1632.000,1562.000,1553.000,1515.000,1495.000,1471.000,1458.000,1428.000
2512.042,1735.000,1691.000,1612.000,1579.000,1547.000,1505.000,1512.000,1470.000,1463.000,1407.000
2513.491,1709.000,1636.000,1607.000,1604.000,1549.000,1512.000,1525.000,1457.000,1455.000,1402.000
2514.941,1746.000,1667.000,1628.000,1600.000,1575.000,1497.000,1528.000,1465.000,1448.000,1417.000
2516.389,1683.000,1698.000,1629.000,1587.000,1550.000,1518.000,1493.000,1481.000,1472.000,1439.000
2517.837,1743.000,1682.000,1609.000,1597.000,1539.000,1550.000,1560.000,1479.000,1447.000,1432.000
2519.284,1721.000,1712.000,1630.000,1568.000,1539.000,1522.000,1491.000,1507.000,1460.000,1412.000
2520.732,1699.000,1677.000,1630.000,1579.000,1560.000,1539.000,1510.000,1494.000,1447.000,1430.000
2522.179,1736.000,1668.000,1601.000,1603.000,1606.000,1524.000,1515.000,1477.000,1447.000,1436.000
2523.625,1736.000,1706.000,1627.000,1561.000,1547.000,1514.000,1513.000,1496.000,1473.000,1452.000
2525.072,1726.000,1665.000,1638.000,1602.000,1547.000,1529.000,1512.000,1461.000,1476.000,1427.000
2526.518,1731.000,1686.000,1647.000,1599.000,1599.000,1526.000,1568.000,1490.000,1462.000,1420.000
2527.964,1745.000,1679.000,1669.000,1604.000,1575.000,1551.000,1531.000,1490.000,1454.000,1425.000
2529.410,1723.000,1665.000,1675.000,1579.000,1586.000,1553.000,1527.000,1509.000,1464.000,1411.000
2530.855,1729.000,1674.000,1677.000,1585.000,1566.000,1533.000,1497.000,1500.000,1441.000,1425.000
2532.302,1743.000,1715.000,1631.000,1586.000,1575.000,1521.000,1504.000,1507.000,1464.000,1433.000
2533.747,1763.000,1731.000,1639.000,1611.000,1567.000,1531.000,1496.000,1480.000,1445.000,1460.000
2535.192,1688.000,1669.000,1666.000,1640.000,1551.000,1571.000,1520.000,1542.000,1466.000,1418.000
2536.636,1733.000,1697.000,1665.000,1608.000,1579.000,1554.000,1497.000,1471.000,1449.000,1422.000
2538.080,1741.000,1705.000,1633.000,1586.000,1573.000,1526.000,1527.000,1495.000,1459.000,1419.000
2539.524,1736.000,1685.000,1668.000,1597.000,1557.000,1518.000,1560.000,1501.000,1435.000,1425.000
2540.968,1753.000,1692.000,1659.000,1581.000,1567.000,1544.000,1487.000,1534.000,1481.000,1409.000
2542.411,1734.000,1697.000,1644.000,1598.000,1593.000,1563.000,1531.000,1486.000,1458.000,1464.000
2543.855,1717.000,1714.000,1690.000,1603.000,1579.000,1554.000,1550.000,1517.000,1503.000,1426.000
2545.298,1753.000,1696.000,1656.000,1629.000,1609.000,1577.000,1547.000,1509.000,1488.000,1476.000
2546.740,1717.000,1731.000,1665.000,1616.000,1554.000,1565.000,1548.000,1507.000,1464.000,1448.000
2548.183,1735.000,1722.000,1680.000,1599.000,1592.000,1580.000,1547.000,1524.000,1477.000,1442.000
2549.626,1771.000,1675.000,1639.000,1632.000,1611.000,1545.000,1570.000,1514.000,1503.000,1464.000
2551.068,1778.000,1706.000,1647.000,1604.000,1596.000,1556.000,1556.000,1514.000,1483.000,1453.000
2552.510,1784.000,1694.000,1686.000,1635.000,1598.000,1567.000,1570.000,1523.000,1468.000,1438.000
2553.951,1751.000,1713.000,1645.000,1603.000,1578.000,1558.000,1550.000,1528.000,1475.000,1488.000
2555.392,1775.000,1710.000,1633.000,1609.000,1588.000,1580.000,1523.000,1547.000,1480.000,1470.000
2556.833,1740.000,1711.000,1680.000,1658.000,1588.000,1513.000,1573.000,1512.000,1505.000,1446.000
2558.274,1770.000,1708.000,1684.000,1610.000,1569.000,1563.000,1519.000,1514.000,1504.000,1478.000
2559.714,1757.000,1720.000,1681.000,1619.000,1631.000,1576.000,1570.000,1525.000,1470.000,1443.000
2561.154,1734.000,1727.000,1680.000,1626.000,2309.000,1576.000,1570.000,1539.000,1498.000,1451.000
2562.594,1756.000,1745.000,1649.000,1651.000,5620.000,1593.000,1524.000,1525.000,1500.000,1468.000
2564.034,1753.000,1711.000,1666.000,1623.000,1797.000,1543.000,1563.000,1510.000,1530.000,1467.000
2565.473,1744.000,1725.000,1716.000,1616.000,1628.000,1587.000,1579.000,1550.000,1496.000,1489.000
2566.914,1784.000,1744.000,1690.000,1640.000,1602.000,1581.000,1592.000,1551.000,1504.000,1462.000
2568.352,1769.000,1736.000,1724.000,1636.000,1587.000,1599.000,1579.000,1531.000,1527.000,1457.000
2569.791,1799.000,1737.000,1743.000,1638.000,1617.000,1592.000,1540.000,1557.000,1498.000,1460.000
2571.229,1775.000,1744.000,1721.000,1632.000,1608.000,1614.000,1574.000,1540.000,1510.000,1486.000
2572.667,1800.000,1724.000,1691.000,1654.000,1628.000,1618.000,1552.000,1551.000,1505.000,1466.000
2574.105,1826.000,1787.000,1727.000,1637.000,1631.000,1626.000,1565.000,1546.000,1514.000,1474.000
2575.543,1782.000,1781.000,1708.000,1636.000,1640.000,1565.000,1590.000,1539.000,1541.000,1464.000
2576.980,1761.000,1742.000,1735.000,1634.000,1636.000,1607.000,1538.000,1554.000,1536.000,1512.000
2578.417,1796.000,1753.000,1670.000,1643.000,1606.000,1591.000,1587.000,1541.000,1495.000,1501.000
2579.854,1759.000,1710.000,1738.000,1602.000,1602.000,1598.000,1581.000,1538.000,1514.000,1466.000
2581.290,1789.000,1815.000,1684.000,1684.000,1659.000,1577.000,1585.000,1532.000,1533.000,1488.000
2582.727,1771.000,1789.000,1716.000,1678.000,1650.000,1606.000,1609.000,1554.000,1521.000,1494.000
2584.164,1787.000,1791.000,1739.000,1673.000,1663.000,1610.000,1622.000,1543.000,1536.000,1495.000
2585.600,1782.000,1767.000,1675.000,1660.000,1618.000,1636.000,1599.000,1590.000,1518.000,1484.000
2587.036,1825.000,1752.000,1709.000,1696.000,1599.000,1615.000,1587.000,1564.000,1536.000,1473.000
2588.471,1782.000,1781.000,1676.000,1670.000,1616.000,1631.000,1607.000,1566.000,1525.000,1509.000
2589.906,1792.000,1779.000,1734.000,1645.000,1667.000,1644.000,1620.000,1539.000,1551.000,1511.000
2591.341,1831.000,1814.000,1736.000,1704.000,1666.000,1615.000,1577.000,1591.000,1539.000,1502.000
2592.775,1781.000,1776.000,1772.000,1676.000,1640.000,1614.000,1594.000,1571.000,1543.000,1493.000
2594.209,1821.000,1776.000,1759.000,1718.000,1678.000,1642.000,1612.000,1592.000,1537.000,1511.000
2595.643,1837.000,1804.000,1695.000,1635.000,1626.000,1606.000,1586.000,1560.000,1539.000,1505.000
2597.077,1799.000,1826.000,1740.000,1707.000,1680.000,1613.000,1594.000,1600.000,1533.000,1558.000
2598.510,1825.000,1771.000,1746.000,1677.000,1684.000,1629.000,1599.000,1589.000,1518.000,1530.000
2599.944,1834.000,1808.000,1769.000,1703.000,1645.000,1596.000,1571.000,1558.000,1558.000,1528.000
2601.378,1792.000,1785.000,1721.000,1682.000,1688.000,1629.000,1599.000,1597.000,1543.000,1533.000
2602.811,1820.000,1776.000,1724.000,1703.000,1652.000,1640.000,1611.000,1578.000,1598.000,1520.000
2604.243,1826.000,1767.000,1738.000,1703.000,1668.000,1648.000,1641.000,1629.000,1586.000,1514.000
2605.676,1883.000,1802.000,1716.000,1758.000,1670.000,1653.000,1617.000,1632.000,1559.000,1538.000
2607.108,1832.000,1777.000,1750.000,1675.000,1720.000,1635.000,1651.000,1558.000,1579.000,1500.000
2608.539,1827.000,1789.000,1751.000,1687.000,1679.000,1650.000,1635.000,1627.000,1560.000,1517.000
2609.971,1828.000,1805.000,1735.000,1680.000,1668.000,1624.000,1633.000,1576.000,1568.000,1495.000
2611.402,1861.000,1834.000,1769.000,1680.000,1647.000,1649.000,1656.000,1631.000,1538.000,1526.000
2612.833,1852.000,1818.000,1734.000,1722.000,1701.000,1676.000,1601.000,1603.000,1574.000,1543.000
2614.264,1864.000,1834.000,1764.000,1719.000,1699.000,1646.000,1628.000,1597.000,1581.000,1540.000
2615.694,1851.000,1845.000,1778.000,1676.000,1689.000,1660.000,1627.000,1645.000,1553.000,1513.000
2617.124,1868.000,1810.000,1741.000,1721.000,1695.000,1613.000,1607.000,1620.000,1575.000,1516.000
2618.556,1824.000,1803.000,1798.000,1722.000,1669.000,1658.000,1639.000,1644.000,1538.000,1548.000
2619.985,1855.000,1801.000,1763.000,1733.000,1649.000,1647.000,1634.000,1600.000,1541.000,1541.000
2621.415,1854.000,1845.000,1774.000,1672.000,1695.000,1660.000,1644.000,1624.000,1579.000,1554.000
2622.844,1859.000,1824.000,1775.000,1726.000,1708.000,1658.000,1651.000,1625.000,1560.000,1552.000
2624.273,1855.000,1827.000,1776.000,1713.000,1660.000,1684.000,1627.000,1615.000,1577.000,1520.000
2625.702,1875.000,1818.000,1751.000,1709.000,1702.000,1669.000,1655.000,1614.000,1568.000,1546.000
2627.130,1853.000,1829.000,1799.000,1717.000,1671.000,1632.000,1615.000,1625.000,1559.000,1546.000
2628.558,1879.000,1847.000,1782.000,1710.000,1718.000,1671.000,1632.000,1630.000,1593.000,1558.000
2629.986,1861.000,1840.000,1769.000,1749.000,1704.000,1660.000,1646.000,1612.000,1605.000,1556.000
2631.414,1884.000,1820.000,1782.000,1703.000,1701.000,1700.000,1659.000,1610.000,1587.000,1548.000
2632.841,1875.000,1811.000,1776.000,1744.000,1703.000,1654.000,1684.000,1633.000,1603.000,1573.000
2634.268,1852.000,1822.000,1759.000,1726.000,1683.000,1646.000,1639.000,1607.000,1580.000,1526.000
2635.697,1878.000,1791.000,1791.000,1731.000,1685.000,1678.000,1640.000,1642.000,1616.000,1553.000
2637.123,1863.000,1849.000,1794.000,1732.000,1702.000,1672.000,1626.000,1630.000,1588.000,1567.000
2638.550,1906.000,1861.000,1800.000,1727.000,1711.000,1668.000,1683.000,1626.000,1611.000,1593.000
2639.976,1895.000,1835.000,1784.000,1755.000,1743.000,1692.000,1656.000,1613.000,1627.000,1556.000
2641.402,1868.000,1827.000,1787.000,1751.000,1725.000,1683.000,1704.000,1621.000,1606.000,1559.000
2642.827,1889.000,1863.000,1803.000,1734.000,1707.000,1677.000,1661.000,1644.000,1598.000,1602.000
2644.253,1840.000,1855.000,1752.000,1753.000,1731.000,1703.000,1635.000,1650.000,1587.000,1568.000
2645.678,1931.000,1855.000,1797.000,1721.000,1730.000,1661.000,1667.000,1632.000,1577.000,1581.000
2647.103,1825.000,1861.000,1781.000,1751.000,1705.000,1716.000,1663.000,1636.000,1569.000,1582.000
2648.528,1855.000,1864.000,1810.000,1751.000,1714.000,1693.000,1663.000,1667.000,1599.000,1579.000
2649.952,1880.000,1843.000,1820.000,1719.000,1691.000,1714.000,1680.000,1646.000,1571.000,1599.000
2651.376,1883.000,1859.000,1752.000,1781.000,1714.000,1713.000,1657.000,1654.000,1617.000,1610.000
2652.802,1865.000,1844.000,1788.000,1749.000,1734.000,1691.000,1658.000,1652.000,1600.000,1539.000
2654.225,1898.000,1855.000,1820.000,1740.000,1725.000,1676.000,1666.000,1658.000,1623.000,1563.000
2655.649,1852.000,1896.000,1803.000,1791.000,1743.000,1719.000,1664.000,1624.000,1566.000,1556.000
2657.072,1847.000,1889.000,1803.000,1739.000,1696.000,1693.000,1705.000,1632.000,1616.000,1559.000
2658.495,1876.000,1854.000,1812.000,1746.000,1722.000,1698.000,1707.000,1649.000,1648.000,1536.000
2659.917,1889.000,1891.000,1786.000,1721.000,1744.000,1695.000,1687.000,1647.000,1645.000,1537.000
2661.340,1909.000,1883.000,1760.000,1801.000,1790.000,1711.000,1703.000,1661.000,1621.000,1579.000
2662.762,1919.000,1876.000,1863.000,1774.000,1741.000,1695.000,1685.000,1671.000,1629.000,1573.000
2664.184,1880.000,1875.000,1793.000,1747.000,1745.000,1706.000,1684.000,1672.000,1635.000,1581.000
2665.605,1894.000,1866.000,1801.000,1777.000,1721.000,1692.000,1689.000,1671.000,1622.000,1587.000
2667.027,1908.000,1869.000,1801.000,1765.000,1710.000,1752.000,1689.000,1646.000,1577.000,1578.000
2668.448,1910.000,1872.000,1837.000,1804.000,1763.000,1727.000,1666.000,1685.000,1633.000,1588.000
2669.870,1898.000,1915.000,1827.000,1766.000,1755.000,1706.000,1698.000,1657.000,1641.000,1556.000
2671.291,1915.000,1888.000,1843.000,1764.000,1741.000,1711.000,1713.000,1634.000,1603.000,1610.000
2672.711,1905.000,1891.000,1819.000,1812.000,1759.000,1699.000,1678.000,1673.000,1638.000,1599.000
2674.131,1935.000,1877.000,1885.000,1786.000,1776.000,1726.000,1728.000,1693.000,1669.000,1575.000
2675.551,1918.000,1833.000,1825.000,1784.000,1775.000,1728.000,1703.000,1680.000,1647.000,1599.000
2676.971,1918.000,1884.000,1827.000,1823.000,1749.000,1718.000,1706.000,1661.000,1615.000,1582.000
2678.390,1933.000,1926.000,1856.000,1757.000,1794.000,1723.000,1704.000,1654.000,1642.000,1618.000
2679.809,1922.000,1848.000,1825.000,1767.000,1769.000,1726.000,1729.000,1716.000,1626.000,1609.000
2681.228,1933.000,1920.000,1837.000,1811.000,1725.000,1742.000,1678.000,1672.000,1662.000,1617.000
2682.647,1930.000,1922.000,1830.000,1749.000,1750.000,1733.000,1691.000,1724.000,1638.000,1594.000
2684.065,1910.000,1887.000,1848.000,1835.000,1811.000,1728.000,1715.000,1703.000,1630.000,1590.000
2685.483,1904.000,1913.000,1867.000,1811.000,1802.000,1728.000,1715.000,1673.000,1612.000,1613.000
2686.903,1960.000,1907.000,1843.000,1803.000,1812.000,1748.000,1716.000,1701.000,1669.000,1611.000
2688.320,1950.000,1917.000,1827.000,1786.000,1728.000,1761.000,1681.000,1679.000,1669.000,1583.000
2689.738,1954.000,1896.000,1817.000,1893.000,1737.000,1730.000,1744.000,1666.000,1627.000,1671.000
2691.155,1973.000,1902.000,1873.000,1787.000,1773.000,1700.000,1676.000,1639.000,1675.000,1610.000
2692.572,1963.000,1919.000,1858.000,1760.000,1785.000,1735.000,1725.000,1693.000,1660.000,1613.000
2693.988,1958.000,1887.000,1883.000,1811.000,1796.000,1774.000,1755.000,1724.000,1653.000,1595.000
2695.405,1972.000,1913.000,1885.000,1821.000,1774.000,1763.000,1726.000,1671.000,1633.000,1611.000
2696.821,1934.000,1909.000,1907.000,1849.000,1780.000,1757.000,1719.000,1699.000,1640.000,1643.000
2698.237,1940.000,1915.000,1848.000,1835.000,1804.000,1724.000,1701.000,1700.000,1665.000,1660.000
2699.652,1942.000,1942.000,1886.000,1812.000,1824.000,1745.000,1710.000,1670.000,1638.000,1600.000
2701.068,1983.000,1940.000,1877.000,1776.000,1799.000,1770.000,1744.000,1701.000,1648.000,1664.000
2702.483,1956.000,1895.000,1867.000,1811.000,1777.000,1785.000,1762.000,1729.000,1693.000,1623.000
2703.899,1986.000,2003.000,1890.000,1834.000,1805.000,1769.000,1721.000,1729.000,1669.000,1632.000
2705.314,1957.000,1968.000,1915.000,1828.000,1819.000,1775.000,1749.000,1735.000,1690.000,1651.000
2706.728,1988.000,1955.000,1859.000,1844.000,1812.000,1807.000,1786.000,1737.000,1655.000,1641.000
2708.142,1959.000,1945.000,1873.000,1819.000,1798.000,1766.000,1707.000,1702.000,1673.000,1613.000
2709.556,2033.000,1939.000,1846.000,1829.000,1794.000,1786.000,1735.000,1699.000,1654.000,1620.000
2710.970,2007.000,1962.000,1876.000,1845.000,1819.000,1773.000,1729.000,1708.000,1707.000,1663.000
2712.383,1938.000,1932.000,1878.000,1835.000,1820.000,1791.000,1784.000,1728.000,1679.000,1628.000
2713.796,1996.000,1918.000,1891.000,1790.000,1800.000,1780.000,1740.000,1713.000,1664.000,1675.000
2715.209,2005.000,1934.000,1902.000,1856.000,1850.000,1805.000,1725.000,1736.000,1671.000,1645.000
2716.622,2038.000,1946.000,1926.000,1833.000,1844.000,1772.000,1780.000,1713.000,1720.000,1653.000
2718.034,1988.000,1943.000,1900.000,1822.000,1826.000,1786.000,1785.000,1701.000,1702.000,1674.000
2719.447,1992.000,1979.000,1901.000,1834.000,1846.000,1806.000,1781.000,1763.000,1649.000,1632.000
2720.860,1962.000,1915.000,1889.000,1845.000,1807.000,1779.000,1759.000,1753.000,1643.000,1679.000
2722.272,2000.000,1965.000,1862.000,1846.000,1846.000,1773.000,1751.000,1746.000,1701.000,1656.000
2723.683,2012.000,1979.000,1876.000,1848.000,1797.000,1792.000,1768.000,1740.000,1742.000,1644.000
2725.094,2000.000,1942.000,1939.000,1898.000,1816.000,1799.000,1766.000,1731.000,1709.000,1682.000
2726.505,2026.000,1947.000,1908.000,1856.000,1833.000,1777.000,1766.000,1750.000,1714.000,1636.000
2727.916,2007.000,1940.000,1904.000,1895.000,1849.000,1821.000,1803.000,1747.000,1683.000,1659.000
2729.326,2011.000,1952.000,1923.000,1875.000,1815.000,1835.000,1771.000,1697.000,1737.000,1657.000
2730.736,1984.000,2005.000,1904.000,1873.000,1867.000,1800.000,1775.000,1773.000,1715.000,1667.000
2732.146,2050.000,1939.000,1898.000,1848.000,1832.000,1784.000,1792.000,1730.000,1720.000,1626.000
2733.556,2025.000,1977.000,1915.000,1831.000,1833.000,1804.000,1803.000,1740.000,1668.000,1675.000
2734.965,2011.000,2012.000,1917.000,1864.000,1857.000,1779.000,1792.000,1757.000,1738.000,1649.000
2736.375,2028.000,2007.000,1902.000,1850.000,1857.000,1834.000,1783.000,1746.000,1712.000,1679.000
2737.785,2050.000,1947.000,1896.000,1883.000,1802.000,1803.000,1808.000,1742.000,1710.000,1656.000
2739.194,1975.000,2004.000,1943.000,1857.000,1845.000,1791.000,1766.000,1725.000,1720.000,1654.000
2740.602,2053.000,1954.000,1919.000,1883.000,1845.000,1825.000,1748.000,1704.000,1730.000,1668.000
2742.010,2042.000,1964.000,1907.000,1870.000,1859.000,1782.000,1775.000,1754.000,1687.000,1651.000
2743.418,2027.000,1949.000,1938.000,1852.000,1823.000,1802.000,1782.000,1743.000,1735.000,1690.000
2744.826,1982.000,1971.000,1901.000,1886.000,1854.000,1792.000,1777.000,1770.000,1724.000,1695.000
2746.234,2041.000,1949.000,1863.000,1889.000,1847.000,1815.000,1777.000,1755.000,1704.000,1639.000
2747.641,2007.000,1983.000,1930.000,1875.000,1805.000,1803.000,1776.000,1726.000,1691.000,1628.000
2749.048,2055.000,3351.000,1915.000,1837.000,1855.000,1769.000,1741.000,1757.000,1694.000,1628.000
2750.454,2037.000,2342.000,1956.000,1872.000,1809.000,1793.000,1763.000,1776.000,1704.000,1663.000
2751.861,2013.000,1988.000,1961.000,1848.000,1844.000,1813.000,1789.000,1792.000,1712.000,1683.000
2753.267,2008.000,1936.000,1927.000,1851.000,1884.000,1765.000,1770.000,1766.000,1676.000,1659.000
2754.675,2027.000,1960.000,1911.000,1871.000,1843.000,1781.000,1804.000,1765.000,1673.000,1682.000
2756.080,2035.000,1992.000,1889.000,1849.000,1831.000,1823.000,1746.000,1737.000,1721.000,1692.000
2757.486,2023.000,3216.000,1910.000,1892.000,1890.000,1803.000,1793.000,1735.000,1692.000,1675.000
2758.891,2054.000,3259.000,1958.000,1894.000,1887.000,1796.000,1802.000,1757.000,1727.000,1680.000
2760.296,2034.000,2351.000,1918.000,1898.000,1896.000,1801.000,1780.000,1723.000,1683.000,1676.000
2761.701,2005.000,2025.000,1921.000,1894.000,1863.000,1809.000,1779.000,1770.000,1692.000,1676.000
2763.105,2056.000,1996.000,1897.000,1887.000,1861.000,1785.000,1749.000,1756.000,1676.000,1661.000
2764.509,2022.000,1974.000,1915.000,1899.000,1861.000,1801.000,1774.000,1778.000,1714.000,1657.000
2765.913,2043.000,1968.000,1895.000,1843.000,1841.000,1835.000,1792.000,1773.000,1712.000,1690.000
2767.317,2022.000,2006.000,1944.000,1904.000,1826.000,1805.000,1743.000,1777.000,1696.000,1680.000
2768.721,2056.000,1992.000,1932.000,1913.000,1839.000,1815.000,1762.000,1781.000,1725.000,1675.000
2770.124,2018.000,1964.000,1937.000,1930.000,1858.000,1768.000,1818.000,1748.000,1693.000,1763.000
2771.529,2060.000,1970.000,1980.000,2412.000,1811.000,1796.000,1780.000,1753.000,1696.000,2529.000
2772.931,2048.000,2034.000,1947.000,1895.000,1823.000,1825.000,1793.000,1748.000,1696.000,1680.000
2774.334,2016.000,2018.000,1916.000,1922.000,1823.000,1827.000,1788.000,1776.000,1753.000,1681.000
2775.736,2034.000,1983.000,1938.000,1862.000,1875.000,1810.000,1803.000,1742.000,1729.000,1662.000
2777.138,2031.000,1963.000,1951.000,1886.000,1835.000,1826.000,1833.000,1756.000,1719.000,1691.000
2778.540,2017.000,1998.000,1931.000,1854.000,1847.000,1836.000,1786.000,1760.000,1735.000,1650.000
2779.942,2023.000,2004.000,1971.000,1899.000,1898.000,1807.000,1746.000,1721.000,1731.000,1672.000
2781.343,2080.000,1971.000,1940.000,1886.000,1851.000,1835.000,1770.000,1772.000,1723.000,1703.000
2782.744,2029.000,2007.000,1963.000,1888.000,1883.000,1842.000,1776.000,1793.000,1733.000,1696.000
2784.145,2070.000,2028.000,1965.000,1917.000,1862.000,1862.000,1812.000,1778.000,1762.000,1733.000
2785.545,2075.000,2037.000,1947.000,1862.000,1850.000,1814.000,1802.000,1803.000,1706.000,1668.000
2786.946,2063.000,2033.000,1956.000,1889.000,1850.000,1814.000,1835.000,1770.000,1710.000,1677.000
2788.347,2026.000,2011.000,1994.000,1898.000,1887.000,1843.000,1805.000,1781.000,1745.000,1662.000
2789.747,2085.000,2025.000,1944.000,1914.000,1893.000,1824.000,1794.000,1791.000,1741.000,1687.000
2791.147,2051.000,1974.000,1999.000,1903.000,1857.000,1846.000,1872.000,1777.000,1725.000,1695.000
2792.546,2060.000,2035.000,1962.000,1952.000,1888.000,1828.000,1822.000,1783.000,1749.000,1733.000
2793.945,2062.000,1982.000,1939.000,1871.000,1926.000,1886.000,1788.000,1789.000,1766.000,1704.000
2795.344,2035.000,2030.000,1992.000,1912.000,1888.000,1836.000,1834.000,1763.000,1750.000,1712.000
2796.742,2021.000,2029.000,1984.000,1937.000,1883.000,1867.000,1788.000,1795.000,1751.000,1722.000
2798.141,2145.000,1984.000,1958.000,1897.000,1914.000,1850.000,1819.000,1803.000,1723.000,1709.000
2799.539,2092.000,2072.000,1999.000,1939.000,1858.000,1848.000,1862.000,1803.000,1750.000,1701.000
2800.937,2057.000,2043.000,2011.000,1936.000,1879.000,1822.000,1834.000,1775.000,1708.000,1746.000
2802.334,2066.000,2078.000,1991.000,1927.000,1879.000,1864.000,1853.000,1766.000,1767.000,1714.000
2803.732,2069.000,2040.000,1964.000,1898.000,1897.000,1869.000,1835.000,1782.000,1758.000,1686.000
2805.131,2124.000,2052.000,1959.000,1903.000,1867.000,1866.000,1842.000,1759.000,1771.000,1683.000
2806.527,2115.000,2053.000,1980.000,1910.000,1935.000,1835.000,1836.000,1806.000,1796.000,1729.000
2807.924,2106.000,2083.000,1991.000,1966.000,1914.000,1855.000,1823.000,1834.000,1760.000,1739.000
2809.320,2055.000,2035.000,1996.000,1938.000,1916.000,1867.000,1833.000,1831.000,1803.000,1753.000
2810.717,2061.000,2013.000,1967.000,1962.000,1883.000,1836.000,1843.000,1795.000,1764.000,1733.000
2812.113,2115.000,2025.000,1942.000,1931.000,1861.000,1882.000,1870.000,1805.000,1758.000,1694.000
2813.508,2071.000,2019.000,1985.000,1958.000,1852.000,1851.000,1836.000,1806.000,1783.000,1776.000
2814.904,2050.000,2023.000,1970.000,1929.000,1914.000,1850.000,1867.000,1788.000,1756.000,1722.000
2816.299,2091.000,2055.000,2032.000,1950.000,1916.000,1894.000,1856.000,1784.000,1792.000,1728.000
2817.694,2091.000,2083.000,1983.000,1925.000,1893.000,1856.000,1851.000,1803.000,1780.000,1753.000
2819.088,2113.000,2077.000,1959.000,1945.000,1922.000,1861.000,1847.000,1825.000,1741.000,1716.000
2820.483,2062.000,2048.000,2003.000,1969.000,1911.000,1855.000,1822.000,1815.000,1762.000,1693.000
2821.879,2143.000,2071.000,1986.000,1911.000,1913.000,1898.000,1848.000,1840.000,1791.000,1759.000
2823.273,2089.000,2072.000,2018.000,1955.000,1910.000,1884.000,1831.000,1827.000,1815.000,1723.000
2824.666,2145.000,2079.000,2017.000,1953.000,1901.000,1875.000,1871.000,1867.000,1801.000,1726.000
2826.060,2130.000,2034.000,2001.000,1905.000,1924.000,1920.000,1894.000,1810.000,1812.000,1764.000
2827.453,2142.000,2067.000,1999.000,1954.000,1917.000,1920.000,1858.000,1865.000,1776.000,1725.000
2828.846,2110.000,2038.000,2021.000,1917.000,1900.000,1863.000,1847.000,1844.000,1802.000,1722.000
2830.239,2129.000,2076.000,2013.000,1975.000,1899.000,1942.000,1865.000,1783.000,1758.000,1765.000
2831.631,2095.000,2082.000,2037.000,1974.000,1955.000,1867.000,1906.000,1837.000,1779.000,1801.000
2833.024,2127.000,2066.000,2034.000,1978.000,1950.000,1905.000,1865.000,1845.000,1818.000,1761.000
2834.416,2146.000,2075.000,2095.000,1992.000,1912.000,1897.000,1855.000,1846.000,1792.000,1723.000
2835.807,2089.000,2077.000,1987.000,1932.000,1905.000,1880.000,1884.000,1833.000,1773.000,1719.000
2837.199,2135.000,2041.000,2007.000,1952.000,1907.000,1916.000,1876.000,1872.000,1810.000,1747.000
2838.592,2183.000,2121.000,2034.000,1949.000,1947.000,1952.000,1850.000,1817.000,1805.000,1704.000
2839.983,2159.000,2101.000,2021.000,1971.000,1939.000,1935.000,1872.000,1850.000,1851.000,1799.000
2841.374,2126.000,2084.000,2059.000,1968.000,1916.000,1914.000,1855.000,1851.000,1803.000,1719.000
2842.764,2205.000,2089.000,2035.000,2000.000,1943.000,1870.000,1913.000,1860.000,1795.000,1757.000
2844.155,2161.000,2113.000,2037.000,1961.000,1959.000,1942.000,1864.000,1860.000,1759.000,1778.000
2845.545,2129.000,2093.000,2009.000,1937.000,1937.000,1901.000,1897.000,1852.000,1826.000,1754.000
2846.935,2095.000,2116.000,2112.000,1952.000,1957.000,1889.000,1910.000,1888.000,1808.000,1773.000
2848.324,2151.000,2134.000,2021.000,2020.000,1949.000,1885.000,1920.000,1866.000,1853.000,1783.000
2849.714,2160.000,2096.000,2058.000,2015.000,1966.000,1958.000,1903.000,1844.000,1804.000,1778.000
2851.103,2148.000,2110.000,2034.000,1991.000,1957.000,1974.000,1913.000,1901.000,1794.000,1797.000
2852.491,2198.000,2095.000,2052.000,2056.000,1929.000,1979.000,1947.000,1857.000,1815.000,1800.000
2853.880,2170.000,2157.000,2075.000,2025.000,1984.000,1938.000,1924.000,1905.000,1835.000,1826.000
2855.270,2178.000,2195.000,2051.000,2039.000,1986.000,1929.000,1918.000,1848.000,1838.000,1811.000
2856.658,2134.000,2145.000,2082.000,2056.000,2002.000,1962.000,1914.000,1874.000,1846.000,1834.000
2858.046,2231.000,2191.000,2137.000,2029.000,2037.000,1959.000,1948.000,1940.000,1906.000,1846.000
2859.434,2177.000,2199.000,2136.000,2049.000,1992.000,1958.000,1910.000,1914.000,1872.000,1813.000
2860.821,2234.000,2222.000,2122.000,2073.000,1980.000,1989.000,1939.000,1909.000,1907.000,1814.000
2862.208,2208.000,2155.000,2060.000,2060.000,2051.000,1976.000,1996.000,1917.000,1871.000,1825.000
2863.595,2248.000,2210.000,2114.000,2069.000,2013.000,1986.000,1964.000,1913.000,1879.000,1887.000
2864.982,2280.000,2199.000,2127.000,2068.000,2068.000,2025.000,1988.000,1972.000,1910.000,1865.000
2866.368,2270.000,2200.000,2159.000,2059.000,2065.000,2007.000,1992.000,1913.000,1916.000,1861.000
2867.755,2240.000,2199.000,2171.000,2075.000,2072.000,2011.000,1993.000,1921.000,1896.000,1850.000
2869.141,2294.000,2226.000,2174.000,2057.000,2062.000,2007.000,2008.000,1976.000,1926.000,1871.000
2870.526,2266.000,2234.000,2142.000,2165.000,2051.000,2037.000,2016.000,1959.000,1952.000,1894.000
2871.913,2279.000,2270.000,2168.000,2134.000,2083.000,2033.000,2011.000,1991.000,1950.000,1860.000
2873.299,2299.000,2291.000,2201.000,2128.000,2145.000,2021.000,2016.000,1995.000,1982.000,1921.000
2874.684,2282.000,2286.000,2182.000,2133.000,2123.000,2081.000,2051.000,1990.000,1955.000,1896.000
2876.068,2331.000,2317.000,2248.000,2194.000,2115.000,2032.000,2060.000,2028.000,1958.000,1959.000
2877.453,2390.000,2258.000,2166.000,2154.000,2117.000,2104.000,2050.000,2051.000,1992.000,1914.000
2878.837,2290.000,2271.000,2274.000,2191.000,2187.000,2096.000,2077.000,2050.000,1996.000,1933.000
2880.221,2384.000,2254.000,2253.000,2262.000,2220.000,2087.000,2078.000,2063.000,2030.000,1987.000
2881.605,2382.000,2342.000,2286.000,2228.000,2189.000,2169.000,2153.000,2121.000,2085.000,1991.000
2882.989,2389.000,2396.000,2298.000,2258.000,2170.000,2134.000,2213.000,2089.000,2070.000,2065.000
2884.372,2402.000,2450.000,2343.000,2210.000,2239.000,2158.000,2146.000,2129.000,2106.000,2077.000
2885.755,2436.000,2413.000,2335.000,2283.000,2249.000,2212.000,2187.000,2148.000,2133.000,2067.000
2887.138,2477.000,2460.000,2402.000,2318.000,2327.000,2265.000,2221.000,2183.000,2156.000,2121.000
2888.522,2471.000,2480.000,2424.000,2378.000,2329.000,2262.000,2307.000,2169.000,2174.000,2146.000
2889.904,2479.000,2484.000,2436.000,2365.000,2359.000,2295.000,2251.000,2222.000,2175.000,2152.000
2891.287,2585.000,2495.000,2468.000,2315.000,2394.000,2307.000,2274.000,2259.000,2175.000,2166.000
2892.668,2555.000,2471.000,2455.000,2425.000,2332.000,2274.000,2304.000,2221.000,2164.000,2144.000
2894.050,2584.000,2525.000,2436.000,2393.000,2404.000,2300.000,2280.000,2232.000,2225.000,2156.000
2895.432,2522.000,2486.000,2446.000,2450.000,2361.000,2399.000,2290.000,2258.000,2228.000,2211.000
2896.813,2567.000,2560.000,2444.000,2383.000,2399.000,2337.000,2321.000,2275.000,2239.000,2186.000
2898.194,2562.000,2554.000,2480.000,2391.000,2426.000,2295.000,2277.000,2268.000,2260.000,2159.000
2899.574,2545.000,2570.000,2450.000,2422.000,2415.000,2280.000,2320.000,2320.000,2207.000,2172.000
2900.955,2629.000,2545.000,2433.000,2435.000,2369.000,2338.000,2305.000,2265.000,2245.000,2190.000
2902.335,2620.000,2570.000,2503.000,2420.000,2391.000,2347.000,2303.000,2314.000,2222.000,2192.000
2903.715,2644.000,2564.000,2433.000,2436.000,2437.000,2393.000,2303.000,2309.000,2268.000,2171.000
2905.095,2609.000,2617.000,2480.000,2485.000,2370.000,2346.000,2341.000,2289.000,2267.000,2178.000
2906.476,2579.000,2551.000,2503.000,2462.000,2395.000,2367.000,2380.000,2280.000,2263.000,2204.000
2907.855,2641.000,2545.000,2489.000,2471.000,2371.000,2395.000,2346.000,2266.000,2279.000,2177.000
2909.234,2617.000,2580.000,2487.000,2416.000,2402.000,2381.000,2397.000,2302.000,2242.000,2248.000
2910.613,2600.000,2586.000,2527.000,2472.000,2423.000,2421.000,2297.000,2354.000,2288.000,2280.000
2911.991,2651.000,2567.000,2497.000,2495.000,2407.000,2379.000,2365.000,2369.000,2328.000,2226.000
2913.369,2703.000,2641.000,2550.000,2548.000,2430.000,2398.000,2348.000,2396.000,2279.000,2220.000
2914.748,2635.000,2617.000,2562.000,2543.000,2454.000,2435.000,2367.000,2371.000,2328.000,2229.000
2916.125,2716.000,2650.000,2564.000,2512.000,2482.000,2398.000,2422.000,2380.000,2275.000,2314.000
2917.503,2665.000,2632.000,2557.000,2568.000,2462.000,2466.000,2423.000,2336.000,2258.000,2261.000
2918.880,2689.000,2638.000,2628.000,2518.000,2490.000,2474.000,2412.000,2367.000,2371.000,2277.000
2920.257,2747.000,2674.000,2579.000,2571.000,2531.000,2493.000,2451.000,2469.000,2387.000,2362.000
2921.636,2751.000,2692.000,2627.000,2635.000,2560.000,2508.000,2498.000,2411.000,2374.000,2377.000
2923.012,2770.000,2709.000,2688.000,2622.000,2571.000,2533.000,2491.000,2466.000,2432.000,2353.000
2924.389,2795.000,2714.000,2662.000,2606.000,2571.000,2535.000,2488.000,2475.000,2481.000,2353.000
2925.765,2795.000,2737.000,2703.000,2622.000,2562.000,2580.000,2490.000,2499.000,2454.000,2347.000
2927.141,2781.000,2735.000,2655.000,2647.000,2590.000,2602.000,2494.000,2495.000,2468.000,2356.000
2928.516,2799.000,2796.000,2752.000,2667.000,2616.000,2553.000,2532.000,2542.000,2485.000,2471.000
2929.892,2810.000,2844.000,2754.000,2692.000,2578.000,2633.000,2538.000,2468.000,2465.000,2435.000
2931.267,2834.000,2786.000,2756.000,2664.000,2583.000,2658.000,2532.000,2569.000,2492.000,2407.000
2932.642,2853.000,2789.000,2729.000,2687.000,2666.000,2637.000,2575.000,2537.000,2509.000,2445.000
2934.017,2874.000,2830.000,2746.000,2731.000,2592.000,2575.000,2600.000,2530.000,2495.000,2465.000
2935.391,2849.000,2820.000,2713.000,2664.000,2662.000,2631.000,2599.000,2527.000,2530.000,2481.000
2936.765,2858.000,2858.000,2760.000,2730.000,2647.000,2616.000,2586.000,2571.000,2522.000,2470.000
2938.139,2869.000,2819.000,2799.000,2755.000,2650.000,2699.000,2598.000,2578.000,2494.000,2490.000
2939.515,2905.000,2848.000,2779.000,2700.000,2657.000,2681.000,2612.000,2615.000,2489.000,2531.000
2940.888,2922.000,2872.000,2795.000,2732.000,2707.000,2659.000,2638.000,2621.000,2532.000,2461.000
2942.261,2939.000,2832.000,2761.000,2691.000,2666.000,2649.000,2602.000,2634.000,2538.000,2516.000
2943.634,2916.000,2854.000,2821.000,2730.000,2694.000,2691.000,2634.000,2595.000,2525.000,2534.000
2945.007,2880.000,2889.000,2759.000,2726.000,2636.000,2686.000,2608.000,2575.000,2546.000,2494.000
2946.380,2921.000,2874.000,2824.000,2746.000,2697.000,2664.000,2690.000,2633.000,2601.000,2469.000
2947.752,2905.000,2869.000,2847.000,2721.000,2714.000,2643.000,2592.000,2554.000,2553.000,2462.000
2949.124,2874.000,2824.000,2775.000,2707.000,2699.000,2656.000,2585.000,2610.000,2531.000,2436.000
2950.496,2844.000,2815.000,2792.000,2682.000,2713.000,2656.000,2589.000,2553.000,2493.000,2448.000
2951.868,2899.000,2839.000,2785.000,2760.000,2681.000,2631.000,2654.000,2519.000,2554.000,2509.000
2953.239,2969.000,2903.000,2819.000,2768.000,2682.000,2629.000,2645.000,2555.000,2536.000,2456.000
2954.612,2921.000,2967.000,2815.000,2755.000,2731.000,2638.000,2642.000,2608.000,2560.000,2447.000
2955.983,2916.000,2853.000,2829.000,2786.000,2750.000,2642.000,2591.000,2635.000,2547.000,2515.000
2957.353,2930.000,2869.000,2819.000,2715.000,2702.000,2701.000,2654.000,2607.000,2591.000,2516.000
2958.724,2924.000,2891.000,2812.000,2773.000,2755.000,2643.000,2646.000,2656.000,2564.000,2502.000
2960.094,2952.000,2913.000,2820.000,2800.000,2756.000,2702.000,2721.000,2661.000,2615.000,2507.000
2961.464,2966.000,2911.000,2842.000,2742.000,2744.000,2756.000,2720.000,2684.000,2635.000,2548.000
2962.834,3012.000,2952.000,2902.000,2773.000,2736.000,2740.000,2665.000,2669.000,2609.000,2582.000
2964.203,2969.000,2974.000,2900.000,2806.000,2823.000,2723.000,2681.000,2685.000,2617.000,2573.000
2965.572,3014.000,2954.000,2880.000,2862.000,2773.000,2786.000,2707.000,2716.000,2635.000,2622.000
2966.941,2974.000,3029.000,2904.000,2824.000,2838.000,2786.000,2723.000,2655.000,2678.000,2639.000
2968.310,3083.000,2997.000,2969.000,2887.000,2867.000,2787.000,2698.000,2730.000,2641.000,2607.000
2969.679,3067.000,2975.000,2953.000,2884.000,2833.000,2813.000,2784.000,2748.000,2743.000,2636.000
2971.047,3058.000,3051.000,2935.000,2884.000,2888.000,2776.000,2827.000,2727.000,2709.000,2601.000
2972.417,3087.000,2998.000,2874.000,2854.000,2838.000,2792.000,2741.000,2702.000,2715.000,2627.000
2973.784,3019.000,3011.000,3001.000,2894.000,2771.000,2812.000,2780.000,2712.000,2709.000,2657.000
2975.152,3054.000,3026.000,2957.000,2895.000,2883.000,2813.000,2744.000,2693.000,2623.000,2697.000
2976.519,3049.000,3015.000,3021.000,2901.000,2867.000,2764.000,2794.000,2723.000,2708.000,2686.000
2977.886,3087.000,3004.000,2976.000,2917.000,2890.000,2764.000,2754.000,2742.000,2707.000,2653.000
2979.253,3018.000,3056.000,2916.000,2871.000,2813.000,2811.000,2805.000,2750.000,2717.000,2636.000
2980.620,3062.000,2953.000,2893.000,2836.000,2815.000,2763.000,2780.000,2759.000,2686.000,2632.000
2981.986,3035.000,2980.000,2906.000,2823.000,2811.000,2784.000,2738.000,2704.000,2628.000,2611.000
2983.353,2966.000,3001.000,2858.000,2809.000,2813.000,2833.000,2747.000,2702.000,2634.000,2586.000
2984.718,3043.000,2933.000,2940.000,2827.000,2861.000,2743.000,2727.000,2667.000,2655.000,2554.000
2986.084,2976.000,2980.000,2902.000,2798.000,2804.000,2754.000,2746.000,2656.000,2653.000,2585.000
2987.451,2987.000,2938.000,2856.000,2787.000,2783.000,2740.000,2672.000,2658.000,2592.000,2515.000
2988.816,2961.000,2882.000,2811.000,2769.000,2735.000,2702.000,2672.000,2655.000,2567.000,2574.000
2990.181,2966.000,2894.000,2829.000,2687.000,2735.000,2626.000,2604.000,2609.000,2548.000,2501.000
2991.546,2905.000,2917.000,2776.000,2763.000,2701.000,2580.000,2591.000,2545.000,2540.000,2535.000
2992.911,2876.000,2787.000,2766.000,2718.000,2710.000,2605.000,2600.000,2533.000,2566.000,2456.000
2994.275,2813.000,2811.000,2756.000,2686.000,2673.000,2583.000,2584.000,2514.000,2507.000,2401.000
2995.639,2817.000,2765.000,2702.000,2655.000,2580.000,2545.000,2556.000,2462.000,2458.000,2394.000
2997.003,2813.000,2847.000,2664.000,2651.000,2561.000,2553.000,2500.000,2472.000,2438.000,2332.000
2998.366,2741.000,2722.000,2687.000,2526.000,2528.000,2566.000,2512.000,2480.000,2413.000,2346.000
2999.730,2757.000,2723.000,2613.000,2546.000,2540.000,2486.000,2413.000,2447.000,2367.000,2294.000
3001.093,2689.000,2659.000,2658.000,2502.000,2550.000,2467.000,2411.000,2394.000,2343.000,2314.000
3002.456,2683.000,2637.000,2545.000,2562.000,2462.000,2440.000,2401.000,2352.000,2329.000,2283.000
3003.818,2640.000,2636.000,2546.000,2507.000,2421.000,2425.000,2359.000,2337.000,2286.000,2249.000
3005.182,2541.000,2571.000,2520.000,2471.000,2418.000,2325.000,2323.000,2285.000,2278.000,2208.000
3006.544,2622.000,2599.000,2482.000,2421.000,2388.000,2318.000,2315.000,2280.000,2245.000,2157.000
3007.906,2549.000,2505.000,2465.000,2439.000,2343.000,2312.000,2241.000,2232.000,2224.000,2145.000
3009.268,2572.000,2515.000,2415.000,2410.000,2344.000,2347.000,2319.000,2215.000,2228.000,2166.000
3010.629,2548.000,2500.000,2421.000,2369.000,2336.000,2256.000,2287.000,2257.000,2144.000,2189.000
3011.991,2507.000,2508.000,2404.000,2361.000,2306.000,2281.000,2218.000,2207.000,2178.000,2100.000
3013.352,2519.000,2454.000,2400.000,2361.000,2319.000,2269.000,2220.000,2174.000,2136.000,2105.000
3014.712,2459.000,2455.000,2363.000,2343.000,2259.000,2194.000,2216.000,2174.000,2117.000,2094.000
3016.073,2437.000,2441.000,2340.000,2267.000,2273.000,2223.000,2153.000,2149.000,2101.000,2052.000
3017.433,2446.000,2437.000,2314.000,2255.000,2241.000,2254.000,2126.000,2111.000,2094.000,2107.000
3018.793,2408.000,2417.000,2349.000,2262.000,2218.000,2197.000,2092.000,2154.000,2063.000,2020.000
3020.153,2393.000,2360.000,2325.000,2246.000,2205.000,2183.000,2154.000,2141.000,2050.000,2038.000
3021.514,2396.000,2367.000,2320.000,2226.000,2206.000,2201.000,2160.000,2071.000,2026.000,1992.000
3022.874,2385.000,2415.000,2300.000,2216.000,2220.000,2122.000,2100.000,2059.000,2060.000,1976.000
3024.233,2401.000,2406.000,2241.000,2234.000,2210.000,2096.000,2116.000,2083.000,2052.000,2001.000
3025.592,2409.000,2304.000,2271.000,2209.000,2197.000,2102.000,2153.000,2077.000,2065.000,1949.000
3026.950,2387.000,2379.000,2308.000,2228.000,2200.000,2109.000,2119.000,2093.000,2067.000,1983.000
3028.309,2404.000,2300.000,2276.000,2237.000,2194.000,2141.000,2098.000,2037.000,2029.000,1937.000
3029.667,2346.000,2319.000,2301.000,2241.000,2152.000,2139.000,2086.000,2035.000,2010.000,1970.000
3031.025,2396.000,2341.000,2259.000,2202.000,2151.000,2115.000,2086.000,2084.000,2009.000,1974.000
3032.382,2398.000,2308.000,2227.000,2210.000,2164.000,2131.000,2096.000,2038.000,2042.000,1964.000
3033.740,2354.000,2353.000,2274.000,2186.000,2192.000,2167.000,2133.000,2083.000,1980.000,1959.000
3035.097,2432.000,2343.000,2283.000,2195.000,2156.000,2129.000,2144.000,2055.000,2039.000,1985.000
3036.454,2375.000,2378.000,2262.000,2211.000,2172.000,2158.000,2071.000,2052.000,2032.000,1998.000
3037.812,2419.000,2407.000,2262.000,2201.000,2127.000,2142.000,2080.000,2043.000,1984.000,1940.000
3039.169,2383.000,2357.000,2276.000,2178.000,2192.000,2179.000,2122.000,2097.000,2025.000,1955.000
3040.525,2415.000,2373.000,2296.000,2220.000,2191.000,2126.000,2099.000,2084.000,2033.000,2004.000
3041.881,2394.000,2380.000,2291.000,2271.000,2205.000,2138.000,2163.000,2124.000,2059.000,1990.000
3043.237,2412.000,2353.000,2335.000,2275.000,2153.000,2170.000,2139.000,2080.000,2067.000,2015.000
3044.593,2419.000,2366.000,2322.000,2252.000,2195.000,2175.000,2130.000,2111.000,2069.000,1921.000
3045.948,2395.000,2377.000,2294.000,2257.000,2187.000,2120.000,2132.000,2077.000,2068.000,1954.000
3047.303,2427.000,2377.000,2310.000,2265.000,2232.000,2167.000,2106.000,2092.000,2039.000,2009.000
3048.658,2400.000,2364.000,2324.000,2242.000,2218.000,2149.000,2072.000,2061.000,2108.000,1999.000
3050.013,2432.000,2390.000,2298.000,2188.000,2229.000,2187.000,2074.000,2123.000,2055.000,1982.000
3051.367,2415.000,2373.000,2291.000,2234.000,2237.000,2189.000,2153.000,2168.000,2042.000,1976.000
3052.722,2435.000,2379.000,2312.000,2286.000,2171.000,2156.000,2167.000,2078.000,2042.000,1947.000
3054.077,2371.000,2349.000,2340.000,2216.000,2178.000,2151.000,2175.000,2105.000,2002.000,1970.000
3055.431,2390.000,2375.000,2261.000,2230.000,2190.000,2135.000,2119.000,2071.000,1963.000,1972.000
3056.784,2375.000,2406.000,2288.000,2283.000,2239.000,2152.000,2116.000,2116.000,2070.000,2033.000
3058.138,2441.000,2389.000,2290.000,2227.000,2213.000,2170.000,2113.000,2065.000,2061.000,1979.000
3059.491,2419.000,2378.000,2300.000,2237.000,2197.000,2132.000,2126.000,2075.000,2053.000,1992.000
3060.843,2386.000,2394.000,2307.000,2235.000,2163.000,2150.000,2111.000,2101.000,2079.000,1988.000
3062.196,2399.000,2385.000,2207.000,2223.000,2203.000,2164.000,2078.000,2089.000,2077.000,1984.000
3063.548,2398.000,2377.000,2310.000,2245.000,2225.000,2186.000,2115.000,2083.000,2021.000,1973.000
3064.900,2429.000,2386.000,2285.000,2226.000,2153.000,2166.000,2133.000,2033.000,2040.000,1988.000
3066.252,2445.000,2355.000,2281.000,2213.000,2200.000,2201.000,2109.000,2075.000,2028.000,1978.000
3067.604,2413.000,2391.000,2335.000,2224.000,2169.000,2146.000,2135.000,2119.000,2057.000,1956.000
3068.955,2383.000,2377.000,2319.000,2261.000,2195.000,2152.000,2110.000,2074.000,2024.000,1939.000
3070.308,2303.000,2332.000,2280.000,2216.000,2211.000,2163.000,2131.000,2112.000,2055.000,1969.000
3071.659,2357.000,2395.000,2292.000,2167.000,2182.000,2129.000,2147.000,2090.000,2021.000,1987.000
3073.010,2400.000,2317.000,2246.000,2227.000,2202.000,2105.000,2141.000,2082.000,2003.000,1981.000
3074.360,2395.000,2366.000,2278.000,2202.000,2178.000,2092.000,2095.000,2072.000,2035.000,2010.000
3075.711,2403.000,2327.000,2327.000,2236.000,2163.000,2127.000,2077.000,2061.000,2009.000,1953.000
3077.061,2368.000,2323.000,2262.000,2166.000,2171.000,2155.000,2067.000,2058.000,2008.000,1974.000
3078.410,2338.000,2331.000,2264.000,2176.000,2149.000,2095.000,2083.000,2042.000,2039.000,1939.000
3079.760,2387.000,2302.000,2277.000,2177.000,2117.000,2105.000,2089.000,2048.000,2000.000,1897.000
3081.109,2350.000,2279.000,2267.000,2175.000,2119.000,2120.000,2086.000,2015.000,2035.000,1914.000
3082.458,2323.000,2296.000,2272.000,2148.000,2121.000,2089.000,2083.000,2038.000,1968.000,1948.000
3083.807,2318.000,2307.000,2227.000,2168.000,2154.000,2125.000,2027.000,2021.000,1984.000,1953.000
3085.156,2353.000,2245.000,2262.000,2172.000,2121.000,2103.000,2074.000,1969.000,1955.000,1891.000
3086.506,2289.000,2251.000,2157.000,2140.000,2123.000,2082.000,2023.000,1945.000,1913.000,1880.000
3087.854,2332.000,2282.000,2185.000,2173.000,2088.000,2082.000,2017.000,2002.000,1976.000,1892.000
3089.202,2314.000,2281.000,2164.000,2145.000,2123.000,2038.000,2042.000,1995.000,1949.000,1907.000
3090.550,2278.000,2219.000,2183.000,2181.000,2130.000,2086.000,1992.000,1969.000,1961.000,1913.000
3091.897,2342.000,2316.000,2189.000,2164.000,2143.000,2074.000,2051.000,1983.000,1921.000,1905.000
3093.244,2325.000,2234.000,2222.000,2112.000,2112.000,2043.000,2012.000,1989.000,1964.000,1892.000
3094.591,2305.000,2262.000,2196.000,2136.000,2135.000,2024.000,2006.000,1982.000,1958.000,1914.000
3095.938,2271.000,2274.000,2243.000,2122.000,2103.000,2099.000,2016.000,1939.000,1939.000,1855.000
3097.285,2296.000,2231.000,2214.000,2111.000,2095.000,2019.000,2018.000,1999.000,1936.000,1880.000
3098.631,2259.000,2253.000,2159.000,2172.000,2171.000,2074.000,2057.000,1997.000,1990.000,1880.000
3099.977,2328.000,2294.000,2225.000,2158.000,2111.000,2085.000,2005.000,1975.000,1882.000,1913.000
3101.323,2287.000,2261.000,2228.000,2159.000,2126.000,2075.000,2022.000,2012.000,1925.000,1858.000
3102.670,2305.000,2261.000,2188.000,2109.000,2095.000,2011.000,2061.000,1998.000,1946.000,1860.000
3104.015,2311.000,2269.000,2165.000,2098.000,2111.000,2048.000,2011.000,1965.000,1930.000,1857.000
3105.361,2293.000,2231.000,2170.000,2125.000,2082.000,2049.000,2026.000,1996.000,1900.000,1881.000
3106.706,2332.000,2223.000,2164.000,2125.000,2112.000,2053.000,2027.000,1970.000,1964.000,1892.000
3108.050,2263.000,2316.000,2179.000,2164.000,2113.000,2025.000,1974.000,1991.000,1962.000,1857.000
3109.395,2233.000,2246.000,2223.000,2125.000,2100.000,1968.000,2040.000,1936.000,1912.000,1833.000
3110.739,2235.000,2231.000,2165.000,2143.000,2051.000,2032.000,1984.000,1959.000,1907.000,1879.000
3112.083,2277.000,2246.000,2218.000,2098.000,2067.000,2034.000,1987.000,1972.000,1924.000,1863.000
3113.427,2282.000,2247.000,2201.000,2106.000,2089.000,2034.000,1985.000,1972.000,1949.000,1884.000
3114.770,2329.000,2249.000,2216.000,2115.000,2082.000,2021.000,2020.000,1983.000,1958.000,1852.000
3116.114,2315.000,2264.000,2220.000,2131.000,2135.000,2021.000,1969.000,1988.000,1902.000,1874.000
3117.457,2284.000,2235.000,2171.000,2164.000,2119.000,2006.000,2025.000,1967.000,1974.000,1887.000
3118.801,2305.000,2285.000,2154.000,2136.000,2082.000,2079.000,2016.000,1959.000,1928.000,1870.000
3120.144,2284.000,2250.000,2206.000,2143.000,2028.000,2049.000,2021.000,1976.000,1932.000,1902.000
3121.486,2245.000,2263.000,2219.000,2100.000,2067.000,2070.000,1996.000,1939.000,1954.000,1901.000
3122.828,2295.000,2267.000,2215.000,2114.000,2107.000,2040.000,1967.000,1963.000,1895.000,1866.000
3124.170,2339.000,2196.000,2163.000,2161.000,2126.000,2055.000,2026.000,2003.000,1968.000,1896.000
3125.512,2313.000,2308.000,2184.000,2104.000,2054.000,2024.000,2055.000,1945.000,1933.000,1862.000
3126.853,2318.000,2243.000,2177.000,2111.000,2068.000,2059.000,2005.000,1963.000,1947.000,1874.000
3128.195,2293.000,2289.000,2211.000,2129.000,2075.000,1968.000,2003.000,1987.000,1908.000,1882.000
3129.536,2303.000,2281.000,2192.000,2109.000,2122.000,1996.000,2026.000,1994.000,1917.000,1874.000
3130.877,2321.000,2256.000,2234.000,2156.000,2084.000,2017.000,2048.000,1991.000,1920.000,1881.000
3132.217,2291.000,2218.000,2197.000,2108.000,2107.000,2076.000,2042.000,1963.000,1933.000,1826.000
3133.557,2257.000,2297.000,2219.000,2107.000,2105.000,2037.000,2035.000,2002.000,1953.000,1891.000
3134.899,2292.000,2259.000,2193.000,2102.000,2113.000,2019.000,2032.000,2002.000,1931.000,1833.000
3136.239,2298.000,2299.000,2182.000,2135.000,2107.000,1998.000,1988.000,1940.000,1926.000,1886.000
3137.579,2252.000,2268.000,2187.000,2127.000,2086.000,2037.000,2005.000,1958.000,1953.000,1884.000
3138.918,2337.000,2276.000,2218.000,2114.000,2100.000,1995.000,2012.000,2013.000,1934.000,1852.000
3140.257,2268.000,2201.000,2173.000,2109.000,2086.000,2061.000,2053.000,1964.000,1933.000,1833.000
3141.596,2283.000,2200.000,2191.000,2120.000,2094.000,2063.000,2026.000,1995.000,1956.000,1872.000
3142.935,2277.000,2244.000,2188.000,2099.000,2050.000,2004.000,1992.000,1986.000,1922.000,1881.000
3144.273,2285.000,2225.000,2174.000,2135.000,2055.000,2034.000,1971.000,1967.000,1914.000,1872.000
3145.612,2248.000,2231.000,2179.000,2116.000,2100.000,2007.000,1981.000,1992.000,1924.000,1875.000
3146.950,2285.000,2253.000,2173.000,2128.000,2108.000,2081.000,1979.000,1966.000,1947.000,1886.000
3148.288,2306.000,2292.000,2206.000,2121.000,2140.000,2073.000,2039.000,1985.000,1967.000,1905.000
3149.625,2299.000,2232.000,2196.000,2157.000,2102.000,2037.000,1997.000,2011.000,1949.000,1872.000
3150.964,2342.000,2262.000,2186.000,2122.000,2042.000,2058.000,2020.000,1997.000,1901.000,2653.000
3152.301,2278.000,2282.000,2163.000,2115.000,2058.000,2039.000,2014.000,1976.000,1938.000,1886.000
3153.638,2270.000,2278.000,2196.000,2096.000,2072.000,2054.000,2003.000,2006.000,1871.000,1889.000
3154.975,2334.000,2298.000,2199.000,2154.000,2133.000,2064.000,1970.000,2018.000,1963.000,1859.000
3156.311,2286.000,2281.000,2179.000,2148.000,2088.000,2041.000,1978.000,1983.000,1927.000,1858.000
3157.647,2283.000,2337.000,2159.000,2140.000,2101.000,2059.000,2026.000,1964.000,1904.000,1880.000
3158.983,2341.000,2236.000,2139.000,2116.000,2062.000,2049.000,1964.000,1976.000,1923.000,1928.000
3160.319,2266.000,2266.000,2110.000,2111.000,2059.000,2053.000,2033.000,1968.000,1908.000,1895.000
3161.655,2285.000,2238.000,2194.000,2093.000,2071.000,2082.000,2006.000,1973.000,1920.000,1883.000
3162.990,2301.000,2236.000,2171.000,2140.000,2126.000,2079.000,1995.000,2001.000,1971.000,1887.000
3164.325,2318.000,2241.000,2220.000,2169.000,2118.000,2057.000,2001.000,1943.000,1968.000,1872.000
3165.660,2284.000,2303.000,2188.000,2098.000,2100.000,2036.000,2002.000,1954.000,1918.000,1879.000
3166.996,2283.000,2243.000,2204.000,2102.000,2100.000,2056.000,2035.000,1988.000,1885.000,1873.000
3168.330,2264.000,2247.000,2200.000,2121.000,2048.000,2043.000,2028.000,2003.000,1934.000,1859.000
3169.665,2260.000,2282.000,2197.000,2147.000,2097.000,2078.000,2033.000,1959.000,1968.000,1900.000
3170.999,2244.000,2262.000,2228.000,2085.000,2093.000,2056.000,1992.000,1994.000,1941.000,1893.000
3172.332,2340.000,2257.000,2207.000,2142.000,2125.000,2020.000,2064.000,1976.000,1963.000,1909.000
3173.666,2329.000,2260.000,2199.000,2077.000,2085.000,2025.000,2008.000,1952.000,1952.000,1856.000
3174.999,2317.000,2255.000,2138.000,2124.000,2114.000,2012.000,2013.000,1967.000,1928.000,1878.000
3176.332,2285.000,2229.000,2189.000,2102.000,2106.000,2057.000,2023.000,1947.000,1886.000,1857.000
3177.665,2265.000,2193.000,2156.000,2169.000,2036.000,2007.000,2015.000,1942.000,1883.000,1882.000
3178.997,2262.000,2247.000,2256.000,2156.000,2067.000,2029.000,1979.000,1928.000,1911.000,1840.000
3180.330,2324.000,2269.000,2208.000,2119.000,2122.000,2048.000,2034.000,2031.000,1900.000,1911.000
3181.662,2281.000,2241.000,2188.000,2147.000,2035.000,2034.000,2012.000,1945.000,1957.000,1860.000
3182.995,2344.000,2251.000,2199.000,2130.000,2061.000,2073.000,2002.000,2010.000,1928.000,1874.000
3184.327,2293.000,2268.000,2177.000,2135.000,2069.000,2067.000,1976.000,1970.000,1926.000,1863.000
3185.658,2285.000,2218.000,2190.000,2128.000,2100.000,2066.000,2023.000,1950.000,1927.000,1880.000
3186.990,2312.000,2209.000,2211.000,2097.000,2050.000,2049.000,1993.000,1985.000,1959.000,1882.000
3188.320,2286.000,2236.000,2169.000,2142.000,2100.000,2023.000,1979.000,1955.000,1928.000,1890.000
3189.651,2245.000,2250.000,2213.000,2154.000,2088.000,2068.000,1974.000,1979.000,1934.000,1862.000
3190.982,2290.000,2246.000,2178.000,2085.000,2103.000,2035.000,1992.000,1946.000,1937.000,1851.000
3192.312,2303.000,2239.000,2247.000,2034.000,2071.000,1995.000,1979.000,1980.000,1908.000,1909.000
3193.642,2257.000,2258.000,2174.000,2109.000,2123.000,2010.000,2065.000,1991.000,1951.000,1876.000
3194.972,2278.000,2282.000,2182.000,2152.000,2058.000,2038.000,2004.000,1957.000,1944.000,1858.000
3196.302,2336.000,2270.000,2173.000,2124.000,2106.000,2036.000,2048.000,1976.000,1920.000,1873.000
3197.631,2299.000,2212.000,2171.000,2147.000,2103.000,2067.000,2025.000,1973.000,1949.000,1913.000
3198.962,2339.000,2266.000,2195.000,2110.000,2073.000,2021.000,1958.000,1991.000,1941.000,2260.000
3200.291,2312.000,2229.000,2154.000,2104.000,2041.000,2009.000,1998.000,1943.000,1946.000,1880.000
3201.619,2277.000,2280.000,2235.000,2149.000,2077.000,2015.000,2011.000,1983.000,1933.000,1862.000
3202.948,2254.000,2202.000,2181.000,2109.000,2070.000,1999.000,2063.000,2002.000,1923.000,1885.000
3204.276,2323.000,2260.000,2162.000,2098.000,2085.000,2100.000,2029.000,1931.000,1966.000,1870.000
3205.604,2277.000,2270.000,2192.000,2127.000,2105.000,2055.000,2020.000,1993.000,1912.000,1868.000
3206.932,2282.000,2263.000,2183.000,2119.000,2084.000,2004.000,2026.000,1993.000,1940.000,1867.000
3208.259,2320.000,2282.000,2203.000,2098.000,2104.000,2065.000,1983.000,1955.000,1926.000,1906.000
3209.587,2243.000,2255.000,2192.000,2092.000,2096.000,2024.000,2007.000,1955.000,1918.000,1888.000
3210.914,2311.000,2251.000,2146.000,2124.000,2109.000,2063.000,2005.000,1994.000,1915.000,1929.000
3212.241,2305.000,2291.000,2235.000,2129.000,2115.000,2039.000,2049.000,1976.000,1973.000,1872.000
3213.568,2339.000,2265.000,2202.000,2124.000,2100.000,2071.000,1986.000,1982.000,1979.000,1846.000
3214.895,2285.000,2240.000,2220.000,2090.000,2055.000,2051.000,1995.000,1997.000,1933.000,1915.000
3216.222,2304.000,2275.000,2217.000,2146.000,2042.000,2028.000,1962.000,1943.000,1926.000,1887.000
3217.548,2308.000,2233.000,2202.000,2151.000,2096.000,2029.000,1974.000,1991.000,1921.000,1871.000
3218.874,2293.000,2291.000,2189.000,2158.000,2115.000,2056.000,2050.000,2007.000,1944.000,1876.000
3220.199,2290.000,2265.000,2226.000,2119.000,2124.000,2091.000,2006.000,1970.000,1940.000,1903.000
3221.524,2320.000,2267.000,2240.000,2188.000,2103.000,2078.000,2050.000,2001.000,1985.000,1914.000
3222.849,2296.000,2257.000,2226.000,2138.000,2131.000,2031.000,1982.000,1985.000,1964.000,1902.000
3224.174,2327.000,2243.000,2185.000,2150.000,2125.000,2036.000,1990.000,1963.000,1949.000,1900.000
3225.499,2287.000,2272.000,2174.000,2116.000,2081.000,1999.000,1998.000,1987.000,1947.000,1836.000
3226.823,2328.000,2321.000,2196.000,2143.000,2151.000,2039.000,2040.000,2041.000,1916.000,1892.000
3228.148,2307.000,2315.000,2200.000,2152.000,2161.000,2093.000,2008.000,1989.000,1936.000,1883.000
3229.472,2332.000,2309.000,2254.000,2155.000,2112.000,2074.000,2002.000,2000.000,1937.000,1909.000
3230.797,2336.000,2293.000,2202.000,2172.000,2101.000,2082.000,2010.000,1972.000,1951.000,1866.000
3232.120,2339.000,2257.000,2242.000,2233.000,2093.000,2116.000,2035.000,2028.000,1938.000,1865.000
3233.444,2292.000,2314.000,2177.000,2162.000,2116.000,2043.000,2048.000,2002.000,1919.000,1881.000
3234.767,2261.000,2275.000,2264.000,2175.000,2114.000,2024.000,2015.000,1989.000,1964.000,1887.000
3236.090,2315.000,2315.000,2209.000,2151.000,2132.000,2063.000,2032.000,1995.000,1963.000,1901.000
3237.412,2354.000,2273.000,2200.000,2186.000,2110.000,2040.000,2033.000,2007.000,1997.000,1863.000
3238.735,2298.000,2291.000,2191.000,2146.000,2110.000,2111.000,2039.000,1968.000,1964.000,1927.000
3240.057,2323.000,2260.000,2238.000,2194.000,2137.000,2059.000,2030.000,2006.000,1946.000,1883.000
3241.379,2303.000,2270.000,2182.000,2160.000,2095.000,2101.000,2040.000,1992.000,1927.000,1897.000
3242.700,2355.000,2303.000,2215.000,2151.000,2117.000,2027.000,2039.000,2023.000,1932.000,1878.000
3244.022,2321.000,2288.000,2259.000,2156.000,2072.000,2107.000,2067.000,1985.000,1919.000,1929.000
3245.343,2338.000,2356.000,2227.000,2138.000,2145.000,2112.000,2034.000,2011.000,2023.000,1920.000
3246.666,2360.000,2329.000,2240.000,2184.000,2163.000,2099.000,2055.000,2021.000,1955.000,1894.000
3247.987,2324.000,2290.000,2211.000,2162.000,2180.000,2071.000,2027.000,2025.000,1963.000,1902.000
3249.307,2312.000,2267.000,2228.000,2153.000,2142.000,2109.000,2059.000,1996.000,1947.000,1880.000
3250.628,2328.000,2290.000,2219.000,2152.000,2156.000,2121.000,2087.000,2022.000,1963.000,1917.000
3251.948,2397.000,2318.000,2240.000,2165.000,2132.000,2068.000,2070.000,2037.000,1985.000,1906.000
3253.268,2330.000,2307.000,2260.000,2227.000,2129.000,2055.000,2061.000,2018.000,1990.000,1926.000
3254.587,2374.000,2357.000,2228.000,2209.000,2170.000,2145.000,2071.000,2054.000,1970.000,1931.000
3255.907,2416.000,2289.000,2254.000,2191.000,2110.000,2123.000,2057.000,2019.000,1994.000,1933.000
3257.226,2376.000,2289.000,2256.000,2183.000,2148.000,2141.000,2042.000,1995.000,2027.000,1941.000
3258.545,2297.000,2332.000,2258.000,2175.000,2170.000,2091.000,2059.000,2040.000,1923.000,1928.000
3259.864,2375.000,2322.000,2283.000,2207.000,2159.000,2134.000,2081.000,2018.000,1985.000,1929.000
3261.182,2394.000,2364.000,2255.000,2179.000,2185.000,2171.000,2107.000,2049.000,1952.000,1961.000
3262.502,2379.000,2352.000,2273.000,2204.000,2173.000,2079.000,2072.000,2052.000,2043.000,1953.000
3263.820,2390.000,2332.000,2273.000,2210.000,2189.000,2156.000,2081.000,2029.000,1949.000,1935.000
3265.138,2392.000,2350.000,2308.000,2215.000,2163.000,2118.000,2071.000,2055.000,2004.000,1968.000
3266.456,2375.000,2316.000,2286.000,2199.000,2206.000,2089.000,2071.000,2054.000,2001.000,1926.000
3267.773,2377.000,2312.000,2260.000,2184.000,2157.000,2127.000,2110.000,2053.000,1996.000,1958.000
3269.091,2407.000,2325.000,2301.000,2188.000,2221.000,2144.000,2092.000,2039.000,1990.000,1941.000
3270.408,2391.000,2354.000,2300.000,2276.000,2175.000,2164.000,2141.000,2060.000,2041.000,1977.000
3271.725,2398.000,2336.000,2275.000,2269.000,2147.000,2115.000,2146.000,2023.000,2024.000,1923.000
3273.041,2399.000,2345.000,2271.000,2212.000,2168.000,2116.000,2118.000,2056.000,2030.000,1959.000
3274.357,2352.000,2355.000,2300.000,2262.000,2199.000,2099.000,2080.000,2053.000,2019.000,1979.000
3275.674,2391.000,2338.000,2316.000,2254.000,2152.000,2137.000,2080.000,2091.000,2024.000,1962.000
3276.989,2427.000,2340.000,2270.000,2255.000,2164.000,2174.000,2118.000,2063.000,2032.000,1979.000
3278.305,2432.000,2375.000,2334.000,2285.000,2235.000,2127.000,2126.000,2115.000,2035.000,1989.000
3279.622,2420.000,2355.000,2276.000,2227.000,2198.000,2187.000,2086.000,2111.000,1991.000,1971.000
3280.937,2377.000,2369.000,2328.000,2262.000,2231.000,2157.000,2112.000,2089.000,1982.000,1924.000
3282.252,2378.000,2355.000,2320.000,2173.000,2199.000,2163.000,2121.000,2087.000,2014.000,1960.000
3283.567,2427.000,2399.000,2254.000,2217.000,2170.000,2136.000,2124.000,2074.000,1963.000,1986.000
3284.882,2451.000,2320.000,2306.000,2222.000,2194.000,2170.000,2134.000,2076.000,2006.000,1945.000
3286.196,2397.000,2408.000,2279.000,2231.000,2225.000,2125.000,2134.000,2063.000,2023.000,1961.000
3287.510,2414.000,2384.000,2290.000,2212.000,2152.000,2152.000,2100.000,2109.000,2025.000,1971.000
3288.824,2415.000,2340.000,2291.000,2213.000,2205.000,2137.000,2098.000,2093.000,2004.000,1977.000
3290.138,2430.000,2318.000,2262.000,2203.000,2206.000,2137.000,2084.000,2054.000,2037.000,2007.000
3291.451,2387.000,2347.000,2257.000,2256.000,2197.000,2123.000,2136.000,2051.000,1979.000,1987.000
3292.764,2419.000,2347.000,2275.000,2216.000,2207.000,2145.000,2109.000,2118.000,2001.000,1971.000
3294.079,2422.000,2370.000,2305.000,2247.000,2225.000,2174.000,2106.000,2101.000,1963.000,1980.000
3295.392,2361.000,2380.000,2269.000,2251.000,2213.000,2165.000,2051.000,2081.000,2006.000,1994.000
3296.704,2355.000,2373.000,2291.000,2180.000,2208.000,2158.000,2139.000,2052.000,1991.000,1940.000
3298.017,2381.000,2392.000,2307.000,2228.000,2185.000,2184.000,2092.000,2042.000,2013.000,1977.000
3299.329,2362.000,2365.000,2273.000,2207.000,2188.000,2158.000,2119.000,2058.000,2018.000,1992.000
3300.641,2394.000,2336.000,2302.000,2235.000,2167.000,2168.000,2116.000,2051.000,1981.000,1957.000
3301.952,2406.000,2399.000,2327.000,2249.000,2180.000,2125.000,2117.000,2085.000,2039.000,1978.000
3303.264,2443.000,2397.000,2350.000,2219.000,2203.000,2096.000,2108.000,2081.000,2036.000,1940.000
3304.575,2324.000,2366.000,2306.000,2257.000,2193.000,2128.000,2128.000,2101.000,1987.000,1946.000
3305.886,2403.000,2344.000,2234.000,2152.000,2162.000,2150.000,2085.000,2036.000,2005.000,1966.000
3307.197,2364.000,2324.000,2255.000,2259.000,2155.000,2135.000,2128.000,2069.000,2022.000,1983.000
3308.507,2383.000,2360.000,2294.000,2189.000,2182.000,2096.000,2096.000,2034.000,2015.000,1971.000
3309.818,2463.000,2332.000,2262.000,2226.000,2240.000,2120.000,2105.000,2060.000,2038.000,1950.000
3311.129,2431.000,2338.000,2307.000,2260.000,2178.000,2110.000,2111.000,2076.000,2000.000,1950.000
3312.439,2360.000,2337.000,2264.000,2226.000,2152.000,2162.000,2094.000,2039.000,2026.000,1977.000
3313.749,2411.000,2379.000,2274.000,2249.000,2161.000,2148.000,2095.000,2035.000,2020.000,1992.000
3315.058,2366.000,2386.000,2262.000,2199.000,2189.000,2142.000,2038.000,2004.000,1972.000,1942.000
3316.367,2331.000,2344.000,2319.000,2186.000,2126.000,2106.000,2071.000,2083.000,2005.000,1952.000
3317.676,2388.000,2320.000,2293.000,2194.000,2178.000,2069.000,2090.000,2018.000,2006.000,1925.000
3318.985,2363.000,2327.000,2325.000,2228.000,2163.000,2091.000,2105.000,2010.000,2022.000,1932.000
3320.294,2430.000,2344.000,2290.000,2217.000,2206.000,2123.000,2091.000,2057.000,1999.000,1973.000
3321.602,2368.000,2316.000,2268.000,2189.000,2186.000,2101.000,2085.000,2061.000,1971.000,1951.000
3322.910,2318.000,2314.000,2253.000,2199.000,2182.000,2095.000,2087.000,2029.000,2001.000,1945.000
3324.218,2387.000,2320.000,2228.000,2221.000,2178.000,2122.000,2037.000,2048.000,2016.000,1882.000
3325.527,2350.000,2327.000,2275.000,2232.000,2146.000,2098.000,2070.000,2052.000,1955.000,1946.000
3326.835,2366.000,2287.000,2235.000,2166.000,2107.000,2136.000,2060.000,2033.000,1983.000,1928.000
3328.142,2370.000,2315.000,2261.000,2186.000,2131.000,2125.000,2100.000,2004.000,2019.000,1959.000
3329.449,2361.000,2319.000,2218.000,2191.000,2185.000,2106.000,2056.000,2026.000,1968.000,1947.000
3330.756,2408.000,2305.000,2269.000,2137.000,2142.000,2112.000,2029.000,2039.000,1929.000,1944.000
3332.062,2392.000,2314.000,2243.000,2170.000,2149.000,2149.000,2060.000,2039.000,1967.000,1943.000
3333.369,2330.000,2334.000,2263.000,2193.000,2126.000,2154.000,2088.000,2037.000,1967.000,1949.000
3334.675,2346.000,2333.000,2268.000,2235.000,2165.000,2135.000,2088.000,2029.000,1948.000,1986.000
3335.981,2357.000,2344.000,2296.000,2203.000,2125.000,2118.000,2071.000,2086.000,2012.000,1927.000
3337.287,2369.000,2327.000,2271.000,2232.000,2175.000,2093.000,2093.000,1999.000,1965.000,1943.000
3338.592,2334.000,2338.000,2187.000,2166.000,2137.000,2112.000,2020.000,2019.000,1974.000,1924.000
3339.897,2382.000,2280.000,2246.000,2211.000,2131.000,2089.000,2019.000,1965.000,1973.000,1908.000
3341.202,2296.000,2359.000,2208.000,2208.000,2202.000,2175.000,2026.000,2072.000,1965.000,1915.000
3342.509,2330.000,2331.000,2230.000,2265.000,2146.000,2111.000,2077.000,2059.000,2026.000,1936.000
3343.813,2404.000,2323.000,2283.000,2204.000,2131.000,2157.000,2097.000,2084.000,2006.000,1947.000
3345.118,2410.000,2313.000,2273.000,2183.000,2143.000,2120.000,2036.000,2008.000,1960.000,1932.000
3346.422,2371.000,2313.000,2262.000,2186.000,2118.000,2118.000,2013.000,2035.000,1964.000,1941.000
3347.726,2357.000,2295.000,2236.000,2155.000,2134.000,2116.000,2065.000,2019.000,1980.000,1894.000
3349.029,2391.000,2334.000,2215.000,2210.000,2133.000,2085.000,2109.000,2033.000,1972.000,1899.000
3350.333,2312.000,2315.000,2216.000,2200.000,2142.000,2099.000,2093.000,2013.000,1981.000,1917.000
3351.636,2349.000,2304.000,2248.000,2159.000,2128.000,2101.000,2069.000,2075.000,1976.000,1922.000
3352.939,2368.000,2306.000,2238.000,2199.000,2151.000,2102.000,2089.000,1991.000,1946.000,1895.000
3354.242,2355.000,2303.000,2285.000,2221.000,2139.000,2113.000,2037.000,2074.000,1977.000,1909.000
3355.545,2335.000,2305.000,2275.000,2166.000,2146.000,2108.000,2052.000,2032.000,2013.000,1903.000
3356.848,2341.000,2290.000,2262.000,2184.000,2126.000,2056.000,2022.000,2020.000,1969.000,1947.000
3358.151,2384.000,2332.000,2310.000,2136.000,2157.000,2104.000,2071.000,1993.000,1967.000,1914.000
3359.453,2342.000,2329.000,2215.000,2159.000,2142.000,2089.000,2079.000,2051.000,1989.000,1922.000
3360.754,2374.000,2346.000,2255.000,2193.000,2177.000,2098.000,2055.000,2056.000,1963.000,1942.000
3362.056,2331.000,2343.000,2234.000,2154.000,2118.000,2073.000,2084.000,2001.000,1945.000,1917.000
3363.357,2378.000,2303.000,2245.000,2151.000,2120.000,2097.000,2007.000,2006.000,1965.000,1902.000
3364.658,2359.000,2278.000,2249.000,2117.000,2149.000,2100.000,2064.000,2017.000,1975.000,1927.000
3365.959,2373.000,2314.000,2309.000,2213.000,2117.000,2076.000,2087.000,2021.000,2026.000,1936.000
3367.260,2362.000,2357.000,2272.000,2202.000,2159.000,2116.000,2063.000,2015.000,1962.000,1963.000
3368.560,2363.000,2280.000,2260.000,2176.000,2210.000,2103.000,2038.000,2030.000,1967.000,1913.000
3369.860,2390.000,2303.000,2266.000,2170.000,2116.000,2081.000,2083.000,1999.000,1990.000,1931.000
3371.160,2352.000,2300.000,2252.000,2186.000,2127.000,2057.000,2065.000,2011.000,1983.000,1879.000
3372.460,2313.000,2323.000,2207.000,2201.000,2120.000,2040.000,2018.000,2048.000,2915.000,1885.000
3373.761,2322.000,2330.000,2225.000,2152.000,2105.000,2048.000,2075.000,2030.000,2462.000,1899.000
3375.060,2372.000,2312.000,2253.000,2190.000,2137.000,2108.000,2060.000,2009.000,1959.000,1906.000
3376.360,2335.000,2290.000,2221.000,2139.000,2127.000,2106.000,2093.000,2091.000,1975.000,1949.000
3377.658,2320.000,2298.000,2232.000,2119.000,2164.000,2083.000,2099.000,2000.000,1974.000,1894.000
3378.957,2340.000,2303.000,2224.000,2184.000,2133.000,2085.000,2029.000,2002.000,1992.000,1898.000
3380.256,2351.000,2314.000,2249.000,2160.000,2132.000,2080.000,2067.000,2023.000,1978.000,1898.000
3381.554,2299.000,2295.000,2250.000,2161.000,2153.000,2077.000,2052.000,2011.000,1994.000,1903.000
3382.852,2352.000,2302.000,2264.000,2148.000,2183.000,2099.000,2051.000,2003.000,1936.000,1920.000
3384.150,2340.000,2272.000,2241.000,2145.000,2119.000,2125.000,2033.000,1971.000,2009.000,1910.000
3385.447,2316.000,2268.000,2226.000,2156.000,2134.000,2067.000,2029.000,1994.000,1917.000,1892.000
3386.744,2345.000,2306.000,2205.000,2170.000,2089.000,2074.000,2042.000,2024.000,1933.000,1914.000
3388.043,2338.000,2312.000,2234.000,2183.000,2121.000,2091.000,2049.000,2010.000,1972.000,1940.000
3389.340,2292.000,2339.000,2237.000,2183.000,2171.000,2064.000,2091.000,2006.000,1973.000,1919.000
3390.637,2328.000,2317.000,2259.000,2145.000,2170.000,2068.000,2052.000,1992.000,1952.000,1947.000
3391.933,2369.000,2317.000,2249.000,2122.000,2147.000,2122.000,2036.000,2012.000,2001.000,1883.000
3393.229,2371.000,2322.000,2255.000,2215.000,2104.000,2105.000,2064.000,1970.000,1970.000,1931.000
3394.525,2320.000,2320.000,2224.000,2169.000,2109.000,2081.000,2067.000,1995.000,1947.000,1922.000
3395.821,2359.000,2298.000,2186.000,2155.000,2104.000,2077.000,2018.000,1984.000,1993.000,1908.000
3397.117,2330.000,2263.000,2247.000,2115.000,2143.000,2104.000,2018.000,1989.000,1964.000,1920.000
3398.412,2333.000,2256.000,2229.000,2183.000,2142.000,2117.000,1997.000,2036.000,1931.000,1916.000
3399.707,2368.000,2277.000,2264.000,2158.000,2145.000,2095.000,2028.000,2022.000,1956.000,1882.000
3401.002,2365.000,2299.000,2259.000,2173.000,2186.000,2092.000,2056.000,1978.000,1923.000,1917.000
3402.297,2348.000,2302.000,2223.000,2136.000,2087.000,2060.000,2039.000,1983.000,1953.000,1913.000
3403.592,2312.000,2294.000,2228.000,2166.000,2101.000,2112.000,2039.000,1929.000,1908.000,1893.000
3404.887,2336.000,2270.000,2251.000,2164.000,2121.000,2093.000,1999.000,1976.000,1961.000,1864.000
3406.182,2338.000,2261.000,2153.000,2171.000,2116.000,2067.000,2007.000,1988.000,1944.000,1892.000
3407.475,2327.000,2250.000,2194.000,2162.000,2099.000,2038.000,2015.000,1977.000,1903.000,1907.000
3408.769,2331.000,2331.000,2216.000,2171.000,2154.000,2059.000,2039.000,1990.000,1961.000,1879.000
3410.062,2308.000,2268.000,2192.000,2167.000,2131.000,2037.000,2020.000,2019.000,1943.000,1900.000
3411.356,2285.000,2342.000,2202.000,2119.000,2115.000,2082.000,2080.000,1992.000,1923.000,1896.000
3412.649,2357.000,2309.000,2175.000,2139.000,2125.000,2071.000,2001.000,2008.000,1942.000,1899.000
3413.941,2357.000,2314.000,2204.000,2208.000,2079.000,2057.000,1981.000,2004.000,1928.000,1920.000
3415.234,2281.000,2294.000,2225.000,2140.000,2074.000,2077.000,2064.000,2026.000,1958.000,1897.000
3416.526,2359.000,2271.000,2218.000,2167.000,2101.000,2119.000,2025.000,1982.000,1932.000,1906.000
3417.818,2303.000,2268.000,2190.000,2164.000,2094.000,2035.000,2038.000,1985.000,1951.000,1902.000
3419.112,2324.000,2283.000,2186.000,2174.000,2068.000,2065.000,2024.000,1972.000,1920.000,1882.000
3420.404,2253.000,2278.000,2187.000,2134.000,2094.000,2023.000,1987.000,1969.000,1912.000,1877.000
3421.695,2327.000,2237.000,2200.000,2091.000,2105.000,2068.000,2042.000,2011.000,1915.000,1857.000
3422.986,2260.000,2294.000,2186.000,2179.000,2093.000,2075.000,2018.000,1937.000,1922.000,1907.000
3424.277,2334.000,2281.000,2217.000,2157.000,2130.000,2072.000,2070.000,1996.000,1953.000,1883.000
3425.568,2322.000,2303.000,2200.000,2173.000,2119.000,2071.000,2018.000,1973.000,1923.000,1864.000
3426.859,2304.000,2251.000,2209.000,2186.000,2114.000,2039.000,2017.000,1945.000,1913.000,1838.000
3428.149,2309.000,2239.000,2197.000,2124.000,2121.000,2048.000,1962.000,1926.000,1920.000,1896.000
3429.439,2343.000,2292.000,2189.000,2141.000,2097.000,2011.000,2049.000,1981.000,1961.000,1845.000
3430.729,2329.000,2281.000,2185.000,2172.000,2123.000,2030.000,2019.000,1995.000,1913.000,1904.000
3432.019,2288.000,2254.000,2204.000,2158.000,2113.000,2075.000,2039.000,1966.000,1934.000,1895.000
3433.309,2314.000,2308.000,2218.000,2171.000,2068.000,2059.000,2063.000,1963.000,1924.000,1888.000
3434.598,2251.000,2254.000,2192.000,2133.000,2064.000,2077.000,2011.000,1984.000,1897.000,1842.000
3435.888,2318.000,2294.000,2231.000,2106.000,2090.000,2062.000,2038.000,1955.000,1944.000,1830.000
3437.177,2273.000,2223.000,2231.000,2104.000,2101.000,2030.000,2006.000,1979.000,1916.000,1831.000
3438.466,2282.000,2269.000,2209.000,2137.000,2084.000,2041.000,2072.000,2010.000,1903.000,1860.000
3439.754,2303.000,2250.000,2219.000,2155.000,2080.000,2098.000,2036.000,2008.000,1947.000,1841.000
3441.043,2281.000,2228.000,2169.000,2134.000,2094.000,2069.000,2005.000,1968.000,1954.000,1843.000
3442.331,2282.000,2224.000,2211.000,2109.000,2074.000,2066.000,1995.000,2022.000,1908.000,1903.000
3443.618,2305.000,2234.000,2212.000,2149.000,2070.000,2042.000,1986.000,1964.000,1954.000,1869.000
3444.906,2290.000,2266.000,2188.000,2108.000,2091.000,2060.000,2019.000,1996.000,1923.000,1847.000
3446.193,2301.000,2248.000,2182.000,2968.000,2087.000,2075.000,2052.000,2002.000,1901.000,1870.000
3447.481,2371.000,2247.000,2174.000,2304.000,2100.000,2066.000,1996.000,1968.000,1978.000,1875.000
3448.767,2287.000,2274.000,2209.000,2155.000,2082.000,2079.000,2061.000,1957.000,1947.000,1870.000
3450.056,2304.000,2245.000,2185.000,2144.000,2091.000,2048.000,1966.000,1989.000,1921.000,1896.000
3451.342,2289.000,2239.000,2182.000,2158.000,2113.000,2052.000,2024.000,2012.000,1901.000,1891.000
3452.628,2258.000,2283.000,2194.000,2143.000,2062.000,2031.000,2003.000,1957.000,1950.000,1883.000
3453.914,2263.000,2303.000,2193.000,2132.000,2104.000,2062.000,2010.000,1955.000,1905.000,1894.000
3455.200,2287.000,2239.000,2199.000,2144.000,2110.000,2069.000,2020.000,2011.000,1956.000,1883.000
3456.486,2347.000,2286.000,2237.000,2149.000,2095.000,2036.000,1965.000,1992.000,1929.000,1904.000
3457.771,2287.000,2263.000,2182.000,2112.000,2079.000,2072.000,2011.000,1959.000,1959.000,1912.000
3459.057,2284.000,2287.000,2214.000,2127.000,2023.000,2088.000,1982.000,1974.000,1933.000,1880.000
3460.342,2295.000,2250.000,2170.000,2114.000,2049.000,2060.000,2000.000,1959.000,1941.000,1881.000
3461.626,2288.000,2219.000,2175.000,2133.000,2081.000,1981.000,2038.000,1960.000,1950.000,1853.000
3462.911,2332.000,2286.000,2205.000,2122.000,2099.000,2035.000,1981.000,1936.000,1895.000,1828.000
3464.195,2301.000,2233.000,2190.000,2155.000,2108.000,2039.000,1993.000,1950.000,1912.000,1891.000
3465.479,2286.000,2309.000,2203.000,2134.000,2122.000,2072.000,2015.000,1969.000,1911.000,1864.000
3466.765,2277.000,2204.000,2168.000,2159.000,2108.000,2068.000,2007.000,1916.000,1948.000,1848.000
3468.048,2230.000,2264.000,2175.000,2100.000,2091.000,2039.000,2001.000,1970.000,1937.000,1834.000
3469.332,2312.000,2219.000,2186.000,2141.000,2140.000,2063.000,2009.000,1953.000,1887.000,1856.000
3470.615,2338.000,2270.000,2219.000,2154.000,2071.000,2059.000,2030.000,1970.000,1912.000,1874.000
3471.898,2362.000,2279.000,2208.000,2133.000,2139.000,2034.000,2039.000,2017.000,1915.000,1938.000
3473.181,2257.000,2273.000,2271.000,2141.000,2123.000,2097.000,2024.000,1963.000,1954.000,1868.000
3474.464,2298.000,2265.000,2198.000,2109.000,2075.000,2067.000,2006.000,1974.000,1920.000,1856.000
3475.746,2282.000,2286.000,2159.000,2095.000,2099.000,2092.000,2026.000,2004.000,1899.000,1844.000
3477.028,2315.000,2280.000,2227.000,2081.000,2091.000,2017.000,1964.000,1946.000,1919.000,1871.000
3478.310,2288.000,2258.000,2228.000,2114.000,2089.000,2018.000,2008.000,2011.000,1876.000,1870.000
3479.592,2338.000,2266.000,2177.000,2154.000,2125.000,2048.000,2001.000,1987.000,1941.000,1850.000
3480.875,2293.000,2269.000,2238.000,2209.000,2094.000,2080.000,2019.000,2000.000,1968.000,1890.000
3482.156,2311.000,2267.000,2203.000,2139.000,2103.000,2054.000,2030.000,1998.000,1945.000,1902.000
3483.438,2334.000,2313.000,2252.000,2153.000,2092.000,2106.000,2022.000,1964.000,1901.000,1868.000
3484.718,2298.000,2280.000,2219.000,2128.000,2103.000,2075.000,2008.000,1957.000,1922.000,1829.000
3485.999,2296.000,2280.000,2183.000,2108.000,2083.000,2065.000,2037.000,2005.000,1964.000,1882.000
3487.280,2293.000,2272.000,2157.000,2101.000,2081.000,2021.000,1987.000,1922.000,1899.000,1844.000
3488.560,2264.000,2237.000,2167.000,2148.000,2103.000,2054.000,2011.000,2002.000,1926.000,1864.000
3489.840,2303.000,2250.000,2186.000,2153.000,2108.000,2033.000,1987.000,1956.000,1915.000,1873.000
3491.120,2278.000,2270.000,2221.000,2120.000,2094.000,2042.000,1990.000,1952.000,1955.000,1823.000
3492.399,2303.000,2241.000,2205.000,2096.000,2091.000,2024.000,1969.000,1943.000,1922.000,1906.000
3493.679,2313.000,2236.000,2207.000,2145.000,2090.000,2005.000,1994.000,1970.000,1927.000,1891.000
3494.958,2355.000,2232.000,2169.000,2128.000,2091.000,2027.000,1984.000,1994.000,1939.000,1856.000
3496.237,2313.000,2275.000,2183.000,2129.000,2120.000,2048.000,2022.000,1913.000,1986.000,1846.000
3497.517,2313.000,2282.000,2168.000,2118.000,2113.000,2030.000,1973.000,1963.000,1959.000,1852.000
3498.796,2256.000,2224.000,2205.000,2131.000,2088.000,2096.000,1979.000,1948.000,1949.000,1862.000
3500.074,2330.000,2221.000,2217.000,2108.000,2061.000,2027.000,1965.000,2013.000,1820.000,1831.000
3501.352,2236.000,2280.000,2174.000,2111.000,2028.000,1995.000,2009.000,1900.000,1905.000,1861.000
3502.630,2286.000,2253.000,2182.000,2151.000,2088.000,2023.000,1975.000,1963.000,1934.000,1855.000
3503.908,2287.000,2271.000,2163.000,2146.000,2125.000,2043.000,1983.000,1941.000,1918.000,1860.000
3505.185,2229.000,2271.000,2217.000,2109.000,2089.000,2092.000,2003.000,1911.000,1929.000,1852.000
3506.463,2275.000,2222.000,2188.000,2105.000,2067.000,2042.000,2002.000,1978.000,1929.000,1880.000
3507.740,2243.000,2268.000,2175.000,2090.000,2121.000,2003.000,1999.000,1953.000,1919.000,1879.000
3509.017,2315.000,2222.000,2197.000,2135.000,2099.000,1997.000,1970.000,1974.000,1956.000,1810.000
3510.293,2247.000,2221.000,2163.000,2116.000,2085.000,2025.000,2037.000,1924.000,1897.000,1829.000
3511.570,2274.000,2251.000,2165.000,2150.000,2076.000,2026.000,1971.000,1963.000,1865.000,1862.000
3512.847,2311.000,2228.000,2182.000,2072.000,2145.000,2027.000,1985.000,1924.000,1925.000,1878.000
3514.123,2269.000,2248.000,2187.000,2150.000,2090.000,2059.000,2011.000,1952.000,1910.000,1886.000
3515.399,2309.000,2228.000,2175.000,2129.000,2083.000,2011.000,1960.000,1951.000,1880.000,1846.000
3516.675,2277.000,2241.000,2161.000,2123.000,2071.000,1999.000,1970.000,1967.000,1913.000,1865.000
3517.950,2264.000,2199.000,2141.000,2091.000,2056.000,2057.000,1975.000,1921.000,1879.000,1862.000
3519.225,2265.000,2213.000,2147.000,2094.000,2084.000,2018.000,1989.000,1955.000,1873.000,1856.000
3520.500,2305.000,2200.000,2165.000,2126.000,2032.000,2027.000,1964.000,1885.000,1932.000,1832.000
3521.775,2279.000,2231.000,2201.000,2125.000,2102.000,2069.000,2005.000,1953.000,1917.000,1856.000
3523.049,2243.000,2244.000,2149.000,2067.000,2078.000,2016.000,1986.000,1969.000,1907.000,1828.000
3524.324,2255.000,2268.000,2153.000,2095.000,2030.000,2040.000,1960.000,1948.000,1943.000,1859.000
3525.598,2300.000,2243.000,2122.000,2090.000,2042.000,1991.000,1955.000,1965.000,1903.000,1821.000
3526.871,2264.000,2242.000,2168.000,2100.000,2015.000,2008.000,1965.000,1919.000,1888.000,1856.000
3528.147,2271.000,2221.000,2183.000,2064.000,2089.000,1961.000,1959.000,1936.000,1877.000,1892.000
3529.420,2262.000,2211.000,2165.000,2107.000,2114.000,2020.000,1998.000,1934.000,1923.000,1835.000
3530.693,2243.000,2244.000,2126.000,2094.000,2005.000,2052.000,1973.000,1926.000,1899.000,1822.000
3531.966,2256.000,2226.000,2163.000,2056.000,2058.000,2081.000,1932.000,1959.000,1870.000,1893.000
3533.239,2259.000,2187.000,2133.000,2093.000,2035.000,2010.000,1961.000,1938.000,1891.000,1814.000
3534.512,2256.000,2219.000,2171.000,2101.000,2049.000,1975.000,1996.000,1908.000,1899.000,1813.000
3535.784,2265.000,2233.000,2147.000,2075.000,2078.000,2056.000,1958.000,1964.000,1925.000,1863.000
3537.056,2281.000,2236.000,2191.000,2061.000,2065.000,2024.000,1967.000,1951.000,1918.000,1821.000
3538.328,2253.000,2225.000,2172.000,2096.000,2065.000,2003.000,1970.000,1919.000,1908.000,1869.000
3539.600,2303.000,2295.000,2155.000,2120.000,2033.000,2005.000,1980.000,1941.000,1887.000,1871.000
3540.871,2277.000,2268.000,2136.000,2088.000,2061.000,2023.000,1989.000,1917.000,1870.000,1851.000
3542.143,2279.000,2237.000,2134.000,2090.000,2069.000,2001.000,1988.000,1925.000,1900.000,1887.000
3543.415,2274.000,2239.000,2149.000,2059.000,2015.000,1965.000,1952.000,1950.000,1912.000,1839.000
3544.686,2258.000,2283.000,2162.000,2097.000,2060.000,1985.000,1953.000,1946.000,1903.000,1870.000
3545.957,2282.000,2237.000,2164.000,2082.000,2077.000,2057.000,1984.000,1939.000,1918.000,1858.000
3547.227,2294.000,2283.000,2159.000,2070.000,2074.000,2021.000,1972.000,1929.000,1908.000,1823.000
3548.498,2286.000,2240.000,2213.000,2079.000,2015.000,2030.000,1947.000,1964.000,1923.000,1843.000
3549.768,2262.000,2245.000,2204.000,2070.000,2102.000,2022.000,1968.000,1956.000,1924.000,1915.000
3551.037,2305.000,2213.000,2116.000,2120.000,2065.000,1999.000,1969.000,1917.000,1872.000,1801.000
3552.307,2283.000,2255.000,2162.000,2120.000,2089.000,1989.000,2008.000,1937.000,1911.000,1875.000
3553.577,2252.000,2241.000,2183.000,2092.000,2078.000,2053.000,1978.000,1931.000,1918.000,1849.000
3554.846,2251.000,2235.000,2147.000,2089.000,2037.000,2015.000,1980.000,1931.000,1906.000,1837.000
3556.115,2244.000,2237.000,2159.000,2124.000,2069.000,2056.000,1990.000,1945.000,1903.000,1869.000
3557.383,2291.000,2206.000,2132.000,2083.000,2025.000,2026.000,1964.000,1942.000,1845.000,1817.000
3558.653,2241.000,2204.000,2188.000,2101.000,2048.000,2027.000,1929.000,1937.000,1896.000,1862.000
3559.922,2227.000,2257.000,2185.000,2088.000,2042.000,2021.000,1978.000,1930.000,1904.000,1830.000
3561.190,2298.000,2248.000,2171.000,2103.000,2096.000,2056.000,1997.000,1945.000,1952.000,1849.000
3562.458,2292.000,2267.000,2213.000,2147.000,2054.000,2058.000,1966.000,1900.000,1878.000,1861.000
3563.726,2306.000,2263.000,2191.000,2107.000,2079.000,2003.000,1989.000,1956.000,1902.000,1847.000
3564.993,2301.000,2251.000,2183.000,2076.000,2107.000,2020.000,1974.000,1953.000,1901.000,1875.000
3566.260,2334.000,2212.000,2172.000,2107.000,2082.000,2033.000,1959.000,1906.000,1895.000,1824.000
3567.528,2226.000,2235.000,2179.000,2094.000,2018.000,2002.000,1986.000,1972.000,1919.000,1854.000
3568.794,2292.000,2269.000,2142.000,2101.000,2041.000,2065.000,1975.000,1900.000,1894.000,1813.000
3570.061,2265.000,2268.000,2210.000,2132.000,2059.000,2039.000,1979.000,1900.000,1909.000,1846.000
3571.328,2297.000,2254.000,2167.000,2125.000,2073.000,2036.000,1995.000,1909.000,1887.000,1833.000
3572.594,2236.000,2264.000,2166.000,2134.000,2022.000,2031.000,2037.000,1950.000,1869.000,1857.000
3573.861,2238.000,2240.000,2154.000,2113.000,2067.000,1998.000,2009.000,1938.000,1941.000,1880.000
3575.127,2277.000,2253.000,2129.000,2123.000,2039.000,2020.000,1989.000,1932.000,1913.000,1805.000
3576.393,2227.000,2232.000,2165.000,2079.000,2065.000,2008.000,1965.000,1934.000,1891.000,1851.000
3577.658,2273.000,2276.000,2199.000,2087.000,2054.000,2048.000,1987.000,1972.000,1893.000,1839.000
3578.923,2318.000,2235.000,2179.000,2118.000,2051.000,2048.000,1997.000,1966.000,1883.000,1808.000
3580.188,2267.000,2229.000,2208.000,2095.000,2058.000,2043.000,2003.000,1950.000,1915.000,1893.000
3581.453,2281.000,2268.000,2199.000,2089.000,2060.000,2031.000,1996.000,1941.000,1915.000,1861.000
3582.718,2264.000,2275.000,2189.000,2103.000,2056.000,1988.000,2000.000,1963.000,1904.000,1831.000
3583.982,2278.000,2232.000,2183.000,2110.000,2129.000,2024.000,1979.000,1960.000,1885.000,1864.000
3585.246,2301.000,2292.000,2191.000,2116.000,2031.000,2011.000,1991.000,1955.000,1936.000,1864.000
3586.510,2279.000,2249.000,2176.000,2114.000,2090.000,2034.000,1973.000,1899.000,1940.000,1819.000
3587.774,2273.000,2233.000,2175.000,2142.000,2083.000,2031.000,1999.000,1978.000,1935.000,1875.000
3589.039,2273.000,2279.000,2169.000,2079.000,2064.000,1995.000,1979.000,1945.000,1924.000,1821.000
3590.302,2327.000,2252.000,2165.000,2123.000,2063.000,2059.000,1977.000,1952.000,1894.000,1864.000
3591.565,2307.000,2238.000,2173.000,2126.000,2049.000,1996.000,1950.000,1974.000,1893.000,1838.000
3592.828,2338.000,2275.000,2170.000,2102.000,2042.000,2020.000,1951.000,1962.000,1869.000,1839.000
3594.091,2303.000,2219.000,2158.000,2151.000,2071.000,2074.000,2018.000,1935.000,1888.000,1869.000
3595.353,2307.000,2253.000,2251.000,2130.000,2121.000,2023.000,1968.000,1950.000,1943.000,1857.000
3596.615,2261.000,2251.000,2222.000,2110.000,2068.000,2013.000,1958.000,1943.000,1959.000,1889.000
3597.877,2308.000,2240.000,2201.000,2097.000,2081.000,2050.000,2010.000,1973.000,1888.000,1871.000
3599.139,2265.000,2243.000,2189.000,2110.000,2112.000,2057.000,1968.000,1954.000,1895.000,1867.000
3600.401,2309.000,2238.000,2183.000,2135.000,2092.000,1992.000,1974.000,1969.000,1918.000,1832.000
3601.662,2263.000,2228.000,2199.000,2135.000,2071.000,2036.000,1970.000,1963.000,1897.000,1840.000
3602.924,2273.000,2263.000,2203.000,2148.000,2037.000,2004.000,1980.000,1941.000,1893.000,1870.000
3604.186,2303.000,2250.000,2134.000,2112.000,2072.000,2019.000,2019.000,1953.000,1923.000,1879.000
3605.447,2317.000,2234.000,2186.000,2167.000,2080.000,1977.000,1940.000,2845.000,1885.000,1871.000
3606.707,2328.000,2262.000,2179.000,2120.000,2073.000,2025.000,2012.000,2081.000,1885.000,1873.000
3607.968,2281.000,2216.000,2218.000,2118.000,2076.000,2027.000,2015.000,1966.000,1919.000,1870.000
3609.228,2289.000,2255.000,2165.000,2163.000,2060.000,2027.000,1976.000,1941.000,1871.000,1828.000
3610.488,2285.000,2273.000,2229.000,2137.000,2116.000,2009.000,2014.000,1936.000,1940.000,1882.000
3611.748,2333.000,2239.000,2173.000,2155.000,2115.000,2023.000,2002.000,1959.000,1899.000,1901.000
3613.007,2324.000,2275.000,2188.000,2109.000,2113.000,2055.000,1975.000,1966.000,1948.000,1843.000
3614.266,2299.000,2263.000,2196.000,2107.000,2091.000,1961.000,1996.000,1977.000,1911.000,1862.000
3615.526,2281.000,2239.000,2199.000,2062.000,2055.000,2011.000,1970.000,1923.000,1923.000,1866.000
3616.784,2309.000,2239.000,2200.000,2152.000,2102.000,2024.000,1957.000,1970.000,1923.000,1847.000
3618.043,2283.000,2244.000,2165.000,2122.000,2073.000,2080.000,1984.000,1951.000,1909.000,1887.000
3619.303,2298.000,2322.000,2193.000,2123.000,2134.000,2059.000,1996.000,1952.000,1913.000,1857.000
3620.561,2316.000,2235.000,2189.000,2177.000,2082.000,1982.000,1963.000,1950.000,1888.000,1866.000
3621.819,2302.000,2251.000,2181.000,2130.000,2065.000,2026.000,2014.000,1942.000,1890.000,1875.000
3623.077,2286.000,2240.000,2142.000,2114.000,2081.000,2043.000,1951.000,1938.000,1902.000,1832.000
3624.335,2264.000,2272.000,2160.000,2115.000,2078.000,2011.000,1985.000,1964.000,1943.000,1815.000
3625.592,2306.000,2299.000,2191.000,2115.000,2072.000,1995.000,1953.000,1947.000,1954.000,1887.000
3626.850,2275.000,2232.000,2209.000,2102.000,2087.000,2023.000,2035.000,1956.000,1904.000,1883.000
3628.107,2308.000,2260.000,2181.000,2181.000,2101.000,2057.000,2021.000,1989.000,1931.000,1867.000
3629.364,2358.000,2270.000,2195.000,2137.000,2098.000,1993.000,1991.000,1975.000,1926.000,1890.000
3630.620,2291.000,2277.000,2210.000,2124.000,2093.000,2008.000,1998.000,1929.000,1933.000,1833.000
3631.877,2268.000,2208.000,2194.000,2097.000,2079.000,2078.000,2005.000,1962.000,1907.000,1878.000
3633.133,2312.000,2320.000,2219.000,2137.000,2087.000,2035.000,1976.000,1976.000,1928.000,1828.000
3634.389,2318.000,2250.000,2183.000,2139.000,2089.000,2013.000,1987.000,1948.000,1927.000,1850.000
3635.646,2290.000,2248.000,2216.000,2173.000,2094.000,2034.000,1983.000,1965.000,1972.000,1885.000
3636.901,2245.000,2242.000,2166.000,2101.000,2079.000,2012.000,2037.000,1981.000,1890.000,1891.000
3638.157,2303.000,2281.000,2191.000,2097.000,2090.000,2003.000,2010.000,1968.000,1898.000,1818.000
3639.412,2273.000,2283.000,2126.000,2139.000,2038.000,2052.000,1978.000,1948.000,1923.000,1857.000
3640.667,2284.000,2264.000,2174.000,2084.000,2030.000,2015.000,1940.000,1904.000,1912.000,1837.000
3641.922,2325.000,2229.000,2202.000,2089.000,2073.000,2078.000,1987.000,1953.000,1946.000,1834.000
3643.176,2318.000,2243.000,2166.000,2162.000,2111.000,2048.000,2006.000,1957.000,1944.000,1876.000
3644.431,2300.000,2255.000,2182.000,2145.000,2105.000,2006.000,1970.000,1929.000,1946.000,1864.000
3645.685,2288.000,2237.000,2171.000,2144.000,2121.000,2020.000,2023.000,1972.000,1927.000,1847.000
3646.939,2303.000,2238.000,2156.000,2137.000,2075.000,1971.000,2016.000,1968.000,1903.000,1844.000
3648.192,2232.000,2260.000,2147.000,2111.000,2052.000,2006.000,1978.000,1943.000,1898.000,1921.000
3649.447,2276.000,2225.000,2186.000,2103.000,2094.000,2031.000,1971.000,1960.000,1905.000,1866.000
3650.701,2294.000,2239.000,2171.000,2098.000,2078.000,2065.000,1979.000,1946.000,1889.000,1852.000
3651.954,2324.000,2266.000,2133.000,2122.000,2083.000,1998.000,2026.000,1990.000,1935.000,1871.000
3653.206,2294.000,2296.000,2170.000,2089.000,2099.000,2056.000,1985.000,1949.000,1910.000,1903.000
3654.459,2263.000,2213.000,2115.000,2089.000,2083.000,2020.000,2012.000,1974.000,1923.000,1891.000
3655.712,2283.000,2223.000,2198.000,2078.000,2103.000,2035.000,1948.000,1945.000,1888.000,1895.000
3656.964,2276.000,2250.000,2158.000,2078.000,2074.000,1995.000,1955.000,1938.000,1902.000,1836.000
3658.216,2303.000,2236.000,2177.000,2084.000,2042.000,2017.000,1993.000,1942.000,1941.000,1856.000
3659.468,2303.000,2265.000,2177.000,2138.000,2092.000,2014.000,1979.000,1990.000,1902.000,1822.000
3660.719,2306.000,2259.000,2151.000,2127.000,2083.000,2009.000,2014.000,1947.000,1868.000,1843.000
3661.971,2319.000,2224.000,2192.000,2147.000,2116.000,2027.000,1987.000,1935.000,1880.000,1825.000
3663.222,2300.000,2230.000,2186.000,2102.000,2072.000,2034.000,2010.000,1909.000,1919.000,1851.000
3664.473,2276.000,2241.000,2177.000,2118.000,2102.000,2029.000,1948.000,1957.000,1945.000,1838.000
3665.725,2285.000,2218.000,2217.000,2101.000,2067.000,2010.000,2030.000,1957.000,1917.000,1854.000
3666.976,2289.000,2262.000,2186.000,2085.000,2085.000,2008.000,1971.000,1930.000,1892.000,1848.000
3668.226,2323.000,2237.000,2156.000,2138.000,2077.000,2022.000,2032.000,1977.000,1921.000,1899.000
3669.476,2265.000,2205.000,2195.000,2146.000,2082.000,2042.000,1999.000,1964.000,1880.000,1850.000
3670.726,2275.000,2276.000,2189.000,2079.000,2101.000,2013.000,1993.000,1965.000,1877.000,1865.000
3671.976,2298.000,2204.000,2202.000,2093.000,2099.000,2024.000,2023.000,1942.000,1888.000,1831.000
3673.226,2304.000,2280.000,2191.000,2101.000,2039.000,2037.000,1972.000,1980.000,1913.000,1874.000
3674.475,2338.000,2253.000,2236.000,2122.000,2088.000,2104.000,2022.000,1971.000,1883.000,1843.000
3675.724,2273.000,2263.000,2186.000,2134.000,2056.000,4210.000,1986.000,1986.000,1878.000,1867.000
3676.973,2349.000,2233.000,2209.000,2136.000,2124.000,2096.000,1977.000,1967.000,1928.000,1866.000
3678.222,2275.000,2259.000,2241.000,2144.000,2150.000,2035.000,1987.000,1970.000,1923.000,1843.000
3679.472,2346.000,2260.000,2166.000,2082.000,2081.000,2031.000,1988.000,1911.000,1939.000,1815.000
3680.720,2275.000,2210.000,2154.000,2098.000,2053.000,2029.000,1996.000,1978.000,1899.000,1824.000
3681.968,2278.000,2251.000,2182.000,2149.000,2054.000,2693.000,1993.000,1966.000,1912.000,1894.000
3683.216,2328.000,2247.000,2213.000,2065.000,2033.000,2622.000,2002.000,1921.000,1890.000,1904.000
3684.464,2311.000,2225.000,2196.000,2176.000,2106.000,2002.000,2033.000,1979.000,1897.000,1897.000
3685.711,2269.000,2289.000,2212.000,2116.000,2091.000,2025.000,2032.000,1961.000,1916.000,1899.000
3686.959,2280.000,2224.000,2173.000,2129.000,2138.000,2040.000,2027.000,2019.000,1902.000,1894.000
3688.206,2301.000,2194.000,2147.000,2113.000,2085.000,2088.000,1995.000,1951.000,1920.000,1877.000
3689.453,2308.000,2227.000,2182.000,2111.000,2068.000,2062.000,2021.000,1995.000,1907.000,1903.000
3690.699,2290.000,2263.000,2150.000,2103.000,2091.000,2013.000,1986.000,1969.000,1911.000,1869.000
3691.946,2318.000,2259.000,2211.000,2126.000,2099.000,2037.000,2000.000,1941.000,1919.000,1907.000
3693.192,2306.000,2244.000,2212.000,2113.000,2125.000,2056.000,2017.000,1982.000,1897.000,1871.000
3694.438,2261.000,2253.000,2168.000,2130.000,2065.000,2063.000,2043.000,1984.000,1923.000,1923.000
3695.685,2344.000,2289.000,2224.000,2120.000,2067.000,2068.000,2053.000,1964.000,1910.000,1874.000
3696.931,2307.000,2289.000,2190.000,2138.000,2062.000,2060.000,2040.000,1931.000,1940.000,1874.000
3698.177,2312.000,2308.000,2212.000,2110.000,2127.000,2019.000,2012.000,1971.000,1905.000,1874.000
3699.422,2323.000,2248.000,2194.000,2121.000,2099.000,2075.000,2027.000,1990.000,1927.000,1893.000
3700.667,2311.000,2266.000,2220.000,2164.000,2119.000,2067.000,2029.000,1981.000,1912.000,1906.000
3701.912,2297.000,2293.000,2185.000,2101.000,2067.000,2067.000,2001.000,1946.000,1939.000,1935.000
3703.156,2346.000,2273.000,2206.000,2131.000,2096.000,2043.000,1987.000,1958.000,1987.000,1877.000
3704.401,2303.000,2258.000,2228.000,2100.000,2084.000,2030.000,2040.000,2013.000,1941.000,1849.000
3705.645,2301.000,2293.000,2166.000,2163.000,2097.000,2041.000,1993.000,1942.000,1943.000,1909.000
3706.889,2364.000,2260.000,2149.000,2175.000,2115.000,2018.000,2004.000,1947.000,1932.000,1871.000
3708.133,2314.000,2289.000,2196.000,2127.000,2124.000,2021.000,2024.000,1972.000,1929.000,1888.000
3709.378,2324.000,2276.000,2221.000,2133.000,2062.000,2068.000,2005.000,1995.000,1909.000,1922.000
3710.621,2268.000,2264.000,2188.000,2175.000,2106.000,2075.000,2048.000,2003.000,1954.000,1902.000
3711.864,2303.000,2310.000,2219.000,2152.000,2118.000,2057.000,2067.000,1945.000,1908.000,1888.000
3713.107,2320.000,2266.000,2202.000,2187.000,2147.000,2072.000,1988.000,2000.000,1941.000,1891.000
3714.350,2294.000,2250.000,2221.000,2159.000,2104.000,2070.000,2015.000,1950.000,1922.000,1865.000
3715.593,2311.000,2282.000,2226.000,2128.000,2125.000,2048.000,2037.000,1956.000,1932.000,1884.000
3716.835,2338.000,2277.000,2215.000,2139.000,2133.000,2018.000,2051.000,2010.000,1943.000,1889.000
3718.077,2334.000,2254.000,2188.000,2167.000,2147.000,2034.000,2022.000,1934.000,1975.000,1884.000
3719.319,2329.000,2314.000,2226.000,2146.000,2098.000,2027.000,2040.000,1986.000,1921.000,1901.000
3720.561,2249.000,2283.000,2215.000,2111.000,2078.000,2079.000,2025.000,2011.000,1921.000,1860.000
3721.802,2307.000,2260.000,2197.000,2111.000,2101.000,2081.000,2027.000,1991.000,1939.000,1872.000
3723.044,2322.000,2261.000,2204.000,2138.000,2099.000,2057.000,2002.000,1994.000,1928.000,1866.000
3724.285,2369.000,2267.000,2213.000,2138.000,2071.000,2080.000,2026.000,2020.000,1961.000,1912.000
3725.527,2391.000,2274.000,2209.000,2155.000,2117.000,2072.000,2038.000,2003.000,1945.000,1878.000
3726.768,2271.000,2339.000,2235.000,2120.000,2080.000,2089.000,2018.000,1983.000,1955.000,1871.000
3728.008,2288.000,2261.000,2173.000,2134.000,2116.000,2082.000,2059.000,2010.000,1918.000,1884.000
3729.249,2270.000,2272.000,2193.000,2168.000,2094.000,1993.000,2026.000,2019.000,1940.000,1865.000
3730.489,2401.000,2279.000,2183.000,2152.000,2098.000,2056.000,2015.000,1949.000,1916.000,1902.000
3731.729,2308.000,2261.000,2175.000,2157.000,2065.000,2041.000,2044.000,1992.000,1914.000,1867.000
3732.969,2319.000,2290.000,2230.000,2163.000,2139.000,2108.000,2040.000,2024.000,1947.000,1846.000
3734.208,2285.000,2318.000,2227.000,2160.000,2116.000,2077.000,2018.000,2039.000,1977.000,1919.000
3735.447,2336.000,2261.000,2199.000,2104.000,2085.000,2077.000,1990.000,2002.000,1921.000,1895.000
3736.686,2307.000,2284.000,2152.000,2182.000,2120.000,2065.000,2029.000,2005.000,1946.000,1887.000
3737.925,2272.000,2255.000,2224.000,2126.000,2076.000,2093.000,1998.000,1963.000,1947.000,1892.000
3739.165,2303.000,2252.000,2191.000,2169.000,2100.000,1994.000,2007.000,1974.000,1906.000,1884.000
3740.404,2303.000,2258.000,2198.000,2138.000,2141.000,1998.000,2039.000,1996.000,1970.000,1877.000
3741.642,2339.000,2258.000,2185.000,2174.000,2152.000,2071.000,2028.000,2005.000,1940.000,1913.000
3742.880,2356.000,2318.000,2193.000,2173.000,2128.000,2072.000,2057.000,2004.000,1986.000,1864.000
3744.118,2282.000,2309.000,2241.000,2161.000,2094.000,2051.000,2003.000,2036.000,1936.000,1866.000
3745.356,2269.000,2299.000,2228.000,2175.000,2116.000,2090.000,2014.000,2006.000,1947.000,1924.000
3746.593,2305.000,2231.000,2180.000,2162.000,2137.000,2026.000,1994.000,1954.000,1936.000,1868.000
3747.831,2331.000,2297.000,2200.000,2141.000,2126.000,2073.000,2029.000,2025.000,1941.000,1867.000
3749.068,2331.000,2268.000,2239.000,2131.000,2130.000,2075.000,2050.000,1964.000,1909.000,1911.000
3750.304,2356.000,2256.000,2240.000,2137.000,2129.000,2074.000,2050.000,1976.000,1949.000,1883.000
3751.541,2308.000,2262.000,2258.000,2165.000,2139.000,2076.000,2024.000,1978.000,1941.000,1880.000
3752.778,2351.000,2282.000,2186.000,2131.000,2129.000,2041.000,2075.000,1987.000,1947.000,1882.000
3754.014,2348.000,2265.000,2224.000,2125.000,2107.000,2118.000,2060.000,1985.000,1967.000,1905.000
3755.251,2275.000,2283.000,2201.000,2131.000,2070.000,2123.000,2023.000,1991.000,1927.000,1889.000
3756.487,2327.000,2360.000,2221.000,2114.000,2095.000,2080.000,2084.000,1989.000,1959.000,1891.000
3757.723,2291.000,2343.000,2202.000,2175.000,2114.000,2110.000,2035.000,2015.000,1948.000,1915.000
3758.958,2330.000,2291.000,2230.000,2143.000,2106.000,2112.000,2053.000,2027.000,1968.000,1915.000
3760.193,2340.000,2333.000,2235.000,2171.000,2161.000,2087.000,2002.000,2016.000,1948.000,1927.000
3761.428,2314.000,2280.000,2222.000,2140.000,2141.000,2062.000,2038.000,1961.000,1941.000,1902.000
3762.663,2320.000,2256.000,2199.000,2122.000,2173.000,2020.000,1987.000,1990.000,1950.000,1902.000
3763.898,2301.000,2267.000,2197.000,2180.000,2173.000,2094.000,2037.000,1973.000,1952.000,1908.000
3765.132,2315.000,2307.000,2256.000,2131.000,2157.000,2096.000,2060.000,2001.000,1995.000,1893.000
3766.367,2341.000,2324.000,2216.000,2140.000,2164.000,2082.000,2048.000,2052.000,1972.000,1953.000
3767.601,2312.000,2311.000,2185.000,2178.000,2138.000,2100.000,2029.000,2016.000,1983.000,1956.000
3768.836,2344.000,2323.000,2247.000,2161.000,2148.000,2110.000,2053.000,2019.000,1967.000,1879.000
3770.069,2315.000,2304.000,2227.000,2165.000,2107.000,2051.000,2028.000,1996.000,1957.000,1899.000
3771.303,2360.000,2269.000,2186.000,2191.000,2101.000,2065.000,2020.000,2020.000,1937.000,1879.000
3772.536,2336.000,2280.000,2164.000,2165.000,2133.000,2090.000,2055.000,1969.000,1988.000,1894.000
3773.769,2340.000,2308.000,2232.000,2203.000,2109.000,2070.000,2087.000,2020.000,1981.000,1939.000
3775.002,2295.000,2292.000,2203.000,2124.000,2113.000,2093.000,2014.000,2012.000,1955.000,1923.000
3776.234,2309.000,2332.000,2227.000,2157.000,2149.000,2077.000,2064.000,2037.000,1988.000,1919.000
3777.467,2322.000,2336.000,2200.000,2134.000,2124.000,2037.000,2020.000,1973.000,1977.000,1908.000
3778.699,2354.000,2297.000,2266.000,2186.000,2103.000,2100.000,2042.000,2026.000,1977.000,1912.000
3779.931,2293.000,2285.000,2242.000,2245.000,2130.000,2113.000,2075.000,2008.000,1995.000,1920.000
3781.163,2381.000,2267.000,2203.000,2177.000,2115.000,2124.000,2049.000,2005.000,1983.000,1932.000
3782.394,2313.000,2286.000,2239.000,2207.000,2110.000,2061.000,2080.000,2021.000,2003.000,1923.000
3783.626,2357.000,2343.000,2234.000,2157.000,2184.000,2037.000,2055.000,2029.000,1995.000,1939.000
3784.858,2321.000,2296.000,2238.000,2209.000,2169.000,2114.000,2031.000,2032.000,1968.000,1938.000
3786.089,2363.000,2272.000,2266.000,2186.000,2148.000,2052.000,2001.000,2012.000,1977.000,1940.000
3787.320,2327.000,2289.000,2239.000,2137.000,2119.000,2058.000,2053.000,2027.000,2005.000,1913.000
3788.551,2343.000,2331.000,2278.000,2191.000,2152.000,2100.000,2073.000,2025.000,2033.000,1913.000
3789.781,2330.000,2304.000,2239.000,2184.000,2191.000,2126.000,2074.000,2087.000,2004.000,1907.000
3791.011,2399.000,2346.000,2265.000,2245.000,2191.000,2096.000,2060.000,2031.000,1989.000,1980.000
3792.241,2371.000,2314.000,2262.000,2260.000,2145.000,2109.000,2102.000,2038.000,1997.000,1967.000
3793.471,2320.000,2331.000,2271.000,2143.000,2216.000,2114.000,2091.000,2034.000,2020.000,1953.000
3794.701,2332.000,2313.000,2260.000,2189.000,2151.000,2129.000,2075.000,2016.000,1992.000,1966.000
3795.930,2347.000,2333.000,2190.000,2181.000,2129.000,2099.000,2050.000,2055.000,2008.000,1937.000
3797.159,2334.000,2354.000,2222.000,2218.000,2176.000,2111.000,2117.000,2073.000,2023.000,1944.000
3798.389,2389.000,2353.000,2288.000,2219.000,2160.000,2078.000,2073.000,2049.000,2031.000,1937.000
3799.618,2397.000,2338.000,5196.000,2217.000,2180.000,2121.000,2124.000,2041.000,2039.000,1948.000
3800.847,2411.000,2355.000,2837.000,2194.000,2186.000,2172.000,2105.000,2074.000,2000.000,1929.000
3802.075,2397.000,2350.000,2277.000,2233.000,2141.000,2112.000,2118.000,2062.000,1985.000,1972.000
3803.303,2413.000,2365.000,2262.000,2278.000,2163.000,2150.000,2103.000,2034.000,2002.000,1936.000
3804.531,2423.000,2353.000,2317.000,2165.000,2193.000,2133.000,2058.000,2116.000,1999.000,1953.000
3805.759,2373.000,2345.000,2264.000,2216.000,2166.000,2121.000,2151.000,2128.000,2058.000,1956.000
3806.987,2384.000,2326.000,2276.000,2239.000,2195.000,2110.000,2105.000,2077.000,2022.000,1991.000
3808.214,2384.000,2429.000,2353.000,2245.000,2206.000,2179.000,2117.000,2091.000,2064.000,1932.000
3809.441,2358.000,2349.000,2305.000,2225.000,2189.000,2121.000,2121.000,2049.000,2048.000,1982.000
3810.668,2408.000,2390.000,2313.000,2242.000,2222.000,2137.000,2145.000,2097.000,1983.000,1981.000
3811.895,2414.000,2392.000,2315.000,2227.000,2214.000,2176.000,2130.000,2087.000,2062.000,2018.000
3813.121,2416.000,2347.000,2328.000,2262.000,2149.000,2204.000,2132.000,2080.000,2025.000,2020.000
3814.349,2416.000,2407.000,2354.000,2248.000,2184.000,2174.000,2113.000,2094.000,2048.000,1971.000
3815.575,2414.000,2411.000,2303.000,2253.000,2228.000,2191.000,2131.000,2093.000,2052.000,2002.000
3816.801,2462.000,2391.000,2302.000,2249.000,2192.000,2219.000,2148.000,2084.000,2048.000,1982.000
3818.027,2383.000,2377.000,2313.000,2280.000,2211.000,2178.000,2123.000,2109.000,2062.000,2025.000
3819.252,2496.000,2438.000,2315.000,2300.000,2173.000,2189.000,2141.000,2091.000,2014.000,2007.000
3820.478,2455.000,2398.000,2321.000,2213.000,2245.000,2213.000,2141.000,2116.000,2080.000,2038.000
3821.703,2425.000,2393.000,2308.000,2304.000,2243.000,2191.000,2149.000,2087.000,2108.000,2023.000
3822.928,2450.000,2424.000,2347.000,2282.000,2220.000,2206.000,2206.000,2118.000,2074.000,2048.000
3824.153,2474.000,2420.000,2343.000,2313.000,2274.000,2241.000,2139.000,2155.000,2119.000,2064.000
3825.377,2442.000,2429.000,2359.000,2338.000,2259.000,2211.000,2188.000,2179.000,2109.000,2086.000
3826.602,2469.000,2466.000,2395.000,2274.000,2250.000,2227.000,2180.000,2131.000,2128.000,2054.000
3827.827,2421.000,2419.000,2358.000,2303.000,2241.000,2252.000,2211.000,2169.000,2118.000,2068.000
3829.051,2534.000,2452.000,2373.000,2303.000,2249.000,2236.000,2187.000,2170.000,2113.000,2075.000
3830.275,2554.000,2472.000,2390.000,2320.000,2299.000,2246.000,2232.000,2189.000,2157.000,2103.000
3831.498,2527.000,2483.000,2398.000,2336.000,2280.000,2280.000,2243.000,2235.000,2156.000,2071.000
3832.722,2503.000,2477.000,2396.000,2365.000,2323.000,2218.000,2275.000,2252.000,2197.000,2144.000
3833.945,2494.000,2484.000,2460.000,2388.000,2320.000,2266.000,2249.000,2274.000,2147.000,2081.000
3835.168,2515.000,2506.000,2489.000,2371.000,2371.000,2277.000,2272.000,2195.000,2160.000,2111.000
3836.391,2553.000,2490.000,2383.000,2415.000,2335.000,2289.000,2228.000,2239.000,2221.000,2143.000
3837.613,2610.000,2502.000,2442.000,2392.000,2341.000,2305.000,2295.000,2245.000,2177.000,2170.000
3838.835,2597.000,2549.000,2426.000,2393.000,2371.000,2278.000,2270.000,2267.000,2235.000,2158.000
3840.058,2586.000,2556.000,2483.000,2401.000,2428.000,2316.000,2325.000,2276.000,2226.000,2179.000
3841.280,2601.000,2595.000,2502.000,2434.000,2408.000,2382.000,2334.000,2289.000,2246.000,2152.000
3842.501,2631.000,2582.000,2483.000,2431.000,2402.000,2389.000,2287.000,2305.000,2226.000,2209.000
3843.724,2648.000,2561.000,2541.000,2436.000,2387.000,2411.000,2315.000,2306.000,2225.000,2224.000
3844.946,2639.000,2607.000,2520.000,2444.000,2432.000,2424.000,2335.000,2326.000,2261.000,2211.000
3846.167,2696.000,2616.000,2531.000,2494.000,2471.000,2401.000,2410.000,2327.000,2326.000,5616.000
3847.388,2704.000,2636.000,2537.000,2547.000,2496.000,2490.000,2431.000,2427.000,2343.000,2384.000
3848.608,2720.000,2678.000,2658.000,2531.000,2512.000,2477.000,2412.000,2427.000,2360.000,5270.000
3849.829,2776.000,2717.000,2646.000,2581.000,2527.000,2496.000,2493.000,2451.000,2438.000,2432.000
