282.050,1873.000,1788.000,1763.000,1722.000,1679.000,1681.000,1632.000,1668.000,1587.000,1618.000
283.933,1869.000,1827.000,1740.000,1755.000,1720.000,1693.000,1660.000,1657.000,1600.000,1607.000
285.818,1861.000,1792.000,1722.000,1756.000,1680.000,1673.000,1618.000,1618.000,1617.000,1591.000
287.700,1849.000,1804.000,1765.000,1748.000,1720.000,1673.000,1633.000,1638.000,1610.000,1545.000
289.584,1844.000,1820.000,1800.000,1787.000,1732.000,1685.000,1639.000,1666.000,1626.000,1593.000
291.465,1905.000,1811.000,1792.000,1772.000,1665.000,1655.000,1705.000,1675.000,1616.000,1590.000
293.346,1869.000,1840.000,1794.000,1745.000,1702.000,1727.000,1696.000,1677.000,1623.000,1604.000
295.229,1860.000,1815.000,1824.000,1752.000,1698.000,1665.000,1687.000,1644.000,1640.000,1610.000
297.109,1881.000,1810.000,1730.000,1718.000,1683.000,1677.000,1664.000,1664.000,1614.000,1580.000
298.991,1868.000,1811.000,1752.000,1725.000,1651.000,1680.000,1643.000,1669.000,1578.000,1544.000
300.870,1871.000,1835.000,1769.000,1720.000,1722.000,1678.000,1630.000,1664.000,1581.000,1573.000
302.749,1891.000,1828.000,1812.000,1764.000,1710.000,1670.000,1637.000,1671.000,1596.000,1606.000
304.630,1902.000,1830.000,1810.000,1787.000,1672.000,1671.000,1671.000,1636.000,1642.000,1590.000
306.508,1869.000,1853.000,1794.000,1713.000,1713.000,1641.000,1714.000,1642.000,1616.000,1583.000
308.388,1859.000,1795.000,1758.000,1750.000,1724.000,1636.000,1649.000,1645.000,1607.000,1579.000
310.266,1867.000,1821.000,1743.000,1758.000,1690.000,1655.000,1645.000,1660.000,1598.000,1580.000
312.143,1874.000,1812.000,1768.000,1756.000,1696.000,1678.000,1676.000,1626.000,1591.000,1596.000
314.022,1944.000,1858.000,1793.000,1801.000,1718.000,1696.000,1699.000,1678.000,1629.000,1606.000
315.898,1890.000,1862.000,1826.000,1778.000,1737.000,1706.000,1672.000,1659.000,1661.000,1639.000
317.776,1897.000,1867.000,1773.000,1723.000,1690.000,1718.000,1691.000,1689.000,1620.000,1596.000
319.652,1882.000,1849.000,1760.000,1671.000,1705.000,1699.000,1672.000,1608.000,1574.000,1605.000
321.527,1859.000,1812.000,1782.000,1710.000,1687.000,1670.000,1676.000,1645.000,1596.000,1571.000
323.404,1866.000,1840.000,1814.000,1731.000,1683.000,1652.000,1642.000,1674.000,1623.000,1591.000
325.279,1916.000,1854.000,1798.000,1807.000,1704.000,1747.000,1717.000,1659.000,1575.000,1628.000
327.155,1911.000,1869.000,1828.000,1793.000,1707.000,1719.000,1727.000,1672.000,1625.000,1619.000
329.029,1876.000,1878.000,1828.000,1755.000,1717.000,1713.000,1666.000,1704.000,1660.000,1606.000
330.902,1932.000,1875.000,1826.000,1771.000,1751.000,1700.000,1636.000,1645.000,1627.000,1609.000
332.777,1885.000,1831.000,1825.000,1778.000,1708.000,1732.000,1645.000,1682.000,1594.000,1592.000
334.650,1866.000,1878.000,1828.000,1792.000,1785.000,1728.000,1689.000,1716.000,1625.000,1622.000
336.524,1901.000,1923.000,1816.000,1823.000,1787.000,1755.000,1685.000,1692.000,1646.000,1636.000
338.396,1939.000,1864.000,1883.000,1793.000,1741.000,1716.000,1700.000,1687.000,1652.000,1619.000
340.267,1936.000,1899.000,1825.000,1807.000,1731.000,1747.000,1680.000,1721.000,1613.000,1613.000
342.140,1885.000,1866.000,1821.000,1815.000,1752.000,1707.000,1667.000,1629.000,1630.000,1607.000
344.011,1932.000,1873.000,1838.000,1766.000,1734.000,1709.000,1733.000,1675.000,1612.000,1632.000
345.883,1931.000,1868.000,1826.000,1823.000,1740.000,1727.000,1672.000,1686.000,1663.000,1594.000
347.753,1958.000,1923.000,1799.000,1843.000,1745.000,1740.000,1703.000,1685.000,1623.000,1616.000
349.623,1898.000,1925.000,1817.000,1826.000,1777.000,1734.000,1725.000,1703.000,1638.000,1634.000
351.494,1954.000,1860.000,1870.000,1826.000,1736.000,1685.000,1706.000,1673.000,1611.000,1630.000
353.363,1920.000,1855.000,1861.000,1779.000,1699.000,1766.000,1663.000,1690.000,1623.000,1599.000
355.233,1900.000,1882.000,1821.000,1783.000,1742.000,1682.000,1715.000,1662.000,1619.000,1598.000
357.101,1926.000,1894.000,1798.000,1812.000,1698.000,1684.000,1714.000,1696.000,1633.000,1567.000
358.969,1937.000,1865.000,1835.000,1812.000,1727.000,1747.000,1719.000,1698.000,1649.000,1643.000
360.838,1930.000,1883.000,1835.000,1838.000,1751.000,1721.000,1711.000,1760.000,1692.000,1636.000
362.705,1966.000,1905.000,1839.000,1823.000,1768.000,1726.000,1744.000,1719.000,1658.000,1633.000
364.574,1936.000,1895.000,1819.000,1818.000,1760.000,1739.000,1686.000,1681.000,1645.000,1652.000
366.440,1952.000,1911.000,1821.000,1818.000,1767.000,1720.000,1714.000,1655.000,1690.000,1641.000
368.306,1962.000,1903.000,1890.000,1811.000,1761.000,1727.000,1739.000,1692.000,1630.000,1651.000
370.173,1971.000,1907.000,1905.000,1781.000,1774.000,1746.000,1750.000,1688.000,1650.000,1599.000
372.038,1989.000,1931.000,1901.000,1808.000,1763.000,1783.000,1718.000,1739.000,1715.000,1673.000
373.905,1943.000,1914.000,1875.000,1842.000,1778.000,1750.000,1736.000,1692.000,1642.000,1650.000
375.769,1979.000,1916.000,1837.000,1805.000,1752.000,1731.000,1715.000,1708.000,1665.000,1617.000
377.633,1934.000,1913.000,1831.000,1801.000,1760.000,1732.000,1684.000,1668.000,1671.000,1634.000
379.499,2007.000,1904.000,1861.000,1795.000,1740.000,1741.000,1718.000,1646.000,1645.000,1640.000
381.362,2004.000,1949.000,1862.000,1962.000,1802.000,1772.000,1726.000,1733.000,1646.000,1647.000
383.226,1976.000,1953.000,1900.000,4807.000,1809.000,1790.000,1784.000,1722.000,1701.000,1643.000
385.089,1983.000,1906.000,1895.000,2284.000,1799.000,1777.000,1779.000,1732.000,1701.000,1669.000
386.951,1953.000,1941.000,1849.000,1836.000,1761.000,1755.000,1725.000,1710.000,1638.000,1662.000
388.815,1958.000,1955.000,1890.000,1807.000,1772.000,1717.000,1702.000,1717.000,1652.000,1661.000
390.676,1945.000,1955.000,1860.000,1868.000,1818.000,1769.000,1739.000,1768.000,1678.000,1655.000
392.539,1985.000,1947.000,1896.000,1866.000,1801.000,1771.000,1744.000,1770.000,1690.000,1679.000
394.399,2008.000,1961.000,2318.000,1854.000,1791.000,1819.000,1815.000,1739.000,1701.000,1674.000
396.261,2004.000,1971.000,2025.000,1833.000,1817.000,1777.000,1764.000,1717.000,1696.000,1694.000
398.121,1987.000,1938.000,1876.000,1850.000,1769.000,1761.000,1753.000,1729.000,1667.000,1673.000
399.980,1957.000,1951.000,1865.000,1866.000,1793.000,1738.000,1748.000,1733.000,1679.000,1615.000
401.841,2010.000,1973.000,1902.000,1818.000,1816.000,1780.000,1732.000,1735.000,1697.000,1617.000
403.700,2042.000,1972.000,1897.000,1887.000,1800.000,1803.000,1780.000,1746.000,1680.000,1658.000
405.560,2019.000,2040.000,1930.000,1887.000,1827.000,1832.000,1791.000,1775.000,1697.000,1690.000
407.418,2054.000,1979.000,1938.000,1843.000,1857.000,1799.000,1783.000,1754.000,1691.000,1687.000
409.276,1988.000,1928.000,1926.000,1915.000,1819.000,1762.000,1804.000,1807.000,1683.000,1694.000
411.135,2036.000,1950.000,1904.000,1855.000,1810.000,1799.000,1737.000,1725.000,1717.000,1681.000
412.991,2017.000,1984.000,1904.000,1884.000,1779.000,1802.000,1799.000,1772.000,1707.000,1705.000
414.850,2062.000,2003.000,1887.000,1867.000,1818.000,1848.000,1802.000,1800.000,1738.000,1702.000
416.706,2029.000,2012.000,1944.000,1914.000,1849.000,1806.000,1766.000,1799.000,1722.000,1711.000
418.561,2033.000,2032.000,1936.000,1930.000,1831.000,1850.000,1789.000,1773.000,1715.000,1688.000
420.419,2035.000,1985.000,1941.000,1888.000,1831.000,1782.000,1763.000,1739.000,1707.000,1670.000
422.274,2094.000,1991.000,1931.000,1926.000,1832.000,1811.000,1749.000,1779.000,1680.000,1670.000
424.130,2053.000,1973.000,1913.000,1912.000,1795.000,1776.000,1763.000,1760.000,1719.000,1694.000
425.984,2015.000,2001.000,1923.000,1893.000,1869.000,1858.000,1738.000,1762.000,1742.000,1703.000
427.838,2075.000,1993.000,1959.000,1918.000,1875.000,1823.000,1809.000,1783.000,1720.000,1716.000
429.693,2063.000,2053.000,1967.000,1926.000,1869.000,1795.000,1795.000,1821.000,1754.000,1729.000
431.546,2040.000,1933.000,1936.000,1877.000,1839.000,1828.000,1824.000,1791.000,1691.000,1704.000
433.401,2033.000,1991.000,1945.000,1892.000,1805.000,1791.000,1776.000,1744.000,1695.000,1666.000
435.253,2081.000,1977.000,1926.000,1897.000,1803.000,1817.000,1757.000,1775.000,1720.000,1730.000
437.105,2054.000,2019.000,1933.000,1951.000,1871.000,1825.000,1801.000,1802.000,1738.000,1664.000
438.959,2086.000,2002.000,1971.000,1936.000,1864.000,1883.000,1818.000,1811.000,1728.000,1734.000
440.810,2058.000,2017.000,2007.000,1947.000,1873.000,1828.000,1815.000,1804.000,1768.000,1757.000
442.662,2084.000,2032.000,1938.000,1927.000,1875.000,1841.000,1823.000,1817.000,1740.000,1725.000
444.513,2052.000,2050.000,1943.000,1888.000,1860.000,1856.000,1777.000,1789.000,1744.000,1746.000
446.363,2080.000,2014.000,1980.000,1910.000,1840.000,1849.000,1795.000,1777.000,1723.000,1749.000
448.215,2087.000,2031.000,1959.000,1931.000,1880.000,1853.000,1825.000,1777.000,1747.000,1720.000
450.064,2144.000,2031.000,1973.000,1954.000,1904.000,1843.000,1857.000,1829.000,1740.000,1735.000
451.915,2096.000,2072.000,2008.000,1936.000,1909.000,1866.000,1875.000,1800.000,1756.000,1725.000
453.763,2071.000,2049.000,1989.000,1915.000,1883.000,1830.000,1822.000,1808.000,1742.000,1731.000
455.611,2087.000,2048.000,1939.000,1900.000,1861.000,1868.000,1812.000,1836.000,1741.000,1735.000
457.461,2079.000,2022.000,1942.000,1909.000,1867.000,1846.000,1804.000,1834.000,1698.000,1723.000
459.308,2087.000,2042.000,1972.000,1920.000,1869.000,1820.000,1787.000,1800.000,1744.000,1763.000
461.158,2139.000,2067.000,2042.000,1948.000,1877.000,1875.000,1824.000,1795.000,1791.000,1771.000
463.004,2170.000,2068.000,1994.000,1936.000,1876.000,1897.000,1845.000,1848.000,1775.000,1745.000
464.850,2117.000,2087.000,1969.000,1923.000,1912.000,1836.000,1849.000,1837.000,1734.000,1730.000
466.698,2122.000,2042.000,1957.000,1961.000,1901.000,1821.000,1853.000,1844.000,1750.000,1715.000
468.544,2123.000,2083.000,1972.000,1941.000,1875.000,1833.000,1826.000,1823.000,1751.000,1754.000
470.391,2138.000,2077.000,2030.000,1985.000,1926.000,1865.000,1823.000,1855.000,1763.000,1747.000
472.236,2146.000,2087.000,2007.000,1970.000,1943.000,1897.000,1899.000,1872.000,1779.000,1792.000
474.080,2141.000,2136.000,2039.000,2005.000,1914.000,1860.000,1907.000,1861.000,1793.000,1814.000
475.926,2139.000,2069.000,2054.000,1941.000,1946.000,1827.000,1884.000,1877.000,1763.000,1752.000
477.770,2132.000,2076.000,2057.000,1953.000,1905.000,1881.000,1836.000,1865.000,1780.000,1754.000
479.615,2130.000,2087.000,1980.000,1984.000,1907.000,1827.000,1839.000,1831.000,1776.000,1738.000
481.458,2183.000,2076.000,2001.000,1943.000,1863.000,1927.000,1835.000,1856.000,1804.000,1787.000
483.301,2169.000,2120.000,2031.000,1978.000,1926.000,1932.000,1905.000,1869.000,1768.000,1794.000
485.145,2179.000,2116.000,2062.000,2009.000,1959.000,1959.000,1904.000,1849.000,1798.000,1811.000
486.987,2174.000,2149.000,2077.000,2058.000,1913.000,1911.000,1859.000,1867.000,1820.000,1799.000
488.830,2183.000,2092.000,2042.000,2019.000,1901.000,1923.000,1877.000,1840.000,1808.000,1758.000
490.671,2229.000,2094.000,2010.000,2005.000,1951.000,1927.000,1926.000,1850.000,1790.000,1775.000
492.512,2227.000,2102.000,2082.000,2030.000,1955.000,1904.000,1914.000,1884.000,1807.000,1792.000
494.354,2235.000,2145.000,2049.000,2035.000,1991.000,1965.000,1918.000,1885.000,1864.000,1822.000
496.194,2230.000,2167.000,2120.000,2022.000,1989.000,1974.000,1912.000,1927.000,1857.000,1830.000
498.036,2242.000,2152.000,2118.000,2037.000,1950.000,1951.000,1897.000,1893.000,1829.000,1842.000
499.875,2218.000,2167.000,2097.000,2023.000,1950.000,1925.000,1946.000,1885.000,1835.000,1785.000
501.714,2151.000,2172.000,2072.000,2010.000,1943.000,1946.000,1885.000,1897.000,1836.000,1833.000
503.555,2223.000,2173.000,2048.000,2010.000,1932.000,1983.000,1915.000,1879.000,1808.000,1808.000
505.393,2201.000,2175.000,2106.000,2090.000,1983.000,1961.000,1931.000,1898.000,1836.000,1818.000
507.232,2249.000,2134.000,2113.000,2038.000,2008.000,1930.000,1941.000,1907.000,1875.000,1823.000
509.070,2214.000,2159.000,2137.000,2039.000,1976.000,1958.000,1931.000,1887.000,1900.000,1830.000
510.907,2192.000,2188.000,2097.000,2032.000,1969.000,1948.000,1901.000,1911.000,1833.000,1826.000
512.745,2211.000,2115.000,2124.000,2064.000,1974.000,1966.000,1934.000,1891.000,1797.000,1819.000
514.582,2219.000,2175.000,2096.000,2061.000,1971.000,1974.000,1923.000,1920.000,1860.000,1795.000
516.420,2234.000,2171.000,2125.000,2074.000,1958.000,1919.000,1950.000,2863.000,1831.000,1849.000
518.255,2268.000,2161.000,2149.000,2076.000,2014.000,1997.000,1973.000,1995.000,1905.000,1835.000
520.090,2268.000,2205.000,2156.000,2140.000,2022.000,1967.000,1987.000,1902.000,1826.000,1855.000
521.927,2233.000,2198.000,2146.000,2062.000,1956.000,1981.000,1955.000,1951.000,1867.000,1879.000
523.762,2225.000,2160.000,2097.000,2107.000,2023.000,1969.000,1984.000,1938.000,1920.000,1825.000
525.598,2243.000,2197.000,2134.000,2078.000,1986.000,1946.000,1931.000,1905.000,1889.000,1843.000
527.431,2260.000,2228.000,2106.000,2091.000,1985.000,2002.000,1975.000,1951.000,1865.000,1838.000
529.265,2339.000,2208.000,2131.000,2115.000,2034.000,1987.000,1995.000,1985.000,1878.000,1868.000
531.100,2287.000,2210.000,2200.000,2157.000,2023.000,1961.000,1999.000,1952.000,1857.000,1901.000
532.932,2309.000,2258.000,2163.000,2132.000,2026.000,1999.000,1974.000,1948.000,1883.000,1893.000
534.766,2251.000,2243.000,2098.000,2127.000,2052.000,2050.000,1970.000,1889.000,1884.000,1841.000
536.598,2233.000,2213.000,2119.000,2089.000,2022.000,1983.000,1973.000,1937.000,1858.000,1840.000
538.430,2261.000,2240.000,2186.000,2101.000,2025.000,2005.000,1954.000,1987.000,1911.000,1869.000
540.263,2288.000,2252.000,2171.000,2145.000,2056.000,2039.000,2004.000,1964.000,1894.000,1892.000
542.094,2293.000,2280.000,2175.000,2129.000,2027.000,1997.000,1971.000,1976.000,1919.000,1908.000
543.926,2285.000,2210.000,2144.000,2097.000,2064.000,2036.000,1967.000,2012.000,1885.000,1899.000
545.756,2303.000,2226.000,2191.000,2150.000,2039.000,1981.000,1977.000,1972.000,1910.000,1880.000
547.586,2320.000,2240.000,2147.000,2135.000,2050.000,1989.000,1963.000,1971.000,1892.000,1884.000
549.417,2275.000,2254.000,2172.000,2137.000,2033.000,2015.000,1979.000,1967.000,1888.000,1923.000
551.246,2312.000,2279.000,2195.000,2153.000,2071.000,2020.000,2002.000,2028.000,1925.000,1905.000
553.076,2307.000,2298.000,2210.000,2104.000,2100.000,2028.000,2001.000,1987.000,1933.000,1889.000
554.904,2320.000,2251.000,2211.000,2136.000,2066.000,2068.000,2028.000,2008.000,1911.000,1895.000
556.732,2302.000,2263.000,2207.000,2160.000,2018.000,2022.000,2014.000,2009.000,1942.000,1896.000
558.562,2309.000,2290.000,2134.000,2134.000,2093.000,1999.000,1983.000,1976.000,1883.000,1884.000
560.389,2296.000,2213.000,2179.000,2143.000,2021.000,1999.000,1992.000,1982.000,1898.000,1893.000
562.218,2345.000,2291.000,2247.000,2145.000,2091.000,2040.000,2036.000,1961.000,1936.000,1912.000
564.044,2338.000,2296.000,2223.000,2203.000,2078.000,2033.000,2001.000,2064.000,1906.000,1923.000
565.870,2347.000,2258.000,2291.000,2208.000,2109.000,2059.000,1990.000,2023.000,1964.000,1917.000
567.697,2327.000,2273.000,2240.000,2192.000,2120.000,2048.000,1990.000,1987.000,1924.000,1865.000
569.523,2311.000,2255.000,2220.000,2147.000,2098.000,2039.000,2011.000,2013.000,1930.000,1873.000
571.350,2336.000,2251.000,2181.000,2164.000,2067.000,1985.000,1990.000,1972.000,1941.000,1887.000
573.174,2308.000,2278.000,2192.000,2151.000,2090.000,2084.000,2030.000,2033.000,1936.000,1943.000
574.998,2332.000,2301.000,2228.000,2186.000,2123.000,2093.000,2069.000,1977.000,1996.000,1920.000
576.824,2335.000,2283.000,2227.000,2206.000,2172.000,2085.000,1962.000,1995.000,1946.000,1929.000
578.647,2337.000,2234.000,2262.000,2126.000,2094.000,2090.000,1995.000,1981.000,1950.000,1921.000
580.473,2385.000,2303.000,2206.000,2174.000,2079.000,2036.000,2002.000,1995.000,1910.000,1876.000
582.295,2328.000,2253.000,2214.000,2144.000,2081.000,2024.000,2038.000,1978.000,1960.000,1861.000
584.117,2375.000,2314.000,2187.000,2155.000,2104.000,1994.000,2031.000,2028.000,1953.000,1918.000
585.941,2392.000,2297.000,2258.000,2203.000,2081.000,2081.000,2081.000,2049.000,1920.000,1945.000
587.763,2399.000,2330.000,2241.000,2216.000,2110.000,2072.000,2025.000,2024.000,1958.000,1907.000
589.586,2385.000,2336.000,2239.000,2148.000,2139.000,2064.000,2037.000,2050.000,1963.000,1953.000
591.407,2346.000,2279.000,2240.000,2148.000,2124.000,2097.000,2078.000,2023.000,1969.000,1943.000
593.228,2387.000,2298.000,2249.000,2152.000,2097.000,2067.000,2027.000,2064.000,1948.000,1933.000
595.050,2379.000,2322.000,2265.000,2174.000,2089.000,2125.000,2049.000,2053.000,1957.000,1968.000
596.870,2366.000,2324.000,2231.000,2222.000,2174.000,2103.000,2070.000,2089.000,1995.000,1918.000
598.691,2378.000,2367.000,2309.000,2221.000,2150.000,2098.000,2126.000,2050.000,1970.000,1946.000
600.510,2383.000,2301.000,2228.000,2225.000,2148.000,2080.000,2071.000,2031.000,1930.000,1949.000
602.329,2391.000,2355.000,2268.000,2252.000,2154.000,2063.000,2062.000,2074.000,2013.000,1927.000
604.149,2387.000,2299.000,2270.000,2198.000,2134.000,2107.000,2039.000,2035.000,1976.000,1931.000
605.967,2457.000,2331.000,2277.000,2221.000,2105.000,2110.000,2041.000,2018.000,1910.000,1991.000
607.787,2435.000,2347.000,2303.000,2228.000,2158.000,2124.000,2118.000,2111.000,1978.000,2007.000
609.604,2404.000,2402.000,2292.000,2260.000,2182.000,2134.000,2089.000,2099.000,1963.000,1997.000
611.423,2424.000,2353.000,2289.000,2247.000,2181.000,2135.000,2083.000,2070.000,2001.000,1978.000
613.239,2458.000,2359.000,2289.000,2253.000,2234.000,2090.000,2060.000,2103.000,2025.000,1919.000
615.055,2432.000,2333.000,2250.000,2233.000,2175.000,2115.000,2099.000,2083.000,1961.000,1989.000
616.873,2425.000,2426.000,2290.000,2255.000,2146.000,2120.000,2076.000,2073.000,2002.000,2027.000
618.688,2447.000,2412.000,2329.000,2264.000,2139.000,2210.000,2132.000,2071.000,2061.000,2041.000
620.505,2491.000,2456.000,2390.000,2337.000,2259.000,2223.000,2165.000,2140.000,2075.000,2042.000
622.320,2509.000,2425.000,2322.000,2296.000,2195.000,2138.000,2149.000,2174.000,2033.000,2014.000
624.134,2489.000,2408.000,2336.000,2310.000,2146.000,2124.000,2101.000,2115.000,2048.000,1971.000
625.950,2459.000,2387.000,2326.000,2245.000,2206.000,2144.000,2079.000,2080.000,2004.000,1951.000
627.764,2471.000,2403.000,2333.000,2285.000,2221.000,2170.000,2111.000,2112.000,1995.000,2026.000
629.579,2460.000,2399.000,2346.000,2231.000,2202.000,2150.000,2107.000,2082.000,2015.000,2005.000
631.392,2467.000,2374.000,2391.000,2317.000,2203.000,2174.000,2136.000,2102.000,2006.000,2010.000
633.205,2508.000,2468.000,2384.000,2278.000,2216.000,2190.000,2124.000,2156.000,2068.000,2029.000
635.019,2501.000,2434.000,2374.000,2289.000,2207.000,2199.000,2116.000,2138.000,2070.000,2101.000
636.831,2532.000,2427.000,2321.000,2297.000,2250.000,2180.000,2163.000,2129.000,2033.000,2093.000
638.644,2445.000,2452.000,2354.000,2300.000,2237.000,2159.000,2161.000,2136.000,2035.000,2035.000
640.455,2542.000,2463.000,2367.000,2338.000,2251.000,2197.000,2171.000,2164.000,2095.000,2054.000
642.266,2579.000,2533.000,2435.000,2407.000,2267.000,2253.000,2249.000,2241.000,2155.000,2107.000
644.078,2560.000,2509.000,2420.000,2389.000,2312.000,2234.000,2192.000,2234.000,2121.000,2138.000
645.888,2557.000,2504.000,2410.000,2335.000,2274.000,2204.000,2191.000,2131.000,2101.000,2035.000
647.700,2508.000,2444.000,2386.000,2303.000,2257.000,2209.000,2164.000,2111.000,2092.000,2022.000
649.509,2541.000,2444.000,2340.000,2272.000,2189.000,2217.000,2136.000,2117.000,2034.000,2058.000
651.318,2475.000,2436.000,2365.000,2323.000,2257.000,2192.000,2158.000,2196.000,2078.000,2042.000
653.128,2571.000,2467.000,2389.000,2363.000,2249.000,2231.000,2144.000,2099.000,2110.000,2038.000
654.937,2539.000,2506.000,2381.000,2370.000,2231.000,2232.000,2177.000,2184.000,2095.000,2050.000
656.746,2577.000,2448.000,2370.000,2292.000,2285.000,2261.000,2234.000,2236.000,2064.000,2115.000
658.554,3354.000,2466.000,2414.000,2344.000,2259.000,2188.000,2183.000,2157.000,2071.000,2079.000
660.361,4329.000,2418.000,2402.000,2314.000,2239.000,2171.000,2126.000,2153.000,2070.000,2070.000
662.170,3362.000,2456.000,2380.000,2308.000,2209.000,2241.000,2173.000,2107.000,2048.000,2029.000
663.976,3392.000,2526.000,2428.000,2344.000,2331.000,2247.000,2179.000,2167.000,2122.000,2009.000
665.784,3123.000,2469.000,2431.000,2370.000,2299.000,2215.000,2163.000,2198.000,2100.000,2113.000
667.590,2609.000,2477.000,2385.000,2363.000,2240.000,2205.000,2183.000,2178.000,2068.000,2074.000
669.395,2588.000,2496.000,2426.000,2381.000,2245.000,2188.000,2214.000,2163.000,2084.000,2078.000
671.202,2539.000,2445.000,2393.000,2339.000,2288.000,2215.000,2186.000,2135.000,2041.000,2076.000
673.006,2539.000,2478.000,2404.000,2348.000,2233.000,2203.000,2188.000,2215.000,2079.000,2042.000
674.813,2517.000,2494.000,2430.000,2335.000,2255.000,2242.000,2198.000,2159.000,2119.000,2084.000
676.617,2687.000,2533.000,2395.000,2410.000,2264.000,2243.000,2205.000,2175.000,2151.000,2062.000
678.420,2574.000,2477.000,2403.000,2397.000,2345.000,2282.000,2268.000,2205.000,2138.000,2072.000
680.225,2582.000,2560.000,2425.000,2346.000,2299.000,2270.000,2237.000,2215.000,2112.000,2091.000
682.028,2547.000,2502.000,2384.000,2373.000,2273.000,2231.000,2234.000,2143.000,2083.000,2084.000
683.832,2562.000,2472.000,2397.000,2307.000,2269.000,2229.000,2201.000,2222.000,2128.000,2078.000
685.634,2619.000,2488.000,2392.000,2406.000,2298.000,2239.000,2237.000,2225.000,2111.000,2056.000
687.436,2638.000,2564.000,2482.000,2369.000,2251.000,2248.000,2197.000,2233.000,2116.000,2076.000
689.239,2582.000,2537.000,2449.000,2433.000,2288.000,2249.000,2183.000,2237.000,2125.000,2075.000
691.040,2613.000,2551.000,2459.000,2394.000,2324.000,2209.000,2251.000,2180.000,2128.000,2091.000
692.843,2555.000,2491.000,2463.000,2373.000,2253.000,2251.000,2190.000,2213.000,2061.000,2075.000
694.643,2601.000,2489.000,2416.000,2385.000,2291.000,2228.000,2229.000,2189.000,2112.000,2099.000
696.443,2563.000,2479.000,2377.000,2364.000,2266.000,2203.000,2234.000,2184.000,2132.000,2096.000
698.245,2541.000,2515.000,2380.000,2383.000,2301.000,2252.000,2211.000,2154.000,2145.000,2124.000
700.044,2607.000,2568.000,2478.000,2457.000,2366.000,2343.000,2261.000,2237.000,2151.000,2166.000
701.845,2618.000,2557.000,2487.000,2397.000,2368.000,2295.000,2282.000,2253.000,2128.000,2098.000
703.643,2629.000,2538.000,2513.000,2379.000,2335.000,2266.000,2192.000,2230.000,2138.000,2101.000
705.441,2618.000,2535.000,2434.000,2405.000,2312.000,2302.000,2263.000,2258.000,2119.000,2090.000
707.241,2595.000,2526.000,2475.000,2418.000,2311.000,2291.000,2251.000,2173.000,2121.000,2132.000
709.038,2603.000,2549.000,2483.000,2433.000,2341.000,2298.000,2253.000,2250.000,2143.000,2135.000
710.838,2683.000,2594.000,2524.000,2459.000,2300.000,2322.000,2273.000,2269.000,2167.000,2164.000
712.634,2699.000,2631.000,2521.000,2482.000,2398.000,2299.000,2305.000,2238.000,2210.000,2154.000
714.431,2630.000,2631.000,2529.000,2444.000,2412.000,2324.000,2247.000,2255.000,2240.000,2188.000
716.228,2607.000,2528.000,2504.000,2400.000,2318.000,2326.000,2306.000,2241.000,2171.000,2131.000
718.024,2651.000,2576.000,2520.000,2465.000,2363.000,2288.000,2242.000,2236.000,2170.000,2124.000
719.821,2620.000,2567.000,2493.000,2471.000,2349.000,2352.000,2282.000,2256.000,2163.000,2080.000
721.616,2680.000,2614.000,2547.000,2460.000,2351.000,2321.000,2330.000,2260.000,2164.000,2177.000
723.411,2696.000,2584.000,2519.000,2476.000,2360.000,2349.000,2290.000,2302.000,2208.000,2190.000
725.207,2671.000,2618.000,2500.000,2489.000,2385.000,2343.000,2307.000,2266.000,2190.000,2169.000
727.001,2632.000,2607.000,2531.000,2416.000,2358.000,2274.000,2262.000,2269.000,2190.000,2136.000
728.796,2618.000,2566.000,2475.000,2431.000,2329.000,2292.000,2275.000,2268.000,2139.000,2116.000
730.589,2661.000,2550.000,2515.000,2438.000,2350.000,2274.000,2307.000,2273.000,2163.000,2166.000
732.382,2675.000,2539.000,2558.000,2483.000,2417.000,2355.000,2283.000,2278.000,2217.000,2194.000
734.177,2737.000,2603.000,2572.000,2491.000,2353.000,2324.000,2303.000,2276.000,2204.000,2199.000
735.969,2709.000,2663.000,2505.000,2530.000,2375.000,2303.000,2280.000,2256.000,2151.000,2159.000
737.762,2719.000,2624.000,2529.000,2471.000,2376.000,2311.000,2320.000,2250.000,2180.000,2128.000
739.554,2696.000,2581.000,2513.000,2467.000,2328.000,2283.000,2273.000,2272.000,2220.000,2138.000
741.345,2649.000,2615.000,2558.000,2479.000,2347.000,2371.000,2293.000,2225.000,2229.000,2205.000
743.137,2744.000,2650.000,2483.000,2471.000,2423.000,2325.000,2336.000,2281.000,2253.000,2205.000
744.928,2657.000,2632.000,2555.000,2525.000,2463.000,2360.000,2377.000,2314.000,2198.000,2207.000
746.719,2743.000,2666.000,2590.000,2492.000,2385.000,2345.000,2377.000,2315.000,2220.000,2199.000
748.509,2725.000,2651.000,2569.000,2552.000,2370.000,2381.000,2327.000,2257.000,2258.000,2192.000
750.298,2794.000,2664.000,2563.000,2485.000,2379.000,2311.000,2332.000,2302.000,2181.000,2162.000
752.089,2750.000,2666.000,2611.000,2446.000,2429.000,2320.000,2287.000,2294.000,2238.000,2143.000
753.878,2665.000,2659.000,2579.000,2521.000,2391.000,2343.000,2354.000,2329.000,2202.000,2195.000
755.668,2706.000,2661.000,2610.000,2511.000,2432.000,2388.000,2370.000,2323.000,2241.000,2224.000
757.455,2766.000,2699.000,2614.000,2568.000,2462.000,2394.000,2413.000,2376.000,2222.000,2238.000
759.243,2744.000,2720.000,2597.000,2537.000,2456.000,2429.000,2359.000,2345.000,2230.000,2211.000
761.032,2706.000,2646.000,2556.000,2532.000,2452.000,2378.000,2339.000,2316.000,2211.000,2232.000
762.819,2675.000,2687.000,2510.000,2484.000,2341.000,2353.000,2335.000,2301.000,2230.000,2215.000
764.607,2743.000,2655.000,2545.000,3683.000,2382.000,2385.000,2375.000,2339.000,2255.000,2186.000
766.393,2733.000,2670.000,2580.000,8818.000,2457.000,2405.000,2352.000,2307.000,2239.000,2246.000
768.179,2785.000,2743.000,2628.000,2691.000,2453.000,2438.000,2361.000,2312.000,2228.000,2234.000
769.966,2723.000,2755.000,2633.000,2552.000,2440.000,2436.000,2384.000,2388.000,2292.000,2219.000
771.751,2791.000,2711.000,2619.000,2553.000,2440.000,2398.000,2317.000,2343.000,2269.000,2229.000
773.538,2712.000,2683.000,2593.000,2533.000,2421.000,2388.000,2331.000,2333.000,2237.000,2188.000
775.322,2705.000,2664.000,2598.000,2588.000,2415.000,2410.000,2335.000,2309.000,2232.000,2198.000
777.106,2744.000,2701.000,2595.000,2565.000,2404.000,2407.000,2370.000,2370.000,2237.000,2226.000
778.891,2783.000,2766.000,2618.000,2557.000,2498.000,2429.000,2421.000,2348.000,2272.000,2261.000
780.674,2816.000,2727.000,2595.000,2613.000,2499.000,2441.000,2422.000,2400.000,2255.000,2285.000
782.459,2781.000,2711.000,2631.000,2579.000,2390.000,2428.000,2321.000,2331.000,2303.000,2247.000
784.242,2697.000,2708.000,2561.000,2557.000,2416.000,2415.000,2358.000,2328.000,2328.000,2263.000
786.024,2744.000,2702.000,2644.000,2500.000,2457.000,2414.000,2333.000,2308.000,2241.000,2217.000
787.808,2790.000,2698.000,2593.000,2532.000,2423.000,2375.000,2419.000,2344.000,2234.000,2230.000
789.589,2824.000,2716.000,2692.000,2599.000,2447.000,2373.000,2437.000,2327.000,2277.000,2249.000
791.372,2834.000,2726.000,2679.000,2629.000,2519.000,2455.000,2383.000,2412.000,2278.000,2239.000
793.153,2804.000,2752.000,2648.000,2599.000,2464.000,2378.000,2417.000,2413.000,2294.000,2273.000
794.933,2775.000,2685.000,2662.000,2578.000,2429.000,2453.000,2389.000,2372.000,2241.000,2211.000
796.715,2782.000,2719.000,2612.000,2557.000,2481.000,2433.000,2352.000,2343.000,2288.000,2237.000
798.495,2784.000,2695.000,2635.000,2584.000,2448.000,2439.000,2402.000,2330.000,2231.000,2175.000
800.276,2772.000,2752.000,2650.000,2571.000,2469.000,2429.000,2403.000,2359.000,2259.000,2234.000
802.055,2863.000,2739.000,2651.000,2529.000,2544.000,2452.000,2469.000,2398.000,2293.000,2259.000
803.836,2838.000,2742.000,2698.000,2621.000,2503.000,2449.000,2374.000,2371.000,2289.000,2263.000
805.614,2815.000,2743.000,2623.000,2596.000,2456.000,2430.000,2373.000,2398.000,2293.000,2292.000
807.392,2780.000,2691.000,2634.000,2548.000,2448.000,2455.000,2413.000,2361.000,2227.000,2254.000
809.171,2831.000,2740.000,2618.000,2579.000,2455.000,2427.000,2402.000,2356.000,2213.000,2248.000
810.949,2790.000,2703.000,2617.000,2607.000,2466.000,2455.000,2374.000,2386.000,2293.000,2245.000
812.727,2875.000,2744.000,2698.000,2614.000,2527.000,2505.000,2410.000,2386.000,2321.000,2290.000
814.504,2846.000,2763.000,2686.000,2633.000,2537.000,2454.000,2420.000,2409.000,2326.000,2270.000
816.280,2848.000,2757.000,2638.000,2589.000,2518.000,2477.000,2450.000,2434.000,2324.000,2260.000
818.058,2824.000,2726.000,2687.000,2584.000,2545.000,2440.000,2393.000,2428.000,2271.000,2251.000
819.833,2813.000,2791.000,2693.000,2622.000,2479.000,2425.000,2394.000,2407.000,2319.000,2269.000
821.610,2829.000,2753.000,2663.000,2665.000,2465.000,2451.000,2426.000,2400.000,2303.000,2251.000
823.385,2815.000,2792.000,2667.000,2662.000,2571.000,2463.000,2428.000,2456.000,2322.000,2283.000
825.159,2829.000,2815.000,2698.000,2675.000,2491.000,2493.000,2450.000,2442.000,2358.000,2323.000
826.935,2881.000,2800.000,2649.000,2652.000,2542.000,2498.000,2413.000,2463.000,2313.000,2287.000
828.709,2849.000,2835.000,2674.000,2642.000,2518.000,2474.000,2467.000,2364.000,2337.000,2281.000
830.484,2809.000,2787.000,2681.000,2596.000,2489.000,2427.000,2426.000,2394.000,2288.000,2261.000
832.257,2834.000,2728.000,2667.000,2594.000,2475.000,2449.000,2424.000,2371.000,2278.000,2276.000
834.030,2874.000,2720.000,2719.000,2604.000,2535.000,2473.000,2406.000,2426.000,2347.000,2267.000
835.804,2882.000,2770.000,2704.000,2641.000,2542.000,2475.000,2454.000,2359.000,2345.000,2316.000
837.576,2906.000,2768.000,2690.000,2645.000,2526.000,2481.000,2485.000,2450.000,2338.000,2272.000
839.350,2851.000,2788.000,2676.000,2694.000,2544.000,2476.000,2393.000,2402.000,2306.000,2281.000
841.121,2785.000,2798.000,2697.000,2649.000,2524.000,2437.000,2397.000,2426.000,2303.000,2291.000
842.892,2851.000,2815.000,2637.000,2642.000,2518.000,2443.000,2402.000,2422.000,2298.000,2275.000
844.665,2838.000,2801.000,2624.000,2687.000,2518.000,2497.000,2409.000,2421.000,2320.000,2333.000
846.435,2926.000,2832.000,2718.000,2661.000,2538.000,2527.000,2486.000,2490.000,2293.000,2287.000
848.207,2871.000,2828.000,2729.000,2665.000,2605.000,2500.000,2495.000,2449.000,2392.000,2342.000
849.976,2915.000,2815.000,2739.000,2678.000,2579.000,2494.000,2465.000,2432.000,2340.000,2298.000
851.745,2860.000,2875.000,2743.000,2713.000,2547.000,2500.000,2457.000,2449.000,2346.000,2308.000
853.516,2887.000,2764.000,2709.000,2632.000,2503.000,2510.000,2427.000,2436.000,3355.000,2317.000
855.284,2914.000,2768.000,2695.000,2623.000,2492.000,2472.000,2423.000,2412.000,3755.000,2290.000
857.054,2871.000,2797.000,2738.000,2665.000,2522.000,2449.000,2483.000,2472.000,3113.000,2326.000
858.822,2921.000,2823.000,2721.000,2701.000,2560.000,2518.000,2522.000,2404.000,2469.000,2325.000
860.590,2935.000,2810.000,2733.000,2748.000,2572.000,2518.000,2484.000,2484.000,2392.000,2344.000
862.359,2890.000,2837.000,2689.000,2651.000,2554.000,2537.000,2455.000,2451.000,2370.000,2383.000
864.125,2902.000,2861.000,2733.000,2657.000,2539.000,2500.000,2468.000,2443.000,2369.000,2293.000
865.894,2910.000,2834.000,2745.000,2670.000,2508.000,2464.000,2448.000,2448.000,2318.000,2311.000
867.660,2907.000,2829.000,2712.000,2638.000,2574.000,2517.000,2508.000,2432.000,2401.000,2312.000
869.425,2937.000,2869.000,2720.000,2719.000,2588.000,2532.000,2566.000,2502.000,2380.000,2397.000
871.193,2938.000,2895.000,2777.000,2675.000,2589.000,2573.000,2491.000,2447.000,2412.000,2378.000
872.958,2991.000,2904.000,2781.000,2763.000,2636.000,2580.000,2525.000,2517.000,2373.000,2352.000
874.724,2925.000,2844.000,2817.000,2702.000,2581.000,2529.000,2486.000,2433.000,2346.000,2338.000
876.488,2960.000,2835.000,2776.000,2651.000,2589.000,2478.000,2473.000,2465.000,2366.000,2326.000
878.252,2992.000,2882.000,2740.000,2668.000,2611.000,2583.000,2524.000,2498.000,2399.000,2358.000
880.018,2962.000,2834.000,2800.000,2676.000,2547.000,2579.000,2493.000,2413.000,2378.000,2364.000
881.781,2993.000,2916.000,2783.000,2735.000,2654.000,2567.000,2497.000,2541.000,2420.000,2348.000
883.546,3044.000,2890.000,2759.000,2713.000,2621.000,2581.000,2587.000,2493.000,2432.000,2367.000
885.309,2967.000,2877.000,2771.000,2760.000,2647.000,2591.000,2570.000,2513.000,2426.000,2345.000
887.071,2967.000,2893.000,2769.000,2712.000,2623.000,2595.000,2520.000,2491.000,2434.000,2326.000
888.835,3007.000,3835.000,2795.000,2715.000,2606.000,2533.000,2505.000,2539.000,2381.000,2348.000
890.596,3031.000,3587.000,2864.000,2762.000,2602.000,2582.000,2536.000,2495.000,2435.000,2335.000
892.359,3059.000,2913.000,2823.000,2752.000,2634.000,2544.000,2557.000,2498.000,2421.000,2445.000
894.120,3056.000,2911.000,2877.000,2798.000,2674.000,2654.000,2601.000,2560.000,2445.000,2368.000
895.880,2977.000,2944.000,2859.000,2836.000,2643.000,2588.000,2587.000,2514.000,2429.000,2398.000
897.642,2967.000,2886.000,2825.000,2743.000,2605.000,2556.000,2571.000,2521.000,2430.000,2400.000
899.402,2952.000,2868.000,2833.000,2786.000,2641.000,2583.000,2574.000,2576.000,2404.000,2410.000
901.164,3015.000,2933.000,2809.000,2766.000,2617.000,2586.000,2563.000,2510.000,2420.000,2385.000
902.923,3002.000,2895.000,2823.000,2758.000,2715.000,2586.000,2553.000,2537.000,2410.000,2397.000
904.681,3040.000,2971.000,2856.000,2804.000,2713.000,2589.000,2589.000,2550.000,2455.000,2438.000
906.442,2995.000,2974.000,2863.000,2785.000,2709.000,2632.000,2601.000,2545.000,2461.000,2409.000
908.200,3035.000,2968.000,2839.000,2775.000,2729.000,2647.000,2567.000,2560.000,2462.000,2403.000
909.959,3040.000,2897.000,2830.000,2795.000,2719.000,2588.000,2607.000,2541.000,2449.000,2409.000
911.717,2988.000,2891.000,2817.000,2765.000,2647.000,2650.000,2532.000,2534.000,2430.000,2387.000
913.474,3058.000,2955.000,2866.000,2770.000,2624.000,2656.000,2519.000,2540.000,2468.000,2385.000
915.232,3020.000,2963.000,2926.000,2798.000,2746.000,2623.000,2585.000,2538.000,2488.000,2398.000
916.989,3049.000,3049.000,2894.000,2874.000,2710.000,2703.000,2566.000,2591.000,2497.000,2467.000
918.747,3038.000,3017.000,2861.000,2842.000,2713.000,2679.000,2625.000,2548.000,2520.000,2448.000
920.502,3001.000,2987.000,2860.000,2732.000,2726.000,2618.000,2630.000,2538.000,2483.000,2388.000
922.257,3029.000,2968.000,2815.000,2853.000,2681.000,2614.000,2577.000,2580.000,2437.000,2386.000
924.014,3005.000,2957.000,2880.000,2854.000,2701.000,2662.000,2642.000,2566.000,2437.000,2400.000
925.769,3160.000,2969.000,2883.000,2863.000,2742.000,2630.000,2595.000,2583.000,2477.000,2437.000
927.525,3070.000,3016.000,2974.000,2825.000,2720.000,2716.000,2610.000,2588.000,2471.000,2452.000
929.279,3139.000,3027.000,2925.000,2857.000,2777.000,2663.000,2644.000,2605.000,2555.000,2463.000
931.033,3032.000,2979.000,2878.000,2812.000,2754.000,2697.000,2626.000,2604.000,2489.000,2445.000
932.788,3047.000,2979.000,2849.000,2865.000,2696.000,2692.000,2573.000,2563.000,2489.000,2381.000
934.541,3079.000,2910.000,2918.000,2831.000,2686.000,2619.000,2617.000,2526.000,2434.000,2421.000
936.295,3080.000,2978.000,2917.000,2844.000,2695.000,2617.000,2603.000,2554.000,2490.000,2443.000
938.047,3073.000,3029.000,2943.000,2862.000,2729.000,2655.000,2650.000,2553.000,2517.000,2459.000
939.799,3110.000,3002.000,2930.000,2876.000,2764.000,2722.000,2623.000,2626.000,2560.000,2463.000
941.552,3160.000,2993.000,2839.000,2822.000,2771.000,2708.000,2582.000,2620.000,2523.000,2516.000
943.304,3085.000,2924.000,2924.000,2844.000,2704.000,2731.000,2623.000,2625.000,2489.000,2448.000
945.056,3096.000,2995.000,2899.000,2843.000,2710.000,2651.000,2633.000,2517.000,2539.000,2477.000
946.807,3083.000,3031.000,2901.000,2840.000,2730.000,2668.000,2648.000,2622.000,2539.000,2437.000
948.557,3197.000,3060.000,2948.000,2901.000,2761.000,2663.000,2657.000,2645.000,2495.000,2493.000
950.309,3168.000,3111.000,2906.000,2930.000,2779.000,2773.000,2684.000,2626.000,2581.000,2487.000
952.058,3163.000,3044.000,2988.000,2890.000,2736.000,2742.000,2692.000,2627.000,2524.000,2488.000
953.809,3133.000,3034.000,2944.000,2873.000,2754.000,2695.000,2678.000,2606.000,2568.000,2477.000
955.558,3058.000,2984.000,3000.000,2884.000,2773.000,2688.000,2602.000,2648.000,2504.000,2473.000
957.306,3051.000,2944.000,2936.000,2869.000,2756.000,2702.000,2627.000,2587.000,2548.000,2462.000
959.056,3125.000,3038.000,2952.000,2865.000,2754.000,2715.000,2718.000,2666.000,2536.000,2486.000
960.804,3160.000,3053.000,2912.000,2879.000,2815.000,2756.000,2644.000,2701.000,2571.000,2490.000
962.553,3118.000,3085.000,2963.000,2928.000,2805.000,2710.000,2656.000,2637.000,2589.000,2510.000
964.300,3151.000,3071.000,2904.000,2911.000,2806.000,2729.000,2651.000,2628.000,2504.000,2507.000
966.047,3083.000,2990.000,2886.000,2890.000,2692.000,2682.000,2664.000,2602.000,2539.000,2484.000
967.795,3130.000,2999.000,2885.000,2851.000,2708.000,2663.000,2693.000,2599.000,2475.000,2467.000
969.541,3144.000,3046.000,2917.000,2850.000,2738.000,2724.000,2658.000,2574.000,2543.000,2529.000
971.289,3156.000,3088.000,2995.000,2924.000,2768.000,2678.000,2669.000,2662.000,2469.000,2435.000
973.034,3122.000,3076.000,2996.000,2897.000,2826.000,2725.000,2686.000,2598.000,2532.000,2464.000
974.779,3115.000,3010.000,2963.000,2830.000,2793.000,2686.000,2677.000,2612.000,2501.000,2514.000
976.526,3132.000,3048.000,2931.000,2863.000,2721.000,2739.000,2676.000,2566.000,2501.000,2497.000
978.270,3072.000,3021.000,2936.000,2845.000,2708.000,2729.000,2704.000,2563.000,2535.000,2499.000
980.016,3134.000,3008.000,2919.000,2862.000,2784.000,2661.000,2592.000,2624.000,2537.000,2485.000
981.759,3135.000,3077.000,2991.000,2905.000,2779.000,2707.000,2684.000,2622.000,2573.000,2466.000
983.503,3172.000,3043.000,2931.000,2945.000,2816.000,2734.000,2644.000,2690.000,2560.000,2460.000
985.248,3172.000,3154.000,2964.000,2916.000,2804.000,2731.000,2694.000,2672.000,2586.000,2536.000
986.990,3174.000,3051.000,2999.000,2939.000,2815.000,2739.000,2717.000,2636.000,2510.000,2523.000
988.734,3155.000,3007.000,2967.000,2922.000,2781.000,2682.000,2689.000,2638.000,2472.000,2488.000
990.476,3129.000,3038.000,2906.000,2827.000,2753.000,2708.000,2607.000,2653.000,2551.000,2480.000
992.218,3143.000,3049.000,2915.000,2921.000,2759.000,2685.000,2676.000,2647.000,2587.000,2457.000
993.961,3210.000,3083.000,2976.000,2897.000,2778.000,2752.000,2682.000,2637.000,2599.000,2526.000
995.702,3209.000,3075.000,3041.000,3012.000,2824.000,2743.000,2693.000,2701.000,2583.000,2549.000
997.444,3208.000,3081.000,3044.000,2985.000,2815.000,2707.000,2728.000,2650.000,2638.000,2501.000
999.184,3209.000,3076.000,3037.000,2983.000,2785.000,2763.000,2742.000,2682.000,2644.000,2547.000
1000.924,3187.000,3065.000,2990.000,2931.000,2764.000,2708.000,2715.000,2687.000,2542.000,2539.000
1002.666,3183.000,3072.000,2948.000,2970.000,2832.000,2726.000,2655.000,2628.000,2547.000,2498.000
1004.405,3241.000,3076.000,2969.000,3626.000,2821.000,2787.000,2704.000,2761.000,2617.000,2510.000
1006.146,3240.000,3152.000,3012.000,3028.000,2884.000,2779.000,2722.000,2652.000,2653.000,2575.000
1007.884,3183.000,3116.000,3051.000,3016.000,2851.000,2782.000,2766.000,2686.000,2645.000,2591.000
1009.622,3199.000,3122.000,2990.000,2995.000,2821.000,2771.000,2697.000,2683.000,2584.000,2547.000
1011.362,3226.000,3108.000,2981.000,3019.000,2828.000,2737.000,2702.000,2661.000,2540.000,2525.000
1013.100,3212.000,3107.000,2983.000,2916.000,2841.000,2804.000,2699.000,2697.000,2583.000,2547.000
1014.839,3238.000,3115.000,3041.000,2917.000,2790.000,2764.000,2661.000,2699.000,2549.000,2561.000
1016.575,3237.000,3133.000,3090.000,2991.000,2840.000,2766.000,2731.000,2724.000,2655.000,2581.000
1018.312,3245.000,3190.000,3063.000,2967.000,2918.000,2854.000,2732.000,2684.000,2641.000,2579.000
1020.050,3234.000,3175.000,3033.000,3006.000,2836.000,2747.000,2766.000,2727.000,2576.000,2568.000
1021.786,3248.000,3163.000,3028.000,2970.000,2842.000,2807.000,2758.000,2724.000,2587.000,2547.000
1023.523,3220.000,3134.000,3051.000,2926.000,2856.000,2790.000,2753.000,2717.000,2598.000,2584.000
1025.258,3201.000,3128.000,3062.000,2969.000,2822.000,2803.000,2694.000,2704.000,2614.000,2497.000
1026.993,3266.000,3139.000,3104.000,3005.000,2817.000,2781.000,2800.000,2722.000,2641.000,2545.000
1028.729,3348.000,3151.000,3100.000,3006.000,2883.000,2779.000,2797.000,2767.000,2635.000,2651.000
1030.463,3322.000,3267.000,3097.000,3080.000,2893.000,2829.000,2790.000,2741.000,2677.000,2614.000
1032.199,3235.000,3168.000,3099.000,3020.000,2865.000,2839.000,2789.000,2706.000,2686.000,2568.000
1033.932,3251.000,3167.000,3081.000,2982.000,2841.000,2823.000,2763.000,2710.000,2615.000,2609.000
1035.667,3263.000,3193.000,3049.000,2993.000,2849.000,2785.000,2715.000,2744.000,2631.000,2586.000
1037.400,3253.000,3147.000,3066.000,3020.000,2872.000,2836.000,2768.000,2742.000,2629.000,2601.000
1039.133,3359.000,3155.000,3097.000,3008.000,2944.000,2816.000,2796.000,2781.000,2673.000,2611.000
1040.867,3350.000,3183.000,3100.000,2993.000,2929.000,2832.000,2802.000,2768.000,2700.000,2620.000
1042.598,3339.000,3211.000,3096.000,3063.000,2911.000,2868.000,2835.000,2770.000,2675.000,2578.000
1044.332,3298.000,3219.000,3128.000,3069.000,2919.000,2785.000,2798.000,2754.000,2646.000,2601.000
1046.063,3305.000,3143.000,3119.000,2987.000,2864.000,2828.000,2837.000,2709.000,2663.000,2603.000
1047.793,3256.000,3185.000,3116.000,3066.000,2894.000,2834.000,2755.000,2711.000,2698.000,2575.000
1049.526,3268.000,3207.000,3090.000,3077.000,2921.000,2792.000,2751.000,2753.000,2726.000,2621.000
1051.256,3364.000,3247.000,3116.000,3057.000,2958.000,2890.000,2834.000,2799.000,3085.000,2680.000
1052.987,3402.000,3227.000,3074.000,3087.000,2983.000,2882.000,2832.000,2813.000,2710.000,2668.000
1054.717,3365.000,3298.000,3146.000,3100.000,3030.000,2886.000,2770.000,2836.000,2710.000,2659.000
1056.446,3336.000,3239.000,3153.000,3081.000,2894.000,2919.000,2807.000,2822.000,2739.000,2650.000
1058.176,3295.000,3238.000,3123.000,3022.000,2964.000,2828.000,2811.000,2791.000,2662.000,2622.000
1059.905,3331.000,3219.000,3097.000,3042.000,2963.000,2834.000,2823.000,2798.000,2725.000,2652.000
1061.634,3340.000,3272.000,3140.000,3075.000,2952.000,2875.000,2925.000,2839.000,2673.000,2646.000
1063.362,3351.000,3254.000,3140.000,3158.000,2943.000,2894.000,2879.000,2821.000,2757.000,2648.000
1065.089,3403.000,3276.000,3111.000,3058.000,2954.000,2924.000,2858.000,2865.000,2666.000,2623.000
1066.818,3374.000,3318.000,3151.000,3070.000,2966.000,2913.000,2830.000,2815.000,2721.000,2671.000
1068.545,3349.000,3244.000,3123.000,3089.000,2953.000,2881.000,2807.000,2820.000,2712.000,2593.000
1070.273,3370.000,3225.000,3180.000,3073.000,2964.000,2870.000,2825.000,2781.000,2663.000,2618.000
1071.999,3369.000,3270.000,3173.000,3067.000,2935.000,2885.000,2822.000,2769.000,2705.000,2676.000
1073.725,3368.000,3256.000,3180.000,3082.000,2923.000,2904.000,2833.000,2845.000,2698.000,2664.000
1075.452,3389.000,3300.000,3165.000,3099.000,3019.000,2900.000,2887.000,2860.000,2721.000,3358.000
1077.177,3407.000,3287.000,3157.000,3102.000,3022.000,2883.000,2841.000,2820.000,2745.000,2978.000
1078.904,3342.000,3290.000,3106.000,3097.000,2967.000,2897.000,2835.000,2857.000,2698.000,2671.000
1080.628,3362.000,3247.000,3203.000,3018.000,2958.000,2896.000,2791.000,2783.000,2701.000,2631.000
1082.352,3324.000,3207.000,3112.000,3028.000,2969.000,2850.000,2777.000,2765.000,2710.000,2635.000
1084.077,3335.000,3195.000,3136.000,3048.000,2943.000,2879.000,2859.000,2821.000,2735.000,2638.000
1085.801,3396.000,3264.000,3186.000,3075.000,2992.000,2913.000,2869.000,2818.000,2742.000,2680.000
1087.526,3365.000,3290.000,3231.000,3111.000,3008.000,2915.000,2839.000,2876.000,2712.000,2660.000
1089.248,3378.000,3250.000,3124.000,3102.000,2950.000,2873.000,2879.000,2811.000,2672.000,2705.000
1090.971,3370.000,3205.000,3213.000,3093.000,2915.000,2911.000,2857.000,2827.000,2659.000,2669.000
1092.694,3334.000,3236.000,3175.000,3046.000,2907.000,2857.000,2760.000,2750.000,2658.000,2640.000
1094.416,3352.000,3220.000,3171.000,3055.000,2914.000,2902.000,2821.000,2776.000,2711.000,2629.000
1096.139,3355.000,3232.000,3173.000,3130.000,2986.000,2914.000,2839.000,2805.000,2696.000,2654.000
1097.860,3395.000,3263.000,3111.000,3092.000,2976.000,2917.000,2899.000,2895.000,2744.000,2665.000
1099.581,3412.000,3279.000,3162.000,3120.000,3007.000,2914.000,2855.000,2850.000,2766.000,2715.000
1101.303,3456.000,3258.000,3210.000,3148.000,2981.000,2939.000,2839.000,2873.000,2705.000,2688.000
1103.023,3328.000,3269.000,3131.000,3126.000,2868.000,2930.000,2796.000,2765.000,2685.000,2667.000
1104.745,3384.000,3217.000,3165.000,3117.000,2948.000,2846.000,2908.000,2805.000,2731.000,2636.000
1106.464,3453.000,3277.000,3136.000,3093.000,2915.000,2920.000,2822.000,2807.000,2700.000,2657.000
1108.183,3446.000,3327.000,3202.000,3144.000,2984.000,2897.000,2871.000,2826.000,2732.000,2691.000
1109.903,3445.000,3331.000,3199.000,3135.000,2995.000,3000.000,2906.000,2826.000,2734.000,2729.000
1111.622,3444.000,3295.000,3183.000,3100.000,3017.000,2997.000,2882.000,2870.000,2714.000,2733.000
1113.341,3402.000,3257.000,3244.000,3126.000,3006.000,2937.000,2820.000,2863.000,2751.000,2666.000
1115.059,3388.000,3304.000,3174.000,3086.000,2937.000,2934.000,2884.000,2878.000,2727.000,2721.000
1116.776,3467.000,3308.000,3160.000,3132.000,2960.000,2907.000,2874.000,2896.000,2763.000,2705.000
1118.495,3411.000,3350.000,3168.000,3146.000,2985.000,2983.000,2918.000,2900.000,2739.000,2727.000
1120.212,3524.000,3417.000,3252.000,3241.000,3052.000,3034.000,2908.000,2899.000,2814.000,2718.000
1121.930,3494.000,3413.000,3234.000,3160.000,3040.000,2991.000,2928.000,2869.000,2782.000,2731.000
1123.646,3427.000,3365.000,3231.000,3173.000,2999.000,2971.000,2951.000,2846.000,2802.000,2726.000
1125.361,3443.000,3332.000,3199.000,3131.000,3011.000,2967.000,2906.000,2891.000,2781.000,2695.000
1127.079,3480.000,3343.000,3159.000,3167.000,2951.000,2937.000,2845.000,2863.000,2789.000,2670.000
1128.794,3432.000,3266.000,3224.000,3092.000,2966.000,2882.000,2859.000,2815.000,2720.000,2646.000
1130.510,3437.000,3354.000,3181.000,3139.000,3007.000,2927.000,2912.000,2826.000,2725.000,2703.000
1132.224,3437.000,3366.000,3238.000,3101.000,2908.000,2915.000,2915.000,2819.000,2788.000,2693.000
1133.938,3466.000,3358.000,3217.000,3156.000,3055.000,2935.000,2886.000,2842.000,2814.000,2690.000
1135.654,3406.000,3253.000,3185.000,3135.000,3043.000,2975.000,2887.000,2825.000,2700.000,2715.000
1137.367,3409.000,3300.000,3202.000,3095.000,2975.000,2885.000,2851.000,2835.000,2700.000,2664.000
1139.082,3328.000,3270.000,3223.000,3065.000,2970.000,2907.000,2830.000,2846.000,2677.000,2650.000
1140.795,3370.000,3310.000,3179.000,3106.000,3030.000,2892.000,2825.000,2835.000,2694.000,2643.000
1142.507,3509.000,3398.000,3251.000,3079.000,3000.000,2929.000,2867.000,2865.000,2722.000,2713.000
1144.221,3469.000,3340.000,3228.000,3133.000,3044.000,3004.000,2926.000,2884.000,2770.000,2729.000
1145.932,3475.000,3364.000,3212.000,3110.000,3040.000,2960.000,2897.000,2868.000,2774.000,2720.000
1147.645,3454.000,3294.000,3213.000,3147.000,2997.000,3009.000,2900.000,2916.000,2762.000,2713.000
1149.356,3427.000,3316.000,3212.000,3145.000,3033.000,2969.000,2877.000,2866.000,2730.000,2724.000
1151.067,3364.000,3420.000,3210.000,3208.000,3057.000,2954.000,2898.000,2877.000,2688.000,2714.000
1152.779,3460.000,3349.000,3202.000,3192.000,2996.000,2944.000,2925.000,2872.000,2768.000,2799.000
1154.489,3472.000,3394.000,3303.000,3195.000,3101.000,3024.000,2905.000,2931.000,2789.000,2760.000
1156.201,3503.000,3372.000,3248.000,3153.000,3071.000,3009.000,2930.000,2871.000,2813.000,2756.000
1157.910,3501.000,3381.000,3274.000,3191.000,3050.000,3005.000,2964.000,2887.000,2838.000,2771.000
1159.619,3487.000,3355.000,3260.000,3151.000,3075.000,2985.000,2874.000,2887.000,2820.000,2729.000
1161.330,3507.000,3262.000,3277.000,3211.000,3035.000,2942.000,2923.000,2923.000,2797.000,2745.000
1163.038,3452.000,3371.000,3234.000,3137.000,3060.000,2979.000,2955.000,2927.000,2813.000,2713.000
1164.748,3549.000,3341.000,3266.000,3218.000,3098.000,3001.000,2943.000,2895.000,2837.000,2728.000
1166.455,3486.000,3409.000,3385.000,3239.000,3126.000,3043.000,2951.000,2943.000,2867.000,2768.000
1168.163,3570.000,3427.000,3281.000,3292.000,3071.000,3053.000,3021.000,2961.000,2813.000,2756.000
1169.872,3601.000,3434.000,3281.000,3209.000,3074.000,2974.000,2986.000,2935.000,2815.000,2692.000
1171.578,3495.000,3336.000,3258.000,3233.000,3037.000,3012.000,2968.000,2912.000,2772.000,2734.000
1173.286,3467.000,3379.000,3283.000,3199.000,3061.000,2954.000,2925.000,2926.000,2778.000,2754.000
1174.992,3420.000,3401.000,3266.000,3217.000,3076.000,3022.000,2980.000,2956.000,2793.000,2723.000
1176.698,3518.000,3415.000,3283.000,3166.000,3098.000,3030.000,2975.000,2923.000,2874.000,2786.000
1178.405,3550.000,3405.000,3301.000,3206.000,3076.000,3050.000,2984.000,2944.000,2867.000,2781.000
1180.110,3548.000,3439.000,3319.000,3223.000,3090.000,3027.000,2949.000,2910.000,2788.000,2817.000
1181.817,3527.000,3409.000,3268.000,3217.000,3119.000,2971.000,2943.000,2938.000,2794.000,2767.000
1183.521,3448.000,3368.000,3281.000,3130.000,3073.000,2992.000,2933.000,2910.000,2797.000,2747.000
1185.225,3512.000,3414.000,3273.000,3178.000,3064.000,2987.000,2945.000,2903.000,2831.000,2765.000
1186.931,3472.000,3384.000,3274.000,3195.000,3107.000,3040.000,2935.000,2911.000,2860.000,2755.000
1188.634,3595.000,3441.000,3300.000,3238.000,3099.000,3043.000,2937.000,2916.000,2854.000,2784.000
1190.339,3547.000,3367.000,3355.000,3256.000,3109.000,3065.000,2991.000,2909.000,2846.000,2851.000
1192.042,3602.000,3407.000,3295.000,3253.000,3156.000,3001.000,2980.000,2946.000,2805.000,2806.000
1193.744,3519.000,3409.000,3275.000,3230.000,3083.000,3028.000,3024.000,2939.000,2776.000,2747.000
1195.448,3488.000,3433.000,3295.000,3225.000,3091.000,3015.000,2951.000,2992.000,2859.000,2716.000
1197.150,3552.000,3428.000,3330.000,3277.000,3095.000,3018.000,3019.000,2935.000,2826.000,2826.000
1198.853,3576.000,3463.000,3386.000,3302.000,3137.000,3079.000,3000.000,3009.000,2866.000,2818.000
1200.554,3657.000,3483.000,3393.000,3342.000,3174.000,3120.000,3034.000,3064.000,2882.000,2836.000
1202.256,3586.000,3451.000,3389.000,3251.000,3185.000,3087.000,3036.000,2974.000,2898.000,2829.000
1203.957,3599.000,3516.000,3337.000,3279.000,3153.000,2982.000,2978.000,2967.000,2891.000,2800.000
1205.657,3570.000,3513.000,3373.000,3255.000,3174.000,3123.000,3015.000,3012.000,2863.000,2794.000
1207.359,3617.000,3469.000,3401.000,3275.000,3149.000,3085.000,3022.000,3005.000,2897.000,2828.000
1209.058,3722.000,3461.000,3418.000,3312.000,3145.000,3078.000,3057.000,3068.000,2941.000,2850.000
1210.759,3644.000,3565.000,3448.000,3394.000,3247.000,3126.000,3077.000,3103.000,2957.000,2848.000
1212.458,3685.000,3640.000,3454.000,3403.000,3274.000,3231.000,3113.000,3070.000,2966.000,2897.000
1214.156,3731.000,3557.000,3452.000,3378.000,3191.000,3104.000,3098.000,3088.000,2921.000,2902.000
1215.856,3653.000,3553.000,3458.000,3366.000,3257.000,3189.000,3063.000,3099.000,3002.000,2915.000
1217.554,3640.000,3588.000,3460.000,3378.000,3230.000,3195.000,3154.000,3057.000,2975.000,2913.000
1219.253,3657.000,3495.000,3468.000,3401.000,3253.000,3199.000,3083.000,3231.000,2927.000,2900.000
1220.950,3716.000,3516.000,3427.000,3383.000,3253.000,3163.000,3183.000,5748.000,3022.000,2909.000
1222.647,3753.000,3663.000,3530.000,3443.000,3332.000,3231.000,3169.000,4111.000,3038.000,2949.000
1224.345,3740.000,3572.000,3571.000,3480.000,3306.000,3245.000,3215.000,3117.000,3073.000,2974.000
1226.041,3736.000,3646.000,3510.000,3482.000,3317.000,3216.000,3090.000,3141.000,3028.000,2997.000
1227.739,3736.000,3632.000,3527.000,3449.000,3246.000,3216.000,3170.000,3165.000,2952.000,3044.000
1229.434,3748.000,3549.000,3535.000,3424.000,3294.000,3203.000,3187.000,3079.000,3018.000,2967.000
1231.130,3703.000,3625.000,3524.000,3471.000,3295.000,3169.000,3195.000,3134.000,3041.000,2941.000
1232.826,3760.000,3614.000,3501.000,3392.000,3282.000,3183.000,3286.000,3115.000,3026.000,2971.000
1234.521,3755.000,3660.000,3470.000,3516.000,3322.000,3270.000,3218.000,3181.000,3092.000,2975.000
1236.217,3786.000,3718.000,3504.000,3492.000,3333.000,3266.000,3245.000,3209.000,3013.000,2969.000
1237.911,3771.000,3643.000,3517.000,3489.000,3292.000,3272.000,3173.000,3135.000,3046.000,2996.000
1239.604,3804.000,3653.000,3546.000,3485.000,3319.000,3269.000,3156.000,3165.000,3059.000,3008.000
1241.299,3741.000,3635.000,3531.000,3451.000,3288.000,3209.000,3133.000,3130.000,3019.000,2946.000
1242.992,3778.000,3670.000,3521.000,3440.000,3350.000,3190.000,3214.000,3112.000,3029.000,2995.000
1244.686,3797.000,3707.000,3557.000,3505.000,3340.000,3302.000,3243.000,3189.000,3037.000,3011.000
1246.379,3810.000,3672.000,3612.000,3517.000,3329.000,3281.000,3158.000,3163.000,3074.000,2999.000
1248.070,3764.000,3691.000,3535.000,3497.000,3311.000,3258.000,3202.000,3160.000,3036.000,2995.000
1249.764,3802.000,3636.000,3598.000,3425.000,3301.000,3182.000,3183.000,3129.000,3051.000,3032.000
1251.455,3709.000,3604.000,3493.000,3434.000,3366.000,3182.000,3183.000,3121.000,3032.000,2921.000
1253.148,3734.000,3658.000,3478.000,3440.000,3283.000,3225.000,3084.000,3165.000,3003.000,2943.000
1254.838,3745.000,3642.000,3506.000,3457.000,3328.000,3227.000,3145.000,3133.000,3009.000,2933.000
1256.529,3729.000,3722.000,3551.000,3450.000,3327.000,3219.000,3224.000,3121.000,3023.000,2960.000
1258.220,3790.000,3659.000,3553.000,3487.000,3293.000,3278.000,3193.000,3179.000,3072.000,2942.000
1259.910,3791.000,3715.000,3480.000,3422.000,3295.000,3269.000,3152.000,3120.000,3053.000,2966.000
1261.601,3735.000,3635.000,3502.000,3400.000,3285.000,3227.000,3212.000,3104.000,3019.000,2937.000
1263.290,3712.000,3581.000,3539.000,3424.000,3253.000,3177.000,3146.000,3049.000,2977.000,2863.000
1264.979,3741.000,3603.000,3480.000,3422.000,3242.000,3185.000,3192.000,3109.000,2960.000,2930.000
1266.669,3701.000,3626.000,3445.000,3460.000,3285.000,3187.000,3096.000,3104.000,3002.000,2912.000
1268.357,3785.000,3618.000,3544.000,3493.000,3334.000,3274.000,3140.000,3159.000,3007.000,2941.000
1270.046,3790.000,3651.000,3581.000,3455.000,3277.000,3217.000,3196.000,3199.000,3003.000,3002.000
1271.734,3749.000,3638.000,3525.000,3410.000,3352.000,3273.000,3185.000,3159.000,3043.000,2969.000
1273.421,3776.000,3647.000,3467.000,3377.000,3286.000,3260.000,3182.000,3098.000,3002.000,3017.000
1275.109,3760.000,3570.000,3439.000,3413.000,3230.000,3219.000,3166.000,3121.000,3014.000,3011.000
1276.795,3725.000,3605.000,3484.000,3394.000,3304.000,3208.000,3176.000,3161.000,3023.000,2962.000
1278.483,3783.000,3593.000,3563.000,3412.000,3297.000,3237.000,3174.000,3107.000,3066.000,3022.000
1280.169,3838.000,3733.000,3608.000,3488.000,3367.000,3229.000,3204.000,3199.000,3030.000,2961.000
1281.854,3807.000,3707.000,3623.000,3470.000,3323.000,3260.000,3164.000,3179.000,3025.000,2964.000
1283.541,3801.000,3670.000,3531.000,3456.000,3230.000,3196.000,3181.000,3169.000,3009.000,2997.000
1285.226,3819.000,3615.000,3525.000,3439.000,3279.000,3230.000,3123.000,3132.000,3005.000,2973.000
1286.912,3784.000,3735.000,3529.000,3424.000,3287.000,3259.000,3186.000,3138.000,2980.000,2988.000
1288.596,3754.000,3671.000,3511.000,3463.000,3292.000,3282.000,3203.000,3193.000,3082.000,2970.000
1290.280,3795.000,3675.000,3585.000,3506.000,3306.000,3265.000,3184.000,3155.000,3004.000,2995.000
1291.965,3775.000,3670.000,3599.000,3503.000,3351.000,3293.000,3243.000,3180.000,3091.000,3043.000
1293.648,3784.000,3720.000,3598.000,3515.000,3345.000,3321.000,3190.000,3195.000,3074.000,2983.000
1295.333,3847.000,3702.000,3581.000,3463.000,3338.000,3271.000,3212.000,3185.000,3091.000,3021.000
1297.015,3734.000,3725.000,3580.000,3494.000,3312.000,3314.000,3166.000,3214.000,3039.000,2958.000
1298.698,3800.000,3735.000,3473.000,3457.000,3299.000,3268.000,3266.000,3228.000,3063.000,3009.000
1300.381,3750.000,3739.000,3585.000,3498.000,3404.000,3287.000,3236.000,3247.000,3032.000,3013.000
1302.063,3818.000,3707.000,3566.000,3507.000,3410.000,3332.000,3278.000,3168.000,3095.000,3042.000
1303.746,3903.000,3743.000,3628.000,3567.000,3442.000,3365.000,3247.000,3203.000,3134.000,3038.000
1305.427,3921.000,3750.000,3643.000,3556.000,3415.000,3402.000,3306.000,3258.000,3089.000,3063.000
1307.107,3854.000,3797.000,3632.000,3527.000,3412.000,3377.000,3316.000,3256.000,3107.000,3069.000
1308.789,3885.000,3754.000,3588.000,3539.000,3400.000,3328.000,3233.000,3248.000,3168.000,3000.000
1310.469,3835.000,3732.000,3667.000,3617.000,3423.000,3329.000,3260.000,3304.000,3120.000,3041.000
1312.150,3966.000,3796.000,3595.000,3596.000,3434.000,3371.000,3318.000,3230.000,3137.000,3096.000
1313.830,3899.000,3761.000,3630.000,3597.000,3470.000,3352.000,3345.000,3258.000,3171.000,3059.000
1315.508,3822.000,3808.000,3688.000,3570.000,3452.000,3344.000,3352.000,3296.000,3107.000,3127.000
1317.189,3960.000,3776.000,3620.000,3612.000,3474.000,3404.000,3338.000,3303.000,3067.000,3033.000
1318.867,3894.000,3760.000,3598.000,3595.000,3461.000,3280.000,3253.000,3269.000,3162.000,3033.000
1320.547,3878.000,3738.000,3654.000,3540.000,3431.000,3379.000,3325.000,3223.000,3117.000,3072.000
1322.224,3839.000,3734.000,3637.000,3605.000,3407.000,3330.000,3312.000,3269.000,3155.000,3068.000
1323.902,3972.000,3780.000,3679.000,3616.000,3438.000,3353.000,3339.000,3313.000,3140.000,3103.000
1325.581,3931.000,3899.000,3671.000,3625.000,3463.000,3462.000,3298.000,3306.000,3171.000,3071.000
1327.257,3923.000,3819.000,3726.000,3639.000,3483.000,3430.000,3374.000,3343.000,3165.000,3155.000
1328.935,3968.000,3829.000,3678.000,3644.000,3518.000,3386.000,3424.000,3318.000,3144.000,3099.000
1330.611,3950.000,3839.000,3715.000,3661.000,3522.000,3442.000,3319.000,3317.000,3104.000,3103.000
1332.287,3899.000,3832.000,3619.000,3603.000,3458.000,3358.000,3320.000,3274.000,3163.000,3074.000
1333.964,3892.000,3839.000,3655.000,3602.000,3433.000,3358.000,3316.000,3291.000,3199.000,3137.000
1335.639,4013.000,3833.000,3802.000,3680.000,3479.000,3415.000,3412.000,3370.000,3265.000,3208.000
1337.316,4068.000,3843.000,3751.000,3646.000,3525.000,3405.000,3344.000,3344.000,3162.000,3127.000
1338.990,3996.000,3852.000,3747.000,3619.000,3551.000,3477.000,3354.000,3321.000,3272.000,3089.000
1340.664,3949.000,3798.000,3642.000,3636.000,3476.000,3395.000,3355.000,3318.000,3205.000,3091.000
1342.340,3835.000,3754.000,3679.000,3572.000,3479.000,3305.000,3213.000,3293.000,3150.000,3097.000
1344.013,3901.000,3805.000,3689.000,3601.000,3481.000,3283.000,3355.000,3292.000,3141.000,3108.000
1345.688,3938.000,3742.000,3656.000,3544.000,3451.000,3359.000,3249.000,3228.000,3142.000,3113.000
1347.361,3923.000,3892.000,3713.000,3637.000,3453.000,3363.000,3306.000,3340.000,3192.000,3038.000
1349.033,3954.000,3748.000,3654.000,3568.000,3398.000,3343.000,3298.000,3312.000,3156.000,3143.000
1350.707,3908.000,3751.000,3640.000,3513.000,3485.000,3363.000,3294.000,3248.000,3174.000,3083.000
1352.379,3895.000,3778.000,3665.000,3586.000,3454.000,3337.000,3334.000,3208.000,3057.000,3040.000
1354.053,3821.000,3714.000,3578.000,3533.000,3353.000,3287.000,3253.000,3192.000,3035.000,3011.000
1355.724,3903.000,3710.000,3648.000,3543.000,3375.000,3262.000,3280.000,3190.000,3052.000,3014.000
1357.395,3852.000,3722.000,3525.000,3492.000,3385.000,3282.000,3247.000,3149.000,3061.000,2988.000
1359.067,3860.000,3763.000,3592.000,3528.000,3357.000,3306.000,3279.000,3202.000,3061.000,3046.000
1360.737,3915.000,3751.000,3613.000,3579.000,3390.000,3305.000,3255.000,3236.000,3170.000,3002.000
1362.409,3792.000,3728.000,3535.000,3434.000,3425.000,3334.000,3242.000,3208.000,3095.000,2987.000
1364.078,3789.000,3664.000,3623.000,3476.000,3349.000,3270.000,3196.000,3172.000,3049.000,3037.000
1365.748,3847.000,3706.000,3579.000,3475.000,3309.000,3269.000,3181.000,3183.000,3018.000,3004.000
1367.418,3779.000,3643.000,3543.000,3523.000,3362.000,3274.000,3194.000,3133.000,3093.000,3004.000
1369.087,3861.000,3661.000,3570.000,3541.000,3316.000,3304.000,3276.000,3256.000,2998.000,2974.000
1370.757,3836.000,3658.000,3630.000,3530.000,3374.000,3289.000,3167.000,3204.000,3000.000,3020.000
1372.425,3819.000,3714.000,3602.000,3541.000,3427.000,3273.000,3196.000,3195.000,3096.000,2938.000
1374.093,3867.000,3721.000,3543.000,3496.000,3373.000,3284.000,3226.000,3155.000,3036.000,3006.000
1375.762,3824.000,3706.000,3591.000,3464.000,3331.000,3263.000,3239.000,3178.000,3064.000,2913.000
1377.429,3870.000,3628.000,3606.000,3491.000,3395.000,3279.000,3236.000,3143.000,3031.000,2920.000
1379.098,3855.000,3644.000,3506.000,3438.000,3393.000,3267.000,3211.000,3188.000,2990.000,2968.000
1380.764,3778.000,3716.000,3570.000,3520.000,3326.000,3208.000,3246.000,3182.000,3014.000,3002.000
1382.430,3875.000,3746.000,3625.000,3540.000,3361.000,3292.000,3213.000,3198.000,3090.000,2959.000
1384.098,3863.000,3728.000,3551.000,3523.000,3300.000,3307.000,3234.000,3135.000,3091.000,2953.000
1385.763,3845.000,3678.000,3618.000,3501.000,3360.000,3257.000,3242.000,3138.000,3095.000,2972.000
1387.430,3742.000,3703.000,3533.000,3498.000,3401.000,3199.000,3173.000,3138.000,3041.000,3000.000
1389.095,3824.000,3686.000,3517.000,3485.000,3371.000,3226.000,3187.000,3141.000,2973.000,2938.000
1390.759,3866.000,3717.000,3523.000,3480.000,3298.000,3229.000,3152.000,3081.000,3046.000,2988.000
1392.425,3772.000,3726.000,3550.000,3504.000,3330.000,3294.000,3206.000,3149.000,3026.000,2965.000
1394.089,3860.000,3687.000,3642.000,3596.000,3339.000,3262.000,3234.000,3196.000,3031.000,3034.000
1395.754,3866.000,3718.000,3591.000,3552.000,3337.000,3208.000,3257.000,3151.000,3057.000,2961.000
1397.418,3834.000,3707.000,3564.000,3437.000,3416.000,3289.000,3211.000,3179.000,3056.000,2936.000
1399.080,3777.000,3733.000,3559.000,3484.000,3391.000,3222.000,3159.000,3164.000,3035.000,2980.000
1400.745,3800.000,3703.000,3542.000,3466.000,3349.000,3262.000,3189.000,3176.000,3071.000,2964.000
1402.407,3801.000,3671.000,3567.000,3499.000,3333.000,3331.000,3242.000,3171.000,3034.000,2951.000
1404.071,3767.000,3723.000,3531.000,3541.000,3409.000,3258.000,3227.000,3210.000,3079.000,3013.000
1405.732,3838.000,3683.000,3633.000,3519.000,3354.000,3293.000,3261.000,3213.000,3101.000,2999.000
1407.394,3926.000,3747.000,3696.000,3554.000,3386.000,3293.000,3267.000,3196.000,3079.000,3092.000
1409.057,3849.000,3826.000,3682.000,3531.000,3396.000,3214.000,3254.000,3199.000,3101.000,2987.000
1410.717,3941.000,3706.000,3661.000,3541.000,3369.000,3303.000,3208.000,3247.000,3080.000,3027.000
1412.379,3839.000,3687.000,3581.000,3565.000,3361.000,3421.000,3240.000,3193.000,3063.000,2990.000
1414.039,3834.000,3758.000,3625.000,3502.000,3398.000,4060.000,3247.000,3247.000,3115.000,3051.000
1415.699,3903.000,3683.000,3662.000,3576.000,3440.000,3432.000,3302.000,3273.000,3114.000,3057.000
1417.360,3937.000,3763.000,3642.000,3619.000,3390.000,3433.000,3304.000,3239.000,3129.000,3090.000
1419.019,3948.000,3811.000,3647.000,3576.000,3400.000,3344.000,3314.000,3263.000,3109.000,3031.000
1420.680,3910.000,3809.000,3711.000,3559.000,3414.000,3331.000,3343.000,3248.000,3148.000,3080.000
1422.338,3939.000,3775.000,3574.000,3633.000,3412.000,3387.000,3296.000,3280.000,3143.000,3122.000
1423.996,3906.000,3774.000,3667.000,3576.000,3433.000,3409.000,3340.000,3271.000,3182.000,3092.000
1425.656,3949.000,3893.000,3731.000,3633.000,3564.000,3423.000,3384.000,3344.000,3102.000,3110.000
1427.314,3994.000,3895.000,3738.000,3736.000,3528.000,3481.000,3369.000,3343.000,3211.000,3161.000
1428.973,4060.000,4001.000,3782.000,3779.000,3600.000,3500.000,3393.000,3441.000,3298.000,3171.000
1430.629,4079.000,3901.000,3875.000,3744.000,3652.000,3532.000,3439.000,3523.000,3290.000,3263.000
1432.286,4086.000,4014.000,3849.000,3831.000,3695.000,3594.000,3507.000,3471.000,3355.000,3261.000
1433.944,4065.000,4035.000,3861.000,3777.000,3675.000,3551.000,3496.000,3499.000,3371.000,3229.000
1435.600,4101.000,3998.000,3742.000,3801.000,3574.000,3556.000,3533.000,3482.000,3359.000,3292.000
1437.257,4136.000,4029.000,3909.000,3849.000,3652.000,3655.000,3565.000,3499.000,3403.000,3338.000
1438.913,4220.000,4074.000,3937.000,3900.000,3749.000,3642.000,3597.000,3596.000,3431.000,3380.000
1440.569,4271.000,4124.000,3970.000,3867.000,3716.000,3665.000,3668.000,3615.000,3443.000,3421.000
1442.224,4188.000,4101.000,3996.000,3858.000,3773.000,3696.000,3662.000,3635.000,3487.000,3355.000
1443.878,4274.000,4130.000,3940.000,3861.000,3769.000,3642.000,3564.000,3571.000,3366.000,3332.000
1445.534,4157.000,4033.000,3970.000,3888.000,3756.000,3630.000,3504.000,3541.000,3439.000,3342.000
1447.188,4179.000,4036.000,3888.000,3816.000,3657.000,3590.000,3592.000,3523.000,3371.000,3347.000
1448.843,4167.000,4037.000,3911.000,3847.000,3717.000,3642.000,3527.000,3443.000,3382.000,3333.000
1450.496,4266.000,4159.000,3944.000,3839.000,3700.000,3613.000,3621.000,3518.000,3403.000,3312.000
1452.149,4148.000,4044.000,3934.000,3855.000,3687.000,3659.000,3562.000,3500.000,3394.000,3260.000
1453.803,4180.000,4085.000,3866.000,3858.000,3628.000,3595.000,3551.000,3483.000,3310.000,3261.000
1455.455,4127.000,4038.000,3834.000,3807.000,3622.000,3572.000,3522.000,3439.000,3305.000,3231.000
1457.109,4156.000,3995.000,3890.000,3778.000,3627.000,3523.000,3476.000,3465.000,3319.000,3249.000
1458.760,4127.000,3923.000,3839.000,3783.000,3588.000,3508.000,3418.000,3377.000,3302.000,3191.000
1460.412,4033.000,3948.000,3780.000,3732.000,3602.000,3482.000,3396.000,3474.000,3315.000,3214.000
1462.064,4076.000,3941.000,3799.000,3756.000,3571.000,3462.000,3458.000,3410.000,3218.000,3189.000
1463.715,4079.000,3903.000,3801.000,3765.000,3480.000,3447.000,3381.000,3379.000,3241.000,3177.000
1465.367,3996.000,3858.000,3752.000,3742.000,3475.000,3436.000,3373.000,3354.000,3238.000,3155.000
1467.017,3970.000,3933.000,3691.000,3636.000,3480.000,3491.000,3309.000,3343.000,3200.000,3110.000
1468.666,3858.000,3794.000,3690.000,3581.000,3473.000,3402.000,3362.000,3327.000,3164.000,3112.000
1470.317,3900.000,3813.000,3711.000,3595.000,3449.000,3305.000,3280.000,3277.000,3150.000,3012.000
1471.966,3971.000,3765.000,3710.000,3646.000,3398.000,3438.000,3279.000,3227.000,3075.000,3135.000
1473.617,3919.000,3828.000,3652.000,3563.000,3490.000,3314.000,3266.000,3239.000,3117.000,3093.000
1475.265,3927.000,3819.000,3704.000,3588.000,3500.000,3354.000,3305.000,3297.000,3091.000,3033.000
1476.913,3884.000,3805.000,3591.000,3542.000,3416.000,3322.000,3302.000,3244.000,3091.000,3011.000
1478.563,3807.000,3729.000,3639.000,3534.000,3394.000,3278.000,3194.000,3205.000,3088.000,2991.000
1480.210,3940.000,3750.000,3565.000,3509.000,3340.000,3206.000,3191.000,3262.000,3033.000,2929.000
1481.859,3899.000,3768.000,3565.000,3473.000,3338.000,3340.000,3163.000,3171.000,3089.000,3011.000
1483.506,3838.000,3785.000,3549.000,3454.000,3399.000,3333.000,3223.000,3222.000,3051.000,2942.000
1485.152,3928.000,3806.000,3632.000,3557.000,3339.000,3267.000,3246.000,3172.000,3039.000,3052.000
1486.800,3866.000,3737.000,3673.000,3527.000,3365.000,3263.000,3246.000,3191.000,2990.000,2970.000
1488.446,3898.000,3714.000,3587.000,3524.000,3327.000,3271.000,3220.000,3192.000,3042.000,3016.000
1490.093,3803.000,3668.000,3665.000,3517.000,3350.000,3237.000,3167.000,3215.000,3039.000,2943.000
1491.739,3857.000,3747.000,3639.000,3487.000,3405.000,3289.000,3147.000,3161.000,3031.000,2982.000
1493.384,3844.000,3671.000,3617.000,3479.000,3402.000,3242.000,3177.000,3181.000,3058.000,2902.000
1495.030,3856.000,3723.000,3563.000,3399.000,3342.000,3303.000,3232.000,3231.000,3003.000,2955.000
1496.674,3903.000,3730.000,3670.000,3552.000,3339.000,3278.000,3209.000,3265.000,3058.000,3049.000
1498.320,3901.000,6099.000,3602.000,3541.000,3396.000,3286.000,3263.000,3226.000,3043.000,2985.000
1499.964,3835.000,3831.000,3554.000,3483.000,3343.000,3296.000,3240.000,3271.000,3027.000,3010.000
1501.607,3839.000,3720.000,3600.000,3445.000,3302.000,3270.000,3143.000,3165.000,3028.000,2946.000
1503.252,3835.000,3685.000,3609.000,3494.000,3290.000,3214.000,3209.000,3186.000,2995.000,2933.000
1504.894,3846.000,3721.000,3539.000,3514.000,3422.000,3205.000,3222.000,3157.000,3059.000,2967.000
1506.539,3846.000,3695.000,3587.000,3544.000,3425.000,3307.000,3199.000,3225.000,3043.000,2960.000
1508.181,3889.000,3751.000,3556.000,3510.000,3454.000,3305.000,3191.000,3257.000,3020.000,2993.000
1509.823,3920.000,3779.000,3589.000,3559.000,3370.000,3259.000,3225.000,3236.000,3115.000,2978.000
1511.466,3872.000,3733.000,3608.000,3484.000,3363.000,3295.000,3286.000,3173.000,3066.000,3004.000
1513.107,3868.000,3675.000,3630.000,3530.000,3408.000,3272.000,3237.000,3162.000,3065.000,2993.000
1514.750,3861.000,3745.000,3543.000,3486.000,3327.000,3312.000,3201.000,3163.000,3032.000,2962.000
1516.390,3844.000,3706.000,3576.000,3532.000,3379.000,3234.000,3240.000,3192.000,3080.000,2986.000
1518.030,3814.000,3689.000,3557.000,3516.000,3381.000,3255.000,3201.000,3210.000,3076.000,2921.000
1519.672,3861.000,3788.000,3611.000,3548.000,3299.000,3337.000,3300.000,3232.000,3068.000,3007.000
1521.312,3854.000,3793.000,3684.000,3513.000,3340.000,3310.000,3196.000,3180.000,3103.000,3042.000
1522.953,3881.000,3741.000,3639.000,3516.000,3410.000,3292.000,3238.000,3160.000,3051.000,3049.000
1524.592,3866.000,3715.000,3628.000,3553.000,3320.000,3295.000,3253.000,3163.000,2999.000,3020.000
1526.230,3849.000,3736.000,3599.000,3540.000,3342.000,3288.000,3819.000,3180.000,2961.000,2921.000
1527.871,3883.000,3779.000,3685.000,3544.000,3415.000,3313.000,3342.000,3163.000,3073.000,3006.000
1529.509,3969.000,3773.000,3618.000,3550.000,3431.000,3309.000,3286.000,3246.000,3110.000,3001.000
1531.148,3978.000,3824.000,3667.000,3554.000,3459.000,3368.000,3207.000,3195.000,3132.000,3050.000
1532.786,3875.000,3824.000,3715.000,3561.000,3506.000,3391.000,3275.000,3248.000,3027.000,3007.000
1534.423,3932.000,3761.000,3677.000,3560.000,3413.000,3343.000,3295.000,3277.000,3115.000,2986.000
1536.061,3855.000,3763.000,3635.000,3558.000,3409.000,3282.000,3310.000,3223.000,3070.000,2945.000
1537.698,3918.000,3823.000,3638.000,3502.000,3383.000,3301.000,3265.000,3228.000,3142.000,2999.000
1539.336,3958.000,3790.000,3688.000,3534.000,3430.000,3312.000,3270.000,3232.000,3139.000,2988.000
1540.972,3933.000,3812.000,3710.000,3630.000,3449.000,3328.000,3320.000,3251.000,3107.000,3049.000
1542.607,3932.000,3835.000,3660.000,3579.000,3483.000,3378.000,3391.000,3287.000,3141.000,3080.000
1544.244,4008.000,3893.000,3725.000,3675.000,3464.000,3361.000,3361.000,3233.000,3140.000,3101.000
1545.879,3966.000,3793.000,3662.000,3622.000,3531.000,3412.000,3320.000,3283.000,3138.000,3047.000
1547.515,3978.000,3782.000,3708.000,3587.000,3447.000,3336.000,3323.000,3245.000,3124.000,3050.000
1549.150,3948.000,3858.000,3742.000,3631.000,3441.000,3305.000,3292.000,3268.000,3104.000,3907.000
1550.784,3996.000,3831.000,3703.000,3585.000,3498.000,3311.000,3281.000,3261.000,3137.000,3095.000
1552.419,3977.000,3835.000,3737.000,3649.000,3523.000,3386.000,3281.000,3262.000,3145.000,3026.000
1554.053,3970.000,3814.000,3711.000,3685.000,3442.000,3457.000,3377.000,3296.000,3099.000,3124.000
1555.688,4001.000,3909.000,3715.000,3680.000,3493.000,3427.000,3333.000,3311.000,3200.000,3086.000
1557.320,4015.000,3838.000,3720.000,3649.000,3455.000,3385.000,3356.000,3312.000,3232.000,3065.000
1558.953,4019.000,3811.000,3698.000,3631.000,3489.000,3406.000,3289.000,3303.000,3153.000,3102.000
1560.587,3927.000,3810.000,3718.000,3644.000,3434.000,3391.000,3326.000,3371.000,3150.000,3089.000
1562.219,4020.000,3838.000,3738.000,3632.000,3493.000,3422.000,3361.000,3285.000,3150.000,3099.000
1563.852,3927.000,3846.000,3710.000,3652.000,3457.000,3432.000,3348.000,3333.000,3181.000,3126.000
1565.483,3945.000,3852.000,3727.000,3707.000,3503.000,3417.000,3385.000,3361.000,3156.000,3045.000
1567.116,3987.000,3878.000,3715.000,3630.000,3518.000,3452.000,3335.000,3326.000,3191.000,3105.000
1568.746,4014.000,3903.000,3746.000,3612.000,3463.000,3416.000,3342.000,3283.000,3218.000,3099.000
1570.377,3945.000,3853.000,3693.000,3666.000,3455.000,3391.000,3347.000,3252.000,3152.000,3115.000
1572.008,3996.000,3834.000,3714.000,3650.000,3487.000,3339.000,3338.000,3278.000,3139.000,3095.000
1573.638,3975.000,3815.000,3816.000,3641.000,3521.000,3427.000,3368.000,3224.000,3104.000,3045.000
1575.269,4000.000,3891.000,3711.000,3623.000,3518.000,3416.000,3371.000,3308.000,3118.000,3063.000
1576.898,4083.000,3870.000,3766.000,3639.000,3493.000,3410.000,3414.000,3359.000,3176.000,3201.000
1578.527,4046.000,3874.000,3744.000,3720.000,3562.000,3450.000,3391.000,3387.000,3163.000,3118.000
1580.157,3973.000,3872.000,3741.000,3677.000,3520.000,3421.000,3369.000,3336.000,3168.000,3156.000
1581.785,4005.000,3875.000,3804.000,3607.000,3471.000,3390.000,3326.000,3265.000,3122.000,3157.000
1583.415,3984.000,3859.000,3686.000,3605.000,3523.000,3404.000,3324.000,3275.000,3101.000,3136.000
1585.043,3975.000,3884.000,3807.000,3630.000,3479.000,3413.000,3316.000,3279.000,3135.000,3061.000
1586.670,4056.000,3944.000,3845.000,3683.000,3474.000,3378.000,3333.000,3301.000,3162.000,3138.000
1588.299,4095.000,3946.000,3821.000,3713.000,3539.000,3444.000,3377.000,3340.000,3165.000,3136.000
1589.925,4067.000,3987.000,3813.000,3707.000,3572.000,3488.000,3405.000,3381.000,3189.000,3103.000
1591.553,4046.000,3879.000,3827.000,3704.000,3530.000,3430.000,3408.000,3298.000,3177.000,3153.000
1593.179,4054.000,3998.000,3807.000,3717.000,3579.000,3455.000,3388.000,3369.000,3181.000,3125.000
1594.805,4087.000,3954.000,3775.000,3726.000,3556.000,3514.000,3474.000,3381.000,3201.000,3117.000
1596.432,4110.000,3950.000,3868.000,3748.000,3615.000,3577.000,3358.000,3364.000,3267.000,3116.000
1598.057,4141.000,3991.000,3803.000,3750.000,3565.000,3518.000,3379.000,3362.000,3217.000,3241.000
1599.684,4124.000,3991.000,3876.000,3720.000,3613.000,3468.000,3441.000,3380.000,3333.000,3242.000
1601.308,4148.000,3991.000,3803.000,3764.000,3606.000,3480.000,3446.000,3438.000,3240.000,3199.000
1602.932,4110.000,3988.000,3846.000,3723.000,3593.000,3508.000,3446.000,3467.000,3251.000,3222.000
1604.558,4021.000,3931.000,3811.000,3708.000,3575.000,3508.000,3413.000,3392.000,3237.000,3167.000
1606.181,4080.000,3887.000,3832.000,3785.000,3545.000,3471.000,3483.000,3406.000,3250.000,3168.000
1607.806,4103.000,3908.000,3851.000,3818.000,3556.000,3497.000,3371.000,3369.000,3262.000,3128.000
1609.429,4160.000,3948.000,3852.000,3803.000,3573.000,3489.000,3414.000,3376.000,3259.000,3223.000
1611.052,4060.000,3995.000,3876.000,3767.000,3595.000,3523.000,3421.000,3402.000,3216.000,3194.000
1612.676,4045.000,3930.000,3870.000,3712.000,3552.000,3511.000,3396.000,3391.000,3256.000,3198.000
1614.298,4080.000,3846.000,3755.000,3674.000,3541.000,3446.000,3404.000,3358.000,3240.000,3146.000
1615.921,4052.000,3889.000,3792.000,3652.000,3504.000,3425.000,3385.000,3308.000,3198.000,3117.000
1617.543,4066.000,3916.000,3718.000,3684.000,3524.000,3429.000,3392.000,3337.000,3168.000,3121.000
1619.164,4056.000,3871.000,3780.000,3700.000,3483.000,3469.000,3414.000,3301.000,3175.000,3155.000
1620.786,3998.000,3897.000,3803.000,3634.000,3552.000,3415.000,3345.000,3345.000,3203.000,3107.000
1622.407,4001.000,3935.000,3805.000,3752.000,3458.000,3446.000,3316.000,3371.000,3127.000,3156.000
1624.029,4084.000,3893.000,3796.000,3651.000,3586.000,3433.000,3349.000,3310.000,3214.000,3125.000
1625.649,4030.000,3958.000,3792.000,3681.000,3530.000,3477.000,3387.000,3337.000,3162.000,3127.000
1627.268,4078.000,3955.000,3763.000,3656.000,3527.000,3428.000,3335.000,3378.000,3234.000,3140.000
1628.889,4062.000,3857.000,3718.000,3686.000,3491.000,3437.000,3356.000,3303.000,3197.000,3097.000
1630.508,4054.000,3881.000,3762.000,3695.000,3526.000,3366.000,3302.000,3332.000,3212.000,3152.000
1632.128,4065.000,3884.000,3793.000,3699.000,3586.000,3419.000,3376.000,3383.000,3160.000,3147.000
1633.747,4085.000,3921.000,3821.000,3769.000,3547.000,3397.000,3335.000,3344.000,3231.000,3172.000
1635.365,4102.000,3981.000,3819.000,3726.000,3535.000,3512.000,3454.000,3334.000,3238.000,3162.000
1636.984,4074.000,3955.000,3865.000,3782.000,3532.000,3460.000,3404.000,3351.000,3234.000,3134.000
1638.602,4085.000,3955.000,3819.000,3739.000,3594.000,3456.000,3449.000,3372.000,3220.000,3152.000
1640.221,4047.000,3956.000,3807.000,3734.000,3572.000,3388.000,3361.000,3319.000,3213.000,3121.000
1641.837,4098.000,3924.000,3857.000,3739.000,3558.000,3460.000,3376.000,3351.000,3256.000,3120.000
1643.454,4091.000,3978.000,3851.000,3683.000,3539.000,3504.000,3473.000,3430.000,3298.000,3203.000
1645.072,4140.000,4010.000,3848.000,3781.000,3542.000,3544.000,3418.000,3438.000,3250.000,3208.000
1646.688,4095.000,3990.000,3931.000,3793.000,3627.000,3540.000,3453.000,3405.000,3299.000,3193.000
1648.305,4058.000,4061.000,3902.000,3779.000,3579.000,3567.000,3518.000,3424.000,3243.000,3191.000
1649.920,4211.000,3987.000,3811.000,3777.000,3596.000,3580.000,3496.000,3429.000,3306.000,3255.000
1651.535,4157.000,4097.000,3895.000,3797.000,3639.000,3512.000,3481.000,3403.000,3319.000,3228.000
1653.152,4193.000,4018.000,3933.000,3834.000,3687.000,3627.000,3440.000,3499.000,3325.000,3232.000
1654.766,4186.000,4104.000,3888.000,3829.000,3736.000,3609.000,3528.000,3505.000,3331.000,3268.000
1656.382,4255.000,4074.000,3924.000,3830.000,3673.000,3626.000,3508.000,3523.000,3325.000,3290.000
1657.996,4242.000,4105.000,3892.000,3870.000,3644.000,3663.000,3565.000,3587.000,3355.000,3327.000
1659.609,4237.000,4064.000,3997.000,3957.000,3704.000,3676.000,3593.000,3565.000,3403.000,3337.000
1661.224,4301.000,4126.000,3969.000,3903.000,3695.000,3639.000,3555.000,3553.000,3410.000,3337.000
1662.837,4201.000,4046.000,3950.000,3871.000,3672.000,3605.000,3495.000,3577.000,3379.000,3243.000
1664.451,4231.000,4093.000,3956.000,3861.000,3691.000,3544.000,3544.000,3483.000,3365.000,3188.000
1666.063,4165.000,4014.000,3953.000,3799.000,3686.000,3648.000,3529.000,3464.000,3311.000,3246.000
1667.675,4188.000,4049.000,3958.000,3820.000,3654.000,3588.000,3506.000,3476.000,3387.000,3243.000
1669.289,4133.000,4004.000,3856.000,3781.000,3648.000,3574.000,3541.000,3483.000,3303.000,3191.000
1670.900,4100.000,3987.000,3867.000,3799.000,3615.000,3542.000,3489.000,3431.000,3302.000,3184.000
1672.513,4132.000,3992.000,3871.000,3744.000,3572.000,3527.000,3437.000,3368.000,3225.000,3220.000
1674.124,4106.000,3889.000,3806.000,3703.000,3578.000,3397.000,3334.000,3369.000,3248.000,3170.000
1675.734,4076.000,3974.000,3798.000,3677.000,3530.000,3429.000,3375.000,3386.000,3215.000,3142.000
1677.346,4050.000,3974.000,3782.000,3656.000,3527.000,3427.000,3391.000,3356.000,3247.000,3166.000
1678.956,4049.000,3888.000,3855.000,3725.000,3520.000,3495.000,3393.000,3396.000,3247.000,3138.000
1680.567,4068.000,3960.000,3837.000,3681.000,3527.000,3488.000,3385.000,3418.000,3227.000,3099.000
1682.176,3995.000,3895.000,3785.000,3686.000,3511.000,3456.000,3337.000,3363.000,3247.000,3104.000
1683.785,4058.000,3883.000,3891.000,3691.000,3508.000,3392.000,3430.000,3320.000,3190.000,3088.000
1685.395,4012.000,3907.000,3762.000,3627.000,3470.000,3478.000,3351.000,3266.000,3174.000,3050.000
1687.004,3987.000,3863.000,3672.000,3671.000,3429.000,3426.000,3373.000,3269.000,3089.000,3053.000
1688.613,4020.000,3874.000,3734.000,3587.000,3514.000,3418.000,3256.000,3343.000,3175.000,3069.000
1690.221,4045.000,3932.000,3818.000,3664.000,3570.000,3392.000,3353.000,3344.000,3168.000,3143.000
1691.829,3997.000,3916.000,3750.000,3662.000,3480.000,3377.000,3282.000,3296.000,3123.000,3141.000
1693.437,4010.000,3896.000,3746.000,3674.000,3472.000,3433.000,3317.000,3316.000,3139.000,3045.000
1695.044,4031.000,3854.000,3779.000,3617.000,3486.000,3421.000,3280.000,3293.000,3129.000,3086.000
1696.652,3865.000,3894.000,3694.000,3606.000,3426.000,3420.000,3286.000,3272.000,3121.000,3057.000
1698.259,3906.000,3821.000,3632.000,3686.000,3453.000,3431.000,3320.000,3289.000,3079.000,3116.000
1699.864,3973.000,3860.000,3730.000,3650.000,3473.000,3405.000,3225.000,3315.000,3160.000,3066.000
1701.472,4071.000,3856.000,3687.000,3651.000,3501.000,3402.000,3376.000,3283.000,3184.000,3047.000
1703.077,3987.000,3891.000,3713.000,3572.000,3490.000,3413.000,3281.000,3296.000,3168.000,3066.000
1704.684,4095.000,3901.000,3721.000,3603.000,3457.000,3482.000,3267.000,3315.000,3100.000,3065.000
1706.288,4008.000,3905.000,3716.000,3643.000,3448.000,3384.000,3291.000,3298.000,3089.000,3068.000
1707.893,4029.000,3901.000,3711.000,3665.000,3545.000,3411.000,3263.000,3252.000,3127.000,3095.000
1709.499,3931.000,3819.000,3749.000,3600.000,3462.000,3443.000,3298.000,3254.000,3074.000,3040.000
1711.102,3952.000,3906.000,3716.000,3627.000,3483.000,3349.000,3320.000,3288.000,3163.000,3047.000
1712.708,4028.000,3889.000,3742.000,3655.000,3479.000,3342.000,3304.000,3302.000,3108.000,3076.000
1714.311,4032.000,3873.000,3794.000,3701.000,3492.000,3434.000,3341.000,3366.000,3162.000,3051.000
1715.914,4036.000,3972.000,3808.000,3689.000,3509.000,3362.000,3371.000,3274.000,3204.000,3100.000
1717.518,3972.000,3880.000,3737.000,3680.000,3542.000,3405.000,3358.000,3265.000,3179.000,3088.000
1719.120,3990.000,3946.000,3743.000,3639.000,3465.000,3414.000,3381.000,3337.000,3170.000,3069.000
1720.724,4041.000,3861.000,3739.000,3651.000,3443.000,3374.000,3321.000,3279.000,3121.000,3050.000
1722.326,3925.000,3835.000,3703.000,3578.000,3467.000,3366.000,3261.000,3290.000,3145.000,3056.000
1723.927,4033.000,3884.000,3806.000,3663.000,3527.000,3418.000,3362.000,3261.000,3110.000,3036.000
1725.530,4063.000,3922.000,3748.000,3719.000,3505.000,3429.000,3291.000,3328.000,3193.000,3107.000
1727.131,4073.000,3916.000,3815.000,3607.000,3497.000,3390.000,3324.000,3291.000,3174.000,3123.000
1728.733,4046.000,3878.000,3740.000,3679.000,3437.000,3389.000,3339.000,3311.000,3128.000,3063.000
1730.333,4075.000,3912.000,3767.000,3643.000,3469.000,3378.000,3360.000,3309.000,3147.000,3071.000
1731.933,4091.000,3865.000,3742.000,3691.000,3476.000,3340.000,3357.000,3259.000,3194.000,3068.000
1733.534,4022.000,3895.000,3775.000,3663.000,3502.000,3334.000,3326.000,3342.000,3124.000,3123.000
1735.133,4030.000,3939.000,3776.000,3605.000,3509.000,3401.000,3332.000,3350.000,3135.000,3047.000
1736.734,4058.000,3868.000,3769.000,3713.000,3524.000,3405.000,3328.000,3309.000,3140.000,3096.000
1738.333,4058.000,3841.000,3800.000,3689.000,3564.000,3401.000,3336.000,3304.000,3167.000,3072.000
1739.931,4021.000,3920.000,3797.000,3676.000,3539.000,3369.000,3337.000,3299.000,3198.000,3051.000
1741.531,4029.000,3890.000,3711.000,3639.000,3509.000,3433.000,3335.000,3282.000,3142.000,3055.000
1743.129,4010.000,3885.000,3796.000,3643.000,3526.000,3373.000,3292.000,3299.000,3149.000,3091.000
1744.728,4013.000,3871.000,3738.000,3645.000,3521.000,3419.000,3348.000,3289.000,3178.000,3093.000
1746.325,4064.000,3977.000,3746.000,3658.000,3549.000,3403.000,3414.000,3268.000,3189.000,3067.000
1747.922,4007.000,3901.000,3725.000,3698.000,3553.000,3356.000,3332.000,3271.000,3167.000,3111.000
1749.520,4067.000,3966.000,3825.000,3714.000,3516.000,3424.000,3304.000,3298.000,3194.000,3108.000
1751.116,4063.000,3936.000,3778.000,3696.000,3462.000,3413.000,3419.000,3315.000,3125.000,3115.000
1752.714,4027.000,3866.000,3720.000,3630.000,3519.000,3391.000,3396.000,3332.000,3132.000,3052.000
1754.310,4036.000,3869.000,3800.000,3661.000,3519.000,3414.000,3301.000,3226.000,3128.000,3026.000
1755.905,4064.000,3878.000,3742.000,3691.000,3491.000,3474.000,3349.000,3356.000,3199.000,3031.000
1757.502,4057.000,3919.000,3785.000,3636.000,3573.000,3434.000,3366.000,3386.000,3161.000,3088.000
1759.097,4010.000,3932.000,3771.000,3694.000,3535.000,3482.000,3308.000,3297.000,3162.000,3062.000
1760.693,4128.000,3839.000,3826.000,3699.000,3491.000,3505.000,3371.000,3327.000,3194.000,3076.000
1762.287,4071.000,3888.000,3734.000,3676.000,3499.000,3371.000,3353.000,3328.000,3138.000,3140.000
1763.881,4111.000,3879.000,3803.000,3699.000,3506.000,3386.000,3381.000,3317.000,3167.000,3062.000
1765.476,4063.000,3822.000,3747.000,3663.000,3534.000,3389.000,3318.000,3316.000,3230.000,3080.000
1767.070,4012.000,3922.000,3754.000,3675.000,3479.000,3339.000,3421.000,3327.000,3144.000,3105.000
1768.664,4015.000,3893.000,3853.000,3719.000,3492.000,3430.000,3358.000,3315.000,3129.000,3051.000
1770.257,4052.000,3902.000,3784.000,3744.000,3470.000,3441.000,3396.000,3337.000,3125.000,3089.000
1771.849,4015.000,3977.000,3766.000,3654.000,3505.000,3427.000,3401.000,3363.000,3201.000,3107.000
1773.443,4081.000,3914.000,3734.000,3733.000,3577.000,3473.000,3374.000,3339.000,3158.000,3055.000
1775.035,4041.000,3913.000,3750.000,3693.000,3492.000,3461.000,3336.000,3304.000,3172.000,3152.000
1776.628,4030.000,3852.000,3741.000,3702.000,3461.000,3349.000,3403.000,3319.000,3157.000,3104.000
1778.219,4030.000,3907.000,3787.000,3665.000,3473.000,3421.000,3301.000,3333.000,3164.000,3065.000
1779.810,3920.000,3895.000,3798.000,3729.000,3423.000,3413.000,3393.000,3311.000,3129.000,3114.000
1781.403,4070.000,3888.000,3771.000,3699.000,3555.000,3437.000,3389.000,3355.000,3182.000,3046.000
1782.993,4124.000,3969.000,3753.000,3708.000,3468.000,3452.000,3350.000,3358.000,3175.000,3108.000
1784.585,4020.000,3935.000,3787.000,3670.000,3544.000,3413.000,3299.000,3358.000,3157.000,3067.000
1786.174,4065.000,3903.000,3749.000,3663.000,3486.000,3350.000,3340.000,3306.000,3183.000,3164.000
1787.764,4019.000,3839.000,3726.000,3705.000,3515.000,3385.000,3335.000,3334.000,3155.000,3089.000
1789.355,4047.000,3877.000,3692.000,3627.000,3486.000,3391.000,3311.000,3321.000,3161.000,3028.000
1790.944,3985.000,3845.000,3705.000,3680.000,3480.000,3396.000,3401.000,3317.000,3156.000,3101.000
1792.534,4081.000,3921.000,3722.000,3692.000,3484.000,3396.000,3345.000,3341.000,3104.000,3068.000
1794.122,4094.000,3933.000,3724.000,3731.000,3548.000,3364.000,3388.000,3327.000,3239.000,3063.000
1795.710,4077.000,3957.000,3761.000,3653.000,3547.000,3397.000,3349.000,3286.000,3207.000,3058.000
1797.299,4095.000,3910.000,3778.000,3792.000,3508.000,3448.000,3411.000,3349.000,3196.000,3052.000
1798.887,4086.000,3893.000,3781.000,3750.000,3510.000,3444.000,3314.000,3351.000,3177.000,3077.000
1800.475,4049.000,3872.000,3769.000,3616.000,3510.000,3327.000,3313.000,3380.000,3166.000,3147.000
1802.062,4015.000,3911.000,3733.000,3678.000,3542.000,3445.000,3378.000,3358.000,3174.000,3063.000
1803.649,4055.000,3921.000,3845.000,3711.000,3486.000,3462.000,3371.000,3294.000,3177.000,3152.000
1805.236,4096.000,3958.000,3783.000,3664.000,3550.000,3413.000,3369.000,3358.000,3235.000,3109.000
1806.822,4061.000,3877.000,3854.000,3705.000,3581.000,3423.000,3367.000,3323.000,3174.000,3126.000
1808.410,4049.000,3934.000,3818.000,3647.000,3590.000,3451.000,3414.000,3400.000,3165.000,3041.000
1809.995,4075.000,3934.000,3743.000,3809.000,3525.000,3447.000,3362.000,3329.000,3214.000,3103.000
1811.582,4071.000,3974.000,3723.000,3724.000,3512.000,3445.000,3394.000,3314.000,3184.000,3099.000
1813.166,4037.000,3982.000,3819.000,3725.000,3514.000,3443.000,3397.000,3356.000,3138.000,3157.000
1814.751,4048.000,3876.000,3814.000,3749.000,3528.000,3460.000,3424.000,3371.000,3246.000,3115.000
1816.336,4064.000,3957.000,3858.000,3747.000,3529.000,3437.000,3399.000,3378.000,3236.000,3115.000
1817.920,4144.000,3931.000,3799.000,3661.000,3558.000,3428.000,3418.000,3382.000,3188.000,3134.000
1819.505,4109.000,3983.000,3847.000,3717.000,3598.000,3509.000,3413.000,3394.000,3193.000,3137.000
1821.089,4112.000,3844.000,3806.000,3799.000,3568.000,3491.000,3364.000,3417.000,3199.000,3114.000
1822.671,4035.000,3950.000,3845.000,3768.000,3522.000,3458.000,3445.000,3322.000,3220.000,3095.000
1824.256,4117.000,3927.000,3889.000,3723.000,3602.000,3486.000,3358.000,3389.000,3247.000,3100.000
1825.838,4116.000,3931.000,3758.000,3723.000,3535.000,3529.000,3386.000,3359.000,3205.000,3090.000
1827.422,4070.000,4002.000,3821.000,3719.000,3551.000,3531.000,3368.000,3450.000,3164.000,3147.000
1829.004,4093.000,3966.000,3879.000,3814.000,3556.000,3505.000,3427.000,3386.000,3203.000,3144.000
1830.585,4064.000,4071.000,3869.000,3714.000,3597.000,3550.000,3406.000,3404.000,3259.000,3151.000
1832.168,4137.000,4056.000,3841.000,3786.000,3593.000,3447.000,3417.000,3418.000,3202.000,3147.000
1833.749,4136.000,3939.000,3896.000,3763.000,3630.000,3490.000,3368.000,3357.000,3225.000,3114.000
1835.331,4107.000,4031.000,3822.000,3688.000,3600.000,3442.000,3355.000,3395.000,3124.000,3121.000
1836.911,4108.000,4008.000,3863.000,3744.000,3549.000,3520.000,3447.000,3394.000,3239.000,3114.000
1838.491,4112.000,3961.000,3822.000,3736.000,3554.000,3489.000,3424.000,3396.000,3248.000,3164.000
1840.072,4135.000,4014.000,3880.000,3795.000,3649.000,3491.000,3428.000,3405.000,3255.000,3179.000
1841.652,4135.000,3990.000,3879.000,3811.000,3591.000,3468.000,3447.000,3438.000,3238.000,3201.000
1843.233,4179.000,3981.000,3829.000,3806.000,3588.000,3553.000,3421.000,3419.000,3233.000,3178.000
1844.811,4128.000,3988.000,3836.000,3770.000,3594.000,3527.000,3404.000,3418.000,3172.000,3177.000
1846.390,4095.000,3987.000,3850.000,3738.000,3577.000,3530.000,3458.000,3446.000,3213.000,3131.000
1847.970,4153.000,3951.000,3855.000,3819.000,3549.000,3568.000,3395.000,3412.000,3234.000,3197.000
1849.548,4221.000,3923.000,3913.000,3818.000,3536.000,3530.000,3422.000,3388.000,3270.000,3197.000
1851.127,4103.000,4022.000,3939.000,3786.000,3630.000,3463.000,3445.000,3397.000,3248.000,3165.000
1852.704,4211.000,4035.000,3923.000,3800.000,3613.000,3470.000,3468.000,3388.000,3246.000,3157.000
1854.281,4180.000,4048.000,3869.000,3798.000,3570.000,3538.000,3470.000,3462.000,3238.000,3223.000
1855.860,4223.000,3997.000,3892.000,3776.000,3615.000,3531.000,3550.000,3447.000,3260.000,3168.000
1857.436,4131.000,3958.000,3870.000,3711.000,3611.000,3499.000,3423.000,3411.000,3219.000,3179.000
1859.014,4207.000,4044.000,3908.000,3825.000,3665.000,3487.000,3373.000,3464.000,3235.000,3203.000
1860.590,4155.000,3989.000,3866.000,3839.000,3661.000,3556.000,3451.000,3438.000,3261.000,3241.000
1862.165,4194.000,4042.000,3903.000,3819.000,3639.000,3579.000,3554.000,3411.000,3248.000,3155.000
1863.742,4210.000,4061.000,3918.000,3876.000,3669.000,3535.000,3492.000,3501.000,3247.000,3224.000
1865.317,4159.000,4004.000,3937.000,3821.000,3717.000,3605.000,3495.000,3449.000,3196.000,3214.000
1866.894,4219.000,4033.000,3931.000,3755.000,3631.000,3584.000,3466.000,3405.000,3277.000,3219.000
1868.468,4201.000,3982.000,3894.000,3805.000,3614.000,3608.000,3476.000,3425.000,3246.000,3164.000
1870.042,4155.000,4056.000,3904.000,3833.000,3549.000,3514.000,3450.000,3454.000,3307.000,3252.000
1871.617,4161.000,4092.000,3894.000,3839.000,3653.000,3600.000,3532.000,3449.000,3286.000,3172.000
1873.191,4141.000,4073.000,3842.000,3809.000,3639.000,3534.000,3477.000,3387.000,3269.000,3239.000
1874.766,4201.000,4103.000,3885.000,3820.000,3687.000,3514.000,3493.000,3519.000,3231.000,3167.000
1876.339,4260.000,4071.000,3896.000,3813.000,3648.000,3560.000,3470.000,3498.000,3328.000,3178.000
1877.911,4250.000,4114.000,3897.000,3830.000,3616.000,3544.000,3519.000,3452.000,3335.000,3227.000
1879.485,4203.000,4050.000,3994.000,3782.000,3652.000,3527.000,3419.000,3463.000,3290.000,3241.000
1881.057,4266.000,4037.000,3897.000,3811.000,3597.000,3544.000,3442.000,3440.000,3304.000,3130.000
1882.631,4200.000,4060.000,3868.000,3806.000,3646.000,3520.000,3523.000,3409.000,3297.000,3205.000
1884.202,4179.000,4009.000,3902.000,3830.000,3649.000,3606.000,3507.000,3473.000,3304.000,3191.000
1885.773,4231.000,4045.000,3940.000,3850.000,3675.000,3547.000,3519.000,3500.000,3346.000,3246.000
1887.346,4203.000,4127.000,3896.000,3822.000,3717.000,3593.000,3514.000,3472.000,3286.000,3270.000
1888.917,4194.000,4042.000,3867.000,3831.000,3706.000,3503.000,3529.000,3464.000,3310.000,3280.000
1890.489,4202.000,4019.000,3963.000,3848.000,3721.000,3580.000,3437.000,3476.000,3388.000,3262.000
1892.058,4150.000,4096.000,3901.000,3837.000,3667.000,3569.000,3514.000,3468.000,3619.000,3152.000
1893.628,4191.000,4042.000,3888.000,3829.000,3646.000,3551.000,3502.000,3493.000,3289.000,3234.000
1895.199,4215.000,4099.000,3917.000,3844.000,3675.000,3607.000,3496.000,3520.000,3286.000,3190.000
1896.768,4183.000,4137.000,3912.000,3903.000,3656.000,3618.000,3526.000,3505.000,3296.000,3222.000
1898.339,4192.000,4125.000,3955.000,3795.000,3701.000,3606.000,3470.000,3491.000,3346.000,3243.000
1899.907,4218.000,3996.000,3914.000,3884.000,3708.000,3565.000,3555.000,3436.000,3349.000,3246.000
1901.476,4217.000,4161.000,3975.000,3823.000,3718.000,3614.000,3485.000,3493.000,3317.000,3195.000
1903.045,4238.000,4079.000,3939.000,3793.000,3652.000,3633.000,3518.000,3488.000,3271.000,3231.000
1904.613,4227.000,4085.000,4016.000,3868.000,3664.000,3529.000,3529.000,3474.000,3256.000,3206.000
1906.182,4203.000,4096.000,3896.000,3864.000,3691.000,3578.000,3444.000,3439.000,3285.000,3218.000
1907.749,4204.000,4074.000,4025.000,3827.000,3668.000,3563.000,3509.000,3499.000,3328.000,3267.000
1909.316,4300.000,4064.000,4019.000,3847.000,3663.000,3560.000,3510.000,3533.000,3310.000,3233.000
1910.884,4221.000,4074.000,3962.000,3808.000,3704.000,3619.000,3513.000,3519.000,3420.000,3267.000
1912.450,4216.000,4047.000,3974.000,3914.000,3668.000,3577.000,3500.000,3454.000,3320.000,3209.000
1914.018,4207.000,4103.000,3938.000,3855.000,3643.000,3585.000,3490.000,3466.000,3298.000,3229.000
1915.583,4239.000,4079.000,3876.000,3851.000,3690.000,3572.000,3468.000,3432.000,3327.000,3239.000
1917.149,4223.000,4059.000,3950.000,3834.000,3650.000,3590.000,3537.000,3500.000,3331.000,3289.000
1918.716,4258.000,4173.000,3941.000,3907.000,3744.000,3593.000,3535.000,3449.000,3340.000,3221.000
1920.280,4187.000,4075.000,4052.000,3883.000,3751.000,3514.000,3610.000,3531.000,3344.000,3297.000
1921.846,4260.000,4071.000,3956.000,3896.000,3657.000,3614.000,3531.000,3487.000,3334.000,3257.000
1923.411,4229.000,4170.000,3944.000,3887.000,3733.000,3628.000,3523.000,3496.000,3347.000,3307.000
1924.974,4221.000,4077.000,3923.000,3857.000,3619.000,3589.000,3495.000,3498.000,3297.000,3217.000
1926.540,4197.000,4053.000,3972.000,3805.000,3687.000,3585.000,3546.000,3482.000,3285.000,3251.000
1928.103,4239.000,4183.000,3967.000,3955.000,3726.000,3580.000,3519.000,3496.000,3354.000,3299.000
1929.668,4290.000,4116.000,3918.000,3896.000,3585.000,3623.000,3546.000,3456.000,3387.000,3224.000
1931.230,4278.000,4109.000,3950.000,3834.000,3767.000,3620.000,3560.000,3500.000,3367.000,3251.000
1932.793,4295.000,4084.000,3973.000,3839.000,3672.000,3609.000,3572.000,3536.000,3370.000,3267.000
1934.357,4299.000,4150.000,3993.000,3937.000,3701.000,3666.000,3567.000,3492.000,3385.000,3248.000
1935.919,4300.000,4135.000,3979.000,3825.000,3785.000,3589.000,3466.000,3498.000,3392.000,3249.000
1937.482,4270.000,4102.000,3977.000,3909.000,3667.000,3614.000,3522.000,3511.000,3348.000,3243.000
1939.043,4296.000,4091.000,3965.000,3889.000,3677.000,3618.000,3579.000,3527.000,3315.000,3257.000
1940.606,4257.000,4134.000,3951.000,3880.000,3687.000,3610.000,3500.000,3533.000,3363.000,3289.000
1942.166,4254.000,4167.000,4013.000,3912.000,3750.000,3653.000,3592.000,3555.000,3384.000,3292.000
1943.727,4338.000,4125.000,4009.000,3855.000,3753.000,3615.000,3569.000,3641.000,3407.000,3351.000
1945.289,4325.000,4172.000,3997.000,3887.000,3768.000,3671.000,3590.000,3551.000,3402.000,3290.000
1946.848,4272.000,4141.000,3986.000,3960.000,3728.000,3665.000,3538.000,3549.000,3329.000,3299.000
1948.410,4373.000,4145.000,3998.000,3884.000,3716.000,3646.000,3584.000,3516.000,3370.000,3274.000
1949.969,4348.000,4179.000,3975.000,3846.000,3802.000,3642.000,3588.000,3606.000,3380.000,3239.000
1951.528,4289.000,4217.000,4001.000,3947.000,4085.000,3710.000,3569.000,3564.000,3367.000,3355.000
1953.088,4330.000,4140.000,4057.000,3995.000,3756.000,3579.000,3576.000,3565.000,3370.000,3364.000
1954.647,4322.000,4188.000,4078.000,3951.000,3848.000,3669.000,3571.000,3594.000,3365.000,3356.000
1956.206,4338.000,4131.000,3977.000,3972.000,3801.000,3667.000,3634.000,3600.000,3352.000,3280.000
1957.764,4304.000,4239.000,4030.000,3935.000,3731.000,3630.000,3557.000,3614.000,3386.000,3260.000
1959.322,4374.000,4155.000,4052.000,3925.000,3804.000,3681.000,3537.000,3571.000,3421.000,3348.000
1960.881,4290.000,4267.000,3992.000,3912.000,3822.000,3672.000,3644.000,3620.000,3385.000,3286.000
1962.438,4304.000,4240.000,4103.000,3946.000,3767.000,3756.000,3564.000,3608.000,3385.000,3296.000
1963.996,4326.000,4186.000,4124.000,4051.000,3769.000,3638.000,3601.000,3603.000,3416.000,3317.000
1965.552,4363.000,4252.000,4104.000,4018.000,3826.000,3688.000,3592.000,3618.000,3410.000,3263.000
1967.108,4374.000,4157.000,4021.000,3949.000,3814.000,3700.000,3626.000,3614.000,3429.000,3383.000
1968.666,4328.000,4206.000,4098.000,3958.000,3828.000,3676.000,3622.000,3657.000,3429.000,3331.000
1970.221,4328.000,4168.000,4093.000,3995.000,3741.000,3726.000,3669.000,3623.000,3456.000,3368.000
1971.778,4302.000,4174.000,4098.000,3987.000,3778.000,3654.000,3634.000,3669.000,3419.000,3398.000
1973.333,4368.000,4244.000,4080.000,3979.000,3839.000,3736.000,3689.000,3671.000,3485.000,3362.000
1974.888,4342.000,4268.000,4031.000,4017.000,3811.000,3812.000,3651.000,3608.000,3395.000,3360.000
1976.444,4369.000,4266.000,4126.000,3986.000,3807.000,3716.000,3688.000,3664.000,3482.000,3373.000
1977.998,4468.000,4278.000,4091.000,4113.000,3795.000,3698.000,3681.000,3688.000,3436.000,3373.000
1979.553,4416.000,4248.000,4178.000,3965.000,3880.000,3712.000,3666.000,3652.000,3486.000,3418.000
1981.107,4440.000,4223.000,4069.000,4057.000,3867.000,3734.000,3691.000,3628.000,3530.000,3373.000
1982.660,4394.000,4276.000,4086.000,4007.000,3886.000,3743.000,3689.000,3676.000,3444.000,3405.000
1984.215,4368.000,4300.000,4183.000,4038.000,3802.000,3782.000,3697.000,3649.000,3498.000,3421.000
1985.767,4478.000,4336.000,4158.000,4015.000,3888.000,3806.000,3699.000,3707.000,3533.000,3431.000
1987.321,4406.000,4306.000,4114.000,4088.000,3890.000,3792.000,3679.000,3694.000,3483.000,3414.000
1988.873,4401.000,4295.000,4146.000,4030.000,3857.000,3802.000,3701.000,3621.000,3513.000,3449.000
1990.425,4468.000,4262.000,4146.000,4019.000,3952.000,3778.000,3764.000,3681.000,3482.000,3467.000
1991.978,4483.000,4326.000,4244.000,4110.000,3985.000,3788.000,3723.000,3731.000,3498.000,3484.000
1993.529,4567.000,4374.000,4209.000,4159.000,3915.000,3804.000,3744.000,3778.000,3547.000,3433.000
1995.082,4477.000,4331.000,4124.000,4131.000,3868.000,3872.000,3730.000,3689.000,3541.000,3439.000
1996.633,4566.000,4327.000,4176.000,4147.000,3942.000,3873.000,3706.000,4603.000,3537.000,3499.000
1998.183,4500.000,4340.000,4171.000,4073.000,3935.000,5807.000,3761.000,3822.000,3529.000,3438.000
1999.735,4546.000,4385.000,4158.000,4086.000,3948.000,3879.000,3786.000,3758.000,3625.000,3436.000
2001.284,4507.000,4384.000,4241.000,4155.000,3989.000,3904.000,3794.000,3852.000,3570.000,3504.000
2002.836,4499.000,4415.000,4198.000,4136.000,3955.000,3866.000,3812.000,3840.000,3535.000,3498.000
2004.385,4531.000,4394.000,4157.000,4124.000,3989.000,3875.000,3735.000,3783.000,3549.000,3450.000
2005.934,4506.000,4348.000,4228.000,4154.000,3998.000,3893.000,3741.000,3795.000,3625.000,3541.000
2007.484,4575.000,4364.000,4274.000,4125.000,3989.000,3848.000,3811.000,3767.000,3623.000,3565.000
2009.032,4556.000,4496.000,4262.000,4208.000,4015.000,3884.000,3795.000,3807.000,3664.000,3496.000
2010.582,4531.000,4454.000,4304.000,4187.000,4027.000,3874.000,3869.000,3808.000,3640.000,3565.000
2012.130,4594.000,4448.000,4316.000,4234.000,3982.000,3927.000,3825.000,3864.000,3652.000,3509.000
2013.677,4587.000,4411.000,4341.000,4257.000,4056.000,3987.000,3852.000,3838.000,3676.000,3595.000
2015.226,4667.000,4526.000,4343.000,4231.000,4157.000,3982.000,3808.000,3903.000,3667.000,3595.000
2016.773,4646.000,4524.000,4324.000,4234.000,4095.000,4022.000,3889.000,3852.000,3660.000,3667.000
2018.321,4693.000,4583.000,4411.000,4282.000,4085.000,4039.000,3934.000,3876.000,3738.000,3617.000
2019.868,4651.000,4549.000,4350.000,4242.000,4172.000,4297.000,3957.000,3897.000,3701.000,3653.000
2021.414,4724.000,4592.000,4379.000,4303.000,4154.000,4032.000,3967.000,4280.000,3737.000,3609.000
2022.961,4733.000,4600.000,4406.000,4395.000,4123.000,4062.000,3945.000,4025.000,3794.000,3667.000
2024.506,4774.000,4646.000,4457.000,4427.000,4211.000,4911.000,3980.000,4030.000,3895.000,3746.000
2026.053,4762.000,4677.000,4547.000,4396.000,4258.000,4119.000,4037.000,4027.000,3889.000,3744.000
2027.598,4797.000,4705.000,4485.000,4429.000,4234.000,7333.000,4057.000,4007.000,3888.000,3783.000
