282.050,7936.000,7010.000,6452.000,5983.000,5652.000,5398.000,5072.000,4901.000,4661.000,4474.000
283.933,8020.000,7063.000,6538.000,5923.000,5612.000,5390.000,5063.000,4855.000,4676.000,4538.000
285.818,7915.000,6993.000,6282.000,5818.000,5566.000,5257.000,4997.000,4846.000,4592.000,4383.000
287.700,7810.000,6946.000,6318.000,5891.000,5554.000,5235.000,5006.000,4796.000,4621.000,4404.000
289.584,8014.000,7023.000,6370.000,5823.000,5563.000,5341.000,4992.000,4785.000,4561.000,4375.000
291.465,7940.000,6951.000,6404.000,5861.000,5548.000,5379.000,5040.000,4852.000,4601.000,4457.000
293.346,8162.000,7084.000,6331.000,5939.000,5621.000,5253.000,5001.000,4895.000,4633.000,4472.000
295.229,8021.000,6976.000,6233.000,5889.000,5458.000,5211.000,4904.000,4717.000,4551.000,4320.000
297.109,7751.000,6841.000,6211.000,5732.000,5426.000,5180.000,4862.000,4664.000,4458.000,4303.000
298.991,7787.000,6796.000,6185.000,5734.000,5398.000,5098.000,4841.000,4702.000,4460.000,4308.000
300.870,7850.000,6745.000,6154.000,5763.000,5336.000,5210.000,4921.000,4677.000,4474.000,4331.000
302.749,8091.000,6989.000,6207.000,5866.000,5461.000,5220.000,4951.000,4735.000,4425.000,4344.000
304.630,7969.000,6932.000,6175.000,5755.000,5463.000,5293.000,4929.000,4760.000,4573.000,4270.000
306.508,7972.000,6857.000,6267.000,5774.000,5497.000,5125.000,4827.000,4713.000,4467.000,4311.000
308.388,7833.000,6829.000,6131.000,5748.000,5395.000,5120.000,4838.000,4653.000,4469.000,4294.000
310.266,7908.000,6806.000,6039.000,5690.000,5319.000,5004.000,4795.000,4577.000,4404.000,4268.000
312.143,7940.000,6941.000,6206.000,5706.000,5389.000,5184.000,4838.000,4581.000,4412.000,4280.000
314.022,8105.000,6986.000,6276.000,5851.000,5483.000,5225.000,4913.000,4740.000,4495.000,4335.000
315.898,8042.000,6982.000,6299.000,5862.000,5554.000,5254.000,4891.000,4729.000,4473.000,4318.000
317.776,8039.000,6906.000,6208.000,5887.000,5449.000,5180.000,4857.000,4617.000,4518.000,4313.000
319.652,7869.000,6824.000,6147.000,5744.000,5434.000,5136.000,4788.000,4605.000,4452.000,4276.000
321.527,7872.000,6823.000,6163.000,5688.000,5439.000,5053.000,4731.000,4541.000,4452.000,4263.000
323.404,7885.000,6789.000,6122.000,5688.000,5355.000,5178.000,4870.000,4616.000,4399.000,4278.000
325.279,8159.000,6902.000,6280.000,5823.000,5426.000,5220.000,4890.000,4769.000,4469.000,4356.000
327.155,8053.000,6977.000,6292.000,5843.000,5483.000,5302.000,4963.000,4803.000,4480.000,4390.000
329.029,8111.000,6922.000,6271.000,5772.000,5477.000,5163.000,4939.000,4686.000,4493.000,4282.000
330.902,8013.000,6818.000,6241.000,5820.000,5474.000,5173.000,4802.000,4726.000,4443.000,4254.000
332.777,7988.000,6836.000,6178.000,5842.000,5444.000,5178.000,4839.000,4528.000,4384.000,4245.000
334.650,8060.000,6983.000,6338.000,5833.000,5384.000,5123.000,4773.000,4610.000,4413.000,4327.000
336.524,8147.000,7039.000,6397.000,5858.000,5540.000,5306.000,4925.000,4720.000,4481.000,4313.000
338.396,8187.000,7023.000,6368.000,5904.000,5484.000,5220.000,4921.000,4723.000,4494.000,4314.000
340.267,8077.000,6989.000,6340.000,5747.000,5443.000,5249.000,4861.000,4681.000,4467.000,4319.000
342.140,8017.000,6911.000,6185.000,5731.000,5460.000,5073.000,4863.000,4654.000,4383.000,4325.000
344.011,7942.000,6858.000,6186.000,5696.000,5358.000,5122.000,4787.000,4497.000,4365.000,4202.000
345.883,8026.000,6899.000,6201.000,5746.000,5442.000,5144.000,4778.000,4637.000,4417.000,4256.000
347.753,8047.000,7034.000,6369.000,5732.000,5478.000,5221.000,4871.000,4608.000,4516.000,4307.000
349.623,8178.000,7069.000,6320.000,5837.000,5414.000,5277.000,4843.000,4716.000,4428.000,4282.000
351.494,8150.000,6984.000,6229.000,5706.000,5486.000,5199.000,4734.000,4601.000,4353.000,4281.000
353.363,8099.000,6922.000,6185.000,5731.000,5367.000,5164.000,4861.000,4585.000,4284.000,4232.000
355.233,7990.000,6779.000,6180.000,5712.000,5315.000,5109.000,4783.000,4567.000,4349.000,4120.000
357.101,8017.000,6886.000,6241.000,5790.000,5397.000,5095.000,4719.000,4539.000,4397.000,4225.000
358.969,8128.000,6968.000,6286.000,5840.000,5354.000,5200.000,4840.000,4621.000,4350.000,4277.000
360.838,8098.000,7086.000,6385.000,5850.000,5411.000,5193.000,4820.000,4571.000,4433.000,4254.000
362.705,8097.000,6805.000,6214.000,5789.000,5348.000,5230.000,4819.000,4600.000,4402.000,4206.000
364.574,8028.000,6944.000,6204.000,5699.000,5322.000,5119.000,4812.000,4545.000,4298.000,4237.000
366.440,7965.000,6941.000,6191.000,5715.000,5345.000,5090.000,4717.000,4544.000,4294.000,4053.000
368.306,8086.000,6886.000,6215.000,5722.000,5379.000,5047.000,4762.000,4523.000,4363.000,4223.000
370.173,8224.000,7027.000,6269.000,5805.000,5433.000,5118.000,4886.000,4613.000,4422.000,4221.000
372.038,8113.000,7043.000,6417.000,5787.000,5517.000,5182.000,4910.000,4639.000,4475.000,4264.000
373.905,8221.000,6995.000,6347.000,5866.000,5458.000,5132.000,4846.000,4536.000,4342.000,4221.000
375.769,8025.000,6943.000,6247.000,5721.000,5340.000,5104.000,4763.000,4563.000,4370.000,4188.000
377.633,8101.000,6975.000,6261.000,5651.000,5346.000,5108.000,4776.000,4571.000,4322.000,4202.000
379.499,8056.000,6911.000,6300.000,5729.000,5355.000,5122.000,4806.000,4569.000,4369.000,4224.000
381.362,8277.000,7126.000,6351.000,5831.000,5562.000,5163.000,4869.000,4774.000,4382.000,4304.000
383.226,8322.000,7160.000,6395.000,5800.000,5511.000,5225.000,4864.000,10559.000,4418.000,4312.000
385.089,8323.000,7188.000,6478.000,5798.000,5512.000,5195.000,4848.000,6144.000,4396.000,4266.000
386.951,8215.000,7049.000,6302.000,5761.000,5453.000,5236.000,4825.000,4682.000,4456.000,4205.000
388.815,8189.000,7043.000,6318.000,5833.000,5403.000,5202.000,4843.000,4576.000,4408.000,4258.000
390.676,8337.000,7108.000,6316.000,5885.000,5510.000,5112.000,4923.000,4601.000,4370.000,4300.000
392.539,8330.000,7189.000,6387.000,5928.000,5496.000,5243.000,4914.000,4690.000,4542.000,4305.000
394.399,8560.000,7232.000,6545.000,6031.000,5593.000,5290.000,4886.000,4784.000,4530.000,4376.000
396.261,8467.000,7258.000,6492.000,5945.000,5668.000,5377.000,4915.000,4740.000,4493.000,4303.000
398.121,8387.000,7354.000,6416.000,5898.000,5549.000,5262.000,4966.000,4683.000,4437.000,4314.000
399.980,8331.000,7063.000,6401.000,5932.000,5629.000,5324.000,5000.000,4685.000,4404.000,4269.000
401.841,8475.000,7197.000,6552.000,5968.000,5512.000,5308.000,4939.000,4761.000,4493.000,4403.000
403.700,8503.000,7380.000,6601.000,6115.000,5696.000,5377.000,5056.000,4809.000,4689.000,4436.000
405.560,8618.000,7472.000,6690.000,6147.000,5716.000,5392.000,5114.000,4903.000,4683.000,4449.000
407.418,8629.000,7363.000,6583.000,6146.000,5737.000,5452.000,5132.000,4855.000,4610.000,4448.000
409.276,8548.000,7362.000,6627.000,6063.000,5722.000,5457.000,5061.000,4890.000,4576.000,4411.000
411.135,8478.000,7272.000,6567.000,6071.000,5730.000,5434.000,5031.000,4749.000,4650.000,4385.000
412.991,8501.000,7371.000,6618.000,6159.000,5698.000,5351.000,5014.000,4917.000,4667.000,4408.000
414.850,8712.000,7498.000,6747.000,6195.000,5847.000,5542.000,5142.000,4959.000,4643.000,4529.000
416.706,8798.000,7570.000,6860.000,6230.000,5867.000,5539.000,5163.000,4951.000,4760.000,4513.000
418.561,8767.000,7598.000,6840.000,6168.000,5777.000,5537.000,5275.000,4966.000,4734.000,4544.000
420.419,8804.000,7610.000,6659.000,6217.000,5814.000,5512.000,5155.000,4907.000,4712.000,4510.000
422.274,8767.000,7580.000,6653.000,6145.000,5777.000,5527.000,5116.000,4805.000,4662.000,4478.000
424.130,8661.000,7449.000,6690.000,6098.000,5736.000,5396.000,5093.000,4887.000,4620.000,4459.000
425.984,8841.000,7601.000,6779.000,6241.000,5871.000,5560.000,5218.000,4956.000,4689.000,4568.000
427.838,8890.000,7743.000,6913.000,6295.000,5911.000,5598.000,5225.000,5025.000,4702.000,4584.000
429.693,8876.000,7661.000,6858.000,6235.000,5856.000,5548.000,5269.000,4959.000,4671.000,4634.000
431.546,8882.000,7566.000,6726.000,6191.000,5744.000,5478.000,5158.000,4957.000,4660.000,4475.000
433.401,8788.000,7546.000,6687.000,6211.000,5760.000,5500.000,5101.000,4817.000,4676.000,4473.000
435.253,8683.000,7379.000,6718.000,6175.000,5715.000,5458.000,5101.000,4828.000,4619.000,4455.000
437.105,8781.000,7590.000,6817.000,6290.000,5921.000,5543.000,5248.000,4950.000,4706.000,4545.000
438.959,8962.000,7668.000,6870.000,6248.000,5919.000,5622.000,5214.000,5007.000,4735.000,4530.000
440.810,8820.000,7643.000,6851.000,6281.000,5885.000,5565.000,5146.000,4959.000,4648.000,4498.000
442.662,9087.000,7664.000,6956.000,6319.000,5958.000,5579.000,5223.000,4913.000,4670.000,4521.000
444.513,8841.000,7576.000,6738.000,6235.000,5882.000,5498.000,5224.000,4928.000,4680.000,4481.000
446.363,8754.000,7675.000,6799.000,6144.000,5850.000,5479.000,5132.000,4901.000,4670.000,4544.000
448.215,8910.000,7696.000,6895.000,6288.000,5943.000,5518.000,5339.000,4935.000,4746.000,4505.000
450.064,9076.000,7913.000,6909.000,6436.000,6022.000,5691.000,5316.000,5048.000,4790.000,4652.000
451.915,9052.000,7748.000,6983.000,6404.000,5944.000,5728.000,5203.000,5054.000,4726.000,4600.000
453.763,9111.000,7809.000,6951.000,6463.000,6009.000,5655.000,5287.000,5041.000,4803.000,4611.000
455.611,8991.000,7615.000,6906.000,6322.000,5925.000,5612.000,5194.000,5010.000,4738.000,4528.000
457.461,8953.000,7660.000,6902.000,6281.000,5905.000,5702.000,5144.000,5015.000,4715.000,4557.000
459.308,9159.000,7794.000,7213.000,6425.000,5992.000,5610.000,5275.000,5046.000,4854.000,4632.000
461.158,9253.000,7953.000,10573.000,6614.000,6023.000,5731.000,5386.000,5077.000,4888.000,4698.000
463.004,9223.000,7942.000,8386.000,6454.000,6077.000,5620.000,5316.000,5076.000,4762.000,4649.000
464.850,9161.000,7852.000,7166.000,6399.000,5983.000,5752.000,5247.000,5108.000,4841.000,4572.000
466.698,9165.000,7865.000,6978.000,6309.000,6044.000,5668.000,5215.000,5010.000,4758.000,4640.000
468.544,9054.000,7768.000,7031.000,6370.000,5950.000,5661.000,5365.000,5011.000,4745.000,4586.000
470.391,9166.000,7813.000,6939.000,6455.000,6047.000,5676.000,5308.000,4999.000,4811.000,4688.000
472.236,9273.000,7929.000,7099.000,6580.000,6120.000,5793.000,5368.000,5072.000,4850.000,4675.000
474.080,9305.000,8050.000,7113.000,6462.000,6105.000,5786.000,5445.000,5103.000,4820.000,4759.000
475.926,9293.000,8075.000,7178.000,6542.000,6094.000,5781.000,5366.000,5158.000,4885.000,4758.000
477.770,9324.000,7898.000,7109.000,6609.000,6053.000,5763.000,5353.000,5105.000,4865.000,4660.000
479.615,9310.000,7883.000,6983.000,6867.000,6047.000,5676.000,5317.000,5136.000,4849.000,4625.000
481.458,9255.000,7928.000,7089.000,6527.000,6122.000,5716.000,5447.000,5142.000,4880.000,4735.000
483.301,9548.000,8180.000,7292.000,6646.000,6238.000,5862.000,5514.000,5229.000,4875.000,4801.000
485.145,9451.000,8202.000,7242.000,6717.000,6248.000,5899.000,5497.000,5281.000,5017.000,4798.000
486.987,9538.000,8047.000,7318.000,6713.000,6285.000,5961.000,5445.000,5224.000,5019.000,4815.000
488.830,9456.000,8190.000,7229.000,6643.000,6203.000,5920.000,5514.000,5278.000,5031.000,4833.000
490.671,9433.000,8034.000,7181.000,6539.000,6135.000,5879.000,5466.000,5221.000,4968.000,4772.000
492.512,9489.000,8137.000,7275.000,6724.000,6227.000,5906.000,5456.000,5219.000,4988.000,4893.000
494.354,9634.000,8379.000,7430.000,6811.000,6337.000,6076.000,5617.000,5359.000,5109.000,4884.000
496.194,9648.000,8193.000,7377.000,6722.000,6261.000,6035.000,5587.000,5306.000,5147.000,4940.000
498.036,9636.000,8332.000,7445.000,6758.000,6437.000,6087.000,5707.000,5403.000,5083.000,4904.000
499.875,9565.000,8195.000,7423.000,6770.000,6354.000,5969.000,5489.000,5345.000,5050.000,4906.000
501.714,9462.000,8081.000,7267.000,6686.000,6252.000,5958.000,5513.000,5210.000,5056.000,4907.000
503.555,9444.000,8164.000,7239.000,6731.000,6266.000,5922.000,5505.000,5223.000,5007.000,4861.000
505.393,9572.000,8261.000,7393.000,6774.000,6389.000,6012.000,5568.000,5445.000,5079.000,4904.000
507.232,9794.000,8300.000,7437.000,6785.000,6471.000,6055.000,5680.000,5428.000,5164.000,4918.000
509.070,9731.000,8244.000,7507.000,6834.000,6380.000,5984.000,5595.000,5410.000,5047.000,4902.000
510.907,9750.000,8262.000,7499.000,6773.000,6359.000,6030.000,5651.000,5429.000,5122.000,4895.000
512.745,9584.000,8248.000,7318.000,6707.000,6335.000,6038.000,5563.000,5288.000,5093.000,4837.000
514.582,9656.000,8270.000,7329.000,6694.000,6355.000,5992.000,5655.000,5328.000,5077.000,4914.000
516.420,9822.000,8435.000,7494.000,6837.000,6510.000,6116.000,5633.000,5395.000,5246.000,5009.000
518.255,9990.000,8465.000,7500.000,6999.000,6490.000,6101.000,5732.000,5480.000,5193.000,5073.000
520.090,9684.000,8453.000,7502.000,6876.000,6464.000,6144.000,5804.000,5411.000,5232.000,4997.000
521.927,9891.000,8440.000,7555.000,6952.000,6468.000,6183.000,5772.000,5527.000,5259.000,5093.000
523.762,9608.000,8493.000,7542.000,6928.000,6469.000,6128.000,5685.000,5471.000,5220.000,5031.000
525.598,9809.000,8368.000,7547.000,6856.000,6498.000,6167.000,5669.000,5417.000,5201.000,4943.000
527.431,9854.000,8573.000,7585.000,6990.000,6478.000,6212.000,5800.000,5506.000,5275.000,5048.000
529.265,10015.000,8576.000,7698.000,7087.000,6639.000,6296.000,5867.000,5592.000,5224.000,5172.000
531.100,10029.000,8619.000,7724.000,7096.000,6611.000,6267.000,5879.000,5559.000,5298.000,5123.000
532.932,10031.000,8555.000,7693.000,7166.000,6557.000,6310.000,5821.000,5583.000,5334.000,5177.000
534.766,9942.000,8497.000,7622.000,6991.000,6529.000,6136.000,5841.000,5500.000,5275.000,5015.000
536.598,9820.000,8511.000,7605.000,6941.000,6520.000,6077.000,5719.000,5476.000,5210.000,5024.000
538.430,10023.000,8580.000,7694.000,7100.000,6631.000,6262.000,5917.000,5574.000,5329.000,5127.000
540.263,10184.000,8680.000,7810.000,7094.000,6703.000,6318.000,5935.000,5556.000,5367.000,5109.000
542.094,10092.000,8648.000,7730.000,7147.000,6687.000,6313.000,5874.000,5665.000,5346.000,5216.000
543.926,10069.000,8694.000,7799.000,7107.000,6645.000,6299.000,5875.000,5600.000,5320.000,5149.000
545.756,10068.000,8552.000,7747.000,7030.000,6602.000,6267.000,5872.000,5574.000,5322.000,5087.000
547.586,9978.000,8508.000,7582.000,7062.000,6621.000,6259.000,5771.000,5601.000,5296.000,5020.000
549.417,10089.000,8592.000,7697.000,7014.000,6587.000,6215.000,5827.000,5492.000,5218.000,5030.000
551.246,10310.000,8663.000,7889.000,7096.000,6774.000,6443.000,5907.000,5646.000,5336.000,5195.000
553.076,10106.000,8622.000,7861.000,7138.000,6745.000,6290.000,5915.000,5595.000,5325.000,5120.000
554.904,10195.000,8779.000,7811.000,7124.000,6753.000,6353.000,5981.000,5637.000,5430.000,5202.000
556.732,10249.000,8674.000,7717.000,7186.000,6753.000,6332.000,5924.000,5629.000,5380.000,5116.000
558.562,10013.000,8593.000,7568.000,7119.000,6542.000,6165.000,5818.000,5580.000,5298.000,5133.000
560.389,9961.000,8635.000,7790.000,7114.000,6625.000,6273.000,5802.000,5595.000,5389.000,5171.000
562.218,10364.000,8724.000,7925.000,7255.000,6790.000,6476.000,5965.000,5669.000,5437.000,5266.000
564.044,10265.000,8887.000,7912.000,7194.000,6760.000,6371.000,5915.000,5646.000,5393.000,5207.000
565.870,10423.000,8825.000,7933.000,7300.000,6897.000,6379.000,6015.000,5727.000,5499.000,5226.000
567.697,10336.000,8799.000,7912.000,7239.000,6782.000,6408.000,5895.000,5699.000,5342.000,5154.000
569.523,10058.000,8599.000,7751.000,7124.000,6601.000,6231.000,5780.000,5581.000,5358.000,5120.000
571.350,10178.000,8686.000,7785.000,7207.000,6622.000,6275.000,5929.000,5625.000,5394.000,5126.000
573.174,10349.000,8820.000,7916.000,7271.000,6838.000,6339.000,5943.000,5695.000,5401.000,5150.000
574.998,10399.000,8863.000,7975.000,7258.000,6720.000,6383.000,5933.000,5662.000,5418.000,5273.000
576.824,10380.000,8763.000,7879.000,7177.000,6788.000,6733.000,5988.000,5706.000,5399.000,5161.000
578.647,10325.000,8924.000,7967.000,7296.000,6884.000,6415.000,6002.000,5743.000,5417.000,5191.000
580.473,10173.000,8762.000,7864.000,7196.000,6734.000,6316.000,5895.000,5666.000,5325.000,5066.000
582.295,10264.000,8754.000,7788.000,7190.000,6679.000,6243.000,5865.000,5610.000,5346.000,5078.000
584.117,10295.000,8979.000,7885.000,7253.000,6870.000,6441.000,5987.000,5695.000,5454.000,5212.000
585.941,10499.000,8880.000,7969.000,7333.000,6893.000,6480.000,6115.000,5675.000,5457.000,5187.000
587.763,10460.000,8955.000,7985.000,7331.000,6860.000,6477.000,6118.000,5808.000,5477.000,5226.000
589.586,10569.000,9084.000,8088.000,7317.000,6960.000,6494.000,5984.000,5675.000,5478.000,5225.000
591.407,10421.000,8986.000,7984.000,7280.000,6751.000,6430.000,6003.000,5648.000,5416.000,5128.000
593.228,10334.000,8737.000,7921.000,7164.000,6700.000,6306.000,5946.000,5620.000,5336.000,5120.000
595.050,10590.000,9088.000,7947.000,7417.000,6950.000,6485.000,6004.000,5675.000,5519.000,5314.000
596.870,10577.000,9035.000,8040.000,7394.000,6910.000,6489.000,6057.000,5735.000,5488.000,5283.000
598.691,10619.000,9081.000,8149.000,7312.000,6954.000,6529.000,6048.000,5769.000,5548.000,5278.000
600.510,10659.000,9062.000,8153.000,7324.000,6869.000,6560.000,6090.000,5748.000,5404.000,5304.000
602.329,10557.000,8960.000,7978.000,7301.000,6827.000,6526.000,6066.000,5780.000,5401.000,5247.000
604.149,10552.000,8909.000,7959.000,7238.000,6709.000,6346.000,5964.000,5682.000,5371.000,5171.000
605.967,10656.000,9014.000,8141.000,7482.000,6906.000,6513.000,6095.000,5816.000,5512.000,5372.000
607.787,10756.000,9161.000,8142.000,7504.000,6999.000,6590.000,6200.000,5856.000,5596.000,5340.000
609.604,10748.000,9367.000,8247.000,7475.000,6998.000,6576.000,6158.000,5851.000,5520.000,5311.000
611.423,10950.000,9252.000,8288.000,7597.000,7131.000,6685.000,6239.000,5951.000,5645.000,5305.000
613.239,10758.000,9249.000,8168.000,7559.000,7075.000,6644.000,6211.000,5898.000,5571.000,5408.000
615.055,10572.000,9084.000,8165.000,7420.000,7005.000,6530.000,6102.000,5829.000,5495.000,5327.000
616.873,10844.000,9239.000,8252.000,7542.000,7003.000,6622.000,6245.000,5965.000,5664.000,5417.000
618.688,11133.000,9402.000,8612.000,7806.000,7263.000,6805.000,6427.000,6113.000,5741.000,5530.000
620.505,11194.000,9605.000,8514.000,7882.000,7270.000,6924.000,6529.000,6197.000,5840.000,5625.000
622.320,11205.000,9429.000,8479.000,7820.000,7327.000,6799.000,6451.000,6106.000,5814.000,5603.000
624.134,11083.000,9473.000,8391.000,7703.000,7109.000,6757.000,6332.000,6013.000,5759.000,5458.000
625.950,10769.000,9152.000,8243.000,7565.000,7084.000,6744.000,6198.000,5889.000,5565.000,5411.000
627.764,10911.000,9229.000,8277.000,7563.000,7090.000,6626.000,6281.000,5973.000,5672.000,5399.000
629.579,11090.000,9455.000,8494.000,7737.000,7215.000,6730.000,6442.000,6025.000,5676.000,5444.000
631.392,11143.000,9562.000,8545.000,7826.000,7296.000,6904.000,6408.000,6130.000,5808.000,5536.000
633.205,11257.000,9607.000,8631.000,7897.000,7396.000,6903.000,6415.000,6232.000,5847.000,5603.000
635.019,11332.000,9783.000,8719.000,7963.000,7509.000,7076.000,6581.000,6378.000,5959.000,5788.000
636.831,11327.000,9696.000,8669.000,7940.000,7489.000,6991.000,6587.000,6181.000,6022.000,5737.000
638.644,11476.000,9906.000,8799.000,8007.000,7529.000,7135.000,6596.000,6438.000,6099.000,5897.000
640.455,11637.000,10098.000,9082.000,8289.000,7779.000,7334.000,6948.000,6643.000,6296.000,6032.000
642.266,11886.000,10371.000,9181.000,8452.000,7998.000,7516.000,7071.000,6792.000,6396.000,6172.000
644.078,11803.000,10209.000,9138.000,8423.000,7837.000,7460.000,6995.000,6616.000,6335.000,6066.000
645.888,11779.000,10278.000,9089.000,8329.000,7788.000,7354.000,6907.000,6504.000,6271.000,6052.000
647.700,11622.000,9870.000,8836.000,8064.000,7625.000,7219.000,6783.000,6464.000,6091.000,5766.000
649.509,11410.000,9711.000,8724.000,7993.000,7441.000,7111.000,6476.000,6336.000,6031.000,5784.000
651.318,11416.000,9883.000,8854.000,8133.000,7475.000,7060.000,6571.000,6347.000,6003.000,5735.000
653.128,11612.000,9753.000,8816.000,8042.000,7543.000,7217.000,6656.000,6301.000,5977.000,5819.000
654.937,11563.000,9779.000,8811.000,8084.000,7516.000,7111.000,6597.000,6313.000,5961.000,5715.000
656.746,11562.000,9843.000,8804.000,7986.000,7442.000,7059.000,6593.000,6295.000,6039.000,5635.000
658.554,11461.000,9707.000,8804.000,7972.000,7443.000,7004.000,6468.000,6220.000,5879.000,5661.000
660.361,11421.000,9726.000,8629.000,7808.000,7427.000,6892.000,6470.000,6223.000,5901.000,5646.000
662.170,11476.000,9702.000,8739.000,8020.000,7407.000,7040.000,6647.000,6244.000,5950.000,5731.000
663.976,11494.000,9829.000,8832.000,8129.000,7605.000,7119.000,6666.000,6225.000,5937.000,5856.000
665.784,11608.000,9980.000,8848.000,8072.000,7541.000,7153.000,6635.000,6330.000,6017.000,5724.000
667.590,11627.000,9886.000,8990.000,8298.000,7573.000,7223.000,6743.000,6410.000,6079.000,5769.000
669.395,11562.000,9935.000,8865.000,8198.000,7517.000,7225.000,6701.000,6388.000,5993.000,5770.000
671.202,11539.000,9739.000,8747.000,7906.000,7482.000,7092.000,6657.000,6271.000,6061.000,5764.000
673.006,11507.000,9772.000,8733.000,8031.000,7502.000,7013.000,6524.000,6265.000,5988.000,5687.000
674.813,11665.000,10102.000,8993.000,8191.000,7655.000,7129.000,6750.000,6429.000,6030.000,5862.000
676.617,11695.000,10134.000,8975.000,8215.000,7558.000,7174.000,6631.000,6340.000,6112.000,5794.000
678.420,11889.000,10127.000,9100.000,8257.000,7675.000,7246.000,6762.000,6423.000,6161.000,5969.000
680.225,11817.000,10181.000,9039.000,8312.000,7747.000,7282.000,6842.000,6379.000,6049.000,5931.000
682.028,11587.000,9936.000,8940.000,8226.000,7573.000,7185.000,6697.000,6394.000,6102.000,5873.000
683.832,11611.000,9929.000,8931.000,8230.000,7587.000,7237.000,6773.000,6421.000,6163.000,5866.000
685.634,11867.000,10043.000,9021.000,8298.000,7759.000,7279.000,6906.000,6481.000,6192.000,5926.000
687.436,12016.000,10170.000,9048.000,8361.000,7799.000,7351.000,6815.000,6499.000,6229.000,5949.000
689.239,12068.000,10245.000,9044.000,8450.000,7837.000,7343.000,6834.000,6652.000,6275.000,5974.000
691.040,12031.000,10357.000,9264.000,8498.000,7940.000,7412.000,6874.000,6605.000,6657.000,6066.000
692.843,12074.000,10835.000,9198.000,8462.000,7855.000,7405.000,6916.000,6541.000,6250.000,6020.000
694.643,11771.000,10163.000,9126.000,8359.000,7706.000,7358.000,6900.000,6591.000,6133.000,5941.000
696.443,12085.000,10294.000,9270.000,8476.000,7898.000,7425.000,6905.000,6601.000,6306.000,6185.000
698.245,12123.000,10435.000,9380.000,8418.000,7957.000,7569.000,7102.000,6718.000,6335.000,6097.000
700.044,12277.000,10474.000,9347.000,8666.000,7990.000,7552.000,7123.000,6669.000,6496.000,6130.000
701.845,12344.000,10618.000,9461.000,8710.000,7985.000,7715.000,7170.000,6831.000,6489.000,6180.000
703.643,12317.000,10648.000,9382.000,8672.000,8108.000,7567.000,7091.000,6813.000,6460.000,6110.000
705.441,12088.000,10326.000,9317.000,8412.000,7947.000,7472.000,7031.000,6638.000,6328.000,6134.000
707.241,12309.000,10560.000,9443.000,8530.000,8114.000,7562.000,7098.000,6697.000,6503.000,6241.000
709.038,12432.000,10702.000,9520.000,8796.000,8215.000,7690.000,7173.000,6773.000,6539.000,6241.000
710.838,12542.000,10905.000,9661.000,8781.000,8347.000,7820.000,7273.000,6940.000,6597.000,6360.000
712.634,12689.000,11072.000,9787.000,9144.000,8437.000,7992.000,7507.000,7004.000,6757.000,6576.000
714.431,12983.000,11126.000,9977.000,9124.000,8469.000,8101.000,7538.000,7210.000,6823.000,6593.000
716.228,12821.000,11031.000,9987.000,9108.000,8552.000,8069.000,7464.000,7149.000,6926.000,6598.000
718.024,12778.000,11135.000,9981.000,9244.000,8540.000,8159.000,7604.000,7325.000,6992.000,6828.000
719.821,12999.000,11214.000,10095.000,9312.000,8585.000,8294.000,7759.000,7384.000,7021.000,6787.000
721.616,12934.000,11231.000,10102.000,9245.000,8808.000,8192.000,7715.000,7396.000,7027.000,6722.000
723.411,13160.000,11228.000,10184.000,9235.000,8683.000,8191.000,7677.000,7334.000,7052.000,6711.000
725.207,12926.000,11176.000,9998.000,9278.000,8532.000,8115.000,7565.000,7232.000,6920.000,6525.000
727.001,12734.000,10902.000,9768.000,8977.000,8386.000,7779.000,7406.000,6981.000,6696.000,6420.000
728.796,12674.000,10804.000,9703.000,8842.000,8311.000,7844.000,7239.000,6932.000,6682.000,6365.000
730.589,12672.000,10919.000,9751.000,8946.000,8275.000,7964.000,7376.000,7068.000,6677.000,6434.000
732.382,12801.000,11032.000,9799.000,8989.000,8373.000,7880.000,7355.000,7041.000,6749.000,6486.000
734.177,12768.000,10944.000,9940.000,9000.000,8414.000,7904.000,7448.000,7165.000,6729.000,6515.000
735.969,12972.000,11157.000,9924.000,9106.000,8511.000,8015.000,7522.000,7076.000,6824.000,6548.000
737.762,12858.000,11040.000,9916.000,9055.000,8466.000,8165.000,7533.000,7123.000,6742.000,6480.000
739.554,12802.000,11018.000,9724.000,9004.000,8436.000,8009.000,7410.000,7031.000,6774.000,6491.000
741.345,12831.000,11122.000,10037.000,9036.000,8611.000,8151.000,7564.000,7218.000,6891.000,6543.000
743.137,13189.000,11163.000,10173.000,9174.000,8661.000,8229.000,7732.000,7387.000,6932.000,6653.000
744.928,13016.000,11246.000,9955.000,9349.000,8713.000,8158.000,7747.000,7246.000,7023.000,6671.000
746.719,13278.000,11354.000,10365.000,9438.000,8828.000,8276.000,7763.000,7385.000,7088.000,6814.000
748.509,13304.000,11333.000,10277.000,9356.000,8802.000,8409.000,7880.000,7395.000,7063.000,6908.000
750.298,13018.000,11324.000,10164.000,9243.000,8749.000,8298.000,7765.000,7362.000,7052.000,6773.000
752.089,13245.000,11536.000,10341.000,9354.000,8809.000,8371.000,7875.000,7472.000,7130.000,7722.000
753.878,13514.000,11575.000,10434.000,9763.000,8918.000,8515.000,8008.000,7619.000,7204.000,7045.000
755.668,13572.000,11737.000,10610.000,9771.000,9040.000,8614.000,8129.000,7793.000,7295.000,7034.000
757.455,13741.000,11878.000,10637.000,9769.000,9138.000,8578.000,8123.000,7664.000,7380.000,7025.000
759.243,13651.000,11617.000,10512.000,9703.000,9094.000,8499.000,8006.000,7595.000,7311.000,6982.000
761.032,13331.000,11483.000,10318.000,9476.000,8855.000,8424.000,7783.000,7484.000,7082.000,6801.000
762.819,13104.000,11387.000,10235.000,9395.000,8783.000,8311.000,7726.000,7277.000,7063.000,6715.000
764.607,13343.000,11498.000,10362.000,9434.000,8817.000,8253.000,7941.000,7419.000,7027.000,6820.000
766.393,13457.000,11502.000,10318.000,9392.000,8809.000,8313.000,7726.000,7425.000,7083.000,6902.000
768.179,13418.000,11553.000,10333.000,9458.000,8956.000,8375.000,7753.000,7427.000,7149.000,6700.000
769.966,13374.000,11537.000,10363.000,9409.000,8793.000,8313.000,7967.000,7452.000,7020.000,6817.000
771.751,13537.000,11556.000,10268.000,9425.000,8709.000,8343.000,7697.000,7430.000,7054.000,6893.000
773.538,13175.000,11335.000,10170.000,9335.000,8723.000,8182.000,7695.000,7315.000,7021.000,6763.000
775.322,13448.000,11512.000,10278.000,9356.000,8797.000,8274.000,7831.000,7434.000,7077.000,6701.000
777.106,13508.000,11588.000,10283.000,9617.000,8931.000,8356.000,7842.000,7528.000,7169.000,6767.000
778.891,13721.000,11635.000,10356.000,9578.000,8807.000,8362.000,7979.000,7424.000,7143.000,6822.000
780.674,13631.000,11756.000,10515.000,9701.000,9079.000,8539.000,7967.000,7643.000,7187.000,6912.000
782.459,13468.000,11538.000,10469.000,9570.000,8887.000,8404.000,7858.000,7411.000,7104.000,6784.000
784.242,13269.000,11523.000,10220.000,9368.000,8697.000,8200.000,7709.000,7325.000,6980.000,6643.000
786.024,13152.000,11419.000,10176.000,9303.000,8637.000,8143.000,7608.000,7376.000,6954.000,6689.000
787.808,13337.000,11449.000,10122.000,9394.000,8701.000,8249.000,7646.000,7332.000,7006.000,6660.000
789.589,13274.000,11462.000,10302.000,9287.000,8793.000,8205.000,7657.000,7306.000,7016.000,6623.000
791.372,13377.000,11661.000,10248.000,9338.000,8867.000,8323.000,7716.000,7395.000,7005.000,6743.000
793.153,13427.000,11660.000,10359.000,9422.000,8751.000,8194.000,7676.000,7402.000,6996.000,6661.000
794.933,13274.000,11437.000,10158.000,9197.000,8625.000,8169.000,7538.000,7296.000,6803.000,6568.000
796.715,13167.000,11310.000,10048.000,9323.000,8719.000,8133.000,7592.000,7225.000,6808.000,6656.000
798.495,13247.000,11521.000,10204.000,9408.000,8657.000,8231.000,7628.000,7358.000,6950.000,6681.000
800.276,13420.000,11542.000,10352.000,9452.000,8790.000,8387.000,7657.000,7345.000,6840.000,6608.000
802.055,13479.000,11651.000,10206.000,9434.000,8866.000,8408.000,7783.000,7322.000,7012.000,6781.000
803.836,13619.000,11698.000,10487.000,9605.000,8874.000,8428.000,7839.000,7491.000,7199.000,6803.000
805.614,13580.000,11670.000,10521.000,9526.000,8896.000,8408.000,7807.000,7427.000,7078.000,6801.000
807.392,13405.000,11487.000,10386.000,9345.000,8743.000,8158.000,7766.000,7400.000,6948.000,6708.000
809.171,13574.000,11522.000,10351.000,9421.000,8854.000,8371.000,7701.000,7468.000,7012.000,6754.000
810.949,13769.000,11822.000,10482.000,9653.000,9033.000,8362.000,7919.000,7460.000,7152.000,6883.000
812.727,13881.000,11944.000,10619.000,9685.000,9051.000,8555.000,8048.000,7596.000,7254.000,6882.000
814.504,14197.000,11996.000,10736.000,9907.000,9287.000,8800.000,8078.000,7691.000,7361.000,7051.000
816.280,19450.000,12050.000,10803.000,10002.000,9262.000,8759.000,8179.000,7858.000,7429.000,7217.000
818.058,14267.000,12069.000,10814.000,9858.000,9190.000,8679.000,8194.000,7907.000,7403.000,7232.000
819.833,14115.000,12230.000,10893.000,10158.000,9363.000,8991.000,8415.000,8063.000,7681.000,7385.000
821.610,14409.000,12537.000,11323.000,10399.000,9748.000,9231.000,8562.000,8182.000,7966.000,7585.000
823.385,14651.000,12744.000,11460.000,10513.000,9738.000,9312.000,8718.000,8359.000,8032.000,7711.000
825.159,14834.000,12824.000,11554.000,10610.000,9991.000,9442.000,8872.000,8576.000,8114.000,7942.000
826.935,14838.000,12724.000,11620.000,10610.000,10067.000,9490.000,8823.000,8555.000,8166.000,7794.000
828.709,14537.000,12615.000,11468.000,10455.000,9744.000,9260.000,8717.000,8305.000,7846.000,7687.000
830.484,14232.000,12491.000,11212.000,10243.000,9560.000,9078.000,8509.000,8219.000,7838.000,7466.000
832.257,14474.000,12380.000,11236.000,10257.000,9631.000,9013.000,8533.000,8132.000,7759.000,7344.000
834.030,14510.000,12328.000,11113.000,10234.000,9699.000,9013.000,8506.000,8055.000,7784.000,7394.000
835.804,14571.000,12574.000,11154.000,10303.000,9635.000,9050.000,8439.000,8212.000,7930.000,7427.000
837.576,14595.000,12651.000,11271.000,10427.000,9744.000,9315.000,8576.000,8254.000,7842.000,7478.000
839.350,14616.000,12599.000,11298.000,10435.000,9706.000,9134.000,8595.000,8193.000,7715.000,7440.000
841.121,14329.000,12401.000,11141.000,10250.000,9635.000,9099.000,8570.000,8157.000,7661.000,7543.000
842.892,14543.000,12545.000,11333.000,10516.000,9699.000,9163.000,8585.000,8215.000,7923.000,7624.000
844.665,14875.000,12896.000,11620.000,10650.000,10084.000,9465.000,8895.000,8563.000,8127.000,7867.000
846.435,15327.000,13216.000,11839.000,10898.000,10321.000,9769.000,9335.000,8934.000,8373.000,8169.000
848.207,15360.000,13455.000,12209.000,11231.000,10688.000,10001.000,9467.000,9026.000,8605.000,8286.000
849.976,15499.000,13275.000,12167.000,11178.000,10528.000,9970.000,9470.000,9077.000,8601.000,8372.000
851.745,15178.000,13278.000,11854.000,11084.000,10387.000,9810.000,9281.000,8908.000,8505.000,8252.000
853.516,14992.000,13078.000,11830.000,10866.000,10346.000,9620.000,9085.000,8619.000,8254.000,8070.000
855.284,15005.000,13003.000,11795.000,10747.000,10107.000,9708.000,9020.000,8605.000,8307.000,7936.000
857.054,14846.000,13054.000,11637.000,10787.000,10056.000,9461.000,8948.000,8608.000,8120.000,7814.000
858.822,15024.000,12922.000,11652.000,10746.000,10131.000,9562.000,8974.000,8457.000,8124.000,7747.000
860.590,14990.000,12868.000,11649.000,10718.000,10010.000,9479.000,8896.000,8462.000,8119.000,7787.000
862.359,14750.000,12717.000,11492.000,10502.000,9818.000,9300.000,8732.000,8323.000,7911.000,7582.000
864.125,14434.000,12582.000,11361.000,10419.000,9666.000,9216.000,8557.000,8203.000,7820.000,7514.000
865.894,14487.000,12542.000,11226.000,10328.000,9870.000,9181.000,8610.000,8249.000,7802.000,7648.000
867.660,14826.000,12617.000,11423.000,10532.000,9794.000,9404.000,8632.000,8401.000,7938.000,7598.000
869.425,14933.000,12923.000,11488.000,10700.000,9967.000,9471.000,8962.000,8397.000,8046.000,7810.000
871.193,15080.000,13058.000,11803.000,10771.000,10097.000,9463.000,8931.000,8553.000,8140.000,7833.000
872.958,15000.000,13028.000,11808.000,10787.000,10184.000,9501.000,8861.000,8607.000,8224.000,7751.000
874.724,14753.000,12919.000,11564.000,10758.000,10045.000,9426.000,8826.000,8471.000,8157.000,7737.000
876.488,14726.000,12779.000,11498.000,10670.000,9907.000,9394.000,8899.000,8419.000,8145.000,7721.000
878.252,15015.000,12853.000,11679.000,10685.000,10009.000,9448.000,8828.000,8460.000,8171.000,7907.000
880.018,15051.000,12981.000,11736.000,10820.000,10223.000,9503.000,8923.000,8532.000,8022.000,7741.000
881.781,15203.000,13092.000,11844.000,11005.000,10175.000,9654.000,9104.000,8614.000,8223.000,7963.000
883.546,15139.000,13201.000,11960.000,11033.000,10055.000,9581.000,9087.000,8658.000,8237.000,8014.000
885.309,15183.000,13011.000,11863.000,10846.000,10093.000,9556.000,9055.000,8617.000,8158.000,7881.000
887.071,15005.000,13033.000,11630.000,10716.000,10114.000,9620.000,8956.000,8546.000,8185.000,7930.000
888.835,15043.000,12972.000,11703.000,10848.000,10077.000,9513.000,9034.000,8577.000,8207.000,7953.000
890.596,15282.000,13234.000,11960.000,10943.000,10262.000,9618.000,9115.000,8601.000,8270.000,7992.000
892.359,15419.000,13371.000,11896.000,11134.000,10312.000,9709.000,9209.000,8796.000,8365.000,8096.000
894.120,15315.000,13429.000,12022.000,11190.000,10439.000,9825.000,9283.000,8819.000,8483.000,8055.000
895.880,15293.000,13256.000,11995.000,11113.000,10298.000,9816.000,9179.000,8823.000,8334.000,7973.000
897.642,15068.000,13113.000,11934.000,10917.000,10150.000,9623.000,9093.000,8688.000,8232.000,8007.000
899.402,15082.000,13167.000,11742.000,10930.000,10189.000,9682.000,9093.000,8674.000,8194.000,7954.000
901.164,15061.000,13240.000,11932.000,10855.000,10264.000,9641.000,9127.000,8581.000,8259.000,7871.000
902.923,15168.000,13113.000,11986.000,11029.000,10279.000,9651.000,9060.000,8750.000,8305.000,7950.000
904.681,15233.000,13220.000,11970.000,11066.000,10334.000,9739.000,9180.000,8803.000,8330.000,7960.000
906.442,15267.000,13319.000,11845.000,10926.000,10226.000,9621.000,9087.000,8762.000,8271.000,7915.000
908.200,15138.000,13240.000,11704.000,10860.000,10150.000,9658.000,8973.000,8629.000,8155.000,7856.000
909.959,15088.000,13119.000,11788.000,10654.000,10087.000,9494.000,8928.000,8555.000,8158.000,7782.000
911.717,15082.000,13010.000,11610.000,10754.000,10078.000,9541.000,8856.000,8518.000,8149.000,7846.000
913.474,15184.000,13039.000,11724.000,10820.000,10224.000,9646.000,9030.000,8504.000,8176.000,7835.000
915.232,15307.000,13306.000,12003.000,11128.000,10282.000,9631.000,9157.000,8720.000,8254.000,7918.000
916.989,15454.000,13323.000,11964.000,11024.000,10410.000,9668.000,9125.000,8613.000,8353.000,8051.000
918.747,15371.000,13185.000,11993.000,11028.000,10375.000,9645.000,9172.000,8735.000,8431.000,8022.000
920.502,15308.000,13144.000,11908.000,10838.000,10178.000,9490.000,9058.000,8634.000,8177.000,7918.000
922.257,15116.000,13146.000,11807.000,10897.000,10161.000,9622.000,9079.000,8704.000,8150.000,7940.000
924.014,15438.000,13182.000,11861.000,11006.000,10234.000,9708.000,9214.000,8697.000,8258.000,7894.000
925.769,15492.000,13479.000,12069.000,11116.000,10545.000,9792.000,9208.000,8908.000,8314.000,8119.000
927.525,15756.000,13605.000,12176.000,11143.000,10523.000,10064.000,9425.000,8846.000,8564.000,8256.000
929.279,15577.000,13420.000,12124.000,11251.000,10495.000,10021.000,9284.000,8956.000,8373.000,8240.000
931.033,15504.000,13473.000,12192.000,11256.000,10445.000,9928.000,9337.000,8852.000,8524.000,8128.000
932.788,15433.000,13333.000,12180.000,11140.000,10493.000,9834.000,9255.000,8867.000,8407.000,8248.000
934.541,15469.000,13487.000,12198.000,11199.000,10417.000,9777.000,9280.000,8815.000,8462.000,8158.000
936.295,15661.000,13623.000,12412.000,11257.000,10491.000,9874.000,9300.000,8998.000,8460.000,8173.000
938.047,15737.000,13698.000,12308.000,11402.000,10756.000,9966.000,9371.000,8996.000,8578.000,8321.000
939.799,15810.000,13687.000,12161.000,11337.000,10531.000,10041.000,9423.000,8875.000,8583.000,8280.000
941.552,15651.000,13616.000,12274.000,11291.000,10577.000,9902.000,9473.000,8967.000,8593.000,8227.000
943.304,15624.000,13401.000,12278.000,11184.000,10433.000,9884.000,9337.000,8929.000,8413.000,8118.000
945.056,15310.000,13153.000,12002.000,10960.000,10302.000,9699.000,9141.000,8719.000,8390.000,7943.000
946.807,15525.000,13485.000,12008.000,11162.000,10396.000,9696.000,9149.000,8779.000,8328.000,8040.000
948.557,15766.000,13620.000,12332.000,11185.000,10494.000,9910.000,9355.000,8866.000,8465.000,8216.000
950.309,15726.000,13631.000,12261.000,11236.000,10521.000,9946.000,9364.000,8900.000,8473.000,8210.000
952.058,15728.000,13603.000,12185.000,11274.000,10520.000,9842.000,9232.000,8862.000,8423.000,8114.000
953.809,15637.000,13578.000,12049.000,11133.000,10477.000,9770.000,9199.000,8862.000,8388.000,8069.000
955.558,15475.000,13320.000,12097.000,11041.000,10327.000,9691.000,9120.000,8651.000,8268.000,8004.000
957.306,15264.000,13347.000,12110.000,10842.000,10387.000,9500.000,9069.000,8764.000,8223.000,8064.000
959.056,15645.000,13617.000,11901.000,11109.000,10377.000,9867.000,9273.000,8781.000,8396.000,7882.000
960.804,15656.000,13441.000,12068.000,11212.000,10455.000,9844.000,9337.000,8886.000,8359.000,8067.000
962.553,15582.000,13528.000,12118.000,11082.000,10412.000,9856.000,9208.000,8792.000,8438.000,8066.000
964.300,15558.000,13275.000,12200.000,11217.000,10512.000,9827.000,9264.000,8858.000,8322.000,8149.000
966.047,15435.000,13317.000,11987.000,11064.000,10292.000,9705.000,9095.000,8708.000,8367.000,8000.000
967.795,15495.000,13277.000,11934.000,10975.000,10255.000,9787.000,9144.000,8696.000,8286.000,7947.000
969.541,15561.000,13339.000,11903.000,11001.000,10346.000,9681.000,9091.000,8717.000,8262.000,7906.000
971.289,15668.000,13584.000,12109.000,11209.000,10442.000,10002.000,9320.000,8755.000,8412.000,8096.000
973.034,15635.000,13544.000,12230.000,11165.000,10493.000,9853.000,9280.000,8862.000,8384.000,8271.000
974.779,15819.000,13505.000,12064.000,11138.000,10450.000,9936.000,9314.000,8820.000,8435.000,8159.000
976.526,15706.000,13460.000,12176.000,11216.000,10413.000,10097.000,9329.000,8837.000,8518.000,8129.000
978.270,15502.000,13433.000,12074.000,11122.000,10388.000,9702.000,9269.000,8885.000,8282.000,8036.000
980.016,15549.000,13365.000,12035.000,11153.000,10452.000,9881.000,9102.000,8839.000,8517.000,8104.000
981.759,15653.000,13739.000,12350.000,11335.000,10621.000,9981.000,9266.000,8996.000,8609.000,8264.000
983.503,15962.000,13867.000,12363.000,11502.000,10803.000,10088.000,9671.000,9142.000,8686.000,8382.000
985.248,16079.000,13717.000,12524.000,11492.000,10721.000,10113.000,9568.000,9174.000,8657.000,8339.000
986.990,16042.000,13903.000,12602.000,11549.000,10909.000,10185.000,9647.000,9089.000,8652.000,8352.000
988.734,16157.000,13758.000,12511.000,11477.000,10808.000,10185.000,9527.000,9084.000,8630.000,8427.000
990.476,16009.000,13802.000,12386.000,11446.000,10579.000,10154.000,9560.000,9072.000,8677.000,8319.000
992.218,16290.000,14098.000,12701.000,11592.000,11031.000,10452.000,9835.000,9346.000,8918.000,8547.000
993.961,16708.000,14656.000,13154.000,12176.000,11338.000,10911.000,10286.000,9801.000,9249.000,9057.000
995.702,17717.000,15499.000,14313.000,13170.000,12356.000,11631.000,11024.000,10573.000,10275.000,9845.000
997.444,19012.000,16804.000,15580.000,14308.000,13675.000,13005.000,12304.000,11800.000,11537.000,11048.000
999.184,19539.000,17097.000,15643.000,14731.000,13780.000,13141.000,12627.000,12119.000,11573.000,11293.000
1000.924,18048.000,15844.000,14502.000,13360.000,12641.000,11941.000,11387.000,11009.000,10520.000,10089.000
1002.666,17052.000,14911.000,13567.000,12488.000,11708.000,11237.000,10498.000,10099.000,9784.000,9331.000
1004.405,17083.000,15000.000,13591.000,12577.000,11768.000,11061.000,10471.000,10051.000,9543.000,9223.000
1006.146,17196.000,15060.000,13475.000,12548.000,11688.000,11221.000,10392.000,10024.000,9528.000,9361.000
1007.884,16883.000,14737.000,13427.000,12304.000,11557.000,11078.000,10392.000,9986.000,9384.000,9122.000
1009.622,16787.000,14687.000,13116.000,12252.000,11446.000,10867.000,10215.000,9729.000,9401.000,9003.000
1011.362,16706.000,14633.000,13068.000,12088.000,11378.000,10803.000,10056.000,9677.000,9319.000,8830.000
1013.100,16434.000,14173.000,12999.000,11911.000,11212.000,10550.000,10073.000,9460.000,9042.000,8757.000
1014.839,16451.000,14377.000,13071.000,12027.000,11240.000,10602.000,10088.000,9572.000,9138.000,8803.000
1016.575,16978.000,14675.000,13323.000,12178.000,11447.000,10877.000,10200.000,9752.000,9355.000,9042.000
1018.312,16775.000,14555.000,13208.000,12158.000,11403.000,10784.000,10155.000,9618.000,9382.000,8861.000
1020.050,16820.000,14882.000,13312.000,12167.000,11626.000,10930.000,10277.000,9754.000,9311.000,8996.000
1021.786,17177.000,14886.000,13396.000,12343.000,11660.000,10986.000,10277.000,9916.000,9518.000,9078.000
1023.523,17114.000,14962.000,13351.000,12342.000,11644.000,11048.000,10455.000,10023.000,9589.000,9171.000
1025.258,17081.000,14969.000,13589.000,12322.000,11680.000,11230.000,10403.000,10058.000,9669.000,9208.000
1026.993,17568.000,15219.000,13827.000,12866.000,12055.000,11372.000,10672.000,10328.000,9923.000,9491.000
1028.729,17624.000,15314.000,13780.000,12680.000,11860.000,11440.000,10523.000,10163.000,9749.000,9417.000
1030.463,17181.000,14809.000,13366.000,12377.000,11724.000,11086.000,10497.000,9945.000,9496.000,9105.000
1032.199,17014.000,14787.000,13474.000,12287.000,11646.000,10925.000,10244.000,10040.000,9436.000,9006.000
1033.932,16898.000,14452.000,13152.000,12142.000,11434.000,10755.000,10072.000,9774.000,9272.000,8959.000
1035.667,16618.000,14359.000,13058.000,12007.000,11227.000,10673.000,10033.000,9550.000,9116.000,8788.000
1037.400,16807.000,14553.000,13107.000,12024.000,11359.000,10766.000,10029.000,9643.000,9172.000,8714.000
1039.133,17085.000,14717.000,13266.000,12182.000,11423.000,10855.000,10276.000,9725.000,9301.000,8829.000
1040.867,16911.000,14693.000,13227.000,12205.000,11230.000,10820.000,10091.000,9684.000,9355.000,8859.000
1042.598,16746.000,14494.000,13060.000,12002.000,11281.000,10659.000,9995.000,9576.000,8979.000,8711.000
1044.332,16947.000,14671.000,13293.000,12342.000,11525.000,10669.000,10175.000,9628.000,9110.000,8973.000
1046.063,16751.000,14501.000,13079.000,11875.000,11181.000,10614.000,9978.000,9614.000,9221.000,8685.000
1047.793,16565.000,14244.000,12900.000,11813.000,11152.000,10566.000,9915.000,9397.000,8973.000,8678.000
1049.526,16642.000,14606.000,13117.000,12029.000,11266.000,10702.000,10004.000,9707.000,9155.000,8710.000
1051.256,17090.000,14777.000,13286.000,12170.000,11461.000,10802.000,10105.000,9715.000,9254.000,8897.000
1052.987,17016.000,14613.000,13149.000,12184.000,11466.000,10785.000,10137.000,9622.000,9145.000,8784.000
1054.717,16891.000,14679.000,13292.000,12120.000,11390.000,10765.000,10033.000,9839.000,9193.000,8898.000
1056.446,17052.000,14934.000,13300.000,12198.000,11553.000,10900.000,10175.000,9771.000,9297.000,8959.000
1058.176,16638.000,14414.000,12975.000,11844.000,11180.000,10476.000,9918.000,9377.000,9023.000,8652.000
1059.905,16923.000,14459.000,13069.000,11925.000,11096.000,10555.000,9957.000,9561.000,9112.000,8683.000
1061.634,17051.000,14658.000,13326.000,12280.000,11431.000,10891.000,10140.000,9648.000,9235.000,8907.000
1063.362,16870.000,14730.000,13301.000,12225.000,11448.000,10769.000,10091.000,9723.000,9182.000,8801.000
1065.089,17063.000,14648.000,13225.000,12172.000,11377.000,10722.000,10051.000,9685.000,9108.000,8833.000
1066.818,16952.000,14630.000,13323.000,12249.000,11324.000,10792.000,10049.000,9686.000,9224.000,8904.000
1068.545,16940.000,14577.000,13287.000,12185.000,11369.000,10706.000,10192.000,9603.000,9142.000,8872.000
1070.273,16777.000,14505.000,13065.000,11979.000,11339.000,10550.000,9978.000,9421.000,8982.000,8803.000
1071.999,16883.000,14710.000,13308.000,12342.000,11392.000,10798.000,10225.000,9749.000,9219.000,8862.000
1073.725,17337.000,15062.000,13693.000,12543.000,11599.000,11061.000,10359.000,9746.000,9456.000,8996.000
1075.452,17101.000,14818.000,13439.000,12244.000,11515.000,10877.000,10242.000,9754.000,9223.000,8939.000
1077.177,17355.000,14912.000,13409.000,12416.000,11564.000,11105.000,10283.000,9929.000,9336.000,8982.000
1078.904,17349.000,15007.000,13510.000,12473.000,11649.000,11048.000,10306.000,9870.000,9403.000,9050.000
1080.628,17062.000,14701.000,13411.000,12245.000,11564.000,10863.000,10161.000,9697.000,9166.000,8955.000
1082.352,17015.000,14552.000,13079.000,12125.000,11305.000,10755.000,9997.000,9556.000,9179.000,8893.000
1084.077,17279.000,14910.000,13343.000,12350.000,11643.000,10962.000,10380.000,9855.000,9339.000,9083.000
1085.801,17207.000,15055.000,13471.000,12544.000,11555.000,11000.000,10367.000,9839.000,9419.000,9070.000
1087.526,17085.000,14670.000,13265.000,12175.000,11426.000,10791.000,10135.000,9656.000,9182.000,8791.000
1089.248,17294.000,14906.000,13427.000,12384.000,11614.000,10846.000,10219.000,9787.000,9372.000,8970.000
1090.971,17019.000,14751.000,13315.000,12164.000,11476.000,10740.000,10170.000,9633.000,9182.000,8765.000
1092.694,16715.000,14481.000,13121.000,12059.000,11212.000,10670.000,9931.000,9532.000,8986.000,8710.000
1094.416,17057.000,14576.000,13235.000,12036.000,11283.000,10775.000,10088.000,9592.000,9078.000,8753.000
1096.139,17371.000,15005.000,13431.000,12375.000,11603.000,10949.000,10138.000,9704.000,9246.000,8895.000
1097.860,17165.000,14732.000,13247.000,12262.000,11438.000,10685.000,10131.000,9661.000,9203.000,8816.000
1099.581,17135.000,14737.000,13264.000,12202.000,11434.000,10839.000,10139.000,9638.000,9014.000,8766.000
1101.303,17366.000,14863.000,13433.000,12236.000,11484.000,10896.000,10158.000,9830.000,9350.000,8979.000
1103.023,16955.000,14561.000,13110.000,12012.000,11208.000,10611.000,9969.000,9479.000,8937.000,8664.000
1104.745,16650.000,14483.000,12957.000,11978.000,11135.000,10524.000,9924.000,9229.000,9007.000,8665.000
1106.464,17043.000,14656.000,13261.000,12174.000,11443.000,10739.000,10020.000,9608.000,9099.000,8711.000
1108.183,17429.000,14878.000,13480.000,12355.000,11475.000,10779.000,10115.000,9688.000,9306.000,8860.000
1109.903,17118.000,14806.000,13336.000,12321.000,11433.000,10886.000,10169.000,9614.000,9131.000,8801.000
1111.622,17321.000,14884.000,13272.000,12320.000,11564.000,10954.000,10179.000,9737.000,9155.000,8895.000
1113.341,17496.000,14980.000,13543.000,12382.000,11659.000,10979.000,10327.000,9728.000,9276.000,9086.000
1115.059,16857.000,14631.000,13276.000,12195.000,11345.000,10717.000,10101.000,9550.000,9133.000,8824.000
1116.776,17255.000,15086.000,13402.000,12231.000,11477.000,10898.000,10106.000,9798.000,9323.000,8997.000
1118.495,17836.000,15498.000,13958.000,12671.000,11891.000,11211.000,10622.000,9951.000,9578.000,9220.000
1120.212,17361.000,15174.000,13661.000,12574.000,11595.000,11082.000,10472.000,10021.000,9472.000,9218.000
1121.930,17357.000,15086.000,13566.000,12519.000,11721.000,10987.000,10386.000,9872.000,9408.000,9143.000
1123.646,17630.000,15207.000,13549.000,12613.000,11666.000,11059.000,10355.000,9829.000,9315.000,9124.000
1125.361,17322.000,15079.000,13514.000,12438.000,11504.000,10963.000,10343.000,9662.000,9119.000,8846.000
1127.079,16728.000,14433.000,12836.000,11812.000,11064.000,10335.000,9726.000,9324.000,8786.000,8508.000
1128.794,17069.000,14688.000,13140.000,12179.000,11333.000,10683.000,9848.000,9496.000,8964.000,8567.000
1130.510,17098.000,14779.000,13300.000,12128.000,11203.000,10651.000,9927.000,9434.000,8987.000,8598.000
1132.224,16858.000,14421.000,12929.000,11774.000,11007.000,10437.000,9622.000,9274.000,8743.000,8432.000
1133.938,17211.000,14619.000,13021.000,12041.000,11131.000,10581.000,9950.000,9442.000,8885.000,8531.000
1135.654,16994.000,14851.000,13200.000,12068.000,11220.000,10643.000,9912.000,9441.000,9025.000,8565.000
1137.367,16763.000,14552.000,12925.000,11778.000,11050.000,10371.000,9835.000,9241.000,8759.000,8453.000
1139.082,16687.000,14301.000,12788.000,11868.000,10984.000,10363.000,9737.000,9195.000,8854.000,8412.000
1140.795,17288.000,14890.000,13323.000,12224.000,11237.000,10815.000,10010.000,9514.000,9108.000,8786.000
1142.507,17325.000,15017.000,13387.000,12248.000,11644.000,10797.000,10134.000,9504.000,9308.000,8764.000
1144.221,17286.000,14837.000,13236.000,12240.000,11409.000,10673.000,9966.000,9534.000,9127.000,8647.000
1145.932,17543.000,15070.000,13584.000,12451.000,11693.000,10914.000,10291.000,9731.000,9277.000,8998.000
1147.645,17472.000,15168.000,13490.000,12387.000,11555.000,10981.000,10290.000,9752.000,9152.000,8877.000
1149.356,17182.000,14756.000,13189.000,12055.000,11269.000,10723.000,9948.000,9415.000,9075.000,8677.000
1151.067,17302.000,14892.000,13346.000,12306.000,11513.000,10827.000,10155.000,9595.000,9239.000,8810.000
1152.779,17804.000,15282.000,13796.000,12523.000,11757.000,11074.000,10422.000,9871.000,9352.000,8979.000
1154.489,17539.000,15017.000,13502.000,12235.000,11734.000,10955.000,10072.000,9843.000,9178.000,8893.000
1156.201,17269.000,14804.000,13318.000,12234.000,11334.000,10820.000,10059.000,9586.000,9123.000,8878.000
1157.910,17935.000,15355.000,13720.000,12718.000,11751.000,10978.000,10393.000,9942.000,9465.000,9022.000
1159.619,17376.000,14955.000,13374.000,12263.000,11524.000,10787.000,10025.000,9563.000,9106.000,8679.000
1161.330,17216.000,14666.000,13416.000,12166.000,11293.000,10678.000,9960.000,9511.000,9094.000,8747.000
1163.038,17621.000,15088.000,13629.000,12393.000,11755.000,11138.000,10263.000,9738.000,9357.000,8913.000
1164.748,17872.000,15229.000,13860.000,12628.000,11871.000,11122.000,10410.000,9923.000,9440.000,9100.000
1166.455,17621.000,15275.000,13630.000,12418.000,11602.000,10943.000,10263.000,9715.000,9304.000,8970.000
1168.163,17773.000,15195.000,13743.000,12570.000,11712.000,10995.000,10316.000,9738.000,9409.000,9002.000
1169.872,17933.000,15391.000,13840.000,12695.000,11627.000,11079.000,10434.000,9892.000,9454.000,9077.000
1171.578,17041.000,14848.000,13270.000,11975.000,11279.000,10610.000,9943.000,9496.000,8857.000,8582.000
1173.286,17255.000,14844.000,13273.000,12333.000,11436.000,10779.000,9977.000,9510.000,8928.000,8659.000
1174.992,17758.000,15184.000,13671.000,12261.000,11508.000,10895.000,10251.000,9688.000,9158.000,8917.000
1176.698,17551.000,15069.000,13495.000,12374.000,11379.000,10827.000,10079.000,9612.000,9099.000,8792.000
1178.405,17550.000,14945.000,13418.000,12258.000,11380.000,10719.000,10082.000,9429.000,9080.000,8655.000
1180.110,17521.000,15037.000,13532.000,12435.000,11456.000,10972.000,10231.000,9684.000,9074.000,8754.000
1181.817,17588.000,15046.000,13462.000,12463.000,11619.000,10825.000,10119.000,9572.000,9156.000,8824.000
1183.521,17215.000,14739.000,13120.000,12077.000,11387.000,10588.000,9928.000,9364.000,8869.000,8572.000
1185.225,17392.000,14990.000,13372.000,12193.000,11504.000,10687.000,10175.000,9572.000,9168.000,8781.000
1186.931,17985.000,15397.000,13707.000,12626.000,11852.000,11007.000,10401.000,9935.000,9347.000,8932.000
1188.634,17704.000,15133.000,13607.000,12434.000,11596.000,10922.000,10287.000,9591.000,9211.000,8858.000
1190.339,17803.000,15360.000,13723.000,12499.000,11702.000,11034.000,10485.000,9839.000,9379.000,8933.000
1192.042,18153.000,15739.000,14071.000,12706.000,12084.000,11336.000,10563.000,10093.000,9765.000,9236.000
1193.744,17885.000,15419.000,13897.000,12733.000,11950.000,11222.000,10584.000,9974.000,9532.000,9114.000
1195.448,17827.000,15360.000,13775.000,12788.000,11822.000,11209.000,10543.000,10101.000,9529.000,9188.000
1197.150,18722.000,16100.000,14454.000,13294.000,12518.000,11787.000,10995.000,10455.000,10096.000,9771.000
1198.853,18998.000,16593.000,14878.000,13789.000,12878.000,12021.000,11272.000,10875.000,10363.000,9926.000
1200.554,18413.000,15952.000,14584.000,13331.000,12491.000,11810.000,10981.000,10617.000,10102.000,9717.000
1202.256,19193.000,16501.000,14933.000,13653.000,12786.000,12088.000,11425.000,10780.000,10376.000,9995.000
1203.957,19016.000,16374.000,14719.000,13539.000,12664.000,12065.000,11444.000,10783.000,10279.000,9878.000
1205.657,18404.000,15886.000,14223.000,13220.000,12384.000,11751.000,10943.000,10520.000,9988.000,9596.000
1207.359,18409.000,16107.000,14384.000,13237.000,12485.000,11758.000,10949.000,10544.000,9913.000,9628.000
1209.058,18879.000,16262.000,14852.000,13627.000,12775.000,12051.000,11382.000,10707.000,10322.000,9912.000
1210.759,18842.000,16314.000,14672.000,13643.000,12731.000,11966.000,11241.000,10765.000,10345.000,9753.000
1212.458,18758.000,16144.000,14719.000,13521.000,12573.000,11918.000,11319.000,10657.000,10139.000,9940.000
1214.156,19642.000,16765.000,15136.000,14048.000,13145.000,12442.000,11713.000,11093.000,10655.000,10276.000
1215.856,19399.000,16770.000,15129.000,14018.000,13045.000,12374.000,11634.000,11203.000,10550.000,10216.000
1217.554,18809.000,16554.000,14918.000,13743.000,12918.000,12076.000,11524.000,11013.000,10341.000,10066.000
1219.253,19327.000,16803.000,15278.000,14119.000,13300.000,12368.000,11839.000,11325.000,10685.000,10409.000
1220.950,19831.000,17422.000,15767.000,14485.000,13751.000,12883.000,12177.000,11728.000,11137.000,10704.000
1222.647,19816.000,17187.000,15742.000,14547.000,13642.000,12969.000,12093.000,11701.000,11091.000,10758.000
1224.345,19975.000,17332.000,15857.000,14711.000,13742.000,13059.000,12262.000,11750.000,11274.000,10846.000
1226.041,20483.000,17971.000,16252.000,14919.000,14164.000,13277.000,12659.000,12000.000,11576.000,11089.000
1227.739,20423.000,17583.000,16145.000,14818.000,13959.000,13294.000,12434.000,11903.000,11271.000,10881.000
1229.434,19695.000,17014.000,15646.000,14591.000,13720.000,12942.000,12258.000,11756.000,11287.000,10707.000
1231.130,20520.000,17916.000,16319.000,15047.000,14147.000,13515.000,12708.000,12313.000,11657.000,11260.000
1232.826,20385.000,17908.000,16279.000,15063.000,14110.000,13344.000,12622.000,12016.000,11553.000,11209.000
1234.521,20021.000,17608.000,16066.000,14769.000,13871.000,13049.000,12385.000,11774.000,11316.000,11001.000
1236.217,20221.000,17540.000,16045.000,14936.000,14048.000,13332.000,12582.000,12031.000,11530.000,11058.000
1237.911,20566.000,17921.000,16269.000,15179.000,14118.000,13481.000,12780.000,12078.000,11746.000,11197.000
1239.604,19718.000,17213.000,15671.000,14438.000,13837.000,12868.000,12227.000,11687.000,11171.000,10696.000
1241.299,19651.000,17138.000,15572.000,14358.000,13575.000,12699.000,12070.000,11472.000,10936.000,10644.000
1242.992,20317.000,17552.000,16046.000,14789.000,13968.000,13105.000,12455.000,11901.000,11408.000,10967.000
1244.686,19673.000,17114.000,15604.000,14616.000,13439.000,12811.000,12067.000,11607.000,10988.000,10589.000
1246.379,19696.000,17102.000,15524.000,14277.000,13440.000,12725.000,11978.000,11490.000,11022.000,10445.000
1248.070,19934.000,17350.000,15726.000,14602.000,13685.000,12913.000,12057.000,11619.000,11060.000,10657.000
1249.764,19751.000,17071.000,15512.000,14481.000,13541.000,12723.000,11842.000,11480.000,10955.000,10605.000
1251.455,18932.000,16491.000,14922.000,13831.000,13009.000,12269.000,11510.000,11001.000,10563.000,10183.000
1253.148,19294.000,16655.000,15168.000,13921.000,13271.000,12474.000,11668.000,11207.000,10519.000,10304.000
1254.838,19536.000,17202.000,15433.000,14343.000,13453.000,12800.000,11932.000,11427.000,10941.000,10401.000
1256.529,19443.000,16855.000,15268.000,14051.000,13114.000,12469.000,11647.000,11079.000,10650.000,10309.000
1258.220,19256.000,16705.000,15121.000,13876.000,12982.000,12364.000,11662.000,11105.000,10589.000,10157.000
1259.910,19579.000,17095.000,15382.000,14152.000,13254.000,12346.000,11856.000,11277.000,10616.000,10311.000
1261.601,19300.000,16591.000,14995.000,13789.000,12851.000,12267.000,11570.000,10981.000,10416.000,10105.000
1263.290,18778.000,16195.000,14700.000,13467.000,12664.000,11937.000,11228.000,10525.000,10165.000,9906.000
1264.979,18986.000,16482.000,14873.000,13661.000,12837.000,12170.000,11343.000,10820.000,10439.000,9961.000
1266.669,19288.000,16681.000,15064.000,13907.000,12964.000,12295.000,11633.000,10994.000,10464.000,10086.000
1268.357,18736.000,16222.000,14730.000,13697.000,12558.000,12007.000,11145.000,10708.000,10240.000,9762.000
1270.046,18945.000,16477.000,14947.000,13700.000,12721.000,12156.000,11331.000,10799.000,10265.000,9818.000
1271.734,19611.000,17029.000,15171.000,14015.000,13062.000,12219.000,11570.000,11107.000,10603.000,10090.000
1273.421,18547.000,16034.000,14647.000,13353.000,12454.000,11752.000,11218.000,10563.000,10028.000,9669.000
1275.109,18545.000,16114.000,14591.000,13304.000,12564.000,11696.000,11005.000,10416.000,10041.000,9622.000
1276.795,19050.000,16587.000,14805.000,13699.000,12850.000,11950.000,11315.000,10779.000,10197.000,9914.000
1278.483,19002.000,16513.000,14808.000,13647.000,12688.000,11995.000,11339.000,10776.000,10322.000,10000.000
1280.169,18652.000,16155.000,14659.000,13465.000,12631.000,11765.000,11055.000,10604.000,10055.000,9706.000
1281.854,19178.000,16576.000,14906.000,13740.000,12835.000,12164.000,11323.000,11016.000,10453.000,9924.000
1283.541,19315.000,16494.000,15026.000,13714.000,12831.000,12193.000,11427.000,10915.000,10406.000,10017.000
1285.226,18585.000,15930.000,14402.000,13251.000,12405.000,11644.000,10859.000,10426.000,9927.000,9546.000
1286.912,18634.000,16285.000,14545.000,13366.000,12648.000,11791.000,11194.000,10624.000,10128.000,9753.000
1288.596,19120.000,16502.000,14774.000,13773.000,12675.000,13409.000,11361.000,10777.000,10297.000,9939.000
1290.280,18803.000,16134.000,14695.000,13563.000,12725.000,12058.000,11149.000,10591.000,10082.000,9744.000
1291.965,18653.000,16201.000,14674.000,13434.000,12569.000,11919.000,11095.000,10696.000,10069.000,9704.000
1293.648,19106.000,16676.000,14850.000,13756.000,12843.000,11943.000,11360.000,10785.000,10283.000,10067.000
1295.333,19212.000,16477.000,14859.000,13578.000,12782.000,11987.000,11284.000,10795.000,10283.000,10003.000
1297.015,18419.000,15989.000,14299.000,13179.000,12238.000,11642.000,11107.000,10318.000,9862.000,9594.000
1298.698,18674.000,16131.000,14602.000,13394.000,12423.000,11749.000,11166.000,10702.000,9992.000,9747.000
1300.381,19200.000,16759.000,14998.000,13941.000,12793.000,12157.000,11364.000,10848.000,10283.000,9882.000
1302.063,18911.000,16219.000,14688.000,13632.000,12473.000,11808.000,11177.000,10633.000,10235.000,9768.000
1303.746,19058.000,16412.000,14778.000,17084.000,12779.000,12018.000,11099.000,10850.000,10445.000,9912.000
1305.427,19385.000,16727.000,14939.000,14671.000,13099.000,12216.000,11544.000,11042.000,10398.000,10006.000
1307.107,19035.000,16509.000,14786.000,13680.000,12819.000,12037.000,11317.000,10821.000,10344.000,9913.000
1308.789,18477.000,16065.000,14420.000,13325.000,12640.000,11795.000,11106.000,10653.000,10097.000,9749.000
1310.469,19175.000,16369.000,14994.000,13672.000,12832.000,12133.000,11328.000,10883.000,10331.000,10010.000
1312.150,19394.000,16852.000,15079.000,13917.000,13124.000,12225.000,11662.000,11056.000,10676.000,10123.000
1313.830,18739.000,16362.000,14718.000,13544.000,12724.000,11940.000,11151.000,10722.000,10247.000,9866.000
1315.508,19227.000,16768.000,15120.000,13781.000,13064.000,12274.000,11619.000,11058.000,10627.000,10006.000
1317.189,19512.000,17023.000,15247.000,13986.000,13176.000,12438.000,11615.000,11118.000,10606.000,10115.000
1318.867,19034.000,16481.000,14899.000,13708.000,12731.000,12109.000,11450.000,10856.000,10475.000,10028.000
1320.547,18966.000,16420.000,14797.000,13712.000,12829.000,12029.000,11449.000,10808.000,10387.000,9969.000
1322.224,19445.000,17049.000,15332.000,14059.000,13335.000,12406.000,11735.000,11155.000,10686.000,10185.000
1323.902,19536.000,16887.000,15395.000,14109.000,13344.000,12631.000,11670.000,11159.000,10634.000,10369.000
1325.581,19300.000,16788.000,15242.000,14051.000,13014.000,12447.000,11645.000,11150.000,10646.000,10161.000
1327.257,19908.000,17403.000,15767.000,14534.000,13686.000,12983.000,12161.000,11563.000,11049.000,10594.000
1328.935,20166.000,17605.000,15859.000,14582.000,13694.000,12845.000,12144.000,11570.000,11032.000,10794.000
1330.611,19542.000,17090.000,15424.000,14245.000,13254.000,12737.000,11880.000,11432.000,10766.000,10417.000
1332.287,19867.000,17285.000,15425.000,14345.000,13464.000,12711.000,12010.000,11530.000,10889.000,10629.000
1333.964,20249.000,17727.000,16092.000,14830.000,13943.000,13111.000,12407.000,11714.000,11371.000,10938.000
1335.639,20388.000,17635.000,16038.000,14694.000,13883.000,13093.000,12305.000,11728.000,11207.000,11018.000
1337.316,20195.000,17710.000,15951.000,14851.000,13821.000,13015.000,12350.000,11857.000,11317.000,10939.000
1338.990,20592.000,17974.000,16205.000,14995.000,14051.000,13386.000,12663.000,11958.000,11559.000,11031.000
1340.664,20699.000,17971.000,16141.000,14925.000,14048.000,13434.000,12736.000,12050.000,11501.000,10994.000
1342.340,19755.000,17411.000,15655.000,14400.000,13605.000,12829.000,12282.000,11718.000,11060.000,10635.000
1344.013,20258.000,17577.000,15934.000,14583.000,13839.000,13021.000,12179.000,11678.000,11153.000,10875.000
1345.688,20426.000,17760.000,15961.000,14849.000,13929.000,13239.000,12524.000,11916.000,11278.000,10931.000
1347.361,19769.000,17220.000,15596.000,14360.000,13579.000,12825.000,12102.000,11429.000,11019.000,10651.000
1349.033,19750.000,17100.000,15558.000,14331.000,13433.000,12739.000,11950.000,11429.000,10943.000,10403.000
1350.707,20021.000,17424.000,15690.000,14394.000,13545.000,12795.000,11968.000,11414.000,10889.000,10403.000
1352.379,19672.000,17023.000,15408.000,14039.000,13243.000,12484.000,11747.000,11143.000,10677.000,10219.000
1354.053,18947.000,16391.000,14775.000,13642.000,12724.000,11929.000,11235.000,10653.000,10127.000,9876.000
1355.724,19408.000,16607.000,15080.000,13833.000,12857.000,12234.000,11455.000,10943.000,10293.000,9995.000
1357.395,19457.000,16688.000,14974.000,13660.000,12874.000,12111.000,11336.000,10797.000,10316.000,9878.000
1359.067,18999.000,16376.000,14770.000,13537.000,12696.000,11989.000,11139.000,10668.000,10040.000,9728.000
1360.737,19274.000,16391.000,14767.000,13567.000,12802.000,11915.000,11319.000,10734.000,10209.000,9712.000
1362.409,19353.000,16669.000,14974.000,13677.000,12875.000,12173.000,11411.000,10808.000,10258.000,9968.000
1364.078,18946.000,16344.000,14775.000,13275.000,12507.000,11751.000,11149.000,10592.000,9983.000,9663.000
1365.748,18539.000,16005.000,14480.000,13160.000,12328.000,11556.000,10985.000,10354.000,9882.000,9492.000
1367.418,18987.000,16376.000,14600.000,13453.000,12607.000,11896.000,11215.000,10475.000,10040.000,9606.000
1369.087,19202.000,16408.000,14769.000,13590.000,12522.000,11972.000,11096.000,10649.000,10192.000,9577.000
1370.757,18706.000,16298.000,14400.000,13337.000,12462.000,11609.000,10919.000,10367.000,9888.000,9498.000
1372.425,18879.000,16350.000,14598.000,13379.000,12552.000,11863.000,11140.000,10651.000,10067.000,9684.000
1374.093,19240.000,16549.000,14806.000,13705.000,12730.000,11985.000,11069.000,10644.000,10079.000,9737.000
1375.762,18757.000,16109.000,14681.000,13373.000,12336.000,11703.000,10995.000,10464.000,9819.000,9392.000
1377.429,18669.000,16085.000,14501.000,13199.000,12342.000,11628.000,10907.000,10399.000,9884.000,9449.000
1379.098,18998.000,16508.000,14636.000,13427.000,12537.000,11921.000,11200.000,10604.000,9993.000,9690.000
1380.764,19175.000,16495.000,14677.000,13522.000,12678.000,11981.000,11288.000,10640.000,10049.000,9680.000
1382.430,18851.000,16258.000,14428.000,13320.000,12384.000,11719.000,10953.000,10452.000,9925.000,9566.000
1384.098,19201.000,16543.000,14858.000,13661.000,12771.000,12027.000,11331.000,10715.000,10240.000,9768.000
1385.763,19355.000,16786.000,14981.000,13777.000,12873.000,12118.000,11341.000,10762.000,10268.000,9873.000
1387.430,18592.000,16174.000,14538.000,13361.000,12331.000,11739.000,10963.000,10399.000,9835.000,9496.000
1389.095,18604.000,16377.000,14689.000,13428.000,12439.000,11750.000,11015.000,10399.000,9938.000,9495.000
1390.759,19365.000,16631.000,14987.000,13766.000,12883.000,12009.000,11334.000,10752.000,10196.000,9925.000
1392.425,19234.000,16538.000,14890.000,13699.000,12671.000,11889.000,11315.000,10617.000,10149.000,9806.000
1394.089,19018.000,16372.000,14740.000,13571.000,12603.000,11725.000,11177.000,10560.000,9920.000,9679.000
1395.754,19399.000,16850.000,15021.000,13776.000,12892.000,12113.000,11383.000,10813.000,10337.000,9941.000
1397.418,20063.000,16615.000,14943.000,13640.000,12854.000,12065.000,11218.000,10816.000,10165.000,9859.000
1399.080,18779.000,16198.000,14612.000,13271.000,12377.000,11837.000,10934.000,10470.000,9954.000,9484.000
1400.745,19081.000,16276.000,14630.000,13562.000,12555.000,11770.000,11091.000,10434.000,9923.000,9793.000
1402.407,19173.000,16568.000,14873.000,13652.000,12632.000,11847.000,11023.000,10628.000,10173.000,9647.000
1404.071,18846.000,16251.000,14586.000,13339.000,12323.000,11732.000,10992.000,10359.000,9798.000,9497.000
1405.732,18921.000,16252.000,14404.000,13342.000,12465.000,11638.000,10820.000,10302.000,9834.000,9397.000
1407.394,19275.000,16505.000,14792.000,13448.000,12581.000,11893.000,11063.000,10547.000,9935.000,9557.000
1409.057,19019.000,16451.000,14594.000,13513.000,12610.000,11705.000,10991.000,10417.000,9953.000,9427.000
1410.717,18489.000,15798.000,14233.000,13129.000,12068.000,11445.000,10674.000,10061.000,9662.000,9295.000
1412.379,18531.000,15915.000,14296.000,13211.000,12112.000,11502.000,10729.000,10146.000,9736.000,9280.000
1414.039,18832.000,16296.000,14571.000,13283.000,12435.000,11496.000,10981.000,10397.000,9762.000,9354.000
1415.699,18826.000,16275.000,14413.000,13236.000,12160.000,11591.000,10789.000,10264.000,9702.000,9322.000
1417.360,18895.000,16211.000,14557.000,13200.000,12434.000,11608.000,10733.000,10398.000,9894.000,9470.000
1419.019,19105.000,16383.000,14770.000,13384.000,12523.000,11693.000,11019.000,10519.000,9851.000,9597.000
1420.680,18667.000,16235.000,14608.000,13267.000,12400.000,11589.000,10930.000,10416.000,9772.000,9361.000
1422.338,18642.000,16003.000,14283.000,12988.000,12152.000,11407.000,10758.000,10184.000,9716.000,9397.000
1423.996,19119.000,16337.000,14599.000,13465.000,12414.000,11777.000,10917.000,10470.000,9904.000,9573.000
1425.656,19288.000,16662.000,15104.000,13604.000,12748.000,12015.000,11303.000,10612.000,10204.000,9747.000
1427.314,19206.000,16457.000,14829.000,13598.000,12756.000,11941.000,11283.000,10685.000,10029.000,9740.000
1428.973,19531.000,17004.000,15208.000,13974.000,13067.000,12246.000,11595.000,11004.000,10440.000,10050.000
1430.629,20123.000,17522.000,15481.000,14256.000,13429.000,12631.000,11840.000,11411.000,10613.000,10211.000
1432.286,19842.000,17269.000,15406.000,14150.000,13334.000,12570.000,11778.000,11169.000,10670.000,10243.000
1433.944,19708.000,17111.000,15388.000,14206.000,13312.000,12543.000,11720.000,11305.000,10699.000,10195.000
1435.600,19934.000,17479.000,15671.000,14467.000,13579.000,12666.000,11954.000,11335.000,10884.000,10455.000
1437.257,20140.000,17516.000,15822.000,14633.000,13602.000,12754.000,12063.000,11470.000,10974.000,10513.000
1438.913,20056.000,17553.000,15940.000,14386.000,13495.000,12812.000,12052.000,11527.000,10831.000,10632.000
1440.569,20446.000,17677.000,15962.000,14811.000,13844.000,12972.000,12227.000,11770.000,11230.000,10826.000
1442.224,20619.000,18077.000,16106.000,14791.000,13888.000,13094.000,12433.000,11954.000,11291.000,10803.000
1443.878,20335.000,17520.000,15929.000,14594.000,13785.000,12814.000,12152.000,11483.000,11007.000,10623.000
1445.534,20048.000,17227.000,15591.000,14413.000,13385.000,12695.000,11887.000,11345.000,10902.000,10334.000
1447.188,20411.000,17559.000,15835.000,14602.000,13656.000,12840.000,12149.000,11463.000,10894.000,10576.000
1448.843,20285.000,17561.000,15687.000,14572.000,13548.000,12843.000,12069.000,11462.000,11057.000,10495.000
1450.496,20118.000,17306.000,15801.000,14558.000,13403.000,12640.000,11975.000,11470.000,10742.000,10520.000
1452.149,20225.000,17392.000,15824.000,14450.000,13735.000,12839.000,11915.000,11489.000,10918.000,10449.000
1453.803,20245.000,17612.000,15831.000,14558.000,13568.000,12697.000,12036.000,11510.000,10925.000,10523.000
1455.455,20030.000,17327.000,15585.000,14300.000,13347.000,12514.000,11736.000,11240.000,10661.000,10335.000
1457.109,19784.000,16958.000,15541.000,14102.000,13103.000,12363.000,11620.000,11115.000,10471.000,10136.000
1458.760,19978.000,17250.000,15601.000,14207.000,13349.000,12428.000,11758.000,11133.000,10514.000,10181.000
1460.412,19841.000,17100.000,15268.000,14129.000,13045.000,12239.000,11563.000,11018.000,10412.000,10155.000
1462.064,19558.000,16851.000,15131.000,13927.000,12936.000,12148.000,11551.000,10966.000,10271.000,9973.000
1463.715,19719.000,16973.000,15164.000,13987.000,12980.000,12402.000,11513.000,10875.000,10371.000,10043.000
1465.367,19833.000,16852.000,15156.000,13992.000,12931.000,12212.000,11279.000,10919.000,10294.000,9945.000
1467.017,19323.000,16526.000,14790.000,13638.000,12562.000,11809.000,10991.000,10652.000,10153.000,9649.000
1468.666,19048.000,16490.000,14831.000,13462.000,12481.000,11766.000,10967.000,10518.000,10017.000,9508.000
1470.317,19264.000,16568.000,14852.000,13537.000,12645.000,11869.000,11162.000,10581.000,10001.000,9605.000
1471.966,19297.000,16563.000,14781.000,14455.000,12607.000,11733.000,11042.000,10496.000,9881.000,9530.000
1473.617,19164.000,16576.000,14766.000,13491.000,12543.000,11676.000,10990.000,10515.000,9887.000,9429.000
1475.265,19437.000,16510.000,14721.000,13458.000,12636.000,11785.000,10949.000,10456.000,9853.000,9486.000
1476.913,19377.000,16323.000,14563.000,15893.000,12353.000,11643.000,10871.000,10361.000,9799.000,9388.000
1478.563,18897.000,16055.000,14368.000,13393.000,12212.000,11407.000,10637.000,10037.000,9531.000,9137.000
1480.210,18795.000,16205.000,14220.000,13024.000,12124.000,11463.000,10514.000,10018.000,9554.000,9289.000
1481.859,18938.000,16223.000,14366.000,13169.000,12231.000,11459.000,10536.000,10109.000,9616.000,9099.000
1483.506,18795.000,16076.000,14140.000,13126.000,12083.000,11381.000,10629.000,9954.000,9302.000,9174.000
1485.152,18858.000,15942.000,14234.000,13048.000,12010.000,11185.000,10347.000,9889.000,9419.000,8967.000
1486.800,18968.000,16275.000,14354.000,12966.000,12050.000,11323.000,10508.000,10002.000,9547.000,9063.000
1488.446,18933.000,15936.000,14330.000,12958.000,12057.000,11329.000,10524.000,9936.000,9377.000,9084.000
1490.093,18698.000,15742.000,14057.000,12711.000,11846.000,11073.000,10272.000,9831.000,9181.000,8932.000
1491.739,18592.000,15921.000,13958.000,12705.000,11728.000,11060.000,10397.000,9803.000,9212.000,8827.000
1493.384,18593.000,15860.000,14110.000,12771.000,11806.000,11093.000,10313.000,9783.000,9378.000,8900.000
1495.030,18707.000,15842.000,14193.000,12785.000,11823.000,11091.000,10319.000,9771.000,9248.000,8805.000
1496.674,18586.000,15875.000,14218.000,12708.000,11823.000,11231.000,10243.000,9840.000,9200.000,8759.000
1498.320,18829.000,15947.000,14262.000,12935.000,12069.000,11230.000,10577.000,9745.000,9339.000,8858.000
1499.964,18807.000,15805.000,14196.000,12715.000,11870.000,11005.000,10259.000,9761.000,9284.000,8887.000
1501.607,18526.000,15618.000,14083.000,12777.000,11673.000,11015.000,10195.000,9523.000,9108.000,8551.000
1503.252,18677.000,15865.000,14025.000,12669.000,11910.000,11080.000,10191.000,9702.000,9150.000,8794.000
1504.894,18592.000,15879.000,14182.000,12732.000,11945.000,11133.000,10287.000,9688.000,9199.000,8878.000
1506.539,18759.000,15873.000,14130.000,12850.000,11889.000,11041.000,10349.000,9745.000,9145.000,8821.000
1508.181,18966.000,15934.000,14219.000,12916.000,11996.000,11158.000,10382.000,9794.000,9335.000,8795.000
1509.823,18868.000,16130.000,14186.000,12905.000,12007.000,11175.000,10344.000,9860.000,9281.000,8948.000
1511.466,18921.000,16060.000,14268.000,13016.000,11854.000,11238.000,10414.000,9807.000,9348.000,8856.000
1513.107,18730.000,15941.000,14171.000,12736.000,11859.000,11076.000,10334.000,9799.000,9204.000,8776.000
1514.750,18842.000,16097.000,14180.000,12764.000,12010.000,11029.000,10401.000,9868.000,9191.000,8827.000
1516.390,18814.000,16029.000,14357.000,12860.000,11941.000,11179.000,10479.000,9902.000,9168.000,8977.000
1518.030,18994.000,16130.000,14219.000,12976.000,11923.000,11163.000,10373.000,9839.000,9384.000,8862.000
1519.672,19130.000,16105.000,14411.000,13169.000,12117.000,11190.000,10596.000,9884.000,9331.000,9018.000
1521.312,19220.000,16348.000,14594.000,13164.000,12232.000,11372.000,10578.000,10075.000,9441.000,9086.000
1522.953,19158.000,16245.000,14513.000,13220.000,12077.000,11392.000,10568.000,9988.000,9393.000,8996.000
1524.592,19036.000,16017.000,14272.000,12969.000,12105.000,11162.000,10476.000,9849.000,9406.000,8925.000
1526.230,18953.000,16125.000,14238.000,13204.000,12096.000,11313.000,10448.000,9895.000,9367.000,8951.000
1527.871,18918.000,16137.000,14398.000,13192.000,12122.000,11331.000,10580.000,10117.000,9397.000,8951.000
1529.509,19189.000,16400.000,14643.000,13226.000,12317.000,11338.000,10825.000,10017.000,9442.000,9166.000
1531.148,19195.000,16404.000,14563.000,13207.000,12380.000,11543.000,10733.000,10179.000,9558.000,9120.000
1532.786,19370.000,16559.000,14643.000,13474.000,12449.000,11626.000,10662.000,10307.000,9751.000,9113.000
1534.423,19198.000,16445.000,14601.000,13378.000,12208.000,11459.000,10691.000,10155.000,9588.000,9249.000
1536.061,19332.000,16491.000,14631.000,13305.000,12307.000,11584.000,10862.000,10259.000,9673.000,9212.000
1537.698,19239.000,16471.000,14758.000,13497.000,12496.000,11748.000,10989.000,10307.000,9783.000,9255.000
1539.336,19500.000,16596.000,14677.000,13448.000,12451.000,11624.000,11031.000,10301.000,9732.000,9390.000
1540.972,19534.000,16740.000,14886.000,13522.000,12730.000,11905.000,10983.000,10452.000,9833.000,9491.000
1542.607,19696.000,16803.000,15072.000,13631.000,12691.000,11906.000,11093.000,10385.000,9874.000,9518.000
1544.244,19737.000,16970.000,15076.000,13805.000,12641.000,11816.000,11121.000,10509.000,10021.000,9499.000
1545.879,19895.000,16863.000,14973.000,13726.000,12622.000,11851.000,11229.000,10463.000,10004.000,9503.000
1547.515,19646.000,16729.000,15026.000,13529.000,12531.000,11769.000,11158.000,10396.000,9904.000,9492.000
1549.150,19575.000,16614.000,14944.000,13561.000,12600.000,11858.000,11070.000,10355.000,9782.000,9405.000
1550.784,19433.000,16577.000,14810.000,13402.000,12608.000,11745.000,10733.000,10348.000,9746.000,9372.000
1552.419,19583.000,16677.000,14881.000,13653.000,12730.000,11776.000,10914.000,10400.000,9683.000,9436.000
1554.053,19793.000,16663.000,15024.000,13608.000,12547.000,11949.000,11028.000,10417.000,9871.000,9352.000
1555.688,19656.000,16704.000,14899.000,13591.000,12684.000,11760.000,10947.000,10374.000,9855.000,9378.000
1557.320,19704.000,16635.000,14916.000,13549.000,12495.000,11617.000,10883.000,10398.000,9745.000,9435.000
1558.953,19375.000,16665.000,14873.000,13380.000,12462.000,11610.000,10856.000,10361.000,9726.000,9313.000
1560.587,19451.000,16678.000,14819.000,13483.000,12415.000,11633.000,10877.000,10361.000,9679.000,9261.000
1562.219,19457.000,16641.000,14871.000,13431.000,12531.000,11623.000,10862.000,10323.000,9755.000,9341.000
1563.852,19528.000,16684.000,14908.000,13518.000,12488.000,11710.000,10902.000,10293.000,9716.000,9368.000
1565.483,19775.000,16679.000,14818.000,13414.000,12536.000,11816.000,10999.000,10336.000,9826.000,9347.000
1567.116,19512.000,16663.000,14733.000,13639.000,12436.000,11671.000,10927.000,10335.000,9614.000,9428.000
1568.746,19519.000,16644.000,14912.000,13612.000,12434.000,11701.000,10854.000,10372.000,9801.000,9289.000
1570.377,19466.000,16594.000,14963.000,13507.000,12625.000,11688.000,10914.000,10488.000,9776.000,9415.000
1572.008,19415.000,16465.000,14888.000,13321.000,12362.000,11555.000,10855.000,10323.000,9816.000,9255.000
1573.638,19519.000,16631.000,14791.000,13447.000,12447.000,11648.000,10842.000,10347.000,9835.000,9293.000
1575.269,19680.000,16835.000,14864.000,13581.000,12606.000,11625.000,11024.000,10399.000,9800.000,9382.000
1576.898,19810.000,16919.000,15000.000,13581.000,12770.000,11882.000,10987.000,10486.000,9865.000,9550.000
1578.527,19684.000,16778.000,14999.000,13639.000,12611.000,11879.000,10949.000,10411.000,9793.000,9362.000
1580.157,19765.000,16832.000,14939.000,13520.000,12438.000,11869.000,10962.000,10394.000,9782.000,9467.000
1581.785,19633.000,16873.000,14909.000,13530.000,12490.000,11860.000,11003.000,10360.000,9799.000,9376.000
1583.415,19395.000,16502.000,14623.000,13235.000,12539.000,11580.000,10767.000,10322.000,9736.000,9339.000
1585.043,19746.000,16934.000,14841.000,13587.000,12576.000,11670.000,10854.000,10268.000,9724.000,9377.000
1586.670,19985.000,16915.000,15137.000,13848.000,12864.000,11972.000,11083.000,10440.000,9839.000,9632.000
1588.299,20007.000,17033.000,15136.000,13903.000,12883.000,11963.000,11112.000,10537.000,9917.000,9581.000
1589.925,20058.000,16936.000,15075.000,13789.000,12793.000,12001.000,11142.000,10575.000,9911.000,9573.000
1591.553,19940.000,16883.000,15151.000,13918.000,12844.000,12132.000,11267.000,10579.000,9996.000,9598.000
1593.179,20096.000,17117.000,15428.000,14025.000,12917.000,12164.000,11320.000,10687.000,10175.000,9757.000
1594.805,20209.000,17249.000,15294.000,13973.000,12956.000,12145.000,11362.000,10756.000,10167.000,9695.000
1596.432,20108.000,17073.000,15277.000,14055.000,13096.000,12319.000,11427.000,10794.000,10365.000,9792.000
1598.057,20477.000,17443.000,15555.000,14338.000,13162.000,12366.000,11668.000,10969.000,10251.000,9991.000
1599.684,20430.000,17602.000,15612.000,14226.000,13190.000,12256.000,11688.000,10889.000,10289.000,9943.000
1601.308,20315.000,17261.000,15571.000,14165.000,13059.000,12354.000,11466.000,10747.000,10265.000,9771.000
1602.932,20383.000,17354.000,15541.000,14231.000,13249.000,12369.000,11495.000,11002.000,10356.000,9959.000
1604.558,20317.000,17393.000,15673.000,14207.000,13258.000,12234.000,11648.000,10909.000,10263.000,9812.000
1606.181,20272.000,17259.000,15342.000,14149.000,13196.000,12310.000,11536.000,10846.000,10311.000,9850.000
1607.806,20150.000,17211.000,15322.000,13968.000,13001.000,12200.000,11432.000,10863.000,10234.000,9811.000
1609.429,20406.000,17613.000,15532.000,14308.000,13351.000,12531.000,11712.000,11055.000,10415.000,9990.000
1611.052,20412.000,17625.000,15720.000,14313.000,13281.000,12507.000,11532.000,11019.000,10438.000,10093.000
1612.676,20132.000,17229.000,15484.000,14088.000,12951.000,12179.000,11273.000,10797.000,10274.000,9656.000
1614.298,20188.000,17380.000,15514.000,13984.000,13054.000,12405.000,11499.000,10910.000,10292.000,9807.000
1615.921,20220.000,17170.000,15403.000,13927.000,12970.000,12247.000,11347.000,10745.000,10247.000,9728.000
1617.543,19814.000,17022.000,15164.000,13857.000,12878.000,12053.000,11267.000,10601.000,10159.000,9573.000
1619.164,19803.000,17130.000,15219.000,13934.000,12889.000,12078.000,11299.000,10708.000,10067.000,9675.000
1620.786,20358.000,17382.000,15491.000,14131.000,13074.000,12281.000,11491.000,11027.000,10389.000,9832.000
1622.407,20340.000,17468.000,15524.000,14214.000,13200.000,12239.000,11507.000,10885.000,10316.000,9888.000
1624.029,20055.000,17196.000,15309.000,13967.000,13048.000,12120.000,11281.000,10733.000,10276.000,9735.000
1625.649,20323.000,17413.000,15459.000,14145.000,13173.000,12389.000,11566.000,10870.000,10296.000,9855.000
1627.268,20485.000,17481.000,15752.000,14238.000,13183.000,12413.000,11567.000,11013.000,10461.000,10009.000
1628.889,20227.000,17271.000,15414.000,14136.000,13066.000,12334.000,11433.000,10810.000,10331.000,9832.000
1630.508,20450.000,17408.000,15494.000,14359.000,13197.000,12292.000,11581.000,11036.000,10327.000,9927.000
1632.128,20654.000,17796.000,15873.000,14418.000,13327.000,12681.000,11680.000,11216.000,10682.000,10268.000
1633.747,21049.000,18151.000,15940.000,14562.000,13719.000,12801.000,11986.000,11337.000,10714.000,10420.000
1635.365,20767.000,17872.000,16071.000,14643.000,13691.000,12779.000,11964.000,11333.000,10773.000,10294.000
1636.984,21056.000,17772.000,16164.000,14724.000,13694.000,12760.000,12124.000,11585.000,10906.000,10541.000
1638.602,21354.000,18337.000,16409.000,15043.000,13976.000,13084.000,12360.000,11675.000,11106.000,10686.000
1640.221,21000.000,18111.000,16304.000,14955.000,13830.000,13055.000,12336.000,11728.000,11031.000,10706.000
1641.837,21236.000,18336.000,16307.000,15017.000,13997.000,13177.000,12362.000,11862.000,11214.000,10853.000
1643.454,22080.000,19059.000,17063.000,15568.000,14608.000,13710.000,12932.000,12356.000,11750.000,11309.000
1645.072,22088.000,18959.000,17046.000,15670.000,14840.000,13990.000,12921.000,12389.000,11801.000,11337.000
1646.688,22097.000,18989.000,17153.000,15611.000,14747.000,13793.000,13060.000,12462.000,11751.000,11338.000
1648.305,22106.000,19066.000,17199.000,15970.000,14946.000,14063.000,13278.000,12594.000,12083.000,11539.000
1649.920,22553.000,19593.000,17788.000,16153.000,15331.000,14392.000,13489.000,12798.000,12316.000,11901.000
1651.535,22368.000,19369.000,17556.000,16202.000,15209.000,14415.000,13581.000,12914.000,12351.000,11928.000
1653.152,22412.000,19396.000,17705.000,16208.000,15155.000,14390.000,13475.000,13006.000,12342.000,11961.000
1654.766,23193.000,20403.000,18475.000,17094.000,16112.000,15179.000,14156.000,13667.000,12973.000,12482.000
1656.382,23667.000,20542.000,18668.000,17259.000,16187.000,15411.000,14390.000,13794.000,13230.000,12763.000
1657.996,23549.000,20658.000,18766.000,17374.000,16556.000,15593.000,14724.000,14091.000,13433.000,12864.000
1659.609,24286.000,21311.000,19448.000,17963.000,16890.000,15916.000,15118.000,14505.000,13915.000,13542.000
1661.224,24466.000,21597.000,19659.000,18223.000,17079.000,16269.000,15192.000,14669.000,14025.000,13491.000
1662.837,24059.000,21060.000,19380.000,17892.000,16787.000,16005.000,15056.000,14393.000,13593.000,13285.000
1664.451,23576.000,20530.000,18824.000,17325.000,16266.000,15573.000,14577.000,14023.000,13468.000,13038.000
1666.063,23829.000,20798.000,18823.000,17426.000,16339.000,15413.000,14630.000,13981.000,13454.000,12973.000
1667.675,23677.000,20341.000,18494.000,16994.000,16017.000,15073.000,14188.000,13587.000,12901.000,12597.000
1669.289,22424.000,19582.000,17600.000,16238.000,15156.000,14444.000,13593.000,12854.000,12297.000,11794.000
1670.900,22177.000,19182.000,17250.000,15818.000,15046.000,13955.000,13086.000,12629.000,12083.000,11561.000
1672.513,21945.000,19228.000,17219.000,15728.000,14649.000,13942.000,13038.000,12473.000,11772.000,11388.000
1674.124,21385.000,18569.000,16628.000,15286.000,14244.000,13434.000,12487.000,12055.000,11414.000,11010.000
1675.734,20957.000,18223.000,16271.000,14986.000,13838.000,13018.000,12301.000,11835.000,11159.000,10695.000
1677.346,21161.000,18132.000,16272.000,14796.000,14032.000,13104.000,12241.000,11694.000,11037.000,10645.000
1678.956,21506.000,18162.000,16283.000,15091.000,13979.000,13124.000,12208.000,11649.000,11051.000,10597.000
1680.567,20589.000,17571.000,15876.000,14452.000,13396.000,12567.000,11687.000,11195.000,10774.000,10211.000
1682.176,20484.000,17524.000,15690.000,14414.000,13327.000,12391.000,11866.000,11130.000,10495.000,10074.000
1683.785,20845.000,17931.000,15826.000,14536.000,13600.000,12708.000,11890.000,11484.000,10683.000,10258.000
1685.395,20157.000,17313.000,15359.000,14033.000,13001.000,12281.000,11558.000,10775.000,10230.000,9814.000
1687.004,19861.000,16860.000,15116.000,13819.000,12915.000,12024.000,11292.000,10586.000,10017.000,9602.000
1688.613,20114.000,17336.000,15389.000,13939.000,13092.000,12160.000,11070.000,10735.000,10216.000,9687.000
1690.221,20375.000,17256.000,15320.000,14047.000,12992.000,12019.000,11346.000,10690.000,10117.000,9765.000
1691.829,19914.000,16817.000,15063.000,13810.000,12754.000,11835.000,10980.000,10595.000,9822.000,9505.000
1693.437,19527.000,16471.000,14984.000,13484.000,12560.000,11662.000,11079.000,10199.000,9707.000,9455.000
1695.044,20139.000,17113.000,15111.000,13813.000,12813.000,11930.000,11070.000,10475.000,9894.000,9440.000
1696.652,19576.000,16651.000,14763.000,13323.000,12457.000,11554.000,10789.000,10300.000,9681.000,9287.000
1698.259,19132.000,16360.000,14451.000,13105.000,12285.000,11215.000,10526.000,10037.000,9451.000,9086.000
1699.864,19826.000,16598.000,14696.000,13490.000,12437.000,11545.000,10742.000,10267.000,9737.000,9249.000
1701.472,19670.000,16865.000,14877.000,13574.000,12400.000,11608.000,10811.000,10310.000,9528.000,9196.000
1703.077,19393.000,16512.000,14659.000,13342.000,12195.000,11301.000,10651.000,9963.000,9471.000,9055.000
1704.684,19332.000,16371.000,14512.000,13169.000,12184.000,11249.000,10493.000,9866.000,9407.000,9047.000
1706.288,19372.000,16639.000,14755.000,13362.000,12307.000,11436.000,10717.000,10101.000,9566.000,9199.000
1707.893,19586.000,16608.000,14805.000,13439.000,12299.000,11490.000,10711.000,10110.000,9468.000,9140.000
1709.499,18841.000,16185.000,14328.000,12957.000,11972.000,11036.000,10367.000,9915.000,9313.000,8883.000
1711.102,19231.000,16352.000,14319.000,13018.000,12057.000,11317.000,10428.000,9905.000,9287.000,8987.000
1712.708,19728.000,16729.000,14742.000,13443.000,12484.000,11497.000,10801.000,10193.000,9571.000,9070.000
1714.311,19219.000,16383.000,14601.000,13200.000,12168.000,11209.000,10400.000,9951.000,9364.000,8852.000
1715.914,19206.000,16283.000,14389.000,13028.000,12039.000,11283.000,10505.000,9886.000,9415.000,8947.000
1717.518,19551.000,16540.000,14683.000,13226.000,12253.000,11398.000,10682.000,9925.000,9537.000,8999.000
1719.120,19317.000,16548.000,14501.000,13228.000,12267.000,11335.000,10633.000,9988.000,9343.000,8986.000
1720.724,19015.000,15922.000,14109.000,12789.000,11942.000,11064.000,10321.000,9638.000,9117.000,8662.000
1722.326,18994.000,16122.000,14291.000,12871.000,11866.000,11123.000,10261.000,9763.000,9168.000,8843.000
1723.927,19930.000,16719.000,14881.000,13361.000,12295.000,11468.000,10754.000,10175.000,9573.000,8984.000
1725.530,19108.000,16226.000,14494.000,12945.000,11982.000,11380.000,10443.000,9772.000,9190.000,8817.000
1727.131,18746.000,15994.000,14079.000,12783.000,11779.000,11052.000,10194.000,9713.000,9143.000,8745.000
1728.733,19487.000,16433.000,14528.000,13234.000,12214.000,11307.000,10532.000,9921.000,9321.000,8885.000
1730.333,19204.000,16231.000,14426.000,13010.000,11946.000,11324.000,10383.000,9893.000,9379.000,8806.000
1731.933,18970.000,15970.000,13974.000,12715.000,11695.000,10957.000,10144.000,9604.000,9072.000,8626.000
1733.534,18769.000,15899.000,14086.000,12739.000,11844.000,10787.000,10081.000,9649.000,8999.000,8609.000
1735.133,19380.000,16414.000,14482.000,13155.000,12259.000,11239.000,10485.000,9785.000,9239.000,8768.000
1736.734,19108.000,16163.000,14314.000,12715.000,11986.000,11098.000,10249.000,9766.000,9168.000,8761.000
1738.333,18718.000,15751.000,14038.000,12752.000,11727.000,10912.000,10136.000,9557.000,8985.000,8603.000
1739.931,19146.000,16263.000,14339.000,13095.000,11896.000,11066.000,10283.000,9783.000,9100.000,8803.000
1741.531,19264.000,16307.000,14521.000,13120.000,11988.000,11195.000,10437.000,9742.000,9176.000,8746.000
1743.129,18584.000,15822.000,13905.000,12499.000,11620.000,10860.000,9913.000,9432.000,8893.000,8432.000
1744.728,18810.000,15831.000,13908.000,12619.000,11660.000,10681.000,10005.000,9542.000,9035.000,8478.000
1746.325,19165.000,16127.000,14356.000,12996.000,11812.000,11097.000,10256.000,9636.000,9173.000,8670.000
1747.922,19134.000,16310.000,14358.000,12983.000,12036.000,11193.000,10311.000,9736.000,9128.000,8697.000
1749.520,18836.000,15840.000,14032.000,12772.000,11680.000,11057.000,10068.000,9670.000,8925.000,8472.000
1751.116,18882.000,15965.000,14182.000,12776.000,11721.000,10949.000,10137.000,9426.000,9049.000,8506.000
1752.714,19250.000,16337.000,14517.000,12967.000,12083.000,11240.000,10300.000,9715.000,9299.000,8803.000
1754.310,18571.000,15791.000,14003.000,12603.000,11611.000,10791.000,10087.000,9274.000,8872.000,8458.000
1755.905,18400.000,15656.000,13817.000,12547.000,11565.000,10647.000,9904.000,9361.000,8771.000,8434.000
1757.502,19286.000,16414.000,14373.000,13069.000,12059.000,11123.000,10303.000,9641.000,9116.000,8719.000
1759.097,19093.000,16051.000,13955.000,12840.000,11897.000,11044.000,10181.000,9584.000,8981.000,8646.000
1760.693,18555.000,15695.000,13798.000,12563.000,11597.000,10705.000,9905.000,9429.000,8848.000,8383.000
1762.287,18715.000,15788.000,13847.000,12724.000,11654.000,10800.000,10026.000,9370.000,8979.000,8510.000
1763.881,19521.000,16310.000,14493.000,13071.000,12019.000,11238.000,10206.000,9759.000,9090.000,8825.000
1765.476,18857.000,15928.000,14141.000,12612.000,11630.000,10820.000,10002.000,9433.000,8875.000,8527.000
1767.070,18341.000,15509.000,13614.000,12373.000,11452.000,10635.000,9722.000,9162.000,8757.000,8326.000
1768.664,19196.000,16238.000,14315.000,13055.000,11858.000,11155.000,10231.000,9671.000,9130.000,8662.000
1770.257,19099.000,16039.000,14233.000,12848.000,12055.000,11111.000,10292.000,9674.000,9043.000,8641.000
1771.849,18657.000,15726.000,13853.000,12695.000,11511.000,10882.000,9983.000,9355.000,8879.000,8383.000
1773.443,18965.000,16048.000,14184.000,12806.000,11760.000,10989.000,10185.000,9636.000,8982.000,8673.000
1775.035,19443.000,16230.000,14229.000,12956.000,12021.000,11018.000,10165.000,9692.000,9092.000,8698.000
1776.628,18793.000,16060.000,14212.000,12797.000,11733.000,10941.000,10012.000,9463.000,9004.000,8535.000
1778.219,18621.000,15691.000,13806.000,12427.000,11437.000,10659.000,9774.000,9224.000,8754.000,8292.000
1779.810,19106.000,16142.000,14147.000,12757.000,11820.000,11007.000,10156.000,9612.000,9024.000,8573.000
1781.403,19537.000,16529.000,14431.000,13090.000,12017.000,11338.000,10385.000,9887.000,9202.000,8804.000
1782.993,19008.000,15988.000,13920.000,12588.000,11649.000,10976.000,10077.000,9437.000,8937.000,8526.000
1784.585,18637.000,15830.000,13939.000,12548.000,11640.000,10917.000,10047.000,9541.000,8866.000,8547.000
1786.174,19188.000,16234.000,14309.000,12915.000,11942.000,11141.000,10316.000,9555.000,9091.000,8612.000
1787.764,18967.000,16022.000,14085.000,12881.000,11796.000,11013.000,10152.000,9459.000,8968.000,8535.000
1789.355,18567.000,15593.000,13818.000,12568.000,11524.000,10684.000,9968.000,9335.000,8724.000,8416.000
1790.944,18620.000,15849.000,13886.000,12509.000,11662.000,10828.000,10047.000,9466.000,8905.000,8441.000
1792.534,19374.000,16155.000,14418.000,12877.000,12028.000,11082.000,10219.000,9737.000,9141.000,8758.000
1794.122,18844.000,15975.000,14045.000,12748.000,11809.000,10806.000,10012.000,9514.000,8922.000,8567.000
1795.710,18338.000,15570.000,13678.000,12344.000,11511.000,10589.000,9815.000,9309.000,8733.000,8346.000
1797.299,19437.000,16319.000,14366.000,13062.000,12129.000,11130.000,10414.000,9787.000,9232.000,8730.000
1798.887,19141.000,16088.000,14283.000,12996.000,11822.000,11646.000,10289.000,9665.000,9074.000,8572.000
1800.475,18640.000,15587.000,13774.000,12332.000,11324.000,10856.000,9762.000,9233.000,8739.000,8321.000
1802.062,18753.000,15892.000,13909.000,12529.000,11649.000,10782.000,9979.000,9504.000,8821.000,8515.000
1803.649,19286.000,16291.000,14342.000,12923.000,11980.000,11111.000,10323.000,9712.000,9288.000,8654.000
1805.236,19177.000,16024.000,14292.000,12808.000,11864.000,11001.000,10084.000,9682.000,8969.000,8521.000
1806.822,18594.000,15737.000,13995.000,12491.000,11553.000,10825.000,9917.000,9321.000,8824.000,8322.000
1808.410,19210.000,16414.000,14327.000,12986.000,12015.000,11010.000,10192.000,9777.000,9092.000,8714.000
1809.995,19379.000,16222.000,14460.000,13127.000,11991.000,11193.000,10349.000,9772.000,9151.000,8725.000
1811.582,18552.000,15728.000,13859.000,12606.000,11486.000,10676.000,10046.000,9424.000,8832.000,8325.000
1813.166,18956.000,16024.000,14092.000,12818.000,11615.000,10856.000,9989.000,9570.000,8828.000,8473.000
1814.751,19563.000,16316.000,14489.000,13043.000,12105.000,11346.000,10423.000,9723.000,9220.000,8840.000
1816.336,19219.000,16221.000,14286.000,12893.000,11828.000,11086.000,10084.000,9616.000,9101.000,8601.000
1817.920,18802.000,15923.000,14005.000,12697.000,11598.000,10788.000,10056.000,9388.000,8834.000,8406.000
1819.505,19082.000,16115.000,14279.000,12836.000,11892.000,11104.000,10243.000,9689.000,8924.000,8656.000
1821.089,19443.000,16451.000,14645.000,13172.000,12106.000,11297.000,10342.000,9780.000,9280.000,8737.000
1822.671,19117.000,15975.000,14145.000,12930.000,11632.000,10970.000,10123.000,9537.000,8940.000,8575.000
1824.256,18493.000,15582.000,13819.000,12530.000,11531.000,10786.000,9914.000,9431.000,8684.000,8362.000
1825.838,19468.000,16517.000,14437.000,13103.000,11958.000,11244.000,10433.000,9801.000,9245.000,8809.000
1827.422,19586.000,16325.000,14453.000,13143.000,11993.000,11205.000,10331.000,9758.000,9107.000,8699.000
1829.004,18722.000,15789.000,13974.000,12565.000,11561.000,10822.000,9921.000,9343.000,8880.000,8459.000
1830.585,19198.000,16069.000,14419.000,12851.000,11834.000,11004.000,10153.000,9650.000,8984.000,8695.000
1832.168,19614.000,16317.000,14582.000,13211.000,12149.000,11280.000,10332.000,9822.000,9218.000,8781.000
1833.749,19059.000,16154.000,14289.000,12904.000,11804.000,11002.000,10078.000,9592.000,9117.000,8633.000
1835.331,18579.000,15665.000,13796.000,12573.000,11452.000,10755.000,9920.000,9338.000,8709.000,8318.000
1836.911,19253.000,16176.000,14288.000,13032.000,12031.000,11022.000,10355.000,9637.000,9100.000,8827.000
1838.491,19752.000,16765.000,14716.000,13201.000,12165.000,11437.000,10472.000,9925.000,9269.000,8848.000
1840.072,18772.000,15843.000,13988.000,12664.000,11587.000,10823.000,9984.000,9418.000,8854.000,8404.000
1841.652,19110.000,16099.000,14164.000,12739.000,11744.000,10990.000,10189.000,9578.000,8923.000,8553.000
1843.233,19546.000,16625.000,14657.000,13257.000,12223.000,11307.000,10514.000,9701.000,9205.000,8849.000
1844.811,19335.000,16253.000,14164.000,12890.000,11845.000,11072.000,10171.000,9699.000,9087.000,8729.000
1846.390,18656.000,15787.000,13945.000,12700.000,11671.000,10843.000,9981.000,9412.000,8860.000,8383.000
1847.970,19215.000,16229.000,14304.000,12951.000,11867.000,10997.000,10278.000,9588.000,9003.000,8612.000
1849.548,19780.000,16575.000,14558.000,13362.000,12267.000,11230.000,10483.000,9923.000,9251.000,8817.000
1851.127,19368.000,16184.000,14244.000,12899.000,11913.000,11083.000,10234.000,9758.000,9059.000,8683.000
1852.704,18974.000,16126.000,14149.000,12648.000,11724.000,11027.000,9979.000,9630.000,9042.000,8657.000
1854.281,19819.000,16531.000,14726.000,13314.000,12268.000,11368.000,10405.000,9954.000,9343.000,8832.000
1855.860,19564.000,16507.000,14541.000,13695.000,12226.000,11233.000,10369.000,9734.000,9386.000,8818.000
1857.436,18804.000,15947.000,13907.000,13367.000,11628.000,10936.000,9982.000,9469.000,8821.000,8523.000
1859.014,19134.000,16152.000,14314.000,12872.000,11703.000,11005.000,10146.000,9692.000,9115.000,8683.000
1860.590,19720.000,16569.000,14637.000,13260.000,12167.000,11289.000,10464.000,9820.000,9311.000,8816.000
1862.165,19573.000,16483.000,14555.000,13041.000,12087.000,11222.000,10341.000,9843.000,9173.000,8776.000
1863.742,19068.000,16100.000,14207.000,12914.000,11847.000,10960.000,10186.000,9628.000,9034.000,8622.000
1865.317,19312.000,16360.000,14425.000,13031.000,11944.000,11070.000,10397.000,9663.000,9178.000,9735.000
1866.894,19728.000,16743.000,14873.000,13414.000,12347.000,11418.000,10683.000,10072.000,9400.000,9003.000
1868.468,18954.000,16052.000,14087.000,12740.000,11923.000,10888.000,10197.000,9620.000,9121.000,8504.000
1870.042,18879.000,16076.000,14083.000,12666.000,11712.000,10959.000,10164.000,9573.000,8909.000,8584.000
1871.617,19790.000,16757.000,14746.000,13383.000,12317.000,11539.000,10556.000,9928.000,9411.000,9475.000
1873.191,19507.000,16411.000,14571.000,13121.000,12050.000,11292.000,10348.000,9757.000,9263.000,8750.000
1874.766,19092.000,16042.000,14314.000,12691.000,11738.000,11080.000,10265.000,9571.000,8964.000,8570.000
1876.339,19362.000,16302.000,14254.000,12964.000,11888.000,11139.000,10400.000,9829.000,9055.000,8670.000
1877.911,20010.000,16877.000,14851.000,13407.000,12395.000,11531.000,10623.000,10157.000,9374.000,9047.000
1879.485,19401.000,16383.000,14363.000,13097.000,11921.000,11099.000,10361.000,9794.000,9100.000,8711.000
1881.057,18936.000,15959.000,14067.000,12764.000,11673.000,10797.000,10093.000,9516.000,8932.000,8423.000
1882.631,19810.000,16808.000,14743.000,13235.000,12196.000,11387.000,10578.000,9949.000,9411.000,9046.000
1884.202,19919.000,16607.000,14719.000,13492.000,12378.000,11453.000,10563.000,9868.000,9313.000,8880.000
1885.773,19169.000,16198.000,14331.000,12978.000,11823.000,11030.000,10260.000,9691.000,9100.000,8689.000
1887.346,19410.000,16430.000,14445.000,13223.000,12092.000,11201.000,10444.000,9865.000,9348.000,8831.000
1888.917,19985.000,16912.000,14842.000,13293.000,12350.000,11395.000,10675.000,10023.000,9505.000,9013.000
1890.489,19743.000,16550.000,14616.000,13200.000,12182.000,11287.000,10560.000,9864.000,9211.000,8870.000
1892.058,19117.000,16220.000,14311.000,12861.000,11958.000,11039.000,10209.000,9606.000,9080.000,8666.000
1893.628,19541.000,16471.000,14458.000,13176.000,12073.000,11190.000,10449.000,9807.000,9236.000,8853.000
1895.199,20378.000,17056.000,15018.000,13576.000,12505.000,11655.000,10675.000,10146.000,9475.000,9201.000
1896.768,19639.000,16455.000,14581.000,13175.000,12068.000,11293.000,10428.000,9924.000,9191.000,8834.000
1898.339,19095.000,16348.000,14386.000,12990.000,11895.000,11025.000,10278.000,9717.000,9109.000,8786.000
1899.907,20084.000,16811.000,14746.000,13344.000,12515.000,11406.000,10654.000,10126.000,9311.000,8985.000
1901.476,19947.000,16784.000,14901.000,13466.000,12394.000,11461.000,10651.000,9967.000,9312.000,8896.000
1903.045,19437.000,16512.000,14302.000,12995.000,11869.000,11123.000,10353.000,9693.000,9160.000,8585.000
1904.613,19404.000,16393.000,14424.000,13067.000,11964.000,11188.000,10226.000,9718.000,9214.000,8683.000
1906.182,19952.000,16851.000,14993.000,13496.000,12420.000,11527.000,10687.000,10062.000,9482.000,9144.000
1907.749,19891.000,16964.000,15036.000,13387.000,12249.000,11517.000,10541.000,10142.000,9350.000,9008.000
1909.316,19221.000,16140.000,14278.000,12983.000,11909.000,11182.000,10260.000,9638.000,9133.000,8714.000
1910.884,20128.000,16757.000,14890.000,13425.000,12399.000,11483.000,10646.000,9943.000,9401.000,8965.000
1912.450,20436.000,17104.000,15160.000,13732.000,12617.000,11672.000,10793.000,10210.000,9603.000,9088.000
1914.018,19452.000,16231.000,14389.000,12952.000,11945.000,11050.000,10177.000,9555.000,9152.000,8710.000
1915.583,19640.000,16383.000,14425.000,13061.000,12040.000,11183.000,10365.000,9730.000,9173.000,8831.000
1917.149,20132.000,16928.000,14960.000,13559.000,12294.000,11557.000,10653.000,10111.000,9496.000,9100.000
1918.716,20035.000,16940.000,14912.000,13520.000,12400.000,11564.000,10679.000,10147.000,9492.000,8987.000
1920.280,19601.000,16528.000,14634.000,13059.000,12108.000,11311.000,10332.000,9859.000,9253.000,8830.000
1921.846,19754.000,16719.000,14730.000,13313.000,12308.000,11303.000,10559.000,9886.000,9355.000,8919.000
1923.411,20432.000,17150.000,15236.000,13704.000,12602.000,11755.000,10798.000,10219.000,9692.000,9245.000
1924.974,19719.000,16583.000,14822.000,13208.000,12271.000,11480.000,10589.000,9988.000,9294.000,8907.000
1926.540,19349.000,16441.000,14476.000,12969.000,12148.000,11171.000,10454.000,9746.000,9199.000,8809.000
1928.103,20090.000,16923.000,14909.000,13466.000,12464.000,11486.000,10616.000,10158.000,9505.000,9122.000
1929.668,20381.000,17093.000,15010.000,13542.000,12616.000,11523.000,10826.000,10133.000,9527.000,9171.000
1931.230,19756.000,16746.000,14623.000,13278.000,12199.000,11415.000,10541.000,9836.000,9291.000,8919.000
1932.793,19893.000,16787.000,14729.000,13167.000,12212.000,11272.000,10427.000,9911.000,9309.000,8943.000
1934.357,20285.000,17125.000,15025.000,13621.000,12564.000,11651.000,10797.000,10146.000,9573.000,9167.000
1935.919,20379.000,17291.000,15250.000,13530.000,12527.000,11568.000,10819.000,10285.000,9515.000,9202.000
1937.482,19580.000,16683.000,14541.000,13029.000,12094.000,11321.000,10520.000,9898.000,9274.000,8880.000
1939.043,19687.000,16604.000,14674.000,13384.000,12172.000,11305.000,10567.000,9899.000,9365.000,9023.000
1940.606,20566.000,17275.000,15322.000,13770.000,12635.000,11755.000,11040.000,10274.000,9681.000,9290.000
1942.166,20010.000,16927.000,14919.000,13603.000,12366.000,11551.000,10562.000,10067.000,9552.000,9147.000
1943.727,19789.000,16680.000,14703.000,13163.000,12178.000,11405.000,10513.000,10056.000,9399.000,8916.000
1945.289,20186.000,17076.000,15003.000,13735.000,12597.000,11701.000,10865.000,10251.000,9604.000,9144.000
1946.848,20456.000,17169.000,15227.000,13647.000,12549.000,11621.000,10813.000,10208.000,9514.000,9149.000
1948.410,19701.000,16719.000,14575.000,13312.000,12267.000,11321.000,10463.000,9889.000,9328.000,8952.000
1949.969,19558.000,16524.000,14497.000,13135.000,12212.000,11273.000,10502.000,9830.000,9245.000,8870.000
1951.528,20662.000,17329.000,15391.000,13841.000,12874.000,12011.000,10976.000,10363.000,9760.000,9445.000
1953.088,20354.000,17158.000,15141.000,13758.000,12732.000,11779.000,10945.000,10164.000,9714.000,9239.000
1954.647,19651.000,16687.000,14634.000,13234.000,12246.000,11372.000,10541.000,9857.000,9334.000,8808.000
1956.206,20093.000,17075.000,15105.000,13523.000,12500.000,11685.000,10818.000,10071.000,9672.000,9223.000
1957.764,20463.000,17331.000,15365.000,13844.000,12893.000,11830.000,10923.000,10331.000,9676.000,9251.000
1959.322,19940.000,16966.000,14928.000,13434.000,12480.000,11484.000,10564.000,10120.000,9471.000,9168.000
1960.881,19900.000,16748.000,14816.000,13262.000,12374.000,11420.000,10566.000,10009.000,9434.000,9177.000
1962.438,20153.000,17311.000,15135.000,13590.000,12533.000,11678.000,10954.000,10231.000,9586.000,9200.000
1963.996,20379.000,17448.000,15356.000,13967.000,12696.000,11936.000,11002.000,10408.000,9707.000,9317.000
1965.552,19954.000,16988.000,14952.000,13424.000,12481.000,11480.000,10689.000,10118.000,9508.000,9164.000
1967.108,20276.000,17074.000,15149.000,13633.000,12559.000,11595.000,10862.000,10217.000,9552.000,9027.000
1968.666,20910.000,17564.000,15347.000,14019.000,13015.000,11949.000,11208.000,10455.000,9889.000,9423.000
1970.221,20402.000,17259.000,15407.000,13693.000,12700.000,11836.000,10933.000,10294.000,9735.000,9196.000
1971.778,19914.000,16711.000,14916.000,13276.000,12390.000,11399.000,10585.000,9929.000,9433.000,9034.000
1973.333,20189.000,17202.000,14985.000,13606.000,12540.000,11541.000,10781.000,11137.000,9570.000,9156.000
1974.888,20625.000,17474.000,15410.000,13991.000,12897.000,11937.000,11092.000,10365.000,9795.000,9391.000
1976.444,20478.000,17343.000,15241.000,13761.000,12661.000,11659.000,10896.000,10311.000,9501.000,9240.000
1977.998,20206.000,16823.000,15060.000,13491.000,12416.000,11608.000,10770.000,10139.000,9524.000,9089.000
1979.553,20487.000,17292.000,15247.000,13734.000,12711.000,11762.000,10973.000,10442.000,9658.000,9254.000
1981.107,20779.000,17665.000,15555.000,13996.000,12869.000,12046.000,11216.000,10464.000,9867.000,9412.000
1982.660,20097.000,16928.000,14999.000,13543.000,12457.000,11503.000,10734.000,10250.000,9648.000,9129.000
1984.215,20148.000,16999.000,15081.000,13555.000,12496.000,11633.000,10667.000,10023.000,9532.000,9125.000
1985.767,20848.000,17483.000,15512.000,14071.000,12924.000,12182.000,11184.000,10529.000,9911.000,9357.000
1987.321,20553.000,17309.000,15320.000,13695.000,12816.000,11897.000,10853.000,10390.000,9674.000,9352.000
1988.873,20078.000,17223.000,15049.000,13575.000,12475.000,11667.000,10685.000,10049.000,9650.000,9217.000
1990.425,20416.000,17271.000,15354.000,13646.000,12699.000,11801.000,10886.000,10383.000,9763.000,9376.000
1991.978,20994.000,17639.000,15708.000,14144.000,13089.000,12231.000,11404.000,10641.000,9949.000,9541.000
1993.529,20511.000,17117.000,15273.000,13899.000,12602.000,11819.000,10972.000,10333.000,9725.000,9214.000
1995.082,19915.000,16839.000,14908.000,13504.000,12419.000,11505.000,10683.000,10050.000,9467.000,9212.000
1996.633,20678.000,17436.000,15408.000,13948.000,12945.000,11910.000,11144.000,10397.000,9752.000,9316.000
1998.183,20925.000,17640.000,15558.000,14144.000,13095.000,12122.000,11212.000,10532.000,9921.000,9593.000
1999.735,20526.000,17287.000,15234.000,13705.000,12780.000,11760.000,10857.000,10316.000,9758.000,9341.000
2001.284,20343.000,17467.000,15345.000,13922.000,12911.000,11906.000,10901.000,10301.000,9815.000,9300.000
2002.836,20973.000,17648.000,15585.000,14189.000,12990.000,12123.000,11199.000,10527.000,9975.000,9521.000
2004.385,20909.000,17649.000,15412.000,13980.000,12802.000,11909.000,11074.000,10542.000,9948.000,9477.000
2005.934,20290.000,17198.000,15262.000,13686.000,12672.000,11823.000,10926.000,10323.000,9694.000,9242.000
2007.484,20689.000,17455.000,15373.000,13950.000,12786.000,11863.000,11100.000,10574.000,9886.000,9380.000
2009.032,21007.000,17824.000,15674.000,14223.000,13111.000,12215.000,11387.000,10710.000,10043.000,9519.000
2010.582,20902.000,17752.000,15562.000,13978.000,13017.000,12080.000,11321.000,10672.000,10008.000,9516.000
2012.130,20565.000,17396.000,15287.000,13901.000,12819.000,11860.000,10915.000,10431.000,9780.000,9226.000
2013.677,21048.000,17734.000,15670.000,14175.000,13146.000,12195.000,11285.000,10683.000,10003.000,9542.000
2015.226,21244.000,17920.000,15930.000,14294.000,13166.000,12335.000,11386.000,10670.000,10121.000,9846.000
2016.773,20644.000,17523.000,15404.000,14034.000,12927.000,12114.000,11186.000,10572.000,10051.000,9464.000
2018.321,20554.000,17394.000,15572.000,13879.000,12941.000,12026.000,11032.000,10483.000,9771.000,9505.000
2019.868,20972.000,17826.000,15806.000,14265.000,13122.000,12255.000,11424.000,10707.000,10228.000,9631.000
2021.414,21197.000,17854.000,15859.000,14322.000,13335.000,12336.000,11571.000,10804.000,10300.000,9831.000
2022.961,20799.000,17711.000,15536.000,14034.000,12870.000,12188.000,11130.000,10475.000,9872.000,9573.000
2024.506,21125.000,17883.000,15668.000,14235.000,13108.000,12158.000,11390.000,10769.000,10197.000,9739.000
2026.053,21616.000,18212.000,16176.000,14707.000,13549.000,12676.000,11789.000,11065.000,10385.000,9976.000
2027.598,21125.000,17952.000,15768.000,14286.000,13236.000,12247.000,11401.000,10886.000,10208.000,9743.000
