282.050,12721.000,11049.000,10038.000,9452.000,8794.000,8216.000,7902.000,7523.000,7019.000,6816.000
283.933,12766.000,11116.000,10172.000,9344.000,8831.000,8282.000,7835.000,7481.000,7193.000,6848.000
285.818,12593.000,11084.000,10076.000,9242.000,8632.000,8166.000,7842.000,7415.000,7063.000,6706.000
287.700,12654.000,10880.000,10033.000,9281.000,8707.000,8232.000,7620.000,7395.000,6966.000,6719.000
289.584,12792.000,11042.000,10182.000,9269.000,8732.000,8338.000,7773.000,7437.000,7010.000,6722.000
291.465,12990.000,11332.000,10202.000,9578.000,8982.000,8372.000,7851.000,7622.000,7095.000,6878.000
293.346,12881.000,11381.000,10347.000,9479.000,8948.000,8351.000,7970.000,7578.000,7213.000,6902.000
295.229,12844.000,11196.000,10153.000,9451.000,8694.000,8204.000,7816.000,7450.000,7133.000,6751.000
297.109,12710.000,11089.000,9948.000,9280.000,8666.000,8113.000,7724.000,7429.000,7039.000,6737.000
298.991,12707.000,11067.000,10028.000,9260.000,8646.000,8095.000,7791.000,7326.000,7013.000,6695.000
300.870,12847.000,11221.000,10250.000,9354.000,8835.000,8248.000,7790.000,7498.000,7089.000,6842.000
302.749,13097.000,11357.000,10281.000,9485.000,8836.000,8374.000,7806.000,7522.000,7142.000,6934.000
304.630,13106.000,11350.000,10253.000,9432.000,8972.000,8474.000,7971.000,7524.000,7197.000,6844.000
306.508,13059.000,11294.000,10100.000,9431.000,8865.000,8259.000,7783.000,7429.000,7172.000,6841.000
308.388,12821.000,11210.000,9931.000,9369.000,8671.000,8189.000,7783.000,7465.000,7045.000,6795.000
310.266,12810.000,11153.000,10073.000,9215.000,8704.000,8147.000,7751.000,7379.000,6975.000,6790.000
312.143,12966.000,11333.000,10178.000,9455.000,8798.000,8215.000,7747.000,7398.000,7062.000,6751.000
314.022,13127.000,11534.000,10356.000,9511.000,8899.000,8332.000,7902.000,7600.000,7209.000,6895.000
315.898,13017.000,11559.000,10504.000,9591.000,9031.000,8400.000,8040.000,7621.000,7266.000,6926.000
317.776,13199.000,11455.000,10289.000,9519.000,8803.000,8503.000,8008.000,7592.000,7119.000,6867.000
319.652,12845.000,11280.000,10195.000,9308.000,8685.000,8270.000,7777.000,7356.000,7165.000,6831.000
321.527,12862.000,11136.000,10001.000,9307.000,8681.000,8190.000,7794.000,7410.000,7083.000,6709.000
323.404,12967.000,11133.000,10193.000,9388.000,8779.000,8332.000,7736.000,7357.000,7001.000,6795.000
325.279,13156.000,11419.000,10424.000,9519.000,8915.000,8476.000,7927.000,7582.000,7297.000,6952.000
327.155,13216.000,11490.000,10435.000,9679.000,8923.000,8467.000,7984.000,7611.000,7308.000,6965.000
329.029,13205.000,11569.000,10379.000,9486.000,8986.000,8355.000,8072.000,7564.000,7236.000,6928.000
330.902,13147.000,11441.000,10293.000,9543.000,8932.000,8410.000,7945.000,7484.000,7202.000,6819.000
332.777,13291.000,11436.000,10293.000,9453.000,8843.000,8305.000,7827.000,7611.000,7208.000,6887.000
334.650,13088.000,11315.000,10395.000,9471.000,8869.000,8470.000,7982.000,7578.000,7207.000,6940.000
336.524,13319.000,11632.000,10490.000,9692.000,9036.000,8506.000,8019.000,7767.000,7367.000,7046.000
338.396,13552.000,11647.000,10490.000,9791.000,9115.000,8416.000,8081.000,7685.000,7342.000,6991.000
340.267,13355.000,11546.000,10490.000,9652.000,9007.000,8462.000,8000.000,7665.000,7227.000,6998.000
342.140,13305.000,11454.000,10221.000,9558.000,8939.000,8338.000,8005.000,7604.000,7235.000,6969.000
344.011,13064.000,11345.000,10346.000,9400.000,8786.000,8343.000,7901.000,7539.000,7157.000,6846.000
345.883,13200.000,11562.000,10343.000,9530.000,8977.000,8371.000,8059.000,7584.000,7211.000,6962.000
347.753,13523.000,11705.000,10488.000,9651.000,9141.000,8650.000,8151.000,7694.000,7313.000,7032.000
349.623,13418.000,11855.000,10586.000,9758.000,9133.000,8660.000,8053.000,7751.000,7393.000,7055.000
351.494,13323.000,11515.000,10540.000,9602.000,8956.000,8465.000,8046.000,7602.000,7374.000,7072.000
353.363,13241.000,11384.000,10459.000,9653.000,8917.000,8432.000,7920.000,7575.000,7315.000,7044.000
355.233,13287.000,11478.000,10421.000,9517.000,8875.000,8448.000,7979.000,7585.000,7312.000,6996.000
357.101,13322.000,11476.000,10453.000,9606.000,8885.000,8554.000,7983.000,7707.000,7286.000,6991.000
358.969,13578.000,11695.000,10575.000,9811.000,9112.000,8557.000,8048.000,7833.000,7398.000,7187.000
360.838,13591.000,11848.000,10640.000,9870.000,9124.000,8516.000,8087.000,7793.000,7413.000,7188.000
362.705,13558.000,11845.000,10518.000,9556.000,9068.000,8698.000,8106.000,7803.000,7353.000,7130.000
364.574,13335.000,11600.000,10514.000,9682.000,9089.000,8475.000,8040.000,7606.000,7335.000,7043.000
366.440,13362.000,11511.000,10495.000,9545.000,8984.000,8456.000,7873.000,7660.000,7420.000,7064.000
368.306,13308.000,11522.000,10478.000,9639.000,8969.000,8578.000,7992.000,7790.000,7355.000,7001.000
370.173,13560.000,11884.000,10687.000,9799.000,9173.000,8596.000,8211.000,7876.000,7576.000,7207.000
372.038,13728.000,11846.000,10692.000,9770.000,9249.000,8717.000,8250.000,7814.000,7588.000,7179.000
373.905,13611.000,11808.000,10655.000,9755.000,9228.000,8627.000,8240.000,7863.000,7446.000,7104.000
375.769,13452.000,11762.000,10578.000,9670.000,9074.000,8552.000,8091.000,7752.000,7420.000,7132.000
377.633,13627.000,11584.000,10491.000,9738.000,8978.000,8556.000,8034.000,7672.000,7410.000,7023.000
379.499,13514.000,11662.000,10549.000,9672.000,9136.000,8588.000,8128.000,7766.000,7427.000,7153.000
381.362,13905.000,12011.000,10782.000,9928.000,9251.000,8730.000,8330.000,7907.000,7505.000,7330.000
383.226,13929.000,12027.000,10865.000,10035.000,9391.000,8889.000,8427.000,7998.000,7638.000,7285.000
385.089,13796.000,11978.000,10870.000,10043.000,9408.000,8861.000,8326.000,8000.000,7604.000,7264.000
386.951,13805.000,11933.000,10790.000,9942.000,9232.000,8731.000,8356.000,7934.000,7545.000,7217.000
388.815,13722.000,11787.000,10806.000,9796.000,9192.000,8718.000,8322.000,7835.000,7523.000,7273.000
390.676,13821.000,12016.000,10810.000,9891.000,9320.000,8752.000,8308.000,7969.000,7665.000,7314.000
392.539,14013.000,12295.000,11001.000,9987.000,9439.000,8902.000,8455.000,7991.000,7665.000,7363.000
394.399,14174.000,12335.000,11120.000,10249.000,9590.000,8959.000,8540.000,8111.000,7705.000,7462.000
396.261,14127.000,12291.000,11125.000,10125.000,9457.000,8986.000,8480.000,8155.000,7807.000,7449.000
398.121,14080.000,12237.000,10908.000,10146.000,9452.000,8986.000,8487.000,8006.000,7749.000,7474.000
399.980,13920.000,12009.000,10956.000,10041.000,9376.000,8889.000,8317.000,8006.000,7644.000,7430.000
401.841,14126.000,12228.000,11097.000,10165.000,9487.000,8987.000,8480.000,8108.000,7758.000,7423.000
403.700,14359.000,12523.000,11243.000,10273.000,9688.000,9122.000,8685.000,8215.000,7881.000,7614.000
405.560,14676.000,12599.000,11363.000,10583.000,9803.000,9232.000,8756.000,8287.000,8043.000,7697.000
407.418,14531.000,12519.000,11193.000,10455.000,9721.000,9143.000,8746.000,8269.000,7947.000,7611.000
409.276,14440.000,12460.000,11303.000,10395.000,9746.000,9201.000,8751.000,8255.000,7807.000,7624.000
411.135,14301.000,12385.000,11151.000,10442.000,9575.000,9150.000,8595.000,8189.000,7883.000,7549.000
412.991,14507.000,12464.000,11280.000,10434.000,9723.000,9146.000,8671.000,8267.000,7896.000,7588.000
414.850,14667.000,12734.000,11442.000,10538.000,9803.000,9211.000,8713.000,8350.000,8035.000,7716.000
416.706,14670.000,12879.000,11617.000,10635.000,9939.000,9353.000,8830.000,8477.000,8242.000,7757.000
418.561,14818.000,12864.000,11498.000,10770.000,9955.000,9355.000,8851.000,8564.000,8095.000,7714.000
420.419,14605.000,12801.000,11495.000,10608.000,9919.000,9294.000,8804.000,8439.000,8078.000,7815.000
422.274,14764.000,12683.000,11312.000,10577.000,9820.000,9265.000,8813.000,8534.000,8006.000,7622.000
424.130,14741.000,12556.000,11462.000,10514.000,9844.000,9268.000,8659.000,8397.000,7977.000,7697.000
425.984,14819.000,12907.000,11716.000,10620.000,10095.000,9507.000,8984.000,8633.000,8136.000,7830.000
427.838,15043.000,13150.000,11875.000,10834.000,10186.000,9581.000,8955.000,8627.000,8140.000,7946.000
429.693,15033.000,13060.000,11847.000,10791.000,10025.000,9454.000,8977.000,8498.000,8248.000,7886.000
431.546,15146.000,13038.000,11573.000,10800.000,10024.000,9443.000,8936.000,8585.000,8123.000,7788.000
433.401,14787.000,12812.000,11602.000,10657.000,9961.000,9325.000,8811.000,8367.000,8153.000,7846.000
435.253,14678.000,12762.000,11516.000,10660.000,9923.000,9360.000,8869.000,8400.000,8064.000,7796.000
437.105,15006.000,13022.000,11779.000,10908.000,10133.000,9518.000,9003.000,8713.000,8188.000,7982.000
438.959,15285.000,13207.000,11985.000,11007.000,10186.000,9565.000,9095.000,8727.000,8220.000,8029.000
440.810,15124.000,13209.000,11932.000,10867.000,10166.000,9453.000,9127.000,8756.000,8211.000,7893.000
442.662,15193.000,12972.000,11838.000,10871.000,10252.000,9565.000,9110.000,8646.000,8226.000,7908.000
444.513,14973.000,12991.000,11789.000,10812.000,10136.000,9379.000,8949.000,8541.000,8211.000,7875.000
446.363,14903.000,12882.000,11647.000,10640.000,10005.000,9449.000,8945.000,8539.000,8234.000,7908.000
448.215,15305.000,13273.000,11861.000,10843.000,10072.000,9683.000,9110.000,8657.000,8297.000,7988.000
450.064,15487.000,13293.000,12133.000,11072.000,10433.000,9704.000,9152.000,8787.000,8436.000,8148.000
451.915,15347.000,13376.000,12019.000,10936.000,10261.000,9668.000,9206.000,8853.000,8383.000,8037.000
453.763,15533.000,13411.000,12055.000,11127.000,10290.000,9660.000,9169.000,8829.000,8350.000,8169.000
455.611,15201.000,13175.000,11926.000,10873.000,10254.000,9471.000,9089.000,8630.000,8219.000,8012.000
457.461,15121.000,13222.000,11863.000,10891.000,10124.000,9574.000,9095.000,8724.000,8233.000,7884.000
459.308,15440.000,13307.000,11998.000,10983.000,10345.000,9643.000,9221.000,8808.000,8337.000,8131.000
461.158,15787.000,13577.000,12241.000,11182.000,10508.000,9790.000,9326.000,8976.000,8485.000,8266.000
463.004,15644.000,13511.000,12306.000,11130.000,10312.000,9958.000,9254.000,8889.000,8415.000,8154.000
464.850,15604.000,13763.000,12083.000,11182.000,10358.000,9786.000,9334.000,8873.000,8414.000,8047.000
466.698,15653.000,14244.000,12087.000,11055.000,10332.000,9752.000,9214.000,8743.000,8431.000,8116.000
468.544,15410.000,13334.000,12070.000,11026.000,10313.000,9601.000,9130.000,8850.000,8394.000,8096.000
470.391,15641.000,13335.000,12151.000,11229.000,10394.000,9794.000,9290.000,8756.000,8537.000,8152.000
472.236,15861.000,13778.000,12322.000,11393.000,10555.000,9842.000,9417.000,8915.000,8536.000,8215.000
474.080,15955.000,13658.000,12387.000,11335.000,10524.000,10019.000,9337.000,9039.000,8650.000,8192.000
475.926,15833.000,13678.000,12233.000,11236.000,10378.000,9817.000,9349.000,8989.000,8637.000,8288.000
477.770,15695.000,13654.000,12247.000,11366.000,10628.000,9865.000,9326.000,8902.000,8618.000,8223.000
479.615,15534.000,13422.000,12420.000,11101.000,10330.000,9760.000,9302.000,8835.000,8413.000,8152.000
481.458,15750.000,13605.000,12577.000,11275.000,10487.000,9838.000,9332.000,8932.000,8543.000,8267.000
483.301,16025.000,13917.000,12659.000,11524.000,10638.000,10010.000,9524.000,9177.000,8664.000,8400.000
485.145,16157.000,14004.000,12464.000,11557.000,10584.000,10121.000,9650.000,9093.000,8700.000,8355.000
486.987,16083.000,13864.000,12525.000,11508.000,10730.000,10088.000,9500.000,9113.000,8605.000,8346.000
488.830,15995.000,13790.000,12342.000,11453.000,10518.000,9958.000,9445.000,9056.000,8610.000,8421.000
490.671,15848.000,13761.000,12282.000,11283.000,10566.000,9997.000,9495.000,8979.000,8738.000,8257.000
492.512,16001.000,13793.000,12441.000,11475.000,10534.000,10023.000,9540.000,9025.000,8618.000,8417.000
494.354,16250.000,14038.000,12697.000,11738.000,10709.000,10220.000,9624.000,9248.000,8848.000,8498.000
496.194,16247.000,14143.000,12608.000,11537.000,10801.000,10285.000,9733.000,9177.000,8770.000,8537.000
498.036,16346.000,14045.000,12687.000,11595.000,10872.000,10193.000,9714.000,9195.000,8744.000,8487.000
499.875,16201.000,14064.000,12541.000,11519.000,10932.000,10231.000,9453.000,9220.000,8743.000,8464.000
501.714,16085.000,13941.000,12558.000,11520.000,10749.000,10014.000,9558.000,9134.000,8666.000,8281.000
503.555,16158.000,13962.000,12510.000,11483.000,10710.000,10064.000,9524.000,9180.000,8757.000,8414.000
505.393,16459.000,14221.000,12702.000,11702.000,10795.000,10241.000,9764.000,9297.000,8940.000,8491.000
507.232,16537.000,14245.000,12790.000,11707.000,10892.000,10320.000,9831.000,9352.000,8913.000,8594.000
509.070,16398.000,14262.000,12850.000,11726.000,10915.000,10286.000,9812.000,9239.000,8891.000,8521.000
510.907,16395.000,14112.000,12752.000,11776.000,10967.000,10296.000,9768.000,9406.000,8861.000,8534.000
512.745,16114.000,13869.000,12591.000,11627.000,10803.000,10225.000,9648.000,9122.000,8776.000,8468.000
514.582,16066.000,14122.000,12613.000,11610.000,10771.000,10267.000,9599.000,9124.000,8843.000,8415.000
516.420,16414.000,14324.000,12710.000,11741.000,10967.000,10335.000,9823.000,9474.000,8955.000,8575.000
518.255,16771.000,14522.000,12986.000,11953.000,11135.000,10537.000,9966.000,9466.000,9042.000,8773.000
520.090,16569.000,14356.000,12871.000,11950.000,11106.000,10397.000,9879.000,9464.000,8959.000,8648.000
521.927,16665.000,14366.000,12934.000,11984.000,11063.000,10490.000,10010.000,9408.000,9061.000,8733.000
523.762,16398.000,14223.000,12886.000,11687.000,10955.000,10253.000,9771.000,9312.000,8998.000,8628.000
525.598,16443.000,14315.000,12747.000,11950.000,10907.000,10277.000,9837.000,9367.000,8916.000,8559.000
527.431,16787.000,14444.000,12933.000,12033.000,11193.000,10537.000,9845.000,9575.000,9091.000,8785.000
529.265,16861.000,14522.000,13132.000,12131.000,11339.000,10620.000,10093.000,9640.000,9160.000,8754.000
531.100,16830.000,14521.000,13270.000,12281.000,11348.000,10679.000,10069.000,9644.000,9162.000,8755.000
532.932,16887.000,14647.000,13189.000,12235.000,11306.000,10653.000,10111.000,9516.000,9176.000,8663.000
534.766,16737.000,14539.000,13063.000,12019.000,11193.000,10651.000,10009.000,9544.000,9097.000,8754.000
536.598,16701.000,14355.000,12770.000,11876.000,11056.000,10427.000,10017.000,9554.000,9071.000,8725.000
538.430,17104.000,14518.000,13173.000,12097.000,11341.000,10675.000,10225.000,9713.000,9173.000,8795.000
540.263,17224.000,14886.000,13454.000,12177.000,11386.000,10776.000,10281.000,9795.000,9317.000,8946.000
542.094,17206.000,14882.000,13317.000,12287.000,11442.000,10742.000,10185.000,9769.000,9358.000,8965.000
543.926,17107.000,14812.000,13445.000,12226.000,11493.000,10724.000,10259.000,9639.000,9249.000,8867.000
545.756,17008.000,14665.000,13153.000,12271.000,11284.000,10715.000,10160.000,9602.000,9320.000,8918.000
547.586,16932.000,14699.000,13109.000,12183.000,11293.000,10569.000,10043.000,9569.000,9098.000,8680.000
549.417,17023.000,14745.000,13190.000,12344.000,11414.000,10801.000,10214.000,9677.000,9259.000,8920.000
551.246,17256.000,15210.000,13568.000,12469.000,11444.000,10865.000,10368.000,9978.000,9462.000,9070.000
553.076,17276.000,15042.000,13526.000,12478.000,11627.000,10805.000,10270.000,9833.000,9301.000,9009.000
554.904,17314.000,15070.000,13588.000,12595.000,11727.000,10962.000,10327.000,9816.000,9493.000,9079.000
556.732,17288.000,14989.000,13441.000,12456.000,11635.000,10855.000,10295.000,9849.000,9493.000,8962.000
558.562,17049.000,14672.000,13352.000,12362.000,11480.000,10786.000,10232.000,9614.000,9308.000,8928.000
560.389,17103.000,14797.000,13272.000,12264.000,11669.000,10780.000,10256.000,9797.000,9310.000,8853.000
562.218,17630.000,15225.000,13651.000,12561.000,11716.000,11059.000,10495.000,10017.000,9574.000,9109.000
564.044,17481.000,15147.000,13657.000,12483.000,11770.000,10991.000,10488.000,10006.000,9524.000,9040.000
565.870,17693.000,15250.000,13766.000,12702.000,11883.000,11194.000,10588.000,10038.000,9663.000,9156.000
567.697,17676.000,15165.000,13506.000,12488.000,11637.000,10984.000,10514.000,9971.000,9656.000,9066.000
569.523,17237.000,14983.000,13496.000,12442.000,11513.000,10745.000,10281.000,9787.000,9380.000,9031.000
571.350,17483.000,15087.000,13564.000,12442.000,11638.000,10917.000,10243.000,9838.000,9444.000,9064.000
573.174,17672.000,15199.000,13815.000,12718.000,11915.000,11068.000,10627.000,10055.000,9631.000,9228.000
574.998,17837.000,15440.000,13790.000,12823.000,11975.000,11169.000,10588.000,10076.000,9686.000,9262.000
576.824,17806.000,15353.000,13869.000,12725.000,11926.000,11126.000,10601.000,10145.000,9560.000,9221.000
578.647,17913.000,15538.000,13920.000,12752.000,11839.000,11259.000,10623.000,10091.000,9607.000,9316.000
580.473,17684.000,15150.000,13632.000,12647.000,11807.000,10952.000,10498.000,10075.000,9497.000,9124.000
582.295,17610.000,15181.000,13751.000,12584.000,11714.000,10941.000,10525.000,9900.000,9608.000,9110.000
584.117,18071.000,15445.000,13855.000,12802.000,11910.000,11189.000,10669.000,10014.000,9582.000,9315.000
585.941,18081.000,15560.000,14013.000,12913.000,12099.000,11290.000,10717.000,10228.000,9824.000,9375.000
587.763,18152.000,15672.000,13978.000,12938.000,12087.000,11414.000,10780.000,10280.000,9774.000,9367.000
589.586,18072.000,15632.000,14150.000,12838.000,12083.000,11361.000,10679.000,10215.000,9831.000,9369.000
591.407,17936.000,15453.000,13907.000,12797.000,11881.000,11233.000,10698.000,10336.000,9776.000,9362.000
593.228,17626.000,15282.000,14347.000,12533.000,11868.000,10959.000,10507.000,10038.000,9566.000,9234.000
595.050,18187.000,15626.000,14211.000,13028.000,12123.000,11410.000,10896.000,10370.000,9770.000,9538.000
596.870,18213.000,15759.000,14124.000,13129.000,12251.000,11489.000,10764.000,10310.000,9838.000,9449.000
598.691,18125.000,15774.000,14306.000,13094.000,12262.000,11438.000,10797.000,10382.000,9920.000,9496.000
600.510,18492.000,15881.000,14300.000,13079.000,12183.000,11447.000,10965.000,10401.000,9963.000,9495.000
602.329,18124.000,15626.000,14088.000,12974.000,12051.000,11328.000,10773.000,10367.000,9874.000,9529.000
604.149,18079.000,15593.000,14115.000,12873.000,11880.000,11273.000,10637.000,10154.000,9786.000,9407.000
605.967,18365.000,15756.000,14204.000,13046.000,12202.000,11317.000,10906.000,10335.000,9781.000,9466.000
607.787,18598.000,16051.000,14502.000,13348.000,12249.000,11647.000,10893.000,10438.000,9939.000,9585.000
609.604,18666.000,16145.000,14371.000,13239.000,12352.000,11570.000,10960.000,10357.000,10001.000,9537.000
611.423,18689.000,16222.000,14553.000,13236.000,12402.000,11626.000,11019.000,10567.000,10045.000,9676.000
613.239,18549.000,16069.000,14449.000,13260.000,12487.000,11543.000,11014.000,10508.000,10059.000,9642.000
615.055,18494.000,15818.000,14355.000,13021.000,12089.000,11395.000,10814.000,10268.000,9905.000,9456.000
616.873,18599.000,16058.000,14342.000,13153.000,12353.000,11584.000,11065.000,10597.000,10019.000,9550.000
618.688,19112.000,16402.000,14711.000,13575.000,12560.000,11888.000,11187.000,10789.000,10160.000,9824.000
620.505,19156.000,16606.000,14752.000,13708.000,12733.000,11874.000,11306.000,10713.000,10287.000,9963.000
622.320,19256.000,16427.000,14772.000,13634.000,12635.000,11943.000,11340.000,10831.000,10352.000,9941.000
624.134,18826.000,16377.000,14567.000,13502.000,12531.000,11814.000,11112.000,10722.000,10294.000,9732.000
625.950,18492.000,15954.000,14422.000,13183.000,12232.000,11499.000,10921.000,10390.000,9946.000,9546.000
627.764,18684.000,16063.000,14480.000,13253.000,12394.000,11592.000,10994.000,10532.000,10029.000,9623.000
629.579,19103.000,16440.000,14824.000,13580.000,12567.000,11767.000,11233.000,10677.000,10123.000,9879.000
631.392,19035.000,16535.000,14857.000,13692.000,12768.000,12023.000,11346.000,10797.000,10304.000,9869.000
633.205,19165.000,16443.000,14912.000,13744.000,12677.000,11922.000,11432.000,10741.000,10337.000,9907.000
635.019,19506.000,16777.000,15099.000,14037.000,12897.000,12230.000,11492.000,10890.000,10478.000,10071.000
636.831,19038.000,16568.000,14926.000,13687.000,12675.000,12000.000,11445.000,10825.000,10336.000,9866.000
638.644,19169.000,16811.000,15047.000,13912.000,12844.000,12197.000,11490.000,10949.000,10466.000,9999.000
640.455,19795.000,17183.000,15366.000,14168.000,13113.000,12437.000,11720.000,11139.000,10691.000,10151.000
642.266,20000.000,17234.000,15552.000,14472.000,13422.000,12566.000,11889.000,11249.000,10748.000,10278.000
644.078,20116.000,17338.000,15611.000,14222.000,13213.000,12519.000,11814.000,11386.000,10866.000,10483.000
645.888,19920.000,17242.000,15451.000,14308.000,13241.000,12560.000,11779.000,11341.000,10726.000,10389.000
647.700,19510.000,16797.000,15266.000,14016.000,13030.000,12274.000,11721.000,11085.000,10527.000,10158.000
649.509,19337.000,16717.000,15106.000,13688.000,12805.000,11975.000,11419.000,10798.000,10235.000,10005.000
651.318,19694.000,16993.000,15202.000,14159.000,12905.000,12200.000,11454.000,10973.000,10579.000,10102.000
653.128,19697.000,16909.000,15293.000,13976.000,13077.000,12384.000,11634.000,11138.000,10647.000,10181.000
654.937,19744.000,16990.000,15332.000,14015.000,13090.000,12222.000,11629.000,11121.000,10555.000,10157.000
656.746,19691.000,17032.000,15344.000,13938.000,12976.000,12341.000,11655.000,11134.000,10670.000,10115.000
658.554,19538.000,16885.000,15441.000,14002.000,12998.000,12202.000,11698.000,11105.000,10620.000,10215.000
660.361,19328.000,16659.000,14945.000,13833.000,12787.000,12125.000,11390.000,10929.000,10381.000,10014.000
662.170,19668.000,17001.000,15202.000,13997.000,12915.000,12107.000,11585.000,10991.000,10430.000,10135.000
663.976,20071.000,17077.000,15455.000,14279.000,13173.000,12504.000,11860.000,11267.000,10670.000,10345.000
665.784,19860.000,17023.000,15465.000,14155.000,13104.000,12376.000,11778.000,11080.000,10581.000,10234.000
667.590,19997.000,17338.000,15395.000,14273.000,13305.000,12643.000,11913.000,11280.000,10805.000,10367.000
669.395,20054.000,17211.000,15427.000,14293.000,13275.000,12443.000,11839.000,11235.000,10712.000,10253.000
671.202,19549.000,16901.000,15204.000,13938.000,13019.000,12296.000,11621.000,11055.000,10542.000,10147.000
673.006,19763.000,16798.000,15225.000,14113.000,12989.000,12284.000,11686.000,11079.000,10594.000,10206.000
674.813,20141.000,17172.000,15572.000,14283.000,13364.000,12479.000,11992.000,11332.000,10914.000,10259.000
676.617,20173.000,17323.000,15619.000,14312.000,13387.000,12591.000,11942.000,11324.000,10817.000,10520.000
678.420,20301.000,17460.000,15700.000,14480.000,13473.000,12675.000,12074.000,11408.000,11061.000,10455.000
680.225,20334.000,17447.000,15677.000,14463.000,13363.000,12757.000,12053.000,11294.000,10962.000,10573.000
682.028,19879.000,17413.000,15502.000,14239.000,13500.000,12561.000,11830.000,11256.000,10763.000,10272.000
683.832,20085.000,17227.000,15662.000,14263.000,13316.000,12553.000,11896.000,11362.000,10770.000,10387.000
685.634,20310.000,17648.000,15770.000,14508.000,13455.000,12805.000,12135.000,11398.000,10943.000,10536.000
687.436,20583.000,17818.000,15933.000,14597.000,13580.000,12877.000,12023.000,11598.000,11002.000,10534.000
689.239,20337.000,17834.000,16023.000,14651.000,13553.000,12816.000,12258.000,11523.000,10970.000,10689.000
691.040,20601.000,17809.000,15865.000,14745.000,13654.000,12888.000,12149.000,11617.000,11210.000,10769.000
692.843,20522.000,17755.000,15863.000,14780.000,13662.000,12829.000,12119.000,11576.000,11028.000,10597.000
694.643,20141.000,17472.000,15709.000,14572.000,13578.000,12747.000,11946.000,11325.000,11014.000,10509.000
696.443,20488.000,17818.000,16034.000,14629.000,13795.000,12841.000,12147.000,11565.000,11005.000,10587.000
698.245,20816.000,17876.000,15929.000,14845.000,13773.000,12904.000,12272.000,11764.000,11037.000,10615.000
700.044,20917.000,18138.000,16342.000,15079.000,14041.000,13200.000,12484.000,11873.000,11223.000,10759.000
701.845,21145.000,18165.000,16411.000,14985.000,14211.000,13232.000,12526.000,11950.000,11451.000,10863.000
703.643,21074.000,18251.000,16482.000,15105.000,14110.000,13192.000,12570.000,11930.000,11450.000,11036.000
705.441,20646.000,17877.000,16181.000,14686.000,13651.000,12841.000,12285.000,11623.000,11149.000,10636.000
707.241,21104.000,18146.000,16318.000,15028.000,13899.000,13126.000,12479.000,11906.000,11348.000,10917.000
709.038,21170.000,18378.000,16669.000,15271.000,14179.000,13275.000,12604.000,12053.000,11485.000,11164.000
710.838,21315.000,18530.000,16672.000,15369.000,14152.000,13462.000,12793.000,12080.000,11500.000,11124.000
712.634,21622.000,18715.000,16886.000,15347.000,14545.000,13507.000,12871.000,12128.000,11610.000,11350.000
714.431,21790.000,18894.000,16855.000,15598.000,14631.000,13830.000,13020.000,12371.000,11708.000,11309.000
716.228,21634.000,18703.000,16832.000,15509.000,14542.000,13524.000,12811.000,12231.000,11525.000,11227.000
718.024,21725.000,18893.000,16833.000,15700.000,14463.000,13571.000,12963.000,12256.000,11778.000,11157.000
719.821,22053.000,19221.000,17219.000,15907.000,14755.000,13699.000,13091.000,12464.000,11965.000,11423.000
721.616,21982.000,19057.000,17040.000,15906.000,14673.000,13821.000,13138.000,12507.000,11893.000,11335.000
723.411,22304.000,19488.000,17304.000,16087.000,14807.000,13933.000,13220.000,12541.000,11953.000,11501.000
725.207,22009.000,19032.000,17191.000,15914.000,14613.000,13848.000,13093.000,12444.000,11911.000,11524.000
727.001,21791.000,18614.000,16910.000,15422.000,14510.000,13567.000,12823.000,12339.000,11831.000,11251.000
728.796,21632.000,18502.000,16588.000,15191.000,14243.000,13454.000,12675.000,12023.000,11730.000,11061.000
730.589,21688.000,18922.000,16762.000,15474.000,14418.000,13590.000,12816.000,12251.000,11692.000,11133.000
732.382,22036.000,19118.000,17065.000,15636.000,14653.000,13906.000,13032.000,12506.000,11716.000,11247.000
734.177,22053.000,19088.000,17111.000,15727.000,14675.000,13742.000,13030.000,12380.000,11817.000,11321.000
735.969,22199.000,19290.000,17303.000,15852.000,14677.000,13842.000,13117.000,12504.000,11979.000,11417.000
737.762,21976.000,19038.000,17136.000,15854.000,14554.000,13896.000,13073.000,12438.000,11838.000,11374.000
739.554,21799.000,18836.000,16919.000,15659.000,14566.000,13506.000,12912.000,12388.000,11649.000,11421.000
741.345,22041.000,19235.000,17199.000,15923.000,14654.000,13733.000,13203.000,12447.000,11937.000,11272.000
743.137,22267.000,19409.000,17407.000,15946.000,14886.000,13991.000,13283.000,12653.000,12027.000,11535.000
744.928,22360.000,19364.000,17381.000,16131.000,14761.000,13909.000,13184.000,12603.000,12083.000,11442.000
746.719,22658.000,19669.000,17576.000,16218.000,15109.000,14138.000,13420.000,12715.000,12179.000,11675.000
748.509,22709.000,19636.000,17613.000,16167.000,14981.000,14143.000,13375.000,12694.000,12018.000,11622.000
750.298,22343.000,19372.000,17292.000,15908.000,14780.000,13863.000,13079.000,12622.000,11982.000,11479.000
752.089,22289.000,19364.000,17492.000,15869.000,14991.000,14063.000,13203.000,12544.000,12041.000,11495.000
753.878,22549.000,19668.000,17772.000,16373.000,15180.000,14116.000,13440.000,12785.000,12306.000,11694.000
755.668,22971.000,19858.000,17899.000,16547.000,15282.000,14327.000,13624.000,12818.000,12287.000,11832.000
757.455,23229.000,19982.000,17891.000,16523.000,15464.000,14507.000,13591.000,12905.000,12360.000,11978.000
759.243,23017.000,19826.000,18005.000,16485.000,15487.000,14367.000,13533.000,13058.000,12356.000,11800.000
761.032,22644.000,19512.000,17611.000,16056.000,15152.000,14075.000,13352.000,12680.000,12048.000,11571.000
762.819,22400.000,19343.000,17362.000,16128.000,14902.000,13992.000,13311.000,12787.000,12040.000,11515.000
764.607,22757.000,19776.000,17577.000,16280.000,15060.000,14043.000,13388.000,12813.000,12252.000,11694.000
766.393,22965.000,19680.000,17605.000,16107.000,15030.000,14196.000,13404.000,12775.000,12226.000,11760.000
768.179,22635.000,19683.000,17819.000,16454.000,15094.000,14144.000,13485.000,13009.000,12250.000,11680.000
769.966,22989.000,19845.000,17746.000,16499.000,15202.000,14375.000,13723.000,12894.000,12340.000,11843.000
771.751,22681.000,19787.000,17666.000,16158.000,15215.000,14234.000,13472.000,12896.000,12212.000,11784.000
773.538,22551.000,19382.000,17380.000,15985.000,14806.000,14058.000,13451.000,12625.000,12131.000,11569.000
775.322,22649.000,19621.000,17662.000,16161.000,15134.000,14246.000,13664.000,12842.000,12289.000,11689.000
777.106,22816.000,19804.000,17831.000,16328.000,15157.000,14295.000,13561.000,12937.000,12096.000,11727.000
778.891,22877.000,19829.000,17787.000,16468.000,15326.000,14452.000,13568.000,12964.000,12281.000,11734.000
780.674,23430.000,20208.000,18109.000,16551.000,15410.000,14343.000,13596.000,13079.000,12553.000,11961.000
782.459,22985.000,20040.000,17904.000,16372.000,15183.000,14470.000,13611.000,12909.000,12311.000,11871.000
784.242,22583.000,19635.000,17673.000,16145.000,14940.000,14146.000,13352.000,12671.000,12138.000,11670.000
786.024,22580.000,19377.000,17500.000,15911.000,14981.000,14090.000,13274.000,12761.000,12167.000,11546.000
787.808,22719.000,19725.000,17697.000,16295.000,15122.000,14311.000,13403.000,12777.000,12232.000,11675.000
789.589,22740.000,19583.000,17715.000,16231.000,15108.000,14270.000,13335.000,12832.000,12241.000,11714.000
791.372,23031.000,19840.000,17784.000,16336.000,15265.000,14309.000,13525.000,12846.000,12311.000,11848.000
793.153,23001.000,20067.000,17729.000,16321.000,15292.000,14399.000,13753.000,12957.000,12414.000,11864.000
794.933,22663.000,19605.000,17659.000,16088.000,15061.000,14117.000,13400.000,12771.000,12224.000,11683.000
796.715,22697.000,19685.000,17425.000,16163.000,14970.000,14058.000,13295.000,12644.000,12252.000,11557.000
798.495,22855.000,19636.000,17754.000,16224.000,15113.000,14194.000,13439.000,12876.000,12283.000,11714.000
800.276,22969.000,19986.000,17833.000,16525.000,15184.000,14389.000,13513.000,12909.000,12381.000,11788.000
802.055,23291.000,19922.000,18078.000,16515.000,15391.000,14381.000,13634.000,13044.000,12374.000,11804.000
803.836,23477.000,20235.000,18057.000,16747.000,15494.000,14554.000,13707.000,13138.000,12688.000,12033.000
805.614,23260.000,19899.000,17992.000,16584.000,15491.000,14530.000,13687.000,13103.000,12479.000,11915.000
807.392,22857.000,19741.000,17771.000,16537.000,15155.000,14339.000,13525.000,12863.000,12357.000,11796.000
809.171,23007.000,19813.000,17822.000,16400.000,15300.000,14354.000,13618.000,13066.000,12467.000,11802.000
810.949,23229.000,20107.000,18134.000,16615.000,15590.000,14567.000,13848.000,13158.000,12538.000,12121.000
812.727,23496.000,20322.000,18210.000,16749.000,15679.000,14753.000,13946.000,13253.000,12753.000,12089.000
814.504,23781.000,20554.000,18330.000,16963.000,15881.000,14784.000,14039.000,13451.000,12812.000,12181.000
816.280,23967.000,20521.000,18660.000,17019.000,15843.000,14809.000,14190.000,13498.000,12916.000,12314.000
818.058,23635.000,20275.000,18254.000,16916.000,15559.000,14900.000,14056.000,13279.000,12578.000,12199.000
819.833,23594.000,20602.000,18495.000,16872.000,15810.000,14955.000,14193.000,13445.000,12822.000,12259.000
821.610,24179.000,21110.000,18870.000,17378.000,16108.000,15257.000,14375.000,13681.000,13079.000,12527.000
823.385,26226.000,21312.000,19161.000,17560.000,16309.000,15485.000,14597.000,13867.000,13175.000,12627.000
825.159,29837.000,21560.000,19301.000,17916.000,16665.000,15538.000,14717.000,13910.000,13277.000,12769.000
826.935,24808.000,21646.000,19409.000,17906.000,16476.000,15645.000,14856.000,13954.000,13474.000,12822.000
828.709,24364.000,21353.000,19128.000,17797.000,16367.000,15392.000,14586.000,13860.000,13134.000,12592.000
830.484,24173.000,20939.000,18837.000,17252.000,16062.000,15186.000,14358.000,13658.000,13000.000,12384.000
832.257,24279.000,20927.000,18850.000,17396.000,16151.000,15177.000,14399.000,13806.000,12978.000,12529.000
834.030,24281.000,20998.000,18987.000,17447.000,16217.000,15255.000,14359.000,13829.000,13128.000,12606.000
835.804,24487.000,21060.000,19072.000,17514.000,16161.000,15378.000,14557.000,13788.000,13141.000,12630.000
837.576,24738.000,21319.000,19203.000,17693.000,16598.000,15375.000,14664.000,14046.000,13244.000,12827.000
839.350,24428.000,21257.000,19088.000,17607.000,16362.000,15399.000,14494.000,13934.000,13296.000,12740.000
841.121,24195.000,20995.000,18838.000,17338.000,16217.000,15207.000,14368.000,13819.000,12939.000,12462.000
842.892,24435.000,21160.000,19088.000,17516.000,16206.000,15410.000,14636.000,13855.000,13126.000,12677.000
844.665,25047.000,21649.000,19330.000,17903.000,16577.000,15778.000,14949.000,14142.000,13335.000,12787.000
846.435,25279.000,22071.000,19702.000,18238.000,16991.000,16028.000,15030.000,14387.000,13664.000,13234.000
848.207,25555.000,22341.000,20045.000,18578.000,17245.000,16202.000,15357.000,14479.000,13836.000,13239.000
849.976,25526.000,22234.000,20249.000,18379.000,17187.000,16326.000,15309.000,14524.000,13818.000,13227.000
851.745,25111.000,21930.000,19733.000,18238.000,16992.000,16008.000,15103.000,14410.000,13654.000,13053.000
853.516,25043.000,21806.000,19643.000,18060.000,16845.000,15797.000,14894.000,14339.000,13633.000,12976.000
855.284,24880.000,21896.000,19677.000,18016.000,16811.000,15825.000,15092.000,14170.000,13667.000,13051.000
857.054,25080.000,21779.000,19584.000,18024.000,16818.000,15720.000,14957.000,14272.000,13446.000,12897.000
858.822,25154.000,21836.000,19607.000,18011.000,16786.000,15816.000,14984.000,14258.000,13442.000,12987.000
860.590,25254.000,21844.000,19811.000,18043.000,16929.000,15894.000,14985.000,14258.000,13583.000,12981.000
862.359,25058.000,21595.000,19497.000,17907.000,16646.000,15667.000,14826.000,14053.000,13292.000,13011.000
864.125,24626.000,21321.000,19117.000,17747.000,16267.000,15343.000,14532.000,13943.000,13214.000,12674.000
865.894,24654.000,21329.000,19277.000,17532.000,16507.000,15537.000,14573.000,13867.000,13392.000,12675.000
867.660,24772.000,21727.000,19327.000,17870.000,16617.000,15511.000,14670.000,14113.000,13183.000,12817.000
869.425,25129.000,21704.000,19620.000,18100.000,16975.000,15953.000,14975.000,14283.000,13427.000,12847.000
871.193,25317.000,21980.000,19881.000,18154.000,16928.000,15887.000,15249.000,14299.000,13614.000,12984.000
872.958,25318.000,21887.000,19676.000,18212.000,16880.000,15918.000,15002.000,14240.000,13599.000,13015.000
874.724,25123.000,21806.000,19600.000,18032.000,16764.000,15716.000,14807.000,14254.000,13537.000,12950.000
876.488,25075.000,21684.000,19759.000,18087.000,16716.000,15756.000,14942.000,14140.000,13360.000,12894.000
878.252,25056.000,21747.000,19773.000,17920.000,16757.000,15872.000,15054.000,14231.000,13579.000,12916.000
880.018,25433.000,22062.000,19803.000,18279.000,17044.000,15992.000,15080.000,14399.000,13586.000,13127.000
881.781,25599.000,22144.000,19934.000,18424.000,17204.000,16060.000,15272.000,14312.000,13758.000,13161.000
883.546,25662.000,22368.000,20152.000,18485.000,17246.000,16102.000,15287.000,14585.000,13803.000,13029.000
885.309,25462.000,22064.000,19847.000,18371.000,16882.000,15999.000,15143.000,14297.000,13741.000,13068.000
887.071,25299.000,22041.000,19795.000,18253.000,16852.000,15840.000,14995.000,14239.000,13543.000,13035.000
888.835,25181.000,21962.000,19719.000,18140.000,16896.000,15882.000,14938.000,14285.000,13655.000,12975.000
890.596,25517.000,21992.000,19871.000,18386.000,17147.000,15972.000,15099.000,14413.000,13667.000,13070.000
892.359,25799.000,22416.000,20217.000,18606.000,17220.000,16051.000,15420.000,14599.000,13788.000,13215.000
894.120,25949.000,22652.000,20308.000,18742.000,17388.000,16291.000,15412.000,14653.000,13865.000,13271.000
895.880,25798.000,22186.000,20024.000,18625.000,17210.000,16074.000,15337.000,14505.000,13834.000,13077.000
897.642,25476.000,21944.000,19843.000,18150.000,17072.000,15887.000,15134.000,14445.000,13509.000,13163.000
899.402,25300.000,21948.000,19836.000,18209.000,17006.000,15939.000,15129.000,14204.000,13631.000,12980.000
901.164,25484.000,22112.000,19851.000,18297.000,17062.000,15879.000,15004.000,14268.000,13753.000,13031.000
902.923,25830.000,22291.000,20123.000,18582.000,17177.000,16205.000,15201.000,14619.000,13850.000,13205.000
904.681,25750.000,22315.000,20156.000,18562.000,17199.000,16135.000,15325.000,14472.000,13688.000,13253.000
906.442,25742.000,22249.000,20121.000,18483.000,17120.000,16161.000,15242.000,14493.000,13671.000,13177.000
908.200,25706.000,22153.000,19837.000,18341.000,17042.000,16004.000,15103.000,14407.000,13618.000,13234.000
909.959,25278.000,22094.000,19720.000,18128.000,17016.000,15937.000,14894.000,14269.000,13677.000,13028.000
911.717,25407.000,22007.000,19790.000,18382.000,16825.000,15890.000,15060.000,14337.000,13779.000,12894.000
913.474,25461.000,22211.000,19935.000,18272.000,16855.000,15968.000,15155.000,14363.000,13698.000,13148.000
915.232,25795.000,22319.000,20182.000,18528.000,17209.000,16160.000,15332.000,14675.000,13908.000,13286.000
916.989,25945.000,22516.000,20101.000,18675.000,17281.000,16366.000,15213.000,14688.000,13815.000,13246.000
918.747,25799.000,22334.000,20067.000,18473.000,17139.000,16098.000,15417.000,14391.000,13851.000,13193.000
920.502,25490.000,22129.000,20007.000,18345.000,17151.000,15960.000,15161.000,14373.000,13664.000,13199.000
922.257,25537.000,22219.000,19907.000,18239.000,17012.000,16111.000,15091.000,14350.000,13644.000,13019.000
924.014,25662.000,22262.000,20081.000,18372.000,17012.000,15986.000,15276.000,14417.000,13724.000,13151.000
925.769,25891.000,22467.000,20326.000,18586.000,17397.000,16224.000,15317.000,14650.000,13871.000,13315.000
927.525,26130.000,22768.000,20427.000,18765.000,17489.000,16421.000,15542.000,14832.000,14014.000,13505.000
929.279,26174.000,22672.000,20370.000,18739.000,17314.000,16266.000,15357.000,14619.000,14065.000,13367.000
931.033,25874.000,22539.000,20112.000,18650.000,17332.000,16294.000,15492.000,14668.000,13855.000,13378.000
932.788,25772.000,22441.000,20097.000,18565.000,17373.000,16255.000,15283.000,14665.000,13901.000,13208.000
934.541,25946.000,22456.000,20207.000,18695.000,17247.000,16272.000,15414.000,14627.000,13917.000,13299.000
936.295,26130.000,22742.000,20471.000,18755.000,17415.000,16437.000,15474.000,14810.000,14059.000,13308.000
938.047,26450.000,22993.000,20582.000,18965.000,17663.000,16639.000,15704.000,14842.000,14182.000,13584.000
939.799,26654.000,22855.000,20557.000,19048.000,17711.000,16649.000,15590.000,15051.000,14230.000,13411.000
941.552,26398.000,22843.000,20567.000,18988.000,17576.000,16610.000,15639.000,14919.000,14315.000,13637.000
943.304,26317.000,22806.000,20283.000,18758.000,17448.000,16542.000,15598.000,14827.000,14050.000,13341.000
945.056,25745.000,22458.000,20115.000,18531.000,17212.000,16165.000,15222.000,14471.000,14025.000,13244.000
946.807,25920.000,22300.000,20318.000,18586.000,17219.000,16168.000,15425.000,14594.000,13989.000,13220.000
948.557,26164.000,22809.000,20394.000,18867.000,17415.000,16452.000,15662.000,14836.000,14252.000,13580.000
950.309,26388.000,22874.000,20544.000,18925.000,17687.000,16576.000,15707.000,15125.000,14190.000,13642.000
952.058,26283.000,22866.000,20325.000,18801.000,17495.000,16605.000,15681.000,14759.000,14165.000,13647.000
953.809,26075.000,22517.000,20341.000,18715.000,17355.000,16289.000,15579.000,14794.000,14180.000,13625.000
955.558,25974.000,22546.000,20150.000,18567.000,17278.000,16309.000,15435.000,14715.000,14062.000,13360.000
957.306,25852.000,22531.000,20228.000,18404.000,17155.000,16289.000,15288.000,14583.000,13977.000,13211.000
959.056,25962.000,22789.000,20444.000,18795.000,17412.000,16236.000,15573.000,14779.000,14050.000,13590.000
960.804,26238.000,22962.000,20653.000,18990.000,17629.000,16481.000,15673.000,14879.000,14281.000,13597.000
962.553,26091.000,22802.000,20587.000,18690.000,17530.000,16263.000,15502.000,14842.000,14209.000,13549.000
964.300,26323.000,22835.000,20554.000,18952.000,17556.000,16428.000,15700.000,14923.000,14230.000,13594.000
966.047,26015.000,22544.000,20359.000,18838.000,17518.000,16389.000,15458.000,14743.000,14109.000,13483.000
967.795,25828.000,22469.000,20121.000,18611.000,17390.000,16186.000,15436.000,14653.000,13888.000,13358.000
969.541,25817.000,22403.000,20192.000,18631.000,17193.000,16385.000,15552.000,14834.000,13814.000,13545.000
971.289,26325.000,22971.000,20778.000,18859.000,17735.000,16593.000,15755.000,15006.000,14313.000,13592.000
973.034,26481.000,22992.000,20711.000,19115.000,17675.000,16640.000,15826.000,14971.000,14329.000,13641.000
974.779,26319.000,22803.000,20723.000,19076.000,17659.000,16763.000,15672.000,14956.000,14329.000,13636.000
976.526,26425.000,23011.000,20585.000,19008.000,17597.000,16666.000,15733.000,14983.000,14353.000,13585.000
978.270,25999.000,22673.000,20562.000,18705.000,17492.000,16438.000,15606.000,14894.000,14114.000,13466.000
980.016,26230.000,22761.000,20486.000,18840.000,17474.000,16592.000,15723.000,14832.000,14107.000,13512.000
981.759,26527.000,23141.000,20803.000,19165.000,17867.000,16603.000,15865.000,15132.000,14361.000,13861.000
983.503,27265.000,23651.000,21085.000,19420.000,18322.000,17104.000,16202.000,15231.000,14598.000,13914.000
985.248,26821.000,23286.000,21134.000,19303.000,17975.000,16993.000,16017.000,15258.000,14451.000,14001.000
986.990,27148.000,23633.000,21218.000,19492.000,18127.000,17012.000,16137.000,15395.000,14650.000,14004.000
988.734,26947.000,23552.000,21241.000,19391.000,18067.000,17002.000,16123.000,15277.000,14462.000,13957.000
990.476,26858.000,23383.000,20930.000,19292.000,17983.000,16795.000,15990.000,15096.000,14420.000,13736.000
992.218,27262.000,23685.000,21199.000,19751.000,18115.000,17042.000,16119.000,15307.000,14543.000,14006.000
993.961,27920.000,24491.000,21821.000,20099.000,18640.000,17655.000,16692.000,15873.000,14951.000,14263.000
995.702,28959.000,25364.000,22895.000,21104.000,19517.000,18409.000,17314.000,16436.000,15609.000,15012.000
997.444,30213.000,26548.000,23923.000,22223.000,20486.000,19403.000,18422.000,17303.000,16383.000,15583.000
999.184,30582.000,26593.000,24255.000,22408.000,21043.000,19716.000,18434.000,17492.000,16614.000,15865.000
1000.924,29139.000,25497.000,23188.000,21278.000,19765.000,18709.000,17565.000,16584.000,15685.000,15150.000
1002.666,28099.000,24268.000,21873.000,20326.000,18769.000,17805.000,16731.000,15832.000,15210.000,14475.000
1004.405,28339.000,24709.000,22315.000,20660.000,19156.000,17868.000,16978.000,16094.000,15250.000,14691.000
1006.146,28533.000,24856.000,22173.000,20479.000,19099.000,17847.000,16918.000,16262.000,15420.000,14671.000
1007.884,28208.000,24646.000,22125.000,20387.000,18939.000,17933.000,16922.000,16168.000,15156.000,14511.000
1009.622,28141.000,24424.000,21919.000,20233.000,18864.000,17820.000,16868.000,15925.000,15099.000,14533.000
1011.362,27809.000,24324.000,21755.000,20278.000,18684.000,17666.000,16666.000,15993.000,15018.000,14509.000
1013.100,27597.000,23827.000,21444.000,19877.000,18506.000,17296.000,16282.000,15616.000,14780.000,14173.000
1014.839,27722.000,24118.000,21673.000,20006.000,18620.000,17450.000,16413.000,15640.000,14894.000,14217.000
1016.575,28174.000,24820.000,22254.000,20422.000,19051.000,17777.000,16708.000,16002.000,15061.000,14744.000
1018.312,28044.000,24478.000,22032.000,20222.000,18864.000,17646.000,16827.000,16094.000,15227.000,14467.000
1020.050,28245.000,24686.000,22207.000,20380.000,18944.000,17779.000,16783.000,15926.000,15265.000,14490.000
1021.786,28453.000,24719.000,22198.000,20477.000,19026.000,17976.000,16743.000,16060.000,15462.000,14659.000
1023.523,28441.000,24614.000,22327.000,20443.000,19133.000,17858.000,16812.000,16099.000,15202.000,14590.000
1025.258,28229.000,24739.000,22203.000,20384.000,19044.000,17966.000,16780.000,16051.000,15202.000,14419.000
1026.993,28794.000,25097.000,22659.000,20804.000,19352.000,18274.000,17066.000,16293.000,15549.000,14833.000
1028.729,28989.000,25288.000,22811.000,20994.000,19346.000,18328.000,17378.000,16413.000,15560.000,14957.000
1030.463,28630.000,24888.000,22315.000,20490.000,19395.000,17936.000,17198.000,16180.000,15445.000,14724.000
1032.199,28549.000,24995.000,22340.000,20576.000,19193.000,18129.000,16933.000,16217.000,15357.000,14681.000
1033.932,28306.000,24687.000,22183.000,20538.000,18985.000,17793.000,16791.000,16096.000,15161.000,14539.000
1035.667,27883.000,24329.000,21781.000,19926.000,18695.000,17545.000,16543.000,15670.000,14820.000,14448.000
1037.400,28006.000,24457.000,21745.000,20204.000,18605.000,17596.000,16627.000,15827.000,15024.000,14316.000
1039.133,28536.000,24818.000,22181.000,20566.000,19021.000,17931.000,17090.000,16202.000,15350.000,14621.000
1040.867,28658.000,24908.000,22311.000,20456.000,19172.000,17928.000,16977.000,16232.000,15425.000,14782.000
1042.598,28059.000,24470.000,21915.000,20176.000,18812.000,17526.000,16628.000,15933.000,15128.000,14592.000
1044.332,28403.000,24751.000,22081.000,20426.000,19019.000,17851.000,17015.000,16091.000,15233.000,14662.000
1046.063,27882.000,24396.000,21907.000,20240.000,18777.000,17717.000,16659.000,15888.000,15088.000,14423.000
1047.793,27786.000,23985.000,21635.000,20103.000,18462.000,17521.000,16509.000,15740.000,14918.000,14342.000
1049.526,28410.000,24448.000,21870.000,20409.000,18899.000,17819.000,16750.000,15981.000,15117.000,14557.000
1051.256,28531.000,24836.000,22261.000,20523.000,18928.000,17911.000,16891.000,15996.000,15713.000,14549.000
1052.987,28447.000,24631.000,22210.000,20440.000,18896.000,17862.000,16923.000,16050.000,15623.000,14599.000
1054.717,28430.000,24684.000,22241.000,20373.000,18945.000,17850.000,17014.000,16109.000,15227.000,14662.000
1056.446,28643.000,24872.000,22439.000,20549.000,18979.000,17926.000,16931.000,16021.000,15392.000,14642.000
1058.176,27846.000,24152.000,21707.000,19942.000,18566.000,17382.000,16557.000,15643.000,14919.000,14294.000
1059.905,27969.000,24501.000,21953.000,20159.000,18569.000,17572.000,16763.000,15917.000,15143.000,14353.000
1061.634,28848.000,24954.000,22385.000,20592.000,19176.000,18059.000,16996.000,16122.000,15358.000,14657.000
1063.362,28718.000,24746.000,22230.000,20409.000,19164.000,17723.000,16902.000,16204.000,15222.000,14691.000
1065.089,28590.000,24826.000,22287.000,20361.000,19097.000,17789.000,16965.000,16025.000,15213.000,14545.000
1066.818,28639.000,25071.000,22413.000,20504.000,18960.000,17958.000,16943.000,16206.000,15503.000,14691.000
1068.545,28462.000,24738.000,22331.000,20435.000,19121.000,17853.000,16927.000,16222.000,15335.000,14572.000
1070.273,28126.000,24403.000,21982.000,20226.000,18724.000,17495.000,16601.000,15769.000,15066.000,14434.000
1071.999,28596.000,24686.000,22390.000,20533.000,18953.000,17961.000,16886.000,16094.000,15408.000,14615.000
1073.725,29142.000,25104.000,22774.000,20794.000,19380.000,18178.000,17158.000,16431.000,15565.000,14970.000
1075.452,28618.000,24896.000,22414.000,20561.000,19156.000,18080.000,16884.000,16269.000,15341.000,14644.000
1077.177,28918.000,25104.000,22640.000,20669.000,19266.000,18074.000,17088.000,16217.000,15451.000,14870.000
1078.904,28891.000,25210.000,22616.000,20777.000,19345.000,18191.000,17258.000,16295.000,15629.000,14805.000
1080.628,28611.000,24580.000,22211.000,20411.000,18921.000,17926.000,16953.000,16175.000,15243.000,14739.000
1082.352,28104.000,24357.000,21748.000,20164.000,18765.000,17647.000,16787.000,15932.000,15144.000,14484.000
1084.077,28972.000,25262.000,22672.000,20933.000,19319.000,18108.000,17203.000,16396.000,15505.000,14886.000
1085.801,28860.000,25166.000,22760.000,20753.000,19208.000,18288.000,17267.000,16426.000,15632.000,15055.000
1087.526,28422.000,24726.000,22114.000,20464.000,19121.000,17806.000,16978.000,16100.000,15327.000,14661.000
1089.248,28908.000,25249.000,22719.000,20812.000,19329.000,18192.000,17076.000,16360.000,15570.000,14985.000
1090.971,28620.000,24773.000,22465.000,20525.000,19039.000,17977.000,16931.000,16185.000,15394.000,15451.000
1092.694,28201.000,24445.000,22052.000,20270.000,18833.000,17740.000,16897.000,16052.000,15278.000,15034.000
1094.416,28406.000,24848.000,22337.000,20448.000,18822.000,17758.000,16938.000,16141.000,15360.000,14733.000
1096.139,29210.000,25335.000,22663.000,20875.000,19318.000,18326.000,17412.000,16438.000,15709.000,14994.000
1097.860,28632.000,24893.000,22319.000,20525.000,19107.000,17997.000,17076.000,16184.000,15591.000,14817.000
1099.581,28883.000,25027.000,22529.000,20609.000,19136.000,17971.000,17112.000,16319.000,15547.000,14849.000
1101.303,29208.000,25248.000,22734.000,20914.000,19580.000,18255.000,17324.000,16492.000,15607.000,15054.000
1103.023,28393.000,24781.000,22292.000,20696.000,19022.000,17914.000,17047.000,16169.000,15380.000,14582.000
1104.745,28128.000,24523.000,22002.000,20380.000,18785.000,17949.000,16754.000,15979.000,15280.000,14523.000
1106.464,28981.000,25141.000,22540.000,20591.000,19233.000,18102.000,17294.000,16354.000,15577.000,14817.000
1108.183,29213.000,25388.000,22819.000,20855.000,19377.000,18476.000,17490.000,16534.000,15626.000,15041.000
1109.903,28874.000,25228.000,22598.000,20854.000,19506.000,18101.000,17160.000,16403.000,15737.000,14890.000
1111.622,29275.000,25317.000,22736.000,20954.000,19383.000,18445.000,17207.000,16441.000,15682.000,15151.000
1113.341,29377.000,25587.000,22907.000,21185.000,19600.000,18566.000,17673.000,16629.000,15835.000,15195.000
1115.059,28644.000,24826.000,22346.000,20659.000,19115.000,17910.000,16910.000,16133.000,15427.000,14665.000
1116.776,28889.000,25132.000,22706.000,20864.000,19344.000,18188.000,17299.000,16481.000,15675.000,14995.000
1118.495,29687.000,25919.000,23336.000,21570.000,20045.000,18732.000,17799.000,16982.000,16124.000,15300.000
1120.212,29463.000,25715.000,23079.000,21335.000,19755.000,18583.000,17390.000,16694.000,15929.000,15325.000
1121.930,29203.000,25364.000,22826.000,20967.000,19756.000,18538.000,17443.000,16732.000,15850.000,15078.000
1123.646,29791.000,25780.000,23111.000,21266.000,19803.000,18597.000,17685.000,16772.000,15867.000,15148.000
1125.361,29338.000,25552.000,22970.000,21119.000,19637.000,18377.000,17441.000,16617.000,15734.000,15035.000
1127.079,30247.000,24648.000,21906.000,20248.000,18991.000,17739.000,16642.000,16076.000,15280.000,14617.000
1128.794,35195.000,25431.000,22840.000,20882.000,19447.000,18360.000,17250.000,16497.000,15513.000,14920.000
1130.510,29564.000,25371.000,22790.000,20937.000,19510.000,18424.000,17413.000,16475.000,15795.000,14949.000
1132.224,28935.000,25029.000,22542.000,20712.000,19151.000,17963.000,17106.000,16273.000,15382.000,14806.000
1133.938,29214.000,25250.000,22744.000,20833.000,19327.000,18266.000,17328.000,16440.000,15677.000,15084.000
1135.654,29427.000,25598.000,22959.000,20940.000,19507.000,18607.000,17286.000,16755.000,15826.000,15108.000
1137.367,28924.000,25066.000,22311.000,20578.000,19299.000,18031.000,17121.000,16376.000,15386.000,14932.000
1139.082,28718.000,24898.000,22570.000,20648.000,19053.000,17989.000,16879.000,16116.000,15325.000,14860.000
1140.795,29665.000,25680.000,23128.000,21166.000,19750.000,18497.000,17510.000,16610.000,15936.000,15083.000
1142.507,29759.000,25912.000,23296.000,21201.000,19820.000,18589.000,17595.000,16692.000,16042.000,15336.000
1144.221,29282.000,25672.000,22940.000,21031.000,19524.000,18482.000,17491.000,16546.000,15889.000,15120.000
1145.932,30103.000,25992.000,23327.000,21675.000,20039.000,18856.000,17793.000,16937.000,16068.000,15352.000
1147.645,29898.000,25891.000,23321.000,21561.000,19869.000,18649.000,17600.000,16810.000,16077.000,15342.000
1149.356,29297.000,25413.000,22941.000,20813.000,19380.000,18188.000,17350.000,16593.000,15641.000,15038.000
1151.067,29523.000,25756.000,22980.000,21177.000,19679.000,18517.000,17431.000,16665.000,15829.000,15022.000
1152.779,30170.000,26407.000,23723.000,21663.000,20034.000,18935.000,17872.000,16962.000,16139.000,15438.000
1154.489,29963.000,25980.000,23288.000,21431.000,19858.000,18644.000,17725.000,16965.000,16054.000,15298.000
1156.201,29602.000,25582.000,22820.000,21057.000,19727.000,18425.000,17455.000,16770.000,15744.000,15263.000
1157.910,31897.000,26459.000,23916.000,21816.000,20295.000,19024.000,18038.000,17179.000,16326.000,15642.000
1159.619,29731.000,25699.000,23123.000,21237.000,19546.000,18471.000,17509.000,16662.000,15851.000,15147.000
1161.330,29255.000,25144.000,22607.000,20789.000,19562.000,18355.000,17283.000,16435.000,15667.000,14794.000
1163.038,30290.000,26211.000,23353.000,21661.000,19880.000,18859.000,17815.000,16936.000,16078.000,15459.000
1164.748,30230.000,26249.000,23798.000,21723.000,20196.000,19002.000,17925.000,17208.000,16261.000,15667.000
1166.455,29957.000,26057.000,23357.000,21309.000,19949.000,18819.000,17716.000,16934.000,16149.000,15351.000
1168.163,30432.000,26345.000,23716.000,21635.000,20115.000,18972.000,17980.000,17149.000,16133.000,15597.000
1169.872,30778.000,26641.000,23964.000,21948.000,20363.000,19204.000,18121.000,17187.000,16341.000,15691.000
1171.578,29543.000,25646.000,22881.000,21118.000,19660.000,18252.000,17341.000,16535.000,15591.000,15102.000
1173.286,29870.000,25652.000,23110.000,21022.000,19782.000,18495.000,17470.000,16544.000,15878.000,15131.000
1174.992,30489.000,26357.000,23558.000,21731.000,20272.000,18731.000,17869.000,16993.000,16205.000,15492.000
1176.698,30223.000,26178.000,23445.000,21531.000,19979.000,18814.000,17625.000,16901.000,15952.000,15366.000
1178.405,30104.000,26071.000,23241.000,21421.000,19768.000,18675.000,17695.000,16741.000,16028.000,15307.000
1180.110,30476.000,26383.000,23577.000,21567.000,20092.000,18864.000,17846.000,17131.000,16179.000,15616.000
1181.817,30432.000,26514.000,23444.000,21680.000,20128.000,18837.000,17986.000,17105.000,16308.000,15399.000
1183.521,29751.000,25702.000,23098.000,20926.000,19509.000,18494.000,17534.000,16574.000,15719.000,15235.000
1185.225,29954.000,26078.000,23235.000,21355.000,19745.000,18670.000,17607.000,16696.000,16021.000,15387.000
1186.931,31249.000,26748.000,24027.000,21930.000,20553.000,19349.000,18208.000,17335.000,16383.000,15801.000
1188.634,30313.000,26227.000,23546.000,21499.000,20003.000,18777.000,17898.000,16900.000,16347.000,15329.000
1190.339,30558.000,26466.000,23737.000,21756.000,20206.000,19017.000,17942.000,17173.000,16379.000,15536.000
1192.042,31237.000,27043.000,24191.000,22121.000,20462.000,19503.000,18270.000,17473.000,16519.000,15914.000
1193.744,30544.000,26657.000,23829.000,21899.000,20319.000,19156.000,18086.000,17146.000,16379.000,15622.000
1195.448,29973.000,26361.000,23410.000,21633.000,20173.000,18940.000,17746.000,16901.000,16088.000,15370.000
1197.150,31594.000,27210.000,24578.000,22377.000,20776.000,19409.000,18464.000,17560.000,16731.000,15994.000
1198.853,32119.000,27731.000,24937.000,23083.000,21174.000,20010.000,18984.000,17947.000,17003.000,16409.000
1200.554,30942.000,26774.000,24200.000,22289.000,20687.000,19275.000,18278.000,17482.000,16499.000,15783.000
1202.256,31831.000,27768.000,24832.000,22766.000,21120.000,19946.000,18891.000,17766.000,16907.000,16174.000
1203.957,31763.000,27648.000,24903.000,22801.000,21051.000,19900.000,18522.000,17974.000,17024.000,16143.000
1205.657,30831.000,26601.000,24156.000,22088.000,20426.000,19311.000,18233.000,17138.000,16439.000,15763.000
1207.359,30914.000,26978.000,23990.000,22217.000,20574.000,19434.000,18352.000,17286.000,16572.000,15744.000
1209.058,32037.000,27743.000,24871.000,22941.000,21273.000,19992.000,18729.000,17963.000,17015.000,16308.000
1210.759,31807.000,27447.000,24748.000,22718.000,21127.000,19838.000,18730.000,17931.000,17047.000,16270.000
1212.458,31565.000,27478.000,24714.000,22452.000,21124.000,19819.000,18440.000,17824.000,16908.000,16156.000
1214.156,32539.000,28390.000,25289.000,23255.000,21675.000,20220.000,19332.000,18203.000,17302.000,16539.000
1215.856,32311.000,27877.000,25314.000,23148.000,21440.000,20264.000,19012.000,18023.000,17188.000,16500.000
1217.554,31546.000,27339.000,24602.000,22673.000,21155.000,19785.000,18758.000,17644.000,16870.000,16135.000
1219.253,32112.000,27865.000,25193.000,23017.000,21587.000,20367.000,19124.000,18083.000,17127.000,16457.000
1220.950,32698.000,28647.000,25832.000,23751.000,22119.000,20711.000,19536.000,18583.000,17537.000,16815.000
1222.647,32811.000,28597.000,25777.000,23468.000,21928.000,20657.000,19381.000,18492.000,17587.000,16731.000
1224.345,32754.000,28647.000,25880.000,23773.000,21940.000,20586.000,19526.000,18567.000,17514.000,16738.000
1226.041,33605.000,29394.000,26454.000,24255.000,22500.000,21230.000,19956.000,18920.000,17748.000,17185.000
1227.739,33002.000,28812.000,26045.000,23880.000,22082.000,20792.000,19725.000,18627.000,17642.000,16777.000
1229.434,32104.000,28016.000,25384.000,23416.000,21493.000,20348.000,19136.000,18304.000,17191.000,16530.000
1231.130,33375.000,29166.000,26277.000,24175.000,22506.000,21144.000,19941.000,18879.000,17933.000,17129.000
1232.826,33232.000,29100.000,26307.000,24323.000,22443.000,20904.000,20088.000,18806.000,17955.000,17274.000
1234.521,32702.000,28617.000,25874.000,23794.000,22084.000,20632.000,19697.000,18461.000,17635.000,16754.000
1236.217,33095.000,28916.000,26052.000,23961.000,22360.000,20931.000,19710.000,18776.000,17902.000,16927.000
1237.911,33652.000,29240.000,26475.000,24354.000,22444.000,21250.000,20015.000,19002.000,17924.000,17331.000
1239.604,32256.000,28218.000,25460.000,23508.000,21838.000,20416.000,19111.000,18271.000,17478.000,16437.000
1241.299,32116.000,28072.000,25359.000,23190.000,21451.000,20224.000,19171.000,18124.000,17314.000,16364.000
1242.992,33356.000,29019.000,26311.000,24036.000,22426.000,20905.000,19920.000,18995.000,17942.000,17002.000
1244.686,32702.000,28286.000,25400.000,23420.000,21912.000,20495.000,19539.000,18602.000,17545.000,16667.000
1246.379,32343.000,28261.000,25452.000,23366.000,21663.000,20427.000,19332.000,18464.000,17521.000,16812.000
1248.070,33137.000,28697.000,25794.000,24001.000,22144.000,20785.000,19802.000,18740.000,17659.000,16943.000
1249.764,32824.000,28450.000,25743.000,23659.000,21906.000,20780.000,19534.000,18411.000,17565.000,16755.000
1251.455,31804.000,27729.000,24895.000,22865.000,21219.000,20040.000,18929.000,18086.000,17274.000,16271.000
1253.148,32095.000,27964.000,24922.000,23339.000,21454.000,20241.000,19182.000,18210.000,17168.000,16454.000
1254.838,33050.000,28775.000,25712.000,23617.000,22193.000,20660.000,19510.000,18608.000,17696.000,16855.000
1256.529,32459.000,28136.000,25580.000,23328.000,21715.000,20248.000,19224.000,18326.000,17295.000,16703.000
1258.220,32029.000,27997.000,25178.000,22988.000,21460.000,20145.000,19067.000,18138.000,17358.000,16383.000
1259.910,32745.000,28524.000,25654.000,23646.000,21908.000,20560.000,19634.000,18521.000,17539.000,16826.000
1261.601,32242.000,27895.000,25194.000,23010.000,21338.000,20247.000,19199.000,18369.000,17334.000,16329.000
1263.290,31270.000,27283.000,24794.000,22756.000,21087.000,19929.000,18773.000,17846.000,16938.000,16203.000
1264.979,32066.000,27672.000,24887.000,22888.000,21286.000,20019.000,19076.000,18062.000,17088.000,16340.000
1266.669,32625.000,28139.000,25476.000,23523.000,21755.000,20370.000,19299.000,18303.000,17541.000,16694.000
1268.357,31694.000,27441.000,24863.000,22661.000,21333.000,19979.000,18874.000,17989.000,17138.000,16198.000
1270.046,31699.000,27738.000,24831.000,22953.000,21340.000,20004.000,19038.000,18038.000,17006.000,16351.000
1271.734,33019.000,28437.000,25652.000,23680.000,21882.000,20748.000,19603.000,18573.000,17582.000,16851.000
1273.421,31430.000,27364.000,24494.000,22600.000,21018.000,19744.000,18731.000,17653.000,16791.000,16131.000
1275.109,31290.000,27019.000,24427.000,22548.000,20978.000,19741.000,18555.000,17586.000,16862.000,16094.000
1276.795,32281.000,27836.000,25090.000,22963.000,21265.000,20002.000,19097.000,18007.000,17144.000,16362.000
1278.483,32095.000,28048.000,25145.000,23213.000,21603.000,20274.000,19260.000,18074.000,17269.000,16684.000
1280.169,31560.000,27424.000,24703.000,22627.000,21187.000,19902.000,18817.000,17930.000,17152.000,16300.000
1281.854,32217.000,28218.000,25305.000,23253.000,21608.000,20300.000,19161.000,18245.000,17331.000,16556.000
1283.541,32700.000,28172.000,25511.000,23452.000,21672.000,20340.000,19378.000,18411.000,17374.000,16727.000
1285.226,31174.000,27018.000,24520.000,22395.000,20749.000,19718.000,18692.000,17690.000,16809.000,16204.000
1286.912,31530.000,27531.000,24890.000,22672.000,21178.000,19843.000,18846.000,17803.000,16873.000,16297.000
1288.596,32433.000,28088.000,25335.000,23146.000,21618.000,20293.000,19050.000,18215.000,17299.000,16582.000
1290.280,31912.000,27630.000,24910.000,22851.000,21271.000,20070.000,18857.000,18188.000,17164.000,16465.000
1291.965,31988.000,27887.000,24923.000,22943.000,21118.000,19931.000,18805.000,17867.000,16996.000,16389.000
1293.648,32363.000,28137.000,25278.000,23203.000,21622.000,20271.000,19223.000,18374.000,17462.000,16635.000
1295.333,32605.000,27938.000,25463.000,23312.000,21526.000,20293.000,19092.000,18257.000,17221.000,16631.000
1297.015,31430.000,27409.000,24575.000,22647.000,20953.000,19714.000,18554.000,17731.000,16964.000,16256.000
1298.698,31747.000,27384.000,24737.000,22816.000,21174.000,19875.000,18716.000,17793.000,17056.000,16233.000
1300.381,32728.000,28316.000,25568.000,23253.000,21887.000,20424.000,19465.000,18548.000,17471.000,16691.000
1302.063,31867.000,27717.000,24681.000,22611.000,21150.000,20107.000,18987.000,18067.000,17131.000,16380.000
1303.746,32203.000,27936.000,25073.000,23290.000,21412.000,20239.000,19071.000,17991.000,17277.000,16500.000
1305.427,32857.000,28405.000,25591.000,23323.000,21826.000,20473.000,19347.000,18507.000,17653.000,16643.000
1307.107,32039.000,27965.000,25259.000,23187.000,21640.000,20079.000,19061.000,18123.000,17339.000,16422.000
1308.789,31246.000,27328.000,24582.000,22642.000,21034.000,19523.000,18540.000,17684.000,16758.000,16039.000
1310.469,32313.000,28082.000,25287.000,23155.000,21411.000,20350.000,19172.000,18182.000,17348.000,16450.000
1312.150,32864.000,28562.000,25799.000,23554.000,21943.000,20659.000,19554.000,18503.000,17517.000,16786.000
1313.830,31676.000,27636.000,24707.000,22711.000,21217.000,19990.000,18862.000,17932.000,16955.000,16261.000
1315.508,32703.000,28372.000,25561.000,23346.000,21846.000,20464.000,19187.000,18187.000,17375.000,16603.000
1317.189,33007.000,28813.000,25717.000,23657.000,21990.000,20579.000,19572.000,18529.000,17443.000,16913.000
1318.867,32003.000,27798.000,25289.000,23111.000,21424.000,20072.000,19093.000,18061.000,17151.000,16572.000
1320.547,31925.000,27611.000,25273.000,22966.000,21179.000,20037.000,18815.000,18098.000,17167.000,16275.000
1322.224,32897.000,28437.000,25718.000,23602.000,21849.000,20470.000,19465.000,18591.000,17526.000,16657.000
1323.902,32999.000,28479.000,25760.000,23616.000,22002.000,20841.000,19518.000,18585.000,17651.000,16804.000
1325.581,32454.000,28358.000,25535.000,23416.000,21639.000,20316.000,19249.000,18264.000,17521.000,16470.000
1327.257,33172.000,29270.000,26312.000,23864.000,22110.000,20927.000,19816.000,18691.000,17690.000,17105.000
1328.935,33641.000,29251.000,26305.000,24110.000,22478.000,21187.000,19996.000,19026.000,17906.000,16996.000
1330.611,32904.000,28490.000,25654.000,23549.000,21832.000,20636.000,19367.000,18467.000,17323.000,16656.000
1332.287,32767.000,28615.000,25700.000,23824.000,21974.000,20638.000,19601.000,18445.000,17489.000,16812.000
1333.964,33622.000,29471.000,26272.000,24175.000,22484.000,21251.000,20000.000,18780.000,18002.000,17224.000
1335.639,33616.000,29194.000,26589.000,24270.000,22577.000,21031.000,20051.000,19020.000,17880.000,17016.000
1337.316,33375.000,29229.000,26319.000,24072.000,22453.000,20939.000,19735.000,18873.000,17949.000,16939.000
1338.990,33937.000,29415.000,26522.000,24414.000,22928.000,21203.000,19991.000,19106.000,18070.000,17150.000
1340.664,34178.000,29652.000,26559.000,24560.000,22965.000,21426.000,20330.000,19136.000,18186.000,17356.000
1342.340,32817.000,28552.000,25768.000,23750.000,21951.000,20656.000,19463.000,18470.000,17501.000,16705.000
1344.013,33579.000,29220.000,26283.000,24125.000,22482.000,20867.000,19783.000,18684.000,17839.000,17072.000
1345.688,33853.000,29457.000,26725.000,24547.000,22528.000,21284.000,20119.000,19250.000,18073.000,17204.000
1347.361,33047.000,28846.000,25802.000,23672.000,22097.000,20580.000,19493.000,18748.000,17589.000,16900.000
1349.033,33132.000,28668.000,25702.000,23658.000,21906.000,20536.000,19649.000,18476.000,17661.000,16801.000
1350.707,33543.000,29039.000,26232.000,24169.000,22364.000,21161.000,19811.000,18888.000,17785.000,16927.000
1352.379,33130.000,28581.000,25654.000,23739.000,21840.000,20727.000,19535.000,18623.000,17566.000,16873.000
1354.053,31672.000,27369.000,24682.000,22808.000,21100.000,19930.000,18754.000,17935.000,16930.000,16189.000
1355.724,32542.000,28304.000,25357.000,23240.000,21603.000,20282.000,19222.000,18261.000,17362.000,16546.000
1357.395,32761.000,28175.000,25632.000,23438.000,21459.000,20418.000,19355.000,18254.000,17482.000,16544.000
1359.067,32216.000,27758.000,25112.000,22927.000,21223.000,19941.000,18908.000,18105.000,17102.000,16406.000
1360.737,32609.000,28297.000,25370.000,23277.000,21518.000,20221.000,19156.000,18209.000,17249.000,16470.000
1362.409,32932.000,28419.000,25463.000,23526.000,21739.000,20511.000,19466.000,18524.000,17401.000,16712.000
1364.078,32318.000,27822.000,25180.000,23072.000,21335.000,20044.000,18923.000,18123.000,17195.000,16329.000
1365.748,31795.000,27432.000,24815.000,22703.000,20927.000,19657.000,18560.000,17664.000,16845.000,16169.000
1367.418,32368.000,28130.000,24997.000,23058.000,21343.000,19937.000,18957.000,17948.000,17158.000,16584.000
1369.087,32524.000,28138.000,25341.000,23211.000,21536.000,20292.000,19199.000,18127.000,17463.000,16588.000
1370.757,31996.000,27778.000,25052.000,22715.000,21177.000,19901.000,18724.000,17875.000,16934.000,16099.000
1372.425,32307.000,28225.000,25474.000,23101.000,21467.000,20125.000,19113.000,18013.000,17233.000,16601.000
1374.093,32804.000,28287.000,25522.000,23466.000,21665.000,20367.000,19415.000,18468.000,17380.000,16664.000
1375.762,31912.000,27555.000,24931.000,22828.000,21218.000,20038.000,18773.000,17944.000,16800.000,16183.000
1377.429,31762.000,27671.000,24783.000,22682.000,21031.000,19722.000,18781.000,17911.000,16866.000,16217.000
1379.098,32379.000,28046.000,24977.000,22796.000,21582.000,20213.000,19224.000,18147.000,17232.000,16535.000
1380.764,32579.000,28083.000,25341.000,23155.000,21607.000,20250.000,19315.000,18260.000,17327.000,16564.000
1382.430,32004.000,27902.000,24878.000,22787.000,21266.000,20085.000,18926.000,18115.000,17104.000,16433.000
1384.098,32738.000,28285.000,25381.000,23555.000,21778.000,20389.000,19321.000,18507.000,17488.000,16658.000
1385.763,33016.000,28552.000,25752.000,23519.000,21770.000,20388.000,19380.000,18560.000,17688.000,16828.000
1387.430,31927.000,27484.000,24742.000,22737.000,21227.000,19734.000,18637.000,17928.000,17075.000,16256.000
1389.095,31908.000,27781.000,24959.000,22989.000,21430.000,19968.000,18971.000,18063.000,17300.000,16466.000
1390.759,32604.000,28433.000,25547.000,23218.000,21600.000,20354.000,19212.000,18374.000,17724.000,16677.000
1392.425,32389.000,28300.000,25198.000,23376.000,21605.000,20326.000,19474.000,18246.000,17380.000,16830.000
1394.089,32326.000,28017.000,25302.000,23071.000,21578.000,20099.000,19257.000,18141.000,17332.000,16483.000
1395.754,32807.000,28790.000,25708.000,23725.000,21842.000,20589.000,19515.000,18685.000,17796.000,16794.000
1397.418,33069.000,28469.000,25627.000,23429.000,21876.000,20486.000,19305.000,18520.000,17604.000,16724.000
1399.080,31987.000,27973.000,24980.000,22799.000,21143.000,19870.000,18916.000,17968.000,17100.000,16484.000
1400.745,32363.000,27922.000,25272.000,23054.000,21261.000,20158.000,19166.000,18220.000,17408.000,16663.000
1402.407,32834.000,28394.000,25451.000,23329.000,21561.000,20496.000,19250.000,18493.000,17397.000,16712.000
1404.071,32498.000,28189.000,25099.000,23030.000,21491.000,20269.000,19187.000,18227.000,17293.000,16694.000
1405.732,32589.000,28041.000,25229.000,23103.000,21230.000,20117.000,19226.000,18203.000,17296.000,16572.000
1407.394,32745.000,28376.000,25648.000,23381.000,21930.000,20493.000,19496.000,18527.000,17579.000,16821.000
1409.057,32792.000,28428.000,25410.000,23407.000,21766.000,20485.000,19379.000,18478.000,17545.000,16828.000
1410.717,31979.000,27646.000,24892.000,23050.000,21088.000,19959.000,18865.000,18228.000,17026.000,16350.000
1412.379,32101.000,27697.000,25064.000,22667.000,21292.000,20007.000,19064.000,18036.000,17181.000,16480.000
1414.039,32688.000,28097.000,25284.000,23140.000,21658.000,20311.000,19338.000,18350.000,17506.000,16826.000
1415.699,32331.000,27883.000,24920.000,23052.000,21387.000,20124.000,19159.000,18089.000,17174.000,16506.000
1417.360,32461.000,28218.000,25177.000,23096.000,21553.000,20209.000,19193.000,18289.000,17498.000,16679.000
1419.019,32995.000,28562.000,25606.000,23501.000,21852.000,20550.000,19538.000,18532.000,17630.000,16775.000
1420.680,32607.000,28221.000,25256.000,23084.000,21641.000,20225.000,19163.000,18420.000,17332.000,16642.000
1422.338,31937.000,27635.000,24927.000,22819.000,21121.000,19852.000,18946.000,17998.000,17155.000,16501.000
1423.996,32448.000,28057.000,25389.000,23324.000,21559.000,20388.000,19258.000,18326.000,17641.000,16696.000
1425.656,33095.000,28742.000,25723.000,23632.000,21861.000,20732.000,19756.000,18717.000,17668.000,17109.000
1427.314,32782.000,28261.000,25272.000,23301.000,21760.000,20443.000,19358.000,18548.000,17562.000,16716.000
1428.973,33470.000,28863.000,26078.000,23891.000,22057.000,21006.000,19689.000,18811.000,17855.000,16920.000
1430.629,33786.000,29546.000,26629.000,24321.000,22621.000,21219.000,20168.000,19126.000,18219.000,17369.000
1432.286,33600.000,29185.000,26124.000,24013.000,22153.000,21079.000,19908.000,18862.000,18008.000,17228.000
1433.944,33270.000,29015.000,26592.000,24045.000,22159.000,20992.000,19636.000,18855.000,17760.000,17033.000
1435.600,33887.000,29298.000,26990.000,24203.000,22652.000,21180.000,20144.000,19189.000,18259.000,17521.000
1437.257,34279.000,29547.000,26838.000,24514.000,22716.000,21272.000,20237.000,19218.000,18275.000,17364.000
1438.913,34022.000,29617.000,26459.000,24386.000,22888.000,21396.000,20109.000,19130.000,18324.000,17498.000
1440.569,34494.000,29970.000,27182.000,24716.000,23121.000,21712.000,20486.000,19550.000,18598.000,17671.000
1442.224,34877.000,30238.000,27448.000,25085.000,23226.000,21840.000,20672.000,19778.000,18811.000,17799.000
1443.878,34023.000,29665.000,26692.000,24654.000,22842.000,21540.000,20236.000,19316.000,18244.000,17555.000
1445.534,33915.000,29357.000,26490.000,24386.000,22381.000,21018.000,19899.000,19091.000,18232.000,17347.000
1447.188,34277.000,29846.000,26691.000,24631.000,22792.000,21616.000,20439.000,19318.000,18421.000,17472.000
1448.843,34184.000,29851.000,26793.000,24534.000,23000.000,21523.000,20374.000,19429.000,18603.000,17582.000
1450.496,34108.000,29755.000,26671.000,24500.000,22676.000,21371.000,20234.000,19269.000,18203.000,17589.000
1452.149,34565.000,29778.000,26636.000,24687.000,22979.000,21466.000,20339.000,19452.000,18369.000,17449.000
1453.803,34514.000,30119.000,26964.000,24816.000,22915.000,21697.000,20495.000,19538.000,18418.000,17704.000
1455.455,33883.000,29463.000,26537.000,24250.000,22521.000,21187.000,20096.000,19008.000,18191.000,17338.000
1457.109,33735.000,29237.000,26185.000,24224.000,22432.000,21038.000,19868.000,18919.000,17997.000,17154.000
1458.760,33949.000,29715.000,26741.000,24416.000,22571.000,21201.000,20191.000,19148.000,18331.000,17378.000
1460.412,33845.000,29504.000,26252.000,24268.000,22446.000,21034.000,19990.000,18966.000,18037.000,17281.000
1462.064,33636.000,29270.000,26233.000,24004.000,22281.000,20891.000,19877.000,18954.000,18068.000,17333.000
1463.715,34034.000,29432.000,26419.000,24345.000,22714.000,21180.000,20054.000,19270.000,18115.000,17335.000
1465.367,34151.000,29367.000,26364.000,24395.000,22489.000,21101.000,20049.000,19115.000,18116.000,17398.000
1467.017,33439.000,28683.000,25805.000,23698.000,22011.000,20703.000,19565.000,18619.000,17632.000,17123.000
1468.666,33314.000,28671.000,25712.000,23517.000,21851.000,20670.000,19342.000,18622.000,17618.000,16982.000
1470.317,33686.000,29020.000,25971.000,23747.000,22240.000,20841.000,19866.000,18772.000,17816.000,17238.000
1471.966,33229.000,28914.000,25572.000,23714.000,21943.000,20624.000,19546.000,18616.000,17641.000,16888.000
1473.617,33249.000,28937.000,25892.000,23714.000,22132.000,20694.000,19664.000,18758.000,17754.000,17092.000
1475.265,33972.000,29160.000,26238.000,24136.000,22279.000,20869.000,19889.000,18898.000,17992.000,17160.000
1476.913,33677.000,28976.000,26100.000,25750.000,22036.000,20626.000,19614.000,18771.000,17858.000,17196.000
1478.563,32970.000,28490.000,25524.000,23524.000,21728.000,20397.000,19438.000,18497.000,17485.000,16846.000
1480.210,32888.000,28527.000,25526.000,23304.000,21545.000,20289.000,19205.000,18557.000,17440.000,16810.000
1481.859,33372.000,28621.000,25722.000,23653.000,21929.000,20433.000,19374.000,18681.000,17599.000,16917.000
1483.506,33502.000,28576.000,25609.000,23378.000,21709.000,20492.000,19255.000,18432.000,17596.000,16762.000
1485.152,33151.000,28600.000,25537.000,23299.000,21631.000,20420.000,19355.000,18327.000,17393.000,16940.000
1486.800,33645.000,28702.000,25711.000,23571.000,22056.000,20534.000,19439.000,18676.000,17787.000,16942.000
1488.446,33405.000,28869.000,25652.000,23569.000,21905.000,20572.000,19508.000,18614.000,17709.000,16899.000
1490.093,32802.000,28365.000,25593.000,23121.000,21579.000,20118.000,19143.000,18376.000,17408.000,16718.000
1491.739,32871.000,28226.000,25172.000,23135.000,21632.000,20182.000,19267.000,18405.000,17258.000,16750.000
1493.384,33120.000,28538.000,25347.000,23309.000,21605.000,20274.000,19144.000,18610.000,17433.000,16877.000
1495.030,32802.000,28300.000,25378.000,23177.000,21562.000,20255.000,19246.000,18413.000,17566.000,16642.000
1496.674,32893.000,28409.000,25375.000,23184.000,21656.000,20265.000,19281.000,18355.000,17359.000,16744.000
1498.320,33378.000,28714.000,25821.000,23512.000,21732.000,20540.000,19552.000,18648.000,17583.000,16981.000
1499.964,33125.000,28702.000,25669.000,23357.000,21668.000,20368.000,19346.000,18589.000,17492.000,16827.000
1501.607,32653.000,28030.000,25069.000,23106.000,21518.000,20102.000,18905.000,18195.000,17225.000,16616.000
1503.252,32855.000,28357.000,25322.000,23335.000,21483.000,20185.000,19022.000,18225.000,17398.000,16678.000
1504.894,33053.000,28480.000,25590.000,23387.000,21606.000,20293.000,19306.000,18388.000,17519.000,16809.000
1506.539,33273.000,28470.000,25334.000,23283.000,21619.000,20325.000,19212.000,18457.000,17501.000,16777.000
1508.181,33285.000,28680.000,25809.000,23403.000,21800.000,20313.000,19352.000,18510.000,17557.000,16909.000
1509.823,33477.000,28626.000,25848.000,23530.000,21723.000,20561.000,19464.000,18557.000,17534.000,16898.000
1511.466,33476.000,28554.000,25506.000,23518.000,21679.000,20433.000,19370.000,18609.000,17630.000,16948.000
1513.107,33262.000,28519.000,25406.000,23425.000,21575.000,20373.000,19353.000,18442.000,17365.000,16800.000
1514.750,33316.000,28615.000,25681.000,23290.000,21773.000,20478.000,19133.000,18307.000,17558.000,16812.000
1516.390,33329.000,28587.000,25731.000,23509.000,21831.000,20302.000,19630.000,18654.000,17783.000,16753.000
1518.030,33440.000,28987.000,25805.000,23489.000,21707.000,20539.000,19479.000,18607.000,17687.000,17009.000
1519.672,33886.000,28895.000,25817.000,23790.000,21927.000,20682.000,19522.000,18793.000,17730.000,17022.000
1521.312,34065.000,29046.000,26044.000,23679.000,22189.000,20657.000,19743.000,18797.000,17968.000,17143.000
1522.953,33965.000,28872.000,26093.000,23820.000,21862.000,20695.000,19527.000,18723.000,17847.000,16987.000
1524.592,33485.000,28953.000,25667.000,23535.000,21883.000,20499.000,19614.000,18721.000,17722.000,16991.000
1526.230,33306.000,28798.000,25689.000,23360.000,21721.000,20470.000,19575.000,18473.000,17642.000,17042.000
1527.871,33486.000,28901.000,25565.000,23769.000,21913.000,20715.000,19599.000,18646.000,17828.000,17027.000
1529.509,33822.000,29061.000,26159.000,23714.000,22066.000,20653.000,19609.000,18955.000,17878.000,17230.000
1531.148,34108.000,29346.000,26027.000,24011.000,22220.000,20904.000,19853.000,19036.000,18028.000,17257.000
1532.786,34061.000,29453.000,26327.000,23919.000,22501.000,21007.000,19834.000,19084.000,18096.000,17458.000
1534.423,33921.000,29258.000,26146.000,23970.000,22345.000,20955.000,19774.000,18865.000,18008.000,17237.000
1536.061,33791.000,28964.000,26086.000,23833.000,22086.000,20938.000,19824.000,18856.000,18357.000,17308.000
1537.698,33832.000,29291.000,26192.000,23914.000,22193.000,20921.000,19723.000,18904.000,18079.000,17232.000
1539.336,34000.000,29338.000,26242.000,24058.000,22497.000,21100.000,19848.000,18832.000,18027.000,17212.000
1540.972,34292.000,29564.000,26283.000,24402.000,22487.000,21117.000,20154.000,19291.000,18328.000,17379.000
1542.607,34491.000,29664.000,26514.000,24360.000,22571.000,21264.000,20233.000,19079.000,18268.000,17613.000
1544.244,34588.000,29714.000,26613.000,24461.000,22774.000,21363.000,20332.000,19400.000,18338.000,17638.000
1545.879,34342.000,29721.000,26550.000,24520.000,22476.000,21332.000,20148.000,19384.000,18231.000,17576.000
1547.515,34283.000,29605.000,26418.000,24269.000,22522.000,21233.000,20090.000,19190.000,18165.000,17391.000
1549.150,34241.000,29430.000,26448.000,24277.000,22438.000,21247.000,20054.000,19191.000,18176.000,17463.000
1550.784,34179.000,29380.000,26228.000,24155.000,22392.000,21060.000,19907.000,19065.000,18157.000,17378.000
1552.419,34459.000,29542.000,26662.000,24336.000,22428.000,21205.000,20121.000,19226.000,18282.000,17535.000
1554.053,34664.000,29681.000,26867.000,24522.000,22731.000,21398.000,20249.000,19371.000,18477.000,17528.000
1555.688,34587.000,29761.000,26639.000,24548.000,22872.000,21286.000,20272.000,19307.000,18437.000,17674.000
1557.320,34617.000,29708.000,26574.000,24252.000,22684.000,21354.000,20229.000,19414.000,18419.000,17584.000
1558.953,34310.000,29457.000,26687.000,24414.000,22579.000,21256.000,20097.000,19334.000,18251.000,17488.000
1560.587,34045.000,29638.000,26376.000,24200.000,22576.000,21115.000,20177.000,19316.000,18133.000,17522.000
1562.219,34335.000,29850.000,26335.000,24436.000,22620.000,21357.000,20108.000,19321.000,18324.000,17591.000
1563.852,34451.000,29778.000,26710.000,24359.000,22658.000,21324.000,20299.000,19279.000,18295.000,17541.000
1565.483,34866.000,29917.000,26698.000,24687.000,22984.000,21642.000,20528.000,19403.000,18436.000,17870.000
1567.116,34536.000,29675.000,26762.000,24490.000,22721.000,21385.000,20213.000,19373.000,18376.000,17699.000
1568.746,34270.000,29971.000,26697.000,24484.000,22660.000,21283.000,20395.000,19292.000,18401.000,17679.000
1570.377,34643.000,29766.000,26764.000,24461.000,22919.000,21555.000,20339.000,19298.000,18560.000,17469.000
1572.008,34181.000,29439.000,26589.000,24224.000,22567.000,21249.000,20083.000,19214.000,18264.000,17454.000
1573.638,34475.000,29640.000,26601.000,24477.000,22666.000,21291.000,20344.000,19206.000,18310.000,17559.000
1575.269,34723.000,29848.000,26755.000,24781.000,22869.000,21452.000,20265.000,19436.000,18501.000,17779.000
1576.898,34973.000,30167.000,27070.000,24828.000,23029.000,21614.000,20607.000,19680.000,18726.000,17899.000
1578.527,34660.000,29938.000,26745.000,24853.000,22872.000,21547.000,20478.000,19469.000,18380.000,17666.000
1580.157,34826.000,29836.000,26720.000,24624.000,22971.000,21532.000,20390.000,19492.000,18433.000,17680.000
1581.785,34830.000,30046.000,26894.000,24625.000,22859.000,25942.000,20296.000,19514.000,18402.000,17654.000
1583.415,34382.000,29723.000,26515.000,24420.000,22579.000,21161.000,20053.000,19148.000,18199.000,17480.000
1585.043,34567.000,29780.000,26890.000,24613.000,22749.000,21463.000,20266.000,19331.000,18408.000,17687.000
1586.670,35093.000,30251.000,27333.000,24751.000,23047.000,21658.000,20529.000,19676.000,18745.000,17977.000
1588.299,35373.000,30321.000,27403.000,24912.000,23215.000,21882.000,20690.000,19783.000,18790.000,18024.000
1589.925,34989.000,30558.000,27216.000,24922.000,23025.000,21613.000,20594.000,19528.000,18580.000,17873.000
1591.553,35167.000,30494.000,27350.000,24963.000,23408.000,21859.000,20525.000,19649.000,18631.000,17792.000
1593.179,35612.000,30497.000,27400.000,25108.000,23394.000,22114.000,20943.000,19847.000,18710.000,17974.000
1594.805,35227.000,30506.000,27287.000,25018.000,23223.000,21840.000,20818.000,19737.000,18691.000,17952.000
1596.432,34968.000,30428.000,27330.000,24987.000,23179.000,21595.000,20639.000,19590.000,18713.000,18102.000
1598.057,35676.000,30901.000,27927.000,25460.000,23632.000,22135.000,21125.000,19926.000,19024.000,18186.000
1599.684,35791.000,31050.000,27862.000,25515.000,23646.000,22180.000,22342.000,19926.000,19094.000,18416.000
1601.308,35521.000,30690.000,27634.000,25263.000,23519.000,22219.000,20919.000,19885.000,18955.000,18255.000
1602.932,35689.000,31009.000,27950.000,25343.000,23714.000,22112.000,20911.000,20030.000,19068.000,18205.000
1604.558,35546.000,30921.000,27708.000,25334.000,23558.000,22242.000,21039.000,19963.000,19110.000,18241.000
1606.181,35534.000,30558.000,27568.000,25107.000,23340.000,21857.000,20928.000,19698.000,18795.000,18182.000
1607.806,35076.000,30175.000,27308.000,25014.000,23261.000,21673.000,20557.000,19683.000,18876.000,17874.000
1609.429,35891.000,31031.000,28019.000,25615.000,23604.000,22339.000,21175.000,20270.000,18999.000,18291.000
1611.052,36238.000,31148.000,27895.000,25646.000,23988.000,22282.000,21102.000,20207.000,19016.000,18493.000
1612.676,35278.000,30633.000,27272.000,25057.000,23229.000,21759.000,20550.000,19738.000,18849.000,18004.000
1614.298,35908.000,30775.000,27672.000,25300.000,23405.000,22105.000,20926.000,19941.000,19070.000,18118.000
1615.921,35635.000,30781.000,27406.000,25272.000,23367.000,22032.000,20686.000,19983.000,18849.000,18124.000
1617.543,35130.000,30300.000,27234.000,24651.000,23082.000,21619.000,20671.000,19565.000,18696.000,17829.000
1619.164,35271.000,30429.000,27039.000,24706.000,23170.000,21739.000,20520.000,19717.000,18727.000,17865.000
1620.786,35789.000,30833.000,27600.000,25178.000,23530.000,22217.000,20928.000,19979.000,18962.000,18208.000
1622.407,35796.000,30990.000,27792.000,25404.000,23701.000,22185.000,20955.000,20146.000,18986.000,18226.000
1624.029,35350.000,30605.000,27171.000,25002.000,23339.000,21748.000,20628.000,19778.000,18859.000,17982.000
1625.649,35692.000,30985.000,27588.000,25248.000,23541.000,22296.000,20813.000,19895.000,19037.000,18264.000
1627.268,35946.000,31130.000,27789.000,25599.000,23525.000,22166.000,21123.000,20107.000,19069.000,18397.000
1628.889,35561.000,30709.000,27616.000,25257.000,23336.000,22095.000,20941.000,19881.000,18845.000,18024.000
1630.508,35864.000,30875.000,27606.000,25287.000,23403.000,21983.000,20847.000,19798.000,18693.000,18155.000
1632.128,36335.000,31253.000,28012.000,25603.000,23917.000,22381.000,21278.000,20236.000,19221.000,18291.000
1633.747,36377.000,31479.000,28348.000,25723.000,24144.000,22608.000,21393.000,20496.000,19206.000,18505.000
1635.365,36360.000,31596.000,28195.000,25784.000,23984.000,22471.000,21302.000,20245.000,19326.000,18506.000
1636.984,36465.000,31618.000,28343.000,25903.000,24005.000,22564.000,21304.000,20463.000,19395.000,18574.000
1638.602,37096.000,31913.000,28608.000,26241.000,24495.000,23032.000,21674.000,20726.000,19610.000,18755.000
1640.221,36391.000,31619.000,28324.000,26059.000,24097.000,22521.000,21504.000,20374.000,19426.000,18558.000
1641.837,36428.000,31567.000,28144.000,26034.000,24135.000,22712.000,21381.000,20470.000,19415.000,18505.000
1643.454,37471.000,32601.000,29395.000,26802.000,25018.000,23361.000,22243.000,20947.000,19937.000,19041.000
1645.072,37433.000,32511.000,29234.000,26919.000,25031.000,23406.000,22276.000,20973.000,20045.000,19189.000
1646.688,37522.000,32231.000,29116.000,26605.000,24843.000,23301.000,22117.000,20866.000,19927.000,19150.000
1648.305,37295.000,32625.000,29277.000,26806.000,24958.000,23403.000,22157.000,21090.000,20164.000,19045.000
1649.920,38085.000,33407.000,29702.000,27381.000,25367.000,23728.000,22719.000,21552.000,20261.000,19423.000
1651.535,37846.000,32665.000,29516.000,27025.000,25434.000,23673.000,22346.000,21260.000,20247.000,19362.000
1653.152,37402.000,32426.000,29373.000,26707.000,24993.000,23453.000,22215.000,21059.000,20246.000,19076.000
1654.766,38915.000,33854.000,30465.000,28098.000,26148.000,24427.000,23078.000,22032.000,20746.000,20058.000
1656.382,38957.000,33783.000,30629.000,28071.000,26317.000,24824.000,23108.000,22201.000,20837.000,19927.000
1657.996,39010.000,33879.000,30721.000,28218.000,26335.000,24604.000,23354.000,22136.000,20814.000,19964.000
1659.609,39490.000,34670.000,31253.000,28769.000,26708.000,25167.000,23691.000,22393.000,21460.000,20396.000
1661.224,40015.000,34787.000,31716.000,29117.000,27152.000,25454.000,24002.000,22864.000,21397.000,20479.000
1662.837,39155.000,34410.000,31164.000,28675.000,26438.000,24939.000,23379.000,22382.000,21223.000,20223.000
1664.451,38897.000,33900.000,30575.000,27966.000,26172.000,24324.000,23142.000,21883.000,20791.000,19896.000
1666.063,39421.000,34283.000,31034.000,28503.000,26456.000,24799.000,23313.000,22193.000,21093.000,19998.000
1667.675,39239.000,33956.000,30606.000,28231.000,26282.000,24654.000,23236.000,22114.000,20818.000,19963.000
1669.289,37898.000,33110.000,29676.000,27277.000,25497.000,23788.000,22433.000,21435.000,20271.000,19449.000
1670.900,37617.000,32630.000,29520.000,27111.000,25164.000,23503.000,22381.000,21151.000,20197.000,19271.000
1672.513,37868.000,32750.000,29491.000,26814.000,25069.000,23589.000,22317.000,21331.000,20204.000,19310.000
1674.124,36948.000,31962.000,28605.000,26324.000,24388.000,23050.000,21825.000,20767.000,19617.000,18873.000
1675.734,36435.000,31581.000,28207.000,25831.000,24256.000,22672.000,21401.000,20450.000,19437.000,18794.000
1677.346,36662.000,31640.000,28549.000,26170.000,24245.000,22581.000,21682.000,20679.000,19604.000,18608.000
1678.956,37118.000,31955.000,28603.000,26222.000,24413.000,23153.000,21871.000,20751.000,19637.000,19004.000
1680.567,36143.000,31084.000,27867.000,25533.000,23941.000,22417.000,21108.000,20254.000,19251.000,18491.000
1682.176,35683.000,30987.000,27612.000,25200.000,23638.000,22210.000,20992.000,20137.000,18886.000,18294.000
1683.785,36950.000,31683.000,28381.000,26021.000,24357.000,22720.000,21632.000,20519.000,19640.000,18617.000
1685.395,35508.000,30586.000,27431.000,25215.000,23423.000,21963.000,20955.000,20042.000,18955.000,18183.000
1687.004,34959.000,30035.000,26998.000,24641.000,23078.000,21697.000,20745.000,19664.000,18696.000,17892.000
1688.613,35426.000,30701.000,27304.000,25073.000,23480.000,22211.000,20920.000,19979.000,18863.000,18160.000
1690.221,36080.000,31035.000,27790.000,25381.000,23601.000,22389.000,20958.000,20220.000,19266.000,18259.000
1691.829,35044.000,30325.000,27249.000,24984.000,23203.000,21818.000,20587.000,19822.000,18931.000,18003.000
1693.437,34903.000,30173.000,26824.000,24527.000,23014.000,21556.000,20498.000,19665.000,18604.000,17834.000
1695.044,35588.000,30764.000,27649.000,25332.000,23434.000,22105.000,20849.000,20132.000,19135.000,18259.000
1696.652,34866.000,29877.000,26752.000,24568.000,23033.000,21604.000,20416.000,19470.000,18512.000,17895.000
1698.259,34534.000,29533.000,26459.000,24205.000,22476.000,21418.000,20236.000,19312.000,18400.000,17510.000
1699.864,35070.000,30606.000,27019.000,24621.000,23149.000,21705.000,20642.000,19711.000,18691.000,18167.000
1701.472,35600.000,30598.000,27234.000,25010.000,23282.000,21790.000,20841.000,19715.000,18932.000,18140.000
1703.077,34898.000,30137.000,26905.000,24475.000,22861.000,21527.000,20467.000,19552.000,18487.000,17851.000
1704.684,34749.000,29854.000,26792.000,24331.000,22709.000,21393.000,20312.000,19464.000,18540.000,17726.000
1706.288,35415.000,30399.000,26986.000,24888.000,23217.000,21905.000,20681.000,19924.000,18780.000,18056.000
1707.893,35310.000,30397.000,27012.000,24837.000,23214.000,21747.000,20556.000,19686.000,18846.000,18034.000
1709.499,34421.000,29651.000,26732.000,24140.000,22521.000,21268.000,20170.000,19335.000,18319.000,17613.000
1711.102,34699.000,29792.000,26764.000,24480.000,22835.000,21477.000,20394.000,19503.000,18540.000,17653.000
1712.708,35525.000,30548.000,27528.000,25053.000,23267.000,21907.000,21142.000,19873.000,18977.000,18292.000
1714.311,34899.000,29758.000,26862.000,24656.000,22981.000,21534.000,20490.000,19628.000,18740.000,17879.000
1715.914,34765.000,29710.000,26723.000,24449.000,22730.000,21436.000,20394.000,19475.000,18547.000,17777.000
1717.518,35258.000,30430.000,27139.000,24936.000,23099.000,21616.000,20860.000,19740.000,18746.000,18003.000
1719.120,35017.000,30232.000,27075.000,24681.000,22936.000,21637.000,20845.000,19733.000,18706.000,17929.000
1720.724,34166.000,29235.000,26300.000,24031.000,22360.000,20996.000,20002.000,19045.000,18325.000,17453.000
1722.326,34282.000,29372.000,26410.000,23912.000,22306.000,21016.000,20187.000,19510.000,18106.000,17493.000
1723.927,35571.000,30951.000,27526.000,25245.000,23467.000,22171.000,21149.000,20887.000,19186.000,18449.000
1725.530,34656.000,29862.000,26877.000,24589.000,22758.000,21330.000,20439.000,19456.000,18464.000,17808.000
1727.131,34048.000,29421.000,26228.000,24077.000,22397.000,21243.000,20052.000,19072.000,18177.000,17446.000
1728.733,35031.000,30453.000,27117.000,24732.000,23146.000,21716.000,20697.000,19888.000,18809.000,18007.000
1730.333,34613.000,29789.000,26833.000,24345.000,22716.000,21516.000,20331.000,19558.000,18573.000,17796.000
1731.933,34201.000,29190.000,26171.000,24087.000,22402.000,21004.000,19876.000,19144.000,18229.000,17520.000
1733.534,34279.000,29684.000,26390.000,24179.000,22394.000,20994.000,20041.000,19055.000,18129.000,17553.000
1735.133,35269.000,30539.000,27123.000,24831.000,23000.000,21754.000,20685.000,19629.000,18806.000,18214.000
1736.734,34673.000,29814.000,26652.000,24368.000,22569.000,21440.000,20456.000,19310.000,18332.000,17829.000
1738.333,34103.000,29444.000,26275.000,23897.000,22241.000,21165.000,20088.000,19023.000,18159.000,17596.000
1739.931,35436.000,30428.000,27085.000,24947.000,22933.000,21637.000,20543.000,19685.000,18844.000,18153.000
1741.531,35107.000,30266.000,27019.000,24796.000,22972.000,21437.000,20509.000,19704.000,18720.000,18111.000
1743.129,34184.000,29325.000,26149.000,24044.000,22348.000,21036.000,19847.000,19071.000,18211.000,17421.000
1744.728,34383.000,29521.000,26281.000,24219.000,22271.000,20966.000,19945.000,19040.000,18283.000,17507.000
1746.325,35286.000,30348.000,26892.000,24690.000,22966.000,21479.000,20451.000,19844.000,18515.000,18026.000
1747.922,34981.000,30173.000,26916.000,24630.000,22989.000,21669.000,20546.000,19604.000,18659.000,17835.000
1749.520,34486.000,29794.000,26572.000,24206.000,22667.000,21173.000,20178.000,19194.000,18409.000,17644.000
1751.116,34591.000,29912.000,26742.000,24257.000,22617.000,21052.000,20162.000,19291.000,18438.000,17589.000
1752.714,35339.000,30295.000,27227.000,25051.000,23357.000,21609.000,20688.000,19819.000,19025.000,18183.000
1754.310,34147.000,29317.000,26295.000,23930.000,22408.000,21106.000,19934.000,19275.000,18292.000,17446.000
1755.905,33839.000,29017.000,25851.000,23747.000,22122.000,20739.000,19799.000,18991.000,18085.000,17276.000
1757.502,35413.000,30248.000,27158.000,24761.000,23191.000,21721.000,20626.000,19701.000,18869.000,18020.000
1759.097,34977.000,29904.000,26629.000,24471.000,22892.000,21404.000,20399.000,19475.000,18457.000,17667.000
1760.693,34346.000,29255.000,26270.000,24042.000,22421.000,20880.000,19973.000,19127.000,18238.000,17594.000
1762.287,34110.000,29538.000,26317.000,24121.000,22481.000,20967.000,20046.000,19094.000,18247.000,17503.000
1763.881,35488.000,30435.000,27233.000,24813.000,23228.000,21676.000,20717.000,19742.000,18802.000,18179.000
1765.476,34486.000,29534.000,26235.000,24286.000,22608.000,20980.000,20041.000,19269.000,18278.000,17731.000
1767.070,33632.000,28898.000,25738.000,23436.000,21993.000,20561.000,19675.000,18695.000,17928.000,17172.000
1768.664,35574.000,30151.000,26970.000,24773.000,23169.000,21710.000,20722.000,19587.000,18667.000,17836.000
1770.257,35042.000,30139.000,26882.000,24493.000,22645.000,21524.000,20542.000,19518.000,18432.000,17824.000
1771.849,34059.000,29647.000,26192.000,24111.000,22368.000,20905.000,19950.000,19200.000,18185.000,17588.000
1773.443,34827.000,29966.000,26679.000,24317.000,22630.000,21229.000,20197.000,19391.000,18549.000,17741.000
1775.035,35514.000,30303.000,27050.000,24724.000,22942.000,21717.000,20569.000,19793.000,18573.000,18046.000
1776.628,34689.000,29956.000,26702.000,24211.000,22548.000,21247.000,20120.000,19163.000,18163.000,17656.000
1778.219,33855.000,29312.000,26161.000,23734.000,22173.000,21004.000,19861.000,18878.000,18080.000,17372.000
1779.810,35058.000,30320.000,26745.000,24370.000,22862.000,23435.000,20418.000,19453.000,18526.000,17834.000
1781.403,35565.000,30687.000,27235.000,24972.000,23088.000,21847.000,20632.000,19596.000,18757.000,18214.000
1782.993,34760.000,29767.000,26570.000,24231.000,22563.000,21205.000,20143.000,19280.000,18478.000,17644.000
1784.585,34552.000,29479.000,26130.000,24032.000,22391.000,20906.000,19932.000,19232.000,18196.000,17462.000
1786.174,35411.000,30422.000,27033.000,24740.000,23107.000,21491.000,20663.000,19700.000,18654.000,17953.000
1787.764,34863.000,29835.000,26659.000,24494.000,22577.000,21118.000,20276.000,19360.000,18435.000,17765.000
1789.355,33928.000,29158.000,26160.000,23841.000,22252.000,20788.000,19935.000,19122.000,18139.000,17325.000
1790.944,34391.000,29387.000,26292.000,24192.000,22357.000,21049.000,19980.000,19040.000,18275.000,17504.000
1792.534,35632.000,30400.000,27080.000,24808.000,23094.000,21639.000,20604.000,19653.000,18731.000,17975.000
1794.122,34757.000,29692.000,26563.000,24387.000,22726.000,21316.000,20162.000,19325.000,18385.000,17664.000
1795.710,33731.000,28885.000,25812.000,23392.000,22184.000,20741.000,19678.000,18861.000,17969.000,17228.000
1797.299,35586.000,30662.000,27139.000,24777.000,23170.000,21718.000,20807.000,19740.000,18879.000,18069.000
1798.887,35001.000,29986.000,27072.000,24446.000,22802.000,21498.000,20372.000,19441.000,18572.000,17885.000
1800.475,33609.000,28848.000,25467.000,23415.000,21799.000,20460.000,19576.000,18536.000,17920.000,17102.000
1802.062,34356.000,29525.000,26173.000,23964.000,22207.000,20825.000,20010.000,19119.000,18194.000,17377.000
1803.649,35509.000,30399.000,27019.000,24784.000,23106.000,21407.000,20492.000,19738.000,18697.000,18019.000
1805.236,34860.000,29809.000,26902.000,24378.000,22823.000,21449.000,20339.000,19450.000,18665.000,17781.000
1806.822,33950.000,29281.000,26147.000,23802.000,22146.000,20735.000,19683.000,18886.000,18038.000,17349.000
1808.410,35290.000,30401.000,26957.000,24886.000,23048.000,21616.000,20570.000,19676.000,18859.000,17975.000
1809.995,35147.000,30470.000,27051.000,24852.000,22948.000,21568.000,20522.000,19595.000,18697.000,18067.000
1811.582,34210.000,29180.000,25888.000,23547.000,21975.000,20797.000,19702.000,19013.000,17995.000,17271.000
1813.166,34548.000,29881.000,26642.000,24159.000,22563.000,21243.000,19973.000,19292.000,18402.000,17715.000
1814.751,35621.000,30635.000,27019.000,24990.000,23157.000,21781.000,20765.000,19843.000,18915.000,18101.000
1816.336,35104.000,30106.000,26667.000,24450.000,22764.000,21391.000,20433.000,19501.000,18467.000,17829.000
1817.920,34293.000,29403.000,26312.000,23950.000,22295.000,20981.000,20115.000,19176.000,18294.000,17464.000
1819.505,35197.000,30165.000,26795.000,24687.000,22891.000,21455.000,20209.000,19570.000,18599.000,17992.000
1821.089,35649.000,30738.000,27531.000,24891.000,23251.000,21756.000,20649.000,20025.000,18795.000,18085.000
1822.671,34794.000,29882.000,26522.000,24423.000,22510.000,21315.000,20221.000,19313.000,18441.000,17762.000
1824.256,34114.000,29343.000,26143.000,24008.000,22156.000,20742.000,19819.000,19190.000,18159.000,17651.000
1825.838,35498.000,30343.000,27222.000,24730.000,23086.000,21724.000,20625.000,19769.000,18880.000,18140.000
1827.422,35566.000,30514.000,27090.000,24924.000,23431.000,21863.000,20684.000,19804.000,18941.000,18163.000
1829.004,34223.000,29308.000,26014.000,24292.000,22201.000,21050.000,20096.000,19137.000,18415.000,17613.000
1830.585,35062.000,30024.000,26865.000,24577.000,22977.000,21393.000,20415.000,19488.000,18535.000,17836.000
1832.168,35674.000,30720.000,27159.000,24871.000,23066.000,21785.000,20842.000,19917.000,18990.000,18141.000
1833.749,34964.000,29987.000,26818.000,24330.000,22602.000,21406.000,20305.000,19440.000,18489.000,17798.000
1835.331,33760.000,29016.000,25806.000,23664.000,22081.000,20530.000,19707.000,18899.000,18235.000,17337.000
1836.911,35090.000,30231.000,27197.000,24701.000,23054.000,21546.000,20516.000,19792.000,18685.000,18175.000
1838.491,36523.000,31141.000,27768.000,25384.000,23673.000,22126.000,21105.000,20142.000,19331.000,18582.000
1840.072,34121.000,29326.000,26159.000,23768.000,22178.000,20872.000,19986.000,19211.000,18181.000,17445.000
1841.652,34874.000,29873.000,26789.000,24566.000,22721.000,21450.000,20236.000,19433.000,18568.000,17688.000
1843.233,35786.000,30788.000,27613.000,25222.000,23277.000,21859.000,20858.000,19932.000,19040.000,18365.000
1844.811,35012.000,30217.000,26720.000,24509.000,22897.000,21470.000,20512.000,19428.000,18449.000,17956.000
1846.390,34107.000,29426.000,26385.000,24196.000,22270.000,20947.000,19975.000,19129.000,18319.000,17594.000
1847.970,35288.000,29819.000,26955.000,24472.000,22787.000,21491.000,20417.000,19660.000,18686.000,18091.000
1849.548,35914.000,30907.000,27457.000,25175.000,23464.000,21946.000,21143.000,20246.000,19186.000,18409.000
1851.127,34841.000,30035.000,26794.000,24458.000,22934.000,21522.000,20271.000,19429.000,18481.000,17910.000
1852.704,34835.000,29874.000,26580.000,24546.000,22811.000,21427.000,20343.000,19596.000,18533.000,17872.000
1854.281,36030.000,30891.000,27572.000,25148.000,23434.000,22134.000,21083.000,20126.000,19261.000,18636.000
1855.860,35651.000,30593.000,27367.000,25029.000,23432.000,21835.000,20891.000,19945.000,19083.000,18296.000
1857.436,34628.000,29840.000,26438.000,24138.000,22488.000,21335.000,20250.000,19339.000,18344.000,17673.000
1859.014,35015.000,30074.000,26940.000,24695.000,22871.000,21429.000,20614.000,19640.000,18693.000,17895.000
1860.590,36040.000,30879.000,27544.000,25173.000,23533.000,22120.000,21188.000,20145.000,19094.000,18308.000
1862.165,35531.000,30655.000,27300.000,24982.000,23385.000,21933.000,20834.000,20186.000,18953.000,18410.000
1863.742,34811.000,30022.000,26747.000,24476.000,22718.000,21457.000,20297.000,19518.000,18537.000,17979.000
1865.317,35323.000,30399.000,27263.000,24620.000,22987.000,21996.000,20788.000,19961.000,19041.000,18118.000
1866.894,36286.000,31257.000,28005.000,25560.000,23866.000,22205.000,21346.000,20425.000,19346.000,18673.000
1868.468,34622.000,29867.000,26907.000,24447.000,22766.000,21522.000,20173.000,19448.000,18549.000,17690.000
1870.042,34739.000,29760.000,26628.000,24478.000,22680.000,21376.000,20244.000,19406.000,18473.000,17750.000
1871.617,36114.000,31296.000,27675.000,25110.000,23563.000,22146.000,21361.000,20203.000,19282.000,18619.000
1873.191,35713.000,30796.000,27416.000,25161.000,23477.000,21942.000,20965.000,20163.000,18996.000,18409.000
1874.766,34797.000,29853.000,26914.000,24358.000,22742.000,21576.000,20480.000,19733.000,18548.000,17906.000
1876.339,35199.000,30157.000,27183.000,24860.000,22951.000,21773.000,20562.000,19789.000,18881.000,18171.000
1877.911,36566.000,31534.000,27987.000,25675.000,23868.000,22558.000,21439.000,20457.000,19514.000,18764.000
1879.485,35308.000,30466.000,27242.000,24805.000,23241.000,21859.000,20707.000,19896.000,18789.000,18201.000
1881.057,34273.000,29593.000,26465.000,24161.000,22578.000,21281.000,20050.000,19215.000,18459.000,17742.000
1882.631,36097.000,31105.000,27960.000,25432.000,23688.000,22335.000,21123.000,20425.000,19357.000,18679.000
1884.202,36400.000,30896.000,27864.000,25503.000,23582.000,22178.000,21168.000,20234.000,19310.000,18401.000
1885.773,35188.000,30167.000,27101.000,24739.000,23165.000,21639.000,20678.000,19792.000,18740.000,17958.000
1887.346,35816.000,30754.000,27488.000,25083.000,23286.000,21747.000,20873.000,20060.000,19028.000,18381.000
1888.917,36356.000,31238.000,28074.000,25735.000,23765.000,22449.000,21380.000,20526.000,19437.000,18785.000
1890.489,35822.000,30679.000,27587.000,25206.000,23396.000,22138.000,21025.000,20057.000,19283.000,18472.000
1892.058,34953.000,30079.000,26825.000,24457.000,23071.000,21582.000,20326.000,19556.000,18570.000,17922.000
1893.628,36100.000,30969.000,27545.000,25370.000,23535.000,22047.000,20855.000,20155.000,19050.000,18400.000
1895.199,36856.000,31843.000,28424.000,25830.000,24021.000,22615.000,21528.000,20792.000,19702.000,18744.000
1896.768,35738.000,30982.000,27565.000,25267.000,23505.000,22209.000,20934.000,19929.000,19086.000,18462.000
1898.339,35303.000,30530.000,27114.000,24827.000,23118.000,21755.000,20811.000,19833.000,18877.000,18035.000
1899.907,36850.000,31562.000,28101.000,25889.000,23765.000,22468.000,21426.000,20504.000,19704.000,18853.000
1901.476,36427.000,31357.000,27980.000,25510.000,23784.000,22427.000,21374.000,20447.000,19513.000,18643.000
1903.045,35472.000,30408.000,27111.000,24854.000,23002.000,21755.000,20762.000,19718.000,18820.000,18124.000
1904.613,35570.000,30490.000,27265.000,24974.000,23323.000,21960.000,20811.000,20057.000,18851.000,18395.000
1906.182,36783.000,31418.000,28098.000,25798.000,23855.000,22436.000,21273.000,20549.000,19414.000,18798.000
1907.749,36658.000,31336.000,28047.000,25828.000,23830.000,22491.000,21427.000,20464.000,19500.000,18605.000
1909.316,34997.000,30295.000,26985.000,24831.000,23174.000,21476.000,20600.000,19602.000,18771.000,18024.000
1910.884,36748.000,31619.000,28182.000,25570.000,23902.000,22561.000,21454.000,20465.000,19462.000,18602.000
1912.450,37524.000,31905.000,28732.000,26388.000,24534.000,23073.000,21837.000,20834.000,19762.000,19143.000
1914.018,35464.000,30258.000,27081.000,24878.000,23092.000,21681.000,20563.000,19889.000,18582.000,17981.000
1915.583,35384.000,30711.000,27297.000,24957.000,23005.000,21937.000,20864.000,19908.000,18838.000,18258.000
1917.149,37030.000,31612.000,28147.000,25865.000,23991.000,22585.000,21437.000,20642.000,19493.000,18794.000
1918.716,36920.000,31749.000,28317.000,26015.000,23934.000,22610.000,21450.000,20551.000,19599.000,18810.000
1920.280,35839.000,30713.000,27334.000,25065.000,23360.000,22024.000,20923.000,19969.000,18983.000,18335.000
1921.846,36188.000,30948.000,27722.000,25240.000,23636.000,22151.000,21134.000,20172.000,19331.000,18447.000
1923.411,37268.000,31981.000,28640.000,26249.000,24382.000,22942.000,21776.000,20748.000,19725.000,19079.000
1924.974,36262.000,30995.000,27661.000,25023.000,23552.000,22070.000,21060.000,20091.000,19257.000,18442.000
1926.540,35727.000,30706.000,27419.000,25027.000,23416.000,21919.000,20866.000,20048.000,19013.000,18530.000
1928.103,36800.000,31712.000,28295.000,25849.000,23988.000,22683.000,21513.000,20495.000,19418.000,18874.000
1929.668,37125.000,31742.000,28389.000,25781.000,23996.000,22556.000,21630.000,20637.000,19637.000,18980.000
1931.230,36177.000,30972.000,27501.000,25468.000,23646.000,22151.000,21108.000,19953.000,19300.000,18403.000
1932.793,36223.000,31077.000,27816.000,25184.000,23675.000,22138.000,21082.000,20222.000,19070.000,18546.000
1934.357,37121.000,31841.000,28385.000,25915.000,24018.000,22706.000,21627.000,20602.000,19739.000,19000.000
1935.919,37125.000,32069.000,28404.000,25891.000,24208.000,22566.000,21672.000,20590.000,19743.000,18921.000
1937.482,35971.000,31014.000,27484.000,25274.000,23467.000,21995.000,21056.000,19994.000,19047.000,18298.000
1939.043,36165.000,30949.000,27703.000,25372.000,23602.000,22192.000,20896.000,20092.000,19318.000,18483.000
1940.606,37631.000,32132.000,28804.000,26073.000,24439.000,23178.000,21930.000,20940.000,19970.000,19256.000
1942.166,36598.000,31560.000,28219.000,25864.000,23966.000,22538.000,21412.000,20526.000,19568.000,18802.000
1943.727,36202.000,31154.000,27786.000,25282.000,23516.000,22043.000,21014.000,20188.000,19164.000,18418.000
1945.289,37150.000,31990.000,28491.000,25936.000,24400.000,22842.000,21597.000,20657.000,19720.000,18953.000
1946.848,37655.000,31995.000,28552.000,26175.000,24500.000,22876.000,21708.000,20779.000,19913.000,19017.000
1948.410,36427.000,31137.000,27848.000,25407.000,23525.000,22246.000,20974.000,20082.000,19192.000,18390.000
1949.969,35851.000,30807.000,27465.000,25114.000,23412.000,21918.000,20848.000,19924.000,18984.000,18335.000
1951.528,37758.000,32435.000,28865.000,26430.000,24614.000,23012.000,21927.000,21067.000,20072.000,19309.000
1953.088,37654.000,32077.000,28793.000,26124.000,24252.000,22785.000,21748.000,20969.000,19752.000,18879.000
1954.647,35827.000,30756.000,27449.000,24999.000,23382.000,21874.000,20854.000,20089.000,19062.000,18172.000
1956.206,37085.000,31924.000,28426.000,25919.000,24043.000,22748.000,21557.000,20669.000,19580.000,18856.000
1957.764,37915.000,32379.000,28748.000,26387.000,24605.000,23231.000,22027.000,20923.000,20017.000,19071.000
1959.322,36717.000,31579.000,28086.000,25793.000,23873.000,22479.000,21349.000,20484.000,19390.000,18626.000
1960.881,36405.000,31287.000,27659.000,25324.000,23754.000,22070.000,21116.000,20300.000,19288.000,18504.000
1962.438,37363.000,32101.000,28587.000,26112.000,24195.000,22843.000,21717.000,20700.000,19795.000,19089.000
1963.996,37651.000,32545.000,28829.000,26237.000,24547.000,23073.000,21929.000,20802.000,19983.000,19256.000
1965.552,36474.000,31511.000,28138.000,25537.000,23678.000,22429.000,21315.000,20468.000,19476.000,18776.000
1967.108,36627.000,31817.000,28503.000,26059.000,24105.000,22599.000,21702.000,20530.000,19598.000,18907.000
1968.666,38129.000,32565.000,29081.000,26572.000,24659.000,23300.000,22184.000,21121.000,20132.000,19480.000
1970.221,37565.000,32094.000,28656.000,26262.000,24280.000,22890.000,21782.000,20915.000,19876.000,19000.000
1971.778,36214.000,31381.000,28115.000,25756.000,23659.000,22188.000,21096.000,20444.000,19434.000,18795.000
1973.333,37220.000,31805.000,28387.000,26002.000,24194.000,22871.000,21867.000,20721.000,19635.000,19085.000
1974.888,37742.000,32740.000,28963.000,26425.000,24771.000,23128.000,21939.000,21189.000,20127.000,19350.000
1976.444,37573.000,32265.000,28615.000,26186.000,24277.000,22727.000,21827.000,20892.000,19777.000,19284.000
1977.998,36675.000,31577.000,28129.000,25788.000,23955.000,22543.000,21421.000,20557.000,19614.000,19076.000
1979.553,37497.000,32037.000,28595.000,26326.000,24492.000,23000.000,21944.000,21016.000,19944.000,19129.000
1981.107,38354.000,32886.000,29378.000,26831.000,25009.000,23399.000,22372.000,21272.000,20351.000,19595.000
1982.660,36374.000,31780.000,28226.000,25625.000,23902.000,22536.000,21564.000,20461.000,19587.000,18814.000
1984.215,36873.000,31670.000,28195.000,25730.000,23859.000,22467.000,21547.000,20449.000,19719.000,18864.000
1985.767,38275.000,32789.000,29170.000,26768.000,24791.000,23300.000,22226.000,21440.000,20438.000,19725.000
1987.321,37549.000,32422.000,28851.000,26357.000,24614.000,23029.000,21915.000,20900.000,20093.000,19392.000
1988.873,36639.000,31411.000,28138.000,25696.000,24169.000,22708.000,21634.000,20615.000,19696.000,18921.000
1990.425,37161.000,32044.000,28542.000,26071.000,24423.000,22976.000,21874.000,20835.000,19950.000,19135.000
1991.978,38337.000,33124.000,29407.000,26957.000,24981.000,23740.000,22561.000,21579.000,20352.000,19711.000
1993.529,37399.000,32192.000,28652.000,26278.000,24482.000,22932.000,21973.000,20984.000,20043.000,19336.000
1995.082,36419.000,31229.000,27786.000,25485.000,23819.000,22424.000,21268.000,20425.000,19481.000,18681.000
1996.633,37779.000,32668.000,28895.000,26729.000,24719.000,23190.000,22277.000,21244.000,20259.000,19357.000
1998.183,38113.000,32565.000,29270.000,26619.000,24907.000,23465.000,22310.000,21336.000,20319.000,19566.000
1999.735,37116.000,31834.000,28339.000,25954.000,24273.000,22836.000,21820.000,20743.000,19770.000,19063.000
2001.284,37485.000,32301.000,28595.000,26399.000,24652.000,23170.000,22118.000,21020.000,20082.000,19397.000
2002.836,38271.000,32789.000,29207.000,26811.000,24866.000,23559.000,22388.000,21550.000,20353.000,19722.000
2004.385,37789.000,32288.000,29006.000,26841.000,24764.000,23175.000,22233.000,21114.000,20202.000,19433.000
2005.934,36744.000,31913.000,28315.000,25902.000,24113.000,22762.000,21835.000,20745.000,19718.000,19104.000
2007.484,37599.000,32230.000,28911.000,26358.000,24496.000,23214.000,21992.000,21179.000,20137.000,19360.000
2009.032,38486.000,33112.000,29371.000,26934.000,25136.000,23761.000,22611.000,21850.000,20856.000,19978.000
2010.582,38071.000,32682.000,29129.000,26882.000,25074.000,23406.000,22302.000,21448.000,20427.000,19605.000
2012.130,37488.000,31991.000,28742.000,26488.000,24465.000,22951.000,21840.000,21084.000,20114.000,19304.000
2013.677,38129.000,33121.000,29577.000,26950.000,25207.000,23755.000,22516.000,21454.000,20570.000,19756.000
2015.226,38835.000,33243.000,29700.000,27492.000,25468.000,24007.000,22787.000,21858.000,20677.000,19974.000
2016.773,38015.000,32567.000,29114.000,26750.000,24905.000,23425.000,22293.000,21387.000,20250.000,19552.000
2018.321,37580.000,32206.000,28936.000,26422.000,24824.000,23412.000,22152.000,21352.000,20341.000,19468.000
2019.868,38372.000,32651.000,29648.000,26962.000,25075.000,23710.000,22675.000,21630.000,20588.000,19970.000
2021.414,38413.000,33259.000,29698.000,27196.000,25415.000,24055.000,22625.000,21692.000,20798.000,19970.000
2022.961,37747.000,32340.000,29192.000,26730.000,24886.000,23484.000,22263.000,21373.000,20314.000,19655.000
2024.506,38013.000,32734.000,29501.000,26889.000,25182.000,23595.000,22789.000,21563.000,20510.000,19939.000
2026.053,39292.000,33879.000,30558.000,27767.000,26006.000,24509.000,23249.000,22292.000,21248.000,20516.000
2027.598,38034.000,33083.000,29541.000,27274.000,25116.000,23682.000,22622.000,21666.000,20629.000,20037.000
